가구ID,연령그룹,총소득,순자산,부동산편중도,D_Value,LTI,이상치_플래그,페르소나_후보,자산분위_내부,소득분위_내부,고령층유형
10000162,후기고령자(75+),1534,5700,0.0,0.5606258144976364,0.13402083320042216,False,일반,1,2,C유형_기타일반가구
10000352,전기고령자(65-74),578,32050,0.8736349453978159,1.4532871947174961,0.668943002138898,False,일반,3,1,C유형_기타일반가구
10000362,후기고령자(75+),1576,6300,0.0,0.6598984767386431,0.14179166652515998,False,일반,1,2,A유형_구조적취약층
10100182,전기고령자(65-74),1447,104070,0.912847122129336,0.34899792650380235,0.6922473518993557,False,일반,5,2,C유형_기타일반가구
10100382,전기고령자(65-74),2454,16660,0.0,0.4686226566957528,0.14922370717395486,False,일반,1,3,C유형_기타일반가구
10101182,전기고령자(65-74),5760,219288,0.5901365485183033,0.368055555491657,0.5777124837512871,False,일반,5,5,D유형_여유자산가층
10200172,후기고령자(75+),1103,36333,0.9815949791103012,0.3263825926324727,0.7274705804325101,False,자산부유-현금빈곤,4,1,B유형_자산소득불일치
10200312,전기고령자(65-74),6022,96100,0.501432664756447,0.24908668212403076,0.5414538040207568,False,일반,4,5,D유형_여유자산가층
10200362,후기고령자(75+),2712,141250,0.9983361064891847,0.5328171089480763,0.7348798943697217,False,일반,5,3,D유형_여유자산가층
10301132,전기고령자(65-74),1066,35810,0.8377548170901983,0.7504690424479652,0.670142073424536,False,일반,3,1,C유형_기타일반가구
10301172,후기고령자(75+),3268,232792,0.2931421488157057,0.5507955934667088,0.4851495261049328,False,일반,4,3,D유형_여유자산가층
10900161,후기고령자(75+),12480,144700,0.967519004837595,0.04807692307307076,0.6665511746306662,False,일반,5,5,D유형_여유자산가층
10900331,전기고령자(65-74),1388,14900,0.8389261744966443,0.4827089333698062,0.6662637414555445,False,일반,3,2,C유형_기타일반가구
11000162,후기고령자(75+),940,86100,0.6968641114982579,0.8936170203259394,0.6215880132496703,False,자산부유-현금빈곤,4,1,B유형_자산소득불일치
11000192,전기고령자(65-74),9451,395475,0.2363177399430689,0.205269283651966,0.4425537296280958,False,일반,5,5,D유형_여유자산가층
11000342,전기고령자(65-74),3242,84940,0.49446668236402164,0.3300431831184321,0.46658734470044216,False,일반,4,3,D유형_여유자산가층
11000352,전기고령자(65-74),16743,287180,0.0,0.1791793585271947,0.15474687816432536,False,일반,1,5,C유형_기타일반가구
11000362,후기고령자(75+),1297,1642,0.0,0.5134926750088722,0.13648958319778196,False,일반,1,2,C유형_기타일반가구
11000392,전기고령자(65-74),6288,87755,0.9686057774485785,0.2067430025116503,0.7151877104638789,False,일반,5,5,D유형_여유자산가층
11100162,후기고령자(75+),2369,83448,0.995943792553962,0.6753904598246558,0.7352309565985549,False,일반,5,3,D유형_여유자산가층
11100182,후기고령자(75+),3515,90850,0.8805723720418271,0.22759601700495136,0.6600389809560007,False,일반,5,4,D유형_여유자산가층
11100332,후기고령자(75+),10868,68771,0.7568972259716669,0.24843577472870484,0.5903643916153104,False,일반,4,5,D유형_여유자산가층
11200142,후기고령자(75+),1100,670,0.0,0.2045454543595041,0.1385416665289207,False,일반,1,1,A유형_구조적취약층
11200152,후기고령자(75+),1005,150,0.0,0.30845771113586296,0.13953124986119575,False,일반,1,1,A유형_구조적취약층
11200322,후기고령자(75+),1855,75300,0.9163346613545816,0.38814016151582736,0.6804808452719984,False,일반,4,2,C유형_기타일반가구
11900151,후기고령자(75+),626,8136,0.0,0.3354632582500587,0.1803528001513613,False,일반,1,1,A유형_구조적취약층
11900171,전기고령자(65-74),18910,60020,0.9164121077478479,0.07096774193173094,0.606567601146853,False,일반,4,5,D유형_여유자산가층
11900371,전기고령자(65-74),13574,323145,0.4418778283990309,0.09577132753088467,0.48564767707862966,False,일반,5,5,D유형_여유자산가층
11900391,후기고령자(75+),1812,33400,0.9880239520958084,0.8609271518427554,0.7239425683691765,False,일반,4,2,C유형_기타일반가구
12000182,후기고령자(75+),6341,-2530,0.0,0.17662829203964228,0.1367895831967272,False,일반,1,5,C유형_기타일반가구
12000322,전기고령자(65-74),1354,86272,0.9968471810089021,0.5317577544078598,0.7410594509227435,False,자산부유-현금빈곤,5,2,B유형_자산소득불일치
12000332,전기고령자(65-74),1069,38310,0.8874967371443487,0.5425631426168726,0.6721485929102446,False,자산부유-현금빈곤,4,1,B유형_자산소득불일치
12000352,전기고령자(65-74),4339,134380,0.0,0.5070292693000623,0.2592550129007667,False,일반,1,4,C유형_기타일반가구
12000372,후기고령자(75+),1790,14795,0.9436929852154765,0.3486033517605568,0.707996917509365,False,일반,3,2,C유형_기타일반가구
12100112,후기고령자(75+),1014,4025,0.0,0.49901380621399033,0.139437499861296,False,일반,1,1,A유형_구조적취약층
12100332,후기고령자(75+),2769,45480,0.7475813544415127,0.46948356790556756,0.5868778531380143,False,일반,4,3,D유형_여유자산가층
12100392,후기고령자(75+),8639,219000,0.3129251700680272,0.20372728322679393,0.4765826336608139,False,일반,4,5,D유형_여유자산가층
12200342,전기고령자(65-74),13589,46940,0.8521516829995739,0.10302450510684932,0.6141097394796362,False,일반,4,5,D유형_여유자산가층
12200372,후기고령자(75+),1127,62070,0.7088770742709843,0.594498668505325,0.6419584767853275,False,자산부유-현금빈곤,4,1,B유형_자산소득불일치
12300112,후기고령자(75+),1044,600,0.0,0.507662834762775,0.13912499986163018,False,일반,1,1,A유형_구조적취약층
12300132,전기고령자(65-74),5338,56350,0.9760425909494232,0.18546272008515122,0.7080484603178734,False,일반,4,4,D유형_여유자산가층
12300152,후기고령자(75+),677,5100,0.0,0.5169867052924864,0.14294791652420846,False,일반,1,1,A유형_구조적취약층
12900181,후기고령자(75+),1220,14100,0.0,0.3524590161045418,0.1372916665302575,False,일반,1,2,A유형_구조적취약층
13000302,전기고령자(65-74),2408,13100,0.6870229007633588,0.16445182717423099,0.5496742968576489,False,일반,3,3,C유형_기타일반가구
13000342,후기고령자(75+),1381,15997,0.9376758142151653,0.926864590205022,0.7147458094855271,False,일반,3,2,C유형_기타일반가구
13100102,전기고령자(65-74),680,24012,0.9578544061302682,0.6911764695717993,0.7223546320324428,False,일반,3,1,C유형_기타일반가구
13100152,후기고령자(75+),4356,314650,0.29836683417085424,0.3443526170008373,0.39772922126023236,False,일반,5,4,D유형_여유자산가층
13200182,전기고령자(65-74),8834,172392,0.6380806533945891,0.2037582069047138,0.5150836440948714,False,일반,5,5,D유형_여유자산가층
13200192,전기고령자(65-74),4959,152220,0.6557377049180327,0.2722323048452849,0.5311044601971934,False,일반,5,4,D유형_여유자산가층
13200322,전기고령자(65-74),1303,262,0.0,0.2302379123328949,0.1364270831978488,False,일반,1,2,C유형_기타일반가구
13200352,전기고령자(65-74),12129,169000,0.45614035087719296,0.17313875833348677,0.39487098136910065,False,일반,5,5,D유형_여유자산가층
13200382,전기고령자(65-74),4466,74242,0.7677792959854252,0.14778325119843633,0.6386335499523705,False,일반,4,4,D유형_여유자산가층
13200392,전기고령자(65-74),4382,1900,0.0,0.11410314922088015,0.1271770832069487,False,일반,1,4,C유형_기타일반가구
13300102,후기고령자(75+),867,60150,0.9975062344139651,0.5536332173545176,0.7396835349229451,False,자산부유-현금빈곤,4,1,B유형_자산소득불일치
13300142,전기고령자(65-74),4125,98000,0.85,0.2739393938729844,0.6710187961482597,False,일반,5,4,D유형_여유자산가층
13300162,후기고령자(75+),1388,100,0.0,0.5043227662072602,0.1427708331908135,False,일반,1,2,A유형_구조적취약층
13300382,후기고령자(75+),623,16600,0.963855421686747,0.5714285705113507,0.7218267885678944,False,일반,3,1,C유형_기타일반가구
13900101,후기고령자(75+),3703,69510,0.9644022124521344,0.3132595192240725,0.7105280517564942,False,일반,4,4,D유형_여유자산가층
13900131,후기고령자(75+),681,44600,0.9453781512605042,1.0132158575430017,0.7101361998537559,False,자산부유-현금빈곤,4,1,B유형_자산소득불일치
13900181,전기고령자(65-74),4854,45242,0.0,0.40173053143763277,0.12471874987615907,False,일반,1,4,C유형_기타일반가구
13900301,후기고령자(75+),1575,16311,0.0,0.2793650791877047,0.13359374986754557,False,일반,1,2,C유형_기타일반가구
14000182,전기고령자(65-74),6687,18720,0.0,0.23328847013110685,0.14188162232150195,False,일반,1,5,C유형_기타일반가구
14000372,후기고령자(75+),3536,128805,0.0,0.13122171941990338,0.3629825406464383,False,일반,1,4,C유형_기타일반가구
14100122,전기고령자(65-74),1749,116848,0.9101389478793762,0.6632361345550394,0.6869769387929991,False,자산부유-현금빈곤,5,2,B유형_자산소득불일치
14100142,전기고령자(65-74),3712,17500,0.7142857142857143,0.2586206895855009,0.5656848509714043,False,일반,3,4,C유형_기타일반가구
14100162,전기고령자(65-74),2827,30038,0.0,0.24761230978153084,0.3369676268401277,False,일반,1,3,C유형_기타일반가구
14200142,후기고령자(75+),5272,43350,0.9919261822376009,0.242792109210396,0.7177005857567456,False,일반,4,4,D유형_여유자산가층
14200172,후기고령자(75+),17,111780,0.9482912864555376,134.11763916955064,0.7188892987235083,False,자산부유-현금빈곤,5,1,B유형_자산소득불일치
14200322,후기고령자(75+),3977,77972,0.56623716529092,0.5431229568661999,0.5699946057698686,False,일반,4,4,D유형_여유자산가층
14300182,후기고령자(75+),2117,10030,0.0,0.19603212083323945,0.12794791654025015,False,일반,1,3,C유형_기타일반가구
14300362,후기고령자(75+),2986,69380,0.4324012683770539,0.341594105712795,0.523251797364886,False,일반,3,3,C유형_기타일반가구
14300372,전기고령자(65-74),6702,20400,0.7662835249042146,0.12533572066169266,0.5892343465877614,False,일반,3,5,C유형_기타일반가구
14900151,후기고령자(75+),1546,464,0.0,0.3557567914904548,0.14194791652499833,False,일반,1,2,A유형_구조적취약층
14900171,후기고령자(75+),2438,25454,0.8632867681682624,0.2871205905303033,0.6552769376899135,False,일반,3,3,C유형_기타일반가구
14900321,전기고령자(65-74),7948,36340,0.825536598789213,0.1585304478914783,0.6121842701113321,False,일반,3,5,C유형_기타일반가구
15000162,전기고령자(65-74),730,100,0.0,0.701369862052918,0.14239583319146557,False,일반,1,1,A유형_구조적취약층
15000302,후기고령자(75+),4561,42470,0.9418412997409936,0.2707739530210976,0.7046724364926136,False,일반,4,4,D유형_여유자산가층
15000322,전기고령자(65-74),3673,10516,0.0,0.1225156547447548,0.11173958322425072,False,일반,1,4,C유형_기타일반가구
15000342,후기고령자(75+),1776,138000,0.18779342723004694,0.6531531527853867,0.4562461905635044,False,자산부유-현금빈곤,4,2,B유형_자산소득불일치
15000372,전기고령자(65-74),10123,36292,0.5495713343591998,0.11162698803599456,0.5091707409967318,False,일반,3,5,C유형_기타일반가구
15100112,후기고령자(75+),548,1240,0.0,0.45620437872955405,0.1442916665227714,False,일반,1,1,A유형_구조적취약층
15100122,후기고령자(75+),739,182,0.0,0.32611637303637836,0.14230208319156581,False,일반,1,1,A유형_구조적취약층
15300162,전기고령자(65-74),763,1607,0.0,0.44560943585110163,0.1887235024816804,False,일반,1,1,A유형_구조적취약층
15300302,후기고령자(75+),3515,98135,0.8916288785856219,0.6253200567211038,0.6666729206610879,False,일반,5,4,D유형_여유자산가층
15900131,전기고령자(65-74),1056,1070,0.0,0.46780302986003497,0.13899999986176387,False,일반,1,1,A유형_구조적취약층
15900191,전기고령자(65-74),1248,79750,0.7854984894259819,0.5769230764607988,0.6648022825814336,False,자산부유-현금빈곤,4,2,B유형_자산소득불일치
15900311,후기고령자(75+),3954,3185,0.9389671361502347,0.30349013649380624,0.7021793629565539,False,일반,2,4,C유형_기타일반가구
15900391,전기고령자(65-74),4882,34186,0.8775522143567542,0.29086439977655376,0.6565918572460542,False,일반,3,4,C유형_기타일반가구
16000132,전기고령자(65-74),7472,45376,0.4734848484848485,0.08163811562076577,0.5374110335114205,False,일반,3,5,C유형_기타일반가구
16000162,후기고령자(75+),11394,171800,0.7275711159737418,0.22819027556361327,0.618824439678945,False,일반,5,5,D유형_여유자산가층
16000352,전기고령자(65-74),5472,76600,0.9138381201044387,0.2923976607652782,0.6698058291186068,False,일반,4,4,D유형_여유자산가층
16000362,후기고령자(75+),7326,336450,0.0,0.3439803439333906,0.3526777319202796,False,일반,1,5,C유형_기타일반가구
16000382,전기고령자(65-74),16327,216500,0.45045045045045046,0.18374471732812245,0.48361072470503097,False,일반,5,5,D유형_여유자산가층
16100192,전기고령자(65-74),1444,1220,0.0,0.4653739608965554,0.13495833319941955,False,일반,1,2,C유형_기타일반가구
16100312,전기고령자(65-74),3516,88500,0.0903954802259887,0.4607508531112768,0.4119167062829986,False,일반,3,4,C유형_기타일반가구
16100352,후기고령자(75+),722,30,0.0,0.6648199436775347,0.14247916652470977,False,일반,1,1,A유형_구조적취약층
16200152,전기고령자(65-74),9990,105450,0.9341429238673518,0.06606606605945284,0.6677990772609478,False,일반,5,5,D유형_여유자산가층
16200192,전기고령자(65-74),6992,95817,0.9353856387124936,0.21453089241783024,0.6748177433526475,False,일반,5,5,D유형_여유자산가층
16300152,후기고령자(75+),1643,490400,0.0,0.42604990844427876,0.36242942717400206,False,일반,1,2,A유형_구조적취약층
16300312,후기고령자(75+),2748,16626,0.9623481294358234,0.4716157203523961,0.7130994916809511,False,일반,3,3,C유형_기타일반가구
16300322,후기고령자(75+),5163,17670,0.9900990099009901,0.2440441603246089,0.7171719847748028,False,일반,3,4,C유형_기타일반가구
16300382,전기고령자(65-74),1540,320,0.0,0.07142857138218923,0.13395833320048897,False,일반,1,2,C유형_기타일반가구
16900121,전기고령자(65-74),1229,200,0.0,0.3824247352461963,0.1371979165303578,False,일반,1,2,A유형_구조적취약층
16900151,전기고령자(65-74),5616,142740,0.7005744710662744,0.2537393161941347,0.5699960205719286,False,일반,5,5,D유형_여유자산가층
16900161,전기고령자(65-74),6679,8394,0.0,0.16469531364505235,0.26031090148281333,False,일반,1,5,C유형_기타일반가구
17000122,전기고령자(65-74),1139,132,0.0,0.34767339741205144,0.13813541652935518,False,일반,1,2,A유형_구조적취약층
17000192,후기고령자(75+),1715,162350,0.9374138406396471,0.43381924172955144,0.695000324669822,False,일반,5,2,C유형_기타일반가구
17000302,후기고령자(75+),3424,7720,0.3626943005181347,0.21028037377036204,0.35140361246626584,False,일반,2,4,C유형_기타일반가구
17000342,후기고령자(75+),1171,83506,0.2011038366143052,0.7173356099766561,0.4642738614639575,False,일반,3,2,C유형_기타일반가구
17100112,후기고령자(75+),5864,72752,0.9621728612271827,0.11255115959881459,0.7069457190835113,False,일반,4,5,D유형_여유자산가층
17100142,후기고령자(75+),2193,30252,0.9916699722332408,0.39215686256627597,0.7335833172417751,False,일반,3,3,C유형_기타일반가구
17200132,후기고령자(75+),-865,181220,0.8525549056395542,,0.6615357020979528,True,자산부유-현금빈곤,5,1,B유형_자산소득불일치
17200142,전기고령자(65-74),3327,99410,0.9556382657680313,0.28854824157242315,0.7073153618170601,False,일반,5,4,D유형_여유자산가층
17200322,후기고령자(75+),699,12010,0.0,0.40057224549274356,0.14271874985778688,False,일반,1,1,A유형_구조적취약층
17900111,전기고령자(65-74),6166,93850,0.0,0.1702886798296645,0.36162858217194493,False,일반,1,5,C유형_기타일반가구
17900151,전기고령자(65-74),8150,116940,0.9281220996184387,0.2306748465974632,0.6912105884792531,False,일반,5,5,D유형_여유자산가층
17900161,전기고령자(65-74),845,340,0.0,0.36686390489128534,0.14119791652608,False,일반,1,1,A유형_구조적취약층
17900311,전기고령자(65-74),4712,-400,0.0,0.10823429539298932,0.13772916652915052,False,일반,1,4,C유형_기타일반가구
18000142,전기고령자(65-74),4532,149568,0.6113665264599433,0.18534863190967593,0.49810872298315234,False,일반,5,4,D유형_여유자산가층
18000322,전기고령자(65-74),785,1205,0.0,0.9299363045478518,0.1418229165254116,False,일반,1,1,A유형_구조적취약층
18000342,전기고령자(65-74),1148,27730,0.6130544536602958,0.2961672471287741,0.5752966225013242,False,일반,3,2,C유형_기타일반가구
18100342,전기고령자(65-74),2825,72360,0.20729684908789386,0.46725663700274106,0.44201815202547456,False,일반,3,3,C유형_기타일반가구
18100382,전기고령자(65-74),3421,66240,0.2717391304347826,0.0496930721865849,0.4310979730535391,False,일반,3,4,C유형_기타일반가구
18200112,후기고령자(75+),20511,89300,0.8958566629339306,0.1511384135268325,0.6447856466422145,False,일반,5,5,D유형_여유자산가층
18300132,전기고령자(65-74),1808,6900,0.0,0.14380530965497493,0.13116666653680786,False,일반,1,2,C유형_기타일반가구
18300302,전기고령자(65-74),3557,44653,0.9724770642201835,0.5735170085539734,0.7163395082682649,False,일반,4,4,D유형_여유자산가층
18300362,전기고령자(65-74),2284,7500,0.0,0.201401050699912,0.17934181370356492,False,일반,1,3,C유형_기타일반가구
18300372,전기고령자(65-74),18821,100500,0.0,0.11689070718256783,0.084649305472419,False,일반,1,5,C유형_기타일반가구
18900131,후기고령자(75+),1173,5618,0.0,0.44330775750783646,0.13778124986306728,False,일반,1,2,A유형_구조적취약층
18900141,후기고령자(75+),408,50,0.0,0.931372546736832,0.14574999985454512,False,일반,1,1,A유형_구조적취약층
18900311,전기고령자(65-74),2012,2600,0.0,0.307157057501413,0.23481226638352007,False,일반,1,3,C유형_기타일반가구
18900321,전기고령자(65-74),1468,32376,0.6486286137879911,0.15667574921207372,0.5716871534004688,False,일반,3,2,C유형_기타일반가구
19000142,후기고령자(75+),3580,343400,0.6928406466512702,0.5921787707843076,0.6059530138116439,False,일반,5,4,D유형_여유자산가층
19100112,전기고령자(65-74),5346,514700,0.5140444281255737,0.6359895247594483,0.5339455555978357,False,일반,5,4,D유형_여유자산가층
19200112,전기고령자(65-74),8228,426500,0.984759671746776,0.18230432666719684,0.6982979099833524,False,일반,5,5,D유형_여유자산가층
19200162,전기고령자(65-74),1172,1420,0.0,1.3310580193421004,0.13779166652972277,False,일반,1,2,A유형_구조적취약층
19300302,전기고령자(65-74),7625,17050,0.6387225548902196,0.21770491800423541,0.5134823962654266,False,일반,3,5,C유형_기타일반가구
19300312,전기고령자(65-74),1521,-790,0.0,0.236686390376932,0.134156249866944,False,일반,1,2,C유형_기타일반가구
19300322,후기고령자(75+),763,9692,0.9983361064891847,0.43774573992431753,0.7410569776969395,False,일반,3,1,C유형_기타일반가구
30000272,후기고령자(75+),1697,410,0.0,0.35356511470031515,0.14116145819247874,False,일반,1,2,A유형_구조적취약층
30200262,후기고령자(75+),4216,25100,0.8366533864541833,0.23719165079763005,0.6310324346475352,False,일반,3,4,C유형_기타일반가구
30900221,전기고령자(65-74),2889,7680,0.0,0.37383177557153624,0.13495312486556932,False,일반,1,3,C유형_기타일반가구
31100252,후기고령자(75+),540,1005,0.0,0.555555554526749,0.1443749998560156,False,일반,1,1,A유형_구조적취약층
31200202,후기고령자(75+),734,14050,0.99644128113879,0.7970027237098055,0.7402221596880659,False,일반,3,1,C유형_기타일반가구
31300242,후기고령자(75+),1651,95000,0.7368421052631579,1.7565112042661954,0.5835086891015261,False,자산부유-현금빈곤,4,2,B유형_자산소득불일치
31900271,후기고령자(75+),1243,550,0.0,0.12469831043869804,0.1370520831971804,False,일반,1,2,A유형_구조적취약층
32000232,전기고령자(65-74),2523,9486,0.9196811771919068,0.2536662702125778,0.688671057263304,False,일반,3,3,C유형_기타일반가구
32000292,전기고령자(65-74),1171,-20970,0.0,0.2818104182051149,0.1774851365290685,False,일반,1,2,A유형_구조적취약층
32100292,후기고령자(75+),469,1650,0.0,0.5117270778001555,0.145114583188558,False,일반,1,1,A유형_구조적취약층
32900221,전기고령자(65-74),3853,10809,0.0,0.17908123535450787,0.32069631811068133,False,일반,1,4,C유형_기타일반가구
32900251,전기고령자(65-74),2364,41755,0.9100706502215303,0.42301184415270227,0.6923275399496368,False,일반,4,3,D유형_여유자산가층
33100202,전기고령자(65-74),10066,92400,0.0,0.31591496122432794,0.2560655341079681,False,일반,1,5,C유형_기타일반가구
33100212,전기고령자(65-74),2426,1331,0.0,0.16075845005739553,0.13736458319640749,False,일반,1,3,C유형_기타일반가구
33100222,전기고령자(65-74),1103,12170,0.6984387838948234,0.8268359013355975,0.5692852193624176,False,일반,3,1,C유형_기타일반가구
33100242,후기고령자(75+),1728,17900,0.3342618384401114,0.3761574071897237,0.4836743467512404,False,일반,3,2,C유형_기타일반가구
33200202,후기고령자(75+),948,3200,0.0,0.24261603349935018,0.14012499986056076,False,일반,1,1,A유형_구조적취약층
33200212,전기고령자(65-74),6068,24370,0.24620434961017645,0.1120632827765222,0.2661192396984185,False,일반,2,5,C유형_기타일반가구
33300262,전기고령자(65-74),10321,25230,0.8756567425569177,0.18602848559383503,0.654154541437659,False,일반,3,5,C유형_기타일반가구
110000142,전기고령자(65-74),1993,7414,0.0,0.31610637214445236,0.14636387666352674,False,일반,1,3,A유형_구조적취약층
110000152,전기고령자(65-74),1777,46800,0.0,0.5289814290776694,0.322696647062363,False,일반,1,2,C유형_기타일반가구
110000362,전기고령자(65-74),848,8350,0.0,0.4363207542024519,0.14558333318790334,False,일반,1,1,A유형_구조적취약층
110100162,전기고령자(65-74),1044,57300,0.0,1.2068965505681066,0.14543511149959118,False,일반,1,1,A유형_구조적취약층
110100342,후기고령자(75+),2559,50,0.0,0.21101992957756158,0.13667187486379087,False,일반,1,3,C유형_기타일반가구
110100362,후기고령자(75+),5146,122900,0.0,0.4178002331096385,0.3704792882399018,False,일반,1,4,C유형_기타일반가구
110200162,후기고령자(75+),1745,670,0.0,0.4011461315752744,0.14091145819273743,False,일반,1,2,A유형_구조적취약층
110200172,전기고령자(65-74),6683,27350,0.0,0.16160407000424898,0.13023397282034682,False,일반,1,5,C유형_기타일반가구
110200392,전기고령자(65-74),6192,12495,0.0,0.10012919895023753,0.08549999991897915,False,일반,1,5,C유형_기타일반가구
110201112,후기고령자(75+),5620,127030,0.9726491071081197,0.21530249106489277,0.7149832981127862,False,일반,5,5,D유형_여유자산가층
110201182,후기고령자(75+),3132,122800,0.8957654723127035,0.42145593856275354,0.6717604390391353,False,일반,5,3,D유형_여유자산가층
110300122,후기고령자(75+),9109,35400,0.9933774834437086,0.12075968820718413,0.714401232291875,False,일반,4,5,D유형_여유자산가층
110300182,후기고령자(75+),1769,29200,0.970873786407767,0.4409270771956319,0.72392067575203,False,자산부유-현금빈곤,4,2,B유형_자산소득불일치
110300362,전기고령자(65-74),8662,108900,0.7346189164370982,0.11082890786067548,0.5456591436494437,False,일반,5,5,D유형_여유자산가층
110301172,전기고령자(65-74),5461,72986,0.8236650742475231,0.31862296276897584,0.6252018554420724,False,일반,4,4,D유형_여유자산가층
110301182,후기고령자(75+),5920,64900,0.9244992295839753,0.25337837833557797,0.700073455924376,False,일반,4,5,D유형_여유자산가층
110900321,전기고령자(65-74),1112,350,0.0,0.4496402873654313,0.13841666652905438,False,일반,1,1,A유형_구조적취약층
110900331,전기고령자(65-74),1458,4010,0.0,0.274348422308403,0.13481249986624216,False,일반,1,2,C유형_기타일반가구
110901101,후기고령자(75+),1915,87500,0.9569377990430622,0.5117493469912536,0.7141918175996647,False,일반,5,3,D유형_여유자산가층
111000112,후기고령자(75+),962,580,0.0,0.34303534267875746,0.13997916652738338,False,일반,1,1,A유형_구조적취약층
111000172,후기고령자(75+),1000,104900,0.9844134536505332,0.81999999918,0.7358531018519407,False,자산부유-현금빈곤,5,1,B유형_자산소득불일치
111000362,후기고령자(75+),2502,2205,0.0,0.23980815338137165,0.18696939706267335,False,일반,1,3,C유형_기타일반가구
111100142,전기고령자(65-74),6647,107930,0.60153232444754,0.5265533322511579,0.5908076631412631,False,일반,5,5,D유형_여유자산가층
111100352,전기고령자(65-74),5287,444000,0.65439672801636,1.1348590881152147,0.5861323800025545,False,일반,5,4,D유형_여유자산가층
111200142,전기고령자(65-74),1089,-1470,0.0,0.12396694203492474,0.13865624986213151,False,일반,1,1,A유형_구조적취약층
111200152,전기고령자(65-74),5049,139450,0.16932467021067138,0.21786492370412655,0.40593477660116273,False,일반,4,4,D유형_여유자산가층
111200332,전기고령자(65-74),11186,120420,0.9134695233349942,0.17879492220822502,0.640239472022503,False,일반,5,5,D유형_여유자산가층
111300132,전기고령자(65-74),4106,67430,0.0,0.3214807597853188,0.36120011336882774,False,일반,1,4,C유형_기타일반가구
111300162,후기고령자(75+),4013,8100,0.0,0.32394717161127656,0.1290989582049601,False,일반,1,4,C유형_기타일반가구
111300332,전기고령자(65-74),4697,246023,0.6772287798329236,0.4236746858795668,0.6124472668253205,False,일반,5,4,D유형_여유자산가층
111301102,후기고령자(75+),6430,191500,0.611189468735308,0.33592534986999606,0.5891248639258757,False,일반,5,5,D유형_여유자산가층
111900161,후기고령자(75+),689,34500,0.8695652173913043,0.49346879463937765,0.664564860868645,False,일반,3,1,C유형_기타일반가구
112000332,전기고령자(65-74),1830,19790,0.0,0.26775956269521334,0.1974947370431432,False,일반,1,2,C유형_기타일반가구
112000362,전기고령자(65-74),6897,161800,0.5174353205849269,0.1739886907098755,0.49681414312012184,False,일반,5,5,D유형_여유자산가층
112100192,전기고령자(65-74),581,28048,0.9982886480319453,0.9122203082405846,0.7459503774636518,False,일반,3,1,C유형_기타일반가구
112200112,전기고령자(65-74),504,4796,0.0,0.8928571410856009,0.14474999985561457,False,일반,1,1,A유형_구조적취약층
112200122,후기고령자(75+),1871,2680,0.0,0.36344200942627364,0.13051041653750967,False,일반,1,2,C유형_기타일반가구
112200152,전기고령자(65-74),1753,16300,0.7361963190184049,0.4107244720988451,0.5825899652654623,False,일반,3,2,C유형_기타일반가구
112200332,전기고령자(65-74),2620,31800,0.9146341463414634,0.19847328236699494,0.6920713154401881,False,일반,3,3,C유형_기타일반가구
112300102,후기고령자(75+),334,60100,0.9983361064891847,0.7634730516063681,0.7455257276921604,False,자산부유-현금빈곤,4,1,B유형_자산소득불일치
112300122,후기고령자(75+),984,17410,0.80413555427915,1.459349592012856,0.6273589346021884,False,일반,3,1,C유형_기타일반가구
112300172,후기고령자(75+),925,6100,0.9836065573770492,0.33513513477282686,0.7305317005667017,False,일반,2,1,A유형_구조적취약층
112300302,전기고령자(65-74),4617,57500,0.7317073170731707,0.2209226770151781,0.587337895895945,False,일반,4,4,D유형_여유자산가층
112900101,전기고령자(65-74),4927,163550,0.44730220855465475,0.33285975231726,0.5232094443103291,False,일반,5,4,D유형_여유자산가층
112900301,전기고령자(65-74),9181,41922,0.8047337278106509,0.11545583268538766,0.614851222864064,False,일반,4,5,D유형_여유자산가층
113000112,전기고령자(65-74),4813,62220,0.9161041465766635,0.09972989817167464,0.6784952550701702,False,일반,4,4,D유형_여유자산가층
113000132,전기고령자(65-74),1775,93700,0.4726890756302521,0.2816901406863717,0.5464296121206322,False,일반,4,2,C유형_기타일반가구
113000192,전기고령자(65-74),15505,125950,0.6012658227848101,0.19413092549538014,0.486206824709061,False,일반,5,5,D유형_여유자산가층
113000332,전기고령자(65-74),6365,28300,0.9900990099009901,0.21995286720817708,0.7219619153251463,False,일반,3,5,C유형_기타일반가구
113100102,전기고령자(65-74),4578,73030,0.8264462809917356,0.33857579721743647,0.6594909301654671,False,일반,4,4,D유형_여유자산가층
113100112,전기고령자(65-74),4241,59470,0.9416512527324702,0.35369016732994807,0.6931154497577763,False,일반,4,4,D유형_여유자산가층
113100182,후기고령자(75+),767,10350,0.0,0.6258148622870732,0.14201041652521107,False,일반,1,1,A유형_구조적취약층
113100352,전기고령자(65-74),14074,32214,0.0,0.13642177063120492,0.11651013441616345,False,일반,1,5,C유형_기타일반가구
113200142,후기고령자(75+),1110,6960,0.0,0.3783783780374969,0.13843749986236542,False,일반,1,1,A유형_구조적취약층
113200332,후기고령자(75+),1184,270,0.0,0.21114864847031362,0.13766666652985646,False,일반,1,2,A유형_구조적취약층
113200372,후기고령자(75+),4190,62371,0.6413236921004954,0.15274463003514446,0.5983947869808668,False,일반,4,4,D유형_여유자산가층
113200382,전기고령자(65-74),2336,100,0.0,0.8647260270270865,0.13783333319592245,False,일반,1,3,C유형_기타일반가구
113300112,후기고령자(75+),5343,81018,0.8022908489471475,0.3930376192414303,0.6406119636817935,False,일반,4,4,D유형_여유자산가층
113300302,전기고령자(65-74),5166,79440,0.8930817610062893,0.13356562134464467,0.6320394465202831,False,일반,5,4,D유형_여유자산가층
113300332,후기고령자(75+),1134,9030,0.0,0.2557319221730759,0.1381874998626328,False,일반,1,1,A유형_구조적취약층
113300382,후기고령자(75+),2329,16100,0.9316770186335404,0.23185916692492092,0.7061959083948574,False,일반,3,3,C유형_기타일반가구
113300392,전기고령자(65-74),2748,15779,0.9939260077305356,0.400291120669472,0.7320463208436647,False,일반,3,3,C유형_기타일반가구
113900131,전기고령자(65-74),968,39900,0.9273182957393483,0.5991735531000273,0.6981903683482238,False,자산부유-현금빈곤,4,1,B유형_자산소득불일치
113900161,전기고령자(65-74),1452,139950,0.9991673605328892,0.43388429722184274,0.7343786494874391,False,일반,5,2,C유형_기타일반가구
113900321,전기고령자(65-74),3094,23000,0.7391304347826086,0.3005817710728566,0.5773660692259981,False,일반,3,3,C유형_기타일반가구
114000352,전기고령자(65-74),2136,23128,0.0,0.39559925075112395,0.3521141323188227,False,일반,1,3,C유형_기타일반가구
114000372,전기고령자(65-74),2903,86270,0.9085127646043427,0.2824664139571249,0.6961625434391523,False,일반,5,3,D유형_여유자산가층
114100122,후기고령자(75+),5024,212815,0.9708064627973095,0.2925955413430343,0.7098048992861634,False,일반,5,4,D유형_여유자산가층
114100142,후기고령자(75+),1051,15200,0.9868421052631579,0.36156041830489016,0.7311605397699905,False,일반,3,1,C유형_기타일반가구
114100352,전기고령자(65-74),4150,33400,0.0,0.20722891561271592,0.3379689676733596,False,일반,1,4,C유형_기타일반가구
114100392,전기고령자(65-74),2368,38320,0.0,0.5067567565427548,0.3602026090487107,False,일반,1,3,C유형_기타일반가구
114200132,후기고령자(75+),4863,22050,0.8163265306122449,0.5889368701235992,0.6258084501108115,False,일반,3,4,C유형_기타일반가구
114200142,후기고령자(75+),3731,34150,0.7320644216691069,0.28678638427049413,0.6302048267060839,False,일반,3,4,C유형_기타일반가구
114300172,후기고령자(75+),1576,20304,0.9924573243350536,0.30456852772552756,0.7290609393898024,False,일반,4,2,C유형_기타일반가구
114300192,전기고령자(65-74),589,41800,0.5834829443447038,0.9337860765130966,0.5837240067049269,False,자산부유-현금빈곤,4,1,B유형_자산소득불일치
114900311,후기고령자(75+),2165,86960,0.9314627414903404,0.5080831406429177,0.7042169383981114,False,일반,5,3,D유형_여유자산가층
114900321,후기고령자(75+),2459,42700,0.6557377049180327,0.34160227720959646,0.589186220324127,False,일반,3,3,C유형_기타일반가구
115000142,전기고령자(65-74),10276,172342,0.5735852519760012,0.2977812378067554,0.5311753233766736,False,일반,5,5,D유형_여유자산가층
115000152,후기고령자(75+),1252,310,0.0,0.7667731623268584,0.13695833319728065,False,일반,1,2,C유형_기타일반가구
115000162,전기고령자(65-74),836,-1329,0.0,0.4186602865805499,0.14129166652597974,False,일반,1,1,A유형_구조적취약층
115000322,전기고령자(65-74),4719,36640,0.9067827348567283,0.19071837249613935,0.6792424907112803,False,일반,4,4,D유형_여유자산가층
115000332,전기고령자(65-74),1676,41628,0.0,0.3042959425392029,0.14725177185255572,False,일반,1,2,A유형_구조적취약층
115000362,후기고령자(75+),1338,35720,0.6385341476957246,0.3587443943507142,0.616382623978647,False,일반,3,2,C유형_기타일반가구
115000372,전기고령자(65-74),7210,60880,0.23815194093831865,0.19278779470280336,0.44587809299605297,False,일반,3,5,C유형_기타일반가구
115000392,전기고령자(65-74),6420,42694,0.0,0.13862928346750322,0.268695608080334,False,일반,1,5,C유형_기타일반가구
115100142,전기고령자(65-74),27381,546226,0.4560163144396654,0.09313027281351556,0.3549648350927288,False,일반,5,5,D유형_여유자산가층
115100192,전기고령자(65-74),1697,63250,0.9486166007905138,0.5067766644037851,0.7103344883862636,False,자산부유-현금빈곤,4,2,B유형_자산소득불일치
115100332,전기고령자(65-74),953,10,0.0,0.4302203563166628,0.14007291652728313,False,일반,1,1,A유형_구조적취약층
115100342,전기고령자(65-74),1709,1894,0.0,0.2223522526492965,0.14184124290006173,False,일반,1,2,C유형_기타일반가구
115200102,후기고령자(75+),589,17182,0.9987216363055289,0.6994906609516287,0.7431007968323806,False,일반,3,1,C유형_기타일반가구
115200132,후기고령자(75+),3754,32276,0.9914487544925021,0.46883324441426927,0.7253203775565513,False,일반,4,4,D유형_여유자산가층
115200352,후기고령자(75+),1179,20,0.0,0.27141645439235246,0.1377187498631341,False,일반,1,2,A유형_구조적취약층
115300142,전기고령자(65-74),4467,43888,0.0,0.34922766949871775,0.18404819040765952,False,일반,1,4,C유형_기타일반가구
115300152,후기고령자(75+),846,550,0.0,0.3014184393600255,0.14118749985942447,False,일반,1,1,A유형_구조적취약층
115300182,전기고령자(65-74),2906,7105,0.0,0.2477632483662205,0.11972916654903963,False,일반,1,3,C유형_기타일반가구
115300362,전기고령자(65-74),1877,3845,0.0,0.20031965892364428,0.13044791653757654,False,일반,1,2,C유형_기타일반가구
115900151,전기고령자(65-74),3087,7110,0.0,0.3304178813312543,0.14271242465552345,False,일반,1,3,C유형_기타일반가구
115900181,후기고령자(75+),528,13198,0.0,1.1136363615272038,0.14449999985588194,False,일반,1,1,A유형_구조적취약층
116000102,전기고령자(65-74),4322,34280,0.8751458576429405,0.19435446548025115,0.6591436086522147,False,일반,3,4,C유형_기타일반가구
116000122,전기고령자(65-74),2054,120050,0.3907039407207814,0.5355404086974,0.4916120475425426,False,일반,4,3,D유형_여유자산가층
116000132,전기고령자(65-74),2881,86000,0.2358490566037736,0.2256161054406053,0.4651866762451604,False,일반,3,3,C유형_기타일반가구
116000352,후기고령자(75+),3253,89300,0.7838745800671892,0.5533353825535398,0.5892414561838756,False,일반,4,3,D유형_여유자산가층
116000392,후기고령자(75+),908,3420,0.7017543859649122,0.28634361201944536,0.5615965689800788,False,일반,2,1,A유형_구조적취약층
116100162,후기고령자(75+),3259,38680,0.8057296329453895,0.3399815893402941,0.6338122216470674,False,일반,4,3,D유형_여유자산가층
116100312,전기고령자(65-74),972,4200,0.9859154929577465,0.37037036998933087,0.7364899860484267,False,일반,3,1,C유형_기타일반가구
116100332,전기고령자(65-74),3374,-500,0.0,0.2015411973320862,0.13242708320151642,False,일반,1,4,C유형_기타일반가구
116100362,후기고령자(75+),1041,11576,0.6875805758487322,0.5888568678301086,0.5650718408162221,False,일반,3,1,C유형_기타일반가구
116200122,후기고령자(75+),706,15300,0.9803921568627451,0.5949008490157212,0.7308842998538925,False,일반,3,1,C유형_기타일반가구
116200132,전기고령자(65-74),4934,501,0.0,0.10133765705282982,0.09860416657163164,False,일반,1,4,C유형_기타일반가구
116200322,후기고령자(75+),4481,142580,0.6242197253433208,0.3035036821460603,0.5807610248684687,False,일반,5,4,D유형_여유자산가층
116300102,전기고령자(65-74),4190,26150,0.9866156787762906,0.5155131263686126,0.7283800240231838,False,일반,3,4,C유형_기타일반가구
116300122,전기고령자(65-74),4014,32250,0.9773371104815864,0.1021425012201937,0.7154991788195136,False,일반,4,4,D유형_여유자산가층
116300312,전기고령자(65-74),4152,19956,0.7792713812585232,0.27456647392231054,0.6361220510472151,False,일반,3,4,C유형_기타일반가구
116300332,전기고령자(65-74),3067,6210,0.0,0.20149983690854262,0.13415535123656253,False,일반,1,3,C유형_기타일반가구
116300382,후기고령자(75+),1156,21300,0.9389671361502347,0.1297577853548808,0.7013416533802002,False,일반,3,2,C유형_기타일반가구
116900121,후기고령자(75+),828,200,0.0,0.5797101442274032,0.14137499985922394,False,일반,1,1,A유형_구조적취약층
117000142,후기고령자(75+),2470,206400,0.8678881388621023,0.4923076921083775,0.6843902558317211,False,일반,5,3,D유형_여유자산가층
117000302,전기고령자(65-74),1741,211600,0.0330812854442344,1.0683515215000852,0.3540728967288317,False,일반,3,2,C유형_기타일반가구
117000332,후기고령자(75+),2534,11772,0.764525993883792,0.31018153105359847,0.5955201535302832,False,일반,3,3,C유형_기타일반가구
117100302,전기고령자(65-74),1189,9700,0.7731958762886598,0.3868797305408917,0.6350401993578514,False,일반,3,2,C유형_기타일반가구
117200122,후기고령자(75+),108,154502,0.9999870551837516,4.907407361968451,0.748870468915513,False,자산부유-현금빈곤,5,1,B유형_자산소득불일치
117200142,후기고령자(75+),833,95050,0.9994739610731194,0.6482593029432662,0.7410105274635063,False,자산부유-현금빈곤,5,1,B유형_자산소득불일치
117200172,후기고령자(75+),458,45260,0.998003992015968,2.8384279414008122,0.7464202079322568,False,자산부유-현금빈곤,5,1,B유형_자산소득불일치
117200342,후기고령자(75+),1515,83000,0.8433734939759037,0.4356435640688821,0.6402455754056287,False,일반,4,2,C유형_기타일반가구
117300122,후기고령자(75+),1425,11000,0.0,0.27368421033425666,0.2930530304948945,False,일반,1,2,C유형_기타일반가구
117300382,전기고령자(65-74),2653,60402,0.49667229561935033,0.1470033923305679,0.5348622917986693,False,일반,3,3,C유형_기타일반가구
117300392,전기고령자(65-74),1089,15258,0.9830908375933937,0.716253442868454,0.7367254928935274,False,일반,3,1,C유형_기타일반가구
117900341,후기고령자(75+),7214,63900,0.9389671361502347,0.08039922372048805,0.6896994720726414,False,일반,4,5,D유형_여유자산가층
118000302,후기고령자(75+),1721,7178,0.0,0.2730970364479389,0.13207291653583866,False,일반,1,2,C유형_기타일반가구
118100342,전기고령자(65-74),3863,39915,0.0,0.20191560957755228,0.2560726123688763,False,일반,1,4,C유형_기타일반가구
118200312,전기고령자(65-74),884,15140,0.8586525759577279,0.9502262432689749,0.6609398196801546,False,일반,3,1,C유형_기타일반가구
118300122,전기고령자(65-74),772,5020,0.0,0.7901554393909903,0.14195833319193343,False,일반,1,1,A유형_구조적취약층
118300172,후기고령자(75+),837,39501,0.9999746841852105,0.4659498202318401,0.7412692962844769,False,자산부유-현금빈곤,4,1,B유형_자산소득불일치
118300362,후기고령자(75+),1589,31200,0.9615384615384616,0.3901825044743974,0.7266630708801787,False,일반,3,2,C유형_기타일반가구
118900111,전기고령자(65-74),4433,235600,0.8278145695364238,0.315813218967784,0.6552671958755416,False,일반,5,4,D유형_여유자산가층
118900121,전기고령자(65-74),7896,2040,0.0,0.3837386017751091,0.13354999986667845,False,일반,1,5,C유형_기타일반가구
118900141,전기고령자(65-74),1135,2650,0.0,0.36563876619767505,0.13817708319597727,False,일반,1,1,A유형_구조적취약층
118900191,후기고령자(75+),6015,91050,0.9884678747940692,0.38237738979511593,0.7224730847229333,False,일반,5,5,D유형_여유자산가층
118900301,전기고령자(65-74),11341,33668,0.4455269098253535,0.2733445022243766,0.39591816754270126,False,일반,3,5,C유형_기타일반가구
118900321,후기고령자(75+),4567,48548,0.5355524429430667,0.04160280270602084,0.44960658410313603,False,일반,3,4,C유형_기타일반가구
119100152,전기고령자(65-74),6275,83950,0.9529481834425253,0.2677290836226726,0.7097489501842145,False,일반,5,5,D유형_여유자산가층
119900131,후기고령자(75+),1566,4860,0.0,0.5874840353847484,0.14184374985843945,False,일반,1,2,A유형_구조적취약층
119900171,전기고령자(65-74),3300,13320,0.0,0.25757575749770434,0.11562499988676213,False,일반,1,4,C유형_기타일반가구
130000202,전기고령자(65-74),1048,1150,0.0,0.34351145005390127,0.1390833331950081,False,일반,1,1,A유형_구조적취약층
130000212,전기고령자(65-74),5941,93640,0.24562152926099956,0.09426022553538795,0.45476107940708826,False,일반,3,5,C유형_기타일반가구
130000252,전기고령자(65-74),2108,4030,0.0,0.221062618490957,0.3241226359487367,False,일반,1,3,C유형_기타일반가구
130100272,후기고령자(75+),831,4520,0.995575221238938,0.18772563154304978,0.7386921042800022,False,일반,2,1,A유형_구조적취약층
130200212,후기고령자(75+),2794,55200,0.8695652173913043,0.2576950607524356,0.6635305226585327,False,일반,4,3,D유형_여유자산가층
130200292,전기고령자(65-74),726,5070,0.9861932938856016,0.5165289249083623,0.7341566675069517,False,일반,2,1,A유형_구조적취약층
130300272,후기고령자(75+),1815,28510,0.9821115398105927,0.38567493091698346,0.7298169768551005,False,일반,3,2,C유형_기타일반가구
130300292,후기고령자(75+),342,6018,0.9970089730807578,0.614035085923874,0.7446461100192618,False,일반,2,1,A유형_구조적취약층
130900221,후기고령자(75+),3259,6850,0.0,0.14114759124236037,0.2029570166379917,False,일반,1,3,C유형_기타일반가구
131000252,후기고령자(75+),1732,3600,0.0,0.19630484977118656,0.13195833320262787,False,일반,1,2,C유형_기타일반가구
131100262,후기고령자(75+),2748,96161,0.626083606241572,0.727802037580858,0.568124295794224,False,일반,4,3,D유형_여유자산가층
131200202,후기고령자(75+),3027,16100,0.9937888198757764,0.21803766097851415,0.7305108826883733,False,일반,3,3,C유형_기타일반가구
131200252,후기고령자(75+),2766,40560,0.8054772452678212,0.686912508789981,0.6677852368814892,False,일반,4,3,D유형_여유자산가층
131200272,전기고령자(65-74),4783,3100,0.0,0.2960485050604122,0.13339236097810317,False,일반,1,4,C유형_기타일반가구
131300262,전기고령자(65-74),4129,3350,0.9361702127659575,0.20343908931861487,0.6919020983333957,False,일반,3,4,C유형_기타일반가구
131300282,전기고령자(65-74),2989,31160,0.9916826615483045,0.32117765128097103,0.7138773892266884,False,일반,4,3,D유형_여유자산가층
131300292,전기고령자(65-74),4279,33562,0.0,0.2851133441726774,0.37024459356396716,False,일반,1,4,C유형_기타일반가구
131900281,전기고령자(65-74),10716,51470,0.6098723079855155,0.13531168345135203,0.5344638871193053,False,일반,4,5,D유형_여유자산가층
132000222,전기고령자(65-74),3750,21597,0.7317073170731707,0.35199999990613334,0.6257970496809664,False,일반,3,4,C유형_기타일반가구
132100222,전기고령자(65-74),1604,320,0.0,0.2431421444868191,0.14164583319197757,False,일반,1,2,A유형_구조적취약층
132100232,전기고령자(65-74),945,4020,0.0,0.39153439112006944,0.3267258289619812,False,일반,1,1,A유형_구조적취약층
132100242,후기고령자(75+),1025,7328,0.982532751091703,0.3863414630377156,0.7288457466551086,False,일반,3,1,C유형_기타일반가구
132100262,전기고령자(65-74),5248,69269,0.4011958223867269,0.21722560971470548,0.488599000972955,False,일반,4,4,D유형_여유자산가층
132100282,후기고령자(75+),747,2080,0.0,0.2356091027635755,0.1422187498583216,False,일반,1,1,A유형_구조적취약층
132300202,전기고령자(65-74),2676,16938,0.6763459283975111,0.17937219724238707,0.54581764787316,False,일반,3,3,C유형_기타일반가구
132900201,전기고령자(65-74),4352,75170,0.6385526140747638,0.1516544117298588,0.4920241155144679,False,일반,4,4,D유형_여유자산가층
132900221,후기고령자(75+),1276,1074,0.0,0.09404388707363331,0.13670833319754802,False,일반,1,2,C유형_기타일반가구
132900261,전기고령자(65-74),1774,55500,0.7747747747747747,1.0146561437346922,0.6056277885591238,False,자산부유-현금빈곤,4,2,B유형_자산소득불일치
133100212,전기고령자(65-74),2084,510,0.0,0.23128598837270348,0.13914583319456436,False,일반,1,3,C유형_기타일반가구
133100242,후기고령자(75+),3789,87270,0.2471258192758139,0.11348640799327359,0.4646945351790692,False,일반,3,4,C유형_기타일반가구
133900201,전기고령자(65-74),4578,188980,0.07937347867499206,0.11140235908444683,0.36360472523184084,False,일반,3,4,C유형_기타일반가구
133900211,후기고령자(75+),658,300,0.0,0.19756838875749486,0.14314583319066346,False,일반,1,1,A유형_구조적취약층
210000152,전기고령자(65-74),5460,31172,0.0,0.2124542124153014,0.2992629689997111,False,일반,1,4,C유형_기타일반가구
210000172,후기고령자(75+),677,140200,0.9985734664764622,1.3589364824831072,0.7456212694525506,False,자산부유-현금빈곤,5,1,B유형_자산소득불일치
210000182,후기고령자(75+),1717,64100,0.6912442396313364,0.629004076511937,0.6279122936514618,False,자산부유-현금빈곤,4,2,B유형_자산소득불일치
210000382,후기고령자(75+),1286,15,0.0,0.4821150851616523,0.13660416653099275,False,일반,1,2,C유형_기타일반가구
210100352,후기고령자(75+),916,4730,0.0,0.5131004361210694,0.1404583331935376,False,일반,1,1,A유형_구조적취약층
210200112,전기고령자(65-74),3735,158000,0.47029702970297027,0.3266398928174994,0.5402035121334838,False,일반,5,4,D유형_여유자산가층
210200342,전기고령자(65-74),8331,46928,0.589066918001885,0.2592725962958501,0.5600289613728393,False,일반,3,5,C유형_기타일반가구
210201152,전기고령자(65-74),8258,92200,0.9833506763787722,0.17437636229421452,0.6970031711739049,False,일반,5,5,D유형_여유자산가층
210201182,전기고령자(65-74),5424,186610,0.6103453537459946,0.17330383477630829,0.551537651165082,False,일반,5,4,D유형_여유자산가층
210300152,전기고령자(65-74),3554,9250,0.0,0.1435002813327236,0.13765972208484814,False,일반,1,4,C유형_기타일반가구
210300192,전기고령자(65-74),13421,68622,0.8014922328116347,0.16392221144743893,0.5959474123648227,False,일반,4,5,D유형_여유자산가층
210300362,전기고령자(65-74),5210,84960,0.9416195856873822,0.41650671777034415,0.6907819809947419,False,일반,5,4,D유형_여유자산가층
210300382,후기고령자(75+),19286,294500,0.0,0.23851498495081846,0.22807731428878997,False,일반,1,5,C유형_기타일반가구
210301132,전기고령자(65-74),2066,33310,0.9006304413089162,0.5324298158119894,0.6884613135458566,False,일반,3,3,C유형_기타일반가구
210301152,후기고령자(75+),6156,142800,0.2336448598130841,0.18843404805256106,0.4417056522157024,False,일반,4,5,D유형_여유자산가층
210301182,전기고령자(65-74),7401,81500,0.8588957055214724,0.24402107819969987,0.5931544916172315,False,일반,4,5,D유형_여유자산가층
210900131,전기고령자(65-74),2589,1100,0.0,0.2510621860752946,0.12303124987884158,False,일반,1,3,C유형_기타일반가구
210900371,후기고령자(75+),3605,11280,0.8896797153024911,0.37447988893911793,0.6872769471667676,False,일반,3,4,C유형_기타일반가구
211000122,전기고령자(65-74),6426,42598,0.6140243153628884,0.07625272329968055,0.4915998422681336,False,일반,3,5,C유형_기타일반가구
211000182,후기고령자(75+),4083,58796,0.5846487931178485,0.2939015429111189,0.564091909137036,False,일반,4,4,D유형_여유자산가층
211000312,전기고령자(65-74),4802,64860,0.0,0.299875051999193,0.32346194032344255,False,일반,1,4,C유형_기타일반가구
211100322,전기고령자(65-74),812,1380,0.0,0.36945812762382,0.14154166652571237,False,일반,1,1,A유형_구조적취약층
211100332,전기고령자(65-74),12151,65105,0.9525816649104321,0.24277837213046016,0.6997781128880891,False,일반,5,5,D유형_여유자산가층
211100362,전기고령자(65-74),6902,-35400,0.0,0.10866415530155546,0.14758910268340053,False,일반,1,5,C유형_기타일반가구
211100392,전기고령자(65-74),2548,579,0.0,0.15698587120997415,0.12345833321171816,False,일반,1,3,C유형_기타일반가구
211200162,전기고령자(65-74),3012,1300,0.0,0.1759628153466259,0.1186249998835538,False,일반,1,3,C유형_기타일반가구
211300102,후기고령자(75+),1282,5,0.0,0.624024960511681,0.13664583319761486,False,일반,1,2,C유형_기타일반가구
211300172,후기고령자(75+),3503,123440,0.0,0.5366828431239844,0.36302440391168445,False,일반,1,4,C유형_기타일반가구
211300192,전기고령자(65-74),7266,68200,0.9090909090909091,0.05642719514775293,0.6885570034690957,False,일반,4,5,D유형_여유자산가층
211300392,전기고령자(65-74),2791,12432,0.8858965272856131,0.21497671077929892,0.6524678663433658,False,일반,3,3,C유형_기타일반가구
211900131,전기고령자(65-74),13262,270700,0.7388252678241596,0.06786306740552986,0.5626399759454954,False,일반,5,5,D유형_여유자산가층
211900151,전기고령자(65-74),1715,1250,0.0,0.2740524779743134,0.13213541653577185,False,일반,1,2,C유형_기타일반가구
211900171,후기고령자(75+),1017,3030,0.0,0.2556538837210876,0.1394062498613294,False,일반,1,1,A유형_구조적취약층
211900321,전기고령자(65-74),4215,7920,0.0,0.17081850529755194,0.12804687487271535,False,일반,1,4,C유형_기타일반가구
212000152,후기고령자(75+),843,25400,0.0,0.7710557523475021,0.14121874985939104,False,일반,1,1,A유형_구조적취약층
212000302,전기고령자(65-74),7128,106936,0.44236946697882074,0.23849607179594612,0.4793638287519734,False,일반,4,5,D유형_여유자산가층
212000322,후기고령자(75+),3875,39200,0.8673469387755102,0.18580645156495318,0.650228678200702,False,일반,4,4,D유형_여유자산가층
212000392,전기고령자(65-74),1000,510,0.0,0.20999999979,0.13958333319447336,False,일반,1,1,A유형_구조적취약층
212100102,전기고령자(65-74),3144,44250,0.9956331877729258,0.34033078869582356,0.7364664677232198,False,일반,4,3,D유형_여유자산가층
212200322,후기고령자(75+),2912,213400,0.4217432052483599,0.25412087903361236,0.528463509202537,False,일반,5,3,D유형_여유자산가층
212200352,후기고령자(75+),665,7590,0.9881422924901185,0.20902255607665782,0.7359614896426006,False,일반,3,1,C유형_기타일반가구
212200362,후기고령자(75+),1723,12800,0.78125,0.306442251708391,0.6301018655426374,False,일반,3,2,C유형_기타일반가구
212200382,전기고령자(65-74),4317,24370,0.9848173984407058,0.13064628211011203,0.7259040424615377,False,일반,3,4,C유형_기타일반가구
212300362,전기고령자(65-74),9695,3660,0.0,0.05673027333092003,0.13779631067570167,False,일반,1,5,C유형_기타일반가구
212900161,후기고령자(75+),1574,86765,0.9796576960756065,0.4447268103908978,0.7306515759687895,False,자산부유-현금빈곤,5,2,B유형_자산소득불일치
212900181,전기고령자(65-74),2204,35848,0.0,0.4174228673242183,0.13122605455721933,False,일반,1,3,C유형_기타일반가구
212900341,전기고령자(65-74),3724,53628,0.9323487730290146,0.1745435015643009,0.6723920997176187,False,일반,4,4,D유형_여유자산가층
212900351,후기고령자(75+),862,44025,0.9085746734809768,0.6380510433433283,0.6861685774254841,False,자산부유-현금빈곤,4,1,B유형_자산소득불일치
212900361,전기고령자(65-74),1506,15550,0.7717041800643086,0.4050464804747367,0.597337505136962,False,일반,3,2,C유형_기타일반가구
213000352,전기고령자(65-74),6372,72010,0.20830440216636578,0.2871939735895803,0.4304178929075184,False,일반,3,5,C유형_기타일반가구
213000392,후기고령자(75+),792,275,0.0,0.404040403530252,0.1417499998588229,False,일반,1,1,A유형_구조적취약층
213100102,후기고령자(75+),1860,30950,0.9930458970792768,0.48387096748178976,0.7364909612468151,False,자산부유-현금빈곤,4,2,B유형_자산소득불일치
213100192,후기고령자(75+),1232,13130,0.9900990099009901,1.266233765205979,0.7376459430869513,False,일반,3,2,C유형_기타일반가구
213100302,전기고령자(65-74),4986,82550,0.8237431859479104,0.24869634972950333,0.6202483564925196,False,일반,4,4,D유형_여유자산가층
213100342,후기고령자(75+),2017,15920,0.9422110552763819,0.34209221599301326,0.7048244736845231,False,일반,3,3,C유형_기타일반가구
213200132,전기고령자(65-74),1433,13710,0.0,0.4187020234342623,0.17900666037864876,False,일반,1,2,A유형_구조적취약층
213200152,전기고령자(65-74),5423,9250,0.0,0.13276784065410882,0.13117013875815461,False,일반,1,4,C유형_기타일반가구
213200182,전기고령자(65-74),5306,77390,0.0,0.2732755370762767,0.3102404543694109,False,일반,1,4,C유형_기타일반가구
213300112,전기고령자(65-74),2354,69720,0.867195242814668,0.6796941373493228,0.6884117614972666,False,일반,4,3,D유형_여유자산가층
213300182,전기고령자(65-74),7188,96456,0.9111617312072893,0.389538119033175,0.6793347664928298,False,일반,5,5,D유형_여유자산가층
213900311,전기고령자(65-74),8759,15986,0.437883147754285,0.15070213492970633,0.41359588362781086,False,일반,3,5,C유형_기타일반가구
213900321,전기고령자(65-74),6170,131150,0.6615944426066821,0.23338735814693884,0.5514596561699757,False,일반,5,5,D유형_여유자산가층
214000322,후기고령자(75+),2135,111600,0.3891820580474934,0.6744730675997784,0.47133657418110464,False,일반,4,3,D유형_여유자산가층
214100192,후기고령자(75+),1996,38100,0.9448818897637795,0.3006012022542078,0.6961405246978034,False,일반,4,3,D유형_여유자산가층
214100312,후기고령자(75+),1538,60350,0.5704971475142624,1.170351104570643,0.5698653976296513,False,자산부유-현금빈곤,4,2,B유형_자산소득불일치
214100332,후기고령자(75+),896,445,0.0,0.46874999947684154,0.14066666652664814,False,일반,1,1,A유형_구조적취약층
214100342,전기고령자(65-74),9502,33100,0.6948640483383686,0.12576299725049853,0.6053031681369179,False,일반,3,5,C유형_기타일반가구
214200162,전기고령자(65-74),1268,108250,0.9792147806004619,0.9936908509513478,0.731274295092891,False,자산부유-현금빈곤,5,2,B유형_자산소득불일치
214200182,후기고령자(75+),10770,187960,0.9810654370646522,0.41810584954335134,0.682548686870612,False,일반,5,5,D유형_여유자산가층
214200192,후기고령자(75+),7396,132234,0.7208038404428618,0.29069767437929994,0.5633503622917927,False,일반,5,5,D유형_여유자산가층
214300152,전기고령자(65-74),11485,17300,0.17341040462427745,0.1436656508364244,0.25781373356526754,False,일반,2,5,C유형_기타일반가구
214300192,후기고령자(75+),3980,6200,0.0,0.12663316579732836,0.3308863461047405,False,일반,1,4,C유형_기타일반가구
214900171,후기고령자(75+),1337,32380,0.423968343697004,0.5086013459172765,0.510478524778283,False,일반,3,2,C유형_기타일반가구
214900311,후기고령자(75+),4858,67141,0.9514859626453659,0.3172087278062559,0.708431685527088,False,일반,5,4,D유형_여유자산가층
215000112,전기고령자(65-74),3292,88120,0.8511121198365865,0.21871202909516646,0.6761505795354237,False,일반,5,3,D유형_여유자산가층
215000152,후기고령자(75+),3259,1010,0.0,0.29456888607101295,0.13302604153422998,False,일반,1,3,C유형_기타일반가구
215000162,후기고령자(75+),1319,301,0.0,0.6641394991174074,0.13626041653136037,False,일반,1,2,C유형_기타일반가구
215000312,전기고령자(65-74),2381,45080,0.599128540305011,0.5543889119889169,0.5833173364058474,False,일반,4,3,D유형_여유자산가층
215000392,전기고령자(65-74),3424,24520,0.0,0.2686915887065737,0.3005190140071382,False,일반,1,4,C유형_기타일반가구
215100122,후기고령자(75+),1065,1603,0.0,0.36807511702528156,0.13890624986186415,False,일반,1,1,A유형_구조적취약층
215200102,전기고령자(65-74),5255,35510,0.8867494299467951,0.1636536631467833,0.6638059995765304,False,일반,4,4,D유형_여유자산가층
215200132,전기고령자(65-74),2216,161950,0.9628242845680663,0.21660649809719926,0.7172258382397658,False,일반,5,3,D유형_여유자산가층
215200342,후기고령자(75+),2556,33421,0.7480326740672033,0.3912363065761986,0.5881276731828642,False,일반,3,3,C유형_기타일반가구
215200362,후기고령자(75+),3135,27385,0.4662004662004662,0.38277511949512755,0.5299452883829306,False,일반,3,3,C유형_기타일반가구
215200382,전기고령자(65-74),10143,116270,0.731057022447751,0.15774425710758708,0.6065313781760782,False,일반,5,5,D유형_여유자산가층
215300172,전기고령자(65-74),2669,8135,0.0,0.3596852752492749,0.13609895819771703,False,일반,1,3,C유형_기타일반가구
215300352,전기고령자(65-74),1887,502,0.0,0.1324854265328641,0.13034374987102126,False,일반,1,2,C유형_기타일반가구
215300362,후기고령자(75+),1753,3052,0.0,0.21106674260635097,0.13173958320286183,False,일반,1,2,C유형_기타일반가구
215900101,전기고령자(65-74),3115,78445,0.983284169124877,0.23113964679578183,0.7256616911000714,False,일반,5,3,D유형_여유자산가층
215900161,전기고령자(65-74),4390,8712,0.0,0.2255125284224345,0.2146571424861884,False,일반,1,4,C유형_기타일반가구
215900171,후기고령자(75+),3916,7550,0.0,0.31664964241147864,0.13640277764168973,False,일반,1,4,C유형_기타일반가구
215900311,전기고령자(65-74),5180,46182,0.7767799628661286,0.2027027026635709,0.6004526423822364,False,일반,4,4,D유형_여유자산가층
216000352,후기고령자(75+),851,69830,0.988281801496541,0.9165687415786501,0.7385399871617494,False,자산부유-현금빈곤,4,1,B유형_자산소득불일치
216000392,후기고령자(75+),1210,30130,0.3318951211417192,0.6578512391257427,0.3439147363253434,False,일반,3,2,C유형_기타일반가구
216100112,후기고령자(75+),1990,780,0.0,0.25376884409358347,0.129270833205502,False,일반,1,3,C유형_기타일반가구
216100122,전기고령자(65-74),5524,23800,0.7375125712370098,0.3005068790187352,0.5775198402211704,False,일반,3,4,C유형_기타일반가구
216100132,전기고령자(65-74),3263,24946,0.0,0.26049647555608446,0.14503133997335219,False,일반,1,3,C유형_기타일반가구
216100342,전기고령자(65-74),1163,110,0.0,0.18916594996632333,0.13788541652962255,False,일반,1,2,A유형_구조적취약층
216200192,전기고령자(65-74),3699,84390,0.8564087924636026,0.3190051364371438,0.6719402788911425,False,일반,5,4,D유형_여유자산가층
216200332,전기고령자(65-74),5379,90280,0.0,0.24168060973383887,0.15747464786931045,False,일반,1,4,C유형_기타일반가구
216300102,전기고령자(65-74),3078,13840,0.9393232205367561,0.350877192868461,0.6990243171439718,False,일반,3,3,C유형_기타일반가구
216300122,후기고령자(75+),311,99900,0.9034543844109831,1.5434083551658895,0.6888359707414484,False,자산부유-현금빈곤,5,1,B유형_자산소득불일치
216300132,후기고령자(75+),1559,30,0.0,0.4361770362821186,0.133760416534034,False,일반,1,2,C유형_기타일반가구
216300342,전기고령자(65-74),1533,-887,0.0,0.42270058680841444,0.13403124986707768,False,일반,1,2,C유형_기타일반가구
216300382,전기고령자(65-74),1963,24056,0.8313934153641503,0.06622516552917719,0.6283908228094149,False,일반,3,3,C유형_기타일반가구
216900101,전기고령자(65-74),4825,6410,0.0,0.4455958548299283,0.1543861122033481,False,일반,1,4,C유형_기타일반가구
216900121,후기고령자(75+),714,200,0.0,1.5126050398983122,0.14628124985384786,False,일반,1,1,A유형_구조적취약층
216900161,전기고령자(65-74),14526,435600,0.3907678244972578,0.12116205423921506,0.3414843771089856,False,일반,5,5,D유형_여유자산가층
216900191,전기고령자(65-74),4093,168540,0.533997864008544,0.34204739791301064,0.546672783340599,False,일반,5,4,D유형_여유자산가층
216900331,전기고령자(65-74),4612,34070,0.8761170492377782,0.32523850816885547,0.6640398175797975,False,일반,4,4,D유형_여유자산가층
216900361,후기고령자(75+),-336,165700,0.5371152685576343,,0.5869374406425857,True,자산부유-현금빈곤,5,1,B유형_자산소득불일치
216900381,전기고령자(65-74),12180,471585,0.203532993546308,0.19950738914618166,0.3897448571495991,False,일반,5,5,D유형_여유자산가층
217000132,전기고령자(65-74),1046,60370,0.9938711280437303,0.3824091774546757,0.740877976178152,False,자산부유-현금빈곤,4,1,B유형_자산소득불일치
217000142,후기고령자(75+),16575,846492,0.19351342983203035,0.1665158370940262,0.37898813885120525,False,일반,5,5,D유형_여유자산가층
217000162,전기고령자(65-74),4992,32800,0.9146341463414634,0.26041666661449986,0.6750700623975501,False,일반,3,4,C유형_기타일반가구
217000332,후기고령자(75+),2160,14000,0.6428571428571429,0.33333333317901237,0.5132163658714578,False,일반,3,3,C유형_기타일반가구
217000392,전기고령자(65-74),2816,37090,0.7549204637368563,0.2698863635405233,0.5940174356111031,False,일반,3,3,C유형_기타일반가구
217100112,후기고령자(75+),1056,70090,0.713368526180625,1.3068181805806645,0.6438612000228529,False,자산부유-현금빈곤,4,1,B유형_자산소득불일치
217100152,전기고령자(65-74),2113,109540,0.8033595033777615,0.6701372453051883,0.6259367614686593,False,일반,5,3,D유형_여유자산가층
217100162,전기고령자(65-74),997,129278,0.9589458364828123,0.40922768263868836,0.7149851882289687,False,자산부유-현금빈곤,5,1,B유형_자산소득불일치
217100312,후기고령자(75+),784,5100,0.0,0.4336734688346002,0.14183333319206712,False,일반,1,1,A유형_구조적취약층
217100322,후기고령자(75+),1897,45100,0.9784735812133072,0.4480759090943195,0.7272071065914185,False,자산부유-현금빈곤,4,2,B유형_자산소득불일치
217200122,전기고령자(65-74),17046,332307,0.46077177034777084,0.09973014196293968,0.42316996041320887,False,일반,5,5,D유형_여유자산가층
217200182,전기고령자(65-74),10544,194300,0.9935419771485345,0.20864946887247254,0.7095172901632806,False,일반,5,5,D유형_여유자산가층
217200332,전기고령자(65-74),2827,9800,0.0,0.2660063670795874,0.12055208321482623,False,일반,1,3,C유형_기타일반가구
217300102,전기고령자(65-74),1730,218000,0.0,1.0404624271442413,0.3020493951046112,False,일반,1,2,C유형_기타일반가구
217300112,전기고령자(65-74),20992,148100,0.5300353356890459,0.09717987804415111,0.4730272570427568,False,일반,5,5,D유형_여유자산가층
217300172,전기고령자(65-74),1997,34600,0.9505703422053232,0.480721081381712,0.7200653319688937,False,일반,4,3,D유형_여유자산가층
217300302,전기고령자(65-74),223958,157300,0.7115869017632241,0.01875351628421957,0.4741842742280894,False,일반,5,5,D유형_여유자산가층
217300392,후기고령자(75+),1746,21760,0.0,0.3367697592572911,0.3348425836650899,False,일반,1,2,A유형_구조적취약층
217900101,전기고령자(65-74),5152,119610,0.7524454477050414,0.29114906826646947,0.5871981913999704,False,일반,5,4,D유형_여유자산가층
217900111,전기고령자(65-74),3565,102534,0.8289933095363489,0.21598877974306066,0.6290377548229501,False,일반,5,4,D유형_여유자산가층
217900341,전기고령자(65-74),-306,51005,0.3591309032142216,,0.5255943041016511,True,자산부유-현금빈곤,4,1,B유형_자산소득불일치
218000132,후기고령자(75+),5639,70340,0.4975831674722775,0.2837382514127082,0.4296824917168034,False,일반,4,5,D유형_여유자산가층
218000312,후기고령자(75+),3629,3145,0.0,0.2728024248352708,0.1121979165570939,False,일반,1,4,C유형_기타일반가구
218000332,전기고령자(65-74),1999,25889,0.5021437676233149,0.27013506739863175,0.548832795699443,False,일반,3,3,C유형_기타일반가구
218000342,후기고령자(75+),1539,24565,0.3053124363932424,0.18713450280238172,0.47157203289905625,False,일반,3,2,C유형_기타일반가구
218100132,후기고령자(75+),5229,123300,0.8110300081103001,0.25243832467920474,0.6215057811223377,False,일반,5,4,D유형_여유자산가층
218100152,전기고령자(65-74),1419,119900,0.9983361064891847,0.8456659613490726,0.7416142693627535,False,자산부유-현금빈곤,5,2,B유형_자산소득불일치
218100172,전기고령자(65-74),25769,423450,0.7774767345977147,0.05044821296711365,0.5850165973413121,False,일반,5,5,D유형_여유자산가층
218100382,전기고령자(65-74),5407,66380,0.3454490838089516,0.040687997033347884,0.4672905318215299,False,일반,3,4,C유형_기타일반가구
218200102,후기고령자(75+),1648,107850,0.6647278770253428,1.0012135916254772,0.6033016444412347,False,자산부유-현금빈곤,5,2,B유형_자산소득불일치
218200112,후기고령자(75+),3008,89315,0.8397245703409282,0.535239361524189,0.6443288526407039,False,일반,5,3,D유형_여유자산가층
218200122,전기고령자(65-74),1918,16567,0.0,0.34410844611881725,0.13002083320469993,False,일반,1,3,C유형_기타일반가구
218200312,전기고령자(65-74),2702,3230,0.9558823529411765,0.14063656545498276,0.7131361063704329,False,일반,3,3,C유형_기타일반가구
218200322,전기고령자(65-74),727,14300,0.8391608391608392,0.9903713879087052,0.6619506811813218,False,일반,3,1,C유형_기타일반가구
218200332,후기고령자(75+),738,130,0.0,0.8807588063946358,0.1461562498539772,False,일반,1,1,A유형_구조적취약층
218200352,전기고령자(65-74),1434,1400,0.0,0.3347280332393807,0.13506249986597482,False,일반,1,2,C유형_기타일반가구
218200372,전기고령자(65-74),4201,49740,0.0,0.3142109020913566,0.3100717821641343,False,일반,1,4,C유형_기타일반가구
218300172,전기고령자(65-74),3745,30,0.0,0.20186915882460102,0.11098958322505281,False,일반,1,4,C유형_기타일반가구
218300312,전기고령자(65-74),3980,40038,0.28223187971427144,0.3266331657470771,0.379472603345692,False,일반,3,4,C유형_기타일반가구
218900131,후기고령자(75+),789,330,0.0,0.5019011400482876,0.14178124985878948,False,일반,1,1,A유형_구조적취약층
218900141,전기고령자(65-74),1956,420,0.0,0.4089979548011258,0.2372163580407808,False,일반,1,3,A유형_구조적취약층
218900181,전기고령자(65-74),1223,3230,0.0,0.3924775139881623,0.13726041653029095,False,일반,1,2,A유형_구조적취약층
218900311,후기고령자(75+),1682,200,0.0,0.26397146238765073,0.1324791665354042,False,일반,1,2,C유형_기타일반가구
219000122,후기고령자(75+),758,15080,0.0,0.6596306059899333,0.14210416652511082,False,일반,1,1,A유형_구조적취약층
219000152,후기고령자(75+),1235,23600,0.9831460674157303,0.6153846148863282,0.7384116524396218,False,자산부유-현금빈곤,4,2,B유형_자산소득불일치
219100162,전기고령자(65-74),7814,289710,0.862931897414656,0.2943434860130095,0.5875310706373402,False,일반,5,5,D유형_여유자산가층
219300112,전기고령자(65-74),57458,1877000,0.3036760788492275,0.11486651118878369,0.32965126625743485,False,일반,5,5,D유형_여유자산가층
219300312,전기고령자(65-74),2193,13508,0.7970244420828906,0.19151846776492548,0.6236388741801502,False,일반,3,3,C유형_기타일반가구
219900101,후기고령자(75+),914,29870,0.9993337774816788,1.422319473279738,0.7448430835173212,False,일반,3,1,C유형_기타일반가구
219900161,전기고령자(65-74),303,3481,0.0,1.8151815121611172,0.3049884283717973,False,일반,1,1,A유형_구조적취약층
230000272,전기고령자(65-74),5631,51045,0.9149967975112087,0.11205824895896674,0.6710911777068842,False,일반,4,5,D유형_여유자산가층
230300252,전기고령자(65-74),1066,13056,0.9957107843137255,0.5440900557747748,0.7418776092267105,False,일반,3,1,C유형_기타일반가구
230900201,후기고령자(75+),5852,84401,0.855648395473248,0.23069036222988884,0.6604053502017546,False,일반,5,5,D유형_여유자산가층
230900241,전기고령자(65-74),3112,3540,0.0,0.475578406016845,0.13732278568592293,False,일반,1,3,C유형_기타일반가구
230900261,전기고령자(65-74),8283,149987,0.5195243754342899,0.3984063744538927,0.5208583666758967,False,일반,5,5,D유형_여유자산가층
230900291,전기고령자(65-74),864,64010,0.46867676925480395,0.295138888547293,0.5550010481917713,False,일반,3,1,C유형_기타일반가구
231000252,전기고령자(65-74),1084,3010,0.0,0.2952029517571928,0.16362559924151693,False,일반,1,1,A유형_구조적취약층
231000272,후기고령자(75+),134,45400,0.9911894273127754,5.9701492091779915,0.7440189470566914,False,자산부유-현금빈곤,4,1,B유형_자산소득불일치
231100222,전기고령자(65-74),1037,32030,0.9990633780830471,0.32786885214284583,0.7386391763430906,False,자산부유-현금빈곤,4,1,B유형_자산소득불일치
231200272,전기고령자(65-74),1481,892,0.0,0.16880486146603316,0.1422864581913147,False,일반,1,2,A유형_구조적취약층
231300242,전기고령자(65-74),1467,141481,0.4940676590368504,0.8520790723571375,0.4758571231490055,False,자산부유-현금빈곤,4,2,B유형_자산소득불일치
231300282,전기고령자(65-74),2740,505,0.0,0.15328467147690342,0.2699751070728362,False,일반,1,3,C유형_기타일반가구
231900241,전기고령자(65-74),4230,21020,0.8087535680304472,0.32624113467464744,0.6203596610777766,False,일반,3,4,C유형_기타일반가구
231900251,전기고령자(65-74),1683,108240,0.9981851179673321,0.487225192818048,0.7401486757624666,False,자산부유-현금빈곤,5,2,B유형_자산소득불일치
231900271,후기고령자(75+),1009,1062,0.0,0.26759167466046413,0.13948958319457364,False,일반,1,1,A유형_구조적취약층
231900281,후기고령자(75+),2095,30261,0.991375037176564,0.2147971359356577,0.7339167719194988,False,일반,3,3,C유형_기타일반가구
231900291,후기고령자(75+),1207,43000,0.0,0.49710024813827647,0.35482120145412566,False,일반,1,2,A유형_구조적취약층
232100242,후기고령자(75+),2801,9220,0.8134490238611713,0.07854337733718551,0.6224526224011873,False,일반,3,3,C유형_기타일반가구
232100292,전기고령자(65-74),10911,114200,0.4427083333333333,0.10539822196816073,0.45254952100965484,False,일반,4,5,D유형_여유자산가층
232200272,후기고령자(75+),1339,13100,0.9923664122137404,0.4107542939426779,0.7314751418201833,False,일반,3,2,C유형_기타일반가구
232300222,전기고령자(65-74),4583,-3090,0.0,0.2967488543973928,0.10226041656772149,False,일반,1,4,C유형_기타일반가구
232900231,후기고령자(75+),2118,1590,0.0,0.3116147307310601,0.13896874986141428,False,일반,1,3,C유형_기타일반가구
232900241,전기고령자(65-74),4665,29177,0.6739225662971324,0.297963558349847,0.5443798853668369,False,일반,3,4,C유형_기타일반가구
233000222,후기고령자(75+),3303,118750,0.12210526315789473,0.3633060852669373,0.421326372152238,False,일반,3,4,C유형_기타일반가구
233300272,전기고령자(65-74),1047,8500,0.0,0.5186246413384673,0.32957240585857656,False,일반,1,1,A유형_구조적취약층
310000102,후기고령자(75+),2344,106580,0.0,0.6868600679663567,0.36113534790375523,False,일반,1,3,C유형_기타일반가구
310000182,전기고령자(65-74),5619,32610,0.9654580562111135,0.3203416977539879,0.7015141759078838,False,일반,4,5,D유형_여유자산가층
310000352,전기고령자(65-74),4755,30320,0.9894459102902374,0.15141955832777715,0.7189051228927246,False,일반,3,4,C유형_기타일반가구
310000382,전기고령자(65-74),3410,18286,0.0,0.35894428141966445,0.12600908566160196,False,일반,1,4,C유형_기타일반가구
310100152,후기고령자(75+),2797,175800,0.7916241062308478,0.4218805861916766,0.6456379631083324,False,일반,5,3,D유형_여유자산가층
310100192,후기고령자(75+),1199,21150,0.0,0.8840700576446454,0.14375520818979493,False,일반,1,2,A유형_구조적취약층
310200162,후기고령자(75+),468,20015,0.0,1.3034188006337206,0.14512499985521352,False,일반,1,1,A유형_구조적취약층
310200302,전기고령자(65-74),4991,173795,0.3452030059215593,0.21638950105862761,0.4917823764581734,False,일반,4,4,D유형_여유자산가층
310200312,전기고령자(65-74),10262,117600,0.5709624796084829,0.180276749154134,0.5410903240177055,False,일반,4,5,D유형_여유자산가층
310200322,전기고령자(65-74),687,15020,0.9986684420772304,0.6695778738434092,0.7420480467910237,False,일반,3,1,C유형_기타일반가구
310200342,전기고령자(65-74),4324,55463,0.45308323138960627,0.22201665119749844,0.47036361458899645,False,일반,3,4,C유형_기타일반가구
310201182,전기고령자(65-74),8120,128300,0.9353078721745908,0.17487684726910382,0.6916007831267263,False,일반,5,5,D유형_여유자산가층
310300362,전기고령자(65-74),11073,28535,0.9102047960791178,0.11920888646986283,0.6747462248582262,False,일반,3,5,C유형_기타일반가구
310300372,후기고령자(75+),1043,405,0.0,0.08149568544439531,0.13913541652828573,False,일반,1,1,A유형_구조적취약층
310300382,전기고령자(65-74),11120,248211,0.0,0.16456834530894168,0.3149592544365519,False,일반,1,5,C유형_기타일반가구
310301112,전기고령자(65-74),1650,1310500,0.171939477303989,0.9393939388246096,0.4101503525157595,False,자산부유-현금빈곤,5,2,B유형_자산소득불일치
310301152,후기고령자(75+),378,32500,0.9846153846153847,0.9523809498614261,0.7368349168348369,False,자산부유-현금빈곤,4,1,B유형_자산소득불일치
310301182,전기고령자(65-74),9286,304300,0.7333170373991689,0.40060305832429427,0.6039607670198301,False,일반,5,5,D유형_여유자산가층
310900141,전기고령자(65-74),2261,15300,0.0,0.31844316659953864,0.1264479165418543,False,일반,1,3,C유형_기타일반가구
310900151,전기고령자(65-74),17040,215800,0.0,0.08744131454885908,0.15717339169560599,False,일반,1,5,C유형_기타일반가구
311000192,전기고령자(65-74),15646,235200,0.42517006802721086,0.08947973922475522,0.33977050497995354,False,일반,5,5,D유형_여유자산가층
311000302,전기고령자(65-74),1141,5820,0.0,0.964066607393456,0.1381145831960441,False,일반,1,2,A유형_구조적취약층
311000332,후기고령자(75+),373,42160,0.9962049335863378,2.627345837460199,0.7438407670544199,False,자산부유-현금빈곤,4,1,B유형_자산소득불일치
311100142,전기고령자(65-74),10572,118750,0.7578947368421053,0.37835792656277356,0.6017156077379764,False,일반,5,5,D유형_여유자산가층
311100192,전기고령자(65-74),1493,56200,0.9608540925266904,0.4822505020212655,0.7109634813692631,False,일반,4,2,C유형_기타일반가구
311100352,후기고령자(75+),7997,833000,0.38415366146458585,1.0003751405526604,0.3769581376864412,False,일반,5,5,D유형_여유자산가층
311100382,후기고령자(75+),1799,350,0.0,0.31128404651957525,0.1312604165367076,False,일반,1,2,C유형_기타일반가구
311200122,후기고령자(75+),1084,501,0.0,0.4612546121206138,0.13870833319540912,False,일반,1,1,A유형_구조적취약층
311200132,후기고령자(75+),2192,92900,0.9442870632672332,0.4927007297022351,0.7089641824161268,False,일반,5,3,D유형_여유자산가층
311200192,전기고령자(65-74),3795,3190,0.0,0.19235836622072244,0.2634649395077911,False,일반,1,4,C유형_기타일반가구
311200302,후기고령자(75+),9563,176488,0.9067246970472777,0.150580361795401,0.6648827163336093,False,일반,5,5,D유형_여유자산가층
311200382,전기고령자(65-74),2144,21960,0.9107468123861566,0.629664178810791,0.6943919538103578,False,일반,3,3,C유형_기타일반가구
311300102,후기고령자(75+),1303,44010,0.9181799632728015,0.23791250941065806,0.6966750236256198,False,자산부유-현금빈곤,4,2,B유형_자산소득불일치
311300132,전기고령자(65-74),2610,79092,0.0,0.3356321837794513,0.3517806592524671,False,일반,1,3,C유형_기타일반가구
311300142,후기고령자(75+),1569,2050,0.0,0.18483110249532753,0.13365624986747873,False,일반,1,2,C유형_기타일반가구
311300392,전기고령자(65-74),1575,31470,0.7753415951700032,0.3809523807105064,0.5988012159718079,False,일반,3,2,C유형_기타일반가구
311900131,후기고령자(75+),3551,258400,0.6965944272445821,0.20839200219420106,0.557204156992092,False,일반,5,4,D유형_여유자산가층
311900301,전기고령자(65-74),3829,51934,0.6039194371470846,0.2141551318322917,0.5648255604387753,False,일반,4,4,D유형_여유자산가층
311900361,전기고령자(65-74),2121,150250,0.9650582362728786,0.44318717565149124,0.7069443145618974,False,일반,5,3,D유형_여유자산가층
311900371,전기고령자(65-74),2784,185890,0.7800312012480499,0.6645114940141841,0.6048661435812251,False,일반,5,3,D유형_여유자산가층
311900381,후기고령자(75+),1391,550,0.0,0.2760603880114591,0.13551041653216248,False,일반,1,2,C유형_기타일반가구
312000142,전기고령자(65-74),3183,55862,0.9858368111465282,0.42412818082810927,0.7086037045433511,False,일반,4,3,D유형_여유자산가층
312000172,후기고령자(75+),1139,3500,0.0,0.7357330985638866,0.13813541652935518,False,일반,1,2,A유형_구조적취약층
312000322,전기고령자(65-74),3121,20172,0.0,0.3844921498287433,0.13374479153348628,False,일반,1,3,C유형_기타일반가구
312100102,전기고령자(65-74),3891,26180,0.0,0.4908763812668013,0.1897222113940124,False,일반,1,4,C유형_기타일반가구
312100122,전기고령자(65-74),4353,83692,0.6158187029738444,0.4410751205051516,0.5614825590672271,False,일반,4,4,D유형_여유자산가층
312100362,전기고령자(65-74),6164,61150,0.9365372766481824,0.16158338738455816,0.7046940898855366,False,일반,5,5,D유형_여유자산가층
312200102,후기고령자(75+),878,1070,0.0,0.41571753938984335,0.1408541665264476,False,일반,1,1,A유형_구조적취약층
312200152,전기고령자(65-74),2616,30400,0.9210526315789473,0.41284403653943275,0.6753845593490946,False,일반,3,3,C유형_기타일반가구
312300182,후기고령자(75+),1764,48300,0.9950248756218906,0.17290249423304846,0.7286431451392512,False,일반,4,2,C유형_기타일반가구
312300302,후기고령자(75+),985,18086,0.9123078624350326,0.40609137014610014,0.6871272528798722,False,일반,3,1,C유형_기타일반가구
312900151,후기고령자(75+),995,45050,0.9988901220865705,0.3718592961086841,0.738972722184081,False,자산부유-현금빈곤,4,1,B유형_자산소득불일치
313000162,전기고령자(65-74),2144,19720,0.7366482504604052,0.29664179090641707,0.5696580006075478,False,일반,3,3,C유형_기타일반가구
313000192,후기고령자(75+),1646,55050,0.9990917347865577,0.43742405805745804,0.7323124404637434,False,일반,4,2,C유형_기타일반가구
313100312,후기고령자(75+),5528,91654,0.0,0.3256150505923272,0.23031573103360092,False,일반,1,4,C유형_기타일반가구
313200142,전기고령자(65-74),8607,51189,0.5730987449137487,0.1143255489584843,0.5425782298609687,False,일반,3,5,C유형_기타일반가구
313200312,전기고령자(65-74),2035,31,0.0,0.5012285009821973,0.1288020832060033,False,일반,1,3,C유형_기타일반가구
313300152,후기고령자(75+),875,2900,0.0,0.4685714280359184,0.1408854165264142,False,일반,1,1,A유형_구조적취약층
313300172,후기고령자(75+),905,35050,0.9985734664764622,0.5966850822136076,0.7397202277923172,False,자산부유-현금빈곤,4,1,B유형_자산소득불일치
313300192,후기고령자(75+),2461,10,0.0,0.7801706620153716,0.12436458321074897,False,일반,1,3,C유형_기타일반가구
313300372,전기고령자(65-74),1181,7050,0.9929078014184397,0.32345469913339986,0.7416471993064374,False,일반,3,2,C유형_기타일반가구
313300382,전기고령자(65-74),2607,20914,0.956297217175098,0.3759110086782083,0.696625174758021,False,일반,3,3,C유형_기타일반가구
313300392,후기고령자(75+),1728,19210,0.9865005192107996,0.4976851848971729,0.7329035036974754,False,일반,3,2,C유형_기타일반가구
313900301,후기고령자(75+),2144,8294,0.6631299734748011,0.09514925368696397,0.5255467965113388,False,일반,2,3,C유형_기타일반가구
313900381,전기고령자(65-74),818,1180,0.0,0.14669926632432853,0.14147916652577922,False,일반,1,1,A유형_구조적취약층
314000192,전기고령자(65-74),7848,35404,0.6072382803011902,0.33129459730742933,0.5871747828379429,False,일반,3,5,C유형_기타일반가구
314000352,후기고령자(75+),1292,39120,0.48293625241468124,0.38931888514758595,0.5470406066430508,False,일반,3,2,C유형_기타일반가구
314000382,후기고령자(75+),815,78550,0.0,0.4736196313207121,0.36430133339037185,False,일반,1,1,A유형_구조적취약층
314100112,후기고령자(75+),730,55302,0.4158981591985823,2.479452051398011,0.39700551899427855,False,일반,3,1,C유형_기타일반가구
314100142,후기고령자(75+),753,22300,0.9865470852017937,0.23904382438373994,0.7340876934418351,False,일반,3,1,C유형_기타일반가구
314100342,전기고령자(65-74),966,100,0.0,0.38095238055802033,0.13993749986076126,False,일반,1,1,A유형_구조적취약층
314100362,전기고령자(65-74),3102,1670,0.0,0.17311411986682332,0.13384374986671724,False,일반,1,3,C유형_기타일반가구
314200102,전기고령자(65-74),6447,146700,0.6816632583503749,0.06514657979445532,0.6033030710988521,False,일반,5,5,D유형_여유자산가층
314200192,후기고령자(75+),1191,83450,0.9518143961927424,0.5709487820562982,0.7148885926395935,False,자산부유-현금빈곤,5,2,B유형_자산소득불일치
314300112,전기고령자(65-74),3676,47800,0.814663951120163,0.3427638736825996,0.6298386046592843,False,일반,4,4,D유형_여유자산가층
314300362,후기고령자(75+),2543,4480,0.0,0.33031852130148703,0.15569484728764013,False,일반,1,3,C유형_기타일반가구
314300372,전기고령자(65-74),4591,41712,0.9668935643564357,0.17425397513085297,0.7163738338011806,False,일반,4,4,D유형_여유자산가층
314900351,후기고령자(75+),1505,1699,0.0,0.1833887041970839,0.14216145819144405,False,일반,1,2,A유형_구조적취약층
314900361,후기고령자(75+),904,140410,0.0,1.3716814144118568,0.3881112896250358,False,일반,1,1,A유형_구조적취약층
314900371,전기고령자(65-74),2329,53550,0.9710550887021475,0.5968226704178521,0.7240074329631353,False,일반,4,3,D유형_여유자산가층
315000112,전기고령자(65-74),6107,74569,0.6705199211468573,0.25347961351670545,0.5404296087932543,False,일반,4,5,D유형_여유자산가층
315000152,후기고령자(75+),798,40,0.0,0.513784460509042,0.14168749985888973,False,일반,1,1,A유형_구조적취약층
315000162,전기고령자(65-74),835,-299,0.0,0.4347305384015203,0.14130208319263526,False,일반,1,1,A유형_구조적취약층
315000312,후기고령자(75+),1228,19488,0.0,0.4723127031984424,0.14613793138035666,False,일반,1,2,A유형_구조적취약층
315100112,전기고령자(65-74),1285,158,0.0,0.3252918285406289,0.1366145831976483,False,일반,1,2,C유형_기타일반가구
315100122,후기고령자(75+),988,1461,0.0,0.5465587039002442,0.13970833319433967,False,일반,1,1,A유형_구조적취약층
315100132,전기고령자(65-74),1821,2800,0.0,0.1438769905854602,0.13103124987028603,False,일반,1,2,C유형_기타일반가구
315100332,전기고령자(65-74),1143,2050,0.0,0.4549431317104609,0.13809374986273307,False,일반,1,2,A유형_구조적취약층
315100372,후기고령자(75+),4433,55400,0.9174311926605505,0.21655763586362334,0.6773731426071761,False,일반,4,4,D유형_여유자산가층
315200142,후기고령자(75+),1143,8150,0.0,0.3149606296457037,0.13809374986273307,False,일반,1,2,A유형_구조적취약층
315200192,후기고령자(75+),1122,520,0.0,0.3226381458800016,0.13831249986249913,False,일반,1,1,A유형_구조적취약층
315300152,후기고령자(75+),1098,2700,0.0,0.2932604733212564,0.13856249986223176,False,일반,1,1,A유형_구조적취약층
315300182,전기고령자(65-74),676,19390,0.5253382860175113,0.7100591705472498,0.5443938901202114,False,일반,3,1,C유형_기타일반가구
315300362,후기고령자(75+),1740,451,0.0,0.2758620688069758,0.13187499986938367,False,일반,1,2,C유형_기타일반가구
315900121,후기고령자(75+),1010,19250,0.987012987012987,0.5940594053524164,0.7369505693665954,False,일반,3,1,C유형_기타일반가구
315900131,전기고령자(65-74),4738,38185,0.3649985592162136,0.21021528066479203,0.4355740541436996,False,일반,3,4,C유형_기타일반가구
315900171,전기고령자(65-74),1896,961,0.0,0.5168776368581869,0.14012499986021787,False,일반,1,2,A유형_구조적취약층
315900301,후기고령자(75+),2052,667,0.819672131147541,0.32894736826074694,0.6245293447219309,False,일반,2,3,C유형_기타일반가구
315900381,전기고령자(65-74),4837,890,0.0,0.21087450894958143,0.133204860978295,False,일반,1,4,C유형_기타일반가구
316000112,전기고령자(65-74),995,82564,0.397051232844078,1.356783918234388,0.5269455648618021,False,자산부유-현금빈곤,4,1,B유형_자산소득불일치
316000172,전기고령자(65-74),2345,21100,0.995260663507109,0.3070362472038225,0.7410528477866194,False,일반,3,3,C유형_기타일반가구
316100102,전기고령자(65-74),855,2784,0.0,0.5380116952771793,0.14109374985952475,False,일반,1,1,A유형_구조적취약층
316100122,후기고령자(75+),1337,20930,0.9794319294809011,0.30216903492732305,0.7237352436578568,False,일반,3,2,C유형_기타일반가구
316100132,후기고령자(75+),1471,19800,0.9595959595959596,0.7138001354766824,0.7104377642059332,False,일반,3,2,C유형_기타일반가구
316100352,전기고령자(65-74),871,1014,0.0,0.33295063107583167,0.1409270831930363,False,일반,1,1,A유형_구조적취약층
316100382,후기고령자(75+),1101,21948,0.911244760342628,0.3487738416450737,0.6910154298458626,False,일반,3,1,C유형_기타일반가구
316200152,후기고령자(75+),1611,53600,0.9987515605493134,0.4345127247458021,0.7324729181535378,False,일반,5,2,C유형_기타일반가구
316200172,후기고령자(75+),2377,89620,0.27436347673397715,0.9087084556547294,0.35711217102703674,False,일반,3,3,C유형_기타일반가구
316200192,후기고령자(75+),10045,88500,0.96045197740113,0.1025385763959643,0.7015278878303257,False,일반,5,5,D유형_여유자산가층
316300162,전기고령자(65-74),4521,37872,0.933009889904833,0.309666003028165,0.6880114942211809,False,일반,4,4,D유형_여유자산가층
316300302,후기고령자(75+),798,21580,0.4633920296570899,0.32581453593256327,0.4313091678827744,False,일반,3,1,C유형_기타일반가구
316300372,전기고령자(65-74),1168,13400,0.0,0.616438355636611,0.1378333331963449,False,일반,1,2,A유형_구조적취약층
316300392,후기고령자(75+),1322,510,0.0,0.3025718605880697,0.1362291665313938,False,일반,1,2,C유형_기타일반가구
316900111,전기고령자(65-74),3229,30180,0.9940357852882704,0.30040260133155694,0.7296069794028042,False,일반,3,3,C유형_기타일반가구
316900121,전기고령자(65-74),1741,2172,0.0,0.21826536460754428,0.24452479262934268,False,일반,1,2,A유형_구조적취약층
316900131,후기고령자(75+),1547,57100,0.9457092819614711,0.48480930802533334,0.7104221393724099,False,자산부유-현금빈곤,4,2,B유형_자산소득불일치
316900151,전기고령자(65-74),7257,22900,0.39577836411609496,0.099214551453877,0.47500286166647704,False,일반,3,5,C유형_기타일반가구
317000182,후기고령자(75+),1459,67147,0.9680253771575796,0.28786840281845893,0.7232194003452755,False,자산부유-현금빈곤,4,2,B유형_자산소득불일치
317000392,전기고령자(65-74),1268,78600,0.31806615776081426,0.9463722390012836,0.44587922356365906,False,일반,3,2,C유형_기타일반가구
317100112,전기고령자(65-74),7609,78220,0.6392227051904884,0.24050466549605667,0.4939054831940499,False,일반,4,5,D유형_여유자산가층
317200192,후기고령자(75+),1560,60100,0.9983361064891847,0.38461538436883624,0.7327548943724848,False,일반,4,2,C유형_기타일반가구
317300112,후기고령자(75+),8798,265550,0.0,0.20572857465267919,0.3018423167118895,False,일반,1,5,C유형_기타일반가구
317300152,전기고령자(65-74),2081,801400,0.0,0.31715521368709504,0.32392924925017424,False,일반,1,3,C유형_기타일반가구
317300382,전기고령자(65-74),3827,41987,0.46442946626336723,0.12019858894167793,0.5044866675970557,False,일반,3,4,C유형_기타일반가구
317900111,후기고령자(75+),6580,90558,0.967138773668035,0.24316109418796944,0.707976477782626,False,일반,5,5,D유형_여유자산가층
317900161,전기고령자(65-74),1111,2950,0.0,0.4320432039315542,0.13842708319570993,False,일반,1,1,A유형_구조적취약층
317900171,후기고령자(75+),3690,145462,0.8193251491854543,0.1355013549768289,0.655664505741271,False,일반,5,4,D유형_여유자산가층
317900351,전기고령자(65-74),6074,384240,0.17248376623376624,0.36219953895913737,0.39028290588309317,False,일반,4,5,D유형_여유자산가층
318100152,전기고령자(65-74),11903,174950,0.6052834060015388,0.310846005182656,0.5434456528611271,False,일반,5,5,D유형_여유자산가층
318100372,후기고령자(75+),17182,936932,0.03508659371328439,0.08148061924796411,0.3328918682473943,False,일반,4,5,D유형_여유자산가층
318100382,전기고령자(65-74),4490,50723,0.43372828894190013,0.06458797325955724,0.5042716280006687,False,일반,3,4,C유형_기타일반가구
318200102,전기고령자(65-74),8298,123750,0.5152979066022544,0.18076644972514264,0.5550988855048289,False,일반,5,5,D유형_여유자산가층
318200172,전기고령자(65-74),4456,167284,0.896678702087468,0.6059245959142898,0.6683885506765367,False,일반,5,4,D유형_여유자산가층
318200192,후기고령자(75+),-289,410400,0.4337453914552158,,0.5457958276491254,True,자산부유-현금빈곤,5,1,B유형_자산소득불일치
318200352,후기고령자(75+),1208,3220,0.0,0.3377483440912679,0.26008906183248354,False,일반,1,2,A유형_구조적취약층
318200382,후기고령자(75+),3032,930,0.0,0.1995382585093871,0.13420833319967332,False,일반,1,3,C유형_기타일반가구
318300312,후기고령자(75+),4420,75605,0.10581310759870378,0.3619909501443459,0.3803568211263757,False,일반,3,4,C유형_기타일반가구
318900131,전기고령자(65-74),805,240,0.0,0.45093167645847,0.14161458319230105,False,일반,1,1,A유형_구조적취약층
318900151,후기고령자(75+),3259,451315,0.9970862922792285,0.9818962869033765,0.7318349874681622,False,일반,5,3,D유형_여유자산가층
318900191,전기고령자(65-74),2329,216110,0.49516299115125395,0.6139974235234017,0.5610539896270436,False,일반,5,3,D유형_여유자산가층
318900321,후기고령자(75+),3594,41720,0.5992329817833174,0.09181969947361722,0.5495485704029017,False,일반,3,4,C유형_기타일반가구
319000172,후기고령자(75+),1200,30,0.0,0.7999999993333332,0.13749999986336803,False,일반,1,2,A유형_구조적취약층
319100142,전기고령자(65-74),5915,53217,0.9730736616761889,0.3043110734903954,0.7030400540833502,False,일반,4,5,D유형_여유자산가층
319200122,전기고령자(65-74),11446,264840,0.8275654529040024,0.16599685478193282,0.6366574659344905,False,일반,5,5,D유형_여유자산가층
319200152,전기고령자(65-74),1114,158,0.0,0.2369838417980396,0.13839583319574333,False,일반,1,1,A유형_구조적취약층
319200172,후기고령자(75+),11024,282900,0.8130081300813008,0.15874455731506307,0.5860466241209414,False,일반,5,5,D유형_여유자산가층
319300122,전기고령자(65-74),8446,101000,0.0,0.26047833290782874,0.15455473423129984,False,일반,1,5,C유형_기타일반가구
319300142,전기고령자(65-74),11130,183500,0.8607594936708861,0.1527403414058634,0.6344394345035418,False,일반,5,5,D유형_여유자산가층
319300312,전기고령자(65-74),1417,92,0.0,0.2964008466503875,0.13523958319911877,False,일반,1,2,C유형_기타일반가구
319900161,후기고령자(75+),793,9050,0.0,0.6052963422379617,0.1417395831921674,False,일반,1,1,A유형_구조적취약층
330000242,전기고령자(65-74),4944,29513,0.6957328385899815,0.30339805819106025,0.5429803652417696,False,일반,3,4,C유형_기타일반가구
330000282,전기고령자(65-74),3371,45896,0.8933240369531114,0.24325126068132566,0.6771337017626691,False,일반,4,4,D유형_여유자산가층
330100262,후기고령자(75+),3474,14654,0.0,0.5526770292018777,0.30251034158152956,False,일반,1,4,C유형_기타일반가구
330100272,전기고령자(65-74),915,1266,0.0,0.2732240434172415,0.14046874986019314,False,일반,1,1,A유형_구조적취약층
330300272,전기고령자(65-74),5168,38400,0.0,0.31346749219940645,0.1984626649853391,False,일반,1,4,C유형_기타일반가구
331000282,전기고령자(65-74),4800,35100,0.9116809116809117,0.2791666666085069,0.6803448304046691,False,일반,4,4,D유형_여유자산가층
331100202,전기고령자(65-74),3350,65060,0.0,0.4119402983844955,0.21364218594764972,False,일반,1,4,C유형_기타일반가구
331200232,전기고령자(65-74),684,1050,0.0,0.5789473675746384,0.14287499985761978,False,일반,1,1,A유형_구조적취약층
331900291,후기고령자(75+),2372,31630,0.989566866898514,0.45109612122635073,0.7328118739533864,False,일반,4,3,D유형_여유자산가층
332000212,후기고령자(75+),3335,20868,0.8595988538681948,0.2458770613955391,0.6483923021806313,False,일반,3,4,C유형_기타일반가구
332100222,후기고령자(75+),711,2,0.0,0.84388185535319,0.14259374985792056,False,일반,1,1,A유형_구조적취약층
332300202,전기고령자(65-74),7345,14791,0.9548058561425843,0.14703880188603963,0.6986562220408161,False,일반,3,5,C유형_기타일반가구
333000202,전기고령자(65-74),2368,7905,0.0,0.11824324319330945,0.13889414415098872,False,일반,1,3,C유형_기타일반가구
333200232,전기고령자(65-74),1164,6700,0.9493670886075949,0.2903780066233866,0.7074983251755761,False,일반,3,2,C유형_기타일반가구
333300202,전기고령자(65-74),1890,5859,0.0,0.3190476188788108,0.14015624986018554,False,일반,1,2,A유형_구조적취약층
333300232,전기고령자(65-74),2002,300,0.0,0.20979020968541948,0.1291458332056357,False,일반,1,3,C유형_기타일반가구
333900201,후기고령자(75+),1771,110710,0.2685902847057018,0.2258610952987797,0.4842870601838202,False,자산부유-현금빈곤,4,2,B유형_자산소득불일치
333900211,후기고령자(75+),1268,3435,0.0,0.19716088312526742,0.13679166653079222,False,일반,1,2,C유형_기타일반가구
410000112,전기고령자(65-74),1624,122500,0.8979591836734694,0.7758620684877696,0.6718617491977864,False,일반,5,2,C유형_기타일반가구
410100152,전기고령자(65-74),6062,226370,0.4582789861458737,0.3579676673774385,0.5183667297901863,False,일반,5,5,D유형_여유자산가층
410101162,후기고령자(75+),670,11100,0.0,0.42537313369347296,0.14302083319079714,False,일반,1,1,A유형_구조적취약층
410101172,전기고령자(65-74),4253,169400,0.984251968503937,0.12461791673533554,0.7186493905211592,False,일반,5,4,D유형_여유자산가층
410101182,전기고령자(65-74),7924,235130,0.4126591118306193,0.227158000980924,0.4690151081868279,False,일반,5,5,D유형_여유자산가층
410200192,후기고령자(75+),1444,100,0.0,0.3116343488146576,0.2599599511973937,False,일반,1,2,C유형_기타일반가구
410200332,전기고령자(65-74),3593,42250,0.5185825410544511,0.3506818813385244,0.5538479189434744,False,일반,3,4,C유형_기타일반가구
410200342,전기고령자(65-74),4864,130606,0.0,0.15419407891566733,0.21833017234846377,False,일반,1,4,C유형_기타일반가구
410201122,후기고령자(75+),3812,210100,0.9196321471411435,0.6453305349828619,0.6819280974144649,False,일반,5,4,D유형_여유자산가층
410201142,전기고령자(65-74),1681,4100,0.0,0.14872099931664426,0.13248958320205975,False,일반,1,2,C유형_기타일반가구
410300172,전기고령자(65-74),3396,3700,0.0,0.14134275614212521,0.26744938419043585,False,일반,1,4,C유형_기타일반가구
410300182,전기고령자(65-74),3739,10680,0.0,0.3530355709138712,0.1328668958064418,False,일반,1,4,C유형_기타일반가구
410300192,전기고령자(65-74),2826,12300,0.0,0.19108280248015472,0.1260772771460983,False,일반,1,3,C유형_기타일반가구
410300362,전기고령자(65-74),1608,6700,0.0,0.22388059687569614,0.1332499998679132,False,일반,1,2,C유형_기타일반가구
410900191,전기고령자(65-74),4263,9624,0.0,0.2111189302812294,0.1113087033387939,False,일반,1,4,C유형_기타일반가구
410900341,전기고령자(65-74),6507,16150,0.6870229007633588,0.1183341017184057,0.5701569599156397,False,일반,3,5,C유형_기타일반가구
411000162,후기고령자(75+),12770,72470,0.8519003931847968,0.09866875488655687,0.6508791715814748,False,일반,4,5,D유형_여유자산가층
411000302,전기고령자(65-74),5281,35251,0.7091997390144961,0.22912327206416902,0.5500168990725606,False,일반,3,4,C유형_기타일반가구
411100112,전기고령자(65-74),1750,22050,0.9977324263038548,0.49714285685877546,0.7395281009664996,False,일반,3,2,C유형_기타일반가구
411100352,전기고령자(65-74),6491,564000,0.5653710247349824,0.46217840079153005,0.4671051494976094,False,일반,5,5,D유형_여유자산가층
411200122,전기고령자(65-74),7485,9450,0.0,0.13493653972813138,0.13326979565421893,False,일반,1,5,C유형_기타일반가구
411200302,후기고령자(75+),12747,182180,0.9331430453397739,0.12238173686966489,0.6522534124912359,False,일반,5,5,D유형_여유자산가층
411200382,후기고령자(75+),1034,520,0.0,0.4642166339804481,0.13922916652818546,False,일반,1,1,A유형_구조적취약층
411300172,전기고령자(65-74),5904,34812,0.0,0.13211382111583436,0.12949999987097452,False,일반,1,5,C유형_기타일반가구
412000142,후기고령자(75+),1427,1480,0.0,0.3784162576184889,0.14256770819102366,False,일반,1,2,A유형_구조적취약층
412000302,전기고령자(65-74),2046,144500,0.34782608695652173,0.31769305947326826,0.49804246919631634,False,일반,4,3,D유형_여유자산가층
412100122,후기고령자(75+),3404,65000,0.6923076923076923,0.11457109279830462,0.5837753730739865,False,일반,4,4,D유형_여유자산가층
412100132,전기고령자(65-74),681,33398,0.898257380681478,0.6020557994096097,0.6818635850237175,False,일반,3,1,C유형_기타일반가구
412100342,후기고령자(75+),1853,112000,0.7589285714285714,1.6189962214684315,0.5957085569402444,False,자산부유-현금빈곤,5,2,B유형_자산소득불일치
412100382,전기고령자(65-74),988,33200,0.8433734939759037,1.1133603227597568,0.6457351587330913,False,일반,3,1,C유형_기타일반가구
412200152,전기고령자(65-74),3329,12280,0.9536784741144414,0.1982577349960175,0.6875330871220948,False,일반,3,4,C유형_기타일반가구
412200352,전기고령자(65-74),763,10294,0.9520108801243443,0.34076015682731303,0.7171475009613731,False,일반,3,1,C유형_기타일반가구
412300332,후기고령자(75+),3117,7928,0.840537944284342,0.3529034326747182,0.6440950315875986,False,일반,3,3,C유형_기타일반가구
412900131,전기고령자(65-74),3281,165440,0.7857833655705996,0.25601950617006414,0.587658152627397,False,일반,5,3,D유형_여유자산가층
412900161,전기고령자(65-74),6470,99794,0.0,0.2519319937786813,0.3034022309246611,False,일반,1,5,C유형_기타일반가구
413000112,전기고령자(65-74),3315,70900,0.9449929478138223,0.36199095011704646,0.700262122359091,False,일반,4,4,D유형_여유자산가층
413000162,후기고령자(75+),1569,28030,0.7135212272565109,0.5736137663648095,0.6167686068027187,False,일반,3,2,C유형_기타일반가구
413000312,전기고령자(65-74),2499,14080,0.0,0.16406562618484768,0.1529646953461631,False,일반,1,3,C유형_기타일반가구
413000322,후기고령자(75+),3334,42800,0.8576998050682261,0.11217756445345604,0.6803481720167825,False,일반,4,4,D유형_여유자산가층
413000342,후기고령자(75+),2485,13230,0.9070294784580499,0.6881287723589019,0.6856241529231386,False,일반,3,3,C유형_기타일반가구
413100372,전기고령자(65-74),10260,100000,0.65,0.1637426900425202,0.49281468420255803,False,일반,4,5,D유형_여유자산가층
413200102,전기고령자(65-74),2199,49700,0.9803921568627451,0.545702591839153,0.7267853415245451,False,일반,4,3,D유형_여유자산가층
413200132,전기고령자(65-74),3133,31180,0.5772931366260423,0.2713054579408537,0.576918254931823,False,일반,3,3,C유형_기타일반가구
413200322,전기고령자(65-74),1310,1160,0.0,0.18702290062059318,0.13635416653126012,False,일반,1,2,C유형_기타일반가구
413200382,후기고령자(75+),10445,59330,0.8258890948929715,0.1340354236348458,0.6237757127149436,False,일반,4,5,D유형_여유자산가층
413300122,후기고령자(75+),577,53800,0.929368029739777,1.3518197550228428,0.7046186167948211,False,자산부유-현금빈곤,4,1,B유형_자산소득불일치
413300342,후기고령자(75+),982,230,0.0,0.29531568198033026,0.13977083319427286,False,일반,1,1,A유형_구조적취약층
413900111,전기고령자(65-74),4023,38656,0.6101653548111539,0.3977131492921419,0.5618857617739783,False,일반,4,4,D유형_여유자산가층
413900121,후기고령자(75+),5508,-3410,0.0,0.06354393608141903,0.13565624986459277,False,일반,1,4,C유형_기타일반가구
413900141,후기고령자(75+),709,37600,0.9840425531914894,0.9308885741454322,0.7330432994638403,False,자산부유-현금빈곤,4,1,B유형_자산소득불일치
413900301,전기고령자(65-74),815,220,0.0,0.44171779086905794,0.14151041652574578,False,일반,1,1,A유형_구조적취약층
413900331,전기고령자(65-74),1139,22570,0.7148864592094197,0.46532045613229106,0.5670696054246924,False,일반,3,2,C유형_기타일반가구
413900381,후기고령자(75+),1197,4502,0.0,0.23057644091012827,0.13753124986333462,False,일반,1,2,A유형_구조적취약층
414000372,전기고령자(65-74),15019,705650,0.14131279587366635,0.17311405551813608,0.25571405019204985,False,일반,5,5,D유형_여유자산가층
414000392,전기고령자(65-74),4489,67130,0.7431629013079667,0.2673201157791668,0.6208261510495497,False,일반,4,4,D유형_여유자산가층
414100102,후기고령자(75+),1607,2050,0.0,0.21779713738780512,0.14163020819199373,False,일반,1,2,A유형_구조적취약층
414100122,전기고령자(65-74),8187,5300,0.0,0.1844387443282718,0.12157291654575177,False,일반,1,5,C유형_기타일반가구
414200112,후기고령자(75+),1997,28375,0.8810572687224669,0.2824236353117558,0.6578351288701452,False,일반,3,3,C유형_기타일반가구
414200142,전기고령자(65-74),191,88500,0.96045197740113,4.052355999725885,0.728522053961162,False,자산부유-현금빈곤,5,1,B유형_자산소득불일치
414200172,후기고령자(75+),10031,380200,0.9994739610731194,0.18562456383355352,0.6974428191749521,False,일반,5,5,D유형_여유자산가층
414200302,후기고령자(75+),1185,25030,0.9988014382740711,0.09113924042941836,0.7369403449450509,False,일반,3,2,C유형_기타일반가구
414200372,후기고령자(75+),1340,2050,0.0,0.5395522384033192,0.1360416665315943,False,일반,1,2,C유형_기타일반가구
414300152,전기고령자(65-74),854,23300,0.9871244635193133,0.3747072595143943,0.7333820389685326,False,일반,3,1,C유형_기타일반가구
414300372,후기고령자(75+),1875,2350,0.0,0.8927999995238399,0.14023437486010468,False,일반,1,2,A유형_구조적취약층
414900121,후기고령자(75+),2136,10400,0.9615384615384616,0.2621722845214549,0.7046761883314376,False,일반,3,3,C유형_기타일반가구
414900371,후기고령자(75+),503,67360,0.7719714964370546,2.4652087426138993,0.6079458124811375,False,자산부유-현금빈곤,4,1,B유형_자산소득불일치
415000152,전기고령자(65-74),948,240,0.0,0.5232067505029465,0.14012499986056076,False,일반,1,1,A유형_구조적취약층
415000362,전기고령자(65-74),8270,37624,0.6113119285562407,0.06287787181827353,0.49298608312942904,False,일반,3,5,C유형_기타일반가구
415100122,후기고령자(75+),1533,1620,0.0,0.24787997374567514,0.13403124986707768,False,일반,1,2,C유형_기타일반가구
415100322,후기고령자(75+),2609,2460,0.0,0.09275584511584675,0.1364114581973937,False,일반,1,3,C유형_기타일반가구
415100372,전기고령자(65-74),603,4490,0.0,0.414593697488236,0.14371874985671745,False,일반,1,1,A유형_구조적취약층
415200352,전기고령자(65-74),4083,40880,0.5749014454664915,0.08327210382481702,0.5834279454365086,False,일반,4,4,D유형_여유자산가층
415200382,전기고령자(65-74),5138,94450,0.8470089994706194,0.1868431295860562,0.6407120046579438,False,일반,5,4,D유형_여유자산가층
415300162,전기고령자(65-74),4522,837,0.0,0.14595311805706476,0.1028958332337086,False,일반,1,4,C유형_기타일반가구
415300182,후기고령자(75+),1619,10038,0.0,0.2841260035304966,0.1331354165347024,False,일반,1,2,C유형_기타일반가구
415300362,후기고령자(75+),1397,1857,0.0,0.3435934142136053,0.142723958190862,False,일반,1,2,A유형_구조적취약층
415900121,전기고령자(65-74),2340,5900,0.0,0.27777777765906936,0.15104905777396072,False,일반,1,3,C유형_기타일반가구
415900131,전기고령자(65-74),3133,-1180,0.0,0.44047239053926834,0.11736458321823509,False,일반,1,3,C유형_기타일반가구
415900151,후기고령자(75+),2852,3150,0.0,0.10518934077658158,0.13514583319870324,False,일반,1,3,C유형_기타일반가구
415900331,전기고령자(65-74),4015,59290,0.42718934539515013,0.19925280194290093,0.5196872142696652,False,일반,4,4,D유형_여유자산가층
416000332,전기고령자(65-74),2996,104700,0.56,0.7676902534153237,0.5743989915315248,False,일반,4,3,D유형_여유자산가층
416000382,전기고령자(65-74),4619,254300,0.23426474738921818,0.9092877244188595,0.42153286190663614,False,일반,5,4,D유형_여유자산가층
416100322,전기고령자(65-74),1766,4400,0.0,0.5096262737771086,0.13160416653633997,False,일반,1,2,C유형_기타일반가구
416100362,전기고령자(65-74),2211,524,0.0,0.44776119382733554,0.13848437486191545,False,일반,1,3,C유형_기타일반가구
416100382,후기고령자(75+),2936,3178,0.0,0.07356948226377062,0.13470833319915596,False,일반,1,3,C유형_기타일반가구
416200122,전기고령자(65-74),7578,15694,0.9488416225191745,0.1543942992670369,0.7019655713796752,False,일반,3,5,C유형_기타일반가구
416200152,전기고령자(65-74),1780,68,0.0,0.280898876246686,0.1314583332031626,False,일반,1,2,C유형_기타일반가구
416200182,전기고령자(65-74),944,1530,0.0,0.6133474569773861,0.14016666652718285,False,일반,1,1,A유형_구조적취약층
416300102,전기고령자(65-74),4165,23070,0.7802340702210663,0.432172869043896,0.5966669929975862,False,일반,3,4,C유형_기타일반가구
416300122,전기고령자(65-74),596,59000,0.9152542372881356,1.6107382523309761,0.692947170655191,False,자산부유-현금빈곤,4,1,B유형_자산소득불일치
416300132,전기고령자(65-74),3911,16866,0.8061729816883566,0.23267706462984478,0.6133366059899267,False,일반,3,4,C유형_기타일반가구
416300332,전기고령자(65-74),3280,7953,0.8695652173913043,0.17682926823877157,0.6375752775641754,False,일반,3,3,C유형_기타일반가구
416300362,후기고령자(75+),3078,181400,0.43383947939262474,0.3216374267960892,0.5303927399624071,False,일반,5,3,D유형_여유자산가층
416900181,전기고령자(65-74),3768,68320,0.9940104498534472,0.39649681518139684,0.7267844863961629,False,일반,5,4,D유형_여유자산가층
416900191,전기고령자(65-74),6124,131800,0.6828528072837633,0.18778576090989782,0.5073032547660544,False,일반,5,5,D유형_여유자산가층
416900301,후기고령자(75+),8213,90330,0.0,0.17046146351266753,0.3394415093819534,False,일반,1,5,C유형_기타일반가구
417000102,후기고령자(75+),8710,34170,0.9787472035794184,0.28702640639643784,0.7199795486479751,False,일반,4,5,D유형_여유자산가층
417000132,후기고령자(75+),2450,175500,0.9686609686609686,0.469387754910454,0.7056788823235107,False,일반,5,3,D유형_여유자산가층
417000182,후기고령자(75+),929,48660,0.9864364981504316,0.699677071367409,0.7380541005024521,False,자산부유-현금빈곤,4,1,B유형_자산소득불일치
417000332,전기고령자(65-74),1023,20030,0.2745881178232651,1.329423263607602,0.4092771512382042,False,일반,2,1,A유형_구조적취약층
417000342,후기고령자(75+),1215,12210,0.0,0.32098765405680024,0.38389526465243873,False,일반,1,2,A유형_구조적취약층
417100142,전기고령자(65-74),2887,110900,0.7754733994589721,0.2909594734011225,0.6045332840393834,False,일반,5,3,D유형_여유자산가층
417100152,전기고령자(65-74),3237,92340,0.9963179553822828,0.2780352177083611,0.7315573289599973,False,일반,5,3,D유형_여유자산가층
417200182,전기고령자(65-74),5510,83500,0.5971769815418024,0.47186932840800916,0.5764792321290277,False,일반,4,4,D유형_여유자산가층
417300332,전기고령자(65-74),13082,258990,0.3460327346967023,0.12842073076529423,0.4196818455016114,False,일반,5,5,D유형_여유자산가층
417300382,전기고령자(65-74),2069,133030,0.0,0.12469792164103533,0.377703367488192,False,일반,1,3,C유형_기타일반가구
417300392,후기고령자(75+),4666,27864,0.9923588369554431,0.2400342905615014,0.7293907894644845,False,일반,3,4,C유형_기타일반가구
417900121,후기고령자(75+),1683,3005,0.0,0.9387997617713607,0.13246874986874868,False,일반,1,2,C유형_기타일반가구
417900161,후기고령자(75+),1527,2900,0.0,0.5108055006478025,0.13409374986701084,False,일반,1,2,C유형_기타일반가구
417900321,후기고령자(75+),1191,2040,0.0,0.30478589395064154,0.13759374986326778,False,일반,1,2,A유형_구조적취약층
417900331,전기고령자(65-74),4357,5362,0.0,0.24787697951620907,0.1393839322591733,False,일반,1,4,C유형_기타일반가구
417900361,후기고령자(75+),7005,101892,0.5410669840926307,0.20556745179078265,0.4855015401537019,False,일반,4,5,D유형_여유자산가층
417900381,후기고령자(75+),2279,6200,0.0,0.44756472117263507,0.1698766508617674,False,일반,1,3,C유형_기타일반가구
418000162,전기고령자(65-74),34123,312861,0.0,0.05275034434097968,0.2816061233583257,False,일반,1,5,C유형_기타일반가구
418000322,전기고령자(65-74),11174,30821,0.4416447781316101,0.1396098084714865,0.4969942684302514,False,일반,3,5,C유형_기타일반가구
418100172,전기고령자(65-74),6622,516100,0.0,0.5964965266390069,0.3040335099786932,False,일반,1,5,C유형_기타일반가구
418100342,후기고령자(75+),2120,96856,0.2930946891242331,0.39622641490744037,0.4747485435147142,False,일반,3,3,C유형_기타일반가구
418100352,전기고령자(65-74),6157,23020,0.6325910931174089,0.1786584375217381,0.5354449513644833,False,일반,3,5,C유형_기타일반가구
418100362,후기고령자(75+),1201,44600,0.5043859649122807,0.6244795998130893,0.5497733364385058,False,일반,3,2,C유형_기타일반가구
418200102,전기고령자(65-74),2107,93000,0.8247422680412371,0.7119126717076827,0.628054818791009,False,일반,5,3,D유형_여유자산가층
418200122,후기고령자(75+),1319,2000,0.0,0.37149355544238544,0.13626041653136037,False,일반,1,2,C유형_기타일반가구
418200132,후기고령자(75+),-257,302200,0.9927200529450695,,0.7456352440551107,True,자산부유-현금빈곤,5,1,B유형_자산소득불일치
418300172,후기고령자(75+),4505,31450,0.9602543720190779,0.2743618201388764,0.7132955993169352,False,일반,4,4,D유형_여유자산가층
418900101,전기고령자(65-74),5618,203760,0.0,0.37379850473944487,0.33977074587334544,False,일반,1,5,C유형_기타일반가구
418900171,전기고령자(65-74),4689,16400,0.0,0.3625506503812005,0.15201166957367873,False,일반,1,4,C유형_기타일반가구
418900301,후기고령자(75+),1205,500,0.0,0.1742738587765362,0.13744791653009042,False,일반,1,2,A유형_구조적취약층
418900311,전기고령자(65-74),8149,35970,0.4170141784820684,0.08835439930195675,0.40051165467746674,False,일반,3,5,C유형_기타일반가구
419000102,전기고령자(65-74),3139,163215,0.6848728704734184,0.1784007645178717,0.6232170985003411,False,일반,5,3,D유형_여유자산가층
419000132,전기고령자(65-74),8258,1190,0.0,0.17437636229421452,0.1258973909922366,False,일반,1,5,C유형_기타일반가구
419100182,전기고령자(65-74),6351,402600,0.3314184710561202,0.2172886159317763,0.4814854104524474,False,일반,5,5,D유형_여유자산가층
419200152,후기고령자(75+),1551,190,0.0,0.5570599609561186,0.1338437498672782,False,일반,1,2,C유형_기타일반가구
419200162,전기고령자(65-74),1171,800,0.0,0.9906063185391918,0.13780208319637832,False,일반,1,2,A유형_구조적취약층
419900141,전기고령자(65-74),5436,107800,0.6198859409868585,0.27593818979471335,0.5967245484881436,False,일반,5,4,D유형_여유자산가층
430000262,전기고령자(65-74),1958,14874,0.9412397472098964,0.21450459641751551,0.7121126089530255,False,일반,3,3,C유형_기타일반가구
430100282,후기고령자(75+),968,150,0.0,1.033057850172461,0.13991666652745022,False,일반,1,1,A유형_구조적취약층
430300252,후기고령자(75+),722,10030,0.9970089730807578,0.540166204237997,0.7406877766901616,False,일반,3,1,C유형_기타일반가구
430900201,전기고령자(65-74),3168,35708,0.42735042735042733,0.17045454540074037,0.49894745214648284,False,일반,4,3,D유형_여유자산가층
431000202,전기고령자(65-74),8392,97700,0.5473453749315819,0.2264061010216389,0.5352766772093859,False,일반,5,5,D유형_여유자산가층
431100242,전기고령자(65-74),2224,3480,0.0,0.19334532365407137,0.13841666652865217,False,일반,1,3,C유형_기타일반가구
431100282,전기고령자(65-74),6998,21640,0.0,0.07859388395561676,0.2652904098826032,False,일반,1,5,C유형_기타일반가구
431200252,후기고령자(75+),930,49300,0.8113590263691683,0.3763440856168343,0.6676990176657459,False,자산부유-현금빈곤,4,1,B유형_자산소득불일치
431300212,후기고령자(75+),1734,3050,0.0,0.26528258346869515,0.14096874985934482,False,일반,1,2,A유형_구조적취약층
431900261,전기고령자(65-74),1390,5300,0.0,0.1956834530966306,0.13552083319881797,False,일반,1,2,C유형_기타일반가구
432000292,전기고령자(65-74),1712,10302,0.0,0.5110981305425828,0.30203879349862306,False,일반,1,2,C유형_기타일반가구
432300232,후기고령자(75+),1047,13550,0.996309963099631,0.40114613142201894,0.7368829517764459,False,일반,3,1,C유형_기타일반가구
432300272,전기고령자(65-74),3508,50070,0.6118881118881119,0.1738882553666225,0.58977428137078,False,일반,4,4,D유형_여유자산가층
432900231,전기고령자(65-74),9213,104870,0.25185291789594877,0.22576793658680472,0.4222316243490088,False,일반,4,5,D유형_여유자산가층
433100202,후기고령자(75+),5599,100830,0.0,0.17145918911029484,0.3669157592545743,False,일반,1,5,C유형_기타일반가구
433100242,후기고령자(75+),1082,1000,0.0,0.1848428833781489,0.13872916652872017,False,일반,1,1,A유형_구조적취약층
433200202,전기고령자(65-74),4386,20380,0.0,0.1595987231738261,0.30671943777585464,False,일반,1,4,C유형_기타일반가구
433200212,후기고령자(75+),1298,6500,0.34782608695652173,0.3697996915486905,0.49735182704898995,False,일반,2,2,C유형_기타일반가구
433200222,전기고령자(65-74),2124,15900,0.7941176470588235,0.3389830506878611,0.6043481578704438,False,일반,3,3,C유형_기타일반가구
433300202,전기고령자(65-74),1036,1460,0.0,0.24131274107981393,0.13920833319487438,False,일반,1,1,A유형_구조적취약층
433300272,전기고령자(65-74),1030,30,0.0,0.25242718422094446,0.13927083319480757,False,일반,1,1,A유형_구조적취약층
433900201,후기고령자(75+),1793,44770,0.5360732633459906,0.33463469027627735,0.5639390226117813,False,일반,3,2,C유형_기타일반가구
510000112,후기고령자(75+),1286,104036,0.9419816217463186,1.0497667176906946,0.7084941044867663,False,자산부유-현금빈곤,5,2,B유형_자산소득불일치
510000172,후기고령자(75+),1242,118500,0.0,0.6280193231658459,0.29724763963240686,False,일반,1,2,A유형_구조적취약층
510000302,전기고령자(65-74),1433,17610,0.9725158562367865,0.4535938587204509,0.7185855773320725,False,일반,4,2,C유형_기타일반가구
510000312,후기고령자(75+),2965,78750,0.0,0.303541315243325,0.35646099025962774,False,일반,1,3,C유형_기타일반가구
510000322,후기고령자(75+),1089,15060,0.9960159362549801,0.633608814845171,0.7419409097123909,False,일반,3,1,C유형_기타일반가구
510000342,후기고령자(75+),5138,28310,0.9553053565336063,0.20435967298474897,0.7053460273749023,False,일반,3,4,C유형_기타일반가구
510000362,후기고령자(75+),1249,36330,0.9633911368015414,0.3282626098252501,0.7150273828079874,False,일반,4,2,C유형_기타일반가구
510100132,전기고령자(65-74),3373,2110,0.0,0.16009487098722358,0.13243229153484437,False,일반,1,4,C유형_기타일반가구
510100172,후기고령자(75+),2350,95500,0.9947643979057592,0.6297872337745587,0.7346222743263479,False,일반,5,3,D유형_여유자산가층
510100192,후기고령자(75+),2517,30040,0.0,0.36154151753613767,0.31602947163281314,False,일반,1,3,C유형_기타일반가구
510101152,전기고령자(65-74),2673,326800,0.0,0.7856341186735376,0.2977065610392051,False,일반,1,3,C유형_기타일반가구
510101162,후기고령자(75+),1844,7652,0.0,0.32537960936801535,0.16914552529393834,False,일반,1,2,C유형_기타일반가구
510101172,후기고령자(75+),1770,182500,0.975609756097561,0.6214689262025599,0.7261502605872933,False,자산부유-현금빈곤,5,2,B유형_자산소득불일치
510101182,후기고령자(75+),8257,139460,0.9316325068080837,0.25432965965189175,0.666873122487575,False,일반,5,5,D유형_여유자산가층
510200122,전기고령자(65-74),2394,1700,0.0,0.12949039259419784,0.12506249987666926,False,일반,1,3,C유형_기타일반가구
510200132,후기고령자(75+),1660,7305,0.0,0.5361445779902743,0.1327083332018258,False,일반,1,2,C유형_기타일반가구
510200182,전기고령자(65-74),246,128800,0.0,0.8943089394540287,0.3866456991619156,False,일반,1,1,A유형_구조적취약층
510200332,후기고령자(75+),2523,63930,0.4433004433004433,0.32342449452103667,0.47060382847760157,False,일반,4,3,D유형_여유자산가층
510201122,후기고령자(75+),4430,242500,0.9856262833675564,0.4966139953732248,0.7259970149244869,False,일반,5,4,D유형_여유자산가층
510201162,후기고령자(75+),5052,353500,0.7355021216407355,0.2771179730251152,0.587906440920844,False,일반,5,4,D유형_여유자산가층
510300122,전기고령자(65-74),2515,550,0.0,0.27833001977004773,0.12380208321135054,False,일반,1,3,C유형_기타일반가구
510300182,후기고령자(75+),1094,30300,0.0,0.5301645333362298,0.13942925971695933,False,일반,1,1,A유형_구조적취약층
510300192,전기고령자(65-74),6190,52400,0.8771929824561403,0.1793214862392049,0.6566530814181144,False,일반,4,5,D유형_여유자산가층
510900141,전기고령자(65-74),2869,664800,0.4756413952147593,0.43569187855151903,0.5434273871275159,False,일반,5,3,D유형_여유자산가층
511000162,후기고령자(75+),1656,63110,0.9507209633972429,0.5797101445774697,0.712206793288753,False,자산부유-현금빈곤,4,2,B유형_자산소득불일치
511000342,전기고령자(65-74),3655,97105,0.0,0.42134062915968795,0.2793954543024055,False,일반,1,4,C유형_기타일반가구
511100132,후기고령자(75+),3468,238500,0.36217303822937624,0.46136101486119924,0.49008938831564375,False,일반,5,4,D유형_여유자산가층
511100172,후기고령자(75+),2290,77160,0.9505703422053232,0.6550218337750997,0.6970852287277967,False,일반,5,3,D유형_여유자산가층
511200132,전기고령자(65-74),1119,2058,0.0,0.21894548684634002,0.1383437498624657,False,일반,1,1,A유형_구조적취약층
511200142,후기고령자(75+),1953,15220,0.0,0.3072196619010652,0.1296562498717565,False,일반,1,3,C유형_기타일반가구
511200182,후기고령자(75+),2842,41400,0.6351791530944625,0.17593244188038973,0.5244508917084303,False,일반,4,3,D유형_여유자산가층
511200192,전기고령자(65-74),1067,350,0.0,0.3186504214445638,0.13888541652855307,False,일반,1,1,A유형_구조적취약층
511200312,후기고령자(75+),1951,85760,0.8512126865671642,0.4920553559753688,0.674764650278004,False,일반,5,3,D유형_여유자산가층
511200322,전기고령자(65-74),5449,110349,0.7249725869740551,0.29363185900282035,0.5604571564597965,False,일반,5,4,D유형_여유자산가층
511300132,전기고령자(65-74),1139,1994,0.0,0.3248463561678258,0.1506731916545281,False,일반,1,2,A유형_구조적취약층
511900121,전기고령자(65-74),17191,318000,0.6289308176100629,0.11401314640718904,0.47081424826486756,False,일반,5,5,D유형_여유자산가층
511900371,전기고령자(65-74),8296,112080,0.9100642398286938,0.22902603661655904,0.6744373220667215,False,일반,5,5,D유형_여유자산가층
511900391,전기고령자(65-74),1100,65255,0.8428472913952954,0.5454545449586776,0.6526637570261216,False,자산부유-현금빈곤,4,1,B유형_자산소득불일치
512000132,전기고령자(65-74),2542,13200,0.0,1.1605035400627446,0.13676041653036594,False,일반,1,3,C유형_기타일반가구
512000142,후기고령자(75+),970,1540,0.0,0.3195876285365076,0.13989583319413915,False,일반,1,1,A유형_구조적취약층
512000162,전기고령자(65-74),3061,43893,0.797393661859522,0.4916693889279094,0.6124960690115351,False,일반,4,3,D유형_여유자산가층
512000182,후기고령자(75+),2222,55510,0.9908124662223022,0.45004500429790956,0.7213448525399273,False,일반,4,3,D유형_여유자산가층
512000372,전기고령자(65-74),5493,65350,0.9125475285171103,0.2457673402064869,0.69026109405808,False,일반,4,4,D유형_여유자산가층
512100102,전기고령자(65-74),6166,10240,0.0,0.19948102494332126,0.18478081368162466,False,일반,1,5,C유형_기타일반가구
512100112,전기고령자(65-74),1344,73700,0.8802816901408451,0.3497023806921857,0.6641718625374617,False,일반,5,2,C유형_기타일반가구
512100162,전기고령자(65-74),988,3180,0.0,0.728744938533659,0.13970833319433967,False,일반,1,1,A유형_구조적취약층
512100172,전기고령자(65-74),3959,5560,0.0,0.12528416263569483,0.3339560096785077,False,일반,1,4,C유형_기타일반가구
512100382,전기고령자(65-74),6587,37410,0.8019246190858059,0.1669955973634438,0.615636909397788,False,일반,3,5,C유형_기타일반가구
512200142,전기고령자(65-74),4281,37950,0.5270092226613966,0.21256715715660657,0.44335290071997235,False,일반,3,4,C유형_기타일반가구
512200152,전기고령자(65-74),3778,40765,0.6365839923609921,0.23080995229465062,0.5727087864506634,False,일반,3,4,C유형_기타일반가구
512200332,전기고령자(65-74),1947,25100,0.9561752988047809,0.4211607599274983,0.7034270233339509,False,일반,3,3,C유형_기타일반가구
512200372,후기고령자(75+),3803,20816,0.9292035398230089,0.2471732841842826,0.6943202695450947,False,일반,3,4,C유형_기타일반가구
512300322,후기고령자(75+),885,2330,0.0,0.6779661009288519,0.14078124985985893,False,일반,1,1,A유형_구조적취약층
512900101,전기고령자(65-74),5742,109650,0.729594163246694,0.1253918495079429,0.5774607057335759,False,일반,5,5,D유형_여유자산가층
512900111,후기고령자(75+),765,10500,0.0,1.0980392142509292,0.1420312498585221,False,일반,1,1,A유형_구조적취약층
512900151,후기고령자(75+),4498,87944,0.9665241517329209,0.4001778567362877,0.7064905352488986,False,일반,5,4,D유형_여유자산가층
512900331,전기고령자(65-74),1277,68580,0.9477981918926801,0.5794831632110546,0.714218195305033,False,자산부유-현금빈곤,4,2,B유형_자산소득불일치
512900371,후기고령자(75+),1880,15220,0.0,0.3255319147204617,0.14020833319346498,False,일반,1,2,A유형_구조적취약층
513000102,후기고령자(75+),2402,69250,0.8375451263537906,0.4787676933893557,0.6400193693011879,False,일반,4,3,D유형_여유자산가층
513000142,전기고령자(65-74),1983,52000,0.9230769230769231,0.41855774058569956,0.7031365248567909,False,일반,4,3,D유형_여유자산가층
513000152,후기고령자(75+),3251,20134,0.9287638153617535,0.23685019986562592,0.690329002893849,False,일반,3,3,C유형_기타일반가구
513000182,후기고령자(75+),1584,72800,0.9972444561081223,0.5176767673499515,0.740427945788095,False,자산부유-현금빈곤,5,2,B유형_자산소득불일치
513000302,후기고령자(75+),2449,15600,0.8333333333333334,0.38383013459214776,0.6372474881931549,False,일반,3,3,C유형_기타일반가구
513000312,전기고령자(65-74),3169,53830,0.5573100501579045,0.24140107281748152,0.5616976978498623,False,일반,3,3,C유형_기타일반가구
513000332,후기고령자(75+),3513,2006,0.0,0.11670936518169389,0.11340624988913499,False,일반,1,4,C유형_기타일반가구
513000382,후기고령자(75+),376,31530,0.9514747859181731,1.2234042520654143,0.717209155482426,False,일반,3,1,C유형_기타일반가구
513100122,후기고령자(75+),903,3320,0.0,0.6423034322898079,0.14059374986005946,False,일반,1,1,A유형_구조적취약층
513100352,전기고령자(65-74),4634,108550,0.3331978870377895,0.05826499782946374,0.4883220521681583,False,일반,4,4,D유형_여유자산가층
513200122,후기고령자(75+),1845,13395,0.9676218831410495,0.34634146322691517,0.7136835552257317,False,일반,3,2,C유형_기타일반가구
513200192,후기고령자(75+),4425,204800,0.4699248120300752,0.1853107344213987,0.5265097391726687,False,일반,5,4,D유형_여유자산가층
513200312,전기고령자(65-74),1138,1155,0.0,0.47891036864770614,0.18468323210434737,False,일반,1,2,A유형_구조적취약층
513200352,전기고령자(65-74),7841,110930,0.703146128188948,0.3106746588049133,0.5856586259517756,False,일반,5,5,D유형_여유자산가층
513300112,후기고령자(75+),1279,59000,0.9830508474576272,0.4300234554886446,0.7331722311466949,False,자산부유-현금빈곤,4,2,B유형_자산소득불일치
513300122,전기고령자(65-74),4849,35690,0.30307864093156806,0.27222107645448107,0.43739701078973,False,일반,3,4,C유형_기타일반가구
513300132,전기고령자(65-74),278,22070,0.9968282736746715,1.3309352470110243,0.7457707434889823,False,일반,3,1,C유형_기타일반가구
513300142,후기고령자(75+),1412,18480,0.9199134199134199,0.373937676788996,0.6962202596114316,False,일반,3,2,C유형_기타일반가구
513300152,후기고령자(75+),3368,28500,0.9824561403508771,0.3206650830401826,0.7219351966360997,False,일반,3,4,C유형_기타일반가구
513300332,전기고령자(65-74),1593,7420,0.0,0.48964218425006767,0.1334062498677461,False,일반,1,2,C유형_기타일반가구
513300372,전기고령자(65-74),1581,8134,0.7265933153414988,0.2428842503207563,0.5694895903255361,False,일반,3,2,C유형_기타일반가구
513300382,전기고령자(65-74),1205,9013,0.0,0.3402489623732373,0.13744791653009042,False,일반,1,2,A유형_구조적취약층
513900101,전기고령자(65-74),2621,31441,0.9976803930860749,0.2556276229471089,0.7395107697562215,False,일반,4,3,D유형_여유자산가층
513900111,후기고령자(75+),1044,38350,0.9908735332464146,0.3544061299287297,0.7336523262722177,False,자산부유-현금빈곤,4,1,B유형_자산소득불일치
513900121,후기고령자(75+),1254,46100,0.9761388286334056,0.4306220092259792,0.7291552058180958,False,자산부유-현금빈곤,4,2,B유형_자산소득불일치
513900131,후기고령자(75+),6966,37310,0.9916912355936747,0.15503875966766598,0.7208304503397724,False,일반,4,5,D유형_여유자산가층
513900161,전기고령자(65-74),3958,87774,0.5838052425710782,0.2779181404047706,0.553133561855242,False,일반,4,4,D유형_여유자산가층
513900181,전기고령자(65-74),4618,25798,0.0,0.20355132087406855,0.12594791654155388,False,일반,1,4,C유형_기타일반가구
513900331,후기고령자(75+),972,280,0.0,0.41152263332147876,0.1398749998608281,False,일반,1,1,A유형_구조적취약층
514000192,전기고령자(65-74),3288,1450,0.0,0.2828467152424432,0.17938718723105163,False,일반,1,3,C유형_기타일반가구
514100102,후기고령자(75+),2632,44310,0.9941849559182142,0.3229483281447765,0.7377504706903064,False,일반,4,3,D유형_여유자산가층
514100132,후기고령자(75+),937,15005,0.9996667777407531,0.30522945538396,0.7400428847558658,False,일반,3,1,C유형_기타일반가구
514100152,전기고령자(65-74),5593,26660,0.6751687921980495,0.30395136772681003,0.6153917797316419,False,일반,3,4,C유형_기타일반가구
514100172,후기고령자(75+),738,13580,0.9941089837997055,0.5420054193197759,0.7387811070706883,False,일반,3,1,C유형_기타일반가구
514100302,전기고령자(65-74),2766,34600,0.0,0.30368763546504424,0.12118749988081334,False,일반,1,3,C유형_기타일반가구
514100342,전기고령자(65-74),7033,54333,0.9018460235952368,0.22351770222898937,0.6602779807058462,False,일반,4,5,D유형_여유자산가층
514200102,후기고령자(75+),7278,134310,0.5576933801795773,0.24732069246395702,0.557781155059107,False,일반,5,5,D유형_여유자산가층
514200142,전기고령자(65-74),4255,141514,0.6619563248184847,0.2831962396514227,0.6055661721127361,False,일반,5,4,D유형_여유자산가층
514200332,전기고령자(65-74),4360,62140,0.0,0.35435779808386286,0.32813671890793494,False,일반,1,4,C유형_기타일반가구
514200342,전기고령자(65-74),4472,-1132,0.0,0.2119856886824719,0.19362568759607082,False,일반,1,4,C유형_기타일반가구
514300152,후기고령자(75+),848,3030,0.0,0.46698113152478643,0.1411666665261134,False,일반,1,1,A유형_구조적취약층
514300362,후기고령자(75+),1994,42150,0.9489916963226572,0.3460381141694894,0.7093092356647253,False,일반,4,3,D유형_여유자산가층
514900111,전기고령자(65-74),4773,9384,0.0,0.30169704581988327,0.12881174434702866,False,일반,1,4,C유형_기타일반가구
514900351,후기고령자(75+),4511,128000,0.32575757575757575,0.13300820214298198,0.4886296318096834,False,일반,4,4,D유형_여유자산가층
515000332,후기고령자(75+),1549,25300,0.0,0.6262104579559647,0.1419322915250145,False,일반,1,2,A유형_구조적취약층
515000392,전기고령자(65-74),768,1766,0.0,0.4492187494150798,0.14199999985855555,False,일반,1,1,A유형_구조적취약층
515100122,후기고령자(75+),921,1530,0.0,0.553745927737518,0.14040624986025999,False,일반,1,1,A유형_구조적취약층
515100172,후기고령자(75+),2707,10200,0.0,0.30291835969600356,0.13590104153125515,False,일반,1,3,C유형_기타일반가구
515100182,후기고령자(75+),2855,45002,0.6666370383538509,0.5078809105051205,0.5412255070626364,False,일반,3,3,C유형_기타일반가구
515100362,전기고령자(65-74),3174,28270,0.0,0.15437933202445517,0.13346874986710525,False,일반,1,3,C유형_기타일반가구
515200172,후기고령자(75+),1139,690,0.0,0.2194907811944769,0.13813541652935518,False,일반,1,2,A유형_구조적취약층
515200332,전기고령자(65-74),3226,24418,0.7994420002146153,0.10849349035694561,0.6161840653436166,False,일반,3,3,C유형_기타일반가구
515200352,후기고령자(75+),3048,500,0.0,0.13451443565140603,0.11824999988395485,False,일반,1,3,C유형_기타일반가구
515200382,전기고령자(65-74),11147,609760,0.1284165134123914,0.3346191800184248,0.37929761206597284,False,일반,5,5,D유형_여유자산가층
515200392,전기고령자(65-74),3933,254300,0.0,0.340961098311477,0.28280177263047035,False,일반,1,4,C유형_기타일반가구
515300152,전기고령자(65-74),777,2950,0.0,0.5405405398448642,0.1419062498586558,False,일반,1,1,A유형_구조적취약층
515300162,전기고령자(65-74),678,-840,0.0,0.5604719755745251,0.14293749985755294,False,일반,1,1,A유형_구조적취약층
515300302,후기고령자(75+),1868,210,0.0,0.32922912187942766,0.13054166653747626,False,일반,1,2,C유형_기타일반가구
515300352,전기고령자(65-74),1882,648,0.0,0.13815090322096124,0.1303958332042989,False,일반,1,2,C유형_기타일반가구
515300362,전기고령자(65-74),953,74,0.0,0.2780692546924772,0.14007291652728313,False,일반,1,1,A유형_구조적취약층
515900111,후기고령자(75+),4228,56226,0.8892683100345036,0.14900662248131347,0.6681237009020496,False,일반,4,4,D유형_여유자산가층
515900131,전기고령자(65-74),2913,4130,0.0,0.20597322341023921,0.14170142066257915,False,일반,1,3,C유형_기타일반가구
515900191,후기고령자(75+),1340,6530,0.0,0.18656716403987522,0.1360416665315943,False,일반,1,2,C유형_기타일반가구
515900341,후기고령자(75+),3873,80620,0.0,0.20655822354594416,0.37154547661849124,False,일반,1,4,C유형_기타일반가구
515900391,전기고령자(65-74),2376,4060,0.0,0.2020202019351767,0.13762499986280466,False,일반,1,3,C유형_기타일반가구
516000102,전기고령자(65-74),2175,-700,0.0,0.17011494245052186,0.12734374987422958,False,일반,1,3,C유형_기타일반가구
516000122,후기고령자(75+),1153,9000,0.0,0.3555941020333095,0.14399479152288036,False,일반,1,2,A유형_구조적취약층
516000152,후기고령자(75+),1108,153800,0.48293625241468124,0.5415162449986315,0.5627771483601908,False,자산부유-현금빈곤,5,1,B유형_자산소득불일치
516000182,전기고령자(65-74),2631,28980,0.95,0.28886354987120355,0.7125500299602283,False,일반,4,3,D유형_여유자산가층
516000382,전기고령자(65-74),31749,426855,0.0,0.12598822009745225,0.2145729102428949,False,일반,1,5,C유형_기타일반가구
516100322,후기고령자(75+),1806,200,0.0,0.5315614614996891,0.1311874998701189,False,일반,1,2,C유형_기타일반가구
516100332,후기고령자(75+),1121,7030,0.0,0.5619982153773432,0.13832291652915465,False,일반,1,1,A유형_구조적취약층
516100352,전기고령자(65-74),823,550,0.0,0.9234507886713842,0.14142708319250158,False,일반,1,1,A유형_구조적취약층
516100362,전기고령자(65-74),3577,24060,0.3192338387869114,0.26279004745239304,0.4539237184149933,False,일반,3,4,C유형_기타일반가구
516200152,후기고령자(75+),4066,71500,0.7947019867549668,0.19675356610999667,0.6387596916341601,False,일반,4,4,D유형_여유자산가층
516200172,후기고령자(75+),2230,73556,0.9930979691146532,0.3946188339037584,0.7344212060526385,False,일반,5,3,D유형_여유자산가층
516300132,전기고령자(65-74),19156,127065,0.5477126151908094,0.13572770932680478,0.4730834135920972,False,일반,5,5,D유형_여유자산가층
516300172,후기고령자(75+),5348,546200,0.5298481102084069,0.2804786835675993,0.4878316702548005,False,일반,5,4,D유형_여유자산가층
516300332,전기고령자(65-74),1267,3890,0.9985734664764622,0.28413575352475473,0.7359493944630165,False,일반,3,2,C유형_기타일반가구
516900121,후기고령자(75+),923,140,0.0,0.4333694469844318,0.14038541652694891,False,일반,1,1,A유형_구조적취약층
516900151,후기고령자(75+),893,7526,0.0,0.35834266477229265,0.14069791652661473,False,일반,1,1,A유형_구조적취약층
516900161,전기고령자(65-74),10150,196120,0.7138486640832143,0.21477832510199227,0.5290799518661925,False,일반,5,5,D유형_여유자산가층
516900171,전기고령자(65-74),4713,1030,0.0,0.20581370672484325,0.1254531248753992,False,일반,1,4,C유형_기타일반가구
516900311,후기고령자(75+),1745,1280,0.0,0.30945558721521166,0.14091145819273743,False,일반,1,2,A유형_구조적취약층
517000102,후기고령자(75+),1527,30200,0.9933774834437086,0.2750491157334321,0.7301234544987475,False,일반,3,2,C유형_기타일반가구
517000132,후기고령자(75+),15186,210400,0.0,0.15804030026616356,0.2129136981483324,False,일반,1,5,C유형_기타일반가구
517000332,전기고령자(65-74),1925,5083,0.9851334408024359,0.29610389595007586,0.7246135186977729,False,일반,2,3,C유형_기타일반가구
517100322,후기고령자(75+),1987,49510,0.9949258780220873,0.7166582784516062,0.726260829594831,False,일반,5,3,D유형_여유자산가층
517200102,후기고령자(75+),1417,73550,0.5118300338000966,0.28228652061941667,0.5711599583845779,False,자산부유-현금빈곤,4,2,B유형_자산소득불일치
517300112,후기고령자(75+),870,8005,0.0,0.24137931006738012,0.14093749985969184,False,일반,1,1,A유형_구조적취약층
517300122,후기고령자(75+),2117,125300,0.9572901325478645,0.19839395361436282,0.7231082573865817,False,일반,5,3,D유형_여유자산가층
517300162,전기고령자(65-74),16335,440570,0.34001317551055105,0.1346801346718898,0.48122046564224874,False,일반,5,5,D유형_여유자산가층
517300302,후기고령자(75+),653,115400,0.9792027729636048,3.9816232710848034,0.7361240335587176,False,자산부유-현금빈곤,5,1,B유형_자산소득불일치
517300342,전기고령자(65-74),4297,72350,0.9703504043126685,0.5026762856637942,0.7189779015384554,False,일반,5,4,D유형_여유자산가층
517300382,전기고령자(65-74),2987,-2354,0.0,0.133913625666584,0.21563589487654733,False,일반,1,3,C유형_기타일반가구
517300392,전기고령자(65-74),2445,170500,0.0,0.9938650302683579,0.2952386841301815,False,일반,1,3,C유형_기타일반가구
517900301,후기고령자(75+),1035,27380,0.7304601899196493,0.5797101443674297,0.5845314092747975,False,일반,3,1,C유형_기타일반가구
517900331,후기고령자(75+),2342,46243,0.9983361064891847,0.27754056350233114,0.7246090610478629,False,일반,4,3,D유형_여유자산가층
517900361,전기고령자(65-74),4434,31390,0.7597595584456214,0.2368064952104631,0.6201942591929073,False,일반,4,4,D유형_여유자산가층
517900391,전기고령자(65-74),1434,2561,0.0,0.18828451869715165,0.14414110234454694,False,일반,1,2,C유형_기타일반가구
518000122,후기고령자(75+),1965,80440,0.803063998023227,0.636132315197897,0.6216066223863697,False,일반,4,3,D유형_여유자산가층
518000312,후기고령자(75+),1977,24800,0.967741935483871,0.4198280220435872,0.7100545427713286,False,일반,3,3,C유형_기타일반가구
518100142,전기고령자(65-74),25468,204150,0.4231311706629055,0.09030940788085796,0.4515685590917973,False,일반,5,5,D유형_여유자산가층
518100172,후기고령자(75+),11934,331416,0.0,0.16088486675373848,0.23158188146524727,False,일반,1,5,C유형_기타일반가구
518100352,후기고령자(75+),4404,40000,0.875,0.3860127156253377,0.6520653313701885,False,일반,4,4,D유형_여유자산가층
518200342,후기고령자(75+),1117,758,0.0,0.3312444043587785,0.14418229152268638,False,일반,1,1,A유형_구조적취약층
518300102,후기고령자(75+),555,520,0.0,0.27567567517896274,0.14421874985618272,False,일반,1,1,A유형_구조적취약층
518300312,후기고령자(75+),1927,19800,0.0,0.7784120390355931,0.383085954513937,False,일반,1,3,A유형_구조적취약층
518900131,전기고령자(65-74),3967,558,0.0,0.0957902697010864,0.12933854153804553,False,일반,1,4,C유형_기타일반가구
518900321,전기고령자(65-74),4838,43300,0.3695150115473441,0.051674245545333966,0.4850822088407671,False,일반,3,4,C유형_기타일반가구
519000122,후기고령자(75+),1889,190200,0.0,0.2424563259701131,0.3573921590408421,False,일반,1,2,C유형_기타일반가구
519000192,전기고령자(65-74),1132,562,0.0,0.3401060067666908,0.13820833319594386,False,일반,1,1,A유형_구조적취약층
519100182,전기고령자(65-74),3257,148700,0.8944543828264758,0.29167945953586755,0.6567735375224268,False,일반,5,3,D유형_여유자산가층
519200152,후기고령자(75+),1042,1600,0.0,0.5182341645698328,0.13914583319494125,False,일반,1,1,A유형_구조적취약층
519200162,전기고령자(65-74),4867,236890,0.9709147705686183,0.3410725292087379,0.7080473304021335,False,일반,5,4,D유형_여유자산가층
519200182,전기고령자(65-74),1506,345450,0.9552757273122015,1.2616201850852455,0.7160122954590975,False,자산부유-현금빈곤,5,2,B유형_자산소득불일치
519300132,후기고령자(75+),772,370900,0.0,2.590673571773739,0.36396527199693834,False,일반,1,1,A유형_구조적취약층
519900101,후기고령자(75+),1696,4030,0.0,0.5660377355153079,0.1411666665258067,False,일반,1,2,A유형_구조적취약층
519900151,후기고령자(75+),466,14400,0.0,0.6652360500746007,0.14514583318852456,False,일반,1,1,A유형_구조적취약층
530000202,후기고령자(75+),1751,20500,0.0,0.3997715588807701,0.13176041653617288,False,일반,1,2,C유형_기타일반가구
530100242,전기고령자(65-74),1679,43030,0.9993028119916337,1.4175104220264976,0.7320953374702016,False,일반,4,2,C유형_기타일반가구
530100272,후기고령자(75+),1404,180,0.0,0.2706552704624962,0.14268749985756637,False,일반,1,2,A유형_구조적취약층
530200262,후기고령자(75+),956,31650,0.9049773755656109,0.46025104554367047,0.683785177944452,False,일반,3,1,C유형_기타일반가구
530200272,전기고령자(65-74),8053,220912,0.6729112833763996,0.4346206382174816,0.5470223854521173,False,일반,5,5,D유형_여유자산가층
530900221,후기고령자(75+),2790,2866,0.0,0.20788530458498736,0.12093749988108073,False,일반,1,3,C유형_기타일반가구
530900241,후기고령자(75+),3354,44934,0.8235073928504586,0.3309481215471234,0.6687500690293191,False,일반,4,4,D유형_여유자산가층
531000252,전기고령자(65-74),986,-4674,0.0,0.25557809304708107,0.13972916652765074,False,일반,1,1,A유형_구조적취약층
531100222,전기고령자(65-74),1409,35523,0.9571263688314613,0.18452803393575015,0.7096018350882912,False,일반,4,2,C유형_기타일반가구
531200252,전기고령자(65-74),3328,50230,0.7963368504877564,0.30048076914048055,0.6218733333469474,False,일반,4,4,D유형_여유자산가층
531300202,후기고령자(75+),2166,5859,0.0,0.27100646340212076,0.16530212859959337,False,일반,1,3,C유형_기타일반가구
531300272,전기고령자(65-74),3808,3112,0.0,0.45693277298925083,0.23346411200437994,False,일반,1,4,C유형_기타일반가구
531900261,후기고령자(75+),998,9520,0.0,0.4408817630852888,0.1396041665277844,False,일반,1,1,A유형_구조적취약층
532100212,전기고령자(65-74),4737,9140,0.6445375443119562,0.1351066075290043,0.5426686668253695,False,일반,3,4,C유형_기타일반가구
532100272,후기고령자(75+),1228,35300,0.9831460674157303,0.32573289875754646,0.7334949884294134,False,자산부유-현금빈곤,4,2,B유형_자산소득불일치
532200252,전기고령자(65-74),1521,11600,0.7758620689655172,0.3024326099260798,0.5996760019327658,False,일반,3,2,C유형_기타일반가구
532200292,후기고령자(75+),1436,37340,0.9829968119022316,0.25069637865550387,0.7248429346477032,False,일반,4,2,C유형_기타일반가구
532300202,후기고령자(75+),2553,1250,0.0,0.2820211514759024,0.13670312486375857,False,일반,1,3,C유형_기타일반가구
532300292,후기고령자(75+),2060,41400,0.966183574879227,0.48543689296823456,0.7189841046881047,False,일반,4,3,D유형_여유자산가층
532900251,전기고령자(65-74),8526,36519,0.903639201511542,0.18179685665238132,0.6687435344174522,False,일반,4,5,D유형_여유자산가층
532900291,후기고령자(75+),846,13900,0.935251798561151,0.2127659571953121,0.7023416054671459,False,일반,3,1,C유형_기타일반가구
533000212,후기고령자(75+),1279,1550,0.0,0.40656763064380946,0.1433385415235594,False,일반,1,2,A유형_구조적취약층
533000222,후기고령자(75+),1913,93740,0.14934926392148495,0.39205436466698673,0.4383114580684696,False,일반,3,3,C유형_기타일반가구
533100202,후기고령자(75+),953,330,0.0,0.3987408180495899,0.14007291652728313,False,일반,1,1,A유형_구조적취약층
533100212,후기고령자(75+),758,7470,0.9236947791164659,0.7598944581004031,0.7002719397298605,False,일반,3,1,C유형_기타일반가구
533900201,전기고령자(65-74),1643,16500,0.6060606060606061,0.1704199633777115,0.496523741380999,False,일반,3,2,C유형_기타일반가구
610000102,전기고령자(65-74),961,149000,0.6133333333333333,0.8740894892049017,0.5379919562577342,False,자산부유-현금빈곤,5,1,B유형_자산소득불일치
610000172,후기고령자(75+),2591,142000,0.9859154929577465,0.31648012338229253,0.714562902738719,False,일반,5,3,D유형_여유자산가층
610000182,전기고령자(65-74),7434,57700,0.779896013864818,0.20043045464078146,0.6371888737789322,False,일반,4,5,D유형_여유자산가층
610100162,전기고령자(65-74),8478,161464,0.5573997919040777,0.4104741683875355,0.5398445136211937,False,일반,5,5,D유형_여유자산가층
610100182,전기고령자(65-74),4941,271800,0.6626905235255136,0.18214936244036645,0.5721095929799869,False,일반,5,4,D유형_여유자산가층
610100362,후기고령자(75+),2636,150,0.0,0.49317147174007153,0.1362708331975392,False,일반,1,3,C유형_기타일반가구
610200332,전기고령자(65-74),2664,15750,0.970873786407767,0.37537537523446873,0.718652413452656,False,일반,3,3,C유형_기타일반가구
610201162,전기고령자(65-74),21101,785300,0.33108366229466446,0.3080422728634642,0.3216177201570935,False,일반,5,5,D유형_여유자산가층
610300122,전기고령자(65-74),2628,4630,0.0,0.1461187214055865,0.2576159480412351,False,일반,1,3,C유형_기타일반가구
610300182,전기고령자(65-74),14600,148300,0.14545454545454545,0.15068493149652842,0.25545719308759396,False,일반,4,5,D유형_여유자산가층
610300362,전기고령자(65-74),4959,56356,0.35488679111363475,0.30248033871698315,0.4717686339052573,False,일반,3,4,C유형_기타일반가구
610301122,전기고령자(65-74),1866,16200,0.8902077151335311,0.385852089825374,0.6960707611059498,False,일반,3,2,C유형_기타일반가구
610900141,후기고령자(75+),5038,336000,0.9821428571428571,0.7145692733794027,0.6868097257354774,False,일반,5,4,D유형_여유자산가층
610900311,전기고령자(65-74),8394,8464,0.0,0.19061234212644598,0.16522703527304072,False,일반,1,5,C유형_기타일반가구
611000102,전기고령자(65-74),4807,18800,0.0,0.11233617638603366,0.2608880707959187,False,일반,1,4,C유형_기타일반가구
611000172,전기고령자(65-74),4194,74350,0.4034969737726967,0.30996661890558735,0.37092824351184417,False,일반,3,4,C유형_기타일반가구
611000352,후기고령자(75+),1844,2000,0.0,0.2668112796817726,0.1307916665372089,False,일반,1,2,C유형_기타일반가구
611100132,전기고령자(65-74),13514,193700,0.2726918582002337,0.11469587094015865,0.39097304613228934,False,일반,4,5,D유형_여유자산가층
611100142,후기고령자(75+),4144,97520,0.9228876127973749,0.36196911188176417,0.7047283244254949,False,일반,5,4,D유형_여유자산가층
611100162,전기고령자(65-74),2643,416,0.0,0.13469542181812508,0.14276122033365973,False,일반,1,3,C유형_기타일반가구
611100172,전기고령자(65-74),1241,110710,0.722608617107759,0.5318291695956251,0.6057551421597287,False,자산부유-현금빈곤,5,2,B유형_자산소득불일치
611100182,후기고령자(75+),1572,54140,0.9974141115626154,0.3244274807096517,0.7406797890165958,False,자산부유-현금빈곤,4,2,B유형_자산소득불일치
611200122,전기고령자(65-74),11013,18300,0.9009009009009009,0.10987015344503132,0.6560576747502785,False,일반,4,5,D유형_여유자산가층
611200182,전기고령자(65-74),1138,10,0.0,0.28998242505273947,0.13814583319601068,False,일반,1,2,A유형_구조적취약층
611200192,전기고령자(65-74),2960,73250,0.7648183556405354,0.47297297281318484,0.5944328568520026,False,일반,4,3,D유형_여유자산가층
611200392,전기고령자(65-74),4595,7020,0.0,0.20892274206552278,0.23139057924851822,False,일반,1,4,C유형_기타일반가구
611300112,후기고령자(75+),2297,31528,0.8967460927491673,0.548541575729847,0.6760870157119354,False,일반,4,3,D유형_여유자산가층
611300132,후기고령자(75+),1289,35400,0.9293785310734464,0.6299456938479863,0.7009165842995086,False,자산부유-현금빈곤,4,2,B유형_자산소득불일치
611300162,후기고령자(75+),1341,24000,0.0,0.44742729273122495,0.161765867556923,False,일반,1,2,A유형_구조적취약층
611300332,전기고령자(65-74),7893,234270,0.36812526075539304,0.31673634862324385,0.48108937221412285,False,일반,5,5,D유형_여유자산가층
611300342,전기고령자(65-74),17667,743020,0.13003562976255495,0.11546951943649349,0.321445883717939,False,일반,5,5,D유형_여유자산가층
612000132,후기고령자(75+),1265,6400,0.0,0.31620553334687307,0.13682291653075881,False,일반,1,2,C유형_기타일반가구
612000162,후기고령자(75+),1075,6040,0.0,0.4651162786371011,0.13880208319530887,False,일반,1,1,A유형_구조적취약층
612000172,전기고령자(65-74),4213,72600,0.6198347107438017,0.22549252308913065,0.5147674779663719,False,일반,4,4,D유형_여유자산가층
612000302,후기고령자(75+),1337,13600,0.0,0.4577412113255488,0.1360729165315609,False,일반,1,2,C유형_기타일반가구
612000312,후기고령자(75+),1520,8600,0.0,0.48157894705159277,0.14208333319152489,False,일반,1,2,A유형_구조적취약층
612000382,후기고령자(75+),1520,5560,0.0,0.36842105238919665,0.13416666653359952,False,일반,1,2,C유형_기타일반가구
612100112,전기고령자(65-74),2329,40200,0.9950248756218906,0.3821382565984808,0.7348879367988183,False,일반,4,3,D유형_여유자산가층
612100122,후기고령자(75+),2741,99280,0.5377395385217051,0.25538124762663944,0.532283805621419,False,일반,4,3,D유형_여유자산가층
612100152,후기고령자(75+),1105,472,0.0,0.2778280540472144,0.13848958319564306,False,일반,1,1,A유형_구조적취약층
612100162,전기고령자(65-74),8181,53354,0.951639415174323,0.16868353499954974,0.6961996388641623,False,일반,4,5,D유형_여유자산가층
612100382,후기고령자(75+),541,30030,0.999000999000999,0.499075784659749,0.7437684153531445,False,자산부유-현금빈곤,4,1,B유형_자산소득불일치
612200332,전기고령자(65-74),14180,34150,0.9032258064516129,0.1480959097215729,0.6742033443547245,False,일반,4,5,D유형_여유자산가층
612300102,전기고령자(65-74),2973,93100,0.644468313641246,0.4238143288180914,0.6033694721402745,False,일반,4,3,D유형_여유자산가층
612300142,후기고령자(75+),1142,19640,0.998003992015968,0.42031523605926857,0.7428577079359431,False,일반,3,2,C유형_기타일반가구
612300302,후기고령자(75+),8225,142100,0.3518648838845883,0.08024316108446891,0.46166832334706254,False,일반,4,5,D유형_여유자산가층
612300312,전기고령자(65-74),3310,57150,0.8748906386701663,0.38066465245297143,0.6754143956347849,False,일반,4,4,D유형_여유자산가층
612300322,후기고령자(75+),778,3010,0.0,0.4473007706332895,0.14189583319200028,False,일반,1,1,A유형_구조적취약층
612300372,전기고령자(65-74),5405,40280,0.9131493506493507,0.23311748376815586,0.6874974351971106,False,일반,4,4,D유형_여유자산가층
612900131,전기고령자(65-74),2163,108221,0.8875203767433436,0.36061026335616725,0.671249472920006,False,일반,5,3,D유형_여유자산가층
612900151,후기고령자(75+),304,95350,0.9963293130571579,1.842105257098338,0.7462174784702199,False,자산부유-현금빈곤,5,1,B유형_자산소득불일치
612900171,전기고령자(65-74),1403,134300,0.41854475209272374,0.9265858867237449,0.5226055814646386,False,자산부유-현금빈곤,4,2,B유형_자산소득불일치
613000142,전기고령자(65-74),2096,60400,0.9933774834437086,0.26240458002747874,0.7355269504687431,False,일반,4,3,D유형_여유자산가층
613000152,전기고령자(65-74),1405,23020,0.7758620689655172,0.4868327398670229,0.6082020435900604,False,일반,3,2,C유형_기타일반가구
613000162,후기고령자(75+),702,74,0.0,0.529914529159666,0.1426874998578203,False,일반,1,1,A유형_구조적취약층
613000192,전기고령자(65-74),5507,84550,0.0,0.1834029416772466,0.3226743767232888,False,일반,1,4,C유형_기타일반가구
613100172,전기고령자(65-74),2180,58048,0.9991730981256891,0.3027522934391045,0.7267987587364625,False,일반,4,3,D유형_여유자산가층
613200152,후기고령자(75+),-769,3901,0.0,,0.39454180225881796,False,일반,1,1,A유형_구조적취약층
613200312,후기고령자(75+),1890,32269,0.29438605787629896,0.3703703701744072,0.4811429321106726,False,일반,3,2,C유형_기타일반가구
613200322,후기고령자(75+),793,332,0.0,0.23076923047822293,0.1417395831921674,False,일반,1,1,A유형_구조적취약층
613200362,전기고령자(65-74),4296,52929,0.7554439177321574,0.16527001858350324,0.6101676258531101,False,일반,4,4,D유형_여유자산가층
613300192,전기고령자(65-74),871,10,0.0,0.7049368533812436,0.14546354152136062,False,일반,1,1,A유형_구조적취약층
613300302,전기고령자(65-74),3967,1500,0.0,0.2772876228189343,0.2543401595360196,False,일반,1,4,C유형_기타일반가구
613900161,전기고령자(65-74),8794,31600,0.4844961240310077,0.12735956332415743,0.5389237992879771,False,일반,3,5,C유형_기타일반가구
613900191,전기고령자(65-74),4019,157080,0.6246096189881324,0.6344861904368037,0.5839427213604388,False,일반,5,4,D유형_여유자산가층
613900321,후기고령자(75+),607,9100,0.989010989010989,0.6754530466631745,0.7370868770322418,False,일반,3,1,C유형_기타일반가구
614000102,전기고령자(65-74),5376,36100,0.8864265927977839,0.08928571426910607,0.6552438835097072,False,일반,4,4,D유형_여유자산가층
614000112,후기고령자(75+),2743,120800,0.9933774834437086,0.5687203789395843,0.7317432461631859,False,일반,5,3,D유형_여유자산가층
614000152,후기고령자(75+),9483,165217,0.8416622830089426,0.19192238740989956,0.6056094683222087,False,일반,5,5,D유형_여유자산가층
614000192,전기고령자(65-74),3230,10110,0.0,0.2631578946553691,0.1581498062042198,False,일반,1,3,C유형_기타일반가구
614000322,후기고령자(75+),3235,70150,0.7127583749109052,0.5378670786590828,0.5444939903497606,False,일반,4,3,D유형_여유자산가층
614000392,후기고령자(75+),8137,57656,0.7136369534189698,0.13518495758446786,0.564698512096062,False,일반,4,5,D유형_여유자산가층
614100132,전기고령자(65-74),757,21999,0.8859357696566998,1.9947159815129247,0.6736789118703472,False,일반,3,1,C유형_기타일반가구
614100142,전기고령자(65-74),7667,42044,0.5232613452573495,0.34433285504834577,0.5098809616594787,False,일반,3,5,C유형_기타일반가구
614100352,전기고령자(65-74),6261,51700,0.8272058823529411,0.22839801944922566,0.6399120231373184,False,일반,4,5,D유형_여유자산가층
614100382,후기고령자(75+),2714,34526,0.8399467068296357,0.4421518052902904,0.6258447289810785,False,일반,3,3,C유형_기타일반가구
614200132,전기고령자(65-74),940,7352,0.0,0.5319148930511544,0.14020833319380496,False,일반,1,1,A유형_구조적취약층
614200302,전기고령자(65-74),2921,24095,0.9632055480639569,0.09619993149736394,0.6979520747842487,False,일반,3,3,C유형_기타일반가구
614200332,전기고령자(65-74),1727,50910,0.06089176978982518,0.45454545428225507,0.40082131997718995,False,일반,2,2,C유형_기타일반가구
614200352,후기고령자(75+),1574,3015,0.0,0.29161372281346015,0.13360416653420107,False,일반,1,2,C유형_기타일반가구
614300302,전기고령자(65-74),1618,4040,0.0,0.37082818271271434,0.13314583320135792,False,일반,1,2,C유형_기타일반가구
614900141,전기고령자(65-74),2639,4371,0.0,0.3334596436781131,0.14609591813638426,False,일반,1,3,C유형_기타일반가구
614900341,전기고령자(65-74),1966,60320,0.0,0.4577822988515858,0.3269333695254717,False,일반,1,3,C유형_기타일반가구
615000132,전기고령자(65-74),2594,53559,0.9335499169140574,0.7710100228330725,0.7082920793191091,False,일반,4,3,D유형_여유자산가층
615000152,후기고령자(75+),874,400,0.0,0.2997711667050673,0.14089583319306972,False,일반,1,1,A유형_구조적취약층
615000192,전기고령자(65-74),5858,67274,0.9761811792268645,0.17241379307401608,0.7173239761772933,False,일반,5,5,D유형_여유자산가층
615100112,후기고령자(75+),3704,205,0.0,0.06479481639719363,0.13070833320329484,False,일반,1,4,C유형_기타일반가구
615100342,전기고령자(65-74),5904,8760,0.0,0.11178861786724446,0.12949999987097452,False,일반,1,5,C유형_기타일반가구
615100372,전기고령자(65-74),3488,78000,0.7920792079207921,0.516055045723608,0.6328263285886032,False,일반,5,4,D유형_여유자산가층
615200122,전기고령자(65-74),2498,156652,0.9641342074816814,0.19215372290145968,0.7169797068189734,False,일반,5,3,D유형_여유자산가층
615200132,후기고령자(75+),499,6350,0.0,0.3006012018024024,0.1448020831888922,False,일반,1,1,A유형_구조적취약층
615200352,후기고령자(75+),3418,20360,0.9823182711198428,0.20479812750005907,0.7225743889711693,False,일반,3,4,C유형_기타일반가구
615200362,전기고령자(65-74),1449,834,0.0,0.3726708071962244,0.13490624986614191,False,일반,1,2,C유형_기타일반가구
615200372,전기고령자(65-74),4630,30252,0.0,0.3110151187233228,0.30395549040719,False,일반,1,4,C유형_기타일반가구
615300182,전기고령자(65-74),2283,77594,0.9279067969172874,0.1708278580066457,0.7144464078551459,False,일반,5,3,D유형_여유자산가층
615300322,후기고령자(75+),1334,4300,0.0,0.4572713639750589,0.13610416653152746,False,일반,1,2,C유형_기타일반가구
615300362,전기고령자(65-74),955,1631,0.0,0.32460732950302895,0.14005208319397205,False,일반,1,1,A유형_구조적취약층
616000122,전기고령자(65-74),6247,25080,0.9968102073365231,0.10885224906213346,0.7320204853975962,False,일반,3,5,C유형_기타일반가구
616000302,전기고령자(65-74),7177,38500,0.0,0.05294691374488687,0.32690827955187185,False,일반,1,5,C유형_기타일반가구
616100142,전기고령자(65-74),5438,-1405,0.0,0.07282089001970929,0.09335416657724623,False,일반,1,4,C유형_기타일반가구
616100392,전기고령자(65-74),1415,10225,0.684596577017115,0.1667844521789509,0.5460205780944482,False,일반,3,2,C유형_기타일반가구
616200122,후기고령자(75+),1980,10067,0.0,0.5656565653708805,0.13968749986067056,False,일반,1,3,A유형_구조적취약층
616200132,전기고령자(65-74),1752,7091,0.0,0.23401826470661055,0.35200099700272186,False,일반,1,2,C유형_기타일반가구
616200302,전기고령자(65-74),3128,64147,0.7899628252788105,0.4347826085566552,0.6390551616909055,False,일반,4,3,D유형_여유자산가층
616200342,전기고령자(65-74),4157,96810,0.4267121826328142,0.40894876102743594,0.48156097885145854,False,일반,4,4,D유형_여유자산가층
616300172,전기고령자(65-74),19081,894750,0.0382262996941896,0.17085058434197103,0.2974341357412482,False,일반,4,5,D유형_여유자산가층
616300382,후기고령자(75+),1726,10400,0.9615384615384616,0.30127462323216997,0.7179366049836109,False,일반,3,2,C유형_기타일반가구
616900101,전기고령자(65-74),2372,41622,0.7122168937847205,0.6576728496384179,0.6365688689603626,False,일반,4,3,D유형_여유자산가층
616900121,후기고령자(75+),1858,790,0.0,0.5166846068263269,0.14032291652667975,False,일반,1,2,A유형_구조적취약층
616900171,전기고령자(65-74),1009,1800,0.0,0.2477700691300594,0.13948958319457364,False,일반,1,1,A유형_구조적취약층
616900181,전기고령자(65-74),8228,30570,0.0,0.16042780746713323,0.26774402858697455,False,일반,1,5,C유형_기타일반가구
616900301,후기고령자(75+),968,2630,0.0,0.3305785120551875,0.13991666652745022,False,일반,1,1,A유형_구조적취약층
616900311,전기고령자(65-74),3895,19738,0.0,0.12323491652805266,0.11639343137738607,False,일반,1,4,C유형_기타일반가구
617000102,후기고령자(75+),2873,29140,0.9858692080184029,0.33414549240022784,0.7284507803860498,False,일반,4,3,D유형_여유자산가층
617000152,후기고령자(75+),647,91350,0.9304871373836892,0.8346213279217599,0.7015557100066941,False,자산부유-현금빈곤,5,1,B유형_자산소득불일치
617100302,전기고령자(65-74),673,9000,0.8333333333333334,3.090638925571116,0.6429922798541208,False,일반,3,1,C유형_기타일반가구
617100392,후기고령자(75+),1799,10420,0.9596928982725528,0.5391884377214071,0.7164490527188905,False,일반,3,2,C유형_기타일반가구
617200102,후기고령자(75+),5346,58846,0.9006559494273187,0.271230826735647,0.6764746090395579,False,일반,4,4,D유형_여유자산가층
617200122,전기고령자(65-74),9162,199210,0.0,0.31652477621517955,0.22601124743005652,False,일반,1,5,C유형_기타일반가구
617200312,후기고령자(75+),871,50,0.0,0.33295063107583167,0.29092902479060523,False,일반,1,1,A유형_구조적취약층
617300102,전기고령자(65-74),1291,112560,0.9328358208955224,1.7041053433740467,0.6962565943879653,False,일반,5,2,C유형_기타일반가구
617300162,전기고령자(65-74),24139,2860350,0.0,0.0890674841505834,0.3262442828318405,False,일반,1,5,C유형_기타일반가구
617300192,후기고령자(75+),747,135100,0.9992862241256245,0.8701472545245686,0.7417937180198687,False,자산부유-현금빈곤,5,1,B유형_자산소득불일치
617300302,전기고령자(65-74),2537,191300,0.4496617588539594,1.6160819859613396,0.5063673982604189,False,일반,5,3,D유형_여유자산가층
617300352,전기고령자(65-74),6704,47360,0.5997258396161754,0.21778042956178692,0.5593844611602833,False,일반,4,5,D유형_여유자산가층
617300382,후기고령자(75+),1688,22532,0.332859932540387,0.24289099511677073,0.3655795146389334,False,일반,3,2,C유형_기타일반가구
617900191,전기고령자(65-74),18199,1021000,0.3249390739236393,0.14286499257415985,0.4037137372372595,False,일반,5,5,D유형_여유자산가층
617900331,후기고령자(75+),3301,61200,0.9803921568627451,0.617994546919723,0.7210457581971507,False,일반,4,4,D유형_여유자산가층
617900391,후기고령자(75+),742,30500,0.9836065573770492,0.20215633395935803,0.732437950564663,False,자산부유-현금빈곤,4,1,B유형_자산소득불일치
618000102,전기고령자(65-74),1104,30,0.0,0.2499999997735507,0.1384999998622986,False,일반,1,1,A유형_구조적취약층
618000122,전기고령자(65-74),767,270,0.0,0.4823989563462856,0.14201041652521107,False,일반,1,1,A유형_구조적취약층
618000332,후기고령자(75+),1313,10049,0.9951238929246691,0.8682406695596033,0.7402390141620963,False,일반,3,2,C유형_기타일반가구
618100102,후기고령자(75+),1299,15010,0.0,0.28098537314781724,0.1364687498644709,False,일반,1,2,C유형_기타일반가구
618100132,전기고령자(65-74),4222,106920,0.9352787130564908,0.5447655138453895,0.6891806709314402,False,일반,5,4,D유형_여유자산가층
618100162,전기고령자(65-74),12383,610210,0.5653791317743072,0.3310990874318744,0.4856869221498286,False,일반,5,5,D유형_여유자산가층
618100302,후기고령자(75+),1268,3100,0.0,0.520504731450706,0.13679166653079222,False,일반,1,2,C유형_기타일반가구
618100342,전기고령자(65-74),2063,542,0.0,0.5002423652446717,0.12851041653964856,False,일반,1,3,C유형_기타일반가구
618100352,전기고령자(65-74),5982,73120,0.4786652078774617,0.22066198592098596,0.5004110717277845,False,일반,4,5,D유형_여유자산가층
618200142,전기고령자(65-74),15392,262700,0.7352941176470589,0.13643451142564744,0.5266373855130512,False,일반,5,5,D유형_여유자산가층
618200162,전기고령자(65-74),15690,150800,0.0,0.12555768004298548,0.0955208332390736,False,일반,1,5,C유형_기타일반가구
618300302,후기고령자(75+),5418,159450,0.09933774834437085,0.16611295677997176,0.40213762961031774,False,일반,3,4,C유형_기타일반가구
618300312,전기고령자(65-74),7166,31640,0.4582806573957016,0.13954786489819315,0.454809650475644,False,일반,3,5,C유형_기타일반가구
618300362,전기고령자(65-74),4705,155100,0.5118362124120281,0.28055260355354883,0.46538810707364653,False,일반,5,4,D유형_여유자산가층
618300382,전기고령자(65-74),7607,89080,0.7858105074090705,0.2997239384383168,0.5959015676730952,False,일반,4,5,D유형_여유자산가층
618900131,후기고령자(75+),1054,870,0.0,0.3510436429306986,0.1390208331950749,False,일반,1,1,A유형_구조적취약층
618900171,후기고령자(75+),1066,9300,0.0,0.5909943709277726,0.13889583319520862,False,일반,1,1,A유형_구조적취약층
618900301,전기고령자(65-74),1720,32340,0.30921459492888065,0.4941860462243104,0.483354258982105,False,일반,3,2,C유형_기타일반가구
618900311,후기고령자(75+),2351,7806,0.963159162051529,0.36154827717501137,0.7186637335472169,False,일반,3,3,C유형_기타일반가구
618900321,후기고령자(75+),1455,9600,0.9375,0.10309278343430048,0.6973467836124102,False,일반,3,2,C유형_기타일반가구
619100152,전기고령자(65-74),17775,572760,0.42211903756859437,0.12489451476090607,0.39455176958943,False,일반,5,5,D유형_여유자산가층
619200112,전기고령자(65-74),5969,50936,0.0,0.2512983748950748,0.3646328170671048,False,일반,1,5,C유형_기타일반가구
619200152,후기고령자(75+),1119,1900,0.0,0.2359249327650358,0.1383437498624657,False,일반,1,1,A유형_구조적취약층
619300312,전기고령자(65-74),2291,4700,0.0,0.209515495325397,0.1261354165421885,False,일반,1,3,C유형_기타일반가구
619900161,전기고령자(65-74),1988,1132,0.0,0.26659959745140865,0.139645833194047,False,일반,1,3,A유형_구조적취약층
630000232,전기고령자(65-74),5217,45460,0.7026789635485288,0.31052328918717204,0.5545930186228056,False,일반,4,4,D유형_여유자산가층
630000242,전기고령자(65-74),4982,88683,0.4122235119273619,0.1806503411921617,0.47986880004174515,False,일반,4,4,D유형_여유자산가층
630000252,후기고령자(75+),2867,21868,0.695079568319005,0.28252528765869367,0.5555474117810595,False,일반,3,3,C유형_기타일반가구
630200282,후기고령자(75+),780,1330,0.0,0.6410256402038133,0.14187499985868923,False,일반,1,1,A유형_구조적취약층
630300242,전기고령자(65-74),3824,600,0.0,0.20920502086579368,0.1101666665592662,False,일반,1,4,C유형_기타일반가구
630300252,후기고령자(75+),6660,14800,0.6666666666666666,0.08708708707401094,0.5768778044034821,False,일반,3,5,C유형_기타일반가구
631200212,전기고령자(65-74),7329,33550,0.834575260804769,0.14326647562515124,0.634987100040407,False,일반,3,5,C유형_기타일반가구
631200232,후기고령자(75+),1579,1002,0.0,0.13932868895545997,0.13355208320092346,False,일반,1,2,C유형_기타일반가구
631200242,후기고령자(75+),1029,600,0.0,0.48202137951212687,0.1392812498614631,False,일반,1,1,A유형_구조적취약층
631200252,전기고령자(65-74),9205,60061,0.5379236148466918,0.10537751221017083,0.5102096804061748,False,일반,4,5,D유형_여유자산가층
631300222,후기고령자(75+),2193,4957,0.0,0.3009575922020257,0.1669784165470372,False,일반,1,3,C유형_기타일반가구
631300232,전기고령자(65-74),3859,64390,0.7649437219975959,0.7255765740540098,0.6283531295793565,False,일반,4,4,D유형_여유자산가층
631300292,전기고령자(65-74),-530,18000,0.8333333333333334,,0.6500026965132902,True,일반,3,1,C유형_기타일반가구
631900261,전기고령자(65-74),1191,1106,0.0,0.2267002516988243,0.13759374986326778,False,일반,1,2,A유형_구조적취약층
631900291,전기고령자(65-74),4847,46530,0.8596604341285192,0.2682071383808114,0.6493990168716811,False,일반,4,4,D유형_여유자산가층
632000292,후기고령자(75+),918,8530,0.9964830011723329,0.3267973852649266,0.7383305251785806,False,일반,3,1,C유형_기타일반가구
632100242,전기고령자(65-74),1699,25500,0.0,0.21188934654980024,0.13230208320226025,False,일반,1,2,C유형_기타일반가구
632100272,전기고령자(65-74),869,254,0.0,0.4833141536440574,0.14094791652634736,False,일반,1,1,A유형_구조적취약층
632200202,후기고령자(75+),1682,3728,0.0,0.2794292507256663,0.1324791665354042,False,일반,1,2,C유형_기타일반가구
632200242,전기고령자(65-74),644,14866,0.6726759047490919,0.5434782600256549,0.5468993861497982,False,일반,3,1,C유형_기타일반가구
632200262,후기고령자(75+),780,12200,0.9836065573770492,0.3205128201019066,0.732042117231753,False,일반,3,1,C유형_기타일반가구
632200292,전기고령자(65-74),3293,810,0.0,0.21257212261992953,0.2082917076629613,False,일반,1,3,C유형_기타일반가구
632300212,전기고령자(65-74),9491,44480,0.8992805755395683,0.10957749445689838,0.6665412823385005,False,일반,4,5,D유형_여유자산가층
632900251,전기고령자(65-74),4433,39800,0.8634538152610441,0.27069704482952917,0.6760263976945358,False,일반,4,4,D유형_여유자산가층
632900281,전기고령자(65-74),5607,157336,0.18971012293215966,0.12484394504639844,0.3963535357434232,False,일반,4,5,D유형_여유자산가층
633000212,후기고령자(75+),501,8002,0.9997500624843789,0.35928143640861987,0.7446345225333599,False,일반,3,1,C유형_기타일반가구
633000222,전기고령자(65-74),5302,106700,0.19827586206896552,0.10373443981445973,0.44006104401707835,False,일반,3,4,C유형_기타일반가구
633100202,전기고령자(65-74),2093,410,0.0,0.2962255134752864,0.13909895819461288,False,일반,1,3,C유형_기타일반가구
633300202,전기고령자(65-74),1433,3931,0.0,0.25471039758917624,0.142536458191056,False,일반,1,2,A유형_구조적취약층
633300232,전기고령자(65-74),889,270,0.0,0.6074240713077345,0.14073958319323682,False,일반,1,1,A유형_구조적취약층
633900211,전기고령자(65-74),1400,12100,0.743801652892562,0.11428571420408162,0.5817000652069348,False,일반,3,2,C유형_기타일반가구
710000152,후기고령자(75+),1863,21150,0.0,0.18786902834789637,0.14029687486004003,False,일반,1,2,A유형_구조적취약층
710000162,전기고령자(65-74),10183,571300,0.2684351807989894,0.15908867719148692,0.4399321840257435,False,일반,5,5,D유형_여유자산가층
710000322,후기고령자(75+),1965,43952,0.9871668311944719,0.8447837145828072,0.7218345430564392,False,일반,4,3,D유형_여유자산가층
710100152,전기고령자(65-74),3887,6750,0.0,0.2624131720446583,0.1630889730037408,False,일반,1,4,C유형_기타일반가구
710100162,후기고령자(75+),178,95000,0.968421052631579,3.3707864979169297,0.7292015985708661,False,자산부유-현금빈곤,5,1,B유형_자산소득불일치
710100362,전기고령자(65-74),5378,106800,0.6029684601113172,0.1952398660849312,0.5677254596760452,False,일반,4,4,D유형_여유자산가층
710200112,후기고령자(75+),1261,32000,0.9375,0.35685963492715334,0.6993676169435824,False,일반,4,2,C유형_기타일반가구
710200182,후기고령자(75+),1353,60,0.0,0.5986696226173912,0.13590624986507246,False,일반,1,2,C유형_기타일반가구
710200322,전기고령자(65-74),7855,30610,0.859863135971437,0.14640356458989132,0.6386463584188364,False,일반,3,5,C유형_기타일반가구
710200382,전기고령자(65-74),4649,95050,0.8649687650168189,0.3355560334834252,0.655414575220376,False,일반,5,4,D유형_여유자산가층
710201122,전기고령자(65-74),3146,3040,0.0,0.3242212332090842,0.13361458320028768,False,일반,1,3,C유형_기타일반가구
710300112,전기고령자(65-74),11733,335050,0.8678044547295343,0.15000426147191645,0.6615731414047182,False,일반,5,5,D유형_여유자산가층
710300332,전기고령자(65-74),8629,85480,0.7793557325943886,0.08065824544203752,0.6378799531988557,False,일반,5,5,D유형_여유자산가층
710300342,전기고령자(65-74),6602,100120,0.9488613663603676,0.3453498939192139,0.6996424257820177,False,일반,5,5,D유형_여유자산가층
710300352,후기고령자(75+),3958,260,0.0,0.2801920160989914,0.12938541653799704,False,일반,1,4,C유형_기타일반가구
710301152,후기고령자(75+),863,1005,0.0,0.17381228253324185,0.14101041652628052,False,일반,1,1,A유형_구조적취약층
710900161,전기고령자(65-74),8707,183100,0.6985491671144546,0.22970024115887214,0.5947133281840058,False,일반,5,5,D유형_여유자산가층
710900301,전기고령자(65-74),4586,97900,0.7077856420626896,0.3270824246997203,0.6142370073052641,False,일반,4,4,D유형_여유자산가층
710900311,후기고령자(75+),3660,24380,0.8203445447087777,0.2185792349129565,0.6307315807314114,False,일반,3,4,C유형_기타일반가구
710900331,전기고령자(65-74),4539,4150,0.0,0.10905485787418927,0.19675785144475816,False,일반,1,4,C유형_기타일반가구
711000112,전기고령자(65-74),2003,5350,0.0,0.3594608086073585,0.16293249660496412,False,일반,1,3,A유형_구조적취약층
711000162,후기고령자(75+),4800,61580,0.974342318934719,0.17708333329644096,0.7182666625059487,False,일반,4,4,D유형_여유자산가층
711000172,전기고령자(65-74),4811,48630,0.6991568990335184,0.18914986485363752,0.6033027138850955,False,일반,4,4,D유형_여유자산가층
711100102,전기고령자(65-74),12103,72231,0.0,0.12724117986224562,0.30002341847573705,False,일반,1,5,C유형_기타일반가구
711100152,후기고령자(75+),2165,115800,0.0,0.8775981520195852,0.3509508138791675,False,일반,1,3,C유형_기타일반가구
711100172,후기고령자(75+),1634,87600,0.91324200913242,0.5079559360416426,0.6894377439190326,False,자산부유-현금빈곤,5,2,B유형_자산소득불일치
711100322,전기고령자(65-74),9312,34780,0.9703881552621049,0.21048109963375417,0.69990269987915,False,일반,4,5,D유형_여유자산가층
711200182,전기고령자(65-74),4475,86000,0.9879253567508233,0.07821229048531568,0.7194511191803955,False,일반,5,4,D유형_여유자산가층
711200192,전기고령자(65-74),1021,12144,0.0,0.34280117498256496,0.3858208160451762,False,일반,1,1,A유형_구조적취약층
711300152,후기고령자(75+),1088,76700,0.847457627118644,0.6433823523498323,0.6528106518298308,False,자산부유-현금빈곤,4,1,B유형_자산소득불일치
711300322,전기고령자(65-74),5439,103350,0.4004805766920304,0.2794631365546124,0.5123551885815282,False,일반,4,4,D유형_여유자산가층
711300332,전기고령자(65-74),2509,157700,0.8757525998905309,0.6695894776127583,0.6681109693189444,False,일반,5,3,D유형_여유자산가층
711300342,후기고령자(75+),1353,213000,0.5164319248826291,1.7738359188663444,0.4539876750711425,False,자산부유-현금빈곤,5,2,B유형_자산소득불일치
711300392,전기고령자(65-74),116,26150,0.9956076134699854,4.741379269470868,0.7461594563821534,False,자산부유-현금빈곤,4,1,B유형_자산소득불일치
711301102,전기고령자(65-74),13435,371240,0.26859504132231404,0.25307033864882245,0.41112415175878153,False,일반,5,5,D유형_여유자산가층
711900101,전기고령자(65-74),1116,4726,0.0,1.9354838692334373,0.13837499986243226,False,일반,1,1,A유형_구조적취약층
711900191,전기고령자(65-74),3399,68670,0.7713817375373638,0.42541924082806143,0.6496320599569712,False,일반,5,4,D유형_여유자산가층
711900321,전기고령자(65-74),2406,11840,0.9505703422053232,0.24106400654984872,0.7057391903518695,False,일반,3,3,C유형_기타일반가구
711900361,전기고령자(65-74),13331,190400,0.7615546218487395,0.1402745480353856,0.562485302038035,False,일반,5,5,D유형_여유자산가층
712000102,후기고령자(75+),2115,54400,0.998389694041868,0.3356973993684646,0.7380214220715235,False,일반,4,3,D유형_여유자산가층
712000112,후기고령자(75+),5053,120402,0.8305509875251241,0.27706313075854677,0.6491126484261921,False,일반,5,4,D유형_여유자산가층
712000152,후기고령자(75+),2091,10,0.0,1.2434241983532166,0.12821874987329382,False,일반,1,3,C유형_기타일반가구
712000172,후기고령자(75+),1253,23900,0.0,0.4150039900917765,0.13694791653062513,False,일반,1,2,C유형_기타일반가구
712100112,전기고령자(65-74),3011,38110,0.9864094695309075,0.249086682082668,0.7261665819351513,False,일반,4,3,D유형_여유자산가층
712100162,후기고령자(75+),1128,10500,0.9836065573770492,0.6382978717745585,0.7284171172356297,False,자산부유-현금빈곤,4,1,B유형_자산소득불일치
712100302,후기고령자(75+),4907,180136,0.8216014566771772,0.18341145298891146,0.6174062409150691,False,일반,5,4,D유형_여유자산가층
712200182,전기고령자(65-74),6209,102273,0.8287023496148972,0.2528587533817267,0.6402894119463938,False,일반,5,5,D유형_여유자산가층
712200192,후기고령자(75+),1049,24160,0.9105960264900662,1.3346043838564303,0.696070928797796,False,일반,3,1,C유형_기타일반가구
712200302,후기고령자(75+),825,44,0.0,0.2969696966097337,0.14140624985919054,False,일반,1,1,A유형_구조적취약층
712200352,전기고령자(65-74),2394,28980,0.9380863039399625,0.3625730992637539,0.7019887945818336,False,일반,4,3,D유형_여유자산가층
712300122,후기고령자(75+),2140,42900,0.9724770642201835,0.6915887847235567,0.7223435519921491,False,일반,4,3,D유형_여유자산가층
712300322,전기고령자(65-74),1378,2700,0.0,0.1828737299108318,0.1356458331986843,False,일반,1,2,C유형_기타일반가구
712300332,전기고령자(65-74),764,45600,0.9868421052631579,0.5497382191757353,0.734698375810644,False,자산부유-현금빈곤,4,1,B유형_자산소득불일치
712300352,전기고령자(65-74),3534,52780,0.7052709725315516,0.3169213355073794,0.6011586223227483,False,일반,4,4,D유형_여유자산가층
712300362,후기고령자(75+),5315,45070,0.9984468604393166,0.21448730005371827,0.7213890554455618,False,일반,4,4,D유형_여유자산가층
712900101,전기고령자(65-74),4474,103370,0.27522065103919524,0.1676352257113019,0.3941357512127507,False,일반,3,4,C유형_기타일반가구
712900151,전기고령자(65-74),4012,49732,0.8043111075363951,0.37387836481209413,0.6312262353049937,False,일반,4,4,D유형_여유자산가층
712900161,후기고령자(75+),2520,95400,0.9958071278825996,0.40476190460128497,0.7343624990209716,False,일반,5,3,D유형_여유자산가층
712900311,전기고령자(65-74),11029,65440,0.45843520782396086,0.1931272100649989,0.443690577629542,False,일반,4,5,D유형_여유자산가층
712900321,전기고령자(65-74),3640,23761,0.6312865620133833,0.2692307691568047,0.5834666988123179,False,일반,3,4,C유형_기타일반가구
712900371,후기고령자(75+),1327,8500,0.0,0.4144687261383054,0.13617708319811617,False,일반,1,2,C유형_기타일반가구
713000112,전기고령자(65-74),2632,79400,0.818639798488665,0.3495440728155228,0.6293673879582338,False,일반,4,3,D유형_여유자산가층
713000132,전기고령자(65-74),1420,60300,0.9950248756218906,0.5211267601963896,0.7322264784687523,False,일반,4,2,C유형_기타일반가구
713000152,전기고령자(65-74),3358,15700,0.0,0.2501488980791695,0.13432203418690808,False,일반,1,4,C유형_기타일반가구
713000182,전기고령자(65-74),5202,99350,0.7649723200805234,0.38062283729707364,0.6016180201369742,False,일반,5,4,D유형_여유자산가층
713000322,후기고령자(75+),875,18630,0.966183574879227,0.28799999967085715,0.7205986880200839,False,일반,3,1,C유형_기타일반가구
713100122,후기고령자(75+),2075,1138,0.0,0.3855421684888954,0.13919270819451587,False,일반,1,3,C유형_기타일반가구
713100302,후기고령자(75+),1122,80290,0.9963880931622867,1.2032085550773541,0.741992330061251,False,자산부유-현금빈곤,5,1,B유형_자산소득불일치
713100332,전기고령자(65-74),1571,18500,0.972972972972973,0.5092297896185679,0.7174223488545498,False,일반,3,2,C유형_기타일반가구
713200132,후기고령자(75+),802,710,0.0,0.19950124663403834,0.14164583319226762,False,일반,1,1,A유형_구조적취약층
713200152,전기고령자(65-74),696,4140,0.0,0.5747126428524244,0.14274999985775347,False,일반,1,1,A유형_구조적취약층
713200182,전기고령자(65-74),13058,210800,0.47074954296160876,0.12406187776657514,0.4276272078339548,False,일반,5,5,D유형_여유자산가층
713300142,전기고령자(65-74),627,5050,0.0,0.4306220088825805,0.1434687498569848,False,일반,1,1,A유형_구조적취약층
713300172,전기고령자(65-74),2729,33310,0.9003601440576231,0.1868816415584897,0.667044085366864,False,일반,4,3,D유형_여유자산가층
713300352,전기고령자(65-74),5723,82550,0.963275135460566,0.297047003268033,0.6981609066449506,False,일반,5,5,D유형_여유자산가층
713300392,전기고령자(65-74),2422,9205,0.0,0.49710982638434775,0.13738541652971925,False,일반,1,3,C유형_기타일반가구
713900301,전기고령자(65-74),859,50,0.0,0.3725261928142885,0.14105208319290263,False,일반,1,1,A유형_구조적취약층
714000182,전기고령자(65-74),1377,48645,0.94446155425521,0.3703703701014013,0.7023362386922286,False,일반,4,2,C유형_기타일반가구
714000312,전기고령자(65-74),1392,14220,0.7032348804500703,0.6235632179428424,0.5574432038007728,False,일반,3,2,C유형_기타일반가구
714100102,전기고령자(65-74),2497,41130,0.99712368168744,0.28033640357215206,0.7355119235260793,False,일반,4,3,D유형_여유자산가층
714100112,전기고령자(65-74),3509,16582,0.9458232445520581,0.4987175832149565,0.6999776340034841,False,일반,3,4,C유형_기타일반가구
714100142,전기고령자(65-74),5645,60330,0.0,0.08857395924028805,0.2877106087112129,False,일반,1,5,C유형_기타일반가구
714100362,후기고령자(75+),1625,4334,0.9705311452267513,0.5175384612199763,0.7238582859629951,False,일반,3,2,C유형_기타일반가구
714200132,후기고령자(75+),2696,3110,0.0,0.4747774478951122,0.13595833319786255,False,일반,1,3,C유형_기타일반가구
714200162,전기고령자(65-74),3720,103901,0.9225333112853674,0.5322580643730489,0.6939200704224421,False,일반,5,4,D유형_여유자산가층
714200322,후기고령자(75+),1078,45590,0.9944064636420137,0.6679035244268056,0.741550439340067,False,자산부유-현금빈곤,4,1,B유형_자산소득불일치
714200332,전기고령자(65-74),2506,25850,0.7005253940455342,0.8539505184142256,0.6142667826993956,False,일반,3,3,C유형_기타일반가구
714200352,후기고령자(75+),2658,34000,0.8823529411764706,0.2520692248863547,0.6655708698607493,False,일반,4,3,D유형_여유자산가층
714200362,후기고령자(75+),10739,63000,0.0,0.23465872052941067,0.26073653223850657,False,일반,1,5,C유형_기타일반가구
714300192,전기고령자(65-74),5597,33771,0.5711544173082634,0.43594782911632163,0.5223803864181178,False,일반,3,5,C유형_기타일반가구
714300302,전기고령자(65-74),2358,15780,0.9505703422053232,0.1865988124738767,0.695782781241238,False,일반,3,3,C유형_기타일반가구
714900161,후기고령자(75+),753,6060,0.0,0.5046480736990065,0.14215624985838846,False,일반,1,1,A유형_구조적취약층
714900311,후기고령자(75+),2194,104780,0.7730482916587135,0.6472196897688152,0.6059833667066326,False,일반,5,3,D유형_여유자산가층
714900371,전기고령자(65-74),3061,39372,0.906823849467241,0.26135249909789204,0.6781545356918101,False,일반,4,3,D유형_여유자산가층
714900381,후기고령자(75+),2379,51900,0.6666666666666666,0.29003783089952173,0.615231584512195,False,일반,4,3,D유형_여유자산가층
715000132,후기고령자(75+),1939,317200,0.0,1.083032490416177,0.3553390069071243,False,일반,1,3,A유형_구조적취약층
715000142,후기고령자(75+),1812,117000,0.8438818565400844,0.3973509931581948,0.6785403238220779,False,자산부유-현금빈곤,5,2,B유형_자산소득불일치
715000152,전기고령자(65-74),844,320,0.0,0.4265402838548101,0.1412083331927355,False,일반,1,1,A유형_구조적취약층
715000362,후기고령자(75+),1878,23040,0.9982638888888888,0.5484558037548158,0.729399063582154,False,일반,3,2,C유형_기타일반가구
715100102,후기고령자(75+),830,180,0.0,0.4216867464798955,0.14135416652591287,False,일반,1,1,A유형_구조적취약층
715100112,후기고령자(75+),1378,281,0.0,0.6313497818350147,0.14282291652409296,False,일반,1,2,A유형_구조적취약층
715100332,후기고령자(75+),1693,1163,0.0,0.38393384501834976,0.14118229152579054,False,일반,1,2,A유형_구조적취약층
715100382,후기고령자(75+),1562,39040,0.9989754098360656,0.35211267583091377,0.7412530617737692,False,자산부유-현금빈곤,4,2,B유형_자산소득불일치
715200122,전기고령자(65-74),2321,3720,0.0,0.1637225333202402,0.21991015589583657,False,일반,1,3,C유형_기타일반가구
715200342,전기고령자(65-74),3466,72500,0.30456852791878175,0.08655510672632571,0.4565384824363933,False,일반,4,4,D유형_여유자산가층
715200372,전기고령자(65-74),18702,114620,0.5500550055005501,0.11228745588106687,0.5226648317671407,False,일반,5,5,D유형_여유자산가층
715300302,전기고령자(65-74),4118,96869,0.9032817516439728,0.4118504127217459,0.6745475842901161,False,일반,5,4,D유형_여유자산가층
715300332,전기고령자(65-74),8899,58858,0.8998607762572584,0.2921676592547289,0.6692917071543757,False,일반,4,5,D유형_여유자산가층
715900141,후기고령자(75+),1519,56700,0.9876543209876543,0.5529953913410168,0.7267728718382287,False,일반,4,2,C유형_기타일반가구
715900151,후기고령자(75+),2872,6250,0.0,0.10097493032695859,0.1452458802462647,False,일반,1,3,C유형_기타일반가구
715900171,후기고령자(75+),633,2830,0.0,0.789889414233982,0.14340624985705164,False,일반,1,1,A유형_구조적취약층
715900181,전기고령자(65-74),7358,43414,0.7948870664772988,0.1793965751319113,0.6013862009027346,False,일반,4,5,D유형_여유자산가층
715900351,전기고령자(65-74),4131,12320,0.0,0.2904865649260502,0.13565624986467575,False,일반,1,4,C유형_기타일반가구
715900361,후기고령자(75+),1624,27270,0.9167583425009168,0.5394088666629255,0.6845164606417657,False,일반,3,2,C유형_기타일반가구
716000102,전기고령자(65-74),1891,73550,0.8285862247540134,0.5076679003132375,0.6767932810774951,False,자산부유-현금빈곤,5,2,B유형_자산소득불일치
716000112,전기고령자(65-74),5798,7403,0.0,0.2207657812658217,0.13094635822182857,False,일반,1,5,C유형_기타일반가구
716000122,전기고령자(65-74),4848,62420,0.36936715094804234,0.22689768972217456,0.4781045568563808,False,일반,4,4,D유형_여유자산가층
716000362,전기고령자(65-74),7404,247326,0.37646917093959176,0.12155591570481417,0.4736979431274148,False,일반,5,5,D유형_여유자산가층
716100102,전기고령자(65-74),1145,-2850,0.0,0.15720524003737532,0.13807291652942202,False,일반,1,2,A유형_구조적취약층
716100112,후기고령자(75+),1046,73660,0.993904055128545,0.8030592726548189,0.7354498158749415,False,자산부유-현금빈곤,5,1,B유형_자산소득불일치
716100182,전기고령자(65-74),3834,20255,0.6261740763932373,0.26343244646232855,0.5123939719963371,False,일반,3,4,C유형_기타일반가구
716100342,후기고령자(75+),2632,257000,0.5153846153846153,0.797872340122389,0.5464869488502033,False,일반,5,3,D유형_여유자산가층
716100392,후기고령자(75+),1982,15500,0.6451612903225806,0.3430877899378972,0.5267759451268845,False,일반,3,3,C유형_기타일반가구
716900131,전기고령자(65-74),10040,81712,0.6665697110723289,0.13944223106180853,0.5874260825759897,False,일반,4,5,D유형_여유자산가층
716900191,전기고령자(65-74),12332,119770,0.8349336227769892,0.16866688289258297,0.58675458236856,False,일반,5,5,D유형_여유자산가층
716900351,후기고령자(75+),8376,52300,0.9539473684210527,0.12535816617414539,0.6787465079175904,False,일반,4,5,D유형_여유자산가층
716900361,후기고령자(75+),8039,140000,0.17067653711700595,0.11941783802470234,0.41699627477742085,False,일반,5,5,D유형_여유자산가층
717000162,후기고령자(75+),1828,165850,0.9715812484819043,1.0940919031213938,0.7296249702805573,False,자산부유-현금빈곤,5,2,B유형_자산소득불일치
717000382,후기고령자(75+),555,18320,0.0,1.2252252230176122,0.14421874985618272,False,일반,1,1,A유형_구조적취약층
717100392,후기고령자(75+),804,13025,0.6491885143570537,0.6268656708621074,0.5314523231472076,False,일반,3,1,C유형_기타일반가구
717200102,후기고령자(75+),5626,44850,0.9534088864903759,0.21329541411068334,0.7008414195615205,False,일반,4,5,D유형_여유자산가층
717200172,전기고령자(65-74),13971,122400,0.8842443729903537,0.28630735092074244,0.6525377260522028,False,일반,5,5,D유형_여유자산가층
717200302,후기고령자(75+),868,44,0.0,0.19585253433657543,0.14095833319300288,False,일반,1,1,A유형_구조적취약층
717300102,전기고령자(65-74),2992,107980,0.9724022967216152,0.22058823522039164,0.7190651334923434,False,일반,5,3,D유형_여유자산가층
717300192,전기고령자(65-74),1157,91300,0.9871668311944719,0.2385479686788695,0.7302512097141047,False,자산부유-현금빈곤,5,2,B유형_자산소득불일치
717300312,전기고령자(65-74),3769,70700,0.0,0.5253382858781273,0.2989477910014418,False,일반,1,4,C유형_기타일반가구
717300382,후기고령자(75+),1651,133310,0.05810237638719424,0.43609933347298646,0.40186984030930817,False,일반,3,2,C유형_기타일반가구
717900121,전기고령자(65-74),220,8800,0.0,8.1818181446281,0.14770833318578414,False,일반,1,1,A유형_구조적취약층
718000162,후기고령자(75+),8512,102710,0.7037415281775137,0.22321428568806223,0.6134844961895927,False,일반,5,5,D유형_여유자산가층
718000322,전기고령자(65-74),8737,55246,0.3258154436520291,0.11674487809125043,0.3841099384538751,False,일반,3,5,C유형_기타일반가구
718000332,전기고령자(65-74),5375,92251,0.11089021077060776,0.38139534876625203,0.39537241563022213,False,일반,3,4,C유형_기타일반가구
718100122,전기고령자(65-74),6473,48104,0.37418925661067687,0.10814151087468847,0.34080122305954186,False,일반,3,5,C유형_기타일반가구
718100322,후기고령자(75+),3624,43610,0.0,0.19867549663391956,0.3593439593971318,False,일반,1,4,C유형_기타일반가구
718200132,후기고령자(75+),14424,323400,0.9276437847866419,0.16735995561790348,0.6317734912486451,False,일반,5,5,D유형_여유자산가층
718200142,전기고령자(65-74),27028,344500,0.5483405483405484,0.06289773567918833,0.44646177918360214,False,일반,5,5,D유형_여유자산가층
718200352,전기고령자(65-74),1601,1710,0.0,0.29231730150386176,0.14463528015422802,False,일반,1,2,C유형_기타일반가구
718200372,전기고령자(65-74),2302,1050,0.0,0.31277150290496464,0.1260208332089777,False,일반,1,3,C유형_기타일반가구
718300162,후기고령자(75+),2090,241100,0.941518042306097,0.22009569367459536,0.6931430386721776,False,일반,5,3,D유형_여유자산가층
718300182,후기고령자(75+),2018,5060,0.0,0.38652130803442947,0.1641934602689071,False,일반,1,3,A유형_구조적취약층
718900131,후기고령자(75+),2349,310,0.0,0.28097062567859915,0.13776562486265917,False,일반,1,3,C유형_기타일반가구
718900301,전기고령자(65-74),7517,120040,0.3332222592469177,0.08301183981867609,0.4505302859076663,False,일반,4,5,D유형_여유자산가층
719000102,전기고령자(65-74),10636,229830,0.500369838576339,0.12692741630999177,0.4280528521902318,False,일반,5,5,D유형_여유자산가층
719000152,전기고령자(65-74),4164,29100,0.9943181818181818,0.21613832847835293,0.7249066265729571,False,일반,4,4,D유형_여유자산가층
719100162,전기고령자(65-74),20446,362800,0.5142589995324918,0.13939156802604952,0.4649203367805023,False,일반,5,5,D유형_여유자산가층
719100182,전기고령자(65-74),11877,316700,0.4191773644223212,0.2778479413759495,0.47175647626253875,False,일반,5,5,D유형_여유자산가층
719200132,전기고령자(65-74),4382,165460,0.9720658958354651,0.47923322672769664,0.7123383422534242,False,일반,5,4,D유형_여유자산가층
719300142,전기고령자(65-74),7054,151620,0.928102957554758,0.2268216614365152,0.6701251944249469,False,일반,5,5,D유형_여유자산가층
719900171,후기고령자(75+),742,11380,0.0,0.5121293793637071,0.14227083319159922,False,일반,1,1,A유형_구조적취약층
730000222,전기고령자(65-74),1237,26860,0.7629107981220657,0.2748585284762663,0.6535497364794562,False,일반,3,2,C유형_기타일반가구
730000232,전기고령자(65-74),12006,90250,0.2770083102493075,0.1624187905911695,0.29208716434184445,False,일반,3,5,C유형_기타일반가구
730000282,후기고령자(75+),2128,35485,0.9017894885162745,0.31015037579410226,0.6891521958691261,False,일반,4,3,D유형_여유자산가층
730100252,전기고령자(65-74),665,1505,0.0,0.33082706717168864,0.14307291652407478,False,일반,1,1,A유형_구조적취약층
730200212,전기고령자(65-74),2238,15360,0.0,0.29490616608806697,0.2551138197358638,False,일반,1,3,C유형_기타일반가구
730200222,전기고령자(65-74),2335,7800,0.6410256410256411,0.4111349034641821,0.5455514087959202,False,일반,2,3,C유형_기타일반가구
730200292,전기고령자(65-74),5160,34514,0.4346062467404532,0.1957364340705937,0.39732765429199624,False,일반,3,4,C유형_기타일반가구
730300262,전기고령자(65-74),3526,24410,0.8179959100204499,0.1786727169090548,0.6224356095793894,False,일반,3,4,C유형_기타일반가구
730900221,전기고령자(65-74),3171,12240,0.9803921568627451,0.14821822764168457,0.7052072165480194,False,일반,3,3,C유형_기타일반가구
730900251,후기고령자(75+),4683,131732,0.7591169951112865,0.13239376465248903,0.6356101080018157,False,일반,5,4,D유형_여유자산가층
731000222,후기고령자(75+),2075,19570,0.0,0.2891566263666715,0.143280650735073,False,일반,1,3,C유형_기타일반가구
731100202,후기고령자(75+),1359,10,0.0,0.4724061806678394,0.1358437498651393,False,일반,1,2,C유형_기타일반가구
731200232,후기고령자(75+),891,10,0.0,0.3176206505975077,0.14071874985992577,False,일반,1,1,A유형_구조적취약층
731200282,전기고령자(65-74),3017,153940,0.3767701701961803,1.1634073579173327,0.44875422228724615,False,일반,4,3,D유형_여유자산가층
731300292,후기고령자(75+),2354,16562,0.9358773095036831,0.31818181804665174,0.6992689973934109,False,일반,3,3,C유형_기타일반가구
731900271,전기고령자(65-74),2033,8742,0.8007320979180965,0.20659124436468704,0.6255728971294104,False,일반,3,3,C유형_기타일반가구
731900291,전기고령자(65-74),3902,56825,0.6687197536295645,0.5407483340490138,0.5661073314368936,False,일반,4,4,D유형_여유자산가층
732000232,후기고령자(75+),3374,41111,0.9975394028064108,0.5334914047025812,0.7309539529188286,False,일반,4,4,D유형_여유자산가층
732100212,후기고령자(75+),1694,12380,0.9693053311793215,0.34238488763731706,0.713940501911255,False,일반,3,2,C유형_기타일반가구
732200272,후기고령자(75+),2135,25100,0.9971509971509972,0.3278688523054479,0.737174033262024,False,일반,4,3,D유형_여유자산가층
732200292,전기고령자(65-74),2192,3508,0.9746588693957114,0.3467153283089803,0.732060721803077,False,일반,2,3,A유형_구조적취약층
732300222,후기고령자(75+),917,11050,0.995475113122172,0.5234460190584013,0.7377362057536179,False,일반,3,1,C유형_기타일반가구
732300282,전기고령자(65-74),6675,48400,0.753968253968254,0.16479400746594847,0.6352586215919724,False,일반,4,5,D유형_여유자산가층
732900201,후기고령자(75+),1752,31700,0.9463722397476341,0.5639269403173932,0.7098843867767238,False,자산부유-현금빈곤,4,2,B유형_자산소득불일치
732900211,전기고령자(65-74),5017,83090,0.42122999157540014,0.2531393262401556,0.37796312065739257,False,일반,4,4,D유형_여유자산가층
732900261,후기고령자(75+),1283,24040,0.9983361064891847,0.5845674196534938,0.7356403110360656,False,일반,3,2,C유형_기타일반가구
732900291,후기고령자(75+),3080,102606,0.36702934603526743,0.2597402596559285,0.49813605762721624,False,일반,4,3,D유형_여유자산가층
733000212,후기고령자(75+),2438,57590,0.2396548969483943,0.18047579976190492,0.468827896133823,False,일반,3,3,C유형_기타일반가구
733000222,후기고령자(75+),926,8100,0.9876543209876543,0.1403887687468804,0.7329499551649559,False,일반,3,1,C유형_기타일반가구
733300252,전기고령자(65-74),7521,20566,0.8402150950643364,0.2526259805540984,0.6221618377543049,False,일반,4,5,D유형_여유자산가층
733900201,후기고령자(75+),1981,71250,0.25263157894736843,0.44422009063896006,0.42494799734309974,False,일반,3,3,C유형_기타일반가구
810000182,후기고령자(75+),929,14200,0.0,0.29063509118338526,0.14516145818833986,False,일반,1,1,A유형_구조적취약층
810000352,전기고령자(65-74),5820,155800,0.16018306636155608,0.21855670099337512,0.3714145381720423,False,일반,3,5,C유형_기타일반가구
810100102,후기고령자(75+),906,60,0.0,0.1434878585612717,0.14056249986009287,False,일반,1,1,A유형_구조적취약층
810100362,후기고령자(75+),24964,814080,0.07485990503486332,0.10014420765501746,0.2877936043137962,False,일반,5,5,D유형_여유자산가층
810101122,전기고령자(65-74),2974,169160,0.9897723523589574,0.4909213179250433,0.7287894413323721,False,일반,5,3,D유형_여유자산가층
810101172,전기고령자(65-74),3665,130975,0.9776273735664599,0.5238744882608801,0.7272380317149922,False,일반,5,4,D유형_여유자산가층
810101182,전기고령자(65-74),2301,96600,0.0,1.0430247713850394,0.1510127349906302,False,일반,1,3,C유형_기타일반가구
810200132,후기고령자(75+),4912,230000,0.5633802816901409,0.2361563517434535,0.5680818287926648,False,일반,5,4,D유형_여유자산가층
810200192,전기고령자(65-74),3406,3530,0.0,0.10863182615718385,0.17713279222660266,False,일반,1,4,C유형_기타일반가구
810200342,전기고령자(65-74),1489,2300,0.0,0.41638683652358166,0.13448958319992085,False,일반,1,2,C유형_기타일반가구
810201102,전기고령자(65-74),10491,334000,0.688622754491018,0.07339624439296576,0.4538946310419244,False,일반,5,5,D유형_여유자산가층
810201122,전기고령자(65-74),1397,29140,0.0,0.261274158724929,0.13544791653222932,False,일반,1,2,C유형_기타일반가구
810201162,후기고령자(75+),29978,672900,0.3665069072455596,0.08239375541789333,0.3679548925864736,False,일반,5,5,D유형_여유자산가층
810300122,후기고령자(75+),1091,410,0.0,0.27497708499085505,0.13863541652882044,False,일반,1,1,A유형_구조적취약층
810300322,전기고령자(65-74),3438,3025,0.0,0.3461314716852439,0.11418749988829946,False,일반,1,4,C유형_기타일반가구
810300352,전기고령자(65-74),7120,119140,0.8393486654356219,0.2528089887285381,0.6259713766572417,False,일반,5,5,D유형_여유자산가층
810300382,전기고령자(65-74),14411,306064,0.0,0.09020886821940123,0.2805853669251845,False,일반,1,5,C유형_기타일반가구
810301122,전기고령자(65-74),9475,6952,0.0,0.0981530342904324,0.1171006943281053,False,일반,1,5,C유형_기타일반가구
810301162,후기고령자(75+),3456,147178,0.0,0.29513888880348993,0.3183827378517419,False,일반,1,4,C유형_기타일반가구
810301172,후기고령자(75+),494,45030,0.9993337774816788,0.5465587033470471,0.7444576668512319,False,자산부유-현금빈곤,4,1,B유형_자산소득불일치
810900101,후기고령자(75+),10325,556100,0.32368279086495233,0.3757869249030715,0.3188022475225857,False,일반,5,5,D유형_여유자산가층
810900121,전기고령자(65-74),4172,31300,0.8626198083067093,0.19175455412469927,0.6562290306079044,False,일반,3,4,C유형_기타일반가구
810900181,전기고령자(65-74),4784,137324,0.9969805731214038,0.1651337792296961,0.7232749033070525,False,일반,5,4,D유형_여유자산가층
810900191,전기고령자(65-74),4835,137350,0.9910802775024777,0.23991726985730769,0.719849000866617,False,일반,5,4,D유형_여유자산가층
811000132,전기고령자(65-74),1085,89140,0.0,0.9124423954724032,0.3714178209559116,False,일반,1,1,A유형_구조적취약층
811000172,전기고령자(65-74),422,35442,0.9593138084758196,2.8909952538128074,0.7236644102000772,False,자산부유-현금빈곤,4,1,B유형_자산소득불일치
811000302,후기고령자(75+),2338,2015,0.0,0.7313943538360161,0.12564583320937875,False,일반,1,3,C유형_기타일반가구
811000392,전기고령자(65-74),2974,489978,0.0,1.4122394077295766,0.2504261595779812,False,일반,1,3,C유형_기타일반가구
811100152,후기고령자(75+),873,4050,0.0,0.4238258872579314,0.14090624985972525,False,일반,1,1,A유형_구조적취약층
811100192,전기고령자(65-74),2201,5300,0.0,0.33166742374753866,0.1270729165411859,False,일반,1,3,C유형_기타일반가구
811100342,후기고령자(75+),22828,521030,0.5302139081735788,0.2190292622998498,0.4241817618005782,False,일반,5,5,D유형_여유자산가층
811100362,후기고령자(75+),1355,4020,0.0,0.3690036897645729,0.13588541653176142,False,일반,1,2,C유형_기타일반가구
811200122,전기고령자(65-74),2154,16500,0.0,0.17641597020593502,0.12756249987399565,False,일반,1,3,C유형_기타일반가구
811200322,후기고령자(75+),5399,574900,0.19034435023360444,0.5834413779249044,0.3885379281025947,False,일반,5,4,D유형_여유자산가층
811200332,전기고령자(65-74),8515,166850,0.6573050492978787,0.21139166174851537,0.5825672975234034,False,일반,5,5,D유형_여유자산가층
811300322,후기고령자(75+),1321,48100,0.998003992015968,0.4542013622602563,0.7350452079445046,False,일반,4,2,C유형_기타일반가구
811300342,후기고령자(75+),3774,108680,0.9983663096750771,0.17753047160107832,0.7295936707557436,False,일반,5,4,D유형_여유자산가층
811900151,후기고령자(75+),-22848,94800,0.9918200408997955,,0.745095233915511,True,자산부유-현금빈곤,5,1,B유형_자산소득불일치
811900171,후기고령자(75+),940,2080,0.0,0.45744680802399273,0.14020833319380496,False,일반,1,1,A유형_구조적취약층
811900181,전기고령자(65-74),3310,3450,0.0,0.16435045312255273,0.13276041653450482,False,일반,1,4,C유형_기타일반가구
811900311,전기고령자(65-74),2121,52787,0.0,0.25459688814021836,0.324874061887811,False,일반,1,3,C유형_기타일반가구
811900361,전기고령자(65-74),7284,104480,0.0,0.16199890168012096,0.24504294456795064,False,일반,1,5,C유형_기타일반가구
811900381,전기고령자(65-74),4788,30706,0.6968429982427438,0.14202172093942736,0.5643790934859185,False,일반,3,4,C유형_기타일반가구
811900391,전기고령자(65-74),4625,54299,0.5667894710520612,0.16648648645048938,0.5438950334987303,False,일반,4,4,D유형_여유자산가층
812000102,전기고령자(65-74),3107,1500,0.0,0.16092693911782205,0.11763541655127878,False,일반,1,3,C유형_기타일반가구
812000162,전기고령자(65-74),3308,17627,0.9984523987818881,0.3567110035197367,0.7318455034582104,False,일반,3,4,C유형_기타일반가구
812000302,후기고령자(75+),1634,31620,0.9737098344693281,1.1260709907429185,0.7257186347948152,False,자산부유-현금빈곤,4,2,B유형_자산소득불일치
812000372,전기고령자(65-74),1461,20188,0.8916187834357043,0.6502395614988092,0.6773647801940668,False,일반,3,2,C유형_기타일반가구
812000382,후기고령자(75+),2638,10414,0.9438414346389806,0.40181956012061426,0.7025683315813299,False,일반,3,3,C유형_기타일반가구
812000392,후기고령자(75+),937,3576,0.0,0.2486659549107087,0.14023958319377156,False,일반,1,1,A유형_구조적취약층
812100102,후기고령자(75+),1626,89500,0.994475138121547,0.48585485824978175,0.7297508008585595,False,일반,5,2,C유형_기타일반가구
812100122,후기고령자(75+),2660,49200,0.8130081300813008,0.5563909772344395,0.6239533421374639,False,일반,4,3,D유형_여유자산가층
812200102,후기고령자(75+),2444,102200,0.9893048128342246,0.3682487723534171,0.7328622958341747,False,일반,5,3,D유형_여유자산가층
812200122,전기고령자(65-74),1404,65556,0.0,0.6695156690388064,0.31143854007998245,False,일반,1,2,A유형_구조적취약층
812200142,전기고령자(65-74),2531,4610,0.0,0.16041090471734062,0.3064178934203553,False,일반,1,3,C유형_기타일반가구
812200152,후기고령자(75+),424,18050,0.997229916897507,3.207547162246351,0.7439245103585315,False,일반,3,1,C유형_기타일반가구
812200352,전기고령자(65-74),-680,19985,0.48704892627850344,,0.442230931705454,True,일반,3,1,C유형_기타일반가구
812200372,전기고령자(65-74),11014,30275,0.9578860445912469,0.11349191936503614,0.6902076561446603,False,일반,3,5,C유형_기타일반가구
812300102,전기고령자(65-74),3279,26350,0.9903713892709766,0.20433058853176866,0.7271479132680598,False,일반,4,3,D유형_여유자산가층
812300322,전기고령자(65-74),1390,3415,0.0,0.18992805741731794,0.13552083319881797,False,일반,1,2,C유형_기타일반가구
812300362,전기고령자(65-74),922,75000,0.47368421052631576,1.2364425149279366,0.5298724127689265,False,자산부유-현금빈곤,4,1,B유형_자산소득불일치
812300382,전기고령자(65-74),5189,16970,0.9428403064230996,0.17344382343930548,0.6989936424265207,False,일반,3,4,C유형_기타일반가구
812900101,전기고령자(65-74),870,21080,0.0,0.5057471258554631,0.14093749985969184,False,일반,1,1,A유형_구조적취약층
812900121,전기고령자(65-74),746,113725,0.8617278522752253,0.361930294421005,0.6592686664379507,False,자산부유-현금빈곤,5,1,B유형_자산소득불일치
812900351,전기고령자(65-74),2442,13100,0.8759124087591241,0.45045045026599084,0.6861894961424445,False,일반,3,3,C유형_기타일반가구
813100102,전기고령자(65-74),1613,90280,0.9970612930310663,0.39429634197501773,0.7402325424176188,False,자산부유-현금빈곤,5,2,B유형_자산소득불일치
813100332,후기고령자(75+),4419,15320,0.982532751091703,0.05883684090091947,0.6934915800262512,False,일반,3,4,C유형_기타일반가구
813200122,후기고령자(75+),-163,1130,0.0,,0.14999999984999998,False,일반,1,1,A유형_구조적취약층
813200152,전기고령자(65-74),683,11639,0.9838240170971665,0.9224011699525605,0.7359465968142861,False,일반,3,1,C유형_기타일반가구
813200312,전기고령자(65-74),955,46620,0.2145002145002145,0.5759162297634385,0.4506918319084665,False,일반,3,1,C유형_기타일반가구
813200322,후기고령자(75+),656,265,0.0,0.35975609701256694,0.14316666652397453,False,일반,1,1,A유형_구조적취약층
813300122,전기고령자(65-74),4242,15667,0.9745088988049444,0.31117397446695566,0.7126147426626757,False,일반,3,4,C유형_기타일반가구
813300132,전기고령자(65-74),9963,45726,0.456453078354173,0.2785305630554521,0.40311707396386043,False,일반,3,5,C유형_기타일반가구
813300142,후기고령자(75+),1116,2010,0.0,0.7347670244312122,0.13837499986243226,False,일반,1,1,A유형_구조적취약층
813300372,후기고령자(75+),895,300,0.0,0.3351955303517368,0.14067708319330366,False,일반,1,1,A유형_구조적취약층
813900381,후기고령자(75+),2430,36150,0.0,0.21810699579501772,0.12572485770277964,False,일반,1,3,C유형_기타일반가구
814000152,전기고령자(65-74),-1240,383300,0.3522045395251761,,0.36458505865363355,True,자산부유-현금빈곤,5,1,B유형_자산소득불일치
814000182,후기고령자(75+),1083,11120,0.0,0.27700830999352877,0.13871874986206467,False,일반,1,1,A유형_구조적취약층
814000342,후기고령자(75+),632,39500,0.8860759493670886,2.3322784773223444,0.6750651034821422,False,자산부유-현금빈곤,4,1,B유형_자산소득불일치
814100122,전기고령자(65-74),1280,33080,0.5575117370892019,0.7304687494293213,0.5878788151110719,False,일반,3,2,C유형_기타일반가구
814100312,후기고령자(75+),2715,115650,0.22208121827411167,1.3259668503403437,0.380150870927922,False,일반,4,3,D유형_여유자산가층
814100352,후기고령자(75+),2462,107724,0.0735416687094908,0.4480097479902479,0.40965215946413813,False,일반,3,3,C유형_기타일반가구
814200122,후기고령자(75+),6566,583500,0.1352493660185968,0.3381053913588021,0.4108179687531661,False,일반,5,5,D유형_여유자산가층
814200332,전기고령자(65-74),8795,203870,0.1201746210820621,0.22910744738725328,0.3841256730672389,False,일반,3,5,C유형_기타일반가구
814300112,후기고령자(75+),15062,275400,0.0,0.09693267825674327,0.259096541740282,False,일반,1,5,C유형_기타일반가구
814300122,전기고령자(65-74),979,75100,0.9986684420772304,0.39836567885764484,0.7390063801276099,False,자산부유-현금빈곤,5,1,B유형_자산소득불일치
814300322,후기고령자(75+),1361,24100,0.995850622406639,0.2953710504809911,0.7333365125443909,False,일반,3,2,C유형_기타일반가구
814300362,후기고령자(75+),3728,115,0.0,0.08047210298270599,0.13058333320342416,False,일반,1,4,C유형_기타일반가구
814300392,전기고령자(65-74),9894,84648,0.46574949842361707,0.23135233472494923,0.4892513106022866,False,일반,4,5,D유형_여유자산가층
814900141,전기고령자(65-74),10231,42120,0.9658725048293625,0.16225197926280402,0.6940023227879207,False,일반,4,5,D유형_여유자산가층
814900301,후기고령자(75+),7000,144000,0.5625,0.46357142850520405,0.5204888301343196,False,일반,5,5,D유형_여유자산가층
814900331,후기고령자(75+),1728,120,0.0,0.2546296294822745,0.1409999998593125,False,일반,1,2,A유형_구조적취약층
814900351,후기고령자(75+),1512,142700,0.22424667133847231,0.5291005287505949,0.4615132059735336,False,일반,4,2,C유형_기타일반가구
815000112,전기고령자(65-74),2528,70700,0.9193776520509194,0.26265822774420167,0.6884628995298656,False,일반,4,3,D유형_여유자산가층
815000392,후기고령자(75+),912,1030,0.0,0.4934210520905471,0.18418988576236425,False,일반,1,1,A유형_구조적취약층
815100102,후기고령자(75+),1731,1240,0.0,0.2715193528183019,0.13196874986928342,False,일반,1,2,C유형_기타일반가구
815100112,후기고령자(75+),1291,31,0.0,0.6041828035598893,0.14327604152362408,False,일반,1,2,A유형_구조적취약층
815100132,전기고령자(65-74),2561,16518,0.9913793103448276,0.19523623576913854,0.732569852658618,False,일반,3,3,C유형_기타일반가구
815100322,전기고령자(65-74),5303,11632,0.0,0.18291533091025544,0.14784310782107338,False,일반,1,4,C유형_기타일반가구
815100352,후기고령자(75+),2158,77800,0.9962640099626401,0.39851714532042765,0.7252824630912571,False,일반,5,3,D유형_여유자산가층
815200172,후기고령자(75+),768,15170,0.0,0.28124999963378905,0.14199999985855555,False,일반,1,1,A유형_구조적취약층
815300102,전기고령자(65-74),12036,297960,0.5173008391769169,0.4154204054158009,0.5238242444839171,False,일반,5,5,D유형_여유자산가층
815300152,후기고령자(75+),1330,1460,0.0,0.3609022553677426,0.14307291652383428,False,일반,1,2,A유형_구조적취약층
815300302,전기고령자(65-74),625,416282,0.21019405114801984,2.7679999955712,0.4537992836443755,False,자산부유-현금빈곤,5,1,B유형_자산소득불일치
815300322,후기고령자(75+),1532,53500,0.9719626168224299,1.422976500376647,0.7172223818942809,False,일반,4,2,C유형_기타일반가구
815300352,전기고령자(65-74),1818,1270,0.0,0.21782178205840386,0.22948897073479912,False,일반,1,2,C유형_기타일반가구
815900171,후기고령자(75+),1055,-28960,0.0,0.39810426502549356,0.13901041652841942,False,일반,1,1,A유형_구조적취약층
815900181,후기고령자(75+),734,30050,0.9983361064891847,0.6539509527875328,0.7413590610299498,False,자산부유-현금빈곤,4,1,B유형_자산소득불일치
815900341,후기고령자(75+),935,84230,0.9497803632909889,0.36363636324744775,0.7171682141476847,False,자산부유-현금빈곤,5,1,B유형_자산소득불일치
816000352,전기고령자(65-74),2519,11920,0.0,0.381103612393369,0.353419429477248,False,일반,1,3,C유형_기타일반가구
816100102,전기고령자(65-74),1298,625,0.0,0.23882896745852927,0.13647916653112643,False,일반,1,2,C유형_기타일반가구
816100182,전기고령자(65-74),3609,27500,0.9090909090909091,0.4710446105649641,0.6875698442546802,False,일반,3,4,C유형_기타일반가구
816100342,후기고령자(75+),4088,37550,0.6924101198402131,0.44031311143827956,0.5478184774315273,False,일반,3,4,C유형_기타일반가구
816100392,전기고령자(65-74),438,25951,0.9891502581063955,0.8219178063426534,0.7400977589042358,False,자산부유-현금빈곤,4,1,B유형_자산소득불일치
816200102,전기고령자(65-74),3483,19200,0.9375,0.21820269876020595,0.6775238838224812,False,일반,3,4,C유형_기타일반가구
816200182,후기고령자(75+),290,8000,0.0,1.1172413754577883,0.14697916651989726,False,일반,1,1,A유형_구조적취약층
816200192,후기고령자(75+),3212,73500,0.935672514619883,0.28331257774492136,0.6846734364058583,False,일반,5,3,D유형_여유자산가층
816200382,후기고령자(75+),570,121300,0.29275808936825887,2.3859649080947984,0.4575116002965418,False,자산부유-현금빈곤,4,1,B유형_자산소득불일치
816300102,후기고령자(75+),1395,600,0.0,0.2724014334964864,0.1427343748575179,False,일반,1,2,A유형_구조적취약층
816300112,전기고령자(65-74),10734,69600,0.5980861244019139,0.1453325880244706,0.5196348260143911,False,일반,4,5,D유형_여유자산가층
816300122,전기고령자(65-74),1095,1200,0.0,0.2739726024895227,0.13859374986219833,False,일반,1,1,A유형_구조적취약층
816300172,후기고령자(75+),16826,637840,0.5487269534679543,0.13669321287669717,0.39454217776252204,False,일반,5,5,D유형_여유자산가층
816300352,전기고령자(65-74),6237,145200,0.3975014196479273,0.20041686705140022,0.5146331501384528,False,일반,5,5,D유형_여유자산가층
817000332,전기고령자(65-74),1698,29535,0.9771589104678148,0.2915194344572912,0.730050370175169,False,자산부유-현금빈곤,4,2,B유형_자산소득불일치
817000392,전기고령자(65-74),2459,4200,0.0,0.16592110607323257,0.12438541654406003,False,일반,1,3,C유형_기타일반가구
817100312,전기고령자(65-74),2423,62200,0.8038585209003215,0.3714403630328352,0.6438139898004605,False,일반,4,3,D유형_여유자산가층
817200102,전기고령자(65-74),2133,95684,0.5269344574601759,0.3187998123212378,0.5601879229606921,False,일반,4,3,D유형_여유자산가층
817200122,전기고령자(65-74),3581,63434,0.0,0.5585032112375026,0.13272836250629536,False,일반,1,4,C유형_기타일반가구
817200302,전기고령자(65-74),1141,26935,0.9292870625816756,0.7011393508316044,0.7047024613892409,False,자산부유-현금빈곤,4,2,B유형_자산소득불일치
817200332,전기고령자(65-74),2052,65501,0.9923512618127968,0.46783625708195115,0.7347264681933992,False,일반,4,3,D유형_여유자산가층
817300112,전기고령자(65-74),524,4250,0.0,0.6679389300230173,0.14454166652250403,False,일반,1,1,A유형_구조적취약층
817300132,전기고령자(65-74),5629,108600,0.0,0.159886303044966,0.36759906783929686,False,일반,1,5,C유형_기타일반가구
817300152,후기고령자(75+),8920,333700,0.45236075770426915,0.30269058292570733,0.4969638970373044,False,일반,5,5,D유형_여유자산가층
817300172,전기고령자(65-74),3974,10,0.0,0.18243583286803328,0.12930208320474992,False,일반,1,4,C유형_기타일반가구
817300332,전기고령자(65-74),4054,13302,0.0,0.29600394664627433,0.12888541653851437,False,일반,1,4,C유형_기타일반가구
817300342,전기고령자(65-74),8684,214440,0.27979854504756574,0.39152464297656325,0.4022980532910282,False,일반,4,5,D유형_여유자산가층
817900151,후기고령자(75+),1389,610,0.0,0.23758099334947372,0.2584836610110218,False,일반,1,2,C유형_기타일반가구
817900161,전기고령자(65-74),6013,13610,0.0,0.1766173290908669,0.12912152764913953,False,일반,1,5,C유형_기타일반가구
817900171,전기고령자(65-74),4079,109615,0.9447703027201512,0.2059328266227181,0.6783122493496178,False,일반,5,4,D유형_여유자산가층
817900181,전기고령자(65-74),2893,471170,0.3395801939851858,0.7604562735013978,0.44542249410172635,False,일반,5,3,D유형_여유자산가층
817900311,전기고령자(65-74),698,9441,0.9532888465204957,0.20057306561522484,0.7147055592755847,False,일반,3,1,C유형_기타일반가구
817900321,전기고령자(65-74),3165,3378,0.0,0.2085308056213173,0.14076853106232107,False,일반,1,3,C유형_기타일반가구
817900331,전기고령자(65-74),7732,179250,0.2661207778915046,0.09441282978603041,0.443662682497115,False,일반,4,5,D유형_여유자산가층
818000192,전기고령자(65-74),2736,116165,0.9469289372874791,0.18274853794490187,0.7049757353390468,False,일반,5,3,D유형_여유자산가층
818000302,후기고령자(75+),3098,4980,0.0,0.3550677855535611,0.2478211774478315,False,일반,1,3,C유형_기타일반가구
818100352,후기고령자(75+),19187,88000,0.45454545454545453,0.08599572626851536,0.4421161781920509,False,일반,4,5,D유형_여유자산가층
818100372,후기고령자(75+),2161,17270,0.9843659525188188,0.07866728362856674,0.7181123401229321,False,일반,3,3,C유형_기타일반가구
818200102,전기고령자(65-74),17495,148700,0.24154589371980675,0.1829094026760269,0.4076945029131928,False,일반,5,5,D유형_여유자산가층
818200152,전기고령자(65-74),17100,392000,0.4455852156057495,0.23859649121411716,0.48903676245877065,False,일반,5,5,D유형_여유자산가층
818300102,전기고령자(65-74),951,30,0.0,0.3890641425982501,0.14009374986059417,False,일반,1,1,A유형_구조적취약층
818300132,후기고령자(75+),1258,46500,0.967741935483871,0.2861685212351601,0.7175441260966522,False,일반,4,2,C유형_기타일반가구
818300182,전기고령자(65-74),2740,1510,0.0,0.39416058379775165,0.19015562805613295,False,일반,1,3,C유형_기타일반가구
818300322,후기고령자(75+),4806,212610,0.06830290059651199,0.2122347065725687,0.361242615706437,False,일반,3,4,C유형_기타일반가구
818300342,전기고령자(65-74),5503,53546,0.887087737646136,0.22896601849373685,0.6765652556035378,False,일반,4,4,D유형_여유자산가층
818300392,전기고령자(65-74),4022,6430,0.9919404835709857,0.14022874188457765,0.7242195832629857,False,일반,3,4,C유형_기타일반가구
818900101,후기고령자(75+),10124,1620600,0.11620475277438848,0.12050572894898205,0.33491152467199975,False,일반,5,5,D유형_여유자산가층
818900121,후기고령자(75+),642,140,0.0,0.5140186907881329,0.1433124998571519,False,일반,1,1,A유형_구조적취약층
818900131,전기고령자(65-74),879,1166,0.0,0.5574516489676318,0.1408437498597921,False,일반,1,1,A유형_구조적취약층
818900171,후기고령자(75+),702,9610,0.0,0.6410256401124991,0.1426874998578203,False,일반,1,1,A유형_구조적취약층
818900301,후기고령자(75+),774,51800,0.1274131274131274,0.542635658213649,0.4355700669897214,False,일반,3,1,C유형_기타일반가구
819000102,전기고령자(65-74),5788,172035,0.5206977349648529,0.27643400133441015,0.5400202807001013,False,일반,5,5,D유형_여유자산가층
819000132,후기고령자(75+),861,248600,0.9654062751407884,1.8583042951703783,0.7247625139899079,False,자산부유-현금빈곤,5,1,B유형_자산소득불일치
819000142,후기고령자(75+),5774,62405,0.6218518748834028,0.1524073432365072,0.5866301390353006,False,일반,4,5,D유형_여유자산가층
819000182,전기고령자(65-74),5317,6010,0.0,0.2068835809278007,0.12230729154532091,False,일반,1,4,C유형_기타일반가구
819200152,전기고령자(65-74),1558,3100,0.0,0.3851091140018555,0.1337708332006895,False,일반,1,2,C유형_기타일반가구
819200162,후기고령자(75+),3274,231400,0.9939498703543648,0.45815516174155313,0.7300773311594848,False,일반,5,3,D유형_여유자산가층
819300122,전기고령자(65-74),5380,195218,0.0,0.5947955389229004,0.2549092032040599,False,일반,1,4,C유형_기타일반가구
819900121,전기고령자(65-74),9736,309600,0.6459948320413437,0.20542317171267221,0.5042779363858387,False,일반,5,5,D유형_여유자산가층
830000262,후기고령자(75+),494,550,0.0,0.36437246889803143,0.1448541665221698,False,일반,1,1,A유형_구조적취약층
830100232,전기고령자(65-74),5215,88774,0.4737039240311102,0.46021092992134016,0.46214499347753546,False,일반,4,4,D유형_여유자산가층
830100282,전기고령자(65-74),1035,30,0.0,0.5845410622371583,0.1446093748555778,False,일반,1,1,A유형_구조적취약층
830200292,전기고령자(65-74),4882,51346,0.3166449706223833,0.13314215482729574,0.4816812656928395,False,일반,3,4,C유형_기타일반가구
830300282,전기고령자(65-74),2311,1870,0.0,0.28039809594097875,0.12592708320907797,False,일반,1,3,C유형_기타일반가구
831100232,전기고령자(65-74),4502,30528,0.22929769392033544,0.22656597062937228,0.27068288905037563,False,일반,3,4,C유형_기타일반가구
831100272,전기고령자(65-74),4789,5594,0.0,0.1879306744230673,0.14740295081991092,False,일반,1,4,C유형_기타일반가구
831100282,전기고령자(65-74),2202,5660,0.0,0.38601271553768723,0.12706249987453036,False,일반,1,3,C유형_기타일반가구
831900231,후기고령자(75+),2827,4620,0.0,0.38203042080579047,0.13527604153190187,False,일반,1,3,C유형_기타일반가구
831900291,후기고령자(75+),1972,67998,0.5575280964817043,0.9432048676758595,0.5751177043032648,False,일반,4,3,D유형_여유자산가층
832000202,전기고령자(65-74),6977,137497,0.21818657861626073,0.10462949690344997,0.2566869586509828,False,일반,4,5,D유형_여유자산가층
832000252,전기고령자(65-74),3013,13420,0.7451564828614009,0.36508463313472134,0.5814035925731041,False,일반,3,3,C유형_기타일반가구
832000272,전기고령자(65-74),2514,782,0.0,0.24661893387167108,0.12381249987800606,False,일반,1,3,C유형_기타일반가구
832100242,전기고령자(65-74),1919,30670,0.0,0.6503387177434399,0.3649290870759109,False,일반,1,3,C유형_기타일반가구
832200282,전기고령자(65-74),785,21,0.0,0.6369426743478437,0.1418229165254116,False,일반,1,1,A유형_구조적취약층
832300282,전기고령자(65-74),9335,51135,0.7822430820377432,0.06963042313126616,0.5906019979064004,False,일반,4,5,D유형_여유자산가층
832900211,전기고령자(65-74),5234,58981,0.0,0.14367596481779213,0.287426079889644,False,일반,1,4,C유형_기타일반가구
832900221,후기고령자(75+),1903,53,0.0,0.5286389907889443,0.14008854152692224,False,일반,1,2,A유형_구조적취약층
833000222,전기고령자(65-74),523,15810,0.2751031636863824,1.2428298255395223,0.4908007631016419,False,일반,2,1,A유형_구조적취약층
833100202,후기고령자(75+),1007,540,0.0,0.5858987084549169,0.13951041652788468,False,일반,1,1,A유형_구조적취약층
833100242,전기고령자(65-74),2014,41800,0.45454545454545453,0.2631578946061778,0.5503068077903996,False,일반,3,3,C유형_기타일반가구
833200232,후기고령자(75+),2089,32450,0.0,0.3398755383724866,0.3774450879968934,False,일반,1,3,C유형_기타일반가구
833200242,후기고령자(75+),1799,3827,0.0,0.2834908280803275,0.14246756661534066,False,일반,1,2,A유형_구조적취약층
833300202,후기고령자(75+),725,318,0.0,0.46896551659453034,0.16446078007155623,False,일반,1,1,A유형_구조적취약층
833300262,후기고령자(75+),1005,312,0.0,0.6169154222717259,0.13953124986119575,False,일반,1,1,A유형_구조적취약층
833900201,전기고령자(65-74),4614,7140,0.9803921568627451,0.22756827043182307,0.7142072165375599,False,일반,3,4,C유형_기타일반가구
910000152,전기고령자(65-74),4819,82250,0.9169054441260746,0.13177007675207095,0.6761934217612531,False,일반,5,4,D유형_여유자산가층
910000182,후기고령자(75+),827,40500,0.9691629955947136,1.5477629969192708,0.7271936417521452,False,자산부유-현금빈곤,5,1,B유형_자산소득불일치
910100122,후기고령자(75+),2600,120400,0.9973404255319149,0.24999999990384617,0.7213241492543556,False,일반,5,3,D유형_여유자산가층
910100182,전기고령자(65-74),1351,117000,0.9859154929577465,0.30347890429054114,0.727479569391572,False,일반,5,2,C유형_기타일반가구
910100322,후기고령자(75+),1011,20,0.0,0.2967359047510031,0.14473437485544843,False,일반,1,1,A유형_구조적취약층
910100332,후기고령자(75+),2057,60130,0.765009146848495,0.1263976664431708,0.656502392998292,False,일반,4,3,D유형_여유자산가층
910101132,후기고령자(75+),7178,343250,0.6479481641468683,0.5697966006450548,0.5880317683946612,False,일반,5,5,D유형_여유자산가층
910200162,전기고령자(65-74),3977,7800,0.0,0.40734221764964995,0.1361909720863509,False,일반,1,4,C유형_기타일반가구
910200302,전기고령자(65-74),9268,506300,0.12565242605838006,0.4100129477330586,0.38691496800790054,False,일반,4,5,D유형_여유자산가층
910200322,후기고령자(75+),4561,50600,0.2964426877470356,0.9647007233140318,0.48495690576909467,False,일반,3,4,C유형_기타일반가구
910200382,전기고령자(65-74),1397,99010,0.44114403352694653,0.3865425909903059,0.5461901627159041,False,자산부유-현금빈곤,4,2,B유형_자산소득불일치
910201102,후기고령자(75+),994,10,0.0,0.40241448651668565,0.13964583319440652,False,일반,1,1,A유형_구조적취약층
910201182,전기고령자(65-74),8951,139668,0.9307787037832574,0.21226678581027073,0.6777483694797444,False,일반,5,5,D유형_여유자산가층
910300122,후기고령자(75+),3266,62400,0.7281553398058253,0.20208205750089345,0.5698851433921588,False,일반,4,3,D유형_여유자산가층
910300172,전기고령자(65-74),620,12600,0.0,0.5419354829968782,0.15272329118657815,False,일반,1,1,A유형_구조적취약층
910300182,전기고령자(65-74),2861,1380,0.0,0.5662355817664328,0.13509895819875176,False,일반,1,3,C유형_기타일반가구
910300302,후기고령자(75+),1376,400,0.0,0.26889534864179115,0.13566666653199536,False,일반,1,2,C유형_기타일반가구
910300372,전기고령자(65-74),1402,47589,0.6956325556036023,0.5848787442333246,0.5527776176252444,False,일반,4,2,C유형_기타일반가구
910300392,후기고령자(75+),3480,26000,0.0,0.37356321828345884,0.13187499986875434,False,일반,1,4,C유형_기타일반가구
910301102,전기고령자(65-74),79599,220500,0.9070294784580499,0.06030226510307539,0.5668966526943701,False,일반,5,5,D유형_여유자산가층
910301122,전기고령자(65-74),3248,29020,0.9648518263266712,0.3848522166302795,0.7171664672285465,False,일반,3,3,C유형_기타일반가구
910900171,후기고령자(75+),1280,80530,0.8071526139326959,0.8203124993591308,0.6330473432259784,False,자산부유-현금빈곤,4,2,B유형_자산소득불일치
910900191,전기고령자(65-74),1490,60500,0.6611570247933884,0.36241610713931804,0.5311755209107517,False,일반,4,2,C유형_기타일반가구
911000102,후기고령자(75+),1134,2050,0.0,0.39682539647546256,0.1381874998626328,False,일반,1,1,A유형_구조적취약층
911000152,후기고령자(75+),2642,84450,0.6094464195022854,0.6358819074050409,0.5570142340951741,False,일반,4,3,D유형_여유자산가층
911000172,전기고령자(65-74),3924,20530,0.9692812406799881,0.22680937812772442,0.7176957541969673,False,일반,4,4,D유형_여유자산가층
911000392,전기고령자(65-74),2543,84280,0.7621951219512195,0.2556036176737697,0.6080934422778634,False,일반,4,3,D유형_여유자산가층
911100342,후기고령자(75+),4380,426000,0.7511737089201878,1.1415525111548965,0.5814153283587667,False,일반,5,4,D유형_여유자산가층
911100352,전기고령자(65-74),3753,5678,0.0,0.2238209431857658,0.17023700436142358,False,일반,1,4,C유형_기타일반가구
911200382,전기고령자(65-74),1947,45308,0.9851246182642104,0.3595274779868888,0.7334001771025455,False,일반,5,3,D유형_여유자산가층
911300132,후기고령자(75+),1788,600,0.0,0.05648769571784804,0.13137499986991838,False,일반,1,2,C유형_기타일반가구
911900141,후기고령자(75+),1288,320,0.0,0.49689440955210057,0.1365833331976817,False,일반,1,2,C유형_기타일반가구
911900151,전기고령자(65-74),506,61100,0.0,1.2015810252933181,0.3479838299336435,False,일반,1,1,A유형_구조적취약층
911900181,전기고령자(65-74),1359,550,0.0,0.47829286204687793,0.1358437498651393,False,일반,1,2,C유형_기타일반가구
912000142,후기고령자(75+),438,46000,0.5434782608695652,9.132420070473927,0.47152621507006853,False,일반,3,1,C유형_기타일반가구
912000312,후기고령자(75+),813,6720,0.0,0.8782287812075906,0.3955386552923223,False,일반,1,1,A유형_구조적취약층
912000372,후기고령자(75+),1795,8260,0.0,0.4456824510051908,0.14065104152634023,False,일반,1,2,A유형_구조적취약층
912000392,전기고령자(65-74),2449,640,0.0,0.322580645029571,0.15540741978598063,False,일반,1,3,C유형_기타일반가구
912100122,후기고령자(75+),1792,52367,0.9547997784864514,0.4520089283191914,0.7176075749303565,False,자산부유-현금빈곤,4,2,B유형_자산소득불일치
912100152,후기고령자(75+),9664,16184,0.0,0.14486754965388374,0.11689008289561444,False,일반,1,5,C유형_기타일반가구
912100372,전기고령자(65-74),2397,30730,0.9762447120078099,0.22945348342534275,0.7314948084725655,False,일반,4,3,D유형_여유자산가층
912200102,후기고령자(75+),818,26600,0.0,0.946210267791919,0.20726949178787085,False,일반,1,1,A유형_구조적취약층
912200112,전기고령자(65-74),1910,8320,0.0,0.38219895267947696,0.13010416653794413,False,일반,1,3,C유형_기타일반가구
912200152,전기고령자(65-74),1551,1150,0.0,0.12250161178433164,0.1419218748583586,False,일반,1,2,A유형_구조적취약층
912200182,전기고령자(65-74),10658,112900,0.7528786536758193,0.17826984423172548,0.5779602998216823,False,일반,5,5,D유형_여유자산가층
912300152,후기고령자(75+),3746,440,0.0,0.24025627329411206,0.1873085004753276,False,일반,1,4,C유형_기타일반가구
912300192,전기고령자(65-74),2629,41290,0.7335490830636462,0.1825789272793538,0.6222865262628261,False,일반,4,3,D유형_여유자산가층
912300302,후기고령자(75+),3153,92350,0.5414185165132648,0.49476688852053063,0.5487136930344234,False,일반,4,3,D유형_여유자산가층
912300322,후기고령자(75+),464,1640,0.0,0.8556034464318891,0.14516666652183563,False,일반,1,1,A유형_구조적취약층
912300362,전기고령자(65-74),6403,47198,0.9534302300944956,0.2248945806301898,0.7069794036215168,False,일반,4,5,D유형_여유자산가층
912900161,후기고령자(75+),1179,13510,0.0,0.5597964371842269,0.1377187498631341,False,일반,1,2,A유형_구조적취약층
913000332,전기고령자(65-74),5120,13350,0.9737827715355806,0.19531249996185301,0.7113515141207774,False,일반,3,4,C유형_기타일반가구
913000342,전기고령자(65-74),1377,2208,0.0,0.6318082784082728,0.1673595587778695,False,일반,1,2,C유형_기타일반가구
913000372,전기고령자(65-74),2936,39580,0.9600808489135927,0.2247956402504102,0.7118969019289514,False,일반,4,3,D유형_여유자산가층
913100122,후기고령자(75+),2124,3360,0.0,0.5178907718842323,0.12787499987366144,False,일반,1,3,C유형_기타일반가구
913100192,전기고령자(65-74),4650,76300,0.5054151624548736,0.16129032254595907,0.5423005970119703,False,일반,4,4,D유형_여유자산가층
913200312,전기고령자(65-74),4183,10660,0.8726003490401396,0.3131723642569514,0.6615934556890926,False,일반,3,4,C유형_기타일반가구
913200392,전기고령자(65-74),6128,15136,0.0,0.1419712793502005,0.12138675863913764,False,일반,1,5,C유형_기타일반가구
913300152,전기고령자(65-74),778,21250,0.9411764705882353,1.1568123378447142,0.7066047611881868,False,일반,3,1,C유형_기타일반가구
913300372,전기고령자(65-74),14852,31800,0.7861635220125787,0.0888769189274928,0.5443464904928924,False,일반,3,5,C유형_기타일반가구
913900131,전기고령자(65-74),2112,76500,0.45962732919254656,0.19412878778687084,0.5233446497827711,False,일반,4,3,D유형_여유자산가층
913900181,후기고령자(75+),450,20250,0.0,0.6666666651851852,0.14531249985501302,False,일반,1,1,A유형_구조적취약층
913900311,전기고령자(65-74),5362,46010,0.21181952976064394,0.1715777694569978,0.3802721537578123,False,일반,3,4,C유형_기타일반가구
913900391,후기고령자(75+),905,142958,0.0,1.5469613242575013,0.39175630249616,False,일반,1,1,A유형_구조적취약층
914000172,전기고령자(65-74),3699,38336,0.9129799666110183,0.21086780205167133,0.6592596842572908,False,일반,4,4,D유형_여유자산가층
914000322,전기고령자(65-74),2832,45370,0.9926543577526306,0.16949152536388012,0.7175848275685883,False,일반,4,3,D유형_여유자산가층
914100122,전기고령자(65-74),4302,47765,0.7327541086569664,0.4323570431352029,0.607812285177838,False,일반,4,4,D유형_여유자산가층
914100182,후기고령자(75+),966,50,0.0,0.1656314698078349,0.13993749986076126,False,일반,1,1,A유형_구조적취약층
914100352,후기고령자(75+),856,2200,0.0,0.32242990616538564,0.1410833331928692,False,일반,1,1,A유형_구조적취약층
914200332,전기고령자(65-74),947,28660,0.0,1.0823653631654009,0.14013541652721628,False,일반,1,1,A유형_구조적취약층
914300382,후기고령자(75+),2354,40600,0.9908536585365854,0.4099405265888103,0.7199945680632658,False,일반,4,3,D유형_여유자산가층
914900121,후기고령자(75+),1223,111530,0.9860164933667981,0.5396565817337231,0.7352432949553807,False,자산부유-현금빈곤,5,2,B유형_자산소득불일치
914900161,후기고령자(75+),1046,26816,0.9330366755185531,0.45889101294561085,0.6989291911423524,False,일반,3,1,C유형_기타일반가구
914900191,전기고령자(65-74),385,6180,0.0,0.8571428549165121,0.1621188242196189,False,일반,1,1,A유형_구조적취약층
914900301,전기고령자(65-74),6489,328600,0.24500907441016334,0.5177993526710125,0.44780037843089526,False,일반,5,5,D유형_여유자산가층
914900331,전기고령자(65-74),169,39708,0.0,4.804733699380274,0.17547434126463318,False,일반,1,1,A유형_구조적취약층
915000312,후기고령자(75+),3567,63626,0.4018787833119835,0.26913372574456584,0.5149366854120936,False,일반,4,4,D유형_여유자산가층
915000332,전기고령자(65-74),5712,88650,0.3861003861003861,0.19257703077861046,0.4405778244492101,False,일반,4,5,D유형_여유자산가층
915100102,후기고령자(75+),742,200,0.0,0.4312668457799638,0.14227083319159922,False,일반,1,1,A유형_구조적취약층
915100152,전기고령자(65-74),1831,88174,0.9640029940798875,0.3823047512931159,0.7093319991614462,False,일반,5,2,C유형_기타일반가구
915100162,전기고령자(65-74),635,510,0.0,0.4724409441378883,0.1433854165237406,False,일반,1,1,A유형_구조적취약층
915100302,전기고령자(65-74),5273,15080,0.7680491551459293,0.08344395977935824,0.5833684367032621,False,일반,3,4,C유형_기타일반가구
915100332,전기고령자(65-74),962,1130,0.0,0.37422037383137174,0.13997916652738338,False,일반,1,1,A유형_구조적취약층
915200132,전기고령자(65-74),3200,146800,0.7509386733416771,0.24062499992480468,0.6230108627338233,False,일반,5,3,D유형_여유자산가층
915200152,전기고령자(65-74),1208,2420,0.0,0.18543046342265687,0.13741666653012383,False,일반,1,2,A유형_구조적취약층
915300132,후기고령자(75+),1271,2216,0.0,0.7081038546749773,0.14338020819018296,False,일반,1,2,A유형_구조적취약층
915300152,전기고령자(65-74),4969,4976,0.0,0.1750855302525487,0.12411979154344548,False,일반,1,4,C유형_기타일반가구
915300172,전기고령자(65-74),892,402,0.0,0.48206277972862915,0.14070833319327025,False,일반,1,1,A유형_구조적취약층
915300352,전기고령자(65-74),1209,837,0.0,0.2812241519592852,0.1374062498634683,False,일반,1,2,A유형_구조적취약층
915300392,후기고령자(75+),1068,15320,0.8485639686684073,0.3689138573324776,0.6535786270063644,False,일반,3,1,C유형_기타일반가구
915900121,전기고령자(65-74),1905,-1788,0.0,0.288713910609599,0.14007812486026636,False,일반,1,2,A유형_구조적취약층
915900141,전기고령자(65-74),9214,84800,0.9316037735849056,0.13566312132237213,0.6639238467511793,False,일반,5,5,D유형_여유자산가층
915900161,전기고령자(65-74),824,1150,0.0,0.43689320335328496,0.14141666652584606,False,일반,1,1,A유형_구조적취약층
915900371,후기고령자(75+),1954,44000,0.9545454545454546,0.6141248717430271,0.7125532781596933,False,일반,4,3,D유형_여유자산가층
916000132,전기고령자(65-74),6961,92444,0.5727639296187683,0.18675477658572692,0.5530578171459842,False,일반,5,5,D유형_여유자산가층
916000302,후기고령자(75+),774,36048,0.9709276520195295,0.20671834598615202,0.724497232988288,False,자산부유-현금빈곤,4,1,B유형_자산소득불일치
916000352,후기고령자(75+),1581,53750,0.9543285616905249,0.7020872860834362,0.717944628505584,False,자산부유-현금빈곤,5,2,B유형_자산소득불일치
916000362,후기고령자(75+),3162,70355,0.9232954545454546,0.23719165077887677,0.6954869213328307,False,일반,4,3,D유형_여유자산가층
916000382,후기고령자(75+),347,3750,0.9333333333333333,0.7780979804665764,0.7063884367834172,False,일반,2,1,A유형_구조적취약층
916000392,전기고령자(65-74),541,2740,0.9983361064891847,0.6284658029048691,0.7433694776944664,False,일반,2,1,A유형_구조적취약층
916100132,전기고령자(65-74),2080,760,0.0,0.37499999981971155,0.1283333332065046,False,일반,1,3,C유형_기타일반가구
916100162,전기고령자(65-74),1314,1730,0.0,0.3774733634874632,0.15076355396845004,False,일반,1,2,C유형_기타일반가구
916200142,후기고령자(75+),5715,289500,0.9983361064891847,0.25196850389291886,0.7291611443754094,False,일반,5,5,D유형_여유자산가층
916200302,전기고령자(65-74),5869,77400,0.5340114431023522,0.18572158797312632,0.5439601358560037,False,일반,4,5,D유형_여유자산가층
916200362,전기고령자(65-74),3354,38700,0.9487666034155597,0.3220035777215255,0.7051150082171185,False,일반,4,4,D유형_여유자산가층
916300102,전기고령자(65-74),3076,8500,0.0,0.3589076721850105,0.13397916653324377,False,일반,1,3,C유형_기타일반가구
916300352,후기고령자(75+),6212,74700,0.9370816599732262,0.37347070180723263,0.6990870320901892,False,일반,5,5,D유형_여유자산가층
916900101,전기고령자(65-74),1454,1300,0.0,0.3851444288960492,0.25390332653093484,False,일반,1,2,C유형_기타일반가구
916900141,전기고령자(65-74),6985,1921,0.0,0.21703650676921452,0.13810410205543422,False,일반,1,5,C유형_기타일반가구
916900151,전기고령자(65-74),1448,-279,0.0,0.2831491710751732,0.32497760617884,False,일반,1,2,C유형_기타일반가구
916900351,후기고령자(75+),6861,279353,0.23790157947359453,0.3789535052646912,0.41857595133717385,False,일반,5,5,D유형_여유자산가층
916900371,후기고령자(75+),14011,175600,0.6124721603563474,0.3283134679660043,0.5053417285218919,False,일반,5,5,D유형_여유자산가층
917000122,전기고령자(65-74),2526,2597,0.0,0.14806017412982575,0.13684374986361306,False,일반,1,3,C유형_기타일반가구
917000172,후기고령자(75+),1121,2805,0.0,0.24085637801886137,0.13832291652915465,False,일반,1,1,A유형_구조적취약층
917100132,전기고령자(65-74),679,22970,0.0,1.9440353432341158,0.14914502063361815,False,일반,1,1,A유형_구조적취약층
917200122,전기고령자(65-74),3596,192350,0.8032232908760073,0.47274749708766756,0.6139222589431431,False,일반,5,4,D유형_여유자산가층
917200162,후기고령자(75+),654,14010,0.0,0.3363914367945085,0.14318749985728557,False,일반,1,1,A유형_구조적취약층
917200192,후기고령자(75+),2354,103300,0.7190795781399808,0.7221750209336555,0.6164217957235046,False,일반,5,3,D유형_여유자산가층
917200342,전기고령자(65-74),2479,2870,0.0,0.4195240014443227,0.1241770832109495,False,일반,1,3,C유형_기타일반가구
917300122,후기고령자(75+),2079,95880,0.975800156128025,0.5194805192306491,0.7246551262233706,False,일반,5,3,D유형_여유자산가층
917300152,전기고령자(65-74),9799,339820,0.0,0.38575364829209574,0.27438418873949494,False,일반,1,5,C유형_기타일반가구
917300192,전기고령자(65-74),9939,164400,0.4988532110091743,0.3018412314818552,0.4921592321706506,False,일반,5,5,D유형_여유자산가층
917300332,전기고령자(65-74),4519,14946,0.0,0.061960610740880585,0.10961792321750896,False,일반,1,4,C유형_기타일반가구
917900111,전기고령자(65-74),4761,27979,0.0,0.19323671493525799,0.1532783545864328,False,일반,1,4,C유형_기타일반가구
917900151,후기고령자(75+),1793,170,0.0,0.1003904070828832,0.13132291653664077,False,일반,1,2,C유형_기타일반가구
917900331,후기고령자(75+),2991,6178,0.0,0.5182213304853824,0.37872471134424435,False,일반,1,3,C유형_기타일반가구
917900371,후기고령자(75+),9658,210085,0.23854419883226935,0.08697452887896308,0.424575521353862,False,일반,4,5,D유형_여유자산가층
918000322,후기고령자(75+),1312,19340,0.0,0.4573170728221668,0.3629213207083867,False,일반,1,2,A유형_구조적취약층
918100332,전기고령자(65-74),7077,45120,0.7092198581560284,0.2331496396448849,0.5601036987063398,False,일반,4,5,D유형_여유자산가층
918100352,후기고령자(75+),3660,31350,0.7974481658692185,0.25136612014989995,0.6421047779393286,False,일반,3,4,C유형_기타일반가구
918100372,전기고령자(65-74),6303,73680,0.2939297124600639,0.05076947484518967,0.4607054160250056,False,일반,3,5,C유형_기타일반가구
918200372,후기고령자(75+),931,679,0.0,0.5155746503592109,0.1403020831937047,False,일반,1,1,A유형_구조적취약층
918300302,전기고령자(65-74),4637,41354,0.779147187986967,0.18546474009371042,0.6110479121643634,False,일반,4,4,D유형_여유자산가층
918300322,전기고령자(65-74),1447,16930,0.8860011813349085,0.5390463023227047,0.6836655877936078,False,일반,3,2,C유형_기타일반가구
918300392,전기고령자(65-74),1964,16730,0.9563658099222953,0.34826883892654337,0.7240538003865259,False,일반,3,3,C유형_기타일반가구
918900121,전기고령자(65-74),837,330,0.0,0.49581839845182984,0.14128124985932422,False,일반,1,1,A유형_구조적취약층
918900131,전기고령자(65-74),2099,3160,0.0,0.25250119092305806,0.1914273750200365,False,일반,1,3,C유형_기타일반가구
918900191,후기고령자(75+),2561,30,0.0,0.5076142129997602,0.13666145819713502,False,일반,1,3,C유형_기타일반가구
919000112,후기고령자(75+),2370,42478,0.9865824782951855,0.4303797466538482,0.7302502163283778,False,일반,4,3,D유형_여유자산가층
919000172,후기고령자(75+),3359,98604,0.9207763986593496,0.6222089905858265,0.6849740270257405,False,일반,5,4,D유형_여유자산가층
919000182,후기고령자(75+),1969,2070,0.0,0.15744032495813085,0.13974479152727795,False,일반,1,3,A유형_구조적취약층
919900191,전기고령자(65-74),6283,204370,0.42040705294655883,0.3819831290176694,0.511973461549878,False,일반,5,5,D유형_여유자산가층
930000232,후기고령자(75+),906,32370,0.9885696632684584,0.3973509929389062,0.7337074968285927,False,자산부유-현금빈곤,4,1,B유형_자산소득불일치
930000262,전기고령자(65-74),2065,2440,0.0,0.6416464887933916,0.13924479152779531,False,일반,1,3,A유형_구조적취약층
930100242,전기고령자(65-74),6830,16740,0.40584415584415584,0.15578330890837724,0.5128544456152507,False,일반,3,5,C유형_기타일반가구
930100252,후기고령자(75+),1012,2840,0.0,0.30237154120319015,0.14738097095504202,False,일반,1,1,A유형_구조적취약층
930100262,전기고령자(65-74),1095,2562,0.8617718028266115,0.712328766472759,0.6556596202482274,False,일반,2,1,A유형_구조적취약층
930200292,전기고령자(65-74),4019,43830,0.3088462386940216,0.3164966408767115,0.4220879707892444,False,일반,3,4,C유형_기타일반가구
930300272,전기고령자(65-74),6533,30950,0.9693053311793215,0.4163477727818234,0.7145566617586174,False,일반,4,5,D유형_여유자산가층
930300282,전기고령자(65-74),1813,810,0.0,0.44842801960925094,0.14055729152643723,False,일반,1,2,A유형_구조적취약층
930900291,전기고령자(65-74),6904,110665,0.5057215103072901,0.3172074159447845,0.5203219372544919,False,일반,4,5,D유형_여유자산가층
931100262,전기고령자(65-74),3793,102419,0.634647868071354,0.3393092537992857,0.5378864003762105,False,일반,4,4,D유형_여유자산가층
931100272,후기고령자(75+),2772,3780,0.0,0.36435786422642213,0.1355624998649388,False,일반,1,3,C유형_기타일반가구
931200212,전기고령자(65-74),2312,29381,0.8114687584527995,0.6098615914317208,0.6706472850594297,False,일반,4,3,D유형_여유자산가층
931200262,전기고령자(65-74),12555,22050,0.45941807044410415,0.05543608123811739,0.4387466401212658,False,일반,3,5,C유형_기타일반가구
931300282,후기고령자(75+),1289,865,0.0,0.2816136537768707,0.13657291653102618,False,일반,1,2,C유형_기타일반가구
931900221,후기고령자(75+),1294,19200,0.8854166666666666,0.3554868621673208,0.6677736984024943,False,일반,3,2,C유형_기타일반가구
931900271,전기고령자(65-74),3165,46960,0.7453151618398637,0.44233807253006696,0.6318151207235152,False,일반,4,3,D유형_여유자산가층
931900291,전기고령자(65-74),4002,39500,0.8860759493670886,0.3848075961057452,0.6671338826780013,False,일반,4,4,D유형_여유자산가층
932100202,전기고령자(65-74),1860,10260,0.9699321047526673,0.1774193547433229,0.7174371247163726,False,일반,3,2,C유형_기타일반가구
932100222,후기고령자(75+),2644,14833,0.8479846232121657,0.25416036299010575,0.6452346834328978,False,일반,3,3,C유형_기타일반가구
932100272,전기고령자(65-74),2594,12420,0.966183574879227,0.22359290662159104,0.7026924380392336,False,일반,3,3,C유형_기타일반가구
932300242,전기고령자(65-74),2567,15000,0.7853403141361257,0.33112582768557625,0.5997028162488025,False,일반,3,3,C유형_기타일반가구
932300262,후기고령자(75+),1508,150,0.0,0.23872679029262148,0.1421458331914602,False,일반,1,2,A유형_구조적취약층
932300282,전기고령자(65-74),5383,112290,0.32880120856660444,0.2452164220239241,0.3370185990398352,False,일반,4,4,D유형_여유자산가층
932900201,전기고령자(65-74),9622,77797,0.41303177841470895,0.17875701515498263,0.4314303228029216,False,일반,4,5,D유형_여유자산가층
932900281,전기고령자(65-74),1089,180,0.0,0.18365472894062926,0.13865624986213151,False,일반,1,1,A유형_구조적취약층
932900291,전기고령자(65-74),1958,60882,0.4324705279343926,0.6537282938438568,0.5354036556225257,False,일반,3,3,C유형_기타일반가구
933100202,후기고령자(75+),934,395,0.0,0.430406851787573,0.14027083319373812,False,일반,1,1,A유형_구조적취약층
933100212,전기고령자(65-74),2535,2439,0.9195402298850575,0.42603550279051855,0.7000183900781404,False,일반,3,3,C유형_기타일반가구
933100232,전기고령자(65-74),3603,41530,0.316622691292876,0.271995559180684,0.4722663784646307,False,일반,3,4,C유형_기타일반가구
933100242,전기고령자(65-74),127,21600,0.0,3.228346431272863,0.39841264976314184,False,일반,1,1,A유형_구조적취약층
933200202,후기고령자(75+),953,5200,0.9615384615384616,0.283315844403656,0.7169991049849257,False,일반,2,1,A유형_구조적취약층
933300272,후기고령자(75+),1213,3610,0.9280742459396751,0.42044517689988026,0.6942121340051508,False,일반,2,2,A유형_구조적취약층
10000162,후기고령자(75+),1196,5200,0.0,0.4180602003193476,0.13754166652999014,False,일반,1,2,A유형_구조적취약층
10000352,전기고령자(65-74),1632,34600,0.8670520231213873,0.4595588232478193,0.6532340195178467,False,일반,4,2,C유형_기타일반가구
10000362,후기고령자(75+),849,1510,0.0,1.8374558282244338,0.14557812485457539,False,일반,1,1,A유형_구조적취약층
10100182,전기고령자(65-74),1727,109030,0.9171787581399615,0.35031847113473163,0.691492545707497,False,일반,5,2,C유형_기타일반가구
10100382,전기고령자(65-74),2628,18250,0.0,0.5479452052709494,0.1459016650804457,False,일반,1,3,C유형_기타일반가구
10101182,전기고령자(65-74),5288,207500,0.6235011990407674,0.3403933433546911,0.5926732066913898,False,일반,5,4,D유형_여유자산가층
10200312,전기고령자(65-74),4769,74180,0.4721092388146427,0.2851750890574177,0.5389502651753721,False,일반,4,4,D유형_여유자산가층
10200362,후기고령자(75+),2936,124400,0.9969325153374233,0.7970027245241816,0.7328710684711902,False,일반,5,3,D유형_여유자산가층
10301132,전기고령자(65-74),2793,30830,0.7946805060006488,0.4511278193873513,0.6228058166813175,False,일반,3,3,C유형_기타일반가구
10400112,후기고령자(75+),1002,40125,0.9968847352024922,0.4071856283361421,0.7376965668976215,False,자산부유-현금빈곤,4,1,B유형_자산소득불일치
10400122,전기고령자(65-74),5910,115450,0.8233841086867023,0.2538071065560394,0.6476995174849429,False,일반,5,5,D유형_여유자산가층
10400152,후기고령자(75+),1549,100,0.0,0.23240800501458486,0.13386458320058925,False,일반,1,2,C유형_기타일반가구
10400372,전기고령자(65-74),2065,200,0.0,0.24697336549783375,0.12848958320633752,False,일반,1,3,C유형_기타일반가구
10401172,후기고령자(75+),6162,408500,0.4994054696789536,0.5355404088712203,0.5067318502602387,False,일반,5,5,D유형_여유자산가층
10401182,후기고령자(75+),17448,617600,0.3450439146800502,0.1318202659255032,0.3653538748281011,False,일반,5,5,D유형_여유자산가층
11000162,후기고령자(75+),1493,87450,0.6861063464837049,0.8841259203723202,0.6114950772888664,False,자산부유-현금빈곤,4,2,B유형_자산소득불일치
11000192,전기고령자(65-74),13444,377050,0.2236886254333967,0.22314787264034902,0.4248749921740756,False,일반,5,5,D유형_여유자산가층
11000342,전기고령자(65-74),5085,70384,0.5967265287565355,0.31465093405808237,0.5170733691344696,False,일반,4,4,D유형_여유자산가층
11000352,전기고령자(65-74),13579,321240,0.0,0.1502319758339913,0.25762778223785765,False,일반,1,5,C유형_기타일반가구
11000362,후기고령자(75+),1118,1980,0.0,0.429338103372685,0.13835416652912122,False,일반,1,1,A유형_구조적취약층
11000392,전기고령자(65-74),6951,87720,0.9689922480620154,0.17983024022732982,0.7120225912309279,False,일반,5,5,D유형_여유자산가층
11100162,후기고령자(75+),2705,82344,0.9968824766185747,0.6469500921822735,0.7340441700767111,False,일반,5,3,D유형_여유자산가층
11100182,후기고령자(75+),2389,102200,0.8806262230919765,0.6990372537885989,0.6659358750876171,False,일반,5,3,D유형_여유자산가층
11200142,후기고령자(75+),1166,742,0.0,0.18439108045935584,0.13785416652965593,False,일반,1,2,A유형_구조적취약층
11200152,후기고령자(75+),406,700,0.0,0.5172413780363513,0.14577083318785616,False,일반,1,1,A유형_구조적취약층
11200322,후기고령자(75+),1999,76200,0.9186351706036745,0.27013506739863175,0.6803611582674969,False,일반,5,3,D유형_여유자산가층
11400122,후기고령자(75+),1263,2080,0.0,0.3800475056373337,0.13684374986406986,False,일반,1,2,A유형_구조적취약층
11400132,전기고령자(65-74),1255,720,0.0,0.5019920314725163,0.1369270831973141,False,일반,1,2,A유형_구조적취약층
11400312,후기고령자(75+),5367,20240,0.741106719367589,0.5962362585063841,0.5813423466123547,False,일반,3,4,C유형_기타일반가구
11400322,후기고령자(75+),1019,1950,0.0,0.38861629009949333,0.13938541652801836,False,일반,1,1,A유형_구조적취약층
11400382,후기고령자(75+),1418,22110,0.9950248756218906,0.5923836385103077,0.7396327284605754,False,일반,3,2,C유형_기타일반가구
11400392,후기고령자(75+),1226,10510,0.9082652134423251,0.19575856427752156,0.6821912337382701,False,일반,3,2,C유형_기타일반가구
12000182,후기고령자(75+),7926,1590,0.0,0.16654049960048695,0.12935937487099894,False,일반,1,5,C유형_기타일반가구
12000322,전기고령자(65-74),1777,75380,0.9949588750331653,0.48958919499741743,0.7377233362290306,False,자산부유-현금빈곤,5,2,B유형_자산소득불일치
12000332,전기고령자(65-74),1273,42070,0.9032564772997386,0.725844461330837,0.6786963925116585,False,자산부유-현금빈곤,4,2,B유형_자산소득불일치
12000352,전기고령자(65-74),3022,155700,0.0,0.4103242884148497,0.2767906858906861,False,일반,1,3,C유형_기타일반가구
12000372,후기고령자(75+),2348,16750,0.9653605905735377,0.36201022131089855,0.7179840778553191,False,일반,3,3,C유형_기타일반가구
12100332,후기고령자(75+),3178,39480,0.7345491388044579,0.4115796096879863,0.5767127376655279,False,일반,3,3,C유형_기타일반가구
12100392,후기고령자(75+),8269,225450,0.3260630094734523,0.2225178376801889,0.48381619483973326,False,일반,5,5,D유형_여유자산가층
12200342,전기고령자(65-74),15052,42850,0.9334889148191365,0.10164762157177468,0.6578324806724127,False,일반,4,5,D유형_여유자산가층
12200372,후기고령자(75+),2271,60090,0.6989515726410385,0.2994275648175132,0.6324337180933404,False,일반,4,3,D유형_여유자산가층
12200392,전기고령자(65-74),472,-2450,0.0,0.33262711793934935,0.14508333318859143,False,일반,1,1,A유형_구조적취약층
12300112,후기고령자(75+),1205,700,0.0,0.44315352660319207,0.13744791653009042,False,일반,1,2,A유형_구조적취약층
12300132,전기고령자(65-74),4956,64300,0.7465007776049767,0.3914447133996278,0.5728679971551645,False,일반,4,4,D유형_여유자산가층
12300152,후기고령자(75+),906,5200,0.0,0.49668874117363276,0.14056249986009287,False,일반,1,1,A유형_구조적취약층
12400142,후기고령자(75+),4242,100,0.0,0.12729844410011823,0.1279062498728609,False,일반,1,4,C유형_기타일반가구
12400162,후기고령자(75+),3734,167176,0.507969476678557,0.669523299231515,0.5413754138166933,False,일반,5,4,D유형_여유자산가층
12400312,후기고령자(75+),1625,64300,0.5287713841368584,0.430769230504142,0.4503374581189409,False,일반,4,2,C유형_기타일반가구
13000302,전기고령자(65-74),3117,12780,0.704225352112676,0.12191209492399356,0.5563031150047897,False,일반,3,3,C유형_기타일반가구
13000342,후기고령자(75+),1701,25500,0.5882352941176471,0.35920047010041123,0.49898572909199823,False,일반,3,2,C유형_기타일반가구
13000382,전기고령자(65-74),1791,3950,0.0,0.2814070350187565,0.13134374986995181,False,일반,1,2,C유형_기타일반가구
13100102,전기고령자(65-74),1327,24110,0.953961012028204,0.42200452115900183,0.7177720551967175,False,일반,3,2,C유형_기타일반가구
13100152,후기고령자(75+),4439,310850,0.28607755880483154,0.45055192600798555,0.39118621124846026,False,일반,5,4,D유형_여유자산가층
13200182,전기고령자(65-74),8242,146700,0.6475800954328562,0.23295316667884575,0.5232247027448802,False,일반,5,5,D유형_여유자산가층
13200192,전기고령자(65-74),5716,112340,0.8445195128455862,0.27991602514347164,0.6419401461944313,False,일반,5,5,D유형_여유자산가층
13200322,전기고령자(65-74),1474,339,0.0,0.3256445045280566,0.13464583319975373,False,일반,1,2,C유형_기타일반가구
13200352,전기고령자(65-74),7138,124200,0.6097560975609756,0.10927430651313053,0.5691903905603435,False,일반,5,5,D유형_여유자산가층
13200382,후기고령자(75+),3959,96090,0.6179833144505098,0.18186410705181508,0.578064851820225,False,일반,4,4,D유형_여유자산가층
13200392,전기고령자(65-74),3142,7400,0.0,0.41374920419676986,0.16066279339802628,False,일반,1,3,C유형_기타일반가구
13300142,전기고령자(65-74),4232,96400,0.8638211382113821,0.3071833647667336,0.6792826942590157,False,일반,5,4,D유형_여유자산가층
13300162,후기고령자(75+),1451,50,0.0,0.9786354231711678,0.142442708191153,False,일반,1,2,A유형_구조적취약층
13300382,후기고령자(75+),644,16800,0.9523809523809523,0.37267080687473475,0.7147233198533154,False,일반,3,1,C유형_기타일반가구
13400112,전기고령자(65-74),742,32050,0.8736349453978159,0.6469002686699458,0.6664546275094323,False,일반,3,1,C유형_기타일반가구
13400172,전기고령자(65-74),7043,19810,0.8677542519958348,0.11358795966014652,0.6523142132820706,False,일반,3,5,C유형_기타일반가구
13400332,전기고령자(65-74),3599,16350,0.4928131416837782,0.17227007497297303,0.5344848984746875,False,일반,3,4,C유형_기타일반가구
14000182,전기고령자(65-74),8909,13028,0.0,0.16836906497156032,0.11297783113035317,False,일반,1,5,C유형_기타일반가구
14000372,후기고령자(75+),3685,132800,0.0,0.14925373130278055,0.3607281279890303,False,일반,1,4,C유형_기타일반가구
14100122,전기고령자(65-74),2650,89926,0.8198596705308114,0.3999999998490566,0.6281163719120069,False,일반,5,3,D유형_여유자산가층
14100142,전기고령자(65-74),821,17500,0.7142857142857143,0.5846528616508492,0.5742976981848638,False,일반,3,1,C유형_기타일반가구
14100162,전기고령자(65-74),3387,26776,0.18819850599339857,0.21257750215158622,0.41945865341041044,False,일반,3,4,C유형_기타일반가구
14200142,후기고령자(75+),5596,40400,0.9907834101382489,0.21443888487947838,0.7153274188008746,False,일반,4,5,D유형_여유자산가층
14200172,후기고령자(75+),949,114880,0.9575208913649025,2.2813487857941532,0.7195729248744474,False,자산부유-현금빈곤,5,1,B유형_자산소득불일치
14200322,후기고령자(75+),1827,53473,0.8542722900068713,1.0760810065265018,0.6718362735990945,False,자산부유-현금빈곤,4,2,B유형_자산소득불일치
14300182,후기고령자(75+),1608,10025,0.0,0.34203980078231355,0.1332499998679132,False,일반,1,2,C유형_기타일반가구
14300362,후기고령자(75+),1522,88100,0.43907793633369924,0.7818659653207187,0.5169385676914269,False,자산부유-현금빈곤,4,2,B유형_자산소득불일치
14300372,전기고령자(65-74),2454,13369,0.7288629737609329,0.41564792159101555,0.5879015535335246,False,일반,3,3,C유형_기타일반가구
14400112,전기고령자(65-74),7101,72400,0.9668508287292817,0.12955921699344328,0.6931292508512019,False,일반,5,5,D유형_여유자산가층
14400162,전기고령자(65-74),1759,22850,0.87527352297593,0.34678794750040476,0.6568440293700606,False,일반,3,2,C유형_기타일반가구
15000162,전기고령자(65-74),648,623,0.0,0.38888888828875173,0.14324999985721873,False,일반,2,1,A유형_구조적취약층
15000302,후기고령자(75+),5085,41620,0.913022585295531,0.4094395279430797,0.6862321963370644,False,일반,4,4,D유형_여유자산가층
15000322,전기고령자(65-74),3343,10533,0.0,0.1705055339005368,0.11517708322057449,False,일반,2,4,C유형_기타일반가구
15000342,후기고령자(75+),1920,114050,0.20100502512562815,0.4270833331108941,0.4599582690707954,False,일반,4,3,D유형_여유자산가층
15000372,전기고령자(65-74),10031,48144,0.47773346626786306,0.1046755059211768,0.4495857294830148,False,일반,3,5,C유형_기타일반가구
15100112,후기고령자(75+),587,1270,0.0,0.4463373075871596,0.14388541652320586,False,일반,2,1,A유형_구조적취약층
15100122,후기고령자(75+),776,245,0.0,0.37628865930890637,0.14191666652531132,False,일반,2,1,A유형_구조적취약층
15300162,전기고령자(65-74),786,1612,0.0,0.3969465643804751,0.17283027107413426,False,일반,2,1,A유형_구조적취약층
15300302,후기고령자(75+),3934,87135,0.895162678602169,0.6014234873916057,0.66661092044197,False,일반,5,4,D유형_여유자산가층
15400162,전기고령자(65-74),3074,29150,0.0,0.2277163304399101,0.15601562016025322,False,일반,2,3,C유형_기타일반가구
15400172,전기고령자(65-74),9747,171288,0.48325115170034955,0.19390581715462132,0.5250419144245756,False,일반,5,5,D유형_여유자산가층
15400302,후기고령자(75+),8715,135900,0.6254598969830758,0.17900172114985635,0.4804392205956744,False,일반,5,5,D유형_여유자산가층
15400352,후기고령자(75+),1762,25561,0.9389304017839678,0.5385925082073822,0.711226265136148,False,일반,3,2,C유형_기타일반가구
15400362,전기고령자(65-74),3880,11071,0.9935868485231686,1.139175257438357,0.7259469908944939,False,일반,3,4,C유형_기타일반가구
16000132,후기고령자(75+),5184,17860,0.9948269001193792,0.21604938267437318,0.7288993591958621,False,일반,3,4,C유형_기타일반가구
16000162,후기고령자(75+),14429,162695,0.7580064430547659,0.18019266753204013,0.6298984480643449,False,일반,5,5,D유형_여유자산가층
16000352,후기고령자(75+),4921,75350,0.9287514926363275,0.24791708997197376,0.6816236925610504,False,일반,5,4,D유형_여유자산가층
16000362,후기고령자(75+),3998,421500,0.1820250284414107,0.7953976986504758,0.4343565455035824,False,일반,5,4,D유형_여유자산가층
16000382,전기고령자(65-74),14952,203555,0.4305087178015355,0.1738897806197238,0.48058531535567994,False,일반,5,5,D유형_여유자산가층
16100192,전기고령자(65-74),1481,761,0.0,0.34436191739070765,0.13457291653316508,False,일반,2,2,C유형_기타일반가구
16100312,전기고령자(65-74),3299,85904,0.08045607098524206,0.5456198846481904,0.41096907516869413,False,일반,3,4,C유형_기타일반가구
16100352,후기고령자(75+),747,8,0.0,0.6827309227808154,0.1422187498583216,False,일반,2,1,A유형_구조적취약층
16200152,전기고령자(65-74),11759,105250,0.9358914365933552,0.061229696397548286,0.6591841824758056,False,일반,5,5,D유형_여유자산가층
16200192,전기고령자(65-74),5257,87840,0.9629545712019939,0.28533384053921745,0.7003956503832847,False,일반,5,4,D유형_여유자산가층
16300152,후기고령자(75+),812,470300,0.0,1.0344827573466961,0.365641758309071,False,일반,2,1,A유형_구조적취약층
16300312,후기고령자(75+),3163,14450,0.9688581314878892,0.3983559910217022,0.714844055647434,False,일반,3,3,C유형_기타일반가구
16300322,후기고령자(75+),5200,18010,0.975609756097561,0.2999999999423077,0.7082856772724447,False,일반,3,4,C유형_기타일반가구
16300382,전기고령자(65-74),1327,1050,0.0,0.2652599847285154,0.13617708319811617,False,일반,2,2,A유형_구조적취약층
16400152,전기고령자(65-74),1385,1063,0.0,0.4332129960771025,0.14278645819079733,False,일반,2,2,A유형_구조적취약층
16400162,후기고령자(75+),912,4000,0.0,0.5263157888965836,0.1404999998601597,False,일반,2,1,A유형_구조적취약층
17000122,전기고령자(65-74),921,7720,0.0,0.4234527682698667,0.14040624986025999,False,일반,2,1,A유형_구조적취약층
17000192,후기고령자(75+),1991,164780,0.9250190445097399,0.35158211936133493,0.6847101453168958,False,일반,5,3,D유형_여유자산가층
17000302,후기고령자(75+),3774,8950,0.33519553072625696,0.26497085313593777,0.33285881912035464,False,일반,2,4,C유형_기타일반가구
17000342,후기고령자(75+),1175,82415,0.1922750664480009,0.7063829781222272,0.46113730327581415,False,일반,3,2,C유형_기타일반가구
17100112,후기고령자(75+),9606,102700,0.8763388510223953,0.08015823442846573,0.6424519796598679,False,일반,5,5,D유형_여유자산가층
17100142,후기고령자(75+),2780,35605,0.9830080044937509,0.08992805752160862,0.7253288169044854,False,일반,4,3,D유형_여유자산가층
17200132,후기고령자(75+),3487,178870,0.8637558003018952,0.40435904777620907,0.6319333585135858,False,일반,5,4,D유형_여유자산가층
17200142,전기고령자(65-74),3979,97393,0.9240910537718316,0.3166624779299667,0.6850171405661032,False,일반,5,4,D유형_여유자산가층
17200322,후기고령자(75+),1117,12020,0.0,0.3133393014204661,0.13836458319577677,False,일반,2,1,A유형_구조적취약층
17400162,전기고령자(65-74),5953,61000,0.9836065573770492,0.3023685536196256,0.7091619089218123,False,일반,4,5,D유형_여유자산가층
17400172,전기고령자(65-74),1011,860,0.0,0.35608308570120367,0.13946874986126256,False,일반,2,1,A유형_구조적취약층
17400392,후기고령자(75+),1816,25700,0.9642857142857143,0.3303964755889887,0.7191162155225463,False,일반,3,2,C유형_기타일반가구
18000142,전기고령자(65-74),4779,146412,0.6249531285153613,0.18623142913031357,0.503208080420256,False,일반,5,4,D유형_여유자산가층
18000322,전기고령자(65-74),794,1205,0.0,0.7178841300782316,0.14172916652551185,False,일반,2,1,A유형_구조적취약층
18000342,전기고령자(65-74),4117,23310,0.48906048906048905,0.09084284671099274,0.4831361107934445,False,일반,3,4,C유형_기타일반가구
18100342,전기고령자(65-74),3406,73010,0.22599643884399398,0.2789195536468234,0.4494353477287967,False,일반,3,4,C유형_기타일반가구
18100382,전기고령자(65-74),4119,68446,0.2775910937089092,0.05341102207977397,0.4302472111339679,False,일반,3,4,C유형_기타일반가구
18200112,후기고령자(75+),20018,160400,0.44536817102137766,0.1004096313267854,0.4942845599439776,False,일반,5,5,D유형_여유자산가층
18300132,전기고령자(65-74),831,6700,0.0,0.19975932587273246,0.14134374985925738,False,일반,2,1,A유형_구조적취약층
18300322,전기고령자(65-74),9722,42940,0.4657661853749418,0.21600493723349054,0.4516027101539458,False,일반,3,5,C유형_기타일반가구
18300362,후기고령자(75+),2581,7850,0.0,0.25184037185128233,0.17023648394453805,False,일반,2,3,C유형_기타일반가구
18300372,전기고령자(65-74),11729,236573,0.4015673808930013,0.3239832892553514,0.32985318625276133,False,일반,5,5,D유형_여유자산가층
18400352,후기고령자(75+),885,12600,0.9523809523809523,0.6508474568916978,0.7168222781842439,False,일반,3,1,C유형_기타일반가구
18400392,후기고령자(75+),3861,15766,0.0,0.1709401708958974,0.15113915564808594,False,일반,2,4,C유형_기타일반가구
19000112,전기고령자(65-74),8229,141800,0.7757404795486601,0.13853445131382494,0.6044989784280638,False,일반,5,5,D유형_여유자산가층
19000142,후기고령자(75+),3173,360500,0.7702888583218707,0.5042546484386213,0.6345085906973701,False,일반,5,3,D유형_여유자산가층
19100112,전기고령자(65-74),7858,498600,0.5864547862277715,0.33087299563109274,0.5509034474806442,False,일반,5,5,D유형_여유자산가층
19200112,전기고령자(65-74),9061,427400,0.9826860084230229,0.2648714269655809,0.6926560524749426,False,일반,5,5,D유형_여유자산가층
19200162,전기고령자(65-74),1220,2030,0.0,0.344262294799785,0.1372916665302575,False,일반,2,2,A유형_구조적취약층
19300312,전기고령자(65-74),1894,310,0.0,0.15839493127856655,0.13027083320443256,False,일반,2,2,C유형_기타일반가구
19400302,후기고령자(75+),6367,197520,0.16865844255975326,0.392649599435739,0.4240410599355465,False,일반,4,5,D유형_여유자산가층
19400312,후기고령자(75+),1697,83000,0.24096385542168675,0.12964054205678224,0.4576272403870877,False,일반,3,2,C유형_기타일반가구
19400322,후기고령자(75+),1476,23600,0.847457627118644,0.10162601619131027,0.6748823908794431,False,일반,3,2,C유형_기타일반가구
30000272,후기고령자(75+),2035,50,0.0,0.4176904174851644,0.1394010415276336,False,일반,2,3,A유형_구조적취약층
30200262,후기고령자(75+),1757,21450,0.9790209790209791,0.4553215706002723,0.7290805750895214,False,일반,3,2,C유형_기타일반가구
30400272,전기고령자(65-74),8370,80690,0.3363605785401951,0.2508960573176946,0.43838038097303395,False,일반,4,5,D유형_여유자산가층
31100252,후기고령자(75+),1048,1010,0.0,0.3244274806064623,0.1390833331950081,False,일반,2,1,A유형_구조적취약층
31200202,후기고령자(75+),765,12159,0.9869232667160128,0.9411764693579393,0.7364295708285802,False,일반,3,1,C유형_기타일반가구
31300212,전기고령자(65-74),2905,9980,0.0,0.2409638553387388,0.11973958321569517,False,일반,2,3,C유형_기타일반가구
31300242,후기고령자(75+),-693,76000,0.8552631578947368,,0.6631606622149557,True,자산부유-현금빈곤,4,1,B유형_자산소득불일치
31400222,전기고령자(65-74),964,-3300,0.0,0.38381742698774124,0.13995833319407233,False,일반,2,1,A유형_구조적취약층
31400232,전기고령자(65-74),351,28900,0.7612456747404844,5.641025624954343,0.6030936180861198,False,일반,3,1,C유형_기타일반가구
32000232,전기고령자(65-74),2720,9590,0.9384775808133472,0.26470588225562286,0.7119574981574818,False,일반,3,3,C유형_기타일반가구
32000292,전기고령자(65-74),2164,-22670,0.0,0.17560073929038783,0.12745833320744038,False,일반,2,3,C유형_기타일반가구
32100292,후기고령자(75+),430,1650,0.0,0.48837209188750674,0.14552083318812353,False,일반,2,1,A유형_구조적취약층
32300292,전기고령자(65-74),4555,62320,0.6097560975609756,0.16904500545136222,0.5322477252351412,False,일반,4,4,D유형_여유자산가층
32400222,전기고령자(65-74),816,8462,0.8272276057669582,1.0294117634443483,0.6378392402244456,False,일반,3,1,C유형_기타일반가구
32400272,전기고령자(65-74),1812,7355,0.9995456610631531,0.38631346557046714,0.7308556310337869,False,일반,3,2,C유형_기타일반가구
33100202,전기고령자(65-74),12147,91780,0.0,0.31283444469310656,0.24599999413296975,False,일반,2,5,C유형_기타일반가구
33100212,전기고령자(65-74),1655,1900,0.0,0.27794561916740446,0.1413802081922524,False,일반,2,2,A유형_구조적취약층
33100222,전기고령자(65-74),1767,12270,0.6927465362673186,0.2829654780515192,0.5588577556140406,False,일반,3,2,C유형_기타일반가구
33200202,후기고령자(75+),895,2760,0.0,0.6703910607034737,0.14067708319330366,False,일반,2,1,A유형_구조적취약층
33200212,전기고령자(65-74),5099,26640,0.22522522522522523,0.13375171599651858,0.25857857217386415,False,일반,2,4,C유형_기타일반가구
33200242,전기고령자(65-74),1789,2900,0.0,0.4024594743418337,0.13136458320326289,False,일반,2,2,C유형_기타일반가구
33400212,전기고령자(65-74),10778,115280,0.13983667076854234,0.0723696418563398,0.403439795351175,False,일반,3,5,C유형_기타일반가구
33400252,후기고령자(75+),1519,4720,0.6991525423728814,0.4147465435057626,0.5600268855532515,False,일반,2,2,C유형_기타일반가구
110000142,전기고령자(65-74),791,5541,0.0,0.518331225640542,0.15490396693135894,False,일반,2,1,A유형_구조적취약층
110000152,전기고령자(65-74),1629,46140,0.0,0.38060159583756803,0.32668209107337426,False,일반,2,2,C유형_기타일반가구
110000182,전기고령자(65-74),1088,57000,0.8421052631578947,0.5698529406527086,0.6790207229458589,False,자산부유-현금빈곤,4,1,B유형_자산소득불일치
110000362,전기고령자(65-74),870,5000,0.0,0.4137931029726516,0.14093749985969184,False,일반,2,1,A유형_구조적취약층
110100162,전기고령자(65-74),1401,57890,0.0,0.6209850102633939,0.14348047124689675,False,일반,2,2,A유형_구조적취약층
110100342,후기고령자(75+),2846,200,0.0,0.3373155304506973,0.13517708319867092,False,일반,2,3,C유형_기타일반가구
110100362,후기고령자(75+),5183,135819,0.0,0.5016399767506,0.3698228779993142,False,일반,2,4,C유형_기타일반가구
110200162,후기고령자(75+),1964,100,0.0,0.3971486759688652,0.13977083319391767,False,일반,2,3,A유형_구조적취약층
110200172,전기고령자(65-74),3018,27740,0.0,0.4373757453819166,0.13707927153381852,False,일반,2,3,C유형_기타일반가구
110200392,전기고령자(65-74),6246,12751,0.0,0.06964457251526664,0.08493749991958073,False,일반,2,5,C유형_기타일반가구
110201112,후기고령자(75+),5805,129386,0.9638145466601898,0.18087855294041713,0.7026703479059025,False,일반,5,5,D유형_여유자산가층
110201182,후기고령자(75+),3937,145900,0.8910212474297464,0.3048006095237997,0.6647958331682584,False,일반,5,4,D유형_여유자산가층
110300122,후기고령자(75+),10832,35500,0.9917355371900827,0.12001477103766481,0.7074334203436002,False,일반,4,5,D유형_여유자산가층
110300182,후기고령자(75+),1823,29300,0.9803921568627451,0.6637410857576845,0.7293564278852539,False,자산부유-현금빈곤,4,2,B유형_자산소득불일치
110300362,전기고령자(65-74),6365,93320,0.8144020574367766,0.43990573441635417,0.6054928280814595,False,일반,5,5,D유형_여유자산가층
110301172,전기고령자(65-74),4968,74606,0.82736448951611,0.3301127213506214,0.6317750343483355,False,일반,5,4,D유형_여유자산가층
110301182,후기고령자(75+),5047,61860,0.9699321047526673,0.256588072071213,0.7267016849811202,False,일반,4,4,D유형_여유자산가층
110400182,전기고령자(65-74),7941,404300,0.30917635419243134,0.16370734162401368,0.3930851518748515,False,일반,5,5,D유형_여유자산가층
110400302,전기고령자(65-74),1508,6378,0.0,0.24867373988814737,0.13429166653346583,False,일반,2,2,C유형_기타일반가구
110400332,후기고령자(75+),2585,15230,0.0,0.24758220493323707,0.141024305414739,False,일반,2,3,A유형_구조적취약층
110400342,후기고령자(75+),3863,37890,0.9357454772301934,0.22262490286755762,0.6913305226108406,False,일반,4,4,D유형_여유자산가층
110400352,전기고령자(65-74),2817,26599,0.0,0.3833865813335511,0.14377446548465994,False,일반,2,3,C유형_기타일반가구
110400382,전기고령자(65-74),1054,17700,0.9378531073446328,0.49335863330800883,0.7114626588009642,False,일반,3,1,C유형_기타일반가구
110401102,전기고령자(65-74),112410,1392725,0.2067404516209521,0.026688017080093517,0.13522421815870597,False,일반,5,5,D유형_여유자산가층
111000112,후기고령자(75+),977,580,0.0,0.33776867928580484,0.1398229165275505,False,일반,2,1,A유형_구조적취약층
111000172,후기고령자(75+),1199,106130,0.9745797124989848,2.8857381126891255,0.7289122695616213,False,자산부유-현금빈곤,5,2,B유형_자산소득불일치
111100352,전기고령자(65-74),12845,444200,0.6541291905151267,0.233553912009844,0.5657551101100882,False,일반,5,5,D유형_여유자산가층
111200142,전기고령자(65-74),1296,18,0.0,0.12654320977890182,0.13649999986443748,False,일반,2,2,A유형_구조적취약층
111200152,전기고령자(65-74),3875,146600,0.15929908403026682,0.38709677409365245,0.4144972630201539,False,일반,4,4,D유형_여유자산가층
111200332,전기고령자(65-74),12691,159580,0.8459706730166687,0.11976991567884564,0.6245107989120916,False,일반,5,5,D유형_여유자산가층
111300132,전기고령자(65-74),4623,51220,0.0,0.3071598528429245,0.30927379813635514,False,일반,2,4,C유형_기타일반가구
111300162,후기고령자(75+),5244,26218,0.0,0.16590389012854617,0.12268749987826083,False,일반,2,4,C유형_기타일반가구
111301102,후기고령자(75+),9109,193850,0.5959202383680954,0.2305412229409879,0.5737953050313382,False,일반,5,5,D유형_여유자산가층
111400102,전기고령자(65-74),1800,102665,0.8875870944836463,0.2388888887561728,0.6968346310256495,False,자산부유-현금빈곤,5,2,B유형_자산소득불일치
111400162,전기고령자(65-74),3293,10520,0.0,0.11235955052767703,0.15783329340660052,False,일반,2,3,C유형_기타일반가구
112000332,전기고령자(65-74),3097,8510,0.0,0.17436228602700604,0.3607063912315397,False,일반,2,3,C유형_기타일반가구
112000352,전기고령자(65-74),15439,475300,0.2069108214359611,0.16970011009976682,0.3547661351548743,False,일반,5,5,D유형_여유자산가층
112000362,전기고령자(65-74),11376,164300,0.5104934770277936,0.14943741208250375,0.46936858343614396,False,일반,5,5,D유형_여유자산가층
112100192,전기고령자(65-74),871,28130,0.9953785993601137,0.6659012621516633,0.7426939221785434,False,일반,3,1,C유형_기타일반가구
112200112,전기고령자(65-74),2344,5220,0.0,0.21331058011377535,0.1255833332094456,False,일반,2,3,C유형_기타일반가구
112200122,후기고령자(75+),1814,2960,0.0,0.1543550164529465,0.1311041665368747,False,일반,2,2,C유형_기타일반가구
112200152,전기고령자(65-74),1346,17070,0.847953216374269,0.61664190147352,0.6517642569883211,False,일반,3,2,C유형_기타일반가구
112200332,전기고령자(65-74),3296,33800,0.8875739644970414,0.18203883489622608,0.6678147628630797,False,일반,4,4,D유형_여유자산가층
112300102,후기고령자(75+),365,60050,0.9991673605328892,0.6849315049727904,0.7457015661419966,False,자산부유-현금빈곤,4,1,B유형_자산소득불일치
112300122,후기고령자(75+),1220,19700,0.7614213197969543,0.7688524583861864,0.6005010890243865,False,일반,3,2,C유형_기타일반가구
112300172,후기고령자(75+),1118,6200,0.967741935483871,0.16100178876475688,0.719002459428426,False,일반,2,1,A유형_구조적취약층
112300302,후기고령자(75+),5670,48700,0.8538899430740038,0.15873015870216398,0.6588968982258201,False,일반,4,5,D유형_여유자산가층
113000112,전기고령자(65-74),4490,60330,0.8867893253770927,0.1291759465191145,0.6657357273642743,False,일반,4,4,D유형_여유자산가층
113000132,전기고령자(65-74),1500,79000,0.43478260869565216,0.873333332751111,0.534999333775727,False,일반,4,2,C유형_기타일반가구
113000192,전기고령자(65-74),14080,149600,0.42452830188679247,0.1519886363528417,0.4312895349655331,False,일반,5,5,D유형_여유자산가층
113100102,전기고령자(65-74),6320,75941,0.7941820492165962,0.30854430374864805,0.6323669228474004,False,일반,5,5,D유형_여유자산가층
113100112,후기고령자(75+),4870,48920,0.919869174161897,0.3696098561869384,0.6767643157509559,False,일반,4,4,D유형_여유자산가층
113100182,후기고령자(75+),851,10030,0.0,0.5405405399053578,0.14113541652614683,False,일반,2,1,A유형_구조적취약층
113100352,전기고령자(65-74),19725,92850,0.7000538502961766,0.136882129270627,0.5080071113215495,False,일반,4,5,D유형_여유자산가층
113200142,후기고령자(75+),825,6910,0.0,0.5818181811129477,0.14140624985919054,False,일반,2,1,A유형_구조적취약층
113200332,후기고령자(75+),1865,283,0.0,0.23056300255733886,0.13057291653744285,False,일반,2,2,C유형_기타일반가구
113200372,후기고령자(75+),2878,50130,0.8976660682226212,0.10006949266849566,0.6975510339787799,False,일반,4,3,D유형_여유자산가층
113300302,전기고령자(65-74),7777,84450,0.9349112426035503,0.0771505721901568,0.6299393542010927,False,일반,5,5,D유형_여유자산가층
113300332,후기고령자(75+),670,9030,0.0,0.5223880589218088,0.14302083319079714,False,일반,2,1,A유형_구조적취약층
113300382,후기고령자(75+),1221,16100,0.9316770186335404,0.5569205564644385,0.7104139265918098,False,일반,3,2,C유형_기타일반가구
113300392,전기고령자(65-74),4795,8670,0.989010989010989,0.13555787275587947,0.7184358353846543,False,일반,3,4,C유형_기타일반가구
113400102,전기고령자(65-74),3266,106773,0.411703610827805,0.5737905693282944,0.47843257190602595,False,일반,4,3,D유형_여유자산가층
113400122,후기고령자(75+),913,14020,0.9993108201240524,0.28477546518644525,0.7400793090337006,False,일반,3,1,C유형_기타일반가구
113400162,전기고령자(65-74),8929,18800,0.9574468085106383,0.08959569939639425,0.6934677110598748,False,일반,3,5,C유형_기타일반가구
113400332,후기고령자(75+),755,12400,0.8064516129032258,0.5721854297057146,0.6663320965211563,False,일반,3,1,C유형_기타일반가구
113400392,후기고령자(75+),916,30500,0.9836065573770492,0.5622270736220228,0.7306254505666014,False,자산부유-현금빈곤,4,1,B유형_자산소득불일치
114000352,전기고령자(65-74),2236,23200,0.0,0.3577817529705806,0.35112644271337723,False,일반,2,3,C유형_기타일반가구
114000372,전기고령자(65-74),3202,90520,0.8732099196646874,0.21861336657757235,0.6727513707355125,False,일반,5,3,D유형_여유자산가층
114100122,후기고령자(75+),5568,215000,0.9610983981693364,0.2909482758098153,0.70098026964448,False,일반,5,4,D유형_여유자산가층
114100142,후기고령자(75+),1442,100,0.0,0.532593619602917,0.1349791665327306,False,일반,2,2,C유형_기타일반가구
114100332,전기고령자(65-74),3884,24828,0.794251134644478,0.4016477856844367,0.6159037876450357,False,일반,3,4,C유형_기타일반가구
114100352,후기고령자(75+),2196,22500,0.9548611111111112,0.40983606538714207,0.7179927573925824,False,일반,4,3,D유형_여유자산가층
114100392,후기고령자(75+),2209,34020,0.0,0.41285649596520757,0.38835525011961036,False,일반,2,3,A유형_구조적취약층
114200132,후기고령자(75+),2926,22600,0.8849557522123894,0.3588516745185059,0.6767988216614138,False,일반,3,3,C유형_기타일반가구
114200142,후기고령자(75+),5479,41790,0.7178750897343862,0.1525825880356666,0.61321109088903,False,일반,4,4,D유형_여유자산가층
114300172,후기고령자(75+),1860,39570,0.9396288466055908,0.4408602148167418,0.6944053484692154,False,일반,4,2,C유형_기타일반가구
114300192,전기고령자(65-74),4468,21980,0.9306654257794323,0.21598030433841084,0.6956015552013001,False,일반,4,4,D유형_여유자산가층
114300372,전기고령자(65-74),2541,8860,0.8398656215005599,0.26918535998851423,0.6504862746473662,False,일반,3,3,C유형_기타일반가구
114400152,후기고령자(75+),2418,120800,0.9680065627563577,0.5128205126084283,0.7182133199821605,False,일반,5,3,D유형_여유자산가층
114400312,후기고령자(75+),9604,145080,0.4590887959088796,0.2748854643612156,0.4553396594987884,False,일반,5,5,D유형_여유자산가층
114400372,전기고령자(65-74),2046,157366,0.5367313691070053,0.35581622661006046,0.5357162504593922,False,일반,5,3,D유형_여유자산가층
115000152,후기고령자(75+),1309,330,0.0,0.7333842622357645,0.13636458319791564,False,일반,2,2,A유형_구조적취약층
115000162,전기고령자(65-74),869,-1339,0.0,0.3222094357627049,0.14094791652634736,False,일반,2,1,A유형_구조적취약층
115000302,전기고령자(65-74),4936,54955,0.6837075596301764,0.2674230145325318,0.5498084807571366,False,일반,4,4,D유형_여유자산가층
115000332,전기고령자(65-74),2118,41800,0.0,0.09442870628213942,0.14494968852160442,False,일반,2,3,A유형_구조적취약층
115000362,후기고령자(75+),1076,35000,0.6197183098591549,3.6802973943491657,0.6021751386373347,False,일반,3,1,C유형_기타일반가구
115000372,전기고령자(65-74),6208,71222,0.24501448781319243,0.14175257729675378,0.4506948209617201,False,일반,3,5,C유형_기타일반가구
115000392,전기고령자(65-74),6044,55900,0.0,0.10423560554198616,0.27660077226423,False,일반,2,5,C유형_기타일반가구
115100142,전기고령자(65-74),26932,518600,0.47541298501728774,0.09356898856031602,0.37367016042814527,False,일반,5,5,D유형_여유자산가층
115100192,전기고령자(65-74),2462,65160,0.9208103130755064,0.48740861068748637,0.6896662507803475,False,일반,4,3,D유형_여유자산가층
115100332,후기고령자(75+),987,100,0.0,0.45592705120980037,0.13971874986099522,False,일반,2,1,A유형_구조적취약층
115100342,전기고령자(65-74),1244,820,0.0,0.4541800639435851,0.13704166653052488,False,일반,2,2,A유형_구조적취약층
115200102,후기고령자(75+),950,15330,0.998697351280938,0.4073684206238227,0.7393258090763947,False,일반,3,1,C유형_기타일반가구
115200132,후기고령자(75+),4175,32100,0.9968847352024922,0.23952095802646203,0.7263892752422924,False,일반,4,4,D유형_여유자산가층
115200352,후기고령자(75+),1510,20,0.0,0.19867549655716854,0.1342708332001548,False,일반,2,2,C유형_기타일반가구
115300142,전기고령자(65-74),4380,45078,0.0,0.4383561642834803,0.19004106173591034,False,일반,2,4,C유형_기타일반가구
115300152,후기고령자(75+),866,600,0.0,0.30023094653553006,0.14097916652631393,False,일반,2,1,A유형_구조적취약층
115300182,전기고령자(65-74),3317,6460,0.0,0.22309315639942925,0.11544791655361819,False,일반,2,4,C유형_기타일반가구
115300362,전기고령자(65-74),734,-425,0.0,0.5040871927737232,0.14235416652484345,False,일반,2,1,A유형_구조적취약층
115400132,전기고령자(65-74),1142,4021,0.0,0.29772329220864857,0.14603472207627927,False,일반,2,2,A유형_구조적취약층
115400142,전기고령자(65-74),742,1598,0.0,0.3638814011268445,0.14227083319159922,False,일반,2,1,A유형_구조적취약층
115400362,후기고령자(75+),2243,17985,0.0,0.38519839483495394,0.29122488617459447,False,일반,2,3,C유형_기타일반가구
116000102,전기고령자(65-74),3038,33950,0.8836524300441826,0.315997366584596,0.6721034595671339,False,일반,4,3,D유형_여유자산가층
116000122,전기고령자(65-74),2276,106130,0.37860535554484753,0.42618629155264226,0.4857771713899512,False,일반,4,3,D유형_여유자산가층
116000132,전기고령자(65-74),1497,85130,0.23780081803481404,0.5344021372515684,0.47512750210123855,False,일반,3,2,C유형_기타일반가구
116000352,후기고령자(75+),4172,82252,0.9118319311384525,0.32430488966339766,0.653643775930649,False,일반,5,4,D유형_여유자산가층
116000392,후기고령자(75+),1347,3430,0.6997084548104956,0.1633259093071077,0.5557960870050277,False,일반,2,2,C유형_기타일반가구
116100162,후기고령자(75+),3972,115581,0.907733060463274,0.2769385699202068,0.680517855935949,False,일반,5,4,D유형_여유자산가층
116100312,전기고령자(65-74),987,4004,0.9994288977727013,0.33434650422052026,0.7445199476668036,False,일반,3,1,C유형_기타일반가구
116100332,전기고령자(65-74),4057,900,0.0,0.17254128662249416,0.10773958322852849,False,일반,2,4,C유형_기타일반가구
116100362,후기고령자(75+),1209,9050,0.6629834254143646,0.5955334982667216,0.5351984505237655,False,일반,2,2,A유형_구조적취약층
116200122,후기고령자(75+),1109,15500,0.967741935483871,0.378719566836141,0.7190962094283257,False,일반,3,1,C유형_기타일반가구
116200132,전기고령자(65-74),1639,501,0.0,0.29896278200185306,0.13292708320159186,False,일반,2,2,C유형_기타일반가구
116200322,후기고령자(75+),5311,124400,0.6304176516942475,0.11862172846570858,0.5783704657265105,False,일반,5,4,D유형_여유자산가층
116300102,전기고령자(65-74),3974,23660,0.8453085376162299,0.46300956203749133,0.6439175714122952,False,일반,3,4,C유형_기타일반가구
116300122,전기고령자(65-74),3938,33500,0.9855072463768116,0.13966480443380783,0.7207971201280992,False,일반,4,4,D유형_여유자산가층
116300312,전기고령자(65-74),3326,19158,0.771366862079605,0.33072760062215045,0.595499696589061,False,일반,3,4,C유형_기타일반가구
116300332,전기고령자(65-74),3510,3924,0.0,0.2735042734263521,0.13207591211543965,False,일반,2,4,C유형_기타일반가구
116300382,후기고령자(75+),1599,20450,0.9779951100244498,0.30018761707305336,0.7201439806706963,False,일반,3,2,C유형_기타일반가구
116400132,후기고령자(75+),1072,86200,0.0,0.9514925364258464,0.3708548979246937,False,일반,2,1,A유형_구조적취약층
116400152,후기고령자(75+),1519,5280,0.0,0.450296247234828,0.1420885415248528,False,일반,2,2,A유형_구조적취약층
116400342,후기고령자(75+),2448,14814,0.9264024704065877,0.3676470586733468,0.6825961817726057,False,일반,3,3,C유형_기타일반가구
116400372,전기고령자(65-74),4466,24100,0.48872180451127817,0.2552619793427537,0.5421562800455463,False,일반,3,4,C유형_기타일반가구
117000142,후기고령자(75+),2935,208600,0.8587786259541985,0.4838160134637765,0.6774170573110025,False,일반,5,3,D유형_여유자산가층
117000302,전기고령자(65-74),2774,204600,0.03421309872922776,0.2667627973083047,0.3339904693809892,False,일반,3,3,C유형_기타일반가구
117000332,후기고령자(75+),4459,9555,0.7849293563579278,0.18838304548365484,0.5977361953836704,False,일반,3,4,C유형_기타일반가구
117100302,후기고령자(75+),1625,29000,0.25862068965517243,0.28307692290272185,0.46928299328940803,False,일반,3,2,C유형_기타일반가구
117100312,전기고령자(65-74),4626,8100,0.0,0.18158236053143484,0.31109383209415126,False,일반,2,4,C유형_기타일반가구
117200122,후기고령자(75+),34,169000,0.9881656804733728,15.294117197231849,0.7425484391678739,False,자산부유-현금빈곤,5,1,B유형_자산소득불일치
117200142,후기고령자(75+),900,80100,0.9987515605493134,0.5222222216419753,0.7398791681456172,False,자산부유-현금빈곤,5,1,B유형_자산소득불일치
117200172,후기고령자(75+),-81,44520,0.9972801450589301,,0.7483713140798667,True,자산부유-현금빈곤,5,1,B유형_자산소득불일치
117200342,후기고령자(75+),5729,90000,0.8666666666666667,0.21295164946536016,0.6103257211103098,False,일반,5,5,D유형_여유자산가층
117300392,전기고령자(65-74),1176,12960,0.9702457956015524,2.653061222233791,0.7286129725405922,False,일반,3,2,C유형_기타일반가구
117400112,전기고령자(65-74),232,48200,0.975103734439834,2.0689655083234246,0.7326487292815519,False,자산부유-현금빈곤,4,1,B유형_자산소득불일치
117400162,전기고령자(65-74),1451,5820,0.0,0.588559613653646,0.142442708191153,False,일반,2,2,A유형_구조적취약층
117400192,전기고령자(65-74),10762,116988,0.8205969843060826,0.18583906335385253,0.5889971073163986,False,일반,5,5,D유형_여유자산가층
117400332,후기고령자(75+),616,54344,0.9479443150425221,2.9545454497491144,0.7179312145525082,False,자산부유-현금빈곤,5,1,B유형_자산소득불일치
117400362,후기고령자(75+),1427,2166,0.0,0.48353188473473585,0.14967854106418377,False,일반,2,2,C유형_기타일반가구
118000302,후기고령자(75+),1781,7680,0.0,0.2751263333660155,0.1314479165365071,False,일반,2,2,C유형_기타일반가구
118100342,전기고령자(65-74),4315,56958,0.0,0.1881807647304332,0.2826862366390601,False,일반,2,4,C유형_기타일반가구
118200312,전기고령자(65-74),4456,16770,0.7751937984496124,0.21768402149513372,0.5955360996456169,False,일반,3,4,C유형_기타일반가구
118300112,전기고령자(65-74),4236,2550,0.0,0.14400377711425782,0.12793749987282854,False,일반,2,4,C유형_기타일반가구
118300122,후기고령자(75+),1243,4130,0.0,0.2976669345956018,0.1370520831971804,False,일반,2,2,A유형_구조적취약층
118300172,후기고령자(75+),966,36200,0.994475138121547,0.4037267076565976,0.736625800851207,False,자산부유-현금빈곤,4,1,B유형_자산소득불일치
118300362,후기고령자(75+),1679,32450,0.9553158705701078,0.3633114947210771,0.7221520819017915,False,자산부유-현금빈곤,4,2,B유형_자산소득불일치
118400162,전기고령자(65-74),1625,-3910,0.0,0.28307692290272185,0.14153645819209074,False,일반,2,2,A유형_구조적취약층
118400302,전기고령자(65-74),3905,148600,0.33618581907090467,0.1997439180026264,0.4123653059278647,False,일반,4,4,D유형_여유자산가층
118400322,후기고령자(75+),907,1100,0.0,0.1874310913038246,0.14055208319343734,False,일반,2,1,A유형_구조적취약층
118400362,전기고령자(65-74),2867,5860,0.7633587786259542,0.474363445945461,0.6435469254475342,False,일반,2,3,C유형_기타일반가구
118400392,전기고령자(65-74),8906,26982,0.14496535328056595,0.10105546821232253,0.3936074232831519,False,일반,3,5,C유형_기타일반가구
119100152,전기고령자(65-74),6430,84820,0.9431737797689225,0.2721617417928209,0.7030531703695566,False,일반,5,5,D유형_여유자산가층
119400182,후기고령자(75+),9903,852700,0.6552364311455717,0.2181157224863056,0.5261573249396861,False,일반,5,5,D유형_여유자산가층
119400312,후기고령자(75+),5379,140587,0.0,0.07436326453348889,0.3463595935707977,False,일반,2,4,C유형_기타일반가구
119400322,후기고령자(75+),4207,2300,0.0,0.09032564770850353,0.1170467891430668,False,일반,2,4,C유형_기타일반가구
130000202,전기고령자(65-74),3055,2320,0.0,0.3927986905424554,0.11817708321736617,False,일반,2,3,C유형_기타일반가구
130000212,전기고령자(65-74),6523,99600,0.20080321285140562,0.14717154681171676,0.4260191041784574,False,일반,3,5,C유형_기타일반가구
130000252,전기고령자(65-74),2102,4080,0.0,0.27687916257046663,0.3211213708016607,False,일반,2,3,C유형_기타일반가구
130100272,후기고령자(75+),663,4530,0.9933774834437086,0.5580693807570598,0.7391234544891225,False,일반,2,1,A유형_구조적취약층
130200212,후기고령자(75+),3343,48270,0.8493888543608866,0.4271612322981869,0.6474038701410598,False,일반,4,4,D유형_여유자산가층
130200252,전기고령자(65-74),1101,7300,0.0,0.308810172289909,0.20702528712142906,False,일반,2,1,A유형_구조적취약층
130200292,전기고령자(65-74),745,6080,0.9868421052631579,0.5704697978919868,0.7343480397665816,False,일반,2,1,A유형_구조적취약층
130300272,후기고령자(75+),2138,25515,0.9798157946306094,0.43498596799111977,0.7267572306531624,False,일반,3,3,C유형_기타일반가구
130400202,전기고령자(65-74),6686,30115,0.4399603043334436,0.19458570143664586,0.3973783584685475,False,일반,3,5,C유형_기타일반가구
130400212,전기고령자(65-74),3429,22398,0.6250558085543352,0.40244969367091,0.5403268430509619,False,일반,3,4,C유형_기타일반가구
130400262,전기고령자(65-74),788,45300,0.9933774834437086,0.7538071056423767,0.7378213711571817,False,자산부유-현금빈곤,4,1,B유형_자산소득불일치
131000252,후기고령자(75+),1697,3200,0.0,0.22981732455520487,0.13232291653557132,False,일반,2,2,C유형_기타일반가구
131100262,후기고령자(75+),6623,121389,0.49702169308528127,0.48316472890183226,0.4644068524370411,False,일반,4,5,D유형_여유자산가층
131200202,후기고령자(75+),4115,12100,0.9917355371900827,0.13122721746507235,0.7236122397717394,False,일반,3,4,C유형_기타일반가구
131200252,후기고령자(75+),3503,41820,0.8028904054596547,0.5823579787090043,0.6632313777384073,False,일반,4,4,D유형_여유자산가층
131200272,전기고령자(65-74),4925,2960,0.0,0.28426395933314436,0.12434895820987502,False,일반,2,4,C유형_기타일반가구
131300262,전기고령자(65-74),5255,4555,0.8118081180811808,0.12369172214582459,0.6161753542303997,False,일반,3,4,C유형_기타일반가구
131300282,전기고령자(65-74),3999,31000,0.96875,0.2300575143210659,0.6895968847656239,False,일반,4,4,D유형_여유자산가층
131300292,전기고령자(65-74),4440,30260,0.0,0.27702702696463355,0.3663539475340403,False,일반,2,4,C유형_기타일반가구
131400232,후기고령자(75+),1014,22570,0.974745237040319,0.4536489147399912,0.724287796357125,False,일반,3,1,C유형_기타일반가구
132000222,전기고령자(65-74),3878,26241,0.5813108559802355,0.2578648787370127,0.5267309062936708,False,일반,3,4,C유형_기타일반가구
132100222,전기고령자(65-74),1797,300,0.0,0.15581524754823858,0.14064062485968434,False,일반,2,2,A유형_구조적취약층
132100232,전기고령자(65-74),1187,1200,0.0,0.384161751993124,0.1376354165298899,False,일반,2,2,A유형_구조적취약층
132100242,후기고령자(75+),1216,7250,0.993103448275862,0.28453947345021424,0.7331986158411317,False,일반,3,2,C유형_기타일반가구
132100262,전기고령자(65-74),6732,75800,0.4278728606356968,0.17973856206480412,0.478632200616309,False,일반,4,5,D유형_여유자산가층
132100282,후기고령자(75+),827,2100,0.0,0.3022974603357951,0.1413854165258795,False,일반,2,1,A유형_구조적취약층
132300202,전기고령자(65-74),3022,14600,0.7035175879396985,0.23163467894386677,0.5601421388818,False,일반,3,3,C유형_기타일반가구
132400242,전기고령자(65-74),9590,136060,0.36748493311774216,0.09801876954139532,0.40690430939705424,False,일반,4,5,D유형_여유자산가층
133100212,전기고령자(65-74),2092,510,0.0,0.23518164424704513,0.1391041665279408,False,일반,2,3,A유형_구조적취약층
133100242,후기고령자(75+),3926,88900,0.24757804090419805,0.16046867036157192,0.46432386317033003,False,일반,3,4,C유형_기타일반가구
210000152,전기고령자(65-74),5684,46940,0.0,0.1935256861024761,0.33486815462884806,False,일반,2,5,C유형_기타일반가구
210000172,후기고령자(75+),1649,150400,0.9973404255319149,0.2546998179171014,0.739818940900945,False,자산부유-현금빈곤,5,2,B유형_자산소득불일치
210000182,후기고령자(75+),797,67200,0.7038123167155426,1.3550815541341512,0.6377876211161994,False,자산부유-현금빈곤,4,1,B유형_자산소득불일치
210000382,후기고령자(75+),1053,310,0.0,0.6125356119539073,0.13903124986173046,False,일반,2,1,A유형_구조적취약층
210100352,후기고령자(75+),1293,5272,0.0,0.8043310125256526,0.13653124986440407,False,일반,2,2,A유형_구조적취약층
210101132,전기고령자(65-74),7877,227080,0.8631319358816276,0.1840802335680995,0.6272962919830687,False,일반,5,5,D유형_여유자산가층
210200112,전기고령자(65-74),-1005,79100,0.659264399722415,,0.6236325677849948,True,자산부유-현금빈곤,5,1,B유형_자산소득불일치
210200342,전기고령자(65-74),9883,32430,0.7440871644964124,0.23272285740840606,0.6006723182996951,False,일반,3,5,C유형_기타일반가구
210201152,전기고령자(65-74),6966,93000,0.9792746113989638,0.20671834622355464,0.7012866856555939,False,일반,5,5,D유형_여유자산가층
210201182,전기고령자(65-74),5771,203326,0.638823429204168,0.20620343091211168,0.5623899161266193,False,일반,5,5,D유형_여유자산가층
210300152,후기고령자(75+),3672,10895,0.0,0.15795206967376033,0.13724999986304512,False,일반,2,4,C유형_기타일반가구
210300192,전기고령자(65-74),13540,68999,0.7971130016377049,0.13293943869032943,0.6013435256323978,False,일반,4,5,D유형_여유자산가층
210300362,전기고령자(65-74),4098,84740,0.8968609865470852,0.6100536845753894,0.6667757440388546,False,일반,5,4,D유형_여유자산가층
210301132,전기고령자(65-74),3444,28274,0.9903091179175214,0.35423925657542416,0.7322303419157077,False,일반,3,4,C유형_기타일반가구
210301152,후기고령자(75+),6968,146000,0.2222222222222222,0.05740528127763988,0.4267832742889671,False,일반,4,5,D유형_여유자산가층
210301182,전기고령자(65-74),7857,66880,0.97188995215311,0.2927325951008359,0.6974485625438225,False,일반,4,5,D유형_여유자산가층
210400362,후기고령자(75+),1255,21300,0.9859154929577465,0.1673306771575054,0.7350160277166186,False,일반,3,2,C유형_기타일반가구
210400392,후기고령자(75+),4799,12250,0.0,0.22921441962300176,0.13333680542260445,False,일반,2,4,C유형_기타일반가구
210401102,전기고령자(65-74),28885,481725,0.6227619492449011,0.04189025445588055,0.3953134170340244,False,일반,5,5,D유형_여유자산가층
210401162,전기고령자(65-74),13383,199424,0.7318501170960188,0.15691548978876818,0.5977150390723608,False,일반,5,5,D유형_여유자산가층
211000122,전기고령자(65-74),6886,30742,0.8173941474579042,0.10165553295067448,0.6107050855711271,False,일반,4,5,D유형_여유자산가층
211000182,후기고령자(75+),3652,53482,0.642414008296318,0.2738225629042107,0.5859489232485978,False,일반,4,4,D유형_여유자산가층
211000312,전기고령자(65-74),6883,69400,0.8495145631067961,0.2760424233218012,0.6250761363852501,False,일반,5,5,D유형_여유자산가층
211000352,전기고령자(65-74),33943,413900,0.0,0.17971304834046156,0.2316000897416284,False,일반,2,5,C유형_기타일반가구
211100322,전기고령자(65-74),786,260,0.0,0.7455470728428154,0.14181249985875607,False,일반,2,1,A유형_구조적취약층
211100332,전기고령자(65-74),6280,80020,0.9068923821039904,0.3662420381582417,0.6770562672422661,False,일반,5,5,D유형_여유자산가층
211100362,전기고령자(65-74),3465,-32930,0.8191653786707882,0.2510822510097887,0.6408431723148408,False,일반,2,4,C유형_기타일반가구
211100392,전기고령자(65-74),2592,545,0.0,0.10223765428154412,0.122999999878875,False,일반,2,3,C유형_기타일반가구
211200162,전기고령자(65-74),2842,1400,0.0,0.29556650235905474,0.12039583321499332,False,일반,2,3,C유형_기타일반가구
211300102,후기고령자(75+),1278,200,0.0,0.5477308289923859,0.13668749986423695,False,일반,2,2,A유형_구조적취약층
211300172,후기고령자(75+),3764,114350,0.0,0.2550478213987652,0.32410879834822715,False,일반,2,4,C유형_기타일반가구
211300192,전기고령자(65-74),7599,67900,0.9131075110456554,0.12764837476935803,0.6898917085671561,False,일반,4,5,D유형_여유자산가층
211300392,전기고령자(65-74),1937,12868,0.8636573007830493,0.2787816209195758,0.6480200917996004,False,일반,3,3,C유형_기타일반가구
211400132,전기고령자(65-74),4036,255920,0.9758817788930713,0.19821605545138354,0.6934905585136197,False,일반,5,4,D유형_여유자산가층
211401102,전기고령자(65-74),7373,121034,0.9914569459821208,0.2522718024885024,0.7260899673842099,False,일반,5,5,D유형_여유자산가층
212000302,전기고령자(65-74),8166,109412,0.4028275897915692,0.1898114131533417,0.46400644296967675,False,일반,4,5,D유형_여유자산가층
212000322,후기고령자(75+),3948,43600,0.8715596330275229,0.22796352577812476,0.6523761000512314,False,일반,4,4,D유형_여유자산가층
212000392,전기고령자(65-74),1007,503,0.0,0.24826216459954104,0.13951041652788468,False,일반,2,1,A유형_구조적취약층
212100102,후기고령자(75+),2062,39750,0.985781990521327,0.41222114431997037,0.7307328008271026,False,일반,4,3,D유형_여유자산가층
212100382,전기고령자(65-74),1636,33840,0.7629427792915532,0.25672371622449647,0.6312640661730993,False,일반,3,2,C유형_기타일반가구
212200322,후기고령자(75+),3629,217500,0.43577981651376146,0.23973546424917733,0.530184718474124,False,일반,5,4,D유형_여유자산가층
212200352,후기고령자(75+),676,7620,0.984251968503937,0.22633136061193584,0.7335126993286083,False,일반,3,1,C유형_기타일반가구
212200362,후기고령자(75+),969,10150,0.9852216748768473,1.0526315778610613,0.731042442960251,False,일반,3,1,C유형_기타일반가구
212200382,전기고령자(65-74),9373,26730,0.9726898615787505,0.06337351967743801,0.7092082102758672,False,일반,3,5,C유형_기타일반가구
212300362,전기고령자(65-74),11051,3870,0.0,0.07510632521264081,0.12189554545833818,False,일반,2,5,C유형_기타일반가구
212400152,전기고령자(65-74),1308,8050,0.0,0.3486238529444771,0.13637499986457116,False,일반,2,2,A유형_구조적취약층
212400362,전기고령자(65-74),3498,5550,0.0,0.27444253851502504,0.24559036767651884,False,일반,2,4,C유형_기타일반가구
213000352,전기고령자(65-74),5165,72480,0.20695364238410596,0.1858664084828913,0.434360327697364,False,일반,3,4,C유형_기타일반가구
213100102,후기고령자(75+),2287,30800,0.9776536312849162,0.4591167466291575,0.7246838839831311,False,일반,4,3,D유형_여유자산가층
213100192,후기고령자(75+),1442,18200,0.989010989010989,1.5256588061541894,0.735899377033251,False,일반,3,2,C유형_기타일반가구
213100302,전기고령자(65-74),4838,84711,0.8676559124552892,0.2583712277266698,0.6483496872006014,False,일반,5,4,D유형_여유자산가층
213100342,후기고령자(75+),1807,16830,0.9506833036244801,0.5644714994109178,0.7110016001084115,False,일반,3,2,C유형_기타일반가구
213200132,전기고령자(65-74),1831,14710,0.0,0.49153468023400615,0.1744544641636448,False,일반,2,2,A유형_구조적취약층
213200152,전기고령자(65-74),4810,11940,0.0,0.2108108107669832,0.1332986109781991,False,일반,2,4,C유형_기타일반가구
213200182,전기고령자(65-74),5562,55540,0.0,0.21574973027404715,0.27152897842191615,False,일반,2,4,C유형_기타일반가구
213300112,후기고령자(75+),2670,59500,0.8396946564885496,0.3071161047538891,0.6792267469718001,False,일반,4,3,D유형_여유자산가층
213300182,전기고령자(65-74),8422,98600,0.9115077857956704,0.5224412253001138,0.6754504618868192,False,일반,5,5,D유형_여유자산가층
213300392,전기고령자(65-74),3299,36230,0.28472950696838006,0.15762352223169945,0.46255904274452486,False,일반,3,4,C유형_기타일반가구
213400312,후기고령자(75+),3346,280900,0.594000594000594,2.869097428909415,0.5632262304604027,False,일반,5,4,D유형_여유자산가층
213400392,전기고령자(65-74),3895,38500,0.8571428571428571,0.30808729132013163,0.6237155712232508,False,일반,4,4,D유형_여유자산가층
214000192,전기고령자(65-74),2949,1170,0.0,0.1458121396589311,0.13464062486589268,False,일반,2,3,C유형_기타일반가구
214000322,후기고령자(75+),1491,85030,0.38390786211309286,1.529175049276207,0.47255763429659337,False,자산부유-현금빈곤,4,2,B유형_자산소득불일치
214100192,후기고령자(75+),2157,39973,0.875,0.3059805283699673,0.6525340813704837,False,일반,4,3,D유형_여유자산가층
214100312,후기고령자(75+),1918,64160,0.6138735420503376,0.938477580324047,0.5885247976220498,False,일반,4,3,D유형_여유자산가층
214100342,전기고령자(65-74),11701,62500,0.32,0.10682847618948564,0.3473731586113046,False,일반,3,5,C유형_기타일반가구
214200112,전기고령자(65-74),2065,14150,0.7773851590106007,0.30508474561497106,0.5949231942279227,False,일반,3,3,C유형_기타일반가구
214200162,후기고령자(75+),3973,112350,0.9790832220738763,0.4580921217069992,0.7170941757833266,False,일반,5,4,D유형_여유자산가층
214200192,후기고령자(75+),9609,135910,0.7096728408203818,0.2289520241202048,0.5507825633661244,False,일반,5,5,D유형_여유자산가층
214300152,전기고령자(65-74),3371,50440,0.5947660586835845,0.6146544050386668,0.5388687478493577,False,일반,4,4,D유형_여유자산가층
214300382,전기고령자(65-74),4812,58800,0.8689248895434463,0.5278470489343626,0.6359604766008775,False,일반,4,4,D유형_여유자산가층
214400112,전기고령자(65-74),3241,7000,0.0,0.11724776299992355,0.13311979153413298,False,일반,2,3,C유형_기타일반가구
214400132,전기고령자(65-74),1960,62200,0.9646302250803859,0.35714285696064135,0.7083645897928993,False,일반,4,3,D유형_여유자산가층
214400152,전기고령자(65-74),7830,21410,0.9341429238673518,0.31034482754657156,0.7041104773048457,False,일반,3,5,C유형_기타일반가구
214400322,후기고령자(75+),4375,25080,0.0,0.2902857142193632,0.2605046413647608,False,일반,2,4,C유형_기타일반가구
215000112,전기고령자(65-74),5779,115790,0.7769337016574586,0.17130991518060046,0.6205946103976941,False,일반,5,5,D유형_여유자산가층
215000152,후기고령자(75+),3669,1860,0.0,0.1962387571010524,0.1308906248697729,False,일반,2,4,C유형_기타일반가구
215000162,후기고령자(75+),1458,503,0.0,0.6172839501939067,0.13481249986624216,False,일반,2,2,C유형_기타일반가구
215000312,전기고령자(65-74),2814,43900,0.6378132118451025,0.17768301344076654,0.5749820862625691,False,일반,3,3,C유형_기타일반가구
215000392,전기고령자(65-74),3822,40800,0.5458515283842795,0.2197802197227158,0.5667781520500226,False,일반,3,4,C유형_기타일반가구
215100122,후기고령자(75+),1106,1603,0.0,0.35262206116399447,0.13847916652898754,False,일반,2,1,A유형_구조적취약층
215200102,전기고령자(65-74),6251,34283,0.9185628428207753,0.18237082063951834,0.679435816919199,False,일반,4,5,D유형_여유자산가층
215200132,전기고령자(65-74),2023,164478,0.9652613176889498,0.6228373699343364,0.7195619163732228,False,일반,5,3,D유형_여유자산가층
215200342,후기고령자(75+),1557,23415,0.9822763185991885,0.5009633908150524,0.7354236459963464,False,일반,3,2,C유형_기타일반가구
215200362,후기고령자(75+),5184,31855,0.46360686138154844,0.2237654320556008,0.5170688325121037,False,일반,3,4,C유형_기타일반가구
215200382,전기고령자(65-74),7987,119530,0.669288044842299,0.2040816326275095,0.5674822547579093,False,일반,5,5,D유형_여유자산가층
215300172,전기고령자(65-74),3182,7810,0.0,0.31426775602945706,0.1334270832004817,False,일반,2,3,C유형_기타일반가구
215300312,전기고령자(65-74),6182,119210,0.5033134804127171,0.24587512128018843,0.4934394384739792,False,일반,4,5,D유형_여유자산가층
215300352,전기고령자(65-74),1008,545,0.0,0.2301587299303981,0.13949999986122916,False,일반,2,1,A유형_구조적취약층
215300362,후기고령자(75+),998,-450,0.0,0.3687374745804234,0.1396041665277844,False,일반,2,1,A유형_구조적취약층
215400122,후기고령자(75+),4186,91490,0.9744478129060199,0.22694696602318512,0.7131404410437183,False,일반,5,4,D유형_여유자산가층
215400142,전기고령자(65-74),309,4467,0.0,0.42071197274850497,0.14678124985344226,False,일반,2,1,A유형_구조적취약층
215400152,전기고령자(65-74),1014,110,0.0,0.4240631159526005,0.139437499861296,False,일반,2,1,A유형_구조적취약층
215400362,전기고령자(65-74),3957,7427,0.0,0.29896386143569276,0.12939062487132497,False,일반,2,4,C유형_기타일반가구
216000352,후기고령자(75+),2140,59803,0.9867934147986119,0.5584112146923312,0.7309334086668586,False,일반,4,3,D유형_여유자산가층
216000392,후기고령자(75+),1962,30230,0.33079722130334105,0.4179408764434552,0.33908765685888903,False,일반,3,3,C유형_기타일반가구
216100112,후기고령자(75+),1039,1123,0.0,0.39942252127100814,0.13917708319490782,False,일반,2,1,A유형_구조적취약층
216100122,후기고령자(75+),6696,20260,0.7471049682480388,0.18637992828757766,0.5792179182943015,False,일반,3,5,C유형_기타일반가구
216100142,전기고령자(65-74),435,81500,0.0,2.3448275808164882,0.18381280445545148,False,일반,2,1,A유형_구조적취약층
216100342,전기고령자(65-74),1122,110,0.0,0.1408199642238681,0.13831249986249913,False,일반,2,1,A유형_구조적취약층
216200192,전기고령자(65-74),4616,84310,0.8595167605768312,0.21663778158218416,0.6691283117545639,False,일반,5,4,D유형_여유자산가층
216300102,전기고령자(65-74),3830,16616,0.9645390070921985,0.30287206258410654,0.7094878377418983,False,일반,3,4,C유형_기타일반가구
216300122,후기고령자(75+),922,86900,0.9910802775024777,0.867678957844166,0.7350472068268534,False,자산부유-현금빈곤,5,1,B유형_자산소득불일치
216300132,후기고령자(75+),1545,12,0.0,0.5177993524156638,0.13390624986721136,False,일반,2,2,C유형_기타일반가구
216300342,전기고령자(65-74),2379,-857,0.0,0.28835645216966943,0.13760937486282085,False,일반,2,3,C유형_기타일반가구
216300382,전기고령자(65-74),1913,24170,0.8274720728175424,0.19864087809793993,0.626558837924778,False,일반,3,3,C유형_기타일반가구
216400142,후기고령자(75+),1316,714,0.0,0.1861702126244907,0.13629166653132693,False,일반,2,2,A유형_구조적취약층
216400172,전기고령자(65-74),835,3983,0.0,0.8910179630047689,0.1503406134420494,False,일반,2,1,A유형_구조적취약층
217000132,전기고령자(65-74),1204,59300,0.9949409780775716,0.28239202634352817,0.7406969729946721,False,자산부유-현금빈곤,4,2,B유형_자산소득불일치
217000142,후기고령자(75+),16054,1023330,0.18228392159872592,0.11959636226986443,0.3436516183208689,False,일반,5,5,D유형_여유자산가층
217000162,전기고령자(65-74),4356,35500,0.8450704225352113,0.3030303029607368,0.6343574880390653,False,일반,4,4,D유형_여유자산가층
217000332,후기고령자(75+),2284,12500,0.6,0.5429071801475889,0.4862102748063461,False,일반,3,3,C유형_기타일반가구
217000392,전기고령자(65-74),5417,34130,0.8203926164664518,0.2233708694437196,0.6186394510799158,False,일반,3,4,C유형_기타일반가구
217100112,후기고령자(75+),1256,70060,0.7136739937196689,0.6130573243526614,0.6430333620184832,False,자산부유-현금빈곤,4,2,B유형_자산소득불일치
217100152,전기고령자(65-74),1558,105785,0.8790170132325141,1.2836970466728517,0.6692984689600647,False,자산부유-현금빈곤,5,2,B유형_자산소득불일치
217100162,전기고령자(65-74),1365,122414,0.9974191778772427,0.7032967027814676,0.73423598423597,False,일반,5,2,C유형_기타일반가구
217100312,후기고령자(75+),783,5100,0.0,0.4342273302244862,0.14184374985872264,False,일반,2,1,A유형_구조적취약층
217100322,후기고령자(75+),2019,44020,0.9996001599360256,0.6339772161297784,0.7392477055245634,False,일반,4,3,D유형_여유자산가층
217200122,전기고령자(65-74),11853,379333,0.4267465304484927,0.21851008181738715,0.3925552705917379,False,일반,5,5,D유형_여유자산가층
217200182,전기고령자(65-74),11461,194300,0.9935419771485345,0.18323008461886134,0.7063332623887606,False,일반,5,5,D유형_여유자산가층
217200332,전기고령자(65-74),3187,4300,0.0,0.24474427353475237,0.11680208321883666,False,일반,2,3,C유형_기타일반가구
217300102,전기고령자(65-74),4228,227400,0.0,0.21759697251239427,0.2780910035487588,False,일반,2,4,C유형_기타일반가구
217300112,전기고령자(65-74),21424,150600,0.7304116865869854,0.08868558625426225,0.5108630319778803,False,일반,5,5,D유형_여유자산가층
217300142,전기고령자(65-74),9386,53018,0.2785515320334262,0.25143831235335196,0.4474962982132179,False,일반,3,5,C유형_기타일반가구
217300172,전기고령자(65-74),6710,40000,0.9322033898305084,0.18181818179108522,0.691534985145301,False,일반,4,5,D유형_여유자산가층
217300302,전기고령자(65-74),193882,229150,0.4942553652720572,0.04641998741478621,0.33546709332665353,False,일반,5,5,D유형_여유자산가층
217300392,후기고령자(75+),1697,20000,0.0,0.4242781376403782,0.3361639822693184,False,일반,2,2,A유형_구조적취약층
217400102,전기고령자(65-74),171,600,0.0,3.2163742501966417,0.14821874985190495,False,일반,2,1,A유형_구조적취약층
217400132,전기고령자(65-74),4040,26000,0.5769230769230769,0.26311881181605973,0.4751140462796911,False,일반,3,4,C유형_기타일반가구
217400172,후기고령자(75+),1815,57050,0.9991673605328892,0.30303030286334415,0.730597399491483,False,일반,4,2,C유형_기타일반가구
218000132,후기고령자(75+),5913,54960,0.727802037845706,0.14205986806324034,0.567062092066005,False,일반,4,5,D유형_여유자산가층
218000312,후기고령자(75+),2875,3290,0.0,0.3513043477038941,0.12005208321536096,False,일반,2,3,C유형_기타일반가구
218000332,전기고령자(65-74),2460,24515,0.4568631450132572,0.21219512186496134,0.5244023532326103,False,일반,3,3,C유형_기타일반가구
218000342,후기고령자(75+),1620,32110,0.35502958579881655,0.18148148136945585,0.489899252644884,False,일반,3,2,C유형_기타일반가구
218100132,후기고령자(75+),5919,158700,0.6931316950220542,0.23652644023711328,0.5472195601593041,False,일반,5,5,D유형_여유자산가층
218100152,전기고령자(65-74),1147,100334,0.9966711184643291,0.4254577154093655,0.7428292850406338,False,자산부유-현금빈곤,5,2,B유형_자산소득불일치
218100172,전기고령자(65-74),10564,363300,0.6815703380588877,0.1249526694315645,0.5454999037457351,False,일반,5,5,D유형_여유자산가층
218100382,전기고령자(65-74),6921,59320,0.42144302090357383,0.03467706978259253,0.48187573518042204,False,일반,3,5,C유형_기타일반가구
218200102,후기고령자(75+),1458,97000,0.7009345794392523,0.5761316868476463,0.6330636309753767,False,자산부유-현금빈곤,5,2,B유형_자산소득불일치
218200112,후기고령자(75+),4414,97330,0.6472824411794924,0.47032170356358816,0.5704787539478091,False,일반,4,4,D유형_여유자산가층
218200122,후기고령자(75+),2021,16810,0.0,0.19594260257499127,0.1289479165391807,False,일반,2,3,C유형_기타일반가구
218200312,전기고령자(65-74),5623,7395,0.9030913511635985,0.14582962828635432,0.6660447478787878,False,일반,3,5,C유형_기타일반가구
218200322,전기고령자(65-74),886,13900,0.8633093525179856,0.8126410826042426,0.6759639127191783,False,일반,3,1,C유형_기타일반가구
218200332,후기고령자(75+),2194,370,0.0,0.31905195974519057,0.13857291652849052,False,일반,2,3,A유형_구조적취약층
218200372,전기고령자(65-74),5228,46560,0.0,0.24483550110083482,0.2996985358774699,False,일반,2,4,C유형_기타일반가구
218300172,전기고령자(65-74),4677,500,0.0,0.18815480004529508,0.10128124990210198,False,일반,2,4,C유형_기타일반가구
218300312,전기고령자(65-74),5948,42064,0.28527957398250287,0.2757229320316538,0.3407084125686817,False,일반,3,5,C유형_기타일반가구
218400122,후기고령자(75+),4725,220100,0.9086778736937755,0.19047619043587805,0.6706002895696466,False,일반,5,4,D유형_여유자산가층
218400172,전기고령자(65-74),2997,31200,0.9615384615384616,0.18351685012228333,0.6957074383410292,False,일반,4,3,D유형_여유자산가층
218400332,전기고령자(65-74),3292,43200,0.0,0.3584447143504117,0.2586499982454675,False,일반,2,3,C유형_기타일반가구
218400352,전기고령자(65-74),2220,330,0.0,0.33513513498417336,0.13843749986196396,False,일반,2,3,C유형_기타일반가구
219000122,후기고령자(75+),850,15110,0.0,0.6411764698339101,0.14114583319280236,False,일반,2,1,A유형_구조적취약층
219100162,전기고령자(65-74),7946,273160,0.9152145262849612,0.30203876160306586,0.6175506382913101,False,일반,5,5,D유형_여유자산가층
219300112,후기고령자(75+),74630,1847000,0.2977801840822956,0.07369690472901384,0.32850858800502775,False,일반,5,5,D유형_여유자산가층
219300312,전기고령자(65-74),3514,13107,0.8316008316008316,0.12976664765800608,0.6210216440297804,False,일반,3,4,C유형_기타일반가구
219400102,전기고령자(65-74),29109,1251000,0.15897047691143074,0.26967604520012106,0.22994169595175495,False,일반,5,5,D유형_여유자산가층
219400142,전기고령자(65-74),11059,131324,0.7614754348024733,0.19893299573207948,0.5540480496599722,False,일반,5,5,D유형_여유자산가층
219400182,후기고령자(75+),3947,166450,0.0,0.6080567518094612,0.13689592754473062,False,일반,2,4,C유형_기타일반가구
219400312,전기고령자(65-74),8809,117350,0.21284982262514782,0.07492337381372194,0.43273888334817523,False,일반,3,5,C유형_기타일반가구
230000272,전기고령자(65-74),4421,51385,0.8962982880702698,0.20357385202362047,0.6647558314669493,False,일반,4,4,D유형_여유자산가층
230100292,전기고령자(65-74),1079,7462,0.9927797833935018,0.7784986091024109,0.7400512908566058,False,일반,3,1,C유형_기타일반가구
230300252,전기고령자(65-74),1196,7102,0.9856378484933821,0.5217391299985459,0.7351567318058921,False,일반,3,2,C유형_기타일반가구
231000252,전기고령자(65-74),1061,3005,0.0,0.32799245963431434,0.15558706701074573,False,일반,2,1,A유형_구조적취약층
231000272,후기고령자(75+),113,44100,0.9977324263038548,5.4867256151617205,0.7480541426243441,False,자산부유-현금빈곤,4,1,B유형_자산소득불일치
231100222,전기고령자(65-74),1047,23062,0.9973115948313243,0.26743075428134594,0.7374839340567381,False,일반,3,1,C유형_기타일반가구
231200252,전기고령자(65-74),5576,51600,0.7751937984496124,0.2690100429933626,0.5860771208071417,False,일반,4,4,D유형_여유자산가층
231200272,전기고령자(65-74),1522,494,0.0,0.19053876465799027,0.14207291652486898,False,일반,2,2,A유형_구조적취약층
231300242,후기고령자(75+),2107,151800,0.4608294930875576,0.6264831511027608,0.49995686790266625,False,일반,5,3,D유형_여유자산가층
231300272,전기고령자(65-74),4633,16492,0.6467747499137634,0.15109000644267429,0.5214825375375121,False,일반,3,4,C유형_기타일반가구
231300282,전기고령자(65-74),1237,385,0.0,0.31527890031101136,0.25399921301340106,False,일반,2,2,A유형_구조적취약층
231400222,후기고령자(75+),4148,10690,0.0,0.11571841848704956,0.260614380228666,False,일반,2,4,C유형_기타일반가구
232100242,후기고령자(75+),2903,11804,0.6777363605557438,0.2066827419198475,0.5348762401991218,False,일반,3,3,C유형_기타일반가구
232100292,전기고령자(65-74),9349,117004,0.4321887393647673,0.19360359394656074,0.4453659207290386,False,일반,4,5,D유형_여유자산가층
232200272,후기고령자(75+),2804,16030,0.8733624454148472,0.2710413693755202,0.6448119599941463,False,일반,3,3,C유형_기타일반가구
232300222,전기고령자(65-74),1569,-5192,0.0,0.44614404050596296,0.13365624986747873,False,일반,2,2,C유형_기타일반가구
233000222,후기고령자(75+),3326,117280,0.12363574351978172,0.16235718575996477,0.4248017231242369,False,일반,3,4,C유형_기타일반가구
233300272,전기고령자(65-74),977,7300,0.0,1.1566018411907864,0.3279973952341782,False,일반,2,1,A유형_구조적취약층
233400222,후기고령자(75+),1641,111200,0.9991673605328892,0.43875685530849673,0.7324098994895446,False,일반,5,2,C유형_기타일반가구
310000102,후기고령자(75+),2750,68020,0.0,0.654545454307438,0.35101700252229895,False,일반,2,3,C유형_기타일반가구
310000182,전기고령자(65-74),6661,37390,0.9718566511439563,0.2657258669470461,0.6995886455125677,False,일반,4,5,D유형_여유자산가층
310000352,전기고령자(65-74),3801,31740,0.945179584120983,0.23677979472855043,0.6973139339403787,False,일반,4,4,D유형_여유자산가층
310000382,전기고령자(65-74),4844,18910,0.0,0.2126341865787295,0.11145793139407748,False,일반,2,4,C유형_기타일반가구
310100152,후기고령자(75+),4224,170500,0.7874015748031497,0.1893939393491018,0.646375845853081,False,일반,5,4,D유형_여유자산가층
310100192,후기고령자(75+),1221,21180,0.0,0.622440621930843,0.14364062485658016,False,일반,2,2,A유형_구조적취약층
310200162,후기고령자(75+),747,26020,0.0,0.8835341353634081,0.1422187498583216,False,일반,2,1,A유형_구조적취약층
310200302,전기고령자(65-74),5721,183205,0.33128615478708495,0.3356056632869069,0.4776130442061911,False,일반,4,5,D유형_여유자산가층
310200312,전기고령자(65-74),12564,119712,0.5533071961553054,0.10267430753719561,0.5153547434955029,False,일반,5,5,D유형_여유자산가층
310200322,전기고령자(65-74),2162,15030,0.998003992015968,0.8603145231913439,0.7262847912872067,False,일반,3,3,C유형_기타일반가구
310200342,전기고령자(65-74),4799,46644,0.4917111548187693,0.3125651176677297,0.4929130532046176,False,일반,3,4,C유형_기타일반가구
310201182,전기고령자(65-74),9668,152230,0.8868160021020823,0.09929664872783443,0.6572931103525158,False,일반,5,5,D유형_여유자산가층
310300362,전기고령자(65-74),7199,29532,0.8804009210348097,0.18335879980784014,0.688641993935452,False,일반,3,5,C유형_기타일반가구
310300372,후기고령자(75+),1117,405,0.0,0.1441360786534144,0.13836458319577677,False,일반,2,1,A유형_구조적취약층
310300382,전기고령자(65-74),12987,107900,0.0,0.14091014089929083,0.27664613344710676,False,일반,2,5,C유형_기타일반가구
310301152,후기고령자(75+),480,29800,0.9395973154362416,0.9999999979166667,0.7087614296501978,False,일반,3,1,C유형_기타일반가구
310301172,전기고령자(65-74),9780,73950,0.9465855307640297,0.13292433536473167,0.6839960481567711,False,일반,5,5,D유형_여유자산가층
310301182,후기고령자(75+),10554,407200,0.5431830526887561,0.18192154631590662,0.5325231356062903,False,일반,5,5,D유형_여유자산가층
310400152,전기고령자(65-74),1665,3150,0.0,0.3603603601439277,0.14132812485897298,False,일반,2,2,A유형_구조적취약층
310400382,후기고령자(75+),1183,14400,0.9619565217391305,0.3956043952699878,0.7210155674539271,False,일반,3,2,C유형_기타일반가구
310401112,전기고령자(65-74),7278,76050,0.0,0.21846661167649536,0.27074014149148634,False,일반,2,5,C유형_기타일반가구
311000192,전기고령자(65-74),12879,236000,0.4219409282700422,0.07764577994583075,0.35402051884989644,False,일반,5,5,D유형_여유자산가층
311000302,전기고령자(65-74),844,6282,0.0,0.3436018953274859,0.1412083331927355,False,일반,2,1,A유형_구조적취약층
311000332,후기고령자(75+),881,42600,0.9859154929577465,0.7150964804595954,0.7323754027196695,False,자산부유-현금빈곤,4,1,B유형_자산소득불일치
311100142,전기고령자(65-74),12916,107050,0.8407286314806165,0.0890368535081266,0.6468421083954821,False,일반,5,5,D유형_여유자산가층
311100192,후기고령자(75+),1655,55700,0.9694793536804309,0.3987915405445368,0.7144511659746223,False,일반,4,2,C유형_기타일반가구
311100352,후기고령자(75+),9673,711000,0.450070323488045,0.36183190319840464,0.37212479602825477,False,일반,5,5,D유형_여유자산가층
311100382,후기고령자(75+),1680,950,0.0,0.38095238072562354,0.13249999986871525,False,일반,2,2,C유형_기타일반가구
311200122,후기고령자(75+),1118,501,0.0,0.32200357752951375,0.13835416652912122,False,일반,2,1,A유형_구조적취약층
311200132,후기고령자(75+),4529,98600,0.9652509652509652,0.31795098248665243,0.7134280081204369,False,일반,5,4,D유형_여유자산가층
311200192,전기고령자(65-74),3980,4060,0.0,0.5125628139415671,0.2016655926630684,False,일반,2,4,C유형_기타일반가구
311200382,전기고령자(65-74),2594,23960,0.9181969949916527,0.5088666150698279,0.6957581049296843,False,일반,3,3,C유형_기타일반가구
311300102,후기고령자(75+),2791,57080,0.9342783505154639,0.12540308128792438,0.7033018043209629,False,일반,4,3,D유형_여유자산가층
311300132,전기고령자(65-74),1128,80042,0.0,0.7269503539654695,0.35858168917756406,False,일반,2,1,A유형_구조적취약층
311300142,후기고령자(75+),1948,2020,0.0,0.1488706364738857,0.12970833320503414,False,일반,2,3,C유형_기타일반가구
311300392,전기고령자(65-74),1521,30980,0.7876049063912202,0.43392504902437534,0.606721742387962,False,일반,3,2,C유형_기타일반가구
311400122,후기고령자(75+),1178,1700,0.0,0.4117147704484594,0.13772916652978964,False,일반,2,2,A유형_구조적취약층
311400152,후기고령자(75+),2162,34000,0.0,0.26827012013493523,0.12747916654075142,False,일반,2,3,C유형_기타일반가구
311400162,전기고령자(65-74),3747,6300,0.0,0.322925006585822,0.11096874989174174,False,일반,2,4,C유형_기타일반가구
311400182,전기고령자(65-74),2998,120700,0.6958942240779401,0.3168779185067118,0.6222104292943483,False,일반,5,3,D유형_여유자산가층
311400392,후기고령자(75+),2081,20,0.0,0.4565112924283944,0.1391614581945482,False,일반,2,3,A유형_구조적취약층
311401112,전기고령자(65-74),11742,146600,0.8192244675040962,0.16351558506527716,0.6451417311092308,False,일반,5,5,D유형_여유자산가층
312000142,전기고령자(65-74),2452,63400,0.9502923976608187,0.2871125610574582,0.6960988541775349,False,일반,4,3,D유형_여유자산가층
312000172,후기고령자(75+),1749,4000,0.0,0.26300743266837767,0.13178124986948392,False,일반,2,2,C유형_기타일반가구
312000322,전기고령자(65-74),3181,19978,0.0,0.41496384771613837,0.13343229153380962,False,일반,2,3,C유형_기타일반가구
312100102,전기고령자(65-74),3315,24900,0.0,1.0558069378413857,0.14344996486169648,False,일반,2,4,C유형_기타일반가구
312100122,전기고령자(65-74),5981,86543,0.5992590978426673,0.46814913886170384,0.5443584177326201,False,일반,4,5,D유형_여유자산가층
312100362,전기고령자(65-74),7612,61220,0.9357301157350406,0.13281660534250964,0.6985541792891579,False,일반,5,5,D유형_여유자산가층
312200122,전기고령자(65-74),2302,9930,0.0,0.19765421364133182,0.1260208332089777,False,일반,2,3,C유형_기타일반가구
312200152,전기고령자(65-74),2969,20130,0.9345794392523364,0.41428090252129307,0.6798236043964221,False,일반,3,3,C유형_기타일반가구
312300182,후기고령자(75+),1271,51320,0.9980988593155894,0.4248623128049863,0.735622961964044,False,자산부유-현금빈곤,4,2,B유형_자산소득불일치
312300302,후기고령자(75+),1487,16580,0.9951749095295537,0.6052454602520205,0.7316185826329392,False,일반,3,2,C유형_기타일반가구
312400172,후기고령자(75+),959,1820,0.0,0.6569343058843229,0.14001041652734997,False,일반,2,1,A유형_구조적취약층
312400192,전기고령자(65-74),11116,46326,0.7881632214380396,0.20690896003896103,0.5988786504649112,False,일반,4,5,D유형_여유자산가층
312400302,후기고령자(75+),1542,47100,0.42462845010615713,0.6225680929814733,0.5400611509583009,False,일반,3,2,C유형_기타일반가구
312400312,후기고령자(75+),1175,20500,0.0,0.5106382974377546,0.1377604165297562,False,일반,2,2,A유형_구조적취약층
313000162,전기고령자(65-74),1751,20008,0.7270083605961468,0.9137635631560459,0.5679677854899702,False,일반,3,2,C유형_기타일반가구
313000192,후기고령자(75+),1710,60090,0.9985022466300549,0.4912280698881707,0.7312920789963068,False,일반,4,2,C유형_기타일반가구
313100312,후기고령자(75+),1991,73230,0.0,1.5168257149589022,0.19747412349544902,False,일반,2,3,C유형_기타일반가구
313200142,전기고령자(65-74),4498,61628,0.4306907002711756,0.32014228538903017,0.5110790528881793,False,일반,3,4,C유형_기타일반가구
313300152,후기고령자(75+),1020,2850,0.0,0.5294117641868512,0.13937499986136284,False,일반,2,1,A유형_구조적취약층
313300172,후기고령자(75+),1226,30100,0.9966777408637874,0.4486133764693202,0.7352390362937279,False,자산부유-현금빈곤,4,2,B유형_자산소득불일치
313300192,후기고령자(75+),2999,155,0.0,0.7335778590418214,0.11876041655007566,False,일반,2,3,C유형_기타일반가구
313300372,전기고령자(65-74),1973,7010,0.9985734664764622,0.3345159653651718,0.7422966166781335,False,일반,3,3,C유형_기타일반가구
313300382,후기고령자(75+),2205,20308,0.948856627763545,0.25396825385307564,0.6963482970288937,False,일반,3,3,C유형_기타일반가구
313300392,후기고령자(75+),3565,22750,0.8351648351648352,0.6732117810173319,0.6325338952248029,False,일반,3,4,C유형_기타일반가구
313400112,후기고령자(75+),2165,35300,0.8498583569405099,0.5080831406429177,0.6486417224975065,False,일반,4,3,D유형_여유자산가층
313400122,전기고령자(65-74),2300,5925,0.0,0.19999999991304349,0.12604166654228877,False,일반,2,3,C유형_기타일반가구
313400172,전기고령자(65-74),3320,31200,0.0,0.11716867466350342,0.2796882576603818,False,일반,2,4,C유형_기타일반가구
313400302,후기고령자(75+),2396,54200,0.8302583025830258,0.4048414021682632,0.6356785014585643,False,일반,4,3,D유형_여유자산가층
313400332,후기고령자(75+),1160,100,0.0,0.30172413767092743,0.13791666652958912,False,일반,2,2,A유형_구조적취약층
313400342,전기고령자(65-74),3432,2680,0.0,0.3496503495484702,0.13212499986849563,False,일반,2,4,C유형_기타일반가구
313400382,전기고령자(65-74),7381,61345,0.8150623522699486,0.13954748677150147,0.604570820856199,False,일반,4,5,D유형_여유자산가층
314000192,전기고령자(65-74),6081,37970,0.5772561092938233,0.4440059200059191,0.5763012284061699,False,일반,4,5,D유형_여유자산가층
314000352,후기고령자(75+),2180,46300,0.4329004329004329,0.28027522922923154,0.5277277889611601,False,일반,4,3,D유형_여유자산가층
314000382,후기고령자(75+),959,78500,0.0,0.4264859223915684,0.362943238434565,False,일반,2,1,A유형_구조적취약층
314100112,후기고령자(75+),2438,51444,0.4470880957934842,0.4347826085173164,0.40978902633224046,False,일반,3,3,C유형_기타일반가구
314100142,후기고령자(75+),463,22030,0.9986382206082615,1.2095032371285028,0.7443632471426838,False,일반,3,1,C유형_기타일반가구
314100342,후기고령자(75+),828,1720,0.0,0.5797101442274032,0.15300305734740757,False,일반,2,1,A유형_구조적취약층
314100362,전기고령자(65-74),2571,1210,0.0,0.23337222861401313,0.13660937486385555,False,일반,2,3,C유형_기타일반가구
314200102,전기고령자(65-74),7723,136800,0.6531204644412192,0.060857179844508974,0.5845615214178677,False,일반,5,5,D유형_여유자산가층
314300112,전기고령자(65-74),2105,48580,0.8439687114038699,0.42992874088839494,0.6504637090614932,False,일반,4,3,D유형_여유자산가층
314300192,전기고령자(65-74),7863,9922,0.0,0.1259061426776159,0.2187951251095655,False,일반,2,5,C유형_기타일반가구
314300362,후기고령자(75+),2953,4052,0.0,0.2844564848342511,0.14760215541961083,False,일반,2,3,C유형_기타일반가구
314300372,전기고령자(65-74),581,107510,0.3970026301424247,1.60068846540329,0.5359318693716254,False,자산부유-현금빈곤,5,1,B유형_자산소득불일치
314400302,후기고령자(75+),8337,808600,0.0951022349025202,0.3478469473014457,0.38832171178581487,False,일반,5,5,D유형_여유자산가층
315000112,후기고령자(75+),7611,90573,0.6127653936603623,0.28379976346290897,0.5038456731382823,False,일반,4,5,D유형_여유자산가층
315000152,후기고령자(75+),794,153,0.0,0.327455918983053,0.14172916652551185,False,일반,2,1,A유형_구조적취약층
315000162,전기고령자(65-74),868,201,0.0,0.28917050657929666,0.14095833319300288,False,일반,2,1,A유형_구조적취약층
315000312,후기고령자(75+),1292,19787,0.0,0.3637770895017205,0.1441129335206401,False,일반,2,2,A유형_구조적취약층
315100112,전기고령자(65-74),1126,160,0.0,0.363232681737804,0.13827083319587702,False,일반,2,1,A유형_구조적취약층
315100122,후기고령자(75+),979,1471,0.0,0.44943820178811217,0.13980208319423942,False,일반,2,1,A유형_구조적취약층
315100132,전기고령자(65-74),740,4210,0.0,0.32702702658509863,0.1422916665249103,False,일반,2,1,A유형_구조적취약층
315100332,후기고령자(75+),1960,2300,0.0,0.6367346935526863,0.1295833332051678,False,일반,2,3,C유형_기타일반가구
315100372,후기고령자(75+),4193,59000,0.8784773060029283,0.2322919150411896,0.65525068455669,False,일반,4,4,D유형_여유자산가층
315100382,전기고령자(65-74),3523,46670,0.7499464323976859,0.22707919380440558,0.5901922551086483,False,일반,4,4,D유형_여유자산가층
315200112,전기고령자(65-74),1874,20450,0.0,0.20811099241829722,0.22496621687225044,False,일반,2,2,A유형_구조적취약층
315200142,후기고령자(75+),1439,8450,0.0,0.33356497544575053,0.13501041653269719,False,일반,2,2,C유형_기타일반가구
315200192,후기고령자(75+),1628,520,0.0,0.29606879588693563,0.13304166653480265,False,일반,2,2,C유형_기타일반가구
315300152,후기고령자(75+),1117,1100,0.0,0.3491495072970908,0.13836458319577677,False,일반,2,1,A유형_구조적취약층
315300182,후기고령자(75+),460,14250,0.6051437216338881,1.1956521713137995,0.606633652034639,False,일반,3,1,C유형_기타일반가구
315400122,후기고령자(75+),1541,90100,0.9988901220865705,0.27255029184130414,0.7332852221901636,False,일반,5,2,C유형_기타일반가구
315400142,후기고령자(75+),1163,1333,0.0,0.5726569212616879,0.13788541652962255,False,일반,2,2,A유형_구조적취약층
315400322,전기고령자(65-74),1492,4313,0.0,0.5630026805877998,0.1422291665247073,False,일반,2,2,A유형_구조적취약층
315400352,후기고령자(75+),1664,15270,0.0,0.24639423062115728,0.21399498013180368,False,일반,2,2,C유형_기타일반가구
315400362,전기고령자(65-74),1052,572,0.0,0.6007604557026991,0.13904166652838598,False,일반,2,1,A유형_구조적취약층
315400392,전기고령자(65-74),1567,8370,0.994026284348865,0.0957243139146622,0.7300960704751372,False,일반,3,2,C유형_기타일반가구
316000112,전기고령자(65-74),4009,68357,0.4272682603772779,0.5288101769696159,0.5072526181173259,False,일반,4,4,D유형_여유자산가층
316000172,전기고령자(65-74),3594,22043,0.998049267341106,0.3005008346409291,0.7394734149475707,False,일반,3,4,C유형_기타일반가구
316100102,후기고령자(75+),996,386,0.0,0.7208835334127676,0.13962499986109547,False,일반,2,1,A유형_구조적취약층
316100122,후기고령자(75+),1374,16004,0.9741003896401559,0.359534206434109,0.720150885834314,False,일반,3,2,C유형_기타일반가구
316100132,후기고령자(75+),1343,19800,0.9595959595959596,0.5212211462984205,0.7117710975378406,False,일반,3,2,C유형_기타일반가구
316100352,전기고령자(65-74),1106,750,0.0,0.23508137410932967,0.13847916652898754,False,일반,2,1,A유형_구조적취약층
316100382,후기고령자(75+),1726,4040,0.0,0.20857473916073305,0.14101041652596838,False,일반,2,2,A유형_구조적취약층
316200152,후기고령자(75+),1854,53600,0.9987515605493134,0.4422869469027578,0.7299416681562448,False,일반,5,2,C유형_기타일반가구
316200172,후기고령자(75+),2514,58540,0.4163890739506995,0.5131264914426704,0.47001993440414913,False,일반,3,3,C유형_기타일반가구
316200192,후기고령자(75+),10383,89170,0.953235393069418,0.10594240584552225,0.6963070927846361,False,일반,5,5,D유형_여유자산가층
316300162,전기고령자(65-74),4091,9992,0.0,0.3402591052700418,0.13369677617967887,False,일반,2,4,C유형_기타일반가구
316300302,후기고령자(75+),1666,19380,0.46439628482972134,0.27010804305515723,0.42160515790572606,False,일반,3,2,C유형_기타일반가구
316300372,전기고령자(65-74),1185,3090,0.0,0.6835443032206376,0.13765624986320094,False,일반,2,2,A유형_구조적취약층
316300392,후기고령자(75+),696,1500,0.0,0.8620689642786366,0.14274999985775347,False,일반,2,1,A유형_구조적취약층
316400142,전기고령자(65-74),1818,8500,0.0,0.20627062694924606,0.1310624998702526,False,일반,2,2,C유형_기타일반가구
316400152,후기고령자(75+),3005,1280,0.0,0.3594009982165055,0.15388046101171127,False,일반,2,3,C유형_기타일반가구
316400172,전기고령자(65-74),4083,15755,0.0,0.264511388620007,0.11287172196084953,False,일반,2,4,C유형_기타일반가구
317000182,후기고령자(75+),1868,68565,0.9480055421862467,0.40685224817620325,0.7090772262472417,False,자산부유-현금빈곤,4,2,B유형_자산소득불일치
317000392,전기고령자(65-74),707,78530,0.3183496752833312,1.6124469567009236,0.4490388905505272,False,일반,3,1,C유형_기타일반가구
317100112,전기고령자(65-74),8199,82860,0.6034274680183442,0.23783388215174608,0.469355308394034,False,일반,4,5,D유형_여유자산가층
317200112,전기고령자(65-74),3117,3670,0.0,0.23419955077504026,0.11753124988472352,False,일반,2,3,C유형_기타일반가구
317200192,후기고령자(75+),1259,71000,0.9859154929577465,1.1914217623578858,0.7284379027238804,False,자산부유-현금빈곤,5,2,B유형_자산소득불일치
317300112,후기고령자(75+),6357,276655,0.0,0.4152902311758234,0.32050345424821264,False,일반,2,5,C유형_기타일반가구
317300152,전기고령자(65-74),2850,679400,0.0,0.23508771921575872,0.3224844355050265,False,일반,2,3,C유형_기타일반가구
317300382,전기고령자(65-74),2019,31060,0.32195750160978753,0.22288261504562523,0.4718564687869837,False,일반,3,3,C유형_기타일반가구
317400302,전기고령자(65-74),3240,111610,0.5140535610645883,0.4814814813328761,0.560953430554099,False,일반,4,3,D유형_여유자산가층
318100152,전기고령자(65-74),13591,263700,0.4086181277860327,0.3557501287355051,0.3949661489273789,False,일반,5,5,D유형_여유자산가층
318100372,후기고령자(75+),20670,951796,0.03392143408193093,0.5563618770896777,0.31999504890884756,False,일반,4,5,D유형_여유자산가층
318100382,후기고령자(75+),4239,50950,0.43179587831207067,0.061335220556420086,0.5045194939898971,False,일반,3,4,C유형_기타일반가구
318200102,전기고령자(65-74),4359,43140,0.9560906515580736,0.4459738471103524,0.7126600344341563,False,일반,4,4,D유형_여유자산가층
318200172,전기고령자(65-74),5111,179228,0.8369228022407214,0.4930541967338966,0.6287448434363049,False,일반,5,4,D유형_여유자산가층
318200192,후기고령자(75+),4359,263700,0.564652738565782,1.0323468683110009,0.5719641041184995,False,일반,5,4,D유형_여유자산가층
318200352,후기고령자(75+),1223,1350,0.0,0.49386753843510417,0.13726041653029095,False,일반,2,2,A유형_구조적취약층
318200382,후기고령자(75+),2297,1167,0.0,0.30039181528063047,0.13803645819571225,False,일반,2,3,C유형_기타일반가구
318300312,후기고령자(75+),5398,77500,0.1032258064516129,0.3149314560365077,0.38029195819404177,False,일반,3,4,C유형_기타일반가구
318300352,전기고령자(65-74),5693,76150,0.0,0.16511505354556208,0.3339630550541468,False,일반,2,5,C유형_기타일반가구
318400122,후기고령자(75+),12311,213926,0.9816478595402148,0.05361059214900409,0.6995759985117099,False,일반,5,5,D유형_여유자산가층
318400382,후기고령자(75+),474,10030,0.9970089730807578,0.2531645564279229,0.7432711100207323,False,일반,3,1,C유형_기타일반가구
318400392,후기고령자(75+),1187,40079,0.9980288929364505,0.6217354670415033,0.7364559819092139,False,자산부유-현금빈곤,4,2,B유형_자산소득불일치
319000162,전기고령자(65-74),2528,144800,0.9323204419889503,0.4746835441160271,0.6830619487233716,False,일반,5,3,D유형_여유자산가층
319000172,후기고령자(75+),857,30,0.0,0.5600933482379308,0.14107291652621368,False,일반,2,1,A유형_구조적취약층
319100142,전기고령자(65-74),3427,49396,0.9403695099015378,0.536912751521181,0.6963757905079819,False,일반,4,4,D유형_여유자산가층
319200122,전기고령자(65-74),13488,247310,0.8054448068946075,0.1045373665402923,0.624795962568109,False,일반,5,5,D유형_여유자산가층
319200152,전기고령자(65-74),1098,156,0.0,0.34972677563777155,0.13856249986223176,False,일반,2,1,A유형_구조적취약층
319200172,후기고령자(75+),14531,241300,0.9531703273932863,0.10735668569903264,0.6531646455191692,False,일반,5,5,D유형_여유자산가층
319300102,전기고령자(65-74),7643,674800,0.48222650868007716,0.5887740415296645,0.5151971436695783,False,일반,5,5,D유형_여유자산가층
319300122,전기고령자(65-74),10610,457000,0.0,0.2073515551171205,0.24869179241983558,False,일반,2,5,C유형_기타일반가구
319300142,전기고령자(65-74),8158,160900,0.847936687394008,0.23290022061376559,0.6451053934611944,False,일반,5,5,D유형_여유자산가층
319300312,후기고령자(75+),1642,105,0.0,0.45676004844289886,0.13289583320162526,False,일반,2,2,C유형_기타일반가구
319400162,전기고령자(65-74),883,170,0.0,1.245753112971967,0.14080208319317,False,일반,2,1,A유형_구조적취약층
319400192,전기고령자(65-74),6105,501050,0.3328673190866121,0.5241605240746665,0.4760386166571669,False,일반,5,5,D유형_여유자산가층
330000282,전기고령자(65-74),3979,44460,0.899685110211426,0.301583312314254,0.6761188999464067,False,일반,4,4,D유형_여유자산가층
330100262,후기고령자(75+),3558,22867,0.24691358024691357,0.7026419334731192,0.41540943223181376,False,일반,3,4,C유형_기타일반가구
330100272,전기고령자(65-74),933,1276,0.0,0.6538049296315059,0.14028124986039364,False,일반,2,1,A유형_구조적취약층
330200282,전기고령자(65-74),2241,14080,0.47393364928909953,0.3123605531850243,0.5517067892498511,False,일반,3,3,C유형_기타일반가구
330300272,전기고령자(65-74),7509,44600,0.0,0.21307764013675887,0.2657450623736306,False,일반,2,5,C유형_기타일반가구
330400202,후기고령자(75+),1863,20114,0.995260663507109,0.43478260846227446,0.7277533686344938,False,일반,3,2,C유형_기타일반가구
330400212,전기고령자(65-74),1474,2,0.0,0.4613297147480802,0.14232291652461032,False,일반,2,2,A유형_구조적취약층
330400292,전기고령자(65-74),1056,640,0.0,1.1458333322482637,0.13899999986176387,False,일반,2,1,A유형_구조적취약층
331000282,전기고령자(65-74),1333,35005,0.999857163262391,0.5491372839091243,0.7429748250150141,False,자산부유-현금빈곤,4,2,B유형_자산소득불일치
331100202,전기고령자(65-74),7975,9160,0.0,0.17805642630996157,0.15425832299105519,False,일반,2,5,C유형_기타일반가구
331200232,전기고령자(65-74),771,1080,0.0,0.3372243834796052,0.14196874985858898,False,일반,2,1,A유형_구조적취약층
331400222,후기고령자(75+),954,1000,0.0,0.4612159324305913,0.1400624998606276,False,일반,2,1,A유형_구조적취약층
331400252,전기고령자(65-74),710,52500,0.8761904761904762,1.3239436601071215,0.6683212875876926,False,자산부유-현금빈곤,4,1,B유형_자산소득불일치
332000212,후기고령자(75+),3285,18340,0.8724100327153762,0.21917808212505996,0.6563394676122601,False,일반,3,3,C유형_기타일반가구
332100222,후기고령자(75+),749,100,0.0,0.38184245609900874,0.14219791652501054,False,일반,2,1,A유형_구조적취약층
332300202,전기고령자(65-74),8951,15410,0.9196811771919068,0.16757904142916108,0.6872862966379382,False,일반,3,5,C유형_기타일반가구
332400252,후기고령자(75+),21683,781050,0.10237379230916885,0.15496010698911775,0.16852853914982768,False,일반,5,5,D유형_여유자산가층
332400282,전기고령자(65-74),4787,139370,0.3343363423604146,0.2715688321972908,0.4788344446131847,False,일반,5,4,D유형_여유자산가층
333000202,전기고령자(65-74),2082,7075,0.0,0.19932756954883404,0.13431017846565932,False,일반,2,3,C유형_기타일반가구
333200232,전기고령자(65-74),1090,7100,0.967741935483871,0.3944954124821143,0.7192941260947807,False,일반,3,1,C유형_기타일반가구
333300202,전기고령자(65-74),1907,7930,0.0,0.44310435215358973,0.14006770819361047,False,일반,2,2,A유형_구조적취약층
333300232,전기고령자(65-74),852,500,0.0,0.5105633796824374,0.1411249998594913,False,일반,2,1,A유형_구조적취약층
333400262,전기고령자(65-74),3425,11900,0.47058823529411764,0.10802919704875061,0.49651350731262317,False,일반,2,4,C유형_기타일반가구
410000112,전기고령자(65-74),2796,110500,0.8687782805429864,0.5007153074031777,0.6421447795699352,False,일반,5,3,D유형_여유자산가층
410100152,전기고령자(65-74),4983,248295,0.46174903939708767,0.5619104955725646,0.5261839283903295,False,일반,5,4,D유형_여유자산가층
410101162,후기고령자(75+),588,11100,0.0,1.2585033992202324,0.14387499985655033,False,일반,2,1,A유형_구조적취약층
410101172,전기고령자(65-74),3408,168840,0.9869719699960521,0.16138497647846686,0.7270148733505079,False,일반,5,4,D유형_여유자산가층
410101182,전기고령자(65-74),9392,254100,0.45751633986928103,0.19165247016698758,0.4862986649884705,False,일반,5,5,D유형_여유자산가층
410200332,전기고령자(65-74),2325,37648,0.5227695167286245,0.24086021495016766,0.5667584297841952,False,일반,3,3,C유형_기타일반가구
410200342,전기고령자(65-74),361,77300,0.0,2.077562321114786,0.1562655861833114,False,일반,2,1,A유형_구조적취약층
410200362,전기고령자(65-74),7690,1520,0.0,0.04811443432404233,0.08140914018986631,False,일반,2,5,C유형_기타일반가구
410201122,후기고령자(75+),7428,230000,0.9259259259259259,0.3634894991433105,0.666871051738131,False,일반,5,5,D유형_여유자산가층
410201142,전기고령자(65-74),1416,4047,0.0,0.20480225974237126,0.1352499998657743,False,일반,2,2,C유형_기타일반가구
410300172,전기고령자(65-74),3342,3750,0.0,0.17354877313777714,0.23259504426638994,False,일반,2,4,C유형_기타일반가구
410300182,전기고령자(65-74),3591,16410,0.0,0.441102756769395,0.1655751979035319,False,일반,2,4,C유형_기타일반가구
410300192,전기고령자(65-74),3236,11850,0.0,0.42027194053761685,0.1218267935489361,False,일반,2,3,C유형_기타일반가구
410300362,전기고령자(65-74),1485,1600,0.0,0.21548821534310555,0.13453124986654297,False,일반,2,2,C유형_기타일반가구
410300372,전기고령자(65-74),3816,3450,0.0,0.6289308174452487,0.1367499998635567,False,일반,2,4,C유형_기타일반가구
410301182,전기고령자(65-74),5899,26400,0.0,0.3254788946727447,0.19745500802001076,False,일반,2,5,C유형_기타일반가구
410400152,전기고령자(65-74),3521,9000,0.0,0.715705765204287,0.15943959553519177,False,일반,2,4,C유형_기타일반가구
410400172,전기고령자(65-74),19525,157000,0.6060606060606061,0.13316261202903137,0.5003305988907296,False,일반,5,5,D유형_여유자산가층
410400182,전기고령자(65-74),7499,114810,0.8274540545248672,0.44805974123909054,0.6480916592494914,False,일반,5,5,D유형_여유자산가층
410400302,전기고령자(65-74),12528,19250,0.8101539292465568,0.19955300126121064,0.621096349206984,False,일반,4,5,D유형_여유자산가층
410400362,전기고령자(65-74),4835,15206,0.9894867037724181,0.14477766284492705,0.718512932447805,False,일반,3,4,C유형_기타일반가구
410400382,후기고령자(75+),1928,17180,0.989522700814901,0.290456431384618,0.7336751557741148,False,일반,3,3,C유형_기타일반가구
410401152,후기고령자(75+),6061,188060,0.8242050409443794,0.20128691631722703,0.6156167435931668,False,일반,5,5,D유형_여유자산가층
410401162,후기고령자(75+),9409,200300,0.9985022466300549,0.14029121052818672,0.7164344401217948,False,일반,5,5,D유형_여유자산가층
411000162,후기고령자(75+),12725,73900,0.8496732026143791,0.0990176817210988,0.6489564080245571,False,일반,4,5,D유형_여유자산가층
411000302,전기고령자(65-74),5848,34900,0.9742120343839542,0.34199726396340674,0.7055047230255874,False,일반,4,5,D유형_여유자산가층
411100112,전기고령자(65-74),2329,22030,0.9986382206082615,0.5581794759303652,0.7370559554834106,False,일반,3,3,C유형_기타일반가구
411100142,전기고령자(65-74),2807,155968,0.5556653166057492,0.2921268256885904,0.5701914292085932,False,일반,5,3,D유형_여유자산가층
411100352,전기고령자(65-74),8033,561950,0.5673758865248227,0.3610108302799688,0.4515203675889458,False,일반,5,5,D유형_여유자산가층
411200122,전기고령자(65-74),8020,12170,0.0,0.1870324189292977,0.12811012674738093,False,일반,2,5,C유형_기타일반가구
411200132,전기고령자(65-74),3770,70420,0.0,0.3501326259018216,0.29496298702706986,False,일반,2,4,C유형_기타일반가구
411200302,후기고령자(75+),12725,186950,0.9360791655522868,0.13005893908604643,0.65667444578043,False,일반,5,5,D유형_여유자산가층
411200382,후기고령자(75+),1372,450,0.0,0.3935860055440335,0.13570833319861744,False,일반,2,2,C유형_기타일반가구
411300172,전기고령자(65-74),5656,27008,0.0,0.1414427156751339,0.1303611109812046,False,일반,2,5,C유형_기타일반가구
411301102,전기고령자(65-74),21985,290750,0.444064901793339,0.06004093699977071,0.3994172171463715,False,일반,5,5,D유형_여유자산가층
411400102,전기고령자(65-74),1549,220,0.0,0.20658489334629768,0.13386458320058925,False,일반,2,2,C유형_기타일반가구
411400112,후기고령자(75+),3159,33730,0.988545426016005,0.44317822081570807,0.7266773294056206,False,일반,4,3,D유형_여유자산가층
411400172,전기고령자(65-74),2149,52340,0.9201324990798675,0.6095858536018679,0.6908897685212073,False,일반,4,3,D유형_여유자산가층
411400322,후기고령자(75+),1007,2000,0.0,0.4766633560311188,0.13951041652788468,False,일반,2,1,A유형_구조적취약층
411401112,전기고령자(65-74),11113,206000,0.7281553398058253,0.14037613604423863,0.560326436664361,False,일반,5,5,D유형_여유자산가층
412000142,후기고령자(75+),1504,1470,0.0,0.6369680846828669,0.14216666652477197,False,일반,2,2,A유형_구조적취약층
412000302,전기고령자(65-74),2169,183040,0.34306998627720053,0.3780544027763696,0.4952539215055727,False,일반,5,3,D유형_여유자산가층
412100122,후기고령자(75+),4526,102000,0.4411764705882353,0.38886433928659647,0.404326658329409,False,일반,4,4,D유형_여유자산가층
412100132,전기고령자(65-74),987,33337,0.8999010108888023,0.49645390020622704,0.6796622684703015,False,자산부유-현금빈곤,4,1,B유형_자산소득불일치
412100342,후기고령자(75+),1521,105480,0.851063829787234,2.4983563428676154,0.6527191767696422,False,자산부유-현금빈곤,5,2,B유형_자산소득불일치
412100382,전기고령자(65-74),1853,30885,0.8090614886731392,0.307609282079002,0.616137427860892,False,일반,3,2,C유형_기타일반가구
412200122,전기고령자(65-74),8047,15190,0.0,0.19386106621177318,0.1335852257198025,False,일반,2,5,C유형_기타일반가구
412200152,전기고령자(65-74),2006,11630,0.97165991902834,0.4237288133480913,0.7121032622435787,False,일반,3,3,C유형_기타일반가구
412200352,전기고령자(65-74),710,10360,0.9459459459459459,0.4788732387621504,0.7133119014125844,False,일반,3,1,C유형_기타일반가구
412300332,후기고령자(75+),2648,7480,0.9296148738379814,0.4531722052669289,0.6989604098737034,False,일반,3,3,C유형_기타일반가구
412400172,후기고령자(75+),1866,55415,0.993655889322021,0.5091103962973684,0.7364779989197006,False,자산부유-현금빈곤,4,2,B유형_자산소득불일치
412400382,전기고령자(65-74),3584,-380,0.0,0.17857142852160396,0.11266666655659258,False,일반,2,4,C유형_기타일반가구
412400392,후기고령자(75+),945,46200,0.974025974025974,1.4814814799137763,0.7245749862202171,False,자산부유-현금빈곤,4,1,B유형_자산소득불일치
413000112,전기고령자(65-74),3488,64020,0.9372071227741331,0.6594036695357215,0.6958007733595064,False,일반,4,4,D유형_여유자산가층
413000162,후기고령자(75+),2648,36320,0.5506607929515418,0.4456193351791468,0.5024000057498587,False,일반,3,3,C유형_기타일반가구
413000182,전기고령자(65-74),10895,42270,0.0,0.11564938043913268,0.09769103570826466,False,일반,2,5,C유형_기타일반가구
413000312,전기고령자(65-74),4661,2480,0.0,0.36043767424148515,0.1729941946390855,False,일반,2,4,C유형_기타일반가구
413000322,후기고령자(75+),3757,42750,0.8585365853658536,0.11179132283423175,0.6782403708538811,False,일반,4,4,D유형_여유자산가층
413000342,후기고령자(75+),2394,16600,0.7228915662650602,0.6599832912865568,0.5712685288961172,False,일반,3,3,C유형_기타일반가구
413100372,전기고령자(65-74),12206,112500,0.6666666666666666,0.12452892019297648,0.49198486804632235,False,일반,5,5,D유형_여유자산가층
413200102,전기고령자(65-74),2506,60200,0.967741935483871,0.5107741418552378,0.7175962094294767,False,일반,4,3,D유형_여유자산가층
413200132,전기고령자(65-74),4685,31450,0.5723370429252782,0.2305229455217667,0.565029716197711,False,일반,3,4,C유형_기타일반가구
413200322,전기고령자(65-74),1390,932,0.0,0.21942446027379534,0.13552083319881797,False,일반,2,2,C유형_기타일반가구
413300122,후기고령자(75+),964,58150,0.945829750644884,0.8298755178113324,0.7124800776100331,False,자산부유-현금빈곤,4,1,B유형_자산소득불일치
413300342,후기고령자(75+),921,220,0.0,0.3474484252470701,0.14040624986025999,False,일반,2,1,A유형_구조적취약층
413300372,전기고령자(65-74),1619,300,0.0,0.3891290917917671,0.1331354165347024,False,일반,2,2,C유형_기타일반가구
413400102,후기고령자(75+),4088,48258,0.9946537361680965,0.3106653619592306,0.7255037936016824,False,일반,4,4,D유형_여유자산가층
413400152,전기고령자(65-74),3532,73324,0.8592002618515083,0.4077010191371175,0.6515595436910593,False,일반,4,4,D유형_여유자산가층
413400192,전기고령자(65-74),1707,31200,0.8896797153024911,0.39835969513862934,0.6784788479658571,False,자산부유-현금빈곤,4,2,B유형_자산소득불일치
413400302,전기고령자(65-74),756,47650,0.944386149003148,1.534391532361916,0.7213517235983579,False,자산부유-현금빈곤,4,1,B유형_자산소득불일치
413400312,후기고령자(75+),14056,363000,0.6675567423230975,0.3582811610445161,0.5447519758970307,False,일반,5,5,D유형_여유자산가층
413400342,전기고령자(65-74),794,388,0.0,0.7808564221903571,0.16874680730317196,False,일반,2,1,A유형_구조적취약층
413400392,전기고령자(65-74),3709,34200,0.0,0.22108385003475767,0.35750540967571875,False,일반,2,4,C유형_기타일반가구
414000372,전기고령자(65-74),25409,720600,0.16606698034874065,0.1082293675426727,0.2178432029921966,False,일반,5,5,D유형_여유자산가층
414000392,전기고령자(65-74),9376,64275,0.6534422403733956,0.15891638223561044,0.5451212224600899,False,일반,4,5,D유형_여유자산가층
414100102,후기고령자(75+),1674,2050,0.0,0.2150537633123932,0.14128124985902146,False,일반,2,2,A유형_구조적취약층
414100122,전기고령자(65-74),8334,2800,0.0,0.12958963281382413,0.12106249987960734,False,일반,2,5,C유형_기타일반가구
414200112,후기고령자(75+),97,26300,0.9505703422053232,7.1134019885216295,0.7193348645493838,False,일반,3,1,C유형_기타일반가구
414200142,전기고령자(65-74),1218,82200,0.9732360097323601,0.6338259436503891,0.7255152177476341,False,자산부유-현금빈곤,5,2,B유형_자산소득불일치
414200172,후기고령자(75+),10631,300200,0.9993337774816788,0.18624776594993436,0.6942337085696879,False,일반,5,5,D유형_여유자산가층
414200302,후기고령자(75+),1017,49030,0.9993881297165002,0.5211406091237556,0.739042361707168,False,자산부유-현금빈곤,4,1,B유형_자산소득불일치
414200372,후기고령자(75+),1327,3055,0.0,0.5101733229011505,0.13617708319811617,False,일반,2,2,A유형_구조적취약층
414300152,전기고령자(65-74),1069,23300,0.9871244635193133,0.3554724037834682,0.7311424556375943,False,일반,3,1,C유형_기타일반가구
414300372,후기고령자(75+),2252,2200,0.0,0.26642984002378783,0.13827083319546973,False,일반,2,3,C유형_기타일반가구
414400102,전기고령자(65-74),5618,91500,0.7567567567567568,0.17087931645231766,0.6166885202693241,False,일반,5,5,D유형_여유자산가층
414400122,전기고령자(65-74),4733,20053,0.8477534533486262,0.507077963129711,0.6340037735447561,False,일반,3,4,C유형_기타일반가구
414400142,전기고령자(65-74),3973,64440,0.931098696461825,0.17618927757961508,0.6918491505658997,False,일반,4,4,D유형_여유자산가층
414400312,후기고령자(75+),2322,131935,0.25747599955861256,0.33031869064155095,0.4775019313488886,False,일반,4,3,D유형_여유자산가층
414400332,후기고령자(75+),4030,20120,0.0,0.3722084366322064,0.12901041653838505,False,일반,2,4,C유형_기타일반가구
414400382,전기고령자(65-74),7286,133180,0.7598614370320707,0.3293988470588253,0.5865491395093073,False,일반,5,5,D유형_여유자산가층
414400392,전기고령자(65-74),9395,270160,0.3333333333333333,0.2873869078991605,0.4661452335972423,False,일반,5,5,D유형_여유자산가층
415000152,전기고령자(65-74),813,167,0.0,0.47232472266626724,0.14153124985905685,False,일반,2,1,A유형_구조적취약층
415000362,전기고령자(65-74),8743,45346,0.616794431227421,0.07548896259001613,0.48775939085175735,False,일반,3,5,C유형_기타일반가구
415100322,후기고령자(75+),3743,2820,0.0,0.06679134382399377,0.13700347208551958,False,일반,2,4,C유형_기타일반가구
415100372,전기고령자(65-74),780,8711,0.0,0.3205128201019066,0.14187499985868923,False,일반,2,1,A유형_구조적취약층
415200142,전기고령자(65-74),23808,143100,0.0,0.11970766128529453,0.20232048535296365,False,일반,2,5,C유형_기타일반가구
415200352,전기고령자(65-74),4064,47830,0.5159958720330238,0.3198818896850684,0.5450028594410576,False,일반,4,4,D유형_여유자산가층
415200382,전기고령자(65-74),5762,95600,0.8472803347280334,0.3870183963229749,0.637513363984863,False,일반,5,5,D유형_여유자산가층
415300362,후기고령자(75+),1688,1875,0.0,0.33767772491843734,0.14120833319243026,False,일반,2,2,A유형_구조적취약층
415400162,전기고령자(65-74),1534,5580,0.9047044632086851,0.4693611470212769,0.6843857401930155,False,일반,3,2,C유형_기타일반가구
415400312,후기고령자(75+),1657,2530,0.0,0.1750150874019221,0.13273958320179238,False,일반,2,2,C유형_기타일반가구
415400342,후기고령자(75+),862,24075,0.9968847352024922,0.43155452386130566,0.7391549002293952,False,일반,3,1,C유형_기타일반가구
415400352,전기고령자(65-74),865,18425,0.0,0.5028901728290287,0.34452003312182833,False,일반,2,1,A유형_구조적취약층
415400362,후기고령자(75+),3660,2970,0.0,0.26584699446288335,0.1793797533976739,False,일반,2,4,C유형_기타일반가구
416000332,전기고령자(65-74),1829,91600,0.5236486486486487,1.0224166205454255,0.5707981018716187,False,자산부유-현금빈곤,4,2,B유형_자산소득불일치
416000382,전기고령자(65-74),6903,284730,0.1712293441709818,0.6663769374668438,0.37847026596946176,False,일반,5,5,D유형_여유자산가층
416100322,전기고령자(65-74),1777,7068,0.0,0.6359032072954962,0.13148958320312917,False,일반,2,2,C유형_기타일반가구
416100362,전기고령자(65-74),2429,517,0.0,0.2470152325043165,0.13734895819642362,False,일반,2,3,C유형_기타일반가구
416100382,후기고령자(75+),1169,1356,0.0,0.1539777586364604,0.13782291652968937,False,일반,2,2,A유형_구조적취약층
416200122,전기고령자(65-74),3709,16260,0.989282769991756,0.4556484226326103,0.7351506284723137,False,일반,3,4,C유형_기타일반가구
416200152,후기고령자(75+),1604,1008,0.0,0.37406483767202936,0.13329166653453528,False,일반,2,2,C유형_기타일반가구
416200182,전기고령자(65-74),986,1520,0.0,0.25557809304708107,0.13972916652765074,False,일반,2,1,A유형_구조적취약층
416300102,후기고령자(75+),3616,24920,0.8025682182985554,0.4701327432328173,0.5940775059619336,False,일반,3,4,C유형_기타일반가구
416300122,전기고령자(65-74),678,55500,0.918918918918919,1.3569321513909556,0.6942918248268026,False,자산부유-현금빈곤,4,1,B유형_자산소득불일치
416300132,전기고령자(65-74),4547,21160,0.6616257088846881,0.1495491532549925,0.523295274556764,False,일반,3,4,C유형_기타일반가구
416300332,전기고령자(65-74),1744,8410,0.8235294117647058,0.4071100915096846,0.6259536451994248,False,일반,3,2,C유형_기타일반가구
416300362,후기고령자(75+),3634,190380,0.3412969283276451,0.5393505777272013,0.4914804205435156,False,일반,4,4,D유형_여유자산가층
416400172,전기고령자(65-74),4092,7720,0.0,0.3103616812535773,0.12947075438259908,False,일반,2,4,C유형_기타일반가구
416400332,전기고령자(65-74),1786,12960,0.8461538461538461,0.4703247477769738,0.6390908790459549,False,일반,3,2,C유형_기타일반가구
417000102,후기고령자(75+),2028,50410,0.9815469179426777,1.1341222874092098,0.7283688269083852,False,일반,5,3,D유형_여유자산가층
417000132,후기고령자(75+),2820,175250,0.9700427960057061,0.5070921984017404,0.7026538165393961,False,일반,5,3,D유형_여유자산가층
417000142,전기고령자(65-74),22654,342640,0.5169908338922423,0.0688620111208236,0.454416012414965,False,일반,5,5,D유형_여유자산가층
417000182,후기고령자(75+),1884,41500,0.963855421686747,0.3290870486575971,0.7185038719044406,False,자산부유-현금빈곤,4,2,B유형_자산소득불일치
417000332,전기고령자(65-74),1769,20340,0.24582104228121926,0.45788581093392544,0.3927551743160379,False,일반,2,2,A유형_구조적취약층
417000342,후기고령자(75+),948,12200,0.0,0.42194092782495685,0.38683871959340443,False,일반,2,1,A유형_구조적취약층
417000392,전기고령자(65-74),2200,9942,0.8449004224502112,0.298181818046281,0.6516286407478866,False,일반,3,3,C유형_기타일반가구
417100142,전기고령자(65-74),3170,142800,0.6302521008403361,0.6466876969568809,0.5140938953154707,False,일반,5,3,D유형_여유자산가층
417100152,전기고령자(65-74),4692,95000,0.9789473684210527,0.27706734861955085,0.7129340887976353,False,일반,5,4,D유형_여유자산가층
417200182,전기고령자(65-74),6742,78490,0.6179833144505098,0.3411450607622152,0.5813848481974249,False,일반,4,5,D유형_여유자산가층
417300332,전기고령자(65-74),8786,263040,0.33552543282780833,0.1843842476457564,0.4317570656329952,False,일반,5,5,D유형_여유자산가층
417300382,전기고령자(65-74),1921,34050,0.02886002886002886,0.16137428414295976,0.38756854408961144,False,일반,2,3,C유형_기타일반가구
417300392,후기고령자(75+),3783,30000,0.9148264984227129,0.31192175513827075,0.7015365174514856,False,일반,3,4,C유형_기타일반가구
417400162,후기고령자(75+),1383,48500,0.9900990099009901,1.2436731733595998,0.7296563597623851,False,일반,4,2,C유형_기타일반가구
417400172,전기고령자(65-74),2080,55790,0.9405862987929142,0.4999999997596154,0.7045012796138752,False,일반,4,3,D유형_여유자산가층
417400302,전기고령자(65-74),25413,206600,0.30009680542110356,0.03415574705724803,0.36178699203825904,False,일반,4,5,D유형_여유자산가층
417400342,후기고령자(75+),1799,63010,0.9998412950325345,0.1334074485083894,0.7311684290386079,False,일반,4,2,C유형_기타일반가구
418000162,전기고령자(65-74),9228,424621,0.23341907594056216,0.2058951018415805,0.4413726877624944,False,일반,5,5,D유형_여유자산가층
418000322,전기고령자(65-74),9471,31183,0.43795956941659175,0.21539436171308263,0.4925715488473479,False,일반,3,5,C유형_기타일반가구
418100172,전기고령자(65-74),6665,478088,0.0,1.3503375841934977,0.3020979528251515,False,일반,2,5,C유형_기타일반가구
418100342,후기고령자(75+),-152,154697,0.23142931965870264,,0.47918096824369516,True,자산부유-현금빈곤,4,1,B유형_자산소득불일치
418100352,전기고령자(65-74),8886,22642,0.6084205402774397,0.13279315776133319,0.5040618910192123,False,일반,3,5,C유형_기타일반가구
418100362,후기고령자(75+),3666,48910,0.5009016229212583,0.2509547189713708,0.512536715875966,False,일반,3,4,C유형_기타일반가구
418200102,전기고령자(65-74),3526,77790,0.9169825162000245,0.3006239363866637,0.6689347101284557,False,일반,5,4,D유형_여유자산가층
418200132,후기고령자(75+),1923,345300,0.9991311902693311,0.8112324488761141,0.7294506972175043,False,일반,5,3,D유형_여유자산가층
418200322,전기고령자(65-74),6950,39200,0.4975124378109453,0.22877697838434863,0.4990049597056278,False,일반,3,5,C유형_기타일반가구
418300172,후기고령자(75+),5269,73000,0.45,0.23723666725427278,0.5267079351759805,False,일반,4,4,D유형_여유자산가층
418400112,후기고령자(75+),23595,335600,0.5959475566150179,0.08645899554624034,0.40234160215299797,False,일반,5,5,D유형_여유자산가층
418400382,후기고령자(75+),4728,82540,0.37821482602118,0.10363790183933208,0.5042684004009854,False,일반,4,4,D유형_여유자산가층
419000102,전기고령자(65-74),4341,158750,0.5856515373352855,0.1497350840475155,0.5595311933347202,False,일반,5,4,D유형_여유자산가층
419000132,전기고령자(65-74),6168,1030,0.0,0.2350843060578657,0.12515664753360786,False,일반,2,5,C유형_기타일반가구
419100182,전기고령자(65-74),8276,380850,0.29355312182454557,0.17037216044340597,0.45238841870441093,False,일반,5,5,D유형_여유자산가층
419200132,전기고령자(65-74),5272,125518,0.6082817561094299,0.42488619111819304,0.5597470821347459,False,일반,5,4,D유형_여유자산가층
419200152,후기고령자(75+),1724,190,0.0,0.454756380246661,0.1320416665358721,False,일반,2,2,C유형_기타일반가구
419200162,전기고령자(65-74),625,1100,0.0,0.50879999918592,0.14348958319029587,False,일반,2,1,A유형_구조적취약층
419400122,전기고령자(65-74),7092,47000,0.0,0.3384094754175959,0.13335382655591677,False,일반,2,5,C유형_기타일반가구
419400162,전기고령자(65-74),1232,2240,0.0,0.7110389604618189,0.1371666665303912,False,일반,2,2,A유형_구조적취약층
419400172,후기고령자(75+),925,510,0.0,0.6162162155500365,0.14036458319363787,False,일반,2,1,A유형_구조적취약층
430000262,후기고령자(75+),2109,13512,0.9621077560686797,0.18966334746815394,0.7207239466928012,False,일반,3,3,C유형_기타일반가구
430300272,전기고령자(65-74),2054,37300,0.6702412868632708,0.8276533588959819,0.6030989793844321,False,일반,3,3,C유형_기타일반가구
430400202,전기고령자(65-74),1051,436,0.0,0.4757373925064344,0.13905208319504153,False,일반,2,1,A유형_구조적취약층
430400232,후기고령자(75+),2261,11100,0.990990990990991,0.6368863331990773,0.7210457179792804,False,일반,3,3,C유형_기타일반가구
431100242,전기고령자(65-74),3548,3280,0.0,0.380496054007752,0.1315208332024541,False,일반,2,4,C유형_기타일반가구
431100282,전기고령자(65-74),5195,30140,0.0,0.12127045233469289,0.28951863753012275,False,일반,2,4,C유형_기타일반가구
431200252,후기고령자(75+),959,48300,0.8281573498964804,0.9906152231588997,0.6783159098566567,False,자산부유-현금빈곤,4,1,B유형_자산소득불일치
431300212,후기고령자(75+),1996,3350,0.0,0.20541082154037532,0.13960416652742344,False,일반,2,3,A유형_구조적취약층
431400282,후기고령자(75+),765,30,0.0,0.5620915025332137,0.1420312498585221,False,일반,2,1,A유형_구조적취약층
432000292,전기고령자(65-74),3170,4170,0.0,0.2649842270457463,0.3433244335567285,False,일반,2,3,C유형_기타일반가구
432300232,후기고령자(75+),1151,12060,0.9950248756218906,0.12163336218798143,0.735028561799089,False,일반,3,2,C유형_기타일반가구
432300272,전기고령자(65-74),5511,52410,0.7574482410368625,0.19052803480483976,0.6262654736302308,False,일반,4,4,D유형_여유자산가층
433000222,전기고령자(65-74),10092,170700,0.16505406943653955,0.07233452238680792,0.4002295160597791,False,일반,3,5,C유형_기타일반가구
433100202,후기고령자(75+),6796,99560,0.0,0.17068864035157613,0.3620850017291778,False,일반,2,5,C유형_기타일반가구
433100242,후기고령자(75+),1266,30,0.0,0.1658767771201605,0.1368124998641033,False,일반,2,2,A유형_구조적취약층
433200212,후기고령자(75+),1356,11100,0.36036036036036034,0.36873156314990296,0.5097520805818113,False,일반,2,2,C유형_기타일반가구
433200222,전기고령자(65-74),2238,15205,0.8036100636706435,0.34852546901317005,0.6088561385562274,False,일반,3,3,C유형_기타일반가구
433300202,전기고령자(65-74),1123,1010,0.0,0.2315227068285639,0.13830208319584358,False,일반,2,1,A유형_구조적취약층
433300272,전기고령자(65-74),1047,80,0.0,0.48710601672673726,0.13909374986166362,False,일반,2,1,A유형_구조적취약층
433400202,후기고령자(75+),906,-337,0.0,0.4547461363634149,0.14056249986009287,False,일반,2,1,A유형_구조적취약층
433400272,전기고령자(65-74),2608,77960,0.11544381734222678,0.7131901837756173,0.29518551517888025,False,일반,3,3,C유형_기타일반가구
510000112,후기고령자(75+),1423,95540,0.9420138162026377,1.229796204336053,0.7077998795988104,False,자산부유-현금빈곤,5,2,B유형_자산소득불일치
510000172,후기고령자(75+),1806,141000,0.0,0.38759689901018995,0.2935272635038515,False,일반,2,2,C유형_기타일반가구
510000302,전기고령자(65-74),3149,30782,0.9699321047526673,0.17148301042506098,0.6991603180997081,False,일반,4,3,D유형_여유자산가층
510000312,후기고령자(75+),4584,99300,0.0,0.27486910988768126,0.3087594139952893,False,일반,2,4,C유형_기타일반가구
510000322,후기고령자(75+),846,20050,0.7481296758104738,1.1347517717083313,0.6524126729227145,False,일반,3,1,C유형_기타일반가구
510000342,후기고령자(75+),5040,29000,0.9655172413793104,0.16865079361733118,0.7118134691053724,False,일반,3,4,C유형_기타일반가구
510000372,전기고령자(65-74),1879,5900,0.0,0.3592336347210039,0.13042708320426546,False,일반,2,2,C유형_기타일반가구
510100132,후기고령자(75+),3839,2740,0.0,0.21359729090554902,0.13000520820402237,False,일반,2,4,C유형_기타일반가구
510100172,후기고령자(75+),1822,100940,0.9906875371507826,0.4281009876903946,0.7254365613549562,False,일반,5,2,C유형_기타일반가구
510100192,후기고령자(75+),2030,30330,0.0,0.5201970440787207,0.31885252624382965,False,일반,2,3,A유형_구조적취약층
510101152,전기고령자(65-74),4037,67100,0.0,0.854594996072679,0.13083687352547654,False,일반,2,4,C유형_기타일반가구
510101162,후기고령자(75+),994,7478,0.0,0.6539235405896141,0.19923346889259333,False,일반,2,1,A유형_구조적취약층
510101172,후기고령자(75+),2389,172000,0.9473684210526315,0.47300125555755496,0.7059814098414924,False,일반,5,3,D유형_여유자산가층
510101182,후기고령자(75+),4723,159400,0.9398496240601504,0.40228668210834495,0.6894705009593617,False,일반,5,4,D유형_여유자산가층
510200132,후기고령자(75+),1479,7300,0.0,0.28397565903720373,0.13459374986647613,False,일반,2,2,C유형_기타일반가구
510200182,전기고령자(65-74),1974,130000,0.0,0.14184397155934955,0.36724545606325826,False,일반,2,3,C유형_기타일반가구
510200332,후기고령자(75+),2844,94700,0.2770605759682224,0.2883263008831483,0.4239029962556931,False,일반,3,3,C유형_기타일반가구
510201102,전기고령자(65-74),17502,278750,0.8251121076233184,0.2913952690954522,0.5994918095297975,False,일반,5,5,D유형_여유자산가층
510201122,후기고령자(75+),5598,353000,0.9887005649717514,0.4823151124540344,0.7237860382839606,False,일반,5,5,D유형_여유자산가층
510201162,후기고령자(75+),13171,540000,0.5185185185185185,0.16703363448735603,0.42463952915379954,False,일반,5,5,D유형_여유자산가층
510300122,전기고령자(65-74),2715,850,0.0,0.23941068131145096,0.12171874988024521,False,일반,2,3,C유형_기타일반가구
510300182,후기고령자(75+),705,30400,0.0,0.4822695028620291,0.14388981845651794,False,일반,2,1,A유형_구조적취약층
510300192,전기고령자(65-74),7994,83725,0.8566389518770471,0.47535651732857687,0.6365819368922068,False,일반,5,5,D유형_여유자산가층
510400172,후기고령자(75+),2053,3000,0.0,0.3409644421135098,0.12861458320620384,False,일반,2,3,C유형_기타일반가구
510401112,후기고령자(75+),3758,80000,0.3170731707317073,0.18227780729582815,0.4047589733848346,False,일반,3,4,C유형_기타일반가구
510401142,전기고령자(65-74),3570,322700,0.0,0.3613445377139091,0.2984452554719672,False,일반,2,4,C유형_기타일반가구
510401162,전기고령자(65-74),5300,881000,0.0,0.3679245282324671,0.32133540957703455,False,일반,2,4,C유형_기타일반가구
510401182,전기고령자(65-74),4341,37640,0.0,0.5229209858274773,0.13270418993175676,False,일반,2,4,C유형_기타일반가구
510401192,후기고령자(75+),1681,132100,0.49786628733997157,0.5710886373759139,0.5556791496276128,False,일반,5,2,C유형_기타일반가구
511000162,후기고령자(75+),1784,69380,0.9368694148169501,0.36995515674329865,0.7031933528432247,False,자산부유-현금빈곤,4,2,B유형_자산소득불일치
511000342,전기고령자(65-74),4004,68689,0.0,0.26973026966290453,0.27514206421667453,False,일반,2,4,C유형_기타일반가구
511100132,후기고령자(75+),5046,233000,0.34156378600823045,0.3765358699214158,0.47269291295166477,False,일반,5,4,D유형_여유자산가층
511100172,후기고령자(75+),2038,67962,0.9377093101138647,0.3238469085751487,0.6922701950422768,False,일반,5,3,D유형_여유자산가층
511200132,전기고령자(65-74),1147,2000,0.0,0.35745422811032757,0.13805208319611095,False,일반,2,2,A유형_구조적취약층
511200182,후기고령자(75+),1432,99130,0.7204932035950382,0.39804469245946594,0.5785538507596871,False,자산부유-현금빈곤,5,2,B유형_자산소득불일치
511200192,전기고령자(65-74),1130,330,0.0,0.2743362829430652,0.1382291665292549,False,일반,2,1,A유형_구조적취약층
511200312,후기고령자(75+),2385,85510,0.8537013214828675,0.4612159327206642,0.6733372440006336,False,일반,5,3,D유형_여유자산가층
511200322,전기고령자(65-74),6569,109880,0.637058609392064,0.2222560511155037,0.498933780880864,False,일반,5,5,D유형_여유자산가층
511300132,전기고령자(65-74),1132,1868,0.0,0.6360424022649801,0.15159180407367126,False,일반,2,1,A유형_구조적취약층
511400112,전기고령자(65-74),2014,5656,0.0,0.18123138024765073,0.14300694430159935,False,일반,2,3,A유형_구조적취약층
511400352,후기고령자(75+),-59,112000,0.9821428571428571,,0.7392888923460205,True,자산부유-현금빈곤,5,1,B유형_자산소득불일치
511400372,후기고령자(75+),4702,2340,0.0,0.37856231382846395,0.24585455020676653,False,일반,2,4,C유형_기타일반가구
511400392,전기고령자(65-74),5224,23250,0.7741935483870968,0.13973966306666544,0.6017561589764459,False,일반,3,4,C유형_기타일반가구
512000132,전기고령자(65-74),4427,10792,0.0,0.25073413140936657,0.1269427082071912,False,일반,2,4,C유형_기타일반가구
512000142,후기고령자(75+),985,1480,0.0,0.4974619284289727,0.13973958319430627,False,일반,2,1,A유형_구조적취약층
512000162,전기고령자(65-74),2825,42800,0.8177570093457944,0.6407079643749707,0.6259433100644033,False,일반,4,3,D유형_여유자산가층
512000182,후기고령자(75+),2521,50300,0.9542743538767395,0.3966679887359508,0.6963072835654038,False,일반,4,3,D유형_여유자산가층
512000372,전기고령자(65-74),5168,65840,0.9099181073703366,0.261222910166172,0.6886754159151067,False,일반,4,4,D유형_여유자산가층
512100102,전기고령자(65-74),6223,18300,0.0,0.2442551823486654,0.2856235034491195,False,일반,2,5,C유형_기타일반가구
512100112,전기고령자(65-74),1636,78500,0.88268156424581,0.5378973101846594,0.66257012810301,False,일반,5,2,C유형_기타일반가구
512100162,전기고령자(65-74),1259,4520,0.0,0.5242255754374697,0.13688541653069197,False,일반,2,2,A유형_구조적취약층
512100382,전기고령자(65-74),6340,35430,0.7902907140841096,0.2129337539096319,0.6085137293941032,False,일반,3,5,C유형_기타일반가구
512200142,전기고령자(65-74),3931,35645,0.5610885117127227,0.1907911472422307,0.45973440029574203,False,일반,3,4,C유형_기타일반가구
512200152,전기고령자(65-74),3802,40416,0.6170401816566294,0.27354024190596,0.5602776946262915,False,일반,3,4,C유형_기타일반가구
512200332,전기고령자(65-74),2132,25800,0.9302325581395349,0.36585365836498424,0.6859342116529272,False,일반,3,3,C유형_기타일반가구
512200372,후기고령자(75+),1129,16466,0.9917355371900827,0.9034543836107578,0.7391643230889806,False,일반,3,1,C유형_기타일반가구
512300322,후기고령자(75+),719,2310,0.0,0.5507649505552643,0.14251041652467636,False,일반,2,1,A유형_구조적취약층
512300362,전기고령자(65-74),3865,65820,0.4252504252504252,0.5278137126706821,0.5303464057517173,False,일반,4,4,D유형_여유자산가층
512400152,전기고령자(65-74),700,150,0.0,0.5571428563469388,0.1463541665204391,False,일반,2,1,A유형_구조적취약층
512400192,전기고령자(65-74),7883,88434,0.5035062343226467,0.13700367878510672,0.5306415114693981,False,일반,4,5,D유형_여유자산가층
512400332,후기고령자(75+),787,102300,0.0,0.5717916129964529,0.38618452307083784,False,일반,2,1,A유형_구조적취약층
512400352,후기고령자(75+),5149,15850,0.9418282548476454,0.2241211885367797,0.7116635746082327,False,일반,3,4,C유형_기타일반가구
512400392,후기고령자(75+),1384,45400,0.9911894273127754,0.6213872827880149,0.730300197071387,False,일반,4,2,C유형_기타일반가구
513000102,후기고령자(75+),1134,62400,0.7692307692307693,0.9082892408216143,0.5997284506287468,False,자산부유-현금빈곤,4,1,B유형_자산소득불일치
513000142,전기고령자(65-74),1776,36740,0.9526401741970604,0.42229729705951724,0.7239051103944459,False,자산부유-현금빈곤,4,2,B유형_자산소득불일치
513000152,후기고령자(75+),3381,22802,0.861994655633135,0.3253475302202462,0.6495902076593149,False,일반,3,4,C유형_기타일반가구
513000182,후기고령자(75+),1619,68865,0.9983361064891847,0.5929586160636451,0.7408845867687072,False,자산부유-현금빈곤,5,2,B유형_자산소득불일치
513000302,후기고령자(75+),931,15220,0.985545335085414,0.9022556381286191,0.7364814317936436,False,일반,3,1,C유형_기타일반가구
513000312,전기고령자(65-74),1412,64000,0.546875,0.2039660055212705,0.5692113770496317,False,자산부유-현금빈곤,4,2,B유형_자산소득불일치
513000332,후기고령자(75+),3689,2005,0.0,0.04337218757295414,0.1115729165577623,False,일반,2,4,C유형_기타일반가구
513000382,후기고령자(75+),644,31730,0.9454774661203909,0.7298136634630222,0.7108175781834162,False,자산부유-현금빈곤,4,1,B유형_자산소득불일치
513100122,후기고령자(75+),959,3320,0.0,1.2513034397796627,0.14001041652734997,False,일반,2,1,A유형_구조적취약층
513100352,전기고령자(65-74),3867,131000,0.4341833218470021,0.2585983966230674,0.5282085323306649,False,일반,4,4,D유형_여유자산가층
513200122,후기고령자(75+),2023,5827,0.9599763698124354,0.22244191783369158,0.7077221326681876,False,일반,3,3,C유형_기타일반가구
513200192,후기고령자(75+),5130,191100,0.45203415369161226,0.4288499024505166,0.5201954395452997,False,일반,5,4,D유형_여유자산가층
513200312,전기고령자(65-74),1155,640,0.0,0.3982683979235771,0.1907038074557621,False,일반,2,2,A유형_구조적취약층
513200352,전기고령자(65-74),10648,113439,0.6964095240613898,0.1502629601662037,0.5642662041298165,False,일반,5,5,D유형_여유자산가층
513300112,후기고령자(75+),1611,64600,0.9287925696594427,0.38485412763199617,0.6988879222233397,False,자산부유-현금빈곤,4,2,B유형_자산소득불일치
513300122,전기고령자(65-74),4749,9470,0.40798797509126045,0.23583912397644996,0.488163041148599,False,일반,3,4,C유형_기타일반가구
513300132,전기고령자(65-74),649,25070,0.9972078181092939,0.546995376661024,0.742066111379574,False,일반,3,1,C유형_기타일반가구
513300142,후기고령자(75+),1885,11060,0.9945750452079566,0.6578249333380238,0.7369305370924157,False,일반,3,2,C유형_기타일반가구
513300332,전기고령자(65-74),1839,8060,0.0,0.4785209350307118,0.13084374987048655,False,일반,2,2,C유형_기타일반가구
513300372,전기고령자(65-74),713,7602,0.6975122064636131,0.4908835897743568,0.5610824975494513,False,일반,3,1,C유형_기타일반가구
513300382,전기고령자(65-74),1362,8920,0.0,0.293685756025194,0.13581249986517271,False,일반,2,2,C유형_기타일반가구
513400102,후기고령자(75+),3890,90000,0.5263157894736842,0.6683804625531156,0.5244791503587799,False,일반,4,4,D유형_여유자산가층
513400322,후기고령자(75+),4240,8190,0.6105006105006106,0.19811320750044498,0.5763324033904133,False,일반,2,4,C유형_기타일반가구
513400332,전기고령자(65-74),18139,30820,0.6489292667099286,0.0937207122722465,0.4841464303924662,False,일반,3,5,C유형_기타일반가구
513400392,후기고령자(75+),1495,1230,0.0,0.6421404677978994,0.14221354152472346,False,일반,2,2,A유형_구조적취약층
514000192,전기고령자(65-74),3552,4347,0.0,0.2759009008232261,0.1992675071345481,False,일반,2,4,C유형_기타일반가구
514000392,전기고령자(65-74),5226,97428,0.3905182176748545,0.2456946038565452,0.4902228278060833,False,일반,4,4,D유형_여유자산가층
514100102,후기고령자(75+),3776,79330,0.9962640099626401,0.23834745756399697,0.734876945205639,False,일반,5,4,D유형_여유자산가층
514100132,후기고령자(75+),400,5005,0.9996667777407531,0.749999998125,0.7456366347498835,False,일반,3,1,C유형_기타일반가구
514100172,후기고령자(75+),841,15100,0.9933774834437086,0.4994054690851302,0.7372692878244388,False,일반,3,1,C유형_기타일반가구
514100302,전기고령자(65-74),3662,24800,0.0,0.1583833970075414,0.1118541665574615,False,일반,2,4,C유형_기타일반가구
514100342,전기고령자(65-74),7868,52045,0.8646363723700644,0.225216065045092,0.6341462034117729,False,일반,4,5,D유형_여유자산가층
514100362,전기고령자(65-74),9674,24000,0.5,0.13438081454058498,0.42878324543296964,False,일반,3,5,C유형_기타일반가구
514200102,후기고령자(75+),7872,130760,0.512061902594447,0.3048780487417584,0.5303277936551771,False,일반,5,5,D유형_여유자산가층
514200142,전기고령자(65-74),5270,126052,0.6247461968575266,0.2201138519506425,0.5764455140218069,False,일반,5,4,D유형_여유자산가층
514200332,전기고령자(65-74),2622,69180,0.0,0.7143401980494507,0.32619159295011785,False,일반,2,3,C유형_기타일반가구
514200342,전기고령자(65-74),4955,-1614,0.0,0.20726538845463865,0.16928708699718464,False,일반,2,4,C유형_기타일반가구
514300152,후기고령자(75+),867,3030,0.0,0.46136101446209804,0.1409687498596584,False,일반,2,1,A유형_구조적취약층
514300362,후기고령자(75+),1590,54310,0.7324665812122322,0.4402515720501562,0.6409436476718824,False,자산부유-현금빈곤,4,2,B유형_자산소득불일치
514400112,전기고령자(65-74),870,1560,0.0,0.2908045973668913,0.14093749985969184,False,일반,2,1,A유형_구조적취약층
514400142,후기고령자(75+),1172,500,0.0,0.4351535832464559,0.13779166652972277,False,일반,2,2,A유형_구조적취약층
514400152,전기고령자(65-74),1225,50,0.0,0.5387755097642648,0.13723958319697988,False,일반,2,2,A유형_구조적취약층
514400172,후기고령자(75+),2135,77000,0.974025974025974,0.42716627614652636,0.723298944554529,False,일반,5,3,D유형_여유자산가층
514400332,후기고령자(75+),2346,-978,0.0,0.5456095479345228,0.137781249862643,False,일반,2,3,C유형_기타일반가구
514400392,전기고령자(65-74),1288,19500,0.0,0.5667701858953648,0.1365833331976817,False,일반,2,2,A유형_구조적취약층
515000332,후기고령자(75+),2419,20700,0.0,0.5952873085592033,0.13740104152970306,False,일반,2,3,C유형_기타일반가구
515000392,전기고령자(65-74),903,815,0.0,0.4042081944582412,0.14059374986005946,False,일반,2,1,A유형_구조적취약층
515100122,후기고령자(75+),930,1310,0.0,0.41935483825875824,0.14031249986036023,False,일반,2,1,A유형_구조적취약층
515100172,후기고령자(75+),3014,10220,0.0,0.30524220295114723,0.13430208319957632,False,일반,2,3,C유형_기타일반가구
515100182,후기고령자(75+),3101,46756,0.6416288818547352,0.8706868749207718,0.5241753401804198,False,일반,4,3,D유형_여유자산가층
515100362,전기고령자(65-74),4040,32470,0.0,0.23514851479328008,0.1289583332051056,False,일반,2,4,C유형_기타일반가구
515200172,후기고령자(75+),1393,12450,0.0,0.21536252676571246,0.1354895831988514,False,일반,2,2,C유형_기타일반가구
515200312,전기고령자(65-74),13696,111450,0.5383580080753702,0.12996495326153876,0.44486457105596716,False,일반,4,5,D유형_여유자산가층
515200332,전기고령자(65-74),1287,26174,0.8897889052528227,0.38850038819852334,0.670469972369323,False,일반,3,2,C유형_기타일반가구
515200352,후기고령자(75+),987,50,0.0,0.7700101309321072,0.13971874986099522,False,일반,2,1,A유형_구조적취약층
515200382,전기고령자(65-74),10444,621920,0.12598768120450446,0.4021447720794576,0.37771855211566246,False,일반,5,5,D유형_여유자산가층
515300152,전기고령자(65-74),796,1250,0.0,0.7035175870558824,0.1417083331922008,False,일반,2,1,A유형_구조적취약층
515300162,전기고령자(65-74),931,-1040,0.0,0.3222341564745068,0.1403020831937047,False,일반,2,1,A유형_구조적취약층
515300192,전기고령자(65-74),5700,81080,0.8633448445979279,0.20350877189412125,0.6385688735683854,False,일반,5,5,D유형_여유자산가층
515300302,후기고령자(75+),1952,181,0.0,0.3278688522910508,0.12966666653841202,False,일반,2,3,C유형_기타일반가구
515300352,전기고령자(65-74),1061,730,0.0,0.2874646557139824,0.13894791652848626,False,일반,2,1,A유형_구조적취약층
515300362,전기고령자(65-74),1031,52,0.0,0.2774005816902031,0.13926041652815205,False,일반,2,1,A유형_구조적취약층
515400142,전기고령자(65-74),2012,9370,0.0,0.13419483094721926,0.1499916583823163,False,일반,2,3,C유형_기타일반가구
515400322,전기고령자(65-74),5826,65530,0.2963638436110794,0.09680741501942887,0.47130655800458776,False,일반,3,5,C유형_기타일반가구
515400332,후기고령자(75+),685,18038,0.0,0.6131386852362939,0.14286458319096426,False,일반,2,1,A유형_구조적취약층
515400352,후기고령자(75+),2409,3945,0.0,0.27604815264589116,0.13745312486298253,False,일반,2,3,C유형_기타일반가구
516000102,전기고령자(65-74),2264,-370,0.0,0.18330388684483045,0.1264166665418877,False,일반,2,3,C유형_기타일반가구
516000122,후기고령자(75+),1644,7000,0.0,0.39537712871327424,0.14143749985885978,False,일반,2,2,A유형_구조적취약층
516000152,후기고령자(75+),2944,148750,0.46589018302828616,0.2547554346960749,0.5473154878263242,False,일반,5,3,D유형_여유자산가층
516000182,후기고령자(75+),1728,24130,0.9490940465918896,0.5034722219308609,0.716211658664692,False,자산부유-현금빈곤,4,2,B유형_자산소득불일치
516000382,전기고령자(65-74),25669,522040,0.0,0.1947874868442562,0.21595846422355627,False,일반,2,5,C유형_기타일반가구
516100322,후기고령자(75+),707,60250,0.995850622406639,1.244695896400713,0.7401490125371053,False,자산부유-현금빈곤,4,1,B유형_자산소득불일치
516100352,전기고령자(65-74),776,1005,0.0,0.9664948441153417,0.14191666652531132,False,일반,2,1,A유형_구조적취약층
516100362,전기고령자(65-74),4062,25680,0.29985007496251875,0.2058099457888208,0.41878462103134007,False,일반,3,4,C유형_기타일반가구
516200102,전기고령자(65-74),1717,16150,0.9029345372460497,0.7408270234473925,0.6958007877477845,False,일반,3,2,C유형_기타일반가구
516200152,후기고령자(75+),4679,63060,0.7568876778686043,0.19234879243591604,0.6176101379656928,False,일반,4,4,D유형_여유자산가층
516200172,후기고령자(75+),1582,72800,0.984009840098401,0.46649810337136655,0.7324770118914341,False,자산부유-현금빈곤,5,2,B유형_자산소득불일치
516300132,전기고령자(65-74),20510,123100,0.5511811023622047,0.09946367625063561,0.48392832275756525,False,일반,5,5,D유형_여유자산가층
516300172,후기고령자(75+),11556,520500,0.5676442762535477,0.2422983731185273,0.5051416996968455,False,일반,5,5,D유형_여유자산가층
516300332,전기고령자(65-74),907,4240,0.9859154929577465,0.5292171989755048,0.7321045693866258,False,일반,3,1,C유형_기타일반가구
516400152,후기고령자(75+),3003,1270,0.0,0.4395604394140658,0.2623137869900942,False,일반,2,3,C유형_기타일반가구
516400182,전기고령자(65-74),916,10010,0.0,0.6768558944575809,0.1404583331935376,False,일반,2,1,A유형_구조적취약층
516400392,전기고령자(65-74),5110,80000,0.7142857142857143,0.2426614480934126,0.5567211229412341,False,일반,5,4,D유형_여유자산가층
517000102,후기고령자(75+),1784,30150,0.9950248756218906,0.2690582958133081,0.7284348118061407,False,일반,4,2,C유형_기타일반가구
517000132,후기고령자(75+),17905,217000,0.0,0.14744484779964004,0.19568584661362798,False,일반,2,5,C유형_기타일반가구
517000332,전기고령자(65-74),2139,5080,0.984251968503937,0.25292192601546426,0.721718042491832,False,일반,2,3,C유형_기타일반가구
517200102,후기고령자(75+),761,52210,0.995977782034093,0.6307490136258226,0.7436263503879574,False,자산부유-현금빈곤,4,1,B유형_자산소득불일치
517200192,전기고령자(65-74),3681,1440,0.0,0.17929910345577313,0.13696022114565715,False,일반,2,4,C유형_기타일반가구
517300112,후기고령자(75+),937,8550,0.0,0.24546424733675107,0.14023958319377156,False,일반,2,1,A유형_구조적취약층
517300122,후기고령자(75+),3014,167000,0.7642563198118754,0.20238885195673895,0.6429765748335274,False,일반,5,3,D유형_여유자산가층
517300162,전기고령자(65-74),15840,442420,0.3386816815545489,0.3181818181617309,0.4812447449681685,False,일반,5,5,D유형_여유자산가층
517300302,후기고령자(75+),7560,158435,0.8201892744479495,0.2685185184830002,0.619494025884832,False,일반,5,5,D유형_여유자산가층
517300342,전기고령자(65-74),3848,70500,0.9681881051175657,0.3118503117692697,0.7192838145853995,False,일반,5,4,D유형_여유자산가층
517300382,전기고령자(65-74),3871,-2500,0.0,0.2324980624560842,0.10967708322645645,False,일반,2,4,C유형_기타일반가구
517300392,전기고령자(65-74),2518,168700,0.0,0.9769658455214592,0.29359511923419945,False,일반,2,3,C유형_기타일반가구
517400192,전기고령자(65-74),804,175300,0.0,1.7910447738917354,0.3141013007431378,False,일반,2,1,A유형_구조적취약층
517400332,후기고령자(75+),904,92361,0.9744372624809172,0.8960176981238742,0.7295797322929032,False,자산부유-현금빈곤,5,1,B유형_자산소득불일치
518000122,후기고령자(75+),3663,80920,0.8012820512820513,0.25116025109168433,0.6116936985844427,False,일반,4,4,D유형_여유자산가층
518000312,후기고령자(75+),2294,24270,0.9888751545117429,0.5361813423992235,0.7194324592452609,False,일반,3,3,C유형_기타일반가구
518100142,전기고령자(65-74),24810,177360,0.4760544606302961,0.11124546553360558,0.48577608398032673,False,일반,5,5,D유형_여유자산가층
518100172,후기고령자(75+),11513,335662,0.0,0.16676800137524814,0.23195635566029027,False,일반,2,5,C유형_기타일반가구
518100352,후기고령자(75+),5529,40000,0.875,0.32555615837844887,0.6462059563762514,False,일반,4,4,D유형_여유자산가층
518200342,후기고령자(75+),1077,962,0.0,0.3621169913072265,0.13878124986199783,False,일반,2,1,A유형_구조적취약층
518300102,후기고령자(75+),633,200,0.0,0.25276461255487426,0.14340624985705164,False,일반,2,1,A유형_구조적취약층
518300312,후기고령자(75+),1656,2300,0.0,1.0265700476892692,0.2826811767261996,False,일반,2,2,A유형_구조적취약층
518400302,전기고령자(65-74),8514,138500,0.4404332129963899,0.1808785529503314,0.4890527190040815,False,일반,4,5,D유형_여유자산가층
518400332,전기고령자(65-74),5943,142765,0.09981757477713145,0.27258960116564196,0.2984796645690153,False,일반,3,5,C유형_기타일반가구
518400352,전기고령자(65-74),8594,33505,0.4178480823757648,0.15708633928821428,0.38079714418502125,False,일반,3,5,C유형_기타일반가구
518400382,전기고령자(65-74),6141,12460,0.4012841091492777,0.1677251261736321,0.4695705284378563,False,일반,2,5,C유형_기타일반가구
519000122,후기고령자(75+),480,216900,0.0,0.9812499979557292,0.3749110125665351,False,일반,2,1,A유형_구조적취약층
519000192,전기고령자(65-74),1146,541,0.0,0.3272251306045156,0.13806249986276647,False,일반,2,2,A유형_구조적취약층
519100182,전기고령자(65-74),5269,148500,0.9552238805970149,0.19927880049358912,0.6719833942828756,False,일반,5,4,D유형_여유자산가층
519200152,후기고령자(75+),1305,1730,0.0,0.2574712641705201,0.13640624986453775,False,일반,2,2,A유형_구조적취약층
519200162,전기고령자(65-74),5216,211960,0.9907529722589168,0.2655291410533878,0.7181847297886562,False,일반,5,4,D유형_여유자산가층
519200182,전기고령자(65-74),637,398300,0.8536279186542807,2.040816323326819,0.6844709740891608,False,자산부유-현금빈곤,5,1,B유형_자산소득불일치
519400152,후기고령자(75+),3644,73160,0.0,0.1427003292692919,0.13102083320297148,False,일반,2,4,C유형_기타일반가구
519400162,전기고령자(65-74),5336,2756,0.0,0.2923538230336668,0.16756450810250148,False,일반,2,4,C유형_기타일반가구
519400172,후기고령자(75+),960,160,0.0,0.6249999993489583,0.13999999986069442,False,일반,2,1,A유형_구조적취약층
519400312,전기고령자(65-74),2970,8200,0.8536585365853658,0.15151515146413633,0.6558755941063013,False,일반,3,3,C유형_기타일반가구
530000202,후기고령자(75+),2923,250,0.0,0.17276770435416774,0.1195520832158957,False,일반,2,3,C유형_기타일반가구
530100242,전기고령자(65-74),1635,45033,0.9992672040503631,0.7951070331528397,0.7326044761552838,False,일반,4,2,C유형_기타일반가구
530100272,후기고령자(75+),1503,170,0.0,0.399201596540784,0.1421718748580999,False,일반,2,2,A유형_구조적취약층
530200262,후기고령자(75+),1343,28640,0.9953550099535501,0.25316455677351857,0.7342220113623497,False,일반,4,2,C유형_기타일반가구
530200272,전기고령자(65-74),8911,201980,0.7353662123737621,0.39950622821237725,0.5828050613963722,False,일반,5,5,D유형_여유자산가층
530400282,전기고령자(65-74),1042,7210,0.0,0.6717850281460795,0.13914583319494125,False,일반,2,1,A유형_구조적취약층
531000252,전기고령자(65-74),995,-4979,0.0,0.5628140697861165,0.13963541652775102,False,일반,2,1,A유형_구조적취약층
531100222,전기고령자(65-74),2065,26400,0.9848484848484849,0.3874092007809157,0.719401861081135,False,일반,3,3,C유형_기타일반가구
531100272,전기고령자(65-74),1146,65330,0.6888106536047758,0.8376963343475599,0.5772191030169995,False,자산부유-현금빈곤,4,2,B유형_자산소득불일치
531200252,전기고령자(65-74),3075,42800,0.8177570093457944,0.41626016246625686,0.6346527260756036,False,일반,4,3,D유형_여유자산가층
531300202,후기고령자(75+),2763,4540,0.0,0.24031849430317825,0.15763609169272713,False,일반,2,3,C유형_기타일반가구
531300272,전기고령자(65-74),7339,4960,0.0,0.13080801197291075,0.1850020148571711,False,일반,2,5,C유형_기타일반가구
531400282,후기고령자(75+),1064,50,0.0,0.4417293228931115,0.13891666652851967,False,일반,2,1,A유형_구조적취약층
531400292,후기고령자(75+),1377,1005,0.0,0.1525054465123417,0.13565624986533983,False,일반,2,2,C유형_기타일반가구
532100212,전기고령자(65-74),4858,12503,0.6702787242361615,0.24289831201257753,0.5520030976155215,False,일반,3,4,C유형_기타일반가구
532100272,후기고령자(75+),903,35300,0.9915014164305949,0.5647840525306932,0.7402009332077896,False,자산부유-현금빈곤,4,1,B유형_자산소득불일치
532200252,전기고령자(65-74),2001,10700,0.7476635514018691,0.35482258852832455,0.5777568001496357,False,일반,3,3,C유형_기타일반가구
532200292,후기고령자(75+),1357,37540,0.9778012684989429,0.5305821661528503,0.7225485084587591,False,일반,4,2,C유형_기타일반가구
532300202,후기고령자(75+),2626,1040,0.0,0.08758568161173433,0.13632291653081863,False,일반,2,3,C유형_기타일반가구
532300292,후기고령자(75+),2019,39300,0.9669211195928753,0.5448241701115284,0.7196401755694312,False,일반,4,3,D유형_여유자산가층
532400202,전기고령자(65-74),5073,21500,0.0,0.13010053220380435,0.10297027865060528,False,일반,2,4,C유형_기타일반가구
532400262,전기고령자(65-74),1253,8020,0.9975062344139651,0.4788507577982037,0.7354548851051371,False,일반,3,2,C유형_기타일반가구
532400282,전기고령자(65-74),-101,52900,0.7421383647798742,,0.6015748098594697,True,자산부유-현금빈곤,4,1,B유형_자산소득불일치
533000212,후기고령자(75+),1356,1540,0.0,0.40560471946489324,0.14293749985730772,False,일반,2,2,A유형_구조적취약층
533000222,후기고령자(75+),1797,97130,0.15443220426232884,0.2337228713223579,0.4343995187987625,False,일반,3,2,C유형_기타일반가구
533100202,후기고령자(75+),920,320,0.0,0.2739130431805293,0.14041666652691548,False,일반,2,1,A유형_구조적취약층
533100212,후기고령자(75+),1128,7300,0.9452054794520548,0.6648936164318319,0.7112513462084136,False,일반,3,1,C유형_기타일반가구
533400212,후기고령자(75+),523,41000,0.8536585365853658,1.1472275312672513,0.6567499675759446,False,자산부유-현금빈곤,4,1,B유형_자산소득불일치
533400242,후기고령자(75+),654,28000,0.9642857142857143,0.16819571839725425,0.7217620488533785,False,일반,3,1,C유형_기타일반가구
533400272,전기고령자(65-74),2359,10200,0.8823529411764706,0.21195421779908682,0.6548417032060376,False,일반,3,3,C유형_기타일반가구
610000102,전기고령자(65-74),2716,149900,0.6333333333333333,0.3129602355254197,0.526710706277285,False,일반,5,3,D유형_여유자산가층
610000172,후기고령자(75+),3374,153300,0.9784735812133072,0.2667457023512906,0.7019414816187818,False,일반,5,4,D유형_여유자산가층
610000182,전기고령자(65-74),6177,60400,0.7947019867549668,0.21369596888235454,0.6488366743602938,False,일반,4,5,D유형_여유자산가층
610100152,전기고령자(65-74),11012,227000,0.4782608695652174,0.0980748274520455,0.5016707000335454,False,일반,5,5,D유형_여유자산가층
610100162,전기고령자(65-74),11888,164678,0.5465210896416036,0.1505720053709142,0.5336453935142565,False,일반,5,5,D유형_여유자산가층
610100182,전기고령자(65-74),5262,292550,0.6820647961556348,0.1710376282457169,0.5755425109820551,False,일반,5,4,D유형_여유자산가층
610100362,후기고령자(75+),2756,150,0.0,0.5805515237371004,0.13564583319818588,False,일반,2,3,C유형_기타일반가구
610201162,전기고령자(65-74),16272,688300,0.42132790934185677,0.39945919368243243,0.3911639761759745,False,일반,5,5,D유형_여유자산가층
610300122,전기고령자(65-74),2333,10400,0.0,0.2211744533985536,0.16175607558053354,False,일반,2,3,C유형_기타일반가구
610300182,전기고령자(65-74),1563,153300,0.16071428571428573,1.4075495832325338,0.39532855086408364,False,일반,4,2,C유형_기타일반가구
610300362,전기고령자(65-74),6046,60190,0.3322811098189068,0.23155805487403935,0.4439409354460098,False,일반,3,5,C유형_기타일반가구
610301122,전기고령자(65-74),643,13570,0.965561635017702,1.4774494533787723,0.7312213403059643,False,자산부유-현금빈곤,4,1,B유형_자산소득불일치
610400152,전기고령자(65-74),3783,11200,0.0,0.29606132691090103,0.2887810691178187,False,일반,2,4,C유형_기타일반가구
610400302,전기고령자(65-74),5642,18396,0.8037149490980532,0.2445941155185051,0.608427579549024,False,일반,3,5,C유형_기타일반가구
610400312,전기고령자(65-74),2331,21350,0.936768149882904,0.4032604030874044,0.7005087838423637,False,일반,3,3,C유형_기타일반가구
610400362,후기고령자(75+),2271,39200,0.9478672985781991,0.4403346541434018,0.7068953213038959,False,일반,4,3,D유형_여유자산가층
610401192,전기고령자(65-74),4337,75500,0.5960264900662252,0.507263084964892,0.4962160109620187,False,일반,4,4,D유형_여유자산가층
611000102,전기고령자(65-74),2834,19950,0.0,0.2688779109848702,0.2759036247399178,False,일반,2,3,C유형_기타일반가구
611000172,전기고령자(65-74),7663,71750,0.4181184668989547,0.16964635258128063,0.36165784785869753,False,일반,4,5,D유형_여유자산가층
611000352,후기고령자(75+),1305,1800,0.0,0.3310344825049544,0.13640624986453775,False,일반,2,2,A유형_구조적취약층
611100132,전기고령자(65-74),16154,202520,0.2739511584220413,0.11018942676054293,0.37856306909029513,False,일반,5,5,D유형_여유자산가층
611100142,후기고령자(75+),4690,97010,0.9277394083084218,0.42643923231845643,0.6903619247904589,False,일반,5,4,D유형_여유자산가층
611100162,후기고령자(75+),1856,150,0.0,0.1993534481684518,0.13066666653734257,False,일반,2,2,C유형_기타일반가구
611100172,전기고령자(65-74),1294,92390,0.7901288018183786,0.4945904169284463,0.6531653524089238,False,자산부유-현금빈곤,5,2,B유형_자산소득불일치
611100182,후기고령자(75+),1670,56040,0.9992862241256245,0.2874251495284879,0.7408770513538804,False,자산부유-현금빈곤,4,2,B유형_자산소득불일치
611200122,전기고령자(65-74),13503,27630,0.8210180623973727,0.09627490186652782,0.5980738737369706,False,일반,4,5,D유형_여유자산가층
611200182,전기고령자(65-74),1114,520,0.0,0.21543985618003603,0.13839583319574333,False,일반,2,1,A유형_구조적취약층
611200192,전기고령자(65-74),4600,79680,0.706880301602262,0.36956521731096403,0.5510557467789177,False,일반,4,4,D유형_여유자산가층
611200392,전기고령자(65-74),4740,6760,0.0,0.27848101259947655,0.17668302781991763,False,일반,2,4,C유형_기타일반가구
611300112,후기고령자(75+),3694,31260,0.8817884745059391,0.243638332365014,0.6598363547040684,False,일반,4,4,D유형_여유자산가층
611300132,후기고령자(75+),1703,34600,0.9508670520231214,0.5049911917175623,0.7116535164083115,False,자산부유-현금빈곤,4,2,B유형_자산소득불일치
611300332,전기고령자(65-74),19938,579166,0.23456864130024005,0.1436954559061242,0.3795880242484295,False,일반,5,5,D유형_여유자산가층
611300342,전기고령자(65-74),19123,824080,0.11763598720120459,0.18302567587810356,0.34234386440496795,False,일반,5,5,D유형_여유자산가층
611400102,후기고령자(75+),1137,24800,0.0,0.8795074750400109,0.13815624986266622,False,일반,2,1,A유형_구조적취약층
611400302,전기고령자(65-74),8026,47420,0.527203711514129,0.12957886866065552,0.5141476405546445,False,일반,3,5,C유형_기타일반가구
611400322,후기고령자(75+),1007,2050,0.0,0.4766633560311188,0.13951041652788468,False,일반,2,1,A유형_구조적취약층
611400342,전기고령자(65-74),7490,238180,0.7525712852245171,0.38664886510191604,0.639006200688822,False,일반,5,5,D유형_여유자산가층
611400392,후기고령자(75+),11210,91700,0.5102954341987467,0.16413916144833726,0.5155210708458582,False,일반,4,5,D유형_여유자산가층
612000132,후기고령자(75+),1392,6350,0.0,0.23563218373876996,0.13549999986550693,False,일반,2,2,C유형_기타일반가구
612000162,후기고령자(75+),772,7000,0.0,0.6476683929434347,0.14195833319193343,False,일반,2,1,A유형_구조적취약층
612000172,전기고령자(65-74),4525,71300,0.5610098176718092,0.3093922651249962,0.4893376731652819,False,일반,4,4,D유형_여유자산가층
612000302,후기고령자(75+),1661,13750,0.0,0.4268512941439787,0.13269791653517027,False,일반,2,2,C유형_기타일반가구
612000312,후기고령자(75+),1114,2130,0.0,0.3321364449442222,0.1442644537590285,False,일반,2,1,A유형_구조적취약층
612000352,전기고령자(65-74),8675,114700,0.7410636442894507,0.15792507202790487,0.571493863688417,False,일반,5,5,D유형_여유자산가층
612000382,후기고령자(75+),1502,5550,0.0,0.39946737656493514,0.134354166533399,False,일반,2,2,C유형_기타일반가구
612100112,전기고령자(65-74),2529,36100,0.9975062344139651,0.44286279144212626,0.7353350934381413,False,일반,4,3,D유형_여유자산가층
612100122,후기고령자(75+),3038,110092,0.44178197176129635,0.378538512054464,0.4632779042119897,False,일반,4,3,D유형_여유자산가층
612100152,후기고령자(75+),1136,1240,0.0,0.31690140817174167,0.13816666652932175,False,일반,2,1,A유형_구조적취약층
612100162,후기고령자(75+),5124,50770,0.9734910888123409,0.36104605769690745,0.7200503816624112,False,일반,4,4,D유형_여유자산가층
612100382,후기고령자(75+),636,28050,0.9982174688057041,0.5188679237124718,0.742308711368192,False,일반,3,1,C유형_기타일반가구
612200332,전기고령자(65-74),13333,33560,0.9500542888165038,0.18000450009900212,0.692258564206561,False,일반,4,5,D유형_여유자산가층
612300102,전기고령자(65-74),1573,82660,0.7974867085548574,1.144310234491856,0.6701454617724338,False,자산부유-현금빈곤,4,2,B유형_자산소득불일치
612300142,후기고령자(75+),1186,19730,0.9985022466300549,0.43844856624076844,0.7429274956503156,False,일반,3,2,C유형_기타일반가구
612300312,전기고령자(65-74),3421,56400,0.8865248226950354,0.42092955263930737,0.681387511751089,False,일반,4,4,D유형_여유자산가층
612300322,후기고령자(75+),748,3050,0.0,0.49732620254368154,0.14220833319166606,False,일반,2,1,A유형_구조적취약층
612300372,전기고령자(65-74),5466,42300,0.8806262230919765,0.18477863150662666,0.6670333427523238,False,일반,4,4,D유형_여유자산가층
612400102,전기고령자(65-74),8497,48800,0.819672131147541,0.1765328939417991,0.6302330187609098,False,일반,4,5,D유형_여유자산가층
612400142,후기고령자(75+),1837,144450,0.8956252152945229,0.38105606947139026,0.6778103189428482,False,자산부유-현금빈곤,5,2,B유형_자산소득불일치
612400152,후기고령자(75+),2291,61050,0.988198269079465,0.45395023987169353,0.7309898674489537,False,일반,4,3,D유형_여유자산가층
612400192,전기고령자(65-74),1040,46052,0.9550683742131539,0.5124999995072115,0.7192554268425198,False,자산부유-현금빈곤,4,1,B유형_자산소득불일치
612400332,전기고령자(65-74),6965,5340,0.0,0.22684852832349625,0.21333462256300456,False,일반,2,5,C유형_기타일반가구
612400362,전기고령자(65-74),13497,301580,0.3599712023038157,0.14077202340218034,0.4413790599502682,False,일반,5,5,D유형_여유자산가층
612400372,전기고령자(65-74),3386,5480,0.0,0.20082693437660162,0.11472916655438684,False,일반,2,4,C유형_기타일반가구
613000142,전기고령자(65-74),1833,48600,0.9876543209876543,0.3600654662520101,0.7335633234484609,False,자산부유-현금빈곤,4,2,B유형_자산소득불일치
613000152,전기고령자(65-74),1470,23260,0.7705479452054794,0.6122448975426905,0.6046750104712384,False,일반,3,2,C유형_기타일반가구
613000162,후기고령자(75+),747,10,0.0,0.4953145910370621,0.1422187498583216,False,일반,2,1,A유형_구조적취약층
613000192,전기고령자(65-74),4294,83450,0.0,0.24452724726489816,0.3298946866180388,False,일반,2,4,C유형_기타일반가구
613000342,전기고령자(65-74),1917,37180,0.32275416890801506,0.4068857587861837,0.4895345555310534,False,일반,3,3,C유형_기타일반가구
613100172,전기고령자(65-74),2791,50090,0.9968102073365231,0.25797205293515874,0.7190164332901312,False,일반,4,3,D유형_여유자산가층
613200122,전기고령자(65-74),2918,2780,0.0,0.3701165180362863,0.13480208319905895,False,일반,2,3,C유형_기타일반가구
613200152,후기고령자(75+),762,1182,0.0,0.4133858262291525,0.3856710124002166,False,일반,2,1,A유형_구조적취약층
613200312,후기고령자(75+),1667,40790,0.2353494939985879,0.41391721630838796,0.4641872415394359,False,일반,3,2,C유형_기타일반가구
613200322,후기고령자(75+),1125,325,0.0,0.21155555536750614,0.13828124986253254,False,일반,2,1,A유형_구조적취약층
613200362,전기고령자(65-74),4398,54321,0.7547725557335101,0.161437016789123,0.6084941795235379,False,일반,4,4,D유형_여유자산가층
613300192,후기고령자(75+),1353,130,0.0,0.41389504773548036,0.14295312485729156,False,일반,2,2,A유형_구조적취약층
613300302,전기고령자(65-74),3222,1030,0.0,0.41899441327777953,0.2909877822919914,False,일반,2,3,C유형_기타일반가구
613400102,전기고령자(65-74),2705,47144,0.953612070609676,0.5545286504419488,0.7098777790951604,False,일반,4,3,D유형_여유자산가층
613400122,전기고령자(65-74),974,2900,0.0,0.31827515367733555,0.13985416652751706,False,일반,2,1,A유형_구조적취약층
613400182,전기고령자(65-74),1928,100,0.0,0.31120331934066214,0.12991666653814465,False,일반,2,3,C유형_기타일반가구
613400332,전기고령자(65-74),2630,1000,0.0,0.15399239537871012,0.12260416654596498,False,일반,2,3,C유형_기타일반가구
614000102,전기고령자(65-74),6153,37700,0.9018567639257294,0.11701608969331771,0.6650383486565971,False,일반,4,5,D유형_여유자산가층
614000112,후기고령자(75+),2901,118700,0.992430613961312,0.620475697821277,0.7303522047438669,False,일반,5,3,D유형_여유자산가층
614000152,후기고령자(75+),9712,191100,0.837257980115123,0.19563426686618263,0.6017741640015114,False,일반,5,5,D유형_여유자산가층
614000192,전기고령자(65-74),5990,14550,0.0,0.1702838063154785,0.14539110070264682,False,일반,2,5,C유형_기타일반가구
614000322,후기고령자(75+),3818,67200,0.7142857142857143,0.29858564685736366,0.5391749351812992,False,일반,4,4,D유형_여유자산가층
614000392,후기고령자(75+),8114,54760,0.7147719537100068,0.1478925314089361,0.5641172518142656,False,일반,4,5,D유형_여유자산가층
614100132,전기고령자(65-74),1349,21820,0.916590284142988,0.5633802812725127,0.6859050530999331,False,일반,3,2,C유형_기타일반가구
614100142,전기고령자(65-74),5985,39000,0.5641025641025641,0.4093567250778017,0.5420420506267459,False,일반,3,5,C유형_기타일반가구
614100352,전기고령자(65-74),5490,51300,0.8737864077669902,0.2714025500416389,0.6699530809436139,False,일반,4,4,D유형_여유자산가층
614100382,후기고령자(75+),2863,28990,0.8278716798896171,0.2581208521627241,0.6169027701383992,False,일반,3,3,C유형_기타일반가구
614200132,전기고령자(65-74),992,6600,0.0,0.3588709673801704,0.1396666665277176,False,일반,2,1,A유형_구조적취약층
614200302,전기고령자(65-74),3247,21956,0.9292110153742186,0.17924237752410152,0.673706699367117,False,일반,3,3,C유형_기타일반가구
614200332,전기고령자(65-74),1565,49045,0.06306040003941275,0.4504792329389909,0.40357992994618475,False,일반,2,2,C유형_기타일반가구
614300302,전기고령자(65-74),1317,4216,0.0,0.4282460133422581,0.13628124986467144,False,일반,2,2,A유형_구조적취약층
614400112,후기고령자(75+),709,50,0.0,0.3977432998621392,0.1426145831912316,False,일반,2,1,A유형_구조적취약층
614400122,전기고령자(65-74),1817,18501,0.8648181179395709,0.2806824434338566,0.6661866065058191,False,일반,3,2,C유형_기타일반가구
614400352,전기고령자(65-74),1797,65375,0.994263862332696,0.4479688367011859,0.7278427847034663,False,일반,4,2,C유형_기타일반가구
614400362,후기고령자(75+),2576,131300,0.6473724295506473,0.3913043476741831,0.5259609164238234,False,일반,5,3,D유형_여유자산가층
615000132,전기고령자(65-74),3021,63574,0.943782049265423,0.6388613039924326,0.7087961083241153,False,일반,4,3,D유형_여유자산가층
615000152,후기고령자(75+),908,450,0.0,0.4096916295047449,0.14054166652678182,False,일반,2,1,A유형_구조적취약층
615000192,전기고령자(65-74),6342,66160,0.9796718099436689,0.09933774832870738,0.7072242172913863,False,일반,5,5,D유형_여유자산가층
615100112,후기고령자(75+),4132,230,0.0,0.0871248789721382,0.12847916653893474,False,일반,2,4,C유형_기타일반가구
615100342,전기고령자(65-74),7445,6888,0.0,0.12088650099115023,0.12414930543200464,False,일반,2,5,C유형_기타일반가구
615100372,전기고령자(65-74),3105,80500,0.7912957467853611,0.6570048307062787,0.6344492197810114,False,일반,5,3,D유형_여유자산가층
615200122,전기고령자(65-74),960,157764,0.9704968944099379,0.9999999989583334,0.7273012770251543,False,자산부유-현금빈곤,5,1,B유형_자산소득불일치
615200132,후기고령자(75+),627,6330,0.0,0.6220095683859497,0.1434687498569848,False,일반,2,1,A유형_구조적취약층
615200352,후기고령자(75+),3417,42750,0.4678362573099415,0.23412350007780994,0.5307441757511592,False,일반,3,4,C유형_기타일반가구
615200362,전기고령자(65-74),1435,969,0.0,0.4599303132683412,0.1350520831993193,False,일반,2,2,C유형_기타일반가구
615300182,전기고령자(65-74),3077,76010,0.9735561110380213,0.1676958075503101,0.723452789129597,False,일반,5,3,D유형_여유자산가층
615300362,전기고령자(65-74),964,1816,0.0,0.3921161821658546,0.13995833319407233,False,일반,2,1,A유형_구조적취약층
615400132,후기고령자(75+),1908,1410,0.0,0.31446540864021727,0.14337499985677835,False,일반,2,3,A유형_구조적취약층
615400342,전기고령자(65-74),2647,21216,0.9790850762436464,0.45712126918884727,0.7236677555924593,False,일반,3,3,C유형_기타일반가구
615400352,전기고령자(65-74),1700,15000,0.7333333333333333,0.2882352939480969,0.577294104319219,False,일반,3,2,C유형_기타일반가구
615400362,전기고령자(65-74),9257,36993,0.648771389181737,0.17716322780845162,0.5735004890783355,False,일반,3,5,C유형_기타일반가구
615400382,전기고령자(65-74),2368,18750,0.0,0.22381756747305,0.13866683912949687,False,일반,2,3,C유형_기타일반가구
615400392,전기고령자(65-74),4676,32551,0.4515990292156923,0.07271171940275625,0.44077643378464865,False,일반,3,4,C유형_기타일반가구
616000122,전기고령자(65-74),6459,25100,0.9960159362549801,0.10218300044864793,0.7309916779893684,False,일반,3,5,C유형_기타일반가구
616000302,전기고령자(65-74),6711,41700,0.47961630695443647,0.09238563551000065,0.48915026381327986,False,일반,3,5,C유형_기타일반가구
616100142,전기고령자(65-74),2791,-330,0.0,0.15406664272516424,0.2888397044057337,False,일반,2,3,C유형_기타일반가구
616100392,전기고령자(65-74),982,7940,0.8816120906801007,0.24439918508716987,0.6687409404954866,False,일반,3,1,C유형_기타일반가구
616200122,후기고령자(75+),1674,10080,0.0,0.800477896773908,0.14128124985902146,False,일반,2,2,A유형_구조적취약층
616200132,전기고령자(65-74),2360,8213,0.0,0.1652542372181126,0.3437124412610958,False,일반,2,3,C유형_기타일반가구
616200302,전기고령자(65-74),4336,71765,0.6409809795861492,0.13745387450704477,0.524990844988728,False,일반,4,4,D유형_여유자산가층
616200342,전기고령자(65-74),3636,101210,0.3644049267546097,0.19801980192573712,0.478460775380191,False,일반,4,4,D유형_여유자산가층
616300172,전기고령자(65-74),28658,1421401,0.24250805992859176,0.13259822736643875,0.34043141742223965,False,일반,5,5,D유형_여유자산가층
616300382,후기고령자(75+),1526,10300,0.970873786407767,0.3079947573342105,0.7245794967798564,False,일반,3,2,C유형_기타일반가구
616400102,후기고령자(75+),4581,87230,0.9265033407572383,0.36673215447135293,0.6820456274900875,False,일반,5,4,D유형_여유자산가층
616400172,전기고령자(65-74),4627,12180,0.0,0.28528204013717695,0.2869347840676846,False,일반,2,4,C유형_기타일반가구
617000102,전기고령자(65-74),1766,29410,0.9966777408637874,0.4077010190216868,0.7296140362997435,False,일반,4,2,C유형_기타일반가구
617000152,후기고령자(75+),566,90380,0.9404735560964815,0.9717314470464109,0.7083913435494777,False,자산부유-현금빈곤,5,1,B유형_자산소득불일치
617000192,전기고령자(65-74),2885,26074,0.8,0.2121317156977013,0.5999505053455643,False,일반,3,3,C유형_기타일반가구
617100302,전기고령자(65-74),1738,7600,0.9868421052631579,0.4556962022694498,0.7240042897776436,False,일반,3,2,C유형_기타일반가구
617100392,후기고령자(75+),1391,10550,0.9478672985781991,0.6038820987750667,0.7114786546324867,False,일반,3,2,C유형_기타일반가구
617200102,후기고령자(75+),4774,54190,0.9595866396014024,0.35609551731124933,0.7133227971753006,False,일반,4,4,D유형_여유자산가층
617200122,전기고령자(65-74),7738,206980,0.0,0.37089687252896136,0.22619979774882043,False,일반,2,5,C유형_기타일반가구
617200312,후기고령자(75+),1088,46,0.0,0.2941176467884948,0.33432137296039866,False,일반,2,1,A유형_구조적취약층
617200372,전기고령자(65-74),4187,127400,0.6279434850863422,0.28660138517157835,0.5351810026644022,False,일반,5,4,D유형_여유자산가층
617300102,전기고령자(65-74),1035,117900,0.9754028837998303,1.5072463753553174,0.7244636365412079,False,자산부유-현금빈곤,5,1,B유형_자산소득불일치
617300162,전기고령자(65-74),29243,2658600,0.0,0.07967718770031539,0.23810574664367692,False,일반,2,5,C유형_기타일반가구
617300192,후기고령자(75+),852,135150,0.9989297181591152,0.8802816891076506,0.740486063287481,False,자산부유-현금빈곤,5,1,B유형_자산소득불일치
617300302,전기고령자(65-74),5023,261380,0.36611214593101676,0.5176189527139918,0.48776991268925024,False,일반,5,4,D유형_여유자산가층
617300352,전기고령자(65-74),4983,57989,0.6458954879586627,0.26490066219849473,0.5721402872441642,False,일반,4,4,D유형_여유자산가층
617300382,후기고령자(75+),1758,10100,0.7425742574257426,0.36973833881129786,0.6136187824896875,False,일반,3,2,C유형_기타일반가구
617400102,전기고령자(65-74),3998,34770,0.0,0.12006002998497749,0.13061429640405114,False,일반,2,4,C유형_기타일반가구
617400152,전기고령자(65-74),1413,9510,0.0,0.5944798297278981,0.1426406248576149,False,일반,2,2,A유형_구조적취약층
617400312,전기고령자(65-74),5235,52652,0.9139097057210748,0.3514804201811881,0.6816948999349366,False,일반,4,4,D유형_여유자산가층
617400372,전기고령자(65-74),2192,84100,0.535077288941736,0.21897810208988228,0.5596906495335437,False,일반,4,3,D유형_여유자산가층
618000102,전기고령자(65-74),1151,644,0.0,0.21720243247853827,0.13801041652948884,False,일반,2,2,A유형_구조적취약층
618000122,전기고령자(65-74),957,337,0.0,0.3291536046717308,0.140031249860661,False,일반,2,1,A유형_구조적취약층
618000332,후기고령자(75+),1669,9558,0.9928855409081397,0.22408627907484344,0.7370418290441325,False,일반,3,2,C유형_기타일반가구
618100102,후기고령자(75+),1142,15010,0.0,0.3327495618802543,0.1381041665293886,False,일반,2,2,A유형_구조적취약층
618100132,전기고령자(65-74),5531,119000,0.9243697478991597,0.278430663482475,0.6842210183269064,False,일반,5,4,D유형_여유자산가층
618100342,전기고령자(65-74),1702,310,0.0,0.5052878962953655,0.1322708332022937,False,일반,2,2,C유형_기타일반가구
618200142,전기고령자(65-74),8884,254400,0.7607455306200076,0.3039171544007297,0.5772008482819923,False,일반,5,5,D유형_여유자산가층
618300302,후기고령자(75+),6230,157600,0.10106681639528355,0.19261637236073573,0.399138650278611,False,일반,3,5,C유형_기타일반가구
618300312,전기고령자(65-74),6706,32860,0.4564820450395618,0.23262749772850766,0.45485004873978563,False,일반,3,5,C유형_기타일반가구
618300362,전기고령자(65-74),6797,177620,0.5629996622002027,0.25599529200294313,0.4840697183230131,False,일반,5,5,D유형_여유자산가층
618300382,전기고령자(65-74),8219,100220,0.7982438635002993,0.20440442873775344,0.5996121489984708,False,일반,5,5,D유형_여유자산가층
618400382,후기고령자(75+),1119,517,0.0,0.4021447717585837,0.24088492553144564,False,일반,2,1,A유형_구조적취약층
618400392,전기고령자(65-74),2288,52410,0.8586147681740126,0.4239510487657557,0.6413383059204736,False,일반,4,3,D유형_여유자산가층
619100152,전기고령자(65-74),19281,585100,0.38199634612190664,0.103729059690694,0.3563888848884983,False,일반,5,5,D유형_여유자산가층
619200112,전기고령자(65-74),3867,35500,0.0,0.5430566329084415,0.3777676116824646,False,일반,2,4,C유형_기타일반가구
619200152,후기고령자(75+),1178,2000,0.0,0.3565365022440267,0.13772916652978964,False,일반,2,2,A유형_구조적취약층
619300312,전기고령자(65-74),1191,1660,0.0,0.6213266157671481,0.13759374986326778,False,일반,2,2,A유형_구조적취약층
619400312,전기고령자(65-74),6463,48870,0.7161857990587273,0.06498530093377916,0.5537258571613212,False,일반,4,5,D유형_여유자산가층
630000232,전기고령자(65-74),4120,37000,0.7297297297297297,0.2985436892479263,0.5772509078682264,False,일반,3,4,C유형_기타일반가구
630000242,전기고령자(65-74),5389,99279,0.3891845610484632,0.17442939317601977,0.452741687236228,False,일반,4,4,D유형_여유자산가층
630000252,후기고령자(75+),2821,18660,0.9110396570203644,0.25168379998167895,0.6859533784948869,False,일반,3,3,C유형_기타일반가구
630200282,후기고령자(75+),802,1330,0.0,0.598503739902115,0.14164583319226762,False,일반,2,1,A유형_구조적취약층
630300242,전기고령자(65-74),1292,200,0.0,0.6656346744074034,0.1365416665310596,False,일반,2,2,A유형_구조적취약층
630400252,전기고령자(65-74),9808,66800,0.5239520958083832,0.19575856441723505,0.5188299078111993,False,일반,4,5,D유형_여유자산가층
631200212,전기고령자(65-74),1690,28950,0.9671848013816926,0.2627218933356675,0.7279886949328042,False,일반,3,2,C유형_기타일반가구
631200232,후기고령자(75+),1568,1060,0.0,0.14030612235949863,0.13366666653413423,False,일반,2,2,C유형_기타일반가구
631300222,후기고령자(75+),3171,8500,0.0,0.3058971932179448,0.1524928853725661,False,일반,2,3,C유형_기타일반가구
631300232,전기고령자(65-74),2542,62965,0.791407574901074,1.101494885483283,0.6480692719748443,False,일반,5,3,D유형_여유자산가층
631300292,전기고령자(65-74),-332,15200,0.9210526315789473,,0.7026345593199522,True,일반,3,1,C유형_기타일반가구
631400272,전기고령자(65-74),2765,20379,0.8759550343082388,0.21699819160325565,0.6467737717193541,False,일반,3,3,C유형_기타일반가구
631400292,후기고령자(75+),1569,1400,0.0,0.09560229439413492,0.13365624986747873,False,일반,2,2,C유형_기타일반가구
632000292,후기고령자(75+),940,8020,0.9975062344139651,0.38297872299683117,0.738715301768317,False,일반,3,1,C유형_기타일반가구
632100242,전기고령자(65-74),2494,25400,0.0,0.18444266231578083,0.1240208332111166,False,일반,2,3,C유형_기타일반가구
632100272,전기고령자(65-74),903,310,0.0,0.4651162785546885,0.14059374986005946,False,일반,2,1,A유형_구조적취약층
632200202,후기고령자(75+),-83,4000,0.0,,0.14999999984999998,False,일반,2,1,A유형_구조적취약층
632200242,후기고령자(75+),784,13120,0.6097560975609756,0.9795918354852144,0.5076889648969136,False,일반,3,1,C유형_기타일반가구
632200262,후기고령자(75+),844,12500,0.96,0.33175355410929674,0.7222115044687648,False,일반,3,1,C유형_기타일반가구
632200292,전기고령자(65-74),3897,1250,0.0,0.10777521167365275,0.1594068970926024,False,일반,2,4,C유형_기타일반가구
632300212,전기고령자(65-74),6785,45870,0.8720296490080662,0.2151805452888459,0.6555513403238934,False,일반,4,5,D유형_여유자산가층
633000212,후기고령자(75+),535,1510,0.9933774834437086,0.3177570087518561,0.7404567878210299,False,일반,2,1,A유형_구조적취약층
633000222,전기고령자(65-74),4918,101130,0.17741506253880954,0.11793411953681697,0.43404443574150026,False,일반,3,4,C유형_기타일반가구
633100202,전기고령자(65-74),2072,380,0.0,0.29922779908338426,0.13920833319449968,False,일반,2,3,A유형_구조적취약층
633300202,전기고령자(65-74),2537,10170,0.0,0.16160819859613396,0.14173049055025447,False,일반,2,3,C유형_기타일반가구
633300232,전기고령자(65-74),922,282,0.0,0.6399132314100724,0.14039583319360444,False,일반,2,1,A유형_구조적취약층
710000152,후기고령자(75+),2193,21902,0.0,0.2462380299834756,0.13857812486181845,False,일반,2,3,A유형_구조적취약층
710000162,전기고령자(65-74),8931,583190,0.27963771380633534,0.19258761614683825,0.45019563850366145,False,일반,5,5,D유형_여유자산가층
710000322,후기고령자(75+),1576,45100,0.998003992015968,0.32360406070837305,0.7323889579473453,False,일반,4,2,C유형_기타일반가구
710100152,전기고령자(65-74),2093,5952,0.0,0.5255613948755082,0.12819791653998278,False,일반,2,3,C유형_기타일반가구
710100162,후기고령자(75+),1014,102300,0.9775171065493646,0.5719921098895542,0.7259509270323108,False,자산부유-현금빈곤,5,1,B유형_자산소득불일치
710100362,후기고령자(75+),3859,127900,0.6594259115593484,0.5234516712818214,0.5957690958641425,False,일반,5,4,D유형_여유자산가층
710200112,후기고령자(75+),1816,34200,0.8771929824561403,0.4735682816775505,0.6574019612701849,False,일반,4,2,C유형_기타일반가구
710200182,후기고령자(75+),1407,60,0.0,0.5756929633435017,0.13534374986567405,False,일반,2,2,C유형_기타일반가구
710200322,전기고령자(65-74),8610,34092,0.8477062067347179,0.14959349591758495,0.6295006190892726,False,일반,3,5,C유형_기타일반가구
710200382,전기고령자(65-74),4492,81470,0.8842710290704101,0.37399821897284097,0.6599330282151514,False,일반,5,4,D유형_여유자산가층
710300112,전기고령자(65-74),13404,336400,0.8757845569989783,0.2536556251675876,0.6629479792340244,False,일반,5,5,D유형_여유자산가층
710300332,전기고령자(65-74),10316,83120,0.7956152758132956,0.15732842185369053,0.6339856594976987,False,일반,5,5,D유형_여유자산가층
710300342,전기고령자(65-74),9544,149500,0.6354515050167224,0.24622799662130887,0.49947188028205286,False,일반,5,5,D유형_여유자산가층
710300352,후기고령자(75+),5067,76260,0.996590611067401,0.21886717974760858,0.7215669664809269,False,일반,5,4,D유형_여유자산가층
710301152,후기고령자(75+),763,1005,0.0,0.32765399694933944,0.14205208319183318,False,일반,2,1,A유형_구조적취약층
710400152,전기고령자(65-74),2052,5470,0.0,0.2923976606762195,0.1393124998610586,False,일반,2,3,A유형_구조적취약층
710400162,후기고령자(75+),884,6050,0.0,0.29411764672611124,0.14079166652651445,False,일반,2,1,A유형_구조적취약층
710400182,후기고령자(75+),4049,99963,0.9775353076443261,0.38528031603228446,0.7154358060920445,False,일반,5,4,D유형_여유자산가층
710400192,전기고령자(65-74),2167,110253,0.8163043182498435,0.43377941835081707,0.6172123157148462,False,일반,5,3,D유형_여유자산가층
710400312,전기고령자(65-74),3983,577,0.0,0.24102435344187187,0.18986205329472525,False,일반,2,4,C유형_기타일반가구
710401112,전기고령자(65-74),1385,60876,0.9856100926473487,0.6064981945079435,0.7269421615507711,False,일반,4,2,C유형_기타일반가구
710401132,전기고령자(65-74),2530,232100,0.8435259384226065,0.4822134385445797,0.6434684197660147,False,일반,5,3,D유형_여유자산가층
710401152,전기고령자(65-74),3740,246200,0.6498781478472786,0.2994652405616403,0.5287706864132008,False,일반,5,4,D유형_여유자산가층
710401192,후기고령자(75+),6909,70018,0.9997429232483076,0.16210739612648611,0.7138646140002672,False,일반,5,5,D유형_여유자산가층
711000112,전기고령자(65-74),2065,5050,0.0,0.3486682807028241,0.1639975871709585,False,일반,2,3,A유형_구조적취약층
711000162,후기고령자(75+),4429,65370,0.9943399112742849,0.25739444564068764,0.7314199137768521,False,일반,4,4,D유형_여유자산가층
711000172,전기고령자(65-74),5033,50810,0.6691596142491636,0.3973773096766586,0.5840826340422584,False,일반,4,4,D유형_여유자산가층
711100102,전기고령자(65-74),9549,74100,0.0,0.14137606030564706,0.29487055652728655,False,일반,2,5,C유형_기타일반가구
711100152,후기고령자(75+),2300,117000,0.0,0.8478260865879017,0.3498879823448371,False,일반,2,3,C유형_기타일반가구
711100172,후기고령자(75+),993,100900,0.9415262636273538,1.6112789510460435,0.709746929806938,False,자산부유-현금빈곤,5,1,B유형_자산소득불일치
711100322,후기고령자(75+),10189,45356,0.49966124661246614,0.2708803611472293,0.5354048112304506,False,일반,4,5,D유형_여유자산가층
711200182,전기고령자(65-74),4449,86020,0.988793671720501,0.07417397166235694,0.7201075276385924,False,일반,5,4,D유형_여유자산가층
711200192,후기고령자(75+),1821,16660,0.0,0.274574409514237,0.3825693083047289,False,일반,2,2,A유형_구조적취약층
711300152,후기고령자(75+),3473,73200,0.0,0.5470774544926353,0.25391003432619885,False,일반,2,4,C유형_기타일반가구
711300322,전기고령자(65-74),5528,121614,0.4192461953407773,0.1801736613277544,0.5051604169361021,False,일반,4,4,D유형_여유자산가층
711300332,전기고령자(65-74),7005,169200,0.8321198252548367,0.29407566020070297,0.6262518751540673,False,일반,5,5,D유형_여유자산가층
711300342,후기고령자(75+),3497,216000,0.5092592592592593,0.6462682297265462,0.4408159288852448,False,일반,5,4,D유형_여유자산가층
711300392,전기고령자(65-74),511,25600,0.9289617486338798,1.9569471585969722,0.7020571384858083,False,자산부유-현금빈곤,4,1,B유형_자산소득불일치
711301102,전기고령자(65-74),15357,370400,0.26617526617526616,0.20967636906884962,0.39797730460381286,False,일반,5,5,D유형_여유자산가층
711400102,전기고령자(65-74),5490,44850,0.8918617614269788,0.13479052820859916,0.6565261927968202,False,일반,4,4,D유형_여유자산가층
711400152,후기고령자(75+),8394,4510,0.9939652112176074,0.14415058373312478,0.7297823234916617,False,일반,5,5,D유형_여유자산가층
711400172,후기고령자(75+),2145,47600,0.9981851179673321,0.38041958024222866,0.7265705507772919,False,일반,4,3,D유형_여유자산가층
711400182,전기고령자(65-74),4595,92144,0.7151614221495709,0.41784548413104555,0.5551668757573035,False,일반,5,4,D유형_여유자산가층
711400302,전기고령자(65-74),1938,32230,0.8377288240769469,0.47368421028189667,0.6324525052048379,False,일반,3,3,C유형_기타일반가구
711400312,전기고령자(65-74),7506,16500,0.0,0.11990407672263467,0.15636138370789632,False,일반,2,5,C유형_기타일반가구
711400392,전기고령자(65-74),3106,10920,0.0,0.23502897609947554,0.34429711859887635,False,일반,2,3,C유형_기타일반가구
712000102,후기고령자(75+),1767,54400,0.998389694041868,0.3599320880815325,0.739833922069648,False,자산부유-현금빈곤,4,2,B유형_자산소득불일치
712000112,후기고령자(75+),5179,158826,0.6296198355432989,0.34755744345480644,0.5835960603889837,False,일반,5,4,D유형_여유자산가층
712000152,후기고령자(75+),1812,10,0.0,0.811258277697981,0.13112499987018575,False,일반,2,2,C유형_기타일반가구
712000172,후기고령자(75+),1218,23050,0.0,0.252873563010777,0.13731249986356855,False,일반,2,2,A유형_구조적취약층
712100112,전기고령자(65-74),2489,48255,0.8728288382648163,0.220972277934523,0.6738291876684281,False,일반,4,3,D유형_여유자산가층
712100162,후기고령자(75+),1435,10400,0.9868421052631579,0.4682926826004929,0.7271605397742682,False,일반,4,2,C유형_기타일반가구
712100302,후기고령자(75+),6775,184648,0.8123564836878818,0.16014760145237672,0.6028070330472114,False,일반,5,5,D유형_여유자산가층
712200182,전기고령자(65-74),6754,100290,0.7948335817188277,0.3849570624244955,0.6183546546577486,False,일반,5,5,D유형_여유자산가층
712200192,후기고령자(75+),1327,24600,0.8943089430894309,0.8651092683759538,0.6837418946258197,False,일반,3,2,C유형_기타일반가구
712200302,후기고령자(75+),760,48,0.0,0.4736842099030471,0.14208333319179975,False,일반,2,1,A유형_구조적취약층
712200352,전기고령자(65-74),2482,28760,0.9445843828715366,0.14987912967369899,0.7034941410658936,False,일반,4,3,D유형_여유자산가층
712300122,후기고령자(75+),2387,49344,0.9727626459143969,0.5865102636839086,0.7212284436008161,False,일반,4,3,D유형_여유자산가층
712300332,전기고령자(65-74),533,43400,0.9907834101382489,0.6191369594387675,0.7392091909379399,False,자산부유-현금빈곤,4,1,B유형_자산소득불일치
712300352,전기고령자(65-74),3330,53654,0.708241696798002,0.40540540528366203,0.6032671023785943,False,일반,4,4,D유형_여유자산가층
712300362,후기고령자(75+),5864,52320,0.8600917431192661,0.1944065483979525,0.6355161623398909,False,일반,4,5,D유형_여유자산가층
712400112,전기고령자(65-74),3938,35130,0.9962994591517221,0.33011681047990943,0.7272724827166023,False,일반,4,4,D유형_여유자산가층
712400372,전기고령자(65-74),10314,135700,0.26548672566371684,0.07756447546271432,0.4453503414552069,False,일반,4,5,D유형_여유자산가층
713000112,전기고령자(65-74),3320,88400,0.7352941176470589,0.24096385534910728,0.5755840377412051,False,일반,4,4,D유형_여유자산가층
713000132,전기고령자(65-74),1362,49300,0.9939148073022313,0.2496328926214149,0.7321646005508008,False,일반,4,2,C유형_기타일반가구
713000152,전기고령자(65-74),3314,14148,0.8100624484505715,0.19915509951745472,0.6197370325522019,False,일반,3,4,C유형_기타일반가구
713000182,전기고령자(65-74),8480,113768,0.7471345193727585,0.23113207544444198,0.5811445890939414,False,일반,5,5,D유형_여유자산가층
713000322,후기고령자(75+),966,20690,0.9666505558240696,0.23602484447616476,0.7199309614324849,False,일반,3,1,C유형_기타일반가구
713100122,후기고령자(75+),671,1170,0.0,1.0730253337212736,0.14650520818694945,False,일반,2,1,A유형_구조적취약층
713100302,후기고령자(75+),1478,80400,0.9950248756218906,0.9472259804145967,0.7393202284608987,False,자산부유-현금빈곤,5,2,B유형_자산소득불일치
713100332,후기고령자(75+),1645,16020,0.9675405742821473,0.4376899693387903,0.7133920587283252,False,일반,3,2,C유형_기타일반가구
713200132,후기고령자(75+),841,730,0.0,0.43995243705118614,0.1412395831927021,False,일반,2,1,A유형_구조적취약층
713200152,전기고령자(65-74),745,4265,0.0,0.4966442946353768,0.14223958319163266,False,일반,2,1,A유형_구조적취약층
713200182,전기고령자(65-74),13326,289850,0.3391555027980329,0.09755365450265993,0.32669511064215273,False,일반,5,5,D유형_여유자산가층
713300142,전기고령자(65-74),665,5040,0.0,0.7218045101927751,0.14307291652407478,False,일반,2,1,A유형_구조적취약층
713300172,후기고령자(75+),3098,33420,0.8976660682226212,0.1710781148576249,0.6615681655061638,False,일반,4,3,D유형_여유자산가층
713300352,전기고령자(65-74),6333,94340,0.8038925322614766,0.24632875410605892,0.602368381650868,False,일반,5,5,D유형_여유자산가층
713300392,후기고령자(75+),2737,9210,0.0,0.4106686151221525,0.13574479153141683,False,일반,2,3,C유형_기타일반가구
713400132,후기고령자(75+),3917,39850,0.0,0.11743681385819842,0.31874820701944495,False,일반,2,4,C유형_기타일반가구
713400172,전기고령자(65-74),640,-1890,0.0,0.9531249985107422,0.3870543934392967,False,일반,2,1,A유형_구조적취약층
713400182,전기고령자(65-74),3277,12160,0.0,0.25633201090743607,0.13293229153432698,False,일반,2,3,C유형_기타일반가구
713400302,전기고령자(65-74),2405,23500,0.0,0.1912681911886619,0.12494791654345846,False,일반,2,3,C유형_기타일반가구
713400342,후기고령자(75+),1967,20,0.0,0.30757498713392223,0.13975520819393383,False,일반,2,3,A유형_구조적취약층
713400392,전기고령자(65-74),10390,40370,0.0,0.13474494705151635,0.27185554578058485,False,일반,2,5,C유형_기타일반가구
714000182,전기고령자(65-74),1963,40690,0.9830425165888425,0.3464085581526192,0.7193807742801073,False,일반,4,3,D유형_여유자산가층
714000312,전기고령자(65-74),1880,14974,0.6678242286630159,0.33829787216047985,0.5311133648119175,False,일반,3,2,C유형_기타일반가구
714100102,전기고령자(65-74),2558,62550,0.9789259007477906,0.2658326816787206,0.7289644752284227,False,일반,5,3,D유형_여유자산가층
714100112,전기고령자(65-74),4563,15430,0.9984025559105432,0.28709182549044665,0.7252791392475423,False,일반,3,4,C유형_기타일반가구
714100142,전기고령자(65-74),6948,123980,0.9486166007905138,0.17271157165044448,0.6835784231310217,False,일반,5,5,D유형_여유자산가층
714100192,전기고령자(65-74),10700,98244,0.8139676854828863,0.15140186914472878,0.5907938607415356,False,일반,5,5,D유형_여유자산가층
714100362,후기고령자(75+),1668,4120,0.9892086330935251,0.5035971220002415,0.7348408807902329,False,일반,3,2,C유형_기타일반가구
714200132,전기고령자(65-74),1733,2590,0.0,0.41546451216649477,0.13194791653597238,False,일반,2,2,C유형_기타일반가구
714200162,전기고령자(65-74),7424,98048,0.9350121996829863,0.26400862065409364,0.689351127031606,False,일반,5,5,D유형_여유자산가층
714200302,전기고령자(65-74),4573,9500,0.0,0.2886507762325277,0.18131297354878673,False,일반,2,4,C유형_기타일반가구
714200322,후기고령자(75+),2317,48260,0.9946125155408205,0.25895554585284614,0.7236713792100712,False,일반,4,3,D유형_여유자산가층
714200352,후기고령자(75+),2491,35000,0.7714285714285715,0.18787635480213716,0.5998856807269655,False,일반,3,3,C유형_기타일반가구
714200362,후기고령자(75+),9521,49250,0.0,0.28568427683166847,0.27593186485356075,False,일반,2,5,C유형_기타일반가구
714300302,전기고령자(65-74),2161,16300,0.9940476190476191,0.18047200361847665,0.723921371370046,False,일반,3,3,C유형_기타일반가구
714300362,전기고령자(65-74),7375,100600,0.0,0.1871186440424246,0.34270485316300414,False,일반,2,5,C유형_기타일반가구
714400132,후기고령자(75+),1393,70400,0.0,1.2060301498879897,0.14345502799007134,False,일반,2,2,A유형_구조적취약층
714400142,전기고령자(65-74),3052,8300,0.0,0.1952817823737609,0.11820833321733275,False,일반,2,3,C유형_기타일반가구
714400172,후기고령자(75+),3662,114500,0.74235807860262,0.4096122336401933,0.5828946357589064,False,일반,5,4,D유형_여유자산가층
714400182,후기고령자(75+),2047,1355,0.0,0.23448949671006863,0.128677083206137,False,일반,2,3,C유형_기타일반가구
714400312,전기고령자(65-74),4743,42552,0.8225230306448581,0.3664347458641293,0.6204584222984094,False,일반,4,4,D유형_여유자산가층
715000132,후기고령자(75+),1893,339065,0.0,1.3470681450887119,0.34524929326487197,False,일반,2,2,A유형_구조적취약층
715000142,후기고령자(75+),1551,108300,0.8105646630236795,0.9413281747638116,0.6624167431969616,False,자산부유-현금빈곤,5,2,B유형_자산소득불일치
715000152,전기고령자(65-74),890,350,0.0,0.6067415723519758,0.1407291665265813,False,일반,2,1,A유형_구조적취약층
715000302,전기고령자(65-74),5283,50917,0.48279191668390925,0.2612152185763363,0.5287783977642724,False,일반,3,4,C유형_기타일반가구
715000362,후기고령자(75+),1110,23050,0.9978308026030369,0.6756756750669588,0.7371392104006218,False,일반,3,1,C유형_기타일반가구
715100102,후기고령자(75+),863,170,0.0,0.4866743910930772,0.14101041652628052,False,일반,2,1,A유형_구조적취약층
715100112,후기고령자(75+),1446,280,0.0,0.6708160437961161,0.14246874985779273,False,일반,2,2,A유형_구조적취약층
715100332,후기고령자(75+),861,760,0.0,0.6097560968527804,0.14103124985959156,False,일반,2,1,A유형_구조적취약층
715100342,전기고령자(65-74),-1,-109498,0.0,,0.14999999984999998,False,일반,2,1,A유형_구조적취약층
715100382,후기고령자(75+),1841,39032,0.9991801598688256,0.36501901120857194,0.739922787457499,False,자산부유-현금빈곤,4,2,B유형_자산소득불일치
715200122,전기고령자(65-74),1801,3442,0.0,0.21987784551922385,0.23292596623486883,False,일반,2,2,C유형_기타일반가구
715200342,전기고령자(65-74),3212,48760,0.306873977086743,0.10585305102557502,0.46433528545198954,False,일반,4,3,D유형_여유자산가층
715200372,전기고령자(65-74),20742,145000,0.4672897196261682,0.11088612476565007,0.49626136549035904,False,일반,5,5,D유형_여유자산가층
715300162,전기고령자(65-74),1010,10890,0.0,0.3762376233898637,0.1447395831887764,False,일반,2,1,A유형_구조적취약층
715300302,전기고령자(65-74),4595,90660,0.8934480476505625,0.3895538628096727,0.6663585428291599,False,일반,5,4,D유형_여유자산가층
715300332,전기고령자(65-74),9894,54300,0.9023941068139963,0.1394784717869943,0.6679758146883572,False,일반,4,5,D유형_여유자산가층
715400142,후기고령자(75+),1779,2050,0.0,0.4215851599653821,0.14073437485958734,False,일반,2,2,A유형_구조적취약층
715400332,후기고령자(75+),7656,26850,0.8566108007448789,0.06792058515309292,0.6380609135560913,False,일반,3,5,C유형_기타일반가구
716000102,전기고령자(65-74),1074,58570,0.9929254064788383,0.8938547477710849,0.740785293257489,False,자산부유-현금빈곤,5,1,B유형_자산소득불일치
716000112,전기고령자(65-74),5927,6659,0.0,0.24633035258202624,0.13039330639800278,False,일반,2,5,C유형_기타일반가구
716000122,전기고령자(65-74),3912,61601,0.3604902667627974,0.2811860939976518,0.48476392187944506,False,일반,4,4,D유형_여유자산가층
716000362,전기고령자(65-74),8281,193240,0.3755163349605708,0.12075836250202168,0.47370535831301813,False,일반,5,5,D유형_여유자산가층
716100102,전기고령자(65-74),1132,-2870,0.0,0.37102473465457175,0.13820833319594386,False,일반,2,1,A유형_구조적취약층
716100112,후기고령자(75+),1418,68800,0.9915014164305949,0.49365303209192307,0.7301332248853863,False,일반,5,2,C유형_기타일반가구
716100182,전기고령자(65-74),4397,35872,0.7634559104211732,0.2729133499493033,0.5928086555474463,False,일반,4,4,D유형_여유자산가층
716100342,후기고령자(75+),3346,155660,0.18908357494012354,0.29139270762361247,0.4114739430029518,False,일반,4,4,D유형_여유자산가층
716100372,전기고령자(65-74),1930,-1322,0.0,0.19170984446025396,0.1298958332048336,False,일반,2,3,C유형_기타일반가구
716100392,후기고령자(75+),2083,9800,0.0,0.34565530468283473,0.13915104152789232,False,일반,2,3,A유형_구조적취약층
716400152,전기고령자(65-74),11466,12000,0.0,0.12210012208947321,0.13310446319036268,False,일반,2,5,C유형_기타일반가구
716400332,전기고령자(65-74),1572,11650,0.0,0.09033078874660891,0.1497196287942899,False,일반,2,2,C유형_기타일반가구
716400362,후기고령자(75+),931,80,0.0,0.3222341564745068,0.1403020831937047,False,일반,2,1,A유형_구조적취약층
716400372,후기고령자(75+),5435,106250,0.7445323406235458,0.28518859240382916,0.6382279867846037,False,일반,5,4,D유형_여유자산가층
717000162,후기고령자(75+),2644,164810,0.9765148186123724,0.506807866676699,0.7276341846509851,False,일반,5,3,D유형_여유자산가층
717000382,후기고령자(75+),988,18180,0.0,0.6781376511354882,0.13970833319433967,False,일반,2,1,A유형_구조적취약층
717100392,후기고령자(75+),656,25004,0.9998400255959047,0.9146341449472041,0.7430739173597891,False,일반,3,1,C유형_기타일반가구
717200102,후기고령자(75+),7982,48125,0.9248554913294798,0.21548484086501066,0.6735702706799733,False,일반,4,5,D유형_여유자산가층
717200172,전기고령자(65-74),14696,123360,0.8774728781110402,0.27218290689492497,0.6457206972143572,False,일반,5,5,D유형_여유자산가층
717200302,후기고령자(75+),987,30,0.0,0.15704153986115346,0.13971874986099522,False,일반,2,1,A유형_구조적취약층
717300102,전기고령자(65-74),1957,133170,0.8635578583765112,0.19417475718233276,0.6869494566970822,False,일반,5,3,D유형_여유자산가층
717300192,전기고령자(65-74),911,91400,0.9861932938856016,0.32930845188879426,0.7322295841756794,False,자산부유-현금빈곤,5,1,B유형_자산소득불일치
717300312,전기고령자(65-74),3511,79620,0.0,0.43150099674408976,0.28269129175050844,False,일반,2,4,C유형_기타일반가구
717300382,후기고령자(75+),1209,118765,0.05720423819844786,0.6120760954407972,0.4030321022417085,False,일반,3,2,C유형_기타일반가구
717400172,후기고령자(75+),1965,1800,0.0,0.16793893121224482,0.1295312498718902,False,일반,2,3,C유형_기타일반가구
717400192,후기고령자(75+),5,75050,0.9795102448775612,607.9998784000243,0.7376832748010806,False,자산부유-현금빈곤,5,1,B유형_자산소득불일치
717400302,전기고령자(65-74),14662,159100,0.3367734926670288,0.06956758968288312,0.4196459741585253,False,일반,4,5,D유형_여유자산가층
717400322,전기고령자(65-74),5741,99234,0.7635942923254917,0.4354642047665103,0.6325757660880336,False,일반,5,5,D유형_여유자산가층
717400332,전기고령자(65-74),7361,159600,0.5639097744360902,0.35538649635166597,0.4554916747995767,False,일반,5,5,D유형_여유자산가층
717400342,전기고령자(65-74),3524,62600,0.7987220447284346,0.3688989783289163,0.6152746728092411,False,일반,4,4,D유형_여유자산가층
718000102,전기고령자(65-74),2498,18550,0.9973045822102425,0.2241793433850363,0.7223651431442272,False,일반,3,3,C유형_기타일반가구
718000162,후기고령자(75+),6312,77900,0.5946481665014867,0.3422053231397013,0.5839834679886595,False,일반,4,5,D유형_여유자산가층
718000322,전기고령자(65-74),9871,55126,0.3265246888945325,0.13068584741863176,0.3779053386872408,False,일반,3,5,C유형_기타일반가구
718000332,전기고령자(65-74),10321,100020,0.10340538018970612,0.08720085262211018,0.3593094604064283,False,일반,3,5,C유형_기타일반가구
718100122,전기고령자(65-74),9975,52609,0.3421467809690357,0.1323308270544029,0.3050468067193325,False,일반,3,5,C유형_기타일반가구
718100172,전기고령자(65-74),3388,206100,0.970402717127608,0.3099173552804258,0.7152054465795036,False,일반,5,4,D유형_여유자산가층
718100322,후기고령자(75+),2154,41550,0.0,0.26462395530890254,0.38547517707782675,False,일반,2,3,A유형_구조적취약층
718200132,후기고령자(75+),15109,373500,0.9370816599732262,0.47653716324862416,0.6336931905158456,False,일반,5,5,D유형_여유자산가층
718200142,후기고령자(75+),27872,368000,0.5080213903743316,0.07319173363686884,0.4105849469020387,False,일반,5,5,D유형_여유자산가층
718200352,전기고령자(65-74),1549,1890,0.0,0.2905100062682311,0.14641704693260338,False,일반,2,2,C유형_기타일반가구
718200372,전기고령자(65-74),2082,500,0.0,0.3602305473774109,0.12831249987319354,False,일반,2,3,C유형_기타일반가구
718300162,후기고령자(75+),2051,225100,0.9329187027987561,0.3656752801727571,0.6883896571399108,False,일반,5,3,D유형_여유자산가층
718300352,전기고령자(65-74),5067,47120,0.6045949214026602,0.12433392537510678,0.46350450857383096,False,일반,4,4,D유형_여유자산가층
718400132,전기고령자(65-74),2932,250,0.0,0.2455661663555368,0.33473175532922633,False,일반,2,3,C유형_기타일반가구
718400342,후기고령자(75+),1306,90200,0.9977827050997783,0.4318529858867894,0.7350686850785401,False,자산부유-현금빈곤,5,2,B유형_자산소득불일치
718400382,후기고령자(75+),1215,48600,0.6790123456790124,0.3621399173974157,0.621914847143484,False,자산부유-현금빈곤,4,2,B유형_자산소득불일치
718400392,전기고령자(65-74),3246,45960,0.97911227154047,0.12322858899469237,0.723284072709435,False,일반,4,3,D유형_여유자산가층
719000102,전기고령자(65-74),6647,223850,0.4914004914004914,0.1955769519790015,0.46668009429910806,False,일반,5,5,D유형_여유자산가층
719000152,전기고령자(65-74),6090,27700,0.9915014164305949,0.13957307058463495,0.7131853082357432,False,일반,4,5,D유형_여유자산가층
719100162,전기고령자(65-74),15507,379200,0.5865102639296188,0.1741149158332292,0.5237205746428315,False,일반,5,5,D유형_여유자산가층
719100182,전기고령자(65-74),14432,302700,0.4023133014835303,0.22865853656952198,0.4555882620507842,False,일반,5,5,D유형_여유자산가층
719200132,전기고령자(65-74),4586,164000,0.979381443298969,0.5058874835355675,0.7155507655257001,False,일반,5,4,D유형_여유자산가층
719300142,전기고령자(65-74),6013,153010,0.9201889454634685,0.3259604190377581,0.670798636554852,False,일반,5,5,D유형_여유자산가층
719400162,후기고령자(75+),806,140,0.0,0.6699751852729836,0.14160416652564553,False,일반,2,1,A유형_구조적취약층
719400192,전기고령자(65-74),4414,2733020,0.10645772563714949,0.2831898504116017,0.4127195535964914,False,일반,5,4,D유형_여유자산가층
719400302,전기고령자(65-74),3803,17020,0.763807285546416,0.19721272674277868,0.5899484303863737,False,일반,3,4,C유형_기타일반가구
719400312,전기고령자(65-74),7042,128700,0.21629416005767843,0.10650383412290487,0.41718803183915376,False,일반,4,5,D유형_여유자산가층
730000222,전기고령자(65-74),934,25896,0.7642563198118754,0.4710920765834132,0.6576168068522402,False,일반,3,1,C유형_기타일반가구
730000232,전기고령자(65-74),14754,92040,0.27162103433289875,0.14640097599658392,0.2817768374884797,False,일반,3,5,C유형_기타일반가구
730100252,전기고령자(65-74),1100,1507,0.0,0.2727272724793388,0.1385416665289207,False,일반,2,1,A유형_구조적취약층
730200212,전기고령자(65-74),1937,15764,0.0,0.3562209600639024,0.2560659241106813,False,일반,2,3,C유형_기타일반가구
730200222,전기고령자(65-74),2455,24010,0.20824656393169513,0.3828920568705124,0.4440887530609101,False,일반,2,3,C유형_기타일반가구
730200292,전기고령자(65-74),4336,34103,0.3518752015951676,0.25369003684186114,0.3385429261638613,False,일반,3,4,C유형_기타일반가구
730300262,전기고령자(65-74),4607,18085,0.71882775781034,0.19969611456485864,0.5591704006221386,False,일반,3,4,C유형_기타일반가구
730400212,후기고령자(75+),2032,10,0.0,0.2952755904058683,0.1288333332059699,False,일반,2,3,C유형_기타일반가구
730400232,후기고령자(75+),1046,3109,0.9919404835709857,0.7265774371638838,0.7342716665862963,False,일반,3,1,C유형_기타일반가구
730400262,후기고령자(75+),1901,29410,0.9860591635498129,0.5239347708974567,0.7317376472069239,False,일반,3,2,C유형_기타일반가구
731000222,후기고령자(75+),2274,17730,0.0,0.3781882144335144,0.13815624986225497,False,일반,2,3,C유형_기타일반가구
731100202,후기고령자(75+),1296,8,0.0,0.5092592588663123,0.13649999986443748,False,일반,2,2,A유형_구조적취약층
731200232,후기고령자(75+),890,3,0.0,0.3258426962630981,0.1407291665265813,False,일반,2,1,A유형_구조적취약층
731200282,전기고령자(65-74),3218,154350,0.3952057013281503,0.9788688623434217,0.45863761384488544,False,일반,4,3,D유형_여유자산가층
731300292,후기고령자(75+),3298,15600,0.9615384615384616,0.2698605214463734,0.7097491049920828,False,일반,3,4,C유형_기타일반가구
731400202,후기고령자(75+),1647,-230,0.0,0.2367941710766277,0.14142187485887595,False,일반,2,2,A유형_구조적취약층
731400262,후기고령자(75+),1511,50,0.0,0.3044341493683427,0.13426041653349927,False,일반,2,2,C유형_기타일반가구
732000232,후기고령자(75+),4456,41200,0.995575221238938,0.448833034010585,0.7241400209614257,False,일반,4,4,D유형_여유자산가층
732100212,후기고령자(75+),1708,12190,0.9844134536505332,0.27634660405366124,0.7228595909506278,False,일반,3,2,C유형_기타일반가구
732200272,후기고령자(75+),2327,22215,0.9933260903305914,0.4383326169151987,0.7350431458730347,False,일반,4,3,D유형_여유자산가층
732200292,전기고령자(65-74),6613,7200,0.6260956674179815,0.17541206711395552,0.549655403681031,False,일반,2,5,C유형_기타일반가구
732300222,후기고령자(75+),1091,7560,0.9945750452079566,0.7057745181431947,0.735383662094411,False,일반,3,1,C유형_기타일반가구
732300282,전기고령자(65-74),2144,49820,0.7333076032419915,0.3264925371611509,0.636713723001862,False,일반,4,3,D유형_여유자산가층
732400232,전기고령자(65-74),7083,53980,0.9262689885142645,0.2964845404071037,0.6844126238098532,False,일반,4,5,D유형_여유자산가층
732400262,후기고령자(75+),961,8505,0.9994121105232217,0.704474504990141,0.7396400836015121,False,일반,3,1,C유형_기타일반가구
732400272,후기고령자(75+),-71,15,0.0,,0.14999999984999998,False,일반,2,1,A유형_구조적취약층
732400292,전기고령자(65-74),1141,1881,0.0,0.5346187550090983,0.1381145831960441,False,일반,2,2,A유형_구조적취약층
733000212,후기고령자(75+),2657,57780,0.23892959541255177,0.15054572820830045,0.46668392764252,False,일반,3,3,C유형_기타일반가구
733000222,후기고령자(75+),1019,8090,0.9888751545117429,0.1962708535856027,0.7327137092310574,False,일반,3,1,C유형_기타일반가구
733300252,전기고령자(65-74),8493,20148,0.8221881166410875,0.2166490050374839,0.6031921492729906,False,일반,4,5,D유형_여유자산가층
733400222,전기고령자(65-74),2335,9300,0.0,0.26723768725171837,0.12567708320934534,False,일반,2,3,C유형_기타일반가구
733400242,전기고령자(65-74),3756,98485,0.913844747931157,0.3567625132170494,0.6800901672965218,False,일반,5,4,D유형_여유자산가층
733400262,후기고령자(75+),1932,9250,0.5405405405405406,0.18633540363026116,0.5616161848374007,False,일반,2,3,A유형_구조적취약층
810000182,후기고령자(75+),1011,14100,0.0,0.5440158253768389,0.14473437485544843,False,일반,2,1,A유형_구조적취약층
810000322,전기고령자(65-74),1818,2753,0.0,0.30253025285889423,0.13952857626699988,False,일반,2,2,C유형_기타일반가구
810000352,후기고령자(75+),7115,124800,0.1830065359477124,0.25298664789135816,0.27392636660682845,False,일반,3,5,C유형_기타일반가구
810100102,후기고령자(75+),1493,200,0.0,0.247823174649817,0.13444791653329874,False,일반,2,2,C유형_기타일반가구
810100362,후기고령자(75+),6460,814500,0.0851063829787234,0.33746130025735893,0.3897615752454048,False,일반,5,5,D유형_여유자산가층
810100372,전기고령자(65-74),2582,15620,0.0,0.4879938030642937,0.12310416654543024,False,일반,2,3,C유형_기타일반가구
810101122,전기고령자(65-74),3275,192800,0.9789525208027411,0.5496183204428646,0.7205621298671054,False,일반,5,3,D유형_여유자산가층
810101172,전기고령자(65-74),3373,142300,0.9838369641602249,0.3676252593039949,0.730350430957367,False,일반,5,4,D유형_여유자산가층
810200132,후기고령자(75+),3863,239600,0.5620232838217584,0.3002847527050777,0.5724767269476576,False,일반,5,4,D유형_여유자산가층
810200192,전기고령자(65-74),6706,2365,0.0,0.13420817176644673,0.15965001658180172,False,일반,2,5,C유형_기타일반가구
810200342,전기고령자(65-74),2931,2700,0.0,0.105765950151564,0.11946874988265146,False,일반,2,3,C유형_기타일반가구
810201102,전기고령자(65-74),8246,307200,0.7161458333333334,0.1055056997204092,0.49379398405354247,False,일반,5,5,D유형_여유자산가층
810201122,전기고령자(65-74),2170,21000,0.0,0.2009216588935845,0.12739583320750722,False,일반,2,3,C유형_기타일반가구
810201162,후기고령자(75+),13547,771150,0.36062923583908474,0.09743854727264792,0.4434015151531901,False,일반,5,5,D유형_여유자산가층
810300122,후기고령자(75+),1066,658,0.0,0.3189493430403852,0.13889583319520862,False,일반,2,1,A유형_구조적취약층
810300322,전기고령자(65-74),3902,4739,0.0,0.3331624806937052,0.10935416656013511,False,일반,2,4,C유형_기타일반가구
810300352,전기고령자(65-74),8362,96220,0.7898565786738724,0.2630949533289769,0.6050477573188873,False,일반,5,5,D유형_여유자산가층
810300382,전기고령자(65-74),15671,247020,0.0,0.11486184671591718,0.2675815754136345,False,일반,2,5,C유형_기타일반가구
810301122,전기고령자(65-74),8857,5650,0.0,0.10590493393859038,0.11924652765924312,False,일반,2,5,C유형_기타일반가구
810301162,후기고령자(75+),3227,135360,0.0,0.449333746374548,0.32036194812926755,False,일반,2,3,C유형_기타일반가구
810301172,후기고령자(75+),559,45030,0.9993337774816788,0.5187835411112995,0.7437805835186228,False,자산부유-현금빈곤,4,1,B유형_자산소득불일치
810400112,전기고령자(65-74),21834,1520000,0.14124293785310735,0.1099203077718274,0.3334172245247828,False,일반,5,5,D유형_여유자산가층
810400122,후기고령자(75+),2788,100,0.0,0.6241032996326746,0.12095833321439176,False,일반,2,3,C유형_기타일반가구
810400172,전기고령자(65-74),9305,454500,0.2611534276387378,0.44062332074791793,0.43859078043624483,False,일반,5,5,D유형_여유자산가층
810400192,전기고령자(65-74),1595,105535,0.9949305917468139,0.5266457676948929,0.730346991173887,False,일반,5,2,C유형_기타일반가구
810401102,전기고령자(65-74),12114,67900,0.5134788189987163,0.08915304605504762,0.5325234678839328,False,일반,4,5,D유형_여유자산가층
810401112,후기고령자(75+),1554,214300,0.21769662921348315,1.1261261254014632,0.4678399599737093,False,자산부유-현금빈곤,4,2,B유형_자산소득불일치
810401132,전기고령자(65-74),1265,197100,0.9896091044037605,0.9723320150416347,0.7375512314211672,False,자산부유-현금빈곤,5,2,B유형_자산소득불일치
810401182,후기고령자(75+),1865,73000,0.958904109589041,0.49329758686686453,0.7059184853006809,False,일반,5,2,C유형_기타일반가구
811000132,전기고령자(65-74),1563,146346,0.0,0.6333973124546401,0.3627160623860275,False,일반,2,2,C유형_기타일반가구
811000172,전기고령자(65-74),-186,35652,0.9520609318996416,,0.7238298391527761,True,자산부유-현금빈곤,4,1,B유형_자산소득불일치
811000302,후기고령자(75+),2313,2015,0.0,0.2853437093448579,0.12590624987576693,False,일반,2,3,C유형_기타일반가구
811000392,후기고령자(75+),6375,585196,0.0,0.7529411763524798,0.2562862404738648,False,일반,2,5,C유형_기타일반가구
811100152,후기고령자(75+),1482,4200,0.0,0.2699055328813053,0.13456249986650953,False,일반,2,2,C유형_기타일반가구
811100192,후기고령자(75+),2783,4075,0.0,0.344951491072601,0.12101041654766942,False,일반,2,3,C유형_기타일반가구
811100342,후기고령자(75+),25210,516520,0.5008180027378051,0.17850059499490278,0.3897231206225117,False,일반,5,5,D유형_여유자산가층
811100362,후기고령자(75+),1604,4050,0.0,0.43017456332283377,0.13329166653453528,False,일반,2,2,C유형_기타일반가구
811200122,전기고령자(65-74),3100,17000,0.0,0.14193548382518212,0.11770833321786747,False,일반,2,3,C유형_기타일반가구
811200322,후기고령자(75+),5114,471500,0.273972602739726,0.7743449353198386,0.4073501580276555,False,일반,5,4,D유형_여유자산가층
811200332,전기고령자(65-74),6372,162320,0.7326683905922916,0.3766478342158431,0.6164569974893648,False,일반,5,5,D유형_여유자산가층
811300322,후기고령자(75+),1437,48300,0.9940357852882704,0.2992345161452787,0.731455937734744,False,일반,4,2,C유형_기타일반가구
811300342,후기고령자(75+),3411,119430,0.9947774185525988,0.35766637339265134,0.7300988353905731,False,일반,5,4,D유형_여유자산가층
811400112,전기고령자(65-74),7822,15450,0.0,0.16619790332827947,0.11249670440342854,False,일반,2,5,C유형_기타일반가구
811400162,후기고령자(75+),3982,11300,0.9256661991584852,0.4018081365138603,0.6846631314852873,False,일반,4,4,D유형_여유자산가층
811400172,후기고령자(75+),1284,10600,0.0,0.607476635040906,0.1366249998643038,False,일반,2,2,A유형_구조적취약층
811400362,후기고령자(75+),1541,90260,0.886328384666519,0.48020765705372637,0.6657478154888066,False,일반,5,2,C유형_기타일반가구
811400372,후기고령자(75+),609,5030,0.0,0.7881773386072621,0.14365624985678427,False,일반,2,1,A유형_구조적취약층
811400382,전기고령자(65-74),1571,24130,0.9531703273932863,0.4964990448781037,0.7167275866147436,False,일반,3,2,C유형_기타일반가구
811400392,전기고령자(65-74),2371,43710,0.526195378631892,0.30366933770406185,0.530584423223613,False,일반,3,3,C유형_기타일반가구
812000102,전기고령자(65-74),1955,210,0.0,0.3069053706870049,0.12963541653844546,False,일반,2,3,C유형_기타일반가구
812000162,전기고령자(65-74),1971,22040,0.9074410163339383,0.4058853371862581,0.7012166604283574,False,일반,3,3,C유형_기타일반가구
812000302,후기고령자(75+),5203,70344,0.9951097463891732,0.5362290984939018,0.6928711512459063,False,일반,5,4,D유형_여유자산가층
812000382,후기고령자(75+),2368,9930,0.9975062344139651,0.4054054052342038,0.7361736351039403,False,일반,3,3,C유형_기타일반가구
812000392,후기고령자(75+),1020,2105,0.0,0.39999999960784316,0.13937499986136284,False,일반,2,1,A유형_구조적취약층
812100102,후기고령자(75+),1595,62080,0.9828788839568802,0.3761755483534949,0.7231159275006492,False,일반,4,2,C유형_기타일반가구
812100122,후기고령자(75+),2593,49730,0.8043434546551378,0.6016197452365524,0.6191034671758837,False,일반,4,3,D유형_여유자산가층
812200102,후기고령자(75+),3424,102340,0.9846396218983852,0.2978971961746796,0.7247588219702497,False,일반,5,4,D유형_여유자산가층
812200122,후기고령자(75+),1746,62370,0.0,0.5727376858117195,0.317275375782477,False,일반,2,2,A유형_구조적취약층
812200142,전기고령자(65-74),1909,6604,0.0,0.5552645361156288,0.18868149960516117,False,일반,2,3,A유형_구조적취약층
812200152,후기고령자(75+),1562,18025,0.9986130374479889,0.8322663246912507,0.7329002205106038,False,일반,3,2,C유형_기타일반가구
812200352,전기고령자(65-74),-305,9239,0.9401709401709402,,0.7141056063419171,True,일반,3,1,C유형_기타일반가구
812200372,전기고령자(65-74),11608,32164,0.932719810968785,0.21330117158741374,0.6724384554747461,False,일반,4,5,D유형_여유자산가층
812300322,전기고령자(65-74),1465,3690,0.0,0.27030716705098484,0.13473958319965348,False,일반,2,2,C유형_기타일반가구
812300382,전기고령자(65-74),4553,17570,0.9675583380762663,0.11333186907240679,0.7139390837018426,False,일반,3,4,C유형_기타일반가구
812400112,전기고령자(65-74),2172,21280,0.9398496240601504,0.25322283597917916,0.7026003156473709,False,일반,3,3,C유형_기타일반가구
812400302,전기고령자(65-74),7013,54500,0.5945945945945946,0.05133323826446125,0.5603238952983395,False,일반,4,5,D유형_여유자산가층
813100102,전기고령자(65-74),1436,70450,0.9940357852882704,0.38300835627924207,0.7394425453858438,False,자산부유-현금빈곤,5,2,B유형_자산소득불일치
813100332,후기고령자(75+),1037,13004,0.9997500624843789,0.26036644140755405,0.7390511892059977,False,일반,3,1,C유형_기타일반가구
813200122,후기고령자(75+),1091,1140,0.0,0.43996333598536813,0.13863541652882044,False,일반,2,1,A유형_구조적취약층
813200152,전기고령자(65-74),1020,9900,0.9803921568627451,0.49901960735390233,0.7311723361188229,False,일반,3,1,C유형_기타일반가구
813200312,전기고령자(65-74),1478,45230,0.22109219544550077,0.288903924026452,0.46537623397661576,False,일반,3,2,C유형_기타일반가구
813300122,전기고령자(65-74),4842,15861,0.9829280910501811,0.27261462200069914,0.7145412852575231,False,일반,3,4,C유형_기타일반가구
813300132,전기고령자(65-74),11677,39210,0.5112062452782674,0.2158088549956488,0.43239831796963046,False,일반,3,5,C유형_기타일반가구
813300142,후기고령자(75+),1383,2020,0.0,0.37310195200788,0.13559374986540668,False,일반,2,2,C유형_기타일반가구
813300372,후기고령자(75+),1810,700,0.0,0.8121546956838924,0.1311458332034968,False,일반,2,2,C유형_기타일반가구
813400182,전기고령자(65-74),1647,48000,0.4166666666666667,0.36429872473327335,0.49923711871377374,False,일반,3,2,C유형_기타일반가구
813400382,전기고령자(65-74),9740,34010,0.9703028521023228,0.20020533878847993,0.7035110186293214,False,일반,4,5,D유형_여유자산가층
814000152,후기고령자(75+),3278,359150,0.31741612139774467,0.7107992676294084,0.32685826817529345,False,일반,5,3,D유형_여유자산가층
814000182,후기고령자(75+),1327,11132,0.0,0.2532027126954011,0.13617708319811617,False,일반,2,2,A유형_구조적취약층
814100122,후기고령자(75+),1854,34040,0.5707762557077626,0.7551240556876353,0.5898332835317435,False,일반,3,2,C유형_기타일반가구
814100302,전기고령자(65-74),1319,21440,0.9652509652509652,1.137225169721588,0.7268663421585455,False,자산부유-현금빈곤,4,2,B유형_자산소득불일치
814100312,후기고령자(75+),3078,113700,0.22624434389140272,0.9746588690790582,0.3828397245244713,False,일반,4,3,D유형_여유자산가층
814100352,후기고령자(75+),4147,100816,0.08443009684628756,0.2941885699796989,0.40764440264547297,False,일반,3,4,C유형_기타일반가구
814200122,후기고령자(75+),6793,583150,0.13532944261185825,0.8302664506359095,0.40968347306021413,False,일반,5,5,D유형_여유자산가층
814200132,전기고령자(65-74),5691,1400,0.0,0.32612897551816394,0.13023958320355114,False,일반,2,5,C유형_기타일반가구
814200332,전기고령자(65-74),9236,269760,0.0926749703440095,0.21849285402571536,0.37295729239427206,False,일반,3,5,C유형_기타일반가구
814300112,후기고령자(75+),7249,214800,0.0,0.2821078769096278,0.2841356152605188,False,일반,2,5,C유형_기타일반가구
814300122,전기고령자(65-74),2223,90300,0.9966777408637874,0.28609986491853356,0.7248536196381679,False,일반,5,3,D유형_여유자산가층
814300322,후기고령자(75+),1437,23020,0.9991311902693311,0.24356297825778497,0.7345131972120903,False,일반,3,2,C유형_기타일반가구
814300362,후기고령자(75+),2864,-1927,0.0,0.25837988817794,0.13508333319876792,False,일반,2,3,C유형_기타일반가구
814400312,후기고령자(75+),2093,36532,0.9580641629256542,0.3965599615878835,0.7235213218826813,False,일반,4,3,D유형_여유자산가층
815000112,전기고령자(65-74),1961,81267,0.861040382793953,0.3671596122554005,0.657326803850041,False,일반,5,3,D유형_여유자산가층
815000392,후기고령자(75+),941,1000,0.0,0.3825717317932288,0.17769840192654168,False,일반,2,1,A유형_구조적취약층
815100102,후기고령자(75+),1766,1510,0.0,0.37089467702667345,0.13160416653633997,False,일반,2,2,C유형_기타일반가구
815100112,후기고령자(75+),1411,205,0.0,0.481927710501823,0.14265104152427077,False,일반,2,2,A유형_구조적취약층
815100132,전기고령자(65-74),2229,16760,0.9948096885813149,0.43068640626707655,0.7363609860863379,False,일반,3,3,C유형_기타일반가구
815100322,전기고령자(65-74),3820,9988,0.0,0.2958115182471698,0.14473450572240948,False,일반,2,4,C유형_기타일반가구
815100352,후기고령자(75+),4800,86900,0.8918617614269788,0.2749999999427083,0.6620709156492574,False,일반,5,4,D유형_여유자산가층
815200172,후기고령자(75+),889,15395,0.0,0.14398200208775927,0.14073958319323682,False,일반,2,1,A유형_구조적취약층
815200182,전기고령자(65-74),1843,178300,0.9983361064891847,0.5957677696170549,0.7298069777089707,False,일반,5,2,C유형_기타일반가구
815300152,후기고령자(75+),1444,500,0.0,0.4501385038433944,0.14247916652444864,False,일반,2,2,A유형_구조적취약층
815300322,후기고령자(75+),1095,45500,0.9904761904761905,0.8767123279664727,0.7328826693248518,False,자산부유-현금빈곤,4,1,B유형_자산소득불일치
815300352,전기고령자(65-74),1743,4164,0.0,0.18359150878738295,0.32997311557225795,False,일반,2,2,C유형_기타일반가구
816000352,전기고령자(65-74),2314,2600,0.0,0.4062229903171033,0.2797439784373872,False,일반,2,3,C유형_기타일반가구
816100102,전기고령자(65-74),928,220,0.0,0.6573275854985694,0.14033333319367128,False,일반,2,1,A유형_구조적취약층
816100182,후기고령자(75+),3203,27440,0.9110787172011662,0.33718388999775717,0.6890787918702251,False,일반,3,3,C유형_기타일반가구
816100342,후기고령자(75+),5268,39246,0.6624878968557305,0.1419893697528494,0.523943178415112,False,일반,3,4,C유형_기타일반가구
816100392,전기고령자(65-74),1305,29800,0.9863013698630136,0.574712643237768,0.7281902634495825,False,자산부유-현금빈곤,4,2,B유형_자산소득불일치
816200102,전기고령자(65-74),1180,17700,0.9782608695652174,0.6610169485923585,0.7260267338229276,False,일반,3,2,C유형_기타일반가구
816200182,후기고령자(75+),300,8000,0.0,0.9333333302222222,0.14687499985334201,False,일반,2,1,A유형_구조적취약층
816200192,후기고령자(75+),2564,89500,0.9137055837563451,0.366614664443598,0.6765941813840849,False,일반,5,3,D유형_여유자산가층
816200382,후기고령자(75+),1174,129270,0.3272013378899149,1.3211243600331137,0.46745388987087433,False,자산부유-현금빈곤,4,2,B유형_자산소득불일치
816300102,후기고령자(75+),1433,1060,0.0,0.2861130493467459,0.142536458191056,False,일반,2,2,A유형_구조적취약층
816300112,전기고령자(65-74),7454,73900,0.6297229219143576,0.21464985239942985,0.5582832921870845,False,일반,4,5,D유형_여유자산가층
816300122,전기고령자(65-74),959,900,0.0,0.2294056306262715,0.14001041652734997,False,일반,2,1,A유형_구조적취약층
816300172,후기고령자(75+),20998,1437700,0.2417627961594253,0.20001904942375373,0.3084764288503861,False,일반,5,5,D유형_여유자산가층
816400152,후기고령자(75+),1017,1000,0.0,0.3657817105547869,0.1394062498613294,False,일반,2,1,A유형_구조적취약층
816400332,전기고령자(65-74),1111,-710,0.0,0.5202520247342466,0.13842708319570993,False,일반,2,1,A유형_구조적취약층
816400342,전기고령자(65-74),13626,161540,0.7930214115781126,0.0792602377748965,0.6032851529479252,False,일반,5,5,D유형_여유자산가층
817000332,전기고령자(65-74),3313,29421,0.9564572822266325,0.14790220339634705,0.7170298414784935,False,일반,4,4,D유형_여유자산가층
817000392,전기고령자(65-74),1532,4250,0.0,0.4438642294752844,0.1340416665337332,False,일반,2,2,C유형_기타일반가구
817100312,전기고령자(65-74),2723,65400,0.764525993883792,0.3819316928454162,0.6319980371361993,False,일반,4,3,D유형_여유자산가층
817200102,전기고령자(65-74),3015,91700,0.5279831045406547,0.26268656707705257,0.5598543735233812,False,일반,4,3,D유형_여유자산가층
817200122,전기고령자(65-74),4404,68570,0.0,0.460944595717315,0.12877609942044668,False,일반,2,4,C유형_기타일반가구
817200302,전기고령자(65-74),5053,30545,0.9322146757224664,0.1682169008176891,0.6924525592999515,False,일반,4,4,D유형_여유자산가층
817200332,전기고령자(65-74),1859,71000,0.9859154929577465,0.5164066699750367,0.7318701943865402,False,자산부유-현금빈곤,5,2,B유형_자산소득불일치
817300112,후기고령자(75+),841,7390,0.0,0.47562425627155264,0.1412395831927021,False,일반,2,1,A유형_구조적취약층
817300132,전기고령자(65-74),4467,106900,0.0,0.4365345868733972,0.3759587845896605,False,일반,2,4,C유형_기타일반가구
817300152,후기고령자(75+),8115,334330,0.4515564586684729,0.49907578552075466,0.4991787877520565,False,일반,5,5,D유형_여유자산가층
817300172,전기고령자(65-74),3751,6110,0.0,0.16262330040985784,0.13046354153688144,False,일반,2,4,C유형_기타일반가구
817300322,전기고령자(65-74),949,15600,0.9615384615384616,0.5057955737557476,0.7234511110360593,False,일반,3,1,C유형_기타일반가구
817300332,전기고령자(65-74),3971,13282,0.0,0.302190883832236,0.12931770820473373,False,일반,2,4,C유형_기타일반가구
817300342,전기고령자(65-74),7632,219680,0.29588492352512746,0.3183962263733757,0.4147538437676094,False,일반,4,5,D유형_여유자산가층
818000192,전기고령자(65-74),2829,106720,0.9370314842578711,0.14846235413628053,0.6986588521665278,False,일반,5,3,D유형_여유자산가층
818000302,후기고령자(75+),2173,5220,0.0,0.4693971465856433,0.2512183742135341,False,일반,2,3,A유형_구조적취약층
818100352,후기고령자(75+),10464,83200,0.4807692307692308,0.18348623851457507,0.5077627734985918,False,일반,4,5,D유형_여유자산가층
818100372,후기고령자(75+),1592,17200,0.9883720930232558,0.4522613062485796,0.7264431207164435,False,일반,3,2,C유형_기타일반가구
818200152,전기고령자(65-74),12631,415294,0.45067110806309396,0.36418335837509436,0.49293870302950776,False,일반,5,5,D유형_여유자산가층
818300102,전기고령자(65-74),979,7070,0.0,0.4392236972020187,0.13980208319423942,False,일반,2,1,A유형_구조적취약층
818300132,후기고령자(75+),2600,42000,0.9523809523809523,0.3538461537100592,0.6943483198751053,False,일반,4,3,D유형_여유자산가층
818300182,전기고령자(65-74),926,3150,0.0,1.025917925457972,0.1467847220755119,False,일반,2,1,A유형_구조적취약층
818300322,후기고령자(75+),4949,219146,0.06632883181661405,0.22024651440285986,0.36046790493654046,False,일반,3,4,C유형_기타일반가구
818400172,전기고령자(65-74),19456,201200,0.0,0.14905427630812837,0.2778017199930492,False,일반,2,5,C유형_기타일반가구
818400342,전기고령자(65-74),2097,11420,0.8941877794336811,0.41964711472596705,0.6646718111216006,False,일반,3,3,C유형_기타일반가구
819000102,전기고령자(65-74),6249,164650,0.5445140212360469,0.3152504400199631,0.5513244221454091,False,일반,5,5,D유형_여유자산가층
819000132,후기고령자(75+),3285,287000,0.975609756097561,0.5479452053126499,0.7182596355954578,False,일반,5,3,D유형_여유자산가층
819000142,후기고령자(75+),4597,53850,0.4982561036372696,0.21753317376168518,0.549827335619113,False,일반,4,4,D유형_여유자산가층
819000182,후기고령자(75+),5647,1740,0.0,0.42500442705418723,0.12058854154709933,False,일반,2,5,C유형_기타일반가구
819200152,후기고령자(75+),1469,330,0.0,0.2368958473540532,0.13469791653303137,False,일반,2,2,C유형_기타일반가구
819200162,후기고령자(75+),3098,201350,0.9932952570151478,0.41962556474511764,0.7305899327942044,False,일반,5,3,D유형_여유자산가층
819400102,전기고령자(65-74),2455,383000,0.7980049875311721,1.6293279015766486,0.6038561075366158,False,일반,5,3,D유형_여유자산가층
819400132,전기고령자(65-74),7253,65600,0.4859086491739553,0.3325520473827999,0.523264020529662,False,일반,4,5,D유형_여유자산가층
819400162,전기고령자(65-74),8642,2132,0.0,0.31821337649638815,0.21074931245317924,False,일반,2,5,C유형_기타일반가구
819400172,후기고령자(75+),867,520,0.0,0.6228373695238323,0.1409687498596584,False,일반,2,1,A유형_구조적취약층
819400192,전기고령자(65-74),41645,784200,0.3808556557064872,0.029055108655803696,0.29760908375663625,False,일반,5,5,D유형_여유자산가층
819400302,후기고령자(75+),12009,33908,0.5927804647870709,0.09742692979453518,0.5083124987124734,False,일반,3,5,C유형_기타일반가구
819400312,후기고령자(75+),3048,54200,0.22140221402214022,0.183727034060457,0.45147127794371966,False,일반,3,3,C유형_기타일반가구
830000232,전기고령자(65-74),8523,48909,0.5724917704308,0.13140912822581144,0.46791186550329744,False,일반,3,5,C유형_기타일반가구
830000262,후기고령자(75+),529,603,0.0,0.4158790162270718,0.14448958318922642,False,일반,2,1,A유형_구조적취약층
830100232,전기고령자(65-74),6288,83402,0.41568113158942416,0.38167938925227746,0.42520742005876744,False,일반,4,5,D유형_여유자산가층
830100282,전기고령자(65-74),1241,70,0.0,0.6124093468070835,0.14353645819002128,False,일반,2,2,A유형_구조적취약층
830200272,전기고령자(65-74),939,5490,0.0,0.43130990369402566,0.1402187498604605,False,일반,2,1,A유형_구조적취약층
830200292,후기고령자(75+),2564,58000,0.23622047244094488,0.4680187205662954,0.4673577051301392,False,일반,3,3,C유형_기타일반가구
830300282,전기고령자(65-74),2447,2230,0.0,0.29015120543925166,0.12451041654392636,False,일반,2,3,C유형_기타일반가구
830400292,후기고령자(75+),978,1600,0.0,0.4529652347106695,0.13981249986089495,False,일반,2,1,A유형_구조적취약층
831100232,전기고령자(65-74),5043,27560,0.2539912917271408,0.2062264524675339,0.2815727128151024,False,일반,3,4,C유형_기타일반가구
831100272,전기고령자(65-74),3223,5908,0.0,0.3040645360521053,0.14771969746881414,False,일반,2,3,C유형_기타일반가구
831100282,후기고령자(75+),1602,5695,0.0,0.4681647937152529,0.13331249986784635,False,일반,2,2,C유형_기타일반가구
831200292,전기고령자(65-74),3821,55526,0.6303353384000289,0.3454593037567497,0.5168568627576567,False,일반,4,4,D유형_여유자산가층
831400232,후기고령자(75+),1364,22230,0.899685110211426,0.3372434015122849,0.682709810694911,False,일반,3,2,C유형_기타일반가구
832000202,전기고령자(65-74),7912,121141,0.165096870588818,0.08784125378060652,0.221586434261981,False,일반,3,5,C유형_기타일반가구
832000252,전기고령자(65-74),2303,12788,0.781983109164842,0.2648719060942806,0.6071976041888226,False,일반,3,3,C유형_기타일반가구
832000272,전기고령자(65-74),2334,765,0.0,0.23564695791103388,0.12568749987600084,False,일반,2,3,C유형_기타일반가구
832100242,전기고령자(65-74),2800,24882,0.0,0.3571428570153061,0.35721171905086696,False,일반,2,3,C유형_기타일반가구
832200282,전기고령자(65-74),817,70,0.0,0.6487148094874972,0.14148958319243474,False,일반,2,1,A유형_구조적취약층
832300282,전기고령자(65-74),11565,98358,0.4066776469631347,0.0579334197961147,0.462105561445869,False,일반,4,5,D유형_여유자산가층
832400212,전기고령자(65-74),3498,131100,0.0,0.48599199528702347,0.23579901725998448,False,일반,2,4,C유형_기타일반가구
832400222,후기고령자(75+),1372,1650,0.0,0.46647230286700264,0.13570833319861744,False,일반,2,2,C유형_기타일반가구
832400282,전기고령자(65-74),100,55870,0.6958119994748588,6.099999939000001,0.6386556247650711,False,자산부유-현금빈곤,4,1,B유형_자산소득불일치
833000222,전기고령자(65-74),962,17670,0.2957329953527672,0.6444906438206958,0.4985753091256803,False,일반,3,1,C유형_기타일반가구
833100202,후기고령자(75+),1080,510,0.0,0.499999999537037,0.13874999986203124,False,일반,2,1,A유형_구조적취약층
833100242,전기고령자(65-74),2809,41730,0.455307931943446,0.19579921673342857,0.5476305192560713,False,일반,3,3,C유형_기타일반가구
833200232,후기고령자(75+),1323,34120,0.0,0.5895691605521018,0.3740805832791072,False,일반,2,2,A유형_구조적취약층
833200242,후기고령자(75+),1741,3930,0.0,0.4020677769086342,0.1415526469503568,False,일반,2,2,A유형_구조적취약층
833300202,후기고령자(75+),791,6200,0.0,0.5309734506561651,0.14176041652547844,False,일반,2,1,A유형_구조적취약층
833300262,후기고령자(75+),1009,304,0.0,0.36075322065336646,0.13948958319457364,False,일반,2,1,A유형_구조적취약층
833400212,전기고령자(65-74),9906,52560,0.8716875871687587,0.13325257418400438,0.6323178588606252,False,일반,4,5,D유형_여유자산가층
833400222,후기고령자(75+),797,47100,0.9986684420772304,0.6775407770670756,0.7409022134589157,False,자산부유-현금빈곤,5,1,B유형_자산소득불일치
833400242,후기고령자(75+),1123,251,0.0,0.47195013315053413,0.13830208319584358,False,일반,2,1,A유형_구조적취약층
833400252,후기고령자(75+),1070,4010,0.0,0.13084112137304565,0.1388541665285865,False,일반,2,1,A유형_구조적취약층
910000152,전기고령자(65-74),5961,74450,0.9200690051753881,0.1778225129713433,0.6718600811843058,False,일반,5,5,D유형_여유자산가층
910000182,후기고령자(75+),3092,73000,0.9790209790209791,0.23285899086906242,0.7213115887205054,False,일반,5,3,D유형_여유자산가층
910000322,전기고령자(65-74),7734,107024,0.8255063105371294,0.16808895782672756,0.6091527925284208,False,일반,5,5,D유형_여유자산가층
910100122,후기고령자(75+),1716,150500,0.997229916897507,0.3787878785671399,0.730466177039591,False,일반,5,2,C유형_기타일반가구
910100152,전기고령자(65-74),7927,145200,0.7575757575757576,0.19048820484540327,0.6181742707679052,False,일반,5,5,D유형_여유자산가층
910100182,전기고령자(65-74),2042,115400,0.9943181818181818,0.3281096962154213,0.7253232932399312,False,일반,5,3,D유형_여유자산가층
910100322,후기고령자(75+),1026,10540,0.0,0.40935672474721563,0.1446562498555293,False,일반,2,1,A유형_구조적취약층
910100332,후기고령자(75+),1865,45300,0.6843267108167771,1.4369973182643445,0.6281483924056948,False,자산부유-현금빈곤,4,2,B유형_자산소득불일치
910101132,후기고령자(75+),18208,314850,0.6147091108671789,0.23066783830016102,0.5183578966832207,False,일반,5,5,D유형_여유자산가층
910200162,전기고령자(65-74),3829,8150,0.0,0.1880386523405488,0.13005729153730183,False,일반,2,4,C유형_기타일반가구
910200302,전기고령자(65-74),12710,493600,0.1241405653170359,0.2077104641850739,0.3741509628039781,False,일반,4,5,D유형_여유자산가층
910200322,후기고령자(75+),3913,55500,0.24793388429752067,0.7564528492827874,0.4711271473621787,False,일반,3,4,C유형_기타일반가구
910200382,전기고령자(65-74),1029,99610,0.44081992506061274,0.6997084541305068,0.5476267254642546,False,자산부유-현금빈곤,4,1,B유형_자산소득불일치
910201102,후기고령자(75+),930,20,0.0,0.47311827906116316,0.14031249986036023,False,일반,2,1,A유형_구조적취약층
910201182,전기고령자(65-74),9804,153900,0.8446689985749449,0.1815585475131009,0.6472154315301882,False,일반,5,5,D유형_여유자산가층
910300122,후기고령자(75+),4040,42089,0.9663547488282949,0.1485148514483874,0.7087743096221343,False,일반,4,4,D유형_여유자산가층
910300172,전기고령자(65-74),651,10350,0.0,0.49155145853832344,0.14563424006011158,False,일반,2,1,A유형_구조적취약층
910300182,전기고령자(65-74),4458,3220,0.0,0.24226110357957353,0.12678124987402495,False,일반,2,4,C유형_기타일반가구
910300372,전기고령자(65-74),3291,43230,0.7515742433475523,0.3950167121254887,0.5666657279863995,False,일반,4,3,D유형_여유자산가층
910301122,전기고령자(65-74),4232,23300,0.9859154929577465,0.28355387516929254,0.722151698652807,False,일반,3,4,C유형_기타일반가구
910400122,전기고령자(65-74),2996,74300,0.9966777408637874,0.35814419213680104,0.7168015363134458,False,일반,5,3,D유형_여유자산가층
910400132,후기고령자(75+),893,12035,0.0,0.2799552068533536,0.14069791652661473,False,일반,2,1,A유형_구조적취약층
910400152,전기고령자(65-74),3614,6905,0.0,0.1826231322128879,0.11307828889145521,False,일반,2,4,C유형_기타일반가구
910400182,후기고령자(75+),3255,106270,0.9880493083654841,0.479262672663821,0.7270559216123665,False,일반,5,3,D유형_여유자산가층
910400332,전기고령자(65-74),7458,4680,0.0,0.17377312950204168,0.29391962207219346,False,일반,2,5,C유형_기타일반가구
910400342,전기고령자(65-74),1602,13770,0.0,0.18726591748610116,0.13331249986784635,False,일반,2,2,C유형_기타일반가구
910400392,후기고령자(75+),362,15500,0.967741935483871,1.1325966819541529,0.726877459420004,False,일반,3,1,C유형_기타일반가구
910401102,후기고령자(75+),632,42400,0.9905660377358491,1.164556960182663,0.7410511612959333,False,자산부유-현금빈곤,4,1,B유형_자산소득불일치
910401132,전기고령자(65-74),12378,248400,0.8051529790660226,0.18581354013687076,0.5905178078391754,False,일반,5,5,D유형_여유자산가층
910401182,전기고령자(65-74),2715,45180,0.9457755359394704,0.31307550633035897,0.7033277569541161,False,일반,4,3,D유형_여유자산가층
911000102,후기고령자(75+),1171,2060,0.0,0.4782237399844374,0.13780208319637832,False,일반,2,2,A유형_구조적취약층
911000152,후기고령자(75+),2369,85790,0.6513678725323179,0.3376952299123279,0.5828491579741213,False,일반,4,3,D유형_여유자산가층
911000172,전기고령자(65-74),3629,22750,0.935251798561151,0.3086249654702053,0.7062820223772911,False,일반,4,4,D유형_여유자산가층
911000392,전기고령자(65-74),6000,96340,0.8201763379126512,0.09166666665138888,0.595755887413768,False,일반,5,5,D유형_여유자산가층
911100342,후기고령자(75+),1400,426000,0.7511737089201878,3.1428571406122447,0.5969361616760404,False,자산부유-현금빈곤,5,2,B유형_자산소득불일치
911100352,전기고령자(65-74),4503,6976,0.0,0.2131912058154139,0.16251204059418745,False,일반,2,4,C유형_기타일반가구
911200382,후기고령자(75+),2016,45304,0.9809210848987199,0.347222222049989,0.7295885340910111,False,일반,5,3,D유형_여유자산가층
911300132,후기고령자(75+),1452,1300,0.0,0.08953168037911041,0.13487499986617532,False,일반,2,2,C유형_기타일반가구
911400322,전기고령자(65-74),31645,1558500,0.0,0.14220255964157993,0.25110057510105815,False,일반,2,5,C유형_기타일반가구
912000142,후기고령자(75+),2995,40168,0.4975867044832562,0.4774624372362396,0.4173557160952111,False,일반,3,3,C유형_기타일반가구
912000312,후기고령자(75+),557,20575,0.0,0.4667863546377265,0.3932898406014592,False,일반,2,1,A유형_구조적취약층
912000372,후기고령자(75+),1542,8150,0.0,0.5836575871701313,0.14196874985831012,False,일반,2,2,A유형_구조적취약층
912000392,전기고령자(65-74),3926,1930,0.0,0.40753948028335724,0.14898238652023854,False,일반,2,4,C유형_기타일반가구
912100122,후기고령자(75+),1290,52910,0.945000945000945,0.6744186041283576,0.714301180879329,False,자산부유-현금빈곤,4,2,B유형_자산소득불일치
912100152,후기고령자(75+),9732,14459,0.0,0.15207562678256517,0.11670734167298895,False,일반,2,5,C유형_기타일반가구
912100372,전기고령자(65-74),2706,28580,0.979706088173548,0.2956393199203107,0.7319299853606022,False,일반,3,3,C유형_기타일반가구
912200112,전기고령자(65-74),2058,8720,0.0,0.37414965968214303,0.1285624998729262,False,일반,2,3,C유형_기타일반가구
912200152,후기고령자(75+),1671,1010,0.0,0.30221424278742415,0.1412968748590053,False,일반,2,2,A유형_구조적취약층
912200182,전기고령자(65-74),12325,100280,0.7961783439490446,0.1541582149976342,0.5993453628106304,False,일반,5,5,D유형_여유자산가층
912300152,후기고령자(75+),2722,377,0.0,0.5326965464611696,0.2153995433735476,False,일반,2,3,C유형_기타일반가구
912300192,전기고령자(65-74),2107,37860,0.6999533364442371,0.2562885618147658,0.6079976762047462,False,일반,4,3,D유형_여유자산가층
912300302,후기고령자(75+),3803,62200,0.8038585209003215,0.43649750185735015,0.6245684559174176,False,일반,4,4,D유형_여유자산가층
912300322,전기고령자(65-74),733,6410,0.0,0.37789904450491263,0.3284044327547865,False,일반,2,1,A유형_구조적취약층
912300362,전기고령자(65-74),7374,49076,0.9169451463036923,0.20884187683633823,0.6811883555547174,False,일반,4,5,D유형_여유자산가층
912400112,후기고령자(75+),959,4070,0.0,0.319082377143814,0.14001041652734997,False,일반,2,1,A유형_구조적취약층
912400172,전기고령자(65-74),1083,19192,0.0,0.3951985222574344,0.21073614294731724,False,일반,2,1,A유형_구조적취약층
912400192,전기고령자(65-74),3639,35942,0.9421841541755889,0.28854080783497094,0.69636041627907,False,일반,4,4,D유형_여유자산가층
913000342,전기고령자(65-74),1965,2836,0.0,0.6106870225899811,0.14857239901685662,False,일반,2,3,C유형_기타일반가구
913000372,후기고령자(75+),1651,38750,0.9806451612903225,0.3997577223502376,0.7309526170178301,False,자산부유-현금빈곤,4,2,B유형_자산소득불일치
913100122,후기고령자(75+),1759,3650,0.0,0.47754405885301643,0.13167708320292867,False,일반,2,2,C유형_기타일반가구
913100192,전기고령자(65-74),5257,81200,0.49469964664310956,0.14266692026960873,0.5413508855622188,False,일반,4,4,D유형_여유자산가층
913200312,전기고령자(65-74),5413,10250,0.8298755186721992,0.18843524844107976,0.633220939957195,False,일반,3,4,C유형_기타일반가구
913200392,전기고령자(65-74),6934,13628,0.0,0.1280646091537259,0.11755438098015715,False,일반,2,5,C유형_기타일반가구
913300152,전기고령자(65-74),618,21050,0.9501187648456056,1.262135920287806,0.7136368333447213,False,일반,3,1,C유형_기타일반가구
913300372,전기고령자(65-74),11964,92500,0.2702702702702703,0.12036108323968897,0.40525795364059214,False,일반,3,5,C유형_기타일반가구
913400112,전기고령자(65-74),1982,61174,0.9974846040419811,0.29263370318232407,0.727848156820072,False,일반,4,3,D유형_여유자산가층
913400172,전기고령자(65-74),988,29500,0.9491525423728814,0.9514170030856103,0.7168911691892905,False,일반,3,1,C유형_기타일반가구
913400192,후기고령자(75+),1137,63000,0.9523809523809523,0.40457343851840505,0.7095879031921408,False,자산부유-현금빈곤,4,2,B유형_자산소득불일치
913400322,후기고령자(75+),2032,35016,0.5711674663011195,0.3494094486469442,0.5413783862753139,False,일반,3,3,C유형_기타일반가구
913400382,전기고령자(65-74),2882,1100,0.0,0.26023594716855103,0.15259544488872046,False,일반,2,3,C유형_기타일반가구
914000172,전기고령자(65-74),4668,35604,0.9830356139759577,0.19280205651396698,0.6911995493868401,False,일반,4,4,D유형_여유자산가층
914000322,전기고령자(65-74),1332,43142,0.9886714727085479,0.6306306301571841,0.7319057814467848,False,자산부유-현금빈곤,4,2,B유형_자산소득불일치
914100122,전기고령자(65-74),5075,51358,0.6814907122551501,0.43349753686039455,0.5799259155166276,False,일반,4,4,D유형_여유자산가층
914100182,후기고령자(75+),920,40,0.0,0.20652173890595463,0.14041666652691548,False,일반,2,1,A유형_구조적취약층
914100352,후기고령자(75+),845,2400,0.0,0.3431952658660411,0.14119791652608,False,일반,2,1,A유형_구조적취약층
914200322,전기고령자(65-74),7265,80914,0.5932224336950342,0.1362697866295568,0.5144429406327575,False,일반,4,5,D유형_여유자산가층
914200332,전기고령자(65-74),1387,31060,0.0,0.6633020903653193,0.1355520831987846,False,일반,2,2,C유형_기타일반가구
914300382,후기고령자(75+),2092,50070,0.9324630345011323,0.336998087793022,0.704340512501911,False,일반,5,3,D유형_여유자산가층
915000312,후기고령자(75+),3936,66450,0.41488712629652225,0.24390243896242317,0.5163243597355083,False,일반,4,4,D유형_여유자산가층
915000332,전기고령자(65-74),5732,102200,0.3646833013435701,0.32798325186183125,0.43996597911897894,False,일반,4,5,D유형_여유자산가층
915100102,후기고령자(75+),833,200,0.0,0.5978391349365677,0.1413229165259463,False,일반,2,1,A유형_구조적취약층
915100152,전기고령자(65-74),838,83086,0.9628577618371326,0.44152744577383357,0.7189886060987642,False,자산부유-현금빈곤,5,1,B유형_자산소득불일치
915100302,전기고령자(65-74),6310,12034,0.9433962264150944,0.18225039616763067,0.6831762052260952,False,일반,3,5,C유형_기타일반가구
915100332,후기고령자(75+),1029,1120,0.0,0.3984450919354275,0.1392812498614631,False,일반,2,1,A유형_구조적취약층
915200132,전기고령자(65-74),4069,146650,0.7516442217350454,0.25067584166854856,0.6189449001788238,False,일반,5,4,D유형_여유자산가층
915200152,전기고령자(65-74),1207,2540,0.0,0.2386081191063727,0.13742708319677935,False,일반,2,2,A유형_구조적취약층
915300132,후기고령자(75+),1677,3142,0.0,0.536672629375866,0.14126562485903763,False,일반,2,2,A유형_구조적취약층
915300152,전기고령자(65-74),5381,6600,0.0,0.22858204790399886,0.12197395821233248,False,일반,2,4,C유형_기타일반가구
915300172,전기고령자(65-74),917,540,0.0,0.42202835286583606,0.14044791652688207,False,일반,2,1,A유형_구조적취약층
915300352,전기고령자(65-74),1239,600,0.0,0.2421307504099025,0.13709374986380252,False,일반,2,2,A유형_구조적취약층
915300392,후기고령자(75+),642,15456,0.8410973084886129,1.1214953253559263,0.6513173567341098,False,일반,3,1,C유형_기타일반가구
915400132,전기고령자(65-74),2219,4890,0.0,0.16223524102648254,0.12688541654138644,False,일반,2,3,C유형_기타일반가구
915400312,전기고령자(65-74),4526,41700,0.9195402298850575,0.17675651785754384,0.6781541967672173,False,일반,4,4,D유형_여유자산가층
915400322,후기고령자(75+),372,26130,0.9950248756218906,1.9354838657648283,0.7431431451237442,False,일반,3,1,C유형_기타일반가구
915400372,후기고령자(75+),1556,28308,0.0,0.2956298198614204,0.38954987953191883,False,일반,2,2,A유형_구조적취약층
916000132,전기고령자(65-74),7596,78200,0.5827505827505828,0.16850974194727358,0.5476977069081342,False,일반,5,5,D유형_여유자산가층
916000302,후기고령자(75+),1386,57900,0.0,0.15151515140583321,0.3061173845258883,False,일반,2,2,C유형_기타일반가구
916000352,후기고령자(75+),2153,54430,0.970873786407767,0.6456107753620015,0.7247813230453152,False,일반,5,3,D유형_여유자산가층
916000362,후기고령자(75+),4496,70155,0.9259259259259259,0.3247330960131821,0.6924403503636049,False,일반,4,4,D유형_여유자산가층
916000382,후기고령자(75+),373,4000,0.875,0.611260051980536,0.6711174146839433,False,일반,2,1,A유형_구조적취약층
916000392,전기고령자(65-74),571,6010,0.9983361064891847,0.5429071794344883,0.7430569776948006,False,일반,3,1,C유형_기타일반가구
916100132,후기고령자(75+),2320,680,0.0,0.2758620688466112,0.12583333320917822,False,일반,2,3,C유형_기타일반가구
916100162,후기고령자(75+),1509,2038,0.0,0.1259111993864074,0.1431135526105337,False,일반,2,2,C유형_기타일반가구
916200142,후기고령자(75+),7582,292900,0.9986684420772304,0.20575046159248872,0.7228779079214173,False,일반,5,5,D유형_여유자산가층
916200302,전기고령자(65-74),4738,88084,0.5544220704337798,0.2870409454860614,0.5581945479854719,False,일반,4,4,D유형_여유자산가층
916200362,후기고령자(75+),3290,30740,0.9199828840393667,0.24924012150479025,0.692880501083385,False,일반,4,3,D유형_여유자산가층
916300102,전기고령자(65-74),4808,3710,0.0,0.2703826954512515,0.12495833320924449,False,일반,2,4,C유형_기타일반가구
916300352,후기고령자(75+),6250,78650,0.9535918626827717,0.294399999952896,0.7076304360065528,False,일반,5,5,D유형_여유자산가층
916400102,후기고령자(75+),639,677,0.0,0.6635367751744339,0.14334374985711848,False,일반,2,1,A유형_구조적취약층
916400302,전기고령자(65-74),234,42550,0.8930669800235017,1.96581195741106,0.6834055778278366,False,자산부유-현금빈곤,4,1,B유형_자산소득불일치
917000122,전기고령자(65-74),2226,1786,0.0,0.2650494158737424,0.13840624986199632,False,일반,2,3,C유형_기타일반가구
917000172,후기고령자(75+),1219,4050,0.0,0.13945857248608812,0.13730208319691306,False,일반,2,2,A유형_구조적취약층
917100132,전기고령자(65-74),3002,26580,0.9499683343888538,0.4730179878504271,0.7063277842405956,False,일반,4,3,D유형_여유자산가층
917200122,전기고령자(65-74),1896,199340,0.8101735727902076,1.276371307343686,0.6269090088939464,False,자산부유-현금빈곤,5,2,B유형_자산소득불일치
917200162,후기고령자(75+),645,14020,0.0,0.5581395340183883,0.14328124985718532,False,일반,2,1,A유형_구조적취약층
917200192,후기고령자(75+),6438,113445,0.6553194463861317,0.1817334575672983,0.5568826577346306,False,일반,5,5,D유형_여유자산가층
917200342,전기고령자(65-74),1777,1650,0.0,0.43894203689423633,0.13148958320312917,False,일반,2,2,C유형_기타일반가구
917300122,후기고령자(75+),1382,99300,0.9930486593843099,0.6078147607758214,0.7386344923228052,False,자산부유-현금빈곤,5,2,B유형_자산소득불일치
917300152,전기고령자(65-74),4084,309860,0.0,0.803134181977685,0.2910937174790237,False,일반,2,4,C유형_기타일반가구
917300192,전기고령자(65-74),9290,173500,0.46321525885558584,0.3121636167586476,0.4817263966358605,False,일반,5,5,D유형_여유자산가층
917300332,전기고령자(65-74),4602,15940,0.0,0.1629726205643258,0.10708138544196308,False,일반,2,4,C유형_기타일반가구
918000322,후기고령자(75+),1331,18300,0.0,0.4537941394036107,0.3753111514654309,False,일반,2,2,A유형_구조적취약층
918100332,전기고령자(65-74),7706,48520,0.6595218466611706,0.13236439136616085,0.5359618153392998,False,일반,4,5,D유형_여유자산가층
918100352,후기고령자(75+),5381,31304,0.7347303858931766,0.2007061884035112,0.5636131976547809,False,일반,3,4,C유형_기타일반가구
918100372,전기고령자(65-74),7761,80750,0.2932551319648094,0.036077825017900036,0.45120749491868706,False,일반,3,5,C유형_기타일반가구
918200372,후기고령자(75+),969,684,0.0,0.5211558302155255,0.1399062498607947,False,일반,2,1,A유형_구조적취약층
918300302,전기고령자(65-74),9081,61568,0.5488646342993351,0.17619204931437155,0.4810300868517609,False,일반,4,5,D유형_여유자산가층
918300322,전기고령자(65-74),1654,13530,0.9608277900960828,0.6650544131408377,0.7252762784875689,False,일반,3,2,C유형_기타일반가구
918300392,전기고령자(65-74),5663,46810,0.34180730613116855,0.12360939429214031,0.32932926378172944,False,일반,3,5,C유형_기타일반가구
918400162,전기고령자(65-74),1034,37720,0.7953340402969247,1.2088974843240836,0.6450151241715215,False,자산부유-현금빈곤,4,1,B유형_자산소득불일치
918400182,후기고령자(75+),1828,121350,0.9873314262362076,0.5607221003497144,0.7233603839459167,False,일반,5,2,C유형_기타일반가구
918400382,전기고령자(65-74),7036,49266,0.15666000861630047,0.09238203523416968,0.41169672243204675,False,일반,3,5,C유형_기타일반가구
919000112,후기고령자(75+),2136,42754,0.9877518767285658,0.5805243442975073,0.7321219810570254,False,일반,4,3,D유형_여유자산가층
919000172,후기고령자(75+),3409,94820,0.945000945000945,0.5280140802205885,0.6992484165548344,False,일반,5,4,D유형_여유자산가층
919000182,후기고령자(75+),1224,2070,0.0,0.2491830063323668,0.1372499998636354,False,일반,2,2,A유형_구조적취약층
919400162,후기고령자(75+),868,190,0.0,0.6774193540582726,0.14095833319300288,False,일반,2,1,A유형_구조적취약층
919400312,전기고령자(65-74),1225,21540,0.9285051067780873,0.1387755100907955,0.6943456519025957,False,일반,3,2,C유형_기타일반가구
930000232,후기고령자(75+),937,27430,0.984323733138899,0.5752401274543862,0.7308370083447231,False,일반,3,1,C유형_기타일반가구
930000252,전기고령자(65-74),4429,38400,0.6683804627249358,0.0722510724605439,0.5357437520932177,False,일반,3,4,C유형_기타일반가구
930000262,전기고령자(65-74),1932,2356,0.0,0.3209109729187831,0.13993749986041187,False,일반,2,3,A유형_구조적취약층
930100222,전기고령자(65-74),3362,72260,0.8269018743109151,0.37477691838941796,0.660331699118205,False,일반,4,4,D유형_여유자산가층
930100242,전기고령자(65-74),6970,8500,0.5303030303030303,0.298421807704674,0.5377333587246289,False,일반,3,5,C유형_기타일반가구
930100252,후기고령자(75+),1067,2960,0.0,0.5998125580132965,0.1633789768119399,False,일반,2,1,A유형_구조적취약층
930100262,전기고령자(65-74),1148,2344,0.9051412020275162,0.7317073164357949,0.6811293167792275,False,일반,2,2,A유형_구조적취약층
930200292,전기고령자(65-74),2967,32872,0.34912137786570463,0.9100101109167475,0.49219568074463615,False,일반,3,3,C유형_기타일반가구
930300282,전기고령자(65-74),1778,750,0.0,0.5174353202939058,0.1407395831929153,False,일반,2,2,A유형_구조적취약층
930400212,전기고령자(65-74),9170,51220,0.80042689434365,0.19629225733955372,0.6211861106781882,False,일반,4,5,D유형_여유자산가층
930400232,전기고령자(65-74),1340,8290,0.5232177894048398,0.3955223877645355,0.5644294062267692,False,일반,3,2,C유형_기타일반가구
930400262,전기고령자(65-74),7184,19847,0.9300833867864016,0.28396436521659735,0.6970954070240521,False,일반,3,5,C유형_기타일반가구
931100202,전기고령자(65-74),3133,47922,0.6051500354743125,0.23619533985439026,0.4823450726659424,False,일반,3,3,C유형_기타일반가구
931100262,전기고령자(65-74),8003,141020,0.5034746844419231,0.28739222787862145,0.44711927377169347,False,일반,5,5,D유형_여유자산가층
931100272,후기고령자(75+),2802,3780,0.0,0.4104211276194072,0.13540624986510047,False,일반,2,3,C유형_기타일반가구
931200212,전기고령자(65-74),4019,30436,0.7961783439490446,0.34834535945550005,0.6613933424243279,False,일반,4,4,D유형_여유자산가층
931200262,전기고령자(65-74),15061,28530,0.3872966692486445,0.046477657522974725,0.45388684781071975,False,일반,3,5,C유형_기타일반가구
931300282,후기고령자(75+),1361,8501,0.0,0.26818515777502927,0.13582291653182826,False,일반,2,2,C유형_기타일반가구
931400212,전기고령자(65-74),919,6030,0.9950248756218906,0.3482045698060886,0.7374452284631712,False,일반,3,1,C유형_기타일반가구
932100202,전기고령자(65-74),2241,12270,0.974025974025974,0.14725568935865432,0.715133480325498,False,일반,3,3,C유형_기타일반가구
932100222,후기고령자(75+),3070,15306,0.6030040565727443,0.35179153083003534,0.49581480179554177,False,일반,3,3,C유형_기타일반가구
932300242,전기고령자(65-74),2391,15390,0.7823909868558314,0.4433291507974366,0.5994860808602412,False,일반,3,3,C유형_기타일반가구
932300262,후기고령자(75+),1673,420,0.0,0.4303646142077916,0.14128645819234942,False,일반,2,2,A유형_구조적취약층
932300282,전기고령자(65-74),7336,99852,0.3805632335857069,0.22628135220470535,0.35890887239900543,False,일반,4,5,D유형_여유자산가층
932400212,후기고령자(75+),1168,6700,0.958904109589041,0.42380136950017,0.7131789019595829,False,일반,3,2,C유형_기타일반가구
933100202,후기고령자(75+),587,395,0.0,0.6848381589696113,0.14388541652320586,False,일반,2,1,A유형_구조적취약층
933100212,전기고령자(65-74),4124,2139,0.9523809523809523,0.4558680891232133,0.7160408957495363,False,일반,3,4,C유형_기타일반가구
933100232,전기고령자(65-74),3712,40800,0.49019607843137253,0.2667025861350478,0.44807051498528805,False,일반,3,4,C유형_기타일반가구
933100242,전기고령자(65-74),-384,22270,0.0,,0.39985254070671017,False,일반,2,1,A유형_구조적취약층
933300272,후기고령자(75+),932,2900,0.9174311926605505,0.45064377634051095,0.6907533509270017,False,일반,2,1,A유형_구조적취약층
933400242,후기고령자(75+),822,3700,0.918918918918919,0.9197080280782141,0.6927918248284068,False,일반,2,1,A유형_구조적취약층
933400262,후기고령자(75+),1517,14300,0.6293706293706294,0.51417270895572,0.5118223307967502,False,일반,3,2,C유형_기타일반가구
