기준년월|구분명|광역시도코드|시군구코드(개정후)|행정구역분류코드(개정후)|광역시도명|시군구명(개정후)|행정구역분류명(개정후)|법정동코드|법정동명|성별|연령구간대|직업 구분|분위코드(연소득기준)|최저 연소득 금액|최대 연소득 금액|거주자수|평균 연소득 금액|중위 연소득 금액|총연소득합계
202405|PRVNC|26|41110|41110000|서울|서초구|역삼동|4111000000|역삼1가|2|25|0|10|242|27801|150|6805.0|6658|1020750
202405|CNTY_GU|44|11200|28110000|부산|강남구|서초동|4511000000|역삼1가|1|35|1|10|764|37352|329|5776.0|4560|1900304
202405|ADM|27|46110|26140000|경기|강남구|역삼동|4413000000|서초1동|2|35|0|1|183|7774|371|5331.0|4964|1977801
202405|CNTY_GU|27|11200|46110000|인천|수원시|서초동|4115000000|서초1동|1|65|3|2|422|42013|473|6568.0|5953|3106664
202405|CNTY_GU|42|11170|11200000|경기|성남시|서초동|1117000000|인계동|1|70|2|6|353|40108|84|5435.0|4194|456540
202405|PRVNC|47|41130|46110000|인천|성남시|서초동|1114000000|인계동|2|25|3|7|289|38772|312|4326.0|3352|1349712
202405|CNTY_GU|47|46110|45110000|인천|수원시|서초동|1114000000|역삼1가|2|65|2|7|582|5114|722|0.0|0|0
202405|PRVNC|46|11200|42110000|인천|서초구|인계동|4115000000|인계동|2|60|2|6|624|47573|77|3799.0|2857|292523
202405|CNTY_GU|11|46110|43110000|경기|서초구|서초동|4511000000|역삼1가|1|30|0|2|868|33983|739|7255.0|5754|5361445
202405|CNTY_GU|42|11200|43110000|서울|성남시|인계동|1114000000|인계동|2|45|1|5|660|31922|37|2800.0|2068|103600
202405|ADM|46|46110|42110000|대구|서초구|서초동|4115000000|서초1동|1|45|0|5|346|7964|768|5480.0|4249|4208640
202405|PRVNC|44|28110|11170000|경기|성남시|서초동|2711000000|역삼1가|1|30|1|9|550|39721|327|1067.0|862|348909
202405|ADM|41|27110|27110000|서울|성남시|역삼동|4611000000|서초1동|1|40|3|9|476|48020|555|6089.0|5278|3379395
202405|CNTY_GU|26|44130|41130000|인천|서초구|인계동|2711000000|인계동|1|30|0|9|754|46136|696|2102.0|1746|1462992
202405|ADM|42|41110|41110000|경기|서초구|서초동|4311000000|인계동|1|50|0|10|665|31331|614|5070.0|4032|3112980
202405|ADM|47|26110|44130000|부산|강남구|인계동|4711000000|역삼1가|2|40|0|2|420|26453|565|2554.0|1876|1443010
202405|ADM|27|27110|47110000|경기|수원시|서초동|2614000000|인계동|2|45|1|10|510|23898|59|1241.0|1077|73219
202405|ADM|26|26110|26110000|대구|서초구|역삼동|1117000000|서초1동|2|45|3|1|649|10333|246|5608.0|5339|1379568
202405|CNTY_GU|46|28110|44130000|경기|강남구|서초동|4711000000|역삼1가|1|45|1|1|481|21907|694|5805.0|5133|4028670
202405|ADM|46|41110|11170000|경기|성남시|서초동|4511000000|역삼1가|1|30|2|2|512|42753|748|6537.0|5687|4889676
202405|CNTY_GU|45|42110|47110000|서울|수원시|인계동|1120000000|서초1동|1|20|0|2|338|47135|235|6325.0|5154|1486375
202405|PRVNC|42|26140|41150000|서울|서초구|인계동|2614000000|서초1동|2|50|0|9|318|10320|526|4211.0|3618|2214986
202405|CNTY_GU|42|26110|47110000|경기|강남구|역삼동|4113000000|인계동|2|35|0|4|769|13348|365|7512.0|6770|2741880
202405|CNTY_GU|45|47110|46110000|경기|서초구|인계동|4111000000|서초1동|2|25|0|10|131|20018|671|0.0|0|0
202405|CNTY_GU|11|44130|11110000|경기|강남구|서초동|4111000000|인계동|1|40|2|7|312|25955|700|1385.0|1365|969500
202405|ADM|41|44130|47110000|경기|강남구|인계동|4611000000|인계동|2|70|2|7|189|40269|659|3616.0|2554|2382944
202405|ADM|11|27110|47110000|서울|강남구|서초동|4511000000|역삼1가|1|50|0|2|202|30923|614|5733.0|4589|3520062
202405|CNTY_GU|43|27110|28110000|인천|강남구|서초동|2811000000|서초1동|2|55|1|1|490|14458|498|5580.0|5550|2778840
202405|ADM|47|42110|28110000|서울|성남시|역삼동|4311000000|인계동|2|65|1|2|172|11037|796|7047.0|6646|5609412
202405|ADM|43|11170|28110000|부산|성남시|역삼동|4211000000|인계동|1|55|3|6|199|14594|751|4900.0|3511|3679900
202405|ADM|11|47110|41130000|경기|수원시|역삼동|4111000000|서초1동|1|45|0|9|906|13476|315|3873.0|3130|1219995
202405|CNTY_GU|42|11200|41150000|인천|성남시|역삼동|4611000000|서초1동|1|65|0|5|962|42251|361|2051.0|1858|740411
202405|ADM|43|11200|11140000|인천|서초구|서초동|4311000000|역삼1가|2|35|0|6|457|9930|306|7805.0|6753|2388330
202405|CNTY_GU|42|44130|11110000|경기|서초구|역삼동|1120000000|역삼1가|1|35|0|8|361|20315|629|4234.0|4150|2663186
202405|ADM|42|26110|11140000|서울|수원시|역삼동|2614000000|역삼1가|2|35|0|2|567|43391|708|6758.0|6330|4784664
202405|CNTY_GU|47|28110|41130000|서울|수원시|서초동|2614000000|역삼1가|1|40|3|8|155|27940|165|7773.0|6979|1282545
202405|ADM|27|47110|41130000|대구|서초구|인계동|4611000000|서초1동|2|60|3|7|275|6996|393|5693.0|5018|2237349
202405|CNTY_GU|42|11200|41150000|대구|수원시|인계동|4115000000|인계동|2|25|2|2|932|16790|753|2049.0|2048|1542897
202405|CNTY_GU|41|11140|26110000|서울|수원시|서초동|1111000000|서초1동|2|45|2|4|54|13643|176|4684.0|3984|824384
202405|ADM|26|41150|11170000|부산|서초구|서초동|2711000000|인계동|2|50|1|4|839|21430|585|3840.0|2693|2246400
202405|ADM|47|11110|26110000|인천|성남시|서초동|4211000000|서초1동|2|70|1|10|898|27775|654|5284.0|4875|3455736
202405|CNTY_GU|42|41150|45110000|대구|수원시|서초동|2811000000|인계동|2|40|3|3|251|40214|219|3326.0|2851|728394
202405|PRVNC|42|26110|28110000|경기|강남구|인계동|4211000000|역삼1가|2|45|3|10|501|47511|1|2019.0|1923|2019
202405|ADM|47|26140|41130000|서울|성남시|서초동|4311000000|인계동|2|55|0|6|668|43768|4|6223.0|5196|24892
202405|CNTY_GU|27|27110|11140000|부산|성남시|서초동|1114000000|서초1동|2|30|2|1|192|27521|653|7300.0|5465|4766900
202405|ADM|27|11170|45110000|대구|성남시|역삼동|4511000000|서초1동|2|40|0|1|722|26119|1|1269.0|1138|1269
202405|PRVNC|46|46110|11170000|서울|서초구|역삼동|4211000000|역삼1가|2|20|0|2|917|22154|779|2518.0|2453|1961522
202405|CNTY_GU|41|41130|41130000|대구|수원시|역삼동|2711000000|서초1동|2|20|0|6|494|27533|422|4171.0|3032|1760162
202405|PRVNC|42|27110|47110000|경기|강남구|인계동|2811000000|인계동|1|40|1|9|861|11114|96|6002.0|4528|576192
202405|ADM|27|41130|26140000|대구|수원시|서초동|2611000000|인계동|2|60|0|5|588|35658|609|2851.0|2191|1736259
202405|ADM|27|26140|28110000|부산|서초구|인계동|4115000000|역삼1가|2|40|3|4|24|10434|412|5009.0|3717|2063708
202405|ADM|41|28110|27110000|서울|성남시|인계동|4311000000|서초1동|2|50|1|6|843|17747|293|3084.0|2679|903612
202405|ADM|27|11170|26110000|대구|서초구|인계동|4113000000|서초1동|1|45|1|3|493|41768|267|3490.0|2523|931830
202405|ADM|42|47110|47110000|경기|수원시|인계동|4115000000|인계동|1|40|2|9|490|39052|592|3850.0|3832|2279200
202405|ADM|46|44130|43110000|서울|수원시|역삼동|4413000000|역삼1가|1|50|2|4|243|21435|339|3635.0|2728|1232265
202405|ADM|41|26140|28110000|대구|성남시|서초동|4311000000|인계동|2|70|2|5|456|47559|584|3041.0|2174|1775944
202405|ADM|27|41130|41150000|경기|성남시|인계동|4413000000|역삼1가|2|50|0|3|472|26568|655|2157.0|1726|1412835
202405|ADM|26|41110|41110000|인천|성남시|인계동|4611000000|서초1동|2|65|0|8|740|12711|747|4974.0|4192|3715578
202405|CNTY_GU|42|11140|47110000|인천|서초구|인계동|4211000000|역삼1가|1|40|0|7|578|47256|727|6405.0|6068|4656435
202405|ADM|41|41150|43110000|부산|강남구|역삼동|1120000000|서초1동|1|35|2|10|943|21507|768|3010.0|2663|2311680
202405|CNTY_GU|41|41110|26140000|경기|수원시|서초동|2611000000|서초1동|2|25|0|9|264|22812|531|3113.0|3097|1653003
202405|CNTY_GU|42|42110|44130000|경기|수원시|인계동|4311000000|역삼1가|1|50|0|1|922|10968|168|7421.0|6085|1246728
202405|ADM|43|26110|28110000|대구|수원시|인계동|1114000000|인계동|1|55|1|7|715|14980|26|3124.0|2274|81224
202405|ADM|42|45110|46110000|인천|강남구|역삼동|2611000000|인계동|1|50|0|1|616|9940|261|4131.0|4020|1078191
202405|PRVNC|26|43110|11110000|서울|성남시|인계동|4511000000|인계동|2|65|1|7|650|27159|394|3394.0|2960|1337236
202405|ADM|44|11200|42110000|경기|성남시|서초동|2611000000|역삼1가|1|30|1|2|545|31522|182|2085.0|1779|379470
202405|PRVNC|43|41130|41150000|인천|성남시|인계동|4311000000|서초1동|1|55|0|3|85|28934|619|3650.0|3048|2259350
202405|ADM|45|45110|26140000|부산|강남구|인계동|4311000000|역삼1가|1|45|3|8|626|17583|313|3023.0|2286|946199
202405|ADM|45|11110|41150000|서울|수원시|서초동|2711000000|인계동|1|35|1|3|253|5271|745|3300.0|2674|2458500
202405|CNTY_GU|46|11140|11170000|서울|서초구|서초동|2611000000|인계동|1|45|1|7|57|16749|34|6581.0|5249|223754
202405|CNTY_GU|45|44130|11170000|인천|수원시|역삼동|2614000000|인계동|2|55|2|2|387|48162|98|7296.0|5888|715008
202405|CNTY_GU|27|11140|28110000|인천|서초구|서초동|1111000000|서초1동|1|65|1|7|889|22747|386|1762.0|1379|680132
202405|CNTY_GU|26|27110|45110000|서울|성남시|역삼동|4113000000|역삼1가|1|50|0|10|71|15558|230|2217.0|1884|509910
202405|PRVNC|44|45110|11140000|대구|성남시|서초동|2811000000|인계동|1|55|1|7|36|36100|709|3658.0|3384|2593522
202405|ADM|26|44130|26110000|서울|성남시|역삼동|1117000000|서초1동|1|70|3|3|362|26604|406|4773.0|4715|1937838
202405|ADM|26|26140|46110000|대구|성남시|역삼동|2711000000|인계동|2|60|3|5|72|18257|581|7641.0|5618|4439421
202405|ADM|44|41130|28110000|부산|수원시|인계동|1117000000|서초1동|1|35|0|3|48|17958|560|6798.0|6547|3806880
202405|CNTY_GU|44|44130|47110000|대구|수원시|인계동|1111000000|서초1동|1|60|0|3|39|28887|453|1008.0|809|456624
202405|ADM|26|27110|11200000|대구|서초구|서초동|4211000000|역삼1가|1|30|0|5|772|49754|526|5942.0|5084|3125492
202405|CNTY_GU|47|44130|41110000|서울|수원시|서초동|2614000000|서초1동|2|30|3|2|729|41299|202|7798.0|5729|1575196
202405|ADM|11|45110|27110000|부산|수원시|역삼동|1120000000|서초1동|1|70|3|3|222|29453|327|2265.0|1678|740655
202405|ADM|46|42110|11110000|인천|수원시|인계동|2711000000|인계동|1|25|1|10|280|8213|199|3513.0|3318|699087
202405|ADM|46|42110|46110000|인천|강남구|인계동|4413000000|서초1동|1|60|2|8|736|35887|707|2810.0|2400|1986670
202405|PRVNC|44|11200|26140000|경기|수원시|인계동|4113000000|역삼1가|1|55|0|3|408|13199|68|2477.0|1913|168436
202405|CNTY_GU|41|45110|11140000|부산|서초구|역삼동|4311000000|서초1동|2|60|2|1|361|44019|688|3790.0|3702|2607520
202405|ADM|27|28110|27110000|대구|강남구|인계동|4111000000|인계동|1|50|0|4|248|28768|68|6778.0|6498|460904
202405|CNTY_GU|43|41130|41110000|대구|성남시|서초동|4511000000|역삼1가|1|60|0|2|477|11326|353|1529.0|1244|539737
202405|ADM|26|44130|27110000|인천|서초구|역삼동|1117000000|서초1동|2|70|0|8|922|17343|612|4284.0|3258|2621808
202405|PRVNC|45|26140|26140000|인천|수원시|인계동|4711000000|인계동|2|60|3|5|223|23802|371|7392.0|5961|2742432
202405|ADM|42|11140|42110000|대구|수원시|서초동|4211000000|인계동|2|35|0|8|995|47333|753|1739.0|1578|1309467
202405|ADM|43|11110|42110000|서울|강남구|역삼동|2614000000|역삼1가|2|65|0|9|226|33532|692|6416.0|5119|4439872
202405|ADM|41|41110|47110000|서울|강남구|서초동|4611000000|인계동|1|45|1|6|439|8181|677|5667.0|4775|3836559
202405|PRVNC|26|41130|11170000|경기|서초구|서초동|4113000000|역삼1가|2|30|0|8|521|27856|571|2432.0|2395|1388672
202405|PRVNC|44|11170|11110000|대구|수원시|역삼동|4413000000|서초1동|2|65|0|6|816|19804|749|6446.0|6334|4828054
202405|ADM|44|41150|45110000|경기|성남시|서초동|2711000000|인계동|1|40|1|7|741|40731|274|2556.0|2137|700344
202405|CNTY_GU|26|11140|47110000|인천|성남시|서초동|1117000000|인계동|2|35|0|10|252|5239|69|4156.0|4030|286764
202405|CNTY_GU|41|41150|42110000|서울|성남시|역삼동|2811000000|서초1동|1|50|0|10|744|45353|422|7286.0|5943|3074692
202405|ADM|11|28110|46110000|인천|성남시|인계동|4113000000|역삼1가|1|70|3|5|648|5246|286|6001.0|5068|1716286
202405|ADM|41|47110|41150000|인천|성남시|서초동|1114000000|인계동|2|65|1|6|48|29675|61|4414.0|3371|269254
202405|ADM|45|26140|45110000|대구|수원시|서초동|1120000000|서초1동|1|35|2|9|132|8051|192|1749.0|1353|335808
202405|CNTY_GU|43|44130|41110000|서울|서초구|역삼동|1120000000|서초1동|1|55|0|1|391|22277|47|1695.0|1540|79665
202405|PRVNC|44|44130|28110000|서울|서초구|역삼동|2711000000|서초1동|1|35|2|10|863|23414|80|1223.0|1141|97840
202405|ADM|43|46110|41130000|부산|수원시|서초동|1120000000|역삼1가|1|45|0|7|808|32199|640|1426.0|1242|912640
202405|ADM|41|41110|27110000|서울|서초구|서초동|4511000000|인계동|2|30|3|1|430|20010|191|2532.0|2258|483612
202405|ADM|42|41110|27110000|경기|성남시|서초동|4211000000|인계동|1|35|2|6|340|45962|432|4579.0|3632|1978128
202405|ADM|45|43110|41110000|서울|강남구|역삼동|1114000000|역삼1가|1|70|2|7|724|24041|514|7865.0|7631|4042610
202405|ADM|45|41110|41150000|부산|수원시|서초동|2614000000|인계동|2|45|0|6|53|45120|244|6919.0|6279|1688236
202405|ADM|42|42110|42110000|인천|강남구|역삼동|4611000000|인계동|1|60|1|10|640|21459|388|2228.0|2141|864464
202405|ADM|45|28110|11110000|인천|서초구|서초동|4511000000|서초1동|1|40|0|5|642|35309|374|7061.0|6578|2640814
202405|ADM|45|47110|26110000|부산|성남시|인계동|2614000000|역삼1가|2|20|0|5|781|8376|727|7437.0|6251|5406699
202405|CNTY_GU|42|47110|26110000|경기|강남구|인계동|2611000000|서초1동|2|55|0|3|967|20400|765|5094.0|4594|3896910
202405|ADM|46|26110|27110000|대구|성남시|서초동|4115000000|역삼1가|1|40|0|4|377|32268|108|3079.0|2284|332532
202405|PRVNC|26|11170|41150000|대구|성남시|서초동|4311000000|서초1동|2|35|0|6|942|20490|570|3455.0|2797|1969350
202405|CNTY_GU|45|44130|47110000|부산|수원시|서초동|4111000000|서초1동|2|30|2|4|602|19772|547|4441.0|3906|2429227
202405|CNTY_GU|43|11200|43110000|대구|성남시|역삼동|4111000000|서초1동|2|45|0|1|341|25993|756|2665.0|2004|2014740
202405|CNTY_GU|47|11200|11140000|부산|수원시|서초동|4113000000|역삼1가|2|65|3|8|611|29123|471|5929.0|5611|2792559
202405|ADM|26|45110|42110000|대구|성남시|역삼동|4115000000|인계동|2|40|1|3|136|25644|351|5660.0|4603|1986660
202405|CNTY_GU|11|45110|11200000|인천|서초구|서초동|4115000000|서초1동|1|50|1|7|199|41051|593|2189.0|2134|1298077
202405|PRVNC|11|11110|43110000|부산|서초구|역삼동|2614000000|서초1동|2|25|1|10|311|30713|549|1243.0|1178|682407
202405|CNTY_GU|26|45110|11110000|인천|서초구|역삼동|1114000000|서초1동|1|55|1|5|186|45978|376|2397.0|1872|901272
202405|ADM|43|47110|27110000|부산|성남시|서초동|4115000000|서초1동|1|60|0|1|821|14205|573|3670.0|2579|2102910
202405|CNTY_GU|45|44130|41150000|인천|강남구|역삼동|1120000000|서초1동|1|40|1|6|709|44285|31|2771.0|1995|85901
202405|ADM|46|11200|11200000|경기|성남시|인계동|4115000000|역삼1가|2|40|0|1|816|19888|756|4935.0|3572|3730860
202405|ADM|45|26140|41110000|대구|성남시|인계동|4311000000|인계동|1|25|1|6|233|21477|315|4339.0|3417|1366785
202405|ADM|27|41150|28110000|서울|수원시|인계동|4311000000|인계동|2|70|0|10|50|41227|242|3735.0|2637|903870
202405|ADM|42|11170|11140000|경기|성남시|역삼동|4311000000|인계동|2|50|0|3|626|12941|171|3422.0|2873|585162
202405|CNTY_GU|11|45110|27110000|대구|강남구|인계동|4111000000|서초1동|1|30|1|4|412|45467|104|6076.0|5316|631904
202405|CNTY_GU|43|45110|28110000|경기|서초구|인계동|4113000000|서초1동|1|60|2|1|960|30174|248|1601.0|1496|397048
202405|CNTY_GU|45|45110|41130000|인천|서초구|인계동|4413000000|서초1동|2|60|0|3|200|31441|17|3461.0|3347|58837
202405|CNTY_GU|27|41150|11200000|대구|서초구|서초동|4711000000|인계동|1|30|1|1|270|44241|181|2870.0|2032|519470
202405|CNTY_GU|43|46110|44130000|대구|강남구|서초동|4711000000|역삼1가|2|45|3|6|365|30160|564|6412.0|6381|3616368
202405|ADM|41|28110|41150000|대구|강남구|역삼동|1111000000|역삼1가|2|45|3|5|877|41257|508|6792.0|5920|3450336
202405|ADM|46|27110|44130000|서울|서초구|서초동|2614000000|역삼1가|2|40|0|7|978|16948|393|6909.0|6187|2715237
202405|ADM|11|28110|44130000|부산|서초구|역삼동|4611000000|서초1동|2|65|0|7|525|25546|738|4615.0|3541|3405870
202405|ADM|45|26110|43110000|부산|성남시|서초동|4115000000|역삼1가|1|55|0|1|236|15054|609|7433.0|6262|4526697
202405|CNTY_GU|11|11140|11140000|부산|서초구|역삼동|2811000000|서초1동|1|65|1|10|587|39873|120|7631.0|6129|915720
202405|ADM|42|41110|27110000|대구|성남시|서초동|4115000000|역삼1가|2|45|2|3|38|45662|447|7368.0|6050|3293496
202405|PRVNC|44|41150|43110000|경기|강남구|서초동|4611000000|인계동|1|60|0|9|268|13346|312|2941.0|2382|917592
202405|ADM|42|44130|27110000|부산|성남시|서초동|4413000000|인계동|1|35|1|10|400|46833|384|3548.0|2658|1362432
202405|PRVNC|43|41110|28110000|부산|성남시|서초동|2811000000|서초1동|1|35|2|4|925|6147|230|2834.0|2263|651820
202405|CNTY_GU|44|47110|27110000|대구|강남구|인계동|4311000000|서초1동|1|45|0|8|87|40663|784|5605.0|5166|4394320
202405|CNTY_GU|45|47110|41110000|부산|강남구|인계동|4413000000|역삼1가|1|45|0|6|711|46105|94|3979.0|3109|374026
202405|ADM|11|11170|11110000|인천|성남시|역삼동|4211000000|인계동|1|20|0|7|261|40845|86|5471.0|5048|470506
202405|ADM|41|42110|28110000|인천|수원시|역삼동|4711000000|역삼1가|1|50|1|5|709|47725|321|1555.0|1305|499155
202405|CNTY_GU|43|41150|41150000|인천|수원시|역삼동|2811000000|서초1동|1|20|0|1|432|44673|689|0.0|0|0
202405|PRVNC|46|47110|43110000|경기|서초구|서초동|4511000000|역삼1가|1|30|0|3|856|37683|637|3213.0|2596|2046681
202405|ADM|44|45110|41150000|대구|강남구|서초동|1120000000|서초1동|2|35|3|3|101|13319|288|7830.0|7745|2255040
202405|CNTY_GU|41|11170|43110000|서울|서초구|역삼동|1114000000|서초1동|1|60|0|3|110|20181|222|3523.0|2519|782106
202405|ADM|46|11200|11140000|대구|성남시|서초동|1117000000|인계동|1|30|0|7|610|13727|261|2906.0|2119|758466
202405|ADM|41|42110|41130000|인천|강남구|서초동|4413000000|인계동|2|40|2|9|100|8775|210|5351.0|4162|1123710
202405|CNTY_GU|46|26110|42110000|경기|서초구|서초동|1120000000|역삼1가|1|55|3|1|910|26328|471|7965.0|7682|3751515
202405|ADM|43|44130|11200000|인천|성남시|역삼동|2811000000|인계동|1|30|1|2|82|6566|742|1993.0|1833|1478806
202405|ADM|45|41130|27110000|서울|수원시|서초동|2711000000|인계동|1|25|2|4|314|12920|482|3604.0|2818|1737128
202405|ADM|43|41150|27110000|부산|서초구|인계동|2611000000|역삼1가|2|20|0|1|881|6093|518|7220.0|5070|3739960
202405|ADM|45|45110|11110000|대구|수원시|서초동|1120000000|역삼1가|2|70|0|10|484|39822|273|7677.0|7262|2095821
202405|ADM|45|41150|44130000|서울|수원시|인계동|4311000000|역삼1가|1|20|3|3|902|18205|228|7133.0|6819|1626324
202405|ADM|43|41150|41130000|인천|수원시|인계동|4211000000|인계동|1|55|3|8|741|42515|88|3494.0|2718|307472
202405|ADM|42|11170|26140000|부산|서초구|인계동|2811000000|역삼1가|1|20|0|5|428|17127|28|4708.0|3329|131824
202405|ADM|42|45110|47110000|부산|성남시|역삼동|4211000000|인계동|2|60|2|4|866|31557|354|7117.0|7054|2519418
202405|ADM|47|26140|46110000|대구|성남시|역삼동|4113000000|서초1동|2|55|0|1|666|16616|792|3945.0|3201|3124440
202405|ADM|43|26110|11140000|부산|수원시|역삼동|1117000000|역삼1가|1|70|0|5|659|31098|615|7213.0|5541|4435995
202405|ADM|42|41150|26110000|인천|강남구|서초동|4413000000|서초1동|2|70|2|4|848|44852|780|5889.0|5831|4593420
202405|ADM|41|11170|47110000|대구|서초구|서초동|2711000000|인계동|2|70|1|3|141|22161|236|2322.0|2142|547992
202405|ADM|11|41110|41130000|인천|성남시|역삼동|4413000000|서초1동|1|25|0|9|359|12805|536|2427.0|1820|1300872
202405|ADM|26|42110|27110000|경기|성남시|역삼동|1111000000|역삼1가|2|50|1|1|404|16745|481|5082.0|4255|2444442
202405|ADM|43|45110|41150000|대구|수원시|역삼동|2811000000|인계동|2|60|1|4|263|10312|102|4947.0|4088|504594
202405|CNTY_GU|11|11200|44130000|부산|서초구|역삼동|4611000000|인계동|1|30|0|1|309|37657|21|7150.0|5844|150150
202405|ADM|45|44130|11170000|부산|성남시|인계동|2811000000|서초1동|2|30|0|6|967|23207|579|3009.0|2715|1742211
202405|ADM|41|44130|11200000|경기|서초구|서초동|4413000000|역삼1가|2|40|3|6|1|26592|3|6044.0|4465|18132
202405|CNTY_GU|42|41130|41110000|부산|성남시|인계동|2811000000|인계동|2|65|3|10|192|40084|363|7459.0|6207|2707617
202405|ADM|43|45110|11200000|서울|성남시|인계동|4211000000|인계동|2|60|3|1|545|30422|640|5955.0|5131|3811200
202405|ADM|41|41150|26110000|경기|수원시|역삼동|4211000000|인계동|1|60|2|8|501|26257|40|4363.0|3869|174520
202405|CNTY_GU|44|26110|11170000|대구|성남시|역삼동|2611000000|역삼1가|1|35|3|9|898|10988|138|7626.0|5682|1052388
202405|ADM|43|42110|26110000|서울|수원시|서초동|4711000000|서초1동|1|60|3|7|588|34962|107|0.0|0|0
202405|CNTY_GU|41|41150|41150000|서울|서초구|역삼동|2614000000|서초1동|2|25|1|10|976|22556|484|4009.0|3475|1940356
202405|CNTY_GU|44|42110|41110000|대구|수원시|인계동|2611000000|서초1동|2|70|1|10|376|34359|36|6337.0|6258|228132
202405|PRVNC|27|11170|41150000|경기|서초구|인계동|1117000000|역삼1가|2|45|1|1|975|6547|546|2029.0|1643|1107834
202405|PRVNC|44|42110|26140000|대구|성남시|서초동|2611000000|인계동|1|55|0|1|491|11874|94|6490.0|6324|610060
202405|ADM|11|45110|43110000|서울|성남시|서초동|4711000000|서초1동|2|70|0|2|109|45941|436|2661.0|1940|1160196
202405|CNTY_GU|42|41110|41150000|서울|수원시|역삼동|4211000000|서초1동|2|40|3|10|807|38346|445|2647.0|2623|1177915
202405|ADM|42|41110|11110000|인천|강남구|역삼동|4115000000|서초1동|2|35|1|2|202|32291|620|1770.0|1651|1097400
202405|ADM|41|11170|43110000|대구|성남시|인계동|2811000000|인계동|2|35|0|2|719|10423|589|5267.0|4373|3102263
202405|ADM|46|26140|42110000|인천|강남구|서초동|2611000000|인계동|2|25|3|6|891|30717|354|1907.0|1378|675078
202405|ADM|46|47110|43110000|부산|서초구|서초동|1111000000|서초1동|2|55|2|1|795|37075|782|7061.0|6648|5521702
202405|ADM|45|46110|41130000|서울|강남구|인계동|4311000000|서초1동|1|70|1|8|295|40330|200|1440.0|1190|288000
202405|CNTY_GU|27|11110|11200000|경기|강남구|역삼동|1114000000|인계동|2|65|3|5|282|46553|787|3891.0|3462|3062217
202405|ADM|41|42110|44130000|인천|성남시|서초동|1120000000|인계동|1|70|2|10|109|43365|790|3979.0|3308|3143410
202405|CNTY_GU|41|11110|26140000|경기|강남구|역삼동|4115000000|서초1동|1|30|0|9|265|10210|650|1777.0|1364|1155050
202405|PRVNC|45|42110|11200000|서울|수원시|역삼동|4111000000|서초1동|1|25|2|6|568|20467|432|7316.0|5294|3160512
202405|ADM|44|46110|47110000|부산|수원시|인계동|2711000000|역삼1가|2|35|0|4|250|10689|41|7079.0|7053|290239
202405|ADM|26|41130|41130000|경기|수원시|인계동|4211000000|인계동|2|50|2|1|846|11933|362|7710.0|5986|2791020
202405|ADM|42|41110|46110000|서울|성남시|서초동|4115000000|인계동|1|55|0|1|535|49465|363|7271.0|6073|2639373
202405|ADM|43|26110|27110000|경기|성남시|서초동|2614000000|역삼1가|1|60|0|1|577|23666|317|1780.0|1550|564260
202405|ADM|41|44130|46110000|부산|강남구|서초동|4311000000|역삼1가|1|20|2|1|161|48715|42|2071.0|1934|86982
202405|ADM|11|46110|47110000|인천|수원시|서초동|4711000000|서초1동|2|50|0|5|893|48938|735|7545.0|5901|5545575
202405|CNTY_GU|26|27110|41150000|대구|수원시|역삼동|2614000000|인계동|2|35|3|4|965|26907|510|2504.0|2329|1277040
202405|CNTY_GU|47|42110|26140000|서울|강남구|역삼동|4413000000|서초1동|2|35|0|2|643|31160|43|5472.0|4035|235296
202405|ADM|43|28110|41130000|인천|수원시|역삼동|4113000000|인계동|2|60|0|10|820|11765|127|2674.0|2527|339598
202405|CNTY_GU|26|11200|41150000|대구|수원시|서초동|4113000000|역삼1가|1|65|0|10|660|14634|650|0.0|0|0
202405|CNTY_GU|47|42110|41130000|대구|수원시|서초동|2811000000|서초1동|1|50|2|7|983|33723|526|6844.0|6645|3599944
202405|CNTY_GU|47|41130|26140000|부산|수원시|서초동|4115000000|서초1동|2|20|1|9|401|44037|139|1913.0|1363|265907
202405|ADM|46|41110|43110000|부산|강남구|역삼동|4611000000|인계동|2|40|1|6|244|28701|204|7690.0|6531|1568760
202405|ADM|43|44130|43110000|서울|성남시|서초동|1117000000|인계동|2|70|2|5|528|14129|101|3550.0|3432|358550
202405|CNTY_GU|45|46110|11110000|인천|강남구|역삼동|4711000000|인계동|1|50|1|3|647|22500|522|3764.0|3529|1964808
202405|ADM|47|26110|41150000|서울|서초구|서초동|1120000000|서초1동|1|60|3|7|829|31744|56|7878.0|7596|441168
202405|ADM|42|42110|11170000|인천|성남시|역삼동|4211000000|서초1동|1|45|0|10|907|37894|585|7540.0|6896|4410900
202405|ADM|47|28110|47110000|경기|성남시|인계동|4115000000|인계동|1|45|0|10|73|9420|307|5653.0|5401|1735471
202405|ADM|46|41110|26110000|부산|강남구|서초동|2711000000|인계동|2|50|2|1|441|15752|232|1144.0|821|265408
202405|CNTY_GU|44|26140|41150000|부산|성남시|서초동|4311000000|서초1동|2|65|3|1|657|13334|2|3372.0|2560|6744
202405|CNTY_GU|47|45110|41150000|대구|수원시|역삼동|4711000000|인계동|2|70|2|1|484|40015|793|3775.0|3462|2993575
202405|ADM|42|11110|44130000|대구|강남구|역삼동|4413000000|역삼1가|2|45|0|2|96|17478|342|7325.0|6915|2505150
202405|PRVNC|27|41130|26110000|서울|강남구|인계동|2614000000|역삼1가|1|70|2|3|40|34235|186|1812.0|1367|337032
202405|ADM|47|28110|44130000|서울|강남구|역삼동|2711000000|인계동|2|60|0|6|732|10789|779|7194.0|6772|5604126
202405|ADM|42|26140|11170000|서울|강남구|인계동|4113000000|서초1동|2|60|1|5|957|10234|80|7898.0|6069|631840
202405|CNTY_GU|44|26140|11110000|대구|서초구|인계동|1120000000|인계동|1|70|2|7|626|10093|222|2621.0|2357|581862
202405|ADM|46|11170|11140000|부산|강남구|서초동|4611000000|인계동|2|30|1|9|741|24225|1|2375.0|2031|2375
202405|PRVNC|26|11170|11110000|부산|강남구|역삼동|1111000000|인계동|2|20|2|1|528|5911|453|7899.0|7352|3578247
202405|CNTY_GU|46|26140|46110000|대구|서초구|인계동|4115000000|서초1동|2|25|1|8|966|28307|330|7539.0|6256|2487870
202405|ADM|44|11140|11140000|인천|성남시|인계동|2611000000|인계동|2|50|3|7|339|17128|278|3965.0|3017|1102270
202405|ADM|46|41150|42110000|인천|성남시|역삼동|2711000000|서초1동|2|65|0|4|222|26524|664|6436.0|6093|4273504
202405|ADM|27|41130|41130000|부산|성남시|인계동|1117000000|서초1동|2|25|1|7|729|32695|49|7810.0|7638|382690
202405|ADM|47|47110|28110000|경기|서초구|서초동|1111000000|인계동|1|45|2|7|772|26079|414|7235.0|6419|2995290
202405|CNTY_GU|26|46110|11170000|서울|수원시|인계동|4115000000|서초1동|2|50|1|3|858|40699|547|3245.0|3113|1775015
202405|ADM|27|43110|11140000|대구|서초구|서초동|4413000000|인계동|2|50|1|8|208|40590|1|4556.0|3219|4556
202405|CNTY_GU|43|41110|41110000|대구|수원시|인계동|1114000000|서초1동|2|35|3|5|128|32514|630|1655.0|1429|1042650
202405|ADM|43|41150|41150000|경기|성남시|인계동|1114000000|서초1동|2|35|0|2|151|29341|420|4582.0|3737|1924440
202405|ADM|46|11140|41150000|서울|서초구|역삼동|1120000000|서초1동|1|20|0|10|911|30708|342|1308.0|1194|447336
202405|ADM|26|11200|41150000|경기|서초구|서초동|1114000000|인계동|2|30|1|4|916|15097|691|2032.0|1622|1404112
202405|ADM|47|43110|27110000|경기|성남시|서초동|2811000000|서초1동|1|20|3|6|630|27419|4|3759.0|2646|15036
202405|PRVNC|43|43110|11110000|인천|수원시|역삼동|1120000000|서초1동|1|45|3|3|128|31375|191|1873.0|1576|357743
202405|ADM|44|11110|44130000|대구|수원시|역삼동|4111000000|인계동|1|55|3|6|730|46964|651|2949.0|2590|1919799
202405|PRVNC|11|41110|26140000|인천|수원시|인계동|4115000000|인계동|2|50|2|9|671|18130|99|5625.0|5081|556875
202405|CNTY_GU|26|26140|42110000|부산|강남구|인계동|2614000000|인계동|2|55|0|4|784|36556|23|7662.0|7277|176226
202405|ADM|42|43110|44130000|서울|성남시|서초동|4611000000|서초1동|2|25|1|9|415|13788|698|2921.0|2920|2038858
202405|ADM|43|41150|47110000|서울|성남시|서초동|4111000000|역삼1가|2|50|2|5|43|9232|10|5452.0|5063|54520
202405|CNTY_GU|43|27110|45110000|인천|강남구|역삼동|1111000000|역삼1가|1|30|1|9|930|49760|689|4323.0|3422|2978547
202405|ADM|26|46110|45110000|서울|서초구|인계동|2811000000|서초1동|1|55|2|1|442|16490|642|5603.0|5502|3597126
202405|CNTY_GU|44|41110|26110000|인천|수원시|인계동|4211000000|역삼1가|1|60|3|6|516|33481|680|1858.0|1678|1263440
202405|CNTY_GU|27|26140|41150000|경기|성남시|서초동|2811000000|인계동|1|50|3|8|849|16672|43|6096.0|5903|262128
202405|ADM|27|41110|28110000|서울|강남구|서초동|4111000000|인계동|2|40|0|4|640|19891|221|5125.0|4226|1132625
202405|CNTY_GU|26|46110|41110000|서울|강남구|인계동|4311000000|서초1동|1|40|0|7|312|39546|150|5061.0|3758|759150
202405|PRVNC|46|27110|44130000|인천|서초구|역삼동|4115000000|서초1동|2|50|0|6|761|17207|637|1544.0|1396|983528
202405|ADM|44|26110|47110000|경기|강남구|서초동|1117000000|인계동|1|65|0|5|513|7942|217|7762.0|5749|1684354
202405|ADM|11|41130|41150000|경기|서초구|역삼동|4211000000|인계동|2|55|2|9|351|23641|207|2219.0|2132|459333
202405|ADM|26|26110|11170000|경기|수원시|서초동|1117000000|인계동|2|25|1|2|498|39508|470|1098.0|980|516060
202405|ADM|44|26110|27110000|서울|성남시|서초동|4211000000|인계동|2|60|1|7|939|39795|497|2028.0|1688|1007916
202405|ADM|44|41130|11200000|서울|강남구|인계동|4211000000|인계동|1|25|2|1|914|31829|399|5768.0|4260|2301432
202405|ADM|47|11140|47110000|대구|수원시|서초동|4511000000|서초1동|2|40|0|9|74|39339|99|1963.0|1539|194337
202405|CNTY_GU|47|46110|47110000|서울|서초구|인계동|4711000000|인계동|1|40|3|5|18|41168|335|7579.0|5948|2538965
202405|CNTY_GU|46|11200|41110000|경기|수원시|역삼동|1114000000|인계동|2|50|0|1|128|30335|337|5376.0|3837|1811712
202405|ADM|46|42110|11200000|경기|강남구|역삼동|4711000000|인계동|1|60|0|3|196|25521|418|3230.0|2402|1350140
202405|ADM|43|41110|41150000|인천|강남구|역삼동|1120000000|인계동|1|35|3|6|666|41932|726|1255.0|1107|911130
202405|CNTY_GU|47|26110|46110000|부산|성남시|인계동|1111000000|서초1동|2|50|2|7|698|35761|289|1674.0|1190|483786
202405|CNTY_GU|26|11140|41110000|인천|서초구|역삼동|4511000000|역삼1가|1|50|0|9|434|28773|18|5713.0|4811|102834
202405|ADM|43|26110|11200000|부산|성남시|역삼동|4611000000|인계동|2|50|0|9|677|9860|85|4381.0|3849|372385
202405|CNTY_GU|11|27110|11170000|서울|서초구|인계동|1114000000|서초1동|2|20|2|6|342|40851|125|5716.0|4424|714500
202405|CNTY_GU|45|11140|41150000|부산|강남구|서초동|2811000000|서초1동|2|45|2|2|263|7156|695|0.0|0|0
202405|ADM|45|42110|41130000|인천|강남구|서초동|4711000000|서초1동|1|70|3|4|756|41073|3|2396.0|2006|7188
202405|ADM|47|42110|26140000|서울|서초구|인계동|4311000000|인계동|1|35|0|7|553|30202|237|7192.0|6661|1704504
202405|ADM|26|41110|26110000|경기|서초구|서초동|2811000000|역삼1가|1|60|3|4|767|30317|636|4311.0|3305|2741796
202405|ADM|45|11200|43110000|인천|강남구|역삼동|4413000000|역삼1가|2|55|0|5|364|48057|782|7481.0|5313|5850142
202405|ADM|11|41130|11110000|부산|서초구|역삼동|2711000000|역삼1가|1|70|0|1|869|13240|1|2232.0|1611|2232
202405|ADM|11|44130|43110000|경기|수원시|역삼동|2611000000|서초1동|2|35|1|7|685|24205|629|5226.0|4116|3287154
202405|CNTY_GU|42|43110|11170000|서울|서초구|서초동|2811000000|서초1동|2|65|3|9|173|38070|610|3087.0|2442|1883070
202405|ADM|47|27110|47110000|서울|강남구|서초동|4511000000|역삼1가|2|35|1|10|712|45697|215|3057.0|2315|657255
202405|CNTY_GU|26|11170|46110000|부산|성남시|인계동|2611000000|인계동|1|45|0|7|811|42521|778|6446.0|5159|5014988
202405|CNTY_GU|41|28110|11140000|서울|강남구|서초동|4115000000|인계동|1|45|1|1|872|36026|751|1137.0|837|853887
202405|CNTY_GU|46|26110|44130000|대구|수원시|인계동|4511000000|인계동|2|55|1|10|674|28915|557|4545.0|4390|2531565
202405|CNTY_GU|47|44130|41150000|서울|강남구|역삼동|1111000000|서초1동|1|35|3|5|171|45840|776|4275.0|3382|3317400
202405|ADM|43|28110|11110000|대구|성남시|서초동|4115000000|역삼1가|1|40|1|2|852|36866|355|7752.0|7126|2751960
202405|ADM|41|42110|26140000|부산|수원시|서초동|4611000000|인계동|1|70|1|1|655|29992|562|1319.0|1285|741278
202405|ADM|46|26110|41150000|대구|성남시|인계동|2611000000|인계동|1|55|3|3|595|26997|505|7567.0|7421|3821335
202405|CNTY_GU|43|11200|11170000|인천|서초구|인계동|1117000000|역삼1가|1|50|0|1|987|19840|480|7886.0|6859|3785280
202405|CNTY_GU|41|28110|41150000|부산|강남구|서초동|4413000000|역삼1가|1|25|0|6|882|5292|247|2517.0|2008|621699
202405|ADM|27|43110|26140000|경기|강남구|인계동|2614000000|서초1동|1|70|2|7|120|37269|283|5312.0|5162|1503296
202405|ADM|47|46110|41110000|서울|성남시|서초동|4311000000|인계동|2|60|2|1|775|40152|79|6691.0|6635|528589
202405|CNTY_GU|42|45110|11170000|부산|성남시|서초동|4111000000|역삼1가|1|70|3|8|833|7378|399|7899.0|7312|3151701
202405|ADM|47|11140|11170000|서울|수원시|서초동|4113000000|서초1동|1|40|0|7|931|25326|118|3394.0|2964|400492
202405|ADM|26|42110|46110000|인천|성남시|역삼동|2711000000|인계동|1|30|1|8|710|19930|402|2921.0|2190|1174242
202405|ADM|43|26140|46110000|서울|성남시|인계동|2811000000|역삼1가|1|60|0|4|648|48382|351|3684.0|3271|1293084
202405|ADM|42|11200|44130000|인천|강남구|서초동|1111000000|인계동|1|55|2|1|207|41968|109|3053.0|2352|332777
202405|ADM|26|45110|41110000|대구|성남시|인계동|4511000000|인계동|1|65|0|2|412|6283|228|5168.0|3894|1178304
202405|CNTY_GU|47|11140|46110000|서울|성남시|서초동|2614000000|서초1동|1|20|1|3|231|23449|710|7526.0|6172|5343460
202405|ADM|11|41130|43110000|부산|성남시|역삼동|1120000000|역삼1가|2|50|1|4|397|44089|38|4529.0|3713|172102
202405|CNTY_GU|11|44130|41130000|경기|수원시|인계동|1111000000|인계동|1|30|1|5|641|34419|171|6680.0|5693|1142280
202405|CNTY_GU|47|47110|45110000|경기|수원시|인계동|4611000000|역삼1가|1|45|0|10|406|11153|304|7547.0|6154|2294288
202405|ADM|27|28110|45110000|대구|서초구|역삼동|4311000000|서초1동|2|70|1|7|142|24254|588|7809.0|5555|4591692
202405|PRVNC|43|11170|47110000|경기|서초구|역삼동|4115000000|역삼1가|2|60|1|7|678|8617|682|7339.0|6197|5005198
202405|PRVNC|26|28110|47110000|인천|강남구|서초동|4113000000|서초1동|2|35|0|9|337|15863|620|3535.0|2793|2191700
202405|PRVNC|27|43110|11140000|서울|수원시|인계동|4711000000|서초1동|2|50|2|7|335|23250|67|4134.0|3626|276978
202405|ADM|46|41110|47110000|서울|서초구|서초동|4311000000|서초1동|1|45|3|2|489|44307|298|2853.0|2355|850194
202405|CNTY_GU|41|45110|27110000|대구|성남시|인계동|4611000000|역삼1가|2|45|3|8|10|13167|721|6787.0|5574|4893427
202405|ADM|46|42110|42110000|인천|강남구|서초동|4111000000|역삼1가|2|25|3|7|747|28611|588|5211.0|4985|3064068
202405|ADM|47|47110|41110000|경기|강남구|역삼동|1114000000|인계동|1|55|2|9|98|34501|129|7397.0|6822|954213
202405|ADM|47|41150|26140000|대구|성남시|인계동|2611000000|인계동|2|50|2|7|789|39733|324|7234.0|6782|2343816
202405|CNTY_GU|47|11170|41130000|대구|서초구|인계동|2614000000|서초1동|2|25|2|6|795|32285|368|6066.0|5400|2232288
202405|ADM|42|11140|41130000|경기|수원시|인계동|4611000000|서초1동|1|30|1|1|239|10880|173|7847.0|7564|1357531
202405|ADM|27|41130|46110000|부산|서초구|인계동|4211000000|인계동|1|45|0|5|923|42641|713|5885.0|5234|4196005
202405|PRVNC|45|47110|47110000|경기|강남구|인계동|1120000000|인계동|2|45|2|3|571|47609|593|2114.0|1498|1253602
202405|CNTY_GU|43|27110|41110000|대구|서초구|인계동|1117000000|역삼1가|2|30|1|1|71|43256|64|4949.0|4210|316736
202405|PRVNC|26|11110|11110000|경기|강남구|인계동|2811000000|서초1동|2|60|2|7|187|13378|182|6060.0|5286|1102920
202405|ADM|46|41150|44130000|부산|수원시|역삼동|4113000000|역삼1가|2|55|3|8|325|18156|4|5845.0|5654|23380
202405|CNTY_GU|46|41150|45110000|대구|강남구|역삼동|2811000000|역삼1가|1|35|0|1|11|7632|577|3826.0|3270|2207602
202405|CNTY_GU|45|11140|28110000|경기|성남시|서초동|2614000000|서초1동|1|60|3|3|526|39770|602|2037.0|1570|1226274
202405|ADM|42|41150|26140000|경기|서초구|인계동|4115000000|인계동|2|50|0|9|182|14637|752|4238.0|3539|3186976
202405|ADM|44|41110|27110000|경기|강남구|서초동|4711000000|인계동|2|35|0|2|767|47329|462|2442.0|2019|1128204
202405|ADM|26|11170|28110000|인천|서초구|인계동|4611000000|서초1동|2|60|1|8|564|33120|153|6524.0|5656|998172
202405|CNTY_GU|46|11110|26110000|대구|서초구|인계동|1120000000|서초1동|2|45|3|10|697|19425|35|3574.0|2785|125090
202405|ADM|46|41150|26140000|대구|강남구|역삼동|4413000000|인계동|2|40|3|10|166|25592|56|7915.0|6323|443240
202405|ADM|46|26140|26140000|인천|서초구|서초동|1114000000|서초1동|1|20|1|7|989|21114|438|7603.0|7513|3330114
202405|CNTY_GU|42|11200|11170000|인천|서초구|인계동|1114000000|인계동|2|60|1|10|677|9176|508|6670.0|5646|3388360
202405|CNTY_GU|44|44130|41150000|부산|수원시|서초동|2811000000|역삼1가|1|35|1|6|584|11876|120|3090.0|2949|370800
202405|CNTY_GU|11|26110|27110000|대구|성남시|역삼동|2611000000|서초1동|1|35|3|9|928|29073|318|3394.0|3354|1079292
202405|CNTY_GU|42|28110|11110000|인천|서초구|서초동|2611000000|서초1동|1|60|3|7|420|49814|325|1900.0|1791|617500
202405|CNTY_GU|43|41130|41150000|인천|성남시|인계동|4115000000|역삼1가|1|25|0|4|449|12883|274|1633.0|1336|447442
202405|CNTY_GU|46|45110|26140000|경기|강남구|인계동|4413000000|서초1동|1|70|0|4|909|47918|181|4240.0|3220|767440
202405|CNTY_GU|46|46110|11170000|대구|수원시|역삼동|4113000000|역삼1가|1|40|0|8|850|12364|2|3295.0|3101|6590
202405|CNTY_GU|45|11110|42110000|부산|강남구|서초동|1111000000|역삼1가|2|40|3|9|297|36896|605|3374.0|2985|2041270
202405|ADM|26|26140|42110000|부산|강남구|서초동|4711000000|서초1동|1|55|2|4|683|46481|547|6057.0|4817|3313179
202405|ADM|26|42110|11140000|대구|수원시|서초동|4211000000|서초1동|2|40|0|5|210|6069|646|7933.0|7477|5124718
202405|CNTY_GU|46|42110|43110000|부산|강남구|인계동|2811000000|역삼1가|2|35|2|3|62|18122|714|1113.0|971|794682
202405|CNTY_GU|43|11140|41130000|경기|강남구|인계동|2711000000|인계동|1|30|1|6|271|28083|167|3709.0|3465|619403
202405|PRVNC|46|26110|11170000|부산|성남시|역삼동|4413000000|역삼1가|1|40|1|2|124|29310|298|2662.0|2268|793276
202405|ADM|43|11170|28110000|서울|수원시|역삼동|4611000000|역삼1가|2|70|1|4|310|44274|514|4941.0|4366|2539674
202405|CNTY_GU|11|11200|47110000|서울|수원시|역삼동|1114000000|역삼1가|2|30|2|1|284|19456|446|2308.0|1868|1029368
202405|CNTY_GU|47|44130|11140000|서울|성남시|인계동|4611000000|역삼1가|1|70|0|10|479|9004|646|7758.0|6235|5011668
202405|CNTY_GU|46|47110|41110000|서울|수원시|서초동|2811000000|역삼1가|2|50|3|5|958|34349|746|5347.0|4898|3988862
202405|CNTY_GU|42|11110|11140000|대구|강남구|서초동|4413000000|서초1동|2|55|3|5|289|23911|350|7237.0|5896|2532950
202405|CNTY_GU|27|45110|11200000|서울|성남시|역삼동|1111000000|인계동|2|60|0|4|396|14065|513|5434.0|4465|2787642
202405|CNTY_GU|27|27110|41150000|부산|서초구|역삼동|2811000000|인계동|1|20|2|1|851|9177|733|7318.0|5777|5364094
202405|CNTY_GU|46|45110|41130000|대구|성남시|역삼동|4113000000|인계동|2|70|1|6|339|19862|429|3411.0|3202|1463319
202405|ADM|26|46110|41110000|부산|성남시|역삼동|2811000000|서초1동|2|60|1|9|991|45308|176|6545.0|6207|1151920
202405|ADM|43|28110|41130000|경기|강남구|서초동|1114000000|역삼1가|2|60|0|5|672|6948|641|3591.0|2683|2301831
202405|CNTY_GU|47|11170|43110000|서울|성남시|서초동|1111000000|역삼1가|2|40|1|5|964|33561|103|3536.0|3203|364208
202405|ADM|43|11170|28110000|인천|강남구|인계동|4511000000|역삼1가|1|50|2|6|802|16549|551|3839.0|2970|2115289
202405|PRVNC|43|47110|41150000|경기|성남시|인계동|4611000000|인계동|1|50|0|6|682|32908|125|6417.0|4961|802125
202405|CNTY_GU|42|44130|46110000|부산|수원시|서초동|4211000000|역삼1가|2|25|1|7|722|44267|216|6553.0|4961|1415448
202405|CNTY_GU|27|11200|41110000|서울|강남구|역삼동|4711000000|서초1동|1|30|1|3|700|19254|730|5189.0|3978|3787970
202405|CNTY_GU|27|45110|11170000|부산|성남시|역삼동|4611000000|인계동|2|60|0|2|846|23129|176|2801.0|2293|492976
202405|CNTY_GU|42|26110|28110000|부산|서초구|인계동|1120000000|인계동|1|45|3|1|51|23350|497|3540.0|2789|1759380
202405|PRVNC|42|11140|42110000|경기|서초구|역삼동|4113000000|서초1동|1|30|2|1|107|36941|399|4769.0|3633|1902831
202405|ADM|11|41150|26140000|경기|성남시|서초동|4111000000|역삼1가|1|65|2|1|486|39056|96|4717.0|4190|452832
202405|CNTY_GU|46|41130|26140000|부산|수원시|서초동|4611000000|서초1동|1|30|1|9|388|22883|487|4261.0|3998|2075107
202405|CNTY_GU|11|11110|11110000|대구|강남구|인계동|4113000000|인계동|2|70|0|3|602|9002|313|7051.0|5851|2206963
202405|PRVNC|27|41130|46110000|경기|성남시|역삼동|1117000000|서초1동|1|60|3|8|254|29466|767|1127.0|791|864409
202405|ADM|41|43110|11140000|부산|강남구|역삼동|4113000000|역삼1가|2|60|0|9|914|36375|247|1459.0|1283|360373
202405|CNTY_GU|47|27110|45110000|인천|수원시|인계동|4111000000|서초1동|1|45|2|10|175|25783|479|2503.0|2374|1198937
202405|ADM|45|46110|41130000|서울|서초구|서초동|4111000000|인계동|2|45|0|10|86|27362|701|7290.0|6444|5110290
202405|ADM|26|27110|43110000|대구|성남시|역삼동|2711000000|서초1동|2|25|2|5|763|35053|380|2180.0|2078|828400
202405|ADM|45|27110|41130000|서울|강남구|인계동|4115000000|역삼1가|2|70|1|2|511|23768|285|5970.0|4199|1701450
202405|ADM|42|42110|11140000|서울|수원시|인계동|2711000000|인계동|2|40|1|9|834|37251|312|7709.0|5913|2405208
202405|ADM|11|41150|11110000|서울|서초구|서초동|4413000000|역삼1가|1|50|3|7|432|33503|71|3288.0|2944|233448
202405|PRVNC|42|46110|26110000|경기|서초구|역삼동|2614000000|서초1동|2|25|3|5|979|9502|602|6980.0|5673|4201960
202405|CNTY_GU|44|27110|28110000|경기|수원시|인계동|2811000000|역삼1가|2|30|0|10|150|5789|11|3817.0|2898|41987
202405|CNTY_GU|42|11170|47110000|인천|서초구|인계동|1114000000|서초1동|1|65|3|5|456|48681|629|4443.0|4329|2794647
202405|CNTY_GU|45|42110|47110000|대구|서초구|인계동|1114000000|인계동|1|40|0|4|959|28908|458|4024.0|3303|1842992
202405|CNTY_GU|47|47110|11170000|서울|서초구|인계동|2711000000|역삼1가|1|40|1|4|105|40126|9|3076.0|2932|27684
202405|PRVNC|27|41110|11200000|대구|서초구|서초동|2611000000|인계동|2|35|2|10|919|30534|123|4031.0|3989|495813
202405|CNTY_GU|43|41130|47110000|경기|성남시|인계동|4311000000|역삼1가|1|70|0|5|869|16724|75|2083.0|1475|156225
202405|CNTY_GU|26|41110|44130000|경기|서초구|인계동|1117000000|서초1동|2|55|2|5|145|10031|794|1144.0|1126|908336
202405|ADM|42|27110|27110000|서울|서초구|역삼동|1120000000|인계동|1|45|1|8|568|43238|65|3170.0|2904|206050
202405|CNTY_GU|45|11110|41110000|경기|성남시|서초동|4115000000|인계동|2|70|1|4|246|10269|725|2267.0|2115|1643575
202405|ADM|42|47110|11110000|대구|강남구|인계동|1111000000|역삼1가|1|50|3|2|194|23092|22|3862.0|2918|84964
202405|ADM|43|42110|44130000|경기|성남시|서초동|4111000000|역삼1가|1|70|2|9|571|22323|417|4050.0|3049|1688850
202405|ADM|42|44130|44130000|대구|강남구|서초동|4211000000|역삼1가|2|30|2|7|346|12796|456|5071.0|4269|2312376
202405|ADM|41|41110|26110000|인천|강남구|서초동|1117000000|서초1동|2|40|0|2|255|46493|560|1635.0|1219|915600
202405|PRVNC|45|27110|11140000|서울|서초구|역삼동|1120000000|서초1동|2|50|0|2|853|28618|365|6019.0|5508|2196935
202405|ADM|43|26140|47110000|인천|강남구|역삼동|2614000000|역삼1가|1|30|1|5|678|32433|161|1982.0|1924|319102
202405|CNTY_GU|27|11200|41110000|서울|서초구|역삼동|1114000000|서초1동|1|50|2|4|254|22083|217|2617.0|2578|567889
202405|ADM|46|41110|27110000|인천|성남시|인계동|4611000000|서초1동|1|55|2|3|800|30163|3|7500.0|5932|22500
202405|ADM|45|11170|11110000|인천|강남구|역삼동|4211000000|역삼1가|1|35|1|10|886|44777|669|6951.0|5943|4650219
202405|CNTY_GU|11|26140|41150000|서울|강남구|역삼동|4511000000|역삼1가|2|40|2|5|418|48829|24|4962.0|3755|119088
202405|ADM|44|47110|47110000|부산|강남구|서초동|2711000000|역삼1가|2|70|3|1|638|18271|495|2672.0|2140|1322640
202405|CNTY_GU|43|26110|42110000|경기|서초구|인계동|4113000000|역삼1가|1|50|1|6|957|29247|454|7329.0|5738|3327366
202405|ADM|44|26110|47110000|부산|서초구|역삼동|2811000000|서초1동|2|55|0|4|395|21327|241|7925.0|6774|1909925
202405|ADM|27|11170|42110000|인천|강남구|서초동|1111000000|역삼1가|1|60|1|7|150|6174|138|5547.0|4323|765486
202405|ADM|11|46110|42110000|대구|성남시|인계동|2711000000|인계동|2|35|0|2|52|35061|473|2804.0|1977|1326292
202405|CNTY_GU|27|11200|41130000|경기|서초구|인계동|4413000000|서초1동|2|55|0|2|203|42654|572|3492.0|2722|1997424
202405|ADM|43|44130|44130000|부산|강남구|서초동|1114000000|인계동|1|65|3|2|13|25962|381|1091.0|807|415671
202405|CNTY_GU|45|11170|42110000|부산|성남시|인계동|1111000000|역삼1가|1|70|3|9|722|48049|562|6679.0|4754|3753598
202405|ADM|41|26140|41150000|서울|수원시|역삼동|1111000000|역삼1가|1|25|2|9|921|38849|492|7735.0|6510|3805620
202405|CNTY_GU|44|11110|42110000|서울|강남구|인계동|4611000000|역삼1가|1|30|0|10|536|48669|769|5045.0|4502|3879605
202405|CNTY_GU|44|41150|46110000|경기|성남시|역삼동|4111000000|서초1동|1|20|0|3|945|6350|223|4802.0|4665|1070846
202405|ADM|46|43110|43110000|경기|서초구|인계동|4113000000|인계동|1|40|0|9|623|14508|618|4684.0|3568|2894712
202405|ADM|45|45110|28110000|대구|성남시|인계동|4115000000|역삼1가|2|35|0|2|988|17490|306|2957.0|2137|904842
202405|ADM|41|11140|43110000|부산|수원시|인계동|2611000000|역삼1가|1|50|0|6|539|29448|4|1643.0|1508|6572
202405|CNTY_GU|42|45110|46110000|경기|성남시|서초동|4113000000|역삼1가|2|35|2|3|392|46982|389|3113.0|2662|1210957
202405|ADM|43|27110|42110000|인천|서초구|서초동|1114000000|역삼1가|1|55|0|7|868|23287|278|2437.0|2374|677486
202405|ADM|41|11140|41110000|서울|강남구|서초동|1120000000|역삼1가|1|70|0|4|769|15263|548|6419.0|5391|3517612
202405|ADM|26|42110|46110000|대구|성남시|역삼동|4311000000|서초1동|1|25|3|10|381|24846|766|1283.0|1232|982778
202405|CNTY_GU|43|26140|27110000|부산|성남시|인계동|4413000000|역삼1가|1|30|2|6|435|25772|350|7041.0|5066|2464350
202405|CNTY_GU|46|43110|46110000|경기|강남구|서초동|1117000000|인계동|1|30|1|2|60|19452|151|1598.0|1595|241298
202405|ADM|42|27110|41130000|부산|강남구|인계동|2611000000|인계동|1|70|1|5|366|37094|358|4660.0|3838|1668280
202405|CNTY_GU|44|11140|11110000|서울|서초구|서초동|2811000000|인계동|1|50|3|8|684|6248|162|7237.0|6948|1172394
202405|ADM|44|45110|11110000|경기|서초구|역삼동|4115000000|서초1동|1|35|1|6|280|18820|415|2920.0|2075|1211800
202405|ADM|47|45110|47110000|인천|성남시|역삼동|1111000000|인계동|1|40|0|6|511|14051|505|6538.0|4944|3301690
202405|ADM|43|41130|26110000|부산|수원시|인계동|4115000000|서초1동|1|60|1|5|810|8200|377|1671.0|1464|629967
202405|CNTY_GU|44|11140|44130000|경기|강남구|서초동|4611000000|서초1동|2|60|1|8|612|8966|789|2552.0|1798|2013528
202405|PRVNC|47|41110|42110000|인천|서초구|서초동|4511000000|인계동|1|40|3|8|326|43598|198|7362.0|6388|1457676
202405|ADM|26|41110|41150000|서울|강남구|서초동|4413000000|역삼1가|1|35|1|2|235|26862|69|2694.0|2104|185886
202405|ADM|26|44130|41110000|서울|수원시|서초동|4115000000|서초1동|2|70|2|9|587|48883|559|5621.0|4828|3142139
202405|ADM|43|44130|41150000|서울|수원시|인계동|1117000000|서초1동|1|60|2|3|789|13218|791|4431.0|4097|3504921
202405|ADM|46|47110|44130000|부산|수원시|인계동|4115000000|인계동|2|20|0|1|848|47612|43|2235.0|1984|96105
202405|ADM|47|28110|27110000|인천|서초구|서초동|4115000000|인계동|2|45|3|10|63|27570|315|3312.0|3058|1043280
202405|ADM|42|43110|41150000|경기|수원시|역삼동|1120000000|역삼1가|1|20|1|1|305|9893|450|5199.0|4180|2339550
202405|CNTY_GU|26|47110|28110000|경기|강남구|인계동|4111000000|역삼1가|1|50|2|1|197|14006|512|0.0|0|0
202405|ADM|45|26140|42110000|부산|서초구|역삼동|4111000000|역삼1가|1|70|1|7|645|26892|698|6796.0|5852|4743608
202405|CNTY_GU|41|42110|27110000|경기|수원시|서초동|1114000000|인계동|2|20|1|10|8|35673|548|2517.0|2145|1379316
202405|CNTY_GU|26|47110|11200000|경기|강남구|역삼동|1117000000|서초1동|1|35|0|4|177|42039|723|4317.0|3832|3121191
202405|CNTY_GU|44|26140|47110000|경기|수원시|서초동|2811000000|인계동|1|45|0|8|689|46359|446|3851.0|3277|1717546
202405|ADM|46|11170|47110000|경기|성남시|인계동|4511000000|서초1동|2|35|2|8|742|45051|173|2231.0|1860|385963
202405|PRVNC|43|11140|41150000|부산|수원시|서초동|2711000000|서초1동|2|30|0|3|766|31246|734|7412.0|5891|5440408
202405|CNTY_GU|41|26110|41150000|대구|강남구|역삼동|4511000000|역삼1가|2|35|0|10|71|6284|1|3051.0|2686|3051
202405|CNTY_GU|26|45110|11170000|경기|서초구|서초동|1120000000|서초1동|1|40|1|7|540|9674|260|4215.0|3325|1095900
202405|CNTY_GU|47|41110|43110000|대구|수원시|역삼동|1120000000|인계동|1|35|0|8|680|49762|545|5543.0|3880|3020935
202405|ADM|26|45110|44130000|인천|수원시|서초동|4611000000|인계동|1|70|1|9|178|12095|2|7127.0|5122|14254
202405|ADM|44|42110|11170000|부산|성남시|서초동|2811000000|서초1동|2|70|0|1|737|9218|560|2162.0|2083|1210720
202405|CNTY_GU|26|41150|42110000|대구|성남시|역삼동|1120000000|인계동|1|50|0|3|48|41812|436|4720.0|4502|2057920
202405|PRVNC|42|11110|11170000|대구|수원시|인계동|4311000000|역삼1가|1|25|2|1|866|29782|558|1424.0|1405|794592
202405|CNTY_GU|43|26140|41150000|서울|성남시|인계동|4211000000|역삼1가|1|25|0|7|292|23724|614|3988.0|3326|2448632
202405|ADM|46|41110|44130000|서울|서초구|서초동|1114000000|인계동|2|55|0|7|868|25105|171|7818.0|6108|1336878
202405|ADM|47|41130|26110000|부산|수원시|인계동|4711000000|역삼1가|1|55|0|10|385|35664|692|4573.0|4571|3164516
202405|ADM|46|43110|45110000|부산|서초구|인계동|1117000000|서초1동|1|30|0|6|821|49798|440|7804.0|6887|3433760
202405|ADM|43|11110|41150000|부산|수원시|역삼동|1111000000|서초1동|2|65|0|3|474|35453|314|6187.0|6016|1942718
202405|ADM|43|42110|47110000|서울|수원시|서초동|4511000000|역삼1가|2|55|2|8|198|30637|289|3017.0|2435|871913
202405|CNTY_GU|42|28110|44130000|인천|수원시|서초동|1117000000|서초1동|2|30|1|10|762|14590|11|7989.0|7443|87879
202405|ADM|27|46110|41150000|인천|수원시|서초동|4111000000|서초1동|1|65|0|2|673|20276|379|5962.0|5567|2259598
202405|CNTY_GU|27|47110|11170000|대구|성남시|인계동|4211000000|역삼1가|2|55|1|2|943|18166|630|1206.0|1082|759780
202405|ADM|26|11140|47110000|부산|수원시|서초동|4311000000|인계동|1|65|2|2|290|37941|749|6524.0|5041|4886476
202405|PRVNC|46|11200|41130000|부산|강남구|서초동|4113000000|서초1동|1|65|1|8|803|37385|109|4618.0|4384|503362
202405|CNTY_GU|45|44130|28110000|경기|수원시|역삼동|1117000000|역삼1가|2|20|3|4|379|6704|568|7826.0|6580|4445168
202405|ADM|47|42110|11200000|부산|서초구|서초동|4413000000|서초1동|1|45|0|1|351|5535|226|5704.0|5283|1289104
202405|CNTY_GU|41|11110|41110000|서울|수원시|역삼동|4211000000|서초1동|2|25|1|10|226|47710|86|1883.0|1624|161938
202405|CNTY_GU|45|11140|41130000|서울|강남구|인계동|4111000000|역삼1가|1|40|1|6|19|27035|461|3832.0|2804|1766552
202405|ADM|11|26110|11110000|인천|성남시|인계동|4115000000|역삼1가|2|35|1|3|527|46570|32|6372.0|5296|203904
202405|CNTY_GU|43|43110|41150000|인천|성남시|서초동|4611000000|서초1동|2|45|1|1|974|11058|152|5001.0|4069|760152
202405|CNTY_GU|42|26110|11110000|경기|수원시|역삼동|4211000000|인계동|2|65|1|6|602|21689|205|1243.0|1215|254815
202405|ADM|47|28110|44130000|서울|성남시|서초동|1120000000|서초1동|1|30|3|10|680|28006|684|1374.0|1306|939816
202405|ADM|42|45110|41110000|인천|성남시|서초동|4511000000|역삼1가|1|45|0|3|688|13792|4|2971.0|2362|11884
202405|CNTY_GU|43|26140|41110000|서울|강남구|인계동|4111000000|역삼1가|2|65|2|9|321|26966|228|2962.0|2615|675336
202405|ADM|46|41130|27110000|경기|강남구|역삼동|4611000000|인계동|2|45|0|3|924|16571|776|4962.0|4130|3850512
202405|CNTY_GU|41|41110|46110000|인천|성남시|서초동|4511000000|역삼1가|2|35|0|9|931|29914|265|3640.0|3264|964600
202405|CNTY_GU|47|41130|43110000|인천|강남구|역삼동|4711000000|서초1동|1|50|1|7|763|24135|228|2982.0|2475|679896
202405|ADM|26|44130|46110000|서울|수원시|인계동|1117000000|역삼1가|1|20|2|10|91|20878|579|3843.0|3159|2225097
202405|CNTY_GU|46|46110|45110000|대구|성남시|인계동|4711000000|역삼1가|2|45|3|6|35|38550|39|2306.0|2152|89934
202405|CNTY_GU|26|45110|44130000|서울|성남시|인계동|4113000000|역삼1가|2|45|2|8|343|15316|95|5771.0|5684|548245
202405|ADM|43|41130|45110000|인천|성남시|서초동|4413000000|서초1동|2|35|2|2|987|17849|306|1317.0|939|403002
202405|ADM|42|26140|41130000|대구|성남시|서초동|2711000000|역삼1가|2|35|1|3|498|26155|528|7316.0|5168|3862848
202405|CNTY_GU|26|46110|26140000|대구|강남구|인계동|4211000000|인계동|2|25|0|10|890|17673|15|6355.0|5444|95325
202405|PRVNC|41|41150|11200000|대구|강남구|인계동|4115000000|서초1동|2|65|2|10|280|25972|24|1427.0|1308|34248
202405|CNTY_GU|26|43110|26110000|부산|성남시|역삼동|2611000000|서초1동|1|20|0|7|738|12794|36|5568.0|5427|200448
202405|ADM|27|26140|42110000|서울|서초구|역삼동|1117000000|인계동|2|65|3|4|114|26010|3|4144.0|3262|12432
202405|ADM|45|47110|28110000|부산|강남구|서초동|4413000000|인계동|1|70|3|5|430|27168|578|5093.0|4293|2943754
202405|CNTY_GU|43|28110|43110000|서울|서초구|인계동|4113000000|역삼1가|1|50|0|9|124|29014|319|3784.0|3587|1207096
202405|ADM|44|26110|41130000|대구|강남구|서초동|4413000000|인계동|2|65|0|8|1|28698|99|3089.0|2478|305811
202405|ADM|45|42110|41110000|경기|수원시|인계동|4113000000|인계동|2|45|1|8|662|26753|611|7753.0|5579|4737083
202405|CNTY_GU|45|26110|11200000|서울|성남시|역삼동|1120000000|역삼1가|2|20|0|6|228|21880|571|2273.0|2169|1297883
202405|CNTY_GU|44|26110|47110000|서울|수원시|서초동|4113000000|서초1동|1|35|0|7|966|20368|44|5941.0|4634|261404
202405|CNTY_GU|43|26140|41130000|서울|수원시|역삼동|1111000000|인계동|1|70|1|8|979|28780|586|4540.0|4524|2660440
202405|ADM|45|26140|11140000|경기|서초구|서초동|1120000000|서초1동|2|60|2|7|985|17880|727|7684.0|5962|5586268
202405|ADM|46|11140|27110000|서울|수원시|인계동|4113000000|인계동|2|70|0|9|747|19717|534|4331.0|3847|2312754
202405|ADM|46|11170|45110000|부산|수원시|인계동|2711000000|서초1동|2|40|3|1|474|38034|280|4522.0|4426|1266160
202405|CNTY_GU|42|45110|26140000|부산|서초구|서초동|4413000000|역삼1가|1|35|1|2|249|39786|179|7186.0|5594|1286294
202405|PRVNC|26|41150|46110000|경기|서초구|인계동|2811000000|인계동|1|35|2|6|765|29444|313|5394.0|4465|1688322
202405|CNTY_GU|41|11200|26110000|서울|강남구|서초동|4211000000|서초1동|2|60|0|7|707|39458|272|4150.0|3440|1128800
202405|ADM|47|45110|41150000|부산|서초구|서초동|4211000000|서초1동|2|30|0|1|209|9938|139|6980.0|5999|970220
202405|ADM|44|11110|41110000|서울|수원시|서초동|1111000000|서초1동|2|50|0|3|233|43977|759|6907.0|5600|5242413
202405|ADM|26|46110|46110000|대구|성남시|인계동|4711000000|서초1동|2|65|3|10|692|14303|105|1256.0|1080|131880
202405|ADM|41|43110|26110000|경기|강남구|역삼동|2811000000|인계동|2|60|2|9|737|23961|228|2618.0|2325|596904
202405|CNTY_GU|45|47110|11200000|서울|수원시|서초동|1114000000|서초1동|2|40|0|3|455|26018|46|7477.0|5914|343942
202405|ADM|47|41110|26110000|부산|수원시|역삼동|4211000000|인계동|2|40|1|1|105|22564|469|7402.0|6564|3471538
202405|CNTY_GU|43|44130|26140000|인천|성남시|인계동|4711000000|인계동|1|50|1|9|645|6432|88|4333.0|3302|381304
202405|CNTY_GU|46|26140|26110000|대구|강남구|서초동|4511000000|역삼1가|1|40|0|7|149|39282|600|3576.0|2782|2145600
202405|ADM|43|41110|11200000|서울|강남구|서초동|4511000000|인계동|2|35|3|8|31|10664|444|7729.0|5591|3431676
202405|CNTY_GU|45|47110|41130000|인천|성남시|인계동|1120000000|서초1동|2|25|2|1|931|44571|404|1285.0|1231|519140
202405|CNTY_GU|47|44130|26140000|인천|강남구|역삼동|2711000000|역삼1가|2|35|1|7|762|11118|583|1065.0|882|620895
202405|CNTY_GU|43|41110|11170000|경기|강남구|인계동|4111000000|서초1동|2|30|0|3|708|33471|732|5454.0|4295|3992328
202405|ADM|45|26110|11170000|서울|서초구|역삼동|4113000000|역삼1가|2|25|0|6|559|44070|84|1657.0|1493|139188
202405|ADM|26|41110|11140000|서울|서초구|서초동|1114000000|인계동|2|65|1|8|723|34944|541|2379.0|1924|1287039
202405|ADM|11|41110|11170000|인천|강남구|인계동|2611000000|인계동|2|55|2|5|548|22166|105|1523.0|1292|159915
202405|PRVNC|42|42110|47110000|인천|강남구|역삼동|1120000000|인계동|2|70|1|8|956|33355|82|7533.0|6102|617706
202405|ADM|44|46110|11110000|인천|수원시|역삼동|4111000000|인계동|1|60|2|8|222|43768|75|1391.0|1087|104325
202405|CNTY_GU|41|11140|47110000|부산|강남구|역삼동|2611000000|인계동|2|55|2|3|434|32915|210|7405.0|7337|1555050
202405|ADM|42|41130|43110000|대구|수원시|인계동|4413000000|역삼1가|1|45|2|4|358|21470|392|1935.0|1360|758520
202405|ADM|42|27110|26110000|서울|서초구|역삼동|4111000000|인계동|1|50|1|9|405|16027|164|7272.0|5795|1192608
202405|ADM|42|41150|26140000|서울|강남구|서초동|1111000000|역삼1가|1|25|3|8|51|36816|179|3332.0|2997|596428
202405|CNTY_GU|45|11200|11140000|인천|성남시|서초동|4413000000|인계동|1|55|0|6|904|12998|762|3981.0|3338|3033522
202405|ADM|11|41150|41150000|서울|강남구|역삼동|4611000000|인계동|2|55|0|2|346|28490|119|1938.0|1645|230622
202405|ADM|27|11140|11140000|경기|강남구|역삼동|2614000000|인계동|2|45|2|1|582|11705|73|2960.0|2589|216080
202405|ADM|46|44130|42110000|서울|수원시|인계동|4113000000|인계동|1|55|0|9|273|15301|338|2015.0|1871|681070
202405|ADM|46|27110|28110000|서울|강남구|서초동|1120000000|역삼1가|1|60|0|9|104|44785|546|2469.0|1804|1348074
202405|ADM|41|11140|42110000|서울|성남시|인계동|4115000000|역삼1가|2|40|1|8|781|45605|475|4149.0|2979|1970775
202405|CNTY_GU|42|41130|47110000|서울|서초구|인계동|4111000000|역삼1가|2|40|1|6|449|41943|519|4403.0|3522|2285157
202405|CNTY_GU|47|27110|46110000|인천|서초구|서초동|4111000000|역삼1가|1|35|0|8|134|44413|144|5386.0|4508|775584
202405|CNTY_GU|42|46110|11200000|인천|서초구|역삼동|1120000000|역삼1가|1|65|1|2|650|39462|2|7420.0|7014|14840
202405|ADM|46|46110|43110000|대구|수원시|인계동|2611000000|역삼1가|1|70|0|5|164|38676|622|1314.0|924|817308
202405|ADM|26|41150|41130000|대구|서초구|서초동|1117000000|서초1동|1|60|0|4|885|40391|277|2911.0|2588|806347
202405|ADM|46|47110|41150000|인천|강남구|인계동|2711000000|인계동|2|55|3|8|800|34877|478|5021.0|4021|2400038
202405|ADM|43|11140|11140000|대구|강남구|인계동|1111000000|역삼1가|2|65|0|10|705|39821|109|4292.0|3582|467828
202405|ADM|43|41130|11170000|부산|수원시|인계동|4111000000|인계동|1|60|1|6|586|24940|608|5073.0|4416|3084384
202405|ADM|41|44130|11170000|대구|강남구|서초동|2711000000|역삼1가|2|35|0|5|976|37332|782|3056.0|2339|2389792
202405|ADM|46|26140|11110000|부산|수원시|서초동|2811000000|서초1동|1|35|3|3|647|10991|265|3246.0|2472|860190
202405|CNTY_GU|27|28110|11140000|대구|성남시|역삼동|4413000000|서초1동|1|65|0|3|30|22842|71|5975.0|5562|424225
202405|ADM|27|45110|43110000|서울|수원시|인계동|4113000000|서초1동|1|65|0|5|129|23919|316|2319.0|2202|732804
202405|ADM|42|46110|26140000|대구|성남시|역삼동|4711000000|서초1동|1|35|1|2|674|31010|687|1591.0|1238|1093017
202405|ADM|43|46110|45110000|대구|서초구|서초동|1111000000|서초1동|2|35|0|5|651|37648|784|5427.0|4823|4254768
202405|ADM|11|43110|44130000|서울|강남구|서초동|1111000000|역삼1가|2|70|0|9|366|49481|432|4969.0|4247|2146608
202405|PRVNC|43|26140|41150000|대구|서초구|서초동|4311000000|서초1동|1|50|0|2|645|26586|485|6469.0|5684|3137465
202405|PRVNC|27|11170|27110000|인천|수원시|인계동|4511000000|인계동|2|60|1|3|358|41414|527|5587.0|5358|2944349
202405|ADM|42|43110|47110000|서울|성남시|서초동|4113000000|인계동|2|20|3|1|469|49221|123|2988.0|2627|367524
202405|ADM|27|11110|41150000|부산|서초구|인계동|2711000000|서초1동|2|45|1|4|177|16443|162|4319.0|4136|699678
202405|ADM|43|47110|46110000|경기|강남구|인계동|4611000000|인계동|2|40|2|7|958|33325|2|4568.0|3844|9136
202405|CNTY_GU|11|11200|26110000|부산|수원시|서초동|2611000000|역삼1가|1|35|3|10|625|10584|356|1704.0|1225|606624
202405|ADM|45|28110|46110000|인천|서초구|역삼동|4111000000|인계동|1|35|2|8|271|12260|595|1692.0|1265|1006740
202405|PRVNC|27|47110|26110000|부산|성남시|역삼동|4711000000|서초1동|2|65|3|4|672|28186|318|7783.0|6956|2474994
202405|ADM|26|11140|43110000|대구|서초구|서초동|1111000000|인계동|2|20|2|4|575|8520|771|6473.0|5267|4990683
202405|ADM|11|41150|47110000|부산|수원시|인계동|4413000000|인계동|1|55|0|5|281|29227|615|6752.0|5680|4152480
202405|CNTY_GU|47|45110|47110000|인천|성남시|역삼동|4413000000|역삼1가|2|45|0|10|129|14669|439|5638.0|5202|2475082
202405|CNTY_GU|45|11170|27110000|경기|수원시|인계동|4111000000|인계동|2|40|0|4|678|35878|653|6956.0|6172|4542268
202405|ADM|42|42110|41150000|경기|서초구|서초동|4711000000|인계동|2|65|2|3|386|29332|472|3998.0|3678|1887056
202405|ADM|41|43110|43110000|서울|서초구|서초동|1117000000|서초1동|1|60|1|9|260|40937|189|2139.0|1521|404271
202405|PRVNC|44|43110|28110000|경기|강남구|서초동|4115000000|인계동|1|50|1|7|265|48508|246|5236.0|5125|1288056
202405|PRVNC|42|11200|41110000|서울|강남구|서초동|4511000000|서초1동|2|40|2|5|157|42567|148|1367.0|1106|202316
202405|CNTY_GU|47|42110|11110000|인천|강남구|역삼동|2711000000|역삼1가|2|65|0|9|695|49465|446|7685.0|7018|3427510
202405|ADM|45|41130|11140000|서울|강남구|서초동|2611000000|역삼1가|1|70|3|5|939|28425|520|5273.0|4348|2741960
202405|ADM|47|28110|46110000|대구|강남구|서초동|4113000000|서초1동|1|55|1|8|762|39358|33|4933.0|3763|162789
202405|CNTY_GU|46|41110|11140000|경기|수원시|서초동|4113000000|역삼1가|1|40|1|4|218|47313|354|5943.0|5140|2103822
202405|ADM|43|47110|27110000|부산|수원시|역삼동|4511000000|서초1동|1|70|0|4|859|15899|659|3990.0|2896|2629410
202405|ADM|11|11110|44130000|서울|성남시|서초동|2614000000|서초1동|1|20|0|8|481|42850|613|5458.0|3898|3345754
202405|ADM|47|41150|11140000|대구|수원시|인계동|1114000000|인계동|2|65|1|9|248|49672|556|4169.0|3266|2317964
202405|CNTY_GU|27|41130|45110000|서울|서초구|역삼동|4511000000|서초1동|2|35|2|8|431|20113|238|2554.0|2115|607852
202405|CNTY_GU|43|41110|43110000|서울|강남구|서초동|1111000000|서초1동|2|45|2|8|648|47238|547|2273.0|1758|1243331
202405|PRVNC|45|46110|28110000|경기|강남구|역삼동|1120000000|인계동|2|25|2|4|655|23254|193|2006.0|2000|387158
202405|ADM|27|41130|26140000|경기|강남구|역삼동|4511000000|서초1동|1|45|0|3|506|34328|545|7369.0|5220|4016105
202405|PRVNC|45|45110|11140000|대구|수원시|인계동|4311000000|인계동|1|35|1|6|456|7680|1|3543.0|3402|3543
202405|ADM|43|43110|41130000|부산|성남시|서초동|1117000000|서초1동|2|35|1|8|535|5708|176|4856.0|4016|854656
202405|CNTY_GU|47|44130|44130000|인천|서초구|서초동|1117000000|인계동|1|50|0|9|743|40452|590|2367.0|2193|1396530
202405|CNTY_GU|26|41150|47110000|서울|수원시|서초동|4211000000|서초1동|1|70|1|4|224|16250|38|3764.0|3661|143032
202405|ADM|27|11110|26110000|대구|서초구|역삼동|4115000000|역삼1가|1|35|0|3|284|40514|517|4347.0|3809|2247399
202405|CNTY_GU|45|11140|42110000|경기|성남시|인계동|4611000000|역삼1가|1|40|2|3|708|26855|423|7553.0|6416|3194919
202405|CNTY_GU|46|41110|11110000|부산|강남구|인계동|4111000000|역삼1가|1|35|3|4|721|9427|762|7289.0|6480|5554218
202405|CNTY_GU|27|26110|11110000|대구|서초구|인계동|2611000000|역삼1가|2|45|3|4|623|18395|433|4856.0|4816|2102648
202405|CNTY_GU|45|26110|11200000|경기|성남시|역삼동|1111000000|역삼1가|2|35|0|10|768|13655|28|3175.0|2299|88900
202405|ADM|42|41110|11110000|인천|서초구|서초동|4611000000|역삼1가|1|30|1|4|906|32575|682|2023.0|1759|1379686
202405|ADM|46|41110|26140000|부산|성남시|역삼동|1114000000|서초1동|2|55|2|1|380|9686|214|7657.0|6468|1638598
202405|ADM|41|11170|41130000|인천|서초구|서초동|4413000000|인계동|2|30|1|1|600|30672|543|5853.0|5535|3178179
202405|ADM|47|28110|11170000|경기|성남시|역삼동|4115000000|서초1동|1|50|0|3|865|41850|621|3388.0|2478|2103948
202405|CNTY_GU|27|45110|11110000|경기|강남구|인계동|4211000000|인계동|1|25|1|3|694|49221|264|7769.0|6932|2051016
202405|PRVNC|47|11170|27110000|부산|서초구|역삼동|4115000000|서초1동|2|55|1|1|178|35805|35|5798.0|4581|202930
202405|CNTY_GU|45|44130|11110000|서울|서초구|역삼동|4113000000|역삼1가|1|20|2|7|344|24675|415|6787.0|6300|2816605
202405|CNTY_GU|27|44130|41150000|인천|성남시|서초동|4211000000|서초1동|2|55|2|10|600|28219|324|2856.0|2055|925344
202405|ADM|41|43110|26140000|대구|강남구|인계동|1120000000|역삼1가|1|30|2|4|187|6327|426|3662.0|3485|1560012
202405|CNTY_GU|11|11170|44130000|경기|성남시|역삼동|4711000000|서초1동|2|55|0|3|751|45382|722|3843.0|2690|2774646
202405|ADM|47|28110|11110000|서울|성남시|인계동|4113000000|서초1동|2|25|1|7|947|7258|561|6660.0|6429|3736260
202405|ADM|26|46110|26140000|인천|서초구|인계동|1120000000|역삼1가|2|35|3|6|576|48930|181|6985.0|5900|1264285
202405|PRVNC|11|26110|45110000|인천|서초구|인계동|1111000000|서초1동|1|55|0|7|603|12116|603|4368.0|4269|2633904
202405|CNTY_GU|43|41110|27110000|서울|수원시|서초동|4311000000|서초1동|2|50|3|9|678|46356|232|5211.0|3661|1208952
202405|CNTY_GU|42|45110|27110000|인천|강남구|인계동|2711000000|역삼1가|2|35|0|10|478|16302|494|3832.0|3741|1893008
202405|ADM|44|41130|11110000|서울|서초구|서초동|4413000000|인계동|2|45|3|3|700|6903|206|3778.0|3260|778268
202405|ADM|42|26140|41110000|인천|서초구|역삼동|4115000000|역삼1가|1|40|3|5|998|35152|683|4888.0|3518|3338504
202405|ADM|27|11170|42110000|서울|성남시|역삼동|4711000000|서초1동|1|20|3|1|319|48077|390|7311.0|7278|2851290
202405|ADM|43|41130|43110000|대구|성남시|서초동|4611000000|서초1동|1|50|0|6|264|35498|257|1537.0|1205|395009
202405|CNTY_GU|46|41110|11170000|대구|수원시|역삼동|4311000000|서초1동|2|70|3|4|475|19744|788|2979.0|2249|2347452
202405|CNTY_GU|26|26110|26140000|서울|성남시|역삼동|1120000000|서초1동|2|45|0|8|706|42937|656|2849.0|2051|1868944
202405|PRVNC|27|26140|11140000|부산|성남시|인계동|4211000000|서초1동|1|40|0|5|751|31518|153|5093.0|4355|779229
202405|ADM|46|47110|26140000|경기|강남구|역삼동|1111000000|서초1동|2|45|1|7|225|5216|31|5054.0|4562|156674
202405|ADM|47|41150|46110000|서울|수원시|역삼동|1120000000|서초1동|2|55|2|5|948|13593|686|7340.0|5799|5035240
202405|CNTY_GU|27|43110|26110000|부산|성남시|인계동|1111000000|역삼1가|2|25|0|6|440|35527|668|1820.0|1653|1215760
202405|ADM|46|11140|41110000|대구|서초구|역삼동|4611000000|인계동|1|45|1|7|486|7835|207|5981.0|5702|1238067
202405|ADM|41|47110|47110000|서울|서초구|인계동|4413000000|서초1동|2|30|1|8|379|30263|249|3871.0|3237|963879
202405|CNTY_GU|45|26140|47110000|서울|서초구|역삼동|2614000000|인계동|2|55|2|2|36|18596|538|1464.0|1448|787632
202405|ADM|43|47110|11200000|대구|수원시|서초동|2711000000|서초1동|1|70|0|7|754|16548|556|6792.0|4971|3776352
202405|ADM|42|47110|28110000|서울|서초구|역삼동|2614000000|서초1동|1|35|0|5|459|28402|367|0.0|0|0
202405|CNTY_GU|11|11200|42110000|경기|성남시|인계동|1114000000|역삼1가|1|40|0|7|467|31945|569|7256.0|6682|4128664
202405|ADM|41|26140|47110000|대구|서초구|인계동|2614000000|서초1동|1|35|1|7|524|30427|242|2885.0|2501|698170
202405|CNTY_GU|44|43110|41150000|인천|성남시|역삼동|4413000000|역삼1가|2|40|1|3|346|11593|302|2278.0|1689|687956
202405|ADM|45|41110|44130000|서울|서초구|서초동|1114000000|서초1동|2|45|0|5|132|35865|386|3138.0|2708|1211268
202405|ADM|27|28110|28110000|서울|서초구|서초동|1114000000|서초1동|1|60|1|8|291|5924|185|7612.0|5705|1408220
202405|PRVNC|26|27110|11170000|인천|성남시|인계동|1120000000|서초1동|2|50|0|7|546|24038|646|6633.0|4812|4284918
202405|ADM|45|41150|43110000|인천|성남시|역삼동|4113000000|인계동|1|45|0|6|838|26304|603|4269.0|3680|2574207
202405|ADM|27|42110|27110000|인천|서초구|인계동|4611000000|인계동|1|20|0|9|437|29632|414|3390.0|2990|1403460
202405|CNTY_GU|27|28110|11200000|경기|수원시|인계동|4211000000|역삼1가|2|20|1|9|208|33691|247|2064.0|1942|509808
202405|ADM|42|41130|41110000|대구|서초구|서초동|2614000000|서초1동|2|65|3|1|267|42907|404|4716.0|3590|1905264
202405|ADM|44|11110|11140000|경기|서초구|역삼동|4611000000|서초1동|2|60|1|2|459|29801|260|6253.0|6125|1625780
202405|CNTY_GU|41|27110|42110000|대구|서초구|역삼동|4111000000|서초1동|2|30|1|8|914|38254|190|1749.0|1523|332310
202405|PRVNC|42|42110|41150000|대구|성남시|역삼동|2811000000|역삼1가|1|65|2|4|423|40532|516|1597.0|1426|824052
202405|ADM|47|43110|28110000|경기|성남시|역삼동|4711000000|서초1동|1|70|1|10|259|24284|161|6396.0|4797|1029756
202405|CNTY_GU|46|41110|26110000|부산|성남시|서초동|4211000000|인계동|2|55|0|8|471|15601|553|6121.0|5755|3384913
202405|CNTY_GU|42|42110|41110000|인천|서초구|서초동|4113000000|역삼1가|1|45|0|3|916|35777|541|4023.0|3609|2176443
202405|ADM|41|11170|45110000|부산|수원시|서초동|1111000000|인계동|1|35|0|10|667|20395|7|5888.0|4448|41216
202405|ADM|41|41150|26110000|인천|강남구|역삼동|2611000000|인계동|2|65|3|2|718|11418|147|4565.0|3882|671055
202405|ADM|43|42110|41130000|대구|성남시|인계동|4111000000|서초1동|2|40|3|9|886|31488|403|5462.0|4456|2201186
202405|CNTY_GU|41|41130|41130000|인천|강남구|역삼동|4115000000|인계동|1|35|0|8|25|16966|23|2359.0|2357|54257
202405|ADM|43|11170|11200000|서울|수원시|서초동|2811000000|서초1동|1|50|1|7|157|22448|659|6794.0|6762|4477246
202405|ADM|43|46110|41130000|대구|성남시|인계동|2811000000|인계동|1|65|0|1|228|26416|457|6571.0|5765|3002947
202405|CNTY_GU|26|45110|26110000|서울|성남시|역삼동|2614000000|서초1동|2|65|0|8|716|39930|324|6760.0|5514|2190240
202405|CNTY_GU|43|47110|45110000|부산|성남시|서초동|1111000000|서초1동|1|60|0|5|208|33846|334|2171.0|1830|725114
202405|PRVNC|43|11110|41150000|부산|수원시|역삼동|4611000000|인계동|1|35|0|5|142|5557|282|4085.0|3184|1151970
202405|CNTY_GU|47|11140|41130000|인천|성남시|역삼동|1117000000|인계동|1|60|2|7|425|9883|530|3051.0|2843|1617030
202405|CNTY_GU|42|28110|46110000|서울|수원시|인계동|4211000000|인계동|1|65|1|2|6|39650|497|4613.0|3925|2292661
202405|CNTY_GU|42|47110|27110000|경기|수원시|역삼동|4211000000|인계동|2|60|2|7|879|46526|45|3994.0|3462|179730
202405|PRVNC|26|26140|27110000|부산|강남구|역삼동|4113000000|역삼1가|1|50|3|5|7|41601|156|3924.0|2800|612144
202405|CNTY_GU|26|26140|26110000|대구|수원시|인계동|4211000000|역삼1가|2|50|3|6|150|13016|662|7372.0|5348|4880264
202405|ADM|44|46110|11140000|인천|강남구|서초동|1117000000|서초1동|2|65|0|10|896|36534|740|5294.0|4046|3917560
202405|CNTY_GU|42|11110|44130000|인천|서초구|역삼동|2711000000|역삼1가|2|45|1|4|987|9446|676|7739.0|6434|5231564
202405|ADM|43|43110|42110000|경기|서초구|역삼동|4211000000|역삼1가|2|35|3|4|846|29733|188|4657.0|3871|875516
202405|CNTY_GU|27|41130|42110000|인천|서초구|역삼동|4113000000|서초1동|2|45|3|9|493|18572|679|6239.0|5957|4236281
202405|PRVNC|26|26110|41130000|부산|성남시|인계동|2811000000|역삼1가|1|65|2|6|325|15998|556|3074.0|2870|1709144
202405|ADM|47|42110|42110000|대구|수원시|인계동|2611000000|인계동|1|20|0|10|917|20464|170|0.0|0|0
202405|ADM|44|26140|43110000|인천|강남구|서초동|4211000000|인계동|2|40|1|10|649|11572|542|3961.0|2810|2146862
202405|CNTY_GU|43|45110|11140000|서울|서초구|인계동|1111000000|서초1동|2|65|0|3|39|47140|616|6360.0|5504|3917760
202405|CNTY_GU|42|41150|41110000|서울|강남구|역삼동|4311000000|인계동|2|50|0|2|149|45149|571|4953.0|4930|2828163
202405|CNTY_GU|11|11110|45110000|인천|성남시|서초동|4413000000|역삼1가|1|40|0|2|894|45520|764|3254.0|2764|2486056
202405|ADM|47|47110|27110000|대구|강남구|인계동|4413000000|서초1동|1|55|2|1|754|49985|671|6600.0|5712|4428600
202405|CNTY_GU|44|43110|41130000|인천|서초구|인계동|4113000000|인계동|2|50|2|9|75|43846|568|6556.0|4681|3723808
202405|CNTY_GU|43|27110|28110000|경기|성남시|인계동|2811000000|서초1동|2|50|1|7|998|12420|419|1944.0|1513|814536
202405|CNTY_GU|47|41150|45110000|대구|수원시|인계동|1120000000|서초1동|2|35|3|2|568|26104|489|3792.0|3343|1854288
202405|ADM|27|45110|44130000|경기|성남시|인계동|4511000000|서초1동|1|70|2|4|944|22197|722|4936.0|4735|3563792
202405|ADM|27|41110|44130000|서울|서초구|역삼동|4311000000|인계동|1|25|1|1|960|5425|322|7238.0|6719|2330636
202405|CNTY_GU|45|43110|27110000|부산|서초구|서초동|2711000000|인계동|1|55|2|7|633|15296|490|7568.0|7196|3708320
202405|CNTY_GU|46|44130|47110000|서울|서초구|서초동|2711000000|서초1동|1|55|0|9|55|36632|1|2746.0|2574|2746
202405|ADM|42|43110|28110000|인천|수원시|역삼동|4211000000|역삼1가|1|30|1|4|446|14225|770|3860.0|3426|2972200
202405|ADM|26|41110|43110000|서울|성남시|서초동|1120000000|역삼1가|1|25|0|8|894|31926|714|2015.0|1732|1438710
202405|CNTY_GU|46|26110|26110000|경기|수원시|서초동|2711000000|역삼1가|2|40|3|6|366|36639|75|1479.0|1194|110925
202405|CNTY_GU|26|11200|11200000|경기|성남시|인계동|4115000000|서초1동|2|25|0|7|307|5125|129|3353.0|3160|432537
202405|ADM|42|11110|11110000|인천|강남구|역삼동|4611000000|인계동|2|70|0|10|276|47111|675|6947.0|5768|4689225
202405|ADM|42|28110|26110000|대구|성남시|역삼동|4611000000|인계동|1|65|2|5|667|26174|490|3810.0|3284|1866900
202405|CNTY_GU|27|28110|11200000|부산|서초구|역삼동|2811000000|서초1동|2|70|3|5|85|22925|503|2485.0|2484|1249955
202405|ADM|47|27110|47110000|서울|강남구|역삼동|4113000000|서초1동|1|70|2|4|436|5619|134|2695.0|2115|361130
202405|CNTY_GU|42|41150|44130000|서울|강남구|인계동|1120000000|역삼1가|2|35|0|7|209|42835|710|5882.0|4865|4176220
202405|CNTY_GU|44|26140|47110000|경기|서초구|역삼동|1117000000|서초1동|1|60|3|5|884|45195|613|4850.0|3513|2973050
202405|PRVNC|26|41110|46110000|대구|서초구|인계동|4711000000|인계동|1|45|0|10|558|44349|282|4232.0|3389|1193424
202405|CNTY_GU|46|44130|41130000|인천|강남구|인계동|1111000000|서초1동|1|20|0|7|269|31218|707|3552.0|3440|2511264
202405|CNTY_GU|41|27110|43110000|경기|서초구|역삼동|2614000000|서초1동|2|45|0|4|271|35961|523|7585.0|5921|3966955
202405|CNTY_GU|26|11140|11200000|경기|서초구|인계동|4115000000|서초1동|1|25|0|5|738|42375|693|1988.0|1890|1377684
202405|PRVNC|43|26110|28110000|서울|강남구|인계동|4611000000|인계동|2|70|1|1|725|40058|412|6416.0|5524|2643392
202405|ADM|43|28110|45110000|인천|서초구|인계동|4311000000|서초1동|1|60|2|6|883|27197|323|7973.0|6877|2575279
202405|ADM|44|45110|42110000|서울|성남시|인계동|4511000000|서초1동|1|60|1|8|767|9033|609|6613.0|6578|4027317
202405|ADM|45|11140|47110000|인천|성남시|역삼동|1111000000|역삼1가|2|25|1|3|152|23157|56|4779.0|4014|267624
202405|PRVNC|41|11170|11170000|대구|수원시|인계동|4113000000|인계동|1|20|1|7|476|40599|527|5206.0|4119|2743562
202405|CNTY_GU|41|26110|28110000|서울|서초구|역삼동|2711000000|서초1동|1|35|3|6|2|48580|756|6987.0|6240|5282172
202405|ADM|26|11110|11140000|서울|강남구|서초동|2611000000|인계동|1|60|0|4|905|11736|714|1975.0|1679|1410150
202405|ADM|47|46110|11170000|서울|성남시|인계동|4113000000|서초1동|1|50|1|9|761|43435|243|6662.0|5612|1618866
202405|CNTY_GU|41|11140|11200000|부산|강남구|서초동|1114000000|인계동|2|55|3|8|815|37596|345|2186.0|2115|754170
202405|ADM|47|41150|43110000|서울|강남구|인계동|2611000000|서초1동|1|30|0|2|731|21460|180|2017.0|1858|363060
202405|CNTY_GU|43|28110|41150000|서울|강남구|서초동|2611000000|인계동|2|45|0|8|77|48013|466|1309.0|1080|609994
202405|ADM|47|45110|41110000|서울|성남시|인계동|2614000000|역삼1가|2|45|0|3|670|7196|531|1721.0|1298|913851
202405|CNTY_GU|43|41130|28110000|대구|서초구|인계동|4611000000|역삼1가|1|70|2|3|802|17806|680|5406.0|3902|3676080
202405|ADM|47|46110|45110000|서울|서초구|역삼동|4115000000|역삼1가|2|60|0|6|636|8623|678|1641.0|1270|1112598
202405|ADM|46|42110|11200000|대구|강남구|역삼동|2611000000|역삼1가|1|30|0|2|829|26604|447|5831.0|5789|2606457
202405|ADM|11|45110|27110000|인천|서초구|역삼동|4511000000|서초1동|1|45|1|1|595|39085|231|1654.0|1215|382074
202405|CNTY_GU|11|41130|41130000|경기|강남구|인계동|1120000000|역삼1가|2|60|0|7|346|26214|343|2441.0|2439|837263
202405|CNTY_GU|26|11140|27110000|대구|성남시|인계동|4711000000|서초1동|1|60|3|8|401|22661|304|3547.0|3158|1078288
202405|CNTY_GU|43|41150|46110000|서울|서초구|서초동|1111000000|역삼1가|1|45|1|5|492|13531|375|7013.0|5942|2629875
202405|CNTY_GU|26|27110|27110000|서울|강남구|역삼동|4611000000|서초1동|2|60|3|4|299|20217|220|2077.0|1982|456940
202405|CNTY_GU|26|11140|41130000|서울|수원시|역삼동|4111000000|서초1동|2|45|1|2|70|5848|618|3474.0|2747|2146932
202405|ADM|27|28110|41150000|경기|강남구|인계동|2611000000|인계동|2|20|1|8|491|31679|536|1757.0|1258|941752
202405|ADM|46|28110|41110000|대구|성남시|역삼동|4113000000|역삼1가|2|60|1|2|265|39332|751|2534.0|1908|1903034
202405|CNTY_GU|41|47110|11200000|인천|성남시|서초동|4413000000|역삼1가|1|70|0|6|515|37490|52|4749.0|4464|246948
202405|ADM|44|43110|27110000|부산|강남구|인계동|4211000000|인계동|2|35|0|1|951|45094|165|6255.0|5467|1032075
202405|CNTY_GU|41|44130|47110000|경기|서초구|역삼동|4711000000|역삼1가|1|55|0|6|676|25785|10|4678.0|3932|46780
202405|ADM|27|26140|11110000|대구|강남구|역삼동|4511000000|인계동|1|40|0|1|933|17075|1|5386.0|4995|5386
202405|ADM|26|28110|45110000|대구|성남시|역삼동|2611000000|인계동|2|40|2|2|827|27698|92|3476.0|2934|319792
202405|CNTY_GU|43|26110|26110000|인천|강남구|서초동|1114000000|서초1동|2|65|2|7|682|35258|156|2397.0|2017|373932
202405|PRVNC|43|41110|41150000|인천|서초구|서초동|4211000000|인계동|2|70|0|4|138|37730|454|5618.0|5477|2550572
202405|CNTY_GU|46|26110|26140000|대구|서초구|역삼동|2711000000|서초1동|2|25|0|10|18|32542|153|6828.0|5950|1044684
202405|CNTY_GU|46|26140|11170000|인천|서초구|역삼동|4113000000|서초1동|2|55|0|7|157|12530|464|5205.0|4657|2415120
202405|CNTY_GU|26|27110|28110000|대구|강남구|서초동|4115000000|인계동|1|30|1|8|23|19604|52|1734.0|1544|90168
202405|ADM|43|47110|28110000|경기|강남구|역삼동|1114000000|인계동|1|45|1|2|497|10640|541|7973.0|6239|4313393
202405|CNTY_GU|41|11110|46110000|경기|강남구|역삼동|1120000000|역삼1가|2|60|3|5|595|17293|638|2330.0|2328|1486540
202405|ADM|44|45110|11200000|서울|수원시|서초동|4511000000|역삼1가|2|35|3|5|550|22685|659|4829.0|3439|3182311
202405|PRVNC|42|46110|26140000|서울|성남시|서초동|2611000000|서초1동|1|40|3|7|230|44161|273|6372.0|5068|1739556
202405|CNTY_GU|41|26110|45110000|대구|성남시|인계동|2711000000|서초1동|1|70|2|1|428|21739|261|7866.0|6318|2053026
202405|ADM|27|11200|26140000|경기|수원시|서초동|4413000000|인계동|2|40|2|6|651|22884|341|4784.0|4754|1631344
202405|ADM|42|26110|11110000|인천|강남구|역삼동|1120000000|인계동|1|25|2|9|297|33414|710|7424.0|6532|5271040
202405|CNTY_GU|26|45110|26140000|인천|성남시|인계동|1111000000|역삼1가|2|40|0|3|95|49869|692|4030.0|3274|2788760
202405|ADM|42|11170|28110000|서울|성남시|역삼동|4111000000|서초1동|1|45|1|3|166|17564|416|1557.0|1239|647712
202405|ADM|26|11110|11200000|부산|수원시|역삼동|4611000000|인계동|2|60|1|4|987|42434|732|2063.0|1498|1510116
202405|CNTY_GU|26|11170|11170000|서울|수원시|인계동|4113000000|역삼1가|1|40|1|8|212|46646|226|7416.0|5263|1676016
202405|CNTY_GU|41|26110|28110000|대구|성남시|서초동|4413000000|서초1동|2|30|1|5|114|42546|437|1626.0|1214|710562
202405|ADM|45|42110|11110000|인천|서초구|서초동|4113000000|서초1동|1|60|0|9|836|12570|153|7457.0|6249|1140921
202405|ADM|45|41130|43110000|부산|서초구|서초동|2614000000|서초1동|2|40|2|3|336|14798|80|4044.0|3180|323520
202405|CNTY_GU|47|41110|27110000|인천|수원시|서초동|4511000000|인계동|2|20|0|10|957|40179|554|7680.0|7644|4254720
202405|ADM|47|11170|43110000|서울|강남구|인계동|2614000000|인계동|2|60|0|10|97|23668|366|7887.0|6178|2886642
202405|CNTY_GU|27|43110|41110000|대구|성남시|서초동|2611000000|역삼1가|1|70|2|4|54|26243|458|1549.0|1472|709442
202405|CNTY_GU|27|47110|11110000|대구|수원시|인계동|2611000000|인계동|2|70|3|3|384|10486|731|5356.0|5119|3915236
202405|ADM|47|27110|47110000|인천|서초구|인계동|2611000000|서초1동|1|50|3|8|900|12365|394|1206.0|922|475164
202405|PRVNC|46|41130|44130000|대구|성남시|역삼동|1111000000|역삼1가|2|35|3|7|336|21935|721|3225.0|2476|2325225
202405|CNTY_GU|44|26140|11140000|경기|강남구|서초동|4511000000|역삼1가|1|65|0|8|722|36812|464|7635.0|6976|3542640
202405|PRVNC|42|44130|27110000|경기|성남시|서초동|4311000000|서초1동|2|30|1|4|645|49909|262|7993.0|7902|2094166
202405|PRVNC|27|41130|42110000|부산|수원시|서초동|1114000000|서초1동|1|60|0|7|74|8456|68|1963.0|1686|133484
202405|ADM|26|26110|11110000|대구|강남구|역삼동|4413000000|역삼1가|2|65|1|5|859|33456|776|7984.0|6489|6195584
202405|ADM|47|26140|11200000|경기|수원시|인계동|4413000000|서초1동|1|70|2|10|118|46596|639|2278.0|1615|1455642
202405|CNTY_GU|43|11200|47110000|경기|성남시|역삼동|1120000000|서초1동|1|50|3|8|810|20102|261|3364.0|3151|878004
202405|ADM|11|47110|43110000|경기|강남구|역삼동|2611000000|역삼1가|2|70|3|7|116|44921|567|4640.0|3603|2630880
202405|ADM|41|45110|45110000|인천|수원시|역삼동|2711000000|역삼1가|2|20|1|8|732|18144|651|2522.0|1915|1641822
202405|CNTY_GU|45|28110|46110000|부산|수원시|인계동|4115000000|역삼1가|1|20|0|5|895|29841|21|1440.0|1099|30240
202405|CNTY_GU|41|11200|27110000|부산|서초구|서초동|2811000000|역삼1가|1|60|0|3|997|14617|749|2358.0|2125|1766142
202405|CNTY_GU|47|11200|44130000|서울|강남구|서초동|2611000000|서초1동|2|70|1|6|672|42467|111|1443.0|1188|160173
202405|ADM|41|27110|42110000|서울|서초구|인계동|1114000000|서초1동|1|30|0|6|43|9973|106|5114.0|4820|542084
202405|CNTY_GU|46|11140|41150000|부산|서초구|역삼동|4711000000|역삼1가|1|40|0|5|33|30833|361|5482.0|3987|1979002
202405|CNTY_GU|43|43110|41150000|부산|수원시|인계동|2611000000|인계동|2|70|0|7|789|12623|235|3199.0|2898|751765
202405|ADM|46|11140|11200000|인천|수원시|서초동|4413000000|인계동|1|65|0|5|466|14170|308|6856.0|6585|2111648
202405|ADM|42|11200|47110000|인천|수원시|서초동|2611000000|인계동|2|40|3|1|130|21484|450|6458.0|6171|2906100
202405|ADM|44|27110|11170000|서울|서초구|인계동|4711000000|서초1동|2|65|0|9|267|9168|337|3358.0|2520|1131646
202405|CNTY_GU|41|42110|11200000|인천|성남시|역삼동|4511000000|역삼1가|1|45|1|8|608|24286|296|3480.0|3060|1030080
202405|CNTY_GU|27|28110|46110000|경기|서초구|역삼동|1120000000|서초1동|2|40|2|10|94|19239|431|3788.0|3736|1632628
202405|CNTY_GU|26|47110|11200000|부산|성남시|서초동|1114000000|인계동|1|50|1|7|811|22200|783|5263.0|4945|4120929
202405|PRVNC|42|27110|11140000|대구|서초구|역삼동|4311000000|서초1동|2|35|3|9|784|12525|560|6892.0|6605|3859520
202405|CNTY_GU|43|41130|42110000|서울|수원시|서초동|2611000000|역삼1가|1|55|3|7|661|11856|324|2741.0|2682|888084
202405|ADM|44|41110|26140000|대구|수원시|서초동|4115000000|역삼1가|1|35|0|10|550|37894|556|3329.0|2442|1850924
202405|CNTY_GU|46|26110|11140000|서울|강남구|서초동|2811000000|인계동|2|45|1|3|114|17601|670|4366.0|3297|2925220
202405|ADM|47|41150|11200000|서울|강남구|서초동|4111000000|역삼1가|1|60|0|3|400|30677|40|2770.0|2600|110800
202405|ADM|41|46110|44130000|서울|강남구|인계동|1117000000|인계동|1|65|3|5|183|24987|160|5606.0|5258|896960
202405|CNTY_GU|11|11200|11170000|서울|서초구|인계동|1114000000|서초1동|1|20|0|3|568|18901|796|1563.0|1141|1244148
202405|CNTY_GU|43|46110|11200000|서울|수원시|서초동|1120000000|서초1동|2|55|2|6|887|8785|786|7934.0|7596|6236124
202405|PRVNC|46|45110|42110000|부산|수원시|역삼동|4113000000|역삼1가|1|65|2|4|883|28305|565|2968.0|2352|1676920
202405|CNTY_GU|44|41150|44130000|인천|강남구|역삼동|4711000000|인계동|1|55|3|4|910|7257|584|3129.0|3057|1827336
202405|CNTY_GU|43|43110|41130000|인천|강남구|역삼동|2611000000|역삼1가|1|35|1|4|343|17033|727|2902.0|2085|2109754
202405|ADM|42|43110|11170000|부산|수원시|서초동|4511000000|역삼1가|2|60|1|7|746|40727|1|6284.0|5542|6284
202405|CNTY_GU|47|26140|26140000|경기|수원시|인계동|4113000000|인계동|1|60|1|2|446|11329|421|2185.0|2174|919885
202405|ADM|45|43110|43110000|서울|강남구|서초동|1117000000|인계동|1|30|0|1|293|13990|140|5238.0|4591|733320
202405|ADM|46|28110|28110000|경기|수원시|인계동|4115000000|인계동|2|65|0|9|762|42676|762|5687.0|4176|4333494
202405|CNTY_GU|11|28110|11140000|부산|강남구|서초동|2611000000|인계동|1|35|2|6|250|18644|84|6284.0|4568|527856
202405|PRVNC|27|46110|45110000|서울|서초구|인계동|4111000000|역삼1가|1|70|1|9|649|26905|99|4710.0|4105|466290
202405|ADM|26|26110|11140000|대구|강남구|역삼동|4511000000|역삼1가|1|45|3|1|72|9510|474|5288.0|4854|2506512
202405|CNTY_GU|43|11140|42110000|서울|강남구|서초동|4511000000|역삼1가|2|30|0|3|598|25896|263|4192.0|3940|1102496
202405|CNTY_GU|11|11140|11110000|서울|성남시|인계동|2614000000|역삼1가|2|55|0|5|467|13305|667|1756.0|1535|1171252
202405|ADM|46|27110|28110000|경기|성남시|역삼동|2611000000|인계동|2|50|1|6|74|23081|239|1100.0|870|262900
202405|ADM|47|11110|42110000|서울|수원시|인계동|2811000000|서초1동|2|60|0|9|394|42643|628|2665.0|1946|1673620
202405|ADM|46|46110|11170000|인천|강남구|서초동|4115000000|역삼1가|1|35|2|2|911|29216|315|5985.0|5370|1885275
202405|ADM|11|11110|11170000|경기|서초구|서초동|1120000000|역삼1가|2|25|0|5|245|46581|463|5988.0|5189|2772444
202405|ADM|43|44130|42110000|인천|서초구|인계동|4611000000|서초1동|2|30|1|2|392|48417|779|5188.0|4033|4041452
202405|ADM|46|26110|27110000|부산|서초구|역삼동|4113000000|인계동|2|45|0|10|650|23544|494|6195.0|6102|3060330
202405|CNTY_GU|42|43110|26110000|경기|강남구|인계동|1120000000|역삼1가|2|20|1|7|127|17163|152|6608.0|5748|1004416
202405|ADM|11|11140|46110000|서울|강남구|인계동|1117000000|역삼1가|2|55|1|8|207|14571|754|5406.0|5052|4076124
202405|ADM|45|47110|26140000|서울|성남시|서초동|4115000000|역삼1가|2|45|1|7|312|32791|751|4334.0|3822|3254834
202405|CNTY_GU|42|11110|26140000|경기|성남시|서초동|4111000000|서초1동|1|30|3|10|88|36276|363|2384.0|1779|865392
202405|ADM|46|27110|44130000|부산|강남구|인계동|1120000000|인계동|2|60|2|10|472|39940|306|1818.0|1780|556308
202405|ADM|43|41130|11170000|대구|서초구|역삼동|4611000000|서초1동|2|55|1|9|432|14178|601|1752.0|1529|1052952
202405|CNTY_GU|41|41150|28110000|부산|강남구|서초동|4115000000|인계동|1|50|2|3|177|34844|2|1752.0|1567|3504
202405|CNTY_GU|45|26140|42110000|인천|강남구|서초동|4111000000|서초1동|2|55|2|9|727|35646|80|6153.0|5261|492240
202405|ADM|45|11110|11140000|인천|수원시|역삼동|2611000000|역삼1가|2|50|3|3|564|27193|264|5765.0|5369|1521960
202405|ADM|26|47110|11170000|서울|서초구|서초동|4413000000|역삼1가|2|20|0|4|183|35860|70|5461.0|5368|382270
202405|CNTY_GU|27|45110|46110000|경기|수원시|인계동|4511000000|역삼1가|2|50|2|1|266|27094|237|4559.0|3642|1080483
202405|CNTY_GU|44|42110|43110000|부산|강남구|역삼동|4113000000|서초1동|2|35|0|9|587|40993|139|4909.0|4689|682351
202405|ADM|47|26140|26140000|서울|수원시|인계동|4711000000|서초1동|1|60|0|10|292|18724|786|2789.0|2050|2192154
202405|CNTY_GU|46|46110|28110000|경기|서초구|서초동|2711000000|인계동|2|55|2|4|87|16445|766|1132.0|937|867112
202405|CNTY_GU|26|11200|27110000|부산|강남구|역삼동|1111000000|역삼1가|2|50|1|8|771|32674|20|6826.0|6614|136520
202405|ADM|47|11140|46110000|대구|성남시|역삼동|4711000000|역삼1가|2|45|2|9|268|19429|608|5335.0|4667|3243680
202405|ADM|42|44130|43110000|대구|서초구|역삼동|4211000000|역삼1가|1|35|0|6|640|27754|651|7634.0|5432|4969734
202405|ADM|47|26110|11200000|대구|수원시|서초동|4711000000|역삼1가|1|55|0|5|834|16333|729|6452.0|5226|4703508
202405|ADM|27|43110|11140000|부산|수원시|역삼동|4311000000|역삼1가|1|60|1|7|65|15963|708|3697.0|3385|2617476
202405|ADM|47|44130|41110000|경기|강남구|서초동|2614000000|인계동|1|40|1|1|146|33767|273|4250.0|3389|1160250
202405|ADM|43|11170|44130000|경기|서초구|인계동|4211000000|역삼1가|1|40|0|5|264|17635|388|3697.0|2855|1434436
202405|ADM|41|41150|45110000|대구|서초구|서초동|4711000000|인계동|1|70|1|10|666|48921|136|1357.0|1276|184552
202405|CNTY_GU|41|28110|11140000|부산|성남시|인계동|2811000000|인계동|1|60|1|4|6|41677|692|2446.0|1893|1692632
202405|ADM|26|27110|42110000|부산|서초구|역삼동|4711000000|서초1동|1|25|0|7|14|23897|50|3029.0|2305|151450
202405|CNTY_GU|47|28110|28110000|인천|수원시|역삼동|2711000000|역삼1가|1|35|2|1|812|15924|403|7216.0|6553|2908048
202405|ADM|42|45110|11200000|서울|강남구|인계동|2614000000|인계동|2|65|1|7|548|20150|352|2218.0|2013|780736
202405|CNTY_GU|44|11170|41130000|인천|강남구|인계동|2711000000|인계동|1|60|0|4|129|25107|272|1340.0|938|364480
202405|ADM|27|41110|11140000|대구|서초구|역삼동|2811000000|인계동|1|30|1|9|242|31102|777|5329.0|4628|4140633
202405|ADM|41|43110|11110000|경기|강남구|서초동|4611000000|역삼1가|1|45|0|8|539|21127|381|3116.0|2240|1187196
202405|PRVNC|47|46110|41130000|서울|서초구|서초동|1111000000|역삼1가|1|30|3|10|222|20910|36|1852.0|1801|66672
202405|ADM|11|41130|11170000|인천|서초구|역삼동|1117000000|서초1동|1|50|1|1|129|27314|678|3694.0|3403|2504532
202405|ADM|42|41130|41130000|서울|강남구|인계동|1111000000|역삼1가|2|25|0|8|504|10032|741|1286.0|1183|952926
202405|ADM|43|11200|47110000|서울|성남시|서초동|4113000000|역삼1가|2|35|2|3|77|6689|281|4118.0|3797|1157158
202405|PRVNC|41|41130|11200000|부산|서초구|인계동|1117000000|서초1동|2|25|0|6|987|27276|222|6727.0|5083|1493394
202405|ADM|43|47110|43110000|대구|강남구|서초동|4711000000|역삼1가|1|70|3|3|742|37255|563|4948.0|3621|2785724
202405|CNTY_GU|47|26140|44130000|경기|서초구|서초동|2611000000|인계동|1|30|0|2|234|31370|48|7453.0|6220|357744
202405|CNTY_GU|41|41110|11170000|서울|성남시|인계동|2711000000|역삼1가|1|45|0|9|952|8430|525|7961.0|7243|4179525
202405|CNTY_GU|27|11140|26110000|대구|성남시|역삼동|4611000000|인계동|2|30|3|8|551|24458|140|6907.0|6892|966980
202405|CNTY_GU|27|26110|11200000|대구|서초구|서초동|4211000000|인계동|2|30|3|6|255|29495|176|6375.0|4995|1122000
202405|ADM|42|11110|47110000|인천|수원시|서초동|2614000000|서초1동|1|20|0|6|379|39412|81|5085.0|4945|411885
202405|ADM|46|45110|41130000|대구|강남구|인계동|4611000000|인계동|2|25|0|6|772|35289|511|1596.0|1154|815556
202405|CNTY_GU|42|26110|43110000|부산|강남구|서초동|4311000000|역삼1가|2|45|3|6|694|35500|544|3496.0|2762|1901824
202405|ADM|44|46110|11170000|부산|수원시|역삼동|1111000000|인계동|2|45|0|8|379|5234|373|7382.0|6077|2753486
202405|CNTY_GU|46|45110|41150000|부산|수원시|인계동|4711000000|역삼1가|1|35|3|7|929|25680|764|1562.0|1259|1193368
202405|ADM|26|11170|41130000|경기|강남구|인계동|1111000000|인계동|1|70|1|9|70|46627|62|6439.0|6117|399218
202405|ADM|42|26140|42110000|대구|강남구|서초동|4111000000|인계동|2|45|2|8|422|47721|790|3732.0|3101|2948280
202405|ADM|47|28110|28110000|서울|서초구|인계동|1114000000|서초1동|2|60|2|3|270|39721|647|7500.0|6979|4852500
202405|PRVNC|41|45110|11110000|서울|강남구|역삼동|4511000000|서초1동|1|45|2|3|908|31412|59|2284.0|2204|134756
202405|ADM|27|47110|42110000|서울|서초구|서초동|4413000000|역삼1가|1|35|0|6|191|41953|345|3992.0|3400|1377240
202405|CNTY_GU|26|47110|27110000|경기|수원시|서초동|2811000000|역삼1가|2|30|3|4|916|21200|439|6656.0|5426|2921984
202405|CNTY_GU|26|28110|26110000|부산|강남구|역삼동|2614000000|서초1동|2|30|0|7|743|25286|488|3900.0|2732|1903200
202405|ADM|43|28110|45110000|대구|강남구|역삼동|2611000000|인계동|1|55|0|3|871|21875|349|6835.0|6279|2385415
202405|ADM|45|11170|11170000|서울|수원시|인계동|4611000000|서초1동|2|60|2|5|378|9509|243|3536.0|3496|859248
202405|ADM|44|28110|46110000|경기|수원시|서초동|4413000000|서초1동|2|30|0|8|247|5981|225|4287.0|3307|964575
202405|ADM|43|11200|41110000|경기|수원시|인계동|1114000000|서초1동|2|70|0|6|180|19896|478|5981.0|5866|2858918
202405|PRVNC|27|45110|11200000|부산|서초구|역삼동|4115000000|서초1동|1|65|2|5|701|35221|432|3151.0|3133|1361232
202405|ADM|43|27110|45110000|대구|강남구|서초동|4611000000|역삼1가|2|35|2|10|99|37235|309|6665.0|5990|2059485
202405|ADM|44|41130|46110000|서울|강남구|인계동|4211000000|인계동|2|35|1|6|338|38528|198|5894.0|5251|1167012
202405|ADM|27|11200|47110000|경기|수원시|서초동|2614000000|인계동|1|70|0|8|441|30254|409|7114.0|6772|2909626
202405|CNTY_GU|42|45110|27110000|부산|수원시|서초동|2614000000|역삼1가|1|70|0|6|189|15035|194|5392.0|5349|1046048
202405|CNTY_GU|43|43110|46110000|대구|성남시|인계동|4511000000|서초1동|2|40|0|7|453|43112|341|7028.0|6235|2396548
202405|ADM|11|42110|42110000|서울|수원시|역삼동|4111000000|인계동|1|60|2|9|461|39575|764|5066.0|3580|3870424
202405|ADM|44|45110|27110000|인천|성남시|서초동|2611000000|역삼1가|1|70|0|2|154|14034|595|4222.0|3918|2512090
202405|CNTY_GU|11|27110|45110000|부산|성남시|서초동|2711000000|역삼1가|2|65|3|6|481|35489|599|7478.0|5905|4479322
202405|PRVNC|42|47110|41110000|대구|서초구|인계동|2611000000|서초1동|2|55|3|4|560|15473|46|4031.0|3437|185426
202405|CNTY_GU|11|41150|11200000|부산|강남구|인계동|4611000000|서초1동|1|40|3|10|646|7453|613|2958.0|2624|1813254
202405|ADM|27|11140|43110000|부산|강남구|역삼동|1114000000|역삼1가|2|45|1|5|253|7496|505|6685.0|5420|3375925
202405|CNTY_GU|42|11110|11170000|인천|성남시|역삼동|4611000000|인계동|1|55|1|6|321|16955|410|3316.0|2439|1359560
202405|ADM|26|43110|26110000|서울|서초구|역삼동|4113000000|역삼1가|2|35|1|1|930|14955|220|1183.0|1020|260260
202405|CNTY_GU|46|41110|41110000|서울|서초구|인계동|1114000000|서초1동|1|55|1|6|80|49997|341|1381.0|1164|470921
202405|ADM|46|46110|41150000|대구|서초구|역삼동|4113000000|역삼1가|2|45|3|5|296|47854|294|0.0|0|0
202405|CNTY_GU|41|11140|41150000|경기|성남시|인계동|4311000000|서초1동|1|50|3|1|289|5358|308|2538.0|1836|781704
202405|ADM|43|43110|44130000|부산|강남구|인계동|4511000000|인계동|1|60|0|1|239|49479|650|3685.0|3539|2395250
202405|CNTY_GU|44|41130|41130000|서울|강남구|인계동|2611000000|서초1동|2|70|0|5|818|46411|111|4286.0|3635|475746
202405|ADM|42|11140|41110000|인천|수원시|역삼동|4115000000|서초1동|1|35|1|9|895|47943|506|3693.0|2818|1868658
202405|ADM|46|44130|42110000|경기|성남시|서초동|4311000000|인계동|1|60|0|4|863|41778|778|6743.0|5316|5246054
202405|ADM|46|11140|41110000|인천|수원시|역삼동|4413000000|서초1동|2|50|2|9|193|10370|142|6895.0|4844|979090
202405|CNTY_GU|43|11170|46110000|경기|성남시|서초동|2611000000|인계동|2|35|2|6|69|37739|541|2323.0|2003|1256743
202405|ADM|44|46110|27110000|부산|수원시|서초동|1114000000|서초1동|2|55|2|7|878|39049|87|1430.0|1397|124410
202405|ADM|47|27110|11140000|인천|서초구|서초동|2811000000|인계동|1|55|0|4|203|30046|407|4661.0|4314|1897027
202405|ADM|46|45110|41150000|부산|강남구|서초동|2611000000|서초1동|1|60|2|8|795|9585|263|6936.0|5460|1824168
202405|ADM|41|41130|47110000|대구|강남구|서초동|2711000000|인계동|2|40|0|4|60|16422|505|3162.0|2548|1596810
202405|ADM|47|41110|11200000|인천|성남시|인계동|4413000000|역삼1가|2|60|1|7|604|28265|602|3789.0|2989|2280978
202405|ADM|43|11200|11170000|부산|수원시|역삼동|4413000000|서초1동|1|35|2|10|499|12360|797|6498.0|4794|5178906
202405|CNTY_GU|47|11170|28110000|인천|성남시|인계동|1120000000|역삼1가|1|45|0|6|869|48739|78|0.0|0|0
202405|ADM|43|11110|46110000|경기|강남구|서초동|2614000000|역삼1가|2|50|3|4|173|7573|202|5466.0|5001|1104132
202405|CNTY_GU|47|11110|26110000|부산|강남구|인계동|1120000000|역삼1가|1|50|0|5|77|29108|564|7190.0|6289|4055160
202405|CNTY_GU|26|11110|43110000|대구|서초구|인계동|4611000000|서초1동|2|20|3|9|778|30268|703|1384.0|1088|972952
202405|ADM|45|47110|26110000|경기|수원시|인계동|4611000000|서초1동|2|40|3|6|379|25959|308|1360.0|1059|418880
202405|ADM|42|26110|44130000|경기|성남시|역삼동|1114000000|서초1동|1|35|0|9|821|44618|83|2139.0|1961|177537
202405|CNTY_GU|26|45110|26110000|인천|수원시|서초동|4113000000|서초1동|2|70|0|9|283|10214|75|4660.0|3395|349500
202405|PRVNC|44|26140|45110000|경기|성남시|역삼동|1120000000|인계동|1|70|0|4|497|11861|3|6346.0|4854|19038
202405|CNTY_GU|43|41110|41110000|서울|성남시|서초동|4611000000|인계동|2|40|2|2|544|7925|67|1871.0|1507|125357
202405|CNTY_GU|11|28110|11140000|서울|성남시|역삼동|2611000000|서초1동|1|60|0|4|465|15793|729|5748.0|5532|4190292
202405|ADM|26|45110|46110000|경기|서초구|서초동|2614000000|역삼1가|1|50|3|2|624|6561|797|1578.0|1491|1257666
202405|ADM|44|45110|42110000|부산|성남시|역삼동|2611000000|서초1동|2|40|1|8|536|11704|72|1813.0|1314|130536
202405|ADM|47|11170|11110000|대구|성남시|서초동|2811000000|서초1동|2|60|2|6|427|32722|799|7509.0|6508|5999691
202405|ADM|43|28110|26140000|경기|수원시|서초동|4115000000|서초1동|2|70|2|4|239|33031|549|3113.0|2960|1709037
202405|ADM|41|45110|46110000|인천|강남구|역삼동|2811000000|인계동|1|40|2|9|172|38351|440|3908.0|3374|1719520
202405|ADM|41|11140|27110000|경기|수원시|인계동|2711000000|역삼1가|1|30|0|1|692|39313|384|2904.0|2435|1115136
202405|CNTY_GU|45|44130|47110000|대구|수원시|서초동|4611000000|인계동|2|70|2|1|904|39420|206|3386.0|3276|697516
202405|PRVNC|41|26140|41110000|경기|수원시|역삼동|2811000000|서초1동|1|55|2|6|676|42844|330|4299.0|3956|1418670
202405|ADM|43|42110|11170000|서울|강남구|역삼동|4413000000|서초1동|1|30|1|3|148|39115|780|2441.0|2081|1903980
202405|ADM|46|26140|41150000|대구|서초구|인계동|4711000000|서초1동|1|20|3|6|142|15649|791|1181.0|888|934171
202405|ADM|45|41130|11140000|서울|수원시|인계동|4611000000|인계동|2|55|1|2|406|49639|523|5903.0|4447|3087269
202405|ADM|47|41130|42110000|대구|강남구|인계동|4511000000|서초1동|1|50|1|4|307|36528|260|4711.0|3632|1224860
202405|ADM|45|11200|11140000|인천|수원시|역삼동|1117000000|서초1동|1|35|1|6|220|10202|282|4791.0|4196|1351062
202405|CNTY_GU|41|42110|41150000|인천|수원시|서초동|2811000000|인계동|1|55|2|1|477|25261|77|2164.0|1869|166628
202405|PRVNC|11|11140|11170000|인천|수원시|역삼동|2711000000|역삼1가|2|30|3|4|490|45945|204|6030.0|5366|1230120
202405|PRVNC|42|11110|11200000|대구|성남시|역삼동|4311000000|서초1동|2|40|1|5|911|49527|197|6141.0|4662|1209777
202405|CNTY_GU|41|42110|11200000|서울|서초구|인계동|1114000000|서초1동|2|35|0|9|781|48521|774|4374.0|3742|3385476
202405|ADM|42|41130|27110000|인천|강남구|역삼동|1117000000|서초1동|2|65|1|10|162|36626|771|4836.0|4270|3728556
202405|ADM|47|41150|41150000|서울|강남구|서초동|4113000000|서초1동|1|35|3|2|577|31031|495|3658.0|3501|1810710
202405|ADM|44|26110|45110000|부산|강남구|역삼동|2614000000|인계동|1|35|0|10|72|9619|748|6510.0|5095|4869480
202405|CNTY_GU|26|11110|41150000|부산|서초구|서초동|4413000000|인계동|1|60|3|10|994|31349|459|7422.0|5814|3406698
202405|CNTY_GU|27|43110|43110000|대구|성남시|역삼동|4611000000|인계동|2|20|2|9|133|18693|235|5409.0|5397|1271115
202405|CNTY_GU|26|26110|45110000|부산|성남시|서초동|1111000000|인계동|1|55|0|7|948|17231|419|1719.0|1235|720261
202405|CNTY_GU|41|26140|28110000|인천|강남구|서초동|4711000000|인계동|1|20|3|4|234|35480|438|7365.0|6234|3225870
202405|ADM|47|45110|11140000|부산|수원시|역삼동|4115000000|역삼1가|2|25|2|2|995|15578|238|4832.0|4728|1150016
202405|CNTY_GU|26|46110|26110000|인천|수원시|서초동|4511000000|역삼1가|2|45|3|2|610|36422|474|7683.0|6644|3641742
202405|ADM|45|27110|47110000|대구|강남구|역삼동|4413000000|인계동|2|70|1|10|553|24450|712|6094.0|5326|4338928
202405|CNTY_GU|11|27110|45110000|서울|수원시|서초동|4115000000|서초1동|1|30|2|10|30|22644|783|5358.0|4181|4195314
202405|ADM|26|47110|47110000|경기|강남구|인계동|4115000000|역삼1가|2|35|0|8|725|17862|746|3218.0|2961|2400628
202405|CNTY_GU|26|26140|26110000|대구|강남구|인계동|4413000000|역삼1가|1|55|0|9|33|18389|499|5391.0|5329|2690109
202405|CNTY_GU|42|41130|11170000|부산|수원시|인계동|1114000000|역삼1가|2|65|0|6|520|40565|499|2589.0|2174|1291911
202405|ADM|11|11170|46110000|서울|수원시|역삼동|1117000000|역삼1가|1|45|1|2|889|16508|680|3487.0|3346|2371160
202405|CNTY_GU|11|45110|47110000|부산|수원시|인계동|2614000000|인계동|2|45|0|8|750|33927|251|5506.0|3911|1382006
202405|ADM|27|11170|28110000|인천|수원시|인계동|2711000000|인계동|1|35|3|5|119|19544|118|7537.0|7178|889366
202405|CNTY_GU|45|26140|47110000|부산|성남시|역삼동|4211000000|역삼1가|1|40|0|6|165|35716|17|4774.0|4713|81158
202405|ADM|41|42110|42110000|부산|강남구|역삼동|4115000000|서초1동|2|30|1|7|327|8929|396|6703.0|6401|2654388
202405|ADM|11|45110|45110000|부산|성남시|역삼동|4611000000|인계동|2|30|3|9|728|46440|118|4061.0|2949|479198
202405|CNTY_GU|11|41130|11200000|인천|서초구|서초동|4115000000|역삼1가|1|55|1|7|360|21407|611|2745.0|2445|1677195
202405|ADM|11|45110|41130000|부산|서초구|인계동|2811000000|인계동|1|45|0|9|602|12824|170|1657.0|1196|281690
202405|ADM|47|41130|11170000|부산|서초구|인계동|2611000000|서초1동|1|60|0|7|794|12329|36|2845.0|2049|102420
202405|ADM|42|41110|43110000|인천|수원시|인계동|4511000000|서초1동|2|55|3|3|701|38577|310|1794.0|1297|556140
202405|ADM|26|11170|26110000|대구|수원시|인계동|4115000000|역삼1가|2|20|3|10|912|14917|347|6192.0|4599|2148624
202405|ADM|26|27110|45110000|인천|서초구|인계동|4111000000|역삼1가|2|45|2|3|866|17409|433|1721.0|1481|745193
202405|CNTY_GU|46|11140|41130000|대구|강남구|인계동|2611000000|역삼1가|2|50|2|2|771|15384|756|3457.0|3194|2613492
202405|ADM|46|26110|42110000|부산|수원시|서초동|4113000000|역삼1가|2|30|1|9|246|18641|405|7157.0|5359|2898585
202405|ADM|45|28110|42110000|서울|성남시|인계동|4311000000|인계동|1|70|1|9|501|12751|624|6758.0|4744|4216992
202405|ADM|43|46110|46110000|인천|성남시|역삼동|1114000000|인계동|1|60|1|3|799|31278|595|6837.0|5660|4068015
202405|ADM|45|47110|41110000|경기|성남시|역삼동|4111000000|역삼1가|2|65|0|3|541|27617|113|7416.0|6137|838008
202405|ADM|42|41130|27110000|경기|강남구|서초동|4413000000|인계동|1|50|2|2|832|8931|190|4568.0|3798|867920
202405|ADM|27|28110|44130000|대구|성남시|서초동|4113000000|역삼1가|2|60|3|6|438|34832|392|1808.0|1567|708736
202405|CNTY_GU|42|26140|27110000|대구|수원시|인계동|1111000000|서초1동|2|30|3|5|930|46426|250|2549.0|2527|637250
202405|ADM|47|46110|11170000|경기|수원시|서초동|4711000000|인계동|2|65|0|6|980|44151|369|4645.0|3645|1714005
202405|ADM|41|27110|41150000|부산|서초구|역삼동|2611000000|서초1동|1|70|0|3|309|19977|164|2396.0|2087|392944
202405|CNTY_GU|27|47110|46110000|부산|성남시|인계동|4711000000|인계동|2|20|3|7|961|28566|99|7215.0|6875|714285
202405|PRVNC|44|28110|41150000|서울|강남구|인계동|1120000000|역삼1가|1|55|0|4|405|24840|321|4028.0|3345|1292988
202405|PRVNC|11|11140|41150000|인천|성남시|인계동|4413000000|역삼1가|2|25|0|4|760|7367|249|4861.0|3424|1210389
202405|CNTY_GU|43|27110|26110000|부산|성남시|서초동|2614000000|서초1동|1|55|0|5|649|29907|464|1796.0|1446|833344
202405|ADM|26|46110|26140000|대구|성남시|역삼동|2811000000|서초1동|1|65|0|2|880|19804|147|2018.0|1838|296646
202405|ADM|11|27110|41150000|인천|성남시|역삼동|2614000000|역삼1가|2|30|1|4|895|43797|505|6592.0|4983|3328960
202405|ADM|41|43110|41130000|경기|성남시|인계동|2811000000|역삼1가|2|45|0|9|554|28865|790|6539.0|5884|5165810
202405|ADM|45|47110|47110000|인천|성남시|역삼동|4413000000|인계동|1|25|1|3|128|21358|353|5225.0|3739|1844425
202405|ADM|11|11140|28110000|대구|강남구|역삼동|4111000000|역삼1가|1|55|1|2|562|37256|405|2437.0|2196|986985
202405|ADM|11|46110|42110000|서울|서초구|인계동|1114000000|서초1동|1|25|1|8|615|13080|64|4243.0|3606|271552
202405|ADM|46|43110|44130000|인천|강남구|인계동|4413000000|서초1동|1|70|2|3|744|15243|125|4467.0|4068|558375
202405|PRVNC|47|42110|42110000|서울|서초구|서초동|1114000000|역삼1가|2|40|0|8|694|31873|27|2788.0|1974|75276
202405|ADM|43|41110|26110000|경기|수원시|역삼동|4311000000|인계동|1|30|0|1|350|39013|375|7774.0|7662|2915250
202405|ADM|42|42110|45110000|서울|성남시|역삼동|4511000000|역삼1가|2|70|2|2|827|41388|398|4027.0|3519|1602746
202405|ADM|47|11170|41150000|인천|수원시|인계동|2611000000|역삼1가|1|55|2|6|661|38071|74|7227.0|6508|534798
202405|CNTY_GU|27|46110|41110000|부산|성남시|역삼동|2614000000|역삼1가|2|45|1|10|749|35974|339|4653.0|4395|1577367
202405|ADM|43|26110|43110000|인천|성남시|역삼동|2811000000|역삼1가|1|60|0|7|422|38691|673|5266.0|3764|3544018
202405|ADM|11|11170|45110000|서울|성남시|서초동|4311000000|인계동|2|65|3|2|335|40912|692|0.0|0|0
202405|ADM|11|43110|47110000|서울|강남구|인계동|4211000000|서초1동|2|60|0|6|921|34938|512|2098.0|1567|1074176
202405|PRVNC|41|11140|43110000|인천|성남시|서초동|4115000000|역삼1가|2|40|0|1|676|27976|606|5089.0|3802|3083934
202405|ADM|43|26140|11140000|서울|서초구|서초동|1114000000|인계동|2|40|0|1|355|15453|418|0.0|0|0
202405|ADM|11|26110|41150000|서울|서초구|서초동|4611000000|역삼1가|1|45|1|2|374|38861|260|2355.0|2298|612300
202405|CNTY_GU|11|47110|41150000|대구|서초구|인계동|1114000000|서초1동|2|50|1|9|636|31384|584|2659.0|2139|1552856
202405|CNTY_GU|26|26110|11140000|경기|수원시|인계동|4211000000|역삼1가|1|35|3|10|464|13608|677|2304.0|1691|1559808
202405|CNTY_GU|47|44130|27110000|부산|수원시|역삼동|4511000000|서초1동|1|30|1|1|19|17432|249|5732.0|5237|1427268
202405|ADM|27|41130|11140000|인천|서초구|역삼동|4311000000|역삼1가|1|40|0|4|88|49056|322|5416.0|4386|1743952
202405|CNTY_GU|44|41130|27110000|부산|수원시|인계동|4611000000|역삼1가|2|60|2|10|581|46230|327|6328.0|4819|2069256
202405|ADM|47|42110|28110000|경기|서초구|서초동|1117000000|인계동|2|35|0|5|172|8292|573|6662.0|6519|3817326
202405|PRVNC|41|41150|28110000|경기|성남시|서초동|1120000000|인계동|2|40|3|4|775|7344|75|5369.0|5123|402675
202405|ADM|26|26110|43110000|대구|강남구|역삼동|1120000000|역삼1가|1|35|0|5|346|43851|596|3241.0|2844|1931636
202405|ADM|44|46110|26140000|인천|수원시|서초동|4611000000|인계동|1|50|1|6|832|35462|195|5257.0|4464|1025115
202405|ADM|41|11110|27110000|부산|수원시|서초동|4711000000|서초1동|2|70|3|3|778|28082|369|5284.0|3861|1949796
202405|CNTY_GU|45|26140|41110000|서울|서초구|서초동|4511000000|인계동|2|30|2|7|877|44196|28|3190.0|2693|89320
202405|CNTY_GU|47|26140|11170000|경기|서초구|역삼동|4211000000|역삼1가|2|60|0|4|623|26460|645|7196.0|5928|4641420
202405|ADM|47|44130|26110000|서울|강남구|역삼동|1117000000|역삼1가|2|55|2|6|505|20071|86|4167.0|3546|358362
202405|CNTY_GU|41|41110|41150000|서울|서초구|인계동|2811000000|서초1동|1|70|0|7|678|13116|191|4393.0|3608|839063
202405|PRVNC|44|28110|45110000|대구|수원시|서초동|1117000000|역삼1가|1|25|0|9|586|16408|524|7877.0|6770|4127548
202405|ADM|42|11110|42110000|대구|강남구|역삼동|1114000000|서초1동|2|65|1|7|914|17827|270|4219.0|3675|1139130
202405|ADM|44|45110|45110000|경기|강남구|역삼동|4111000000|역삼1가|1|60|3|8|318|10029|182|7363.0|5340|1340066
202405|CNTY_GU|27|27110|11200000|경기|서초구|역삼동|4311000000|서초1동|2|65|1|1|103|24069|441|3482.0|2656|1535562
202405|CNTY_GU|42|11140|11140000|인천|수원시|인계동|4413000000|역삼1가|2|60|0|6|953|28318|8|5989.0|5013|47912
202405|ADM|26|26110|44130000|경기|서초구|인계동|4115000000|서초1동|2|35|1|3|827|37727|293|7656.0|7433|2243208
202405|ADM|27|43110|11140000|대구|강남구|인계동|4111000000|서초1동|2|40|3|1|632|13498|159|7071.0|6942|1124289
202405|ADM|27|11110|46110000|인천|성남시|인계동|4711000000|역삼1가|2|25|1|8|150|49577|4|2229.0|1939|8916
202405|CNTY_GU|41|44130|28110000|부산|강남구|역삼동|4413000000|서초1동|1|20|0|7|256|31509|248|5956.0|5192|1477088
202405|ADM|26|28110|11110000|부산|성남시|인계동|4413000000|인계동|1|70|3|9|319|13576|535|2482.0|2133|1327870
202405|ADM|44|41150|42110000|서울|서초구|역삼동|1117000000|인계동|2|60|3|8|891|30759|115|5472.0|4308|629280
202405|PRVNC|47|43110|47110000|인천|성남시|인계동|1114000000|역삼1가|1|25|1|5|361|27668|65|6219.0|5204|404235
202405|CNTY_GU|46|26110|41150000|인천|수원시|인계동|2611000000|인계동|1|45|2|9|637|10835|172|6298.0|5485|1083256
202405|CNTY_GU|45|41130|44130000|부산|서초구|서초동|4611000000|서초1동|1|35|0|4|937|27928|693|7052.0|6768|4887036
202405|ADM|44|11170|11200000|인천|성남시|서초동|4311000000|역삼1가|2|35|0|6|684|36128|780|2729.0|2192|2128620
202405|PRVNC|41|41110|46110000|서울|서초구|역삼동|2611000000|역삼1가|2|65|1|1|561|6373|57|2043.0|1558|116451
202405|CNTY_GU|47|43110|41130000|인천|수원시|인계동|4111000000|역삼1가|2|70|3|4|126|46280|22|7748.0|5768|170456
202405|ADM|43|11170|43110000|대구|성남시|역삼동|1111000000|역삼1가|1|40|2|6|266|47916|131|5580.0|4436|730980
202405|ADM|44|11170|11110000|대구|서초구|서초동|2711000000|인계동|1|60|3|4|20|46898|453|4039.0|3439|1829667
202405|CNTY_GU|11|11140|26140000|경기|성남시|서초동|4113000000|서초1동|1|30|2|4|163|48629|742|3983.0|3964|2955386
202405|ADM|44|45110|11170000|인천|성남시|역삼동|4511000000|인계동|1|60|2|4|587|11703|627|1308.0|992|820116
202405|ADM|26|45110|46110000|부산|서초구|인계동|4211000000|서초1동|1|25|2|6|674|13095|200|7900.0|5645|1580000
202405|CNTY_GU|11|41110|26110000|부산|강남구|인계동|1117000000|역삼1가|1|40|0|7|168|42044|785|2312.0|1806|1814920
202405|CNTY_GU|47|41130|41130000|경기|강남구|역삼동|1111000000|역삼1가|1|50|2|2|330|10223|217|5911.0|5219|1282687
202405|ADM|44|27110|43110000|경기|강남구|서초동|2711000000|인계동|1|25|0|8|688|38646|288|5635.0|5557|1622880
202405|ADM|11|41110|26110000|대구|수원시|서초동|4711000000|서초1동|2|25|1|8|68|9618|4|7738.0|6985|30952
202405|ADM|11|26110|43110000|부산|서초구|역삼동|4611000000|서초1동|1|35|1|6|603|48259|245|5653.0|5290|1384985
202405|CNTY_GU|45|28110|42110000|서울|서초구|역삼동|1111000000|서초1동|2|45|2|2|467|29792|594|7486.0|6628|4446684
202405|ADM|43|11110|11170000|인천|수원시|서초동|4611000000|인계동|2|30|3|8|326|16087|340|4794.0|4741|1629960
202405|CNTY_GU|26|41110|26110000|서울|서초구|서초동|1111000000|역삼1가|1|35|0|4|466|14318|667|4710.0|4127|3141570
202405|PRVNC|43|46110|11170000|부산|수원시|인계동|2711000000|서초1동|1|30|3|5|435|30929|2|4514.0|4077|9028
202405|ADM|47|42110|11200000|경기|서초구|인계동|1111000000|서초1동|2|25|2|2|876|12868|743|7504.0|7467|5575472
202405|CNTY_GU|44|41150|11200000|부산|성남시|인계동|2811000000|인계동|1|40|1|6|829|29116|353|5436.0|4714|1918908
202405|ADM|46|26110|41150000|대구|강남구|인계동|4311000000|인계동|1|35|2|10|937|39091|297|7383.0|5692|2192751
202405|ADM|46|42110|41130000|경기|수원시|인계동|1114000000|역삼1가|1|55|0|9|679|42283|265|6050.0|5958|1603250
202405|ADM|47|46110|41110000|대구|서초구|서초동|4711000000|인계동|2|35|0|4|479|48989|436|4863.0|4208|2120268
202405|CNTY_GU|42|47110|11140000|경기|강남구|역삼동|1120000000|서초1동|2|30|0|6|310|8406|729|2413.0|2273|1759077
202405|ADM|47|47110|43110000|경기|강남구|역삼동|4511000000|역삼1가|2|40|0|3|585|43393|131|5590.0|4588|732290
202405|CNTY_GU|42|11200|44130000|대구|성남시|역삼동|1111000000|역삼1가|2|25|1|3|501|28512|330|2438.0|2409|804540
202405|CNTY_GU|41|11200|44130000|서울|성남시|역삼동|1120000000|인계동|1|20|0|2|856|41952|201|6155.0|5763|1237155
202405|ADM|43|11140|42110000|인천|강남구|인계동|4113000000|서초1동|2|60|2|5|454|25267|151|1253.0|1115|189203
202405|CNTY_GU|46|46110|41150000|서울|강남구|인계동|1114000000|서초1동|1|30|1|4|690|27114|545|3950.0|3672|2152750
202405|CNTY_GU|41|41110|43110000|부산|수원시|인계동|4711000000|역삼1가|1|50|2|3|48|49284|796|0.0|0|0
202405|PRVNC|42|41130|27110000|경기|성남시|역삼동|4413000000|인계동|1|35|0|3|436|25744|792|3558.0|3402|2817936
202405|CNTY_GU|27|28110|26140000|대구|수원시|인계동|1117000000|서초1동|1|40|1|3|358|41947|454|3612.0|3130|1639848
202405|CNTY_GU|41|42110|41130000|경기|강남구|서초동|2614000000|역삼1가|2|30|3|2|642|42216|6|1381.0|1257|8286
202405|ADM|26|11140|41130000|경기|서초구|인계동|4711000000|역삼1가|2|35|3|7|122|47998|680|7555.0|7484|5137400
202405|ADM|46|26140|11170000|부산|서초구|인계동|4311000000|서초1동|2|50|2|1|138|11952|565|1255.0|1094|709075
202405|ADM|46|41110|26140000|인천|수원시|서초동|2711000000|역삼1가|2|50|1|1|170|36285|258|3346.0|2350|863268
202405|CNTY_GU|47|11170|11170000|부산|성남시|서초동|2611000000|서초1동|2|35|3|10|564|36095|701|7270.0|5114|5096270
202405|CNTY_GU|11|41130|28110000|서울|강남구|서초동|1111000000|역삼1가|1|30|0|4|337|15748|187|4954.0|4612|926398
202405|CNTY_GU|11|42110|44130000|경기|성남시|서초동|4711000000|인계동|1|40|0|1|82|28487|480|4420.0|3155|2121600
202405|ADM|47|11140|11140000|경기|서초구|서초동|1117000000|서초1동|2|25|2|7|995|34845|154|3421.0|3095|526834
202405|ADM|46|45110|41150000|부산|수원시|인계동|1114000000|인계동|1|45|0|6|625|19894|404|0.0|0|0
202405|ADM|27|42110|11200000|부산|성남시|역삼동|2811000000|서초1동|1|60|0|3|594|42558|604|3493.0|3032|2109772
202405|CNTY_GU|42|11140|41130000|경기|수원시|역삼동|4111000000|서초1동|1|50|3|3|645|33084|576|4765.0|3668|2744640
202405|ADM|45|26140|11140000|서울|강남구|서초동|1120000000|서초1동|1|20|0|10|309|18277|773|3540.0|3464|2736420
202405|ADM|41|43110|11200000|부산|강남구|인계동|1120000000|서초1동|1|35|2|5|32|39740|604|4307.0|3668|2601428
202405|ADM|45|41130|41150000|서울|성남시|인계동|4211000000|서초1동|2|45|1|7|164|31245|753|5271.0|3972|3969063
202405|PRVNC|45|11110|47110000|대구|강남구|인계동|4113000000|인계동|2|65|0|8|812|48375|1|4106.0|3382|4106
202405|ADM|41|41150|44130000|경기|수원시|인계동|2611000000|역삼1가|1|30|1|7|381|9573|566|3565.0|3315|2017790
202405|PRVNC|11|26110|47110000|경기|서초구|역삼동|2711000000|역삼1가|2|25|0|2|980|32180|285|7045.0|6147|2007825
202405|ADM|42|27110|47110000|인천|성남시|서초동|4413000000|인계동|1|45|0|6|275|11590|579|2035.0|1767|1178265
202405|ADM|47|11110|41130000|경기|성남시|역삼동|4711000000|인계동|2|50|2|7|468|42400|35|4718.0|3361|165130
202405|ADM|43|43110|42110000|대구|강남구|역삼동|1120000000|서초1동|2|70|1|8|873|22922|214|2155.0|1779|461170
202405|ADM|26|26110|28110000|인천|성남시|역삼동|1120000000|서초1동|2|50|0|10|729|20983|378|1958.0|1774|740124
202405|ADM|11|42110|45110000|부산|성남시|인계동|4113000000|인계동|1|20|1|7|526|28352|302|4690.0|3522|1416380
202405|CNTY_GU|47|28110|11200000|서울|성남시|서초동|2711000000|서초1동|2|55|1|4|583|13253|229|1297.0|1289|297013
202405|PRVNC|11|11110|26140000|부산|수원시|인계동|4111000000|인계동|1|30|0|9|934|24279|55|4037.0|2858|222035
202405|CNTY_GU|11|11140|46110000|부산|성남시|역삼동|4111000000|인계동|1|60|0|3|496|30668|727|3019.0|2351|2194813
202405|ADM|45|11170|44130000|경기|강남구|서초동|4413000000|역삼1가|1|45|2|3|325|6671|451|7110.0|5052|3206610
202405|ADM|26|11110|11140000|부산|강남구|서초동|1111000000|서초1동|2|65|2|8|762|34141|353|2463.0|1913|869439
202405|ADM|43|11110|11200000|서울|서초구|서초동|4115000000|인계동|2|30|0|5|128|41294|766|1294.0|1026|991204
202405|PRVNC|26|11110|44130000|부산|강남구|서초동|4711000000|인계동|1|50|0|5|40|39681|609|1468.0|1239|894012
202405|CNTY_GU|47|45110|41130000|부산|성남시|역삼동|4111000000|역삼1가|2|55|1|6|852|18332|532|2853.0|2736|1517796
202405|ADM|26|46110|44130000|인천|수원시|서초동|1117000000|서초1동|2|20|2|4|904|37030|329|1122.0|886|369138
202405|CNTY_GU|27|26140|27110000|서울|서초구|역삼동|4611000000|인계동|2|45|1|4|639|46105|347|5844.0|4445|2027868
202405|CNTY_GU|27|11140|44130000|인천|강남구|인계동|1117000000|서초1동|2|55|0|5|198|18577|336|1280.0|974|430080
202405|ADM|41|41130|42110000|부산|강남구|역삼동|4511000000|서초1동|2|50|2|3|691|15687|246|5789.0|4199|1424094
202405|ADM|41|43110|41130000|서울|수원시|인계동|4115000000|역삼1가|2|25|0|6|947|48730|751|2688.0|2001|2018688
202405|ADM|44|41110|41130000|경기|강남구|서초동|4511000000|역삼1가|2|20|1|1|154|34898|396|1536.0|1212|608256
202405|PRVNC|42|27110|11110000|부산|수원시|인계동|1114000000|서초1동|2|30|0|9|186|9068|382|3712.0|2855|1417984
202405|ADM|44|41110|44130000|인천|강남구|역삼동|2611000000|역삼1가|2|35|0|4|313|25565|278|2727.0|1972|758106
202405|ADM|43|11140|41150000|인천|서초구|서초동|4511000000|역삼1가|1|50|1|10|281|46141|311|4610.0|4553|1433710
202405|PRVNC|41|27110|11200000|인천|강남구|서초동|4311000000|인계동|1|20|1|5|58|5923|740|2595.0|1876|1920300
202405|CNTY_GU|46|11140|11140000|인천|서초구|역삼동|4115000000|역삼1가|2|35|0|7|85|43571|631|7523.0|6930|4747013
202405|CNTY_GU|26|26140|46110000|경기|수원시|역삼동|4115000000|역삼1가|2|35|0|9|273|32421|568|7716.0|6016|4382688
202405|PRVNC|46|11170|28110000|서울|서초구|역삼동|4711000000|서초1동|1|60|1|9|253|32093|527|3419.0|2960|1801813
202405|ADM|11|26110|26140000|부산|서초구|인계동|4511000000|인계동|2|40|2|7|672|6425|210|7446.0|5215|1563660
202405|CNTY_GU|43|11200|45110000|대구|강남구|서초동|1120000000|인계동|1|55|0|4|771|38460|109|7819.0|5490|852271
202405|CNTY_GU|11|26110|11140000|경기|성남시|역삼동|4115000000|인계동|1|60|2|4|807|7423|350|7873.0|6306|2755550
202405|CNTY_GU|43|11170|45110000|경기|강남구|인계동|4211000000|서초1동|2|55|3|7|885|20796|511|3235.0|2947|1653085
202405|ADM|41|41150|27110000|서울|성남시|서초동|1120000000|인계동|1|25|1|8|935|34764|3|2024.0|2007|6072
202405|ADM|26|26110|44130000|경기|성남시|인계동|2611000000|역삼1가|1|55|2|6|749|47727|6|5549.0|4636|33294
202405|CNTY_GU|27|42110|11110000|경기|서초구|역삼동|2611000000|역삼1가|2|65|2|2|346|27376|20|5867.0|5303|117340
202405|ADM|42|41110|43110000|대구|서초구|역삼동|4311000000|인계동|1|40|3|6|232|35478|18|4394.0|3823|79092
202405|ADM|11|26110|42110000|대구|강남구|서초동|4111000000|서초1동|1|65|0|3|259|44702|357|4658.0|4573|1662906
202405|CNTY_GU|42|11200|46110000|대구|서초구|인계동|4111000000|역삼1가|1|55|0|6|717|44473|405|3599.0|3125|1457595
202405|CNTY_GU|44|11170|11200000|인천|서초구|역삼동|4113000000|서초1동|2|55|1|4|850|25385|351|6259.0|4896|2196909
202405|ADM|27|45110|11140000|서울|수원시|서초동|1117000000|역삼1가|1|50|0|7|39|43471|79|6821.0|6217|538859
202405|ADM|41|44130|43110000|대구|수원시|역삼동|2811000000|서초1동|1|40|0|1|359|49417|12|2480.0|2375|29760
202405|ADM|42|41130|42110000|서울|강남구|인계동|2711000000|인계동|2|40|3|6|465|23184|500|7191.0|6863|3595500
202405|CNTY_GU|43|11140|46110000|서울|강남구|서초동|4511000000|역삼1가|1|60|2|9|410|5929|295|1208.0|1136|356360
202405|CNTY_GU|44|41130|44130000|부산|성남시|인계동|1114000000|인계동|1|60|0|2|551|11806|101|5682.0|4134|573882
202405|ADM|46|41130|41150000|서울|성남시|서초동|4511000000|인계동|1|40|0|5|217|46488|219|1792.0|1504|392448
202405|CNTY_GU|45|47110|45110000|인천|강남구|인계동|4611000000|서초1동|2|50|1|9|94|37159|205|2382.0|1973|488310
202405|ADM|41|41110|42110000|대구|수원시|역삼동|4311000000|역삼1가|2|55|1|4|52|14877|225|4538.0|4516|1021050
202405|PRVNC|46|11140|11170000|대구|서초구|역삼동|4711000000|역삼1가|1|30|0|7|3|36516|124|2780.0|2068|344720
202405|CNTY_GU|27|42110|28110000|서울|성남시|인계동|2811000000|인계동|1|50|2|8|192|13524|271|7857.0|6581|2129247
202405|CNTY_GU|45|28110|11200000|서울|성남시|역삼동|1117000000|서초1동|2|40|3|6|765|44582|132|6147.0|5650|811404
202405|CNTY_GU|27|44130|11140000|경기|수원시|인계동|4311000000|역삼1가|2|35|0|6|184|26856|479|1245.0|895|596355
202405|PRVNC|41|47110|11170000|인천|서초구|인계동|1117000000|서초1동|1|35|1|2|386|43465|326|3208.0|3105|1045808
202405|ADM|11|46110|28110000|부산|서초구|서초동|4511000000|인계동|2|40|0|9|742|34347|580|5110.0|4660|2963800
202405|ADM|46|41150|41130000|서울|서초구|인계동|4113000000|서초1동|1|45|3|7|999|14545|621|2063.0|1528|1281123
202405|ADM|27|26110|27110000|서울|서초구|인계동|4115000000|인계동|1|40|1|7|639|33098|315|2382.0|2157|750330
202405|ADM|11|41130|47110000|인천|강남구|역삼동|4113000000|인계동|2|55|0|1|121|35067|711|1249.0|1112|888039
202405|CNTY_GU|47|11110|27110000|부산|강남구|인계동|4115000000|역삼1가|1|65|0|9|65|20908|785|1506.0|1108|1182210
202405|CNTY_GU|47|42110|41110000|경기|수원시|인계동|4511000000|서초1동|2|60|0|8|149|29506|359|7698.0|7616|2763582
202405|ADM|26|41130|41150000|서울|강남구|서초동|1120000000|서초1동|2|50|1|8|16|32667|466|5367.0|4573|2501022
202405|PRVNC|46|45110|11200000|대구|서초구|역삼동|4111000000|인계동|1|55|0|2|207|7989|358|3062.0|2635|1096196
202405|ADM|41|27110|41110000|대구|강남구|인계동|2711000000|역삼1가|2|65|1|8|473|25295|555|3624.0|3280|2011320
202405|CNTY_GU|45|43110|11200000|인천|서초구|인계동|1117000000|역삼1가|2|50|2|4|835|38044|90|4693.0|3568|422370
202405|CNTY_GU|26|28110|46110000|인천|서초구|서초동|4211000000|역삼1가|2|25|0|5|567|14370|363|6202.0|5446|2251326
202405|CNTY_GU|11|41130|28110000|경기|강남구|인계동|4111000000|서초1동|2|35|0|5|856|12066|396|3040.0|2425|1203840
202405|CNTY_GU|11|45110|43110000|인천|서초구|역삼동|4611000000|서초1동|2|40|0|2|671|6658|751|3580.0|3451|2688580
202405|ADM|45|26140|28110000|부산|강남구|인계동|1120000000|서초1동|1|70|1|2|88|36276|672|4470.0|4330|3003840
202405|ADM|41|27110|43110000|경기|서초구|역삼동|4211000000|인계동|2|55|0|5|302|34397|432|1700.0|1575|734400
202405|CNTY_GU|26|28110|11170000|부산|강남구|역삼동|4311000000|역삼1가|1|40|1|7|479|6198|458|2424.0|1820|1110192
202405|ADM|46|41130|46110000|경기|서초구|역삼동|2614000000|인계동|2|40|2|6|561|31990|596|6129.0|5156|3652884
202405|CNTY_GU|41|11110|26140000|경기|강남구|인계동|4211000000|인계동|2|70|3|5|763|22444|54|6753.0|6677|364662
202405|ADM|11|11170|41110000|경기|서초구|서초동|4413000000|인계동|1|60|3|3|605|27666|418|5571.0|4504|2328678
202405|CNTY_GU|46|41130|43110000|인천|서초구|인계동|2611000000|서초1동|1|30|0|9|786|33896|385|0.0|0|0
202405|ADM|44|44130|46110000|대구|수원시|역삼동|4111000000|인계동|1|45|2|3|30|25333|694|7322.0|5605|5081468
202405|CNTY_GU|44|11140|41130000|부산|서초구|역삼동|2711000000|인계동|1|35|2|3|347|22573|579|5583.0|4028|3232557
202405|CNTY_GU|11|41110|28110000|경기|성남시|서초동|2711000000|서초1동|1|70|2|4|990|27688|612|5875.0|4246|3595500
202405|ADM|26|45110|41110000|서울|성남시|서초동|4111000000|서초1동|1|50|0|4|140|47260|65|3326.0|2502|216190
202405|CNTY_GU|45|26140|26110000|경기|수원시|서초동|2614000000|인계동|1|25|0|5|945|10077|660|1089.0|896|718740
202405|ADM|45|47110|27110000|경기|강남구|역삼동|4711000000|인계동|2|35|0|3|337|20904|543|2938.0|2551|1595334
202405|PRVNC|47|28110|44130000|인천|성남시|서초동|4413000000|인계동|1|45|0|7|376|35665|53|6802.0|5842|360506
202405|ADM|46|42110|42110000|경기|수원시|역삼동|2614000000|인계동|1|45|2|6|104|26462|515|6220.0|5149|3203300
202405|ADM|27|26110|44130000|경기|성남시|서초동|4511000000|서초1동|2|35|2|3|593|43711|459|4871.0|4680|2235789
202405|ADM|43|46110|26140000|서울|성남시|역삼동|2711000000|서초1동|2|55|1|10|245|17568|109|4909.0|4655|535081
202405|CNTY_GU|42|41130|27110000|경기|서초구|서초동|2614000000|인계동|2|35|1|1|379|10149|419|1080.0|883|452520
202405|ADM|42|28110|11140000|대구|서초구|인계동|4115000000|서초1동|1|70|1|3|736|14398|667|2314.0|1973|1543438
202405|ADM|43|11200|41150000|경기|강남구|인계동|1120000000|인계동|2|60|0|4|838|39667|313|6616.0|6388|2070808
202405|CNTY_GU|46|44130|42110000|서울|강남구|서초동|1117000000|서초1동|1|45|0|3|725|32691|215|7473.0|5651|1606695
202405|PRVNC|27|27110|45110000|서울|강남구|서초동|4113000000|인계동|2|40|0|3|90|23844|224|6393.0|5151|1432032
202405|ADM|43|47110|45110000|서울|수원시|역삼동|1120000000|인계동|1|30|0|9|620|14923|575|2484.0|2185|1428300
202405|ADM|11|11140|11110000|대구|강남구|인계동|4511000000|인계동|1|25|2|7|174|40470|4|7997.0|6669|31988
202405|ADM|43|47110|11170000|부산|성남시|인계동|2711000000|역삼1가|1|60|1|8|923|19943|626|4493.0|3897|2812618
202405|CNTY_GU|11|26140|43110000|서울|강남구|인계동|1114000000|역삼1가|2|65|1|4|726|27691|233|4379.0|3118|1020307
202405|ADM|46|11110|28110000|경기|수원시|서초동|4111000000|역삼1가|2|45|2|6|573|41404|351|3916.0|3316|1374516
202405|CNTY_GU|41|27110|26140000|서울|성남시|서초동|4111000000|역삼1가|2|65|1|6|245|14967|455|6451.0|6368|2935205
202405|ADM|27|26140|28110000|서울|강남구|역삼동|1120000000|서초1동|1|70|0|7|990|22531|560|5925.0|5819|3318000
202405|ADM|27|44130|46110000|부산|강남구|역삼동|1111000000|역삼1가|1|50|2|4|986|23491|399|5992.0|5443|2390808
202405|ADM|27|47110|47110000|경기|서초구|인계동|1120000000|서초1동|1|35|0|6|600|9019|533|1010.0|990|538330
202405|ADM|43|42110|11170000|인천|성남시|인계동|4115000000|역삼1가|1|60|0|6|835|10494|409|4465.0|4139|1826185
202405|CNTY_GU|41|41150|42110000|부산|서초구|인계동|4111000000|인계동|1|30|3|2|700|15783|39|1940.0|1467|75660
202405|CNTY_GU|11|11170|41150000|경기|서초구|역삼동|2611000000|인계동|1|70|2|1|829|5776|747|2217.0|2008|1656099
202405|CNTY_GU|26|26110|28110000|대구|수원시|역삼동|4111000000|인계동|1|30|1|10|131|24210|226|6116.0|6097|1382216
202405|ADM|44|41150|43110000|인천|수원시|역삼동|2711000000|역삼1가|2|40|0|6|167|6375|714|4108.0|3682|2933112
202405|ADM|41|42110|11200000|서울|성남시|인계동|2711000000|역삼1가|1|30|1|6|280|32788|383|7389.0|6958|2829987
202405|CNTY_GU|26|28110|11170000|인천|강남구|인계동|2614000000|서초1동|2|35|1|1|199|48205|472|2094.0|1902|988368
202405|CNTY_GU|44|45110|26140000|경기|성남시|서초동|4111000000|인계동|1|45|0|10|716|28764|704|7654.0|5443|5388416
202405|CNTY_GU|11|28110|45110000|경기|성남시|서초동|4111000000|서초1동|1|40|0|8|811|49548|164|3132.0|2209|513648
202405|ADM|44|45110|11110000|부산|성남시|인계동|1117000000|역삼1가|2|50|1|4|699|28679|84|5497.0|5078|461748
202405|ADM|27|11140|27110000|대구|강남구|역삼동|4211000000|역삼1가|2|40|3|10|423|6776|150|7108.0|5628|1066200
202405|CNTY_GU|43|45110|41150000|인천|성남시|인계동|2614000000|역삼1가|1|50|0|8|704|23392|666|2021.0|1706|1345986
202405|ADM|44|41130|11110000|대구|수원시|역삼동|1114000000|인계동|1|50|3|6|744|13541|89|2774.0|2215|246886
202405|ADM|42|47110|26110000|경기|성남시|역삼동|1120000000|인계동|1|70|0|1|83|26861|511|3109.0|2361|1588699
202405|CNTY_GU|26|11170|42110000|경기|강남구|인계동|4211000000|인계동|2|65|0|1|625|26933|371|6785.0|5370|2517235
202405|ADM|45|11140|44130000|대구|서초구|인계동|4113000000|서초1동|2|35|3|3|17|37828|71|7447.0|6190|528737
202405|ADM|45|26110|11110000|경기|성남시|역삼동|2611000000|역삼1가|1|45|0|4|870|34021|154|1226.0|965|188804
202405|ADM|27|41130|42110000|서울|성남시|역삼동|4111000000|인계동|1|25|2|7|36|12656|654|6554.0|6486|4286316
202405|CNTY_GU|44|44130|46110000|인천|수원시|인계동|4311000000|서초1동|1|35|1|2|797|12757|357|4419.0|4345|1577583
202405|ADM|11|44130|41110000|서울|수원시|인계동|4211000000|서초1동|2|35|0|3|58|12152|479|5908.0|4328|2829932
202405|CNTY_GU|41|11110|41110000|서울|수원시|서초동|1114000000|서초1동|2|70|2|1|669|14567|281|6185.0|4768|1737985
202405|ADM|46|28110|44130000|부산|성남시|서초동|4211000000|역삼1가|1|60|0|6|75|48952|415|5639.0|4152|2340185
202405|CNTY_GU|11|44130|45110000|경기|서초구|인계동|4413000000|서초1동|1|65|2|7|635|28133|28|7058.0|6196|197624
202405|ADM|41|43110|26140000|서울|성남시|역삼동|1120000000|인계동|2|35|1|9|231|15394|795|2540.0|2193|2019300
202405|CNTY_GU|47|27110|42110000|경기|수원시|서초동|4211000000|역삼1가|2|65|2|7|798|7227|631|1176.0|868|742056
202405|ADM|42|27110|43110000|대구|성남시|역삼동|4111000000|역삼1가|1|60|0|2|980|27696|483|4664.0|4173|2252712
202405|CNTY_GU|27|26110|46110000|경기|강남구|인계동|1114000000|역삼1가|1|30|1|7|495|29010|760|6574.0|5297|4996240
202405|CNTY_GU|45|26110|28110000|경기|수원시|역삼동|4611000000|서초1동|1|40|1|2|205|33062|772|2492.0|2095|1923824
202405|CNTY_GU|44|41110|41130000|서울|서초구|인계동|4611000000|역삼1가|1|55|3|2|522|44736|326|7239.0|6642|2359914
202405|ADM|42|28110|27110000|경기|서초구|서초동|4511000000|서초1동|1|40|3|3|123|22697|777|1866.0|1321|1449882
202405|CNTY_GU|44|26110|26140000|인천|강남구|서초동|1114000000|인계동|2|35|1|2|940|49414|252|2074.0|2003|522648
202405|CNTY_GU|45|11110|26140000|경기|서초구|역삼동|4611000000|역삼1가|2|70|0|9|35|26872|681|7174.0|5265|4885494
202405|ADM|43|45110|11140000|부산|성남시|서초동|1117000000|서초1동|2|45|1|4|793|29341|42|1366.0|1178|57372
202405|ADM|26|44130|43110000|인천|강남구|인계동|2811000000|역삼1가|2|40|2|3|747|47831|288|7824.0|7689|2253312
202405|CNTY_GU|43|11110|26110000|부산|서초구|인계동|1120000000|서초1동|2|40|0|5|881|21662|17|2429.0|2395|41293
202405|CNTY_GU|46|41150|41130000|대구|수원시|역삼동|4111000000|역삼1가|1|50|3|2|779|6928|662|2147.0|1985|1421314
202405|ADM|27|42110|46110000|대구|수원시|역삼동|1120000000|서초1동|1|55|1|3|673|39596|508|2657.0|2368|1349756
202405|ADM|11|41130|28110000|대구|성남시|역삼동|2811000000|서초1동|2|65|1|8|202|32720|49|6800.0|5792|333200
202405|ADM|43|44130|47110000|서울|강남구|서초동|4611000000|서초1동|2|55|1|9|375|45586|433|2332.0|1743|1009756
202405|ADM|41|41150|11140000|경기|서초구|인계동|4115000000|인계동|2|70|3|9|558|45861|185|5343.0|4525|988455
202405|ADM|46|11200|11110000|서울|수원시|서초동|2711000000|인계동|1|50|1|1|925|26742|628|5134.0|4108|3224152
202405|ADM|44|27110|26140000|부산|강남구|역삼동|2611000000|역삼1가|1|45|0|6|596|36683|159|5602.0|5447|890718
202405|PRVNC|45|44130|26110000|인천|강남구|서초동|1117000000|역삼1가|2|60|2|5|251|43039|437|2771.0|1951|1210927
202405|PRVNC|42|47110|44130000|서울|서초구|서초동|4611000000|서초1동|1|30|0|9|347|39404|534|6533.0|5755|3488622
202405|CNTY_GU|27|28110|11200000|인천|성남시|역삼동|4113000000|인계동|2|50|0|10|317|24214|157|6049.0|5755|949693
202405|ADM|44|27110|45110000|인천|서초구|인계동|4711000000|서초1동|1|40|0|4|681|23966|43|5519.0|3938|237317
202405|PRVNC|45|47110|41110000|경기|서초구|역삼동|4311000000|역삼1가|2|30|2|10|226|25254|690|4605.0|4020|3177450
202405|CNTY_GU|27|11200|26110000|경기|성남시|역삼동|1114000000|인계동|2|35|3|4|994|37410|95|4334.0|3738|411730
202405|ADM|44|27110|28110000|경기|수원시|서초동|4711000000|역삼1가|2|50|2|4|714|30997|710|4194.0|3006|2977740
202405|ADM|47|45110|41150000|인천|서초구|서초동|4311000000|인계동|1|70|0|6|224|10903|197|7119.0|6487|1402443
202405|CNTY_GU|42|26140|47110000|서울|성남시|인계동|4115000000|인계동|2|50|0|7|586|24454|625|7075.0|5834|4421875
202405|PRVNC|27|42110|11140000|인천|성남시|역삼동|4113000000|역삼1가|2|40|3|10|269|20058|496|2703.0|2251|1340688
202405|ADM|42|46110|27110000|인천|성남시|서초동|1117000000|인계동|2|65|1|9|573|16305|761|5170.0|3701|3934370
202405|ADM|42|47110|28110000|인천|서초구|서초동|4113000000|서초1동|2|30|0|9|496|45710|340|6146.0|5026|2089640
202405|CNTY_GU|43|42110|41150000|인천|서초구|역삼동|1117000000|인계동|2|25|1|3|701|44339|701|2851.0|2082|1998551
202405|ADM|44|11140|45110000|부산|서초구|역삼동|4211000000|인계동|1|40|2|10|211|32880|390|2286.0|2092|891540
202405|ADM|45|44130|44130000|부산|성남시|역삼동|4611000000|서초1동|1|25|2|6|828|47946|376|1625.0|1518|611000
202405|CNTY_GU|45|46110|41110000|인천|강남구|서초동|2811000000|인계동|1|40|0|8|776|13923|680|2052.0|1537|1395360
202405|CNTY_GU|44|28110|11110000|부산|강남구|서초동|4413000000|인계동|1|35|1|10|260|29515|673|4771.0|3502|3210883
202405|ADM|44|43110|26110000|서울|강남구|서초동|4113000000|인계동|1|30|0|5|826|36066|32|4324.0|4284|138368
202405|ADM|46|41110|44130000|경기|수원시|역삼동|1117000000|역삼1가|2|30|3|9|762|40501|585|6231.0|5202|3645135
202405|ADM|27|47110|41110000|경기|강남구|역삼동|2811000000|역삼1가|1|35|2|1|322|22582|702|6664.0|6140|4678128
202405|ADM|46|47110|42110000|부산|수원시|역삼동|4413000000|역삼1가|1|50|3|9|521|15231|395|5719.0|4394|2259005
202405|CNTY_GU|26|41150|42110000|인천|강남구|서초동|4711000000|역삼1가|1|20|0|10|1|23478|490|4123.0|3086|2020270
202405|CNTY_GU|47|41130|46110000|서울|서초구|역삼동|1114000000|서초1동|2|50|0|7|891|36217|330|6634.0|5258|2189220
202405|CNTY_GU|43|43110|26110000|인천|강남구|인계동|4115000000|인계동|2|55|1|6|686|47743|713|7249.0|6698|5168537
202405|ADM|46|43110|47110000|부산|성남시|인계동|2711000000|인계동|2|55|0|7|39|18869|558|6450.0|5538|3599100
202405|ADM|47|11200|43110000|대구|수원시|서초동|1120000000|서초1동|2|45|0|8|757|20624|635|5515.0|5242|3502025
202405|ADM|11|47110|41130000|부산|서초구|인계동|1111000000|역삼1가|1|45|2|3|234|12747|59|4636.0|3259|273524
202405|CNTY_GU|43|42110|11170000|대구|성남시|서초동|2811000000|인계동|1|50|0|5|507|21447|115|3049.0|2637|350635
202405|ADM|41|43110|43110000|경기|성남시|서초동|4711000000|역삼1가|1|35|0|9|179|26929|542|2853.0|2362|1546326
202405|ADM|26|11170|47110000|인천|수원시|서초동|4711000000|서초1동|2|25|2|8|13|30233|76|7383.0|5528|561108
202405|ADM|41|43110|47110000|서울|강남구|역삼동|2614000000|역삼1가|1|45|0|8|55|6380|3|6772.0|5466|20316
202405|CNTY_GU|44|11200|26110000|인천|강남구|서초동|4611000000|서초1동|1|65|3|4|23|12313|731|7100.0|6014|5190100
202405|ADM|44|11140|45110000|서울|성남시|역삼동|1117000000|서초1동|1|45|1|5|668|18115|307|4077.0|3325|1251639
202405|ADM|11|45110|47110000|경기|수원시|서초동|4311000000|역삼1가|1|35|1|6|933|27119|42|6295.0|6122|264390
202405|CNTY_GU|43|11200|41130000|부산|수원시|역삼동|4413000000|역삼1가|2|30|0|9|790|15083|377|1973.0|1600|743821
202405|CNTY_GU|44|26110|11140000|경기|강남구|역삼동|4111000000|서초1동|1|25|1|7|951|10035|116|7306.0|7031|847496
202405|ADM|47|44130|11170000|경기|서초구|역삼동|2811000000|인계동|1|70|3|3|525|27345|4|7251.0|6346|29004
202405|CNTY_GU|27|27110|42110000|인천|성남시|역삼동|2614000000|인계동|1|40|2|1|347|48772|589|5309.0|5017|3127001
202405|CNTY_GU|44|47110|27110000|대구|강남구|서초동|4115000000|역삼1가|1|65|0|9|833|27324|782|2438.0|2138|1906516
202405|ADM|45|41110|41110000|서울|서초구|역삼동|4211000000|인계동|2|70|0|2|213|45856|351|6517.0|6085|2287467
202405|CNTY_GU|43|28110|45110000|부산|강남구|인계동|4511000000|서초1동|1|45|0|7|638|35648|780|2166.0|1657|1689480
202405|ADM|27|42110|41150000|대구|서초구|서초동|4111000000|역삼1가|2|40|2|7|139|40584|618|1362.0|991|841716
202405|CNTY_GU|46|43110|11140000|서울|서초구|역삼동|2611000000|역삼1가|1|35|1|1|645|10470|517|2336.0|2065|1207712
202405|ADM|26|41130|28110000|경기|성남시|인계동|4311000000|역삼1가|1|50|1|4|254|40222|300|4232.0|3290|1269600
202405|ADM|45|11110|46110000|경기|서초구|서초동|4113000000|역삼1가|2|30|3|4|232|24852|2|2455.0|2062|4910
202405|CNTY_GU|47|11200|45110000|대구|수원시|서초동|4211000000|역삼1가|1|40|1|1|759|41483|782|5778.0|4462|4518396
202405|CNTY_GU|26|11170|41150000|서울|수원시|서초동|1117000000|역삼1가|1|35|1|7|965|7015|135|2937.0|2620|396495
202405|ADM|44|41130|41110000|대구|서초구|인계동|2811000000|서초1동|2|40|0|4|677|17623|627|6443.0|5912|4039761
202405|PRVNC|42|11140|44130000|부산|수원시|서초동|4511000000|역삼1가|1|25|2|8|494|41037|424|4963.0|4224|2104312
202405|ADM|45|45110|41130000|서울|성남시|인계동|1111000000|역삼1가|2|45|1|8|722|7954|303|5388.0|4361|1632564
202405|ADM|47|11140|27110000|대구|강남구|역삼동|2614000000|인계동|2|25|3|4|962|45178|251|2490.0|2199|624990
202405|ADM|27|41150|11170000|부산|수원시|역삼동|4111000000|서초1동|1|60|0|5|799|12795|170|5211.0|4968|885870
202405|ADM|45|11110|26140000|부산|성남시|역삼동|4111000000|역삼1가|2|40|0|3|403|49580|139|7053.0|5573|980367
202405|CNTY_GU|47|45110|44130000|경기|수원시|인계동|4113000000|인계동|1|55|0|1|547|42765|185|4916.0|3638|909460
202405|ADM|11|11110|47110000|경기|강남구|서초동|4311000000|인계동|1|30|2|2|450|28370|564|4008.0|3495|2260512
202405|ADM|46|42110|41150000|부산|강남구|서초동|4115000000|역삼1가|2|50|1|2|513|6785|239|5113.0|4250|1222007
202405|CNTY_GU|11|42110|41150000|서울|수원시|서초동|4611000000|역삼1가|2|30|0|10|707|43199|10|4309.0|3718|43090
202405|ADM|26|41110|42110000|인천|강남구|서초동|4115000000|서초1동|1|50|0|3|216|6550|155|1048.0|877|162440
202405|CNTY_GU|45|28110|42110000|대구|성남시|서초동|2614000000|역삼1가|1|40|0|4|803|25660|692|5830.0|5142|4034360
202405|ADM|46|46110|41150000|대구|성남시|서초동|4115000000|인계동|1|55|0|6|508|38564|319|4495.0|4430|1433905
202405|CNTY_GU|45|41130|46110000|서울|서초구|인계동|1114000000|역삼1가|1|25|0|5|234|14135|793|1394.0|1066|1105442
202405|ADM|26|11170|45110000|부산|수원시|서초동|4511000000|인계동|1|65|1|10|903|7227|244|7115.0|5498|1736060
202405|PRVNC|46|26140|41110000|부산|서초구|역삼동|4111000000|서초1동|1|45|2|2|994|42754|258|3208.0|3206|827664
202405|ADM|27|41130|26110000|대구|성남시|역삼동|4113000000|서초1동|2|55|1|9|535|42768|387|6415.0|6375|2482605
202405|ADM|27|27110|11140000|경기|강남구|서초동|1111000000|인계동|2|35|2|4|39|7093|108|5803.0|4865|626724
202405|CNTY_GU|45|27110|41150000|대구|수원시|인계동|1111000000|서초1동|1|55|1|7|585|10782|127|4851.0|4097|616077
202405|ADM|46|11170|26110000|경기|서초구|서초동|2711000000|서초1동|1|70|0|10|50|31732|632|3682.0|3201|2327024
202405|ADM|45|11200|11200000|인천|서초구|서초동|1114000000|인계동|2|70|3|2|865|5168|204|7185.0|6228|1465740
202405|ADM|47|41150|41150000|서울|성남시|역삼동|2711000000|인계동|2|60|0|6|114|47137|641|1649.0|1513|1057009
202405|ADM|27|45110|43110000|부산|수원시|역삼동|4611000000|서초1동|1|40|3|5|749|23765|229|2267.0|1944|519143
202405|CNTY_GU|43|11170|43110000|서울|서초구|인계동|2811000000|서초1동|2|30|3|8|563|17207|626|4435.0|4082|2776310
202405|CNTY_GU|43|11200|27110000|경기|수원시|인계동|4311000000|서초1동|1|35|0|8|708|15425|173|1097.0|1020|189781
202405|PRVNC|43|45110|41110000|서울|성남시|역삼동|2711000000|역삼1가|1|60|0|10|636|16358|565|2521.0|2024|1424365
202405|ADM|47|27110|28110000|인천|성남시|역삼동|2811000000|역삼1가|1|35|0|5|325|38986|185|1849.0|1678|342065
202405|CNTY_GU|27|26110|41150000|인천|수원시|서초동|4311000000|서초1동|1|35|1|10|899|9717|631|7172.0|6187|4525532
202405|CNTY_GU|26|41130|27110000|부산|성남시|인계동|4611000000|서초1동|2|35|1|10|796|30768|232|1291.0|1274|299512
202405|CNTY_GU|27|26110|42110000|인천|성남시|서초동|2611000000|서초1동|1|40|3|9|449|27645|690|1833.0|1580|1264770
202405|ADM|11|45110|11200000|부산|강남구|인계동|4711000000|역삼1가|1|50|3|4|862|14630|416|7043.0|6579|2929888
202405|ADM|11|11200|11110000|인천|강남구|역삼동|4111000000|역삼1가|2|55|1|10|783|33668|30|1531.0|1123|45930
202405|ADM|41|41150|28110000|서울|서초구|인계동|2611000000|역삼1가|1|40|0|2|351|20959|575|2916.0|2604|1676700
202405|ADM|27|11140|41110000|서울|수원시|역삼동|2614000000|서초1동|2|40|3|7|613|27968|793|0.0|0|0
202405|CNTY_GU|47|46110|41130000|서울|성남시|역삼동|1114000000|역삼1가|1|60|1|2|188|14630|172|1491.0|1343|256452
202405|CNTY_GU|26|26110|45110000|대구|강남구|서초동|4115000000|서초1동|1|30|1|9|414|20217|612|2404.0|1918|1471248
202405|ADM|41|44130|26140000|인천|성남시|역삼동|1114000000|역삼1가|2|50|1|5|390|38268|228|7449.0|6632|1698372
202405|PRVNC|44|47110|11140000|서울|서초구|역삼동|2811000000|서초1동|2|50|2|8|573|24327|437|7017.0|5825|3066429
202405|CNTY_GU|44|41130|26110000|경기|수원시|서초동|1111000000|인계동|1|45|1|7|329|32377|151|5539.0|5238|836389
202405|PRVNC|11|11110|42110000|대구|수원시|인계동|1120000000|서초1동|1|65|0|10|214|42519|321|2245.0|1654|720645
202405|ADM|43|27110|47110000|대구|강남구|인계동|4111000000|서초1동|2|20|1|2|371|34830|576|7716.0|5964|4444416
202405|CNTY_GU|47|41110|41130000|경기|강남구|서초동|4115000000|인계동|1|60|1|9|763|47475|790|4316.0|3570|3409640
202405|ADM|27|11140|26110000|경기|서초구|역삼동|4211000000|역삼1가|1|40|1|3|35|18496|220|3692.0|2972|812240
202405|PRVNC|47|27110|43110000|인천|성남시|인계동|2611000000|서초1동|1|60|0|6|541|19656|77|6262.0|4554|482174
202405|ADM|46|41130|26110000|경기|수원시|인계동|2614000000|서초1동|1|45|0|1|560|15996|563|5854.0|4854|3295802
202405|ADM|41|44130|46110000|부산|서초구|역삼동|2711000000|역삼1가|2|30|0|1|823|33665|615|1355.0|1181|833325
202405|CNTY_GU|41|11200|11170000|부산|성남시|역삼동|2811000000|인계동|2|50|1|5|210|39486|292|5368.0|4939|1567456
202405|ADM|47|41150|46110000|부산|서초구|인계동|2811000000|인계동|1|70|1|10|367|42110|111|7997.0|6074|887667
202405|CNTY_GU|43|42110|41150000|대구|강남구|역삼동|1117000000|역삼1가|2|25|0|4|38|19746|195|5752.0|4515|1121640
202405|ADM|42|11110|44130000|인천|성남시|서초동|4611000000|인계동|2|65|1|6|190|33532|448|6369.0|5316|2853312
202405|ADM|42|28110|41150000|부산|성남시|인계동|2614000000|역삼1가|2|50|1|4|736|16153|104|5721.0|5445|594984
202405|ADM|46|11140|28110000|인천|성남시|서초동|4311000000|역삼1가|1|60|1|10|484|44992|374|3351.0|2723|1253274
202405|ADM|26|45110|42110000|경기|수원시|역삼동|4115000000|인계동|1|60|2|3|729|8568|246|2407.0|2208|592122
202405|CNTY_GU|44|42110|11200000|인천|성남시|인계동|4115000000|서초1동|1|30|3|5|491|34879|88|4298.0|4148|378224
202405|PRVNC|11|41130|26140000|부산|성남시|역삼동|4711000000|역삼1가|1|40|0|4|721|18274|42|3055.0|2307|128310
202405|PRVNC|11|42110|43110000|서울|수원시|서초동|1114000000|역삼1가|2|50|2|7|318|16113|145|2089.0|1865|302905
202405|PRVNC|26|46110|11110000|인천|성남시|인계동|2614000000|인계동|2|60|0|6|584|6134|592|5386.0|4054|3188512
202405|ADM|45|41150|43110000|서울|수원시|인계동|2614000000|서초1동|2|35|1|9|604|32141|291|3755.0|3529|1092705
202405|CNTY_GU|46|26110|11140000|경기|서초구|역삼동|4711000000|서초1동|1|70|3|1|656|15573|254|5858.0|4735|1487932
202405|ADM|44|42110|11170000|부산|강남구|역삼동|1111000000|역삼1가|1|20|3|2|299|30137|262|3202.0|2837|838924
202405|CNTY_GU|42|44130|11140000|경기|수원시|인계동|2614000000|역삼1가|2|50|1|4|315|18551|7|2485.0|2430|17395
202405|PRVNC|46|45110|43110000|부산|수원시|인계동|4113000000|인계동|2|55|2|4|592|20240|190|3152.0|2442|598880
202405|ADM|27|41130|11110000|인천|성남시|역삼동|1111000000|서초1동|2|50|1|6|902|12996|656|1055.0|939|692080
202405|ADM|45|27110|43110000|경기|수원시|인계동|1117000000|인계동|1|25|1|9|532|8655|390|6394.0|5518|2493660
202405|ADM|44|28110|45110000|인천|수원시|인계동|4611000000|서초1동|2|45|1|10|439|44258|568|5798.0|5208|3293264
202405|PRVNC|45|26140|41130000|부산|서초구|역삼동|1111000000|역삼1가|1|30|1|5|21|42454|477|6609.0|4828|3152493
202405|CNTY_GU|27|11200|11140000|인천|강남구|역삼동|1120000000|서초1동|1|50|0|6|88|35360|23|5707.0|4169|131261
202405|CNTY_GU|44|44130|45110000|대구|성남시|서초동|2711000000|인계동|1|40|2|7|666|40654|573|3562.0|3396|2041026
202405|CNTY_GU|26|47110|11200000|경기|강남구|인계동|2711000000|역삼1가|2|60|0|6|147|44565|400|7187.0|5649|2874800
202405|PRVNC|46|26140|46110000|인천|서초구|인계동|4311000000|역삼1가|1|25|0|6|409|6283|260|1812.0|1638|471120
202405|PRVNC|11|41130|41150000|경기|성남시|서초동|2614000000|서초1동|2|40|0|10|98|21726|66|5422.0|4922|357852
202405|ADM|45|47110|11200000|대구|수원시|서초동|2811000000|역삼1가|2|65|0|5|802|37643|520|1303.0|985|677560
202405|PRVNC|43|27110|11140000|대구|성남시|인계동|4111000000|서초1동|2|55|0|7|240|7184|457|6210.0|5096|2837970
202405|CNTY_GU|45|43110|11170000|경기|수원시|인계동|1114000000|인계동|2|30|0|4|725|34509|487|7661.0|5630|3730907
202405|ADM|11|44130|41130000|서울|강남구|인계동|2711000000|인계동|2|60|1|5|478|33458|477|5321.0|3898|2538117
202405|CNTY_GU|26|42110|11140000|경기|강남구|역삼동|4113000000|서초1동|1|40|3|10|790|21375|563|1722.0|1662|969486
202405|ADM|41|41110|28110000|서울|성남시|서초동|2611000000|인계동|1|45|0|2|471|44084|628|1565.0|1400|982820
202405|CNTY_GU|47|46110|46110000|서울|서초구|역삼동|2811000000|역삼1가|2|50|2|8|263|40538|765|5574.0|4448|4264110
202405|ADM|42|26140|47110000|서울|수원시|인계동|4113000000|인계동|1|25|1|2|963|36044|775|4330.0|3757|3355750
202405|CNTY_GU|46|44130|11170000|서울|수원시|서초동|4711000000|역삼1가|1|55|1|10|746|42299|721|1633.0|1446|1177393
202405|CNTY_GU|41|26110|41150000|부산|수원시|인계동|4113000000|역삼1가|2|55|0|1|644|10653|789|5298.0|3738|4180122
202405|ADM|43|11110|41130000|대구|성남시|서초동|1117000000|서초1동|1|50|3|9|658|43753|670|6556.0|5265|4392520
202405|CNTY_GU|42|45110|41110000|서울|강남구|인계동|4311000000|역삼1가|1|55|1|9|873|31987|318|5468.0|4766|1738824
202405|CNTY_GU|47|28110|11140000|부산|강남구|서초동|4211000000|인계동|1|35|0|1|920|8472|569|3524.0|2839|2005156
202405|CNTY_GU|42|42110|27110000|인천|강남구|서초동|2614000000|서초1동|1|35|0|10|160|30129|456|7902.0|6225|3603312
202405|CNTY_GU|43|27110|41150000|서울|수원시|서초동|4311000000|역삼1가|1|35|2|9|651|21996|227|3305.0|2777|750235
202405|PRVNC|27|28110|42110000|부산|수원시|역삼동|1117000000|인계동|2|35|2|3|915|31653|10|7961.0|7321|79610
202405|CNTY_GU|43|28110|28110000|부산|서초구|인계동|4511000000|역삼1가|1|40|2|1|112|6362|120|1172.0|1080|140640
202405|ADM|43|41130|46110000|대구|성남시|서초동|1117000000|인계동|1|35|0|1|851|5192|778|1647.0|1445|1281366
202405|ADM|46|26110|11200000|서울|서초구|역삼동|4511000000|인계동|1|70|0|10|538|37874|556|7751.0|7213|4309556
202405|CNTY_GU|43|11200|41130000|서울|성남시|역삼동|2614000000|역삼1가|1|25|1|10|77|41634|697|1918.0|1424|1336846
202405|ADM|41|11200|42110000|인천|강남구|서초동|2711000000|서초1동|1|65|1|6|640|23975|472|4389.0|3280|2071608
202405|ADM|44|41150|11200000|부산|서초구|인계동|2611000000|서초1동|1|40|1|9|317|20985|122|5686.0|5277|693692
202405|CNTY_GU|45|41130|28110000|대구|수원시|서초동|4311000000|인계동|1|50|1|4|920|38722|454|2047.0|1600|929338
202405|PRVNC|27|47110|11140000|부산|성남시|서초동|4115000000|서초1동|1|35|2|1|900|18720|734|2168.0|1647|1591312
202405|ADM|46|43110|41110000|경기|강남구|인계동|2711000000|서초1동|1|65|1|7|281|40734|567|1890.0|1388|1071630
202405|ADM|41|26110|42110000|경기|서초구|역삼동|4413000000|역삼1가|2|25|0|3|829|30721|240|5917.0|4919|1420080
202405|CNTY_GU|46|11200|47110000|부산|서초구|인계동|4611000000|서초1동|2|35|0|10|361|7975|504|5769.0|4978|2907576
202405|ADM|41|11200|11110000|부산|성남시|서초동|2811000000|서초1동|1|70|1|9|205|36059|503|6156.0|4832|3096468
202405|ADM|44|26110|26140000|서울|서초구|역삼동|4211000000|인계동|2|40|0|10|823|47471|186|2453.0|1980|456258
202405|ADM|41|43110|26140000|대구|서초구|역삼동|4611000000|서초1동|1|35|1|6|473|39292|400|7266.0|7193|2906400
202405|ADM|27|42110|47110000|경기|강남구|인계동|1111000000|인계동|2|35|0|3|609|27365|730|4469.0|3473|3262370
202405|CNTY_GU|26|26110|45110000|인천|수원시|서초동|2611000000|서초1동|2|25|1|4|274|32968|453|2832.0|2331|1282896
202405|CNTY_GU|45|42110|45110000|경기|성남시|서초동|1120000000|역삼1가|2|40|0|8|445|48523|704|2355.0|1906|1657920
202405|CNTY_GU|42|11200|45110000|경기|성남시|서초동|4115000000|역삼1가|1|35|0|9|825|29363|560|3815.0|3322|2136400
202405|ADM|11|11140|11170000|대구|수원시|역삼동|4611000000|인계동|1|35|0|3|722|11132|103|3684.0|3490|379452
202405|CNTY_GU|27|27110|11200000|인천|수원시|역삼동|4711000000|역삼1가|2|25|1|1|984|12514|441|6839.0|6658|3015999
202405|CNTY_GU|44|11140|26140000|서울|성남시|역삼동|4113000000|서초1동|2|50|2|1|29|20778|477|6361.0|5226|3034197
202405|ADM|45|44130|42110000|경기|강남구|인계동|4611000000|인계동|1|55|1|5|806|43435|528|5529.0|4563|2919312
202405|ADM|45|41110|26140000|경기|수원시|역삼동|4413000000|역삼1가|2|55|3|2|386|25623|728|1194.0|1041|869232
202405|ADM|47|41150|44130000|부산|서초구|역삼동|4413000000|역삼1가|1|30|1|10|728|36696|301|4271.0|4124|1285571
202405|CNTY_GU|46|45110|43110000|서울|서초구|서초동|4511000000|역삼1가|1|55|0|8|414|47302|534|2599.0|1881|1387866
202405|CNTY_GU|41|43110|43110000|경기|강남구|서초동|4413000000|역삼1가|1|65|2|8|168|35015|670|5036.0|4994|3374120
202405|CNTY_GU|41|11200|26110000|인천|수원시|서초동|1111000000|서초1동|2|70|1|2|85|9727|420|7449.0|6930|3128580
202405|PRVNC|27|27110|41110000|서울|서초구|역삼동|4113000000|서초1동|1|65|0|3|993|47098|35|7271.0|6088|254485
202405|PRVNC|45|47110|26110000|경기|강남구|역삼동|1114000000|역삼1가|2|30|1|8|964|29663|730|5612.0|4958|4096760
202405|PRVNC|45|41110|41150000|인천|성남시|서초동|1117000000|서초1동|1|70|0|9|326|25175|177|2453.0|2425|434181
202405|CNTY_GU|43|47110|43110000|서울|강남구|인계동|4611000000|인계동|1|40|3|10|978|10977|617|7183.0|5460|4431911
202405|PRVNC|45|41130|28110000|인천|수원시|역삼동|4211000000|역삼1가|2|20|2|5|789|25784|590|5418.0|5323|3196620
202405|ADM|44|41150|44130000|인천|서초구|서초동|4115000000|역삼1가|2|40|3|8|598|15061|526|1169.0|883|614894
202405|ADM|46|41150|26110000|대구|성남시|역삼동|4711000000|역삼1가|2|35|1|2|517|22588|622|1235.0|1221|768170
202405|CNTY_GU|44|47110|43110000|인천|강남구|인계동|4311000000|서초1동|1|55|0|3|334|32343|347|7145.0|5032|2479315
202405|ADM|43|41150|11200000|인천|수원시|서초동|4111000000|역삼1가|2|70|0|8|834|11298|86|1774.0|1618|152564
202405|CNTY_GU|26|27110|41110000|경기|성남시|역삼동|2711000000|인계동|1|55|2|9|649|17615|621|6469.0|4587|4017249
202405|PRVNC|43|28110|45110000|서울|서초구|역삼동|2614000000|서초1동|1|55|0|2|904|29422|442|1166.0|977|515372
202405|CNTY_GU|45|41110|43110000|대구|서초구|역삼동|2611000000|서초1동|2|30|0|8|927|17900|697|1881.0|1320|1311057
202405|ADM|47|11200|41110000|경기|서초구|인계동|2711000000|역삼1가|2|55|0|8|915|27668|255|1062.0|756|270810
202405|ADM|11|42110|41150000|서울|강남구|인계동|1114000000|서초1동|2|35|3|7|873|35148|133|4097.0|3840|544901
202405|CNTY_GU|27|27110|41150000|서울|성남시|서초동|1111000000|서초1동|2|35|2|8|640|17336|139|6663.0|6503|926157
202405|CNTY_GU|47|11140|45110000|부산|수원시|인계동|1120000000|서초1동|2|40|2|10|322|41373|558|3713.0|3392|2071854
202405|CNTY_GU|47|27110|26140000|경기|서초구|역삼동|2811000000|인계동|1|65|2|3|447|18027|69|3277.0|3120|226113
202405|CNTY_GU|26|44130|43110000|인천|수원시|역삼동|1114000000|역삼1가|2|30|2|2|711|6532|559|7048.0|5262|3939832
202405|ADM|27|43110|46110000|서울|강남구|역삼동|2614000000|인계동|2|65|0|10|548|44192|193|4913.0|4321|948209
202405|CNTY_GU|47|46110|41150000|경기|서초구|서초동|4611000000|서초1동|1|45|1|1|153|15103|119|5639.0|4789|671041
202405|CNTY_GU|11|47110|43110000|경기|강남구|서초동|4113000000|서초1동|1|25|1|7|745|23327|281|6136.0|5872|1724216
202405|ADM|27|41130|41150000|부산|강남구|역삼동|4511000000|인계동|2|55|0|3|672|28704|678|6168.0|5346|4181904
202405|PRVNC|47|41130|46110000|부산|성남시|역삼동|1120000000|역삼1가|2|55|1|5|266|38804|50|2124.0|2070|106200
202405|ADM|42|11200|26110000|서울|수원시|인계동|4311000000|인계동|2|70|0|3|236|45924|692|7397.0|7195|5118724
202405|ADM|46|46110|46110000|대구|강남구|역삼동|1117000000|서초1동|2|35|1|5|726|23470|728|5458.0|4382|3973424
202405|ADM|43|11170|41150000|대구|수원시|역삼동|1111000000|서초1동|2|25|2|2|810|21691|110|3192.0|2948|351120
202405|ADM|27|47110|41150000|서울|수원시|역삼동|1111000000|역삼1가|1|45|0|6|968|14136|289|5499.0|5308|1589211
202405|CNTY_GU|42|11200|47110000|대구|강남구|역삼동|4111000000|인계동|2|35|0|6|697|17995|586|1477.0|1195|865522
202405|PRVNC|44|46110|11140000|대구|서초구|역삼동|1111000000|인계동|1|50|3|3|737|30131|371|6878.0|6412|2551738
202405|ADM|45|11200|47110000|부산|수원시|인계동|2611000000|인계동|2|50|2|2|11|9233|190|4048.0|2834|769120
202405|CNTY_GU|42|43110|47110000|대구|서초구|역삼동|4211000000|인계동|1|40|2|3|496|43897|427|1413.0|1170|603351
202405|CNTY_GU|44|45110|11170000|대구|수원시|역삼동|1114000000|역삼1가|2|70|0|7|561|14429|187|7576.0|6751|1416712
202405|CNTY_GU|26|43110|41150000|경기|서초구|인계동|4611000000|인계동|2|30|2|1|103|31606|10|4049.0|3277|40490
202405|PRVNC|41|11170|27110000|대구|성남시|서초동|1111000000|인계동|1|30|0|2|452|27368|103|5728.0|5527|589984
202405|CNTY_GU|45|47110|11200000|서울|수원시|인계동|4511000000|인계동|1|40|1|7|67|12968|730|6250.0|5598|4562500
202405|PRVNC|45|47110|11200000|경기|강남구|역삼동|4311000000|서초1동|2|45|0|4|938|18224|550|1254.0|1079|689700
202405|CNTY_GU|46|42110|11110000|부산|수원시|인계동|4511000000|서초1동|1|45|0|1|135|28384|656|3672.0|3523|2408832
202405|ADM|42|44130|44130000|대구|성남시|서초동|2711000000|인계동|1|55|3|5|548|31723|726|7888.0|7295|5726688
202405|ADM|43|28110|26110000|경기|성남시|서초동|1114000000|서초1동|1|25|2|9|738|12859|142|4851.0|3750|688842
202405|ADM|44|43110|41130000|부산|수원시|역삼동|4115000000|서초1동|1|70|0|2|111|18584|460|4779.0|4494|2198340
202405|CNTY_GU|11|47110|28110000|부산|강남구|역삼동|4711000000|인계동|2|25|2|8|369|26725|279|7780.0|6644|2170620
202405|ADM|45|41150|46110000|인천|서초구|역삼동|4413000000|역삼1가|2|50|0|10|793|15727|208|3772.0|2872|784576
202405|ADM|27|26110|11170000|대구|성남시|인계동|4211000000|서초1동|1|45|0|6|514|11396|289|4176.0|4146|1206864
202405|ADM|44|11110|11170000|인천|성남시|서초동|2811000000|역삼1가|2|35|0|1|877|33997|153|4461.0|3658|682533
202405|ADM|46|42110|43110000|인천|강남구|인계동|2611000000|인계동|1|40|1|10|118|13687|452|7155.0|5085|3234060
202405|ADM|11|43110|41150000|인천|수원시|서초동|1117000000|서초1동|1|45|0|2|554|37670|136|4759.0|4646|647224
202405|PRVNC|41|44130|41130000|인천|성남시|서초동|1111000000|서초1동|2|25|3|8|641|11410|95|5466.0|4034|519270
202405|PRVNC|45|27110|41110000|인천|강남구|서초동|4711000000|역삼1가|1|40|2|4|875|46380|166|7441.0|6226|1235206
202405|CNTY_GU|26|43110|41130000|대구|성남시|서초동|4611000000|역삼1가|2|40|3|9|513|28997|498|2362.0|2020|1176276
202405|ADM|42|11170|41130000|인천|성남시|역삼동|4115000000|인계동|1|45|0|9|311|30450|444|3545.0|3290|1573980
202405|PRVNC|45|44130|46110000|경기|수원시|역삼동|2811000000|인계동|1|45|0|5|219|23005|662|5291.0|3827|3502642
202405|ADM|26|45110|44130000|부산|수원시|인계동|1120000000|역삼1가|2|70|1|6|292|47643|795|5632.0|5207|4477440
202405|ADM|47|26110|46110000|인천|강남구|인계동|4711000000|서초1동|2|65|1|2|180|8302|2|2396.0|2181|4792
202405|ADM|26|26140|45110000|대구|서초구|서초동|4211000000|역삼1가|2|55|2|4|885|14735|747|1801.0|1425|1345347
202405|ADM|45|45110|11200000|대구|강남구|서초동|1114000000|역삼1가|2|70|1|9|210|37962|227|4072.0|3819|924344
202405|ADM|27|41150|11110000|대구|수원시|서초동|2811000000|서초1동|2|40|0|5|417|28790|77|3968.0|2994|305536
202405|ADM|42|41110|41130000|대구|성남시|인계동|2614000000|역삼1가|2|35|2|3|115|29335|645|3227.0|3194|2081415
202405|ADM|46|11170|45110000|부산|서초구|인계동|4413000000|서초1동|1|45|2|9|994|25768|163|7501.0|7351|1222663
202405|CNTY_GU|47|44130|28110000|인천|서초구|서초동|4311000000|인계동|1|55|2|7|426|27654|218|2408.0|2162|524944
202405|PRVNC|44|11170|47110000|대구|강남구|역삼동|4311000000|역삼1가|2|55|2|5|935|36175|546|6342.0|5090|3462732
202405|PRVNC|27|28110|26110000|경기|강남구|서초동|4413000000|인계동|2|55|1|2|513|28178|645|7362.0|6087|4748490
202405|CNTY_GU|11|28110|44130000|대구|서초구|서초동|2611000000|역삼1가|1|30|0|3|536|15423|552|7505.0|6970|4142760
202405|CNTY_GU|44|43110|11140000|대구|서초구|인계동|2811000000|서초1동|2|30|3|4|813|42390|116|7099.0|5411|823484
202405|CNTY_GU|46|11110|11200000|부산|강남구|서초동|4311000000|인계동|1|35|2|3|784|10860|170|1901.0|1508|323170
202405|PRVNC|41|11110|46110000|대구|강남구|역삼동|2611000000|서초1동|2|40|1|3|903|46564|420|6169.0|5136|2590980
202405|ADM|44|41150|26140000|경기|강남구|역삼동|4113000000|역삼1가|2|40|0|9|799|24738|765|4265.0|3987|3262725
202405|CNTY_GU|27|27110|47110000|서울|수원시|역삼동|4413000000|인계동|2|55|0|7|898|26380|136|7991.0|5940|1086776
202405|ADM|43|11140|11140000|인천|강남구|역삼동|4211000000|역삼1가|2|55|0|3|356|35636|470|4672.0|3432|2195840
202405|ADM|26|44130|46110000|경기|서초구|서초동|2614000000|인계동|1|35|0|6|20|42572|2|2223.0|2158|4446
202405|CNTY_GU|46|41110|47110000|대구|강남구|역삼동|2711000000|인계동|2|60|2|6|461|37309|424|1659.0|1642|703416
202405|CNTY_GU|46|41150|47110000|부산|서초구|인계동|4115000000|인계동|1|40|1|9|168|12144|215|5814.0|5004|1250010
202405|PRVNC|45|27110|28110000|서울|성남시|인계동|1114000000|역삼1가|2|20|0|7|903|35332|658|4645.0|4242|3056410
202405|ADM|11|11200|28110000|부산|성남시|서초동|4413000000|역삼1가|1|55|0|8|736|39208|140|3332.0|2525|466480
202405|ADM|43|26140|46110000|부산|서초구|인계동|1111000000|인계동|1|60|0|2|508|34150|302|3657.0|3510|1104414
202405|CNTY_GU|42|46110|11170000|경기|성남시|인계동|4413000000|인계동|2|55|1|5|601|22547|150|6427.0|6171|964050
202405|CNTY_GU|45|44130|44130000|대구|강남구|서초동|4413000000|서초1동|1|30|1|1|300|12196|572|1062.0|792|607464
202405|ADM|45|45110|11140000|부산|성남시|서초동|4115000000|역삼1가|2|40|3|7|782|9350|784|2227.0|2053|1745968
202405|ADM|11|41110|27110000|부산|강남구|역삼동|2611000000|인계동|2|60|0|10|127|40624|734|1763.0|1344|1294042
202405|CNTY_GU|47|46110|44130000|경기|서초구|서초동|2711000000|서초1동|1|25|3|7|760|44164|1|4712.0|3934|4712
202405|CNTY_GU|43|11200|26110000|대구|수원시|역삼동|4115000000|서초1동|2|70|0|9|426|30211|759|4419.0|3531|3354021
202405|CNTY_GU|11|42110|11140000|부산|서초구|역삼동|4711000000|인계동|2|20|3|2|445|45068|478|6452.0|6201|3084056
202405|ADM|41|27110|28110000|부산|서초구|서초동|4511000000|인계동|2|30|2|10|449|8070|34|1758.0|1475|59772
202405|ADM|45|11200|42110000|대구|강남구|인계동|1114000000|서초1동|2|50|3|8|958|46418|105|4406.0|4170|462630
202405|ADM|27|27110|26140000|대구|수원시|역삼동|4711000000|인계동|2|45|3|6|493|16481|61|3795.0|3348|231495
202405|ADM|43|42110|42110000|부산|서초구|역삼동|4211000000|서초1동|1|50|1|5|24|21919|371|6365.0|5384|2361415
202405|ADM|42|41110|41130000|대구|강남구|인계동|4711000000|역삼1가|2|45|1|3|754|16967|567|7912.0|7132|4486104
202405|ADM|41|46110|42110000|경기|강남구|역삼동|2711000000|역삼1가|2|60|0|9|931|21607|366|2392.0|1676|875472
202405|ADM|41|41150|11110000|부산|수원시|역삼동|4413000000|역삼1가|2|70|0|6|977|10977|6|4077.0|3516|24462
202405|ADM|43|41130|11200000|인천|서초구|역삼동|1114000000|역삼1가|1|60|0|10|273|27294|243|4641.0|3514|1127763
202405|ADM|26|26140|41150000|부산|성남시|서초동|4111000000|서초1동|2|50|0|8|389|11348|531|4956.0|4634|2631636
202405|PRVNC|44|44130|27110000|대구|성남시|서초동|2811000000|인계동|1|40|0|9|267|12553|389|2531.0|2429|984559
202405|CNTY_GU|47|26140|46110000|대구|성남시|인계동|2611000000|인계동|1|50|0|6|809|45107|658|3921.0|3623|2580018
202405|ADM|45|11170|26110000|서울|성남시|인계동|2614000000|역삼1가|1|60|2|5|645|9885|607|6089.0|5977|3696023
202405|ADM|11|44130|11200000|부산|수원시|서초동|1111000000|서초1동|2|60|2|5|629|25235|74|1749.0|1299|129426
202405|ADM|42|43110|11110000|대구|서초구|서초동|4211000000|서초1동|1|20|3|1|986|28035|568|6170.0|4722|3504560
202405|CNTY_GU|46|11200|26140000|인천|강남구|인계동|1120000000|인계동|2|55|0|6|849|23643|21|6662.0|6087|139902
202405|ADM|44|47110|11140000|부산|수원시|역삼동|1111000000|역삼1가|2|30|3|5|135|27177|35|7740.0|5736|270900
202405|ADM|45|42110|46110000|부산|서초구|역삼동|2611000000|역삼1가|2|45|0|3|425|41454|408|6137.0|5235|2503896
202405|ADM|44|41130|41110000|대구|성남시|인계동|4413000000|인계동|1|60|0|7|922|20939|785|2783.0|2518|2184655
202405|PRVNC|11|47110|42110000|서울|강남구|서초동|4111000000|역삼1가|1|70|0|4|464|21382|789|4110.0|3135|3242790
202405|ADM|45|43110|41150000|대구|수원시|인계동|1120000000|역삼1가|1|20|0|1|356|13827|613|6610.0|5423|4051930
202405|ADM|41|44130|11110000|대구|성남시|서초동|4115000000|역삼1가|2|40|0|5|301|19310|429|2335.0|2202|1001715
202405|CNTY_GU|11|41130|41130000|서울|수원시|역삼동|1120000000|서초1동|1|25|3|3|694|44110|595|6181.0|4999|3677695
202405|PRVNC|44|26110|27110000|인천|수원시|서초동|4711000000|역삼1가|2|60|2|8|700|14253|780|6116.0|5548|4770480
202405|CNTY_GU|44|11140|44130000|부산|강남구|역삼동|1114000000|인계동|1|30|1|3|451|13490|792|1525.0|1503|1207800
202405|ADM|26|11110|11170000|서울|강남구|역삼동|2711000000|서초1동|2|30|0|6|279|8938|562|3305.0|3070|1857410
202405|CNTY_GU|45|26110|28110000|서울|강남구|서초동|4113000000|서초1동|2|25|1|9|37|49113|159|0.0|0|0
202405|ADM|45|26110|26110000|경기|수원시|역삼동|4611000000|역삼1가|1|55|1|5|409|13946|244|4412.0|3504|1076528
202405|ADM|41|26140|27110000|대구|수원시|역삼동|1114000000|서초1동|2|25|3|8|354|14295|274|6205.0|4656|1700170
202405|ADM|41|11110|44130000|인천|수원시|역삼동|4413000000|역삼1가|1|45|0|10|515|41837|195|2788.0|2571|543660
202405|ADM|46|26140|11140000|대구|서초구|인계동|2611000000|인계동|1|30|0|1|5|45045|766|1392.0|1160|1066272
202405|CNTY_GU|26|41130|11140000|대구|성남시|인계동|4311000000|역삼1가|2|50|0|3|821|30376|485|3952.0|3588|1916720
202405|ADM|44|41110|44130000|부산|서초구|인계동|1117000000|역삼1가|2|30|2|7|254|18299|327|7564.0|5988|2473428
202405|CNTY_GU|44|28110|26140000|부산|성남시|인계동|1117000000|서초1동|2|35|1|9|648|31478|268|7381.0|5628|1978108
202405|ADM|27|46110|11110000|부산|강남구|인계동|4711000000|서초1동|2|65|2|2|495|41511|655|3954.0|3363|2589870
202405|CNTY_GU|27|41150|11170000|서울|강남구|역삼동|4115000000|인계동|1|20|1|1|536|21542|193|3090.0|2270|596370
202405|ADM|43|41130|11140000|경기|성남시|역삼동|1111000000|역삼1가|2|20|1|7|898|40754|581|3600.0|3130|2091600
202405|CNTY_GU|41|44130|44130000|서울|성남시|역삼동|4115000000|인계동|2|55|0|4|77|27121|317|3713.0|2871|1177021
202405|CNTY_GU|11|46110|44130000|서울|수원시|인계동|4311000000|서초1동|2|30|2|1|338|35972|43|2901.0|2160|124743
202405|CNTY_GU|42|11200|27110000|인천|강남구|서초동|4413000000|역삼1가|1|35|0|2|68|34651|427|4553.0|3842|1944131
202405|ADM|45|45110|41110000|대구|서초구|인계동|2611000000|인계동|1|20|0|9|784|24719|1|4771.0|4183|4771
202405|CNTY_GU|42|27110|41110000|대구|수원시|서초동|4113000000|서초1동|2|45|0|5|357|23737|738|2989.0|2804|2205882
202405|CNTY_GU|45|46110|27110000|경기|성남시|서초동|1117000000|인계동|1|40|0|4|449|41463|174|5936.0|4662|1032864
202405|ADM|45|28110|11170000|경기|수원시|서초동|4711000000|서초1동|1|60|1|5|24|19902|3|7781.0|6788|23343
202405|ADM|43|42110|11170000|대구|수원시|인계동|1120000000|인계동|2|25|1|7|602|34550|530|6209.0|5428|3290770
202405|CNTY_GU|44|44130|46110000|대구|서초구|서초동|1120000000|인계동|1|70|1|4|225|16315|585|1732.0|1298|1013220
202405|CNTY_GU|11|27110|11200000|인천|강남구|인계동|4211000000|인계동|1|25|0|3|61|34691|98|4031.0|2845|395038
202405|CNTY_GU|46|28110|45110000|서울|수원시|서초동|1117000000|인계동|1|35|0|1|950|14520|195|1859.0|1639|362505
202405|CNTY_GU|26|26140|43110000|경기|강남구|서초동|1117000000|서초1동|1|30|0|10|517|27860|6|3411.0|2938|20466
202405|ADM|45|11200|44130000|인천|수원시|역삼동|4311000000|역삼1가|1|60|0|3|216|30674|370|5399.0|5313|1997630
202405|ADM|45|47110|11200000|부산|서초구|인계동|1117000000|역삼1가|2|35|1|9|348|11594|231|7567.0|6655|1747977
202405|ADM|47|46110|45110000|대구|수원시|인계동|4711000000|역삼1가|2|20|0|3|799|8253|81|0.0|0|0
202405|PRVNC|41|11140|41130000|부산|수원시|인계동|4413000000|서초1동|2|45|0|8|473|16195|253|2609.0|2408|660077
202405|CNTY_GU|41|11140|47110000|인천|수원시|인계동|2611000000|서초1동|2|35|0|5|658|12199|457|2992.0|2113|1367344
202405|ADM|27|44130|46110000|인천|강남구|서초동|1114000000|역삼1가|2|50|1|3|294|18776|433|4587.0|4179|1986171
202405|CNTY_GU|43|41150|41130000|인천|서초구|인계동|1111000000|인계동|1|45|0|5|125|31619|513|1532.0|1445|785916
202405|CNTY_GU|27|43110|41110000|부산|서초구|역삼동|4113000000|인계동|1|25|1|7|8|20142|666|2534.0|1903|1687644
202405|CNTY_GU|46|26140|45110000|경기|강남구|서초동|4211000000|역삼1가|1|65|0|3|204|41308|319|1920.0|1502|612480
202405|PRVNC|44|41150|41130000|서울|성남시|서초동|2711000000|인계동|2|35|2|9|923|26215|705|7969.0|5808|5618145
202405|CNTY_GU|46|41110|45110000|대구|서초구|서초동|4311000000|서초1동|2|20|0|7|29|16924|177|2555.0|1939|452235
202405|PRVNC|42|11110|45110000|부산|강남구|역삼동|4113000000|역삼1가|1|50|0|3|16|5628|416|4492.0|3484|1868672
202405|CNTY_GU|46|47110|41110000|대구|강남구|서초동|4111000000|역삼1가|2|60|2|5|30|5426|789|3799.0|2978|2997411
202405|CNTY_GU|26|47110|47110000|부산|수원시|서초동|1111000000|인계동|1|45|3|8|733|47044|11|6084.0|5092|66924
202405|CNTY_GU|42|41150|11200000|인천|성남시|역삼동|1120000000|인계동|1|65|1|3|887|35069|34|4920.0|4838|167280
202405|CNTY_GU|44|11170|28110000|대구|강남구|역삼동|2611000000|인계동|1|25|0|8|448|43305|436|2879.0|2078|1255244
202405|ADM|42|42110|41130000|대구|강남구|역삼동|4111000000|인계동|2|35|2|1|979|6814|585|5337.0|4281|3122145
202405|CNTY_GU|45|26110|45110000|부산|서초구|역삼동|1120000000|서초1동|1|55|1|8|356|14952|109|6786.0|5195|739674
202405|ADM|11|42110|44130000|서울|서초구|인계동|2614000000|인계동|2|60|2|2|928|19939|550|5868.0|5434|3227400
202405|CNTY_GU|46|11200|11140000|대구|수원시|인계동|1117000000|인계동|2|25|1|8|496|9601|32|2771.0|2716|88672
202405|CNTY_GU|26|43110|42110000|부산|서초구|인계동|1120000000|인계동|1|50|1|1|354|25236|449|1340.0|1112|601660
202405|CNTY_GU|26|28110|11200000|경기|수원시|역삼동|4511000000|역삼1가|1|60|0|8|881|46592|164|5987.0|5808|981868
202405|ADM|42|28110|43110000|경기|성남시|인계동|4111000000|인계동|2|30|0|1|73|39010|152|4827.0|4620|733704
202405|ADM|45|47110|45110000|서울|수원시|서초동|4711000000|서초1동|2|30|0|6|113|17318|784|1481.0|1195|1161104
202405|CNTY_GU|41|11110|11200000|서울|성남시|인계동|1111000000|역삼1가|1|45|0|1|764|39781|683|1309.0|956|894047
202405|ADM|46|46110|26140000|경기|강남구|인계동|2811000000|인계동|2|40|2|2|918|15156|284|1964.0|1946|557776
202405|ADM|27|46110|11140000|부산|강남구|역삼동|4311000000|서초1동|1|40|0|4|285|23776|489|5560.0|5242|2718840
202405|ADM|45|47110|11170000|부산|서초구|인계동|4511000000|서초1동|2|65|2|10|611|39220|784|2772.0|2538|2173248
202405|ADM|26|41130|26140000|인천|서초구|인계동|4413000000|역삼1가|2|25|2|6|194|44319|543|3230.0|2689|1753890
202405|ADM|44|11110|11200000|인천|성남시|역삼동|2811000000|인계동|1|55|1|3|165|37357|581|7972.0|6084|4631732
202405|ADM|45|46110|41130000|인천|강남구|서초동|4711000000|서초1동|2|60|2|5|459|22205|568|5254.0|4207|2984272
202405|PRVNC|26|42110|11200000|부산|서초구|인계동|2611000000|서초1동|1|40|0|1|948|17262|407|1563.0|1309|636141
202405|ADM|46|43110|11200000|부산|성남시|역삼동|4511000000|역삼1가|1|55|1|10|80|26350|98|4338.0|3853|425124
202405|CNTY_GU|44|26110|47110000|대구|서초구|역삼동|4711000000|역삼1가|1|50|1|9|898|41651|22|3361.0|2466|73942
202405|ADM|42|43110|11200000|인천|수원시|역삼동|2614000000|인계동|2|35|1|10|24|22841|374|6707.0|6134|2508418
202405|ADM|47|11170|42110000|부산|서초구|인계동|4413000000|역삼1가|1|45|1|2|997|25791|465|0.0|0|0
202405|CNTY_GU|46|42110|47110000|경기|강남구|서초동|2614000000|역삼1가|2|25|0|2|504|32860|632|1684.0|1678|1064288
202405|CNTY_GU|41|42110|46110000|대구|강남구|서초동|4511000000|역삼1가|2|60|1|2|807|31951|28|3219.0|3005|90132
202405|ADM|47|47110|43110000|부산|강남구|서초동|2811000000|인계동|2|25|0|9|628|23151|320|4739.0|4724|1516480
202405|CNTY_GU|46|45110|45110000|서울|성남시|서초동|2711000000|인계동|2|35|1|6|843|16170|289|3232.0|2324|934048
202405|CNTY_GU|26|44130|27110000|부산|성남시|역삼동|4311000000|인계동|2|40|0|6|610|46922|585|3182.0|3113|1861470
202405|CNTY_GU|44|43110|46110000|서울|서초구|서초동|1120000000|서초1동|1|45|1|6|155|49199|450|7925.0|7444|3566250
202405|CNTY_GU|46|28110|11170000|인천|서초구|인계동|1111000000|인계동|2|45|0|8|25|42826|302|1088.0|946|328576
202405|CNTY_GU|26|41150|27110000|대구|성남시|인계동|4611000000|인계동|2|50|1|10|831|13293|577|3216.0|2591|1855632
202405|ADM|11|26110|11170000|부산|성남시|역삼동|4711000000|역삼1가|2|65|1|8|87|22523|643|4766.0|3542|3064538
202405|CNTY_GU|45|44130|41150000|서울|수원시|역삼동|1111000000|서초1동|1|45|2|3|724|22542|504|6404.0|4614|3227616
202405|PRVNC|26|27110|27110000|인천|수원시|역삼동|4211000000|인계동|1|55|3|5|185|6082|676|6474.0|5230|4376424
202405|ADM|41|45110|44130000|대구|성남시|인계동|1114000000|역삼1가|2|25|0|10|660|28198|432|2585.0|2127|1116720
202405|CNTY_GU|42|11200|11200000|부산|수원시|서초동|4511000000|역삼1가|1|65|3|5|333|29568|667|5296.0|4910|3532432
202405|CNTY_GU|46|11140|26110000|대구|서초구|서초동|1120000000|인계동|1|40|0|8|883|37483|587|5913.0|4592|3470931
202405|ADM|44|26110|11110000|경기|성남시|서초동|4211000000|역삼1가|2|50|0|8|728|15902|523|1328.0|1040|694544
202405|ADM|27|28110|11200000|인천|성남시|역삼동|1117000000|인계동|1|70|1|10|477|25717|390|4919.0|3715|1918410
202405|CNTY_GU|42|11170|44130000|대구|수원시|서초동|4611000000|인계동|2|60|0|9|25|19409|404|5533.0|5452|2235332
202405|ADM|42|41130|26110000|부산|성남시|역삼동|2611000000|역삼1가|2|40|0|7|310|11569|542|2192.0|1632|1188064
202405|ADM|27|11110|26110000|부산|수원시|인계동|4413000000|역삼1가|1|45|1|5|187|25648|684|6018.0|5160|4116312
202405|PRVNC|42|44130|11140000|경기|수원시|서초동|4511000000|역삼1가|2|30|2|1|744|14096|579|3839.0|3100|2222781
202405|ADM|44|27110|45110000|부산|강남구|역삼동|2811000000|인계동|2|50|1|3|744|41209|305|1504.0|1309|458720
202405|ADM|26|44130|41110000|경기|강남구|역삼동|1117000000|역삼1가|2|50|0|5|424|26233|38|4057.0|2851|154166
202405|ADM|46|43110|46110000|대구|성남시|서초동|4311000000|인계동|1|50|2|7|388|38656|769|3700.0|3545|2845300
202405|PRVNC|44|46110|11170000|인천|성남시|역삼동|1114000000|서초1동|2|35|1|10|574|14619|206|6184.0|5076|1273904
202405|ADM|45|11140|41110000|인천|성남시|서초동|4711000000|서초1동|2|55|1|8|454|30090|665|3089.0|2404|2054185
202405|CNTY_GU|43|41110|42110000|서울|수원시|역삼동|2711000000|서초1동|1|35|3|2|478|19111|82|6332.0|5026|519224
202405|CNTY_GU|27|41150|26110000|대구|성남시|인계동|4711000000|서초1동|1|45|3|8|103|37769|217|6246.0|6185|1355382
202405|ADM|45|11200|43110000|서울|수원시|역삼동|1111000000|인계동|2|30|0|10|872|45271|23|5377.0|4358|123671
202405|CNTY_GU|47|47110|41150000|경기|강남구|인계동|4611000000|인계동|2|55|0|4|297|18823|302|3577.0|3008|1080254
202405|CNTY_GU|26|45110|44130000|경기|서초구|인계동|1117000000|서초1동|1|30|2|3|399|25989|75|1816.0|1741|136200
202405|CNTY_GU|41|28110|47110000|대구|성남시|인계동|4311000000|인계동|2|50|0|2|339|27177|717|2455.0|2451|1760235
202405|ADM|47|47110|44130000|부산|성남시|인계동|2711000000|인계동|2|60|0|2|957|14766|328|3102.0|3076|1017456
202405|ADM|46|26110|43110000|인천|서초구|인계동|4115000000|역삼1가|2|50|0|6|957|8199|204|4717.0|3492|962268
202405|ADM|46|47110|41110000|부산|강남구|서초동|1120000000|역삼1가|2|50|2|10|913|39009|248|7539.0|6539|1869672
202405|ADM|26|41150|11170000|인천|강남구|역삼동|4113000000|서초1동|1|65|1|3|555|7361|68|6316.0|5555|429488
202405|ADM|26|11110|26110000|인천|성남시|인계동|4113000000|역삼1가|1|70|0|1|330|5801|166|7143.0|6677|1185738
202405|CNTY_GU|47|42110|45110000|대구|수원시|서초동|1120000000|서초1동|1|30|0|4|132|12227|65|3747.0|3167|243555
202405|ADM|46|44130|11140000|인천|성남시|역삼동|4211000000|서초1동|1|45|1|1|552|25821|6|1401.0|1178|8406
202405|ADM|41|26110|41130000|대구|성남시|인계동|2811000000|인계동|2|40|0|7|748|38797|693|7275.0|5876|5041575
202405|CNTY_GU|41|41150|44130000|서울|성남시|서초동|2711000000|인계동|1|25|1|1|678|46142|546|7567.0|6955|4131582
202405|CNTY_GU|42|27110|28110000|서울|강남구|인계동|1117000000|인계동|1|40|2|4|928|46495|298|5555.0|4978|1655390
202405|CNTY_GU|11|47110|41150000|인천|서초구|역삼동|1114000000|인계동|2|55|0|8|969|47061|203|4393.0|4372|891779
202405|ADM|46|46110|11200000|서울|서초구|인계동|1117000000|서초1동|1|65|0|9|35|32774|171|1813.0|1588|310023
202405|CNTY_GU|46|41130|44130000|경기|수원시|인계동|4115000000|서초1동|1|60|1|1|413|27222|298|6469.0|6311|1927762
202405|ADM|44|41110|41130000|부산|서초구|역삼동|1117000000|역삼1가|2|20|2|4|522|6825|215|7834.0|7757|1684310
202405|CNTY_GU|26|11140|26110000|경기|강남구|인계동|1114000000|인계동|2|40|0|4|593|25761|648|4407.0|3134|2855736
202405|PRVNC|43|47110|43110000|경기|성남시|서초동|4111000000|서초1동|1|70|1|2|404|33043|475|6064.0|4313|2880400
202405|ADM|42|42110|44130000|서울|서초구|역삼동|4413000000|인계동|1|50|0|3|661|36748|71|1655.0|1645|117505
202405|ADM|44|41110|27110000|서울|강남구|역삼동|1114000000|서초1동|1|70|0|5|621|17387|336|2652.0|2333|891072
202405|ADM|11|26140|43110000|대구|성남시|서초동|4113000000|인계동|2|40|3|8|528|19138|117|5359.0|4206|627003
202405|CNTY_GU|43|11170|47110000|경기|성남시|역삼동|4511000000|서초1동|2|40|1|4|107|44553|116|3167.0|2636|367372
202405|CNTY_GU|46|11200|44130000|서울|성남시|인계동|4611000000|인계동|1|45|1|4|278|42857|511|1712.0|1426|874832
202405|CNTY_GU|11|44130|11170000|경기|성남시|서초동|4611000000|인계동|2|65|1|4|151|37887|394|4303.0|3146|1695382
202405|CNTY_GU|47|26110|27110000|경기|서초구|역삼동|4611000000|역삼1가|1|35|3|9|348|22049|152|6058.0|5895|920816
202405|ADM|42|45110|11110000|부산|성남시|인계동|4211000000|인계동|1|40|1|2|553|21268|523|1151.0|916|601973
202405|ADM|11|47110|44130000|경기|성남시|서초동|4311000000|인계동|2|60|0|8|374|28386|358|3522.0|3045|1260876
202405|ADM|44|11110|41110000|서울|강남구|인계동|4111000000|서초1동|2|40|0|3|487|24823|317|7264.0|6979|2302688
202405|CNTY_GU|44|44130|11200000|대구|수원시|서초동|4311000000|서초1동|1|40|2|8|288|40775|23|1338.0|1293|30774
202405|PRVNC|26|11200|11170000|인천|수원시|서초동|4711000000|인계동|1|65|3|8|698|37337|494|1562.0|1181|771628
