기준년월|구분명|광역시도코드|시군구코드(개정후)|행정구역분류코드(개정후)|광역시도명|시군구명(개정후)|행정구역분류명(개정후)|법정동코드|법정동명|성별|연령구간대|직업 구분|분위코드(연소득기준)|최저 연소득 금액|최대 연소득 금액|거주자수|평균 연소득 금액|중위 연소득 금액|총연소득합계
202412|ADM|43|44130|26140000|서울|성남시|인계동|4413000000|서초1동|1|65|3|10|658|46258|237|7809.0|6897|1850733
202412|ADM|46|44130|41130000|부산|수원시|인계동|1114000000|서초1동|1|30|1|3|383|10501|500|3318.0|2925|1659000
202412|ADM|26|46110|47110000|서울|강남구|역삼동|4113000000|서초1동|2|40|0|3|8|47063|157|7336.0|6488|1151752
202412|CNTY_GU|27|28110|26140000|경기|수원시|역삼동|1114000000|역삼1가|2|35|3|7|336|32770|752|6257.0|5171|4705264
202412|ADM|42|41150|11170000|서울|성남시|인계동|1117000000|역삼1가|1|35|2|6|563|44279|580|3837.0|3701|2225460
202412|ADM|43|11200|28110000|경기|강남구|서초동|4113000000|인계동|2|25|0|1|51|45044|675|3429.0|3178|2314575
202412|CNTY_GU|44|11200|45110000|서울|강남구|역삼동|4711000000|서초1동|1|65|0|8|760|43084|580|5831.0|5108|3381980
202412|CNTY_GU|47|11140|26110000|경기|강남구|인계동|1111000000|서초1동|2|40|0|5|489|7736|169|2835.0|2220|479115
202412|CNTY_GU|26|41150|41150000|서울|서초구|역삼동|4211000000|인계동|2|30|0|8|713|40986|628|4023.0|3055|2526444
202412|PRVNC|41|11140|26140000|부산|강남구|서초동|1114000000|역삼1가|1|20|0|8|492|47920|272|5588.0|5142|1519936
202412|CNTY_GU|41|26140|41150000|인천|수원시|인계동|4115000000|인계동|1|25|3|6|823|9415|323|4495.0|3561|1451885
202412|CNTY_GU|41|42110|41150000|경기|강남구|인계동|4211000000|서초1동|1|30|1|7|85|34832|419|6953.0|5859|2913307
202412|ADM|41|28110|11110000|경기|수원시|인계동|1114000000|인계동|2|40|0|9|739|36228|665|3866.0|3802|2570890
202412|ADM|41|43110|11140000|경기|성남시|역삼동|2711000000|서초1동|1|20|0|9|999|15227|243|5858.0|5660|1423494
202412|CNTY_GU|43|45110|43110000|대구|서초구|서초동|4711000000|인계동|2|35|0|6|928|42736|76|6537.0|5296|496812
202412|CNTY_GU|47|45110|26110000|대구|강남구|역삼동|2811000000|인계동|2|35|0|1|73|28630|3|7168.0|6900|21504
202412|CNTY_GU|46|28110|11140000|인천|성남시|역삼동|2614000000|역삼1가|2|20|3|10|323|37098|742|5893.0|4672|4372606
202412|CNTY_GU|46|11140|41110000|대구|성남시|서초동|4611000000|역삼1가|1|35|1|1|226|17434|186|5541.0|5261|1030626
202412|ADM|27|42110|11170000|경기|성남시|서초동|4211000000|인계동|2|55|0|3|464|31021|703|1964.0|1390|1380692
202412|ADM|11|45110|27110000|부산|서초구|서초동|4115000000|서초1동|1|20|0|5|235|15735|627|2365.0|2047|1482855
202412|ADM|42|43110|44130000|대구|수원시|역삼동|4115000000|역삼1가|1|45|0|4|449|18106|192|1150.0|1000|220800
202412|ADM|26|46110|41130000|부산|수원시|인계동|2811000000|서초1동|1|60|0|4|0|19235|516|5502.0|4056|2839032
202412|PRVNC|11|11140|45110000|서울|수원시|역삼동|1120000000|인계동|1|50|1|7|670|5960|93|3651.0|3242|339543
202412|ADM|26|46110|44130000|경기|서초구|역삼동|4311000000|역삼1가|1|65|0|6|647|11866|754|4792.0|4344|3613168
202412|ADM|42|41130|45110000|서울|강남구|인계동|1111000000|역삼1가|1|50|1|4|56|14124|116|6391.0|5298|741356
202412|CNTY_GU|44|42110|11140000|서울|성남시|서초동|4711000000|역삼1가|1|35|0|9|128|37714|26|1451.0|1220|37726
202412|ADM|46|45110|41110000|부산|서초구|역삼동|4611000000|역삼1가|1|65|0|1|668|48744|734|5692.0|5232|4177928
202412|ADM|45|11170|45110000|대구|서초구|인계동|4115000000|역삼1가|2|40|3|5|187|16565|789|5226.0|3892|4123314
202412|ADM|47|27110|11170000|부산|성남시|서초동|1114000000|서초1동|2|40|3|1|656|34555|193|3871.0|3603|747103
202412|CNTY_GU|43|41110|11110000|부산|성남시|서초동|4511000000|역삼1가|1|20|2|6|432|34595|82|2179.0|1581|178678
202412|ADM|45|11170|41110000|서울|강남구|역삼동|2614000000|인계동|2|25|0|3|509|28095|288|1370.0|1027|394560
202412|CNTY_GU|47|11200|11200000|대구|수원시|인계동|4711000000|서초1동|2|60|1|5|821|48131|34|2706.0|2480|92004
202412|CNTY_GU|26|11200|46110000|경기|서초구|역삼동|2811000000|서초1동|2|50|0|2|133|10212|692|1332.0|1291|921744
202412|ADM|42|43110|11140000|대구|수원시|역삼동|1111000000|역삼1가|2|55|0|10|382|36609|201|6754.0|5877|1357554
202412|ADM|11|11140|41130000|대구|서초구|역삼동|2614000000|인계동|2|20|0|10|388|17467|196|7656.0|5987|1500576
202412|CNTY_GU|44|11170|11170000|인천|수원시|역삼동|4115000000|인계동|1|50|1|5|737|23679|16|1416.0|1137|22656
202412|PRVNC|26|41150|28110000|부산|수원시|역삼동|4413000000|인계동|2|35|1|6|554|42924|732|2848.0|2754|2084736
202412|ADM|42|41150|41150000|대구|강남구|인계동|2811000000|역삼1가|1|55|1|3|644|36305|143|1004.0|842|143572
202412|ADM|41|43110|26110000|부산|강남구|역삼동|4511000000|역삼1가|1|50|0|6|552|49186|62|4724.0|4541|292888
202412|CNTY_GU|46|11200|47110000|경기|강남구|인계동|4413000000|인계동|2|45|1|5|671|31784|224|5562.0|5260|1245888
202412|CNTY_GU|11|47110|11110000|대구|서초구|인계동|4611000000|인계동|1|45|3|5|543|8577|31|1825.0|1428|56575
202412|PRVNC|46|26110|41150000|부산|성남시|서초동|4611000000|서초1동|1|35|0|7|933|21906|528|7663.0|5573|4046064
202412|ADM|47|27110|28110000|인천|강남구|인계동|2811000000|서초1동|2|30|2|10|356|35791|508|5281.0|4752|2682748
202412|CNTY_GU|27|42110|28110000|서울|성남시|서초동|1120000000|역삼1가|2|25|3|1|878|41362|380|1053.0|914|400140
202412|ADM|26|11140|11110000|경기|성남시|서초동|1111000000|역삼1가|2|70|0|9|216|43463|360|5457.0|5159|1964520
202412|ADM|42|11200|26110000|인천|강남구|서초동|4211000000|역삼1가|1|40|0|7|86|30867|744|2504.0|2189|1862976
202412|PRVNC|42|11170|28110000|부산|강남구|서초동|1114000000|역삼1가|2|40|2|7|412|37253|655|3239.0|2785|2121545
202412|ADM|11|42110|47110000|인천|성남시|서초동|4211000000|서초1동|2|50|0|5|637|41726|187|4650.0|4626|869550
202412|CNTY_GU|27|47110|11200000|대구|성남시|서초동|2711000000|서초1동|2|25|2|1|451|8173|3|1023.0|1010|3069
202412|CNTY_GU|47|26110|27110000|경기|강남구|서초동|4311000000|역삼1가|2|30|2|10|206|8823|450|7925.0|5558|3566250
202412|ADM|47|11110|46110000|부산|강남구|서초동|2811000000|역삼1가|2|30|0|8|121|25960|61|5363.0|4415|327143
202412|ADM|47|45110|26140000|경기|서초구|서초동|1117000000|서초1동|1|25|2|4|633|6663|495|4513.0|3783|2233935
202412|CNTY_GU|47|43110|41110000|인천|강남구|인계동|4611000000|인계동|1|55|0|8|827|13467|491|1267.0|1064|622097
202412|ADM|47|44130|11170000|인천|수원시|역삼동|2711000000|인계동|1|50|0|2|41|8219|607|4937.0|3648|2996759
202412|CNTY_GU|47|41150|11170000|대구|서초구|역삼동|2611000000|역삼1가|2|45|0|5|274|40558|722|3397.0|2764|2452634
202412|ADM|43|47110|41150000|서울|강남구|역삼동|4311000000|서초1동|2|60|1|7|660|47754|356|5231.0|4090|1862236
202412|ADM|26|41150|27110000|서울|수원시|서초동|4611000000|서초1동|2|50|0|4|486|25986|477|3372.0|2764|1608444
202412|ADM|43|27110|47110000|대구|서초구|역삼동|4511000000|역삼1가|2|30|1|10|278|23609|716|1707.0|1656|1222212
202412|CNTY_GU|42|46110|11170000|경기|성남시|역삼동|1117000000|서초1동|2|50|0|5|408|38840|678|1769.0|1486|1199382
202412|CNTY_GU|11|45110|41130000|대구|서초구|서초동|4511000000|역삼1가|2|65|0|3|36|9165|15|7485.0|6988|112275
202412|PRVNC|42|47110|46110000|대구|서초구|인계동|1114000000|인계동|1|25|1|5|4|32571|547|4987.0|3685|2727889
202412|PRVNC|41|26110|41110000|서울|성남시|인계동|2611000000|인계동|2|50|1|4|629|39246|149|5549.0|5540|826801
202412|CNTY_GU|42|26140|41150000|인천|서초구|역삼동|1111000000|서초1동|2|20|1|3|175|26057|110|4906.0|4661|539660
202412|ADM|42|41110|42110000|경기|수원시|역삼동|4311000000|역삼1가|1|50|0|4|269|25740|560|2377.0|2068|1331120
202412|CNTY_GU|43|11140|45110000|인천|성남시|역삼동|1114000000|서초1동|1|25|1|10|13|16974|433|1563.0|1142|676779
202412|ADM|43|41150|27110000|경기|성남시|서초동|1114000000|역삼1가|1|40|0|2|978|43889|750|1748.0|1569|1311000
202412|CNTY_GU|11|26110|45110000|서울|성남시|역삼동|4113000000|역삼1가|2|30|1|10|938|21586|94|1442.0|1055|135548
202412|CNTY_GU|43|41110|11170000|대구|강남구|인계동|4211000000|인계동|1|25|1|9|176|39615|681|5747.0|5150|3913707
202412|CNTY_GU|46|11170|42110000|인천|성남시|인계동|2711000000|서초1동|1|60|1|10|951|11248|536|2065.0|1895|1106840
202412|CNTY_GU|26|42110|27110000|서울|수원시|역삼동|2611000000|인계동|1|40|0|9|501|49255|734|7387.0|7058|5422058
202412|CNTY_GU|27|28110|28110000|인천|서초구|서초동|2611000000|역삼1가|1|25|0|2|160|42672|263|7339.0|7332|1930157
202412|PRVNC|41|42110|46110000|경기|성남시|인계동|4413000000|역삼1가|1|35|2|10|559|49134|343|3958.0|3573|1357594
202412|ADM|47|47110|11170000|부산|성남시|서초동|4413000000|역삼1가|1|60|0|9|100|45567|713|5906.0|4819|4210978
202412|PRVNC|46|47110|26110000|인천|수원시|서초동|4511000000|인계동|1|60|2|4|682|11507|792|1166.0|1152|923472
202412|PRVNC|43|44130|41150000|인천|강남구|서초동|2611000000|서초1동|2|60|1|3|377|42617|71|7576.0|6274|537896
202412|CNTY_GU|42|26140|11140000|서울|강남구|인계동|2614000000|인계동|2|25|0|10|615|42603|380|6556.0|6203|2491280
202412|ADM|44|11140|42110000|부산|수원시|인계동|2614000000|서초1동|2|65|2|8|932|9210|639|7445.0|6037|4757355
202412|ADM|42|11110|41150000|경기|강남구|인계동|4511000000|서초1동|2|45|2|2|812|36975|87|6087.0|5702|529569
202412|ADM|47|11200|41110000|인천|서초구|인계동|4413000000|인계동|1|25|0|10|737|28775|450|5492.0|5005|2471400
202412|CNTY_GU|43|28110|42110000|부산|수원시|인계동|2711000000|역삼1가|1|65|0|9|677|6744|642|3130.0|2528|2009460
202412|CNTY_GU|46|11140|41150000|대구|강남구|서초동|4711000000|서초1동|2|50|1|10|974|32553|84|5643.0|4045|474012
202412|ADM|41|41130|44130000|대구|서초구|서초동|2811000000|서초1동|2|30|3|6|475|31678|341|2742.0|1927|935022
202412|CNTY_GU|44|11140|42110000|대구|수원시|인계동|4115000000|인계동|1|45|1|2|169|30264|235|1068.0|923|250980
202412|CNTY_GU|46|11110|11170000|대구|서초구|인계동|4611000000|인계동|1|25|3|7|134|21022|12|5006.0|4853|60072
202412|CNTY_GU|43|43110|11170000|부산|성남시|서초동|2811000000|역삼1가|1|70|0|4|775|41440|190|7148.0|5278|1358120
202412|CNTY_GU|46|47110|28110000|대구|수원시|서초동|4511000000|서초1동|1|50|0|1|241|17814|93|6441.0|5063|599013
202412|ADM|45|41150|45110000|부산|강남구|서초동|2614000000|서초1동|2|65|0|7|954|46448|179|6280.0|6117|1124120
202412|ADM|11|41150|11110000|서울|수원시|역삼동|4511000000|역삼1가|1|65|2|7|142|48524|637|7606.0|7065|4845022
202412|CNTY_GU|44|27110|26110000|부산|성남시|인계동|4311000000|인계동|2|30|0|7|296|44468|569|4305.0|3806|2449545
202412|ADM|42|11140|28110000|대구|서초구|인계동|4115000000|서초1동|2|40|1|2|11|20210|623|3150.0|2769|1962450
202412|ADM|27|28110|27110000|대구|서초구|서초동|2614000000|서초1동|1|40|0|7|477|37176|106|7752.0|6526|821712
202412|CNTY_GU|45|11110|42110000|인천|강남구|역삼동|1120000000|서초1동|2|30|0|6|820|18236|501|5934.0|5238|2972934
202412|CNTY_GU|46|42110|26140000|부산|수원시|인계동|4711000000|인계동|2|60|1|10|393|48377|33|4296.0|3072|141768
202412|ADM|45|44130|26140000|대구|서초구|역삼동|4113000000|서초1동|2|40|0|5|949|29589|35|7025.0|4928|245875
202412|ADM|26|45110|41150000|인천|강남구|서초동|4111000000|서초1동|2|40|0|8|778|24506|286|3312.0|2774|947232
202412|ADM|11|27110|41110000|경기|서초구|역삼동|2711000000|역삼1가|2|35|2|1|858|48483|191|5342.0|3962|1020322
202412|ADM|11|44130|41150000|인천|성남시|인계동|2811000000|인계동|2|55|3|10|316|8518|156|2644.0|2309|412464
202412|ADM|41|26110|11140000|경기|성남시|인계동|4113000000|인계동|1|40|3|9|902|23045|58|7720.0|7112|447760
202412|ADM|44|41150|26140000|부산|성남시|인계동|4111000000|서초1동|1|60|1|7|450|11264|512|7345.0|7064|3760640
202412|CNTY_GU|46|11110|45110000|경기|서초구|인계동|2711000000|서초1동|2|45|0|9|18|34441|296|4319.0|3695|1278424
202412|ADM|47|26110|11110000|인천|서초구|역삼동|1111000000|서초1동|2|35|2|4|143|9521|479|2373.0|2048|1136667
202412|PRVNC|41|11110|41110000|인천|성남시|인계동|4511000000|인계동|1|50|2|5|902|25219|540|1208.0|1037|652320
202412|ADM|47|41150|43110000|인천|서초구|역삼동|4115000000|역삼1가|1|45|0|3|951|10458|140|7824.0|5498|1095360
202412|ADM|27|26140|11140000|서울|수원시|역삼동|1117000000|인계동|2|70|2|7|499|15072|170|4107.0|3750|698190
202412|ADM|26|42110|42110000|부산|서초구|서초동|1117000000|역삼1가|2|60|1|3|81|40698|791|5638.0|4783|4459658
202412|ADM|44|28110|11200000|대구|수원시|인계동|4511000000|인계동|1|65|0|10|140|43714|683|1659.0|1206|1133097
202412|ADM|26|45110|42110000|부산|서초구|인계동|4511000000|인계동|2|30|0|5|280|24119|402|5304.0|4572|2132208
202412|ADM|46|46110|27110000|대구|성남시|서초동|4211000000|인계동|1|35|0|6|953|43571|226|1526.0|1374|344876
202412|CNTY_GU|27|27110|11110000|대구|강남구|역삼동|2614000000|인계동|2|35|3|7|429|46414|372|7733.0|6843|2876676
202412|ADM|11|26110|42110000|경기|강남구|인계동|2711000000|서초1동|1|45|0|9|528|14113|790|6160.0|4995|4866400
202412|PRVNC|46|11140|11200000|인천|성남시|인계동|2711000000|역삼1가|1|20|1|5|591|48552|180|4466.0|4275|803880
202412|CNTY_GU|45|11110|45110000|대구|강남구|역삼동|4611000000|서초1동|1|40|3|4|729|47857|721|2854.0|2264|2057734
202412|ADM|45|45110|43110000|대구|강남구|인계동|4111000000|역삼1가|2|25|1|1|87|5378|442|1071.0|809|473382
202412|CNTY_GU|44|41110|11200000|서울|성남시|서초동|1117000000|역삼1가|2|40|3|10|535|42669|195|6010.0|5218|1171950
202412|ADM|27|42110|47110000|인천|서초구|역삼동|4211000000|서초1동|2|30|3|8|829|42420|240|6188.0|4415|1485120
202412|CNTY_GU|43|41110|44130000|부산|강남구|서초동|2611000000|인계동|1|30|0|3|628|31809|264|0.0|0|0
202412|ADM|44|27110|41110000|부산|성남시|역삼동|4115000000|역삼1가|2|30|0|3|747|31397|472|4011.0|3239|1893192
202412|ADM|43|43110|11170000|경기|서초구|역삼동|2614000000|인계동|1|65|0|1|511|19637|318|5744.0|4026|1826592
202412|ADM|44|11200|11140000|부산|강남구|서초동|2614000000|서초1동|2|25|3|10|225|44700|508|3112.0|2306|1580896
202412|CNTY_GU|45|27110|28110000|경기|강남구|서초동|4611000000|서초1동|2|35|2|3|921|12043|3|4098.0|3557|12294
202412|ADM|42|45110|42110000|인천|강남구|인계동|2711000000|서초1동|1|45|0|9|921|24930|705|5052.0|3643|3561660
202412|ADM|42|11200|46110000|인천|서초구|서초동|4711000000|서초1동|1|50|0|9|601|44015|184|0.0|0|0
202412|ADM|41|41130|46110000|인천|성남시|서초동|4311000000|역삼1가|2|40|1|9|13|5882|1|7280.0|6292|7280
202412|ADM|41|27110|11200000|부산|성남시|역삼동|1111000000|서초1동|2|35|0|10|439|33921|794|5331.0|4773|4232814
202412|PRVNC|46|11140|44130000|인천|강남구|인계동|1111000000|인계동|1|65|0|9|646|34961|222|3868.0|3556|858696
202412|CNTY_GU|47|26110|42110000|인천|수원시|인계동|4311000000|역삼1가|1|25|1|4|595|33502|576|2906.0|2053|1673856
202412|CNTY_GU|11|11170|47110000|서울|성남시|역삼동|2611000000|서초1동|2|60|2|4|690|23790|680|5465.0|3928|3716200
202412|ADM|41|11110|41150000|대구|수원시|역삼동|4413000000|서초1동|2|30|0|2|661|15576|190|3725.0|3024|707750
202412|PRVNC|43|47110|44130000|부산|강남구|서초동|4511000000|인계동|2|20|2|1|947|9037|385|3265.0|2659|1257025
202412|ADM|45|26110|11200000|대구|성남시|인계동|1120000000|서초1동|2|30|0|1|902|48625|547|7935.0|7298|4340445
202412|CNTY_GU|45|11140|46110000|인천|수원시|인계동|4413000000|역삼1가|2|30|1|1|650|40209|653|4954.0|3923|3234962
202412|ADM|45|28110|11110000|대구|강남구|역삼동|4311000000|역삼1가|2|40|3|3|114|7481|642|6058.0|4592|3889236
202412|CNTY_GU|42|11110|11170000|부산|강남구|역삼동|4511000000|서초1동|2|65|0|7|662|13879|455|4166.0|3626|1895530
202412|ADM|41|43110|11140000|서울|강남구|인계동|2611000000|인계동|1|40|0|8|529|19974|499|6769.0|5460|3377731
202412|ADM|26|26140|28110000|대구|강남구|서초동|2611000000|인계동|1|50|3|5|344|12617|359|1662.0|1199|596658
202412|CNTY_GU|11|11170|45110000|인천|성남시|역삼동|4113000000|인계동|1|20|2|8|559|25401|180|1758.0|1667|316440
202412|ADM|44|11140|47110000|경기|강남구|인계동|4511000000|인계동|2|50|2|4|953|23989|262|3776.0|2955|989312
202412|CNTY_GU|45|28110|11200000|부산|성남시|역삼동|2611000000|역삼1가|2|35|0|3|81|25575|600|4957.0|3544|2974200
202412|ADM|47|11170|27110000|서울|강남구|역삼동|2811000000|인계동|1|45|3|5|866|21068|441|5390.0|4838|2376990
202412|ADM|41|43110|11110000|부산|강남구|서초동|4115000000|서초1동|1|20|1|2|670|36925|432|1053.0|807|454896
202412|CNTY_GU|26|43110|47110000|경기|서초구|서초동|4115000000|인계동|2|50|0|9|744|8465|444|5802.0|4262|2576088
202412|PRVNC|26|26110|27110000|대구|성남시|역삼동|4115000000|인계동|1|50|3|2|537|38658|73|3970.0|2965|289810
202412|PRVNC|44|41110|11110000|부산|수원시|인계동|4311000000|서초1동|1|60|2|6|133|6768|3|7553.0|7469|22659
202412|PRVNC|11|46110|41110000|인천|성남시|인계동|1111000000|역삼1가|2|45|2|2|779|30869|340|5162.0|4183|1755080
202412|ADM|26|11170|26140000|경기|서초구|인계동|1114000000|서초1동|2|70|3|1|322|35035|407|1961.0|1737|798127
202412|CNTY_GU|11|11170|43110000|인천|성남시|역삼동|4611000000|인계동|2|25|3|2|462|17368|22|7854.0|6825|172788
202412|CNTY_GU|27|41150|27110000|대구|성남시|역삼동|4611000000|인계동|1|20|2|1|442|41257|221|3642.0|2996|804882
202412|ADM|41|42110|44130000|인천|강남구|서초동|1120000000|역삼1가|2|50|0|3|615|11046|743|6230.0|5270|4628890
202412|ADM|11|11110|11140000|경기|성남시|역삼동|4111000000|서초1동|2|35|0|3|669|27196|202|1559.0|1191|314918
202412|ADM|41|28110|47110000|경기|수원시|인계동|1111000000|서초1동|1|40|1|7|451|24633|516|6165.0|4687|3181140
202412|ADM|45|11140|44130000|인천|서초구|서초동|4311000000|인계동|2|30|1|2|227|41858|615|6027.0|4480|3706605
202412|ADM|45|42110|45110000|부산|성남시|인계동|2611000000|인계동|1|60|0|3|206|22040|638|6788.0|5921|4330744
202412|CNTY_GU|47|11200|11110000|부산|성남시|인계동|4711000000|서초1동|2|70|0|5|615|43646|220|1624.0|1265|357280
202412|ADM|43|41150|26140000|서울|수원시|서초동|1120000000|인계동|1|40|0|3|241|15071|586|7118.0|5562|4171148
202412|CNTY_GU|11|41150|26110000|경기|강남구|인계동|4511000000|인계동|2|25|2|8|686|14377|316|2205.0|2093|696780
202412|CNTY_GU|27|45110|46110000|대구|서초구|역삼동|2614000000|역삼1가|1|70|1|4|889|13814|529|3926.0|3460|2076854
202412|ADM|42|26110|42110000|대구|강남구|역삼동|1120000000|인계동|2|55|0|4|98|24806|525|4799.0|3805|2519475
202412|ADM|46|11200|11140000|경기|수원시|서초동|4611000000|서초1동|2|45|0|6|373|44415|745|7935.0|7929|5911575
202412|ADM|27|26110|41130000|경기|강남구|인계동|4111000000|역삼1가|2|70|1|3|495|21206|560|3972.0|3768|2224320
202412|CNTY_GU|47|27110|11170000|서울|강남구|인계동|2611000000|인계동|1|35|1|6|864|12503|711|1632.0|1258|1160352
202412|ADM|43|11140|47110000|서울|서초구|서초동|4211000000|인계동|1|65|1|7|107|22837|302|5811.0|5523|1754922
202412|ADM|46|47110|28110000|경기|수원시|서초동|2614000000|서초1동|1|50|0|10|313|44913|526|4808.0|4798|2529008
202412|ADM|47|46110|46110000|인천|서초구|서초동|4711000000|역삼1가|1|45|1|9|192|8473|444|4412.0|4241|1958928
202412|CNTY_GU|41|28110|41110000|대구|강남구|인계동|4711000000|인계동|2|60|1|7|571|15300|377|4374.0|3290|1648998
202412|CNTY_GU|43|46110|45110000|경기|강남구|서초동|4511000000|서초1동|1|70|0|8|108|13262|724|2319.0|1919|1678956
202412|ADM|46|27110|44130000|부산|수원시|역삼동|2811000000|역삼1가|1|55|0|3|885|40242|688|4907.0|4288|3376016
202412|PRVNC|43|28110|47110000|서울|서초구|인계동|4413000000|역삼1가|1|60|0|4|738|10216|674|4536.0|4013|3057264
202412|ADM|27|11170|41150000|부산|서초구|서초동|4611000000|역삼1가|2|45|0|3|458|48427|49|7247.0|6175|355103
202412|CNTY_GU|11|27110|11140000|인천|수원시|인계동|4413000000|인계동|2|25|2|6|126|43914|659|1056.0|815|695904
202412|CNTY_GU|41|11140|28110000|부산|수원시|서초동|1120000000|역삼1가|1|50|2|4|437|46239|3|7672.0|7213|23016
202412|CNTY_GU|43|43110|41150000|인천|서초구|역삼동|4111000000|역삼1가|1|35|0|4|808|27965|655|2394.0|1845|1568070
202412|ADM|45|11170|45110000|경기|서초구|역삼동|2711000000|서초1동|1|30|0|10|869|17917|441|1942.0|1473|856422
202412|CNTY_GU|42|11200|26110000|부산|수원시|역삼동|4113000000|서초1동|1|60|1|7|676|12215|690|6154.0|5271|4246260
202412|CNTY_GU|43|41130|46110000|경기|수원시|서초동|1117000000|인계동|1|35|1|7|764|5961|210|1814.0|1801|380940
202412|CNTY_GU|11|28110|41130000|경기|서초구|인계동|2611000000|역삼1가|2|40|0|5|282|23435|580|1705.0|1680|988900
202412|ADM|27|41150|27110000|대구|수원시|역삼동|2614000000|서초1동|2|60|0|3|203|28228|29|6300.0|4515|182700
202412|CNTY_GU|42|46110|27110000|대구|성남시|서초동|4711000000|인계동|2|45|3|10|30|31037|720|4993.0|4442|3594960
202412|ADM|43|41130|41150000|대구|수원시|인계동|1111000000|역삼1가|1|70|1|2|82|16849|406|3761.0|3366|1526966
202412|CNTY_GU|47|46110|41130000|부산|강남구|서초동|4413000000|서초1동|2|60|2|7|979|44903|126|4931.0|4927|621306
202412|CNTY_GU|47|41130|11170000|경기|수원시|서초동|1111000000|역삼1가|2|20|1|2|45|42165|722|1821.0|1555|1314762
202412|ADM|45|45110|42110000|부산|서초구|역삼동|1114000000|역삼1가|1|70|1|1|658|43881|733|1521.0|1231|1114893
202412|ADM|42|46110|46110000|인천|서초구|인계동|1114000000|인계동|1|40|1|10|295|21115|154|5581.0|5432|859474
202412|PRVNC|47|27110|11170000|대구|강남구|인계동|4211000000|역삼1가|2|55|3|4|355|13265|490|7437.0|5370|3644130
202412|PRVNC|41|11170|42110000|대구|강남구|역삼동|2811000000|역삼1가|2|35|2|6|623|39015|483|2334.0|1740|1127322
202412|PRVNC|47|41110|43110000|경기|강남구|인계동|4211000000|역삼1가|1|30|0|6|985|37303|379|7302.0|6920|2767458
202412|ADM|27|26140|11170000|인천|수원시|인계동|1114000000|역삼1가|2|35|1|5|969|34937|633|1713.0|1359|1084329
202412|CNTY_GU|44|41130|41150000|서울|강남구|인계동|1117000000|역삼1가|2|40|0|4|48|32224|468|3657.0|3253|1711476
202412|ADM|46|42110|41110000|인천|수원시|서초동|4611000000|서초1동|1|60|1|9|23|13486|252|3348.0|2741|843696
202412|ADM|42|43110|11140000|서울|수원시|인계동|4511000000|인계동|2|65|2|3|811|33279|329|7886.0|6106|2594494
202412|PRVNC|44|41150|11110000|경기|성남시|역삼동|4113000000|역삼1가|1|25|0|8|288|8966|484|2087.0|1894|1010108
202412|ADM|47|44130|41110000|대구|강남구|역삼동|1117000000|서초1동|2|25|1|10|377|18155|526|4468.0|4258|2350168
202412|ADM|43|11140|44130000|부산|수원시|서초동|1114000000|역삼1가|1|70|1|9|714|15344|784|7532.0|7160|5905088
202412|ADM|26|11110|44130000|인천|수원시|역삼동|4115000000|서초1동|1|55|1|9|199|11636|465|4592.0|3923|2135280
202412|ADM|27|46110|11140000|인천|성남시|역삼동|1120000000|역삼1가|2|50|0|2|926|23025|29|5982.0|4329|173478
202412|CNTY_GU|26|44130|26110000|경기|서초구|서초동|4311000000|서초1동|2|45|0|6|186|46887|513|1461.0|1406|749493
202412|CNTY_GU|45|11170|11110000|경기|수원시|역삼동|4511000000|인계동|1|65|0|6|680|31861|557|2112.0|2009|1176384
202412|ADM|43|11170|41150000|부산|서초구|인계동|2611000000|역삼1가|1|60|1|3|118|33368|509|4313.0|3156|2195317
202412|ADM|42|26110|45110000|인천|서초구|인계동|1111000000|역삼1가|1|55|0|3|958|41431|605|7753.0|7113|4690565
202412|ADM|27|43110|45110000|인천|서초구|역삼동|4311000000|서초1동|2|65|0|2|779|39552|38|7991.0|7497|303658
202412|ADM|44|43110|41130000|부산|수원시|역삼동|2611000000|역삼1가|1|70|1|7|55|43002|579|3815.0|3641|2208885
202412|ADM|42|27110|44130000|대구|강남구|역삼동|2614000000|역삼1가|2|70|0|7|21|38701|703|2014.0|1965|1415842
202412|PRVNC|45|26110|27110000|인천|성남시|역삼동|1117000000|인계동|2|60|1|7|592|19876|271|2025.0|1997|548775
202412|CNTY_GU|45|11170|41130000|경기|수원시|인계동|1111000000|서초1동|1|25|1|6|81|29077|209|2457.0|2182|513513
202412|ADM|46|11110|26110000|대구|성남시|역삼동|1111000000|역삼1가|2|40|0|7|639|35284|357|5467.0|4832|1951719
202412|ADM|44|26140|26110000|부산|강남구|인계동|4115000000|인계동|2|50|0|6|83|10175|171|2748.0|2158|469908
202412|ADM|45|26110|11200000|부산|강남구|서초동|4211000000|서초1동|1|45|3|7|991|31509|247|1515.0|1331|374205
202412|ADM|26|42110|27110000|대구|강남구|서초동|4711000000|역삼1가|2|25|0|7|166|8633|159|4815.0|4301|765585
202412|CNTY_GU|45|41130|27110000|인천|성남시|인계동|1120000000|역삼1가|1|55|0|3|975|30919|103|5905.0|5578|608215
202412|PRVNC|42|41130|44130000|경기|성남시|역삼동|4711000000|인계동|1|60|1|7|690|48623|636|6503.0|5849|4135908
202412|ADM|42|47110|43110000|경기|강남구|역삼동|2614000000|역삼1가|2|55|1|5|40|49673|735|5371.0|5049|3947685
202412|CNTY_GU|45|42110|43110000|부산|강남구|인계동|4111000000|인계동|2|30|1|7|151|46892|410|4118.0|3171|1688380
202412|ADM|41|43110|26140000|대구|성남시|인계동|2614000000|서초1동|2|20|2|6|947|5353|654|3663.0|3277|2395602
202412|CNTY_GU|42|11110|11200000|대구|성남시|역삼동|1120000000|서초1동|1|30|1|4|424|26689|13|6197.0|4834|80561
202412|CNTY_GU|43|46110|47110000|부산|성남시|역삼동|4311000000|역삼1가|2|45|1|9|267|20862|467|1223.0|971|571141
202412|ADM|27|46110|46110000|부산|강남구|서초동|1114000000|인계동|2|25|0|10|892|39466|3|7076.0|5774|21228
202412|ADM|11|43110|28110000|대구|수원시|서초동|2811000000|인계동|2|35|3|1|628|6284|447|4260.0|3387|1904220
202412|ADM|43|47110|11110000|인천|강남구|서초동|4611000000|인계동|1|20|1|9|498|36525|177|6554.0|4932|1160058
202412|CNTY_GU|47|11170|11140000|인천|수원시|역삼동|4711000000|역삼1가|2|45|0|4|153|19490|683|7232.0|7080|4939456
202412|PRVNC|44|26110|44130000|경기|수원시|역삼동|4211000000|인계동|2|45|1|5|833|18953|586|6756.0|5658|3959016
202412|ADM|42|27110|11170000|인천|수원시|인계동|4115000000|서초1동|1|60|0|10|960|45073|676|4179.0|4028|2825004
202412|ADM|41|41110|27110000|인천|수원시|서초동|4211000000|역삼1가|1|25|3|5|79|46512|169|7767.0|6405|1312623
202412|CNTY_GU|11|44130|11140000|서울|성남시|역삼동|4115000000|서초1동|1|50|2|1|293|41312|730|0.0|0|0
202412|CNTY_GU|45|11110|45110000|부산|수원시|인계동|2811000000|역삼1가|2|70|0|8|407|37414|662|2945.0|2914|1949590
202412|CNTY_GU|26|27110|28110000|인천|강남구|서초동|2711000000|역삼1가|1|50|1|9|345|9983|3|3042.0|3026|9126
202412|CNTY_GU|47|46110|27110000|대구|강남구|인계동|1120000000|인계동|1|40|0|2|81|24807|785|4741.0|3547|3721685
202412|ADM|43|11140|45110000|부산|수원시|인계동|4611000000|역삼1가|1|45|2|1|180|30909|13|1705.0|1216|22165
202412|ADM|26|27110|43110000|경기|성남시|인계동|4211000000|서초1동|1|70|3|10|839|34765|655|4580.0|4189|2999900
202412|CNTY_GU|11|44130|44130000|서울|강남구|서초동|2611000000|역삼1가|1|45|0|1|410|41645|108|2827.0|2206|305316
202412|CNTY_GU|43|11140|41130000|서울|수원시|인계동|1114000000|인계동|2|25|0|6|959|38336|338|1718.0|1584|580684
202412|CNTY_GU|47|46110|41130000|부산|서초구|서초동|4113000000|서초1동|2|45|2|8|378|23693|27|6278.0|5347|169506
202412|CNTY_GU|42|45110|45110000|인천|수원시|인계동|4115000000|역삼1가|2|35|0|2|168|42358|552|6371.0|5285|3516792
202412|CNTY_GU|27|47110|11200000|부산|서초구|역삼동|4711000000|서초1동|2|60|2|8|402|9590|401|5627.0|4603|2256427
202412|CNTY_GU|26|11140|11110000|경기|서초구|서초동|4511000000|서초1동|1|20|2|7|683|20586|60|5832.0|5359|349920
202412|ADM|44|43110|42110000|인천|강남구|서초동|2611000000|역삼1가|1|50|3|7|763|41109|22|2075.0|1957|45650
202412|ADM|46|27110|27110000|대구|강남구|서초동|1120000000|인계동|2|60|3|10|155|43742|678|1745.0|1527|1183110
202412|CNTY_GU|41|26110|41150000|서울|강남구|역삼동|2811000000|인계동|2|30|2|8|356|27958|80|3778.0|3112|302240
202412|ADM|42|11140|46110000|서울|서초구|인계동|4611000000|서초1동|1|55|3|8|722|20554|94|1367.0|1119|128498
202412|ADM|26|41130|41110000|서울|서초구|서초동|2611000000|서초1동|2|60|0|1|863|45575|490|5087.0|3997|2492630
202412|ADM|43|11170|11140000|인천|서초구|서초동|4711000000|인계동|2|35|3|3|180|11050|2|2120.0|1753|4240
202412|CNTY_GU|46|43110|41110000|인천|강남구|역삼동|4413000000|인계동|1|50|0|2|344|38326|231|5058.0|4568|1168398
202412|CNTY_GU|43|27110|41150000|경기|수원시|인계동|4115000000|서초1동|2|30|3|9|552|41395|602|3776.0|3094|2273152
202412|ADM|41|42110|28110000|대구|강남구|서초동|4111000000|역삼1가|1|40|0|6|600|15359|113|7231.0|5740|817103
202412|CNTY_GU|42|41110|11170000|대구|서초구|인계동|1111000000|인계동|1|55|1|2|492|37600|703|7331.0|6849|5153693
202412|CNTY_GU|45|44130|11170000|대구|강남구|역삼동|4311000000|서초1동|2|30|0|6|668|45235|191|4006.0|3790|765146
202412|ADM|11|41130|45110000|대구|서초구|역삼동|4611000000|인계동|2|60|0|4|391|36962|551|4499.0|3747|2478949
202412|ADM|26|11200|42110000|대구|수원시|서초동|2811000000|역삼1가|2|40|0|9|354|12949|51|2947.0|2846|150297
202412|CNTY_GU|46|11200|27110000|인천|강남구|인계동|2711000000|인계동|1|30|1|5|451|21169|647|5314.0|4194|3438158
202412|CNTY_GU|46|41150|11140000|서울|성남시|서초동|4113000000|역삼1가|1|20|0|2|818|28852|644|3363.0|2424|2165772
202412|CNTY_GU|27|41150|41110000|경기|성남시|역삼동|2811000000|역삼1가|1|40|2|9|748|47478|494|5178.0|4543|2557932
202412|CNTY_GU|26|46110|41130000|부산|서초구|역삼동|2611000000|서초1동|1|50|2|9|309|39829|287|5696.0|4977|1634752
202412|CNTY_GU|27|27110|27110000|인천|강남구|서초동|2611000000|서초1동|2|40|2|9|279|23341|631|6428.0|4744|4056068
202412|ADM|43|11110|44130000|대구|수원시|서초동|2711000000|역삼1가|1|50|1|9|537|12792|496|6894.0|5832|3419424
202412|ADM|44|11110|47110000|부산|강남구|역삼동|2611000000|서초1동|2|20|1|6|60|38512|538|5240.0|4101|2819120
202412|ADM|42|28110|27110000|부산|수원시|서초동|4511000000|역삼1가|1|25|3|4|791|15286|48|5437.0|4838|260976
202412|ADM|43|41150|11140000|경기|강남구|역삼동|4111000000|역삼1가|1|25|2|5|842|11467|329|1163.0|1035|382627
202412|PRVNC|41|11110|45110000|인천|성남시|인계동|4111000000|서초1동|1|55|1|4|280|13009|683|4879.0|4325|3332357
202412|ADM|45|41110|47110000|인천|수원시|인계동|4113000000|서초1동|2|35|0|4|25|19551|648|1737.0|1283|1125576
202412|CNTY_GU|46|11170|26140000|인천|서초구|역삼동|1120000000|인계동|2|20|0|10|440|45042|703|7652.0|5886|5379356
202412|CNTY_GU|44|11110|41130000|인천|서초구|서초동|2811000000|역삼1가|1|50|0|9|164|49224|519|5640.0|4823|2927160
202412|ADM|11|28110|45110000|인천|수원시|인계동|1111000000|역삼1가|1|20|0|7|717|33341|213|2634.0|2097|561042
202412|ADM|41|26140|11170000|인천|성남시|역삼동|4711000000|역삼1가|1|20|1|10|579|29866|470|2290.0|1962|1076300
202412|ADM|44|11110|47110000|경기|성남시|서초동|4111000000|인계동|2|55|2|3|454|47359|205|5677.0|4329|1163785
202412|ADM|43|44130|41150000|인천|강남구|인계동|4311000000|인계동|1|20|0|4|805|15112|673|1911.0|1572|1286103
202412|ADM|46|45110|41130000|대구|수원시|역삼동|4211000000|역삼1가|2|60|0|8|382|16377|375|3789.0|3555|1420875
202412|CNTY_GU|42|27110|41130000|서울|서초구|역삼동|4413000000|서초1동|2|65|0|9|242|35702|770|6699.0|5929|5158230
202412|ADM|46|41130|46110000|대구|강남구|서초동|2811000000|서초1동|1|20|1|10|331|7629|631|6788.0|6340|4283228
202412|CNTY_GU|26|42110|41130000|부산|성남시|역삼동|2811000000|인계동|1|50|0|6|747|12307|398|5245.0|4901|2087510
202412|ADM|46|43110|27110000|인천|서초구|서초동|1111000000|역삼1가|2|70|0|5|850|22433|655|7069.0|5163|4630195
202412|CNTY_GU|42|47110|11140000|대구|수원시|역삼동|1111000000|역삼1가|2|65|3|9|819|42305|578|3702.0|2865|2139756
202412|ADM|44|41110|44130000|대구|강남구|역삼동|4113000000|인계동|1|70|3|3|62|32060|265|3765.0|3331|997725
202412|CNTY_GU|26|44130|28110000|부산|강남구|서초동|4711000000|역삼1가|2|30|2|2|47|39674|282|2834.0|2516|799188
202412|CNTY_GU|46|11140|26140000|경기|성남시|서초동|4413000000|역삼1가|1|30|2|5|392|18010|128|4908.0|4112|628224
202412|ADM|43|11110|11140000|경기|수원시|역삼동|4711000000|역삼1가|2|40|1|8|559|13973|128|1709.0|1699|218752
202412|CNTY_GU|42|41130|46110000|대구|강남구|서초동|2614000000|서초1동|2|60|0|9|365|20736|515|3887.0|3558|2001805
202412|ADM|43|26140|42110000|서울|성남시|역삼동|4311000000|서초1동|2|30|0|2|675|19265|739|2950.0|2146|2180050
202412|ADM|44|41150|28110000|부산|성남시|서초동|4611000000|역삼1가|1|65|3|7|601|22778|760|3867.0|3574|2938920
202412|CNTY_GU|27|27110|41130000|인천|강남구|역삼동|4711000000|역삼1가|1|35|0|4|629|39169|245|2974.0|2363|728630
202412|CNTY_GU|42|44130|46110000|인천|서초구|서초동|4113000000|인계동|1|25|0|10|901|15480|4|3618.0|2707|14472
202412|CNTY_GU|11|41130|11110000|부산|수원시|인계동|4511000000|서초1동|1|45|1|8|759|21975|394|3711.0|2811|1462134
202412|ADM|43|41130|27110000|부산|성남시|인계동|2614000000|역삼1가|2|45|3|1|714|42663|714|5167.0|4946|3689238
202412|CNTY_GU|42|11200|11110000|인천|서초구|역삼동|4711000000|인계동|1|30|0|8|84|29196|327|5414.0|4707|1770378
202412|CNTY_GU|26|11110|41130000|부산|성남시|서초동|2811000000|서초1동|2|45|3|8|613|7514|4|4565.0|3771|18260
202412|CNTY_GU|41|28110|47110000|인천|강남구|역삼동|2811000000|역삼1가|2|35|2|1|300|6790|3|1680.0|1445|5040
202412|ADM|27|41110|11170000|경기|성남시|서초동|4311000000|인계동|1|60|2|10|826|19989|700|6700.0|6622|4690000
202412|CNTY_GU|45|45110|41150000|경기|강남구|서초동|2811000000|서초1동|2|60|2|2|781|11602|33|7809.0|6689|257697
202412|ADM|41|47110|26140000|경기|수원시|역삼동|1114000000|서초1동|1|60|0|3|747|27190|396|7218.0|5308|2858328
202412|ADM|41|11170|11200000|서울|서초구|역삼동|4511000000|인계동|1|50|0|6|971|49980|796|2490.0|2039|1982040
202412|PRVNC|45|27110|11170000|경기|서초구|역삼동|2811000000|인계동|1|40|0|9|627|34260|487|5790.0|4274|2819730
202412|CNTY_GU|43|27110|41150000|부산|성남시|역삼동|4115000000|역삼1가|2|50|0|5|12|8035|284|4898.0|3873|1391032
202412|CNTY_GU|46|44130|41130000|서울|성남시|역삼동|4211000000|서초1동|1|70|2|10|882|6877|351|5208.0|5066|1828008
202412|CNTY_GU|47|41110|11200000|인천|서초구|인계동|4211000000|서초1동|2|20|1|8|146|6183|536|7446.0|6098|3991056
202412|CNTY_GU|46|41130|42110000|대구|수원시|역삼동|4113000000|서초1동|2|40|2|6|343|39251|485|2884.0|2785|1398740
202412|CNTY_GU|27|44130|43110000|부산|강남구|인계동|4611000000|서초1동|2|25|1|5|941|15982|738|6001.0|5122|4428738
202412|CNTY_GU|42|11170|45110000|부산|수원시|인계동|4111000000|역삼1가|2|40|1|1|529|15059|100|3037.0|2251|303700
202412|ADM|41|45110|11170000|부산|강남구|인계동|2614000000|서초1동|1|25|2|3|819|25243|484|1469.0|1057|710996
202412|ADM|45|28110|11170000|경기|수원시|서초동|1117000000|역삼1가|2|55|2|9|533|28378|323|3765.0|3044|1216095
202412|CNTY_GU|43|41110|43110000|경기|성남시|인계동|4115000000|인계동|1|45|2|7|286|7880|465|4272.0|3678|1986480
202412|ADM|47|46110|28110000|대구|서초구|역삼동|4711000000|역삼1가|2|40|0|10|710|46209|457|5374.0|4580|2455918
202412|ADM|43|11170|11110000|경기|서초구|서초동|4111000000|인계동|1|50|3|1|647|35505|92|3645.0|3181|335340
202412|ADM|47|28110|11200000|경기|성남시|인계동|1117000000|인계동|1|45|2|8|868|28414|550|4528.0|4058|2490400
202412|ADM|46|11110|27110000|서울|성남시|역삼동|1117000000|인계동|1|30|1|5|311|46414|320|7787.0|7424|2491840
202412|ADM|11|26140|27110000|인천|서초구|서초동|1120000000|서초1동|2|45|2|4|59|48775|769|7682.0|6668|5907458
202412|CNTY_GU|11|42110|46110000|인천|성남시|인계동|1114000000|역삼1가|1|25|1|6|417|7688|559|1973.0|1831|1102907
202412|CNTY_GU|42|11200|41110000|부산|수원시|서초동|1120000000|역삼1가|2|70|0|9|184|43457|234|7246.0|5497|1695564
202412|PRVNC|47|42110|41130000|인천|성남시|역삼동|1114000000|역삼1가|2|50|2|1|806|34211|174|7991.0|7681|1390434
202412|ADM|26|41130|41130000|서울|강남구|서초동|4211000000|인계동|1|30|3|3|286|29750|716|5669.0|4115|4059004
202412|ADM|44|47110|41130000|경기|강남구|역삼동|1117000000|인계동|2|65|0|7|819|7972|369|5255.0|4273|1939095
202412|CNTY_GU|43|41130|11110000|부산|성남시|인계동|4113000000|서초1동|1|40|0|9|465|32193|772|7417.0|6783|5725924
202412|ADM|43|27110|46110000|부산|성남시|서초동|2614000000|서초1동|2|45|0|9|759|21418|603|4426.0|4104|2668878
202412|ADM|47|26140|27110000|부산|서초구|서초동|4311000000|인계동|2|40|1|6|896|45230|416|1266.0|1047|526656
202412|ADM|44|43110|45110000|대구|강남구|인계동|4311000000|서초1동|1|30|2|1|198|11259|296|7043.0|5598|2084728
202412|ADM|47|41130|11110000|인천|서초구|서초동|2711000000|서초1동|2|40|1|8|787|6856|452|7783.0|7671|3517916
202412|CNTY_GU|46|11200|11200000|인천|강남구|인계동|1120000000|서초1동|2|45|1|4|416|15652|286|2392.0|1979|684112
202412|ADM|42|42110|41110000|경기|성남시|서초동|1114000000|인계동|2|40|0|7|224|24164|600|7061.0|5158|4236600
202412|CNTY_GU|47|26110|11110000|경기|서초구|인계동|4711000000|역삼1가|1|60|1|8|755|34402|342|4060.0|3480|1388520
202412|CNTY_GU|42|45110|44130000|부산|성남시|역삼동|2614000000|인계동|1|45|2|5|700|36056|557|3031.0|2463|1688267
202412|CNTY_GU|27|41110|44130000|인천|서초구|인계동|4413000000|서초1동|2|60|0|6|724|34790|681|7502.0|7501|5108862
202412|ADM|44|43110|44130000|대구|성남시|인계동|1111000000|인계동|1|60|2|5|792|10758|375|3827.0|3755|1435125
202412|ADM|45|41110|47110000|부산|서초구|서초동|2611000000|서초1동|1|35|0|2|647|41578|58|1152.0|1108|66816
202412|CNTY_GU|42|26140|11200000|대구|강남구|인계동|1120000000|서초1동|1|65|0|7|153|45047|589|2146.0|1852|1263994
202412|PRVNC|26|11200|11200000|인천|서초구|인계동|1114000000|인계동|1|45|0|6|143|34992|765|2042.0|1688|1562130
202412|CNTY_GU|11|41150|11110000|서울|강남구|역삼동|4413000000|서초1동|2|50|0|5|366|29322|745|2901.0|2585|2161245
202412|ADM|41|41110|47110000|서울|서초구|역삼동|4311000000|인계동|2|25|0|3|870|28506|337|1211.0|877|408107
202412|PRVNC|41|11140|47110000|경기|수원시|서초동|4111000000|서초1동|2|65|1|3|476|31185|515|5642.0|5634|2905630
202412|ADM|41|41150|11200000|서울|서초구|역삼동|1111000000|역삼1가|1|55|1|2|161|13237|583|4299.0|3537|2506317
202412|CNTY_GU|45|46110|27110000|경기|강남구|역삼동|2611000000|인계동|1|65|0|1|109|30907|581|2961.0|2448|1720341
202412|CNTY_GU|41|11200|26140000|대구|서초구|역삼동|4211000000|서초1동|2|65|3|4|599|29274|669|2982.0|2104|1994958
202412|PRVNC|11|43110|26110000|대구|수원시|서초동|1117000000|역삼1가|1|25|1|5|355|27647|668|7817.0|5836|5221756
202412|PRVNC|47|41110|26110000|대구|강남구|서초동|4113000000|서초1동|2|20|1|6|625|22295|671|1299.0|1272|871629
202412|ADM|27|43110|26140000|부산|성남시|인계동|2811000000|역삼1가|2|55|1|1|869|39034|354|4077.0|3633|1443258
202412|PRVNC|46|11200|46110000|경기|수원시|인계동|4311000000|인계동|2|35|0|8|304|23627|85|3897.0|3059|331245
202412|ADM|44|41110|27110000|대구|서초구|역삼동|4113000000|인계동|2|45|1|5|101|40340|271|3823.0|3520|1036033
202412|PRVNC|44|45110|41110000|인천|서초구|서초동|4511000000|역삼1가|2|55|2|9|225|7912|282|2498.0|2359|704436
202412|CNTY_GU|26|41110|28110000|대구|강남구|서초동|4611000000|역삼1가|2|20|3|1|626|46286|723|0.0|0|0
202412|ADM|11|11140|26140000|대구|강남구|서초동|4511000000|역삼1가|2|65|1|4|130|47181|48|4947.0|4910|237456
202412|ADM|47|26140|43110000|인천|수원시|인계동|4113000000|역삼1가|1|40|2|3|622|9676|474|6019.0|5430|2853006
202412|ADM|46|42110|11110000|경기|강남구|인계동|1117000000|인계동|1|35|1|5|42|34788|281|5564.0|4329|1563484
202412|CNTY_GU|26|11140|41110000|부산|서초구|서초동|4311000000|역삼1가|1|55|2|7|150|24835|514|2077.0|2075|1067578
202412|CNTY_GU|11|41150|26110000|인천|강남구|역삼동|4115000000|서초1동|2|45|2|1|98|9695|279|2433.0|2031|678807
202412|PRVNC|43|27110|45110000|경기|수원시|인계동|1114000000|역삼1가|2|30|0|1|492|12661|313|1769.0|1566|553697
202412|ADM|11|46110|11170000|인천|서초구|서초동|4611000000|서초1동|1|25|2|9|712|18995|586|3206.0|2996|1878716
202412|PRVNC|47|44130|11170000|경기|성남시|인계동|2711000000|역삼1가|2|40|0|6|374|20902|266|7585.0|6023|2017610
202412|ADM|41|26110|44130000|서울|성남시|서초동|1114000000|인계동|2|50|0|4|595|32961|70|1833.0|1472|128310
202412|CNTY_GU|47|11140|41110000|서울|서초구|서초동|1117000000|서초1동|2|35|3|6|86|8972|133|1083.0|875|144039
202412|CNTY_GU|27|41130|41110000|대구|성남시|서초동|4115000000|역삼1가|2|60|0|3|119|41058|557|6838.0|6021|3808766
202412|CNTY_GU|45|41150|47110000|부산|성남시|인계동|1114000000|서초1동|1|55|1|2|765|42465|305|4949.0|3523|1509445
202412|CNTY_GU|42|27110|41150000|부산|성남시|서초동|4413000000|서초1동|1|45|0|5|816|42173|435|3508.0|2791|1525980
202412|ADM|26|26110|27110000|인천|수원시|서초동|4711000000|역삼1가|1|50|0|4|63|7850|370|3438.0|2680|1272060
202412|CNTY_GU|26|27110|28110000|경기|수원시|역삼동|1114000000|서초1동|2|55|1|6|414|25682|384|7797.0|7616|2994048
202412|ADM|11|11110|43110000|대구|서초구|역삼동|2811000000|인계동|1|70|1|2|297|20914|795|5646.0|4842|4488570
202412|CNTY_GU|26|11200|47110000|인천|수원시|인계동|4511000000|서초1동|2|70|2|1|560|19679|373|3949.0|3937|1472977
202412|ADM|42|41110|27110000|인천|성남시|서초동|1117000000|서초1동|1|40|0|1|339|43718|249|5235.0|3992|1303515
202412|CNTY_GU|27|42110|28110000|대구|성남시|역삼동|4111000000|서초1동|1|40|0|9|108|45041|253|6504.0|4780|1645512
202412|CNTY_GU|42|27110|46110000|인천|강남구|인계동|2811000000|인계동|1|70|1|10|660|43685|787|6624.0|4851|5213088
202412|PRVNC|27|28110|47110000|대구|강남구|역삼동|4115000000|서초1동|1|45|3|6|572|28391|365|6148.0|5238|2244020
202412|ADM|44|28110|44130000|인천|강남구|서초동|1114000000|서초1동|2|20|0|4|856|48682|662|1877.0|1676|1242574
202412|CNTY_GU|44|44130|46110000|경기|서초구|서초동|2811000000|역삼1가|2|50|0|6|216|12884|430|4775.0|4329|2053250
202412|CNTY_GU|42|41110|41130000|서울|서초구|인계동|2614000000|역삼1가|1|35|2|6|627|11653|3|3177.0|2552|9531
202412|CNTY_GU|46|41130|47110000|대구|서초구|역삼동|4413000000|인계동|2|50|0|10|34|39755|196|4068.0|3242|797328
202412|ADM|27|42110|46110000|서울|강남구|인계동|2811000000|역삼1가|2|45|1|5|191|10180|172|4087.0|3942|702964
202412|ADM|45|47110|27110000|부산|성남시|인계동|1117000000|서초1동|1|55|0|1|505|29821|206|6325.0|5035|1302950
202412|PRVNC|47|11110|11200000|부산|수원시|역삼동|1111000000|서초1동|2|25|1|6|589|23276|75|6693.0|5971|501975
202412|ADM|43|11200|11140000|부산|서초구|역삼동|2711000000|서초1동|2|60|2|9|770|14350|713|3041.0|2251|2168233
202412|ADM|26|44130|27110000|서울|서초구|역삼동|4111000000|인계동|1|30|0|1|628|13735|711|4762.0|3767|3385782
202412|ADM|46|11170|41150000|부산|서초구|서초동|4413000000|역삼1가|1|50|0|2|430|37616|200|2714.0|1924|542800
202412|CNTY_GU|26|11170|41130000|경기|수원시|역삼동|4111000000|인계동|2|45|1|3|100|42267|278|2788.0|2422|775064
202412|ADM|45|41110|27110000|부산|서초구|역삼동|2614000000|서초1동|2|55|1|5|472|33125|14|1252.0|933|17528
202412|CNTY_GU|11|28110|47110000|서울|수원시|인계동|4111000000|역삼1가|2|45|3|3|970|34882|162|4498.0|3705|728676
202412|ADM|41|45110|27110000|부산|서초구|인계동|4511000000|서초1동|2|35|0|10|456|5013|12|6420.0|5978|77040
202412|CNTY_GU|45|44130|42110000|부산|강남구|역삼동|2611000000|역삼1가|2|60|2|9|639|23922|510|4315.0|4250|2200650
202412|ADM|46|41130|42110000|서울|강남구|인계동|2811000000|서초1동|2|45|3|8|639|43397|429|7629.0|7010|3272841
202412|ADM|47|11170|11200000|인천|강남구|역삼동|4115000000|역삼1가|2|45|2|2|570|16351|92|1528.0|1213|140576
202412|CNTY_GU|45|41130|26110000|경기|성남시|인계동|2811000000|서초1동|1|30|3|5|930|36244|51|5291.0|3885|269841
202412|CNTY_GU|43|46110|41150000|대구|강남구|역삼동|4413000000|역삼1가|1|65|1|5|72|39370|724|6469.0|6006|4683556
202412|CNTY_GU|26|41150|26110000|인천|강남구|인계동|4211000000|역삼1가|2|25|3|2|749|21520|242|3843.0|3339|930006
202412|ADM|26|27110|11110000|인천|수원시|역삼동|1111000000|역삼1가|1|20|1|2|462|16651|591|7542.0|6103|4457322
202412|ADM|45|26110|45110000|서울|서초구|인계동|1111000000|인계동|1|60|1|1|678|8793|362|6738.0|4767|2439156
202412|ADM|42|47110|11140000|서울|성남시|인계동|2711000000|역삼1가|1|65|1|4|43|46829|618|4737.0|4067|2927466
202412|ADM|46|45110|26110000|부산|강남구|역삼동|2711000000|인계동|2|65|2|8|93|20818|725|5795.0|4719|4201375
202412|PRVNC|11|26110|44130000|서울|강남구|서초동|2614000000|역삼1가|1|30|1|7|211|48565|780|4725.0|3550|3685500
202412|ADM|26|11200|11170000|인천|강남구|인계동|4311000000|인계동|1|30|0|9|984|40169|131|3383.0|2789|443173
202412|CNTY_GU|26|41150|27110000|대구|강남구|인계동|1120000000|서초1동|2|35|3|1|933|15935|530|6497.0|4648|3443410
202412|ADM|47|11140|26140000|인천|성남시|인계동|4115000000|인계동|2|55|2|2|920|20915|714|4352.0|3231|3107328
202412|PRVNC|42|42110|11110000|인천|수원시|인계동|4413000000|역삼1가|2|45|2|4|721|37442|516|1430.0|1102|737880
202412|CNTY_GU|26|41150|44130000|대구|서초구|인계동|1117000000|인계동|2|20|3|9|211|26030|128|7768.0|6032|994304
202412|CNTY_GU|47|42110|42110000|인천|성남시|역삼동|4113000000|역삼1가|2|50|0|5|464|31849|748|3068.0|2189|2294864
202412|ADM|42|26140|11170000|서울|강남구|인계동|4311000000|서초1동|2|70|3|10|418|16943|383|7097.0|5970|2718151
202412|PRVNC|44|11170|26110000|부산|강남구|서초동|1111000000|서초1동|1|70|0|8|870|14132|506|2665.0|2520|1348490
202412|ADM|47|47110|11200000|서울|수원시|인계동|1114000000|서초1동|2|55|0|7|300|9249|363|3273.0|2363|1188099
202412|CNTY_GU|43|11140|41130000|경기|서초구|인계동|4211000000|서초1동|2|50|0|10|125|24324|556|3120.0|2204|1734720
202412|CNTY_GU|45|44130|26110000|부산|성남시|역삼동|4113000000|인계동|2|60|0|3|577|9947|410|2073.0|1625|849930
202412|CNTY_GU|47|44130|27110000|대구|성남시|역삼동|2611000000|역삼1가|1|65|2|1|193|47598|51|3039.0|2848|154989
202412|ADM|41|41130|41150000|대구|서초구|서초동|4413000000|역삼1가|1|65|1|9|340|24282|252|2093.0|1636|527436
202412|CNTY_GU|42|41130|41150000|서울|서초구|역삼동|2611000000|인계동|1|35|2|8|64|20711|537|2820.0|2425|1514340
202412|ADM|46|26140|26140000|서울|성남시|인계동|1114000000|인계동|2|45|0|1|176|36586|276|3736.0|2674|1031136
202412|ADM|45|26140|11140000|인천|수원시|역삼동|1117000000|인계동|1|40|0|2|351|48159|396|4564.0|3499|1807344
202412|ADM|11|42110|27110000|인천|서초구|서초동|1117000000|서초1동|1|60|3|7|589|10435|124|7461.0|6202|925164
202412|CNTY_GU|42|11170|26110000|서울|강남구|역삼동|2614000000|서초1동|2|60|0|9|301|29185|168|2480.0|2126|416640
202412|ADM|43|28110|11170000|서울|수원시|서초동|1114000000|인계동|2|40|0|6|471|32292|536|1745.0|1516|935320
202412|ADM|42|11200|27110000|인천|강남구|인계동|2614000000|역삼1가|2|25|3|4|460|5824|666|4271.0|3726|2844486
202412|ADM|45|41130|27110000|서울|강남구|서초동|4111000000|인계동|1|40|1|7|143|16360|371|6079.0|5050|2255309
202412|CNTY_GU|26|47110|28110000|대구|성남시|역삼동|4611000000|인계동|1|40|2|4|151|37415|315|5263.0|5214|1657845
202412|CNTY_GU|42|44130|11170000|경기|서초구|서초동|1111000000|인계동|2|70|1|1|221|17119|477|4159.0|4076|1983843
202412|CNTY_GU|26|42110|41130000|부산|수원시|역삼동|1120000000|인계동|2|20|2|3|363|44794|353|2133.0|2097|752949
202412|PRVNC|47|11170|46110000|부산|수원시|서초동|4711000000|역삼1가|2|55|0|8|586|43946|746|3483.0|3007|2598318
202412|ADM|44|41130|11140000|서울|수원시|서초동|4511000000|역삼1가|2|40|3|4|793|22391|433|6036.0|4981|2613588
202412|ADM|47|42110|41110000|대구|성남시|역삼동|2811000000|역삼1가|2|40|0|2|682|21173|147|6219.0|6151|914193
202412|ADM|45|42110|41150000|서울|수원시|인계동|2614000000|서초1동|2|30|0|10|225|23428|681|5255.0|4856|3578655
202412|ADM|45|41150|41150000|부산|서초구|서초동|4111000000|인계동|1|30|2|1|202|13945|735|7554.0|6955|5552190
202412|CNTY_GU|43|11110|44130000|서울|성남시|역삼동|2614000000|인계동|2|20|2|10|456|16185|200|4638.0|4507|927600
202412|CNTY_GU|26|45110|47110000|경기|서초구|역삼동|4413000000|역삼1가|1|45|0|2|316|8084|573|3596.0|3474|2060508
202412|ADM|44|43110|41110000|인천|수원시|역삼동|4611000000|서초1동|2|40|1|3|355|34823|496|1397.0|988|692912
202412|ADM|44|47110|27110000|경기|서초구|역삼동|2614000000|역삼1가|1|40|0|9|109|7348|72|6159.0|5974|443448
202412|CNTY_GU|26|45110|26140000|부산|성남시|인계동|4413000000|인계동|2|40|0|2|951|35676|716|5349.0|4887|3829884
202412|ADM|41|11200|41130000|서울|서초구|역삼동|2614000000|인계동|2|70|0|2|549|16112|774|5427.0|4704|4200498
202412|CNTY_GU|46|41130|26110000|인천|서초구|인계동|4113000000|역삼1가|1|35|2|2|941|28075|451|4052.0|3451|1827452
202412|ADM|45|26110|11140000|경기|수원시|인계동|2711000000|서초1동|1|35|0|7|659|35037|484|3836.0|3186|1856624
202412|PRVNC|46|42110|11170000|경기|서초구|역삼동|2611000000|서초1동|1|40|0|6|187|21802|167|1031.0|770|172177
202412|ADM|45|26140|11110000|경기|성남시|인계동|4413000000|인계동|1|55|1|2|100|25015|492|5322.0|4525|2618424
202412|CNTY_GU|11|41110|41130000|부산|강남구|서초동|2614000000|서초1동|1|20|1|4|196|6679|460|1155.0|832|531300
202412|ADM|27|11200|41150000|부산|서초구|서초동|1117000000|인계동|1|50|0|7|853|9779|324|2199.0|1786|712476
202412|ADM|11|28110|11200000|대구|서초구|서초동|2614000000|역삼1가|1|70|3|8|789|17271|3|1769.0|1448|5307
202412|ADM|11|43110|45110000|인천|서초구|서초동|2811000000|역삼1가|2|70|0|2|853|13778|602|5423.0|5227|3264646
202412|CNTY_GU|27|43110|46110000|부산|성남시|역삼동|4113000000|역삼1가|2|70|0|3|67|17415|619|7758.0|6992|4802202
202412|ADM|46|42110|41150000|경기|서초구|역삼동|1111000000|인계동|1|25|0|1|359|45872|531|5906.0|5046|3136086
202412|ADM|45|11170|41150000|부산|수원시|서초동|4211000000|서초1동|1|45|3|10|763|36397|623|2427.0|1869|1512021
202412|ADM|47|11110|26110000|대구|강남구|서초동|4413000000|서초1동|2|60|2|7|865|36445|647|2483.0|1888|1606501
202412|ADM|45|42110|41110000|대구|성남시|서초동|4511000000|역삼1가|1|60|0|7|181|15243|522|3249.0|2455|1695978
202412|CNTY_GU|43|46110|42110000|경기|서초구|역삼동|2811000000|서초1동|2|30|2|1|786|20099|55|1835.0|1341|100925
202412|ADM|41|45110|43110000|서울|수원시|역삼동|2711000000|인계동|1|20|0|3|493|8545|304|6205.0|5745|1886320
202412|ADM|42|11200|44130000|인천|서초구|역삼동|2614000000|역삼1가|1|65|0|1|217|8994|293|7102.0|5943|2080886
202412|CNTY_GU|46|41150|11140000|경기|서초구|역삼동|2611000000|서초1동|1|70|0|3|668|41413|596|1711.0|1371|1019756
202412|ADM|47|26140|26140000|부산|수원시|서초동|1114000000|서초1동|2|45|0|4|685|9158|586|7380.0|6600|4324680
202412|CNTY_GU|45|44130|46110000|대구|강남구|인계동|4113000000|서초1동|1|35|2|10|647|9006|161|2193.0|2112|353073
202412|ADM|45|41110|42110000|대구|서초구|역삼동|4711000000|인계동|1|30|0|3|129|18883|3|7848.0|6537|23544
202412|ADM|45|11170|41130000|부산|성남시|서초동|1117000000|서초1동|1|55|1|6|684|9613|76|1200.0|1055|91200
202412|CNTY_GU|43|41150|43110000|대구|수원시|서초동|4111000000|역삼1가|2|30|3|3|905|40565|236|6532.0|4936|1541552
202412|CNTY_GU|47|28110|41110000|인천|성남시|역삼동|2811000000|서초1동|1|40|3|10|622|34685|70|5373.0|4077|376110
202412|PRVNC|46|11110|28110000|경기|강남구|역삼동|4511000000|인계동|2|45|2|4|99|31765|406|1174.0|925|476644
202412|ADM|47|42110|41130000|대구|성남시|역삼동|4413000000|역삼1가|1|35|2|10|681|24512|611|2850.0|2114|1741350
202412|ADM|27|41130|41110000|대구|성남시|인계동|1114000000|역삼1가|2|30|3|9|525|34017|535|3547.0|3386|1897645
202412|ADM|42|27110|11140000|인천|강남구|인계동|2811000000|역삼1가|1|55|3|8|285|44822|186|3262.0|2959|606732
202412|PRVNC|27|44130|26110000|대구|성남시|서초동|4511000000|역삼1가|2|55|3|1|799|28018|632|6483.0|5038|4097256
202412|ADM|42|43110|44130000|대구|성남시|역삼동|2611000000|역삼1가|2|30|0|4|182|44763|134|3087.0|3008|413658
202412|ADM|26|41110|46110000|부산|수원시|서초동|4311000000|서초1동|2|25|1|4|836|29390|621|4820.0|3423|2993220
202412|ADM|26|11170|45110000|부산|수원시|인계동|1117000000|역삼1가|1|25|1|7|881|5187|1|6618.0|5710|6618
202412|CNTY_GU|26|41110|42110000|대구|강남구|역삼동|4115000000|역삼1가|2|45|0|1|972|46794|711|2167.0|2162|1540737
202412|ADM|42|11200|11200000|대구|서초구|인계동|2611000000|인계동|1|70|0|8|354|43930|633|2690.0|2006|1702770
202412|CNTY_GU|42|11140|41150000|경기|성남시|인계동|4211000000|역삼1가|1|70|3|4|755|34160|785|3735.0|3026|2931975
202412|CNTY_GU|46|42110|11140000|부산|성남시|인계동|1111000000|인계동|1|50|3|10|24|12634|742|6406.0|4496|4753252
202412|ADM|46|11110|41110000|인천|서초구|역삼동|4111000000|서초1동|2|55|0|1|169|15993|99|5562.0|5206|550638
202412|CNTY_GU|27|42110|11110000|부산|서초구|서초동|4111000000|역삼1가|1|50|1|3|723|37807|466|2013.0|1596|938058
202412|CNTY_GU|47|42110|41130000|서울|서초구|서초동|1120000000|인계동|1|65|0|4|893|29720|243|6292.0|5195|1528956
202412|CNTY_GU|46|27110|43110000|대구|강남구|역삼동|4311000000|역삼1가|2|20|0|6|572|34007|775|3109.0|2294|2409475
202412|ADM|47|47110|11110000|서울|서초구|서초동|4511000000|인계동|1|50|0|4|383|29252|49|6714.0|5312|328986
202412|ADM|27|43110|11170000|인천|수원시|서초동|1114000000|서초1동|2|20|0|6|759|5685|187|4632.0|3406|866184
202412|CNTY_GU|43|11200|11110000|서울|강남구|인계동|4113000000|인계동|2|45|0|7|165|32112|4|5824.0|4661|23296
202412|ADM|43|26110|41150000|경기|서초구|역삼동|2611000000|인계동|1|40|1|8|208|13367|64|2016.0|1940|129024
202412|CNTY_GU|45|11200|41110000|대구|강남구|인계동|1111000000|서초1동|2|25|0|7|20|28555|798|2768.0|2558|2208864
202412|ADM|45|41130|45110000|대구|강남구|역삼동|4711000000|역삼1가|1|30|0|5|955|14805|432|2599.0|2233|1122768
202412|CNTY_GU|11|27110|11140000|인천|강남구|역삼동|4711000000|인계동|1|40|2|9|539|16187|761|2038.0|1631|1550918
202412|ADM|27|41130|11170000|인천|서초구|인계동|2811000000|인계동|2|40|3|2|63|12141|69|2653.0|2303|183057
202412|ADM|45|11200|26110000|인천|강남구|인계동|1117000000|인계동|1|65|2|1|547|42296|376|3419.0|2994|1285544
202412|CNTY_GU|27|27110|41130000|부산|수원시|역삼동|2611000000|역삼1가|2|50|0|1|315|12636|328|6057.0|6044|1986696
202412|ADM|45|42110|44130000|부산|서초구|역삼동|2711000000|인계동|2|20|3|8|491|19320|786|6846.0|4793|5380956
202412|ADM|11|43110|11110000|부산|성남시|역삼동|1117000000|인계동|1|40|0|10|970|33138|283|3104.0|2602|878432
202412|ADM|43|26140|41130000|대구|강남구|인계동|4511000000|서초1동|1|55|2|9|40|41859|753|7767.0|7647|5848551
202412|ADM|46|11110|44130000|대구|강남구|서초동|4711000000|인계동|1|35|1|2|8|26803|380|1885.0|1737|716300
202412|ADM|26|47110|42110000|인천|강남구|인계동|4511000000|인계동|1|30|0|2|702|28775|150|7703.0|6134|1155450
202412|PRVNC|41|41150|11140000|경기|서초구|인계동|2611000000|서초1동|1|45|0|2|655|20087|52|2518.0|2089|130936
202412|CNTY_GU|41|45110|42110000|서울|강남구|역삼동|4511000000|서초1동|2|30|3|3|13|27577|375|3709.0|3015|1390875
202412|ADM|42|43110|41110000|서울|성남시|서초동|4115000000|역삼1가|2|60|2|3|17|24580|679|7867.0|7148|5341693
202412|PRVNC|45|45110|47110000|대구|성남시|역삼동|4111000000|서초1동|1|20|1|4|968|30552|388|7730.0|6844|2999240
202412|ADM|47|28110|44130000|경기|수원시|서초동|4211000000|서초1동|1|70|0|4|101|16317|186|1314.0|945|244404
202412|ADM|46|46110|26110000|인천|서초구|인계동|4311000000|역삼1가|2|60|1|7|10|12425|334|1729.0|1301|577486
202412|ADM|46|11140|46110000|경기|수원시|서초동|4711000000|역삼1가|2|40|0|4|915|41611|314|3608.0|3107|1132912
202412|ADM|44|28110|42110000|대구|수원시|인계동|2611000000|서초1동|2|60|0|1|782|14602|128|5513.0|5102|705664
202412|ADM|47|41150|11170000|경기|강남구|서초동|4111000000|역삼1가|1|60|0|1|189|20882|134|1749.0|1474|234366
202412|CNTY_GU|27|11170|11170000|대구|수원시|역삼동|2611000000|인계동|1|65|0|5|722|46341|372|5870.0|4740|2183640
202412|ADM|44|41110|41110000|인천|강남구|역삼동|4111000000|역삼1가|2|20|2|5|66|11049|175|0.0|0|0
202412|ADM|26|44130|47110000|경기|서초구|서초동|2711000000|역삼1가|1|30|1|8|287|31312|19|3429.0|3019|65151
202412|CNTY_GU|26|11200|28110000|인천|성남시|서초동|1114000000|서초1동|2|35|0|9|773|15761|361|4810.0|4265|1736410
202412|CNTY_GU|46|44130|46110000|부산|수원시|서초동|4711000000|서초1동|2|30|0|8|960|14809|269|3489.0|3207|938541
202412|ADM|26|11140|26140000|대구|서초구|역삼동|4413000000|서초1동|2|70|0|10|5|15278|3|7938.0|6688|23814
202412|ADM|11|43110|11170000|경기|강남구|인계동|4211000000|인계동|2|40|2|3|759|23092|44|3111.0|2576|136884
202412|ADM|41|41150|11170000|부산|강남구|인계동|1111000000|서초1동|2|55|3|8|378|21543|763|4431.0|3890|3380853
202412|ADM|41|43110|27110000|서울|수원시|서초동|4115000000|인계동|1|55|2|1|973|40972|527|1421.0|1169|748867
202412|ADM|27|28110|28110000|대구|성남시|인계동|4311000000|서초1동|2|30|3|6|751|9221|424|2998.0|2703|1271152
202412|CNTY_GU|11|41150|42110000|부산|수원시|역삼동|1120000000|서초1동|1|65|3|5|220|29307|405|7840.0|7000|3175200
202412|ADM|27|47110|45110000|인천|강남구|서초동|1120000000|서초1동|2|40|2|2|243|49431|565|4219.0|3926|2383735
202412|CNTY_GU|44|41150|26140000|부산|성남시|인계동|2611000000|서초1동|2|25|0|1|126|9407|308|4494.0|3305|1384152
202412|ADM|27|26140|26110000|인천|성남시|인계동|2711000000|역삼1가|1|45|2|2|11|29882|502|1203.0|1051|603906
202412|CNTY_GU|26|41130|42110000|인천|수원시|역삼동|4113000000|역삼1가|1|40|0|4|343|24761|496|2412.0|1966|1196352
202412|ADM|42|41130|11110000|대구|서초구|인계동|4211000000|인계동|1|50|1|9|13|11392|125|5883.0|5700|735375
202412|ADM|11|47110|11140000|대구|강남구|서초동|4113000000|서초1동|1|25|2|3|818|33647|561|7383.0|6846|4141863
202412|CNTY_GU|41|45110|11140000|부산|성남시|서초동|4211000000|인계동|2|70|0|6|158|15245|410|2790.0|2666|1143900
202412|CNTY_GU|27|26110|45110000|부산|수원시|인계동|4211000000|인계동|1|30|3|7|856|33139|477|4692.0|4648|2238084
202412|ADM|47|41130|43110000|부산|성남시|인계동|4111000000|인계동|1|65|0|9|981|33316|240|5165.0|4290|1239600
202412|ADM|11|26140|11200000|부산|성남시|서초동|1114000000|서초1동|1|25|1|5|749|15518|793|6807.0|5227|5397951
202412|ADM|44|11140|44130000|인천|수원시|인계동|2614000000|역삼1가|1|50|3|1|648|33983|136|1660.0|1566|225760
202412|ADM|41|46110|11200000|대구|수원시|역삼동|4413000000|서초1동|2|40|1|3|549|14092|660|4847.0|3929|3199020
202412|ADM|42|44130|28110000|대구|강남구|인계동|4211000000|서초1동|2|30|1|9|581|29048|574|3061.0|2941|1757014
202412|ADM|42|45110|27110000|인천|수원시|서초동|1111000000|역삼1가|1|30|0|1|432|34700|166|1440.0|1171|239040
202412|PRVNC|44|11170|28110000|경기|서초구|서초동|4311000000|역삼1가|2|45|3|7|52|41771|728|6978.0|6486|5079984
202412|CNTY_GU|46|41150|41130000|서울|강남구|인계동|4611000000|역삼1가|1|65|0|1|887|31226|33|6568.0|5304|216744
202412|ADM|43|41130|11140000|인천|성남시|인계동|4611000000|서초1동|2|55|0|3|957|30309|606|1399.0|1236|847794
202412|ADM|41|11140|26140000|대구|서초구|인계동|1117000000|역삼1가|1|40|0|3|295|26331|724|2783.0|2072|2014892
202412|ADM|47|44130|42110000|인천|서초구|서초동|2711000000|인계동|1|45|0|9|554|27484|497|5590.0|4226|2778230
202412|ADM|43|41130|46110000|경기|성남시|역삼동|1114000000|서초1동|2|55|3|1|537|41326|783|5135.0|4255|4020705
202412|PRVNC|42|47110|41130000|대구|서초구|인계동|2611000000|서초1동|2|40|1|2|225|18630|648|1468.0|1123|951264
202412|CNTY_GU|44|41130|11200000|대구|성남시|역삼동|4115000000|인계동|1|70|3|6|340|48944|184|6155.0|5062|1132520
202412|ADM|11|43110|26110000|경기|강남구|서초동|4311000000|역삼1가|2|70|2|8|35|48938|336|1248.0|1009|419328
202412|CNTY_GU|27|41130|26140000|서울|강남구|인계동|1117000000|서초1동|1|70|3|10|690|32224|3|2372.0|2296|7116
202412|ADM|47|27110|47110000|대구|수원시|인계동|4311000000|인계동|2|55|2|2|623|27784|673|6445.0|5047|4337485
202412|ADM|46|11200|11140000|경기|성남시|서초동|1111000000|서초1동|1|70|2|7|487|18161|591|6690.0|6436|3953790
202412|ADM|42|26110|41110000|대구|서초구|역삼동|1114000000|역삼1가|2|70|3|1|808|26725|522|5942.0|5593|3101724
202412|ADM|45|41150|42110000|경기|서초구|역삼동|1114000000|서초1동|2|20|0|7|378|36364|517|3437.0|3287|1776929
202412|PRVNC|46|42110|28110000|인천|수원시|서초동|4611000000|서초1동|2|65|1|1|355|48725|131|2973.0|2312|389463
202412|CNTY_GU|42|46110|28110000|경기|서초구|역삼동|4115000000|서초1동|2|60|3|9|687|32263|275|2967.0|2836|815925
202412|CNTY_GU|42|11200|45110000|대구|강남구|서초동|4115000000|서초1동|1|30|0|2|216|40990|587|1084.0|1017|636308
202412|ADM|27|46110|41130000|경기|강남구|역삼동|1114000000|인계동|2|60|1|8|935|31487|475|0.0|0|0
202412|CNTY_GU|47|28110|28110000|부산|서초구|서초동|4211000000|인계동|1|65|0|1|206|5818|734|6050.0|4339|4440700
202412|ADM|43|11200|41130000|인천|수원시|인계동|4311000000|서초1동|1|20|0|10|591|38294|401|7178.0|6848|2878378
202412|ADM|45|47110|27110000|경기|수원시|역삼동|1111000000|인계동|1|50|0|2|924|37296|581|6997.0|6634|4065257
202412|CNTY_GU|46|41110|27110000|대구|수원시|인계동|4511000000|서초1동|2|40|2|2|416|34997|494|5884.0|5724|2906696
202412|CNTY_GU|43|27110|11110000|경기|서초구|인계동|1114000000|역삼1가|2|50|1|1|550|16622|440|6754.0|5770|2971760
202412|ADM|44|47110|42110000|대구|서초구|서초동|4113000000|역삼1가|1|50|3|8|744|6708|485|6741.0|5051|3269385
202412|CNTY_GU|44|41150|27110000|부산|수원시|서초동|2611000000|역삼1가|2|50|2|4|421|33294|215|7230.0|6367|1554450
202412|ADM|41|11170|11140000|부산|성남시|인계동|1120000000|인계동|1|35|2|10|339|11562|3|1541.0|1533|4623
202412|ADM|11|42110|47110000|대구|강남구|인계동|4115000000|역삼1가|2|30|0|6|551|5035|416|1993.0|1739|829088
202412|PRVNC|46|45110|41110000|부산|수원시|서초동|4111000000|역삼1가|2|35|2|1|49|30351|492|4990.0|4575|2455080
202412|ADM|46|26140|41110000|서울|수원시|서초동|2811000000|역삼1가|1|45|0|6|388|47567|31|1958.0|1621|60698
202412|ADM|45|27110|11140000|대구|강남구|인계동|4711000000|서초1동|2|35|2|1|535|48191|649|7563.0|6802|4908387
202412|ADM|43|42110|42110000|서울|성남시|역삼동|2611000000|인계동|2|50|2|5|279|11863|322|1543.0|1187|496846
202412|ADM|26|11140|28110000|경기|강남구|인계동|2614000000|서초1동|2|40|0|3|35|49177|734|3397.0|2669|2493398
202412|CNTY_GU|41|11200|41150000|대구|수원시|역삼동|4211000000|인계동|1|50|1|5|22|10427|521|5171.0|4943|2694091
202412|ADM|45|11200|41150000|인천|서초구|역삼동|2711000000|인계동|1|30|2|10|986|39839|263|5947.0|4426|1564061
202412|CNTY_GU|41|41130|45110000|서울|강남구|서초동|1117000000|서초1동|2|40|1|8|984|8269|109|1587.0|1516|172983
202412|ADM|47|11110|44130000|부산|서초구|역삼동|4611000000|역삼1가|1|55|0|8|115|23647|244|7283.0|5567|1777052
202412|CNTY_GU|27|45110|46110000|대구|서초구|서초동|1111000000|역삼1가|2|45|1|7|677|15547|86|5034.0|3737|432924
202412|CNTY_GU|47|45110|42110000|인천|강남구|서초동|4511000000|역삼1가|1|40|1|3|449|22741|8|4321.0|3989|34568
202412|CNTY_GU|46|26140|42110000|경기|서초구|서초동|1120000000|역삼1가|2|45|0|9|226|34415|284|7100.0|5224|2016400
202412|ADM|43|43110|41130000|대구|성남시|역삼동|4711000000|인계동|1|20|2|10|576|24406|567|6761.0|5575|3833487
202412|ADM|41|11200|11110000|인천|강남구|인계동|4111000000|역삼1가|2|25|2|10|62|29974|101|2153.0|1854|217453
202412|CNTY_GU|44|11200|11170000|인천|수원시|서초동|2711000000|인계동|2|55|1|2|702|20056|162|4137.0|3843|670194
202412|CNTY_GU|44|26110|45110000|대구|강남구|서초동|4611000000|인계동|1|35|0|4|369|44584|760|2923.0|2644|2221480
202412|ADM|27|11200|11140000|대구|강남구|역삼동|4111000000|인계동|2|40|0|1|471|34851|569|2718.0|2594|1546542
202412|CNTY_GU|27|11140|47110000|대구|서초구|인계동|4413000000|인계동|1|40|1|1|693|44255|70|3658.0|2707|256060
202412|ADM|47|42110|47110000|경기|수원시|인계동|4413000000|인계동|1|65|2|5|170|27469|114|3650.0|2593|416100
202412|CNTY_GU|27|27110|28110000|부산|강남구|역삼동|4111000000|역삼1가|2|25|1|1|413|13684|2|1505.0|1343|3010
202412|CNTY_GU|45|26110|43110000|인천|수원시|역삼동|2614000000|역삼1가|1|40|1|2|5|31310|247|1071.0|838|264537
202412|ADM|27|11140|11170000|부산|성남시|서초동|4413000000|인계동|1|30|0|5|478|34349|364|2498.0|1907|909272
202412|ADM|11|28110|11170000|대구|서초구|서초동|1111000000|역삼1가|2|65|1|4|58|8682|15|4146.0|3838|62190
202412|CNTY_GU|45|26140|28110000|인천|수원시|역삼동|2811000000|서초1동|1|70|0|1|137|11078|712|5297.0|3986|3771464
202412|ADM|44|27110|47110000|경기|수원시|역삼동|1117000000|서초1동|1|55|3|9|886|32615|389|5404.0|4035|2102156
202412|ADM|41|27110|41150000|경기|강남구|인계동|4711000000|인계동|1|55|0|3|886|28530|93|5888.0|5664|547584
202412|ADM|27|11140|45110000|경기|강남구|서초동|2614000000|인계동|1|60|1|3|301|27842|297|7425.0|6794|2205225
202412|ADM|11|41110|26110000|인천|수원시|역삼동|4611000000|서초1동|1|40|2|2|772|30323|259|4118.0|2999|1066562
202412|CNTY_GU|45|11110|41110000|대구|강남구|서초동|2614000000|역삼1가|2|60|1|3|215|37228|270|6293.0|6240|1699110
202412|CNTY_GU|43|11200|44130000|경기|서초구|인계동|4711000000|인계동|2|55|3|2|734|40481|229|7776.0|6661|1780704
202412|CNTY_GU|27|43110|26140000|경기|성남시|인계동|2614000000|역삼1가|1|70|3|1|19|23878|508|7290.0|5476|3703320
202412|ADM|11|44130|11170000|인천|강남구|역삼동|4311000000|역삼1가|2|30|2|3|666|32798|143|6624.0|5238|947232
202412|ADM|26|42110|11140000|서울|수원시|역삼동|1117000000|서초1동|1|30|2|7|984|13065|740|7274.0|5931|5382760
202412|ADM|47|44130|46110000|인천|강남구|역삼동|4115000000|서초1동|1|35|0|4|811|10865|666|5845.0|5187|3892770
202412|PRVNC|45|42110|41110000|서울|성남시|서초동|1117000000|역삼1가|2|65|3|5|307|12577|84|1178.0|1050|98952
202412|CNTY_GU|42|43110|41150000|부산|서초구|서초동|2711000000|역삼1가|2|40|0|1|941|27604|1|3005.0|2495|3005
202412|ADM|46|11140|44130000|경기|성남시|서초동|4511000000|서초1동|1|25|0|10|509|31249|598|3939.0|2760|2355522
202412|ADM|42|28110|28110000|서울|수원시|서초동|1120000000|인계동|1|50|2|5|292|16740|92|3563.0|3167|327796
202412|ADM|47|44130|46110000|대구|서초구|서초동|4413000000|인계동|1|50|0|9|155|22461|584|3214.0|2472|1876976
202412|ADM|45|45110|11110000|부산|수원시|역삼동|4711000000|서초1동|2|50|1|4|133|36252|273|3244.0|2955|885612
202412|ADM|42|11200|41110000|대구|강남구|서초동|4111000000|인계동|2|25|2|6|373|5321|477|4311.0|4093|2056347
202412|ADM|46|47110|45110000|서울|서초구|서초동|1117000000|인계동|1|40|0|7|475|47613|120|1317.0|1165|158040
202412|PRVNC|45|41130|11200000|대구|서초구|역삼동|2711000000|인계동|2|25|1|6|181|40193|326|2751.0|1974|896826
202412|ADM|45|43110|41150000|대구|수원시|서초동|1117000000|역삼1가|1|60|1|5|189|30931|492|4641.0|3551|2283372
202412|ADM|44|11140|41150000|대구|성남시|역삼동|4113000000|역삼1가|2|30|1|10|53|11851|333|7523.0|6947|2505159
202412|CNTY_GU|27|46110|26140000|인천|강남구|역삼동|4611000000|역삼1가|2|50|2|3|181|39436|699|2232.0|2091|1560168
202412|CNTY_GU|47|44130|43110000|대구|강남구|인계동|2614000000|인계동|2|35|0|1|548|39489|584|7742.0|6436|4521328
202412|ADM|46|41130|41130000|부산|성남시|서초동|1117000000|서초1동|2|25|2|10|562|38798|328|7797.0|7545|2557416
202412|CNTY_GU|45|28110|27110000|인천|수원시|서초동|4413000000|역삼1가|2|35|3|5|224|26524|677|1282.0|959|867914
202412|CNTY_GU|41|11110|43110000|인천|성남시|역삼동|1114000000|역삼1가|1|20|0|3|419|6841|745|6158.0|4718|4587710
202412|CNTY_GU|47|41150|26140000|경기|수원시|역삼동|4113000000|서초1동|1|50|1|9|908|8611|369|5874.0|5481|2167506
202412|PRVNC|46|44130|27110000|대구|강남구|서초동|4113000000|인계동|1|70|3|5|508|21409|667|4931.0|4336|3288977
202412|CNTY_GU|42|41150|41150000|인천|강남구|역삼동|4111000000|역삼1가|1|40|2|7|926|5040|647|3827.0|3529|2476069
202412|ADM|46|11110|41110000|부산|서초구|역삼동|4211000000|서초1동|2|50|0|7|774|11670|653|6339.0|6326|4139367
202412|CNTY_GU|43|28110|43110000|부산|성남시|인계동|4311000000|인계동|2|25|2|10|514|48275|579|6826.0|6592|3952254
202412|PRVNC|43|43110|43110000|경기|서초구|인계동|4211000000|인계동|1|40|0|10|710|41432|158|5516.0|4298|871528
202412|CNTY_GU|41|11200|11200000|인천|서초구|서초동|4311000000|인계동|2|45|1|1|962|29596|349|5705.0|5082|1991045
202412|PRVNC|47|26110|11170000|대구|수원시|인계동|4111000000|역삼1가|1|55|0|7|522|19309|322|6493.0|4826|2090746
202412|CNTY_GU|41|28110|11110000|인천|서초구|역삼동|4611000000|서초1동|1|60|3|2|76|40638|47|1359.0|951|63873
202412|CNTY_GU|41|28110|45110000|경기|성남시|인계동|1117000000|인계동|2|35|3|5|667|26222|570|7293.0|5877|4157010
202412|ADM|47|11110|41150000|인천|강남구|인계동|4113000000|인계동|2|25|0|4|549|37326|169|5828.0|5341|984932
202412|CNTY_GU|44|44130|26110000|대구|서초구|서초동|2711000000|인계동|2|70|3|7|160|38327|510|6924.0|5784|3531240
202412|CNTY_GU|42|28110|11140000|인천|강남구|서초동|1120000000|서초1동|1|35|3|5|593|45462|737|3085.0|2847|2273645
202412|ADM|41|28110|27110000|경기|성남시|역삼동|4311000000|인계동|1|70|2|3|679|8436|703|1627.0|1473|1143781
202412|ADM|47|42110|11140000|대구|성남시|역삼동|4711000000|인계동|1|50|2|8|146|46914|573|4588.0|4446|2628924
202412|CNTY_GU|27|41130|43110000|경기|수원시|역삼동|2614000000|역삼1가|1|70|2|6|93|36024|590|5930.0|5126|3498700
202412|CNTY_GU|44|28110|11140000|인천|서초구|서초동|4311000000|역삼1가|2|55|0|3|22|37509|490|2922.0|2392|1431780
202412|CNTY_GU|27|11170|11200000|서울|성남시|서초동|1117000000|인계동|2|55|3|5|6|24463|623|2773.0|2189|1727579
202412|ADM|45|46110|11170000|부산|서초구|서초동|1111000000|서초1동|2|45|1|10|856|6683|499|3079.0|2651|1536421
202412|CNTY_GU|27|41130|26140000|인천|성남시|인계동|2614000000|역삼1가|1|40|2|6|446|39731|675|1384.0|1343|934200
202412|ADM|47|27110|47110000|경기|강남구|인계동|4115000000|서초1동|2|30|3|8|270|14475|569|2164.0|1848|1231316
202412|ADM|44|43110|41130000|경기|서초구|역삼동|1114000000|역삼1가|1|30|3|1|879|10218|606|6289.0|5326|3811134
202412|CNTY_GU|11|41130|46110000|경기|수원시|서초동|2614000000|역삼1가|2|70|1|4|771|13826|90|4447.0|4414|400230
202412|ADM|27|41130|44130000|대구|수원시|인계동|2611000000|인계동|2|35|0|4|657|20022|389|1086.0|861|422454
202412|ADM|43|11170|28110000|대구|서초구|인계동|4211000000|인계동|2|40|1|5|604|17968|172|1573.0|1232|270556
202412|CNTY_GU|45|41110|28110000|경기|서초구|역삼동|2811000000|인계동|2|50|0|6|988|49037|736|1622.0|1524|1193792
202412|CNTY_GU|26|45110|45110000|부산|강남구|역삼동|4413000000|서초1동|1|30|0|10|998|46396|458|2033.0|1921|931114
202412|ADM|45|41150|45110000|부산|강남구|역삼동|4113000000|인계동|1|50|1|6|17|43674|612|1938.0|1677|1186056
202412|PRVNC|41|41130|46110000|경기|강남구|역삼동|2811000000|인계동|1|40|0|2|290|24664|167|3144.0|2226|525048
202412|ADM|27|28110|26110000|부산|강남구|인계동|4311000000|역삼1가|2|50|2|7|533|25884|441|7401.0|5318|3263841
202412|ADM|44|46110|43110000|서울|서초구|서초동|4711000000|인계동|1|30|1|9|112|25192|201|2832.0|2504|569232
202412|ADM|44|47110|45110000|경기|성남시|역삼동|4211000000|역삼1가|1|60|1|4|221|7719|760|0.0|0|0
202412|ADM|27|27110|43110000|대구|강남구|서초동|1114000000|서초1동|1|55|2|10|717|28153|199|0.0|0|0
202412|ADM|41|28110|44130000|대구|서초구|서초동|1117000000|서초1동|1|40|3|6|649|39195|182|6966.0|5659|1267812
202412|CNTY_GU|27|26140|11140000|인천|수원시|서초동|4511000000|역삼1가|2|30|0|6|6|43301|304|3448.0|3000|1048192
202412|ADM|11|42110|11200000|경기|강남구|서초동|4111000000|인계동|1|65|0|4|363|48593|409|1060.0|953|433540
202412|ADM|27|45110|46110000|서울|강남구|인계동|4115000000|역삼1가|1|60|2|4|755|14760|443|5175.0|3882|2292525
202412|ADM|43|45110|45110000|대구|서초구|역삼동|1117000000|서초1동|1|70|3|9|853|34808|220|4648.0|4291|1022560
202412|PRVNC|42|27110|11200000|경기|서초구|역삼동|1120000000|인계동|1|40|2|3|803|25192|164|3551.0|3030|582364
202412|CNTY_GU|44|11170|11110000|인천|서초구|서초동|2614000000|서초1동|1|65|1|2|993|37063|350|3122.0|2298|1092700
202412|CNTY_GU|27|27110|28110000|경기|강남구|역삼동|4115000000|서초1동|1|40|1|6|595|31770|53|7235.0|5684|383455
202412|ADM|27|41150|28110000|인천|강남구|서초동|4311000000|서초1동|2|60|1|10|229|38452|5|6200.0|5372|31000
202412|ADM|43|42110|41150000|인천|서초구|역삼동|4111000000|서초1동|1|40|0|4|778|31283|483|5774.0|4677|2788842
202412|CNTY_GU|47|44130|41130000|대구|수원시|인계동|2711000000|역삼1가|1|40|2|4|487|38190|430|5578.0|4056|2398540
202412|CNTY_GU|42|41110|41130000|경기|서초구|인계동|2614000000|서초1동|2|20|1|7|840|6640|698|6400.0|4742|4467200
202412|CNTY_GU|27|27110|43110000|인천|서초구|서초동|4711000000|인계동|1|40|2|8|524|45011|739|4850.0|4827|3584150
202412|PRVNC|44|27110|27110000|대구|서초구|역삼동|2611000000|서초1동|1|20|0|7|985|20362|610|7671.0|5752|4679310
202412|CNTY_GU|44|41150|41150000|부산|성남시|역삼동|4611000000|인계동|2|45|2|7|585|22518|44|5790.0|4285|254760
202412|CNTY_GU|26|42110|45110000|부산|수원시|인계동|1111000000|서초1동|2|40|0|7|559|12539|175|7558.0|7259|1322650
202412|PRVNC|45|45110|44130000|대구|강남구|인계동|2614000000|인계동|1|65|0|5|23|41118|264|7920.0|7088|2090880
202412|CNTY_GU|26|41130|42110000|인천|수원시|서초동|2614000000|인계동|2|45|1|4|546|26586|406|5923.0|4376|2404738
202412|ADM|47|41150|11200000|서울|성남시|인계동|4211000000|서초1동|2|50|1|5|997|13299|125|2049.0|2023|256125
202412|CNTY_GU|44|27110|41130000|서울|성남시|역삼동|4311000000|역삼1가|1|55|0|6|310|13892|324|3588.0|3010|1162512
202412|CNTY_GU|47|43110|27110000|대구|강남구|인계동|2711000000|역삼1가|2|25|0|2|304|45516|463|5831.0|5353|2699753
202412|PRVNC|42|11110|46110000|대구|성남시|역삼동|1111000000|역삼1가|1|30|1|8|288|36877|68|5341.0|4267|363188
202412|ADM|27|41110|27110000|경기|성남시|역삼동|4211000000|인계동|1|70|1|4|404|36878|422|3312.0|3131|1397664
202412|CNTY_GU|46|11140|28110000|서울|서초구|서초동|2611000000|서초1동|1|20|0|5|107|19646|4|3627.0|2592|14508
202412|ADM|43|11170|45110000|인천|수원시|역삼동|1117000000|서초1동|2|45|1|1|878|18308|425|7822.0|7203|3324350
202412|CNTY_GU|11|41150|26140000|서울|서초구|역삼동|4115000000|역삼1가|1|70|2|1|181|32729|584|4560.0|3422|2663040
202412|CNTY_GU|41|26110|26110000|부산|서초구|역삼동|1111000000|서초1동|1|60|0|9|437|43753|701|3185.0|2355|2232685
202412|PRVNC|26|41110|45110000|대구|강남구|서초동|4611000000|인계동|1|30|3|1|606|29361|125|5797.0|5550|724625
202412|CNTY_GU|46|11170|11200000|인천|서초구|서초동|4211000000|인계동|2|55|2|5|535|11724|208|1849.0|1635|384592
202412|ADM|41|11200|44130000|경기|성남시|역삼동|1117000000|서초1동|2|50|0|6|824|44122|531|2452.0|1972|1302012
202412|CNTY_GU|46|26110|28110000|대구|서초구|서초동|2611000000|서초1동|1|35|1|3|544|29645|259|6439.0|6393|1667701
202412|ADM|43|41110|28110000|대구|성남시|서초동|2711000000|인계동|2|30|0|2|549|49092|677|7941.0|7655|5376057
202412|CNTY_GU|43|41150|11110000|대구|수원시|인계동|1120000000|인계동|1|40|3|9|618|15701|108|1857.0|1727|200556
202412|CNTY_GU|46|26140|45110000|서울|서초구|서초동|4413000000|서초1동|2|65|0|10|732|14751|13|7039.0|6135|91507
202412|ADM|26|11200|11200000|경기|서초구|서초동|4111000000|인계동|2|70|0|6|617|47227|373|6089.0|4676|2271197
202412|ADM|27|45110|44130000|부산|성남시|인계동|1114000000|역삼1가|1|55|0|4|585|28059|746|2146.0|1939|1600916
202412|ADM|47|11140|26110000|경기|강남구|역삼동|4311000000|인계동|2|25|3|8|339|39290|44|7159.0|5158|314996
202412|CNTY_GU|47|26110|45110000|경기|서초구|인계동|2614000000|서초1동|2|45|3|6|898|41700|294|7581.0|5844|2228814
202412|ADM|26|47110|28110000|경기|수원시|인계동|1117000000|서초1동|1|20|3|9|44|30948|537|6200.0|4573|3329400
202412|ADM|42|45110|41110000|경기|서초구|인계동|2811000000|서초1동|1|35|3|5|144|39365|441|6176.0|5135|2723616
202412|CNTY_GU|45|47110|41150000|대구|성남시|역삼동|2611000000|인계동|2|50|0|1|279|48012|141|1918.0|1799|270438
202412|PRVNC|44|27110|27110000|서울|수원시|서초동|4113000000|서초1동|2|70|0|10|554|46829|730|4730.0|3393|3452900
202412|ADM|11|11170|43110000|대구|수원시|서초동|1117000000|서초1동|1|45|2|10|280|5726|61|1256.0|1166|76616
202412|ADM|47|42110|41150000|인천|성남시|서초동|1120000000|역삼1가|2|30|3|1|249|38926|429|5715.0|4724|2451735
202412|CNTY_GU|42|41110|47110000|인천|성남시|역삼동|1111000000|인계동|1|65|2|2|696|36349|673|7635.0|5903|5138355
202412|CNTY_GU|42|41130|41150000|대구|강남구|서초동|4115000000|인계동|2|55|0|10|752|28978|744|7717.0|7503|5741448
202412|CNTY_GU|42|45110|27110000|대구|수원시|역삼동|2711000000|서초1동|2|30|3|8|925|22534|358|1248.0|1089|446784
202412|PRVNC|47|26110|41110000|대구|강남구|역삼동|4511000000|서초1동|1|30|2|4|745|15928|178|7955.0|7626|1415990
202412|CNTY_GU|27|44130|46110000|대구|서초구|인계동|2811000000|인계동|2|40|1|10|9|40153|163|1978.0|1754|322414
202412|CNTY_GU|47|26110|41110000|인천|강남구|역삼동|4115000000|서초1동|2|30|2|4|75|22029|443|1347.0|1127|596721
202412|CNTY_GU|27|11200|44130000|서울|서초구|역삼동|2611000000|서초1동|2|25|3|1|332|43441|347|1192.0|1113|413624
202412|CNTY_GU|44|26140|11200000|대구|수원시|역삼동|2711000000|서초1동|1|30|2|6|137|18710|268|5057.0|3697|1355276
202412|PRVNC|11|11140|28110000|서울|수원시|역삼동|4413000000|역삼1가|2|55|0|6|51|8639|300|4242.0|3153|1272600
202412|PRVNC|11|46110|41130000|서울|강남구|서초동|2611000000|서초1동|2|30|0|4|971|47175|150|2968.0|2861|445200
202412|CNTY_GU|46|41130|42110000|대구|서초구|인계동|2611000000|인계동|1|40|0|8|421|5776|475|7466.0|5528|3546350
202412|CNTY_GU|27|41130|44130000|대구|성남시|인계동|4111000000|역삼1가|1|50|0|6|59|27824|357|5250.0|4038|1874250
202412|ADM|26|26110|11140000|서울|서초구|서초동|2811000000|인계동|1|50|2|1|526|11469|29|6202.0|5705|179858
202412|ADM|47|26140|44130000|인천|성남시|인계동|4115000000|서초1동|1|40|1|1|194|40961|166|1869.0|1357|310254
202412|ADM|42|11110|46110000|대구|서초구|인계동|1120000000|역삼1가|1|45|0|9|627|36153|417|5080.0|4632|2118360
202412|CNTY_GU|44|11110|11140000|대구|서초구|인계동|4611000000|서초1동|2|20|2|8|590|9148|425|1093.0|926|464525
202412|CNTY_GU|45|11170|43110000|부산|수원시|인계동|2811000000|서초1동|1|40|3|10|961|44705|445|3604.0|3235|1603780
202412|ADM|27|45110|28110000|대구|수원시|인계동|4115000000|서초1동|2|70|3|8|313|20475|313|6755.0|4893|2114315
202412|ADM|43|28110|47110000|대구|수원시|역삼동|1114000000|인계동|2|50|0|2|861|47622|309|7046.0|5354|2177214
202412|ADM|42|41110|44130000|인천|성남시|인계동|4111000000|역삼1가|2|35|2|10|438|32525|546|6058.0|4379|3307668
202412|PRVNC|47|11200|11110000|서울|강남구|역삼동|4311000000|서초1동|1|45|0|9|874|32793|539|1045.0|925|563255
202412|ADM|47|11110|27110000|부산|수원시|인계동|4113000000|인계동|1|30|2|1|471|9185|524|2925.0|2234|1532700
202412|ADM|43|43110|27110000|경기|서초구|역삼동|4413000000|서초1동|2|70|0|3|646|5857|77|4297.0|3235|330869
202412|ADM|26|41130|11170000|부산|강남구|인계동|4413000000|역삼1가|2|65|1|7|217|5712|630|2971.0|2899|1871730
202412|ADM|26|45110|41150000|서울|수원시|역삼동|1111000000|인계동|1|30|0|1|912|39307|573|0.0|0|0
202412|PRVNC|11|11110|28110000|대구|성남시|서초동|2711000000|역삼1가|1|65|1|1|287|34175|505|6732.0|5212|3399660
202412|CNTY_GU|27|46110|26110000|경기|수원시|인계동|4115000000|인계동|2|60|0|2|49|49776|372|6105.0|5006|2271060
202412|ADM|26|11140|26110000|서울|수원시|서초동|1117000000|역삼1가|2|20|0|9|623|49544|55|7335.0|6709|403425
202412|ADM|46|42110|45110000|대구|성남시|인계동|2614000000|역삼1가|1|20|1|7|356|22183|447|6908.0|5564|3087876
202412|ADM|26|11140|28110000|인천|수원시|역삼동|2711000000|역삼1가|2|45|3|5|701|31548|519|3888.0|3833|2017872
202412|CNTY_GU|47|45110|26110000|경기|서초구|역삼동|2711000000|인계동|1|25|0|10|973|7956|383|6149.0|6120|2355067
202412|CNTY_GU|43|43110|46110000|대구|수원시|인계동|4511000000|서초1동|2|25|3|7|141|32611|442|5331.0|4559|2356302
202412|CNTY_GU|26|11140|11170000|경기|성남시|인계동|4311000000|역삼1가|1|60|0|7|247|8944|227|7196.0|6063|1633492
202412|PRVNC|11|41150|42110000|인천|성남시|인계동|1114000000|인계동|1|50|2|5|177|7984|678|3954.0|3666|2680812
202412|ADM|26|46110|11170000|대구|강남구|인계동|2711000000|인계동|2|60|1|5|646|6805|490|0.0|0|0
202412|ADM|43|27110|41130000|인천|성남시|서초동|4115000000|역삼1가|2|65|0|6|876|29108|302|5250.0|4636|1585500
202412|CNTY_GU|11|11200|43110000|대구|수원시|역삼동|4115000000|역삼1가|2|40|1|4|737|23498|570|5365.0|4360|3058050
202412|CNTY_GU|42|46110|41110000|서울|서초구|인계동|1117000000|인계동|2|40|2|2|38|7272|185|5913.0|5413|1093905
202412|CNTY_GU|27|26140|26140000|대구|성남시|역삼동|4511000000|서초1동|2|45|3|7|691|28853|486|5029.0|4962|2444094
202412|ADM|11|47110|28110000|인천|강남구|서초동|4111000000|서초1동|2|55|0|1|993|9299|368|3972.0|3041|1461696
202412|ADM|26|26140|45110000|대구|성남시|인계동|4113000000|인계동|1|25|2|8|64|42379|683|2734.0|2512|1867322
202412|ADM|44|11170|43110000|대구|서초구|서초동|4413000000|인계동|1|35|0|4|563|20567|458|2570.0|2384|1177060
202412|ADM|11|11140|41130000|경기|서초구|역삼동|4511000000|인계동|1|50|3|5|57|39624|31|5295.0|4605|164145
202412|ADM|26|11170|44130000|인천|수원시|인계동|1117000000|서초1동|1|40|0|5|522|46598|652|7693.0|6020|5015836
202412|ADM|46|11110|11170000|경기|강남구|서초동|2811000000|인계동|2|60|1|7|365|22656|352|7782.0|7148|2739264
202412|ADM|46|45110|43110000|인천|성남시|서초동|1117000000|서초1동|1|70|0|1|302|49607|731|5710.0|4970|4174010
202412|ADM|45|11170|26140000|인천|서초구|인계동|2811000000|서초1동|1|35|1|4|160|47325|493|3783.0|3026|1865019
202412|CNTY_GU|45|11200|11140000|대구|서초구|역삼동|2614000000|서초1동|1|45|0|8|592|17272|542|3267.0|2983|1770714
202412|CNTY_GU|41|26110|47110000|서울|서초구|인계동|4511000000|역삼1가|1|25|0|5|427|15528|712|6553.0|5579|4665736
202412|CNTY_GU|41|45110|26140000|대구|강남구|역삼동|1120000000|역삼1가|2|70|0|8|31|37178|1|0.0|0|0
202412|ADM|11|46110|11200000|대구|서초구|서초동|4711000000|역삼1가|1|25|2|6|289|10511|435|5779.0|5180|2513865
202412|CNTY_GU|26|28110|42110000|대구|강남구|역삼동|4511000000|서초1동|2|65|1|3|637|17397|90|1462.0|1355|131580
202412|ADM|41|11200|11140000|경기|서초구|인계동|4413000000|역삼1가|1|55|2|9|937|47764|593|3841.0|2799|2277713
202412|ADM|46|11170|11140000|대구|강남구|서초동|4311000000|인계동|1|35|0|4|675|43266|76|1978.0|1830|150328
202412|CNTY_GU|27|43110|11110000|서울|수원시|역삼동|2711000000|인계동|1|40|0|2|873|21256|789|7698.0|5639|6073722
202412|CNTY_GU|41|41110|45110000|부산|성남시|서초동|4111000000|인계동|1|50|0|6|596|9123|650|3657.0|3048|2377050
202412|PRVNC|47|43110|11140000|부산|서초구|서초동|4511000000|역삼1가|2|50|1|6|960|14066|3|5948.0|4688|17844
202412|ADM|43|43110|27110000|서울|서초구|서초동|4113000000|인계동|1|25|0|7|458|38975|323|1256.0|1012|405688
202412|ADM|42|27110|26140000|대구|서초구|인계동|2614000000|인계동|2|55|0|3|409|13212|327|1227.0|954|401229
202412|ADM|42|41130|41130000|인천|성남시|역삼동|1117000000|인계동|2|60|0|6|302|27202|684|5743.0|4716|3928212
202412|ADM|43|44130|26140000|경기|수원시|인계동|4413000000|역삼1가|1|60|2|7|590|9140|348|6061.0|5312|2109228
202412|ADM|27|11140|41130000|경기|수원시|서초동|2611000000|역삼1가|1|55|3|8|66|45910|73|4762.0|4598|347626
202412|ADM|11|11110|11110000|인천|강남구|서초동|4311000000|서초1동|2|45|0|6|441|14158|104|1779.0|1343|185016
202412|ADM|26|43110|47110000|서울|성남시|인계동|2611000000|역삼1가|1|20|0|3|420|19150|705|3926.0|3422|2767830
202412|ADM|43|46110|28110000|부산|강남구|서초동|1117000000|역삼1가|1|25|0|2|404|36152|657|4710.0|4280|3094470
202412|CNTY_GU|45|11170|43110000|대구|강남구|역삼동|4611000000|서초1동|1|20|0|8|470|44041|118|3326.0|3212|392468
202412|ADM|27|44130|44130000|인천|서초구|서초동|4511000000|역삼1가|1|45|0|2|245|49703|775|7388.0|6059|5725700
202412|ADM|44|45110|46110000|대구|강남구|역삼동|4511000000|역삼1가|1|65|1|4|456|5747|74|4175.0|3712|308950
202412|ADM|41|44130|11170000|인천|성남시|인계동|4711000000|인계동|1|25|1|8|836|29554|407|5729.0|4770|2331703
202412|ADM|43|11170|11110000|서울|강남구|인계동|4511000000|서초1동|1|50|3|6|662|16006|793|1815.0|1810|1439295
202412|CNTY_GU|47|11110|41110000|서울|수원시|서초동|2711000000|인계동|2|40|3|2|801|22644|27|4714.0|3437|127278
202412|PRVNC|44|26110|11200000|경기|수원시|역삼동|1120000000|인계동|1|55|1|6|651|39633|784|5371.0|5197|4210864
202412|PRVNC|47|45110|47110000|서울|강남구|역삼동|4311000000|인계동|2|30|2|8|930|5374|252|3479.0|2931|876708
202412|ADM|41|26140|46110000|인천|강남구|서초동|4211000000|인계동|2|40|0|10|772|38798|5|4810.0|4292|24050
202412|ADM|42|41150|11170000|서울|수원시|인계동|2811000000|역삼1가|1|40|0|1|51|12134|393|5728.0|4764|2251104
202412|CNTY_GU|45|11110|27110000|대구|강남구|서초동|1120000000|인계동|1|35|3|1|678|41179|3|2028.0|1751|6084
202412|ADM|43|45110|41130000|경기|서초구|인계동|4211000000|역삼1가|1|45|2|5|180|21912|606|6245.0|5471|3784470
202412|ADM|42|45110|27110000|부산|서초구|역삼동|4611000000|역삼1가|2|40|0|4|661|7644|138|6670.0|5220|920460
202412|CNTY_GU|44|42110|41150000|대구|수원시|인계동|4113000000|인계동|1|35|2|8|866|8544|652|4746.0|3637|3094392
202412|ADM|47|47110|26140000|경기|서초구|인계동|2811000000|서초1동|1|55|2|5|966|18706|423|5069.0|4770|2144187
202412|CNTY_GU|43|46110|27110000|인천|강남구|인계동|2711000000|서초1동|2|50|3|6|919|7010|685|4935.0|4001|3380475
202412|ADM|43|26110|45110000|인천|서초구|역삼동|1117000000|인계동|1|25|1|6|697|42522|203|3494.0|2695|709282
202412|CNTY_GU|26|26110|26110000|서울|성남시|역삼동|1120000000|서초1동|1|60|1|10|878|6846|214|4378.0|3155|936892
202412|ADM|47|45110|42110000|경기|강남구|역삼동|4611000000|역삼1가|1|40|0|10|555|6780|596|4754.0|4621|2833384
202412|CNTY_GU|46|11200|43110000|인천|강남구|역삼동|1114000000|서초1동|2|40|3|2|328|47945|132|1897.0|1438|250404
202412|CNTY_GU|26|41150|11140000|인천|서초구|역삼동|2614000000|역삼1가|1|30|3|4|380|11737|207|4437.0|4245|918459
202412|ADM|45|26110|41130000|인천|서초구|인계동|4711000000|역삼1가|1|20|0|4|709|40270|691|6267.0|4432|4330497
202412|ADM|27|44130|41130000|대구|수원시|인계동|2614000000|서초1동|2|30|2|1|647|43814|176|3287.0|2552|578512
202412|CNTY_GU|47|41110|41130000|부산|강남구|인계동|4115000000|역삼1가|1|40|2|4|828|20777|636|2986.0|2394|1899096
202412|CNTY_GU|43|11110|44130000|경기|서초구|역삼동|4115000000|서초1동|1|40|3|7|523|47259|626|4544.0|4018|2844544
202412|ADM|26|44130|41150000|서울|서초구|서초동|4113000000|서초1동|2|40|0|5|344|39853|616|4904.0|4711|3020864
202412|ADM|11|11140|11140000|부산|서초구|역삼동|4311000000|역삼1가|1|35|3|6|909|25520|27|2722.0|1998|73494
202412|ADM|44|43110|42110000|대구|성남시|역삼동|2614000000|인계동|2|35|0|1|773|19080|188|6475.0|5905|1217300
202412|ADM|41|11170|11200000|인천|서초구|서초동|2614000000|역삼1가|2|30|3|5|420|44715|554|7888.0|6373|4369952
202412|CNTY_GU|41|46110|41150000|부산|강남구|역삼동|4115000000|역삼1가|1|70|2|9|704|9732|464|4052.0|3208|1880128
202412|CNTY_GU|42|43110|11110000|인천|서초구|서초동|2614000000|서초1동|2|65|0|8|946|42163|601|6628.0|5349|3983428
202412|PRVNC|41|11140|11200000|인천|강남구|인계동|2711000000|역삼1가|1|45|2|5|210|49095|424|1468.0|1064|622432
202412|CNTY_GU|11|41110|43110000|대구|서초구|인계동|4413000000|역삼1가|1|40|0|5|275|42730|108|7855.0|6522|848340
202412|CNTY_GU|47|27110|43110000|경기|성남시|인계동|1114000000|서초1동|2|25|2|3|733|18277|31|3794.0|3083|117614
202412|ADM|11|45110|42110000|경기|강남구|서초동|2611000000|서초1동|1|60|0|6|269|22702|727|6148.0|5714|4469596
202412|CNTY_GU|41|45110|46110000|인천|성남시|인계동|2811000000|역삼1가|2|25|0|7|332|41141|747|5047.0|4254|3770109
202412|CNTY_GU|42|27110|46110000|부산|성남시|인계동|1111000000|인계동|1|55|2|9|921|6066|638|5898.0|5056|3762924
202412|CNTY_GU|47|47110|11170000|인천|성남시|서초동|4113000000|역삼1가|2|25|3|4|896|42889|595|7988.0|7352|4752860
202412|PRVNC|41|11200|11110000|인천|강남구|서초동|4111000000|서초1동|2|70|1|5|188|47658|797|7768.0|7414|6191096
202412|ADM|43|11200|41130000|대구|서초구|인계동|1117000000|역삼1가|2|35|2|6|302|33310|521|3825.0|3680|1992825
202412|CNTY_GU|44|42110|44130000|인천|수원시|인계동|4211000000|서초1동|2|30|2|5|736|27573|521|5109.0|4719|2661789
202412|CNTY_GU|41|26110|41150000|대구|강남구|서초동|1120000000|인계동|1|25|0|8|518|16539|518|7711.0|5886|3994298
202412|ADM|42|28110|42110000|인천|수원시|서초동|4113000000|서초1동|2|60|1|1|773|32841|740|4644.0|3776|3436560
202412|CNTY_GU|47|27110|46110000|대구|성남시|역삼동|4611000000|서초1동|2|45|0|2|980|40605|459|4588.0|4366|2105892
202412|CNTY_GU|45|41130|26110000|인천|강남구|역삼동|4113000000|인계동|2|45|0|7|128|43258|638|0.0|0|0
202412|ADM|47|27110|41130000|서울|성남시|역삼동|2614000000|서초1동|2|35|2|2|997|7605|746|6743.0|6327|5030278
202412|CNTY_GU|46|41150|11140000|경기|서초구|서초동|4211000000|역삼1가|1|50|0|3|735|22300|190|4498.0|3881|854620
202412|CNTY_GU|41|26140|26140000|대구|수원시|인계동|4211000000|역삼1가|1|70|3|7|879|11318|229|1620.0|1619|370980
202412|CNTY_GU|45|44130|44130000|서울|서초구|인계동|1111000000|서초1동|2|20|0|7|484|45534|568|7508.0|7311|4264544
202412|ADM|43|11200|41110000|경기|서초구|인계동|4413000000|역삼1가|2|55|1|3|409|24839|428|2228.0|2226|953584
202412|CNTY_GU|47|47110|11170000|경기|강남구|서초동|4115000000|인계동|1|65|2|3|401|47908|678|5387.0|5021|3652386
202412|CNTY_GU|26|45110|43110000|서울|강남구|서초동|4111000000|서초1동|2|35|2|1|694|24884|301|4168.0|3468|1254568
202412|ADM|42|44130|26110000|부산|성남시|서초동|4611000000|서초1동|2|40|3|3|856|34056|45|4138.0|3081|186210
202412|CNTY_GU|27|41110|26110000|부산|서초구|인계동|2614000000|역삼1가|2|55|0|6|589|7094|348|2869.0|2297|998412
202412|ADM|27|26140|27110000|대구|성남시|역삼동|2611000000|역삼1가|1|30|0|4|729|29448|448|5076.0|4653|2274048
202412|ADM|44|41150|46110000|부산|강남구|인계동|4413000000|서초1동|2|40|0|2|244|29731|118|6560.0|5810|774080
202412|ADM|43|43110|46110000|경기|강남구|서초동|1111000000|역삼1가|1|30|0|6|301|15017|564|6273.0|4559|3537972
202412|CNTY_GU|27|43110|42110000|대구|수원시|역삼동|4311000000|역삼1가|1|30|0|10|141|17112|52|6547.0|5310|340444
202412|PRVNC|47|42110|47110000|서울|성남시|서초동|4611000000|인계동|1|65|2|3|695|42786|144|1963.0|1726|282672
202412|ADM|26|26110|11170000|부산|강남구|서초동|1120000000|인계동|1|50|0|3|264|34016|360|2214.0|1793|797040
202412|CNTY_GU|47|11170|43110000|서울|성남시|인계동|1120000000|인계동|1|50|0|4|492|30377|780|2591.0|1896|2020980
202412|ADM|41|28110|45110000|서울|서초구|서초동|4311000000|인계동|1|45|2|4|339|47519|182|7260.0|5702|1321320
202412|ADM|11|45110|45110000|서울|성남시|인계동|4111000000|서초1동|2|50|0|1|737|9244|656|1560.0|1203|1023360
202412|ADM|27|11110|43110000|서울|수원시|역삼동|4311000000|서초1동|1|45|1|8|568|48628|366|2453.0|2080|897798
202412|ADM|45|28110|42110000|부산|서초구|서초동|1114000000|인계동|2|60|3|3|65|45154|210|7820.0|7093|1642200
202412|ADM|26|44130|27110000|부산|성남시|역삼동|2811000000|인계동|1|40|1|3|138|22546|243|2616.0|2362|635688
202412|CNTY_GU|26|26110|11200000|서울|강남구|인계동|4211000000|서초1동|2|65|2|3|503|26662|605|3274.0|2788|1980770
202412|ADM|46|11110|28110000|부산|성남시|인계동|4311000000|인계동|2|45|0|8|923|15340|202|4650.0|3820|939300
202412|ADM|47|46110|27110000|경기|강남구|인계동|4111000000|인계동|2|40|1|5|283|46368|191|2084.0|1925|398044
202412|CNTY_GU|47|41150|26140000|서울|강남구|역삼동|4211000000|서초1동|1|50|0|5|920|42402|34|3695.0|3082|125630
202412|ADM|43|28110|45110000|경기|성남시|인계동|1120000000|인계동|2|20|0|7|977|27968|200|2995.0|2152|599000
202412|PRVNC|46|26110|27110000|대구|강남구|역삼동|2611000000|서초1동|2|40|2|7|42|29738|115|6515.0|5846|749225
202412|CNTY_GU|41|27110|41130000|서울|서초구|서초동|4211000000|역삼1가|2|40|0|8|648|33536|625|6234.0|5546|3896250
202412|CNTY_GU|42|26140|46110000|부산|성남시|인계동|4311000000|인계동|2|30|1|2|199|40829|644|7409.0|7158|4771396
202412|ADM|11|45110|11140000|경기|성남시|역삼동|1114000000|역삼1가|1|60|0|1|148|27573|735|2500.0|2184|1837500
202412|CNTY_GU|11|41110|11200000|대구|서초구|역삼동|4413000000|인계동|1|40|1|10|462|44941|177|4914.0|4643|869778
202412|CNTY_GU|11|11170|26110000|인천|강남구|인계동|4413000000|역삼1가|2|40|2|4|649|47445|122|3308.0|3049|403576
202412|ADM|11|41150|26140000|인천|강남구|역삼동|2611000000|서초1동|2|65|1|3|847|15178|76|5943.0|4612|451668
202412|CNTY_GU|42|45110|41110000|인천|강남구|인계동|2811000000|역삼1가|2|35|3|6|67|41648|321|7519.0|6757|2413599
202412|CNTY_GU|45|11170|44130000|인천|서초구|인계동|2614000000|서초1동|2|35|3|2|569|22294|706|5005.0|4078|3533530
202412|CNTY_GU|44|26110|41150000|인천|수원시|서초동|4413000000|인계동|2|45|3|7|582|43734|120|2386.0|1699|286320
202412|ADM|27|41130|44130000|경기|성남시|인계동|4311000000|서초1동|2|55|0|2|767|16179|109|4491.0|3251|489519
202412|CNTY_GU|44|11170|46110000|경기|성남시|역삼동|2811000000|서초1동|1|60|3|6|36|45688|152|7272.0|6551|1105344
202412|CNTY_GU|47|28110|26110000|부산|서초구|서초동|4111000000|인계동|1|20|1|3|922|30446|3|5686.0|5422|17058
202412|CNTY_GU|11|28110|11140000|경기|성남시|인계동|4413000000|서초1동|2|65|0|8|109|7593|713|6877.0|6853|4903301
202412|ADM|43|11200|11140000|대구|강남구|인계동|1120000000|서초1동|1|70|1|2|373|33751|190|5635.0|4249|1070650
202412|CNTY_GU|44|11140|11200000|인천|수원시|서초동|1114000000|역삼1가|2|70|3|1|481|45053|740|4268.0|4205|3158320
202412|ADM|47|46110|47110000|서울|성남시|역삼동|4511000000|역삼1가|1|55|2|8|768|38600|2|3202.0|2855|6404
202412|CNTY_GU|26|44130|26140000|부산|성남시|서초동|2611000000|인계동|1|30|0|3|357|41774|124|5898.0|4460|731352
202412|CNTY_GU|46|45110|41150000|서울|강남구|서초동|4511000000|서초1동|2|55|0|9|671|32272|753|2620.0|2416|1972860
202412|CNTY_GU|43|41110|45110000|부산|성남시|역삼동|4115000000|인계동|2|30|0|9|492|28050|759|6181.0|5286|4691379
202412|ADM|43|47110|42110000|인천|수원시|역삼동|1120000000|역삼1가|1|50|3|5|816|34441|594|7027.0|5436|4174038
202412|ADM|45|41150|27110000|인천|수원시|서초동|1114000000|인계동|2|60|0|1|873|5767|402|6593.0|5232|2650386
202412|CNTY_GU|26|27110|28110000|인천|서초구|인계동|4711000000|서초1동|2|45|0|7|886|9248|399|6265.0|4504|2499735
202412|ADM|44|41110|26110000|경기|성남시|역삼동|2811000000|인계동|1|30|2|6|505|21262|155|7844.0|7109|1215820
202412|CNTY_GU|47|44130|42110000|경기|강남구|인계동|4115000000|인계동|1|60|0|6|95|31998|516|4260.0|3255|2198160
202412|ADM|43|26140|11110000|부산|강남구|역삼동|4211000000|서초1동|2|50|1|4|930|12616|717|1823.0|1756|1307091
202412|ADM|27|41110|43110000|서울|서초구|인계동|2711000000|인계동|2|70|3|3|925|19246|278|4285.0|4158|1191230
202412|ADM|26|47110|44130000|인천|서초구|서초동|4311000000|인계동|1|65|0|5|384|42969|124|1936.0|1386|240064
202412|ADM|26|41130|28110000|경기|수원시|인계동|1117000000|인계동|1|55|1|8|614|15639|764|6882.0|5325|5257848
202412|ADM|45|41130|41150000|대구|성남시|서초동|4611000000|역삼1가|2|55|0|9|514|43077|245|1254.0|1193|307230
202412|PRVNC|27|46110|41130000|경기|강남구|인계동|4711000000|역삼1가|2|65|0|4|275|26138|35|3274.0|2717|114590
202412|ADM|27|26140|42110000|대구|수원시|서초동|1111000000|인계동|2|60|2|2|907|47565|679|3516.0|3053|2387364
202412|ADM|45|41150|11200000|경기|성남시|인계동|4111000000|서초1동|2|20|0|1|701|44954|144|5555.0|4551|799920
202412|ADM|47|41150|46110000|서울|수원시|서초동|2811000000|서초1동|2|60|0|6|248|37222|71|1977.0|1787|140367
202412|ADM|42|46110|26140000|서울|성남시|서초동|4413000000|서초1동|2|60|2|9|808|40436|359|4889.0|4852|1755151
202412|ADM|46|11200|26110000|경기|수원시|서초동|4413000000|서초1동|1|25|1|9|114|46660|670|5341.0|4299|3578470
202412|ADM|26|42110|11140000|인천|서초구|인계동|2811000000|인계동|1|45|3|5|488|35420|447|5668.0|4438|2533596
202412|CNTY_GU|46|43110|43110000|부산|성남시|역삼동|4311000000|인계동|2|45|1|2|432|12191|158|1750.0|1624|276500
202412|ADM|46|41110|11140000|대구|성남시|서초동|1114000000|인계동|1|50|0|4|736|45083|735|5325.0|3747|3913875
202412|CNTY_GU|27|45110|28110000|서울|서초구|역삼동|4113000000|인계동|2|55|0|9|931|32435|676|4360.0|3722|2947360
202412|CNTY_GU|42|47110|44130000|서울|강남구|서초동|4311000000|서초1동|2|40|0|7|849|42294|777|3882.0|3513|3016314
202412|ADM|45|44130|41150000|경기|서초구|인계동|4413000000|인계동|2|70|1|4|432|24875|51|1192.0|1105|60792
202412|CNTY_GU|44|42110|44130000|경기|강남구|인계동|1117000000|인계동|1|40|0|6|401|36126|512|5804.0|5209|2971648
202412|ADM|47|11140|11140000|부산|성남시|인계동|4115000000|인계동|2|60|0|10|367|8629|328|6812.0|5730|2234336
202412|ADM|41|47110|47110000|인천|강남구|역삼동|2611000000|서초1동|2|60|1|7|643|42002|532|2533.0|2159|1347556
202412|ADM|47|11200|28110000|경기|강남구|인계동|4611000000|서초1동|2|35|1|7|893|41757|717|5192.0|4739|3722664
202412|PRVNC|46|11200|45110000|대구|성남시|서초동|4711000000|인계동|2|60|2|1|515|28283|125|7285.0|6585|910625
202412|CNTY_GU|47|42110|41150000|인천|수원시|역삼동|1114000000|서초1동|1|35|2|1|210|40569|83|7791.0|6001|646653
202412|ADM|46|11170|28110000|대구|강남구|서초동|4611000000|역삼1가|2|45|0|3|937|20884|695|7060.0|6790|4906700
202412|ADM|43|26110|11170000|경기|서초구|인계동|1120000000|역삼1가|1|30|0|7|94|8542|382|1004.0|774|383528
202412|ADM|41|11200|11140000|서울|수원시|역삼동|2614000000|인계동|1|45|1|8|197|32965|633|3201.0|2919|2026233
202412|ADM|44|11200|41130000|대구|성남시|서초동|2811000000|역삼1가|2|20|3|5|568|45152|745|5444.0|4145|4055780
202412|CNTY_GU|46|27110|45110000|경기|서초구|역삼동|1111000000|역삼1가|1|50|2|7|687|37603|69|6657.0|5931|459333
202412|ADM|11|45110|11170000|대구|성남시|역삼동|2811000000|인계동|2|40|3|9|691|15915|498|7613.0|5806|3791274
202412|CNTY_GU|26|41130|11200000|서울|성남시|역삼동|1117000000|서초1동|1|45|3|6|319|43665|154|7535.0|7036|1160390
202412|ADM|42|44130|41110000|서울|강남구|서초동|4311000000|역삼1가|1|30|1|10|207|18349|283|2624.0|1913|742592
202412|ADM|45|47110|41150000|인천|강남구|인계동|2611000000|역삼1가|2|30|2|1|462|48355|610|4667.0|4582|2846870
202412|ADM|43|41130|11110000|인천|성남시|서초동|2611000000|인계동|2|40|0|4|557|20408|264|5251.0|4357|1386264
202412|ADM|27|41150|46110000|서울|강남구|역삼동|4511000000|인계동|1|45|0|3|438|26060|197|2161.0|1596|425717
202412|CNTY_GU|46|11200|26140000|부산|서초구|역삼동|1111000000|인계동|1|50|1|2|617|36861|401|1279.0|1008|512879
202412|ADM|26|45110|11170000|인천|서초구|인계동|4611000000|인계동|2|50|0|8|287|8030|360|7051.0|6178|2538360
202412|CNTY_GU|46|11110|41110000|부산|서초구|역삼동|4511000000|서초1동|2|20|0|4|225|15476|188|2517.0|2293|473196
202412|ADM|44|11110|41130000|대구|서초구|인계동|4113000000|서초1동|2|50|1|4|233|49753|451|1369.0|1250|617419
202412|ADM|11|27110|41130000|서울|수원시|인계동|2711000000|역삼1가|1|55|1|1|380|21506|548|4143.0|3052|2270364
202412|ADM|44|26140|27110000|대구|강남구|서초동|4115000000|인계동|2|20|0|8|123|43718|634|4140.0|3159|2624760
202412|CNTY_GU|46|47110|43110000|대구|수원시|서초동|4211000000|서초1동|1|25|2|2|623|14842|696|6419.0|6029|4467624
202412|ADM|26|11110|11140000|서울|수원시|역삼동|1117000000|인계동|1|50|3|7|58|33910|585|1637.0|1315|957645
202412|ADM|41|11140|42110000|부산|성남시|서초동|4113000000|인계동|2|25|0|2|197|24927|733|4703.0|4167|3447299
202412|CNTY_GU|46|42110|26110000|대구|서초구|인계동|1114000000|인계동|2|20|1|2|900|24683|641|5112.0|3603|3276792
202412|ADM|43|11200|11170000|서울|수원시|역삼동|4511000000|서초1동|1|40|0|5|155|29572|586|4594.0|4520|2692084
202412|CNTY_GU|45|46110|26110000|대구|서초구|서초동|1114000000|역삼1가|2|55|0|7|66|41209|204|7531.0|7485|1536324
202412|ADM|26|46110|28110000|부산|수원시|역삼동|2614000000|인계동|1|25|0|9|705|45059|789|6226.0|6019|4912314
202412|CNTY_GU|43|42110|45110000|서울|성남시|역삼동|1120000000|서초1동|2|70|2|2|729|29916|647|4514.0|4309|2920558
202412|ADM|43|26140|11200000|대구|성남시|서초동|4413000000|서초1동|2|55|0|6|589|24892|631|3070.0|3000|1937170
202412|ADM|42|47110|11170000|서울|성남시|서초동|2711000000|역삼1가|1|70|0|4|971|13849|54|4455.0|4184|240570
202412|ADM|41|26140|11110000|인천|성남시|역삼동|1111000000|서초1동|1|70|1|4|478|19250|755|2017.0|1742|1522835
202412|ADM|27|44130|47110000|대구|수원시|인계동|1120000000|인계동|1|40|0|5|792|14160|794|2705.0|2183|2147770
202412|CNTY_GU|11|11170|28110000|경기|성남시|서초동|4115000000|역삼1가|1|20|2|5|674|6888|509|7114.0|6868|3621026
202412|ADM|42|11140|42110000|인천|강남구|인계동|4413000000|서초1동|2|55|3|6|324|34958|324|4435.0|3702|1436940
202412|CNTY_GU|43|26110|26110000|경기|서초구|인계동|4413000000|인계동|2|50|1|4|316|24814|85|0.0|0|0
202412|ADM|44|41150|41130000|인천|성남시|인계동|4211000000|인계동|1|60|1|4|381|36033|302|5346.0|4731|1614492
202412|CNTY_GU|46|27110|28110000|서울|서초구|역삼동|4115000000|인계동|2|70|1|5|887|36275|634|7505.0|7460|4758170
202412|PRVNC|26|11110|11110000|부산|강남구|역삼동|4711000000|역삼1가|1|30|1|5|813|29824|418|4438.0|4189|1855084
202412|CNTY_GU|27|45110|26140000|서울|강남구|서초동|4413000000|역삼1가|2|45|2|1|758|48357|162|3633.0|3311|588546
202412|CNTY_GU|45|44130|45110000|부산|서초구|역삼동|4413000000|인계동|2|65|0|5|0|33996|454|4408.0|3493|2001232
202412|CNTY_GU|41|11140|41130000|인천|강남구|서초동|4111000000|인계동|2|45|3|3|260|44735|387|6613.0|5866|2559231
202412|CNTY_GU|26|44130|11110000|인천|서초구|서초동|4413000000|서초1동|1|35|2|1|629|42354|533|3846.0|3424|2049918
202412|ADM|47|11170|41130000|서울|수원시|역삼동|1120000000|역삼1가|2|25|2|7|225|11922|3|2496.0|2411|7488
202412|ADM|47|11140|47110000|대구|서초구|서초동|4211000000|역삼1가|1|25|1|3|448|42219|685|5862.0|5251|4015470
202412|ADM|45|11170|27110000|대구|성남시|역삼동|1120000000|인계동|1|65|0|8|349|17013|637|2326.0|2210|1481662
202412|CNTY_GU|41|11140|11200000|대구|수원시|역삼동|1111000000|역삼1가|2|30|1|3|660|40461|337|3404.0|3312|1147148
202412|ADM|26|42110|26140000|부산|서초구|서초동|1120000000|인계동|2|65|1|10|255|26152|734|1303.0|1232|956402
202412|CNTY_GU|43|26140|11170000|서울|성남시|인계동|4211000000|인계동|1|40|0|6|6|34782|761|3073.0|2373|2338553
202412|CNTY_GU|26|27110|11170000|인천|수원시|역삼동|4111000000|인계동|2|35|1|3|191|38957|596|6303.0|4677|3756588
202412|PRVNC|27|26140|41130000|인천|수원시|서초동|4311000000|인계동|1|70|1|5|40|11783|758|2007.0|1898|1521306
202412|ADM|41|47110|28110000|인천|성남시|서초동|4115000000|서초1동|1|50|2|10|624|16865|360|2581.0|1927|929160
202412|ADM|44|45110|11140000|서울|성남시|서초동|1111000000|역삼1가|2|25|0|7|871|7159|755|2350.0|1730|1774250
202412|PRVNC|26|43110|41130000|경기|수원시|역삼동|1114000000|인계동|2|45|1|4|929|18786|319|6748.0|6594|2152612
202412|CNTY_GU|45|27110|11110000|경기|강남구|서초동|4511000000|역삼1가|1|30|3|7|937|30882|667|4221.0|2999|2815407
202412|CNTY_GU|27|41130|42110000|대구|강남구|서초동|4511000000|역삼1가|1|40|1|1|968|29390|41|1872.0|1834|76752
202412|ADM|42|11110|47110000|서울|서초구|서초동|1117000000|역삼1가|2|20|3|10|260|29029|36|5565.0|4240|200340
202412|ADM|42|28110|41110000|대구|서초구|서초동|1114000000|서초1동|2|35|1|4|876|26866|423|6586.0|5576|2785878
202412|ADM|43|11200|42110000|서울|수원시|인계동|4211000000|인계동|2|60|3|6|596|42555|576|6894.0|6027|3970944
202412|ADM|27|47110|27110000|서울|강남구|역삼동|4413000000|인계동|2|40|0|3|388|38760|570|1377.0|1290|784890
202412|CNTY_GU|43|11200|41130000|인천|성남시|서초동|2711000000|인계동|1|30|0|10|952|10613|723|4167.0|2970|3012741
202412|CNTY_GU|47|26140|11200000|부산|강남구|역삼동|4115000000|역삼1가|2|35|3|7|752|20949|332|2808.0|2255|932256
202412|ADM|44|11110|11140000|경기|수원시|인계동|4711000000|역삼1가|2|40|2|5|271|13339|351|1773.0|1507|622323
202412|CNTY_GU|42|45110|41150000|인천|수원시|서초동|4211000000|서초1동|2|20|2|3|581|23729|52|5592.0|4905|290784
202412|ADM|11|44130|41110000|경기|강남구|서초동|4311000000|서초1동|1|45|2|2|315|11826|372|4273.0|4139|1589556
202412|CNTY_GU|44|27110|11140000|대구|성남시|역삼동|4211000000|인계동|2|20|0|1|449|49045|278|4846.0|4567|1347188
202412|ADM|47|41150|45110000|서울|강남구|인계동|4413000000|서초1동|1|60|2|9|944|48287|458|0.0|0|0
202412|ADM|46|47110|11140000|인천|강남구|인계동|4111000000|서초1동|2|55|0|3|971|16641|53|1441.0|1219|76373
202412|ADM|27|26110|41110000|대구|수원시|서초동|2614000000|서초1동|2|45|0|2|518|22502|681|1229.0|912|836949
202412|CNTY_GU|42|26110|41150000|서울|수원시|인계동|4511000000|역삼1가|2|35|0|2|436|25012|366|5886.0|5036|2154276
202412|CNTY_GU|26|47110|46110000|서울|수원시|인계동|2811000000|역삼1가|2|50|1|5|516|20777|502|5693.0|5122|2857886
202412|ADM|11|28110|27110000|인천|수원시|역삼동|4711000000|인계동|2|65|1|2|271|44848|796|6442.0|6070|5127832
202412|ADM|46|46110|44130000|경기|성남시|인계동|4113000000|인계동|2|60|0|6|638|14554|301|3294.0|2454|991494
202412|ADM|27|27110|11170000|경기|성남시|역삼동|4111000000|인계동|2|65|0|1|362|32871|572|2602.0|2253|1488344
202412|CNTY_GU|11|11200|44130000|대구|강남구|서초동|2811000000|서초1동|2|60|2|6|215|42975|751|4058.0|3768|3047558
202412|ADM|41|28110|45110000|인천|수원시|인계동|1117000000|역삼1가|2|55|0|7|313|18872|61|1016.0|794|61976
202412|ADM|26|11170|41110000|경기|성남시|서초동|4611000000|서초1동|2|45|1|9|76|43749|52|6120.0|4581|318240
202412|ADM|27|11110|26110000|부산|강남구|역삼동|1120000000|역삼1가|2|35|0|5|872|40281|417|1787.0|1450|745179
202412|ADM|11|26110|41130000|서울|강남구|서초동|4211000000|역삼1가|1|65|2|8|687|12985|731|4952.0|3798|3619912
202412|ADM|47|26110|11140000|서울|서초구|서초동|1120000000|인계동|2|55|0|6|538|17595|404|7860.0|6151|3175440
202412|ADM|44|27110|11170000|대구|강남구|서초동|4413000000|서초1동|1|70|0|7|463|21999|642|6127.0|5173|3933534
202412|ADM|42|47110|45110000|서울|수원시|인계동|2711000000|서초1동|2|60|0|9|779|46374|4|2862.0|2812|11448
202412|ADM|45|28110|26110000|서울|수원시|인계동|4311000000|인계동|1|35|3|6|665|32887|83|5154.0|3894|427782
202412|CNTY_GU|41|42110|27110000|경기|수원시|인계동|2611000000|인계동|2|40|0|5|361|22540|127|3927.0|3369|498729
202412|CNTY_GU|41|11140|27110000|경기|성남시|역삼동|4711000000|서초1동|2|60|3|5|937|21273|768|6476.0|6076|4973568
202412|ADM|43|27110|44130000|대구|서초구|역삼동|4511000000|역삼1가|1|40|0|7|587|43130|707|4581.0|4107|3238767
202412|ADM|27|41110|47110000|서울|강남구|서초동|1114000000|인계동|2|30|0|9|105|22569|355|2068.0|1925|734140
202412|PRVNC|26|43110|26140000|서울|성남시|서초동|4113000000|서초1동|2|65|0|2|902|6089|235|5666.0|4054|1331510
202412|PRVNC|26|11200|41110000|서울|수원시|서초동|2614000000|인계동|1|45|0|9|841|39699|29|4386.0|4210|127194
202412|ADM|27|11140|11110000|경기|서초구|역삼동|4115000000|인계동|2|50|1|4|975|6268|213|6282.0|4431|1338066
202412|ADM|41|26140|44130000|서울|성남시|인계동|1117000000|인계동|1|40|2|6|26|39036|39|7486.0|5553|291954
202412|ADM|45|26140|28110000|인천|강남구|역삼동|1114000000|역삼1가|1|40|3|8|587|15871|451|2824.0|2667|1273624
202412|CNTY_GU|45|45110|11200000|대구|성남시|역삼동|1120000000|인계동|2|35|0|3|185|46359|108|4159.0|4057|449172
202412|PRVNC|41|41130|11110000|경기|수원시|서초동|4113000000|역삼1가|2|40|1|1|840|36421|607|4879.0|3533|2961553
202412|ADM|27|44130|11200000|부산|성남시|서초동|2614000000|역삼1가|2|25|0|1|51|23103|154|4220.0|3473|649880
202412|ADM|42|46110|44130000|대구|수원시|서초동|2611000000|서초1동|2|40|3|5|228|36709|743|2042.0|1883|1517206
202412|ADM|27|27110|26140000|인천|강남구|역삼동|1120000000|인계동|1|40|0|4|108|49210|402|6933.0|5638|2787066
202412|ADM|47|11110|26140000|서울|수원시|역삼동|4211000000|역삼1가|1|60|1|7|642|8865|698|3983.0|3974|2780134
202412|CNTY_GU|27|47110|41130000|대구|서초구|서초동|4711000000|역삼1가|1|50|1|1|552|17917|101|3931.0|2956|397031
202412|PRVNC|11|41150|41110000|인천|강남구|서초동|1114000000|서초1동|2|60|0|9|258|27152|672|4074.0|3378|2737728
202412|CNTY_GU|47|27110|11110000|부산|강남구|서초동|2611000000|서초1동|2|55|0|7|129|29295|341|4615.0|4312|1573715
202412|ADM|46|47110|41110000|부산|강남구|서초동|2614000000|인계동|2|35|2|2|19|43034|238|3334.0|3237|793492
202412|ADM|26|46110|11110000|부산|성남시|서초동|4111000000|역삼1가|2|65|0|9|770|47204|332|4507.0|3766|1496324
202412|ADM|11|41150|11200000|경기|성남시|인계동|1114000000|역삼1가|2|25|3|4|640|44245|354|4833.0|4655|1710882
202412|PRVNC|43|47110|47110000|부산|서초구|서초동|4511000000|인계동|1|50|0|10|911|42948|563|2090.0|1994|1176670
202412|ADM|41|26140|47110000|경기|서초구|역삼동|4413000000|서초1동|2|65|2|8|90|36563|106|6815.0|5798|722390
202412|CNTY_GU|27|47110|42110000|경기|강남구|서초동|1117000000|인계동|1|65|2|7|13|33609|332|3375.0|2486|1120500
202412|CNTY_GU|46|47110|44130000|서울|서초구|인계동|4511000000|역삼1가|2|60|2|1|212|8767|287|7814.0|7765|2242618
202412|ADM|11|11170|11140000|인천|수원시|역삼동|1117000000|역삼1가|1|55|2|3|589|20275|81|6289.0|5594|509409
202412|ADM|43|47110|44130000|대구|강남구|서초동|4115000000|서초1동|2|50|2|5|716|36837|452|4509.0|4427|2038068
202412|ADM|11|11110|41150000|대구|강남구|인계동|1120000000|인계동|2|40|3|1|778|28273|63|2425.0|2156|152775
202412|CNTY_GU|43|28110|11140000|대구|서초구|역삼동|4413000000|서초1동|2|40|1|4|954|45741|436|4997.0|4737|2178692
202412|ADM|41|28110|11200000|서울|성남시|역삼동|1111000000|역삼1가|2|70|3|7|66|32123|471|4248.0|3876|2000808
202412|ADM|46|11200|11140000|서울|수원시|역삼동|2811000000|서초1동|1|25|2|5|161|45065|600|1890.0|1571|1134000
202412|CNTY_GU|44|28110|11170000|경기|성남시|역삼동|4115000000|서초1동|1|70|3|2|525|40617|172|6307.0|5317|1084804
202412|CNTY_GU|45|42110|11170000|경기|수원시|인계동|1114000000|서초1동|1|25|0|6|261|11668|213|1947.0|1782|414711
202412|ADM|11|46110|11140000|경기|서초구|인계동|4611000000|서초1동|1|40|1|4|940|30992|65|7514.0|5878|488410
202412|CNTY_GU|43|11140|43110000|인천|강남구|역삼동|1111000000|역삼1가|1|60|0|5|172|10077|34|7693.0|6590|261562
202412|ADM|47|41110|41130000|경기|성남시|서초동|4211000000|역삼1가|1|40|1|1|144|47104|4|7706.0|6419|30824
202412|ADM|47|45110|41150000|인천|수원시|인계동|2811000000|인계동|2|40|0|4|724|43795|531|1561.0|1162|828891
202412|ADM|45|41150|43110000|경기|수원시|인계동|2811000000|서초1동|1|30|2|6|896|22187|43|4811.0|4010|206873
202412|CNTY_GU|43|11200|41110000|부산|강남구|역삼동|1114000000|서초1동|1|40|2|2|217|25337|716|2854.0|2123|2043464
202412|ADM|47|11110|43110000|서울|성남시|역삼동|4611000000|서초1동|1|70|0|1|680|28709|72|6566.0|4895|472752
202412|ADM|45|43110|44130000|서울|서초구|인계동|4311000000|인계동|2|45|2|9|780|19964|115|4221.0|4056|485415
202412|ADM|47|11200|11110000|대구|서초구|서초동|4211000000|서초1동|2|25|2|5|813|5560|440|2266.0|1770|997040
202412|ADM|27|11200|42110000|경기|수원시|서초동|4111000000|서초1동|2|55|2|4|726|40704|344|4464.0|3749|1535616
202412|CNTY_GU|11|47110|45110000|인천|수원시|역삼동|4311000000|서초1동|2|40|0|10|45|15015|774|2766.0|1952|2140884
202412|ADM|43|41150|41130000|경기|수원시|역삼동|2611000000|역삼1가|2|40|1|4|274|19457|419|2220.0|2185|930180
202412|CNTY_GU|43|42110|41130000|인천|성남시|인계동|4115000000|서초1동|2|20|3|6|521|25420|504|7954.0|7405|4008816
202412|CNTY_GU|42|26140|44130000|부산|강남구|역삼동|1120000000|서초1동|1|30|1|4|116|7848|85|7952.0|7628|675920
202412|CNTY_GU|47|42110|28110000|경기|강남구|인계동|1117000000|서초1동|2|50|0|5|18|35888|591|7894.0|7509|4665354
202412|CNTY_GU|44|28110|46110000|경기|수원시|역삼동|1120000000|인계동|1|50|0|3|715|5363|491|1768.0|1506|868088
202412|ADM|42|11110|43110000|대구|성남시|인계동|2711000000|역삼1가|1|30|0|1|674|12651|390|3047.0|2517|1188330
202412|PRVNC|46|11170|26110000|서울|성남시|인계동|4413000000|서초1동|2|45|0|10|316|24392|536|1371.0|1251|734856
202412|ADM|46|11140|41110000|서울|수원시|역삼동|2811000000|서초1동|1|35|1|4|481|9590|731|7564.0|6872|5529284
202412|ADM|41|42110|42110000|경기|성남시|인계동|4111000000|인계동|1|55|2|1|10|47766|342|4471.0|3874|1529082
202412|PRVNC|45|43110|47110000|경기|수원시|서초동|1120000000|인계동|1|50|0|1|237|20951|194|5640.0|5125|1094160
202412|ADM|11|11110|41110000|부산|서초구|인계동|4111000000|인계동|2|55|2|2|820|29081|420|1276.0|1073|535920
202412|ADM|45|11170|41130000|서울|성남시|서초동|1114000000|서초1동|1|50|0|4|502|36465|201|6285.0|5375|1263285
202412|CNTY_GU|41|42110|11170000|경기|수원시|서초동|4115000000|역삼1가|2|50|0|6|684|19569|670|2406.0|2067|1612020
202412|ADM|26|47110|26110000|경기|수원시|인계동|2614000000|인계동|2|30|0|3|342|34982|163|4619.0|4436|752897
202412|CNTY_GU|44|41110|42110000|서울|서초구|역삼동|2611000000|서초1동|1|30|2|7|850|12622|369|1978.0|1962|729882
202412|ADM|44|26110|41150000|인천|성남시|인계동|4111000000|역삼1가|2|50|0|4|697|22779|265|3387.0|2738|897555
202412|CNTY_GU|46|11140|41110000|경기|성남시|인계동|2711000000|서초1동|1|30|0|4|95|30809|62|1193.0|1033|73966
202412|ADM|27|45110|11140000|부산|성남시|인계동|4113000000|서초1동|1|45|1|1|211|29897|63|4329.0|4169|272727
202412|CNTY_GU|27|47110|11200000|경기|성남시|인계동|1114000000|서초1동|1|55|1|5|331|28136|630|7358.0|6190|4635540
202412|CNTY_GU|26|26110|26140000|서울|수원시|역삼동|4711000000|역삼1가|1|65|1|6|380|32302|450|7151.0|5160|3217950
202412|ADM|46|26140|45110000|인천|수원시|서초동|4211000000|서초1동|2|45|0|7|814|35522|268|5235.0|5005|1402980
202412|PRVNC|47|41130|26140000|대구|수원시|서초동|4511000000|서초1동|1|25|0|3|924|42597|720|1420.0|1049|1022400
202412|CNTY_GU|11|11200|26140000|인천|강남구|인계동|4211000000|서초1동|2|55|0|9|817|17714|279|4327.0|3676|1207233
202412|CNTY_GU|45|43110|11170000|인천|성남시|역삼동|2711000000|인계동|2|40|1|10|77|29537|455|2532.0|2125|1152060
202412|ADM|41|41130|41110000|부산|성남시|서초동|2614000000|인계동|2|40|0|3|79|44087|10|7773.0|5759|77730
202412|ADM|44|26140|44130000|부산|서초구|역삼동|4211000000|서초1동|1|50|2|2|541|19489|586|4690.0|3865|2748340
202412|ADM|45|26140|26110000|인천|성남시|서초동|4611000000|역삼1가|2|45|1|1|295|37916|437|3343.0|2854|1460891
202412|ADM|26|42110|27110000|서울|강남구|서초동|2711000000|서초1동|2|45|0|10|828|19944|488|0.0|0|0
202412|CNTY_GU|26|11200|44130000|대구|강남구|역삼동|4113000000|인계동|1|40|0|7|884|38624|705|3977.0|3419|2803785
202412|ADM|46|44130|41110000|부산|수원시|서초동|4211000000|역삼1가|1|35|2|5|615|23130|197|4515.0|4196|889455
202412|ADM|41|26140|41110000|경기|강남구|역삼동|4211000000|역삼1가|1|70|1|4|442|49281|276|1077.0|756|297252
202412|PRVNC|41|43110|11200000|경기|수원시|역삼동|4413000000|서초1동|2|35|2|2|542|44680|760|2646.0|2607|2010960
202412|CNTY_GU|26|26140|26110000|인천|서초구|서초동|1120000000|인계동|1|70|1|6|571|39268|673|6142.0|5726|4133566
202412|CNTY_GU|46|44130|42110000|서울|수원시|역삼동|2614000000|인계동|2|55|3|8|641|31591|416|1001.0|743|416416
202412|CNTY_GU|47|26140|11170000|부산|수원시|서초동|2711000000|서초1동|2|50|1|10|319|46247|267|5591.0|4978|1492797
202412|CNTY_GU|41|11110|47110000|경기|성남시|인계동|4211000000|역삼1가|2|60|1|7|373|18188|582|5342.0|5215|3109044
202412|PRVNC|46|43110|11170000|서울|수원시|인계동|4111000000|역삼1가|2|55|3|8|192|32607|390|7748.0|6179|3021720
202412|CNTY_GU|45|42110|26110000|대구|수원시|역삼동|4113000000|서초1동|2|40|0|1|192|45744|557|5837.0|4467|3251209
202412|ADM|42|26140|28110000|서울|서초구|인계동|4413000000|인계동|1|55|2|8|114|29945|734|4863.0|4216|3569442
202412|ADM|11|11170|42110000|인천|강남구|인계동|2711000000|인계동|1|55|0|8|150|27749|300|7659.0|5419|2297700
202412|ADM|11|26110|47110000|경기|수원시|역삼동|2711000000|서초1동|1|40|0|2|528|31830|701|1922.0|1352|1347322
202412|CNTY_GU|27|11110|41130000|인천|강남구|역삼동|4511000000|인계동|1|20|3|10|397|23540|641|2641.0|1883|1692881
202412|CNTY_GU|44|11200|11110000|대구|강남구|인계동|2811000000|인계동|1|35|1|6|968|18878|437|1725.0|1588|753825
202412|CNTY_GU|41|47110|28110000|인천|강남구|인계동|4113000000|서초1동|1|25|1|8|706|32388|634|5797.0|4512|3675298
202412|ADM|44|27110|26110000|인천|수원시|역삼동|4115000000|서초1동|2|35|0|10|69|38437|789|6715.0|6472|5298135
202412|PRVNC|11|26140|41110000|인천|서초구|서초동|4115000000|서초1동|2|20|0|1|738|40792|476|4843.0|4337|2305268
202412|CNTY_GU|46|47110|11110000|인천|서초구|서초동|2711000000|인계동|1|45|0|3|548|22943|512|6055.0|5568|3100160
202412|ADM|45|11200|43110000|대구|서초구|서초동|2711000000|서초1동|2|40|1|1|125|23740|47|6215.0|5540|292105
202412|ADM|46|41150|28110000|대구|강남구|서초동|4413000000|인계동|2|45|0|1|776|40537|217|6372.0|5538|1382724
202412|ADM|44|41130|44130000|인천|수원시|인계동|1120000000|서초1동|1|65|1|6|371|47748|693|5359.0|4377|3713787
202412|ADM|26|41110|41110000|부산|수원시|역삼동|2811000000|역삼1가|2|45|0|6|281|45568|533|2984.0|2712|1590472
202412|ADM|42|41150|42110000|경기|강남구|서초동|4511000000|역삼1가|1|50|3|2|140|47541|559|6971.0|6292|3896789
202412|PRVNC|26|41130|47110000|서울|수원시|역삼동|4711000000|서초1동|1|25|2|2|438|9675|409|2136.0|1563|873624
202412|ADM|43|42110|28110000|부산|강남구|서초동|4111000000|서초1동|2|70|2|6|783|19848|323|4788.0|3465|1546524
202412|ADM|45|27110|44130000|대구|강남구|인계동|2711000000|서초1동|2|60|0|5|397|15342|262|1501.0|1300|393262
202412|ADM|45|26140|46110000|대구|성남시|인계동|2811000000|인계동|2|55|0|8|464|18096|74|1129.0|797|83546
202412|CNTY_GU|11|44130|45110000|서울|강남구|서초동|4711000000|서초1동|1|40|0|8|294|18411|135|4228.0|3886|570780
202412|CNTY_GU|26|41150|44130000|서울|성남시|역삼동|4113000000|역삼1가|2|45|0|7|660|16575|576|4277.0|3437|2463552
202412|CNTY_GU|11|45110|11170000|대구|수원시|역삼동|4211000000|인계동|2|55|1|9|712|9280|326|3066.0|2195|999516
202412|CNTY_GU|42|44130|11110000|부산|강남구|인계동|4511000000|서초1동|2|55|0|3|996|15585|81|5535.0|5475|448335
202412|ADM|41|41130|41130000|서울|성남시|인계동|2614000000|서초1동|2|25|2|1|512|14624|690|6877.0|5542|4745130
202412|ADM|46|11140|11170000|경기|성남시|서초동|4113000000|서초1동|1|25|1|3|387|41324|611|4830.0|4749|2951130
202412|CNTY_GU|27|11140|42110000|인천|수원시|서초동|2611000000|서초1동|2|50|3|6|286|13463|578|7560.0|6814|4369680
202412|ADM|46|41110|43110000|대구|수원시|역삼동|1117000000|서초1동|2|40|2|5|637|27168|560|3030.0|2201|1696800
202412|CNTY_GU|46|43110|41110000|인천|서초구|서초동|4115000000|서초1동|1|25|1|7|399|47966|339|2577.0|2045|873603
202412|ADM|46|42110|28110000|경기|성남시|역삼동|4711000000|서초1동|1|30|0|3|575|8390|206|7466.0|6324|1537996
202412|PRVNC|44|27110|11110000|경기|성남시|서초동|4511000000|역삼1가|1|45|3|2|791|31276|175|5695.0|4249|996625
202412|CNTY_GU|46|28110|41150000|부산|서초구|서초동|1114000000|서초1동|1|70|3|4|939|11546|30|7423.0|6712|222690
202412|CNTY_GU|41|41130|41130000|서울|강남구|역삼동|2611000000|서초1동|2|35|3|1|819|11742|462|6398.0|6031|2955876
202412|CNTY_GU|43|45110|44130000|경기|강남구|역삼동|2614000000|인계동|2|45|1|10|848|20723|530|6334.0|5873|3357020
202412|ADM|27|42110|46110000|인천|수원시|인계동|2811000000|인계동|2|35|1|2|929|45812|439|5495.0|4787|2412305
202412|ADM|11|42110|46110000|인천|서초구|서초동|4511000000|서초1동|1|45|0|10|302|19159|554|7769.0|5901|4304026
202412|CNTY_GU|26|11200|11200000|대구|성남시|서초동|4511000000|역삼1가|1|45|0|9|145|7264|95|6522.0|6373|619590
202412|CNTY_GU|11|11170|26140000|대구|강남구|인계동|1114000000|인계동|2|70|0|7|643|13687|543|0.0|0|0
202412|ADM|47|45110|11140000|인천|성남시|인계동|1117000000|역삼1가|2|35|3|6|256|45440|486|1121.0|791|544806
202412|ADM|43|11170|26140000|서울|서초구|인계동|2711000000|인계동|1|40|0|7|698|35747|630|7130.0|6367|4491900
202412|CNTY_GU|42|26110|28110000|경기|서초구|인계동|4113000000|인계동|1|60|2|3|704|13563|153|4168.0|3355|637704
202412|ADM|42|41130|11110000|서울|수원시|서초동|4711000000|역삼1가|1|40|0|1|727|44736|711|2380.0|2034|1692180
202412|ADM|43|11140|26110000|부산|서초구|서초동|4115000000|인계동|1|30|1|1|275|47933|799|7672.0|5551|6129928
202412|ADM|43|11170|41150000|부산|강남구|서초동|2811000000|인계동|2|60|1|1|808|34981|155|1822.0|1288|282410
202412|CNTY_GU|44|11140|28110000|서울|서초구|서초동|2811000000|인계동|1|70|0|4|907|37933|566|3694.0|3471|2090804
202412|ADM|11|27110|26140000|서울|수원시|인계동|2614000000|서초1동|2|35|2|2|89|37038|82|7068.0|6896|579576
202412|CNTY_GU|42|41130|44130000|인천|서초구|서초동|4611000000|인계동|1|50|0|1|765|36248|519|3544.0|3397|1839336
202412|CNTY_GU|43|28110|42110000|경기|강남구|역삼동|1114000000|역삼1가|1|65|2|6|651|31147|190|7902.0|6117|1501380
202412|CNTY_GU|46|42110|43110000|인천|강남구|역삼동|4511000000|서초1동|2|30|3|6|4|44127|759|7299.0|5439|5539941
202412|ADM|26|41110|11140000|인천|강남구|서초동|4711000000|인계동|2|35|3|1|31|38661|735|7724.0|6887|5677140
202412|ADM|26|26110|44130000|경기|수원시|서초동|2611000000|역삼1가|1|40|3|3|77|30016|618|1787.0|1665|1104366
202412|PRVNC|27|11200|41110000|대구|서초구|서초동|4113000000|서초1동|1|60|1|2|745|40301|739|3011.0|2493|2225129
202412|ADM|46|43110|11170000|서울|강남구|인계동|1114000000|서초1동|2|45|0|9|770|15366|368|2473.0|2081|910064
202412|PRVNC|11|11110|11170000|대구|서초구|서초동|1114000000|서초1동|1|55|1|2|238|41788|719|4219.0|3596|3033461
202412|ADM|27|26140|26110000|인천|수원시|서초동|4111000000|역삼1가|1|70|0|9|254|32831|448|2190.0|1591|981120
202412|PRVNC|43|41110|41110000|부산|강남구|인계동|4311000000|역삼1가|1|25|0|7|510|5953|664|2042.0|1844|1355888
202412|ADM|27|26140|26140000|서울|수원시|인계동|4311000000|역삼1가|2|60|0|8|13|17322|212|5754.0|5723|1219848
202412|CNTY_GU|44|27110|27110000|경기|강남구|서초동|4211000000|서초1동|1|60|0|3|625|6326|357|2535.0|2063|904995
202412|ADM|44|11110|44130000|부산|서초구|역삼동|4711000000|인계동|1|35|0|10|885|25061|291|3205.0|2455|932655
202412|ADM|46|41130|11140000|부산|수원시|인계동|4311000000|서초1동|2|35|0|4|440|33408|1|1212.0|1066|1212
202412|CNTY_GU|44|27110|41110000|부산|수원시|서초동|4211000000|서초1동|1|65|2|5|292|12619|252|4790.0|4584|1207080
202412|ADM|46|26140|28110000|대구|강남구|인계동|2614000000|인계동|2|40|1|9|89|34997|21|7273.0|6567|152733
202412|CNTY_GU|41|43110|42110000|서울|성남시|서초동|4311000000|역삼1가|2|60|2|2|374|33445|702|1444.0|1361|1013688
202412|PRVNC|44|41150|11140000|부산|강남구|역삼동|2811000000|서초1동|2|55|3|10|367|5409|211|1896.0|1563|400056
202412|ADM|26|42110|46110000|서울|성남시|역삼동|1117000000|인계동|2|50|1|10|60|32076|204|2464.0|2312|502656
202412|ADM|11|44130|11200000|인천|강남구|인계동|4311000000|인계동|2|35|3|5|755|28186|498|2200.0|1596|1095600
202412|CNTY_GU|26|41150|41110000|경기|서초구|서초동|2811000000|인계동|1|35|2|2|467|5077|89|3961.0|3009|352529
202412|ADM|45|26110|41130000|대구|강남구|인계동|4111000000|서초1동|1|35|2|5|166|31520|481|5781.0|5577|2780661
202412|CNTY_GU|43|45110|27110000|부산|성남시|서초동|1111000000|서초1동|2|55|0|7|57|30929|525|3000.0|2721|1575000
202412|ADM|47|45110|28110000|부산|서초구|서초동|4211000000|서초1동|1|45|2|3|502|31729|575|2793.0|2759|1605975
202412|ADM|44|11110|46110000|대구|수원시|인계동|4611000000|인계동|1|70|1|9|88|36099|305|2459.0|2320|749995
202412|ADM|26|43110|45110000|인천|강남구|역삼동|4311000000|역삼1가|2|60|0|2|668|10480|84|7112.0|6791|597408
202412|ADM|46|11200|41130000|인천|강남구|역삼동|4113000000|인계동|2|40|0|5|713|43016|139|6409.0|5757|890851
202412|CNTY_GU|44|11200|11140000|경기|서초구|인계동|4115000000|인계동|1|70|0|7|146|8843|535|4414.0|3378|2361490
202412|ADM|44|11200|44130000|부산|수원시|역삼동|2611000000|인계동|2|20|1|5|753|22414|708|1336.0|1287|945888
202412|CNTY_GU|26|42110|11140000|인천|강남구|서초동|4511000000|인계동|1|60|2|6|881|21138|425|1721.0|1375|731425
202412|PRVNC|42|41130|43110000|대구|강남구|역삼동|4311000000|역삼1가|1|50|3|10|805|49080|220|6659.0|5090|1464980
202412|CNTY_GU|44|11110|41130000|부산|서초구|역삼동|1117000000|인계동|1|60|1|3|872|27376|667|6553.0|6113|4370851
202412|CNTY_GU|44|41130|41110000|경기|서초구|서초동|4111000000|인계동|2|55|2|7|272|20153|465|5936.0|5661|2760240
202412|ADM|45|27110|41130000|인천|서초구|역삼동|4211000000|역삼1가|2|65|0|4|984|48368|628|7825.0|6330|4914100
202412|ADM|42|41130|42110000|인천|수원시|서초동|4211000000|인계동|2|45|1|4|457|15765|759|6929.0|5343|5259111
202412|ADM|44|41130|11200000|대구|강남구|인계동|4711000000|역삼1가|2|55|2|1|850|9525|758|5594.0|4149|4240252
202412|ADM|47|42110|41130000|인천|수원시|역삼동|2711000000|인계동|2|50|2|3|194|23924|3|1623.0|1467|4869
202412|ADM|44|46110|11110000|인천|성남시|역삼동|2711000000|역삼1가|2|60|0|8|228|44194|519|6175.0|5093|3204825
202412|ADM|43|11170|41130000|경기|서초구|역삼동|2711000000|서초1동|2|25|0|10|498|49330|440|1166.0|971|513040
202412|ADM|46|11170|41150000|서울|서초구|인계동|4111000000|역삼1가|1|35|2|1|687|6870|152|5427.0|5361|824904
202412|CNTY_GU|11|26140|11170000|인천|성남시|서초동|4511000000|역삼1가|1|30|2|2|802|33218|563|3224.0|3146|1815112
202412|CNTY_GU|46|11140|43110000|부산|성남시|역삼동|4311000000|인계동|1|45|0|2|197|45108|239|1235.0|1083|295165
202412|CNTY_GU|11|11110|43110000|인천|수원시|인계동|2614000000|인계동|2|40|0|10|927|31920|19|7993.0|5923|151867
202412|PRVNC|41|42110|42110000|서울|서초구|역삼동|2614000000|역삼1가|2|20|0|9|716|39656|734|1807.0|1492|1326338
202412|CNTY_GU|47|11170|11110000|부산|강남구|인계동|4111000000|인계동|1|30|0|4|802|15372|104|4592.0|3325|477568
202412|ADM|44|42110|47110000|대구|성남시|서초동|4511000000|인계동|1|30|0|1|314|33169|143|1915.0|1565|273845
202412|CNTY_GU|43|11110|41110000|대구|서초구|인계동|1117000000|역삼1가|1|40|0|9|647|43263|211|7090.0|5422|1495990
202412|CNTY_GU|43|26110|46110000|대구|서초구|서초동|4611000000|역삼1가|1|35|2|9|498|31045|488|6705.0|5948|3272040
202412|CNTY_GU|42|28110|42110000|대구|성남시|역삼동|1117000000|서초1동|2|30|2|1|227|25436|144|2167.0|1738|312048
202412|CNTY_GU|26|47110|44130000|경기|성남시|서초동|2711000000|서초1동|1|30|0|4|618|46727|766|3321.0|3066|2543886
202412|CNTY_GU|41|41150|45110000|경기|서초구|서초동|4511000000|인계동|1|50|2|6|500|6150|136|1841.0|1746|250376
202412|ADM|47|26140|27110000|대구|서초구|역삼동|4311000000|인계동|2|20|2|9|381|37296|25|2180.0|2038|54500
202412|ADM|11|27110|11170000|서울|수원시|역삼동|4711000000|역삼1가|2|45|0|6|632|33624|101|4208.0|3623|425008
202412|CNTY_GU|47|46110|45110000|서울|서초구|서초동|4113000000|인계동|2|40|0|3|571|42515|136|1815.0|1384|246840
202412|ADM|26|26140|26140000|서울|성남시|역삼동|1114000000|서초1동|2|55|0|7|988|39882|136|3667.0|3003|498712
202412|ADM|44|42110|27110000|경기|강남구|인계동|1120000000|역삼1가|2|55|0|5|909|30381|318|7626.0|6276|2425068
202412|CNTY_GU|41|11110|42110000|경기|강남구|서초동|2611000000|서초1동|1|45|0|5|914|48181|493|4903.0|3841|2417179
202412|ADM|42|11140|42110000|서울|성남시|서초동|4711000000|역삼1가|2|45|1|9|302|25226|766|6493.0|5845|4973638
202412|CNTY_GU|26|45110|44130000|인천|수원시|서초동|4511000000|역삼1가|1|20|2|9|415|48799|606|2759.0|2222|1671954
202412|ADM|11|45110|46110000|경기|성남시|서초동|2614000000|인계동|1|50|1|4|54|37346|142|7761.0|5608|1102062
202412|ADM|47|42110|41150000|경기|강남구|서초동|2614000000|역삼1가|2|60|2|6|895|26914|236|6839.0|5881|1614004
202412|ADM|27|41110|43110000|경기|수원시|인계동|2614000000|서초1동|1|65|1|9|934|5701|220|4184.0|2963|920480
202412|ADM|43|46110|41150000|대구|성남시|인계동|4211000000|인계동|1|65|1|8|642|25061|21|1472.0|1211|30912
202412|CNTY_GU|45|41130|28110000|인천|서초구|역삼동|4511000000|인계동|1|60|1|3|45|41765|238|7175.0|6014|1707650
202412|PRVNC|46|41150|41150000|인천|강남구|인계동|1114000000|역삼1가|2|35|2|6|432|7949|14|1491.0|1417|20874
202412|CNTY_GU|45|42110|11170000|경기|성남시|인계동|4511000000|역삼1가|2|50|0|4|22|29964|553|7851.0|7444|4341603
202412|ADM|42|41150|27110000|대구|성남시|인계동|1111000000|서초1동|1|45|3|9|12|31045|668|5320.0|4653|3553760
202412|CNTY_GU|45|11200|27110000|서울|서초구|역삼동|2611000000|역삼1가|2|25|3|1|496|6553|159|5174.0|3841|822666
202412|ADM|42|26110|41110000|서울|서초구|인계동|4115000000|인계동|1|70|3|3|751|13307|92|1778.0|1414|163576
202412|CNTY_GU|26|42110|26140000|경기|수원시|서초동|4111000000|역삼1가|2|70|0|9|704|44731|295|6292.0|5295|1856140
202412|CNTY_GU|47|41150|28110000|부산|강남구|인계동|4211000000|인계동|2|50|1|8|115|23154|145|5409.0|4895|784305
202412|CNTY_GU|41|41150|41130000|대구|강남구|인계동|4611000000|역삼1가|1|55|1|9|558|27712|710|4915.0|4914|3489650
202412|ADM|41|28110|46110000|경기|성남시|서초동|2711000000|서초1동|2|55|3|7|183|47204|374|3117.0|2262|1165758
202412|PRVNC|42|42110|43110000|인천|수원시|역삼동|4311000000|역삼1가|1|45|0|4|256|43862|60|2191.0|1593|131460
202412|CNTY_GU|26|46110|41130000|서울|서초구|역삼동|1120000000|인계동|1|40|0|6|943|25952|479|7238.0|5503|3467002
202412|ADM|27|26110|43110000|서울|수원시|역삼동|4113000000|서초1동|2|65|1|8|156|29213|131|6064.0|5176|794384
202412|ADM|46|45110|46110000|대구|성남시|역삼동|4311000000|인계동|2|50|0|10|295|36768|431|7971.0|5890|3435501
202412|CNTY_GU|43|44130|27110000|경기|서초구|서초동|2611000000|인계동|2|40|2|8|936|42018|183|3772.0|3530|690276
202412|ADM|41|11200|43110000|대구|성남시|인계동|4611000000|서초1동|1|30|1|7|188|19773|3|7919.0|6022|23757
202412|ADM|47|47110|42110000|서울|성남시|역삼동|1117000000|인계동|2|40|0|4|344|39583|67|6363.0|6105|426321
202412|ADM|11|47110|26140000|부산|서초구|서초동|4311000000|인계동|2|30|2|8|700|45736|591|6531.0|5435|3859821
202412|ADM|42|47110|46110000|인천|성남시|인계동|1114000000|인계동|1|40|0|7|108|22088|459|6623.0|5330|3039957
202412|CNTY_GU|11|43110|26140000|인천|강남구|인계동|1120000000|서초1동|1|65|3|5|695|45716|239|7822.0|5892|1869458
202412|CNTY_GU|47|11200|41150000|대구|강남구|역삼동|2811000000|역삼1가|1|60|1|7|593|33320|458|4378.0|3369|2005124
202412|ADM|44|26140|45110000|부산|강남구|서초동|2811000000|서초1동|2|40|2|7|35|25806|556|6426.0|6390|3572856
202412|CNTY_GU|26|45110|47110000|인천|수원시|서초동|4113000000|서초1동|2|45|0|4|91|45463|141|7860.0|5722|1108260
202412|CNTY_GU|26|28110|27110000|인천|서초구|인계동|1111000000|서초1동|1|40|1|5|354|20626|531|7375.0|5245|3916125
202412|CNTY_GU|44|41130|11200000|인천|성남시|역삼동|4111000000|서초1동|2|40|2|3|534|46608|586|6813.0|5082|3992418
202412|CNTY_GU|26|43110|43110000|인천|서초구|서초동|4111000000|서초1동|1|65|0|7|669|38856|73|4226.0|4031|308498
202412|CNTY_GU|11|45110|45110000|인천|강남구|서초동|2611000000|역삼1가|1|30|0|3|688|19238|774|6100.0|4905|4721400
202412|CNTY_GU|27|26110|26110000|대구|성남시|서초동|4113000000|서초1동|2|35|0|6|109|7362|151|6515.0|6026|983765
202412|ADM|46|41150|46110000|대구|서초구|서초동|4111000000|역삼1가|1|65|2|4|741|33393|37|3623.0|3608|134051
202412|PRVNC|46|11110|11140000|인천|수원시|서초동|1111000000|인계동|1|60|0|9|812|24762|104|7339.0|5241|763256
202412|CNTY_GU|43|28110|47110000|대구|성남시|역삼동|4413000000|역삼1가|1|65|0|7|799|12562|595|5882.0|4750|3499790
202412|ADM|27|26140|11200000|경기|서초구|역삼동|4711000000|서초1동|2|55|0|4|432|9767|143|3110.0|2929|444730
202412|PRVNC|27|41130|45110000|대구|성남시|역삼동|2711000000|인계동|2|55|1|8|54|39748|529|5275.0|3818|2790475
202412|ADM|47|11140|11140000|경기|수원시|서초동|4113000000|역삼1가|1|45|2|3|716|27125|518|7210.0|6992|3734780
202412|ADM|41|41150|26140000|서울|강남구|역삼동|4115000000|역삼1가|2|40|3|3|419|43903|193|4957.0|3988|956701
202412|CNTY_GU|43|43110|46110000|경기|강남구|역삼동|4311000000|서초1동|1|70|0|9|759|38948|378|3822.0|2684|1444716
202412|CNTY_GU|43|42110|41150000|대구|수원시|서초동|2811000000|서초1동|1|35|0|10|700|27314|38|1448.0|1259|55024
202412|ADM|44|11200|11140000|서울|수원시|역삼동|1117000000|서초1동|2|40|0|6|24|26019|422|2864.0|2187|1208608
202412|PRVNC|43|41130|43110000|부산|수원시|서초동|4211000000|서초1동|2|70|0|2|286|20260|543|6528.0|5118|3544704
202412|CNTY_GU|46|47110|43110000|대구|서초구|인계동|4311000000|서초1동|2|40|1|8|718|15261|668|7118.0|5300|4754824
202412|ADM|27|26140|44130000|경기|수원시|인계동|2711000000|역삼1가|1|50|0|1|293|43506|516|1971.0|1498|1017036
202412|PRVNC|43|26140|42110000|서울|수원시|역삼동|4311000000|서초1동|2|65|1|6|814|39025|50|6543.0|6424|327150
202412|CNTY_GU|42|27110|11200000|인천|성남시|서초동|4611000000|인계동|1|30|2|2|149|35116|53|2968.0|2505|157304
202412|CNTY_GU|44|11110|27110000|경기|강남구|역삼동|2811000000|서초1동|2|25|0|9|226|28644|315|5467.0|4201|1722105
202412|ADM|46|43110|47110000|경기|수원시|서초동|1114000000|역삼1가|2|30|0|1|3|6930|378|2642.0|2186|998676
202412|CNTY_GU|11|11200|47110000|서울|수원시|서초동|2811000000|역삼1가|1|65|2|5|227|16503|369|3786.0|3494|1397034
202412|CNTY_GU|44|45110|28110000|부산|수원시|역삼동|1114000000|역삼1가|1|65|0|5|738|48151|744|0.0|0|0
202412|CNTY_GU|42|45110|28110000|대구|서초구|인계동|1117000000|서초1동|1|40|1|8|374|38868|281|7461.0|7162|2096541
202412|ADM|46|26110|47110000|대구|서초구|서초동|2811000000|인계동|1|60|0|3|291|33027|61|7705.0|5712|470005
202412|ADM|45|11200|11110000|서울|서초구|서초동|4413000000|서초1동|2|30|0|8|436|17071|750|1122.0|956|841500
202412|ADM|11|43110|11200000|부산|수원시|서초동|2611000000|인계동|2|40|2|9|810|16429|230|5496.0|4877|1264080
202412|CNTY_GU|27|26140|45110000|경기|수원시|역삼동|2614000000|인계동|1|60|3|10|936|9411|580|5304.0|4467|3076320
202412|ADM|46|28110|43110000|서울|수원시|역삼동|1114000000|역삼1가|2|35|0|3|223|23140|219|1805.0|1657|395295
202412|CNTY_GU|44|27110|41150000|대구|성남시|서초동|4211000000|역삼1가|1|35|1|10|863|47163|336|3560.0|2988|1196160
202412|PRVNC|47|43110|41130000|인천|서초구|역삼동|4711000000|역삼1가|1|60|0|9|847|12818|29|3421.0|2719|99209
202412|CNTY_GU|42|11200|45110000|경기|서초구|서초동|4211000000|역삼1가|1|45|0|8|720|18958|663|6507.0|5459|4314141
202412|ADM|11|11140|26140000|서울|서초구|인계동|4211000000|서초1동|2|30|1|8|886|11917|205|4248.0|3194|870840
202412|ADM|44|46110|44130000|서울|성남시|서초동|1120000000|역삼1가|1|30|1|10|571|32844|670|6837.0|5300|4580790
202412|PRVNC|26|41150|26110000|인천|수원시|역삼동|2614000000|서초1동|2|30|1|10|903|20493|540|7156.0|6480|3864240
202412|CNTY_GU|11|41150|42110000|서울|수원시|인계동|1114000000|역삼1가|2|40|0|2|552|47884|139|1751.0|1525|243389
202412|CNTY_GU|47|46110|11110000|부산|서초구|서초동|4611000000|서초1동|2|40|1|5|781|44581|630|5852.0|5130|3686760
202412|CNTY_GU|27|11110|28110000|서울|서초구|서초동|2611000000|역삼1가|1|40|3|10|299|16082|307|1944.0|1854|596808
202412|ADM|26|11170|41130000|대구|수원시|인계동|1111000000|서초1동|2|40|2|6|67|36235|430|3331.0|2531|1432330
202412|CNTY_GU|45|46110|41130000|부산|강남구|서초동|1111000000|인계동|1|65|2|8|411|13549|590|2731.0|2360|1611290
202412|CNTY_GU|26|45110|11200000|인천|서초구|인계동|1120000000|서초1동|1|40|2|6|307|49678|757|5374.0|4177|4068118
202412|CNTY_GU|43|11140|26110000|대구|수원시|서초동|1111000000|인계동|2|70|0|1|189|43095|298|3489.0|2935|1039722
202412|ADM|47|28110|44130000|대구|서초구|서초동|4511000000|인계동|2|65|1|4|547|29399|521|2319.0|2270|1208199
202412|ADM|46|11110|11200000|부산|성남시|역삼동|4211000000|서초1동|2|65|0|3|886|29182|298|2621.0|2091|781058
202412|CNTY_GU|41|27110|11170000|경기|수원시|역삼동|4413000000|인계동|1|55|0|1|617|6548|653|5600.0|5184|3656800
202412|CNTY_GU|43|11200|43110000|대구|수원시|서초동|1117000000|서초1동|1|35|3|10|225|40390|214|7775.0|6053|1663850
202412|ADM|44|27110|26140000|경기|수원시|인계동|1117000000|서초1동|2|70|1|2|507|20365|671|7690.0|6307|5159990
202412|ADM|47|46110|42110000|인천|강남구|인계동|4711000000|서초1동|2|55|2|9|484|45904|458|2478.0|1858|1134924
202412|ADM|47|26140|28110000|경기|강남구|역삼동|4115000000|인계동|2|60|0|3|532|20064|102|6646.0|5127|677892
202412|CNTY_GU|26|45110|41150000|서울|성남시|역삼동|2611000000|서초1동|1|50|1|5|687|29607|80|6335.0|5019|506800
202412|CNTY_GU|47|11110|43110000|서울|성남시|서초동|1111000000|서초1동|2|60|0|5|65|9875|453|5941.0|5156|2691273
202412|CNTY_GU|26|11170|28110000|경기|서초구|서초동|1117000000|인계동|1|25|2|2|913|48054|134|6043.0|5080|809762
202412|ADM|43|44130|11140000|경기|서초구|인계동|1117000000|역삼1가|2|20|1|8|503|39006|195|4371.0|3905|852345
202412|CNTY_GU|26|45110|43110000|경기|서초구|인계동|4413000000|서초1동|2|65|0|3|659|24997|60|6070.0|4731|364200
202412|CNTY_GU|44|43110|26110000|경기|수원시|인계동|2811000000|서초1동|2|30|1|8|226|23662|769|4367.0|4030|3358223
202412|CNTY_GU|42|41110|41150000|서울|강남구|서초동|1114000000|역삼1가|2|50|2|7|43|31123|684|5918.0|5289|4047912
202412|ADM|46|47110|44130000|부산|서초구|역삼동|1117000000|인계동|2|60|2|4|382|48288|564|6021.0|4392|3395844
202412|CNTY_GU|26|28110|41130000|경기|서초구|서초동|2611000000|인계동|2|45|1|3|884|24889|286|7958.0|7241|2275988
202412|ADM|27|11110|46110000|경기|성남시|인계동|1120000000|서초1동|1|35|2|7|241|34020|256|5840.0|4855|1495040
202412|ADM|45|11110|28110000|서울|강남구|인계동|2811000000|인계동|1|45|1|9|772|20615|676|6952.0|6214|4699552
202412|ADM|42|46110|11110000|인천|성남시|인계동|2811000000|서초1동|1|55|0|1|439|16213|434|7148.0|5823|3102232
202412|PRVNC|46|11110|41150000|대구|수원시|인계동|4115000000|서초1동|1|20|2|9|861|19563|232|3072.0|2739|712704
202412|ADM|11|11140|27110000|부산|수원시|역삼동|1117000000|인계동|1|40|3|1|209|24776|487|5781.0|4796|2815347
202412|ADM|45|41130|47110000|서울|성남시|역삼동|4611000000|역삼1가|2|60|0|6|511|15290|510|1483.0|1205|756330
202412|ADM|26|47110|47110000|서울|수원시|인계동|1117000000|인계동|1|30|0|7|924|25969|422|1736.0|1428|732592
202412|ADM|44|41110|41150000|대구|서초구|역삼동|4111000000|역삼1가|2|40|0|7|885|15985|712|5658.0|4001|4028496
202412|ADM|11|47110|41110000|서울|성남시|역삼동|4211000000|역삼1가|1|50|3|9|80|22683|745|5411.0|5005|4031195
202412|CNTY_GU|11|41110|41150000|대구|성남시|서초동|1117000000|역삼1가|2|35|0|8|147|11557|581|5856.0|5428|3402336
202412|ADM|46|47110|43110000|인천|성남시|역삼동|4111000000|인계동|2|40|3|6|890|22091|766|2054.0|1636|1573364
202412|CNTY_GU|11|26110|44130000|서울|성남시|역삼동|4511000000|인계동|2|55|0|8|931|18754|427|2462.0|1820|1051274
202412|ADM|41|27110|11200000|경기|성남시|역삼동|2711000000|인계동|2|70|2|5|787|34780|499|7460.0|5377|3722540
202412|CNTY_GU|43|11110|26110000|경기|수원시|인계동|4211000000|역삼1가|2|55|0|5|198|7004|4|2117.0|1635|8468
202412|CNTY_GU|42|43110|47110000|서울|서초구|인계동|4211000000|인계동|2|50|3|9|249|11606|451|3677.0|2983|1658327
202412|ADM|46|41130|46110000|대구|강남구|서초동|1114000000|역삼1가|2|50|3|5|105|48620|680|1889.0|1880|1284520
202412|ADM|44|28110|47110000|대구|성남시|서초동|1120000000|서초1동|1|35|1|7|774|33409|762|7354.0|5735|5603748
202412|ADM|44|46110|46110000|대구|서초구|인계동|1111000000|역삼1가|2|50|0|9|752|31913|79|6080.0|6022|480320
202412|PRVNC|47|26140|11110000|대구|수원시|인계동|2711000000|인계동|2|45|0|10|604|44175|2|5114.0|4182|10228
202412|CNTY_GU|42|44130|44130000|경기|성남시|역삼동|1120000000|인계동|2|60|1|4|932|47966|198|6644.0|5740|1315512
202412|ADM|26|28110|41110000|경기|서초구|인계동|4111000000|서초1동|1|45|1|1|668|12694|457|1315.0|1166|600955
202412|ADM|41|26140|27110000|부산|서초구|서초동|1120000000|인계동|1|65|3|3|133|26524|4|2852.0|2515|11408
202412|CNTY_GU|43|26110|46110000|인천|강남구|서초동|1120000000|역삼1가|2|60|2|3|345|32263|375|3507.0|2607|1315125
202412|CNTY_GU|11|27110|41130000|부산|서초구|역삼동|4115000000|역삼1가|2|40|0|7|493|31152|727|6600.0|4977|4798200
202412|CNTY_GU|47|28110|26110000|서울|수원시|인계동|1117000000|인계동|1|45|2|3|34|29574|24|1211.0|927|29064
202412|CNTY_GU|27|44130|11200000|서울|강남구|인계동|4211000000|역삼1가|1|40|0|4|606|13090|652|1908.0|1751|1244016
202412|ADM|27|41110|27110000|대구|서초구|역삼동|4113000000|서초1동|2|60|1|5|202|35239|123|3481.0|2952|428163
202412|ADM|41|26140|11110000|경기|강남구|서초동|4113000000|역삼1가|1|20|0|9|647|5901|360|7295.0|6848|2626200
202412|ADM|46|47110|26110000|경기|수원시|인계동|4211000000|서초1동|2|35|0|10|308|12394|228|2757.0|2741|628596
202412|CNTY_GU|27|11110|27110000|대구|수원시|인계동|1111000000|역삼1가|1|70|1|2|593|48204|355|6764.0|5546|2401220
202412|CNTY_GU|43|41130|46110000|경기|성남시|인계동|4111000000|인계동|1|40|1|5|370|32248|790|2890.0|2109|2283100
202412|ADM|42|41150|45110000|대구|수원시|역삼동|4611000000|역삼1가|2|40|0|3|271|13025|762|4007.0|3576|3053334
202412|CNTY_GU|43|11170|46110000|부산|서초구|역삼동|2614000000|인계동|2|60|0|10|770|34453|160|7925.0|5936|1268000
202412|ADM|41|41130|11170000|부산|수원시|서초동|4115000000|역삼1가|1|40|3|3|19|21229|301|2272.0|1828|683872
202412|PRVNC|43|11140|26140000|대구|서초구|서초동|1117000000|인계동|1|35|0|5|656|13979|291|1316.0|1045|382956
202412|ADM|26|45110|41130000|경기|강남구|인계동|2811000000|역삼1가|1|50|1|8|930|45373|702|1557.0|1556|1093014
202412|PRVNC|44|41130|41130000|대구|성남시|역삼동|4211000000|서초1동|1|50|0|8|547|15347|110|3100.0|3007|341000
202412|ADM|46|27110|46110000|부산|수원시|역삼동|4111000000|서초1동|1|55|3|5|211|22174|104|2986.0|2403|310544
202412|ADM|44|11140|11110000|경기|성남시|서초동|1114000000|인계동|2|55|0|5|403|17857|63|6098.0|5202|384174
202412|CNTY_GU|11|46110|26140000|부산|강남구|서초동|4115000000|서초1동|2|70|0|6|51|11609|129|1831.0|1410|236199
202412|ADM|26|42110|42110000|서울|강남구|역삼동|4511000000|서초1동|1|25|0|6|681|44386|131|6776.0|5709|887656
202412|ADM|26|11170|41110000|대구|성남시|역삼동|1111000000|서초1동|2|65|1|6|433|36323|606|7038.0|4989|4265028
202412|ADM|44|11110|45110000|부산|성남시|서초동|4311000000|서초1동|2|35|0|8|128|25290|187|2066.0|1503|386342
202412|ADM|11|26110|44130000|서울|서초구|서초동|4611000000|역삼1가|2|30|2|6|936|13075|796|5251.0|4146|4179796
202412|CNTY_GU|47|46110|11170000|경기|서초구|서초동|4111000000|서초1동|1|45|0|7|730|19511|468|7854.0|7768|3675672
202412|ADM|27|11140|41130000|인천|서초구|역삼동|4711000000|인계동|1|65|2|9|27|40511|702|6555.0|4737|4601610
202412|CNTY_GU|27|42110|43110000|경기|강남구|인계동|2611000000|인계동|1|70|3|2|908|6888|63|6960.0|6226|438480
202412|CNTY_GU|45|11140|41130000|경기|수원시|서초동|2614000000|서초1동|1|50|3|10|549|29996|560|5641.0|4200|3158960
202412|ADM|26|41130|41150000|서울|서초구|서초동|1120000000|서초1동|1|35|1|10|242|18949|69|3103.0|2596|214107
202412|ADM|47|26110|11110000|대구|성남시|역삼동|4211000000|인계동|2|35|3|10|414|33950|452|3650.0|2571|1649800
202412|ADM|43|47110|11170000|대구|성남시|역삼동|2711000000|역삼1가|2|50|0|2|906|39228|497|1210.0|1045|601370
202412|CNTY_GU|44|28110|11200000|경기|강남구|서초동|1120000000|서초1동|1|60|0|5|195|13369|183|2441.0|2072|446703
202412|ADM|43|11200|26140000|인천|서초구|인계동|4111000000|인계동|1|30|1|8|682|45584|450|1485.0|1453|668250
202412|CNTY_GU|42|11140|11140000|대구|성남시|인계동|1114000000|인계동|2|25|1|7|645|17864|613|1969.0|1565|1206997
202412|PRVNC|45|46110|26140000|인천|수원시|서초동|4115000000|서초1동|1|60|1|9|249|39334|341|1799.0|1712|613459
202412|CNTY_GU|46|47110|11170000|서울|성남시|서초동|4611000000|역삼1가|1|30|2|2|113|10628|184|3286.0|3089|604624
202412|ADM|26|11110|27110000|부산|수원시|인계동|2711000000|서초1동|2|50|3|8|743|44346|734|7301.0|5694|5358934
202412|ADM|43|11110|43110000|인천|성남시|인계동|4511000000|역삼1가|2|25|0|7|994|34441|58|2713.0|2268|157354
202412|ADM|43|11110|27110000|대구|강남구|인계동|4111000000|서초1동|1|50|0|6|821|28646|796|1640.0|1495|1305440
202412|ADM|26|27110|43110000|인천|수원시|서초동|4111000000|인계동|1|50|0|6|133|40617|372|7190.0|6078|2674680
202412|CNTY_GU|41|26110|26140000|대구|강남구|인계동|4611000000|인계동|1|60|1|6|936|29370|260|4939.0|4135|1284140
202412|ADM|11|11170|27110000|서울|강남구|서초동|4211000000|서초1동|2|55|1|7|409|22341|46|1539.0|1456|70794
202412|PRVNC|26|46110|11200000|대구|성남시|인계동|1114000000|역삼1가|2|50|1|4|751|15532|339|7897.0|7455|2677083
202412|ADM|26|11140|27110000|대구|서초구|서초동|4211000000|서초1동|1|70|0|2|60|32340|744|3755.0|2987|2793720
202412|ADM|26|11200|43110000|부산|성남시|역삼동|4711000000|서초1동|2|30|0|1|856|19403|294|5438.0|5177|1598772
202412|CNTY_GU|42|11170|42110000|부산|서초구|서초동|4111000000|서초1동|2|40|0|9|630|17303|705|1528.0|1272|1077240
202412|CNTY_GU|42|41110|42110000|부산|강남구|역삼동|2711000000|역삼1가|1|25|2|4|596|48209|751|5165.0|3907|3878915
202412|ADM|11|43110|47110000|인천|서초구|역삼동|4413000000|서초1동|2|70|0|1|719|15389|245|5776.0|4957|1415120
202412|ADM|11|44130|41110000|인천|수원시|서초동|2614000000|서초1동|1|50|2|6|484|34226|298|2633.0|2297|784634
202412|ADM|42|47110|42110000|서울|수원시|인계동|1117000000|서초1동|1|65|2|2|576|16189|269|5102.0|3755|1372438
202412|CNTY_GU|27|41130|11110000|부산|수원시|역삼동|2811000000|인계동|1|30|3|10|79|18449|371|1193.0|1060|442603
202412|ADM|45|26110|45110000|서울|수원시|서초동|4111000000|인계동|1|20|1|9|893|41067|791|2307.0|1761|1824837
202412|CNTY_GU|27|42110|28110000|부산|서초구|서초동|4711000000|서초1동|1|40|1|1|235|38276|765|7863.0|6177|6015195
202412|PRVNC|47|44130|11110000|인천|수원시|서초동|4111000000|인계동|2|30|2|4|8|5602|501|1554.0|1209|778554
202412|ADM|42|26140|11170000|경기|서초구|인계동|4611000000|서초1동|2|50|2|8|876|5468|599|5866.0|5620|3513734
202412|CNTY_GU|27|42110|11170000|인천|수원시|역삼동|2611000000|서초1동|2|45|3|10|607|18547|770|3451.0|3355|2657270
202412|CNTY_GU|42|43110|46110000|경기|수원시|역삼동|4511000000|서초1동|1|30|1|2|783|43891|130|5096.0|4256|662480
202412|ADM|45|11140|28110000|대구|강남구|역삼동|4211000000|역삼1가|1|50|1|9|864|42657|566|1998.0|1601|1130868
202412|PRVNC|11|46110|41150000|서울|서초구|인계동|1111000000|인계동|1|60|0|1|347|27888|709|0.0|0|0
202412|CNTY_GU|47|45110|47110000|경기|성남시|역삼동|4113000000|역삼1가|1|50|0|4|275|49137|531|1374.0|1348|729594
202412|ADM|26|28110|11200000|대구|수원시|역삼동|4111000000|서초1동|2|50|3|8|54|9672|455|4385.0|3414|1995175
202412|ADM|44|43110|27110000|인천|강남구|역삼동|4311000000|역삼1가|1|25|1|6|636|28787|728|1045.0|844|760760
202412|CNTY_GU|27|27110|11200000|인천|수원시|서초동|2811000000|역삼1가|2|35|2|2|330|12427|374|7701.0|6490|2880174
202412|CNTY_GU|27|45110|26140000|부산|성남시|인계동|1120000000|역삼1가|2|65|0|8|178|27315|569|6253.0|4996|3557957
202412|ADM|27|41130|28110000|대구|수원시|역삼동|4111000000|역삼1가|2|60|1|5|433|41424|780|4707.0|4235|3671460
202412|ADM|26|26140|27110000|경기|서초구|서초동|1114000000|서초1동|2|65|1|9|853|7490|403|3978.0|3821|1603134
202412|CNTY_GU|46|26110|26140000|대구|서초구|역삼동|4611000000|인계동|1|50|0|8|197|20594|677|1364.0|1160|923428
202412|CNTY_GU|26|42110|26140000|서울|수원시|인계동|4211000000|서초1동|1|65|1|10|227|5199|589|2877.0|2661|1694553
202412|CNTY_GU|42|28110|42110000|인천|강남구|역삼동|4211000000|인계동|1|60|0|3|576|19007|300|4084.0|3417|1225200
202412|ADM|42|26140|11110000|경기|강남구|역삼동|4113000000|서초1동|2|25|0|1|15|38878|652|2797.0|2164|1823644
202412|CNTY_GU|45|41110|11140000|부산|서초구|역삼동|1120000000|인계동|2|60|1|3|980|36309|310|3746.0|3037|1161260
202412|PRVNC|11|41150|41150000|서울|수원시|인계동|1111000000|인계동|2|40|2|3|24|15944|85|6661.0|6348|566185
202412|ADM|44|45110|45110000|서울|서초구|인계동|1120000000|인계동|2|50|1|7|273|45354|2|3279.0|2477|6558
202412|PRVNC|44|11110|41130000|대구|성남시|역삼동|1120000000|서초1동|2|35|0|6|161|14268|216|6612.0|5619|1428192
202412|PRVNC|43|41110|28110000|인천|성남시|서초동|2611000000|역삼1가|1|35|1|2|765|22613|444|2365.0|1841|1050060
202412|ADM|42|45110|26110000|경기|성남시|역삼동|4511000000|역삼1가|1|25|2|2|880|5340|781|7144.0|6409|5579464
202412|ADM|45|28110|26110000|부산|서초구|인계동|1120000000|서초1동|1|35|1|8|237|41858|121|5094.0|4841|616374
202412|ADM|47|26140|11110000|경기|성남시|인계동|1117000000|인계동|1|50|2|3|795|29806|267|1141.0|801|304647
202412|CNTY_GU|11|11200|27110000|경기|성남시|역삼동|1117000000|역삼1가|2|25|0|10|632|5551|346|2842.0|2527|983332
202412|PRVNC|43|28110|46110000|인천|서초구|인계동|4115000000|역삼1가|1|40|2|10|156|19020|106|6516.0|5822|690696
202412|ADM|44|11110|44130000|부산|서초구|역삼동|1111000000|서초1동|2|45|2|2|211|6165|4|1400.0|1308|5600
202412|CNTY_GU|44|28110|28110000|인천|서초구|서초동|4211000000|인계동|1|35|3|8|625|37433|273|7133.0|6174|1947309
202412|ADM|45|41150|26140000|인천|성남시|인계동|4115000000|역삼1가|2|55|0|8|718|18150|745|2141.0|1819|1595045
202412|ADM|11|11140|42110000|부산|서초구|서초동|2711000000|인계동|2|45|0|2|351|36266|357|2727.0|2408|973539
202412|CNTY_GU|26|11110|11200000|인천|성남시|서초동|2711000000|역삼1가|1|60|1|3|680|10267|81|4131.0|3030|334611
202412|CNTY_GU|47|27110|44130000|경기|서초구|서초동|1111000000|서초1동|1|70|3|6|158|26167|38|3674.0|3329|139612
202412|CNTY_GU|26|42110|28110000|인천|서초구|인계동|1111000000|서초1동|1|70|1|5|712|13194|459|3056.0|2437|1402704
202412|ADM|26|11200|41150000|경기|성남시|역삼동|4115000000|서초1동|2|60|0|1|103|47780|440|1309.0|1203|575960
202412|PRVNC|47|42110|46110000|경기|서초구|서초동|4113000000|역삼1가|1|45|1|2|993|47375|242|4919.0|3520|1190398
202412|CNTY_GU|47|11170|11110000|인천|강남구|서초동|4113000000|인계동|1|55|1|10|963|21623|159|2785.0|2016|442815
202412|ADM|46|11200|11140000|대구|강남구|역삼동|4511000000|역삼1가|1|50|0|9|461|47145|148|1878.0|1822|277944
202412|CNTY_GU|41|41130|46110000|인천|성남시|인계동|2811000000|서초1동|2|70|1|9|83|36862|213|2517.0|2263|536121
202412|CNTY_GU|47|41150|45110000|대구|성남시|인계동|2614000000|역삼1가|1|30|0|1|349|26413|7|2933.0|2908|20531
202412|CNTY_GU|46|44130|28110000|대구|수원시|인계동|2614000000|서초1동|1|55|0|6|636|30741|736|4669.0|3302|3436384
202412|CNTY_GU|11|46110|26110000|인천|강남구|인계동|4511000000|역삼1가|2|50|0|6|77|45705|329|4144.0|3236|1363376
202412|CNTY_GU|42|41110|47110000|인천|수원시|인계동|4511000000|인계동|1|60|0|10|55|21229|387|4230.0|3082|1637010
202412|CNTY_GU|41|27110|46110000|경기|강남구|역삼동|2711000000|인계동|2|30|0|8|8|36979|302|2161.0|1755|652622
202412|PRVNC|41|46110|46110000|경기|강남구|역삼동|4511000000|역삼1가|1|30|0|3|729|39334|634|1394.0|1218|883796
202412|ADM|43|45110|11110000|인천|성남시|역삼동|4211000000|서초1동|1|65|2|10|320|44647|146|6062.0|4729|885052
202412|ADM|42|43110|11170000|부산|서초구|인계동|2811000000|인계동|1|40|1|9|445|41270|690|3702.0|2916|2554380
202412|ADM|42|26110|26140000|인천|서초구|서초동|2614000000|인계동|1|65|2|6|817|48632|164|6810.0|5053|1116840
202412|CNTY_GU|47|11170|41110000|서울|강남구|서초동|4115000000|인계동|2|30|0|10|672|11832|414|6139.0|4562|2541546
202412|CNTY_GU|11|45110|47110000|대구|수원시|인계동|2811000000|역삼1가|2|25|3|1|114|35511|20|1125.0|862|22500
202412|ADM|45|28110|26140000|대구|강남구|인계동|2611000000|인계동|1|40|1|7|432|13102|151|4308.0|3424|650508
202412|PRVNC|43|47110|11200000|부산|수원시|인계동|2611000000|역삼1가|1|30|0|3|703|16151|26|3178.0|3034|82628
202412|CNTY_GU|47|43110|28110000|부산|수원시|역삼동|4113000000|서초1동|1|70|1|9|746|16538|219|6058.0|5310|1326702
202412|ADM|26|26140|26140000|대구|강남구|역삼동|2611000000|서초1동|1|40|2|2|796|44160|483|1205.0|854|582015
202412|PRVNC|42|47110|44130000|대구|성남시|서초동|1114000000|인계동|2|45|3|1|747|20478|681|3897.0|3144|2653857
202412|CNTY_GU|41|11110|26110000|인천|강남구|서초동|2711000000|인계동|2|55|3|1|268|44805|550|4336.0|4243|2384800
202412|CNTY_GU|11|41130|41110000|서울|성남시|역삼동|4111000000|역삼1가|1|35|2|9|592|21399|314|3060.0|2735|960840
202412|ADM|45|46110|11170000|경기|강남구|역삼동|4311000000|인계동|1|25|0|7|522|28207|313|6989.0|5717|2187557
202412|ADM|42|46110|43110000|대구|성남시|역삼동|4711000000|인계동|2|45|3|4|137|9547|226|4486.0|3823|1013836
202412|ADM|47|47110|11200000|대구|수원시|인계동|4511000000|서초1동|1|50|2|6|402|14301|245|3611.0|3262|884695
202412|CNTY_GU|27|44130|11110000|부산|서초구|인계동|1114000000|역삼1가|2|25|1|6|192|47138|242|3185.0|2562|770770
202412|ADM|42|44130|42110000|대구|성남시|역삼동|1114000000|서초1동|1|45|2|1|206|49230|72|3404.0|3214|245088
202412|CNTY_GU|27|47110|28110000|경기|강남구|인계동|2811000000|인계동|2|40|0|10|438|5114|666|2220.0|2149|1478520
202412|ADM|47|26140|11200000|부산|수원시|인계동|1114000000|인계동|2|45|0|8|968|11412|605|4038.0|3644|2442990
202412|CNTY_GU|41|41150|47110000|경기|강남구|서초동|4111000000|서초1동|2|35|2|2|862|39165|29|5387.0|5342|156223
202412|CNTY_GU|42|47110|41110000|서울|강남구|서초동|4611000000|역삼1가|1|25|0|3|571|43279|295|0.0|0|0
202412|ADM|11|11140|11140000|인천|성남시|서초동|4115000000|서초1동|2|45|1|7|554|37412|73|6868.0|6514|501364
202412|ADM|42|46110|26140000|경기|성남시|역삼동|4115000000|역삼1가|2|25|0|3|738|21839|9|3034.0|2831|27306
202412|CNTY_GU|41|11200|41150000|인천|수원시|인계동|1120000000|서초1동|2|35|2|8|704|21645|229|6250.0|5421|1431250
202412|ADM|41|47110|11140000|대구|강남구|역삼동|2811000000|인계동|2|30|0|2|706|10498|689|3988.0|3514|2747732
202412|PRVNC|11|45110|11110000|경기|서초구|서초동|4413000000|서초1동|2|20|3|9|857|11161|457|4355.0|4017|1990235
202412|ADM|46|11200|27110000|부산|성남시|인계동|1114000000|인계동|1|30|3|8|463|45206|423|2956.0|2256|1250388
202412|ADM|45|11170|11200000|서울|서초구|인계동|2711000000|인계동|2|70|0|1|483|8860|461|6838.0|6008|3152318
202412|PRVNC|26|26140|46110000|부산|성남시|역삼동|4611000000|서초1동|2|20|1|4|660|49115|773|1500.0|1442|1159500
202412|CNTY_GU|27|11200|42110000|인천|서초구|서초동|4115000000|인계동|2|70|0|3|533|32014|550|2518.0|2277|1384900
202412|ADM|45|42110|43110000|인천|서초구|서초동|1120000000|역삼1가|2|40|2|4|305|40608|81|1510.0|1400|122310
202412|PRVNC|11|44130|44130000|서울|강남구|서초동|4311000000|인계동|1|30|0|4|281|44074|433|7310.0|5677|3165230
202412|ADM|26|26140|47110000|대구|강남구|서초동|4115000000|서초1동|1|30|3|2|483|35167|333|4207.0|3180|1400931
202412|ADM|11|26110|44130000|대구|수원시|서초동|2711000000|역삼1가|1|35|0|3|653|18080|636|7960.0|7762|5062560
202412|CNTY_GU|26|41150|27110000|인천|수원시|역삼동|1117000000|서초1동|2|45|3|6|655|8778|130|4334.0|3755|563420
202412|ADM|11|45110|41150000|대구|강남구|인계동|4211000000|서초1동|2|30|0|9|43|27603|596|4416.0|3507|2631936
202412|ADM|41|11140|41110000|경기|강남구|역삼동|4611000000|서초1동|2|45|0|10|787|22480|170|4637.0|3698|788290
202412|CNTY_GU|43|41110|11200000|부산|강남구|서초동|2614000000|인계동|1|30|2|2|356|41098|266|6421.0|5208|1707986
202412|CNTY_GU|41|11170|11200000|인천|수원시|서초동|2711000000|역삼1가|1|60|1|4|452|12190|1|5343.0|4339|5343
202412|ADM|46|41150|42110000|인천|서초구|역삼동|4611000000|역삼1가|1|70|1|7|685|37788|300|5962.0|5338|1788600
202412|ADM|46|46110|41130000|인천|성남시|서초동|4211000000|서초1동|1|70|3|3|896|28282|646|4821.0|3822|3114366
202412|PRVNC|45|26140|41150000|서울|서초구|인계동|1111000000|인계동|1|50|2|10|688|14081|239|6485.0|5843|1549915
202412|CNTY_GU|27|28110|47110000|인천|강남구|서초동|2811000000|서초1동|2|55|2|6|491|25645|160|5931.0|5110|948960
202412|CNTY_GU|27|11200|45110000|경기|서초구|서초동|2711000000|서초1동|1|25|1|5|167|40440|686|3132.0|3013|2148552
202412|ADM|11|11110|41130000|대구|강남구|인계동|1114000000|역삼1가|2|45|2|9|950|10121|737|3875.0|2942|2855875
202412|ADM|11|26140|26140000|부산|수원시|역삼동|4311000000|서초1동|2|30|0|4|378|17000|407|2339.0|1994|951973
202412|ADM|45|11170|45110000|부산|성남시|인계동|4113000000|역삼1가|2|55|0|8|153|14092|593|7889.0|5698|4678177
202412|CNTY_GU|26|44130|45110000|대구|수원시|인계동|4611000000|인계동|2|60|2|3|813|30617|529|4426.0|4200|2341354
202412|ADM|41|42110|28110000|서울|수원시|서초동|2811000000|서초1동|2|35|1|6|695|46232|374|6320.0|4802|2363680
202412|CNTY_GU|46|47110|47110000|인천|성남시|인계동|4711000000|인계동|2|70|3|8|536|6084|600|4610.0|3466|2766000
202412|ADM|43|41110|28110000|부산|강남구|인계동|2614000000|역삼1가|1|60|0|7|671|30994|388|2345.0|2011|909860
202412|CNTY_GU|44|46110|42110000|부산|수원시|역삼동|1117000000|인계동|1|40|1|10|305|35873|178|3281.0|2685|584018
202412|ADM|27|11170|41130000|서울|강남구|인계동|4113000000|인계동|2|65|0|6|598|28359|389|5208.0|4130|2025912
202412|ADM|27|46110|46110000|서울|서초구|역삼동|2811000000|인계동|1|35|2|7|430|38022|627|5699.0|4207|3573273
202412|ADM|26|44130|45110000|부산|수원시|인계동|4115000000|인계동|2|65|1|6|131|19882|367|6571.0|5765|2411557
202412|CNTY_GU|47|41150|11110000|부산|강남구|인계동|1111000000|역삼1가|2|60|2|3|768|8777|561|3319.0|3086|1861959
202412|CNTY_GU|26|26110|41110000|서울|서초구|서초동|4111000000|서초1동|1|55|3|8|456|39697|551|2829.0|2365|1558779
202412|ADM|42|44130|26140000|대구|수원시|인계동|4311000000|역삼1가|2|45|0|3|329|7539|3|2297.0|2218|6891
202412|CNTY_GU|47|28110|26140000|서울|강남구|인계동|2811000000|인계동|1|60|0|3|906|26753|66|3919.0|3803|258654
202412|ADM|47|46110|26110000|대구|강남구|인계동|4113000000|역삼1가|1|60|3|1|422|36996|752|1610.0|1581|1210720
202412|CNTY_GU|47|26110|28110000|대구|서초구|역삼동|1114000000|서초1동|1|35|1|1|649|10552|329|1970.0|1840|648130
202412|CNTY_GU|46|42110|46110000|대구|강남구|서초동|1114000000|인계동|1|50|1|5|792|41445|179|4950.0|4757|886050
202412|ADM|42|41110|41130000|서울|성남시|서초동|4111000000|인계동|1|50|2|1|615|9491|405|2549.0|2446|1032345
202412|ADM|26|41150|41130000|서울|강남구|역삼동|4211000000|역삼1가|2|65|2|9|102|30549|712|7992.0|7628|5690304
202412|CNTY_GU|11|41110|41110000|인천|성남시|역삼동|4111000000|역삼1가|2|65|0|6|128|6275|355|4964.0|4009|1762220
202412|ADM|26|28110|47110000|대구|강남구|서초동|2611000000|인계동|1|30|1|7|243|8305|646|5897.0|4700|3809462
202412|ADM|41|11140|43110000|부산|수원시|역삼동|2811000000|인계동|2|65|0|4|959|30434|390|5873.0|5827|2290470
202412|ADM|43|43110|11170000|서울|수원시|서초동|1120000000|역삼1가|1|55|3|9|561|13583|514|5910.0|5026|3037740
202412|CNTY_GU|46|11200|47110000|부산|서초구|서초동|4611000000|인계동|1|55|1|10|329|27623|337|4861.0|3462|1638157
202412|CNTY_GU|44|41150|28110000|인천|성남시|서초동|1111000000|역삼1가|1|70|1|9|914|31112|3|3979.0|3486|11937
202412|ADM|26|26140|41110000|경기|성남시|서초동|4711000000|역삼1가|2|55|2|4|454|18300|787|1056.0|888|831072
202412|ADM|41|27110|27110000|인천|성남시|인계동|4711000000|역삼1가|1|30|2|4|49|6035|579|4803.0|4148|2780937
202412|ADM|46|43110|11200000|경기|성남시|역삼동|4211000000|인계동|2|40|2|4|528|5997|288|4962.0|3576|1429056
202412|ADM|41|41130|11140000|인천|서초구|서초동|4211000000|인계동|2|40|1|2|522|38760|545|2453.0|2268|1336885
202412|ADM|44|26110|26140000|경기|수원시|서초동|1120000000|서초1동|2|65|2|1|837|33764|612|4119.0|3676|2520828
202412|ADM|43|41150|46110000|부산|서초구|역삼동|4115000000|인계동|1|45|0|5|492|37849|417|2083.0|1565|868611
202412|CNTY_GU|45|11110|45110000|대구|수원시|인계동|4711000000|인계동|2|30|1|1|797|27622|541|4369.0|3527|2363629
202412|ADM|26|41150|11170000|경기|성남시|역삼동|1120000000|역삼1가|2|30|2|5|341|44057|321|5263.0|4782|1689423
202412|ADM|26|41130|42110000|부산|수원시|인계동|4511000000|서초1동|1|45|0|1|755|24468|754|1298.0|1019|978692
202412|ADM|11|47110|41130000|부산|서초구|역삼동|2614000000|인계동|1|25|0|7|1|14735|84|4864.0|4583|408576
202412|ADM|45|41110|11140000|대구|수원시|인계동|4413000000|서초1동|2|55|0|6|850|43939|657|3647.0|3067|2396079
202412|CNTY_GU|27|41150|28110000|부산|수원시|서초동|2811000000|인계동|2|20|1|1|725|24169|253|3858.0|2820|976074
202412|ADM|42|26140|47110000|서울|수원시|서초동|4711000000|인계동|1|65|3|4|130|38870|533|1441.0|1131|768053
202412|CNTY_GU|46|47110|11200000|인천|수원시|역삼동|1120000000|서초1동|2|45|0|1|616|34395|183|5476.0|5451|1002108
202412|CNTY_GU|26|26140|41150000|인천|수원시|역삼동|4113000000|역삼1가|1|35|3|6|604|39589|578|4053.0|3682|2342634
202412|ADM|26|46110|45110000|경기|강남구|서초동|4113000000|역삼1가|1|40|3|10|703|47338|541|7183.0|6603|3886003
202412|CNTY_GU|27|42110|27110000|인천|수원시|역삼동|1111000000|역삼1가|2|20|1|4|387|16335|142|1172.0|1084|166424
202412|CNTY_GU|43|42110|41110000|부산|강남구|역삼동|4311000000|인계동|1|70|0|2|740|42215|344|2719.0|2159|935336
202412|ADM|41|41110|28110000|부산|서초구|인계동|2614000000|역삼1가|1|35|1|9|517|26676|549|7004.0|6247|3845196
202412|CNTY_GU|46|43110|41130000|서울|수원시|인계동|4115000000|서초1동|1|50|0|1|378|20320|347|5368.0|3979|1862696
202412|ADM|45|27110|47110000|부산|성남시|서초동|2614000000|역삼1가|1|60|3|9|663|35572|581|1700.0|1699|987700
202412|ADM|42|46110|46110000|경기|수원시|인계동|4115000000|서초1동|1|50|1|7|637|47328|148|6843.0|6057|1012764
202412|ADM|11|45110|26140000|서울|강남구|인계동|1117000000|서초1동|2|70|2|1|806|13056|540|6268.0|4490|3384720
202412|CNTY_GU|26|43110|11140000|서울|성남시|인계동|4311000000|역삼1가|2|60|1|4|956|21910|230|7231.0|6885|1663130
202412|ADM|11|11200|43110000|서울|수원시|인계동|4211000000|서초1동|2|40|3|8|130|23752|209|4724.0|3848|987316
202412|ADM|26|28110|44130000|경기|서초구|서초동|4413000000|인계동|1|65|3|3|461|48188|124|5268.0|3730|653232
202412|CNTY_GU|11|41130|26140000|서울|성남시|역삼동|2811000000|역삼1가|1|45|1|8|947|29219|2|6047.0|5000|12094
202412|ADM|41|42110|47110000|인천|수원시|역삼동|4711000000|인계동|2|70|0|1|818|38919|44|0.0|0|0
202412|ADM|44|45110|11110000|경기|강남구|서초동|4511000000|역삼1가|1|70|1|10|978|7714|120|6489.0|5690|778680
202412|ADM|44|27110|11110000|인천|서초구|서초동|4413000000|서초1동|2|30|2|5|121|28278|722|3445.0|2718|2487290
202412|ADM|47|11110|47110000|서울|강남구|서초동|4113000000|인계동|2|45|2|6|230|20566|642|3458.0|2718|2220036
202412|ADM|27|43110|11110000|서울|수원시|인계동|4611000000|인계동|2|25|3|5|805|7205|762|3013.0|2523|2295906
202412|ADM|47|11140|43110000|서울|강남구|서초동|2711000000|역삼1가|2|50|2|9|300|39066|750|2344.0|2237|1758000
202412|ADM|26|43110|26110000|부산|성남시|서초동|4511000000|서초1동|2|45|2|4|967|47869|475|3635.0|2764|1726625
202412|CNTY_GU|42|26140|47110000|인천|수원시|인계동|4211000000|역삼1가|1|65|0|8|417|13870|187|1182.0|1167|221034
202412|ADM|41|11110|11140000|인천|수원시|서초동|4113000000|서초1동|2|60|1|6|344|49102|188|3044.0|2237|572272
202412|ADM|44|43110|47110000|인천|강남구|서초동|4113000000|인계동|1|70|0|4|228|48283|337|7623.0|5967|2568951
202412|ADM|46|45110|28110000|경기|강남구|역삼동|4611000000|역삼1가|2|25|3|1|669|37693|468|7683.0|7308|3595644
202412|CNTY_GU|46|11200|41110000|인천|서초구|인계동|4111000000|인계동|1|45|0|2|479|14005|23|3240.0|3206|74520
202412|CNTY_GU|26|44130|47110000|경기|서초구|서초동|4711000000|서초1동|1|55|1|5|98|41081|532|3218.0|2502|1711976
202412|ADM|47|41110|41130000|서울|강남구|역삼동|1117000000|서초1동|2|35|1|9|936|11186|35|7545.0|6606|264075
202412|ADM|41|41150|43110000|부산|강남구|인계동|1114000000|인계동|2|30|2|6|464|31751|113|5650.0|4847|638450
202412|ADM|46|26110|26140000|서울|서초구|역삼동|4111000000|인계동|1|35|0|2|97|43444|706|5532.0|5305|3905592
202412|CNTY_GU|42|11140|11200000|경기|강남구|역삼동|4413000000|서초1동|2|25|0|6|611|45547|220|3616.0|2696|795520
202412|CNTY_GU|46|46110|42110000|인천|성남시|역삼동|2811000000|인계동|1|55|0|7|286|7406|229|1902.0|1751|435558
202412|CNTY_GU|45|42110|28110000|경기|강남구|서초동|2614000000|서초1동|1|35|1|2|363|45844|263|7012.0|5847|1844156
202412|ADM|46|42110|47110000|서울|서초구|역삼동|4115000000|서초1동|2|20|3|9|141|43721|278|3773.0|3683|1048894
202412|ADM|11|26110|27110000|대구|수원시|인계동|4413000000|역삼1가|2|55|0|3|457|34381|520|4272.0|3184|2221440
202412|PRVNC|41|28110|44130000|인천|수원시|인계동|4311000000|서초1동|2|50|2|4|871|22631|392|6663.0|4912|2611896
202412|ADM|47|11170|41130000|부산|서초구|서초동|1120000000|역삼1가|1|30|0|3|526|40941|87|6549.0|6206|569763
202412|ADM|42|47110|11170000|부산|수원시|역삼동|2614000000|서초1동|1|65|3|6|925|41746|752|4005.0|3505|3011760
202412|ADM|46|43110|28110000|인천|강남구|역삼동|4113000000|역삼1가|1|30|1|1|535|10660|798|4452.0|4264|3552696
202412|PRVNC|46|47110|46110000|인천|강남구|서초동|2611000000|인계동|2|70|2|5|644|41763|639|4272.0|3085|2729808
202412|CNTY_GU|26|41150|26110000|부산|서초구|인계동|4711000000|서초1동|1|20|0|3|352|25045|64|7142.0|5208|457088
202412|ADM|46|42110|26110000|경기|수원시|서초동|1117000000|역삼1가|2|45|3|1|325|30794|638|7061.0|5905|4504918
202412|CNTY_GU|46|46110|42110000|부산|서초구|서초동|4211000000|인계동|2|60|0|4|536|44848|784|2367.0|2068|1855728
202412|ADM|42|27110|42110000|경기|수원시|역삼동|4113000000|역삼1가|2|55|1|3|113|7810|9|4077.0|3698|36693
202412|ADM|41|11110|26110000|경기|서초구|서초동|2614000000|역삼1가|2|60|1|5|100|8380|31|5470.0|4959|169570
202412|ADM|44|41130|11140000|서울|강남구|인계동|1117000000|서초1동|1|55|0|2|80|27387|331|2135.0|1742|706685
202412|ADM|46|27110|26140000|부산|강남구|인계동|4211000000|서초1동|2|55|0|1|97|39101|251|3259.0|3180|818009
202412|ADM|45|47110|45110000|경기|강남구|인계동|2614000000|역삼1가|2|45|0|8|733|7999|84|2398.0|2339|201432
202412|ADM|45|11140|26140000|대구|성남시|서초동|2711000000|역삼1가|1|60|2|2|64|16203|324|2200.0|1784|712800
202412|PRVNC|42|47110|11140000|대구|서초구|역삼동|4211000000|서초1동|1|55|3|1|959|7615|277|4774.0|3985|1322398
202412|CNTY_GU|41|42110|28110000|서울|성남시|역삼동|1117000000|인계동|1|35|1|3|492|31109|723|1491.0|1107|1077993
202412|CNTY_GU|46|43110|28110000|인천|수원시|서초동|4113000000|서초1동|2|50|0|2|181|36363|11|2136.0|1872|23496
202412|ADM|47|42110|43110000|인천|성남시|서초동|4711000000|서초1동|1|30|1|6|830|8488|184|4606.0|4140|847504
202412|CNTY_GU|26|41150|26140000|서울|서초구|역삼동|2611000000|서초1동|2|45|3|1|341|21997|179|5055.0|4165|904845
202412|CNTY_GU|41|44130|41130000|인천|성남시|인계동|1114000000|역삼1가|2|30|1|4|850|34677|90|4908.0|3892|441720
202412|CNTY_GU|11|11110|11140000|서울|수원시|서초동|4111000000|서초1동|1|65|0|6|163|7444|3|2839.0|2526|8517
202412|CNTY_GU|47|26110|11110000|인천|강남구|서초동|1114000000|역삼1가|1|65|0|8|219|17062|510|4167.0|3619|2125170
202412|CNTY_GU|43|11140|41130000|경기|성남시|인계동|4711000000|역삼1가|2|35|0|8|493|24051|382|1001.0|785|382382
202412|ADM|26|26110|41150000|경기|서초구|서초동|4511000000|서초1동|2|65|1|9|512|22747|482|2427.0|1890|1169814
202412|CNTY_GU|47|41130|42110000|경기|서초구|서초동|1114000000|역삼1가|2|55|0|2|997|40670|613|6105.0|5367|3742365
202412|CNTY_GU|43|41130|11200000|대구|강남구|서초동|4711000000|역삼1가|2|40|1|1|588|37311|265|2687.0|2201|712055
202412|CNTY_GU|42|47110|26110000|대구|성남시|인계동|1114000000|서초1동|1|55|3|4|483|47807|13|6708.0|5060|87204
202412|PRVNC|43|27110|11200000|경기|강남구|서초동|2611000000|인계동|1|35|2|8|679|23726|2|2264.0|1586|4528
202412|ADM|44|43110|41110000|인천|성남시|인계동|2614000000|인계동|2|50|1|3|377|17915|613|7690.0|6291|4713970
202412|ADM|11|26140|45110000|서울|성남시|역삼동|1117000000|인계동|1|60|0|5|439|41339|153|4091.0|2920|625923
202412|ADM|44|47110|27110000|대구|강남구|역삼동|1117000000|인계동|2|30|0|10|353|41411|408|3496.0|2733|1426368
202412|ADM|46|11200|11140000|부산|수원시|인계동|4311000000|역삼1가|1|70|3|9|426|23307|533|5857.0|5522|3121781
202412|ADM|47|11170|41130000|인천|강남구|서초동|1114000000|인계동|2|60|1|1|417|33602|492|1900.0|1642|934800
202412|ADM|47|43110|41130000|인천|강남구|역삼동|4211000000|역삼1가|1|60|3|3|179|18037|160|1391.0|1225|222560
202412|ADM|43|41150|41150000|대구|강남구|서초동|2711000000|역삼1가|2|35|1|10|202|5318|107|3900.0|3275|417300
202412|CNTY_GU|42|43110|41150000|대구|수원시|서초동|4611000000|인계동|1|65|0|1|614|39255|119|6138.0|4322|730422
202412|PRVNC|42|47110|11110000|대구|성남시|서초동|4711000000|서초1동|1|40|0|8|495|31141|432|6605.0|5038|2853360
202412|ADM|27|11170|11110000|서울|강남구|인계동|4711000000|인계동|2|45|1|4|872|7845|748|5522.0|5481|4130456
202412|ADM|47|11110|11170000|부산|강남구|인계동|1120000000|인계동|2|35|1|4|726|8396|577|7631.0|6064|4403087
202412|ADM|41|42110|11200000|경기|수원시|서초동|2711000000|역삼1가|1|50|1|3|17|34667|561|6404.0|4872|3592644
202412|CNTY_GU|46|41130|41130000|부산|강남구|서초동|4113000000|인계동|2|50|0|7|823|43585|2|1988.0|1846|3976
202412|CNTY_GU|27|11140|43110000|대구|성남시|서초동|2614000000|서초1동|1|40|3|1|115|18139|410|1994.0|1432|817540
202412|ADM|11|11140|11110000|서울|성남시|서초동|4211000000|서초1동|2|60|1|6|998|25636|288|3538.0|3229|1018944
202412|PRVNC|26|44130|26110000|서울|서초구|서초동|1117000000|역삼1가|2|25|1|9|722|44288|187|2347.0|1669|438889
202412|ADM|47|11200|26110000|부산|강남구|역삼동|2811000000|역삼1가|1|20|1|3|669|41159|531|3929.0|3735|2086299
202412|ADM|43|47110|11110000|부산|강남구|서초동|4115000000|서초1동|2|35|0|9|385|25728|48|7637.0|7333|366576
202412|ADM|47|28110|26110000|부산|성남시|인계동|4311000000|인계동|1|40|1|9|718|41971|776|5993.0|4936|4650568
202412|CNTY_GU|43|46110|45110000|대구|성남시|역삼동|1111000000|서초1동|1|30|0|9|622|11572|424|5277.0|4807|2237448
202412|ADM|47|47110|44130000|부산|수원시|인계동|4511000000|인계동|1|70|0|8|348|23286|20|7080.0|5469|141600
202412|CNTY_GU|47|41150|11110000|부산|성남시|역삼동|4711000000|역삼1가|2|40|1|10|190|49191|205|5208.0|4738|1067640
202412|PRVNC|44|26140|11110000|대구|수원시|인계동|4111000000|서초1동|2|20|2|5|528|16519|363|4848.0|3700|1759824
202412|ADM|27|26110|11200000|인천|수원시|인계동|4211000000|서초1동|2|45|0|5|122|9920|427|5874.0|5681|2508198
202412|ADM|42|47110|11200000|부산|수원시|서초동|4711000000|역삼1가|2|45|2|3|964|19226|540|4325.0|3937|2335500
202412|CNTY_GU|26|45110|26110000|대구|서초구|서초동|1111000000|서초1동|1|40|2|3|21|39167|10|3117.0|2797|31170
202412|CNTY_GU|41|46110|27110000|서울|수원시|서초동|4115000000|역삼1가|2|20|3|5|812|10841|41|3041.0|2578|124681
202412|ADM|26|43110|27110000|인천|서초구|인계동|1114000000|역삼1가|1|30|0|1|427|29813|535|3177.0|3095|1699695
202412|CNTY_GU|41|28110|28110000|인천|성남시|역삼동|1114000000|인계동|1|30|1|6|422|23727|190|1727.0|1411|328130
202412|ADM|47|11110|42110000|경기|수원시|서초동|1114000000|인계동|2|45|0|10|295|44731|663|5531.0|4865|3667053
202412|ADM|44|11140|47110000|인천|서초구|서초동|2614000000|역삼1가|1|45|2|6|209|32454|694|2557.0|2228|1774558
202412|CNTY_GU|41|46110|42110000|경기|성남시|인계동|1120000000|서초1동|1|60|0|10|68|38680|675|6274.0|5587|4234950
202412|ADM|26|11170|26110000|대구|강남구|인계동|4115000000|역삼1가|2|35|2|7|825|45204|614|6608.0|5596|4057312
202412|PRVNC|27|41130|11170000|부산|성남시|역삼동|2811000000|역삼1가|1|30|2|6|546|34697|233|5003.0|3725|1165699
202412|ADM|43|11200|27110000|경기|성남시|역삼동|1114000000|인계동|1|55|1|10|471|34146|45|6630.0|5174|298350
202412|CNTY_GU|43|26140|41130000|대구|서초구|인계동|1120000000|역삼1가|1|50|0|3|641|47595|652|5718.0|4578|3728136
202412|ADM|42|42110|27110000|부산|서초구|서초동|4413000000|서초1동|2|25|3|10|134|25165|187|3408.0|2911|637296
202412|CNTY_GU|45|41150|41110000|서울|강남구|서초동|1117000000|인계동|1|25|2|4|516|18550|369|7590.0|5666|2800710
202412|ADM|27|41110|47110000|부산|서초구|역삼동|4711000000|인계동|1|20|1|6|543|15001|782|1830.0|1315|1431060
202412|ADM|41|45110|41110000|부산|성남시|인계동|2811000000|인계동|2|55|1|2|758|24090|426|3778.0|2973|1609428
202412|ADM|47|43110|11170000|부산|서초구|서초동|1117000000|서초1동|1|65|0|6|30|25094|416|7152.0|6734|2975232
202412|ADM|46|11140|11110000|부산|서초구|인계동|2711000000|인계동|1|20|2|8|136|18722|781|2107.0|1942|1645567
202412|CNTY_GU|47|41130|41130000|인천|서초구|역삼동|2614000000|서초1동|1|20|0|5|417|44155|52|3079.0|2520|160108
202412|CNTY_GU|41|41130|11200000|인천|서초구|서초동|4111000000|역삼1가|2|50|0|6|348|12380|381|2287.0|1672|871347
202412|ADM|27|41150|45110000|인천|강남구|서초동|4115000000|서초1동|1|50|0|9|784|17684|625|7649.0|7598|4780625
