기준년월|구분명|광역시도코드|시군구코드(개정후)|행정구역분류코드(개정후)|광역시도명|시군구명(개정후)|행정구역분류명(개정후)|법정동코드|법정동명|성별|연령구간대|직업 구분|분위코드(연소득기준)|최저 연소득 금액|최대 연소득 금액|거주자수|평균 연소득 금액|중위 연소득 금액|총연소득합계
202407|CNTY_GU|46|41130|26110000|경기|강남구|인계동|2711000000|역삼1가|2|65|2|9|182|43119|42|7811.0|5572|328062
202407|ADM|27|42110|28110000|경기|수원시|역삼동|1120000000|역삼1가|2|25|2|7|316|21006|88|3805.0|3451|334840
202407|ADM|11|41150|27110000|인천|수원시|인계동|4115000000|역삼1가|2|45|2|5|540|27499|505|1123.0|811|567115
202407|CNTY_GU|47|11170|11170000|대구|강남구|인계동|4711000000|역삼1가|1|40|1|1|473|15670|528|2108.0|1482|1113024
202407|CNTY_GU|26|43110|43110000|인천|성남시|역삼동|1117000000|인계동|2|60|2|3|951|25597|97|5502.0|4523|533694
202407|ADM|45|41130|11110000|경기|수원시|서초동|4111000000|서초1동|2|25|0|9|534|10591|298|6511.0|4669|1940278
202407|CNTY_GU|26|11200|11170000|경기|수원시|역삼동|2711000000|역삼1가|1|60|0|2|426|37407|674|4767.0|4079|3212958
202407|ADM|42|45110|11140000|인천|강남구|인계동|4311000000|서초1동|2|70|0|4|708|19309|153|5850.0|4892|895050
202407|CNTY_GU|27|47110|41130000|대구|수원시|인계동|4711000000|서초1동|2|55|2|8|694|30283|118|1093.0|895|128974
202407|ADM|11|46110|27110000|경기|강남구|서초동|1120000000|역삼1가|2|25|3|2|70|31570|31|5649.0|5404|175119
202407|CNTY_GU|45|26110|47110000|부산|성남시|서초동|2711000000|역삼1가|1|70|0|1|636|16526|195|5457.0|4234|1064115
202407|CNTY_GU|41|28110|44130000|대구|성남시|인계동|4511000000|서초1동|2|40|1|5|743|21607|757|7618.0|6800|5766826
202407|ADM|45|26110|26140000|경기|서초구|역삼동|4711000000|서초1동|1|50|1|5|633|17534|630|3755.0|2892|2365650
202407|ADM|46|11110|26140000|서울|성남시|서초동|2811000000|인계동|1|30|3|1|918|36447|114|6624.0|5363|755136
202407|CNTY_GU|26|41130|11110000|대구|서초구|인계동|2811000000|역삼1가|1|55|0|10|102|40292|741|2699.0|2334|1999959
202407|CNTY_GU|44|46110|42110000|서울|서초구|서초동|2811000000|인계동|1|40|2|1|645|32116|434|7291.0|6330|3164294
202407|CNTY_GU|43|11140|11170000|경기|수원시|역삼동|2811000000|인계동|2|35|2|7|633|15204|746|4864.0|4140|3628544
202407|ADM|27|41130|41130000|경기|서초구|서초동|1120000000|서초1동|2|55|0|4|304|10287|428|6323.0|6038|2706244
202407|ADM|41|27110|41150000|서울|서초구|서초동|4413000000|서초1동|2|35|0|10|16|11955|586|4679.0|4006|2741894
202407|CNTY_GU|44|42110|27110000|부산|강남구|서초동|4511000000|서초1동|2|50|0|9|732|12459|328|6218.0|5343|2039504
202407|CNTY_GU|47|11170|46110000|경기|서초구|역삼동|4511000000|서초1동|2|50|2|2|471|7419|20|6663.0|6030|133260
202407|PRVNC|47|47110|11170000|서울|성남시|인계동|4611000000|서초1동|1|60|0|1|318|12297|499|6308.0|5536|3147692
202407|CNTY_GU|41|11170|26110000|서울|강남구|인계동|4413000000|인계동|1|45|0|6|305|26175|97|7890.0|7706|765330
202407|ADM|41|11140|11200000|인천|강남구|역삼동|4211000000|서초1동|1|60|0|5|75|31172|277|7617.0|7419|2109909
202407|PRVNC|47|26140|28110000|부산|강남구|인계동|4311000000|인계동|2|40|2|10|230|22858|37|6571.0|6250|243127
202407|PRVNC|27|44130|41150000|대구|강남구|서초동|4211000000|역삼1가|1|40|1|6|234|47871|100|4674.0|4585|467400
202407|ADM|45|43110|11140000|인천|성남시|역삼동|1117000000|역삼1가|2|25|0|7|913|43653|168|1647.0|1208|276696
202407|CNTY_GU|46|46110|26140000|인천|수원시|서초동|4113000000|역삼1가|1|45|3|9|739|29456|241|3873.0|2889|933393
202407|ADM|11|43110|11110000|인천|성남시|인계동|2611000000|역삼1가|1|30|0|3|221|23225|766|5245.0|4107|4017670
202407|PRVNC|43|11170|42110000|인천|성남시|서초동|2811000000|서초1동|1|55|0|6|368|40967|2|7728.0|7216|15456
202407|CNTY_GU|26|26110|43110000|인천|수원시|역삼동|4711000000|서초1동|2|50|1|8|534|10599|314|3213.0|3015|1008882
202407|ADM|43|47110|41150000|부산|성남시|서초동|4311000000|서초1동|1|30|3|6|948|28724|549|7782.0|6244|4272318
202407|ADM|42|26110|26140000|부산|수원시|인계동|1114000000|역삼1가|2|40|3|8|906|42332|764|5057.0|4189|3863548
202407|ADM|47|47110|42110000|대구|성남시|서초동|1117000000|서초1동|1|50|2|5|802|27365|252|7106.0|5580|1790712
202407|CNTY_GU|11|41110|11170000|인천|수원시|역삼동|1117000000|서초1동|2|25|1|1|795|30739|85|5965.0|5059|507025
202407|CNTY_GU|42|11200|42110000|부산|강남구|서초동|2811000000|서초1동|1|50|1|6|174|42410|129|5022.0|3575|647838
202407|ADM|44|11140|45110000|부산|강남구|인계동|4111000000|역삼1가|2|70|2|5|325|49646|445|6658.0|5364|2962810
202407|CNTY_GU|45|41150|28110000|인천|성남시|인계동|4413000000|서초1동|2|40|2|6|820|16337|517|5387.0|5193|2785079
202407|CNTY_GU|43|47110|43110000|경기|수원시|서초동|1114000000|인계동|2|70|0|2|374|25318|21|6691.0|5453|140511
202407|CNTY_GU|46|28110|27110000|서울|강남구|서초동|4111000000|역삼1가|2|55|3|10|973|11700|291|4141.0|3416|1205031
202407|CNTY_GU|26|28110|41110000|인천|수원시|서초동|1117000000|서초1동|2|35|2|7|424|31121|155|1253.0|1114|194215
202407|ADM|43|44130|41150000|인천|성남시|인계동|4611000000|인계동|1|40|3|5|812|9764|194|2473.0|2387|479762
202407|CNTY_GU|42|26110|26140000|서울|수원시|서초동|2811000000|서초1동|1|30|0|4|5|11539|462|4695.0|4584|2169090
202407|ADM|44|47110|47110000|인천|수원시|역삼동|4211000000|역삼1가|2|25|0|2|745|32831|353|1707.0|1328|602571
202407|CNTY_GU|43|43110|28110000|대구|성남시|역삼동|1120000000|서초1동|1|35|0|10|700|16376|708|4201.0|3042|2974308
202407|ADM|42|47110|41150000|부산|서초구|인계동|2614000000|서초1동|2|25|1|5|177|14907|219|1086.0|1007|237834
202407|ADM|11|11170|11140000|서울|수원시|역삼동|4211000000|역삼1가|2|40|0|3|990|45303|460|4572.0|3684|2103120
202407|CNTY_GU|11|41130|45110000|인천|수원시|인계동|4111000000|서초1동|2|60|2|7|140|9386|248|2490.0|1814|617520
202407|CNTY_GU|46|11170|28110000|서울|서초구|서초동|1120000000|인계동|2|30|3|2|663|28082|234|6220.0|5964|1455480
202407|PRVNC|27|43110|11200000|대구|서초구|역삼동|4113000000|인계동|2|65|0|4|476|45712|211|4768.0|4424|1006048
202407|ADM|42|11200|26140000|대구|수원시|인계동|4711000000|역삼1가|1|50|3|1|325|14942|610|7341.0|5296|4478010
202407|ADM|41|47110|11140000|대구|강남구|역삼동|2614000000|역삼1가|2|65|0|8|267|5314|502|7310.0|6825|3669620
202407|CNTY_GU|27|41110|11200000|대구|강남구|서초동|4413000000|인계동|1|40|1|2|863|29308|712|3766.0|3419|2681392
202407|CNTY_GU|27|11110|41150000|인천|서초구|역삼동|4311000000|역삼1가|2|35|0|9|294|35657|673|3908.0|2926|2630084
202407|ADM|43|45110|45110000|부산|강남구|역삼동|2811000000|서초1동|1|60|0|6|459|48144|430|4582.0|3856|1970260
202407|ADM|27|11170|27110000|서울|성남시|서초동|4311000000|인계동|2|65|2|7|86|39634|451|5485.0|4664|2473735
202407|CNTY_GU|47|28110|11140000|대구|서초구|역삼동|2611000000|인계동|2|65|0|4|5|16099|698|5597.0|4408|3906706
202407|CNTY_GU|46|28110|41150000|서울|서초구|역삼동|4211000000|서초1동|2|70|2|10|390|30727|673|4238.0|3672|2852174
202407|CNTY_GU|41|11200|47110000|경기|성남시|역삼동|1117000000|역삼1가|2|40|0|6|945|37060|367|4656.0|4347|1708752
202407|ADM|43|44130|11170000|인천|서초구|서초동|4113000000|역삼1가|2|40|0|2|280|48034|520|1095.0|923|569400
202407|ADM|47|42110|47110000|대구|서초구|역삼동|1111000000|인계동|1|65|2|6|355|36430|340|1511.0|1242|513740
202407|CNTY_GU|47|26140|27110000|서울|서초구|인계동|4413000000|인계동|1|70|0|4|903|44576|468|3993.0|3671|1868724
202407|CNTY_GU|41|11140|41110000|대구|성남시|역삼동|4311000000|서초1동|1|40|0|7|636|6438|617|7559.0|7084|4663903
202407|ADM|42|27110|45110000|서울|서초구|역삼동|2711000000|서초1동|2|45|0|1|886|43959|770|3595.0|2555|2768150
202407|CNTY_GU|45|27110|46110000|경기|수원시|서초동|4111000000|서초1동|2|45|2|3|636|27813|146|7944.0|6571|1159824
202407|ADM|44|46110|26110000|부산|강남구|역삼동|4311000000|인계동|2|60|1|6|849|44676|624|3215.0|2636|2006160
202407|ADM|42|11170|41150000|경기|강남구|역삼동|1111000000|역삼1가|1|55|1|10|977|41077|47|1355.0|1268|63685
202407|ADM|43|11110|47110000|서울|성남시|인계동|4311000000|역삼1가|1|25|1|8|578|34673|153|3140.0|3103|480420
202407|ADM|11|11200|28110000|서울|수원시|역삼동|1114000000|서초1동|1|40|0|5|520|46363|728|3709.0|3088|2700152
202407|ADM|47|26110|41130000|서울|강남구|역삼동|2611000000|서초1동|1|45|0|2|532|9710|474|2066.0|1460|979284
202407|CNTY_GU|45|26110|41150000|경기|강남구|역삼동|1114000000|인계동|1|55|0|3|273|5267|670|3795.0|3104|2542650
202407|CNTY_GU|26|47110|44130000|대구|서초구|역삼동|4211000000|서초1동|2|70|0|1|170|18046|99|5084.0|4546|503316
202407|CNTY_GU|26|11170|41110000|부산|서초구|인계동|4111000000|역삼1가|2|30|0|2|898|44061|448|2379.0|2095|1065792
202407|ADM|41|11200|26140000|부산|서초구|서초동|1120000000|인계동|1|30|1|10|119|41887|4|6622.0|5624|26488
202407|ADM|47|41150|11200000|경기|강남구|서초동|4211000000|서초1동|2|20|1|3|337|12178|509|2189.0|2035|1114201
202407|ADM|45|43110|28110000|부산|강남구|역삼동|2614000000|인계동|1|25|1|9|385|31494|339|6830.0|5832|2315370
202407|CNTY_GU|47|43110|11110000|인천|서초구|서초동|4611000000|서초1동|1|35|2|3|567|24411|86|1834.0|1690|157724
202407|ADM|45|11140|28110000|인천|성남시|역삼동|4113000000|서초1동|1|30|0|2|285|14341|216|2879.0|2051|621864
202407|ADM|45|47110|26140000|서울|서초구|서초동|4115000000|인계동|1|60|0|4|531|13840|83|3518.0|2563|291994
202407|CNTY_GU|26|11140|43110000|인천|수원시|인계동|2811000000|서초1동|1|60|2|5|511|43897|738|3008.0|2517|2219904
202407|ADM|26|45110|11200000|부산|서초구|역삼동|4511000000|인계동|1|45|0|10|526|15397|349|5600.0|5397|1954400
202407|ADM|43|26140|11170000|인천|수원시|인계동|4115000000|서초1동|2|30|0|1|177|33681|707|2989.0|2971|2113223
202407|ADM|42|43110|41110000|서울|서초구|인계동|4113000000|역삼1가|1|40|2|3|542|44681|92|1907.0|1686|175444
202407|ADM|27|41130|41110000|서울|서초구|인계동|4413000000|역삼1가|1|25|2|4|745|13959|528|2125.0|1972|1122000
202407|PRVNC|41|11110|28110000|서울|성남시|서초동|4311000000|서초1동|2|35|0|4|749|10906|523|7278.0|5894|3806394
202407|CNTY_GU|46|42110|11110000|대구|성남시|역삼동|4211000000|서초1동|1|70|0|3|949|39469|26|5368.0|5018|139568
202407|ADM|11|45110|43110000|부산|성남시|역삼동|2611000000|인계동|1|50|0|4|517|45925|621|7566.0|7188|4698486
202407|ADM|45|26110|43110000|대구|서초구|역삼동|1120000000|인계동|1|55|0|5|140|11790|89|2025.0|1673|180225
202407|CNTY_GU|44|45110|27110000|부산|강남구|인계동|1111000000|서초1동|1|60|3|6|435|31350|716|5790.0|4572|4145640
202407|CNTY_GU|43|27110|11110000|서울|성남시|역삼동|2614000000|인계동|2|30|0|2|629|22030|207|3787.0|3555|783909
202407|ADM|27|47110|11170000|인천|수원시|서초동|4111000000|인계동|2|65|3|7|827|15073|519|7084.0|5004|3676596
202407|CNTY_GU|44|47110|28110000|부산|성남시|서초동|4113000000|인계동|1|70|0|10|742|28828|520|4798.0|4230|2494960
202407|ADM|44|26110|41150000|인천|성남시|역삼동|2611000000|인계동|1|50|0|2|85|46469|743|2135.0|2013|1586305
202407|ADM|47|11170|26140000|경기|수원시|역삼동|4611000000|역삼1가|1|40|0|2|484|23900|437|5740.0|5671|2508380
202407|ADM|44|11170|42110000|경기|강남구|역삼동|4311000000|서초1동|2|65|1|10|668|42831|625|5054.0|4535|3158750
202407|CNTY_GU|11|11110|26140000|부산|성남시|서초동|1111000000|서초1동|1|50|1|8|696|46180|70|7771.0|5958|543970
202407|ADM|46|11200|26110000|대구|강남구|인계동|2614000000|역삼1가|1|70|1|1|874|41362|781|6615.0|6340|5166315
202407|ADM|44|28110|11140000|부산|강남구|인계동|2811000000|인계동|2|45|0|4|200|11838|579|6719.0|5775|3890301
202407|CNTY_GU|11|44130|26110000|인천|수원시|역삼동|2614000000|인계동|2|35|3|2|454|21110|564|0.0|0|0
202407|CNTY_GU|11|47110|43110000|부산|성남시|인계동|1114000000|인계동|1|25|0|9|645|30197|38|3756.0|2643|142728
202407|CNTY_GU|42|11170|27110000|대구|서초구|서초동|2614000000|인계동|1|30|1|10|230|30981|187|5230.0|4700|978010
202407|ADM|47|45110|11200000|부산|강남구|서초동|1117000000|역삼1가|2|40|1|1|714|15745|576|6800.0|6021|3916800
202407|CNTY_GU|11|41150|11170000|인천|수원시|인계동|4311000000|역삼1가|2|60|0|5|937|43041|707|2682.0|1993|1896174
202407|CNTY_GU|41|26110|41110000|대구|서초구|서초동|4211000000|역삼1가|2|40|2|9|727|16494|756|2964.0|2847|2240784
202407|ADM|46|11110|28110000|경기|강남구|인계동|1117000000|역삼1가|1|55|0|8|751|14726|768|7845.0|6303|6024960
202407|ADM|27|11170|46110000|인천|서초구|역삼동|4113000000|역삼1가|2|55|0|3|445|44991|3|5750.0|4191|17250
202407|CNTY_GU|41|11110|42110000|인천|강남구|역삼동|1120000000|인계동|1|20|2|3|241|18729|2|4377.0|4261|8754
202407|ADM|11|28110|41130000|서울|강남구|인계동|4115000000|인계동|1|20|1|9|354|29783|663|2442.0|2273|1619046
202407|ADM|45|47110|41130000|대구|서초구|인계동|4211000000|역삼1가|1|60|2|3|547|14828|418|3159.0|2336|1320462
202407|CNTY_GU|11|47110|41130000|인천|서초구|역삼동|1117000000|서초1동|1|60|1|6|115|19796|786|4057.0|3640|3188802
202407|CNTY_GU|45|11110|28110000|서울|성남시|서초동|2614000000|인계동|1|55|0|2|409|24893|45|6759.0|5224|304155
202407|ADM|47|43110|11170000|부산|서초구|역삼동|1111000000|서초1동|1|35|0|1|141|38637|81|5298.0|4220|429138
202407|ADM|27|45110|11110000|인천|성남시|역삼동|4413000000|서초1동|2|35|1|8|938|42157|793|3347.0|2705|2654171
202407|CNTY_GU|45|45110|42110000|경기|성남시|역삼동|2711000000|서초1동|1|20|3|2|791|43794|76|6682.0|5923|507832
202407|ADM|46|26110|42110000|인천|성남시|인계동|1117000000|역삼1가|2|35|1|9|857|46295|636|5608.0|5149|3566688
202407|ADM|47|26140|26140000|대구|강남구|인계동|4311000000|역삼1가|2|70|0|8|817|34732|401|7517.0|7361|3014317
202407|CNTY_GU|26|11200|41130000|경기|수원시|인계동|2614000000|인계동|2|45|3|4|95|37064|109|4547.0|4376|495623
202407|PRVNC|41|26140|28110000|인천|강남구|인계동|1111000000|인계동|2|30|3|5|935|6193|776|7858.0|7597|6097808
202407|PRVNC|47|11170|41150000|경기|성남시|역삼동|4111000000|역삼1가|2|50|1|1|207|15274|427|6052.0|5851|2584204
202407|CNTY_GU|41|11110|28110000|경기|성남시|역삼동|1120000000|서초1동|2|50|1|9|779|24913|530|6924.0|5583|3669720
202407|PRVNC|43|42110|41150000|서울|성남시|서초동|4111000000|서초1동|2|35|3|1|675|16529|85|4358.0|3629|370430
202407|CNTY_GU|45|41130|26110000|대구|강남구|역삼동|1117000000|서초1동|1|30|0|5|883|35596|181|2343.0|1763|424083
202407|ADM|43|11170|45110000|인천|강남구|역삼동|1120000000|서초1동|1|45|2|1|26|7103|735|4495.0|3906|3303825
202407|CNTY_GU|44|41110|11110000|인천|수원시|인계동|4113000000|인계동|1|60|0|10|149|38298|257|6954.0|5694|1787178
202407|CNTY_GU|42|42110|47110000|부산|서초구|인계동|4113000000|서초1동|1|45|0|2|584|33290|305|6546.0|6489|1996530
202407|CNTY_GU|47|11200|42110000|서울|서초구|인계동|4511000000|역삼1가|1|55|0|3|123|49834|38|5099.0|3633|193762
202407|CNTY_GU|26|45110|27110000|대구|수원시|역삼동|4211000000|인계동|2|30|0|4|742|21755|609|1091.0|922|664419
202407|ADM|27|11140|45110000|경기|수원시|서초동|4111000000|역삼1가|1|30|0|4|527|9070|152|3615.0|3421|549480
202407|CNTY_GU|42|44130|44130000|대구|강남구|서초동|4115000000|서초1동|2|25|1|1|127|15401|472|1925.0|1726|908600
202407|CNTY_GU|43|42110|11140000|서울|성남시|역삼동|4311000000|역삼1가|1|60|2|6|944|38064|627|3120.0|2992|1956240
202407|ADM|45|27110|45110000|경기|수원시|인계동|4115000000|인계동|1|45|2|10|334|5000|502|7767.0|7679|3899034
202407|ADM|43|41110|27110000|대구|성남시|역삼동|2711000000|역삼1가|2|55|0|3|871|30779|788|6049.0|5632|4766612
202407|ADM|42|45110|27110000|서울|성남시|인계동|4413000000|역삼1가|1|65|1|1|80|23947|553|1633.0|1349|903049
202407|CNTY_GU|45|42110|26140000|경기|강남구|역삼동|4711000000|서초1동|2|25|0|4|23|7091|738|4012.0|3037|2960856
202407|CNTY_GU|41|41110|11200000|대구|서초구|역삼동|2611000000|서초1동|2|45|1|5|19|24126|365|5048.0|3989|1842520
202407|ADM|47|11200|11140000|인천|성남시|인계동|2711000000|인계동|2|35|3|3|883|11208|227|7043.0|4942|1598761
202407|PRVNC|45|41110|11170000|인천|성남시|인계동|2611000000|인계동|2|35|1|2|595|28102|799|3424.0|2424|2735776
202407|CNTY_GU|47|11140|26140000|경기|강남구|인계동|1111000000|인계동|1|35|1|10|152|40563|742|7621.0|6838|5654782
202407|CNTY_GU|46|11110|42110000|인천|강남구|역삼동|2711000000|역삼1가|1|50|3|5|422|30287|207|7332.0|7066|1517724
202407|CNTY_GU|45|11170|28110000|인천|강남구|역삼동|4511000000|역삼1가|1|55|1|8|917|9085|170|7233.0|5830|1229610
202407|ADM|42|26110|42110000|서울|수원시|서초동|4115000000|인계동|1|65|1|7|823|19660|691|3372.0|2902|2330052
202407|ADM|41|42110|44130000|인천|서초구|서초동|4611000000|역삼1가|1|35|0|2|598|33846|180|4248.0|4227|764640
202407|CNTY_GU|43|26110|26140000|서울|강남구|인계동|4111000000|역삼1가|1|65|2|7|138|46386|182|3790.0|3605|689780
202407|CNTY_GU|41|11110|11110000|경기|강남구|역삼동|4111000000|역삼1가|1|50|2|2|550|22716|105|7179.0|6910|753795
202407|CNTY_GU|44|41130|41150000|인천|서초구|인계동|4113000000|인계동|1|30|3|10|189|46225|508|1560.0|1181|792480
202407|ADM|44|42110|28110000|서울|성남시|역삼동|1111000000|인계동|2|30|1|9|306|46804|568|5189.0|4675|2947352
202407|CNTY_GU|41|44130|41150000|서울|수원시|서초동|4413000000|역삼1가|1|70|0|5|841|39389|27|1135.0|947|30645
202407|CNTY_GU|41|28110|27110000|부산|강남구|인계동|2614000000|역삼1가|1|50|2|6|810|29677|205|2289.0|1636|469245
202407|ADM|44|41150|44130000|인천|강남구|서초동|1117000000|인계동|2|40|0|8|410|27358|564|1100.0|1008|620400
202407|ADM|45|46110|47110000|경기|강남구|인계동|4111000000|인계동|1|40|0|3|205|41240|381|1617.0|1255|616077
202407|CNTY_GU|26|47110|11170000|서울|강남구|인계동|4511000000|인계동|2|60|1|9|688|30846|82|7879.0|6968|646078
202407|CNTY_GU|47|41130|47110000|대구|수원시|역삼동|1120000000|역삼1가|1|60|1|5|599|18070|261|1312.0|1086|342432
202407|ADM|47|28110|43110000|서울|강남구|인계동|1120000000|인계동|1|20|2|7|534|7372|688|7375.0|5464|5074000
202407|CNTY_GU|44|43110|47110000|인천|수원시|서초동|4111000000|역삼1가|1|60|1|10|649|10033|100|1290.0|1136|129000
202407|ADM|44|44130|26110000|부산|강남구|서초동|4611000000|역삼1가|2|35|1|5|831|7848|265|4949.0|4623|1311485
202407|ADM|44|41130|26140000|대구|성남시|인계동|4111000000|서초1동|1|25|1|8|189|40352|151|6718.0|5281|1014418
202407|ADM|46|47110|47110000|경기|강남구|서초동|1117000000|역삼1가|2|55|0|9|168|17871|626|6631.0|5819|4151006
202407|ADM|44|41150|26110000|대구|성남시|서초동|1111000000|서초1동|1|60|3|7|603|46157|129|1925.0|1738|248325
202407|CNTY_GU|45|26110|47110000|경기|서초구|인계동|4211000000|역삼1가|1|65|0|1|593|36062|210|5491.0|4658|1153110
202407|CNTY_GU|44|11200|11170000|대구|수원시|역삼동|1114000000|서초1동|2|60|1|8|634|22156|182|7207.0|6842|1311674
202407|ADM|41|11140|41150000|인천|수원시|역삼동|4311000000|역삼1가|2|35|3|7|319|28273|445|5953.0|5587|2649085
202407|CNTY_GU|43|27110|46110000|인천|서초구|서초동|2711000000|역삼1가|2|40|0|10|388|41895|277|3055.0|2326|846235
202407|ADM|26|11170|41130000|대구|성남시|역삼동|4611000000|서초1동|2|60|1|8|912|32326|145|4495.0|3511|651775
202407|ADM|46|44130|26110000|서울|수원시|인계동|4413000000|역삼1가|1|45|0|6|741|7618|407|7948.0|7256|3234836
202407|PRVNC|27|11170|41130000|인천|강남구|역삼동|1120000000|인계동|1|40|2|4|729|6685|437|1538.0|1201|672106
202407|CNTY_GU|11|47110|43110000|인천|수원시|역삼동|4113000000|역삼1가|1|30|1|8|618|20525|175|4063.0|3747|711025
202407|CNTY_GU|45|46110|26140000|경기|강남구|역삼동|1117000000|인계동|2|25|3|8|5|18437|4|3147.0|2736|12588
202407|CNTY_GU|45|27110|11200000|인천|수원시|서초동|4211000000|인계동|1|60|0|5|639|7263|526|2056.0|1472|1081456
202407|CNTY_GU|45|27110|42110000|부산|강남구|역삼동|1111000000|역삼1가|2|35|3|2|936|47042|135|4080.0|2942|550800
202407|CNTY_GU|26|41110|26110000|서울|서초구|역삼동|1117000000|역삼1가|2|55|1|8|371|11410|209|2593.0|1843|541937
202407|ADM|45|11110|26110000|경기|수원시|역삼동|4211000000|서초1동|1|45|3|7|808|48943|45|5212.0|4263|234540
202407|PRVNC|45|26110|41150000|인천|강남구|인계동|2614000000|인계동|1|30|0|7|947|34794|162|2495.0|2095|404190
202407|ADM|43|41130|11140000|부산|수원시|인계동|2614000000|서초1동|1|30|1|7|366|46473|55|3432.0|3198|188760
202407|CNTY_GU|44|11200|41150000|부산|강남구|인계동|4611000000|역삼1가|2|35|1|5|118|30788|714|2138.0|2059|1526532
202407|CNTY_GU|26|41110|26110000|서울|성남시|인계동|2811000000|역삼1가|2|20|2|1|219|41234|166|4311.0|4248|715626
202407|ADM|42|41130|26140000|부산|성남시|서초동|4311000000|서초1동|2|60|0|10|891|47996|191|6571.0|5584|1255061
202407|ADM|46|26140|26110000|경기|강남구|서초동|2614000000|서초1동|2|35|2|10|666|45222|31|5721.0|5285|177351
202407|CNTY_GU|42|11140|28110000|대구|수원시|역삼동|4611000000|인계동|1|65|0|4|831|24280|244|2000.0|1823|488000
202407|ADM|46|11140|28110000|부산|수원시|인계동|4511000000|역삼1가|2|40|0|1|300|37400|556|4604.0|3639|2559824
202407|CNTY_GU|27|43110|28110000|대구|서초구|인계동|4115000000|서초1동|2|50|0|10|233|32800|383|4395.0|3644|1683285
202407|CNTY_GU|41|27110|41130000|서울|서초구|서초동|4111000000|인계동|1|40|0|3|153|33843|725|3378.0|3191|2449050
202407|CNTY_GU|41|11140|47110000|부산|서초구|서초동|1120000000|서초1동|1|30|1|2|5|44125|717|6744.0|5422|4835448
202407|ADM|43|41150|26110000|서울|서초구|인계동|2614000000|서초1동|1|35|0|7|880|35663|609|5353.0|4010|3259977
202407|PRVNC|26|11140|42110000|인천|강남구|서초동|4413000000|서초1동|2|55|0|9|865|17587|665|5222.0|3908|3472630
202407|ADM|11|47110|42110000|부산|서초구|서초동|2711000000|인계동|2|55|3|1|573|44830|351|3475.0|3124|1219725
202407|ADM|41|11200|26140000|부산|서초구|서초동|4111000000|역삼1가|2|50|0|6|215|41521|184|6255.0|5501|1150920
202407|ADM|26|27110|27110000|대구|강남구|인계동|2811000000|서초1동|1|30|0|6|555|45449|321|6590.0|4934|2115390
202407|PRVNC|42|46110|11170000|인천|성남시|역삼동|2711000000|서초1동|1|35|1|6|128|35498|11|1764.0|1476|19404
202407|CNTY_GU|11|41150|42110000|대구|강남구|인계동|4413000000|인계동|2|20|0|10|177|16789|229|5995.0|5600|1372855
202407|ADM|27|11170|46110000|경기|수원시|역삼동|4413000000|역삼1가|2|70|1|3|774|45464|310|6797.0|6321|2107070
202407|CNTY_GU|27|28110|11170000|부산|강남구|역삼동|1114000000|인계동|2|45|1|4|159|18878|777|3948.0|3237|3067596
202407|ADM|11|41150|11200000|서울|강남구|서초동|4113000000|서초1동|2|40|0|5|625|42138|302|5184.0|4796|1565568
202407|ADM|42|41150|28110000|경기|성남시|서초동|4113000000|역삼1가|1|30|0|1|507|8972|100|7481.0|6820|748100
202407|ADM|46|28110|47110000|부산|수원시|역삼동|2711000000|인계동|1|55|0|5|625|32443|168|1031.0|994|173208
202407|ADM|47|26140|47110000|부산|서초구|서초동|4115000000|역삼1가|2|25|0|3|967|31294|501|5432.0|4831|2721432
202407|PRVNC|46|41150|26140000|대구|수원시|인계동|2614000000|서초1동|1|35|1|9|249|43036|446|6761.0|5608|3015406
202407|CNTY_GU|46|11200|42110000|부산|성남시|서초동|1117000000|서초1동|1|35|0|10|584|38962|385|2791.0|2165|1074535
202407|ADM|47|27110|28110000|경기|수원시|역삼동|1120000000|서초1동|1|70|0|8|958|24691|733|5598.0|5420|4103334
202407|ADM|41|42110|42110000|부산|수원시|서초동|2611000000|역삼1가|1|50|0|8|977|48816|674|4922.0|4219|3317428
202407|CNTY_GU|26|41110|41150000|대구|서초구|인계동|2611000000|인계동|1|55|3|6|881|14243|43|1110.0|1025|47730
202407|ADM|47|11110|47110000|부산|강남구|인계동|2611000000|서초1동|2|60|3|10|427|45594|635|1379.0|1045|875665
202407|CNTY_GU|26|47110|41130000|인천|성남시|역삼동|2711000000|역삼1가|1|50|2|9|89|14048|609|6505.0|5611|3961545
202407|ADM|44|26110|11110000|대구|성남시|서초동|4511000000|역삼1가|2|35|2|6|835|5444|534|4113.0|3147|2196342
202407|ADM|27|26140|11140000|부산|서초구|역삼동|4511000000|인계동|1|50|3|8|957|24476|101|7911.0|6682|799011
202407|CNTY_GU|44|11110|41110000|부산|서초구|역삼동|2811000000|인계동|1|20|0|1|888|25810|114|6823.0|4992|777822
202407|ADM|11|11200|11200000|인천|성남시|서초동|4413000000|역삼1가|1|40|3|10|333|27109|679|5548.0|4749|3767092
202407|CNTY_GU|43|11140|41130000|대구|수원시|서초동|2614000000|역삼1가|2|30|1|8|86|28565|639|3869.0|3206|2472291
202407|CNTY_GU|44|11110|44130000|경기|강남구|인계동|2614000000|서초1동|2|20|0|3|964|45330|610|6926.0|6223|4224860
202407|ADM|46|11110|11170000|대구|서초구|역삼동|4211000000|서초1동|2|50|1|8|279|37547|580|2472.0|1889|1433760
202407|ADM|44|41150|41130000|대구|강남구|역삼동|4711000000|역삼1가|1|55|2|4|430|44118|486|7020.0|6388|3411720
202407|CNTY_GU|43|11140|47110000|인천|서초구|서초동|4511000000|인계동|1|55|2|10|348|21867|697|4121.0|4031|2872337
202407|CNTY_GU|27|11170|47110000|경기|수원시|역삼동|4413000000|역삼1가|2|35|1|7|442|26209|694|7968.0|7207|5529792
202407|ADM|46|26110|44130000|부산|성남시|역삼동|4115000000|서초1동|2|30|1|4|527|48725|327|5436.0|4749|1777572
202407|CNTY_GU|45|45110|44130000|서울|강남구|역삼동|4413000000|역삼1가|2|65|2|10|193|8036|571|2777.0|2348|1585667
202407|ADM|41|11110|11200000|서울|수원시|인계동|4115000000|인계동|1|70|0|7|588|43909|229|4903.0|4459|1122787
202407|PRVNC|27|41150|47110000|경기|성남시|서초동|2614000000|서초1동|1|60|2|7|225|31251|718|4347.0|4332|3121146
202407|CNTY_GU|26|27110|11200000|경기|수원시|인계동|4111000000|인계동|1|70|1|8|286|42720|12|3441.0|3108|41292
202407|ADM|45|44130|41130000|부산|수원시|역삼동|2711000000|역삼1가|2|30|0|6|233|34384|476|3796.0|2801|1806896
202407|ADM|46|45110|28110000|대구|성남시|인계동|2711000000|서초1동|2|60|0|1|737|31059|99|5182.0|3703|513018
202407|CNTY_GU|41|43110|27110000|인천|수원시|역삼동|4413000000|서초1동|1|30|0|3|644|34136|153|5899.0|4288|902547
202407|CNTY_GU|26|46110|28110000|경기|강남구|서초동|2614000000|서초1동|2|35|1|1|596|48963|277|2283.0|1600|632391
202407|CNTY_GU|42|43110|42110000|경기|수원시|인계동|1117000000|인계동|2|25|0|8|651|18260|389|5441.0|5035|2116549
202407|ADM|46|41150|43110000|부산|서초구|서초동|1120000000|서초1동|1|65|0|9|12|44605|592|3151.0|2577|1865392
202407|CNTY_GU|46|47110|41110000|대구|수원시|서초동|4211000000|인계동|1|20|1|7|462|30909|208|4180.0|3218|869440
202407|PRVNC|47|11140|41130000|부산|강남구|역삼동|2711000000|서초1동|2|25|0|6|680|47420|365|1805.0|1600|658825
202407|ADM|45|41150|44130000|인천|수원시|역삼동|2811000000|인계동|1|40|1|9|386|45980|741|7508.0|7258|5563428
202407|CNTY_GU|43|11200|44130000|서울|수원시|역삼동|4111000000|역삼1가|2|70|2|2|673|12606|529|7204.0|5132|3810916
202407|ADM|26|26140|26110000|대구|성남시|서초동|4611000000|서초1동|1|55|2|5|522|29100|247|7319.0|5595|1807793
202407|CNTY_GU|46|41150|11200000|부산|수원시|역삼동|2811000000|역삼1가|1|35|0|1|486|13108|105|4084.0|3107|428820
202407|CNTY_GU|41|41150|11110000|부산|수원시|역삼동|4311000000|역삼1가|2|40|0|2|424|34356|474|1912.0|1369|906288
202407|ADM|27|41130|41150000|부산|성남시|인계동|4511000000|역삼1가|1|35|0|9|116|41117|35|3245.0|2391|113575
202407|PRVNC|27|41110|28110000|서울|수원시|역삼동|4115000000|서초1동|1|55|0|2|143|8414|332|4180.0|3338|1387760
202407|PRVNC|42|41110|11170000|서울|수원시|인계동|4511000000|서초1동|1|70|2|4|571|9951|628|1843.0|1570|1157404
202407|CNTY_GU|42|11200|26110000|부산|강남구|서초동|4611000000|서초1동|1|35|2|9|972|26479|73|1048.0|819|76504
202407|CNTY_GU|47|41110|26110000|대구|성남시|서초동|1114000000|인계동|2|30|0|4|865|29562|514|6828.0|6733|3509592
202407|ADM|27|26140|41110000|인천|수원시|역삼동|4511000000|인계동|2|55|0|2|643|27979|179|5119.0|3776|916301
202407|ADM|42|26140|11200000|서울|강남구|역삼동|2614000000|역삼1가|2|45|0|8|962|29411|447|3201.0|2999|1430847
202407|CNTY_GU|11|42110|27110000|인천|수원시|서초동|4711000000|서초1동|2|55|2|6|193|13111|130|7041.0|6202|915330
202407|CNTY_GU|27|26140|11140000|경기|서초구|서초동|2611000000|인계동|2|65|3|6|487|38157|189|3626.0|2583|685314
202407|CNTY_GU|47|28110|11200000|부산|서초구|인계동|1117000000|인계동|1|60|1|5|238|46474|329|5376.0|3966|1768704
202407|PRVNC|47|27110|11200000|대구|서초구|역삼동|4611000000|서초1동|1|45|3|10|874|15898|253|7920.0|6509|2003760
202407|PRVNC|47|26140|45110000|대구|수원시|서초동|4111000000|인계동|2|65|0|4|892|13287|380|3240.0|2959|1231200
202407|ADM|11|47110|41150000|대구|성남시|역삼동|4111000000|인계동|1|35|0|4|393|6933|85|4749.0|4586|403665
202407|CNTY_GU|41|41130|43110000|서울|성남시|인계동|4311000000|인계동|1|55|1|9|190|37452|219|7426.0|5357|1626294
202407|CNTY_GU|47|11170|11140000|부산|서초구|역삼동|4511000000|역삼1가|1|45|0|5|99|24720|786|1418.0|1278|1114548
202407|PRVNC|43|26110|47110000|인천|수원시|역삼동|4111000000|인계동|2|40|2|1|639|36357|711|6986.0|5732|4967046
202407|ADM|42|11170|11140000|서울|강남구|인계동|4711000000|인계동|2|50|0|5|90|34146|515|2989.0|2900|1539335
202407|ADM|44|47110|41110000|서울|성남시|서초동|4311000000|인계동|2|30|1|6|604|33245|71|7172.0|6242|509212
202407|ADM|44|44130|47110000|인천|강남구|서초동|4115000000|역삼1가|1|25|1|6|370|38227|80|5372.0|4716|429760
202407|CNTY_GU|27|43110|26140000|서울|수원시|인계동|2811000000|인계동|1|40|2|4|510|9512|347|6178.0|5921|2143766
202407|CNTY_GU|45|26140|11110000|경기|수원시|역삼동|4611000000|서초1동|1|60|3|10|735|43131|643|2342.0|1825|1505906
202407|CNTY_GU|46|11170|41130000|인천|강남구|서초동|1117000000|인계동|2|50|0|1|102|29353|49|1605.0|1413|78645
202407|PRVNC|42|47110|27110000|경기|성남시|서초동|4611000000|역삼1가|2|65|3|7|331|46054|72|4649.0|3564|334728
202407|CNTY_GU|27|26140|11170000|부산|수원시|역삼동|4111000000|서초1동|1|40|1|8|948|35445|543|5082.0|4835|2759526
202407|PRVNC|46|43110|43110000|경기|성남시|서초동|1120000000|서초1동|1|40|2|4|819|47883|188|2622.0|2544|492936
202407|ADM|41|26110|41110000|서울|강남구|역삼동|1114000000|서초1동|1|55|0|4|77|48323|283|4888.0|3997|1383304
202407|ADM|44|28110|11140000|경기|강남구|인계동|4113000000|역삼1가|1|60|0|2|840|5732|77|3360.0|3294|258720
202407|PRVNC|26|26110|47110000|서울|서초구|역삼동|4511000000|인계동|2|30|3|3|758|32733|3|7519.0|7455|22557
202407|ADM|47|11200|27110000|대구|성남시|역삼동|4113000000|역삼1가|2|35|1|2|964|15125|469|3822.0|2914|1792518
202407|ADM|26|26110|44130000|인천|성남시|역삼동|1111000000|역삼1가|1|30|0|8|675|15536|591|6611.0|5835|3907101
202407|ADM|46|28110|45110000|부산|성남시|서초동|4113000000|인계동|1|35|0|6|294|40264|1|2150.0|1678|2150
202407|ADM|43|11140|46110000|서울|강남구|인계동|4611000000|역삼1가|1|30|3|2|360|44790|287|2714.0|2098|778918
202407|CNTY_GU|42|11110|28110000|경기|성남시|서초동|1120000000|역삼1가|2|70|0|3|960|29481|776|6179.0|5080|4794904
202407|PRVNC|47|26140|11200000|인천|성남시|서초동|1120000000|인계동|2|70|1|10|934|33600|761|6302.0|5061|4795822
202407|CNTY_GU|27|45110|44130000|경기|서초구|인계동|4511000000|인계동|2|60|1|8|930|11631|368|5695.0|4789|2095760
202407|ADM|11|11110|11110000|서울|서초구|역삼동|4211000000|역삼1가|1|55|0|3|196|49344|463|3632.0|2668|1681616
202407|CNTY_GU|45|42110|11140000|서울|성남시|인계동|2614000000|역삼1가|1|30|1|4|73|32782|661|7939.0|6519|5247679
202407|ADM|26|43110|43110000|대구|수원시|인계동|4511000000|인계동|1|30|1|5|775|32499|281|3660.0|2619|1028460
202407|ADM|11|47110|11200000|서울|서초구|인계동|4113000000|서초1동|1|25|3|2|30|33740|518|1795.0|1655|929810
202407|ADM|42|11200|44130000|경기|강남구|서초동|4611000000|서초1동|1|25|2|4|885|48221|313|7388.0|5916|2312444
202407|CNTY_GU|45|42110|28110000|부산|서초구|인계동|4611000000|인계동|2|50|2|2|387|34478|475|4829.0|3946|2293775
202407|ADM|43|11140|26140000|인천|강남구|인계동|2811000000|서초1동|1|30|0|7|244|19077|555|1560.0|1222|865800
202407|PRVNC|47|44130|41130000|서울|수원시|역삼동|1111000000|역삼1가|2|65|1|4|672|47231|32|1515.0|1158|48480
202407|ADM|41|43110|41110000|경기|성남시|역삼동|1114000000|서초1동|1|40|1|10|805|30168|357|2190.0|1761|781830
202407|ADM|26|44130|26110000|경기|서초구|인계동|2711000000|서초1동|1|20|1|5|987|27326|458|6170.0|4387|2825860
202407|PRVNC|26|43110|27110000|부산|수원시|서초동|4115000000|역삼1가|2|65|1|3|281|19326|519|3901.0|3504|2024619
202407|ADM|11|41150|41110000|부산|성남시|역삼동|4611000000|인계동|1|65|3|10|831|12497|374|2594.0|2242|970156
202407|CNTY_GU|46|28110|42110000|서울|성남시|인계동|4113000000|서초1동|2|30|2|3|282|9635|215|4106.0|3311|882790
202407|ADM|41|28110|41110000|부산|강남구|인계동|4413000000|인계동|1|60|2|4|458|21242|77|5398.0|4247|415646
202407|ADM|44|45110|46110000|경기|서초구|인계동|1117000000|역삼1가|1|30|1|6|793|45043|173|7360.0|6929|1273280
202407|CNTY_GU|44|41130|47110000|경기|강남구|인계동|4311000000|서초1동|2|35|1|1|609|29135|648|6830.0|5195|4425840
202407|ADM|46|28110|42110000|경기|서초구|역삼동|2611000000|서초1동|1|35|3|3|387|44997|479|5431.0|3824|2601449
202407|CNTY_GU|42|44130|41150000|경기|수원시|서초동|4413000000|역삼1가|1|55|3|9|974|13713|699|1725.0|1286|1205775
202407|CNTY_GU|44|41110|41130000|대구|수원시|인계동|4511000000|서초1동|1|35|0|1|517|7616|261|5006.0|4297|1306566
202407|ADM|27|11170|41110000|부산|서초구|역삼동|4115000000|서초1동|1|30|1|7|302|18455|108|6854.0|6599|740232
202407|CNTY_GU|42|44130|43110000|대구|강남구|역삼동|4113000000|역삼1가|1|35|2|8|517|36550|675|6020.0|5385|4063500
202407|ADM|26|41150|28110000|인천|성남시|인계동|1117000000|인계동|2|20|0|2|45|40575|537|3759.0|2712|2018583
202407|ADM|42|11170|43110000|경기|강남구|역삼동|2711000000|역삼1가|2|20|1|8|936|27620|684|1463.0|1365|1000692
202407|ADM|41|42110|27110000|대구|성남시|인계동|2811000000|역삼1가|2|70|2|8|915|22990|40|7871.0|6126|314840
202407|ADM|43|11110|11140000|부산|성남시|역삼동|4413000000|역삼1가|2|40|0|8|835|15556|266|4694.0|3960|1248604
202407|ADM|47|47110|11200000|부산|성남시|인계동|4311000000|역삼1가|2|55|0|9|765|16553|282|2378.0|2114|670596
202407|CNTY_GU|11|41150|44130000|대구|서초구|인계동|4115000000|서초1동|1|60|3|7|255|37542|70|5798.0|4933|405860
202407|PRVNC|47|26140|26140000|인천|강남구|서초동|2611000000|역삼1가|1|45|1|2|826|36076|700|5541.0|4436|3878700
202407|ADM|27|27110|46110000|부산|성남시|역삼동|2611000000|인계동|1|65|3|9|155|29048|307|6971.0|5056|2140097
202407|PRVNC|26|46110|44130000|서울|강남구|인계동|4311000000|인계동|2|50|3|3|450|42419|754|2113.0|1527|1593202
202407|CNTY_GU|46|11200|11140000|부산|강남구|서초동|4115000000|역삼1가|1|65|0|6|49|5712|1|1115.0|1033|1115
202407|ADM|26|11140|45110000|부산|서초구|인계동|4611000000|서초1동|1|50|0|1|750|40994|75|6306.0|4748|472950
202407|CNTY_GU|47|44130|41150000|대구|강남구|서초동|2711000000|역삼1가|2|25|0|7|429|26913|1|2852.0|2770|2852
202407|ADM|44|41110|41150000|인천|강남구|서초동|4413000000|서초1동|2|30|0|7|84|12588|197|4935.0|3585|972195
202407|ADM|43|41150|11110000|부산|강남구|역삼동|4413000000|인계동|2|40|2|9|940|23528|610|2494.0|1949|1521340
202407|PRVNC|11|11200|27110000|경기|수원시|역삼동|2711000000|서초1동|1|65|1|6|226|15568|601|3290.0|2827|1977290
202407|ADM|44|46110|41110000|서울|성남시|서초동|4113000000|역삼1가|1|65|2|9|570|37086|187|7037.0|5917|1315919
202407|ADM|43|41130|41110000|서울|성남시|서초동|4511000000|서초1동|2|40|2|5|906|8011|409|1218.0|1094|498162
202407|CNTY_GU|45|28110|41150000|인천|성남시|역삼동|1111000000|인계동|1|35|0|9|407|18205|451|3758.0|3525|1694858
202407|ADM|46|41150|41110000|부산|서초구|인계동|2711000000|서초1동|2|40|0|3|743|46860|210|3397.0|3033|713370
202407|ADM|47|41130|26110000|부산|성남시|서초동|2611000000|역삼1가|1|45|0|7|646|37692|245|7637.0|5819|1871065
202407|ADM|45|41130|41110000|부산|강남구|서초동|4211000000|인계동|2|35|0|7|323|33535|426|6930.0|5065|2952180
202407|PRVNC|11|45110|11170000|대구|성남시|역삼동|4311000000|서초1동|1|25|2|2|446|9715|660|6333.0|6144|4179780
202407|CNTY_GU|45|41150|41150000|대구|성남시|서초동|4211000000|서초1동|1|65|2|7|629|36898|713|0.0|0|0
202407|ADM|44|28110|26110000|인천|강남구|역삼동|2614000000|인계동|1|55|2|5|512|48803|795|7036.0|6406|5593620
202407|CNTY_GU|47|45110|44130000|인천|강남구|서초동|4711000000|서초1동|1|60|0|4|913|35160|299|2558.0|2294|764842
202407|ADM|43|43110|45110000|대구|성남시|역삼동|1120000000|인계동|2|30|0|5|692|14163|511|6863.0|5762|3506993
202407|ADM|42|11140|41130000|서울|수원시|인계동|4113000000|서초1동|2|50|0|7|390|5241|152|5248.0|4279|797696
202407|CNTY_GU|26|26110|41110000|서울|성남시|역삼동|4413000000|서초1동|1|45|3|7|887|38882|142|2105.0|1888|298910
202407|ADM|43|46110|27110000|경기|수원시|서초동|4211000000|역삼1가|1|60|1|1|976|43181|40|2233.0|1662|89320
202407|ADM|47|11110|26140000|인천|서초구|역삼동|4711000000|인계동|2|65|0|8|469|23618|143|1343.0|1208|192049
202407|CNTY_GU|26|45110|43110000|서울|서초구|서초동|4211000000|인계동|1|30|0|8|664|7157|402|7736.0|7039|3109872
202407|PRVNC|44|41150|45110000|경기|서초구|역삼동|1111000000|인계동|2|50|0|6|348|24389|453|5100.0|4330|2310300
202407|ADM|43|11110|11170000|부산|성남시|인계동|2614000000|역삼1가|2|45|2|9|73|45609|211|1728.0|1591|364608
202407|PRVNC|41|26140|46110000|부산|수원시|서초동|1114000000|역삼1가|1|45|1|1|928|48707|535|0.0|0|0
202407|CNTY_GU|41|41130|41130000|경기|서초구|역삼동|2811000000|인계동|1|40|2|10|557|10271|517|2016.0|1905|1042272
202407|CNTY_GU|11|11200|41150000|부산|서초구|역삼동|1117000000|역삼1가|2|20|1|2|867|30499|763|4997.0|3770|3812711
202407|CNTY_GU|41|27110|11140000|대구|강남구|인계동|2614000000|역삼1가|2|35|1|9|306|18809|212|1094.0|950|231928
202407|ADM|43|47110|11200000|경기|서초구|역삼동|1114000000|인계동|1|65|1|1|830|39577|239|2654.0|2425|634306
202407|ADM|43|46110|11110000|부산|성남시|서초동|4111000000|인계동|1|55|2|5|391|9635|479|7666.0|6723|3672014
202407|CNTY_GU|46|11200|41110000|부산|성남시|인계동|1117000000|서초1동|2|60|2|10|184|40747|187|7637.0|5359|1428119
202407|PRVNC|47|41150|11140000|부산|성남시|인계동|2614000000|인계동|2|40|1|5|994|13487|254|6795.0|5172|1725930
202407|ADM|46|46110|26140000|부산|서초구|역삼동|1111000000|인계동|2|65|2|2|800|40126|510|4119.0|3062|2100690
202407|ADM|41|41130|41110000|경기|수원시|인계동|4711000000|역삼1가|1|55|0|10|342|37058|709|3592.0|2646|2546728
202407|ADM|47|41150|11140000|대구|서초구|인계동|2611000000|역삼1가|2|65|0|5|510|9202|484|5392.0|4970|2609728
202407|ADM|42|26110|43110000|부산|수원시|서초동|1111000000|서초1동|1|45|2|9|16|45031|689|1780.0|1674|1226420
202407|ADM|26|11170|47110000|서울|성남시|역삼동|2614000000|역삼1가|1|55|3|2|168|29474|448|5176.0|4397|2318848
202407|PRVNC|11|41150|44130000|경기|강남구|인계동|1120000000|인계동|2|30|0|3|346|14662|437|1726.0|1617|754262
202407|CNTY_GU|46|45110|11140000|부산|성남시|인계동|2811000000|서초1동|1|40|0|5|919|44430|563|7462.0|6300|4201106
202407|PRVNC|44|41150|41130000|인천|강남구|역삼동|2614000000|인계동|1|30|3|2|888|36100|410|2461.0|1750|1009010
202407|PRVNC|45|11140|26140000|부산|강남구|서초동|2611000000|역삼1가|1|30|1|1|51|34774|433|6756.0|6471|2925348
202407|PRVNC|26|43110|26140000|부산|서초구|인계동|1120000000|인계동|2|40|2|7|482|31924|126|1544.0|1403|194544
202407|ADM|45|42110|26110000|경기|강남구|서초동|2611000000|서초1동|2|40|1|6|352|16798|31|6544.0|4718|202864
202407|CNTY_GU|43|41150|43110000|대구|성남시|서초동|4511000000|인계동|1|65|3|10|195|45082|627|7629.0|7218|4783383
202407|ADM|41|26140|26110000|경기|서초구|역삼동|1111000000|서초1동|1|45|1|7|878|24302|222|3244.0|3182|720168
202407|CNTY_GU|43|43110|41110000|서울|강남구|역삼동|4113000000|역삼1가|2|30|0|6|887|39650|779|2237.0|1959|1742623
202407|CNTY_GU|43|11200|11200000|서울|수원시|역삼동|4611000000|서초1동|2|70|0|8|946|18679|710|3440.0|3047|2442400
202407|PRVNC|45|47110|26140000|서울|서초구|서초동|4113000000|서초1동|2|35|1|10|705|43229|78|4731.0|4351|369018
202407|ADM|45|28110|41130000|대구|서초구|인계동|1114000000|서초1동|1|30|0|1|972|20079|544|3631.0|2934|1975264
202407|CNTY_GU|26|11200|26140000|부산|수원시|인계동|1114000000|인계동|1|70|0|9|6|40188|664|1998.0|1576|1326672
202407|CNTY_GU|11|11170|44130000|서울|서초구|역삼동|1120000000|인계동|2|50|0|10|328|24959|565|3598.0|2728|2032870
202407|CNTY_GU|42|26110|26140000|경기|수원시|서초동|1114000000|역삼1가|2|30|3|1|936|38952|583|6493.0|4572|3785419
202407|ADM|44|46110|11200000|경기|강남구|서초동|2611000000|역삼1가|1|40|0|4|666|14480|394|7174.0|5520|2826556
202407|ADM|47|11140|43110000|경기|강남구|역삼동|4413000000|역삼1가|2|35|2|6|489|38701|525|7499.0|6275|3936975
202407|ADM|44|41150|44130000|부산|서초구|인계동|4511000000|역삼1가|2|40|0|1|296|33361|348|4391.0|3697|1528068
202407|ADM|44|41110|11200000|경기|강남구|서초동|4311000000|인계동|1|45|0|7|919|15739|495|4081.0|4041|2020095
202407|CNTY_GU|42|41130|41130000|부산|서초구|역삼동|2811000000|서초1동|1|50|0|7|739|20808|645|5658.0|5153|3649410
202407|PRVNC|26|26110|44130000|경기|수원시|서초동|1111000000|역삼1가|1|35|0|10|742|30778|62|4771.0|4106|295802
202407|CNTY_GU|46|42110|47110000|서울|서초구|역삼동|2614000000|인계동|2|30|3|9|615|5824|746|2583.0|1975|1926918
202407|ADM|26|11200|44130000|대구|서초구|역삼동|4511000000|역삼1가|1|45|0|8|385|7735|758|7540.0|5873|5715320
202407|ADM|46|46110|41110000|대구|강남구|서초동|2614000000|인계동|1|50|0|5|786|13884|113|7908.0|5918|893604
202407|CNTY_GU|42|26140|44130000|부산|서초구|서초동|2811000000|역삼1가|1|30|1|4|328|33672|198|4979.0|3793|985842
202407|ADM|47|42110|45110000|부산|서초구|서초동|4111000000|역삼1가|1|45|0|8|632|49402|109|7730.0|6147|842570
202407|ADM|26|26110|44130000|부산|강남구|서초동|4211000000|인계동|2|70|0|10|997|44234|610|3011.0|2679|1836710
202407|ADM|46|47110|27110000|서울|수원시|인계동|1114000000|인계동|1|35|0|1|172|41602|41|5227.0|4492|214307
202407|CNTY_GU|41|41110|41110000|인천|서초구|역삼동|4111000000|서초1동|2|30|1|1|912|15490|192|6693.0|5394|1285056
202407|CNTY_GU|44|26110|43110000|대구|서초구|서초동|4611000000|서초1동|2|45|0|2|111|27132|165|7445.0|7036|1228425
202407|CNTY_GU|42|45110|41150000|인천|수원시|인계동|1114000000|서초1동|2|45|1|7|15|8107|527|5136.0|4600|2706672
202407|ADM|47|47110|11200000|부산|강남구|인계동|2711000000|서초1동|2|45|0|5|436|42652|652|6839.0|5216|4459028
202407|CNTY_GU|46|11110|27110000|서울|성남시|인계동|1120000000|서초1동|1|35|2|3|789|18850|158|4883.0|3899|771514
202407|ADM|41|42110|11140000|부산|서초구|역삼동|2711000000|역삼1가|1|55|1|5|803|19124|448|1652.0|1445|740096
202407|ADM|41|45110|11200000|경기|서초구|역삼동|2614000000|서초1동|2|30|0|9|452|11621|668|5969.0|5712|3987292
202407|CNTY_GU|47|26140|43110000|대구|서초구|서초동|4115000000|서초1동|2|60|1|7|167|21022|340|7789.0|5612|2648260
202407|ADM|26|41150|11170000|부산|서초구|역삼동|2611000000|역삼1가|1|25|3|4|984|48284|102|4614.0|4289|470628
202407|CNTY_GU|27|41150|42110000|경기|서초구|서초동|2611000000|인계동|2|70|0|5|587|28440|400|0.0|0|0
202407|CNTY_GU|47|28110|11140000|대구|수원시|서초동|4115000000|서초1동|2|30|2|1|212|14833|577|1209.0|1051|697593
202407|ADM|26|42110|41130000|부산|성남시|인계동|4115000000|서초1동|1|70|0|10|581|14654|699|2432.0|1904|1699968
202407|ADM|42|42110|11140000|인천|수원시|인계동|2614000000|인계동|1|40|0|8|294|26751|201|4001.0|2886|804201
202407|ADM|46|27110|45110000|대구|성남시|서초동|4413000000|역삼1가|1|40|2|4|218|41839|653|7933.0|5635|5180249
202407|CNTY_GU|26|47110|42110000|부산|서초구|서초동|1111000000|역삼1가|1|65|0|2|644|33362|272|3795.0|3245|1032240
202407|ADM|46|41130|42110000|경기|수원시|서초동|4311000000|서초1동|1|20|3|1|279|26119|616|1716.0|1630|1057056
202407|ADM|47|45110|26110000|서울|강남구|서초동|4111000000|인계동|2|35|3|6|796|41277|506|7224.0|6572|3655344
202407|ADM|27|11140|41110000|부산|서초구|인계동|4111000000|역삼1가|2|25|2|8|703|9400|159|5490.0|5404|872910
202407|CNTY_GU|46|41130|42110000|대구|수원시|역삼동|4211000000|역삼1가|2|70|0|5|527|41199|584|6230.0|5331|3638320
202407|ADM|41|26110|41130000|인천|서초구|인계동|2711000000|역삼1가|1|50|2|6|964|15442|537|7528.0|6377|4042536
202407|CNTY_GU|43|41150|45110000|부산|강남구|역삼동|2614000000|역삼1가|2|45|3|8|731|11006|685|7764.0|5631|5318340
202407|ADM|26|11110|44130000|부산|성남시|서초동|4115000000|인계동|1|40|0|4|817|30508|258|7937.0|7141|2047746
202407|CNTY_GU|44|26140|41150000|서울|서초구|서초동|2611000000|인계동|2|65|3|2|652|15479|93|6351.0|5770|590643
202407|CNTY_GU|26|11200|11200000|부산|성남시|서초동|4311000000|역삼1가|1|20|3|8|718|32184|377|7114.0|5704|2681978
202407|CNTY_GU|44|41150|26140000|인천|수원시|역삼동|1114000000|서초1동|1|40|0|2|428|43416|722|4602.0|3363|3322644
202407|ADM|41|47110|26110000|인천|성남시|인계동|2611000000|역삼1가|2|40|1|1|563|39401|117|7303.0|6142|854451
202407|ADM|46|11140|26110000|인천|성남시|인계동|2711000000|역삼1가|1|25|2|6|426|40816|221|7791.0|5559|1721811
202407|ADM|26|26140|26140000|인천|성남시|인계동|1117000000|서초1동|2|45|0|9|78|23099|392|4352.0|4330|1705984
202407|ADM|42|46110|41110000|경기|서초구|인계동|4413000000|역삼1가|2|55|0|1|724|15595|669|2972.0|2828|1988268
202407|ADM|26|41130|42110000|서울|성남시|서초동|4211000000|서초1동|1|55|3|1|540|35595|751|7696.0|7191|5779696
202407|CNTY_GU|11|26140|41110000|경기|강남구|역삼동|4511000000|인계동|2|60|0|6|273|16968|793|6627.0|5746|5255211
202407|ADM|41|41150|46110000|대구|서초구|서초동|1117000000|역삼1가|1|40|0|3|716|15277|537|2359.0|1704|1266783
202407|ADM|47|42110|41150000|대구|성남시|인계동|2614000000|서초1동|2|70|3|10|346|17341|18|2409.0|2243|43362
202407|ADM|46|43110|11140000|경기|수원시|역삼동|2711000000|인계동|1|70|0|6|244|32559|26|2786.0|2025|72436
202407|CNTY_GU|45|45110|28110000|서울|성남시|서초동|4311000000|인계동|2|35|2|9|543|38518|788|6510.0|5786|5129880
202407|CNTY_GU|46|28110|11200000|인천|서초구|서초동|1120000000|인계동|1|65|2|1|221|22399|679|2474.0|2216|1679846
202407|ADM|26|44130|42110000|부산|성남시|서초동|4611000000|역삼1가|1|50|0|6|855|35366|485|3541.0|2882|1717385
202407|ADM|27|11170|11200000|인천|수원시|서초동|2811000000|서초1동|2|55|1|6|569|40170|532|5866.0|4497|3120712
202407|CNTY_GU|27|27110|44130000|경기|성남시|역삼동|1111000000|인계동|2|70|0|2|734|32081|252|3041.0|2554|766332
202407|CNTY_GU|47|41150|11140000|경기|수원시|서초동|4115000000|서초1동|1|30|3|1|850|45362|346|1239.0|1190|428694
202407|ADM|47|47110|28110000|인천|강남구|인계동|2614000000|서초1동|1|65|0|3|470|30179|651|0.0|0|0
202407|ADM|11|41150|43110000|서울|성남시|역삼동|2811000000|서초1동|1|50|2|1|964|38360|350|2573.0|1894|900550
202407|CNTY_GU|44|45110|41130000|인천|서초구|인계동|4211000000|인계동|2|65|0|2|4|19430|124|7312.0|7245|906688
202407|CNTY_GU|27|27110|47110000|서울|성남시|서초동|1117000000|서초1동|2|65|0|1|220|33163|614|4164.0|3132|2556696
202407|CNTY_GU|27|45110|11200000|대구|서초구|인계동|2611000000|인계동|2|25|3|6|60|7664|3|3949.0|3066|11847
202407|CNTY_GU|43|47110|41150000|인천|서초구|역삼동|1111000000|역삼1가|1|40|3|3|50|10743|215|3552.0|3403|763680
202407|PRVNC|26|44130|41150000|인천|강남구|역삼동|4211000000|서초1동|1|50|2|3|228|49072|280|1220.0|1043|341600
202407|ADM|46|27110|41110000|부산|수원시|인계동|2611000000|인계동|2|20|3|7|443|34256|314|1026.0|902|322164
202407|ADM|41|44130|11110000|부산|서초구|역삼동|4511000000|인계동|2|30|0|6|567|47353|576|5186.0|4663|2987136
202407|CNTY_GU|46|11110|46110000|서울|수원시|인계동|1120000000|인계동|2|45|2|2|790|29358|2|2618.0|2067|5236
202407|PRVNC|26|44130|44130000|대구|수원시|역삼동|4211000000|서초1동|2|45|0|6|270|24651|612|3330.0|2493|2037960
202407|CNTY_GU|45|11170|46110000|대구|수원시|서초동|4311000000|서초1동|2|55|3|1|656|6310|705|1374.0|1137|968670
202407|PRVNC|11|47110|47110000|서울|수원시|서초동|4113000000|인계동|1|55|0|2|960|10799|220|5747.0|5719|1264340
202407|PRVNC|42|47110|27110000|부산|수원시|서초동|2611000000|인계동|2|65|1|10|180|10621|673|2630.0|2002|1769990
202407|CNTY_GU|26|28110|28110000|경기|성남시|서초동|4211000000|서초1동|2|60|0|7|720|5506|546|1202.0|1195|656292
202407|CNTY_GU|46|43110|11170000|대구|성남시|인계동|2711000000|서초1동|2|40|0|10|44|20472|475|4597.0|3773|2183575
202407|CNTY_GU|41|26110|43110000|부산|성남시|역삼동|2711000000|역삼1가|2|25|2|9|7|15934|100|3039.0|2447|303900
202407|CNTY_GU|11|45110|26110000|부산|서초구|서초동|2711000000|역삼1가|2|40|0|3|645|26696|680|3531.0|2586|2401080
202407|ADM|45|44130|27110000|대구|서초구|역삼동|2611000000|인계동|1|25|0|3|584|47092|750|5951.0|4274|4463250
202407|ADM|11|47110|44130000|경기|수원시|인계동|4211000000|인계동|2|65|0|2|465|46464|570|6774.0|4874|3861180
202407|ADM|45|47110|26110000|경기|강남구|인계동|4115000000|인계동|1|55|3|4|392|26331|219|6378.0|5975|1396782
202407|ADM|44|42110|43110000|부산|성남시|인계동|4111000000|서초1동|2|65|1|9|126|13845|662|3648.0|3542|2414976
202407|CNTY_GU|45|47110|45110000|대구|강남구|인계동|2811000000|서초1동|2|20|0|4|242|21507|780|1879.0|1727|1465620
202407|ADM|26|11170|41110000|대구|서초구|서초동|1120000000|서초1동|2|20|3|7|402|7221|221|3795.0|3483|838695
202407|ADM|44|41130|41130000|경기|서초구|역삼동|4611000000|서초1동|1|40|1|5|143|42674|414|2296.0|1874|950544
202407|CNTY_GU|47|45110|11140000|서울|강남구|서초동|1120000000|역삼1가|1|55|2|1|227|38095|55|3205.0|2493|176275
202407|CNTY_GU|26|28110|41110000|서울|성남시|서초동|4511000000|서초1동|1|50|0|2|934|11650|678|7807.0|6451|5293146
202407|ADM|43|11200|44130000|대구|수원시|서초동|2614000000|서초1동|1|25|1|8|789|37718|776|2096.0|1703|1626496
202407|PRVNC|41|41130|11140000|대구|강남구|역삼동|4711000000|역삼1가|1|40|3|5|706|38783|389|1790.0|1283|696310
202407|ADM|26|42110|41130000|대구|수원시|서초동|2811000000|서초1동|2|45|0|8|5|40115|585|2413.0|1848|1411605
202407|CNTY_GU|11|11200|42110000|인천|서초구|서초동|4413000000|역삼1가|1|60|0|7|634|40987|750|3631.0|2621|2723250
202407|CNTY_GU|47|11110|27110000|경기|수원시|역삼동|2711000000|인계동|2|50|2|1|180|39519|691|7489.0|6453|5174899
202407|PRVNC|45|47110|41150000|부산|강남구|역삼동|4113000000|역삼1가|1|45|1|6|546|42351|66|4377.0|4064|288882
202407|CNTY_GU|41|26140|46110000|인천|강남구|서초동|4113000000|서초1동|1|55|2|4|88|32211|515|4558.0|3883|2347370
202407|CNTY_GU|27|42110|46110000|부산|수원시|인계동|2811000000|역삼1가|2|50|1|1|966|48517|231|2041.0|1780|471471
202407|ADM|27|41110|11200000|인천|서초구|역삼동|4311000000|인계동|2|45|1|4|281|27595|290|7385.0|7071|2141650
202407|ADM|27|45110|42110000|부산|성남시|인계동|1114000000|인계동|1|70|2|1|551|20108|521|6751.0|6239|3517271
202407|CNTY_GU|26|42110|26110000|인천|성남시|서초동|4311000000|인계동|2|25|1|1|801|10614|388|5192.0|4792|2014496
202407|ADM|43|11200|41130000|대구|서초구|서초동|1114000000|인계동|2|65|1|4|786|21509|6|2501.0|2210|15006
202407|PRVNC|46|45110|26110000|경기|수원시|역삼동|2711000000|인계동|1|45|0|5|921|43520|562|3411.0|2818|1916982
202407|CNTY_GU|45|42110|26140000|경기|수원시|서초동|4511000000|역삼1가|2|50|2|1|512|40494|738|4982.0|3564|3676716
202407|ADM|45|11140|46110000|부산|서초구|인계동|2811000000|서초1동|1|55|1|2|469|37962|498|7924.0|7806|3946152
202407|ADM|46|46110|26140000|서울|강남구|인계동|4511000000|인계동|2|45|2|5|425|29047|586|5191.0|4488|3041926
202407|ADM|45|44130|46110000|경기|강남구|역삼동|4711000000|서초1동|1|40|0|1|934|41756|22|1471.0|1076|32362
202407|PRVNC|26|41110|11200000|경기|성남시|서초동|4413000000|역삼1가|1|60|0|1|150|24940|68|1678.0|1230|114104
202407|CNTY_GU|42|43110|42110000|서울|강남구|인계동|4115000000|서초1동|2|50|2|1|222|49980|526|7470.0|6811|3929220
202407|ADM|27|28110|46110000|대구|성남시|역삼동|1120000000|인계동|1|70|0|5|278|35048|753|5965.0|4304|4491645
202407|ADM|44|44130|28110000|서울|서초구|서초동|4115000000|인계동|1|65|0|7|864|48772|345|3933.0|2815|1356885
202407|ADM|47|27110|11110000|대구|성남시|서초동|4511000000|서초1동|1|50|3|3|235|22018|82|7749.0|6894|635418
202407|ADM|44|41110|11170000|서울|서초구|인계동|4113000000|역삼1가|2|60|2|9|582|16517|641|6541.0|5854|4192781
202407|ADM|26|43110|47110000|경기|서초구|인계동|4413000000|역삼1가|1|50|1|2|754|13983|262|4190.0|3598|1097780
202407|ADM|47|41130|45110000|부산|서초구|인계동|1111000000|역삼1가|1|40|1|2|68|43502|674|6626.0|5804|4465924
202407|ADM|43|41130|42110000|인천|서초구|인계동|2711000000|서초1동|2|35|3|10|23|43328|618|1113.0|1064|687834
202407|PRVNC|43|11140|11110000|인천|강남구|역삼동|1114000000|인계동|1|65|0|2|877|36959|537|3147.0|2478|1689939
202407|CNTY_GU|27|11200|41110000|부산|수원시|역삼동|4115000000|인계동|2|45|0|2|47|48323|48|6299.0|4693|302352
202407|PRVNC|27|44130|11110000|서울|서초구|역삼동|2611000000|인계동|1|45|1|6|26|45444|320|1553.0|1460|496960
202407|ADM|46|41130|11200000|서울|강남구|인계동|1120000000|역삼1가|1|30|0|6|931|23571|23|1633.0|1308|37559
202407|CNTY_GU|26|11170|28110000|대구|수원시|인계동|4511000000|역삼1가|2|20|0|4|350|48554|623|6516.0|4839|4059468
202407|ADM|27|11200|45110000|경기|수원시|서초동|1117000000|서초1동|2|40|3|7|870|36069|647|5870.0|5477|3797890
202407|ADM|27|41150|41130000|경기|강남구|역삼동|2811000000|인계동|2|35|0|4|630|21600|757|6149.0|5466|4654793
202407|CNTY_GU|46|11200|44130000|서울|수원시|인계동|1114000000|서초1동|2|50|1|7|725|49348|286|7723.0|7333|2208778
202407|PRVNC|11|26110|41150000|대구|서초구|역삼동|4211000000|인계동|1|55|0|5|774|26613|162|2858.0|2413|462996
202407|ADM|26|44130|11140000|부산|강남구|역삼동|2811000000|인계동|1|25|1|10|491|15924|621|1158.0|998|719118
202407|ADM|26|11140|41130000|인천|성남시|서초동|1117000000|서초1동|2|55|0|6|80|11514|658|6926.0|5962|4557308
202407|ADM|26|42110|26140000|대구|수원시|서초동|4111000000|서초1동|2|45|1|3|540|20599|782|4574.0|4536|3576868
202407|ADM|43|11200|28110000|부산|서초구|역삼동|4111000000|서초1동|2|35|2|8|263|5326|37|4870.0|3915|180190
202407|ADM|46|11110|45110000|부산|서초구|인계동|4711000000|서초1동|1|55|0|4|259|13223|4|6670.0|4811|26680
202407|CNTY_GU|11|11110|28110000|대구|성남시|서초동|4413000000|인계동|1|70|0|9|768|42524|196|6344.0|4697|1243424
202407|CNTY_GU|47|28110|43110000|서울|성남시|역삼동|4211000000|역삼1가|2|45|1|9|208|23262|128|5868.0|4413|751104
202407|ADM|11|26110|26110000|대구|강남구|서초동|4711000000|인계동|2|60|3|7|576|45069|716|4325.0|3057|3096700
202407|CNTY_GU|27|28110|41150000|부산|서초구|역삼동|2711000000|역삼1가|2|70|3|10|820|22680|181|3817.0|2717|690877
202407|ADM|11|28110|11200000|인천|수원시|인계동|1111000000|역삼1가|1|70|0|2|559|10622|52|1645.0|1203|85540
202407|ADM|47|11110|44130000|부산|강남구|역삼동|2611000000|역삼1가|2|40|0|5|615|10024|180|7488.0|7143|1347840
202407|CNTY_GU|43|41130|26110000|서울|서초구|역삼동|2614000000|인계동|1|20|1|2|599|11480|80|1600.0|1233|128000
202407|ADM|45|26140|27110000|서울|서초구|서초동|2614000000|서초1동|1|40|0|6|954|44172|191|6975.0|6681|1332225
202407|CNTY_GU|11|11170|11110000|대구|수원시|인계동|2614000000|서초1동|1|50|2|6|167|11492|182|5712.0|4266|1039584
202407|CNTY_GU|43|11170|44130000|대구|서초구|서초동|4115000000|인계동|1|65|2|5|671|21985|86|3440.0|3369|295840
202407|PRVNC|43|26110|11200000|경기|수원시|서초동|2811000000|역삼1가|2|65|0|6|490|19634|441|7992.0|7764|3524472
202407|ADM|41|46110|26140000|부산|강남구|인계동|4413000000|인계동|2|65|3|8|937|37712|721|4126.0|4003|2974846
202407|CNTY_GU|44|42110|11140000|경기|강남구|인계동|4311000000|서초1동|2|25|0|3|107|46694|447|6426.0|5644|2872422
202407|ADM|41|44130|45110000|인천|강남구|역삼동|4115000000|역삼1가|2|55|0|10|889|15943|293|3851.0|3082|1128343
202407|ADM|27|11200|45110000|부산|성남시|인계동|1111000000|서초1동|1|55|0|7|928|24328|366|4223.0|3777|1545618
202407|CNTY_GU|45|41150|41110000|경기|성남시|인계동|4511000000|인계동|1|55|2|4|107|32755|678|7418.0|5702|5029404
202407|ADM|47|26140|42110000|부산|성남시|서초동|4611000000|서초1동|1|35|3|5|837|33273|755|7129.0|5229|5382395
202407|CNTY_GU|46|42110|45110000|인천|성남시|서초동|2711000000|역삼1가|1|60|2|3|624|39331|394|4087.0|3913|1610278
202407|CNTY_GU|47|41130|26110000|인천|수원시|인계동|4511000000|인계동|2|35|3|4|44|18027|58|0.0|0|0
202407|CNTY_GU|42|41150|46110000|부산|수원시|역삼동|2711000000|인계동|1|30|0|7|880|40952|574|1377.0|1077|790398
202407|ADM|47|41110|41150000|부산|서초구|역삼동|1114000000|서초1동|1|70|3|8|624|7659|732|4974.0|4775|3640968
202407|ADM|47|44130|28110000|서울|서초구|역삼동|2711000000|서초1동|2|65|2|2|278|21865|311|7782.0|7349|2420202
202407|CNTY_GU|47|27110|44130000|서울|강남구|인계동|2614000000|역삼1가|1|45|2|7|101|25076|21|3338.0|2959|70098
202407|CNTY_GU|26|42110|27110000|부산|강남구|역삼동|2711000000|서초1동|1|45|3|6|132|40883|784|3421.0|2756|2682064
202407|CNTY_GU|11|42110|45110000|대구|강남구|인계동|4111000000|서초1동|1|30|0|6|924|25748|50|5751.0|4115|287550
202407|ADM|43|44130|44130000|부산|서초구|서초동|1120000000|서초1동|1|65|1|4|345|15229|601|4301.0|4045|2584901
202407|CNTY_GU|41|26110|43110000|인천|성남시|서초동|4113000000|역삼1가|2|50|0|10|557|24291|69|4988.0|3642|344172
202407|CNTY_GU|42|42110|41150000|인천|강남구|역삼동|1111000000|인계동|1|45|1|7|425|5518|318|3165.0|2639|1006470
202407|ADM|27|27110|27110000|경기|강남구|서초동|4115000000|역삼1가|1|50|0|7|331|15390|655|7582.0|7544|4966210
202407|ADM|26|45110|11110000|인천|강남구|인계동|2811000000|서초1동|1|35|0|1|327|27807|69|3642.0|3221|251298
202407|PRVNC|26|41130|11200000|경기|수원시|인계동|4111000000|서초1동|1|45|0|10|411|22289|434|3771.0|2676|1636614
202407|CNTY_GU|46|11110|41110000|경기|수원시|인계동|2614000000|서초1동|1|35|0|4|588|25213|7|7942.0|5576|55594
202407|ADM|43|28110|47110000|인천|성남시|인계동|4413000000|인계동|2|65|0|6|168|6410|450|4448.0|4143|2001600
202407|ADM|44|45110|26110000|대구|수원시|역삼동|4111000000|인계동|2|30|3|5|378|32727|146|6158.0|5066|899068
202407|CNTY_GU|46|26140|11170000|부산|서초구|서초동|4711000000|역삼1가|2|50|3|6|479|41666|383|2212.0|1751|847196
202407|ADM|47|26110|45110000|부산|성남시|역삼동|1114000000|서초1동|1|50|1|2|532|35041|197|0.0|0|0
202407|ADM|46|47110|47110000|부산|수원시|서초동|2711000000|서초1동|2|35|0|4|977|29196|427|6403.0|5131|2734081
202407|CNTY_GU|46|27110|11140000|대구|강남구|인계동|4113000000|서초1동|2|70|0|4|646|11451|688|2906.0|2690|1999328
202407|CNTY_GU|27|26110|46110000|인천|서초구|역삼동|4113000000|역삼1가|1|55|1|1|909|43153|83|7881.0|7129|654123
202407|ADM|11|26140|43110000|부산|서초구|인계동|4511000000|서초1동|2|50|3|4|771|19287|509|1614.0|1272|821526
202407|PRVNC|41|26140|41110000|서울|서초구|역삼동|4511000000|역삼1가|2|60|2|10|676|42809|712|7848.0|7707|5587776
202407|CNTY_GU|42|11110|47110000|인천|강남구|인계동|1120000000|인계동|1|60|3|9|315|13640|696|5767.0|5725|4013832
202407|ADM|45|11140|28110000|인천|서초구|역삼동|4413000000|역삼1가|1|20|1|6|769|35925|466|4341.0|3781|2022906
202407|PRVNC|26|11170|44130000|경기|강남구|역삼동|4111000000|서초1동|1|45|0|4|927|41885|457|2126.0|1660|971582
202407|ADM|45|47110|11140000|인천|수원시|인계동|2611000000|인계동|2|60|0|4|494|24182|343|4706.0|4056|1614158
202407|ADM|45|44130|11170000|대구|성남시|서초동|4611000000|역삼1가|1|25|2|6|185|47109|748|3699.0|3405|2766852
202407|ADM|46|44130|46110000|서울|수원시|역삼동|1111000000|서초1동|2|45|1|1|18|13964|385|3097.0|2909|1192345
202407|CNTY_GU|43|11200|26140000|대구|서초구|서초동|1120000000|서초1동|1|65|0|8|434|10384|408|5083.0|4850|2073864
202407|CNTY_GU|11|11200|41110000|인천|서초구|인계동|4115000000|서초1동|2|55|0|2|127|25091|784|7794.0|7247|6110496
202407|ADM|45|41110|11110000|경기|강남구|서초동|4111000000|인계동|2|45|3|9|802|35339|685|5889.0|5516|4033965
202407|ADM|26|11200|11110000|인천|강남구|인계동|2811000000|역삼1가|1|35|1|10|754|30783|567|1808.0|1464|1025136
202407|CNTY_GU|27|44130|41150000|대구|서초구|역삼동|1117000000|역삼1가|1|25|3|1|366|36576|691|7801.0|6298|5390491
202407|ADM|45|27110|26140000|부산|수원시|역삼동|1111000000|역삼1가|2|60|1|4|738|24858|596|6445.0|5505|3841220
202407|ADM|41|11110|41110000|대구|성남시|인계동|4711000000|인계동|1|70|1|9|304|45951|305|6420.0|6125|1958100
202407|PRVNC|45|28110|41130000|서울|서초구|역삼동|1111000000|역삼1가|2|50|2|9|339|39769|698|4920.0|4142|3434160
202407|CNTY_GU|45|11170|27110000|경기|수원시|역삼동|4111000000|역삼1가|1|65|2|2|880|27354|780|1456.0|1267|1135680
202407|CNTY_GU|46|27110|28110000|경기|수원시|인계동|4611000000|인계동|1|45|3|3|635|45434|749|5517.0|4402|4132233
202407|PRVNC|41|26110|11140000|대구|수원시|역삼동|4711000000|인계동|1|30|0|3|590|12216|290|5307.0|3988|1539030
202407|PRVNC|47|28110|26140000|인천|강남구|인계동|1114000000|서초1동|2|20|0|1|258|44517|142|5427.0|5256|770634
202407|CNTY_GU|41|45110|11170000|서울|수원시|서초동|1111000000|역삼1가|2|55|0|6|31|40346|633|3634.0|2820|2300322
202407|ADM|47|26140|28110000|부산|성남시|인계동|4413000000|역삼1가|1|45|1|9|27|25558|721|4054.0|3480|2922934
202407|ADM|45|11200|28110000|인천|수원시|서초동|2611000000|서초1동|1|65|0|9|458|33931|29|4890.0|4857|141810
202407|CNTY_GU|43|11200|26140000|서울|성남시|역삼동|4311000000|인계동|1|30|3|7|674|44582|714|4642.0|3960|3314388
202407|CNTY_GU|46|11140|44130000|부산|성남시|서초동|1111000000|역삼1가|1|65|2|6|116|17089|261|6717.0|5542|1753137
202407|CNTY_GU|46|26110|46110000|경기|수원시|서초동|4113000000|서초1동|1|60|2|10|550|26848|706|5882.0|4626|4152692
202407|CNTY_GU|43|11200|42110000|부산|서초구|인계동|2811000000|역삼1가|2|70|2|10|415|38422|776|4513.0|3553|3502088
202407|ADM|41|26140|11200000|인천|서초구|인계동|4413000000|인계동|1|60|0|8|771|20635|465|7657.0|7268|3560505
202407|ADM|47|27110|26110000|서울|성남시|역삼동|2611000000|서초1동|1|40|2|8|97|38728|51|2255.0|1893|115005
202407|ADM|46|41130|27110000|인천|수원시|서초동|4115000000|역삼1가|1|60|0|6|19|42975|108|3858.0|3011|416664
202407|CNTY_GU|47|26110|47110000|서울|서초구|역삼동|1117000000|역삼1가|2|55|0|4|927|16372|794|2969.0|2775|2357386
202407|CNTY_GU|45|11140|45110000|부산|수원시|역삼동|4111000000|역삼1가|1|70|3|7|731|36056|540|4120.0|3668|2224800
202407|ADM|45|27110|11110000|서울|서초구|역삼동|4111000000|역삼1가|1|60|0|9|355|25486|291|2230.0|1933|648930
202407|ADM|43|11170|27110000|인천|수원시|역삼동|1111000000|인계동|2|45|3|9|853|24361|600|2229.0|1761|1337400
202407|ADM|46|42110|28110000|대구|수원시|서초동|4115000000|역삼1가|2|70|1|2|564|7470|394|5413.0|3841|2132722
202407|ADM|41|41130|41110000|인천|서초구|서초동|1117000000|서초1동|2|45|0|10|218|19327|40|5712.0|4842|228480
202407|ADM|27|11110|11110000|서울|강남구|역삼동|1114000000|역삼1가|1|35|0|9|700|32138|711|4406.0|3940|3132666
202407|ADM|46|26140|41110000|경기|서초구|인계동|4211000000|서초1동|1|20|0|4|231|10451|668|7427.0|5894|4961236
202407|CNTY_GU|42|41150|46110000|서울|성남시|서초동|1114000000|인계동|2|40|1|7|256|5770|224|4302.0|3693|963648
202407|ADM|45|41130|43110000|서울|성남시|역삼동|4211000000|역삼1가|1|70|1|9|439|16719|590|4726.0|4336|2788340
202407|ADM|42|11170|28110000|대구|서초구|인계동|4113000000|인계동|2|60|3|10|20|49047|715|2553.0|1955|1825395
202407|ADM|43|45110|28110000|대구|서초구|서초동|4211000000|인계동|1|45|3|3|389|8025|113|2677.0|2126|302501
202407|CNTY_GU|26|28110|11170000|대구|강남구|역삼동|2711000000|역삼1가|1|25|0|3|238|38364|206|4639.0|4394|955634
202407|CNTY_GU|43|45110|11170000|인천|성남시|인계동|4211000000|인계동|2|50|0|6|567|22959|253|4241.0|3484|1072973
202407|ADM|43|11170|45110000|대구|성남시|인계동|4511000000|인계동|2|65|0|9|742|19724|174|3023.0|2800|526002
202407|PRVNC|26|11170|45110000|경기|수원시|인계동|4113000000|서초1동|1|30|1|7|46|21812|539|4320.0|4074|2328480
202407|CNTY_GU|27|41130|26140000|대구|강남구|서초동|4511000000|서초1동|2|40|0|7|111|23298|799|2826.0|2049|2257974
202407|CNTY_GU|43|26110|42110000|대구|수원시|역삼동|4211000000|서초1동|1|70|1|1|695|25027|7|2661.0|2400|18627
202407|ADM|46|11170|27110000|인천|수원시|인계동|1111000000|서초1동|2|40|0|6|935|25879|123|3447.0|2760|423981
202407|ADM|26|43110|45110000|경기|서초구|서초동|2811000000|서초1동|1|60|1|7|484|32025|543|4901.0|4662|2661243
202407|CNTY_GU|41|45110|46110000|경기|성남시|역삼동|1120000000|서초1동|2|30|0|4|462|39968|712|5350.0|4033|3809200
202407|CNTY_GU|26|41130|26140000|부산|성남시|역삼동|2711000000|서초1동|1|45|1|6|965|35533|379|5314.0|5129|2014006
202407|CNTY_GU|44|41150|11170000|경기|서초구|서초동|4113000000|인계동|2|35|1|7|112|26460|253|4905.0|3605|1240965
202407|CNTY_GU|42|11140|26140000|서울|수원시|인계동|1111000000|역삼1가|1|35|1|4|364|25756|574|2781.0|2643|1596294
202407|CNTY_GU|45|47110|44130000|경기|강남구|역삼동|4113000000|인계동|1|60|1|3|311|17888|136|4502.0|3520|612272
202407|ADM|47|46110|11110000|인천|성남시|역삼동|4311000000|역삼1가|1|70|0|8|964|41804|743|4175.0|2997|3102025
202407|ADM|44|47110|11140000|경기|강남구|역삼동|4711000000|인계동|2|45|0|6|704|36136|331|7124.0|5466|2358044
202407|ADM|43|42110|11110000|서울|서초구|역삼동|2711000000|역삼1가|2|40|0|7|469|16539|764|5557.0|4297|4245548
202407|CNTY_GU|46|43110|11200000|인천|성남시|인계동|2614000000|서초1동|1|60|1|8|333|28421|515|4095.0|3348|2108925
202407|CNTY_GU|44|11110|28110000|대구|서초구|서초동|4611000000|서초1동|1|50|1|7|456|5926|502|7355.0|5970|3692210
202407|ADM|47|26140|42110000|부산|서초구|역삼동|4311000000|서초1동|2|45|1|9|690|17686|254|5905.0|4664|1499870
202407|ADM|43|26110|43110000|부산|강남구|역삼동|2614000000|인계동|1|30|2|5|654|16293|787|1626.0|1583|1279662
202407|ADM|26|27110|44130000|부산|강남구|인계동|4115000000|서초1동|2|45|0|4|780|25510|188|1159.0|1065|217892
202407|CNTY_GU|41|47110|11140000|경기|수원시|인계동|4111000000|역삼1가|2|60|0|2|303|7593|264|7282.0|5687|1922448
202407|ADM|42|26140|44130000|인천|수원시|서초동|4511000000|서초1동|2|40|2|4|446|34483|115|4583.0|3627|527045
202407|CNTY_GU|26|28110|11140000|대구|성남시|인계동|4413000000|서초1동|1|30|0|7|511|37873|3|1935.0|1819|5805
202407|ADM|43|45110|44130000|대구|성남시|서초동|2614000000|서초1동|1|25|1|2|84|29571|62|1927.0|1351|119474
202407|CNTY_GU|47|11200|27110000|대구|수원시|역삼동|4611000000|역삼1가|1|60|0|10|514|24674|364|4454.0|4110|1621256
202407|CNTY_GU|43|26110|26140000|부산|성남시|역삼동|4711000000|역삼1가|1|50|0|5|429|8324|395|3748.0|3195|1480460
202407|PRVNC|42|11200|43110000|경기|수원시|서초동|4511000000|서초1동|1|35|0|8|867|27167|705|7162.0|6879|5049210
202407|PRVNC|41|41110|46110000|부산|성남시|역삼동|4711000000|서초1동|1|40|0|2|439|41571|311|4735.0|4691|1472585
202407|ADM|43|11170|11140000|인천|서초구|역삼동|4413000000|서초1동|2|40|2|3|844|5936|515|7440.0|5368|3831600
202407|CNTY_GU|45|46110|11140000|경기|서초구|인계동|4413000000|서초1동|2|35|0|9|823|11711|94|2348.0|1905|220712
202407|CNTY_GU|41|42110|41150000|인천|성남시|서초동|2611000000|서초1동|1|20|0|4|348|15432|618|6534.0|5253|4038012
202407|CNTY_GU|41|11170|41110000|인천|강남구|역삼동|4311000000|서초1동|1|45|1|5|27|33755|444|1488.0|1418|660672
202407|CNTY_GU|43|43110|27110000|대구|강남구|역삼동|1114000000|역삼1가|1|65|3|6|222|17792|515|1655.0|1492|852325
202407|CNTY_GU|47|26140|26110000|부산|서초구|인계동|4511000000|서초1동|2|70|0|7|806|44347|359|2080.0|2001|746720
202407|CNTY_GU|47|43110|11200000|서울|강남구|인계동|2614000000|서초1동|2|25|0|10|634|28339|715|3202.0|2539|2289430
202407|ADM|26|46110|45110000|부산|강남구|서초동|1117000000|역삼1가|1|30|3|10|782|19951|789|3684.0|2733|2906676
202407|ADM|45|46110|47110000|서울|성남시|서초동|1120000000|역삼1가|2|40|2|9|585|23547|702|2351.0|2124|1650402
202407|ADM|26|44130|11170000|경기|서초구|서초동|1117000000|인계동|1|30|0|6|105|22446|2|1399.0|1085|2798
202407|CNTY_GU|45|45110|45110000|대구|서초구|인계동|4511000000|인계동|1|50|1|3|947|25068|137|4645.0|4420|636365
202407|CNTY_GU|43|11110|11110000|서울|강남구|인계동|4711000000|서초1동|2|55|2|4|472|15926|798|1623.0|1496|1295154
202407|CNTY_GU|46|11140|11200000|인천|강남구|역삼동|4711000000|인계동|2|55|0|3|337|14514|4|3735.0|3078|14940
202407|CNTY_GU|27|11140|41130000|부산|수원시|인계동|1117000000|인계동|1|70|0|1|460|19086|552|3162.0|2389|1745424
202407|ADM|47|11170|28110000|경기|서초구|역삼동|1114000000|인계동|1|30|0|9|934|19939|380|7429.0|5952|2823020
202407|CNTY_GU|47|41150|27110000|대구|수원시|역삼동|2711000000|서초1동|1|60|0|10|719|45967|209|1799.0|1560|375991
202407|ADM|45|11170|26110000|인천|강남구|역삼동|4311000000|역삼1가|2|50|2|7|388|20007|175|2672.0|2245|467600
202407|CNTY_GU|41|27110|26140000|부산|수원시|역삼동|4211000000|서초1동|2|60|3|6|713|32884|630|7603.0|6667|4789890
202407|ADM|45|26140|41110000|부산|수원시|인계동|4311000000|인계동|1|35|0|9|31|24679|194|6934.0|6816|1345196
202407|ADM|46|11200|11170000|인천|성남시|서초동|2614000000|인계동|1|30|3|7|713|31190|558|6847.0|6709|3820626
202407|CNTY_GU|47|27110|11200000|서울|서초구|서초동|1114000000|역삼1가|1|50|3|1|316|45194|791|3505.0|3054|2772455
202407|PRVNC|41|41110|26110000|서울|강남구|서초동|2811000000|인계동|2|35|0|7|273|24595|152|3850.0|3016|585200
202407|ADM|27|45110|11110000|인천|강남구|역삼동|4311000000|인계동|1|65|0|7|625|44419|657|7099.0|5250|4664043
202407|CNTY_GU|42|11140|11110000|경기|서초구|서초동|1120000000|역삼1가|1|70|2|6|796|23547|89|2111.0|1510|187879
202407|CNTY_GU|44|41110|41110000|대구|성남시|인계동|4711000000|역삼1가|2|65|0|9|222|48725|315|2804.0|2108|883260
202407|ADM|47|28110|47110000|서울|강남구|역삼동|4311000000|인계동|2|55|0|3|986|19809|5|2076.0|1767|10380
202407|CNTY_GU|27|42110|42110000|인천|수원시|서초동|2611000000|역삼1가|1|65|1|6|128|45383|165|3928.0|2846|648120
202407|CNTY_GU|27|11200|41130000|서울|서초구|서초동|4711000000|인계동|1|65|3|3|640|47776|526|1973.0|1429|1037798
202407|ADM|27|11170|27110000|부산|수원시|역삼동|2811000000|서초1동|1|60|0|8|909|30824|273|3691.0|3276|1007643
202407|ADM|42|28110|11110000|서울|수원시|역삼동|4413000000|인계동|2|50|2|10|570|19368|714|3743.0|2829|2672502
202407|CNTY_GU|26|11170|11200000|부산|성남시|서초동|2614000000|서초1동|2|70|2|2|404|24562|259|6333.0|5201|1640247
202407|ADM|46|26110|43110000|서울|성남시|인계동|2611000000|서초1동|2|35|0|3|827|35597|451|2972.0|2321|1340372
202407|CNTY_GU|43|11140|41150000|경기|서초구|인계동|4311000000|인계동|2|45|0|9|310|14531|680|5344.0|4467|3633920
202407|ADM|44|41150|46110000|부산|수원시|역삼동|4115000000|역삼1가|1|35|3|3|391|26951|675|5042.0|4764|3403350
202407|ADM|44|11170|44130000|대구|서초구|서초동|4211000000|서초1동|2|40|0|1|349|37827|258|7597.0|7211|1960026
202407|CNTY_GU|46|28110|45110000|대구|수원시|인계동|4511000000|서초1동|2|60|0|7|90|34611|764|3344.0|2349|2554816
202407|ADM|41|26110|26140000|인천|성남시|역삼동|4111000000|인계동|1|40|0|6|472|36215|473|2114.0|1647|999922
202407|CNTY_GU|42|45110|43110000|부산|서초구|서초동|1117000000|인계동|2|25|0|3|404|5560|364|1689.0|1498|614796
202407|PRVNC|27|41130|46110000|부산|강남구|역삼동|2711000000|인계동|1|30|1|2|663|23231|714|7999.0|6784|5711286
202407|PRVNC|11|41110|11140000|인천|강남구|서초동|1114000000|역삼1가|1|30|0|7|393|29102|673|3194.0|3159|2149562
202407|ADM|43|42110|11170000|서울|성남시|역삼동|4413000000|서초1동|1|40|0|10|384|49677|2|1629.0|1321|3258
202407|CNTY_GU|45|11200|11200000|인천|강남구|서초동|4511000000|인계동|2|30|3|4|299|7899|92|2089.0|1851|192188
202407|ADM|41|43110|27110000|경기|강남구|서초동|1114000000|서초1동|1|45|0|7|46|6299|765|4747.0|3931|3631455
202407|CNTY_GU|41|26140|26110000|인천|수원시|역삼동|4211000000|서초1동|2|35|1|10|680|46709|336|4704.0|4067|1580544
202407|CNTY_GU|27|44130|11110000|경기|강남구|역삼동|4611000000|인계동|1|40|0|10|322|35211|29|2451.0|1803|71079
202407|ADM|11|41130|41150000|경기|수원시|서초동|4211000000|인계동|1|50|0|2|652|20519|474|4698.0|3985|2226852
202407|ADM|26|11200|43110000|서울|서초구|역삼동|2811000000|서초1동|2|70|1|8|590|14849|765|4366.0|3511|3339990
202407|ADM|45|26140|26140000|경기|성남시|인계동|4211000000|인계동|2|50|1|3|939|32790|236|2046.0|1559|482856
202407|CNTY_GU|42|11140|46110000|경기|강남구|인계동|4113000000|서초1동|2|50|0|5|181|42513|760|6344.0|5257|4821440
202407|ADM|11|26110|43110000|부산|성남시|역삼동|4611000000|서초1동|1|45|3|9|954|30590|191|1510.0|1393|288410
202407|ADM|42|27110|41130000|인천|수원시|인계동|4115000000|서초1동|2|60|3|10|864|33401|409|4351.0|4349|1779559
202407|ADM|41|41110|11110000|부산|서초구|서초동|4311000000|역삼1가|1|30|2|6|53|16026|104|5520.0|5280|574080
202407|PRVNC|27|47110|28110000|대구|성남시|역삼동|4413000000|역삼1가|2|65|1|3|363|38487|699|6993.0|6936|4888107
202407|CNTY_GU|44|26140|43110000|부산|서초구|역삼동|1111000000|인계동|1|25|0|2|715|15217|348|2669.0|2103|928812
202407|CNTY_GU|41|41110|41130000|대구|서초구|인계동|1117000000|역삼1가|2|45|1|10|465|16744|743|5940.0|5397|4413420
202407|ADM|11|11110|45110000|대구|성남시|인계동|2811000000|역삼1가|2|55|1|6|731|32860|325|4885.0|4579|1587625
202407|ADM|42|44130|43110000|대구|서초구|서초동|1120000000|역삼1가|2|45|0|2|735|31152|742|4579.0|3538|3397618
202407|ADM|11|26140|47110000|대구|성남시|서초동|1114000000|역삼1가|1|20|2|4|430|45928|95|6167.0|5483|585865
202407|ADM|27|46110|28110000|경기|수원시|서초동|4111000000|서초1동|2|50|0|6|270|33818|544|7599.0|5649|4133856
202407|ADM|47|26140|11170000|경기|성남시|역삼동|2711000000|역삼1가|2|45|0|4|20|28166|186|4937.0|4858|918282
202407|ADM|42|41130|45110000|대구|수원시|역삼동|4211000000|역삼1가|2|45|3|9|905|37332|726|6663.0|6558|4837338
202407|PRVNC|11|46110|44130000|서울|강남구|인계동|4413000000|역삼1가|1|25|3|8|890|47792|304|6282.0|4692|1909728
202407|PRVNC|27|11200|26140000|대구|서초구|인계동|1117000000|인계동|1|40|2|7|700|35343|153|7653.0|6948|1170909
202407|CNTY_GU|26|41150|11140000|경기|수원시|서초동|1120000000|인계동|2|20|0|6|524|42968|665|6236.0|6191|4146940
202407|ADM|44|43110|26140000|대구|서초구|역삼동|2611000000|역삼1가|1|30|0|9|808|16709|442|4782.0|3452|2113644
202407|ADM|27|42110|28110000|인천|수원시|인계동|1120000000|역삼1가|2|50|0|2|120|19505|318|4703.0|4405|1495554
202407|PRVNC|46|41150|45110000|대구|성남시|인계동|2614000000|인계동|2|35|2|6|500|35207|727|7542.0|6420|5483034
202407|ADM|42|11200|27110000|대구|성남시|역삼동|1120000000|서초1동|1|25|0|10|205|7721|679|1347.0|1079|914613
202407|ADM|43|47110|44130000|서울|강남구|인계동|4413000000|인계동|1|45|1|5|379|44954|799|1999.0|1610|1597201
202407|CNTY_GU|45|41150|42110000|서울|수원시|서초동|2614000000|인계동|2|35|0|3|623|19872|759|3732.0|3017|2832588
202407|CNTY_GU|46|41150|11110000|대구|수원시|인계동|2711000000|인계동|1|40|0|9|130|48633|692|7572.0|5729|5239824
202407|ADM|45|27110|11140000|대구|강남구|서초동|1111000000|서초1동|1|25|2|8|67|18390|700|7684.0|5443|5378800
202407|ADM|47|46110|41110000|서울|서초구|서초동|4611000000|역삼1가|1|45|3|4|35|21373|32|4564.0|3947|146048
202407|ADM|42|26140|27110000|경기|성남시|역삼동|4511000000|서초1동|2|55|0|7|732|14449|453|5981.0|5080|2709393
202407|ADM|42|28110|45110000|인천|서초구|서초동|2614000000|인계동|1|35|1|7|94|23423|799|1032.0|941|824568
202407|CNTY_GU|42|41130|43110000|부산|수원시|인계동|4115000000|인계동|1|45|0|5|490|19014|432|2309.0|1893|997488
202407|CNTY_GU|26|47110|41110000|부산|서초구|인계동|1117000000|서초1동|1|35|0|1|479|19716|631|6673.0|6439|4210663
202407|CNTY_GU|44|41150|26140000|인천|성남시|서초동|2711000000|서초1동|1|45|0|8|16|8817|531|5835.0|5367|3098385
202407|ADM|41|28110|11110000|인천|서초구|인계동|1114000000|역삼1가|2|35|3|3|709|40027|770|7250.0|6474|5582500
202407|PRVNC|41|46110|11110000|인천|성남시|인계동|2811000000|역삼1가|2|60|0|7|445|24547|25|6950.0|5865|173750
202407|PRVNC|26|11200|41130000|인천|강남구|역삼동|4211000000|서초1동|1|35|2|10|920|24636|578|4910.0|3663|2837980
202407|ADM|47|11110|11110000|서울|성남시|인계동|1114000000|인계동|2|50|0|4|273|24455|277|7727.0|5528|2140379
202407|ADM|11|41110|11140000|대구|서초구|서초동|4211000000|서초1동|1|30|2|5|996|7052|4|4121.0|3756|16484
202407|ADM|41|11170|11140000|인천|성남시|서초동|2811000000|서초1동|2|20|3|4|898|46648|577|5309.0|3875|3063293
202407|CNTY_GU|26|11110|11200000|인천|성남시|역삼동|4311000000|역삼1가|2|65|2|7|493|38242|657|7150.0|5237|4697550
202407|CNTY_GU|43|41130|46110000|부산|서초구|인계동|4711000000|역삼1가|2|55|0|8|257|43754|257|6419.0|5070|1649683
202407|ADM|44|43110|11110000|대구|성남시|인계동|2711000000|인계동|2|25|1|2|253|44731|413|1359.0|1325|561267
202407|CNTY_GU|27|43110|41150000|부산|강남구|인계동|2711000000|역삼1가|2|25|0|7|896|22921|359|7787.0|7056|2795533
202407|ADM|45|43110|45110000|서울|서초구|인계동|2711000000|역삼1가|2|70|1|1|478|36105|256|6937.0|6317|1775872
202407|CNTY_GU|47|41130|11140000|인천|수원시|역삼동|4311000000|서초1동|2|55|0|3|740|24105|349|5969.0|5541|2083181
202407|CNTY_GU|44|45110|41130000|서울|강남구|인계동|1111000000|서초1동|2|25|3|4|953|6879|39|0.0|0|0
202407|CNTY_GU|11|27110|11110000|서울|성남시|역삼동|4211000000|서초1동|2|30|0|6|189|46172|742|2161.0|2157|1603462
202407|ADM|41|43110|27110000|부산|서초구|역삼동|2711000000|서초1동|1|45|2|2|567|11569|161|5215.0|3782|839615
202407|CNTY_GU|45|11110|46110000|부산|서초구|역삼동|2611000000|서초1동|2|40|1|4|138|30361|568|1269.0|929|720792
202407|ADM|26|11110|28110000|인천|서초구|역삼동|1114000000|역삼1가|2|65|3|5|722|16585|140|5105.0|5060|714700
202407|CNTY_GU|46|11200|41150000|부산|강남구|인계동|1120000000|인계동|1|55|2|9|747|42115|91|4939.0|4153|449449
202407|PRVNC|41|46110|41110000|서울|강남구|인계동|4115000000|서초1동|2|70|3|4|29|23399|3|2928.0|2839|8784
202407|ADM|43|41110|28110000|부산|서초구|서초동|4413000000|역삼1가|1|35|2|6|446|21047|536|2315.0|1996|1240840
202407|CNTY_GU|27|41130|11140000|대구|서초구|역삼동|1114000000|서초1동|1|35|0|6|36|43803|394|2383.0|2164|938902
202407|CNTY_GU|45|11140|27110000|대구|성남시|서초동|1117000000|인계동|2|55|0|1|789|7466|82|5395.0|4640|442390
202407|PRVNC|46|41150|28110000|서울|성남시|서초동|4611000000|역삼1가|1|65|1|8|862|39275|154|5079.0|4984|782166
202407|ADM|43|47110|41150000|서울|서초구|서초동|4611000000|역삼1가|1|65|0|5|811|36717|692|2897.0|2126|2004724
202407|CNTY_GU|46|28110|28110000|서울|성남시|서초동|4111000000|역삼1가|2|45|0|4|557|25196|281|3467.0|2516|974227
202407|ADM|26|26140|11110000|대구|성남시|역삼동|4113000000|서초1동|1|40|1|7|998|25911|467|4464.0|4307|2084688
202407|CNTY_GU|26|28110|41150000|부산|강남구|서초동|4511000000|인계동|2|30|3|7|168|32740|588|2803.0|2110|1648164
202407|CNTY_GU|47|27110|28110000|대구|성남시|역삼동|4113000000|역삼1가|1|55|0|8|262|32485|521|5288.0|5135|2755048
202407|ADM|44|27110|26110000|경기|서초구|인계동|4113000000|서초1동|2|55|0|1|327|41378|141|5021.0|3518|707961
202407|ADM|47|47110|26140000|부산|성남시|인계동|1111000000|역삼1가|1|55|1|5|76|24661|4|4115.0|4070|16460
202407|PRVNC|42|44130|45110000|인천|성남시|인계동|4115000000|인계동|1|30|1|3|693|38792|243|4797.0|3560|1165671
202407|CNTY_GU|47|41150|46110000|경기|수원시|역삼동|4211000000|인계동|2|45|3|2|35|18261|787|5762.0|4320|4534694
202407|CNTY_GU|44|11110|28110000|대구|성남시|서초동|4311000000|서초1동|2|65|0|9|42|37930|252|3276.0|2499|825552
202407|CNTY_GU|41|41110|46110000|경기|성남시|역삼동|4611000000|인계동|2|55|0|4|739|49524|591|3367.0|3167|1989897
202407|ADM|42|11200|11200000|인천|성남시|인계동|1114000000|역삼1가|1|45|2|9|374|9434|495|5483.0|4441|2714085
202407|ADM|27|11140|11110000|서울|강남구|인계동|2614000000|역삼1가|1|60|3|9|600|28765|431|4619.0|3853|1990789
202407|ADM|26|43110|41130000|서울|수원시|인계동|1117000000|서초1동|1|40|2|3|166|38305|762|1335.0|1073|1017270
202407|CNTY_GU|26|28110|41150000|대구|강남구|인계동|1117000000|서초1동|1|50|2|8|957|5182|82|7598.0|6187|623036
202407|ADM|41|27110|28110000|대구|서초구|서초동|4611000000|역삼1가|1|55|0|10|14|45268|3|7380.0|6062|22140
202407|ADM|45|41130|11200000|부산|수원시|서초동|4511000000|서초1동|1|65|3|8|674|12216|796|4920.0|4574|3916320
202407|ADM|47|28110|11200000|인천|강남구|인계동|1117000000|역삼1가|2|35|2|10|351|6695|139|1979.0|1721|275081
202407|ADM|47|11200|11140000|부산|강남구|인계동|4211000000|인계동|1|55|3|1|387|10061|448|7903.0|7400|3540544
202407|ADM|45|41150|45110000|경기|성남시|서초동|4611000000|역삼1가|2|30|1|9|118|17973|474|7167.0|6245|3397158
202407|CNTY_GU|11|11140|27110000|서울|서초구|역삼동|1114000000|서초1동|2|45|2|10|10|9905|470|5116.0|3664|2404520
202407|CNTY_GU|11|11140|41150000|서울|성남시|역삼동|1114000000|서초1동|1|45|3|3|309|46511|537|4189.0|4020|2249493
202407|CNTY_GU|46|11200|11170000|인천|수원시|역삼동|4211000000|서초1동|2|70|0|6|22|11292|625|5931.0|4528|3706875
202407|CNTY_GU|43|42110|44130000|인천|서초구|역삼동|4115000000|역삼1가|1|35|0|3|118|22272|219|6384.0|4974|1398096
202407|CNTY_GU|41|41130|41130000|인천|강남구|역삼동|4711000000|인계동|2|35|0|5|320|6442|617|4792.0|3948|2956664
202407|ADM|26|44130|44130000|대구|강남구|서초동|4413000000|서초1동|2|50|0|6|436|21774|3|5486.0|5182|16458
202407|CNTY_GU|46|43110|41130000|서울|성남시|서초동|4115000000|역삼1가|2|25|0|6|711|16534|414|5561.0|4376|2302254
202407|CNTY_GU|45|27110|27110000|인천|서초구|서초동|4311000000|서초1동|2|25|3|3|187|31733|429|4790.0|3399|2054910
202407|PRVNC|43|46110|11200000|서울|서초구|인계동|4611000000|서초1동|1|70|2|2|484|35159|575|5164.0|4890|2969300
202407|ADM|41|42110|47110000|인천|성남시|역삼동|4413000000|서초1동|2|30|0|7|336|28493|700|7076.0|6096|4953200
202407|ADM|45|11110|47110000|서울|수원시|서초동|1117000000|서초1동|1|50|3|8|333|13071|66|2526.0|1896|166716
202407|ADM|46|28110|11140000|인천|서초구|인계동|2711000000|서초1동|1|50|0|5|835|42241|73|2181.0|2079|159213
202407|ADM|46|11110|11170000|경기|서초구|인계동|4111000000|역삼1가|2|50|2|3|52|32858|113|2668.0|2574|301484
202407|CNTY_GU|26|28110|26110000|경기|성남시|역삼동|4611000000|인계동|1|45|0|4|268|6273|278|7913.0|6674|2199814
202407|ADM|41|11200|47110000|부산|강남구|서초동|1114000000|서초1동|1|60|1|8|664|46575|430|6801.0|6492|2924430
202407|CNTY_GU|46|11110|11200000|인천|수원시|역삼동|4113000000|인계동|2|25|1|8|469|35979|272|6715.0|5459|1826480
202407|CNTY_GU|26|26140|26110000|경기|수원시|인계동|4211000000|서초1동|1|60|1|2|627|38849|3|6353.0|6139|19059
202407|ADM|11|47110|11200000|서울|수원시|서초동|1120000000|인계동|1|35|1|6|478|23009|463|7515.0|5974|3479445
202407|ADM|27|41130|41150000|대구|강남구|서초동|2811000000|인계동|2|50|0|7|703|48536|405|4887.0|4821|1979235
202407|ADM|42|41110|44130000|대구|수원시|역삼동|4611000000|서초1동|1|30|3|2|457|25469|213|7778.0|7182|1656714
202407|ADM|27|41110|41150000|대구|강남구|인계동|2811000000|인계동|2|25|1|9|394|30697|374|1049.0|983|392326
202407|ADM|44|45110|11140000|경기|성남시|역삼동|4511000000|역삼1가|1|50|1|3|284|27191|621|2371.0|2347|1472391
202407|ADM|41|45110|47110000|경기|강남구|인계동|1111000000|역삼1가|2|25|0|5|251|19572|212|5884.0|5389|1247408
202407|ADM|42|27110|11200000|경기|성남시|인계동|4115000000|서초1동|1|30|0|7|931|41015|356|7804.0|5892|2778224
202407|CNTY_GU|47|42110|41110000|경기|수원시|서초동|4311000000|역삼1가|1|30|3|10|761|28906|154|2798.0|2700|430892
202407|ADM|27|26110|11200000|부산|성남시|서초동|2811000000|인계동|2|55|0|1|400|30328|651|5004.0|4365|3257604
202407|ADM|42|11140|11170000|인천|서초구|역삼동|4311000000|역삼1가|1|60|2|1|441|44811|697|1752.0|1690|1221144
202407|PRVNC|27|43110|44130000|인천|서초구|서초동|4511000000|서초1동|1|30|3|10|299|16113|574|5184.0|4034|2975616
202407|ADM|41|47110|26110000|경기|성남시|역삼동|4611000000|서초1동|1|55|1|9|485|21677|130|6705.0|5051|871650
202407|ADM|47|44130|45110000|대구|강남구|서초동|4413000000|서초1동|2|50|1|5|18|19456|391|2988.0|2106|1168308
202407|ADM|44|11110|11110000|서울|수원시|역삼동|1114000000|인계동|2|35|1|9|173|29198|155|5154.0|4472|798870
202407|CNTY_GU|41|46110|11140000|서울|강남구|서초동|4111000000|서초1동|2|65|1|9|677|42790|448|2335.0|1692|1046080
202407|CNTY_GU|41|42110|46110000|서울|강남구|인계동|2614000000|인계동|1|45|0|2|244|11918|621|3609.0|3191|2241189
202407|ADM|43|43110|11140000|경기|강남구|인계동|2611000000|인계동|1|40|0|9|141|22807|469|2212.0|1833|1037428
202407|ADM|27|11170|47110000|대구|수원시|서초동|2711000000|역삼1가|2|50|0|6|447|42729|168|3270.0|3229|549360
202407|PRVNC|47|42110|11110000|인천|성남시|역삼동|4311000000|역삼1가|2|60|0|7|424|37907|575|1222.0|920|702650
202407|CNTY_GU|44|41130|28110000|경기|강남구|서초동|1117000000|서초1동|1|30|2|4|475|45706|444|1671.0|1395|741924
202407|CNTY_GU|26|11110|41150000|인천|서초구|인계동|4511000000|인계동|1|25|2|9|295|33172|712|3549.0|3512|2526888
202407|ADM|43|28110|44130000|경기|강남구|인계동|2611000000|역삼1가|2|25|0|6|24|26561|15|1460.0|1388|21900
202407|ADM|43|11170|41110000|대구|강남구|인계동|1120000000|서초1동|2|25|2|2|141|17917|687|6734.0|5269|4626258
202407|ADM|43|44130|27110000|부산|강남구|역삼동|1114000000|역삼1가|2|70|2|2|624|48575|26|1100.0|1081|28600
202407|ADM|46|41130|44130000|경기|성남시|인계동|1117000000|서초1동|2|55|0|8|405|13438|607|6165.0|5829|3742155
202407|ADM|27|11140|27110000|대구|수원시|역삼동|1111000000|서초1동|1|55|2|9|938|38494|450|4107.0|2936|1848150
202407|ADM|44|41130|45110000|대구|성남시|서초동|4311000000|역삼1가|1|50|0|5|735|36002|310|1224.0|897|379440
202407|ADM|27|41110|11110000|인천|성남시|인계동|4511000000|서초1동|2|40|1|1|77|16214|481|1728.0|1619|831168
202407|CNTY_GU|41|42110|26110000|서울|강남구|역삼동|4511000000|서초1동|1|30|0|8|248|28355|647|6678.0|6428|4320666
202407|CNTY_GU|43|27110|11110000|경기|성남시|역삼동|1114000000|서초1동|1|20|0|1|433|21567|225|7434.0|7211|1672650
202407|PRVNC|46|41150|26140000|부산|수원시|인계동|2614000000|서초1동|2|50|0|9|707|38404|778|4901.0|4435|3812978
202407|ADM|42|11200|11170000|인천|서초구|역삼동|2811000000|서초1동|2|40|0|9|713|8273|578|1742.0|1528|1006876
202407|ADM|45|11140|11200000|부산|서초구|서초동|4115000000|인계동|1|55|1|4|202|37595|260|3064.0|2708|796640
202407|ADM|47|43110|46110000|경기|서초구|역삼동|2711000000|역삼1가|1|55|2|6|902|10679|671|2842.0|2305|1906982
202407|ADM|41|47110|26110000|경기|서초구|서초동|1114000000|서초1동|2|70|0|4|215|20836|527|4475.0|4446|2358325
202407|ADM|11|41130|27110000|서울|성남시|서초동|4113000000|역삼1가|2|30|2|4|885|45204|720|2760.0|2532|1987200
202407|ADM|11|28110|43110000|서울|서초구|인계동|4413000000|서초1동|2|70|0|7|993|49891|600|1133.0|878|679800
202407|ADM|42|45110|41130000|인천|수원시|서초동|4611000000|서초1동|2|45|0|9|15|17707|582|3219.0|3058|1873458
202407|CNTY_GU|44|43110|28110000|인천|수원시|역삼동|4413000000|서초1동|2|60|1|3|465|46609|620|4097.0|3207|2540140
202407|ADM|45|43110|11170000|인천|성남시|인계동|2811000000|인계동|2|20|0|7|351|43252|756|6345.0|6232|4796820
202407|CNTY_GU|47|43110|42110000|부산|성남시|역삼동|1117000000|서초1동|1|55|0|7|817|25189|523|3024.0|2710|1581552
202407|PRVNC|41|47110|28110000|경기|성남시|역삼동|4711000000|서초1동|2|40|3|3|562|16775|787|2001.0|1599|1574787
202407|CNTY_GU|47|11200|41130000|대구|수원시|역삼동|4311000000|인계동|2|30|1|3|164|20863|314|5296.0|4471|1662944
202407|CNTY_GU|44|42110|41110000|인천|강남구|서초동|4413000000|인계동|2|45|1|3|438|18036|306|6761.0|5601|2068866
202407|CNTY_GU|46|27110|45110000|부산|성남시|인계동|2711000000|인계동|1|40|2|5|546|24656|500|6587.0|6167|3293500
202407|ADM|47|47110|41110000|부산|강남구|역삼동|1120000000|서초1동|2|55|0|6|783|45546|60|3063.0|2516|183780
202407|ADM|42|11110|41130000|경기|강남구|서초동|4111000000|서초1동|1|30|3|10|581|11272|291|4736.0|4424|1378176
202407|CNTY_GU|46|11200|44130000|대구|서초구|인계동|4711000000|인계동|1|50|0|3|889|42941|777|2582.0|2212|2006214
202407|ADM|43|11110|11200000|대구|서초구|인계동|4611000000|인계동|1|45|0|6|713|31984|746|5364.0|5255|4001544
202407|CNTY_GU|44|11200|41150000|경기|수원시|역삼동|2811000000|인계동|1|45|0|7|139|35168|390|7615.0|6832|2969850
202407|ADM|44|11170|46110000|인천|성남시|서초동|4511000000|서초1동|2|50|2|6|780|46928|664|7851.0|6438|5213064
202407|ADM|11|41150|11170000|서울|강남구|인계동|4311000000|역삼1가|1|60|2|6|800|27321|736|1446.0|1213|1064256
202407|CNTY_GU|11|11140|42110000|서울|서초구|인계동|2811000000|인계동|2|55|0|6|270|13745|11|6123.0|5541|67353
202407|CNTY_GU|11|47110|27110000|서울|서초구|인계동|1111000000|역삼1가|2|35|1|1|47|25589|44|6234.0|5879|274296
202407|CNTY_GU|42|43110|27110000|대구|강남구|인계동|4511000000|역삼1가|1|25|0|7|630|37130|300|2385.0|1884|715500
202407|CNTY_GU|11|11200|11110000|인천|수원시|인계동|1117000000|인계동|1|55|0|8|830|25254|322|5816.0|4399|1872752
202407|CNTY_GU|26|41110|11200000|인천|성남시|역삼동|2611000000|역삼1가|1|40|1|6|693|32277|405|7743.0|6036|3135915
202407|ADM|43|46110|26140000|경기|수원시|인계동|4511000000|역삼1가|2|50|2|2|702|41999|261|3884.0|3197|1013724
202407|PRVNC|46|27110|42110000|경기|강남구|역삼동|1117000000|서초1동|2|25|0|3|688|12596|590|2747.0|2006|1620730
202407|CNTY_GU|47|11170|27110000|대구|수원시|역삼동|1111000000|서초1동|1|30|2|9|749|33364|345|5140.0|5125|1773300
202407|CNTY_GU|45|11170|41150000|대구|수원시|역삼동|2711000000|역삼1가|2|25|0|3|221|27586|487|4437.0|3558|2160819
202407|CNTY_GU|43|47110|26140000|서울|강남구|인계동|4311000000|역삼1가|2|50|2|4|729|22890|683|2981.0|2969|2036023
202407|ADM|11|27110|27110000|대구|서초구|역삼동|4111000000|인계동|2|70|1|9|790|49192|742|6793.0|6292|5040406
202407|ADM|44|26140|26110000|부산|강남구|서초동|2614000000|인계동|1|35|2|2|574|16874|493|5394.0|3995|2659242
202407|CNTY_GU|26|44130|26140000|경기|서초구|역삼동|4113000000|인계동|1|40|3|3|663|18681|598|4628.0|3533|2767544
202407|ADM|46|11200|11110000|대구|수원시|인계동|4111000000|역삼1가|1|55|1|9|466|34991|621|4031.0|3387|2503251
202407|CNTY_GU|44|46110|41150000|경기|성남시|인계동|1120000000|인계동|2|70|0|3|41|47934|514|6636.0|6052|3410904
202407|CNTY_GU|41|47110|47110000|대구|서초구|서초동|1117000000|인계동|1|25|0|3|58|33383|620|4330.0|3826|2684600
202407|CNTY_GU|46|27110|11140000|부산|수원시|서초동|4111000000|서초1동|1|30|0|2|582|27502|551|5349.0|4713|2947299
202407|CNTY_GU|43|27110|11200000|부산|강남구|역삼동|4115000000|서초1동|2|30|0|10|441|5565|511|3224.0|2941|1647464
202407|CNTY_GU|43|43110|41110000|인천|성남시|역삼동|1120000000|역삼1가|1|60|2|8|28|46111|727|6535.0|5295|4750945
202407|ADM|26|41130|41150000|대구|수원시|역삼동|1120000000|서초1동|1|70|0|8|655|35174|79|2569.0|2276|202951
202407|ADM|46|45110|47110000|부산|서초구|인계동|2711000000|역삼1가|2|25|0|6|40|47963|406|3478.0|3409|1412068
202407|CNTY_GU|11|26140|11140000|경기|강남구|역삼동|1114000000|인계동|1|60|0|9|91|14014|454|2601.0|1827|1180854
202407|ADM|41|27110|46110000|대구|성남시|서초동|4115000000|서초1동|2|35|1|2|111|21198|434|7840.0|7149|3402560
202407|CNTY_GU|27|42110|26140000|부산|서초구|인계동|2611000000|인계동|2|65|3|2|155|49287|182|3743.0|2966|681226
202407|ADM|27|26110|26110000|서울|서초구|인계동|2711000000|역삼1가|2|50|0|7|712|37822|644|4230.0|4092|2724120
202407|CNTY_GU|43|46110|27110000|부산|수원시|서초동|2811000000|인계동|1|65|3|4|7|37038|23|7514.0|7287|172822
202407|ADM|47|27110|27110000|경기|서초구|역삼동|1111000000|인계동|2|60|3|5|432|34509|191|4646.0|3269|887386
202407|CNTY_GU|44|42110|41110000|서울|수원시|역삼동|4115000000|인계동|2|35|1|6|30|17326|249|5100.0|5059|1269900
202407|ADM|26|28110|46110000|서울|서초구|역삼동|4211000000|서초1동|2|50|2|5|663|30604|2|4217.0|2962|8434
202407|PRVNC|11|43110|45110000|경기|성남시|역삼동|4111000000|인계동|2|55|0|3|523|7473|473|2546.0|2138|1204258
202407|ADM|41|43110|41150000|경기|서초구|인계동|4111000000|역삼1가|2|40|2|5|992|15515|624|1768.0|1322|1103232
202407|ADM|41|45110|43110000|인천|강남구|역삼동|4111000000|서초1동|1|20|2|10|195|28953|571|6108.0|5326|3487668
202407|ADM|41|26110|26110000|경기|수원시|역삼동|1117000000|서초1동|1|50|0|10|935|30790|595|1812.0|1522|1078140
202407|ADM|26|11200|43110000|부산|수원시|서초동|1114000000|서초1동|1|40|1|1|613|26696|663|4030.0|3282|2671890
202407|CNTY_GU|43|11170|26110000|부산|강남구|서초동|1114000000|서초1동|2|30|0|2|800|9600|741|1337.0|1297|990717
202407|ADM|45|44130|26140000|경기|수원시|인계동|4111000000|인계동|1|25|0|3|668|38854|546|3889.0|3283|2123394
202407|ADM|41|41130|11110000|대구|수원시|서초동|2711000000|인계동|2|25|0|3|298|38207|655|6364.0|4783|4168420
202407|ADM|47|28110|43110000|인천|수원시|인계동|2611000000|역삼1가|1|30|0|1|777|23829|799|3669.0|3295|2931531
202407|ADM|27|11110|45110000|부산|강남구|인계동|4611000000|서초1동|1|20|2|1|772|47106|138|2210.0|1867|304980
202407|ADM|26|11140|44130000|서울|성남시|서초동|2811000000|서초1동|2|30|0|2|758|11013|701|6104.0|4664|4278904
202407|ADM|27|41110|11140000|부산|서초구|역삼동|2711000000|인계동|2|35|0|10|369|18354|708|6528.0|5002|4621824
202407|CNTY_GU|42|11110|41130000|경기|성남시|서초동|1120000000|서초1동|2|30|2|5|741|25150|488|7762.0|7268|3787856
202407|PRVNC|42|42110|26140000|부산|수원시|서초동|4711000000|인계동|2|30|0|3|179|24071|549|0.0|0|0
202407|ADM|41|45110|41130000|서울|수원시|역삼동|4413000000|인계동|1|40|3|1|967|12943|636|6042.0|5174|3842712
202407|ADM|47|26110|27110000|인천|성남시|서초동|4311000000|인계동|2|35|0|1|730|17858|139|2554.0|2310|355006
202407|ADM|41|42110|41130000|부산|강남구|서초동|1111000000|서초1동|2|60|3|6|541|19908|218|6629.0|4889|1445122
202407|CNTY_GU|47|11110|45110000|서울|성남시|인계동|4711000000|서초1동|1|30|0|10|833|23284|274|2106.0|1759|577044
202407|ADM|46|43110|28110000|경기|성남시|서초동|2811000000|서초1동|2|40|0|4|586|18809|591|2789.0|2335|1648299
202407|ADM|43|46110|11110000|인천|서초구|역삼동|4511000000|역삼1가|2|35|3|10|747|21634|99|7053.0|5261|698247
202407|ADM|43|41150|43110000|대구|강남구|역삼동|2711000000|인계동|1|55|3|3|962|30524|403|2781.0|1969|1120743
202407|CNTY_GU|26|27110|11170000|경기|성남시|역삼동|4413000000|역삼1가|2|30|0|8|373|49084|762|7855.0|7084|5985510
202407|ADM|27|11110|26110000|부산|서초구|서초동|2614000000|서초1동|1|45|0|4|106|41931|412|4442.0|3601|1830104
202407|ADM|45|26140|46110000|서울|강남구|인계동|1117000000|인계동|1|70|1|7|702|5945|405|6876.0|5598|2784780
202407|CNTY_GU|44|26110|41130000|인천|성남시|인계동|4211000000|역삼1가|2|60|2|7|652|24201|593|3035.0|2992|1799755
202407|ADM|41|42110|11200000|부산|강남구|역삼동|2614000000|역삼1가|1|30|0|3|146|35618|433|3430.0|2577|1485190
202407|CNTY_GU|41|44130|45110000|경기|성남시|서초동|2611000000|역삼1가|1|40|1|3|724|32506|286|5852.0|5501|1673672
202407|CNTY_GU|26|11170|11200000|인천|강남구|서초동|4211000000|인계동|1|50|0|3|659|39615|100|4710.0|4566|471000
202407|ADM|43|28110|27110000|서울|수원시|역삼동|4113000000|서초1동|1|60|1|3|966|20718|179|2932.0|2703|524828
202407|ADM|46|42110|41130000|인천|서초구|인계동|2614000000|서초1동|2|35|3|4|145|12266|2|3095.0|2483|6190
202407|CNTY_GU|47|41150|27110000|서울|강남구|역삼동|4413000000|인계동|2|65|0|3|339|13145|701|2685.0|2175|1882185
202407|CNTY_GU|11|41150|11200000|인천|성남시|서초동|4113000000|인계동|1|25|0|6|53|28829|692|4799.0|3557|3320908
202407|ADM|44|26140|11140000|대구|수원시|인계동|4413000000|역삼1가|2|30|2|7|445|9711|53|2348.0|1675|124444
202407|CNTY_GU|11|11200|42110000|부산|성남시|인계동|1114000000|서초1동|2|45|2|5|23|19706|655|4023.0|3154|2635065
202407|ADM|43|43110|41150000|경기|성남시|서초동|2811000000|인계동|1|70|0|4|644|42434|44|5181.0|4136|227964
202407|ADM|41|27110|46110000|부산|수원시|역삼동|4111000000|역삼1가|2|65|1|9|970|14533|630|6876.0|5185|4331880
202407|ADM|44|41130|42110000|대구|서초구|서초동|1117000000|인계동|2|60|0|8|342|42692|45|2165.0|2027|97425
202407|ADM|27|46110|46110000|경기|서초구|인계동|4311000000|서초1동|2|35|0|5|18|21984|4|7552.0|6541|30208
202407|CNTY_GU|26|11110|11200000|서울|성남시|역삼동|4711000000|역삼1가|1|55|3|10|158|13701|160|7536.0|5632|1205760
202407|ADM|45|43110|45110000|서울|강남구|서초동|4413000000|역삼1가|1|25|0|7|410|11665|633|3353.0|2403|2122449
202407|PRVNC|41|41150|47110000|서울|강남구|서초동|2611000000|역삼1가|2|60|1|4|57|7642|18|0.0|0|0
202407|ADM|47|45110|46110000|인천|서초구|서초동|2711000000|역삼1가|2|55|0|4|762|39757|670|7831.0|6945|5246770
202407|CNTY_GU|45|43110|44130000|대구|수원시|인계동|1114000000|역삼1가|1|45|0|6|230|5146|465|6512.0|4572|3028080
202407|PRVNC|42|28110|46110000|부산|수원시|인계동|4311000000|서초1동|1|35|2|4|547|5681|525|6986.0|5452|3667650
202407|ADM|43|41110|46110000|대구|수원시|인계동|4611000000|서초1동|2|45|0|6|997|42271|471|7824.0|7025|3685104
202407|CNTY_GU|47|41150|11200000|부산|강남구|서초동|4113000000|서초1동|2|60|3|9|93|39331|120|6683.0|6414|801960
202407|CNTY_GU|26|11110|26110000|부산|서초구|인계동|4511000000|서초1동|1|70|0|1|484|8319|738|6695.0|6509|4940910
202407|ADM|44|26140|41150000|부산|수원시|역삼동|2614000000|서초1동|2|60|0|6|106|8537|433|7781.0|6933|3369173
202407|ADM|45|42110|26110000|경기|강남구|인계동|2811000000|서초1동|2|50|3|4|384|33229|2|5835.0|4159|11670
202407|ADM|26|28110|27110000|인천|성남시|서초동|1114000000|서초1동|1|40|1|5|149|24924|44|2651.0|1928|116644
202407|ADM|46|46110|28110000|인천|성남시|역삼동|4611000000|역삼1가|2|55|1|3|957|6918|336|2891.0|2169|971376
202407|CNTY_GU|46|47110|27110000|경기|강남구|역삼동|1111000000|역삼1가|1|25|2|1|204|16772|533|4769.0|3805|2541877
202407|ADM|42|11140|11140000|대구|수원시|인계동|4113000000|역삼1가|1|60|1|4|685|27682|452|7851.0|7522|3548652
202407|ADM|45|42110|26140000|서울|수원시|인계동|1117000000|인계동|2|40|0|10|853|33713|735|7812.0|7550|5741820
202407|CNTY_GU|11|11200|11140000|서울|성남시|역삼동|4311000000|역삼1가|1|55|2|6|551|30159|30|5907.0|4769|177210
202407|CNTY_GU|41|11200|41150000|대구|서초구|인계동|4413000000|인계동|2|60|1|6|561|48398|408|4978.0|3945|2031024
202407|CNTY_GU|45|28110|11200000|서울|강남구|역삼동|1114000000|서초1동|1|20|2|8|698|16573|607|1143.0|963|693801
202407|ADM|43|42110|26140000|서울|서초구|역삼동|1114000000|역삼1가|2|70|0|6|314|14132|250|1071.0|841|267750
202407|ADM|45|42110|26110000|인천|강남구|인계동|4711000000|역삼1가|1|40|3|8|523|36974|506|2156.0|2114|1090936
202407|ADM|26|47110|26140000|경기|강남구|서초동|2811000000|인계동|2|40|1|4|383|34218|335|6567.0|5414|2199945
202407|CNTY_GU|42|41110|43110000|부산|성남시|서초동|4211000000|역삼1가|1|25|2|6|898|39434|633|7748.0|7471|4904484
202407|ADM|11|42110|27110000|서울|수원시|역삼동|1114000000|인계동|2|55|1|8|621|27209|640|7468.0|5276|4779520
202407|CNTY_GU|43|11110|27110000|대구|수원시|인계동|4711000000|인계동|1|40|0|3|452|31957|14|7131.0|5535|99834
202407|ADM|27|41150|44130000|인천|수원시|서초동|4211000000|역삼1가|2|70|1|5|865|40089|427|4669.0|4137|1993663
202407|ADM|11|44130|47110000|서울|수원시|서초동|4611000000|서초1동|2|35|2|3|530|30081|398|1306.0|1228|519788
202407|PRVNC|45|41150|42110000|대구|서초구|역삼동|1114000000|역삼1가|1|20|3|3|454|29786|698|6555.0|5287|4575390
202407|CNTY_GU|43|27110|27110000|서울|성남시|인계동|4611000000|서초1동|2|45|3|4|262|24921|401|7717.0|6284|3094517
202407|ADM|11|43110|26110000|경기|서초구|서초동|4115000000|서초1동|2|60|0|7|715|26192|605|3460.0|3180|2093300
202407|ADM|45|46110|41130000|서울|강남구|인계동|2614000000|인계동|1|30|0|7|266|20817|465|6982.0|5290|3246630
202407|ADM|42|47110|45110000|인천|성남시|인계동|4211000000|서초1동|2|40|0|7|852|41653|296|7544.0|5376|2233024
202407|ADM|26|46110|11200000|부산|수원시|서초동|4311000000|역삼1가|1|70|3|6|597|16777|27|7922.0|5881|213894
202407|CNTY_GU|43|11110|11140000|대구|서초구|서초동|1120000000|서초1동|2|30|1|2|354|48008|525|1040.0|955|546000
202407|CNTY_GU|11|11170|41130000|서울|서초구|역삼동|4211000000|인계동|1|70|1|4|67|11621|285|6832.0|6252|1947120
202407|PRVNC|43|11170|26140000|부산|성남시|인계동|1120000000|인계동|2|50|2|6|469|47740|197|3749.0|2778|738553
202407|CNTY_GU|27|47110|46110000|부산|강남구|인계동|4115000000|서초1동|2|55|0|9|765|48757|570|4727.0|3545|2694390
202407|CNTY_GU|45|42110|11140000|서울|성남시|서초동|4711000000|역삼1가|1|70|1|10|725|9863|164|4206.0|4066|689784
202407|PRVNC|44|11200|26140000|서울|강남구|인계동|2614000000|인계동|2|65|2|1|512|37878|679|5450.0|5064|3700550
202407|ADM|27|11110|41130000|대구|성남시|인계동|1117000000|역삼1가|2|30|0|5|819|46007|59|6231.0|5179|367629
202407|PRVNC|41|42110|26140000|부산|서초구|역삼동|4111000000|인계동|2|30|0|10|538|12718|754|6452.0|5569|4864808
202407|ADM|47|44130|46110000|경기|강남구|역삼동|4413000000|서초1동|2|60|0|6|353|33650|196|2495.0|2428|489020
202407|CNTY_GU|43|46110|45110000|대구|성남시|서초동|2611000000|인계동|2|40|3|6|16|41773|583|2455.0|1896|1431265
202407|CNTY_GU|42|26110|11140000|대구|성남시|서초동|4211000000|인계동|2|45|0|2|798|47175|637|1504.0|1171|958048
202407|CNTY_GU|11|46110|44130000|인천|서초구|서초동|2811000000|서초1동|1|55|0|3|49|45836|756|5037.0|4498|3807972
202407|ADM|45|44130|41150000|서울|수원시|서초동|1120000000|역삼1가|1|60|0|8|783|37090|73|7116.0|5827|519468
202407|CNTY_GU|11|28110|47110000|인천|강남구|서초동|4111000000|인계동|1|70|3|3|585|15529|573|6976.0|5560|3997248
202407|ADM|47|45110|44130000|대구|강남구|서초동|4511000000|인계동|1|55|1|3|168|13866|525|2936.0|2726|1541400
202407|CNTY_GU|45|27110|43110000|서울|강남구|인계동|4611000000|역삼1가|2|70|1|1|477|48628|574|4638.0|3254|2662212
202407|ADM|27|11200|41130000|대구|수원시|서초동|1114000000|인계동|2|20|1|7|641|38502|290|5567.0|4624|1614430
202407|CNTY_GU|27|11140|42110000|서울|강남구|인계동|4711000000|서초1동|2|50|0|6|352|17805|774|7282.0|5730|5636268
202407|CNTY_GU|47|46110|45110000|부산|성남시|인계동|4113000000|역삼1가|2|25|1|9|969|11429|787|5631.0|5540|4431597
202407|CNTY_GU|11|11170|11140000|부산|서초구|인계동|2614000000|서초1동|2|70|0|7|52|6654|248|3715.0|3161|921320
202407|ADM|44|11140|41110000|부산|서초구|서초동|1117000000|인계동|1|40|1|5|301|26543|477|7771.0|7287|3706767
202407|CNTY_GU|27|41130|43110000|부산|서초구|서초동|4311000000|인계동|1|40|2|4|473|26733|309|3821.0|3546|1180689
202407|CNTY_GU|27|26110|27110000|대구|성남시|인계동|4113000000|역삼1가|1|55|2|3|474|12323|631|7660.0|7303|4833460
202407|CNTY_GU|26|43110|41110000|대구|수원시|서초동|4611000000|인계동|2|60|0|5|929|12232|590|1687.0|1240|995330
202407|CNTY_GU|43|26110|11170000|인천|성남시|역삼동|4113000000|역삼1가|1|25|0|9|299|36998|635|1194.0|1169|758190
202407|CNTY_GU|41|47110|11140000|서울|서초구|인계동|2711000000|역삼1가|1|50|1|2|40|16247|399|7759.0|6435|3095841
202407|ADM|27|27110|41130000|대구|서초구|인계동|1111000000|인계동|1|65|0|2|709|22269|357|1975.0|1494|705075
202407|ADM|26|26140|27110000|인천|서초구|인계동|1120000000|인계동|1|55|0|4|903|18463|174|6287.0|5262|1093938
202407|CNTY_GU|45|43110|11200000|부산|수원시|역삼동|4413000000|역삼1가|2|30|3|4|39|49721|60|2160.0|2028|129600
202407|CNTY_GU|46|11200|26140000|경기|성남시|인계동|1111000000|서초1동|2|35|2|5|735|5245|334|3367.0|2933|1124578
202407|CNTY_GU|45|11200|42110000|경기|수원시|서초동|1120000000|역삼1가|2|25|0|1|900|37192|99|6303.0|5586|623997
202407|CNTY_GU|43|26110|11110000|인천|성남시|역삼동|4413000000|서초1동|2|40|0|9|599|29142|185|2785.0|2194|515225
202407|CNTY_GU|41|28110|43110000|서울|강남구|서초동|1114000000|서초1동|2|50|0|5|558|47538|347|5590.0|5353|1939730
202407|CNTY_GU|11|26110|11170000|인천|서초구|서초동|4413000000|인계동|2|50|2|2|612|9424|781|1265.0|1105|987965
202407|ADM|44|45110|27110000|부산|성남시|인계동|4413000000|서초1동|1|45|3|1|388|49250|517|2910.0|2483|1504470
202407|CNTY_GU|11|45110|27110000|서울|수원시|인계동|4511000000|역삼1가|2|65|3|8|944|26956|780|3600.0|3392|2808000
202407|ADM|27|11110|41130000|인천|강남구|역삼동|1117000000|인계동|1|25|0|4|252|42713|431|4819.0|4110|2076989
202407|CNTY_GU|26|41110|42110000|서울|수원시|역삼동|1114000000|인계동|2|45|2|8|596|10628|708|2745.0|2209|1943460
202407|CNTY_GU|41|41130|43110000|대구|수원시|역삼동|4711000000|서초1동|2|30|0|7|618|34424|613|5624.0|5565|3447512
202407|CNTY_GU|46|41130|11200000|경기|강남구|인계동|2614000000|서초1동|2|30|3|2|75|45578|348|2009.0|1561|699132
202407|ADM|44|41150|41130000|인천|서초구|인계동|4611000000|인계동|2|50|0|7|347|32337|713|3171.0|2433|2260923
202407|CNTY_GU|43|11140|45110000|서울|성남시|역삼동|1114000000|인계동|1|25|0|8|910|10591|449|1479.0|1339|664071
202407|ADM|27|26110|26110000|서울|성남시|서초동|1114000000|서초1동|1|35|0|9|886|28519|179|5313.0|4357|951027
202407|CNTY_GU|11|41110|43110000|인천|성남시|서초동|4113000000|인계동|2|70|0|10|815|7757|615|7896.0|5861|4856040
202407|ADM|44|44130|44130000|인천|성남시|인계동|4113000000|인계동|1|55|0|9|711|17002|288|2202.0|1656|634176
202407|ADM|43|27110|42110000|경기|서초구|역삼동|4111000000|역삼1가|2|65|2|8|647|26763|20|4838.0|4178|96760
202407|ADM|26|47110|45110000|부산|강남구|역삼동|4115000000|인계동|1|40|1|8|327|39302|243|0.0|0|0
202407|ADM|42|43110|11110000|서울|성남시|서초동|1114000000|인계동|1|65|0|2|301|6179|395|1874.0|1872|740230
202407|ADM|44|26140|41130000|인천|수원시|역삼동|1114000000|인계동|2|55|0|4|987|18417|137|6270.0|5872|858990
202407|PRVNC|26|44130|11170000|대구|성남시|역삼동|4113000000|인계동|1|25|1|7|335|27823|356|5085.0|3863|1810260
202407|ADM|27|45110|11140000|서울|강남구|인계동|4611000000|역삼1가|1|50|0|1|922|19202|444|5955.0|5380|2644020
202407|CNTY_GU|27|11110|11200000|대구|서초구|인계동|4611000000|인계동|2|20|0|7|36|9682|80|6297.0|4783|503760
202407|CNTY_GU|42|26110|41110000|서울|성남시|역삼동|2614000000|역삼1가|1|45|2|5|263|36285|116|1552.0|1160|180032
202407|ADM|27|45110|46110000|서울|성남시|인계동|2611000000|인계동|2|25|0|3|193|31169|658|5310.0|3986|3493980
202407|ADM|43|26110|47110000|경기|성남시|역삼동|1114000000|서초1동|1|20|0|5|164|29756|36|2926.0|2188|105336
202407|ADM|47|11140|46110000|경기|강남구|역삼동|4413000000|서초1동|2|65|3|1|388|11843|358|2802.0|2014|1003116
202407|ADM|11|41130|44130000|부산|서초구|역삼동|4711000000|서초1동|1|60|1|1|527|41430|54|7671.0|6265|414234
202407|ADM|26|47110|11170000|인천|수원시|서초동|1120000000|서초1동|1|35|0|2|350|35700|754|5613.0|4436|4232202
202407|ADM|43|41130|44130000|인천|서초구|서초동|1120000000|서초1동|1|60|1|1|602|23164|602|2976.0|2902|1791552
202407|CNTY_GU|44|11110|44130000|부산|성남시|서초동|1114000000|역삼1가|1|20|0|7|995|43903|171|2419.0|2317|413649
202407|CNTY_GU|46|46110|41130000|인천|수원시|역삼동|2711000000|역삼1가|1|70|1|5|393|32634|461|1665.0|1281|767565
202407|ADM|46|27110|41130000|대구|강남구|서초동|4211000000|인계동|1|40|1|1|734|22428|389|1723.0|1471|670247
202407|PRVNC|47|28110|26110000|인천|성남시|역삼동|4111000000|역삼1가|2|55|0|10|528|16522|758|2892.0|2479|2192136
202407|CNTY_GU|27|28110|43110000|대구|수원시|역삼동|4311000000|인계동|1|40|2|8|955|13213|736|4280.0|3510|3150080
202407|CNTY_GU|44|41130|11200000|부산|성남시|인계동|2611000000|인계동|2|50|0|6|322|37276|739|5571.0|4621|4116969
202407|CNTY_GU|45|42110|11200000|부산|성남시|서초동|4413000000|서초1동|1|30|1|2|132|48045|697|3078.0|2229|2145366
202407|CNTY_GU|45|26140|28110000|대구|서초구|역삼동|4511000000|인계동|1|65|0|4|524|27482|583|7899.0|6971|4605117
202407|ADM|43|11170|42110000|경기|강남구|인계동|1111000000|인계동|2|55|3|10|226|29444|415|2442.0|2081|1013430
202407|PRVNC|47|11200|11110000|인천|서초구|역삼동|4111000000|서초1동|1|25|2|4|809|5890|689|6665.0|5637|4592185
202407|CNTY_GU|45|47110|47110000|대구|서초구|서초동|4511000000|인계동|2|35|3|3|164|12142|300|2174.0|2126|652200
202407|ADM|47|43110|46110000|대구|수원시|서초동|4113000000|인계동|1|25|1|10|60|40415|120|5529.0|5284|663480
202407|ADM|41|11140|42110000|서울|수원시|역삼동|2614000000|역삼1가|2|30|0|1|741|45682|298|1738.0|1416|517924
202407|CNTY_GU|44|11140|11200000|경기|강남구|역삼동|4211000000|역삼1가|2|25|2|10|498|12400|646|4537.0|3879|2930902
202407|ADM|43|11170|46110000|대구|성남시|역삼동|4311000000|역삼1가|2|70|1|9|205|31068|361|4711.0|3839|1700671
202407|PRVNC|26|45110|41130000|부산|강남구|인계동|4711000000|역삼1가|1|55|1|10|107|16314|536|1158.0|1004|620688
202407|CNTY_GU|26|26110|46110000|인천|수원시|서초동|4511000000|역삼1가|2|50|3|9|612|42424|201|2234.0|2162|449034
202407|CNTY_GU|43|46110|42110000|대구|성남시|인계동|4311000000|역삼1가|2|55|0|10|558|39723|690|4037.0|3501|2785530
202407|ADM|41|28110|11140000|대구|강남구|서초동|2611000000|인계동|1|55|2|10|501|42339|2|5617.0|5523|11234
202407|ADM|41|41110|26140000|대구|서초구|인계동|1120000000|역삼1가|2|50|0|7|256|15103|2|2953.0|2810|5906
202407|PRVNC|27|11140|47110000|대구|서초구|역삼동|1114000000|서초1동|2|60|0|3|551|10505|538|5363.0|4235|2885294
202407|ADM|47|11140|45110000|서울|수원시|인계동|4311000000|역삼1가|2|50|3|4|897|19909|604|2778.0|2355|1677912
202407|ADM|11|11170|11140000|경기|성남시|역삼동|2711000000|서초1동|1|30|1|5|9|12438|349|1724.0|1431|601676
202407|ADM|45|26140|11110000|인천|성남시|인계동|4113000000|서초1동|2|30|1|3|910|18167|48|3497.0|2553|167856
202407|ADM|26|47110|41110000|경기|서초구|인계동|1120000000|서초1동|2|25|2|4|435|6656|688|2586.0|2033|1779168
202407|PRVNC|44|11140|43110000|서울|서초구|역삼동|4611000000|역삼1가|1|30|3|10|340|12926|589|7483.0|6250|4407487
202407|ADM|27|45110|41110000|부산|성남시|역삼동|4413000000|역삼1가|2|20|1|6|310|17462|117|2938.0|2792|343746
202407|CNTY_GU|27|11200|28110000|경기|서초구|역삼동|4711000000|서초1동|2|40|0|6|466|17635|154|3960.0|3866|609840
202407|ADM|11|11110|43110000|부산|성남시|인계동|4113000000|역삼1가|2|30|1|1|689|41212|473|6329.0|5190|2993617
202407|ADM|41|42110|11200000|부산|성남시|서초동|4711000000|서초1동|2|50|0|8|297|17104|762|2770.0|1994|2110740
202407|CNTY_GU|47|47110|41150000|대구|강남구|서초동|2811000000|인계동|1|70|0|9|723|36664|596|4158.0|4016|2478168
202407|CNTY_GU|27|11110|26140000|대구|성남시|인계동|4115000000|역삼1가|1|35|0|5|125|45744|787|5384.0|4743|4237208
202407|PRVNC|42|43110|44130000|인천|강남구|서초동|4311000000|인계동|2|25|1|5|790|33189|576|6753.0|6483|3889728
202407|CNTY_GU|42|26110|11170000|대구|성남시|역삼동|4311000000|인계동|2|50|1|1|234|30339|332|6522.0|4750|2165304
202407|CNTY_GU|47|43110|11170000|대구|서초구|서초동|4311000000|서초1동|2|35|2|3|144|39044|751|6658.0|6294|5000158
202407|PRVNC|42|41150|11110000|경기|강남구|인계동|2711000000|역삼1가|2|40|2|8|908|11176|739|1811.0|1279|1338329
202407|ADM|26|43110|46110000|경기|성남시|역삼동|4311000000|서초1동|2|70|3|5|992|26858|522|6132.0|5913|3200904
202407|ADM|43|44130|42110000|경기|강남구|서초동|4511000000|역삼1가|1|40|0|8|562|42063|204|4599.0|4548|938196
202407|CNTY_GU|44|11140|45110000|부산|성남시|인계동|2611000000|서초1동|2|40|1|4|956|16575|244|4621.0|4129|1127524
202407|CNTY_GU|26|42110|11110000|인천|성남시|역삼동|1111000000|인계동|1|30|0|9|803|27127|494|0.0|0|0
202407|ADM|26|41150|43110000|경기|성남시|서초동|4611000000|서초1동|1|60|0|6|654|6996|319|3982.0|3511|1270258
202407|CNTY_GU|42|41150|47110000|서울|서초구|인계동|4111000000|역삼1가|2|50|1|9|108|32820|694|2622.0|2435|1819668
202407|CNTY_GU|45|44130|27110000|인천|서초구|역삼동|1111000000|인계동|1|25|2|8|233|7698|123|7356.0|6919|904788
202407|CNTY_GU|46|11170|26110000|부산|강남구|역삼동|4511000000|서초1동|2|60|0|2|738|18056|664|4902.0|3829|3254928
202407|ADM|44|44130|44130000|부산|수원시|서초동|1114000000|역삼1가|2|65|0|9|925|5779|642|4086.0|3165|2623212
202407|CNTY_GU|26|44130|47110000|서울|성남시|역삼동|4711000000|서초1동|2|45|0|10|392|30251|284|1159.0|950|329156
202407|PRVNC|11|44130|46110000|경기|서초구|서초동|4211000000|역삼1가|2|30|0|5|460|28793|557|6491.0|5439|3615487
202407|ADM|11|26110|46110000|서울|강남구|역삼동|4511000000|역삼1가|1|55|1|10|497|34153|161|3393.0|2675|546273
202407|ADM|45|41150|28110000|경기|강남구|서초동|1120000000|역삼1가|1|60|0|10|459|40116|386|6808.0|5521|2627888
202407|PRVNC|44|43110|27110000|경기|서초구|서초동|1111000000|역삼1가|2|70|0|7|842|20520|237|4254.0|4246|1008198
202407|ADM|43|26110|45110000|대구|수원시|역삼동|2611000000|인계동|2|40|0|10|34|15282|215|6669.0|5865|1433835
202407|PRVNC|27|27110|41150000|경기|서초구|인계동|4211000000|서초1동|2|40|2|1|53|43706|6|4653.0|3953|27918
202407|ADM|27|11170|47110000|경기|성남시|서초동|4211000000|역삼1가|1|45|0|1|585|39338|278|4675.0|3952|1299650
202407|CNTY_GU|43|28110|27110000|부산|서초구|역삼동|4115000000|서초1동|1|50|0|10|497|41341|272|5739.0|4787|1561008
202407|ADM|46|27110|44130000|서울|강남구|서초동|4115000000|서초1동|2|45|0|10|190|26959|256|6338.0|4448|1622528
202407|ADM|26|46110|26140000|부산|성남시|역삼동|1111000000|서초1동|2|55|0|8|803|38533|578|6725.0|4977|3887050
202407|ADM|43|11140|26140000|대구|수원시|인계동|2811000000|서초1동|2|50|0|4|136|24890|790|7695.0|7022|6079050
202407|CNTY_GU|47|11170|47110000|서울|강남구|서초동|2611000000|인계동|2|70|3|2|131|11945|370|6003.0|5733|2221110
202407|CNTY_GU|47|45110|47110000|대구|수원시|역삼동|4611000000|인계동|2|30|0|6|175|5185|473|1491.0|1261|705243
202407|ADM|44|41150|45110000|경기|강남구|서초동|1114000000|서초1동|1|40|0|8|660|21241|114|1145.0|1122|130530
202407|CNTY_GU|45|11110|45110000|부산|수원시|인계동|2611000000|인계동|2|20|1|9|516|19974|272|2463.0|1828|669936
202407|ADM|41|44130|26110000|부산|서초구|서초동|4113000000|역삼1가|1|60|1|6|922|5884|269|2973.0|2085|799737
202407|ADM|47|27110|45110000|경기|서초구|서초동|4511000000|인계동|1|55|2|9|770|24016|242|4964.0|4297|1201288
202407|ADM|46|11200|26110000|서울|성남시|서초동|4211000000|서초1동|2|65|1|9|302|22787|210|7244.0|5473|1521240
202407|CNTY_GU|45|11110|27110000|서울|수원시|역삼동|1120000000|인계동|2|55|0|8|177|46912|195|3458.0|2697|674310
202407|ADM|45|27110|42110000|인천|강남구|서초동|4311000000|서초1동|2|50|1|2|38|22676|472|6481.0|5448|3059032
202407|ADM|26|11200|11110000|대구|서초구|역삼동|4413000000|역삼1가|1|60|3|9|248|41887|446|3514.0|2665|1567244
202407|ADM|26|26140|11200000|인천|성남시|인계동|1114000000|서초1동|2|40|0|6|964|12842|65|7528.0|5520|489320
202407|PRVNC|27|44130|43110000|인천|서초구|역삼동|4211000000|서초1동|2|40|0|5|311|38805|118|5102.0|3635|602036
202407|CNTY_GU|47|43110|41150000|인천|성남시|인계동|4111000000|인계동|2|70|3|9|174|31080|585|3657.0|3082|2139345
202407|CNTY_GU|43|41130|42110000|경기|강남구|서초동|4311000000|역삼1가|1|35|2|7|134|11351|108|7205.0|7020|778140
202407|PRVNC|11|41150|11200000|대구|강남구|서초동|2711000000|인계동|1|30|2|7|675|17851|111|6922.0|6337|768342
202407|ADM|45|11200|41130000|인천|성남시|역삼동|2614000000|인계동|1|40|0|4|849|45620|365|2889.0|2538|1054485
202407|CNTY_GU|47|41110|27110000|인천|강남구|역삼동|4111000000|서초1동|1|25|0|4|678|49350|776|5024.0|3658|3898624
202407|ADM|46|44130|41130000|대구|성남시|역삼동|4711000000|서초1동|2|40|1|8|35|16664|24|0.0|0|0
202407|ADM|26|45110|11200000|대구|강남구|역삼동|4511000000|서초1동|2|60|0|3|843|18180|621|4652.0|4130|2888892
202407|CNTY_GU|27|26140|26140000|대구|수원시|역삼동|4113000000|역삼1가|2|40|0|5|571|34399|795|4655.0|3362|3700725
202407|ADM|11|26140|28110000|서울|수원시|서초동|4711000000|인계동|2|35|2|8|646|19957|1|7794.0|7107|7794
202407|ADM|46|11110|44130000|서울|성남시|인계동|4111000000|역삼1가|2|40|0|4|953|28878|173|5476.0|4681|947348
202407|ADM|43|11200|41110000|대구|성남시|인계동|1111000000|역삼1가|1|50|3|4|345|10750|155|4352.0|4342|674560
202407|ADM|11|41130|11170000|서울|성남시|역삼동|4413000000|인계동|2|70|1|4|213|9565|783|0.0|0|0
202407|CNTY_GU|42|44130|42110000|경기|성남시|서초동|2611000000|서초1동|2|35|0|7|143|38175|512|4934.0|3623|2526208
202407|CNTY_GU|42|41110|27110000|인천|수원시|인계동|4111000000|역삼1가|1|50|1|8|410|16269|602|7439.0|6703|4478278
202407|ADM|41|26140|28110000|경기|수원시|인계동|4611000000|인계동|2|50|0|5|682|31822|770|6058.0|5350|4664660
202407|ADM|11|11170|27110000|대구|수원시|인계동|4211000000|역삼1가|2|55|2|7|932|10273|392|3066.0|2395|1201872
202407|CNTY_GU|46|27110|45110000|서울|성남시|역삼동|4115000000|인계동|2|60|3|5|634|16837|401|5866.0|5105|2352266
202407|CNTY_GU|27|41150|41130000|인천|강남구|역삼동|4511000000|인계동|2|35|0|7|575|39820|783|6084.0|6054|4763772
202407|CNTY_GU|11|41130|11140000|경기|서초구|역삼동|4311000000|역삼1가|2|30|0|2|259|19185|405|2678.0|2012|1084590
202407|CNTY_GU|47|26140|44130000|경기|강남구|인계동|2811000000|서초1동|2|45|0|3|737|24512|396|4550.0|4021|1801800
202407|ADM|27|47110|27110000|인천|성남시|서초동|2811000000|서초1동|1|65|1|9|245|14094|2|2953.0|2164|5906
202407|CNTY_GU|45|11170|41150000|인천|서초구|인계동|4111000000|서초1동|1|45|2|9|881|43488|777|5265.0|4936|4090905
202407|CNTY_GU|27|26140|45110000|부산|강남구|서초동|1117000000|서초1동|2|45|3|8|777|13639|480|1295.0|1106|621600
202407|ADM|45|11170|11140000|대구|성남시|인계동|4311000000|인계동|2|40|2|1|153|41197|787|1867.0|1392|1469329
202407|ADM|26|41150|11110000|인천|성남시|서초동|2711000000|인계동|1|70|1|10|992|16436|779|4042.0|3196|3148718
202407|CNTY_GU|27|11110|42110000|경기|강남구|서초동|2711000000|서초1동|1|45|2|2|473|46932|602|5599.0|5270|3370598
202407|ADM|26|46110|44130000|대구|강남구|인계동|1111000000|서초1동|1|70|2|6|938|44380|4|5152.0|4265|20608
202407|ADM|26|41150|45110000|인천|성남시|역삼동|1120000000|서초1동|2|45|1|2|768|37599|31|5391.0|5314|167121
202407|ADM|27|26110|11110000|부산|강남구|역삼동|1117000000|역삼1가|1|70|1|8|846|5769|75|3586.0|3052|268950
202407|ADM|27|44130|28110000|인천|수원시|서초동|4511000000|인계동|1|45|2|2|997|31927|783|2027.0|1741|1587141
202407|ADM|26|44130|27110000|경기|서초구|서초동|4113000000|서초1동|2|20|0|2|136|10894|407|4930.0|3707|2006510
202407|CNTY_GU|47|28110|44130000|부산|수원시|인계동|2611000000|인계동|1|40|0|1|179|24483|450|4188.0|4044|1884600
202407|PRVNC|27|43110|45110000|부산|성남시|인계동|4111000000|인계동|2|40|0|4|751|11127|607|1563.0|1446|948741
202407|ADM|42|41150|26140000|부산|성남시|역삼동|4511000000|역삼1가|2|60|3|2|686|14003|394|3814.0|2804|1502716
202407|CNTY_GU|43|44130|11200000|부산|강남구|역삼동|2711000000|서초1동|1|65|0|2|540|33507|735|4369.0|3275|3211215
202407|CNTY_GU|47|43110|41110000|인천|수원시|서초동|4311000000|서초1동|1|65|0|2|861|49717|713|4090.0|3504|2916170
202407|CNTY_GU|26|44130|11170000|서울|성남시|인계동|4115000000|역삼1가|2|35|2|3|531|44716|577|5289.0|4937|3051753
202407|ADM|42|41150|26140000|인천|성남시|인계동|4311000000|인계동|2|55|0|9|334|10217|426|1651.0|1522|703326
202407|ADM|47|28110|26110000|부산|성남시|서초동|4115000000|인계동|2|45|0|2|116|18370|664|5920.0|4278|3930880
202407|CNTY_GU|42|26110|44130000|인천|강남구|인계동|4711000000|역삼1가|2|25|0|8|712|41719|612|3277.0|2972|2005524
202407|CNTY_GU|41|11170|27110000|서울|강남구|서초동|4211000000|역삼1가|1|50|1|4|147|23342|371|5221.0|5176|1936991
202407|PRVNC|45|11170|26140000|부산|강남구|역삼동|2614000000|서초1동|1|20|1|1|920|48764|650|6185.0|5450|4020250
202407|ADM|43|41110|41150000|인천|강남구|역삼동|2711000000|역삼1가|1|55|3|3|236|12589|78|3552.0|3075|277056
202407|CNTY_GU|42|45110|11140000|경기|강남구|인계동|4413000000|서초1동|2|60|0|8|842|36963|568|6775.0|6021|3848200
202407|ADM|46|11200|28110000|서울|성남시|역삼동|4211000000|인계동|1|55|3|5|121|15075|47|7214.0|6230|339058
202407|CNTY_GU|46|11170|45110000|인천|서초구|역삼동|1120000000|인계동|2|40|0|9|610|23651|161|3698.0|2835|595378
202407|CNTY_GU|45|11170|45110000|서울|강남구|인계동|4413000000|인계동|2|40|1|9|397|25984|145|6812.0|5910|987740
202407|ADM|45|43110|11170000|인천|성남시|역삼동|4111000000|서초1동|2|55|0|6|677|41459|690|4063.0|3737|2803470
202407|ADM|11|41110|46110000|부산|강남구|서초동|4711000000|인계동|1|30|3|2|971|44398|336|7953.0|6971|2672208
202407|CNTY_GU|42|11140|44130000|경기|수원시|역삼동|4311000000|인계동|1|30|1|4|928|6226|342|6060.0|5107|2072520
202407|CNTY_GU|42|26110|45110000|경기|수원시|역삼동|1114000000|인계동|2|55|0|3|991|41248|673|1065.0|965|716745
202407|CNTY_GU|26|11200|11170000|부산|수원시|서초동|1114000000|역삼1가|2|30|0|4|632|41861|326|2403.0|2301|783378
202407|PRVNC|45|27110|44130000|경기|수원시|서초동|4311000000|인계동|2|50|3|7|868|32539|4|1425.0|999|5700
202407|ADM|41|47110|28110000|인천|수원시|역삼동|4113000000|인계동|1|30|2|3|635|19743|108|7012.0|6765|757296
202407|ADM|47|11200|44130000|경기|서초구|서초동|1117000000|서초1동|2|40|1|2|599|29918|281|5654.0|4844|1588774
202407|CNTY_GU|11|41130|11200000|부산|성남시|서초동|1120000000|인계동|1|45|1|10|524|42320|445|7114.0|5837|3165730
202407|CNTY_GU|44|45110|27110000|대구|수원시|서초동|2711000000|역삼1가|2|65|3|4|647|34171|322|4869.0|4438|1567818
202407|ADM|26|41110|11110000|서울|수원시|서초동|4711000000|인계동|2|40|0|1|27|17143|743|2275.0|2270|1690325
202407|CNTY_GU|41|43110|45110000|인천|강남구|서초동|2811000000|역삼1가|2|50|0|4|983|23426|771|3113.0|2453|2400123
202407|ADM|42|26140|46110000|경기|수원시|역삼동|4511000000|역삼1가|1|30|0|3|920|47332|3|2713.0|2547|8139
202407|ADM|43|41150|11200000|대구|강남구|역삼동|1114000000|역삼1가|1|50|1|10|569|22236|351|1469.0|1426|515619
202407|CNTY_GU|42|11140|44130000|부산|강남구|역삼동|4211000000|서초1동|1|45|3|7|576|16829|747|3945.0|3003|2946915
202407|ADM|45|11140|46110000|부산|강남구|서초동|2811000000|역삼1가|2|45|3|4|3|30276|548|1401.0|1347|767748
202407|CNTY_GU|11|11110|43110000|경기|성남시|서초동|2711000000|인계동|2|65|1|10|425|41953|597|3052.0|2987|1822044
202407|ADM|42|26140|45110000|서울|서초구|역삼동|2611000000|인계동|2|60|2|10|596|7543|769|6384.0|5620|4909296
202407|PRVNC|41|26140|26110000|부산|수원시|인계동|4511000000|서초1동|2|55|1|2|202|41884|494|7747.0|5879|3827018
202407|CNTY_GU|46|41150|43110000|부산|강남구|역삼동|2614000000|서초1동|1|70|0|3|5|45749|533|0.0|0|0
202407|ADM|47|45110|46110000|경기|강남구|역삼동|4711000000|인계동|1|55|0|6|978|37039|491|6586.0|5800|3233726
202407|CNTY_GU|41|11200|44130000|경기|수원시|서초동|4113000000|서초1동|1|70|1|2|806|30929|443|4935.0|3748|2186205
202407|ADM|47|41130|44130000|부산|서초구|역삼동|4311000000|인계동|2|60|0|6|16|46907|771|4944.0|3748|3811824
202407|ADM|47|45110|46110000|부산|수원시|역삼동|4211000000|서초1동|2|70|0|6|827|30472|414|3047.0|2589|1261458
202407|CNTY_GU|44|42110|45110000|서울|수원시|인계동|1117000000|역삼1가|2|40|0|8|469|17991|106|7349.0|5995|778994
202407|CNTY_GU|45|45110|44130000|인천|수원시|서초동|4511000000|인계동|1|35|1|9|518|24020|524|2498.0|1948|1308952
202407|ADM|45|28110|26110000|인천|성남시|서초동|4115000000|서초1동|2|60|0|6|796|48830|736|7042.0|6432|5182912
202407|CNTY_GU|46|41130|41150000|대구|강남구|인계동|4311000000|역삼1가|2|40|0|7|180|44272|449|5681.0|4727|2550769
202407|ADM|43|11140|28110000|경기|서초구|서초동|4113000000|인계동|2|35|0|1|645|25695|169|7114.0|6103|1202266
202407|CNTY_GU|47|11170|47110000|인천|성남시|인계동|4413000000|역삼1가|1|50|0|3|483|9049|542|1768.0|1311|958256
202407|CNTY_GU|11|11200|11170000|인천|강남구|인계동|2811000000|서초1동|2|25|1|10|406|29828|505|4324.0|4176|2183620
202407|ADM|11|11200|27110000|대구|성남시|인계동|4311000000|인계동|2|60|1|9|823|28903|475|7670.0|5482|3643250
202407|CNTY_GU|41|28110|43110000|대구|수원시|서초동|4711000000|서초1동|1|25|0|10|833|46149|512|2972.0|2800|1521664
202407|ADM|46|11110|45110000|서울|서초구|인계동|1114000000|역삼1가|2|25|2|9|723|19545|779|3246.0|2409|2528634
202407|ADM|11|43110|28110000|부산|서초구|인계동|1111000000|서초1동|1|30|2|10|136|38171|454|6234.0|5614|2830236
202407|ADM|41|26110|43110000|서울|서초구|역삼동|2711000000|역삼1가|2|70|0|5|237|15127|685|6974.0|4971|4777190
202407|CNTY_GU|43|27110|26110000|대구|성남시|서초동|1111000000|서초1동|2|20|0|5|522|14899|685|3530.0|2489|2418050
202407|ADM|26|44130|46110000|서울|서초구|역삼동|4113000000|역삼1가|2|25|3|10|93|42172|78|4673.0|3537|364494
202407|ADM|44|43110|41110000|인천|강남구|역삼동|4711000000|서초1동|2|35|2|5|472|33383|158|6565.0|5767|1037270
202407|CNTY_GU|42|26140|26110000|대구|서초구|서초동|2711000000|역삼1가|1|65|1|10|762|38868|662|6933.0|4916|4589646
202407|PRVNC|47|11170|11170000|인천|성남시|서초동|4115000000|서초1동|2|40|0|6|406|43587|466|6132.0|4826|2857512
202407|ADM|44|44130|27110000|서울|서초구|인계동|4511000000|인계동|1|70|0|7|511|35556|145|6686.0|6557|969470
202407|CNTY_GU|44|45110|26110000|서울|강남구|인계동|1114000000|인계동|2|30|0|8|153|34164|581|2793.0|2434|1622733
202407|CNTY_GU|26|45110|27110000|대구|서초구|역삼동|4111000000|인계동|2|30|0|3|254|12583|219|6944.0|5657|1520736
202407|CNTY_GU|44|26110|45110000|부산|성남시|서초동|4113000000|서초1동|2|25|0|9|801|37006|324|3688.0|2641|1194912
202407|CNTY_GU|47|45110|42110000|부산|수원시|인계동|1114000000|서초1동|2|30|2|8|685|37085|164|2995.0|2138|491180
202407|CNTY_GU|44|44130|41130000|인천|수원시|인계동|4413000000|역삼1가|2|65|1|2|209|8805|399|2568.0|2233|1024632
202407|PRVNC|46|45110|41130000|경기|서초구|인계동|1117000000|서초1동|1|40|2|9|442|20237|315|2150.0|2148|677250
202407|PRVNC|42|11110|42110000|서울|성남시|역삼동|2711000000|인계동|1|50|0|1|207|28590|377|4139.0|3066|1560403
202407|CNTY_GU|47|11200|11200000|부산|강남구|서초동|4413000000|역삼1가|1|35|1|4|829|33379|283|5893.0|4535|1667719
202407|ADM|42|26110|11140000|대구|성남시|서초동|4311000000|인계동|1|30|1|3|137|21198|111|7991.0|7907|887001
202407|PRVNC|27|41150|27110000|인천|수원시|역삼동|4511000000|역삼1가|2|45|3|2|381|28852|721|3133.0|3097|2258893
202407|ADM|26|11140|41150000|경기|서초구|인계동|4311000000|서초1동|1|25|0|3|494|24695|89|5607.0|4814|499023
202407|ADM|42|28110|45110000|인천|서초구|서초동|4711000000|서초1동|2|70|0|5|908|17803|437|3192.0|2774|1394904
202407|ADM|11|11110|47110000|부산|강남구|인계동|2711000000|인계동|1|45|2|9|664|34861|595|2492.0|2207|1482740
202407|PRVNC|46|11200|41150000|대구|강남구|역삼동|4413000000|인계동|1|35|1|6|748|23493|259|2670.0|1964|691530
202407|CNTY_GU|45|45110|28110000|경기|강남구|역삼동|2614000000|서초1동|1|20|2|5|229|43464|4|3700.0|2964|14800
202407|ADM|43|46110|42110000|서울|서초구|역삼동|4413000000|인계동|2|25|0|5|891|23211|463|6399.0|4493|2962737
202407|ADM|46|41150|26110000|서울|서초구|서초동|4711000000|인계동|2|35|1|4|871|36219|672|2765.0|2175|1858080
202407|ADM|46|47110|11170000|서울|수원시|서초동|2614000000|서초1동|1|30|0|10|634|28060|427|6827.0|5722|2915129
202407|PRVNC|44|42110|41150000|대구|강남구|역삼동|2711000000|역삼1가|1|45|0|2|296|15612|288|5783.0|4119|1665504
202407|ADM|11|27110|41110000|경기|서초구|역삼동|4211000000|역삼1가|1|45|1|9|934|41655|779|1157.0|922|901303
202407|ADM|45|28110|26110000|인천|강남구|서초동|4211000000|서초1동|2|30|0|3|792|22222|556|5795.0|4512|3222020
202407|CNTY_GU|43|45110|46110000|부산|성남시|역삼동|2811000000|역삼1가|2|55|0|10|870|26936|164|7525.0|7266|1234100
202407|ADM|26|43110|45110000|경기|수원시|서초동|1114000000|역삼1가|2|70|0|9|799|30762|171|3041.0|2207|520011
202407|ADM|47|47110|46110000|경기|성남시|서초동|4413000000|서초1동|2|55|1|2|8|47409|612|0.0|0|0
202407|CNTY_GU|27|41130|41150000|서울|성남시|인계동|4311000000|역삼1가|2|45|2|6|228|9874|327|6346.0|6097|2075142
202407|ADM|45|47110|46110000|부산|서초구|서초동|1111000000|역삼1가|1|30|1|3|984|25134|49|2519.0|2156|123431
202407|ADM|27|45110|11140000|경기|서초구|역삼동|1114000000|서초1동|2|45|1|6|121|23065|579|4116.0|3207|2383164
202407|ADM|11|26110|45110000|서울|성남시|인계동|4115000000|서초1동|1|65|1|1|345|41639|304|5851.0|5324|1778704
202407|ADM|47|46110|11110000|서울|성남시|인계동|1111000000|서초1동|1|60|0|5|328|27152|139|3470.0|2906|482330
202407|CNTY_GU|45|11110|26110000|부산|강남구|인계동|2614000000|인계동|2|45|2|8|653|24239|341|4991.0|3519|1701931
202407|PRVNC|46|44130|41130000|서울|성남시|서초동|4711000000|인계동|2|45|0|4|370|23233|705|6686.0|5774|4713630
202407|ADM|27|11200|27110000|대구|성남시|역삼동|4115000000|인계동|2|65|0|8|541|31097|750|7423.0|5339|5567250
202407|CNTY_GU|26|27110|11110000|대구|서초구|서초동|4611000000|인계동|2|30|1|1|559|6306|461|6914.0|5078|3187354
202407|CNTY_GU|44|11170|42110000|대구|강남구|인계동|4611000000|서초1동|1|35|1|4|535|18653|91|5844.0|5359|531804
202407|CNTY_GU|44|11110|28110000|경기|강남구|서초동|2611000000|인계동|2|30|0|4|145|7266|355|6960.0|6362|2470800
202407|PRVNC|41|26110|11200000|부산|서초구|인계동|4115000000|서초1동|1|60|1|5|355|47693|379|4003.0|3270|1517137
202407|PRVNC|43|41110|11110000|대구|성남시|서초동|2614000000|역삼1가|2|55|0|1|318|42502|442|2213.0|1700|978146
202407|ADM|46|27110|44130000|인천|성남시|서초동|4111000000|역삼1가|2|60|0|5|325|24725|223|2101.0|1488|468523
202407|ADM|27|11170|41150000|경기|서초구|역삼동|2614000000|서초1동|1|50|3|8|371|21631|221|7044.0|6486|1556724
202407|ADM|46|44130|42110000|서울|수원시|서초동|2614000000|역삼1가|2|60|3|2|353|16046|4|6567.0|5969|26268
202407|CNTY_GU|47|43110|44130000|인천|강남구|서초동|4211000000|서초1동|2|60|3|5|651|41662|69|4620.0|4291|318780
202407|ADM|47|26140|41130000|부산|강남구|서초동|4611000000|역삼1가|1|65|1|5|673|30767|74|7798.0|5711|577052
202407|CNTY_GU|41|41110|11110000|부산|서초구|역삼동|4413000000|역삼1가|2|25|1|4|72|49791|170|5990.0|4284|1018300
202407|ADM|43|46110|47110000|서울|성남시|서초동|1114000000|서초1동|2|25|0|9|890|35268|316|6565.0|4995|2074540
202407|ADM|42|41110|28110000|부산|서초구|역삼동|2611000000|인계동|1|45|2|3|545|8813|733|3502.0|3288|2566966
202407|ADM|43|42110|43110000|부산|서초구|인계동|1120000000|역삼1가|1|25|0|5|450|38707|622|5984.0|4470|3722048
202407|CNTY_GU|42|11170|11200000|서울|수원시|인계동|4111000000|역삼1가|1|30|0|10|413|9498|143|6435.0|5668|920205
202407|CNTY_GU|26|11140|11140000|경기|수원시|인계동|4611000000|역삼1가|2|45|3|3|853|9847|772|7282.0|6499|5621704
202407|PRVNC|41|28110|41110000|경기|강남구|인계동|1120000000|역삼1가|1|65|0|5|510|20420|445|2543.0|2375|1131635
202407|ADM|44|47110|11110000|대구|성남시|역삼동|4311000000|인계동|2|35|0|6|132|11554|396|5993.0|4202|2373228
202407|ADM|46|11200|26110000|서울|수원시|인계동|1111000000|역삼1가|1|70|0|7|271|30865|577|3847.0|3421|2219719
202407|CNTY_GU|47|26110|45110000|경기|서초구|서초동|1111000000|역삼1가|1|65|1|3|868|17000|799|7782.0|7606|6217818
202407|CNTY_GU|44|43110|41110000|경기|강남구|인계동|4511000000|역삼1가|2|45|1|4|20|17332|486|7777.0|6508|3779622
202407|ADM|46|42110|26140000|부산|서초구|역삼동|2811000000|서초1동|1|45|0|2|171|28826|36|4280.0|3953|154080
202407|ADM|43|11170|11110000|부산|강남구|인계동|4211000000|인계동|1|60|0|6|122|10233|298|3888.0|3176|1158624
202407|CNTY_GU|41|44130|11200000|서울|성남시|서초동|4413000000|역삼1가|1|20|0|6|767|22652|22|0.0|0|0
202407|PRVNC|43|28110|46110000|서울|강남구|역삼동|1111000000|서초1동|1|35|0|5|719|40963|269|3947.0|3172|1061743
202407|CNTY_GU|27|27110|41130000|대구|강남구|인계동|4711000000|역삼1가|1|35|1|7|534|49422|305|5073.0|4608|1547265
202407|ADM|27|26140|28110000|인천|수원시|서초동|4611000000|서초1동|2|25|2|5|372|35263|628|4936.0|3591|3099808
202407|CNTY_GU|41|46110|42110000|대구|수원시|서초동|4413000000|서초1동|1|20|0|1|63|46777|265|1957.0|1623|518605
202407|ADM|46|41150|47110000|대구|성남시|역삼동|4611000000|인계동|1|60|2|6|141|49822|141|4496.0|3227|633936
202407|CNTY_GU|46|44130|41130000|인천|서초구|역삼동|2711000000|서초1동|1|25|0|4|745|10712|241|2762.0|2657|665642
202407|CNTY_GU|42|46110|26110000|대구|강남구|서초동|2614000000|인계동|2|45|2|9|442|5909|522|1069.0|1036|558018
202407|ADM|43|44130|43110000|서울|서초구|서초동|4511000000|역삼1가|1|50|0|8|948|6602|705|3593.0|2973|2533065
202407|PRVNC|27|11200|11170000|부산|서초구|서초동|4611000000|서초1동|1|45|0|1|765|40283|321|2877.0|2334|923517
202407|ADM|27|46110|41110000|부산|강남구|역삼동|4511000000|서초1동|2|60|0|9|797|40665|447|2681.0|2527|1198407
202407|ADM|46|27110|26110000|부산|서초구|역삼동|2614000000|서초1동|1|30|3|5|816|26065|799|4951.0|4766|3955849
202407|ADM|44|26140|45110000|대구|성남시|역삼동|1120000000|역삼1가|2|70|1|3|275|39034|302|1609.0|1431|485918
202407|PRVNC|42|44130|44130000|대구|서초구|인계동|2611000000|역삼1가|1|30|2|1|159|19674|227|3018.0|2916|685086
202407|ADM|41|43110|42110000|대구|수원시|역삼동|4611000000|역삼1가|2|65|1|7|828|38099|22|1012.0|863|22264
202407|CNTY_GU|44|43110|42110000|서울|강남구|역삼동|2711000000|역삼1가|1|45|3|5|67|43149|434|7034.0|5232|3052756
202407|ADM|44|41110|41110000|부산|서초구|역삼동|2711000000|서초1동|2|30|0|9|964|40810|23|3739.0|3734|85997
202407|ADM|41|27110|11170000|인천|수원시|역삼동|2711000000|역삼1가|2|55|0|6|2|20422|180|1986.0|1923|357480
202407|ADM|41|42110|44130000|경기|성남시|인계동|2611000000|서초1동|1|40|0|6|597|41311|102|2121.0|2002|216342
202407|CNTY_GU|41|44130|41150000|경기|수원시|역삼동|2711000000|인계동|2|30|1|9|726|28418|93|5004.0|4851|465372
202407|ADM|45|43110|11110000|대구|서초구|서초동|4611000000|서초1동|1|65|0|8|793|24287|203|7883.0|5523|1600249
202407|CNTY_GU|42|47110|47110000|대구|강남구|역삼동|2614000000|서초1동|2|30|1|3|108|38527|309|2508.0|2504|774972
202407|CNTY_GU|42|41150|47110000|인천|성남시|역삼동|4211000000|역삼1가|2|70|1|2|694|20017|29|4359.0|3621|126411
202407|CNTY_GU|47|42110|47110000|인천|강남구|역삼동|1120000000|서초1동|1|65|0|5|602|5948|537|7027.0|4981|3773499
202407|ADM|43|45110|26140000|서울|강남구|인계동|4511000000|서초1동|2|25|3|8|79|46741|149|6887.0|6157|1026163
202407|PRVNC|47|11140|11170000|부산|성남시|역삼동|4111000000|서초1동|2|45|0|2|160|25420|486|2812.0|2052|1366632
202407|ADM|11|26110|11140000|대구|성남시|역삼동|2811000000|역삼1가|1|55|1|8|111|42386|43|4428.0|3480|190404
202407|ADM|26|46110|44130000|대구|서초구|역삼동|4211000000|인계동|2|60|1|3|667|44697|195|7819.0|6235|1524705
202407|CNTY_GU|47|11110|26140000|대구|성남시|서초동|4113000000|서초1동|2|60|3|7|460|8943|710|4197.0|4057|2979870
202407|ADM|27|41150|44130000|부산|강남구|서초동|2611000000|서초1동|1|20|2|5|965|24083|479|1443.0|1304|691197
202407|ADM|11|42110|43110000|경기|성남시|인계동|4711000000|역삼1가|2|55|0|4|302|20959|448|6089.0|6020|2727872
202407|ADM|26|41150|44130000|인천|수원시|서초동|4211000000|서초1동|2|20|2|5|551|18866|429|5420.0|3832|2325180
202407|ADM|26|11140|11170000|서울|강남구|서초동|4211000000|인계동|1|65|0|6|992|5165|335|7257.0|6911|2431095
202407|ADM|44|44130|43110000|부산|서초구|인계동|4311000000|역삼1가|1|65|3|1|216|23598|20|7122.0|5355|142440
202407|CNTY_GU|11|26110|26140000|서울|서초구|역삼동|4511000000|서초1동|1|45|2|2|105|19433|281|3161.0|2514|888241
202407|ADM|42|41130|11200000|부산|서초구|역삼동|1117000000|역삼1가|1|65|0|4|402|19192|761|7990.0|7642|6080390
202407|PRVNC|27|11170|26110000|인천|성남시|인계동|4611000000|서초1동|2|50|3|6|934|36683|705|3434.0|2459|2420970
202407|PRVNC|43|11110|42110000|인천|서초구|역삼동|1117000000|역삼1가|1|65|1|6|732|48819|628|2856.0|2848|1793568
202407|ADM|42|26140|11110000|서울|수원시|서초동|4115000000|역삼1가|1|50|0|9|646|16406|282|6585.0|5882|1856970
202407|CNTY_GU|46|11170|11170000|대구|성남시|역삼동|4111000000|역삼1가|2|20|0|8|746|41768|4|4920.0|4146|19680
202407|CNTY_GU|11|47110|11170000|대구|성남시|인계동|4711000000|인계동|2|45|0|6|882|10224|327|2585.0|2566|845295
202407|ADM|26|46110|45110000|대구|서초구|역삼동|4711000000|역삼1가|2|35|1|1|65|46877|337|1942.0|1716|654454
202407|CNTY_GU|41|42110|41110000|서울|수원시|역삼동|4413000000|인계동|2|25|3|3|48|11805|63|7870.0|6070|495810
202407|CNTY_GU|42|27110|26110000|서울|서초구|인계동|4413000000|서초1동|1|70|3|1|788|35531|201|5972.0|5346|1200372
202407|CNTY_GU|45|11110|11140000|대구|강남구|서초동|2614000000|인계동|1|70|0|5|320|10748|680|6367.0|4612|4329560
202407|ADM|27|41110|11110000|서울|수원시|인계동|4311000000|인계동|1|45|0|9|291|15831|250|2991.0|2903|747750
202407|ADM|44|47110|46110000|부산|강남구|서초동|4113000000|역삼1가|1|40|3|6|259|19056|240|3705.0|3312|889200
202407|CNTY_GU|42|41150|26110000|인천|성남시|서초동|4711000000|역삼1가|1|70|2|4|962|13800|9|1101.0|984|9909
202407|CNTY_GU|11|47110|11140000|대구|성남시|역삼동|4111000000|서초1동|1|35|0|7|931|32412|534|1959.0|1637|1046106
202407|CNTY_GU|47|41150|47110000|대구|강남구|역삼동|4711000000|서초1동|2|70|3|3|898|26556|525|3668.0|3461|1925700
202407|CNTY_GU|46|43110|11140000|서울|서초구|서초동|2711000000|서초1동|2|45|3|6|992|5254|73|6130.0|5701|447490
202407|ADM|45|11110|11200000|서울|강남구|역삼동|2811000000|역삼1가|2|40|0|9|48|42569|449|1767.0|1544|793383
202407|ADM|41|44130|26140000|서울|서초구|인계동|4111000000|서초1동|2|60|0|9|737|40637|256|3992.0|3383|1021952
202407|ADM|45|27110|44130000|대구|성남시|인계동|4211000000|서초1동|2|70|0|1|905|27245|285|6710.0|5554|1912350
202407|ADM|46|11170|41150000|대구|성남시|서초동|4413000000|역삼1가|1|60|3|1|557|6722|116|5439.0|5208|630924
202407|ADM|44|41130|41150000|인천|수원시|서초동|4111000000|역삼1가|2|55|0|8|897|15305|720|3875.0|3794|2790000
202407|CNTY_GU|42|41130|43110000|서울|성남시|서초동|4115000000|인계동|2|25|2|7|144|44814|600|1822.0|1646|1093200
202407|ADM|26|27110|41130000|인천|수원시|인계동|4211000000|서초1동|1|30|0|8|954|14080|6|2096.0|2084|12576
202407|ADM|47|28110|11200000|경기|서초구|인계동|4611000000|서초1동|1|65|0|5|692|45107|584|1397.0|1380|815848
202407|ADM|27|26140|11170000|부산|수원시|서초동|1114000000|역삼1가|1|50|3|3|265|6486|334|6624.0|5821|2212416
202407|ADM|46|42110|11200000|경기|강남구|인계동|4115000000|인계동|2|55|2|2|656|23527|584|2681.0|2266|1565704
202407|ADM|27|11140|11170000|인천|수원시|역삼동|4511000000|역삼1가|1|55|0|9|118|18938|743|7431.0|6363|5521233
202407|ADM|41|43110|26110000|인천|강남구|역삼동|2711000000|인계동|1|25|2|1|954|23281|176|3683.0|3043|648208
202407|CNTY_GU|42|41130|28110000|인천|수원시|서초동|4711000000|인계동|1|35|3|5|199|29222|261|3079.0|2925|803619
202407|CNTY_GU|44|26110|46110000|대구|성남시|인계동|4311000000|역삼1가|1|60|0|9|207|21566|484|2592.0|2366|1254528
202407|PRVNC|41|27110|28110000|부산|강남구|인계동|4711000000|인계동|2|70|0|4|160|9084|364|6213.0|5460|2261532
202407|ADM|42|26110|41110000|부산|수원시|서초동|1120000000|인계동|1|70|3|10|728|23798|80|3157.0|2977|252560
202407|ADM|26|44130|26110000|서울|수원시|서초동|4311000000|역삼1가|2|30|1|6|153|37464|21|6535.0|5753|137235
202407|ADM|42|45110|44130000|경기|서초구|역삼동|4113000000|역삼1가|1|50|0|6|236|16413|143|6708.0|6526|959244
202407|ADM|44|42110|47110000|경기|수원시|역삼동|4711000000|서초1동|1|25|0|6|944|43112|296|1111.0|782|328856
202407|CNTY_GU|42|26110|45110000|인천|서초구|서초동|4511000000|역삼1가|2|50|0|10|984|32794|771|0.0|0|0
202407|CNTY_GU|42|46110|47110000|경기|성남시|서초동|4211000000|인계동|2|50|0|4|423|27525|267|7776.0|7223|2076192
202407|ADM|44|27110|42110000|부산|수원시|서초동|4611000000|서초1동|2|30|1|3|942|41267|1|4758.0|4518|4758
202407|CNTY_GU|45|28110|41130000|대구|서초구|서초동|4413000000|역삼1가|1|70|1|4|485|41067|622|5692.0|4784|3540424
202407|CNTY_GU|42|43110|28110000|서울|서초구|인계동|1120000000|역삼1가|2|35|0|1|353|14773|517|3715.0|2905|1920655
202407|CNTY_GU|44|41150|41110000|대구|수원시|인계동|2811000000|서초1동|2|65|0|1|176|43784|374|4300.0|3297|1608200
202407|ADM|44|43110|46110000|경기|수원시|인계동|4511000000|인계동|1|70|0|9|425|26558|62|3315.0|2690|205530
202407|ADM|41|11110|42110000|인천|성남시|역삼동|1111000000|인계동|1|70|1|2|659|16203|706|5152.0|5018|3637312
202407|ADM|41|27110|11170000|경기|서초구|인계동|4115000000|역삼1가|2|55|0|3|504|42148|164|4444.0|3842|728816
202407|ADM|45|11170|28110000|부산|수원시|역삼동|4111000000|서초1동|1|60|0|10|592|24836|695|7139.0|6556|4961605
202407|ADM|46|47110|11200000|인천|서초구|역삼동|1120000000|인계동|1|40|2|6|156|22386|731|7581.0|6279|5541711
202407|PRVNC|44|11110|44130000|인천|수원시|서초동|2711000000|인계동|1|40|0|5|327|19214|615|4380.0|3986|2693700
202407|CNTY_GU|47|26140|41110000|대구|수원시|역삼동|1111000000|역삼1가|2|70|1|4|299|22972|2|6224.0|6169|12448
202407|PRVNC|45|47110|26140000|대구|강남구|인계동|1117000000|역삼1가|1|25|2|3|834|27437|538|7564.0|6605|4069432
202407|CNTY_GU|44|26110|26110000|대구|수원시|인계동|2711000000|서초1동|2|45|1|4|675|33575|428|5504.0|5432|2355712
202407|ADM|45|45110|44130000|인천|성남시|역삼동|1117000000|역삼1가|2|35|2|5|125|42777|491|2895.0|2738|1421445
202407|CNTY_GU|43|11140|44130000|대구|수원시|인계동|2811000000|역삼1가|2|30|0|9|421|22802|665|7701.0|5941|5121165
202407|CNTY_GU|11|44130|11200000|경기|성남시|역삼동|4211000000|서초1동|1|35|0|4|59|29598|543|5794.0|4454|3146142
202407|CNTY_GU|44|27110|26140000|경기|수원시|인계동|2611000000|인계동|1|60|1|5|651|39223|704|3544.0|3418|2494976
202407|CNTY_GU|43|43110|47110000|서울|서초구|서초동|2614000000|서초1동|2|55|2|8|4|21133|442|7904.0|6119|3493568
202407|ADM|41|41150|45110000|대구|서초구|역삼동|1111000000|인계동|1|45|2|1|774|40974|215|6203.0|4773|1333645
202407|ADM|45|42110|11110000|경기|성남시|서초동|1117000000|인계동|1|40|0|5|482|18167|453|7979.0|6510|3614487
202407|ADM|42|11140|43110000|부산|서초구|역삼동|2811000000|서초1동|2|40|0|7|287|15967|65|2221.0|2004|144365
202407|ADM|41|26140|44130000|경기|수원시|서초동|4413000000|역삼1가|2|60|0|1|977|18102|357|2414.0|1897|861798
202407|CNTY_GU|43|11110|43110000|대구|수원시|역삼동|4611000000|서초1동|1|30|3|10|752|40819|206|1440.0|1320|296640
202407|ADM|47|46110|41130000|대구|서초구|역삼동|4111000000|역삼1가|1|35|0|3|968|35399|772|1774.0|1334|1369528
202407|ADM|41|27110|41130000|대구|서초구|서초동|4711000000|인계동|1|40|0|3|753|17034|473|4774.0|4649|2258102
202407|PRVNC|42|46110|42110000|대구|성남시|인계동|4115000000|서초1동|1|30|1|10|974|32092|6|1631.0|1263|9786
202407|ADM|27|41110|47110000|경기|성남시|역삼동|4111000000|역삼1가|2|50|3|7|201|28862|501|6307.0|4879|3159807
202407|ADM|45|44130|28110000|부산|성남시|인계동|2711000000|인계동|1|35|0|5|346|33009|265|5658.0|4448|1499370
202407|ADM|43|26110|46110000|서울|수원시|인계동|4611000000|인계동|2|55|0|5|23|41534|521|5611.0|5354|2923331
202407|CNTY_GU|26|28110|11110000|서울|서초구|인계동|1120000000|서초1동|2|20|3|2|316|18294|136|4319.0|3152|587384
202407|ADM|44|11140|26110000|부산|서초구|서초동|1114000000|역삼1가|1|45|2|3|861|45722|265|3592.0|2974|951880
202407|ADM|47|46110|46110000|인천|성남시|서초동|4511000000|인계동|2|70|0|3|346|44736|460|3140.0|2940|1444400
202407|CNTY_GU|42|43110|11110000|대구|성남시|서초동|4511000000|역삼1가|1|60|1|10|844|31099|406|7399.0|5259|3003994
202407|CNTY_GU|26|27110|11110000|경기|강남구|역삼동|4511000000|인계동|1|30|0|6|736|41617|331|4018.0|3443|1329958
202407|PRVNC|27|26140|45110000|서울|성남시|인계동|4113000000|서초1동|1|40|2|1|46|9692|251|3468.0|2448|870468
202407|CNTY_GU|43|42110|41150000|대구|수원시|역삼동|2611000000|서초1동|1|65|2|3|890|27496|591|3015.0|2582|1781865
202407|ADM|41|11200|11110000|인천|서초구|인계동|1114000000|서초1동|1|25|1|10|232|32817|713|3760.0|3506|2680880
202407|ADM|47|42110|11170000|인천|서초구|서초동|4115000000|인계동|1|55|2|2|397|12119|195|2581.0|2335|503295
202407|ADM|45|27110|41150000|서울|수원시|역삼동|1114000000|역삼1가|1|25|0|1|373|36064|14|2043.0|1458|28602
202407|CNTY_GU|26|41110|11170000|서울|수원시|인계동|2611000000|역삼1가|2|35|1|2|781|11324|678|3027.0|2287|2052306
202407|ADM|45|27110|45110000|인천|서초구|인계동|1111000000|역삼1가|1|70|0|8|930|42618|262|7408.0|5433|1940896
202407|CNTY_GU|43|27110|11110000|부산|서초구|서초동|4711000000|인계동|1|65|0|6|138|44785|410|1885.0|1555|772850
202407|PRVNC|45|26140|11110000|부산|서초구|서초동|2614000000|역삼1가|1|40|0|1|40|5557|608|1604.0|1380|975232
202407|ADM|45|26110|11110000|대구|서초구|서초동|4111000000|서초1동|1|55|3|3|390|10316|184|2092.0|1656|384928
202407|ADM|44|43110|26110000|서울|수원시|역삼동|4113000000|역삼1가|1|45|0|9|973|28880|798|5914.0|5322|4719372
202407|CNTY_GU|43|11200|46110000|대구|성남시|인계동|4113000000|인계동|2|20|2|6|239|25908|42|5980.0|4242|251160
202407|CNTY_GU|27|43110|44130000|대구|서초구|역삼동|4413000000|인계동|2|60|2|8|273|24676|297|2932.0|2151|870804
202407|ADM|41|43110|11200000|경기|강남구|서초동|4115000000|서초1동|1|60|2|2|465|38828|44|3720.0|2700|163680
202407|CNTY_GU|42|11110|43110000|서울|성남시|인계동|4115000000|인계동|2|70|1|1|435|39381|265|3516.0|3087|931740
202407|CNTY_GU|27|42110|45110000|서울|성남시|역삼동|4611000000|서초1동|1|25|1|8|64|9939|328|1105.0|785|362440
202407|ADM|43|26140|26110000|경기|강남구|인계동|4111000000|역삼1가|1|30|0|8|2|16728|594|2677.0|2074|1590138
202407|ADM|11|42110|27110000|서울|성남시|서초동|2611000000|인계동|1|35|0|2|840|21074|608|6392.0|6365|3886336
202407|CNTY_GU|47|41130|26140000|인천|성남시|서초동|2611000000|서초1동|1|50|0|7|129|47853|689|3571.0|2823|2460419
202407|CNTY_GU|27|11200|27110000|부산|성남시|역삼동|4711000000|서초1동|2|70|1|6|763|5850|63|1374.0|1064|86562
202407|CNTY_GU|26|45110|47110000|서울|강남구|인계동|4115000000|역삼1가|2|60|1|5|209|28395|427|3514.0|3043|1500478
202407|ADM|45|46110|27110000|대구|성남시|인계동|4611000000|서초1동|2|65|0|6|859|7330|241|7130.0|5004|1718330
202407|CNTY_GU|44|26140|11170000|서울|성남시|서초동|4711000000|인계동|1|70|1|10|982|16499|661|6617.0|4919|4373837
202407|PRVNC|11|27110|11140000|인천|서초구|인계동|4115000000|인계동|1|60|0|10|505|16937|93|6829.0|6438|635097
202407|ADM|42|11110|41110000|서울|성남시|역삼동|4611000000|인계동|2|45|0|10|983|15420|706|7684.0|5901|5424904
202407|ADM|46|11110|41150000|부산|수원시|인계동|4711000000|역삼1가|2|30|0|1|883|46232|623|2714.0|2021|1690822
202407|CNTY_GU|42|45110|27110000|부산|서초구|인계동|2711000000|역삼1가|1|35|1|5|256|30655|265|1670.0|1211|442550
202407|ADM|44|46110|41130000|서울|강남구|역삼동|2711000000|서초1동|2|50|2|2|593|42010|467|2425.0|2022|1132475
202407|ADM|45|43110|41110000|서울|성남시|인계동|4111000000|역삼1가|2|70|0|1|878|18213|238|2247.0|2180|534786
202407|ADM|47|45110|41130000|서울|강남구|인계동|4115000000|인계동|2|45|0|10|686|21288|799|1233.0|961|985167
202407|ADM|44|41130|28110000|부산|강남구|서초동|2811000000|인계동|2|45|0|8|107|18884|85|6803.0|5849|578255
202407|CNTY_GU|44|26140|41110000|서울|서초구|인계동|4113000000|역삼1가|2|45|0|8|788|41640|685|6026.0|5598|4127810
202407|ADM|43|41130|11200000|경기|서초구|역삼동|4113000000|인계동|2|60|2|6|419|44118|105|6315.0|4610|663075
202407|CNTY_GU|42|27110|11200000|부산|서초구|서초동|4113000000|서초1동|1|55|3|4|657|49699|760|2589.0|2309|1967640
202407|CNTY_GU|11|43110|44130000|대구|수원시|역삼동|2711000000|인계동|2|45|2|6|520|16291|438|5331.0|3847|2334978
202407|ADM|27|11200|45110000|서울|성남시|역삼동|2614000000|서초1동|1|50|1|2|952|11247|761|7981.0|6188|6073541
202407|CNTY_GU|11|41110|41150000|부산|성남시|서초동|1120000000|서초1동|2|30|1|5|151|9442|87|3057.0|2843|265959
202407|ADM|27|45110|11170000|서울|서초구|인계동|4311000000|서초1동|1|20|0|2|334|15429|22|4020.0|3035|88440
202407|PRVNC|43|41150|41130000|경기|서초구|인계동|1120000000|역삼1가|1|40|2|5|610|12318|587|2557.0|2556|1500959
202407|ADM|46|11140|26110000|경기|서초구|인계동|1117000000|서초1동|1|70|3|2|305|49143|629|7700.0|6407|4843300
202407|CNTY_GU|46|47110|47110000|부산|강남구|역삼동|4511000000|인계동|1|55|0|5|484|41585|374|7601.0|6066|2842774
202407|CNTY_GU|11|41130|26140000|서울|수원시|서초동|4511000000|서초1동|1|25|0|7|804|27563|684|5081.0|4197|3475404
202407|ADM|42|11200|42110000|서울|성남시|인계동|4111000000|역삼1가|1|45|1|1|994|32816|691|2739.0|1985|1892649
202407|ADM|41|43110|45110000|서울|성남시|서초동|4115000000|역삼1가|1|30|0|5|887|12016|492|2479.0|1826|1219668
202407|ADM|43|41150|28110000|경기|서초구|인계동|1117000000|인계동|1|55|3|1|242|44850|534|2937.0|2388|1568358
202407|CNTY_GU|11|11170|28110000|서울|서초구|인계동|1114000000|서초1동|1|50|2|6|779|21627|69|5713.0|5310|394197
202407|ADM|47|44130|45110000|경기|성남시|인계동|4113000000|인계동|1|55|1|1|949|49617|297|3319.0|2325|985743
202407|CNTY_GU|27|28110|45110000|경기|서초구|서초동|2811000000|역삼1가|1|60|2|9|698|8891|474|5204.0|3882|2466696
202407|ADM|27|11170|46110000|부산|성남시|인계동|4211000000|인계동|2|40|0|3|390|39006|187|5794.0|4265|1083478
202407|CNTY_GU|44|11170|46110000|인천|수원시|서초동|4511000000|서초1동|1|35|2|4|418|27387|410|4554.0|3812|1867140
202407|ADM|43|46110|11200000|서울|성남시|서초동|1117000000|역삼1가|2|25|0|1|942|23272|301|4896.0|4041|1473696
202407|ADM|42|26140|11140000|부산|강남구|인계동|1114000000|인계동|2|70|2|3|453|44557|768|3581.0|3175|2750208
202407|CNTY_GU|45|26110|27110000|인천|강남구|인계동|4711000000|서초1동|2|20|0|10|535|23925|362|6169.0|4922|2233178
202407|CNTY_GU|11|42110|43110000|대구|수원시|역삼동|1120000000|인계동|2|55|1|4|903|9003|459|4892.0|3683|2245428
202407|PRVNC|47|44130|43110000|부산|강남구|역삼동|1117000000|서초1동|1|65|1|8|463|14021|617|5293.0|4729|3265781
202407|CNTY_GU|11|11140|41130000|인천|수원시|서초동|4211000000|서초1동|1|45|0|10|548|23026|753|7636.0|6902|5749908
202407|ADM|46|41150|42110000|대구|성남시|역삼동|4111000000|역삼1가|2|20|0|6|55|37737|254|6236.0|5452|1583944
202407|ADM|43|41130|42110000|서울|서초구|인계동|4113000000|서초1동|2|55|1|1|296|46418|21|4895.0|4350|102795
202407|ADM|43|41130|11170000|서울|성남시|서초동|1111000000|인계동|1|35|0|4|728|5388|135|7103.0|5806|958905
202407|PRVNC|43|11140|44130000|서울|성남시|인계동|4711000000|역삼1가|1|35|0|7|819|8674|548|1441.0|1070|789668
202407|PRVNC|44|46110|28110000|대구|서초구|서초동|4413000000|역삼1가|1|50|0|9|163|49388|470|4821.0|4730|2265870
202407|PRVNC|26|47110|28110000|부산|성남시|역삼동|4711000000|서초1동|2|30|0|5|899|48270|633|7917.0|5769|5011461
202407|CNTY_GU|46|28110|28110000|부산|수원시|인계동|1114000000|인계동|2|40|0|4|752|49435|313|2754.0|2586|862002
202407|ADM|43|42110|42110000|서울|서초구|서초동|1117000000|인계동|2|55|0|8|378|6893|711|5390.0|4529|3832290
202407|CNTY_GU|41|28110|26110000|경기|강남구|역삼동|4311000000|역삼1가|1|55|2|10|620|33279|307|3820.0|3274|1172740
202407|CNTY_GU|27|27110|43110000|부산|강남구|서초동|1117000000|서초1동|1|65|0|8|978|39792|489|1806.0|1401|883134
202407|ADM|45|41130|26110000|서울|수원시|역삼동|2614000000|서초1동|2|55|3|6|853|30944|282|2107.0|1999|594174
202407|ADM|46|41110|45110000|서울|수원시|역삼동|2711000000|서초1동|2|25|2|8|961|48688|363|1138.0|1077|413094
202407|PRVNC|43|46110|42110000|부산|수원시|인계동|4111000000|역삼1가|1|25|3|4|468|17737|412|7462.0|6744|3074344
202407|CNTY_GU|27|41130|11140000|경기|강남구|서초동|1120000000|서초1동|1|60|3|9|133|33876|415|2724.0|2150|1130460
202407|PRVNC|41|47110|45110000|부산|서초구|역삼동|4413000000|인계동|1|50|2|1|612|29324|368|4065.0|3222|1495920
202407|CNTY_GU|45|26110|11170000|경기|성남시|인계동|1114000000|서초1동|2|30|2|9|698|21803|3|4805.0|4363|14415
202407|PRVNC|42|47110|45110000|서울|강남구|역삼동|4711000000|서초1동|1|50|2|8|429|24340|743|6849.0|4838|5088807
202407|CNTY_GU|41|42110|27110000|인천|성남시|서초동|4711000000|인계동|2|35|0|1|462|33879|175|6060.0|6054|1060500
202407|CNTY_GU|47|45110|11110000|경기|서초구|인계동|1117000000|서초1동|2|25|3|2|544|6299|222|7586.0|5421|1684092
202407|CNTY_GU|46|41110|11170000|인천|수원시|역삼동|4211000000|역삼1가|1|35|0|10|791|7233|235|7204.0|6066|1692940
202407|PRVNC|43|41110|26140000|서울|성남시|역삼동|4511000000|서초1동|2|35|2|4|397|38674|251|3516.0|3343|882516
202407|ADM|11|11170|42110000|대구|성남시|서초동|2611000000|인계동|2|45|0|4|894|18662|585|2477.0|2172|1449045
202407|CNTY_GU|47|26110|43110000|대구|강남구|서초동|1120000000|역삼1가|1|70|0|10|724|9048|253|1895.0|1579|479435
202407|ADM|47|11140|43110000|인천|강남구|인계동|4511000000|인계동|1|45|2|7|955|33339|619|1953.0|1577|1208907
202407|CNTY_GU|47|47110|41130000|경기|서초구|서초동|1114000000|역삼1가|1|70|1|1|561|12587|743|6466.0|4935|4804238
202407|ADM|26|26140|42110000|인천|수원시|역삼동|4611000000|서초1동|2|45|2|2|744|46294|92|1273.0|1184|117116
202407|ADM|44|11170|46110000|인천|강남구|서초동|4511000000|서초1동|1|50|2|2|214|22651|27|5148.0|4677|138996
202407|ADM|44|43110|11170000|서울|서초구|역삼동|4211000000|서초1동|1|55|0|4|184|10991|360|5624.0|5340|2024640
202407|PRVNC|11|11110|46110000|부산|서초구|인계동|2614000000|서초1동|2|35|3|5|943|41403|47|6219.0|5781|292293
202407|ADM|26|44130|47110000|대구|성남시|역삼동|4311000000|역삼1가|1|65|0|7|683|30080|728|1242.0|915|904176
202407|ADM|47|41130|11170000|서울|성남시|역삼동|4413000000|역삼1가|2|20|3|1|338|48960|710|3676.0|2588|2609960
202407|CNTY_GU|26|43110|26140000|부산|서초구|서초동|2614000000|서초1동|1|55|2|8|858|8715|523|7145.0|5412|3736835
202407|PRVNC|45|41150|11140000|부산|성남시|인계동|4611000000|인계동|1|50|1|7|664|34209|179|1045.0|737|187055
202407|CNTY_GU|46|44130|42110000|서울|서초구|역삼동|4311000000|인계동|2|60|1|8|292|46855|319|6994.0|6737|2231086
202407|CNTY_GU|42|42110|41150000|인천|수원시|인계동|4115000000|역삼1가|2|70|0|9|433|36314|482|6565.0|5280|3164330
202407|CNTY_GU|42|44130|26140000|서울|서초구|인계동|2811000000|인계동|2|55|0|8|762|23668|607|5272.0|5183|3200104
202407|CNTY_GU|42|27110|28110000|부산|강남구|역삼동|2614000000|역삼1가|1|40|0|5|977|18691|326|7566.0|5590|2466516
202407|ADM|43|26140|11140000|부산|성남시|서초동|1111000000|서초1동|1|70|1|9|973|45891|275|1388.0|1248|381700
202407|ADM|11|45110|26110000|부산|강남구|역삼동|1117000000|서초1동|2|30|2|6|623|6052|156|7113.0|5160|1109628
202407|CNTY_GU|11|26140|11170000|부산|강남구|서초동|2811000000|역삼1가|2|45|3|10|684|14473|248|1531.0|1394|379688
202407|ADM|46|42110|26110000|경기|서초구|인계동|1117000000|역삼1가|2|20|2|6|387|21708|693|6328.0|4463|4385304
202407|ADM|41|11170|11140000|인천|수원시|역삼동|1111000000|인계동|2|45|3|7|747|47914|448|5663.0|4109|2537024
202407|CNTY_GU|47|45110|41150000|서울|성남시|인계동|4115000000|서초1동|2|50|0|4|548|47731|410|3222.0|2508|1321020
202407|ADM|11|26140|11200000|인천|강남구|서초동|1117000000|인계동|1|60|2|3|717|30100|399|4020.0|3491|1603980
202407|CNTY_GU|26|45110|26110000|서울|서초구|인계동|4111000000|인계동|1|30|0|10|959|17936|452|2933.0|2500|1325716
202407|CNTY_GU|42|47110|11110000|인천|성남시|역삼동|4113000000|서초1동|2|70|0|9|977|23119|748|2627.0|2340|1964996
202407|CNTY_GU|45|46110|11140000|인천|수원시|인계동|4211000000|인계동|1|40|1|1|680|47922|13|3265.0|3080|42445
202407|ADM|26|42110|43110000|부산|강남구|역삼동|4113000000|인계동|2|50|1|8|692|16089|633|5119.0|3707|3240327
202407|CNTY_GU|43|41150|46110000|인천|성남시|인계동|1114000000|서초1동|1|70|3|9|408|36768|460|5360.0|4617|2465600
202407|CNTY_GU|27|28110|28110000|경기|성남시|서초동|4711000000|서초1동|1|50|1|10|163|33363|520|4223.0|3294|2195960
202407|PRVNC|26|11140|42110000|대구|강남구|서초동|2611000000|인계동|2|35|0|8|366|6691|104|6167.0|5236|641368
202407|ADM|27|42110|43110000|서울|서초구|인계동|1117000000|서초1동|2|40|1|6|506|20997|664|6462.0|4678|4290768
202407|CNTY_GU|44|11200|45110000|서울|서초구|인계동|1120000000|역삼1가|1|35|0|5|210|39823|730|4078.0|3377|2976940
202407|ADM|46|41130|11140000|부산|성남시|인계동|2611000000|역삼1가|2|20|3|4|208|32118|640|1593.0|1286|1019520
202407|CNTY_GU|45|11200|11170000|서울|수원시|역삼동|4611000000|인계동|1|35|0|9|395|24271|362|4256.0|4154|1540672
202407|CNTY_GU|11|27110|26110000|인천|서초구|역삼동|4311000000|인계동|1|55|0|9|352|47632|297|5693.0|4137|1690821
202407|CNTY_GU|43|41110|11170000|부산|성남시|서초동|2611000000|서초1동|1|25|1|1|970|8571|771|5123.0|3741|3949833
202407|ADM|27|41110|44130000|인천|강남구|서초동|2611000000|역삼1가|1|60|1|6|219|48182|525|3153.0|2636|1655325
202407|ADM|26|11170|43110000|부산|수원시|역삼동|1111000000|서초1동|1|55|1|4|727|47148|2|2589.0|2551|5178
202407|PRVNC|45|45110|11110000|경기|수원시|인계동|1111000000|서초1동|1|60|2|9|924|42351|692|7489.0|6998|5182388
202407|PRVNC|47|26140|28110000|부산|성남시|역삼동|1114000000|역삼1가|2|40|0|10|689|44198|372|7785.0|6199|2896020
202407|PRVNC|26|41150|41150000|경기|강남구|서초동|4711000000|역삼1가|1|50|1|4|796|34330|747|0.0|0|0
202407|PRVNC|42|11200|46110000|경기|서초구|인계동|4111000000|역삼1가|1|65|0|9|558|44331|17|2941.0|2128|49997
202407|CNTY_GU|47|43110|42110000|인천|성남시|역삼동|2711000000|인계동|2|45|2|5|459|16558|404|1817.0|1807|734068
202407|CNTY_GU|47|44130|45110000|서울|서초구|역삼동|1111000000|서초1동|1|60|1|10|821|39835|14|7856.0|5924|109984
202407|CNTY_GU|26|11140|42110000|서울|강남구|인계동|4711000000|역삼1가|2|65|0|7|401|24635|563|2672.0|2002|1504336
202407|ADM|41|42110|26140000|대구|강남구|인계동|2611000000|역삼1가|1|55|0|7|993|34579|536|1734.0|1219|929424
202407|ADM|27|11110|47110000|인천|서초구|인계동|2811000000|서초1동|2|50|3|5|781|6592|365|1849.0|1457|674885
202407|CNTY_GU|43|44130|45110000|경기|서초구|역삼동|4113000000|역삼1가|1|25|3|2|916|35512|5|5000.0|3599|25000
202407|ADM|47|28110|11200000|인천|성남시|역삼동|4413000000|역삼1가|1|55|3|3|402|30859|597|2737.0|2679|1633989
202407|ADM|43|11110|11140000|인천|서초구|인계동|1114000000|역삼1가|1|50|1|10|182|38190|762|6971.0|5625|5311902
202407|CNTY_GU|46|43110|44130000|인천|수원시|역삼동|2711000000|서초1동|1|35|0|2|342|45160|624|6942.0|5963|4331808
202407|CNTY_GU|26|42110|11110000|서울|서초구|인계동|4111000000|역삼1가|1|45|0|5|734|26298|775|1756.0|1363|1360900
202407|ADM|45|43110|44130000|경기|강남구|인계동|2711000000|서초1동|2|50|1|2|181|24808|340|6972.0|5194|2370480
202407|ADM|47|11110|26140000|경기|수원시|인계동|4413000000|서초1동|1|40|1|10|537|34968|191|5213.0|3752|995683
202407|ADM|43|46110|26110000|서울|서초구|역삼동|1114000000|서초1동|2|35|3|8|950|6546|9|1931.0|1621|17379
202407|CNTY_GU|44|27110|47110000|대구|강남구|인계동|4413000000|인계동|1|65|0|7|591|15599|649|1844.0|1477|1196756
202407|ADM|11|44130|26140000|인천|강남구|인계동|1117000000|인계동|1|35|0|3|702|22244|781|1801.0|1560|1406581
202407|ADM|46|11110|41150000|서울|성남시|역삼동|1120000000|서초1동|1|55|0|8|546|5906|679|2452.0|2384|1664908
202407|ADM|41|41150|27110000|인천|성남시|인계동|1114000000|인계동|2|50|1|6|380|38156|69|2986.0|2961|206034
202407|CNTY_GU|11|44130|41150000|대구|강남구|서초동|1120000000|역삼1가|2|25|1|3|914|35438|108|1915.0|1872|206820
202407|PRVNC|44|43110|42110000|부산|강남구|역삼동|4115000000|역삼1가|1|70|2|4|161|33136|81|5763.0|4557|466803
202407|ADM|11|26110|41110000|부산|성남시|서초동|4511000000|서초1동|1|40|0|4|541|32819|651|3570.0|2563|2324070
202407|ADM|45|11170|11110000|대구|성남시|서초동|4511000000|서초1동|2|45|3|3|75|24408|494|4121.0|3540|2035774
202407|CNTY_GU|42|41150|11110000|부산|서초구|역삼동|4311000000|역삼1가|1|35|0|1|93|25530|691|2815.0|2506|1945165
202407|ADM|44|47110|41110000|경기|성남시|역삼동|4211000000|인계동|1|45|1|3|315|12472|704|5292.0|3897|3725568
202407|ADM|47|11140|41110000|서울|강남구|서초동|2711000000|서초1동|1|60|1|8|807|46907|299|7473.0|6829|2234427
202407|ADM|43|47110|11110000|부산|강남구|인계동|1117000000|역삼1가|2|65|0|3|529|34475|765|6948.0|4973|5315220
202407|ADM|46|11110|42110000|인천|수원시|인계동|4413000000|역삼1가|2|45|3|4|346|35384|555|7850.0|6044|4356750
202407|ADM|43|26140|28110000|부산|성남시|인계동|4311000000|역삼1가|2|60|2|2|660|23336|769|4337.0|4266|3335153
202407|ADM|46|46110|41150000|서울|강남구|인계동|1114000000|서초1동|1|45|1|1|52|14150|215|2945.0|2727|633175
202407|CNTY_GU|42|41110|46110000|대구|수원시|역삼동|2611000000|서초1동|1|45|0|1|439|14838|429|1410.0|1318|604890
202407|CNTY_GU|45|46110|41130000|부산|수원시|서초동|1120000000|서초1동|1|40|3|1|422|10319|461|6475.0|6267|2984975
202407|PRVNC|41|41110|11110000|대구|성남시|인계동|4211000000|인계동|2|50|0|3|761|14596|678|3297.0|2635|2235366
202407|ADM|44|26110|28110000|경기|성남시|역삼동|4115000000|역삼1가|1|65|0|4|817|27242|449|6449.0|5700|2895601
202407|ADM|47|44130|26140000|인천|수원시|역삼동|2614000000|역삼1가|2|20|0|10|872|37107|276|6387.0|5758|1762812
202407|ADM|44|47110|44130000|서울|수원시|서초동|4115000000|인계동|1|25|3|10|509|26119|99|3338.0|2987|330462
202407|CNTY_GU|27|28110|11200000|부산|강남구|인계동|4711000000|역삼1가|1|25|1|6|347|28906|723|7239.0|5505|5233797
202407|ADM|41|11140|28110000|대구|성남시|인계동|4115000000|역삼1가|2|70|2|1|51|13286|744|2587.0|1855|1924728
202407|PRVNC|26|11140|41110000|서울|강남구|서초동|4111000000|서초1동|2|30|0|10|326|47551|796|7689.0|6223|6120444
202407|ADM|46|11200|43110000|서울|서초구|역삼동|4311000000|서초1동|2|70|3|5|947|16031|751|6397.0|6231|4804147
202407|ADM|45|11110|11170000|서울|강남구|인계동|4115000000|서초1동|2|70|0|3|997|15812|770|4451.0|3964|3427270
202407|CNTY_GU|41|28110|41110000|경기|수원시|역삼동|2711000000|인계동|2|65|3|8|812|49548|758|3173.0|2574|2405134
202407|CNTY_GU|47|43110|26110000|경기|강남구|인계동|4211000000|역삼1가|1|45|1|2|233|36073|707|3636.0|2950|2570652
202407|CNTY_GU|41|41150|46110000|경기|서초구|인계동|2611000000|역삼1가|1|50|2|4|271|10146|430|1042.0|916|448060
202407|ADM|44|44130|47110000|경기|수원시|인계동|2711000000|역삼1가|1|30|1|6|723|38679|565|6242.0|6151|3526730
202407|CNTY_GU|26|27110|11170000|인천|서초구|서초동|4115000000|역삼1가|2|40|0|4|718|48525|202|3318.0|2614|670236
202407|ADM|43|27110|44130000|인천|수원시|서초동|2711000000|서초1동|2|40|1|6|16|40929|559|4848.0|4005|2710032
202407|PRVNC|11|28110|43110000|경기|성남시|서초동|4711000000|역삼1가|1|35|2|4|966|11451|592|5713.0|5706|3382096
202407|ADM|46|44130|47110000|경기|서초구|인계동|1114000000|인계동|2|45|1|3|420|49527|345|0.0|0|0
202407|ADM|27|11170|11170000|부산|서초구|서초동|2811000000|인계동|2|40|2|1|189|35968|530|3037.0|2580|1609610
202407|CNTY_GU|26|11110|26110000|부산|성남시|서초동|4111000000|서초1동|2|55|3|2|450|46941|339|6250.0|5610|2118750
202407|ADM|26|47110|46110000|경기|강남구|역삼동|1114000000|서초1동|2|70|2|1|923|31311|700|3137.0|2909|2195900
202407|ADM|26|41110|41130000|부산|서초구|서초동|2711000000|서초1동|1|45|1|1|575|28258|158|1419.0|1154|224202
202407|ADM|43|11170|45110000|서울|성남시|역삼동|4413000000|서초1동|1|30|0|8|188|5801|682|2198.0|2092|1499036
202407|CNTY_GU|42|43110|41110000|부산|강남구|인계동|4311000000|서초1동|2|30|1|5|634|49917|615|1556.0|1200|956940
202407|CNTY_GU|41|11140|27110000|인천|서초구|서초동|2811000000|인계동|2|60|0|9|238|31291|224|2625.0|1898|588000
202407|ADM|46|26140|27110000|인천|성남시|역삼동|1120000000|서초1동|1|20|0|1|731|45411|132|7918.0|6831|1045176
202407|CNTY_GU|41|11170|44130000|인천|성남시|서초동|1120000000|인계동|1|25|0|3|452|28018|468|6048.0|5315|2830464
202407|ADM|47|41150|47110000|서울|수원시|서초동|1120000000|역삼1가|2|50|1|10|165|8541|749|5070.0|4018|3797430
202407|ADM|42|11200|11140000|경기|서초구|역삼동|1114000000|서초1동|2|65|1|10|13|44092|352|6001.0|4712|2112352
202407|ADM|45|42110|26140000|서울|성남시|인계동|4115000000|역삼1가|1|55|3|9|459|40866|213|5278.0|4437|1124214
202407|ADM|41|11140|42110000|경기|서초구|인계동|4511000000|인계동|1|30|2|1|494|27963|743|7068.0|5981|5251524
202407|CNTY_GU|43|11200|27110000|경기|서초구|역삼동|2611000000|인계동|2|70|0|1|159|25956|505|5250.0|4919|2651250
202407|ADM|26|26110|46110000|부산|성남시|인계동|4711000000|역삼1가|1|50|0|7|311|23931|328|4405.0|3923|1444840
202407|ADM|42|44130|11110000|부산|수원시|역삼동|4711000000|서초1동|2|50|3|3|101|30883|337|1373.0|1306|462701
202407|CNTY_GU|26|11110|11110000|대구|성남시|인계동|4311000000|서초1동|2|60|0|4|66|16303|53|4363.0|3955|231239
202407|ADM|44|11140|26140000|서울|서초구|서초동|1117000000|서초1동|2|50|3|6|477|29305|668|3520.0|2703|2351360
202407|ADM|46|11200|27110000|서울|강남구|서초동|2614000000|서초1동|1|65|0|5|483|6653|393|4324.0|4102|1699332
202407|ADM|44|45110|42110000|인천|성남시|역삼동|2711000000|서초1동|1|35|1|2|313|14968|4|7990.0|6148|31960
202407|ADM|41|11200|11200000|경기|서초구|인계동|4211000000|서초1동|1|25|2|4|522|21669|186|3142.0|2739|584412
202407|ADM|27|42110|41150000|경기|성남시|서초동|1114000000|인계동|1|35|0|6|187|20123|67|7173.0|5538|480591
202407|CNTY_GU|41|11110|41110000|대구|서초구|서초동|2614000000|서초1동|1|45|0|1|820|20700|11|7739.0|6615|85129
202407|CNTY_GU|42|45110|11200000|서울|서초구|서초동|4611000000|서초1동|2|55|0|3|362|18926|492|4160.0|3393|2046720
202407|ADM|46|11140|44130000|경기|수원시|역삼동|1120000000|서초1동|2|70|3|9|996|36326|4|1565.0|1338|6260
202407|ADM|44|26140|11200000|경기|성남시|서초동|1111000000|역삼1가|1|30|1|4|84|35083|585|2395.0|2034|1401075
202407|CNTY_GU|41|42110|27110000|경기|수원시|역삼동|4413000000|서초1동|2|45|0|8|908|20366|539|6107.0|5047|3291673
202407|ADM|41|44130|47110000|부산|서초구|인계동|4113000000|역삼1가|1|65|0|5|169|5674|413|6894.0|6447|2847222
202407|ADM|45|44130|26140000|인천|수원시|역삼동|4311000000|역삼1가|1|60|3|1|180|5191|96|4344.0|4064|417024
202407|PRVNC|45|11110|26110000|인천|강남구|역삼동|4711000000|서초1동|1|55|0|9|448|26747|450|1449.0|1197|652050
202407|ADM|27|11200|28110000|서울|수원시|서초동|4511000000|서초1동|2|30|0|7|860|26682|305|7471.0|7138|2278655
202407|PRVNC|42|11140|26110000|대구|수원시|역삼동|2614000000|인계동|2|50|1|8|723|42660|89|6559.0|5308|583751
202407|ADM|11|43110|26110000|서울|강남구|서초동|4511000000|인계동|1|35|2|4|743|29335|225|1318.0|1150|296550
202407|CNTY_GU|45|26110|26110000|서울|수원시|서초동|4611000000|역삼1가|1|40|0|4|188|6391|553|6136.0|4501|3393208
202407|ADM|45|27110|44130000|서울|수원시|역삼동|4413000000|서초1동|1|30|0|2|822|29411|653|5801.0|5522|3788053
202407|PRVNC|27|41110|26110000|인천|성남시|인계동|1111000000|역삼1가|2|45|1|4|615|40274|248|2003.0|1505|496744
202407|CNTY_GU|43|26140|11170000|대구|서초구|서초동|4211000000|서초1동|2|45|3|3|257|11436|558|4067.0|3611|2269386
202407|ADM|26|41110|41150000|대구|수원시|서초동|1114000000|역삼1가|2|30|0|8|741|16764|796|7654.0|7522|6092584
202407|ADM|26|42110|43110000|서울|성남시|서초동|1111000000|역삼1가|1|20|1|1|731|26900|90|1066.0|855|95940
202407|PRVNC|43|44130|11110000|인천|강남구|서초동|2811000000|인계동|1|40|0|5|578|32908|302|4870.0|3717|1470740
202407|CNTY_GU|42|44130|11170000|부산|수원시|인계동|1117000000|서초1동|1|35|3|2|683|7197|8|3961.0|3417|31688
202407|CNTY_GU|11|11170|44130000|인천|성남시|역삼동|2811000000|서초1동|1|40|0|9|992|24973|135|4864.0|4646|656640
202407|ADM|45|41150|41110000|경기|서초구|인계동|2611000000|인계동|1|60|0|5|503|33096|656|4200.0|4060|2755200
202407|CNTY_GU|41|47110|11200000|경기|강남구|역삼동|2614000000|인계동|1|30|0|3|583|32614|655|1093.0|839|715915
202407|ADM|47|41110|45110000|서울|성남시|인계동|1114000000|서초1동|2|30|0|9|832|32086|746|6123.0|6073|4567758
202407|CNTY_GU|47|41150|11110000|인천|강남구|서초동|1111000000|인계동|1|45|3|7|735|10775|501|7969.0|6977|3992469
202407|CNTY_GU|41|28110|41110000|경기|강남구|인계동|1120000000|역삼1가|2|60|2|6|277|34189|769|5589.0|4989|4297941
202407|ADM|11|26140|43110000|대구|성남시|역삼동|2611000000|서초1동|1|50|0|9|640|21049|586|7765.0|6015|4550290
202407|ADM|42|26140|11200000|경기|수원시|인계동|1117000000|서초1동|1|65|3|6|401|17952|97|6014.0|4853|583358
202407|ADM|41|43110|42110000|인천|수원시|역삼동|2614000000|역삼1가|1|60|1|8|798|12884|374|6636.0|4863|2481864
202407|CNTY_GU|45|44130|11110000|인천|수원시|역삼동|4711000000|서초1동|1|40|1|9|400|18514|314|6175.0|5707|1938950
202407|CNTY_GU|45|26110|46110000|서울|성남시|역삼동|4711000000|역삼1가|1|40|0|7|775|45535|78|1647.0|1327|128466
202407|CNTY_GU|11|43110|41130000|부산|수원시|인계동|4413000000|역삼1가|2|65|0|9|570|10398|100|4891.0|4320|489100
202407|CNTY_GU|26|26110|45110000|경기|서초구|서초동|1111000000|인계동|2|70|2|2|328|21001|762|1459.0|1359|1111758
202407|CNTY_GU|43|44130|41130000|인천|성남시|서초동|1111000000|역삼1가|2|50|3|7|30|28637|747|5861.0|5165|4378167
202407|CNTY_GU|27|11200|11170000|인천|강남구|서초동|4115000000|역삼1가|1|55|0|3|278|26031|781|2879.0|2158|2248499
202407|ADM|43|45110|46110000|경기|서초구|서초동|1111000000|역삼1가|2|40|0|5|471|11554|363|4706.0|3471|1708278
202407|CNTY_GU|26|42110|11200000|서울|강남구|서초동|4711000000|서초1동|1|50|1|5|100|39974|298|7348.0|6123|2189704
202407|ADM|26|46110|46110000|경기|성남시|인계동|4311000000|인계동|1|55|3|3|93|35615|728|4695.0|3896|3417960
202407|ADM|42|46110|46110000|인천|서초구|서초동|4113000000|인계동|1|70|0|7|839|42753|153|2252.0|1800|344556
202407|ADM|42|46110|42110000|부산|서초구|서초동|2611000000|인계동|1|40|1|2|103|13085|364|7275.0|5218|2648100
202407|CNTY_GU|45|11170|11140000|경기|강남구|서초동|1117000000|인계동|2|50|0|9|251|31373|604|6737.0|5085|4069148
202407|ADM|47|43110|11140000|서울|성남시|서초동|4611000000|역삼1가|2|20|2|7|765|47089|75|1181.0|1016|88575
202407|ADM|46|27110|46110000|대구|성남시|서초동|2611000000|역삼1가|1|65|1|10|418|23117|215|4449.0|4376|956535
202407|ADM|45|27110|41110000|서울|수원시|서초동|4711000000|인계동|1|70|1|9|327|5428|287|7444.0|5715|2136428
202407|CNTY_GU|11|44130|11200000|인천|성남시|인계동|4113000000|역삼1가|1|50|1|1|228|28650|789|4723.0|3358|3726447
202407|ADM|42|42110|11170000|인천|강남구|인계동|4311000000|인계동|2|40|2|9|173|9586|777|7290.0|5465|5664330
202407|CNTY_GU|41|47110|11200000|서울|서초구|서초동|4611000000|인계동|2|60|0|1|696|32106|188|3318.0|2913|623784
202407|ADM|45|46110|11140000|부산|수원시|서초동|2614000000|인계동|2|25|3|5|787|9518|701|6053.0|4568|4243153
202407|ADM|47|43110|47110000|대구|강남구|인계동|4611000000|역삼1가|1|50|2|10|580|30269|490|5457.0|4056|2673930
202407|CNTY_GU|41|11170|45110000|부산|수원시|인계동|4511000000|인계동|2|40|1|2|166|30978|412|6858.0|6534|2825496
202407|ADM|47|45110|11200000|부산|성남시|서초동|2711000000|서초1동|2|30|3|6|920|25542|167|5876.0|5139|981292
202407|ADM|26|11140|11170000|서울|서초구|서초동|2614000000|서초1동|2|30|1|10|384|9728|265|1275.0|1251|337875
202407|PRVNC|11|45110|26140000|인천|수원시|역삼동|4611000000|인계동|1|60|3|3|733|46446|439|4765.0|4418|2091835
202407|ADM|41|41150|44130000|대구|수원시|역삼동|4111000000|서초1동|1|45|0|6|743|41755|133|4886.0|3876|649838
202407|CNTY_GU|46|11170|41110000|인천|서초구|인계동|4211000000|역삼1가|1|70|0|1|719|32001|377|6545.0|5716|2467465
202407|ADM|26|41130|11200000|대구|수원시|인계동|1114000000|인계동|2|50|0|4|980|22722|112|3720.0|2975|416640
202407|ADM|41|11200|26140000|부산|수원시|서초동|2611000000|서초1동|1|25|2|4|633|30334|72|6240.0|4403|449280
202407|CNTY_GU|42|26110|11170000|부산|강남구|인계동|4111000000|인계동|1|40|1|2|709|27554|127|5270.0|4378|669290
202407|CNTY_GU|43|26110|11200000|인천|수원시|역삼동|2611000000|역삼1가|1|40|3|4|903|19401|605|4978.0|4932|3011690
202407|ADM|47|27110|28110000|경기|수원시|역삼동|2611000000|인계동|2|45|0|7|687|14374|427|3202.0|3007|1367254
202407|ADM|44|46110|11110000|부산|수원시|인계동|4113000000|인계동|1|40|1|6|43|11768|660|3505.0|2461|2313300
202407|CNTY_GU|45|11200|11200000|부산|성남시|서초동|4413000000|인계동|1|25|0|3|234|48036|560|5977.0|4820|3347120
202407|PRVNC|45|47110|26140000|인천|수원시|인계동|4113000000|서초1동|2|45|3|2|728|13006|39|1111.0|1006|43329
202407|CNTY_GU|44|42110|43110000|인천|성남시|서초동|4115000000|인계동|2|55|2|7|677|43358|239|4698.0|4244|1122822
202407|ADM|45|27110|47110000|부산|서초구|서초동|2611000000|인계동|2|20|2|1|289|25555|275|7321.0|5659|2013275
202407|PRVNC|41|44130|47110000|부산|강남구|서초동|4111000000|서초1동|2|20|0|8|958|8028|787|1594.0|1308|1254478
202407|ADM|27|45110|44130000|인천|서초구|역삼동|4115000000|역삼1가|2|50|1|3|133|24407|480|7590.0|6987|3643200
202407|PRVNC|26|11200|41130000|경기|성남시|인계동|4211000000|서초1동|2|50|3|3|54|20823|375|6218.0|6126|2331750
