기준년월|구분명|광역시도코드|시군구코드(개정후)|행정구역분류코드(개정후)|광역시도명|시군구명(개정후)|행정구역분류명(개정후)|법정동코드|법정동명|성별|연령구간대|직업 구분|분위코드(연소득기준)|최저 연소득 금액|최대 연소득 금액|거주자수|평균 연소득 금액|중위 연소득 금액|총연소득합계
202404|CNTY_GU|44|41130|11140000|인천|수원시|인계동|2811000000|역삼1가|2|65|1|9|617|40510|55|5910.0|5853|325050
202404|CNTY_GU|46|44130|11200000|서울|성남시|역삼동|4413000000|인계동|2|45|1|9|602|14194|558|3096.0|2811|1727568
202404|PRVNC|11|26140|28110000|부산|서초구|서초동|2611000000|서초1동|2|35|3|1|57|28605|61|5711.0|5037|348371
202404|ADM|45|41150|41150000|인천|성남시|역삼동|2811000000|서초1동|2|30|1|10|879|8714|547|0.0|0|0
202404|ADM|45|11110|41150000|서울|강남구|인계동|2611000000|역삼1가|1|55|1|9|774|47326|432|5509.0|5163|2379888
202404|ADM|45|43110|11110000|경기|수원시|역삼동|4111000000|인계동|2|60|0|7|799|7914|606|3863.0|3829|2340978
202404|CNTY_GU|47|45110|46110000|인천|수원시|인계동|1114000000|서초1동|2|45|0|9|973|33625|28|2238.0|2105|62664
202404|ADM|45|26110|28110000|대구|수원시|역삼동|4111000000|서초1동|1|35|1|6|806|28176|775|3462.0|3010|2683050
202404|CNTY_GU|41|42110|26140000|부산|서초구|서초동|4211000000|역삼1가|1|70|0|5|431|7715|76|3347.0|3029|254372
202404|ADM|26|43110|46110000|경기|강남구|역삼동|4211000000|역삼1가|2|55|1|7|629|45049|387|2696.0|2318|1043352
202404|ADM|47|26110|11200000|대구|강남구|역삼동|4115000000|인계동|2|50|2|9|884|23418|650|1733.0|1232|1126450
202404|ADM|45|11170|43110000|부산|서초구|인계동|4113000000|역삼1가|2|60|2|1|70|42012|111|3787.0|3640|420357
202404|PRVNC|42|27110|47110000|대구|강남구|인계동|4115000000|인계동|2|40|0|8|148|25729|600|4530.0|3488|2718000
202404|CNTY_GU|43|45110|26140000|인천|강남구|인계동|2811000000|역삼1가|1|55|1|4|399|13677|557|5195.0|4125|2893615
202404|CNTY_GU|43|27110|28110000|대구|강남구|인계동|4611000000|역삼1가|2|40|2|9|659|17875|1|5305.0|5170|5305
202404|ADM|11|11200|41130000|대구|서초구|서초동|4211000000|인계동|2|35|0|7|833|11477|437|2373.0|2193|1037001
202404|ADM|27|26110|45110000|부산|성남시|서초동|2614000000|서초1동|1|35|0|1|308|23402|4|2017.0|1744|8068
202404|ADM|27|26110|47110000|대구|강남구|역삼동|4115000000|역삼1가|2|65|1|6|203|32541|650|1992.0|1546|1294800
202404|CNTY_GU|44|41130|41130000|인천|서초구|인계동|2614000000|역삼1가|1|60|1|9|188|29622|125|5775.0|5469|721875
202404|ADM|42|42110|43110000|서울|서초구|인계동|4311000000|인계동|2|30|1|8|300|19820|635|5831.0|5016|3702685
202404|ADM|42|26110|45110000|경기|서초구|역삼동|2711000000|서초1동|1|25|3|7|60|20969|135|4599.0|3972|620865
202404|PRVNC|43|26140|41150000|서울|수원시|인계동|2811000000|서초1동|1|30|2|2|512|27749|587|4684.0|3545|2749508
202404|CNTY_GU|46|41110|44130000|경기|성남시|서초동|4113000000|인계동|1|35|3|10|861|17926|36|5470.0|4549|196920
202404|ADM|26|26140|41130000|부산|강남구|인계동|4711000000|인계동|1|50|3|7|422|37256|319|3465.0|2796|1105335
202404|ADM|26|28110|41130000|서울|서초구|서초동|4113000000|인계동|1|55|0|9|486|19581|706|6221.0|4902|4392026
202404|ADM|43|11140|46110000|부산|강남구|인계동|4113000000|서초1동|1|25|0|9|817|45442|382|7355.0|6193|2809610
202404|CNTY_GU|46|27110|27110000|부산|강남구|서초동|4611000000|서초1동|1|45|2|10|12|16151|25|2664.0|2536|66600
202404|PRVNC|47|44130|11200000|인천|수원시|역삼동|4413000000|인계동|1|45|3|7|973|13405|733|4229.0|3361|3099857
202404|ADM|41|28110|43110000|부산|서초구|역삼동|1111000000|역삼1가|1|35|2|6|204|47516|480|3214.0|2486|1542720
202404|ADM|41|28110|41130000|인천|강남구|인계동|2811000000|인계동|2|55|0|1|106|8145|350|3322.0|3204|1162700
202404|ADM|46|41150|41130000|부산|서초구|인계동|4211000000|서초1동|1|50|0|2|591|5566|709|3725.0|3471|2641025
202404|ADM|26|27110|26140000|부산|서초구|서초동|2614000000|역삼1가|1|55|3|7|18|15241|470|0.0|0|0
202404|CNTY_GU|41|28110|43110000|인천|서초구|서초동|2611000000|역삼1가|1|55|0|10|447|12794|480|3442.0|3111|1652160
202404|ADM|42|26110|28110000|부산|성남시|서초동|4111000000|서초1동|1|65|3|9|774|29924|547|3262.0|2366|1784314
202404|PRVNC|27|43110|42110000|부산|수원시|역삼동|1117000000|역삼1가|2|55|0|9|687|43781|142|0.0|0|0
202404|ADM|42|41130|11110000|인천|서초구|역삼동|4113000000|역삼1가|1|60|3|2|74|9045|95|2916.0|2820|277020
202404|CNTY_GU|47|11110|46110000|대구|강남구|인계동|4211000000|서초1동|1|45|0|5|727|28290|487|1678.0|1412|817186
202404|CNTY_GU|47|41130|44130000|경기|강남구|역삼동|2614000000|역삼1가|1|35|3|7|239|19744|616|7067.0|6731|4353272
202404|CNTY_GU|41|27110|41110000|서울|수원시|역삼동|4115000000|역삼1가|2|25|1|7|183|39995|768|7318.0|6372|5620224
202404|CNTY_GU|42|11110|11200000|대구|성남시|인계동|4311000000|역삼1가|1|45|2|5|349|18739|14|7243.0|5148|101402
202404|CNTY_GU|47|41110|47110000|대구|수원시|인계동|2611000000|역삼1가|2|60|0|10|444|18614|64|2283.0|1606|146112
202404|CNTY_GU|27|11140|41130000|인천|수원시|서초동|2811000000|역삼1가|1|50|0|3|298|9943|785|3888.0|2869|3052080
202404|CNTY_GU|43|11200|28110000|경기|수원시|인계동|4115000000|서초1동|1|20|0|9|532|5058|141|3034.0|3001|427794
202404|CNTY_GU|27|41150|46110000|경기|수원시|인계동|4211000000|서초1동|2|35|2|5|648|49095|456|2826.0|2789|1288656
202404|ADM|44|41110|46110000|인천|성남시|역삼동|4115000000|서초1동|2|45|0|7|77|24214|379|7420.0|5286|2812180
202404|CNTY_GU|11|26110|26110000|대구|수원시|역삼동|2611000000|서초1동|1|40|2|5|276|43448|136|1912.0|1550|260032
202404|CNTY_GU|27|45110|42110000|경기|성남시|인계동|1117000000|역삼1가|1|55|0|4|307|48700|615|5231.0|5147|3217065
202404|CNTY_GU|45|47110|26140000|부산|성남시|서초동|4111000000|인계동|1|30|2|6|607|31676|628|6012.0|5205|3775536
202404|CNTY_GU|44|11140|11110000|경기|서초구|서초동|2614000000|역삼1가|1|40|0|6|257|29702|227|1477.0|1384|335279
202404|PRVNC|27|26110|27110000|인천|서초구|역삼동|2614000000|서초1동|1|45|3|8|695|44792|676|7153.0|5445|4835428
202404|ADM|27|11110|26110000|부산|강남구|인계동|4413000000|인계동|2|70|0|1|726|38364|485|2580.0|1885|1251300
202404|CNTY_GU|45|11170|41130000|부산|서초구|인계동|2811000000|인계동|1|70|3|1|21|17842|166|3877.0|3098|643582
202404|CNTY_GU|47|27110|28110000|부산|수원시|서초동|4611000000|서초1동|2|40|1|4|631|49558|215|4790.0|4348|1029850
202404|ADM|43|11110|11200000|경기|수원시|서초동|4211000000|서초1동|1|40|0|3|367|43011|35|7124.0|6974|249340
202404|ADM|45|46110|28110000|서울|성남시|서초동|1117000000|인계동|2|70|3|8|292|5929|452|7914.0|7392|3577128
202404|ADM|45|42110|43110000|인천|강남구|서초동|1117000000|서초1동|2|65|0|7|51|35539|421|2732.0|2247|1150172
202404|CNTY_GU|47|11140|41150000|인천|강남구|서초동|4211000000|역삼1가|1|55|1|2|485|6715|146|3859.0|3132|563414
202404|PRVNC|27|26110|41150000|경기|수원시|역삼동|2611000000|서초1동|1|50|1|2|765|15494|513|5260.0|5055|2698380
202404|PRVNC|43|43110|11170000|서울|강남구|서초동|4611000000|역삼1가|1|55|2|9|155|33475|245|3879.0|3317|950355
202404|ADM|26|26110|11140000|대구|성남시|서초동|2711000000|인계동|2|55|0|7|58|35335|137|1567.0|1311|214679
202404|CNTY_GU|41|41110|41150000|서울|강남구|역삼동|1111000000|역삼1가|2|60|0|9|139|14978|149|6460.0|5075|962540
202404|ADM|42|11140|41110000|서울|수원시|서초동|2611000000|역삼1가|2|55|3|7|861|28017|450|4941.0|4481|2223450
202404|PRVNC|47|45110|41150000|경기|강남구|인계동|4511000000|서초1동|1|55|0|5|206|9482|740|1902.0|1418|1407480
202404|PRVNC|41|11110|27110000|경기|강남구|인계동|1117000000|역삼1가|2|70|1|4|847|27378|422|5470.0|4465|2308340
202404|CNTY_GU|11|11140|11140000|서울|성남시|인계동|2811000000|인계동|1|70|3|9|189|16593|497|7343.0|6797|3649471
202404|ADM|43|11200|26140000|경기|수원시|인계동|4413000000|인계동|2|40|0|10|516|46836|691|5510.0|4972|3807410
202404|PRVNC|42|27110|41150000|경기|성남시|인계동|4511000000|서초1동|2|70|0|5|445|40776|522|4339.0|3210|2264958
202404|CNTY_GU|45|27110|47110000|인천|성남시|서초동|1117000000|역삼1가|2|40|0|5|942|22510|653|6451.0|5208|4212503
202404|PRVNC|11|42110|41130000|인천|성남시|인계동|4413000000|역삼1가|2|35|3|4|272|24030|430|2901.0|2373|1247430
202404|CNTY_GU|47|42110|27110000|서울|강남구|서초동|4115000000|역삼1가|1|30|3|10|366|46313|108|1663.0|1280|179604
202404|ADM|45|11110|27110000|대구|수원시|인계동|1120000000|인계동|2|25|3|2|446|44071|528|4432.0|3368|2340096
202404|ADM|43|11140|11110000|인천|수원시|인계동|2811000000|역삼1가|1|40|0|2|302|42279|566|2949.0|2514|1669134
202404|ADM|46|26140|11200000|인천|강남구|인계동|1117000000|서초1동|2|70|1|9|167|29562|359|4432.0|3547|1591088
202404|PRVNC|27|27110|27110000|부산|강남구|서초동|1117000000|역삼1가|2|40|3|10|114|24015|403|5851.0|5161|2357953
202404|ADM|42|44130|41150000|대구|서초구|서초동|4611000000|서초1동|1|65|3|3|593|32601|77|6926.0|6180|533302
202404|CNTY_GU|27|47110|41150000|서울|성남시|서초동|2614000000|역삼1가|2|25|0|6|727|39896|374|5144.0|5074|1923856
202404|PRVNC|27|26110|26140000|인천|서초구|인계동|2614000000|서초1동|1|30|0|3|169|9609|738|5261.0|4614|3882618
202404|ADM|47|42110|41110000|대구|서초구|역삼동|1114000000|역삼1가|2|30|1|10|425|10165|132|7646.0|7235|1009272
202404|CNTY_GU|47|26110|11200000|경기|수원시|역삼동|2711000000|인계동|1|50|2|1|706|24904|513|7358.0|7160|3774654
202404|CNTY_GU|27|47110|11140000|대구|수원시|서초동|1114000000|인계동|1|70|0|6|978|27550|598|6489.0|5370|3880422
202404|CNTY_GU|27|41150|26110000|인천|수원시|인계동|4413000000|서초1동|2|30|0|6|130|13279|572|7364.0|5540|4212208
202404|CNTY_GU|11|11140|11170000|서울|수원시|역삼동|2711000000|인계동|1|40|2|10|870|7814|695|4296.0|3367|2985720
202404|CNTY_GU|26|11140|41130000|대구|서초구|서초동|4711000000|서초1동|2|65|0|6|386|27639|162|6370.0|5766|1031940
202404|ADM|47|27110|44130000|서울|서초구|역삼동|4311000000|역삼1가|2|45|0|4|512|13838|3|4736.0|3772|14208
202404|CNTY_GU|26|28110|11170000|부산|서초구|인계동|4511000000|서초1동|2|40|1|5|65|11625|270|5305.0|3921|1432350
202404|PRVNC|11|11200|11110000|인천|성남시|역삼동|2711000000|역삼1가|2|40|3|7|451|21086|26|5617.0|4166|146042
202404|ADM|46|11140|11110000|부산|서초구|역삼동|4711000000|역삼1가|2|55|1|9|285|46071|7|0.0|0|0
202404|ADM|45|47110|11200000|경기|성남시|서초동|4113000000|인계동|1|40|3|1|235|9138|488|1071.0|796|522648
202404|ADM|45|42110|11170000|서울|서초구|역삼동|1117000000|서초1동|1|55|3|8|874|25772|240|7670.0|7481|1840800
202404|CNTY_GU|26|46110|47110000|인천|서초구|역삼동|1117000000|인계동|1|60|0|6|152|45116|785|3549.0|2491|2785965
202404|ADM|11|26110|26110000|부산|서초구|인계동|4611000000|서초1동|2|25|0|2|235|5168|684|1356.0|1043|927504
202404|ADM|44|41130|42110000|인천|서초구|인계동|4511000000|서초1동|2|60|0|4|241|44402|544|1853.0|1813|1008032
202404|CNTY_GU|43|41150|42110000|서울|서초구|서초동|4115000000|역삼1가|1|70|1|6|775|40297|656|1273.0|1199|835088
202404|CNTY_GU|26|26140|26110000|부산|수원시|서초동|2614000000|서초1동|2|25|2|9|550|5193|204|2676.0|2615|545904
202404|CNTY_GU|42|41150|11170000|인천|성남시|인계동|4211000000|서초1동|2|25|2|9|457|23671|561|6104.0|5879|3424344
202404|CNTY_GU|46|41130|11200000|부산|서초구|역삼동|1120000000|역삼1가|1|50|1|5|141|9490|698|6806.0|5621|4750588
202404|ADM|47|45110|45110000|대구|서초구|서초동|4511000000|서초1동|1|55|0|7|395|22221|128|1438.0|1046|184064
202404|CNTY_GU|11|45110|28110000|대구|서초구|서초동|2711000000|역삼1가|2|45|0|6|884|47293|431|4839.0|4594|2085609
202404|CNTY_GU|11|46110|11110000|대구|강남구|역삼동|2711000000|서초1동|2|70|1|7|498|42637|792|5627.0|4570|4456584
202404|ADM|41|41130|41150000|부산|강남구|역삼동|4711000000|서초1동|1|30|0|10|967|5133|409|7023.0|5158|2872407
202404|ADM|45|11110|28110000|부산|강남구|서초동|4511000000|역삼1가|2|25|0|1|45|41986|653|7335.0|6836|4789755
202404|CNTY_GU|45|44130|11170000|서울|강남구|역삼동|4115000000|서초1동|1|20|3|9|266|48040|48|7221.0|5109|346608
202404|CNTY_GU|43|28110|11170000|서울|강남구|인계동|1114000000|역삼1가|2|60|1|2|151|33892|278|6019.0|4606|1673282
202404|CNTY_GU|43|42110|43110000|서울|수원시|역삼동|1117000000|인계동|1|25|1|10|644|30776|51|6641.0|5955|338691
202404|CNTY_GU|42|42110|26140000|부산|강남구|역삼동|4113000000|서초1동|1|50|0|5|104|34844|574|6212.0|4795|3565688
202404|CNTY_GU|42|11140|11110000|부산|서초구|인계동|1117000000|역삼1가|1|70|3|2|410|29949|464|6334.0|4559|2938976
202404|ADM|26|11200|44130000|대구|서초구|서초동|2611000000|역삼1가|2|25|3|1|38|15776|159|7315.0|6618|1163085
202404|CNTY_GU|42|43110|11200000|부산|강남구|서초동|4311000000|역삼1가|1|25|0|9|523|6578|645|2162.0|1710|1394490
202404|ADM|47|41130|47110000|대구|서초구|역삼동|2614000000|역삼1가|1|65|0|8|186|7185|434|1603.0|1563|695702
202404|ADM|43|11200|41150000|부산|성남시|역삼동|4511000000|인계동|1|35|2|5|770|21324|603|2885.0|2074|1739655
202404|CNTY_GU|43|45110|41130000|부산|강남구|인계동|4211000000|인계동|1|40|1|10|461|38263|571|7660.0|6164|4373860
202404|ADM|47|45110|43110000|인천|서초구|서초동|1114000000|인계동|2|50|2|9|609|42647|752|5928.0|5746|4457856
202404|ADM|11|11200|11200000|서울|강남구|서초동|1111000000|서초1동|1|55|1|2|189|15034|186|4292.0|3106|798312
202404|ADM|44|26140|42110000|부산|강남구|역삼동|2611000000|역삼1가|1|30|3|6|665|19557|403|3107.0|2991|1252121
202404|PRVNC|27|11200|11200000|인천|성남시|역삼동|1114000000|서초1동|2|65|2|7|33|5496|132|2396.0|2278|316272
202404|CNTY_GU|42|41130|26110000|대구|수원시|인계동|1111000000|역삼1가|2|60|0|7|145|45743|497|3626.0|2682|1802122
202404|PRVNC|11|44130|41130000|대구|서초구|역삼동|4111000000|인계동|2|25|2|6|818|12211|292|7658.0|6644|2236136
202404|ADM|41|26110|27110000|경기|성남시|인계동|1117000000|서초1동|1|25|0|3|239|28173|502|7554.0|5557|3792108
202404|ADM|43|11110|46110000|서울|성남시|서초동|4711000000|인계동|2|55|1|3|735|7670|62|7809.0|7638|484158
202404|ADM|43|11110|11110000|경기|성남시|역삼동|1117000000|역삼1가|2|45|0|2|864|42726|306|5941.0|5916|1817946
202404|CNTY_GU|41|26110|11140000|인천|수원시|인계동|4611000000|인계동|1|45|1|5|130|44647|371|5102.0|4102|1892842
202404|PRVNC|47|44130|11110000|대구|서초구|역삼동|2811000000|인계동|2|30|2|6|969|40230|5|1746.0|1725|8730
202404|ADM|27|27110|46110000|대구|수원시|역삼동|4113000000|서초1동|2|55|0|10|814|13059|109|5148.0|4027|561132
202404|CNTY_GU|27|43110|28110000|대구|수원시|인계동|1111000000|역삼1가|2|25|0|2|555|25858|671|6048.0|5327|4058208
202404|ADM|43|46110|45110000|경기|서초구|역삼동|4413000000|서초1동|1|40|1|5|318|47820|392|3941.0|3043|1544872
202404|CNTY_GU|41|46110|41130000|서울|수원시|서초동|4311000000|역삼1가|1|55|0|7|207|42567|56|6556.0|4630|367136
202404|PRVNC|27|26140|45110000|부산|성남시|역삼동|4111000000|역삼1가|1|70|0|5|229|11974|114|5129.0|4129|584706
202404|CNTY_GU|11|41130|44130000|인천|수원시|인계동|2711000000|서초1동|1|30|2|1|511|43830|767|7393.0|6153|5670431
202404|CNTY_GU|43|43110|11140000|인천|성남시|서초동|4111000000|인계동|2|50|1|7|151|26730|139|1749.0|1325|243111
202404|ADM|44|11200|47110000|부산|서초구|서초동|2711000000|인계동|1|25|3|2|474|48274|675|5795.0|4954|3911625
202404|ADM|43|42110|41110000|대구|성남시|서초동|4511000000|역삼1가|1|35|2|8|507|23973|199|3410.0|3338|678590
202404|ADM|45|11170|41150000|서울|강남구|역삼동|4711000000|인계동|2|25|1|3|663|8405|85|1669.0|1575|141865
202404|CNTY_GU|44|41130|26110000|부산|수원시|역삼동|2811000000|서초1동|2|60|0|7|7|27013|671|3132.0|2580|2101572
202404|CNTY_GU|44|27110|44130000|서울|성남시|인계동|2614000000|서초1동|2|40|0|2|327|41392|100|6356.0|5249|635600
202404|ADM|41|27110|11140000|인천|서초구|서초동|4311000000|인계동|1|65|1|7|133|42408|653|2297.0|2205|1499941
202404|CNTY_GU|46|26140|11170000|서울|수원시|역삼동|1111000000|역삼1가|2|20|1|2|880|34974|590|5594.0|4873|3300460
202404|ADM|46|41110|11200000|대구|수원시|역삼동|4113000000|역삼1가|1|55|1|3|839|44131|791|2410.0|1989|1906310
202404|ADM|45|27110|44130000|인천|서초구|역삼동|2711000000|서초1동|2|45|1|8|978|36516|436|4192.0|3282|1827712
202404|ADM|26|26110|44130000|경기|서초구|인계동|4113000000|서초1동|1|55|0|3|904|31045|743|2018.0|1980|1499374
202404|CNTY_GU|47|11200|26110000|경기|수원시|인계동|2811000000|역삼1가|1|70|1|5|911|46711|520|6323.0|5351|3287960
202404|ADM|43|41110|41130000|부산|수원시|서초동|4311000000|역삼1가|1|70|0|5|326|17168|17|7104.0|5667|120768
202404|PRVNC|42|47110|27110000|경기|서초구|서초동|2811000000|역삼1가|1|60|1|3|988|6755|234|4675.0|4533|1093950
202404|ADM|27|42110|41130000|경기|성남시|서초동|1120000000|서초1동|1|30|1|6|2|47160|14|3743.0|3383|52402
202404|ADM|11|11140|11110000|서울|성남시|역삼동|2811000000|역삼1가|1|60|2|4|137|38986|707|7526.0|7266|5320882
202404|CNTY_GU|46|11140|28110000|경기|수원시|인계동|4413000000|인계동|1|70|2|6|299|39913|327|7623.0|6022|2492721
202404|ADM|43|43110|28110000|부산|강남구|역삼동|2614000000|역삼1가|1|40|2|8|251|21887|435|7521.0|7469|3271635
202404|PRVNC|47|41130|11110000|서울|서초구|인계동|2811000000|서초1동|1|40|2|8|793|28134|4|6482.0|6233|25928
202404|CNTY_GU|45|41130|42110000|대구|강남구|역삼동|4113000000|서초1동|2|45|0|3|765|32149|453|2578.0|2296|1167834
202404|ADM|46|27110|27110000|경기|성남시|서초동|4113000000|역삼1가|2|55|3|7|165|34072|738|2122.0|2106|1566036
202404|PRVNC|42|41130|26110000|부산|수원시|서초동|4511000000|인계동|2|35|0|8|466|15607|792|4084.0|3397|3234528
202404|ADM|41|41130|44130000|서울|서초구|역삼동|4711000000|인계동|1|30|2|6|93|22396|163|4975.0|4231|810925
202404|ADM|42|41150|44130000|서울|서초구|인계동|2711000000|역삼1가|2|35|0|8|960|18098|617|2389.0|2099|1474013
202404|CNTY_GU|11|47110|26110000|대구|수원시|역삼동|4211000000|서초1동|2|55|0|5|705|25108|153|2019.0|1886|308907
202404|ADM|45|46110|46110000|대구|강남구|인계동|4113000000|서초1동|1|20|3|1|148|32741|551|3315.0|3018|1826565
202404|CNTY_GU|46|45110|11110000|경기|서초구|서초동|4211000000|역삼1가|1|70|0|6|768|16327|431|0.0|0|0
202404|ADM|11|42110|41130000|대구|강남구|인계동|4511000000|역삼1가|1|50|1|10|307|21582|693|2561.0|2153|1774773
202404|PRVNC|46|42110|43110000|대구|수원시|서초동|4511000000|서초1동|1|25|0|5|230|21319|145|4231.0|3683|613495
202404|ADM|44|26110|26110000|경기|성남시|서초동|2711000000|서초1동|1|55|0|6|645|18403|792|4583.0|3779|3629736
202404|ADM|43|45110|27110000|대구|수원시|인계동|4711000000|서초1동|1|35|3|7|222|41524|407|1678.0|1571|682946
202404|PRVNC|45|26110|42110000|대구|성남시|역삼동|1117000000|서초1동|2|60|1|9|409|6613|650|1004.0|919|652600
202404|CNTY_GU|11|11170|27110000|경기|서초구|역삼동|4211000000|인계동|2|65|1|5|882|31728|650|1252.0|1235|813800
202404|CNTY_GU|47|45110|26140000|인천|수원시|서초동|2811000000|역삼1가|1|45|0|4|362|11882|645|6539.0|6476|4217655
202404|CNTY_GU|46|28110|42110000|경기|성남시|서초동|2811000000|역삼1가|1|30|0|7|150|27051|196|6644.0|5766|1302224
202404|CNTY_GU|45|41110|11170000|서울|성남시|역삼동|4111000000|인계동|1|45|1|7|551|32388|155|2112.0|1502|327360
202404|ADM|41|41150|41130000|대구|서초구|서초동|4211000000|역삼1가|2|50|0|7|144|26134|76|7594.0|6652|577144
202404|CNTY_GU|26|42110|26110000|인천|성남시|역삼동|4511000000|서초1동|2|40|0|7|804|23265|699|2918.0|2610|2039682
202404|ADM|41|11140|26140000|서울|성남시|인계동|2611000000|역삼1가|2|60|1|10|739|31925|486|7267.0|5233|3531762
202404|ADM|42|27110|28110000|인천|성남시|역삼동|4511000000|인계동|1|35|0|3|432|6324|705|2224.0|1677|1567920
202404|ADM|47|44130|43110000|부산|서초구|서초동|4511000000|인계동|1|65|3|4|537|45835|270|6721.0|6453|1814670
202404|CNTY_GU|42|43110|11200000|대구|서초구|인계동|4413000000|인계동|2|40|1|9|34|20779|478|3477.0|2884|1662006
202404|ADM|45|41150|42110000|부산|성남시|서초동|4211000000|인계동|1|50|0|2|640|7018|48|6473.0|6324|310704
202404|ADM|42|28110|26140000|경기|강남구|역삼동|2711000000|역삼1가|2|25|1|9|781|21438|521|1539.0|1226|801819
202404|CNTY_GU|11|27110|46110000|대구|성남시|역삼동|2611000000|서초1동|2|30|1|3|903|20960|722|5007.0|4977|3615054
202404|ADM|45|41110|27110000|부산|수원시|서초동|2611000000|인계동|2|40|0|7|721|15333|500|7012.0|6326|3506000
202404|ADM|41|11200|28110000|인천|성남시|역삼동|2711000000|서초1동|2|55|3|9|288|32531|681|1890.0|1747|1287090
202404|ADM|43|46110|43110000|부산|성남시|인계동|2811000000|인계동|2|70|1|9|505|12492|437|3904.0|3435|1706048
202404|ADM|41|11200|11110000|대구|수원시|인계동|1120000000|서초1동|1|25|0|7|322|20494|351|7243.0|6251|2542293
202404|CNTY_GU|45|41110|45110000|서울|성남시|인계동|2614000000|서초1동|2|70|1|3|603|5428|149|7469.0|6857|1112881
202404|CNTY_GU|46|43110|26140000|부산|수원시|서초동|2611000000|서초1동|1|35|2|4|870|15403|196|4500.0|3420|882000
202404|ADM|45|11200|45110000|부산|강남구|역삼동|4711000000|인계동|2|70|0|8|368|33314|527|1328.0|1123|699856
202404|ADM|46|47110|27110000|대구|서초구|역삼동|4111000000|서초1동|2|20|3|7|796|17397|320|7603.0|7489|2432960
202404|CNTY_GU|44|41130|11200000|인천|성남시|서초동|1114000000|서초1동|1|45|0|3|105|39547|305|2208.0|2138|673440
202404|ADM|43|11170|11140000|경기|강남구|인계동|4111000000|서초1동|1|60|0|6|714|27600|448|3872.0|3792|1734656
202404|ADM|45|11110|44130000|경기|강남구|인계동|4111000000|서초1동|1|40|3|10|797|15453|430|6850.0|6441|2945500
202404|CNTY_GU|44|26140|11110000|인천|서초구|인계동|2811000000|역삼1가|1|70|0|1|782|16899|642|1770.0|1655|1136340
202404|CNTY_GU|27|26110|41150000|인천|수원시|서초동|2711000000|서초1동|2|70|0|6|393|19633|721|4246.0|4151|3061366
202404|ADM|27|11110|41150000|대구|서초구|서초동|4113000000|서초1동|2|40|0|6|741|29320|104|5358.0|4979|557232
202404|ADM|11|41150|26110000|대구|성남시|역삼동|4413000000|인계동|1|20|2|9|985|45487|90|1416.0|1029|127440
202404|CNTY_GU|45|41110|43110000|인천|강남구|인계동|4311000000|서초1동|1|30|0|3|63|15969|660|4389.0|3830|2896740
202404|ADM|26|11140|27110000|부산|서초구|서초동|4115000000|인계동|1|20|2|2|977|48487|764|1326.0|943|1013064
202404|ADM|11|45110|44130000|부산|수원시|역삼동|4311000000|인계동|2|55|2|5|360|34394|432|5524.0|4161|2386368
202404|PRVNC|46|28110|26140000|부산|수원시|서초동|1114000000|역삼1가|1|30|2|4|319|30498|455|7263.0|6562|3304665
202404|ADM|11|41150|44130000|부산|성남시|인계동|1111000000|역삼1가|2|45|3|9|105|19214|579|2424.0|2367|1403496
202404|CNTY_GU|47|41150|28110000|서울|강남구|서초동|4211000000|서초1동|2|30|2|8|194|22965|760|2831.0|1993|2151560
202404|CNTY_GU|27|45110|28110000|인천|성남시|서초동|2711000000|역삼1가|1|65|0|4|515|39345|287|1905.0|1765|546735
202404|ADM|47|11200|45110000|부산|성남시|역삼동|4111000000|역삼1가|2|35|3|4|759|49390|162|3876.0|3244|627912
202404|ADM|44|11110|11140000|인천|성남시|인계동|4413000000|인계동|1|55|0|1|724|27624|654|1026.0|971|671004
202404|CNTY_GU|11|11200|27110000|부산|강남구|인계동|4115000000|인계동|1|50|2|1|764|7621|46|7279.0|6478|334834
202404|ADM|45|42110|11110000|경기|서초구|인계동|4113000000|역삼1가|2|40|1|6|728|30533|85|1669.0|1462|141865
202404|ADM|47|42110|11110000|대구|수원시|인계동|1114000000|역삼1가|1|60|0|7|31|18296|497|5673.0|4696|2819481
202404|PRVNC|47|26140|11170000|서울|서초구|인계동|4711000000|인계동|2|25|2|8|452|39618|254|3243.0|2608|823722
202404|ADM|46|47110|43110000|부산|강남구|역삼동|4111000000|역삼1가|1|55|2|2|537|28641|422|6393.0|5439|2697846
202404|CNTY_GU|27|42110|44130000|부산|서초구|인계동|2711000000|역삼1가|2|30|3|2|48|11312|400|1358.0|1224|543200
202404|CNTY_GU|26|26140|44130000|서울|강남구|역삼동|4111000000|인계동|2|25|1|6|283|16099|588|4300.0|3498|2528400
202404|CNTY_GU|41|47110|47110000|경기|수원시|서초동|4711000000|역삼1가|1|70|2|1|284|46057|139|1649.0|1395|229211
202404|ADM|43|11200|41130000|대구|서초구|역삼동|1117000000|서초1동|1|30|1|9|49|46544|482|5866.0|5155|2827412
202404|CNTY_GU|45|11110|11200000|부산|수원시|역삼동|1117000000|서초1동|2|35|1|5|449|22058|600|2346.0|1644|1407600
202404|CNTY_GU|47|47110|41110000|부산|강남구|서초동|4115000000|서초1동|1|20|0|6|430|28663|412|5090.0|3889|2097080
202404|ADM|42|28110|41130000|대구|성남시|역삼동|4511000000|인계동|1|55|0|8|542|20204|248|3848.0|2906|954304
202404|CNTY_GU|42|45110|44130000|서울|강남구|역삼동|4611000000|서초1동|1|60|2|6|133|45057|722|2192.0|2108|1582624
202404|CNTY_GU|46|45110|41110000|대구|강남구|역삼동|4511000000|역삼1가|1|20|1|1|974|43238|106|2348.0|2277|248888
202404|ADM|47|46110|11110000|부산|강남구|서초동|1111000000|인계동|1|45|2|3|283|19874|260|5008.0|3775|1302080
202404|ADM|42|43110|45110000|경기|강남구|서초동|4113000000|역삼1가|2|65|3|4|617|16218|441|2507.0|2279|1105587
202404|CNTY_GU|43|11110|41130000|경기|성남시|인계동|2611000000|역삼1가|2|60|2|2|566|12445|219|7479.0|6169|1637901
202404|ADM|27|41130|11140000|경기|성남시|서초동|1117000000|서초1동|1|60|2|6|6|39694|522|6344.0|5484|3311568
202404|CNTY_GU|41|46110|47110000|부산|강남구|역삼동|2614000000|역삼1가|1|25|2|1|247|46220|643|3416.0|2811|2196488
202404|ADM|45|44130|28110000|경기|서초구|역삼동|4711000000|인계동|1|35|1|2|698|28763|425|3743.0|3146|1590775
202404|ADM|26|45110|44130000|경기|수원시|역삼동|4113000000|서초1동|2|45|1|9|363|26528|283|4457.0|4042|1261331
202404|ADM|27|44130|43110000|인천|수원시|서초동|1120000000|서초1동|2|45|3|2|331|21574|484|6617.0|5207|3202628
202404|ADM|26|26140|26110000|부산|수원시|역삼동|4311000000|서초1동|1|60|1|1|709|40688|451|3912.0|2763|1764312
202404|CNTY_GU|27|44130|46110000|인천|성남시|서초동|4711000000|서초1동|2|65|0|5|798|7151|650|3874.0|3295|2518100
202404|ADM|45|41150|46110000|서울|성남시|역삼동|4211000000|서초1동|2|55|0|9|806|19194|492|5820.0|4245|2863440
202404|PRVNC|46|41130|46110000|서울|서초구|역삼동|2811000000|서초1동|1|45|0|3|438|32209|7|2797.0|2761|19579
202404|ADM|41|11170|11200000|대구|서초구|인계동|2811000000|서초1동|1|50|2|4|459|9921|237|5389.0|4325|1277193
202404|CNTY_GU|46|11140|11170000|인천|서초구|서초동|2614000000|인계동|1|20|3|8|675|20834|293|3692.0|2607|1081756
202404|CNTY_GU|42|28110|41130000|서울|강남구|역삼동|4711000000|서초1동|1|45|2|10|589|33509|286|4339.0|3662|1240954
202404|ADM|27|26110|26110000|경기|수원시|인계동|2611000000|역삼1가|1|25|2|3|372|20561|688|6420.0|5113|4416960
202404|CNTY_GU|47|41150|41150000|서울|강남구|서초동|2614000000|역삼1가|2|55|3|2|330|16846|35|1330.0|1204|46550
202404|ADM|43|26140|42110000|경기|강남구|서초동|1114000000|서초1동|2|60|1|3|967|37519|595|5561.0|5070|3308795
202404|CNTY_GU|26|11140|11110000|서울|강남구|서초동|4413000000|역삼1가|2|70|0|9|885|46251|3|2851.0|2593|8553
202404|ADM|27|11110|43110000|대구|수원시|역삼동|2811000000|서초1동|2|45|1|4|303|14600|441|1064.0|869|469224
202404|ADM|41|47110|11170000|경기|수원시|역삼동|4511000000|서초1동|1|25|3|9|81|18227|262|3201.0|3064|838662
202404|ADM|26|11140|41130000|서울|서초구|역삼동|1117000000|인계동|1|30|1|5|954|14739|58|6451.0|4607|374158
202404|ADM|47|46110|41130000|부산|수원시|역삼동|1114000000|역삼1가|2|65|2|5|97|17887|16|6127.0|5153|98032
202404|PRVNC|44|41130|11110000|대구|수원시|서초동|2811000000|인계동|2|30|3|8|233|46386|314|2798.0|2753|878572
202404|CNTY_GU|47|45110|11200000|인천|성남시|인계동|1111000000|인계동|2|40|0|10|37|38926|659|3774.0|3115|2487066
202404|CNTY_GU|27|46110|41130000|서울|서초구|역삼동|4211000000|역삼1가|2|30|1|8|774|41445|279|7089.0|7051|1977831
202404|CNTY_GU|46|11170|28110000|인천|성남시|인계동|4711000000|인계동|2|60|1|3|101|21981|708|3648.0|3332|2582784
202404|CNTY_GU|44|41130|41110000|부산|서초구|인계동|4711000000|인계동|2|35|1|4|318|10321|733|2781.0|2288|2038473
202404|CNTY_GU|41|42110|42110000|대구|성남시|역삼동|2711000000|서초1동|2|40|0|2|628|11432|144|4121.0|3728|593424
202404|CNTY_GU|41|41150|42110000|서울|강남구|역삼동|2611000000|인계동|2|60|1|6|53|46917|668|6484.0|6380|4331312
202404|PRVNC|26|46110|41150000|인천|강남구|서초동|4211000000|역삼1가|2|50|2|10|998|15762|485|4023.0|3841|1951155
202404|ADM|45|11170|43110000|서울|성남시|역삼동|1117000000|역삼1가|2|50|2|4|780|9753|447|4604.0|3492|2057988
202404|CNTY_GU|45|11170|45110000|인천|수원시|서초동|1111000000|역삼1가|2|25|3|3|601|34847|355|6023.0|5690|2138165
202404|ADM|43|45110|11200000|서울|성남시|인계동|4111000000|역삼1가|2|30|2|10|560|19495|762|7025.0|5396|5353050
202404|ADM|46|42110|46110000|인천|강남구|역삼동|4311000000|서초1동|2|35|2|1|254|10564|104|5692.0|4154|591968
202404|ADM|44|46110|28110000|인천|성남시|서초동|4511000000|역삼1가|2|70|0|3|589|20280|7|3842.0|3154|26894
202404|PRVNC|45|11200|46110000|대구|성남시|역삼동|2614000000|인계동|2|35|0|4|818|36337|22|6340.0|5564|139480
202404|CNTY_GU|47|11110|41150000|서울|수원시|인계동|1114000000|서초1동|1|40|1|10|501|20185|708|6458.0|5125|4572264
202404|ADM|41|42110|27110000|경기|수원시|역삼동|4113000000|역삼1가|1|30|2|10|354|47656|531|2451.0|2338|1301481
202404|PRVNC|44|43110|11110000|인천|강남구|인계동|4413000000|역삼1가|1|45|0|9|292|24764|409|5869.0|4682|2400421
202404|PRVNC|44|42110|11170000|서울|수원시|인계동|1111000000|역삼1가|2|20|2|9|593|11147|66|6190.0|4556|408540
202404|CNTY_GU|47|11110|41150000|서울|성남시|서초동|2811000000|역삼1가|2|60|1|1|893|45337|109|3112.0|2643|339208
202404|ADM|45|45110|42110000|인천|수원시|서초동|1114000000|서초1동|1|65|0|1|440|17521|713|3073.0|2735|2191049
202404|ADM|27|26110|11170000|경기|강남구|서초동|4111000000|역삼1가|1|45|0|9|664|21016|698|5718.0|4476|3991164
202404|CNTY_GU|46|41110|46110000|부산|수원시|인계동|4413000000|서초1동|2|65|2|4|510|20328|632|1000.0|968|632000
202404|ADM|46|11110|26140000|서울|강남구|서초동|4113000000|인계동|1|20|1|2|488|26912|701|0.0|0|0
202404|ADM|26|43110|44130000|서울|수원시|인계동|4113000000|서초1동|2|40|0|6|105|31412|580|5477.0|4813|3176660
202404|ADM|45|44130|44130000|경기|성남시|역삼동|1117000000|역삼1가|1|30|1|10|338|30417|604|4180.0|3981|2524720
202404|CNTY_GU|27|11200|42110000|대구|성남시|서초동|4413000000|인계동|2|40|0|8|930|34146|674|1082.0|1020|729268
202404|ADM|27|11140|46110000|인천|수원시|서초동|4413000000|서초1동|1|40|1|5|883|17320|363|1890.0|1692|686070
202404|PRVNC|42|41150|44130000|경기|서초구|서초동|1117000000|인계동|1|55|3|2|305|48390|87|1685.0|1200|146595
202404|CNTY_GU|41|41130|11170000|인천|서초구|서초동|4311000000|서초1동|2|60|0|8|589|26062|97|4715.0|3414|457355
202404|PRVNC|46|45110|27110000|부산|성남시|인계동|2614000000|서초1동|1|70|1|1|600|49260|502|1287.0|1086|646074
202404|ADM|26|26110|41130000|인천|강남구|서초동|4711000000|서초1동|2|35|2|2|882|8178|157|6338.0|6233|995066
202404|ADM|46|43110|41110000|서울|서초구|역삼동|4511000000|역삼1가|1|55|1|8|7|19401|167|5244.0|3793|875748
202404|CNTY_GU|11|45110|41110000|경기|수원시|서초동|4413000000|서초1동|1|60|0|2|304|42124|706|4529.0|4328|3197474
202404|PRVNC|27|45110|11200000|대구|강남구|역삼동|4113000000|인계동|2|40|1|1|459|14307|417|2455.0|2317|1023735
202404|ADM|42|11140|47110000|부산|성남시|역삼동|2711000000|인계동|1|50|3|10|519|33793|379|2301.0|2269|872079
202404|ADM|43|41150|42110000|경기|서초구|서초동|4211000000|서초1동|1|55|3|6|766|16222|288|6664.0|4967|1919232
202404|CNTY_GU|46|26140|44130000|대구|성남시|역삼동|4115000000|서초1동|2|25|0|8|340|41975|216|5310.0|3883|1146960
202404|CNTY_GU|44|41130|26140000|서울|강남구|서초동|1120000000|역삼1가|2|50|3|8|612|32465|100|3494.0|2843|349400
202404|ADM|43|42110|42110000|서울|강남구|역삼동|4113000000|인계동|2|50|0|9|847|27295|750|2464.0|2107|1848000
202404|ADM|26|46110|26110000|서울|서초구|인계동|4113000000|인계동|2|35|0|7|318|17080|588|3346.0|3203|1967448
202404|ADM|11|28110|41150000|서울|성남시|역삼동|4611000000|역삼1가|1|70|2|8|500|46556|688|3109.0|3034|2138992
202404|ADM|45|26140|26110000|경기|강남구|서초동|4311000000|인계동|2|25|3|6|650|41697|243|4603.0|3664|1118529
202404|ADM|43|11200|46110000|서울|강남구|역삼동|4511000000|인계동|1|70|0|2|802|25699|87|2849.0|2698|247863
202404|CNTY_GU|42|43110|41110000|경기|성남시|서초동|1117000000|서초1동|1|50|0|8|795|25825|100|6425.0|6111|642500
202404|ADM|43|26140|41110000|서울|강남구|서초동|4115000000|서초1동|2|25|0|5|406|39431|1|1405.0|1157|1405
202404|ADM|46|42110|41130000|서울|수원시|서초동|2614000000|인계동|1|30|1|6|158|5493|703|5874.0|4918|4129422
202404|ADM|42|26110|11200000|인천|강남구|서초동|2611000000|서초1동|2|60|1|4|119|40213|743|1044.0|1006|775692
202404|ADM|43|44130|45110000|인천|강남구|서초동|1111000000|인계동|2|30|1|9|65|40397|110|2445.0|2354|268950
202404|CNTY_GU|43|42110|26110000|부산|서초구|역삼동|4113000000|인계동|1|20|0|8|481|38496|335|7564.0|7475|2533940
202404|CNTY_GU|46|41110|46110000|인천|수원시|인계동|4711000000|인계동|1|50|0|6|461|24015|166|6344.0|5605|1053104
202404|CNTY_GU|27|47110|45110000|대구|수원시|서초동|4115000000|인계동|1|70|2|2|248|25770|468|7877.0|6664|3686436
202404|ADM|11|41110|26140000|인천|성남시|서초동|4611000000|인계동|2|40|0|5|437|49678|2|4547.0|4310|9094
202404|ADM|47|41130|41130000|경기|강남구|서초동|4211000000|역삼1가|1|45|0|3|691|36477|318|1964.0|1422|624552
202404|CNTY_GU|42|11110|26140000|서울|강남구|인계동|1114000000|인계동|2|60|0|6|46|39305|416|7911.0|7608|3290976
202404|ADM|43|42110|11170000|인천|성남시|인계동|4311000000|서초1동|2|50|1|1|251|25705|220|6320.0|4834|1390400
202404|ADM|42|46110|26110000|경기|서초구|역삼동|4511000000|역삼1가|2|35|3|5|679|30187|660|4617.0|3882|3047220
202404|CNTY_GU|27|41130|45110000|인천|강남구|서초동|4413000000|인계동|1|50|0|10|241|21890|61|6378.0|5777|389058
202404|ADM|26|27110|26140000|대구|성남시|인계동|4113000000|서초1동|2|45|0|3|581|10476|681|3003.0|2127|2045043
202404|ADM|44|41150|46110000|서울|서초구|인계동|4111000000|서초1동|1|20|3|5|777|41270|11|6524.0|5331|71764
202404|ADM|43|41130|43110000|경기|강남구|인계동|4711000000|서초1동|2|25|2|5|312|28457|595|6327.0|4984|3764565
202404|ADM|44|11200|28110000|서울|강남구|인계동|4711000000|서초1동|1|50|1|9|101|28647|531|1972.0|1420|1047132
202404|CNTY_GU|45|11200|41150000|부산|성남시|인계동|4111000000|인계동|1|30|0|10|277|32616|378|1205.0|904|455490
202404|CNTY_GU|27|46110|46110000|인천|강남구|역삼동|4311000000|인계동|2|60|1|9|641|35682|41|6925.0|5178|283925
202404|ADM|42|41150|11140000|서울|성남시|인계동|1120000000|인계동|2|45|3|6|288|43473|711|6072.0|5618|4317192
202404|ADM|44|46110|44130000|부산|강남구|인계동|4211000000|인계동|2|25|2|5|912|38211|728|3054.0|2508|2223312
202404|ADM|46|26140|41130000|서울|서초구|인계동|4511000000|역삼1가|1|70|2|8|113|41509|614|4802.0|3427|2948428
202404|CNTY_GU|11|47110|47110000|부산|강남구|인계동|4611000000|서초1동|2|60|1|1|456|36932|761|1207.0|925|918527
202404|CNTY_GU|27|41130|45110000|대구|서초구|인계동|4611000000|인계동|2|50|0|7|928|47124|711|2229.0|2044|1584819
202404|ADM|26|45110|46110000|인천|성남시|역삼동|1117000000|인계동|2|60|0|4|737|10582|661|1619.0|1241|1070159
202404|PRVNC|27|43110|11140000|부산|성남시|역삼동|4113000000|역삼1가|2|55|2|5|60|36927|193|1168.0|971|225424
202404|CNTY_GU|47|46110|28110000|서울|서초구|역삼동|4113000000|인계동|1|20|1|7|281|10366|665|1963.0|1761|1305395
202404|CNTY_GU|26|41150|46110000|부산|강남구|역삼동|2711000000|인계동|1|50|0|5|43|26586|482|1326.0|1310|639132
202404|PRVNC|45|44130|26110000|서울|수원시|역삼동|1111000000|서초1동|2|35|2|3|958|6980|65|7605.0|5461|494325
202404|ADM|45|11110|26110000|인천|서초구|인계동|4413000000|역삼1가|1|70|3|2|782|23516|20|1572.0|1204|31440
202404|ADM|45|41130|42110000|인천|성남시|역삼동|4311000000|서초1동|2|40|1|5|249|22097|206|1920.0|1471|395520
202404|ADM|26|44130|26140000|부산|강남구|서초동|1114000000|서초1동|2|55|0|1|459|26443|418|4414.0|4259|1845052
202404|ADM|11|44130|41150000|부산|강남구|역삼동|2711000000|역삼1가|2|30|1|9|447|42934|774|5212.0|4510|4034088
202404|ADM|26|41130|27110000|대구|수원시|서초동|4511000000|서초1동|1|45|1|9|811|18604|701|5953.0|5508|4173053
202404|PRVNC|46|47110|28110000|부산|수원시|인계동|2611000000|서초1동|2|25|1|7|107|9960|776|1682.0|1409|1305232
202404|CNTY_GU|11|26110|11170000|서울|수원시|서초동|4511000000|인계동|2|40|3|3|509|11329|591|1936.0|1629|1144176
202404|CNTY_GU|45|44130|45110000|부산|수원시|서초동|1111000000|역삼1가|1|50|1|8|729|41124|104|1114.0|1105|115856
202404|CNTY_GU|41|26140|11140000|서울|성남시|서초동|2614000000|서초1동|1|50|0|6|898|16530|621|2112.0|1582|1311552
202404|ADM|47|26110|11170000|대구|수원시|역삼동|4511000000|역삼1가|2|40|3|3|349|21894|309|2337.0|1914|722133
202404|ADM|42|44130|26110000|대구|강남구|서초동|1111000000|역삼1가|1|30|2|5|349|36182|255|6698.0|6671|1707990
202404|ADM|42|44130|26110000|경기|성남시|역삼동|4113000000|인계동|1|55|0|1|645|44805|425|5136.0|3996|2182800
202404|CNTY_GU|42|46110|11110000|서울|수원시|인계동|1111000000|서초1동|2|20|0|2|585|8559|320|2595.0|1902|830400
202404|CNTY_GU|46|28110|47110000|대구|강남구|서초동|1117000000|역삼1가|2|60|1|4|909|39616|505|1826.0|1440|922130
202404|CNTY_GU|45|44130|41130000|경기|수원시|역삼동|4711000000|서초1동|1|55|0|1|219|22604|789|6795.0|6460|5361255
202404|PRVNC|47|44130|41110000|대구|수원시|서초동|2811000000|인계동|2|60|2|9|387|28373|258|5992.0|5984|1545936
202404|ADM|42|46110|11170000|서울|서초구|인계동|4413000000|서초1동|2|70|0|10|448|12932|216|1665.0|1476|359640
202404|ADM|46|26140|41150000|경기|강남구|서초동|4511000000|인계동|2|40|0|4|519|10603|776|4914.0|4898|3813264
202404|ADM|11|41110|11140000|인천|성남시|역삼동|2711000000|역삼1가|2|45|0|4|132|35989|71|6858.0|5166|486918
202404|PRVNC|44|43110|26110000|서울|성남시|서초동|4211000000|서초1동|1|50|3|8|155|33114|1|2891.0|2569|2891
202404|ADM|44|28110|41130000|인천|강남구|인계동|4611000000|인계동|2|50|0|4|498|20064|313|6128.0|5378|1918064
202404|ADM|11|47110|47110000|대구|수원시|인계동|2811000000|역삼1가|2|50|1|8|85|21350|770|3710.0|2743|2856700
202404|PRVNC|26|44130|41150000|서울|강남구|인계동|4611000000|역삼1가|2|70|3|1|459|28580|614|2033.0|1798|1248262
202404|ADM|47|11110|41110000|인천|성남시|서초동|1114000000|역삼1가|1|45|0|6|162|24690|116|2979.0|2564|345564
202404|ADM|11|27110|42110000|서울|서초구|인계동|4611000000|역삼1가|2|65|3|1|26|42616|420|3365.0|3119|1413300
202404|ADM|43|41130|43110000|부산|강남구|역삼동|2711000000|인계동|2|50|2|8|416|14790|213|1276.0|1211|271788
202404|ADM|45|42110|41110000|인천|성남시|역삼동|4111000000|서초1동|2|60|0|8|90|28767|37|3331.0|2555|123247
202404|CNTY_GU|47|41130|26140000|인천|성남시|인계동|1120000000|역삼1가|2|40|3|5|642|34371|493|0.0|0|0
202404|PRVNC|27|41150|46110000|인천|수원시|인계동|4413000000|역삼1가|2|40|2|9|563|18434|532|1936.0|1892|1029952
202404|ADM|44|41130|26140000|부산|성남시|역삼동|2611000000|인계동|2|70|0|7|148|13943|653|1080.0|995|705240
202404|CNTY_GU|45|11170|11170000|부산|성남시|역삼동|1111000000|서초1동|1|60|2|3|716|31858|589|3639.0|2942|2143371
202404|ADM|47|27110|26110000|대구|서초구|역삼동|1114000000|인계동|1|45|1|6|293|22838|488|7733.0|6658|3773704
202404|CNTY_GU|44|26140|44130000|부산|수원시|역삼동|1117000000|역삼1가|2|45|3|5|661|48863|483|5744.0|5437|2774352
202404|ADM|27|27110|11140000|대구|수원시|역삼동|4115000000|인계동|2|35|1|7|945|14380|492|4594.0|3439|2260248
202404|ADM|46|11200|27110000|서울|성남시|역삼동|4115000000|서초1동|1|30|2|7|720|30596|139|6113.0|4281|849707
202404|ADM|47|47110|11110000|서울|수원시|인계동|1120000000|인계동|1|35|2|8|303|23946|512|1069.0|923|547328
202404|CNTY_GU|41|11170|46110000|인천|수원시|인계동|1114000000|서초1동|1|70|2|2|478|20511|155|2420.0|1761|375100
202404|ADM|42|26140|26140000|서울|성남시|인계동|1120000000|인계동|1|35|0|1|300|30710|463|6897.0|6818|3193311
202404|ADM|44|28110|11200000|대구|성남시|인계동|1111000000|서초1동|1|45|2|4|340|39658|327|6052.0|4606|1979004
202404|ADM|46|41150|42110000|대구|강남구|역삼동|2614000000|서초1동|2|55|3|1|881|18307|677|4228.0|3893|2862356
202404|PRVNC|43|11200|47110000|인천|성남시|서초동|1114000000|역삼1가|1|55|3|5|687|32877|288|2866.0|2617|825408
202404|ADM|45|43110|11110000|인천|서초구|서초동|1120000000|인계동|1|60|2|4|544|42528|8|2592.0|1943|20736
202404|PRVNC|45|11140|45110000|대구|서초구|역삼동|2811000000|서초1동|2|40|0|7|270|48526|84|1297.0|917|108948
202404|ADM|27|11110|27110000|인천|서초구|인계동|2614000000|역삼1가|1|40|3|7|521|33170|166|7175.0|5518|1191050
202404|ADM|41|11200|11170000|대구|강남구|서초동|4111000000|인계동|1|45|0|10|629|12088|687|2362.0|2036|1622694
202404|ADM|46|11200|11140000|대구|수원시|서초동|1120000000|인계동|2|50|2|1|708|42813|606|6699.0|4943|4059594
202404|ADM|43|41150|28110000|경기|성남시|역삼동|4611000000|인계동|1|70|1|5|91|49458|739|3395.0|3333|2508905
202404|ADM|27|44130|26110000|부산|수원시|서초동|1114000000|인계동|1|50|3|8|866|47716|587|7363.0|6883|4322081
202404|ADM|43|44130|26110000|서울|서초구|역삼동|2811000000|역삼1가|1|60|1|3|537|36428|117|1251.0|959|146367
202404|ADM|27|11200|11200000|서울|강남구|역삼동|1120000000|역삼1가|2|70|1|9|353|10354|40|4618.0|3389|184720
202404|ADM|11|28110|11170000|서울|수원시|인계동|4111000000|서초1동|2|20|2|7|719|32621|451|1667.0|1200|751817
202404|CNTY_GU|42|11170|44130000|대구|수원시|인계동|4111000000|서초1동|1|35|0|5|549|13188|428|1010.0|955|432280
202404|ADM|11|41150|27110000|서울|서초구|역삼동|4413000000|서초1동|1|20|1|2|316|39236|345|3493.0|3369|1205085
202404|ADM|47|26110|44130000|경기|서초구|인계동|4311000000|서초1동|1|65|2|6|912|7227|473|5460.0|4683|2582580
202404|CNTY_GU|47|42110|41130000|부산|서초구|서초동|4413000000|역삼1가|2|40|0|1|918|11794|328|7472.0|6496|2450816
202404|CNTY_GU|27|44130|11140000|서울|강남구|역삼동|2811000000|서초1동|1|50|0|4|909|36283|190|2059.0|1702|391210
202404|CNTY_GU|44|42110|27110000|서울|서초구|서초동|2614000000|서초1동|2|45|2|4|72|16531|465|5450.0|5120|2534250
202404|ADM|41|11110|11140000|부산|강남구|역삼동|4211000000|역삼1가|1|60|3|1|917|9007|318|6613.0|6362|2102934
202404|CNTY_GU|44|47110|26140000|대구|서초구|역삼동|4311000000|인계동|2|40|0|1|265|10349|365|7540.0|5988|2752100
202404|ADM|43|28110|44130000|서울|성남시|인계동|1120000000|인계동|2|20|1|9|347|18790|662|2950.0|2861|1952900
202404|ADM|45|41150|26140000|부산|수원시|역삼동|4611000000|인계동|1|40|0|5|676|27157|362|1260.0|973|456120
202404|ADM|45|42110|26110000|인천|수원시|서초동|4111000000|인계동|2|45|3|1|476|37240|751|7696.0|5896|5779696
202404|CNTY_GU|11|41130|11170000|대구|성남시|역삼동|4413000000|역삼1가|2|40|1|4|826|28082|117|7076.0|6760|827892
202404|ADM|46|47110|11170000|대구|성남시|역삼동|1114000000|역삼1가|2|35|0|6|664|23906|521|2774.0|2374|1445254
202404|ADM|27|45110|11200000|인천|수원시|서초동|2614000000|서초1동|1|25|3|9|113|45601|569|1949.0|1394|1108981
202404|ADM|44|42110|46110000|대구|서초구|서초동|2711000000|서초1동|2|20|2|5|140|39988|79|4736.0|3460|374144
202404|ADM|44|41150|41130000|경기|수원시|인계동|4311000000|인계동|2|65|2|2|99|24909|465|2658.0|2090|1235970
202404|ADM|44|26140|44130000|인천|성남시|인계동|2611000000|역삼1가|1|25|1|5|329|49981|575|4946.0|3726|2843950
202404|ADM|45|28110|11170000|서울|서초구|인계동|4311000000|서초1동|2|40|1|7|465|37360|47|1702.0|1700|79994
202404|CNTY_GU|26|11110|41150000|서울|성남시|역삼동|4511000000|인계동|1|25|0|2|882|21453|657|7491.0|6855|4921587
202404|ADM|44|43110|45110000|부산|서초구|역삼동|2611000000|인계동|2|25|1|7|345|23177|302|3878.0|3224|1171156
202404|CNTY_GU|41|11170|44130000|인천|수원시|역삼동|4711000000|인계동|1|55|1|4|97|8418|516|1985.0|1870|1024260
202404|ADM|42|11200|43110000|서울|강남구|역삼동|4211000000|인계동|2|70|1|10|549|40904|176|2417.0|1905|425392
202404|ADM|26|41130|43110000|대구|성남시|서초동|4111000000|인계동|1|40|3|5|416|32166|114|5653.0|4006|644442
202404|ADM|43|42110|47110000|대구|수원시|서초동|1114000000|인계동|1|60|2|6|842|10243|313|6175.0|4998|1932775
202404|ADM|41|11110|27110000|경기|성남시|인계동|4111000000|인계동|1|60|2|8|35|11769|124|1743.0|1407|216132
202404|ADM|44|44130|26140000|서울|성남시|인계동|2611000000|인계동|2|55|2|9|288|9671|97|6284.0|4662|609548
202404|ADM|42|11170|11140000|경기|서초구|역삼동|2811000000|역삼1가|2|65|1|1|696|12174|458|7547.0|6710|3456526
202404|ADM|42|41150|11200000|부산|강남구|서초동|1111000000|역삼1가|1|30|1|4|10|19503|489|3033.0|2474|1483137
202404|CNTY_GU|43|44130|27110000|서울|성남시|역삼동|4413000000|인계동|2|25|1|1|563|39086|740|5318.0|4198|3935320
202404|CNTY_GU|43|11200|11140000|경기|수원시|인계동|1117000000|인계동|1|45|0|1|670|49802|466|6598.0|5814|3074668
202404|ADM|44|27110|43110000|경기|강남구|역삼동|4111000000|서초1동|2|45|1|5|33|23969|439|7593.0|6961|3333327
202404|ADM|11|41110|26140000|부산|서초구|역삼동|1114000000|역삼1가|2|40|0|5|562|29032|475|2145.0|2139|1018875
202404|ADM|46|41130|26140000|경기|강남구|인계동|2614000000|인계동|2|70|0|8|930|29231|793|7219.0|6970|5724667
202404|CNTY_GU|26|44130|46110000|부산|성남시|인계동|4711000000|인계동|2|30|3|7|515|34315|294|1281.0|902|376614
202404|ADM|27|47110|11140000|경기|수원시|인계동|1120000000|서초1동|1|70|1|10|172|35957|549|4878.0|3636|2678022
202404|ADM|45|27110|41150000|서울|서초구|서초동|1117000000|서초1동|2|40|0|3|784|9414|2|2155.0|1861|4310
202404|CNTY_GU|11|41150|41150000|경기|강남구|인계동|4611000000|역삼1가|2|60|1|6|59|30808|141|1792.0|1503|252672
202404|CNTY_GU|41|46110|47110000|대구|성남시|역삼동|1114000000|인계동|2|40|1|2|849|22539|674|2720.0|2616|1833280
202404|ADM|44|41150|27110000|부산|수원시|인계동|4711000000|서초1동|2|45|3|5|953|41388|338|2097.0|1980|708786
202404|CNTY_GU|45|11110|46110000|인천|수원시|역삼동|4311000000|역삼1가|2|55|0|2|144|46896|334|1352.0|1160|451568
202404|ADM|46|26140|42110000|경기|강남구|인계동|2711000000|역삼1가|2|45|2|10|274|20890|181|3102.0|3054|561462
202404|ADM|44|42110|27110000|경기|성남시|서초동|4211000000|역삼1가|2|65|0|6|832|30640|348|1768.0|1428|615264
202404|CNTY_GU|27|47110|41110000|인천|서초구|인계동|4115000000|역삼1가|2|45|0|1|741|16442|465|3682.0|3297|1712130
202404|CNTY_GU|41|11200|28110000|대구|수원시|역삼동|4115000000|역삼1가|2|20|0|4|540|7574|719|3118.0|2833|2241842
202404|ADM|11|11200|41150000|경기|강남구|역삼동|1120000000|역삼1가|2|60|0|8|673|11463|4|4643.0|3958|18572
202404|ADM|45|42110|26140000|대구|수원시|서초동|4611000000|서초1동|1|45|3|8|871|43255|485|6967.0|5327|3378995
202404|ADM|11|11140|26140000|경기|강남구|서초동|2811000000|역삼1가|1|55|0|8|714|19471|698|1980.0|1478|1382040
202404|CNTY_GU|26|47110|43110000|서울|서초구|인계동|4211000000|역삼1가|1|40|1|7|567|9788|409|6988.0|5230|2858092
202404|ADM|47|46110|47110000|부산|강남구|역삼동|4311000000|서초1동|1|55|1|10|387|15738|161|4773.0|3896|768453
202404|CNTY_GU|26|41130|41130000|서울|서초구|역삼동|4211000000|역삼1가|1|55|0|10|894|32836|590|7955.0|7170|4693450
202404|CNTY_GU|27|26140|26140000|부산|성남시|역삼동|4111000000|역삼1가|2|70|1|5|572|24133|457|3853.0|3055|1760821
202404|CNTY_GU|42|28110|11140000|대구|강남구|인계동|2811000000|인계동|1|40|2|10|832|11828|250|1686.0|1615|421500
202404|CNTY_GU|26|41130|46110000|서울|서초구|역삼동|4113000000|서초1동|1|30|2|7|856|26243|689|2471.0|2171|1702519
202404|ADM|44|45110|46110000|인천|성남시|서초동|4113000000|인계동|2|45|0|1|325|44253|29|1012.0|846|29348
202404|ADM|41|43110|11200000|서울|성남시|인계동|4413000000|서초1동|1|55|0|8|743|25723|776|7063.0|5625|5480888
202404|ADM|27|28110|44130000|인천|수원시|역삼동|4413000000|서초1동|2|45|1|3|643|48795|562|4959.0|3639|2786958
202404|CNTY_GU|43|41150|42110000|인천|수원시|역삼동|4211000000|역삼1가|1|65|0|9|228|21605|548|7174.0|6205|3931352
202404|PRVNC|41|41130|46110000|서울|수원시|인계동|2711000000|인계동|2|70|0|3|568|16650|517|5222.0|4247|2699774
202404|ADM|27|11170|41110000|서울|서초구|인계동|4111000000|역삼1가|2|70|0|5|954|31476|790|7537.0|7453|5954230
202404|ADM|46|26140|26110000|인천|강남구|서초동|1111000000|역삼1가|1|30|0|9|535|43148|344|2653.0|2447|912632
202404|ADM|43|11200|26140000|대구|성남시|역삼동|2611000000|역삼1가|1|35|3|8|688|41366|788|3323.0|2460|2618524
202404|ADM|46|41130|43110000|경기|서초구|역삼동|2811000000|인계동|2|35|0|2|109|45776|39|6579.0|5702|256581
202404|CNTY_GU|41|47110|11200000|대구|성남시|인계동|4115000000|서초1동|2|70|0|10|389|7419|743|6753.0|6497|5017479
202404|CNTY_GU|47|43110|41150000|서울|강남구|서초동|2711000000|서초1동|2|60|1|5|23|39168|752|7691.0|7550|5783632
202404|CNTY_GU|46|42110|45110000|서울|강남구|서초동|1111000000|서초1동|1|30|1|6|366|6468|218|7208.0|7059|1571344
202404|ADM|11|41110|11170000|경기|강남구|역삼동|1120000000|역삼1가|1|40|1|1|342|39935|585|3321.0|3138|1942785
202404|CNTY_GU|26|27110|41110000|서울|수원시|역삼동|1117000000|인계동|1|70|1|1|189|16951|312|5728.0|4485|1787136
202404|ADM|45|11200|26110000|서울|수원시|역삼동|4311000000|서초1동|1|30|0|5|497|36562|1|7620.0|6779|7620
202404|CNTY_GU|27|46110|41110000|경기|수원시|인계동|4611000000|서초1동|2|50|2|4|504|22492|421|2856.0|2607|1202376
202404|CNTY_GU|45|11110|11200000|인천|강남구|서초동|4413000000|인계동|2|55|0|1|552|8142|163|1729.0|1642|281827
202404|CNTY_GU|42|46110|26140000|대구|서초구|인계동|4111000000|역삼1가|2|25|3|1|397|36138|187|4522.0|4367|845614
202404|ADM|27|11200|11170000|부산|수원시|서초동|1117000000|역삼1가|1|40|1|8|517|21005|445|4329.0|3720|1926405
202404|ADM|27|44130|27110000|부산|수원시|서초동|4611000000|인계동|2|65|1|6|579|11947|793|5859.0|4669|4646187
202404|PRVNC|27|45110|42110000|부산|서초구|인계동|4111000000|역삼1가|2|20|0|6|145|18821|19|2380.0|2041|45220
202404|CNTY_GU|44|46110|26140000|인천|서초구|역삼동|4311000000|역삼1가|1|50|1|6|481|13326|370|4140.0|4043|1531800
202404|CNTY_GU|11|47110|45110000|서울|서초구|서초동|2614000000|인계동|2|65|1|10|817|14391|367|5091.0|4367|1868397
202404|ADM|26|41110|41150000|경기|서초구|인계동|2614000000|서초1동|2|40|1|5|705|24718|599|5079.0|3769|3042321
202404|ADM|46|41130|47110000|서울|수원시|서초동|4113000000|역삼1가|1|35|3|10|719|25698|790|1497.0|1243|1182630
202404|ADM|41|11110|42110000|인천|강남구|역삼동|4211000000|서초1동|1|55|1|3|294|19933|449|1713.0|1590|769137
202404|CNTY_GU|44|45110|11200000|부산|수원시|서초동|1114000000|서초1동|1|40|0|8|863|16727|592|4530.0|4494|2681760
202404|ADM|27|41130|41130000|인천|강남구|서초동|2711000000|역삼1가|1|40|1|7|488|42145|111|3594.0|2971|398934
202404|ADM|11|11110|42110000|인천|서초구|인계동|4611000000|역삼1가|2|35|0|3|883|28664|787|2212.0|2077|1740844
202404|ADM|42|26140|41110000|부산|서초구|인계동|4115000000|서초1동|1|70|1|2|157|15420|761|6637.0|5189|5050757
202404|ADM|27|45110|11140000|서울|성남시|역삼동|1114000000|역삼1가|1|60|3|2|832|26628|318|3922.0|3173|1247196
202404|ADM|45|27110|11200000|부산|수원시|서초동|4211000000|인계동|1|30|0|7|296|49877|575|5053.0|3988|2905475
202404|CNTY_GU|46|26110|26110000|부산|서초구|서초동|4413000000|인계동|2|35|0|2|664|5359|72|5816.0|5254|418752
202404|CNTY_GU|46|26110|28110000|대구|서초구|인계동|4511000000|인계동|1|65|0|7|17|46543|467|6074.0|5923|2836558
202404|ADM|44|11170|45110000|인천|수원시|역삼동|1120000000|인계동|1|60|1|7|440|10904|772|3336.0|3154|2575392
202404|PRVNC|11|41130|11110000|대구|성남시|역삼동|1117000000|인계동|2|40|2|8|779|16317|126|1171.0|1028|147546
202404|PRVNC|46|26110|47110000|경기|성남시|역삼동|4413000000|서초1동|1|55|2|2|635|31413|692|4783.0|4115|3309836
202404|CNTY_GU|46|41130|41110000|인천|성남시|역삼동|4611000000|역삼1가|1|25|1|2|310|14820|781|2677.0|2556|2090737
202404|CNTY_GU|26|41110|47110000|부산|강남구|인계동|2611000000|인계동|2|30|2|3|247|49064|451|7800.0|7654|3517800
202404|CNTY_GU|42|42110|42110000|인천|서초구|서초동|1117000000|인계동|1|65|3|5|230|38082|628|7264.0|6782|4561792
202404|ADM|47|41130|28110000|경기|서초구|서초동|4413000000|역삼1가|2|50|0|1|922|30920|186|7127.0|6392|1325622
202404|ADM|46|11140|11140000|인천|서초구|서초동|4311000000|서초1동|2|30|1|5|301|22617|358|6477.0|6082|2318766
202404|ADM|27|11110|43110000|인천|강남구|역삼동|4611000000|역삼1가|1|45|2|1|632|46851|591|7978.0|6750|4714998
202404|ADM|44|26140|41150000|서울|강남구|역삼동|4211000000|역삼1가|2|45|0|2|11|21139|345|7691.0|6362|2653395
202404|PRVNC|41|26140|27110000|대구|서초구|서초동|4611000000|서초1동|1|70|1|4|598|49641|18|2239.0|2214|40302
202404|PRVNC|46|28110|44130000|부산|서초구|역삼동|4511000000|인계동|2|20|2|6|649|49470|656|5301.0|4588|3477456
202404|CNTY_GU|47|42110|42110000|서울|서초구|서초동|4511000000|역삼1가|1|55|0|5|580|35799|731|4458.0|3890|3258798
202404|CNTY_GU|45|47110|26110000|경기|서초구|역삼동|4413000000|역삼1가|2|60|0|8|833|36420|472|1222.0|898|576784
202404|PRVNC|41|43110|11170000|인천|성남시|인계동|2811000000|서초1동|1|60|2|2|683|31531|558|6489.0|5544|3620862
202404|CNTY_GU|41|27110|42110000|인천|서초구|인계동|1114000000|인계동|1|60|0|1|210|47808|125|1766.0|1436|220750
202404|ADM|43|11200|11170000|서울|강남구|인계동|2811000000|인계동|1|55|1|10|685|31085|143|7503.0|5880|1072929
202404|PRVNC|47|27110|41110000|경기|서초구|서초동|2611000000|인계동|2|40|0|5|236|47595|734|5870.0|5808|4308580
202404|CNTY_GU|41|26110|47110000|대구|강남구|역삼동|4711000000|역삼1가|1|20|2|7|44|14065|134|2686.0|2629|359924
202404|ADM|43|41130|43110000|경기|강남구|서초동|2711000000|인계동|1|70|1|8|929|24329|750|1254.0|1245|940500
202404|ADM|45|42110|26140000|경기|강남구|인계동|4611000000|인계동|2|35|0|3|424|12481|49|7914.0|6370|387786
202404|CNTY_GU|41|26110|47110000|대구|강남구|인계동|2711000000|인계동|1|35|3|1|432|5182|380|6658.0|5959|2530040
202404|ADM|41|41150|46110000|대구|성남시|서초동|4111000000|서초1동|2|30|0|9|975|18431|617|4089.0|3240|2522913
202404|CNTY_GU|41|27110|41110000|서울|강남구|서초동|4211000000|역삼1가|1|40|3|7|607|47133|78|6631.0|5526|517218
202404|CNTY_GU|42|41110|11110000|경기|강남구|서초동|2711000000|역삼1가|2|40|3|6|758|19880|104|6404.0|4994|666016
202404|ADM|11|26110|46110000|대구|강남구|서초동|4211000000|서초1동|2|40|2|9|876|41917|591|5281.0|4622|3121071
202404|ADM|11|41130|45110000|대구|수원시|역삼동|1114000000|서초1동|2|40|2|5|191|17494|417|4628.0|3640|1929876
202404|CNTY_GU|44|11140|47110000|인천|서초구|서초동|4115000000|인계동|2|55|2|1|152|35728|643|1305.0|1028|839115
202404|ADM|47|41110|46110000|부산|강남구|인계동|2711000000|서초1동|2|70|1|8|427|13654|288|3083.0|2547|887904
202404|CNTY_GU|46|28110|41110000|경기|수원시|인계동|1117000000|인계동|2|45|0|9|73|26660|594|3171.0|2241|1883574
202404|PRVNC|47|27110|11110000|경기|강남구|서초동|4111000000|인계동|2|70|0|4|461|38923|440|1762.0|1708|775280
202404|CNTY_GU|46|46110|27110000|대구|성남시|인계동|1117000000|서초1동|1|25|0|2|543|44807|55|5964.0|4572|328020
202404|ADM|46|44130|27110000|부산|성남시|인계동|4511000000|인계동|2|40|1|9|978|21782|3|2132.0|1895|6396
202404|CNTY_GU|11|41130|26140000|부산|성남시|서초동|4611000000|인계동|1|20|0|1|169|31119|736|2812.0|2025|2069632
202404|PRVNC|46|46110|44130000|경기|수원시|인계동|2614000000|서초1동|2|50|1|1|951|31182|170|5531.0|4504|940270
202404|PRVNC|42|42110|44130000|서울|서초구|역삼동|2614000000|인계동|2|70|0|9|242|25120|637|4637.0|3307|2953769
202404|ADM|44|41150|11110000|서울|수원시|서초동|2614000000|인계동|1|30|3|3|77|22901|162|4877.0|4873|790074
202404|ADM|46|41110|46110000|부산|성남시|서초동|4511000000|인계동|2|55|0|8|846|46938|740|6978.0|6703|5163720
202404|CNTY_GU|11|26110|26140000|경기|성남시|인계동|1111000000|서초1동|2|60|2|6|265|24773|272|4029.0|3850|1095888
202404|ADM|27|26140|11170000|인천|강남구|서초동|1117000000|역삼1가|1|25|0|10|296|38166|518|5326.0|4057|2758868
202404|CNTY_GU|11|47110|26110000|부산|성남시|역삼동|1111000000|역삼1가|2|40|1|9|73|24166|748|5382.0|4685|4025736
202404|CNTY_GU|42|42110|11140000|부산|성남시|서초동|4115000000|역삼1가|2|30|0|5|535|29069|446|0.0|0|0
202404|PRVNC|45|11140|11170000|서울|성남시|인계동|4413000000|인계동|1|40|1|8|194|30902|356|4551.0|3703|1620156
202404|ADM|42|11200|26140000|인천|강남구|서초동|4211000000|역삼1가|1|60|0|2|607|13755|393|4840.0|3438|1902120
202404|CNTY_GU|43|47110|11140000|부산|강남구|역삼동|1117000000|역삼1가|1|35|1|10|449|15422|207|1989.0|1643|411723
202404|CNTY_GU|27|11200|11170000|인천|수원시|역삼동|2711000000|인계동|1|70|1|10|271|35638|38|1894.0|1832|71972
202404|CNTY_GU|27|41130|26110000|부산|강남구|서초동|4711000000|서초1동|1|60|2|3|600|49245|417|2830.0|2075|1180110
202404|ADM|43|27110|44130000|경기|강남구|인계동|4511000000|역삼1가|1|35|0|6|154|35566|632|3978.0|2888|2514096
202404|ADM|11|43110|11200000|경기|성남시|인계동|1114000000|인계동|2|40|0|10|812|32047|146|4022.0|3537|587212
202404|CNTY_GU|42|45110|46110000|경기|성남시|역삼동|1117000000|역삼1가|1|50|3|4|692|49905|738|2598.0|1995|1917324
202404|CNTY_GU|47|28110|47110000|서울|수원시|역삼동|4413000000|역삼1가|2|50|1|2|87|36269|612|3784.0|3090|2315808
202404|CNTY_GU|43|11110|26140000|서울|수원시|역삼동|4211000000|인계동|1|50|2|10|994|44810|528|3040.0|2492|1605120
202404|ADM|11|27110|11110000|인천|수원시|인계동|1114000000|서초1동|1|40|0|2|281|20562|257|7317.0|6658|1880469
202404|ADM|42|11110|26110000|대구|수원시|서초동|2611000000|서초1동|1|70|1|2|964|41545|574|5590.0|3960|3208660
202404|ADM|41|11200|11170000|서울|수원시|역삼동|4115000000|역삼1가|1|25|1|5|609|43715|786|7593.0|6816|5968098
202404|CNTY_GU|44|27110|11110000|경기|수원시|서초동|4413000000|역삼1가|2|50|2|5|920|41985|231|5544.0|4696|1280664
202404|CNTY_GU|44|11140|44130000|서울|수원시|서초동|4311000000|역삼1가|1|20|1|3|459|21518|505|4738.0|4045|2392690
202404|ADM|47|11110|11140000|경기|성남시|역삼동|1114000000|서초1동|2|50|2|9|770|38403|338|0.0|0|0
202404|ADM|44|26140|43110000|서울|수원시|서초동|1120000000|서초1동|2|30|0|1|308|42513|490|2859.0|2551|1400910
202404|ADM|27|11110|42110000|대구|수원시|인계동|4113000000|서초1동|1|25|0|10|694|31807|204|2246.0|2028|458184
202404|ADM|26|26110|28110000|경기|강남구|역삼동|4113000000|인계동|1|25|0|7|177|15209|234|6592.0|5205|1542528
202404|ADM|26|11140|26140000|대구|강남구|역삼동|4711000000|역삼1가|1|70|1|3|146|13345|701|3727.0|3562|2612627
202404|PRVNC|44|41130|27110000|부산|강남구|인계동|4413000000|역삼1가|2|30|1|5|708|42631|145|2272.0|2010|329440
202404|ADM|43|44130|26140000|경기|수원시|서초동|2611000000|역삼1가|2|40|2|1|32|13173|671|3921.0|3286|2630991
202404|ADM|41|45110|26140000|경기|서초구|역삼동|1117000000|인계동|1|45|2|10|234|47794|64|4445.0|3780|284480
202404|CNTY_GU|45|41150|26110000|서울|성남시|역삼동|1111000000|서초1동|1|20|0|8|488|31680|719|5696.0|4406|4095424
202404|PRVNC|26|11140|47110000|대구|성남시|인계동|4111000000|서초1동|1|70|2|10|684|14131|684|7959.0|7454|5443956
202404|CNTY_GU|45|11140|46110000|대구|수원시|인계동|1117000000|인계동|1|20|3|1|578|14376|744|7821.0|6127|5818824
202404|ADM|44|43110|45110000|부산|서초구|인계동|4113000000|인계동|1|65|2|10|916|6502|783|7123.0|6224|5577309
202404|ADM|26|43110|45110000|서울|강남구|인계동|4115000000|서초1동|1|20|2|9|724|31753|762|6791.0|6656|5174742
202404|ADM|47|26110|26110000|대구|성남시|인계동|4413000000|인계동|1|40|3|6|215|42063|174|7507.0|6497|1306218
202404|ADM|46|47110|45110000|경기|서초구|인계동|4113000000|역삼1가|2|60|3|7|703|38228|704|6010.0|4275|4231040
202404|CNTY_GU|45|41150|28110000|부산|수원시|인계동|2711000000|서초1동|2|20|0|4|721|31263|794|1685.0|1668|1337890
202404|CNTY_GU|44|28110|11170000|인천|수원시|역삼동|4511000000|서초1동|2|60|1|6|850|31504|438|2674.0|2324|1171212
202404|ADM|26|41150|43110000|서울|성남시|서초동|4115000000|서초1동|1|45|1|10|800|16007|493|4235.0|3196|2087855
202404|CNTY_GU|47|11110|47110000|경기|수원시|인계동|4211000000|서초1동|2|45|0|9|627|41952|706|6494.0|5513|4584764
202404|CNTY_GU|26|43110|45110000|서울|성남시|인계동|4711000000|서초1동|2|30|0|4|633|29098|630|6383.0|5174|4021290
202404|CNTY_GU|46|11200|11110000|서울|수원시|역삼동|4711000000|인계동|2|35|1|6|455|42505|638|7145.0|5900|4558510
202404|ADM|42|11110|11170000|경기|서초구|인계동|4311000000|인계동|2|60|1|4|325|49279|790|2092.0|1768|1652680
202404|PRVNC|44|41150|11170000|서울|서초구|서초동|1117000000|서초1동|1|20|1|4|957|44582|671|5180.0|4911|3475780
202404|ADM|11|11110|47110000|부산|수원시|인계동|1111000000|인계동|2|35|2|7|239|47383|780|6382.0|4928|4977960
202404|ADM|41|11110|41130000|부산|수원시|인계동|4113000000|인계동|2|40|2|5|840|38786|738|3756.0|3373|2771928
202404|ADM|11|11170|44130000|부산|수원시|인계동|1117000000|서초1동|2|35|0|7|787|18837|455|3392.0|3106|1543360
202404|CNTY_GU|45|47110|11170000|인천|수원시|역삼동|4611000000|역삼1가|2|35|0|10|616|17903|469|5626.0|5592|2638594
202404|PRVNC|27|47110|41110000|경기|강남구|서초동|2711000000|인계동|1|30|1|2|325|35997|423|7210.0|5726|3049830
202404|ADM|41|28110|27110000|부산|서초구|서초동|2611000000|서초1동|1|30|0|5|711|15916|257|4183.0|3179|1075031
202404|ADM|26|26140|41110000|부산|강남구|서초동|2711000000|서초1동|2|50|3|2|806|27976|541|3923.0|3846|2122343
202404|PRVNC|26|28110|42110000|경기|강남구|서초동|4211000000|서초1동|1|50|1|1|598|36251|483|1534.0|1511|740922
202404|CNTY_GU|43|41150|41110000|경기|수원시|인계동|2614000000|인계동|2|70|0|1|840|17893|178|2751.0|2567|489678
202404|PRVNC|41|41130|11140000|대구|성남시|인계동|1117000000|서초1동|2|45|0|4|510|9854|687|1558.0|1271|1070346
202404|CNTY_GU|11|26140|44130000|부산|성남시|인계동|2811000000|서초1동|2|40|2|1|870|11436|1|7418.0|7354|7418
202404|CNTY_GU|46|26110|46110000|인천|성남시|서초동|4111000000|인계동|1|25|0|8|403|36440|373|6905.0|6042|2575565
202404|ADM|27|41110|41130000|경기|서초구|역삼동|4711000000|역삼1가|2|55|0|4|816|10716|662|5989.0|4584|3964718
202404|ADM|11|26110|11200000|경기|강남구|서초동|1114000000|서초1동|2|45|0|3|68|40473|489|2504.0|2372|1224456
202404|CNTY_GU|11|28110|44130000|경기|서초구|역삼동|4413000000|서초1동|2|60|2|10|900|6089|90|4240.0|3580|381600
202404|ADM|42|11110|41150000|대구|서초구|역삼동|2611000000|역삼1가|1|30|2|7|667|39519|253|1083.0|776|273999
202404|ADM|43|11200|45110000|인천|성남시|서초동|1117000000|인계동|1|50|0|8|929|33736|368|7727.0|7212|2843536
202404|CNTY_GU|26|47110|41150000|인천|서초구|서초동|1117000000|역삼1가|2|55|2|8|922|16834|586|1371.0|1295|803406
202404|ADM|41|27110|42110000|대구|서초구|역삼동|2811000000|인계동|2|40|1|3|493|17189|254|5216.0|4990|1324864
202404|CNTY_GU|41|28110|44130000|부산|성남시|서초동|4115000000|서초1동|2|45|2|7|657|28679|377|4472.0|3348|1685944
202404|ADM|11|11200|11110000|부산|성남시|서초동|4211000000|서초1동|2|25|0|2|291|31344|467|5109.0|4091|2385903
202404|CNTY_GU|44|45110|26110000|경기|수원시|서초동|4311000000|역삼1가|2|35|0|6|976|42788|432|1578.0|1479|681696
202404|ADM|41|26110|28110000|경기|강남구|역삼동|1117000000|인계동|1|30|2|10|189|39027|153|3528.0|3275|539784
202404|CNTY_GU|45|26110|43110000|서울|수원시|역삼동|4115000000|역삼1가|2|40|1|3|189|28376|403|6797.0|6564|2739191
202404|ADM|11|28110|26110000|인천|서초구|역삼동|1111000000|인계동|1|25|3|8|391|5217|742|6843.0|5914|5077506
202404|ADM|11|44130|28110000|경기|강남구|인계동|2811000000|인계동|1|60|2|1|434|46467|527|3824.0|3033|2015248
202404|ADM|46|44130|11110000|인천|강남구|인계동|4711000000|역삼1가|1|55|0|6|253|24949|633|5096.0|4194|3225768
202404|ADM|41|11200|41150000|인천|서초구|인계동|4115000000|역삼1가|2|65|1|2|962|43210|582|6603.0|5204|3842946
202404|CNTY_GU|41|11200|42110000|서울|강남구|역삼동|4413000000|역삼1가|2|70|0|10|842|17228|67|5351.0|4776|358517
202404|ADM|42|26110|41130000|인천|강남구|역삼동|1111000000|역삼1가|2|50|2|5|202|21514|369|3925.0|3330|1448325
202404|CNTY_GU|44|11200|41110000|부산|서초구|인계동|4611000000|인계동|1|60|0|10|841|32615|262|7553.0|6572|1978886
202404|ADM|45|41110|47110000|대구|서초구|서초동|2711000000|역삼1가|1|45|3|10|313|37835|402|7961.0|7178|3200322
202404|CNTY_GU|45|26110|11140000|경기|수원시|서초동|4413000000|역삼1가|1|60|2|2|442|11453|37|2889.0|2229|106893
202404|CNTY_GU|46|11140|43110000|경기|성남시|인계동|2711000000|역삼1가|2|45|1|6|982|40729|184|1341.0|1298|246744
202404|ADM|43|44130|41150000|인천|강남구|인계동|4211000000|인계동|2|55|1|7|808|30670|4|6536.0|4666|26144
202404|ADM|27|26140|28110000|대구|성남시|서초동|4113000000|인계동|1|35|3|5|351|41606|45|1750.0|1353|78750
202404|ADM|43|26110|11200000|서울|성남시|인계동|4413000000|서초1동|1|55|3|7|640|31374|340|6675.0|4921|2269500
202404|ADM|27|11170|46110000|인천|성남시|서초동|4611000000|인계동|2|50|3|5|802|29660|625|6457.0|5316|4035625
202404|ADM|42|44130|46110000|부산|서초구|서초동|4111000000|서초1동|2|35|2|9|574|33776|265|1443.0|1419|382395
202404|PRVNC|11|41150|26140000|서울|서초구|역삼동|1111000000|역삼1가|1|55|0|7|246|27776|623|4837.0|4585|3013451
202404|ADM|42|26140|42110000|서울|수원시|역삼동|2611000000|인계동|2|40|0|5|810|9550|417|6056.0|5135|2525352
202404|CNTY_GU|43|45110|11140000|서울|성남시|인계동|2614000000|인계동|2|50|0|9|352|20276|537|1565.0|1284|840405
202404|PRVNC|41|26140|11110000|경기|수원시|인계동|1114000000|인계동|2|55|3|7|805|49065|234|6812.0|4848|1594008
202404|ADM|26|26110|47110000|서울|서초구|서초동|4111000000|역삼1가|2|55|3|3|539|16388|338|1762.0|1492|595556
202404|CNTY_GU|11|27110|45110000|경기|강남구|인계동|4115000000|역삼1가|1|55|0|4|799|24641|267|4754.0|3690|1269318
202404|PRVNC|26|11110|11110000|경기|수원시|역삼동|4111000000|인계동|2|40|0|1|823|14879|338|1141.0|799|385658
202404|ADM|41|28110|11140000|부산|수원시|역삼동|1120000000|역삼1가|1|50|2|5|545|25648|766|1778.0|1695|1361948
202404|CNTY_GU|47|43110|11170000|경기|수원시|인계동|2711000000|서초1동|2|65|1|6|325|40074|93|6136.0|5624|570648
202404|CNTY_GU|42|28110|11110000|대구|강남구|인계동|4413000000|인계동|1|25|1|6|320|37311|700|1552.0|1523|1086400
202404|CNTY_GU|47|41130|27110000|서울|서초구|서초동|1117000000|인계동|2|60|3|8|34|9604|737|7290.0|6126|5372730
202404|CNTY_GU|26|27110|27110000|서울|성남시|서초동|4113000000|인계동|1|30|1|3|403|46595|13|1164.0|988|15132
202404|ADM|47|44130|42110000|대구|성남시|서초동|4413000000|인계동|2|45|1|4|207|33572|326|5390.0|4679|1757140
202404|ADM|47|47110|11170000|서울|서초구|역삼동|4711000000|역삼1가|2|30|2|8|681|35792|483|3562.0|3436|1720446
202404|CNTY_GU|11|41130|45110000|경기|성남시|역삼동|4111000000|역삼1가|1|60|1|8|661|39621|242|5239.0|3990|1267838
202404|ADM|11|42110|44130000|부산|강남구|역삼동|2711000000|역삼1가|1|20|1|5|910|35001|116|5348.0|3853|620368
202404|CNTY_GU|44|41150|42110000|대구|강남구|서초동|4115000000|인계동|2|55|2|8|164|44318|314|5506.0|4951|1728884
202404|ADM|27|45110|47110000|경기|수원시|인계동|2811000000|서초1동|2|40|3|9|722|36260|632|4990.0|4255|3153680
202404|ADM|44|46110|11200000|경기|성남시|역삼동|4413000000|인계동|1|35|3|5|231|49504|385|7687.0|6747|2959495
202404|CNTY_GU|44|46110|44130000|서울|강남구|서초동|2611000000|서초1동|2|70|2|8|791|35547|669|4568.0|4413|3055992
202404|CNTY_GU|11|11140|28110000|인천|강남구|인계동|2614000000|서초1동|2|35|0|3|808|42654|297|6966.0|6770|2068902
202404|CNTY_GU|46|28110|27110000|경기|성남시|인계동|2611000000|인계동|1|30|3|6|291|29317|529|3920.0|3189|2073680
202404|PRVNC|46|41110|42110000|경기|성남시|인계동|4413000000|서초1동|1|40|2|3|971|19908|621|5275.0|4782|3275775
202404|ADM|42|44130|26110000|경기|서초구|서초동|4111000000|인계동|2|35|0|7|438|28185|539|5766.0|4887|3107874
202404|CNTY_GU|47|41130|11110000|대구|강남구|인계동|4311000000|인계동|2|55|1|4|634|11979|358|3710.0|3215|1328180
202404|ADM|43|41110|26140000|인천|서초구|역삼동|1114000000|서초1동|1|20|1|9|746|26433|681|7182.0|6779|4890942
202404|CNTY_GU|45|41130|44130000|인천|수원시|인계동|4413000000|서초1동|2|55|2|10|605|37734|136|2896.0|2270|393856
202404|CNTY_GU|27|41150|11140000|인천|서초구|역삼동|4511000000|서초1동|1|40|0|4|870|39317|84|6785.0|4935|569940
202404|PRVNC|44|41150|45110000|인천|서초구|인계동|1117000000|인계동|2|60|1|1|67|22644|31|2328.0|2106|72168
202404|ADM|47|43110|46110000|경기|서초구|인계동|1114000000|서초1동|1|40|2|8|512|26033|2|6005.0|4753|12010
202404|CNTY_GU|45|27110|41110000|서울|서초구|인계동|4113000000|인계동|2|20|0|10|790|30877|284|6824.0|5386|1938016
202404|ADM|44|41130|26110000|경기|성남시|역삼동|4611000000|서초1동|1|60|1|10|18|11187|98|3046.0|2246|298508
202404|CNTY_GU|42|11170|44130000|경기|서초구|인계동|4511000000|서초1동|1|30|1|3|475|33213|155|2791.0|2750|432605
202404|CNTY_GU|26|41110|26110000|경기|수원시|인계동|2711000000|인계동|2|45|0|1|885|26991|36|7583.0|7205|272988
202404|CNTY_GU|41|27110|11200000|서울|서초구|서초동|4611000000|서초1동|1|60|0|1|328|38575|330|5436.0|4997|1793880
202404|CNTY_GU|45|11110|43110000|대구|수원시|역삼동|2811000000|역삼1가|1|70|0|5|97|33651|511|7028.0|6065|3591308
202404|CNTY_GU|43|11200|26140000|인천|수원시|서초동|4211000000|인계동|2|35|1|3|384|12918|207|7638.0|5413|1581066
202404|ADM|26|47110|41150000|인천|강남구|인계동|4711000000|서초1동|1|60|1|2|529|30422|219|7634.0|7567|1671846
202404|CNTY_GU|27|41130|11200000|대구|강남구|인계동|1117000000|역삼1가|1|60|3|2|89|20273|777|6738.0|5113|5235426
202404|CNTY_GU|42|11110|47110000|대구|성남시|역삼동|4311000000|역삼1가|2|70|0|4|479|32795|39|5333.0|4877|207987
202404|CNTY_GU|11|46110|11200000|경기|강남구|역삼동|2811000000|인계동|1|60|0|1|659|33265|672|7632.0|6594|5128704
202404|PRVNC|42|11170|47110000|대구|수원시|서초동|2611000000|인계동|1|25|1|9|962|22184|53|3330.0|2611|176490
202404|ADM|47|41150|43110000|인천|성남시|인계동|2811000000|서초1동|1|70|0|10|667|32617|630|4816.0|4030|3034080
202404|ADM|45|11110|28110000|인천|수원시|역삼동|2614000000|인계동|1|20|0|2|124|12867|783|4165.0|3635|3261195
202404|CNTY_GU|47|45110|42110000|대구|강남구|인계동|4115000000|인계동|2|40|2|6|934|22098|245|3381.0|3078|828345
202404|ADM|47|41150|46110000|대구|서초구|역삼동|1117000000|역삼1가|1|40|1|1|664|37434|180|3291.0|3039|592380
202404|CNTY_GU|11|45110|41150000|대구|강남구|역삼동|4115000000|역삼1가|1|45|0|1|841|28342|191|7805.0|5544|1490755
202404|PRVNC|41|26140|47110000|서울|강남구|인계동|4115000000|인계동|2|35|2|3|311|6691|328|3456.0|3322|1133568
202404|CNTY_GU|27|46110|46110000|서울|서초구|역삼동|4413000000|서초1동|1|30|0|9|31|25424|216|1741.0|1594|376056
202404|CNTY_GU|44|46110|45110000|경기|서초구|역삼동|4211000000|서초1동|2|60|0|8|434|16461|215|3979.0|3719|855485
202404|PRVNC|11|41110|46110000|경기|수원시|인계동|4211000000|서초1동|1|55|0|8|357|45297|136|3621.0|2911|492456
202404|ADM|44|41150|46110000|부산|성남시|인계동|4611000000|인계동|1|45|3|2|416|46954|748|7545.0|6852|5643660
202404|ADM|41|27110|11110000|서울|수원시|인계동|4115000000|역삼1가|1|60|0|3|940|8082|238|6459.0|5707|1537242
202404|CNTY_GU|26|44130|41150000|경기|수원시|서초동|2611000000|인계동|1|65|0|6|348|21569|61|4482.0|3592|273402
202404|CNTY_GU|27|41150|42110000|부산|성남시|역삼동|4311000000|인계동|1|35|0|4|267|31395|253|6800.0|5102|1720400
202404|CNTY_GU|44|11170|11140000|인천|서초구|인계동|1114000000|인계동|2|40|1|8|880|20031|435|3830.0|3350|1666050
202404|ADM|42|27110|42110000|부산|서초구|인계동|2711000000|인계동|2|70|0|6|895|37769|94|2561.0|2384|240734
202404|ADM|46|27110|45110000|대구|수원시|서초동|1120000000|역삼1가|1|50|0|6|721|10613|383|5475.0|4398|2096925
202404|ADM|47|28110|43110000|대구|성남시|서초동|4413000000|인계동|1|35|1|6|124|43155|790|5351.0|5138|4227290
202404|ADM|43|41150|26140000|대구|서초구|인계동|4711000000|인계동|1|30|2|10|898|16284|554|3004.0|2885|1664216
202404|CNTY_GU|44|26110|41110000|부산|수원시|서초동|2614000000|인계동|1|70|1|6|40|15794|277|2198.0|2041|608846
202404|CNTY_GU|42|11200|46110000|인천|강남구|인계동|4711000000|인계동|2|45|1|8|809|20280|718|1061.0|783|761798
202404|ADM|41|28110|26110000|부산|서초구|역삼동|4711000000|서초1동|1|65|3|5|740|47055|266|3691.0|3152|981806
202404|ADM|44|27110|41110000|부산|수원시|인계동|2711000000|인계동|2|50|0|1|416|17582|3|6109.0|6076|18327
202404|ADM|11|46110|45110000|대구|성남시|인계동|1120000000|역삼1가|1|45|1|6|196|16449|193|6631.0|5158|1279783
202404|ADM|46|43110|41110000|부산|강남구|역삼동|4111000000|인계동|1|65|0|9|61|16206|16|3327.0|2364|53232
202404|CNTY_GU|44|26110|11140000|인천|성남시|서초동|4511000000|역삼1가|2|40|1|8|36|11737|397|5640.0|4825|2239080
202404|PRVNC|27|42110|45110000|인천|수원시|역삼동|4511000000|인계동|2|60|1|6|298|46855|303|0.0|0|0
202404|CNTY_GU|11|41150|26140000|대구|성남시|서초동|4311000000|역삼1가|2|45|2|10|475|34578|57|2312.0|2131|131784
202404|ADM|26|46110|27110000|경기|수원시|인계동|4111000000|서초1동|1|65|1|10|345|30223|323|4745.0|4662|1532635
202404|ADM|45|43110|45110000|경기|강남구|역삼동|2811000000|역삼1가|1|45|0|10|606|11123|155|3180.0|2637|492900
202404|CNTY_GU|44|41130|11140000|부산|강남구|인계동|4711000000|역삼1가|1|40|3|10|101|7224|712|2127.0|1998|1514424
202404|CNTY_GU|44|26110|43110000|부산|성남시|역삼동|4113000000|역삼1가|2|55|0|4|703|18824|483|2680.0|2451|1294440
202404|ADM|11|11200|44130000|경기|수원시|서초동|4511000000|서초1동|2|65|0|2|154|46899|225|2945.0|2654|662625
202404|ADM|11|27110|46110000|서울|성남시|서초동|4511000000|인계동|2|65|3|5|442|28928|602|3201.0|2271|1927002
202404|CNTY_GU|46|45110|26110000|부산|강남구|서초동|4311000000|역삼1가|1|45|2|3|22|41408|679|4586.0|4207|3113894
202404|CNTY_GU|42|46110|11110000|서울|강남구|역삼동|4511000000|역삼1가|2|45|3|2|929|18655|616|7103.0|6629|4375448
202404|ADM|41|47110|45110000|서울|성남시|서초동|4115000000|역삼1가|2|30|0|7|438|9517|74|7820.0|5649|578680
202404|CNTY_GU|11|47110|11170000|서울|성남시|서초동|2811000000|역삼1가|2|20|0|2|373|15237|402|5024.0|4885|2019648
202404|CNTY_GU|26|41110|46110000|부산|서초구|서초동|1120000000|역삼1가|1|70|1|1|169|15586|64|2707.0|2270|173248
202404|ADM|45|41150|43110000|부산|성남시|역삼동|1114000000|서초1동|2|55|0|2|232|32131|501|2362.0|2200|1183362
202404|CNTY_GU|45|11140|27110000|인천|강남구|서초동|1120000000|서초1동|2|50|2|5|271|13656|596|4269.0|3882|2544324
202404|ADM|27|11170|27110000|서울|서초구|인계동|4711000000|서초1동|1|50|0|7|95|49068|23|5722.0|5377|131606
202404|ADM|27|26110|42110000|서울|강남구|서초동|4511000000|인계동|2|20|0|10|480|36070|610|4696.0|3318|2864560
202404|CNTY_GU|41|11170|45110000|인천|수원시|인계동|4111000000|서초1동|2|45|1|7|146|23342|197|1924.0|1718|379028
202404|ADM|42|43110|11110000|대구|서초구|역삼동|2611000000|인계동|1|70|0|6|164|32063|78|5990.0|4764|467220
202404|CNTY_GU|46|45110|11110000|부산|수원시|인계동|1114000000|인계동|2|45|0|3|90|37141|227|3177.0|2581|721179
202404|PRVNC|42|11110|44130000|인천|서초구|서초동|2611000000|인계동|1|50|0|4|65|39475|794|4654.0|3447|3695276
202404|ADM|45|42110|27110000|인천|수원시|서초동|2611000000|인계동|2|40|0|7|829|5835|233|7015.0|6112|1634495
202404|ADM|46|26140|28110000|부산|서초구|역삼동|4511000000|역삼1가|2|25|1|2|765|27840|67|6133.0|5621|410911
202404|ADM|43|41110|11110000|경기|서초구|인계동|4311000000|역삼1가|1|40|1|1|676|22711|63|4685.0|3621|295155
202404|ADM|27|27110|26110000|서울|성남시|역삼동|1111000000|인계동|2|25|1|8|885|18600|707|7049.0|5264|4983643
202404|CNTY_GU|47|11170|41150000|경기|성남시|역삼동|1111000000|역삼1가|1|50|1|10|453|34084|524|2407.0|2371|1261268
202404|ADM|44|44130|45110000|서울|강남구|인계동|4311000000|인계동|2|70|0|10|337|15916|157|0.0|0|0
202404|ADM|44|26140|11170000|경기|서초구|역삼동|1117000000|역삼1가|2|40|0|7|429|16480|505|2880.0|2299|1454400
202404|CNTY_GU|47|28110|27110000|대구|서초구|인계동|4115000000|인계동|2|65|3|10|462|34869|20|6849.0|6605|136980
202404|CNTY_GU|44|41150|43110000|인천|서초구|인계동|2811000000|역삼1가|1|20|0|8|106|7902|546|6870.0|5671|3751020
202404|PRVNC|43|41110|44130000|인천|강남구|역삼동|1111000000|역삼1가|2|45|2|1|288|21822|684|2839.0|2269|1941876
202404|ADM|46|11200|41110000|부산|서초구|인계동|4211000000|역삼1가|2|55|0|4|469|38992|625|2342.0|1688|1463750
202404|CNTY_GU|26|42110|28110000|경기|수원시|인계동|1120000000|인계동|1|35|2|1|461|23030|149|6665.0|6241|993085
202404|ADM|47|11170|45110000|부산|서초구|역삼동|1120000000|서초1동|2|25|1|3|389|18188|283|4153.0|3823|1175299
202404|CNTY_GU|27|44130|47110000|인천|수원시|서초동|2614000000|서초1동|1|30|1|10|88|14466|424|5456.0|4265|2313344
202404|PRVNC|47|42110|44130000|인천|강남구|서초동|4611000000|서초1동|2|25|0|9|283|27079|64|2383.0|2103|152512
202404|CNTY_GU|43|26140|42110000|경기|성남시|인계동|1120000000|서초1동|2|65|3|10|459|40395|661|4979.0|3571|3291119
202404|CNTY_GU|46|27110|42110000|대구|수원시|인계동|2611000000|인계동|1|20|2|5|216|9044|487|5792.0|4457|2820704
202404|CNTY_GU|41|11170|42110000|대구|수원시|서초동|1117000000|역삼1가|2|25|1|3|461|32401|126|4247.0|4005|535122
202404|CNTY_GU|45|28110|41110000|서울|서초구|인계동|4611000000|역삼1가|2|60|3|4|320|40296|601|6742.0|6636|4051942
202404|ADM|43|11200|11170000|서울|수원시|인계동|4511000000|인계동|1|35|0|2|307|14957|593|4817.0|4486|2856481
202404|CNTY_GU|44|41110|46110000|부산|수원시|역삼동|4711000000|서초1동|1|40|2|10|930|35826|131|4768.0|4368|624608
202404|PRVNC|43|11170|43110000|인천|강남구|서초동|4611000000|인계동|1|35|3|6|868|23760|426|2642.0|2378|1125492
202404|CNTY_GU|47|46110|26140000|부산|강남구|서초동|4111000000|서초1동|1|65|3|1|700|5886|253|5675.0|4097|1435775
202404|ADM|45|11140|41110000|경기|성남시|인계동|1117000000|인계동|1|70|0|4|420|36749|206|4486.0|3887|924116
202404|CNTY_GU|27|43110|11140000|부산|서초구|역삼동|2811000000|인계동|2|70|2|5|801|37298|645|5542.0|4999|3574590
202404|CNTY_GU|44|28110|43110000|서울|강남구|역삼동|4113000000|역삼1가|2|35|0|8|148|36099|36|5259.0|4885|189324
202404|ADM|41|26140|27110000|대구|수원시|역삼동|4413000000|역삼1가|2|30|2|9|186|8623|342|3578.0|3268|1223676
202404|ADM|44|11200|45110000|부산|수원시|역삼동|2811000000|역삼1가|2|60|1|3|750|25260|212|3670.0|2931|778040
202404|ADM|42|41150|11200000|부산|성남시|서초동|1111000000|역삼1가|1|65|1|8|902|12887|265|3183.0|2781|843495
202404|CNTY_GU|27|44130|42110000|서울|성남시|인계동|2711000000|인계동|2|40|0|9|146|34468|341|3672.0|3460|1252152
202404|ADM|27|42110|26140000|대구|성남시|서초동|4113000000|역삼1가|2|50|0|8|492|25237|464|6916.0|5869|3209024
202404|ADM|42|11110|41110000|경기|강남구|역삼동|4711000000|인계동|2|40|0|3|85|32995|296|3431.0|2826|1015576
202404|PRVNC|42|45110|26140000|서울|수원시|인계동|4115000000|서초1동|2|20|0|4|974|44528|437|1853.0|1347|809761
202404|ADM|46|47110|45110000|인천|서초구|인계동|1111000000|인계동|1|40|0|2|368|8846|574|6725.0|5811|3860150
202404|ADM|44|42110|11200000|대구|성남시|인계동|4111000000|인계동|2|65|1|6|815|15801|144|2524.0|2303|363456
202404|ADM|45|11110|43110000|인천|강남구|역삼동|4711000000|인계동|2|65|1|4|797|31247|329|3691.0|2975|1214339
202404|CNTY_GU|26|41110|11110000|서울|수원시|역삼동|2711000000|역삼1가|2|25|1|5|162|46743|430|2417.0|2237|1039310
202404|PRVNC|26|26140|44130000|대구|성남시|역삼동|2614000000|역삼1가|1|35|2|1|951|7212|306|5062.0|5052|1548972
202404|CNTY_GU|11|42110|41110000|부산|수원시|서초동|1111000000|서초1동|2|25|0|10|962|42653|445|2864.0|2183|1274480
202404|CNTY_GU|11|43110|46110000|부산|서초구|역삼동|4113000000|서초1동|1|35|3|7|657|40954|650|7805.0|6919|5073250
202404|ADM|26|46110|27110000|인천|서초구|역삼동|2611000000|역삼1가|1|35|0|3|959|13782|490|3991.0|3195|1955590
202404|ADM|44|45110|11170000|서울|서초구|인계동|4611000000|역삼1가|2|25|0|1|895|42216|372|1210.0|935|450120
202404|CNTY_GU|42|47110|42110000|부산|강남구|인계동|2611000000|서초1동|1|65|0|4|561|31355|531|4869.0|4224|2585439
202404|ADM|42|11140|41110000|서울|수원시|서초동|4115000000|서초1동|2|60|2|2|568|7356|788|2539.0|2069|2000732
202404|ADM|45|11170|11110000|경기|수원시|역삼동|4115000000|역삼1가|2|70|1|2|994|7287|16|3453.0|3059|55248
202404|ADM|42|44130|11170000|인천|수원시|인계동|4413000000|역삼1가|2|60|0|8|190|19894|460|7476.0|6719|3438960
202404|PRVNC|11|43110|41110000|인천|강남구|서초동|2711000000|서초1동|1|60|3|1|471|29020|7|2257.0|1859|15799
202404|ADM|11|43110|43110000|경기|수원시|서초동|1114000000|서초1동|2|60|1|6|565|40207|1|6016.0|4235|6016
202404|PRVNC|26|11200|47110000|서울|서초구|역삼동|1117000000|서초1동|1|55|1|8|95|9487|589|5826.0|5673|3431514
202404|CNTY_GU|41|28110|28110000|서울|수원시|서초동|4113000000|인계동|1|30|0|6|736|34847|706|3635.0|3593|2566310
202404|ADM|46|41150|47110000|서울|서초구|인계동|2611000000|서초1동|1|30|0|2|631|35068|458|4101.0|3208|1878258
202404|ADM|26|41150|43110000|대구|성남시|서초동|2614000000|인계동|1|45|0|3|74|22366|332|1628.0|1560|540496
202404|ADM|45|45110|41130000|서울|강남구|역삼동|1114000000|인계동|2|55|0|2|845|16991|6|4343.0|4229|26058
202404|ADM|11|27110|11170000|부산|서초구|서초동|2811000000|역삼1가|1|20|3|10|419|16763|491|4597.0|3522|2257127
202404|ADM|26|45110|45110000|경기|수원시|역삼동|4113000000|서초1동|1|50|0|7|110|25276|726|5188.0|4385|3766488
202404|CNTY_GU|41|26140|41150000|경기|강남구|서초동|2611000000|인계동|1|65|0|10|84|18279|115|6487.0|4697|746005
202404|CNTY_GU|44|43110|44130000|서울|서초구|서초동|4311000000|인계동|1|30|0|2|275|30644|197|7504.0|6252|1478288
202404|ADM|46|11110|11140000|서울|수원시|인계동|4115000000|역삼1가|2|35|2|4|396|10494|423|3960.0|3136|1675080
202404|PRVNC|45|11200|47110000|대구|수원시|역삼동|2711000000|역삼1가|2|70|0|4|401|36580|428|7178.0|5376|3072184
202404|ADM|46|11110|27110000|부산|강남구|인계동|4113000000|인계동|2|40|0|8|562|49901|340|6907.0|5986|2348380
202404|PRVNC|42|11200|27110000|경기|서초구|역삼동|4413000000|역삼1가|2|20|0|1|655|15018|120|3148.0|2325|377760
202404|CNTY_GU|27|41110|41130000|인천|수원시|역삼동|1117000000|서초1동|1|55|2|9|717|35463|388|3033.0|2444|1176804
202404|CNTY_GU|42|45110|11110000|대구|강남구|역삼동|2614000000|인계동|2|70|2|5|442|37696|404|4754.0|4558|1920616
202404|CNTY_GU|27|11110|42110000|경기|성남시|서초동|4311000000|역삼1가|2|35|1|10|355|29720|149|4466.0|4036|665434
202404|ADM|41|41130|26110000|대구|서초구|인계동|4311000000|인계동|1|30|2|4|744|18591|487|3606.0|3395|1756122
202404|CNTY_GU|11|11170|41110000|인천|서초구|서초동|2611000000|인계동|2|40|2|9|122|49323|693|1631.0|1255|1130283
202404|CNTY_GU|45|11170|41110000|인천|수원시|역삼동|4115000000|인계동|2|45|0|9|901|33155|72|6559.0|5697|472248
202404|CNTY_GU|47|11140|43110000|대구|강남구|인계동|4113000000|역삼1가|1|60|2|5|495|21689|66|4678.0|3685|308748
202404|CNTY_GU|11|41150|44130000|인천|수원시|역삼동|4113000000|역삼1가|1|70|0|9|625|16919|455|2232.0|1865|1015560
202404|ADM|11|41150|11170000|서울|성남시|역삼동|4511000000|서초1동|2|60|3|4|129|44178|625|7027.0|6202|4391875
202404|PRVNC|46|26110|44130000|서울|성남시|인계동|2611000000|서초1동|1|35|1|7|88|37501|84|7476.0|6087|627984
202404|PRVNC|47|42110|41150000|부산|서초구|인계동|2711000000|인계동|2|60|2|10|96|45103|755|2065.0|1773|1559075
202404|CNTY_GU|11|27110|46110000|부산|성남시|역삼동|2811000000|역삼1가|1|50|1|2|395|38488|383|4680.0|4101|1792440
202404|CNTY_GU|44|43110|27110000|대구|강남구|서초동|4115000000|서초1동|2|45|1|5|732|10450|87|5266.0|3889|458142
202404|CNTY_GU|42|41110|41130000|서울|성남시|서초동|4211000000|역삼1가|2|50|2|1|958|40121|359|2655.0|1875|953145
202404|CNTY_GU|45|47110|11170000|인천|서초구|역삼동|4511000000|인계동|1|40|0|6|608|49590|348|3199.0|2325|1113252
202404|ADM|43|42110|26140000|경기|서초구|역삼동|1117000000|서초1동|1|50|1|3|429|6068|314|3699.0|3568|1161486
202404|PRVNC|27|47110|45110000|대구|강남구|인계동|4115000000|서초1동|2|55|0|1|530|38724|469|3473.0|3458|1628837
202404|ADM|27|46110|44130000|부산|수원시|서초동|1117000000|서초1동|2|20|2|10|168|40441|199|5729.0|4261|1140071
202404|CNTY_GU|44|11200|47110000|경기|강남구|서초동|4711000000|역삼1가|1|50|0|3|167|20503|793|1060.0|854|840580
202404|ADM|27|26140|45110000|부산|수원시|인계동|1111000000|역삼1가|1|30|1|8|857|44027|230|5553.0|4441|1277190
202404|ADM|26|26140|26110000|부산|강남구|인계동|1114000000|인계동|2|40|3|2|920|23143|692|4730.0|4154|3273160
202404|CNTY_GU|43|41150|26140000|경기|수원시|인계동|4611000000|역삼1가|1|45|2|3|837|24167|655|6310.0|4999|4133050
202404|CNTY_GU|44|41130|11170000|인천|서초구|역삼동|2711000000|인계동|1|70|1|1|860|8190|333|7897.0|7793|2629701
202404|ADM|45|41110|41110000|경기|성남시|인계동|2614000000|역삼1가|1|40|1|8|726|21881|156|4022.0|3036|627432
202404|CNTY_GU|44|11110|43110000|경기|서초구|역삼동|4211000000|서초1동|1|60|1|4|842|40286|774|2028.0|1712|1569672
202404|ADM|42|28110|45110000|서울|서초구|인계동|1117000000|서초1동|2|40|0|10|48|29660|459|4053.0|3105|1860327
202404|CNTY_GU|46|11200|47110000|부산|수원시|인계동|4111000000|역삼1가|1|35|2|6|65|18717|267|2639.0|2164|704613
202404|ADM|42|47110|26140000|인천|성남시|인계동|2614000000|인계동|2|40|3|2|896|37709|123|4562.0|3468|561126
202404|ADM|44|45110|28110000|부산|수원시|서초동|2611000000|역삼1가|2|25|2|8|72|20388|273|2584.0|1877|705432
202404|ADM|47|11200|41130000|대구|성남시|인계동|1120000000|인계동|1|60|3|9|259|22380|522|1073.0|1041|560106
202404|ADM|47|27110|44130000|경기|성남시|역삼동|2614000000|서초1동|1|45|3|7|471|28255|406|4934.0|4316|2003204
202404|CNTY_GU|42|41150|47110000|서울|서초구|인계동|4111000000|서초1동|1|55|0|7|526|9126|56|3252.0|2931|182112
202404|ADM|42|41110|11170000|경기|성남시|인계동|4311000000|인계동|1|60|0|9|288|27757|624|2329.0|1912|1453296
202404|CNTY_GU|46|11170|26140000|경기|성남시|인계동|1120000000|역삼1가|2|40|1|2|887|37457|259|1017.0|759|263403
202404|CNTY_GU|43|43110|11200000|인천|강남구|인계동|4413000000|인계동|2|45|0|3|336|14295|156|7661.0|7590|1195116
202404|ADM|45|46110|26110000|대구|서초구|인계동|1120000000|인계동|2|35|0|8|783|30122|560|6871.0|5508|3847760
202404|PRVNC|11|44130|11170000|대구|강남구|인계동|4115000000|인계동|2|55|0|8|709|5513|594|5874.0|5415|3489156
202404|CNTY_GU|46|27110|41150000|부산|성남시|서초동|2711000000|서초1동|2|60|1|2|47|42059|658|3597.0|3492|2366826
202404|ADM|26|45110|42110000|부산|수원시|인계동|4611000000|서초1동|2|50|1|1|935|37116|5|5377.0|4667|26885
202404|CNTY_GU|41|46110|28110000|경기|강남구|인계동|4211000000|역삼1가|2|20|0|6|208|37534|311|4759.0|3916|1480049
202404|ADM|26|46110|41130000|경기|강남구|역삼동|4111000000|서초1동|2|55|0|3|603|24685|212|1027.0|797|217724
202404|ADM|47|45110|42110000|대구|수원시|서초동|1114000000|서초1동|2|55|2|2|600|31622|465|7388.0|5282|3435420
202404|ADM|26|26140|42110000|경기|서초구|인계동|4511000000|서초1동|2|40|1|5|28|37334|779|4294.0|3099|3345026
202404|ADM|43|41110|47110000|경기|강남구|서초동|4711000000|인계동|1|40|2|3|971|21379|98|4252.0|3831|416696
202404|ADM|26|42110|11170000|대구|강남구|역삼동|1114000000|역삼1가|2|45|0|10|40|22451|526|6666.0|6506|3506316
202404|ADM|11|44130|47110000|대구|성남시|서초동|4113000000|역삼1가|2|60|1|9|432|19661|357|5985.0|5550|2136645
202404|CNTY_GU|27|11140|11140000|부산|서초구|서초동|4711000000|서초1동|1|55|0|1|231|21739|371|4548.0|3603|1687308
202404|CNTY_GU|11|11140|11110000|부산|성남시|역삼동|4115000000|인계동|1|45|3|10|207|35651|753|6958.0|5107|5239374
202404|ADM|27|47110|41130000|부산|서초구|역삼동|4511000000|서초1동|1|60|3|3|9|45793|586|6167.0|4692|3613862
202404|ADM|26|42110|41110000|인천|성남시|역삼동|4413000000|서초1동|1|65|0|2|125|15120|78|5028.0|4813|392184
202404|ADM|44|26110|41130000|부산|성남시|서초동|4611000000|인계동|1|25|0|2|138|17088|349|5774.0|4475|2015126
202404|ADM|26|47110|47110000|서울|성남시|인계동|2614000000|인계동|2|25|0|4|667|6985|594|2147.0|1852|1275318
202404|CNTY_GU|42|27110|28110000|서울|수원시|역삼동|4511000000|인계동|2|45|0|5|53|22227|88|7506.0|7494|660528
202404|CNTY_GU|11|41150|45110000|대구|강남구|역삼동|1117000000|서초1동|1|60|1|10|540|40714|406|7175.0|7172|2913050
202404|ADM|47|46110|42110000|서울|서초구|인계동|4511000000|서초1동|2|25|0|4|277|20919|399|3566.0|2726|1422834
202404|CNTY_GU|42|45110|11140000|부산|강남구|서초동|4113000000|서초1동|1|65|0|7|35|5247|61|1277.0|1261|77897
202404|ADM|41|41150|28110000|경기|수원시|인계동|1114000000|서초1동|1|30|1|1|45|13775|1|6777.0|5371|6777
202404|ADM|41|41130|11170000|부산|서초구|역삼동|4211000000|서초1동|2|55|2|9|835|14695|297|4533.0|4305|1346301
202404|CNTY_GU|11|26110|45110000|인천|수원시|역삼동|4611000000|인계동|2|60|0|5|911|14117|220|2823.0|2175|621060
202404|CNTY_GU|27|11200|27110000|경기|성남시|인계동|4511000000|서초1동|2|20|0|6|619|42128|73|7977.0|5677|582321
202404|CNTY_GU|46|11140|44130000|부산|강남구|역삼동|1117000000|역삼1가|1|65|0|5|523|47578|45|4902.0|4613|220590
202404|CNTY_GU|41|11110|11140000|대구|성남시|인계동|4511000000|서초1동|2|65|0|8|236|25266|159|2433.0|2035|386847
202404|ADM|46|41110|26140000|부산|성남시|역삼동|4511000000|서초1동|2|30|0|7|861|9315|593|5325.0|5302|3157725
202404|PRVNC|26|26140|44130000|경기|서초구|인계동|4711000000|인계동|1|30|2|4|490|48188|216|6327.0|5100|1366632
202404|PRVNC|41|41150|46110000|대구|서초구|서초동|4113000000|인계동|1|65|3|9|678|36987|365|4099.0|3320|1496135
202404|ADM|44|41110|11110000|대구|서초구|역삼동|4611000000|서초1동|2|70|0|2|785|41944|530|5795.0|5041|3071350
202404|CNTY_GU|11|42110|41110000|경기|수원시|인계동|2611000000|인계동|2|45|0|10|460|10123|269|1716.0|1610|461604
202404|ADM|41|11200|45110000|부산|성남시|역삼동|4111000000|역삼1가|1|30|0|7|329|11479|327|2929.0|2068|957783
202404|PRVNC|46|11170|28110000|부산|강남구|인계동|2614000000|인계동|2|35|0|2|465|12104|391|4039.0|3595|1579249
202404|PRVNC|42|11170|26140000|부산|성남시|역삼동|2711000000|인계동|1|40|2|5|893|49893|723|1798.0|1389|1299954
202404|ADM|47|43110|43110000|대구|강남구|서초동|2611000000|인계동|1|50|1|4|720|37970|744|2378.0|1824|1769232
202404|ADM|26|46110|44130000|경기|강남구|역삼동|4211000000|인계동|1|55|0|1|690|42601|233|4774.0|3467|1112342
202404|CNTY_GU|47|27110|47110000|경기|수원시|인계동|4311000000|인계동|2|50|0|10|320|33332|202|4411.0|3098|891022
202404|ADM|46|11170|46110000|대구|강남구|역삼동|4413000000|역삼1가|1|65|0|9|322|20863|325|3527.0|2790|1146275
202404|CNTY_GU|41|47110|11110000|서울|수원시|서초동|4311000000|역삼1가|1|20|0|6|531|20911|162|1144.0|1022|185328
202404|ADM|43|11200|44130000|서울|강남구|역삼동|1117000000|서초1동|1|40|2|2|27|9347|456|3784.0|3134|1725504
202404|CNTY_GU|26|42110|11170000|대구|서초구|인계동|2811000000|서초1동|2|35|2|4|117|16022|428|4383.0|3221|1875924
202404|ADM|26|45110|45110000|대구|수원시|서초동|4115000000|서초1동|2|60|0|8|556|34113|374|7902.0|6695|2955348
202404|CNTY_GU|41|46110|44130000|서울|성남시|서초동|2811000000|서초1동|1|55|0|5|784|23810|372|3641.0|3447|1354452
202404|CNTY_GU|41|11200|11200000|대구|강남구|인계동|1117000000|서초1동|2|65|2|6|382|29468|687|4602.0|4375|3161574
202404|CNTY_GU|43|11110|28110000|부산|성남시|서초동|1120000000|서초1동|1|35|1|9|328|44274|122|1094.0|956|133468
202404|CNTY_GU|47|28110|44130000|대구|수원시|서초동|4113000000|서초1동|1|65|0|2|701|10671|613|2256.0|1952|1382928
202404|CNTY_GU|11|46110|45110000|경기|수원시|서초동|2711000000|인계동|1|45|2|9|178|37652|465|5359.0|4339|2491935
202404|CNTY_GU|46|41110|45110000|경기|성남시|역삼동|4211000000|서초1동|1|30|2|10|99|48863|635|4388.0|3715|2786380
202404|ADM|27|45110|26140000|경기|수원시|역삼동|4211000000|서초1동|2|60|0|3|740|45391|460|3191.0|2972|1467860
202404|ADM|44|45110|11140000|부산|성남시|서초동|2611000000|인계동|1|35|2|10|495|13864|617|3768.0|3126|2324856
202404|CNTY_GU|47|41110|47110000|대구|수원시|서초동|4115000000|역삼1가|2|60|2|4|93|17946|485|5076.0|4833|2461860
202404|ADM|45|45110|45110000|대구|서초구|역삼동|4113000000|역삼1가|2|45|0|8|637|32776|570|4011.0|3546|2286270
202404|CNTY_GU|11|47110|11200000|경기|서초구|역삼동|1117000000|서초1동|1|45|3|7|951|25944|332|7201.0|5920|2390732
202404|ADM|43|42110|41130000|서울|서초구|역삼동|4511000000|서초1동|1|45|1|10|354|34075|715|2532.0|2473|1810380
202404|ADM|26|43110|47110000|인천|강남구|서초동|4311000000|인계동|2|70|0|1|689|35029|234|7050.0|6812|1649700
202404|CNTY_GU|27|28110|26140000|인천|서초구|인계동|4611000000|서초1동|1|50|2|6|700|11944|574|7462.0|6115|4283188
202404|CNTY_GU|43|47110|44130000|서울|성남시|서초동|4711000000|서초1동|1|20|0|9|740|44186|264|4524.0|4172|1194336
202404|ADM|43|27110|41110000|대구|서초구|역삼동|2611000000|역삼1가|2|70|0|1|474|10079|633|2212.0|2164|1400196
202404|CNTY_GU|47|43110|47110000|서울|서초구|서초동|4413000000|역삼1가|2|35|2|1|81|32411|667|4298.0|3767|2866766
202404|PRVNC|27|47110|27110000|인천|서초구|인계동|4711000000|서초1동|2|45|1|1|125|46608|150|7337.0|7198|1100550
202404|ADM|47|46110|11170000|경기|성남시|역삼동|1111000000|서초1동|2|60|0|5|563|7196|501|4733.0|3426|2371233
202404|PRVNC|42|46110|47110000|부산|수원시|역삼동|4115000000|인계동|2|25|2|6|515|24243|423|5393.0|5292|2281239
202404|CNTY_GU|27|11200|27110000|부산|서초구|인계동|4413000000|역삼1가|2|35|0|8|29|25073|320|3732.0|3375|1194240
202404|ADM|44|47110|26110000|대구|성남시|인계동|1117000000|역삼1가|2|65|0|5|236|23713|225|5073.0|3791|1141425
202404|CNTY_GU|44|11200|11200000|서울|강남구|역삼동|1111000000|역삼1가|2|25|1|10|327|43719|491|3065.0|2256|1504915
202404|CNTY_GU|46|26110|27110000|경기|강남구|역삼동|2614000000|인계동|2|45|2|2|816|8112|659|2846.0|2616|1875514
202404|CNTY_GU|47|41110|45110000|경기|강남구|역삼동|1117000000|역삼1가|1|30|1|7|724|40484|281|2103.0|1629|590943
202404|ADM|44|11170|26140000|대구|강남구|서초동|1120000000|인계동|1|40|1|5|859|5676|269|5892.0|4184|1584948
202404|ADM|44|43110|26110000|경기|강남구|역삼동|2611000000|인계동|2|60|3|6|215|48031|3|7405.0|5631|22215
202404|ADM|27|46110|28110000|인천|수원시|역삼동|2611000000|인계동|2|70|0|6|871|49056|605|3506.0|2564|2121130
202404|CNTY_GU|27|26110|41110000|부산|수원시|역삼동|4111000000|역삼1가|2|50|1|7|697|38637|582|1431.0|1074|832842
202404|CNTY_GU|43|26140|45110000|대구|강남구|역삼동|4611000000|인계동|2|40|1|8|48|42794|1|3822.0|3282|3822
202404|PRVNC|44|28110|11200000|경기|강남구|서초동|4511000000|역삼1가|2|25|3|9|550|12260|83|3415.0|2936|283445
202404|ADM|41|11140|26140000|부산|성남시|역삼동|1114000000|서초1동|1|40|2|4|260|11783|122|5348.0|4462|652456
202404|CNTY_GU|43|11170|43110000|대구|성남시|인계동|4413000000|역삼1가|2|60|0|1|910|14068|47|2165.0|2000|101755
202404|CNTY_GU|43|47110|28110000|경기|성남시|인계동|4311000000|서초1동|2|60|2|2|442|20609|253|6487.0|4571|1641211
202404|CNTY_GU|42|46110|43110000|대구|수원시|인계동|2711000000|인계동|2|40|1|7|496|20552|29|1423.0|1375|41267
202404|PRVNC|11|41110|28110000|경기|서초구|인계동|2711000000|서초1동|2|30|2|2|939|12410|378|3688.0|3676|1394064
202404|CNTY_GU|42|43110|11140000|경기|서초구|서초동|4111000000|역삼1가|2|50|0|8|301|10180|24|2209.0|2172|53016
202404|ADM|27|11110|45110000|부산|서초구|역삼동|4611000000|서초1동|1|60|3|1|622|41793|796|7108.0|5540|5657968
202404|CNTY_GU|26|11110|42110000|경기|수원시|역삼동|1117000000|서초1동|2|50|2|10|874|36199|399|4191.0|4038|1672209
202404|PRVNC|42|46110|11170000|인천|강남구|서초동|4111000000|인계동|1|50|2|10|568|41899|13|7376.0|6803|95888
202404|ADM|45|11110|11170000|부산|성남시|인계동|4711000000|역삼1가|2|55|3|4|477|21126|147|4912.0|4151|722064
202404|CNTY_GU|45|43110|26140000|경기|성남시|인계동|4211000000|역삼1가|1|30|0|9|304|43378|152|6304.0|6282|958208
202404|CNTY_GU|41|47110|47110000|경기|강남구|인계동|2611000000|인계동|2|50|2|10|288|13832|540|7260.0|5576|3920400
202404|CNTY_GU|43|44130|26140000|부산|수원시|인계동|4511000000|역삼1가|1|25|2|9|834|39309|616|6769.0|5925|4169704
202404|CNTY_GU|26|27110|45110000|대구|서초구|역삼동|1120000000|역삼1가|1|30|2|7|415|15614|387|5786.0|4420|2239182
202404|CNTY_GU|27|41130|41110000|서울|서초구|인계동|2611000000|인계동|2|25|0|3|331|28296|582|6557.0|5093|3816174
202404|ADM|42|41150|11200000|대구|서초구|서초동|4711000000|서초1동|2|50|0|4|442|47336|77|6613.0|6278|509201
202404|ADM|41|28110|11140000|서울|수원시|인계동|4413000000|역삼1가|2|70|1|4|60|8955|253|5689.0|5067|1439317
202404|ADM|44|47110|26140000|부산|성남시|인계동|1120000000|역삼1가|2|30|0|10|222|39630|7|4873.0|4454|34111
202404|CNTY_GU|45|11110|11200000|인천|수원시|역삼동|4413000000|인계동|2|45|3|7|906|30136|327|4566.0|3685|1493082
202404|ADM|43|47110|41150000|서울|성남시|인계동|1120000000|서초1동|2|65|1|1|797|19457|32|2408.0|2352|77056
202404|CNTY_GU|11|45110|47110000|부산|서초구|서초동|2614000000|인계동|1|65|0|2|894|48828|633|5031.0|4209|3184623
202404|CNTY_GU|46|11140|44130000|서울|성남시|서초동|4711000000|역삼1가|1|40|0|9|820|40207|428|6948.0|5546|2973744
202404|ADM|42|41130|26140000|경기|서초구|인계동|2711000000|인계동|1|60|0|5|36|42448|603|6960.0|5260|4196880
202404|ADM|46|41150|47110000|인천|서초구|서초동|1114000000|역삼1가|1|20|0|6|445|46410|470|4321.0|3367|2030870
202404|CNTY_GU|27|47110|47110000|부산|강남구|서초동|4711000000|역삼1가|1|60|0|10|132|43529|32|4398.0|4119|140736
202404|ADM|44|47110|28110000|경기|성남시|서초동|1111000000|서초1동|2|55|1|6|16|39622|284|6398.0|5118|1817032
202404|ADM|27|28110|41110000|서울|강남구|서초동|4711000000|인계동|2|50|2|5|242|12803|12|7860.0|6260|94320
202404|ADM|43|11200|41110000|부산|서초구|인계동|2811000000|인계동|2|25|3|9|102|22554|65|1044.0|852|67860
202404|ADM|46|44130|27110000|서울|성남시|서초동|2611000000|서초1동|1|35|1|4|901|22608|752|5905.0|4713|4440560
202404|ADM|43|42110|11170000|인천|수원시|인계동|2614000000|인계동|2|30|1|10|509|12989|747|4119.0|3529|3076893
202404|ADM|47|41110|46110000|부산|강남구|인계동|1117000000|역삼1가|2|25|0|1|939|18231|98|2614.0|2596|256172
202404|ADM|41|44130|26140000|부산|성남시|서초동|4511000000|인계동|1|65|3|9|260|40462|4|3372.0|3319|13488
202404|ADM|26|11140|11140000|서울|수원시|서초동|4711000000|역삼1가|2|30|0|2|506|31383|233|7957.0|7799|1853981
202404|CNTY_GU|42|11140|47110000|부산|강남구|역삼동|4311000000|서초1동|1|30|2|5|330|7493|345|3080.0|2713|1062600
202404|ADM|46|41110|11170000|서울|서초구|역삼동|1120000000|역삼1가|2|55|2|3|513|35433|489|4523.0|4502|2211747
202404|ADM|43|27110|46110000|서울|성남시|인계동|4113000000|서초1동|2|40|0|8|530|17935|307|5723.0|4634|1756961
202404|CNTY_GU|44|11170|11170000|경기|수원시|서초동|4211000000|서초1동|2|40|2|5|43|7492|650|2848.0|2163|1851200
202404|CNTY_GU|46|11200|28110000|부산|서초구|인계동|1111000000|인계동|2|25|3|8|662|8498|50|6771.0|6578|338550
202404|CNTY_GU|27|41110|41110000|경기|서초구|서초동|4115000000|서초1동|1|70|2|6|208|8902|468|1506.0|1424|704808
202404|CNTY_GU|45|11110|11200000|대구|성남시|인계동|2611000000|서초1동|1|70|1|4|187|16092|569|7047.0|5755|4009743
202404|ADM|47|43110|41130000|서울|서초구|인계동|4311000000|인계동|1|40|1|8|995|34194|445|5869.0|4531|2611705
202404|CNTY_GU|26|11140|41130000|인천|수원시|역삼동|4611000000|역삼1가|1|30|0|4|687|19163|532|6605.0|5356|3513860
202404|PRVNC|26|42110|45110000|인천|강남구|서초동|2711000000|역삼1가|1|55|0|3|95|44648|496|1644.0|1364|815424
202404|ADM|47|26140|28110000|인천|강남구|인계동|2611000000|역삼1가|2|60|3|9|109|21393|134|6681.0|6349|895254
202404|ADM|47|11170|45110000|경기|성남시|인계동|2711000000|서초1동|1|30|0|10|78|7466|632|2965.0|2421|1873880
202404|ADM|47|41130|43110000|서울|성남시|역삼동|1111000000|인계동|1|45|0|6|564|11413|217|6845.0|5779|1485365
202404|PRVNC|46|41150|44130000|부산|성남시|역삼동|2611000000|역삼1가|2|30|0|10|675|15578|144|3454.0|2608|497376
202404|ADM|27|47110|41150000|부산|강남구|인계동|1120000000|인계동|1|35|1|3|669|32606|438|5854.0|5383|2564052
202404|PRVNC|43|28110|11200000|부산|수원시|서초동|1111000000|인계동|1|45|0|1|3|29084|509|7952.0|7062|4047568
202404|CNTY_GU|47|46110|42110000|대구|강남구|인계동|4311000000|역삼1가|2|40|0|9|292|48311|303|6319.0|4702|1914657
202404|CNTY_GU|45|41110|43110000|대구|수원시|서초동|2811000000|역삼1가|2|45|0|9|183|11233|51|1569.0|1231|80019
202404|ADM|43|45110|27110000|부산|강남구|역삼동|4511000000|인계동|2|40|3|5|836|10188|798|2548.0|2021|2033304
202404|ADM|44|26110|41150000|인천|강남구|서초동|2611000000|인계동|1|25|0|9|145|29078|650|1896.0|1676|1232400
202404|ADM|27|44130|41150000|서울|성남시|역삼동|2611000000|인계동|1|25|0|9|788|36994|398|7700.0|5439|3064600
202404|CNTY_GU|41|11200|41150000|경기|강남구|인계동|2811000000|인계동|1|35|2|4|240|23313|281|3261.0|2853|916341
202404|CNTY_GU|45|11110|42110000|경기|성남시|역삼동|1120000000|서초1동|2|45|0|2|881|13126|706|4522.0|3513|3192532
202404|CNTY_GU|47|11170|42110000|경기|수원시|인계동|4311000000|서초1동|2|30|2|7|319|24344|285|5040.0|4902|1436400
202404|ADM|11|27110|42110000|대구|수원시|역삼동|4511000000|역삼1가|2|50|1|9|341|33933|166|2839.0|2687|471274
202404|CNTY_GU|42|11170|26140000|서울|강남구|역삼동|4211000000|서초1동|2|60|1|6|536|26291|203|3584.0|3110|727552
202404|ADM|44|44130|42110000|부산|서초구|역삼동|1120000000|인계동|2|65|0|5|933|12385|446|4181.0|3300|1864726
202404|CNTY_GU|42|11140|11170000|인천|강남구|역삼동|4413000000|역삼1가|2|70|0|3|447|7611|598|1100.0|857|657800
202404|ADM|46|47110|46110000|경기|서초구|인계동|2711000000|역삼1가|1|40|2|3|484|44954|259|6762.0|4852|1751358
202404|PRVNC|44|26140|44130000|부산|강남구|역삼동|4711000000|서초1동|2|70|0|8|383|20151|156|7336.0|5975|1144416
202404|CNTY_GU|41|28110|26110000|부산|강남구|역삼동|2711000000|역삼1가|2|65|1|4|311|6065|747|5847.0|4352|4367709
202404|CNTY_GU|45|43110|11140000|대구|서초구|역삼동|4115000000|인계동|2|35|1|6|984|23880|80|4054.0|3602|324320
202404|ADM|41|42110|11170000|서울|강남구|인계동|2711000000|서초1동|1|40|0|7|623|14797|1|2068.0|1982|2068
202404|CNTY_GU|42|45110|42110000|경기|성남시|인계동|4511000000|서초1동|1|30|2|4|967|14332|144|3294.0|2382|474336
202404|ADM|27|47110|11110000|대구|성남시|역삼동|1114000000|역삼1가|1|65|1|4|883|34471|524|4070.0|3941|2132680
202404|ADM|47|26140|11140000|대구|서초구|서초동|4711000000|인계동|1|45|3|8|430|35075|301|2389.0|1961|719089
202404|ADM|42|41150|42110000|경기|강남구|서초동|4511000000|인계동|2|30|0|7|889|35342|63|6285.0|4452|395955
202404|ADM|47|42110|41110000|인천|성남시|역삼동|1111000000|서초1동|2|60|0|8|128|44702|136|4157.0|3014|565352
202404|ADM|43|44130|26140000|서울|강남구|인계동|1120000000|역삼1가|1|65|0|6|242|25595|391|5857.0|4100|2290087
202404|CNTY_GU|26|26110|26110000|서울|성남시|역삼동|2614000000|역삼1가|2|50|0|1|462|38229|118|4606.0|4042|543508
202404|CNTY_GU|45|47110|41110000|서울|강남구|역삼동|2711000000|인계동|1|40|3|7|152|16031|464|2327.0|1817|1079728
202404|ADM|26|26110|26140000|서울|강남구|인계동|4113000000|역삼1가|2|35|1|1|15|34327|641|5565.0|4677|3567165
202404|ADM|46|43110|11140000|서울|성남시|서초동|4115000000|서초1동|2|60|0|4|447|32988|234|6200.0|5696|1450800
202404|ADM|47|46110|28110000|경기|수원시|인계동|1117000000|서초1동|1|60|0|8|66|21401|749|3975.0|3282|2977275
202404|PRVNC|43|11170|46110000|부산|서초구|인계동|4413000000|서초1동|1|45|1|3|938|49621|589|5723.0|4344|3370847
202404|CNTY_GU|41|41130|41110000|부산|강남구|역삼동|1111000000|인계동|1|60|0|9|536|46900|71|7882.0|7498|559622
202404|CNTY_GU|42|47110|41150000|부산|수원시|역삼동|4113000000|역삼1가|2|30|0|7|965|33783|374|2710.0|2064|1013540
202404|CNTY_GU|45|11170|26140000|부산|수원시|역삼동|4311000000|역삼1가|2|45|1|10|641|13567|444|7227.0|6630|3208788
202404|CNTY_GU|41|44130|11170000|부산|강남구|서초동|2711000000|역삼1가|2|40|2|6|275|13018|450|3153.0|2857|1418850
202404|ADM|11|45110|43110000|경기|수원시|인계동|2811000000|역삼1가|2|70|0|5|664|34035|370|1304.0|1226|482480
202404|ADM|43|26110|27110000|경기|수원시|인계동|1111000000|역삼1가|1|40|1|2|67|46234|290|3935.0|3280|1141150
202404|CNTY_GU|45|43110|11140000|인천|성남시|서초동|1117000000|인계동|2|30|1|9|500|12344|456|0.0|0|0
202404|ADM|26|47110|26140000|부산|수원시|역삼동|4111000000|서초1동|2|30|1|7|709|37135|542|5716.0|4208|3098072
202404|ADM|41|27110|11110000|인천|수원시|인계동|1117000000|서초1동|1|70|0|9|446|30851|678|3327.0|2864|2255706
202404|CNTY_GU|42|11140|45110000|대구|강남구|역삼동|4113000000|역삼1가|2|70|2|3|231|31984|85|7660.0|6985|651100
202404|CNTY_GU|44|26110|47110000|경기|강남구|서초동|4611000000|인계동|1|60|1|3|922|11527|113|7888.0|7567|891344
202404|ADM|43|46110|45110000|부산|서초구|역삼동|2711000000|서초1동|2|45|1|4|211|12967|406|7963.0|7124|3232978
202404|CNTY_GU|45|46110|44130000|부산|성남시|인계동|4311000000|인계동|1|55|1|5|276|24821|341|4874.0|4379|1662034
202404|ADM|44|45110|44130000|부산|서초구|인계동|4115000000|서초1동|2|55|1|9|735|18363|716|5824.0|5757|4169984
202404|ADM|45|41130|41110000|서울|수원시|인계동|4311000000|인계동|1|30|3|3|259|33598|2|4711.0|3878|9422
202404|ADM|11|26110|27110000|서울|성남시|인계동|4413000000|인계동|1|30|2|3|201|26489|190|3887.0|3343|738530
202404|CNTY_GU|47|41150|11140000|부산|강남구|역삼동|4211000000|역삼1가|2|40|0|2|145|33500|680|4676.0|4218|3179680
202404|ADM|42|45110|47110000|대구|수원시|역삼동|1111000000|서초1동|2|40|0|5|783|31806|695|1479.0|1154|1027905
202404|CNTY_GU|42|44130|11110000|인천|성남시|서초동|4413000000|서초1동|1|45|0|2|121|48288|35|2140.0|1746|74900
202404|ADM|45|11140|26110000|서울|성남시|서초동|4413000000|서초1동|1|35|0|1|926|20822|708|5150.0|4667|3646200
202404|ADM|42|43110|28110000|대구|수원시|인계동|2711000000|서초1동|1|50|1|4|149|21741|292|3932.0|3217|1148144
202404|ADM|45|47110|42110000|대구|서초구|역삼동|4115000000|인계동|2|60|1|5|153|34162|186|4372.0|4252|813192
202404|CNTY_GU|46|11170|47110000|대구|강남구|서초동|4413000000|인계동|2|65|0|5|961|30366|94|7407.0|6448|696258
202404|PRVNC|43|41150|41110000|인천|수원시|인계동|2614000000|서초1동|1|40|3|10|547|12413|67|5695.0|5172|381565
202404|ADM|43|41150|44130000|부산|성남시|역삼동|1117000000|인계동|2|35|3|10|716|16440|50|1504.0|1125|75200
202404|CNTY_GU|46|41110|28110000|서울|수원시|인계동|4211000000|역삼1가|2|30|1|6|700|41913|612|0.0|0|0
202404|ADM|45|43110|47110000|서울|수원시|역삼동|2614000000|인계동|1|50|1|10|289|8951|723|7042.0|7030|5091366
202404|ADM|45|47110|11200000|서울|서초구|서초동|4211000000|역삼1가|2|20|0|9|535|12709|766|2167.0|1952|1659922
202404|ADM|44|42110|27110000|인천|수원시|역삼동|2711000000|역삼1가|1|65|3|1|473|37415|409|6958.0|5308|2845822
202404|ADM|45|11110|26110000|대구|서초구|역삼동|4311000000|역삼1가|1|45|0|6|909|48023|206|3594.0|3100|740364
202404|CNTY_GU|45|41110|26110000|서울|서초구|역삼동|1120000000|서초1동|2|50|1|4|847|43382|711|3605.0|2630|2563155
202404|CNTY_GU|45|41110|44130000|인천|강남구|서초동|2811000000|인계동|2|40|1|1|67|37608|730|5033.0|3606|3674090
202404|CNTY_GU|42|26110|43110000|부산|수원시|서초동|4113000000|역삼1가|2|20|0|7|645|17622|322|7339.0|5804|2363158
202404|CNTY_GU|45|43110|42110000|인천|강남구|서초동|4113000000|역삼1가|1|60|0|6|994|39654|168|3454.0|2648|580272
202404|CNTY_GU|43|41130|11140000|서울|성남시|인계동|4511000000|인계동|1|45|2|7|450|22066|1|5029.0|4965|5029
202404|ADM|46|11140|46110000|대구|성남시|서초동|4111000000|서초1동|1|40|0|3|560|19776|289|2232.0|2063|645048
202404|ADM|42|44130|47110000|대구|성남시|인계동|4711000000|인계동|1|60|0|9|765|17575|430|1598.0|1460|687140
202404|ADM|11|11110|42110000|인천|성남시|역삼동|2711000000|역삼1가|2|40|3|5|213|19016|709|5189.0|4817|3679001
202404|ADM|46|45110|27110000|대구|성남시|인계동|4511000000|서초1동|1|55|1|3|283|33548|135|2646.0|2137|357210
202404|ADM|43|41150|11140000|대구|성남시|역삼동|1117000000|서초1동|1|55|2|3|632|41645|245|1275.0|1272|312375
202404|ADM|11|47110|28110000|부산|서초구|인계동|4111000000|인계동|2|70|0|3|966|34834|171|1059.0|925|181089
202404|CNTY_GU|46|26140|11140000|대구|강남구|역삼동|4611000000|서초1동|1|60|0|2|664|42541|605|3639.0|2775|2201595
202404|ADM|11|11200|42110000|부산|강남구|서초동|4611000000|역삼1가|1|20|0|9|774|17086|96|2742.0|2473|263232
202404|CNTY_GU|26|41110|43110000|부산|강남구|인계동|1117000000|역삼1가|1|50|0|3|5|31347|120|7808.0|6760|936960
202404|ADM|45|44130|11140000|서울|수원시|인계동|2614000000|서초1동|1|50|0|8|94|35631|266|4349.0|3838|1156834
202404|ADM|26|41150|26110000|서울|강남구|서초동|4211000000|역삼1가|1|30|3|5|836|22311|304|4347.0|3390|1321488
202404|ADM|27|28110|42110000|서울|강남구|인계동|1111000000|역삼1가|2|60|0|2|776|40549|596|2091.0|1830|1246236
202404|CNTY_GU|42|27110|26110000|대구|성남시|역삼동|2711000000|인계동|2|40|0|9|71|30169|752|1711.0|1235|1286672
202404|CNTY_GU|47|44130|45110000|인천|강남구|역삼동|4611000000|역삼1가|2|50|2|9|391|17143|477|3095.0|2923|1476315
202404|CNTY_GU|43|11200|27110000|부산|강남구|인계동|4413000000|인계동|2|35|2|8|214|36680|183|6840.0|6029|1251720
202404|PRVNC|47|11110|42110000|인천|서초구|서초동|4111000000|서초1동|2|30|3|4|606|7437|529|5345.0|4804|2827505
202404|ADM|45|26110|43110000|인천|강남구|인계동|4111000000|인계동|1|40|0|1|596|40485|562|2253.0|1966|1266186
202404|CNTY_GU|27|11200|41150000|부산|강남구|서초동|2614000000|서초1동|2|30|0|8|21|13751|70|1258.0|1253|88060
202404|CNTY_GU|43|11200|41150000|부산|수원시|인계동|1120000000|역삼1가|2|70|2|8|774|25279|735|2755.0|1996|2024925
202404|PRVNC|41|26140|41130000|대구|수원시|역삼동|4211000000|서초1동|2|55|2|9|173|38823|410|2911.0|2446|1193510
202404|ADM|27|43110|11200000|서울|서초구|서초동|1117000000|인계동|2|20|0|1|639|40729|628|7737.0|6974|4858836
202404|CNTY_GU|43|26110|26140000|경기|강남구|역삼동|4311000000|역삼1가|2|40|3|9|832|21055|43|2193.0|1931|94299
202404|CNTY_GU|46|11170|46110000|서울|수원시|서초동|2711000000|역삼1가|2|65|2|1|620|33913|758|6425.0|5888|4870150
202404|ADM|45|27110|26140000|인천|수원시|역삼동|4413000000|서초1동|1|50|1|1|984|8833|777|3702.0|3679|2876454
202404|ADM|27|47110|47110000|부산|수원시|서초동|4113000000|서초1동|2|45|2|8|492|42966|755|3253.0|2750|2456015
202404|ADM|27|46110|41130000|서울|성남시|인계동|4711000000|역삼1가|2|45|0|8|274|16000|424|2464.0|2314|1044736
202404|CNTY_GU|46|11110|44130000|부산|수원시|역삼동|4115000000|인계동|1|35|0|4|513|41091|93|5530.0|4696|514290
202404|PRVNC|44|11110|11200000|서울|성남시|인계동|4611000000|인계동|2|40|0|8|732|27890|362|5834.0|5379|2111908
202404|CNTY_GU|42|26140|11200000|인천|성남시|인계동|4511000000|역삼1가|2|30|0|4|430|23545|482|4414.0|3750|2127548
202404|ADM|46|11170|27110000|대구|강남구|역삼동|4311000000|인계동|2|55|0|2|94|20213|360|7635.0|6379|2748600
202404|ADM|11|44130|44130000|부산|강남구|서초동|2711000000|서초1동|1|35|2|4|277|39604|343|7247.0|7169|2485721
202404|ADM|45|11170|42110000|부산|수원시|인계동|1114000000|역삼1가|1|40|2|9|521|18600|281|6520.0|5904|1832120
202404|CNTY_GU|42|11140|41110000|대구|강남구|서초동|4413000000|역삼1가|2|70|0|6|362|32220|547|4922.0|4453|2692334
202404|ADM|42|11200|11200000|인천|수원시|역삼동|4115000000|인계동|1|40|1|8|916|5976|459|4645.0|3975|2132055
202404|CNTY_GU|44|41130|11110000|서울|서초구|인계동|1120000000|역삼1가|1|40|1|7|878|34850|594|5625.0|4052|3341250
202404|ADM|27|11170|11170000|인천|서초구|역삼동|1114000000|역삼1가|2|40|0|7|646|10781|66|5078.0|4100|335148
202404|ADM|46|26110|42110000|경기|수원시|서초동|4511000000|인계동|2|35|0|7|382|15240|198|2043.0|1460|404514
202404|ADM|11|41110|47110000|대구|서초구|인계동|4113000000|서초1동|1|55|0|2|171|37605|703|5581.0|5146|3923443
202404|ADM|43|47110|47110000|경기|서초구|인계동|1114000000|역삼1가|1|55|1|1|760|39814|640|2749.0|2581|1759360
202404|CNTY_GU|42|45110|44130000|인천|성남시|인계동|4511000000|인계동|2|35|3|2|952|9782|539|6177.0|4382|3329403
202404|CNTY_GU|47|11200|28110000|대구|수원시|역삼동|4413000000|서초1동|2|40|1|2|612|10202|329|1185.0|1006|389865
202404|CNTY_GU|44|26110|43110000|부산|성남시|역삼동|2811000000|역삼1가|2|45|2|7|15|10384|344|1345.0|1305|462680
202404|ADM|41|11140|11140000|서울|서초구|인계동|2611000000|인계동|1|65|2|5|224|13762|526|5117.0|3744|2691542
202404|CNTY_GU|42|26140|26140000|대구|성남시|역삼동|1120000000|인계동|2|40|3|4|550|16309|617|6495.0|5242|4007415
202404|ADM|27|41150|11200000|경기|수원시|인계동|4211000000|서초1동|2|50|1|9|153|20775|343|4937.0|3631|1693391
202404|ADM|11|41110|47110000|부산|성남시|역삼동|2611000000|인계동|1|70|0|5|575|28377|718|2188.0|1858|1570984
202404|CNTY_GU|42|27110|41130000|대구|성남시|서초동|4113000000|역삼1가|2|35|0|8|122|39256|278|3154.0|2711|876812
202404|ADM|11|11110|46110000|대구|성남시|인계동|1111000000|역삼1가|2|55|0|7|446|8702|258|4105.0|3356|1059090
202404|CNTY_GU|44|46110|44130000|부산|강남구|서초동|4113000000|역삼1가|1|55|0|2|495|23692|4|2624.0|2495|10496
202404|CNTY_GU|47|27110|43110000|부산|강남구|인계동|2711000000|서초1동|2|30|1|4|646|6581|633|7737.0|6366|4897521
202404|CNTY_GU|11|46110|11200000|서울|성남시|역삼동|4711000000|서초1동|1|70|1|3|203|32821|434|4171.0|3056|1810214
202404|ADM|47|43110|11140000|대구|성남시|서초동|4211000000|인계동|2|60|1|8|592|45624|761|7242.0|6800|5511162
202404|ADM|11|44130|11200000|대구|수원시|인계동|4115000000|인계동|2|40|0|4|259|46288|682|1726.0|1318|1177132
202404|CNTY_GU|42|28110|45110000|경기|수원시|역삼동|2811000000|서초1동|2|50|2|6|431|8086|168|4260.0|3906|715680
202404|ADM|44|11170|46110000|서울|강남구|역삼동|1120000000|인계동|2|40|0|9|837|37052|629|6970.0|5787|4384130
202404|CNTY_GU|44|11200|42110000|대구|수원시|역삼동|4311000000|인계동|2|35|2|4|65|40756|1|2961.0|2266|2961
202404|CNTY_GU|41|42110|45110000|인천|강남구|인계동|2711000000|서초1동|2|65|2|10|488|42429|695|6823.0|4979|4741985
202404|ADM|11|41130|11140000|서울|수원시|역삼동|1117000000|역삼1가|1|50|1|3|942|7149|421|6298.0|5970|2651458
202404|ADM|45|11140|46110000|경기|수원시|서초동|1114000000|서초1동|2|40|0|1|332|11000|613|5173.0|3960|3171049
202404|ADM|42|45110|11140000|부산|수원시|역삼동|4113000000|역삼1가|1|65|1|2|424|21760|580|1309.0|1304|759220
202404|ADM|27|11110|11170000|부산|수원시|인계동|2614000000|서초1동|2|45|3|5|185|7734|733|7311.0|6264|5358963
202404|PRVNC|42|41110|45110000|부산|성남시|서초동|1111000000|인계동|1|30|2|1|163|20480|239|4340.0|3984|1037260
202404|CNTY_GU|42|11200|46110000|경기|수원시|서초동|2611000000|인계동|1|30|0|4|437|15888|127|5294.0|4605|672338
202404|CNTY_GU|43|11170|11170000|부산|성남시|서초동|4711000000|역삼1가|2|70|0|4|570|43624|613|5820.0|5816|3567660
202404|ADM|43|41110|26140000|대구|서초구|서초동|4115000000|서초1동|2|40|2|4|263|45373|513|4436.0|3423|2275668
202404|ADM|43|26140|45110000|서울|수원시|역삼동|1117000000|인계동|2|40|0|2|562|18059|781|2115.0|1728|1651815
202404|ADM|47|28110|41110000|인천|서초구|역삼동|4611000000|인계동|2|45|2|5|39|37846|68|5199.0|5016|353532
202404|PRVNC|47|47110|27110000|부산|서초구|역삼동|4711000000|역삼1가|1|50|3|3|524|6014|30|5198.0|3937|155940
202404|CNTY_GU|11|44130|28110000|경기|수원시|인계동|2611000000|역삼1가|2|40|0|8|867|22139|401|1598.0|1420|640798
202404|ADM|44|26140|26110000|부산|성남시|역삼동|4111000000|인계동|2|70|0|6|711|46054|486|2393.0|2318|1162998
202404|PRVNC|27|41110|47110000|대구|성남시|서초동|4511000000|인계동|2|40|1|6|568|45977|689|2522.0|2515|1737658
202404|ADM|11|27110|41110000|대구|서초구|인계동|4111000000|인계동|1|25|0|8|963|22352|535|3534.0|3322|1890690
202404|CNTY_GU|11|26110|26110000|부산|서초구|서초동|4511000000|서초1동|1|70|1|5|830|34492|581|4908.0|3538|2851548
202404|CNTY_GU|44|28110|46110000|부산|강남구|인계동|4113000000|인계동|1|30|0|2|56|7281|312|5290.0|4604|1650480
202404|CNTY_GU|47|11170|47110000|인천|수원시|역삼동|4115000000|서초1동|2|70|1|8|740|41003|467|1785.0|1617|833595
202404|PRVNC|45|26110|11140000|서울|강남구|서초동|4413000000|서초1동|2|65|0|10|724|15972|114|7012.0|5551|799368
202404|CNTY_GU|26|41130|47110000|인천|강남구|인계동|4211000000|역삼1가|2|60|0|5|14|8954|556|6667.0|6021|3706852
202404|ADM|27|43110|47110000|부산|수원시|역삼동|1111000000|서초1동|2|30|0|8|403|29112|114|1646.0|1601|187644
202404|CNTY_GU|46|42110|46110000|인천|서초구|서초동|4413000000|역삼1가|1|20|0|7|653|42426|141|2191.0|1958|308931
202404|CNTY_GU|44|47110|11170000|대구|강남구|인계동|1114000000|서초1동|2|30|3|1|665|33097|135|6880.0|5834|928800
202404|ADM|43|11200|27110000|인천|성남시|서초동|2711000000|서초1동|2|40|0|2|140|27036|744|3929.0|3644|2923176
202404|PRVNC|26|11170|45110000|서울|성남시|인계동|1111000000|인계동|1|60|0|7|240|17193|141|4104.0|3238|578664
202404|CNTY_GU|45|41150|27110000|대구|성남시|서초동|4711000000|인계동|2|40|2|4|72|8812|172|4391.0|3954|755252
202404|ADM|46|41130|28110000|인천|성남시|역삼동|4115000000|인계동|2|20|1|3|510|6467|796|7937.0|6762|6317852
202404|ADM|41|45110|11200000|서울|수원시|서초동|2711000000|서초1동|2|25|3|6|29|6750|136|2105.0|1859|286280
202404|ADM|47|11170|28110000|부산|성남시|서초동|4511000000|인계동|2|45|0|6|629|20457|436|7588.0|6428|3308368
202404|ADM|42|26110|41110000|경기|수원시|인계동|1114000000|서초1동|2|20|1|10|844|30489|114|2695.0|2221|307230
202404|CNTY_GU|11|28110|27110000|부산|수원시|인계동|1120000000|서초1동|2|60|0|10|779|5364|359|7290.0|5216|2617110
202404|CNTY_GU|47|44130|26110000|부산|강남구|서초동|4311000000|역삼1가|1|35|2|1|570|31414|749|4390.0|3891|3288110
202404|ADM|26|11200|11140000|대구|수원시|인계동|4611000000|역삼1가|1|45|1|5|671|37900|264|6310.0|6266|1665840
202404|CNTY_GU|11|47110|41150000|대구|서초구|인계동|2614000000|역삼1가|2|60|0|8|772|13151|370|1747.0|1408|646390
202404|ADM|42|11140|11140000|부산|성남시|서초동|4211000000|역삼1가|1|50|1|4|772|24899|701|3555.0|3154|2492055
202404|PRVNC|44|46110|45110000|서울|수원시|역삼동|1111000000|서초1동|1|65|2|5|638|18808|427|2310.0|2118|986370
202404|CNTY_GU|44|42110|11140000|대구|수원시|인계동|1120000000|서초1동|2|65|3|7|982|40123|759|5016.0|4419|3807144
202404|ADM|47|11170|47110000|서울|성남시|서초동|1120000000|인계동|2|30|0|8|138|22746|305|1162.0|1127|354410
202404|ADM|42|47110|41130000|인천|수원시|서초동|4111000000|역삼1가|1|20|0|10|480|40574|187|3666.0|3591|685542
202404|PRVNC|26|11110|28110000|대구|강남구|인계동|2711000000|서초1동|2|65|1|2|607|5485|24|4545.0|4369|109080
202404|ADM|42|27110|45110000|대구|강남구|인계동|1114000000|서초1동|2|55|0|5|839|45652|318|4342.0|3587|1380756
202404|CNTY_GU|46|43110|28110000|대구|성남시|인계동|1120000000|역삼1가|1|65|2|6|111|48662|56|6755.0|5012|378280
202404|ADM|11|26140|11170000|서울|수원시|역삼동|1114000000|서초1동|2|25|2|9|303|35725|462|5248.0|4304|2424576
202404|ADM|27|27110|41110000|부산|성남시|서초동|1117000000|서초1동|1|70|0|5|52|42333|15|6675.0|5719|100125
202404|CNTY_GU|44|26110|41110000|서울|강남구|역삼동|4211000000|역삼1가|2|70|1|1|300|37275|84|4502.0|3208|378168
202404|ADM|27|11200|46110000|인천|강남구|인계동|1117000000|서초1동|2|35|0|4|340|16262|3|3484.0|3315|10452
202404|CNTY_GU|42|41130|41110000|경기|수원시|인계동|1114000000|역삼1가|1|25|2|10|325|11493|487|3047.0|2942|1483889
202404|PRVNC|26|28110|11140000|경기|강남구|인계동|4115000000|인계동|2|40|1|1|99|42999|157|5812.0|5170|912484
202404|CNTY_GU|26|44130|26140000|부산|강남구|역삼동|4311000000|서초1동|1|40|3|10|588|5004|594|7452.0|6513|4426488
202404|ADM|45|41130|26140000|대구|서초구|인계동|1117000000|서초1동|2|35|0|6|705|32420|323|7929.0|6471|2561067
202404|CNTY_GU|45|41110|11200000|경기|수원시|서초동|2711000000|역삼1가|1|25|2|3|202|6064|152|2624.0|2606|398848
202404|CNTY_GU|11|11170|11200000|부산|성남시|인계동|4413000000|인계동|2|65|1|4|605|13049|369|3963.0|3292|1462347
202404|ADM|43|26110|11140000|부산|성남시|역삼동|1117000000|역삼1가|1|30|1|4|373|19676|738|5348.0|4074|3946824
202404|ADM|42|11110|44130000|부산|서초구|서초동|4511000000|서초1동|1|65|1|10|682|40538|427|7396.0|7309|3158092
202404|ADM|41|47110|27110000|경기|수원시|인계동|4115000000|서초1동|1|35|0|9|463|9401|684|3168.0|3011|2166912
202404|ADM|44|44130|27110000|대구|서초구|인계동|4311000000|역삼1가|1|65|0|8|907|9332|714|6449.0|5147|4604586
202404|CNTY_GU|44|26110|28110000|부산|수원시|서초동|4511000000|역삼1가|2|35|2|1|743|15715|183|6885.0|5972|1259955
202404|CNTY_GU|26|28110|47110000|대구|성남시|인계동|2611000000|역삼1가|1|25|2|1|363|24074|37|2237.0|1958|82769
202404|CNTY_GU|47|41130|42110000|경기|수원시|서초동|2611000000|인계동|2|60|2|9|488|18433|537|3195.0|3077|1715715
202404|CNTY_GU|27|26110|47110000|서울|강남구|서초동|4113000000|서초1동|2|35|3|4|558|38948|396|4109.0|3551|1627164
202404|CNTY_GU|43|11170|41150000|부산|서초구|역삼동|4413000000|역삼1가|1|35|0|2|120|26870|289|6944.0|5731|2006816
202404|ADM|26|47110|45110000|서울|성남시|인계동|1114000000|인계동|1|40|0|3|374|45385|108|7515.0|6594|811620
202404|ADM|44|27110|46110000|서울|성남시|서초동|4115000000|인계동|1|50|0|7|274|44883|120|2164.0|2146|259680
202404|CNTY_GU|11|43110|41110000|경기|성남시|역삼동|4711000000|서초1동|2|50|0|7|140|17921|741|2172.0|1554|1609452
202404|ADM|27|41150|41110000|서울|강남구|역삼동|4115000000|서초1동|2|25|0|3|248|38474|117|3689.0|3298|431613
202404|CNTY_GU|42|27110|46110000|대구|서초구|역삼동|1111000000|인계동|2|70|0|6|841|32150|734|1403.0|1016|1029802
202404|CNTY_GU|11|41150|43110000|대구|수원시|서초동|1117000000|서초1동|1|25|3|9|807|33749|214|4606.0|3587|985684
202404|ADM|42|26110|27110000|인천|성남시|역삼동|1120000000|역삼1가|2|60|0|4|572|42892|114|2870.0|2608|327180
202404|ADM|43|26110|26140000|부산|강남구|서초동|2711000000|인계동|1|55|3|2|619|13441|417|3706.0|3383|1545402
202404|ADM|47|43110|27110000|부산|성남시|역삼동|1114000000|역삼1가|1|35|0|3|623|43952|96|1033.0|981|99168
202404|ADM|41|44130|26110000|대구|수원시|서초동|4413000000|서초1동|1|50|1|10|699|30685|220|2619.0|2258|576180
202404|CNTY_GU|45|43110|41110000|경기|수원시|서초동|4711000000|역삼1가|1|50|1|5|258|5151|90|1889.0|1776|170010
202404|PRVNC|27|42110|42110000|부산|성남시|인계동|2711000000|서초1동|1|55|0|8|564|22944|18|2565.0|2182|46170
202404|ADM|47|46110|42110000|인천|성남시|인계동|1111000000|서초1동|2|55|0|3|828|9260|81|3983.0|3028|322623
202404|CNTY_GU|47|26140|11110000|인천|수원시|역삼동|4211000000|역삼1가|1|45|2|9|35|19869|774|2643.0|2203|2045682
202404|CNTY_GU|45|11110|11140000|경기|수원시|역삼동|1111000000|서초1동|1|55|3|2|509|13510|129|6351.0|4774|819279
202404|ADM|27|26110|41150000|부산|성남시|서초동|2614000000|서초1동|2|30|2|2|106|34484|179|4161.0|3594|744819
202404|ADM|47|41150|41130000|대구|성남시|역삼동|1114000000|인계동|2|55|1|9|69|5572|127|2496.0|2133|316992
202404|ADM|41|41150|11110000|대구|서초구|서초동|4115000000|인계동|1|40|2|7|619|8866|62|5371.0|4180|333002
202404|CNTY_GU|27|26110|47110000|인천|성남시|역삼동|4511000000|서초1동|1|70|1|10|320|45227|133|6947.0|5876|923951
202404|CNTY_GU|42|44130|47110000|서울|수원시|서초동|2711000000|역삼1가|1|65|1|6|506|23218|84|4489.0|3955|377076
202404|CNTY_GU|26|47110|11140000|대구|성남시|인계동|2711000000|서초1동|2|20|3|8|454|7988|121|7915.0|6572|957715
202404|CNTY_GU|41|11170|11110000|서울|서초구|역삼동|4111000000|역삼1가|1|60|1|6|558|40241|367|3494.0|2680|1282298
202404|CNTY_GU|41|11110|11140000|서울|성남시|서초동|4711000000|인계동|2|50|1|1|334|46185|304|4249.0|4190|1291696
202404|ADM|47|42110|42110000|대구|서초구|인계동|4211000000|인계동|1|55|2|4|517|19583|146|3968.0|3732|579328
202404|ADM|42|41110|47110000|경기|성남시|인계동|4711000000|인계동|2|35|1|10|114|18767|205|7944.0|6068|1628520
202404|CNTY_GU|45|42110|27110000|인천|강남구|역삼동|2614000000|인계동|2|60|0|10|246|30485|374|6047.0|5097|2261578
202404|ADM|46|43110|45110000|서울|강남구|역삼동|4311000000|역삼1가|1|30|1|5|324|8349|335|5044.0|4103|1689740
202404|CNTY_GU|47|11110|11200000|경기|성남시|서초동|4711000000|역삼1가|1|65|3|9|533|49563|99|3557.0|3553|352143
202404|ADM|43|43110|11110000|경기|서초구|서초동|1117000000|인계동|1|40|1|3|2|22006|715|1421.0|1302|1016015
202404|ADM|43|11170|41110000|경기|수원시|인계동|2811000000|인계동|2|25|3|4|890|16428|313|7314.0|6543|2289282
202404|CNTY_GU|47|41150|28110000|부산|서초구|인계동|4711000000|서초1동|1|55|2|8|211|37765|283|1773.0|1319|501759
202404|CNTY_GU|44|47110|47110000|부산|성남시|역삼동|4111000000|서초1동|2|40|1|1|835|22625|460|6085.0|4606|2799100
202404|CNTY_GU|27|41110|26140000|서울|강남구|인계동|2811000000|서초1동|2|35|0|1|638|11067|231|4590.0|4495|1060290
202404|ADM|43|26140|28110000|대구|서초구|인계동|4115000000|역삼1가|2|55|1|3|308|26209|498|5898.0|4923|2937204
202404|ADM|43|46110|11170000|인천|성남시|인계동|2811000000|인계동|1|40|3|1|539|47933|731|7452.0|5249|5447412
202404|CNTY_GU|43|28110|27110000|부산|성남시|인계동|4111000000|역삼1가|2|30|1|6|277|27192|676|2367.0|2009|1600092
202404|CNTY_GU|44|41130|11110000|서울|강남구|인계동|4115000000|인계동|1|50|0|8|375|12958|259|1689.0|1495|437451
202404|ADM|42|11200|26140000|경기|서초구|인계동|1120000000|서초1동|2|40|0|7|812|14954|78|3593.0|2828|280254
202404|ADM|26|41110|26110000|대구|서초구|역삼동|4311000000|인계동|2|25|1|2|959|45437|2|5002.0|4139|10004
202404|CNTY_GU|41|11140|27110000|대구|수원시|인계동|4413000000|인계동|1|35|1|9|470|39601|170|1468.0|1149|249560
202404|CNTY_GU|45|45110|42110000|서울|수원시|서초동|4711000000|인계동|2|45|1|5|45|5645|496|6677.0|5559|3311792
202404|ADM|47|41150|44130000|부산|강남구|서초동|4311000000|인계동|1|50|1|4|439|14753|396|5238.0|5213|2074248
202404|PRVNC|44|28110|26140000|부산|성남시|서초동|4711000000|서초1동|1|45|1|6|640|38127|227|7881.0|6602|1788987
202404|ADM|45|43110|45110000|서울|강남구|역삼동|4111000000|서초1동|1|65|0|2|505|18502|158|3003.0|2828|474474
202404|ADM|26|41150|26140000|대구|서초구|인계동|2811000000|역삼1가|2|40|1|10|621|26879|417|7356.0|5433|3067452
202404|ADM|45|28110|11140000|서울|성남시|역삼동|4211000000|인계동|2|65|1|5|147|44437|769|3685.0|3452|2833765
202404|ADM|42|26140|26110000|대구|성남시|서초동|1117000000|서초1동|2|45|1|4|520|39541|615|1742.0|1484|1071330
202404|CNTY_GU|45|11140|26110000|서울|성남시|인계동|2811000000|서초1동|2|55|1|7|413|35277|207|6874.0|5567|1422918
202404|ADM|44|11200|11140000|부산|서초구|인계동|4611000000|인계동|1|50|2|4|263|34565|453|1537.0|1341|696261
202404|ADM|45|27110|42110000|경기|수원시|인계동|1111000000|역삼1가|2|25|2|8|959|16091|408|5986.0|4819|2442288
202404|ADM|45|28110|41150000|부산|강남구|인계동|1117000000|역삼1가|2|40|1|5|504|13792|647|2436.0|2296|1576092
202404|ADM|44|47110|26140000|부산|서초구|역삼동|4211000000|인계동|1|55|2|9|350|41825|277|5691.0|5331|1576407
202404|ADM|42|26140|43110000|인천|서초구|역삼동|4113000000|인계동|1|35|3|5|470|7222|277|2959.0|2275|819643
202404|ADM|46|41110|11200000|부산|강남구|역삼동|4413000000|인계동|1|40|2|7|644|34163|360|1564.0|1297|563040
202404|ADM|45|11110|47110000|부산|성남시|서초동|1117000000|역삼1가|2|55|2|6|145|23195|137|7060.0|5235|967220
202404|CNTY_GU|26|11140|26140000|경기|성남시|서초동|2811000000|서초1동|2|55|2|10|981|6228|696|3466.0|2432|2412336
202404|ADM|27|41110|11200000|대구|강남구|역삼동|2711000000|서초1동|1|45|0|9|236|31071|317|5516.0|4351|1748572
202404|ADM|27|26140|43110000|서울|서초구|역삼동|4711000000|역삼1가|1|55|3|5|103|10958|689|1277.0|1108|879853
202404|CNTY_GU|41|42110|11170000|인천|강남구|역삼동|4113000000|역삼1가|1|65|0|8|437|43245|331|7595.0|7046|2513945
202404|ADM|45|45110|47110000|부산|성남시|서초동|1117000000|역삼1가|2|45|0|3|965|16179|541|5345.0|5264|2891645
202404|ADM|11|11110|43110000|부산|서초구|서초동|4211000000|인계동|2|55|0|9|372|15629|573|3931.0|3250|2252463
202404|ADM|27|11170|11200000|경기|수원시|역삼동|4115000000|인계동|2|20|1|7|576|35490|633|7301.0|5118|4621533
202404|ADM|42|41130|26140000|대구|수원시|역삼동|4711000000|서초1동|1|20|2|4|130|18557|550|3870.0|3463|2128500
202404|ADM|26|11140|47110000|대구|강남구|서초동|2711000000|역삼1가|2|50|0|9|496|21504|552|3304.0|2517|1823808
202404|ADM|26|26140|41110000|서울|서초구|역삼동|4611000000|서초1동|2|50|3|8|238|20298|249|2957.0|2580|736293
202404|ADM|42|43110|41130000|서울|강남구|역삼동|2614000000|서초1동|1|35|2|2|4|27779|52|5569.0|4653|289588
202404|ADM|44|11110|43110000|인천|강남구|역삼동|4111000000|역삼1가|1|50|3|10|591|37589|743|4062.0|3182|3018066
202404|ADM|41|41150|26110000|서울|성남시|서초동|2614000000|역삼1가|2|25|1|3|524|40047|676|4983.0|3934|3368508
202404|CNTY_GU|47|11140|28110000|서울|서초구|역삼동|2614000000|서초1동|2|60|1|1|703|10658|222|6536.0|5246|1450992
202404|CNTY_GU|42|43110|28110000|대구|서초구|서초동|4113000000|역삼1가|1|40|3|4|993|26101|4|5588.0|4204|22352
202404|CNTY_GU|47|43110|27110000|인천|수원시|서초동|4113000000|서초1동|1|50|3|5|751|28477|797|5876.0|5357|4683172
202404|ADM|43|11110|26140000|대구|성남시|역삼동|4611000000|역삼1가|2|70|2|1|857|47815|68|5269.0|4311|358292
202404|CNTY_GU|41|41130|28110000|부산|서초구|서초동|2711000000|역삼1가|2|45|0|6|539|31569|29|6528.0|5975|189312
202404|CNTY_GU|26|41110|44130000|부산|성남시|역삼동|4115000000|인계동|1|45|0|5|940|42300|790|6056.0|5297|4784240
202404|ADM|45|47110|28110000|경기|수원시|역삼동|2811000000|역삼1가|1|25|0|6|55|28474|539|6814.0|5234|3672746
202404|CNTY_GU|43|11110|11140000|부산|강남구|인계동|4511000000|서초1동|2|20|0|5|784|28158|4|5425.0|4320|21700
202404|CNTY_GU|47|42110|11110000|서울|성남시|인계동|4611000000|인계동|2|70|1|6|231|29495|497|1030.0|1006|511910
202404|ADM|47|41130|11110000|경기|서초구|역삼동|2614000000|역삼1가|1|65|1|2|967|9394|593|7362.0|6084|4365666
202404|ADM|43|47110|11200000|대구|수원시|역삼동|4111000000|역삼1가|1|60|2|9|728|24528|469|2661.0|1953|1248009
202404|ADM|27|43110|43110000|부산|성남시|서초동|2711000000|서초1동|2|70|3|7|197|47628|598|6037.0|5390|3610126
202404|CNTY_GU|41|26110|41150000|경기|성남시|역삼동|1111000000|역삼1가|1|25|0|3|288|49375|623|5579.0|4478|3475717
202404|CNTY_GU|11|11140|26140000|대구|수원시|역삼동|4511000000|서초1동|2|60|3|2|68|12812|171|5625.0|4723|961875
202404|CNTY_GU|26|41130|11110000|인천|서초구|역삼동|4211000000|역삼1가|1|25|3|10|670|25278|473|4123.0|3141|1950179
202404|ADM|42|45110|26140000|부산|수원시|인계동|4711000000|인계동|2|50|2|6|205|41698|267|4163.0|2930|1111521
202404|ADM|26|41130|26110000|서울|수원시|역삼동|2611000000|서초1동|2|55|2|9|647|42659|489|1822.0|1594|890958
202404|CNTY_GU|46|41130|41110000|서울|수원시|서초동|2614000000|서초1동|1|55|3|5|61|33883|138|2717.0|2255|374946
202404|CNTY_GU|46|41110|28110000|대구|서초구|인계동|1120000000|서초1동|1|35|1|3|515|29944|702|1453.0|1193|1020006
202404|CNTY_GU|26|27110|11170000|대구|수원시|인계동|2614000000|역삼1가|1|65|1|3|219|44443|214|7353.0|7183|1573542
202404|CNTY_GU|27|46110|28110000|경기|서초구|인계동|4413000000|역삼1가|2|50|1|1|308|32509|151|7603.0|5917|1148053
202404|CNTY_GU|46|11170|11170000|대구|성남시|역삼동|4511000000|인계동|1|65|1|6|422|40691|100|1752.0|1534|175200
202404|CNTY_GU|27|41110|11110000|대구|강남구|역삼동|1117000000|역삼1가|1|45|3|8|79|41568|426|6939.0|6578|2956014
202404|CNTY_GU|27|45110|46110000|경기|수원시|서초동|1111000000|역삼1가|1|40|0|2|376|17035|286|5761.0|4819|1647646
202404|CNTY_GU|45|26110|45110000|경기|수원시|인계동|4115000000|역삼1가|2|65|0|1|729|49177|570|3233.0|2993|1842810
202404|PRVNC|42|28110|47110000|인천|수원시|서초동|1117000000|서초1동|2|60|3|2|345|21756|335|2104.0|1825|704840
202404|CNTY_GU|46|42110|11140000|경기|수원시|서초동|4413000000|인계동|1|25|2|5|247|11363|248|5475.0|4409|1357800
202404|CNTY_GU|43|11170|42110000|경기|강남구|인계동|1114000000|역삼1가|1|40|0|6|488|15746|253|1193.0|1159|301829
202404|CNTY_GU|27|26110|45110000|경기|수원시|인계동|2614000000|인계동|1|25|2|6|283|31154|177|2027.0|1648|358779
202404|PRVNC|26|43110|27110000|부산|서초구|인계동|2614000000|서초1동|1|65|0|9|893|46313|559|1736.0|1454|970424
202404|ADM|44|11140|47110000|인천|강남구|서초동|4111000000|인계동|2|45|1|10|122|13205|105|1944.0|1738|204120
202404|CNTY_GU|42|27110|47110000|대구|성남시|인계동|4511000000|서초1동|2|35|3|9|484|35451|729|1047.0|919|763263
202404|PRVNC|42|41150|11200000|대구|강남구|역삼동|4113000000|서초1동|1|25|1|4|727|7151|212|3335.0|2847|707020
202404|ADM|44|45110|45110000|서울|서초구|역삼동|2611000000|역삼1가|1|35|3|5|388|27822|10|6610.0|5995|66100
202404|ADM|27|11170|11140000|부산|서초구|서초동|4115000000|서초1동|2|40|0|8|959|45423|533|2968.0|2695|1581944
202404|ADM|47|41130|11170000|부산|서초구|인계동|4111000000|인계동|2|70|1|3|994|34206|569|2734.0|2348|1555646
202404|CNTY_GU|43|43110|11170000|서울|수원시|서초동|4711000000|역삼1가|2|70|2|10|481|49713|493|7855.0|6689|3872515
202404|PRVNC|46|27110|47110000|부산|수원시|역삼동|4711000000|서초1동|1|45|0|2|710|47988|290|4372.0|3276|1267880
202404|ADM|45|28110|45110000|인천|서초구|인계동|4611000000|인계동|2|65|3|5|361|36060|139|1170.0|1068|162630
202404|CNTY_GU|44|28110|26110000|대구|서초구|서초동|1117000000|역삼1가|1|60|0|8|954|5830|699|5118.0|5104|3577482
202404|CNTY_GU|11|45110|47110000|인천|수원시|역삼동|1120000000|인계동|1|60|3|2|516|23255|394|4831.0|3803|1903414
202404|CNTY_GU|45|41150|11170000|인천|수원시|역삼동|1120000000|역삼1가|2|35|0|10|612|10298|381|3972.0|3019|1513332
202404|CNTY_GU|11|27110|41150000|부산|수원시|역삼동|4113000000|인계동|1|60|3|2|391|39029|173|6978.0|6851|1207194
202404|CNTY_GU|45|11110|45110000|부산|수원시|인계동|4413000000|인계동|2|70|3|3|427|12426|626|5773.0|4752|3613898
202404|ADM|47|27110|47110000|부산|강남구|서초동|1117000000|인계동|1|60|3|4|308|49427|748|1181.0|1071|883388
202404|ADM|43|44130|11200000|인천|수원시|역삼동|4711000000|서초1동|1|50|2|7|252|33368|517|3613.0|3039|1867921
202404|ADM|47|28110|44130000|인천|강남구|서초동|1114000000|인계동|1|20|1|4|971|46152|580|4876.0|4236|2828080
202404|ADM|44|27110|42110000|대구|강남구|서초동|4111000000|인계동|1|40|1|6|334|41405|568|5634.0|4508|3200112
202404|CNTY_GU|43|43110|41130000|대구|수원시|서초동|2711000000|역삼1가|2|55|1|4|935|43822|141|3659.0|3407|515919
202404|CNTY_GU|43|47110|44130000|경기|수원시|인계동|4611000000|역삼1가|2|30|0|4|4|7140|372|4114.0|3501|1530408
202404|ADM|26|11170|46110000|부산|수원시|서초동|2614000000|인계동|2|40|0|5|625|28143|233|2511.0|2120|585063
202404|CNTY_GU|11|47110|11170000|서울|수원시|역삼동|1120000000|서초1동|2|55|1|3|813|45566|323|5201.0|4515|1679923
202404|ADM|11|26140|28110000|경기|서초구|서초동|4113000000|역삼1가|2|65|1|6|19|14692|682|2647.0|2597|1805254
202404|ADM|46|41130|11200000|인천|서초구|인계동|1111000000|서초1동|2|55|2|5|65|21574|665|4421.0|4180|2939965
202404|ADM|26|26110|27110000|경기|강남구|역삼동|4115000000|역삼1가|2|50|2|3|371|11014|447|6701.0|4811|2995347
202404|ADM|44|11110|27110000|대구|강남구|서초동|1117000000|서초1동|1|35|1|5|315|28093|96|7413.0|5987|711648
202404|CNTY_GU|27|27110|43110000|대구|성남시|인계동|2711000000|인계동|2|55|2|5|198|8210|286|4251.0|3172|1215786
202404|ADM|41|46110|41150000|서울|서초구|인계동|4113000000|서초1동|1|60|3|5|501|9108|579|2452.0|2387|1419708
202404|ADM|44|46110|43110000|경기|서초구|서초동|4511000000|서초1동|2|40|0|7|583|20347|479|1321.0|1022|632759
202404|ADM|46|27110|43110000|서울|성남시|서초동|4211000000|서초1동|2|65|1|3|862|40679|448|6913.0|6429|3097024
202404|CNTY_GU|26|41150|27110000|서울|강남구|인계동|4511000000|역삼1가|1|40|0|6|399|6804|313|3861.0|3414|1208493
202404|ADM|43|44130|41150000|인천|강남구|인계동|4413000000|인계동|1|50|0|5|795|42685|775|2319.0|2156|1797225
202404|PRVNC|26|41110|41110000|부산|수원시|서초동|4311000000|서초1동|1|65|1|8|416|35410|729|6717.0|6050|4896693
202404|CNTY_GU|27|44130|41130000|부산|서초구|서초동|2614000000|서초1동|1|65|0|7|757|47730|516|4371.0|3436|2255436
202404|CNTY_GU|45|11170|11200000|인천|서초구|인계동|2614000000|인계동|1|45|2|3|922|42134|699|5824.0|4947|4070976
202404|ADM|11|46110|26110000|인천|성남시|서초동|4511000000|서초1동|1|45|2|3|409|38709|145|0.0|0|0
202404|CNTY_GU|27|41130|11170000|경기|서초구|인계동|2611000000|역삼1가|1|70|2|4|903|40862|130|7684.0|5912|998920
202404|CNTY_GU|43|11170|11170000|대구|강남구|서초동|4511000000|인계동|1|45|1|4|561|37200|571|3203.0|2361|1828913
202404|ADM|27|44130|26140000|대구|성남시|서초동|1114000000|서초1동|2|20|0|6|271|8821|542|6411.0|6172|3474762
202404|ADM|41|46110|11200000|경기|성남시|서초동|4511000000|역삼1가|2|45|0|3|858|34271|197|3078.0|2418|606366
202404|ADM|43|27110|41110000|서울|성남시|인계동|2611000000|역삼1가|2|50|0|10|623|14002|670|2196.0|1623|1471320
202404|CNTY_GU|47|28110|43110000|인천|강남구|인계동|4311000000|인계동|2|60|0|9|556|12696|598|3873.0|2991|2316054
202404|CNTY_GU|11|46110|11170000|부산|서초구|역삼동|4711000000|서초1동|1|25|1|7|866|48580|171|1467.0|1142|250857
202404|ADM|43|41130|11200000|경기|성남시|인계동|4611000000|인계동|1|50|0|7|651|45707|489|4554.0|3359|2226906
202404|ADM|44|26140|11170000|경기|수원시|역삼동|2811000000|역삼1가|1|50|0|3|959|49881|697|4237.0|3852|2953189
202404|ADM|42|41150|44130000|서울|서초구|인계동|1117000000|인계동|2|55|0|6|6|5407|615|1540.0|1385|947100
202404|PRVNC|11|11170|11170000|부산|서초구|인계동|2811000000|인계동|2|35|0|1|743|48737|337|4113.0|3606|1386081
202404|ADM|45|26140|46110000|대구|서초구|서초동|4115000000|역삼1가|2|60|0|2|486|5168|655|4990.0|4794|3268450
202404|ADM|27|45110|45110000|부산|수원시|역삼동|4111000000|역삼1가|2|60|0|6|99|46547|248|4833.0|3461|1198584
202404|CNTY_GU|11|11140|27110000|대구|수원시|인계동|4413000000|역삼1가|1|30|0|1|350|10900|779|1503.0|1325|1170837
202404|ADM|42|41130|42110000|서울|수원시|인계동|4211000000|서초1동|1|60|1|10|680|11540|787|5701.0|4996|4486687
202404|CNTY_GU|26|42110|11200000|대구|서초구|서초동|1111000000|서초1동|1|50|2|8|63|6953|243|0.0|0|0
202404|CNTY_GU|44|41110|11170000|대구|수원시|역삼동|4611000000|인계동|2|40|1|7|491|40533|551|2780.0|2217|1531780
202404|CNTY_GU|43|27110|42110000|경기|서초구|인계동|2611000000|역삼1가|2|60|0|9|676|41133|770|6973.0|5772|5369210
202404|CNTY_GU|27|46110|42110000|부산|강남구|역삼동|1114000000|역삼1가|2|30|1|5|288|14560|234|7918.0|6347|1852812
202404|ADM|47|44130|26140000|서울|성남시|서초동|2611000000|역삼1가|2|40|1|9|872|41080|573|1793.0|1465|1027389
202404|CNTY_GU|46|45110|41110000|대구|강남구|서초동|4413000000|서초1동|1|65|2|1|891|16580|425|4463.0|3981|1896775
202404|PRVNC|41|11140|41110000|서울|강남구|서초동|4413000000|인계동|2|30|0|9|643|44008|4|2853.0|2218|11412
202404|ADM|47|47110|41130000|서울|수원시|인계동|2811000000|역삼1가|2|70|3|2|638|27095|515|6004.0|5766|3092060
202404|CNTY_GU|41|41110|26110000|부산|강남구|인계동|4111000000|인계동|2|50|0|2|277|30750|383|5252.0|5242|2011516
202404|CNTY_GU|42|42110|45110000|부산|수원시|인계동|2611000000|서초1동|2|20|3|8|913|41133|570|3858.0|3193|2199060
202404|CNTY_GU|43|27110|41150000|대구|서초구|인계동|4711000000|역삼1가|2|30|1|8|494|26358|768|6229.0|6211|4783872
202404|ADM|27|41130|41110000|대구|성남시|인계동|4113000000|인계동|2|25|0|4|67|24942|169|5790.0|4890|978510
202404|ADM|44|43110|41110000|서울|서초구|인계동|1117000000|역삼1가|2|60|0|2|349|31196|143|7493.0|5289|1071499
202404|ADM|26|41130|26110000|부산|강남구|인계동|4113000000|인계동|2|35|0|3|784|15134|494|7883.0|7652|3894202
202404|CNTY_GU|44|41130|26140000|경기|강남구|역삼동|1114000000|인계동|1|50|1|5|576|25427|769|3895.0|3119|2995255
202404|CNTY_GU|47|27110|44130000|대구|성남시|인계동|1117000000|인계동|1|65|3|3|586|45929|3|2075.0|1490|6225
202404|ADM|41|47110|11170000|경기|성남시|역삼동|1120000000|인계동|2|65|3|10|690|33865|325|0.0|0|0
202404|CNTY_GU|26|11200|11170000|인천|강남구|역삼동|1114000000|인계동|2|65|3|9|301|17864|643|4051.0|3715|2604793
202404|ADM|43|27110|11170000|경기|서초구|역삼동|4511000000|서초1동|2|45|0|5|262|46376|729|7220.0|5558|5263380
202404|ADM|27|45110|46110000|부산|강남구|인계동|4115000000|역삼1가|2|30|0|4|876|39784|237|5879.0|5408|1393323
202404|ADM|45|41110|44130000|대구|성남시|인계동|4111000000|서초1동|1|40|2|2|488|48872|86|4664.0|4428|401104
202404|ADM|41|11110|47110000|인천|성남시|서초동|4311000000|서초1동|1|40|0|2|797|39433|776|6997.0|6808|5429672
202404|CNTY_GU|11|11140|26140000|경기|수원시|인계동|4115000000|인계동|2|70|0|1|630|5772|129|6279.0|6102|809991
202404|ADM|27|46110|26140000|경기|수원시|서초동|4115000000|인계동|1|60|0|4|568|9080|13|5460.0|4117|70980
202404|PRVNC|46|47110|26110000|부산|서초구|인계동|4113000000|인계동|2|40|1|9|504|5069|257|4626.0|4013|1188882
202404|ADM|11|26110|44130000|부산|서초구|인계동|2614000000|인계동|2|40|2|8|971|25049|623|2618.0|2526|1631014
202404|ADM|46|11200|43110000|경기|수원시|역삼동|1111000000|인계동|1|35|0|1|578|25712|597|2480.0|1916|1480560
202404|ADM|27|26110|46110000|경기|수원시|인계동|4113000000|서초1동|2|40|0|5|798|10929|4|5516.0|5514|22064
202404|CNTY_GU|27|46110|26110000|대구|서초구|인계동|4413000000|서초1동|1|25|0|4|228|9381|549|3693.0|3400|2027457
202404|CNTY_GU|45|11110|46110000|대구|서초구|서초동|4611000000|역삼1가|2|60|1|8|467|37562|753|5359.0|5252|4035327
202404|ADM|47|11140|47110000|경기|수원시|역삼동|2611000000|서초1동|1|45|0|6|536|37242|8|0.0|0|0
202404|ADM|27|27110|11140000|부산|성남시|서초동|4611000000|서초1동|2|50|1|7|54|38410|689|1305.0|992|899145
202404|CNTY_GU|47|47110|26140000|서울|강남구|인계동|1111000000|역삼1가|2|30|1|1|999|32491|481|1603.0|1578|771043
202404|ADM|45|11140|11170000|대구|성남시|서초동|1120000000|인계동|2|45|0|4|608|18568|705|5248.0|4116|3699840
202404|PRVNC|11|26140|47110000|경기|서초구|역삼동|4511000000|인계동|1|45|2|4|107|30437|42|7835.0|7609|329070
202404|ADM|42|11200|41110000|부산|수원시|역삼동|1114000000|인계동|2|25|0|9|433|35672|203|4728.0|3551|959784
202404|ADM|27|26140|11110000|부산|성남시|인계동|4111000000|역삼1가|2|20|2|8|987|38650|2|5721.0|4619|11442
202404|CNTY_GU|11|42110|41130000|대구|서초구|서초동|4211000000|역삼1가|2|50|2|1|579|23706|637|3026.0|2688|1927562
202404|ADM|47|11200|11200000|대구|강남구|역삼동|1111000000|역삼1가|1|50|0|2|221|13749|542|2513.0|2446|1362046
202404|ADM|46|28110|26140000|경기|강남구|인계동|1117000000|역삼1가|1|55|2|8|47|30238|268|2672.0|2240|716096
202404|CNTY_GU|46|11170|41130000|인천|성남시|역삼동|2711000000|인계동|1|65|0|4|405|44541|195|7584.0|6672|1478880
202404|ADM|44|11110|11140000|부산|성남시|서초동|4413000000|인계동|1|70|1|6|823|35847|359|6375.0|5086|2288625
202404|ADM|45|41110|46110000|인천|수원시|역삼동|4311000000|서초1동|1|60|2|4|268|36677|135|3492.0|2648|471420
202404|ADM|44|26140|28110000|경기|강남구|역삼동|2611000000|서초1동|1|20|0|4|805|42763|723|1454.0|1340|1051242
202404|CNTY_GU|11|43110|41150000|경기|성남시|인계동|2711000000|서초1동|2|35|2|2|558|35043|3|7014.0|6456|21042
202404|CNTY_GU|26|11110|26110000|인천|강남구|서초동|1117000000|인계동|1|60|0|5|754|27191|577|2991.0|2869|1725807
202404|CNTY_GU|46|11110|44130000|대구|서초구|인계동|2811000000|인계동|1|65|0|8|906|35098|384|2669.0|1988|1024896
202404|PRVNC|44|46110|28110000|서울|수원시|역삼동|4413000000|인계동|1|65|0|6|780|36593|513|5907.0|4238|3030291
202404|CNTY_GU|41|28110|41110000|경기|강남구|서초동|1114000000|역삼1가|2|55|0|2|694|25036|205|1860.0|1650|381300
202404|ADM|45|45110|26110000|부산|성남시|서초동|1120000000|인계동|2|65|0|3|181|17489|105|2464.0|2086|258720
202404|CNTY_GU|43|11140|11200000|인천|성남시|역삼동|2614000000|역삼1가|1|30|0|8|733|22231|188|4502.0|3996|846376
202404|CNTY_GU|47|27110|28110000|인천|서초구|인계동|1111000000|서초1동|2|40|2|7|511|26010|432|1823.0|1406|787536
202404|ADM|42|42110|26140000|경기|강남구|인계동|4611000000|역삼1가|2|25|3|10|206|35149|767|7395.0|7008|5671965
202404|CNTY_GU|44|26110|41130000|대구|수원시|역삼동|4413000000|서초1동|2|35|3|6|757|8929|101|7880.0|6567|795880
202404|ADM|47|11200|41150000|대구|성남시|인계동|2614000000|역삼1가|1|60|3|10|910|35287|2|6817.0|6157|13634
202404|ADM|42|11140|27110000|대구|성남시|인계동|1114000000|서초1동|2|30|1|8|623|26706|62|4959.0|3761|307458
202404|CNTY_GU|47|26140|11170000|경기|서초구|서초동|4111000000|인계동|1|60|2|9|874|9548|354|4816.0|3442|1704864
202404|ADM|46|42110|11200000|부산|서초구|인계동|2811000000|역삼1가|1|60|0|2|517|21740|757|2881.0|2326|2180917
202404|ADM|11|26110|26110000|대구|강남구|서초동|1117000000|인계동|1|65|3|4|892|38788|43|2046.0|1693|87978
202404|ADM|11|11170|27110000|경기|강남구|역삼동|2711000000|서초1동|1|70|0|4|355|46450|475|2077.0|1721|986575
202404|CNTY_GU|11|41150|43110000|경기|수원시|역삼동|4611000000|서초1동|1|60|2|2|24|41069|126|2047.0|1579|257922
202404|CNTY_GU|42|42110|26110000|부산|강남구|역삼동|1117000000|서초1동|1|55|2|6|662|16801|7|1049.0|881|7343
202404|PRVNC|46|27110|43110000|서울|서초구|인계동|4511000000|역삼1가|1|60|3|1|349|30535|431|6200.0|5280|2672200
202404|CNTY_GU|45|26110|11140000|부산|서초구|역삼동|1111000000|역삼1가|2|30|0|8|39|49763|376|6248.0|4910|2349248
202404|PRVNC|45|43110|42110000|대구|강남구|서초동|2811000000|역삼1가|1|55|0|3|537|27058|720|6101.0|4878|4392720
202404|ADM|41|43110|41150000|인천|성남시|인계동|1114000000|서초1동|1|65|1|4|28|14473|231|3502.0|3039|808962
202404|ADM|11|41150|44130000|대구|수원시|서초동|4211000000|역삼1가|2|45|2|3|514|28085|4|1715.0|1223|6860
202404|CNTY_GU|11|27110|41150000|인천|서초구|역삼동|2811000000|서초1동|1|20|2|4|436|31945|125|2361.0|1681|295125
202404|CNTY_GU|26|41110|26140000|인천|강남구|서초동|4115000000|서초1동|1|40|0|5|274|15056|464|6741.0|5593|3127824
202404|CNTY_GU|26|11170|26140000|대구|수원시|서초동|4711000000|인계동|1|25|3|9|548|19728|655|7324.0|5264|4797220
202404|CNTY_GU|47|11110|44130000|부산|수원시|역삼동|4511000000|인계동|2|50|1|2|407|48927|310|1401.0|1294|434310
202404|ADM|26|26110|47110000|서울|수원시|인계동|4311000000|인계동|2|60|3|2|324|45511|125|5874.0|5145|734250
202404|CNTY_GU|41|41110|41110000|대구|성남시|서초동|2614000000|역삼1가|2|25|3|4|81|44410|405|7276.0|5150|2946780
202404|ADM|46|42110|44130000|인천|서초구|역삼동|4311000000|인계동|2|40|3|8|682|26714|135|6672.0|5329|900720
202404|ADM|27|26110|47110000|경기|강남구|인계동|4113000000|역삼1가|2|55|2|8|70|43067|518|2736.0|1987|1417248
202404|CNTY_GU|45|42110|46110000|대구|강남구|서초동|4211000000|인계동|1|65|2|9|929|16851|188|5590.0|5432|1050920
202404|CNTY_GU|42|26140|11110000|부산|성남시|서초동|4211000000|인계동|2|35|1|7|848|19068|529|6732.0|5339|3561228
202404|ADM|45|41150|28110000|경기|강남구|역삼동|4413000000|역삼1가|1|45|1|3|127|12609|570|7416.0|6041|4227120
202404|CNTY_GU|41|11140|41150000|대구|서초구|서초동|4311000000|서초1동|2|20|1|7|355|36197|799|5763.0|5394|4604637
202404|PRVNC|47|26140|41110000|대구|강남구|인계동|4113000000|서초1동|1|40|1|5|474|38622|155|3411.0|2609|528705
202404|ADM|45|11200|41130000|서울|성남시|역삼동|1120000000|역삼1가|1|40|0|7|574|33383|745|5681.0|4331|4232345
202404|ADM|41|41150|42110000|인천|서초구|인계동|4711000000|역삼1가|2|30|0|6|942|45178|259|2094.0|1972|542346
202404|ADM|44|43110|11200000|부산|성남시|인계동|1114000000|역삼1가|1|30|0|10|26|14278|126|1619.0|1392|203994
202404|ADM|45|11110|41130000|인천|강남구|인계동|4115000000|서초1동|1|40|2|8|955|39504|722|1046.0|812|755212
202404|ADM|47|27110|42110000|인천|수원시|서초동|1120000000|인계동|1|25|1|10|647|49052|457|4845.0|3620|2214165
202404|ADM|41|41150|42110000|대구|강남구|역삼동|4115000000|인계동|1|65|0|9|490|28342|453|1236.0|1158|559908
202404|ADM|47|43110|41130000|인천|서초구|인계동|2811000000|인계동|1|70|2|5|320|27869|243|1949.0|1483|473607
202404|ADM|45|44130|28110000|서울|수원시|인계동|1111000000|인계동|1|65|3|4|770|46429|140|6977.0|5911|976780
202404|ADM|42|44130|27110000|대구|강남구|서초동|4611000000|서초1동|1|20|0|3|39|10900|51|3864.0|2925|197064
202404|PRVNC|44|11170|11170000|경기|서초구|서초동|4311000000|서초1동|1|40|3|4|192|28028|688|5304.0|4310|3649152
202404|ADM|43|41150|43110000|서울|수원시|서초동|2614000000|역삼1가|2|40|0|2|860|28334|19|4084.0|2961|77596
202404|ADM|47|44130|44130000|경기|서초구|인계동|2711000000|서초1동|1|40|2|4|804|14961|411|1318.0|926|541698
202404|ADM|11|41130|47110000|대구|강남구|인계동|4113000000|서초1동|1|60|3|9|458|9587|215|5155.0|4500|1108325
202404|PRVNC|45|46110|27110000|대구|강남구|서초동|4413000000|역삼1가|2|55|0|2|975|15500|667|1747.0|1521|1165249
202404|ADM|46|44130|11200000|서울|서초구|인계동|4711000000|서초1동|2|30|3|9|395|40125|562|5703.0|4316|3205086
202404|CNTY_GU|11|47110|41150000|서울|강남구|서초동|4511000000|인계동|2|25|2|1|331|33857|65|5875.0|4460|381875
202404|ADM|43|47110|41150000|대구|성남시|역삼동|1114000000|역삼1가|2|50|3|2|134|40893|105|6000.0|5591|630000
202404|ADM|44|11110|27110000|서울|수원시|서초동|1111000000|역삼1가|2|65|0|9|234|41645|131|3694.0|3080|483914
202404|ADM|46|27110|26140000|인천|수원시|인계동|1120000000|역삼1가|2|50|0|6|243|42109|571|4349.0|3832|2483279
202404|CNTY_GU|26|46110|41110000|경기|서초구|인계동|2711000000|서초1동|1|35|2|4|117|36438|76|6420.0|5033|487920
202404|CNTY_GU|27|11140|28110000|서울|성남시|역삼동|1111000000|인계동|1|50|1|2|971|8419|189|4076.0|3569|770364
202404|ADM|43|11140|41150000|부산|수원시|인계동|4611000000|역삼1가|2|45|2|1|447|10533|386|7555.0|6236|2916230
202404|PRVNC|44|26110|43110000|서울|수원시|인계동|4211000000|역삼1가|2|60|1|3|995|11090|150|5551.0|4342|832650
202404|ADM|26|27110|41130000|경기|서초구|역삼동|1117000000|역삼1가|2|40|0|2|326|25792|311|6291.0|5448|1956501
202404|CNTY_GU|46|41150|42110000|부산|강남구|서초동|4511000000|서초1동|1|55|1|7|899|9680|245|5660.0|4079|1386700
202404|CNTY_GU|42|41130|11170000|경기|강남구|인계동|4311000000|인계동|1|35|2|10|498|7900|334|2271.0|1676|758514
202404|ADM|42|43110|26140000|대구|수원시|서초동|2614000000|역삼1가|2|20|0|3|242|34229|25|4250.0|3540|106250
202404|CNTY_GU|45|11200|26110000|인천|성남시|인계동|2614000000|서초1동|1|60|1|1|517|46415|295|5547.0|4395|1636365
202404|CNTY_GU|43|41110|44130000|서울|강남구|서초동|4211000000|인계동|2|70|1|10|211|17958|430|4619.0|4351|1986170
202404|ADM|27|26140|11170000|부산|강남구|역삼동|4111000000|인계동|1|70|2|7|862|9645|341|5167.0|3921|1761947
202404|ADM|42|46110|45110000|부산|강남구|서초동|4711000000|인계동|1|60|0|4|310|11927|753|7347.0|5438|5532291
202404|PRVNC|26|46110|41130000|인천|서초구|서초동|4611000000|인계동|2|55|0|8|882|46031|306|6935.0|4993|2122110
202404|CNTY_GU|46|44130|11170000|대구|강남구|서초동|4611000000|인계동|2|40|2|7|748|49108|245|2501.0|2363|612745
202404|PRVNC|41|11170|27110000|부산|수원시|역삼동|4115000000|서초1동|2|70|0|8|437|21102|130|2401.0|2300|312130
202404|CNTY_GU|41|11140|11110000|부산|성남시|인계동|4413000000|인계동|2|45|2|2|460|26826|492|2018.0|1958|992856
202404|CNTY_GU|26|41130|26110000|부산|수원시|서초동|2811000000|인계동|1|55|0|4|758|31312|456|6032.0|5827|2750592
202404|ADM|41|43110|41150000|경기|서초구|서초동|4311000000|인계동|2|50|2|6|31|27427|44|4466.0|4297|196504
202404|CNTY_GU|26|45110|11110000|대구|서초구|서초동|4211000000|역삼1가|2|65|0|7|558|36717|695|5198.0|5158|3612610
202404|ADM|11|44130|41110000|부산|성남시|서초동|4111000000|서초1동|2|55|1|6|703|30965|782|7070.0|5793|5528740
202404|ADM|44|26110|44130000|부산|성남시|인계동|1120000000|서초1동|1|35|0|3|726|42520|795|0.0|0|0
202404|CNTY_GU|41|26140|26110000|서울|강남구|서초동|4711000000|인계동|1|65|1|4|891|27397|623|5409.0|3854|3369807
202404|ADM|45|46110|11110000|부산|서초구|역삼동|1111000000|인계동|2|30|2|5|700|37101|96|3037.0|2915|291552
202404|CNTY_GU|27|43110|41150000|서울|강남구|서초동|1114000000|인계동|1|30|1|1|443|16461|717|6807.0|5061|4880619
202404|CNTY_GU|43|47110|27110000|경기|성남시|서초동|4115000000|인계동|1|40|0|9|827|27685|330|1182.0|1069|390060
202404|CNTY_GU|27|11200|27110000|인천|수원시|서초동|2711000000|역삼1가|2|40|3|7|171|35583|691|5042.0|4023|3484022
202404|ADM|27|26110|28110000|대구|강남구|역삼동|4511000000|서초1동|1|60|0|7|163|16774|195|6639.0|5818|1294605
202404|ADM|47|42110|41150000|서울|수원시|서초동|1111000000|서초1동|2|40|2|8|9|31342|550|6011.0|5638|3306050
202404|CNTY_GU|43|41110|28110000|대구|서초구|역삼동|4211000000|인계동|2|65|2|5|795|14038|454|1752.0|1493|795408
202404|ADM|11|47110|26140000|인천|성남시|서초동|2611000000|역삼1가|1|40|3|6|310|42892|368|6972.0|6868|2565696
202404|ADM|47|11110|11170000|인천|강남구|인계동|4111000000|인계동|1|40|3|7|224|35633|290|3641.0|2886|1055890
202404|CNTY_GU|46|41150|47110000|대구|서초구|인계동|2811000000|인계동|1|60|0|7|187|23113|45|4639.0|4027|208755
202404|ADM|41|47110|43110000|인천|수원시|인계동|1117000000|역삼1가|1|35|3|8|687|22990|702|4473.0|4282|3140046
202404|ADM|27|41130|42110000|서울|강남구|역삼동|2811000000|서초1동|1|30|0|1|474|39815|579|3412.0|2952|1975548
202404|ADM|42|11170|11200000|서울|서초구|인계동|1114000000|서초1동|2|30|1|10|959|37516|748|3308.0|2845|2474384
202404|PRVNC|45|11140|11110000|경기|수원시|역삼동|4511000000|서초1동|2|35|0|6|688|48836|414|7398.0|6036|3062772
202404|CNTY_GU|42|28110|41150000|대구|수원시|서초동|2611000000|서초1동|1|50|0|8|584|40113|262|5637.0|5261|1476894
202404|CNTY_GU|26|43110|46110000|경기|강남구|인계동|1114000000|역삼1가|2|20|2|1|176|22395|493|7948.0|6420|3918364
202404|CNTY_GU|26|42110|27110000|서울|수원시|역삼동|4711000000|역삼1가|1|55|3|5|885|16271|287|3299.0|2554|946813
202404|ADM|47|11140|11170000|서울|수원시|역삼동|4115000000|역삼1가|1|60|0|5|309|36594|751|3081.0|2275|2313831
202404|ADM|27|42110|41110000|인천|서초구|서초동|2811000000|서초1동|1|60|1|3|810|6113|429|4614.0|3821|1979406
202404|ADM|43|46110|47110000|경기|성남시|역삼동|4111000000|역삼1가|1|50|2|9|5|6624|543|5272.0|4142|2862696
202404|CNTY_GU|44|42110|28110000|경기|수원시|서초동|4413000000|인계동|2|40|1|5|701|27490|509|1666.0|1660|847994
202404|ADM|26|26110|26140000|인천|성남시|인계동|2711000000|역삼1가|1|70|3|9|775|46012|312|3531.0|3119|1101672
202404|PRVNC|26|11110|47110000|경기|수원시|서초동|1111000000|인계동|1|25|0|5|74|19594|602|4041.0|4031|2432682
202404|ADM|41|41130|26110000|서울|성남시|역삼동|4211000000|역삼1가|2|60|0|6|706|37117|394|1597.0|1451|629218
202404|ADM|44|43110|26140000|인천|성남시|역삼동|4111000000|역삼1가|2|40|1|6|24|9641|82|5081.0|4848|416642
202404|ADM|46|45110|26110000|부산|서초구|역삼동|1117000000|역삼1가|2|60|1|7|534|33369|328|1844.0|1352|604832
202404|ADM|41|43110|11170000|인천|강남구|인계동|2611000000|역삼1가|1|50|3|7|906|24390|43|7032.0|6381|302376
202404|ADM|27|28110|46110000|대구|수원시|서초동|2711000000|인계동|1|30|0|9|394|9721|588|4629.0|3404|2721852
202404|PRVNC|41|41130|27110000|서울|수원시|인계동|4711000000|역삼1가|2|60|0|3|697|22548|543|2271.0|1689|1233153
202404|ADM|45|11200|44130000|서울|성남시|인계동|4413000000|역삼1가|1|25|0|8|191|49059|717|4658.0|3368|3339786
202404|CNTY_GU|43|43110|41110000|서울|성남시|인계동|1120000000|역삼1가|1|60|2|9|547|15142|384|3370.0|2989|1294080
202404|CNTY_GU|44|42110|43110000|서울|강남구|역삼동|1120000000|역삼1가|2|50|0|9|462|45851|793|4079.0|3651|3234647
202404|ADM|27|11110|11140000|부산|서초구|역삼동|1111000000|역삼1가|1|30|0|5|2|19774|539|2815.0|2215|1517285
202404|ADM|44|26140|41130000|부산|수원시|역삼동|1120000000|역삼1가|1|50|3|5|839|18565|310|3970.0|3845|1230700
202404|CNTY_GU|41|11170|46110000|부산|수원시|서초동|1117000000|인계동|1|50|2|8|124|7053|243|2068.0|2020|502524
202404|CNTY_GU|46|47110|47110000|경기|서초구|서초동|4111000000|서초1동|1|35|3|6|61|7989|758|3038.0|2860|2302804
202404|CNTY_GU|43|11140|11200000|부산|서초구|인계동|1114000000|서초1동|1|60|0|1|689|48323|140|3699.0|3284|517860
202404|ADM|26|41110|44130000|서울|서초구|역삼동|4113000000|역삼1가|1|30|0|8|828|23210|1|6456.0|5676|6456
202404|ADM|44|26140|46110000|대구|성남시|역삼동|2614000000|인계동|2|30|1|8|234|37293|91|7358.0|6018|669578
202404|CNTY_GU|11|46110|43110000|경기|성남시|서초동|4211000000|역삼1가|2|35|0|6|679|6437|552|7128.0|5965|3934656
202404|ADM|46|11200|27110000|서울|수원시|서초동|4711000000|인계동|2|65|3|6|356|13228|629|3610.0|2679|2270690
202404|ADM|42|47110|11170000|서울|강남구|서초동|4711000000|인계동|2|30|3|6|767|29316|408|3588.0|3540|1463904
202404|CNTY_GU|46|11200|41130000|인천|성남시|인계동|4611000000|역삼1가|2|60|1|5|829|30436|324|2905.0|2547|941220
202404|PRVNC|47|11110|11110000|부산|수원시|인계동|4113000000|서초1동|1|60|3|7|570|38182|149|4581.0|3729|682569
202404|PRVNC|42|28110|42110000|인천|수원시|역삼동|4113000000|인계동|2|50|3|2|324|34601|69|7706.0|5860|531714
202404|CNTY_GU|26|41110|27110000|경기|수원시|역삼동|4113000000|서초1동|1|45|1|3|365|24608|596|2725.0|2240|1624100
202404|PRVNC|11|41150|11140000|서울|서초구|역삼동|4511000000|인계동|1|40|0|9|517|28863|199|6008.0|4508|1195592
202404|ADM|41|41110|42110000|서울|수원시|역삼동|2611000000|인계동|1|30|0|9|187|43189|787|2773.0|2605|2182351
202404|ADM|26|41130|28110000|대구|수원시|역삼동|2711000000|역삼1가|1|55|0|1|70|32233|4|3587.0|3287|14348
202404|ADM|45|26140|41110000|부산|강남구|서초동|2614000000|인계동|1|45|2|2|676|45118|617|4664.0|4309|2877688
202404|CNTY_GU|11|45110|26110000|서울|성남시|역삼동|4611000000|역삼1가|1|35|1|2|495|44116|386|6245.0|5653|2410570
202404|CNTY_GU|45|41130|28110000|서울|서초구|서초동|1120000000|역삼1가|2|40|2|10|507|48764|288|6885.0|6666|1982880
202404|PRVNC|26|27110|11170000|인천|수원시|서초동|1120000000|인계동|1|30|2|9|716|45075|683|5469.0|4127|3735327
202404|CNTY_GU|26|11140|11200000|경기|강남구|서초동|2711000000|서초1동|2|20|2|6|474|28256|41|5240.0|4492|214840
202404|ADM|11|27110|42110000|서울|강남구|인계동|2711000000|서초1동|2|40|0|7|228|6235|756|6983.0|6180|5279148
202404|ADM|46|28110|45110000|인천|서초구|역삼동|4311000000|역삼1가|2|70|2|7|1|29527|659|5373.0|5343|3540807
202404|CNTY_GU|45|11110|11170000|인천|서초구|역삼동|1117000000|인계동|2|70|0|9|579|28175|56|1777.0|1437|99512
202404|CNTY_GU|46|44130|11170000|인천|강남구|인계동|1120000000|역삼1가|2|30|2|10|593|46619|177|1364.0|1068|241428
202404|CNTY_GU|43|43110|41130000|부산|수원시|서초동|4611000000|역삼1가|2|50|1|10|587|25599|754|4779.0|3430|3603366
202404|ADM|43|26110|41130000|경기|강남구|인계동|4115000000|인계동|1|40|0|4|88|39430|531|1066.0|1056|566046
202404|ADM|11|41150|27110000|부산|강남구|역삼동|2614000000|인계동|1|55|2|4|815|6856|298|5914.0|4589|1762372
202404|ADM|11|11170|47110000|부산|수원시|역삼동|4711000000|역삼1가|1|20|0|2|901|13629|667|6445.0|4726|4298815
202404|CNTY_GU|44|11170|47110000|부산|수원시|서초동|2611000000|서초1동|1|50|2|9|361|45821|559|7983.0|7735|4462497
202404|ADM|43|42110|41150000|대구|수원시|서초동|4115000000|역삼1가|2|45|1|5|33|9307|739|1158.0|1134|855762
202404|CNTY_GU|46|11200|46110000|경기|성남시|역삼동|1120000000|서초1동|2|50|1|1|894|49631|324|5212.0|4494|1688688
202404|CNTY_GU|43|46110|28110000|부산|성남시|서초동|4211000000|인계동|1|30|1|9|646|31206|471|7542.0|5893|3552282
202404|CNTY_GU|11|11170|11110000|서울|서초구|역삼동|4111000000|역삼1가|1|50|0|10|470|36941|492|1984.0|1682|976128
202404|ADM|44|42110|11140000|경기|수원시|서초동|1117000000|인계동|1|35|1|9|183|43515|36|6431.0|4716|231516
202404|ADM|26|27110|44130000|부산|강남구|인계동|4111000000|서초1동|2|45|0|7|32|17271|536|7800.0|5771|4180800
202404|ADM|46|11140|11170000|대구|성남시|서초동|2811000000|역삼1가|2|65|3|9|225|23287|574|1488.0|1255|854112
202404|ADM|42|11110|11170000|서울|성남시|인계동|4211000000|서초1동|1|25|2|10|77|7966|108|4211.0|4013|454788
202404|ADM|42|11170|42110000|부산|수원시|서초동|4611000000|역삼1가|2|40|3|6|167|31555|649|1505.0|1118|976745
202404|ADM|11|44130|28110000|경기|서초구|서초동|4413000000|역삼1가|1|50|2|6|910|17717|346|4417.0|3945|1528282
202404|PRVNC|41|47110|26110000|인천|수원시|역삼동|2614000000|역삼1가|1|40|0|4|683|35208|343|6980.0|5583|2394140
202404|PRVNC|11|26140|44130000|대구|성남시|역삼동|4211000000|인계동|2|45|1|7|77|32274|167|2772.0|1986|462924
202404|PRVNC|26|26110|43110000|대구|성남시|서초동|4113000000|인계동|1|55|2|10|790|20335|682|6550.0|5080|4467100
202404|ADM|43|46110|26110000|인천|강남구|인계동|4111000000|역삼1가|1|55|1|10|793|17896|98|6695.0|4825|656110
202404|CNTY_GU|42|27110|11200000|대구|수원시|서초동|1120000000|역삼1가|2|45|2|9|184|22553|783|1088.0|822|851904
202404|ADM|43|26110|43110000|인천|강남구|인계동|4113000000|역삼1가|2|35|1|4|986|38439|3|4705.0|3724|14115
202404|CNTY_GU|46|41130|26110000|경기|강남구|역삼동|2614000000|역삼1가|2|35|1|8|126|5302|191|2756.0|2072|526396
202404|CNTY_GU|46|27110|26110000|대구|강남구|서초동|4711000000|역삼1가|1|60|1|4|836|49163|545|7817.0|6419|4260265
202404|ADM|46|26140|45110000|경기|강남구|인계동|2811000000|역삼1가|1|45|0|1|308|25258|573|5872.0|4115|3364656
202404|ADM|11|46110|45110000|대구|서초구|인계동|2811000000|인계동|1|40|1|9|405|14596|208|4633.0|3283|963664
202404|ADM|11|43110|47110000|대구|성남시|서초동|1114000000|인계동|2|55|1|4|441|14736|701|5552.0|5161|3891952
202404|ADM|46|11170|28110000|서울|성남시|서초동|2614000000|역삼1가|1|45|1|10|232|49691|8|2263.0|2111|18104
202404|ADM|46|41150|43110000|부산|성남시|역삼동|4711000000|서초1동|2|45|0|6|848|30282|104|4529.0|3691|471016
202404|ADM|11|45110|11200000|대구|수원시|인계동|4115000000|인계동|1|30|3|7|160|27489|776|6392.0|6359|4960192
202404|CNTY_GU|11|41110|47110000|경기|수원시|역삼동|4311000000|서초1동|2|65|2|6|614|27973|608|7614.0|5953|4629312
202404|ADM|41|11170|11110000|인천|강남구|인계동|4211000000|인계동|2|60|0|5|367|23780|381|2033.0|1878|774573
202404|ADM|43|41110|45110000|대구|성남시|인계동|4111000000|인계동|1|60|3|10|969|15585|254|7337.0|6110|1863598
202404|PRVNC|11|41110|41150000|부산|강남구|인계동|4611000000|인계동|1|30|2|2|490|13875|522|2983.0|2394|1557126
202404|CNTY_GU|42|11200|46110000|경기|성남시|역삼동|2614000000|인계동|2|45|2|2|882|10515|553|7053.0|5547|3900309
202404|ADM|27|45110|42110000|경기|수원시|역삼동|2614000000|역삼1가|2|70|3|7|474|8242|62|7576.0|5825|469712
202404|CNTY_GU|47|11110|11200000|서울|서초구|역삼동|4311000000|인계동|1|70|2|10|706|34462|348|6564.0|5899|2284272
202404|ADM|46|11170|42110000|대구|강남구|역삼동|4111000000|서초1동|1|20|0|9|618|38512|497|7834.0|5553|3893498
202404|CNTY_GU|43|11140|43110000|대구|성남시|역삼동|2711000000|역삼1가|2|20|0|8|368|23653|471|4887.0|4747|2301777
202404|CNTY_GU|26|11110|41110000|부산|강남구|서초동|4115000000|인계동|2|45|0|2|791|35218|610|6436.0|4996|3925960
202404|ADM|27|26110|41130000|인천|수원시|역삼동|4511000000|서초1동|1|30|1|1|328|21643|729|7355.0|6210|5361795
202404|ADM|27|26110|27110000|인천|수원시|인계동|4311000000|인계동|2|30|0|3|166|39496|40|2448.0|2000|97920
202404|CNTY_GU|46|44130|26110000|경기|서초구|역삼동|2811000000|서초1동|1|45|0|8|673|41981|427|5990.0|5898|2557730
202404|CNTY_GU|44|26110|41150000|경기|강남구|역삼동|1111000000|서초1동|2|20|1|2|331|14752|420|6193.0|4647|2601060
202404|CNTY_GU|41|26110|41110000|서울|서초구|인계동|4413000000|서초1동|1|55|0|4|714|33778|168|4446.0|3599|746928
202404|ADM|11|27110|11110000|경기|서초구|역삼동|4611000000|인계동|1|40|0|4|742|38654|116|5158.0|4634|598328
202404|ADM|46|11140|43110000|부산|서초구|서초동|4311000000|서초1동|1|25|2|2|723|32405|723|5586.0|4383|4038678
202404|CNTY_GU|44|43110|26110000|경기|서초구|서초동|1120000000|역삼1가|2|65|1|6|891|33286|120|4127.0|3563|495240
202404|ADM|27|44130|11110000|서울|강남구|서초동|4511000000|인계동|1|45|1|3|778|13735|355|5171.0|3661|1835705
202404|ADM|46|11110|26110000|인천|서초구|역삼동|1120000000|역삼1가|2|65|0|2|839|22880|2|4122.0|4001|8244
202404|ADM|45|41150|46110000|대구|서초구|서초동|4511000000|인계동|2|20|2|5|948|7054|383|4291.0|4083|1643453
202404|ADM|11|41130|44130000|경기|서초구|인계동|4211000000|서초1동|1|50|0|5|968|12785|496|4171.0|3075|2068816
202404|ADM|11|47110|28110000|부산|강남구|서초동|4111000000|인계동|2|45|1|3|43|31523|25|4241.0|3896|106025
202404|CNTY_GU|11|43110|28110000|부산|서초구|인계동|1120000000|역삼1가|1|70|0|1|797|34916|444|3256.0|2338|1445664
202404|ADM|27|46110|28110000|경기|성남시|서초동|2811000000|역삼1가|2|30|2|1|865|22312|647|1747.0|1706|1130309
202404|ADM|42|44130|11110000|부산|강남구|역삼동|1117000000|인계동|2|50|0|9|972|45942|409|4766.0|3507|1949294
202404|CNTY_GU|47|41150|27110000|인천|수원시|역삼동|4311000000|역삼1가|1|30|3|9|206|26073|793|3962.0|3199|3141866
202404|CNTY_GU|46|47110|46110000|서울|성남시|역삼동|4711000000|역삼1가|1|65|0|7|935|41063|377|1255.0|1201|473135
202404|CNTY_GU|47|41150|41150000|인천|성남시|역삼동|4511000000|서초1동|2|40|1|3|990|23533|248|4702.0|3583|1166096
202404|CNTY_GU|47|45110|27110000|경기|서초구|인계동|4115000000|역삼1가|1|45|1|7|655|49330|386|6939.0|6789|2678454
202404|ADM|11|28110|47110000|인천|강남구|인계동|4711000000|서초1동|1|55|1|10|388|44641|242|2792.0|2513|675664
202404|PRVNC|46|11140|11140000|서울|수원시|서초동|4711000000|서초1동|2|35|3|9|705|11796|269|7279.0|6132|1958051
202404|CNTY_GU|47|42110|45110000|서울|서초구|역삼동|4711000000|서초1동|2|30|1|8|125|47320|363|4783.0|3523|1736229
202404|ADM|44|11170|28110000|경기|서초구|서초동|1114000000|인계동|1|45|2|2|308|34159|208|3735.0|3350|776880
202404|CNTY_GU|47|41110|41110000|인천|수원시|서초동|4711000000|인계동|1|40|3|5|552|39878|30|7099.0|6223|212970
202404|CNTY_GU|42|43110|47110000|인천|서초구|서초동|1111000000|역삼1가|1|40|0|10|898|21029|214|7639.0|6315|1634746
202404|CNTY_GU|45|45110|46110000|서울|수원시|서초동|2711000000|역삼1가|1|20|1|8|451|8868|27|7470.0|6133|201690
202404|CNTY_GU|45|11200|44130000|서울|서초구|서초동|2611000000|인계동|1|60|1|1|699|20485|726|6433.0|5640|4670358
202404|PRVNC|27|46110|41110000|서울|성남시|역삼동|4511000000|인계동|2|55|2|9|564|14174|694|5385.0|4433|3737190
202404|ADM|45|26110|41150000|서울|수원시|역삼동|1111000000|인계동|1|55|2|5|896|20090|215|6935.0|6275|1491025
202404|CNTY_GU|42|44130|46110000|대구|서초구|역삼동|4711000000|서초1동|1|40|1|2|880|24647|717|7007.0|5821|5024019
202404|ADM|26|45110|43110000|경기|강남구|서초동|2811000000|서초1동|2|45|0|1|211|34788|301|7238.0|7193|2178638
202404|PRVNC|26|42110|26140000|부산|강남구|인계동|1114000000|역삼1가|2|55|2|5|468|15020|299|6810.0|5898|2036190
202404|ADM|45|28110|41110000|인천|강남구|인계동|4711000000|역삼1가|2|70|2|10|368|40293|404|3382.0|2510|1366328
202404|ADM|46|41130|44130000|대구|성남시|서초동|1111000000|서초1동|2|35|0|7|662|11511|730|7772.0|7697|5673560
202404|CNTY_GU|45|27110|44130000|대구|성남시|인계동|2711000000|역삼1가|1|60|0|5|84|29854|594|6689.0|6660|3973266
202404|ADM|47|11140|26140000|부산|강남구|서초동|2611000000|역삼1가|1|50|0|6|240|43560|509|7062.0|7047|3594558
202404|CNTY_GU|47|28110|45110000|대구|서초구|인계동|4311000000|역삼1가|1|50|0|3|932|36480|622|2015.0|1595|1253330
202404|ADM|26|11110|41130000|인천|강남구|서초동|2611000000|역삼1가|1|25|0|1|797|25822|700|1090.0|875|763000
202404|CNTY_GU|45|26110|26140000|경기|성남시|서초동|4115000000|역삼1가|2|60|2|5|810|20859|578|7839.0|5501|4530942
202404|CNTY_GU|27|47110|41110000|서울|수원시|인계동|1114000000|역삼1가|1|40|0|2|647|33651|376|5317.0|5137|1999192
202404|CNTY_GU|45|11140|28110000|인천|강남구|인계동|1111000000|서초1동|2|40|2|10|762|27465|244|5166.0|4716|1260504
202404|ADM|42|11110|11140000|부산|수원시|서초동|1114000000|서초1동|2|40|0|3|479|44147|374|5912.0|4637|2211088
202404|CNTY_GU|47|47110|11200000|인천|성남시|서초동|1120000000|서초1동|1|65|2|3|437|12251|132|5859.0|4429|773388
202404|ADM|26|43110|11170000|경기|강남구|역삼동|4111000000|서초1동|1|55|0|5|426|39687|486|1288.0|1245|625968
202404|PRVNC|26|26110|42110000|경기|수원시|서초동|4115000000|역삼1가|2|20|0|4|10|7388|654|3144.0|2535|2056176
202404|CNTY_GU|44|11140|28110000|경기|수원시|서초동|4115000000|인계동|1|35|0|7|319|47540|25|4783.0|4155|119575
202404|ADM|43|41110|11170000|대구|강남구|역삼동|1114000000|인계동|2|55|1|1|969|25466|699|1223.0|914|854877
202404|ADM|46|47110|41150000|서울|성남시|인계동|2711000000|서초1동|2|65|2|10|772|5412|511|0.0|0|0
202404|ADM|46|11110|41110000|경기|강남구|인계동|2811000000|서초1동|1|45|1|3|384|48931|730|2141.0|1747|1562930
202404|PRVNC|27|47110|42110000|경기|서초구|인계동|2711000000|인계동|1|50|1|7|147|14284|567|4009.0|3107|2273103
202404|ADM|44|11170|47110000|인천|성남시|인계동|4211000000|서초1동|2|35|1|9|247|46528|687|1994.0|1528|1369878
202404|ADM|45|47110|47110000|경기|서초구|서초동|4111000000|서초1동|1|30|3|1|609|37822|601|1438.0|1182|864238
202404|ADM|47|11140|28110000|대구|서초구|서초동|2614000000|인계동|2|40|0|5|854|45374|291|0.0|0|0
202404|CNTY_GU|41|26110|11110000|인천|수원시|인계동|1120000000|인계동|2|45|0|6|338|33213|433|6439.0|6331|2788087
202404|CNTY_GU|11|11110|11140000|경기|강남구|역삼동|2614000000|인계동|2|50|1|1|205|21401|125|3047.0|2666|380875
202404|ADM|41|28110|11170000|경기|수원시|역삼동|4511000000|역삼1가|2|30|2|7|405|26375|670|4211.0|3002|2821370
202404|ADM|27|42110|11110000|인천|강남구|서초동|4311000000|인계동|1|25|3|9|171|38743|537|7610.0|5829|4086570
202404|ADM|11|11170|41150000|경기|강남구|서초동|2811000000|인계동|2|40|2|2|455|25770|468|3629.0|3028|1698372
202404|CNTY_GU|27|11110|47110000|대구|서초구|서초동|2811000000|역삼1가|1|60|0|9|471|47143|520|6890.0|5712|3582800
202404|PRVNC|26|11170|43110000|서울|강남구|역삼동|2614000000|인계동|1|35|2|5|308|29724|560|7910.0|7168|4429600
202404|CNTY_GU|11|28110|43110000|경기|수원시|역삼동|4113000000|서초1동|2|55|0|10|458|7728|200|4778.0|4452|955600
202404|CNTY_GU|45|41110|26140000|인천|서초구|인계동|4511000000|인계동|1|35|0|3|590|8222|491|5283.0|4602|2593953
202404|ADM|44|42110|43110000|대구|서초구|서초동|1120000000|서초1동|1|35|0|1|885|25070|497|6966.0|5621|3462102
202404|ADM|26|47110|41110000|경기|성남시|서초동|4113000000|서초1동|1|30|3|7|770|6369|552|5756.0|4353|3177312
202404|CNTY_GU|42|27110|27110000|경기|성남시|역삼동|4413000000|역삼1가|2|40|2|5|996|21742|798|5095.0|3623|4065810
202404|CNTY_GU|46|41130|11110000|경기|서초구|역삼동|1114000000|인계동|1|35|0|7|572|16809|271|7187.0|5160|1947677
202404|ADM|27|11170|41110000|부산|강남구|인계동|4115000000|인계동|2|40|0|9|259|42921|137|7440.0|6124|1019280
202404|ADM|27|26140|28110000|대구|강남구|서초동|4113000000|인계동|2|50|3|9|71|44588|793|3131.0|2192|2482883
202404|ADM|45|11200|41130000|서울|수원시|서초동|4711000000|역삼1가|1|60|2|2|200|31010|304|6216.0|4982|1889664
202404|CNTY_GU|41|11200|28110000|부산|성남시|서초동|2711000000|서초1동|1|60|0|1|360|41062|230|2820.0|1980|648600
202404|PRVNC|44|11170|44130000|인천|성남시|서초동|4311000000|인계동|2|40|3|4|468|49918|314|6146.0|5889|1929844
202404|ADM|26|11110|46110000|경기|성남시|인계동|1114000000|인계동|2|35|1|2|575|47533|632|1605.0|1225|1014360
202404|CNTY_GU|11|26140|41110000|서울|강남구|인계동|4115000000|인계동|1|55|1|10|441|7542|173|2924.0|2628|505852
202404|CNTY_GU|43|11110|26140000|부산|성남시|서초동|2611000000|서초1동|1|40|1|6|328|24784|18|6547.0|6335|117846
202404|ADM|42|27110|26140000|부산|성남시|서초동|4115000000|역삼1가|2|60|2|1|822|19079|631|6561.0|6343|4139991
202404|ADM|46|11140|45110000|서울|강남구|서초동|4115000000|역삼1가|2|65|0|6|607|16319|412|4284.0|4056|1765008
202404|ADM|45|27110|41130000|부산|서초구|서초동|2614000000|서초1동|2|35|0|8|96|29895|566|6406.0|5701|3625796
202404|CNTY_GU|41|44130|47110000|인천|성남시|역삼동|4511000000|서초1동|2|40|2|8|526|7481|214|4403.0|3375|942242
202404|ADM|26|11200|42110000|인천|서초구|역삼동|2811000000|역삼1가|1|20|1|10|160|14876|175|1566.0|1295|274050
