기준연월|고객행정구역분류시도코드|고객행정구역분류시군구코드|고객행정구역분류코드|고객법정동코드|고객행정구역분류시도명|고객행정구역분류시군구명|고객행정구역분류명|고객법정동명|통합카드아파트단지코드|통합카드아파트단지명|연평균소득금액|통합카드성별코드|통합카드10세단위연령코드|영화관심비율|건강관심비율|게임관심비율|골프관심비율|독서관심비율|레저관심비율|뷰티관심비율|쇼핑관심비율|애완동물관심비율|여행관심비율|예술관심비율|온라인쇼핑관심비율|육아관심비율|식도락관심비율|자동차관심비율
202403|42|11110|47110000|1120000000|부산|서초구|인계동|서초1동|NH5772|힐스테이트|17615|1|5|0.059|0.126|0.078|0.063|0.018|0.033|0.072|0.004|0.055|0.001|0.1|0.032|0.1|0.241|0.018
202403|41|43110|11170000|4311000000|부산|서초구|서초동|역삼1동|NH7488|자이|10294|1|4|0.06|0.005|0.045|0.081|0.166|0.124|0.008|0.073|0.006|0.006|0.022|0.028|0.072|0.011|0.294
202403|11|11170|45110000|4511000000|경기|강남구|서초동|서초1동|NH8271|자이|12081|1|6|0.002|0.01|0.235|0.015|0.001|0.165|0.073|0.027|0.004|0.162|0.063|0.028|0.056|0.033|0.127
202403|45|27110|47110000|4113000000|인천|성남시|역삼동|역삼1동|NH2670|자이|6358|2|5|0.044|0.035|0.004|0.008|0.07|0.123|0.237|0.108|0.023|0.003|0.056|0.007|0.039|0.047|0.197
202403|41|41150|28110000|4711000000|인천|강남구|역삼동|서초1동|NH5344|자이|15467|x|5|0.093|0.128|0.008|0.055|0.137|0.025|0.029|0.038|0.012|0.059|0.078|0.05|0.056|0.165|0.068
202403|27|26110|44130000|4311000000|부산|수원시|서초동|서초1동|NH1859|힐스테이트|18467|2|5|0.006|0.017|0.025|0.042|0.03|0.033|0.092|0.016|0.121|0.367|0.168|0.042|0.009|0.017|0.017
202403|41|41110|46110000|1120000000|경기|수원시|역삼동|서초1동|NH2026|힐스테이트|11226|1|6|0.019|0.143|0.049|0.049|0.081|0.032|0.182|0.103|0.013|0.113|0.059|0.094|0.016|0.008|0.037
202403|42|45110|26110000|1114000000|인천|서초구|서초동|서초1동|NH8776|자이|2921|1|5|0.144|0.031|0.017|0.101|0.034|0.016|0.199|0.026|0.127|0.006|0.028|0.042|0.038|0.172|0.017
202403|45|41150|11110000|1114000000|서울|수원시|역삼동|서초1동|NH5050|래미안|5410|2|3|0.011|0.003|0.026|0.129|0.018|0.13|0.101|0.142|0.007|0.046|0.122|0.17|0.041|0.038|0.016
202403|11|11110|11200000|4211000000|서울|서초구|역삼동|서초1동|NH3497|자이|13181|1|5|0.023|0.072|0.015|0.112|0.067|0.071|0.054|0.043|0.069|0.024|0.073|0.19|0.073|0.048|0.067
202403|44|41110|44130000|4611000000|인천|성남시|서초동|역삼1동|NH6994|힐스테이트|13531|2|4|0.015|0.072|0.003|0.082|0.157|0.07|0.097|0.006|0.171|0.019|0.001|0.006|0.165|0.011|0.125
202403|46|11200|46110000|4113000000|경기|강남구|서초동|서초1동|NH6898|힐스테이트|16469|2|5|0.024|0.025|0.042|0.128|0.112|0.247|0.021|0.037|0.145|0.049|0.06|0.013|0.055|0.032|0.01
202403|44|28110|11200000|2611000000|경기|수원시|역삼동|역삼1동|NH8237|힐스테이트|8614|1|4|0.016|0.005|0.214|0.074|0.039|0.015|0.036|0.075|0.136|0.02|0.061|0.063|0.065|0.047|0.134
202403|11|43110|11140000|4711000000|인천|서초구|역삼동|역삼1동|NH1389|푸르지오|15109|1|6|0.154|0.089|0.053|0.03|0.052|0.025|0.044|0.053|0.124|0.053|0.071|0.072|0.154|0.013|0.014
202403|46|26140|44130000|4115000000|인천|서초구|역삼동|역삼1동|NH2252|래미안|18989|2|6|0.047|0.051|0.021|0.059|0.132|0.001|0.04|0.132|0.013|0.116|0.195|0.055|0.131|0.001|0.007
202403|42|27110|11200000|4113000000|인천|서초구|인계동|역삼1동|NH1091|푸르지오|15585|2|6|0.004|0.02|0.028|0.02|0.006|0.04|0.116|0.091|0.012|0.089|0.125|0.16|0.136|0.047|0.106
202403|47|41130|11140000|2711000000|부산|서초구|인계동|역삼1동|NH6151|푸르지오|14617|1|5|0.095|0.004|0.041|0.034|0.175|0.005|0.14|0.027|0.029|0.057|0.182|0.128|0.058|0.021|0.004
202403|42|43110|41130000|1117000000|인천|서초구|서초동|역삼1동|NH8722|힐스테이트|13344|x|5|0.045|0.206|0.131|0.044|0.161|0.043|0.021|0.054|0.034|0.013|0.022|0.071|0.044|0.08|0.03
202403|41|26140|11170000|4311000000|경기|강남구|서초동|역삼1동|NH5749|푸르지오|17815|x|6|0.065|0.01|0.079|0.021|0.183|0.088|0.036|0.007|0.018|0.115|0.105|0.088|0.061|0.11|0.015
202403|47|11140|44130000|1120000000|경기|서초구|서초동|서초1동|NH9867|래미안|2065|2|4|0.056|0.061|0.115|0.011|0.048|0.184|0.017|0.027|0.191|0.126|0.029|0.005|0.039|0.022|0.068
202403|43|41110|47110000|4311000000|경기|강남구|서초동|역삼1동|NH5941|힐스테이트|6334|2|4|0.024|0.073|0.0|0.135|0.032|0.044|0.015|0.015|0.019|0.01|0.003|0.001|0.558|0.002|0.069
202403|45|46110|44130000|4211000000|인천|서초구|서초동|역삼1동|NH3186|푸르지오|4160|2|4|0.05|0.129|0.015|0.137|0.102|0.039|0.069|0.078|0.03|0.002|0.009|0.071|0.128|0.002|0.141
202403|47|11170|45110000|2711000000|서울|수원시|인계동|서초1동|NH5521|힐스테이트|13464|2|3|0.011|0.04|0.124|0.019|0.003|0.03|0.013|0.064|0.099|0.039|0.005|0.208|0.051|0.078|0.216
202403|44|11170|11110000|2711000000|부산|수원시|서초동|서초1동|NH4202|힐스테이트|10941|1|2|0.048|0.041|0.031|0.04|0.047|0.013|0.01|0.038|0.127|0.015|0.021|0.098|0.122|0.101|0.248
202403|42|26110|43110000|4113000000|서울|수원시|인계동|서초1동|NH9229|힐스테이트|8824|1|4|0.202|0.109|0.005|0.065|0.041|0.045|0.221|0.032|0.059|0.025|0.047|0.081|0.034|0.02|0.014
202403|42|42110|11200000|4113000000|경기|성남시|역삼동|서초1동|NH6577|자이|16704|2|2|0.017|0.02|0.038|0.028|0.088|0.024|0.069|0.008|0.066|0.108|0.292|0.028|0.001|0.167|0.047
202403|43|44130|43110000|4611000000|서울|강남구|역삼동|서초1동|NH9309|자이|4983|2|5|0.104|0.055|0.007|0.091|0.063|0.075|0.019|0.024|0.001|0.033|0.006|0.104|0.035|0.353|0.029
202403|45|26110|42110000|1111000000|인천|서초구|서초동|역삼1동|NH9848|힐스테이트|7267|2|3|0.133|0.167|0.169|0.033|0.048|0.045|0.008|0.021|0.061|0.089|0.01|0.006|0.042|0.167|0.002
202403|42|41110|44130000|4113000000|서울|수원시|인계동|서초1동|NH1365|힐스테이트|14168|1|4|0.025|0.052|0.012|0.018|0.188|0.165|0.087|0.089|0.001|0.004|0.003|0.007|0.168|0.098|0.084
202403|27|43110|45110000|4211000000|인천|수원시|인계동|역삼1동|NH2896|푸르지오|10167|2|6|0.179|0.028|0.048|0.027|0.082|0.086|0.051|0.012|0.199|0.075|0.119|0.002|0.053|0.029|0.009
202403|42|27110|11140000|1111000000|인천|성남시|인계동|역삼1동|NH1435|래미안|13178|2|3|0.079|0.147|0.007|0.045|0.138|0.029|0.019|0.041|0.042|0.06|0.016|0.117|0.232|0.011|0.017
202403|26|44130|26140000|1120000000|서울|강남구|역삼동|서초1동|NH5021|힐스테이트|2623|2|3|0.169|0.021|0.063|0.046|0.023|0.006|0.046|0.123|0.068|0.169|0.073|0.126|0.003|0.01|0.054
202403|11|11110|47110000|2611000000|인천|성남시|서초동|역삼1동|NH2667|푸르지오|8497|1|3|0.032|0.05|0.012|0.05|0.124|0.069|0.026|0.012|0.007|0.165|0.019|0.02|0.068|0.155|0.191
202403|44|45110|11140000|4211000000|부산|서초구|서초동|역삼1동|NH2894|푸르지오|2986|2|4|0.226|0.019|0.02|0.141|0.026|0.002|0.06|0.04|0.09|0.162|0.019|0.097|0.071|0.002|0.026
202403|44|47110|27110000|2711000000|인천|수원시|인계동|역삼1동|NH5538|힐스테이트|14402|1|5|0.046|0.255|0.001|0.157|0.071|0.038|0.008|0.12|0.051|0.034|0.136|0.001|0.014|0.028|0.041
202403|43|47110|45110000|4115000000|경기|수원시|인계동|역삼1동|NH4651|래미안|7280|x|2|0.042|0.005|0.14|0.19|0.145|0.044|0.011|0.024|0.045|0.006|0.061|0.068|0.19|0.023|0.006
202403|42|11110|11200000|4511000000|인천|성남시|서초동|서초1동|NH1987|푸르지오|13416|1|6|0.048|0.014|0.265|0.082|0.218|0.048|0.053|0.02|0.002|0.025|0.088|0.06|0.011|0.059|0.006
202403|45|11170|46110000|4413000000|경기|서초구|서초동|서초1동|NH4379|푸르지오|2220|1|4|0.105|0.089|0.124|0.04|0.03|0.26|0.001|0.012|0.058|0.023|0.034|0.038|0.011|0.096|0.079
202403|43|41110|44130000|2614000000|인천|강남구|역삼동|서초1동|NH3305|힐스테이트|17637|2|6|0.052|0.008|0.084|0.035|0.019|0.21|0.007|0.069|0.083|0.006|0.172|0.181|0.01|0.049|0.015
202403|44|11200|41150000|4611000000|서울|수원시|역삼동|역삼1동|NH1435|힐스테이트|14237|1|5|0.032|0.004|0.14|0.001|0.058|0.02|0.076|0.162|0.009|0.099|0.098|0.005|0.105|0.011|0.181
202403|43|44130|41110000|4111000000|부산|성남시|역삼동|역삼1동|NH2251|힐스테이트|18582|1|5|0.037|0.001|0.017|0.02|0.033|0.009|0.001|0.089|0.017|0.212|0.045|0.065|0.037|0.276|0.14
202403|26|26140|46110000|1117000000|서울|서초구|인계동|역삼1동|NH6101|자이|7380|1|6|0.032|0.099|0.02|0.0|0.021|0.107|0.131|0.053|0.11|0.038|0.004|0.045|0.128|0.121|0.089
202403|27|27110|41110000|4511000000|부산|강남구|인계동|서초1동|NH8322|래미안|14472|2|4|0.153|0.023|0.048|0.008|0.098|0.013|0.007|0.02|0.044|0.02|0.011|0.106|0.07|0.045|0.332
202403|44|41110|26140000|4211000000|인천|수원시|역삼동|서초1동|NH3552|자이|12972|1|2|0.01|0.128|0.082|0.045|0.03|0.013|0.118|0.036|0.076|0.037|0.047|0.19|0.044|0.049|0.096
202403|45|46110|27110000|1111000000|서울|서초구|서초동|서초1동|NH1529|래미안|17822|x|2|0.125|0.092|0.028|0.103|0.014|0.091|0.009|0.078|0.021|0.021|0.002|0.078|0.092|0.184|0.062
202403|42|11200|26140000|4311000000|서울|강남구|서초동|서초1동|NH8098|푸르지오|18082|1|6|0.012|0.14|0.084|0.084|0.017|0.088|0.053|0.016|0.069|0.158|0.067|0.025|0.01|0.002|0.176
202403|26|43110|27110000|1114000000|부산|수원시|서초동|서초1동|NH8405|자이|7968|2|4|0.261|0.144|0.002|0.043|0.086|0.097|0.111|0.014|0.033|0.071|0.016|0.002|0.064|0.028|0.028
202403|41|43110|11110000|2811000000|경기|성남시|서초동|역삼1동|NH3272|푸르지오|5619|2|4|0.015|0.12|0.031|0.024|0.04|0.071|0.072|0.107|0.092|0.05|0.037|0.04|0.106|0.121|0.074
202403|27|45110|26110000|2811000000|서울|강남구|서초동|서초1동|NH7990|래미안|14698|x|4|0.04|0.019|0.149|0.034|0.056|0.038|0.074|0.003|0.061|0.018|0.281|0.078|0.059|0.045|0.046
202403|44|45110|11140000|4111000000|부산|강남구|역삼동|서초1동|NH9890|푸르지오|17008|2|3|0.011|0.025|0.07|0.002|0.014|0.044|0.014|0.005|0.192|0.082|0.039|0.169|0.288|0.022|0.022
202403|42|44130|28110000|2711000000|인천|강남구|역삼동|서초1동|NH9525|래미안|17452|1|6|0.088|0.002|0.091|0.294|0.021|0.002|0.002|0.011|0.248|0.029|0.006|0.054|0.058|0.082|0.013
202403|11|41110|44130000|4311000000|인천|서초구|서초동|역삼1동|NH9264|래미안|14603|2|4|0.094|0.004|0.023|0.014|0.081|0.005|0.093|0.006|0.252|0.19|0.102|0.062|0.014|0.013|0.047
202403|43|26140|45110000|2711000000|인천|강남구|역삼동|역삼1동|NH2299|래미안|6733|1|5|0.023|0.06|0.049|0.21|0.026|0.117|0.022|0.019|0.063|0.184|0.002|0.094|0.005|0.113|0.012
202403|26|41110|26110000|2611000000|서울|수원시|인계동|서초1동|NH8708|힐스테이트|7452|2|4|0.009|0.101|0.036|0.153|0.031|0.014|0.003|0.144|0.07|0.037|0.006|0.162|0.079|0.044|0.111
202403|11|26110|11110000|2614000000|서울|수원시|서초동|역삼1동|NH2548|자이|16166|2|4|0.05|0.098|0.074|0.026|0.03|0.107|0.084|0.016|0.106|0.217|0.009|0.006|0.02|0.152|0.006
202403|46|11170|45110000|4711000000|인천|강남구|인계동|역삼1동|NH5156|힐스테이트|15330|2|6|0.084|0.029|0.034|0.161|0.012|0.104|0.188|0.012|0.037|0.136|0.009|0.035|0.084|0.021|0.055
202403|41|42110|11200000|1117000000|경기|강남구|역삼동|서초1동|NH3684|자이|13441|2|3|0.038|0.086|0.053|0.235|0.075|0.089|0.154|0.05|0.012|0.018|0.035|0.039|0.055|0.055|0.008
202403|26|28110|27110000|4115000000|부산|강남구|역삼동|역삼1동|NH2074|푸르지오|17586|1|3|0.02|0.022|0.019|0.031|0.04|0.025|0.01|0.169|0.013|0.01|0.014|0.278|0.181|0.003|0.166
202403|47|41110|44130000|4113000000|경기|강남구|서초동|역삼1동|NH5085|자이|14496|1|4|0.012|0.202|0.034|0.016|0.059|0.003|0.308|0.009|0.021|0.064|0.043|0.062|0.144|0.01|0.012
202403|45|46110|44130000|2614000000|인천|수원시|역삼동|서초1동|NH9732|래미안|3948|2|5|0.013|0.11|0.075|0.062|0.2|0.033|0.002|0.082|0.048|0.095|0.042|0.081|0.042|0.093|0.021
202403|26|11170|27110000|4511000000|경기|강남구|인계동|역삼1동|NH4867|푸르지오|2083|1|3|0.013|0.017|0.013|0.059|0.321|0.022|0.026|0.05|0.017|0.205|0.078|0.161|0.002|0.014|0.004
202403|43|47110|46110000|1117000000|인천|서초구|서초동|역삼1동|NH5834|힐스테이트|15865|2|4|0.088|0.056|0.158|0.137|0.175|0.015|0.004|0.023|0.043|0.067|0.139|0.007|0.05|0.036|0.002
202403|46|43110|26110000|2711000000|인천|서초구|인계동|역삼1동|NH4701|래미안|5329|1|5|0.086|0.132|0.022|0.058|0.097|0.008|0.061|0.051|0.136|0.04|0.165|0.001|0.116|0.008|0.02
202403|26|26140|11110000|4611000000|경기|강남구|역삼동|역삼1동|NH6240|푸르지오|5084|x|5|0.103|0.092|0.06|0.026|0.092|0.09|0.058|0.052|0.039|0.044|0.075|0.084|0.077|0.005|0.102
202403|27|41150|41110000|2711000000|인천|수원시|인계동|서초1동|NH8962|자이|17362|2|4|0.063|0.001|0.015|0.08|0.206|0.034|0.11|0.059|0.022|0.02|0.271|0.019|0.009|0.061|0.03
202403|26|26140|26140000|2711000000|경기|서초구|역삼동|역삼1동|NH8332|힐스테이트|13503|2|6|0.091|0.093|0.071|0.002|0.016|0.057|0.012|0.141|0.039|0.122|0.109|0.084|0.019|0.035|0.109
202403|44|45110|41110000|1117000000|경기|강남구|인계동|역삼1동|NH1961|힐스테이트|5535|2|2|0.165|0.0|0.07|0.015|0.146|0.104|0.136|0.016|0.071|0.091|0.054|0.008|0.037|0.017|0.07
202403|46|11140|46110000|4711000000|부산|강남구|서초동|서초1동|NH7361|자이|4067|1|4|0.027|0.211|0.046|0.037|0.021|0.145|0.013|0.134|0.004|0.11|0.098|0.067|0.018|0.013|0.055
202403|41|46110|41110000|1111000000|부산|성남시|서초동|서초1동|NH7809|푸르지오|5100|1|2|0.032|0.01|0.093|0.047|0.045|0.023|0.045|0.001|0.014|0.045|0.052|0.15|0.143|0.299|0.002
202403|11|26140|41130000|2614000000|인천|수원시|역삼동|역삼1동|NH9450|자이|12790|2|5|0.012|0.032|0.023|0.011|0.299|0.052|0.026|0.005|0.015|0.069|0.106|0.052|0.048|0.114|0.136
202403|26|11110|47110000|2711000000|부산|수원시|인계동|역삼1동|NH2358|푸르지오|6687|1|5|0.109|0.051|0.017|0.13|0.206|0.029|0.022|0.03|0.046|0.147|0.009|0.1|0.035|0.062|0.007
202403|11|11140|26110000|2811000000|부산|수원시|서초동|서초1동|NH7849|래미안|6149|2|5|0.012|0.033|0.161|0.039|0.016|0.051|0.03|0.201|0.109|0.007|0.029|0.036|0.107|0.038|0.131
202403|11|27110|44130000|4113000000|인천|강남구|역삼동|서초1동|NH2729|푸르지오|6116|x|6|0.01|0.012|0.105|0.037|0.091|0.021|0.26|0.001|0.028|0.007|0.001|0.13|0.127|0.143|0.026
202403|44|44130|11170000|4211000000|경기|성남시|서초동|서초1동|NH4450|래미안|14274|2|6|0.023|0.006|0.054|0.092|0.091|0.074|0.184|0.001|0.024|0.023|0.058|0.161|0.027|0.099|0.084
202403|45|47110|43110000|4115000000|부산|수원시|인계동|서초1동|NH8447|푸르지오|7255|1|5|0.003|0.025|0.002|0.081|0.008|0.036|0.012|0.204|0.055|0.041|0.101|0.119|0.095|0.139|0.079
202403|42|26140|26110000|4115000000|부산|서초구|인계동|서초1동|NH2744|힐스테이트|13836|2|2|0.206|0.056|0.011|0.105|0.036|0.023|0.051|0.055|0.261|0.038|0.003|0.02|0.008|0.074|0.055
202403|26|41130|11170000|4711000000|인천|강남구|서초동|서초1동|NH5912|푸르지오|8789|2|4|0.09|0.077|0.08|0.085|0.059|0.063|0.005|0.111|0.015|0.084|0.007|0.038|0.072|0.153|0.061
202403|44|41110|44130000|4115000000|서울|수원시|인계동|서초1동|NH4848|푸르지오|8094|2|4|0.02|0.052|0.137|0.078|0.012|0.043|0.093|0.036|0.063|0.145|0.01|0.169|0.038|0.046|0.058
202403|27|47110|11200000|4211000000|서울|강남구|서초동|역삼1동|NH9532|힐스테이트|19621|x|3|0.022|0.027|0.012|0.0|0.011|0.068|0.092|0.081|0.156|0.093|0.012|0.063|0.012|0.036|0.314
202403|45|11110|11200000|2711000000|부산|강남구|역삼동|역삼1동|NH6878|푸르지오|15923|1|3|0.036|0.149|0.175|0.013|0.015|0.108|0.144|0.13|0.001|0.046|0.096|0.025|0.037|0.009|0.015
202403|41|46110|11200000|4711000000|인천|성남시|인계동|역삼1동|NH7666|푸르지오|4954|x|5|0.044|0.066|0.039|0.022|0.037|0.051|0.216|0.044|0.136|0.083|0.076|0.011|0.062|0.061|0.052
202403|45|28110|11110000|2811000000|경기|서초구|서초동|서초1동|NH9344|래미안|15456|1|3|0.043|0.05|0.085|0.093|0.195|0.109|0.02|0.025|0.031|0.008|0.012|0.05|0.121|0.126|0.032
202403|11|42110|11170000|2711000000|부산|서초구|서초동|역삼1동|NH4588|자이|4962|1|4|0.067|0.056|0.073|0.242|0.049|0.031|0.008|0.101|0.018|0.08|0.073|0.124|0.021|0.029|0.029
202403|44|44130|41110000|4211000000|부산|강남구|역삼동|역삼1동|NH3834|힐스테이트|3125|1|3|0.148|0.019|0.019|0.053|0.076|0.083|0.021|0.045|0.115|0.003|0.031|0.142|0.048|0.076|0.123
202403|27|11170|11200000|4211000000|서울|성남시|역삼동|역삼1동|NH3928|자이|16398|2|3|0.025|0.009|0.044|0.294|0.091|0.0|0.078|0.014|0.022|0.024|0.014|0.093|0.126|0.13|0.035
202403|42|27110|41130000|4611000000|부산|강남구|서초동|서초1동|NH8129|자이|13986|2|6|0.166|0.122|0.046|0.056|0.018|0.048|0.07|0.056|0.019|0.094|0.125|0.009|0.019|0.056|0.097
202403|11|41150|46110000|4113000000|경기|성남시|역삼동|역삼1동|NH5990|래미안|16778|1|5|0.092|0.018|0.108|0.03|0.027|0.019|0.078|0.327|0.024|0.063|0.042|0.032|0.034|0.001|0.103
202403|11|27110|47110000|4511000000|부산|강남구|역삼동|서초1동|NH8709|푸르지오|8175|2|6|0.002|0.006|0.179|0.017|0.091|0.089|0.021|0.184|0.107|0.001|0.015|0.059|0.039|0.136|0.053
202403|42|44130|46110000|2811000000|경기|강남구|서초동|서초1동|NH7548|래미안|5815|2|5|0.025|0.052|0.024|0.054|0.036|0.001|0.272|0.092|0.053|0.063|0.029|0.102|0.135|0.038|0.024
202403|41|41110|41110000|4311000000|서울|강남구|서초동|역삼1동|NH9301|푸르지오|16159|1|4|0.044|0.181|0.059|0.023|0.046|0.021|0.042|0.15|0.109|0.008|0.13|0.033|0.003|0.043|0.107
202403|46|28110|47110000|2611000000|인천|서초구|서초동|서초1동|NH6869|자이|2371|2|4|0.043|0.057|0.096|0.031|0.049|0.064|0.091|0.014|0.116|0.033|0.026|0.047|0.017|0.018|0.3
202403|27|44130|46110000|2614000000|경기|성남시|서초동|역삼1동|NH6506|래미안|5184|1|2|0.004|0.067|0.009|0.017|0.014|0.16|0.079|0.002|0.048|0.091|0.241|0.019|0.207|0.017|0.025
202403|41|43110|46110000|4413000000|서울|서초구|인계동|서초1동|NH6325|자이|11385|x|5|0.003|0.042|0.207|0.032|0.067|0.017|0.017|0.078|0.001|0.069|0.06|0.115|0.057|0.179|0.056
202403|41|11110|11200000|1117000000|부산|강남구|역삼동|역삼1동|NH9460|래미안|17239|1|5|0.123|0.113|0.013|0.024|0.002|0.114|0.113|0.088|0.064|0.046|0.049|0.011|0.059|0.011|0.17
202403|26|41130|26140000|4611000000|인천|서초구|역삼동|서초1동|NH6330|래미안|5221|x|6|0.096|0.203|0.085|0.005|0.107|0.132|0.079|0.074|0.041|0.002|0.002|0.008|0.01|0.029|0.127
202403|47|41130|27110000|4113000000|서울|성남시|인계동|서초1동|NH7585|힐스테이트|13226|1|5|0.035|0.04|0.008|0.13|0.027|0.007|0.095|0.166|0.183|0.063|0.028|0.08|0.027|0.0|0.111
202403|46|11140|45110000|4115000000|부산|강남구|인계동|역삼1동|NH6959|래미안|4762|2|5|0.065|0.069|0.013|0.344|0.12|0.017|0.055|0.154|0.058|0.017|0.019|0.024|0.023|0.014|0.007
202403|43|42110|41110000|4413000000|서울|성남시|인계동|서초1동|NH5517|래미안|3156|2|4|0.052|0.001|0.134|0.025|0.074|0.048|0.044|0.031|0.053|0.058|0.085|0.061|0.149|0.129|0.057
202403|41|11140|11170000|4115000000|인천|강남구|인계동|역삼1동|NH6491|힐스테이트|6943|2|4|0.077|0.149|0.013|0.057|0.011|0.029|0.024|0.272|0.031|0.006|0.003|0.001|0.264|0.061|0.001
202403|45|11110|41150000|4111000000|인천|수원시|서초동|역삼1동|NH7634|래미안|19736|2|3|0.017|0.153|0.007|0.088|0.015|0.044|0.342|0.038|0.1|0.02|0.011|0.018|0.116|0.024|0.007
202403|45|26140|41110000|1117000000|부산|성남시|인계동|역삼1동|NH6991|래미안|17755|2|6|0.276|0.014|0.061|0.007|0.011|0.007|0.066|0.007|0.074|0.098|0.152|0.089|0.001|0.077|0.061
202403|46|43110|41110000|4111000000|경기|성남시|인계동|역삼1동|NH2185|힐스테이트|4591|1|4|0.052|0.124|0.041|0.013|0.062|0.242|0.006|0.034|0.071|0.039|0.083|0.131|0.058|0.018|0.027
202403|26|11170|43110000|4413000000|부산|성남시|서초동|역삼1동|NH3379|푸르지오|5210|2|6|0.029|0.131|0.002|0.012|0.156|0.033|0.047|0.014|0.016|0.046|0.017|0.054|0.098|0.136|0.209
202403|11|26110|45110000|4511000000|경기|성남시|역삼동|서초1동|NH3356|힐스테이트|15617|1|4|0.08|0.047|0.041|0.132|0.095|0.118|0.013|0.062|0.055|0.007|0.03|0.091|0.104|0.104|0.021
202403|27|11200|42110000|2811000000|인천|서초구|인계동|서초1동|NH9583|푸르지오|5583|1|6|0.086|0.046|0.075|0.049|0.012|0.043|0.058|0.033|0.303|0.008|0.021|0.088|0.087|0.056|0.037
202403|11|27110|46110000|2711000000|인천|강남구|서초동|서초1동|NH6341|힐스테이트|10355|1|3|0.001|0.087|0.014|0.05|0.137|0.153|0.137|0.09|0.0|0.016|0.074|0.122|0.057|0.055|0.005
202403|26|26110|28110000|4711000000|부산|성남시|역삼동|역삼1동|NH9372|힐스테이트|18967|2|2|0.031|0.158|0.064|0.083|0.042|0.139|0.15|0.009|0.106|0.055|0.002|0.029|0.075|0.044|0.012
202403|11|11200|41110000|2711000000|부산|서초구|인계동|서초1동|NH2813|자이|17535|1|3|0.046|0.068|0.14|0.1|0.143|0.034|0.057|0.02|0.16|0.005|0.024|0.049|0.064|0.01|0.082
202403|27|41110|41110000|4413000000|인천|성남시|역삼동|서초1동|NH8319|푸르지오|5785|1|5|0.119|0.083|0.023|0.013|0.034|0.128|0.028|0.121|0.003|0.225|0.033|0.034|0.053|0.008|0.096
202403|26|46110|26110000|4711000000|부산|강남구|인계동|서초1동|NH5935|푸르지오|5115|1|6|0.009|0.04|0.023|0.037|0.006|0.039|0.13|0.113|0.046|0.006|0.032|0.114|0.202|0.097|0.105
202403|44|41150|46110000|2614000000|부산|강남구|인계동|역삼1동|NH6113|자이|2614|2|6|0.061|0.094|0.135|0.018|0.13|0.023|0.038|0.145|0.017|0.048|0.032|0.002|0.032|0.059|0.168
202403|27|44130|41150000|4311000000|부산|서초구|서초동|서초1동|NH4999|힐스테이트|14396|x|5|0.062|0.022|0.002|0.079|0.061|0.028|0.222|0.035|0.071|0.048|0.029|0.1|0.11|0.11|0.022
202403|47|42110|41150000|4211000000|인천|강남구|인계동|서초1동|NH1357|힐스테이트|18354|2|3|0.004|0.017|0.021|0.054|0.018|0.193|0.028|0.064|0.026|0.452|0.026|0.01|0.003|0.073|0.011
202403|42|26140|45110000|4111000000|경기|성남시|서초동|서초1동|NH8521|힐스테이트|19290|1|6|0.013|0.065|0.003|0.021|0.035|0.243|0.079|0.03|0.153|0.23|0.057|0.011|0.014|0.017|0.032
202403|43|11170|11200000|2711000000|인천|수원시|서초동|서초1동|NH4213|래미안|17051|1|2|0.1|0.026|0.104|0.185|0.015|0.032|0.001|0.233|0.004|0.012|0.087|0.023|0.008|0.003|0.167
202403|41|11200|42110000|4115000000|부산|서초구|인계동|역삼1동|NH2965|자이|11765|2|4|0.153|0.188|0.039|0.014|0.071|0.018|0.134|0.063|0.064|0.007|0.026|0.069|0.068|0.055|0.031
202403|27|42110|11140000|4413000000|부산|서초구|인계동|서초1동|NH7381|자이|11554|2|3|0.016|0.114|0.131|0.031|0.044|0.006|0.089|0.097|0.082|0.079|0.02|0.08|0.099|0.036|0.078
202403|11|42110|11170000|1117000000|경기|성남시|인계동|역삼1동|NH5181|힐스테이트|17844|1|5|0.034|0.209|0.008|0.327|0.01|0.0|0.173|0.01|0.027|0.044|0.068|0.035|0.009|0.005|0.04
202403|44|11110|46110000|2811000000|경기|수원시|인계동|역삼1동|NH6578|래미안|7243|x|6|0.181|0.075|0.072|0.027|0.152|0.03|0.007|0.026|0.144|0.053|0.029|0.005|0.169|0.022|0.008
202403|47|43110|11200000|2811000000|서울|강남구|서초동|역삼1동|NH4994|힐스테이트|15702|2|3|0.028|0.026|0.182|0.07|0.059|0.054|0.066|0.064|0.033|0.228|0.018|0.007|0.002|0.022|0.143
202403|42|11140|41130000|1111000000|경기|수원시|서초동|역삼1동|NH3619|래미안|15992|2|3|0.029|0.136|0.0|0.04|0.007|0.129|0.015|0.141|0.097|0.049|0.211|0.01|0.122|0.004|0.01
202403|47|11140|11140000|2614000000|인천|강남구|역삼동|역삼1동|NH5662|푸르지오|19027|1|5|0.199|0.012|0.167|0.024|0.121|0.009|0.083|0.06|0.055|0.062|0.013|0.003|0.078|0.09|0.024
202403|47|11200|11110000|2611000000|서울|성남시|인계동|서초1동|NH4912|푸르지오|12045|1|5|0.199|0.047|0.057|0.013|0.0|0.15|0.082|0.128|0.004|0.042|0.008|0.018|0.108|0.129|0.014
202403|44|41150|11110000|4611000000|인천|성남시|인계동|역삼1동|NH2444|자이|6584|1|6|0.153|0.01|0.049|0.064|0.001|0.095|0.062|0.054|0.036|0.13|0.231|0.004|0.037|0.049|0.024
202403|47|27110|11140000|1120000000|경기|성남시|인계동|서초1동|NH1708|래미안|13965|2|3|0.09|0.033|0.047|0.002|0.071|0.173|0.179|0.009|0.051|0.002|0.0|0.065|0.048|0.217|0.012
202403|27|11140|26110000|2614000000|경기|성남시|서초동|역삼1동|NH1545|자이|8760|1|3|0.001|0.08|0.036|0.052|0.016|0.064|0.11|0.036|0.009|0.088|0.11|0.238|0.09|0.011|0.06
202403|41|41130|41110000|4611000000|부산|수원시|인계동|역삼1동|NH1301|푸르지오|17932|1|2|0.049|0.035|0.121|0.013|0.011|0.33|0.013|0.016|0.021|0.042|0.178|0.081|0.006|0.048|0.036
202403|26|41130|26140000|4311000000|서울|수원시|역삼동|역삼1동|NH5192|푸르지오|13800|x|4|0.138|0.108|0.008|0.011|0.023|0.039|0.007|0.107|0.043|0.035|0.113|0.205|0.065|0.073|0.025
202403|26|11170|28110000|4311000000|서울|강남구|역삼동|역삼1동|NH2244|자이|15508|1|5|0.028|0.045|0.05|0.123|0.231|0.094|0.006|0.152|0.014|0.007|0.055|0.074|0.035|0.076|0.009
202403|42|11200|46110000|4113000000|경기|수원시|역삼동|역삼1동|NH7997|래미안|17759|1|2|0.046|0.183|0.04|0.018|0.039|0.195|0.022|0.175|0.1|0.013|0.009|0.034|0.058|0.008|0.059
202403|43|28110|26110000|1120000000|부산|성남시|서초동|역삼1동|NH7145|래미안|8819|2|6|0.208|0.019|0.111|0.01|0.02|0.086|0.155|0.041|0.006|0.044|0.028|0.125|0.059|0.032|0.056
202403|43|26110|44130000|1120000000|경기|수원시|역삼동|서초1동|NH1516|래미안|16823|2|5|0.08|0.013|0.012|0.168|0.014|0.039|0.056|0.131|0.033|0.092|0.001|0.042|0.213|0.091|0.013
202403|45|11170|41110000|4115000000|부산|수원시|서초동|역삼1동|NH6677|푸르지오|18195|2|3|0.017|0.054|0.022|0.054|0.02|0.182|0.097|0.016|0.27|0.099|0.019|0.003|0.003|0.139|0.005
202403|45|43110|47110000|1114000000|부산|수원시|인계동|서초1동|NH9868|푸르지오|9812|1|3|0.025|0.004|0.002|0.05|0.009|0.081|0.067|0.198|0.021|0.041|0.266|0.017|0.165|0.011|0.042
202403|27|41110|44130000|4611000000|인천|수원시|역삼동|서초1동|NH8948|힐스테이트|8394|2|4|0.05|0.047|0.119|0.015|0.055|0.006|0.118|0.113|0.106|0.001|0.155|0.018|0.019|0.099|0.078
202403|41|43110|44130000|4115000000|서울|강남구|역삼동|서초1동|NH2587|푸르지오|15068|2|2|0.043|0.253|0.154|0.003|0.09|0.03|0.02|0.06|0.074|0.066|0.009|0.024|0.041|0.13|0.003
202403|47|45110|28110000|2811000000|경기|서초구|서초동|역삼1동|NH3344|자이|5236|x|5|0.027|0.001|0.188|0.005|0.097|0.053|0.164|0.036|0.13|0.066|0.003|0.03|0.014|0.15|0.037
202403|41|41130|26140000|2811000000|경기|성남시|서초동|역삼1동|NH1468|래미안|19095|2|5|0.121|0.102|0.128|0.006|0.068|0.063|0.177|0.015|0.035|0.051|0.003|0.005|0.159|0.032|0.037
202403|47|11170|41150000|4211000000|서울|서초구|역삼동|역삼1동|NH9025|자이|7616|x|3|0.019|0.106|0.014|0.044|0.001|0.081|0.009|0.122|0.111|0.012|0.067|0.203|0.026|0.12|0.065
202403|27|11200|27110000|2811000000|부산|강남구|역삼동|역삼1동|NH4368|힐스테이트|9816|2|3|0.191|0.112|0.007|0.067|0.238|0.065|0.019|0.05|0.026|0.085|0.005|0.024|0.098|0.009|0.002
202403|46|11170|47110000|2611000000|서울|수원시|역삼동|서초1동|NH9861|푸르지오|6574|1|6|0.027|0.121|0.062|0.212|0.011|0.055|0.037|0.034|0.024|0.176|0.032|0.03|0.03|0.067|0.08
202403|43|43110|45110000|2811000000|부산|성남시|인계동|역삼1동|NH5677|래미안|4657|2|5|0.005|0.01|0.037|0.038|0.066|0.146|0.192|0.158|0.003|0.128|0.022|0.029|0.069|0.011|0.087
202403|44|28110|41110000|1114000000|인천|성남시|인계동|역삼1동|NH7157|힐스테이트|10013|2|3|0.139|0.017|0.021|0.047|0.025|0.042|0.104|0.115|0.115|0.021|0.094|0.135|0.074|0.047|0.005
202403|26|45110|42110000|4711000000|경기|수원시|인계동|서초1동|NH8966|래미안|15404|2|4|0.005|0.085|0.105|0.016|0.026|0.058|0.028|0.215|0.042|0.152|0.014|0.006|0.097|0.077|0.074
202403|41|26140|41110000|4311000000|서울|수원시|인계동|역삼1동|NH1592|힐스테이트|14453|2|5|0.008|0.057|0.119|0.058|0.022|0.225|0.085|0.052|0.037|0.123|0.045|0.022|0.038|0.081|0.029
202403|47|41110|27110000|4113000000|부산|성남시|인계동|서초1동|NH5512|푸르지오|7696|1|6|0.05|0.048|0.003|0.194|0.053|0.011|0.113|0.013|0.024|0.052|0.057|0.003|0.102|0.264|0.014
202403|47|47110|46110000|1111000000|서울|성남시|역삼동|역삼1동|NH8197|푸르지오|2857|1|3|0.022|0.145|0.013|0.02|0.026|0.04|0.021|0.061|0.011|0.129|0.154|0.029|0.149|0.064|0.117
202403|26|41110|11170000|4113000000|인천|수원시|서초동|서초1동|NH7785|푸르지오|17108|2|4|0.014|0.03|0.061|0.009|0.023|0.028|0.061|0.086|0.039|0.272|0.031|0.058|0.173|0.099|0.018
202403|41|26140|27110000|4115000000|경기|서초구|서초동|역삼1동|NH4021|래미안|2519|1|5|0.223|0.015|0.212|0.035|0.007|0.027|0.004|0.034|0.178|0.024|0.137|0.022|0.025|0.037|0.019
202403|46|26140|46110000|4413000000|부산|강남구|역삼동|서초1동|NH5281|자이|12087|2|2|0.043|0.045|0.001|0.114|0.002|0.061|0.399|0.071|0.012|0.025|0.009|0.01|0.201|0.0|0.007
202403|46|41130|11140000|1114000000|서울|수원시|인계동|역삼1동|NH7336|래미안|7198|1|6|0.022|0.023|0.088|0.029|0.162|0.039|0.03|0.054|0.118|0.133|0.147|0.066|0.026|0.062|0.0
202403|26|26140|43110000|1114000000|인천|서초구|인계동|서초1동|NH9413|래미안|8528|1|4|0.034|0.049|0.015|0.48|0.044|0.007|0.006|0.001|0.031|0.056|0.076|0.011|0.102|0.003|0.085
202403|45|41110|47110000|1114000000|경기|성남시|서초동|서초1동|NH2513|래미안|3845|1|3|0.028|0.071|0.035|0.098|0.052|0.073|0.041|0.099|0.238|0.001|0.037|0.126|0.021|0.045|0.036
202403|27|11200|28110000|1117000000|부산|강남구|역삼동|서초1동|NH2213|자이|17623|2|4|0.031|0.108|0.117|0.017|0.095|0.002|0.01|0.097|0.101|0.091|0.013|0.073|0.101|0.001|0.144
202403|43|47110|43110000|2611000000|경기|수원시|서초동|역삼1동|NH2154|래미안|2116|x|6|0.195|0.016|0.074|0.119|0.039|0.001|0.038|0.085|0.037|0.025|0.0|0.092|0.081|0.17|0.027
202403|43|26110|11140000|1114000000|부산|서초구|서초동|서초1동|NH4478|힐스테이트|9717|1|5|0.144|0.004|0.121|0.084|0.019|0.004|0.015|0.006|0.146|0.134|0.084|0.047|0.05|0.082|0.061
202403|11|47110|41150000|4311000000|경기|수원시|인계동|서초1동|NH7857|자이|9602|1|6|0.023|0.146|0.1|0.015|0.047|0.021|0.022|0.062|0.168|0.047|0.037|0.131|0.033|0.08|0.067
202403|11|45110|43110000|2614000000|서울|수원시|서초동|서초1동|NH4894|푸르지오|12110|1|6|0.002|0.112|0.13|0.016|0.097|0.038|0.034|0.045|0.027|0.097|0.073|0.254|0.007|0.021|0.046
202403|26|27110|42110000|2614000000|경기|성남시|역삼동|역삼1동|NH7642|래미안|2780|2|5|0.074|0.018|0.013|0.178|0.21|0.012|0.079|0.015|0.133|0.027|0.063|0.017|0.043|0.029|0.091
202403|47|26140|41110000|4111000000|인천|서초구|인계동|역삼1동|NH8056|래미안|17380|2|6|0.07|0.147|0.015|0.091|0.029|0.098|0.013|0.079|0.021|0.007|0.01|0.258|0.096|0.015|0.053
202403|45|26110|47110000|4311000000|경기|강남구|서초동|서초1동|NH2316|래미안|6003|1|6|0.077|0.025|0.073|0.005|0.007|0.038|0.16|0.058|0.006|0.087|0.029|0.076|0.101|0.071|0.187
202403|47|11140|11110000|4115000000|경기|강남구|인계동|역삼1동|NH5732|래미안|12516|1|3|0.014|0.217|0.17|0.11|0.094|0.165|0.033|0.005|0.094|0.016|0.029|0.014|0.015|0.022|0.004
202403|26|41130|26140000|1117000000|부산|수원시|역삼동|서초1동|NH3497|자이|18729|1|4|0.02|0.027|0.308|0.074|0.103|0.055|0.02|0.037|0.023|0.045|0.009|0.082|0.115|0.028|0.055
202403|45|11170|45110000|1114000000|서울|강남구|역삼동|서초1동|NH6971|래미안|8289|1|3|0.029|0.071|0.036|0.081|0.212|0.075|0.167|0.086|0.058|0.083|0.006|0.009|0.002|0.006|0.077
202403|43|41130|27110000|2711000000|경기|서초구|인계동|역삼1동|NH5051|래미안|14977|2|5|0.047|0.036|0.002|0.009|0.462|0.1|0.042|0.005|0.003|0.047|0.001|0.1|0.093|0.05|0.004
202403|26|26140|26110000|4113000000|서울|성남시|역삼동|역삼1동|NH7109|자이|3758|1|4|0.024|0.041|0.079|0.06|0.02|0.078|0.06|0.121|0.091|0.027|0.106|0.011|0.024|0.083|0.174
202403|41|11170|41150000|4511000000|경기|강남구|역삼동|역삼1동|NH4335|자이|3523|2|5|0.034|0.12|0.012|0.062|0.062|0.037|0.061|0.063|0.002|0.051|0.083|0.128|0.115|0.134|0.034
202403|27|41130|26140000|4511000000|인천|강남구|역삼동|서초1동|NH3319|래미안|16715|1|6|0.027|0.007|0.069|0.207|0.067|0.103|0.063|0.122|0.005|0.088|0.041|0.127|0.029|0.017|0.03
202403|45|44130|27110000|2611000000|서울|강남구|인계동|서초1동|NH1763|래미안|5303|1|4|0.111|0.04|0.041|0.04|0.054|0.127|0.035|0.013|0.101|0.045|0.054|0.069|0.157|0.025|0.087
202403|46|11200|11110000|1111000000|서울|서초구|인계동|역삼1동|NH9697|자이|3739|2|2|0.0|0.04|0.037|0.062|0.094|0.029|0.01|0.028|0.059|0.015|0.312|0.086|0.154|0.042|0.032
202403|45|11110|45110000|2614000000|인천|강남구|역삼동|서초1동|NH2870|자이|3598|2|5|0.026|0.097|0.127|0.026|0.084|0.065|0.016|0.016|0.096|0.044|0.062|0.067|0.164|0.059|0.051
202403|43|46110|44130000|4311000000|경기|수원시|인계동|서초1동|NH1447|자이|4487|2|5|0.025|0.147|0.367|0.012|0.007|0.074|0.026|0.006|0.074|0.047|0.019|0.0|0.023|0.017|0.154
202403|46|11170|42110000|2811000000|서울|성남시|역삼동|역삼1동|NH6761|자이|12309|2|5|0.048|0.044|0.052|0.153|0.069|0.06|0.002|0.034|0.028|0.124|0.03|0.086|0.027|0.046|0.198
202403|43|47110|26140000|1117000000|서울|강남구|인계동|서초1동|NH6201|힐스테이트|18593|x|6|0.026|0.11|0.157|0.073|0.06|0.145|0.004|0.055|0.004|0.2|0.058|0.033|0.01|0.026|0.039
202403|26|42110|47110000|4611000000|부산|수원시|서초동|서초1동|NH9372|래미안|15616|1|4|0.091|0.041|0.209|0.038|0.01|0.028|0.009|0.02|0.037|0.076|0.1|0.027|0.183|0.071|0.061
202403|43|47110|41110000|4511000000|경기|강남구|서초동|서초1동|NH3163|자이|9838|x|3|0.09|0.009|0.185|0.048|0.006|0.062|0.01|0.007|0.205|0.033|0.017|0.129|0.104|0.031|0.063
202403|44|11110|43110000|4311000000|부산|강남구|역삼동|역삼1동|NH4403|힐스테이트|16616|2|4|0.037|0.13|0.12|0.13|0.011|0.037|0.078|0.092|0.068|0.011|0.034|0.167|0.007|0.046|0.032
202403|27|42110|42110000|4115000000|부산|강남구|인계동|서초1동|NH3828|래미안|6206|1|3|0.066|0.043|0.095|0.025|0.049|0.045|0.002|0.027|0.187|0.163|0.008|0.042|0.016|0.079|0.154
202403|47|41110|11110000|4311000000|부산|강남구|인계동|서초1동|NH7746|자이|6056|1|5|0.028|0.058|0.072|0.027|0.021|0.001|0.028|0.021|0.101|0.107|0.158|0.014|0.096|0.256|0.014
202403|45|42110|41110000|4413000000|인천|성남시|역삼동|서초1동|NH1289|힐스테이트|12174|1|4|0.052|0.006|0.112|0.038|0.053|0.007|0.076|0.004|0.095|0.112|0.154|0.1|0.127|0.055|0.009
202403|44|47110|45110000|4115000000|부산|성남시|역삼동|서초1동|NH3008|래미안|15856|2|6|0.013|0.192|0.064|0.173|0.061|0.001|0.033|0.071|0.043|0.014|0.02|0.178|0.018|0.001|0.118
202403|41|42110|43110000|4113000000|부산|수원시|인계동|역삼1동|NH8407|힐스테이트|16636|1|3|0.004|0.075|0.023|0.032|0.07|0.025|0.016|0.082|0.173|0.071|0.089|0.154|0.034|0.028|0.125
202403|26|11140|41150000|4211000000|경기|성남시|서초동|역삼1동|NH5871|래미안|13099|1|6|0.009|0.038|0.345|0.071|0.115|0.062|0.01|0.015|0.001|0.07|0.078|0.028|0.023|0.119|0.016
202403|43|41150|42110000|4511000000|서울|성남시|인계동|역삼1동|NH6669|자이|5135|2|5|0.089|0.116|0.003|0.078|0.007|0.107|0.019|0.063|0.102|0.174|0.022|0.124|0.065|0.015|0.018
202403|41|11200|27110000|4211000000|인천|수원시|역삼동|역삼1동|NH4905|자이|10311|1|3|0.018|0.052|0.024|0.011|0.057|0.082|0.041|0.052|0.013|0.264|0.036|0.027|0.06|0.039|0.223
202403|26|11200|46110000|2614000000|서울|성남시|역삼동|역삼1동|NH9009|자이|19668|2|4|0.064|0.069|0.062|0.198|0.056|0.029|0.058|0.064|0.232|0.022|0.038|0.0|0.087|0.001|0.019
202403|45|46110|26140000|4211000000|인천|강남구|인계동|역삼1동|NH5998|푸르지오|7044|2|5|0.008|0.087|0.25|0.019|0.024|0.028|0.059|0.003|0.095|0.046|0.026|0.189|0.027|0.013|0.126
202403|44|28110|42110000|4611000000|인천|서초구|인계동|역삼1동|NH5724|푸르지오|17168|2|3|0.065|0.063|0.062|0.111|0.013|0.071|0.122|0.032|0.035|0.078|0.02|0.022|0.018|0.119|0.17
202403|46|26110|41130000|4413000000|서울|수원시|서초동|서초1동|NH6143|푸르지오|17023|1|3|0.0|0.1|0.09|0.015|0.062|0.107|0.175|0.01|0.043|0.03|0.114|0.065|0.044|0.007|0.138
202403|42|28110|41110000|1111000000|부산|서초구|서초동|서초1동|NH8434|힐스테이트|2822|2|6|0.028|0.003|0.049|0.005|0.063|0.096|0.003|0.16|0.048|0.02|0.044|0.04|0.391|0.004|0.045
202403|41|28110|28110000|1111000000|경기|성남시|서초동|서초1동|NH3169|힐스테이트|3627|2|4|0.067|0.097|0.054|0.229|0.042|0.018|0.043|0.014|0.018|0.093|0.056|0.049|0.067|0.15|0.003
202403|41|11200|11110000|2614000000|서울|수원시|역삼동|서초1동|NH4446|래미안|7602|1|5|0.025|0.073|0.073|0.155|0.051|0.057|0.046|0.003|0.048|0.16|0.119|0.067|0.028|0.058|0.038
202403|27|27110|26110000|4211000000|서울|강남구|역삼동|역삼1동|NH7925|푸르지오|12602|1|3|0.051|0.011|0.048|0.025|0.04|0.007|0.053|0.074|0.194|0.222|0.06|0.042|0.063|0.061|0.048
202403|41|46110|41110000|4413000000|부산|성남시|역삼동|서초1동|NH4351|자이|11012|1|3|0.017|0.006|0.112|0.063|0.015|0.215|0.253|0.016|0.078|0.001|0.017|0.076|0.034|0.04|0.058
202403|46|41110|41150000|4311000000|서울|성남시|인계동|역삼1동|NH8382|자이|4163|2|3|0.04|0.023|0.05|0.0|0.082|0.1|0.224|0.222|0.001|0.059|0.011|0.006|0.078|0.005|0.099
202403|11|43110|41110000|2811000000|부산|서초구|서초동|서초1동|NH5447|푸르지오|10215|2|2|0.102|0.022|0.054|0.103|0.024|0.047|0.158|0.05|0.008|0.154|0.09|0.008|0.032|0.116|0.033
202403|43|28110|45110000|4211000000|경기|성남시|인계동|역삼1동|NH8222|푸르지오|3671|2|4|0.058|0.034|0.137|0.111|0.072|0.026|0.023|0.212|0.01|0.014|0.081|0.025|0.015|0.132|0.049
202403|46|41150|41110000|2711000000|인천|서초구|역삼동|역삼1동|NH5119|힐스테이트|16020|x|4|0.043|0.067|0.024|0.046|0.034|0.005|0.011|0.259|0.035|0.034|0.234|0.051|0.072|0.017|0.068
202403|27|11140|47110000|4211000000|부산|성남시|인계동|역삼1동|NH8298|래미안|2183|2|6|0.078|0.031|0.014|0.255|0.014|0.013|0.019|0.091|0.056|0.076|0.026|0.176|0.012|0.104|0.035
202403|27|41110|41110000|4113000000|부산|강남구|인계동|역삼1동|NH6206|힐스테이트|4606|1|5|0.095|0.008|0.072|0.114|0.041|0.05|0.035|0.012|0.175|0.012|0.03|0.211|0.014|0.075|0.055
202403|11|11200|27110000|4115000000|경기|수원시|역삼동|역삼1동|NH6381|힐스테이트|18896|1|3|0.204|0.014|0.011|0.011|0.111|0.282|0.034|0.038|0.003|0.069|0.088|0.073|0.015|0.041|0.005
202403|46|47110|11170000|2711000000|부산|서초구|서초동|서초1동|NH2333|자이|15665|1|6|0.08|0.038|0.005|0.066|0.01|0.049|0.056|0.011|0.159|0.164|0.058|0.031|0.028|0.006|0.239
202403|42|26140|43110000|4111000000|인천|강남구|역삼동|역삼1동|NH8943|푸르지오|7876|2|5|0.042|0.029|0.039|0.211|0.101|0.002|0.212|0.009|0.162|0.031|0.025|0.019|0.085|0.024|0.009
202403|42|26110|27110000|2811000000|인천|수원시|인계동|서초1동|NH8010|힐스테이트|16767|2|4|0.05|0.022|0.147|0.053|0.222|0.079|0.058|0.002|0.065|0.048|0.024|0.12|0.036|0.048|0.026
202403|27|11140|41110000|4311000000|경기|성남시|인계동|서초1동|NH3527|자이|7422|1|3|0.292|0.071|0.122|0.076|0.007|0.018|0.005|0.048|0.008|0.01|0.003|0.179|0.043|0.026|0.091
202403|46|26140|28110000|1117000000|부산|서초구|서초동|서초1동|NH9675|자이|10074|1|5|0.076|0.118|0.012|0.169|0.014|0.113|0.036|0.007|0.02|0.005|0.119|0.107|0.066|0.022|0.113
202403|46|41110|45110000|4115000000|인천|성남시|인계동|서초1동|NH2438|푸르지오|8905|1|3|0.009|0.118|0.142|0.009|0.071|0.014|0.004|0.225|0.013|0.071|0.16|0.105|0.004|0.035|0.021
202403|41|26140|47110000|4115000000|서울|성남시|역삼동|서초1동|NH4962|힐스테이트|2404|2|6|0.0|0.003|0.108|0.04|0.058|0.185|0.05|0.168|0.156|0.125|0.024|0.002|0.016|0.036|0.03
202403|44|41130|41110000|4113000000|서울|수원시|인계동|역삼1동|NH2371|푸르지오|2587|2|3|0.041|0.063|0.03|0.285|0.017|0.057|0.088|0.06|0.086|0.126|0.003|0.01|0.004|0.102|0.028
202403|45|11170|47110000|1120000000|경기|서초구|역삼동|서초1동|NH4956|푸르지오|6956|2|2|0.025|0.232|0.012|0.032|0.019|0.05|0.048|0.076|0.026|0.039|0.1|0.16|0.061|0.1|0.02
202403|27|41130|27110000|4413000000|인천|강남구|역삼동|서초1동|NH8313|푸르지오|17026|1|6|0.063|0.001|0.058|0.096|0.051|0.012|0.002|0.078|0.037|0.183|0.136|0.025|0.056|0.092|0.112
202403|42|41150|11170000|2811000000|서울|성남시|인계동|역삼1동|NH1435|푸르지오|16670|1|6|0.046|0.06|0.223|0.004|0.044|0.001|0.286|0.035|0.093|0.001|0.013|0.036|0.082|0.022|0.052
202403|11|47110|28110000|2611000000|부산|성남시|인계동|서초1동|NH4302|자이|5938|2|4|0.021|0.021|0.009|0.003|0.1|0.004|0.005|0.108|0.003|0.103|0.198|0.177|0.136|0.023|0.089
202403|27|41130|41110000|4711000000|서울|서초구|인계동|역삼1동|NH2922|래미안|13063|1|5|0.11|0.058|0.019|0.017|0.106|0.085|0.004|0.052|0.029|0.018|0.021|0.194|0.001|0.115|0.17
202403|44|27110|11200000|1120000000|인천|성남시|서초동|역삼1동|NH7886|힐스테이트|17499|2|3|0.131|0.011|0.035|0.084|0.011|0.001|0.248|0.221|0.015|0.107|0.006|0.003|0.022|0.089|0.014
202403|41|26140|46110000|1120000000|부산|수원시|서초동|서초1동|NH6248|힐스테이트|17640|1|4|0.214|0.017|0.001|0.081|0.034|0.149|0.097|0.08|0.089|0.037|0.023|0.01|0.042|0.1|0.028
202403|42|11110|46110000|4511000000|서울|성남시|서초동|역삼1동|NH6304|힐스테이트|16551|1|4|0.004|0.023|0.042|0.1|0.042|0.056|0.023|0.079|0.183|0.074|0.05|0.162|0.031|0.003|0.127
202403|41|41110|41110000|1117000000|인천|강남구|역삼동|서초1동|NH9055|래미안|15337|2|3|0.001|0.024|0.103|0.081|0.008|0.202|0.042|0.069|0.132|0.002|0.004|0.076|0.04|0.176|0.041
202403|11|43110|45110000|4611000000|경기|성남시|역삼동|역삼1동|NH9484|힐스테이트|16379|2|3|0.024|0.078|0.108|0.04|0.018|0.069|0.213|0.021|0.014|0.072|0.005|0.063|0.047|0.223|0.006
202403|11|44130|41150000|4511000000|경기|서초구|인계동|서초1동|NH4408|자이|6435|2|5|0.035|0.056|0.081|0.123|0.126|0.019|0.035|0.085|0.118|0.042|0.111|0.076|0.0|0.068|0.023
202403|43|26110|41150000|1111000000|인천|수원시|역삼동|서초1동|NH1960|푸르지오|18038|1|3|0.037|0.015|0.06|0.222|0.027|0.121|0.103|0.007|0.04|0.068|0.006|0.122|0.117|0.051|0.004
202403|47|42110|26140000|4111000000|경기|성남시|인계동|서초1동|NH4548|자이|14119|2|4|0.182|0.0|0.032|0.036|0.002|0.009|0.006|0.009|0.11|0.07|0.007|0.419|0.016|0.063|0.039
202403|47|41130|28110000|4711000000|경기|강남구|인계동|역삼1동|NH2029|래미안|8720|1|6|0.039|0.079|0.013|0.089|0.207|0.133|0.03|0.14|0.016|0.002|0.005|0.085|0.032|0.061|0.069
202403|27|41130|28110000|4311000000|경기|성남시|인계동|역삼1동|NH5367|힐스테이트|13243|1|6|0.001|0.07|0.088|0.144|0.013|0.033|0.052|0.026|0.07|0.065|0.156|0.059|0.169|0.027|0.027
202403|43|41130|46110000|4413000000|인천|수원시|서초동|서초1동|NH6025|힐스테이트|18549|1|5|0.02|0.086|0.182|0.092|0.069|0.001|0.057|0.07|0.087|0.14|0.014|0.124|0.011|0.038|0.01
202403|42|27110|45110000|1114000000|경기|서초구|역삼동|서초1동|NH1940|힐스테이트|9114|2|5|0.075|0.023|0.038|0.015|0.142|0.147|0.046|0.048|0.149|0.085|0.007|0.064|0.053|0.079|0.03
202403|43|26140|28110000|1114000000|서울|성남시|역삼동|역삼1동|NH2407|자이|16117|1|4|0.037|0.019|0.037|0.081|0.005|0.014|0.009|0.066|0.037|0.352|0.056|0.089|0.168|0.006|0.025
202403|26|42110|26110000|1114000000|부산|수원시|서초동|서초1동|NH8346|푸르지오|9028|1|5|0.095|0.047|0.116|0.058|0.021|0.023|0.021|0.014|0.049|0.111|0.006|0.051|0.011|0.102|0.272
202403|46|11140|47110000|4111000000|경기|수원시|서초동|역삼1동|NH2671|푸르지오|5712|1|3|0.266|0.02|0.109|0.015|0.015|0.015|0.044|0.1|0.032|0.047|0.009|0.017|0.153|0.044|0.113
202403|47|11200|41130000|1111000000|부산|성남시|서초동|서초1동|NH1312|푸르지오|11079|1|6|0.051|0.024|0.055|0.016|0.062|0.073|0.04|0.031|0.009|0.206|0.126|0.083|0.112|0.081|0.029
202403|44|41110|11200000|2611000000|경기|수원시|서초동|서초1동|NH8958|자이|8401|2|4|0.009|0.011|0.077|0.056|0.014|0.005|0.016|0.088|0.123|0.054|0.052|0.191|0.025|0.085|0.194
202403|47|47110|11110000|2711000000|부산|서초구|역삼동|역삼1동|NH2772|힐스테이트|8788|1|5|0.192|0.051|0.005|0.06|0.095|0.021|0.007|0.041|0.002|0.196|0.157|0.03|0.071|0.046|0.026
202403|43|26140|27110000|4115000000|인천|강남구|역삼동|서초1동|NH1143|자이|16393|1|6|0.024|0.011|0.008|0.142|0.142|0.215|0.041|0.13|0.028|0.016|0.028|0.073|0.06|0.022|0.061
202403|45|11200|11110000|2811000000|서울|성남시|역삼동|서초1동|NH6513|힐스테이트|11019|1|2|0.027|0.022|0.023|0.052|0.035|0.04|0.001|0.127|0.025|0.028|0.215|0.055|0.281|0.054|0.016
202403|42|27110|26140000|4611000000|서울|성남시|역삼동|역삼1동|NH7133|푸르지오|19288|1|5|0.077|0.168|0.024|0.131|0.017|0.014|0.039|0.096|0.105|0.036|0.012|0.029|0.06|0.034|0.16
202403|27|45110|41110000|4511000000|서울|서초구|인계동|역삼1동|NH5729|푸르지오|8689|2|2|0.137|0.118|0.08|0.009|0.069|0.044|0.215|0.03|0.086|0.058|0.011|0.006|0.007|0.011|0.118
202403|41|41130|11200000|4711000000|서울|서초구|서초동|서초1동|NH8886|래미안|5190|1|6|0.032|0.001|0.017|0.243|0.088|0.005|0.036|0.018|0.043|0.093|0.047|0.071|0.115|0.028|0.163
202403|46|28110|44130000|4113000000|인천|서초구|역삼동|역삼1동|NH9812|래미안|11308|2|5|0.023|0.014|0.151|0.07|0.029|0.033|0.002|0.399|0.003|0.037|0.02|0.078|0.036|0.032|0.074
202403|11|11110|41130000|2614000000|부산|강남구|인계동|역삼1동|NH9784|자이|12760|1|3|0.043|0.03|0.067|0.049|0.048|0.009|0.095|0.004|0.017|0.146|0.035|0.054|0.201|0.166|0.035
202403|41|46110|47110000|4413000000|경기|서초구|인계동|서초1동|NH3504|래미안|5847|2|3|0.018|0.053|0.089|0.045|0.008|0.082|0.25|0.002|0.051|0.077|0.01|0.129|0.018|0.032|0.135
202403|27|45110|26110000|4111000000|경기|강남구|인계동|역삼1동|NH7209|자이|7710|1|4|0.077|0.071|0.098|0.156|0.052|0.012|0.069|0.08|0.002|0.009|0.011|0.08|0.01|0.061|0.209
202403|26|27110|46110000|4211000000|인천|성남시|인계동|서초1동|NH5191|자이|10381|1|2|0.032|0.044|0.047|0.004|0.117|0.0|0.106|0.122|0.067|0.025|0.013|0.069|0.008|0.133|0.215
202403|42|46110|47110000|4113000000|부산|수원시|서초동|역삼1동|NH4586|힐스테이트|19172|2|4|0.024|0.043|0.095|0.016|0.081|0.059|0.011|0.006|0.034|0.01|0.05|0.074|0.208|0.276|0.014
202403|44|11170|11200000|4711000000|부산|수원시|인계동|역삼1동|NH3215|래미안|4410|2|2|0.173|0.049|0.004|0.14|0.04|0.02|0.174|0.073|0.007|0.05|0.019|0.053|0.119|0.069|0.009
202403|45|26110|47110000|1117000000|경기|강남구|서초동|서초1동|NH7033|힐스테이트|9680|1|2|0.014|0.192|0.191|0.018|0.04|0.043|0.057|0.026|0.024|0.0|0.023|0.215|0.001|0.079|0.077
202403|43|45110|44130000|1120000000|서울|강남구|서초동|역삼1동|NH6270|래미안|10581|1|4|0.058|0.037|0.106|0.183|0.081|0.113|0.076|0.072|0.017|0.104|0.004|0.041|0.021|0.051|0.035
202403|45|11140|41110000|4611000000|인천|서초구|역삼동|서초1동|NH6031|자이|3241|2|3|0.024|0.09|0.018|0.028|0.026|0.029|0.03|0.087|0.074|0.2|0.074|0.011|0.161|0.076|0.072
202403|26|26110|47110000|2811000000|경기|서초구|역삼동|역삼1동|NH3851|래미안|2681|1|5|0.037|0.079|0.177|0.064|0.123|0.108|0.035|0.074|0.095|0.074|0.057|0.018|0.009|0.028|0.023
202403|27|46110|41150000|2811000000|서울|수원시|서초동|역삼1동|NH5855|래미안|9439|1|6|0.029|0.027|0.022|0.002|0.03|0.007|0.389|0.105|0.052|0.064|0.012|0.109|0.013|0.022|0.117
202403|46|11200|11200000|2614000000|부산|강남구|인계동|서초1동|NH9566|힐스테이트|7326|x|6|0.084|0.017|0.05|0.092|0.023|0.024|0.101|0.081|0.007|0.234|0.071|0.009|0.103|0.027|0.076
202403|42|47110|28110000|4113000000|경기|성남시|인계동|서초1동|NH3170|자이|17297|1|2|0.163|0.145|0.13|0.045|0.035|0.014|0.032|0.071|0.025|0.009|0.096|0.114|0.089|0.006|0.025
202403|46|11110|11170000|2811000000|경기|강남구|인계동|역삼1동|NH9548|래미안|19484|1|6|0.092|0.086|0.037|0.006|0.049|0.032|0.142|0.086|0.156|0.039|0.064|0.041|0.128|0.012|0.032
202403|46|41110|42110000|2711000000|경기|강남구|역삼동|서초1동|NH3316|푸르지오|8063|1|4|0.117|0.01|0.0|0.128|0.231|0.05|0.107|0.022|0.011|0.076|0.083|0.004|0.015|0.137|0.009
202403|41|26140|41150000|4115000000|서울|강남구|역삼동|역삼1동|NH3247|푸르지오|18361|2|5|0.006|0.078|0.055|0.081|0.022|0.028|0.012|0.07|0.004|0.202|0.051|0.169|0.159|0.034|0.026
202403|42|47110|26110000|4113000000|부산|강남구|역삼동|역삼1동|NH3736|래미안|5744|2|4|0.06|0.063|0.004|0.045|0.126|0.051|0.067|0.071|0.013|0.006|0.116|0.041|0.037|0.284|0.015
202403|42|41130|45110000|4711000000|경기|성남시|서초동|역삼1동|NH3015|푸르지오|4472|2|2|0.151|0.003|0.105|0.051|0.144|0.015|0.112|0.107|0.055|0.026|0.018|0.014|0.09|0.076|0.032
202403|27|11110|41110000|4311000000|부산|수원시|인계동|서초1동|NH9876|자이|16059|1|5|0.005|0.037|0.031|0.134|0.03|0.086|0.009|0.108|0.091|0.064|0.076|0.151|0.007|0.078|0.094
202403|43|11110|45110000|2611000000|부산|서초구|인계동|역삼1동|NH6620|자이|12278|1|5|0.044|0.063|0.032|0.063|0.1|0.108|0.006|0.003|0.057|0.009|0.108|0.252|0.104|0.023|0.031
202403|44|41110|42110000|4115000000|인천|강남구|서초동|서초1동|NH7768|푸르지오|14047|1|6|0.161|0.009|0.04|0.018|0.065|0.206|0.005|0.128|0.009|0.025|0.039|0.059|0.071|0.104|0.061
202403|11|11140|41150000|4115000000|부산|강남구|서초동|서초1동|NH2619|자이|13633|x|6|0.129|0.173|0.068|0.005|0.016|0.079|0.059|0.023|0.003|0.018|0.087|0.15|0.04|0.082|0.069
202403|11|41110|11200000|4413000000|부산|성남시|인계동|역삼1동|NH9089|푸르지오|15153|2|5|0.062|0.025|0.034|0.009|0.017|0.131|0.058|0.006|0.061|0.079|0.04|0.266|0.137|0.071|0.002
202403|11|11140|11170000|1114000000|부산|강남구|서초동|서초1동|NH6994|자이|11842|2|5|0.012|0.02|0.068|0.065|0.056|0.02|0.188|0.129|0.049|0.024|0.001|0.034|0.158|0.155|0.02
202403|44|42110|26110000|4115000000|경기|성남시|인계동|서초1동|NH1086|자이|8822|1|4|0.03|0.04|0.039|0.081|0.029|0.001|0.031|0.009|0.14|0.127|0.115|0.033|0.297|0.006|0.021
202403|44|28110|11110000|2811000000|인천|서초구|서초동|역삼1동|NH6950|자이|6214|2|2|0.056|0.099|0.052|0.007|0.012|0.186|0.311|0.065|0.059|0.035|0.005|0.002|0.007|0.057|0.048
202403|44|26110|46110000|1114000000|경기|강남구|서초동|서초1동|NH5918|푸르지오|17430|2|3|0.072|0.118|0.03|0.009|0.026|0.117|0.002|0.176|0.087|0.055|0.036|0.027|0.176|0.006|0.064
202403|11|44130|11200000|2711000000|서울|성남시|역삼동|서초1동|NH1797|푸르지오|12072|2|3|0.082|0.276|0.043|0.137|0.035|0.003|0.043|0.109|0.013|0.07|0.043|0.066|0.036|0.008|0.037
202403|46|42110|27110000|2811000000|부산|서초구|인계동|역삼1동|NH8175|푸르지오|15856|x|4|0.099|0.039|0.044|0.021|0.022|0.033|0.018|0.012|0.39|0.138|0.001|0.023|0.018|0.117|0.026
202403|45|41150|45110000|4111000000|경기|수원시|역삼동|서초1동|NH4586|힐스테이트|9328|1|4|0.222|0.036|0.013|0.004|0.067|0.141|0.059|0.064|0.02|0.046|0.0|0.007|0.192|0.112|0.016
202403|42|27110|43110000|2611000000|서울|수원시|역삼동|역삼1동|NH4730|래미안|11233|1|4|0.055|0.049|0.021|0.01|0.056|0.075|0.038|0.017|0.271|0.046|0.129|0.102|0.001|0.109|0.022
202403|43|47110|26110000|4311000000|부산|수원시|인계동|서초1동|NH7010|자이|2428|1|3|0.089|0.081|0.021|0.142|0.008|0.111|0.024|0.033|0.074|0.094|0.192|0.001|0.018|0.011|0.102
202403|43|45110|26110000|4113000000|부산|성남시|역삼동|서초1동|NH9548|힐스테이트|13020|2|6|0.001|0.042|0.065|0.148|0.006|0.011|0.072|0.006|0.026|0.035|0.038|0.361|0.041|0.051|0.097
202403|27|28110|41150000|4113000000|인천|성남시|역삼동|역삼1동|NH4785|래미안|19634|2|4|0.106|0.1|0.055|0.045|0.044|0.027|0.016|0.02|0.058|0.19|0.008|0.118|0.078|0.048|0.086
202403|47|43110|27110000|2611000000|서울|강남구|인계동|서초1동|NH4939|힐스테이트|13876|1|6|0.031|0.062|0.008|0.011|0.144|0.009|0.037|0.067|0.009|0.239|0.031|0.086|0.049|0.113|0.104
202403|45|26140|28110000|2811000000|경기|성남시|인계동|서초1동|NH1131|래미안|3762|2|6|0.091|0.019|0.036|0.06|0.07|0.086|0.126|0.001|0.108|0.044|0.192|0.044|0.058|0.021|0.044
202403|27|41150|45110000|4211000000|부산|수원시|역삼동|역삼1동|NH9669|힐스테이트|6554|x|4|0.005|0.076|0.139|0.101|0.077|0.11|0.038|0.216|0.108|0.019|0.009|0.045|0.009|0.025|0.021
202403|41|11110|44130000|4511000000|부산|수원시|서초동|서초1동|NH9429|힐스테이트|11625|2|3|0.138|0.016|0.022|0.022|0.016|0.097|0.191|0.07|0.007|0.003|0.177|0.049|0.055|0.018|0.121
202403|44|41110|43110000|2811000000|경기|서초구|인계동|서초1동|NH3399|래미안|19641|1|5|0.16|0.001|0.061|0.098|0.045|0.051|0.027|0.033|0.085|0.059|0.103|0.069|0.056|0.094|0.058
202403|27|11110|46110000|4611000000|경기|성남시|인계동|역삼1동|NH5428|힐스테이트|18783|2|3|0.116|0.029|0.049|0.003|0.001|0.02|0.041|0.062|0.007|0.008|0.019|0.305|0.04|0.181|0.118
202403|42|41150|46110000|4211000000|부산|수원시|서초동|서초1동|NH7864|자이|4814|2|3|0.041|0.014|0.219|0.088|0.049|0.032|0.017|0.058|0.169|0.056|0.096|0.12|0.004|0.006|0.032
202403|26|27110|43110000|1117000000|경기|성남시|역삼동|역삼1동|NH2793|푸르지오|11519|2|5|0.017|0.068|0.082|0.047|0.068|0.062|0.016|0.052|0.031|0.135|0.021|0.146|0.147|0.071|0.036
202403|47|27110|11110000|2811000000|인천|수원시|서초동|역삼1동|NH2913|래미안|3434|2|6|0.152|0.161|0.006|0.058|0.121|0.005|0.008|0.043|0.143|0.048|0.011|0.155|0.064|0.022|0.005
202403|26|41110|43110000|2711000000|인천|수원시|서초동|역삼1동|NH5503|힐스테이트|2606|2|3|0.024|0.036|0.011|0.067|0.037|0.021|0.125|0.11|0.017|0.113|0.113|0.154|0.032|0.045|0.094
202403|44|28110|44130000|4113000000|부산|성남시|서초동|서초1동|NH4983|푸르지오|12730|1|3|0.171|0.037|0.006|0.008|0.005|0.086|0.012|0.088|0.061|0.033|0.05|0.029|0.164|0.114|0.135
202403|44|46110|26140000|2811000000|인천|서초구|서초동|역삼1동|NH3570|자이|4598|1|6|0.025|0.115|0.121|0.013|0.134|0.014|0.012|0.071|0.06|0.053|0.075|0.079|0.08|0.076|0.073
202403|45|47110|46110000|4413000000|서울|강남구|서초동|역삼1동|NH8746|힐스테이트|3797|2|2|0.063|0.062|0.054|0.065|0.076|0.012|0.3|0.093|0.081|0.005|0.083|0.003|0.023|0.06|0.02
202403|42|11140|41110000|2611000000|부산|강남구|인계동|서초1동|NH4327|래미안|13778|2|6|0.012|0.067|0.215|0.002|0.141|0.043|0.173|0.031|0.018|0.02|0.045|0.116|0.066|0.037|0.014
202403|11|46110|26140000|4111000000|인천|수원시|인계동|서초1동|NH5311|푸르지오|10844|1|2|0.011|0.087|0.023|0.035|0.15|0.142|0.014|0.145|0.1|0.077|0.017|0.072|0.04|0.0|0.086
202403|11|41130|26110000|4113000000|경기|강남구|인계동|역삼1동|NH8998|푸르지오|19185|x|4|0.162|0.113|0.015|0.18|0.131|0.005|0.023|0.066|0.021|0.036|0.012|0.025|0.039|0.09|0.079
202403|26|11200|28110000|4211000000|경기|서초구|인계동|서초1동|NH4691|힐스테이트|4317|1|2|0.1|0.08|0.061|0.091|0.131|0.01|0.121|0.007|0.106|0.008|0.204|0.008|0.005|0.055|0.015
202403|43|45110|41150000|2611000000|인천|수원시|역삼동|역삼1동|NH5428|래미안|15929|2|3|0.066|0.342|0.0|0.012|0.17|0.031|0.026|0.04|0.012|0.05|0.025|0.109|0.042|0.01|0.064
202403|43|46110|46110000|1111000000|경기|수원시|서초동|서초1동|NH2410|자이|7825|2|6|0.062|0.023|0.146|0.1|0.007|0.015|0.124|0.021|0.022|0.059|0.206|0.032|0.113|0.004|0.067
202403|42|44130|41110000|4511000000|부산|강남구|역삼동|역삼1동|NH5486|래미안|3163|x|3|0.014|0.007|0.15|0.016|0.197|0.009|0.011|0.124|0.072|0.064|0.012|0.115|0.009|0.142|0.059
202403|41|41130|43110000|2611000000|경기|서초구|서초동|역삼1동|NH9649|힐스테이트|15532|2|6|0.075|0.047|0.002|0.038|0.056|0.029|0.159|0.104|0.103|0.081|0.035|0.092|0.033|0.023|0.125
202403|43|43110|46110000|4115000000|경기|서초구|서초동|역삼1동|NH5106|푸르지오|18856|1|3|0.002|0.254|0.125|0.074|0.006|0.037|0.016|0.078|0.011|0.165|0.076|0.001|0.022|0.071|0.063
202403|27|11200|42110000|4413000000|서울|강남구|역삼동|역삼1동|NH2100|힐스테이트|10557|1|5|0.052|0.091|0.033|0.09|0.029|0.048|0.108|0.174|0.022|0.002|0.071|0.116|0.075|0.076|0.013
202403|41|46110|41130000|1120000000|경기|서초구|역삼동|역삼1동|NH2166|래미안|15590|1|5|0.093|0.029|0.038|0.136|0.008|0.152|0.059|0.022|0.036|0.082|0.04|0.062|0.125|0.021|0.097
202403|46|45110|43110000|2614000000|인천|수원시|역삼동|서초1동|NH3245|래미안|10182|2|4|0.007|0.156|0.012|0.015|0.29|0.03|0.029|0.042|0.058|0.112|0.062|0.168|0.011|0.009|0.0
202403|45|41130|11200000|1114000000|서울|성남시|서초동|서초1동|NH3534|푸르지오|18930|1|2|0.003|0.047|0.054|0.037|0.048|0.093|0.227|0.026|0.003|0.195|0.137|0.05|0.024|0.031|0.025
202403|11|43110|26110000|2611000000|인천|수원시|서초동|서초1동|NH2380|푸르지오|12357|2|3|0.024|0.002|0.003|0.063|0.01|0.069|0.242|0.001|0.108|0.137|0.017|0.06|0.112|0.012|0.143
202403|43|41110|11140000|4115000000|인천|서초구|역삼동|서초1동|NH5203|자이|3181|1|3|0.033|0.069|0.02|0.053|0.047|0.142|0.058|0.022|0.006|0.188|0.045|0.041|0.227|0.004|0.045
202403|41|41110|11200000|4113000000|부산|강남구|인계동|서초1동|NH4784|푸르지오|18820|1|6|0.048|0.052|0.017|0.104|0.132|0.05|0.03|0.004|0.116|0.067|0.08|0.015|0.084|0.049|0.152
202403|26|26140|11110000|4711000000|인천|강남구|역삼동|역삼1동|NH8157|힐스테이트|15134|1|4|0.104|0.0|0.018|0.041|0.035|0.082|0.05|0.023|0.043|0.304|0.059|0.121|0.043|0.045|0.03
202403|43|41110|41130000|4115000000|부산|성남시|인계동|서초1동|NH2415|힐스테이트|5713|2|5|0.062|0.082|0.077|0.04|0.046|0.001|0.029|0.013|0.307|0.013|0.076|0.043|0.114|0.004|0.095
202403|46|41130|47110000|2611000000|인천|강남구|역삼동|서초1동|NH1460|자이|9350|1|6|0.038|0.042|0.089|0.047|0.052|0.035|0.083|0.019|0.092|0.009|0.103|0.011|0.049|0.079|0.25
202403|47|41130|27110000|1114000000|서울|성남시|역삼동|역삼1동|NH5137|자이|12441|1|5|0.222|0.091|0.249|0.051|0.019|0.003|0.071|0.083|0.025|0.0|0.032|0.056|0.008|0.013|0.075
202403|43|41110|28110000|4611000000|부산|서초구|역삼동|역삼1동|NH9355|자이|2157|2|3|0.063|0.098|0.128|0.011|0.095|0.085|0.01|0.074|0.179|0.011|0.009|0.051|0.038|0.117|0.03
202403|27|11200|44130000|2614000000|부산|성남시|역삼동|서초1동|NH2602|자이|13125|2|4|0.099|0.005|0.03|0.096|0.043|0.044|0.025|0.046|0.019|0.038|0.418|0.019|0.109|0.006|0.003
202403|47|28110|44130000|1114000000|인천|성남시|인계동|서초1동|NH5491|푸르지오|19720|1|3|0.003|0.202|0.019|0.06|0.036|0.055|0.007|0.022|0.092|0.269|0.073|0.023|0.008|0.033|0.097
202403|41|11170|43110000|2611000000|서울|성남시|인계동|역삼1동|NH6296|래미안|11900|x|6|0.024|0.01|0.11|0.035|0.164|0.024|0.018|0.107|0.038|0.031|0.112|0.02|0.186|0.002|0.119
202403|26|11110|47110000|1111000000|경기|강남구|역삼동|서초1동|NH9000|푸르지오|8253|1|6|0.032|0.019|0.028|0.236|0.027|0.019|0.053|0.043|0.081|0.046|0.036|0.025|0.006|0.219|0.129
202403|41|28110|11170000|2611000000|인천|강남구|역삼동|서초1동|NH4379|자이|14659|2|3|0.095|0.075|0.008|0.004|0.086|0.29|0.039|0.031|0.024|0.004|0.018|0.012|0.199|0.01|0.105
202403|41|43110|11140000|4311000000|인천|수원시|서초동|역삼1동|NH9271|힐스테이트|18089|1|6|0.075|0.04|0.039|0.017|0.003|0.035|0.037|0.013|0.006|0.077|0.243|0.198|0.002|0.122|0.093
202403|45|41110|43110000|2614000000|서울|강남구|서초동|역삼1동|NH9096|푸르지오|12910|1|4|0.097|0.036|0.056|0.052|0.131|0.009|0.019|0.034|0.119|0.025|0.027|0.12|0.031|0.072|0.172
202403|26|28110|42110000|2811000000|인천|서초구|서초동|서초1동|NH1341|힐스테이트|13478|2|6|0.022|0.015|0.007|0.148|0.062|0.007|0.025|0.083|0.136|0.283|0.035|0.024|0.027|0.055|0.072
202403|42|42110|43110000|4413000000|경기|서초구|역삼동|서초1동|NH2821|자이|3953|x|5|0.02|0.024|0.012|0.091|0.033|0.038|0.246|0.022|0.018|0.001|0.092|0.009|0.068|0.005|0.324
202403|43|28110|43110000|4113000000|서울|성남시|인계동|역삼1동|NH2376|푸르지오|8691|2|3|0.107|0.053|0.091|0.099|0.008|0.193|0.047|0.038|0.018|0.164|0.039|0.015|0.051|0.059|0.018
202403|42|41130|11170000|4511000000|서울|수원시|서초동|서초1동|NH2399|래미안|2316|2|6|0.2|0.034|0.013|0.144|0.19|0.031|0.074|0.008|0.015|0.133|0.016|0.046|0.031|0.052|0.014
202403|46|41150|42110000|4211000000|서울|성남시|서초동|역삼1동|NH7349|자이|16316|2|5|0.076|0.07|0.002|0.023|0.114|0.006|0.023|0.226|0.08|0.115|0.01|0.05|0.0|0.11|0.095
202403|11|11200|47110000|1111000000|서울|수원시|역삼동|역삼1동|NH7430|래미안|16742|2|5|0.005|0.128|0.005|0.034|0.067|0.049|0.189|0.076|0.073|0.104|0.017|0.134|0.042|0.0|0.077
202403|26|43110|11110000|4413000000|부산|수원시|역삼동|역삼1동|NH1209|푸르지오|6456|2|3|0.051|0.045|0.042|0.026|0.121|0.028|0.062|0.007|0.052|0.059|0.022|0.042|0.073|0.079|0.291
202403|44|11170|28110000|2711000000|경기|서초구|역삼동|역삼1동|NH7508|자이|10388|1|5|0.114|0.011|0.18|0.004|0.044|0.061|0.109|0.024|0.054|0.013|0.007|0.021|0.247|0.094|0.016
202403|44|45110|26110000|2611000000|인천|강남구|서초동|서초1동|NH4792|힐스테이트|5492|x|5|0.037|0.022|0.017|0.006|0.048|0.128|0.04|0.006|0.015|0.149|0.057|0.041|0.092|0.157|0.186
202403|43|44130|11170000|1111000000|서울|서초구|인계동|역삼1동|NH9696|푸르지오|17131|2|6|0.1|0.125|0.003|0.09|0.061|0.047|0.099|0.06|0.025|0.101|0.066|0.046|0.073|0.054|0.05
202403|11|41110|11140000|4311000000|인천|성남시|서초동|서초1동|NH4689|힐스테이트|10479|2|5|0.033|0.105|0.257|0.008|0.067|0.004|0.067|0.118|0.059|0.05|0.114|0.004|0.079|0.034|0.001
202403|44|44130|11170000|4413000000|인천|강남구|인계동|서초1동|NH5344|래미안|13173|1|3|0.247|0.011|0.131|0.01|0.022|0.043|0.104|0.166|0.001|0.002|0.027|0.096|0.013|0.103|0.024
202403|47|28110|42110000|4511000000|경기|수원시|역삼동|역삼1동|NH4187|힐스테이트|2197|1|3|0.058|0.018|0.044|0.005|0.023|0.041|0.026|0.024|0.042|0.035|0.002|0.035|0.171|0.281|0.195
202403|11|41150|11170000|2711000000|서울|성남시|서초동|서초1동|NH4116|래미안|10998|1|6|0.092|0.024|0.101|0.058|0.154|0.022|0.019|0.065|0.001|0.181|0.123|0.103|0.019|0.024|0.014
202403|46|11110|47110000|4111000000|서울|서초구|인계동|서초1동|NH3969|래미안|2308|x|3|0.134|0.018|0.038|0.058|0.052|0.219|0.041|0.103|0.101|0.009|0.169|0.008|0.029|0.013|0.006
202403|45|41110|11110000|2611000000|경기|성남시|역삼동|역삼1동|NH1364|래미안|19902|1|5|0.068|0.022|0.025|0.009|0.178|0.02|0.006|0.005|0.098|0.027|0.1|0.066|0.059|0.234|0.082
202403|41|42110|11110000|2611000000|부산|수원시|인계동|서초1동|NH9563|래미안|17327|2|2|0.156|0.025|0.011|0.015|0.068|0.035|0.007|0.07|0.215|0.032|0.042|0.094|0.043|0.096|0.092
202403|26|26140|42110000|4115000000|부산|서초구|서초동|역삼1동|NH3941|자이|7270|1|5|0.145|0.127|0.0|0.132|0.014|0.015|0.015|0.028|0.064|0.058|0.005|0.038|0.212|0.041|0.107
202403|44|26140|28110000|4115000000|인천|서초구|서초동|서초1동|NH7020|힐스테이트|19300|1|4|0.14|0.1|0.008|0.084|0.007|0.09|0.032|0.047|0.036|0.004|0.258|0.004|0.012|0.047|0.13
202403|27|43110|44130000|4511000000|부산|서초구|역삼동|역삼1동|NH7107|자이|10957|1|6|0.037|0.028|0.029|0.054|0.103|0.021|0.015|0.155|0.14|0.096|0.005|0.001|0.04|0.014|0.264
202403|27|11110|11110000|4611000000|인천|성남시|인계동|역삼1동|NH8154|푸르지오|13447|2|2|0.147|0.107|0.06|0.159|0.002|0.119|0.022|0.064|0.086|0.002|0.107|0.063|0.025|0.0|0.038
202403|42|27110|47110000|1120000000|부산|강남구|서초동|서초1동|NH4012|래미안|17386|x|3|0.007|0.029|0.013|0.079|0.097|0.097|0.071|0.023|0.044|0.094|0.018|0.207|0.044|0.038|0.139
202403|47|41150|11110000|4111000000|인천|성남시|인계동|서초1동|NH3006|래미안|10018|2|3|0.029|0.072|0.04|0.062|0.077|0.008|0.014|0.005|0.062|0.011|0.071|0.352|0.115|0.063|0.02
202403|47|26110|28110000|4413000000|경기|성남시|서초동|서초1동|NH8457|자이|4395|2|6|0.051|0.024|0.024|0.064|0.164|0.03|0.064|0.063|0.004|0.031|0.019|0.185|0.043|0.227|0.006
202403|41|41130|41130000|2611000000|경기|수원시|인계동|서초1동|NH2401|푸르지오|14082|1|6|0.023|0.044|0.034|0.025|0.12|0.127|0.003|0.103|0.136|0.037|0.03|0.195|0.008|0.09|0.025
202403|27|47110|46110000|4211000000|경기|서초구|역삼동|서초1동|NH7018|래미안|8038|x|3|0.028|0.026|0.007|0.013|0.056|0.065|0.062|0.213|0.03|0.084|0.041|0.232|0.112|0.009|0.024
202403|47|11110|26110000|1111000000|부산|수원시|역삼동|서초1동|NH4941|래미안|14341|1|6|0.011|0.122|0.018|0.019|0.186|0.047|0.012|0.141|0.018|0.092|0.076|0.049|0.014|0.159|0.035
202403|11|11140|41130000|4115000000|경기|서초구|서초동|서초1동|NH2476|래미안|19257|2|6|0.127|0.021|0.039|0.209|0.037|0.16|0.157|0.063|0.012|0.02|0.004|0.092|0.031|0.028|0.001
202403|45|44130|26140000|4511000000|서울|강남구|서초동|역삼1동|NH4376|래미안|9347|2|2|0.069|0.005|0.12|0.033|0.018|0.001|0.241|0.149|0.185|0.043|0.039|0.034|0.034|0.015|0.014
202403|43|26140|28110000|4611000000|서울|강남구|역삼동|역삼1동|NH8027|힐스테이트|17006|2|5|0.114|0.096|0.041|0.098|0.036|0.13|0.05|0.064|0.035|0.158|0.094|0.02|0.053|0.007|0.006
202403|47|26140|11200000|4711000000|인천|강남구|서초동|서초1동|NH7973|래미안|7267|1|3|0.06|0.015|0.27|0.127|0.069|0.018|0.004|0.081|0.034|0.045|0.01|0.074|0.069|0.085|0.039
202403|42|11170|41150000|4115000000|부산|성남시|역삼동|역삼1동|NH7880|자이|11808|1|2|0.064|0.01|0.119|0.085|0.16|0.032|0.092|0.069|0.008|0.004|0.02|0.07|0.029|0.126|0.112
202403|43|26110|46110000|4311000000|경기|서초구|역삼동|서초1동|NH4596|래미안|3669|1|2|0.05|0.028|0.227|0.006|0.046|0.05|0.096|0.021|0.021|0.022|0.16|0.086|0.038|0.082|0.069
202403|46|26140|28110000|1114000000|인천|성남시|역삼동|역삼1동|NH4706|자이|15764|1|4|0.003|0.008|0.03|0.113|0.177|0.085|0.019|0.023|0.013|0.06|0.327|0.005|0.019|0.038|0.08
202403|27|11110|42110000|1117000000|인천|수원시|서초동|역삼1동|NH7918|자이|17956|1|3|0.037|0.102|0.067|0.088|0.031|0.027|0.02|0.036|0.085|0.036|0.086|0.008|0.093|0.109|0.175
202403|43|41110|11200000|4211000000|인천|강남구|인계동|역삼1동|NH9814|자이|11708|1|4|0.293|0.007|0.121|0.014|0.048|0.022|0.02|0.035|0.091|0.186|0.027|0.042|0.012|0.027|0.053
202403|11|42110|11170000|2711000000|인천|강남구|인계동|역삼1동|NH2862|푸르지오|13398|2|6|0.216|0.038|0.171|0.02|0.094|0.091|0.024|0.012|0.041|0.001|0.126|0.029|0.004|0.058|0.074
202403|41|43110|28110000|4611000000|서울|수원시|역삼동|서초1동|NH2707|푸르지오|10851|1|3|0.073|0.026|0.173|0.038|0.002|0.029|0.124|0.016|0.055|0.019|0.006|0.221|0.131|0.075|0.013
202403|47|11140|46110000|1120000000|서울|강남구|인계동|역삼1동|NH1363|푸르지오|14298|1|2|0.009|0.067|0.001|0.017|0.053|0.211|0.024|0.158|0.024|0.043|0.032|0.064|0.245|0.016|0.037
202403|11|26110|11170000|4115000000|경기|서초구|인계동|역삼1동|NH1647|자이|8227|2|4|0.052|0.108|0.095|0.066|0.073|0.091|0.086|0.002|0.062|0.057|0.034|0.115|0.048|0.032|0.078
202403|41|41130|26140000|4611000000|서울|성남시|역삼동|역삼1동|NH4540|푸르지오|15679|2|5|0.057|0.063|0.041|0.034|0.025|0.037|0.025|0.17|0.123|0.05|0.026|0.045|0.01|0.256|0.038
202403|26|27110|27110000|4111000000|인천|수원시|서초동|역삼1동|NH8890|푸르지오|13103|2|2|0.194|0.237|0.014|0.008|0.037|0.051|0.019|0.093|0.178|0.02|0.006|0.044|0.007|0.079|0.012
202403|41|43110|11140000|4711000000|부산|수원시|역삼동|서초1동|NH3906|힐스테이트|7448|2|6|0.147|0.02|0.11|0.01|0.126|0.036|0.178|0.007|0.052|0.085|0.061|0.01|0.05|0.024|0.085
202403|42|11140|44130000|4211000000|서울|강남구|서초동|역삼1동|NH3193|푸르지오|10386|1|5|0.047|0.0|0.115|0.032|0.152|0.076|0.042|0.007|0.063|0.136|0.063|0.045|0.083|0.068|0.072
202403|26|27110|27110000|4511000000|인천|성남시|서초동|서초1동|NH7400|자이|10711|1|3|0.222|0.038|0.006|0.001|0.048|0.03|0.034|0.077|0.029|0.2|0.012|0.109|0.008|0.093|0.093
202403|43|42110|11200000|4311000000|인천|성남시|역삼동|서초1동|NH5837|푸르지오|2014|1|3|0.029|0.024|0.089|0.011|0.144|0.003|0.041|0.01|0.19|0.052|0.068|0.074|0.103|0.137|0.023
202403|42|43110|44130000|4211000000|경기|강남구|인계동|역삼1동|NH7810|힐스테이트|10435|1|3|0.062|0.07|0.061|0.032|0.005|0.441|0.044|0.008|0.001|0.095|0.01|0.005|0.022|0.034|0.108
202403|45|11170|41150000|4113000000|인천|성남시|인계동|역삼1동|NH5625|자이|14877|2|2|0.108|0.046|0.111|0.087|0.107|0.084|0.002|0.06|0.077|0.001|0.116|0.021|0.098|0.081|0.001
202403|41|42110|46110000|4115000000|서울|서초구|서초동|역삼1동|NH7605|푸르지오|3546|2|5|0.239|0.018|0.054|0.123|0.054|0.003|0.067|0.036|0.055|0.083|0.039|0.074|0.033|0.082|0.041
202403|44|45110|42110000|4611000000|부산|성남시|역삼동|서초1동|NH3753|푸르지오|19775|2|5|0.015|0.003|0.093|0.1|0.02|0.019|0.076|0.372|0.211|0.025|0.003|0.022|0.01|0.026|0.006
202403|26|11110|11170000|1111000000|부산|수원시|서초동|서초1동|NH5215|힐스테이트|10829|2|6|0.001|0.198|0.043|0.015|0.047|0.025|0.154|0.023|0.009|0.028|0.021|0.005|0.007|0.09|0.333
202403|27|42110|28110000|4413000000|부산|서초구|서초동|역삼1동|NH7318|힐스테이트|6903|1|3|0.001|0.008|0.028|0.016|0.079|0.142|0.073|0.021|0.015|0.085|0.03|0.197|0.032|0.067|0.206
202403|44|46110|26110000|4211000000|부산|서초구|역삼동|서초1동|NH3650|래미안|19343|1|5|0.058|0.044|0.045|0.103|0.01|0.125|0.062|0.018|0.021|0.031|0.028|0.134|0.03|0.266|0.024
202403|43|46110|46110000|4211000000|부산|강남구|인계동|역삼1동|NH1424|힐스테이트|3123|2|4|0.067|0.1|0.016|0.152|0.025|0.222|0.003|0.036|0.094|0.077|0.034|0.002|0.053|0.052|0.067
202403|43|45110|41150000|2614000000|부산|성남시|인계동|역삼1동|NH6497|래미안|17715|x|4|0.035|0.179|0.033|0.043|0.1|0.087|0.058|0.058|0.098|0.058|0.028|0.086|0.004|0.118|0.015
202403|41|42110|11200000|1111000000|서울|서초구|인계동|서초1동|NH4860|래미안|9862|1|6|0.117|0.076|0.016|0.027|0.1|0.049|0.025|0.057|0.022|0.022|0.175|0.226|0.027|0.038|0.023
202403|46|11200|41150000|4211000000|인천|서초구|인계동|역삼1동|NH4236|힐스테이트|13306|1|3|0.041|0.017|0.073|0.045|0.007|0.057|0.13|0.112|0.16|0.056|0.015|0.019|0.139|0.046|0.083
202403|43|11200|26140000|1117000000|인천|수원시|서초동|역삼1동|NH8689|자이|3433|2|6|0.009|0.164|0.01|0.018|0.007|0.131|0.016|0.077|0.132|0.104|0.038|0.001|0.173|0.059|0.06
202403|44|28110|46110000|2611000000|부산|강남구|역삼동|서초1동|NH7099|래미안|11371|1|6|0.052|0.129|0.034|0.011|0.001|0.016|0.105|0.039|0.013|0.187|0.056|0.11|0.091|0.024|0.131
202403|43|11200|11200000|4511000000|부산|성남시|서초동|서초1동|NH1431|푸르지오|17179|2|3|0.067|0.07|0.002|0.096|0.186|0.177|0.002|0.104|0.018|0.046|0.052|0.013|0.105|0.05|0.013
202403|46|45110|42110000|1111000000|부산|강남구|역삼동|서초1동|NH7850|힐스테이트|7253|1|3|0.22|0.066|0.073|0.027|0.056|0.043|0.08|0.033|0.067|0.044|0.048|0.005|0.21|0.001|0.027
202403|11|41130|42110000|4115000000|인천|성남시|인계동|서초1동|NH9188|힐스테이트|3657|2|3|0.127|0.034|0.161|0.054|0.166|0.013|0.009|0.099|0.086|0.009|0.046|0.074|0.029|0.09|0.003
202403|27|44130|43110000|4611000000|부산|수원시|역삼동|서초1동|NH1680|자이|12251|1|6|0.018|0.052|0.11|0.021|0.011|0.049|0.126|0.08|0.078|0.136|0.037|0.018|0.105|0.154|0.005
202403|27|44130|26110000|4413000000|부산|수원시|서초동|역삼1동|NH8923|자이|17976|1|5|0.002|0.097|0.005|0.245|0.01|0.142|0.128|0.008|0.062|0.048|0.086|0.043|0.032|0.041|0.05
202403|27|44130|41130000|1111000000|인천|강남구|인계동|역삼1동|NH5245|푸르지오|9434|2|4|0.004|0.053|0.071|0.147|0.074|0.185|0.0|0.069|0.043|0.017|0.091|0.047|0.107|0.052|0.039
202403|47|41110|44130000|1120000000|경기|성남시|인계동|서초1동|NH7447|자이|3894|2|5|0.131|0.033|0.073|0.005|0.009|0.019|0.066|0.017|0.054|0.137|0.051|0.089|0.125|0.09|0.1
202403|43|11140|47110000|1111000000|서울|서초구|서초동|서초1동|NH9046|래미안|9900|1|3|0.101|0.061|0.077|0.013|0.133|0.146|0.127|0.074|0.049|0.065|0.012|0.034|0.023|0.064|0.022
202403|11|44130|41110000|1111000000|서울|서초구|인계동|서초1동|NH7785|래미안|17070|2|6|0.025|0.036|0.027|0.112|0.023|0.157|0.03|0.057|0.015|0.016|0.022|0.316|0.145|0.001|0.018
202403|27|11110|11140000|1111000000|인천|성남시|인계동|역삼1동|NH4068|힐스테이트|19621|2|3|0.011|0.05|0.071|0.006|0.208|0.042|0.046|0.007|0.267|0.087|0.057|0.082|0.009|0.014|0.043
202403|42|11170|43110000|2811000000|인천|성남시|서초동|서초1동|NH8875|힐스테이트|16310|1|4|0.037|0.072|0.074|0.033|0.007|0.064|0.117|0.058|0.01|0.07|0.199|0.086|0.013|0.134|0.027
202403|26|41150|41150000|2614000000|부산|성남시|인계동|서초1동|NH3675|자이|15721|1|3|0.084|0.051|0.111|0.037|0.027|0.063|0.021|0.114|0.004|0.113|0.109|0.128|0.084|0.035|0.019
202403|46|11170|41110000|2711000000|인천|강남구|인계동|서초1동|NH2807|자이|11206|1|3|0.062|0.028|0.26|0.008|0.019|0.024|0.01|0.009|0.039|0.043|0.18|0.091|0.199|0.003|0.027
202403|27|45110|28110000|4711000000|경기|서초구|서초동|서초1동|NH3847|자이|19859|1|3|0.005|0.051|0.05|0.171|0.003|0.088|0.005|0.026|0.119|0.048|0.048|0.069|0.276|0.033|0.007
202403|45|42110|27110000|4711000000|경기|성남시|인계동|서초1동|NH1259|자이|2275|2|6|0.023|0.006|0.149|0.019|0.053|0.045|0.119|0.154|0.088|0.058|0.002|0.104|0.051|0.017|0.11
202403|44|44130|11140000|4611000000|서울|수원시|인계동|서초1동|NH3045|래미안|10220|2|3|0.156|0.052|0.034|0.026|0.142|0.011|0.051|0.021|0.005|0.187|0.081|0.107|0.019|0.043|0.064
202403|45|11170|26140000|4113000000|서울|수원시|서초동|서초1동|NH8467|푸르지오|2072|x|6|0.019|0.086|0.06|0.19|0.052|0.028|0.004|0.039|0.041|0.093|0.078|0.1|0.031|0.093|0.085
202403|45|11200|45110000|2611000000|경기|수원시|서초동|역삼1동|NH1159|래미안|15792|1|4|0.033|0.061|0.327|0.1|0.078|0.045|0.043|0.028|0.029|0.08|0.018|0.002|0.015|0.122|0.02
202403|26|46110|11110000|4113000000|서울|강남구|역삼동|서초1동|NH7145|푸르지오|8036|1|3|0.002|0.043|0.134|0.012|0.337|0.073|0.175|0.007|0.049|0.037|0.014|0.024|0.01|0.047|0.035
202403|11|41130|46110000|1120000000|부산|강남구|역삼동|역삼1동|NH8467|힐스테이트|11661|x|5|0.021|0.047|0.014|0.169|0.072|0.095|0.056|0.049|0.123|0.044|0.089|0.143|0.024|0.002|0.052
202403|27|11110|11110000|4311000000|부산|강남구|역삼동|역삼1동|NH4352|힐스테이트|13703|2|6|0.014|0.125|0.198|0.072|0.038|0.042|0.097|0.007|0.042|0.026|0.006|0.043|0.078|0.077|0.135
202403|46|43110|41130000|1117000000|부산|강남구|서초동|서초1동|NH8194|래미안|10105|x|5|0.149|0.115|0.008|0.057|0.091|0.074|0.109|0.08|0.003|0.068|0.001|0.089|0.022|0.056|0.078
202403|47|28110|41150000|1117000000|부산|성남시|역삼동|역삼1동|NH5685|래미안|10515|1|5|0.164|0.074|0.013|0.049|0.024|0.077|0.011|0.108|0.17|0.017|0.093|0.094|0.012|0.052|0.041
202403|41|47110|11200000|1120000000|부산|수원시|역삼동|역삼1동|NH3989|푸르지오|10119|2|4|0.057|0.128|0.055|0.078|0.111|0.051|0.024|0.071|0.066|0.003|0.055|0.064|0.027|0.078|0.13
202403|26|41150|11170000|4115000000|서울|서초구|서초동|역삼1동|NH8375|힐스테이트|5031|2|3|0.056|0.237|0.147|0.014|0.041|0.014|0.031|0.027|0.112|0.011|0.086|0.01|0.029|0.183|0.001
202403|27|11140|11140000|4113000000|인천|성남시|인계동|역삼1동|NH8803|푸르지오|2355|1|5|0.052|0.019|0.012|0.081|0.128|0.047|0.182|0.015|0.002|0.058|0.22|0.047|0.02|0.117|0.0
202403|43|41150|43110000|1117000000|경기|성남시|서초동|역삼1동|NH9937|힐스테이트|17700|2|3|0.073|0.031|0.117|0.005|0.021|0.01|0.028|0.021|0.011|0.044|0.444|0.023|0.031|0.062|0.078
202403|45|11110|27110000|2711000000|부산|강남구|서초동|역삼1동|NH5640|힐스테이트|9883|1|5|0.018|0.014|0.007|0.139|0.073|0.034|0.018|0.036|0.005|0.022|0.088|0.06|0.125|0.004|0.357
202403|44|42110|42110000|4711000000|부산|강남구|서초동|서초1동|NH9296|힐스테이트|19676|x|6|0.16|0.065|0.036|0.215|0.088|0.059|0.082|0.056|0.023|0.056|0.0|0.004|0.096|0.057|0.002
202403|41|28110|41150000|1114000000|인천|서초구|서초동|서초1동|NH9972|푸르지오|2462|2|6|0.06|0.015|0.306|0.034|0.089|0.048|0.069|0.002|0.054|0.125|0.041|0.069|0.025|0.027|0.038
202403|11|27110|11170000|1111000000|인천|서초구|역삼동|역삼1동|NH1050|래미안|17693|2|4|0.076|0.076|0.004|0.021|0.271|0.007|0.044|0.022|0.078|0.131|0.012|0.01|0.099|0.097|0.053
202403|45|47110|45110000|4115000000|인천|성남시|인계동|역삼1동|NH7921|푸르지오|6411|x|2|0.019|0.07|0.049|0.074|0.128|0.097|0.012|0.057|0.041|0.125|0.005|0.06|0.148|0.106|0.009
202403|45|11140|41110000|1117000000|인천|성남시|역삼동|서초1동|NH7896|자이|8923|1|3|0.006|0.145|0.109|0.006|0.179|0.028|0.01|0.001|0.065|0.068|0.113|0.04|0.05|0.081|0.099
202403|44|11140|27110000|1120000000|경기|수원시|인계동|서초1동|NH8101|래미안|3907|2|4|0.048|0.026|0.122|0.02|0.036|0.167|0.048|0.176|0.065|0.062|0.092|0.069|0.037|0.024|0.008
202403|27|41110|11140000|4111000000|경기|강남구|역삼동|서초1동|NH9625|자이|10191|2|4|0.169|0.03|0.049|0.041|0.213|0.026|0.004|0.149|0.042|0.013|0.017|0.196|0.008|0.007|0.036
202403|26|27110|43110000|4311000000|경기|강남구|인계동|서초1동|NH2735|푸르지오|15628|2|3|0.081|0.049|0.047|0.067|0.05|0.024|0.101|0.06|0.036|0.209|0.148|0.048|0.009|0.017|0.055
202403|41|43110|26110000|4511000000|부산|성남시|역삼동|서초1동|NH2481|자이|5566|x|4|0.039|0.019|0.03|0.126|0.329|0.069|0.02|0.053|0.028|0.005|0.148|0.001|0.069|0.052|0.012
202403|41|41150|28110000|1111000000|서울|강남구|인계동|역삼1동|NH2571|푸르지오|7448|1|4|0.057|0.083|0.057|0.132|0.021|0.001|0.01|0.053|0.177|0.101|0.161|0.027|0.024|0.083|0.014
202403|41|43110|11110000|4711000000|부산|강남구|서초동|역삼1동|NH1745|래미안|13393|1|5|0.015|0.094|0.094|0.07|0.043|0.031|0.005|0.042|0.166|0.055|0.068|0.231|0.015|0.016|0.055
202403|44|46110|41110000|4115000000|부산|성남시|역삼동|역삼1동|NH9590|힐스테이트|16448|1|3|0.005|0.015|0.003|0.147|0.002|0.072|0.147|0.049|0.001|0.232|0.003|0.037|0.078|0.176|0.033
202403|41|41110|41110000|4611000000|서울|성남시|서초동|서초1동|NH3320|힐스테이트|13852|1|6|0.008|0.141|0.046|0.001|0.019|0.064|0.003|0.06|0.055|0.004|0.049|0.478|0.025|0.033|0.015
202403|27|41150|43110000|2614000000|부산|성남시|서초동|서초1동|NH4869|힐스테이트|9705|1|6|0.026|0.015|0.027|0.01|0.105|0.145|0.067|0.057|0.07|0.018|0.095|0.264|0.053|0.015|0.032
202403|44|11170|45110000|2614000000|서울|서초구|역삼동|서초1동|NH4126|힐스테이트|9087|1|5|0.02|0.193|0.014|0.065|0.054|0.072|0.028|0.124|0.024|0.032|0.022|0.09|0.073|0.108|0.081
202403|42|46110|11170000|2711000000|부산|성남시|서초동|역삼1동|NH4250|자이|14356|2|5|0.026|0.016|0.008|0.062|0.152|0.055|0.198|0.061|0.176|0.007|0.017|0.035|0.015|0.07|0.101
202403|26|26140|11140000|4115000000|부산|성남시|인계동|서초1동|NH7619|자이|12462|1|5|0.092|0.052|0.099|0.008|0.104|0.043|0.071|0.064|0.178|0.052|0.011|0.007|0.019|0.127|0.073
202403|41|44130|27110000|4115000000|부산|성남시|인계동|역삼1동|NH3223|자이|5235|1|5|0.102|0.043|0.012|0.082|0.027|0.023|0.163|0.0|0.149|0.029|0.002|0.188|0.002|0.16|0.017
202403|26|41130|11200000|4111000000|부산|서초구|인계동|서초1동|NH8202|래미안|3363|2|3|0.0|0.013|0.073|0.006|0.103|0.145|0.153|0.136|0.015|0.112|0.123|0.01|0.025|0.072|0.014
202403|42|43110|11140000|4413000000|서울|서초구|서초동|서초1동|NH1489|힐스테이트|7322|1|4|0.106|0.059|0.061|0.015|0.034|0.047|0.023|0.163|0.052|0.101|0.173|0.052|0.016|0.035|0.062
202403|27|41150|11200000|4115000000|서울|수원시|서초동|서초1동|NH5794|래미안|7703|1|3|0.022|0.078|0.124|0.058|0.194|0.05|0.059|0.063|0.133|0.089|0.001|0.051|0.023|0.007|0.049
202403|45|26110|43110000|4711000000|경기|수원시|인계동|서초1동|NH6153|래미안|12447|1|6|0.002|0.014|0.012|0.015|0.243|0.018|0.022|0.131|0.017|0.014|0.075|0.054|0.015|0.136|0.232
202403|27|26140|42110000|1114000000|서울|강남구|역삼동|역삼1동|NH6565|푸르지오|19099|2|4|0.07|0.044|0.009|0.03|0.079|0.006|0.175|0.21|0.134|0.081|0.02|0.061|0.029|0.016|0.034
202403|27|43110|47110000|4711000000|경기|강남구|서초동|역삼1동|NH9882|푸르지오|12011|1|6|0.2|0.005|0.039|0.231|0.019|0.051|0.046|0.023|0.054|0.014|0.035|0.002|0.044|0.146|0.092
202403|41|46110|41130000|4115000000|서울|수원시|인계동|역삼1동|NH2321|래미안|16378|1|5|0.055|0.008|0.035|0.012|0.067|0.021|0.186|0.01|0.103|0.006|0.117|0.102|0.043|0.093|0.141
202403|44|26140|11110000|4311000000|서울|강남구|역삼동|서초1동|NH1587|푸르지오|18712|1|3|0.134|0.076|0.208|0.079|0.049|0.005|0.032|0.02|0.167|0.088|0.025|0.024|0.018|0.044|0.032
202403|46|41110|11140000|1117000000|경기|서초구|인계동|서초1동|NH2568|자이|14853|1|6|0.048|0.081|0.129|0.044|0.049|0.039|0.018|0.006|0.104|0.063|0.048|0.129|0.003|0.172|0.069
202403|43|45110|11110000|4211000000|경기|서초구|역삼동|역삼1동|NH5190|힐스테이트|15364|x|3|0.027|0.088|0.035|0.035|0.005|0.031|0.121|0.194|0.022|0.055|0.013|0.142|0.004|0.007|0.219
202403|26|41110|47110000|4413000000|경기|성남시|역삼동|역삼1동|NH1369|힐스테이트|13566|2|2|0.02|0.109|0.006|0.189|0.008|0.025|0.124|0.019|0.081|0.011|0.087|0.059|0.142|0.107|0.011
202403|47|11140|41150000|1117000000|서울|수원시|역삼동|서초1동|NH6910|푸르지오|7901|2|6|0.055|0.048|0.089|0.109|0.029|0.031|0.074|0.065|0.004|0.133|0.176|0.086|0.03|0.016|0.055
202403|41|11110|11110000|1117000000|인천|서초구|역삼동|역삼1동|NH9565|힐스테이트|4713|2|5|0.256|0.03|0.094|0.023|0.072|0.031|0.058|0.049|0.045|0.053|0.128|0.114|0.019|0.013|0.015
202403|11|11110|26110000|2614000000|서울|강남구|서초동|서초1동|NH4533|힐스테이트|2620|2|4|0.269|0.023|0.067|0.021|0.026|0.016|0.142|0.025|0.146|0.053|0.008|0.035|0.106|0.021|0.04
202403|27|41110|27110000|2711000000|경기|수원시|인계동|서초1동|NH6152|푸르지오|6948|2|5|0.019|0.046|0.072|0.061|0.003|0.172|0.094|0.019|0.059|0.07|0.058|0.004|0.136|0.001|0.186
202403|45|28110|41150000|4611000000|부산|성남시|인계동|역삼1동|NH5707|푸르지오|5832|1|4|0.11|0.094|0.063|0.041|0.052|0.034|0.119|0.056|0.011|0.123|0.1|0.021|0.108|0.045|0.024
202403|42|41130|46110000|1111000000|경기|수원시|역삼동|역삼1동|NH8476|힐스테이트|6949|1|5|0.061|0.001|0.043|0.225|0.0|0.16|0.058|0.091|0.056|0.078|0.075|0.027|0.044|0.012|0.069
202403|46|47110|46110000|4413000000|경기|서초구|역삼동|역삼1동|NH5049|힐스테이트|4770|2|3|0.037|0.04|0.036|0.007|0.013|0.027|0.078|0.084|0.26|0.009|0.083|0.143|0.052|0.001|0.128
202403|11|45110|41130000|4611000000|인천|성남시|인계동|서초1동|NH8964|래미안|2200|1|5|0.042|0.045|0.016|0.067|0.098|0.139|0.185|0.062|0.078|0.012|0.104|0.075|0.023|0.052|0.0
202403|47|27110|27110000|4611000000|부산|서초구|서초동|서초1동|NH9628|푸르지오|15362|2|3|0.033|0.021|0.131|0.049|0.232|0.005|0.008|0.044|0.153|0.083|0.051|0.041|0.015|0.028|0.107
202403|41|41110|28110000|4311000000|서울|성남시|역삼동|서초1동|NH5878|자이|8239|x|5|0.018|0.029|0.025|0.007|0.048|0.34|0.108|0.101|0.072|0.093|0.037|0.05|0.014|0.007|0.051
202403|42|41150|27110000|4211000000|서울|강남구|서초동|역삼1동|NH7464|자이|10785|x|2|0.017|0.029|0.073|0.004|0.01|0.007|0.073|0.053|0.001|0.22|0.055|0.124|0.256|0.05|0.026
202403|43|41130|47110000|2811000000|경기|성남시|서초동|역삼1동|NH1425|힐스테이트|5064|2|6|0.065|0.012|0.211|0.023|0.079|0.06|0.037|0.083|0.024|0.111|0.075|0.026|0.112|0.012|0.07
202403|47|44130|46110000|2811000000|서울|강남구|인계동|서초1동|NH6598|푸르지오|7369|2|5|0.153|0.072|0.011|0.228|0.018|0.09|0.045|0.094|0.16|0.023|0.004|0.041|0.018|0.002|0.04
202403|42|11110|26140000|4711000000|서울|성남시|역삼동|서초1동|NH1555|자이|5100|2|6|0.003|0.23|0.051|0.195|0.001|0.024|0.01|0.009|0.026|0.028|0.055|0.03|0.013|0.078|0.248
202403|26|45110|44130000|2611000000|부산|성남시|인계동|역삼1동|NH9645|푸르지오|15780|1|6|0.178|0.15|0.064|0.043|0.035|0.037|0.001|0.05|0.052|0.059|0.164|0.026|0.027|0.088|0.025
202403|41|45110|27110000|1111000000|서울|강남구|서초동|역삼1동|NH6550|래미안|13600|2|5|0.078|0.038|0.01|0.061|0.037|0.176|0.094|0.019|0.029|0.042|0.085|0.05|0.017|0.256|0.008
202403|47|28110|41150000|2711000000|경기|서초구|인계동|서초1동|NH2821|래미안|17071|2|6|0.06|0.194|0.078|0.015|0.021|0.077|0.166|0.052|0.003|0.022|0.02|0.105|0.01|0.157|0.018
202403|42|26110|28110000|4311000000|부산|수원시|인계동|역삼1동|NH9762|자이|19349|2|5|0.064|0.005|0.021|0.113|0.009|0.05|0.017|0.122|0.095|0.09|0.064|0.042|0.061|0.186|0.062
202403|26|26140|45110000|1120000000|경기|서초구|역삼동|서초1동|NH5847|자이|11762|1|6|0.112|0.037|0.171|0.026|0.048|0.002|0.111|0.047|0.085|0.01|0.104|0.033|0.161|0.043|0.011
202403|43|44130|46110000|1114000000|서울|성남시|인계동|역삼1동|NH6741|자이|9551|2|5|0.133|0.155|0.053|0.045|0.054|0.003|0.022|0.092|0.233|0.071|0.029|0.04|0.029|0.021|0.02
202403|45|45110|41150000|1120000000|경기|성남시|역삼동|서초1동|NH6100|푸르지오|5509|2|5|0.083|0.051|0.051|0.051|0.098|0.206|0.019|0.033|0.017|0.071|0.005|0.14|0.059|0.002|0.114
202403|45|11140|45110000|4115000000|서울|강남구|서초동|서초1동|NH2511|푸르지오|17439|2|4|0.154|0.08|0.043|0.014|0.01|0.045|0.119|0.065|0.025|0.088|0.035|0.084|0.085|0.131|0.02
202403|46|11170|11110000|4111000000|경기|강남구|역삼동|역삼1동|NH6418|힐스테이트|5935|2|5|0.004|0.001|0.058|0.026|0.007|0.049|0.033|0.024|0.134|0.1|0.119|0.182|0.059|0.09|0.113
202403|27|45110|26110000|1120000000|인천|수원시|서초동|역삼1동|NH9070|래미안|11787|1|6|0.033|0.005|0.226|0.13|0.119|0.087|0.033|0.03|0.006|0.017|0.038|0.022|0.102|0.12|0.031
202403|26|26140|47110000|4611000000|부산|서초구|서초동|역삼1동|NH8214|자이|3310|2|4|0.107|0.084|0.252|0.01|0.042|0.048|0.0|0.044|0.012|0.031|0.025|0.178|0.059|0.011|0.096
202403|26|11200|41110000|4711000000|부산|서초구|역삼동|서초1동|NH5049|래미안|8207|1|6|0.015|0.035|0.04|0.219|0.027|0.036|0.014|0.132|0.117|0.027|0.094|0.025|0.021|0.169|0.027
202403|47|44130|26140000|4115000000|서울|강남구|역삼동|서초1동|NH7972|푸르지오|4333|2|6|0.012|0.019|0.03|0.022|0.092|0.168|0.069|0.017|0.098|0.001|0.111|0.127|0.022|0.083|0.13
202403|27|41130|11200000|4611000000|부산|수원시|서초동|서초1동|NH6254|푸르지오|2099|x|3|0.013|0.0|0.006|0.015|0.086|0.219|0.039|0.134|0.236|0.009|0.018|0.118|0.028|0.015|0.064
202403|45|28110|11200000|1111000000|서울|수원시|역삼동|서초1동|NH8006|푸르지오|11973|x|6|0.109|0.079|0.049|0.025|0.001|0.034|0.087|0.101|0.079|0.023|0.061|0.007|0.149|0.002|0.192
202403|42|27110|27110000|4511000000|경기|수원시|인계동|서초1동|NH7943|힐스테이트|12726|1|6|0.055|0.01|0.022|0.085|0.013|0.091|0.115|0.027|0.018|0.027|0.084|0.068|0.028|0.248|0.11
202403|11|11110|26110000|4511000000|서울|강남구|인계동|서초1동|NH5736|푸르지오|6977|2|6|0.04|0.068|0.053|0.065|0.009|0.073|0.003|0.2|0.077|0.016|0.017|0.047|0.085|0.202|0.044
202403|44|41110|27110000|4413000000|부산|수원시|서초동|서초1동|NH1719|푸르지오|10623|2|3|0.056|0.043|0.107|0.112|0.123|0.027|0.16|0.019|0.104|0.14|0.01|0.02|0.003|0.017|0.059
202403|47|11140|28110000|1114000000|인천|강남구|역삼동|역삼1동|NH2756|힐스테이트|2394|1|2|0.013|0.037|0.062|0.105|0.095|0.15|0.195|0.076|0.017|0.072|0.002|0.125|0.031|0.008|0.013
202403|44|45110|11200000|4611000000|경기|수원시|인계동|역삼1동|NH5991|힐스테이트|11191|2|4|0.085|0.064|0.005|0.03|0.062|0.137|0.176|0.153|0.037|0.024|0.051|0.06|0.011|0.015|0.091
202403|45|41130|44130000|1117000000|인천|수원시|인계동|서초1동|NH4031|푸르지오|7862|1|3|0.005|0.022|0.062|0.019|0.021|0.042|0.023|0.17|0.039|0.168|0.028|0.041|0.15|0.128|0.082
202403|46|43110|43110000|4611000000|부산|성남시|서초동|서초1동|NH4288|자이|12446|2|3|0.052|0.086|0.056|0.036|0.062|0.047|0.034|0.021|0.073|0.012|0.034|0.275|0.113|0.062|0.037
202403|47|26140|27110000|1117000000|서울|수원시|인계동|서초1동|NH7895|푸르지오|8350|2|6|0.016|0.058|0.086|0.03|0.14|0.029|0.125|0.164|0.094|0.09|0.067|0.002|0.072|0.023|0.006
202403|46|46110|43110000|2711000000|인천|강남구|역삼동|서초1동|NH5164|자이|19293|2|5|0.024|0.082|0.026|0.2|0.04|0.04|0.113|0.047|0.048|0.062|0.084|0.007|0.126|0.077|0.024
202403|45|11170|11140000|2611000000|경기|수원시|서초동|역삼1동|NH5719|자이|8823|1|6|0.018|0.028|0.024|0.037|0.083|0.131|0.102|0.004|0.134|0.039|0.062|0.077|0.087|0.154|0.021
202403|42|26140|11140000|4111000000|인천|서초구|서초동|서초1동|NH5020|푸르지오|13969|1|5|0.145|0.038|0.038|0.011|0.011|0.121|0.231|0.027|0.001|0.013|0.004|0.066|0.036|0.223|0.035
202403|46|41130|26110000|4711000000|부산|성남시|역삼동|역삼1동|NH8590|래미안|19462|2|3|0.062|0.005|0.155|0.018|0.04|0.122|0.102|0.131|0.005|0.044|0.034|0.007|0.216|0.023|0.037
202403|42|42110|11110000|2811000000|서울|수원시|인계동|서초1동|NH6089|자이|6051|2|4|0.194|0.1|0.009|0.146|0.182|0.046|0.01|0.016|0.048|0.054|0.028|0.019|0.026|0.085|0.037
202403|26|42110|47110000|4511000000|부산|강남구|역삼동|서초1동|NH7250|힐스테이트|6952|2|5|0.021|0.011|0.029|0.046|0.018|0.079|0.114|0.112|0.081|0.074|0.037|0.235|0.018|0.023|0.103
202403|45|43110|41110000|4711000000|서울|수원시|인계동|서초1동|NH9160|푸르지오|3584|2|5|0.042|0.015|0.006|0.047|0.056|0.004|0.069|0.049|0.105|0.047|0.106|0.242|0.037|0.016|0.16
202403|45|11140|11110000|1117000000|인천|서초구|역삼동|역삼1동|NH5196|자이|9158|1|5|0.032|0.034|0.263|0.029|0.045|0.023|0.026|0.098|0.06|0.205|0.05|0.051|0.045|0.03|0.008
202403|27|41110|41150000|4111000000|경기|서초구|서초동|역삼1동|NH7391|래미안|6072|1|2|0.072|0.014|0.055|0.01|0.036|0.088|0.187|0.083|0.02|0.013|0.166|0.009|0.01|0.077|0.16
202403|46|44130|47110000|2811000000|서울|성남시|서초동|서초1동|NH3809|래미안|14149|2|5|0.062|0.053|0.115|0.131|0.067|0.223|0.133|0.007|0.007|0.01|0.01|0.074|0.034|0.014|0.062
202403|11|41110|43110000|1117000000|부산|강남구|서초동|역삼1동|NH7316|힐스테이트|6262|2|4|0.008|0.07|0.123|0.054|0.032|0.041|0.099|0.258|0.133|0.01|0.06|0.037|0.023|0.048|0.004
202403|44|45110|45110000|4413000000|경기|성남시|서초동|서초1동|NH6115|푸르지오|6880|1|5|0.017|0.012|0.063|0.152|0.185|0.046|0.086|0.071|0.087|0.029|0.118|0.019|0.022|0.024|0.067
202403|27|11110|11200000|4211000000|서울|서초구|서초동|역삼1동|NH2210|자이|13357|1|5|0.072|0.041|0.121|0.074|0.078|0.071|0.04|0.03|0.021|0.05|0.014|0.084|0.01|0.097|0.198
202403|41|41150|11140000|2611000000|인천|성남시|서초동|서초1동|NH4127|래미안|11059|1|6|0.018|0.164|0.012|0.045|0.237|0.017|0.008|0.021|0.005|0.042|0.073|0.143|0.104|0.085|0.028
202403|11|11110|26140000|2614000000|부산|성남시|역삼동|서초1동|NH7994|자이|3799|2|5|0.013|0.006|0.103|0.041|0.054|0.003|0.028|0.056|0.399|0.006|0.074|0.075|0.029|0.04|0.072
202403|27|47110|28110000|1111000000|인천|수원시|역삼동|역삼1동|NH6875|자이|12103|1|3|0.028|0.07|0.057|0.032|0.019|0.02|0.082|0.183|0.017|0.097|0.18|0.087|0.035|0.056|0.038
202403|27|47110|11140000|1111000000|부산|수원시|인계동|서초1동|NH5163|자이|4367|2|3|0.087|0.026|0.122|0.011|0.025|0.135|0.011|0.159|0.0|0.177|0.086|0.015|0.122|0.015|0.01
202403|26|44130|26140000|4711000000|서울|성남시|인계동|역삼1동|NH5379|푸르지오|16160|1|6|0.0|0.053|0.074|0.055|0.017|0.022|0.133|0.307|0.036|0.024|0.04|0.034|0.023|0.091|0.09
202403|43|11140|45110000|2811000000|인천|수원시|역삼동|역삼1동|NH2238|힐스테이트|5980|1|3|0.006|0.162|0.012|0.017|0.02|0.069|0.01|0.041|0.033|0.118|0.049|0.186|0.067|0.15|0.06
202403|46|26110|28110000|1111000000|부산|강남구|인계동|역삼1동|NH1537|래미안|16282|1|5|0.046|0.084|0.133|0.165|0.129|0.017|0.051|0.126|0.028|0.049|0.038|0.049|0.066|0.018|0.0
202403|46|26140|47110000|4211000000|부산|서초구|역삼동|서초1동|NH3468|힐스테이트|5256|1|4|0.188|0.15|0.011|0.004|0.001|0.038|0.053|0.053|0.125|0.042|0.153|0.085|0.055|0.033|0.007
202403|41|45110|45110000|4311000000|부산|강남구|역삼동|역삼1동|NH2303|자이|14974|2|3|0.032|0.041|0.088|0.109|0.143|0.144|0.07|0.03|0.031|0.0|0.187|0.012|0.015|0.047|0.052
202403|45|28110|47110000|4711000000|부산|강남구|역삼동|서초1동|NH1272|래미안|19071|1|4|0.086|0.006|0.098|0.241|0.045|0.034|0.021|0.124|0.042|0.023|0.046|0.021|0.007|0.096|0.109
202403|27|42110|41150000|1111000000|인천|성남시|인계동|역삼1동|NH7784|래미안|9137|2|6|0.066|0.034|0.125|0.079|0.02|0.016|0.016|0.063|0.195|0.025|0.104|0.051|0.028|0.072|0.103
202403|47|11140|47110000|4611000000|부산|수원시|서초동|서초1동|NH3702|자이|16354|2|4|0.005|0.044|0.071|0.092|0.157|0.166|0.119|0.012|0.028|0.047|0.073|0.031|0.007|0.001|0.147
202403|27|43110|46110000|2611000000|경기|강남구|역삼동|서초1동|NH9746|래미안|7191|1|3|0.035|0.098|0.099|0.065|0.12|0.021|0.056|0.028|0.162|0.085|0.131|0.045|0.034|0.017|0.005
202403|27|41150|28110000|4115000000|서울|성남시|역삼동|역삼1동|NH4859|힐스테이트|13136|2|6|0.034|0.115|0.051|0.005|0.088|0.008|0.043|0.082|0.017|0.097|0.334|0.015|0.072|0.016|0.022
202403|42|28110|26110000|2611000000|인천|강남구|역삼동|역삼1동|NH6163|푸르지오|10128|2|2|0.093|0.105|0.052|0.007|0.042|0.072|0.001|0.057|0.095|0.007|0.061|0.085|0.245|0.047|0.031
202403|11|28110|27110000|4311000000|부산|성남시|인계동|역삼1동|NH5309|힐스테이트|19342|2|4|0.121|0.167|0.002|0.048|0.003|0.117|0.066|0.007|0.06|0.017|0.076|0.211|0.013|0.055|0.036
202403|27|11140|46110000|4311000000|서울|성남시|역삼동|역삼1동|NH7917|푸르지오|19509|1|3|0.053|0.023|0.087|0.013|0.115|0.05|0.138|0.024|0.031|0.122|0.021|0.077|0.153|0.004|0.089
202403|42|11200|26140000|4413000000|인천|성남시|서초동|역삼1동|NH6873|힐스테이트|6150|1|3|0.018|0.034|0.081|0.05|0.091|0.056|0.003|0.112|0.089|0.099|0.198|0.057|0.077|0.007|0.027
202403|27|43110|11140000|4511000000|서울|서초구|역삼동|역삼1동|NH4761|힐스테이트|15212|2|6|0.02|0.032|0.042|0.096|0.171|0.033|0.022|0.017|0.151|0.02|0.026|0.034|0.135|0.18|0.019
202403|41|41150|44130000|4111000000|서울|성남시|인계동|서초1동|NH1975|자이|16998|2|6|0.018|0.03|0.026|0.25|0.147|0.09|0.064|0.061|0.013|0.152|0.056|0.012|0.028|0.041|0.013
202403|45|26140|41110000|2711000000|인천|성남시|서초동|역삼1동|NH6550|힐스테이트|4121|x|6|0.037|0.003|0.031|0.159|0.013|0.191|0.129|0.022|0.127|0.041|0.012|0.019|0.062|0.111|0.044
202403|44|28110|45110000|4113000000|서울|서초구|서초동|역삼1동|NH4576|래미안|19748|2|6|0.118|0.127|0.027|0.174|0.061|0.047|0.02|0.103|0.024|0.018|0.105|0.048|0.028|0.082|0.017
202403|44|47110|41150000|4511000000|경기|강남구|서초동|서초1동|NH9209|푸르지오|8724|1|4|0.044|0.041|0.072|0.109|0.076|0.037|0.007|0.028|0.117|0.049|0.015|0.052|0.07|0.245|0.037
202403|44|42110|26140000|1114000000|인천|성남시|서초동|역삼1동|NH8870|힐스테이트|2806|1|5|0.06|0.001|0.028|0.014|0.095|0.117|0.073|0.064|0.055|0.011|0.163|0.143|0.0|0.157|0.02
202403|27|11200|41130000|2611000000|서울|수원시|인계동|역삼1동|NH1190|푸르지오|16489|1|6|0.028|0.019|0.012|0.05|0.057|0.193|0.077|0.092|0.061|0.078|0.023|0.171|0.049|0.046|0.043
202403|43|27110|44130000|1117000000|인천|성남시|역삼동|역삼1동|NH1838|푸르지오|4785|1|6|0.032|0.082|0.066|0.011|0.079|0.038|0.139|0.072|0.061|0.057|0.118|0.083|0.042|0.016|0.103
202403|47|46110|28110000|2811000000|인천|수원시|서초동|역삼1동|NH5250|래미안|5482|2|4|0.049|0.014|0.127|0.007|0.068|0.236|0.067|0.202|0.006|0.072|0.023|0.04|0.018|0.02|0.052
202403|44|42110|27110000|1111000000|서울|성남시|서초동|역삼1동|NH5520|래미안|9506|2|5|0.034|0.01|0.1|0.053|0.071|0.068|0.221|0.023|0.052|0.021|0.029|0.053|0.225|0.03|0.009
202403|27|41130|26140000|4211000000|경기|성남시|서초동|역삼1동|NH5776|힐스테이트|2178|1|6|0.008|0.109|0.165|0.033|0.119|0.023|0.055|0.046|0.051|0.086|0.018|0.114|0.044|0.015|0.114
202403|27|47110|26140000|4111000000|경기|수원시|서초동|역삼1동|NH4440|래미안|11168|1|4|0.019|0.062|0.038|0.009|0.007|0.205|0.021|0.058|0.095|0.023|0.08|0.178|0.004|0.12|0.082
202403|45|26140|11110000|4113000000|경기|강남구|인계동|역삼1동|NH5263|래미안|14512|2|4|0.07|0.035|0.007|0.02|0.034|0.035|0.093|0.076|0.068|0.025|0.164|0.036|0.066|0.162|0.108
202403|44|27110|42110000|4113000000|인천|서초구|서초동|서초1동|NH7058|래미안|19738|x|3|0.012|0.01|0.101|0.043|0.155|0.082|0.113|0.009|0.019|0.116|0.032|0.025|0.072|0.127|0.084
202403|41|11200|45110000|2711000000|부산|수원시|인계동|서초1동|NH9261|자이|11666|1|3|0.155|0.037|0.017|0.056|0.124|0.177|0.01|0.029|0.052|0.008|0.045|0.03|0.006|0.1|0.152
202403|43|28110|41130000|1117000000|인천|서초구|인계동|서초1동|NH9412|푸르지오|8273|1|6|0.045|0.015|0.239|0.076|0.07|0.063|0.061|0.009|0.07|0.043|0.047|0.049|0.068|0.058|0.086
202403|45|47110|11140000|2614000000|부산|성남시|역삼동|서초1동|NH9757|자이|11059|x|3|0.024|0.004|0.158|0.003|0.043|0.078|0.048|0.07|0.163|0.101|0.034|0.068|0.053|0.04|0.112
202403|42|11110|43110000|2614000000|경기|성남시|서초동|역삼1동|NH2628|래미안|9009|x|2|0.043|0.021|0.134|0.083|0.0|0.01|0.09|0.108|0.034|0.096|0.035|0.071|0.094|0.107|0.076
202403|44|47110|11110000|2614000000|경기|강남구|역삼동|서초1동|NH6917|푸르지오|4460|2|4|0.006|0.04|0.062|0.062|0.153|0.026|0.304|0.141|0.008|0.004|0.001|0.025|0.059|0.092|0.018
202403|43|45110|41110000|1111000000|부산|서초구|역삼동|역삼1동|NH9440|힐스테이트|17602|2|4|0.017|0.103|0.043|0.142|0.128|0.054|0.036|0.038|0.025|0.065|0.094|0.014|0.076|0.062|0.105
202403|27|45110|44130000|4115000000|인천|성남시|역삼동|서초1동|NH2107|힐스테이트|4455|1|6|0.034|0.048|0.153|0.154|0.055|0.032|0.081|0.142|0.049|0.012|0.015|0.096|0.02|0.052|0.057
202403|42|26140|28110000|2811000000|인천|강남구|역삼동|서초1동|NH2652|힐스테이트|2073|2|2|0.019|0.176|0.065|0.005|0.21|0.052|0.244|0.044|0.106|0.012|0.003|0.035|0.01|0.017|0.0
202403|47|43110|11110000|4115000000|경기|성남시|역삼동|역삼1동|NH5931|래미안|18883|2|6|0.021|0.063|0.004|0.069|0.014|0.017|0.128|0.035|0.106|0.061|0.036|0.061|0.056|0.31|0.019
202403|43|47110|41150000|4115000000|경기|성남시|서초동|서초1동|NH7313|자이|14137|2|5|0.019|0.054|0.017|0.142|0.014|0.093|0.063|0.02|0.081|0.249|0.025|0.13|0.053|0.039|0.002
202403|46|41150|26110000|4115000000|인천|서초구|서초동|역삼1동|NH8823|자이|10440|1|3|0.051|0.115|0.044|0.04|0.08|0.114|0.011|0.024|0.061|0.067|0.005|0.092|0.047|0.195|0.055
202403|11|27110|26140000|1120000000|부산|수원시|역삼동|역삼1동|NH8735|힐스테이트|6332|2|5|0.023|0.02|0.023|0.034|0.005|0.121|0.173|0.074|0.237|0.053|0.003|0.056|0.009|0.013|0.158
202403|26|44130|26110000|2614000000|인천|성남시|역삼동|역삼1동|NH3578|힐스테이트|7818|2|5|0.033|0.007|0.028|0.014|0.002|0.03|0.207|0.046|0.012|0.138|0.11|0.088|0.074|0.186|0.024
202403|45|41110|45110000|1111000000|서울|강남구|역삼동|서초1동|NH6221|푸르지오|2168|1|4|0.036|0.013|0.025|0.281|0.009|0.018|0.023|0.056|0.01|0.15|0.006|0.021|0.232|0.031|0.091
202403|44|26140|26140000|4211000000|서울|강남구|인계동|서초1동|NH5700|푸르지오|11027|1|5|0.119|0.038|0.068|0.028|0.125|0.016|0.07|0.018|0.079|0.024|0.091|0.2|0.023|0.077|0.026
202403|27|27110|44130000|2611000000|부산|서초구|인계동|역삼1동|NH9787|힐스테이트|19190|1|2|0.01|0.147|0.067|0.234|0.062|0.134|0.033|0.015|0.053|0.0|0.024|0.053|0.02|0.103|0.048
202403|45|47110|11200000|4113000000|부산|강남구|역삼동|서초1동|NH2323|자이|9218|1|6|0.034|0.007|0.05|0.072|0.164|0.181|0.001|0.071|0.011|0.054|0.088|0.149|0.011|0.005|0.104
202403|41|42110|26140000|1120000000|서울|수원시|서초동|역삼1동|NH1035|푸르지오|19685|2|2|0.127|0.026|0.12|0.006|0.152|0.068|0.014|0.105|0.127|0.187|0.0|0.024|0.006|0.037|0.003
202403|45|27110|47110000|1117000000|서울|성남시|인계동|서초1동|NH1119|힐스테이트|10561|2|5|0.191|0.033|0.028|0.018|0.018|0.148|0.045|0.1|0.245|0.081|0.001|0.043|0.012|0.025|0.011
202403|47|46110|41150000|2811000000|인천|강남구|역삼동|역삼1동|NH5266|자이|14590|1|4|0.041|0.029|0.336|0.154|0.027|0.0|0.038|0.017|0.058|0.087|0.07|0.011|0.074|0.049|0.008
202403|47|47110|27110000|4413000000|인천|강남구|서초동|서초1동|NH6912|자이|7447|2|5|0.125|0.037|0.074|0.008|0.02|0.017|0.119|0.13|0.112|0.157|0.039|0.067|0.027|0.039|0.029
202403|45|11170|41150000|4311000000|서울|성남시|인계동|역삼1동|NH8842|래미안|11706|2|3|0.001|0.032|0.014|0.178|0.034|0.059|0.034|0.08|0.003|0.221|0.021|0.069|0.035|0.077|0.142
202403|11|11170|11140000|2614000000|경기|서초구|인계동|서초1동|NH8034|자이|16524|2|6|0.046|0.069|0.116|0.185|0.085|0.039|0.003|0.002|0.024|0.074|0.047|0.136|0.011|0.15|0.013
202403|26|26110|41110000|1114000000|인천|강남구|역삼동|서초1동|NH2825|자이|10476|1|5|0.023|0.128|0.039|0.001|0.075|0.232|0.039|0.055|0.037|0.029|0.069|0.059|0.01|0.184|0.02
202403|45|45110|47110000|4115000000|경기|성남시|역삼동|역삼1동|NH1137|래미안|15280|1|2|0.011|0.216|0.047|0.005|0.244|0.003|0.044|0.041|0.121|0.126|0.0|0.011|0.071|0.045|0.013
202403|45|27110|43110000|4611000000|부산|서초구|인계동|서초1동|NH5614|래미안|2844|2|5|0.075|0.064|0.017|0.009|0.018|0.161|0.006|0.002|0.231|0.033|0.045|0.088|0.063|0.166|0.023
202403|43|41130|11140000|4311000000|서울|서초구|서초동|서초1동|NH7793|힐스테이트|14113|1|5|0.058|0.015|0.027|0.092|0.085|0.08|0.008|0.049|0.046|0.082|0.016|0.086|0.033|0.198|0.123
202403|27|44130|43110000|2611000000|인천|강남구|역삼동|역삼1동|NH8269|래미안|13642|2|2|0.084|0.003|0.108|0.001|0.18|0.021|0.236|0.023|0.023|0.065|0.079|0.018|0.04|0.033|0.086
202403|44|26140|11200000|4413000000|경기|성남시|인계동|역삼1동|NH8441|자이|13416|1|4|0.074|0.006|0.201|0.095|0.062|0.039|0.032|0.147|0.092|0.113|0.016|0.078|0.011|0.031|0.002
202403|27|28110|11140000|2614000000|경기|서초구|서초동|서초1동|NH2898|푸르지오|3658|2|4|0.035|0.061|0.013|0.053|0.166|0.015|0.043|0.044|0.113|0.151|0.012|0.104|0.011|0.15|0.029
202403|44|47110|42110000|4611000000|서울|강남구|역삼동|서초1동|NH6476|자이|4356|2|5|0.012|0.036|0.029|0.007|0.055|0.199|0.024|0.073|0.007|0.066|0.043|0.001|0.174|0.246|0.026
202403|44|11110|28110000|4311000000|경기|성남시|인계동|서초1동|NH8867|자이|14051|1|5|0.051|0.01|0.07|0.088|0.022|0.006|0.061|0.102|0.068|0.128|0.1|0.06|0.049|0.114|0.072
202403|45|45110|26140000|2611000000|서울|성남시|서초동|서초1동|NH9310|래미안|17523|2|5|0.003|0.172|0.072|0.082|0.012|0.16|0.02|0.032|0.039|0.001|0.008|0.023|0.012|0.066|0.298
202403|44|11110|28110000|4611000000|경기|성남시|인계동|역삼1동|NH1407|래미안|2157|x|2|0.106|0.012|0.288|0.009|0.032|0.047|0.001|0.002|0.012|0.114|0.002|0.107|0.009|0.096|0.164
202403|42|11200|41110000|2711000000|경기|강남구|역삼동|서초1동|NH7391|래미안|8409|2|6|0.049|0.03|0.025|0.01|0.017|0.015|0.001|0.012|0.083|0.405|0.007|0.118|0.158|0.008|0.064
202403|11|43110|44130000|1117000000|인천|서초구|서초동|역삼1동|NH1639|래미안|7872|1|6|0.12|0.038|0.024|0.089|0.041|0.01|0.019|0.041|0.014|0.363|0.07|0.006|0.006|0.044|0.114
202403|11|42110|41130000|4115000000|서울|서초구|서초동|서초1동|NH3094|힐스테이트|16263|2|2|0.023|0.068|0.016|0.296|0.077|0.047|0.104|0.113|0.018|0.004|0.003|0.076|0.12|0.017|0.017
202403|26|43110|28110000|1120000000|서울|성남시|역삼동|역삼1동|NH9759|래미안|13083|x|6|0.009|0.152|0.043|0.098|0.033|0.034|0.01|0.008|0.038|0.063|0.136|0.246|0.035|0.029|0.066
202403|41|11170|45110000|1111000000|서울|서초구|서초동|서초1동|NH5612|래미안|17475|1|5|0.126|0.029|0.066|0.139|0.06|0.111|0.066|0.01|0.03|0.012|0.161|0.045|0.024|0.073|0.048
202403|43|26110|28110000|4113000000|경기|성남시|서초동|서초1동|NH8988|래미안|4850|1|2|0.089|0.045|0.032|0.041|0.04|0.033|0.094|0.051|0.046|0.309|0.086|0.038|0.021|0.069|0.004
202403|42|41110|42110000|1120000000|서울|강남구|인계동|서초1동|NH2164|래미안|19200|1|6|0.065|0.2|0.013|0.066|0.019|0.007|0.07|0.051|0.058|0.124|0.004|0.083|0.062|0.041|0.134
202403|44|44130|28110000|1120000000|서울|성남시|역삼동|서초1동|NH8446|힐스테이트|10901|x|4|0.026|0.035|0.118|0.05|0.053|0.2|0.042|0.024|0.069|0.022|0.115|0.038|0.143|0.062|0.004
202403|45|41150|45110000|2614000000|부산|수원시|역삼동|서초1동|NH4901|자이|10852|2|4|0.012|0.243|0.038|0.112|0.031|0.064|0.057|0.028|0.04|0.007|0.084|0.002|0.161|0.088|0.032
202403|46|45110|41110000|1120000000|부산|서초구|역삼동|역삼1동|NH3275|힐스테이트|5473|x|4|0.135|0.034|0.156|0.058|0.005|0.152|0.054|0.022|0.003|0.004|0.102|0.032|0.062|0.051|0.13
202403|42|11110|27110000|4311000000|서울|수원시|역삼동|서초1동|NH5124|힐스테이트|2333|2|5|0.1|0.015|0.18|0.029|0.048|0.112|0.02|0.069|0.074|0.004|0.014|0.016|0.22|0.074|0.025
202403|27|11110|11170000|4311000000|인천|수원시|역삼동|역삼1동|NH6056|푸르지오|3453|2|6|0.071|0.027|0.073|0.056|0.007|0.13|0.016|0.128|0.068|0.07|0.104|0.131|0.067|0.037|0.015
202403|26|27110|46110000|4113000000|서울|서초구|서초동|역삼1동|NH5966|자이|7229|2|5|0.26|0.005|0.016|0.07|0.029|0.095|0.047|0.148|0.029|0.013|0.184|0.049|0.001|0.007|0.046
202403|47|44130|41110000|1117000000|경기|성남시|인계동|서초1동|NH3487|힐스테이트|11621|x|3|0.125|0.025|0.136|0.193|0.027|0.064|0.043|0.011|0.126|0.0|0.06|0.066|0.017|0.044|0.064
202403|47|26110|41150000|1117000000|서울|강남구|역삼동|서초1동|NH3056|푸르지오|7142|2|4|0.026|0.032|0.037|0.022|0.224|0.226|0.009|0.053|0.112|0.034|0.067|0.013|0.033|0.0|0.11
202403|11|41130|47110000|4413000000|서울|서초구|인계동|서초1동|NH6729|푸르지오|3748|2|3|0.005|0.194|0.066|0.005|0.095|0.071|0.085|0.026|0.155|0.022|0.182|0.025|0.005|0.001|0.064
202403|45|41110|27110000|4115000000|인천|서초구|인계동|역삼1동|NH9158|푸르지오|15653|1|4|0.068|0.058|0.107|0.068|0.031|0.022|0.115|0.037|0.149|0.05|0.079|0.076|0.003|0.127|0.012
202403|43|28110|45110000|4113000000|부산|수원시|서초동|역삼1동|NH2567|힐스테이트|13111|1|5|0.085|0.092|0.066|0.11|0.073|0.077|0.177|0.056|0.047|0.038|0.0|0.009|0.083|0.071|0.017
202403|27|46110|26140000|4211000000|인천|성남시|역삼동|역삼1동|NH3647|자이|4481|2|3|0.041|0.001|0.02|0.198|0.034|0.103|0.098|0.017|0.102|0.02|0.194|0.117|0.022|0.016|0.017
202403|42|11110|41150000|4111000000|부산|수원시|인계동|역삼1동|NH3787|힐스테이트|6065|1|4|0.039|0.01|0.067|0.1|0.065|0.031|0.046|0.078|0.006|0.15|0.012|0.251|0.009|0.076|0.06
202403|41|28110|28110000|2811000000|부산|강남구|역삼동|역삼1동|NH3022|푸르지오|14269|1|5|0.098|0.04|0.152|0.115|0.002|0.086|0.002|0.025|0.071|0.149|0.0|0.127|0.013|0.098|0.022
202403|44|44130|41150000|4511000000|부산|서초구|서초동|서초1동|NH3960|래미안|17433|1|3|0.081|0.054|0.017|0.047|0.132|0.08|0.133|0.005|0.119|0.002|0.093|0.095|0.091|0.024|0.026
202403|43|41110|41110000|4111000000|서울|성남시|역삼동|역삼1동|NH4914|래미안|13797|x|4|0.153|0.034|0.11|0.048|0.029|0.018|0.028|0.099|0.029|0.092|0.284|0.016|0.01|0.03|0.021
202403|11|26140|42110000|4111000000|서울|성남시|인계동|서초1동|NH7787|힐스테이트|8216|2|4|0.018|0.051|0.02|0.02|0.216|0.173|0.121|0.003|0.004|0.132|0.027|0.036|0.051|0.092|0.035
202403|26|28110|41150000|2811000000|경기|성남시|역삼동|서초1동|NH8773|푸르지오|19545|x|6|0.026|0.009|0.087|0.004|0.038|0.007|0.341|0.019|0.035|0.035|0.026|0.021|0.114|0.025|0.212
202403|46|41150|11140000|4115000000|부산|강남구|역삼동|서초1동|NH7004|래미안|12022|2|3|0.036|0.012|0.031|0.13|0.164|0.17|0.02|0.035|0.061|0.054|0.031|0.003|0.103|0.038|0.113
202403|41|11140|43110000|4113000000|경기|성남시|역삼동|서초1동|NH9223|푸르지오|11212|1|5|0.054|0.009|0.007|0.133|0.041|0.068|0.078|0.149|0.127|0.002|0.002|0.181|0.02|0.094|0.037
202403|11|41110|43110000|4611000000|인천|수원시|역삼동|서초1동|NH4748|자이|7384|x|4|0.043|0.074|0.042|0.2|0.004|0.289|0.019|0.004|0.086|0.05|0.057|0.01|0.054|0.052|0.017
202403|47|28110|41110000|2614000000|경기|성남시|역삼동|서초1동|NH9086|자이|16037|1|3|0.049|0.008|0.027|0.019|0.014|0.016|0.004|0.042|0.211|0.073|0.012|0.01|0.113|0.127|0.272
202403|27|11140|28110000|1111000000|서울|성남시|인계동|역삼1동|NH1336|래미안|13171|2|2|0.034|0.182|0.036|0.012|0.106|0.019|0.053|0.082|0.101|0.033|0.02|0.163|0.069|0.063|0.027
202403|46|46110|43110000|4111000000|경기|성남시|인계동|역삼1동|NH1595|자이|2825|1|6|0.163|0.189|0.058|0.135|0.014|0.052|0.204|0.051|0.037|0.028|0.004|0.023|0.034|0.005|0.003
202403|46|41110|45110000|2614000000|경기|성남시|인계동|역삼1동|NH7949|푸르지오|5459|1|2|0.048|0.163|0.059|0.24|0.029|0.019|0.085|0.038|0.035|0.031|0.082|0.033|0.084|0.043|0.01
202403|47|46110|11110000|4311000000|서울|서초구|역삼동|서초1동|NH8607|푸르지오|7850|2|5|0.018|0.073|0.081|0.234|0.008|0.123|0.142|0.106|0.028|0.032|0.006|0.013|0.068|0.036|0.031
202403|26|11140|11110000|1117000000|부산|서초구|역삼동|서초1동|NH8124|푸르지오|3056|2|5|0.021|0.041|0.005|0.157|0.01|0.081|0.081|0.037|0.128|0.058|0.027|0.121|0.093|0.037|0.104
202403|42|46110|46110000|4311000000|부산|서초구|서초동|서초1동|NH3601|힐스테이트|19451|1|3|0.012|0.05|0.01|0.238|0.034|0.046|0.203|0.104|0.04|0.076|0.041|0.009|0.016|0.042|0.078
202403|26|26110|41150000|4115000000|부산|서초구|역삼동|서초1동|NH6721|래미안|19848|2|3|0.122|0.049|0.071|0.111|0.087|0.076|0.059|0.014|0.243|0.089|0.032|0.023|0.007|0.008|0.01
202403|46|44130|11170000|4711000000|인천|서초구|서초동|역삼1동|NH9964|힐스테이트|18892|2|2|0.07|0.023|0.016|0.01|0.085|0.036|0.183|0.117|0.114|0.067|0.026|0.029|0.129|0.022|0.073
202403|11|41130|43110000|1111000000|서울|서초구|인계동|서초1동|NH1636|푸르지오|12213|2|5|0.091|0.072|0.066|0.074|0.195|0.074|0.001|0.157|0.007|0.023|0.023|0.048|0.047|0.061|0.061
202403|26|47110|41130000|4711000000|경기|성남시|서초동|서초1동|NH5835|래미안|16668|1|4|0.025|0.094|0.204|0.147|0.033|0.055|0.013|0.15|0.032|0.009|0.024|0.1|0.049|0.06|0.006
202403|44|42110|42110000|4413000000|서울|서초구|서초동|서초1동|NH9220|푸르지오|11212|2|3|0.017|0.015|0.02|0.018|0.066|0.326|0.108|0.127|0.074|0.105|0.009|0.021|0.034|0.047|0.013
202403|45|11110|11200000|1120000000|인천|수원시|역삼동|서초1동|NH7265|푸르지오|11950|2|3|0.035|0.059|0.024|0.015|0.092|0.022|0.01|0.141|0.038|0.13|0.078|0.166|0.072|0.002|0.118
202403|41|44130|45110000|4511000000|서울|서초구|역삼동|서초1동|NH4089|푸르지오|17980|2|4|0.133|0.034|0.06|0.089|0.03|0.14|0.15|0.013|0.087|0.109|0.089|0.035|0.012|0.013|0.005
202403|46|26140|27110000|4311000000|서울|서초구|인계동|서초1동|NH9960|푸르지오|13680|1|4|0.092|0.033|0.038|0.067|0.036|0.057|0.005|0.053|0.007|0.013|0.03|0.114|0.022|0.126|0.309
202403|42|26110|41110000|1111000000|서울|강남구|서초동|서초1동|NH6308|자이|13247|2|4|0.032|0.056|0.022|0.025|0.084|0.05|0.046|0.143|0.061|0.047|0.112|0.013|0.011|0.02|0.277
202403|43|26110|27110000|1111000000|인천|성남시|인계동|역삼1동|NH1670|래미안|9331|2|6|0.045|0.046|0.025|0.008|0.01|0.129|0.078|0.017|0.032|0.142|0.008|0.006|0.251|0.202|0.001
202403|43|41150|46110000|4311000000|경기|성남시|인계동|역삼1동|NH3549|자이|3771|2|4|0.052|0.231|0.083|0.136|0.073|0.047|0.088|0.016|0.002|0.008|0.006|0.189|0.011|0.047|0.012
202403|47|47110|11140000|1117000000|부산|서초구|역삼동|서초1동|NH7275|푸르지오|9726|2|6|0.107|0.053|0.033|0.06|0.134|0.063|0.099|0.001|0.105|0.133|0.004|0.019|0.027|0.046|0.117
202403|26|11200|28110000|1111000000|인천|강남구|역삼동|서초1동|NH5044|힐스테이트|8833|1|5|0.029|0.243|0.019|0.219|0.033|0.02|0.05|0.064|0.038|0.017|0.092|0.0|0.053|0.067|0.057
202403|46|26110|46110000|1111000000|경기|성남시|서초동|역삼1동|NH7426|힐스테이트|12073|1|4|0.0|0.016|0.073|0.042|0.179|0.022|0.036|0.026|0.069|0.079|0.047|0.054|0.137|0.174|0.048
202403|26|46110|11110000|4113000000|경기|강남구|서초동|서초1동|NH2397|푸르지오|6528|1|3|0.029|0.049|0.099|0.013|0.017|0.025|0.018|0.28|0.159|0.21|0.01|0.027|0.028|0.029|0.007
202403|43|11110|28110000|4611000000|부산|강남구|역삼동|역삼1동|NH9445|푸르지오|12491|2|5|0.09|0.157|0.175|0.046|0.174|0.027|0.017|0.059|0.073|0.029|0.045|0.082|0.015|0.009|0.003
202403|44|47110|11200000|4711000000|부산|수원시|인계동|역삼1동|NH8829|힐스테이트|11510|1|4|0.153|0.107|0.003|0.031|0.065|0.148|0.06|0.016|0.014|0.011|0.013|0.016|0.034|0.02|0.309
202403|11|45110|28110000|4113000000|부산|서초구|인계동|서초1동|NH5852|푸르지오|15172|x|4|0.073|0.002|0.076|0.053|0.125|0.094|0.029|0.11|0.003|0.046|0.011|0.09|0.046|0.164|0.08
202403|43|11200|43110000|4311000000|부산|성남시|역삼동|서초1동|NH8312|힐스테이트|16534|2|6|0.051|0.116|0.011|0.114|0.083|0.065|0.059|0.021|0.041|0.055|0.013|0.009|0.015|0.144|0.201
202403|46|28110|45110000|1114000000|서울|성남시|인계동|역삼1동|NH6991|힐스테이트|10553|1|5|0.056|0.005|0.12|0.018|0.05|0.051|0.022|0.032|0.116|0.027|0.158|0.182|0.041|0.037|0.087
202403|11|46110|11110000|4611000000|부산|성남시|역삼동|역삼1동|NH5631|힐스테이트|6701|2|4|0.112|0.065|0.092|0.152|0.04|0.102|0.046|0.013|0.104|0.008|0.051|0.08|0.02|0.03|0.085
202403|26|11200|26140000|2811000000|경기|서초구|역삼동|서초1동|NH1933|래미안|13864|2|5|0.083|0.082|0.042|0.105|0.036|0.012|0.061|0.007|0.071|0.031|0.121|0.144|0.13|0.06|0.014
202403|46|28110|47110000|4311000000|인천|성남시|서초동|서초1동|NH3395|힐스테이트|3527|1|4|0.065|0.005|0.001|0.012|0.04|0.304|0.125|0.113|0.009|0.035|0.005|0.026|0.124|0.064|0.073
202403|27|11170|27110000|4611000000|경기|수원시|인계동|서초1동|NH9523|래미안|2572|1|6|0.119|0.09|0.031|0.002|0.011|0.034|0.111|0.004|0.082|0.029|0.027|0.164|0.122|0.007|0.167
202403|43|41110|44130000|4611000000|경기|성남시|서초동|역삼1동|NH7042|푸르지오|2148|1|6|0.09|0.111|0.2|0.072|0.087|0.002|0.002|0.039|0.114|0.121|0.053|0.029|0.021|0.045|0.015
202403|46|43110|11110000|1114000000|부산|수원시|서초동|서초1동|NH8982|푸르지오|15551|1|3|0.011|0.117|0.12|0.023|0.006|0.029|0.016|0.345|0.001|0.053|0.038|0.031|0.181|0.0|0.029
202403|42|27110|11110000|2711000000|서울|수원시|서초동|서초1동|NH2581|힐스테이트|13957|1|4|0.001|0.197|0.023|0.011|0.064|0.003|0.101|0.002|0.096|0.101|0.126|0.034|0.205|0.003|0.033
202403|43|41130|44130000|4115000000|서울|강남구|서초동|역삼1동|NH1930|힐스테이트|16701|1|5|0.003|0.079|0.065|0.118|0.122|0.046|0.231|0.007|0.013|0.007|0.043|0.002|0.14|0.086|0.038
202403|41|28110|42110000|4311000000|서울|서초구|서초동|역삼1동|NH5774|힐스테이트|7091|2|3|0.013|0.006|0.013|0.017|0.058|0.048|0.046|0.291|0.033|0.149|0.093|0.04|0.136|0.0|0.056
202403|44|42110|11170000|4511000000|경기|성남시|서초동|역삼1동|NH5122|푸르지오|19465|2|4|0.009|0.016|0.067|0.079|0.059|0.009|0.04|0.117|0.046|0.103|0.213|0.092|0.023|0.101|0.027
202403|45|28110|41130000|4113000000|인천|강남구|역삼동|서초1동|NH2005|래미안|8828|1|5|0.225|0.077|0.018|0.15|0.048|0.016|0.095|0.037|0.015|0.035|0.092|0.062|0.033|0.067|0.03
202403|41|42110|44130000|2611000000|서울|강남구|역삼동|역삼1동|NH4226|자이|17146|1|6|0.112|0.069|0.127|0.057|0.058|0.061|0.105|0.089|0.19|0.004|0.029|0.036|0.01|0.026|0.027
202403|41|11140|11110000|4111000000|서울|강남구|역삼동|서초1동|NH4843|힐스테이트|19308|1|5|0.18|0.038|0.016|0.128|0.031|0.004|0.147|0.007|0.054|0.055|0.095|0.072|0.038|0.026|0.11
202403|42|45110|41130000|4115000000|인천|강남구|인계동|역삼1동|NH7284|푸르지오|6903|1|2|0.008|0.027|0.034|0.127|0.039|0.245|0.181|0.01|0.068|0.001|0.018|0.032|0.057|0.032|0.12
202403|47|26140|11200000|2611000000|인천|수원시|인계동|역삼1동|NH1381|자이|10141|2|6|0.056|0.154|0.037|0.02|0.043|0.02|0.028|0.148|0.038|0.18|0.011|0.031|0.044|0.152|0.038
202403|26|41110|42110000|1111000000|인천|성남시|서초동|서초1동|NH5750|자이|13151|2|4|0.049|0.073|0.08|0.011|0.058|0.033|0.146|0.087|0.066|0.046|0.103|0.052|0.154|0.019|0.024
202403|44|11200|11170000|2614000000|경기|수원시|인계동|서초1동|NH8744|래미안|18172|2|3|0.088|0.013|0.114|0.051|0.024|0.052|0.032|0.027|0.057|0.215|0.019|0.182|0.074|0.041|0.011
202403|27|42110|27110000|4413000000|부산|강남구|서초동|서초1동|NH4478|자이|19756|x|6|0.081|0.007|0.067|0.03|0.022|0.096|0.096|0.068|0.022|0.335|0.032|0.077|0.003|0.008|0.058
202403|45|11200|43110000|4611000000|경기|성남시|인계동|서초1동|NH1216|래미안|8010|1|3|0.003|0.064|0.047|0.033|0.064|0.042|0.116|0.041|0.041|0.114|0.051|0.127|0.039|0.212|0.007
202403|47|42110|46110000|1111000000|서울|성남시|역삼동|서초1동|NH4705|힐스테이트|12018|1|5|0.025|0.013|0.053|0.01|0.085|0.048|0.001|0.138|0.026|0.017|0.028|0.166|0.003|0.176|0.211
202403|43|47110|11170000|1120000000|경기|강남구|인계동|서초1동|NH1384|자이|9109|x|3|0.079|0.061|0.087|0.083|0.001|0.116|0.028|0.008|0.006|0.011|0.056|0.207|0.064|0.188|0.006
202403|26|28110|43110000|4413000000|서울|서초구|인계동|서초1동|NH7000|자이|6745|2|6|0.168|0.108|0.065|0.03|0.031|0.013|0.024|0.048|0.016|0.132|0.083|0.08|0.03|0.1|0.072
202403|11|42110|47110000|4211000000|부산|강남구|역삼동|역삼1동|NH8128|힐스테이트|14674|1|4|0.01|0.013|0.006|0.134|0.044|0.086|0.035|0.174|0.0|0.097|0.104|0.129|0.024|0.014|0.129
202403|46|46110|46110000|4311000000|부산|수원시|서초동|역삼1동|NH8851|래미안|10927|2|6|0.047|0.107|0.144|0.043|0.047|0.069|0.134|0.075|0.084|0.013|0.171|0.014|0.014|0.024|0.013
202403|44|41110|45110000|4311000000|경기|서초구|서초동|서초1동|NH7297|자이|17314|1|3|0.106|0.065|0.133|0.043|0.008|0.009|0.009|0.074|0.115|0.046|0.002|0.01|0.079|0.283|0.018
202403|27|11140|42110000|4115000000|서울|성남시|역삼동|역삼1동|NH8682|자이|13092|1|3|0.035|0.001|0.052|0.083|0.019|0.08|0.036|0.009|0.387|0.038|0.017|0.0|0.047|0.146|0.05
202403|45|11170|46110000|4115000000|부산|강남구|인계동|역삼1동|NH3485|래미안|9531|x|3|0.029|0.0|0.039|0.104|0.031|0.018|0.027|0.113|0.076|0.056|0.04|0.133|0.139|0.114|0.081
202403|11|27110|42110000|4111000000|인천|강남구|역삼동|서초1동|NH6487|자이|14194|2|3|0.011|0.017|0.004|0.209|0.006|0.059|0.036|0.125|0.108|0.149|0.111|0.024|0.102|0.0|0.039
202403|45|45110|42110000|4611000000|서울|성남시|역삼동|역삼1동|NH5255|푸르지오|3950|1|6|0.008|0.022|0.147|0.019|0.001|0.012|0.011|0.019|0.116|0.145|0.024|0.161|0.087|0.225|0.003
202403|27|47110|11170000|4413000000|서울|성남시|인계동|서초1동|NH8568|푸르지오|2312|2|5|0.065|0.001|0.034|0.201|0.043|0.081|0.043|0.016|0.096|0.01|0.036|0.034|0.085|0.142|0.113
202403|42|26140|47110000|4115000000|서울|수원시|역삼동|역삼1동|NH1947|래미안|3629|2|5|0.058|0.069|0.143|0.006|0.024|0.001|0.188|0.054|0.026|0.045|0.173|0.026|0.012|0.1|0.074
202403|26|44130|42110000|1114000000|경기|강남구|서초동|역삼1동|NH1473|푸르지오|14910|2|3|0.039|0.019|0.093|0.092|0.023|0.055|0.111|0.003|0.065|0.132|0.043|0.041|0.008|0.241|0.036
202403|46|11140|42110000|2711000000|서울|성남시|역삼동|역삼1동|NH7398|래미안|14054|1|3|0.054|0.212|0.01|0.057|0.041|0.075|0.019|0.062|0.009|0.043|0.099|0.07|0.01|0.015|0.225
202403|46|11200|47110000|4115000000|부산|서초구|인계동|역삼1동|NH6588|푸르지오|12877|2|2|0.014|0.093|0.109|0.077|0.147|0.063|0.032|0.065|0.017|0.01|0.162|0.057|0.107|0.038|0.009
202403|44|42110|28110000|2614000000|인천|강남구|인계동|역삼1동|NH1985|자이|13736|2|2|0.101|0.018|0.03|0.096|0.05|0.028|0.008|0.203|0.005|0.063|0.092|0.207|0.006|0.077|0.017
202403|44|26110|41130000|1117000000|인천|강남구|역삼동|서초1동|NH8260|자이|3604|2|3|0.105|0.076|0.072|0.168|0.07|0.126|0.047|0.01|0.035|0.082|0.015|0.061|0.006|0.009|0.117
202403|26|43110|11170000|1114000000|경기|서초구|역삼동|서초1동|NH3733|자이|2925|2|4|0.233|0.011|0.079|0.099|0.115|0.116|0.038|0.025|0.052|0.118|0.026|0.014|0.026|0.013|0.036
202403|11|46110|11170000|4511000000|부산|수원시|역삼동|서초1동|NH9815|래미안|17335|x|4|0.101|0.179|0.008|0.027|0.186|0.012|0.048|0.069|0.114|0.058|0.006|0.012|0.139|0.034|0.008
202403|42|41130|11140000|1120000000|서울|수원시|역삼동|역삼1동|NH8106|자이|12781|1|2|0.047|0.01|0.036|0.034|0.006|0.023|0.089|0.018|0.152|0.152|0.045|0.127|0.136|0.11|0.016
202403|43|27110|11140000|4113000000|서울|성남시|인계동|서초1동|NH3984|자이|7223|1|6|0.056|0.021|0.034|0.027|0.059|0.051|0.026|0.103|0.202|0.099|0.089|0.01|0.154|0.031|0.038
202403|41|41130|26140000|1114000000|경기|서초구|서초동|역삼1동|NH4655|푸르지오|4463|1|6|0.063|0.006|0.105|0.21|0.069|0.065|0.008|0.038|0.044|0.153|0.079|0.033|0.095|0.022|0.011
202403|26|11110|41110000|4211000000|인천|수원시|인계동|역삼1동|NH8434|힐스테이트|15420|1|3|0.069|0.044|0.015|0.09|0.031|0.02|0.095|0.026|0.315|0.198|0.02|0.028|0.011|0.033|0.005
202403|41|43110|28110000|4111000000|부산|강남구|서초동|역삼1동|NH4182|래미안|11452|1|6|0.193|0.232|0.019|0.002|0.06|0.039|0.022|0.025|0.049|0.179|0.043|0.045|0.064|0.016|0.012
202403|41|41130|43110000|1120000000|경기|서초구|역삼동|역삼1동|NH2404|푸르지오|5275|2|2|0.028|0.046|0.047|0.045|0.04|0.065|0.001|0.12|0.244|0.063|0.038|0.027|0.195|0.031|0.01
202403|42|43110|27110000|4211000000|인천|서초구|역삼동|서초1동|NH4142|자이|8686|2|3|0.087|0.048|0.058|0.166|0.005|0.039|0.016|0.21|0.023|0.189|0.001|0.046|0.005|0.046|0.062
202403|41|41150|44130000|4611000000|경기|서초구|인계동|역삼1동|NH4470|자이|13925|2|3|0.057|0.011|0.044|0.232|0.034|0.022|0.322|0.042|0.036|0.017|0.049|0.01|0.034|0.011|0.08
202403|45|42110|11140000|2614000000|경기|강남구|인계동|역삼1동|NH9728|래미안|2066|2|6|0.011|0.15|0.064|0.077|0.046|0.016|0.132|0.046|0.236|0.026|0.068|0.021|0.074|0.014|0.017
202403|43|43110|11200000|1117000000|서울|강남구|역삼동|역삼1동|NH2033|자이|3395|x|5|0.077|0.08|0.044|0.037|0.108|0.086|0.114|0.053|0.116|0.017|0.181|0.027|0.0|0.048|0.012
202403|42|26110|41150000|4115000000|경기|강남구|인계동|역삼1동|NH1292|래미안|12197|x|6|0.026|0.139|0.051|0.06|0.019|0.025|0.098|0.007|0.076|0.05|0.038|0.183|0.066|0.083|0.077
202403|26|46110|41150000|4611000000|서울|서초구|서초동|역삼1동|NH5272|힐스테이트|10824|2|5|0.079|0.05|0.012|0.036|0.049|0.053|0.127|0.081|0.01|0.008|0.013|0.115|0.053|0.121|0.193
202403|26|11170|47110000|4611000000|경기|성남시|서초동|서초1동|NH8821|래미안|2417|2|2|0.0|0.088|0.004|0.019|0.089|0.049|0.149|0.021|0.205|0.018|0.065|0.022|0.001|0.266|0.003
202403|43|43110|41110000|4711000000|서울|수원시|서초동|역삼1동|NH7974|푸르지오|13161|2|5|0.012|0.015|0.141|0.029|0.172|0.071|0.023|0.198|0.05|0.093|0.008|0.032|0.052|0.094|0.009
202403|41|43110|11110000|4611000000|서울|수원시|서초동|역삼1동|NH4652|힐스테이트|9440|1|4|0.124|0.061|0.088|0.043|0.004|0.099|0.034|0.001|0.117|0.092|0.211|0.025|0.036|0.02|0.044
202403|45|41150|41150000|4711000000|인천|서초구|서초동|서초1동|NH3547|자이|16392|2|6|0.123|0.174|0.019|0.054|0.034|0.022|0.043|0.03|0.01|0.006|0.137|0.036|0.167|0.06|0.087
202403|47|41110|45110000|1114000000|부산|성남시|역삼동|서초1동|NH8371|힐스테이트|3354|1|4|0.059|0.067|0.013|0.068|0.056|0.057|0.259|0.021|0.018|0.006|0.104|0.049|0.08|0.017|0.126
202403|43|47110|41110000|1111000000|서울|강남구|서초동|역삼1동|NH4084|자이|14415|1|6|0.058|0.079|0.048|0.019|0.086|0.005|0.02|0.054|0.317|0.038|0.087|0.02|0.025|0.029|0.115
202403|44|11200|47110000|4211000000|인천|수원시|인계동|역삼1동|NH6530|힐스테이트|6910|1|4|0.213|0.06|0.015|0.038|0.046|0.013|0.007|0.114|0.086|0.182|0.053|0.037|0.049|0.034|0.052
202403|27|41150|45110000|4611000000|서울|강남구|인계동|역삼1동|NH1320|푸르지오|14450|2|3|0.119|0.044|0.011|0.015|0.045|0.016|0.097|0.091|0.103|0.05|0.105|0.01|0.135|0.101|0.058
202403|44|26140|11110000|4111000000|부산|수원시|서초동|역삼1동|NH9880|힐스테이트|4074|2|4|0.044|0.117|0.025|0.07|0.027|0.009|0.173|0.024|0.061|0.012|0.043|0.058|0.124|0.025|0.189
202403|27|41150|28110000|4311000000|부산|수원시|인계동|서초1동|NH7144|래미안|4829|2|3|0.106|0.037|0.049|0.027|0.075|0.031|0.162|0.028|0.069|0.259|0.019|0.011|0.009|0.049|0.068
202403|26|44130|11170000|4115000000|인천|수원시|서초동|역삼1동|NH8356|힐스테이트|16867|2|4|0.063|0.02|0.08|0.08|0.041|0.172|0.044|0.141|0.006|0.113|0.047|0.037|0.02|0.025|0.112
202403|27|42110|26140000|1114000000|인천|서초구|역삼동|서초1동|NH3513|푸르지오|2044|1|4|0.122|0.068|0.065|0.058|0.014|0.145|0.012|0.157|0.074|0.074|0.039|0.03|0.075|0.029|0.039
202403|26|45110|27110000|1111000000|인천|강남구|인계동|서초1동|NH8211|힐스테이트|18567|1|5|0.007|0.007|0.071|0.074|0.19|0.016|0.032|0.057|0.028|0.022|0.019|0.037|0.012|0.387|0.042
202403|44|27110|11170000|4611000000|부산|수원시|서초동|서초1동|NH4422|푸르지오|11598|1|5|0.114|0.08|0.028|0.141|0.054|0.195|0.057|0.115|0.04|0.052|0.028|0.012|0.003|0.012|0.069
202403|11|27110|42110000|4511000000|경기|성남시|역삼동|서초1동|NH7722|래미안|11513|1|2|0.039|0.053|0.02|0.094|0.022|0.02|0.006|0.002|0.149|0.25|0.11|0.006|0.033|0.113|0.081
202403|26|42110|11170000|2811000000|경기|서초구|인계동|역삼1동|NH6964|푸르지오|10185|2|5|0.01|0.004|0.078|0.113|0.293|0.0|0.056|0.005|0.009|0.022|0.148|0.036|0.128|0.023|0.074
202403|47|46110|44130000|2611000000|경기|성남시|역삼동|서초1동|NH3280|힐스테이트|2143|x|3|0.02|0.003|0.03|0.007|0.23|0.043|0.008|0.03|0.096|0.062|0.257|0.018|0.092|0.078|0.025
202403|43|43110|44130000|4611000000|인천|서초구|인계동|서초1동|NH3067|힐스테이트|13227|1|6|0.007|0.176|0.065|0.055|0.006|0.012|0.036|0.004|0.006|0.439|0.073|0.008|0.04|0.01|0.064
202403|26|11170|41130000|4511000000|서울|성남시|서초동|서초1동|NH2019|힐스테이트|3009|1|3|0.041|0.0|0.083|0.008|0.077|0.136|0.008|0.112|0.008|0.1|0.08|0.002|0.156|0.023|0.163
202403|42|43110|41110000|4711000000|서울|수원시|역삼동|역삼1동|NH3880|푸르지오|8981|2|4|0.063|0.027|0.072|0.117|0.032|0.091|0.109|0.029|0.044|0.006|0.062|0.004|0.25|0.076|0.017
202403|43|27110|11200000|1111000000|부산|강남구|서초동|역삼1동|NH3512|푸르지오|9850|1|3|0.043|0.038|0.083|0.036|0.031|0.1|0.11|0.168|0.1|0.026|0.077|0.051|0.027|0.105|0.005
202403|47|41150|11110000|2611000000|인천|성남시|인계동|역삼1동|NH6221|힐스테이트|16289|1|2|0.022|0.07|0.171|0.048|0.146|0.025|0.007|0.051|0.042|0.146|0.117|0.003|0.053|0.003|0.096
202403|11|41130|41130000|1120000000|서울|서초구|인계동|역삼1동|NH1378|자이|10164|1|2|0.204|0.02|0.037|0.061|0.032|0.085|0.079|0.06|0.042|0.034|0.104|0.088|0.009|0.065|0.08
202403|43|41130|41130000|4711000000|경기|성남시|역삼동|역삼1동|NH9301|힐스테이트|4274|1|4|0.032|0.065|0.052|0.031|0.067|0.028|0.064|0.154|0.099|0.093|0.035|0.012|0.008|0.108|0.151
202403|42|11140|45110000|1120000000|부산|강남구|서초동|서초1동|NH5364|힐스테이트|10034|1|4|0.013|0.194|0.019|0.157|0.121|0.025|0.101|0.139|0.011|0.057|0.047|0.003|0.029|0.038|0.046
202403|27|41110|11200000|4115000000|서울|성남시|서초동|역삼1동|NH3739|힐스테이트|17776|2|2|0.034|0.016|0.033|0.045|0.014|0.117|0.032|0.04|0.079|0.224|0.183|0.15|0.002|0.02|0.01
202403|47|42110|28110000|2614000000|서울|성남시|인계동|서초1동|NH3300|힐스테이트|8858|1|6|0.038|0.062|0.131|0.145|0.15|0.133|0.083|0.007|0.015|0.013|0.093|0.079|0.015|0.031|0.003
202403|46|11140|47110000|1120000000|부산|강남구|인계동|서초1동|NH6226|힐스테이트|19292|1|6|0.061|0.082|0.007|0.096|0.0|0.012|0.049|0.111|0.139|0.048|0.019|0.021|0.09|0.241|0.026
202403|41|44130|11200000|1114000000|부산|성남시|인계동|서초1동|NH8699|푸르지오|6402|2|3|0.142|0.044|0.008|0.018|0.037|0.294|0.064|0.164|0.031|0.028|0.003|0.054|0.031|0.072|0.011
202403|27|28110|45110000|1114000000|인천|강남구|역삼동|역삼1동|NH8684|푸르지오|18069|2|3|0.111|0.07|0.069|0.031|0.029|0.145|0.063|0.012|0.116|0.018|0.063|0.041|0.085|0.029|0.119
202403|42|41110|46110000|4611000000|경기|강남구|역삼동|서초1동|NH7489|자이|9680|x|6|0.001|0.055|0.131|0.253|0.066|0.007|0.05|0.024|0.095|0.06|0.034|0.115|0.064|0.021|0.024
202403|45|28110|28110000|2811000000|부산|성남시|인계동|역삼1동|NH1204|자이|3027|x|6|0.153|0.032|0.018|0.021|0.018|0.035|0.083|0.0|0.075|0.036|0.142|0.179|0.053|0.075|0.08
202403|47|46110|26110000|1111000000|경기|강남구|인계동|역삼1동|NH8930|래미안|19440|1|5|0.07|0.177|0.1|0.007|0.079|0.013|0.023|0.007|0.045|0.006|0.167|0.025|0.149|0.085|0.047
202403|47|11200|42110000|4311000000|경기|성남시|인계동|역삼1동|NH4578|힐스테이트|5528|2|5|0.244|0.19|0.037|0.035|0.013|0.046|0.015|0.017|0.002|0.104|0.05|0.068|0.034|0.052|0.094
202403|45|43110|28110000|1117000000|서울|강남구|서초동|역삼1동|NH6690|자이|14500|2|6|0.008|0.059|0.044|0.012|0.025|0.005|0.014|0.009|0.067|0.011|0.126|0.121|0.228|0.257|0.013
202403|46|43110|11140000|4211000000|경기|수원시|역삼동|역삼1동|NH9752|푸르지오|9868|1|2|0.107|0.145|0.179|0.04|0.275|0.023|0.015|0.022|0.007|0.015|0.009|0.047|0.002|0.114|0.001
202403|45|26110|11140000|1117000000|서울|서초구|역삼동|서초1동|NH9904|힐스테이트|15635|1|4|0.13|0.037|0.159|0.002|0.033|0.006|0.004|0.066|0.023|0.264|0.026|0.11|0.071|0.055|0.014
202403|47|42110|11170000|4311000000|인천|성남시|역삼동|역삼1동|NH8836|래미안|6373|1|5|0.089|0.02|0.015|0.022|0.017|0.035|0.17|0.143|0.099|0.16|0.031|0.117|0.022|0.002|0.058
202403|26|42110|41150000|4511000000|인천|성남시|역삼동|역삼1동|NH5190|자이|14479|2|2|0.113|0.0|0.026|0.112|0.122|0.01|0.04|0.151|0.055|0.015|0.003|0.078|0.085|0.065|0.126
202403|44|43110|11110000|1120000000|경기|강남구|서초동|서초1동|NH4455|래미안|17856|2|6|0.105|0.065|0.019|0.041|0.018|0.066|0.354|0.029|0.02|0.084|0.013|0.014|0.039|0.072|0.061
202403|27|41130|42110000|4113000000|서울|성남시|서초동|역삼1동|NH5876|자이|12132|2|2|0.121|0.094|0.005|0.02|0.125|0.006|0.085|0.05|0.133|0.033|0.002|0.152|0.06|0.002|0.114
202403|45|41150|28110000|2811000000|인천|수원시|서초동|역삼1동|NH7359|푸르지오|15094|2|6|0.011|0.045|0.026|0.038|0.156|0.072|0.074|0.018|0.06|0.052|0.043|0.21|0.075|0.089|0.031
202403|45|26140|41150000|2614000000|서울|강남구|인계동|역삼1동|NH8802|래미안|11774|2|6|0.0|0.099|0.072|0.076|0.133|0.043|0.034|0.044|0.008|0.036|0.061|0.103|0.074|0.08|0.136
202403|44|46110|26140000|2614000000|인천|서초구|역삼동|역삼1동|NH2162|힐스테이트|6276|1|5|0.047|0.036|0.014|0.115|0.011|0.073|0.124|0.133|0.185|0.043|0.139|0.005|0.009|0.025|0.04
202403|27|45110|43110000|4611000000|서울|강남구|인계동|역삼1동|NH8150|자이|3386|2|6|0.108|0.155|0.095|0.004|0.138|0.026|0.004|0.006|0.043|0.067|0.037|0.027|0.022|0.109|0.159
202403|26|44130|11110000|2711000000|경기|강남구|인계동|역삼1동|NH4637|힐스테이트|9790|x|6|0.054|0.049|0.012|0.236|0.07|0.052|0.12|0.067|0.116|0.009|0.001|0.085|0.081|0.02|0.029
202403|27|26140|26140000|4611000000|서울|성남시|역삼동|역삼1동|NH1526|푸르지오|16373|2|3|0.006|0.078|0.341|0.048|0.013|0.008|0.118|0.044|0.003|0.072|0.038|0.017|0.109|0.061|0.042
202403|44|41110|42110000|1117000000|부산|강남구|인계동|서초1동|NH8220|자이|4322|2|5|0.057|0.088|0.013|0.108|0.159|0.001|0.086|0.107|0.073|0.015|0.04|0.025|0.054|0.003|0.169
202403|26|28110|11200000|1111000000|인천|성남시|서초동|서초1동|NH7460|래미안|4298|1|5|0.214|0.001|0.083|0.002|0.037|0.031|0.175|0.061|0.001|0.081|0.003|0.139|0.037|0.045|0.09
202403|46|11200|11170000|1114000000|인천|강남구|역삼동|역삼1동|NH8115|푸르지오|17123|x|4|0.029|0.094|0.024|0.077|0.036|0.025|0.048|0.032|0.292|0.028|0.063|0.025|0.161|0.024|0.042
202403|43|11140|45110000|2811000000|경기|서초구|서초동|역삼1동|NH1262|푸르지오|16520|1|6|0.019|0.015|0.19|0.053|0.083|0.093|0.002|0.046|0.114|0.063|0.047|0.068|0.058|0.141|0.007
202403|46|11140|42110000|1117000000|경기|성남시|역삼동|역삼1동|NH6726|푸르지오|11996|1|5|0.003|0.298|0.028|0.029|0.013|0.17|0.026|0.057|0.007|0.14|0.074|0.004|0.113|0.003|0.037
202403|45|46110|42110000|4211000000|경기|서초구|역삼동|역삼1동|NH2991|푸르지오|4871|2|4|0.149|0.008|0.062|0.016|0.088|0.096|0.072|0.033|0.106|0.052|0.029|0.146|0.017|0.079|0.046
202403|27|41110|43110000|2611000000|부산|강남구|인계동|역삼1동|NH4257|푸르지오|11095|1|4|0.033|0.056|0.081|0.073|0.006|0.013|0.043|0.007|0.013|0.077|0.013|0.104|0.116|0.018|0.346
202403|46|11170|26140000|2614000000|경기|수원시|인계동|역삼1동|NH5136|래미안|11312|1|3|0.114|0.021|0.027|0.059|0.047|0.064|0.054|0.061|0.009|0.002|0.189|0.14|0.151|0.027|0.037
202403|42|44130|42110000|4413000000|경기|수원시|인계동|역삼1동|NH6777|자이|10915|x|4|0.108|0.09|0.046|0.013|0.064|0.072|0.073|0.093|0.1|0.016|0.02|0.126|0.133|0.031|0.014
202403|47|41110|41150000|2614000000|경기|수원시|서초동|서초1동|NH7867|래미안|6237|x|2|0.197|0.046|0.009|0.053|0.091|0.104|0.154|0.032|0.012|0.011|0.025|0.087|0.067|0.059|0.053
202403|41|11110|41130000|4211000000|인천|강남구|서초동|역삼1동|NH8354|힐스테이트|19459|2|4|0.024|0.062|0.174|0.02|0.005|0.002|0.13|0.106|0.152|0.077|0.091|0.029|0.055|0.063|0.012
202403|26|11170|46110000|2811000000|인천|서초구|인계동|역삼1동|NH2850|푸르지오|6118|1|6|0.204|0.04|0.085|0.045|0.015|0.07|0.058|0.078|0.125|0.007|0.021|0.013|0.018|0.211|0.011
202403|47|11110|45110000|4413000000|경기|강남구|서초동|서초1동|NH9685|래미안|8931|2|5|0.027|0.063|0.104|0.069|0.165|0.064|0.006|0.026|0.124|0.033|0.088|0.028|0.12|0.019|0.064
202403|45|47110|26140000|4311000000|부산|수원시|서초동|서초1동|NH9898|자이|14554|2|2|0.077|0.065|0.049|0.04|0.059|0.003|0.103|0.228|0.011|0.057|0.056|0.046|0.079|0.02|0.107
202403|41|41110|41150000|4211000000|서울|성남시|인계동|서초1동|NH7644|푸르지오|19678|x|4|0.115|0.026|0.045|0.108|0.073|0.155|0.06|0.024|0.007|0.013|0.03|0.015|0.097|0.008|0.224
202403|11|47110|11170000|4115000000|서울|서초구|서초동|역삼1동|NH7652|푸르지오|17207|1|6|0.015|0.066|0.012|0.001|0.047|0.083|0.014|0.182|0.349|0.009|0.023|0.013|0.026|0.025|0.135
202403|27|41110|11140000|2611000000|부산|강남구|인계동|서초1동|NH1687|힐스테이트|12458|2|6|0.058|0.004|0.17|0.101|0.048|0.004|0.009|0.022|0.01|0.027|0.057|0.112|0.146|0.068|0.164
202403|47|28110|28110000|4511000000|부산|수원시|서초동|역삼1동|NH7637|자이|15890|1|3|0.004|0.007|0.004|0.001|0.015|0.017|0.024|0.054|0.241|0.095|0.038|0.016|0.397|0.036|0.048
202403|45|41110|11110000|4511000000|경기|강남구|서초동|역삼1동|NH7855|래미안|2660|2|5|0.192|0.019|0.029|0.097|0.015|0.097|0.026|0.014|0.021|0.019|0.117|0.102|0.008|0.213|0.03
202403|41|43110|41150000|2711000000|부산|수원시|인계동|역삼1동|NH6955|힐스테이트|8572|x|5|0.046|0.068|0.006|0.01|0.128|0.038|0.018|0.056|0.082|0.071|0.038|0.052|0.101|0.06|0.226
202403|43|26140|41130000|4511000000|경기|서초구|역삼동|서초1동|NH6604|힐스테이트|7313|2|4|0.023|0.054|0.119|0.035|0.007|0.058|0.078|0.002|0.068|0.132|0.043|0.126|0.022|0.206|0.026
202403|46|11110|11170000|1111000000|인천|서초구|역삼동|역삼1동|NH7730|자이|4999|1|6|0.072|0.026|0.009|0.15|0.098|0.071|0.021|0.015|0.162|0.125|0.015|0.056|0.017|0.131|0.033
202403|45|11170|11170000|4413000000|인천|성남시|서초동|역삼1동|NH6382|푸르지오|17901|2|5|0.015|0.004|0.024|0.048|0.119|0.002|0.173|0.065|0.138|0.008|0.124|0.126|0.037|0.009|0.109
202403|26|28110|41110000|1117000000|경기|수원시|인계동|서초1동|NH4406|래미안|4295|2|4|0.014|0.046|0.136|0.094|0.113|0.101|0.066|0.122|0.084|0.049|0.008|0.007|0.033|0.048|0.079
202403|41|28110|11200000|4113000000|서울|성남시|인계동|역삼1동|NH5785|래미안|5792|1|4|0.144|0.081|0.004|0.078|0.029|0.009|0.026|0.066|0.282|0.008|0.083|0.052|0.111|0.007|0.022
202403|41|27110|44130000|4611000000|경기|수원시|서초동|서초1동|NH6294|푸르지오|6913|1|6|0.028|0.14|0.04|0.046|0.078|0.002|0.171|0.075|0.027|0.059|0.161|0.006|0.014|0.118|0.036
202403|46|41110|26140000|4711000000|부산|서초구|인계동|역삼1동|NH1866|힐스테이트|5168|2|5|0.067|0.057|0.071|0.049|0.015|0.005|0.144|0.128|0.008|0.018|0.037|0.171|0.058|0.057|0.114
202403|11|41130|11170000|4113000000|인천|서초구|서초동|서초1동|NH5936|래미안|19811|1|5|0.094|0.049|0.066|0.02|0.176|0.023|0.061|0.108|0.053|0.023|0.068|0.001|0.072|0.004|0.181
202403|42|26110|41150000|4115000000|경기|성남시|인계동|역삼1동|NH6955|자이|19049|1|3|0.175|0.184|0.023|0.007|0.047|0.095|0.018|0.042|0.024|0.07|0.001|0.065|0.07|0.009|0.172
202403|41|41150|42110000|1114000000|경기|성남시|서초동|역삼1동|NH7465|래미안|6563|2|2|0.065|0.141|0.034|0.044|0.052|0.074|0.004|0.381|0.009|0.023|0.027|0.07|0.007|0.023|0.048
202403|46|44130|45110000|4211000000|부산|서초구|인계동|역삼1동|NH6418|자이|17534|2|4|0.058|0.049|0.082|0.097|0.023|0.003|0.015|0.027|0.016|0.125|0.237|0.015|0.046|0.139|0.067
202403|27|47110|11140000|4113000000|인천|서초구|역삼동|역삼1동|NH7087|푸르지오|15880|1|4|0.037|0.015|0.08|0.035|0.124|0.039|0.002|0.206|0.06|0.01|0.063|0.207|0.022|0.061|0.039
202403|46|11170|27110000|2811000000|인천|성남시|역삼동|서초1동|NH2607|래미안|15334|x|4|0.131|0.062|0.032|0.023|0.1|0.02|0.066|0.111|0.137|0.016|0.055|0.023|0.049|0.072|0.102
202403|11|28110|27110000|2614000000|인천|서초구|역삼동|서초1동|NH2418|푸르지오|3994|2|2|0.103|0.084|0.015|0.023|0.02|0.039|0.194|0.033|0.026|0.006|0.18|0.004|0.115|0.011|0.147
202403|42|46110|43110000|1114000000|부산|강남구|역삼동|서초1동|NH9505|힐스테이트|16110|x|5|0.143|0.025|0.046|0.055|0.003|0.105|0.082|0.0|0.012|0.091|0.011|0.175|0.01|0.24|0.002
202403|46|41150|11110000|4113000000|인천|서초구|서초동|역삼1동|NH1195|푸르지오|7663|2|2|0.035|0.167|0.007|0.01|0.06|0.047|0.018|0.044|0.086|0.063|0.039|0.057|0.249|0.032|0.085
202403|42|45110|42110000|2611000000|서울|수원시|인계동|서초1동|NH7430|자이|9150|2|6|0.047|0.02|0.165|0.056|0.026|0.006|0.051|0.007|0.06|0.128|0.116|0.085|0.03|0.124|0.077
202403|43|45110|41130000|4115000000|부산|강남구|역삼동|역삼1동|NH9055|힐스테이트|13689|1|3|0.01|0.079|0.005|0.127|0.043|0.112|0.059|0.079|0.007|0.063|0.007|0.044|0.108|0.233|0.026
202403|47|11110|27110000|1120000000|부산|강남구|서초동|역삼1동|NH4896|래미안|17448|2|4|0.04|0.094|0.12|0.121|0.023|0.101|0.001|0.001|0.003|0.126|0.203|0.002|0.034|0.116|0.016
202403|45|11200|43110000|2711000000|서울|수원시|역삼동|서초1동|NH6124|힐스테이트|19746|2|2|0.105|0.027|0.076|0.038|0.062|0.053|0.205|0.054|0.012|0.062|0.038|0.143|0.062|0.058|0.004
202403|47|42110|41110000|4115000000|경기|수원시|서초동|서초1동|NH8369|힐스테이트|9787|2|6|0.039|0.076|0.012|0.11|0.033|0.016|0.057|0.151|0.037|0.109|0.03|0.038|0.239|0.02|0.031
202403|45|26110|47110000|2811000000|경기|수원시|서초동|역삼1동|NH2422|래미안|9061|2|4|0.016|0.053|0.016|0.019|0.047|0.014|0.12|0.136|0.026|0.254|0.039|0.2|0.049|0.004|0.007
202403|44|11140|41150000|4111000000|부산|강남구|서초동|서초1동|NH1382|힐스테이트|2484|2|3|0.095|0.003|0.054|0.001|0.152|0.045|0.047|0.028|0.056|0.022|0.033|0.157|0.03|0.087|0.191
202403|44|45110|11110000|4413000000|서울|수원시|역삼동|역삼1동|NH5903|힐스테이트|6831|1|4|0.059|0.003|0.012|0.04|0.02|0.243|0.035|0.035|0.001|0.059|0.063|0.097|0.048|0.085|0.2
202403|46|46110|46110000|4413000000|인천|강남구|서초동|역삼1동|NH7093|힐스테이트|5241|1|2|0.053|0.038|0.016|0.008|0.022|0.024|0.085|0.001|0.057|0.076|0.007|0.305|0.071|0.041|0.196
202403|44|11140|42110000|4111000000|경기|서초구|인계동|서초1동|NH9448|래미안|7099|2|6|0.037|0.015|0.09|0.006|0.088|0.129|0.021|0.089|0.015|0.117|0.138|0.089|0.016|0.079|0.07
202403|44|45110|11140000|2811000000|서울|수원시|서초동|역삼1동|NH1074|자이|16640|2|5|0.037|0.003|0.049|0.021|0.102|0.078|0.028|0.138|0.019|0.24|0.041|0.061|0.069|0.017|0.097
202403|45|46110|11110000|4211000000|인천|수원시|서초동|역삼1동|NH5627|자이|12299|2|6|0.001|0.201|0.026|0.044|0.094|0.046|0.014|0.037|0.022|0.019|0.02|0.237|0.101|0.019|0.119
202403|42|45110|41110000|4113000000|경기|성남시|인계동|서초1동|NH3081|힐스테이트|17003|x|3|0.067|0.046|0.043|0.029|0.024|0.298|0.105|0.027|0.019|0.064|0.119|0.013|0.048|0.078|0.021
202403|26|45110|28110000|4311000000|인천|수원시|서초동|역삼1동|NH3754|래미안|16036|1|5|0.004|0.072|0.034|0.022|0.074|0.046|0.003|0.05|0.078|0.263|0.024|0.021|0.237|0.007|0.065
202403|46|28110|46110000|4413000000|부산|서초구|서초동|서초1동|NH4973|래미안|15071|2|5|0.084|0.024|0.048|0.096|0.185|0.005|0.029|0.111|0.055|0.068|0.106|0.055|0.046|0.006|0.081
202403|41|41150|41110000|4311000000|서울|수원시|인계동|역삼1동|NH5235|자이|18111|2|3|0.038|0.149|0.072|0.031|0.142|0.016|0.189|0.001|0.021|0.033|0.052|0.029|0.174|0.046|0.008
202403|43|11200|11200000|2711000000|인천|수원시|역삼동|서초1동|NH3916|푸르지오|10491|2|4|0.05|0.027|0.001|0.008|0.099|0.001|0.043|0.436|0.022|0.005|0.03|0.055|0.065|0.01|0.148
202403|42|26140|43110000|2711000000|인천|서초구|역삼동|서초1동|NH4359|자이|9869|1|3|0.04|0.078|0.117|0.138|0.156|0.015|0.013|0.009|0.092|0.044|0.011|0.033|0.22|0.016|0.019
202403|42|47110|11170000|4311000000|인천|수원시|인계동|역삼1동|NH2580|래미안|15118|1|3|0.018|0.027|0.146|0.008|0.069|0.022|0.174|0.065|0.094|0.191|0.032|0.074|0.033|0.001|0.046
202403|26|42110|26140000|2614000000|인천|서초구|역삼동|서초1동|NH5709|푸르지오|9228|2|6|0.05|0.019|0.013|0.263|0.205|0.141|0.057|0.054|0.023|0.046|0.04|0.014|0.038|0.008|0.029
202403|41|28110|46110000|4511000000|서울|서초구|서초동|서초1동|NH2901|힐스테이트|6676|1|5|0.042|0.123|0.003|0.002|0.03|0.018|0.112|0.032|0.199|0.014|0.085|0.118|0.133|0.081|0.009
202403|42|26110|41110000|2614000000|부산|성남시|인계동|서초1동|NH9087|푸르지오|15613|2|2|0.014|0.061|0.003|0.022|0.098|0.211|0.093|0.02|0.129|0.047|0.035|0.101|0.098|0.002|0.064
202403|44|45110|26110000|1111000000|부산|성남시|인계동|서초1동|NH4042|힐스테이트|7965|2|6|0.015|0.042|0.045|0.011|0.291|0.07|0.013|0.041|0.021|0.109|0.022|0.022|0.002|0.259|0.039
202403|46|45110|11140000|4111000000|경기|서초구|서초동|서초1동|NH8367|자이|17895|1|6|0.045|0.227|0.002|0.095|0.006|0.161|0.031|0.038|0.022|0.038|0.027|0.032|0.226|0.039|0.011
202403|46|11140|45110000|4611000000|인천|수원시|인계동|역삼1동|NH9047|래미안|5412|2|6|0.009|0.078|0.015|0.02|0.074|0.07|0.034|0.099|0.068|0.029|0.016|0.079|0.022|0.158|0.23
202403|42|46110|26140000|1120000000|부산|서초구|인계동|역삼1동|NH1022|힐스테이트|13034|1|2|0.008|0.037|0.047|0.024|0.035|0.046|0.115|0.063|0.065|0.054|0.214|0.097|0.058|0.099|0.038
202403|45|41110|43110000|4711000000|부산|수원시|서초동|역삼1동|NH2662|래미안|10647|1|6|0.124|0.065|0.031|0.092|0.071|0.049|0.033|0.033|0.236|0.018|0.098|0.079|0.015|0.008|0.047
202403|47|28110|11110000|4115000000|서울|수원시|역삼동|역삼1동|NH4786|래미안|10962|x|3|0.083|0.157|0.08|0.0|0.009|0.033|0.066|0.076|0.145|0.096|0.016|0.008|0.101|0.009|0.12
202403|47|28110|11140000|1120000000|서울|강남구|역삼동|역삼1동|NH5368|자이|2700|1|3|0.361|0.058|0.004|0.053|0.123|0.023|0.049|0.014|0.054|0.003|0.154|0.06|0.004|0.005|0.036
202403|44|42110|11110000|4113000000|인천|성남시|역삼동|서초1동|NH3144|힐스테이트|12333|1|4|0.094|0.148|0.027|0.016|0.011|0.085|0.097|0.004|0.0|0.186|0.123|0.088|0.052|0.01|0.057
202403|45|41130|45110000|4311000000|인천|수원시|역삼동|서초1동|NH5662|자이|2370|1|4|0.057|0.148|0.007|0.12|0.064|0.08|0.105|0.016|0.01|0.003|0.015|0.042|0.056|0.14|0.136
202403|11|26140|45110000|4511000000|인천|강남구|인계동|역삼1동|NH1580|푸르지오|10788|x|4|0.124|0.202|0.077|0.101|0.018|0.059|0.027|0.01|0.054|0.106|0.017|0.051|0.032|0.024|0.098
202403|42|11140|42110000|4211000000|부산|강남구|역삼동|서초1동|NH4465|힐스테이트|17919|2|6|0.082|0.032|0.094|0.118|0.141|0.069|0.03|0.01|0.017|0.033|0.182|0.107|0.014|0.01|0.061
202403|11|27110|47110000|1111000000|서울|서초구|서초동|역삼1동|NH5662|푸르지오|2634|2|5|0.115|0.019|0.135|0.046|0.031|0.12|0.027|0.104|0.042|0.07|0.064|0.049|0.026|0.009|0.142
202403|11|44130|27110000|2811000000|부산|강남구|인계동|서초1동|NH1583|래미안|5384|1|5|0.063|0.0|0.017|0.145|0.218|0.004|0.032|0.022|0.031|0.029|0.044|0.031|0.174|0.066|0.124
202403|11|26140|41150000|1117000000|서울|강남구|역삼동|역삼1동|NH6723|푸르지오|8928|2|5|0.112|0.047|0.009|0.051|0.022|0.17|0.036|0.051|0.002|0.026|0.036|0.118|0.114|0.042|0.163
202403|41|47110|45110000|2811000000|인천|수원시|인계동|서초1동|NH8437|푸르지오|14005|2|4|0.186|0.057|0.023|0.076|0.091|0.029|0.053|0.167|0.018|0.048|0.05|0.046|0.035|0.098|0.025
202403|26|26140|11110000|4711000000|경기|서초구|인계동|역삼1동|NH5180|힐스테이트|2029|1|4|0.04|0.006|0.067|0.105|0.045|0.074|0.078|0.001|0.172|0.049|0.048|0.088|0.008|0.179|0.041
202403|42|11200|47110000|4211000000|인천|성남시|역삼동|서초1동|NH5988|래미안|17286|x|6|0.013|0.067|0.066|0.045|0.002|0.003|0.166|0.164|0.283|0.034|0.044|0.034|0.007|0.057|0.015
202403|45|41130|44130000|4115000000|서울|서초구|서초동|역삼1동|NH4283|힐스테이트|3363|2|2|0.07|0.114|0.121|0.05|0.051|0.071|0.123|0.052|0.097|0.086|0.041|0.015|0.004|0.056|0.049
202403|47|45110|28110000|1114000000|인천|강남구|인계동|역삼1동|NH2209|푸르지오|17056|1|5|0.002|0.008|0.133|0.115|0.014|0.04|0.104|0.01|0.118|0.214|0.001|0.066|0.022|0.056|0.096
202403|27|26110|26110000|1117000000|경기|성남시|인계동|역삼1동|NH1017|자이|7423|x|6|0.054|0.019|0.07|0.012|0.026|0.047|0.027|0.1|0.004|0.095|0.051|0.41|0.003|0.067|0.013
202403|46|42110|11140000|4211000000|부산|성남시|서초동|서초1동|NH4051|래미안|9904|1|3|0.023|0.017|0.179|0.134|0.059|0.041|0.005|0.094|0.011|0.012|0.006|0.11|0.206|0.017|0.086
202403|11|42110|45110000|4611000000|부산|서초구|인계동|서초1동|NH6295|힐스테이트|3924|1|4|0.123|0.141|0.009|0.032|0.012|0.032|0.101|0.029|0.017|0.079|0.007|0.091|0.108|0.108|0.111
202403|43|26110|46110000|1114000000|인천|강남구|인계동|서초1동|NH7764|푸르지오|4914|2|5|0.029|0.04|0.081|0.178|0.188|0.074|0.009|0.072|0.051|0.011|0.001|0.084|0.041|0.117|0.024
202403|45|41150|11170000|2711000000|경기|성남시|인계동|서초1동|NH9793|힐스테이트|9684|1|2|0.181|0.073|0.035|0.027|0.168|0.074|0.019|0.047|0.019|0.006|0.108|0.107|0.036|0.078|0.024
202403|43|11200|47110000|2614000000|인천|성남시|인계동|서초1동|NH4495|래미안|6161|1|4|0.088|0.063|0.008|0.033|0.195|0.004|0.009|0.322|0.048|0.058|0.007|0.022|0.001|0.002|0.141
202403|43|27110|26140000|4211000000|인천|수원시|역삼동|서초1동|NH2527|자이|6646|2|6|0.064|0.117|0.045|0.153|0.048|0.005|0.042|0.008|0.064|0.129|0.054|0.029|0.025|0.082|0.135
202403|43|41130|47110000|4115000000|경기|강남구|역삼동|역삼1동|NH5730|힐스테이트|9330|1|5|0.046|0.009|0.043|0.035|0.073|0.016|0.165|0.11|0.114|0.017|0.006|0.016|0.102|0.052|0.197
202403|26|41110|41110000|1114000000|경기|강남구|인계동|역삼1동|NH5713|래미안|6334|2|4|0.11|0.018|0.061|0.044|0.009|0.054|0.102|0.072|0.278|0.025|0.006|0.092|0.046|0.011|0.072
202403|41|26140|45110000|4511000000|서울|서초구|서초동|역삼1동|NH5443|푸르지오|18367|2|6|0.121|0.006|0.066|0.161|0.121|0.013|0.011|0.011|0.109|0.084|0.072|0.044|0.012|0.026|0.142
202403|45|26110|41130000|4511000000|경기|성남시|서초동|역삼1동|NH4160|푸르지오|4362|1|5|0.012|0.216|0.033|0.27|0.083|0.019|0.116|0.027|0.025|0.024|0.008|0.004|0.005|0.067|0.091
202403|47|41110|42110000|1114000000|부산|서초구|서초동|서초1동|NH3559|힐스테이트|5043|1|6|0.047|0.003|0.187|0.211|0.032|0.081|0.036|0.013|0.009|0.03|0.015|0.087|0.031|0.051|0.167
202403|46|45110|11200000|4413000000|경기|성남시|서초동|서초1동|NH7743|래미안|16651|2|4|0.056|0.042|0.133|0.112|0.013|0.038|0.214|0.085|0.027|0.077|0.075|0.009|0.012|0.077|0.032
202403|26|41130|11170000|2711000000|서울|수원시|역삼동|역삼1동|NH4625|래미안|10709|2|6|0.099|0.036|0.055|0.002|0.242|0.09|0.036|0.087|0.088|0.023|0.055|0.068|0.04|0.0|0.079
202403|42|26110|11140000|2611000000|부산|서초구|역삼동|역삼1동|NH5320|자이|2964|x|2|0.005|0.168|0.008|0.074|0.167|0.01|0.025|0.186|0.011|0.011|0.178|0.009|0.045|0.014|0.088
202403|11|45110|46110000|1111000000|부산|성남시|서초동|서초1동|NH4041|푸르지오|11873|2|4|0.031|0.04|0.018|0.094|0.027|0.062|0.031|0.018|0.083|0.065|0.293|0.149|0.038|0.02|0.032
202403|45|11170|11110000|2711000000|인천|성남시|역삼동|역삼1동|NH4397|자이|3465|1|4|0.016|0.046|0.11|0.113|0.064|0.028|0.008|0.125|0.03|0.023|0.028|0.112|0.032|0.172|0.092
202403|42|44130|26110000|2614000000|부산|성남시|서초동|역삼1동|NH6019|힐스테이트|11989|2|4|0.069|0.175|0.087|0.056|0.05|0.009|0.023|0.039|0.024|0.025|0.219|0.003|0.002|0.144|0.075
202403|45|46110|45110000|4711000000|서울|서초구|역삼동|역삼1동|NH9015|자이|19150|1|4|0.01|0.251|0.111|0.09|0.026|0.012|0.017|0.193|0.041|0.001|0.083|0.079|0.044|0.01|0.033
202403|47|45110|27110000|1120000000|인천|수원시|서초동|역삼1동|NH8294|힐스테이트|6120|1|5|0.177|0.009|0.061|0.0|0.073|0.016|0.092|0.038|0.128|0.08|0.008|0.14|0.063|0.041|0.073
202403|42|11200|46110000|2711000000|부산|성남시|인계동|서초1동|NH9893|힐스테이트|12987|x|6|0.093|0.019|0.007|0.222|0.021|0.02|0.214|0.126|0.012|0.009|0.005|0.046|0.186|0.006|0.014
202403|42|26110|26140000|2611000000|경기|서초구|인계동|서초1동|NH6595|힐스테이트|14515|1|4|0.004|0.062|0.025|0.084|0.033|0.005|0.048|0.047|0.2|0.094|0.105|0.032|0.043|0.065|0.153
202403|43|45110|11110000|1111000000|부산|강남구|역삼동|서초1동|NH1481|힐스테이트|12870|2|5|0.075|0.029|0.059|0.027|0.109|0.098|0.192|0.183|0.031|0.029|0.016|0.041|0.076|0.034|0.001
202403|43|41110|26140000|4711000000|부산|수원시|인계동|역삼1동|NH5488|푸르지오|10400|2|5|0.119|0.141|0.165|0.013|0.019|0.072|0.089|0.008|0.027|0.004|0.01|0.184|0.065|0.034|0.05
202403|45|41150|11140000|1111000000|부산|서초구|역삼동|서초1동|NH7105|자이|17257|x|3|0.023|0.112|0.159|0.024|0.043|0.135|0.009|0.055|0.101|0.055|0.021|0.019|0.021|0.199|0.024
202403|41|45110|42110000|2614000000|경기|서초구|인계동|역삼1동|NH2217|힐스테이트|14177|2|4|0.053|0.001|0.084|0.007|0.014|0.06|0.064|0.08|0.081|0.307|0.021|0.091|0.014|0.077|0.046
202403|44|11200|11200000|2614000000|경기|강남구|서초동|역삼1동|NH6124|푸르지오|11515|1|6|0.036|0.006|0.067|0.065|0.062|0.0|0.004|0.009|0.141|0.09|0.014|0.041|0.376|0.079|0.011
202403|43|43110|11200000|4113000000|서울|성남시|역삼동|역삼1동|NH5106|자이|7972|1|3|0.07|0.028|0.276|0.044|0.124|0.074|0.01|0.098|0.078|0.001|0.0|0.051|0.026|0.067|0.052
202403|41|47110|44130000|2614000000|서울|성남시|서초동|역삼1동|NH4656|푸르지오|5957|2|5|0.23|0.009|0.017|0.043|0.003|0.019|0.061|0.267|0.01|0.162|0.084|0.031|0.042|0.005|0.016
202403|27|11170|43110000|4113000000|서울|수원시|서초동|서초1동|NH5174|푸르지오|10665|2|5|0.078|0.012|0.013|0.118|0.03|0.123|0.107|0.065|0.007|0.001|0.04|0.151|0.09|0.144|0.02
202403|27|45110|11140000|1117000000|부산|성남시|서초동|서초1동|NH3781|힐스테이트|6523|1|4|0.102|0.004|0.114|0.053|0.014|0.188|0.022|0.077|0.075|0.007|0.217|0.002|0.007|0.105|0.012
202403|26|41150|11200000|4211000000|경기|서초구|인계동|서초1동|NH1278|힐스테이트|8065|2|4|0.023|0.053|0.047|0.034|0.103|0.096|0.031|0.051|0.087|0.069|0.1|0.124|0.093|0.064|0.024
202403|43|26140|28110000|2811000000|경기|서초구|서초동|서초1동|NH4521|힐스테이트|17434|2|3|0.0|0.067|0.016|0.037|0.17|0.143|0.024|0.007|0.035|0.056|0.02|0.18|0.112|0.06|0.071
202403|26|11110|41130000|4211000000|인천|강남구|역삼동|역삼1동|NH1527|자이|13451|1|2|0.091|0.051|0.075|0.051|0.095|0.004|0.088|0.006|0.033|0.005|0.069|0.135|0.211|0.028|0.057
202403|47|27110|11110000|1117000000|인천|수원시|인계동|서초1동|NH3289|래미안|15305|x|6|0.008|0.075|0.045|0.111|0.02|0.099|0.088|0.022|0.043|0.051|0.18|0.037|0.005|0.05|0.166
202403|41|47110|41130000|4311000000|경기|수원시|서초동|역삼1동|NH2715|힐스테이트|11823|1|4|0.021|0.042|0.005|0.225|0.079|0.05|0.086|0.078|0.037|0.178|0.004|0.038|0.041|0.066|0.052
202403|45|28110|44130000|2711000000|인천|강남구|역삼동|역삼1동|NH7906|푸르지오|15433|1|4|0.045|0.0|0.104|0.018|0.04|0.044|0.023|0.043|0.227|0.139|0.018|0.143|0.122|0.023|0.011
202403|41|42110|28110000|4311000000|인천|수원시|서초동|역삼1동|NH2475|힐스테이트|6447|1|3|0.047|0.069|0.123|0.001|0.065|0.004|0.043|0.077|0.036|0.149|0.167|0.124|0.039|0.056|0.002
202403|46|44130|42110000|4711000000|인천|강남구|역삼동|서초1동|NH8365|푸르지오|16398|1|5|0.159|0.209|0.181|0.034|0.031|0.072|0.012|0.03|0.024|0.068|0.047|0.014|0.017|0.086|0.017
202403|41|11110|27110000|1114000000|경기|성남시|서초동|역삼1동|NH5049|자이|13082|2|4|0.016|0.152|0.03|0.001|0.101|0.108|0.093|0.023|0.094|0.162|0.007|0.067|0.021|0.004|0.123
202403|41|41110|41130000|4211000000|부산|수원시|역삼동|서초1동|NH8128|자이|2495|2|6|0.042|0.018|0.341|0.015|0.017|0.02|0.14|0.01|0.066|0.058|0.038|0.168|0.02|0.031|0.015
202403|11|26110|45110000|4311000000|부산|수원시|역삼동|서초1동|NH5545|힐스테이트|17277|1|3|0.004|0.104|0.009|0.005|0.022|0.03|0.049|0.024|0.003|0.201|0.013|0.19|0.099|0.12|0.127
202403|46|11110|26110000|1120000000|인천|성남시|역삼동|역삼1동|NH8283|푸르지오|12862|1|5|0.01|0.069|0.199|0.121|0.054|0.106|0.019|0.074|0.013|0.027|0.013|0.028|0.047|0.096|0.124
202403|45|42110|47110000|4511000000|서울|수원시|역삼동|역삼1동|NH7394|래미안|16107|1|3|0.155|0.001|0.132|0.116|0.01|0.073|0.085|0.076|0.028|0.022|0.032|0.061|0.03|0.066|0.114
202403|27|41130|41130000|4111000000|부산|강남구|역삼동|서초1동|NH7140|자이|13951|1|3|0.024|0.06|0.0|0.101|0.067|0.007|0.122|0.03|0.007|0.138|0.001|0.015|0.276|0.096|0.054
202403|42|28110|26140000|4311000000|서울|강남구|서초동|서초1동|NH9392|힐스테이트|10640|2|4|0.054|0.013|0.01|0.004|0.099|0.008|0.07|0.026|0.115|0.243|0.109|0.086|0.134|0.007|0.024
202403|43|26110|44130000|2711000000|부산|성남시|서초동|역삼1동|NH1129|힐스테이트|2765|2|2|0.076|0.121|0.063|0.239|0.044|0.039|0.044|0.035|0.038|0.081|0.059|0.012|0.017|0.013|0.118
202403|11|46110|26140000|1120000000|부산|강남구|서초동|서초1동|NH2113|힐스테이트|18277|2|5|0.003|0.018|0.021|0.026|0.008|0.24|0.049|0.158|0.004|0.035|0.101|0.128|0.041|0.147|0.022
202403|46|44130|45110000|4111000000|경기|강남구|인계동|서초1동|NH2897|자이|17141|2|3|0.002|0.06|0.04|0.006|0.071|0.105|0.059|0.117|0.193|0.042|0.003|0.036|0.022|0.03|0.216
202403|42|11140|46110000|2614000000|부산|성남시|인계동|역삼1동|NH4870|래미안|16426|x|2|0.149|0.089|0.145|0.066|0.002|0.155|0.071|0.018|0.051|0.012|0.011|0.02|0.15|0.016|0.045
202403|44|44130|46110000|2711000000|경기|수원시|인계동|역삼1동|NH5390|푸르지오|15621|1|5|0.077|0.053|0.005|0.005|0.003|0.044|0.041|0.098|0.124|0.019|0.047|0.139|0.037|0.052|0.256
202403|44|46110|41150000|4413000000|부산|성남시|인계동|역삼1동|NH9336|푸르지오|13498|2|3|0.096|0.077|0.143|0.042|0.08|0.014|0.135|0.012|0.044|0.039|0.092|0.049|0.017|0.079|0.079
202403|11|26140|44130000|4511000000|서울|강남구|역삼동|서초1동|NH6016|자이|11432|x|5|0.217|0.041|0.053|0.0|0.107|0.072|0.003|0.054|0.127|0.057|0.066|0.002|0.025|0.001|0.174
202403|44|11140|43110000|1120000000|서울|서초구|인계동|역삼1동|NH5195|힐스테이트|7673|1|4|0.128|0.142|0.085|0.073|0.014|0.072|0.031|0.126|0.026|0.068|0.048|0.015|0.018|0.078|0.074
202403|42|11170|42110000|1117000000|인천|수원시|역삼동|역삼1동|NH9460|푸르지오|11681|2|3|0.158|0.049|0.079|0.007|0.03|0.067|0.008|0.098|0.031|0.01|0.242|0.029|0.045|0.071|0.077
202403|46|28110|42110000|1117000000|경기|성남시|인계동|서초1동|NH9841|푸르지오|13427|1|2|0.282|0.015|0.002|0.046|0.065|0.101|0.005|0.01|0.02|0.023|0.003|0.149|0.049|0.084|0.146
202403|46|11200|44130000|4611000000|서울|수원시|역삼동|역삼1동|NH6376|자이|16245|2|4|0.21|0.13|0.049|0.03|0.006|0.004|0.109|0.039|0.133|0.005|0.007|0.121|0.102|0.037|0.018
202403|44|27110|11170000|4413000000|경기|수원시|인계동|역삼1동|NH7222|푸르지오|12967|2|5|0.027|0.03|0.105|0.045|0.078|0.114|0.168|0.059|0.098|0.018|0.051|0.118|0.044|0.023|0.022
202403|45|11170|43110000|2811000000|서울|강남구|서초동|서초1동|NH3502|푸르지오|6460|x|2|0.003|0.013|0.014|0.046|0.032|0.106|0.176|0.145|0.079|0.037|0.008|0.102|0.095|0.088|0.056
202403|41|27110|11110000|4711000000|서울|강남구|서초동|서초1동|NH8438|힐스테이트|5083|1|5|0.052|0.008|0.046|0.062|0.007|0.065|0.148|0.102|0.02|0.025|0.035|0.18|0.075|0.167|0.006
202403|27|11170|27110000|1111000000|부산|서초구|인계동|역삼1동|NH2189|푸르지오|12720|2|6|0.043|0.03|0.027|0.178|0.005|0.002|0.034|0.123|0.012|0.028|0.153|0.011|0.014|0.257|0.081
202403|26|41150|41130000|2811000000|인천|성남시|서초동|서초1동|NH9616|래미안|16290|2|5|0.039|0.025|0.108|0.089|0.016|0.1|0.033|0.12|0.014|0.095|0.262|0.001|0.027|0.008|0.061
202403|27|41130|11170000|4311000000|인천|성남시|인계동|서초1동|NH6297|래미안|15669|2|3|0.003|0.024|0.652|0.007|0.11|0.003|0.006|0.023|0.051|0.002|0.022|0.008|0.002|0.072|0.014
202403|47|26110|43110000|4211000000|인천|성남시|서초동|역삼1동|NH5121|힐스테이트|10005|2|5|0.095|0.019|0.086|0.107|0.034|0.166|0.129|0.052|0.017|0.058|0.016|0.067|0.088|0.005|0.06
202403|27|11170|42110000|1120000000|인천|강남구|서초동|서초1동|NH9153|힐스테이트|3375|1|4|0.054|0.029|0.116|0.081|0.011|0.037|0.054|0.06|0.089|0.108|0.026|0.08|0.058|0.033|0.165
202403|41|11200|27110000|4413000000|부산|강남구|역삼동|역삼1동|NH5372|자이|8304|2|4|0.054|0.016|0.085|0.015|0.114|0.086|0.057|0.192|0.014|0.069|0.05|0.09|0.084|0.048|0.027
202403|27|41150|42110000|2614000000|경기|수원시|서초동|역삼1동|NH4676|힐스테이트|17343|2|6|0.021|0.117|0.151|0.046|0.035|0.022|0.003|0.113|0.155|0.057|0.016|0.049|0.031|0.019|0.165
202403|46|47110|11110000|2614000000|부산|강남구|서초동|서초1동|NH1851|푸르지오|5541|x|4|0.004|0.013|0.062|0.03|0.085|0.247|0.074|0.106|0.055|0.014|0.007|0.013|0.248|0.024|0.017
202403|45|28110|41130000|4111000000|인천|수원시|인계동|서초1동|NH7162|래미안|14443|x|2|0.083|0.076|0.022|0.007|0.013|0.113|0.102|0.192|0.057|0.011|0.171|0.04|0.025|0.077|0.014
202403|46|41110|42110000|4711000000|부산|서초구|서초동|역삼1동|NH9744|푸르지오|7791|2|6|0.069|0.059|0.253|0.004|0.003|0.141|0.14|0.043|0.045|0.016|0.06|0.049|0.008|0.102|0.007
202403|46|43110|27110000|1120000000|서울|강남구|역삼동|역삼1동|NH5433|자이|6410|1|6|0.009|0.009|0.028|0.082|0.037|0.147|0.246|0.023|0.058|0.117|0.09|0.046|0.013|0.024|0.07
202403|11|28110|41150000|1120000000|부산|서초구|역삼동|역삼1동|NH5286|힐스테이트|10991|1|6|0.038|0.006|0.026|0.003|0.045|0.046|0.244|0.121|0.203|0.111|0.003|0.084|0.021|0.036|0.013
202403|11|41130|41130000|4711000000|인천|성남시|인계동|서초1동|NH9000|자이|13509|1|2|0.037|0.082|0.008|0.07|0.1|0.041|0.106|0.084|0.026|0.05|0.046|0.047|0.215|0.056|0.033
202403|26|26140|27110000|4611000000|서울|강남구|인계동|역삼1동|NH1983|푸르지오|18311|1|3|0.057|0.004|0.062|0.12|0.166|0.049|0.001|0.058|0.015|0.008|0.007|0.298|0.03|0.088|0.039
202403|46|47110|41150000|4511000000|경기|서초구|인계동|역삼1동|NH3876|힐스테이트|12661|2|6|0.234|0.029|0.005|0.045|0.05|0.169|0.033|0.114|0.022|0.078|0.033|0.012|0.069|0.009|0.099
202403|27|26140|43110000|2614000000|서울|성남시|역삼동|서초1동|NH2290|힐스테이트|5360|2|6|0.103|0.03|0.072|0.242|0.001|0.103|0.03|0.203|0.013|0.018|0.035|0.014|0.01|0.037|0.088
202403|43|44130|46110000|2811000000|부산|서초구|역삼동|서초1동|NH4432|힐스테이트|3865|2|3|0.005|0.08|0.086|0.104|0.13|0.043|0.05|0.007|0.051|0.046|0.008|0.075|0.105|0.033|0.176
202403|45|28110|42110000|4511000000|서울|서초구|인계동|서초1동|NH8830|래미안|5665|2|3|0.012|0.327|0.01|0.085|0.092|0.049|0.025|0.011|0.075|0.008|0.081|0.026|0.045|0.037|0.117
202403|26|41110|41150000|2811000000|서울|수원시|서초동|역삼1동|NH3989|힐스테이트|8054|2|5|0.017|0.076|0.079|0.051|0.244|0.053|0.038|0.008|0.125|0.055|0.025|0.007|0.099|0.109|0.015
202403|11|41110|26140000|2614000000|부산|성남시|인계동|역삼1동|NH9179|푸르지오|5189|2|5|0.171|0.033|0.036|0.004|0.073|0.011|0.055|0.081|0.021|0.001|0.051|0.044|0.001|0.122|0.295
202403|43|47110|26140000|4611000000|경기|강남구|인계동|역삼1동|NH8585|푸르지오|7426|1|4|0.083|0.039|0.01|0.115|0.042|0.156|0.008|0.035|0.019|0.059|0.136|0.012|0.142|0.001|0.142
202403|11|41150|42110000|4113000000|경기|수원시|인계동|서초1동|NH4064|래미안|8596|2|6|0.08|0.216|0.181|0.084|0.051|0.034|0.066|0.01|0.003|0.015|0.119|0.045|0.022|0.028|0.046
202403|27|27110|28110000|4111000000|인천|서초구|역삼동|서초1동|NH2720|힐스테이트|11602|1|5|0.019|0.011|0.072|0.024|0.013|0.095|0.158|0.085|0.038|0.079|0.098|0.075|0.026|0.154|0.052
202403|41|43110|45110000|4511000000|서울|서초구|서초동|서초1동|NH1037|힐스테이트|14859|2|4|0.107|0.073|0.013|0.007|0.018|0.069|0.009|0.1|0.129|0.034|0.071|0.131|0.06|0.061|0.118
202403|45|42110|45110000|4711000000|부산|성남시|역삼동|서초1동|NH8026|래미안|5009|2|3|0.008|0.213|0.088|0.015|0.063|0.099|0.028|0.041|0.062|0.12|0.039|0.111|0.026|0.014|0.073
202403|43|41110|11170000|2614000000|인천|성남시|역삼동|역삼1동|NH7367|푸르지오|10288|2|2|0.053|0.034|0.135|0.081|0.004|0.069|0.17|0.054|0.02|0.005|0.009|0.216|0.008|0.143|0.0
202403|47|26110|41150000|2711000000|서울|서초구|역삼동|역삼1동|NH5694|자이|7558|x|5|0.119|0.054|0.017|0.078|0.044|0.142|0.081|0.027|0.002|0.174|0.113|0.014|0.003|0.046|0.086
202403|27|42110|11140000|1117000000|경기|강남구|서초동|서초1동|NH1888|자이|16869|1|4|0.013|0.001|0.015|0.0|0.032|0.07|0.046|0.274|0.059|0.009|0.045|0.189|0.141|0.045|0.062
202403|46|47110|47110000|1117000000|경기|수원시|역삼동|서초1동|NH2647|푸르지오|3889|2|3|0.181|0.08|0.03|0.096|0.043|0.004|0.077|0.049|0.021|0.111|0.037|0.014|0.0|0.24|0.02
202403|43|11110|26110000|4711000000|인천|서초구|서초동|역삼1동|NH1889|푸르지오|12390|1|4|0.132|0.012|0.03|0.009|0.053|0.049|0.02|0.144|0.093|0.085|0.165|0.072|0.036|0.08|0.021
202403|42|43110|43110000|1117000000|부산|강남구|인계동|역삼1동|NH4282|힐스테이트|15417|2|3|0.253|0.005|0.024|0.184|0.084|0.007|0.209|0.006|0.025|0.004|0.02|0.039|0.094|0.007|0.039
202403|42|43110|28110000|4311000000|경기|수원시|인계동|서초1동|NH4424|푸르지오|11931|1|3|0.083|0.084|0.062|0.061|0.028|0.094|0.017|0.109|0.118|0.035|0.136|0.028|0.029|0.006|0.109
202403|47|43110|11170000|4211000000|서울|강남구|서초동|서초1동|NH2291|자이|12273|2|2|0.066|0.014|0.021|0.022|0.167|0.073|0.103|0.03|0.093|0.089|0.138|0.062|0.009|0.093|0.021
202403|44|11200|41110000|2614000000|인천|수원시|인계동|역삼1동|NH9983|푸르지오|17493|1|5|0.182|0.074|0.042|0.124|0.127|0.004|0.061|0.182|0.002|0.018|0.02|0.052|0.017|0.036|0.061
202403|27|11110|11140000|4413000000|경기|강남구|역삼동|역삼1동|NH3596|힐스테이트|10124|2|3|0.128|0.011|0.049|0.002|0.148|0.168|0.103|0.004|0.017|0.157|0.104|0.045|0.006|0.036|0.022
202403|26|11200|42110000|4113000000|인천|서초구|역삼동|역삼1동|NH2301|푸르지오|4539|2|3|0.073|0.032|0.038|0.014|0.028|0.004|0.006|0.273|0.046|0.149|0.169|0.021|0.052|0.003|0.092
202403|27|44130|47110000|1117000000|서울|성남시|역삼동|서초1동|NH6426|힐스테이트|16170|2|6|0.064|0.192|0.038|0.02|0.031|0.038|0.059|0.005|0.035|0.07|0.153|0.054|0.03|0.186|0.026
202403|45|27110|26140000|4413000000|경기|서초구|인계동|역삼1동|NH8341|자이|8452|1|5|0.013|0.021|0.007|0.031|0.02|0.051|0.026|0.008|0.249|0.048|0.162|0.069|0.03|0.15|0.115
202403|26|11170|27110000|4115000000|경기|성남시|서초동|역삼1동|NH8036|푸르지오|6726|1|2|0.019|0.02|0.011|0.002|0.002|0.114|0.027|0.005|0.202|0.252|0.113|0.039|0.082|0.011|0.1
202403|41|47110|41130000|2711000000|인천|수원시|역삼동|서초1동|NH7441|힐스테이트|8275|2|2|0.146|0.047|0.015|0.027|0.171|0.124|0.011|0.049|0.002|0.066|0.015|0.213|0.052|0.003|0.062
202403|41|27110|26110000|4311000000|서울|수원시|서초동|역삼1동|NH2723|래미안|15190|1|3|0.051|0.038|0.022|0.091|0.147|0.136|0.032|0.016|0.102|0.029|0.021|0.019|0.137|0.032|0.127
202403|46|11200|11170000|1117000000|인천|수원시|인계동|서초1동|NH6727|자이|11790|x|6|0.029|0.077|0.009|0.037|0.208|0.072|0.056|0.032|0.033|0.075|0.023|0.18|0.03|0.093|0.046
202403|11|42110|42110000|2811000000|인천|서초구|인계동|역삼1동|NH9738|힐스테이트|3918|1|2|0.004|0.067|0.185|0.056|0.026|0.063|0.025|0.02|0.06|0.024|0.011|0.027|0.26|0.089|0.086
202403|46|26140|41150000|4311000000|인천|강남구|서초동|서초1동|NH7523|자이|18941|2|3|0.041|0.071|0.104|0.012|0.039|0.027|0.017|0.022|0.004|0.0|0.016|0.096|0.323|0.176|0.051
202403|27|41110|27110000|4511000000|서울|성남시|서초동|서초1동|NH1849|푸르지오|4676|2|3|0.072|0.185|0.01|0.011|0.178|0.025|0.012|0.108|0.019|0.051|0.199|0.086|0.019|0.022|0.003
202403|11|47110|44130000|2711000000|인천|성남시|역삼동|서초1동|NH6254|래미안|10524|2|5|0.054|0.038|0.004|0.03|0.08|0.012|0.055|0.129|0.043|0.106|0.021|0.017|0.066|0.304|0.041
202403|11|11170|11140000|4611000000|서울|서초구|서초동|역삼1동|NH5064|래미안|17441|x|5|0.317|0.023|0.009|0.039|0.031|0.058|0.041|0.01|0.016|0.087|0.137|0.016|0.099|0.108|0.009
202403|43|47110|41110000|4611000000|서울|강남구|역삼동|서초1동|NH6231|래미안|17593|1|3|0.016|0.1|0.098|0.01|0.498|0.016|0.036|0.007|0.005|0.026|0.05|0.027|0.047|0.006|0.057
202403|41|41150|28110000|1120000000|부산|강남구|인계동|역삼1동|NH7180|래미안|3805|1|6|0.035|0.04|0.011|0.165|0.234|0.054|0.035|0.011|0.088|0.136|0.03|0.05|0.005|0.08|0.025
202403|46|45110|11110000|4211000000|경기|서초구|역삼동|역삼1동|NH9871|푸르지오|16675|2|3|0.081|0.083|0.017|0.187|0.088|0.029|0.022|0.027|0.07|0.102|0.019|0.015|0.078|0.174|0.01
202403|26|26110|11170000|2611000000|서울|수원시|서초동|역삼1동|NH4253|푸르지오|9481|1|3|0.047|0.013|0.057|0.038|0.006|0.009|0.013|0.04|0.232|0.016|0.04|0.197|0.136|0.137|0.019
202403|11|46110|11140000|4711000000|서울|성남시|인계동|서초1동|NH2373|자이|16906|2|6|0.025|0.008|0.138|0.053|0.036|0.049|0.002|0.175|0.003|0.105|0.019|0.04|0.141|0.083|0.123
202403|11|43110|41130000|4311000000|서울|강남구|서초동|서초1동|NH4559|힐스테이트|18119|1|5|0.001|0.016|0.068|0.007|0.072|0.02|0.037|0.062|0.03|0.036|0.082|0.143|0.023|0.273|0.13
202403|26|41150|11200000|4111000000|경기|수원시|서초동|서초1동|NH3657|자이|4026|x|5|0.033|0.031|0.063|0.085|0.096|0.14|0.078|0.07|0.109|0.025|0.03|0.098|0.066|0.002|0.074
202403|27|41110|11110000|4111000000|부산|성남시|역삼동|역삼1동|NH8436|자이|12911|x|2|0.001|0.213|0.079|0.034|0.022|0.155|0.002|0.076|0.038|0.039|0.034|0.031|0.097|0.145|0.035
202403|41|47110|27110000|4511000000|경기|강남구|서초동|서초1동|NH9297|힐스테이트|13793|1|3|0.061|0.018|0.007|0.008|0.077|0.086|0.019|0.036|0.018|0.225|0.08|0.041|0.034|0.122|0.167
202403|26|41110|45110000|4413000000|경기|서초구|인계동|역삼1동|NH9351|푸르지오|13898|2|3|0.047|0.04|0.11|0.012|0.024|0.044|0.011|0.024|0.244|0.02|0.182|0.08|0.006|0.03|0.127
202403|26|41110|28110000|4211000000|인천|수원시|역삼동|역삼1동|NH4382|자이|7190|2|6|0.023|0.051|0.008|0.256|0.013|0.013|0.041|0.087|0.115|0.068|0.101|0.114|0.039|0.066|0.004
202403|42|47110|46110000|1111000000|경기|수원시|서초동|역삼1동|NH1906|힐스테이트|18381|1|6|0.026|0.091|0.009|0.023|0.017|0.002|0.04|0.064|0.036|0.049|0.095|0.319|0.139|0.013|0.078
202403|46|41110|41150000|4111000000|경기|성남시|인계동|서초1동|NH3737|자이|3899|2|4|0.012|0.061|0.04|0.005|0.022|0.025|0.035|0.257|0.216|0.121|0.065|0.061|0.053|0.01|0.018
202403|45|11140|46110000|4611000000|서울|성남시|서초동|서초1동|NH3476|래미안|2165|2|5|0.012|0.02|0.134|0.008|0.12|0.071|0.016|0.028|0.056|0.175|0.074|0.003|0.04|0.116|0.126
202403|42|11170|11170000|2611000000|서울|강남구|인계동|역삼1동|NH7177|푸르지오|13865|2|2|0.09|0.019|0.031|0.003|0.09|0.039|0.265|0.049|0.093|0.073|0.101|0.012|0.059|0.013|0.062
202403|41|11110|11110000|1111000000|경기|강남구|역삼동|서초1동|NH1621|래미안|19020|1|4|0.159|0.083|0.142|0.005|0.097|0.055|0.004|0.103|0.024|0.079|0.007|0.071|0.082|0.05|0.04
202403|46|42110|41150000|4611000000|경기|강남구|인계동|역삼1동|NH9775|자이|3837|x|6|0.161|0.007|0.087|0.051|0.081|0.113|0.041|0.005|0.002|0.046|0.036|0.018|0.05|0.056|0.246
202403|46|41110|45110000|2614000000|인천|서초구|역삼동|서초1동|NH7250|힐스테이트|9352|1|4|0.009|0.03|0.006|0.036|0.009|0.048|0.026|0.019|0.286|0.148|0.013|0.012|0.106|0.212|0.041
202403|42|43110|26140000|1114000000|서울|성남시|인계동|역삼1동|NH9203|래미안|13075|1|4|0.063|0.045|0.35|0.077|0.007|0.019|0.07|0.027|0.13|0.109|0.03|0.001|0.024|0.037|0.01
202403|46|41150|11200000|1117000000|인천|성남시|서초동|서초1동|NH6663|래미안|3265|2|6|0.036|0.042|0.002|0.076|0.087|0.068|0.038|0.039|0.07|0.121|0.008|0.125|0.031|0.23|0.026
202403|27|26140|41150000|2614000000|경기|수원시|서초동|역삼1동|NH8502|자이|8559|x|3|0.145|0.044|0.077|0.005|0.102|0.034|0.001|0.186|0.07|0.008|0.099|0.106|0.036|0.003|0.083
202403|11|27110|11110000|1114000000|서울|성남시|인계동|역삼1동|NH2780|힐스테이트|4771|2|3|0.016|0.018|0.076|0.058|0.084|0.004|0.069|0.035|0.081|0.047|0.011|0.037|0.342|0.062|0.058
202403|27|11170|11170000|4511000000|경기|수원시|인계동|역삼1동|NH8017|래미안|17169|x|4|0.016|0.116|0.124|0.07|0.142|0.005|0.018|0.001|0.108|0.062|0.007|0.209|0.016|0.092|0.015
202403|26|11110|41130000|4611000000|인천|강남구|인계동|역삼1동|NH7662|래미안|12144|2|3|0.073|0.147|0.013|0.016|0.036|0.042|0.022|0.001|0.03|0.162|0.222|0.031|0.067|0.096|0.041
202403|44|43110|44130000|4311000000|부산|강남구|서초동|역삼1동|NH5395|힐스테이트|12542|1|6|0.032|0.009|0.345|0.015|0.095|0.0|0.005|0.025|0.038|0.082|0.168|0.051|0.053|0.03|0.052
202403|44|44130|11110000|1114000000|인천|강남구|서초동|서초1동|NH1827|힐스테이트|8643|2|4|0.001|0.063|0.128|0.285|0.013|0.071|0.054|0.119|0.044|0.035|0.017|0.023|0.071|0.036|0.037
202403|27|44130|42110000|1120000000|부산|수원시|역삼동|역삼1동|NH8186|래미안|10617|1|6|0.027|0.008|0.069|0.217|0.017|0.14|0.048|0.026|0.029|0.07|0.189|0.005|0.085|0.053|0.018
202403|26|11170|44130000|2811000000|경기|성남시|서초동|역삼1동|NH4016|자이|8957|1|5|0.053|0.013|0.297|0.012|0.076|0.012|0.037|0.031|0.077|0.105|0.037|0.027|0.09|0.037|0.096
202403|26|41110|45110000|1117000000|인천|성남시|인계동|서초1동|NH7394|힐스테이트|7247|1|5|0.035|0.148|0.063|0.199|0.028|0.032|0.084|0.103|0.037|0.044|0.018|0.077|0.023|0.051|0.058
202403|27|11170|44130000|4113000000|경기|서초구|서초동|서초1동|NH1096|푸르지오|10244|x|4|0.035|0.01|0.103|0.085|0.093|0.044|0.039|0.115|0.102|0.006|0.05|0.249|0.03|0.0|0.039
202403|45|26140|46110000|4211000000|경기|서초구|인계동|서초1동|NH9499|푸르지오|7283|2|2|0.041|0.082|0.028|0.047|0.002|0.064|0.071|0.08|0.053|0.182|0.083|0.112|0.043|0.064|0.048
202403|47|46110|26140000|2614000000|서울|강남구|역삼동|서초1동|NH2990|자이|12092|2|6|0.152|0.002|0.004|0.022|0.057|0.015|0.017|0.008|0.043|0.087|0.092|0.251|0.107|0.12|0.023
202403|44|42110|47110000|4711000000|경기|성남시|인계동|역삼1동|NH5331|힐스테이트|16550|2|4|0.034|0.161|0.022|0.074|0.128|0.066|0.002|0.035|0.078|0.054|0.074|0.069|0.065|0.131|0.007
202403|45|42110|26140000|4413000000|인천|서초구|역삼동|서초1동|NH6805|래미안|5136|1|3|0.079|0.002|0.139|0.165|0.203|0.001|0.027|0.074|0.014|0.031|0.044|0.092|0.063|0.06|0.008
202403|41|42110|44130000|4113000000|서울|서초구|역삼동|역삼1동|NH5213|힐스테이트|3954|2|6|0.071|0.031|0.066|0.151|0.146|0.074|0.091|0.012|0.065|0.019|0.007|0.038|0.008|0.058|0.162
202403|11|47110|11140000|4211000000|부산|강남구|역삼동|역삼1동|NH7335|푸르지오|13806|2|4|0.055|0.014|0.006|0.138|0.095|0.04|0.064|0.095|0.025|0.112|0.109|0.098|0.042|0.077|0.03
202403|47|41130|11200000|4711000000|경기|성남시|인계동|역삼1동|NH3371|래미안|19880|1|4|0.239|0.008|0.022|0.051|0.013|0.143|0.01|0.134|0.038|0.04|0.196|0.011|0.018|0.004|0.072
202403|42|11110|28110000|1117000000|서울|서초구|인계동|역삼1동|NH3375|자이|15714|1|4|0.126|0.006|0.121|0.035|0.004|0.053|0.004|0.025|0.036|0.076|0.004|0.023|0.164|0.28|0.042
202403|26|42110|11170000|2711000000|경기|수원시|인계동|역삼1동|NH6329|래미안|10858|1|2|0.002|0.123|0.069|0.073|0.073|0.032|0.171|0.019|0.1|0.004|0.147|0.108|0.024|0.031|0.024
202403|46|11200|42110000|1120000000|경기|서초구|역삼동|역삼1동|NH7044|힐스테이트|3267|2|3|0.004|0.072|0.05|0.038|0.115|0.006|0.014|0.007|0.016|0.015|0.018|0.227|0.108|0.168|0.14
202403|45|26140|45110000|2811000000|서울|성남시|서초동|역삼1동|NH1741|래미안|13364|1|4|0.398|0.009|0.039|0.052|0.123|0.163|0.028|0.013|0.061|0.047|0.017|0.019|0.029|0.0|0.002
202403|42|44130|44130000|4211000000|인천|강남구|인계동|서초1동|NH9394|푸르지오|17745|2|5|0.095|0.139|0.042|0.101|0.042|0.053|0.137|0.08|0.026|0.087|0.072|0.004|0.042|0.023|0.059
202403|45|42110|11140000|1114000000|경기|강남구|서초동|역삼1동|NH8819|래미안|17341|2|3|0.028|0.015|0.077|0.038|0.102|0.05|0.064|0.068|0.087|0.004|0.023|0.36|0.029|0.004|0.052
202403|46|41110|44130000|4113000000|인천|수원시|서초동|역삼1동|NH3736|힐스테이트|4035|1|5|0.001|0.041|0.052|0.099|0.05|0.09|0.189|0.137|0.079|0.044|0.018|0.072|0.037|0.063|0.03
202403|26|11170|11170000|4115000000|부산|성남시|인계동|서초1동|NH6763|자이|6539|x|4|0.049|0.095|0.113|0.176|0.048|0.013|0.072|0.063|0.095|0.063|0.064|0.015|0.011|0.011|0.112
202403|46|44130|27110000|1120000000|서울|성남시|서초동|서초1동|NH6945|래미안|19919|2|6|0.082|0.097|0.005|0.042|0.148|0.097|0.063|0.089|0.115|0.021|0.041|0.055|0.03|0.09|0.026
202403|27|41130|26140000|4511000000|인천|성남시|인계동|역삼1동|NH7342|푸르지오|11970|1|3|0.196|0.246|0.013|0.042|0.092|0.132|0.048|0.008|0.023|0.001|0.002|0.009|0.038|0.042|0.109
202403|26|44130|44130000|2711000000|부산|수원시|서초동|역삼1동|NH3364|래미안|9554|x|2|0.071|0.048|0.002|0.131|0.029|0.042|0.031|0.22|0.015|0.044|0.062|0.037|0.046|0.074|0.148
202403|42|42110|28110000|4311000000|인천|강남구|인계동|역삼1동|NH3737|푸르지오|15543|2|5|0.066|0.041|0.039|0.171|0.159|0.083|0.001|0.022|0.085|0.049|0.038|0.022|0.054|0.166|0.004
202403|11|44130|11170000|1114000000|인천|성남시|서초동|서초1동|NH8535|힐스테이트|19546|2|2|0.048|0.023|0.028|0.017|0.077|0.063|0.03|0.037|0.038|0.319|0.025|0.16|0.005|0.08|0.05
202403|11|41150|27110000|4111000000|경기|성남시|역삼동|역삼1동|NH2433|푸르지오|8162|2|4|0.045|0.018|0.117|0.008|0.151|0.007|0.001|0.28|0.043|0.043|0.048|0.013|0.188|0.016|0.021
202403|27|26110|47110000|4611000000|경기|수원시|서초동|서초1동|NH1134|푸르지오|13421|x|6|0.136|0.073|0.091|0.059|0.074|0.029|0.029|0.029|0.06|0.004|0.187|0.142|0.004|0.012|0.071
202403|47|27110|41110000|2711000000|인천|서초구|인계동|서초1동|NH9043|힐스테이트|12512|2|3|0.056|0.012|0.103|0.181|0.065|0.17|0.035|0.075|0.004|0.009|0.066|0.005|0.116|0.064|0.039
202403|11|41130|11110000|1117000000|부산|강남구|인계동|서초1동|NH6175|자이|5762|x|3|0.007|0.039|0.077|0.091|0.056|0.004|0.065|0.045|0.041|0.034|0.099|0.262|0.051|0.095|0.037
202403|26|42110|11200000|1120000000|경기|성남시|역삼동|역삼1동|NH6117|푸르지오|19678|1|3|0.002|0.073|0.038|0.015|0.05|0.215|0.04|0.067|0.017|0.023|0.005|0.155|0.254|0.007|0.037
202403|42|27110|41150000|4711000000|인천|수원시|인계동|서초1동|NH5076|래미안|9159|2|6|0.167|0.054|0.07|0.024|0.173|0.026|0.037|0.055|0.045|0.032|0.202|0.002|0.01|0.096|0.007
202403|43|42110|41150000|4111000000|부산|강남구|인계동|서초1동|NH2959|자이|15442|2|6|0.085|0.059|0.097|0.058|0.006|0.001|0.007|0.013|0.006|0.089|0.095|0.226|0.037|0.053|0.168
202403|11|27110|44130000|2611000000|서울|서초구|인계동|역삼1동|NH5972|자이|5756|1|4|0.036|0.107|0.008|0.006|0.059|0.133|0.056|0.12|0.067|0.033|0.097|0.03|0.05|0.051|0.149
202403|47|27110|28110000|1120000000|경기|성남시|역삼동|서초1동|NH3386|힐스테이트|18257|2|4|0.004|0.134|0.064|0.083|0.034|0.149|0.092|0.103|0.006|0.017|0.032|0.192|0.026|0.021|0.043
202403|46|11200|46110000|1120000000|서울|서초구|역삼동|역삼1동|NH2732|래미안|4902|x|4|0.089|0.098|0.032|0.02|0.002|0.035|0.09|0.017|0.215|0.005|0.058|0.071|0.079|0.012|0.177
202403|44|11170|28110000|4115000000|서울|수원시|서초동|역삼1동|NH1414|힐스테이트|11112|1|6|0.023|0.016|0.147|0.239|0.015|0.099|0.05|0.006|0.079|0.017|0.099|0.023|0.077|0.048|0.063
202403|43|41150|11170000|4311000000|인천|서초구|서초동|서초1동|NH2508|힐스테이트|14668|2|5|0.043|0.012|0.0|0.017|0.166|0.001|0.047|0.202|0.031|0.007|0.108|0.252|0.018|0.068|0.027
202403|27|41130|11200000|4311000000|부산|수원시|인계동|서초1동|NH7138|힐스테이트|19020|2|6|0.06|0.031|0.005|0.083|0.075|0.029|0.071|0.003|0.055|0.228|0.016|0.198|0.079|0.007|0.059
202403|42|11170|43110000|4115000000|경기|서초구|역삼동|서초1동|NH5639|푸르지오|19947|1|4|0.014|0.013|0.055|0.048|0.215|0.047|0.046|0.042|0.032|0.137|0.108|0.011|0.052|0.093|0.087
202403|45|45110|42110000|1117000000|서울|강남구|인계동|서초1동|NH3692|자이|15540|1|4|0.027|0.024|0.013|0.047|0.017|0.097|0.088|0.084|0.049|0.009|0.018|0.374|0.002|0.033|0.117
202403|42|42110|11140000|4711000000|서울|서초구|인계동|서초1동|NH8833|래미안|6113|2|4|0.144|0.034|0.065|0.025|0.081|0.004|0.048|0.001|0.028|0.075|0.015|0.062|0.131|0.085|0.203
202403|27|11170|47110000|2811000000|경기|서초구|서초동|역삼1동|NH5528|자이|6533|1|6|0.027|0.023|0.001|0.106|0.057|0.065|0.001|0.19|0.01|0.031|0.063|0.024|0.056|0.127|0.219
202403|44|11140|26110000|2711000000|서울|수원시|역삼동|역삼1동|NH7792|푸르지오|9727|2|5|0.048|0.042|0.064|0.008|0.062|0.061|0.044|0.262|0.012|0.075|0.015|0.022|0.02|0.207|0.057
202403|11|11110|26140000|4511000000|부산|강남구|인계동|역삼1동|NH8946|힐스테이트|9804|1|5|0.004|0.098|0.012|0.081|0.022|0.074|0.064|0.209|0.232|0.028|0.101|0.002|0.003|0.029|0.038
202403|45|47110|11200000|2611000000|경기|성남시|역삼동|서초1동|NH4646|자이|10524|2|4|0.002|0.173|0.054|0.029|0.062|0.193|0.012|0.133|0.013|0.015|0.012|0.167|0.05|0.044|0.04
202403|46|42110|27110000|2614000000|서울|수원시|인계동|서초1동|NH8078|래미안|6328|1|4|0.015|0.067|0.049|0.08|0.171|0.122|0.007|0.013|0.089|0.139|0.084|0.009|0.097|0.023|0.033
202403|45|41150|11200000|4115000000|서울|서초구|서초동|역삼1동|NH2920|푸르지오|18309|2|3|0.058|0.008|0.032|0.102|0.088|0.138|0.065|0.062|0.121|0.154|0.011|0.009|0.005|0.114|0.032
202403|26|26140|26140000|4111000000|인천|강남구|서초동|역삼1동|NH6948|래미안|9147|1|5|0.01|0.004|0.06|0.155|0.122|0.072|0.032|0.228|0.026|0.112|0.006|0.037|0.026|0.023|0.088
202403|47|26140|26110000|2811000000|서울|수원시|인계동|역삼1동|NH5646|푸르지오|4967|1|5|0.124|0.104|0.03|0.0|0.013|0.017|0.063|0.021|0.076|0.102|0.021|0.047|0.066|0.067|0.249
202403|45|47110|26140000|4111000000|서울|강남구|역삼동|역삼1동|NH9851|푸르지오|16467|1|4|0.091|0.009|0.027|0.165|0.076|0.071|0.029|0.019|0.012|0.001|0.143|0.063|0.0|0.25|0.042
202403|46|43110|11140000|4211000000|서울|성남시|역삼동|역삼1동|NH9617|푸르지오|7059|2|5|0.063|0.201|0.101|0.009|0.042|0.011|0.076|0.073|0.088|0.005|0.122|0.025|0.119|0.019|0.048
202403|27|44130|11200000|4311000000|서울|서초구|서초동|역삼1동|NH2940|힐스테이트|4180|1|3|0.18|0.19|0.035|0.111|0.009|0.087|0.023|0.073|0.001|0.019|0.001|0.125|0.034|0.074|0.036
202403|47|28110|26110000|2711000000|경기|서초구|역삼동|서초1동|NH2580|푸르지오|9983|2|2|0.305|0.042|0.014|0.04|0.033|0.027|0.058|0.061|0.008|0.002|0.059|0.08|0.022|0.154|0.093
202403|46|47110|41130000|4711000000|서울|서초구|인계동|서초1동|NH9298|푸르지오|2919|2|4|0.006|0.041|0.103|0.038|0.141|0.001|0.02|0.053|0.164|0.165|0.084|0.036|0.117|0.011|0.019
202403|27|26140|45110000|2611000000|경기|서초구|역삼동|서초1동|NH1640|힐스테이트|10325|1|3|0.019|0.049|0.058|0.007|0.045|0.005|0.02|0.071|0.027|0.238|0.012|0.06|0.102|0.128|0.16
202403|47|11140|43110000|1114000000|경기|수원시|역삼동|역삼1동|NH7539|힐스테이트|10648|1|3|0.018|0.207|0.012|0.001|0.206|0.011|0.1|0.045|0.001|0.045|0.15|0.069|0.111|0.013|0.01
202403|44|46110|41150000|2614000000|경기|수원시|역삼동|서초1동|NH6485|힐스테이트|15604|1|4|0.005|0.016|0.152|0.122|0.111|0.036|0.018|0.125|0.02|0.067|0.062|0.223|0.021|0.008|0.016
202403|11|27110|41150000|1114000000|서울|서초구|인계동|역삼1동|NH4443|자이|19839|2|3|0.032|0.118|0.062|0.027|0.019|0.015|0.068|0.126|0.026|0.098|0.023|0.217|0.007|0.031|0.131
202403|44|47110|28110000|4711000000|서울|강남구|역삼동|역삼1동|NH3758|자이|17446|2|5|0.043|0.188|0.009|0.078|0.019|0.014|0.056|0.007|0.038|0.027|0.0|0.193|0.24|0.041|0.046
202403|47|11170|47110000|4111000000|부산|수원시|서초동|서초1동|NH8510|래미안|17569|1|6|0.02|0.109|0.031|0.009|0.03|0.088|0.27|0.067|0.053|0.027|0.068|0.054|0.004|0.024|0.147
202403|42|27110|47110000|1117000000|서울|강남구|역삼동|역삼1동|NH3329|힐스테이트|10464|2|4|0.026|0.062|0.055|0.006|0.031|0.04|0.216|0.059|0.126|0.073|0.06|0.018|0.038|0.15|0.042
202403|45|41110|28110000|4115000000|경기|수원시|인계동|서초1동|NH9015|푸르지오|4330|1|5|0.048|0.02|0.058|0.093|0.028|0.141|0.048|0.027|0.042|0.083|0.093|0.112|0.149|0.059|0.0
202403|11|26110|43110000|4611000000|인천|서초구|서초동|서초1동|NH5299|힐스테이트|3718|2|6|0.153|0.004|0.033|0.041|0.08|0.123|0.088|0.015|0.096|0.044|0.046|0.015|0.1|0.06|0.103
202403|45|42110|41130000|4113000000|서울|서초구|역삼동|역삼1동|NH1921|자이|11972|2|5|0.106|0.114|0.041|0.074|0.031|0.04|0.31|0.051|0.048|0.024|0.004|0.098|0.016|0.021|0.019
202403|44|46110|44130000|1111000000|경기|성남시|인계동|서초1동|NH8377|힐스테이트|14411|1|4|0.073|0.029|0.049|0.031|0.015|0.009|0.392|0.086|0.042|0.046|0.013|0.02|0.071|0.034|0.09
202403|44|43110|41150000|1111000000|서울|수원시|서초동|역삼1동|NH1335|래미안|10294|1|2|0.026|0.03|0.001|0.161|0.101|0.116|0.08|0.023|0.071|0.023|0.052|0.052|0.027|0.086|0.151
202403|47|11140|26110000|1111000000|경기|성남시|서초동|서초1동|NH3261|힐스테이트|19390|1|4|0.035|0.041|0.001|0.049|0.099|0.014|0.072|0.147|0.028|0.146|0.003|0.036|0.165|0.162|0.002
202403|41|42110|44130000|4211000000|부산|서초구|인계동|서초1동|NH9917|자이|12262|1|5|0.024|0.004|0.031|0.066|0.191|0.066|0.098|0.062|0.177|0.072|0.05|0.05|0.026|0.022|0.06
202403|44|41130|46110000|4211000000|인천|성남시|인계동|역삼1동|NH9271|힐스테이트|12303|2|2|0.014|0.007|0.027|0.073|0.061|0.02|0.144|0.013|0.07|0.0|0.423|0.033|0.094|0.015|0.005
202403|44|26110|26140000|4711000000|부산|서초구|인계동|역삼1동|NH8343|래미안|8004|x|3|0.063|0.032|0.164|0.048|0.026|0.004|0.052|0.068|0.03|0.048|0.189|0.235|0.022|0.011|0.008
202403|27|11140|11200000|4111000000|서울|강남구|서초동|역삼1동|NH6398|힐스테이트|18694|1|4|0.056|0.064|0.213|0.014|0.004|0.062|0.036|0.04|0.031|0.009|0.073|0.149|0.081|0.113|0.055
202403|41|26110|27110000|4511000000|부산|수원시|역삼동|서초1동|NH3038|자이|11781|2|5|0.096|0.006|0.077|0.199|0.049|0.197|0.064|0.085|0.034|0.039|0.001|0.005|0.009|0.099|0.039
202403|46|41110|11140000|1120000000|부산|성남시|역삼동|서초1동|NH6310|힐스테이트|11035|1|6|0.158|0.105|0.023|0.03|0.102|0.123|0.049|0.088|0.109|0.008|0.045|0.032|0.003|0.081|0.045
202403|11|43110|27110000|4311000000|경기|성남시|서초동|역삼1동|NH5559|힐스테이트|19462|2|6|0.033|0.048|0.007|0.14|0.079|0.095|0.067|0.055|0.035|0.065|0.034|0.083|0.049|0.13|0.079
202403|26|45110|27110000|2811000000|부산|수원시|서초동|역삼1동|NH3966|푸르지오|14050|1|5|0.0|0.129|0.161|0.006|0.005|0.174|0.045|0.043|0.031|0.035|0.109|0.146|0.054|0.017|0.045
202403|45|11110|41110000|4711000000|부산|강남구|서초동|역삼1동|NH2794|푸르지오|5743|x|5|0.063|0.017|0.11|0.032|0.002|0.086|0.03|0.054|0.102|0.133|0.195|0.031|0.079|0.008|0.06
202403|11|41110|43110000|4113000000|인천|수원시|역삼동|역삼1동|NH2385|래미안|12252|1|3|0.002|0.042|0.07|0.023|0.047|0.017|0.035|0.083|0.149|0.103|0.009|0.12|0.144|0.04|0.118
202403|43|11200|41150000|4511000000|경기|성남시|서초동|서초1동|NH9327|자이|13861|1|3|0.02|0.008|0.042|0.076|0.076|0.115|0.007|0.04|0.07|0.24|0.054|0.031|0.129|0.083|0.008
202403|43|11110|28110000|2811000000|경기|성남시|인계동|역삼1동|NH9864|자이|10982|1|6|0.018|0.041|0.084|0.189|0.046|0.038|0.074|0.114|0.049|0.115|0.005|0.007|0.058|0.066|0.097
202403|43|43110|44130000|2711000000|경기|서초구|서초동|서초1동|NH9408|푸르지오|12550|2|5|0.117|0.042|0.003|0.156|0.021|0.072|0.085|0.037|0.033|0.071|0.095|0.038|0.009|0.165|0.055
202403|26|26110|28110000|4611000000|경기|수원시|서초동|역삼1동|NH8351|래미안|14945|1|5|0.03|0.123|0.127|0.046|0.217|0.013|0.02|0.047|0.059|0.056|0.149|0.001|0.035|0.0|0.076
202403|43|46110|41110000|4711000000|부산|성남시|인계동|서초1동|NH8273|래미안|9165|2|3|0.098|0.155|0.043|0.078|0.033|0.011|0.058|0.023|0.019|0.132|0.006|0.077|0.028|0.184|0.055
202403|11|44130|43110000|2711000000|인천|강남구|인계동|역삼1동|NH4389|푸르지오|6839|2|4|0.011|0.235|0.055|0.161|0.032|0.038|0.065|0.0|0.051|0.025|0.074|0.028|0.166|0.026|0.034
202403|26|41130|44130000|4211000000|부산|수원시|역삼동|역삼1동|NH3681|래미안|5460|x|4|0.046|0.333|0.091|0.015|0.016|0.043|0.037|0.1|0.074|0.048|0.052|0.01|0.043|0.001|0.092
202403|11|41150|43110000|1114000000|서울|수원시|인계동|역삼1동|NH1755|푸르지오|9745|2|4|0.18|0.093|0.126|0.045|0.108|0.033|0.039|0.01|0.016|0.013|0.018|0.188|0.008|0.067|0.056
202403|11|27110|26110000|4413000000|경기|서초구|인계동|역삼1동|NH7588|푸르지오|7863|x|5|0.023|0.058|0.143|0.029|0.107|0.028|0.09|0.115|0.104|0.06|0.04|0.023|0.038|0.025|0.116
202403|26|41150|47110000|4111000000|인천|서초구|서초동|역삼1동|NH8316|래미안|19084|2|6|0.122|0.133|0.077|0.024|0.046|0.068|0.062|0.065|0.052|0.158|0.012|0.005|0.026|0.037|0.115
202403|44|43110|11200000|4611000000|서울|성남시|인계동|서초1동|NH6021|래미안|2682|1|5|0.074|0.012|0.033|0.008|0.17|0.097|0.07|0.081|0.055|0.064|0.122|0.024|0.007|0.046|0.138
202403|44|42110|41130000|2711000000|부산|수원시|서초동|서초1동|NH5055|자이|15637|2|4|0.034|0.133|0.033|0.157|0.042|0.026|0.098|0.036|0.002|0.101|0.116|0.003|0.142|0.012|0.066
202403|46|42110|11110000|2811000000|서울|강남구|서초동|역삼1동|NH1332|힐스테이트|9738|2|5|0.0|0.095|0.121|0.081|0.087|0.03|0.02|0.007|0.03|0.003|0.319|0.094|0.038|0.073|0.002
202403|41|41130|11140000|1120000000|서울|성남시|인계동|역삼1동|NH3565|푸르지오|14390|1|4|0.099|0.05|0.096|0.019|0.021|0.065|0.022|0.118|0.014|0.002|0.155|0.124|0.043|0.159|0.013
202403|45|41110|41130000|2711000000|부산|강남구|역삼동|역삼1동|NH7245|푸르지오|10235|2|3|0.008|0.013|0.052|0.146|0.017|0.021|0.051|0.209|0.188|0.012|0.046|0.084|0.061|0.029|0.063
202403|11|11110|45110000|4111000000|서울|서초구|서초동|역삼1동|NH2490|푸르지오|18921|1|3|0.128|0.16|0.013|0.015|0.029|0.01|0.09|0.13|0.013|0.177|0.098|0.019|0.037|0.08|0.001
202403|45|41110|46110000|4211000000|부산|강남구|서초동|서초1동|NH8599|래미안|6654|x|4|0.07|0.195|0.066|0.009|0.031|0.008|0.019|0.104|0.109|0.054|0.047|0.028|0.07|0.069|0.121
202403|46|47110|44130000|2811000000|부산|서초구|인계동|역삼1동|NH9967|자이|6340|1|5|0.051|0.018|0.05|0.054|0.105|0.068|0.167|0.276|0.001|0.059|0.014|0.087|0.014|0.022|0.015
202403|26|11110|41130000|2611000000|부산|수원시|역삼동|서초1동|NH6791|힐스테이트|6309|1|6|0.031|0.072|0.011|0.127|0.129|0.021|0.066|0.005|0.2|0.021|0.028|0.079|0.045|0.114|0.052
202403|44|43110|11170000|4413000000|서울|수원시|인계동|서초1동|NH6754|힐스테이트|2378|x|6|0.096|0.036|0.156|0.053|0.007|0.053|0.034|0.002|0.015|0.08|0.117|0.087|0.111|0.036|0.117
202403|43|44130|11110000|1111000000|인천|강남구|서초동|서초1동|NH2982|래미안|5065|1|6|0.017|0.004|0.06|0.098|0.138|0.153|0.052|0.083|0.004|0.128|0.075|0.071|0.044|0.064|0.008
202403|43|41110|11140000|1111000000|경기|수원시|서초동|서초1동|NH3044|래미안|19705|2|6|0.017|0.012|0.266|0.151|0.202|0.041|0.018|0.106|0.031|0.017|0.035|0.017|0.012|0.063|0.012
202403|27|47110|45110000|4115000000|부산|강남구|서초동|역삼1동|NH1123|힐스테이트|3409|2|3|0.011|0.002|0.11|0.01|0.039|0.097|0.141|0.011|0.038|0.154|0.009|0.032|0.086|0.149|0.112
202403|46|41150|47110000|1117000000|인천|수원시|인계동|서초1동|NH6753|래미안|18154|1|5|0.067|0.017|0.112|0.228|0.011|0.038|0.198|0.046|0.032|0.041|0.014|0.012|0.034|0.118|0.031
202403|47|27110|11200000|1117000000|경기|성남시|역삼동|서초1동|NH3006|힐스테이트|2489|1|6|0.001|0.001|0.117|0.082|0.097|0.044|0.023|0.189|0.005|0.1|0.011|0.01|0.093|0.029|0.198
202403|45|46110|11200000|1117000000|부산|강남구|인계동|서초1동|NH6313|래미안|19150|1|6|0.016|0.068|0.023|0.007|0.001|0.104|0.083|0.067|0.002|0.295|0.124|0.002|0.031|0.139|0.04
202403|44|11140|28110000|4413000000|경기|수원시|인계동|서초1동|NH3511|래미안|12035|2|6|0.021|0.038|0.117|0.153|0.065|0.036|0.082|0.038|0.005|0.06|0.095|0.055|0.068|0.014|0.153
202403|27|11110|46110000|2614000000|부산|서초구|역삼동|역삼1동|NH6435|푸르지오|8402|1|6|0.042|0.001|0.007|0.012|0.07|0.103|0.248|0.223|0.002|0.028|0.009|0.045|0.057|0.034|0.12
202403|46|45110|27110000|4113000000|서울|성남시|서초동|역삼1동|NH4223|푸르지오|4331|2|3|0.148|0.014|0.017|0.023|0.236|0.016|0.094|0.061|0.004|0.037|0.043|0.093|0.071|0.116|0.027
202403|42|27110|41130000|4711000000|서울|성남시|인계동|역삼1동|NH2360|래미안|15042|1|4|0.001|0.049|0.01|0.007|0.027|0.016|0.091|0.123|0.208|0.258|0.012|0.029|0.033|0.104|0.033
202403|42|11200|26110000|2611000000|인천|성남시|역삼동|서초1동|NH7360|래미안|7879|2|3|0.069|0.142|0.259|0.034|0.044|0.027|0.018|0.004|0.031|0.206|0.039|0.038|0.006|0.065|0.019
202403|45|45110|11200000|1114000000|부산|강남구|인계동|서초1동|NH4848|래미안|3343|x|5|0.117|0.11|0.013|0.011|0.129|0.205|0.078|0.001|0.087|0.083|0.044|0.016|0.0|0.004|0.102
202403|44|11200|27110000|2611000000|부산|서초구|역삼동|서초1동|NH8956|래미안|9347|2|5|0.114|0.068|0.002|0.114|0.01|0.054|0.028|0.032|0.03|0.028|0.059|0.117|0.29|0.01|0.044
202403|11|41150|26140000|2711000000|경기|수원시|인계동|서초1동|NH5507|힐스테이트|13067|2|5|0.002|0.113|0.071|0.032|0.049|0.122|0.019|0.199|0.122|0.113|0.033|0.02|0.029|0.016|0.059
202403|27|11200|42110000|4111000000|경기|수원시|인계동|서초1동|NH3534|자이|16220|1|5|0.062|0.042|0.001|0.001|0.049|0.048|0.193|0.113|0.01|0.3|0.098|0.045|0.014|0.006|0.017
202403|45|41130|11110000|4111000000|서울|수원시|역삼동|역삼1동|NH1469|래미안|18899|2|2|0.031|0.008|0.141|0.081|0.076|0.007|0.007|0.065|0.061|0.069|0.123|0.072|0.046|0.026|0.188
202403|47|27110|26140000|1114000000|서울|서초구|역삼동|서초1동|NH4532|자이|6769|2|4|0.063|0.037|0.007|0.065|0.047|0.045|0.114|0.122|0.137|0.004|0.032|0.041|0.113|0.075|0.098
202403|41|26110|46110000|4711000000|인천|수원시|역삼동|역삼1동|NH6198|자이|9877|x|6|0.045|0.031|0.014|0.178|0.018|0.144|0.042|0.081|0.007|0.097|0.139|0.059|0.065|0.062|0.018
202403|47|11170|42110000|2811000000|부산|강남구|인계동|서초1동|NH2913|푸르지오|18597|1|3|0.058|0.016|0.059|0.174|0.045|0.008|0.019|0.093|0.039|0.075|0.001|0.023|0.242|0.039|0.11
202403|27|41110|41130000|2614000000|인천|성남시|역삼동|서초1동|NH3328|래미안|16890|1|4|0.017|0.148|0.044|0.025|0.026|0.166|0.067|0.027|0.055|0.048|0.017|0.03|0.27|0.039|0.021
202403|44|47110|43110000|1114000000|경기|성남시|역삼동|서초1동|NH6765|자이|6569|1|6|0.107|0.026|0.1|0.014|0.053|0.136|0.142|0.024|0.186|0.046|0.1|0.028|0.022|0.004|0.013
202403|26|42110|26140000|4611000000|인천|성남시|역삼동|서초1동|NH3186|힐스테이트|19353|1|2|0.058|0.009|0.056|0.076|0.089|0.095|0.162|0.05|0.044|0.116|0.087|0.024|0.111|0.018|0.003
202403|44|41130|46110000|4111000000|부산|강남구|역삼동|역삼1동|NH4743|힐스테이트|4735|2|3|0.028|0.041|0.078|0.012|0.111|0.051|0.034|0.035|0.002|0.004|0.039|0.003|0.282|0.186|0.094
202403|46|27110|44130000|4711000000|서울|서초구|역삼동|역삼1동|NH1316|자이|18909|1|4|0.046|0.023|0.011|0.071|0.088|0.105|0.18|0.114|0.0|0.103|0.022|0.164|0.004|0.013|0.054
202403|43|11170|27110000|4413000000|부산|수원시|서초동|역삼1동|NH2567|푸르지오|18395|1|3|0.017|0.146|0.033|0.019|0.065|0.01|0.238|0.11|0.042|0.098|0.012|0.129|0.034|0.041|0.004
202403|42|42110|28110000|1120000000|경기|성남시|역삼동|서초1동|NH8694|래미안|7835|2|3|0.198|0.093|0.138|0.135|0.035|0.015|0.047|0.058|0.013|0.019|0.063|0.033|0.025|0.069|0.06
202403|46|41130|44130000|4115000000|경기|성남시|인계동|역삼1동|NH6674|래미안|12444|2|2|0.132|0.009|0.104|0.04|0.194|0.068|0.094|0.008|0.001|0.014|0.04|0.05|0.087|0.139|0.02
202403|45|43110|41150000|4113000000|경기|강남구|인계동|서초1동|NH7620|래미안|15763|1|6|0.052|0.004|0.009|0.065|0.115|0.013|0.074|0.035|0.197|0.034|0.1|0.136|0.066|0.09|0.009
202403|47|42110|26110000|2614000000|경기|성남시|서초동|역삼1동|NH4247|자이|6589|1|3|0.049|0.0|0.036|0.096|0.094|0.06|0.003|0.155|0.112|0.021|0.136|0.055|0.004|0.076|0.101
202403|47|47110|41130000|1114000000|인천|강남구|인계동|서초1동|NH4081|푸르지오|12579|2|3|0.139|0.024|0.115|0.032|0.081|0.076|0.002|0.019|0.017|0.175|0.005|0.003|0.109|0.145|0.06
202403|41|26110|42110000|2811000000|인천|수원시|인계동|서초1동|NH1111|자이|12549|1|3|0.02|0.001|0.253|0.0|0.06|0.013|0.126|0.28|0.093|0.044|0.02|0.018|0.017|0.019|0.035
202403|43|41130|26140000|1120000000|경기|강남구|서초동|서초1동|NH5495|푸르지오|19383|2|2|0.004|0.05|0.061|0.068|0.117|0.076|0.008|0.001|0.013|0.059|0.307|0.077|0.001|0.142|0.015
202403|43|11110|43110000|2614000000|부산|성남시|역삼동|역삼1동|NH5911|힐스테이트|4651|2|6|0.002|0.018|0.056|0.121|0.016|0.115|0.039|0.257|0.059|0.029|0.01|0.017|0.192|0.001|0.067
202403|41|11170|46110000|4211000000|경기|수원시|역삼동|역삼1동|NH4041|자이|16061|2|4|0.022|0.205|0.061|0.009|0.11|0.05|0.028|0.129|0.007|0.018|0.031|0.123|0.048|0.126|0.033
202403|44|11170|26140000|4113000000|서울|강남구|서초동|서초1동|NH2618|래미안|6601|1|5|0.076|0.116|0.036|0.006|0.013|0.004|0.228|0.009|0.117|0.03|0.06|0.038|0.096|0.07|0.102
202403|46|47110|11110000|4113000000|부산|성남시|인계동|역삼1동|NH4722|자이|2582|2|6|0.032|0.148|0.03|0.122|0.113|0.043|0.128|0.096|0.071|0.024|0.01|0.002|0.08|0.093|0.007
202403|47|26110|11140000|4115000000|경기|강남구|역삼동|서초1동|NH6532|푸르지오|17184|x|4|0.109|0.024|0.148|0.068|0.019|0.014|0.206|0.084|0.136|0.01|0.059|0.012|0.018|0.081|0.012
202403|42|26110|27110000|2711000000|경기|강남구|서초동|서초1동|NH5621|자이|19864|2|5|0.048|0.07|0.116|0.038|0.047|0.087|0.116|0.019|0.087|0.137|0.055|0.02|0.022|0.109|0.028
202403|45|11170|41130000|2711000000|인천|수원시|인계동|역삼1동|NH9670|푸르지오|12965|1|5|0.011|0.035|0.017|0.121|0.024|0.058|0.01|0.02|0.027|0.0|0.011|0.169|0.443|0.003|0.053
202403|45|28110|41130000|4511000000|부산|수원시|역삼동|서초1동|NH7338|푸르지오|18856|1|3|0.043|0.092|0.216|0.103|0.016|0.01|0.073|0.027|0.007|0.011|0.006|0.036|0.007|0.148|0.207
202403|44|45110|26110000|4511000000|부산|성남시|역삼동|역삼1동|NH7913|푸르지오|2732|2|4|0.045|0.078|0.11|0.047|0.238|0.001|0.084|0.002|0.014|0.05|0.028|0.003|0.107|0.183|0.011
202403|44|41130|41150000|4611000000|경기|서초구|인계동|역삼1동|NH3090|힐스테이트|9497|1|2|0.078|0.013|0.051|0.127|0.083|0.075|0.023|0.029|0.176|0.062|0.042|0.042|0.095|0.06|0.045
202403|44|44130|45110000|4115000000|부산|강남구|인계동|서초1동|NH3718|래미안|7847|1|3|0.011|0.041|0.021|0.003|0.038|0.058|0.016|0.358|0.014|0.03|0.074|0.097|0.029|0.143|0.069
202403|41|44130|27110000|2614000000|인천|수원시|인계동|서초1동|NH8415|자이|8919|1|6|0.001|0.07|0.026|0.242|0.029|0.024|0.004|0.012|0.088|0.031|0.011|0.084|0.074|0.141|0.162
202403|11|42110|11110000|1117000000|인천|성남시|인계동|역삼1동|NH2243|힐스테이트|6010|1|4|0.029|0.087|0.041|0.067|0.028|0.165|0.022|0.037|0.182|0.023|0.129|0.054|0.039|0.004|0.093
202403|41|41150|47110000|4211000000|부산|성남시|인계동|서초1동|NH7243|푸르지오|5686|1|3|0.179|0.065|0.004|0.013|0.029|0.2|0.052|0.044|0.196|0.055|0.018|0.007|0.001|0.017|0.12
202403|44|26140|11200000|1117000000|인천|성남시|인계동|역삼1동|NH1950|힐스테이트|8650|1|3|0.027|0.054|0.02|0.086|0.001|0.01|0.022|0.219|0.088|0.137|0.129|0.005|0.025|0.018|0.158
202403|44|11140|27110000|1120000000|인천|수원시|인계동|역삼1동|NH3981|자이|4014|1|3|0.02|0.11|0.05|0.012|0.003|0.022|0.067|0.098|0.057|0.084|0.204|0.075|0.034|0.157|0.009
202403|11|41110|26110000|4211000000|인천|강남구|역삼동|서초1동|NH5334|자이|14947|2|5|0.056|0.14|0.022|0.033|0.035|0.168|0.115|0.004|0.063|0.19|0.076|0.039|0.004|0.048|0.007
202403|46|28110|27110000|2611000000|경기|성남시|인계동|서초1동|NH3714|래미안|7048|x|6|0.058|0.097|0.121|0.079|0.068|0.092|0.021|0.02|0.149|0.002|0.029|0.014|0.063|0.072|0.115
202403|42|41130|28110000|4311000000|경기|수원시|서초동|서초1동|NH8235|래미안|18038|1|2|0.002|0.119|0.0|0.127|0.156|0.117|0.117|0.055|0.065|0.008|0.001|0.055|0.091|0.002|0.085
202403|43|41110|44130000|4611000000|서울|강남구|서초동|역삼1동|NH5856|푸르지오|16309|1|5|0.007|0.06|0.019|0.038|0.169|0.028|0.015|0.05|0.168|0.025|0.017|0.163|0.093|0.097|0.051
202403|47|11110|45110000|1120000000|서울|서초구|역삼동|역삼1동|NH8534|자이|9866|2|5|0.011|0.166|0.007|0.051|0.273|0.036|0.024|0.075|0.096|0.014|0.013|0.076|0.041|0.106|0.011
202403|26|41130|47110000|2811000000|인천|강남구|인계동|역삼1동|NH6527|래미안|17842|x|5|0.013|0.218|0.028|0.156|0.02|0.086|0.026|0.083|0.003|0.057|0.027|0.07|0.017|0.159|0.038
202403|47|42110|47110000|2611000000|부산|서초구|인계동|서초1동|NH5876|래미안|3594|2|4|0.003|0.026|0.117|0.072|0.152|0.011|0.02|0.005|0.03|0.246|0.041|0.07|0.01|0.18|0.016
202403|41|11200|26140000|4115000000|경기|서초구|서초동|역삼1동|NH4032|자이|10171|1|5|0.128|0.029|0.119|0.187|0.075|0.088|0.02|0.239|0.03|0.024|0.001|0.004|0.01|0.012|0.034
202403|26|28110|47110000|4115000000|인천|서초구|서초동|서초1동|NH3755|자이|18546|1|4|0.126|0.011|0.02|0.03|0.037|0.071|0.04|0.045|0.07|0.037|0.079|0.197|0.016|0.146|0.075
202403|47|11110|11200000|4711000000|인천|강남구|서초동|역삼1동|NH7502|푸르지오|10774|1|5|0.037|0.116|0.057|0.105|0.022|0.074|0.043|0.103|0.172|0.048|0.006|0.042|0.086|0.006|0.083
202403|44|41110|43110000|2711000000|서울|수원시|서초동|서초1동|NH9255|힐스테이트|14114|1|5|0.01|0.071|0.033|0.125|0.011|0.134|0.023|0.004|0.193|0.035|0.171|0.005|0.105|0.053|0.027
202403|27|41150|11200000|2611000000|인천|성남시|서초동|역삼1동|NH5388|래미안|7168|2|3|0.004|0.389|0.024|0.16|0.002|0.101|0.012|0.025|0.012|0.023|0.071|0.034|0.074|0.064|0.006
202403|43|28110|47110000|4311000000|부산|성남시|역삼동|역삼1동|NH1175|푸르지오|3475|1|4|0.082|0.031|0.02|0.053|0.096|0.015|0.04|0.053|0.14|0.076|0.027|0.005|0.149|0.08|0.133
202403|43|43110|11170000|1114000000|경기|강남구|서초동|역삼1동|NH3315|래미안|15236|1|3|0.004|0.017|0.031|0.005|0.136|0.24|0.149|0.114|0.005|0.055|0.144|0.026|0.048|0.012|0.013
202403|41|11200|28110000|2711000000|인천|강남구|서초동|역삼1동|NH8888|자이|18441|2|3|0.016|0.177|0.006|0.051|0.08|0.009|0.019|0.085|0.056|0.076|0.144|0.025|0.044|0.016|0.197
202403|45|26110|28110000|4611000000|부산|서초구|역삼동|역삼1동|NH7453|푸르지오|14825|2|3|0.065|0.025|0.102|0.16|0.033|0.133|0.053|0.13|0.039|0.012|0.017|0.027|0.014|0.034|0.157
202403|26|41150|26140000|4413000000|경기|강남구|역삼동|서초1동|NH2807|래미안|14820|1|4|0.05|0.039|0.073|0.039|0.132|0.218|0.127|0.042|0.02|0.059|0.004|0.033|0.002|0.109|0.052
202403|47|11170|27110000|4611000000|서울|수원시|역삼동|서초1동|NH3391|푸르지오|4815|1|5|0.033|0.007|0.022|0.134|0.014|0.042|0.062|0.051|0.099|0.012|0.055|0.12|0.169|0.176|0.004
202403|27|41150|27110000|4511000000|서울|성남시|서초동|역삼1동|NH1046|자이|6840|1|6|0.035|0.062|0.078|0.023|0.041|0.006|0.254|0.058|0.11|0.004|0.089|0.103|0.035|0.049|0.054
202403|47|47110|43110000|2611000000|경기|성남시|서초동|서초1동|NH2227|래미안|4093|2|4|0.076|0.031|0.127|0.08|0.027|0.0|0.071|0.025|0.232|0.003|0.127|0.129|0.021|0.039|0.015
202403|47|46110|11110000|4115000000|서울|서초구|인계동|역삼1동|NH4935|래미안|15680|2|5|0.023|0.01|0.005|0.029|0.013|0.25|0.049|0.04|0.004|0.191|0.01|0.041|0.047|0.164|0.122
202403|11|42110|42110000|4113000000|서울|강남구|역삼동|역삼1동|NH5189|래미안|9118|1|4|0.011|0.039|0.202|0.045|0.033|0.005|0.089|0.028|0.022|0.115|0.034|0.063|0.107|0.051|0.155
202403|42|11140|44130000|2711000000|서울|서초구|역삼동|역삼1동|NH1710|힐스테이트|12334|1|6|0.044|0.007|0.062|0.124|0.065|0.195|0.005|0.108|0.005|0.054|0.122|0.006|0.167|0.018|0.017
202403|11|11140|44130000|2614000000|부산|강남구|인계동|역삼1동|NH2779|자이|7255|2|5|0.262|0.084|0.056|0.085|0.098|0.015|0.007|0.102|0.144|0.006|0.011|0.073|0.042|0.004|0.012
202403|44|45110|46110000|4511000000|부산|성남시|역삼동|서초1동|NH9277|래미안|3607|1|6|0.104|0.175|0.065|0.096|0.119|0.002|0.029|0.012|0.049|0.041|0.11|0.002|0.023|0.139|0.033
202403|41|28110|41110000|2711000000|경기|수원시|인계동|역삼1동|NH3173|자이|3015|1|3|0.121|0.08|0.065|0.013|0.095|0.011|0.09|0.062|0.079|0.005|0.142|0.006|0.077|0.095|0.057
202403|47|45110|43110000|4111000000|서울|수원시|서초동|서초1동|NH1099|래미안|7628|2|4|0.011|0.02|0.015|0.064|0.031|0.049|0.068|0.025|0.027|0.087|0.172|0.081|0.018|0.205|0.127
202403|47|46110|28110000|4711000000|서울|성남시|역삼동|서초1동|NH3832|래미안|18904|2|4|0.032|0.003|0.186|0.033|0.031|0.003|0.207|0.047|0.06|0.041|0.099|0.008|0.016|0.054|0.181
202403|44|41130|28110000|2614000000|경기|수원시|역삼동|서초1동|NH7297|래미안|14119|2|5|0.066|0.042|0.01|0.093|0.0|0.005|0.133|0.067|0.024|0.09|0.241|0.008|0.053|0.15|0.019
202403|46|26110|41110000|2711000000|부산|성남시|역삼동|역삼1동|NH8735|래미안|16396|2|5|0.115|0.059|0.043|0.048|0.066|0.043|0.159|0.041|0.011|0.074|0.015|0.166|0.006|0.065|0.09
202403|44|11170|47110000|1120000000|서울|성남시|인계동|서초1동|NH4371|푸르지오|4349|x|5|0.064|0.181|0.101|0.212|0.027|0.104|0.003|0.006|0.047|0.087|0.061|0.006|0.029|0.069|0.002
202403|26|41130|41130000|2614000000|경기|강남구|인계동|역삼1동|NH2290|래미안|4969|1|2|0.157|0.028|0.154|0.081|0.028|0.006|0.011|0.042|0.028|0.028|0.077|0.18|0.032|0.138|0.009
202403|42|47110|42110000|2811000000|부산|서초구|서초동|역삼1동|NH1629|래미안|18017|1|5|0.006|0.036|0.03|0.012|0.111|0.123|0.055|0.126|0.104|0.055|0.042|0.082|0.181|0.028|0.01
202403|42|42110|11110000|4311000000|서울|강남구|서초동|역삼1동|NH2503|푸르지오|19700|2|3|0.044|0.058|0.001|0.26|0.117|0.06|0.079|0.012|0.044|0.006|0.017|0.007|0.073|0.047|0.175
202403|41|11110|26140000|4413000000|서울|서초구|인계동|서초1동|NH9754|푸르지오|17908|1|4|0.158|0.033|0.165|0.036|0.011|0.152|0.123|0.006|0.071|0.0|0.197|0.004|0.017|0.009|0.016
202403|46|27110|28110000|2711000000|경기|서초구|역삼동|역삼1동|NH2606|푸르지오|8410|x|6|0.073|0.102|0.034|0.013|0.134|0.072|0.01|0.211|0.064|0.051|0.074|0.04|0.05|0.061|0.012
202403|47|42110|46110000|2611000000|경기|강남구|서초동|서초1동|NH9241|래미안|14870|1|4|0.115|0.046|0.007|0.002|0.109|0.016|0.107|0.105|0.041|0.19|0.02|0.006|0.044|0.017|0.176
202403|11|27110|27110000|1114000000|인천|서초구|인계동|서초1동|NH8604|푸르지오|9446|1|4|0.039|0.025|0.084|0.02|0.0|0.205|0.001|0.006|0.308|0.047|0.015|0.01|0.157|0.037|0.045
202403|43|46110|11140000|4111000000|서울|강남구|인계동|역삼1동|NH2570|래미안|9598|x|3|0.016|0.049|0.044|0.091|0.034|0.067|0.016|0.027|0.074|0.112|0.091|0.027|0.221|0.036|0.096
202403|46|26110|43110000|1120000000|경기|강남구|서초동|서초1동|NH5648|힐스테이트|14396|2|4|0.019|0.035|0.057|0.084|0.031|0.027|0.065|0.058|0.054|0.125|0.03|0.177|0.066|0.108|0.065
202403|47|41110|26140000|4111000000|인천|서초구|인계동|역삼1동|NH3422|힐스테이트|6059|2|5|0.205|0.013|0.128|0.039|0.082|0.017|0.035|0.091|0.095|0.104|0.027|0.062|0.006|0.024|0.073
202403|47|41130|47110000|1120000000|인천|서초구|역삼동|서초1동|NH1687|자이|3501|1|5|0.007|0.268|0.014|0.018|0.108|0.231|0.002|0.002|0.066|0.018|0.058|0.085|0.035|0.023|0.065
202403|11|11140|41110000|4511000000|서울|성남시|역삼동|역삼1동|NH3480|래미안|10353|2|4|0.061|0.085|0.044|0.021|0.094|0.063|0.004|0.136|0.002|0.091|0.04|0.195|0.088|0.038|0.039
202403|11|41150|11170000|4511000000|경기|수원시|서초동|역삼1동|NH2626|푸르지오|17167|1|4|0.105|0.119|0.22|0.176|0.008|0.049|0.038|0.041|0.002|0.019|0.03|0.037|0.037|0.1|0.021
202403|42|46110|26140000|2711000000|경기|서초구|역삼동|서초1동|NH9984|래미안|3185|2|4|0.008|0.074|0.008|0.172|0.004|0.1|0.042|0.121|0.007|0.174|0.056|0.022|0.173|0.002|0.038
202403|11|42110|41110000|4711000000|경기|성남시|서초동|역삼1동|NH8956|자이|18168|1|5|0.109|0.136|0.009|0.034|0.015|0.07|0.014|0.062|0.063|0.025|0.152|0.004|0.189|0.073|0.045
202403|44|45110|41130000|4111000000|서울|성남시|서초동|서초1동|NH6826|래미안|4497|x|2|0.106|0.031|0.047|0.085|0.003|0.073|0.039|0.106|0.171|0.103|0.101|0.023|0.105|0.0|0.007
202403|46|41150|11140000|4611000000|경기|서초구|인계동|역삼1동|NH9695|래미안|5101|1|2|0.004|0.0|0.015|0.389|0.003|0.001|0.003|0.074|0.288|0.002|0.079|0.035|0.057|0.006|0.043
202403|27|28110|11140000|1114000000|인천|서초구|역삼동|서초1동|NH9939|푸르지오|17351|2|3|0.026|0.009|0.048|0.202|0.09|0.09|0.203|0.057|0.058|0.077|0.003|0.1|0.019|0.007|0.01
202403|44|45110|26110000|1117000000|부산|성남시|인계동|역삼1동|NH9537|힐스테이트|3990|x|5|0.016|0.031|0.031|0.179|0.111|0.035|0.166|0.032|0.088|0.031|0.016|0.209|0.016|0.009|0.032
202403|45|26140|11170000|1120000000|서울|수원시|역삼동|서초1동|NH8714|래미안|15403|x|4|0.018|0.042|0.059|0.061|0.037|0.058|0.091|0.059|0.064|0.023|0.058|0.195|0.092|0.071|0.072
202403|46|43110|46110000|4511000000|서울|성남시|역삼동|서초1동|NH3795|래미안|10773|2|5|0.011|0.025|0.022|0.121|0.004|0.157|0.023|0.045|0.094|0.128|0.041|0.175|0.018|0.052|0.082
202403|11|44130|46110000|4511000000|서울|수원시|서초동|서초1동|NH3933|푸르지오|18747|2|2|0.028|0.016|0.171|0.155|0.007|0.04|0.014|0.026|0.022|0.091|0.123|0.122|0.033|0.109|0.043
202403|46|11170|26140000|4711000000|서울|성남시|인계동|역삼1동|NH2274|자이|10723|2|3|0.137|0.006|0.04|0.05|0.075|0.003|0.07|0.078|0.023|0.172|0.048|0.118|0.014|0.154|0.012
202403|44|11140|11200000|1111000000|부산|성남시|서초동|역삼1동|NH5858|푸르지오|13487|1|3|0.183|0.04|0.039|0.168|0.049|0.018|0.305|0.013|0.038|0.021|0.011|0.028|0.046|0.031|0.009
202403|47|11110|11170000|4611000000|경기|강남구|인계동|서초1동|NH5386|힐스테이트|10259|x|3|0.042|0.073|0.003|0.023|0.033|0.068|0.366|0.031|0.024|0.018|0.134|0.034|0.068|0.056|0.025
202403|42|41150|27110000|1114000000|부산|강남구|인계동|서초1동|NH6269|래미안|14156|1|3|0.118|0.132|0.006|0.006|0.006|0.099|0.038|0.256|0.052|0.034|0.031|0.044|0.056|0.001|0.121
202403|42|27110|45110000|4311000000|경기|수원시|서초동|역삼1동|NH6678|푸르지오|15443|2|4|0.165|0.021|0.165|0.007|0.116|0.075|0.047|0.031|0.046|0.07|0.041|0.144|0.0|0.056|0.018
202403|43|46110|46110000|4311000000|부산|수원시|역삼동|서초1동|NH4004|힐스테이트|19848|2|5|0.116|0.131|0.104|0.001|0.048|0.039|0.024|0.045|0.034|0.012|0.12|0.019|0.138|0.163|0.004
202403|26|26110|47110000|4111000000|경기|수원시|서초동|서초1동|NH5347|자이|8595|1|4|0.016|0.095|0.178|0.012|0.028|0.039|0.082|0.009|0.078|0.137|0.088|0.152|0.061|0.014|0.012
202403|47|47110|41110000|1120000000|부산|성남시|역삼동|역삼1동|NH4573|힐스테이트|3499|2|5|0.059|0.003|0.095|0.03|0.112|0.056|0.147|0.063|0.099|0.042|0.082|0.047|0.01|0.029|0.126
202403|43|41110|41150000|4413000000|서울|강남구|서초동|역삼1동|NH4818|힐스테이트|11819|1|6|0.071|0.015|0.052|0.08|0.059|0.08|0.092|0.002|0.005|0.024|0.122|0.004|0.066|0.286|0.042
202403|27|42110|28110000|2811000000|부산|성남시|서초동|역삼1동|NH6425|래미안|10572|1|4|0.007|0.107|0.007|0.021|0.057|0.045|0.058|0.062|0.234|0.011|0.096|0.014|0.163|0.083|0.036
202403|43|44130|44130000|4311000000|서울|수원시|인계동|서초1동|NH6583|래미안|15844|1|5|0.065|0.044|0.015|0.112|0.124|0.029|0.005|0.018|0.149|0.003|0.01|0.057|0.116|0.138|0.115
202403|45|11140|11110000|4111000000|인천|강남구|역삼동|서초1동|NH6800|래미안|9027|1|6|0.005|0.044|0.093|0.041|0.059|0.011|0.197|0.117|0.02|0.199|0.027|0.066|0.011|0.022|0.09
202403|46|11110|26110000|2811000000|부산|강남구|서초동|역삼1동|NH6318|래미안|12761|1|4|0.301|0.312|0.006|0.154|0.017|0.033|0.029|0.007|0.022|0.005|0.088|0.009|0.005|0.002|0.01
202403|43|43110|11140000|1117000000|부산|서초구|인계동|서초1동|NH4454|푸르지오|19355|1|5|0.019|0.063|0.008|0.069|0.13|0.1|0.049|0.042|0.101|0.025|0.118|0.102|0.058|0.11|0.005
202403|47|11110|28110000|2614000000|인천|서초구|서초동|역삼1동|NH4952|푸르지오|15889|1|5|0.018|0.012|0.065|0.0|0.074|0.13|0.021|0.061|0.113|0.086|0.133|0.031|0.135|0.081|0.04
202403|41|27110|11140000|1114000000|부산|강남구|인계동|서초1동|NH5554|자이|8121|x|3|0.002|0.299|0.028|0.072|0.017|0.022|0.042|0.129|0.1|0.169|0.062|0.018|0.019|0.012|0.01
202403|41|43110|41110000|1120000000|서울|서초구|역삼동|서초1동|NH5362|힐스테이트|17757|2|4|0.112|0.025|0.107|0.029|0.011|0.046|0.266|0.018|0.056|0.002|0.005|0.087|0.067|0.057|0.112
202403|47|46110|26110000|4113000000|경기|수원시|역삼동|역삼1동|NH5948|래미안|4597|2|6|0.004|0.086|0.128|0.159|0.045|0.081|0.092|0.021|0.016|0.042|0.058|0.206|0.05|0.002|0.011
202403|47|11110|11140000|1114000000|경기|서초구|역삼동|역삼1동|NH2221|래미안|10662|x|4|0.071|0.03|0.004|0.043|0.072|0.018|0.069|0.029|0.104|0.048|0.196|0.047|0.016|0.053|0.198
202403|11|11110|11200000|4711000000|인천|강남구|역삼동|역삼1동|NH5528|푸르지오|13889|2|4|0.139|0.062|0.063|0.021|0.022|0.084|0.102|0.073|0.06|0.127|0.14|0.043|0.036|0.017|0.011
202403|26|42110|28110000|1114000000|서울|수원시|역삼동|서초1동|NH2476|자이|9474|2|6|0.011|0.015|0.046|0.068|0.058|0.233|0.074|0.023|0.013|0.036|0.296|0.081|0.005|0.023|0.017
202403|42|41150|44130000|1117000000|인천|강남구|인계동|서초1동|NH5689|자이|5804|2|4|0.189|0.03|0.045|0.05|0.053|0.075|0.003|0.077|0.003|0.018|0.125|0.01|0.202|0.042|0.078
202403|46|26140|42110000|2611000000|경기|강남구|서초동|서초1동|NH7927|래미안|12898|1|6|0.053|0.083|0.034|0.095|0.082|0.028|0.044|0.098|0.054|0.01|0.067|0.012|0.121|0.211|0.008
202403|42|44130|28110000|2811000000|경기|수원시|역삼동|역삼1동|NH3112|자이|3074|2|6|0.004|0.046|0.051|0.038|0.072|0.045|0.11|0.052|0.284|0.024|0.069|0.039|0.128|0.023|0.014
202403|27|43110|46110000|4611000000|서울|수원시|역삼동|역삼1동|NH3732|래미안|11056|2|6|0.082|0.073|0.09|0.065|0.027|0.089|0.001|0.148|0.003|0.188|0.033|0.047|0.14|0.007|0.007
202403|47|11170|41110000|1117000000|서울|성남시|역삼동|역삼1동|NH4527|힐스테이트|9222|1|6|0.134|0.05|0.0|0.141|0.018|0.119|0.125|0.019|0.054|0.027|0.013|0.056|0.01|0.194|0.042
202403|45|41130|27110000|4611000000|인천|수원시|역삼동|역삼1동|NH1849|래미안|3969|1|3|0.026|0.0|0.012|0.013|0.152|0.083|0.124|0.127|0.118|0.054|0.032|0.079|0.004|0.137|0.04
202403|43|41130|41150000|4311000000|경기|성남시|인계동|서초1동|NH6685|래미안|5305|2|6|0.062|0.113|0.114|0.049|0.004|0.157|0.042|0.113|0.088|0.065|0.003|0.002|0.058|0.106|0.025
202403|11|11110|28110000|4211000000|부산|성남시|역삼동|역삼1동|NH1437|힐스테이트|6871|2|3|0.015|0.024|0.038|0.055|0.015|0.128|0.004|0.001|0.074|0.12|0.324|0.052|0.023|0.017|0.11
202403|27|26140|28110000|4711000000|경기|강남구|서초동|서초1동|NH8384|힐스테이트|5828|2|5|0.132|0.053|0.074|0.118|0.232|0.008|0.053|0.033|0.021|0.021|0.032|0.05|0.054|0.114|0.006
202403|43|44130|41150000|1120000000|인천|서초구|역삼동|서초1동|NH1927|래미안|18655|2|4|0.005|0.098|0.009|0.028|0.11|0.015|0.163|0.019|0.056|0.013|0.215|0.058|0.076|0.069|0.067
202403|26|43110|27110000|2711000000|부산|수원시|역삼동|역삼1동|NH2484|자이|2210|x|2|0.039|0.087|0.01|0.005|0.026|0.006|0.128|0.094|0.159|0.078|0.071|0.031|0.145|0.055|0.067
202403|27|46110|11170000|2811000000|부산|수원시|역삼동|서초1동|NH7933|푸르지오|3507|x|3|0.126|0.005|0.01|0.035|0.08|0.01|0.043|0.04|0.258|0.025|0.068|0.034|0.24|0.007|0.02
202403|41|11140|11140000|4111000000|경기|성남시|역삼동|역삼1동|NH1831|래미안|15575|2|5|0.025|0.083|0.151|0.073|0.048|0.032|0.034|0.068|0.063|0.095|0.063|0.03|0.006|0.06|0.172
202403|43|11170|27110000|1114000000|부산|강남구|역삼동|서초1동|NH5290|힐스테이트|18841|1|2|0.018|0.064|0.024|0.008|0.014|0.009|0.088|0.189|0.081|0.042|0.118|0.131|0.099|0.053|0.062
202403|26|26110|47110000|4111000000|부산|강남구|서초동|역삼1동|NH5528|자이|9861|1|5|0.164|0.082|0.135|0.207|0.005|0.041|0.038|0.084|0.01|0.005|0.026|0.02|0.034|0.069|0.078
202403|47|27110|26110000|4611000000|경기|서초구|인계동|서초1동|NH7479|자이|15851|1|5|0.351|0.019|0.095|0.098|0.006|0.055|0.011|0.02|0.054|0.028|0.015|0.115|0.001|0.031|0.1
202403|27|41130|43110000|1111000000|경기|수원시|역삼동|역삼1동|NH6624|자이|5118|x|4|0.157|0.018|0.029|0.078|0.095|0.024|0.0|0.032|0.023|0.134|0.189|0.061|0.006|0.016|0.138
202403|47|11140|46110000|4311000000|경기|성남시|인계동|서초1동|NH5078|래미안|4157|2|3|0.034|0.094|0.102|0.07|0.052|0.072|0.04|0.255|0.011|0.115|0.019|0.046|0.069|0.019|0.002
202403|41|46110|26110000|4611000000|서울|수원시|서초동|역삼1동|NH5958|래미안|15258|2|5|0.078|0.089|0.124|0.103|0.13|0.004|0.004|0.029|0.048|0.287|0.04|0.029|0.033|0.0|0.001
202403|44|41130|43110000|1111000000|경기|강남구|서초동|서초1동|NH3852|푸르지오|7265|1|4|0.047|0.015|0.03|0.007|0.017|0.084|0.195|0.086|0.017|0.009|0.178|0.068|0.167|0.003|0.079
202403|26|42110|26140000|1120000000|서울|서초구|역삼동|역삼1동|NH6274|자이|11016|1|3|0.0|0.15|0.026|0.13|0.027|0.219|0.014|0.091|0.099|0.053|0.151|0.002|0.014|0.019|0.005
202403|47|47110|44130000|1117000000|인천|수원시|서초동|역삼1동|NH6584|푸르지오|5145|1|4|0.01|0.0|0.152|0.028|0.086|0.04|0.07|0.073|0.144|0.044|0.207|0.031|0.035|0.024|0.057
202403|27|26110|44130000|1114000000|인천|서초구|인계동|서초1동|NH8452|힐스테이트|11587|2|5|0.016|0.008|0.017|0.151|0.042|0.001|0.054|0.139|0.104|0.124|0.008|0.001|0.074|0.171|0.089
202403|47|26140|41110000|4111000000|인천|강남구|역삼동|역삼1동|NH3973|푸르지오|16850|1|5|0.015|0.388|0.014|0.011|0.006|0.022|0.043|0.027|0.059|0.013|0.016|0.012|0.019|0.297|0.057
202403|27|26140|28110000|4711000000|인천|서초구|역삼동|서초1동|NH7583|래미안|19892|x|5|0.035|0.044|0.003|0.25|0.065|0.252|0.032|0.007|0.082|0.014|0.013|0.027|0.006|0.136|0.034
202403|11|11110|28110000|1114000000|서울|강남구|역삼동|역삼1동|NH6797|래미안|19439|1|4|0.249|0.056|0.155|0.002|0.034|0.012|0.031|0.074|0.049|0.159|0.088|0.007|0.026|0.019|0.038
202403|26|41130|28110000|2711000000|부산|성남시|인계동|역삼1동|NH4992|래미안|16364|1|5|0.062|0.003|0.095|0.04|0.067|0.016|0.103|0.001|0.031|0.197|0.131|0.053|0.007|0.046|0.146
202403|45|41130|44130000|1117000000|인천|서초구|인계동|서초1동|NH2930|푸르지오|5210|2|5|0.011|0.013|0.001|0.156|0.198|0.061|0.099|0.048|0.06|0.024|0.102|0.025|0.053|0.024|0.123
202403|44|11170|44130000|4311000000|경기|성남시|인계동|서초1동|NH6158|자이|2136|2|2|0.095|0.035|0.021|0.01|0.017|0.02|0.021|0.131|0.202|0.065|0.015|0.09|0.084|0.154|0.039
202403|45|26140|41130000|4115000000|서울|강남구|서초동|서초1동|NH2090|래미안|2262|2|5|0.046|0.018|0.013|0.048|0.171|0.002|0.183|0.008|0.062|0.181|0.054|0.047|0.119|0.042|0.007
202403|27|41150|27110000|4511000000|부산|성남시|서초동|역삼1동|NH1163|푸르지오|12278|1|4|0.073|0.061|0.005|0.022|0.186|0.088|0.029|0.022|0.01|0.087|0.018|0.023|0.197|0.172|0.006
202403|45|11140|45110000|4511000000|인천|서초구|인계동|서초1동|NH9206|자이|19676|2|4|0.135|0.017|0.002|0.094|0.039|0.114|0.109|0.099|0.005|0.055|0.154|0.031|0.068|0.062|0.015
202403|43|28110|11170000|2611000000|서울|성남시|인계동|서초1동|NH2959|래미안|11232|2|4|0.024|0.029|0.033|0.023|0.083|0.017|0.036|0.048|0.124|0.067|0.097|0.048|0.228|0.131|0.011
202403|44|11170|45110000|4711000000|경기|수원시|서초동|역삼1동|NH2172|푸르지오|5360|1|4|0.121|0.119|0.022|0.04|0.047|0.031|0.029|0.057|0.069|0.051|0.024|0.063|0.294|0.024|0.008
202403|47|11170|47110000|4115000000|인천|서초구|역삼동|서초1동|NH6447|푸르지오|15131|x|3|0.001|0.041|0.065|0.075|0.18|0.115|0.05|0.008|0.115|0.0|0.014|0.009|0.201|0.118|0.007
202403|42|41150|11170000|2614000000|경기|서초구|역삼동|역삼1동|NH1789|래미안|10001|1|5|0.174|0.02|0.079|0.162|0.004|0.058|0.045|0.016|0.232|0.001|0.059|0.06|0.001|0.006|0.083
202403|41|41110|26110000|2611000000|서울|수원시|역삼동|서초1동|NH9019|자이|2718|x|5|0.012|0.008|0.124|0.09|0.024|0.052|0.029|0.338|0.052|0.077|0.044|0.049|0.046|0.031|0.023
202403|26|26140|11200000|4211000000|부산|강남구|인계동|서초1동|NH4400|자이|19142|1|5|0.037|0.155|0.104|0.017|0.015|0.018|0.085|0.098|0.075|0.185|0.041|0.09|0.021|0.053|0.006
202403|47|11140|11200000|4611000000|경기|서초구|서초동|서초1동|NH1019|푸르지오|17075|1|3|0.038|0.034|0.11|0.381|0.013|0.031|0.047|0.124|0.004|0.034|0.056|0.008|0.062|0.031|0.027
202403|42|27110|11200000|4413000000|서울|성남시|역삼동|역삼1동|NH8203|래미안|9198|2|3|0.176|0.014|0.122|0.272|0.005|0.098|0.094|0.128|0.011|0.033|0.029|0.01|0.0|0.0|0.008
202403|43|27110|47110000|4115000000|인천|성남시|인계동|서초1동|NH4267|푸르지오|12109|1|4|0.133|0.007|0.087|0.007|0.061|0.006|0.028|0.042|0.013|0.181|0.051|0.048|0.298|0.036|0.001
202403|41|47110|28110000|2711000000|부산|강남구|인계동|역삼1동|NH1205|힐스테이트|10814|2|4|0.127|0.035|0.012|0.0|0.053|0.085|0.016|0.021|0.14|0.112|0.15|0.015|0.077|0.044|0.112
202403|42|27110|42110000|4211000000|인천|성남시|서초동|역삼1동|NH3445|푸르지오|7083|1|3|0.054|0.057|0.142|0.089|0.015|0.073|0.015|0.009|0.116|0.072|0.161|0.104|0.013|0.038|0.042
202403|46|28110|45110000|4711000000|인천|수원시|서초동|역삼1동|NH5021|자이|8632|x|5|0.035|0.005|0.03|0.147|0.059|0.161|0.007|0.068|0.16|0.098|0.034|0.044|0.063|0.049|0.04
202403|46|44130|11140000|2611000000|경기|수원시|역삼동|역삼1동|NH8443|래미안|5208|1|5|0.028|0.017|0.014|0.073|0.025|0.013|0.065|0.212|0.041|0.078|0.009|0.077|0.085|0.11|0.153
202403|26|27110|11110000|1111000000|경기|강남구|인계동|서초1동|NH4130|힐스테이트|2425|1|3|0.006|0.086|0.103|0.003|0.032|0.143|0.007|0.044|0.077|0.017|0.122|0.043|0.071|0.214|0.033
202403|26|11170|11200000|1111000000|부산|성남시|역삼동|역삼1동|NH8871|힐스테이트|19359|2|4|0.009|0.072|0.019|0.124|0.046|0.219|0.024|0.015|0.103|0.153|0.141|0.007|0.018|0.024|0.027
202403|11|46110|28110000|4511000000|경기|수원시|인계동|역삼1동|NH9391|힐스테이트|12615|2|2|0.056|0.064|0.01|0.083|0.021|0.056|0.013|0.002|0.05|0.056|0.24|0.002|0.182|0.039|0.124
202403|43|26110|42110000|1120000000|인천|성남시|서초동|역삼1동|NH8062|힐스테이트|8411|2|5|0.147|0.037|0.004|0.003|0.076|0.021|0.252|0.057|0.045|0.01|0.078|0.074|0.016|0.18|0.001
202403|44|11110|41150000|1117000000|경기|서초구|서초동|서초1동|NH6066|힐스테이트|7998|2|4|0.01|0.012|0.121|0.019|0.053|0.077|0.027|0.032|0.041|0.009|0.338|0.082|0.087|0.086|0.004
202403|41|11170|11140000|2711000000|경기|수원시|역삼동|서초1동|NH9056|자이|7479|x|3|0.044|0.069|0.224|0.008|0.036|0.057|0.093|0.029|0.117|0.106|0.01|0.018|0.029|0.127|0.035
202403|11|41130|44130000|1114000000|부산|강남구|인계동|역삼1동|NH2171|힐스테이트|7221|1|6|0.006|0.019|0.112|0.159|0.014|0.039|0.034|0.017|0.023|0.053|0.137|0.001|0.246|0.09|0.047
202403|11|47110|41150000|4211000000|인천|성남시|인계동|서초1동|NH7607|푸르지오|9744|x|5|0.026|0.064|0.018|0.001|0.056|0.047|0.006|0.072|0.236|0.056|0.16|0.158|0.024|0.007|0.071
202403|27|28110|44130000|1111000000|경기|서초구|서초동|역삼1동|NH1564|힐스테이트|6640|1|3|0.085|0.187|0.012|0.036|0.098|0.167|0.013|0.028|0.059|0.169|0.013|0.002|0.107|0.019|0.002
202403|26|27110|41150000|4611000000|경기|서초구|인계동|역삼1동|NH4453|래미안|14779|2|5|0.097|0.011|0.172|0.113|0.114|0.022|0.067|0.006|0.053|0.093|0.041|0.017|0.172|0.004|0.017
202403|41|11170|41110000|2711000000|경기|성남시|역삼동|역삼1동|NH8322|힐스테이트|9426|x|2|0.057|0.091|0.05|0.191|0.101|0.086|0.037|0.037|0.006|0.123|0.043|0.075|0.085|0.01|0.007
202403|45|11200|46110000|4113000000|인천|강남구|인계동|서초1동|NH6756|래미안|13027|2|6|0.018|0.058|0.02|0.177|0.069|0.104|0.042|0.128|0.026|0.225|0.039|0.004|0.037|0.046|0.006
202403|11|42110|28110000|1120000000|서울|서초구|역삼동|역삼1동|NH6084|푸르지오|15072|1|6|0.098|0.002|0.054|0.06|0.343|0.017|0.028|0.002|0.164|0.077|0.048|0.011|0.005|0.085|0.008
202403|46|28110|28110000|1120000000|인천|서초구|역삼동|서초1동|NH4636|래미안|18756|2|3|0.306|0.044|0.05|0.07|0.137|0.0|0.03|0.142|0.013|0.03|0.015|0.002|0.09|0.051|0.02
202403|26|45110|42110000|4311000000|인천|성남시|서초동|서초1동|NH5012|래미안|15499|2|6|0.052|0.139|0.021|0.244|0.037|0.01|0.038|0.04|0.078|0.036|0.029|0.024|0.163|0.005|0.087
202403|27|11140|45110000|4115000000|경기|강남구|역삼동|역삼1동|NH8591|자이|18018|1|4|0.065|0.007|0.04|0.001|0.016|0.175|0.204|0.028|0.012|0.15|0.088|0.014|0.013|0.171|0.017
202403|44|46110|43110000|4111000000|경기|수원시|인계동|서초1동|NH2441|자이|12861|1|5|0.072|0.073|0.009|0.012|0.014|0.035|0.181|0.033|0.095|0.032|0.059|0.181|0.122|0.055|0.026
202403|44|11110|27110000|4611000000|서울|성남시|역삼동|역삼1동|NH3061|힐스테이트|18937|1|3|0.105|0.024|0.492|0.071|0.032|0.003|0.026|0.009|0.005|0.08|0.011|0.027|0.008|0.038|0.067
202403|42|11200|44130000|1120000000|부산|강남구|역삼동|역삼1동|NH8150|푸르지오|8608|1|6|0.12|0.036|0.042|0.003|0.0|0.015|0.168|0.015|0.113|0.348|0.055|0.022|0.008|0.023|0.031
202403|11|28110|27110000|2614000000|경기|성남시|역삼동|서초1동|NH1280|푸르지오|9172|1|4|0.005|0.002|0.11|0.08|0.059|0.403|0.022|0.155|0.034|0.003|0.057|0.005|0.034|0.003|0.026
202403|11|26110|46110000|1111000000|부산|서초구|인계동|역삼1동|NH8551|푸르지오|5694|2|5|0.103|0.043|0.103|0.03|0.017|0.05|0.029|0.001|0.093|0.018|0.407|0.036|0.003|0.033|0.032
202403|11|44130|11140000|4113000000|부산|수원시|서초동|서초1동|NH5808|자이|19853|x|4|0.048|0.031|0.124|0.12|0.081|0.014|0.053|0.024|0.032|0.071|0.043|0.036|0.204|0.047|0.071
202403|44|26140|11200000|2611000000|서울|서초구|인계동|서초1동|NH8581|푸르지오|5612|1|4|0.003|0.115|0.024|0.033|0.058|0.382|0.082|0.014|0.03|0.053|0.095|0.018|0.025|0.015|0.054
202403|26|41110|27110000|4115000000|인천|강남구|서초동|서초1동|NH3263|래미안|14807|1|2|0.076|0.161|0.051|0.011|0.017|0.023|0.015|0.133|0.023|0.22|0.01|0.004|0.17|0.035|0.051
202403|44|41130|41110000|2611000000|부산|강남구|역삼동|역삼1동|NH8529|푸르지오|4767|2|4|0.005|0.071|0.059|0.083|0.187|0.027|0.147|0.016|0.063|0.035|0.021|0.078|0.168|0.009|0.033
202403|11|42110|41130000|4113000000|경기|수원시|서초동|역삼1동|NH6390|자이|12309|x|6|0.026|0.042|0.025|0.074|0.079|0.12|0.0|0.079|0.046|0.041|0.1|0.245|0.062|0.003|0.059
202403|41|11110|45110000|4511000000|인천|수원시|역삼동|서초1동|NH1926|자이|11364|1|5|0.006|0.012|0.089|0.003|0.028|0.033|0.076|0.058|0.078|0.049|0.016|0.236|0.132|0.013|0.171
202403|41|44130|43110000|2611000000|경기|수원시|서초동|서초1동|NH7127|래미안|6623|1|5|0.143|0.062|0.002|0.007|0.099|0.082|0.073|0.127|0.006|0.014|0.046|0.003|0.021|0.253|0.061
202403|41|41130|27110000|4711000000|경기|성남시|인계동|역삼1동|NH1584|자이|16433|2|6|0.024|0.212|0.001|0.067|0.07|0.094|0.16|0.042|0.041|0.05|0.001|0.163|0.011|0.023|0.039
202403|44|26140|11110000|4611000000|경기|강남구|인계동|서초1동|NH5253|푸르지오|7435|2|5|0.002|0.088|0.175|0.206|0.132|0.019|0.023|0.035|0.118|0.075|0.01|0.01|0.072|0.014|0.02
