기준연월|고객행정구역분류시도코드|고객행정구역분류시군구코드|고객행정구역분류코드|고객법정동코드|고객행정구역분류시도명|고객행정구역분류시군구명|고객행정구역분류명|고객법정동명|통합카드아파트단지코드|통합카드아파트단지명|연평균소득금액|통합카드성별코드|통합카드10세단위연령코드|영화관심비율|건강관심비율|게임관심비율|골프관심비율|독서관심비율|레저관심비율|뷰티관심비율|쇼핑관심비율|애완동물관심비율|여행관심비율|예술관심비율|온라인쇼핑관심비율|육아관심비율|식도락관심비율|자동차관심비율
202408|45|41110|41150000|1114000000|경기|성남시|서초동|역삼1동|NH2846|푸르지오|2306|2|5|0.139|0.089|0.008|0.007|0.015|0.121|0.129|0.025|0.017|0.251|0.013|0.042|0.006|0.094|0.044
202408|46|43110|44130000|4113000000|경기|성남시|서초동|서초1동|NH5063|힐스테이트|17782|1|6|0.059|0.015|0.174|0.058|0.125|0.007|0.031|0.026|0.121|0.028|0.02|0.09|0.102|0.04|0.102
202408|11|44130|11140000|1114000000|서울|서초구|역삼동|서초1동|NH3286|힐스테이트|16443|x|4|0.028|0.189|0.113|0.117|0.05|0.004|0.069|0.017|0.004|0.118|0.036|0.04|0.078|0.074|0.062
202408|46|46110|44130000|1111000000|경기|강남구|인계동|서초1동|NH3485|푸르지오|17743|1|2|0.098|0.055|0.145|0.034|0.029|0.016|0.054|0.078|0.005|0.02|0.045|0.037|0.287|0.029|0.068
202408|45|11200|11170000|1120000000|인천|강남구|역삼동|역삼1동|NH1618|자이|6821|1|4|0.018|0.041|0.028|0.001|0.002|0.047|0.059|0.114|0.008|0.077|0.165|0.007|0.005|0.327|0.1
202408|43|44130|47110000|4511000000|부산|강남구|역삼동|서초1동|NH7662|래미안|12850|2|3|0.006|0.035|0.219|0.028|0.049|0.039|0.07|0.042|0.205|0.002|0.008|0.089|0.19|0.017|0.001
202408|46|42110|11170000|4413000000|인천|서초구|인계동|역삼1동|NH3684|래미안|6030|1|2|0.121|0.021|0.023|0.189|0.049|0.154|0.203|0.018|0.04|0.013|0.049|0.009|0.003|0.022|0.086
202408|44|41150|11170000|1111000000|인천|수원시|서초동|서초1동|NH6727|푸르지오|8255|1|4|0.004|0.009|0.019|0.153|0.007|0.148|0.0|0.01|0.013|0.01|0.021|0.185|0.092|0.199|0.131
202408|43|46110|41150000|2711000000|인천|수원시|역삼동|역삼1동|NH3893|힐스테이트|15875|x|6|0.064|0.312|0.013|0.019|0.053|0.045|0.054|0.245|0.044|0.063|0.026|0.015|0.018|0.004|0.024
202408|42|26140|11200000|1120000000|부산|서초구|역삼동|서초1동|NH6579|힐스테이트|11532|1|5|0.081|0.23|0.026|0.011|0.01|0.018|0.097|0.09|0.079|0.046|0.009|0.073|0.194|0.002|0.035
202408|47|11200|11140000|4113000000|부산|성남시|인계동|역삼1동|NH7038|힐스테이트|13810|1|6|0.043|0.175|0.014|0.026|0.121|0.006|0.032|0.133|0.075|0.023|0.113|0.077|0.105|0.036|0.021
202408|44|11200|11110000|4111000000|서울|서초구|역삼동|역삼1동|NH1622|힐스테이트|10847|1|4|0.019|0.062|0.023|0.051|0.049|0.004|0.175|0.007|0.022|0.063|0.012|0.231|0.062|0.133|0.089
202408|11|11170|27110000|4111000000|서울|성남시|역삼동|역삼1동|NH2343|푸르지오|13531|2|5|0.107|0.058|0.009|0.044|0.167|0.107|0.059|0.04|0.094|0.122|0.0|0.033|0.01|0.063|0.087
202408|45|41130|45110000|2614000000|경기|성남시|역삼동|서초1동|NH4017|푸르지오|13162|1|4|0.011|0.123|0.028|0.007|0.049|0.119|0.088|0.093|0.006|0.102|0.024|0.076|0.108|0.148|0.019
202408|27|28110|11200000|4413000000|서울|성남시|인계동|서초1동|NH2723|힐스테이트|18665|1|4|0.013|0.036|0.01|0.077|0.046|0.12|0.006|0.141|0.03|0.018|0.106|0.05|0.231|0.026|0.09
202408|26|26140|44130000|4413000000|경기|서초구|인계동|서초1동|NH7900|푸르지오|5462|1|6|0.093|0.005|0.029|0.199|0.077|0.075|0.077|0.01|0.041|0.083|0.008|0.065|0.021|0.088|0.128
202408|42|41110|27110000|2611000000|서울|성남시|서초동|역삼1동|NH9657|자이|11936|2|5|0.106|0.134|0.013|0.0|0.233|0.144|0.015|0.004|0.01|0.017|0.031|0.046|0.211|0.035|0.0
202408|11|43110|11200000|2611000000|서울|강남구|인계동|역삼1동|NH1182|래미안|4510|2|3|0.107|0.006|0.191|0.022|0.126|0.039|0.017|0.135|0.009|0.002|0.017|0.222|0.008|0.053|0.044
202408|47|43110|47110000|4211000000|부산|성남시|역삼동|역삼1동|NH7111|래미안|8136|1|5|0.224|0.05|0.035|0.006|0.069|0.044|0.033|0.229|0.06|0.032|0.05|0.037|0.02|0.08|0.032
202408|43|11140|46110000|1111000000|부산|성남시|인계동|서초1동|NH6907|래미안|14613|1|3|0.009|0.067|0.009|0.006|0.089|0.086|0.072|0.185|0.004|0.004|0.065|0.002|0.273|0.095|0.033
202408|27|46110|11170000|4115000000|경기|서초구|인계동|서초1동|NH4654|자이|4905|1|5|0.02|0.026|0.042|0.028|0.204|0.125|0.083|0.015|0.113|0.014|0.079|0.073|0.082|0.021|0.075
202408|44|11170|28110000|2614000000|서울|성남시|서초동|역삼1동|NH3590|자이|15454|1|4|0.073|0.004|0.046|0.081|0.027|0.058|0.064|0.233|0.021|0.067|0.05|0.174|0.013|0.039|0.051
202408|27|26110|11200000|4511000000|경기|성남시|역삼동|역삼1동|NH7257|힐스테이트|14476|2|2|0.03|0.064|0.075|0.08|0.126|0.085|0.123|0.045|0.181|0.001|0.008|0.079|0.002|0.058|0.042
202408|27|46110|47110000|4111000000|경기|서초구|인계동|서초1동|NH6964|힐스테이트|5039|1|3|0.079|0.06|0.096|0.044|0.225|0.014|0.009|0.0|0.028|0.007|0.024|0.149|0.049|0.132|0.083
202408|41|41130|27110000|4211000000|경기|성남시|서초동|서초1동|NH4451|자이|12722|2|6|0.125|0.02|0.165|0.183|0.159|0.009|0.039|0.009|0.038|0.037|0.043|0.001|0.004|0.032|0.135
202408|27|27110|11200000|2614000000|인천|서초구|역삼동|서초1동|NH1074|힐스테이트|3898|2|4|0.022|0.007|0.063|0.024|0.043|0.038|0.065|0.019|0.048|0.064|0.214|0.105|0.189|0.064|0.035
202408|41|26110|47110000|2611000000|부산|서초구|역삼동|서초1동|NH7012|힐스테이트|19684|1|4|0.045|0.0|0.181|0.016|0.036|0.072|0.056|0.097|0.051|0.027|0.023|0.022|0.161|0.029|0.184
202408|27|11110|11140000|1111000000|경기|서초구|역삼동|서초1동|NH4925|힐스테이트|13198|2|6|0.045|0.281|0.141|0.019|0.065|0.008|0.025|0.012|0.028|0.052|0.064|0.066|0.05|0.056|0.087
202408|44|42110|28110000|4611000000|서울|강남구|역삼동|역삼1동|NH9673|자이|4166|1|3|0.014|0.009|0.002|0.021|0.067|0.077|0.137|0.039|0.072|0.012|0.155|0.116|0.119|0.064|0.097
202408|11|41150|46110000|4111000000|서울|강남구|인계동|역삼1동|NH8174|자이|15445|2|3|0.048|0.087|0.055|0.159|0.151|0.035|0.036|0.014|0.118|0.166|0.046|0.031|0.029|0.016|0.009
202408|46|45110|43110000|2711000000|부산|강남구|역삼동|서초1동|NH4604|자이|3620|1|6|0.068|0.081|0.021|0.126|0.149|0.004|0.015|0.009|0.021|0.153|0.03|0.101|0.028|0.079|0.115
202408|45|45110|45110000|1120000000|부산|성남시|인계동|서초1동|NH9922|자이|6684|1|5|0.06|0.093|0.162|0.102|0.005|0.066|0.126|0.003|0.075|0.006|0.05|0.098|0.004|0.086|0.067
202408|47|28110|11140000|4311000000|경기|수원시|서초동|역삼1동|NH9238|힐스테이트|9917|x|5|0.006|0.047|0.124|0.17|0.025|0.015|0.099|0.086|0.095|0.085|0.014|0.029|0.15|0.039|0.014
202408|41|27110|41150000|1114000000|부산|성남시|서초동|역삼1동|NH8479|힐스테이트|6775|1|5|0.03|0.013|0.008|0.221|0.042|0.111|0.046|0.16|0.065|0.086|0.053|0.011|0.111|0.001|0.044
202408|41|26110|28110000|2711000000|인천|서초구|서초동|역삼1동|NH3841|래미안|6683|1|5|0.03|0.016|0.013|0.024|0.247|0.072|0.207|0.072|0.213|0.021|0.008|0.029|0.031|0.007|0.01
202408|11|11170|42110000|4511000000|부산|서초구|서초동|서초1동|NH3945|힐스테이트|14583|2|4|0.067|0.031|0.071|0.01|0.159|0.017|0.096|0.106|0.166|0.125|0.031|0.03|0.027|0.014|0.05
202408|43|45110|26140000|4711000000|서울|서초구|역삼동|역삼1동|NH3620|래미안|6585|1|6|0.051|0.082|0.018|0.058|0.052|0.019|0.015|0.099|0.135|0.036|0.008|0.074|0.098|0.195|0.058
202408|42|41130|27110000|2811000000|인천|수원시|서초동|서초1동|NH7466|래미안|4051|2|4|0.017|0.295|0.083|0.021|0.002|0.093|0.067|0.021|0.015|0.015|0.09|0.02|0.105|0.07|0.086
202408|46|11140|11170000|1111000000|경기|강남구|인계동|역삼1동|NH7718|푸르지오|7216|1|6|0.069|0.055|0.093|0.267|0.057|0.002|0.012|0.05|0.025|0.004|0.111|0.141|0.012|0.019|0.082
202408|44|11170|11110000|4115000000|경기|강남구|인계동|서초1동|NH3057|푸르지오|16945|2|2|0.005|0.202|0.076|0.085|0.035|0.042|0.096|0.281|0.003|0.01|0.07|0.008|0.041|0.044|0.002
202408|46|43110|42110000|2811000000|인천|성남시|역삼동|역삼1동|NH4479|푸르지오|10138|2|6|0.057|0.01|0.017|0.124|0.003|0.009|0.095|0.04|0.264|0.057|0.026|0.0|0.052|0.141|0.105
202408|11|41130|42110000|2711000000|부산|수원시|역삼동|서초1동|NH4277|힐스테이트|11895|2|5|0.026|0.181|0.05|0.039|0.042|0.026|0.095|0.119|0.161|0.0|0.171|0.053|0.004|0.013|0.02
202408|43|41110|27110000|1117000000|인천|성남시|역삼동|역삼1동|NH3087|래미안|14713|x|3|0.007|0.08|0.0|0.064|0.036|0.08|0.04|0.149|0.061|0.018|0.242|0.031|0.046|0.087|0.059
202408|41|44130|43110000|4115000000|부산|수원시|역삼동|서초1동|NH6752|래미안|16089|1|4|0.115|0.033|0.056|0.078|0.113|0.103|0.037|0.006|0.058|0.027|0.037|0.037|0.029|0.022|0.251
202408|41|41110|28110000|2614000000|인천|성남시|서초동|서초1동|NH1429|래미안|6903|1|6|0.027|0.053|0.021|0.208|0.14|0.131|0.012|0.072|0.076|0.103|0.034|0.047|0.013|0.059|0.003
202408|42|26140|11170000|4711000000|경기|수원시|서초동|서초1동|NH3489|푸르지오|5950|1|5|0.017|0.097|0.016|0.11|0.036|0.075|0.013|0.023|0.093|0.039|0.046|0.019|0.339|0.044|0.032
202408|27|27110|47110000|4111000000|부산|성남시|서초동|서초1동|NH2056|래미안|13160|1|3|0.15|0.033|0.015|0.088|0.055|0.051|0.019|0.013|0.012|0.034|0.004|0.113|0.157|0.145|0.111
202408|11|11110|46110000|4115000000|부산|강남구|역삼동|역삼1동|NH7555|힐스테이트|10768|2|4|0.132|0.049|0.029|0.034|0.103|0.031|0.129|0.114|0.009|0.002|0.104|0.026|0.023|0.018|0.198
202408|43|42110|11200000|4511000000|경기|수원시|인계동|역삼1동|NH4504|힐스테이트|3559|2|2|0.041|0.049|0.01|0.124|0.013|0.016|0.102|0.265|0.037|0.079|0.044|0.043|0.106|0.068|0.002
202408|45|28110|11140000|1120000000|인천|수원시|역삼동|역삼1동|NH7017|래미안|4391|1|5|0.141|0.063|0.299|0.038|0.005|0.076|0.016|0.027|0.033|0.003|0.23|0.033|0.005|0.0|0.031
202408|11|27110|44130000|1114000000|경기|성남시|서초동|서초1동|NH3713|자이|17730|2|3|0.028|0.166|0.03|0.038|0.117|0.09|0.0|0.083|0.086|0.017|0.133|0.145|0.013|0.044|0.008
202408|26|41150|27110000|4111000000|경기|강남구|역삼동|역삼1동|NH1503|래미안|10853|2|6|0.039|0.088|0.12|0.097|0.03|0.005|0.049|0.068|0.115|0.062|0.004|0.092|0.167|0.025|0.039
202408|44|44130|46110000|2611000000|서울|서초구|서초동|서초1동|NH5531|자이|13207|2|6|0.099|0.065|0.028|0.112|0.319|0.065|0.026|0.04|0.009|0.054|0.075|0.016|0.005|0.016|0.072
202408|42|28110|11110000|1111000000|인천|수원시|역삼동|역삼1동|NH5142|힐스테이트|4079|2|4|0.034|0.203|0.023|0.025|0.048|0.029|0.105|0.024|0.001|0.231|0.116|0.089|0.021|0.039|0.012
202408|44|27110|47110000|4311000000|부산|수원시|서초동|서초1동|NH1471|푸르지오|18050|1|3|0.036|0.002|0.012|0.029|0.145|0.005|0.203|0.015|0.017|0.005|0.112|0.026|0.247|0.052|0.095
202408|47|42110|11140000|4611000000|경기|수원시|인계동|역삼1동|NH6779|힐스테이트|13242|1|5|0.01|0.093|0.049|0.014|0.039|0.113|0.054|0.035|0.022|0.316|0.111|0.088|0.028|0.005|0.022
202408|42|41150|26110000|4211000000|서울|수원시|서초동|역삼1동|NH9881|래미안|6191|2|6|0.087|0.016|0.321|0.027|0.028|0.071|0.018|0.017|0.022|0.009|0.157|0.032|0.026|0.134|0.036
202408|26|43110|28110000|4711000000|부산|수원시|서초동|역삼1동|NH9888|힐스테이트|6869|1|4|0.068|0.079|0.036|0.076|0.017|0.032|0.036|0.008|0.2|0.035|0.026|0.019|0.17|0.028|0.171
202408|46|27110|11140000|1120000000|서울|수원시|인계동|역삼1동|NH2503|힐스테이트|16699|x|2|0.078|0.112|0.09|0.017|0.024|0.002|0.034|0.012|0.146|0.044|0.022|0.161|0.099|0.155|0.003
202408|44|26110|26140000|1117000000|부산|강남구|서초동|서초1동|NH4345|래미안|16968|2|4|0.013|0.083|0.17|0.069|0.02|0.101|0.107|0.033|0.059|0.011|0.11|0.038|0.059|0.016|0.111
202408|41|45110|41110000|4113000000|인천|서초구|인계동|서초1동|NH8278|푸르지오|8029|2|4|0.081|0.047|0.03|0.043|0.136|0.106|0.079|0.036|0.031|0.017|0.003|0.075|0.045|0.082|0.19
202408|26|42110|41130000|4111000000|인천|수원시|서초동|역삼1동|NH4379|래미안|16891|2|6|0.036|0.131|0.018|0.035|0.05|0.005|0.167|0.011|0.026|0.009|0.223|0.02|0.101|0.074|0.095
202408|45|45110|41130000|2811000000|인천|강남구|서초동|서초1동|NH9471|힐스테이트|15067|1|2|0.1|0.036|0.057|0.02|0.117|0.003|0.072|0.071|0.24|0.038|0.085|0.034|0.017|0.097|0.012
202408|45|27110|28110000|4711000000|인천|성남시|역삼동|서초1동|NH1061|자이|15221|2|6|0.028|0.163|0.022|0.003|0.054|0.041|0.064|0.231|0.023|0.116|0.113|0.009|0.019|0.053|0.063
202408|43|26110|26110000|4611000000|서울|서초구|인계동|서초1동|NH1635|힐스테이트|10157|2|4|0.043|0.006|0.025|0.04|0.016|0.186|0.066|0.0|0.17|0.011|0.017|0.03|0.037|0.134|0.218
202408|41|45110|11200000|2614000000|인천|강남구|인계동|역삼1동|NH3337|힐스테이트|4145|x|6|0.048|0.021|0.043|0.041|0.019|0.114|0.064|0.091|0.019|0.43|0.004|0.066|0.012|0.015|0.013
202408|26|11110|41130000|2711000000|경기|성남시|서초동|서초1동|NH6232|자이|19931|2|3|0.147|0.119|0.052|0.028|0.034|0.073|0.131|0.028|0.094|0.033|0.027|0.055|0.029|0.071|0.079
202408|42|45110|11110000|4711000000|경기|수원시|역삼동|서초1동|NH5196|푸르지오|3580|2|5|0.091|0.03|0.023|0.022|0.079|0.001|0.14|0.054|0.055|0.028|0.045|0.121|0.116|0.118|0.078
202408|47|28110|47110000|1117000000|경기|서초구|인계동|역삼1동|NH9024|래미안|13370|2|2|0.132|0.058|0.054|0.047|0.042|0.054|0.048|0.054|0.167|0.074|0.072|0.04|0.091|0.053|0.014
202408|47|42110|46110000|4211000000|경기|강남구|인계동|역삼1동|NH3094|푸르지오|9358|2|6|0.042|0.045|0.022|0.039|0.049|0.13|0.075|0.142|0.077|0.003|0.012|0.196|0.003|0.019|0.146
202408|44|41110|11200000|4113000000|경기|강남구|인계동|서초1동|NH9076|힐스테이트|16046|1|5|0.05|0.034|0.063|0.033|0.13|0.205|0.006|0.033|0.028|0.005|0.047|0.157|0.0|0.087|0.122
202408|47|11110|44130000|4413000000|인천|강남구|역삼동|역삼1동|NH4819|자이|14344|2|5|0.008|0.01|0.022|0.002|0.003|0.379|0.009|0.134|0.084|0.028|0.101|0.014|0.027|0.021|0.157
202408|26|42110|27110000|4711000000|경기|강남구|역삼동|역삼1동|NH2348|래미안|15089|1|5|0.087|0.041|0.098|0.032|0.134|0.06|0.019|0.122|0.203|0.037|0.002|0.012|0.037|0.089|0.027
202408|42|11110|11170000|4413000000|서울|강남구|인계동|역삼1동|NH7716|힐스테이트|17422|2|3|0.151|0.014|0.128|0.094|0.003|0.013|0.107|0.048|0.074|0.096|0.081|0.104|0.043|0.043|0.001
202408|43|47110|11110000|4113000000|부산|서초구|서초동|서초1동|NH9545|자이|13008|2|5|0.072|0.013|0.009|0.005|0.068|0.168|0.003|0.04|0.038|0.232|0.143|0.113|0.002|0.017|0.078
202408|42|11170|28110000|1117000000|부산|수원시|인계동|서초1동|NH4911|푸르지오|3399|x|5|0.04|0.114|0.015|0.041|0.065|0.077|0.089|0.021|0.086|0.028|0.026|0.047|0.013|0.304|0.033
202408|26|28110|26110000|2611000000|서울|강남구|인계동|역삼1동|NH9752|푸르지오|17066|1|4|0.079|0.036|0.064|0.051|0.083|0.042|0.095|0.016|0.017|0.009|0.03|0.037|0.059|0.324|0.059
202408|41|11200|26110000|4311000000|부산|서초구|인계동|역삼1동|NH9780|푸르지오|13032|2|3|0.061|0.028|0.051|0.01|0.062|0.05|0.027|0.156|0.266|0.014|0.111|0.103|0.023|0.008|0.03
202408|44|46110|26110000|4111000000|부산|강남구|역삼동|역삼1동|NH5702|자이|18384|2|6|0.077|0.068|0.005|0.033|0.007|0.061|0.145|0.154|0.024|0.005|0.023|0.066|0.051|0.006|0.276
202408|42|44130|41110000|4611000000|인천|수원시|역삼동|역삼1동|NH7863|래미안|15720|2|6|0.055|0.0|0.145|0.006|0.04|0.153|0.092|0.01|0.027|0.187|0.201|0.021|0.014|0.027|0.023
202408|27|46110|28110000|1111000000|인천|수원시|서초동|역삼1동|NH3808|푸르지오|18248|1|3|0.13|0.002|0.165|0.009|0.002|0.043|0.035|0.002|0.01|0.08|0.072|0.106|0.122|0.077|0.146
202408|11|44130|11170000|4413000000|인천|성남시|서초동|역삼1동|NH5097|자이|13782|2|3|0.048|0.028|0.024|0.056|0.008|0.087|0.2|0.077|0.061|0.123|0.035|0.021|0.061|0.143|0.028
202408|45|11140|11110000|1117000000|인천|수원시|인계동|역삼1동|NH7839|자이|19331|x|4|0.032|0.042|0.082|0.106|0.076|0.052|0.018|0.05|0.168|0.109|0.032|0.046|0.049|0.097|0.042
202408|44|46110|11110000|4113000000|부산|서초구|역삼동|역삼1동|NH3993|래미안|16914|1|3|0.043|0.015|0.01|0.162|0.047|0.035|0.004|0.201|0.084|0.084|0.009|0.198|0.041|0.034|0.032
202408|11|41150|47110000|4115000000|부산|서초구|서초동|서초1동|NH4459|자이|9639|1|4|0.059|0.049|0.071|0.079|0.016|0.007|0.119|0.01|0.043|0.224|0.029|0.07|0.037|0.128|0.058
202408|44|11110|44130000|4111000000|인천|서초구|서초동|역삼1동|NH9125|래미안|8760|1|6|0.034|0.135|0.019|0.045|0.132|0.012|0.1|0.025|0.095|0.083|0.209|0.017|0.042|0.011|0.043
202408|44|45110|46110000|4611000000|부산|성남시|역삼동|서초1동|NH4115|자이|6383|1|3|0.137|0.034|0.055|0.004|0.001|0.049|0.073|0.123|0.041|0.099|0.04|0.033|0.014|0.252|0.045
202408|41|42110|26140000|1111000000|서울|성남시|인계동|역삼1동|NH3613|푸르지오|2707|1|2|0.085|0.124|0.085|0.088|0.132|0.041|0.038|0.014|0.049|0.028|0.152|0.094|0.002|0.066|0.002
202408|43|43110|28110000|4211000000|경기|강남구|인계동|서초1동|NH9796|푸르지오|11356|x|3|0.049|0.008|0.057|0.0|0.136|0.148|0.06|0.029|0.06|0.014|0.11|0.174|0.088|0.008|0.061
202408|43|43110|27110000|1120000000|부산|수원시|인계동|역삼1동|NH1421|자이|4498|2|3|0.014|0.136|0.025|0.079|0.1|0.018|0.16|0.037|0.054|0.079|0.075|0.025|0.108|0.027|0.063
202408|26|11140|41130000|4311000000|경기|성남시|서초동|역삼1동|NH5679|푸르지오|3319|2|5|0.048|0.028|0.086|0.123|0.016|0.026|0.113|0.106|0.083|0.044|0.022|0.055|0.009|0.042|0.2
202408|27|43110|28110000|2811000000|서울|강남구|서초동|역삼1동|NH4773|힐스테이트|16876|2|5|0.03|0.006|0.043|0.038|0.025|0.113|0.121|0.05|0.238|0.009|0.091|0.011|0.139|0.038|0.047
202408|47|46110|41130000|4211000000|경기|수원시|인계동|서초1동|NH1313|푸르지오|15102|2|3|0.182|0.081|0.153|0.028|0.014|0.001|0.052|0.084|0.001|0.051|0.083|0.052|0.043|0.051|0.125
202408|43|42110|11200000|1114000000|인천|수원시|역삼동|서초1동|NH2392|래미안|19840|2|4|0.155|0.107|0.047|0.037|0.098|0.076|0.066|0.105|0.027|0.012|0.039|0.045|0.052|0.088|0.047
202408|42|28110|11170000|4413000000|부산|성남시|서초동|서초1동|NH9760|힐스테이트|4886|1|6|0.012|0.027|0.123|0.047|0.033|0.019|0.041|0.372|0.016|0.067|0.031|0.117|0.028|0.039|0.028
202408|42|26140|26110000|2611000000|인천|성남시|역삼동|역삼1동|NH7137|래미안|11290|1|6|0.113|0.005|0.018|0.017|0.082|0.039|0.173|0.003|0.127|0.176|0.003|0.023|0.133|0.022|0.065
202408|11|26140|11110000|1111000000|부산|강남구|서초동|역삼1동|NH7478|힐스테이트|8507|1|4|0.084|0.018|0.069|0.149|0.053|0.018|0.11|0.158|0.072|0.044|0.098|0.062|0.021|0.021|0.022
202408|27|41130|11110000|2611000000|부산|강남구|인계동|서초1동|NH2899|힐스테이트|3559|1|3|0.001|0.38|0.023|0.032|0.024|0.005|0.039|0.131|0.027|0.074|0.025|0.014|0.033|0.036|0.156
202408|47|26110|41150000|4711000000|부산|강남구|서초동|서초1동|NH3100|자이|18258|1|6|0.143|0.012|0.082|0.014|0.021|0.035|0.083|0.003|0.253|0.023|0.08|0.027|0.058|0.147|0.019
202408|45|43110|41150000|2811000000|인천|성남시|인계동|역삼1동|NH7829|힐스테이트|19842|1|4|0.078|0.01|0.259|0.102|0.086|0.026|0.012|0.064|0.211|0.006|0.081|0.044|0.014|0.002|0.004
202408|47|46110|41150000|2614000000|부산|서초구|역삼동|서초1동|NH7116|푸르지오|15408|2|2|0.115|0.189|0.013|0.102|0.023|0.02|0.077|0.063|0.145|0.011|0.043|0.007|0.054|0.047|0.091
202408|47|47110|44130000|4711000000|경기|강남구|서초동|역삼1동|NH9127|래미안|18101|2|2|0.097|0.001|0.155|0.03|0.038|0.026|0.161|0.042|0.135|0.026|0.108|0.036|0.016|0.05|0.079
202408|43|11110|41150000|4113000000|부산|서초구|역삼동|역삼1동|NH2352|래미안|9750|2|2|0.096|0.037|0.135|0.049|0.038|0.001|0.006|0.069|0.396|0.08|0.016|0.015|0.026|0.03|0.005
202408|44|11200|27110000|4113000000|인천|수원시|서초동|서초1동|NH2808|자이|19474|2|4|0.016|0.061|0.041|0.019|0.029|0.057|0.085|0.035|0.074|0.016|0.135|0.231|0.012|0.028|0.159
202408|11|45110|46110000|2811000000|인천|강남구|인계동|역삼1동|NH7767|힐스테이트|2979|1|6|0.057|0.029|0.128|0.064|0.054|0.122|0.016|0.043|0.018|0.011|0.173|0.077|0.036|0.122|0.049
202408|47|26110|11200000|1120000000|부산|강남구|인계동|서초1동|NH3951|래미안|3614|1|3|0.037|0.062|0.09|0.208|0.043|0.044|0.043|0.162|0.068|0.022|0.056|0.098|0.014|0.042|0.012
202408|44|43110|26140000|4111000000|부산|강남구|역삼동|서초1동|NH4736|자이|17126|2|3|0.028|0.014|0.252|0.041|0.002|0.138|0.045|0.036|0.053|0.036|0.024|0.156|0.003|0.03|0.144
202408|11|44130|11110000|4413000000|경기|성남시|역삼동|서초1동|NH5415|힐스테이트|5898|1|5|0.026|0.066|0.023|0.016|0.104|0.107|0.064|0.092|0.048|0.055|0.037|0.144|0.002|0.157|0.059
202408|11|44130|43110000|4711000000|인천|수원시|인계동|역삼1동|NH8740|자이|13404|x|2|0.015|0.016|0.1|0.048|0.011|0.066|0.065|0.138|0.113|0.015|0.144|0.046|0.161|0.056|0.006
202408|43|45110|27110000|4211000000|서울|강남구|인계동|역삼1동|NH6808|자이|18924|1|2|0.072|0.069|0.033|0.108|0.015|0.141|0.004|0.008|0.143|0.096|0.011|0.071|0.034|0.162|0.034
202408|42|45110|11110000|4113000000|서울|서초구|인계동|역삼1동|NH9841|푸르지오|10608|1|6|0.145|0.033|0.051|0.004|0.07|0.109|0.006|0.009|0.005|0.074|0.214|0.124|0.012|0.059|0.084
202408|11|46110|46110000|1111000000|인천|서초구|인계동|서초1동|NH9798|푸르지오|5854|1|3|0.212|0.018|0.047|0.021|0.026|0.078|0.054|0.05|0.145|0.115|0.058|0.043|0.047|0.078|0.007
202408|43|11170|11140000|1111000000|부산|서초구|역삼동|서초1동|NH2791|래미안|17303|2|6|0.17|0.151|0.029|0.029|0.011|0.111|0.005|0.226|0.043|0.101|0.08|0.002|0.016|0.019|0.007
202408|45|11140|46110000|4211000000|서울|수원시|인계동|서초1동|NH2455|푸르지오|8180|2|3|0.095|0.057|0.13|0.144|0.022|0.046|0.002|0.154|0.024|0.046|0.033|0.117|0.002|0.022|0.104
202408|41|41110|28110000|4511000000|부산|성남시|역삼동|서초1동|NH1021|힐스테이트|16373|1|5|0.093|0.046|0.023|0.056|0.006|0.005|0.097|0.006|0.182|0.159|0.003|0.086|0.046|0.056|0.135
202408|47|11110|46110000|1114000000|부산|서초구|서초동|서초1동|NH7004|푸르지오|3616|2|5|0.031|0.071|0.012|0.077|0.051|0.097|0.037|0.009|0.0|0.045|0.007|0.222|0.167|0.103|0.072
202408|47|11140|26140000|2614000000|경기|강남구|서초동|서초1동|NH1447|래미안|15504|2|3|0.092|0.003|0.019|0.147|0.059|0.062|0.013|0.125|0.342|0.009|0.063|0.0|0.002|0.018|0.045
202408|26|41130|41150000|1114000000|인천|성남시|서초동|서초1동|NH4892|푸르지오|2764|1|3|0.046|0.078|0.037|0.005|0.003|0.21|0.035|0.146|0.073|0.016|0.092|0.07|0.038|0.004|0.149
202408|11|43110|41130000|2614000000|인천|성남시|인계동|역삼1동|NH4858|푸르지오|6634|1|4|0.045|0.021|0.012|0.157|0.094|0.024|0.025|0.082|0.283|0.014|0.087|0.037|0.013|0.056|0.051
202408|41|41150|42110000|1111000000|인천|서초구|서초동|역삼1동|NH1831|푸르지오|12666|2|2|0.074|0.333|0.022|0.035|0.124|0.053|0.017|0.0|0.062|0.069|0.034|0.048|0.029|0.012|0.087
202408|42|45110|27110000|2611000000|경기|수원시|서초동|역삼1동|NH8969|래미안|11098|x|3|0.238|0.175|0.063|0.164|0.05|0.017|0.04|0.088|0.006|0.005|0.008|0.005|0.075|0.042|0.025
202408|26|45110|26110000|4311000000|부산|수원시|역삼동|서초1동|NH7893|래미안|5486|1|5|0.032|0.058|0.023|0.011|0.059|0.041|0.035|0.004|0.205|0.115|0.133|0.073|0.08|0.076|0.057
202408|43|45110|42110000|4711000000|부산|강남구|서초동|역삼1동|NH6292|래미안|3465|2|5|0.013|0.127|0.011|0.106|0.081|0.018|0.045|0.026|0.103|0.043|0.044|0.168|0.158|0.035|0.022
202408|45|11140|41150000|1111000000|인천|서초구|역삼동|역삼1동|NH3185|푸르지오|3249|1|4|0.063|0.187|0.075|0.04|0.013|0.074|0.066|0.138|0.004|0.095|0.037|0.05|0.031|0.093|0.035
202408|45|11140|41110000|4115000000|서울|성남시|역삼동|서초1동|NH4810|자이|16548|2|3|0.055|0.052|0.05|0.084|0.081|0.056|0.023|0.039|0.254|0.13|0.01|0.046|0.069|0.036|0.016
202408|43|26110|26140000|1114000000|경기|수원시|인계동|역삼1동|NH6354|힐스테이트|2516|1|6|0.017|0.008|0.02|0.119|0.038|0.083|0.138|0.131|0.083|0.013|0.021|0.065|0.047|0.041|0.177
202408|47|43110|44130000|2611000000|서울|서초구|서초동|서초1동|NH4003|힐스테이트|17858|1|3|0.002|0.196|0.077|0.01|0.164|0.132|0.041|0.018|0.121|0.045|0.082|0.008|0.018|0.007|0.077
202408|45|47110|43110000|4211000000|경기|성남시|역삼동|서초1동|NH6492|래미안|2168|1|4|0.219|0.141|0.09|0.084|0.024|0.033|0.069|0.025|0.077|0.016|0.049|0.017|0.067|0.034|0.054
202408|42|28110|43110000|4711000000|서울|성남시|역삼동|역삼1동|NH4567|래미안|17033|1|5|0.007|0.025|0.022|0.002|0.049|0.055|0.036|0.06|0.263|0.008|0.047|0.054|0.041|0.209|0.123
202408|26|26140|41110000|1111000000|부산|서초구|역삼동|역삼1동|NH3514|자이|11388|2|4|0.052|0.008|0.033|0.02|0.053|0.014|0.034|0.111|0.289|0.033|0.017|0.09|0.027|0.199|0.019
202408|43|28110|26140000|1117000000|부산|수원시|인계동|역삼1동|NH8481|래미안|19566|1|4|0.006|0.337|0.045|0.017|0.032|0.048|0.153|0.028|0.016|0.089|0.074|0.006|0.113|0.013|0.023
202408|41|26140|45110000|1120000000|서울|성남시|서초동|역삼1동|NH2129|자이|18684|1|4|0.092|0.007|0.269|0.036|0.003|0.012|0.047|0.285|0.053|0.007|0.027|0.049|0.046|0.004|0.061
202408|11|11140|44130000|2611000000|부산|수원시|인계동|서초1동|NH2985|래미안|10294|1|4|0.002|0.183|0.013|0.024|0.047|0.061|0.093|0.065|0.076|0.081|0.118|0.089|0.021|0.105|0.022
202408|42|42110|44130000|1120000000|인천|강남구|인계동|역삼1동|NH7537|힐스테이트|17065|1|5|0.105|0.102|0.04|0.019|0.032|0.016|0.097|0.097|0.006|0.048|0.03|0.032|0.238|0.101|0.036
202408|44|11200|42110000|2614000000|인천|수원시|서초동|역삼1동|NH1686|힐스테이트|11663|1|4|0.023|0.006|0.01|0.014|0.132|0.371|0.114|0.001|0.054|0.005|0.02|0.094|0.07|0.016|0.069
202408|47|26140|41130000|4113000000|경기|성남시|인계동|서초1동|NH4109|힐스테이트|9005|2|3|0.073|0.182|0.016|0.053|0.113|0.04|0.048|0.017|0.037|0.064|0.136|0.069|0.061|0.041|0.05
202408|47|26140|41110000|4711000000|인천|강남구|인계동|서초1동|NH9648|푸르지오|5863|1|4|0.01|0.032|0.041|0.096|0.358|0.061|0.049|0.008|0.029|0.003|0.009|0.026|0.018|0.156|0.104
202408|44|45110|41150000|2614000000|경기|성남시|역삼동|역삼1동|NH3700|자이|18097|1|3|0.004|0.088|0.019|0.403|0.004|0.042|0.056|0.004|0.035|0.102|0.014|0.045|0.149|0.016|0.019
202408|44|46110|11200000|2611000000|서울|성남시|서초동|역삼1동|NH4081|힐스테이트|10495|1|5|0.048|0.274|0.122|0.033|0.039|0.036|0.064|0.06|0.022|0.076|0.014|0.088|0.098|0.02|0.005
202408|27|28110|11170000|1117000000|인천|성남시|인계동|역삼1동|NH6742|래미안|9106|1|5|0.115|0.02|0.018|0.14|0.043|0.003|0.03|0.191|0.065|0.042|0.124|0.081|0.023|0.03|0.076
202408|46|26110|42110000|2614000000|서울|수원시|인계동|역삼1동|NH2547|힐스테이트|2342|1|5|0.108|0.008|0.168|0.021|0.053|0.038|0.01|0.13|0.239|0.007|0.027|0.008|0.116|0.043|0.025
202408|27|11200|46110000|1111000000|인천|성남시|서초동|서초1동|NH7406|자이|6816|x|2|0.018|0.007|0.148|0.179|0.066|0.065|0.049|0.06|0.043|0.074|0.025|0.039|0.115|0.087|0.025
202408|46|11110|27110000|1111000000|인천|서초구|역삼동|역삼1동|NH4306|푸르지오|18970|2|3|0.028|0.012|0.001|0.043|0.131|0.119|0.002|0.055|0.036|0.076|0.001|0.098|0.105|0.067|0.228
202408|27|43110|47110000|1111000000|인천|서초구|역삼동|서초1동|NH9813|자이|16079|2|4|0.033|0.054|0.053|0.036|0.098|0.138|0.014|0.035|0.017|0.033|0.023|0.114|0.005|0.2|0.148
202408|44|42110|42110000|4311000000|경기|성남시|역삼동|서초1동|NH1690|래미안|3522|1|4|0.006|0.111|0.078|0.022|0.043|0.002|0.058|0.049|0.195|0.02|0.008|0.282|0.061|0.033|0.029
202408|45|27110|46110000|4511000000|부산|강남구|서초동|서초1동|NH5150|래미안|13861|1|4|0.043|0.123|0.05|0.048|0.048|0.064|0.122|0.044|0.067|0.047|0.076|0.074|0.04|0.059|0.093
202408|43|11140|11200000|1120000000|부산|서초구|인계동|역삼1동|NH6540|푸르지오|5395|1|5|0.087|0.072|0.002|0.077|0.028|0.105|0.019|0.007|0.046|0.007|0.158|0.026|0.03|0.01|0.326
202408|26|11200|11110000|1114000000|인천|성남시|서초동|역삼1동|NH5028|푸르지오|10994|2|4|0.038|0.107|0.201|0.011|0.033|0.058|0.096|0.022|0.077|0.028|0.047|0.226|0.0|0.007|0.047
202408|42|26110|46110000|2711000000|부산|서초구|인계동|역삼1동|NH1110|자이|12650|1|5|0.073|0.134|0.058|0.151|0.023|0.009|0.109|0.069|0.067|0.057|0.06|0.019|0.038|0.096|0.037
202408|27|27110|27110000|4413000000|인천|성남시|인계동|서초1동|NH6794|힐스테이트|11337|1|5|0.042|0.0|0.036|0.011|0.029|0.037|0.006|0.118|0.245|0.078|0.198|0.032|0.076|0.087|0.006
202408|43|44130|41150000|4115000000|경기|성남시|서초동|서초1동|NH9347|래미안|15770|x|5|0.026|0.09|0.164|0.022|0.016|0.067|0.08|0.134|0.058|0.132|0.012|0.11|0.002|0.07|0.017
202408|27|45110|46110000|1120000000|부산|수원시|서초동|서초1동|NH3746|힐스테이트|11278|1|6|0.054|0.027|0.075|0.104|0.045|0.164|0.022|0.106|0.089|0.098|0.11|0.083|0.012|0.001|0.01
202408|43|47110|43110000|2811000000|경기|수원시|역삼동|서초1동|NH4420|래미안|12327|2|5|0.083|0.033|0.105|0.062|0.005|0.037|0.024|0.019|0.108|0.103|0.01|0.057|0.004|0.023|0.326
202408|43|45110|42110000|4413000000|경기|강남구|서초동|서초1동|NH6184|힐스테이트|12212|1|4|0.131|0.127|0.029|0.078|0.143|0.131|0.015|0.017|0.027|0.006|0.014|0.055|0.037|0.114|0.076
202408|46|26110|26110000|2614000000|부산|서초구|인계동|서초1동|NH3190|힐스테이트|6921|x|2|0.122|0.056|0.039|0.034|0.034|0.061|0.063|0.075|0.044|0.097|0.003|0.014|0.054|0.036|0.268
202408|46|43110|43110000|4511000000|서울|수원시|인계동|서초1동|NH3127|자이|5332|1|3|0.138|0.074|0.027|0.078|0.004|0.006|0.04|0.045|0.097|0.028|0.025|0.211|0.008|0.006|0.212
202408|27|11200|28110000|1117000000|부산|성남시|인계동|서초1동|NH9695|푸르지오|17982|2|4|0.053|0.092|0.059|0.009|0.133|0.054|0.038|0.04|0.04|0.119|0.011|0.023|0.19|0.084|0.056
202408|26|46110|41150000|4413000000|서울|서초구|역삼동|서초1동|NH8835|푸르지오|10265|2|3|0.052|0.114|0.02|0.091|0.015|0.099|0.144|0.016|0.023|0.233|0.069|0.015|0.03|0.009|0.07
202408|11|43110|44130000|4115000000|부산|서초구|인계동|서초1동|NH3837|힐스테이트|6239|1|4|0.033|0.01|0.007|0.135|0.086|0.021|0.143|0.056|0.067|0.153|0.003|0.027|0.069|0.027|0.163
202408|42|46110|26110000|2811000000|서울|서초구|역삼동|역삼1동|NH6175|래미안|3587|2|6|0.109|0.072|0.027|0.06|0.054|0.043|0.046|0.009|0.189|0.002|0.011|0.032|0.23|0.082|0.033
202408|11|47110|41150000|4311000000|서울|수원시|인계동|역삼1동|NH6194|푸르지오|4945|2|6|0.003|0.01|0.04|0.02|0.005|0.103|0.034|0.07|0.112|0.001|0.064|0.149|0.088|0.02|0.281
202408|41|26110|28110000|2711000000|부산|수원시|서초동|역삼1동|NH2357|자이|6586|1|4|0.018|0.151|0.008|0.061|0.085|0.022|0.032|0.176|0.034|0.141|0.115|0.02|0.002|0.064|0.071
202408|42|44130|11110000|2711000000|서울|수원시|인계동|서초1동|NH7147|자이|16757|1|2|0.0|0.049|0.006|0.121|0.091|0.023|0.347|0.022|0.052|0.015|0.015|0.009|0.11|0.056|0.083
202408|26|47110|11170000|2611000000|인천|수원시|서초동|역삼1동|NH4622|래미안|6712|1|6|0.085|0.127|0.244|0.007|0.033|0.014|0.22|0.028|0.132|0.016|0.02|0.003|0.026|0.043|0.002
202408|43|26110|11200000|4413000000|부산|강남구|서초동|서초1동|NH2994|힐스테이트|15573|2|5|0.187|0.052|0.084|0.012|0.096|0.092|0.1|0.019|0.022|0.029|0.005|0.12|0.023|0.057|0.102
202408|42|26140|28110000|4115000000|부산|수원시|역삼동|서초1동|NH9190|푸르지오|6770|x|3|0.036|0.14|0.084|0.043|0.082|0.001|0.121|0.025|0.208|0.0|0.052|0.044|0.0|0.105|0.057
202408|44|27110|41130000|4413000000|서울|수원시|인계동|서초1동|NH5304|래미안|3009|2|4|0.032|0.016|0.092|0.017|0.083|0.03|0.055|0.149|0.033|0.036|0.184|0.03|0.014|0.165|0.064
202408|46|45110|41110000|1117000000|부산|수원시|서초동|서초1동|NH6760|자이|2598|1|3|0.076|0.053|0.013|0.03|0.04|0.066|0.065|0.141|0.019|0.07|0.038|0.107|0.035|0.005|0.24
202408|43|11110|42110000|1120000000|인천|강남구|서초동|서초1동|NH5606|래미안|16313|x|5|0.035|0.148|0.187|0.035|0.0|0.026|0.053|0.053|0.143|0.12|0.027|0.023|0.119|0.006|0.025
202408|47|11170|41110000|4711000000|경기|수원시|인계동|서초1동|NH1311|자이|13573|2|3|0.023|0.053|0.125|0.031|0.048|0.162|0.052|0.121|0.089|0.011|0.073|0.08|0.022|0.104|0.007
202408|47|47110|11170000|4311000000|부산|서초구|서초동|서초1동|NH3434|자이|13132|2|3|0.008|0.05|0.047|0.049|0.0|0.008|0.179|0.346|0.01|0.051|0.054|0.119|0.027|0.004|0.049
202408|11|41150|27110000|4113000000|인천|수원시|역삼동|서초1동|NH8100|푸르지오|14192|1|4|0.012|0.044|0.081|0.062|0.068|0.153|0.005|0.142|0.228|0.011|0.047|0.026|0.094|0.023|0.005
202408|41|41150|11200000|2711000000|경기|강남구|서초동|서초1동|NH5117|푸르지오|9674|1|2|0.071|0.103|0.13|0.054|0.18|0.012|0.002|0.088|0.052|0.028|0.084|0.038|0.051|0.014|0.093
202408|42|41150|27110000|4413000000|서울|성남시|인계동|서초1동|NH2318|래미안|7523|2|3|0.023|0.319|0.147|0.088|0.012|0.037|0.013|0.027|0.049|0.038|0.04|0.022|0.008|0.022|0.155
202408|43|26110|46110000|4711000000|경기|수원시|인계동|서초1동|NH9635|래미안|3647|2|4|0.233|0.029|0.002|0.034|0.089|0.02|0.062|0.144|0.008|0.029|0.009|0.042|0.097|0.177|0.026
202408|45|11170|11110000|4211000000|경기|강남구|인계동|역삼1동|NH2941|푸르지오|19518|1|4|0.043|0.17|0.025|0.077|0.05|0.013|0.017|0.189|0.046|0.035|0.017|0.0|0.149|0.083|0.086
202408|26|26140|11200000|1120000000|인천|강남구|인계동|서초1동|NH7577|푸르지오|15317|1|4|0.022|0.263|0.048|0.014|0.02|0.009|0.018|0.029|0.018|0.136|0.196|0.158|0.001|0.045|0.021
202408|26|11140|42110000|2611000000|경기|수원시|서초동|서초1동|NH4362|자이|19145|1|2|0.05|0.124|0.252|0.064|0.067|0.035|0.003|0.018|0.101|0.051|0.104|0.043|0.006|0.058|0.024
202408|11|41110|11170000|2711000000|서울|성남시|역삼동|서초1동|NH7131|푸르지오|5032|x|5|0.026|0.092|0.056|0.028|0.179|0.062|0.038|0.007|0.09|0.054|0.138|0.046|0.005|0.091|0.089
202408|44|11170|41150000|4611000000|서울|성남시|서초동|역삼1동|NH6145|푸르지오|17470|2|2|0.036|0.01|0.17|0.028|0.16|0.007|0.007|0.01|0.061|0.006|0.082|0.049|0.051|0.031|0.292
202408|27|41130|27110000|4413000000|경기|강남구|인계동|서초1동|NH5336|힐스테이트|15224|2|5|0.016|0.004|0.11|0.102|0.019|0.054|0.164|0.022|0.137|0.08|0.005|0.098|0.135|0.049|0.006
202408|27|41150|45110000|4711000000|인천|서초구|서초동|서초1동|NH5886|자이|18965|2|4|0.011|0.069|0.017|0.032|0.065|0.052|0.005|0.178|0.016|0.154|0.289|0.019|0.052|0.018|0.022
202408|46|11200|47110000|2811000000|경기|수원시|역삼동|서초1동|NH4400|래미안|12106|2|5|0.034|0.021|0.087|0.05|0.079|0.158|0.173|0.021|0.002|0.006|0.001|0.078|0.049|0.138|0.102
202408|45|46110|11140000|4211000000|경기|성남시|역삼동|역삼1동|NH7922|힐스테이트|15842|1|6|0.016|0.124|0.087|0.043|0.086|0.104|0.079|0.033|0.039|0.08|0.01|0.006|0.272|0.011|0.011
202408|11|46110|27110000|4111000000|인천|수원시|서초동|역삼1동|NH5956|힐스테이트|8772|1|3|0.018|0.051|0.07|0.042|0.119|0.092|0.03|0.01|0.203|0.104|0.039|0.022|0.108|0.089|0.004
202408|42|46110|27110000|4511000000|경기|수원시|서초동|역삼1동|NH8400|힐스테이트|9707|1|6|0.035|0.04|0.004|0.072|0.005|0.215|0.002|0.113|0.02|0.024|0.009|0.114|0.114|0.099|0.134
202408|45|27110|43110000|4711000000|경기|서초구|서초동|역삼1동|NH6248|자이|8241|1|3|0.024|0.068|0.04|0.083|0.087|0.066|0.149|0.05|0.111|0.077|0.132|0.013|0.02|0.081|0.0
202408|46|27110|11200000|1114000000|서울|강남구|역삼동|역삼1동|NH1782|자이|6167|1|6|0.02|0.008|0.063|0.028|0.011|0.016|0.062|0.159|0.048|0.157|0.024|0.007|0.226|0.111|0.059
202408|26|43110|42110000|4711000000|경기|수원시|서초동|역삼1동|NH3837|자이|16925|1|2|0.076|0.021|0.046|0.053|0.055|0.037|0.032|0.054|0.024|0.15|0.093|0.179|0.087|0.015|0.077
202408|42|11200|47110000|2811000000|부산|강남구|인계동|서초1동|NH8437|자이|5138|2|2|0.006|0.016|0.023|0.205|0.104|0.059|0.007|0.016|0.012|0.081|0.013|0.154|0.108|0.042|0.153
202408|45|26110|45110000|2611000000|부산|수원시|인계동|서초1동|NH5770|힐스테이트|19476|1|4|0.057|0.068|0.003|0.009|0.044|0.007|0.052|0.045|0.404|0.113|0.014|0.01|0.119|0.035|0.02
202408|11|26110|28110000|4211000000|부산|서초구|역삼동|역삼1동|NH5555|자이|13380|2|5|0.036|0.011|0.153|0.01|0.024|0.115|0.039|0.081|0.024|0.266|0.031|0.023|0.153|0.033|0.003
202408|27|46110|43110000|4111000000|부산|강남구|역삼동|서초1동|NH5889|힐스테이트|14252|1|3|0.019|0.125|0.119|0.06|0.015|0.057|0.077|0.03|0.073|0.036|0.09|0.01|0.053|0.105|0.133
202408|43|42110|41130000|2611000000|경기|수원시|서초동|서초1동|NH7572|래미안|17309|2|5|0.014|0.199|0.111|0.143|0.042|0.059|0.046|0.041|0.039|0.067|0.097|0.005|0.01|0.034|0.093
202408|45|41110|11140000|2811000000|부산|성남시|서초동|서초1동|NH9291|푸르지오|2619|1|5|0.01|0.032|0.194|0.11|0.015|0.122|0.166|0.0|0.011|0.04|0.0|0.102|0.008|0.186|0.002
202408|27|26140|45110000|4511000000|인천|강남구|인계동|서초1동|NH8888|힐스테이트|11525|2|3|0.079|0.006|0.047|0.001|0.01|0.015|0.015|0.111|0.139|0.061|0.037|0.144|0.108|0.081|0.147
202408|47|46110|43110000|4115000000|경기|강남구|인계동|서초1동|NH8127|힐스테이트|18687|x|5|0.036|0.026|0.041|0.076|0.076|0.004|0.068|0.062|0.024|0.068|0.031|0.113|0.021|0.096|0.259
202408|11|46110|46110000|4115000000|서울|성남시|인계동|서초1동|NH6229|래미안|8886|2|5|0.015|0.028|0.01|0.02|0.037|0.235|0.031|0.092|0.011|0.029|0.023|0.179|0.169|0.088|0.034
202408|43|42110|11110000|4711000000|부산|강남구|서초동|서초1동|NH8917|푸르지오|10221|2|4|0.034|0.007|0.126|0.206|0.077|0.005|0.148|0.013|0.071|0.084|0.037|0.057|0.005|0.006|0.126
202408|44|47110|41110000|2811000000|인천|강남구|서초동|서초1동|NH3633|자이|15873|1|5|0.139|0.009|0.031|0.097|0.05|0.02|0.01|0.109|0.104|0.043|0.018|0.257|0.015|0.019|0.079
202408|43|41150|11170000|2711000000|인천|성남시|서초동|역삼1동|NH8325|푸르지오|7205|2|5|0.01|0.084|0.063|0.35|0.013|0.042|0.083|0.022|0.019|0.02|0.022|0.119|0.007|0.006|0.141
202408|11|41130|11170000|4413000000|인천|성남시|서초동|서초1동|NH6918|래미안|4378|2|5|0.134|0.002|0.105|0.033|0.223|0.044|0.038|0.022|0.047|0.059|0.051|0.123|0.043|0.057|0.019
202408|41|41150|45110000|4413000000|인천|서초구|역삼동|서초1동|NH8115|힐스테이트|16654|2|4|0.005|0.053|0.005|0.008|0.066|0.054|0.06|0.163|0.151|0.246|0.065|0.021|0.046|0.029|0.027
202408|44|26110|11110000|4311000000|서울|강남구|역삼동|서초1동|NH2067|래미안|6965|1|6|0.152|0.073|0.067|0.107|0.09|0.006|0.051|0.021|0.144|0.028|0.14|0.037|0.025|0.025|0.034
202408|43|42110|44130000|4413000000|서울|강남구|인계동|서초1동|NH3156|힐스테이트|10701|2|3|0.038|0.06|0.271|0.009|0.03|0.1|0.002|0.045|0.072|0.081|0.011|0.046|0.15|0.068|0.017
202408|11|41130|41150000|1120000000|서울|성남시|역삼동|역삼1동|NH2498|자이|12031|1|2|0.061|0.088|0.187|0.049|0.166|0.01|0.119|0.036|0.118|0.063|0.027|0.053|0.001|0.006|0.015
202408|27|45110|26110000|2611000000|경기|서초구|역삼동|역삼1동|NH6963|래미안|6591|1|4|0.045|0.129|0.042|0.019|0.052|0.039|0.015|0.031|0.108|0.036|0.315|0.022|0.01|0.035|0.101
202408|42|41150|26140000|4211000000|경기|서초구|역삼동|서초1동|NH4971|푸르지오|13169|x|3|0.033|0.05|0.025|0.007|0.132|0.138|0.108|0.002|0.086|0.004|0.084|0.047|0.186|0.03|0.067
202408|43|11200|41130000|1117000000|인천|성남시|서초동|역삼1동|NH9541|자이|10997|1|5|0.032|0.063|0.083|0.075|0.089|0.211|0.017|0.038|0.138|0.024|0.116|0.047|0.011|0.051|0.006
202408|27|42110|44130000|4413000000|서울|서초구|서초동|서초1동|NH4678|자이|3963|2|6|0.002|0.006|0.181|0.115|0.018|0.007|0.11|0.037|0.1|0.041|0.024|0.087|0.057|0.069|0.147
202408|11|41130|41110000|2611000000|서울|서초구|서초동|역삼1동|NH9681|푸르지오|17052|1|4|0.08|0.007|0.004|0.007|0.07|0.048|0.02|0.044|0.006|0.213|0.048|0.239|0.113|0.006|0.093
202408|47|11170|11200000|4113000000|부산|수원시|인계동|역삼1동|NH8317|자이|6410|1|6|0.021|0.015|0.059|0.064|0.127|0.162|0.034|0.111|0.044|0.004|0.059|0.043|0.137|0.087|0.031
202408|26|28110|43110000|2811000000|경기|서초구|서초동|서초1동|NH8502|래미안|7416|1|5|0.007|0.084|0.156|0.04|0.019|0.107|0.056|0.041|0.162|0.114|0.009|0.078|0.099|0.017|0.011
202408|27|11200|47110000|4211000000|부산|수원시|서초동|역삼1동|NH3165|힐스테이트|4318|1|5|0.324|0.023|0.051|0.055|0.133|0.024|0.022|0.05|0.097|0.062|0.025|0.005|0.003|0.01|0.116
202408|43|41150|42110000|4115000000|인천|강남구|서초동|역삼1동|NH3746|래미안|19386|1|2|0.055|0.059|0.023|0.016|0.175|0.125|0.004|0.113|0.016|0.105|0.068|0.071|0.001|0.086|0.084
202408|44|47110|45110000|4511000000|서울|서초구|서초동|서초1동|NH6704|푸르지오|9088|x|6|0.064|0.023|0.037|0.023|0.048|0.079|0.032|0.043|0.073|0.132|0.018|0.081|0.222|0.108|0.02
202408|46|11170|26140000|1114000000|인천|성남시|인계동|서초1동|NH8162|푸르지오|6358|2|4|0.023|0.05|0.06|0.019|0.008|0.018|0.17|0.168|0.106|0.01|0.086|0.245|0.016|0.013|0.008
202408|45|46110|46110000|2711000000|서울|강남구|역삼동|역삼1동|NH5680|힐스테이트|10438|2|3|0.016|0.047|0.047|0.057|0.077|0.063|0.063|0.083|0.315|0.041|0.047|0.042|0.056|0.016|0.029
202408|45|41130|11110000|2611000000|서울|서초구|역삼동|서초1동|NH2249|힐스테이트|17687|2|4|0.03|0.039|0.101|0.13|0.194|0.007|0.015|0.082|0.067|0.068|0.059|0.134|0.037|0.029|0.008
202408|41|11170|26140000|4311000000|서울|강남구|서초동|서초1동|NH6085|힐스테이트|17365|1|5|0.018|0.125|0.042|0.043|0.006|0.137|0.094|0.019|0.074|0.045|0.046|0.017|0.209|0.062|0.065
202408|26|46110|47110000|4711000000|인천|강남구|역삼동|역삼1동|NH5465|자이|9355|1|3|0.003|0.005|0.037|0.008|0.05|0.038|0.197|0.08|0.274|0.015|0.18|0.001|0.012|0.013|0.086
202408|26|11200|42110000|1120000000|부산|강남구|서초동|서초1동|NH1916|힐스테이트|9633|2|6|0.059|0.052|0.168|0.09|0.019|0.005|0.02|0.004|0.012|0.267|0.013|0.066|0.004|0.002|0.218
202408|26|45110|46110000|1111000000|경기|성남시|인계동|서초1동|NH2314|래미안|3434|1|5|0.114|0.081|0.013|0.087|0.059|0.017|0.083|0.262|0.058|0.044|0.041|0.063|0.007|0.05|0.022
202408|45|11110|26140000|4511000000|서울|수원시|역삼동|서초1동|NH9420|자이|10969|2|4|0.123|0.106|0.017|0.062|0.048|0.071|0.031|0.026|0.099|0.175|0.105|0.051|0.028|0.056|0.002
202408|11|46110|41110000|2711000000|서울|서초구|인계동|서초1동|NH7340|푸르지오|14686|1|6|0.024|0.022|0.063|0.051|0.032|0.027|0.107|0.067|0.022|0.054|0.048|0.196|0.068|0.19|0.029
202408|45|45110|47110000|1114000000|서울|강남구|역삼동|서초1동|NH3978|래미안|10579|2|4|0.077|0.021|0.244|0.038|0.016|0.035|0.137|0.053|0.112|0.0|0.022|0.075|0.099|0.037|0.034
202408|45|11200|42110000|4111000000|부산|서초구|역삼동|서초1동|NH5338|힐스테이트|7201|1|6|0.09|0.06|0.092|0.123|0.034|0.0|0.088|0.012|0.21|0.011|0.205|0.013|0.012|0.018|0.032
202408|27|43110|26110000|4413000000|서울|수원시|서초동|서초1동|NH2403|래미안|4500|2|3|0.005|0.099|0.13|0.089|0.066|0.016|0.007|0.123|0.135|0.013|0.017|0.028|0.039|0.153|0.082
202408|27|44130|11140000|2711000000|부산|수원시|서초동|서초1동|NH4872|자이|2493|1|3|0.133|0.021|0.072|0.016|0.028|0.026|0.093|0.036|0.024|0.185|0.101|0.175|0.029|0.049|0.012
202408|11|41110|28110000|4111000000|부산|강남구|서초동|서초1동|NH8298|자이|13896|1|4|0.037|0.041|0.03|0.024|0.011|0.007|0.029|0.027|0.055|0.159|0.014|0.266|0.03|0.013|0.257
202408|11|46110|26110000|1114000000|경기|서초구|인계동|역삼1동|NH4508|래미안|7232|2|4|0.004|0.006|0.189|0.034|0.155|0.0|0.032|0.061|0.08|0.102|0.029|0.002|0.223|0.04|0.043
202408|26|44130|47110000|2614000000|경기|성남시|인계동|서초1동|NH8176|자이|6524|2|6|0.049|0.11|0.005|0.093|0.137|0.041|0.088|0.02|0.079|0.031|0.081|0.198|0.001|0.023|0.044
202408|42|26140|45110000|4113000000|인천|강남구|역삼동|역삼1동|NH5704|힐스테이트|19339|1|3|0.237|0.08|0.041|0.043|0.078|0.044|0.02|0.11|0.031|0.006|0.067|0.018|0.053|0.154|0.017
202408|47|45110|11140000|4111000000|인천|수원시|인계동|역삼1동|NH7445|힐스테이트|19384|1|2|0.046|0.021|0.126|0.034|0.227|0.073|0.118|0.028|0.039|0.089|0.03|0.029|0.022|0.033|0.085
202408|11|43110|11200000|4711000000|인천|성남시|인계동|역삼1동|NH1709|자이|6322|1|4|0.042|0.005|0.003|0.001|0.005|0.11|0.36|0.029|0.087|0.069|0.029|0.132|0.036|0.041|0.052
202408|11|46110|41110000|1120000000|경기|성남시|서초동|역삼1동|NH9874|래미안|16947|1|6|0.028|0.115|0.006|0.034|0.159|0.058|0.006|0.156|0.076|0.028|0.011|0.125|0.041|0.029|0.127
202408|26|41130|11110000|4113000000|서울|강남구|역삼동|서초1동|NH8208|자이|13802|2|5|0.029|0.027|0.019|0.123|0.187|0.003|0.055|0.098|0.11|0.05|0.108|0.158|0.004|0.016|0.014
202408|42|26140|11110000|4711000000|부산|성남시|인계동|역삼1동|NH4438|힐스테이트|3874|1|4|0.032|0.074|0.15|0.013|0.033|0.369|0.022|0.015|0.095|0.016|0.019|0.014|0.091|0.05|0.005
202408|27|41110|27110000|4711000000|인천|성남시|서초동|역삼1동|NH6807|푸르지오|17241|1|3|0.047|0.03|0.042|0.127|0.084|0.098|0.001|0.132|0.033|0.0|0.219|0.103|0.042|0.017|0.024
202408|45|26140|11110000|4115000000|경기|서초구|인계동|서초1동|NH8260|푸르지오|14247|2|4|0.145|0.177|0.013|0.095|0.008|0.008|0.056|0.127|0.062|0.033|0.039|0.091|0.013|0.065|0.068
202408|45|45110|43110000|2711000000|인천|서초구|인계동|역삼1동|NH6807|푸르지오|14718|1|3|0.008|0.004|0.025|0.108|0.117|0.053|0.022|0.142|0.099|0.191|0.009|0.071|0.09|0.023|0.037
202408|42|26110|45110000|2811000000|부산|성남시|서초동|역삼1동|NH8925|푸르지오|8261|1|4|0.09|0.012|0.014|0.026|0.21|0.102|0.171|0.054|0.034|0.03|0.064|0.137|0.032|0.013|0.01
202408|43|11200|28110000|4611000000|경기|강남구|인계동|역삼1동|NH3171|힐스테이트|7969|2|3|0.035|0.02|0.028|0.146|0.042|0.037|0.011|0.011|0.005|0.164|0.021|0.293|0.128|0.057|0.002
202408|26|26140|27110000|4711000000|경기|서초구|인계동|서초1동|NH8511|푸르지오|19485|2|4|0.315|0.009|0.011|0.129|0.05|0.003|0.074|0.001|0.013|0.051|0.024|0.09|0.178|0.046|0.006
202408|47|11170|45110000|2611000000|경기|서초구|인계동|역삼1동|NH2041|래미안|2156|1|2|0.109|0.081|0.058|0.023|0.032|0.15|0.001|0.082|0.016|0.193|0.057|0.028|0.04|0.098|0.031
202408|45|46110|45110000|4413000000|인천|성남시|서초동|역삼1동|NH6182|래미안|19092|2|6|0.114|0.054|0.047|0.024|0.118|0.008|0.044|0.129|0.076|0.026|0.055|0.233|0.031|0.003|0.039
202408|27|45110|41110000|1117000000|서울|강남구|역삼동|역삼1동|NH9184|래미안|17324|x|5|0.016|0.014|0.011|0.043|0.059|0.284|0.051|0.16|0.12|0.014|0.054|0.026|0.076|0.048|0.022
202408|11|41150|41130000|4511000000|서울|성남시|서초동|서초1동|NH9086|래미안|8833|2|3|0.191|0.003|0.015|0.067|0.028|0.049|0.004|0.122|0.009|0.064|0.206|0.031|0.134|0.076|0.001
202408|47|11170|11200000|4111000000|인천|수원시|서초동|서초1동|NH8335|래미안|6499|x|3|0.164|0.079|0.019|0.07|0.054|0.014|0.076|0.031|0.025|0.057|0.215|0.084|0.006|0.04|0.065
202408|46|11140|44130000|4211000000|서울|서초구|인계동|역삼1동|NH4941|자이|4076|2|5|0.046|0.134|0.023|0.044|0.029|0.028|0.023|0.015|0.012|0.036|0.357|0.045|0.051|0.138|0.017
202408|45|44130|11170000|4211000000|인천|강남구|역삼동|역삼1동|NH3695|힐스테이트|2650|1|4|0.033|0.001|0.114|0.115|0.118|0.035|0.093|0.04|0.031|0.033|0.002|0.027|0.083|0.092|0.184
202408|42|41110|42110000|1111000000|인천|강남구|역삼동|역삼1동|NH6414|힐스테이트|9453|2|5|0.259|0.01|0.04|0.013|0.01|0.058|0.025|0.033|0.081|0.086|0.145|0.005|0.035|0.1|0.101
202408|42|41110|41130000|4413000000|부산|성남시|역삼동|역삼1동|NH1531|힐스테이트|10408|1|3|0.015|0.115|0.164|0.036|0.058|0.017|0.037|0.0|0.098|0.009|0.162|0.135|0.02|0.059|0.076
202408|41|41110|46110000|4511000000|경기|성남시|서초동|서초1동|NH3295|푸르지오|14537|2|4|0.086|0.008|0.0|0.0|0.046|0.26|0.195|0.003|0.019|0.103|0.007|0.093|0.104|0.042|0.032
202408|41|41150|42110000|4311000000|인천|수원시|서초동|서초1동|NH2501|래미안|18697|2|5|0.023|0.006|0.211|0.075|0.082|0.024|0.007|0.286|0.004|0.041|0.097|0.009|0.068|0.043|0.025
202408|45|41110|41150000|1111000000|부산|수원시|인계동|서초1동|NH4038|래미안|4540|1|6|0.127|0.04|0.007|0.027|0.207|0.075|0.162|0.073|0.037|0.082|0.027|0.03|0.028|0.067|0.011
202408|27|47110|46110000|4113000000|인천|성남시|서초동|역삼1동|NH8489|푸르지오|14408|1|2|0.124|0.02|0.107|0.101|0.002|0.225|0.016|0.04|0.059|0.081|0.025|0.001|0.005|0.036|0.158
202408|47|27110|43110000|4611000000|인천|서초구|인계동|역삼1동|NH3103|힐스테이트|4235|2|3|0.009|0.046|0.073|0.01|0.128|0.182|0.035|0.059|0.01|0.113|0.003|0.069|0.162|0.03|0.073
202408|11|41110|11140000|2711000000|인천|수원시|인계동|역삼1동|NH3302|래미안|9257|1|5|0.044|0.14|0.016|0.058|0.023|0.045|0.061|0.19|0.019|0.02|0.013|0.043|0.157|0.064|0.107
202408|27|26110|41150000|1117000000|경기|수원시|역삼동|서초1동|NH7655|푸르지오|12019|1|5|0.018|0.013|0.148|0.018|0.006|0.052|0.043|0.009|0.049|0.078|0.226|0.064|0.005|0.164|0.107
202408|43|11170|26110000|2711000000|부산|수원시|인계동|역삼1동|NH3889|힐스테이트|16448|2|5|0.108|0.017|0.124|0.032|0.025|0.037|0.109|0.177|0.024|0.034|0.119|0.066|0.006|0.02|0.101
202408|47|41150|43110000|4111000000|경기|서초구|서초동|역삼1동|NH9447|힐스테이트|8301|2|4|0.215|0.032|0.1|0.054|0.038|0.055|0.034|0.012|0.039|0.028|0.148|0.011|0.068|0.147|0.019
202408|44|27110|11200000|4211000000|경기|서초구|인계동|서초1동|NH9248|래미안|3509|2|5|0.013|0.059|0.044|0.002|0.126|0.014|0.034|0.353|0.015|0.07|0.056|0.048|0.067|0.055|0.044
202408|43|27110|26140000|1111000000|경기|수원시|서초동|서초1동|NH8929|자이|7702|2|3|0.071|0.16|0.005|0.05|0.158|0.045|0.033|0.034|0.062|0.204|0.042|0.023|0.049|0.003|0.061
202408|45|47110|46110000|2611000000|서울|강남구|서초동|서초1동|NH6103|푸르지오|18843|2|4|0.06|0.104|0.08|0.027|0.033|0.067|0.127|0.171|0.016|0.023|0.029|0.001|0.131|0.13|0.001
202408|43|45110|11170000|4511000000|인천|강남구|역삼동|서초1동|NH9749|푸르지오|12270|x|4|0.106|0.025|0.061|0.035|0.104|0.069|0.156|0.071|0.059|0.034|0.024|0.039|0.12|0.081|0.015
202408|11|41130|45110000|1111000000|부산|성남시|인계동|역삼1동|NH6830|힐스테이트|9255|2|2|0.167|0.045|0.023|0.005|0.102|0.083|0.04|0.008|0.052|0.059|0.055|0.14|0.017|0.04|0.163
202408|11|28110|26110000|2614000000|경기|성남시|서초동|서초1동|NH3041|힐스테이트|11614|2|6|0.037|0.032|0.006|0.048|0.047|0.005|0.044|0.058|0.229|0.045|0.099|0.018|0.117|0.209|0.005
202408|42|11170|11140000|4511000000|경기|서초구|역삼동|서초1동|NH9004|자이|12389|1|4|0.153|0.004|0.001|0.072|0.052|0.087|0.068|0.101|0.11|0.013|0.081|0.037|0.112|0.024|0.085
202408|42|43110|47110000|4711000000|인천|서초구|인계동|역삼1동|NH4625|자이|7881|2|3|0.055|0.002|0.003|0.209|0.006|0.014|0.089|0.0|0.003|0.144|0.138|0.002|0.329|0.002|0.003
202408|41|41110|42110000|4311000000|서울|강남구|서초동|서초1동|NH8523|래미안|8506|1|2|0.158|0.006|0.099|0.027|0.275|0.027|0.033|0.074|0.101|0.006|0.003|0.054|0.044|0.03|0.064
202408|11|26110|41110000|4115000000|서울|수원시|인계동|역삼1동|NH8892|힐스테이트|8571|1|5|0.109|0.161|0.014|0.042|0.097|0.021|0.003|0.077|0.07|0.111|0.022|0.002|0.08|0.155|0.035
202408|46|41130|26140000|1114000000|부산|성남시|역삼동|서초1동|NH4792|래미안|7811|1|6|0.06|0.011|0.028|0.005|0.216|0.018|0.09|0.044|0.178|0.034|0.023|0.11|0.112|0.028|0.043
202408|26|11140|41150000|2614000000|경기|서초구|역삼동|서초1동|NH2724|힐스테이트|4850|x|4|0.017|0.07|0.088|0.079|0.019|0.049|0.059|0.259|0.024|0.039|0.059|0.086|0.032|0.092|0.028
202408|42|11110|43110000|4711000000|서울|성남시|서초동|서초1동|NH8762|푸르지오|12863|1|3|0.024|0.019|0.039|0.019|0.264|0.141|0.006|0.062|0.073|0.01|0.007|0.013|0.11|0.186|0.025
202408|26|11200|11200000|2611000000|부산|서초구|역삼동|서초1동|NH8415|자이|19470|1|2|0.125|0.002|0.057|0.175|0.013|0.029|0.025|0.126|0.007|0.149|0.033|0.007|0.105|0.143|0.003
202408|46|11200|41150000|4511000000|인천|수원시|인계동|서초1동|NH7699|자이|12415|2|3|0.013|0.035|0.034|0.003|0.109|0.007|0.168|0.01|0.001|0.173|0.017|0.193|0.039|0.195|0.003
202408|43|41150|11170000|4511000000|서울|수원시|인계동|역삼1동|NH4781|푸르지오|9765|1|3|0.06|0.003|0.083|0.007|0.045|0.049|0.009|0.198|0.1|0.209|0.129|0.033|0.011|0.013|0.052
202408|46|11140|11200000|4111000000|경기|서초구|인계동|서초1동|NH6751|자이|7283|2|4|0.014|0.024|0.045|0.091|0.064|0.01|0.099|0.054|0.017|0.085|0.158|0.113|0.001|0.145|0.08
202408|45|28110|11170000|4111000000|인천|성남시|역삼동|역삼1동|NH9803|힐스테이트|17297|1|6|0.086|0.111|0.006|0.017|0.177|0.012|0.012|0.02|0.03|0.032|0.065|0.079|0.114|0.185|0.054
202408|47|41110|11110000|1120000000|서울|수원시|인계동|역삼1동|NH4064|힐스테이트|14523|1|5|0.031|0.042|0.116|0.083|0.068|0.001|0.124|0.018|0.012|0.072|0.139|0.026|0.05|0.083|0.136
202408|11|41150|43110000|4111000000|부산|성남시|인계동|서초1동|NH7510|힐스테이트|16657|1|5|0.006|0.01|0.065|0.158|0.02|0.132|0.006|0.163|0.142|0.062|0.062|0.0|0.02|0.126|0.028
202408|11|11200|45110000|4413000000|경기|서초구|서초동|역삼1동|NH5827|푸르지오|7060|2|5|0.014|0.068|0.133|0.143|0.016|0.021|0.024|0.108|0.117|0.088|0.018|0.063|0.006|0.028|0.153
202408|11|11110|27110000|1111000000|경기|수원시|역삼동|서초1동|NH7167|힐스테이트|17370|2|5|0.001|0.025|0.275|0.086|0.14|0.017|0.001|0.034|0.1|0.058|0.055|0.02|0.081|0.067|0.041
202408|44|26110|11140000|4111000000|부산|강남구|인계동|역삼1동|NH9571|래미안|5821|2|5|0.277|0.043|0.008|0.082|0.066|0.016|0.049|0.041|0.025|0.013|0.014|0.12|0.081|0.131|0.036
202408|11|11140|41130000|1114000000|부산|수원시|서초동|역삼1동|NH7382|푸르지오|6666|1|2|0.016|0.037|0.067|0.043|0.091|0.088|0.04|0.012|0.211|0.075|0.001|0.208|0.002|0.082|0.027
202408|11|11170|44130000|4115000000|부산|서초구|역삼동|역삼1동|NH5280|래미안|7926|1|6|0.071|0.058|0.127|0.017|0.074|0.075|0.101|0.133|0.023|0.112|0.01|0.044|0.089|0.01|0.055
202408|45|41150|41150000|2611000000|서울|성남시|서초동|서초1동|NH5379|래미안|10683|1|4|0.113|0.029|0.002|0.117|0.216|0.087|0.018|0.058|0.053|0.032|0.138|0.039|0.041|0.01|0.046
202408|44|43110|45110000|4113000000|부산|서초구|역삼동|서초1동|NH5471|래미안|2822|2|5|0.069|0.02|0.063|0.061|0.073|0.02|0.003|0.289|0.124|0.059|0.032|0.027|0.034|0.044|0.081
202408|42|41150|11140000|2711000000|부산|서초구|서초동|역삼1동|NH7951|자이|15867|1|4|0.226|0.039|0.045|0.05|0.058|0.048|0.092|0.03|0.098|0.122|0.067|0.005|0.064|0.003|0.052
202408|47|26110|11200000|2711000000|부산|서초구|서초동|서초1동|NH3855|래미안|4039|2|6|0.071|0.009|0.009|0.085|0.018|0.072|0.044|0.164|0.007|0.043|0.147|0.015|0.067|0.099|0.15
202408|44|11110|26140000|4711000000|경기|수원시|서초동|서초1동|NH2864|자이|7049|2|4|0.007|0.05|0.101|0.084|0.057|0.048|0.206|0.025|0.041|0.039|0.248|0.015|0.02|0.041|0.017
202408|26|11110|26140000|2611000000|인천|성남시|서초동|서초1동|NH9254|힐스테이트|6635|1|4|0.089|0.097|0.014|0.042|0.019|0.081|0.03|0.157|0.043|0.068|0.029|0.1|0.072|0.052|0.107
202408|41|46110|26140000|2611000000|인천|강남구|인계동|역삼1동|NH3130|래미안|13198|1|4|0.39|0.009|0.174|0.011|0.019|0.066|0.055|0.036|0.005|0.043|0.017|0.1|0.013|0.056|0.006
202408|26|46110|11140000|2614000000|서울|서초구|서초동|서초1동|NH3158|자이|6761|1|5|0.046|0.178|0.028|0.076|0.006|0.012|0.017|0.275|0.07|0.072|0.016|0.006|0.077|0.008|0.113
202408|27|11200|45110000|1111000000|인천|강남구|서초동|역삼1동|NH5305|힐스테이트|4804|2|6|0.063|0.005|0.084|0.093|0.102|0.073|0.02|0.072|0.013|0.048|0.05|0.025|0.184|0.123|0.045
202408|45|41130|47110000|4211000000|인천|강남구|서초동|역삼1동|NH4325|래미안|5213|2|3|0.172|0.102|0.044|0.054|0.085|0.003|0.085|0.001|0.033|0.044|0.216|0.019|0.019|0.087|0.036
202408|41|41150|41110000|1117000000|서울|수원시|서초동|역삼1동|NH6873|힐스테이트|12315|1|6|0.13|0.12|0.046|0.08|0.064|0.037|0.115|0.109|0.044|0.001|0.077|0.009|0.073|0.01|0.085
202408|27|46110|28110000|1111000000|경기|강남구|서초동|역삼1동|NH1667|푸르지오|10962|1|4|0.039|0.192|0.192|0.059|0.047|0.014|0.044|0.039|0.062|0.049|0.032|0.046|0.034|0.106|0.045
202408|43|41110|27110000|2711000000|경기|서초구|인계동|서초1동|NH4488|푸르지오|14420|2|6|0.029|0.012|0.016|0.007|0.214|0.309|0.089|0.001|0.02|0.036|0.007|0.022|0.04|0.112|0.085
202408|41|45110|46110000|1114000000|경기|서초구|인계동|역삼1동|NH6642|래미안|4181|2|4|0.069|0.014|0.026|0.069|0.027|0.227|0.09|0.26|0.077|0.016|0.008|0.008|0.054|0.023|0.033
202408|42|28110|41150000|4211000000|경기|수원시|인계동|역삼1동|NH1518|푸르지오|10893|1|3|0.095|0.113|0.081|0.028|0.028|0.118|0.024|0.064|0.112|0.048|0.086|0.013|0.001|0.045|0.145
202408|45|47110|11140000|4111000000|인천|성남시|서초동|역삼1동|NH4348|자이|2316|2|4|0.016|0.016|0.091|0.024|0.013|0.014|0.045|0.205|0.14|0.09|0.056|0.125|0.049|0.006|0.111
202408|44|45110|43110000|4711000000|부산|강남구|인계동|서초1동|NH4075|힐스테이트|3582|1|3|0.022|0.036|0.122|0.318|0.011|0.121|0.023|0.07|0.087|0.005|0.094|0.056|0.006|0.017|0.013
202408|47|46110|41110000|4111000000|인천|수원시|역삼동|서초1동|NH7775|래미안|10222|x|2|0.145|0.038|0.009|0.016|0.048|0.033|0.063|0.132|0.099|0.052|0.146|0.007|0.054|0.146|0.012
202408|27|11140|42110000|4413000000|서울|서초구|역삼동|서초1동|NH4408|힐스테이트|14608|2|4|0.012|0.036|0.194|0.039|0.05|0.201|0.057|0.018|0.059|0.01|0.089|0.159|0.001|0.02|0.053
202408|45|28110|47110000|4311000000|서울|강남구|역삼동|서초1동|NH3254|자이|14527|1|4|0.168|0.002|0.09|0.054|0.071|0.014|0.013|0.235|0.014|0.005|0.055|0.131|0.056|0.053|0.038
202408|41|43110|11140000|4111000000|인천|수원시|역삼동|역삼1동|NH7485|힐스테이트|15549|2|5|0.002|0.097|0.084|0.085|0.064|0.026|0.004|0.133|0.013|0.087|0.175|0.089|0.062|0.031|0.047
202408|41|27110|41110000|2611000000|서울|성남시|서초동|서초1동|NH9726|래미안|8814|2|5|0.015|0.078|0.035|0.044|0.054|0.158|0.022|0.277|0.009|0.023|0.009|0.065|0.015|0.081|0.115
202408|46|11110|44130000|4611000000|부산|강남구|서초동|서초1동|NH4339|힐스테이트|17789|x|4|0.044|0.037|0.008|0.047|0.165|0.086|0.016|0.256|0.006|0.062|0.147|0.02|0.033|0.017|0.057
202408|46|26140|41150000|4211000000|인천|강남구|역삼동|역삼1동|NH1285|힐스테이트|2443|1|5|0.036|0.124|0.132|0.012|0.076|0.024|0.22|0.055|0.035|0.067|0.061|0.017|0.059|0.068|0.014
202408|45|11170|11110000|2811000000|인천|강남구|역삼동|서초1동|NH4033|래미안|9034|1|5|0.062|0.011|0.015|0.038|0.061|0.16|0.208|0.01|0.099|0.012|0.013|0.019|0.028|0.11|0.155
202408|26|27110|11170000|4113000000|경기|성남시|서초동|역삼1동|NH6028|래미안|9706|2|3|0.08|0.031|0.134|0.105|0.089|0.005|0.019|0.065|0.031|0.007|0.126|0.012|0.128|0.066|0.103
202408|43|44130|28110000|1114000000|서울|수원시|인계동|서초1동|NH4729|힐스테이트|3088|2|5|0.011|0.076|0.089|0.336|0.08|0.07|0.006|0.0|0.003|0.024|0.01|0.031|0.165|0.052|0.046
202408|44|26110|11170000|4511000000|경기|서초구|서초동|서초1동|NH9686|푸르지오|10528|2|6|0.011|0.103|0.085|0.024|0.009|0.061|0.009|0.315|0.047|0.015|0.159|0.01|0.039|0.084|0.029
202408|45|11200|28110000|2611000000|경기|성남시|서초동|서초1동|NH6155|푸르지오|12353|2|3|0.093|0.026|0.064|0.221|0.097|0.064|0.011|0.16|0.021|0.021|0.036|0.014|0.049|0.051|0.073
202408|42|41110|42110000|2711000000|인천|강남구|서초동|서초1동|NH8868|래미안|6439|2|6|0.0|0.083|0.2|0.076|0.065|0.008|0.072|0.028|0.029|0.13|0.038|0.054|0.05|0.086|0.081
202408|43|44130|41130000|4211000000|경기|강남구|서초동|서초1동|NH8418|푸르지오|3028|1|4|0.095|0.019|0.017|0.006|0.002|0.037|0.168|0.162|0.01|0.043|0.056|0.09|0.008|0.09|0.197
202408|43|45110|41130000|4115000000|서울|서초구|서초동|서초1동|NH1733|자이|18163|1|5|0.121|0.049|0.135|0.02|0.023|0.055|0.024|0.093|0.042|0.051|0.009|0.042|0.202|0.065|0.068
202408|42|46110|26140000|4711000000|부산|성남시|인계동|역삼1동|NH2596|푸르지오|13847|2|4|0.289|0.009|0.057|0.055|0.066|0.079|0.12|0.052|0.039|0.037|0.019|0.076|0.004|0.024|0.075
202408|42|41150|11170000|4711000000|경기|수원시|역삼동|서초1동|NH1554|푸르지오|2373|x|4|0.062|0.036|0.002|0.02|0.134|0.049|0.003|0.02|0.009|0.064|0.033|0.201|0.231|0.077|0.061
202408|41|26140|11110000|4511000000|인천|서초구|역삼동|역삼1동|NH9264|자이|10371|2|3|0.121|0.052|0.185|0.148|0.078|0.137|0.041|0.011|0.005|0.015|0.011|0.051|0.078|0.054|0.013
202408|26|41150|26140000|2614000000|서울|성남시|역삼동|역삼1동|NH6451|힐스테이트|13962|x|2|0.066|0.08|0.074|0.054|0.035|0.026|0.134|0.023|0.004|0.026|0.028|0.179|0.1|0.102|0.069
202408|44|41130|11110000|4115000000|경기|강남구|인계동|서초1동|NH4722|자이|8118|2|6|0.019|0.221|0.044|0.09|0.034|0.183|0.115|0.002|0.007|0.123|0.012|0.076|0.046|0.021|0.008
202408|11|11110|41150000|1111000000|부산|수원시|역삼동|서초1동|NH3687|자이|18661|2|4|0.158|0.016|0.339|0.048|0.049|0.006|0.016|0.077|0.007|0.005|0.083|0.032|0.049|0.104|0.011
202408|11|41130|41110000|1117000000|인천|서초구|인계동|서초1동|NH9866|자이|2207|1|3|0.154|0.054|0.119|0.005|0.057|0.074|0.035|0.001|0.101|0.033|0.044|0.078|0.065|0.127|0.054
202408|44|44130|46110000|4115000000|경기|서초구|역삼동|역삼1동|NH3655|래미안|18194|2|2|0.126|0.044|0.132|0.149|0.031|0.044|0.034|0.104|0.074|0.009|0.025|0.192|0.004|0.021|0.011
202408|11|11170|11200000|2614000000|부산|강남구|인계동|역삼1동|NH9935|힐스테이트|5373|2|4|0.145|0.032|0.061|0.02|0.091|0.012|0.023|0.342|0.02|0.026|0.019|0.021|0.056|0.121|0.01
202408|27|11110|27110000|4211000000|서울|수원시|역삼동|역삼1동|NH5293|힐스테이트|19840|1|3|0.06|0.006|0.052|0.167|0.156|0.002|0.157|0.017|0.143|0.022|0.047|0.062|0.081|0.005|0.023
202408|42|43110|41150000|4711000000|서울|서초구|인계동|역삼1동|NH1990|자이|12952|1|4|0.056|0.099|0.004|0.039|0.121|0.036|0.266|0.058|0.064|0.026|0.039|0.013|0.136|0.033|0.01
202408|27|41150|27110000|2811000000|부산|성남시|인계동|서초1동|NH9426|자이|4514|2|4|0.128|0.127|0.037|0.111|0.036|0.011|0.019|0.044|0.031|0.099|0.031|0.066|0.034|0.119|0.108
202408|43|26110|11200000|2611000000|서울|강남구|역삼동|서초1동|NH1121|힐스테이트|15872|x|3|0.02|0.001|0.014|0.022|0.003|0.118|0.031|0.308|0.151|0.057|0.01|0.003|0.142|0.068|0.054
202408|47|47110|11170000|2711000000|부산|수원시|인계동|서초1동|NH5764|자이|18283|1|2|0.052|0.002|0.064|0.07|0.059|0.007|0.132|0.103|0.103|0.061|0.04|0.056|0.121|0.053|0.077
202408|47|43110|42110000|4511000000|인천|강남구|역삼동|역삼1동|NH6281|자이|6526|1|5|0.027|0.013|0.064|0.023|0.157|0.127|0.079|0.013|0.249|0.06|0.007|0.088|0.033|0.001|0.059
202408|47|45110|46110000|4111000000|서울|강남구|서초동|역삼1동|NH4435|래미안|5877|2|6|0.033|0.035|0.016|0.056|0.235|0.027|0.058|0.016|0.09|0.019|0.067|0.124|0.046|0.173|0.004
202408|46|41110|11170000|2611000000|경기|성남시|서초동|역삼1동|NH5372|래미안|11994|1|6|0.086|0.037|0.042|0.011|0.209|0.086|0.201|0.039|0.024|0.055|0.021|0.01|0.015|0.144|0.019
202408|26|26110|43110000|1114000000|인천|서초구|서초동|역삼1동|NH2021|래미안|3430|1|6|0.027|0.043|0.041|0.096|0.014|0.112|0.012|0.013|0.022|0.024|0.019|0.246|0.197|0.074|0.061
202408|46|44130|28110000|2711000000|인천|서초구|서초동|역삼1동|NH6929|래미안|12186|1|3|0.08|0.017|0.074|0.02|0.006|0.005|0.041|0.077|0.104|0.035|0.008|0.14|0.022|0.217|0.155
202408|27|41130|26110000|4115000000|부산|서초구|서초동|서초1동|NH1911|자이|6551|1|6|0.016|0.173|0.115|0.199|0.098|0.053|0.008|0.041|0.019|0.015|0.042|0.063|0.044|0.082|0.032
202408|26|26140|26110000|1114000000|부산|수원시|서초동|역삼1동|NH9804|힐스테이트|13396|1|5|0.019|0.013|0.029|0.051|0.089|0.04|0.189|0.041|0.111|0.063|0.094|0.141|0.055|0.053|0.011
202408|26|47110|41150000|1111000000|서울|강남구|서초동|역삼1동|NH5915|힐스테이트|2938|1|5|0.017|0.003|0.122|0.05|0.15|0.008|0.035|0.013|0.249|0.024|0.054|0.18|0.008|0.024|0.065
202408|46|47110|27110000|4511000000|경기|성남시|서초동|서초1동|NH7630|자이|17819|x|5|0.188|0.083|0.005|0.022|0.161|0.01|0.098|0.074|0.031|0.056|0.092|0.006|0.024|0.126|0.021
202408|11|11140|42110000|1120000000|경기|성남시|역삼동|역삼1동|NH8478|힐스테이트|17978|1|2|0.058|0.309|0.019|0.06|0.013|0.138|0.018|0.138|0.034|0.068|0.043|0.012|0.025|0.038|0.026
202408|47|41110|41130000|1120000000|서울|서초구|역삼동|역삼1동|NH9134|래미안|15987|2|3|0.045|0.016|0.131|0.11|0.109|0.01|0.028|0.05|0.042|0.229|0.014|0.108|0.023|0.001|0.083
202408|44|11140|45110000|2611000000|서울|성남시|인계동|서초1동|NH9649|힐스테이트|12560|2|4|0.031|0.025|0.021|0.056|0.052|0.007|0.169|0.071|0.18|0.187|0.074|0.002|0.032|0.051|0.041
202408|42|11140|42110000|1120000000|부산|수원시|서초동|역삼1동|NH6344|푸르지오|18341|1|4|0.094|0.121|0.042|0.045|0.016|0.142|0.092|0.09|0.013|0.069|0.085|0.069|0.02|0.039|0.064
202408|26|44130|11170000|1111000000|경기|서초구|서초동|서초1동|NH6879|힐스테이트|7688|2|5|0.019|0.102|0.19|0.06|0.114|0.068|0.022|0.048|0.15|0.052|0.071|0.051|0.051|0.004|0.0
202408|27|26110|28110000|4413000000|경기|수원시|역삼동|역삼1동|NH4585|힐스테이트|18646|1|3|0.048|0.009|0.039|0.014|0.096|0.014|0.01|0.219|0.033|0.014|0.008|0.082|0.251|0.152|0.011
202408|47|46110|11200000|4511000000|인천|수원시|서초동|서초1동|NH7843|자이|13633|2|5|0.082|0.106|0.055|0.004|0.016|0.048|0.073|0.032|0.011|0.097|0.052|0.048|0.161|0.109|0.106
202408|46|11140|28110000|4711000000|서울|수원시|서초동|역삼1동|NH1194|래미안|12940|x|5|0.11|0.241|0.01|0.136|0.011|0.059|0.064|0.02|0.013|0.096|0.025|0.025|0.023|0.135|0.033
202408|46|41130|26140000|1114000000|부산|성남시|서초동|역삼1동|NH6742|자이|6161|1|4|0.036|0.054|0.065|0.044|0.09|0.172|0.017|0.015|0.054|0.017|0.221|0.041|0.066|0.107|0.002
202408|47|26110|11170000|1117000000|인천|강남구|인계동|역삼1동|NH3083|푸르지오|15932|2|4|0.038|0.037|0.138|0.068|0.041|0.205|0.009|0.103|0.012|0.003|0.002|0.126|0.151|0.019|0.048
202408|47|11170|47110000|4611000000|서울|수원시|인계동|서초1동|NH2711|푸르지오|19840|1|4|0.065|0.058|0.036|0.092|0.001|0.096|0.015|0.082|0.087|0.192|0.068|0.018|0.027|0.133|0.03
202408|11|26140|11170000|4611000000|인천|수원시|서초동|역삼1동|NH7752|푸르지오|8350|2|4|0.07|0.138|0.028|0.053|0.062|0.061|0.099|0.04|0.053|0.069|0.064|0.102|0.108|0.005|0.048
202408|43|26140|44130000|2614000000|경기|강남구|서초동|서초1동|NH9483|자이|8505|1|6|0.004|0.093|0.006|0.304|0.002|0.035|0.027|0.045|0.028|0.252|0.047|0.045|0.01|0.038|0.063
202408|45|11110|11170000|4311000000|인천|강남구|서초동|역삼1동|NH1808|힐스테이트|9725|2|4|0.057|0.314|0.053|0.051|0.035|0.04|0.004|0.063|0.137|0.096|0.015|0.033|0.0|0.087|0.015
202408|27|41110|11110000|2811000000|경기|강남구|인계동|서초1동|NH5090|푸르지오|14201|2|4|0.023|0.083|0.012|0.047|0.057|0.046|0.0|0.093|0.019|0.098|0.029|0.208|0.129|0.11|0.046
202408|27|42110|41110000|2711000000|서울|성남시|역삼동|역삼1동|NH6247|힐스테이트|10221|1|5|0.027|0.004|0.023|0.103|0.011|0.055|0.102|0.241|0.024|0.007|0.072|0.167|0.068|0.016|0.081
202408|45|11140|11110000|4711000000|부산|수원시|서초동|서초1동|NH1001|힐스테이트|12761|1|5|0.015|0.085|0.03|0.105|0.013|0.176|0.024|0.079|0.122|0.042|0.084|0.065|0.068|0.077|0.015
202408|43|41130|11170000|4113000000|인천|서초구|서초동|역삼1동|NH3851|자이|3679|2|4|0.009|0.096|0.01|0.284|0.025|0.083|0.03|0.093|0.009|0.007|0.068|0.087|0.048|0.061|0.091
202408|27|42110|44130000|1114000000|인천|서초구|역삼동|서초1동|NH7551|힐스테이트|17109|2|5|0.184|0.069|0.099|0.04|0.028|0.004|0.01|0.059|0.093|0.127|0.036|0.015|0.025|0.011|0.201
202408|46|26110|11140000|1117000000|경기|수원시|인계동|서초1동|NH3485|자이|4092|2|6|0.101|0.013|0.159|0.006|0.056|0.242|0.127|0.099|0.031|0.025|0.003|0.094|0.016|0.023|0.004
202408|47|41150|27110000|4311000000|서울|강남구|서초동|역삼1동|NH2359|자이|13683|2|5|0.097|0.099|0.059|0.029|0.026|0.153|0.2|0.004|0.005|0.034|0.001|0.011|0.114|0.168|0.001
202408|27|27110|27110000|4413000000|경기|강남구|역삼동|역삼1동|NH3755|푸르지오|10315|2|3|0.055|0.128|0.075|0.045|0.143|0.089|0.155|0.022|0.016|0.006|0.039|0.148|0.028|0.041|0.01
202408|41|43110|41150000|2711000000|부산|서초구|인계동|역삼1동|NH3176|자이|17174|1|4|0.196|0.027|0.021|0.062|0.133|0.136|0.004|0.081|0.07|0.003|0.001|0.048|0.087|0.053|0.078
202408|47|47110|11200000|1111000000|부산|서초구|역삼동|역삼1동|NH2242|힐스테이트|12015|1|2|0.045|0.083|0.041|0.002|0.056|0.222|0.135|0.014|0.049|0.014|0.029|0.19|0.067|0.051|0.0
202408|44|44130|47110000|4611000000|인천|서초구|역삼동|서초1동|NH4105|자이|9065|2|4|0.055|0.019|0.004|0.097|0.036|0.226|0.007|0.085|0.072|0.029|0.007|0.038|0.086|0.049|0.19
202408|46|43110|11170000|4611000000|경기|수원시|서초동|역삼1동|NH7704|자이|14780|2|3|0.127|0.065|0.002|0.067|0.034|0.012|0.048|0.068|0.005|0.019|0.303|0.052|0.039|0.096|0.064
202408|44|43110|45110000|2811000000|인천|수원시|서초동|서초1동|NH6135|자이|17264|1|4|0.09|0.009|0.003|0.032|0.079|0.09|0.048|0.033|0.177|0.009|0.008|0.282|0.013|0.046|0.08
202408|41|44130|45110000|4111000000|인천|수원시|인계동|역삼1동|NH7366|푸르지오|3774|1|5|0.01|0.04|0.038|0.05|0.207|0.031|0.221|0.009|0.12|0.071|0.082|0.023|0.077|0.003|0.019
202408|26|44130|45110000|4111000000|서울|서초구|역삼동|역삼1동|NH6854|자이|18718|2|2|0.03|0.001|0.063|0.082|0.023|0.019|0.057|0.169|0.014|0.158|0.142|0.088|0.006|0.127|0.021
202408|26|42110|11170000|2611000000|경기|수원시|인계동|역삼1동|NH8522|힐스테이트|4915|2|3|0.038|0.006|0.05|0.008|0.031|0.088|0.024|0.164|0.136|0.006|0.009|0.264|0.146|0.026|0.004
202408|45|11140|11200000|4113000000|경기|수원시|역삼동|서초1동|NH3921|자이|7861|1|4|0.045|0.037|0.149|0.007|0.069|0.064|0.065|0.029|0.013|0.035|0.164|0.021|0.05|0.175|0.077
202408|27|26140|26140000|2614000000|인천|성남시|역삼동|역삼1동|NH4828|힐스테이트|12930|2|5|0.017|0.206|0.027|0.081|0.021|0.163|0.088|0.009|0.101|0.055|0.008|0.033|0.076|0.044|0.073
202408|11|43110|41150000|4211000000|부산|성남시|서초동|서초1동|NH6074|래미안|13174|x|5|0.16|0.032|0.062|0.053|0.076|0.11|0.024|0.08|0.042|0.002|0.074|0.034|0.073|0.007|0.173
202408|26|26110|43110000|1111000000|부산|성남시|서초동|역삼1동|NH2383|푸르지오|16379|2|5|0.041|0.031|0.009|0.044|0.019|0.033|0.05|0.008|0.035|0.128|0.109|0.064|0.077|0.048|0.304
202408|42|27110|41130000|2711000000|경기|수원시|서초동|서초1동|NH5821|래미안|3095|1|5|0.033|0.156|0.012|0.03|0.093|0.014|0.177|0.148|0.008|0.007|0.004|0.01|0.226|0.04|0.042
202408|42|27110|26110000|4115000000|부산|성남시|역삼동|서초1동|NH6615|자이|19598|1|4|0.054|0.039|0.063|0.056|0.019|0.119|0.105|0.064|0.051|0.069|0.085|0.116|0.059|0.09|0.012
202408|11|41150|11200000|4113000000|경기|서초구|서초동|역삼1동|NH9383|래미안|4913|1|4|0.101|0.017|0.074|0.191|0.195|0.033|0.011|0.055|0.058|0.063|0.002|0.027|0.087|0.084|0.002
202408|41|46110|26110000|4413000000|경기|성남시|인계동|역삼1동|NH1457|푸르지오|3092|2|3|0.004|0.022|0.112|0.088|0.047|0.089|0.038|0.122|0.064|0.089|0.102|0.007|0.085|0.079|0.052
202408|43|28110|28110000|4111000000|인천|서초구|서초동|서초1동|NH5083|푸르지오|19738|x|3|0.074|0.076|0.197|0.224|0.064|0.028|0.09|0.009|0.084|0.007|0.004|0.011|0.019|0.09|0.023
202408|45|42110|11200000|2711000000|부산|수원시|역삼동|역삼1동|NH3333|자이|3885|2|4|0.074|0.242|0.038|0.083|0.066|0.05|0.073|0.066|0.03|0.02|0.013|0.044|0.021|0.013|0.167
202408|27|11140|42110000|4211000000|인천|강남구|역삼동|서초1동|NH8459|힐스테이트|5542|1|6|0.031|0.098|0.019|0.014|0.028|0.055|0.003|0.08|0.054|0.016|0.02|0.167|0.176|0.031|0.206
202408|11|47110|41110000|2614000000|경기|서초구|인계동|서초1동|NH9315|푸르지오|2402|x|5|0.052|0.362|0.031|0.002|0.027|0.032|0.203|0.006|0.016|0.048|0.051|0.035|0.025|0.111|0.002
202408|47|41150|44130000|2711000000|부산|성남시|역삼동|역삼1동|NH6972|자이|11974|x|4|0.017|0.232|0.144|0.016|0.112|0.046|0.029|0.016|0.008|0.019|0.012|0.132|0.069|0.014|0.135
202408|42|11140|41150000|4111000000|인천|강남구|서초동|서초1동|NH1652|힐스테이트|5947|2|3|0.009|0.033|0.028|0.064|0.042|0.109|0.049|0.002|0.297|0.045|0.001|0.045|0.189|0.023|0.065
202408|41|11110|46110000|1114000000|서울|서초구|서초동|역삼1동|NH4798|푸르지오|4745|2|6|0.002|0.028|0.12|0.216|0.041|0.032|0.001|0.008|0.052|0.187|0.12|0.05|0.018|0.031|0.094
202408|43|44130|11170000|4413000000|서울|서초구|역삼동|역삼1동|NH1570|래미안|13664|1|6|0.001|0.055|0.235|0.019|0.007|0.045|0.04|0.097|0.036|0.057|0.131|0.002|0.002|0.097|0.176
202408|43|11140|41150000|2711000000|경기|수원시|서초동|서초1동|NH7394|힐스테이트|2400|2|3|0.132|0.012|0.109|0.024|0.044|0.016|0.082|0.046|0.028|0.158|0.115|0.026|0.133|0.025|0.05
202408|26|42110|11170000|4611000000|서울|서초구|인계동|서초1동|NH9632|래미안|10085|1|6|0.004|0.067|0.145|0.01|0.051|0.112|0.089|0.007|0.013|0.057|0.078|0.065|0.139|0.091|0.071
202408|26|28110|47110000|2711000000|서울|강남구|역삼동|역삼1동|NH3052|푸르지오|13604|1|5|0.019|0.024|0.045|0.065|0.049|0.011|0.047|0.071|0.242|0.135|0.011|0.113|0.015|0.102|0.051
202408|41|41130|45110000|2611000000|인천|강남구|인계동|역삼1동|NH9365|자이|6180|1|3|0.049|0.003|0.349|0.041|0.02|0.048|0.024|0.042|0.01|0.058|0.11|0.036|0.151|0.012|0.046
202408|44|28110|26110000|4311000000|경기|서초구|역삼동|서초1동|NH1796|자이|11657|2|3|0.14|0.051|0.139|0.046|0.031|0.056|0.098|0.045|0.035|0.172|0.028|0.051|0.003|0.019|0.086
202408|11|11200|11140000|4311000000|인천|서초구|서초동|역삼1동|NH5322|래미안|15515|1|3|0.038|0.006|0.006|0.006|0.149|0.046|0.029|0.295|0.132|0.021|0.03|0.107|0.113|0.013|0.009
202408|46|41150|11200000|4413000000|부산|서초구|역삼동|서초1동|NH9054|힐스테이트|8012|1|2|0.03|0.002|0.011|0.107|0.166|0.004|0.023|0.037|0.074|0.201|0.001|0.067|0.208|0.051|0.018
202408|11|11140|11110000|1117000000|인천|강남구|인계동|역삼1동|NH1316|푸르지오|7417|2|6|0.175|0.078|0.034|0.012|0.077|0.211|0.02|0.009|0.035|0.051|0.043|0.034|0.141|0.046|0.034
202408|42|42110|44130000|4413000000|경기|강남구|역삼동|역삼1동|NH1788|힐스테이트|4336|1|5|0.082|0.111|0.008|0.062|0.123|0.037|0.006|0.049|0.072|0.1|0.046|0.043|0.105|0.076|0.081
202408|47|28110|43110000|1111000000|경기|수원시|서초동|역삼1동|NH3139|자이|11867|1|5|0.011|0.292|0.011|0.11|0.12|0.006|0.108|0.111|0.002|0.003|0.018|0.0|0.091|0.091|0.025
202408|11|27110|11110000|4511000000|서울|강남구|역삼동|서초1동|NH2249|힐스테이트|7957|1|3|0.01|0.005|0.078|0.177|0.003|0.054|0.027|0.3|0.051|0.004|0.044|0.081|0.01|0.13|0.028
202408|11|47110|11200000|2811000000|서울|수원시|역삼동|역삼1동|NH2593|힐스테이트|12916|2|6|0.097|0.021|0.05|0.065|0.098|0.067|0.027|0.068|0.032|0.03|0.072|0.08|0.148|0.006|0.141
202408|27|26110|42110000|1111000000|서울|수원시|인계동|역삼1동|NH1831|래미안|3340|2|5|0.191|0.118|0.041|0.003|0.024|0.045|0.006|0.011|0.02|0.006|0.001|0.363|0.092|0.053|0.025
202408|46|41130|27110000|2611000000|인천|강남구|인계동|역삼1동|NH4630|푸르지오|4080|x|2|0.096|0.101|0.095|0.014|0.054|0.1|0.057|0.09|0.004|0.073|0.041|0.032|0.143|0.06|0.04
202408|44|46110|42110000|4113000000|인천|수원시|역삼동|역삼1동|NH5141|래미안|8910|2|5|0.116|0.016|0.014|0.171|0.014|0.207|0.056|0.062|0.073|0.058|0.029|0.062|0.032|0.018|0.071
202408|47|46110|11200000|4311000000|부산|강남구|인계동|서초1동|NH3155|힐스테이트|19368|2|5|0.256|0.013|0.055|0.044|0.121|0.018|0.05|0.026|0.013|0.086|0.088|0.131|0.088|0.004|0.005
202408|43|11140|11200000|4211000000|경기|성남시|서초동|역삼1동|NH4069|힐스테이트|9846|1|5|0.128|0.043|0.002|0.087|0.088|0.014|0.004|0.006|0.096|0.063|0.109|0.083|0.198|0.076|0.002
202408|42|11170|42110000|2711000000|부산|수원시|서초동|서초1동|NH3745|힐스테이트|18405|2|6|0.013|0.125|0.066|0.027|0.008|0.027|0.048|0.078|0.069|0.067|0.053|0.079|0.149|0.128|0.065
202408|42|11140|28110000|4111000000|부산|성남시|역삼동|서초1동|NH1219|자이|7051|2|5|0.025|0.166|0.063|0.083|0.044|0.008|0.004|0.09|0.1|0.07|0.248|0.021|0.013|0.061|0.006
202408|41|26140|27110000|4413000000|부산|강남구|인계동|서초1동|NH4643|푸르지오|4832|1|4|0.058|0.164|0.034|0.027|0.136|0.043|0.022|0.05|0.013|0.133|0.085|0.002|0.028|0.009|0.196
202408|42|11170|47110000|4115000000|서울|성남시|서초동|서초1동|NH4893|자이|2237|2|6|0.075|0.029|0.044|0.07|0.118|0.085|0.074|0.06|0.144|0.042|0.095|0.016|0.002|0.038|0.109
202408|47|11110|28110000|4511000000|경기|서초구|인계동|서초1동|NH8754|래미안|2654|1|3|0.03|0.102|0.023|0.059|0.013|0.044|0.025|0.002|0.248|0.126|0.01|0.016|0.098|0.168|0.035
202408|41|41150|26140000|1114000000|경기|성남시|서초동|서초1동|NH6947|래미안|19147|1|5|0.061|0.055|0.088|0.099|0.016|0.012|0.024|0.01|0.077|0.067|0.097|0.002|0.144|0.156|0.092
202408|43|28110|27110000|4111000000|경기|서초구|역삼동|역삼1동|NH2546|자이|3931|2|5|0.257|0.092|0.019|0.008|0.017|0.008|0.018|0.021|0.023|0.05|0.072|0.131|0.015|0.208|0.06
202408|26|41110|28110000|2611000000|인천|강남구|역삼동|역삼1동|NH6739|푸르지오|8239|1|2|0.036|0.058|0.091|0.301|0.08|0.034|0.103|0.085|0.095|0.019|0.066|0.004|0.004|0.016|0.008
202408|41|41130|45110000|1111000000|인천|성남시|역삼동|서초1동|NH1590|자이|5407|2|4|0.064|0.032|0.075|0.145|0.077|0.119|0.059|0.059|0.038|0.03|0.027|0.119|0.027|0.116|0.013
202408|44|11110|42110000|4111000000|서울|수원시|역삼동|서초1동|NH5249|푸르지오|4291|1|4|0.04|0.288|0.005|0.026|0.098|0.115|0.051|0.047|0.132|0.101|0.011|0.06|0.013|0.01|0.003
202408|11|42110|41110000|2614000000|인천|강남구|서초동|역삼1동|NH9340|힐스테이트|18507|2|5|0.065|0.014|0.051|0.045|0.013|0.044|0.035|0.021|0.101|0.157|0.144|0.099|0.155|0.044|0.012
202408|27|11140|41110000|4611000000|경기|수원시|인계동|서초1동|NH9930|힐스테이트|14091|2|6|0.058|0.151|0.03|0.058|0.059|0.026|0.009|0.041|0.056|0.018|0.317|0.083|0.051|0.013|0.029
202408|43|45110|11110000|4115000000|부산|수원시|인계동|서초1동|NH6254|자이|7520|x|2|0.113|0.144|0.008|0.067|0.005|0.117|0.036|0.065|0.035|0.006|0.046|0.006|0.007|0.27|0.075
202408|44|42110|47110000|4111000000|서울|성남시|서초동|역삼1동|NH2904|래미안|9423|1|3|0.048|0.012|0.141|0.072|0.058|0.002|0.186|0.015|0.041|0.037|0.022|0.011|0.155|0.013|0.186
202408|42|41110|45110000|4111000000|서울|성남시|인계동|역삼1동|NH5822|래미안|11554|x|3|0.011|0.052|0.058|0.013|0.043|0.18|0.057|0.075|0.163|0.111|0.116|0.0|0.056|0.058|0.006
202408|42|41110|26140000|4511000000|부산|강남구|서초동|서초1동|NH9101|래미안|11931|1|2|0.005|0.079|0.011|0.163|0.117|0.232|0.037|0.01|0.078|0.003|0.026|0.039|0.085|0.044|0.07
202408|42|11170|45110000|1114000000|서울|강남구|인계동|역삼1동|NH3449|자이|5344|x|3|0.014|0.062|0.064|0.087|0.025|0.109|0.044|0.015|0.126|0.036|0.028|0.096|0.229|0.005|0.06
202408|43|43110|11110000|4311000000|서울|성남시|역삼동|역삼1동|NH5582|푸르지오|8166|1|5|0.097|0.187|0.022|0.037|0.091|0.188|0.056|0.028|0.087|0.067|0.074|0.025|0.011|0.015|0.016
202408|26|46110|28110000|4211000000|부산|성남시|역삼동|역삼1동|NH2979|힐스테이트|14174|2|5|0.13|0.108|0.022|0.204|0.069|0.047|0.065|0.095|0.009|0.088|0.027|0.027|0.016|0.08|0.015
202408|45|26110|11140000|4115000000|부산|성남시|역삼동|서초1동|NH5458|래미안|4729|1|5|0.087|0.185|0.005|0.025|0.02|0.079|0.001|0.165|0.073|0.038|0.015|0.04|0.066|0.183|0.017
202408|27|28110|41110000|4511000000|서울|성남시|역삼동|역삼1동|NH1309|힐스테이트|14778|2|5|0.023|0.035|0.052|0.01|0.097|0.037|0.016|0.082|0.227|0.242|0.031|0.004|0.106|0.029|0.01
202408|47|41110|11170000|4311000000|부산|서초구|역삼동|서초1동|NH6224|자이|10905|1|3|0.041|0.132|0.108|0.123|0.121|0.047|0.014|0.032|0.098|0.004|0.026|0.0|0.098|0.041|0.113
202408|43|27110|11170000|1117000000|인천|서초구|서초동|서초1동|NH9929|힐스테이트|5801|1|3|0.065|0.03|0.128|0.024|0.019|0.059|0.201|0.01|0.027|0.06|0.048|0.039|0.085|0.081|0.124
202408|41|11200|27110000|1117000000|인천|성남시|인계동|서초1동|NH6615|푸르지오|5086|1|3|0.043|0.096|0.028|0.006|0.0|0.265|0.03|0.009|0.048|0.135|0.007|0.122|0.021|0.121|0.07
202408|46|47110|41110000|4115000000|부산|성남시|서초동|역삼1동|NH4402|자이|19990|1|4|0.126|0.005|0.014|0.083|0.004|0.012|0.042|0.027|0.053|0.055|0.015|0.139|0.071|0.283|0.071
202408|41|45110|26110000|4413000000|경기|수원시|인계동|역삼1동|NH6694|래미안|5252|2|6|0.007|0.15|0.069|0.013|0.153|0.194|0.037|0.053|0.051|0.01|0.005|0.044|0.017|0.046|0.152
202408|41|11200|11200000|4311000000|인천|수원시|역삼동|역삼1동|NH1060|래미안|5555|2|4|0.172|0.043|0.037|0.047|0.064|0.074|0.048|0.217|0.035|0.06|0.003|0.001|0.065|0.093|0.041
202408|26|28110|43110000|4711000000|서울|서초구|서초동|서초1동|NH9908|래미안|17042|2|5|0.033|0.154|0.042|0.054|0.191|0.023|0.012|0.249|0.068|0.033|0.007|0.014|0.0|0.107|0.011
202408|43|45110|27110000|4311000000|경기|성남시|역삼동|서초1동|NH9026|힐스테이트|9840|2|5|0.109|0.05|0.053|0.069|0.122|0.183|0.002|0.006|0.003|0.023|0.232|0.01|0.07|0.021|0.047
202408|46|46110|42110000|4413000000|부산|강남구|역삼동|서초1동|NH1525|힐스테이트|6590|1|2|0.121|0.018|0.009|0.021|0.001|0.121|0.114|0.204|0.101|0.056|0.011|0.053|0.026|0.074|0.07
202408|47|42110|26140000|1120000000|경기|서초구|인계동|서초1동|NH7717|힐스테이트|6950|2|5|0.008|0.081|0.008|0.094|0.014|0.001|0.094|0.109|0.064|0.09|0.003|0.115|0.026|0.272|0.023
202408|26|45110|28110000|2614000000|부산|서초구|역삼동|서초1동|NH4361|푸르지오|3055|x|4|0.162|0.152|0.019|0.079|0.027|0.072|0.075|0.091|0.079|0.044|0.01|0.001|0.161|0.021|0.008
202408|27|44130|11170000|4611000000|부산|성남시|서초동|역삼1동|NH5441|힐스테이트|14628|1|4|0.008|0.14|0.012|0.128|0.05|0.059|0.001|0.022|0.139|0.021|0.021|0.181|0.033|0.17|0.015
202408|41|42110|44130000|4211000000|부산|서초구|역삼동|역삼1동|NH8876|힐스테이트|3945|1|6|0.188|0.067|0.008|0.013|0.093|0.042|0.167|0.036|0.02|0.065|0.014|0.04|0.048|0.127|0.073
202408|45|42110|26110000|4711000000|인천|수원시|서초동|역삼1동|NH1570|푸르지오|3799|1|6|0.01|0.08|0.067|0.063|0.03|0.009|0.096|0.066|0.017|0.007|0.004|0.234|0.025|0.26|0.035
202408|45|41110|41130000|1120000000|인천|성남시|역삼동|역삼1동|NH1754|힐스테이트|14843|2|4|0.053|0.008|0.232|0.075|0.006|0.025|0.28|0.017|0.004|0.024|0.012|0.056|0.113|0.046|0.048
202408|44|45110|41150000|1111000000|인천|강남구|서초동|서초1동|NH8227|힐스테이트|11965|1|6|0.002|0.074|0.028|0.137|0.033|0.183|0.065|0.133|0.11|0.021|0.024|0.021|0.044|0.061|0.065
202408|45|41110|11140000|2611000000|인천|수원시|역삼동|역삼1동|NH1855|자이|7760|2|6|0.382|0.044|0.023|0.055|0.006|0.001|0.049|0.032|0.017|0.061|0.045|0.015|0.074|0.101|0.094
202408|41|11110|11140000|4711000000|인천|수원시|인계동|역삼1동|NH3212|힐스테이트|5689|1|5|0.212|0.019|0.03|0.005|0.072|0.032|0.001|0.281|0.069|0.013|0.018|0.032|0.044|0.091|0.081
202408|43|11140|26140000|4511000000|인천|수원시|인계동|역삼1동|NH5820|래미안|11992|1|4|0.014|0.001|0.028|0.121|0.033|0.014|0.046|0.118|0.125|0.073|0.155|0.018|0.069|0.135|0.05
202408|46|41150|44130000|1111000000|부산|서초구|인계동|역삼1동|NH4157|자이|16972|1|6|0.014|0.096|0.083|0.065|0.058|0.089|0.024|0.033|0.067|0.014|0.058|0.027|0.012|0.136|0.222
202408|47|41130|41110000|1111000000|부산|서초구|인계동|역삼1동|NH7715|푸르지오|16285|1|4|0.071|0.004|0.089|0.076|0.056|0.008|0.134|0.028|0.217|0.016|0.015|0.121|0.047|0.03|0.088
202408|45|42110|41110000|4413000000|서울|수원시|서초동|서초1동|NH8054|래미안|10981|1|2|0.017|0.069|0.084|0.075|0.037|0.124|0.128|0.021|0.107|0.121|0.048|0.015|0.116|0.008|0.03
202408|42|41110|11140000|4111000000|부산|강남구|역삼동|서초1동|NH5736|래미안|3188|2|3|0.051|0.038|0.038|0.009|0.017|0.097|0.166|0.009|0.018|0.115|0.024|0.109|0.167|0.071|0.073
202408|46|47110|41150000|4711000000|서울|강남구|서초동|서초1동|NH4883|자이|2631|2|3|0.034|0.045|0.082|0.1|0.023|0.002|0.052|0.055|0.207|0.257|0.001|0.013|0.056|0.036|0.038
202408|11|11170|27110000|4413000000|부산|수원시|서초동|역삼1동|NH5966|래미안|3444|1|4|0.013|0.001|0.015|0.065|0.056|0.007|0.006|0.052|0.1|0.18|0.058|0.11|0.079|0.194|0.066
202408|46|41150|11170000|1114000000|서울|강남구|서초동|서초1동|NH7536|래미안|7827|1|4|0.048|0.027|0.056|0.04|0.011|0.073|0.143|0.074|0.121|0.033|0.013|0.079|0.073|0.01|0.2
202408|11|27110|26110000|4111000000|부산|성남시|역삼동|서초1동|NH6664|래미안|10975|1|3|0.049|0.023|0.219|0.193|0.038|0.048|0.022|0.015|0.027|0.06|0.107|0.036|0.059|0.099|0.005
202408|43|41130|43110000|4511000000|경기|수원시|인계동|서초1동|NH9773|자이|15667|2|4|0.024|0.048|0.157|0.064|0.022|0.134|0.035|0.097|0.003|0.075|0.054|0.015|0.004|0.155|0.112
202408|42|28110|11200000|1120000000|서울|서초구|서초동|서초1동|NH3335|자이|4861|2|6|0.105|0.048|0.049|0.034|0.024|0.117|0.088|0.121|0.067|0.006|0.016|0.008|0.042|0.154|0.123
202408|45|28110|11170000|2711000000|인천|성남시|인계동|역삼1동|NH9817|래미안|16297|1|3|0.005|0.11|0.001|0.01|0.05|0.004|0.076|0.019|0.168|0.024|0.001|0.04|0.082|0.234|0.177
202408|45|46110|47110000|1120000000|부산|성남시|역삼동|역삼1동|NH4342|래미안|15720|x|4|0.076|0.063|0.136|0.068|0.02|0.011|0.03|0.031|0.144|0.046|0.302|0.015|0.014|0.03|0.014
202408|47|47110|11110000|4115000000|경기|성남시|역삼동|서초1동|NH8959|래미안|8212|1|3|0.01|0.032|0.012|0.096|0.111|0.033|0.009|0.018|0.037|0.158|0.231|0.017|0.046|0.079|0.11
202408|26|47110|26140000|1117000000|부산|강남구|서초동|역삼1동|NH3094|푸르지오|15480|2|5|0.064|0.116|0.147|0.083|0.048|0.035|0.009|0.043|0.032|0.16|0.006|0.051|0.023|0.013|0.17
202408|11|47110|44130000|2611000000|서울|성남시|역삼동|역삼1동|NH3381|래미안|6056|2|3|0.05|0.012|0.126|0.035|0.06|0.022|0.096|0.013|0.318|0.123|0.029|0.084|0.006|0.008|0.016
202408|43|47110|41110000|2711000000|서울|성남시|역삼동|서초1동|NH5794|푸르지오|6736|2|3|0.012|0.011|0.31|0.014|0.01|0.136|0.004|0.004|0.017|0.094|0.039|0.17|0.018|0.012|0.149
202408|11|45110|11200000|1120000000|부산|성남시|인계동|서초1동|NH4261|자이|4346|1|4|0.116|0.013|0.01|0.121|0.099|0.018|0.055|0.012|0.124|0.105|0.06|0.154|0.031|0.008|0.072
202408|46|41130|11170000|4511000000|인천|성남시|역삼동|서초1동|NH8375|힐스테이트|8082|x|5|0.016|0.027|0.013|0.011|0.019|0.02|0.002|0.004|0.234|0.231|0.083|0.146|0.148|0.009|0.037
202408|27|46110|45110000|4211000000|경기|성남시|서초동|서초1동|NH4260|푸르지오|14242|x|6|0.021|0.003|0.038|0.1|0.031|0.011|0.012|0.059|0.004|0.228|0.004|0.124|0.171|0.174|0.019
202408|42|27110|27110000|2611000000|부산|서초구|인계동|서초1동|NH1529|푸르지오|16081|1|4|0.029|0.044|0.004|0.042|0.153|0.279|0.053|0.01|0.045|0.034|0.141|0.004|0.01|0.132|0.02
202408|11|46110|26110000|1117000000|서울|성남시|역삼동|역삼1동|NH4655|자이|11900|1|4|0.095|0.129|0.006|0.001|0.281|0.072|0.054|0.041|0.002|0.058|0.013|0.035|0.037|0.029|0.147
202408|27|26140|11170000|4111000000|부산|강남구|서초동|서초1동|NH2967|힐스테이트|3468|x|2|0.002|0.002|0.005|0.017|0.093|0.051|0.003|0.193|0.06|0.117|0.045|0.079|0.038|0.078|0.218
202408|27|26140|42110000|4111000000|인천|서초구|인계동|역삼1동|NH5065|힐스테이트|15319|2|4|0.099|0.101|0.067|0.051|0.039|0.02|0.014|0.059|0.131|0.032|0.057|0.002|0.242|0.055|0.03
202408|11|27110|41150000|4311000000|서울|강남구|서초동|역삼1동|NH9345|래미안|15407|1|4|0.07|0.227|0.091|0.059|0.036|0.08|0.129|0.032|0.1|0.031|0.021|0.063|0.011|0.0|0.05
202408|42|11200|26110000|1111000000|인천|강남구|역삼동|역삼1동|NH3479|래미안|14042|1|3|0.113|0.164|0.028|0.096|0.015|0.01|0.131|0.026|0.001|0.012|0.069|0.127|0.02|0.07|0.118
202408|47|11200|41150000|1111000000|경기|성남시|서초동|역삼1동|NH2558|힐스테이트|15412|2|4|0.063|0.12|0.278|0.062|0.033|0.021|0.1|0.009|0.051|0.056|0.018|0.003|0.055|0.047|0.085
202408|26|44130|11110000|1111000000|서울|성남시|인계동|서초1동|NH3950|푸르지오|7510|2|2|0.018|0.027|0.079|0.062|0.084|0.113|0.071|0.048|0.033|0.013|0.172|0.074|0.06|0.015|0.131
202408|47|42110|47110000|4111000000|인천|성남시|역삼동|역삼1동|NH4783|자이|18779|x|5|0.011|0.058|0.204|0.068|0.007|0.1|0.051|0.065|0.017|0.088|0.056|0.116|0.009|0.144|0.007
202408|45|27110|41150000|4413000000|서울|서초구|인계동|역삼1동|NH4768|자이|9117|2|3|0.09|0.018|0.022|0.067|0.087|0.077|0.144|0.065|0.015|0.061|0.016|0.003|0.248|0.064|0.022
202408|26|27110|27110000|4311000000|서울|수원시|서초동|서초1동|NH9002|자이|13776|x|2|0.017|0.074|0.158|0.046|0.031|0.029|0.005|0.088|0.088|0.025|0.047|0.073|0.237|0.004|0.079
202408|26|45110|11110000|4111000000|인천|강남구|인계동|서초1동|NH7556|래미안|5160|2|3|0.001|0.037|0.115|0.034|0.003|0.064|0.125|0.087|0.082|0.101|0.009|0.01|0.249|0.032|0.051
202408|43|11170|26110000|1114000000|부산|성남시|인계동|서초1동|NH4927|자이|14213|2|6|0.243|0.003|0.051|0.082|0.077|0.008|0.085|0.008|0.178|0.027|0.004|0.156|0.045|0.025|0.007
202408|46|45110|45110000|4311000000|서울|강남구|역삼동|서초1동|NH2742|래미안|14267|1|3|0.155|0.099|0.116|0.022|0.101|0.008|0.111|0.077|0.154|0.014|0.018|0.042|0.022|0.048|0.011
202408|44|44130|28110000|1114000000|인천|강남구|서초동|서초1동|NH6875|자이|16802|2|6|0.009|0.035|0.085|0.023|0.069|0.058|0.002|0.182|0.087|0.137|0.032|0.026|0.04|0.038|0.178
202408|42|42110|11200000|2811000000|부산|성남시|인계동|역삼1동|NH2410|푸르지오|13238|1|3|0.161|0.02|0.013|0.005|0.018|0.011|0.058|0.002|0.247|0.046|0.112|0.068|0.135|0.08|0.024
202408|46|47110|41150000|1111000000|부산|서초구|서초동|서초1동|NH2654|자이|7832|2|2|0.029|0.003|0.172|0.177|0.083|0.002|0.03|0.051|0.074|0.007|0.031|0.099|0.044|0.16|0.039
202408|42|41110|47110000|4611000000|부산|서초구|서초동|역삼1동|NH7748|래미안|10533|1|4|0.038|0.089|0.062|0.032|0.017|0.141|0.011|0.081|0.014|0.024|0.107|0.102|0.046|0.027|0.207
202408|42|44130|42110000|1117000000|경기|수원시|서초동|서초1동|NH4095|자이|12439|1|3|0.114|0.039|0.083|0.083|0.115|0.059|0.014|0.027|0.064|0.071|0.033|0.1|0.168|0.014|0.014
202408|27|42110|11200000|1114000000|인천|서초구|역삼동|역삼1동|NH8124|힐스테이트|15294|1|6|0.08|0.077|0.041|0.019|0.018|0.034|0.017|0.036|0.281|0.009|0.099|0.245|0.036|0.002|0.004
202408|47|41110|43110000|4711000000|서울|성남시|역삼동|서초1동|NH9328|자이|16133|1|3|0.011|0.086|0.049|0.037|0.012|0.07|0.251|0.226|0.012|0.02|0.009|0.084|0.017|0.019|0.096
202408|46|11170|27110000|1120000000|인천|서초구|역삼동|역삼1동|NH2753|푸르지오|17885|1|4|0.112|0.188|0.077|0.146|0.02|0.058|0.142|0.036|0.061|0.006|0.014|0.014|0.079|0.037|0.01
202408|44|11200|42110000|4311000000|부산|성남시|인계동|서초1동|NH7125|푸르지오|11462|1|4|0.036|0.082|0.043|0.028|0.049|0.008|0.095|0.058|0.035|0.02|0.105|0.034|0.251|0.156|0.001
202408|43|46110|46110000|1111000000|인천|강남구|서초동|역삼1동|NH1397|자이|8357|1|3|0.108|0.033|0.045|0.121|0.038|0.066|0.039|0.001|0.015|0.021|0.089|0.025|0.059|0.13|0.212
202408|46|41130|41130000|4211000000|부산|서초구|서초동|역삼1동|NH7705|푸르지오|18241|1|3|0.205|0.047|0.012|0.001|0.032|0.158|0.132|0.057|0.012|0.046|0.106|0.005|0.021|0.098|0.069
202408|46|44130|27110000|4311000000|서울|서초구|서초동|역삼1동|NH1018|자이|11360|2|5|0.049|0.06|0.059|0.009|0.088|0.096|0.087|0.059|0.002|0.144|0.058|0.035|0.036|0.212|0.005
202408|41|45110|43110000|2711000000|인천|수원시|역삼동|역삼1동|NH1846|힐스테이트|12416|1|5|0.154|0.001|0.002|0.076|0.062|0.034|0.077|0.177|0.116|0.008|0.035|0.163|0.019|0.063|0.013
202408|43|43110|26110000|4413000000|인천|성남시|서초동|서초1동|NH5804|래미안|4955|1|3|0.022|0.041|0.052|0.088|0.063|0.088|0.006|0.028|0.012|0.17|0.213|0.05|0.044|0.064|0.061
202408|11|41150|41150000|1120000000|인천|수원시|역삼동|역삼1동|NH1178|래미안|2115|2|3|0.09|0.08|0.012|0.095|0.016|0.088|0.044|0.059|0.133|0.112|0.02|0.093|0.005|0.013|0.138
202408|44|42110|28110000|4611000000|부산|성남시|인계동|서초1동|NH5732|자이|14079|2|3|0.034|0.011|0.04|0.006|0.063|0.158|0.018|0.039|0.005|0.104|0.018|0.074|0.279|0.013|0.138
202408|41|41150|27110000|2811000000|서울|서초구|서초동|서초1동|NH2807|힐스테이트|5674|1|6|0.184|0.013|0.012|0.039|0.412|0.003|0.028|0.018|0.013|0.051|0.106|0.033|0.026|0.034|0.027
202408|42|11200|44130000|4511000000|부산|강남구|인계동|서초1동|NH9845|자이|3419|x|5|0.003|0.049|0.036|0.007|0.144|0.006|0.049|0.114|0.053|0.025|0.054|0.124|0.107|0.036|0.192
202408|26|11170|46110000|1111000000|인천|수원시|역삼동|역삼1동|NH8841|푸르지오|15635|2|5|0.024|0.058|0.064|0.023|0.095|0.034|0.062|0.042|0.079|0.241|0.007|0.021|0.065|0.034|0.151
202408|26|11200|11140000|1111000000|부산|강남구|역삼동|서초1동|NH9824|래미안|18522|1|4|0.008|0.021|0.254|0.068|0.077|0.025|0.021|0.106|0.011|0.072|0.094|0.087|0.057|0.035|0.062
202408|46|47110|42110000|1120000000|경기|서초구|역삼동|역삼1동|NH7920|자이|9016|2|4|0.056|0.052|0.047|0.029|0.218|0.004|0.002|0.063|0.029|0.004|0.134|0.156|0.007|0.18|0.021
202408|43|26140|47110000|2811000000|서울|강남구|인계동|역삼1동|NH5006|래미안|4605|2|3|0.158|0.109|0.004|0.076|0.027|0.002|0.014|0.012|0.015|0.011|0.034|0.279|0.103|0.014|0.141
202408|26|46110|26140000|4111000000|서울|수원시|역삼동|서초1동|NH1716|자이|6662|x|3|0.085|0.037|0.28|0.034|0.047|0.022|0.024|0.003|0.008|0.096|0.022|0.196|0.014|0.017|0.114
202408|27|26140|41130000|4511000000|인천|서초구|서초동|역삼1동|NH5821|자이|3698|1|5|0.015|0.043|0.007|0.008|0.052|0.16|0.07|0.03|0.182|0.014|0.084|0.003|0.09|0.182|0.058
202408|47|27110|46110000|2611000000|경기|성남시|인계동|서초1동|NH4354|힐스테이트|15623|x|4|0.09|0.01|0.077|0.053|0.083|0.035|0.019|0.06|0.085|0.032|0.019|0.047|0.086|0.024|0.28
202408|46|45110|44130000|4511000000|경기|서초구|서초동|역삼1동|NH7905|래미안|12133|1|4|0.225|0.088|0.029|0.183|0.018|0.067|0.007|0.101|0.033|0.065|0.079|0.007|0.02|0.051|0.025
202408|45|41130|41130000|2711000000|인천|강남구|역삼동|역삼1동|NH2629|힐스테이트|8050|2|3|0.019|0.181|0.019|0.199|0.093|0.089|0.026|0.064|0.011|0.024|0.012|0.049|0.143|0.011|0.061
202408|43|11200|43110000|4611000000|서울|서초구|서초동|역삼1동|NH4594|힐스테이트|14282|2|4|0.05|0.013|0.044|0.016|0.111|0.028|0.036|0.109|0.106|0.091|0.042|0.04|0.029|0.037|0.248
202408|27|47110|44130000|2611000000|부산|성남시|서초동|역삼1동|NH5738|자이|6778|1|3|0.007|0.107|0.015|0.047|0.023|0.051|0.05|0.022|0.089|0.124|0.072|0.045|0.236|0.047|0.065
202408|44|27110|26140000|4511000000|부산|강남구|서초동|역삼1동|NH1503|푸르지오|15623|1|5|0.065|0.158|0.107|0.205|0.042|0.016|0.005|0.051|0.002|0.041|0.017|0.026|0.027|0.197|0.041
202408|47|27110|43110000|4511000000|인천|강남구|인계동|서초1동|NH7636|래미안|7159|1|3|0.278|0.034|0.053|0.029|0.007|0.003|0.189|0.051|0.003|0.036|0.021|0.067|0.013|0.096|0.12
202408|11|41150|11110000|4111000000|인천|강남구|역삼동|역삼1동|NH9547|힐스테이트|9027|1|3|0.016|0.027|0.003|0.047|0.016|0.153|0.01|0.032|0.024|0.181|0.056|0.012|0.092|0.165|0.166
202408|45|42110|11200000|1111000000|서울|성남시|역삼동|서초1동|NH5618|푸르지오|7224|1|3|0.018|0.26|0.008|0.036|0.045|0.069|0.045|0.014|0.036|0.087|0.058|0.009|0.011|0.167|0.138
202408|43|41150|47110000|4311000000|인천|서초구|인계동|역삼1동|NH5460|푸르지오|13719|1|5|0.134|0.01|0.118|0.175|0.066|0.054|0.005|0.024|0.071|0.045|0.044|0.03|0.001|0.032|0.192
202408|11|41110|27110000|4711000000|경기|성남시|인계동|역삼1동|NH1686|힐스테이트|5749|2|5|0.1|0.051|0.061|0.0|0.147|0.033|0.007|0.246|0.076|0.095|0.011|0.002|0.116|0.05|0.004
202408|44|28110|26110000|4111000000|경기|서초구|역삼동|역삼1동|NH5792|힐스테이트|13731|1|3|0.093|0.238|0.04|0.039|0.084|0.067|0.016|0.007|0.022|0.071|0.128|0.003|0.166|0.003|0.023
202408|43|43110|45110000|4711000000|인천|강남구|인계동|서초1동|NH8748|힐스테이트|16537|1|5|0.139|0.061|0.027|0.039|0.096|0.11|0.023|0.112|0.139|0.032|0.046|0.032|0.026|0.082|0.036
202408|44|11170|11170000|1117000000|인천|성남시|역삼동|역삼1동|NH1194|자이|7968|2|6|0.378|0.001|0.004|0.01|0.003|0.078|0.109|0.048|0.11|0.002|0.08|0.028|0.016|0.004|0.13
202408|41|11140|43110000|1111000000|인천|서초구|역삼동|역삼1동|NH7986|자이|19669|2|2|0.215|0.008|0.013|0.014|0.0|0.038|0.023|0.057|0.117|0.048|0.242|0.085|0.028|0.024|0.089
202408|45|41110|45110000|4211000000|부산|강남구|역삼동|역삼1동|NH3582|래미안|4166|2|4|0.034|0.054|0.015|0.171|0.005|0.015|0.025|0.009|0.026|0.33|0.087|0.08|0.13|0.01|0.009
202408|11|43110|41150000|1117000000|부산|강남구|서초동|역삼1동|NH1035|래미안|11084|2|4|0.115|0.214|0.214|0.047|0.029|0.001|0.107|0.009|0.029|0.079|0.009|0.01|0.065|0.013|0.06
202408|41|28110|27110000|4711000000|서울|성남시|역삼동|역삼1동|NH2892|래미안|2613|x|4|0.074|0.048|0.098|0.039|0.07|0.035|0.113|0.182|0.028|0.114|0.134|0.014|0.017|0.014|0.02
202408|42|11110|26110000|2711000000|인천|성남시|인계동|서초1동|NH9737|푸르지오|13844|1|6|0.244|0.102|0.028|0.138|0.055|0.005|0.184|0.073|0.019|0.067|0.037|0.007|0.02|0.021|0.0
202408|46|43110|46110000|4211000000|서울|강남구|역삼동|서초1동|NH4656|푸르지오|14988|1|5|0.001|0.084|0.003|0.023|0.109|0.009|0.001|0.096|0.016|0.052|0.046|0.047|0.059|0.05|0.405
202408|43|46110|11170000|1114000000|부산|강남구|역삼동|서초1동|NH2520|푸르지오|18093|2|3|0.012|0.063|0.054|0.034|0.043|0.021|0.027|0.042|0.257|0.2|0.086|0.056|0.06|0.001|0.044
202408|46|26140|43110000|4115000000|서울|서초구|서초동|서초1동|NH6079|자이|13420|x|6|0.054|0.072|0.007|0.11|0.009|0.017|0.017|0.022|0.157|0.085|0.001|0.154|0.009|0.047|0.24
202408|11|26140|41110000|4211000000|부산|강남구|역삼동|역삼1동|NH5661|힐스테이트|11546|2|6|0.044|0.043|0.015|0.126|0.063|0.008|0.022|0.024|0.032|0.138|0.02|0.087|0.255|0.117|0.008
202408|45|45110|42110000|4211000000|서울|수원시|역삼동|역삼1동|NH6732|래미안|7499|2|2|0.225|0.043|0.047|0.01|0.119|0.013|0.002|0.07|0.242|0.003|0.034|0.068|0.051|0.049|0.025
202408|44|43110|43110000|4611000000|서울|강남구|인계동|역삼1동|NH4951|힐스테이트|4389|2|3|0.045|0.044|0.064|0.232|0.003|0.007|0.005|0.041|0.056|0.102|0.187|0.018|0.164|0.028|0.003
202408|11|41130|45110000|4413000000|서울|서초구|인계동|서초1동|NH6397|자이|16954|1|6|0.037|0.001|0.088|0.136|0.073|0.137|0.009|0.037|0.282|0.0|0.017|0.106|0.005|0.028|0.043
202408|27|47110|11170000|2811000000|서울|서초구|역삼동|서초1동|NH8719|자이|2331|2|3|0.008|0.05|0.116|0.212|0.02|0.285|0.075|0.01|0.012|0.006|0.009|0.033|0.148|0.0|0.015
202408|42|11110|41150000|4311000000|부산|수원시|서초동|서초1동|NH6891|래미안|6407|1|2|0.009|0.112|0.024|0.003|0.1|0.104|0.049|0.062|0.181|0.107|0.067|0.034|0.109|0.026|0.012
202408|42|11110|26110000|4311000000|부산|성남시|서초동|역삼1동|NH6144|힐스테이트|8656|2|4|0.103|0.031|0.01|0.03|0.029|0.065|0.194|0.051|0.244|0.076|0.008|0.103|0.02|0.033|0.002
202408|42|45110|41150000|4611000000|인천|강남구|인계동|서초1동|NH5124|래미안|15819|1|6|0.045|0.012|0.109|0.033|0.13|0.111|0.169|0.141|0.006|0.042|0.025|0.051|0.09|0.021|0.015
202408|11|45110|11140000|4111000000|서울|강남구|역삼동|역삼1동|NH4414|푸르지오|19165|2|4|0.094|0.01|0.034|0.097|0.129|0.027|0.115|0.014|0.041|0.054|0.156|0.082|0.04|0.078|0.03
202408|11|26140|11200000|4113000000|경기|수원시|인계동|서초1동|NH9895|래미안|12974|x|3|0.023|0.183|0.069|0.015|0.033|0.01|0.114|0.006|0.117|0.067|0.053|0.067|0.232|0.004|0.008
202408|47|41130|28110000|4111000000|서울|서초구|역삼동|서초1동|NH1050|자이|3744|2|4|0.058|0.106|0.018|0.233|0.04|0.001|0.033|0.044|0.038|0.063|0.062|0.032|0.069|0.0|0.203
202408|26|41110|26110000|4611000000|경기|성남시|역삼동|역삼1동|NH4189|힐스테이트|16843|1|3|0.025|0.035|0.33|0.092|0.006|0.013|0.02|0.033|0.094|0.042|0.152|0.129|0.021|0.002|0.005
202408|46|47110|41150000|4113000000|인천|성남시|서초동|역삼1동|NH6181|래미안|8308|2|6|0.001|0.105|0.047|0.231|0.019|0.029|0.058|0.058|0.131|0.11|0.069|0.053|0.058|0.001|0.029
202408|42|11140|44130000|4113000000|경기|성남시|서초동|역삼1동|NH5304|래미안|13967|1|6|0.039|0.033|0.034|0.152|0.006|0.026|0.034|0.155|0.011|0.103|0.046|0.058|0.026|0.151|0.127
202408|42|26140|41130000|2811000000|서울|수원시|서초동|역삼1동|NH9501|푸르지오|6320|1|5|0.01|0.08|0.015|0.017|0.141|0.009|0.021|0.022|0.059|0.155|0.029|0.159|0.055|0.164|0.064
202408|46|26140|11200000|1111000000|부산|강남구|역삼동|역삼1동|NH5108|힐스테이트|3332|2|3|0.027|0.002|0.055|0.213|0.003|0.093|0.023|0.01|0.19|0.017|0.144|0.125|0.001|0.006|0.091
202408|44|11140|26110000|2711000000|서울|성남시|인계동|역삼1동|NH8093|래미안|8165|2|2|0.289|0.129|0.038|0.011|0.055|0.085|0.081|0.038|0.012|0.06|0.008|0.016|0.051|0.085|0.041
202408|44|26140|44130000|2811000000|부산|강남구|인계동|역삼1동|NH5135|래미안|6046|1|6|0.033|0.131|0.14|0.037|0.092|0.021|0.076|0.092|0.039|0.027|0.029|0.181|0.029|0.043|0.03
202408|43|41110|42110000|2711000000|서울|서초구|서초동|역삼1동|NH7111|힐스테이트|7480|2|3|0.076|0.186|0.05|0.151|0.087|0.0|0.01|0.082|0.0|0.052|0.031|0.004|0.048|0.134|0.09
202408|41|11200|42110000|4113000000|인천|서초구|인계동|서초1동|NH8180|자이|8688|2|5|0.038|0.027|0.142|0.001|0.019|0.003|0.188|0.057|0.139|0.115|0.003|0.085|0.112|0.063|0.01
202408|42|11140|41110000|4711000000|경기|강남구|역삼동|서초1동|NH4956|래미안|12125|x|6|0.09|0.027|0.098|0.076|0.066|0.197|0.043|0.035|0.082|0.045|0.01|0.036|0.064|0.051|0.079
202408|27|45110|26110000|4511000000|인천|수원시|역삼동|역삼1동|NH7938|푸르지오|18272|2|4|0.116|0.235|0.001|0.014|0.025|0.087|0.168|0.078|0.036|0.007|0.094|0.097|0.026|0.013|0.005
202408|11|11110|46110000|4413000000|경기|성남시|역삼동|서초1동|NH5159|래미안|17474|2|5|0.027|0.115|0.011|0.029|0.036|0.037|0.08|0.002|0.098|0.04|0.083|0.127|0.077|0.147|0.092
202408|47|11170|45110000|1114000000|경기|서초구|역삼동|서초1동|NH4976|자이|8870|2|3|0.01|0.076|0.056|0.343|0.002|0.005|0.013|0.002|0.034|0.271|0.032|0.014|0.093|0.031|0.021
202408|42|42110|41150000|4413000000|경기|강남구|역삼동|서초1동|NH3103|힐스테이트|9568|2|2|0.024|0.031|0.051|0.13|0.191|0.082|0.01|0.189|0.019|0.064|0.089|0.021|0.047|0.002|0.052
202408|41|47110|11110000|2614000000|인천|수원시|서초동|서초1동|NH9231|래미안|5584|2|5|0.093|0.28|0.096|0.078|0.051|0.058|0.131|0.014|0.025|0.011|0.049|0.03|0.002|0.012|0.07
202408|27|27110|41110000|2614000000|경기|강남구|인계동|서초1동|NH5608|푸르지오|8806|2|4|0.019|0.096|0.039|0.024|0.076|0.014|0.003|0.035|0.05|0.274|0.101|0.043|0.024|0.077|0.124
202408|11|47110|11170000|1114000000|인천|서초구|인계동|서초1동|NH6763|힐스테이트|18698|2|2|0.042|0.19|0.192|0.015|0.004|0.042|0.071|0.04|0.035|0.044|0.045|0.079|0.113|0.052|0.035
202408|42|28110|44130000|2611000000|인천|서초구|역삼동|서초1동|NH7290|래미안|11740|2|2|0.053|0.095|0.081|0.165|0.084|0.019|0.04|0.006|0.051|0.05|0.146|0.045|0.028|0.017|0.12
202408|44|11170|47110000|4413000000|경기|강남구|서초동|역삼1동|NH2457|푸르지오|6009|1|6|0.058|0.038|0.011|0.015|0.054|0.028|0.09|0.063|0.281|0.157|0.05|0.049|0.003|0.096|0.006
202408|11|41130|11110000|4211000000|부산|수원시|인계동|서초1동|NH7490|자이|9636|1|6|0.007|0.018|0.054|0.018|0.04|0.151|0.015|0.119|0.15|0.083|0.13|0.01|0.035|0.109|0.063
202408|26|41130|11200000|2811000000|서울|수원시|인계동|역삼1동|NH8547|래미안|15575|2|4|0.092|0.067|0.076|0.023|0.015|0.131|0.041|0.026|0.112|0.186|0.077|0.027|0.072|0.007|0.047
202408|44|46110|41110000|4211000000|서울|수원시|서초동|역삼1동|NH5156|래미안|14147|2|3|0.038|0.129|0.025|0.024|0.213|0.019|0.119|0.098|0.044|0.023|0.064|0.095|0.053|0.014|0.042
202408|11|28110|47110000|4711000000|경기|강남구|역삼동|역삼1동|NH7041|푸르지오|15943|2|4|0.135|0.105|0.01|0.051|0.009|0.051|0.104|0.115|0.116|0.038|0.013|0.071|0.086|0.069|0.027
202408|11|44130|28110000|1111000000|서울|강남구|서초동|서초1동|NH4000|래미안|16646|2|5|0.001|0.226|0.005|0.116|0.043|0.197|0.014|0.078|0.049|0.051|0.085|0.043|0.028|0.059|0.005
202408|43|27110|42110000|1120000000|경기|수원시|서초동|서초1동|NH6500|푸르지오|7790|2|6|0.031|0.041|0.136|0.179|0.048|0.008|0.086|0.086|0.037|0.1|0.017|0.025|0.086|0.06|0.059
202408|45|11170|47110000|1111000000|서울|강남구|역삼동|역삼1동|NH2929|힐스테이트|16445|1|4|0.069|0.019|0.089|0.018|0.057|0.042|0.108|0.013|0.043|0.038|0.026|0.265|0.084|0.092|0.037
202408|44|11110|26110000|2811000000|인천|성남시|인계동|서초1동|NH9591|래미안|6800|1|6|0.202|0.043|0.001|0.006|0.026|0.041|0.119|0.035|0.024|0.147|0.078|0.02|0.114|0.13|0.014
202408|42|11200|27110000|4611000000|경기|성남시|역삼동|역삼1동|NH7795|푸르지오|3593|1|4|0.005|0.024|0.016|0.009|0.03|0.081|0.009|0.023|0.065|0.051|0.103|0.041|0.037|0.364|0.143
202408|11|41150|26140000|4311000000|부산|성남시|역삼동|역삼1동|NH3580|자이|7657|1|5|0.157|0.189|0.059|0.017|0.023|0.023|0.092|0.013|0.057|0.008|0.074|0.024|0.151|0.032|0.083
202408|45|11200|43110000|4113000000|인천|서초구|인계동|서초1동|NH9270|자이|12870|1|3|0.087|0.074|0.349|0.034|0.04|0.024|0.046|0.105|0.05|0.02|0.046|0.008|0.03|0.018|0.069
202408|42|26140|43110000|2811000000|인천|수원시|서초동|역삼1동|NH6049|래미안|7472|x|4|0.023|0.022|0.144|0.015|0.029|0.021|0.04|0.387|0.069|0.041|0.101|0.035|0.044|0.01|0.019
202408|41|41150|26140000|1111000000|서울|서초구|인계동|서초1동|NH6632|푸르지오|3309|2|6|0.078|0.017|0.036|0.06|0.005|0.069|0.068|0.123|0.025|0.072|0.103|0.113|0.012|0.088|0.132
202408|43|28110|47110000|2614000000|부산|강남구|서초동|역삼1동|NH1385|래미안|7723|1|3|0.077|0.019|0.073|0.157|0.022|0.114|0.13|0.065|0.036|0.003|0.179|0.001|0.084|0.014|0.027
202408|47|44130|47110000|4311000000|서울|수원시|역삼동|역삼1동|NH1498|자이|5750|1|5|0.097|0.028|0.035|0.126|0.025|0.002|0.038|0.146|0.03|0.085|0.039|0.092|0.101|0.157|0.0
202408|27|26140|11200000|4211000000|부산|서초구|인계동|역삼1동|NH5921|힐스테이트|19078|1|2|0.03|0.023|0.106|0.031|0.056|0.024|0.029|0.169|0.007|0.249|0.135|0.024|0.09|0.005|0.023
202408|11|41110|46110000|4211000000|서울|성남시|서초동|서초1동|NH4125|자이|6410|2|6|0.012|0.019|0.405|0.01|0.008|0.178|0.116|0.03|0.071|0.034|0.017|0.03|0.047|0.021|0.002
202408|11|26140|11110000|4611000000|서울|수원시|서초동|서초1동|NH2049|힐스테이트|14803|1|3|0.056|0.078|0.179|0.06|0.095|0.067|0.061|0.027|0.109|0.0|0.136|0.046|0.027|0.019|0.04
202408|43|45110|46110000|4711000000|경기|수원시|역삼동|역삼1동|NH6730|힐스테이트|2297|x|4|0.004|0.11|0.028|0.038|0.02|0.091|0.105|0.038|0.032|0.023|0.048|0.106|0.207|0.03|0.12
202408|27|41130|47110000|2711000000|서울|강남구|역삼동|역삼1동|NH9306|자이|14159|2|6|0.069|0.142|0.206|0.033|0.097|0.051|0.015|0.108|0.007|0.022|0.053|0.056|0.109|0.03|0.002
202408|26|42110|43110000|1120000000|서울|강남구|역삼동|역삼1동|NH4053|힐스테이트|12985|x|6|0.041|0.058|0.051|0.086|0.004|0.061|0.048|0.057|0.035|0.216|0.108|0.011|0.046|0.026|0.152
202408|43|41130|26110000|4115000000|인천|수원시|서초동|역삼1동|NH3314|자이|18786|1|3|0.272|0.028|0.009|0.055|0.02|0.013|0.081|0.134|0.037|0.035|0.006|0.02|0.109|0.154|0.025
202408|42|41130|41150000|1111000000|경기|서초구|서초동|역삼1동|NH8919|자이|14398|2|4|0.094|0.04|0.028|0.129|0.006|0.055|0.068|0.013|0.012|0.034|0.119|0.046|0.02|0.198|0.137
202408|42|41130|26140000|4115000000|인천|수원시|서초동|서초1동|NH1978|푸르지오|4234|1|4|0.035|0.041|0.006|0.003|0.521|0.059|0.02|0.106|0.01|0.066|0.031|0.01|0.021|0.036|0.035
202408|11|47110|41150000|4115000000|서울|서초구|인계동|서초1동|NH8790|힐스테이트|7635|1|6|0.024|0.072|0.174|0.001|0.071|0.009|0.011|0.095|0.038|0.309|0.014|0.018|0.028|0.043|0.091
202408|46|43110|42110000|4115000000|서울|강남구|인계동|서초1동|NH2143|래미안|15281|1|5|0.003|0.004|0.019|0.008|0.117|0.08|0.159|0.008|0.281|0.025|0.028|0.012|0.109|0.143|0.004
202408|27|47110|47110000|2614000000|서울|강남구|인계동|역삼1동|NH1308|푸르지오|5705|x|5|0.047|0.011|0.02|0.041|0.005|0.002|0.177|0.034|0.021|0.1|0.148|0.008|0.335|0.045|0.007
202408|44|27110|26110000|1111000000|서울|강남구|인계동|역삼1동|NH9008|자이|14900|1|6|0.082|0.295|0.026|0.008|0.059|0.085|0.088|0.01|0.018|0.042|0.091|0.019|0.017|0.151|0.01
202408|26|28110|41130000|2711000000|부산|성남시|서초동|서초1동|NH1790|푸르지오|13711|2|4|0.02|0.074|0.046|0.176|0.022|0.026|0.039|0.122|0.056|0.027|0.082|0.106|0.024|0.012|0.167
202408|47|11170|45110000|1114000000|경기|서초구|서초동|서초1동|NH1612|자이|12150|1|2|0.095|0.06|0.046|0.22|0.063|0.049|0.003|0.038|0.032|0.083|0.064|0.151|0.066|0.011|0.017
202408|11|41150|41130000|2811000000|부산|수원시|인계동|역삼1동|NH4665|푸르지오|4767|1|5|0.072|0.101|0.093|0.086|0.067|0.063|0.074|0.042|0.106|0.01|0.03|0.058|0.005|0.113|0.079
202408|43|42110|45110000|4113000000|경기|수원시|역삼동|서초1동|NH9869|래미안|7678|1|4|0.124|0.082|0.158|0.014|0.031|0.109|0.045|0.032|0.003|0.004|0.007|0.038|0.024|0.08|0.25
202408|41|44130|26110000|2611000000|인천|강남구|인계동|서초1동|NH3901|힐스테이트|11982|1|4|0.14|0.069|0.027|0.004|0.009|0.014|0.036|0.199|0.146|0.028|0.136|0.058|0.059|0.01|0.066
202408|27|46110|11140000|1117000000|인천|수원시|서초동|서초1동|NH1131|자이|18975|1|5|0.006|0.022|0.002|0.046|0.102|0.116|0.071|0.12|0.054|0.123|0.126|0.002|0.016|0.163|0.031
202408|46|11170|11140000|4311000000|경기|수원시|서초동|서초1동|NH2060|푸르지오|5846|1|2|0.04|0.241|0.047|0.083|0.0|0.066|0.032|0.031|0.151|0.027|0.153|0.077|0.004|0.033|0.014
202408|41|47110|47110000|2711000000|인천|수원시|서초동|역삼1동|NH7807|래미안|13754|2|2|0.122|0.002|0.163|0.045|0.023|0.083|0.224|0.006|0.081|0.004|0.027|0.104|0.023|0.064|0.03
202408|47|11140|27110000|1120000000|서울|수원시|인계동|역삼1동|NH1189|래미안|2673|2|4|0.067|0.024|0.055|0.101|0.096|0.066|0.001|0.007|0.197|0.112|0.196|0.002|0.016|0.003|0.058
202408|41|26110|27110000|2614000000|서울|수원시|인계동|역삼1동|NH7871|푸르지오|18216|2|5|0.034|0.011|0.101|0.011|0.228|0.025|0.045|0.088|0.142|0.062|0.101|0.032|0.091|0.02|0.01
202408|42|26140|46110000|4413000000|경기|성남시|역삼동|서초1동|NH6762|자이|18971|2|5|0.001|0.022|0.177|0.061|0.184|0.024|0.053|0.055|0.186|0.001|0.029|0.153|0.004|0.003|0.046
202408|26|26140|42110000|1117000000|부산|수원시|인계동|역삼1동|NH1564|자이|15552|2|4|0.025|0.018|0.083|0.109|0.006|0.135|0.036|0.068|0.084|0.156|0.007|0.002|0.017|0.164|0.088
202408|46|27110|43110000|2611000000|부산|성남시|인계동|역삼1동|NH2910|래미안|9634|2|6|0.015|0.022|0.015|0.183|0.032|0.064|0.042|0.171|0.044|0.104|0.066|0.007|0.011|0.192|0.032
202408|47|11200|26110000|2711000000|경기|성남시|역삼동|역삼1동|NH9169|자이|16106|2|3|0.001|0.089|0.034|0.205|0.124|0.031|0.042|0.026|0.206|0.031|0.003|0.019|0.056|0.062|0.072
202408|27|41150|11140000|4511000000|경기|강남구|서초동|서초1동|NH2788|래미안|3728|1|2|0.211|0.033|0.12|0.067|0.096|0.056|0.029|0.123|0.002|0.031|0.04|0.019|0.149|0.005|0.018
202408|43|11170|45110000|4115000000|경기|수원시|서초동|서초1동|NH8392|힐스테이트|10152|2|4|0.036|0.23|0.003|0.019|0.035|0.114|0.005|0.036|0.132|0.004|0.027|0.071|0.105|0.04|0.143
202408|46|11200|41110000|4611000000|서울|서초구|인계동|역삼1동|NH4159|힐스테이트|11687|1|4|0.054|0.026|0.102|0.087|0.197|0.011|0.135|0.011|0.011|0.006|0.177|0.022|0.022|0.025|0.114
202408|43|44130|43110000|4611000000|서울|서초구|서초동|서초1동|NH6727|래미안|8541|2|5|0.059|0.015|0.19|0.021|0.005|0.034|0.016|0.001|0.054|0.077|0.027|0.001|0.054|0.068|0.379
202408|41|41150|47110000|1117000000|서울|서초구|인계동|역삼1동|NH3048|힐스테이트|16259|1|6|0.021|0.078|0.186|0.056|0.123|0.15|0.011|0.048|0.081|0.085|0.035|0.058|0.02|0.01|0.037
202408|11|11170|45110000|4611000000|경기|성남시|서초동|역삼1동|NH3745|래미안|9759|2|3|0.011|0.019|0.03|0.235|0.073|0.025|0.021|0.109|0.196|0.01|0.034|0.066|0.011|0.063|0.098
202408|42|42110|43110000|4511000000|경기|서초구|서초동|서초1동|NH3144|자이|19554|2|3|0.026|0.124|0.093|0.034|0.032|0.013|0.124|0.06|0.113|0.023|0.046|0.075|0.166|0.057|0.014
202408|47|41130|45110000|4711000000|인천|강남구|인계동|서초1동|NH8572|래미안|10891|2|3|0.019|0.058|0.068|0.062|0.062|0.06|0.026|0.064|0.052|0.07|0.038|0.021|0.049|0.17|0.18
202408|45|26140|27110000|4211000000|경기|수원시|인계동|서초1동|NH2357|힐스테이트|8908|2|5|0.098|0.072|0.083|0.059|0.016|0.002|0.156|0.047|0.069|0.116|0.055|0.073|0.059|0.017|0.077
202408|27|11200|11200000|1120000000|경기|서초구|역삼동|역삼1동|NH7400|자이|15177|2|6|0.022|0.197|0.014|0.162|0.005|0.002|0.076|0.041|0.003|0.024|0.28|0.013|0.087|0.015|0.061
202408|46|11200|26110000|2614000000|인천|성남시|역삼동|서초1동|NH4261|자이|7749|2|3|0.024|0.089|0.086|0.014|0.002|0.016|0.088|0.184|0.001|0.05|0.038|0.15|0.038|0.057|0.162
202408|47|43110|11200000|4511000000|서울|수원시|서초동|서초1동|NH3096|래미안|14431|1|6|0.022|0.006|0.005|0.138|0.134|0.043|0.051|0.052|0.023|0.014|0.16|0.094|0.182|0.013|0.063
202408|11|41110|41150000|4115000000|인천|서초구|서초동|서초1동|NH5492|힐스테이트|6165|2|5|0.02|0.141|0.002|0.168|0.064|0.001|0.048|0.011|0.054|0.212|0.01|0.036|0.11|0.038|0.085
202408|11|26110|11110000|4115000000|부산|서초구|인계동|서초1동|NH6381|푸르지오|6174|2|6|0.033|0.031|0.153|0.043|0.015|0.037|0.09|0.022|0.003|0.017|0.0|0.225|0.049|0.188|0.096
202408|26|44130|43110000|4611000000|부산|성남시|인계동|서초1동|NH1641|자이|15592|1|5|0.048|0.175|0.004|0.045|0.222|0.053|0.043|0.029|0.007|0.1|0.05|0.14|0.008|0.049|0.027
202408|45|43110|28110000|4111000000|서울|강남구|인계동|서초1동|NH1848|자이|8313|1|4|0.057|0.085|0.114|0.065|0.072|0.096|0.099|0.084|0.004|0.048|0.077|0.034|0.077|0.045|0.043
202408|27|41150|41110000|4611000000|경기|서초구|인계동|서초1동|NH6021|자이|2560|2|3|0.067|0.071|0.064|0.146|0.023|0.074|0.025|0.028|0.037|0.058|0.079|0.004|0.127|0.117|0.08
202408|42|46110|11140000|4711000000|서울|수원시|서초동|서초1동|NH5298|래미안|7826|2|5|0.046|0.058|0.32|0.011|0.135|0.014|0.042|0.023|0.09|0.019|0.041|0.032|0.038|0.063|0.067
202408|47|45110|11110000|4211000000|인천|수원시|서초동|역삼1동|NH1965|자이|2328|1|3|0.054|0.038|0.217|0.08|0.09|0.07|0.022|0.107|0.039|0.047|0.013|0.009|0.061|0.019|0.133
202408|45|11200|11110000|4511000000|경기|성남시|서초동|서초1동|NH4544|자이|18170|2|5|0.022|0.061|0.04|0.012|0.024|0.022|0.015|0.04|0.051|0.004|0.175|0.348|0.074|0.006|0.105
202408|27|11200|11140000|1114000000|부산|성남시|서초동|서초1동|NH8897|래미안|10900|2|4|0.081|0.027|0.028|0.062|0.018|0.136|0.116|0.032|0.103|0.063|0.019|0.057|0.105|0.122|0.032
202408|46|11140|46110000|2711000000|경기|강남구|인계동|서초1동|NH9320|푸르지오|4712|1|3|0.086|0.125|0.013|0.048|0.073|0.043|0.055|0.152|0.139|0.093|0.033|0.011|0.047|0.074|0.008
202408|47|42110|42110000|4111000000|경기|서초구|인계동|역삼1동|NH8240|푸르지오|6835|2|3|0.046|0.01|0.024|0.07|0.217|0.001|0.125|0.06|0.058|0.001|0.003|0.005|0.088|0.03|0.262
202408|27|41150|44130000|4711000000|경기|수원시|역삼동|역삼1동|NH5556|자이|8818|2|6|0.026|0.123|0.022|0.195|0.12|0.109|0.074|0.023|0.053|0.024|0.026|0.019|0.142|0.035|0.007
202408|46|27110|27110000|4711000000|경기|강남구|역삼동|서초1동|NH6819|푸르지오|11224|1|2|0.085|0.117|0.002|0.002|0.161|0.004|0.045|0.06|0.057|0.1|0.021|0.197|0.082|0.031|0.034
202408|46|28110|41150000|1111000000|부산|성남시|인계동|역삼1동|NH6173|래미안|7152|2|3|0.108|0.033|0.075|0.146|0.066|0.077|0.078|0.014|0.013|0.007|0.209|0.048|0.017|0.09|0.02
202408|26|11170|43110000|4113000000|서울|서초구|인계동|역삼1동|NH7779|자이|4234|2|6|0.025|0.099|0.114|0.018|0.044|0.036|0.045|0.26|0.016|0.062|0.079|0.103|0.028|0.065|0.005
202408|26|11200|44130000|1120000000|인천|서초구|서초동|서초1동|NH8352|래미안|17181|1|3|0.022|0.026|0.105|0.206|0.104|0.021|0.012|0.018|0.105|0.032|0.131|0.007|0.053|0.073|0.085
202408|46|43110|26110000|4413000000|부산|강남구|인계동|서초1동|NH5554|힐스테이트|9955|2|3|0.082|0.081|0.138|0.025|0.079|0.063|0.013|0.042|0.029|0.155|0.167|0.009|0.047|0.039|0.031
202408|27|26110|11110000|4311000000|서울|서초구|인계동|역삼1동|NH7073|힐스테이트|12758|x|3|0.044|0.011|0.025|0.003|0.148|0.016|0.032|0.027|0.092|0.037|0.228|0.055|0.131|0.124|0.026
202408|27|11200|11170000|4413000000|부산|수원시|인계동|역삼1동|NH7118|힐스테이트|16200|x|3|0.019|0.032|0.019|0.146|0.013|0.013|0.069|0.021|0.12|0.183|0.049|0.067|0.072|0.07|0.106
202408|11|11110|47110000|4111000000|서울|서초구|역삼동|역삼1동|NH3894|자이|6788|1|5|0.136|0.015|0.152|0.004|0.104|0.081|0.107|0.009|0.023|0.169|0.032|0.051|0.043|0.028|0.047
202408|44|43110|11140000|2711000000|인천|성남시|서초동|역삼1동|NH3282|래미안|9303|x|5|0.023|0.012|0.094|0.059|0.077|0.014|0.076|0.01|0.013|0.004|0.02|0.261|0.04|0.195|0.102
202408|26|26140|42110000|4711000000|경기|성남시|역삼동|역삼1동|NH9424|푸르지오|3740|1|2|0.152|0.006|0.048|0.001|0.109|0.007|0.143|0.061|0.021|0.019|0.096|0.155|0.026|0.055|0.103
202408|43|28110|41150000|4115000000|인천|강남구|서초동|서초1동|NH9452|래미안|5532|1|4|0.012|0.044|0.19|0.018|0.016|0.051|0.039|0.05|0.082|0.093|0.142|0.178|0.012|0.013|0.061
202408|43|26140|41150000|4111000000|부산|수원시|인계동|서초1동|NH2550|푸르지오|14762|2|3|0.027|0.006|0.071|0.017|0.088|0.036|0.128|0.016|0.015|0.074|0.126|0.006|0.122|0.023|0.245
202408|44|11110|26140000|2711000000|서울|성남시|인계동|서초1동|NH5862|자이|3088|2|4|0.039|0.001|0.019|0.155|0.088|0.08|0.038|0.127|0.09|0.199|0.042|0.031|0.085|0.0|0.006
202408|44|11110|11170000|4413000000|부산|수원시|인계동|역삼1동|NH2749|자이|10772|1|3|0.087|0.088|0.24|0.084|0.084|0.021|0.011|0.122|0.004|0.076|0.001|0.021|0.089|0.018|0.054
202408|26|41110|41130000|2614000000|부산|서초구|서초동|역삼1동|NH4598|푸르지오|5001|2|5|0.276|0.159|0.005|0.179|0.009|0.034|0.076|0.068|0.057|0.037|0.012|0.02|0.016|0.033|0.02
202408|45|11110|41150000|2614000000|인천|서초구|서초동|서초1동|NH8137|자이|16167|2|3|0.083|0.029|0.006|0.032|0.006|0.072|0.125|0.232|0.022|0.031|0.005|0.134|0.158|0.004|0.063
202408|41|47110|41150000|4113000000|부산|서초구|서초동|서초1동|NH8660|푸르지오|18164|x|4|0.037|0.069|0.106|0.078|0.062|0.092|0.03|0.084|0.005|0.062|0.182|0.108|0.036|0.025|0.023
202408|11|26140|26140000|1117000000|부산|강남구|서초동|역삼1동|NH4344|푸르지오|8315|2|6|0.097|0.03|0.136|0.062|0.049|0.002|0.06|0.054|0.174|0.021|0.014|0.117|0.021|0.153|0.011
202408|44|46110|11140000|2711000000|부산|강남구|인계동|역삼1동|NH9618|자이|19110|2|6|0.027|0.143|0.003|0.237|0.05|0.109|0.051|0.006|0.018|0.08|0.056|0.082|0.023|0.095|0.021
202408|26|26110|27110000|4111000000|인천|서초구|역삼동|역삼1동|NH5065|자이|12965|2|2|0.028|0.16|0.037|0.038|0.113|0.037|0.096|0.035|0.13|0.052|0.081|0.061|0.026|0.042|0.062
202408|47|27110|27110000|4413000000|서울|성남시|인계동|서초1동|NH8191|푸르지오|16729|2|4|0.065|0.19|0.043|0.142|0.022|0.05|0.013|0.119|0.067|0.007|0.043|0.086|0.017|0.12|0.018
202408|27|26110|27110000|1114000000|경기|성남시|역삼동|서초1동|NH7454|자이|19481|2|6|0.008|0.075|0.048|0.127|0.037|0.125|0.138|0.047|0.057|0.074|0.04|0.064|0.053|0.028|0.078
202408|44|43110|47110000|2811000000|경기|서초구|서초동|역삼1동|NH4016|자이|16315|1|5|0.04|0.237|0.087|0.094|0.044|0.043|0.008|0.045|0.042|0.028|0.03|0.104|0.052|0.138|0.007
202408|43|11110|11200000|2614000000|인천|서초구|서초동|역삼1동|NH9440|래미안|5319|1|6|0.12|0.019|0.049|0.139|0.087|0.091|0.03|0.03|0.008|0.087|0.212|0.028|0.014|0.04|0.046
202408|45|26140|46110000|1111000000|부산|수원시|인계동|역삼1동|NH1759|힐스테이트|11637|x|4|0.078|0.013|0.13|0.126|0.021|0.045|0.128|0.036|0.011|0.022|0.07|0.064|0.053|0.098|0.106
202408|44|26140|42110000|2811000000|인천|성남시|인계동|서초1동|NH3332|래미안|10216|1|6|0.032|0.008|0.177|0.022|0.101|0.016|0.045|0.05|0.053|0.061|0.04|0.351|0.039|0.003|0.004
202408|41|28110|42110000|4511000000|인천|서초구|역삼동|서초1동|NH1679|푸르지오|15658|1|3|0.074|0.007|0.063|0.213|0.007|0.008|0.056|0.016|0.056|0.107|0.186|0.054|0.025|0.041|0.089
202408|27|41110|47110000|4511000000|서울|수원시|서초동|서초1동|NH8747|래미안|12781|2|2|0.003|0.087|0.111|0.031|0.01|0.171|0.01|0.007|0.164|0.014|0.009|0.123|0.154|0.068|0.04
202408|46|28110|41130000|4413000000|부산|수원시|서초동|역삼1동|NH7458|자이|10127|2|6|0.043|0.044|0.055|0.011|0.082|0.007|0.197|0.061|0.123|0.053|0.1|0.074|0.096|0.041|0.011
202408|47|11140|26140000|2711000000|경기|강남구|서초동|역삼1동|NH7526|자이|6992|2|3|0.049|0.271|0.075|0.032|0.032|0.039|0.056|0.048|0.08|0.002|0.017|0.057|0.001|0.144|0.098
202408|27|27110|46110000|4113000000|경기|서초구|서초동|역삼1동|NH2768|힐스테이트|15063|x|2|0.009|0.069|0.053|0.032|0.04|0.09|0.011|0.04|0.056|0.234|0.088|0.041|0.067|0.11|0.06
202408|42|11110|11200000|1120000000|서울|서초구|인계동|서초1동|NH6990|래미안|18170|2|5|0.028|0.061|0.102|0.01|0.277|0.093|0.031|0.158|0.071|0.009|0.053|0.003|0.015|0.059|0.031
202408|45|11110|26140000|4111000000|부산|수원시|역삼동|역삼1동|NH9800|푸르지오|9451|1|5|0.023|0.059|0.056|0.019|0.025|0.044|0.089|0.163|0.068|0.015|0.11|0.239|0.026|0.042|0.024
202408|43|11200|11140000|4711000000|부산|수원시|역삼동|역삼1동|NH8321|래미안|9557|x|2|0.026|0.007|0.013|0.151|0.084|0.016|0.048|0.198|0.001|0.03|0.055|0.046|0.017|0.003|0.306
202408|41|26140|11140000|4111000000|서울|강남구|역삼동|역삼1동|NH7976|푸르지오|11550|2|6|0.337|0.026|0.024|0.104|0.042|0.075|0.038|0.024|0.054|0.049|0.003|0.128|0.073|0.015|0.009
202408|43|41110|26140000|2811000000|서울|서초구|인계동|서초1동|NH6979|래미안|16011|1|5|0.004|0.192|0.228|0.039|0.106|0.022|0.027|0.062|0.073|0.072|0.036|0.071|0.046|0.017|0.006
202408|11|43110|41130000|4111000000|경기|성남시|역삼동|역삼1동|NH7626|힐스테이트|8830|2|6|0.086|0.007|0.008|0.009|0.08|0.037|0.054|0.006|0.15|0.305|0.029|0.009|0.083|0.117|0.021
202408|47|42110|46110000|1120000000|부산|강남구|서초동|서초1동|NH6535|푸르지오|3808|1|3|0.165|0.05|0.168|0.017|0.066|0.04|0.091|0.019|0.011|0.042|0.006|0.243|0.065|0.002|0.013
202408|46|41110|41130000|2614000000|부산|수원시|역삼동|서초1동|NH7438|힐스테이트|2974|x|4|0.231|0.015|0.048|0.062|0.015|0.042|0.013|0.025|0.147|0.159|0.095|0.023|0.001|0.018|0.106
202408|44|41150|43110000|1120000000|인천|강남구|서초동|서초1동|NH9871|자이|5673|2|6|0.08|0.037|0.008|0.135|0.036|0.078|0.093|0.027|0.035|0.007|0.164|0.088|0.065|0.034|0.113
202408|42|46110|28110000|1111000000|인천|강남구|인계동|서초1동|NH7229|힐스테이트|5346|1|6|0.066|0.038|0.076|0.01|0.037|0.18|0.028|0.036|0.036|0.035|0.084|0.163|0.177|0.011|0.024
202408|47|26140|11140000|4711000000|서울|강남구|인계동|서초1동|NH1938|자이|8028|2|6|0.173|0.075|0.211|0.068|0.011|0.082|0.028|0.048|0.008|0.022|0.035|0.007|0.105|0.004|0.123
202408|45|46110|41150000|2711000000|인천|수원시|역삼동|서초1동|NH3411|힐스테이트|4443|1|5|0.115|0.027|0.118|0.045|0.145|0.212|0.04|0.087|0.043|0.001|0.027|0.103|0.006|0.021|0.01
202408|43|11110|47110000|4311000000|서울|수원시|서초동|서초1동|NH2865|자이|18798|1|6|0.349|0.146|0.011|0.008|0.024|0.045|0.1|0.01|0.019|0.025|0.004|0.015|0.201|0.024|0.02
202408|42|11140|45110000|4111000000|인천|성남시|인계동|역삼1동|NH8537|힐스테이트|14924|2|5|0.089|0.048|0.02|0.164|0.286|0.021|0.034|0.082|0.028|0.024|0.145|0.005|0.035|0.018|0.002
202408|45|47110|41130000|4211000000|서울|서초구|역삼동|서초1동|NH8713|힐스테이트|7406|2|4|0.054|0.188|0.09|0.016|0.028|0.042|0.019|0.055|0.002|0.096|0.104|0.011|0.233|0.009|0.053
202408|42|41130|26140000|2711000000|경기|서초구|역삼동|역삼1동|NH8080|푸르지오|6639|2|6|0.055|0.01|0.073|0.032|0.041|0.034|0.083|0.049|0.184|0.064|0.058|0.037|0.082|0.116|0.083
202408|47|44130|44130000|1114000000|경기|강남구|역삼동|역삼1동|NH5226|래미안|17266|x|3|0.056|0.139|0.256|0.069|0.023|0.016|0.009|0.0|0.196|0.045|0.073|0.0|0.075|0.02|0.023
202408|45|26110|28110000|4611000000|서울|수원시|서초동|서초1동|NH8773|힐스테이트|17313|1|5|0.04|0.015|0.005|0.018|0.083|0.098|0.024|0.089|0.422|0.017|0.017|0.024|0.1|0.035|0.012
202408|11|46110|41150000|4111000000|경기|수원시|역삼동|서초1동|NH1515|자이|14636|1|3|0.062|0.087|0.035|0.007|0.052|0.133|0.033|0.049|0.081|0.19|0.021|0.003|0.042|0.135|0.07
202408|41|44130|42110000|1117000000|경기|수원시|역삼동|역삼1동|NH2400|래미안|18723|1|6|0.027|0.048|0.013|0.07|0.086|0.01|0.09|0.063|0.075|0.066|0.097|0.174|0.09|0.04|0.052
202408|44|11110|28110000|1117000000|경기|수원시|서초동|서초1동|NH2061|힐스테이트|7129|1|5|0.014|0.05|0.116|0.044|0.041|0.03|0.153|0.07|0.111|0.076|0.113|0.031|0.029|0.071|0.051
202408|43|26140|28110000|4511000000|인천|성남시|역삼동|서초1동|NH4301|자이|8911|1|5|0.063|0.086|0.269|0.004|0.065|0.068|0.005|0.115|0.136|0.026|0.027|0.005|0.028|0.078|0.024
202408|26|11110|46110000|4113000000|경기|수원시|인계동|역삼1동|NH7293|래미안|16909|1|3|0.028|0.046|0.009|0.117|0.072|0.228|0.053|0.036|0.019|0.006|0.018|0.142|0.18|0.023|0.023
202408|45|41130|28110000|2611000000|부산|서초구|서초동|역삼1동|NH9631|푸르지오|6820|2|6|0.022|0.061|0.019|0.019|0.055|0.052|0.064|0.215|0.011|0.007|0.131|0.087|0.175|0.045|0.036
202408|11|27110|42110000|4111000000|부산|강남구|서초동|서초1동|NH6063|자이|4265|1|3|0.156|0.038|0.04|0.067|0.182|0.008|0.016|0.005|0.005|0.012|0.077|0.185|0.077|0.004|0.129
202408|44|27110|46110000|2711000000|서울|수원시|인계동|역삼1동|NH2079|래미안|3528|2|3|0.05|0.106|0.023|0.174|0.125|0.046|0.009|0.091|0.112|0.108|0.073|0.042|0.006|0.009|0.029
202408|26|28110|45110000|1111000000|경기|강남구|인계동|역삼1동|NH9229|힐스테이트|7767|2|2|0.037|0.011|0.051|0.069|0.076|0.144|0.021|0.059|0.151|0.025|0.066|0.043|0.131|0.058|0.057
202408|46|41130|27110000|4711000000|서울|서초구|서초동|서초1동|NH5170|힐스테이트|19934|1|5|0.005|0.102|0.036|0.219|0.13|0.061|0.064|0.007|0.072|0.154|0.03|0.007|0.016|0.003|0.095
202408|44|46110|11110000|4211000000|인천|서초구|서초동|서초1동|NH9375|힐스테이트|6162|2|4|0.0|0.074|0.043|0.024|0.029|0.213|0.041|0.078|0.053|0.05|0.143|0.004|0.011|0.112|0.125
202408|27|41150|11170000|4711000000|서울|서초구|서초동|역삼1동|NH7759|힐스테이트|8246|1|6|0.033|0.036|0.04|0.033|0.118|0.102|0.048|0.129|0.008|0.186|0.056|0.112|0.011|0.016|0.072
202408|26|11140|26110000|4413000000|서울|성남시|서초동|역삼1동|NH4429|래미안|9626|1|6|0.011|0.036|0.017|0.053|0.059|0.207|0.011|0.155|0.049|0.049|0.005|0.042|0.008|0.019|0.281
202408|41|26110|43110000|4711000000|인천|성남시|인계동|서초1동|NH5603|자이|3708|1|4|0.106|0.115|0.101|0.04|0.002|0.064|0.129|0.072|0.182|0.02|0.017|0.114|0.004|0.008|0.026
202408|26|26110|41110000|4211000000|서울|강남구|서초동|역삼1동|NH7510|래미안|5083|2|6|0.064|0.075|0.155|0.054|0.012|0.108|0.086|0.065|0.026|0.019|0.182|0.025|0.017|0.107|0.005
202408|43|26110|11140000|4211000000|인천|수원시|역삼동|서초1동|NH2303|자이|3105|2|5|0.004|0.072|0.006|0.13|0.017|0.01|0.017|0.005|0.423|0.023|0.016|0.052|0.092|0.085|0.049
202408|41|26140|41150000|2711000000|인천|성남시|인계동|서초1동|NH7439|래미안|2551|2|6|0.033|0.007|0.027|0.162|0.093|0.001|0.072|0.021|0.075|0.012|0.087|0.009|0.045|0.354|0.001
202408|44|26140|41130000|4511000000|인천|수원시|인계동|역삼1동|NH3090|푸르지오|15388|1|5|0.03|0.004|0.041|0.002|0.032|0.095|0.072|0.151|0.18|0.156|0.054|0.077|0.041|0.03|0.034
202408|41|41150|43110000|1120000000|인천|서초구|인계동|역삼1동|NH8194|힐스테이트|5561|1|6|0.2|0.049|0.018|0.179|0.002|0.009|0.205|0.04|0.003|0.004|0.013|0.097|0.007|0.074|0.1
202408|11|44130|47110000|1117000000|부산|서초구|역삼동|서초1동|NH7660|푸르지오|17155|1|5|0.03|0.05|0.042|0.063|0.126|0.076|0.108|0.007|0.116|0.05|0.096|0.042|0.129|0.015|0.052
202408|44|46110|46110000|4711000000|인천|강남구|인계동|역삼1동|NH2214|푸르지오|18093|1|4|0.048|0.011|0.001|0.131|0.0|0.017|0.049|0.217|0.068|0.139|0.043|0.048|0.01|0.01|0.209
202408|41|41110|45110000|4211000000|서울|서초구|역삼동|서초1동|NH1378|힐스테이트|17610|2|4|0.144|0.204|0.154|0.205|0.008|0.039|0.009|0.018|0.078|0.064|0.002|0.033|0.032|0.004|0.006
202408|26|26110|47110000|4211000000|부산|성남시|인계동|서초1동|NH3268|자이|6816|1|5|0.061|0.08|0.234|0.088|0.057|0.015|0.039|0.029|0.079|0.01|0.011|0.068|0.157|0.059|0.014
202408|41|41150|26110000|4611000000|부산|성남시|서초동|서초1동|NH6125|힐스테이트|11130|2|6|0.075|0.024|0.065|0.022|0.079|0.039|0.054|0.281|0.09|0.013|0.076|0.028|0.078|0.012|0.061
202408|45|46110|43110000|2611000000|부산|서초구|인계동|서초1동|NH3291|푸르지오|2579|1|4|0.051|0.143|0.06|0.028|0.061|0.068|0.045|0.077|0.015|0.051|0.04|0.094|0.102|0.053|0.111
202408|47|27110|11110000|4211000000|서울|수원시|서초동|서초1동|NH3324|래미안|15653|1|2|0.018|0.015|0.026|0.109|0.136|0.19|0.045|0.005|0.133|0.024|0.007|0.157|0.019|0.034|0.081
202408|44|11110|28110000|1120000000|인천|성남시|서초동|서초1동|NH7477|푸르지오|19387|2|3|0.019|0.001|0.091|0.179|0.046|0.086|0.041|0.06|0.208|0.067|0.03|0.005|0.039|0.076|0.05
202408|41|47110|47110000|1117000000|부산|서초구|역삼동|역삼1동|NH3861|힐스테이트|5001|1|4|0.201|0.243|0.022|0.117|0.024|0.075|0.114|0.007|0.064|0.011|0.055|0.02|0.01|0.009|0.029
202408|43|11110|45110000|2711000000|서울|성남시|역삼동|역삼1동|NH5988|푸르지오|4752|2|3|0.171|0.066|0.088|0.079|0.044|0.053|0.095|0.073|0.032|0.025|0.172|0.02|0.031|0.05|0.001
202408|43|11170|41110000|1120000000|서울|수원시|서초동|역삼1동|NH6391|푸르지오|19115|1|5|0.082|0.043|0.014|0.088|0.079|0.06|0.034|0.001|0.19|0.075|0.019|0.179|0.03|0.047|0.06
202408|26|41150|26110000|4113000000|인천|서초구|역삼동|역삼1동|NH4620|푸르지오|6818|1|4|0.014|0.118|0.014|0.0|0.028|0.002|0.016|0.162|0.033|0.246|0.153|0.032|0.007|0.147|0.026
202408|46|41150|41110000|2614000000|서울|강남구|인계동|역삼1동|NH7925|푸르지오|13226|1|2|0.008|0.029|0.032|0.104|0.019|0.252|0.087|0.035|0.07|0.154|0.046|0.068|0.071|0.011|0.015
202408|46|28110|42110000|2711000000|서울|강남구|인계동|역삼1동|NH1347|푸르지오|12566|x|6|0.022|0.027|0.099|0.13|0.125|0.048|0.098|0.029|0.146|0.036|0.031|0.014|0.11|0.048|0.036
202408|45|43110|41110000|1120000000|경기|강남구|인계동|역삼1동|NH9127|자이|13791|2|6|0.183|0.002|0.038|0.061|0.023|0.138|0.047|0.017|0.001|0.034|0.071|0.127|0.002|0.109|0.144
202408|41|11200|11170000|2611000000|부산|강남구|역삼동|역삼1동|NH5898|래미안|19757|1|6|0.16|0.009|0.068|0.0|0.151|0.268|0.033|0.079|0.011|0.116|0.033|0.038|0.006|0.001|0.027
202408|43|41150|42110000|1111000000|서울|서초구|서초동|역삼1동|NH7406|힐스테이트|16790|x|2|0.054|0.054|0.011|0.008|0.11|0.117|0.015|0.032|0.034|0.104|0.007|0.087|0.173|0.128|0.065
202408|44|41150|46110000|4711000000|경기|수원시|역삼동|서초1동|NH9555|푸르지오|13296|1|2|0.105|0.054|0.012|0.012|0.005|0.128|0.132|0.012|0.279|0.006|0.013|0.027|0.038|0.145|0.031
202408|45|11170|26140000|1120000000|서울|서초구|서초동|서초1동|NH3095|푸르지오|10655|x|3|0.004|0.009|0.196|0.002|0.166|0.02|0.031|0.13|0.031|0.005|0.099|0.022|0.061|0.158|0.064
202408|26|11140|41150000|1120000000|인천|강남구|인계동|서초1동|NH5708|힐스테이트|6121|2|5|0.037|0.058|0.033|0.179|0.108|0.017|0.026|0.022|0.144|0.046|0.007|0.021|0.099|0.022|0.181
202408|47|41130|47110000|4211000000|부산|서초구|서초동|역삼1동|NH6883|래미안|16734|2|4|0.015|0.024|0.087|0.087|0.077|0.016|0.013|0.062|0.069|0.203|0.015|0.022|0.05|0.175|0.084
202408|45|47110|45110000|4211000000|서울|강남구|서초동|역삼1동|NH5791|자이|7518|x|5|0.051|0.051|0.157|0.011|0.017|0.118|0.014|0.037|0.018|0.088|0.039|0.156|0.189|0.009|0.045
202408|11|26140|41130000|4311000000|서울|서초구|서초동|역삼1동|NH7346|자이|6937|1|6|0.038|0.058|0.054|0.021|0.156|0.042|0.004|0.101|0.03|0.001|0.013|0.064|0.214|0.13|0.074
202408|47|41110|11110000|4115000000|부산|강남구|인계동|서초1동|NH9586|힐스테이트|7997|2|3|0.057|0.058|0.147|0.027|0.042|0.004|0.095|0.027|0.231|0.027|0.095|0.034|0.098|0.028|0.03
202408|27|44130|43110000|4611000000|인천|성남시|서초동|역삼1동|NH1093|힐스테이트|18796|2|3|0.178|0.027|0.122|0.009|0.039|0.016|0.01|0.003|0.174|0.131|0.077|0.007|0.119|0.06|0.027
202408|42|44130|11200000|4511000000|경기|수원시|서초동|서초1동|NH6320|래미안|5104|2|4|0.256|0.021|0.008|0.079|0.031|0.01|0.049|0.041|0.188|0.019|0.053|0.038|0.083|0.097|0.025
202408|44|47110|45110000|1120000000|서울|성남시|인계동|역삼1동|NH6927|푸르지오|3204|1|6|0.04|0.117|0.003|0.003|0.014|0.048|0.051|0.329|0.003|0.022|0.016|0.055|0.004|0.158|0.137
202408|43|45110|11200000|2614000000|경기|서초구|역삼동|서초1동|NH1960|힐스테이트|15035|x|4|0.009|0.014|0.022|0.032|0.241|0.025|0.136|0.031|0.001|0.038|0.122|0.183|0.089|0.018|0.037
202408|26|41150|41110000|4413000000|경기|수원시|서초동|서초1동|NH2955|힐스테이트|8124|1|5|0.343|0.009|0.083|0.001|0.008|0.061|0.024|0.057|0.004|0.25|0.036|0.017|0.078|0.02|0.009
202408|11|26110|41130000|2811000000|경기|수원시|인계동|역삼1동|NH6531|푸르지오|19004|2|6|0.041|0.003|0.027|0.034|0.064|0.133|0.028|0.009|0.048|0.236|0.198|0.078|0.004|0.068|0.031
202408|45|11140|47110000|4413000000|서울|수원시|인계동|역삼1동|NH8500|힐스테이트|17746|1|2|0.08|0.1|0.108|0.002|0.194|0.036|0.103|0.012|0.032|0.098|0.117|0.041|0.029|0.014|0.035
202408|47|26110|41130000|4211000000|서울|강남구|서초동|역삼1동|NH2097|힐스테이트|6705|2|5|0.036|0.061|0.055|0.056|0.006|0.02|0.053|0.091|0.039|0.069|0.137|0.092|0.052|0.099|0.133
202408|44|41130|41150000|4115000000|서울|성남시|역삼동|서초1동|NH7256|푸르지오|17736|1|4|0.103|0.244|0.115|0.007|0.003|0.043|0.119|0.08|0.01|0.05|0.022|0.044|0.123|0.028|0.01
202408|41|42110|26110000|4113000000|인천|강남구|서초동|서초1동|NH6304|자이|15701|1|4|0.009|0.262|0.026|0.088|0.019|0.057|0.047|0.05|0.048|0.052|0.077|0.119|0.055|0.003|0.087
202408|47|45110|43110000|4511000000|경기|강남구|역삼동|역삼1동|NH8979|푸르지오|8589|1|5|0.036|0.105|0.07|0.074|0.085|0.028|0.049|0.056|0.134|0.006|0.085|0.047|0.142|0.013|0.069
202408|26|11200|46110000|1111000000|부산|서초구|역삼동|서초1동|NH6202|자이|13136|2|6|0.01|0.005|0.113|0.118|0.079|0.06|0.158|0.043|0.006|0.108|0.113|0.05|0.084|0.051|0.002
202408|43|28110|41150000|4115000000|경기|강남구|인계동|역삼1동|NH9012|자이|18239|1|6|0.019|0.035|0.075|0.263|0.096|0.105|0.036|0.027|0.004|0.006|0.097|0.027|0.051|0.099|0.06
202408|43|11200|11110000|2711000000|부산|강남구|역삼동|역삼1동|NH8068|자이|15854|1|4|0.086|0.073|0.008|0.011|0.224|0.003|0.301|0.014|0.033|0.006|0.028|0.046|0.026|0.087|0.056
202408|11|28110|44130000|4115000000|경기|서초구|인계동|역삼1동|NH1976|자이|17080|1|6|0.05|0.013|0.058|0.028|0.129|0.091|0.194|0.041|0.036|0.116|0.0|0.08|0.014|0.112|0.037
202408|26|11110|42110000|4111000000|부산|수원시|인계동|역삼1동|NH2575|푸르지오|7596|2|6|0.071|0.178|0.148|0.044|0.03|0.058|0.023|0.115|0.165|0.005|0.004|0.0|0.026|0.007|0.124
202408|41|43110|47110000|2811000000|경기|강남구|인계동|서초1동|NH3940|푸르지오|13959|1|2|0.035|0.097|0.006|0.002|0.066|0.032|0.099|0.055|0.054|0.083|0.046|0.019|0.036|0.091|0.279
202408|41|47110|46110000|4511000000|인천|서초구|서초동|서초1동|NH5334|래미안|16670|2|3|0.085|0.212|0.142|0.004|0.034|0.065|0.005|0.039|0.021|0.08|0.067|0.102|0.013|0.027|0.104
202408|46|26110|11170000|1120000000|인천|수원시|서초동|역삼1동|NH1201|자이|10030|1|6|0.22|0.012|0.049|0.038|0.006|0.011|0.109|0.074|0.026|0.05|0.104|0.073|0.173|0.003|0.052
202408|27|41150|43110000|2711000000|서울|성남시|역삼동|역삼1동|NH8354|래미안|17549|2|6|0.004|0.029|0.082|0.278|0.028|0.064|0.04|0.088|0.013|0.162|0.052|0.077|0.008|0.021|0.055
202408|46|41110|11140000|4413000000|경기|강남구|역삼동|역삼1동|NH7255|자이|7562|1|4|0.049|0.257|0.024|0.105|0.095|0.033|0.052|0.003|0.063|0.06|0.102|0.039|0.066|0.005|0.047
202408|47|44130|46110000|2614000000|경기|강남구|역삼동|역삼1동|NH7912|푸르지오|6035|2|6|0.074|0.081|0.051|0.018|0.006|0.164|0.065|0.062|0.047|0.067|0.193|0.001|0.037|0.001|0.132
202408|41|41110|26110000|1111000000|인천|서초구|서초동|서초1동|NH6631|힐스테이트|6736|1|6|0.103|0.052|0.033|0.016|0.066|0.073|0.125|0.193|0.166|0.035|0.025|0.001|0.051|0.029|0.032
202408|27|41110|11200000|4413000000|부산|수원시|역삼동|역삼1동|NH5429|래미안|12289|x|4|0.024|0.083|0.102|0.01|0.074|0.248|0.035|0.025|0.063|0.069|0.021|0.107|0.046|0.037|0.056
202408|47|41110|47110000|4311000000|서울|강남구|인계동|서초1동|NH5900|푸르지오|14339|1|5|0.058|0.053|0.022|0.038|0.068|0.002|0.089|0.021|0.01|0.037|0.085|0.061|0.062|0.338|0.056
202408|47|43110|11170000|2614000000|인천|성남시|역삼동|역삼1동|NH2777|힐스테이트|5704|2|4|0.042|0.061|0.022|0.216|0.026|0.228|0.013|0.052|0.026|0.102|0.019|0.074|0.026|0.004|0.09
202408|47|28110|41110000|4115000000|경기|강남구|역삼동|서초1동|NH2426|래미안|13412|2|3|0.205|0.007|0.143|0.073|0.013|0.041|0.018|0.035|0.029|0.007|0.279|0.007|0.033|0.007|0.103
202408|44|26110|11110000|4511000000|인천|성남시|역삼동|서초1동|NH7262|자이|11835|1|4|0.013|0.114|0.018|0.035|0.061|0.094|0.077|0.08|0.085|0.088|0.036|0.034|0.148|0.096|0.022
202408|44|46110|44130000|4111000000|인천|서초구|서초동|역삼1동|NH2573|래미안|17492|1|4|0.054|0.079|0.013|0.084|0.025|0.049|0.214|0.041|0.105|0.008|0.002|0.105|0.115|0.07|0.036
202408|47|26140|41110000|2811000000|부산|서초구|인계동|서초1동|NH4370|힐스테이트|6087|1|6|0.054|0.042|0.082|0.013|0.08|0.17|0.009|0.068|0.067|0.072|0.083|0.034|0.071|0.009|0.147
202408|41|43110|11170000|4115000000|경기|성남시|인계동|서초1동|NH7873|자이|10950|1|2|0.015|0.066|0.001|0.11|0.017|0.0|0.081|0.17|0.153|0.053|0.063|0.029|0.013|0.003|0.227
202408|26|45110|26140000|1120000000|인천|서초구|서초동|서초1동|NH4114|힐스테이트|11631|2|5|0.028|0.047|0.077|0.021|0.159|0.011|0.013|0.02|0.013|0.023|0.081|0.002|0.055|0.414|0.036
202408|46|11200|11200000|4511000000|인천|수원시|역삼동|역삼1동|NH3751|자이|16105|x|4|0.037|0.211|0.013|0.148|0.125|0.189|0.002|0.053|0.003|0.059|0.051|0.059|0.031|0.01|0.01
202408|42|42110|47110000|4611000000|경기|강남구|인계동|역삼1동|NH4154|힐스테이트|4517|1|6|0.003|0.05|0.202|0.191|0.185|0.043|0.033|0.029|0.018|0.046|0.094|0.027|0.055|0.021|0.004
202408|27|46110|11200000|4611000000|경기|서초구|인계동|역삼1동|NH5502|자이|13809|x|4|0.039|0.03|0.029|0.14|0.03|0.133|0.005|0.041|0.057|0.175|0.072|0.05|0.038|0.139|0.022
202408|45|46110|11200000|4711000000|인천|수원시|서초동|서초1동|NH5733|래미안|6075|1|4|0.004|0.036|0.054|0.175|0.112|0.065|0.041|0.013|0.034|0.047|0.077|0.081|0.174|0.059|0.027
202408|43|46110|41110000|4111000000|경기|성남시|역삼동|서초1동|NH4566|힐스테이트|19728|1|5|0.059|0.011|0.015|0.162|0.072|0.042|0.002|0.031|0.247|0.039|0.011|0.171|0.019|0.025|0.094
202408|41|47110|11110000|1120000000|경기|서초구|역삼동|역삼1동|NH7237|힐스테이트|10490|2|3|0.063|0.083|0.047|0.098|0.056|0.01|0.245|0.076|0.038|0.109|0.028|0.043|0.078|0.0|0.028
202408|11|42110|42110000|2614000000|경기|서초구|서초동|서초1동|NH4858|힐스테이트|15166|2|3|0.015|0.144|0.001|0.09|0.316|0.155|0.002|0.018|0.056|0.025|0.008|0.064|0.04|0.013|0.053
202408|26|41110|41150000|1114000000|경기|서초구|역삼동|서초1동|NH3458|푸르지오|5070|2|5|0.035|0.057|0.099|0.148|0.02|0.027|0.1|0.037|0.097|0.094|0.041|0.033|0.181|0.019|0.012
202408|27|27110|42110000|2711000000|서울|서초구|서초동|서초1동|NH4140|자이|3905|2|4|0.172|0.004|0.009|0.104|0.134|0.169|0.048|0.051|0.003|0.009|0.031|0.11|0.046|0.047|0.064
202408|27|41150|42110000|2611000000|서울|서초구|역삼동|서초1동|NH3997|푸르지오|11293|2|6|0.1|0.149|0.116|0.001|0.057|0.099|0.067|0.047|0.176|0.052|0.011|0.01|0.076|0.014|0.026
202408|47|41150|11140000|1111000000|서울|수원시|인계동|역삼1동|NH1779|자이|4993|2|5|0.052|0.066|0.009|0.044|0.062|0.011|0.257|0.132|0.032|0.037|0.022|0.109|0.063|0.095|0.009
202408|44|26110|26140000|4511000000|인천|성남시|인계동|역삼1동|NH1190|자이|17781|1|4|0.007|0.181|0.007|0.02|0.085|0.009|0.16|0.014|0.109|0.127|0.017|0.059|0.014|0.047|0.145
202408|11|41110|11170000|2811000000|부산|서초구|서초동|서초1동|NH7973|자이|12450|2|5|0.042|0.004|0.213|0.077|0.018|0.169|0.017|0.036|0.008|0.033|0.027|0.087|0.071|0.04|0.157
202408|42|41150|11170000|4711000000|경기|서초구|역삼동|서초1동|NH5822|래미안|7745|1|4|0.02|0.113|0.02|0.022|0.012|0.085|0.147|0.079|0.072|0.029|0.046|0.138|0.053|0.149|0.013
202408|11|11170|11110000|2711000000|서울|수원시|서초동|서초1동|NH1067|래미안|12077|1|5|0.044|0.006|0.039|0.077|0.166|0.06|0.173|0.063|0.102|0.002|0.076|0.009|0.112|0.03|0.04
202408|26|47110|11140000|2614000000|경기|강남구|서초동|서초1동|NH3700|래미안|15674|1|4|0.052|0.173|0.004|0.082|0.002|0.045|0.141|0.013|0.021|0.083|0.053|0.142|0.119|0.064|0.008
202408|42|11110|27110000|4111000000|경기|수원시|역삼동|역삼1동|NH1057|래미안|17472|1|4|0.027|0.033|0.007|0.115|0.032|0.054|0.022|0.084|0.01|0.031|0.037|0.065|0.153|0.005|0.325
202408|44|47110|11110000|4511000000|인천|성남시|서초동|역삼1동|NH5249|자이|12214|2|2|0.084|0.11|0.144|0.035|0.179|0.051|0.017|0.014|0.085|0.041|0.023|0.068|0.071|0.034|0.043
202408|27|11170|42110000|1114000000|인천|성남시|인계동|역삼1동|NH4071|자이|7901|1|4|0.008|0.043|0.043|0.082|0.047|0.068|0.092|0.119|0.137|0.029|0.104|0.034|0.004|0.164|0.025
202408|42|27110|44130000|4511000000|서울|서초구|역삼동|역삼1동|NH9688|힐스테이트|8282|2|4|0.065|0.027|0.064|0.107|0.113|0.041|0.007|0.025|0.096|0.02|0.158|0.118|0.097|0.059|0.004
202408|43|26140|44130000|4115000000|서울|서초구|역삼동|서초1동|NH2844|래미안|8168|2|5|0.023|0.073|0.061|0.062|0.025|0.022|0.02|0.051|0.019|0.2|0.266|0.009|0.003|0.07|0.096
202408|26|44130|42110000|1111000000|인천|서초구|인계동|서초1동|NH6297|래미안|10837|x|2|0.031|0.054|0.242|0.036|0.011|0.064|0.011|0.054|0.268|0.035|0.013|0.066|0.096|0.002|0.017
202408|44|28110|45110000|2611000000|경기|수원시|서초동|서초1동|NH3191|푸르지오|9044|x|6|0.027|0.102|0.101|0.022|0.055|0.002|0.001|0.011|0.012|0.057|0.17|0.234|0.098|0.062|0.046
202408|44|43110|11200000|4413000000|경기|서초구|인계동|역삼1동|NH7622|자이|17978|1|4|0.044|0.056|0.087|0.082|0.085|0.086|0.076|0.056|0.066|0.067|0.054|0.061|0.161|0.019|0.0
202408|26|45110|26140000|4711000000|인천|성남시|서초동|서초1동|NH2210|자이|12090|2|2|0.02|0.105|0.202|0.061|0.017|0.01|0.007|0.004|0.135|0.046|0.042|0.055|0.125|0.109|0.062
202408|44|45110|11140000|2711000000|부산|서초구|역삼동|역삼1동|NH7417|자이|19177|2|4|0.0|0.153|0.016|0.041|0.021|0.287|0.021|0.041|0.042|0.044|0.232|0.027|0.015|0.027|0.033
202408|42|41150|28110000|4511000000|인천|서초구|인계동|서초1동|NH7340|힐스테이트|14536|1|3|0.375|0.146|0.039|0.004|0.034|0.017|0.06|0.027|0.051|0.006|0.1|0.055|0.029|0.01|0.047
202408|43|11140|41110000|4413000000|부산|서초구|역삼동|서초1동|NH7213|푸르지오|14922|2|3|0.073|0.076|0.019|0.017|0.038|0.062|0.004|0.023|0.364|0.012|0.041|0.099|0.025|0.113|0.035
202408|44|28110|27110000|4311000000|부산|서초구|인계동|역삼1동|NH2616|래미안|8364|2|5|0.128|0.055|0.054|0.023|0.017|0.115|0.02|0.064|0.154|0.011|0.012|0.166|0.056|0.063|0.062
202408|42|44130|41150000|4711000000|인천|성남시|역삼동|서초1동|NH7819|힐스테이트|19329|2|4|0.145|0.01|0.003|0.111|0.001|0.019|0.061|0.075|0.2|0.088|0.163|0.004|0.027|0.035|0.058
202408|41|26110|11170000|1120000000|서울|수원시|인계동|역삼1동|NH8529|힐스테이트|10632|1|6|0.038|0.266|0.031|0.004|0.002|0.066|0.061|0.061|0.059|0.002|0.102|0.127|0.161|0.007|0.013
202408|43|46110|41130000|4115000000|인천|서초구|인계동|서초1동|NH4477|푸르지오|5077|1|4|0.007|0.151|0.008|0.016|0.213|0.004|0.044|0.052|0.04|0.003|0.048|0.112|0.037|0.11|0.153
202408|43|11140|41110000|1111000000|인천|수원시|서초동|서초1동|NH8682|푸르지오|6634|2|2|0.066|0.011|0.03|0.033|0.14|0.06|0.014|0.142|0.05|0.086|0.015|0.038|0.043|0.248|0.024
202408|46|26140|11110000|1114000000|서울|강남구|역삼동|서초1동|NH5713|푸르지오|4275|2|5|0.101|0.067|0.029|0.132|0.111|0.018|0.007|0.041|0.12|0.133|0.053|0.02|0.037|0.004|0.126
202408|43|11170|26110000|1111000000|부산|강남구|서초동|역삼1동|NH3258|힐스테이트|17656|1|5|0.034|0.077|0.003|0.094|0.124|0.04|0.014|0.0|0.222|0.035|0.101|0.03|0.17|0.016|0.038
202408|44|11170|11140000|4413000000|경기|수원시|인계동|서초1동|NH5821|래미안|7091|1|3|0.011|0.186|0.077|0.018|0.045|0.204|0.072|0.208|0.043|0.014|0.017|0.003|0.015|0.065|0.024
202408|27|47110|41110000|4111000000|경기|서초구|역삼동|서초1동|NH4841|힐스테이트|10696|x|3|0.09|0.023|0.0|0.192|0.045|0.01|0.035|0.064|0.06|0.129|0.053|0.123|0.043|0.015|0.118
202408|26|26140|41110000|1117000000|경기|성남시|서초동|서초1동|NH1823|래미안|9576|1|6|0.013|0.037|0.019|0.083|0.269|0.013|0.015|0.083|0.013|0.069|0.079|0.034|0.049|0.191|0.032
202408|26|26140|11140000|4413000000|서울|수원시|역삼동|역삼1동|NH1506|힐스테이트|3193|2|4|0.066|0.078|0.014|0.026|0.036|0.004|0.084|0.022|0.05|0.113|0.211|0.035|0.095|0.028|0.139
202408|44|45110|11200000|1114000000|부산|성남시|서초동|서초1동|NH6038|힐스테이트|10359|1|5|0.016|0.044|0.023|0.068|0.159|0.06|0.009|0.089|0.175|0.028|0.019|0.019|0.122|0.105|0.065
202408|43|11200|41150000|4115000000|부산|서초구|인계동|서초1동|NH3808|래미안|13456|2|6|0.02|0.039|0.021|0.024|0.053|0.226|0.207|0.08|0.088|0.011|0.067|0.105|0.009|0.02|0.032
202408|43|46110|41150000|4511000000|경기|서초구|서초동|서초1동|NH4807|래미안|6103|x|4|0.019|0.064|0.01|0.027|0.115|0.035|0.043|0.129|0.05|0.014|0.118|0.069|0.002|0.034|0.271
202408|26|42110|11140000|1117000000|인천|성남시|인계동|서초1동|NH5963|자이|16767|1|3|0.002|0.039|0.004|0.005|0.064|0.123|0.177|0.02|0.278|0.046|0.095|0.064|0.057|0.016|0.011
202408|46|44130|11200000|4211000000|인천|강남구|서초동|서초1동|NH9359|힐스테이트|18688|2|6|0.009|0.009|0.043|0.022|0.099|0.051|0.067|0.018|0.0|0.034|0.24|0.062|0.14|0.046|0.158
202408|47|45110|26110000|4511000000|경기|강남구|서초동|서초1동|NH9077|푸르지오|3351|2|2|0.019|0.159|0.097|0.014|0.203|0.013|0.004|0.054|0.051|0.09|0.004|0.004|0.219|0.003|0.065
202408|44|26140|44130000|2614000000|경기|서초구|서초동|역삼1동|NH5320|힐스테이트|2118|1|4|0.057|0.01|0.009|0.087|0.049|0.071|0.06|0.063|0.256|0.003|0.065|0.1|0.069|0.055|0.046
202408|46|26140|11200000|4413000000|부산|성남시|인계동|역삼1동|NH1613|래미안|14351|2|4|0.016|0.159|0.136|0.062|0.085|0.035|0.041|0.047|0.095|0.021|0.127|0.051|0.086|0.031|0.007
202408|26|26110|41110000|1120000000|인천|강남구|인계동|서초1동|NH1905|푸르지오|2047|1|5|0.067|0.023|0.039|0.004|0.136|0.004|0.086|0.292|0.06|0.037|0.017|0.164|0.017|0.014|0.04
202408|11|11200|43110000|4511000000|부산|수원시|서초동|역삼1동|NH6287|래미안|8312|2|4|0.037|0.04|0.001|0.12|0.137|0.049|0.076|0.034|0.352|0.007|0.007|0.072|0.009|0.006|0.053
202408|47|28110|11170000|4211000000|서울|강남구|서초동|역삼1동|NH1402|푸르지오|3266|1|2|0.061|0.092|0.077|0.231|0.024|0.007|0.022|0.01|0.1|0.108|0.041|0.188|0.004|0.027|0.008
202408|42|11140|11170000|4413000000|경기|성남시|서초동|역삼1동|NH9347|자이|17187|2|6|0.031|0.116|0.031|0.002|0.056|0.02|0.176|0.058|0.028|0.075|0.065|0.048|0.123|0.132|0.04
202408|27|28110|41150000|2711000000|부산|성남시|역삼동|서초1동|NH3940|자이|12666|1|5|0.036|0.056|0.073|0.074|0.029|0.033|0.264|0.057|0.136|0.038|0.062|0.002|0.031|0.019|0.089
202408|27|41130|11170000|1111000000|부산|성남시|서초동|역삼1동|NH3544|자이|16678|1|2|0.078|0.035|0.033|0.025|0.006|0.189|0.007|0.067|0.035|0.031|0.017|0.147|0.092|0.073|0.165
202408|27|26110|26110000|2611000000|부산|수원시|인계동|역삼1동|NH1483|자이|8325|1|6|0.026|0.045|0.03|0.126|0.077|0.252|0.015|0.035|0.202|0.014|0.057|0.011|0.041|0.067|0.001
202408|43|26140|45110000|1111000000|경기|서초구|서초동|서초1동|NH2127|자이|13584|x|3|0.042|0.049|0.114|0.035|0.075|0.002|0.023|0.051|0.106|0.107|0.094|0.079|0.04|0.121|0.061
202408|27|41110|27110000|4211000000|부산|서초구|서초동|서초1동|NH3708|힐스테이트|9108|2|5|0.002|0.136|0.052|0.035|0.001|0.026|0.059|0.123|0.005|0.113|0.074|0.249|0.037|0.073|0.014
202408|27|28110|28110000|4113000000|서울|서초구|서초동|역삼1동|NH5900|자이|14836|x|4|0.008|0.003|0.08|0.04|0.131|0.022|0.115|0.035|0.022|0.158|0.192|0.121|0.061|0.008|0.004
202408|46|26140|43110000|1114000000|서울|수원시|역삼동|서초1동|NH5491|래미안|18803|1|5|0.086|0.05|0.018|0.015|0.118|0.066|0.219|0.022|0.001|0.054|0.075|0.176|0.073|0.005|0.022
202408|44|42110|43110000|1114000000|경기|수원시|서초동|역삼1동|NH1221|래미안|9678|2|6|0.112|0.02|0.008|0.01|0.104|0.046|0.025|0.084|0.127|0.054|0.234|0.008|0.034|0.038|0.097
202408|26|47110|45110000|2614000000|서울|성남시|인계동|역삼1동|NH6411|래미안|13809|x|6|0.049|0.001|0.141|0.042|0.16|0.003|0.019|0.002|0.11|0.272|0.024|0.023|0.085|0.035|0.035
202408|44|43110|42110000|4211000000|인천|수원시|서초동|역삼1동|NH1066|래미안|19633|2|6|0.004|0.074|0.058|0.079|0.065|0.056|0.008|0.131|0.027|0.04|0.021|0.072|0.005|0.138|0.222
202408|41|43110|44130000|2811000000|인천|서초구|인계동|역삼1동|NH2059|힐스테이트|9055|1|5|0.069|0.018|0.033|0.01|0.053|0.041|0.053|0.016|0.036|0.291|0.059|0.003|0.155|0.087|0.078
202408|44|27110|28110000|1117000000|경기|서초구|인계동|서초1동|NH6131|푸르지오|16279|2|5|0.021|0.033|0.123|0.012|0.29|0.052|0.024|0.085|0.004|0.0|0.022|0.034|0.004|0.262|0.033
202408|45|11110|47110000|4115000000|경기|서초구|서초동|서초1동|NH7261|힐스테이트|7081|1|4|0.014|0.011|0.055|0.019|0.098|0.0|0.19|0.189|0.041|0.044|0.022|0.068|0.058|0.122|0.07
202408|43|45110|41130000|2614000000|경기|서초구|서초동|역삼1동|NH2852|힐스테이트|19411|x|5|0.059|0.024|0.052|0.003|0.072|0.199|0.068|0.025|0.004|0.214|0.013|0.035|0.04|0.03|0.164
202408|43|45110|28110000|1117000000|서울|서초구|서초동|서초1동|NH5001|힐스테이트|9444|2|6|0.095|0.092|0.038|0.153|0.074|0.087|0.008|0.007|0.118|0.021|0.069|0.067|0.012|0.001|0.158
202408|27|11110|26110000|4511000000|서울|성남시|서초동|서초1동|NH7907|푸르지오|6903|2|6|0.025|0.043|0.029|0.015|0.244|0.05|0.053|0.098|0.017|0.0|0.024|0.031|0.03|0.003|0.337
202408|42|11200|11200000|1114000000|서울|강남구|인계동|서초1동|NH5940|힐스테이트|14536|1|4|0.079|0.136|0.08|0.025|0.149|0.095|0.052|0.046|0.057|0.01|0.003|0.088|0.093|0.073|0.014
202408|43|46110|41130000|2611000000|서울|성남시|서초동|서초1동|NH4801|푸르지오|10295|2|4|0.008|0.076|0.076|0.351|0.008|0.002|0.023|0.093|0.06|0.022|0.039|0.07|0.162|0.007|0.002
202408|44|26140|47110000|1120000000|부산|수원시|역삼동|역삼1동|NH1073|푸르지오|2247|2|6|0.061|0.006|0.013|0.158|0.009|0.008|0.073|0.016|0.026|0.124|0.007|0.122|0.175|0.141|0.061
202408|41|11110|28110000|4111000000|인천|강남구|역삼동|서초1동|NH9009|자이|18731|2|3|0.143|0.077|0.125|0.015|0.007|0.002|0.095|0.015|0.099|0.008|0.013|0.132|0.239|0.007|0.022
202408|47|41150|47110000|2711000000|서울|서초구|역삼동|서초1동|NH4847|푸르지오|19256|1|5|0.006|0.085|0.067|0.139|0.029|0.177|0.158|0.074|0.062|0.031|0.046|0.036|0.065|0.015|0.01
202408|41|41150|41110000|4113000000|인천|성남시|역삼동|서초1동|NH5620|푸르지오|11899|2|3|0.22|0.005|0.042|0.061|0.06|0.081|0.041|0.001|0.118|0.009|0.099|0.025|0.19|0.033|0.013
202408|26|46110|45110000|2711000000|인천|성남시|역삼동|역삼1동|NH8995|푸르지오|11107|2|6|0.031|0.033|0.147|0.017|0.009|0.215|0.026|0.056|0.134|0.028|0.055|0.017|0.055|0.083|0.095
202408|42|47110|41150000|2811000000|부산|강남구|인계동|서초1동|NH2390|자이|3875|2|4|0.003|0.039|0.032|0.19|0.003|0.034|0.003|0.047|0.029|0.078|0.238|0.059|0.031|0.05|0.165
202408|26|11200|28110000|4115000000|인천|수원시|서초동|역삼1동|NH1405|푸르지오|16858|1|4|0.0|0.042|0.142|0.068|0.191|0.03|0.014|0.006|0.032|0.106|0.04|0.262|0.008|0.028|0.03
202408|41|42110|26110000|4115000000|인천|강남구|서초동|역삼1동|NH8235|래미안|10838|2|3|0.083|0.031|0.0|0.085|0.076|0.008|0.089|0.123|0.001|0.007|0.02|0.03|0.18|0.264|0.002
202408|42|11140|47110000|4311000000|경기|서초구|역삼동|역삼1동|NH1885|힐스테이트|3048|x|5|0.008|0.016|0.061|0.015|0.128|0.053|0.005|0.11|0.079|0.219|0.098|0.024|0.057|0.045|0.083
202408|11|11140|11140000|4611000000|경기|성남시|역삼동|서초1동|NH5810|푸르지오|16759|1|5|0.014|0.162|0.007|0.121|0.016|0.126|0.003|0.092|0.067|0.073|0.075|0.125|0.068|0.047|0.004
202408|41|41110|11110000|4611000000|경기|강남구|인계동|역삼1동|NH8482|푸르지오|19855|2|5|0.042|0.02|0.045|0.007|0.355|0.009|0.021|0.061|0.049|0.106|0.008|0.08|0.023|0.132|0.042
202408|44|47110|41150000|2711000000|인천|서초구|역삼동|서초1동|NH3572|래미안|16691|2|4|0.018|0.08|0.127|0.247|0.088|0.007|0.042|0.029|0.003|0.121|0.004|0.021|0.157|0.026|0.03
202408|43|47110|28110000|4413000000|부산|수원시|역삼동|서초1동|NH9442|힐스테이트|12932|1|4|0.056|0.046|0.107|0.033|0.112|0.119|0.075|0.043|0.107|0.086|0.065|0.018|0.007|0.013|0.113
202408|42|47110|47110000|2611000000|경기|강남구|서초동|역삼1동|NH4414|푸르지오|6507|2|4|0.07|0.082|0.141|0.112|0.009|0.031|0.037|0.086|0.004|0.012|0.006|0.075|0.079|0.083|0.174
202408|11|27110|26140000|4711000000|부산|강남구|인계동|서초1동|NH5114|푸르지오|17409|2|5|0.099|0.062|0.115|0.161|0.012|0.102|0.129|0.02|0.03|0.114|0.007|0.003|0.016|0.079|0.054
202408|11|11140|11140000|1111000000|서울|수원시|역삼동|서초1동|NH7206|푸르지오|11276|1|4|0.127|0.072|0.17|0.071|0.163|0.032|0.044|0.055|0.088|0.073|0.0|0.034|0.02|0.007|0.043
202408|43|11140|43110000|4113000000|부산|수원시|서초동|서초1동|NH4804|힐스테이트|7278|2|6|0.071|0.03|0.04|0.015|0.052|0.04|0.026|0.041|0.055|0.111|0.112|0.21|0.17|0.018|0.009
202408|45|28110|28110000|4211000000|인천|강남구|역삼동|서초1동|NH5240|힐스테이트|12081|2|3|0.016|0.13|0.03|0.022|0.065|0.04|0.069|0.118|0.014|0.116|0.019|0.12|0.03|0.037|0.175
202408|42|11140|43110000|2611000000|서울|강남구|역삼동|역삼1동|NH8296|푸르지오|7934|2|6|0.051|0.061|0.064|0.138|0.094|0.033|0.002|0.016|0.02|0.051|0.003|0.113|0.045|0.308|0.002
202408|44|41150|41130000|1111000000|인천|성남시|서초동|서초1동|NH1599|힐스테이트|5647|2|5|0.069|0.009|0.068|0.1|0.029|0.043|0.178|0.021|0.031|0.021|0.144|0.055|0.057|0.073|0.102
202408|46|43110|41130000|4115000000|인천|수원시|서초동|서초1동|NH4584|푸르지오|7244|1|2|0.044|0.095|0.089|0.012|0.014|0.094|0.005|0.06|0.023|0.075|0.011|0.047|0.147|0.09|0.194
202408|27|11170|41130000|4711000000|인천|서초구|역삼동|역삼1동|NH1892|래미안|16098|1|5|0.031|0.008|0.247|0.012|0.033|0.035|0.054|0.017|0.008|0.249|0.013|0.168|0.044|0.004|0.078
202408|11|11110|28110000|4413000000|서울|수원시|역삼동|서초1동|NH4916|래미안|16118|2|3|0.069|0.101|0.018|0.015|0.028|0.026|0.276|0.018|0.2|0.069|0.016|0.07|0.063|0.019|0.01
202408|45|11170|11140000|4711000000|서울|서초구|인계동|역삼1동|NH3605|래미안|3671|2|3|0.004|0.134|0.059|0.007|0.06|0.057|0.09|0.008|0.03|0.037|0.162|0.029|0.172|0.12|0.03
202408|47|27110|44130000|4611000000|부산|성남시|서초동|서초1동|NH5833|힐스테이트|14797|2|6|0.066|0.106|0.141|0.029|0.056|0.097|0.022|0.001|0.172|0.076|0.004|0.061|0.071|0.048|0.049
202408|46|28110|11200000|4711000000|부산|강남구|서초동|서초1동|NH1995|자이|15078|1|3|0.032|0.071|0.02|0.001|0.013|0.081|0.079|0.019|0.117|0.179|0.068|0.138|0.064|0.031|0.087
202408|42|41130|26110000|4611000000|경기|강남구|서초동|역삼1동|NH6801|푸르지오|10786|x|4|0.082|0.09|0.016|0.019|0.069|0.25|0.024|0.05|0.155|0.039|0.018|0.069|0.075|0.033|0.01
202408|46|26110|41130000|4115000000|부산|강남구|인계동|서초1동|NH7158|힐스테이트|12501|2|4|0.029|0.034|0.071|0.027|0.069|0.012|0.372|0.095|0.022|0.072|0.089|0.019|0.012|0.059|0.018
202408|45|41150|27110000|1120000000|인천|서초구|인계동|서초1동|NH5740|래미안|15303|2|6|0.11|0.009|0.026|0.002|0.066|0.086|0.031|0.215|0.108|0.065|0.031|0.092|0.03|0.077|0.052
202408|46|44130|11140000|4711000000|서울|서초구|역삼동|역삼1동|NH8539|힐스테이트|4732|1|4|0.137|0.017|0.11|0.075|0.018|0.188|0.014|0.151|0.049|0.003|0.013|0.046|0.054|0.035|0.089
202408|45|41130|41150000|2614000000|경기|강남구|인계동|역삼1동|NH6357|힐스테이트|4382|2|4|0.023|0.152|0.096|0.062|0.061|0.025|0.241|0.028|0.028|0.004|0.026|0.117|0.009|0.08|0.048
202408|44|41150|26110000|2811000000|부산|강남구|역삼동|역삼1동|NH3281|푸르지오|7706|1|3|0.004|0.009|0.127|0.051|0.087|0.069|0.126|0.032|0.002|0.024|0.116|0.012|0.032|0.023|0.286
202408|11|11110|41150000|4113000000|경기|강남구|서초동|역삼1동|NH4870|푸르지오|6137|1|5|0.085|0.006|0.054|0.06|0.053|0.022|0.015|0.069|0.022|0.175|0.001|0.064|0.163|0.15|0.06
202408|26|27110|26140000|4211000000|서울|서초구|역삼동|역삼1동|NH6471|래미안|13101|1|3|0.1|0.007|0.018|0.055|0.118|0.018|0.047|0.08|0.009|0.226|0.105|0.001|0.13|0.052|0.032
202408|27|41130|43110000|4111000000|부산|강남구|인계동|서초1동|NH3696|래미안|8710|2|3|0.044|0.066|0.027|0.058|0.007|0.015|0.117|0.269|0.022|0.14|0.015|0.128|0.045|0.045|0.002
202408|26|26140|41150000|1120000000|인천|강남구|역삼동|역삼1동|NH4071|힐스테이트|11579|1|4|0.024|0.279|0.106|0.014|0.144|0.034|0.006|0.097|0.005|0.05|0.002|0.07|0.061|0.102|0.006
202408|41|41130|26140000|4211000000|경기|성남시|인계동|서초1동|NH8667|힐스테이트|5304|2|4|0.007|0.103|0.026|0.322|0.016|0.148|0.075|0.0|0.096|0.109|0.036|0.005|0.016|0.007|0.032
202408|27|27110|11170000|4611000000|인천|서초구|인계동|서초1동|NH7776|래미안|14591|1|4|0.001|0.036|0.003|0.02|0.014|0.308|0.141|0.106|0.054|0.033|0.026|0.065|0.101|0.028|0.063
202408|47|41150|11110000|4413000000|인천|서초구|인계동|서초1동|NH8213|자이|15829|1|5|0.097|0.1|0.008|0.095|0.034|0.008|0.045|0.069|0.042|0.063|0.068|0.023|0.224|0.103|0.021
202408|43|46110|43110000|1114000000|부산|서초구|인계동|서초1동|NH9389|힐스테이트|11429|1|3|0.059|0.041|0.015|0.059|0.005|0.029|0.088|0.029|0.048|0.026|0.231|0.059|0.042|0.161|0.108
202408|46|26110|43110000|4115000000|인천|강남구|역삼동|역삼1동|NH3507|자이|12700|1|6|0.09|0.022|0.053|0.136|0.063|0.006|0.104|0.009|0.099|0.022|0.058|0.006|0.07|0.256|0.006
202408|43|41130|11140000|4311000000|서울|서초구|역삼동|역삼1동|NH5383|푸르지오|8059|1|6|0.056|0.063|0.056|0.039|0.043|0.007|0.135|0.035|0.133|0.084|0.084|0.025|0.085|0.09|0.066
202408|45|28110|26140000|4511000000|부산|서초구|역삼동|서초1동|NH1714|푸르지오|15592|1|4|0.033|0.091|0.013|0.021|0.158|0.055|0.033|0.086|0.049|0.027|0.004|0.282|0.076|0.023|0.048
202408|45|11170|45110000|2614000000|부산|수원시|역삼동|서초1동|NH1685|푸르지오|9317|1|5|0.002|0.037|0.08|0.033|0.046|0.116|0.027|0.03|0.084|0.12|0.068|0.07|0.116|0.046|0.123
202408|47|11110|42110000|4113000000|인천|수원시|서초동|서초1동|NH1217|자이|3237|1|3|0.078|0.024|0.131|0.014|0.002|0.074|0.007|0.052|0.221|0.116|0.052|0.027|0.113|0.088|0.003
202408|44|46110|11200000|4115000000|부산|서초구|인계동|서초1동|NH8833|힐스테이트|9945|1|4|0.056|0.043|0.027|0.012|0.004|0.198|0.04|0.001|0.184|0.033|0.176|0.087|0.113|0.015|0.011
202408|47|11170|11110000|1114000000|경기|성남시|역삼동|역삼1동|NH4767|힐스테이트|14501|2|5|0.025|0.068|0.092|0.088|0.01|0.002|0.152|0.01|0.032|0.073|0.038|0.136|0.047|0.075|0.151
202408|26|11200|42110000|2611000000|부산|강남구|역삼동|역삼1동|NH9134|힐스테이트|3198|2|6|0.07|0.016|0.145|0.061|0.051|0.024|0.059|0.044|0.072|0.161|0.102|0.023|0.019|0.128|0.024
202408|42|11140|47110000|1111000000|경기|수원시|역삼동|역삼1동|NH5151|힐스테이트|9500|x|4|0.003|0.137|0.005|0.002|0.08|0.011|0.012|0.036|0.018|0.323|0.047|0.158|0.089|0.037|0.041
202408|41|47110|42110000|4711000000|부산|강남구|인계동|역삼1동|NH4690|푸르지오|8850|2|3|0.084|0.052|0.075|0.056|0.033|0.011|0.04|0.114|0.065|0.163|0.024|0.01|0.053|0.028|0.192
202408|11|26140|44130000|1117000000|경기|성남시|서초동|역삼1동|NH1694|푸르지오|17036|2|5|0.141|0.109|0.038|0.006|0.012|0.242|0.077|0.009|0.024|0.181|0.012|0.028|0.08|0.025|0.015
202408|27|45110|42110000|4611000000|경기|서초구|역삼동|역삼1동|NH9590|푸르지오|7327|2|4|0.033|0.128|0.126|0.028|0.001|0.098|0.138|0.048|0.049|0.09|0.024|0.069|0.077|0.06|0.032
202408|44|41150|47110000|4711000000|인천|수원시|역삼동|역삼1동|NH2653|푸르지오|10388|2|6|0.071|0.059|0.065|0.123|0.008|0.008|0.128|0.014|0.029|0.214|0.229|0.001|0.037|0.003|0.011
202408|26|28110|11140000|4611000000|서울|수원시|인계동|서초1동|NH5535|푸르지오|13855|2|6|0.147|0.275|0.033|0.012|0.175|0.002|0.015|0.057|0.008|0.037|0.135|0.038|0.019|0.046|0.0
202408|47|42110|42110000|4111000000|인천|성남시|서초동|서초1동|NH8652|힐스테이트|12901|2|4|0.093|0.065|0.061|0.055|0.003|0.095|0.075|0.02|0.268|0.064|0.001|0.036|0.022|0.022|0.12
202408|41|46110|26110000|2811000000|인천|성남시|인계동|서초1동|NH4274|자이|4011|x|6|0.106|0.187|0.105|0.039|0.004|0.057|0.061|0.189|0.018|0.002|0.056|0.012|0.009|0.027|0.127
202408|26|41150|41150000|4111000000|경기|서초구|인계동|서초1동|NH5707|래미안|7262|2|4|0.033|0.016|0.008|0.037|0.374|0.078|0.042|0.117|0.051|0.044|0.017|0.008|0.034|0.029|0.112
202408|45|27110|28110000|1117000000|인천|서초구|서초동|서초1동|NH3684|자이|15276|2|3|0.036|0.154|0.213|0.015|0.029|0.035|0.019|0.035|0.009|0.068|0.032|0.138|0.133|0.014|0.07
202408|11|44130|47110000|2611000000|서울|수원시|인계동|서초1동|NH1229|힐스테이트|5023|1|4|0.021|0.053|0.008|0.02|0.006|0.055|0.049|0.062|0.005|0.118|0.02|0.084|0.107|0.07|0.322
202408|47|46110|43110000|1120000000|서울|성남시|역삼동|역삼1동|NH2473|래미안|15768|2|4|0.088|0.048|0.009|0.002|0.029|0.018|0.092|0.159|0.028|0.048|0.041|0.055|0.18|0.197|0.006
202408|43|41150|41130000|4113000000|경기|강남구|역삼동|역삼1동|NH9524|래미안|13045|1|4|0.013|0.081|0.023|0.049|0.03|0.151|0.041|0.025|0.231|0.059|0.084|0.028|0.068|0.054|0.064
202408|46|28110|41150000|4115000000|서울|서초구|서초동|서초1동|NH9102|래미안|15989|2|5|0.141|0.009|0.009|0.02|0.095|0.007|0.007|0.01|0.065|0.033|0.088|0.015|0.008|0.34|0.152
202408|43|11170|26110000|2711000000|인천|강남구|서초동|서초1동|NH6836|힐스테이트|8613|1|4|0.043|0.185|0.068|0.105|0.02|0.06|0.023|0.003|0.07|0.011|0.023|0.005|0.08|0.164|0.141
202408|42|11170|43110000|4115000000|인천|수원시|서초동|서초1동|NH9890|자이|5687|2|2|0.025|0.023|0.057|0.086|0.055|0.007|0.034|0.053|0.143|0.226|0.039|0.078|0.061|0.078|0.034
202408|26|26140|45110000|1114000000|서울|성남시|서초동|역삼1동|NH1185|힐스테이트|11379|1|3|0.011|0.019|0.008|0.046|0.073|0.026|0.147|0.146|0.188|0.168|0.0|0.011|0.064|0.016|0.078
202408|43|26140|44130000|4111000000|부산|수원시|역삼동|역삼1동|NH9553|자이|3040|2|6|0.019|0.092|0.003|0.074|0.042|0.107|0.038|0.116|0.019|0.137|0.063|0.002|0.12|0.135|0.033
202408|11|11140|42110000|4711000000|인천|서초구|역삼동|서초1동|NH2998|푸르지오|12292|1|6|0.012|0.028|0.025|0.003|0.076|0.055|0.175|0.048|0.112|0.022|0.001|0.182|0.101|0.05|0.109
202408|26|11200|47110000|1111000000|서울|서초구|서초동|서초1동|NH6421|자이|19251|2|6|0.083|0.024|0.076|0.123|0.048|0.003|0.011|0.071|0.206|0.023|0.109|0.129|0.085|0.006|0.003
202408|41|46110|26110000|1114000000|인천|성남시|역삼동|역삼1동|NH2407|자이|2711|2|5|0.079|0.045|0.044|0.193|0.004|0.127|0.102|0.006|0.068|0.06|0.003|0.028|0.093|0.139|0.01
202408|42|41150|11110000|4113000000|부산|수원시|서초동|서초1동|NH1766|자이|3764|1|6|0.033|0.031|0.166|0.15|0.028|0.018|0.101|0.06|0.029|0.006|0.066|0.068|0.023|0.056|0.166
202408|26|41150|41130000|4511000000|서울|성남시|역삼동|서초1동|NH3019|푸르지오|12059|2|2|0.0|0.331|0.005|0.118|0.138|0.085|0.045|0.008|0.001|0.001|0.067|0.077|0.024|0.047|0.053
202408|44|11110|28110000|2811000000|서울|강남구|서초동|서초1동|NH6860|래미안|18947|2|6|0.1|0.032|0.009|0.026|0.158|0.062|0.001|0.077|0.038|0.065|0.046|0.062|0.277|0.013|0.035
202408|41|11200|11170000|1120000000|경기|강남구|역삼동|서초1동|NH1456|힐스테이트|14610|1|4|0.14|0.07|0.082|0.022|0.072|0.024|0.029|0.018|0.025|0.017|0.027|0.12|0.051|0.113|0.19
202408|46|46110|11170000|1120000000|부산|성남시|서초동|역삼1동|NH6229|힐스테이트|6109|1|6|0.019|0.05|0.031|0.041|0.051|0.289|0.032|0.023|0.125|0.138|0.025|0.07|0.015|0.028|0.063
202408|42|41130|45110000|2811000000|부산|성남시|인계동|역삼1동|NH6472|래미안|8034|1|6|0.131|0.046|0.095|0.003|0.014|0.116|0.019|0.029|0.027|0.007|0.037|0.278|0.022|0.161|0.015
202408|46|43110|11110000|1111000000|인천|서초구|서초동|서초1동|NH2257|자이|6939|2|5|0.249|0.004|0.051|0.053|0.106|0.063|0.091|0.02|0.023|0.098|0.026|0.014|0.013|0.118|0.072
202408|47|41110|28110000|1117000000|인천|서초구|역삼동|역삼1동|NH4125|힐스테이트|8156|1|5|0.097|0.167|0.009|0.015|0.129|0.038|0.067|0.068|0.102|0.05|0.033|0.117|0.083|0.009|0.015
202408|11|44130|47110000|4111000000|서울|강남구|인계동|역삼1동|NH1098|힐스테이트|4951|1|5|0.154|0.078|0.07|0.014|0.018|0.183|0.064|0.091|0.042|0.001|0.12|0.034|0.101|0.006|0.023
202408|42|42110|28110000|4211000000|서울|성남시|서초동|역삼1동|NH5007|푸르지오|8212|1|4|0.053|0.006|0.244|0.051|0.13|0.011|0.044|0.183|0.013|0.082|0.022|0.035|0.078|0.005|0.044
202408|26|27110|11170000|4611000000|서울|수원시|서초동|서초1동|NH5154|자이|5258|2|6|0.03|0.026|0.025|0.226|0.087|0.096|0.011|0.003|0.073|0.009|0.142|0.152|0.017|0.087|0.017
202408|27|27110|43110000|1120000000|인천|성남시|서초동|서초1동|NH7151|래미안|19181|1|4|0.002|0.016|0.028|0.05|0.167|0.061|0.001|0.18|0.041|0.121|0.063|0.032|0.039|0.035|0.162
202408|47|11110|41110000|4111000000|서울|성남시|역삼동|서초1동|NH1562|힐스테이트|13324|x|5|0.02|0.027|0.063|0.131|0.04|0.122|0.005|0.0|0.134|0.094|0.046|0.037|0.079|0.067|0.135
202408|44|42110|26110000|2614000000|경기|수원시|서초동|역삼1동|NH7108|래미안|7197|1|6|0.002|0.012|0.172|0.001|0.064|0.038|0.013|0.06|0.296|0.045|0.011|0.166|0.011|0.068|0.041
202408|26|11140|26140000|4611000000|부산|강남구|인계동|역삼1동|NH3260|푸르지오|12404|2|4|0.005|0.091|0.051|0.07|0.051|0.015|0.044|0.093|0.019|0.333|0.033|0.035|0.027|0.027|0.106
202408|45|43110|45110000|4111000000|서울|성남시|인계동|서초1동|NH1433|푸르지오|11551|2|4|0.101|0.003|0.129|0.05|0.049|0.012|0.026|0.09|0.036|0.173|0.064|0.038|0.005|0.076|0.148
202408|41|42110|41130000|1111000000|인천|성남시|서초동|서초1동|NH1465|자이|16399|2|5|0.003|0.305|0.068|0.049|0.149|0.025|0.082|0.015|0.072|0.004|0.018|0.041|0.019|0.006|0.145
202408|44|41110|42110000|1111000000|경기|수원시|역삼동|서초1동|NH9463|힐스테이트|18046|2|5|0.072|0.026|0.05|0.016|0.029|0.024|0.074|0.133|0.007|0.074|0.096|0.007|0.135|0.231|0.026
202408|11|41150|11170000|4211000000|인천|수원시|역삼동|역삼1동|NH6604|힐스테이트|15522|2|3|0.049|0.02|0.078|0.046|0.062|0.024|0.042|0.167|0.038|0.026|0.176|0.032|0.05|0.15|0.041
202408|11|11200|11110000|4413000000|경기|성남시|서초동|서초1동|NH4799|자이|7068|1|4|0.061|0.069|0.035|0.091|0.138|0.002|0.064|0.059|0.012|0.105|0.042|0.069|0.044|0.08|0.129
202408|41|41110|11140000|2614000000|경기|서초구|서초동|역삼1동|NH3039|푸르지오|9384|2|3|0.031|0.106|0.018|0.017|0.059|0.31|0.029|0.1|0.027|0.021|0.144|0.01|0.037|0.075|0.016
202408|41|11200|11170000|4611000000|서울|서초구|서초동|서초1동|NH8562|자이|3656|2|5|0.003|0.145|0.004|0.028|0.008|0.114|0.049|0.055|0.022|0.012|0.152|0.066|0.258|0.029|0.057
202408|42|43110|11170000|4211000000|서울|수원시|역삼동|서초1동|NH4725|푸르지오|13836|1|6|0.02|0.152|0.011|0.058|0.045|0.073|0.041|0.012|0.063|0.001|0.25|0.011|0.101|0.156|0.008
202408|11|44130|42110000|4711000000|서울|성남시|서초동|역삼1동|NH2155|자이|16559|2|3|0.072|0.008|0.031|0.226|0.004|0.007|0.051|0.051|0.05|0.001|0.011|0.106|0.003|0.229|0.149
202408|27|26140|41150000|4311000000|인천|성남시|인계동|역삼1동|NH3970|푸르지오|12291|1|3|0.16|0.029|0.011|0.039|0.025|0.035|0.092|0.078|0.028|0.116|0.037|0.073|0.019|0.175|0.085
202408|26|46110|41130000|2611000000|부산|수원시|서초동|서초1동|NH3930|자이|16606|x|4|0.175|0.044|0.007|0.029|0.109|0.005|0.013|0.252|0.047|0.012|0.079|0.101|0.055|0.069|0.002
202408|46|44130|43110000|4311000000|서울|서초구|인계동|역삼1동|NH6675|자이|9825|2|2|0.017|0.026|0.229|0.02|0.155|0.035|0.054|0.023|0.096|0.012|0.169|0.073|0.032|0.026|0.033
202408|45|26110|42110000|4211000000|인천|수원시|역삼동|역삼1동|NH4020|힐스테이트|16225|1|3|0.081|0.046|0.075|0.014|0.036|0.318|0.002|0.01|0.065|0.164|0.072|0.026|0.054|0.007|0.029
202408|45|11170|44130000|4211000000|경기|강남구|역삼동|역삼1동|NH5280|래미안|9561|1|4|0.008|0.027|0.034|0.071|0.006|0.065|0.151|0.092|0.062|0.075|0.082|0.053|0.067|0.184|0.024
202408|47|11200|44130000|4113000000|부산|성남시|인계동|역삼1동|NH5010|힐스테이트|9066|2|4|0.011|0.201|0.088|0.015|0.11|0.081|0.077|0.007|0.069|0.057|0.008|0.028|0.148|0.08|0.021
202408|27|46110|41130000|4511000000|경기|강남구|역삼동|서초1동|NH5660|힐스테이트|13505|2|3|0.082|0.013|0.052|0.084|0.035|0.058|0.03|0.055|0.038|0.064|0.022|0.044|0.023|0.122|0.279
202408|45|46110|45110000|2614000000|경기|서초구|인계동|역삼1동|NH9372|힐스테이트|18459|2|4|0.008|0.033|0.074|0.236|0.113|0.032|0.15|0.031|0.024|0.036|0.134|0.003|0.024|0.098|0.004
202408|11|27110|44130000|4211000000|부산|성남시|인계동|역삼1동|NH2939|힐스테이트|14774|1|3|0.039|0.02|0.075|0.124|0.148|0.145|0.003|0.005|0.01|0.065|0.172|0.068|0.005|0.099|0.02
202408|43|11110|26140000|4115000000|서울|서초구|인계동|서초1동|NH9323|힐스테이트|19143|1|6|0.022|0.015|0.01|0.033|0.051|0.177|0.066|0.094|0.011|0.005|0.249|0.044|0.157|0.032|0.034
202408|44|11140|26110000|2614000000|인천|수원시|인계동|역삼1동|NH1685|힐스테이트|16159|2|4|0.058|0.039|0.006|0.145|0.001|0.096|0.228|0.005|0.013|0.008|0.054|0.02|0.174|0.137|0.015
202408|45|45110|47110000|4611000000|서울|성남시|서초동|역삼1동|NH5733|자이|5450|1|3|0.111|0.024|0.014|0.111|0.018|0.002|0.273|0.076|0.014|0.15|0.013|0.033|0.063|0.043|0.054
202408|45|41150|42110000|2614000000|부산|강남구|인계동|역삼1동|NH9416|푸르지오|5922|2|6|0.03|0.02|0.256|0.181|0.01|0.041|0.005|0.029|0.039|0.091|0.06|0.089|0.093|0.039|0.017
202408|27|41130|11110000|2711000000|경기|강남구|서초동|역삼1동|NH4380|푸르지오|17416|2|3|0.015|0.019|0.064|0.099|0.098|0.044|0.097|0.118|0.012|0.074|0.048|0.01|0.067|0.084|0.152
202408|27|42110|47110000|4113000000|인천|강남구|서초동|역삼1동|NH7632|자이|4638|1|6|0.119|0.012|0.019|0.041|0.126|0.031|0.055|0.089|0.045|0.063|0.047|0.168|0.007|0.001|0.177
202408|47|41110|46110000|4211000000|경기|성남시|인계동|역삼1동|NH5756|힐스테이트|19868|1|4|0.004|0.012|0.055|0.002|0.002|0.08|0.07|0.224|0.349|0.019|0.077|0.035|0.057|0.003|0.012
202408|43|27110|41150000|1111000000|인천|성남시|역삼동|서초1동|NH9699|푸르지오|6684|2|6|0.14|0.012|0.119|0.146|0.017|0.018|0.057|0.03|0.134|0.038|0.196|0.004|0.002|0.022|0.064
202408|42|41110|26110000|4115000000|인천|수원시|인계동|서초1동|NH3430|래미안|15322|1|5|0.116|0.059|0.066|0.085|0.032|0.063|0.106|0.039|0.034|0.106|0.123|0.104|0.015|0.031|0.021
202408|27|44130|43110000|1114000000|인천|수원시|역삼동|역삼1동|NH7681|자이|3572|2|3|0.125|0.098|0.215|0.006|0.092|0.001|0.009|0.152|0.029|0.031|0.141|0.011|0.04|0.015|0.034
202408|43|26110|43110000|4211000000|부산|수원시|역삼동|역삼1동|NH5522|래미안|2649|2|3|0.0|0.132|0.151|0.01|0.036|0.02|0.131|0.102|0.035|0.076|0.074|0.006|0.086|0.042|0.099
202408|42|41150|11200000|4111000000|부산|수원시|역삼동|서초1동|NH6399|자이|17838|1|5|0.427|0.002|0.1|0.055|0.057|0.027|0.012|0.074|0.005|0.083|0.009|0.04|0.048|0.004|0.056
202408|43|43110|41150000|2614000000|경기|수원시|서초동|역삼1동|NH8422|힐스테이트|6410|2|2|0.158|0.029|0.056|0.126|0.053|0.059|0.025|0.02|0.016|0.115|0.02|0.148|0.036|0.084|0.055
202408|45|26110|41110000|4311000000|부산|수원시|역삼동|서초1동|NH3335|푸르지오|10073|1|5|0.036|0.013|0.093|0.009|0.029|0.034|0.015|0.066|0.048|0.068|0.107|0.038|0.332|0.099|0.015
202408|45|46110|26140000|2614000000|서울|강남구|인계동|역삼1동|NH9398|래미안|18999|1|5|0.074|0.158|0.006|0.005|0.191|0.02|0.02|0.004|0.007|0.034|0.003|0.211|0.012|0.02|0.236
202408|42|41150|42110000|2811000000|부산|성남시|역삼동|서초1동|NH6624|자이|3743|1|4|0.002|0.09|0.002|0.157|0.031|0.005|0.002|0.076|0.086|0.069|0.158|0.0|0.208|0.098|0.016
202408|45|27110|47110000|1114000000|경기|수원시|인계동|서초1동|NH3944|푸르지오|8695|2|5|0.062|0.039|0.129|0.075|0.09|0.032|0.065|0.063|0.039|0.025|0.025|0.09|0.127|0.036|0.103
202408|42|11110|47110000|1120000000|인천|서초구|인계동|역삼1동|NH1965|래미안|17063|1|3|0.038|0.008|0.066|0.083|0.041|0.15|0.022|0.117|0.019|0.155|0.042|0.069|0.053|0.089|0.049
202408|47|43110|11110000|4511000000|부산|강남구|인계동|서초1동|NH5057|래미안|13547|2|6|0.052|0.122|0.014|0.081|0.032|0.192|0.026|0.037|0.023|0.026|0.058|0.044|0.113|0.127|0.052
202408|27|41150|41110000|1120000000|서울|서초구|인계동|역삼1동|NH6017|자이|12103|x|4|0.137|0.007|0.003|0.084|0.019|0.138|0.062|0.059|0.053|0.004|0.23|0.052|0.092|0.048|0.012
202408|47|41130|26140000|4311000000|서울|강남구|인계동|서초1동|NH9356|자이|11602|1|6|0.016|0.155|0.073|0.013|0.006|0.084|0.052|0.074|0.026|0.035|0.05|0.034|0.064|0.195|0.124
202408|45|11170|46110000|4211000000|인천|강남구|서초동|서초1동|NH8814|힐스테이트|10984|2|5|0.024|0.096|0.063|0.013|0.181|0.024|0.011|0.044|0.173|0.059|0.002|0.004|0.051|0.035|0.218
202408|27|26110|47110000|2611000000|경기|수원시|인계동|서초1동|NH7327|래미안|13932|2|3|0.026|0.146|0.047|0.077|0.083|0.059|0.024|0.001|0.116|0.035|0.207|0.065|0.009|0.076|0.03
202408|45|47110|28110000|4113000000|경기|서초구|인계동|서초1동|NH6945|푸르지오|6845|1|3|0.025|0.072|0.01|0.085|0.008|0.018|0.207|0.001|0.121|0.022|0.138|0.044|0.066|0.098|0.084
202408|43|41110|11170000|4111000000|경기|수원시|서초동|역삼1동|NH3394|자이|15245|1|4|0.21|0.006|0.0|0.146|0.132|0.024|0.002|0.014|0.032|0.207|0.032|0.082|0.015|0.003|0.096
202408|44|41130|11140000|4115000000|서울|강남구|역삼동|역삼1동|NH4827|래미안|3281|x|4|0.001|0.041|0.175|0.104|0.176|0.023|0.012|0.094|0.001|0.059|0.024|0.102|0.066|0.013|0.109
202408|26|43110|11110000|2614000000|서울|서초구|서초동|서초1동|NH7343|힐스테이트|13856|2|4|0.103|0.048|0.085|0.02|0.173|0.024|0.017|0.042|0.127|0.044|0.099|0.015|0.069|0.005|0.13
202408|42|27110|41110000|4115000000|서울|성남시|인계동|서초1동|NH7161|래미안|15985|1|3|0.043|0.073|0.03|0.029|0.044|0.142|0.104|0.31|0.043|0.011|0.044|0.062|0.011|0.013|0.04
202408|27|41110|11110000|2711000000|부산|서초구|서초동|역삼1동|NH4566|힐스테이트|3640|1|3|0.005|0.027|0.06|0.028|0.011|0.062|0.05|0.038|0.071|0.16|0.0|0.096|0.085|0.106|0.2
202408|45|47110|41150000|2811000000|경기|강남구|서초동|역삼1동|NH1880|푸르지오|17894|x|3|0.026|0.1|0.091|0.083|0.025|0.021|0.01|0.079|0.123|0.048|0.015|0.012|0.167|0.163|0.038
202408|42|26140|43110000|4311000000|서울|강남구|인계동|서초1동|NH5286|푸르지오|12982|1|5|0.018|0.181|0.097|0.047|0.047|0.023|0.005|0.121|0.141|0.016|0.129|0.1|0.037|0.033|0.005
202408|45|26110|11170000|4211000000|인천|수원시|역삼동|서초1동|NH9402|자이|15277|2|6|0.044|0.113|0.264|0.0|0.105|0.074|0.019|0.072|0.056|0.038|0.055|0.116|0.009|0.036|0.001
202408|43|11110|41150000|1117000000|서울|서초구|서초동|역삼1동|NH2755|푸르지오|16806|2|6|0.09|0.016|0.084|0.248|0.003|0.127|0.03|0.029|0.055|0.046|0.023|0.071|0.104|0.045|0.03
202408|41|11200|11200000|4211000000|경기|수원시|역삼동|서초1동|NH2737|래미안|13960|1|3|0.022|0.203|0.13|0.105|0.027|0.017|0.072|0.094|0.017|0.108|0.003|0.025|0.147|0.016|0.013
202408|42|11200|41150000|4413000000|부산|서초구|역삼동|서초1동|NH7747|자이|16145|1|3|0.137|0.102|0.007|0.031|0.027|0.025|0.056|0.058|0.069|0.027|0.225|0.102|0.096|0.002|0.036
202408|47|41110|11140000|4711000000|경기|성남시|서초동|서초1동|NH5117|자이|5932|x|4|0.092|0.039|0.01|0.007|0.036|0.023|0.092|0.012|0.203|0.025|0.214|0.006|0.072|0.028|0.141
202408|26|26140|45110000|4413000000|서울|성남시|역삼동|역삼1동|NH9605|래미안|10352|2|3|0.003|0.009|0.09|0.037|0.021|0.042|0.05|0.189|0.011|0.119|0.011|0.043|0.227|0.009|0.14
202408|47|41150|42110000|2711000000|부산|강남구|역삼동|역삼1동|NH1772|래미안|3058|1|3|0.013|0.009|0.046|0.106|0.026|0.011|0.071|0.062|0.16|0.008|0.16|0.044|0.136|0.078|0.07
202408|47|27110|11110000|4611000000|인천|강남구|역삼동|서초1동|NH2005|푸르지오|12357|2|5|0.322|0.011|0.036|0.043|0.108|0.174|0.032|0.003|0.138|0.071|0.009|0.005|0.041|0.002|0.006
202408|45|26140|43110000|4611000000|서울|수원시|서초동|서초1동|NH6873|자이|19980|1|5|0.021|0.057|0.018|0.143|0.108|0.034|0.09|0.0|0.275|0.001|0.046|0.03|0.018|0.078|0.081
202408|46|46110|27110000|1114000000|인천|서초구|서초동|역삼1동|NH3822|푸르지오|7709|1|2|0.003|0.007|0.003|0.001|0.109|0.03|0.085|0.096|0.051|0.031|0.084|0.022|0.133|0.111|0.233
202408|27|47110|46110000|4113000000|부산|성남시|역삼동|서초1동|NH9658|자이|14383|2|6|0.001|0.232|0.024|0.008|0.13|0.152|0.088|0.046|0.005|0.019|0.008|0.098|0.154|0.003|0.031
202408|41|47110|42110000|4511000000|서울|성남시|역삼동|서초1동|NH1189|래미안|5836|1|4|0.056|0.21|0.077|0.051|0.007|0.002|0.123|0.102|0.048|0.023|0.086|0.014|0.006|0.057|0.14
202408|46|41150|44130000|4413000000|인천|서초구|역삼동|서초1동|NH3495|래미안|14859|2|5|0.03|0.015|0.012|0.014|0.096|0.011|0.076|0.011|0.324|0.082|0.063|0.057|0.032|0.081|0.096
202408|47|26110|41110000|4711000000|서울|서초구|역삼동|서초1동|NH1809|자이|7060|1|5|0.074|0.092|0.013|0.014|0.058|0.14|0.005|0.047|0.027|0.14|0.01|0.139|0.052|0.141|0.049
202408|42|47110|26140000|1114000000|인천|서초구|역삼동|서초1동|NH7123|푸르지오|16485|x|5|0.054|0.028|0.005|0.084|0.073|0.107|0.04|0.089|0.037|0.081|0.026|0.189|0.088|0.093|0.006
202408|45|43110|45110000|4113000000|서울|수원시|역삼동|역삼1동|NH6040|래미안|9788|1|4|0.012|0.05|0.022|0.031|0.032|0.084|0.279|0.006|0.1|0.069|0.02|0.044|0.118|0.132|0.001
202408|11|46110|45110000|4413000000|인천|수원시|인계동|역삼1동|NH7057|자이|16620|2|4|0.064|0.216|0.054|0.062|0.075|0.198|0.025|0.091|0.012|0.103|0.009|0.043|0.003|0.045|0.0
202408|47|46110|11110000|2611000000|경기|성남시|서초동|역삼1동|NH4630|래미안|10752|1|2|0.122|0.26|0.044|0.033|0.095|0.041|0.002|0.009|0.077|0.014|0.173|0.017|0.021|0.049|0.042
202408|41|26140|43110000|4113000000|경기|성남시|서초동|역삼1동|NH4960|힐스테이트|13528|1|6|0.097|0.011|0.041|0.176|0.018|0.091|0.109|0.034|0.04|0.026|0.231|0.031|0.012|0.036|0.045
202408|41|11200|41130000|4711000000|인천|강남구|서초동|서초1동|NH9307|힐스테이트|10632|1|6|0.027|0.121|0.097|0.076|0.001|0.059|0.099|0.003|0.04|0.008|0.029|0.104|0.225|0.065|0.047
202408|46|11170|26110000|4115000000|부산|수원시|역삼동|서초1동|NH9446|푸르지오|13688|2|4|0.052|0.108|0.015|0.033|0.02|0.158|0.014|0.142|0.031|0.002|0.032|0.054|0.016|0.181|0.144
202408|41|44130|41130000|4413000000|부산|수원시|서초동|역삼1동|NH4558|힐스테이트|15149|2|3|0.229|0.044|0.135|0.02|0.036|0.116|0.036|0.049|0.031|0.116|0.058|0.022|0.081|0.001|0.025
202408|43|41130|26110000|4511000000|경기|서초구|서초동|서초1동|NH4333|래미안|8478|1|2|0.008|0.015|0.001|0.246|0.15|0.057|0.038|0.008|0.184|0.08|0.094|0.033|0.04|0.026|0.021
202408|45|26140|11140000|4115000000|서울|성남시|역삼동|서초1동|NH6229|자이|2483|2|6|0.024|0.043|0.069|0.114|0.02|0.032|0.003|0.037|0.032|0.124|0.177|0.181|0.044|0.009|0.092
202408|27|46110|41130000|4511000000|부산|성남시|역삼동|서초1동|NH3424|힐스테이트|4455|1|3|0.242|0.093|0.214|0.02|0.066|0.052|0.02|0.195|0.011|0.007|0.025|0.016|0.012|0.025|0.002
202408|44|28110|11140000|2811000000|서울|수원시|역삼동|역삼1동|NH7806|푸르지오|16610|2|4|0.014|0.031|0.013|0.101|0.24|0.068|0.085|0.066|0.039|0.129|0.012|0.044|0.039|0.113|0.007
202408|41|11110|41130000|4211000000|인천|서초구|서초동|서초1동|NH4170|자이|16757|1|2|0.024|0.041|0.012|0.05|0.006|0.125|0.123|0.014|0.074|0.034|0.015|0.264|0.041|0.168|0.009
202408|26|41150|42110000|4311000000|인천|성남시|역삼동|역삼1동|NH3368|래미안|11847|2|6|0.048|0.346|0.019|0.012|0.04|0.012|0.051|0.117|0.042|0.086|0.01|0.047|0.152|0.015|0.004
202408|45|11140|44130000|4211000000|인천|강남구|역삼동|역삼1동|NH3115|자이|13303|2|3|0.03|0.022|0.039|0.156|0.064|0.147|0.023|0.044|0.3|0.041|0.023|0.016|0.01|0.022|0.062
202408|47|11110|26110000|1111000000|경기|서초구|인계동|역삼1동|NH6560|자이|13423|2|6|0.089|0.015|0.128|0.141|0.023|0.02|0.018|0.009|0.086|0.144|0.053|0.093|0.048|0.118|0.014
202408|26|41130|45110000|4611000000|경기|서초구|서초동|서초1동|NH3679|래미안|16059|2|4|0.046|0.007|0.021|0.033|0.014|0.305|0.076|0.001|0.024|0.082|0.034|0.121|0.01|0.148|0.079
202408|44|11170|26110000|4511000000|인천|서초구|서초동|서초1동|NH2316|푸르지오|17378|1|4|0.02|0.141|0.002|0.103|0.056|0.134|0.003|0.009|0.163|0.098|0.007|0.043|0.062|0.06|0.099
202408|11|44130|11140000|2711000000|경기|수원시|역삼동|역삼1동|NH6885|자이|9877|1|5|0.016|0.013|0.212|0.059|0.121|0.055|0.028|0.001|0.027|0.006|0.126|0.021|0.056|0.034|0.225
202408|42|41110|11200000|4511000000|부산|수원시|역삼동|역삼1동|NH4625|자이|17263|1|5|0.002|0.001|0.078|0.228|0.101|0.037|0.061|0.061|0.015|0.024|0.004|0.307|0.018|0.048|0.015
202408|26|28110|41150000|2711000000|경기|수원시|인계동|역삼1동|NH9761|자이|17994|1|4|0.021|0.028|0.017|0.073|0.023|0.25|0.19|0.007|0.133|0.055|0.03|0.052|0.013|0.005|0.104
202408|46|11200|41110000|4115000000|인천|성남시|역삼동|역삼1동|NH3182|힐스테이트|16835|2|3|0.044|0.21|0.046|0.134|0.048|0.037|0.021|0.026|0.051|0.08|0.209|0.01|0.032|0.052|0.0
202408|41|11140|44130000|4311000000|인천|성남시|역삼동|역삼1동|NH4321|래미안|8133|2|5|0.136|0.089|0.091|0.018|0.121|0.017|0.043|0.02|0.044|0.27|0.071|0.048|0.003|0.007|0.022
202408|11|41110|42110000|4711000000|부산|강남구|인계동|역삼1동|NH5064|힐스테이트|17682|2|6|0.176|0.199|0.101|0.111|0.004|0.117|0.009|0.026|0.018|0.022|0.08|0.017|0.037|0.083|0.0
202408|47|46110|43110000|4211000000|인천|성남시|서초동|역삼1동|NH4444|힐스테이트|15087|1|6|0.031|0.019|0.074|0.004|0.065|0.038|0.007|0.084|0.048|0.026|0.003|0.074|0.154|0.092|0.28
202408|11|11170|47110000|4413000000|서울|성남시|인계동|역삼1동|NH8380|힐스테이트|4606|x|5|0.039|0.022|0.175|0.05|0.126|0.05|0.02|0.023|0.094|0.021|0.18|0.017|0.083|0.081|0.019
202408|41|11110|11140000|4211000000|부산|수원시|서초동|서초1동|NH9162|자이|14629|x|5|0.118|0.125|0.02|0.044|0.102|0.043|0.043|0.095|0.016|0.006|0.06|0.025|0.065|0.217|0.02
202408|44|28110|42110000|4111000000|서울|성남시|인계동|서초1동|NH8489|푸르지오|18361|1|4|0.037|0.09|0.052|0.034|0.01|0.238|0.016|0.007|0.056|0.234|0.116|0.003|0.029|0.048|0.03
202408|47|11200|47110000|4115000000|인천|서초구|서초동|서초1동|NH8073|힐스테이트|2947|2|4|0.25|0.038|0.109|0.054|0.084|0.019|0.12|0.001|0.042|0.034|0.093|0.001|0.037|0.084|0.033
202408|43|41130|41150000|4211000000|부산|성남시|서초동|역삼1동|NH2991|힐스테이트|8194|2|4|0.034|0.117|0.043|0.04|0.067|0.345|0.066|0.005|0.038|0.044|0.008|0.033|0.077|0.053|0.03
202408|45|41110|46110000|1111000000|인천|강남구|서초동|역삼1동|NH1554|힐스테이트|5881|1|6|0.022|0.034|0.054|0.066|0.301|0.013|0.05|0.007|0.011|0.08|0.125|0.045|0.142|0.027|0.023
202408|41|11200|11200000|1117000000|서울|수원시|서초동|역삼1동|NH4151|푸르지오|16613|1|4|0.087|0.104|0.02|0.031|0.024|0.026|0.093|0.068|0.007|0.069|0.171|0.208|0.033|0.023|0.036
202408|11|44130|45110000|4211000000|부산|강남구|인계동|역삼1동|NH6133|힐스테이트|17549|1|4|0.052|0.115|0.098|0.011|0.067|0.009|0.028|0.133|0.262|0.022|0.046|0.052|0.038|0.016|0.05
202408|46|11110|45110000|1120000000|경기|서초구|인계동|서초1동|NH1296|힐스테이트|13379|2|5|0.021|0.048|0.154|0.009|0.092|0.11|0.036|0.082|0.018|0.041|0.124|0.019|0.108|0.058|0.081
202408|44|26140|46110000|4115000000|인천|서초구|역삼동|역삼1동|NH5734|래미안|16917|1|5|0.152|0.082|0.012|0.128|0.033|0.019|0.133|0.067|0.005|0.077|0.152|0.028|0.034|0.067|0.012
202408|27|11170|41130000|4511000000|부산|강남구|서초동|서초1동|NH7404|힐스테이트|3528|2|4|0.063|0.036|0.075|0.039|0.006|0.036|0.251|0.031|0.053|0.094|0.1|0.006|0.14|0.063|0.009
202408|43|47110|41130000|4211000000|경기|수원시|역삼동|역삼1동|NH5076|래미안|16839|1|6|0.281|0.115|0.107|0.161|0.027|0.008|0.066|0.027|0.045|0.008|0.04|0.001|0.041|0.026|0.046
202408|11|27110|27110000|2811000000|부산|성남시|역삼동|서초1동|NH7768|자이|6153|2|3|0.06|0.03|0.052|0.028|0.003|0.124|0.012|0.087|0.095|0.051|0.002|0.068|0.207|0.004|0.176
202408|11|45110|27110000|2811000000|부산|성남시|서초동|역삼1동|NH4540|래미안|8545|2|5|0.059|0.026|0.039|0.028|0.142|0.043|0.019|0.042|0.235|0.054|0.001|0.119|0.01|0.179|0.005
202408|47|44130|26140000|4711000000|경기|수원시|인계동|역삼1동|NH2326|힐스테이트|3497|2|6|0.006|0.007|0.018|0.077|0.017|0.037|0.0|0.053|0.063|0.077|0.261|0.143|0.012|0.081|0.147
202408|46|44130|11110000|2614000000|서울|성남시|역삼동|서초1동|NH4770|힐스테이트|9845|2|3|0.118|0.136|0.09|0.058|0.15|0.097|0.101|0.037|0.021|0.082|0.03|0.013|0.003|0.014|0.049
202408|27|26110|26110000|2614000000|인천|수원시|서초동|서초1동|NH7490|힐스테이트|17936|1|4|0.003|0.034|0.064|0.034|0.121|0.016|0.128|0.07|0.053|0.143|0.042|0.136|0.083|0.046|0.026
202408|46|44130|11170000|1114000000|경기|서초구|서초동|서초1동|NH5516|힐스테이트|4991|2|3|0.155|0.017|0.04|0.015|0.14|0.028|0.02|0.05|0.04|0.006|0.099|0.346|0.001|0.043|0.001
202408|47|11200|47110000|4611000000|인천|성남시|서초동|서초1동|NH7591|래미안|17968|x|4|0.025|0.188|0.064|0.004|0.046|0.025|0.135|0.111|0.09|0.206|0.007|0.016|0.018|0.034|0.033
202408|11|11200|28110000|1111000000|경기|강남구|서초동|역삼1동|NH4426|자이|9560|2|3|0.05|0.055|0.007|0.052|0.038|0.073|0.033|0.12|0.047|0.045|0.171|0.063|0.02|0.067|0.159
202408|41|11110|11110000|2611000000|경기|성남시|역삼동|서초1동|NH5106|자이|2346|1|6|0.014|0.011|0.047|0.043|0.186|0.036|0.091|0.06|0.1|0.12|0.122|0.032|0.063|0.057|0.019
202408|47|28110|11170000|4111000000|부산|성남시|인계동|서초1동|NH9923|자이|11880|2|4|0.001|0.057|0.048|0.006|0.006|0.008|0.426|0.028|0.077|0.245|0.016|0.012|0.031|0.023|0.015
202408|46|28110|11170000|4413000000|인천|강남구|인계동|서초1동|NH4366|푸르지오|5362|2|3|0.051|0.087|0.11|0.015|0.032|0.057|0.028|0.007|0.059|0.022|0.195|0.229|0.02|0.002|0.086
202408|42|42110|44130000|4113000000|부산|수원시|역삼동|서초1동|NH2146|래미안|18730|2|3|0.115|0.077|0.072|0.081|0.072|0.051|0.03|0.098|0.001|0.058|0.033|0.031|0.12|0.076|0.083
202408|26|44130|41150000|4413000000|인천|서초구|서초동|서초1동|NH9566|힐스테이트|12517|1|2|0.043|0.054|0.043|0.027|0.137|0.109|0.007|0.106|0.101|0.103|0.003|0.063|0.027|0.146|0.03
202408|47|44130|26140000|2611000000|부산|서초구|역삼동|서초1동|NH6142|자이|10927|2|3|0.01|0.185|0.014|0.044|0.008|0.017|0.116|0.057|0.024|0.153|0.111|0.074|0.029|0.126|0.031
202408|27|11170|41110000|4115000000|서울|서초구|인계동|서초1동|NH3027|푸르지오|17145|2|4|0.164|0.012|0.019|0.304|0.008|0.006|0.041|0.005|0.011|0.099|0.024|0.144|0.121|0.021|0.02
202408|42|41130|41130000|1120000000|경기|강남구|인계동|서초1동|NH3457|힐스테이트|7203|2|3|0.051|0.004|0.09|0.173|0.287|0.005|0.068|0.03|0.066|0.027|0.048|0.004|0.033|0.037|0.078
202408|26|43110|47110000|4113000000|경기|강남구|인계동|역삼1동|NH7072|래미안|4939|2|6|0.06|0.023|0.037|0.087|0.048|0.118|0.029|0.052|0.033|0.044|0.04|0.186|0.006|0.012|0.224
202408|26|43110|41110000|4311000000|인천|수원시|서초동|역삼1동|NH6518|래미안|9370|x|5|0.06|0.069|0.071|0.007|0.047|0.133|0.027|0.101|0.033|0.014|0.069|0.007|0.177|0.106|0.078
202408|27|46110|44130000|2711000000|경기|성남시|인계동|서초1동|NH5426|자이|13457|2|4|0.026|0.064|0.007|0.058|0.035|0.223|0.052|0.071|0.052|0.001|0.172|0.001|0.198|0.01|0.029
202408|46|45110|41130000|4511000000|경기|성남시|역삼동|역삼1동|NH9863|푸르지오|15931|1|6|0.049|0.11|0.013|0.145|0.007|0.027|0.036|0.095|0.11|0.173|0.072|0.032|0.043|0.003|0.085
202408|46|43110|44130000|4115000000|부산|강남구|인계동|역삼1동|NH6823|자이|13658|1|4|0.058|0.123|0.013|0.053|0.01|0.136|0.007|0.092|0.085|0.065|0.064|0.086|0.115|0.042|0.053
202408|43|47110|41130000|2811000000|부산|서초구|서초동|역삼1동|NH2816|자이|5419|2|5|0.009|0.047|0.065|0.157|0.056|0.091|0.072|0.088|0.009|0.143|0.033|0.094|0.013|0.079|0.044
202408|26|46110|41150000|1117000000|서울|서초구|인계동|서초1동|NH2879|푸르지오|10587|2|5|0.104|0.245|0.061|0.084|0.008|0.074|0.113|0.067|0.014|0.007|0.033|0.069|0.051|0.02|0.051
202408|27|41130|43110000|4413000000|부산|수원시|서초동|역삼1동|NH5455|래미안|12740|1|4|0.056|0.008|0.237|0.087|0.054|0.007|0.088|0.036|0.02|0.051|0.002|0.124|0.014|0.154|0.063
202408|11|43110|28110000|2811000000|경기|성남시|인계동|서초1동|NH1954|래미안|4218|2|3|0.193|0.022|0.114|0.039|0.204|0.042|0.033|0.07|0.062|0.006|0.116|0.016|0.032|0.001|0.051
202408|11|26110|11110000|4511000000|경기|성남시|역삼동|역삼1동|NH2344|푸르지오|19042|2|3|0.015|0.01|0.01|0.007|0.011|0.063|0.004|0.243|0.043|0.074|0.009|0.253|0.179|0.028|0.051
202408|11|46110|11140000|4311000000|인천|서초구|역삼동|역삼1동|NH5850|힐스테이트|12983|1|6|0.005|0.025|0.117|0.09|0.001|0.163|0.16|0.079|0.034|0.124|0.002|0.017|0.014|0.062|0.104
202408|42|11200|43110000|2711000000|인천|서초구|인계동|역삼1동|NH4854|래미안|13733|2|2|0.03|0.117|0.124|0.017|0.002|0.007|0.013|0.025|0.047|0.222|0.177|0.184|0.005|0.004|0.027
202408|45|41110|46110000|4111000000|인천|성남시|서초동|역삼1동|NH5044|자이|16439|2|2|0.08|0.175|0.221|0.062|0.074|0.023|0.034|0.117|0.016|0.043|0.002|0.008|0.07|0.071|0.002
202408|26|45110|11170000|1111000000|부산|강남구|역삼동|서초1동|NH9018|자이|8174|1|2|0.036|0.103|0.026|0.003|0.036|0.1|0.107|0.079|0.077|0.007|0.008|0.039|0.273|0.053|0.053
202408|45|26110|41130000|2611000000|경기|수원시|역삼동|역삼1동|NH9662|푸르지오|5016|2|5|0.022|0.006|0.074|0.037|0.016|0.009|0.08|0.133|0.073|0.06|0.087|0.224|0.034|0.142|0.002
202408|41|41110|11170000|4511000000|부산|수원시|역삼동|역삼1동|NH6268|자이|13152|x|5|0.011|0.055|0.029|0.131|0.015|0.0|0.062|0.013|0.356|0.038|0.088|0.025|0.003|0.143|0.03
202408|46|11140|46110000|1114000000|서울|수원시|서초동|서초1동|NH5268|래미안|7591|x|3|0.072|0.009|0.09|0.021|0.076|0.186|0.006|0.014|0.007|0.253|0.053|0.009|0.097|0.09|0.018
202408|46|26110|41130000|4611000000|부산|서초구|서초동|서초1동|NH8442|래미안|18357|2|5|0.074|0.033|0.153|0.024|0.002|0.146|0.047|0.061|0.099|0.014|0.12|0.12|0.005|0.096|0.006
202408|27|41150|47110000|4711000000|서울|강남구|인계동|서초1동|NH5786|푸르지오|15334|2|4|0.169|0.037|0.065|0.049|0.047|0.01|0.082|0.031|0.051|0.162|0.027|0.013|0.08|0.169|0.009
202408|27|11110|28110000|1114000000|인천|강남구|서초동|역삼1동|NH2987|래미안|5558|2|6|0.083|0.041|0.008|0.121|0.141|0.001|0.102|0.309|0.051|0.019|0.002|0.004|0.001|0.098|0.019
202408|26|44130|44130000|4611000000|경기|수원시|인계동|역삼1동|NH3338|자이|14209|1|4|0.149|0.031|0.064|0.153|0.006|0.136|0.046|0.086|0.008|0.062|0.002|0.032|0.064|0.148|0.012
202408|47|41110|26140000|4211000000|부산|성남시|인계동|서초1동|NH6435|푸르지오|5005|1|6|0.11|0.003|0.017|0.045|0.209|0.016|0.084|0.085|0.093|0.025|0.153|0.005|0.039|0.036|0.082
202408|41|28110|11110000|4113000000|인천|성남시|인계동|역삼1동|NH7824|힐스테이트|8738|1|4|0.015|0.008|0.048|0.01|0.024|0.116|0.267|0.083|0.046|0.024|0.002|0.015|0.013|0.291|0.039
202408|26|41130|43110000|1120000000|부산|수원시|역삼동|서초1동|NH6765|힐스테이트|18112|2|3|0.017|0.102|0.152|0.037|0.107|0.116|0.009|0.026|0.053|0.004|0.176|0.103|0.001|0.097|0.001
202408|47|11170|27110000|4211000000|부산|서초구|인계동|서초1동|NH4727|자이|8083|1|6|0.013|0.203|0.092|0.141|0.017|0.024|0.073|0.039|0.057|0.074|0.04|0.004|0.179|0.007|0.036
202408|47|26140|11110000|2811000000|인천|성남시|서초동|서초1동|NH1391|래미안|18381|2|3|0.127|0.004|0.137|0.115|0.105|0.043|0.059|0.121|0.005|0.01|0.087|0.009|0.126|0.022|0.031
202408|27|45110|41150000|4115000000|경기|강남구|서초동|서초1동|NH3755|자이|15799|2|5|0.04|0.267|0.032|0.033|0.046|0.081|0.148|0.069|0.03|0.012|0.054|0.015|0.061|0.022|0.088
202408|44|28110|41110000|4413000000|인천|서초구|역삼동|서초1동|NH8128|푸르지오|19163|2|2|0.039|0.1|0.063|0.098|0.026|0.116|0.07|0.002|0.014|0.169|0.006|0.063|0.195|0.018|0.022
202408|42|11170|41150000|4115000000|경기|강남구|서초동|역삼1동|NH4877|자이|5221|1|3|0.068|0.024|0.095|0.012|0.018|0.116|0.306|0.049|0.073|0.003|0.039|0.027|0.048|0.078|0.044
202408|44|41130|46110000|4711000000|부산|성남시|서초동|서초1동|NH1697|푸르지오|10933|1|3|0.117|0.177|0.223|0.001|0.017|0.076|0.071|0.052|0.034|0.017|0.036|0.087|0.033|0.02|0.04
202408|26|11170|26110000|4711000000|부산|강남구|서초동|역삼1동|NH6413|래미안|7151|2|2|0.075|0.004|0.034|0.08|0.016|0.101|0.071|0.216|0.034|0.075|0.104|0.042|0.074|0.005|0.07
202408|47|41150|42110000|4511000000|부산|강남구|역삼동|서초1동|NH4584|힐스테이트|11404|1|6|0.141|0.1|0.057|0.057|0.018|0.045|0.066|0.053|0.041|0.162|0.107|0.063|0.009|0.016|0.062
202408|26|47110|11110000|1111000000|경기|성남시|서초동|서초1동|NH4097|자이|6900|2|5|0.119|0.062|0.069|0.068|0.132|0.15|0.024|0.003|0.07|0.143|0.048|0.042|0.015|0.022|0.035
202408|11|28110|27110000|1111000000|부산|강남구|역삼동|역삼1동|NH9376|푸르지오|5775|x|5|0.055|0.036|0.062|0.05|0.012|0.157|0.02|0.099|0.094|0.042|0.078|0.043|0.077|0.068|0.107
202408|44|11170|11170000|4211000000|경기|성남시|서초동|서초1동|NH2834|자이|4890|1|2|0.058|0.045|0.084|0.028|0.183|0.061|0.01|0.024|0.035|0.101|0.012|0.054|0.01|0.117|0.178
202408|42|41150|41150000|1111000000|인천|강남구|서초동|역삼1동|NH5207|힐스테이트|16831|1|3|0.056|0.11|0.01|0.048|0.063|0.016|0.006|0.116|0.048|0.074|0.011|0.279|0.045|0.009|0.108
202408|27|45110|44130000|4511000000|경기|강남구|역삼동|역삼1동|NH6786|힐스테이트|12854|1|2|0.177|0.016|0.106|0.004|0.01|0.035|0.008|0.147|0.103|0.049|0.171|0.076|0.037|0.056|0.005
202408|47|11140|11140000|4311000000|부산|성남시|서초동|역삼1동|NH9847|힐스테이트|6877|2|3|0.007|0.028|0.067|0.147|0.013|0.044|0.093|0.223|0.086|0.054|0.058|0.019|0.097|0.063|0.002
202408|45|11200|43110000|4211000000|경기|서초구|서초동|역삼1동|NH5529|푸르지오|8613|1|3|0.041|0.078|0.071|0.208|0.091|0.039|0.046|0.02|0.063|0.023|0.022|0.215|0.073|0.006|0.004
202408|41|26140|43110000|1117000000|경기|수원시|역삼동|서초1동|NH5976|힐스테이트|16888|x|2|0.022|0.038|0.023|0.054|0.122|0.071|0.148|0.153|0.0|0.219|0.015|0.028|0.036|0.005|0.066
202408|46|11170|45110000|4113000000|서울|성남시|역삼동|역삼1동|NH3179|힐스테이트|9736|2|3|0.146|0.076|0.03|0.202|0.054|0.096|0.09|0.01|0.011|0.005|0.009|0.077|0.054|0.021|0.12
202408|41|11110|11170000|4113000000|인천|강남구|인계동|역삼1동|NH1737|푸르지오|9216|2|2|0.019|0.035|0.048|0.073|0.288|0.152|0.06|0.072|0.068|0.023|0.025|0.052|0.027|0.051|0.006
202408|45|44130|26140000|2711000000|부산|수원시|인계동|역삼1동|NH7937|푸르지오|7827|2|5|0.002|0.082|0.056|0.01|0.368|0.026|0.05|0.019|0.017|0.014|0.062|0.0|0.065|0.111|0.116
202408|47|41130|27110000|4113000000|경기|서초구|서초동|역삼1동|NH3150|힐스테이트|9905|2|6|0.0|0.041|0.05|0.118|0.011|0.166|0.013|0.034|0.051|0.025|0.123|0.153|0.069|0.086|0.061
202408|43|11170|41150000|4413000000|부산|수원시|서초동|역삼1동|NH1001|힐스테이트|12275|1|4|0.006|0.177|0.009|0.048|0.045|0.036|0.076|0.072|0.072|0.011|0.104|0.007|0.066|0.065|0.206
202408|44|46110|42110000|2711000000|서울|서초구|서초동|역삼1동|NH8403|래미안|15030|1|5|0.063|0.155|0.075|0.067|0.034|0.018|0.04|0.042|0.068|0.085|0.042|0.023|0.133|0.048|0.106
202408|46|27110|44130000|1111000000|서울|서초구|역삼동|서초1동|NH4092|힐스테이트|5063|2|3|0.02|0.014|0.025|0.197|0.019|0.046|0.157|0.121|0.019|0.104|0.109|0.036|0.099|0.011|0.025
202408|45|41130|28110000|4711000000|경기|성남시|역삼동|역삼1동|NH7362|자이|12877|2|5|0.1|0.046|0.022|0.039|0.013|0.419|0.152|0.014|0.004|0.001|0.0|0.043|0.005|0.112|0.032
202408|43|45110|26140000|2614000000|인천|강남구|역삼동|서초1동|NH7916|래미안|15003|2|3|0.056|0.047|0.062|0.039|0.025|0.199|0.307|0.007|0.018|0.025|0.007|0.032|0.057|0.043|0.076
202408|43|11140|11200000|1117000000|서울|서초구|역삼동|역삼1동|NH1135|래미안|18696|1|5|0.272|0.003|0.045|0.023|0.075|0.0|0.035|0.033|0.136|0.089|0.023|0.064|0.031|0.108|0.063
202408|42|44130|11170000|4111000000|인천|강남구|서초동|서초1동|NH1991|푸르지오|3893|2|3|0.134|0.119|0.017|0.062|0.149|0.042|0.164|0.008|0.024|0.009|0.131|0.035|0.034|0.012|0.059
202408|27|41110|27110000|2614000000|인천|성남시|서초동|서초1동|NH8537|푸르지오|16649|1|4|0.116|0.067|0.132|0.014|0.004|0.004|0.041|0.089|0.069|0.011|0.026|0.084|0.077|0.033|0.232
202408|46|41150|11110000|2614000000|인천|서초구|역삼동|서초1동|NH4053|힐스테이트|17468|2|2|0.124|0.009|0.078|0.008|0.041|0.032|0.026|0.008|0.091|0.064|0.008|0.003|0.403|0.081|0.023
202408|43|11110|27110000|2811000000|서울|강남구|서초동|서초1동|NH9139|힐스테이트|2822|2|5|0.064|0.092|0.039|0.068|0.065|0.016|0.129|0.007|0.094|0.049|0.014|0.017|0.283|0.026|0.038
202408|42|26140|44130000|2711000000|인천|수원시|인계동|역삼1동|NH9924|자이|6628|x|3|0.117|0.214|0.027|0.098|0.076|0.038|0.05|0.097|0.039|0.024|0.158|0.012|0.0|0.038|0.012
202408|44|47110|44130000|1120000000|경기|성남시|서초동|서초1동|NH3712|래미안|8369|1|3|0.159|0.021|0.024|0.19|0.094|0.164|0.085|0.016|0.023|0.008|0.014|0.124|0.008|0.057|0.013
202408|41|46110|47110000|4211000000|경기|강남구|역삼동|역삼1동|NH5733|래미안|14928|1|4|0.009|0.002|0.043|0.223|0.009|0.265|0.09|0.031|0.015|0.069|0.171|0.024|0.002|0.014|0.031
202408|44|28110|47110000|4711000000|인천|성남시|서초동|서초1동|NH4330|힐스테이트|4572|1|5|0.099|0.075|0.034|0.211|0.129|0.025|0.062|0.005|0.037|0.066|0.06|0.094|0.004|0.008|0.091
202408|26|46110|47110000|1111000000|서울|강남구|인계동|역삼1동|NH2656|래미안|10802|2|5|0.032|0.014|0.09|0.054|0.083|0.072|0.052|0.083|0.018|0.025|0.066|0.27|0.004|0.018|0.119
202408|47|45110|42110000|4113000000|인천|강남구|역삼동|역삼1동|NH8906|힐스테이트|19324|x|4|0.033|0.251|0.006|0.065|0.011|0.035|0.01|0.078|0.019|0.138|0.026|0.113|0.009|0.085|0.122
202408|42|47110|11140000|4511000000|부산|수원시|서초동|서초1동|NH1932|래미안|15684|2|4|0.003|0.07|0.113|0.104|0.03|0.004|0.004|0.066|0.101|0.014|0.151|0.141|0.102|0.035|0.061
202408|46|11200|42110000|4711000000|서울|강남구|서초동|서초1동|NH7334|래미안|17172|x|4|0.023|0.008|0.059|0.122|0.072|0.007|0.003|0.014|0.068|0.004|0.159|0.161|0.007|0.005|0.289
202408|42|47110|46110000|4115000000|경기|서초구|인계동|역삼1동|NH8290|래미안|14066|1|4|0.133|0.049|0.07|0.034|0.071|0.012|0.001|0.097|0.04|0.264|0.09|0.033|0.005|0.1|0.001
202408|41|47110|44130000|4511000000|부산|수원시|인계동|서초1동|NH3818|힐스테이트|11943|x|3|0.0|0.005|0.051|0.019|0.154|0.013|0.024|0.072|0.067|0.063|0.053|0.249|0.18|0.008|0.041
202408|26|28110|11140000|2611000000|부산|서초구|서초동|역삼1동|NH8870|힐스테이트|4038|x|3|0.048|0.03|0.066|0.037|0.022|0.051|0.051|0.198|0.017|0.165|0.119|0.013|0.049|0.04|0.094
202408|11|47110|45110000|4113000000|서울|성남시|인계동|역삼1동|NH7689|래미안|11595|1|5|0.059|0.084|0.032|0.046|0.033|0.061|0.026|0.025|0.29|0.017|0.029|0.068|0.113|0.072|0.044
202408|46|11110|26140000|1111000000|인천|강남구|인계동|서초1동|NH9093|푸르지오|17766|2|3|0.066|0.016|0.079|0.063|0.053|0.021|0.07|0.168|0.019|0.021|0.025|0.073|0.092|0.168|0.067
202408|41|11110|26140000|1120000000|인천|강남구|역삼동|서초1동|NH5191|자이|9814|1|5|0.065|0.019|0.003|0.167|0.065|0.049|0.06|0.063|0.098|0.01|0.062|0.223|0.066|0.029|0.02
202408|42|28110|11140000|4611000000|부산|성남시|역삼동|역삼1동|NH8464|래미안|13030|1|5|0.097|0.036|0.009|0.012|0.123|0.034|0.037|0.09|0.112|0.011|0.072|0.168|0.066|0.073|0.06
202408|43|41110|41150000|2614000000|서울|수원시|역삼동|서초1동|NH4427|자이|15473|1|5|0.172|0.203|0.0|0.06|0.036|0.051|0.015|0.048|0.137|0.005|0.124|0.031|0.025|0.028|0.065
202408|42|11200|11170000|2614000000|서울|성남시|서초동|서초1동|NH5759|자이|2828|2|5|0.056|0.0|0.11|0.034|0.124|0.221|0.03|0.051|0.045|0.088|0.02|0.007|0.026|0.086|0.101
202408|42|26140|11170000|4611000000|경기|성남시|역삼동|역삼1동|NH9088|래미안|6432|1|5|0.026|0.074|0.139|0.059|0.102|0.028|0.143|0.035|0.059|0.038|0.146|0.047|0.025|0.027|0.053
202408|47|28110|41130000|4511000000|경기|서초구|인계동|서초1동|NH3451|래미안|7990|2|6|0.05|0.105|0.134|0.009|0.037|0.097|0.158|0.176|0.011|0.01|0.034|0.07|0.045|0.035|0.03
202408|43|45110|26110000|4115000000|서울|강남구|서초동|서초1동|NH3819|힐스테이트|4043|2|6|0.004|0.091|0.087|0.059|0.005|0.013|0.049|0.111|0.075|0.042|0.31|0.02|0.072|0.046|0.016
202408|47|44130|28110000|4511000000|경기|강남구|인계동|서초1동|NH5537|래미안|18858|2|2|0.079|0.103|0.063|0.067|0.0|0.104|0.004|0.049|0.072|0.102|0.059|0.19|0.036|0.06|0.014
202408|27|28110|46110000|2611000000|인천|서초구|서초동|역삼1동|NH8301|래미안|6139|2|2|0.088|0.019|0.018|0.006|0.083|0.092|0.121|0.021|0.035|0.111|0.144|0.01|0.001|0.11|0.14
202408|45|43110|41130000|4413000000|부산|서초구|서초동|역삼1동|NH6828|자이|15925|2|5|0.044|0.243|0.035|0.011|0.077|0.056|0.047|0.019|0.195|0.013|0.01|0.061|0.16|0.024|0.005
202408|42|26140|41110000|1117000000|부산|서초구|서초동|역삼1동|NH3559|힐스테이트|9136|2|5|0.058|0.016|0.036|0.016|0.058|0.108|0.008|0.03|0.041|0.147|0.025|0.064|0.063|0.207|0.126
202408|11|26140|45110000|4311000000|인천|성남시|역삼동|서초1동|NH7485|래미안|9853|2|6|0.074|0.15|0.013|0.001|0.019|0.05|0.046|0.035|0.025|0.024|0.006|0.048|0.137|0.052|0.319
202408|46|43110|11140000|4711000000|경기|강남구|역삼동|서초1동|NH1950|푸르지오|14132|x|5|0.222|0.004|0.121|0.006|0.056|0.028|0.048|0.184|0.021|0.028|0.016|0.089|0.01|0.148|0.019
202408|27|43110|45110000|1117000000|경기|수원시|서초동|서초1동|NH7212|자이|13521|1|3|0.139|0.142|0.013|0.09|0.008|0.138|0.053|0.149|0.035|0.036|0.127|0.018|0.013|0.01|0.03
202408|41|42110|42110000|2711000000|부산|성남시|역삼동|서초1동|NH3882|래미안|13895|2|2|0.097|0.01|0.0|0.094|0.045|0.016|0.067|0.064|0.065|0.07|0.121|0.08|0.058|0.015|0.199
202408|44|46110|27110000|1111000000|서울|수원시|역삼동|서초1동|NH7295|힐스테이트|2436|2|4|0.03|0.049|0.189|0.046|0.062|0.128|0.0|0.005|0.207|0.018|0.061|0.112|0.016|0.026|0.049
202408|44|11200|41150000|4413000000|인천|강남구|서초동|서초1동|NH6614|힐스테이트|17094|1|4|0.025|0.018|0.111|0.06|0.048|0.083|0.035|0.237|0.061|0.07|0.008|0.069|0.046|0.031|0.099
202408|43|11140|41150000|1114000000|부산|수원시|역삼동|역삼1동|NH9098|푸르지오|14566|x|4|0.037|0.13|0.113|0.119|0.008|0.084|0.013|0.004|0.065|0.107|0.009|0.015|0.041|0.02|0.235
202408|43|41130|28110000|1117000000|인천|강남구|역삼동|서초1동|NH5836|푸르지오|19336|2|4|0.12|0.037|0.266|0.001|0.033|0.02|0.003|0.044|0.039|0.103|0.042|0.042|0.136|0.065|0.049
202408|27|45110|45110000|4413000000|경기|성남시|역삼동|역삼1동|NH5544|힐스테이트|12788|x|3|0.136|0.147|0.014|0.007|0.058|0.076|0.085|0.009|0.061|0.209|0.03|0.044|0.053|0.022|0.048
202408|44|26140|45110000|4711000000|경기|성남시|인계동|서초1동|NH3031|자이|13323|x|3|0.059|0.113|0.015|0.014|0.222|0.033|0.001|0.08|0.035|0.253|0.009|0.038|0.046|0.008|0.075
202408|42|41130|47110000|1111000000|인천|성남시|인계동|역삼1동|NH2551|자이|11611|1|6|0.087|0.013|0.053|0.019|0.062|0.08|0.131|0.063|0.103|0.056|0.037|0.041|0.072|0.145|0.037
202408|27|41110|11170000|4611000000|경기|서초구|인계동|서초1동|NH3097|래미안|8233|2|6|0.012|0.048|0.143|0.023|0.058|0.011|0.062|0.004|0.026|0.271|0.001|0.128|0.131|0.043|0.038
202408|27|45110|27110000|1120000000|서울|수원시|역삼동|서초1동|NH5199|자이|5838|1|5|0.283|0.061|0.03|0.016|0.003|0.009|0.031|0.03|0.143|0.11|0.013|0.042|0.01|0.148|0.071
202408|44|28110|11140000|4711000000|부산|성남시|인계동|서초1동|NH1045|자이|18813|2|6|0.057|0.121|0.001|0.067|0.055|0.077|0.104|0.155|0.033|0.011|0.161|0.082|0.047|0.017|0.014
202408|11|28110|41110000|4511000000|경기|서초구|서초동|역삼1동|NH4187|힐스테이트|4739|1|6|0.009|0.028|0.129|0.014|0.08|0.03|0.005|0.061|0.28|0.064|0.116|0.115|0.029|0.027|0.012
202408|41|27110|42110000|4611000000|부산|성남시|역삼동|역삼1동|NH3962|자이|3441|1|5|0.082|0.235|0.014|0.028|0.042|0.018|0.026|0.015|0.016|0.024|0.136|0.089|0.118|0.058|0.1
202408|46|45110|11110000|1120000000|서울|서초구|역삼동|역삼1동|NH4074|힐스테이트|10718|2|2|0.007|0.07|0.088|0.004|0.119|0.044|0.026|0.116|0.011|0.124|0.139|0.202|0.0|0.003|0.047
202408|11|43110|26110000|4511000000|부산|서초구|역삼동|역삼1동|NH8145|자이|11837|2|5|0.237|0.006|0.013|0.072|0.027|0.091|0.026|0.144|0.042|0.033|0.043|0.038|0.013|0.123|0.093
202408|46|41110|28110000|4611000000|경기|성남시|인계동|서초1동|NH7114|래미안|11579|1|2|0.02|0.093|0.243|0.086|0.035|0.038|0.014|0.037|0.019|0.036|0.254|0.016|0.066|0.021|0.022
202408|42|45110|41130000|4115000000|서울|서초구|서초동|서초1동|NH8153|힐스테이트|17660|2|3|0.029|0.041|0.1|0.087|0.114|0.092|0.027|0.042|0.18|0.001|0.015|0.036|0.115|0.081|0.043
202408|26|47110|41150000|2811000000|인천|서초구|인계동|서초1동|NH6914|푸르지오|6679|1|3|0.273|0.047|0.049|0.185|0.064|0.02|0.099|0.017|0.013|0.075|0.046|0.013|0.021|0.075|0.003
202408|46|43110|26140000|4115000000|인천|강남구|역삼동|서초1동|NH5869|자이|18174|2|3|0.026|0.064|0.079|0.06|0.089|0.08|0.072|0.172|0.046|0.049|0.064|0.092|0.032|0.031|0.045
202408|43|41150|41130000|4111000000|부산|강남구|서초동|서초1동|NH6060|자이|19040|2|2|0.08|0.047|0.062|0.011|0.005|0.03|0.105|0.055|0.111|0.051|0.035|0.142|0.004|0.083|0.18
202408|45|44130|41110000|4413000000|서울|성남시|서초동|역삼1동|NH4332|래미안|12845|2|4|0.068|0.017|0.143|0.058|0.105|0.104|0.057|0.055|0.033|0.03|0.0|0.042|0.052|0.004|0.233
202408|47|11170|27110000|4113000000|부산|강남구|인계동|서초1동|NH2803|자이|10579|x|6|0.013|0.004|0.057|0.05|0.023|0.03|0.125|0.051|0.292|0.024|0.052|0.141|0.052|0.047|0.039
202408|27|41130|11170000|2611000000|인천|서초구|인계동|역삼1동|NH9518|힐스테이트|12623|1|2|0.123|0.143|0.033|0.02|0.034|0.005|0.054|0.356|0.025|0.004|0.003|0.059|0.064|0.061|0.016
202408|46|46110|28110000|1120000000|경기|강남구|서초동|서초1동|NH6209|푸르지오|10597|2|5|0.062|0.024|0.03|0.376|0.0|0.007|0.034|0.148|0.003|0.08|0.013|0.033|0.064|0.046|0.079
202408|44|47110|27110000|2614000000|경기|강남구|서초동|서초1동|NH6491|래미안|4909|2|6|0.033|0.01|0.112|0.043|0.123|0.018|0.031|0.034|0.083|0.034|0.08|0.147|0.136|0.07|0.047
202408|27|47110|44130000|4711000000|경기|서초구|역삼동|서초1동|NH1226|푸르지오|12102|x|3|0.076|0.028|0.012|0.209|0.016|0.111|0.02|0.201|0.185|0.021|0.065|0.012|0.008|0.021|0.016
202408|41|44130|44130000|2611000000|경기|서초구|인계동|역삼1동|NH4637|힐스테이트|17527|2|5|0.112|0.036|0.002|0.062|0.005|0.073|0.062|0.032|0.025|0.003|0.031|0.25|0.074|0.194|0.039
202408|41|44130|28110000|2611000000|서울|성남시|서초동|역삼1동|NH6154|래미안|19930|1|2|0.016|0.062|0.198|0.247|0.079|0.073|0.106|0.048|0.002|0.015|0.073|0.032|0.036|0.006|0.006
202408|46|11140|41130000|2811000000|부산|수원시|서초동|서초1동|NH8868|푸르지오|9486|1|6|0.013|0.066|0.024|0.074|0.105|0.149|0.054|0.02|0.073|0.158|0.135|0.018|0.059|0.012|0.039
202408|27|26110|26140000|1117000000|부산|서초구|서초동|서초1동|NH6765|푸르지오|13527|1|3|0.061|0.035|0.177|0.013|0.105|0.01|0.045|0.051|0.02|0.028|0.023|0.026|0.203|0.055|0.147
202408|26|11170|11140000|1114000000|부산|강남구|역삼동|역삼1동|NH8946|푸르지오|13431|1|6|0.016|0.031|0.052|0.091|0.033|0.135|0.087|0.07|0.103|0.103|0.022|0.051|0.042|0.139|0.025
202408|41|26140|11170000|4111000000|경기|강남구|인계동|서초1동|NH9253|래미안|17907|2|3|0.052|0.032|0.019|0.085|0.135|0.02|0.017|0.0|0.017|0.053|0.365|0.098|0.079|0.019|0.008
202408|41|11140|26110000|1120000000|인천|강남구|서초동|서초1동|NH7398|자이|15557|1|6|0.044|0.032|0.046|0.062|0.053|0.015|0.009|0.042|0.25|0.075|0.194|0.089|0.023|0.041|0.025
202408|11|47110|41130000|4311000000|서울|강남구|인계동|서초1동|NH1911|푸르지오|8274|2|4|0.029|0.057|0.041|0.034|0.043|0.043|0.066|0.031|0.264|0.081|0.009|0.037|0.03|0.05|0.186
202408|43|41110|11110000|2614000000|서울|성남시|서초동|서초1동|NH9682|자이|4886|1|5|0.004|0.025|0.064|0.011|0.075|0.001|0.012|0.067|0.024|0.267|0.166|0.011|0.049|0.03|0.194
202408|44|41150|47110000|4111000000|인천|성남시|역삼동|서초1동|NH4909|푸르지오|13817|2|5|0.011|0.064|0.053|0.165|0.089|0.035|0.011|0.105|0.149|0.167|0.031|0.061|0.035|0.002|0.023
202408|42|43110|28110000|1111000000|인천|강남구|서초동|역삼1동|NH7650|자이|2664|2|6|0.055|0.04|0.104|0.003|0.001|0.023|0.041|0.303|0.099|0.11|0.115|0.015|0.037|0.027|0.029
202408|44|43110|26140000|2711000000|인천|성남시|역삼동|역삼1동|NH3496|자이|15908|1|6|0.006|0.004|0.002|0.032|0.0|0.024|0.296|0.089|0.01|0.16|0.009|0.195|0.079|0.016|0.077
202408|26|11170|28110000|4511000000|서울|성남시|서초동|역삼1동|NH8832|래미안|18162|x|6|0.057|0.003|0.323|0.023|0.01|0.084|0.07|0.094|0.067|0.044|0.003|0.036|0.085|0.059|0.039
202408|27|11140|41110000|2811000000|서울|성남시|인계동|역삼1동|NH6594|힐스테이트|9837|1|4|0.001|0.101|0.014|0.108|0.04|0.036|0.012|0.008|0.205|0.055|0.161|0.04|0.18|0.023|0.016
202408|43|45110|44130000|1111000000|부산|수원시|서초동|서초1동|NH8208|자이|19875|1|5|0.04|0.083|0.145|0.096|0.083|0.002|0.072|0.036|0.009|0.131|0.045|0.109|0.021|0.113|0.016
202408|47|26110|28110000|2611000000|경기|서초구|역삼동|역삼1동|NH1415|힐스테이트|11141|2|4|0.037|0.016|0.179|0.008|0.047|0.067|0.186|0.12|0.175|0.009|0.032|0.002|0.093|0.003|0.027
202408|43|28110|26140000|2711000000|부산|강남구|역삼동|역삼1동|NH5512|푸르지오|3855|x|3|0.024|0.061|0.104|0.001|0.03|0.202|0.041|0.092|0.108|0.015|0.024|0.136|0.121|0.029|0.014
202408|42|27110|41110000|4511000000|서울|서초구|역삼동|서초1동|NH2198|자이|5601|2|6|0.025|0.007|0.018|0.085|0.102|0.071|0.056|0.058|0.047|0.302|0.017|0.042|0.068|0.054|0.05
202408|45|11200|26140000|4611000000|인천|서초구|역삼동|역삼1동|NH8658|래미안|13805|2|3|0.08|0.207|0.083|0.003|0.013|0.114|0.035|0.079|0.082|0.014|0.122|0.018|0.037|0.041|0.072
202408|41|41150|27110000|4611000000|서울|강남구|인계동|역삼1동|NH3797|자이|6772|1|3|0.184|0.033|0.05|0.03|0.062|0.026|0.019|0.085|0.002|0.145|0.054|0.016|0.126|0.074|0.095
202408|44|41130|43110000|1111000000|인천|성남시|서초동|역삼1동|NH3660|힐스테이트|15150|2|5|0.015|0.051|0.055|0.095|0.141|0.072|0.042|0.033|0.047|0.037|0.154|0.047|0.083|0.09|0.038
202408|46|42110|11170000|4115000000|인천|강남구|역삼동|역삼1동|NH9293|자이|16068|2|4|0.01|0.0|0.014|0.041|0.002|0.044|0.336|0.109|0.052|0.01|0.009|0.088|0.067|0.111|0.108
202408|43|46110|46110000|4511000000|인천|성남시|역삼동|역삼1동|NH6756|자이|5927|2|5|0.003|0.023|0.256|0.026|0.056|0.0|0.034|0.034|0.156|0.051|0.014|0.139|0.105|0.031|0.071
202408|41|41150|46110000|4115000000|부산|성남시|서초동|서초1동|NH4550|힐스테이트|14652|1|5|0.093|0.138|0.051|0.061|0.064|0.094|0.043|0.007|0.125|0.043|0.005|0.013|0.032|0.117|0.115
202408|41|11170|43110000|1114000000|부산|성남시|서초동|서초1동|NH3722|자이|12788|1|5|0.07|0.044|0.128|0.01|0.042|0.187|0.036|0.019|0.07|0.002|0.001|0.056|0.187|0.113|0.035
202408|43|41110|41150000|2611000000|인천|서초구|역삼동|역삼1동|NH6689|힐스테이트|13366|1|2|0.086|0.032|0.006|0.042|0.151|0.017|0.006|0.046|0.075|0.043|0.342|0.031|0.052|0.042|0.029
202408|43|41150|26140000|4711000000|인천|성남시|서초동|역삼1동|NH3512|래미안|12751|2|5|0.022|0.011|0.159|0.083|0.038|0.123|0.01|0.103|0.107|0.0|0.025|0.134|0.043|0.103|0.039
202408|43|41150|11110000|2711000000|서울|성남시|서초동|역삼1동|NH6668|자이|2145|1|4|0.031|0.015|0.056|0.158|0.134|0.154|0.038|0.091|0.083|0.091|0.032|0.04|0.001|0.064|0.013
202408|45|41130|42110000|4211000000|부산|수원시|서초동|역삼1동|NH9056|자이|5388|1|6|0.101|0.0|0.142|0.245|0.046|0.119|0.038|0.04|0.093|0.008|0.066|0.024|0.002|0.031|0.044
202408|43|11110|45110000|4111000000|경기|서초구|인계동|서초1동|NH9567|래미안|16876|2|3|0.149|0.084|0.045|0.074|0.2|0.04|0.018|0.014|0.0|0.06|0.138|0.013|0.103|0.017|0.046
202408|27|42110|45110000|4711000000|경기|서초구|역삼동|역삼1동|NH2688|푸르지오|7017|1|5|0.064|0.081|0.012|0.084|0.02|0.127|0.046|0.076|0.067|0.088|0.052|0.017|0.045|0.117|0.102
202408|44|26140|11170000|4311000000|경기|수원시|역삼동|서초1동|NH7649|푸르지오|16353|1|4|0.02|0.023|0.097|0.053|0.138|0.008|0.102|0.12|0.021|0.153|0.037|0.095|0.08|0.02|0.032
202408|26|26110|41110000|1117000000|경기|강남구|역삼동|역삼1동|NH7216|푸르지오|14064|2|3|0.118|0.047|0.055|0.065|0.003|0.036|0.021|0.021|0.041|0.033|0.05|0.277|0.047|0.153|0.034
202408|43|11140|11170000|4111000000|서울|강남구|서초동|역삼1동|NH9204|래미안|16045|1|3|0.108|0.066|0.007|0.048|0.011|0.153|0.02|0.041|0.1|0.222|0.008|0.075|0.028|0.05|0.062
202408|43|11170|26140000|4211000000|경기|강남구|역삼동|역삼1동|NH8797|힐스테이트|14065|2|3|0.013|0.075|0.015|0.02|0.078|0.054|0.176|0.016|0.141|0.003|0.029|0.106|0.09|0.113|0.073
202408|45|26140|42110000|2811000000|부산|수원시|인계동|서초1동|NH7184|래미안|16694|2|4|0.127|0.03|0.011|0.104|0.192|0.012|0.02|0.024|0.037|0.075|0.011|0.2|0.079|0.063|0.015
202408|27|42110|41110000|4611000000|서울|서초구|역삼동|역삼1동|NH2149|힐스테이트|8515|2|6|0.099|0.059|0.006|0.001|0.153|0.172|0.03|0.011|0.057|0.055|0.04|0.078|0.043|0.088|0.107
202408|47|41110|41130000|4611000000|서울|성남시|역삼동|역삼1동|NH3277|자이|15761|1|5|0.068|0.133|0.078|0.018|0.034|0.035|0.024|0.067|0.224|0.043|0.045|0.021|0.076|0.059|0.075
202408|44|43110|11200000|1117000000|경기|수원시|인계동|역삼1동|NH2316|자이|16123|2|3|0.02|0.042|0.18|0.103|0.015|0.021|0.05|0.107|0.023|0.069|0.126|0.105|0.025|0.096|0.018
202408|26|46110|41110000|4413000000|인천|성남시|역삼동|역삼1동|NH7855|힐스테이트|11796|1|3|0.146|0.02|0.072|0.015|0.083|0.031|0.125|0.096|0.036|0.034|0.069|0.044|0.057|0.047|0.125
202408|45|26110|11170000|2811000000|경기|수원시|인계동|역삼1동|NH9817|래미안|8693|1|5|0.065|0.007|0.049|0.033|0.03|0.163|0.025|0.074|0.066|0.159|0.007|0.022|0.018|0.245|0.038
202408|27|43110|11140000|1111000000|인천|성남시|서초동|역삼1동|NH5988|힐스테이트|16728|2|4|0.108|0.004|0.119|0.105|0.112|0.002|0.051|0.08|0.015|0.05|0.058|0.037|0.021|0.233|0.005
202408|11|27110|26110000|2614000000|경기|강남구|역삼동|서초1동|NH3962|래미안|2606|2|4|0.069|0.077|0.022|0.006|0.0|0.054|0.029|0.266|0.017|0.151|0.147|0.034|0.013|0.068|0.047
202408|26|41150|26140000|4611000000|서울|성남시|역삼동|서초1동|NH4172|푸르지오|11117|1|5|0.106|0.203|0.095|0.003|0.006|0.036|0.021|0.027|0.054|0.009|0.024|0.113|0.103|0.161|0.039
202408|46|26140|27110000|1114000000|인천|강남구|역삼동|역삼1동|NH2513|자이|8117|x|5|0.062|0.206|0.068|0.053|0.065|0.116|0.02|0.01|0.009|0.004|0.011|0.265|0.004|0.042|0.067
202408|42|41150|41110000|4311000000|인천|강남구|인계동|역삼1동|NH2224|래미안|18389|1|5|0.148|0.023|0.155|0.014|0.087|0.038|0.011|0.029|0.018|0.065|0.165|0.022|0.049|0.028|0.149
202408|44|11200|28110000|4711000000|인천|성남시|서초동|역삼1동|NH1636|푸르지오|16442|2|5|0.171|0.008|0.145|0.048|0.074|0.104|0.052|0.031|0.09|0.132|0.023|0.002|0.06|0.052|0.008
202408|26|42110|43110000|4211000000|서울|강남구|인계동|역삼1동|NH6334|힐스테이트|19071|1|2|0.104|0.09|0.015|0.048|0.043|0.129|0.177|0.023|0.021|0.01|0.024|0.058|0.222|0.024|0.012
202408|44|43110|26140000|1117000000|경기|수원시|역삼동|역삼1동|NH2969|힐스테이트|4208|1|4|0.01|0.009|0.042|0.011|0.083|0.011|0.091|0.101|0.001|0.11|0.017|0.213|0.021|0.134|0.144
202408|47|43110|41130000|1114000000|부산|강남구|서초동|서초1동|NH9961|푸르지오|6792|1|4|0.058|0.103|0.083|0.163|0.066|0.077|0.014|0.141|0.009|0.022|0.004|0.142|0.048|0.06|0.009
202408|46|41110|11110000|4115000000|부산|서초구|역삼동|역삼1동|NH7884|푸르지오|19959|1|2|0.047|0.026|0.059|0.034|0.029|0.027|0.237|0.038|0.018|0.249|0.128|0.005|0.019|0.065|0.02
202408|46|43110|47110000|2614000000|인천|수원시|서초동|역삼1동|NH1391|래미안|15142|2|4|0.034|0.137|0.054|0.056|0.253|0.034|0.043|0.054|0.192|0.049|0.012|0.021|0.012|0.013|0.036
202408|44|45110|44130000|4611000000|서울|강남구|역삼동|서초1동|NH6696|래미안|7982|2|3|0.151|0.099|0.025|0.084|0.018|0.008|0.003|0.075|0.113|0.141|0.078|0.04|0.051|0.098|0.015
202408|47|11170|42110000|2614000000|인천|서초구|서초동|역삼1동|NH1296|자이|18022|2|3|0.049|0.031|0.097|0.076|0.029|0.12|0.029|0.165|0.005|0.037|0.053|0.181|0.048|0.019|0.062
202408|45|11110|44130000|1111000000|인천|성남시|역삼동|서초1동|NH6458|래미안|7701|1|4|0.076|0.06|0.194|0.03|0.015|0.075|0.116|0.02|0.028|0.041|0.006|0.028|0.01|0.154|0.15
202408|45|11140|28110000|1117000000|인천|강남구|인계동|서초1동|NH5384|푸르지오|11243|1|3|0.066|0.159|0.115|0.096|0.064|0.0|0.052|0.038|0.067|0.039|0.024|0.129|0.119|0.014|0.018
202408|44|41150|45110000|1117000000|부산|수원시|역삼동|서초1동|NH9568|푸르지오|12127|1|6|0.101|0.001|0.105|0.192|0.089|0.038|0.08|0.013|0.054|0.034|0.096|0.048|0.05|0.032|0.068
202408|41|41130|44130000|4311000000|경기|수원시|인계동|서초1동|NH3820|힐스테이트|12616|2|3|0.017|0.191|0.055|0.016|0.153|0.13|0.091|0.012|0.052|0.024|0.051|0.064|0.077|0.011|0.056
202408|47|42110|46110000|1114000000|인천|성남시|역삼동|서초1동|NH6800|푸르지오|7951|2|6|0.062|0.121|0.044|0.039|0.036|0.008|0.115|0.077|0.133|0.047|0.086|0.063|0.012|0.11|0.049
202408|46|28110|11170000|4211000000|서울|수원시|역삼동|서초1동|NH6034|자이|16407|1|3|0.035|0.031|0.038|0.05|0.075|0.094|0.06|0.13|0.077|0.002|0.305|0.038|0.03|0.001|0.032
202408|46|47110|26110000|4115000000|부산|성남시|역삼동|역삼1동|NH9384|자이|12496|2|6|0.037|0.072|0.014|0.024|0.076|0.007|0.001|0.175|0.115|0.044|0.168|0.09|0.031|0.034|0.112
202408|11|46110|26110000|4113000000|인천|수원시|역삼동|역삼1동|NH5327|자이|17478|2|4|0.023|0.203|0.1|0.067|0.005|0.128|0.0|0.027|0.008|0.168|0.009|0.083|0.03|0.024|0.124
202408|44|11110|41130000|1117000000|경기|강남구|서초동|역삼1동|NH7322|힐스테이트|8014|1|4|0.335|0.002|0.041|0.049|0.028|0.033|0.06|0.079|0.01|0.048|0.012|0.057|0.152|0.01|0.083
202408|11|11200|43110000|1114000000|서울|강남구|서초동|역삼1동|NH4323|힐스테이트|12335|2|4|0.023|0.174|0.028|0.022|0.126|0.003|0.088|0.076|0.005|0.049|0.271|0.057|0.048|0.002|0.028
202408|46|45110|11140000|4413000000|인천|강남구|역삼동|서초1동|NH5624|힐스테이트|15569|1|4|0.012|0.001|0.055|0.107|0.031|0.013|0.136|0.188|0.059|0.167|0.014|0.061|0.071|0.033|0.052
202408|43|42110|44130000|2614000000|서울|강남구|서초동|역삼1동|NH9618|래미안|15596|2|6|0.126|0.05|0.215|0.082|0.062|0.134|0.009|0.018|0.038|0.013|0.008|0.102|0.001|0.041|0.1
202408|41|42110|46110000|4611000000|부산|서초구|서초동|서초1동|NH1368|푸르지오|12540|x|4|0.015|0.123|0.059|0.07|0.078|0.177|0.059|0.06|0.027|0.085|0.077|0.007|0.127|0.022|0.015
202408|41|44130|11140000|4711000000|서울|서초구|역삼동|역삼1동|NH8378|푸르지오|11579|2|6|0.119|0.107|0.037|0.115|0.059|0.081|0.018|0.092|0.046|0.037|0.029|0.032|0.156|0.047|0.024
202408|42|11170|47110000|4113000000|부산|강남구|인계동|역삼1동|NH9753|푸르지오|18052|2|3|0.031|0.081|0.067|0.009|0.111|0.072|0.047|0.015|0.004|0.043|0.035|0.044|0.011|0.007|0.423
202408|47|11140|41110000|4113000000|인천|성남시|인계동|서초1동|NH5684|래미안|18211|1|5|0.05|0.015|0.05|0.16|0.217|0.064|0.018|0.016|0.018|0.063|0.106|0.007|0.147|0.048|0.021
202408|11|26110|11200000|4111000000|부산|강남구|인계동|서초1동|NH8275|자이|7066|2|4|0.134|0.037|0.139|0.016|0.109|0.127|0.028|0.109|0.003|0.008|0.027|0.159|0.019|0.079|0.006
202408|41|27110|26140000|4711000000|서울|성남시|역삼동|서초1동|NH7510|자이|14944|2|3|0.003|0.002|0.026|0.053|0.041|0.003|0.29|0.235|0.014|0.006|0.013|0.032|0.131|0.128|0.025
202408|26|43110|11110000|4115000000|부산|수원시|인계동|역삼1동|NH8978|자이|18367|2|2|0.136|0.083|0.028|0.01|0.281|0.066|0.003|0.009|0.057|0.002|0.038|0.189|0.057|0.035|0.005
202408|46|43110|11200000|2614000000|부산|성남시|서초동|역삼1동|NH8890|래미안|7859|2|3|0.059|0.035|0.046|0.032|0.08|0.091|0.075|0.144|0.048|0.019|0.06|0.008|0.198|0.01|0.094
202408|42|26140|43110000|2611000000|부산|성남시|서초동|서초1동|NH2607|푸르지오|19735|1|6|0.014|0.011|0.028|0.174|0.024|0.19|0.034|0.141|0.076|0.103|0.049|0.044|0.041|0.055|0.016
202408|26|11140|45110000|2811000000|서울|수원시|인계동|서초1동|NH7368|힐스테이트|5943|1|6|0.084|0.07|0.077|0.065|0.004|0.036|0.113|0.015|0.105|0.056|0.136|0.038|0.103|0.074|0.025
202408|11|44130|26110000|4511000000|경기|수원시|서초동|역삼1동|NH9612|래미안|11741|2|6|0.085|0.099|0.008|0.06|0.044|0.082|0.006|0.018|0.218|0.054|0.095|0.004|0.03|0.012|0.186
202408|43|11170|45110000|2611000000|서울|수원시|서초동|역삼1동|NH4646|래미안|9354|1|6|0.036|0.043|0.05|0.253|0.003|0.052|0.045|0.003|0.111|0.065|0.019|0.001|0.129|0.133|0.058
202408|45|41130|27110000|4311000000|경기|수원시|서초동|서초1동|NH4643|힐스테이트|2133|2|4|0.037|0.019|0.17|0.0|0.064|0.186|0.12|0.147|0.045|0.005|0.028|0.006|0.005|0.116|0.05
202408|41|26140|27110000|1114000000|인천|수원시|서초동|서초1동|NH6706|래미안|19451|2|3|0.154|0.047|0.023|0.07|0.114|0.121|0.042|0.1|0.014|0.037|0.009|0.071|0.138|0.048|0.014
