기준연월|고객행정구역분류시도코드|고객행정구역분류시군구코드|고객행정구역분류코드|고객법정동코드|고객행정구역분류시도명|고객행정구역분류시군구명|고객행정구역분류명|고객법정동명|통합카드아파트단지코드|통합카드아파트단지명|연평균소득금액|통합카드성별코드|통합카드10세단위연령코드|영화관심비율|건강관심비율|게임관심비율|골프관심비율|독서관심비율|레저관심비율|뷰티관심비율|쇼핑관심비율|애완동물관심비율|여행관심비율|예술관심비율|온라인쇼핑관심비율|육아관심비율|식도락관심비율|자동차관심비율
202410|27|44130|11110000|2711000000|부산|강남구|서초동|서초1동|NH5805|래미안|2124|2|6|0.015|0.034|0.06|0.091|0.006|0.057|0.027|0.174|0.079|0.022|0.056|0.015|0.05|0.047|0.265
202410|44|47110|44130000|4113000000|인천|강남구|서초동|역삼1동|NH8393|힐스테이트|17667|1|5|0.067|0.043|0.064|0.034|0.015|0.011|0.03|0.023|0.065|0.107|0.097|0.093|0.008|0.271|0.073
202410|44|26110|41110000|1117000000|부산|성남시|서초동|서초1동|NH1013|래미안|8330|x|5|0.043|0.027|0.171|0.221|0.106|0.12|0.022|0.012|0.006|0.04|0.021|0.094|0.008|0.071|0.038
202410|41|26140|42110000|4211000000|부산|강남구|서초동|서초1동|NH3125|힐스테이트|5946|1|2|0.035|0.122|0.04|0.035|0.069|0.022|0.004|0.044|0.146|0.022|0.087|0.059|0.178|0.071|0.065
202410|44|41110|45110000|1120000000|부산|서초구|인계동|역삼1동|NH5745|푸르지오|19527|1|4|0.0|0.091|0.033|0.249|0.118|0.024|0.069|0.03|0.012|0.002|0.078|0.09|0.033|0.07|0.1
202410|41|11170|44130000|4311000000|부산|강남구|인계동|역삼1동|NH3000|푸르지오|18580|1|6|0.035|0.069|0.023|0.041|0.026|0.026|0.092|0.101|0.096|0.012|0.021|0.286|0.072|0.089|0.013
202410|44|42110|43110000|4711000000|경기|서초구|역삼동|역삼1동|NH1788|래미안|17812|1|2|0.076|0.075|0.131|0.02|0.188|0.029|0.041|0.214|0.008|0.046|0.042|0.052|0.01|0.047|0.021
202410|45|11140|47110000|4111000000|인천|서초구|역삼동|역삼1동|NH6750|푸르지오|18749|x|5|0.032|0.041|0.057|0.029|0.14|0.055|0.046|0.174|0.003|0.088|0.029|0.019|0.076|0.159|0.053
202410|26|43110|45110000|4211000000|서울|수원시|인계동|역삼1동|NH8422|힐스테이트|12288|1|2|0.03|0.005|0.058|0.089|0.227|0.242|0.015|0.034|0.017|0.052|0.107|0.018|0.008|0.004|0.095
202410|42|41130|41130000|4511000000|인천|서초구|인계동|역삼1동|NH9667|자이|5975|1|6|0.02|0.03|0.02|0.051|0.002|0.359|0.15|0.043|0.095|0.024|0.129|0.019|0.019|0.018|0.02
202410|27|26140|26140000|4311000000|경기|서초구|서초동|서초1동|NH3132|자이|10928|2|5|0.013|0.016|0.011|0.044|0.029|0.122|0.151|0.192|0.038|0.002|0.028|0.062|0.0|0.237|0.055
202410|27|11110|26140000|4211000000|부산|성남시|인계동|서초1동|NH3474|푸르지오|14507|2|4|0.088|0.021|0.009|0.078|0.057|0.09|0.066|0.045|0.001|0.016|0.024|0.215|0.053|0.007|0.231
202410|43|41150|11140000|1117000000|인천|수원시|서초동|역삼1동|NH3579|힐스테이트|13945|2|3|0.083|0.069|0.044|0.123|0.023|0.175|0.016|0.131|0.163|0.011|0.076|0.045|0.035|0.001|0.005
202410|46|11170|26140000|4311000000|경기|강남구|역삼동|역삼1동|NH2330|래미안|12092|1|5|0.001|0.003|0.071|0.13|0.035|0.02|0.099|0.068|0.088|0.085|0.2|0.037|0.044|0.003|0.118
202410|46|11200|45110000|4211000000|부산|성남시|인계동|역삼1동|NH7102|힐스테이트|15474|1|4|0.029|0.09|0.034|0.15|0.038|0.049|0.005|0.017|0.031|0.012|0.139|0.116|0.012|0.074|0.204
202410|11|11170|11110000|2611000000|서울|서초구|서초동|역삼1동|NH3743|힐스테이트|12336|2|2|0.028|0.058|0.005|0.096|0.132|0.009|0.055|0.009|0.052|0.057|0.027|0.041|0.375|0.032|0.023
202410|41|27110|47110000|4413000000|경기|성남시|인계동|역삼1동|NH5517|힐스테이트|15631|2|5|0.026|0.016|0.111|0.003|0.061|0.124|0.22|0.086|0.049|0.003|0.03|0.043|0.152|0.019|0.056
202410|47|41110|41110000|2711000000|부산|강남구|서초동|서초1동|NH6721|푸르지오|11753|1|4|0.017|0.052|0.061|0.084|0.073|0.103|0.025|0.031|0.073|0.053|0.1|0.056|0.029|0.227|0.015
202410|27|46110|47110000|2614000000|부산|성남시|인계동|서초1동|NH7728|자이|13808|2|6|0.019|0.179|0.089|0.05|0.11|0.029|0.062|0.007|0.077|0.004|0.052|0.06|0.023|0.195|0.042
202410|47|41110|41130000|2711000000|서울|서초구|역삼동|서초1동|NH2084|힐스테이트|2334|2|4|0.026|0.054|0.005|0.04|0.063|0.009|0.088|0.066|0.251|0.101|0.023|0.182|0.03|0.02|0.042
202410|45|46110|42110000|4413000000|부산|강남구|인계동|서초1동|NH9146|푸르지오|3760|1|5|0.084|0.002|0.166|0.027|0.175|0.073|0.098|0.034|0.063|0.129|0.029|0.016|0.077|0.004|0.023
202410|41|27110|11110000|2611000000|서울|강남구|인계동|서초1동|NH4426|힐스테이트|18546|1|4|0.038|0.044|0.028|0.021|0.038|0.058|0.124|0.044|0.065|0.088|0.132|0.051|0.199|0.004|0.068
202410|41|11200|11200000|4111000000|서울|성남시|인계동|역삼1동|NH5586|힐스테이트|17991|2|6|0.074|0.081|0.005|0.05|0.002|0.028|0.056|0.023|0.266|0.06|0.047|0.029|0.122|0.043|0.114
202410|46|28110|45110000|1111000000|경기|서초구|서초동|역삼1동|NH4241|힐스테이트|4862|2|6|0.036|0.045|0.047|0.036|0.123|0.142|0.152|0.068|0.058|0.075|0.003|0.012|0.07|0.131|0.002
202410|46|26110|11170000|4711000000|서울|수원시|역삼동|서초1동|NH5689|푸르지오|5079|2|5|0.055|0.109|0.2|0.219|0.013|0.007|0.026|0.002|0.034|0.038|0.093|0.063|0.042|0.058|0.04
202410|45|11110|45110000|1114000000|인천|수원시|인계동|서초1동|NH8572|래미안|3157|2|5|0.001|0.051|0.015|0.019|0.056|0.0|0.192|0.156|0.054|0.156|0.102|0.125|0.055|0.008|0.01
202410|43|44130|46110000|4511000000|부산|성남시|역삼동|역삼1동|NH4985|푸르지오|17558|1|4|0.05|0.016|0.071|0.133|0.007|0.052|0.077|0.16|0.151|0.023|0.051|0.0|0.055|0.102|0.05
202410|43|46110|11140000|4311000000|경기|성남시|역삼동|서초1동|NH7658|래미안|7763|x|5|0.125|0.035|0.13|0.075|0.021|0.07|0.007|0.015|0.141|0.015|0.191|0.081|0.009|0.028|0.057
202410|27|11140|41110000|4511000000|부산|서초구|인계동|서초1동|NH9353|자이|4957|1|4|0.027|0.021|0.034|0.15|0.029|0.087|0.003|0.026|0.108|0.143|0.141|0.044|0.077|0.068|0.041
202410|27|41130|28110000|4311000000|서울|수원시|역삼동|서초1동|NH5779|푸르지오|7685|1|6|0.043|0.074|0.005|0.033|0.04|0.227|0.045|0.131|0.019|0.028|0.137|0.036|0.06|0.021|0.099
202410|43|45110|28110000|4711000000|부산|수원시|역삼동|서초1동|NH1785|푸르지오|16882|1|4|0.069|0.344|0.014|0.057|0.009|0.12|0.023|0.002|0.028|0.025|0.071|0.006|0.08|0.145|0.009
202410|43|11140|11200000|4611000000|경기|수원시|역삼동|역삼1동|NH4182|래미안|16383|1|4|0.048|0.034|0.025|0.037|0.022|0.179|0.081|0.019|0.173|0.005|0.015|0.117|0.013|0.227|0.006
202410|27|11140|28110000|1117000000|인천|수원시|역삼동|서초1동|NH8497|래미안|19504|1|3|0.14|0.21|0.044|0.051|0.044|0.085|0.006|0.025|0.07|0.043|0.069|0.026|0.026|0.053|0.107
202410|41|47110|41130000|2811000000|부산|강남구|서초동|역삼1동|NH2799|자이|12059|1|5|0.053|0.007|0.085|0.021|0.215|0.087|0.026|0.157|0.055|0.03|0.047|0.026|0.055|0.016|0.119
202410|27|28110|44130000|4115000000|부산|수원시|역삼동|서초1동|NH2953|힐스테이트|14906|2|5|0.019|0.038|0.01|0.11|0.001|0.161|0.09|0.273|0.002|0.041|0.073|0.064|0.006|0.005|0.106
202410|27|26140|41150000|4413000000|서울|강남구|서초동|역삼1동|NH6190|힐스테이트|17132|1|3|0.09|0.044|0.053|0.042|0.136|0.025|0.047|0.003|0.191|0.039|0.055|0.002|0.054|0.155|0.065
202410|44|44130|45110000|4115000000|부산|서초구|역삼동|역삼1동|NH1917|래미안|10595|2|6|0.037|0.144|0.092|0.032|0.105|0.111|0.084|0.023|0.123|0.009|0.007|0.143|0.008|0.022|0.062
202410|41|26110|11140000|1117000000|인천|서초구|인계동|서초1동|NH6488|래미안|10527|1|3|0.002|0.035|0.034|0.056|0.004|0.046|0.016|0.072|0.008|0.22|0.058|0.001|0.073|0.028|0.348
202410|26|28110|41110000|1114000000|서울|수원시|서초동|서초1동|NH2973|힐스테이트|11100|1|5|0.081|0.11|0.003|0.216|0.061|0.047|0.032|0.169|0.048|0.014|0.06|0.041|0.007|0.064|0.046
202410|44|11140|43110000|1114000000|부산|성남시|서초동|서초1동|NH1148|힐스테이트|2103|x|6|0.022|0.102|0.098|0.055|0.029|0.072|0.013|0.005|0.018|0.124|0.029|0.076|0.074|0.23|0.054
202410|41|42110|43110000|2614000000|인천|서초구|서초동|역삼1동|NH9717|자이|19444|2|4|0.019|0.033|0.07|0.047|0.105|0.081|0.064|0.023|0.151|0.024|0.057|0.11|0.007|0.183|0.026
202410|47|43110|41110000|1114000000|부산|강남구|역삼동|서초1동|NH8969|힐스테이트|13484|1|5|0.205|0.038|0.048|0.007|0.031|0.115|0.1|0.083|0.129|0.106|0.051|0.068|0.008|0.01|0.001
202410|46|41130|11170000|4511000000|서울|수원시|인계동|역삼1동|NH4082|힐스테이트|6155|2|4|0.068|0.001|0.038|0.089|0.118|0.126|0.028|0.097|0.165|0.014|0.076|0.061|0.001|0.022|0.097
202410|46|44130|43110000|4211000000|서울|서초구|서초동|역삼1동|NH7838|자이|11223|1|6|0.037|0.296|0.074|0.054|0.08|0.07|0.027|0.052|0.027|0.014|0.21|0.005|0.018|0.007|0.029
202410|47|11140|41110000|2811000000|경기|강남구|서초동|서초1동|NH2558|힐스테이트|8718|2|3|0.037|0.179|0.009|0.009|0.158|0.029|0.095|0.092|0.095|0.103|0.007|0.095|0.08|0.005|0.007
202410|44|41150|47110000|2614000000|부산|서초구|역삼동|서초1동|NH4896|래미안|4173|2|5|0.001|0.109|0.054|0.071|0.017|0.111|0.066|0.002|0.067|0.042|0.204|0.114|0.039|0.095|0.007
202410|27|43110|45110000|1117000000|인천|성남시|역삼동|서초1동|NH1316|힐스테이트|2315|1|3|0.013|0.004|0.09|0.061|0.011|0.037|0.057|0.031|0.043|0.08|0.001|0.09|0.067|0.202|0.211
202410|44|42110|26110000|2711000000|서울|성남시|인계동|역삼1동|NH4569|자이|7527|1|3|0.314|0.046|0.006|0.001|0.039|0.0|0.121|0.069|0.016|0.079|0.185|0.003|0.021|0.074|0.025
202410|27|43110|44130000|4511000000|인천|서초구|역삼동|역삼1동|NH2099|자이|11906|1|4|0.023|0.014|0.05|0.078|0.04|0.05|0.122|0.082|0.091|0.057|0.006|0.01|0.289|0.004|0.083
202410|11|42110|28110000|1117000000|서울|성남시|서초동|서초1동|NH9885|자이|9330|2|5|0.041|0.049|0.216|0.205|0.017|0.082|0.002|0.042|0.021|0.019|0.012|0.145|0.018|0.015|0.116
202410|41|27110|41110000|2611000000|인천|수원시|역삼동|서초1동|NH9246|래미안|5295|x|5|0.075|0.04|0.012|0.017|0.114|0.038|0.018|0.075|0.171|0.079|0.05|0.001|0.025|0.109|0.176
202410|44|26140|26140000|4413000000|서울|성남시|역삼동|역삼1동|NH6566|자이|12519|1|4|0.139|0.02|0.082|0.033|0.024|0.122|0.061|0.167|0.001|0.0|0.134|0.111|0.032|0.058|0.015
202410|46|27110|27110000|2811000000|경기|서초구|인계동|역삼1동|NH8346|자이|8166|2|3|0.1|0.044|0.207|0.12|0.044|0.032|0.017|0.056|0.026|0.087|0.009|0.064|0.092|0.08|0.023
202410|27|44130|41110000|2711000000|경기|수원시|서초동|역삼1동|NH9655|래미안|4145|2|5|0.097|0.128|0.0|0.024|0.066|0.024|0.033|0.016|0.025|0.167|0.164|0.037|0.103|0.0|0.115
202410|45|28110|28110000|2614000000|부산|강남구|서초동|서초1동|NH3253|래미안|7807|2|5|0.15|0.005|0.023|0.022|0.15|0.031|0.003|0.172|0.247|0.063|0.005|0.007|0.033|0.037|0.054
202410|47|11170|11110000|4111000000|부산|수원시|인계동|역삼1동|NH5812|힐스테이트|18175|2|5|0.113|0.011|0.014|0.065|0.074|0.052|0.102|0.034|0.072|0.299|0.009|0.013|0.002|0.108|0.031
202410|45|26110|44130000|4115000000|부산|강남구|서초동|역삼1동|NH2584|래미안|15769|2|3|0.082|0.039|0.128|0.001|0.048|0.02|0.021|0.067|0.06|0.047|0.009|0.045|0.059|0.363|0.011
202410|27|26140|11200000|2614000000|경기|수원시|인계동|서초1동|NH7979|푸르지오|6938|1|6|0.085|0.034|0.122|0.004|0.063|0.026|0.161|0.015|0.069|0.066|0.072|0.16|0.002|0.111|0.01
202410|44|41110|11170000|1114000000|부산|서초구|서초동|서초1동|NH4458|푸르지오|9430|1|3|0.087|0.02|0.017|0.008|0.186|0.262|0.032|0.023|0.038|0.025|0.085|0.018|0.01|0.12|0.067
202410|47|41130|43110000|4211000000|서울|서초구|서초동|서초1동|NH3934|힐스테이트|19882|2|3|0.006|0.134|0.007|0.005|0.136|0.028|0.005|0.048|0.02|0.143|0.071|0.13|0.059|0.166|0.041
202410|43|28110|41110000|2614000000|경기|성남시|인계동|역삼1동|NH7962|힐스테이트|4617|x|6|0.075|0.021|0.002|0.021|0.041|0.011|0.11|0.042|0.034|0.211|0.149|0.019|0.106|0.088|0.07
202410|45|41110|11140000|1114000000|부산|강남구|인계동|역삼1동|NH7179|푸르지오|12742|1|3|0.102|0.104|0.008|0.016|0.191|0.034|0.154|0.114|0.051|0.016|0.005|0.068|0.113|0.013|0.013
202410|46|27110|11200000|4115000000|경기|서초구|인계동|역삼1동|NH1248|래미안|7258|2|4|0.023|0.008|0.143|0.066|0.098|0.119|0.063|0.094|0.0|0.0|0.013|0.018|0.202|0.117|0.036
202410|41|27110|11110000|1117000000|인천|강남구|역삼동|역삼1동|NH1510|힐스테이트|13391|1|2|0.107|0.041|0.002|0.163|0.008|0.008|0.236|0.009|0.032|0.149|0.168|0.021|0.01|0.04|0.006
202410|46|11170|11140000|4115000000|서울|서초구|역삼동|역삼1동|NH9541|푸르지오|7017|2|4|0.101|0.057|0.089|0.046|0.036|0.043|0.12|0.026|0.1|0.082|0.07|0.082|0.015|0.043|0.089
202410|41|26110|11170000|2614000000|서울|수원시|서초동|역삼1동|NH3253|푸르지오|19800|1|2|0.029|0.054|0.031|0.047|0.004|0.143|0.101|0.093|0.036|0.145|0.03|0.129|0.008|0.128|0.024
202410|43|11110|45110000|4111000000|경기|서초구|역삼동|역삼1동|NH3832|자이|19928|1|6|0.02|0.012|0.001|0.03|0.061|0.174|0.013|0.09|0.097|0.001|0.22|0.002|0.007|0.2|0.071
202410|45|11170|47110000|1114000000|인천|성남시|역삼동|서초1동|NH1978|래미안|5904|1|4|0.047|0.018|0.065|0.006|0.018|0.022|0.023|0.103|0.055|0.035|0.07|0.044|0.217|0.098|0.18
202410|42|45110|27110000|4413000000|부산|강남구|인계동|서초1동|NH4779|푸르지오|3727|1|5|0.153|0.024|0.008|0.032|0.069|0.119|0.008|0.056|0.043|0.254|0.022|0.086|0.063|0.057|0.008
202410|45|41150|46110000|1117000000|인천|강남구|인계동|역삼1동|NH9494|자이|6716|x|4|0.311|0.023|0.022|0.001|0.069|0.038|0.048|0.151|0.007|0.042|0.013|0.114|0.054|0.02|0.087
202410|11|42110|46110000|2811000000|서울|서초구|역삼동|서초1동|NH3302|힐스테이트|8212|1|4|0.037|0.142|0.042|0.005|0.069|0.027|0.177|0.116|0.017|0.013|0.052|0.077|0.043|0.091|0.091
202410|11|41110|41150000|1120000000|경기|강남구|인계동|서초1동|NH8203|힐스테이트|11522|1|3|0.072|0.034|0.068|0.028|0.169|0.087|0.011|0.221|0.024|0.024|0.013|0.02|0.116|0.106|0.006
202410|44|45110|11140000|2711000000|부산|수원시|서초동|서초1동|NH5429|힐스테이트|4256|x|4|0.029|0.192|0.006|0.146|0.034|0.104|0.075|0.034|0.061|0.02|0.099|0.03|0.094|0.007|0.069
202410|44|42110|43110000|2711000000|부산|강남구|역삼동|역삼1동|NH8671|자이|5406|2|5|0.058|0.186|0.004|0.006|0.04|0.159|0.066|0.038|0.007|0.045|0.128|0.073|0.008|0.129|0.051
202410|27|11170|46110000|4611000000|인천|강남구|인계동|서초1동|NH3579|래미안|2639|2|5|0.004|0.096|0.007|0.019|0.089|0.129|0.191|0.033|0.051|0.041|0.123|0.051|0.078|0.006|0.081
202410|44|41110|11140000|4511000000|부산|성남시|서초동|역삼1동|NH1340|래미안|13591|1|6|0.035|0.06|0.024|0.008|0.126|0.144|0.034|0.061|0.028|0.185|0.031|0.069|0.136|0.044|0.016
202410|45|26140|11110000|4111000000|서울|서초구|인계동|서초1동|NH7099|자이|3462|2|6|0.203|0.059|0.091|0.121|0.018|0.011|0.033|0.234|0.034|0.021|0.049|0.001|0.065|0.034|0.027
202410|41|26140|45110000|4711000000|부산|성남시|인계동|역삼1동|NH2906|힐스테이트|9975|2|3|0.004|0.03|0.046|0.021|0.014|0.124|0.035|0.002|0.118|0.003|0.185|0.038|0.118|0.123|0.138
202410|41|11200|46110000|4611000000|경기|강남구|서초동|역삼1동|NH6369|푸르지오|10627|2|3|0.017|0.063|0.072|0.023|0.029|0.15|0.078|0.06|0.057|0.089|0.003|0.198|0.037|0.015|0.11
202410|11|11110|27110000|4413000000|경기|수원시|인계동|역삼1동|NH9592|자이|3633|1|2|0.039|0.0|0.002|0.055|0.012|0.125|0.002|0.273|0.02|0.012|0.339|0.006|0.046|0.006|0.063
202410|44|43110|46110000|2611000000|서울|서초구|인계동|역삼1동|NH1661|힐스테이트|13905|2|4|0.001|0.103|0.109|0.082|0.06|0.016|0.017|0.036|0.053|0.068|0.005|0.109|0.22|0.08|0.041
202410|45|42110|11200000|1117000000|인천|서초구|인계동|역삼1동|NH5357|자이|17996|1|6|0.0|0.254|0.044|0.05|0.013|0.02|0.192|0.041|0.006|0.095|0.023|0.027|0.185|0.004|0.045
202410|47|27110|27110000|4711000000|서울|성남시|인계동|서초1동|NH1461|래미안|14328|2|2|0.032|0.034|0.145|0.109|0.033|0.002|0.075|0.158|0.005|0.099|0.013|0.06|0.017|0.204|0.013
202410|26|28110|11110000|4111000000|부산|성남시|서초동|역삼1동|NH7661|푸르지오|11218|1|4|0.009|0.065|0.172|0.025|0.089|0.059|0.034|0.03|0.059|0.109|0.08|0.08|0.016|0.063|0.109
202410|47|43110|28110000|2611000000|서울|수원시|역삼동|서초1동|NH1745|푸르지오|4269|1|5|0.065|0.112|0.242|0.101|0.008|0.061|0.066|0.068|0.109|0.002|0.007|0.077|0.02|0.005|0.057
202410|47|45110|44130000|2611000000|인천|서초구|역삼동|역삼1동|NH3556|힐스테이트|10886|1|5|0.148|0.059|0.07|0.112|0.097|0.102|0.096|0.06|0.017|0.009|0.009|0.002|0.005|0.012|0.202
202410|46|11170|44130000|2614000000|경기|성남시|인계동|서초1동|NH4842|푸르지오|10439|2|3|0.268|0.092|0.002|0.016|0.005|0.054|0.047|0.038|0.12|0.016|0.018|0.063|0.076|0.073|0.11
202410|45|26140|26140000|4413000000|서울|강남구|서초동|역삼1동|NH8070|자이|12402|1|3|0.005|0.019|0.025|0.065|0.075|0.035|0.016|0.049|0.052|0.089|0.239|0.016|0.193|0.054|0.066
202410|44|42110|26140000|2611000000|경기|강남구|역삼동|역삼1동|NH9593|자이|15858|2|3|0.027|0.0|0.1|0.242|0.002|0.033|0.052|0.119|0.087|0.063|0.059|0.085|0.059|0.059|0.014
202410|27|41110|46110000|1117000000|인천|강남구|인계동|서초1동|NH9206|자이|19538|2|4|0.056|0.109|0.075|0.012|0.018|0.131|0.062|0.018|0.019|0.052|0.01|0.186|0.01|0.197|0.043
202410|27|11140|27110000|1117000000|부산|서초구|역삼동|서초1동|NH1781|힐스테이트|14417|x|5|0.047|0.12|0.101|0.147|0.115|0.013|0.095|0.023|0.045|0.006|0.004|0.007|0.006|0.016|0.254
202410|45|47110|47110000|1114000000|서울|강남구|역삼동|서초1동|NH6532|힐스테이트|17088|2|5|0.016|0.153|0.038|0.154|0.13|0.016|0.06|0.036|0.049|0.026|0.02|0.067|0.036|0.019|0.179
202410|41|42110|26140000|1117000000|경기|강남구|역삼동|역삼1동|NH6796|래미안|6309|2|4|0.172|0.059|0.079|0.051|0.126|0.019|0.046|0.115|0.063|0.009|0.056|0.045|0.079|0.075|0.006
202410|41|26140|41130000|4511000000|부산|수원시|인계동|서초1동|NH8142|자이|9152|1|3|0.048|0.053|0.017|0.02|0.044|0.25|0.049|0.038|0.006|0.034|0.024|0.085|0.098|0.084|0.15
202410|45|11200|46110000|4413000000|인천|성남시|역삼동|서초1동|NH5465|자이|17807|1|3|0.124|0.036|0.229|0.013|0.027|0.183|0.006|0.018|0.125|0.006|0.07|0.094|0.049|0.019|0.0
202410|42|41110|41150000|1117000000|경기|수원시|역삼동|역삼1동|NH8135|푸르지오|12493|x|5|0.051|0.063|0.054|0.006|0.118|0.009|0.015|0.075|0.051|0.056|0.083|0.015|0.301|0.067|0.036
202410|27|11170|11110000|4311000000|부산|수원시|역삼동|역삼1동|NH4941|힐스테이트|14541|1|4|0.041|0.08|0.12|0.042|0.106|0.214|0.029|0.006|0.0|0.024|0.137|0.125|0.06|0.006|0.009
202410|45|41130|11110000|4511000000|경기|강남구|역삼동|서초1동|NH6849|래미안|18747|2|2|0.018|0.019|0.009|0.089|0.112|0.197|0.034|0.153|0.042|0.073|0.006|0.062|0.089|0.013|0.085
202410|42|26140|43110000|4311000000|부산|수원시|서초동|서초1동|NH7392|자이|8509|2|5|0.046|0.016|0.409|0.002|0.009|0.131|0.034|0.009|0.111|0.012|0.042|0.004|0.045|0.038|0.092
202410|41|43110|26140000|4311000000|서울|성남시|인계동|서초1동|NH5945|힐스테이트|17400|2|3|0.036|0.04|0.05|0.026|0.069|0.017|0.024|0.117|0.313|0.085|0.016|0.025|0.036|0.029|0.118
202410|47|27110|47110000|1117000000|경기|강남구|역삼동|서초1동|NH4449|래미안|13115|1|5|0.005|0.003|0.064|0.076|0.253|0.109|0.028|0.055|0.073|0.002|0.077|0.072|0.044|0.122|0.016
202410|44|11110|26140000|4311000000|경기|강남구|역삼동|역삼1동|NH6489|푸르지오|7870|2|5|0.072|0.001|0.07|0.052|0.001|0.012|0.169|0.04|0.081|0.032|0.051|0.043|0.333|0.034|0.009
202410|27|28110|41150000|2614000000|부산|수원시|인계동|역삼1동|NH4046|힐스테이트|6383|1|2|0.109|0.032|0.081|0.027|0.041|0.097|0.019|0.145|0.087|0.017|0.033|0.088|0.032|0.052|0.141
202410|41|11170|11110000|1120000000|인천|서초구|역삼동|역삼1동|NH1552|래미안|3363|1|3|0.113|0.074|0.005|0.044|0.131|0.09|0.051|0.012|0.092|0.006|0.129|0.025|0.105|0.058|0.064
202410|47|46110|41130000|2811000000|서울|수원시|인계동|서초1동|NH1711|자이|10783|2|6|0.009|0.078|0.018|0.029|0.015|0.216|0.358|0.065|0.028|0.004|0.046|0.008|0.051|0.033|0.041
202410|27|27110|41130000|4113000000|부산|수원시|서초동|역삼1동|NH4585|자이|17323|1|5|0.062|0.0|0.06|0.125|0.061|0.011|0.042|0.112|0.053|0.123|0.108|0.105|0.058|0.036|0.045
202410|27|26140|41110000|4413000000|인천|성남시|역삼동|서초1동|NH9312|래미안|5456|2|3|0.061|0.022|0.012|0.009|0.088|0.015|0.04|0.003|0.024|0.201|0.087|0.015|0.13|0.251|0.042
202410|44|26140|45110000|4113000000|서울|성남시|역삼동|서초1동|NH4220|자이|10320|1|3|0.015|0.003|0.004|0.036|0.074|0.242|0.115|0.053|0.067|0.065|0.222|0.005|0.053|0.02|0.024
202410|41|41150|11110000|2811000000|인천|강남구|역삼동|역삼1동|NH4492|자이|7730|2|4|0.072|0.04|0.01|0.241|0.099|0.031|0.001|0.067|0.013|0.173|0.095|0.004|0.008|0.136|0.012
202410|42|41110|41150000|2614000000|경기|서초구|인계동|역삼1동|NH9360|래미안|7913|1|4|0.076|0.09|0.05|0.192|0.008|0.048|0.028|0.139|0.04|0.128|0.077|0.004|0.078|0.036|0.005
202410|45|47110|11200000|4711000000|인천|강남구|인계동|역삼1동|NH1479|힐스테이트|15522|1|5|0.005|0.043|0.034|0.008|0.036|0.111|0.005|0.009|0.051|0.034|0.262|0.18|0.091|0.117|0.012
202410|44|41110|26140000|1117000000|경기|서초구|서초동|서초1동|NH7058|래미안|19967|x|5|0.124|0.034|0.174|0.023|0.053|0.01|0.063|0.015|0.045|0.047|0.069|0.022|0.241|0.002|0.079
202410|11|47110|27110000|4511000000|부산|수원시|역삼동|서초1동|NH6782|자이|18962|1|4|0.019|0.052|0.303|0.012|0.034|0.001|0.041|0.106|0.035|0.084|0.108|0.12|0.026|0.003|0.058
202410|46|47110|41150000|4611000000|경기|수원시|인계동|서초1동|NH2149|힐스테이트|10672|x|6|0.039|0.102|0.06|0.087|0.024|0.053|0.049|0.06|0.094|0.092|0.106|0.09|0.082|0.062|0.002
202410|26|45110|11200000|4111000000|부산|서초구|인계동|서초1동|NH3497|래미안|4632|1|5|0.085|0.128|0.188|0.052|0.021|0.146|0.095|0.022|0.005|0.104|0.031|0.034|0.022|0.063|0.004
202410|11|11200|41150000|2611000000|경기|수원시|서초동|서초1동|NH4486|푸르지오|15799|2|4|0.08|0.061|0.007|0.179|0.131|0.05|0.042|0.01|0.088|0.003|0.071|0.101|0.075|0.056|0.045
202410|45|42110|11110000|4211000000|인천|강남구|역삼동|역삼1동|NH7861|래미안|15021|2|4|0.074|0.002|0.082|0.017|0.073|0.111|0.197|0.054|0.068|0.028|0.097|0.071|0.047|0.065|0.014
202410|45|43110|11170000|4113000000|인천|성남시|역삼동|서초1동|NH7838|래미안|8642|1|6|0.021|0.119|0.074|0.117|0.007|0.033|0.078|0.0|0.106|0.116|0.073|0.034|0.037|0.169|0.014
202410|47|45110|11140000|4511000000|부산|강남구|인계동|서초1동|NH1366|래미안|16192|2|6|0.212|0.026|0.007|0.017|0.058|0.034|0.14|0.177|0.004|0.073|0.015|0.015|0.174|0.036|0.014
202410|11|26110|27110000|4511000000|부산|수원시|인계동|역삼1동|NH7550|래미안|7177|1|6|0.114|0.084|0.03|0.002|0.094|0.041|0.16|0.074|0.028|0.1|0.105|0.131|0.002|0.031|0.004
202410|44|11170|11110000|2614000000|서울|성남시|서초동|역삼1동|NH2834|푸르지오|2145|x|4|0.027|0.085|0.009|0.301|0.003|0.006|0.048|0.069|0.003|0.062|0.009|0.079|0.132|0.022|0.146
202410|46|41110|41110000|2614000000|부산|성남시|역삼동|서초1동|NH5394|힐스테이트|4472|2|4|0.067|0.063|0.121|0.01|0.083|0.023|0.094|0.008|0.062|0.029|0.067|0.123|0.13|0.108|0.012
202410|27|42110|43110000|1111000000|인천|수원시|인계동|역삼1동|NH7652|푸르지오|9285|x|4|0.023|0.006|0.076|0.066|0.138|0.086|0.109|0.011|0.002|0.05|0.064|0.063|0.061|0.063|0.183
202410|46|41130|11140000|4413000000|인천|성남시|서초동|역삼1동|NH4093|래미안|6743|1|4|0.172|0.109|0.034|0.048|0.075|0.01|0.048|0.306|0.008|0.018|0.06|0.027|0.028|0.016|0.043
202410|44|46110|43110000|4113000000|경기|강남구|인계동|서초1동|NH8402|자이|13139|2|6|0.044|0.176|0.058|0.025|0.195|0.037|0.006|0.034|0.014|0.03|0.015|0.145|0.136|0.064|0.019
202410|45|11110|11200000|4113000000|인천|강남구|역삼동|서초1동|NH6442|래미안|15006|2|3|0.009|0.02|0.021|0.004|0.058|0.441|0.056|0.007|0.03|0.268|0.027|0.004|0.022|0.029|0.004
202410|43|11110|47110000|4311000000|인천|수원시|서초동|서초1동|NH6676|자이|19346|1|6|0.022|0.141|0.082|0.114|0.31|0.094|0.05|0.046|0.011|0.01|0.044|0.005|0.025|0.033|0.014
202410|47|26110|26110000|2611000000|서울|성남시|인계동|서초1동|NH3930|힐스테이트|11789|1|2|0.042|0.054|0.152|0.095|0.03|0.043|0.046|0.101|0.106|0.009|0.09|0.028|0.111|0.003|0.089
202410|41|43110|27110000|4115000000|부산|서초구|서초동|서초1동|NH8696|자이|10984|1|6|0.168|0.055|0.061|0.053|0.002|0.016|0.171|0.015|0.101|0.016|0.101|0.01|0.145|0.083|0.003
202410|11|28110|46110000|2611000000|인천|강남구|인계동|역삼1동|NH5871|힐스테이트|6869|2|4|0.102|0.065|0.093|0.045|0.004|0.181|0.121|0.098|0.031|0.039|0.007|0.016|0.101|0.016|0.08
202410|43|11170|27110000|4511000000|서울|수원시|서초동|서초1동|NH3937|자이|10273|1|6|0.078|0.0|0.007|0.057|0.02|0.082|0.113|0.002|0.044|0.439|0.019|0.012|0.053|0.049|0.023
202410|45|11140|11140000|4413000000|인천|서초구|서초동|역삼1동|NH6011|자이|13920|2|5|0.032|0.012|0.072|0.077|0.038|0.17|0.01|0.068|0.001|0.09|0.233|0.001|0.012|0.159|0.024
202410|44|44130|45110000|4413000000|서울|성남시|인계동|역삼1동|NH1529|래미안|10636|1|3|0.036|0.078|0.068|0.036|0.142|0.087|0.158|0.017|0.068|0.003|0.137|0.004|0.097|0.017|0.052
202410|42|26110|45110000|4711000000|인천|성남시|서초동|서초1동|NH7987|래미안|19618|1|5|0.013|0.055|0.005|0.028|0.042|0.001|0.354|0.026|0.031|0.029|0.212|0.028|0.167|0.002|0.007
202410|43|41150|11140000|2811000000|인천|서초구|서초동|서초1동|NH2361|푸르지오|12498|2|2|0.005|0.249|0.017|0.017|0.114|0.099|0.093|0.181|0.015|0.062|0.077|0.018|0.014|0.031|0.008
202410|11|45110|26140000|4111000000|경기|성남시|역삼동|역삼1동|NH5292|푸르지오|15892|x|3|0.081|0.039|0.012|0.048|0.06|0.019|0.127|0.332|0.202|0.0|0.027|0.02|0.02|0.001|0.012
202410|45|11200|11140000|2811000000|부산|성남시|서초동|역삼1동|NH9324|푸르지오|5616|2|6|0.036|0.089|0.034|0.013|0.113|0.013|0.072|0.086|0.114|0.009|0.018|0.039|0.053|0.09|0.223
202410|42|47110|41130000|4211000000|부산|성남시|서초동|역삼1동|NH4125|푸르지오|19803|2|5|0.082|0.028|0.151|0.067|0.027|0.016|0.016|0.135|0.026|0.017|0.156|0.016|0.045|0.024|0.195
202410|27|11200|26140000|4511000000|인천|강남구|서초동|역삼1동|NH9622|자이|11299|1|4|0.055|0.128|0.012|0.137|0.076|0.013|0.104|0.016|0.069|0.069|0.033|0.026|0.069|0.162|0.032
202410|43|11200|41150000|4211000000|서울|성남시|서초동|역삼1동|NH2564|자이|19902|1|3|0.167|0.066|0.015|0.099|0.194|0.217|0.065|0.015|0.011|0.036|0.021|0.027|0.002|0.05|0.015
202410|45|11170|42110000|4115000000|경기|서초구|역삼동|역삼1동|NH8572|래미안|14573|2|5|0.009|0.018|0.028|0.034|0.03|0.01|0.268|0.052|0.145|0.162|0.006|0.148|0.042|0.005|0.042
202410|45|11110|11170000|2611000000|서울|성남시|서초동|역삼1동|NH8014|자이|9883|x|5|0.007|0.083|0.006|0.031|0.42|0.08|0.014|0.01|0.011|0.031|0.081|0.128|0.006|0.078|0.013
202410|11|44130|26140000|2811000000|경기|수원시|인계동|서초1동|NH5036|자이|18773|x|3|0.106|0.036|0.057|0.068|0.068|0.002|0.061|0.002|0.111|0.046|0.192|0.126|0.016|0.086|0.022
202410|46|11170|45110000|4311000000|인천|수원시|역삼동|역삼1동|NH8527|자이|5168|2|5|0.032|0.068|0.104|0.038|0.076|0.056|0.219|0.048|0.011|0.029|0.013|0.165|0.087|0.003|0.049
202410|27|45110|46110000|2811000000|서울|수원시|역삼동|서초1동|NH5356|자이|10289|x|5|0.022|0.051|0.017|0.07|0.156|0.091|0.01|0.122|0.03|0.039|0.0|0.092|0.183|0.077|0.04
202410|43|11170|41110000|4115000000|경기|서초구|역삼동|서초1동|NH8800|푸르지오|3432|x|4|0.03|0.264|0.074|0.043|0.055|0.068|0.121|0.024|0.068|0.038|0.011|0.124|0.071|0.002|0.006
202410|42|26110|26140000|4115000000|경기|강남구|서초동|서초1동|NH7299|자이|12032|2|3|0.071|0.006|0.019|0.039|0.055|0.022|0.003|0.236|0.165|0.003|0.019|0.148|0.093|0.042|0.078
202410|26|41130|47110000|2811000000|인천|서초구|서초동|역삼1동|NH9649|자이|3783|2|6|0.055|0.079|0.018|0.062|0.017|0.079|0.011|0.054|0.071|0.155|0.067|0.117|0.004|0.053|0.156
202410|41|41110|46110000|2811000000|인천|수원시|서초동|서초1동|NH6025|래미안|6843|2|2|0.059|0.119|0.025|0.069|0.024|0.035|0.173|0.004|0.001|0.039|0.012|0.031|0.017|0.385|0.007
202410|27|26110|26110000|1117000000|부산|수원시|인계동|서초1동|NH1344|자이|17209|1|4|0.13|0.032|0.047|0.038|0.035|0.064|0.008|0.09|0.067|0.201|0.021|0.004|0.077|0.02|0.165
202410|47|26110|42110000|4113000000|경기|강남구|서초동|역삼1동|NH5385|래미안|12210|1|3|0.051|0.271|0.02|0.008|0.087|0.061|0.063|0.07|0.009|0.008|0.104|0.085|0.003|0.047|0.113
202410|11|11110|46110000|4111000000|서울|성남시|서초동|서초1동|NH4498|자이|3360|x|4|0.047|0.068|0.068|0.014|0.038|0.035|0.063|0.106|0.179|0.13|0.068|0.042|0.054|0.019|0.068
202410|11|11170|11200000|1111000000|부산|서초구|서초동|서초1동|NH1443|자이|7251|1|5|0.087|0.053|0.111|0.098|0.007|0.0|0.012|0.045|0.036|0.048|0.011|0.066|0.031|0.049|0.345
202410|11|41110|11200000|4113000000|부산|성남시|인계동|역삼1동|NH4345|힐스테이트|10052|2|2|0.161|0.093|0.093|0.163|0.056|0.009|0.023|0.005|0.021|0.051|0.07|0.044|0.045|0.149|0.017
202410|44|45110|44130000|4115000000|서울|성남시|역삼동|서초1동|NH9531|래미안|10106|2|6|0.023|0.037|0.008|0.023|0.274|0.066|0.0|0.015|0.022|0.076|0.043|0.18|0.045|0.037|0.15
202410|45|42110|45110000|4211000000|부산|수원시|서초동|역삼1동|NH6565|래미안|3411|1|4|0.015|0.001|0.075|0.116|0.048|0.057|0.071|0.054|0.046|0.055|0.158|0.018|0.099|0.01|0.177
202410|46|11170|26110000|4711000000|부산|성남시|인계동|서초1동|NH2055|래미안|7810|1|6|0.088|0.006|0.038|0.025|0.109|0.011|0.065|0.017|0.076|0.041|0.074|0.004|0.224|0.011|0.212
202410|47|11170|46110000|4611000000|서울|서초구|인계동|서초1동|NH1067|힐스테이트|10091|1|5|0.026|0.146|0.011|0.008|0.017|0.018|0.015|0.086|0.044|0.197|0.1|0.005|0.019|0.147|0.161
202410|41|42110|11140000|1117000000|경기|성남시|서초동|서초1동|NH5875|힐스테이트|19796|2|5|0.001|0.029|0.03|0.047|0.134|0.046|0.072|0.044|0.069|0.105|0.048|0.084|0.125|0.003|0.162
202410|26|47110|43110000|2614000000|부산|강남구|서초동|역삼1동|NH7883|자이|13476|1|5|0.018|0.14|0.033|0.058|0.021|0.081|0.089|0.052|0.004|0.007|0.038|0.105|0.098|0.224|0.032
202410|43|11110|26110000|2811000000|인천|강남구|인계동|역삼1동|NH9962|힐스테이트|18429|2|2|0.074|0.057|0.057|0.066|0.004|0.066|0.066|0.195|0.187|0.027|0.095|0.039|0.008|0.003|0.054
202410|44|44130|45110000|4111000000|서울|성남시|역삼동|역삼1동|NH9647|푸르지오|15319|1|5|0.029|0.084|0.003|0.047|0.114|0.092|0.04|0.031|0.002|0.062|0.132|0.031|0.106|0.065|0.161
202410|43|26110|26140000|1111000000|부산|성남시|인계동|서초1동|NH8361|자이|4934|1|2|0.019|0.075|0.039|0.043|0.078|0.103|0.183|0.012|0.041|0.069|0.005|0.145|0.079|0.075|0.034
202410|11|26140|27110000|4413000000|인천|서초구|역삼동|역삼1동|NH7264|자이|15381|1|6|0.285|0.031|0.123|0.051|0.13|0.038|0.01|0.033|0.011|0.02|0.081|0.107|0.016|0.026|0.038
202410|11|41130|26140000|1117000000|경기|성남시|서초동|역삼1동|NH2014|래미안|5311|1|2|0.163|0.132|0.032|0.033|0.065|0.095|0.005|0.104|0.062|0.056|0.011|0.109|0.055|0.011|0.064
202410|11|26110|41130000|4111000000|부산|강남구|역삼동|서초1동|NH4156|래미안|7227|2|5|0.03|0.063|0.09|0.028|0.356|0.066|0.094|0.096|0.001|0.029|0.029|0.08|0.003|0.031|0.003
202410|46|27110|11200000|1114000000|인천|서초구|역삼동|서초1동|NH7505|자이|11996|1|2|0.012|0.098|0.104|0.093|0.04|0.042|0.014|0.166|0.08|0.015|0.129|0.138|0.004|0.058|0.006
202410|27|26140|41110000|4115000000|부산|강남구|서초동|역삼1동|NH3743|푸르지오|3420|1|5|0.013|0.042|0.026|0.109|0.073|0.219|0.034|0.038|0.161|0.03|0.042|0.051|0.088|0.034|0.038
202410|11|26140|41150000|4115000000|부산|서초구|인계동|역삼1동|NH6912|자이|8237|2|2|0.101|0.136|0.013|0.043|0.042|0.027|0.102|0.107|0.237|0.018|0.001|0.062|0.03|0.026|0.056
202410|41|41110|45110000|1111000000|인천|서초구|인계동|역삼1동|NH5518|힐스테이트|14705|2|2|0.023|0.052|0.025|0.098|0.108|0.123|0.074|0.002|0.003|0.007|0.018|0.107|0.096|0.072|0.193
202410|45|41150|27110000|1117000000|인천|성남시|인계동|서초1동|NH7909|자이|17876|1|4|0.046|0.099|0.09|0.048|0.211|0.102|0.069|0.065|0.036|0.05|0.138|0.002|0.004|0.008|0.032
202410|43|47110|11140000|4211000000|경기|수원시|인계동|서초1동|NH7168|힐스테이트|19081|1|3|0.097|0.079|0.192|0.033|0.076|0.082|0.058|0.023|0.023|0.14|0.011|0.023|0.02|0.136|0.007
202410|43|46110|44130000|4311000000|인천|서초구|역삼동|서초1동|NH1353|래미안|6319|2|6|0.047|0.416|0.038|0.04|0.033|0.005|0.034|0.027|0.025|0.039|0.006|0.21|0.05|0.027|0.002
202410|42|28110|47110000|2614000000|부산|성남시|역삼동|역삼1동|NH9997|푸르지오|12111|1|2|0.03|0.295|0.023|0.003|0.078|0.026|0.058|0.205|0.01|0.064|0.03|0.018|0.05|0.04|0.07
202410|11|41150|41130000|1120000000|경기|성남시|서초동|서초1동|NH5898|힐스테이트|3263|2|6|0.019|0.04|0.014|0.0|0.274|0.023|0.056|0.128|0.148|0.007|0.067|0.066|0.058|0.054|0.048
202410|45|11170|44130000|1114000000|서울|수원시|서초동|서초1동|NH9285|힐스테이트|10778|2|4|0.005|0.021|0.072|0.058|0.008|0.129|0.028|0.157|0.099|0.033|0.084|0.005|0.001|0.118|0.182
202410|42|11140|11200000|4311000000|서울|서초구|서초동|서초1동|NH4964|래미안|3759|x|2|0.079|0.253|0.02|0.022|0.075|0.012|0.083|0.012|0.058|0.109|0.006|0.167|0.047|0.019|0.038
202410|26|26110|41150000|4711000000|부산|강남구|역삼동|역삼1동|NH8072|래미안|19772|2|4|0.016|0.004|0.044|0.198|0.017|0.079|0.007|0.048|0.003|0.081|0.081|0.382|0.003|0.028|0.008
202410|47|26110|46110000|4111000000|경기|강남구|인계동|역삼1동|NH8040|래미안|5625|x|4|0.052|0.073|0.012|0.03|0.082|0.006|0.321|0.027|0.152|0.004|0.017|0.09|0.052|0.073|0.009
202410|41|46110|26110000|1117000000|서울|성남시|서초동|서초1동|NH5070|푸르지오|5480|2|3|0.194|0.187|0.011|0.094|0.039|0.013|0.026|0.215|0.018|0.032|0.049|0.093|0.013|0.008|0.01
202410|27|11170|11200000|2811000000|경기|강남구|인계동|서초1동|NH1403|힐스테이트|6737|x|3|0.008|0.085|0.056|0.021|0.056|0.097|0.072|0.058|0.033|0.177|0.128|0.026|0.086|0.022|0.076
202410|26|11170|11200000|4111000000|서울|수원시|인계동|서초1동|NH9040|푸르지오|16240|x|2|0.117|0.038|0.015|0.055|0.056|0.058|0.002|0.051|0.039|0.006|0.21|0.001|0.014|0.115|0.224
202410|41|27110|46110000|4113000000|서울|수원시|서초동|역삼1동|NH6319|래미안|4260|2|3|0.012|0.113|0.0|0.025|0.019|0.098|0.087|0.045|0.059|0.041|0.102|0.056|0.181|0.147|0.013
202410|26|42110|11200000|2811000000|경기|강남구|역삼동|역삼1동|NH2067|래미안|19082|1|5|0.044|0.099|0.148|0.066|0.059|0.015|0.048|0.056|0.12|0.034|0.055|0.009|0.085|0.083|0.08
202410|44|42110|43110000|4311000000|부산|수원시|역삼동|역삼1동|NH6127|래미안|19297|2|5|0.143|0.062|0.16|0.04|0.103|0.026|0.029|0.182|0.051|0.05|0.059|0.03|0.009|0.036|0.021
202410|42|42110|41130000|4211000000|서울|수원시|역삼동|역삼1동|NH8335|래미안|15228|2|6|0.072|0.064|0.144|0.089|0.092|0.06|0.027|0.049|0.028|0.04|0.2|0.03|0.02|0.066|0.021
202410|26|11110|45110000|2614000000|인천|수원시|인계동|서초1동|NH2229|푸르지오|17239|1|3|0.035|0.183|0.076|0.011|0.07|0.075|0.107|0.054|0.035|0.043|0.089|0.095|0.054|0.002|0.072
202410|26|41110|26110000|4115000000|경기|강남구|역삼동|역삼1동|NH6720|자이|13157|1|3|0.035|0.347|0.025|0.059|0.073|0.031|0.116|0.014|0.018|0.087|0.044|0.034|0.01|0.078|0.029
202410|45|42110|26140000|4611000000|경기|서초구|인계동|서초1동|NH3754|힐스테이트|15206|1|4|0.04|0.054|0.029|0.027|0.118|0.009|0.104|0.128|0.038|0.226|0.009|0.017|0.057|0.052|0.092
202410|44|47110|26140000|2611000000|인천|수원시|서초동|서초1동|NH9746|래미안|3991|2|5|0.052|0.042|0.008|0.176|0.027|0.171|0.156|0.076|0.046|0.02|0.037|0.027|0.057|0.051|0.056
202410|44|41150|42110000|4113000000|인천|서초구|인계동|역삼1동|NH3304|래미안|9200|2|2|0.123|0.078|0.006|0.019|0.234|0.033|0.093|0.082|0.064|0.016|0.006|0.082|0.052|0.031|0.08
202410|44|41130|11140000|4111000000|인천|서초구|인계동|서초1동|NH2852|자이|5807|2|4|0.038|0.136|0.003|0.021|0.033|0.051|0.169|0.17|0.002|0.03|0.062|0.034|0.041|0.171|0.038
202410|46|26140|45110000|4511000000|경기|서초구|인계동|역삼1동|NH5048|힐스테이트|17594|1|5|0.094|0.12|0.072|0.04|0.259|0.039|0.063|0.019|0.113|0.029|0.016|0.062|0.049|0.013|0.012
202410|42|26140|43110000|4311000000|인천|서초구|서초동|서초1동|NH5940|자이|14478|2|2|0.005|0.068|0.004|0.124|0.071|0.14|0.265|0.032|0.075|0.011|0.013|0.024|0.134|0.027|0.006
202410|46|45110|26140000|4115000000|인천|성남시|서초동|서초1동|NH8979|자이|5138|2|2|0.034|0.019|0.181|0.127|0.016|0.023|0.091|0.043|0.082|0.076|0.113|0.09|0.007|0.095|0.004
202410|47|26110|42110000|1111000000|경기|서초구|서초동|역삼1동|NH4937|푸르지오|14849|1|4|0.004|0.042|0.002|0.05|0.089|0.073|0.092|0.004|0.098|0.024|0.189|0.196|0.029|0.055|0.052
202410|44|46110|44130000|2614000000|경기|강남구|역삼동|역삼1동|NH6675|푸르지오|13152|2|2|0.039|0.028|0.416|0.027|0.047|0.089|0.025|0.026|0.014|0.044|0.016|0.038|0.106|0.048|0.038
202410|27|42110|45110000|2811000000|부산|서초구|서초동|역삼1동|NH7013|자이|5561|1|5|0.074|0.038|0.036|0.023|0.169|0.022|0.154|0.017|0.069|0.089|0.052|0.08|0.029|0.065|0.084
202410|42|42110|41150000|1111000000|경기|성남시|서초동|서초1동|NH1020|푸르지오|9050|2|5|0.029|0.093|0.139|0.115|0.034|0.062|0.083|0.026|0.154|0.01|0.014|0.0|0.058|0.12|0.065
202410|43|43110|11140000|1117000000|부산|성남시|서초동|역삼1동|NH6208|래미안|15720|1|5|0.067|0.147|0.07|0.139|0.038|0.027|0.011|0.035|0.019|0.053|0.092|0.061|0.113|0.041|0.086
202410|46|41150|26110000|4111000000|인천|강남구|인계동|역삼1동|NH7283|래미안|14465|2|4|0.199|0.01|0.011|0.207|0.013|0.052|0.033|0.135|0.01|0.02|0.013|0.074|0.041|0.017|0.164
202410|44|41130|46110000|2611000000|인천|수원시|서초동|역삼1동|NH3799|래미안|17708|2|4|0.044|0.206|0.016|0.002|0.039|0.138|0.047|0.034|0.163|0.03|0.028|0.053|0.03|0.039|0.13
202410|45|26140|28110000|4311000000|인천|수원시|인계동|서초1동|NH3938|푸르지오|5473|2|6|0.059|0.103|0.08|0.004|0.05|0.059|0.015|0.062|0.018|0.042|0.07|0.002|0.013|0.329|0.095
202410|27|28110|42110000|4113000000|서울|강남구|역삼동|역삼1동|NH7222|래미안|12104|2|6|0.004|0.161|0.158|0.081|0.181|0.028|0.041|0.042|0.02|0.013|0.064|0.069|0.047|0.072|0.019
202410|43|27110|26110000|2614000000|부산|수원시|역삼동|서초1동|NH9377|푸르지오|5605|1|4|0.033|0.054|0.044|0.026|0.003|0.065|0.139|0.13|0.01|0.003|0.038|0.031|0.052|0.278|0.093
202410|11|46110|41110000|2711000000|인천|수원시|인계동|서초1동|NH1982|푸르지오|11217|2|2|0.096|0.04|0.092|0.083|0.038|0.219|0.101|0.007|0.024|0.017|0.043|0.101|0.057|0.016|0.065
202410|41|47110|46110000|2711000000|부산|서초구|인계동|역삼1동|NH6515|자이|13673|2|6|0.02|0.007|0.167|0.01|0.152|0.007|0.126|0.028|0.033|0.066|0.023|0.09|0.075|0.014|0.183
202410|46|41110|26140000|2611000000|부산|성남시|역삼동|역삼1동|NH1091|래미안|18454|2|6|0.008|0.203|0.056|0.006|0.06|0.051|0.052|0.209|0.046|0.021|0.042|0.062|0.001|0.086|0.097
202410|43|46110|26140000|2614000000|인천|성남시|인계동|서초1동|NH6589|푸르지오|5527|2|5|0.058|0.145|0.002|0.039|0.06|0.201|0.071|0.021|0.01|0.011|0.052|0.166|0.005|0.144|0.014
202410|43|11140|26140000|2711000000|서울|강남구|인계동|서초1동|NH3958|힐스테이트|11001|1|6|0.124|0.014|0.095|0.039|0.003|0.074|0.042|0.168|0.015|0.026|0.109|0.007|0.132|0.004|0.149
202410|47|26110|11170000|4413000000|부산|강남구|서초동|서초1동|NH2522|푸르지오|17287|1|6|0.014|0.056|0.095|0.013|0.014|0.133|0.031|0.024|0.017|0.044|0.103|0.177|0.113|0.023|0.143
202410|45|44130|11200000|4115000000|서울|서초구|역삼동|역삼1동|NH2094|자이|5882|2|6|0.109|0.064|0.137|0.002|0.03|0.098|0.039|0.073|0.002|0.091|0.005|0.286|0.024|0.025|0.016
202410|45|44130|26110000|4611000000|경기|수원시|인계동|서초1동|NH2488|자이|2175|1|4|0.046|0.02|0.206|0.013|0.004|0.118|0.134|0.017|0.015|0.068|0.028|0.093|0.037|0.178|0.024
202410|42|45110|11170000|1117000000|서울|강남구|인계동|서초1동|NH4582|힐스테이트|7576|2|4|0.011|0.052|0.063|0.006|0.169|0.059|0.069|0.04|0.067|0.05|0.351|0.004|0.026|0.014|0.016
202410|26|28110|47110000|1111000000|인천|성남시|서초동|역삼1동|NH1041|푸르지오|5876|1|6|0.034|0.193|0.003|0.102|0.089|0.016|0.011|0.141|0.003|0.027|0.002|0.052|0.021|0.238|0.07
202410|26|27110|26140000|4611000000|경기|수원시|인계동|역삼1동|NH9812|힐스테이트|19055|2|4|0.011|0.151|0.083|0.025|0.012|0.066|0.179|0.005|0.087|0.159|0.02|0.045|0.047|0.007|0.103
202410|47|42110|45110000|4311000000|부산|수원시|서초동|서초1동|NH1040|힐스테이트|5997|2|5|0.029|0.02|0.022|0.088|0.344|0.158|0.02|0.063|0.041|0.024|0.043|0.004|0.004|0.031|0.11
202410|42|27110|11110000|4413000000|부산|수원시|인계동|서초1동|NH3892|힐스테이트|19211|2|6|0.294|0.037|0.042|0.068|0.076|0.006|0.07|0.057|0.067|0.009|0.007|0.025|0.049|0.055|0.137
202410|46|11200|41150000|2611000000|부산|강남구|역삼동|역삼1동|NH7715|힐스테이트|2670|2|4|0.001|0.059|0.119|0.043|0.014|0.119|0.112|0.222|0.056|0.017|0.063|0.031|0.052|0.088|0.003
202410|47|11110|44130000|4511000000|부산|서초구|역삼동|서초1동|NH5158|힐스테이트|13019|x|4|0.115|0.081|0.003|0.071|0.061|0.179|0.008|0.078|0.036|0.051|0.05|0.048|0.103|0.07|0.047
202410|46|41130|26110000|4113000000|서울|수원시|역삼동|서초1동|NH6615|래미안|7720|2|3|0.079|0.005|0.115|0.022|0.029|0.084|0.039|0.05|0.017|0.153|0.211|0.019|0.028|0.097|0.052
202410|11|41110|41110000|4611000000|경기|수원시|서초동|역삼1동|NH8399|푸르지오|5571|2|6|0.135|0.054|0.019|0.022|0.028|0.064|0.277|0.002|0.146|0.095|0.027|0.007|0.015|0.078|0.031
202410|45|44130|26110000|2711000000|인천|성남시|인계동|서초1동|NH9352|푸르지오|11631|1|3|0.058|0.051|0.031|0.029|0.034|0.001|0.041|0.087|0.174|0.245|0.02|0.045|0.059|0.008|0.117
202410|46|44130|11170000|4111000000|부산|수원시|인계동|서초1동|NH6190|푸르지오|12933|2|4|0.052|0.021|0.051|0.045|0.026|0.062|0.153|0.141|0.049|0.043|0.089|0.02|0.111|0.078|0.059
202410|42|45110|26140000|4111000000|부산|강남구|서초동|역삼1동|NH4294|자이|3676|2|5|0.018|0.002|0.03|0.054|0.121|0.047|0.043|0.028|0.045|0.209|0.257|0.015|0.098|0.015|0.019
202410|43|44130|42110000|2611000000|경기|강남구|인계동|역삼1동|NH3285|힐스테이트|5166|1|4|0.047|0.055|0.175|0.034|0.054|0.016|0.104|0.023|0.038|0.299|0.047|0.056|0.004|0.002|0.046
202410|26|45110|28110000|1111000000|서울|성남시|역삼동|서초1동|NH4909|자이|14587|2|4|0.027|0.007|0.157|0.078|0.061|0.08|0.126|0.01|0.161|0.003|0.025|0.094|0.081|0.084|0.007
202410|47|26140|46110000|1111000000|경기|서초구|서초동|역삼1동|NH9916|푸르지오|7302|1|4|0.114|0.13|0.032|0.184|0.143|0.015|0.002|0.092|0.039|0.033|0.043|0.03|0.117|0.004|0.02
202410|44|11110|11170000|4311000000|부산|서초구|인계동|역삼1동|NH4020|래미안|12609|1|6|0.098|0.067|0.085|0.01|0.021|0.041|0.108|0.071|0.02|0.09|0.095|0.108|0.118|0.024|0.043
202410|47|11170|11170000|1111000000|인천|강남구|서초동|역삼1동|NH7168|푸르지오|8999|1|6|0.07|0.036|0.004|0.029|0.051|0.124|0.25|0.003|0.092|0.004|0.116|0.131|0.007|0.055|0.028
202410|42|43110|26140000|4111000000|인천|성남시|서초동|역삼1동|NH9845|힐스테이트|9792|x|6|0.109|0.046|0.07|0.001|0.118|0.079|0.021|0.033|0.014|0.113|0.047|0.084|0.023|0.007|0.235
202410|11|46110|45110000|4211000000|서울|서초구|인계동|역삼1동|NH3811|푸르지오|4489|1|4|0.22|0.021|0.145|0.0|0.002|0.211|0.028|0.045|0.014|0.039|0.052|0.002|0.085|0.005|0.131
202410|46|11170|42110000|4611000000|부산|수원시|인계동|역삼1동|NH4677|푸르지오|8775|2|5|0.034|0.054|0.024|0.056|0.05|0.087|0.028|0.101|0.136|0.013|0.222|0.023|0.001|0.019|0.153
202410|42|26140|11140000|4211000000|서울|강남구|인계동|서초1동|NH4979|힐스테이트|8617|x|2|0.011|0.039|0.044|0.082|0.103|0.151|0.025|0.154|0.127|0.003|0.071|0.003|0.097|0.025|0.066
202410|46|11140|11170000|1120000000|서울|서초구|역삼동|서초1동|NH7076|푸르지오|19863|1|3|0.047|0.011|0.075|0.037|0.04|0.039|0.022|0.105|0.366|0.013|0.028|0.014|0.03|0.024|0.149
202410|44|11140|26140000|2711000000|부산|수원시|인계동|역삼1동|NH3699|힐스테이트|17777|1|5|0.008|0.028|0.023|0.001|0.016|0.065|0.02|0.075|0.075|0.316|0.003|0.078|0.007|0.208|0.078
202410|44|42110|45110000|1111000000|인천|성남시|인계동|역삼1동|NH9402|힐스테이트|9200|2|4|0.095|0.067|0.037|0.034|0.077|0.024|0.155|0.203|0.018|0.019|0.024|0.046|0.167|0.034|0.0
202410|26|43110|27110000|4115000000|인천|성남시|서초동|역삼1동|NH2923|힐스테이트|8938|2|2|0.078|0.015|0.023|0.065|0.016|0.02|0.044|0.076|0.046|0.24|0.017|0.237|0.032|0.092|0.0
202410|44|42110|26140000|4115000000|부산|수원시|인계동|서초1동|NH5100|래미안|10355|2|4|0.195|0.063|0.091|0.055|0.013|0.064|0.011|0.077|0.075|0.067|0.021|0.027|0.097|0.007|0.139
202410|45|11110|11140000|4511000000|인천|서초구|역삼동|서초1동|NH1836|자이|17190|2|3|0.159|0.02|0.023|0.008|0.108|0.024|0.023|0.001|0.175|0.124|0.056|0.043|0.118|0.095|0.023
202410|26|47110|42110000|4311000000|인천|강남구|서초동|서초1동|NH3548|푸르지오|6456|1|2|0.022|0.145|0.016|0.028|0.149|0.013|0.016|0.008|0.069|0.01|0.051|0.35|0.109|0.007|0.007
202410|46|42110|44130000|2614000000|서울|성남시|인계동|서초1동|NH2474|푸르지오|7425|2|2|0.128|0.06|0.201|0.048|0.135|0.013|0.073|0.024|0.003|0.035|0.112|0.032|0.099|0.014|0.024
202410|42|11110|42110000|1114000000|부산|성남시|역삼동|역삼1동|NH7055|자이|8404|1|4|0.069|0.143|0.139|0.031|0.012|0.001|0.042|0.086|0.117|0.033|0.063|0.02|0.214|0.004|0.025
202410|27|41130|26110000|4111000000|서울|성남시|인계동|서초1동|NH5086|힐스테이트|2611|1|3|0.016|0.046|0.194|0.001|0.14|0.001|0.029|0.047|0.005|0.139|0.094|0.038|0.028|0.213|0.009
202410|41|44130|41150000|4113000000|부산|성남시|인계동|서초1동|NH8020|푸르지오|12897|1|4|0.027|0.08|0.108|0.036|0.024|0.092|0.0|0.028|0.106|0.03|0.087|0.093|0.053|0.08|0.157
202410|47|41110|11200000|4211000000|부산|성남시|인계동|서초1동|NH8384|힐스테이트|4123|x|5|0.025|0.01|0.062|0.017|0.017|0.239|0.019|0.033|0.001|0.087|0.148|0.019|0.252|0.06|0.011
202410|43|11110|44130000|4413000000|경기|수원시|인계동|역삼1동|NH2336|래미안|15455|x|4|0.06|0.384|0.126|0.024|0.025|0.138|0.067|0.001|0.007|0.017|0.033|0.04|0.005|0.07|0.001
202410|11|26110|46110000|4115000000|경기|수원시|인계동|역삼1동|NH3839|힐스테이트|2161|1|3|0.029|0.143|0.022|0.017|0.025|0.029|0.108|0.023|0.02|0.075|0.057|0.352|0.03|0.047|0.023
202410|46|42110|26110000|2811000000|경기|강남구|역삼동|서초1동|NH3270|푸르지오|17157|2|4|0.048|0.022|0.013|0.015|0.31|0.065|0.011|0.126|0.024|0.04|0.162|0.005|0.062|0.025|0.072
202410|41|11200|11110000|4611000000|인천|성남시|서초동|서초1동|NH4264|래미안|5855|2|5|0.115|0.241|0.044|0.018|0.088|0.036|0.006|0.038|0.044|0.026|0.075|0.064|0.119|0.065|0.022
202410|45|43110|11110000|4611000000|부산|서초구|서초동|서초1동|NH7318|래미안|12667|2|5|0.073|0.136|0.056|0.107|0.029|0.019|0.01|0.036|0.014|0.002|0.121|0.005|0.238|0.033|0.122
202410|26|27110|45110000|4511000000|서울|수원시|역삼동|역삼1동|NH3302|힐스테이트|8550|2|6|0.111|0.169|0.011|0.178|0.051|0.022|0.025|0.029|0.03|0.03|0.087|0.089|0.072|0.021|0.075
202410|27|11110|26140000|4511000000|경기|서초구|인계동|역삼1동|NH7445|푸르지오|11660|1|3|0.062|0.076|0.094|0.035|0.241|0.056|0.056|0.051|0.04|0.015|0.034|0.078|0.009|0.024|0.13
202410|41|41110|11140000|4711000000|경기|성남시|역삼동|서초1동|NH3858|래미안|15865|2|4|0.048|0.022|0.098|0.018|0.011|0.046|0.094|0.074|0.194|0.009|0.021|0.018|0.185|0.055|0.106
202410|26|26110|11110000|4611000000|인천|강남구|역삼동|역삼1동|NH8272|자이|2075|1|4|0.014|0.139|0.104|0.071|0.02|0.03|0.047|0.151|0.071|0.097|0.006|0.034|0.078|0.002|0.136
202410|45|45110|27110000|4711000000|부산|서초구|서초동|역삼1동|NH7114|래미안|5723|1|3|0.009|0.13|0.111|0.099|0.039|0.012|0.005|0.174|0.0|0.009|0.184|0.138|0.008|0.064|0.017
202410|41|42110|45110000|2711000000|부산|수원시|서초동|역삼1동|NH9612|힐스테이트|7746|2|5|0.055|0.055|0.056|0.215|0.031|0.108|0.003|0.105|0.002|0.129|0.045|0.012|0.111|0.016|0.056
202410|42|41130|11200000|1114000000|서울|서초구|서초동|역삼1동|NH5587|힐스테이트|7792|2|5|0.223|0.131|0.066|0.062|0.119|0.011|0.031|0.014|0.005|0.005|0.061|0.035|0.011|0.136|0.091
202410|46|46110|45110000|2711000000|서울|성남시|인계동|역삼1동|NH2051|래미안|2756|1|6|0.047|0.037|0.041|0.14|0.016|0.023|0.022|0.0|0.181|0.054|0.011|0.152|0.042|0.162|0.072
202410|11|27110|11140000|4111000000|인천|강남구|역삼동|역삼1동|NH1541|래미안|4831|1|3|0.014|0.022|0.001|0.221|0.106|0.066|0.045|0.063|0.037|0.109|0.036|0.108|0.062|0.06|0.05
202410|11|28110|46110000|2711000000|경기|서초구|인계동|역삼1동|NH9904|힐스테이트|16508|1|4|0.202|0.065|0.029|0.02|0.015|0.11|0.198|0.016|0.002|0.028|0.043|0.002|0.064|0.123|0.084
202410|26|44130|47110000|2711000000|인천|수원시|서초동|서초1동|NH8818|자이|4754|1|5|0.161|0.189|0.08|0.012|0.033|0.179|0.072|0.026|0.027|0.018|0.073|0.028|0.042|0.044|0.015
202410|26|26140|27110000|1114000000|서울|서초구|역삼동|역삼1동|NH4758|래미안|19628|2|6|0.022|0.133|0.036|0.084|0.035|0.007|0.324|0.038|0.049|0.127|0.006|0.01|0.071|0.048|0.011
202410|46|27110|42110000|4113000000|부산|수원시|역삼동|역삼1동|NH4760|푸르지오|10801|1|2|0.073|0.066|0.039|0.037|0.047|0.006|0.077|0.048|0.064|0.084|0.052|0.044|0.099|0.151|0.113
202410|11|42110|41110000|4511000000|서울|수원시|서초동|역삼1동|NH2104|래미안|8851|2|4|0.026|0.067|0.078|0.013|0.071|0.027|0.029|0.101|0.026|0.057|0.009|0.152|0.325|0.011|0.008
202410|46|43110|41150000|4311000000|인천|성남시|서초동|역삼1동|NH9228|래미안|6159|2|6|0.022|0.164|0.014|0.051|0.075|0.002|0.108|0.101|0.021|0.027|0.043|0.063|0.032|0.126|0.15
202410|45|26110|27110000|2711000000|경기|성남시|인계동|역삼1동|NH4124|힐스테이트|9704|1|5|0.071|0.037|0.044|0.019|0.14|0.023|0.003|0.06|0.043|0.1|0.01|0.013|0.014|0.326|0.099
202410|46|27110|46110000|4413000000|인천|강남구|역삼동|역삼1동|NH2526|자이|11818|1|3|0.03|0.27|0.211|0.106|0.013|0.028|0.005|0.075|0.043|0.054|0.041|0.041|0.035|0.047|0.003
202410|43|41110|28110000|4711000000|서울|강남구|역삼동|서초1동|NH6688|힐스테이트|3916|2|5|0.022|0.061|0.1|0.199|0.021|0.018|0.048|0.01|0.077|0.007|0.171|0.103|0.008|0.068|0.087
202410|45|47110|46110000|2614000000|서울|성남시|서초동|서초1동|NH9382|힐스테이트|13506|2|4|0.194|0.026|0.097|0.01|0.028|0.078|0.012|0.063|0.165|0.028|0.04|0.14|0.004|0.029|0.088
202410|46|11140|26140000|2711000000|서울|강남구|서초동|서초1동|NH2428|자이|6924|2|2|0.005|0.058|0.065|0.002|0.044|0.08|0.011|0.076|0.119|0.013|0.064|0.054|0.067|0.218|0.125
202410|11|41110|11110000|4611000000|경기|강남구|인계동|서초1동|NH5563|푸르지오|11495|1|4|0.131|0.007|0.001|0.019|0.077|0.245|0.02|0.02|0.182|0.113|0.004|0.04|0.089|0.04|0.012
202410|45|41130|43110000|2614000000|인천|성남시|역삼동|역삼1동|NH4697|래미안|19087|x|3|0.056|0.029|0.132|0.154|0.022|0.011|0.024|0.098|0.031|0.05|0.028|0.039|0.01|0.231|0.085
202410|46|27110|11110000|1114000000|서울|수원시|역삼동|역삼1동|NH7267|래미안|16643|2|3|0.111|0.009|0.082|0.223|0.063|0.038|0.042|0.009|0.088|0.007|0.004|0.066|0.1|0.066|0.091
202410|11|26110|11170000|4113000000|서울|강남구|서초동|역삼1동|NH6186|자이|17358|2|4|0.117|0.274|0.043|0.012|0.053|0.088|0.026|0.134|0.002|0.054|0.024|0.04|0.026|0.074|0.035
202410|41|43110|47110000|2611000000|서울|수원시|서초동|역삼1동|NH6924|푸르지오|9763|1|5|0.005|0.008|0.017|0.05|0.058|0.12|0.011|0.082|0.022|0.023|0.181|0.082|0.062|0.261|0.019
202410|41|11110|41130000|4115000000|부산|수원시|역삼동|서초1동|NH8384|래미안|14968|1|4|0.037|0.127|0.162|0.137|0.0|0.009|0.161|0.026|0.085|0.05|0.01|0.036|0.026|0.129|0.005
202410|26|43110|11200000|1120000000|인천|서초구|역삼동|역삼1동|NH6981|래미안|7854|2|5|0.198|0.174|0.012|0.016|0.038|0.059|0.107|0.051|0.14|0.004|0.028|0.011|0.096|0.023|0.042
202410|26|26110|11140000|4111000000|인천|수원시|역삼동|서초1동|NH9824|힐스테이트|9566|1|3|0.023|0.031|0.031|0.094|0.042|0.031|0.036|0.011|0.132|0.037|0.038|0.051|0.112|0.277|0.054
202410|44|46110|11170000|4115000000|부산|수원시|역삼동|역삼1동|NH8505|래미안|8693|1|3|0.114|0.03|0.022|0.07|0.005|0.047|0.131|0.122|0.0|0.002|0.131|0.021|0.042|0.054|0.207
202410|42|47110|41110000|4511000000|인천|강남구|역삼동|역삼1동|NH5630|푸르지오|8206|1|4|0.156|0.006|0.012|0.006|0.081|0.176|0.007|0.014|0.174|0.036|0.095|0.008|0.005|0.066|0.157
202410|47|44130|47110000|2711000000|인천|성남시|역삼동|역삼1동|NH2101|푸르지오|7114|2|5|0.045|0.258|0.049|0.027|0.112|0.087|0.114|0.015|0.025|0.147|0.011|0.006|0.02|0.037|0.045
202410|41|27110|41130000|2711000000|인천|성남시|인계동|서초1동|NH7185|힐스테이트|2677|1|4|0.057|0.186|0.017|0.006|0.007|0.039|0.058|0.02|0.131|0.203|0.033|0.02|0.189|0.011|0.022
202410|42|42110|11200000|4111000000|경기|성남시|인계동|서초1동|NH2059|래미안|16119|2|4|0.039|0.011|0.012|0.076|0.001|0.101|0.235|0.03|0.199|0.042|0.038|0.136|0.009|0.012|0.057
202410|46|47110|41110000|1111000000|인천|강남구|역삼동|역삼1동|NH6423|래미안|9413|2|5|0.011|0.007|0.001|0.161|0.042|0.134|0.139|0.028|0.116|0.044|0.019|0.093|0.039|0.166|0.002
202410|47|11110|11170000|4113000000|인천|서초구|인계동|서초1동|NH9209|푸르지오|12109|2|3|0.046|0.131|0.161|0.098|0.04|0.034|0.061|0.012|0.011|0.002|0.172|0.077|0.069|0.065|0.021
202410|26|41150|41150000|2811000000|경기|성남시|인계동|역삼1동|NH5374|힐스테이트|8037|2|6|0.031|0.114|0.173|0.104|0.025|0.046|0.004|0.024|0.087|0.056|0.027|0.035|0.188|0.058|0.027
202410|27|11110|11200000|1114000000|서울|강남구|역삼동|서초1동|NH9538|자이|7311|1|4|0.067|0.037|0.033|0.001|0.031|0.028|0.088|0.041|0.103|0.165|0.046|0.042|0.174|0.129|0.014
202410|27|44130|26140000|2614000000|서울|서초구|서초동|서초1동|NH1563|자이|18350|1|4|0.011|0.098|0.047|0.017|0.095|0.017|0.129|0.222|0.043|0.18|0.01|0.026|0.033|0.047|0.024
202410|42|11110|27110000|4511000000|인천|성남시|역삼동|역삼1동|NH3405|자이|6738|1|4|0.024|0.043|0.043|0.035|0.083|0.081|0.036|0.007|0.046|0.018|0.046|0.091|0.142|0.065|0.24
202410|42|11170|43110000|4711000000|인천|수원시|역삼동|역삼1동|NH3073|힐스테이트|2358|1|4|0.045|0.046|0.039|0.163|0.061|0.024|0.013|0.072|0.015|0.046|0.028|0.18|0.003|0.188|0.076
202410|27|11110|44130000|4611000000|경기|서초구|역삼동|역삼1동|NH3574|힐스테이트|8087|2|5|0.017|0.076|0.022|0.062|0.11|0.093|0.001|0.243|0.035|0.077|0.024|0.009|0.006|0.177|0.048
202410|11|41150|47110000|2811000000|서울|서초구|서초동|역삼1동|NH1739|자이|10645|2|5|0.038|0.004|0.045|0.148|0.075|0.025|0.165|0.02|0.004|0.146|0.04|0.142|0.024|0.015|0.11
202410|11|43110|26140000|2711000000|부산|강남구|서초동|서초1동|NH8290|힐스테이트|5864|1|4|0.062|0.019|0.022|0.017|0.033|0.228|0.005|0.041|0.013|0.257|0.025|0.209|0.008|0.056|0.004
202410|26|41150|28110000|4413000000|서울|강남구|서초동|역삼1동|NH1980|자이|13309|1|6|0.046|0.02|0.032|0.003|0.047|0.214|0.071|0.207|0.016|0.061|0.046|0.024|0.093|0.096|0.024
202410|41|11200|11110000|4413000000|서울|수원시|역삼동|서초1동|NH6951|자이|15602|1|4|0.163|0.026|0.07|0.035|0.093|0.068|0.177|0.144|0.042|0.027|0.072|0.021|0.002|0.03|0.03
202410|27|28110|27110000|2811000000|경기|강남구|서초동|역삼1동|NH9630|푸르지오|5247|1|5|0.003|0.145|0.073|0.117|0.036|0.053|0.115|0.042|0.057|0.019|0.035|0.059|0.075|0.065|0.104
202410|41|41130|42110000|1114000000|경기|서초구|서초동|서초1동|NH6505|래미안|8862|1|3|0.036|0.176|0.034|0.033|0.052|0.154|0.017|0.221|0.093|0.016|0.02|0.057|0.023|0.049|0.019
202410|43|46110|28110000|4413000000|서울|수원시|인계동|역삼1동|NH6494|푸르지오|12887|1|2|0.09|0.077|0.127|0.042|0.139|0.024|0.041|0.066|0.162|0.009|0.024|0.123|0.028|0.004|0.044
202410|47|41110|43110000|4311000000|서울|성남시|역삼동|서초1동|NH1906|힐스테이트|19758|2|6|0.03|0.029|0.018|0.127|0.033|0.214|0.108|0.201|0.002|0.006|0.04|0.014|0.095|0.014|0.069
202410|45|11140|42110000|1111000000|부산|강남구|인계동|역삼1동|NH1127|자이|6931|1|3|0.048|0.058|0.091|0.166|0.042|0.015|0.243|0.059|0.021|0.0|0.0|0.094|0.018|0.064|0.08
202410|41|26110|11140000|1111000000|부산|강남구|서초동|서초1동|NH3167|래미안|3233|1|5|0.007|0.033|0.122|0.059|0.022|0.109|0.058|0.027|0.109|0.086|0.025|0.048|0.121|0.033|0.143
202410|41|46110|11110000|4211000000|인천|강남구|인계동|역삼1동|NH9186|푸르지오|16292|1|2|0.018|0.068|0.088|0.115|0.018|0.07|0.033|0.053|0.024|0.009|0.054|0.121|0.202|0.037|0.09
202410|43|27110|41150000|2611000000|부산|강남구|서초동|서초1동|NH2682|래미안|3978|2|4|0.17|0.03|0.021|0.133|0.014|0.042|0.092|0.003|0.028|0.138|0.041|0.07|0.014|0.059|0.145
202410|11|11110|26140000|4111000000|부산|강남구|역삼동|서초1동|NH6594|힐스테이트|18561|1|6|0.025|0.026|0.009|0.076|0.048|0.004|0.039|0.32|0.107|0.048|0.056|0.002|0.136|0.053|0.05
202410|26|42110|43110000|4511000000|서울|강남구|서초동|역삼1동|NH9635|푸르지오|7657|1|2|0.053|0.016|0.028|0.102|0.047|0.026|0.009|0.036|0.016|0.015|0.012|0.034|0.383|0.084|0.139
202410|47|44130|44130000|4115000000|인천|수원시|인계동|역삼1동|NH5589|래미안|12262|1|3|0.18|0.043|0.029|0.033|0.058|0.024|0.116|0.046|0.079|0.122|0.099|0.063|0.03|0.064|0.015
202410|26|41110|43110000|1120000000|인천|서초구|서초동|역삼1동|NH7024|힐스테이트|12218|2|4|0.019|0.022|0.011|0.031|0.059|0.033|0.071|0.135|0.029|0.329|0.006|0.1|0.108|0.027|0.018
202410|42|46110|26140000|4113000000|부산|강남구|인계동|서초1동|NH7544|자이|19678|1|5|0.017|0.014|0.075|0.001|0.06|0.14|0.097|0.027|0.019|0.005|0.033|0.052|0.234|0.215|0.011
202410|42|42110|42110000|4711000000|부산|서초구|역삼동|역삼1동|NH9773|래미안|8405|1|2|0.176|0.045|0.003|0.089|0.167|0.004|0.052|0.01|0.007|0.026|0.004|0.217|0.027|0.143|0.03
202410|45|26110|27110000|1117000000|부산|수원시|인계동|서초1동|NH4774|힐스테이트|15042|2|2|0.187|0.058|0.069|0.069|0.039|0.042|0.087|0.066|0.067|0.028|0.057|0.024|0.077|0.0|0.131
202410|43|11170|11110000|2811000000|서울|서초구|서초동|역삼1동|NH8207|자이|9539|1|4|0.023|0.027|0.073|0.117|0.074|0.049|0.054|0.091|0.04|0.285|0.013|0.058|0.039|0.005|0.054
202410|44|41150|41110000|4511000000|부산|서초구|역삼동|역삼1동|NH8899|푸르지오|13496|2|2|0.104|0.014|0.043|0.006|0.031|0.109|0.15|0.116|0.076|0.018|0.058|0.034|0.022|0.184|0.036
202410|27|26110|11140000|4115000000|경기|성남시|역삼동|서초1동|NH7462|힐스테이트|3886|2|5|0.001|0.035|0.014|0.046|0.009|0.029|0.064|0.066|0.293|0.001|0.21|0.053|0.089|0.076|0.015
202410|27|26110|26140000|1120000000|인천|서초구|서초동|역삼1동|NH6786|힐스테이트|4961|2|5|0.048|0.13|0.086|0.076|0.063|0.015|0.0|0.089|0.054|0.151|0.092|0.115|0.026|0.005|0.05
202410|47|11110|11140000|4113000000|서울|성남시|역삼동|서초1동|NH9266|푸르지오|19375|2|5|0.063|0.086|0.01|0.033|0.161|0.046|0.039|0.111|0.023|0.004|0.15|0.174|0.016|0.076|0.01
202410|47|41110|46110000|1120000000|경기|강남구|역삼동|서초1동|NH8120|푸르지오|17627|1|3|0.098|0.043|0.04|0.157|0.056|0.01|0.149|0.002|0.109|0.019|0.028|0.038|0.018|0.035|0.199
202410|26|41110|11170000|4611000000|서울|서초구|역삼동|역삼1동|NH2818|힐스테이트|7278|2|2|0.036|0.009|0.037|0.266|0.037|0.022|0.052|0.011|0.057|0.06|0.14|0.124|0.058|0.047|0.043
202410|44|47110|41150000|2811000000|부산|성남시|서초동|역삼1동|NH8898|푸르지오|16401|2|4|0.363|0.011|0.008|0.018|0.045|0.059|0.003|0.068|0.004|0.081|0.103|0.037|0.132|0.048|0.021
202410|27|27110|43110000|4511000000|경기|수원시|역삼동|역삼1동|NH2211|자이|16811|1|3|0.038|0.067|0.024|0.022|0.008|0.133|0.043|0.087|0.263|0.007|0.165|0.087|0.025|0.016|0.014
202410|41|46110|11170000|4611000000|서울|강남구|서초동|서초1동|NH6453|힐스테이트|14073|1|6|0.105|0.09|0.008|0.043|0.006|0.009|0.011|0.076|0.166|0.005|0.025|0.153|0.001|0.137|0.164
202410|26|26140|47110000|1120000000|서울|성남시|역삼동|역삼1동|NH1375|자이|14585|1|6|0.004|0.141|0.126|0.079|0.007|0.109|0.018|0.044|0.275|0.007|0.004|0.029|0.091|0.031|0.035
202410|43|41150|47110000|2811000000|인천|강남구|인계동|역삼1동|NH4002|자이|15253|x|4|0.068|0.054|0.053|0.063|0.059|0.029|0.012|0.067|0.043|0.0|0.108|0.036|0.119|0.158|0.129
202410|41|26140|43110000|4115000000|경기|수원시|서초동|서초1동|NH7419|힐스테이트|5236|2|4|0.021|0.01|0.073|0.123|0.03|0.043|0.024|0.144|0.041|0.013|0.223|0.04|0.159|0.055|0.0
202410|11|44130|27110000|4413000000|경기|서초구|역삼동|서초1동|NH2473|힐스테이트|15733|1|2|0.007|0.081|0.084|0.076|0.143|0.005|0.0|0.125|0.015|0.023|0.103|0.053|0.026|0.111|0.147
202410|44|11200|26140000|2614000000|서울|강남구|인계동|역삼1동|NH9171|푸르지오|17915|2|3|0.043|0.007|0.165|0.089|0.029|0.018|0.024|0.017|0.11|0.027|0.019|0.185|0.019|0.151|0.097
202410|27|11200|28110000|4711000000|서울|성남시|인계동|역삼1동|NH2210|푸르지오|17636|1|5|0.024|0.032|0.008|0.271|0.024|0.008|0.204|0.042|0.111|0.051|0.098|0.026|0.025|0.017|0.06
202410|45|26140|11170000|2611000000|경기|강남구|인계동|역삼1동|NH5511|래미안|5498|2|2|0.08|0.176|0.024|0.157|0.008|0.067|0.044|0.05|0.014|0.192|0.047|0.108|0.003|0.029|0.001
202410|47|27110|28110000|4115000000|인천|성남시|서초동|서초1동|NH6514|힐스테이트|13750|x|4|0.052|0.035|0.095|0.082|0.004|0.001|0.045|0.061|0.136|0.017|0.165|0.027|0.004|0.14|0.136
202410|46|11200|47110000|2611000000|부산|수원시|서초동|역삼1동|NH3295|자이|3930|x|6|0.043|0.081|0.001|0.002|0.173|0.002|0.112|0.098|0.01|0.173|0.006|0.175|0.012|0.068|0.042
202410|42|11170|11170000|1111000000|부산|서초구|서초동|서초1동|NH3203|힐스테이트|11064|2|3|0.193|0.185|0.023|0.053|0.065|0.06|0.009|0.025|0.01|0.06|0.005|0.162|0.07|0.066|0.014
202410|47|11200|11170000|4115000000|서울|강남구|역삼동|역삼1동|NH4978|래미안|17107|1|6|0.06|0.032|0.076|0.22|0.102|0.019|0.075|0.015|0.017|0.006|0.015|0.093|0.069|0.041|0.161
202410|11|28110|41130000|1114000000|부산|성남시|역삼동|역삼1동|NH5224|래미안|19869|2|4|0.068|0.015|0.089|0.009|0.141|0.187|0.024|0.025|0.084|0.092|0.065|0.13|0.055|0.006|0.008
202410|43|11170|26110000|1120000000|경기|성남시|역삼동|역삼1동|NH2097|힐스테이트|10682|2|5|0.1|0.088|0.184|0.018|0.022|0.028|0.026|0.007|0.037|0.014|0.029|0.209|0.046|0.057|0.135
202410|45|11110|45110000|4311000000|인천|성남시|역삼동|역삼1동|NH2789|힐스테이트|18244|1|5|0.126|0.116|0.017|0.075|0.015|0.033|0.127|0.074|0.01|0.028|0.003|0.009|0.227|0.122|0.016
202410|45|43110|44130000|1120000000|경기|강남구|서초동|서초1동|NH9363|힐스테이트|4897|2|6|0.038|0.126|0.003|0.015|0.053|0.054|0.003|0.124|0.128|0.131|0.024|0.045|0.002|0.146|0.107
202410|26|26110|43110000|4511000000|경기|서초구|인계동|역삼1동|NH3073|힐스테이트|3040|1|4|0.172|0.154|0.019|0.032|0.016|0.092|0.019|0.058|0.058|0.001|0.001|0.007|0.148|0.089|0.133
202410|47|11200|41150000|2614000000|경기|수원시|서초동|역삼1동|NH9621|자이|16879|2|4|0.023|0.075|0.058|0.041|0.194|0.005|0.072|0.063|0.0|0.005|0.013|0.258|0.012|0.009|0.17
202410|42|42110|42110000|4511000000|부산|수원시|역삼동|서초1동|NH8670|힐스테이트|9441|1|2|0.04|0.05|0.091|0.052|0.093|0.039|0.052|0.041|0.007|0.0|0.095|0.311|0.112|0.017|0.0
202410|46|41130|41150000|2614000000|인천|서초구|역삼동|역삼1동|NH1439|자이|14027|2|2|0.042|0.025|0.058|0.058|0.104|0.177|0.014|0.054|0.012|0.01|0.002|0.013|0.113|0.117|0.202
202410|11|46110|11170000|4113000000|서울|성남시|역삼동|서초1동|NH3482|푸르지오|16680|2|6|0.016|0.111|0.168|0.011|0.007|0.002|0.005|0.002|0.016|0.076|0.022|0.119|0.111|0.198|0.135
202410|46|41130|41130000|4115000000|서울|서초구|인계동|역삼1동|NH1805|푸르지오|18563|1|2|0.059|0.019|0.036|0.041|0.03|0.096|0.279|0.092|0.159|0.017|0.006|0.004|0.002|0.081|0.079
202410|42|11110|46110000|1114000000|부산|수원시|서초동|서초1동|NH8595|힐스테이트|9333|1|5|0.032|0.023|0.031|0.073|0.049|0.044|0.004|0.049|0.126|0.16|0.042|0.071|0.139|0.142|0.016
202410|44|26110|47110000|1117000000|부산|수원시|역삼동|역삼1동|NH9852|힐스테이트|19781|2|2|0.052|0.04|0.095|0.137|0.039|0.011|0.039|0.008|0.049|0.211|0.003|0.003|0.06|0.022|0.231
202410|44|47110|43110000|2711000000|경기|강남구|서초동|서초1동|NH8236|래미안|15001|1|6|0.05|0.1|0.02|0.048|0.166|0.059|0.002|0.0|0.083|0.002|0.066|0.174|0.058|0.001|0.173
202410|47|27110|41110000|4413000000|인천|성남시|서초동|역삼1동|NH4439|자이|4093|2|6|0.146|0.039|0.032|0.0|0.077|0.136|0.013|0.131|0.028|0.009|0.016|0.084|0.142|0.133|0.014
202410|45|11200|41150000|4311000000|경기|서초구|인계동|역삼1동|NH1773|힐스테이트|3293|1|2|0.128|0.123|0.116|0.167|0.063|0.005|0.083|0.084|0.049|0.038|0.027|0.031|0.017|0.055|0.015
202410|41|27110|44130000|4311000000|경기|성남시|역삼동|역삼1동|NH4695|래미안|17000|1|2|0.131|0.137|0.043|0.06|0.042|0.018|0.073|0.022|0.018|0.097|0.11|0.012|0.08|0.107|0.05
202410|47|41130|11200000|2614000000|서울|서초구|서초동|역삼1동|NH4109|자이|13371|2|3|0.05|0.012|0.088|0.038|0.073|0.019|0.348|0.028|0.027|0.185|0.054|0.023|0.004|0.009|0.041
202410|45|27110|44130000|2811000000|경기|강남구|서초동|서초1동|NH5255|푸르지오|15247|1|6|0.097|0.027|0.087|0.029|0.096|0.044|0.003|0.274|0.029|0.01|0.012|0.036|0.004|0.019|0.231
202410|41|11110|45110000|4611000000|경기|강남구|인계동|서초1동|NH3637|푸르지오|8592|1|6|0.089|0.027|0.015|0.083|0.069|0.03|0.156|0.033|0.101|0.073|0.097|0.188|0.005|0.03|0.005
202410|47|41130|28110000|4211000000|인천|성남시|인계동|역삼1동|NH4990|힐스테이트|16657|x|3|0.049|0.01|0.01|0.136|0.116|0.137|0.087|0.08|0.055|0.083|0.031|0.06|0.025|0.033|0.088
202410|26|43110|43110000|4115000000|부산|성남시|인계동|서초1동|NH9887|푸르지오|4890|x|4|0.089|0.05|0.026|0.041|0.051|0.007|0.152|0.041|0.088|0.099|0.026|0.124|0.024|0.001|0.182
202410|27|11170|44130000|1120000000|인천|서초구|역삼동|서초1동|NH9180|힐스테이트|5300|2|5|0.133|0.125|0.006|0.035|0.015|0.012|0.059|0.028|0.009|0.027|0.039|0.083|0.118|0.047|0.264
202410|46|41130|27110000|4113000000|부산|성남시|역삼동|서초1동|NH5852|래미안|18312|2|3|0.052|0.003|0.005|0.126|0.021|0.051|0.219|0.016|0.033|0.048|0.092|0.16|0.038|0.116|0.02
202410|11|11110|11200000|2614000000|부산|수원시|인계동|서초1동|NH7080|푸르지오|14403|1|3|0.138|0.005|0.204|0.178|0.027|0.021|0.026|0.101|0.07|0.015|0.166|0.004|0.01|0.006|0.03
202410|45|41130|11140000|4115000000|경기|수원시|역삼동|역삼1동|NH5438|푸르지오|15657|2|3|0.021|0.031|0.009|0.162|0.106|0.023|0.066|0.006|0.003|0.09|0.006|0.043|0.002|0.423|0.008
202410|47|44130|45110000|2711000000|서울|서초구|서초동|서초1동|NH3357|푸르지오|13025|2|3|0.055|0.156|0.008|0.038|0.007|0.036|0.016|0.013|0.099|0.206|0.252|0.013|0.0|0.067|0.032
202410|47|43110|44130000|4115000000|서울|서초구|역삼동|서초1동|NH6222|자이|4370|1|2|0.088|0.041|0.044|0.145|0.022|0.01|0.045|0.243|0.055|0.007|0.068|0.103|0.0|0.122|0.005
202410|44|27110|26140000|4413000000|경기|성남시|역삼동|서초1동|NH1963|푸르지오|14922|2|6|0.114|0.013|0.048|0.021|0.009|0.322|0.072|0.079|0.004|0.064|0.094|0.043|0.04|0.021|0.057
202410|47|26140|41110000|1111000000|부산|수원시|인계동|서초1동|NH1168|자이|11081|x|3|0.023|0.017|0.293|0.005|0.075|0.017|0.093|0.031|0.025|0.031|0.074|0.119|0.019|0.166|0.01
202410|45|27110|26140000|2711000000|인천|수원시|서초동|역삼1동|NH9116|푸르지오|3326|1|6|0.014|0.047|0.107|0.029|0.027|0.095|0.139|0.108|0.05|0.025|0.091|0.083|0.074|0.013|0.098
202410|26|47110|26110000|2611000000|서울|수원시|서초동|서초1동|NH4847|래미안|7412|1|4|0.001|0.024|0.042|0.073|0.02|0.086|0.115|0.103|0.169|0.0|0.103|0.121|0.01|0.029|0.103
202410|46|43110|26110000|2711000000|부산|서초구|서초동|서초1동|NH4234|푸르지오|8776|1|4|0.133|0.121|0.157|0.103|0.046|0.022|0.085|0.089|0.019|0.059|0.003|0.014|0.125|0.014|0.011
202410|27|46110|43110000|2614000000|경기|강남구|서초동|역삼1동|NH8829|푸르지오|15627|2|4|0.009|0.093|0.033|0.033|0.014|0.001|0.032|0.057|0.082|0.327|0.018|0.044|0.076|0.182|0.0
202410|45|47110|43110000|2711000000|서울|성남시|인계동|서초1동|NH7066|힐스테이트|17733|1|6|0.081|0.086|0.129|0.052|0.033|0.098|0.029|0.006|0.035|0.02|0.02|0.134|0.011|0.262|0.002
202410|43|43110|45110000|1120000000|경기|수원시|역삼동|서초1동|NH9427|래미안|15249|1|3|0.003|0.033|0.011|0.027|0.07|0.027|0.281|0.071|0.041|0.02|0.027|0.23|0.055|0.017|0.086
202410|11|42110|47110000|4113000000|인천|서초구|서초동|역삼1동|NH3763|푸르지오|6644|1|5|0.021|0.294|0.071|0.002|0.017|0.004|0.068|0.089|0.105|0.01|0.033|0.001|0.034|0.133|0.116
202410|47|46110|46110000|1120000000|부산|수원시|인계동|역삼1동|NH6561|힐스테이트|11288|1|4|0.179|0.045|0.07|0.003|0.2|0.086|0.021|0.019|0.09|0.085|0.012|0.1|0.024|0.047|0.019
202410|46|11170|43110000|2614000000|경기|성남시|인계동|역삼1동|NH5470|푸르지오|7299|2|5|0.067|0.073|0.015|0.072|0.03|0.161|0.038|0.105|0.002|0.142|0.069|0.12|0.022|0.01|0.073
202410|44|45110|41130000|4711000000|인천|강남구|인계동|역삼1동|NH3563|래미안|9910|1|6|0.016|0.229|0.157|0.147|0.084|0.07|0.09|0.008|0.013|0.049|0.03|0.035|0.002|0.009|0.061
202410|43|11200|47110000|4511000000|경기|성남시|서초동|서초1동|NH9851|자이|15287|1|5|0.194|0.042|0.005|0.012|0.074|0.177|0.049|0.025|0.015|0.135|0.146|0.074|0.049|0.003|0.001
202410|45|41110|42110000|1117000000|경기|강남구|역삼동|서초1동|NH3177|힐스테이트|4610|2|2|0.031|0.194|0.107|0.073|0.057|0.006|0.024|0.075|0.103|0.033|0.112|0.023|0.098|0.04|0.024
202410|46|26140|41110000|1120000000|경기|수원시|역삼동|역삼1동|NH3740|래미안|9953|1|4|0.019|0.089|0.079|0.103|0.025|0.006|0.03|0.149|0.002|0.343|0.005|0.015|0.06|0.037|0.036
202410|41|42110|44130000|4211000000|인천|성남시|역삼동|서초1동|NH3513|래미안|11331|x|5|0.205|0.033|0.08|0.091|0.139|0.03|0.019|0.019|0.105|0.085|0.044|0.025|0.02|0.033|0.072
202410|42|47110|46110000|4711000000|경기|강남구|인계동|역삼1동|NH9414|힐스테이트|5345|2|6|0.106|0.006|0.079|0.021|0.124|0.047|0.124|0.013|0.031|0.023|0.093|0.093|0.014|0.177|0.048
202410|46|41130|11140000|2611000000|부산|강남구|인계동|역삼1동|NH3475|푸르지오|17494|2|4|0.004|0.101|0.016|0.021|0.01|0.082|0.084|0.086|0.045|0.023|0.188|0.015|0.03|0.139|0.156
202410|42|44130|11200000|2711000000|서울|수원시|인계동|서초1동|NH8726|래미안|15957|1|5|0.008|0.042|0.005|0.005|0.074|0.169|0.081|0.017|0.05|0.095|0.084|0.131|0.131|0.029|0.079
202410|26|26110|41110000|4113000000|서울|수원시|서초동|역삼1동|NH2811|푸르지오|16062|1|2|0.186|0.031|0.059|0.023|0.023|0.045|0.066|0.146|0.002|0.02|0.084|0.012|0.049|0.076|0.178
202410|46|11200|41150000|1111000000|인천|성남시|서초동|역삼1동|NH2872|힐스테이트|15029|2|4|0.061|0.283|0.009|0.069|0.029|0.052|0.007|0.105|0.008|0.054|0.056|0.051|0.138|0.067|0.012
202410|11|41110|46110000|4211000000|인천|수원시|서초동|역삼1동|NH1256|래미안|10313|2|4|0.113|0.073|0.045|0.039|0.028|0.068|0.053|0.12|0.033|0.045|0.124|0.079|0.074|0.093|0.014
202410|42|43110|41110000|4413000000|부산|서초구|서초동|역삼1동|NH2460|힐스테이트|11008|2|5|0.076|0.116|0.069|0.025|0.11|0.018|0.103|0.099|0.017|0.017|0.027|0.013|0.107|0.064|0.14
202410|43|41110|42110000|4113000000|부산|수원시|인계동|역삼1동|NH3225|래미안|19221|1|5|0.095|0.041|0.129|0.014|0.01|0.062|0.181|0.015|0.051|0.031|0.003|0.045|0.23|0.081|0.012
202410|46|42110|26140000|4311000000|부산|서초구|인계동|서초1동|NH8221|자이|12390|2|6|0.105|0.06|0.007|0.152|0.148|0.035|0.003|0.073|0.196|0.03|0.012|0.024|0.04|0.111|0.005
202410|11|41110|28110000|2614000000|부산|강남구|인계동|서초1동|NH5660|자이|3492|1|2|0.028|0.025|0.027|0.093|0.042|0.006|0.076|0.286|0.023|0.146|0.078|0.073|0.003|0.048|0.046
202410|44|43110|11170000|1117000000|경기|수원시|인계동|서초1동|NH4055|자이|18999|1|5|0.05|0.109|0.115|0.071|0.026|0.064|0.024|0.024|0.113|0.049|0.012|0.001|0.017|0.153|0.173
202410|47|41110|11140000|4211000000|경기|수원시|서초동|역삼1동|NH9917|자이|3546|1|4|0.028|0.028|0.046|0.096|0.038|0.095|0.073|0.059|0.045|0.008|0.166|0.176|0.094|0.03|0.019
202410|47|41130|47110000|2811000000|경기|서초구|서초동|역삼1동|NH9422|래미안|17506|2|4|0.197|0.032|0.004|0.047|0.016|0.017|0.14|0.001|0.059|0.041|0.114|0.054|0.138|0.073|0.067
202410|43|41110|42110000|4115000000|서울|서초구|역삼동|서초1동|NH7975|힐스테이트|2308|x|4|0.157|0.066|0.025|0.067|0.014|0.018|0.142|0.023|0.128|0.012|0.01|0.129|0.049|0.061|0.1
202410|47|42110|26140000|4115000000|부산|강남구|인계동|서초1동|NH8749|힐스테이트|10372|1|4|0.027|0.038|0.02|0.033|0.124|0.017|0.024|0.053|0.003|0.226|0.171|0.049|0.089|0.105|0.02
202410|47|26110|41150000|1114000000|경기|수원시|역삼동|역삼1동|NH3200|래미안|6010|1|5|0.047|0.251|0.1|0.041|0.029|0.018|0.036|0.0|0.012|0.029|0.201|0.063|0.12|0.027|0.026
202410|11|45110|42110000|4115000000|인천|강남구|서초동|역삼1동|NH6465|자이|18098|2|5|0.112|0.011|0.005|0.003|0.084|0.005|0.089|0.018|0.13|0.103|0.091|0.077|0.004|0.033|0.235
202410|44|47110|43110000|4111000000|경기|수원시|서초동|서초1동|NH1079|자이|19154|2|3|0.081|0.015|0.077|0.101|0.011|0.026|0.044|0.316|0.023|0.028|0.039|0.046|0.087|0.105|0.003
202410|44|41130|26140000|4111000000|경기|수원시|서초동|역삼1동|NH6309|힐스테이트|19279|1|6|0.147|0.092|0.005|0.022|0.115|0.133|0.009|0.232|0.003|0.028|0.018|0.105|0.069|0.019|0.005
202410|47|27110|27110000|2614000000|인천|성남시|역삼동|서초1동|NH8855|래미안|17248|2|3|0.037|0.174|0.012|0.024|0.11|0.233|0.051|0.004|0.113|0.1|0.028|0.007|0.023|0.002|0.083
202410|46|46110|11140000|2614000000|경기|수원시|서초동|역삼1동|NH5566|푸르지오|16658|2|4|0.002|0.389|0.111|0.069|0.02|0.003|0.036|0.095|0.019|0.043|0.015|0.003|0.059|0.125|0.008
202410|26|41110|11110000|4111000000|부산|강남구|서초동|서초1동|NH5291|자이|10906|1|2|0.014|0.042|0.0|0.146|0.029|0.053|0.402|0.007|0.001|0.007|0.062|0.092|0.046|0.019|0.081
202410|27|45110|41110000|4711000000|경기|수원시|역삼동|서초1동|NH7142|자이|18312|1|5|0.005|0.041|0.043|0.001|0.004|0.008|0.006|0.082|0.05|0.017|0.106|0.019|0.159|0.397|0.063
202410|45|45110|11140000|4111000000|경기|수원시|역삼동|서초1동|NH1022|힐스테이트|17143|1|6|0.05|0.047|0.021|0.002|0.224|0.162|0.118|0.026|0.082|0.092|0.03|0.067|0.05|0.021|0.008
202410|47|44130|11110000|4511000000|서울|서초구|서초동|역삼1동|NH8898|래미안|11130|1|5|0.051|0.147|0.126|0.003|0.085|0.019|0.074|0.014|0.173|0.153|0.015|0.022|0.049|0.022|0.047
202410|46|45110|41130000|4211000000|서울|강남구|인계동|서초1동|NH4071|자이|17731|2|5|0.031|0.001|0.122|0.049|0.005|0.066|0.004|0.087|0.117|0.015|0.076|0.035|0.007|0.248|0.136
202410|47|44130|26140000|4115000000|서울|서초구|서초동|역삼1동|NH1763|푸르지오|9879|2|5|0.077|0.068|0.002|0.106|0.011|0.124|0.374|0.007|0.014|0.022|0.006|0.024|0.083|0.019|0.063
202410|43|11200|47110000|2811000000|경기|강남구|인계동|역삼1동|NH5293|푸르지오|19979|2|3|0.083|0.001|0.056|0.024|0.004|0.097|0.084|0.051|0.104|0.009|0.031|0.026|0.18|0.215|0.035
202410|47|41110|11200000|4611000000|인천|수원시|역삼동|서초1동|NH7786|푸르지오|15279|x|2|0.043|0.092|0.015|0.021|0.085|0.001|0.072|0.064|0.124|0.073|0.036|0.118|0.194|0.046|0.017
202410|45|42110|47110000|4711000000|경기|강남구|인계동|역삼1동|NH1636|자이|12731|2|4|0.017|0.014|0.013|0.297|0.084|0.031|0.134|0.007|0.013|0.002|0.098|0.073|0.039|0.017|0.158
202410|45|11170|26110000|1114000000|경기|강남구|인계동|역삼1동|NH5595|자이|16095|2|4|0.036|0.054|0.075|0.012|0.038|0.017|0.0|0.22|0.074|0.065|0.134|0.122|0.032|0.037|0.083
202410|11|45110|26110000|1120000000|경기|성남시|역삼동|역삼1동|NH9204|힐스테이트|13945|2|4|0.04|0.052|0.046|0.143|0.043|0.029|0.103|0.06|0.011|0.092|0.047|0.205|0.105|0.004|0.02
202410|46|41150|26110000|4113000000|경기|수원시|서초동|서초1동|NH6239|푸르지오|7688|2|5|0.009|0.076|0.184|0.063|0.034|0.04|0.176|0.059|0.077|0.038|0.045|0.02|0.099|0.058|0.024
202410|45|44130|42110000|2611000000|서울|서초구|서초동|서초1동|NH3395|래미안|17894|2|3|0.123|0.006|0.022|0.01|0.199|0.009|0.123|0.096|0.02|0.036|0.034|0.14|0.001|0.054|0.126
202410|45|44130|27110000|2614000000|인천|성남시|서초동|역삼1동|NH2622|푸르지오|8915|2|6|0.075|0.009|0.032|0.029|0.029|0.0|0.009|0.083|0.167|0.118|0.059|0.016|0.234|0.113|0.026
202410|45|27110|41150000|4111000000|인천|성남시|인계동|서초1동|NH5574|자이|13168|2|4|0.189|0.039|0.125|0.059|0.099|0.063|0.072|0.113|0.02|0.063|0.094|0.016|0.003|0.04|0.007
202410|44|45110|41150000|1114000000|부산|서초구|서초동|서초1동|NH4330|힐스테이트|6787|2|3|0.025|0.03|0.071|0.011|0.003|0.021|0.121|0.022|0.099|0.024|0.034|0.005|0.233|0.244|0.057
202410|26|26140|42110000|4413000000|인천|성남시|서초동|역삼1동|NH2105|자이|19607|x|5|0.04|0.013|0.031|0.174|0.07|0.026|0.146|0.124|0.154|0.046|0.072|0.007|0.086|0.003|0.007
202410|43|42110|28110000|1117000000|경기|서초구|서초동|서초1동|NH3324|자이|2331|1|4|0.003|0.164|0.018|0.017|0.02|0.108|0.121|0.035|0.012|0.305|0.011|0.02|0.041|0.002|0.122
202410|44|11110|11200000|2611000000|경기|서초구|인계동|역삼1동|NH5208|래미안|7627|2|3|0.162|0.206|0.011|0.024|0.013|0.079|0.013|0.004|0.114|0.027|0.026|0.13|0.149|0.006|0.035
202410|11|26110|42110000|1114000000|경기|강남구|인계동|역삼1동|NH6432|푸르지오|2424|2|5|0.029|0.08|0.017|0.04|0.086|0.017|0.023|0.024|0.141|0.08|0.078|0.05|0.015|0.223|0.096
202410|42|41150|41130000|4711000000|부산|성남시|서초동|역삼1동|NH8048|푸르지오|8903|2|5|0.117|0.032|0.007|0.041|0.038|0.018|0.012|0.044|0.05|0.222|0.005|0.022|0.366|0.002|0.023
202410|26|44130|41150000|1111000000|부산|강남구|서초동|서초1동|NH9260|푸르지오|5249|2|5|0.076|0.133|0.063|0.066|0.124|0.026|0.126|0.026|0.044|0.009|0.017|0.161|0.03|0.015|0.084
202410|41|11170|46110000|2614000000|서울|성남시|역삼동|역삼1동|NH3761|푸르지오|13254|2|3|0.012|0.054|0.006|0.036|0.075|0.101|0.211|0.104|0.038|0.002|0.106|0.012|0.047|0.012|0.183
202410|41|46110|26140000|2711000000|서울|서초구|역삼동|서초1동|NH2451|푸르지오|6975|2|4|0.114|0.047|0.094|0.046|0.278|0.009|0.057|0.071|0.022|0.062|0.025|0.008|0.008|0.119|0.04
202410|43|47110|11200000|2614000000|서울|수원시|역삼동|역삼1동|NH3985|자이|16751|1|4|0.069|0.087|0.038|0.121|0.129|0.03|0.121|0.017|0.03|0.071|0.025|0.074|0.16|0.014|0.012
202410|46|46110|41110000|4413000000|서울|서초구|서초동|서초1동|NH9225|푸르지오|5966|1|5|0.004|0.007|0.06|0.007|0.24|0.009|0.035|0.107|0.159|0.089|0.029|0.063|0.02|0.146|0.026
202410|47|41130|47110000|2711000000|경기|강남구|역삼동|역삼1동|NH7340|래미안|2912|1|5|0.166|0.214|0.213|0.026|0.01|0.066|0.004|0.007|0.099|0.011|0.043|0.073|0.014|0.026|0.029
202410|41|46110|42110000|1117000000|인천|강남구|서초동|역삼1동|NH8546|래미안|3762|1|3|0.08|0.039|0.025|0.07|0.213|0.034|0.085|0.073|0.047|0.022|0.048|0.006|0.102|0.092|0.065
202410|26|47110|28110000|4511000000|경기|서초구|서초동|역삼1동|NH1256|푸르지오|15632|2|4|0.121|0.049|0.022|0.025|0.056|0.055|0.133|0.011|0.069|0.067|0.193|0.028|0.014|0.113|0.044
202410|47|11200|45110000|4111000000|서울|성남시|역삼동|역삼1동|NH5229|래미안|6289|2|3|0.021|0.039|0.063|0.14|0.012|0.063|0.074|0.169|0.016|0.099|0.048|0.047|0.062|0.091|0.056
202410|47|27110|11170000|4115000000|경기|수원시|인계동|서초1동|NH1046|푸르지오|15954|x|5|0.059|0.077|0.003|0.079|0.018|0.075|0.023|0.021|0.097|0.061|0.206|0.155|0.018|0.064|0.043
202410|11|41150|44130000|4111000000|경기|수원시|서초동|서초1동|NH3999|래미안|7859|1|2|0.026|0.055|0.137|0.002|0.042|0.047|0.034|0.115|0.0|0.129|0.049|0.011|0.137|0.19|0.026
202410|43|11170|11170000|4413000000|서울|강남구|역삼동|서초1동|NH2329|푸르지오|19680|1|4|0.183|0.089|0.081|0.103|0.004|0.016|0.034|0.162|0.008|0.095|0.01|0.003|0.054|0.036|0.122
202410|45|44130|11110000|4113000000|서울|성남시|인계동|서초1동|NH3453|래미안|16119|x|3|0.045|0.001|0.037|0.186|0.017|0.024|0.02|0.09|0.307|0.158|0.058|0.001|0.009|0.041|0.006
202410|41|47110|26140000|2711000000|서울|서초구|역삼동|역삼1동|NH2076|힐스테이트|12809|2|4|0.098|0.187|0.01|0.099|0.095|0.015|0.054|0.042|0.095|0.082|0.036|0.004|0.07|0.098|0.015
202410|46|26110|26110000|4111000000|부산|서초구|인계동|서초1동|NH3192|푸르지오|6209|2|4|0.106|0.121|0.009|0.072|0.075|0.088|0.105|0.13|0.018|0.008|0.183|0.003|0.065|0.009|0.009
202410|11|41130|28110000|2811000000|서울|서초구|인계동|서초1동|NH9304|자이|11785|2|6|0.058|0.017|0.009|0.027|0.071|0.168|0.086|0.01|0.103|0.029|0.044|0.085|0.068|0.101|0.123
202410|43|45110|41110000|4115000000|인천|성남시|역삼동|역삼1동|NH1212|자이|12084|2|3|0.244|0.02|0.02|0.136|0.043|0.038|0.061|0.009|0.066|0.229|0.017|0.069|0.014|0.023|0.011
202410|11|26110|45110000|1120000000|부산|서초구|역삼동|서초1동|NH9696|래미안|13998|1|4|0.108|0.09|0.092|0.075|0.027|0.059|0.059|0.001|0.15|0.108|0.041|0.009|0.071|0.027|0.083
202410|45|41130|41110000|4511000000|인천|강남구|역삼동|서초1동|NH2128|래미안|11841|2|4|0.266|0.04|0.049|0.007|0.055|0.102|0.061|0.046|0.211|0.021|0.008|0.005|0.011|0.039|0.079
202410|27|11140|46110000|4311000000|경기|성남시|인계동|서초1동|NH2851|자이|16327|2|6|0.033|0.018|0.004|0.023|0.05|0.002|0.063|0.075|0.125|0.216|0.023|0.179|0.017|0.06|0.113
202410|42|47110|43110000|1120000000|서울|강남구|서초동|역삼1동|NH6150|힐스테이트|13085|1|2|0.151|0.127|0.029|0.031|0.016|0.021|0.228|0.017|0.075|0.006|0.054|0.068|0.036|0.108|0.033
202410|43|11140|45110000|4111000000|서울|성남시|서초동|서초1동|NH2794|푸르지오|12901|2|4|0.111|0.076|0.033|0.067|0.026|0.083|0.006|0.038|0.048|0.361|0.107|0.001|0.008|0.023|0.014
202410|45|28110|27110000|4311000000|부산|성남시|서초동|역삼1동|NH5122|힐스테이트|11425|2|5|0.04|0.036|0.089|0.031|0.074|0.01|0.068|0.219|0.074|0.063|0.034|0.019|0.017|0.175|0.05
202410|43|41110|42110000|4413000000|부산|성남시|역삼동|서초1동|NH7298|래미안|15477|1|4|0.04|0.224|0.232|0.166|0.004|0.027|0.095|0.042|0.009|0.012|0.003|0.033|0.023|0.002|0.088
202410|45|42110|46110000|4113000000|부산|성남시|역삼동|서초1동|NH3288|래미안|2842|1|5|0.116|0.052|0.129|0.1|0.156|0.015|0.001|0.009|0.041|0.028|0.109|0.066|0.076|0.073|0.03
202410|47|44130|44130000|1117000000|서울|수원시|인계동|역삼1동|NH2252|힐스테이트|9182|2|6|0.021|0.014|0.004|0.029|0.052|0.126|0.009|0.002|0.138|0.041|0.027|0.118|0.192|0.16|0.067
202410|44|26140|41110000|4211000000|경기|수원시|서초동|역삼1동|NH7736|푸르지오|19042|x|5|0.002|0.056|0.063|0.05|0.077|0.093|0.072|0.048|0.01|0.252|0.061|0.088|0.091|0.014|0.023
202410|26|26110|47110000|1120000000|서울|성남시|서초동|서초1동|NH9037|자이|7809|1|5|0.0|0.176|0.011|0.016|0.098|0.116|0.048|0.121|0.0|0.137|0.16|0.015|0.001|0.035|0.066
202410|43|28110|26140000|1114000000|서울|성남시|역삼동|서초1동|NH4658|자이|18956|x|5|0.032|0.056|0.004|0.036|0.068|0.118|0.041|0.101|0.149|0.059|0.087|0.102|0.078|0.032|0.035
202410|45|41150|11140000|2811000000|경기|강남구|인계동|서초1동|NH8407|자이|6259|2|5|0.075|0.036|0.096|0.016|0.059|0.106|0.081|0.224|0.017|0.111|0.08|0.026|0.0|0.01|0.063
202410|42|27110|41110000|4413000000|인천|강남구|인계동|역삼1동|NH4874|래미안|9300|1|5|0.006|0.013|0.193|0.088|0.001|0.266|0.01|0.009|0.07|0.066|0.05|0.024|0.016|0.055|0.132
202410|46|45110|41130000|2811000000|부산|수원시|인계동|역삼1동|NH1082|힐스테이트|13810|1|3|0.075|0.068|0.118|0.032|0.069|0.015|0.099|0.051|0.114|0.017|0.128|0.015|0.059|0.105|0.034
202410|41|47110|41110000|1120000000|경기|서초구|인계동|역삼1동|NH6127|자이|12609|1|6|0.287|0.028|0.001|0.04|0.016|0.001|0.046|0.009|0.075|0.206|0.064|0.052|0.058|0.065|0.052
202410|11|11200|43110000|1111000000|인천|강남구|서초동|서초1동|NH9543|자이|10814|2|4|0.149|0.02|0.205|0.082|0.027|0.004|0.045|0.078|0.088|0.079|0.031|0.075|0.086|0.018|0.013
202410|45|42110|26140000|1114000000|인천|수원시|서초동|역삼1동|NH8625|래미안|18777|1|5|0.092|0.023|0.294|0.001|0.013|0.005|0.013|0.016|0.04|0.066|0.017|0.082|0.023|0.023|0.291
202410|45|27110|11110000|2811000000|경기|강남구|역삼동|역삼1동|NH8117|래미안|16843|2|4|0.005|0.072|0.003|0.062|0.018|0.01|0.05|0.028|0.055|0.205|0.104|0.031|0.125|0.151|0.081
202410|11|41110|11110000|4511000000|서울|강남구|역삼동|서초1동|NH3904|푸르지오|3066|1|3|0.144|0.073|0.05|0.019|0.213|0.021|0.079|0.017|0.142|0.074|0.014|0.061|0.07|0.02|0.004
202410|47|42110|43110000|4115000000|부산|수원시|서초동|서초1동|NH8269|자이|7220|1|4|0.042|0.099|0.141|0.169|0.061|0.057|0.046|0.011|0.014|0.246|0.02|0.001|0.059|0.027|0.006
202410|42|26140|47110000|4211000000|부산|서초구|서초동|서초1동|NH4503|푸르지오|5803|2|4|0.041|0.004|0.018|0.023|0.029|0.047|0.009|0.027|0.037|0.142|0.083|0.159|0.16|0.04|0.18
202410|41|26110|11200000|4511000000|인천|성남시|서초동|역삼1동|NH3398|힐스테이트|18057|1|5|0.106|0.016|0.022|0.07|0.049|0.06|0.027|0.004|0.022|0.227|0.039|0.016|0.102|0.237|0.003
202410|43|26110|11140000|4413000000|인천|강남구|역삼동|서초1동|NH7136|래미안|18391|2|3|0.011|0.248|0.059|0.087|0.014|0.104|0.085|0.015|0.019|0.014|0.019|0.005|0.024|0.229|0.068
202410|11|41110|45110000|4111000000|인천|서초구|서초동|서초1동|NH1351|래미안|8675|2|5|0.028|0.041|0.002|0.03|0.083|0.081|0.008|0.04|0.132|0.109|0.148|0.102|0.065|0.12|0.011
202410|45|11200|28110000|1111000000|서울|서초구|역삼동|역삼1동|NH5146|푸르지오|4930|2|5|0.166|0.021|0.023|0.022|0.005|0.004|0.02|0.09|0.021|0.043|0.236|0.22|0.035|0.081|0.016
202410|26|26140|11170000|1117000000|인천|성남시|서초동|서초1동|NH6497|자이|10488|1|3|0.263|0.087|0.01|0.065|0.022|0.007|0.069|0.099|0.073|0.099|0.021|0.019|0.122|0.023|0.023
202410|46|41150|11170000|2614000000|경기|성남시|역삼동|역삼1동|NH5861|래미안|13976|2|6|0.035|0.07|0.015|0.079|0.04|0.03|0.001|0.08|0.338|0.057|0.094|0.102|0.043|0.011|0.003
202410|43|43110|41110000|2614000000|서울|서초구|역삼동|서초1동|NH2332|자이|14631|2|5|0.036|0.092|0.15|0.011|0.035|0.072|0.217|0.03|0.054|0.035|0.041|0.067|0.025|0.088|0.046
202410|26|42110|11140000|4113000000|서울|수원시|인계동|서초1동|NH5352|래미안|6522|1|4|0.012|0.395|0.039|0.07|0.035|0.007|0.057|0.018|0.041|0.047|0.072|0.04|0.065|0.019|0.083
202410|42|41150|47110000|1120000000|서울|성남시|서초동|서초1동|NH6452|자이|17285|x|4|0.019|0.031|0.012|0.008|0.002|0.017|0.069|0.054|0.025|0.146|0.077|0.222|0.159|0.087|0.074
202410|44|27110|11200000|1114000000|인천|성남시|역삼동|서초1동|NH7721|푸르지오|12020|1|6|0.022|0.022|0.06|0.176|0.058|0.021|0.101|0.061|0.016|0.048|0.068|0.056|0.052|0.131|0.108
202410|41|42110|26140000|2614000000|부산|서초구|역삼동|역삼1동|NH3699|힐스테이트|17176|1|5|0.065|0.18|0.069|0.128|0.041|0.029|0.051|0.028|0.034|0.048|0.102|0.003|0.028|0.098|0.096
202410|46|43110|11170000|2811000000|인천|수원시|인계동|서초1동|NH6848|푸르지오|10871|1|4|0.006|0.133|0.17|0.032|0.014|0.029|0.007|0.058|0.003|0.02|0.204|0.155|0.058|0.043|0.068
202410|41|45110|27110000|4311000000|부산|수원시|역삼동|서초1동|NH5340|푸르지오|2920|x|3|0.105|0.048|0.079|0.051|0.067|0.264|0.043|0.011|0.015|0.024|0.007|0.009|0.023|0.083|0.172
202410|44|45110|45110000|2611000000|서울|강남구|서초동|서초1동|NH2807|푸르지오|16840|2|4|0.074|0.063|0.008|0.01|0.175|0.1|0.06|0.131|0.242|0.03|0.037|0.017|0.0|0.037|0.014
202410|44|11110|41130000|4413000000|인천|수원시|서초동|역삼1동|NH4265|자이|18510|2|4|0.011|0.127|0.064|0.061|0.09|0.13|0.099|0.052|0.017|0.011|0.065|0.003|0.003|0.111|0.155
202410|46|28110|43110000|1111000000|인천|강남구|인계동|서초1동|NH1951|푸르지오|10912|1|5|0.017|0.001|0.117|0.074|0.062|0.045|0.123|0.053|0.107|0.05|0.067|0.071|0.052|0.065|0.095
202410|47|11200|26110000|4113000000|인천|성남시|역삼동|서초1동|NH9032|래미안|19210|1|4|0.052|0.082|0.086|0.064|0.026|0.067|0.018|0.13|0.035|0.12|0.111|0.105|0.047|0.041|0.016
202410|26|11200|45110000|2711000000|서울|성남시|역삼동|역삼1동|NH5322|자이|7982|x|4|0.077|0.065|0.073|0.078|0.112|0.084|0.006|0.039|0.003|0.098|0.055|0.124|0.058|0.039|0.09
202410|46|41110|11110000|4211000000|경기|서초구|서초동|서초1동|NH3654|푸르지오|16669|1|3|0.006|0.043|0.047|0.083|0.005|0.148|0.114|0.105|0.042|0.025|0.152|0.101|0.054|0.06|0.017
202410|43|43110|11170000|1117000000|경기|강남구|서초동|역삼1동|NH7422|힐스테이트|10906|x|4|0.014|0.017|0.157|0.043|0.01|0.072|0.054|0.097|0.005|0.078|0.169|0.063|0.025|0.06|0.134
202410|42|46110|42110000|2811000000|경기|성남시|역삼동|역삼1동|NH2939|푸르지오|4657|1|4|0.053|0.138|0.039|0.092|0.026|0.013|0.018|0.008|0.292|0.087|0.061|0.082|0.011|0.045|0.034
202410|45|45110|11200000|4711000000|부산|성남시|역삼동|서초1동|NH7457|힐스테이트|14576|2|4|0.047|0.008|0.201|0.049|0.124|0.021|0.132|0.053|0.044|0.006|0.203|0.008|0.023|0.006|0.075
202410|45|43110|11170000|4311000000|서울|서초구|역삼동|서초1동|NH8548|래미안|15339|x|5|0.013|0.069|0.046|0.294|0.027|0.048|0.04|0.071|0.044|0.011|0.025|0.06|0.147|0.01|0.095
202410|26|45110|45110000|2611000000|부산|수원시|서초동|서초1동|NH4238|푸르지오|7189|2|4|0.005|0.045|0.065|0.071|0.052|0.078|0.062|0.067|0.115|0.076|0.02|0.306|0.002|0.005|0.031
202410|11|43110|43110000|1117000000|인천|서초구|역삼동|서초1동|NH8950|자이|11320|1|6|0.095|0.093|0.023|0.015|0.161|0.055|0.043|0.099|0.018|0.07|0.042|0.01|0.074|0.001|0.203
202410|43|11110|11200000|1117000000|서울|수원시|인계동|역삼1동|NH4961|푸르지오|13623|2|3|0.026|0.024|0.07|0.013|0.276|0.037|0.116|0.012|0.045|0.026|0.099|0.018|0.083|0.056|0.1
202410|41|45110|11200000|4113000000|서울|강남구|인계동|역삼1동|NH6743|자이|4301|2|6|0.029|0.065|0.033|0.021|0.214|0.004|0.087|0.089|0.018|0.0|0.035|0.171|0.142|0.063|0.03
202410|27|26140|41130000|4413000000|경기|수원시|인계동|서초1동|NH7589|푸르지오|5487|2|2|0.047|0.047|0.002|0.009|0.088|0.293|0.075|0.039|0.001|0.168|0.011|0.032|0.041|0.026|0.119
202410|11|11110|26140000|4115000000|서울|성남시|서초동|역삼1동|NH2731|푸르지오|19665|1|6|0.073|0.006|0.047|0.057|0.032|0.012|0.147|0.08|0.089|0.078|0.034|0.11|0.073|0.085|0.077
202410|47|41110|45110000|2614000000|경기|강남구|역삼동|역삼1동|NH3105|푸르지오|18570|1|4|0.084|0.0|0.086|0.079|0.004|0.278|0.104|0.194|0.063|0.021|0.008|0.016|0.006|0.034|0.022
202410|46|47110|47110000|1117000000|부산|서초구|역삼동|서초1동|NH5067|래미안|7158|1|5|0.008|0.135|0.081|0.05|0.037|0.162|0.055|0.064|0.011|0.006|0.064|0.178|0.132|0.005|0.012
202410|27|41130|27110000|1111000000|인천|성남시|인계동|역삼1동|NH3719|푸르지오|2259|2|4|0.064|0.008|0.007|0.013|0.002|0.053|0.003|0.008|0.065|0.102|0.31|0.115|0.015|0.141|0.095
202410|46|41110|27110000|2611000000|부산|수원시|역삼동|서초1동|NH4821|래미안|8950|2|6|0.044|0.015|0.037|0.105|0.043|0.05|0.106|0.131|0.006|0.132|0.033|0.139|0.04|0.063|0.056
202410|26|41130|11200000|4311000000|경기|서초구|서초동|역삼1동|NH3605|힐스테이트|7484|2|3|0.048|0.031|0.107|0.022|0.012|0.032|0.031|0.399|0.068|0.049|0.056|0.0|0.07|0.07|0.006
202410|46|11200|27110000|4511000000|경기|성남시|인계동|역삼1동|NH7417|푸르지오|11652|1|4|0.116|0.014|0.018|0.094|0.079|0.094|0.072|0.083|0.084|0.034|0.03|0.013|0.121|0.091|0.057
202410|26|47110|11140000|4511000000|부산|서초구|서초동|서초1동|NH7844|푸르지오|5542|2|2|0.004|0.026|0.116|0.204|0.026|0.061|0.044|0.004|0.049|0.076|0.062|0.054|0.085|0.117|0.071
202410|47|27110|44130000|4511000000|서울|성남시|역삼동|서초1동|NH5320|힐스테이트|3354|1|3|0.068|0.036|0.265|0.163|0.035|0.011|0.025|0.069|0.078|0.005|0.019|0.103|0.054|0.04|0.03
202410|26|27110|11200000|4511000000|경기|성남시|역삼동|서초1동|NH5926|래미안|19018|x|5|0.097|0.131|0.14|0.002|0.078|0.006|0.102|0.052|0.048|0.008|0.216|0.052|0.004|0.051|0.013
202410|11|26110|28110000|4413000000|부산|서초구|역삼동|역삼1동|NH8587|자이|19234|2|5|0.035|0.151|0.016|0.096|0.041|0.042|0.015|0.112|0.017|0.072|0.07|0.158|0.033|0.115|0.027
202410|47|11140|26110000|2811000000|서울|강남구|인계동|역삼1동|NH8314|푸르지오|12610|1|4|0.009|0.069|0.056|0.065|0.114|0.03|0.033|0.082|0.037|0.06|0.026|0.222|0.109|0.001|0.088
202410|26|11200|28110000|1117000000|서울|서초구|서초동|서초1동|NH6622|힐스테이트|4204|x|4|0.023|0.058|0.326|0.019|0.057|0.112|0.027|0.026|0.067|0.028|0.014|0.112|0.031|0.085|0.016
202410|47|43110|11200000|1117000000|서울|강남구|역삼동|역삼1동|NH1776|힐스테이트|5981|1|5|0.026|0.089|0.056|0.084|0.148|0.073|0.032|0.073|0.111|0.002|0.023|0.227|0.028|0.023|0.006
202410|44|43110|11200000|2614000000|부산|강남구|역삼동|역삼1동|NH2033|자이|6059|1|3|0.238|0.026|0.146|0.001|0.053|0.002|0.05|0.024|0.036|0.071|0.006|0.159|0.079|0.039|0.072
202410|47|28110|11110000|4511000000|서울|성남시|역삼동|역삼1동|NH5348|자이|17012|1|4|0.053|0.013|0.065|0.088|0.033|0.004|0.087|0.016|0.191|0.03|0.061|0.159|0.181|0.008|0.012
202410|45|41110|42110000|4711000000|경기|강남구|역삼동|역삼1동|NH6375|자이|14232|1|4|0.101|0.023|0.106|0.139|0.023|0.083|0.015|0.008|0.077|0.016|0.141|0.158|0.006|0.09|0.013
202410|46|41110|44130000|1111000000|인천|성남시|역삼동|서초1동|NH9175|힐스테이트|4444|1|5|0.036|0.162|0.036|0.012|0.018|0.004|0.114|0.048|0.002|0.027|0.129|0.076|0.124|0.163|0.048
202410|45|28110|41110000|4511000000|경기|강남구|역삼동|역삼1동|NH4335|푸르지오|10434|2|3|0.011|0.047|0.02|0.288|0.009|0.092|0.19|0.022|0.198|0.043|0.038|0.022|0.002|0.016|0.003
202410|27|27110|26140000|4111000000|부산|강남구|역삼동|서초1동|NH7502|래미안|13862|2|4|0.056|0.148|0.01|0.005|0.046|0.237|0.005|0.171|0.055|0.064|0.124|0.036|0.005|0.028|0.009
202410|11|26140|41110000|4511000000|서울|수원시|서초동|서초1동|NH9339|자이|15047|x|6|0.05|0.04|0.07|0.021|0.079|0.273|0.006|0.034|0.046|0.116|0.138|0.043|0.048|0.018|0.019
202410|26|41130|41110000|2811000000|인천|강남구|서초동|역삼1동|NH6989|자이|11000|2|6|0.051|0.068|0.115|0.022|0.019|0.059|0.044|0.043|0.08|0.006|0.045|0.026|0.001|0.001|0.42
202410|27|47110|47110000|4711000000|경기|수원시|인계동|역삼1동|NH7935|자이|13922|2|5|0.252|0.028|0.017|0.006|0.06|0.048|0.001|0.022|0.205|0.146|0.047|0.019|0.08|0.02|0.047
202410|27|44130|11170000|4311000000|서울|강남구|인계동|서초1동|NH5423|푸르지오|14579|1|3|0.088|0.234|0.094|0.025|0.076|0.051|0.011|0.237|0.017|0.013|0.033|0.031|0.061|0.01|0.02
202410|43|11170|41130000|4113000000|서울|서초구|역삼동|서초1동|NH5645|자이|18365|2|5|0.032|0.029|0.033|0.012|0.07|0.005|0.024|0.2|0.207|0.049|0.021|0.128|0.054|0.132|0.004
202410|46|26110|26110000|1114000000|인천|서초구|서초동|서초1동|NH1220|푸르지오|13677|x|3|0.043|0.216|0.038|0.003|0.044|0.008|0.055|0.071|0.082|0.007|0.022|0.153|0.178|0.052|0.027
202410|46|26140|26110000|2614000000|인천|강남구|역삼동|서초1동|NH4743|푸르지오|11592|2|5|0.044|0.026|0.088|0.013|0.072|0.173|0.02|0.011|0.128|0.02|0.035|0.043|0.241|0.085|0.003
202410|46|42110|26140000|1114000000|서울|서초구|서초동|서초1동|NH7508|자이|9838|1|3|0.158|0.033|0.043|0.078|0.058|0.017|0.012|0.074|0.068|0.092|0.02|0.014|0.016|0.248|0.07
202410|26|41110|41150000|4611000000|인천|수원시|서초동|서초1동|NH4153|푸르지오|11194|2|3|0.073|0.047|0.019|0.084|0.005|0.05|0.028|0.01|0.058|0.393|0.063|0.02|0.075|0.048|0.028
202410|43|26140|41130000|4611000000|서울|성남시|역삼동|서초1동|NH4181|자이|3546|1|4|0.03|0.128|0.013|0.059|0.041|0.049|0.002|0.234|0.053|0.006|0.095|0.01|0.076|0.038|0.165
202410|43|41110|41110000|1111000000|인천|서초구|인계동|서초1동|NH8026|래미안|4237|1|2|0.022|0.186|0.016|0.032|0.003|0.033|0.019|0.412|0.046|0.032|0.017|0.095|0.077|0.004|0.006
202410|43|26110|46110000|1111000000|부산|강남구|인계동|역삼1동|NH7170|래미안|17153|2|5|0.02|0.001|0.118|0.067|0.014|0.042|0.01|0.06|0.133|0.06|0.035|0.273|0.05|0.098|0.018
202410|42|11140|11200000|4511000000|부산|강남구|인계동|역삼1동|NH2632|자이|5384|2|4|0.005|0.022|0.065|0.084|0.151|0.166|0.123|0.058|0.109|0.125|0.009|0.02|0.051|0.006|0.006
202410|26|46110|41130000|2611000000|경기|서초구|역삼동|서초1동|NH8816|자이|16451|2|6|0.016|0.03|0.098|0.045|0.015|0.099|0.126|0.012|0.108|0.096|0.099|0.077|0.064|0.087|0.029
202410|27|11170|11200000|4413000000|서울|강남구|인계동|서초1동|NH5108|자이|10147|1|5|0.079|0.098|0.023|0.038|0.037|0.025|0.23|0.065|0.0|0.072|0.076|0.06|0.083|0.049|0.066
202410|44|41110|41150000|2811000000|인천|성남시|인계동|서초1동|NH8189|힐스테이트|18348|1|5|0.122|0.032|0.078|0.077|0.021|0.083|0.02|0.0|0.12|0.037|0.08|0.019|0.034|0.155|0.121
202410|26|46110|43110000|4711000000|부산|수원시|서초동|서초1동|NH8512|힐스테이트|16665|x|5|0.165|0.007|0.036|0.073|0.012|0.125|0.015|0.061|0.017|0.055|0.049|0.09|0.07|0.192|0.033
202410|41|42110|11200000|4113000000|서울|강남구|인계동|역삼1동|NH9078|푸르지오|16879|2|5|0.013|0.062|0.003|0.106|0.151|0.012|0.035|0.041|0.272|0.129|0.009|0.002|0.146|0.016|0.002
202410|45|27110|11170000|2811000000|인천|강남구|서초동|역삼1동|NH4450|자이|5985|1|4|0.118|0.042|0.03|0.238|0.065|0.067|0.028|0.079|0.023|0.023|0.081|0.105|0.059|0.025|0.019
202410|11|46110|26110000|4113000000|서울|강남구|인계동|서초1동|NH4129|힐스테이트|14599|1|4|0.04|0.016|0.048|0.097|0.044|0.004|0.067|0.057|0.087|0.002|0.009|0.176|0.064|0.131|0.16
202410|46|42110|11110000|2811000000|부산|강남구|역삼동|역삼1동|NH2296|래미안|19677|1|6|0.007|0.003|0.083|0.131|0.019|0.079|0.043|0.086|0.056|0.079|0.051|0.052|0.077|0.019|0.216
202410|45|41130|11140000|4211000000|부산|성남시|인계동|역삼1동|NH6789|푸르지오|18162|2|5|0.029|0.079|0.042|0.027|0.031|0.165|0.077|0.015|0.082|0.042|0.096|0.022|0.278|0.007|0.007
202410|47|41110|45110000|4113000000|인천|수원시|역삼동|역삼1동|NH4633|래미안|18981|2|2|0.026|0.015|0.087|0.041|0.025|0.064|0.026|0.224|0.093|0.092|0.077|0.084|0.021|0.022|0.102
202410|44|27110|27110000|2711000000|부산|수원시|역삼동|서초1동|NH6275|자이|17987|1|5|0.008|0.113|0.07|0.311|0.042|0.005|0.025|0.023|0.226|0.009|0.022|0.085|0.004|0.022|0.033
202410|42|46110|42110000|1111000000|경기|서초구|역삼동|서초1동|NH1135|자이|4417|2|3|0.015|0.065|0.197|0.022|0.011|0.006|0.035|0.004|0.176|0.092|0.201|0.048|0.052|0.065|0.009
202410|26|11110|44130000|4211000000|인천|수원시|인계동|역삼1동|NH6424|푸르지오|15906|1|4|0.144|0.035|0.019|0.038|0.009|0.069|0.034|0.059|0.236|0.015|0.198|0.025|0.023|0.025|0.071
202410|42|47110|26110000|4113000000|부산|서초구|역삼동|역삼1동|NH2047|자이|4936|2|4|0.158|0.02|0.07|0.118|0.074|0.044|0.033|0.078|0.03|0.032|0.109|0.097|0.012|0.111|0.013
202410|47|41130|11110000|4115000000|서울|서초구|서초동|역삼1동|NH8078|푸르지오|14294|1|6|0.211|0.103|0.054|0.074|0.094|0.118|0.047|0.033|0.012|0.183|0.019|0.005|0.029|0.009|0.009
202410|46|47110|41130000|1117000000|부산|강남구|역삼동|역삼1동|NH7659|래미안|10667|2|3|0.098|0.002|0.051|0.082|0.11|0.043|0.135|0.025|0.021|0.087|0.013|0.013|0.019|0.186|0.112
202410|42|45110|11110000|4211000000|경기|수원시|역삼동|서초1동|NH6362|푸르지오|18037|1|6|0.057|0.002|0.137|0.111|0.07|0.003|0.161|0.017|0.011|0.099|0.168|0.112|0.003|0.031|0.017
202410|46|41150|11110000|2811000000|서울|수원시|인계동|역삼1동|NH6589|힐스테이트|11805|x|3|0.058|0.036|0.025|0.205|0.0|0.016|0.057|0.021|0.178|0.113|0.073|0.005|0.117|0.06|0.037
202410|42|11110|41110000|4711000000|서울|수원시|인계동|서초1동|NH9486|푸르지오|15584|1|6|0.105|0.104|0.038|0.049|0.032|0.044|0.019|0.083|0.021|0.152|0.113|0.041|0.115|0.008|0.075
202410|46|11200|44130000|4413000000|부산|강남구|서초동|서초1동|NH2437|힐스테이트|15471|2|4|0.019|0.049|0.006|0.085|0.069|0.002|0.018|0.008|0.016|0.003|0.346|0.08|0.006|0.177|0.115
202410|46|11110|11110000|2611000000|서울|성남시|역삼동|역삼1동|NH7874|푸르지오|2807|2|4|0.091|0.142|0.019|0.022|0.142|0.117|0.03|0.001|0.017|0.259|0.019|0.016|0.009|0.103|0.012
202410|47|28110|42110000|4111000000|인천|수원시|서초동|역삼1동|NH9852|힐스테이트|3139|2|3|0.045|0.012|0.205|0.144|0.021|0.01|0.148|0.077|0.106|0.012|0.001|0.025|0.095|0.01|0.089
202410|41|11110|44130000|1111000000|부산|성남시|역삼동|서초1동|NH3753|자이|12205|2|3|0.037|0.099|0.05|0.124|0.016|0.014|0.287|0.021|0.048|0.047|0.085|0.039|0.004|0.107|0.022
202410|46|26140|47110000|4115000000|부산|서초구|서초동|역삼1동|NH3969|푸르지오|16582|2|4|0.031|0.164|0.093|0.077|0.027|0.056|0.035|0.12|0.078|0.041|0.008|0.151|0.012|0.005|0.1
202410|11|44130|41150000|1111000000|부산|서초구|역삼동|서초1동|NH7110|힐스테이트|8076|1|6|0.075|0.023|0.037|0.026|0.201|0.109|0.001|0.051|0.057|0.061|0.068|0.124|0.061|0.09|0.016
202410|44|41150|44130000|4611000000|부산|강남구|서초동|역삼1동|NH2126|자이|16438|1|4|0.067|0.069|0.029|0.026|0.013|0.065|0.092|0.033|0.043|0.062|0.026|0.323|0.04|0.042|0.07
202410|27|26140|47110000|4113000000|경기|강남구|인계동|서초1동|NH6425|래미안|7980|1|6|0.043|0.035|0.066|0.112|0.004|0.075|0.028|0.061|0.122|0.156|0.024|0.049|0.131|0.047|0.05
202410|47|44130|26110000|2614000000|부산|강남구|서초동|역삼1동|NH9302|힐스테이트|14198|x|3|0.059|0.066|0.037|0.092|0.007|0.061|0.022|0.024|0.203|0.023|0.133|0.119|0.019|0.074|0.061
202410|42|47110|41110000|4211000000|부산|강남구|인계동|역삼1동|NH5988|자이|10304|2|6|0.086|0.273|0.044|0.05|0.141|0.042|0.088|0.003|0.091|0.014|0.013|0.091|0.021|0.037|0.005
202410|46|26140|11140000|4413000000|인천|서초구|역삼동|서초1동|NH8065|자이|12707|1|2|0.079|0.039|0.041|0.042|0.0|0.019|0.04|0.048|0.077|0.378|0.095|0.021|0.024|0.01|0.087
202410|46|44130|41150000|2811000000|인천|강남구|서초동|서초1동|NH7794|자이|13032|2|2|0.003|0.06|0.013|0.002|0.035|0.015|0.134|0.031|0.043|0.039|0.145|0.038|0.1|0.019|0.323
202410|47|11200|43110000|4413000000|경기|수원시|역삼동|역삼1동|NH5790|푸르지오|9914|1|5|0.027|0.056|0.056|0.044|0.112|0.066|0.06|0.057|0.006|0.035|0.09|0.175|0.099|0.045|0.072
202410|42|27110|43110000|4115000000|경기|수원시|서초동|서초1동|NH6093|래미안|3578|2|5|0.119|0.016|0.027|0.102|0.176|0.032|0.002|0.002|0.116|0.13|0.09|0.035|0.006|0.021|0.125
202410|26|26110|28110000|1114000000|서울|강남구|역삼동|서초1동|NH1626|자이|15232|1|5|0.05|0.059|0.027|0.06|0.036|0.102|0.068|0.051|0.207|0.024|0.042|0.094|0.026|0.128|0.027
202410|43|41150|45110000|2811000000|인천|수원시|인계동|역삼1동|NH7816|래미안|3399|1|4|0.052|0.039|0.15|0.027|0.01|0.082|0.103|0.028|0.157|0.028|0.108|0.052|0.133|0.029|0.001
202410|41|43110|41110000|4211000000|서울|수원시|역삼동|역삼1동|NH5805|자이|9987|x|6|0.02|0.026|0.026|0.034|0.101|0.176|0.178|0.153|0.004|0.041|0.019|0.022|0.136|0.016|0.047
202410|42|43110|27110000|4511000000|부산|수원시|역삼동|서초1동|NH8223|래미안|12020|2|5|0.077|0.088|0.23|0.042|0.06|0.005|0.002|0.024|0.03|0.021|0.029|0.107|0.105|0.058|0.123
202410|11|43110|11110000|2611000000|부산|서초구|인계동|서초1동|NH5699|래미안|19993|2|3|0.085|0.013|0.052|0.04|0.063|0.005|0.05|0.027|0.072|0.103|0.191|0.084|0.058|0.112|0.044
202410|46|28110|42110000|4113000000|부산|서초구|역삼동|역삼1동|NH9144|자이|8257|2|3|0.077|0.002|0.015|0.003|0.328|0.103|0.014|0.069|0.037|0.009|0.076|0.144|0.08|0.001|0.042
202410|43|26140|41150000|2811000000|부산|성남시|서초동|역삼1동|NH1943|래미안|11371|1|6|0.035|0.071|0.046|0.163|0.076|0.058|0.042|0.02|0.012|0.074|0.023|0.009|0.256|0.04|0.076
202410|41|41130|11140000|4111000000|서울|수원시|서초동|역삼1동|NH4833|래미안|4288|2|3|0.144|0.003|0.065|0.088|0.157|0.003|0.061|0.003|0.115|0.055|0.02|0.208|0.021|0.023|0.035
202410|41|41130|26140000|2811000000|경기|수원시|인계동|역삼1동|NH8097|래미안|3229|1|5|0.024|0.131|0.083|0.051|0.035|0.09|0.018|0.251|0.075|0.038|0.087|0.008|0.065|0.029|0.015
202410|11|41130|41110000|4111000000|서울|강남구|역삼동|역삼1동|NH4234|푸르지오|8460|1|4|0.014|0.188|0.041|0.025|0.105|0.046|0.054|0.115|0.001|0.039|0.183|0.002|0.001|0.122|0.067
202410|42|46110|41130000|4113000000|경기|성남시|인계동|역삼1동|NH4294|힐스테이트|11679|x|6|0.084|0.012|0.091|0.047|0.038|0.075|0.054|0.026|0.03|0.125|0.211|0.007|0.024|0.127|0.048
202410|26|11170|27110000|4113000000|부산|강남구|인계동|서초1동|NH6978|래미안|2689|1|6|0.011|0.016|0.059|0.255|0.003|0.104|0.105|0.02|0.105|0.047|0.024|0.04|0.046|0.091|0.073
202410|27|41150|41150000|4111000000|부산|강남구|서초동|역삼1동|NH5704|푸르지오|7239|x|3|0.079|0.063|0.047|0.001|0.024|0.025|0.098|0.172|0.043|0.013|0.032|0.121|0.121|0.15|0.011
202410|41|11140|27110000|4711000000|인천|강남구|역삼동|서초1동|NH1372|래미안|6269|x|4|0.052|0.057|0.025|0.174|0.072|0.066|0.023|0.168|0.038|0.067|0.096|0.04|0.047|0.069|0.004
202410|27|41110|27110000|1120000000|인천|성남시|인계동|서초1동|NH9716|힐스테이트|11534|1|4|0.035|0.074|0.012|0.157|0.045|0.144|0.072|0.065|0.004|0.036|0.001|0.042|0.027|0.075|0.21
202410|45|11140|27110000|4413000000|인천|성남시|인계동|역삼1동|NH9250|푸르지오|15021|2|5|0.003|0.037|0.222|0.353|0.009|0.046|0.015|0.052|0.004|0.09|0.039|0.003|0.014|0.102|0.01
202410|26|11200|26110000|2614000000|서울|서초구|인계동|역삼1동|NH5853|힐스테이트|11679|2|3|0.141|0.069|0.029|0.006|0.101|0.189|0.047|0.058|0.012|0.001|0.092|0.168|0.068|0.015|0.006
202410|11|47110|28110000|2711000000|부산|강남구|인계동|역삼1동|NH3672|힐스테이트|16711|1|5|0.01|0.044|0.043|0.008|0.033|0.043|0.122|0.219|0.009|0.04|0.002|0.218|0.068|0.088|0.054
202410|27|41150|43110000|4311000000|경기|강남구|인계동|역삼1동|NH4179|래미안|14361|2|3|0.067|0.015|0.031|0.059|0.007|0.024|0.093|0.085|0.013|0.058|0.134|0.077|0.022|0.227|0.088
202410|47|26110|28110000|4115000000|경기|서초구|서초동|서초1동|NH2096|푸르지오|15173|1|6|0.031|0.089|0.116|0.009|0.049|0.065|0.255|0.023|0.003|0.009|0.107|0.062|0.019|0.01|0.154
202410|41|26110|42110000|1117000000|경기|서초구|서초동|역삼1동|NH5024|푸르지오|4066|1|5|0.03|0.088|0.005|0.026|0.068|0.083|0.066|0.011|0.208|0.115|0.08|0.001|0.095|0.123|0.001
202410|11|11200|47110000|4211000000|부산|수원시|서초동|역삼1동|NH7206|자이|18239|2|4|0.074|0.085|0.013|0.013|0.094|0.057|0.116|0.098|0.017|0.024|0.059|0.049|0.07|0.082|0.15
202410|42|41110|11110000|1120000000|인천|서초구|역삼동|서초1동|NH3777|자이|17382|2|5|0.087|0.019|0.02|0.002|0.003|0.078|0.102|0.187|0.091|0.004|0.025|0.165|0.028|0.021|0.169
202410|45|11110|11110000|4311000000|부산|성남시|역삼동|역삼1동|NH5284|푸르지오|8528|2|5|0.018|0.023|0.155|0.177|0.045|0.08|0.016|0.044|0.038|0.089|0.091|0.016|0.048|0.126|0.034
202410|11|41150|41150000|4311000000|부산|수원시|서초동|서초1동|NH1511|래미안|11759|2|3|0.034|0.037|0.065|0.049|0.088|0.014|0.061|0.089|0.043|0.194|0.02|0.076|0.007|0.184|0.04
202410|27|11200|44130000|2811000000|인천|서초구|역삼동|역삼1동|NH6103|래미안|14874|2|5|0.034|0.069|0.028|0.0|0.057|0.098|0.002|0.081|0.034|0.059|0.276|0.004|0.02|0.153|0.084
202410|45|47110|11170000|2811000000|경기|수원시|서초동|서초1동|NH2428|자이|14470|2|2|0.032|0.143|0.188|0.03|0.017|0.099|0.037|0.095|0.063|0.179|0.006|0.014|0.016|0.006|0.074
202410|44|26110|41130000|1114000000|부산|강남구|서초동|서초1동|NH8432|래미안|18508|2|3|0.162|0.069|0.035|0.226|0.032|0.036|0.043|0.092|0.081|0.03|0.004|0.031|0.025|0.008|0.127
202410|41|41130|47110000|4611000000|서울|수원시|인계동|서초1동|NH9872|푸르지오|4992|1|4|0.027|0.033|0.042|0.207|0.05|0.007|0.004|0.036|0.078|0.047|0.05|0.128|0.063|0.015|0.212
202410|41|42110|41110000|4111000000|인천|수원시|서초동|서초1동|NH8147|래미안|3645|2|6|0.063|0.012|0.027|0.084|0.101|0.345|0.007|0.078|0.156|0.028|0.022|0.024|0.006|0.015|0.031
202410|45|11140|26140000|4711000000|서울|강남구|인계동|역삼1동|NH3932|래미안|7924|1|6|0.018|0.042|0.192|0.183|0.07|0.026|0.026|0.144|0.098|0.024|0.008|0.004|0.005|0.072|0.089
202410|42|46110|11110000|1117000000|부산|수원시|서초동|서초1동|NH8684|힐스테이트|17356|2|5|0.023|0.066|0.203|0.027|0.006|0.115|0.117|0.016|0.133|0.121|0.007|0.014|0.001|0.074|0.076
202410|42|46110|41150000|1111000000|인천|서초구|인계동|서초1동|NH3436|힐스테이트|14094|1|4|0.165|0.011|0.228|0.0|0.006|0.065|0.062|0.024|0.037|0.035|0.08|0.038|0.048|0.178|0.023
202410|46|11140|11170000|2611000000|부산|수원시|역삼동|역삼1동|NH4474|래미안|8907|1|6|0.003|0.047|0.006|0.043|0.066|0.207|0.001|0.028|0.091|0.146|0.19|0.018|0.028|0.054|0.074
202410|41|47110|41150000|2711000000|인천|강남구|서초동|서초1동|NH3013|자이|10945|1|3|0.066|0.007|0.005|0.021|0.073|0.111|0.03|0.01|0.02|0.112|0.093|0.07|0.05|0.286|0.046
202410|42|11110|11200000|4211000000|서울|서초구|인계동|역삼1동|NH4848|힐스테이트|12105|2|6|0.014|0.291|0.004|0.037|0.163|0.079|0.157|0.094|0.008|0.025|0.054|0.016|0.02|0.038|0.001
202410|26|46110|26140000|2711000000|서울|성남시|인계동|서초1동|NH8945|힐스테이트|6097|1|5|0.188|0.125|0.04|0.064|0.053|0.017|0.017|0.24|0.017|0.036|0.034|0.005|0.033|0.107|0.024
202410|27|41130|42110000|1111000000|부산|서초구|인계동|서초1동|NH2789|자이|13516|1|4|0.049|0.266|0.003|0.028|0.039|0.259|0.131|0.065|0.019|0.068|0.023|0.019|0.012|0.002|0.016
202410|47|28110|26140000|4111000000|서울|강남구|서초동|역삼1동|NH4224|푸르지오|14604|2|3|0.131|0.026|0.173|0.0|0.148|0.048|0.047|0.142|0.012|0.064|0.034|0.023|0.118|0.007|0.028
202410|47|11110|46110000|1111000000|부산|강남구|서초동|서초1동|NH3941|힐스테이트|15786|1|6|0.044|0.029|0.03|0.026|0.035|0.02|0.037|0.129|0.013|0.276|0.03|0.013|0.227|0.052|0.04
202410|11|41150|41110000|1117000000|부산|서초구|역삼동|서초1동|NH5700|힐스테이트|5855|1|4|0.127|0.059|0.052|0.044|0.04|0.01|0.116|0.11|0.018|0.228|0.082|0.074|0.023|0.001|0.014
202410|11|26140|44130000|2711000000|부산|서초구|역삼동|역삼1동|NH7216|힐스테이트|19977|1|6|0.006|0.231|0.068|0.03|0.095|0.071|0.146|0.055|0.017|0.04|0.019|0.091|0.029|0.016|0.086
202410|42|41130|27110000|2614000000|경기|서초구|역삼동|서초1동|NH2396|푸르지오|10183|2|6|0.148|0.043|0.042|0.138|0.028|0.06|0.152|0.005|0.019|0.012|0.134|0.013|0.046|0.057|0.103
202410|46|11200|11110000|1120000000|부산|성남시|인계동|역삼1동|NH5017|자이|13176|2|3|0.053|0.007|0.029|0.105|0.102|0.081|0.218|0.011|0.077|0.005|0.033|0.019|0.073|0.042|0.144
202410|43|11200|45110000|4611000000|부산|서초구|인계동|역삼1동|NH1840|힐스테이트|11020|x|4|0.13|0.013|0.069|0.063|0.098|0.033|0.127|0.038|0.176|0.023|0.043|0.036|0.047|0.015|0.089
202410|46|45110|26110000|2611000000|부산|수원시|서초동|서초1동|NH2862|푸르지오|2587|1|5|0.156|0.057|0.134|0.093|0.043|0.019|0.083|0.014|0.005|0.012|0.035|0.112|0.003|0.087|0.147
202410|41|11200|43110000|1117000000|경기|수원시|역삼동|서초1동|NH3812|자이|17471|2|4|0.001|0.075|0.105|0.085|0.089|0.018|0.016|0.003|0.109|0.15|0.009|0.13|0.083|0.001|0.127
202410|47|43110|11200000|1114000000|인천|강남구|인계동|역삼1동|NH4839|푸르지오|14928|1|5|0.011|0.039|0.187|0.034|0.066|0.077|0.143|0.064|0.036|0.034|0.055|0.111|0.085|0.005|0.051
202410|44|47110|11110000|4111000000|부산|수원시|서초동|역삼1동|NH5416|래미안|12095|2|3|0.011|0.075|0.113|0.015|0.008|0.046|0.117|0.061|0.036|0.163|0.042|0.06|0.121|0.012|0.12
202410|27|45110|45110000|4113000000|경기|수원시|서초동|서초1동|NH3493|푸르지오|13675|2|5|0.115|0.127|0.13|0.028|0.085|0.135|0.001|0.016|0.139|0.077|0.042|0.0|0.028|0.019|0.056
202410|47|47110|27110000|4211000000|부산|성남시|인계동|서초1동|NH6354|푸르지오|17156|1|5|0.033|0.106|0.076|0.03|0.006|0.193|0.028|0.04|0.004|0.032|0.09|0.086|0.206|0.039|0.031
202410|45|11140|42110000|2611000000|부산|서초구|인계동|서초1동|NH8759|래미안|9150|2|4|0.057|0.068|0.031|0.016|0.004|0.147|0.013|0.155|0.018|0.162|0.099|0.005|0.013|0.035|0.177
202410|26|28110|11170000|4311000000|서울|수원시|인계동|서초1동|NH5104|푸르지오|12167|2|5|0.156|0.021|0.013|0.046|0.019|0.031|0.042|0.069|0.044|0.267|0.033|0.024|0.074|0.158|0.003
202410|44|26110|11140000|2611000000|인천|성남시|역삼동|역삼1동|NH5171|자이|14519|1|4|0.106|0.023|0.121|0.038|0.218|0.075|0.117|0.03|0.023|0.019|0.036|0.002|0.002|0.131|0.06
202410|47|45110|11200000|4113000000|경기|서초구|역삼동|역삼1동|NH9854|힐스테이트|11187|2|3|0.052|0.026|0.032|0.059|0.019|0.039|0.001|0.17|0.083|0.09|0.183|0.022|0.109|0.053|0.061
202410|26|41130|11200000|4113000000|인천|강남구|인계동|역삼1동|NH7114|래미안|4813|1|5|0.107|0.072|0.127|0.007|0.139|0.008|0.107|0.154|0.027|0.013|0.047|0.055|0.1|0.003|0.035
202410|27|42110|28110000|4211000000|부산|강남구|서초동|역삼1동|NH2125|래미안|19364|2|4|0.01|0.051|0.06|0.064|0.023|0.054|0.055|0.016|0.06|0.014|0.085|0.131|0.064|0.01|0.302
202410|46|42110|42110000|1117000000|경기|수원시|인계동|서초1동|NH3895|자이|2940|1|4|0.021|0.002|0.128|0.067|0.004|0.208|0.075|0.015|0.01|0.091|0.115|0.183|0.004|0.053|0.025
202410|42|43110|45110000|2711000000|인천|강남구|역삼동|서초1동|NH6502|자이|10585|2|5|0.046|0.03|0.075|0.006|0.056|0.038|0.022|0.142|0.029|0.02|0.063|0.01|0.106|0.147|0.21
202410|11|45110|46110000|4511000000|부산|강남구|인계동|서초1동|NH9541|자이|17546|2|4|0.113|0.004|0.21|0.04|0.045|0.023|0.02|0.009|0.023|0.254|0.019|0.065|0.005|0.061|0.11
202410|41|28110|43110000|4711000000|서울|서초구|서초동|서초1동|NH6630|래미안|12198|1|4|0.0|0.072|0.001|0.112|0.177|0.015|0.018|0.034|0.042|0.148|0.209|0.068|0.008|0.051|0.044
202410|45|27110|26110000|2811000000|부산|강남구|인계동|서초1동|NH4776|힐스테이트|5796|2|3|0.109|0.095|0.019|0.182|0.059|0.163|0.013|0.054|0.02|0.068|0.026|0.065|0.095|0.031|0.002
202410|45|26110|11200000|4311000000|서울|성남시|인계동|서초1동|NH7620|힐스테이트|13702|x|3|0.024|0.136|0.039|0.059|0.075|0.063|0.044|0.031|0.145|0.099|0.112|0.042|0.069|0.003|0.061
202410|41|11170|11170000|1117000000|서울|수원시|역삼동|서초1동|NH2032|래미안|9367|1|4|0.065|0.023|0.036|0.06|0.079|0.199|0.004|0.031|0.035|0.059|0.015|0.02|0.101|0.041|0.231
202410|11|42110|41110000|4113000000|부산|서초구|역삼동|역삼1동|NH8846|래미안|7374|1|3|0.031|0.016|0.011|0.01|0.096|0.088|0.112|0.114|0.127|0.126|0.018|0.053|0.139|0.043|0.017
202410|47|11200|42110000|1120000000|서울|성남시|역삼동|역삼1동|NH2094|래미안|8306|x|6|0.015|0.048|0.035|0.007|0.168|0.016|0.053|0.02|0.09|0.0|0.3|0.182|0.023|0.007|0.038
202410|44|11170|11110000|4111000000|인천|서초구|인계동|역삼1동|NH3839|푸르지오|10377|1|4|0.011|0.181|0.001|0.01|0.009|0.013|0.064|0.058|0.097|0.04|0.135|0.136|0.019|0.11|0.115
202410|46|41130|41110000|4511000000|경기|성남시|서초동|서초1동|NH5818|자이|8431|1|5|0.156|0.048|0.012|0.004|0.047|0.079|0.108|0.016|0.0|0.079|0.171|0.128|0.017|0.082|0.052
202410|44|11140|11170000|1120000000|서울|서초구|인계동|역삼1동|NH1767|래미안|12673|1|5|0.109|0.027|0.003|0.071|0.018|0.023|0.143|0.04|0.01|0.062|0.042|0.044|0.131|0.139|0.139
202410|26|27110|26140000|4115000000|부산|수원시|인계동|서초1동|NH9195|푸르지오|6249|1|2|0.004|0.148|0.244|0.037|0.029|0.022|0.006|0.182|0.087|0.024|0.01|0.015|0.068|0.098|0.028
202410|45|26140|44130000|4113000000|부산|수원시|인계동|서초1동|NH6516|힐스테이트|17510|x|6|0.121|0.011|0.07|0.252|0.054|0.001|0.011|0.112|0.003|0.058|0.196|0.035|0.011|0.053|0.014
202410|44|11110|46110000|4413000000|경기|성남시|인계동|역삼1동|NH8528|자이|17241|2|6|0.102|0.058|0.019|0.138|0.064|0.016|0.238|0.039|0.084|0.035|0.035|0.022|0.096|0.033|0.021
202410|47|11140|26110000|2614000000|인천|강남구|역삼동|역삼1동|NH7625|푸르지오|17429|2|5|0.056|0.001|0.031|0.006|0.015|0.003|0.106|0.061|0.028|0.051|0.157|0.229|0.045|0.051|0.162
202410|26|11170|41110000|4211000000|경기|강남구|서초동|서초1동|NH3295|힐스테이트|14367|2|5|0.036|0.014|0.025|0.212|0.015|0.115|0.108|0.111|0.025|0.05|0.024|0.012|0.043|0.097|0.114
202410|26|11140|11200000|2711000000|인천|강남구|역삼동|역삼1동|NH7276|자이|9962|x|6|0.014|0.203|0.095|0.026|0.037|0.082|0.007|0.037|0.178|0.177|0.005|0.042|0.007|0.002|0.088
202410|42|44130|47110000|4311000000|부산|서초구|서초동|서초1동|NH5300|래미안|19267|2|6|0.027|0.205|0.123|0.03|0.03|0.029|0.117|0.021|0.15|0.008|0.007|0.183|0.009|0.037|0.025
202410|45|11140|41130000|4311000000|인천|서초구|서초동|역삼1동|NH3333|래미안|12511|2|3|0.023|0.018|0.102|0.022|0.114|0.023|0.041|0.055|0.077|0.073|0.012|0.016|0.24|0.082|0.103
202410|11|43110|11110000|4115000000|부산|서초구|인계동|서초1동|NH6063|푸르지오|11719|2|5|0.039|0.063|0.012|0.188|0.047|0.039|0.017|0.02|0.086|0.056|0.156|0.045|0.097|0.025|0.111
202410|27|43110|43110000|2611000000|경기|강남구|역삼동|역삼1동|NH4947|힐스테이트|17752|1|3|0.096|0.005|0.049|0.002|0.012|0.091|0.036|0.065|0.044|0.043|0.17|0.065|0.017|0.28|0.027
202410|47|28110|42110000|4111000000|부산|서초구|인계동|역삼1동|NH2267|자이|11861|2|6|0.01|0.078|0.086|0.015|0.174|0.073|0.002|0.019|0.063|0.045|0.034|0.072|0.173|0.142|0.014
202410|45|28110|26110000|4611000000|경기|강남구|역삼동|역삼1동|NH9097|자이|10397|2|5|0.022|0.139|0.04|0.08|0.042|0.274|0.062|0.079|0.023|0.028|0.133|0.025|0.005|0.045|0.004
202410|27|41150|11140000|2614000000|부산|수원시|서초동|역삼1동|NH3191|자이|19872|x|5|0.033|0.039|0.049|0.014|0.214|0.11|0.025|0.045|0.095|0.159|0.012|0.039|0.093|0.057|0.015
202410|46|11170|11140000|4113000000|경기|수원시|역삼동|서초1동|NH8271|푸르지오|11926|2|5|0.276|0.108|0.135|0.003|0.129|0.031|0.05|0.041|0.019|0.083|0.019|0.022|0.046|0.015|0.021
202410|46|46110|28110000|4511000000|경기|서초구|역삼동|서초1동|NH6197|자이|7894|1|3|0.098|0.063|0.112|0.018|0.078|0.036|0.053|0.03|0.007|0.071|0.097|0.016|0.272|0.026|0.024
202410|44|41150|11140000|2611000000|서울|서초구|인계동|역삼1동|NH4176|래미안|12942|1|6|0.005|0.028|0.056|0.065|0.031|0.123|0.093|0.166|0.043|0.018|0.129|0.001|0.098|0.091|0.054
202410|11|45110|47110000|1111000000|부산|수원시|역삼동|역삼1동|NH9027|힐스테이트|9459|1|6|0.143|0.058|0.002|0.001|0.058|0.001|0.026|0.049|0.42|0.024|0.025|0.029|0.002|0.036|0.125
202410|43|11170|45110000|4311000000|경기|성남시|서초동|역삼1동|NH4162|푸르지오|9189|2|6|0.022|0.035|0.086|0.035|0.066|0.145|0.059|0.137|0.129|0.067|0.068|0.031|0.01|0.046|0.066
202410|11|11200|44130000|1117000000|인천|서초구|인계동|역삼1동|NH6362|래미안|13132|2|3|0.076|0.026|0.148|0.013|0.015|0.057|0.102|0.132|0.151|0.068|0.094|0.046|0.01|0.028|0.032
202410|11|11200|45110000|4413000000|경기|강남구|인계동|역삼1동|NH4009|푸르지오|19835|2|3|0.053|0.004|0.135|0.042|0.054|0.09|0.027|0.006|0.079|0.038|0.235|0.015|0.08|0.055|0.087
202410|42|26140|27110000|1120000000|경기|강남구|서초동|서초1동|NH4936|자이|16173|2|4|0.075|0.048|0.07|0.057|0.146|0.041|0.031|0.057|0.157|0.081|0.009|0.023|0.097|0.099|0.007
202410|45|43110|43110000|4113000000|인천|성남시|서초동|서초1동|NH9981|푸르지오|2970|1|3|0.012|0.047|0.056|0.004|0.061|0.209|0.016|0.012|0.053|0.028|0.056|0.073|0.003|0.034|0.336
202410|44|44130|26110000|2711000000|서울|강남구|인계동|서초1동|NH3433|푸르지오|8054|1|5|0.116|0.07|0.063|0.118|0.006|0.0|0.1|0.04|0.204|0.009|0.054|0.012|0.036|0.02|0.152
202410|45|26140|26140000|2811000000|서울|성남시|서초동|역삼1동|NH6090|자이|11822|2|5|0.123|0.023|0.182|0.011|0.076|0.037|0.136|0.118|0.046|0.003|0.06|0.002|0.005|0.022|0.155
202410|44|44130|46110000|1120000000|경기|성남시|역삼동|서초1동|NH3201|힐스테이트|18035|1|6|0.031|0.025|0.022|0.004|0.039|0.164|0.152|0.126|0.032|0.02|0.044|0.141|0.001|0.123|0.076
202410|46|47110|11200000|4115000000|서울|수원시|역삼동|서초1동|NH9387|자이|7140|2|3|0.181|0.133|0.01|0.011|0.02|0.016|0.246|0.067|0.017|0.073|0.031|0.067|0.058|0.047|0.022
202410|27|47110|27110000|1114000000|부산|강남구|역삼동|역삼1동|NH4842|푸르지오|12881|2|6|0.013|0.206|0.095|0.013|0.029|0.023|0.023|0.016|0.046|0.174|0.015|0.102|0.047|0.16|0.038
202410|42|44130|43110000|2614000000|부산|수원시|인계동|서초1동|NH4769|래미안|18410|2|5|0.026|0.006|0.112|0.016|0.004|0.025|0.033|0.314|0.145|0.102|0.113|0.01|0.067|0.026|0.0
202410|45|11200|11170000|4113000000|인천|수원시|서초동|서초1동|NH7678|자이|7263|x|5|0.035|0.031|0.007|0.014|0.069|0.22|0.015|0.018|0.089|0.092|0.136|0.124|0.026|0.069|0.055
202410|42|11140|46110000|4113000000|서울|수원시|서초동|역삼1동|NH6051|힐스테이트|18539|2|2|0.035|0.021|0.177|0.063|0.044|0.012|0.017|0.084|0.003|0.169|0.066|0.0|0.206|0.07|0.033
202410|41|47110|26140000|2811000000|부산|성남시|인계동|역삼1동|NH5274|자이|16310|2|4|0.059|0.07|0.014|0.065|0.007|0.102|0.093|0.01|0.061|0.073|0.001|0.078|0.258|0.017|0.092
202410|27|26140|27110000|2811000000|서울|수원시|인계동|역삼1동|NH4236|푸르지오|3094|2|3|0.097|0.103|0.021|0.037|0.013|0.01|0.21|0.032|0.072|0.129|0.037|0.093|0.104|0.02|0.022
202410|45|11140|41110000|4113000000|경기|강남구|인계동|역삼1동|NH5044|푸르지오|19201|2|4|0.078|0.065|0.044|0.016|0.02|0.025|0.096|0.008|0.176|0.063|0.254|0.044|0.043|0.008|0.061
202410|41|11140|41130000|2811000000|부산|성남시|서초동|역삼1동|NH4910|자이|15421|1|5|0.061|0.121|0.008|0.062|0.02|0.068|0.025|0.038|0.053|0.234|0.028|0.164|0.01|0.088|0.019
202410|42|41130|46110000|4311000000|부산|강남구|인계동|역삼1동|NH6646|푸르지오|3283|2|3|0.004|0.027|0.305|0.128|0.032|0.012|0.074|0.073|0.024|0.073|0.002|0.147|0.029|0.042|0.028
202410|43|26140|41150000|4115000000|경기|수원시|역삼동|서초1동|NH9021|자이|15935|1|4|0.027|0.142|0.062|0.142|0.074|0.019|0.004|0.136|0.023|0.115|0.083|0.032|0.03|0.017|0.095
202410|44|11170|41110000|2811000000|부산|서초구|역삼동|역삼1동|NH4931|래미안|4369|1|4|0.015|0.126|0.016|0.052|0.019|0.038|0.102|0.014|0.087|0.103|0.091|0.045|0.032|0.173|0.087
202410|41|11200|42110000|2614000000|서울|서초구|역삼동|역삼1동|NH5660|래미안|8299|x|3|0.031|0.008|0.009|0.062|0.021|0.05|0.027|0.107|0.032|0.045|0.268|0.083|0.128|0.06|0.07
202410|11|45110|47110000|4413000000|부산|서초구|서초동|서초1동|NH5132|자이|4406|1|6|0.033|0.037|0.104|0.191|0.009|0.172|0.035|0.042|0.01|0.022|0.049|0.066|0.201|0.004|0.025
202410|26|11140|26140000|4511000000|서울|서초구|인계동|역삼1동|NH7264|힐스테이트|16776|2|5|0.184|0.01|0.181|0.034|0.022|0.004|0.012|0.102|0.021|0.041|0.039|0.018|0.246|0.003|0.082
202410|46|11110|26110000|1117000000|서울|서초구|서초동|서초1동|NH1638|자이|13607|1|3|0.009|0.109|0.211|0.015|0.22|0.01|0.032|0.265|0.003|0.019|0.079|0.012|0.0|0.006|0.01
202410|41|42110|41150000|1120000000|서울|수원시|역삼동|서초1동|NH9379|푸르지오|17842|2|3|0.033|0.032|0.059|0.001|0.027|0.058|0.071|0.061|0.139|0.109|0.023|0.014|0.031|0.123|0.218
202410|46|11110|11140000|1114000000|서울|강남구|인계동|서초1동|NH7006|자이|5524|2|6|0.043|0.021|0.004|0.091|0.176|0.084|0.02|0.092|0.175|0.009|0.047|0.019|0.068|0.004|0.146
202410|11|26140|11170000|2711000000|부산|성남시|인계동|서초1동|NH6633|푸르지오|3714|2|4|0.034|0.026|0.248|0.026|0.059|0.08|0.026|0.02|0.069|0.075|0.042|0.055|0.045|0.032|0.163
202410|26|44130|42110000|4611000000|경기|수원시|인계동|역삼1동|NH3122|힐스테이트|5843|2|6|0.016|0.069|0.058|0.122|0.112|0.08|0.043|0.06|0.139|0.148|0.031|0.01|0.097|0.009|0.007
202410|45|42110|47110000|4711000000|인천|성남시|서초동|역삼1동|NH3118|힐스테이트|5998|2|5|0.093|0.004|0.03|0.195|0.046|0.013|0.064|0.098|0.023|0.001|0.043|0.048|0.198|0.096|0.048
202410|27|47110|45110000|2614000000|서울|수원시|인계동|서초1동|NH9605|자이|8371|2|2|0.032|0.029|0.071|0.182|0.06|0.006|0.057|0.05|0.12|0.027|0.134|0.022|0.065|0.011|0.134
202410|41|43110|41110000|1114000000|경기|성남시|역삼동|서초1동|NH1951|래미안|13754|1|5|0.031|0.143|0.074|0.147|0.024|0.04|0.022|0.005|0.03|0.024|0.018|0.006|0.032|0.249|0.156
202410|27|46110|11110000|1111000000|부산|서초구|서초동|서초1동|NH3158|자이|14509|1|4|0.021|0.053|0.08|0.034|0.042|0.077|0.058|0.01|0.058|0.04|0.054|0.042|0.138|0.086|0.206
202410|41|11200|26140000|4711000000|부산|수원시|역삼동|서초1동|NH1683|래미안|13269|x|6|0.141|0.072|0.05|0.018|0.107|0.02|0.056|0.085|0.139|0.008|0.052|0.052|0.175|0.006|0.018
202410|11|26140|47110000|1117000000|경기|수원시|역삼동|역삼1동|NH5867|래미안|19209|2|6|0.175|0.007|0.068|0.118|0.003|0.039|0.007|0.129|0.024|0.016|0.103|0.014|0.053|0.057|0.188
202410|11|28110|45110000|4211000000|부산|서초구|서초동|서초1동|NH5040|자이|11137|2|2|0.004|0.135|0.016|0.143|0.089|0.002|0.027|0.26|0.076|0.02|0.109|0.014|0.021|0.023|0.062
202410|41|11170|11140000|2614000000|서울|성남시|역삼동|서초1동|NH4063|래미안|16615|2|6|0.01|0.025|0.073|0.012|0.043|0.054|0.187|0.031|0.003|0.015|0.072|0.224|0.154|0.066|0.031
202410|44|27110|46110000|4211000000|경기|서초구|서초동|서초1동|NH8963|푸르지오|7257|2|2|0.036|0.088|0.024|0.019|0.025|0.037|0.115|0.126|0.018|0.098|0.004|0.178|0.106|0.065|0.06
202410|46|41150|11170000|4413000000|경기|수원시|인계동|역삼1동|NH9314|래미안|18585|2|6|0.036|0.12|0.068|0.042|0.055|0.125|0.15|0.033|0.051|0.052|0.027|0.05|0.041|0.007|0.143
202410|27|41150|41130000|2711000000|경기|수원시|역삼동|역삼1동|NH4200|푸르지오|9710|2|5|0.103|0.015|0.018|0.051|0.115|0.013|0.083|0.039|0.094|0.068|0.089|0.218|0.031|0.028|0.034
202410|26|41130|41130000|1111000000|서울|서초구|서초동|역삼1동|NH3277|래미안|9698|1|5|0.065|0.026|0.127|0.049|0.115|0.094|0.054|0.062|0.017|0.029|0.06|0.015|0.0|0.061|0.226
202410|44|11140|28110000|4413000000|경기|강남구|서초동|역삼1동|NH9169|래미안|3739|1|5|0.191|0.107|0.04|0.058|0.09|0.095|0.019|0.035|0.021|0.002|0.107|0.143|0.012|0.075|0.006
202410|45|26110|26140000|4511000000|서울|서초구|역삼동|서초1동|NH1847|자이|3506|2|5|0.1|0.096|0.064|0.116|0.003|0.049|0.03|0.014|0.059|0.02|0.095|0.173|0.143|0.003|0.035
202410|42|47110|41130000|2711000000|부산|수원시|역삼동|서초1동|NH2681|푸르지오|19124|1|5|0.015|0.004|0.143|0.009|0.191|0.021|0.047|0.038|0.036|0.018|0.068|0.059|0.055|0.162|0.135
202410|46|47110|43110000|4413000000|경기|서초구|서초동|역삼1동|NH6997|힐스테이트|18106|2|6|0.026|0.057|0.005|0.075|0.05|0.176|0.012|0.234|0.082|0.088|0.079|0.05|0.009|0.026|0.032
202410|45|41110|42110000|1117000000|서울|강남구|인계동|역삼1동|NH2052|힐스테이트|15038|1|5|0.02|0.096|0.109|0.174|0.044|0.03|0.079|0.031|0.092|0.001|0.063|0.016|0.183|0.003|0.058
202410|26|43110|11200000|1111000000|경기|성남시|서초동|서초1동|NH4803|힐스테이트|6908|2|4|0.088|0.226|0.077|0.099|0.155|0.026|0.136|0.023|0.01|0.006|0.061|0.03|0.038|0.019|0.006
202410|46|46110|11170000|2811000000|인천|서초구|역삼동|서초1동|NH1451|자이|17294|2|5|0.002|0.187|0.011|0.029|0.001|0.078|0.027|0.061|0.041|0.04|0.183|0.119|0.003|0.208|0.009
202410|11|11140|41150000|4711000000|서울|성남시|역삼동|역삼1동|NH7123|자이|16714|2|4|0.026|0.06|0.188|0.022|0.01|0.036|0.055|0.098|0.08|0.008|0.024|0.129|0.191|0.003|0.07
202410|26|11200|26110000|2811000000|서울|서초구|인계동|서초1동|NH7549|자이|11942|x|6|0.04|0.017|0.01|0.001|0.45|0.065|0.079|0.056|0.007|0.155|0.037|0.003|0.009|0.07|0.001
202410|45|11170|26110000|4711000000|부산|강남구|인계동|역삼1동|NH2791|힐스테이트|8851|2|3|0.044|0.044|0.059|0.003|0.039|0.075|0.137|0.035|0.06|0.092|0.021|0.051|0.092|0.01|0.238
202410|47|45110|41130000|4211000000|인천|성남시|서초동|역삼1동|NH3007|자이|7317|2|5|0.014|0.015|0.077|0.041|0.082|0.152|0.199|0.007|0.054|0.039|0.125|0.026|0.032|0.097|0.041
202410|47|43110|43110000|4111000000|서울|수원시|서초동|서초1동|NH1767|힐스테이트|2218|2|3|0.027|0.019|0.037|0.016|0.118|0.011|0.057|0.041|0.075|0.155|0.177|0.043|0.181|0.012|0.03
202410|47|28110|11200000|4611000000|서울|성남시|역삼동|역삼1동|NH2634|자이|7741|1|4|0.026|0.012|0.086|0.169|0.007|0.035|0.045|0.037|0.291|0.021|0.047|0.008|0.025|0.1|0.09
202410|11|11110|41130000|1114000000|부산|수원시|서초동|서초1동|NH5008|래미안|8653|1|3|0.003|0.013|0.088|0.037|0.114|0.096|0.068|0.093|0.152|0.107|0.094|0.07|0.009|0.018|0.037
202410|47|26140|47110000|2611000000|경기|성남시|역삼동|서초1동|NH1054|자이|11178|1|3|0.046|0.021|0.007|0.006|0.029|0.029|0.036|0.144|0.095|0.13|0.041|0.047|0.149|0.216|0.004
202410|27|42110|11200000|4511000000|서울|수원시|역삼동|서초1동|NH8181|푸르지오|5807|2|3|0.111|0.041|0.025|0.003|0.199|0.013|0.056|0.068|0.007|0.025|0.105|0.076|0.123|0.145|0.004
202410|41|26110|11140000|1114000000|서울|강남구|서초동|역삼1동|NH7272|푸르지오|10616|2|2|0.063|0.001|0.113|0.024|0.084|0.083|0.045|0.067|0.017|0.032|0.028|0.237|0.066|0.024|0.115
202410|27|45110|41110000|4711000000|서울|수원시|서초동|서초1동|NH1981|래미안|19090|2|4|0.013|0.01|0.163|0.001|0.116|0.01|0.068|0.004|0.043|0.252|0.016|0.02|0.004|0.103|0.178
202410|45|11170|41130000|4711000000|경기|수원시|서초동|서초1동|NH3607|자이|3848|2|3|0.021|0.008|0.137|0.222|0.123|0.014|0.013|0.049|0.014|0.067|0.163|0.05|0.009|0.11|0.001
202410|46|41150|26110000|2711000000|인천|서초구|서초동|서초1동|NH6776|힐스테이트|3725|1|3|0.071|0.086|0.002|0.04|0.056|0.042|0.042|0.041|0.255|0.011|0.016|0.216|0.023|0.065|0.035
202410|11|11200|46110000|4115000000|인천|서초구|서초동|서초1동|NH2326|푸르지오|14190|2|4|0.091|0.036|0.025|0.124|0.152|0.066|0.114|0.012|0.079|0.062|0.041|0.062|0.068|0.038|0.03
202410|26|11200|27110000|4115000000|부산|강남구|역삼동|서초1동|NH5389|래미안|2222|2|4|0.004|0.043|0.005|0.061|0.117|0.115|0.085|0.148|0.008|0.006|0.017|0.322|0.016|0.038|0.015
202410|41|11110|41110000|4511000000|인천|성남시|인계동|서초1동|NH8117|푸르지오|15925|1|3|0.108|0.014|0.203|0.17|0.01|0.085|0.015|0.01|0.029|0.034|0.026|0.187|0.028|0.03|0.049
202410|43|45110|41130000|2811000000|경기|강남구|역삼동|서초1동|NH6731|푸르지오|8001|x|3|0.004|0.002|0.103|0.047|0.031|0.191|0.068|0.092|0.077|0.104|0.054|0.086|0.012|0.096|0.034
202410|45|41130|44130000|4115000000|인천|서초구|인계동|역삼1동|NH1892|래미안|19126|2|2|0.22|0.031|0.027|0.176|0.005|0.063|0.069|0.004|0.144|0.025|0.069|0.069|0.067|0.008|0.023
202410|27|43110|11140000|4413000000|경기|서초구|서초동|역삼1동|NH9155|힐스테이트|14952|x|4|0.115|0.091|0.052|0.108|0.193|0.007|0.007|0.083|0.035|0.131|0.022|0.005|0.029|0.113|0.008
202410|45|43110|41150000|4611000000|서울|서초구|인계동|역삼1동|NH7922|자이|18362|2|4|0.024|0.07|0.062|0.003|0.031|0.178|0.017|0.116|0.037|0.278|0.073|0.008|0.0|0.043|0.059
202410|46|11170|11110000|4413000000|서울|강남구|서초동|역삼1동|NH4186|힐스테이트|4907|2|4|0.102|0.008|0.082|0.012|0.046|0.004|0.051|0.206|0.081|0.097|0.012|0.13|0.113|0.029|0.027
202410|46|44130|27110000|4113000000|경기|서초구|서초동|서초1동|NH1010|래미안|12774|1|6|0.004|0.004|0.151|0.047|0.088|0.151|0.059|0.065|0.013|0.112|0.039|0.128|0.013|0.058|0.07
202410|27|11110|41150000|1120000000|인천|수원시|역삼동|역삼1동|NH2638|푸르지오|2048|2|3|0.273|0.019|0.097|0.011|0.055|0.008|0.225|0.026|0.01|0.028|0.089|0.103|0.004|0.004|0.048
202410|43|11200|26110000|1111000000|인천|서초구|역삼동|역삼1동|NH6560|힐스테이트|14545|2|5|0.016|0.029|0.156|0.057|0.019|0.058|0.069|0.112|0.064|0.037|0.132|0.015|0.034|0.013|0.188
202410|42|41150|11170000|1114000000|인천|서초구|서초동|서초1동|NH3591|푸르지오|7409|2|3|0.008|0.068|0.173|0.04|0.005|0.026|0.099|0.003|0.022|0.037|0.208|0.008|0.094|0.102|0.109
202410|11|41130|45110000|1120000000|부산|서초구|서초동|역삼1동|NH8178|래미안|7263|1|2|0.068|0.195|0.008|0.08|0.01|0.037|0.172|0.017|0.007|0.068|0.051|0.063|0.077|0.119|0.027
202410|41|26110|46110000|2611000000|서울|강남구|역삼동|역삼1동|NH7649|푸르지오|9169|1|4|0.361|0.015|0.034|0.056|0.062|0.004|0.067|0.016|0.184|0.002|0.078|0.015|0.019|0.062|0.026
202410|45|41130|27110000|4611000000|경기|서초구|역삼동|서초1동|NH4958|래미안|7409|1|6|0.018|0.009|0.015|0.031|0.306|0.019|0.026|0.096|0.04|0.005|0.021|0.055|0.065|0.109|0.183
202410|27|26110|28110000|1117000000|서울|서초구|역삼동|서초1동|NH6841|래미안|17459|2|3|0.107|0.056|0.13|0.027|0.019|0.013|0.04|0.129|0.032|0.123|0.05|0.123|0.025|0.115|0.012
202410|44|11140|41130000|4113000000|경기|강남구|서초동|역삼1동|NH6562|자이|8784|2|5|0.173|0.004|0.052|0.09|0.024|0.027|0.024|0.076|0.121|0.118|0.135|0.065|0.017|0.017|0.057
202410|26|11140|28110000|1114000000|경기|서초구|서초동|서초1동|NH4179|래미안|14146|2|4|0.019|0.019|0.104|0.064|0.011|0.048|0.028|0.097|0.007|0.051|0.225|0.018|0.105|0.02|0.185
202410|27|47110|26110000|1120000000|부산|서초구|인계동|역삼1동|NH8577|힐스테이트|11531|1|6|0.104|0.127|0.023|0.024|0.079|0.028|0.028|0.163|0.036|0.095|0.217|0.002|0.051|0.02|0.001
202410|43|11110|47110000|4115000000|부산|수원시|인계동|역삼1동|NH8463|래미안|11342|1|5|0.095|0.104|0.08|0.005|0.085|0.085|0.001|0.028|0.049|0.006|0.105|0.063|0.201|0.08|0.012
202410|45|45110|26140000|4511000000|경기|수원시|인계동|서초1동|NH7755|자이|16789|1|3|0.08|0.01|0.008|0.022|0.008|0.05|0.063|0.132|0.071|0.034|0.085|0.093|0.096|0.227|0.022
202410|45|11170|41110000|4413000000|경기|성남시|역삼동|서초1동|NH5452|힐스테이트|14760|1|6|0.008|0.031|0.001|0.023|0.017|0.009|0.073|0.08|0.097|0.17|0.139|0.07|0.162|0.058|0.062
202410|11|26140|26140000|1117000000|부산|성남시|역삼동|역삼1동|NH3826|래미안|18324|1|2|0.141|0.003|0.076|0.086|0.15|0.019|0.069|0.024|0.088|0.053|0.026|0.05|0.062|0.061|0.092
202410|43|41110|28110000|1117000000|부산|서초구|인계동|역삼1동|NH8882|래미안|6931|2|6|0.035|0.009|0.082|0.328|0.018|0.091|0.011|0.037|0.009|0.007|0.074|0.02|0.091|0.179|0.008
202410|11|45110|46110000|4111000000|부산|강남구|인계동|서초1동|NH8693|힐스테이트|4517|2|6|0.17|0.007|0.054|0.018|0.0|0.075|0.066|0.057|0.056|0.105|0.215|0.009|0.081|0.008|0.079
202410|47|41130|11110000|2711000000|인천|수원시|인계동|서초1동|NH1431|푸르지오|6241|1|2|0.002|0.158|0.039|0.153|0.104|0.147|0.01|0.03|0.139|0.012|0.025|0.024|0.089|0.054|0.014
202410|11|47110|27110000|4211000000|경기|성남시|인계동|역삼1동|NH7186|푸르지오|10900|2|4|0.064|0.047|0.076|0.131|0.002|0.2|0.021|0.011|0.023|0.135|0.174|0.006|0.002|0.093|0.014
202410|47|41130|28110000|4711000000|부산|강남구|인계동|서초1동|NH3264|푸르지오|16998|2|3|0.236|0.114|0.023|0.128|0.063|0.023|0.095|0.05|0.058|0.023|0.008|0.062|0.095|0.009|0.013
202410|27|45110|42110000|4113000000|부산|수원시|인계동|서초1동|NH4502|자이|9248|1|3|0.026|0.058|0.026|0.2|0.187|0.013|0.025|0.018|0.038|0.005|0.032|0.043|0.17|0.158|0.0
202410|26|26140|47110000|4111000000|서울|수원시|역삼동|역삼1동|NH4420|힐스테이트|15878|1|6|0.002|0.046|0.035|0.042|0.194|0.076|0.026|0.261|0.009|0.008|0.184|0.046|0.057|0.001|0.013
202410|41|41130|46110000|4611000000|인천|강남구|서초동|서초1동|NH4536|자이|5228|x|4|0.009|0.161|0.05|0.001|0.055|0.002|0.076|0.041|0.0|0.045|0.056|0.002|0.192|0.069|0.243
202410|27|11200|45110000|1120000000|인천|강남구|인계동|역삼1동|NH5159|힐스테이트|5781|2|3|0.098|0.159|0.008|0.07|0.084|0.102|0.168|0.059|0.0|0.061|0.028|0.025|0.035|0.077|0.025
202410|43|46110|28110000|4413000000|부산|강남구|서초동|서초1동|NH8736|래미안|10371|2|6|0.01|0.029|0.116|0.101|0.079|0.109|0.084|0.061|0.011|0.009|0.033|0.086|0.096|0.04|0.136
202410|46|45110|41150000|4413000000|경기|수원시|서초동|역삼1동|NH5566|푸르지오|4125|2|4|0.164|0.066|0.061|0.006|0.013|0.099|0.037|0.135|0.003|0.003|0.112|0.043|0.044|0.142|0.073
202410|43|11170|44130000|4211000000|부산|강남구|역삼동|서초1동|NH2943|힐스테이트|2597|1|3|0.052|0.023|0.048|0.134|0.017|0.012|0.022|0.17|0.078|0.04|0.067|0.005|0.09|0.192|0.05
202410|45|46110|11140000|2711000000|인천|강남구|서초동|역삼1동|NH7524|힐스테이트|9232|1|6|0.164|0.104|0.009|0.1|0.0|0.025|0.015|0.006|0.004|0.112|0.133|0.019|0.037|0.059|0.211
202410|47|41150|28110000|4211000000|경기|수원시|역삼동|서초1동|NH1499|자이|3171|1|5|0.089|0.071|0.038|0.065|0.047|0.035|0.017|0.037|0.007|0.148|0.036|0.056|0.024|0.173|0.156
202410|45|11140|11200000|2711000000|부산|수원시|서초동|서초1동|NH5201|푸르지오|5952|2|2|0.092|0.034|0.192|0.068|0.046|0.23|0.038|0.05|0.059|0.066|0.02|0.027|0.029|0.012|0.036
202410|46|46110|28110000|4211000000|인천|강남구|서초동|서초1동|NH1287|래미안|15596|x|3|0.003|0.005|0.004|0.24|0.005|0.024|0.008|0.022|0.07|0.135|0.065|0.215|0.142|0.036|0.027
202410|47|11170|43110000|4113000000|서울|수원시|역삼동|역삼1동|NH9183|래미안|11916|2|4|0.102|0.076|0.003|0.074|0.08|0.007|0.138|0.062|0.038|0.005|0.004|0.227|0.115|0.016|0.054
202410|42|26110|41130000|1111000000|경기|서초구|인계동|서초1동|NH6289|자이|4122|2|5|0.021|0.001|0.001|0.084|0.242|0.068|0.058|0.014|0.191|0.01|0.003|0.188|0.088|0.005|0.026
202410|43|42110|11200000|1111000000|서울|성남시|서초동|역삼1동|NH5879|래미안|7721|1|5|0.007|0.014|0.132|0.002|0.037|0.085|0.101|0.086|0.116|0.03|0.053|0.074|0.108|0.011|0.144
202410|44|45110|11200000|4311000000|부산|수원시|역삼동|서초1동|NH3334|힐스테이트|7280|2|5|0.011|0.206|0.127|0.206|0.013|0.044|0.077|0.037|0.073|0.077|0.004|0.032|0.013|0.062|0.019
202410|47|41150|45110000|1114000000|서울|서초구|인계동|서초1동|NH5319|자이|3284|2|4|0.013|0.056|0.031|0.184|0.062|0.031|0.038|0.016|0.001|0.129|0.116|0.048|0.104|0.025|0.147
202410|27|44130|26140000|2611000000|서울|서초구|인계동|서초1동|NH4994|래미안|6794|x|6|0.027|0.056|0.059|0.025|0.103|0.079|0.0|0.004|0.032|0.249|0.048|0.104|0.053|0.137|0.024
202410|47|41110|44130000|4115000000|인천|성남시|역삼동|역삼1동|NH4693|푸르지오|2308|2|3|0.077|0.055|0.038|0.023|0.039|0.057|0.141|0.051|0.015|0.083|0.129|0.055|0.123|0.112|0.001
202410|44|28110|28110000|4413000000|서울|서초구|인계동|서초1동|NH8552|래미안|10851|2|6|0.028|0.103|0.066|0.153|0.019|0.052|0.015|0.019|0.013|0.071|0.051|0.062|0.28|0.021|0.047
202410|42|26140|44130000|1117000000|인천|서초구|서초동|역삼1동|NH8424|푸르지오|16347|2|4|0.112|0.023|0.042|0.117|0.022|0.019|0.085|0.112|0.019|0.026|0.122|0.227|0.043|0.018|0.012
202410|11|28110|11140000|2611000000|경기|성남시|역삼동|서초1동|NH6764|자이|10621|2|4|0.104|0.065|0.23|0.089|0.024|0.054|0.021|0.06|0.011|0.029|0.06|0.004|0.068|0.105|0.077
202410|41|26140|41150000|4611000000|서울|수원시|인계동|서초1동|NH6881|자이|3893|1|6|0.081|0.005|0.108|0.012|0.084|0.2|0.017|0.006|0.023|0.198|0.202|0.016|0.028|0.009|0.011
202410|46|41130|26140000|4611000000|부산|수원시|인계동|역삼1동|NH2712|힐스테이트|8424|1|5|0.008|0.033|0.007|0.128|0.066|0.064|0.107|0.082|0.113|0.075|0.044|0.049|0.092|0.076|0.058
202410|27|11200|41110000|4711000000|서울|성남시|서초동|역삼1동|NH6450|자이|8630|1|5|0.071|0.04|0.171|0.022|0.053|0.096|0.087|0.059|0.006|0.221|0.121|0.008|0.002|0.026|0.018
202410|43|28110|27110000|2811000000|경기|수원시|서초동|서초1동|NH2541|자이|19521|2|3|0.051|0.047|0.141|0.07|0.101|0.01|0.006|0.021|0.029|0.033|0.074|0.055|0.248|0.084|0.029
202410|47|45110|42110000|2611000000|경기|강남구|서초동|역삼1동|NH8165|래미안|16865|1|5|0.177|0.047|0.004|0.077|0.085|0.112|0.003|0.009|0.179|0.04|0.077|0.151|0.012|0.006|0.021
202410|45|41150|11110000|4113000000|인천|강남구|서초동|역삼1동|NH6393|래미안|19894|1|4|0.231|0.049|0.071|0.001|0.048|0.037|0.22|0.084|0.147|0.019|0.022|0.011|0.003|0.029|0.027
202410|46|47110|44130000|4113000000|서울|강남구|인계동|역삼1동|NH9957|힐스테이트|18099|x|4|0.003|0.068|0.045|0.025|0.011|0.096|0.141|0.304|0.119|0.049|0.003|0.031|0.01|0.033|0.062
202410|46|41150|11200000|2711000000|경기|강남구|인계동|서초1동|NH8419|푸르지오|11105|1|2|0.037|0.061|0.035|0.119|0.058|0.004|0.041|0.084|0.042|0.088|0.12|0.183|0.084|0.032|0.011
202410|42|42110|11200000|4611000000|서울|수원시|서초동|역삼1동|NH3990|힐스테이트|12005|2|2|0.004|0.041|0.051|0.007|0.036|0.048|0.054|0.073|0.039|0.212|0.068|0.034|0.064|0.182|0.088
202410|46|28110|46110000|4511000000|부산|수원시|서초동|서초1동|NH8703|힐스테이트|18532|1|5|0.054|0.033|0.007|0.008|0.08|0.22|0.086|0.131|0.069|0.078|0.02|0.176|0.003|0.015|0.019
202410|46|11200|47110000|4511000000|인천|수원시|역삼동|서초1동|NH8359|래미안|8106|2|5|0.012|0.009|0.082|0.007|0.023|0.091|0.003|0.204|0.046|0.067|0.018|0.022|0.048|0.29|0.077
202410|11|27110|43110000|2711000000|서울|서초구|인계동|역삼1동|NH5004|래미안|7981|2|6|0.097|0.046|0.043|0.387|0.1|0.012|0.027|0.025|0.03|0.1|0.04|0.006|0.004|0.063|0.02
202410|26|41150|11110000|1114000000|경기|성남시|인계동|역삼1동|NH7107|래미안|17372|x|5|0.036|0.077|0.016|0.065|0.039|0.019|0.071|0.23|0.028|0.0|0.045|0.001|0.15|0.195|0.029
202410|46|11110|41150000|4113000000|서울|서초구|서초동|역삼1동|NH6780|자이|2138|1|4|0.048|0.06|0.248|0.144|0.052|0.089|0.017|0.016|0.134|0.088|0.025|0.006|0.038|0.022|0.013
202410|47|41150|41150000|2614000000|서울|수원시|역삼동|역삼1동|NH5087|래미안|15931|2|4|0.31|0.024|0.098|0.094|0.15|0.085|0.011|0.014|0.043|0.026|0.059|0.002|0.083|0.001|0.001
202410|26|41150|46110000|1120000000|인천|수원시|서초동|서초1동|NH7334|자이|6949|1|2|0.004|0.236|0.006|0.083|0.018|0.12|0.026|0.044|0.033|0.208|0.031|0.007|0.034|0.098|0.052
202410|47|28110|42110000|1120000000|경기|강남구|인계동|서초1동|NH3743|힐스테이트|9636|2|4|0.021|0.004|0.024|0.114|0.005|0.004|0.066|0.187|0.017|0.184|0.078|0.103|0.107|0.081|0.004
202410|26|11140|41110000|1114000000|인천|수원시|인계동|서초1동|NH1131|래미안|6443|2|2|0.06|0.034|0.012|0.199|0.035|0.079|0.106|0.059|0.064|0.084|0.077|0.065|0.048|0.013|0.065
202410|47|41130|43110000|4115000000|인천|수원시|인계동|역삼1동|NH9932|힐스테이트|6137|2|5|0.024|0.066|0.05|0.039|0.137|0.148|0.038|0.167|0.007|0.052|0.04|0.038|0.031|0.051|0.113
202410|46|45110|11170000|4113000000|부산|서초구|서초동|역삼1동|NH8367|래미안|17203|x|3|0.211|0.043|0.085|0.068|0.033|0.026|0.144|0.037|0.068|0.014|0.018|0.01|0.226|0.015|0.001
202410|41|28110|47110000|4211000000|서울|성남시|서초동|역삼1동|NH7160|힐스테이트|17923|1|6|0.028|0.004|0.08|0.025|0.04|0.154|0.007|0.039|0.169|0.005|0.152|0.079|0.098|0.051|0.07
202410|44|47110|41150000|2614000000|서울|서초구|역삼동|서초1동|NH3680|힐스테이트|7811|2|3|0.108|0.031|0.002|0.093|0.014|0.146|0.102|0.128|0.035|0.029|0.18|0.114|0.015|0.004|0.001
202410|43|26140|42110000|1120000000|인천|강남구|서초동|서초1동|NH8396|푸르지오|5783|1|5|0.083|0.217|0.065|0.011|0.052|0.043|0.101|0.09|0.08|0.014|0.074|0.066|0.005|0.055|0.045
202410|11|11110|26110000|2614000000|인천|수원시|인계동|서초1동|NH3182|힐스테이트|11942|2|6|0.09|0.057|0.113|0.069|0.173|0.02|0.107|0.04|0.03|0.04|0.109|0.0|0.002|0.102|0.049
202410|11|45110|28110000|2711000000|부산|서초구|서초동|서초1동|NH1239|자이|13432|1|3|0.147|0.074|0.013|0.002|0.123|0.014|0.034|0.083|0.192|0.054|0.073|0.013|0.134|0.029|0.013
202410|47|11170|46110000|2611000000|경기|성남시|역삼동|역삼1동|NH2543|자이|9170|2|5|0.093|0.05|0.015|0.057|0.004|0.04|0.044|0.024|0.008|0.11|0.009|0.092|0.018|0.111|0.323
202410|26|28110|11140000|1117000000|인천|서초구|인계동|역삼1동|NH7434|힐스테이트|17467|1|4|0.012|0.007|0.042|0.098|0.046|0.157|0.175|0.061|0.153|0.071|0.005|0.028|0.025|0.093|0.026
202410|46|43110|28110000|4211000000|경기|서초구|역삼동|역삼1동|NH5516|힐스테이트|18252|2|4|0.114|0.021|0.015|0.021|0.077|0.061|0.054|0.048|0.02|0.205|0.272|0.012|0.043|0.001|0.035
202410|26|44130|46110000|2711000000|서울|수원시|인계동|역삼1동|NH3667|힐스테이트|19201|1|4|0.063|0.161|0.029|0.126|0.037|0.051|0.094|0.086|0.111|0.005|0.059|0.06|0.012|0.092|0.014
202410|45|11170|47110000|1111000000|부산|서초구|역삼동|역삼1동|NH3244|푸르지오|4060|2|6|0.036|0.017|0.035|0.26|0.019|0.021|0.056|0.007|0.015|0.111|0.026|0.057|0.06|0.219|0.06
202410|11|45110|43110000|2711000000|인천|서초구|역삼동|역삼1동|NH6517|힐스테이트|2231|1|5|0.04|0.046|0.042|0.0|0.018|0.055|0.05|0.122|0.233|0.013|0.001|0.07|0.067|0.058|0.185
202410|27|44130|11140000|4311000000|부산|서초구|인계동|역삼1동|NH8364|자이|3840|1|2|0.074|0.037|0.026|0.138|0.066|0.089|0.055|0.073|0.036|0.146|0.051|0.041|0.003|0.022|0.143
202410|43|44130|41150000|4711000000|부산|강남구|인계동|역삼1동|NH2730|힐스테이트|17716|1|4|0.022|0.071|0.119|0.002|0.025|0.07|0.063|0.096|0.109|0.002|0.049|0.176|0.021|0.077|0.098
202410|41|41130|42110000|4611000000|경기|서초구|서초동|서초1동|NH8336|푸르지오|16592|1|5|0.048|0.118|0.101|0.05|0.06|0.08|0.034|0.046|0.165|0.121|0.018|0.082|0.005|0.054|0.019
202410|26|43110|26110000|4711000000|경기|강남구|역삼동|역삼1동|NH2864|래미안|12439|2|4|0.135|0.02|0.043|0.011|0.056|0.087|0.206|0.012|0.045|0.185|0.06|0.015|0.022|0.079|0.024
202410|43|26140|41150000|2614000000|서울|서초구|인계동|역삼1동|NH6573|힐스테이트|16906|2|4|0.029|0.026|0.197|0.061|0.032|0.086|0.004|0.082|0.118|0.029|0.05|0.125|0.067|0.021|0.073
202410|47|11200|11140000|4711000000|부산|수원시|인계동|역삼1동|NH3571|자이|14609|2|3|0.079|0.019|0.089|0.044|0.143|0.077|0.007|0.031|0.08|0.086|0.051|0.003|0.095|0.045|0.152
202410|27|11200|11170000|1117000000|부산|성남시|서초동|역삼1동|NH9791|자이|11096|1|5|0.286|0.064|0.042|0.097|0.01|0.029|0.002|0.053|0.018|0.032|0.076|0.01|0.049|0.198|0.034
202410|27|41130|26140000|4711000000|인천|성남시|인계동|서초1동|NH4171|래미안|6663|1|2|0.06|0.149|0.017|0.097|0.158|0.182|0.012|0.012|0.004|0.045|0.071|0.055|0.078|0.007|0.053
202410|27|27110|43110000|1111000000|서울|성남시|서초동|역삼1동|NH6260|자이|15297|2|2|0.038|0.005|0.019|0.007|0.134|0.122|0.128|0.117|0.031|0.053|0.041|0.091|0.068|0.103|0.044
202410|47|26140|47110000|2811000000|경기|수원시|인계동|서초1동|NH7924|힐스테이트|11844|1|4|0.012|0.044|0.077|0.165|0.017|0.036|0.162|0.006|0.071|0.006|0.01|0.156|0.126|0.052|0.059
202410|47|41150|26110000|1120000000|인천|강남구|서초동|서초1동|NH9326|푸르지오|12058|2|6|0.026|0.012|0.044|0.005|0.037|0.158|0.087|0.095|0.003|0.116|0.098|0.077|0.024|0.093|0.127
202410|46|42110|46110000|4211000000|서울|성남시|인계동|역삼1동|NH5561|자이|4664|2|5|0.039|0.171|0.004|0.017|0.071|0.211|0.017|0.1|0.03|0.016|0.019|0.185|0.04|0.073|0.007
202410|45|26110|47110000|2811000000|경기|서초구|역삼동|역삼1동|NH3863|푸르지오|15471|2|5|0.14|0.022|0.198|0.035|0.19|0.183|0.062|0.029|0.022|0.017|0.019|0.014|0.022|0.001|0.046
202410|41|44130|43110000|2811000000|인천|성남시|역삼동|역삼1동|NH1037|힐스테이트|13591|2|5|0.101|0.006|0.033|0.013|0.062|0.081|0.003|0.196|0.059|0.001|0.059|0.051|0.01|0.29|0.035
202410|46|26140|44130000|1120000000|부산|강남구|서초동|서초1동|NH5888|자이|11307|2|4|0.026|0.0|0.013|0.294|0.038|0.026|0.077|0.01|0.008|0.117|0.063|0.244|0.003|0.006|0.075
202410|46|41130|41110000|2711000000|인천|성남시|서초동|역삼1동|NH3646|자이|2071|2|6|0.025|0.086|0.001|0.106|0.035|0.065|0.023|0.086|0.01|0.116|0.055|0.073|0.006|0.033|0.278
202410|26|43110|42110000|4311000000|부산|강남구|서초동|역삼1동|NH1827|푸르지오|11439|1|3|0.007|0.064|0.045|0.018|0.005|0.166|0.013|0.088|0.163|0.089|0.072|0.008|0.071|0.097|0.093
202410|44|11140|11200000|1111000000|인천|수원시|역삼동|서초1동|NH5226|래미안|17625|1|4|0.02|0.054|0.064|0.148|0.088|0.066|0.059|0.074|0.008|0.099|0.002|0.019|0.009|0.006|0.285
202410|46|41150|11200000|2611000000|부산|수원시|인계동|서초1동|NH2158|푸르지오|5710|1|4|0.027|0.047|0.005|0.222|0.019|0.067|0.034|0.011|0.154|0.1|0.088|0.005|0.12|0.053|0.048
202410|43|28110|26110000|4311000000|부산|성남시|역삼동|역삼1동|NH7639|힐스테이트|11221|2|4|0.034|0.126|0.025|0.082|0.142|0.009|0.007|0.066|0.006|0.028|0.101|0.182|0.005|0.006|0.182
202410|47|27110|45110000|4511000000|인천|서초구|인계동|역삼1동|NH8852|푸르지오|2228|x|3|0.044|0.032|0.13|0.131|0.026|0.037|0.032|0.035|0.088|0.006|0.032|0.22|0.023|0.005|0.159
202410|46|26110|26140000|4711000000|서울|강남구|역삼동|역삼1동|NH9399|자이|13960|1|3|0.003|0.292|0.031|0.151|0.246|0.024|0.038|0.008|0.013|0.005|0.087|0.005|0.019|0.065|0.014
202410|26|44130|47110000|4711000000|부산|수원시|인계동|서초1동|NH8370|힐스테이트|19461|2|2|0.004|0.123|0.037|0.042|0.056|0.065|0.067|0.015|0.052|0.283|0.022|0.148|0.014|0.014|0.057
202410|45|28110|42110000|4511000000|부산|서초구|역삼동|서초1동|NH5720|자이|5529|1|4|0.042|0.033|0.081|0.007|0.024|0.028|0.045|0.203|0.143|0.014|0.165|0.016|0.021|0.173|0.006
202410|26|43110|11110000|2811000000|서울|서초구|서초동|서초1동|NH2742|푸르지오|10815|x|3|0.001|0.087|0.14|0.055|0.082|0.07|0.031|0.056|0.022|0.11|0.103|0.048|0.073|0.105|0.018
202410|45|27110|41150000|2811000000|부산|서초구|역삼동|서초1동|NH9079|푸르지오|17356|1|4|0.019|0.034|0.197|0.072|0.014|0.011|0.005|0.072|0.114|0.008|0.059|0.006|0.102|0.272|0.013
202410|42|44130|41150000|2614000000|서울|수원시|역삼동|서초1동|NH6377|자이|14452|2|3|0.104|0.234|0.001|0.008|0.01|0.06|0.043|0.038|0.262|0.015|0.101|0.024|0.025|0.039|0.036
202410|42|41110|45110000|2614000000|서울|성남시|인계동|서초1동|NH8627|래미안|15113|1|4|0.069|0.147|0.054|0.025|0.004|0.062|0.033|0.117|0.115|0.009|0.047|0.011|0.047|0.209|0.051
202410|11|47110|43110000|2711000000|경기|수원시|역삼동|역삼1동|NH5311|푸르지오|17788|x|6|0.105|0.077|0.039|0.061|0.002|0.04|0.259|0.01|0.047|0.023|0.138|0.006|0.148|0.025|0.019
202410|42|46110|26110000|4115000000|인천|수원시|인계동|역삼1동|NH8842|힐스테이트|18285|2|3|0.046|0.026|0.046|0.018|0.006|0.075|0.107|0.064|0.073|0.024|0.081|0.261|0.048|0.041|0.084
202410|43|44130|27110000|4311000000|인천|서초구|서초동|역삼1동|NH2183|래미안|16160|1|6|0.022|0.041|0.145|0.087|0.03|0.164|0.034|0.018|0.198|0.081|0.043|0.012|0.083|0.022|0.02
202410|47|26110|11170000|4115000000|서울|서초구|인계동|서초1동|NH6547|자이|13625|2|5|0.073|0.036|0.018|0.126|0.015|0.004|0.189|0.004|0.078|0.093|0.135|0.006|0.045|0.043|0.137
202410|46|41150|11140000|4611000000|인천|성남시|역삼동|역삼1동|NH8875|힐스테이트|8745|1|5|0.201|0.009|0.02|0.08|0.008|0.022|0.0|0.148|0.079|0.107|0.007|0.07|0.029|0.164|0.056
202410|11|42110|27110000|4115000000|경기|서초구|역삼동|역삼1동|NH8320|푸르지오|9767|2|5|0.116|0.002|0.008|0.053|0.045|0.026|0.104|0.128|0.09|0.012|0.118|0.081|0.155|0.034|0.028
202410|26|47110|41110000|4611000000|부산|서초구|서초동|서초1동|NH1349|래미안|9000|1|3|0.006|0.001|0.019|0.065|0.069|0.091|0.052|0.149|0.304|0.09|0.066|0.026|0.031|0.025|0.004
202410|47|11110|41150000|4611000000|인천|강남구|서초동|서초1동|NH5010|푸르지오|6145|2|5|0.058|0.014|0.057|0.058|0.079|0.151|0.034|0.081|0.026|0.004|0.117|0.037|0.02|0.048|0.217
202410|11|46110|46110000|4611000000|경기|수원시|서초동|서초1동|NH3424|자이|11213|2|5|0.042|0.05|0.057|0.035|0.115|0.045|0.052|0.057|0.112|0.11|0.108|0.025|0.026|0.112|0.054
202410|41|41130|11140000|1114000000|인천|강남구|역삼동|서초1동|NH8864|자이|17336|1|5|0.309|0.029|0.064|0.034|0.011|0.036|0.028|0.047|0.02|0.002|0.03|0.133|0.114|0.017|0.126
202410|42|43110|41150000|4111000000|서울|서초구|역삼동|서초1동|NH7485|힐스테이트|17281|2|5|0.011|0.103|0.025|0.015|0.033|0.089|0.183|0.058|0.061|0.019|0.028|0.078|0.035|0.145|0.117
202410|47|11200|26110000|2611000000|부산|성남시|역삼동|역삼1동|NH1382|자이|13276|2|4|0.112|0.169|0.05|0.012|0.135|0.038|0.07|0.003|0.14|0.123|0.006|0.105|0.019|0.007|0.012
202410|26|45110|11140000|4711000000|부산|수원시|서초동|서초1동|NH2775|힐스테이트|19370|1|5|0.036|0.101|0.032|0.019|0.179|0.115|0.041|0.003|0.021|0.107|0.008|0.201|0.06|0.055|0.022
202410|45|41130|26110000|2811000000|부산|수원시|서초동|서초1동|NH8794|힐스테이트|12050|1|6|0.114|0.122|0.151|0.018|0.06|0.211|0.043|0.057|0.033|0.038|0.069|0.02|0.008|0.035|0.021
202410|26|41110|46110000|2811000000|인천|성남시|인계동|서초1동|NH6696|래미안|16391|1|6|0.247|0.077|0.044|0.006|0.021|0.076|0.067|0.029|0.016|0.267|0.042|0.041|0.036|0.021|0.009
202410|44|41150|27110000|4511000000|부산|성남시|서초동|서초1동|NH8546|래미안|14935|2|6|0.044|0.044|0.096|0.07|0.044|0.012|0.007|0.222|0.072|0.024|0.037|0.057|0.07|0.02|0.182
202410|27|46110|41110000|1114000000|경기|서초구|인계동|서초1동|NH2036|래미안|7200|2|5|0.026|0.227|0.059|0.122|0.07|0.127|0.135|0.0|0.061|0.007|0.007|0.033|0.066|0.03|0.031
202410|46|42110|26110000|2711000000|경기|성남시|역삼동|역삼1동|NH1660|푸르지오|2739|1|3|0.096|0.144|0.027|0.019|0.133|0.104|0.01|0.07|0.097|0.11|0.014|0.046|0.097|0.003|0.03
202410|47|45110|44130000|4611000000|경기|강남구|서초동|역삼1동|NH2183|푸르지오|13570|1|2|0.082|0.131|0.003|0.046|0.017|0.004|0.063|0.001|0.191|0.098|0.209|0.003|0.097|0.007|0.049
202410|47|11110|42110000|4111000000|경기|강남구|서초동|서초1동|NH6644|푸르지오|14063|2|4|0.092|0.002|0.104|0.014|0.112|0.097|0.002|0.025|0.076|0.087|0.063|0.175|0.136|0.003|0.012
202410|42|41130|45110000|1117000000|부산|성남시|서초동|서초1동|NH1637|힐스테이트|5237|1|6|0.121|0.031|0.022|0.1|0.056|0.021|0.068|0.072|0.017|0.043|0.126|0.234|0.058|0.03|0.001
202410|42|11170|26110000|2614000000|부산|서초구|역삼동|서초1동|NH7202|자이|7663|2|5|0.213|0.038|0.027|0.02|0.001|0.217|0.046|0.13|0.046|0.002|0.006|0.081|0.046|0.01|0.117
202410|43|11110|11140000|2611000000|부산|성남시|서초동|서초1동|NH4363|래미안|14193|2|4|0.17|0.016|0.068|0.064|0.081|0.05|0.016|0.041|0.011|0.029|0.039|0.026|0.071|0.216|0.101
202410|26|28110|26110000|2711000000|경기|성남시|인계동|역삼1동|NH7566|힐스테이트|7932|1|4|0.228|0.07|0.073|0.075|0.137|0.123|0.026|0.071|0.028|0.021|0.001|0.028|0.049|0.04|0.031
202410|27|26140|11110000|4311000000|인천|강남구|역삼동|역삼1동|NH6882|힐스테이트|4549|2|5|0.038|0.017|0.04|0.026|0.12|0.207|0.031|0.087|0.023|0.116|0.027|0.076|0.047|0.125|0.02
202410|47|26140|47110000|4511000000|경기|서초구|서초동|서초1동|NH9375|자이|2654|1|5|0.066|0.027|0.101|0.045|0.024|0.114|0.085|0.055|0.036|0.138|0.066|0.02|0.089|0.046|0.086
202410|45|42110|41110000|2614000000|서울|수원시|서초동|역삼1동|NH6187|자이|17267|1|5|0.241|0.065|0.047|0.015|0.001|0.203|0.001|0.034|0.071|0.072|0.002|0.09|0.003|0.07|0.086
202410|45|41130|26140000|1114000000|부산|서초구|인계동|역삼1동|NH3129|자이|10606|1|3|0.017|0.008|0.045|0.073|0.053|0.009|0.273|0.053|0.037|0.021|0.04|0.147|0.087|0.124|0.013
202410|45|46110|28110000|2711000000|부산|성남시|역삼동|역삼1동|NH4162|자이|6845|2|2|0.01|0.048|0.025|0.026|0.096|0.012|0.287|0.135|0.034|0.084|0.034|0.06|0.098|0.018|0.035
202410|42|41150|26140000|4311000000|경기|서초구|인계동|서초1동|NH8698|자이|16523|2|4|0.116|0.069|0.114|0.053|0.333|0.099|0.011|0.019|0.034|0.029|0.032|0.008|0.009|0.067|0.008
202410|45|41110|46110000|4113000000|서울|서초구|역삼동|역삼1동|NH7638|래미안|19526|2|4|0.068|0.016|0.043|0.095|0.004|0.187|0.008|0.001|0.033|0.035|0.054|0.066|0.096|0.106|0.187
202410|44|27110|11140000|4611000000|인천|수원시|역삼동|역삼1동|NH4981|푸르지오|7737|2|3|0.037|0.041|0.093|0.174|0.086|0.014|0.036|0.117|0.061|0.072|0.005|0.097|0.139|0.023|0.005
202410|41|28110|44130000|1117000000|서울|강남구|인계동|역삼1동|NH3801|래미안|12287|2|4|0.017|0.002|0.068|0.268|0.015|0.013|0.036|0.152|0.07|0.084|0.065|0.093|0.056|0.009|0.054
202410|46|11140|41150000|1120000000|경기|강남구|역삼동|역삼1동|NH1748|래미안|11804|2|2|0.084|0.088|0.046|0.061|0.008|0.126|0.021|0.04|0.049|0.202|0.16|0.03|0.02|0.04|0.025
202410|46|41150|26110000|4115000000|부산|수원시|서초동|역삼1동|NH7332|자이|14037|2|5|0.006|0.169|0.02|0.005|0.029|0.07|0.097|0.024|0.029|0.052|0.128|0.13|0.145|0.005|0.091
202410|27|26140|28110000|4211000000|부산|서초구|역삼동|서초1동|NH7571|자이|14853|2|5|0.014|0.013|0.035|0.029|0.089|0.004|0.085|0.003|0.035|0.009|0.308|0.032|0.09|0.2|0.053
202410|46|11170|43110000|4211000000|서울|수원시|역삼동|역삼1동|NH5333|래미안|6070|2|2|0.025|0.037|0.017|0.116|0.031|0.021|0.043|0.018|0.071|0.099|0.147|0.178|0.067|0.053|0.078
202410|46|41150|41150000|1111000000|부산|서초구|역삼동|역삼1동|NH8433|푸르지오|11090|2|4|0.107|0.095|0.209|0.012|0.013|0.022|0.038|0.035|0.021|0.01|0.109|0.198|0.08|0.037|0.015
202410|47|11170|11140000|4413000000|인천|강남구|서초동|서초1동|NH2525|힐스테이트|12321|1|3|0.094|0.049|0.031|0.053|0.008|0.03|0.015|0.069|0.038|0.006|0.12|0.066|0.051|0.269|0.101
202410|42|26110|43110000|1120000000|서울|성남시|인계동|역삼1동|NH1691|자이|12714|x|6|0.047|0.018|0.144|0.084|0.17|0.022|0.047|0.035|0.097|0.071|0.096|0.09|0.041|0.016|0.021
202410|26|46110|41150000|4115000000|부산|서초구|인계동|서초1동|NH4723|래미안|12577|1|5|0.03|0.124|0.039|0.048|0.096|0.023|0.147|0.116|0.102|0.105|0.006|0.01|0.123|0.013|0.019
202410|47|41110|45110000|2614000000|인천|서초구|역삼동|서초1동|NH3617|힐스테이트|13897|1|6|0.15|0.041|0.011|0.162|0.001|0.14|0.032|0.022|0.197|0.022|0.059|0.009|0.008|0.123|0.023
202410|46|46110|46110000|4211000000|서울|서초구|서초동|서초1동|NH6375|힐스테이트|5980|1|5|0.017|0.068|0.043|0.119|0.026|0.128|0.126|0.021|0.117|0.049|0.153|0.069|0.0|0.06|0.005
202410|46|41110|44130000|4115000000|서울|서초구|서초동|서초1동|NH5909|힐스테이트|5440|1|3|0.089|0.152|0.042|0.019|0.025|0.183|0.034|0.152|0.028|0.005|0.002|0.124|0.088|0.039|0.017
202410|27|26140|26110000|2711000000|경기|강남구|인계동|서초1동|NH5628|힐스테이트|10262|2|2|0.054|0.021|0.026|0.11|0.111|0.042|0.011|0.055|0.208|0.139|0.023|0.024|0.105|0.04|0.03
202410|42|11140|11140000|4311000000|경기|수원시|인계동|역삼1동|NH6348|힐스테이트|16385|2|3|0.002|0.13|0.081|0.045|0.014|0.081|0.164|0.001|0.022|0.042|0.017|0.311|0.003|0.037|0.05
202410|43|11170|27110000|2614000000|서울|강남구|역삼동|역삼1동|NH7266|힐스테이트|18714|2|3|0.004|0.029|0.063|0.095|0.231|0.042|0.061|0.006|0.1|0.014|0.079|0.023|0.182|0.035|0.036
202410|41|26110|11170000|2711000000|경기|수원시|역삼동|역삼1동|NH8272|푸르지오|10519|1|5|0.044|0.07|0.019|0.044|0.163|0.019|0.123|0.051|0.022|0.122|0.003|0.134|0.097|0.054|0.034
202410|27|11200|26140000|4511000000|부산|성남시|인계동|서초1동|NH2781|힐스테이트|16738|2|2|0.295|0.088|0.148|0.037|0.015|0.001|0.094|0.01|0.002|0.036|0.002|0.022|0.002|0.177|0.072
202410|47|26110|28110000|1111000000|경기|수원시|서초동|역삼1동|NH2471|푸르지오|15338|1|3|0.015|0.115|0.086|0.041|0.047|0.021|0.248|0.108|0.093|0.075|0.02|0.03|0.001|0.085|0.015
202410|41|11170|11170000|1120000000|부산|강남구|역삼동|서초1동|NH5155|래미안|19682|1|3|0.059|0.009|0.07|0.068|0.109|0.143|0.019|0.129|0.051|0.017|0.013|0.011|0.007|0.04|0.255
202410|41|11110|45110000|4113000000|부산|서초구|서초동|역삼1동|NH9743|자이|8360|2|3|0.066|0.016|0.137|0.054|0.004|0.193|0.05|0.046|0.003|0.041|0.014|0.229|0.038|0.086|0.027
202410|27|11110|47110000|4113000000|경기|강남구|서초동|서초1동|NH1508|힐스테이트|8747|1|3|0.118|0.034|0.021|0.003|0.102|0.148|0.049|0.026|0.045|0.018|0.042|0.03|0.076|0.247|0.042
202410|41|45110|11200000|2711000000|경기|서초구|서초동|서초1동|NH7292|래미안|5917|2|3|0.002|0.146|0.05|0.083|0.004|0.033|0.124|0.085|0.13|0.08|0.088|0.074|0.073|0.026|0.003
202410|44|26110|28110000|4711000000|부산|성남시|역삼동|서초1동|NH1948|푸르지오|4130|1|5|0.012|0.006|0.137|0.022|0.05|0.017|0.045|0.119|0.282|0.002|0.059|0.111|0.085|0.015|0.039
202410|46|11200|27110000|1111000000|경기|서초구|인계동|서초1동|NH8700|푸르지오|7584|2|3|0.036|0.144|0.035|0.02|0.045|0.016|0.031|0.201|0.207|0.081|0.033|0.039|0.102|0.001|0.009
202410|41|11200|45110000|4611000000|인천|강남구|인계동|역삼1동|NH2817|자이|10999|2|4|0.064|0.006|0.125|0.137|0.096|0.001|0.007|0.069|0.045|0.044|0.073|0.264|0.002|0.026|0.042
202410|26|27110|41110000|4413000000|부산|수원시|역삼동|역삼1동|NH2903|자이|3547|1|3|0.114|0.004|0.051|0.008|0.007|0.064|0.046|0.053|0.042|0.015|0.141|0.089|0.043|0.244|0.081
202410|11|28110|11200000|4611000000|경기|강남구|인계동|서초1동|NH6613|힐스테이트|3881|1|6|0.048|0.063|0.066|0.014|0.006|0.105|0.022|0.001|0.052|0.098|0.306|0.16|0.009|0.024|0.027
202410|42|11170|42110000|1120000000|인천|성남시|인계동|역삼1동|NH7314|푸르지오|3914|x|3|0.165|0.074|0.041|0.041|0.014|0.218|0.026|0.055|0.102|0.004|0.121|0.011|0.065|0.033|0.031
202410|42|43110|41130000|4413000000|서울|성남시|서초동|역삼1동|NH4606|힐스테이트|11724|1|4|0.016|0.014|0.139|0.219|0.005|0.034|0.046|0.199|0.048|0.07|0.016|0.059|0.121|0.004|0.011
202410|43|46110|42110000|4711000000|인천|강남구|역삼동|서초1동|NH2714|푸르지오|12202|1|4|0.079|0.094|0.007|0.096|0.027|0.042|0.084|0.053|0.068|0.073|0.016|0.106|0.027|0.149|0.077
202410|44|41110|11200000|2811000000|부산|성남시|역삼동|역삼1동|NH5753|자이|6830|2|4|0.073|0.014|0.061|0.069|0.033|0.017|0.072|0.133|0.017|0.188|0.009|0.203|0.074|0.012|0.026
202410|42|11110|11110000|4113000000|인천|서초구|서초동|서초1동|NH9125|푸르지오|14109|2|6|0.009|0.076|0.111|0.073|0.01|0.065|0.019|0.018|0.025|0.418|0.055|0.02|0.001|0.037|0.063
202410|27|11200|26140000|2614000000|인천|수원시|인계동|서초1동|NH2784|힐스테이트|16168|2|2|0.166|0.008|0.002|0.139|0.07|0.033|0.022|0.007|0.047|0.25|0.015|0.013|0.077|0.078|0.075
202410|47|47110|11170000|4211000000|부산|서초구|서초동|서초1동|NH9954|자이|6316|2|3|0.258|0.012|0.179|0.012|0.104|0.03|0.05|0.016|0.066|0.042|0.047|0.051|0.043|0.04|0.052
202410|43|47110|26110000|2614000000|경기|성남시|인계동|역삼1동|NH3452|래미안|13972|2|3|0.007|0.003|0.236|0.055|0.056|0.126|0.05|0.084|0.021|0.055|0.106|0.014|0.013|0.072|0.102
202410|46|26110|27110000|1120000000|경기|성남시|서초동|서초1동|NH7982|푸르지오|14842|1|6|0.015|0.154|0.344|0.066|0.026|0.018|0.119|0.014|0.007|0.017|0.016|0.063|0.086|0.03|0.023
202410|44|27110|27110000|4113000000|부산|수원시|인계동|서초1동|NH2067|힐스테이트|9105|1|5|0.036|0.017|0.078|0.148|0.027|0.284|0.045|0.017|0.137|0.083|0.047|0.019|0.01|0.049|0.002
202410|44|42110|11110000|4115000000|부산|강남구|역삼동|서초1동|NH2691|자이|12628|2|5|0.048|0.042|0.091|0.011|0.134|0.064|0.048|0.011|0.109|0.053|0.078|0.021|0.016|0.194|0.081
202410|11|11170|11140000|4413000000|부산|성남시|서초동|서초1동|NH8297|자이|16618|2|4|0.022|0.09|0.076|0.063|0.146|0.024|0.004|0.07|0.034|0.079|0.1|0.159|0.103|0.014|0.017
202410|46|47110|46110000|2614000000|경기|성남시|인계동|역삼1동|NH5022|자이|2469|2|2|0.059|0.102|0.108|0.069|0.142|0.009|0.086|0.09|0.002|0.045|0.136|0.066|0.046|0.036|0.004
202410|42|45110|11110000|4413000000|경기|수원시|인계동|서초1동|NH8460|힐스테이트|7765|2|5|0.049|0.013|0.012|0.031|0.116|0.007|0.006|0.021|0.029|0.128|0.298|0.069|0.143|0.001|0.077
202410|27|47110|47110000|1111000000|서울|수원시|서초동|역삼1동|NH9603|푸르지오|3899|2|3|0.097|0.131|0.034|0.057|0.068|0.037|0.0|0.057|0.035|0.071|0.181|0.122|0.027|0.059|0.024
202410|27|11200|41150000|4211000000|경기|성남시|인계동|서초1동|NH5032|푸르지오|8910|2|6|0.257|0.061|0.103|0.033|0.119|0.057|0.001|0.101|0.084|0.041|0.015|0.033|0.045|0.012|0.039
202410|46|41150|41130000|4611000000|서울|성남시|역삼동|서초1동|NH3755|자이|7399|1|3|0.005|0.069|0.026|0.135|0.015|0.029|0.182|0.025|0.137|0.006|0.064|0.081|0.006|0.097|0.123
202410|42|26140|44130000|2611000000|부산|성남시|역삼동|서초1동|NH2245|래미안|7957|1|3|0.003|0.11|0.013|0.035|0.074|0.012|0.006|0.041|0.176|0.054|0.333|0.034|0.054|0.054|0.0
202410|42|26110|41150000|2611000000|인천|성남시|역삼동|서초1동|NH5230|푸르지오|7908|1|5|0.239|0.022|0.006|0.044|0.049|0.166|0.04|0.087|0.032|0.025|0.157|0.074|0.005|0.009|0.044
202410|26|46110|43110000|4111000000|서울|성남시|인계동|역삼1동|NH5280|푸르지오|11199|1|3|0.046|0.086|0.008|0.04|0.006|0.062|0.194|0.006|0.148|0.025|0.046|0.178|0.016|0.134|0.005
202410|42|28110|11200000|4111000000|서울|성남시|인계동|역삼1동|NH6956|힐스테이트|12700|2|4|0.116|0.03|0.061|0.026|0.026|0.232|0.087|0.119|0.063|0.003|0.06|0.033|0.03|0.096|0.018
202410|47|43110|45110000|1120000000|서울|강남구|인계동|서초1동|NH3003|힐스테이트|4744|1|4|0.098|0.073|0.023|0.034|0.017|0.063|0.133|0.063|0.054|0.031|0.015|0.01|0.155|0.072|0.159
202410|47|11170|11170000|4611000000|부산|강남구|서초동|역삼1동|NH8505|자이|10562|2|2|0.032|0.008|0.116|0.093|0.028|0.007|0.064|0.1|0.039|0.147|0.099|0.223|0.018|0.013|0.013
202410|46|42110|42110000|4711000000|인천|강남구|역삼동|역삼1동|NH5898|푸르지오|4232|1|4|0.012|0.156|0.077|0.072|0.042|0.144|0.013|0.004|0.005|0.073|0.051|0.112|0.058|0.069|0.112
202410|27|11110|11170000|4311000000|경기|서초구|역삼동|역삼1동|NH1002|자이|16827|1|5|0.004|0.03|0.103|0.006|0.112|0.004|0.146|0.066|0.143|0.059|0.137|0.024|0.052|0.042|0.071
202410|44|26110|11170000|4311000000|서울|수원시|인계동|역삼1동|NH4089|푸르지오|16315|1|4|0.127|0.035|0.043|0.114|0.052|0.014|0.031|0.033|0.098|0.0|0.206|0.123|0.033|0.074|0.017
202410|44|46110|26110000|4311000000|부산|서초구|인계동|역삼1동|NH6427|힐스테이트|10018|1|4|0.126|0.207|0.013|0.053|0.09|0.011|0.051|0.043|0.015|0.025|0.082|0.09|0.0|0.191|0.003
202410|44|44130|11200000|4711000000|부산|서초구|인계동|서초1동|NH3040|래미안|5038|1|3|0.064|0.041|0.139|0.044|0.02|0.083|0.118|0.086|0.069|0.064|0.027|0.071|0.013|0.02|0.142
202410|11|41110|43110000|4211000000|부산|강남구|서초동|서초1동|NH8248|자이|15009|1|5|0.221|0.092|0.044|0.022|0.03|0.0|0.07|0.039|0.085|0.226|0.032|0.09|0.008|0.034|0.007
202410|41|47110|43110000|4311000000|경기|성남시|서초동|서초1동|NH3844|자이|5352|2|5|0.03|0.054|0.079|0.075|0.037|0.021|0.057|0.088|0.04|0.412|0.006|0.001|0.004|0.012|0.084
202410|47|43110|41130000|4611000000|부산|수원시|인계동|역삼1동|NH8766|푸르지오|18140|2|3|0.037|0.116|0.109|0.005|0.013|0.07|0.037|0.237|0.066|0.006|0.01|0.065|0.103|0.12|0.006
202410|41|46110|26140000|4611000000|서울|수원시|역삼동|역삼1동|NH8512|푸르지오|8202|1|4|0.091|0.128|0.138|0.137|0.013|0.009|0.081|0.03|0.041|0.045|0.012|0.145|0.041|0.047|0.044
202410|26|47110|47110000|1120000000|부산|성남시|인계동|서초1동|NH2578|푸르지오|15672|2|5|0.151|0.052|0.038|0.066|0.053|0.062|0.061|0.107|0.033|0.083|0.001|0.048|0.111|0.053|0.081
202410|44|44130|11170000|2811000000|부산|수원시|인계동|서초1동|NH3926|힐스테이트|6960|1|2|0.025|0.067|0.001|0.024|0.059|0.015|0.039|0.022|0.074|0.167|0.054|0.005|0.308|0.004|0.136
202410|26|11170|43110000|2614000000|경기|강남구|역삼동|역삼1동|NH5629|힐스테이트|3077|1|3|0.168|0.008|0.09|0.014|0.022|0.072|0.124|0.102|0.001|0.092|0.092|0.048|0.155|0.004|0.008
202410|27|45110|28110000|1111000000|부산|성남시|인계동|서초1동|NH1554|래미안|2725|2|3|0.072|0.023|0.048|0.119|0.039|0.023|0.03|0.203|0.154|0.131|0.002|0.021|0.128|0.007|0.001
202410|11|45110|26140000|4711000000|부산|강남구|서초동|서초1동|NH4578|래미안|18972|2|6|0.007|0.066|0.0|0.083|0.064|0.017|0.096|0.043|0.066|0.111|0.151|0.046|0.083|0.131|0.036
202410|46|41110|43110000|2614000000|서울|성남시|인계동|역삼1동|NH5007|힐스테이트|14207|2|4|0.036|0.01|0.025|0.069|0.088|0.047|0.102|0.009|0.156|0.056|0.006|0.01|0.268|0.044|0.075
202410|46|44130|43110000|1114000000|서울|성남시|서초동|서초1동|NH3195|힐스테이트|19212|1|4|0.151|0.024|0.017|0.032|0.002|0.059|0.037|0.114|0.176|0.003|0.098|0.022|0.246|0.005|0.013
202410|47|11170|27110000|1111000000|경기|강남구|인계동|서초1동|NH5818|래미안|6727|2|2|0.016|0.058|0.086|0.023|0.035|0.322|0.015|0.035|0.112|0.001|0.088|0.015|0.017|0.071|0.107
202410|45|26140|41150000|4211000000|서울|수원시|서초동|역삼1동|NH7480|래미안|16050|1|4|0.253|0.004|0.135|0.004|0.154|0.149|0.005|0.013|0.028|0.032|0.022|0.032|0.06|0.067|0.043
202410|11|45110|41150000|4111000000|인천|서초구|역삼동|역삼1동|NH5854|래미안|17135|1|4|0.133|0.003|0.072|0.068|0.167|0.018|0.052|0.046|0.023|0.102|0.017|0.184|0.092|0.025|0.001
202410|45|11170|11170000|1114000000|부산|성남시|서초동|역삼1동|NH9513|자이|11441|2|3|0.086|0.145|0.17|0.015|0.033|0.041|0.006|0.033|0.018|0.115|0.008|0.094|0.069|0.005|0.162
202410|44|11140|41150000|1114000000|부산|성남시|인계동|서초1동|NH6257|자이|3524|1|4|0.008|0.05|0.048|0.043|0.149|0.045|0.032|0.097|0.075|0.025|0.027|0.046|0.022|0.306|0.027
202410|46|26140|28110000|1117000000|부산|서초구|역삼동|서초1동|NH1316|힐스테이트|11683|2|3|0.152|0.048|0.123|0.007|0.113|0.112|0.009|0.075|0.055|0.054|0.099|0.019|0.002|0.051|0.081
202410|26|11140|46110000|2614000000|경기|성남시|서초동|역삼1동|NH3078|힐스테이트|7698|2|3|0.019|0.033|0.035|0.021|0.013|0.058|0.166|0.09|0.305|0.023|0.029|0.109|0.046|0.041|0.01
202410|47|11110|41130000|2611000000|경기|성남시|서초동|서초1동|NH2041|푸르지오|19062|2|2|0.009|0.038|0.102|0.093|0.121|0.078|0.09|0.006|0.09|0.006|0.052|0.013|0.219|0.067|0.017
202410|11|27110|11170000|4711000000|부산|수원시|인계동|역삼1동|NH4944|래미안|19285|2|2|0.029|0.029|0.021|0.001|0.089|0.005|0.03|0.001|0.472|0.057|0.069|0.068|0.069|0.031|0.027
202410|27|41150|11200000|1111000000|부산|강남구|역삼동|서초1동|NH1636|래미안|13938|1|4|0.029|0.038|0.076|0.032|0.03|0.065|0.263|0.0|0.112|0.026|0.063|0.01|0.012|0.177|0.067
202410|26|46110|41130000|4111000000|경기|강남구|인계동|서초1동|NH2050|자이|10809|2|2|0.012|0.025|0.259|0.09|0.126|0.011|0.011|0.008|0.009|0.011|0.183|0.13|0.006|0.005|0.114
202410|11|41150|41150000|4311000000|경기|성남시|역삼동|서초1동|NH6056|래미안|12463|1|2|0.096|0.112|0.009|0.169|0.065|0.019|0.089|0.14|0.098|0.017|0.058|0.022|0.032|0.029|0.043
202410|43|43110|47110000|2614000000|경기|강남구|서초동|서초1동|NH9474|자이|13101|1|5|0.077|0.082|0.064|0.069|0.028|0.168|0.009|0.046|0.076|0.032|0.053|0.09|0.051|0.019|0.138
202410|11|11170|41150000|2614000000|인천|수원시|역삼동|역삼1동|NH7555|자이|18083|1|5|0.19|0.013|0.2|0.023|0.044|0.03|0.032|0.062|0.138|0.057|0.009|0.015|0.023|0.004|0.161
202410|26|11200|42110000|4211000000|인천|강남구|인계동|서초1동|NH3031|힐스테이트|13201|2|5|0.057|0.109|0.047|0.027|0.032|0.032|0.044|0.045|0.012|0.231|0.022|0.024|0.046|0.115|0.157
202410|26|11200|28110000|4413000000|인천|서초구|인계동|역삼1동|NH9553|힐스테이트|9751|1|4|0.007|0.028|0.022|0.183|0.009|0.029|0.107|0.066|0.238|0.084|0.073|0.07|0.014|0.03|0.039
202410|43|43110|46110000|4511000000|부산|서초구|역삼동|역삼1동|NH6043|래미안|8744|2|6|0.456|0.012|0.019|0.011|0.019|0.089|0.095|0.028|0.043|0.014|0.078|0.025|0.041|0.042|0.029
202410|47|44130|41130000|4113000000|인천|강남구|서초동|서초1동|NH7936|래미안|17766|1|4|0.046|0.021|0.025|0.0|0.251|0.05|0.055|0.084|0.014|0.001|0.028|0.236|0.05|0.136|0.002
202410|26|46110|11110000|4111000000|인천|성남시|역삼동|역삼1동|NH8951|자이|9237|2|4|0.051|0.126|0.001|0.005|0.07|0.089|0.033|0.103|0.087|0.044|0.191|0.011|0.007|0.114|0.067
202410|27|41130|41110000|4611000000|경기|수원시|서초동|역삼1동|NH5347|힐스테이트|5906|2|6|0.023|0.022|0.113|0.031|0.226|0.217|0.011|0.008|0.041|0.022|0.013|0.038|0.031|0.072|0.131
202410|26|45110|43110000|4113000000|서울|서초구|역삼동|서초1동|NH1169|푸르지오|8399|x|2|0.005|0.025|0.01|0.003|0.122|0.266|0.067|0.101|0.03|0.099|0.074|0.139|0.006|0.033|0.018
202410|45|47110|47110000|2611000000|서울|강남구|역삼동|역삼1동|NH8113|힐스테이트|5957|2|5|0.024|0.0|0.107|0.075|0.062|0.121|0.044|0.297|0.04|0.024|0.009|0.017|0.042|0.097|0.039
202410|46|11110|45110000|4511000000|부산|수원시|인계동|역삼1동|NH3431|자이|5666|1|3|0.006|0.029|0.152|0.051|0.176|0.061|0.02|0.159|0.049|0.022|0.015|0.01|0.05|0.048|0.151
202410|42|11170|42110000|4511000000|서울|수원시|서초동|역삼1동|NH4463|푸르지오|16048|1|5|0.036|0.038|0.112|0.002|0.093|0.214|0.007|0.075|0.028|0.037|0.127|0.034|0.082|0.035|0.079
202410|43|28110|28110000|4111000000|경기|성남시|서초동|역삼1동|NH2310|자이|14245|1|3|0.149|0.052|0.03|0.023|0.06|0.012|0.098|0.027|0.043|0.031|0.132|0.026|0.03|0.15|0.137
202410|42|26140|42110000|4711000000|부산|수원시|인계동|역삼1동|NH7097|힐스테이트|8744|2|5|0.01|0.07|0.092|0.133|0.035|0.015|0.173|0.0|0.028|0.099|0.099|0.105|0.075|0.046|0.021
202410|44|43110|11110000|1117000000|서울|수원시|인계동|서초1동|NH6321|자이|16009|2|5|0.17|0.004|0.205|0.022|0.057|0.056|0.029|0.014|0.033|0.033|0.202|0.13|0.026|0.003|0.017
202410|42|44130|26110000|4511000000|서울|서초구|역삼동|역삼1동|NH3868|푸르지오|12585|1|4|0.189|0.033|0.084|0.076|0.031|0.017|0.057|0.041|0.011|0.156|0.084|0.132|0.002|0.023|0.064
202410|42|41130|45110000|4311000000|경기|성남시|역삼동|역삼1동|NH1758|힐스테이트|8324|1|4|0.081|0.038|0.28|0.11|0.004|0.034|0.071|0.024|0.012|0.009|0.003|0.085|0.067|0.08|0.101
202410|27|11200|11110000|2611000000|인천|수원시|역삼동|역삼1동|NH2253|힐스테이트|15119|2|4|0.083|0.075|0.034|0.005|0.087|0.057|0.089|0.051|0.091|0.097|0.204|0.013|0.03|0.066|0.019
202410|27|42110|26140000|1117000000|경기|수원시|인계동|역삼1동|NH8087|래미안|2550|2|5|0.038|0.061|0.086|0.045|0.042|0.018|0.081|0.05|0.085|0.099|0.048|0.074|0.052|0.03|0.192
202410|11|26110|41130000|4113000000|인천|수원시|인계동|서초1동|NH8046|자이|4286|2|2|0.083|0.054|0.069|0.043|0.073|0.135|0.133|0.069|0.025|0.054|0.007|0.018|0.036|0.031|0.169
202410|46|11170|41150000|4311000000|서울|서초구|역삼동|서초1동|NH9041|래미안|2037|x|2|0.09|0.081|0.018|0.029|0.138|0.055|0.045|0.016|0.115|0.021|0.003|0.041|0.076|0.119|0.155
202410|41|45110|47110000|4111000000|경기|수원시|서초동|서초1동|NH2962|푸르지오|15223|2|3|0.113|0.02|0.068|0.024|0.026|0.034|0.018|0.442|0.035|0.029|0.059|0.025|0.015|0.071|0.021
202410|26|41110|47110000|2611000000|인천|성남시|역삼동|역삼1동|NH4858|자이|13421|1|6|0.028|0.055|0.195|0.059|0.056|0.045|0.045|0.07|0.002|0.003|0.04|0.157|0.063|0.04|0.141
202410|11|43110|11110000|4611000000|서울|서초구|인계동|역삼1동|NH1577|자이|5143|2|2|0.038|0.021|0.134|0.015|0.074|0.057|0.003|0.05|0.048|0.026|0.037|0.096|0.033|0.186|0.183
202410|42|41150|11200000|4115000000|서울|수원시|역삼동|역삼1동|NH9088|푸르지오|16277|1|3|0.034|0.052|0.113|0.09|0.007|0.078|0.144|0.092|0.073|0.004|0.044|0.001|0.196|0.065|0.007
202410|45|11200|41110000|2711000000|경기|서초구|역삼동|역삼1동|NH3630|푸르지오|12990|1|3|0.011|0.064|0.009|0.023|0.022|0.252|0.001|0.157|0.171|0.011|0.095|0.024|0.053|0.09|0.018
202410|41|11140|46110000|2711000000|서울|성남시|서초동|서초1동|NH5692|래미안|4293|2|3|0.138|0.179|0.022|0.055|0.056|0.058|0.024|0.072|0.08|0.099|0.105|0.033|0.008|0.056|0.015
202410|27|43110|11200000|2711000000|부산|서초구|서초동|역삼1동|NH3419|래미안|16364|x|4|0.07|0.071|0.09|0.014|0.138|0.062|0.205|0.016|0.029|0.01|0.08|0.041|0.094|0.024|0.056
202410|41|43110|41110000|4511000000|인천|성남시|서초동|역삼1동|NH3688|푸르지오|12622|1|3|0.02|0.06|0.024|0.214|0.025|0.01|0.033|0.12|0.052|0.108|0.018|0.072|0.003|0.078|0.162
202410|46|46110|26110000|2614000000|서울|서초구|역삼동|역삼1동|NH8078|힐스테이트|13190|1|4|0.12|0.056|0.076|0.107|0.033|0.018|0.022|0.052|0.078|0.066|0.024|0.002|0.122|0.177|0.046
202410|41|46110|27110000|4711000000|부산|수원시|인계동|역삼1동|NH7776|힐스테이트|8131|2|5|0.014|0.007|0.291|0.059|0.003|0.037|0.179|0.012|0.106|0.028|0.083|0.035|0.015|0.11|0.023
202410|44|11200|44130000|4311000000|경기|성남시|서초동|역삼1동|NH3199|래미안|4956|2|2|0.02|0.012|0.252|0.027|0.056|0.081|0.038|0.224|0.042|0.1|0.054|0.012|0.04|0.029|0.012
202410|47|41110|28110000|2711000000|인천|수원시|서초동|역삼1동|NH3951|자이|3918|2|6|0.055|0.058|0.087|0.108|0.074|0.009|0.123|0.014|0.165|0.124|0.015|0.05|0.004|0.083|0.031
202410|46|11110|28110000|4115000000|경기|강남구|인계동|역삼1동|NH9189|자이|19102|2|4|0.187|0.133|0.142|0.021|0.034|0.034|0.008|0.051|0.002|0.014|0.041|0.038|0.066|0.162|0.066
202410|45|41130|41110000|4115000000|부산|강남구|역삼동|역삼1동|NH2954|푸르지오|16048|2|5|0.016|0.212|0.055|0.058|0.02|0.102|0.023|0.124|0.017|0.042|0.022|0.022|0.101|0.133|0.054
202410|44|45110|46110000|4111000000|경기|성남시|서초동|역삼1동|NH1435|래미안|3223|2|5|0.055|0.034|0.066|0.047|0.019|0.005|0.004|0.094|0.047|0.031|0.287|0.223|0.017|0.062|0.008
202410|26|41130|42110000|2811000000|서울|수원시|서초동|서초1동|NH7798|래미안|16534|2|2|0.031|0.021|0.097|0.062|0.047|0.051|0.015|0.101|0.092|0.015|0.009|0.062|0.047|0.069|0.28
202410|43|45110|46110000|1114000000|인천|서초구|인계동|서초1동|NH2428|자이|2303|2|6|0.008|0.064|0.169|0.123|0.012|0.032|0.017|0.027|0.197|0.006|0.001|0.034|0.05|0.013|0.247
202410|45|47110|26110000|1114000000|서울|서초구|인계동|역삼1동|NH2054|래미안|8208|1|3|0.167|0.008|0.061|0.01|0.066|0.292|0.097|0.009|0.004|0.036|0.046|0.024|0.109|0.06|0.01
202410|41|26110|11110000|2811000000|서울|성남시|서초동|역삼1동|NH7282|래미안|15255|1|6|0.02|0.002|0.009|0.051|0.004|0.147|0.077|0.003|0.219|0.198|0.006|0.052|0.095|0.036|0.08
202410|26|41130|44130000|1111000000|경기|성남시|역삼동|서초1동|NH9511|래미안|13765|2|6|0.151|0.083|0.074|0.03|0.175|0.111|0.003|0.061|0.056|0.024|0.018|0.126|0.04|0.002|0.046
202410|43|41150|11200000|4413000000|인천|성남시|역삼동|역삼1동|NH8944|래미안|2302|2|6|0.036|0.003|0.077|0.006|0.058|0.057|0.021|0.215|0.006|0.053|0.044|0.059|0.056|0.169|0.139
202410|47|26110|46110000|4611000000|경기|강남구|인계동|서초1동|NH6213|푸르지오|9379|2|5|0.023|0.146|0.046|0.085|0.0|0.027|0.125|0.063|0.059|0.09|0.065|0.037|0.099|0.07|0.064
202410|43|26110|41150000|1120000000|인천|서초구|역삼동|역삼1동|NH3591|힐스테이트|14756|1|5|0.078|0.054|0.002|0.004|0.221|0.015|0.115|0.108|0.067|0.072|0.077|0.006|0.003|0.109|0.07
202410|45|11110|44130000|4115000000|서울|서초구|역삼동|서초1동|NH7574|래미안|12899|1|4|0.067|0.138|0.014|0.082|0.091|0.02|0.05|0.125|0.028|0.015|0.021|0.109|0.157|0.062|0.021
202410|43|26110|46110000|4113000000|경기|서초구|인계동|서초1동|NH4801|래미안|11452|1|4|0.048|0.072|0.054|0.153|0.104|0.105|0.043|0.061|0.044|0.064|0.058|0.033|0.057|0.012|0.092
202410|26|11110|11110000|4115000000|경기|강남구|인계동|역삼1동|NH3582|래미안|7424|2|4|0.001|0.094|0.052|0.083|0.005|0.025|0.106|0.002|0.082|0.094|0.042|0.248|0.058|0.051|0.058
202410|44|28110|41130000|1111000000|부산|성남시|역삼동|서초1동|NH6153|푸르지오|5686|2|5|0.043|0.044|0.012|0.134|0.132|0.04|0.066|0.037|0.023|0.105|0.124|0.05|0.0|0.149|0.039
202410|47|26110|11200000|4211000000|서울|강남구|서초동|역삼1동|NH7371|힐스테이트|2570|2|4|0.107|0.078|0.177|0.031|0.004|0.187|0.221|0.013|0.015|0.032|0.009|0.053|0.025|0.014|0.035
202410|46|46110|11140000|4511000000|경기|수원시|역삼동|역삼1동|NH1998|래미안|6593|1|3|0.039|0.057|0.047|0.007|0.014|0.001|0.1|0.04|0.011|0.011|0.161|0.076|0.354|0.058|0.026
202410|26|41130|46110000|2611000000|서울|강남구|인계동|역삼1동|NH7756|푸르지오|2733|1|4|0.055|0.003|0.124|0.138|0.029|0.29|0.071|0.02|0.05|0.014|0.009|0.047|0.069|0.061|0.021
202410|45|47110|44130000|4511000000|인천|수원시|인계동|서초1동|NH9032|래미안|7183|2|4|0.081|0.115|0.115|0.214|0.029|0.046|0.014|0.025|0.019|0.064|0.04|0.022|0.009|0.14|0.067
202410|47|28110|47110000|4611000000|부산|서초구|인계동|서초1동|NH4690|자이|5342|1|6|0.071|0.011|0.014|0.055|0.006|0.046|0.026|0.168|0.011|0.088|0.007|0.124|0.15|0.041|0.182
202410|42|26140|41110000|2711000000|부산|강남구|역삼동|서초1동|NH3784|래미안|7160|1|4|0.034|0.029|0.016|0.142|0.096|0.051|0.027|0.025|0.018|0.04|0.088|0.187|0.094|0.024|0.127
202410|47|28110|11170000|4611000000|경기|수원시|서초동|역삼1동|NH6787|힐스테이트|2985|1|2|0.018|0.163|0.056|0.051|0.001|0.037|0.028|0.012|0.235|0.066|0.031|0.027|0.036|0.18|0.059
202410|46|47110|11170000|4115000000|인천|성남시|서초동|서초1동|NH4232|자이|16692|1|4|0.075|0.0|0.089|0.042|0.005|0.154|0.005|0.032|0.02|0.087|0.146|0.016|0.144|0.102|0.082
202410|44|27110|41110000|1114000000|부산|성남시|인계동|서초1동|NH7794|래미안|19854|2|5|0.047|0.087|0.003|0.003|0.142|0.022|0.083|0.024|0.196|0.023|0.043|0.003|0.067|0.128|0.13
202410|46|27110|46110000|2614000000|부산|수원시|서초동|서초1동|NH9236|래미안|18874|x|4|0.2|0.03|0.043|0.016|0.018|0.054|0.268|0.047|0.04|0.004|0.003|0.169|0.001|0.028|0.078
202410|27|27110|44130000|1120000000|인천|서초구|역삼동|역삼1동|NH9743|래미안|17343|2|4|0.073|0.018|0.046|0.186|0.083|0.008|0.045|0.01|0.174|0.019|0.001|0.058|0.119|0.012|0.149
202410|42|45110|46110000|4511000000|부산|수원시|서초동|서초1동|NH3885|푸르지오|11154|1|3|0.001|0.17|0.014|0.015|0.081|0.115|0.026|0.055|0.063|0.081|0.057|0.091|0.012|0.122|0.095
202410|11|41130|11200000|1111000000|서울|서초구|인계동|서초1동|NH1888|자이|11496|1|5|0.251|0.04|0.052|0.013|0.042|0.067|0.013|0.164|0.118|0.055|0.062|0.0|0.039|0.081|0.003
202410|11|41150|27110000|4413000000|서울|수원시|인계동|서초1동|NH8774|자이|3088|2|3|0.015|0.012|0.081|0.034|0.228|0.026|0.089|0.091|0.059|0.017|0.127|0.001|0.065|0.007|0.147
202410|41|41150|27110000|2611000000|부산|서초구|역삼동|역삼1동|NH5979|힐스테이트|11616|1|5|0.001|0.032|0.104|0.102|0.011|0.085|0.074|0.092|0.072|0.099|0.019|0.12|0.011|0.103|0.074
202410|43|26140|41130000|2611000000|부산|수원시|역삼동|서초1동|NH3618|푸르지오|18551|1|3|0.217|0.079|0.067|0.062|0.002|0.032|0.004|0.007|0.044|0.143|0.038|0.139|0.013|0.132|0.02
202410|41|27110|44130000|2611000000|서울|서초구|서초동|서초1동|NH3411|힐스테이트|19327|1|6|0.105|0.066|0.173|0.086|0.115|0.149|0.007|0.044|0.079|0.04|0.027|0.026|0.012|0.009|0.06
202410|44|28110|27110000|4111000000|서울|성남시|인계동|서초1동|NH3105|푸르지오|11031|2|6|0.109|0.282|0.109|0.049|0.01|0.001|0.032|0.101|0.023|0.086|0.027|0.006|0.057|0.079|0.029
202410|45|28110|11200000|1120000000|서울|성남시|서초동|서초1동|NH4063|힐스테이트|17431|1|5|0.065|0.023|0.001|0.057|0.089|0.03|0.024|0.173|0.136|0.133|0.003|0.152|0.05|0.039|0.026
202410|45|11140|11140000|2711000000|인천|서초구|서초동|역삼1동|NH2047|래미안|16029|x|3|0.098|0.116|0.024|0.008|0.003|0.011|0.035|0.008|0.146|0.018|0.049|0.251|0.111|0.11|0.012
202410|44|44130|43110000|1114000000|경기|수원시|서초동|서초1동|NH6557|푸르지오|15565|1|3|0.05|0.201|0.072|0.15|0.016|0.136|0.002|0.075|0.003|0.106|0.007|0.133|0.033|0.011|0.004
202410|11|44130|47110000|4113000000|경기|서초구|인계동|서초1동|NH3892|자이|8716|x|5|0.253|0.027|0.058|0.038|0.206|0.034|0.011|0.063|0.03|0.023|0.019|0.047|0.017|0.121|0.053
202410|46|41150|11200000|4711000000|서울|성남시|역삼동|서초1동|NH4536|자이|12851|1|2|0.045|0.139|0.003|0.172|0.052|0.003|0.055|0.254|0.027|0.03|0.056|0.051|0.006|0.02|0.087
202410|43|41110|26140000|2611000000|서울|서초구|서초동|서초1동|NH4414|힐스테이트|5260|1|6|0.11|0.046|0.09|0.021|0.109|0.008|0.0|0.001|0.083|0.016|0.12|0.114|0.207|0.064|0.011
202410|45|11200|26140000|2811000000|서울|강남구|서초동|서초1동|NH6839|힐스테이트|9853|2|4|0.032|0.011|0.087|0.007|0.076|0.008|0.004|0.156|0.023|0.098|0.014|0.093|0.039|0.271|0.079
202410|42|41110|26140000|4111000000|부산|서초구|서초동|역삼1동|NH2016|힐스테이트|5705|2|6|0.13|0.052|0.027|0.116|0.015|0.015|0.206|0.015|0.074|0.077|0.001|0.15|0.023|0.05|0.049
202410|47|42110|43110000|2711000000|부산|서초구|인계동|역삼1동|NH9948|래미안|17881|2|2|0.022|0.02|0.05|0.016|0.022|0.209|0.092|0.177|0.1|0.059|0.05|0.099|0.033|0.046|0.004
202410|41|41130|45110000|4711000000|서울|서초구|인계동|역삼1동|NH6456|힐스테이트|8505|2|4|0.12|0.253|0.024|0.01|0.058|0.004|0.027|0.21|0.094|0.06|0.023|0.008|0.036|0.065|0.01
202410|43|26140|41130000|2711000000|경기|성남시|인계동|역삼1동|NH7529|힐스테이트|17789|1|4|0.014|0.059|0.004|0.069|0.041|0.211|0.017|0.122|0.01|0.1|0.023|0.01|0.06|0.03|0.228
202410|45|42110|45110000|2611000000|경기|수원시|인계동|서초1동|NH2542|힐스테이트|4786|1|6|0.029|0.041|0.199|0.031|0.061|0.05|0.025|0.122|0.125|0.086|0.012|0.108|0.008|0.07|0.034
202410|42|28110|45110000|2811000000|경기|수원시|인계동|역삼1동|NH1540|푸르지오|19677|1|4|0.066|0.334|0.012|0.234|0.01|0.029|0.007|0.014|0.006|0.096|0.004|0.065|0.051|0.019|0.053
202410|43|41130|47110000|4211000000|경기|강남구|서초동|서초1동|NH6688|래미안|16991|1|5|0.001|0.046|0.234|0.048|0.012|0.063|0.104|0.019|0.012|0.023|0.007|0.122|0.015|0.12|0.174
202410|42|41110|11110000|4511000000|경기|성남시|역삼동|서초1동|NH8853|힐스테이트|15190|1|5|0.022|0.038|0.173|0.012|0.002|0.053|0.026|0.019|0.018|0.062|0.06|0.214|0.095|0.201|0.004
202410|45|46110|45110000|4211000000|서울|성남시|서초동|서초1동|NH4704|래미안|13624|1|5|0.045|0.081|0.049|0.011|0.033|0.059|0.003|0.021|0.053|0.213|0.008|0.003|0.272|0.083|0.066
202410|45|47110|41150000|4511000000|경기|수원시|역삼동|역삼1동|NH8784|힐스테이트|15935|2|2|0.118|0.017|0.059|0.082|0.071|0.032|0.006|0.164|0.063|0.027|0.031|0.02|0.011|0.143|0.155
202410|45|41150|43110000|1120000000|인천|수원시|서초동|서초1동|NH9397|힐스테이트|11945|1|4|0.116|0.008|0.023|0.05|0.12|0.059|0.029|0.007|0.016|0.048|0.235|0.171|0.093|0.006|0.019
202410|26|41150|26140000|4211000000|부산|서초구|인계동|서초1동|NH1964|래미안|6206|2|5|0.014|0.034|0.051|0.13|0.079|0.138|0.066|0.072|0.092|0.001|0.078|0.015|0.161|0.033|0.036
202410|27|41130|45110000|2611000000|서울|성남시|역삼동|역삼1동|NH1918|푸르지오|2819|2|6|0.134|0.066|0.077|0.054|0.057|0.068|0.263|0.132|0.024|0.019|0.018|0.001|0.048|0.007|0.032
202410|46|45110|41110000|4113000000|서울|강남구|서초동|역삼1동|NH7954|힐스테이트|15660|2|2|0.05|0.109|0.016|0.019|0.227|0.022|0.019|0.002|0.014|0.077|0.15|0.041|0.017|0.071|0.165
202410|47|41150|44130000|4111000000|인천|서초구|서초동|역삼1동|NH7418|래미안|6222|2|2|0.049|0.008|0.012|0.058|0.123|0.092|0.016|0.274|0.213|0.017|0.018|0.016|0.015|0.086|0.002
202410|27|28110|11170000|1111000000|서울|성남시|역삼동|서초1동|NH9386|힐스테이트|5096|1|3|0.007|0.12|0.004|0.064|0.071|0.007|0.005|0.033|0.026|0.061|0.049|0.018|0.052|0.06|0.423
202410|42|41130|46110000|4413000000|경기|수원시|서초동|역삼1동|NH1729|자이|9129|2|3|0.154|0.002|0.081|0.005|0.032|0.011|0.278|0.032|0.009|0.076|0.067|0.07|0.026|0.141|0.015
202410|42|26110|26110000|4311000000|서울|강남구|인계동|역삼1동|NH2160|래미안|3885|2|2|0.014|0.094|0.071|0.119|0.101|0.126|0.094|0.005|0.007|0.036|0.168|0.075|0.025|0.013|0.052
202410|43|11170|11140000|4413000000|부산|성남시|인계동|서초1동|NH6849|래미안|3334|2|6|0.052|0.126|0.022|0.072|0.039|0.016|0.12|0.117|0.049|0.03|0.094|0.082|0.039|0.048|0.094
202410|45|11110|41110000|4311000000|경기|성남시|서초동|서초1동|NH9020|자이|14819|1|5|0.019|0.065|0.219|0.037|0.031|0.206|0.042|0.009|0.017|0.003|0.036|0.104|0.06|0.014|0.14
202410|26|11200|41150000|4311000000|인천|성남시|서초동|서초1동|NH2626|힐스테이트|3221|2|2|0.072|0.003|0.119|0.039|0.005|0.021|0.114|0.029|0.019|0.239|0.066|0.117|0.028|0.046|0.081
202410|26|11110|44130000|4711000000|인천|성남시|인계동|역삼1동|NH3349|래미안|4417|2|6|0.042|0.045|0.31|0.011|0.049|0.048|0.011|0.084|0.017|0.083|0.008|0.015|0.155|0.028|0.093
202410|43|11140|41130000|4413000000|부산|수원시|서초동|역삼1동|NH8758|힐스테이트|16344|2|5|0.079|0.059|0.202|0.016|0.019|0.028|0.01|0.16|0.011|0.028|0.033|0.004|0.012|0.064|0.276
202410|47|26140|43110000|1111000000|부산|강남구|역삼동|서초1동|NH6259|힐스테이트|19222|1|4|0.109|0.055|0.008|0.035|0.076|0.033|0.02|0.005|0.203|0.002|0.003|0.254|0.021|0.161|0.016
202410|46|11110|11110000|4113000000|경기|강남구|역삼동|서초1동|NH9323|푸르지오|19697|2|6|0.043|0.084|0.001|0.075|0.052|0.044|0.037|0.0|0.008|0.016|0.35|0.11|0.067|0.063|0.051
202410|43|26110|47110000|1111000000|경기|강남구|서초동|역삼1동|NH6058|자이|14387|1|5|0.143|0.008|0.004|0.064|0.255|0.041|0.171|0.027|0.048|0.105|0.001|0.071|0.0|0.054|0.007
202410|46|26140|47110000|2611000000|서울|성남시|서초동|서초1동|NH3421|힐스테이트|14951|1|6|0.015|0.03|0.175|0.045|0.056|0.056|0.024|0.142|0.112|0.059|0.091|0.142|0.017|0.006|0.03
202410|47|46110|11200000|4211000000|인천|강남구|역삼동|역삼1동|NH4139|자이|15808|1|5|0.105|0.157|0.041|0.05|0.157|0.088|0.055|0.086|0.027|0.041|0.001|0.02|0.114|0.02|0.037
202410|45|28110|41150000|4413000000|경기|성남시|인계동|서초1동|NH4266|힐스테이트|6256|x|4|0.141|0.091|0.112|0.008|0.04|0.084|0.095|0.026|0.04|0.117|0.029|0.017|0.075|0.021|0.105
202410|11|41110|28110000|4115000000|부산|수원시|인계동|역삼1동|NH6931|래미안|6073|1|6|0.059|0.014|0.342|0.011|0.056|0.137|0.084|0.019|0.061|0.001|0.017|0.02|0.025|0.051|0.102
202410|26|26110|41110000|1120000000|경기|강남구|역삼동|역삼1동|NH9230|래미안|9325|1|3|0.037|0.287|0.004|0.006|0.058|0.062|0.003|0.13|0.002|0.198|0.039|0.03|0.015|0.122|0.008
202410|41|11140|41110000|1114000000|경기|서초구|인계동|서초1동|NH1523|자이|12373|1|3|0.197|0.009|0.056|0.12|0.08|0.074|0.101|0.014|0.061|0.028|0.091|0.022|0.014|0.01|0.123
202410|46|26110|42110000|4711000000|서울|강남구|역삼동|역삼1동|NH4464|래미안|4438|2|3|0.176|0.039|0.053|0.007|0.099|0.004|0.103|0.026|0.037|0.004|0.04|0.017|0.004|0.109|0.282
202410|43|26140|47110000|2811000000|경기|성남시|인계동|서초1동|NH3949|자이|6088|1|6|0.055|0.04|0.097|0.015|0.097|0.042|0.014|0.007|0.036|0.069|0.006|0.073|0.063|0.26|0.127
202410|47|47110|28110000|2811000000|서울|강남구|인계동|서초1동|NH3582|푸르지오|11396|1|6|0.005|0.019|0.052|0.0|0.1|0.113|0.059|0.129|0.024|0.02|0.09|0.041|0.037|0.242|0.068
202410|45|26140|11140000|4211000000|인천|수원시|서초동|역삼1동|NH2973|자이|13186|2|5|0.061|0.031|0.009|0.25|0.113|0.036|0.025|0.008|0.125|0.052|0.037|0.117|0.018|0.033|0.085
202410|26|28110|43110000|4211000000|서울|서초구|서초동|서초1동|NH4875|힐스테이트|7924|1|3|0.164|0.023|0.027|0.014|0.158|0.206|0.085|0.013|0.0|0.036|0.022|0.213|0.001|0.031|0.007
202410|43|26140|11200000|4113000000|경기|성남시|서초동|역삼1동|NH4807|힐스테이트|8565|1|4|0.026|0.147|0.001|0.029|0.092|0.138|0.037|0.003|0.024|0.074|0.147|0.084|0.003|0.012|0.181
202410|26|45110|44130000|2811000000|부산|강남구|역삼동|서초1동|NH1533|래미안|7546|1|4|0.003|0.118|0.022|0.019|0.156|0.039|0.02|0.01|0.043|0.148|0.012|0.016|0.292|0.036|0.066
202410|45|11140|11200000|4115000000|인천|서초구|서초동|역삼1동|NH2433|래미안|7393|2|5|0.221|0.029|0.071|0.079|0.001|0.134|0.0|0.022|0.073|0.031|0.052|0.111|0.002|0.016|0.157
202410|26|43110|43110000|2614000000|경기|강남구|서초동|서초1동|NH2355|푸르지오|8137|1|3|0.23|0.115|0.009|0.093|0.048|0.008|0.043|0.025|0.012|0.077|0.061|0.084|0.068|0.064|0.065
202410|41|27110|11200000|1114000000|경기|서초구|서초동|역삼1동|NH7195|래미안|18690|x|4|0.052|0.018|0.042|0.266|0.056|0.166|0.075|0.004|0.022|0.048|0.024|0.131|0.033|0.014|0.049
202410|43|44130|41150000|4311000000|인천|강남구|역삼동|역삼1동|NH8954|래미안|11714|2|3|0.119|0.083|0.015|0.09|0.017|0.096|0.043|0.004|0.229|0.05|0.022|0.047|0.043|0.123|0.019
202410|45|43110|41130000|1114000000|경기|서초구|역삼동|역삼1동|NH6052|자이|10630|2|3|0.096|0.015|0.015|0.004|0.016|0.077|0.278|0.102|0.054|0.064|0.09|0.025|0.044|0.103|0.017
202410|41|45110|41110000|4311000000|부산|성남시|역삼동|서초1동|NH8726|자이|5103|1|3|0.068|0.032|0.116|0.02|0.06|0.041|0.024|0.182|0.076|0.065|0.084|0.016|0.027|0.005|0.185
202410|43|27110|47110000|4311000000|부산|서초구|인계동|역삼1동|NH3189|래미안|19929|1|2|0.127|0.089|0.009|0.044|0.076|0.074|0.026|0.06|0.127|0.121|0.116|0.022|0.046|0.06|0.001
202410|42|26140|11110000|1120000000|서울|강남구|인계동|서초1동|NH1343|힐스테이트|12885|x|2|0.132|0.038|0.006|0.059|0.052|0.2|0.003|0.067|0.114|0.059|0.014|0.021|0.014|0.057|0.164
202410|45|44130|26110000|1114000000|경기|강남구|역삼동|서초1동|NH4626|힐스테이트|15838|2|5|0.123|0.259|0.072|0.027|0.076|0.019|0.042|0.011|0.012|0.077|0.074|0.055|0.023|0.098|0.032
202410|44|43110|11170000|2811000000|서울|서초구|서초동|서초1동|NH3191|자이|11409|1|4|0.003|0.099|0.034|0.08|0.187|0.031|0.109|0.09|0.037|0.01|0.008|0.017|0.034|0.125|0.135
202410|43|11200|28110000|4611000000|부산|성남시|역삼동|서초1동|NH4284|힐스테이트|17677|2|5|0.228|0.004|0.044|0.031|0.085|0.035|0.064|0.1|0.021|0.003|0.025|0.017|0.251|0.008|0.084
202410|41|41150|11200000|1114000000|인천|강남구|인계동|서초1동|NH3523|래미안|17257|1|5|0.113|0.002|0.044|0.047|0.09|0.018|0.156|0.1|0.223|0.017|0.057|0.028|0.082|0.003|0.021
202410|46|41130|42110000|1117000000|서울|수원시|인계동|역삼1동|NH6326|래미안|3475|2|2|0.044|0.086|0.032|0.068|0.04|0.019|0.14|0.002|0.001|0.057|0.18|0.028|0.148|0.12|0.036
202410|45|47110|45110000|4611000000|경기|수원시|서초동|서초1동|NH8963|푸르지오|2180|1|3|0.059|0.011|0.003|0.019|0.114|0.158|0.009|0.083|0.01|0.082|0.162|0.147|0.048|0.068|0.026
202410|46|27110|27110000|2614000000|부산|수원시|역삼동|역삼1동|NH4194|래미안|6011|2|4|0.034|0.01|0.068|0.041|0.127|0.003|0.134|0.106|0.227|0.063|0.0|0.044|0.079|0.018|0.046
202410|11|41150|42110000|2614000000|인천|서초구|인계동|서초1동|NH1942|푸르지오|16226|2|4|0.173|0.08|0.067|0.011|0.018|0.027|0.061|0.024|0.064|0.021|0.065|0.009|0.061|0.216|0.104
202410|41|42110|11170000|4711000000|경기|강남구|서초동|서초1동|NH9841|래미안|17668|2|6|0.037|0.027|0.006|0.053|0.002|0.218|0.033|0.054|0.01|0.044|0.157|0.045|0.101|0.142|0.071
202410|45|42110|46110000|4211000000|경기|강남구|서초동|역삼1동|NH9396|힐스테이트|16993|1|4|0.228|0.004|0.004|0.126|0.01|0.094|0.131|0.013|0.142|0.041|0.011|0.041|0.01|0.125|0.02
202410|43|26110|26110000|4211000000|인천|강남구|인계동|역삼1동|NH9394|푸르지오|5210|1|5|0.164|0.021|0.002|0.034|0.074|0.122|0.016|0.075|0.008|0.114|0.022|0.03|0.013|0.071|0.234
202410|46|11110|41130000|4413000000|서울|수원시|역삼동|서초1동|NH9252|자이|13368|2|6|0.033|0.056|0.005|0.061|0.172|0.032|0.084|0.018|0.026|0.059|0.074|0.06|0.076|0.182|0.06
202410|41|11200|41150000|4611000000|부산|수원시|인계동|서초1동|NH7328|힐스테이트|17032|1|5|0.147|0.029|0.0|0.005|0.059|0.063|0.112|0.087|0.041|0.145|0.013|0.13|0.079|0.061|0.029
202410|47|11200|42110000|4113000000|서울|성남시|인계동|서초1동|NH1637|자이|13599|2|5|0.023|0.034|0.078|0.081|0.019|0.002|0.068|0.035|0.071|0.151|0.076|0.093|0.17|0.078|0.021
202410|27|47110|11110000|4311000000|인천|강남구|서초동|서초1동|NH7871|자이|6334|1|6|0.035|0.081|0.125|0.162|0.093|0.008|0.014|0.061|0.144|0.053|0.022|0.043|0.004|0.148|0.009
202410|45|43110|41150000|4711000000|부산|강남구|서초동|역삼1동|NH9462|자이|2644|2|5|0.191|0.009|0.028|0.102|0.022|0.015|0.099|0.152|0.04|0.111|0.05|0.007|0.124|0.04|0.011
202410|42|43110|41130000|2711000000|경기|수원시|인계동|역삼1동|NH1948|자이|16292|x|5|0.008|0.1|0.003|0.029|0.029|0.082|0.075|0.067|0.028|0.087|0.002|0.006|0.211|0.15|0.124
202410|45|42110|43110000|2611000000|인천|강남구|서초동|서초1동|NH1310|자이|7642|x|6|0.066|0.02|0.069|0.024|0.155|0.009|0.129|0.046|0.003|0.057|0.123|0.206|0.02|0.026|0.046
202410|26|41150|11170000|4611000000|서울|강남구|인계동|역삼1동|NH1687|힐스테이트|13196|2|5|0.042|0.228|0.143|0.03|0.021|0.02|0.143|0.003|0.037|0.015|0.03|0.057|0.041|0.05|0.139
202410|45|45110|11200000|2711000000|인천|수원시|역삼동|역삼1동|NH5274|래미안|11824|2|2|0.028|0.013|0.021|0.024|0.273|0.018|0.087|0.051|0.052|0.034|0.131|0.08|0.047|0.049|0.091
202410|44|41130|27110000|4413000000|인천|강남구|서초동|역삼1동|NH5068|래미안|13217|1|4|0.003|0.219|0.074|0.026|0.122|0.019|0.024|0.049|0.088|0.023|0.16|0.046|0.135|0.009|0.002
202410|26|27110|11200000|4115000000|서울|수원시|역삼동|서초1동|NH8237|힐스테이트|5101|2|6|0.062|0.003|0.102|0.138|0.045|0.028|0.034|0.004|0.136|0.061|0.021|0.214|0.131|0.011|0.01
202410|41|41110|42110000|1120000000|인천|서초구|인계동|역삼1동|NH2909|래미안|15382|2|2|0.031|0.081|0.037|0.001|0.058|0.054|0.006|0.052|0.099|0.092|0.088|0.023|0.08|0.095|0.202
202410|46|11170|41150000|4511000000|서울|수원시|인계동|서초1동|NH1042|자이|17603|1|2|0.031|0.025|0.107|0.072|0.029|0.026|0.092|0.048|0.044|0.013|0.211|0.019|0.016|0.105|0.161
202410|42|44130|47110000|4111000000|경기|성남시|역삼동|역삼1동|NH7684|자이|7025|2|5|0.018|0.046|0.031|0.203|0.021|0.11|0.029|0.007|0.043|0.184|0.094|0.03|0.058|0.093|0.032
202410|47|28110|47110000|2711000000|서울|서초구|서초동|서초1동|NH8243|자이|12034|2|4|0.155|0.181|0.012|0.018|0.056|0.005|0.253|0.018|0.045|0.002|0.036|0.075|0.025|0.098|0.023
202410|26|44130|45110000|4115000000|인천|수원시|인계동|서초1동|NH2407|힐스테이트|11169|2|6|0.016|0.144|0.052|0.061|0.134|0.063|0.049|0.134|0.03|0.07|0.019|0.004|0.129|0.033|0.061
202410|47|41130|41150000|1111000000|서울|수원시|역삼동|역삼1동|NH6034|푸르지오|15270|1|4|0.006|0.093|0.109|0.081|0.038|0.012|0.01|0.006|0.013|0.086|0.228|0.029|0.038|0.097|0.152
202410|41|11170|11170000|1117000000|인천|수원시|역삼동|역삼1동|NH8103|래미안|8011|1|5|0.151|0.017|0.064|0.012|0.094|0.015|0.071|0.093|0.023|0.023|0.135|0.019|0.076|0.03|0.177
202410|46|47110|11140000|2611000000|서울|강남구|인계동|서초1동|NH3129|래미안|9258|2|3|0.042|0.18|0.008|0.059|0.201|0.018|0.084|0.061|0.015|0.119|0.035|0.011|0.099|0.002|0.066
202410|46|26110|27110000|4511000000|서울|서초구|서초동|역삼1동|NH4882|푸르지오|4990|1|4|0.135|0.035|0.124|0.038|0.062|0.015|0.041|0.141|0.053|0.088|0.041|0.059|0.089|0.061|0.02
202410|27|47110|11110000|4611000000|서울|서초구|서초동|역삼1동|NH8518|푸르지오|16205|x|6|0.031|0.012|0.069|0.049|0.158|0.043|0.087|0.043|0.202|0.033|0.01|0.083|0.016|0.087|0.076
202410|43|41130|42110000|4311000000|경기|성남시|서초동|서초1동|NH7697|자이|13096|2|4|0.002|0.046|0.027|0.035|0.134|0.067|0.121|0.004|0.119|0.015|0.016|0.133|0.088|0.15|0.045
202410|41|42110|11110000|4413000000|경기|강남구|인계동|서초1동|NH2538|푸르지오|10904|2|5|0.028|0.015|0.021|0.108|0.079|0.204|0.071|0.079|0.037|0.078|0.0|0.083|0.139|0.017|0.04
202410|45|41150|11170000|4115000000|서울|성남시|서초동|역삼1동|NH7836|힐스테이트|6500|2|3|0.002|0.067|0.055|0.034|0.012|0.007|0.116|0.04|0.006|0.135|0.021|0.036|0.142|0.135|0.192
202410|44|11140|11170000|2811000000|인천|서초구|인계동|역삼1동|NH1160|래미안|8194|x|6|0.013|0.088|0.036|0.011|0.085|0.075|0.084|0.128|0.034|0.049|0.029|0.031|0.146|0.011|0.178
202410|26|26140|41110000|2611000000|인천|수원시|서초동|서초1동|NH2560|푸르지오|17261|1|5|0.099|0.102|0.007|0.078|0.043|0.121|0.081|0.027|0.123|0.033|0.024|0.003|0.013|0.145|0.099
202410|45|26140|41130000|2811000000|경기|강남구|서초동|서초1동|NH3876|래미안|19065|2|5|0.051|0.011|0.049|0.011|0.013|0.014|0.152|0.04|0.209|0.028|0.049|0.244|0.055|0.041|0.034
202410|46|42110|28110000|2614000000|인천|강남구|역삼동|역삼1동|NH9727|푸르지오|17089|1|3|0.027|0.048|0.272|0.001|0.15|0.03|0.006|0.017|0.087|0.03|0.001|0.053|0.065|0.015|0.198
202410|47|47110|44130000|2811000000|인천|수원시|역삼동|역삼1동|NH1960|힐스테이트|15102|1|6|0.023|0.025|0.039|0.035|0.015|0.059|0.006|0.255|0.067|0.108|0.064|0.166|0.077|0.058|0.002
202410|41|45110|28110000|1120000000|인천|성남시|역삼동|서초1동|NH4611|자이|15992|1|4|0.168|0.203|0.041|0.084|0.021|0.009|0.077|0.017|0.006|0.14|0.021|0.02|0.05|0.03|0.115
202410|44|28110|11140000|2611000000|인천|성남시|서초동|역삼1동|NH3628|래미안|15141|2|2|0.05|0.035|0.094|0.092|0.134|0.197|0.096|0.004|0.042|0.024|0.011|0.104|0.018|0.068|0.033
202410|44|11170|47110000|4311000000|서울|수원시|서초동|역삼1동|NH3712|힐스테이트|11826|1|5|0.087|0.05|0.073|0.02|0.024|0.153|0.112|0.028|0.164|0.051|0.125|0.003|0.067|0.012|0.03
202410|47|41150|26140000|1111000000|경기|수원시|역삼동|역삼1동|NH8380|래미안|13985|2|6|0.058|0.005|0.039|0.053|0.076|0.007|0.125|0.275|0.038|0.034|0.005|0.143|0.02|0.021|0.1
202410|42|44130|11110000|2611000000|서울|서초구|인계동|서초1동|NH5954|힐스테이트|10807|2|5|0.02|0.051|0.047|0.212|0.026|0.011|0.063|0.11|0.085|0.032|0.118|0.054|0.076|0.032|0.062
202410|46|45110|28110000|4711000000|경기|강남구|서초동|역삼1동|NH1879|래미안|12395|1|5|0.005|0.107|0.041|0.027|0.044|0.133|0.027|0.23|0.056|0.011|0.12|0.089|0.001|0.023|0.087
202410|44|45110|42110000|4111000000|서울|서초구|역삼동|역삼1동|NH1112|자이|17956|2|6|0.09|0.012|0.105|0.071|0.114|0.054|0.014|0.138|0.013|0.004|0.144|0.091|0.055|0.068|0.026
202410|44|46110|43110000|4311000000|인천|성남시|역삼동|역삼1동|NH7315|자이|16238|1|2|0.006|0.085|0.058|0.005|0.024|0.002|0.317|0.035|0.039|0.025|0.091|0.064|0.138|0.028|0.083
202410|44|26140|41150000|4115000000|서울|강남구|인계동|역삼1동|NH2049|래미안|5501|2|6|0.163|0.019|0.03|0.074|0.039|0.056|0.003|0.01|0.086|0.266|0.01|0.012|0.033|0.019|0.182
202410|47|47110|11110000|4211000000|부산|서초구|서초동|서초1동|NH4060|자이|17236|x|4|0.001|0.061|0.005|0.049|0.041|0.114|0.019|0.082|0.095|0.076|0.033|0.073|0.089|0.198|0.065
202410|47|27110|11170000|2711000000|경기|강남구|인계동|역삼1동|NH1609|푸르지오|12617|2|6|0.002|0.345|0.078|0.017|0.052|0.003|0.014|0.122|0.095|0.065|0.008|0.032|0.001|0.124|0.042
202410|27|42110|41150000|2711000000|경기|강남구|인계동|역삼1동|NH7975|자이|4007|2|6|0.032|0.026|0.084|0.143|0.0|0.037|0.012|0.019|0.015|0.09|0.112|0.116|0.104|0.077|0.132
202410|47|26140|46110000|2811000000|서울|서초구|서초동|역삼1동|NH1487|자이|11829|2|3|0.206|0.119|0.021|0.195|0.009|0.05|0.01|0.028|0.084|0.039|0.008|0.104|0.081|0.017|0.029
202410|45|41110|11140000|4111000000|인천|강남구|서초동|서초1동|NH8439|래미안|12302|1|4|0.03|0.007|0.319|0.004|0.063|0.066|0.036|0.01|0.009|0.083|0.087|0.145|0.014|0.041|0.085
202410|26|42110|11200000|4111000000|경기|강남구|서초동|역삼1동|NH9480|푸르지오|11235|1|2|0.016|0.047|0.136|0.009|0.087|0.008|0.003|0.148|0.021|0.169|0.046|0.022|0.233|0.047|0.011
202410|42|44130|28110000|4611000000|경기|서초구|인계동|역삼1동|NH6697|래미안|16040|2|3|0.025|0.029|0.098|0.064|0.127|0.196|0.027|0.044|0.113|0.027|0.118|0.088|0.01|0.023|0.011
202410|44|46110|41110000|2614000000|부산|성남시|인계동|서초1동|NH9448|자이|3100|1|4|0.108|0.056|0.076|0.014|0.089|0.225|0.031|0.027|0.128|0.024|0.025|0.034|0.056|0.048|0.058
202410|27|41150|41150000|1117000000|서울|서초구|서초동|서초1동|NH9350|래미안|6149|2|3|0.025|0.056|0.097|0.054|0.049|0.062|0.006|0.035|0.051|0.051|0.081|0.169|0.069|0.069|0.126
202410|41|28110|26110000|2614000000|경기|성남시|인계동|서초1동|NH8339|힐스테이트|18714|1|4|0.02|0.076|0.079|0.011|0.223|0.124|0.144|0.002|0.089|0.044|0.01|0.002|0.051|0.12|0.005
202410|47|41110|11200000|1120000000|서울|강남구|인계동|서초1동|NH8049|래미안|18726|1|6|0.038|0.143|0.063|0.0|0.1|0.015|0.202|0.033|0.018|0.233|0.031|0.009|0.023|0.027|0.067
202410|47|11170|11170000|2611000000|인천|수원시|역삼동|서초1동|NH7246|힐스테이트|12018|1|2|0.033|0.146|0.169|0.117|0.038|0.035|0.07|0.102|0.049|0.027|0.075|0.054|0.057|0.016|0.01
202410|27|42110|45110000|2711000000|경기|강남구|인계동|서초1동|NH6275|래미안|3422|2|6|0.031|0.229|0.032|0.049|0.061|0.128|0.078|0.057|0.047|0.023|0.008|0.086|0.09|0.043|0.038
202410|26|27110|45110000|4113000000|인천|성남시|역삼동|서초1동|NH8949|자이|14932|1|4|0.049|0.084|0.21|0.012|0.028|0.135|0.023|0.122|0.067|0.007|0.036|0.038|0.108|0.031|0.049
202410|41|27110|26140000|4311000000|경기|서초구|역삼동|서초1동|NH4961|래미안|17888|1|6|0.05|0.007|0.108|0.079|0.038|0.035|0.035|0.015|0.055|0.252|0.014|0.126|0.089|0.036|0.06
202410|47|27110|43110000|4711000000|서울|성남시|서초동|역삼1동|NH6663|자이|8378|1|5|0.012|0.157|0.025|0.027|0.014|0.074|0.021|0.003|0.046|0.051|0.13|0.004|0.144|0.199|0.093
202410|46|44130|11200000|2614000000|경기|성남시|서초동|서초1동|NH2984|힐스테이트|18560|1|5|0.077|0.048|0.159|0.055|0.002|0.035|0.016|0.054|0.065|0.07|0.02|0.078|0.095|0.103|0.123
202410|43|11170|45110000|1117000000|인천|서초구|역삼동|역삼1동|NH4226|푸르지오|6194|1|3|0.124|0.044|0.17|0.035|0.03|0.114|0.088|0.001|0.006|0.029|0.109|0.129|0.024|0.094|0.004
202410|42|41110|11110000|2711000000|부산|성남시|인계동|서초1동|NH8035|푸르지오|8454|2|6|0.04|0.031|0.057|0.042|0.013|0.002|0.006|0.068|0.053|0.091|0.146|0.011|0.02|0.111|0.307
202410|41|28110|45110000|4413000000|서울|강남구|인계동|서초1동|NH4867|푸르지오|2702|x|2|0.059|0.063|0.037|0.104|0.091|0.233|0.053|0.045|0.06|0.011|0.124|0.02|0.029|0.004|0.069
202410|11|41130|26140000|4511000000|서울|성남시|서초동|역삼1동|NH6947|래미안|5037|1|3|0.021|0.021|0.078|0.009|0.05|0.041|0.293|0.04|0.063|0.043|0.112|0.11|0.098|0.018|0.003
202410|26|42110|26110000|4711000000|경기|서초구|서초동|역삼1동|NH5491|푸르지오|10252|2|6|0.057|0.035|0.089|0.031|0.101|0.01|0.041|0.079|0.014|0.088|0.122|0.108|0.036|0.042|0.147
202410|46|41130|47110000|4111000000|인천|강남구|역삼동|서초1동|NH5290|자이|4333|2|6|0.016|0.013|0.175|0.049|0.057|0.01|0.163|0.196|0.02|0.033|0.108|0.056|0.006|0.038|0.06
202410|47|26140|43110000|4311000000|부산|서초구|인계동|역삼1동|NH6219|푸르지오|13633|2|4|0.005|0.19|0.018|0.032|0.09|0.025|0.047|0.259|0.006|0.002|0.055|0.042|0.007|0.038|0.184
202410|42|43110|11110000|1117000000|인천|서초구|역삼동|역삼1동|NH7492|자이|9729|1|2|0.209|0.06|0.002|0.015|0.04|0.033|0.052|0.147|0.054|0.137|0.001|0.049|0.002|0.041|0.158
202410|45|44130|46110000|2611000000|인천|강남구|역삼동|서초1동|NH5824|래미안|4332|1|6|0.014|0.048|0.015|0.002|0.038|0.041|0.134|0.075|0.228|0.01|0.008|0.081|0.075|0.117|0.113
202410|47|45110|26140000|4115000000|경기|성남시|역삼동|서초1동|NH3907|푸르지오|4037|1|4|0.018|0.023|0.139|0.109|0.012|0.01|0.094|0.01|0.024|0.051|0.018|0.174|0.112|0.141|0.065
202410|26|26140|46110000|4413000000|인천|서초구|인계동|역삼1동|NH9455|힐스테이트|12625|x|3|0.043|0.006|0.047|0.086|0.016|0.078|0.033|0.057|0.146|0.113|0.046|0.167|0.024|0.107|0.032
202410|44|28110|11200000|4211000000|서울|강남구|역삼동|서초1동|NH3082|푸르지오|7621|1|3|0.005|0.002|0.037|0.032|0.046|0.079|0.198|0.018|0.034|0.142|0.133|0.132|0.013|0.125|0.006
202410|43|26140|26140000|1114000000|부산|강남구|서초동|서초1동|NH4556|힐스테이트|8560|2|4|0.045|0.087|0.045|0.03|0.107|0.025|0.029|0.152|0.219|0.003|0.02|0.14|0.079|0.012|0.007
202410|45|26140|47110000|1117000000|경기|수원시|역삼동|역삼1동|NH9683|힐스테이트|16799|2|6|0.043|0.009|0.09|0.154|0.05|0.045|0.112|0.063|0.048|0.126|0.061|0.122|0.022|0.048|0.01
202410|11|27110|26110000|4413000000|부산|수원시|서초동|역삼1동|NH8945|푸르지오|11040|1|6|0.22|0.006|0.043|0.075|0.108|0.029|0.115|0.038|0.056|0.019|0.139|0.041|0.08|0.002|0.03
202410|47|11170|45110000|2614000000|인천|서초구|역삼동|역삼1동|NH4767|힐스테이트|13181|2|3|0.125|0.047|0.043|0.09|0.02|0.012|0.116|0.032|0.028|0.086|0.051|0.126|0.033|0.125|0.066
202410|41|47110|11140000|1111000000|부산|성남시|역삼동|서초1동|NH6507|힐스테이트|9748|1|6|0.155|0.044|0.112|0.085|0.004|0.033|0.077|0.02|0.132|0.038|0.087|0.067|0.036|0.019|0.092
202410|11|41150|11200000|4711000000|부산|서초구|역삼동|서초1동|NH4463|래미안|12928|2|3|0.251|0.125|0.01|0.082|0.007|0.005|0.066|0.046|0.033|0.031|0.167|0.037|0.054|0.068|0.019
202410|46|43110|42110000|2811000000|인천|서초구|역삼동|서초1동|NH8434|자이|9825|1|4|0.018|0.046|0.021|0.04|0.048|0.167|0.02|0.091|0.003|0.178|0.148|0.119|0.019|0.079|0.004
202410|11|28110|11200000|4111000000|부산|서초구|역삼동|서초1동|NH1869|힐스테이트|18209|2|4|0.086|0.013|0.029|0.077|0.119|0.09|0.142|0.004|0.023|0.048|0.01|0.038|0.131|0.113|0.077
202410|26|41150|41110000|4211000000|인천|성남시|인계동|역삼1동|NH3426|푸르지오|8991|2|5|0.06|0.099|0.05|0.095|0.018|0.096|0.225|0.053|0.053|0.084|0.026|0.049|0.048|0.018|0.025
202410|41|43110|11200000|2711000000|부산|강남구|서초동|역삼1동|NH5649|래미안|9930|1|2|0.23|0.08|0.14|0.05|0.008|0.027|0.006|0.012|0.072|0.043|0.1|0.035|0.092|0.033|0.074
202410|11|42110|11140000|2811000000|서울|서초구|역삼동|역삼1동|NH6919|자이|3161|1|3|0.214|0.159|0.001|0.039|0.03|0.062|0.034|0.022|0.085|0.066|0.031|0.086|0.026|0.088|0.054
202410|41|11200|45110000|2711000000|서울|수원시|인계동|역삼1동|NH7861|자이|18016|2|3|0.127|0.273|0.022|0.015|0.079|0.06|0.102|0.019|0.003|0.039|0.037|0.061|0.018|0.006|0.139
202410|26|44130|27110000|4113000000|서울|서초구|인계동|서초1동|NH9369|푸르지오|4389|1|3|0.001|0.01|0.057|0.078|0.006|0.133|0.128|0.174|0.038|0.095|0.035|0.024|0.006|0.123|0.091
202410|45|42110|41130000|4711000000|경기|수원시|인계동|역삼1동|NH4120|힐스테이트|7218|1|3|0.013|0.007|0.009|0.366|0.02|0.011|0.051|0.161|0.014|0.01|0.022|0.247|0.012|0.034|0.024
202410|26|11200|26110000|4211000000|서울|서초구|인계동|서초1동|NH8770|래미안|4957|2|6|0.048|0.093|0.109|0.032|0.049|0.062|0.123|0.072|0.056|0.013|0.008|0.139|0.058|0.037|0.1
202410|26|43110|41110000|4113000000|인천|서초구|인계동|서초1동|NH6987|푸르지오|13751|1|4|0.123|0.091|0.025|0.03|0.295|0.004|0.044|0.038|0.033|0.117|0.006|0.002|0.097|0.011|0.083
202410|44|43110|41110000|4113000000|서울|수원시|인계동|역삼1동|NH2188|푸르지오|2210|2|6|0.104|0.036|0.059|0.015|0.007|0.075|0.008|0.056|0.089|0.031|0.064|0.134|0.146|0.031|0.146
202410|44|43110|11170000|4511000000|경기|강남구|서초동|역삼1동|NH6707|래미안|5538|1|5|0.026|0.155|0.024|0.013|0.034|0.042|0.035|0.036|0.073|0.144|0.109|0.075|0.188|0.039|0.007
202410|26|46110|26140000|4111000000|인천|서초구|인계동|역삼1동|NH6393|자이|18122|1|3|0.068|0.038|0.028|0.067|0.021|0.071|0.034|0.229|0.159|0.032|0.141|0.009|0.007|0.072|0.024
202410|46|26140|45110000|1120000000|인천|서초구|역삼동|역삼1동|NH6866|힐스테이트|17559|1|6|0.039|0.006|0.102|0.01|0.138|0.162|0.04|0.173|0.083|0.028|0.029|0.075|0.005|0.095|0.013
202410|27|43110|41110000|4711000000|부산|서초구|서초동|서초1동|NH8893|래미안|3109|1|4|0.052|0.032|0.11|0.176|0.022|0.044|0.081|0.004|0.111|0.198|0.012|0.045|0.025|0.044|0.044
202410|11|46110|41150000|4511000000|부산|수원시|인계동|역삼1동|NH6991|푸르지오|9270|1|6|0.085|0.091|0.104|0.005|0.051|0.063|0.001|0.095|0.006|0.054|0.013|0.147|0.176|0.043|0.066
202410|44|42110|41130000|4413000000|부산|수원시|서초동|역삼1동|NH6945|푸르지오|7194|2|2|0.066|0.089|0.038|0.005|0.012|0.024|0.196|0.186|0.045|0.071|0.066|0.13|0.026|0.015|0.031
202410|11|43110|46110000|2611000000|경기|서초구|인계동|역삼1동|NH3538|래미안|10975|1|2|0.005|0.065|0.085|0.003|0.045|0.101|0.008|0.058|0.127|0.023|0.173|0.113|0.104|0.083|0.009
202410|26|26140|41110000|1114000000|서울|수원시|서초동|서초1동|NH7422|자이|16883|2|3|0.023|0.083|0.017|0.032|0.085|0.007|0.003|0.093|0.137|0.01|0.073|0.099|0.043|0.01|0.284
202410|47|11200|46110000|4413000000|경기|수원시|서초동|역삼1동|NH4464|자이|2425|1|4|0.057|0.155|0.157|0.004|0.0|0.031|0.028|0.005|0.005|0.085|0.079|0.025|0.193|0.044|0.13
202410|47|41130|43110000|4611000000|인천|수원시|역삼동|서초1동|NH8022|힐스테이트|17192|2|2|0.076|0.15|0.304|0.008|0.142|0.003|0.02|0.022|0.061|0.028|0.005|0.042|0.002|0.104|0.032
202410|47|11200|28110000|1117000000|부산|서초구|인계동|역삼1동|NH6871|래미안|7919|2|4|0.059|0.139|0.004|0.081|0.065|0.143|0.119|0.037|0.033|0.011|0.085|0.004|0.001|0.095|0.124
202410|27|41130|41130000|2711000000|경기|성남시|인계동|서초1동|NH9133|래미안|7713|2|6|0.125|0.011|0.009|0.002|0.01|0.01|0.134|0.076|0.328|0.019|0.023|0.025|0.075|0.087|0.067
202410|47|46110|41130000|2711000000|경기|수원시|역삼동|역삼1동|NH1114|푸르지오|16911|2|5|0.064|0.125|0.118|0.194|0.022|0.026|0.003|0.041|0.046|0.072|0.107|0.032|0.033|0.01|0.105
202410|47|43110|42110000|2811000000|인천|수원시|인계동|서초1동|NH2742|자이|19913|2|5|0.009|0.074|0.062|0.075|0.126|0.164|0.042|0.014|0.075|0.033|0.093|0.003|0.17|0.026|0.033
202410|42|11110|42110000|4711000000|인천|성남시|서초동|서초1동|NH2320|래미안|14108|1|3|0.113|0.114|0.063|0.008|0.109|0.238|0.013|0.025|0.153|0.038|0.021|0.031|0.02|0.043|0.012
202410|45|44130|41150000|1111000000|부산|서초구|인계동|역삼1동|NH3035|푸르지오|6399|2|5|0.051|0.039|0.059|0.016|0.154|0.006|0.053|0.031|0.097|0.027|0.062|0.116|0.082|0.134|0.072
202410|26|46110|26140000|4115000000|인천|수원시|서초동|서초1동|NH4778|자이|17566|2|4|0.039|0.085|0.06|0.089|0.095|0.023|0.043|0.036|0.055|0.005|0.055|0.156|0.108|0.151|0.002
202410|43|28110|41130000|1114000000|경기|수원시|역삼동|서초1동|NH4732|힐스테이트|7931|2|5|0.217|0.036|0.046|0.007|0.063|0.031|0.037|0.106|0.025|0.087|0.052|0.047|0.026|0.157|0.063
202410|44|28110|41130000|1117000000|서울|서초구|서초동|역삼1동|NH7138|래미안|15111|1|4|0.01|0.076|0.058|0.009|0.019|0.115|0.178|0.006|0.024|0.082|0.008|0.1|0.059|0.096|0.16
202410|26|11140|44130000|1117000000|경기|성남시|역삼동|역삼1동|NH2120|자이|3005|2|5|0.216|0.0|0.051|0.025|0.197|0.009|0.092|0.084|0.063|0.096|0.057|0.017|0.026|0.048|0.02
202410|27|45110|41150000|4711000000|경기|강남구|서초동|역삼1동|NH7478|래미안|11714|1|5|0.151|0.003|0.048|0.02|0.061|0.09|0.034|0.013|0.004|0.189|0.129|0.106|0.066|0.059|0.027
202410|27|28110|41130000|4413000000|인천|서초구|서초동|역삼1동|NH4488|래미안|8660|1|4|0.087|0.051|0.221|0.049|0.051|0.056|0.047|0.077|0.15|0.027|0.036|0.013|0.082|0.012|0.042
202410|26|26110|41130000|4115000000|인천|강남구|인계동|서초1동|NH5267|푸르지오|7039|1|6|0.051|0.316|0.04|0.096|0.018|0.082|0.04|0.089|0.042|0.003|0.069|0.008|0.1|0.016|0.031
202410|27|46110|26110000|2614000000|부산|강남구|인계동|서초1동|NH5768|힐스테이트|16982|2|6|0.09|0.056|0.062|0.068|0.014|0.012|0.103|0.047|0.046|0.019|0.159|0.076|0.183|0.012|0.053
202410|11|44130|41110000|1120000000|서울|성남시|역삼동|서초1동|NH2509|힐스테이트|9561|1|6|0.072|0.009|0.146|0.166|0.018|0.031|0.057|0.101|0.011|0.025|0.04|0.156|0.096|0.04|0.032
202410|46|27110|11200000|4311000000|인천|수원시|서초동|역삼1동|NH5953|힐스테이트|15818|2|3|0.11|0.087|0.033|0.064|0.012|0.032|0.024|0.098|0.197|0.121|0.131|0.006|0.009|0.055|0.021
202410|27|11110|42110000|2711000000|인천|성남시|서초동|서초1동|NH7403|푸르지오|12732|1|2|0.001|0.108|0.084|0.133|0.022|0.117|0.045|0.023|0.242|0.005|0.175|0.021|0.011|0.013|0.001
202410|26|41130|11110000|4611000000|경기|성남시|역삼동|역삼1동|NH9590|푸르지오|5413|1|3|0.157|0.11|0.033|0.055|0.033|0.035|0.046|0.031|0.155|0.004|0.029|0.021|0.029|0.004|0.258
202410|44|27110|46110000|4211000000|부산|성남시|인계동|서초1동|NH6856|푸르지오|19443|2|6|0.036|0.125|0.049|0.147|0.051|0.004|0.061|0.165|0.034|0.131|0.003|0.092|0.013|0.058|0.031
202410|43|41130|45110000|1117000000|서울|성남시|서초동|서초1동|NH2848|힐스테이트|6499|1|6|0.001|0.115|0.098|0.004|0.006|0.103|0.031|0.062|0.215|0.079|0.016|0.048|0.086|0.103|0.033
202410|41|41110|42110000|4611000000|인천|수원시|인계동|역삼1동|NH4767|힐스테이트|5802|x|6|0.013|0.082|0.018|0.057|0.084|0.011|0.281|0.003|0.06|0.089|0.15|0.091|0.015|0.029|0.017
202410|42|26140|41110000|2611000000|인천|강남구|인계동|서초1동|NH8894|래미안|5594|2|4|0.221|0.063|0.154|0.139|0.024|0.007|0.004|0.015|0.117|0.032|0.012|0.106|0.004|0.017|0.087
202410|11|47110|44130000|4611000000|부산|성남시|인계동|역삼1동|NH4996|힐스테이트|18013|1|2|0.0|0.131|0.062|0.068|0.069|0.038|0.221|0.09|0.032|0.066|0.024|0.117|0.006|0.074|0.001
202410|42|46110|47110000|2611000000|경기|성남시|인계동|역삼1동|NH4204|자이|7989|2|6|0.006|0.051|0.101|0.179|0.022|0.007|0.099|0.028|0.032|0.195|0.07|0.112|0.063|0.009|0.025
202410|45|11110|44130000|4111000000|부산|수원시|서초동|서초1동|NH7718|자이|15860|2|6|0.14|0.129|0.093|0.055|0.021|0.031|0.03|0.08|0.151|0.043|0.023|0.097|0.018|0.035|0.054
202410|41|11140|26110000|2811000000|경기|서초구|역삼동|역삼1동|NH1395|자이|13271|1|3|0.087|0.002|0.044|0.071|0.067|0.013|0.034|0.042|0.116|0.052|0.094|0.059|0.043|0.191|0.086
202410|42|41130|26140000|4113000000|경기|서초구|역삼동|역삼1동|NH1045|힐스테이트|7443|2|6|0.004|0.136|0.078|0.102|0.056|0.028|0.08|0.198|0.048|0.067|0.054|0.005|0.022|0.002|0.121
202410|42|11140|28110000|4115000000|부산|성남시|인계동|서초1동|NH9790|래미안|13161|1|5|0.027|0.262|0.079|0.005|0.013|0.128|0.063|0.027|0.089|0.03|0.037|0.072|0.121|0.028|0.021
202410|27|41130|26140000|2614000000|인천|강남구|역삼동|서초1동|NH3944|힐스테이트|7699|2|3|0.005|0.026|0.041|0.105|0.046|0.019|0.118|0.067|0.073|0.095|0.051|0.006|0.122|0.05|0.175
202410|11|47110|11170000|4711000000|경기|성남시|서초동|서초1동|NH9536|푸르지오|3737|1|3|0.255|0.038|0.009|0.055|0.17|0.032|0.196|0.027|0.025|0.052|0.024|0.005|0.033|0.009|0.07
202410|27|45110|42110000|4311000000|서울|수원시|인계동|역삼1동|NH1472|자이|9504|x|5|0.126|0.044|0.134|0.0|0.034|0.097|0.025|0.038|0.033|0.262|0.097|0.012|0.063|0.024|0.011
202410|11|11140|41150000|1114000000|서울|서초구|인계동|역삼1동|NH7686|푸르지오|10588|1|6|0.133|0.03|0.193|0.043|0.01|0.183|0.04|0.005|0.021|0.021|0.257|0.0|0.019|0.026|0.019
202410|44|11110|43110000|4413000000|인천|수원시|역삼동|역삼1동|NH1084|자이|2086|2|5|0.032|0.044|0.073|0.014|0.108|0.077|0.126|0.052|0.158|0.143|0.052|0.014|0.003|0.088|0.018
202410|43|11140|46110000|1120000000|인천|서초구|서초동|서초1동|NH9902|자이|15154|1|5|0.012|0.037|0.038|0.008|0.022|0.089|0.046|0.047|0.028|0.023|0.17|0.083|0.217|0.174|0.005
202410|46|44130|26140000|4413000000|서울|성남시|인계동|역삼1동|NH5292|래미안|19432|2|4|0.025|0.157|0.005|0.069|0.012|0.008|0.035|0.058|0.006|0.157|0.145|0.078|0.049|0.133|0.063
202410|42|11110|42110000|4115000000|서울|강남구|인계동|서초1동|NH4831|래미안|4381|2|2|0.031|0.034|0.119|0.045|0.145|0.005|0.025|0.048|0.056|0.104|0.115|0.086|0.02|0.06|0.108
202410|26|46110|26110000|2811000000|경기|성남시|인계동|역삼1동|NH8993|자이|6808|1|6|0.067|0.023|0.089|0.096|0.023|0.015|0.167|0.103|0.091|0.022|0.053|0.006|0.052|0.086|0.106
202410|26|11200|45110000|2811000000|서울|강남구|인계동|서초1동|NH3395|푸르지오|7357|1|5|0.07|0.125|0.144|0.028|0.034|0.023|0.006|0.096|0.065|0.093|0.07|0.13|0.003|0.019|0.094
202410|27|41150|45110000|2611000000|서울|서초구|서초동|역삼1동|NH2016|래미안|17243|2|6|0.118|0.006|0.003|0.032|0.069|0.028|0.016|0.119|0.033|0.007|0.012|0.079|0.381|0.088|0.008
202410|43|47110|11140000|2811000000|서울|서초구|인계동|서초1동|NH9330|래미안|16365|2|3|0.015|0.137|0.059|0.133|0.003|0.094|0.026|0.069|0.001|0.064|0.119|0.14|0.015|0.001|0.126
202410|26|43110|47110000|1114000000|인천|강남구|인계동|서초1동|NH3369|자이|13295|2|3|0.002|0.05|0.067|0.0|0.094|0.048|0.206|0.007|0.006|0.083|0.075|0.173|0.046|0.057|0.086
202410|46|42110|11140000|2711000000|부산|강남구|역삼동|서초1동|NH6429|힐스테이트|2897|1|3|0.097|0.119|0.037|0.23|0.012|0.015|0.057|0.104|0.089|0.109|0.083|0.007|0.012|0.019|0.01
202410|27|11200|11110000|2811000000|부산|강남구|서초동|서초1동|NH8434|힐스테이트|2159|1|4|0.105|0.023|0.087|0.017|0.076|0.004|0.005|0.005|0.098|0.164|0.131|0.031|0.04|0.142|0.073
202410|46|47110|45110000|2611000000|경기|서초구|인계동|역삼1동|NH4713|힐스테이트|17875|1|3|0.057|0.104|0.018|0.043|0.06|0.052|0.167|0.056|0.021|0.126|0.106|0.029|0.036|0.118|0.007
202410|44|11140|26110000|4111000000|부산|강남구|역삼동|서초1동|NH4551|힐스테이트|16751|1|3|0.1|0.058|0.1|0.061|0.0|0.009|0.068|0.044|0.076|0.111|0.051|0.033|0.096|0.022|0.17
202410|27|41150|46110000|1111000000|서울|강남구|역삼동|역삼1동|NH1888|힐스테이트|10882|2|5|0.007|0.059|0.009|0.075|0.224|0.077|0.011|0.007|0.012|0.015|0.044|0.199|0.064|0.024|0.172
202410|46|44130|11200000|1111000000|서울|수원시|서초동|역삼1동|NH9694|자이|16105|2|4|0.029|0.034|0.007|0.068|0.182|0.148|0.043|0.078|0.111|0.144|0.006|0.069|0.04|0.029|0.012
202410|42|41130|41130000|4413000000|부산|성남시|역삼동|역삼1동|NH4978|힐스테이트|14560|2|4|0.121|0.015|0.083|0.015|0.016|0.002|0.168|0.132|0.009|0.032|0.025|0.121|0.035|0.097|0.128
202410|45|45110|28110000|4111000000|경기|수원시|서초동|서초1동|NH3136|래미안|18586|2|6|0.009|0.066|0.102|0.223|0.04|0.183|0.01|0.073|0.072|0.035|0.004|0.085|0.03|0.026|0.042
202410|45|41150|11110000|2611000000|경기|수원시|서초동|서초1동|NH4771|푸르지오|18724|1|4|0.058|0.051|0.022|0.183|0.02|0.11|0.084|0.051|0.132|0.035|0.018|0.072|0.055|0.013|0.096
202410|47|45110|44130000|4311000000|서울|수원시|역삼동|서초1동|NH2934|푸르지오|6818|2|5|0.008|0.19|0.046|0.117|0.146|0.007|0.07|0.012|0.053|0.173|0.034|0.04|0.033|0.03|0.041
202410|45|43110|42110000|4115000000|경기|강남구|인계동|역삼1동|NH1507|힐스테이트|8035|1|3|0.025|0.007|0.077|0.019|0.059|0.0|0.02|0.297|0.013|0.004|0.06|0.03|0.178|0.187|0.024
202410|43|41110|26110000|4311000000|경기|서초구|인계동|서초1동|NH8167|힐스테이트|19522|2|3|0.013|0.028|0.088|0.016|0.062|0.082|0.079|0.025|0.003|0.005|0.009|0.108|0.025|0.207|0.25
202410|42|46110|42110000|1111000000|인천|서초구|인계동|역삼1동|NH1070|힐스테이트|15031|1|3|0.095|0.041|0.004|0.055|0.016|0.033|0.128|0.047|0.095|0.001|0.02|0.013|0.088|0.052|0.313
202410|41|45110|11140000|1117000000|인천|성남시|인계동|역삼1동|NH7562|힐스테이트|3530|2|3|0.01|0.089|0.08|0.155|0.096|0.037|0.004|0.085|0.001|0.003|0.036|0.106|0.013|0.23|0.056
202410|26|11110|45110000|1114000000|경기|서초구|인계동|서초1동|NH5929|자이|5763|2|5|0.004|0.027|0.036|0.048|0.136|0.122|0.025|0.034|0.006|0.021|0.109|0.073|0.218|0.083|0.058
202410|42|41130|41110000|4611000000|부산|서초구|서초동|서초1동|NH9532|래미안|16311|2|5|0.028|0.152|0.05|0.027|0.041|0.033|0.075|0.095|0.009|0.253|0.054|0.035|0.011|0.046|0.093
202410|11|43110|11110000|1114000000|부산|성남시|인계동|역삼1동|NH9137|힐스테이트|5869|x|3|0.013|0.198|0.241|0.002|0.115|0.005|0.013|0.007|0.022|0.237|0.007|0.064|0.006|0.046|0.024
202410|44|27110|46110000|2711000000|인천|강남구|서초동|역삼1동|NH4083|힐스테이트|13351|2|4|0.017|0.052|0.149|0.02|0.004|0.052|0.051|0.063|0.013|0.018|0.212|0.12|0.015|0.199|0.016
202410|26|43110|42110000|4711000000|부산|강남구|역삼동|역삼1동|NH1095|래미안|13904|2|4|0.146|0.092|0.089|0.013|0.007|0.151|0.01|0.092|0.014|0.019|0.0|0.04|0.277|0.019|0.03
202410|41|41110|11110000|4311000000|경기|수원시|서초동|서초1동|NH7028|푸르지오|2050|1|5|0.043|0.05|0.028|0.03|0.015|0.08|0.077|0.161|0.05|0.063|0.034|0.022|0.031|0.138|0.177
