기준연월|고객행정구역분류시도코드|고객행정구역분류시군구코드|고객행정구역분류코드|고객법정동코드|고객행정구역분류시도명|고객행정구역분류시군구명|고객행정구역분류명|고객법정동명|통합카드아파트단지코드|통합카드아파트단지명|연평균소득금액|통합카드성별코드|통합카드10세단위연령코드|영화관심비율|건강관심비율|게임관심비율|골프관심비율|독서관심비율|레저관심비율|뷰티관심비율|쇼핑관심비율|애완동물관심비율|여행관심비율|예술관심비율|온라인쇼핑관심비율|육아관심비율|식도락관심비율|자동차관심비율
202401|44|47110|41150000|1120000000|인천|강남구|인계동|역삼1동|NH5803|래미안|12459|1|5|0.01|0.002|0.075|0.048|0.035|0.042|0.134|0.223|0.042|0.165|0.139|0.039|0.004|0.013|0.028
202401|11|26110|47110000|2811000000|인천|서초구|역삼동|역삼1동|NH6312|푸르지오|4353|2|5|0.033|0.191|0.059|0.116|0.029|0.003|0.021|0.03|0.159|0.009|0.155|0.016|0.013|0.067|0.1
202401|43|11110|43110000|2811000000|경기|성남시|역삼동|서초1동|NH2369|힐스테이트|10073|1|6|0.26|0.103|0.032|0.043|0.156|0.02|0.092|0.017|0.005|0.03|0.014|0.073|0.061|0.082|0.011
202401|46|43110|26110000|1114000000|인천|강남구|인계동|역삼1동|NH9081|푸르지오|14632|1|4|0.067|0.005|0.03|0.234|0.043|0.069|0.05|0.002|0.008|0.022|0.194|0.008|0.058|0.079|0.13
202401|46|11110|11140000|2611000000|경기|수원시|역삼동|서초1동|NH5507|래미안|11018|2|4|0.174|0.008|0.286|0.001|0.002|0.061|0.154|0.015|0.031|0.015|0.095|0.065|0.013|0.021|0.059
202401|43|11200|42110000|2611000000|서울|서초구|서초동|서초1동|NH8644|힐스테이트|2073|1|5|0.011|0.011|0.177|0.053|0.009|0.072|0.009|0.01|0.114|0.098|0.142|0.144|0.013|0.013|0.123
202401|44|11200|41150000|4611000000|서울|서초구|인계동|역삼1동|NH4027|래미안|3201|2|3|0.05|0.002|0.139|0.094|0.102|0.024|0.029|0.03|0.003|0.0|0.218|0.043|0.089|0.044|0.133
202401|26|27110|44130000|4611000000|서울|수원시|역삼동|서초1동|NH1843|푸르지오|17734|1|6|0.017|0.039|0.01|0.205|0.006|0.077|0.02|0.089|0.122|0.102|0.045|0.19|0.041|0.028|0.005
202401|43|41130|43110000|4113000000|부산|성남시|인계동|서초1동|NH5482|자이|12950|2|4|0.115|0.041|0.022|0.052|0.029|0.042|0.061|0.122|0.003|0.024|0.193|0.017|0.204|0.05|0.026
202401|45|11200|11110000|4511000000|서울|서초구|인계동|역삼1동|NH3229|힐스테이트|8271|2|6|0.041|0.066|0.032|0.045|0.144|0.135|0.082|0.034|0.024|0.162|0.141|0.025|0.007|0.058|0.005
202401|47|41110|47110000|2811000000|인천|서초구|인계동|서초1동|NH2582|자이|15865|1|5|0.108|0.079|0.012|0.031|0.119|0.038|0.006|0.044|0.02|0.141|0.072|0.176|0.075|0.077|0.002
202401|44|11110|46110000|4211000000|인천|성남시|역삼동|역삼1동|NH1841|푸르지오|12720|x|5|0.046|0.179|0.081|0.064|0.045|0.058|0.036|0.037|0.114|0.056|0.006|0.118|0.028|0.038|0.093
202401|47|41110|43110000|4311000000|서울|강남구|역삼동|서초1동|NH3587|래미안|15790|1|5|0.087|0.009|0.026|0.089|0.318|0.066|0.006|0.049|0.022|0.013|0.083|0.094|0.042|0.033|0.063
202401|26|47110|45110000|1120000000|인천|강남구|역삼동|서초1동|NH7971|자이|12169|2|3|0.014|0.14|0.008|0.051|0.1|0.004|0.037|0.002|0.366|0.123|0.017|0.032|0.05|0.014|0.043
202401|11|27110|27110000|2711000000|경기|강남구|서초동|역삼1동|NH8549|푸르지오|2508|1|5|0.002|0.035|0.003|0.048|0.068|0.051|0.031|0.19|0.138|0.175|0.074|0.056|0.013|0.101|0.016
202401|41|46110|45110000|4711000000|인천|수원시|인계동|서초1동|NH6056|힐스테이트|3721|2|6|0.219|0.008|0.034|0.12|0.0|0.009|0.008|0.006|0.07|0.235|0.026|0.083|0.065|0.078|0.037
202401|11|44130|11170000|1120000000|인천|성남시|서초동|서초1동|NH6571|힐스테이트|7171|1|3|0.145|0.126|0.034|0.032|0.019|0.004|0.015|0.071|0.022|0.074|0.041|0.033|0.078|0.086|0.219
202401|46|41150|11200000|1114000000|인천|서초구|역삼동|서초1동|NH7097|자이|17553|2|3|0.165|0.002|0.043|0.0|0.028|0.062|0.047|0.057|0.218|0.004|0.014|0.043|0.123|0.118|0.078
202401|27|45110|11110000|4311000000|부산|수원시|역삼동|역삼1동|NH8765|푸르지오|13609|1|3|0.003|0.056|0.065|0.163|0.077|0.018|0.186|0.004|0.002|0.25|0.102|0.001|0.019|0.023|0.031
202401|26|44130|41130000|4511000000|인천|수원시|역삼동|역삼1동|NH1408|래미안|15783|2|5|0.093|0.082|0.082|0.015|0.058|0.16|0.0|0.034|0.085|0.029|0.012|0.183|0.027|0.057|0.083
202401|26|11140|41110000|2611000000|인천|서초구|역삼동|서초1동|NH2146|힐스테이트|14500|1|3|0.193|0.011|0.043|0.022|0.169|0.036|0.011|0.125|0.082|0.015|0.052|0.21|0.019|0.0|0.011
202401|45|41130|27110000|2611000000|부산|수원시|인계동|서초1동|NH8539|자이|19635|2|2|0.079|0.035|0.001|0.075|0.026|0.048|0.154|0.034|0.256|0.003|0.137|0.021|0.002|0.033|0.097
202401|26|11110|41150000|2711000000|부산|수원시|역삼동|역삼1동|NH4763|푸르지오|10375|1|5|0.074|0.004|0.122|0.006|0.104|0.146|0.033|0.324|0.048|0.019|0.034|0.011|0.047|0.02|0.008
202401|26|46110|45110000|2611000000|인천|성남시|서초동|역삼1동|NH6924|힐스테이트|13243|1|3|0.052|0.238|0.021|0.001|0.236|0.011|0.066|0.02|0.039|0.019|0.023|0.06|0.002|0.129|0.084
202401|43|41130|11200000|4413000000|서울|강남구|역삼동|서초1동|NH1926|자이|14811|x|5|0.129|0.126|0.146|0.005|0.001|0.046|0.071|0.018|0.238|0.022|0.019|0.014|0.083|0.08|0.003
202401|26|41130|41150000|4611000000|인천|서초구|서초동|서초1동|NH5384|힐스테이트|16116|x|3|0.039|0.001|0.051|0.165|0.108|0.032|0.024|0.048|0.021|0.117|0.028|0.175|0.133|0.038|0.02
202401|27|28110|11200000|4113000000|부산|강남구|인계동|서초1동|NH9352|푸르지오|11659|2|4|0.011|0.079|0.055|0.024|0.053|0.015|0.197|0.071|0.043|0.167|0.064|0.118|0.013|0.051|0.038
202401|45|44130|27110000|2711000000|경기|수원시|역삼동|서초1동|NH2999|래미안|3684|1|3|0.003|0.119|0.24|0.04|0.002|0.044|0.023|0.133|0.053|0.095|0.014|0.155|0.023|0.003|0.053
202401|27|45110|42110000|4111000000|경기|서초구|인계동|서초1동|NH5122|푸르지오|9318|2|5|0.188|0.06|0.164|0.028|0.044|0.035|0.096|0.028|0.005|0.041|0.084|0.056|0.117|0.052|0.003
202401|43|41130|27110000|1114000000|부산|수원시|역삼동|서초1동|NH3688|푸르지오|10994|1|5|0.04|0.044|0.185|0.083|0.235|0.275|0.015|0.002|0.018|0.015|0.03|0.03|0.007|0.013|0.007
202401|41|43110|27110000|2811000000|서울|수원시|역삼동|서초1동|NH6008|푸르지오|16034|1|3|0.136|0.11|0.107|0.112|0.025|0.142|0.011|0.022|0.052|0.1|0.035|0.013|0.032|0.078|0.024
202401|11|41150|47110000|1111000000|부산|서초구|서초동|서초1동|NH9840|자이|15503|2|4|0.093|0.05|0.18|0.026|0.057|0.008|0.006|0.329|0.001|0.005|0.018|0.022|0.008|0.138|0.058
202401|43|46110|41150000|4111000000|경기|서초구|역삼동|역삼1동|NH4187|자이|19678|2|2|0.012|0.173|0.018|0.15|0.056|0.042|0.035|0.069|0.109|0.039|0.01|0.053|0.046|0.142|0.047
202401|47|47110|47110000|4115000000|서울|서초구|서초동|역삼1동|NH6622|래미안|6610|1|2|0.162|0.184|0.003|0.006|0.006|0.01|0.153|0.012|0.109|0.069|0.038|0.121|0.067|0.034|0.025
202401|27|41150|41130000|4511000000|인천|서초구|역삼동|서초1동|NH1972|힐스테이트|7690|2|5|0.055|0.161|0.001|0.149|0.033|0.075|0.06|0.003|0.088|0.081|0.068|0.01|0.045|0.151|0.02
202401|46|42110|44130000|4311000000|인천|성남시|역삼동|역삼1동|NH3141|푸르지오|12751|x|2|0.083|0.018|0.027|0.153|0.088|0.092|0.202|0.0|0.078|0.018|0.028|0.0|0.034|0.132|0.044
202401|46|26140|26140000|1120000000|서울|수원시|인계동|역삼1동|NH2172|푸르지오|9585|1|5|0.033|0.221|0.121|0.019|0.003|0.053|0.002|0.015|0.103|0.017|0.088|0.197|0.062|0.06|0.007
202401|47|11140|46110000|4611000000|서울|강남구|인계동|서초1동|NH5613|래미안|12658|1|5|0.052|0.011|0.097|0.048|0.022|0.069|0.093|0.017|0.051|0.034|0.117|0.05|0.145|0.013|0.181
202401|42|26110|41110000|1120000000|인천|수원시|인계동|역삼1동|NH5856|자이|7274|1|4|0.106|0.169|0.001|0.112|0.002|0.093|0.005|0.112|0.1|0.037|0.083|0.053|0.061|0.004|0.061
202401|41|41130|11110000|4511000000|경기|서초구|서초동|역삼1동|NH5417|래미안|5227|2|5|0.071|0.161|0.026|0.013|0.064|0.004|0.069|0.088|0.059|0.091|0.006|0.077|0.082|0.135|0.054
202401|43|27110|41110000|4211000000|경기|서초구|인계동|서초1동|NH5485|자이|19605|1|2|0.037|0.076|0.036|0.15|0.011|0.006|0.21|0.026|0.063|0.039|0.191|0.039|0.002|0.066|0.046
202401|43|45110|11140000|4413000000|서울|수원시|역삼동|역삼1동|NH8482|푸르지오|7553|x|6|0.065|0.018|0.014|0.003|0.14|0.068|0.052|0.01|0.041|0.034|0.24|0.06|0.044|0.063|0.147
202401|43|44130|28110000|1111000000|인천|강남구|인계동|역삼1동|NH3759|래미안|14898|1|2|0.027|0.134|0.075|0.034|0.031|0.022|0.081|0.233|0.051|0.108|0.007|0.068|0.001|0.01|0.116
202401|27|46110|11110000|2811000000|인천|성남시|인계동|역삼1동|NH7234|래미안|3350|1|3|0.075|0.034|0.03|0.021|0.02|0.086|0.005|0.088|0.013|0.015|0.142|0.134|0.086|0.253|0.0
202401|26|26110|47110000|2811000000|서울|서초구|역삼동|역삼1동|NH7571|래미안|2459|1|5|0.02|0.053|0.07|0.15|0.092|0.191|0.082|0.002|0.12|0.025|0.027|0.003|0.081|0.031|0.052
202401|44|11110|45110000|4611000000|부산|성남시|역삼동|역삼1동|NH6783|힐스테이트|2804|1|3|0.005|0.125|0.069|0.024|0.241|0.001|0.103|0.074|0.058|0.006|0.019|0.203|0.011|0.045|0.016
202401|46|11110|41110000|2711000000|서울|수원시|서초동|역삼1동|NH5929|푸르지오|15253|2|3|0.002|0.135|0.043|0.019|0.054|0.137|0.027|0.161|0.029|0.083|0.033|0.089|0.028|0.069|0.092
202401|44|26140|46110000|1120000000|부산|성남시|역삼동|서초1동|NH4020|힐스테이트|15287|2|6|0.125|0.01|0.045|0.044|0.138|0.163|0.033|0.016|0.142|0.008|0.107|0.042|0.026|0.07|0.032
202401|26|28110|45110000|1117000000|서울|성남시|서초동|역삼1동|NH9723|자이|11975|2|4|0.145|0.027|0.057|0.055|0.114|0.07|0.01|0.055|0.102|0.107|0.147|0.008|0.006|0.079|0.02
202401|46|41110|28110000|1114000000|인천|성남시|인계동|서초1동|NH3478|래미안|8387|1|5|0.023|0.025|0.025|0.062|0.055|0.039|0.105|0.077|0.062|0.114|0.059|0.065|0.081|0.023|0.186
202401|47|46110|11140000|1114000000|서울|수원시|서초동|역삼1동|NH5835|자이|7594|2|6|0.132|0.149|0.023|0.045|0.043|0.03|0.01|0.099|0.024|0.028|0.173|0.085|0.148|0.005|0.006
202401|42|11140|26110000|1111000000|경기|수원시|인계동|역삼1동|NH5387|래미안|8741|2|6|0.147|0.129|0.13|0.042|0.009|0.013|0.018|0.05|0.056|0.131|0.118|0.069|0.054|0.03|0.004
202401|44|26110|11170000|1114000000|부산|성남시|서초동|역삼1동|NH9241|래미안|5852|2|4|0.064|0.056|0.016|0.045|0.053|0.014|0.145|0.067|0.017|0.128|0.013|0.078|0.201|0.044|0.06
202401|11|41130|26110000|4413000000|인천|성남시|인계동|역삼1동|NH7542|래미안|10340|2|2|0.038|0.1|0.033|0.025|0.165|0.022|0.081|0.092|0.148|0.021|0.018|0.01|0.06|0.116|0.07
202401|26|27110|43110000|1120000000|서울|수원시|인계동|서초1동|NH8307|푸르지오|13436|1|3|0.046|0.028|0.384|0.117|0.134|0.007|0.003|0.063|0.016|0.043|0.052|0.04|0.021|0.035|0.013
202401|42|26140|27110000|1114000000|인천|수원시|서초동|역삼1동|NH4454|힐스테이트|6671|2|4|0.096|0.008|0.008|0.11|0.056|0.032|0.032|0.028|0.046|0.098|0.038|0.097|0.098|0.193|0.059
202401|41|47110|47110000|4611000000|서울|성남시|인계동|역삼1동|NH9402|래미안|19639|2|3|0.122|0.009|0.156|0.047|0.015|0.083|0.053|0.049|0.216|0.02|0.005|0.008|0.029|0.12|0.067
202401|27|41110|43110000|4211000000|부산|서초구|서초동|서초1동|NH1388|자이|4738|2|5|0.142|0.057|0.049|0.15|0.086|0.04|0.085|0.069|0.001|0.04|0.007|0.009|0.036|0.203|0.026
202401|42|28110|11170000|2811000000|경기|서초구|서초동|서초1동|NH9825|래미안|12159|x|5|0.016|0.139|0.02|0.097|0.263|0.065|0.08|0.051|0.052|0.058|0.011|0.03|0.04|0.021|0.056
202401|26|44130|43110000|1114000000|경기|성남시|인계동|역삼1동|NH3611|푸르지오|15227|1|3|0.114|0.083|0.024|0.166|0.077|0.089|0.081|0.035|0.061|0.035|0.03|0.096|0.085|0.003|0.021
202401|44|26110|41130000|2614000000|부산|수원시|서초동|서초1동|NH9647|자이|11841|2|6|0.04|0.051|0.037|0.217|0.019|0.212|0.061|0.065|0.004|0.058|0.159|0.025|0.028|0.019|0.007
202401|46|11170|27110000|4111000000|인천|성남시|서초동|서초1동|NH8706|래미안|16638|1|4|0.003|0.033|0.17|0.005|0.126|0.005|0.055|0.079|0.128|0.071|0.099|0.174|0.007|0.007|0.036
202401|27|45110|26140000|4111000000|부산|서초구|서초동|역삼1동|NH9056|래미안|15898|2|3|0.065|0.025|0.058|0.023|0.004|0.117|0.018|0.143|0.08|0.01|0.084|0.144|0.029|0.168|0.031
202401|41|11140|45110000|2811000000|경기|강남구|역삼동|역삼1동|NH2568|자이|16466|x|4|0.178|0.003|0.04|0.169|0.005|0.012|0.154|0.087|0.006|0.011|0.093|0.061|0.099|0.026|0.054
202401|42|41150|11170000|4413000000|부산|서초구|인계동|서초1동|NH1423|래미안|7005|1|6|0.009|0.18|0.057|0.019|0.093|0.004|0.03|0.086|0.334|0.003|0.065|0.06|0.0|0.01|0.049
202401|44|43110|41150000|4115000000|경기|서초구|인계동|역삼1동|NH6960|자이|2435|1|6|0.03|0.017|0.097|0.006|0.039|0.026|0.007|0.155|0.116|0.016|0.036|0.059|0.211|0.033|0.153
202401|27|11170|46110000|2611000000|인천|수원시|역삼동|서초1동|NH5565|래미안|11191|1|4|0.038|0.068|0.191|0.126|0.047|0.06|0.013|0.037|0.136|0.023|0.019|0.008|0.056|0.176|0.002
202401|27|46110|47110000|4413000000|서울|성남시|인계동|역삼1동|NH4691|자이|7770|1|5|0.043|0.144|0.041|0.008|0.053|0.064|0.063|0.034|0.123|0.074|0.164|0.054|0.072|0.013|0.051
202401|42|46110|28110000|4113000000|경기|성남시|역삼동|역삼1동|NH2705|래미안|15265|2|4|0.116|0.021|0.063|0.148|0.004|0.003|0.13|0.006|0.034|0.103|0.031|0.016|0.125|0.043|0.157
202401|41|45110|47110000|2811000000|부산|서초구|인계동|역삼1동|NH8094|푸르지오|7823|1|3|0.033|0.032|0.042|0.001|0.04|0.107|0.043|0.081|0.036|0.082|0.111|0.11|0.11|0.145|0.027
202401|47|42110|45110000|1117000000|인천|강남구|역삼동|역삼1동|NH6291|래미안|5858|1|4|0.041|0.024|0.057|0.075|0.127|0.042|0.082|0.02|0.088|0.063|0.062|0.004|0.043|0.06|0.211
202401|27|28110|28110000|4113000000|경기|서초구|인계동|역삼1동|NH8157|래미안|8194|1|4|0.106|0.258|0.124|0.02|0.179|0.068|0.002|0.01|0.013|0.099|0.023|0.022|0.006|0.035|0.036
202401|45|41130|46110000|2811000000|인천|서초구|서초동|서초1동|NH3557|힐스테이트|2753|x|3|0.359|0.018|0.024|0.014|0.222|0.02|0.067|0.022|0.013|0.034|0.017|0.057|0.026|0.053|0.054
202401|46|26140|45110000|1114000000|서울|서초구|서초동|서초1동|NH5341|힐스테이트|16753|1|2|0.15|0.137|0.097|0.057|0.023|0.001|0.07|0.032|0.03|0.015|0.019|0.162|0.076|0.114|0.017
202401|44|41110|11170000|4115000000|서울|수원시|역삼동|역삼1동|NH5671|푸르지오|19795|2|4|0.108|0.05|0.113|0.015|0.014|0.092|0.055|0.049|0.163|0.015|0.088|0.049|0.07|0.065|0.054
202401|26|41130|43110000|1117000000|서울|수원시|서초동|역삼1동|NH8914|푸르지오|9051|2|2|0.06|0.006|0.028|0.003|0.213|0.013|0.011|0.102|0.041|0.002|0.039|0.109|0.045|0.149|0.18
202401|42|26140|45110000|1117000000|경기|성남시|서초동|역삼1동|NH2483|자이|4000|2|5|0.007|0.033|0.05|0.115|0.006|0.027|0.004|0.055|0.148|0.113|0.241|0.012|0.029|0.033|0.127
202401|46|11140|42110000|1111000000|부산|서초구|인계동|역삼1동|NH8978|자이|8189|2|4|0.064|0.08|0.017|0.065|0.096|0.109|0.029|0.094|0.051|0.113|0.067|0.053|0.038|0.094|0.03
202401|44|11110|28110000|4311000000|서울|서초구|서초동|역삼1동|NH5015|푸르지오|9592|1|6|0.013|0.022|0.02|0.157|0.129|0.199|0.018|0.009|0.209|0.043|0.076|0.051|0.011|0.017|0.026
202401|11|28110|47110000|1120000000|부산|강남구|인계동|서초1동|NH4987|푸르지오|18426|1|4|0.088|0.109|0.049|0.003|0.047|0.136|0.056|0.008|0.073|0.022|0.037|0.144|0.015|0.078|0.136
202401|11|11140|26140000|4511000000|서울|서초구|역삼동|서초1동|NH4601|자이|4517|2|2|0.073|0.067|0.004|0.058|0.092|0.083|0.001|0.174|0.057|0.222|0.031|0.028|0.029|0.032|0.048
202401|45|46110|26110000|2611000000|부산|성남시|인계동|서초1동|NH2839|푸르지오|14926|1|4|0.127|0.033|0.1|0.164|0.002|0.131|0.044|0.005|0.014|0.163|0.067|0.015|0.012|0.109|0.014
202401|44|41130|11200000|4115000000|인천|수원시|역삼동|서초1동|NH8386|푸르지오|6988|1|6|0.176|0.155|0.101|0.033|0.029|0.045|0.14|0.013|0.005|0.01|0.06|0.016|0.063|0.151|0.004
202401|27|41150|27110000|4211000000|부산|강남구|인계동|역삼1동|NH6249|래미안|10523|1|4|0.085|0.039|0.136|0.11|0.021|0.116|0.134|0.003|0.054|0.098|0.044|0.013|0.132|0.012|0.003
202401|26|47110|26140000|1120000000|경기|성남시|서초동|역삼1동|NH5665|자이|10609|2|4|0.1|0.011|0.113|0.058|0.035|0.076|0.021|0.017|0.049|0.002|0.004|0.047|0.167|0.162|0.138
202401|44|45110|11170000|4413000000|서울|성남시|인계동|역삼1동|NH9216|푸르지오|19315|2|6|0.074|0.022|0.027|0.132|0.026|0.002|0.028|0.051|0.028|0.12|0.283|0.05|0.017|0.131|0.011
202401|47|43110|44130000|2811000000|부산|수원시|역삼동|서초1동|NH5140|푸르지오|10103|1|6|0.001|0.065|0.009|0.149|0.027|0.051|0.025|0.009|0.204|0.047|0.174|0.11|0.08|0.008|0.042
202401|47|27110|46110000|4611000000|서울|성남시|인계동|역삼1동|NH7363|래미안|19494|1|5|0.048|0.04|0.132|0.042|0.028|0.145|0.045|0.044|0.052|0.154|0.144|0.009|0.068|0.009|0.04
202401|45|45110|27110000|1114000000|인천|강남구|서초동|서초1동|NH8240|래미안|19948|2|5|0.007|0.015|0.016|0.023|0.1|0.001|0.01|0.002|0.302|0.095|0.077|0.033|0.049|0.057|0.213
202401|41|45110|43110000|4113000000|서울|강남구|서초동|역삼1동|NH9617|푸르지오|2424|1|4|0.054|0.192|0.004|0.024|0.036|0.017|0.085|0.136|0.08|0.062|0.08|0.056|0.021|0.109|0.044
202401|41|45110|26140000|4111000000|부산|강남구|역삼동|서초1동|NH2663|힐스테이트|5394|2|3|0.029|0.007|0.041|0.107|0.087|0.128|0.011|0.001|0.158|0.168|0.041|0.049|0.036|0.037|0.098
202401|42|45110|26110000|4211000000|경기|성남시|서초동|역삼1동|NH5118|푸르지오|11105|1|2|0.041|0.006|0.053|0.052|0.033|0.006|0.062|0.024|0.002|0.125|0.029|0.028|0.217|0.015|0.308
202401|46|27110|11200000|2711000000|서울|성남시|역삼동|역삼1동|NH9110|힐스테이트|19306|x|6|0.171|0.054|0.015|0.013|0.044|0.015|0.086|0.12|0.036|0.068|0.014|0.009|0.013|0.294|0.048
202401|47|26110|45110000|2614000000|부산|수원시|인계동|역삼1동|NH1353|래미안|12282|2|6|0.128|0.009|0.033|0.021|0.206|0.078|0.002|0.073|0.097|0.047|0.09|0.17|0.02|0.023|0.005
202401|27|11140|42110000|2614000000|부산|수원시|인계동|서초1동|NH5986|래미안|7014|2|2|0.012|0.067|0.037|0.015|0.018|0.089|0.016|0.075|0.004|0.139|0.013|0.121|0.154|0.007|0.233
202401|45|47110|41150000|4413000000|인천|강남구|서초동|서초1동|NH2208|힐스테이트|14659|2|3|0.054|0.044|0.182|0.008|0.126|0.022|0.012|0.034|0.074|0.012|0.05|0.061|0.271|0.021|0.029
202401|46|26110|47110000|4611000000|부산|서초구|역삼동|서초1동|NH1087|래미안|8825|x|3|0.008|0.038|0.053|0.032|0.123|0.061|0.087|0.148|0.034|0.068|0.069|0.087|0.057|0.052|0.083
202401|46|27110|11200000|1111000000|경기|서초구|역삼동|서초1동|NH9166|힐스테이트|19635|1|6|0.115|0.034|0.205|0.063|0.011|0.024|0.2|0.031|0.004|0.049|0.029|0.069|0.146|0.009|0.012
202401|41|11170|26110000|4211000000|인천|성남시|역삼동|역삼1동|NH6596|힐스테이트|10249|2|6|0.079|0.02|0.067|0.117|0.139|0.208|0.015|0.053|0.116|0.021|0.02|0.063|0.023|0.057|0.001
202401|47|43110|44130000|4611000000|인천|수원시|인계동|서초1동|NH5437|래미안|11206|2|6|0.021|0.109|0.05|0.0|0.025|0.095|0.005|0.01|0.046|0.102|0.056|0.285|0.046|0.042|0.107
202401|47|47110|26140000|1111000000|경기|성남시|역삼동|서초1동|NH3328|힐스테이트|17574|x|4|0.039|0.114|0.273|0.029|0.063|0.07|0.036|0.007|0.053|0.138|0.04|0.06|0.023|0.026|0.029
202401|26|41110|11170000|2811000000|경기|서초구|서초동|역삼1동|NH5364|자이|9671|2|6|0.056|0.117|0.101|0.036|0.027|0.027|0.318|0.036|0.13|0.011|0.022|0.057|0.004|0.046|0.011
202401|42|44130|28110000|4211000000|경기|성남시|인계동|역삼1동|NH9481|래미안|4621|2|3|0.059|0.022|0.073|0.028|0.091|0.057|0.007|0.102|0.022|0.041|0.04|0.063|0.0|0.313|0.083
202401|41|42110|27110000|4413000000|인천|서초구|서초동|서초1동|NH1031|자이|2994|2|4|0.028|0.005|0.005|0.121|0.079|0.04|0.062|0.335|0.089|0.072|0.103|0.009|0.001|0.012|0.039
202401|47|42110|26110000|4413000000|서울|강남구|역삼동|서초1동|NH7213|래미안|17015|2|6|0.082|0.029|0.02|0.006|0.37|0.01|0.004|0.112|0.018|0.02|0.073|0.147|0.078|0.017|0.014
202401|45|41110|43110000|2811000000|부산|강남구|인계동|역삼1동|NH5258|자이|4137|2|2|0.046|0.141|0.114|0.178|0.003|0.005|0.047|0.064|0.026|0.129|0.075|0.012|0.025|0.024|0.11
202401|11|28110|26110000|4211000000|경기|서초구|역삼동|서초1동|NH5401|자이|5277|1|4|0.063|0.146|0.063|0.04|0.164|0.069|0.03|0.074|0.155|0.001|0.067|0.023|0.048|0.031|0.026
202401|11|41110|43110000|4711000000|인천|서초구|서초동|서초1동|NH4650|래미안|16352|1|4|0.052|0.015|0.108|0.094|0.128|0.054|0.024|0.026|0.023|0.001|0.135|0.009|0.055|0.061|0.213
202401|27|11110|41130000|4111000000|경기|강남구|역삼동|서초1동|NH7893|자이|8365|1|4|0.111|0.034|0.16|0.045|0.029|0.027|0.109|0.003|0.046|0.01|0.148|0.075|0.011|0.018|0.174
202401|42|26140|43110000|4711000000|서울|수원시|역삼동|역삼1동|NH9050|푸르지오|3590|1|5|0.104|0.02|0.005|0.022|0.129|0.08|0.059|0.095|0.048|0.083|0.063|0.008|0.1|0.086|0.097
202401|43|43110|11170000|4211000000|부산|성남시|인계동|역삼1동|NH2236|푸르지오|17660|1|6|0.004|0.018|0.205|0.068|0.037|0.03|0.002|0.167|0.02|0.018|0.104|0.128|0.043|0.035|0.123
202401|46|42110|11170000|2811000000|인천|강남구|서초동|역삼1동|NH2247|힐스테이트|2721|x|3|0.03|0.013|0.102|0.033|0.28|0.078|0.043|0.014|0.192|0.035|0.006|0.118|0.015|0.027|0.014
202401|42|11110|26140000|4311000000|부산|수원시|역삼동|서초1동|NH5216|자이|8459|1|4|0.005|0.057|0.058|0.177|0.001|0.135|0.149|0.028|0.004|0.09|0.013|0.095|0.051|0.111|0.028
202401|11|41150|47110000|1117000000|서울|수원시|서초동|역삼1동|NH4516|푸르지오|16217|1|6|0.188|0.069|0.012|0.025|0.029|0.039|0.119|0.156|0.004|0.104|0.009|0.044|0.079|0.016|0.107
202401|41|26110|27110000|2611000000|인천|성남시|인계동|역삼1동|NH3847|자이|14014|1|5|0.064|0.034|0.017|0.121|0.066|0.034|0.229|0.029|0.025|0.01|0.093|0.011|0.212|0.021|0.034
202401|41|27110|27110000|4311000000|인천|성남시|인계동|서초1동|NH9783|힐스테이트|17798|1|4|0.076|0.002|0.002|0.007|0.07|0.041|0.046|0.016|0.041|0.007|0.234|0.142|0.06|0.186|0.068
202401|11|41130|11170000|4211000000|인천|서초구|서초동|역삼1동|NH4120|푸르지오|9894|2|4|0.023|0.01|0.055|0.103|0.005|0.024|0.039|0.014|0.023|0.123|0.076|0.312|0.115|0.06|0.018
202401|27|11170|45110000|1111000000|경기|강남구|인계동|역삼1동|NH4218|래미안|10347|1|5|0.103|0.055|0.034|0.111|0.022|0.151|0.082|0.141|0.023|0.031|0.049|0.01|0.025|0.014|0.147
202401|43|43110|41150000|4511000000|인천|수원시|서초동|역삼1동|NH4389|래미안|2984|2|5|0.03|0.155|0.013|0.003|0.064|0.022|0.017|0.089|0.005|0.132|0.148|0.15|0.058|0.107|0.006
202401|45|46110|26140000|2614000000|부산|수원시|서초동|서초1동|NH5925|힐스테이트|6119|1|6|0.037|0.09|0.063|0.053|0.003|0.03|0.257|0.02|0.186|0.002|0.009|0.072|0.11|0.025|0.044
202401|44|27110|41130000|1120000000|서울|강남구|서초동|서초1동|NH4803|푸르지오|3722|1|5|0.065|0.037|0.155|0.003|0.09|0.2|0.037|0.005|0.148|0.061|0.001|0.109|0.004|0.004|0.081
202401|43|26110|11170000|4311000000|경기|성남시|역삼동|역삼1동|NH8267|푸르지오|18710|2|4|0.045|0.033|0.036|0.06|0.122|0.074|0.074|0.168|0.125|0.066|0.012|0.031|0.013|0.113|0.029
202401|42|26110|44130000|4413000000|서울|수원시|인계동|서초1동|NH2609|푸르지오|12329|2|6|0.087|0.002|0.01|0.001|0.083|0.058|0.154|0.009|0.119|0.032|0.174|0.115|0.065|0.036|0.056
202401|45|41110|11110000|4511000000|서울|성남시|인계동|서초1동|NH2233|푸르지오|13512|x|4|0.077|0.182|0.052|0.075|0.064|0.03|0.041|0.02|0.0|0.146|0.028|0.027|0.035|0.106|0.12
202401|42|11140|11200000|4111000000|부산|성남시|인계동|서초1동|NH6155|힐스테이트|16362|1|4|0.083|0.05|0.015|0.013|0.082|0.202|0.01|0.131|0.026|0.018|0.244|0.033|0.02|0.045|0.03
202401|41|44130|41150000|4711000000|경기|성남시|역삼동|역삼1동|NH1864|래미안|2954|1|5|0.05|0.019|0.107|0.104|0.032|0.016|0.043|0.187|0.038|0.013|0.069|0.033|0.226|0.037|0.027
202401|42|28110|26110000|1111000000|인천|서초구|역삼동|서초1동|NH3964|푸르지오|17365|1|5|0.053|0.06|0.006|0.013|0.046|0.091|0.112|0.002|0.219|0.004|0.076|0.074|0.083|0.05|0.111
202401|26|41110|41110000|4611000000|인천|강남구|인계동|역삼1동|NH4159|힐스테이트|12136|1|5|0.058|0.014|0.132|0.025|0.224|0.026|0.063|0.003|0.008|0.057|0.107|0.156|0.006|0.046|0.075
202401|45|11110|41130000|4311000000|인천|서초구|역삼동|서초1동|NH6005|래미안|19329|1|5|0.044|0.072|0.047|0.031|0.185|0.154|0.002|0.008|0.0|0.064|0.001|0.133|0.067|0.056|0.136
202401|41|43110|11110000|2811000000|부산|수원시|서초동|역삼1동|NH7941|래미안|11790|1|6|0.046|0.163|0.111|0.222|0.094|0.015|0.038|0.007|0.0|0.108|0.057|0.063|0.039|0.028|0.01
202401|26|41130|11140000|4115000000|경기|성남시|인계동|서초1동|NH9210|푸르지오|15441|1|6|0.11|0.056|0.023|0.021|0.021|0.001|0.026|0.147|0.124|0.052|0.042|0.05|0.054|0.004|0.268
202401|45|26140|46110000|4511000000|서울|수원시|역삼동|서초1동|NH3556|푸르지오|17328|2|3|0.023|0.013|0.035|0.135|0.11|0.062|0.001|0.083|0.032|0.067|0.082|0.177|0.096|0.075|0.01
202401|26|41110|11110000|4611000000|부산|수원시|역삼동|역삼1동|NH4685|힐스테이트|19297|1|3|0.049|0.01|0.093|0.011|0.156|0.104|0.088|0.062|0.054|0.033|0.036|0.028|0.008|0.143|0.124
202401|41|26110|26140000|4311000000|서울|서초구|인계동|역삼1동|NH4371|자이|12298|1|5|0.014|0.028|0.109|0.221|0.047|0.009|0.025|0.002|0.341|0.01|0.079|0.027|0.032|0.049|0.007
202401|41|11110|43110000|4111000000|부산|서초구|역삼동|서초1동|NH1492|자이|16618|2|5|0.14|0.126|0.087|0.012|0.079|0.11|0.021|0.061|0.063|0.003|0.067|0.022|0.175|0.018|0.016
202401|26|42110|11110000|4111000000|서울|수원시|역삼동|역삼1동|NH8791|래미안|10106|2|6|0.105|0.012|0.03|0.014|0.04|0.049|0.085|0.04|0.161|0.054|0.08|0.181|0.042|0.017|0.09
202401|26|28110|27110000|2711000000|부산|서초구|인계동|역삼1동|NH4250|힐스테이트|9284|1|3|0.004|0.061|0.058|0.047|0.025|0.073|0.216|0.099|0.033|0.051|0.123|0.057|0.014|0.027|0.11
202401|27|27110|11110000|4711000000|경기|강남구|서초동|서초1동|NH6224|힐스테이트|13049|1|4|0.078|0.03|0.085|0.001|0.081|0.035|0.08|0.095|0.012|0.128|0.002|0.114|0.196|0.045|0.019
202401|41|27110|41110000|2811000000|부산|강남구|인계동|역삼1동|NH3449|래미안|9544|2|6|0.116|0.035|0.033|0.17|0.057|0.031|0.155|0.029|0.065|0.001|0.096|0.001|0.048|0.145|0.016
202401|26|26140|47110000|1114000000|부산|성남시|인계동|역삼1동|NH9562|래미안|17492|x|5|0.041|0.032|0.013|0.08|0.029|0.051|0.108|0.019|0.132|0.103|0.099|0.04|0.178|0.009|0.066
202401|27|43110|28110000|4711000000|경기|강남구|서초동|서초1동|NH1191|래미안|2075|x|2|0.099|0.017|0.097|0.046|0.068|0.054|0.021|0.024|0.012|0.186|0.027|0.06|0.103|0.136|0.05
202401|41|46110|46110000|1114000000|경기|성남시|서초동|역삼1동|NH1350|힐스테이트|11651|2|6|0.095|0.134|0.076|0.024|0.022|0.031|0.103|0.105|0.024|0.078|0.082|0.001|0.08|0.067|0.077
202401|43|44130|11140000|4113000000|부산|서초구|역삼동|서초1동|NH7283|푸르지오|3969|1|3|0.108|0.032|0.003|0.018|0.244|0.047|0.031|0.132|0.077|0.006|0.012|0.105|0.144|0.014|0.026
202401|47|11200|11140000|1111000000|경기|수원시|서초동|역삼1동|NH2117|래미안|16125|2|2|0.181|0.016|0.01|0.004|0.001|0.182|0.186|0.033|0.092|0.035|0.049|0.003|0.015|0.157|0.036
202401|43|11170|44130000|1117000000|인천|수원시|인계동|역삼1동|NH2364|힐스테이트|11725|2|4|0.071|0.055|0.048|0.031|0.05|0.024|0.097|0.027|0.041|0.022|0.123|0.016|0.06|0.012|0.322
202401|42|41130|41130000|4413000000|경기|강남구|서초동|서초1동|NH4494|자이|17915|2|6|0.092|0.019|0.046|0.01|0.106|0.007|0.286|0.029|0.039|0.008|0.045|0.255|0.003|0.019|0.039
202401|41|41110|41130000|1120000000|서울|강남구|인계동|서초1동|NH5514|래미안|3033|1|5|0.224|0.209|0.03|0.015|0.002|0.13|0.007|0.046|0.062|0.008|0.025|0.081|0.033|0.051|0.078
202401|26|26110|46110000|4211000000|부산|성남시|인계동|역삼1동|NH1791|힐스테이트|15111|2|6|0.009|0.055|0.092|0.044|0.009|0.086|0.241|0.068|0.111|0.002|0.051|0.049|0.026|0.111|0.046
202401|41|11110|11140000|1120000000|서울|수원시|인계동|서초1동|NH2853|자이|19396|1|5|0.118|0.02|0.024|0.071|0.002|0.194|0.098|0.116|0.085|0.034|0.029|0.035|0.054|0.095|0.024
202401|47|42110|11200000|1120000000|경기|성남시|서초동|서초1동|NH1586|힐스테이트|6657|2|5|0.048|0.059|0.154|0.058|0.027|0.043|0.053|0.031|0.045|0.113|0.071|0.037|0.091|0.094|0.078
202401|41|41110|45110000|4413000000|서울|성남시|서초동|역삼1동|NH1169|푸르지오|9361|2|5|0.097|0.036|0.006|0.053|0.138|0.096|0.241|0.012|0.052|0.039|0.021|0.008|0.188|0.0|0.013
202401|46|41110|26140000|4115000000|경기|강남구|역삼동|서초1동|NH2681|자이|16277|2|5|0.0|0.069|0.004|0.055|0.099|0.221|0.029|0.092|0.055|0.026|0.088|0.076|0.123|0.046|0.015
202401|47|26110|41130000|4711000000|서울|성남시|역삼동|서초1동|NH7733|자이|13227|1|2|0.098|0.046|0.093|0.035|0.222|0.164|0.006|0.001|0.037|0.04|0.06|0.052|0.016|0.118|0.013
202401|43|43110|26110000|4211000000|경기|성남시|역삼동|역삼1동|NH2643|자이|2279|1|4|0.06|0.022|0.134|0.024|0.108|0.03|0.08|0.009|0.076|0.019|0.013|0.166|0.011|0.12|0.127
202401|43|41150|47110000|2811000000|인천|성남시|인계동|서초1동|NH6408|힐스테이트|4252|1|6|0.044|0.053|0.151|0.052|0.012|0.046|0.026|0.0|0.074|0.128|0.099|0.03|0.018|0.084|0.183
202401|42|27110|47110000|1114000000|경기|서초구|서초동|역삼1동|NH9132|자이|7310|1|2|0.107|0.009|0.114|0.121|0.049|0.029|0.032|0.004|0.015|0.0|0.138|0.018|0.096|0.14|0.128
202401|46|41150|44130000|4511000000|서울|성남시|인계동|역삼1동|NH8359|힐스테이트|3641|2|3|0.003|0.041|0.103|0.076|0.012|0.065|0.071|0.121|0.007|0.054|0.022|0.034|0.158|0.104|0.128
202401|44|42110|41110000|4311000000|서울|서초구|역삼동|역삼1동|NH1639|힐스테이트|18735|2|6|0.182|0.02|0.069|0.102|0.022|0.081|0.014|0.081|0.024|0.042|0.068|0.048|0.062|0.012|0.173
202401|47|26110|43110000|4111000000|인천|서초구|인계동|역삼1동|NH6150|자이|8750|1|5|0.02|0.026|0.021|0.294|0.203|0.057|0.007|0.063|0.08|0.06|0.015|0.045|0.028|0.082|0.001
202401|41|43110|41150000|1114000000|서울|수원시|인계동|서초1동|NH7651|힐스테이트|16165|1|3|0.127|0.03|0.217|0.013|0.067|0.101|0.135|0.092|0.026|0.037|0.076|0.015|0.013|0.045|0.009
202401|26|41150|11200000|2614000000|부산|강남구|인계동|서초1동|NH7170|자이|14371|1|3|0.162|0.067|0.079|0.073|0.077|0.006|0.202|0.013|0.031|0.064|0.011|0.014|0.029|0.074|0.099
202401|46|47110|11170000|4113000000|부산|성남시|서초동|역삼1동|NH5193|힐스테이트|15981|1|3|0.06|0.04|0.082|0.106|0.104|0.137|0.044|0.132|0.019|0.013|0.035|0.041|0.1|0.024|0.062
202401|26|41130|47110000|4311000000|서울|수원시|역삼동|역삼1동|NH1818|힐스테이트|4784|x|4|0.005|0.097|0.018|0.008|0.16|0.019|0.038|0.171|0.178|0.042|0.017|0.007|0.02|0.008|0.21
202401|46|11200|26140000|4413000000|서울|성남시|역삼동|서초1동|NH5121|푸르지오|6767|2|3|0.018|0.106|0.129|0.029|0.09|0.005|0.074|0.127|0.039|0.037|0.019|0.052|0.077|0.179|0.018
202401|41|28110|43110000|4113000000|부산|강남구|인계동|서초1동|NH1792|래미안|17647|2|4|0.143|0.019|0.071|0.064|0.06|0.053|0.127|0.084|0.064|0.097|0.108|0.007|0.046|0.045|0.013
202401|45|44130|11170000|2614000000|경기|수원시|역삼동|역삼1동|NH2870|푸르지오|19266|2|5|0.023|0.018|0.005|0.143|0.096|0.168|0.168|0.007|0.001|0.012|0.128|0.019|0.04|0.121|0.052
202401|42|47110|41150000|4711000000|부산|강남구|인계동|서초1동|NH1235|래미안|14427|x|4|0.026|0.007|0.01|0.05|0.064|0.026|0.192|0.084|0.041|0.166|0.215|0.035|0.016|0.047|0.021
202401|46|11140|28110000|4113000000|인천|수원시|서초동|역삼1동|NH2966|자이|9754|2|4|0.189|0.02|0.009|0.096|0.014|0.014|0.031|0.022|0.128|0.026|0.143|0.034|0.096|0.116|0.062
202401|43|41110|42110000|4113000000|경기|강남구|서초동|역삼1동|NH2474|자이|2504|x|5|0.019|0.061|0.095|0.216|0.01|0.025|0.013|0.045|0.163|0.084|0.2|0.026|0.034|0.005|0.006
202401|41|11200|45110000|4113000000|경기|강남구|서초동|서초1동|NH2116|자이|2197|2|5|0.115|0.055|0.0|0.091|0.214|0.008|0.0|0.039|0.138|0.005|0.037|0.151|0.046|0.067|0.035
202401|11|26110|27110000|2611000000|서울|강남구|서초동|서초1동|NH3174|힐스테이트|16259|2|6|0.023|0.038|0.049|0.023|0.102|0.248|0.024|0.029|0.096|0.138|0.055|0.018|0.016|0.121|0.019
202401|45|11170|43110000|1114000000|서울|수원시|인계동|서초1동|NH8052|자이|10418|1|5|0.059|0.015|0.116|0.15|0.01|0.011|0.064|0.286|0.014|0.004|0.108|0.021|0.09|0.005|0.045
202401|41|41150|42110000|2611000000|서울|서초구|역삼동|서초1동|NH8931|푸르지오|19268|1|5|0.108|0.004|0.079|0.014|0.001|0.028|0.104|0.022|0.059|0.089|0.01|0.299|0.111|0.028|0.044
202401|47|41130|11200000|4511000000|인천|서초구|서초동|서초1동|NH8334|래미안|2012|1|2|0.025|0.12|0.013|0.005|0.025|0.062|0.001|0.064|0.308|0.086|0.043|0.065|0.034|0.125|0.026
202401|26|41150|43110000|2811000000|부산|서초구|서초동|역삼1동|NH9696|자이|6052|2|5|0.103|0.014|0.041|0.029|0.018|0.11|0.039|0.18|0.02|0.094|0.063|0.026|0.124|0.134|0.004
202401|47|42110|11170000|4211000000|부산|강남구|서초동|서초1동|NH3162|푸르지오|18920|x|2|0.072|0.024|0.099|0.035|0.005|0.067|0.116|0.033|0.122|0.044|0.022|0.157|0.037|0.031|0.137
202401|46|41150|41110000|2611000000|인천|강남구|인계동|역삼1동|NH4842|푸르지오|16861|2|4|0.018|0.09|0.263|0.111|0.009|0.018|0.022|0.09|0.159|0.003|0.02|0.031|0.106|0.014|0.047
202401|11|43110|11110000|1114000000|경기|수원시|역삼동|역삼1동|NH9931|힐스테이트|11870|2|4|0.093|0.032|0.26|0.013|0.01|0.007|0.033|0.023|0.07|0.056|0.052|0.135|0.083|0.119|0.016
202401|42|43110|42110000|1111000000|인천|성남시|역삼동|역삼1동|NH3187|힐스테이트|4698|1|4|0.192|0.04|0.064|0.028|0.025|0.102|0.026|0.002|0.133|0.005|0.112|0.003|0.035|0.158|0.074
202401|27|11110|28110000|2811000000|서울|수원시|역삼동|서초1동|NH3672|래미안|14729|2|6|0.039|0.02|0.03|0.041|0.01|0.011|0.179|0.037|0.02|0.005|0.009|0.165|0.171|0.197|0.065
202401|45|26110|44130000|1111000000|인천|서초구|인계동|역삼1동|NH6115|힐스테이트|5359|1|6|0.001|0.033|0.022|0.009|0.005|0.206|0.116|0.222|0.003|0.04|0.042|0.094|0.083|0.042|0.081
202401|41|11110|41150000|4111000000|인천|강남구|서초동|서초1동|NH2543|힐스테이트|3471|1|5|0.012|0.047|0.018|0.014|0.25|0.021|0.19|0.044|0.056|0.001|0.014|0.013|0.102|0.156|0.063
202401|41|11200|11200000|2614000000|부산|성남시|인계동|역삼1동|NH6868|자이|2355|1|3|0.014|0.162|0.123|0.017|0.141|0.069|0.044|0.006|0.048|0.013|0.203|0.046|0.018|0.047|0.049
202401|41|41130|46110000|4211000000|부산|성남시|인계동|역삼1동|NH2040|래미안|7631|1|5|0.098|0.037|0.034|0.018|0.045|0.052|0.233|0.028|0.049|0.136|0.074|0.067|0.059|0.01|0.06
202401|47|45110|41110000|2811000000|경기|서초구|서초동|서초1동|NH7762|힐스테이트|2335|2|5|0.092|0.103|0.036|0.012|0.046|0.027|0.089|0.004|0.073|0.007|0.003|0.125|0.098|0.095|0.189
202401|43|46110|11140000|2811000000|부산|서초구|역삼동|서초1동|NH2977|자이|8435|1|4|0.029|0.004|0.102|0.027|0.037|0.006|0.03|0.307|0.054|0.089|0.031|0.001|0.032|0.123|0.127
202401|46|44130|41110000|2811000000|인천|서초구|서초동|서초1동|NH3562|래미안|3178|1|6|0.015|0.051|0.036|0.036|0.064|0.002|0.038|0.023|0.114|0.269|0.117|0.078|0.079|0.027|0.052
202401|43|11170|11140000|4211000000|서울|성남시|서초동|서초1동|NH7413|래미안|8817|2|5|0.078|0.113|0.13|0.109|0.073|0.051|0.03|0.046|0.05|0.175|0.045|0.002|0.005|0.043|0.049
202401|44|11200|46110000|4111000000|경기|강남구|인계동|서초1동|NH5866|힐스테이트|19261|2|4|0.028|0.02|0.004|0.059|0.09|0.016|0.294|0.003|0.043|0.002|0.03|0.003|0.214|0.115|0.076
202401|46|44130|41150000|2711000000|서울|수원시|역삼동|서초1동|NH3277|푸르지오|5047|1|3|0.193|0.02|0.016|0.084|0.27|0.056|0.108|0.049|0.031|0.011|0.056|0.067|0.026|0.013|0.001
202401|46|11140|41130000|4113000000|부산|수원시|역삼동|서초1동|NH3451|자이|6107|2|3|0.127|0.005|0.018|0.139|0.02|0.043|0.056|0.011|0.138|0.073|0.104|0.039|0.176|0.041|0.009
202401|27|44130|41150000|4311000000|서울|성남시|서초동|역삼1동|NH5634|자이|3961|1|3|0.037|0.077|0.249|0.052|0.012|0.021|0.056|0.11|0.027|0.012|0.118|0.017|0.091|0.019|0.102
202401|43|11110|26110000|4311000000|서울|서초구|역삼동|역삼1동|NH5254|힐스테이트|19697|2|5|0.065|0.019|0.007|0.016|0.168|0.027|0.002|0.042|0.018|0.108|0.101|0.109|0.106|0.071|0.143
202401|42|44130|44130000|2711000000|경기|성남시|역삼동|서초1동|NH2435|푸르지오|11990|1|5|0.165|0.058|0.027|0.057|0.097|0.002|0.071|0.157|0.036|0.044|0.015|0.252|0.003|0.009|0.007
202401|45|11140|47110000|4113000000|경기|성남시|인계동|역삼1동|NH3821|힐스테이트|15155|2|5|0.006|0.003|0.273|0.178|0.022|0.113|0.019|0.045|0.016|0.014|0.011|0.184|0.062|0.041|0.013
202401|41|47110|43110000|4115000000|부산|수원시|인계동|역삼1동|NH9430|래미안|5508|2|6|0.079|0.3|0.057|0.105|0.071|0.033|0.002|0.013|0.065|0.045|0.044|0.003|0.015|0.014|0.155
202401|26|44130|11170000|2711000000|서울|수원시|서초동|서초1동|NH9937|힐스테이트|5615|x|3|0.016|0.017|0.091|0.01|0.09|0.219|0.078|0.028|0.083|0.008|0.012|0.073|0.038|0.14|0.096
202401|26|26110|47110000|1114000000|경기|서초구|서초동|역삼1동|NH7391|푸르지오|4465|1|5|0.039|0.029|0.18|0.13|0.019|0.053|0.129|0.051|0.073|0.029|0.049|0.033|0.013|0.118|0.055
202401|11|42110|11170000|2711000000|경기|강남구|서초동|서초1동|NH8978|힐스테이트|10852|1|5|0.104|0.027|0.07|0.095|0.031|0.299|0.013|0.003|0.006|0.04|0.102|0.006|0.114|0.051|0.04
202401|26|41150|11170000|4511000000|인천|강남구|역삼동|서초1동|NH5921|푸르지오|17927|1|5|0.079|0.05|0.063|0.289|0.051|0.159|0.034|0.058|0.002|0.029|0.005|0.039|0.026|0.069|0.046
202401|42|41130|42110000|2711000000|경기|서초구|인계동|서초1동|NH5498|래미안|16995|1|3|0.105|0.012|0.001|0.212|0.067|0.083|0.031|0.001|0.03|0.187|0.085|0.037|0.012|0.094|0.043
202401|45|26140|41130000|2711000000|부산|성남시|서초동|서초1동|NH6831|푸르지오|17880|2|2|0.004|0.078|0.057|0.019|0.119|0.022|0.037|0.005|0.065|0.04|0.315|0.018|0.162|0.001|0.059
202401|27|11110|26140000|1111000000|경기|성남시|역삼동|서초1동|NH2745|푸르지오|15080|1|4|0.135|0.048|0.087|0.085|0.049|0.02|0.122|0.005|0.052|0.094|0.077|0.017|0.012|0.077|0.121
202401|45|41130|41130000|2811000000|경기|서초구|역삼동|역삼1동|NH1134|자이|14218|1|6|0.109|0.151|0.021|0.006|0.074|0.01|0.233|0.033|0.037|0.005|0.001|0.211|0.018|0.033|0.059
202401|46|26140|41150000|2811000000|부산|수원시|인계동|역삼1동|NH3134|래미안|13988|1|5|0.004|0.013|0.05|0.126|0.04|0.037|0.134|0.158|0.022|0.035|0.032|0.163|0.013|0.173|0.0
202401|46|11110|45110000|1114000000|서울|서초구|인계동|역삼1동|NH3041|힐스테이트|11600|1|3|0.05|0.062|0.069|0.049|0.064|0.045|0.079|0.035|0.149|0.06|0.014|0.051|0.029|0.125|0.117
202401|44|41130|28110000|1120000000|서울|수원시|서초동|역삼1동|NH1498|힐스테이트|6105|1|5|0.056|0.024|0.054|0.166|0.043|0.117|0.042|0.005|0.024|0.158|0.071|0.013|0.049|0.022|0.155
202401|46|11200|41150000|4511000000|인천|강남구|역삼동|서초1동|NH6013|래미안|13433|1|5|0.162|0.05|0.04|0.169|0.005|0.037|0.081|0.105|0.103|0.044|0.113|0.012|0.031|0.047|0.002
202401|11|42110|47110000|2711000000|서울|강남구|인계동|서초1동|NH7654|푸르지오|2446|1|4|0.008|0.083|0.013|0.213|0.012|0.094|0.056|0.041|0.037|0.043|0.019|0.128|0.099|0.114|0.039
202401|43|47110|11200000|4413000000|경기|강남구|역삼동|서초1동|NH1304|푸르지오|18023|2|6|0.115|0.043|0.033|0.048|0.051|0.09|0.213|0.092|0.011|0.007|0.011|0.016|0.072|0.128|0.07
202401|47|26110|45110000|4311000000|경기|강남구|서초동|역삼1동|NH8178|힐스테이트|3199|1|3|0.158|0.104|0.049|0.004|0.043|0.113|0.013|0.006|0.112|0.017|0.001|0.088|0.095|0.105|0.092
202401|27|46110|41110000|4611000000|서울|강남구|역삼동|역삼1동|NH7245|힐스테이트|8175|2|4|0.025|0.011|0.164|0.019|0.039|0.126|0.115|0.166|0.065|0.016|0.03|0.117|0.05|0.036|0.021
202401|26|11110|28110000|2614000000|서울|강남구|서초동|서초1동|NH3026|푸르지오|16117|1|4|0.033|0.005|0.14|0.006|0.041|0.006|0.167|0.298|0.014|0.008|0.068|0.115|0.029|0.068|0.002
202401|11|41110|41110000|1120000000|경기|수원시|서초동|역삼1동|NH7326|자이|17368|1|4|0.016|0.005|0.014|0.001|0.043|0.259|0.184|0.02|0.021|0.014|0.031|0.25|0.079|0.009|0.053
202401|45|42110|47110000|4511000000|인천|서초구|역삼동|역삼1동|NH4454|힐스테이트|16976|2|6|0.011|0.207|0.04|0.05|0.004|0.049|0.239|0.028|0.029|0.001|0.16|0.0|0.059|0.001|0.122
202401|47|47110|44130000|4413000000|서울|수원시|인계동|서초1동|NH7947|푸르지오|14593|1|6|0.046|0.087|0.345|0.01|0.018|0.048|0.021|0.033|0.076|0.0|0.135|0.054|0.046|0.077|0.003
202401|46|47110|46110000|4511000000|경기|성남시|서초동|역삼1동|NH6042|힐스테이트|3503|2|4|0.138|0.115|0.084|0.033|0.094|0.148|0.173|0.019|0.022|0.024|0.002|0.071|0.012|0.009|0.057
202401|45|11140|26140000|4115000000|부산|성남시|서초동|서초1동|NH8657|힐스테이트|6002|2|4|0.012|0.065|0.168|0.002|0.001|0.06|0.061|0.019|0.092|0.152|0.13|0.159|0.051|0.002|0.025
202401|43|41110|41110000|4711000000|인천|서초구|인계동|역삼1동|NH6437|힐스테이트|11928|2|4|0.068|0.01|0.022|0.041|0.255|0.092|0.095|0.074|0.002|0.013|0.051|0.067|0.036|0.028|0.147
202401|11|26110|46110000|4413000000|경기|성남시|서초동|서초1동|NH5386|푸르지오|19676|2|4|0.008|0.119|0.01|0.074|0.111|0.301|0.055|0.153|0.013|0.001|0.048|0.002|0.021|0.055|0.03
202401|46|26110|42110000|2811000000|서울|서초구|서초동|역삼1동|NH2771|자이|17554|1|6|0.003|0.056|0.013|0.022|0.026|0.024|0.158|0.202|0.037|0.086|0.029|0.039|0.184|0.011|0.111
202401|26|11140|11140000|4611000000|부산|성남시|인계동|역삼1동|NH6893|자이|7091|2|4|0.058|0.08|0.075|0.019|0.036|0.062|0.029|0.061|0.044|0.053|0.02|0.221|0.201|0.033|0.011
202401|42|47110|11200000|1114000000|경기|성남시|역삼동|서초1동|NH5299|힐스테이트|7634|2|6|0.103|0.017|0.155|0.117|0.044|0.074|0.079|0.044|0.034|0.068|0.007|0.023|0.04|0.02|0.175
202401|11|11200|46110000|1114000000|경기|성남시|인계동|역삼1동|NH4063|힐스테이트|6759|1|6|0.039|0.063|0.021|0.013|0.007|0.01|0.034|0.038|0.122|0.004|0.293|0.026|0.032|0.19|0.108
202401|27|11110|41110000|4511000000|경기|강남구|서초동|서초1동|NH7494|자이|15991|2|4|0.01|0.035|0.03|0.035|0.046|0.004|0.204|0.148|0.019|0.019|0.225|0.003|0.134|0.068|0.019
202401|11|43110|41130000|4211000000|인천|서초구|인계동|역삼1동|NH2786|래미안|7792|1|2|0.106|0.035|0.016|0.042|0.054|0.128|0.037|0.033|0.001|0.047|0.155|0.165|0.006|0.157|0.018
202401|44|43110|41130000|2611000000|서울|수원시|인계동|역삼1동|NH7164|푸르지오|13775|2|3|0.028|0.024|0.192|0.082|0.07|0.225|0.058|0.013|0.02|0.004|0.079|0.007|0.102|0.076|0.021
202401|26|11200|47110000|2611000000|서울|강남구|역삼동|역삼1동|NH2117|힐스테이트|15861|1|2|0.053|0.338|0.165|0.001|0.017|0.084|0.029|0.054|0.008|0.027|0.123|0.001|0.062|0.027|0.01
202401|42|11140|27110000|1117000000|경기|성남시|인계동|역삼1동|NH7964|래미안|11168|2|6|0.124|0.061|0.121|0.016|0.146|0.039|0.027|0.066|0.003|0.029|0.114|0.086|0.024|0.018|0.126
202401|27|47110|27110000|1114000000|부산|성남시|역삼동|서초1동|NH3265|자이|17653|1|3|0.017|0.083|0.016|0.128|0.158|0.015|0.011|0.034|0.14|0.166|0.091|0.02|0.02|0.095|0.004
202401|11|41130|44130000|4711000000|인천|수원시|역삼동|서초1동|NH6686|자이|13458|2|4|0.056|0.004|0.129|0.061|0.003|0.029|0.165|0.081|0.086|0.05|0.006|0.117|0.042|0.092|0.08
202401|41|41130|45110000|4711000000|부산|강남구|서초동|서초1동|NH8844|힐스테이트|15162|x|3|0.202|0.126|0.004|0.031|0.134|0.045|0.048|0.007|0.124|0.103|0.041|0.018|0.1|0.007|0.008
202401|11|26140|11170000|2811000000|인천|수원시|서초동|서초1동|NH1354|힐스테이트|10328|x|3|0.174|0.091|0.169|0.013|0.039|0.069|0.005|0.0|0.112|0.114|0.053|0.046|0.009|0.0|0.105
202401|11|11140|45110000|4413000000|부산|서초구|역삼동|서초1동|NH8187|힐스테이트|6919|x|3|0.027|0.108|0.076|0.103|0.053|0.007|0.015|0.037|0.017|0.391|0.023|0.039|0.045|0.009|0.049
202401|47|11200|41130000|4111000000|부산|서초구|인계동|서초1동|NH5878|래미안|11778|1|4|0.007|0.089|0.041|0.004|0.032|0.006|0.179|0.065|0.021|0.024|0.006|0.064|0.179|0.076|0.208
202401|26|44130|26140000|4111000000|서울|강남구|인계동|서초1동|NH7433|힐스테이트|11348|2|4|0.001|0.013|0.191|0.046|0.084|0.009|0.039|0.017|0.162|0.085|0.107|0.12|0.039|0.006|0.081
202401|27|41150|46110000|2611000000|부산|강남구|서초동|역삼1동|NH5582|힐스테이트|4397|1|3|0.007|0.081|0.014|0.049|0.032|0.076|0.028|0.146|0.154|0.007|0.23|0.042|0.041|0.055|0.038
202401|44|11170|42110000|2711000000|부산|강남구|인계동|서초1동|NH4255|자이|18439|2|3|0.06|0.007|0.124|0.017|0.069|0.032|0.013|0.029|0.138|0.162|0.051|0.21|0.059|0.023|0.006
202401|43|47110|11200000|4111000000|서울|서초구|역삼동|서초1동|NH9003|자이|18978|1|4|0.022|0.013|0.017|0.032|0.047|0.003|0.004|0.085|0.157|0.009|0.025|0.053|0.434|0.053|0.045
202401|11|27110|26110000|2811000000|경기|강남구|역삼동|서초1동|NH8940|푸르지오|4745|2|5|0.085|0.023|0.06|0.012|0.058|0.102|0.316|0.046|0.048|0.092|0.002|0.029|0.02|0.032|0.075
202401|27|27110|46110000|4111000000|서울|강남구|인계동|역삼1동|NH1711|힐스테이트|17574|2|6|0.124|0.112|0.005|0.008|0.016|0.024|0.092|0.328|0.051|0.023|0.046|0.009|0.041|0.091|0.028
202401|46|11140|44130000|1120000000|인천|수원시|인계동|역삼1동|NH5253|래미안|11087|2|3|0.193|0.004|0.002|0.034|0.159|0.059|0.036|0.033|0.004|0.069|0.134|0.043|0.002|0.178|0.051
202401|26|27110|28110000|4413000000|경기|수원시|인계동|역삼1동|NH9825|푸르지오|5183|2|2|0.123|0.047|0.117|0.213|0.013|0.098|0.011|0.043|0.09|0.038|0.019|0.027|0.06|0.026|0.074
202401|43|41110|26110000|4111000000|서울|성남시|인계동|역삼1동|NH6997|힐스테이트|9728|1|5|0.081|0.115|0.011|0.059|0.052|0.073|0.094|0.016|0.027|0.233|0.019|0.142|0.024|0.01|0.047
202401|47|45110|27110000|1114000000|인천|서초구|서초동|서초1동|NH2433|힐스테이트|9447|2|6|0.048|0.011|0.149|0.15|0.098|0.107|0.0|0.027|0.094|0.034|0.075|0.056|0.015|0.085|0.049
202401|44|41150|42110000|4211000000|서울|성남시|역삼동|역삼1동|NH1432|자이|9046|2|6|0.015|0.039|0.03|0.152|0.112|0.064|0.025|0.018|0.07|0.008|0.205|0.041|0.114|0.004|0.103
202401|45|28110|11170000|4711000000|인천|서초구|역삼동|역삼1동|NH6925|힐스테이트|5317|1|6|0.011|0.09|0.047|0.017|0.109|0.105|0.003|0.028|0.048|0.027|0.2|0.079|0.093|0.126|0.017
202401|43|43110|46110000|4711000000|인천|성남시|역삼동|역삼1동|NH8617|자이|5952|2|5|0.079|0.034|0.092|0.006|0.071|0.018|0.017|0.006|0.063|0.006|0.231|0.021|0.025|0.124|0.206
202401|44|26110|26110000|1114000000|부산|성남시|인계동|서초1동|NH1479|힐스테이트|6653|x|3|0.076|0.052|0.011|0.006|0.128|0.011|0.126|0.06|0.056|0.007|0.088|0.077|0.096|0.146|0.06
202401|42|11200|28110000|2711000000|인천|수원시|인계동|서초1동|NH1054|푸르지오|14194|1|6|0.042|0.109|0.033|0.015|0.179|0.15|0.166|0.099|0.013|0.005|0.08|0.066|0.003|0.023|0.018
202401|27|11110|26110000|2711000000|서울|성남시|인계동|역삼1동|NH4881|래미안|6031|2|4|0.031|0.115|0.177|0.108|0.027|0.101|0.016|0.077|0.038|0.027|0.114|0.018|0.085|0.04|0.027
202401|27|27110|27110000|4413000000|경기|수원시|서초동|역삼1동|NH4290|힐스테이트|15798|1|2|0.043|0.086|0.059|0.056|0.017|0.05|0.049|0.022|0.156|0.067|0.025|0.104|0.059|0.123|0.084
202401|41|46110|27110000|4113000000|서울|강남구|역삼동|역삼1동|NH3588|래미안|6545|2|6|0.005|0.116|0.033|0.021|0.039|0.064|0.04|0.001|0.081|0.113|0.318|0.02|0.054|0.001|0.093
202401|41|43110|11110000|1117000000|인천|강남구|인계동|역삼1동|NH3601|힐스테이트|9684|1|2|0.014|0.103|0.05|0.064|0.073|0.05|0.157|0.056|0.051|0.062|0.01|0.13|0.057|0.022|0.102
202401|42|11200|46110000|2811000000|인천|강남구|인계동|역삼1동|NH1705|자이|2385|2|3|0.155|0.016|0.029|0.19|0.002|0.008|0.092|0.002|0.041|0.017|0.032|0.17|0.133|0.041|0.073
202401|43|27110|47110000|4611000000|인천|성남시|역삼동|역삼1동|NH8430|힐스테이트|18313|1|4|0.027|0.051|0.25|0.108|0.062|0.029|0.007|0.033|0.018|0.002|0.228|0.055|0.111|0.011|0.008
202401|26|46110|11200000|2614000000|부산|성남시|서초동|서초1동|NH7694|자이|8539|1|5|0.097|0.019|0.051|0.046|0.074|0.139|0.063|0.002|0.029|0.084|0.062|0.088|0.064|0.041|0.141
202401|45|47110|41110000|1111000000|경기|수원시|역삼동|서초1동|NH8189|힐스테이트|2579|x|2|0.136|0.193|0.023|0.024|0.068|0.008|0.122|0.014|0.016|0.083|0.042|0.043|0.022|0.189|0.017
202401|44|27110|41110000|1120000000|서울|성남시|서초동|역삼1동|NH8232|푸르지오|15419|1|2|0.089|0.153|0.011|0.025|0.037|0.101|0.022|0.102|0.007|0.014|0.121|0.021|0.119|0.093|0.085
202401|41|45110|41130000|1114000000|인천|강남구|서초동|역삼1동|NH7024|자이|15545|1|5|0.18|0.025|0.09|0.19|0.014|0.03|0.02|0.008|0.037|0.005|0.036|0.085|0.162|0.029|0.088
202401|47|42110|27110000|4511000000|부산|수원시|서초동|역삼1동|NH4362|자이|14191|1|5|0.045|0.05|0.0|0.189|0.038|0.111|0.094|0.018|0.101|0.044|0.03|0.112|0.015|0.113|0.04
202401|44|43110|26140000|4115000000|서울|강남구|인계동|서초1동|NH6926|래미안|18969|2|2|0.06|0.101|0.035|0.002|0.017|0.088|0.025|0.121|0.02|0.071|0.069|0.147|0.057|0.02|0.167
202401|11|42110|41130000|2611000000|인천|수원시|인계동|역삼1동|NH6596|푸르지오|3141|1|3|0.098|0.199|0.005|0.028|0.118|0.012|0.022|0.1|0.013|0.022|0.225|0.088|0.054|0.001|0.013
202401|43|11200|11140000|4611000000|경기|강남구|인계동|역삼1동|NH7959|자이|6196|1|6|0.012|0.298|0.068|0.01|0.081|0.014|0.102|0.05|0.028|0.047|0.008|0.01|0.003|0.143|0.127
202401|45|41150|41130000|1111000000|경기|서초구|서초동|서초1동|NH6421|자이|9165|2|6|0.056|0.063|0.055|0.147|0.005|0.033|0.086|0.012|0.177|0.052|0.083|0.011|0.089|0.015|0.114
202401|44|42110|11110000|4113000000|경기|성남시|인계동|역삼1동|NH8012|푸르지오|12184|1|5|0.028|0.036|0.202|0.094|0.14|0.015|0.051|0.007|0.09|0.001|0.03|0.008|0.126|0.132|0.041
202401|44|27110|11140000|2711000000|인천|강남구|역삼동|서초1동|NH2857|힐스테이트|16950|1|4|0.047|0.077|0.064|0.089|0.117|0.008|0.033|0.015|0.139|0.17|0.032|0.035|0.124|0.013|0.038
202401|26|44130|26140000|4311000000|서울|강남구|인계동|서초1동|NH6618|자이|16065|2|5|0.027|0.026|0.076|0.023|0.014|0.06|0.061|0.061|0.014|0.048|0.011|0.086|0.051|0.43|0.013
202401|42|11110|27110000|1120000000|부산|수원시|역삼동|역삼1동|NH3614|푸르지오|17014|1|3|0.007|0.052|0.021|0.026|0.052|0.049|0.209|0.022|0.026|0.032|0.023|0.109|0.055|0.011|0.307
202401|11|11200|41110000|4115000000|서울|강남구|역삼동|역삼1동|NH7895|푸르지오|12602|2|6|0.064|0.064|0.003|0.039|0.014|0.06|0.194|0.247|0.071|0.031|0.023|0.068|0.005|0.049|0.069
202401|46|43110|45110000|4115000000|인천|수원시|서초동|서초1동|NH5647|래미안|10613|1|6|0.073|0.318|0.036|0.003|0.084|0.021|0.102|0.061|0.003|0.061|0.113|0.044|0.002|0.016|0.062
202401|27|47110|11140000|4111000000|부산|서초구|서초동|서초1동|NH1948|푸르지오|19504|2|4|0.261|0.1|0.028|0.061|0.11|0.043|0.094|0.031|0.029|0.045|0.02|0.007|0.043|0.12|0.008
202401|26|28110|42110000|4311000000|경기|서초구|서초동|서초1동|NH6964|힐스테이트|11358|2|5|0.035|0.048|0.028|0.077|0.024|0.281|0.005|0.055|0.002|0.047|0.012|0.009|0.022|0.267|0.088
202401|11|47110|41150000|2611000000|부산|강남구|인계동|서초1동|NH7993|힐스테이트|14219|x|5|0.004|0.038|0.019|0.005|0.103|0.23|0.119|0.026|0.049|0.135|0.07|0.0|0.105|0.087|0.007
202401|46|11200|11170000|4113000000|부산|수원시|역삼동|역삼1동|NH1528|푸르지오|16026|1|3|0.024|0.03|0.108|0.009|0.246|0.02|0.066|0.056|0.006|0.049|0.036|0.095|0.186|0.032|0.038
202401|45|41130|43110000|2711000000|서울|수원시|역삼동|서초1동|NH9212|자이|9228|1|3|0.268|0.022|0.022|0.096|0.058|0.034|0.013|0.061|0.113|0.007|0.056|0.047|0.062|0.042|0.099
202401|47|11200|41130000|1111000000|부산|수원시|서초동|역삼1동|NH2841|힐스테이트|12313|2|3|0.026|0.058|0.26|0.035|0.129|0.108|0.025|0.012|0.036|0.019|0.029|0.045|0.028|0.061|0.128
202401|46|26140|41150000|1117000000|서울|수원시|인계동|역삼1동|NH7189|래미안|17131|2|6|0.072|0.065|0.055|0.186|0.162|0.004|0.041|0.044|0.04|0.018|0.121|0.024|0.093|0.056|0.018
202401|45|42110|11170000|2711000000|경기|수원시|인계동|서초1동|NH5375|힐스테이트|6935|2|5|0.029|0.079|0.228|0.02|0.248|0.086|0.019|0.024|0.014|0.048|0.134|0.006|0.019|0.029|0.017
202401|46|11170|41130000|4211000000|부산|강남구|서초동|역삼1동|NH7390|래미안|18493|1|6|0.025|0.032|0.082|0.071|0.01|0.045|0.06|0.062|0.055|0.167|0.041|0.118|0.196|0.021|0.016
202401|42|11200|46110000|2811000000|경기|수원시|역삼동|서초1동|NH1637|힐스테이트|12883|1|4|0.039|0.075|0.085|0.043|0.086|0.147|0.014|0.06|0.085|0.016|0.127|0.025|0.115|0.037|0.046
202401|47|42110|26110000|1114000000|부산|강남구|인계동|역삼1동|NH2173|래미안|9412|1|5|0.011|0.09|0.003|0.021|0.101|0.037|0.203|0.001|0.083|0.294|0.028|0.014|0.018|0.067|0.029
202401|26|11200|11110000|4113000000|인천|서초구|인계동|서초1동|NH6761|래미안|19208|x|4|0.015|0.025|0.056|0.105|0.08|0.017|0.016|0.036|0.162|0.011|0.186|0.223|0.031|0.005|0.032
202401|27|44130|42110000|4113000000|인천|수원시|인계동|서초1동|NH1625|힐스테이트|15259|1|2|0.009|0.091|0.066|0.027|0.068|0.06|0.016|0.114|0.061|0.062|0.018|0.027|0.27|0.095|0.014
202401|42|41110|41130000|4311000000|경기|서초구|역삼동|서초1동|NH5159|푸르지오|14599|1|4|0.074|0.26|0.02|0.037|0.007|0.113|0.082|0.043|0.076|0.055|0.025|0.084|0.032|0.074|0.019
202401|11|26110|45110000|4211000000|경기|강남구|역삼동|서초1동|NH5966|자이|2213|2|3|0.107|0.053|0.027|0.029|0.08|0.064|0.004|0.238|0.032|0.093|0.101|0.012|0.007|0.088|0.064
202401|46|45110|47110000|2614000000|부산|서초구|인계동|역삼1동|NH2240|푸르지오|13432|1|4|0.193|0.038|0.013|0.042|0.258|0.001|0.065|0.059|0.012|0.102|0.0|0.109|0.067|0.037|0.005
202401|41|27110|26140000|4211000000|경기|성남시|인계동|서초1동|NH2628|힐스테이트|13395|2|2|0.083|0.11|0.023|0.17|0.039|0.165|0.032|0.025|0.026|0.01|0.206|0.008|0.007|0.088|0.01
202401|27|44130|41110000|2811000000|인천|서초구|서초동|역삼1동|NH2261|힐스테이트|10749|1|5|0.077|0.023|0.105|0.042|0.033|0.159|0.089|0.001|0.047|0.019|0.157|0.031|0.071|0.104|0.042
202401|41|26140|45110000|2711000000|부산|강남구|서초동|역삼1동|NH6152|푸르지오|13199|2|3|0.007|0.008|0.07|0.075|0.025|0.048|0.043|0.039|0.051|0.301|0.038|0.013|0.014|0.071|0.196
202401|42|11200|46110000|4111000000|인천|서초구|역삼동|서초1동|NH6426|힐스테이트|14151|1|6|0.125|0.169|0.047|0.023|0.114|0.098|0.017|0.05|0.035|0.035|0.005|0.004|0.01|0.118|0.15
202401|44|11110|46110000|2614000000|인천|성남시|서초동|서초1동|NH7848|푸르지오|14177|2|4|0.052|0.035|0.004|0.005|0.116|0.427|0.033|0.033|0.043|0.065|0.021|0.034|0.078|0.038|0.017
202401|11|11170|11140000|1117000000|인천|수원시|역삼동|서초1동|NH6066|힐스테이트|13365|1|5|0.041|0.073|0.046|0.037|0.053|0.148|0.043|0.006|0.081|0.13|0.107|0.157|0.057|0.002|0.019
202401|46|26110|11200000|2614000000|부산|수원시|서초동|서초1동|NH4366|푸르지오|17348|1|3|0.023|0.022|0.01|0.012|0.189|0.024|0.109|0.005|0.048|0.09|0.103|0.079|0.113|0.133|0.039
202401|42|11110|41110000|4311000000|경기|수원시|인계동|서초1동|NH9936|힐스테이트|8633|2|4|0.004|0.168|0.067|0.13|0.01|0.111|0.139|0.0|0.033|0.004|0.173|0.105|0.042|0.0|0.016
202401|44|27110|11200000|1111000000|경기|수원시|역삼동|서초1동|NH8088|래미안|13899|1|3|0.021|0.001|0.029|0.167|0.098|0.017|0.135|0.045|0.242|0.118|0.049|0.045|0.02|0.005|0.007
202401|42|26110|42110000|1120000000|부산|강남구|인계동|역삼1동|NH3077|자이|18597|1|2|0.019|0.08|0.172|0.019|0.096|0.008|0.032|0.02|0.012|0.238|0.113|0.066|0.075|0.031|0.018
202401|45|41110|47110000|1114000000|인천|수원시|역삼동|역삼1동|NH8234|래미안|7622|2|2|0.16|0.087|0.014|0.044|0.024|0.069|0.123|0.045|0.045|0.071|0.189|0.023|0.045|0.045|0.015
202401|47|41110|44130000|1120000000|서울|강남구|서초동|서초1동|NH1397|푸르지오|7380|2|5|0.013|0.039|0.041|0.104|0.02|0.121|0.057|0.001|0.215|0.003|0.068|0.068|0.024|0.024|0.202
202401|46|26140|42110000|4211000000|서울|강남구|서초동|서초1동|NH2470|래미안|10278|1|3|0.139|0.041|0.183|0.093|0.007|0.002|0.047|0.079|0.024|0.067|0.079|0.03|0.092|0.099|0.019
202401|42|11110|27110000|1114000000|부산|수원시|역삼동|서초1동|NH7075|자이|19970|1|6|0.023|0.003|0.047|0.036|0.015|0.017|0.146|0.115|0.284|0.02|0.031|0.062|0.14|0.001|0.06
202401|27|41150|41130000|4611000000|부산|강남구|역삼동|역삼1동|NH1444|자이|5132|1|6|0.11|0.087|0.05|0.109|0.061|0.232|0.023|0.022|0.019|0.0|0.016|0.062|0.162|0.047|0.0
202401|43|43110|44130000|1111000000|인천|서초구|역삼동|서초1동|NH5128|힐스테이트|7289|1|6|0.118|0.014|0.366|0.08|0.027|0.172|0.025|0.016|0.061|0.006|0.069|0.015|0.002|0.028|0.001
202401|41|47110|41130000|1120000000|경기|수원시|서초동|서초1동|NH2379|힐스테이트|6941|1|6|0.206|0.051|0.014|0.04|0.017|0.22|0.047|0.096|0.003|0.033|0.06|0.067|0.037|0.069|0.038
202401|26|41130|45110000|4413000000|부산|성남시|인계동|역삼1동|NH6452|자이|6557|1|4|0.128|0.081|0.179|0.02|0.088|0.01|0.023|0.209|0.054|0.012|0.003|0.059|0.005|0.018|0.109
202401|42|27110|11170000|1114000000|인천|강남구|역삼동|서초1동|NH6006|자이|6106|1|2|0.029|0.139|0.04|0.013|0.104|0.059|0.122|0.102|0.075|0.083|0.007|0.111|0.03|0.067|0.02
202401|47|11170|47110000|1114000000|부산|성남시|서초동|서초1동|NH8545|래미안|12428|2|5|0.024|0.033|0.245|0.023|0.034|0.079|0.005|0.011|0.1|0.165|0.121|0.059|0.014|0.042|0.046
202401|41|44130|26110000|4711000000|경기|수원시|서초동|역삼1동|NH9985|푸르지오|12270|1|4|0.079|0.003|0.087|0.04|0.12|0.004|0.272|0.032|0.001|0.058|0.05|0.025|0.047|0.038|0.143
202401|11|26140|44130000|4115000000|부산|서초구|인계동|서초1동|NH8798|힐스테이트|4879|1|2|0.038|0.059|0.032|0.027|0.02|0.055|0.001|0.101|0.034|0.248|0.107|0.024|0.022|0.056|0.175
202401|47|47110|11140000|1114000000|경기|성남시|역삼동|역삼1동|NH3501|자이|17504|1|6|0.001|0.035|0.111|0.019|0.05|0.171|0.177|0.011|0.001|0.059|0.064|0.007|0.097|0.173|0.024
202401|42|28110|45110000|1117000000|경기|서초구|서초동|역삼1동|NH7511|래미안|5983|2|6|0.009|0.303|0.03|0.009|0.055|0.005|0.002|0.107|0.012|0.022|0.066|0.049|0.039|0.067|0.225
202401|46|41150|26110000|4115000000|서울|성남시|인계동|역삼1동|NH8152|푸르지오|3125|2|6|0.197|0.027|0.235|0.004|0.108|0.034|0.065|0.065|0.033|0.061|0.023|0.02|0.024|0.078|0.025
202401|42|27110|41110000|4311000000|서울|수원시|인계동|역삼1동|NH2776|자이|12905|1|3|0.111|0.087|0.001|0.03|0.125|0.093|0.033|0.077|0.002|0.015|0.075|0.026|0.127|0.137|0.063
202401|44|26140|11110000|4711000000|인천|서초구|인계동|역삼1동|NH6610|힐스테이트|9011|1|3|0.017|0.18|0.063|0.014|0.1|0.007|0.059|0.107|0.037|0.135|0.091|0.015|0.122|0.018|0.035
202401|41|43110|41150000|4113000000|서울|서초구|역삼동|서초1동|NH2659|푸르지오|19650|2|6|0.05|0.032|0.04|0.089|0.101|0.038|0.029|0.051|0.08|0.011|0.05|0.122|0.142|0.054|0.112
202401|45|11140|27110000|4115000000|인천|강남구|역삼동|서초1동|NH6123|래미안|18047|2|6|0.122|0.009|0.077|0.071|0.039|0.121|0.008|0.061|0.046|0.01|0.011|0.004|0.234|0.147|0.039
202401|43|44130|11170000|1111000000|부산|강남구|인계동|역삼1동|NH1347|푸르지오|10692|2|6|0.133|0.027|0.0|0.01|0.012|0.037|0.021|0.223|0.003|0.184|0.169|0.12|0.021|0.039|0.001
202401|41|41110|28110000|2614000000|인천|성남시|역삼동|서초1동|NH7135|푸르지오|4102|2|5|0.008|0.069|0.022|0.012|0.057|0.2|0.067|0.041|0.113|0.02|0.001|0.17|0.008|0.089|0.125
202401|46|43110|28110000|4511000000|부산|강남구|인계동|서초1동|NH2387|힐스테이트|9827|x|4|0.037|0.185|0.076|0.025|0.013|0.064|0.065|0.009|0.023|0.011|0.082|0.103|0.103|0.044|0.16
202401|47|11200|47110000|2711000000|부산|강남구|역삼동|역삼1동|NH2224|푸르지오|18317|x|4|0.002|0.119|0.009|0.041|0.029|0.063|0.07|0.06|0.025|0.097|0.081|0.033|0.128|0.003|0.241
202401|11|46110|28110000|4113000000|경기|수원시|인계동|서초1동|NH2164|래미안|17745|2|4|0.095|0.094|0.165|0.004|0.01|0.001|0.254|0.136|0.019|0.046|0.013|0.064|0.037|0.009|0.053
202401|27|11110|11200000|4413000000|서울|성남시|인계동|역삼1동|NH7375|푸르지오|11805|2|2|0.0|0.126|0.015|0.018|0.085|0.003|0.0|0.323|0.114|0.055|0.019|0.115|0.042|0.032|0.052
202401|46|41150|46110000|4711000000|인천|성남시|서초동|서초1동|NH6148|래미안|13457|x|4|0.052|0.072|0.011|0.01|0.054|0.046|0.003|0.06|0.038|0.186|0.006|0.097|0.048|0.195|0.122
202401|11|41150|26110000|1117000000|부산|수원시|인계동|서초1동|NH6875|푸르지오|11597|1|6|0.152|0.008|0.001|0.052|0.057|0.037|0.041|0.078|0.041|0.153|0.077|0.041|0.01|0.156|0.095
202401|26|46110|11110000|4211000000|서울|강남구|역삼동|서초1동|NH7886|푸르지오|14086|1|4|0.039|0.022|0.083|0.007|0.083|0.015|0.111|0.047|0.072|0.042|0.164|0.113|0.015|0.02|0.168
202401|44|26140|43110000|4413000000|경기|수원시|역삼동|서초1동|NH4215|힐스테이트|5991|2|2|0.034|0.207|0.076|0.059|0.005|0.024|0.138|0.0|0.016|0.042|0.017|0.024|0.297|0.004|0.057
202401|41|43110|41150000|4711000000|부산|서초구|서초동|서초1동|NH5922|래미안|11320|2|6|0.049|0.078|0.035|0.035|0.043|0.127|0.216|0.077|0.006|0.047|0.16|0.03|0.042|0.037|0.018
202401|45|42110|41130000|2811000000|경기|서초구|인계동|서초1동|NH5480|자이|6924|2|5|0.055|0.041|0.008|0.108|0.079|0.088|0.225|0.156|0.097|0.002|0.004|0.074|0.024|0.001|0.038
202401|46|11170|11200000|4211000000|부산|강남구|인계동|서초1동|NH7543|힐스테이트|14613|1|2|0.05|0.168|0.1|0.021|0.122|0.003|0.051|0.023|0.068|0.007|0.042|0.078|0.064|0.157|0.045
202401|45|47110|27110000|4311000000|서울|수원시|서초동|서초1동|NH3078|힐스테이트|18688|2|5|0.077|0.008|0.031|0.014|0.017|0.024|0.031|0.226|0.047|0.002|0.003|0.001|0.001|0.471|0.049
202401|42|11140|11110000|4611000000|경기|서초구|역삼동|역삼1동|NH6737|자이|3545|1|4|0.064|0.024|0.098|0.158|0.014|0.084|0.044|0.034|0.013|0.13|0.021|0.093|0.094|0.116|0.014
202401|27|41110|11170000|4211000000|경기|서초구|인계동|역삼1동|NH5453|푸르지오|14033|1|3|0.066|0.098|0.03|0.256|0.041|0.057|0.138|0.046|0.013|0.055|0.086|0.006|0.032|0.014|0.063
202401|43|44130|26110000|4111000000|서울|서초구|역삼동|서초1동|NH7228|자이|5141|1|4|0.019|0.065|0.018|0.044|0.092|0.127|0.002|0.019|0.077|0.122|0.062|0.232|0.033|0.036|0.051
202401|45|47110|11200000|4311000000|경기|강남구|인계동|서초1동|NH8798|자이|13338|1|4|0.052|0.005|0.03|0.03|0.021|0.11|0.124|0.118|0.011|0.068|0.005|0.207|0.049|0.102|0.068
202401|41|41150|42110000|4711000000|서울|수원시|역삼동|역삼1동|NH5074|자이|11654|2|6|0.015|0.055|0.021|0.078|0.018|0.016|0.142|0.089|0.145|0.01|0.019|0.102|0.021|0.036|0.232
202401|26|41150|26110000|4113000000|서울|강남구|인계동|역삼1동|NH7858|푸르지오|14329|2|4|0.01|0.005|0.088|0.137|0.009|0.033|0.14|0.14|0.024|0.05|0.054|0.209|0.015|0.043|0.045
202401|27|46110|41110000|2811000000|부산|성남시|인계동|역삼1동|NH4181|래미안|16142|x|3|0.02|0.022|0.257|0.082|0.054|0.172|0.011|0.005|0.115|0.023|0.024|0.0|0.011|0.026|0.179
202401|42|44130|11200000|2711000000|경기|강남구|서초동|서초1동|NH1322|힐스테이트|13575|1|5|0.072|0.084|0.023|0.062|0.006|0.015|0.066|0.016|0.006|0.029|0.086|0.087|0.133|0.108|0.208
202401|42|41150|27110000|4115000000|인천|서초구|서초동|서초1동|NH1682|래미안|4859|x|2|0.054|0.023|0.1|0.007|0.091|0.094|0.182|0.007|0.003|0.055|0.153|0.01|0.082|0.007|0.133
202401|46|41110|44130000|4413000000|경기|강남구|인계동|역삼1동|NH5886|래미안|4693|2|5|0.013|0.065|0.059|0.033|0.12|0.036|0.046|0.206|0.1|0.081|0.045|0.058|0.051|0.001|0.085
202401|41|11170|11140000|2711000000|경기|강남구|인계동|서초1동|NH9828|푸르지오|3490|x|2|0.035|0.042|0.02|0.023|0.02|0.084|0.034|0.01|0.098|0.059|0.048|0.218|0.075|0.132|0.103
202401|46|41150|11140000|2611000000|경기|서초구|역삼동|역삼1동|NH6788|자이|16991|2|3|0.073|0.036|0.034|0.094|0.053|0.063|0.095|0.025|0.092|0.059|0.132|0.067|0.1|0.068|0.009
202401|11|11140|46110000|4115000000|서울|성남시|인계동|역삼1동|NH2944|래미안|13436|1|4|0.023|0.044|0.027|0.012|0.1|0.309|0.011|0.083|0.018|0.051|0.081|0.005|0.036|0.153|0.046
202401|47|45110|46110000|4211000000|경기|강남구|인계동|역삼1동|NH8748|래미안|16890|2|2|0.06|0.04|0.047|0.18|0.029|0.015|0.005|0.077|0.024|0.058|0.201|0.096|0.094|0.053|0.021
202401|45|41130|47110000|1114000000|서울|서초구|서초동|역삼1동|NH9458|자이|17076|1|5|0.049|0.06|0.015|0.131|0.029|0.082|0.121|0.05|0.054|0.032|0.044|0.117|0.035|0.076|0.105
202401|46|11200|26140000|4611000000|서울|서초구|역삼동|서초1동|NH6374|자이|15597|1|2|0.06|0.134|0.071|0.008|0.023|0.057|0.027|0.26|0.055|0.038|0.007|0.036|0.174|0.035|0.015
202401|26|41110|11170000|4113000000|인천|강남구|서초동|역삼1동|NH9449|자이|9980|1|4|0.128|0.007|0.17|0.09|0.08|0.057|0.046|0.005|0.044|0.157|0.016|0.096|0.058|0.043|0.003
202401|42|41110|41130000|4413000000|부산|강남구|인계동|역삼1동|NH3140|자이|3887|1|4|0.158|0.063|0.111|0.007|0.079|0.016|0.187|0.002|0.041|0.029|0.058|0.146|0.025|0.073|0.005
202401|42|11170|26110000|4711000000|인천|성남시|서초동|역삼1동|NH4368|힐스테이트|2826|1|2|0.083|0.161|0.018|0.095|0.05|0.05|0.012|0.032|0.007|0.087|0.025|0.066|0.21|0.063|0.042
202401|47|45110|11170000|4211000000|인천|성남시|역삼동|역삼1동|NH3994|힐스테이트|12973|1|3|0.108|0.134|0.075|0.04|0.234|0.007|0.032|0.023|0.03|0.059|0.053|0.099|0.071|0.018|0.016
202401|27|41110|28110000|2811000000|서울|서초구|인계동|서초1동|NH6821|자이|18301|2|5|0.093|0.006|0.078|0.043|0.077|0.048|0.027|0.192|0.183|0.028|0.03|0.032|0.057|0.078|0.029
202401|11|44130|46110000|2614000000|경기|강남구|역삼동|서초1동|NH4973|힐스테이트|15831|2|5|0.028|0.007|0.175|0.131|0.028|0.084|0.018|0.066|0.074|0.181|0.047|0.049|0.033|0.011|0.067
202401|41|11110|45110000|2811000000|경기|강남구|역삼동|서초1동|NH8259|자이|5056|2|4|0.104|0.031|0.038|0.184|0.024|0.019|0.077|0.084|0.021|0.011|0.208|0.071|0.002|0.104|0.024
202401|45|11170|42110000|4413000000|경기|수원시|인계동|역삼1동|NH3224|푸르지오|4291|2|3|0.053|0.079|0.131|0.143|0.063|0.09|0.001|0.018|0.192|0.021|0.106|0.01|0.006|0.0|0.087
202401|46|41110|11140000|1111000000|서울|성남시|역삼동|역삼1동|NH5917|힐스테이트|11731|1|4|0.004|0.128|0.024|0.109|0.046|0.082|0.159|0.093|0.144|0.048|0.028|0.09|0.002|0.025|0.018
202401|26|44130|11170000|4211000000|인천|서초구|서초동|역삼1동|NH5116|힐스테이트|10012|2|6|0.059|0.056|0.048|0.028|0.037|0.002|0.021|0.264|0.023|0.044|0.228|0.019|0.025|0.008|0.139
202401|45|47110|44130000|1117000000|경기|강남구|인계동|서초1동|NH5190|자이|7382|1|5|0.098|0.022|0.185|0.072|0.032|0.037|0.082|0.123|0.089|0.051|0.008|0.098|0.071|0.01|0.023
202401|44|28110|43110000|4111000000|인천|성남시|서초동|역삼1동|NH2538|자이|14204|1|6|0.008|0.128|0.127|0.0|0.031|0.029|0.026|0.134|0.009|0.082|0.073|0.057|0.02|0.271|0.006
202401|11|47110|45110000|4413000000|부산|서초구|서초동|역삼1동|NH8062|자이|8709|1|3|0.042|0.031|0.026|0.058|0.033|0.036|0.017|0.001|0.008|0.071|0.216|0.032|0.047|0.257|0.125
202401|26|42110|11110000|1114000000|부산|강남구|서초동|서초1동|NH5639|힐스테이트|14458|1|3|0.032|0.056|0.014|0.072|0.108|0.059|0.015|0.018|0.017|0.117|0.064|0.041|0.137|0.002|0.246
202401|45|11170|42110000|4115000000|부산|강남구|인계동|서초1동|NH2074|힐스테이트|16180|1|5|0.016|0.023|0.003|0.001|0.003|0.002|0.183|0.027|0.333|0.017|0.143|0.123|0.014|0.052|0.059
202401|42|26110|11170000|4113000000|경기|성남시|역삼동|서초1동|NH2658|래미안|6284|x|3|0.165|0.094|0.075|0.051|0.026|0.036|0.065|0.071|0.037|0.117|0.053|0.036|0.039|0.11|0.026
202401|27|47110|42110000|4111000000|경기|성남시|역삼동|역삼1동|NH2596|래미안|12318|x|4|0.045|0.105|0.008|0.065|0.084|0.124|0.036|0.061|0.015|0.023|0.004|0.178|0.012|0.159|0.084
202401|43|43110|44130000|1111000000|부산|강남구|서초동|역삼1동|NH5985|자이|14503|1|3|0.021|0.075|0.081|0.005|0.143|0.114|0.021|0.006|0.053|0.09|0.132|0.016|0.053|0.141|0.049
202401|27|42110|11170000|4611000000|서울|수원시|역삼동|서초1동|NH7121|힐스테이트|17395|2|3|0.05|0.027|0.07|0.038|0.19|0.066|0.103|0.089|0.025|0.034|0.026|0.012|0.093|0.156|0.02
202401|43|44130|26110000|4115000000|서울|수원시|인계동|역삼1동|NH9505|자이|3493|1|3|0.066|0.041|0.029|0.138|0.063|0.122|0.007|0.006|0.01|0.022|0.107|0.156|0.033|0.193|0.008
202401|47|41110|11170000|1117000000|인천|강남구|서초동|역삼1동|NH5128|푸르지오|13059|2|6|0.094|0.003|0.031|0.15|0.035|0.066|0.116|0.115|0.094|0.144|0.023|0.085|0.006|0.007|0.032
202401|26|11200|11110000|2611000000|경기|성남시|역삼동|서초1동|NH9597|푸르지오|13465|1|4|0.005|0.164|0.067|0.029|0.005|0.257|0.107|0.083|0.025|0.003|0.048|0.009|0.068|0.087|0.042
202401|45|46110|11110000|4111000000|부산|강남구|서초동|역삼1동|NH9409|힐스테이트|4552|2|4|0.058|0.085|0.213|0.096|0.064|0.095|0.014|0.133|0.011|0.071|0.029|0.008|0.093|0.007|0.022
202401|44|11170|26140000|1120000000|인천|서초구|서초동|서초1동|NH1248|푸르지오|4436|2|4|0.061|0.053|0.099|0.028|0.081|0.022|0.068|0.1|0.034|0.065|0.02|0.229|0.099|0.001|0.038
202401|11|47110|41110000|4211000000|경기|서초구|역삼동|역삼1동|NH3080|푸르지오|16410|1|5|0.06|0.02|0.213|0.077|0.067|0.025|0.011|0.057|0.121|0.058|0.018|0.213|0.022|0.034|0.003
202401|11|11170|42110000|2611000000|인천|서초구|역삼동|역삼1동|NH6279|힐스테이트|12169|1|6|0.006|0.067|0.174|0.132|0.015|0.005|0.042|0.01|0.059|0.058|0.005|0.127|0.115|0.03|0.155
202401|45|46110|28110000|2811000000|인천|서초구|역삼동|역삼1동|NH5733|래미안|10676|1|4|0.021|0.226|0.037|0.003|0.01|0.004|0.115|0.043|0.013|0.033|0.058|0.128|0.186|0.051|0.072
202401|42|46110|28110000|4511000000|경기|수원시|인계동|역삼1동|NH6225|자이|19118|1|2|0.026|0.019|0.052|0.039|0.083|0.032|0.01|0.277|0.079|0.046|0.107|0.112|0.018|0.025|0.075
202401|42|46110|11140000|4413000000|경기|서초구|인계동|역삼1동|NH7984|푸르지오|2716|2|2|0.081|0.001|0.089|0.048|0.075|0.081|0.044|0.054|0.33|0.01|0.027|0.016|0.068|0.004|0.072
202401|41|41130|44130000|2614000000|부산|서초구|인계동|서초1동|NH9269|자이|11443|2|4|0.115|0.021|0.062|0.004|0.284|0.114|0.033|0.042|0.075|0.016|0.013|0.07|0.044|0.074|0.034
202401|11|44130|26110000|2711000000|경기|서초구|서초동|서초1동|NH4733|힐스테이트|17994|1|2|0.005|0.019|0.101|0.122|0.021|0.055|0.067|0.021|0.101|0.123|0.072|0.048|0.144|0.008|0.094
202401|42|11170|41130000|4611000000|경기|강남구|서초동|역삼1동|NH4973|힐스테이트|3202|2|4|0.049|0.123|0.107|0.012|0.16|0.048|0.173|0.039|0.018|0.003|0.089|0.165|0.002|0.007|0.004
202401|46|28110|46110000|2611000000|부산|수원시|역삼동|서초1동|NH1614|자이|10358|1|6|0.116|0.134|0.034|0.236|0.045|0.031|0.112|0.066|0.026|0.023|0.115|0.009|0.024|0.016|0.013
202401|27|43110|47110000|4711000000|경기|서초구|서초동|서초1동|NH1548|푸르지오|15387|1|4|0.068|0.026|0.195|0.037|0.039|0.012|0.005|0.005|0.093|0.014|0.123|0.088|0.079|0.204|0.011
202401|43|45110|26110000|4115000000|경기|서초구|인계동|서초1동|NH7770|래미안|2045|2|6|0.031|0.009|0.104|0.048|0.058|0.133|0.079|0.161|0.076|0.181|0.019|0.032|0.017|0.042|0.01
202401|42|45110|11200000|2614000000|부산|성남시|서초동|역삼1동|NH8169|래미안|9261|2|3|0.096|0.053|0.066|0.058|0.058|0.006|0.021|0.005|0.04|0.027|0.229|0.058|0.271|0.004|0.011
202401|46|42110|41110000|4113000000|인천|성남시|서초동|서초1동|NH9751|자이|7050|1|3|0.096|0.025|0.085|0.139|0.113|0.0|0.029|0.021|0.049|0.003|0.15|0.108|0.022|0.011|0.15
202401|43|44130|26110000|1117000000|인천|성남시|역삼동|역삼1동|NH1191|자이|12074|2|6|0.017|0.13|0.015|0.014|0.154|0.129|0.125|0.016|0.018|0.012|0.119|0.034|0.065|0.071|0.082
202401|11|44130|43110000|4111000000|부산|강남구|서초동|서초1동|NH8921|자이|2927|2|4|0.159|0.121|0.067|0.03|0.023|0.118|0.081|0.141|0.03|0.013|0.058|0.051|0.037|0.004|0.065
202401|46|11200|44130000|4211000000|인천|서초구|인계동|역삼1동|NH8814|힐스테이트|16708|2|3|0.013|0.056|0.026|0.251|0.019|0.015|0.082|0.146|0.13|0.03|0.08|0.011|0.078|0.046|0.015
202401|46|43110|11140000|4115000000|부산|서초구|인계동|서초1동|NH3130|힐스테이트|10388|1|4|0.105|0.047|0.028|0.0|0.022|0.189|0.108|0.028|0.027|0.01|0.004|0.094|0.094|0.185|0.059
202401|26|27110|28110000|4115000000|부산|성남시|서초동|서초1동|NH4732|푸르지오|3817|1|3|0.005|0.017|0.013|0.119|0.042|0.204|0.129|0.096|0.025|0.017|0.019|0.04|0.238|0.028|0.007
202401|11|26110|46110000|2811000000|인천|강남구|인계동|서초1동|NH2193|힐스테이트|5939|2|5|0.001|0.057|0.114|0.006|0.043|0.08|0.17|0.027|0.235|0.088|0.055|0.004|0.055|0.011|0.053
202401|43|11200|28110000|2611000000|인천|수원시|역삼동|역삼1동|NH5895|래미안|9030|2|4|0.135|0.0|0.055|0.013|0.051|0.067|0.083|0.036|0.05|0.021|0.116|0.014|0.155|0.196|0.008
202401|26|45110|11140000|2611000000|부산|성남시|인계동|역삼1동|NH6259|래미안|6389|1|4|0.164|0.111|0.001|0.037|0.016|0.052|0.006|0.036|0.005|0.18|0.025|0.104|0.136|0.086|0.041
202401|46|44130|26110000|4111000000|서울|수원시|인계동|서초1동|NH1799|힐스테이트|18478|1|4|0.241|0.049|0.041|0.034|0.098|0.016|0.014|0.2|0.026|0.032|0.084|0.018|0.071|0.024|0.052
202401|42|26140|41150000|1120000000|부산|강남구|서초동|역삼1동|NH1569|힐스테이트|17235|1|2|0.205|0.092|0.011|0.001|0.015|0.052|0.034|0.144|0.031|0.195|0.007|0.036|0.07|0.042|0.065
202401|11|11170|26110000|4413000000|부산|수원시|서초동|서초1동|NH1872|래미안|14646|2|4|0.09|0.003|0.003|0.117|0.067|0.01|0.235|0.057|0.04|0.015|0.066|0.043|0.095|0.002|0.156
202401|41|11200|28110000|4611000000|인천|성남시|서초동|역삼1동|NH5628|래미안|12671|1|6|0.018|0.074|0.098|0.035|0.055|0.021|0.059|0.057|0.206|0.037|0.124|0.077|0.091|0.024|0.023
202401|46|11110|43110000|2711000000|부산|성남시|서초동|서초1동|NH9187|래미안|10330|x|3|0.06|0.047|0.002|0.001|0.012|0.153|0.076|0.094|0.039|0.317|0.072|0.01|0.027|0.087|0.003
202401|42|44130|26110000|1111000000|인천|서초구|서초동|서초1동|NH4678|푸르지오|5680|2|4|0.001|0.197|0.232|0.032|0.027|0.035|0.002|0.071|0.047|0.03|0.05|0.045|0.077|0.087|0.065
202401|11|41130|27110000|2611000000|서울|강남구|인계동|서초1동|NH5541|힐스테이트|3813|2|5|0.051|0.02|0.039|0.1|0.07|0.008|0.019|0.018|0.052|0.312|0.024|0.097|0.071|0.058|0.061
202401|43|11140|46110000|4113000000|경기|성남시|역삼동|서초1동|NH1425|래미안|4567|1|3|0.019|0.048|0.016|0.193|0.019|0.051|0.117|0.16|0.072|0.031|0.005|0.187|0.045|0.01|0.024
202401|41|42110|11200000|1117000000|서울|성남시|역삼동|서초1동|NH4909|자이|13413|1|4|0.064|0.024|0.148|0.166|0.002|0.022|0.074|0.012|0.024|0.049|0.038|0.005|0.26|0.052|0.059
202401|26|11200|26110000|4211000000|경기|서초구|인계동|역삼1동|NH2642|래미안|8886|2|4|0.079|0.017|0.004|0.054|0.053|0.064|0.05|0.12|0.054|0.046|0.092|0.067|0.042|0.12|0.139
202401|47|45110|28110000|1117000000|경기|서초구|인계동|역삼1동|NH9734|푸르지오|5766|2|5|0.049|0.061|0.042|0.042|0.076|0.008|0.206|0.021|0.008|0.006|0.086|0.358|0.001|0.007|0.03
202401|45|11110|11170000|1111000000|경기|강남구|인계동|역삼1동|NH6545|힐스테이트|18233|2|2|0.191|0.041|0.053|0.054|0.088|0.025|0.133|0.062|0.018|0.041|0.005|0.031|0.135|0.028|0.096
202401|46|43110|26140000|1117000000|경기|수원시|역삼동|서초1동|NH4031|래미안|9425|1|6|0.005|0.075|0.052|0.146|0.09|0.026|0.007|0.055|0.032|0.052|0.33|0.004|0.041|0.078|0.007
202401|44|41130|27110000|4115000000|경기|수원시|역삼동|역삼1동|NH7471|힐스테이트|19958|2|2|0.014|0.03|0.352|0.02|0.044|0.025|0.014|0.014|0.102|0.141|0.08|0.005|0.019|0.071|0.069
202401|45|28110|26140000|1111000000|경기|성남시|서초동|역삼1동|NH4188|푸르지오|16790|2|5|0.136|0.075|0.062|0.034|0.029|0.031|0.139|0.066|0.133|0.077|0.021|0.101|0.043|0.039|0.013
202401|46|26140|27110000|4115000000|부산|서초구|서초동|역삼1동|NH9093|래미안|14070|1|4|0.0|0.115|0.307|0.122|0.026|0.059|0.057|0.007|0.034|0.031|0.127|0.032|0.018|0.026|0.037
202401|45|41150|46110000|1117000000|부산|수원시|역삼동|역삼1동|NH5887|자이|17770|2|4|0.014|0.01|0.063|0.268|0.064|0.005|0.039|0.002|0.017|0.116|0.103|0.139|0.03|0.053|0.075
202401|26|46110|43110000|2811000000|부산|강남구|서초동|서초1동|NH4020|자이|18740|1|3|0.013|0.022|0.099|0.043|0.081|0.1|0.032|0.143|0.049|0.053|0.029|0.071|0.23|0.014|0.021
202401|41|26140|47110000|4611000000|경기|수원시|인계동|서초1동|NH1492|자이|14496|1|3|0.009|0.118|0.026|0.005|0.002|0.05|0.057|0.155|0.056|0.018|0.034|0.304|0.005|0.104|0.059
202401|44|46110|41150000|4115000000|서울|강남구|인계동|역삼1동|NH1855|힐스테이트|9430|1|6|0.02|0.005|0.055|0.067|0.077|0.071|0.009|0.053|0.038|0.078|0.231|0.004|0.07|0.217|0.005
202401|44|11170|44130000|4413000000|부산|수원시|서초동|서초1동|NH3391|자이|17071|1|5|0.064|0.031|0.067|0.102|0.014|0.048|0.074|0.046|0.139|0.192|0.043|0.026|0.071|0.028|0.055
202401|27|42110|43110000|4413000000|인천|수원시|역삼동|역삼1동|NH5484|래미안|9103|1|6|0.059|0.042|0.074|0.054|0.038|0.047|0.004|0.143|0.044|0.286|0.024|0.067|0.031|0.019|0.067
202401|43|41110|47110000|4111000000|부산|서초구|역삼동|역삼1동|NH8901|힐스테이트|11703|1|3|0.018|0.007|0.077|0.035|0.085|0.002|0.305|0.095|0.088|0.075|0.006|0.017|0.161|0.004|0.024
202401|41|26110|45110000|2711000000|부산|성남시|역삼동|역삼1동|NH7126|힐스테이트|19805|2|4|0.03|0.077|0.05|0.014|0.018|0.115|0.107|0.104|0.15|0.043|0.08|0.02|0.023|0.036|0.131
202401|42|28110|41130000|2711000000|경기|강남구|역삼동|역삼1동|NH9261|푸르지오|19125|1|5|0.015|0.065|0.045|0.13|0.0|0.005|0.088|0.021|0.12|0.002|0.024|0.046|0.156|0.164|0.118
202401|46|43110|41130000|4211000000|경기|강남구|역삼동|서초1동|NH9263|래미안|2029|1|2|0.01|0.146|0.042|0.046|0.129|0.002|0.058|0.08|0.18|0.0|0.091|0.021|0.099|0.034|0.061
202401|42|47110|47110000|1111000000|경기|강남구|서초동|서초1동|NH3776|자이|6859|1|6|0.008|0.031|0.099|0.075|0.042|0.103|0.039|0.082|0.024|0.074|0.029|0.093|0.137|0.107|0.058
202401|27|41110|41150000|2614000000|서울|서초구|인계동|서초1동|NH4271|래미안|15161|1|3|0.088|0.008|0.069|0.002|0.096|0.082|0.056|0.095|0.033|0.08|0.033|0.005|0.083|0.194|0.076
202401|45|11200|27110000|4311000000|경기|서초구|역삼동|역삼1동|NH3602|자이|4842|x|6|0.141|0.051|0.263|0.052|0.031|0.042|0.045|0.005|0.172|0.039|0.049|0.032|0.005|0.031|0.041
202401|43|11200|11200000|4211000000|서울|성남시|서초동|역삼1동|NH3583|자이|7130|1|6|0.09|0.064|0.061|0.025|0.09|0.09|0.185|0.004|0.099|0.017|0.037|0.157|0.046|0.001|0.035
202401|47|41110|11170000|2711000000|인천|서초구|인계동|서초1동|NH3059|푸르지오|3424|1|3|0.005|0.025|0.373|0.04|0.168|0.064|0.008|0.004|0.017|0.088|0.014|0.027|0.014|0.045|0.109
202401|26|42110|11110000|2611000000|경기|강남구|인계동|역삼1동|NH4701|힐스테이트|19997|2|4|0.061|0.137|0.03|0.004|0.048|0.245|0.033|0.115|0.038|0.004|0.006|0.172|0.017|0.017|0.072
202401|43|28110|41110000|4711000000|부산|수원시|역삼동|서초1동|NH9424|힐스테이트|15071|2|4|0.027|0.097|0.108|0.132|0.015|0.008|0.006|0.144|0.139|0.143|0.044|0.037|0.037|0.033|0.029
202401|42|41130|43110000|4611000000|서울|수원시|역삼동|역삼1동|NH5193|자이|4302|x|4|0.045|0.213|0.139|0.001|0.1|0.058|0.209|0.05|0.032|0.035|0.013|0.013|0.039|0.042|0.009
202401|11|26110|41110000|2611000000|경기|강남구|역삼동|서초1동|NH4967|래미안|16174|x|5|0.014|0.208|0.088|0.014|0.017|0.103|0.032|0.086|0.065|0.144|0.023|0.032|0.065|0.085|0.024
202401|11|47110|45110000|2811000000|부산|강남구|역삼동|서초1동|NH1079|자이|15327|1|5|0.0|0.083|0.0|0.017|0.028|0.151|0.083|0.058|0.056|0.242|0.078|0.043|0.058|0.036|0.065
202401|46|41150|41110000|4211000000|서울|성남시|역삼동|역삼1동|NH5914|힐스테이트|7312|1|4|0.122|0.03|0.131|0.098|0.081|0.013|0.083|0.005|0.14|0.052|0.031|0.028|0.025|0.023|0.138
202401|45|41110|11200000|2811000000|서울|수원시|인계동|서초1동|NH9757|푸르지오|16164|1|2|0.118|0.023|0.166|0.0|0.092|0.027|0.044|0.002|0.011|0.096|0.039|0.088|0.101|0.069|0.126
202401|26|11170|11170000|4115000000|부산|강남구|서초동|서초1동|NH9227|힐스테이트|8519|1|4|0.031|0.011|0.064|0.174|0.163|0.243|0.007|0.021|0.011|0.045|0.026|0.006|0.016|0.067|0.116
202401|44|41150|47110000|1120000000|경기|서초구|서초동|서초1동|NH8004|자이|5126|2|3|0.062|0.005|0.063|0.003|0.061|0.053|0.04|0.235|0.013|0.081|0.041|0.038|0.001|0.221|0.085
202401|26|42110|46110000|4111000000|인천|성남시|인계동|역삼1동|NH8624|래미안|11287|1|3|0.085|0.288|0.034|0.127|0.046|0.0|0.009|0.012|0.106|0.034|0.048|0.041|0.151|0.016|0.002
202401|47|11140|45110000|1117000000|서울|수원시|역삼동|역삼1동|NH9701|푸르지오|7802|1|3|0.006|0.12|0.015|0.034|0.001|0.134|0.09|0.022|0.136|0.166|0.044|0.101|0.001|0.004|0.124
202401|45|41130|42110000|4711000000|경기|성남시|역삼동|서초1동|NH4185|래미안|15618|2|4|0.06|0.032|0.082|0.035|0.115|0.126|0.061|0.069|0.163|0.022|0.002|0.006|0.069|0.11|0.047
202401|41|41150|11110000|2811000000|서울|서초구|인계동|서초1동|NH5537|힐스테이트|2597|1|6|0.069|0.068|0.018|0.024|0.028|0.053|0.087|0.253|0.087|0.192|0.003|0.033|0.016|0.007|0.062
202401|26|26140|44130000|1117000000|부산|강남구|인계동|역삼1동|NH8859|래미안|2392|2|4|0.028|0.096|0.113|0.028|0.026|0.014|0.042|0.0|0.035|0.189|0.094|0.007|0.113|0.037|0.178
202401|27|44130|47110000|2811000000|서울|성남시|역삼동|서초1동|NH9213|래미안|7628|2|3|0.024|0.136|0.069|0.003|0.042|0.071|0.16|0.002|0.032|0.02|0.02|0.177|0.138|0.026|0.079
202401|11|46110|27110000|2611000000|경기|서초구|역삼동|서초1동|NH9488|푸르지오|18831|2|6|0.004|0.096|0.101|0.084|0.278|0.079|0.013|0.008|0.01|0.024|0.101|0.096|0.043|0.059|0.003
202401|41|41110|46110000|4115000000|경기|성남시|역삼동|역삼1동|NH5821|래미안|8961|x|4|0.026|0.086|0.003|0.21|0.109|0.229|0.015|0.082|0.001|0.036|0.093|0.078|0.018|0.007|0.007
202401|11|41110|41130000|1114000000|부산|성남시|서초동|역삼1동|NH2398|푸르지오|7426|x|4|0.033|0.018|0.037|0.124|0.125|0.071|0.12|0.044|0.028|0.005|0.059|0.072|0.02|0.233|0.012
202401|45|11140|43110000|4311000000|부산|성남시|인계동|역삼1동|NH5114|힐스테이트|11343|2|6|0.119|0.001|0.001|0.051|0.11|0.086|0.056|0.039|0.122|0.123|0.209|0.035|0.0|0.003|0.045
202401|47|43110|11140000|4111000000|인천|성남시|서초동|역삼1동|NH3555|래미안|5923|2|4|0.046|0.019|0.066|0.01|0.02|0.101|0.19|0.026|0.159|0.007|0.011|0.198|0.115|0.033|0.0
202401|41|26140|11200000|4113000000|인천|서초구|서초동|서초1동|NH5750|힐스테이트|6076|1|5|0.008|0.046|0.006|0.074|0.107|0.028|0.044|0.087|0.09|0.017|0.104|0.019|0.206|0.13|0.034
202401|42|46110|11200000|2614000000|인천|성남시|역삼동|역삼1동|NH9385|래미안|17442|2|2|0.107|0.083|0.021|0.051|0.051|0.022|0.144|0.005|0.195|0.026|0.012|0.082|0.037|0.111|0.052
202401|11|11170|28110000|4113000000|인천|서초구|인계동|서초1동|NH3938|래미안|16865|1|2|0.126|0.05|0.011|0.006|0.037|0.001|0.099|0.008|0.249|0.002|0.05|0.319|0.005|0.017|0.02
202401|44|46110|26140000|1117000000|인천|강남구|서초동|서초1동|NH8718|푸르지오|18088|1|4|0.185|0.077|0.049|0.016|0.063|0.122|0.029|0.137|0.019|0.05|0.035|0.064|0.116|0.024|0.015
202401|47|11110|26140000|4711000000|경기|서초구|인계동|서초1동|NH3087|래미안|17597|2|5|0.047|0.061|0.005|0.028|0.01|0.132|0.051|0.022|0.017|0.02|0.168|0.015|0.176|0.183|0.066
202401|27|26110|26140000|4115000000|인천|성남시|역삼동|서초1동|NH6111|힐스테이트|3154|1|4|0.002|0.017|0.019|0.036|0.059|0.267|0.124|0.064|0.135|0.013|0.018|0.017|0.009|0.17|0.049
202401|46|11140|47110000|4511000000|인천|수원시|역삼동|역삼1동|NH4454|자이|16364|1|3|0.156|0.021|0.076|0.089|0.105|0.042|0.128|0.01|0.08|0.003|0.094|0.036|0.143|0.007|0.008
202401|46|28110|41150000|1117000000|인천|강남구|인계동|서초1동|NH3617|힐스테이트|12888|2|2|0.015|0.047|0.069|0.061|0.156|0.009|0.023|0.053|0.004|0.001|0.032|0.469|0.031|0.01|0.021
202401|26|26140|28110000|4311000000|부산|강남구|역삼동|서초1동|NH7998|래미안|4100|x|4|0.068|0.06|0.101|0.084|0.133|0.145|0.069|0.003|0.025|0.011|0.012|0.035|0.169|0.073|0.015
202401|41|42110|11110000|4611000000|인천|서초구|인계동|서초1동|NH5140|힐스테이트|10291|1|5|0.005|0.003|0.042|0.088|0.062|0.052|0.155|0.132|0.015|0.067|0.086|0.044|0.219|0.012|0.016
202401|27|11110|27110000|2614000000|서울|성남시|역삼동|역삼1동|NH3697|자이|11056|2|4|0.049|0.151|0.029|0.01|0.099|0.009|0.088|0.037|0.007|0.034|0.141|0.001|0.017|0.177|0.152
202401|43|45110|26140000|4115000000|부산|서초구|인계동|역삼1동|NH8249|힐스테이트|7381|2|5|0.035|0.026|0.211|0.031|0.07|0.066|0.002|0.029|0.012|0.25|0.09|0.05|0.062|0.065|0.001
202401|43|11170|26140000|1114000000|서울|수원시|인계동|역삼1동|NH1825|푸르지오|9326|2|6|0.122|0.026|0.037|0.078|0.009|0.141|0.008|0.03|0.111|0.06|0.1|0.059|0.008|0.009|0.202
202401|46|41130|47110000|1120000000|서울|강남구|인계동|역삼1동|NH3202|힐스테이트|12887|2|4|0.056|0.073|0.182|0.065|0.028|0.007|0.056|0.041|0.068|0.068|0.084|0.079|0.113|0.076|0.004
202401|47|26140|41110000|1117000000|인천|서초구|서초동|역삼1동|NH5161|자이|11000|1|5|0.008|0.147|0.008|0.059|0.06|0.057|0.04|0.036|0.022|0.005|0.038|0.284|0.082|0.004|0.149
202401|41|41150|41150000|4113000000|경기|서초구|역삼동|서초1동|NH7155|래미안|9305|1|4|0.024|0.048|0.036|0.017|0.087|0.037|0.038|0.021|0.252|0.099|0.032|0.003|0.003|0.229|0.075
202401|47|11170|42110000|4611000000|서울|강남구|인계동|서초1동|NH9803|푸르지오|17701|1|5|0.059|0.079|0.132|0.059|0.07|0.006|0.028|0.068|0.024|0.046|0.071|0.021|0.123|0.17|0.046
202401|46|46110|26140000|4611000000|인천|서초구|인계동|서초1동|NH7769|자이|13733|1|3|0.267|0.037|0.111|0.047|0.079|0.01|0.016|0.007|0.065|0.031|0.101|0.011|0.042|0.148|0.028
202401|45|26110|11170000|1114000000|인천|서초구|역삼동|역삼1동|NH4597|힐스테이트|2853|2|2|0.022|0.018|0.179|0.218|0.053|0.166|0.048|0.008|0.055|0.085|0.097|0.007|0.016|0.011|0.018
202401|43|41150|45110000|4115000000|경기|강남구|서초동|역삼1동|NH3038|힐스테이트|10046|1|4|0.009|0.057|0.069|0.121|0.014|0.085|0.08|0.048|0.0|0.052|0.083|0.101|0.051|0.115|0.115
202401|43|44130|46110000|4711000000|서울|강남구|인계동|역삼1동|NH7577|자이|11805|2|3|0.01|0.2|0.008|0.04|0.011|0.132|0.045|0.013|0.064|0.023|0.097|0.216|0.095|0.012|0.035
202401|11|41150|45110000|4413000000|경기|서초구|역삼동|서초1동|NH1653|힐스테이트|18556|1|6|0.211|0.031|0.004|0.005|0.142|0.024|0.015|0.025|0.046|0.025|0.264|0.043|0.053|0.016|0.097
202401|26|11170|42110000|4711000000|부산|수원시|역삼동|역삼1동|NH3605|푸르지오|17424|2|5|0.081|0.008|0.038|0.114|0.131|0.03|0.088|0.05|0.0|0.007|0.056|0.124|0.152|0.005|0.116
202401|43|42110|44130000|4511000000|부산|성남시|역삼동|서초1동|NH2496|자이|5612|2|3|0.021|0.044|0.059|0.023|0.013|0.076|0.056|0.413|0.069|0.001|0.022|0.004|0.168|0.021|0.011
202401|11|41130|41110000|2711000000|경기|성남시|서초동|서초1동|NH8366|래미안|4254|2|2|0.024|0.081|0.05|0.13|0.111|0.07|0.074|0.004|0.018|0.134|0.084|0.003|0.199|0.009|0.011
202401|26|27110|41150000|2711000000|부산|서초구|역삼동|역삼1동|NH2619|힐스테이트|10634|1|4|0.044|0.062|0.218|0.042|0.03|0.019|0.026|0.139|0.027|0.081|0.056|0.047|0.015|0.106|0.088
202401|11|11140|41150000|4511000000|경기|성남시|인계동|서초1동|NH9627|힐스테이트|4275|1|3|0.026|0.121|0.045|0.217|0.105|0.006|0.089|0.039|0.102|0.014|0.006|0.152|0.003|0.043|0.03
202401|46|41130|43110000|4211000000|부산|성남시|서초동|서초1동|NH4790|자이|7805|2|6|0.088|0.022|0.005|0.06|0.072|0.004|0.01|0.186|0.276|0.04|0.05|0.063|0.006|0.033|0.086
202401|44|45110|47110000|1114000000|부산|성남시|인계동|서초1동|NH9138|힐스테이트|15706|1|6|0.098|0.024|0.021|0.039|0.095|0.069|0.009|0.069|0.007|0.024|0.247|0.129|0.11|0.011|0.049
202401|42|26110|11170000|4111000000|인천|성남시|인계동|역삼1동|NH1186|래미안|18744|2|6|0.053|0.112|0.035|0.093|0.02|0.009|0.095|0.01|0.142|0.03|0.107|0.002|0.014|0.041|0.236
202401|26|11140|41150000|1117000000|부산|성남시|인계동|서초1동|NH8175|힐스테이트|7053|1|3|0.053|0.152|0.153|0.051|0.055|0.044|0.009|0.111|0.028|0.005|0.052|0.029|0.154|0.015|0.089
202401|44|42110|41150000|4711000000|경기|강남구|인계동|서초1동|NH1750|래미안|16846|1|3|0.077|0.065|0.047|0.116|0.118|0.181|0.019|0.011|0.0|0.068|0.125|0.004|0.167|0.001|0.0
202401|26|41110|41130000|4211000000|부산|강남구|인계동|서초1동|NH2184|래미안|15973|1|2|0.027|0.028|0.033|0.033|0.05|0.091|0.013|0.069|0.049|0.005|0.015|0.111|0.064|0.38|0.032
202401|11|27110|11200000|4311000000|서울|강남구|서초동|역삼1동|NH1419|힐스테이트|4021|2|5|0.095|0.167|0.005|0.071|0.138|0.014|0.109|0.009|0.112|0.192|0.021|0.035|0.014|0.013|0.004
202401|11|44130|41150000|4413000000|인천|강남구|인계동|역삼1동|NH1484|푸르지오|7319|2|5|0.075|0.007|0.012|0.065|0.097|0.014|0.025|0.027|0.01|0.008|0.052|0.154|0.307|0.075|0.072
202401|46|41150|26140000|4711000000|서울|수원시|서초동|역삼1동|NH2240|자이|4792|1|3|0.01|0.028|0.032|0.062|0.125|0.207|0.177|0.005|0.18|0.029|0.06|0.055|0.004|0.004|0.021
202401|11|46110|41130000|4711000000|서울|성남시|서초동|역삼1동|NH2797|힐스테이트|5780|1|4|0.062|0.192|0.098|0.157|0.006|0.041|0.016|0.103|0.033|0.131|0.044|0.04|0.026|0.047|0.003
202401|11|26110|27110000|2614000000|부산|수원시|인계동|서초1동|NH2197|힐스테이트|18763|1|3|0.063|0.051|0.076|0.063|0.086|0.006|0.012|0.001|0.088|0.169|0.038|0.069|0.119|0.016|0.143
202401|41|11110|28110000|4113000000|경기|수원시|역삼동|서초1동|NH4322|푸르지오|7374|1|6|0.206|0.014|0.058|0.025|0.087|0.097|0.038|0.067|0.009|0.086|0.018|0.174|0.048|0.065|0.008
202401|47|11110|42110000|4511000000|서울|성남시|인계동|역삼1동|NH1322|힐스테이트|8089|2|2|0.022|0.001|0.066|0.0|0.001|0.087|0.226|0.032|0.014|0.014|0.101|0.208|0.056|0.129|0.043
202401|44|41130|41150000|4511000000|부산|강남구|역삼동|역삼1동|NH9223|힐스테이트|14824|1|6|0.046|0.061|0.065|0.09|0.006|0.034|0.024|0.05|0.009|0.123|0.002|0.251|0.049|0.006|0.184
202401|42|11110|26110000|4711000000|인천|성남시|서초동|역삼1동|NH2444|자이|12988|2|6|0.04|0.108|0.022|0.049|0.053|0.002|0.036|0.073|0.01|0.194|0.202|0.043|0.078|0.034|0.056
202401|26|28110|41110000|2811000000|인천|강남구|인계동|역삼1동|NH8898|힐스테이트|17218|2|5|0.003|0.02|0.007|0.015|0.037|0.272|0.034|0.173|0.014|0.062|0.096|0.1|0.046|0.057|0.066
202401|45|28110|11110000|1117000000|서울|강남구|역삼동|역삼1동|NH9518|힐스테이트|10348|2|2|0.084|0.005|0.032|0.016|0.049|0.031|0.022|0.178|0.112|0.233|0.097|0.063|0.041|0.029|0.009
202401|45|43110|41150000|4211000000|서울|서초구|서초동|서초1동|NH7351|자이|16632|2|3|0.063|0.073|0.134|0.072|0.061|0.001|0.161|0.107|0.151|0.021|0.031|0.037|0.037|0.028|0.023
202401|45|41110|46110000|4311000000|인천|강남구|역삼동|서초1동|NH1184|래미안|16305|2|5|0.116|0.03|0.106|0.092|0.165|0.009|0.006|0.034|0.036|0.009|0.012|0.128|0.013|0.019|0.227
202401|41|47110|26110000|4311000000|부산|성남시|역삼동|서초1동|NH8093|푸르지오|5282|2|6|0.11|0.055|0.013|0.009|0.063|0.071|0.017|0.103|0.082|0.01|0.115|0.001|0.083|0.26|0.009
202401|47|28110|26140000|4115000000|경기|수원시|역삼동|역삼1동|NH4184|래미안|19593|2|5|0.012|0.234|0.098|0.076|0.028|0.012|0.039|0.067|0.055|0.041|0.122|0.171|0.016|0.007|0.021
202401|46|26110|41150000|4311000000|경기|강남구|서초동|서초1동|NH1434|푸르지오|13014|2|4|0.038|0.03|0.028|0.146|0.266|0.124|0.004|0.034|0.005|0.046|0.01|0.122|0.077|0.03|0.04
202401|46|11110|11170000|2711000000|서울|강남구|인계동|역삼1동|NH5740|푸르지오|19640|2|4|0.056|0.053|0.061|0.077|0.066|0.134|0.04|0.04|0.092|0.029|0.203|0.099|0.018|0.01|0.022
202401|46|26110|11140000|2614000000|경기|서초구|인계동|서초1동|NH8236|래미안|4902|1|3|0.038|0.028|0.02|0.147|0.076|0.063|0.009|0.051|0.335|0.052|0.079|0.008|0.041|0.005|0.05
202401|41|44130|27110000|4511000000|서울|성남시|역삼동|서초1동|NH3452|푸르지오|5540|2|5|0.008|0.017|0.016|0.025|0.064|0.12|0.116|0.0|0.039|0.114|0.143|0.134|0.162|0.006|0.036
202401|11|42110|11200000|4115000000|인천|수원시|서초동|서초1동|NH9851|자이|4265|2|6|0.057|0.046|0.068|0.011|0.002|0.033|0.183|0.089|0.075|0.247|0.005|0.026|0.04|0.001|0.116
202401|45|46110|41130000|4413000000|부산|서초구|역삼동|역삼1동|NH7081|푸르지오|13632|2|4|0.026|0.05|0.039|0.117|0.072|0.05|0.058|0.011|0.138|0.019|0.145|0.118|0.009|0.023|0.123
202401|11|47110|11200000|4211000000|경기|강남구|서초동|서초1동|NH3333|푸르지오|9757|x|5|0.079|0.069|0.086|0.105|0.138|0.005|0.027|0.147|0.041|0.022|0.094|0.106|0.002|0.044|0.035
202401|43|11140|43110000|4211000000|인천|강남구|서초동|서초1동|NH6924|자이|2046|2|6|0.007|0.023|0.059|0.004|0.407|0.063|0.014|0.076|0.04|0.006|0.157|0.068|0.009|0.004|0.065
202401|11|47110|11110000|4113000000|인천|강남구|서초동|서초1동|NH5061|자이|6813|1|5|0.011|0.096|0.046|0.081|0.065|0.053|0.055|0.083|0.21|0.009|0.031|0.155|0.016|0.068|0.022
202401|27|41150|44130000|4113000000|부산|강남구|역삼동|서초1동|NH5084|푸르지오|15110|1|4|0.139|0.003|0.027|0.04|0.249|0.002|0.075|0.083|0.008|0.145|0.055|0.008|0.013|0.015|0.137
202401|46|28110|41150000|2614000000|인천|서초구|서초동|서초1동|NH5567|자이|18398|1|5|0.039|0.074|0.028|0.172|0.086|0.048|0.027|0.013|0.049|0.165|0.037|0.023|0.122|0.029|0.089
202401|47|11140|43110000|1114000000|부산|서초구|인계동|역삼1동|NH6393|힐스테이트|10671|1|6|0.061|0.025|0.189|0.032|0.02|0.065|0.103|0.092|0.099|0.038|0.001|0.086|0.017|0.002|0.169
202401|45|28110|41110000|2614000000|경기|성남시|서초동|서초1동|NH4281|힐스테이트|18225|1|5|0.058|0.034|0.012|0.324|0.015|0.067|0.104|0.066|0.082|0.013|0.078|0.012|0.038|0.03|0.067
202401|11|46110|41130000|4311000000|서울|강남구|역삼동|서초1동|NH4080|자이|12599|1|5|0.077|0.049|0.057|0.057|0.04|0.104|0.038|0.051|0.146|0.074|0.067|0.008|0.121|0.008|0.105
202401|46|26110|11110000|4511000000|서울|강남구|인계동|역삼1동|NH7659|래미안|19716|x|4|0.037|0.092|0.053|0.483|0.027|0.01|0.101|0.009|0.009|0.004|0.032|0.103|0.001|0.028|0.012
202401|42|26140|11140000|4511000000|경기|성남시|인계동|역삼1동|NH4002|푸르지오|5689|2|4|0.116|0.074|0.074|0.042|0.06|0.039|0.134|0.031|0.122|0.067|0.005|0.032|0.093|0.029|0.083
202401|27|27110|44130000|4111000000|인천|강남구|서초동|역삼1동|NH4196|푸르지오|13460|2|6|0.261|0.027|0.006|0.036|0.013|0.043|0.003|0.043|0.13|0.091|0.161|0.011|0.014|0.019|0.144
202401|43|43110|11200000|1120000000|경기|수원시|서초동|서초1동|NH4970|푸르지오|14386|x|4|0.27|0.058|0.081|0.018|0.133|0.04|0.009|0.142|0.079|0.038|0.024|0.016|0.032|0.043|0.02
202401|27|41150|11170000|2711000000|부산|수원시|인계동|역삼1동|NH1723|힐스테이트|16148|2|5|0.03|0.089|0.087|0.035|0.24|0.02|0.037|0.081|0.102|0.001|0.03|0.027|0.149|0.031|0.042
202401|11|27110|47110000|2811000000|경기|성남시|인계동|서초1동|NH6548|래미안|12659|x|3|0.1|0.006|0.229|0.068|0.251|0.011|0.001|0.034|0.04|0.016|0.058|0.007|0.042|0.04|0.095
202401|46|11170|28110000|2611000000|경기|수원시|서초동|역삼1동|NH5016|자이|13533|1|4|0.033|0.005|0.259|0.018|0.033|0.019|0.098|0.076|0.082|0.003|0.245|0.067|0.017|0.026|0.019
202401|41|26110|26110000|4115000000|인천|수원시|역삼동|서초1동|NH6288|푸르지오|15001|2|5|0.007|0.028|0.024|0.111|0.008|0.037|0.007|0.074|0.0|0.157|0.119|0.136|0.169|0.055|0.068
202401|26|11110|43110000|4511000000|경기|강남구|역삼동|서초1동|NH3067|자이|7888|2|4|0.319|0.018|0.041|0.155|0.12|0.026|0.013|0.009|0.001|0.059|0.028|0.058|0.001|0.018|0.135
202401|26|41110|47110000|4711000000|인천|강남구|인계동|서초1동|NH6144|푸르지오|18471|2|5|0.02|0.076|0.012|0.077|0.019|0.118|0.035|0.092|0.077|0.049|0.025|0.117|0.001|0.01|0.271
202401|27|11200|47110000|4311000000|경기|서초구|서초동|서초1동|NH4218|자이|17498|2|2|0.029|0.214|0.133|0.068|0.05|0.001|0.116|0.138|0.07|0.102|0.013|0.02|0.014|0.002|0.03
202401|47|41130|44130000|1117000000|인천|강남구|인계동|역삼1동|NH1450|자이|11227|2|5|0.186|0.092|0.143|0.04|0.076|0.017|0.031|0.028|0.082|0.145|0.009|0.047|0.001|0.066|0.035
202401|43|41150|11170000|2614000000|경기|수원시|서초동|서초1동|NH9156|자이|4989|2|6|0.1|0.075|0.046|0.268|0.004|0.002|0.007|0.045|0.211|0.082|0.011|0.093|0.006|0.029|0.021
202401|45|45110|41110000|4511000000|부산|수원시|역삼동|역삼1동|NH2996|힐스테이트|19391|1|4|0.089|0.013|0.156|0.062|0.204|0.007|0.046|0.174|0.022|0.093|0.036|0.074|0.014|0.009|0.001
202401|46|11140|41130000|4611000000|경기|강남구|서초동|서초1동|NH2629|힐스테이트|11345|2|3|0.003|0.026|0.032|0.019|0.043|0.118|0.051|0.034|0.034|0.214|0.052|0.019|0.165|0.056|0.134
202401|46|11140|26140000|4111000000|인천|강남구|역삼동|역삼1동|NH1890|푸르지오|4813|x|4|0.028|0.092|0.074|0.091|0.112|0.047|0.104|0.04|0.128|0.057|0.029|0.047|0.012|0.088|0.051
202401|42|46110|44130000|1114000000|부산|강남구|역삼동|서초1동|NH4073|래미안|16809|1|4|0.253|0.108|0.039|0.081|0.047|0.004|0.03|0.034|0.036|0.057|0.045|0.025|0.089|0.062|0.09
202401|41|45110|26110000|4111000000|경기|성남시|역삼동|서초1동|NH1491|자이|2775|2|3|0.356|0.02|0.084|0.179|0.01|0.025|0.012|0.003|0.097|0.077|0.006|0.009|0.007|0.088|0.028
202401|42|11110|47110000|1111000000|경기|성남시|역삼동|역삼1동|NH3619|푸르지오|11172|1|3|0.049|0.146|0.177|0.01|0.012|0.036|0.156|0.0|0.092|0.094|0.085|0.08|0.02|0.01|0.033
202401|45|26140|26140000|4111000000|서울|강남구|인계동|서초1동|NH9436|푸르지오|17099|1|6|0.001|0.047|0.138|0.006|0.061|0.062|0.022|0.004|0.114|0.097|0.022|0.031|0.03|0.217|0.146
202401|44|44130|45110000|1120000000|인천|성남시|역삼동|서초1동|NH3534|래미안|14722|2|4|0.03|0.047|0.096|0.069|0.105|0.067|0.006|0.008|0.058|0.038|0.329|0.034|0.008|0.038|0.067
202401|47|41150|42110000|4511000000|서울|수원시|서초동|서초1동|NH7987|래미안|4054|2|3|0.15|0.018|0.279|0.032|0.034|0.096|0.006|0.02|0.149|0.001|0.031|0.037|0.126|0.005|0.017
202401|26|11140|26140000|4111000000|부산|성남시|서초동|역삼1동|NH8583|래미안|14799|1|3|0.053|0.122|0.008|0.006|0.089|0.042|0.0|0.106|0.012|0.186|0.072|0.092|0.024|0.078|0.109
202401|46|42110|44130000|1111000000|인천|성남시|역삼동|역삼1동|NH5825|자이|17339|1|5|0.067|0.039|0.052|0.105|0.046|0.006|0.104|0.005|0.105|0.029|0.079|0.211|0.017|0.065|0.07
202401|11|44130|11200000|4211000000|인천|서초구|서초동|역삼1동|NH9116|자이|19486|x|4|0.019|0.054|0.06|0.04|0.213|0.038|0.027|0.115|0.295|0.023|0.043|0.028|0.0|0.014|0.033
202401|27|11140|44130000|2811000000|인천|수원시|서초동|역삼1동|NH8930|자이|15011|1|6|0.054|0.007|0.131|0.022|0.083|0.106|0.014|0.093|0.061|0.024|0.051|0.035|0.004|0.087|0.226
202401|44|46110|43110000|4711000000|부산|서초구|역삼동|서초1동|NH4433|래미안|4974|1|2|0.014|0.133|0.093|0.049|0.02|0.136|0.103|0.037|0.026|0.021|0.031|0.165|0.151|0.015|0.006
202401|46|46110|11170000|1117000000|경기|서초구|역삼동|서초1동|NH6183|힐스테이트|8349|1|5|0.009|0.007|0.152|0.093|0.032|0.001|0.02|0.001|0.036|0.051|0.184|0.021|0.092|0.26|0.041
202401|11|26140|28110000|1114000000|경기|강남구|인계동|역삼1동|NH9814|푸르지오|17854|1|2|0.173|0.004|0.02|0.12|0.034|0.186|0.014|0.051|0.048|0.059|0.084|0.111|0.091|0.001|0.003
202401|43|26140|47110000|2611000000|경기|수원시|역삼동|서초1동|NH6972|자이|3435|1|3|0.078|0.211|0.103|0.009|0.105|0.136|0.04|0.004|0.017|0.001|0.05|0.088|0.033|0.103|0.02
202401|27|11170|43110000|1111000000|경기|서초구|역삼동|역삼1동|NH1131|자이|13091|2|4|0.005|0.164|0.009|0.065|0.094|0.009|0.07|0.098|0.071|0.009|0.278|0.01|0.09|0.027|0.0
202401|45|45110|27110000|2611000000|서울|강남구|인계동|역삼1동|NH5173|자이|6675|1|6|0.055|0.142|0.062|0.046|0.1|0.094|0.058|0.002|0.113|0.049|0.018|0.001|0.001|0.159|0.099
202401|26|41130|44130000|4711000000|경기|강남구|역삼동|역삼1동|NH9894|힐스테이트|15783|2|4|0.015|0.082|0.12|0.145|0.053|0.025|0.048|0.153|0.015|0.038|0.064|0.047|0.161|0.02|0.015
202401|44|41130|11110000|4311000000|인천|수원시|서초동|역삼1동|NH9705|래미안|2069|1|5|0.076|0.126|0.013|0.164|0.003|0.003|0.04|0.045|0.204|0.008|0.025|0.078|0.065|0.113|0.037
202401|27|11170|26140000|2811000000|인천|서초구|인계동|서초1동|NH4555|힐스테이트|5480|2|6|0.026|0.296|0.119|0.009|0.025|0.049|0.031|0.004|0.047|0.142|0.069|0.016|0.051|0.064|0.051
202401|26|41110|11170000|4115000000|부산|성남시|인계동|서초1동|NH4703|래미안|10494|x|4|0.043|0.007|0.115|0.016|0.105|0.024|0.069|0.014|0.007|0.271|0.072|0.004|0.003|0.24|0.011
202401|26|41110|41130000|2811000000|경기|성남시|서초동|역삼1동|NH1534|힐스테이트|6806|1|4|0.031|0.022|0.124|0.013|0.094|0.125|0.002|0.001|0.072|0.013|0.033|0.231|0.03|0.044|0.165
202401|46|41150|26140000|2611000000|서울|서초구|인계동|서초1동|NH4599|래미안|13176|2|5|0.007|0.208|0.022|0.004|0.007|0.062|0.132|0.088|0.007|0.066|0.018|0.042|0.006|0.119|0.213
202401|47|43110|43110000|1117000000|경기|성남시|인계동|역삼1동|NH3054|푸르지오|6093|1|5|0.095|0.126|0.095|0.024|0.138|0.116|0.087|0.031|0.035|0.037|0.071|0.064|0.018|0.055|0.008
202401|11|27110|47110000|2711000000|인천|강남구|역삼동|역삼1동|NH7840|래미안|7653|2|6|0.008|0.285|0.065|0.034|0.088|0.018|0.03|0.017|0.008|0.048|0.184|0.138|0.007|0.042|0.029
202401|47|46110|26140000|2811000000|부산|강남구|인계동|서초1동|NH8672|푸르지오|10837|2|3|0.113|0.041|0.029|0.02|0.104|0.065|0.296|0.048|0.094|0.057|0.026|0.002|0.02|0.059|0.025
202401|26|42110|41150000|4413000000|서울|수원시|역삼동|서초1동|NH3338|힐스테이트|8029|x|2|0.073|0.039|0.047|0.245|0.003|0.156|0.091|0.019|0.069|0.012|0.12|0.002|0.08|0.034|0.01
202401|11|47110|42110000|2614000000|서울|수원시|서초동|역삼1동|NH4940|래미안|3896|1|6|0.043|0.084|0.239|0.003|0.03|0.011|0.115|0.022|0.089|0.075|0.005|0.032|0.006|0.107|0.14
202401|47|11170|11110000|2711000000|부산|서초구|역삼동|서초1동|NH6191|래미안|16977|1|5|0.144|0.091|0.061|0.099|0.036|0.007|0.023|0.015|0.276|0.04|0.045|0.108|0.013|0.016|0.028
202401|44|11110|11170000|2611000000|부산|강남구|서초동|역삼1동|NH7526|래미안|18192|2|3|0.031|0.129|0.034|0.037|0.042|0.044|0.063|0.039|0.119|0.11|0.021|0.069|0.022|0.177|0.063
202401|42|44130|45110000|4115000000|부산|수원시|서초동|서초1동|NH4820|푸르지오|17283|x|3|0.141|0.027|0.258|0.008|0.111|0.047|0.015|0.06|0.013|0.009|0.124|0.041|0.049|0.061|0.035
202401|43|41150|41150000|4211000000|서울|수원시|서초동|역삼1동|NH4801|자이|3832|1|4|0.044|0.046|0.081|0.042|0.022|0.073|0.066|0.039|0.017|0.062|0.044|0.028|0.101|0.283|0.051
202401|44|41110|47110000|4611000000|인천|서초구|서초동|서초1동|NH8029|힐스테이트|10877|2|3|0.042|0.311|0.039|0.004|0.021|0.026|0.136|0.116|0.065|0.143|0.057|0.002|0.002|0.001|0.034
202401|11|11200|43110000|2711000000|경기|서초구|인계동|서초1동|NH1010|자이|6845|2|6|0.105|0.069|0.107|0.069|0.018|0.075|0.1|0.063|0.022|0.138|0.029|0.124|0.032|0.017|0.033
202401|46|41150|43110000|4413000000|경기|성남시|서초동|역삼1동|NH4393|힐스테이트|2910|1|6|0.037|0.056|0.175|0.034|0.067|0.129|0.056|0.2|0.032|0.027|0.006|0.017|0.021|0.016|0.128
202401|45|47110|11110000|1111000000|서울|수원시|역삼동|서초1동|NH2293|자이|17452|1|3|0.015|0.067|0.02|0.026|0.047|0.132|0.16|0.01|0.126|0.025|0.296|0.025|0.009|0.018|0.024
202401|43|11110|11110000|4311000000|서울|강남구|인계동|서초1동|NH8368|래미안|4073|1|6|0.16|0.024|0.106|0.096|0.061|0.033|0.107|0.037|0.014|0.072|0.097|0.039|0.067|0.033|0.054
202401|45|28110|46110000|4115000000|부산|서초구|인계동|역삼1동|NH7852|힐스테이트|6222|1|2|0.039|0.077|0.069|0.126|0.079|0.193|0.002|0.082|0.085|0.032|0.003|0.035|0.132|0.043|0.003
202401|47|46110|11200000|4113000000|서울|수원시|서초동|서초1동|NH4298|래미안|9533|2|6|0.052|0.072|0.015|0.042|0.06|0.049|0.163|0.071|0.136|0.023|0.008|0.066|0.094|0.011|0.14
202401|11|11140|41130000|4113000000|경기|수원시|역삼동|역삼1동|NH4912|자이|15819|2|4|0.021|0.027|0.06|0.031|0.109|0.161|0.157|0.061|0.012|0.001|0.087|0.077|0.034|0.079|0.084
202401|47|11140|11170000|1117000000|경기|성남시|서초동|역삼1동|NH1425|힐스테이트|18555|2|6|0.041|0.015|0.016|0.034|0.045|0.077|0.101|0.002|0.255|0.029|0.122|0.122|0.06|0.055|0.025
202401|45|27110|28110000|4413000000|서울|강남구|서초동|서초1동|NH9444|힐스테이트|19086|2|2|0.057|0.016|0.109|0.062|0.012|0.103|0.01|0.077|0.006|0.087|0.289|0.038|0.011|0.088|0.034
202401|44|26110|11200000|4611000000|서울|수원시|인계동|서초1동|NH6719|푸르지오|14953|2|3|0.022|0.008|0.008|0.05|0.153|0.124|0.033|0.428|0.005|0.001|0.0|0.059|0.005|0.082|0.023
202401|44|11110|41110000|4711000000|인천|서초구|인계동|서초1동|NH4166|푸르지오|19359|1|4|0.139|0.014|0.013|0.052|0.015|0.094|0.096|0.121|0.158|0.051|0.001|0.062|0.056|0.04|0.087
202401|46|11170|41110000|1120000000|서울|서초구|인계동|서초1동|NH1103|자이|19990|2|4|0.145|0.013|0.223|0.0|0.057|0.005|0.067|0.242|0.011|0.012|0.001|0.026|0.064|0.009|0.126
202401|46|46110|43110000|2614000000|경기|강남구|역삼동|역삼1동|NH6248|푸르지오|15235|2|4|0.019|0.034|0.048|0.271|0.134|0.007|0.043|0.081|0.035|0.049|0.1|0.029|0.003|0.044|0.103
202401|11|41110|41130000|4113000000|부산|수원시|서초동|서초1동|NH7147|푸르지오|15163|x|5|0.016|0.011|0.027|0.093|0.011|0.051|0.076|0.147|0.043|0.035|0.011|0.232|0.219|0.002|0.024
202401|46|43110|11140000|2614000000|부산|서초구|역삼동|역삼1동|NH8359|푸르지오|5267|x|6|0.014|0.081|0.064|0.008|0.042|0.024|0.055|0.124|0.025|0.003|0.043|0.032|0.39|0.02|0.074
202401|46|28110|28110000|2811000000|인천|수원시|역삼동|역삼1동|NH5827|래미안|14491|1|6|0.051|0.082|0.017|0.015|0.03|0.019|0.018|0.051|0.068|0.016|0.01|0.069|0.321|0.222|0.009
202401|47|11140|26110000|4211000000|인천|서초구|서초동|역삼1동|NH3452|래미안|6234|2|4|0.003|0.108|0.02|0.063|0.004|0.123|0.077|0.118|0.016|0.047|0.039|0.029|0.047|0.187|0.118
202401|41|41150|41110000|4113000000|인천|서초구|인계동|서초1동|NH9755|래미안|19289|1|6|0.072|0.013|0.063|0.179|0.01|0.089|0.05|0.163|0.005|0.115|0.075|0.001|0.108|0.005|0.054
202401|45|26140|41150000|2811000000|부산|강남구|인계동|서초1동|NH2238|자이|14706|1|5|0.033|0.081|0.053|0.402|0.035|0.03|0.025|0.029|0.016|0.163|0.075|0.013|0.001|0.04|0.006
202401|46|11200|44130000|4113000000|부산|서초구|인계동|서초1동|NH7630|자이|6166|2|3|0.086|0.018|0.021|0.063|0.013|0.003|0.046|0.168|0.021|0.061|0.044|0.31|0.068|0.017|0.06
202401|44|27110|27110000|4111000000|서울|서초구|서초동|역삼1동|NH7091|자이|9426|x|2|0.196|0.022|0.053|0.025|0.044|0.019|0.007|0.127|0.073|0.085|0.151|0.001|0.115|0.056|0.026
202401|11|11140|11200000|4413000000|인천|수원시|서초동|서초1동|NH6984|힐스테이트|10819|1|6|0.073|0.008|0.067|0.066|0.173|0.064|0.103|0.048|0.013|0.029|0.14|0.014|0.118|0.006|0.077
202401|47|11200|46110000|2611000000|서울|성남시|인계동|역삼1동|NH5173|푸르지오|14039|1|2|0.136|0.02|0.024|0.153|0.075|0.057|0.0|0.032|0.012|0.195|0.002|0.088|0.065|0.04|0.102
202401|44|26140|45110000|4111000000|인천|강남구|서초동|역삼1동|NH5877|래미안|18958|2|3|0.065|0.178|0.019|0.003|0.098|0.255|0.091|0.023|0.042|0.031|0.025|0.027|0.026|0.022|0.094
202401|43|47110|26110000|4311000000|경기|성남시|역삼동|서초1동|NH8779|푸르지오|6445|1|6|0.078|0.027|0.017|0.056|0.011|0.032|0.018|0.16|0.248|0.051|0.006|0.164|0.078|0.007|0.047
202401|42|11170|45110000|2711000000|서울|성남시|서초동|서초1동|NH6075|푸르지오|6891|1|6|0.015|0.112|0.023|0.023|0.037|0.005|0.013|0.354|0.019|0.07|0.072|0.02|0.155|0.025|0.057
202401|42|44130|45110000|4711000000|서울|성남시|역삼동|역삼1동|NH2426|푸르지오|16563|2|3|0.016|0.318|0.023|0.011|0.057|0.087|0.212|0.001|0.002|0.102|0.01|0.08|0.026|0.054|0.001
202401|47|27110|28110000|2614000000|부산|서초구|역삼동|서초1동|NH5849|푸르지오|14398|x|5|0.056|0.009|0.03|0.273|0.107|0.066|0.046|0.021|0.05|0.065|0.1|0.019|0.04|0.11|0.006
202401|47|11200|41150000|4211000000|인천|수원시|인계동|서초1동|NH7205|래미안|15389|2|4|0.021|0.02|0.068|0.113|0.001|0.019|0.106|0.127|0.052|0.078|0.132|0.052|0.003|0.096|0.111
202401|47|28110|28110000|4413000000|부산|서초구|인계동|서초1동|NH7329|자이|10212|1|6|0.022|0.095|0.004|0.033|0.002|0.073|0.15|0.047|0.065|0.005|0.071|0.066|0.324|0.006|0.038
202401|45|11110|11200000|4311000000|부산|성남시|인계동|역삼1동|NH1224|래미안|3907|1|6|0.012|0.027|0.175|0.093|0.023|0.043|0.063|0.016|0.057|0.005|0.06|0.006|0.004|0.286|0.132
202401|46|47110|43110000|4211000000|서울|서초구|인계동|서초1동|NH5903|자이|3549|1|6|0.087|0.054|0.033|0.268|0.065|0.016|0.008|0.021|0.007|0.008|0.056|0.07|0.028|0.275|0.005
202401|44|44130|41110000|4711000000|서울|수원시|인계동|서초1동|NH4816|자이|14162|1|6|0.297|0.011|0.003|0.07|0.151|0.148|0.021|0.003|0.011|0.027|0.021|0.071|0.055|0.028|0.086
202401|42|26140|11140000|1111000000|부산|성남시|서초동|역삼1동|NH6612|푸르지오|16878|x|6|0.035|0.017|0.121|0.106|0.035|0.022|0.127|0.053|0.177|0.003|0.017|0.102|0.056|0.031|0.097
202401|47|42110|45110000|2614000000|경기|성남시|서초동|서초1동|NH6558|래미안|18758|1|5|0.02|0.16|0.038|0.008|0.254|0.058|0.0|0.004|0.167|0.031|0.039|0.013|0.148|0.031|0.028
202401|11|45110|41130000|1117000000|인천|강남구|서초동|역삼1동|NH8098|푸르지오|15520|x|4|0.085|0.024|0.052|0.015|0.107|0.07|0.113|0.178|0.176|0.03|0.009|0.02|0.056|0.059|0.007
202401|26|47110|41110000|1114000000|인천|강남구|인계동|서초1동|NH6056|푸르지오|16169|2|3|0.024|0.033|0.092|0.024|0.054|0.02|0.009|0.032|0.013|0.159|0.288|0.032|0.063|0.157|0.0
202401|45|46110|47110000|4111000000|부산|성남시|역삼동|서초1동|NH1674|힐스테이트|2265|x|4|0.07|0.056|0.083|0.008|0.024|0.135|0.03|0.023|0.048|0.244|0.02|0.004|0.052|0.166|0.038
202401|45|11140|11140000|2614000000|경기|서초구|서초동|서초1동|NH1915|자이|11838|2|6|0.07|0.116|0.255|0.11|0.003|0.052|0.099|0.053|0.012|0.026|0.057|0.013|0.031|0.102|0.001
202401|45|26140|43110000|4711000000|인천|수원시|서초동|역삼1동|NH9147|힐스테이트|4127|1|5|0.033|0.014|0.08|0.078|0.072|0.006|0.011|0.008|0.032|0.045|0.311|0.017|0.2|0.081|0.013
202401|43|26140|41150000|4211000000|인천|강남구|서초동|서초1동|NH2747|힐스테이트|17596|1|3|0.003|0.011|0.017|0.042|0.302|0.194|0.038|0.041|0.016|0.014|0.04|0.09|0.168|0.006|0.017
202401|41|28110|11170000|1114000000|경기|수원시|역삼동|서초1동|NH2710|푸르지오|14503|1|4|0.017|0.061|0.024|0.116|0.144|0.065|0.061|0.061|0.169|0.005|0.071|0.055|0.001|0.101|0.049
202401|45|46110|42110000|1111000000|부산|성남시|서초동|서초1동|NH4578|자이|6287|2|4|0.058|0.003|0.069|0.053|0.055|0.195|0.032|0.188|0.097|0.014|0.004|0.137|0.075|0.021|0.001
202401|41|47110|42110000|4511000000|서울|성남시|역삼동|역삼1동|NH8504|푸르지오|18073|1|5|0.093|0.078|0.021|0.001|0.168|0.078|0.006|0.054|0.085|0.02|0.101|0.207|0.034|0.029|0.026
202401|46|43110|47110000|4611000000|인천|수원시|인계동|역삼1동|NH6124|힐스테이트|10526|2|5|0.007|0.042|0.053|0.122|0.129|0.066|0.028|0.004|0.111|0.001|0.098|0.064|0.09|0.123|0.061
202401|26|28110|42110000|4711000000|부산|강남구|인계동|서초1동|NH6707|힐스테이트|2723|2|5|0.064|0.17|0.079|0.12|0.073|0.045|0.044|0.036|0.082|0.147|0.008|0.023|0.021|0.033|0.052
202401|45|11110|11200000|4211000000|인천|성남시|서초동|역삼1동|NH9413|힐스테이트|9811|2|6|0.034|0.014|0.053|0.158|0.083|0.001|0.032|0.006|0.002|0.118|0.087|0.072|0.089|0.105|0.145
202401|44|45110|26140000|4311000000|부산|수원시|서초동|서초1동|NH5034|푸르지오|18035|1|2|0.039|0.015|0.028|0.042|0.074|0.149|0.026|0.26|0.044|0.017|0.124|0.01|0.04|0.069|0.061
202401|47|11110|43110000|1114000000|인천|서초구|역삼동|역삼1동|NH9001|푸르지오|18230|1|3|0.079|0.009|0.052|0.023|0.041|0.055|0.035|0.101|0.004|0.102|0.018|0.432|0.003|0.041|0.006
202401|26|28110|41130000|4611000000|서울|성남시|역삼동|역삼1동|NH4700|래미안|17224|x|6|0.072|0.039|0.121|0.034|0.002|0.139|0.131|0.057|0.051|0.109|0.0|0.19|0.001|0.053|0.001
202401|11|27110|28110000|2614000000|인천|강남구|인계동|역삼1동|NH9880|자이|13837|2|5|0.022|0.171|0.053|0.049|0.019|0.115|0.009|0.029|0.148|0.004|0.009|0.173|0.191|0.005|0.005
202401|27|28110|27110000|1114000000|인천|강남구|서초동|서초1동|NH7579|자이|2789|1|4|0.013|0.02|0.288|0.001|0.07|0.045|0.058|0.006|0.087|0.194|0.022|0.159|0.018|0.018|0.002
202401|41|43110|41110000|4111000000|인천|수원시|인계동|서초1동|NH6742|힐스테이트|11819|1|5|0.125|0.004|0.015|0.183|0.17|0.116|0.032|0.051|0.05|0.02|0.021|0.047|0.026|0.008|0.132
202401|44|26110|46110000|4113000000|부산|서초구|역삼동|역삼1동|NH3299|푸르지오|8713|1|6|0.11|0.044|0.003|0.072|0.094|0.059|0.012|0.106|0.008|0.063|0.127|0.2|0.072|0.021|0.009
202401|46|45110|42110000|2811000000|인천|서초구|인계동|서초1동|NH2841|자이|9901|1|3|0.003|0.209|0.128|0.036|0.15|0.036|0.03|0.144|0.005|0.009|0.054|0.049|0.079|0.017|0.05
202401|44|11170|26110000|4113000000|부산|성남시|서초동|서초1동|NH5357|자이|3007|1|4|0.113|0.014|0.012|0.032|0.152|0.02|0.066|0.09|0.092|0.026|0.25|0.052|0.038|0.018|0.025
202401|43|11110|44130000|4413000000|경기|성남시|역삼동|서초1동|NH1047|래미안|3156|2|4|0.051|0.217|0.098|0.038|0.036|0.005|0.055|0.009|0.024|0.16|0.059|0.1|0.1|0.019|0.029
202401|46|26140|11140000|2811000000|부산|성남시|역삼동|서초1동|NH4657|힐스테이트|13604|1|3|0.008|0.026|0.156|0.017|0.15|0.114|0.026|0.123|0.077|0.034|0.08|0.026|0.029|0.108|0.026
202401|46|11140|47110000|1114000000|부산|수원시|역삼동|서초1동|NH4978|자이|9544|2|5|0.138|0.001|0.114|0.181|0.118|0.117|0.05|0.016|0.015|0.001|0.137|0.005|0.096|0.003|0.008
202401|42|46110|44130000|1120000000|서울|서초구|역삼동|역삼1동|NH7888|자이|7360|1|4|0.195|0.048|0.107|0.018|0.077|0.053|0.055|0.026|0.026|0.151|0.066|0.117|0.02|0.03|0.011
202401|26|26140|44130000|1111000000|경기|성남시|인계동|역삼1동|NH3497|힐스테이트|4885|1|5|0.122|0.022|0.154|0.232|0.041|0.085|0.08|0.052|0.004|0.015|0.062|0.064|0.043|0.014|0.009
202401|41|42110|47110000|1111000000|부산|강남구|역삼동|서초1동|NH9570|힐스테이트|5696|2|3|0.016|0.089|0.043|0.223|0.026|0.006|0.171|0.092|0.019|0.032|0.081|0.127|0.007|0.014|0.055
202401|27|11140|11140000|4115000000|서울|성남시|서초동|역삼1동|NH5582|래미안|3758|1|4|0.115|0.015|0.171|0.039|0.081|0.066|0.032|0.052|0.03|0.012|0.166|0.11|0.027|0.04|0.043
202401|42|11140|41130000|4413000000|경기|수원시|역삼동|역삼1동|NH2174|자이|18679|2|5|0.016|0.099|0.148|0.028|0.138|0.01|0.093|0.055|0.02|0.139|0.055|0.052|0.1|0.042|0.007
202401|26|11200|42110000|2811000000|인천|수원시|역삼동|서초1동|NH5648|래미안|11226|1|6|0.163|0.139|0.096|0.047|0.001|0.056|0.041|0.046|0.038|0.034|0.054|0.078|0.087|0.065|0.057
202401|26|11170|11110000|4711000000|경기|강남구|인계동|역삼1동|NH2602|푸르지오|16690|2|4|0.051|0.034|0.156|0.011|0.056|0.032|0.072|0.025|0.265|0.053|0.099|0.006|0.006|0.076|0.057
202401|47|45110|46110000|1117000000|서울|서초구|인계동|서초1동|NH8391|힐스테이트|9357|2|5|0.135|0.008|0.116|0.157|0.005|0.001|0.062|0.03|0.02|0.028|0.03|0.032|0.026|0.099|0.249
202401|46|26110|11170000|4211000000|부산|강남구|인계동|서초1동|NH1188|래미안|8630|2|4|0.094|0.099|0.051|0.004|0.004|0.13|0.145|0.06|0.016|0.057|0.024|0.266|0.004|0.001|0.045
202401|44|11110|44130000|2711000000|경기|강남구|역삼동|역삼1동|NH1232|힐스테이트|2558|2|3|0.043|0.001|0.065|0.051|0.106|0.039|0.066|0.069|0.008|0.205|0.162|0.135|0.004|0.026|0.021
202401|42|41150|11140000|1114000000|서울|강남구|인계동|서초1동|NH8368|힐스테이트|8854|2|3|0.111|0.114|0.006|0.11|0.006|0.073|0.003|0.002|0.104|0.262|0.036|0.027|0.047|0.07|0.03
202401|42|26110|45110000|4111000000|부산|수원시|서초동|서초1동|NH7005|힐스테이트|19418|1|4|0.014|0.009|0.022|0.239|0.023|0.054|0.055|0.041|0.044|0.038|0.014|0.172|0.081|0.19|0.004
202401|46|42110|41150000|4111000000|인천|수원시|서초동|역삼1동|NH3011|래미안|16693|2|2|0.021|0.008|0.058|0.171|0.112|0.046|0.006|0.105|0.058|0.183|0.009|0.074|0.058|0.051|0.039
202401|11|28110|11170000|4711000000|부산|수원시|인계동|서초1동|NH6116|래미안|5680|1|6|0.144|0.094|0.139|0.028|0.046|0.011|0.072|0.009|0.063|0.115|0.048|0.019|0.035|0.115|0.062
202401|45|11110|42110000|4413000000|경기|강남구|인계동|역삼1동|NH8202|자이|9053|x|6|0.031|0.061|0.001|0.171|0.108|0.068|0.008|0.193|0.022|0.018|0.056|0.108|0.072|0.006|0.078
202401|43|26110|11140000|4111000000|서울|수원시|인계동|역삼1동|NH7572|힐스테이트|2559|2|5|0.074|0.074|0.037|0.108|0.296|0.001|0.001|0.076|0.031|0.038|0.0|0.137|0.03|0.007|0.092
202401|47|26110|44130000|1120000000|인천|서초구|인계동|서초1동|NH3348|힐스테이트|14929|2|5|0.039|0.003|0.025|0.012|0.051|0.004|0.102|0.189|0.041|0.086|0.082|0.088|0.179|0.044|0.053
202401|44|45110|11110000|2614000000|인천|강남구|서초동|역삼1동|NH8814|자이|18925|2|4|0.015|0.042|0.121|0.043|0.034|0.067|0.141|0.043|0.007|0.115|0.037|0.05|0.033|0.191|0.061
202401|43|46110|11170000|4111000000|서울|서초구|역삼동|역삼1동|NH7072|푸르지오|4795|2|4|0.033|0.048|0.05|0.025|0.021|0.075|0.231|0.093|0.217|0.035|0.023|0.033|0.028|0.076|0.01
202401|42|11170|28110000|4511000000|서울|강남구|역삼동|역삼1동|NH5210|래미안|15519|2|6|0.009|0.028|0.025|0.104|0.124|0.071|0.007|0.107|0.013|0.006|0.099|0.252|0.004|0.088|0.062
202401|46|26140|46110000|2614000000|경기|강남구|인계동|서초1동|NH8489|자이|9455|2|6|0.175|0.078|0.01|0.121|0.015|0.046|0.185|0.001|0.13|0.043|0.03|0.124|0.001|0.002|0.039
202401|44|41130|28110000|2811000000|경기|서초구|인계동|역삼1동|NH1181|래미안|19958|2|2|0.022|0.032|0.071|0.024|0.026|0.18|0.1|0.014|0.131|0.089|0.11|0.026|0.034|0.117|0.025
202401|41|42110|41130000|1120000000|부산|강남구|역삼동|서초1동|NH1749|래미안|7308|1|4|0.041|0.003|0.025|0.054|0.174|0.034|0.003|0.11|0.225|0.053|0.046|0.081|0.053|0.031|0.067
202401|45|42110|28110000|1111000000|경기|강남구|서초동|서초1동|NH3378|힐스테이트|10312|1|3|0.037|0.119|0.082|0.149|0.003|0.073|0.022|0.156|0.01|0.046|0.103|0.013|0.056|0.096|0.033
202401|44|46110|46110000|2711000000|경기|강남구|인계동|서초1동|NH8004|자이|16219|2|3|0.04|0.01|0.054|0.052|0.003|0.006|0.215|0.137|0.083|0.058|0.217|0.087|0.006|0.015|0.018
202401|11|28110|28110000|4511000000|인천|성남시|인계동|서초1동|NH3825|자이|15264|x|6|0.076|0.094|0.053|0.2|0.136|0.028|0.029|0.037|0.013|0.008|0.001|0.089|0.098|0.126|0.013
202401|43|41110|47110000|4511000000|서울|수원시|인계동|역삼1동|NH6927|래미안|9460|1|6|0.051|0.061|0.008|0.033|0.018|0.035|0.076|0.245|0.08|0.181|0.019|0.07|0.019|0.04|0.065
202401|26|41150|26140000|4113000000|부산|성남시|서초동|역삼1동|NH6265|자이|16042|x|2|0.06|0.001|0.001|0.06|0.088|0.203|0.029|0.023|0.026|0.144|0.009|0.013|0.045|0.271|0.027
202401|41|11200|45110000|4711000000|서울|강남구|역삼동|역삼1동|NH1575|래미안|2048|1|4|0.15|0.118|0.0|0.05|0.112|0.015|0.084|0.08|0.02|0.104|0.072|0.002|0.088|0.069|0.036
202401|26|27110|28110000|1117000000|인천|강남구|인계동|서초1동|NH4226|래미안|5469|1|3|0.151|0.012|0.052|0.044|0.046|0.028|0.019|0.162|0.113|0.068|0.214|0.012|0.003|0.002|0.073
202401|26|41110|26140000|1114000000|부산|서초구|서초동|역삼1동|NH5303|자이|2980|1|6|0.035|0.031|0.059|0.14|0.021|0.146|0.068|0.015|0.021|0.148|0.084|0.029|0.06|0.035|0.109
202401|42|41150|44130000|2811000000|경기|성남시|서초동|서초1동|NH5509|래미안|13699|2|3|0.007|0.017|0.076|0.153|0.177|0.039|0.059|0.014|0.001|0.063|0.082|0.008|0.226|0.065|0.014
202401|43|41150|47110000|4413000000|서울|강남구|서초동|서초1동|NH5758|힐스테이트|2754|x|3|0.232|0.134|0.004|0.016|0.022|0.161|0.017|0.17|0.001|0.09|0.013|0.042|0.034|0.051|0.015
202401|47|11170|41130000|2611000000|서울|수원시|인계동|서초1동|NH8412|푸르지오|16989|x|4|0.013|0.001|0.118|0.06|0.04|0.028|0.061|0.02|0.225|0.129|0.038|0.011|0.042|0.191|0.023
202401|41|27110|11110000|2611000000|인천|서초구|서초동|역삼1동|NH4818|자이|17271|1|4|0.039|0.029|0.033|0.011|0.046|0.037|0.329|0.013|0.007|0.021|0.061|0.078|0.018|0.019|0.259
202401|43|41130|41150000|4711000000|서울|서초구|서초동|서초1동|NH2491|힐스테이트|4772|2|4|0.03|0.052|0.008|0.111|0.134|0.106|0.031|0.097|0.073|0.08|0.011|0.019|0.017|0.144|0.088
202401|27|41150|41150000|1117000000|인천|서초구|인계동|서초1동|NH2111|푸르지오|5855|2|5|0.068|0.078|0.085|0.038|0.031|0.022|0.008|0.438|0.005|0.015|0.003|0.02|0.039|0.051|0.096
202401|26|27110|43110000|2611000000|인천|서초구|인계동|서초1동|NH1465|푸르지오|5469|1|4|0.023|0.091|0.148|0.02|0.066|0.156|0.241|0.025|0.042|0.014|0.008|0.057|0.027|0.011|0.071
202401|27|11110|43110000|2611000000|인천|서초구|인계동|역삼1동|NH4050|자이|7310|x|2|0.21|0.076|0.036|0.047|0.042|0.157|0.012|0.048|0.002|0.014|0.024|0.031|0.081|0.19|0.031
202401|42|27110|42110000|1111000000|부산|수원시|서초동|서초1동|NH2020|푸르지오|5110|2|4|0.134|0.024|0.035|0.015|0.027|0.093|0.085|0.005|0.125|0.114|0.059|0.075|0.061|0.05|0.099
202401|42|47110|11170000|4115000000|인천|서초구|역삼동|서초1동|NH7616|자이|17379|x|3|0.01|0.013|0.08|0.241|0.052|0.034|0.104|0.013|0.018|0.017|0.187|0.05|0.011|0.149|0.02
202401|42|26110|43110000|4111000000|서울|성남시|역삼동|역삼1동|NH3301|푸르지오|17765|2|2|0.077|0.007|0.125|0.096|0.178|0.035|0.009|0.093|0.041|0.073|0.009|0.047|0.056|0.122|0.03
202401|45|41150|45110000|1120000000|경기|수원시|인계동|서초1동|NH8225|자이|15378|1|6|0.039|0.028|0.076|0.106|0.121|0.02|0.055|0.128|0.002|0.044|0.033|0.062|0.14|0.144|0.002
202401|43|11200|42110000|1120000000|부산|서초구|역삼동|서초1동|NH3683|푸르지오|2156|2|4|0.002|0.034|0.009|0.14|0.118|0.071|0.011|0.129|0.093|0.038|0.024|0.141|0.041|0.031|0.118
202401|47|41150|42110000|2614000000|부산|성남시|역삼동|서초1동|NH9190|자이|19011|2|3|0.0|0.12|0.006|0.093|0.164|0.059|0.169|0.056|0.088|0.051|0.05|0.043|0.043|0.026|0.031
202401|11|41130|41130000|4311000000|인천|성남시|서초동|서초1동|NH5040|푸르지오|15713|1|4|0.022|0.133|0.081|0.228|0.003|0.053|0.005|0.002|0.032|0.16|0.001|0.084|0.058|0.052|0.087
202401|44|28110|46110000|4211000000|인천|강남구|서초동|역삼1동|NH4958|힐스테이트|11023|1|5|0.012|0.044|0.018|0.124|0.07|0.074|0.021|0.049|0.016|0.336|0.058|0.026|0.031|0.02|0.101
202401|27|41110|28110000|2614000000|부산|강남구|서초동|역삼1동|NH5411|힐스테이트|6804|1|3|0.188|0.194|0.001|0.04|0.146|0.027|0.075|0.079|0.056|0.044|0.039|0.035|0.035|0.011|0.029
202401|26|44130|42110000|4413000000|부산|성남시|인계동|역삼1동|NH5722|자이|5966|x|5|0.01|0.029|0.059|0.017|0.035|0.005|0.194|0.033|0.022|0.024|0.144|0.025|0.095|0.219|0.088
202401|26|43110|43110000|4211000000|인천|성남시|역삼동|역삼1동|NH6293|래미안|14471|1|3|0.292|0.158|0.133|0.003|0.087|0.022|0.013|0.074|0.014|0.034|0.061|0.019|0.016|0.069|0.003
202401|27|27110|11110000|4115000000|경기|서초구|서초동|역삼1동|NH7184|푸르지오|7549|x|4|0.067|0.033|0.073|0.056|0.004|0.081|0.005|0.012|0.097|0.015|0.079|0.122|0.004|0.212|0.141
202401|26|11110|41110000|4113000000|부산|강남구|역삼동|역삼1동|NH8864|자이|18242|1|4|0.026|0.041|0.017|0.139|0.115|0.045|0.094|0.038|0.055|0.115|0.169|0.013|0.081|0.049|0.005
202401|26|27110|26140000|4311000000|인천|강남구|역삼동|서초1동|NH4849|자이|5613|x|6|0.067|0.049|0.006|0.043|0.061|0.1|0.064|0.03|0.09|0.089|0.002|0.03|0.006|0.295|0.067
202401|26|42110|27110000|4111000000|인천|서초구|인계동|서초1동|NH9375|힐스테이트|5089|1|3|0.035|0.028|0.047|0.019|0.003|0.082|0.084|0.079|0.239|0.026|0.028|0.169|0.037|0.052|0.072
202401|46|26110|28110000|1120000000|서울|성남시|인계동|역삼1동|NH2107|래미안|16743|1|6|0.369|0.193|0.002|0.03|0.043|0.097|0.02|0.034|0.051|0.005|0.022|0.063|0.017|0.023|0.031
202401|47|47110|27110000|1114000000|인천|강남구|서초동|서초1동|NH4947|자이|15043|2|2|0.385|0.076|0.012|0.034|0.049|0.005|0.033|0.03|0.299|0.012|0.003|0.002|0.035|0.016|0.008
202401|11|26140|44130000|4113000000|경기|성남시|인계동|서초1동|NH2410|자이|14967|2|3|0.032|0.052|0.07|0.074|0.035|0.013|0.024|0.04|0.003|0.013|0.06|0.24|0.005|0.29|0.049
202401|26|11170|41130000|4711000000|경기|강남구|인계동|역삼1동|NH4053|푸르지오|15330|2|6|0.049|0.043|0.038|0.071|0.053|0.029|0.114|0.101|0.178|0.103|0.002|0.012|0.013|0.163|0.029
202401|44|43110|41110000|4511000000|경기|서초구|역삼동|서초1동|NH6887|푸르지오|12606|1|4|0.064|0.037|0.091|0.004|0.059|0.021|0.081|0.002|0.054|0.053|0.023|0.022|0.196|0.017|0.278
202401|46|44130|43110000|2711000000|인천|수원시|역삼동|역삼1동|NH5736|래미안|3576|2|5|0.004|0.078|0.032|0.035|0.027|0.063|0.135|0.005|0.308|0.033|0.165|0.024|0.04|0.039|0.012
202401|41|41150|11200000|4115000000|인천|서초구|역삼동|역삼1동|NH3084|푸르지오|7971|2|4|0.084|0.028|0.014|0.012|0.168|0.07|0.01|0.137|0.113|0.039|0.039|0.17|0.058|0.013|0.044
202401|43|45110|11140000|2611000000|경기|성남시|역삼동|서초1동|NH9835|래미안|11906|1|6|0.036|0.209|0.002|0.127|0.051|0.033|0.069|0.063|0.025|0.024|0.049|0.036|0.065|0.075|0.134
202401|43|41110|47110000|4111000000|경기|서초구|서초동|역삼1동|NH5612|래미안|6575|1|5|0.006|0.04|0.046|0.058|0.006|0.076|0.152|0.025|0.028|0.091|0.06|0.172|0.012|0.108|0.12
202401|26|45110|26140000|2614000000|서울|성남시|역삼동|역삼1동|NH9522|푸르지오|7964|2|4|0.005|0.175|0.061|0.044|0.105|0.059|0.042|0.02|0.051|0.22|0.047|0.009|0.116|0.039|0.009
202401|11|27110|27110000|4211000000|서울|서초구|인계동|역삼1동|NH3736|자이|10692|1|3|0.027|0.173|0.028|0.005|0.018|0.074|0.003|0.138|0.083|0.009|0.085|0.303|0.018|0.035|0.003
202401|27|46110|11140000|4115000000|인천|강남구|인계동|역삼1동|NH3640|힐스테이트|18913|2|4|0.065|0.006|0.015|0.009|0.129|0.025|0.008|0.326|0.022|0.129|0.012|0.031|0.039|0.164|0.021
202401|44|11200|11170000|4511000000|서울|강남구|서초동|역삼1동|NH1642|자이|8487|2|4|0.092|0.188|0.003|0.08|0.007|0.087|0.052|0.117|0.015|0.127|0.013|0.081|0.005|0.121|0.012
202401|47|41130|44130000|4211000000|서울|성남시|서초동|서초1동|NH1503|래미안|13541|2|2|0.01|0.036|0.241|0.088|0.008|0.043|0.031|0.025|0.175|0.077|0.058|0.049|0.024|0.018|0.118
202401|41|41150|46110000|2611000000|인천|성남시|역삼동|역삼1동|NH9206|푸르지오|14554|1|4|0.045|0.014|0.031|0.037|0.035|0.076|0.043|0.063|0.095|0.285|0.013|0.057|0.083|0.081|0.043
202401|27|41130|41130000|1114000000|서울|서초구|서초동|역삼1동|NH9865|푸르지오|6726|2|3|0.037|0.153|0.074|0.135|0.008|0.018|0.019|0.071|0.017|0.073|0.055|0.198|0.127|0.012|0.004
202401|46|41150|43110000|4311000000|인천|서초구|인계동|역삼1동|NH4969|힐스테이트|16554|1|2|0.014|0.031|0.031|0.017|0.084|0.065|0.267|0.061|0.009|0.031|0.058|0.191|0.075|0.004|0.062
202401|11|43110|41130000|1120000000|인천|강남구|역삼동|역삼1동|NH7218|자이|8556|2|5|0.031|0.037|0.047|0.065|0.015|0.047|0.175|0.088|0.029|0.085|0.148|0.045|0.032|0.064|0.092
202401|42|41130|47110000|4311000000|부산|수원시|역삼동|역삼1동|NH3976|래미안|8814|2|2|0.052|0.002|0.028|0.17|0.001|0.064|0.026|0.107|0.043|0.058|0.007|0.004|0.048|0.085|0.306
202401|46|41110|42110000|1120000000|부산|서초구|서초동|서초1동|NH1828|래미안|8227|1|6|0.146|0.002|0.012|0.043|0.041|0.011|0.032|0.052|0.117|0.045|0.026|0.086|0.019|0.085|0.283
202401|44|42110|11170000|4711000000|부산|수원시|역삼동|역삼1동|NH5438|래미안|13838|2|4|0.05|0.156|0.034|0.238|0.005|0.046|0.034|0.007|0.057|0.159|0.012|0.089|0.017|0.031|0.062
202401|11|11200|42110000|1120000000|부산|강남구|역삼동|역삼1동|NH7574|힐스테이트|13342|2|2|0.061|0.244|0.072|0.038|0.071|0.008|0.014|0.039|0.147|0.016|0.098|0.116|0.045|0.005|0.028
202401|45|41110|47110000|1114000000|서울|강남구|서초동|서초1동|NH8012|힐스테이트|2798|2|4|0.137|0.026|0.014|0.044|0.067|0.085|0.105|0.049|0.036|0.028|0.042|0.049|0.142|0.174|0.004
202401|41|42110|43110000|2811000000|인천|성남시|인계동|서초1동|NH4155|자이|14159|1|3|0.056|0.138|0.026|0.036|0.071|0.041|0.01|0.076|0.13|0.16|0.05|0.046|0.077|0.076|0.009
202401|27|28110|11110000|4413000000|인천|성남시|인계동|역삼1동|NH7487|푸르지오|19464|1|5|0.207|0.013|0.02|0.143|0.012|0.079|0.122|0.071|0.163|0.009|0.053|0.044|0.013|0.032|0.019
202401|44|27110|11200000|1111000000|서울|수원시|서초동|역삼1동|NH3226|자이|16165|2|6|0.107|0.011|0.012|0.006|0.004|0.035|0.075|0.071|0.111|0.222|0.023|0.013|0.025|0.236|0.047
202401|44|27110|26140000|4115000000|부산|서초구|인계동|서초1동|NH7657|자이|12496|2|4|0.083|0.106|0.041|0.041|0.054|0.025|0.063|0.031|0.075|0.016|0.045|0.194|0.062|0.14|0.024
202401|27|26140|11140000|4413000000|부산|서초구|서초동|서초1동|NH2053|자이|12896|x|3|0.119|0.022|0.165|0.008|0.022|0.142|0.002|0.102|0.024|0.11|0.006|0.0|0.033|0.015|0.23
202401|47|45110|45110000|4211000000|인천|강남구|서초동|역삼1동|NH9928|래미안|15125|1|6|0.059|0.019|0.034|0.063|0.11|0.183|0.013|0.003|0.091|0.141|0.121|0.135|0.002|0.018|0.007
202401|44|11200|41110000|1120000000|서울|성남시|서초동|서초1동|NH6505|푸르지오|15797|1|3|0.102|0.07|0.0|0.165|0.037|0.004|0.016|0.014|0.027|0.044|0.184|0.102|0.011|0.028|0.196
202401|27|43110|41150000|4111000000|경기|서초구|역삼동|서초1동|NH1797|힐스테이트|5533|1|5|0.102|0.019|0.022|0.089|0.072|0.028|0.036|0.046|0.018|0.012|0.183|0.175|0.002|0.15|0.047
202401|42|28110|42110000|4711000000|부산|수원시|역삼동|역삼1동|NH5380|힐스테이트|11545|2|4|0.021|0.075|0.098|0.006|0.007|0.109|0.106|0.054|0.028|0.135|0.001|0.183|0.063|0.041|0.073
202401|43|27110|41130000|4113000000|서울|서초구|서초동|역삼1동|NH4086|래미안|19051|x|5|0.068|0.008|0.104|0.113|0.096|0.007|0.08|0.091|0.054|0.001|0.065|0.13|0.039|0.075|0.069
202401|42|47110|11140000|4511000000|경기|서초구|인계동|서초1동|NH4781|힐스테이트|10685|2|5|0.392|0.036|0.014|0.003|0.01|0.008|0.069|0.009|0.114|0.022|0.173|0.005|0.024|0.061|0.062
202401|47|44130|45110000|1120000000|경기|성남시|서초동|서초1동|NH6820|힐스테이트|9146|1|4|0.022|0.1|0.031|0.063|0.021|0.04|0.08|0.003|0.013|0.067|0.131|0.083|0.07|0.167|0.11
202401|43|41150|11110000|1114000000|경기|강남구|인계동|서초1동|NH3555|래미안|9567|2|5|0.091|0.01|0.149|0.05|0.087|0.086|0.032|0.007|0.15|0.173|0.0|0.047|0.079|0.012|0.027
202401|45|41130|26140000|4711000000|부산|서초구|인계동|서초1동|NH7298|자이|2325|2|4|0.001|0.103|0.003|0.08|0.092|0.057|0.015|0.072|0.102|0.183|0.067|0.128|0.079|0.004|0.014
202401|45|43110|41110000|4511000000|서울|서초구|인계동|역삼1동|NH7491|힐스테이트|9849|1|4|0.032|0.02|0.086|0.155|0.105|0.012|0.072|0.169|0.069|0.036|0.017|0.122|0.055|0.008|0.043
202401|27|41130|11110000|4211000000|부산|강남구|역삼동|역삼1동|NH7183|푸르지오|10757|1|4|0.071|0.001|0.056|0.088|0.04|0.01|0.01|0.015|0.077|0.063|0.184|0.05|0.003|0.025|0.308
202401|42|11200|46110000|4211000000|부산|성남시|인계동|역삼1동|NH8936|자이|16768|1|3|0.114|0.066|0.016|0.098|0.005|0.059|0.003|0.013|0.058|0.031|0.045|0.051|0.231|0.12|0.09
202401|43|11200|45110000|2611000000|경기|수원시|역삼동|역삼1동|NH3171|푸르지오|13816|1|6|0.038|0.039|0.03|0.035|0.137|0.005|0.061|0.129|0.107|0.002|0.024|0.081|0.126|0.057|0.129
202401|43|26110|41150000|4111000000|경기|성남시|인계동|서초1동|NH1557|자이|19001|2|6|0.061|0.095|0.099|0.031|0.069|0.106|0.021|0.036|0.032|0.025|0.18|0.008|0.07|0.12|0.046
202401|41|11170|43110000|1111000000|경기|강남구|서초동|역삼1동|NH7341|힐스테이트|15333|2|2|0.236|0.031|0.087|0.002|0.138|0.085|0.011|0.001|0.168|0.016|0.012|0.099|0.065|0.037|0.012
202401|26|11170|11140000|4611000000|서울|서초구|역삼동|서초1동|NH1837|푸르지오|13065|2|4|0.077|0.014|0.048|0.084|0.104|0.003|0.02|0.026|0.065|0.032|0.141|0.131|0.106|0.118|0.032
202401|44|47110|47110000|4413000000|경기|성남시|역삼동|역삼1동|NH2401|푸르지오|15456|1|5|0.015|0.16|0.034|0.018|0.108|0.11|0.107|0.046|0.129|0.077|0.01|0.012|0.101|0.048|0.023
202401|11|11140|45110000|4211000000|부산|강남구|인계동|역삼1동|NH6979|푸르지오|8376|1|6|0.082|0.02|0.028|0.0|0.059|0.133|0.061|0.105|0.026|0.009|0.02|0.222|0.169|0.025|0.042
202401|44|41150|46110000|4311000000|경기|수원시|역삼동|역삼1동|NH1340|래미안|16212|2|2|0.057|0.081|0.213|0.081|0.017|0.073|0.007|0.025|0.027|0.011|0.015|0.068|0.175|0.013|0.138
202401|41|28110|26110000|4111000000|인천|성남시|인계동|역삼1동|NH4749|자이|16258|2|4|0.074|0.096|0.087|0.054|0.094|0.22|0.032|0.027|0.02|0.19|0.014|0.015|0.063|0.0|0.012
202401|11|42110|11170000|1117000000|인천|수원시|서초동|서초1동|NH9547|힐스테이트|11153|1|5|0.109|0.033|0.008|0.086|0.133|0.029|0.004|0.079|0.014|0.04|0.112|0.041|0.214|0.059|0.038
202401|41|11200|47110000|4211000000|경기|서초구|역삼동|서초1동|NH3848|푸르지오|12210|2|2|0.109|0.247|0.029|0.011|0.005|0.111|0.066|0.008|0.091|0.032|0.012|0.182|0.052|0.016|0.029
202401|47|43110|27110000|4111000000|경기|서초구|인계동|서초1동|NH8864|자이|18559|1|3|0.169|0.105|0.193|0.015|0.046|0.046|0.012|0.008|0.016|0.018|0.099|0.035|0.075|0.036|0.127
202401|27|11140|11110000|2811000000|서울|성남시|인계동|역삼1동|NH9807|래미안|19868|1|4|0.195|0.003|0.007|0.007|0.065|0.144|0.044|0.085|0.071|0.072|0.053|0.033|0.053|0.075|0.092
202401|43|11140|47110000|1114000000|인천|서초구|서초동|서초1동|NH2276|자이|16335|2|6|0.03|0.009|0.036|0.002|0.006|0.028|0.052|0.297|0.042|0.059|0.012|0.062|0.093|0.155|0.118
202401|26|41110|41130000|2711000000|경기|성남시|서초동|서초1동|NH9448|푸르지오|18795|1|3|0.038|0.004|0.045|0.068|0.094|0.036|0.01|0.073|0.042|0.053|0.006|0.127|0.005|0.012|0.385
202401|27|26140|26110000|4111000000|서울|서초구|서초동|역삼1동|NH9941|힐스테이트|7716|1|3|0.003|0.023|0.229|0.044|0.004|0.079|0.091|0.211|0.026|0.114|0.017|0.101|0.017|0.012|0.03
202401|45|41150|11110000|4711000000|경기|강남구|역삼동|서초1동|NH9467|힐스테이트|7286|1|3|0.031|0.007|0.122|0.052|0.165|0.068|0.016|0.037|0.009|0.001|0.275|0.117|0.014|0.068|0.016
202401|27|41110|11140000|4111000000|서울|서초구|인계동|서초1동|NH5853|래미안|11574|1|5|0.103|0.113|0.064|0.049|0.108|0.042|0.072|0.065|0.144|0.02|0.085|0.016|0.061|0.039|0.019
202401|47|26110|47110000|4711000000|서울|수원시|서초동|서초1동|NH3551|자이|5396|2|6|0.089|0.174|0.17|0.048|0.016|0.041|0.027|0.001|0.198|0.071|0.018|0.058|0.003|0.013|0.074
202401|47|27110|11200000|1117000000|부산|강남구|역삼동|서초1동|NH6701|래미안|3905|1|3|0.046|0.018|0.043|0.07|0.048|0.101|0.175|0.039|0.021|0.068|0.053|0.15|0.056|0.026|0.087
202401|11|41110|42110000|4511000000|서울|서초구|서초동|서초1동|NH6268|힐스테이트|3733|2|4|0.029|0.042|0.025|0.119|0.02|0.008|0.093|0.149|0.037|0.045|0.043|0.049|0.206|0.004|0.129
202401|41|47110|26110000|2614000000|경기|서초구|인계동|역삼1동|NH4921|래미안|10013|2|4|0.204|0.074|0.007|0.049|0.0|0.042|0.131|0.009|0.004|0.01|0.064|0.148|0.011|0.078|0.168
202401|45|11140|41110000|2811000000|부산|수원시|역삼동|역삼1동|NH3554|푸르지오|14987|2|3|0.129|0.015|0.152|0.021|0.019|0.031|0.017|0.062|0.202|0.026|0.022|0.148|0.062|0.056|0.037
202401|42|11200|28110000|2611000000|인천|서초구|인계동|역삼1동|NH7269|힐스테이트|17328|2|5|0.062|0.153|0.098|0.026|0.009|0.064|0.021|0.016|0.068|0.052|0.26|0.017|0.025|0.098|0.032
202401|46|27110|11170000|1111000000|인천|강남구|역삼동|역삼1동|NH1530|푸르지오|16128|2|6|0.006|0.057|0.055|0.136|0.174|0.109|0.022|0.149|0.054|0.02|0.02|0.139|0.049|0.009|0.0
202401|41|26140|11170000|1114000000|경기|성남시|역삼동|서초1동|NH1780|푸르지오|16020|2|5|0.054|0.137|0.039|0.044|0.016|0.02|0.092|0.078|0.041|0.012|0.032|0.06|0.196|0.093|0.087
202401|41|26140|11170000|4611000000|경기|수원시|서초동|역삼1동|NH7148|푸르지오|8742|1|4|0.133|0.036|0.238|0.031|0.128|0.101|0.043|0.042|0.093|0.019|0.002|0.024|0.093|0.013|0.003
202401|45|47110|44130000|2611000000|부산|서초구|역삼동|역삼1동|NH8871|푸르지오|10776|1|3|0.014|0.073|0.009|0.018|0.11|0.095|0.101|0.03|0.019|0.074|0.032|0.061|0.077|0.137|0.151
202401|11|11200|26140000|2611000000|서울|서초구|서초동|역삼1동|NH4477|자이|11412|1|4|0.155|0.035|0.059|0.06|0.098|0.031|0.141|0.091|0.079|0.006|0.048|0.003|0.034|0.065|0.093
202401|26|11140|27110000|4611000000|서울|수원시|서초동|서초1동|NH9832|래미안|15604|1|3|0.014|0.05|0.063|0.063|0.126|0.159|0.101|0.068|0.01|0.076|0.002|0.028|0.094|0.044|0.102
202401|45|47110|41110000|4711000000|서울|강남구|서초동|역삼1동|NH9383|푸르지오|13545|2|5|0.121|0.354|0.066|0.046|0.164|0.011|0.006|0.032|0.044|0.001|0.048|0.04|0.035|0.005|0.026
202401|47|11110|26110000|1111000000|부산|성남시|서초동|서초1동|NH4458|푸르지오|18819|1|5|0.106|0.266|0.023|0.052|0.027|0.072|0.01|0.002|0.054|0.071|0.171|0.021|0.095|0.001|0.028
202401|43|45110|11110000|4413000000|경기|성남시|서초동|서초1동|NH2261|푸르지오|14151|2|4|0.003|0.017|0.041|0.075|0.078|0.041|0.157|0.016|0.05|0.007|0.085|0.022|0.149|0.203|0.058
202401|27|11200|11110000|1111000000|경기|수원시|서초동|서초1동|NH3061|자이|6358|2|5|0.052|0.04|0.171|0.09|0.074|0.022|0.076|0.05|0.22|0.033|0.004|0.073|0.047|0.044|0.003
202401|26|27110|11170000|4413000000|부산|서초구|역삼동|서초1동|NH9877|힐스테이트|5123|2|3|0.055|0.004|0.014|0.025|0.037|0.068|0.034|0.022|0.004|0.107|0.302|0.131|0.026|0.158|0.013
202401|41|27110|11140000|4611000000|인천|성남시|서초동|서초1동|NH9900|래미안|14484|1|6|0.052|0.047|0.075|0.153|0.066|0.186|0.012|0.048|0.03|0.004|0.032|0.019|0.148|0.081|0.046
202401|11|27110|28110000|2711000000|인천|수원시|역삼동|역삼1동|NH3090|래미안|18472|2|5|0.086|0.075|0.064|0.115|0.079|0.003|0.01|0.039|0.135|0.0|0.021|0.09|0.143|0.038|0.103
202401|46|11170|26110000|4413000000|부산|수원시|서초동|서초1동|NH5455|푸르지오|9263|2|6|0.075|0.005|0.009|0.147|0.051|0.008|0.068|0.022|0.139|0.134|0.035|0.042|0.112|0.124|0.028
202401|47|41130|26110000|4511000000|부산|서초구|인계동|서초1동|NH2714|자이|7632|1|3|0.036|0.025|0.073|0.199|0.094|0.191|0.149|0.035|0.025|0.016|0.06|0.047|0.001|0.026|0.023
202401|44|26110|47110000|4413000000|경기|서초구|서초동|서초1동|NH8650|래미안|2805|1|4|0.159|0.059|0.196|0.003|0.037|0.071|0.012|0.173|0.027|0.018|0.133|0.014|0.079|0.008|0.01
202401|11|26110|45110000|4115000000|인천|수원시|인계동|서초1동|NH4443|푸르지오|3176|2|2|0.136|0.049|0.029|0.032|0.024|0.069|0.017|0.058|0.108|0.139|0.038|0.021|0.034|0.211|0.035
202401|46|11140|28110000|2711000000|서울|강남구|역삼동|서초1동|NH1174|푸르지오|9018|x|2|0.019|0.025|0.061|0.025|0.176|0.076|0.024|0.058|0.022|0.006|0.002|0.12|0.053|0.17|0.163
202401|11|41150|43110000|4111000000|경기|수원시|인계동|서초1동|NH3482|자이|13117|1|4|0.013|0.168|0.188|0.084|0.104|0.023|0.061|0.061|0.009|0.037|0.013|0.019|0.044|0.067|0.11
202401|27|41150|26110000|4115000000|부산|성남시|인계동|역삼1동|NH3082|푸르지오|10399|2|4|0.052|0.139|0.03|0.106|0.002|0.039|0.017|0.043|0.059|0.001|0.055|0.27|0.053|0.019|0.116
202401|27|11110|27110000|4611000000|부산|성남시|서초동|서초1동|NH8261|래미안|7705|2|6|0.001|0.019|0.221|0.116|0.023|0.113|0.002|0.106|0.116|0.022|0.046|0.027|0.006|0.168|0.015
202401|43|41110|41150000|2711000000|부산|서초구|서초동|서초1동|NH9487|푸르지오|3570|2|6|0.014|0.055|0.069|0.026|0.042|0.055|0.073|0.043|0.064|0.017|0.06|0.015|0.064|0.329|0.074
202401|11|28110|27110000|2614000000|서울|서초구|인계동|역삼1동|NH4466|힐스테이트|18783|1|6|0.031|0.056|0.071|0.192|0.067|0.038|0.126|0.049|0.018|0.011|0.042|0.127|0.07|0.058|0.044
202401|27|43110|42110000|2811000000|인천|서초구|서초동|역삼1동|NH6027|래미안|17578|2|3|0.104|0.097|0.085|0.062|0.092|0.16|0.002|0.102|0.009|0.036|0.061|0.028|0.131|0.016|0.014
202401|43|28110|45110000|1120000000|서울|서초구|서초동|역삼1동|NH3743|자이|5142|1|6|0.075|0.001|0.154|0.019|0.133|0.026|0.146|0.041|0.102|0.115|0.049|0.054|0.006|0.015|0.066
202401|43|45110|46110000|2611000000|인천|강남구|서초동|역삼1동|NH1834|푸르지오|10931|2|4|0.118|0.185|0.022|0.036|0.07|0.019|0.018|0.019|0.193|0.083|0.024|0.081|0.009|0.108|0.015
202401|45|27110|42110000|2611000000|인천|서초구|서초동|역삼1동|NH1292|푸르지오|11989|2|2|0.035|0.013|0.057|0.056|0.029|0.022|0.041|0.068|0.276|0.005|0.041|0.074|0.062|0.214|0.008
202401|46|26110|42110000|4311000000|부산|성남시|역삼동|서초1동|NH3633|푸르지오|8720|2|5|0.059|0.154|0.005|0.073|0.041|0.019|0.061|0.018|0.293|0.023|0.01|0.018|0.104|0.042|0.08
202401|45|47110|44130000|4115000000|인천|강남구|서초동|서초1동|NH7813|래미안|4897|1|4|0.079|0.022|0.09|0.193|0.071|0.108|0.099|0.03|0.011|0.024|0.054|0.002|0.004|0.047|0.167
202401|42|44130|45110000|2614000000|인천|성남시|서초동|역삼1동|NH5583|힐스테이트|9320|x|5|0.016|0.061|0.242|0.058|0.008|0.074|0.093|0.134|0.037|0.004|0.025|0.045|0.115|0.05|0.039
202401|27|11110|11170000|2711000000|인천|강남구|역삼동|역삼1동|NH7996|래미안|15937|2|6|0.002|0.028|0.009|0.062|0.045|0.001|0.072|0.173|0.132|0.11|0.007|0.039|0.153|0.078|0.089
202401|42|28110|44130000|1117000000|인천|수원시|서초동|역삼1동|NH4566|자이|8431|1|4|0.014|0.108|0.095|0.023|0.071|0.034|0.058|0.017|0.085|0.056|0.015|0.015|0.008|0.261|0.14
202401|43|11140|11200000|4113000000|서울|서초구|서초동|서초1동|NH9534|래미안|18398|2|3|0.037|0.061|0.038|0.275|0.041|0.042|0.034|0.018|0.115|0.021|0.045|0.057|0.063|0.046|0.108
202401|44|11170|27110000|1111000000|인천|강남구|서초동|역삼1동|NH4838|래미안|11107|1|5|0.052|0.053|0.03|0.017|0.095|0.178|0.138|0.103|0.003|0.009|0.151|0.01|0.104|0.056|0.001
202401|45|11170|11140000|1114000000|인천|수원시|역삼동|서초1동|NH9298|자이|9111|1|5|0.044|0.048|0.079|0.021|0.092|0.041|0.073|0.039|0.218|0.036|0.015|0.109|0.064|0.003|0.118
202401|44|47110|28110000|1111000000|인천|수원시|인계동|역삼1동|NH1616|힐스테이트|7494|2|5|0.001|0.253|0.009|0.004|0.166|0.057|0.014|0.013|0.008|0.133|0.062|0.047|0.026|0.162|0.046
202401|46|45110|43110000|1117000000|인천|서초구|인계동|역삼1동|NH4224|래미안|6421|2|4|0.006|0.103|0.022|0.003|0.013|0.142|0.011|0.052|0.089|0.27|0.031|0.046|0.01|0.197|0.005
202401|46|47110|47110000|4113000000|인천|서초구|서초동|서초1동|NH2034|힐스테이트|6792|1|5|0.038|0.007|0.125|0.014|0.027|0.043|0.061|0.013|0.124|0.013|0.148|0.063|0.034|0.038|0.251
202401|47|45110|45110000|1120000000|부산|강남구|서초동|역삼1동|NH7088|힐스테이트|7920|1|6|0.057|0.249|0.045|0.071|0.006|0.04|0.02|0.019|0.21|0.037|0.036|0.072|0.029|0.027|0.081
202401|26|11170|41150000|2614000000|경기|강남구|서초동|역삼1동|NH8290|힐스테이트|17041|1|5|0.06|0.019|0.034|0.069|0.083|0.06|0.021|0.014|0.081|0.127|0.208|0.034|0.027|0.035|0.127
202401|27|26140|26140000|1120000000|서울|서초구|서초동|서초1동|NH4868|힐스테이트|3243|1|4|0.048|0.178|0.022|0.014|0.16|0.068|0.055|0.022|0.055|0.013|0.079|0.057|0.215|0.005|0.007
202401|11|46110|11200000|1117000000|인천|서초구|역삼동|역삼1동|NH1749|래미안|16277|2|3|0.075|0.022|0.157|0.027|0.114|0.021|0.076|0.174|0.102|0.094|0.007|0.047|0.031|0.016|0.038
202401|42|43110|44130000|4111000000|서울|서초구|인계동|역삼1동|NH5927|푸르지오|15969|2|6|0.019|0.101|0.027|0.135|0.081|0.045|0.183|0.048|0.04|0.008|0.063|0.071|0.028|0.062|0.088
202401|27|47110|28110000|1111000000|인천|강남구|서초동|서초1동|NH5538|푸르지오|4469|2|5|0.069|0.089|0.008|0.105|0.062|0.107|0.023|0.074|0.079|0.004|0.195|0.112|0.005|0.027|0.04
202401|44|45110|46110000|2711000000|경기|서초구|서초동|역삼1동|NH4875|힐스테이트|11326|1|4|0.012|0.124|0.166|0.124|0.075|0.029|0.037|0.042|0.027|0.002|0.147|0.071|0.034|0.07|0.039
202401|44|45110|41130000|2611000000|인천|성남시|서초동|서초1동|NH3744|푸르지오|15135|2|3|0.028|0.018|0.051|0.125|0.038|0.027|0.053|0.315|0.167|0.009|0.014|0.024|0.011|0.085|0.036
202401|45|44130|45110000|4115000000|경기|성남시|역삼동|역삼1동|NH1486|힐스테이트|18993|2|4|0.018|0.081|0.045|0.032|0.025|0.034|0.086|0.062|0.098|0.081|0.01|0.118|0.017|0.09|0.203
202401|42|46110|41110000|2614000000|경기|수원시|역삼동|역삼1동|NH7482|힐스테이트|9897|2|3|0.033|0.163|0.139|0.028|0.048|0.036|0.123|0.057|0.043|0.053|0.008|0.019|0.018|0.155|0.081
202401|41|41110|43110000|4211000000|부산|서초구|인계동|서초1동|NH4635|힐스테이트|14106|x|3|0.215|0.009|0.102|0.04|0.047|0.034|0.011|0.035|0.003|0.035|0.1|0.049|0.068|0.195|0.056
202401|44|27110|47110000|4711000000|부산|강남구|역삼동|서초1동|NH5521|푸르지오|9541|2|5|0.016|0.049|0.149|0.061|0.005|0.021|0.001|0.035|0.013|0.004|0.026|0.033|0.118|0.258|0.211
202401|47|46110|26140000|1120000000|경기|성남시|서초동|서초1동|NH8404|힐스테이트|18806|1|6|0.012|0.034|0.059|0.017|0.062|0.032|0.087|0.0|0.165|0.174|0.046|0.136|0.041|0.096|0.038
202401|42|43110|26140000|1114000000|경기|서초구|역삼동|서초1동|NH6684|자이|6768|1|4|0.012|0.132|0.02|0.003|0.151|0.181|0.035|0.01|0.099|0.06|0.058|0.015|0.042|0.023|0.159
202401|41|11200|11170000|1117000000|부산|서초구|인계동|역삼1동|NH7937|래미안|17430|2|4|0.146|0.081|0.001|0.021|0.265|0.079|0.006|0.038|0.005|0.056|0.033|0.182|0.086|0.0|0.001
202401|11|11200|41130000|4113000000|경기|서초구|서초동|역삼1동|NH1665|푸르지오|8923|1|6|0.061|0.016|0.164|0.096|0.165|0.081|0.017|0.015|0.102|0.066|0.079|0.0|0.059|0.04|0.04
202401|42|44130|45110000|4211000000|서울|강남구|인계동|역삼1동|NH7516|자이|11436|1|6|0.008|0.121|0.123|0.049|0.066|0.099|0.036|0.023|0.003|0.09|0.008|0.109|0.013|0.1|0.15
202401|46|47110|41130000|4111000000|서울|강남구|서초동|역삼1동|NH4830|힐스테이트|8949|1|4|0.086|0.036|0.006|0.001|0.065|0.095|0.046|0.041|0.094|0.009|0.036|0.241|0.031|0.108|0.105
202401|43|26110|44130000|4711000000|인천|성남시|역삼동|역삼1동|NH5613|힐스테이트|19269|1|6|0.053|0.01|0.011|0.005|0.062|0.153|0.26|0.088|0.008|0.011|0.091|0.031|0.085|0.086|0.047
202401|43|11140|41110000|2811000000|인천|서초구|서초동|역삼1동|NH1365|힐스테이트|8933|2|3|0.03|0.022|0.017|0.01|0.015|0.022|0.005|0.075|0.069|0.294|0.051|0.091|0.068|0.068|0.162
202401|11|43110|43110000|4511000000|경기|수원시|인계동|서초1동|NH9778|자이|5460|1|3|0.016|0.091|0.047|0.05|0.029|0.061|0.144|0.05|0.075|0.089|0.044|0.019|0.07|0.05|0.165
202401|27|26110|27110000|2711000000|경기|강남구|인계동|역삼1동|NH5777|힐스테이트|16264|2|6|0.069|0.099|0.027|0.021|0.021|0.235|0.015|0.016|0.052|0.192|0.008|0.007|0.081|0.062|0.095
202401|27|43110|47110000|2811000000|부산|서초구|인계동|역삼1동|NH4419|푸르지오|8248|2|3|0.147|0.155|0.065|0.054|0.103|0.015|0.01|0.074|0.086|0.021|0.019|0.117|0.064|0.05|0.019
202401|47|46110|41110000|2811000000|인천|성남시|인계동|역삼1동|NH1941|힐스테이트|11035|1|6|0.061|0.154|0.02|0.073|0.04|0.049|0.102|0.092|0.103|0.111|0.039|0.066|0.015|0.043|0.032
202401|43|11140|11200000|4115000000|인천|강남구|서초동|서초1동|NH3040|푸르지오|12209|1|5|0.175|0.129|0.008|0.062|0.006|0.035|0.015|0.111|0.042|0.003|0.025|0.046|0.166|0.144|0.033
202401|41|11170|44130000|1114000000|인천|강남구|서초동|서초1동|NH3008|힐스테이트|8211|1|6|0.013|0.012|0.093|0.161|0.031|0.289|0.096|0.041|0.039|0.018|0.069|0.027|0.005|0.1|0.007
202401|43|41110|46110000|2811000000|경기|성남시|서초동|역삼1동|NH3120|자이|5490|2|2|0.039|0.004|0.014|0.055|0.048|0.07|0.006|0.005|0.123|0.086|0.016|0.158|0.129|0.246|0.002
202401|26|45110|28110000|4115000000|서울|강남구|서초동|서초1동|NH5038|힐스테이트|15806|2|3|0.167|0.047|0.018|0.024|0.042|0.046|0.018|0.082|0.005|0.003|0.23|0.013|0.151|0.043|0.11
202401|44|11140|11110000|4211000000|인천|강남구|인계동|서초1동|NH8658|자이|14659|2|5|0.114|0.157|0.177|0.026|0.071|0.037|0.003|0.033|0.072|0.028|0.058|0.001|0.007|0.151|0.065
202401|46|11140|46110000|4511000000|부산|서초구|역삼동|역삼1동|NH1880|힐스테이트|11806|1|6|0.212|0.019|0.05|0.011|0.013|0.026|0.021|0.113|0.104|0.002|0.2|0.06|0.1|0.02|0.049
202401|41|44130|44130000|1117000000|서울|서초구|서초동|서초1동|NH8762|자이|10356|1|4|0.016|0.041|0.127|0.048|0.055|0.279|0.011|0.144|0.018|0.097|0.043|0.009|0.03|0.006|0.076
202401|42|43110|26110000|4413000000|경기|성남시|역삼동|서초1동|NH8869|자이|11450|1|4|0.037|0.094|0.107|0.002|0.12|0.032|0.03|0.073|0.029|0.012|0.04|0.098|0.01|0.015|0.3
202401|27|41110|28110000|4115000000|부산|강남구|서초동|서초1동|NH7939|푸르지오|3192|x|3|0.022|0.121|0.011|0.016|0.053|0.064|0.058|0.02|0.132|0.066|0.05|0.308|0.012|0.068|0.0
202401|27|26110|11110000|1111000000|인천|서초구|역삼동|서초1동|NH6156|래미안|19371|1|6|0.119|0.089|0.182|0.008|0.028|0.001|0.071|0.028|0.072|0.056|0.077|0.026|0.071|0.001|0.169
202401|42|43110|11140000|2614000000|경기|서초구|역삼동|서초1동|NH2072|힐스테이트|2552|1|6|0.032|0.177|0.16|0.049|0.026|0.049|0.043|0.001|0.073|0.046|0.025|0.132|0.106|0.074|0.005
202401|27|46110|27110000|2614000000|인천|강남구|서초동|역삼1동|NH4918|자이|5223|1|5|0.057|0.026|0.063|0.007|0.067|0.017|0.059|0.009|0.012|0.052|0.059|0.316|0.228|0.01|0.02
202401|11|42110|45110000|4413000000|경기|수원시|역삼동|역삼1동|NH8919|자이|2336|1|6|0.145|0.043|0.059|0.193|0.008|0.014|0.013|0.046|0.103|0.091|0.013|0.115|0.019|0.095|0.044
202401|42|11200|11110000|2611000000|부산|강남구|인계동|역삼1동|NH8487|푸르지오|11346|2|2|0.063|0.012|0.124|0.209|0.031|0.02|0.137|0.091|0.022|0.012|0.039|0.021|0.083|0.062|0.075
202401|46|41110|47110000|1114000000|부산|서초구|인계동|역삼1동|NH7931|힐스테이트|12402|2|3|0.004|0.062|0.03|0.003|0.053|0.009|0.068|0.01|0.015|0.085|0.05|0.129|0.148|0.236|0.097
202401|27|43110|45110000|1111000000|서울|수원시|역삼동|서초1동|NH1711|자이|2202|2|6|0.048|0.023|0.031|0.103|0.004|0.217|0.092|0.066|0.113|0.08|0.054|0.112|0.006|0.025|0.025
202401|46|26140|43110000|4711000000|서울|서초구|서초동|서초1동|NH4401|푸르지오|3396|2|3|0.21|0.069|0.122|0.059|0.015|0.187|0.004|0.094|0.007|0.002|0.011|0.03|0.072|0.007|0.111
202401|43|45110|26140000|4311000000|인천|수원시|서초동|서초1동|NH8410|자이|11677|1|3|0.045|0.022|0.008|0.166|0.172|0.053|0.082|0.004|0.002|0.119|0.076|0.068|0.027|0.081|0.077
202401|43|45110|44130000|1120000000|부산|서초구|역삼동|서초1동|NH5048|힐스테이트|12686|1|5|0.14|0.048|0.035|0.037|0.086|0.022|0.163|0.079|0.001|0.116|0.101|0.034|0.004|0.122|0.013
202401|44|45110|27110000|1111000000|서울|강남구|서초동|역삼1동|NH3219|자이|10890|1|6|0.18|0.01|0.189|0.0|0.056|0.178|0.054|0.058|0.157|0.016|0.004|0.005|0.079|0.009|0.005
202401|26|41110|28110000|4211000000|인천|수원시|서초동|역삼1동|NH2510|푸르지오|10828|1|2|0.099|0.117|0.003|0.027|0.041|0.068|0.013|0.201|0.095|0.083|0.008|0.097|0.022|0.039|0.086
202401|27|41110|28110000|2811000000|부산|성남시|서초동|서초1동|NH3818|푸르지오|7216|1|3|0.163|0.048|0.182|0.004|0.004|0.03|0.026|0.006|0.018|0.012|0.285|0.01|0.055|0.102|0.055
202401|47|11200|11140000|4113000000|부산|서초구|서초동|역삼1동|NH8830|래미안|7482|1|6|0.103|0.137|0.06|0.076|0.048|0.013|0.057|0.026|0.045|0.02|0.019|0.072|0.165|0.038|0.12
202401|45|46110|11140000|2611000000|인천|서초구|역삼동|역삼1동|NH6678|힐스테이트|4484|1|5|0.058|0.031|0.048|0.031|0.009|0.267|0.096|0.09|0.001|0.042|0.013|0.034|0.172|0.016|0.09
202401|47|41110|44130000|2614000000|인천|강남구|서초동|역삼1동|NH7032|푸르지오|12192|1|6|0.052|0.082|0.066|0.006|0.044|0.04|0.105|0.02|0.167|0.038|0.085|0.19|0.019|0.083|0.005
202401|26|11110|11140000|4115000000|인천|강남구|서초동|서초1동|NH5876|래미안|12760|2|5|0.051|0.143|0.02|0.135|0.042|0.023|0.037|0.111|0.049|0.004|0.067|0.141|0.002|0.041|0.135
202401|26|46110|41150000|2614000000|인천|수원시|역삼동|역삼1동|NH9461|래미안|12153|1|4|0.005|0.063|0.063|0.18|0.031|0.009|0.01|0.027|0.09|0.093|0.087|0.093|0.001|0.151|0.097
202401|43|41110|28110000|4711000000|경기|강남구|인계동|역삼1동|NH7982|자이|17124|2|6|0.055|0.049|0.035|0.058|0.146|0.057|0.148|0.084|0.139|0.044|0.007|0.023|0.089|0.044|0.021
202401|46|44130|11200000|1117000000|인천|성남시|인계동|역삼1동|NH9148|자이|18574|1|3|0.075|0.003|0.039|0.018|0.237|0.046|0.224|0.015|0.055|0.091|0.069|0.037|0.035|0.022|0.033
202401|45|47110|45110000|2711000000|인천|수원시|서초동|역삼1동|NH5474|푸르지오|3973|1|3|0.05|0.058|0.131|0.016|0.15|0.143|0.042|0.003|0.032|0.015|0.002|0.237|0.075|0.007|0.04
202401|26|11140|46110000|2711000000|경기|서초구|역삼동|서초1동|NH1722|힐스테이트|2748|1|6|0.173|0.113|0.016|0.062|0.071|0.003|0.092|0.068|0.068|0.059|0.019|0.071|0.104|0.08|0.001
202401|45|44130|46110000|4115000000|인천|강남구|서초동|서초1동|NH6853|푸르지오|10149|1|6|0.011|0.127|0.013|0.02|0.089|0.001|0.038|0.023|0.027|0.215|0.02|0.149|0.106|0.085|0.076
202401|26|26110|43110000|2614000000|부산|강남구|서초동|역삼1동|NH2201|푸르지오|7592|2|3|0.253|0.032|0.024|0.007|0.054|0.063|0.048|0.173|0.022|0.005|0.047|0.102|0.137|0.001|0.03
202401|42|47110|27110000|2811000000|경기|서초구|인계동|서초1동|NH6090|힐스테이트|16443|1|2|0.009|0.014|0.013|0.279|0.139|0.146|0.008|0.036|0.026|0.013|0.024|0.114|0.008|0.138|0.033
202401|27|47110|11110000|1111000000|경기|성남시|인계동|역삼1동|NH4403|자이|12943|2|4|0.066|0.065|0.131|0.05|0.021|0.007|0.189|0.011|0.124|0.09|0.01|0.154|0.005|0.001|0.075
202401|26|27110|45110000|1114000000|서울|서초구|인계동|서초1동|NH5006|래미안|2154|1|3|0.057|0.021|0.108|0.025|0.074|0.008|0.148|0.135|0.076|0.075|0.046|0.121|0.016|0.038|0.051
202401|45|27110|41130000|2711000000|경기|서초구|서초동|역삼1동|NH6178|푸르지오|10144|2|3|0.149|0.011|0.125|0.076|0.148|0.038|0.179|0.005|0.015|0.047|0.045|0.021|0.051|0.017|0.074
202401|45|41150|47110000|4113000000|서울|서초구|서초동|역삼1동|NH2857|자이|13285|2|5|0.039|0.098|0.013|0.0|0.07|0.049|0.117|0.053|0.05|0.008|0.033|0.116|0.102|0.026|0.227
202401|47|41150|42110000|2711000000|부산|서초구|인계동|서초1동|NH3656|푸르지오|6092|1|6|0.042|0.021|0.067|0.025|0.074|0.037|0.0|0.108|0.09|0.101|0.051|0.023|0.106|0.201|0.053
202401|43|41130|28110000|4611000000|서울|서초구|역삼동|서초1동|NH7299|래미안|10408|x|6|0.014|0.061|0.001|0.073|0.053|0.126|0.05|0.128|0.034|0.012|0.071|0.178|0.041|0.021|0.137
202401|41|42110|46110000|2811000000|경기|성남시|인계동|서초1동|NH7218|푸르지오|8929|1|2|0.181|0.007|0.154|0.067|0.029|0.078|0.006|0.012|0.143|0.003|0.078|0.071|0.135|0.014|0.023
202401|26|47110|11200000|4711000000|인천|수원시|서초동|서초1동|NH6255|자이|3249|1|6|0.074|0.026|0.09|0.084|0.003|0.111|0.16|0.002|0.162|0.009|0.133|0.065|0.013|0.003|0.063
202401|27|11140|11170000|2614000000|경기|성남시|역삼동|역삼1동|NH7624|자이|2675|1|3|0.015|0.043|0.113|0.028|0.053|0.08|0.132|0.01|0.006|0.021|0.01|0.122|0.05|0.216|0.102
202401|42|46110|11110000|4413000000|서울|성남시|인계동|역삼1동|NH3419|래미안|18939|1|6|0.044|0.105|0.055|0.138|0.001|0.094|0.078|0.085|0.028|0.07|0.126|0.031|0.014|0.015|0.117
202401|45|44130|28110000|1111000000|인천|서초구|인계동|역삼1동|NH2955|푸르지오|18170|2|5|0.125|0.285|0.01|0.188|0.053|0.001|0.057|0.028|0.123|0.002|0.021|0.011|0.038|0.029|0.03
202401|46|41150|11170000|4413000000|경기|강남구|서초동|역삼1동|NH8649|래미안|6641|2|6|0.01|0.051|0.024|0.08|0.147|0.24|0.006|0.019|0.039|0.002|0.184|0.021|0.057|0.059|0.06
202401|42|42110|43110000|4111000000|경기|성남시|인계동|역삼1동|NH5295|래미안|18668|x|3|0.041|0.105|0.021|0.132|0.008|0.031|0.088|0.005|0.034|0.004|0.078|0.147|0.052|0.205|0.05
202401|44|44130|44130000|2811000000|부산|강남구|인계동|역삼1동|NH8466|자이|9568|1|4|0.291|0.053|0.026|0.014|0.016|0.061|0.068|0.051|0.097|0.08|0.084|0.04|0.021|0.018|0.08
202401|41|41130|45110000|4111000000|경기|수원시|인계동|역삼1동|NH4406|자이|11227|1|5|0.051|0.091|0.027|0.035|0.073|0.178|0.162|0.043|0.035|0.198|0.058|0.002|0.007|0.014|0.024
202401|26|41110|26110000|2811000000|경기|서초구|인계동|서초1동|NH4961|힐스테이트|9461|2|5|0.019|0.003|0.032|0.035|0.039|0.185|0.042|0.025|0.071|0.139|0.004|0.016|0.143|0.106|0.142
202401|26|26110|42110000|2811000000|경기|수원시|서초동|역삼1동|NH9469|푸르지오|7741|1|3|0.009|0.06|0.042|0.06|0.018|0.011|0.005|0.128|0.04|0.056|0.059|0.263|0.072|0.011|0.167
202401|45|41150|11170000|4611000000|부산|성남시|인계동|서초1동|NH9744|자이|17108|1|2|0.057|0.099|0.089|0.067|0.087|0.069|0.073|0.048|0.196|0.032|0.02|0.009|0.082|0.023|0.049
202401|11|45110|41130000|2811000000|인천|강남구|인계동|역삼1동|NH5193|힐스테이트|15375|2|5|0.05|0.035|0.041|0.002|0.089|0.112|0.049|0.06|0.077|0.031|0.119|0.118|0.07|0.011|0.138
202401|26|41130|41130000|1111000000|인천|수원시|서초동|서초1동|NH7850|푸르지오|9526|1|5|0.001|0.192|0.066|0.13|0.006|0.009|0.001|0.135|0.018|0.056|0.008|0.046|0.082|0.11|0.139
202401|11|41130|26140000|2614000000|인천|서초구|서초동|서초1동|NH8419|푸르지오|3603|x|5|0.091|0.062|0.048|0.013|0.012|0.056|0.012|0.128|0.079|0.141|0.081|0.014|0.14|0.073|0.051
202401|47|26110|43110000|4111000000|부산|수원시|역삼동|서초1동|NH7480|푸르지오|17361|1|5|0.001|0.24|0.188|0.048|0.006|0.123|0.001|0.025|0.07|0.037|0.09|0.026|0.043|0.019|0.082
202401|45|11140|11200000|1120000000|인천|강남구|역삼동|역삼1동|NH3118|래미안|18620|1|6|0.051|0.013|0.097|0.104|0.01|0.017|0.057|0.031|0.12|0.056|0.155|0.012|0.139|0.023|0.114
202401|45|42110|26110000|1114000000|경기|강남구|역삼동|서초1동|NH4394|힐스테이트|7370|x|6|0.135|0.01|0.032|0.056|0.0|0.036|0.079|0.017|0.2|0.048|0.0|0.073|0.223|0.027|0.064
202401|45|27110|11110000|1117000000|서울|성남시|역삼동|서초1동|NH7964|래미안|3286|2|5|0.039|0.015|0.135|0.056|0.035|0.082|0.071|0.059|0.091|0.133|0.019|0.113|0.061|0.024|0.068
202401|47|44130|11110000|4211000000|경기|성남시|서초동|역삼1동|NH6674|푸르지오|6119|2|5|0.018|0.028|0.02|0.024|0.106|0.017|0.024|0.052|0.181|0.091|0.072|0.055|0.093|0.093|0.127
202401|47|11200|44130000|4211000000|인천|강남구|인계동|역삼1동|NH2557|자이|11942|1|4|0.008|0.046|0.067|0.065|0.085|0.053|0.075|0.044|0.266|0.051|0.025|0.107|0.002|0.087|0.019
202401|47|45110|45110000|4113000000|경기|성남시|역삼동|역삼1동|NH2229|힐스테이트|3189|2|3|0.001|0.0|0.107|0.043|0.047|0.06|0.094|0.046|0.037|0.061|0.011|0.209|0.241|0.037|0.006
202401|44|41150|11200000|4113000000|경기|성남시|인계동|역삼1동|NH9373|래미안|2349|x|5|0.043|0.004|0.013|0.018|0.074|0.139|0.115|0.073|0.052|0.079|0.052|0.042|0.055|0.078|0.164
202401|46|11200|47110000|1111000000|인천|서초구|인계동|서초1동|NH1522|래미안|14455|1|6|0.174|0.02|0.115|0.055|0.005|0.005|0.006|0.102|0.069|0.189|0.014|0.101|0.017|0.12|0.006
202401|11|45110|47110000|2811000000|서울|성남시|서초동|서초1동|NH9380|자이|4664|2|4|0.073|0.013|0.239|0.054|0.024|0.028|0.107|0.077|0.038|0.035|0.052|0.116|0.02|0.054|0.071
202401|46|44130|44130000|2614000000|부산|서초구|인계동|서초1동|NH8581|자이|14858|1|5|0.105|0.02|0.005|0.212|0.138|0.006|0.001|0.021|0.001|0.028|0.061|0.151|0.027|0.181|0.042
202401|47|28110|44130000|4611000000|인천|서초구|인계동|서초1동|NH9778|래미안|13604|2|4|0.007|0.09|0.105|0.037|0.066|0.108|0.083|0.061|0.169|0.031|0.121|0.011|0.024|0.047|0.04
202401|47|11140|41150000|4111000000|경기|서초구|서초동|서초1동|NH5931|자이|6426|1|5|0.044|0.175|0.0|0.011|0.221|0.0|0.178|0.06|0.018|0.008|0.123|0.061|0.086|0.009|0.005
202401|47|44130|11140000|1117000000|부산|강남구|서초동|서초1동|NH9515|푸르지오|2527|1|3|0.014|0.124|0.042|0.074|0.011|0.011|0.127|0.178|0.005|0.132|0.027|0.048|0.073|0.074|0.061
202401|26|44130|41130000|4511000000|부산|성남시|서초동|역삼1동|NH7698|힐스테이트|18882|2|6|0.071|0.083|0.073|0.096|0.009|0.023|0.115|0.003|0.073|0.138|0.011|0.136|0.004|0.068|0.097
202401|26|45110|11170000|4115000000|인천|서초구|역삼동|서초1동|NH3171|래미안|18323|x|4|0.09|0.022|0.23|0.001|0.114|0.098|0.006|0.093|0.06|0.025|0.081|0.053|0.066|0.031|0.03
202401|26|11140|26140000|1117000000|부산|강남구|인계동|역삼1동|NH4265|푸르지오|9715|1|2|0.227|0.052|0.038|0.001|0.067|0.024|0.096|0.073|0.088|0.035|0.206|0.048|0.028|0.002|0.015
202401|11|44130|46110000|4111000000|경기|강남구|인계동|역삼1동|NH7349|푸르지오|16053|1|2|0.059|0.019|0.05|0.066|0.137|0.012|0.021|0.095|0.272|0.048|0.022|0.013|0.087|0.049|0.05
202401|11|44130|43110000|2711000000|서울|수원시|인계동|서초1동|NH9670|푸르지오|15710|1|6|0.061|0.075|0.017|0.26|0.116|0.034|0.037|0.045|0.037|0.065|0.152|0.006|0.047|0.044|0.005
202401|43|27110|28110000|4511000000|인천|성남시|서초동|역삼1동|NH1707|래미안|15842|1|2|0.136|0.029|0.02|0.086|0.037|0.145|0.024|0.005|0.099|0.013|0.006|0.013|0.212|0.076|0.096
202401|11|11170|41110000|2811000000|인천|수원시|인계동|서초1동|NH2235|푸르지오|10813|1|5|0.103|0.005|0.114|0.017|0.045|0.004|0.044|0.011|0.236|0.147|0.011|0.009|0.166|0.043|0.046
202401|41|11140|46110000|2711000000|부산|서초구|서초동|서초1동|NH1120|푸르지오|5096|1|5|0.219|0.019|0.068|0.047|0.066|0.076|0.021|0.075|0.002|0.109|0.036|0.004|0.029|0.095|0.133
202401|43|41110|46110000|4413000000|경기|서초구|역삼동|역삼1동|NH9762|푸르지오|6217|1|5|0.005|0.024|0.196|0.122|0.02|0.047|0.022|0.0|0.156|0.036|0.065|0.022|0.101|0.079|0.105
202401|27|26110|26140000|4115000000|서울|수원시|인계동|역삼1동|NH4579|힐스테이트|12669|1|2|0.002|0.021|0.127|0.024|0.038|0.152|0.045|0.042|0.234|0.091|0.043|0.007|0.019|0.032|0.121
202401|45|28110|41110000|4711000000|인천|서초구|서초동|역삼1동|NH6656|래미안|4388|2|3|0.037|0.216|0.048|0.0|0.033|0.091|0.023|0.015|0.02|0.094|0.048|0.097|0.195|0.033|0.051
202401|44|28110|41150000|2611000000|부산|수원시|인계동|역삼1동|NH9763|푸르지오|6270|1|6|0.049|0.165|0.044|0.006|0.018|0.052|0.054|0.131|0.004|0.12|0.042|0.091|0.142|0.06|0.022
202401|47|28110|11170000|4611000000|인천|성남시|인계동|서초1동|NH2036|푸르지오|7400|2|3|0.24|0.007|0.078|0.007|0.076|0.03|0.035|0.15|0.04|0.028|0.056|0.015|0.203|0.032|0.002
202401|41|11170|11140000|1117000000|경기|강남구|인계동|서초1동|NH7238|자이|3720|1|6|0.014|0.004|0.166|0.086|0.002|0.014|0.002|0.006|0.019|0.039|0.13|0.121|0.131|0.239|0.027
202401|26|46110|11200000|1111000000|경기|성남시|인계동|서초1동|NH5496|자이|13352|1|6|0.008|0.034|0.042|0.195|0.066|0.072|0.03|0.044|0.019|0.032|0.094|0.019|0.051|0.016|0.279
202401|42|27110|11110000|4711000000|서울|강남구|역삼동|역삼1동|NH1672|푸르지오|9987|1|6|0.11|0.075|0.043|0.002|0.006|0.01|0.071|0.001|0.147|0.018|0.132|0.197|0.025|0.048|0.114
202401|26|11140|41110000|4711000000|경기|서초구|인계동|역삼1동|NH1118|힐스테이트|8309|1|3|0.001|0.025|0.092|0.103|0.017|0.09|0.2|0.079|0.065|0.005|0.005|0.009|0.059|0.084|0.166
202401|43|11140|44130000|2711000000|부산|강남구|인계동|서초1동|NH5080|푸르지오|3153|2|4|0.067|0.048|0.068|0.047|0.047|0.026|0.038|0.23|0.01|0.085|0.016|0.047|0.077|0.114|0.081
202401|27|27110|45110000|4311000000|부산|수원시|서초동|서초1동|NH9224|래미안|17030|x|2|0.288|0.091|0.058|0.017|0.025|0.016|0.006|0.142|0.053|0.045|0.011|0.07|0.138|0.021|0.02
202401|43|41150|42110000|4311000000|부산|성남시|역삼동|서초1동|NH8748|래미안|15239|2|4|0.113|0.005|0.017|0.037|0.019|0.012|0.104|0.122|0.162|0.055|0.036|0.239|0.017|0.001|0.062
202401|42|46110|41130000|4113000000|부산|서초구|서초동|서초1동|NH9302|푸르지오|7227|2|5|0.012|0.071|0.057|0.016|0.018|0.05|0.212|0.086|0.012|0.1|0.035|0.06|0.12|0.14|0.01
202401|45|42110|26110000|4111000000|인천|수원시|서초동|서초1동|NH2841|푸르지오|7694|1|5|0.055|0.001|0.176|0.112|0.022|0.18|0.092|0.012|0.04|0.016|0.051|0.026|0.031|0.111|0.074
202401|44|43110|11200000|1120000000|서울|강남구|서초동|역삼1동|NH8436|힐스테이트|8709|1|5|0.189|0.187|0.098|0.076|0.129|0.056|0.076|0.023|0.04|0.026|0.049|0.001|0.028|0.013|0.01
202401|43|11140|42110000|4311000000|인천|수원시|서초동|서초1동|NH2536|힐스테이트|9125|1|3|0.096|0.023|0.025|0.016|0.126|0.031|0.04|0.126|0.097|0.119|0.168|0.002|0.03|0.002|0.1
202401|46|27110|46110000|4211000000|부산|강남구|역삼동|서초1동|NH8007|자이|3748|2|3|0.031|0.005|0.081|0.035|0.045|0.184|0.065|0.002|0.086|0.076|0.014|0.266|0.065|0.006|0.037
202401|42|45110|46110000|4211000000|부산|서초구|인계동|역삼1동|NH3418|힐스테이트|18963|2|5|0.019|0.039|0.003|0.022|0.055|0.163|0.004|0.006|0.261|0.059|0.132|0.034|0.056|0.096|0.051
202401|26|27110|47110000|1114000000|서울|서초구|서초동|역삼1동|NH1830|래미안|14018|x|5|0.238|0.045|0.115|0.062|0.118|0.074|0.002|0.012|0.011|0.066|0.053|0.031|0.036|0.088|0.049
202401|11|45110|46110000|4611000000|인천|서초구|역삼동|서초1동|NH8514|자이|7750|x|6|0.024|0.056|0.21|0.065|0.022|0.14|0.012|0.017|0.04|0.125|0.148|0.037|0.019|0.03|0.056
202401|27|43110|47110000|4113000000|경기|강남구|인계동|역삼1동|NH2420|푸르지오|2831|2|4|0.02|0.125|0.197|0.029|0.027|0.028|0.099|0.133|0.047|0.051|0.037|0.057|0.011|0.052|0.088
202401|11|11110|11140000|1114000000|서울|서초구|서초동|역삼1동|NH9383|힐스테이트|6571|2|5|0.071|0.207|0.058|0.087|0.017|0.032|0.163|0.099|0.111|0.004|0.025|0.053|0.011|0.038|0.025
202401|26|43110|47110000|2614000000|서울|강남구|인계동|역삼1동|NH8389|래미안|9108|1|3|0.064|0.078|0.058|0.008|0.214|0.006|0.002|0.023|0.042|0.113|0.023|0.052|0.084|0.228|0.004
202401|42|26110|41130000|1117000000|경기|수원시|서초동|역삼1동|NH2737|자이|12201|2|6|0.006|0.337|0.0|0.018|0.039|0.005|0.048|0.137|0.177|0.009|0.016|0.062|0.01|0.026|0.11
202401|27|11170|43110000|2611000000|인천|수원시|인계동|서초1동|NH3893|힐스테이트|8514|2|5|0.11|0.011|0.135|0.012|0.012|0.19|0.107|0.026|0.127|0.011|0.03|0.072|0.111|0.024|0.021
202401|11|47110|41110000|4711000000|경기|강남구|역삼동|서초1동|NH6275|래미안|10572|2|5|0.055|0.086|0.152|0.091|0.035|0.02|0.067|0.104|0.01|0.047|0.063|0.036|0.066|0.132|0.035
202401|47|26110|43110000|2711000000|서울|강남구|인계동|역삼1동|NH3037|힐스테이트|3140|1|4|0.074|0.001|0.059|0.135|0.011|0.058|0.015|0.077|0.034|0.038|0.128|0.015|0.131|0.18|0.046
202401|11|27110|41150000|4113000000|서울|수원시|인계동|서초1동|NH1411|푸르지오|2446|2|3|0.056|0.019|0.063|0.12|0.072|0.15|0.048|0.035|0.058|0.04|0.018|0.196|0.025|0.076|0.024
202401|11|47110|27110000|4115000000|부산|강남구|인계동|서초1동|NH5251|래미안|13705|2|5|0.014|0.001|0.069|0.096|0.029|0.161|0.03|0.065|0.093|0.13|0.131|0.018|0.079|0.036|0.049
202401|26|44130|11200000|4311000000|부산|강남구|역삼동|서초1동|NH8663|푸르지오|12073|2|3|0.001|0.238|0.065|0.002|0.137|0.003|0.0|0.137|0.156|0.002|0.024|0.033|0.137|0.062|0.001
202401|26|43110|11200000|4413000000|서울|수원시|역삼동|역삼1동|NH4220|힐스테이트|7244|1|4|0.22|0.05|0.033|0.021|0.041|0.051|0.102|0.202|0.003|0.078|0.0|0.031|0.016|0.134|0.016
202401|11|41130|41150000|4113000000|서울|성남시|서초동|서초1동|NH2199|자이|4873|2|6|0.004|0.12|0.026|0.046|0.108|0.031|0.222|0.127|0.016|0.138|0.019|0.01|0.004|0.057|0.072
202401|46|26140|28110000|4511000000|경기|서초구|인계동|서초1동|NH8112|힐스테이트|10648|2|4|0.035|0.063|0.046|0.003|0.05|0.017|0.078|0.215|0.056|0.018|0.028|0.122|0.228|0.008|0.035
202401|44|11200|41110000|4113000000|경기|수원시|역삼동|서초1동|NH3929|자이|4218|2|5|0.007|0.008|0.116|0.054|0.17|0.037|0.129|0.114|0.031|0.06|0.011|0.043|0.148|0.03|0.044
202401|27|11140|11170000|4511000000|부산|수원시|인계동|서초1동|NH6225|힐스테이트|6363|x|4|0.029|0.008|0.116|0.053|0.053|0.071|0.0|0.095|0.009|0.046|0.11|0.102|0.195|0.047|0.066
202401|44|45110|41110000|1120000000|인천|서초구|서초동|역삼1동|NH6791|푸르지오|10747|2|6|0.197|0.07|0.035|0.163|0.048|0.116|0.04|0.001|0.03|0.075|0.112|0.005|0.019|0.05|0.041
202401|43|11200|41130000|4211000000|서울|서초구|서초동|서초1동|NH1328|래미안|18997|1|3|0.275|0.036|0.004|0.022|0.138|0.058|0.044|0.08|0.096|0.042|0.006|0.04|0.087|0.017|0.055
202401|43|27110|41110000|4511000000|부산|서초구|인계동|역삼1동|NH1862|푸르지오|8498|1|4|0.016|0.034|0.19|0.026|0.005|0.059|0.13|0.006|0.004|0.235|0.107|0.07|0.021|0.024|0.073
202401|47|42110|27110000|1111000000|부산|수원시|역삼동|서초1동|NH1849|래미안|9419|2|5|0.077|0.076|0.016|0.176|0.016|0.053|0.198|0.001|0.078|0.016|0.054|0.005|0.093|0.068|0.073
202401|11|47110|26140000|4711000000|서울|강남구|서초동|서초1동|NH2850|자이|4810|x|4|0.074|0.027|0.066|0.077|0.077|0.005|0.071|0.191|0.111|0.034|0.019|0.074|0.097|0.073|0.002
202401|11|11170|27110000|4311000000|부산|강남구|역삼동|서초1동|NH4275|래미안|4956|2|4|0.077|0.032|0.193|0.01|0.052|0.121|0.015|0.011|0.005|0.035|0.014|0.203|0.129|0.022|0.081
202401|43|47110|11170000|4413000000|경기|서초구|인계동|역삼1동|NH4222|힐스테이트|4887|1|6|0.041|0.024|0.049|0.077|0.256|0.161|0.028|0.095|0.032|0.002|0.071|0.002|0.017|0.013|0.135
202401|45|28110|26140000|1120000000|부산|서초구|서초동|서초1동|NH3867|자이|16043|2|3|0.161|0.012|0.087|0.126|0.022|0.007|0.003|0.105|0.019|0.032|0.021|0.011|0.013|0.322|0.057
202401|47|27110|11170000|4111000000|인천|서초구|역삼동|서초1동|NH1648|힐스테이트|9220|x|3|0.008|0.042|0.183|0.051|0.075|0.04|0.135|0.031|0.032|0.043|0.091|0.006|0.218|0.016|0.028
202401|46|42110|44130000|2611000000|부산|강남구|인계동|역삼1동|NH8369|힐스테이트|15611|x|6|0.098|0.025|0.142|0.033|0.022|0.021|0.207|0.097|0.051|0.042|0.073|0.048|0.018|0.11|0.012
202401|27|27110|44130000|1120000000|서울|서초구|서초동|역삼1동|NH6799|자이|8146|2|3|0.064|0.115|0.098|0.003|0.001|0.062|0.214|0.198|0.031|0.08|0.002|0.037|0.017|0.004|0.074
202401|42|41150|41110000|4211000000|인천|성남시|역삼동|역삼1동|NH3412|자이|17247|1|2|0.024|0.017|0.031|0.041|0.196|0.048|0.01|0.011|0.286|0.139|0.086|0.015|0.014|0.006|0.076
202401|46|47110|47110000|4711000000|서울|서초구|서초동|서초1동|NH2289|자이|7601|1|5|0.099|0.128|0.093|0.082|0.003|0.006|0.036|0.062|0.249|0.004|0.023|0.029|0.018|0.166|0.003
202401|45|27110|27110000|4311000000|인천|강남구|서초동|서초1동|NH8572|푸르지오|15491|2|5|0.003|0.12|0.084|0.127|0.0|0.107|0.092|0.008|0.036|0.015|0.076|0.023|0.223|0.027|0.058
202401|11|11140|41110000|2611000000|경기|강남구|역삼동|서초1동|NH1044|힐스테이트|17566|1|2|0.044|0.019|0.152|0.014|0.01|0.028|0.016|0.31|0.042|0.097|0.128|0.014|0.05|0.039|0.038
202401|44|41130|41150000|2614000000|부산|강남구|역삼동|서초1동|NH7953|자이|9881|x|5|0.146|0.028|0.041|0.103|0.073|0.077|0.107|0.026|0.054|0.005|0.037|0.103|0.037|0.159|0.004
202401|44|41110|46110000|4211000000|부산|강남구|서초동|서초1동|NH4919|힐스테이트|16897|2|4|0.073|0.005|0.016|0.172|0.029|0.178|0.065|0.007|0.081|0.135|0.01|0.134|0.033|0.056|0.004
202401|41|44130|45110000|1114000000|부산|성남시|인계동|역삼1동|NH4251|힐스테이트|10743|2|3|0.046|0.136|0.03|0.09|0.032|0.017|0.028|0.259|0.075|0.1|0.038|0.063|0.027|0.057|0.001
202401|42|26110|41110000|2611000000|서울|성남시|서초동|역삼1동|NH5898|자이|18501|2|3|0.042|0.026|0.236|0.002|0.063|0.004|0.08|0.057|0.107|0.01|0.169|0.148|0.005|0.008|0.043
202401|45|41150|11200000|2811000000|경기|강남구|인계동|역삼1동|NH9003|자이|13187|2|6|0.197|0.06|0.077|0.153|0.004|0.055|0.064|0.131|0.018|0.042|0.01|0.059|0.038|0.055|0.038
202401|46|11200|47110000|4611000000|경기|강남구|서초동|역삼1동|NH6772|자이|15866|1|6|0.098|0.021|0.049|0.027|0.129|0.047|0.026|0.025|0.07|0.016|0.051|0.23|0.024|0.079|0.108
202401|42|26140|27110000|4211000000|부산|성남시|서초동|역삼1동|NH2694|자이|11114|1|4|0.283|0.013|0.071|0.093|0.007|0.039|0.072|0.038|0.065|0.053|0.031|0.027|0.054|0.022|0.132
202401|43|11170|47110000|2614000000|서울|서초구|서초동|역삼1동|NH8488|힐스테이트|6529|2|4|0.071|0.08|0.009|0.098|0.09|0.105|0.069|0.042|0.033|0.02|0.067|0.133|0.016|0.008|0.16
202401|45|41150|41150000|4511000000|서울|서초구|인계동|서초1동|NH6560|자이|9082|1|5|0.001|0.012|0.038|0.002|0.097|0.001|0.123|0.08|0.041|0.172|0.024|0.165|0.052|0.144|0.048
202401|27|45110|11110000|4611000000|인천|서초구|서초동|역삼1동|NH8605|푸르지오|10664|1|6|0.005|0.089|0.06|0.054|0.236|0.006|0.05|0.057|0.07|0.004|0.042|0.094|0.096|0.002|0.135
202401|46|26140|11140000|2711000000|경기|강남구|역삼동|역삼1동|NH3528|자이|6372|1|6|0.147|0.113|0.144|0.013|0.046|0.134|0.017|0.161|0.015|0.006|0.012|0.016|0.054|0.101|0.021
202401|11|41150|41150000|4611000000|서울|수원시|서초동|서초1동|NH3152|자이|6741|1|4|0.012|0.054|0.051|0.233|0.097|0.145|0.007|0.06|0.047|0.005|0.04|0.171|0.019|0.046|0.014
202401|27|11170|46110000|2611000000|서울|강남구|역삼동|서초1동|NH8084|자이|9951|1|6|0.022|0.036|0.045|0.009|0.007|0.077|0.02|0.018|0.17|0.079|0.161|0.175|0.008|0.033|0.14
202401|11|11140|47110000|1114000000|인천|성남시|역삼동|역삼1동|NH5078|래미안|17833|2|5|0.031|0.233|0.074|0.004|0.131|0.043|0.084|0.003|0.051|0.049|0.072|0.02|0.051|0.044|0.11
202401|41|43110|27110000|2811000000|인천|강남구|역삼동|역삼1동|NH4066|푸르지오|5986|1|3|0.014|0.022|0.002|0.272|0.019|0.01|0.064|0.002|0.063|0.126|0.028|0.034|0.168|0.029|0.147
202401|27|47110|26140000|2811000000|경기|서초구|서초동|역삼1동|NH7366|푸르지오|16575|2|6|0.092|0.018|0.046|0.053|0.099|0.163|0.079|0.006|0.074|0.081|0.031|0.046|0.007|0.099|0.106
202401|44|44130|41130000|2811000000|인천|성남시|인계동|역삼1동|NH9181|래미안|2446|x|4|0.113|0.153|0.019|0.031|0.024|0.159|0.063|0.017|0.049|0.016|0.034|0.065|0.089|0.08|0.087
202401|42|11200|43110000|1114000000|서울|서초구|역삼동|역삼1동|NH9065|자이|15880|2|5|0.408|0.011|0.037|0.049|0.029|0.022|0.006|0.081|0.116|0.09|0.055|0.019|0.029|0.009|0.04
202401|47|43110|43110000|2811000000|부산|수원시|서초동|서초1동|NH3856|자이|10652|1|5|0.017|0.132|0.038|0.009|0.067|0.004|0.028|0.035|0.11|0.028|0.003|0.321|0.036|0.035|0.137
202401|42|43110|41110000|4211000000|부산|강남구|서초동|역삼1동|NH1474|푸르지오|10778|2|5|0.184|0.016|0.026|0.019|0.194|0.008|0.167|0.06|0.003|0.005|0.007|0.014|0.108|0.158|0.03
202401|26|41110|45110000|4113000000|서울|서초구|서초동|서초1동|NH8010|자이|13575|2|2|0.077|0.054|0.065|0.082|0.042|0.212|0.065|0.038|0.053|0.033|0.023|0.062|0.085|0.02|0.088
202401|42|11200|11170000|4711000000|서울|강남구|인계동|서초1동|NH2153|래미안|5875|2|4|0.16|0.036|0.134|0.013|0.05|0.057|0.073|0.116|0.106|0.019|0.05|0.142|0.002|0.023|0.021
202401|43|44130|43110000|4211000000|인천|성남시|서초동|역삼1동|NH3937|푸르지오|7619|2|2|0.019|0.213|0.112|0.041|0.002|0.018|0.068|0.011|0.106|0.03|0.021|0.085|0.102|0.049|0.125
202401|45|42110|43110000|1120000000|인천|강남구|인계동|역삼1동|NH7010|힐스테이트|16011|2|4|0.024|0.037|0.097|0.025|0.108|0.099|0.06|0.023|0.007|0.101|0.038|0.104|0.162|0.106|0.009
202401|43|28110|44130000|4511000000|경기|강남구|인계동|서초1동|NH8096|래미안|2679|2|2|0.22|0.042|0.011|0.075|0.099|0.025|0.034|0.221|0.039|0.092|0.048|0.01|0.007|0.045|0.032
202401|46|27110|41110000|4311000000|경기|강남구|인계동|서초1동|NH7973|푸르지오|10795|2|2|0.167|0.057|0.063|0.125|0.043|0.033|0.004|0.006|0.319|0.044|0.0|0.008|0.099|0.024|0.009
202401|11|43110|26140000|2811000000|경기|강남구|서초동|서초1동|NH4359|푸르지오|6593|x|4|0.001|0.07|0.052|0.075|0.065|0.143|0.009|0.001|0.031|0.111|0.026|0.284|0.117|0.011|0.003
202401|41|44130|41130000|1111000000|인천|성남시|서초동|역삼1동|NH1285|자이|18624|1|6|0.013|0.082|0.009|0.008|0.215|0.111|0.13|0.036|0.003|0.005|0.01|0.239|0.089|0.003|0.047
202401|41|27110|45110000|2711000000|경기|수원시|역삼동|역삼1동|NH5519|래미안|6297|2|2|0.024|0.054|0.175|0.069|0.032|0.018|0.116|0.035|0.073|0.054|0.071|0.008|0.058|0.177|0.036
202401|42|44130|41110000|4711000000|부산|서초구|인계동|서초1동|NH9670|푸르지오|18729|2|5|0.048|0.161|0.011|0.036|0.017|0.022|0.077|0.103|0.01|0.048|0.16|0.001|0.113|0.137|0.057
202401|11|45110|41150000|4711000000|부산|수원시|인계동|서초1동|NH6242|힐스테이트|12920|2|6|0.117|0.058|0.022|0.198|0.059|0.053|0.064|0.033|0.02|0.085|0.001|0.008|0.082|0.039|0.16
202401|27|11200|26110000|4111000000|서울|강남구|역삼동|역삼1동|NH6687|래미안|4543|1|4|0.049|0.117|0.199|0.023|0.018|0.087|0.072|0.011|0.167|0.003|0.027|0.008|0.052|0.079|0.088
202401|11|41150|46110000|1117000000|서울|서초구|서초동|역삼1동|NH2175|래미안|6746|2|6|0.104|0.002|0.052|0.039|0.03|0.005|0.266|0.073|0.038|0.016|0.121|0.201|0.005|0.024|0.024
202401|41|11200|41130000|4111000000|경기|서초구|서초동|서초1동|NH5382|래미안|6995|1|2|0.02|0.098|0.114|0.032|0.04|0.011|0.11|0.013|0.222|0.046|0.018|0.024|0.132|0.104|0.017
202401|27|11200|41130000|1120000000|부산|성남시|인계동|서초1동|NH2407|래미안|5151|2|4|0.094|0.004|0.069|0.096|0.205|0.021|0.093|0.015|0.184|0.004|0.058|0.024|0.051|0.057|0.024
202401|47|11140|46110000|2811000000|부산|서초구|인계동|역삼1동|NH5591|힐스테이트|10714|1|4|0.022|0.246|0.045|0.227|0.036|0.001|0.043|0.022|0.074|0.025|0.006|0.08|0.001|0.134|0.038
202401|43|27110|41110000|2811000000|인천|강남구|인계동|서초1동|NH6804|자이|4104|x|3|0.027|0.071|0.044|0.018|0.079|0.041|0.045|0.24|0.054|0.101|0.033|0.055|0.148|0.041|0.005
202401|41|11110|26140000|1114000000|인천|강남구|인계동|역삼1동|NH2856|푸르지오|8126|1|3|0.001|0.014|0.154|0.08|0.027|0.085|0.0|0.059|0.006|0.119|0.121|0.099|0.223|0.004|0.01
202401|46|26140|42110000|1114000000|서울|강남구|서초동|역삼1동|NH1899|힐스테이트|11510|1|5|0.125|0.046|0.013|0.029|0.051|0.102|0.05|0.078|0.04|0.242|0.02|0.058|0.047|0.044|0.056
202401|45|26110|47110000|4115000000|서울|서초구|인계동|역삼1동|NH1765|푸르지오|18447|2|2|0.153|0.006|0.008|0.02|0.185|0.005|0.005|0.105|0.065|0.022|0.169|0.014|0.152|0.044|0.046
202401|43|26110|43110000|2614000000|인천|강남구|서초동|역삼1동|NH2522|힐스테이트|14189|1|4|0.099|0.056|0.097|0.002|0.176|0.012|0.015|0.177|0.029|0.036|0.143|0.032|0.069|0.041|0.016
202401|42|44130|43110000|4211000000|부산|성남시|인계동|역삼1동|NH6817|자이|3736|1|5|0.048|0.06|0.058|0.075|0.024|0.002|0.008|0.023|0.239|0.033|0.106|0.088|0.028|0.018|0.191
202401|42|43110|44130000|2614000000|서울|강남구|서초동|서초1동|NH3028|래미안|13779|1|5|0.093|0.053|0.008|0.021|0.026|0.136|0.012|0.261|0.021|0.036|0.194|0.007|0.003|0.037|0.092
202401|41|26110|11200000|1111000000|인천|수원시|서초동|역삼1동|NH2195|래미안|15822|1|3|0.195|0.008|0.0|0.023|0.049|0.068|0.113|0.076|0.085|0.091|0.007|0.078|0.008|0.001|0.197
202401|44|47110|41110000|4111000000|인천|강남구|서초동|역삼1동|NH3238|자이|11758|2|6|0.018|0.058|0.104|0.033|0.173|0.044|0.054|0.069|0.056|0.009|0.115|0.039|0.048|0.029|0.149
202401|42|26110|11140000|2811000000|경기|강남구|인계동|역삼1동|NH9442|힐스테이트|18202|2|4|0.05|0.06|0.017|0.038|0.145|0.071|0.172|0.214|0.033|0.007|0.056|0.012|0.054|0.011|0.06
202401|11|44130|47110000|4611000000|부산|서초구|인계동|역삼1동|NH3601|자이|15251|x|4|0.142|0.067|0.012|0.078|0.011|0.044|0.098|0.067|0.004|0.131|0.057|0.058|0.055|0.168|0.008
202401|11|26110|27110000|4611000000|인천|성남시|서초동|역삼1동|NH2264|푸르지오|4573|2|3|0.013|0.056|0.053|0.015|0.025|0.051|0.171|0.035|0.057|0.046|0.201|0.06|0.136|0.066|0.014
202401|41|11170|41110000|4611000000|서울|서초구|서초동|역삼1동|NH8480|푸르지오|3431|1|3|0.105|0.045|0.014|0.085|0.028|0.082|0.038|0.021|0.01|0.266|0.098|0.018|0.076|0.062|0.053
202401|45|11110|11200000|4611000000|부산|성남시|서초동|역삼1동|NH3606|힐스테이트|14834|2|3|0.022|0.07|0.079|0.131|0.054|0.115|0.182|0.114|0.044|0.005|0.023|0.084|0.001|0.033|0.042
202401|44|11200|11200000|2611000000|서울|수원시|서초동|역삼1동|NH7758|자이|5465|2|5|0.023|0.026|0.037|0.138|0.067|0.023|0.037|0.202|0.178|0.036|0.031|0.037|0.004|0.036|0.123
202401|45|41130|26140000|4115000000|서울|수원시|역삼동|역삼1동|NH6150|힐스테이트|11318|2|6|0.048|0.048|0.029|0.003|0.001|0.046|0.243|0.105|0.104|0.044|0.08|0.093|0.055|0.016|0.085
202401|47|47110|47110000|2611000000|인천|수원시|인계동|역삼1동|NH5976|자이|11261|1|4|0.044|0.074|0.192|0.003|0.05|0.019|0.011|0.014|0.088|0.074|0.179|0.142|0.06|0.015|0.035
202401|45|42110|11170000|4115000000|부산|성남시|서초동|서초1동|NH1738|힐스테이트|9266|1|6|0.05|0.018|0.001|0.076|0.102|0.01|0.024|0.003|0.112|0.016|0.013|0.007|0.054|0.004|0.51
202401|26|43110|11200000|4413000000|인천|성남시|역삼동|역삼1동|NH3552|푸르지오|13467|2|3|0.016|0.08|0.049|0.017|0.019|0.01|0.219|0.03|0.075|0.005|0.072|0.133|0.127|0.122|0.026
202401|45|11200|41150000|4311000000|부산|강남구|서초동|서초1동|NH2605|푸르지오|9596|1|6|0.126|0.051|0.04|0.031|0.009|0.054|0.159|0.101|0.009|0.033|0.006|0.232|0.059|0.061|0.03
202401|42|42110|11140000|2611000000|서울|수원시|인계동|서초1동|NH7184|푸르지오|8604|2|6|0.154|0.02|0.048|0.144|0.007|0.023|0.036|0.157|0.016|0.002|0.097|0.096|0.098|0.001|0.103
202401|26|47110|46110000|2611000000|서울|강남구|역삼동|서초1동|NH1282|힐스테이트|18348|2|2|0.076|0.076|0.149|0.015|0.004|0.028|0.018|0.008|0.063|0.107|0.126|0.145|0.149|0.031|0.003
202401|42|47110|45110000|4511000000|경기|강남구|역삼동|역삼1동|NH8343|자이|6219|2|3|0.049|0.098|0.186|0.001|0.022|0.067|0.098|0.079|0.2|0.008|0.043|0.031|0.01|0.05|0.058
202401|42|28110|46110000|1114000000|인천|서초구|서초동|서초1동|NH6489|자이|2140|2|4|0.076|0.052|0.142|0.002|0.069|0.09|0.038|0.22|0.005|0.004|0.084|0.093|0.037|0.012|0.075
202401|42|11200|41110000|4211000000|경기|서초구|서초동|역삼1동|NH5981|래미안|7143|2|3|0.144|0.092|0.054|0.011|0.083|0.009|0.051|0.405|0.008|0.024|0.007|0.011|0.035|0.0|0.067
202401|43|41150|11140000|4111000000|인천|성남시|인계동|서초1동|NH8289|자이|19071|1|4|0.109|0.022|0.192|0.094|0.183|0.03|0.069|0.016|0.1|0.013|0.109|0.009|0.002|0.017|0.035
202401|26|44130|11200000|2811000000|경기|서초구|서초동|역삼1동|NH1905|힐스테이트|2118|2|4|0.016|0.195|0.07|0.04|0.153|0.12|0.006|0.088|0.006|0.012|0.061|0.065|0.093|0.043|0.03
202401|43|45110|45110000|2614000000|부산|강남구|인계동|서초1동|NH6279|래미안|4283|2|4|0.061|0.054|0.041|0.016|0.351|0.015|0.138|0.011|0.036|0.094|0.046|0.046|0.056|0.007|0.027
202401|27|11110|47110000|2811000000|부산|서초구|인계동|서초1동|NH4378|푸르지오|17241|1|4|0.022|0.157|0.027|0.027|0.17|0.016|0.072|0.0|0.052|0.111|0.061|0.107|0.074|0.029|0.076
202401|45|26110|27110000|4113000000|인천|수원시|역삼동|서초1동|NH3470|힐스테이트|15832|1|4|0.156|0.003|0.082|0.1|0.013|0.124|0.035|0.013|0.077|0.032|0.09|0.051|0.039|0.038|0.147
202401|11|11170|41110000|1114000000|서울|성남시|서초동|역삼1동|NH7122|푸르지오|10119|1|3|0.017|0.203|0.202|0.095|0.01|0.006|0.126|0.03|0.022|0.118|0.006|0.047|0.069|0.019|0.032
202401|44|27110|26140000|4311000000|부산|성남시|역삼동|서초1동|NH6059|힐스테이트|11695|1|3|0.015|0.018|0.077|0.038|0.014|0.108|0.029|0.163|0.117|0.127|0.042|0.072|0.127|0.03|0.023
202401|46|43110|41130000|1114000000|인천|수원시|서초동|역삼1동|NH9823|푸르지오|15879|1|3|0.02|0.008|0.158|0.018|0.301|0.04|0.004|0.022|0.037|0.093|0.023|0.148|0.034|0.082|0.013
202401|11|41150|28110000|4413000000|부산|수원시|서초동|서초1동|NH8988|힐스테이트|4672|2|6|0.024|0.171|0.051|0.002|0.016|0.178|0.043|0.045|0.036|0.042|0.155|0.021|0.001|0.143|0.073
202401|46|11140|41130000|2711000000|인천|서초구|역삼동|역삼1동|NH9742|푸르지오|4462|2|4|0.024|0.043|0.082|0.02|0.007|0.039|0.032|0.005|0.046|0.077|0.113|0.162|0.109|0.064|0.178
202401|41|27110|11140000|4413000000|인천|강남구|서초동|역삼1동|NH9457|힐스테이트|13318|x|3|0.04|0.115|0.04|0.03|0.066|0.101|0.01|0.04|0.237|0.065|0.019|0.079|0.089|0.011|0.059
202401|26|11140|27110000|2611000000|경기|서초구|서초동|역삼1동|NH7184|푸르지오|9637|1|3|0.024|0.028|0.03|0.102|0.072|0.041|0.055|0.02|0.044|0.022|0.096|0.099|0.255|0.09|0.023
202401|41|11170|26140000|4511000000|경기|성남시|역삼동|역삼1동|NH2696|래미안|19268|1|6|0.045|0.057|0.026|0.077|0.04|0.007|0.168|0.01|0.009|0.036|0.015|0.011|0.094|0.044|0.36
202401|45|28110|11140000|1120000000|경기|수원시|역삼동|서초1동|NH4870|힐스테이트|11625|1|4|0.181|0.114|0.178|0.01|0.147|0.0|0.024|0.051|0.017|0.072|0.053|0.057|0.032|0.023|0.04
202401|45|11110|26140000|4413000000|서울|수원시|역삼동|서초1동|NH4034|자이|10110|2|2|0.02|0.028|0.07|0.131|0.177|0.184|0.056|0.023|0.007|0.154|0.004|0.033|0.028|0.05|0.034
202401|11|26140|42110000|2811000000|부산|수원시|인계동|역삼1동|NH3093|힐스테이트|15296|1|6|0.083|0.047|0.043|0.043|0.036|0.067|0.05|0.053|0.031|0.266|0.062|0.063|0.048|0.069|0.039
202401|44|43110|27110000|1111000000|서울|성남시|서초동|서초1동|NH3022|푸르지오|4565|x|4|0.0|0.056|0.023|0.189|0.064|0.129|0.057|0.09|0.003|0.121|0.028|0.141|0.01|0.048|0.041
202401|26|41130|11140000|2711000000|경기|강남구|인계동|역삼1동|NH1947|자이|8390|2|5|0.014|0.033|0.003|0.007|0.06|0.035|0.272|0.016|0.001|0.229|0.03|0.007|0.157|0.044|0.092
202401|47|28110|11200000|2811000000|부산|수원시|인계동|역삼1동|NH7711|자이|17545|2|2|0.369|0.011|0.012|0.033|0.004|0.09|0.063|0.059|0.062|0.048|0.013|0.085|0.036|0.013|0.101
202401|47|46110|41150000|4711000000|서울|서초구|역삼동|서초1동|NH5954|힐스테이트|10515|x|5|0.01|0.005|0.067|0.135|0.024|0.063|0.002|0.028|0.004|0.033|0.062|0.016|0.452|0.059|0.04
202401|26|41110|44130000|4111000000|서울|성남시|인계동|역삼1동|NH9801|푸르지오|6081|1|3|0.021|0.169|0.006|0.01|0.191|0.021|0.137|0.004|0.049|0.014|0.22|0.021|0.001|0.016|0.119
202401|45|47110|41150000|2811000000|경기|강남구|서초동|서초1동|NH6981|자이|12733|1|5|0.114|0.144|0.003|0.116|0.14|0.13|0.035|0.025|0.072|0.016|0.012|0.079|0.085|0.004|0.026
202401|43|43110|11200000|4311000000|서울|강남구|인계동|역삼1동|NH7673|래미안|2894|1|4|0.063|0.008|0.019|0.166|0.006|0.088|0.03|0.083|0.059|0.052|0.208|0.047|0.067|0.082|0.021
202401|44|41150|44130000|2611000000|경기|서초구|인계동|서초1동|NH6275|자이|15229|2|5|0.057|0.031|0.042|0.025|0.021|0.014|0.03|0.03|0.004|0.181|0.185|0.017|0.027|0.288|0.046
202401|45|43110|43110000|4311000000|인천|서초구|서초동|서초1동|NH5171|자이|9831|1|5|0.142|0.049|0.134|0.132|0.066|0.067|0.13|0.033|0.039|0.008|0.055|0.013|0.014|0.031|0.088
202401|44|28110|41110000|4413000000|인천|강남구|서초동|역삼1동|NH8886|힐스테이트|13906|1|5|0.114|0.016|0.059|0.025|0.016|0.044|0.096|0.024|0.117|0.063|0.279|0.013|0.089|0.03|0.013
202401|47|46110|45110000|4115000000|인천|수원시|서초동|역삼1동|NH5306|자이|9900|1|3|0.067|0.207|0.009|0.097|0.019|0.219|0.032|0.025|0.021|0.046|0.012|0.003|0.083|0.088|0.071
202401|43|43110|43110000|4113000000|서울|강남구|서초동|역삼1동|NH6852|래미안|6253|2|3|0.007|0.186|0.085|0.036|0.017|0.155|0.029|0.096|0.031|0.067|0.077|0.061|0.121|0.0|0.031
202401|47|11140|43110000|4115000000|부산|강남구|인계동|역삼1동|NH4509|힐스테이트|14841|1|4|0.064|0.062|0.073|0.021|0.045|0.05|0.004|0.078|0.111|0.078|0.101|0.109|0.046|0.092|0.067
202401|42|42110|42110000|1117000000|서울|서초구|인계동|역삼1동|NH6180|자이|18066|2|4|0.169|0.012|0.041|0.03|0.07|0.026|0.099|0.028|0.089|0.001|0.07|0.118|0.038|0.108|0.1
202401|42|44130|47110000|2614000000|서울|서초구|인계동|역삼1동|NH3295|힐스테이트|16070|2|5|0.047|0.024|0.057|0.018|0.026|0.008|0.294|0.111|0.039|0.118|0.063|0.03|0.064|0.055|0.047
202401|27|26140|11200000|2811000000|부산|서초구|서초동|역삼1동|NH7268|힐스테이트|18809|2|3|0.17|0.079|0.016|0.004|0.061|0.0|0.043|0.018|0.071|0.02|0.006|0.103|0.03|0.265|0.112
202401|45|47110|41150000|4611000000|서울|강남구|역삼동|역삼1동|NH9014|자이|16768|1|6|0.289|0.146|0.079|0.007|0.141|0.02|0.015|0.014|0.073|0.01|0.006|0.067|0.065|0.024|0.044
202401|42|28110|11110000|4611000000|서울|강남구|인계동|역삼1동|NH9773|래미안|9061|x|4|0.007|0.001|0.221|0.038|0.047|0.001|0.127|0.063|0.042|0.008|0.007|0.022|0.01|0.129|0.278
202401|44|11140|26140000|1120000000|서울|성남시|서초동|역삼1동|NH1822|푸르지오|10855|1|5|0.026|0.18|0.036|0.061|0.062|0.046|0.01|0.07|0.025|0.088|0.001|0.1|0.083|0.105|0.106
202401|47|44130|41110000|2811000000|서울|성남시|인계동|역삼1동|NH3704|힐스테이트|14034|2|4|0.046|0.127|0.045|0.027|0.064|0.019|0.082|0.083|0.233|0.008|0.053|0.043|0.027|0.05|0.091
202401|41|47110|11200000|1120000000|부산|서초구|역삼동|역삼1동|NH3970|힐스테이트|4774|1|4|0.193|0.055|0.017|0.092|0.051|0.036|0.057|0.056|0.102|0.01|0.137|0.01|0.001|0.175|0.008
202401|44|28110|28110000|1114000000|경기|성남시|인계동|서초1동|NH5619|힐스테이트|12563|x|2|0.148|0.016|0.021|0.047|0.122|0.225|0.064|0.038|0.045|0.021|0.003|0.011|0.028|0.127|0.085
202401|43|41130|41110000|4611000000|서울|수원시|인계동|역삼1동|NH3384|푸르지오|9100|1|6|0.0|0.096|0.004|0.035|0.048|0.017|0.12|0.093|0.139|0.072|0.143|0.09|0.113|0.002|0.028
202401|43|11170|41150000|4413000000|경기|서초구|서초동|역삼1동|NH2729|래미안|8340|2|6|0.052|0.129|0.097|0.14|0.005|0.122|0.021|0.046|0.011|0.054|0.033|0.065|0.171|0.034|0.02
202401|44|28110|11170000|2811000000|서울|수원시|서초동|역삼1동|NH7449|힐스테이트|7631|2|4|0.164|0.031|0.008|0.001|0.148|0.039|0.052|0.145|0.051|0.068|0.087|0.114|0.077|0.009|0.007
202401|27|41150|42110000|4115000000|인천|서초구|역삼동|역삼1동|NH6551|푸르지오|12920|2|4|0.02|0.087|0.083|0.045|0.15|0.162|0.005|0.102|0.011|0.004|0.003|0.055|0.133|0.104|0.037
202401|47|27110|11200000|4111000000|서울|성남시|인계동|역삼1동|NH8632|힐스테이트|17616|2|6|0.043|0.028|0.212|0.005|0.013|0.01|0.078|0.044|0.086|0.022|0.114|0.002|0.176|0.012|0.154
202401|44|42110|41110000|2811000000|서울|서초구|인계동|서초1동|NH1914|힐스테이트|15263|1|6|0.099|0.043|0.048|0.191|0.006|0.069|0.08|0.162|0.026|0.033|0.001|0.018|0.021|0.035|0.165
202401|46|46110|41130000|1111000000|경기|서초구|서초동|서초1동|NH2845|래미안|4898|2|5|0.026|0.071|0.03|0.049|0.11|0.23|0.03|0.039|0.071|0.177|0.064|0.051|0.022|0.019|0.01
202401|42|47110|11140000|4113000000|서울|서초구|서초동|서초1동|NH2929|푸르지오|3614|2|3|0.083|0.114|0.014|0.123|0.001|0.032|0.003|0.0|0.148|0.083|0.133|0.042|0.039|0.146|0.04
202401|44|26110|41150000|1120000000|부산|서초구|역삼동|서초1동|NH9230|힐스테이트|3021|1|4|0.011|0.032|0.052|0.164|0.011|0.045|0.153|0.01|0.071|0.055|0.067|0.15|0.028|0.111|0.042
202401|45|46110|41110000|1120000000|서울|수원시|인계동|서초1동|NH7410|래미안|19846|2|5|0.015|0.078|0.122|0.006|0.074|0.09|0.086|0.012|0.021|0.111|0.013|0.245|0.028|0.04|0.06
202401|47|11140|41110000|4711000000|인천|강남구|역삼동|서초1동|NH4428|자이|2436|2|5|0.102|0.18|0.047|0.043|0.079|0.05|0.01|0.059|0.003|0.044|0.015|0.039|0.143|0.021|0.165
202401|45|47110|26110000|4115000000|부산|강남구|역삼동|역삼1동|NH7259|푸르지오|6552|2|4|0.044|0.056|0.326|0.003|0.055|0.018|0.091|0.106|0.031|0.003|0.086|0.008|0.025|0.052|0.095
202401|41|46110|44130000|1114000000|부산|성남시|역삼동|서초1동|NH2206|힐스테이트|8223|x|4|0.119|0.006|0.047|0.033|0.056|0.039|0.061|0.055|0.041|0.032|0.046|0.124|0.003|0.093|0.245
202401|43|27110|27110000|1120000000|경기|강남구|서초동|서초1동|NH4371|힐스테이트|19992|x|6|0.01|0.057|0.078|0.075|0.006|0.048|0.166|0.033|0.009|0.116|0.074|0.077|0.152|0.068|0.031
202401|46|41150|44130000|2614000000|부산|서초구|인계동|서초1동|NH2551|자이|16656|2|4|0.117|0.023|0.092|0.088|0.0|0.136|0.041|0.01|0.083|0.024|0.048|0.046|0.16|0.059|0.073
202401|11|26140|41150000|4413000000|경기|강남구|서초동|역삼1동|NH3622|자이|3581|1|2|0.12|0.125|0.051|0.18|0.019|0.015|0.109|0.013|0.031|0.06|0.01|0.067|0.128|0.018|0.054
202401|27|43110|41150000|4611000000|인천|수원시|서초동|역삼1동|NH2033|자이|8714|2|4|0.039|0.054|0.017|0.004|0.057|0.041|0.034|0.022|0.0|0.0|0.104|0.322|0.039|0.045|0.223
202401|11|41110|41130000|2711000000|부산|서초구|인계동|역삼1동|NH9243|래미안|19280|2|4|0.023|0.096|0.088|0.154|0.069|0.033|0.074|0.013|0.131|0.04|0.015|0.084|0.05|0.089|0.039
202401|43|11170|45110000|1117000000|경기|강남구|서초동|서초1동|NH1296|푸르지오|17585|2|4|0.041|0.109|0.051|0.045|0.038|0.182|0.27|0.008|0.02|0.016|0.069|0.099|0.007|0.042|0.003
202401|42|41110|41150000|4115000000|인천|서초구|역삼동|역삼1동|NH2297|래미안|7851|1|5|0.009|0.139|0.106|0.058|0.085|0.052|0.127|0.043|0.067|0.021|0.042|0.14|0.055|0.001|0.056
202401|42|43110|26140000|4311000000|서울|수원시|인계동|서초1동|NH8374|자이|18970|1|4|0.059|0.021|0.063|0.036|0.004|0.064|0.089|0.247|0.007|0.03|0.093|0.182|0.033|0.011|0.062
202401|47|45110|26140000|4711000000|경기|강남구|인계동|역삼1동|NH8157|푸르지오|6924|1|4|0.035|0.201|0.168|0.093|0.053|0.048|0.021|0.031|0.002|0.074|0.018|0.065|0.017|0.086|0.089
202401|26|11140|47110000|4311000000|경기|강남구|역삼동|역삼1동|NH6046|힐스테이트|6212|1|3|0.009|0.066|0.005|0.019|0.156|0.016|0.054|0.051|0.042|0.066|0.078|0.087|0.162|0.044|0.145
202401|47|28110|27110000|2614000000|인천|서초구|인계동|서초1동|NH8211|힐스테이트|10174|1|5|0.122|0.141|0.021|0.045|0.176|0.02|0.192|0.013|0.014|0.014|0.019|0.003|0.157|0.045|0.017
202401|45|11170|11140000|2614000000|경기|서초구|인계동|서초1동|NH1792|래미안|12525|1|5|0.05|0.079|0.053|0.061|0.063|0.037|0.073|0.03|0.144|0.001|0.162|0.005|0.079|0.09|0.073
202401|45|41150|11140000|4113000000|인천|수원시|인계동|서초1동|NH7822|래미안|10180|2|5|0.04|0.016|0.001|0.051|0.06|0.014|0.067|0.165|0.031|0.039|0.042|0.014|0.138|0.206|0.114
202401|11|11200|26140000|4111000000|인천|강남구|서초동|서초1동|NH7702|힐스테이트|5477|1|3|0.099|0.102|0.046|0.13|0.067|0.12|0.059|0.034|0.038|0.046|0.061|0.1|0.009|0.038|0.053
202401|44|28110|43110000|1117000000|부산|강남구|역삼동|역삼1동|NH5612|푸르지오|8047|2|6|0.019|0.119|0.068|0.015|0.089|0.02|0.025|0.041|0.057|0.033|0.024|0.0|0.086|0.163|0.24
202401|43|43110|41110000|4711000000|부산|강남구|역삼동|서초1동|NH6491|래미안|12423|1|5|0.1|0.068|0.047|0.071|0.156|0.033|0.02|0.071|0.022|0.002|0.065|0.116|0.008|0.108|0.113
202401|44|41110|41110000|4413000000|부산|수원시|역삼동|서초1동|NH8881|푸르지오|11197|1|2|0.051|0.232|0.081|0.006|0.104|0.004|0.004|0.008|0.054|0.053|0.2|0.051|0.108|0.04|0.003
202401|43|42110|44130000|4511000000|서울|성남시|역삼동|서초1동|NH3600|래미안|8710|2|4|0.058|0.158|0.009|0.257|0.101|0.014|0.019|0.046|0.077|0.096|0.108|0.012|0.033|0.003|0.007
202401|41|44130|44130000|4511000000|서울|성남시|역삼동|서초1동|NH1612|자이|5098|2|5|0.08|0.011|0.165|0.03|0.076|0.073|0.082|0.046|0.168|0.024|0.129|0.027|0.055|0.033|0.0
202401|43|11140|42110000|1117000000|경기|강남구|인계동|역삼1동|NH5772|푸르지오|12116|2|5|0.002|0.031|0.032|0.035|0.392|0.146|0.028|0.001|0.006|0.028|0.06|0.014|0.098|0.05|0.078
202401|42|41110|26110000|4711000000|경기|서초구|인계동|서초1동|NH7089|힐스테이트|12974|1|6|0.201|0.027|0.026|0.168|0.122|0.015|0.06|0.009|0.012|0.075|0.064|0.023|0.004|0.053|0.141
202401|27|11200|28110000|1117000000|부산|성남시|인계동|역삼1동|NH5352|자이|18121|x|5|0.13|0.079|0.037|0.189|0.004|0.003|0.047|0.067|0.014|0.139|0.007|0.207|0.033|0.004|0.039
202401|42|11140|47110000|4511000000|인천|성남시|서초동|서초1동|NH1887|자이|17980|2|5|0.17|0.209|0.101|0.03|0.02|0.052|0.094|0.082|0.028|0.006|0.116|0.054|0.013|0.01|0.014
202401|41|43110|41110000|1111000000|서울|서초구|서초동|역삼1동|NH3357|자이|7140|2|3|0.195|0.298|0.025|0.035|0.064|0.017|0.005|0.033|0.014|0.058|0.01|0.002|0.059|0.069|0.115
202401|47|41130|41150000|1120000000|경기|성남시|서초동|역삼1동|NH5465|래미안|8840|1|6|0.006|0.038|0.17|0.026|0.266|0.012|0.041|0.03|0.036|0.02|0.011|0.172|0.078|0.015|0.08
202401|42|11110|11200000|1120000000|인천|수원시|역삼동|역삼1동|NH3064|힐스테이트|3612|2|2|0.03|0.006|0.03|0.155|0.098|0.129|0.125|0.029|0.015|0.138|0.024|0.2|0.01|0.01|0.001
202401|46|41150|11200000|2711000000|경기|서초구|역삼동|서초1동|NH2432|래미안|3457|1|2|0.056|0.017|0.052|0.027|0.025|0.098|0.165|0.097|0.003|0.083|0.188|0.053|0.075|0.044|0.016
202401|11|41130|11170000|4211000000|서울|수원시|역삼동|역삼1동|NH3236|자이|5545|2|2|0.015|0.068|0.044|0.151|0.137|0.001|0.147|0.018|0.039|0.104|0.024|0.054|0.126|0.036|0.036
202401|42|28110|11140000|2711000000|경기|수원시|역삼동|역삼1동|NH6638|푸르지오|15570|2|4|0.077|0.002|0.007|0.089|0.019|0.009|0.007|0.053|0.219|0.143|0.027|0.003|0.081|0.245|0.017
202401|47|11200|47110000|2611000000|부산|서초구|서초동|역삼1동|NH4203|래미안|7844|2|4|0.101|0.107|0.135|0.042|0.03|0.043|0.098|0.109|0.025|0.097|0.025|0.017|0.004|0.135|0.031
202401|47|47110|41130000|4115000000|인천|강남구|인계동|서초1동|NH8060|푸르지오|4650|1|5|0.088|0.059|0.004|0.029|0.051|0.079|0.002|0.016|0.219|0.131|0.023|0.019|0.043|0.087|0.15
202401|42|41150|43110000|4113000000|인천|수원시|역삼동|역삼1동|NH6877|자이|18923|2|3|0.269|0.046|0.003|0.027|0.033|0.002|0.043|0.071|0.122|0.145|0.092|0.064|0.039|0.009|0.035
202401|27|27110|44130000|4311000000|인천|서초구|인계동|서초1동|NH1402|자이|9446|x|2|0.081|0.033|0.166|0.075|0.191|0.086|0.06|0.044|0.048|0.007|0.024|0.164|0.012|0.006|0.002
202401|45|41130|45110000|4413000000|부산|강남구|역삼동|서초1동|NH3518|래미안|4844|2|2|0.065|0.003|0.069|0.096|0.032|0.275|0.005|0.022|0.012|0.073|0.056|0.179|0.002|0.108|0.003
202401|42|26140|45110000|4511000000|경기|서초구|역삼동|서초1동|NH1562|힐스테이트|14391|1|3|0.068|0.025|0.181|0.032|0.104|0.027|0.012|0.025|0.041|0.036|0.034|0.008|0.126|0.214|0.065
202401|42|11170|41150000|1120000000|서울|서초구|서초동|서초1동|NH6850|푸르지오|12933|1|5|0.141|0.166|0.043|0.086|0.024|0.062|0.008|0.025|0.058|0.013|0.017|0.059|0.239|0.031|0.03
202401|26|43110|27110000|4111000000|부산|성남시|역삼동|역삼1동|NH1241|힐스테이트|5424|1|3|0.012|0.239|0.01|0.025|0.133|0.003|0.005|0.019|0.231|0.106|0.026|0.14|0.022|0.026|0.003
202401|45|26110|43110000|4311000000|경기|수원시|인계동|서초1동|NH8001|힐스테이트|17152|1|3|0.087|0.037|0.006|0.113|0.099|0.021|0.02|0.16|0.159|0.031|0.053|0.021|0.108|0.069|0.014
202401|44|41110|47110000|1114000000|서울|강남구|서초동|역삼1동|NH3330|힐스테이트|3268|1|4|0.001|0.06|0.193|0.084|0.054|0.011|0.019|0.013|0.007|0.063|0.02|0.124|0.055|0.05|0.244
202401|45|28110|26140000|4311000000|인천|서초구|인계동|역삼1동|NH6077|힐스테이트|6344|2|4|0.03|0.116|0.162|0.041|0.067|0.098|0.104|0.005|0.06|0.01|0.026|0.026|0.002|0.068|0.184
202401|46|47110|11110000|4413000000|경기|성남시|서초동|서초1동|NH2047|자이|11271|2|6|0.062|0.061|0.022|0.011|0.113|0.003|0.023|0.003|0.14|0.241|0.006|0.184|0.014|0.071|0.046
202401|42|44130|45110000|4311000000|서울|수원시|서초동|서초1동|NH5790|푸르지오|9662|1|4|0.079|0.153|0.091|0.038|0.113|0.017|0.053|0.037|0.025|0.001|0.083|0.12|0.011|0.04|0.14
202401|26|41150|11200000|4413000000|경기|서초구|서초동|서초1동|NH6813|푸르지오|18440|x|6|0.022|0.046|0.003|0.183|0.004|0.084|0.121|0.038|0.312|0.004|0.074|0.017|0.009|0.069|0.013
202401|11|26110|42110000|4111000000|인천|성남시|인계동|서초1동|NH8737|자이|2321|2|4|0.089|0.035|0.023|0.063|0.062|0.206|0.008|0.21|0.016|0.028|0.049|0.007|0.006|0.109|0.087
202401|26|41150|46110000|1111000000|인천|강남구|역삼동|역삼1동|NH6716|푸르지오|8864|2|4|0.01|0.178|0.056|0.0|0.008|0.132|0.058|0.006|0.115|0.083|0.027|0.025|0.023|0.082|0.197
202401|42|26110|43110000|4113000000|경기|서초구|인계동|서초1동|NH6334|푸르지오|5763|1|4|0.348|0.059|0.009|0.004|0.026|0.088|0.024|0.026|0.03|0.043|0.03|0.027|0.222|0.024|0.038
202401|11|43110|26110000|4311000000|서울|강남구|서초동|역삼1동|NH5498|래미안|19145|x|3|0.15|0.029|0.049|0.021|0.03|0.177|0.032|0.077|0.072|0.179|0.049|0.027|0.033|0.027|0.046
202401|47|28110|41110000|4711000000|부산|성남시|서초동|역삼1동|NH2227|래미안|6098|2|5|0.037|0.185|0.179|0.067|0.071|0.048|0.07|0.033|0.006|0.016|0.04|0.011|0.009|0.027|0.201
202401|44|41110|41110000|4113000000|인천|강남구|서초동|서초1동|NH8835|자이|19464|2|4|0.017|0.106|0.041|0.133|0.002|0.007|0.065|0.02|0.016|0.169|0.054|0.013|0.089|0.232|0.035
202401|42|26140|41150000|2711000000|부산|성남시|역삼동|역삼1동|NH3532|자이|16844|2|4|0.088|0.041|0.057|0.014|0.116|0.029|0.03|0.027|0.002|0.188|0.069|0.033|0.016|0.269|0.022
202401|47|11140|47110000|2614000000|경기|성남시|인계동|서초1동|NH3965|푸르지오|15603|2|6|0.02|0.003|0.087|0.089|0.166|0.023|0.012|0.189|0.066|0.098|0.002|0.11|0.067|0.056|0.012
202401|42|26140|11110000|1114000000|경기|강남구|역삼동|서초1동|NH7257|푸르지오|3500|1|6|0.018|0.027|0.029|0.067|0.051|0.033|0.182|0.024|0.029|0.014|0.015|0.147|0.011|0.18|0.172
202401|26|26110|41130000|4115000000|경기|서초구|인계동|서초1동|NH2613|푸르지오|7541|2|4|0.045|0.062|0.033|0.176|0.021|0.041|0.058|0.066|0.02|0.018|0.198|0.053|0.035|0.051|0.122
202401|11|11140|11170000|2711000000|서울|서초구|인계동|서초1동|NH6426|자이|2980|1|5|0.056|0.028|0.021|0.0|0.018|0.077|0.056|0.16|0.068|0.193|0.041|0.071|0.012|0.174|0.026
202401|45|26140|11170000|4113000000|인천|성남시|서초동|서초1동|NH7903|힐스테이트|4063|2|5|0.067|0.09|0.029|0.261|0.078|0.01|0.096|0.023|0.012|0.0|0.168|0.095|0.01|0.001|0.062
202401|26|41130|11200000|4113000000|서울|강남구|역삼동|역삼1동|NH1360|힐스테이트|3018|x|2|0.061|0.094|0.011|0.097|0.075|0.053|0.037|0.039|0.106|0.034|0.02|0.269|0.04|0.058|0.008
202401|26|41130|26140000|1114000000|부산|서초구|역삼동|역삼1동|NH2469|푸르지오|18875|1|4|0.043|0.037|0.097|0.079|0.054|0.09|0.101|0.081|0.041|0.067|0.056|0.008|0.175|0.03|0.038
202401|27|41110|46110000|4113000000|인천|성남시|서초동|역삼1동|NH5764|자이|7368|2|4|0.081|0.007|0.084|0.02|0.093|0.044|0.036|0.066|0.067|0.041|0.067|0.067|0.172|0.019|0.137
202401|26|43110|26110000|4115000000|인천|수원시|서초동|역삼1동|NH2425|힐스테이트|6892|1|6|0.051|0.011|0.369|0.047|0.018|0.02|0.062|0.119|0.007|0.021|0.016|0.051|0.021|0.01|0.176
202401|46|41110|43110000|2614000000|인천|성남시|서초동|서초1동|NH5552|자이|4422|1|2|0.032|0.097|0.014|0.216|0.055|0.105|0.138|0.001|0.023|0.122|0.049|0.003|0.055|0.048|0.042
202401|11|41150|41130000|2614000000|인천|서초구|인계동|서초1동|NH6403|힐스테이트|2345|1|6|0.209|0.095|0.009|0.087|0.004|0.072|0.025|0.0|0.103|0.158|0.058|0.048|0.016|0.029|0.088
202401|27|41110|46110000|4211000000|부산|강남구|역삼동|서초1동|NH9937|힐스테이트|10139|1|6|0.095|0.013|0.148|0.026|0.13|0.037|0.004|0.062|0.017|0.074|0.111|0.01|0.228|0.001|0.044
202401|44|11200|11140000|4711000000|인천|성남시|서초동|역삼1동|NH4491|힐스테이트|12093|1|5|0.018|0.064|0.045|0.118|0.113|0.002|0.053|0.002|0.067|0.104|0.054|0.152|0.137|0.036|0.034
202401|11|43110|45110000|2711000000|부산|서초구|서초동|서초1동|NH8133|래미안|12211|1|6|0.019|0.058|0.016|0.02|0.03|0.065|0.114|0.07|0.077|0.145|0.037|0.073|0.107|0.148|0.021
202401|46|11200|27110000|4413000000|경기|성남시|인계동|역삼1동|NH6731|래미안|5020|2|6|0.108|0.101|0.06|0.044|0.147|0.023|0.007|0.1|0.058|0.028|0.109|0.072|0.1|0.002|0.041
202401|41|41130|11140000|1111000000|서울|수원시|역삼동|서초1동|NH1495|자이|12642|2|6|0.052|0.023|0.1|0.029|0.12|0.008|0.053|0.098|0.057|0.022|0.017|0.037|0.08|0.101|0.201
202401|44|46110|26110000|2614000000|서울|서초구|서초동|서초1동|NH5063|푸르지오|16225|1|6|0.05|0.135|0.107|0.006|0.074|0.13|0.081|0.013|0.05|0.039|0.07|0.076|0.014|0.065|0.089
202401|43|11110|41150000|2811000000|경기|서초구|서초동|서초1동|NH6578|자이|12668|x|5|0.021|0.124|0.008|0.232|0.006|0.064|0.03|0.075|0.002|0.036|0.166|0.065|0.111|0.008|0.052
202401|44|44130|42110000|1120000000|부산|수원시|인계동|역삼1동|NH2509|자이|3572|x|5|0.088|0.041|0.025|0.016|0.33|0.041|0.005|0.099|0.063|0.023|0.055|0.07|0.019|0.09|0.035
202401|45|41150|47110000|4111000000|인천|강남구|인계동|서초1동|NH9953|래미안|14202|2|6|0.038|0.144|0.161|0.113|0.029|0.021|0.005|0.026|0.129|0.03|0.047|0.129|0.071|0.027|0.029
202401|44|26140|11170000|4611000000|경기|서초구|인계동|역삼1동|NH9515|힐스테이트|2152|x|3|0.05|0.086|0.044|0.042|0.046|0.005|0.162|0.034|0.092|0.003|0.211|0.002|0.073|0.012|0.137
202401|43|11140|26140000|1117000000|서울|수원시|서초동|서초1동|NH6150|자이|2879|1|3|0.007|0.084|0.001|0.01|0.116|0.078|0.046|0.082|0.116|0.102|0.059|0.153|0.101|0.001|0.045
202401|41|46110|11200000|4113000000|경기|서초구|인계동|서초1동|NH4145|자이|3826|2|3|0.041|0.141|0.008|0.11|0.013|0.023|0.022|0.175|0.038|0.061|0.106|0.018|0.101|0.065|0.079
202401|27|11110|28110000|4111000000|서울|강남구|서초동|역삼1동|NH8583|힐스테이트|9643|1|2|0.092|0.044|0.032|0.019|0.045|0.096|0.098|0.019|0.064|0.021|0.111|0.105|0.016|0.219|0.019
202401|42|46110|28110000|2811000000|경기|서초구|인계동|역삼1동|NH3981|푸르지오|17634|2|6|0.198|0.062|0.037|0.031|0.042|0.021|0.17|0.058|0.022|0.039|0.123|0.055|0.072|0.045|0.024
202401|27|28110|41130000|4111000000|서울|수원시|역삼동|역삼1동|NH2325|래미안|17021|2|4|0.082|0.044|0.033|0.016|0.056|0.169|0.003|0.128|0.047|0.118|0.045|0.087|0.053|0.026|0.093
202401|47|42110|44130000|1120000000|경기|수원시|역삼동|서초1동|NH1555|힐스테이트|9766|2|3|0.109|0.103|0.063|0.009|0.078|0.092|0.056|0.056|0.04|0.012|0.163|0.003|0.062|0.031|0.125
202401|27|11170|26110000|2614000000|서울|수원시|서초동|서초1동|NH1267|래미안|17981|1|4|0.157|0.024|0.137|0.02|0.096|0.043|0.045|0.024|0.063|0.045|0.076|0.11|0.051|0.037|0.072
202401|44|11140|42110000|4311000000|부산|성남시|역삼동|서초1동|NH8479|푸르지오|9636|1|2|0.123|0.067|0.116|0.018|0.097|0.014|0.125|0.109|0.064|0.051|0.038|0.025|0.056|0.007|0.089
202401|41|27110|41150000|1114000000|인천|성남시|역삼동|서초1동|NH3494|래미안|6317|1|4|0.063|0.073|0.094|0.092|0.041|0.042|0.031|0.064|0.043|0.07|0.052|0.115|0.015|0.116|0.089
202401|41|41150|26110000|4113000000|인천|수원시|서초동|서초1동|NH3166|래미안|2904|1|6|0.021|0.025|0.096|0.045|0.007|0.039|0.36|0.014|0.01|0.036|0.087|0.085|0.113|0.008|0.053
202401|26|26140|44130000|1114000000|서울|성남시|인계동|서초1동|NH6797|래미안|2712|1|6|0.045|0.05|0.199|0.038|0.044|0.133|0.161|0.074|0.013|0.0|0.092|0.066|0.009|0.016|0.061
202401|26|11170|47110000|4113000000|인천|서초구|인계동|서초1동|NH7913|힐스테이트|14331|1|4|0.037|0.007|0.26|0.038|0.017|0.026|0.074|0.151|0.178|0.02|0.011|0.051|0.052|0.063|0.016
202401|26|27110|11170000|2711000000|인천|강남구|역삼동|서초1동|NH4263|푸르지오|4119|2|4|0.012|0.003|0.016|0.034|0.052|0.163|0.01|0.012|0.202|0.029|0.12|0.064|0.01|0.018|0.255
202401|27|11170|46110000|1111000000|인천|수원시|인계동|서초1동|NH9858|푸르지오|14184|1|2|0.189|0.059|0.011|0.134|0.001|0.141|0.072|0.027|0.131|0.016|0.028|0.016|0.024|0.102|0.047
202401|47|11110|26110000|2811000000|인천|수원시|역삼동|서초1동|NH1777|힐스테이트|19210|1|5|0.016|0.158|0.005|0.005|0.121|0.059|0.032|0.033|0.001|0.046|0.202|0.023|0.223|0.002|0.074
202401|27|26140|43110000|2711000000|인천|서초구|서초동|역삼1동|NH7003|자이|9321|x|6|0.142|0.065|0.067|0.076|0.002|0.023|0.121|0.083|0.018|0.027|0.14|0.135|0.091|0.01|0.001
202401|43|28110|41110000|1114000000|서울|강남구|서초동|역삼1동|NH7706|자이|13754|1|6|0.1|0.087|0.201|0.028|0.008|0.019|0.02|0.002|0.016|0.173|0.039|0.131|0.009|0.081|0.087
202401|47|27110|41150000|2611000000|경기|성남시|인계동|역삼1동|NH3953|푸르지오|10236|2|4|0.052|0.008|0.01|0.199|0.056|0.038|0.33|0.028|0.023|0.073|0.003|0.034|0.013|0.077|0.056
202401|45|41130|41110000|1117000000|부산|수원시|인계동|역삼1동|NH2662|푸르지오|9211|2|6|0.006|0.052|0.031|0.235|0.023|0.044|0.003|0.036|0.206|0.06|0.042|0.019|0.028|0.093|0.122
202401|45|43110|26110000|4115000000|서울|성남시|서초동|서초1동|NH8229|래미안|9090|1|5|0.037|0.092|0.061|0.3|0.07|0.032|0.055|0.018|0.019|0.068|0.063|0.004|0.071|0.071|0.04
202401|42|11200|45110000|2711000000|인천|서초구|서초동|서초1동|NH7571|자이|17576|1|4|0.068|0.029|0.094|0.068|0.072|0.026|0.08|0.062|0.01|0.056|0.131|0.141|0.004|0.1|0.058
202401|26|11170|41130000|4115000000|부산|강남구|서초동|역삼1동|NH4494|래미안|19541|2|5|0.036|0.002|0.098|0.02|0.043|0.035|0.08|0.115|0.001|0.168|0.214|0.012|0.08|0.038|0.059
202401|42|43110|41150000|2611000000|부산|서초구|인계동|역삼1동|NH9929|힐스테이트|13805|x|6|0.158|0.112|0.002|0.191|0.002|0.027|0.007|0.08|0.005|0.131|0.068|0.023|0.038|0.084|0.074
202401|26|11110|47110000|2611000000|인천|수원시|역삼동|서초1동|NH7739|푸르지오|8891|2|4|0.002|0.033|0.088|0.132|0.065|0.073|0.006|0.033|0.095|0.052|0.148|0.166|0.05|0.003|0.054
202401|46|26140|41110000|4311000000|경기|성남시|인계동|서초1동|NH2372|자이|8614|1|2|0.036|0.164|0.08|0.212|0.046|0.04|0.07|0.01|0.06|0.056|0.005|0.091|0.073|0.054|0.003
202401|44|27110|11110000|4611000000|인천|서초구|인계동|서초1동|NH8102|힐스테이트|8030|1|5|0.107|0.134|0.011|0.067|0.101|0.039|0.008|0.112|0.028|0.119|0.073|0.043|0.052|0.084|0.022
202401|11|11110|11110000|4711000000|인천|강남구|역삼동|서초1동|NH9889|자이|17185|1|4|0.012|0.193|0.103|0.246|0.005|0.014|0.012|0.121|0.02|0.074|0.075|0.039|0.014|0.019|0.054
202401|11|11110|11200000|1117000000|서울|서초구|서초동|역삼1동|NH7013|래미안|19601|x|4|0.144|0.103|0.028|0.022|0.043|0.039|0.066|0.007|0.205|0.001|0.025|0.036|0.014|0.213|0.053
202401|46|41110|26140000|1114000000|경기|서초구|서초동|역삼1동|NH3321|힐스테이트|5255|2|4|0.157|0.068|0.029|0.011|0.003|0.007|0.074|0.03|0.176|0.006|0.188|0.012|0.05|0.039|0.152
202401|26|42110|44130000|2614000000|부산|서초구|역삼동|역삼1동|NH9867|힐스테이트|7097|2|4|0.059|0.046|0.007|0.091|0.04|0.266|0.026|0.063|0.003|0.002|0.063|0.122|0.034|0.069|0.107
202401|45|41150|44130000|2711000000|인천|강남구|역삼동|서초1동|NH9835|자이|6818|1|2|0.02|0.171|0.368|0.002|0.063|0.093|0.008|0.017|0.032|0.066|0.066|0.055|0.005|0.031|0.002
202401|42|45110|41150000|1120000000|부산|성남시|서초동|서초1동|NH6028|힐스테이트|18218|2|6|0.03|0.03|0.04|0.298|0.02|0.076|0.13|0.02|0.097|0.008|0.092|0.079|0.007|0.065|0.006
202401|27|44130|47110000|1114000000|인천|수원시|서초동|역삼1동|NH6323|자이|7689|2|3|0.037|0.044|0.123|0.006|0.002|0.199|0.0|0.011|0.028|0.136|0.022|0.052|0.0|0.001|0.339
202401|46|47110|42110000|4111000000|부산|수원시|인계동|서초1동|NH5063|래미안|17886|2|3|0.034|0.219|0.155|0.032|0.086|0.0|0.107|0.063|0.018|0.001|0.092|0.096|0.075|0.009|0.013
202401|27|47110|45110000|2611000000|인천|강남구|서초동|역삼1동|NH3230|자이|19396|1|4|0.147|0.057|0.011|0.335|0.009|0.053|0.022|0.038|0.064|0.029|0.051|0.034|0.083|0.002|0.066
202401|45|26140|26110000|4211000000|경기|서초구|역삼동|서초1동|NH8170|래미안|10198|x|4|0.092|0.173|0.02|0.009|0.063|0.078|0.039|0.035|0.122|0.051|0.013|0.043|0.011|0.041|0.211
202401|26|11110|11110000|4311000000|서울|강남구|서초동|서초1동|NH9573|래미안|19202|1|5|0.152|0.026|0.045|0.177|0.044|0.007|0.135|0.221|0.013|0.004|0.008|0.002|0.041|0.125|0.001
202401|42|41150|46110000|1111000000|인천|서초구|인계동|역삼1동|NH8017|자이|3499|2|5|0.067|0.091|0.156|0.014|0.076|0.01|0.027|0.048|0.243|0.025|0.025|0.039|0.028|0.14|0.01
202401|47|42110|43110000|4211000000|인천|성남시|역삼동|서초1동|NH6633|래미안|16771|2|5|0.048|0.016|0.157|0.044|0.101|0.02|0.022|0.207|0.068|0.025|0.159|0.009|0.054|0.013|0.056
202401|47|41150|44130000|4413000000|인천|강남구|역삼동|역삼1동|NH8127|푸르지오|11408|1|4|0.023|0.13|0.034|0.013|0.099|0.111|0.027|0.059|0.058|0.057|0.172|0.032|0.001|0.002|0.181
202401|44|43110|26140000|4611000000|인천|강남구|서초동|서초1동|NH7687|래미안|19103|2|3|0.247|0.038|0.061|0.058|0.062|0.012|0.051|0.05|0.172|0.047|0.009|0.057|0.078|0.057|0.002
202401|46|45110|26140000|2711000000|서울|성남시|역삼동|서초1동|NH8042|래미안|2505|2|4|0.042|0.028|0.007|0.069|0.021|0.034|0.087|0.044|0.01|0.143|0.196|0.02|0.019|0.189|0.091
202401|46|41110|11140000|4115000000|인천|서초구|서초동|역삼1동|NH1319|자이|15297|1|6|0.071|0.062|0.045|0.043|0.014|0.199|0.058|0.062|0.011|0.052|0.075|0.151|0.022|0.069|0.067
202401|11|27110|11110000|4413000000|인천|성남시|역삼동|서초1동|NH3270|자이|5900|1|4|0.057|0.053|0.06|0.056|0.045|0.002|0.326|0.127|0.033|0.016|0.046|0.009|0.0|0.04|0.129
202401|11|44130|27110000|2614000000|부산|서초구|인계동|역삼1동|NH8029|래미안|17362|x|6|0.32|0.092|0.073|0.01|0.047|0.046|0.137|0.01|0.023|0.028|0.093|0.009|0.021|0.082|0.009
202401|42|41110|41130000|2811000000|부산|성남시|인계동|역삼1동|NH1760|래미안|2305|1|4|0.167|0.027|0.005|0.053|0.076|0.086|0.114|0.028|0.185|0.131|0.042|0.045|0.02|0.015|0.005
202401|26|11170|47110000|2611000000|서울|서초구|서초동|서초1동|NH4573|자이|13504|2|5|0.134|0.007|0.018|0.013|0.014|0.262|0.0|0.012|0.03|0.009|0.033|0.095|0.193|0.005|0.176
202401|27|47110|41150000|1114000000|인천|서초구|역삼동|역삼1동|NH1237|자이|7511|2|6|0.172|0.026|0.038|0.042|0.016|0.109|0.005|0.082|0.005|0.039|0.003|0.079|0.254|0.068|0.062
202401|41|47110|26140000|4511000000|부산|수원시|인계동|역삼1동|NH4729|래미안|14519|1|5|0.022|0.06|0.018|0.067|0.04|0.16|0.064|0.026|0.015|0.121|0.269|0.035|0.042|0.049|0.011
202401|41|11170|11110000|1117000000|서울|서초구|인계동|서초1동|NH2313|푸르지오|3958|1|6|0.034|0.067|0.008|0.25|0.001|0.076|0.062|0.074|0.162|0.011|0.02|0.087|0.008|0.058|0.08
202401|44|43110|11170000|2711000000|인천|성남시|서초동|서초1동|NH6871|래미안|5439|x|5|0.147|0.054|0.142|0.043|0.066|0.004|0.078|0.024|0.084|0.059|0.024|0.005|0.063|0.077|0.128
202401|41|41130|47110000|4413000000|인천|강남구|역삼동|서초1동|NH6128|힐스테이트|6449|2|3|0.023|0.023|0.157|0.063|0.059|0.074|0.008|0.052|0.01|0.218|0.048|0.158|0.063|0.036|0.01
202401|45|27110|28110000|2611000000|인천|서초구|서초동|서초1동|NH8166|푸르지오|15469|1|4|0.018|0.081|0.038|0.021|0.088|0.016|0.124|0.028|0.01|0.016|0.125|0.148|0.027|0.067|0.193
202401|11|41110|41130000|1111000000|서울|강남구|인계동|서초1동|NH1050|래미안|14745|2|5|0.001|0.031|0.144|0.12|0.085|0.008|0.068|0.01|0.164|0.024|0.072|0.001|0.034|0.215|0.023
202401|45|28110|26110000|4311000000|인천|성남시|인계동|서초1동|NH2899|래미안|11275|1|3|0.061|0.009|0.058|0.028|0.043|0.047|0.06|0.091|0.36|0.011|0.019|0.003|0.009|0.069|0.133
202401|47|41130|28110000|4711000000|부산|수원시|역삼동|서초1동|NH7979|자이|2465|x|6|0.229|0.022|0.012|0.004|0.155|0.014|0.027|0.023|0.026|0.036|0.093|0.025|0.15|0.031|0.153
202401|46|11140|45110000|4711000000|인천|성남시|역삼동|서초1동|NH7814|푸르지오|10611|1|5|0.1|0.076|0.019|0.09|0.003|0.136|0.004|0.237|0.003|0.051|0.07|0.011|0.131|0.045|0.024
202401|47|26110|43110000|1117000000|부산|서초구|역삼동|서초1동|NH2872|래미안|4119|2|6|0.1|0.034|0.01|0.051|0.048|0.21|0.019|0.042|0.032|0.012|0.254|0.053|0.057|0.002|0.077
202401|27|41130|11140000|4711000000|부산|수원시|역삼동|역삼1동|NH2546|래미안|8257|1|5|0.052|0.127|0.056|0.003|0.129|0.076|0.058|0.052|0.062|0.02|0.006|0.099|0.104|0.105|0.05
202401|27|11170|26140000|2811000000|부산|수원시|역삼동|역삼1동|NH2802|래미안|13487|1|4|0.178|0.118|0.035|0.063|0.037|0.001|0.07|0.004|0.063|0.019|0.052|0.008|0.064|0.036|0.252
202401|44|11200|27110000|1114000000|서울|수원시|서초동|역삼1동|NH7561|힐스테이트|12581|2|6|0.148|0.15|0.031|0.039|0.025|0.024|0.023|0.001|0.137|0.006|0.011|0.108|0.096|0.19|0.011
202401|11|41110|43110000|4611000000|경기|성남시|역삼동|서초1동|NH5968|래미안|12369|2|5|0.072|0.042|0.014|0.017|0.027|0.065|0.192|0.07|0.05|0.079|0.036|0.017|0.033|0.245|0.04
202401|11|26110|47110000|4115000000|인천|강남구|서초동|역삼1동|NH8923|래미안|13540|1|5|0.249|0.051|0.135|0.134|0.055|0.003|0.035|0.022|0.098|0.081|0.032|0.015|0.018|0.069|0.001
202401|46|11140|11110000|4111000000|서울|성남시|인계동|역삼1동|NH6563|푸르지오|7131|2|6|0.023|0.034|0.102|0.33|0.01|0.008|0.011|0.063|0.053|0.089|0.058|0.06|0.023|0.102|0.032
202401|11|28110|44130000|1117000000|인천|성남시|역삼동|서초1동|NH5874|래미안|18568|2|5|0.048|0.056|0.05|0.055|0.235|0.032|0.047|0.012|0.007|0.001|0.033|0.068|0.286|0.028|0.043
202401|47|41130|41150000|4211000000|인천|성남시|인계동|서초1동|NH2720|자이|14957|1|6|0.009|0.061|0.03|0.149|0.181|0.097|0.039|0.031|0.018|0.042|0.037|0.001|0.086|0.146|0.071
202401|47|44130|27110000|2614000000|인천|수원시|역삼동|역삼1동|NH7683|힐스테이트|17381|1|5|0.041|0.023|0.137|0.039|0.055|0.094|0.068|0.144|0.038|0.007|0.015|0.143|0.039|0.059|0.097
202401|41|42110|26140000|2711000000|부산|강남구|인계동|서초1동|NH8850|힐스테이트|4283|1|3|0.054|0.039|0.009|0.187|0.266|0.008|0.059|0.032|0.146|0.015|0.083|0.026|0.014|0.041|0.021
202401|41|43110|44130000|1120000000|경기|성남시|서초동|역삼1동|NH2867|힐스테이트|15077|1|3|0.015|0.141|0.07|0.084|0.246|0.116|0.005|0.051|0.013|0.05|0.029|0.149|0.01|0.019|0.0
202401|27|44130|11140000|1114000000|부산|강남구|서초동|서초1동|NH3623|자이|9116|1|4|0.027|0.299|0.039|0.003|0.036|0.064|0.086|0.059|0.023|0.004|0.04|0.026|0.102|0.051|0.14
202401|27|41110|45110000|2614000000|서울|수원시|역삼동|역삼1동|NH6163|푸르지오|17316|1|3|0.064|0.061|0.072|0.023|0.013|0.091|0.036|0.071|0.01|0.014|0.02|0.142|0.026|0.243|0.116
202401|44|11200|43110000|4511000000|인천|서초구|역삼동|서초1동|NH1159|래미안|7137|1|2|0.08|0.077|0.052|0.015|0.015|0.01|0.128|0.059|0.059|0.065|0.053|0.159|0.047|0.153|0.03
202401|41|28110|11200000|2611000000|서울|수원시|인계동|서초1동|NH5568|래미안|2274|2|4|0.068|0.235|0.039|0.047|0.074|0.002|0.126|0.088|0.037|0.141|0.024|0.024|0.018|0.012|0.066
202401|43|27110|41150000|4413000000|서울|성남시|서초동|서초1동|NH9416|푸르지오|19864|2|6|0.027|0.058|0.053|0.063|0.119|0.007|0.02|0.158|0.004|0.046|0.057|0.282|0.059|0.0|0.047
202401|44|45110|28110000|2711000000|경기|강남구|서초동|서초1동|NH5636|푸르지오|9799|2|3|0.003|0.117|0.002|0.098|0.014|0.053|0.048|0.032|0.079|0.001|0.186|0.052|0.272|0.016|0.027
202401|47|45110|41150000|4111000000|경기|강남구|인계동|역삼1동|NH7824|자이|14956|2|6|0.049|0.215|0.041|0.03|0.009|0.03|0.074|0.01|0.02|0.112|0.003|0.024|0.041|0.124|0.218
202401|26|11200|26140000|2811000000|서울|강남구|서초동|역삼1동|NH7261|힐스테이트|5083|2|4|0.168|0.032|0.028|0.065|0.107|0.031|0.12|0.006|0.001|0.007|0.057|0.03|0.243|0.089|0.016
202401|44|28110|11200000|4511000000|부산|성남시|역삼동|역삼1동|NH8753|자이|4580|2|6|0.055|0.18|0.03|0.06|0.004|0.119|0.067|0.04|0.166|0.019|0.095|0.041|0.023|0.062|0.039
202401|45|11110|11140000|4113000000|경기|서초구|서초동|역삼1동|NH7395|푸르지오|10789|1|6|0.042|0.034|0.008|0.164|0.026|0.032|0.081|0.186|0.025|0.013|0.015|0.042|0.11|0.036|0.187
202401|44|26140|44130000|1120000000|부산|수원시|서초동|역삼1동|NH1324|힐스테이트|8358|2|6|0.02|0.071|0.129|0.191|0.084|0.055|0.105|0.004|0.035|0.033|0.195|0.065|0.001|0.0|0.012
202401|44|28110|41150000|4711000000|인천|강남구|역삼동|역삼1동|NH6674|힐스테이트|18336|2|2|0.007|0.012|0.179|0.061|0.05|0.026|0.052|0.078|0.051|0.011|0.007|0.042|0.135|0.242|0.045
202401|26|11170|11140000|1120000000|경기|서초구|역삼동|서초1동|NH1662|래미안|10614|2|3|0.017|0.031|0.14|0.002|0.097|0.017|0.056|0.114|0.007|0.011|0.1|0.055|0.024|0.078|0.25
202401|46|11140|43110000|1114000000|경기|성남시|서초동|서초1동|NH7013|래미안|10042|1|3|0.162|0.073|0.017|0.021|0.039|0.094|0.087|0.044|0.016|0.042|0.111|0.123|0.004|0.045|0.124
202401|46|43110|41130000|2614000000|부산|수원시|역삼동|역삼1동|NH9874|래미안|8227|2|2|0.05|0.036|0.039|0.074|0.043|0.062|0.041|0.118|0.05|0.139|0.023|0.124|0.024|0.097|0.08
202401|26|27110|26110000|2611000000|경기|서초구|서초동|역삼1동|NH3013|푸르지오|6538|1|4|0.031|0.11|0.044|0.017|0.045|0.297|0.094|0.032|0.065|0.122|0.023|0.049|0.007|0.045|0.019
202401|45|45110|11110000|2811000000|인천|성남시|역삼동|서초1동|NH4123|자이|9990|2|4|0.154|0.011|0.012|0.117|0.02|0.075|0.04|0.145|0.023|0.136|0.085|0.017|0.117|0.007|0.042
202401|26|46110|11140000|2711000000|인천|수원시|인계동|역삼1동|NH1871|힐스테이트|18809|x|6|0.059|0.193|0.021|0.121|0.009|0.023|0.01|0.099|0.161|0.012|0.132|0.046|0.057|0.009|0.047
202401|26|11200|46110000|4115000000|경기|수원시|인계동|서초1동|NH8940|래미안|4070|2|3|0.077|0.021|0.004|0.197|0.092|0.058|0.005|0.031|0.119|0.012|0.14|0.011|0.028|0.014|0.192
202401|45|11170|11200000|4111000000|경기|서초구|역삼동|서초1동|NH2470|자이|10962|1|5|0.009|0.272|0.003|0.088|0.028|0.095|0.045|0.007|0.106|0.029|0.025|0.052|0.036|0.163|0.042
202401|44|11140|44130000|1111000000|부산|강남구|인계동|서초1동|NH5658|푸르지오|8283|2|4|0.048|0.016|0.066|0.178|0.027|0.006|0.083|0.061|0.114|0.01|0.114|0.03|0.033|0.156|0.058
202401|26|47110|11140000|4413000000|인천|강남구|역삼동|역삼1동|NH4134|푸르지오|13870|2|5|0.132|0.007|0.026|0.019|0.088|0.14|0.041|0.072|0.009|0.023|0.152|0.074|0.036|0.138|0.042
202401|11|26110|11200000|2811000000|인천|성남시|인계동|서초1동|NH9575|래미안|9039|2|6|0.03|0.172|0.045|0.056|0.12|0.07|0.029|0.023|0.092|0.005|0.069|0.097|0.015|0.132|0.046
202401|11|45110|26110000|4413000000|인천|수원시|서초동|서초1동|NH1209|푸르지오|11917|2|4|0.106|0.001|0.002|0.005|0.023|0.025|0.026|0.03|0.221|0.001|0.235|0.019|0.074|0.097|0.135
202401|43|41110|11200000|1120000000|인천|수원시|역삼동|역삼1동|NH4959|래미안|5979|2|5|0.097|0.175|0.018|0.072|0.038|0.027|0.005|0.077|0.104|0.029|0.072|0.079|0.085|0.101|0.022
202401|47|26110|11140000|4413000000|서울|서초구|역삼동|역삼1동|NH2379|푸르지오|8608|2|2|0.214|0.063|0.048|0.072|0.001|0.066|0.183|0.067|0.004|0.037|0.048|0.128|0.016|0.034|0.019
202401|42|11140|41150000|4111000000|경기|강남구|인계동|역삼1동|NH1122|래미안|13124|2|3|0.001|0.053|0.06|0.077|0.025|0.213|0.055|0.083|0.02|0.026|0.039|0.067|0.102|0.098|0.082
202401|26|42110|44130000|2711000000|부산|서초구|서초동|서초1동|NH4758|푸르지오|9055|1|6|0.124|0.01|0.113|0.002|0.013|0.155|0.091|0.063|0.056|0.028|0.188|0.019|0.023|0.076|0.039
202401|41|11170|42110000|2711000000|부산|강남구|인계동|서초1동|NH4880|힐스테이트|5942|1|5|0.063|0.221|0.171|0.012|0.024|0.037|0.088|0.083|0.073|0.016|0.022|0.093|0.004|0.053|0.044
202401|45|11110|11140000|2811000000|서울|강남구|역삼동|역삼1동|NH8661|래미안|13573|2|2|0.289|0.145|0.083|0.046|0.01|0.035|0.072|0.035|0.017|0.117|0.098|0.003|0.039|0.006|0.005
202401|47|43110|41150000|1117000000|서울|성남시|인계동|서초1동|NH8970|푸르지오|7959|2|3|0.018|0.015|0.222|0.005|0.058|0.015|0.209|0.012|0.067|0.047|0.042|0.094|0.13|0.037|0.031
