조사연도,MD제공용_가구고유번호,가중값,수도권여부,가구원수,노인가구여부,가구주_만연령,입주형태코드,주택종류통합코드,자산,자산_금융자산,자산_실물자산,자산_실물자산_부동산_거주주택금액,부채,부채_금융부채_담보대출금액,순자산,경상소득(보완),경상소득_공적이전소득(보완),처분가능소득(보완)[경상소득(보완)-비소비지출(보완)],지출_소비지출비,지출_소비지출_식료품(외식비포함),지출_소비지출_의료비,지출_비소비지출(보완),지출_비소비지출_세금(보완),지출_비소비지출_공적연금사회보험료(보완),지출_비소비지출_연간지급이자(조사2),가구주_은퇴여부,가구주_미은퇴_최소생활비,가구주_미은퇴_적정생활비,가구주_은퇴_적정생활비충당여부
2023,HH2023000000,201.9239,G1,4,G1,35,2,G3,19654.0,17180.0,1813.0,1813.0,33642.0,23356,0.0,4333.0,1857.0,2940.0,3153.0,984,337,2498,373,479,439,2,260.0,309,2
2023,HH2023000001,233.7124,G1,1,G2,76,3,G4,74817.0,26919.0,45547.0,45289.0,8522.0,4640,66295.0,4175.0,1451.0,3067.0,3231.0,1218,252,1605,254,378,290,2,188.0,429,2
2023,HH2023000002,242.1825,G1,4,G2,69,1,G3,80878.0,2733.0,77672.0,77333.0,27063.0,22026,53815.0,2150.0,212.0,2065.0,3925.0,1312,277,2838,691,486,210,1,241.0,441,4
2023,HH2023000003,64.7439,G1,1,G1,56,5,G3,27984.0,26411.0,1851.0,0.0,172.0,115,27812.0,2237.0,137.0,1540.0,2708.0,889,231,844,198,128,136,2,,454,2
2023,HH2023000004,125.9146,G1,2,G2,55,2,G2,125436.0,12451.0,111087.0,110733.0,22879.0,17029,102557.0,3405.0,111.0,3038.0,1863.0,443,101,632,157,111,44,2,195.0,225,4
2023,HH2023000005,155.3184,G1,2,G2,81,1,G1,136100.0,16086.0,117517.0,117194.0,22846.0,11459,113254.0,256.0,1383.0,0.0,779.0,172,74,511,57,66,54,1,124.0,229,4
2023,HH2023000006,94.9429,G1,5,G2,35,1,G3,89893.0,4962.0,83410.0,81735.0,14539.0,10912,75354.0,5483.0,1691.0,4238.0,1180.0,463,218,1391,415,269,177,2,262.0,312,5
2023,HH2023000007,155.1835,G1,1,G2,71,4,G2,38624.0,18653.0,18346.0,16588.0,39763.0,24380,0.0,4915.0,1263.0,3697.0,2592.0,828,452,982,108,211,56,2,179.0,332,1
2023,HH2023000008,67.7824,G2,4,G2,42,2,G3,68329.0,5470.0,59055.0,58638.0,35318.0,24643,33011.0,2449.0,524.0,1666.0,1384.0,391,146,728,193,89,53,1,152.0,218,2
2023,HH2023000009,78.3043,G2,5,G1,35,3,G1,158080.0,8195.0,150855.0,149555.0,1545.0,956,156535.0,2989.0,1514.0,1885.0,1934.0,614,263,1089,270,160,98,2,239.0,468,4
2023,HH2023000010,217.1737,G1,5,G1,61,3,G2,30084.0,21648.0,7693.0,6625.0,8353.0,7505,21731.0,2629.0,118.0,2435.0,672.0,142,90,2937,641,676,203,1,290.0,469,3
2023,HH2023000011,115.6431,G2,2,G2,88,1,G2,133400.0,1515.0,133033.0,131880.0,8319.0,4927,125081.0,5210.0,1656.0,4878.0,1757.0,640,306,2500,469,439,475,1,167.0,327,4
2023,HH2023000012,227.8515,G1,1,G2,74,3,G2,116136.0,13415.0,103296.0,102674.0,35902.0,31060,80234.0,6077.0,1783.0,4787.0,951.0,231,81,546,137,98,50,1,243.0,430,4
2023,HH2023000013,62.0271,G2,2,G2,75,4,G3,18898.0,17837.0,1502.0,0.0,20756.0,17999,0.0,869.0,1436.0,193.0,448.0,161,42,2788,691,580,348,2,237.0,369,5
2023,HH2023000014,190.6758,G2,4,G1,73,1,G4,123648.0,3960.0,118459.0,116698.0,29154.0,19486,94494.0,3306.0,1758.0,2487.0,527.0,161,50,1013,129,189,202,1,197.0,397,2
2023,HH2023000015,147.8622,G1,1,G1,77,3,G2,138848.0,8842.0,126985.0,125534.0,32397.0,20138,106451.0,110.0,1172.0,0.0,2073.0,529,116,1514,391,167,204,1,261.0,461,2
2023,HH2023000016,249.2428,G2,4,G2,60,1,G2,20654.0,10305.0,8288.0,6482.0,30704.0,20031,0.0,3617.0,936.0,3314.0,1465.0,301,142,1319,152,290,147,2,125.0,227,3
2023,HH2023000017,245.9879,G2,2,G1,37,1,G1,39101.0,19908.0,16183.0,15962.0,3561.0,3189,35540.0,1986.0,644.0,747.0,399.0,144,72,1512,302,360,286,2,275.0,269,3
2023,HH2023000018,143.8899,G2,4,G2,80,1,G2,133053.0,29301.0,101176.0,99862.0,5613.0,4195,127440.0,2686.0,1843.0,1549.0,2057.0,483,384,2401,549,259,200,1,180.0,328,5
2023,HH2023000019,205.6785,G1,4,G2,57,3,G2,175811.0,25087.0,151863.0,149865.0,15809.0,11349,160002.0,3652.0,1394.0,2627.0,657.0,138,43,2281,602,269,175,1,108.0,468,1
2023,HH2023000020,106.8872,G1,3,G1,60,1,G2,13485.0,5692.0,4665.0,3594.0,13535.0,6961,0.0,2589.0,380.0,2060.0,61.0,21,7,1985,382,407,258,2,297.0,377,2
2023,HH2023000021,195.1017,G2,4,G1,52,1,G2,104847.0,544.0,101735.0,99852.0,29883.0,25075,74964.0,3152.0,1913.0,2188.0,530.0,143,56,2067,304,394,235,2,254.0,319,5
2023,HH2023000022,70.3162,G1,5,G1,40,2,G2,22510.0,1557.0,21174.0,20478.0,6249.0,3333,16261.0,6118.0,118.0,4689.0,1794.0,498,221,2318,459,364,393,2,263.0,208,4
2023,HH2023000023,158.6511,G2,2,G1,85,1,G2,117738.0,17871.0,99311.0,97518.0,14861.0,7709,102877.0,,1175.0,5508.0,3816.0,951,508,960,144,173,54,1,129.0,377,4
2023,HH2023000024,95.6819,G2,3,G2,76,3,G3,102334.0,4687.0,95374.0,93497.0,9462.0,5771,92872.0,46.0,381.0,0.0,966.0,359,51,1489,306,305,212,2,250.0,280,2
2023,HH2023000025,270.8453,G1,4,G2,68,4,G2,22884.0,6938.0,14810.0,13566.0,7553.0,5213,15331.0,3022.0,1328.0,2617.0,1139.0,295,200,769,148,135,120,2,239.0,298,4
2023,HH2023000026,161.2252,G1,5,G1,54,1,G2,131732.0,25421.0,103518.0,102109.0,6912.0,5931,124820.0,6775.0,825.0,5991.0,970.0,234,190,2260,578,273,442,1,280.0,498,2
2023,HH2023000027,197.6934,G1,3,G2,79,1,G2,165448.0,26216.0,135600.0,134555.0,7819.0,6380,157629.0,4243.0,874.0,3686.0,1420.0,371,210,1594,235,180,114,1,174.0,358,4
2023,HH2023000028,140.0955,G1,2,G1,62,5,G3,157059.0,25170.0,130149.0,129516.0,22574.0,13071,134485.0,1642.0,1343.0,726.0,2869.0,690,427,2093,293,347,181,1,,241,1
2023,HH2023000029,122.1853,G2,5,G1,56,1,G3,12255.0,7609.0,5421.0,4349.0,16401.0,10641,0.0,4748.0,1512.0,4680.0,1288.0,339,166,1912,372,455,363,1,241.0,214,2
2023,HH2023000030,100.7299,G2,5,G2,57,1,G2,57177.0,18590.0,38811.0,36887.0,17411.0,14139,39766.0,1159.0,760.0,874.0,2630.0,569,263,1184,130,217,171,1,150.0,316,4
2023,HH2023000031,277.9679,G1,3,G2,43,5,G2,55522.0,18323.0,36153.0,36124.0,19176.0,13631,36346.0,174.0,1995.0,0.0,3593.0,832,259,846,123,130,47,2,142.0,219,4
2023,HH2023000032,249.8664,G2,1,G2,35,4,G3,75920.0,5557.0,68403.0,67993.0,29642.0,16889,46278.0,5059.0,996.0,4488.0,3784.0,1072,520,2932,500,692,180,2,280.0,328,5
2023,HH2023000033,83.3153,G2,2,G1,63,2,G2,40987.0,16606.0,22451.0,21453.0,34472.0,22697,6515.0,4121.0,320.0,3472.0,2251.0,846,127,1233,243,195,206,2,228.0,324,5
2023,HH2023000034,236.6812,G2,3,G2,83,2,G2,146227.0,15757.0,128829.0,128151.0,21057.0,15800,125170.0,6052.0,12.0,5237.0,2852.0,603,495,773,118,136,104,1,123.0,463,1
2023,HH2023000035,154.6327,G1,4,G1,33,4,G4,129376.0,11884.0,117762.0,116515.0,25690.0,22845,103686.0,2758.0,404.0,2101.0,3676.0,891,415,1264,268,148,170,2,125.0,300,1
2023,HH2023000036,53.8492,G2,4,G2,81,2,G1,145306.0,22549.0,121973.0,121252.0,29542.0,22591,115764.0,6834.0,1382.0,5697.0,3146.0,1200,353,2756,759,580,501,2,265.0,282,2
2023,HH2023000037,182.0918,G2,5,G2,79,2,G2,53455.0,20328.0,31047.0,29730.0,27616.0,13986,25839.0,3370.0,1078.0,3002.0,1199.0,453,118,1153,240,236,99,2,133.0,384,5
2023,HH2023000038,82.5116,G1,1,G2,46,3,G3,18298.0,15979.0,2397.0,2185.0,5370.0,4199,12928.0,5904.0,675.0,4767.0,528.0,177,103,2966,466,649,219,2,143.0,391,3
2023,HH2023000039,102.4836,G2,3,G1,67,2,G1,159438.0,21773.0,137259.0,136595.0,39319.0,23605,120119.0,802.0,962.0,488.0,459.0,113,34,1651,185,245,234,2,222.0,211,5
2023,HH2023000040,224.0102,G2,4,G2,39,1,G2,70690.0,22893.0,44721.0,43336.0,6592.0,5569,64098.0,777.0,1676.0,222.0,3528.0,1001,256,2654,337,438,483,1,272.0,225,1
2023,HH2023000041,114.2855,G1,5,G2,75,1,G2,115943.0,17008.0,99382.0,98440.0,16473.0,10766,99470.0,6262.0,1143.0,5381.0,2224.0,538,166,2132,452,267,191,2,167.0,250,5
2023,HH2023000042,272.9721,G2,1,G1,72,1,G3,146518.0,8030.0,137842.0,136415.0,26104.0,15136,120414.0,6671.0,116.0,5343.0,1185.0,267,176,609,144,149,92,2,233.0,433,1
2023,HH2023000043,214.2924,G2,5,G2,51,1,G3,29210.0,22752.0,6696.0,5424.0,16134.0,11086,13076.0,7539.0,98.0,7191.0,1382.0,381,274,1773,194,200,129,2,240.0,262,5
2023,HH2023000044,258.0709,G2,1,G2,34,1,G3,22872.0,21528.0,1477.0,821.0,9725.0,5855,13147.0,2596.0,964.0,1715.0,1126.0,354,96,1542,211,304,116,2,220.0,497,5
2023,HH2023000045,203.7974,G1,1,G2,88,1,G1,32429.0,29502.0,1670.0,814.0,36933.0,21950,0.0,178.0,808.0,82.0,3207.0,872,595,1003,164,206,185,2,237.0,332,2
2023,HH2023000046,267.2124,G2,5,G1,56,3,G3,30548.0,4493.0,25377.0,23448.0,2861.0,2086,27687.0,7839.0,1701.0,7726.0,2449.0,788,224,1874,307,231,126,2,145.0,480,2
2023,HH2023000047,140.4212,G2,4,G2,83,1,G3,21206.0,12578.0,9672.0,7748.0,9835.0,7936,11371.0,4810.0,1165.0,3659.0,3517.0,911,517,757,220,117,40,1,224.0,274,3
2023,HH2023000048,187.2851,G2,5,G1,70,1,G2,28114.0,27726.0,71.0,0.0,39719.0,33124,0.0,1976.0,1513.0,898.0,1207.0,324,67,2245,315,239,373,1,100.0,327,4
2023,HH2023000049,178.9726,G1,4,G2,76,1,G2,106998.0,15437.0,92298.0,90888.0,29192.0,19239,77806.0,6110.0,1170.0,5546.0,1890.0,676,235,2554,287,468,266,2,246.0,241,1
2023,HH2023000050,275.9477,G1,4,G2,75,1,G1,178542.0,28278.0,147988.0,147007.0,3479.0,1832,175063.0,7231.0,690.0,6297.0,486.0,182,72,731,124,182,80,2,258.0,453,2
2023,HH2023000051,91.2289,G2,3,G1,41,3,G3,124897.0,374.0,120224.0,120222.0,30182.0,20933,94715.0,2278.0,1314.0,1708.0,3885.0,1027,506,1698,215,279,288,2,258.0,379,4
2023,HH2023000052,194.5152,G1,3,G2,51,1,G1,146434.0,1055.0,145746.0,144478.0,38780.0,26118,107654.0,6157.0,1242.0,5742.0,2047.0,643,175,2137,267,531,164,1,105.0,222,5
2023,HH2023000053,238.6078,G1,3,G2,58,1,G2,61263.0,23880.0,35828.0,35782.0,3911.0,2263,57352.0,0.0,1440.0,0.0,2212.0,565,385,655,118,77,96,2,282.0,423,1
2023,HH2023000054,142.5124,G1,2,G2,59,3,G3,55640.0,10752.0,43806.0,43169.0,16562.0,14217,39078.0,4013.0,378.0,3546.0,1654.0,348,323,1473,237,234,142,1,186.0,466,5
2023,HH2023000055,266.8954,G2,5,G2,32,1,G3,144820.0,15606.0,128791.0,127411.0,18729.0,16662,126091.0,,1283.0,3836.0,1083.0,376,128,1145,135,269,75,1,116.0,405,5
2023,HH2023000056,143.2537,G1,2,G2,62,1,G4,50793.0,12840.0,38357.0,36732.0,5240.0,2728,45553.0,2156.0,570.0,1539.0,3793.0,888,551,598,132,138,91,1,206.0,442,5
2023,HH2023000057,93.3272,G2,4,G2,39,3,G2,21098.0,12238.0,9409.0,8584.0,8022.0,6564,13076.0,7433.0,1580.0,6952.0,1955.0,557,329,2510,502,372,245,1,214.0,282,2
2023,HH2023000058,196.0121,G2,4,G2,74,2,G1,131178.0,28184.0,101986.0,100369.0,6950.0,5270,124228.0,7864.0,1597.0,7060.0,2699.0,802,232,1611,185,325,289,2,180.0,329,4
2023,HH2023000059,155.142,G2,3,G1,70,3,G2,124752.0,2822.0,121822.0,120144.0,7415.0,4482,117337.0,7848.0,1249.0,6711.0,149.0,35,26,2379,648,554,446,1,249.0,456,1
2023,HH2023000060,53.7975,G2,4,G2,85,3,G1,170106.0,23166.0,146124.0,145229.0,16141.0,12171,153965.0,5897.0,1893.0,5487.0,1103.0,241,101,1967,308,422,348,1,208.0,382,1
2023,HH2023000061,67.4596,G1,1,G2,74,4,G3,167182.0,26689.0,139515.0,139169.0,18553.0,10231,148629.0,338.0,1075.0,0.0,3216.0,867,535,2689,785,522,264,2,143.0,383,1
2023,HH2023000062,98.8193,G2,2,G2,51,1,G2,42402.0,19722.0,19352.0,18034.0,9519.0,5023,32883.0,2931.0,50.0,2236.0,351.0,137,23,2992,856,367,255,1,224.0,430,3
2023,HH2023000063,242.3325,G1,3,G1,88,3,G2,130718.0,11850.0,115843.0,115816.0,11577.0,10389,119141.0,3559.0,1212.0,2568.0,405.0,130,37,2005,374,222,368,1,152.0,384,4
2023,HH2023000064,273.0099,G2,2,G1,54,3,G1,133812.0,4800.0,128705.0,126919.0,7689.0,5801,126123.0,7678.0,1555.0,6243.0,3239.0,894,421,1380,201,265,162,1,123.0,237,1
2023,HH2023000065,186.4102,G1,5,G1,49,1,G2,126221.0,20477.0,105494.0,104718.0,31842.0,19146,94379.0,4375.0,202.0,3728.0,1234.0,256,158,1557,415,272,243,1,153.0,263,1
2023,HH2023000066,76.3914,G2,5,G1,84,4,G3,141037.0,14063.0,124489.0,122969.0,8470.0,5759,132567.0,4289.0,209.0,3990.0,1095.0,350,194,2563,441,347,446,2,281.0,433,2
2023,HH2023000067,183.6047,G2,4,G1,52,1,G2,134619.0,4481.0,127169.0,125697.0,36304.0,31948,98315.0,1173.0,546.0,52.0,2261.0,493,450,1566,207,225,143,1,214.0,272,1
2023,HH2023000068,263.9014,G1,2,G1,34,4,G1,77932.0,10789.0,67927.0,66982.0,21554.0,14559,56378.0,6349.0,1688.0,6340.0,779.0,240,51,1799,378,285,122,1,163.0,399,5
2023,HH2023000069,237.3694,G2,1,G1,58,2,G1,39516.0,28846.0,7965.0,6022.0,32108.0,27618,7408.0,2690.0,1054.0,2004.0,171.0,59,15,985,194,171,141,1,173.0,342,1
2023,HH2023000070,122.7745,G1,4,G2,77,1,G2,79887.0,7961.0,70021.0,68429.0,25455.0,21573,54432.0,734.0,1952.0,0.0,17.0,4,1,2975,803,471,412,1,271.0,386,2
2023,HH2023000071,80.9727,G1,5,G1,41,1,G1,36119.0,5353.0,32034.0,30267.0,10641.0,6785,25478.0,7901.0,1745.0,7280.0,317.0,82,38,2126,522,336,192,1,233.0,271,2
2023,HH2023000072,275.1704,G1,3,G2,57,4,G3,41283.0,20459.0,17246.0,17059.0,24054.0,18723,17229.0,1520.0,1109.0,494.0,634.0,132,78,1325,364,155,182,1,254.0,293,2
2023,HH2023000073,263.5222,G1,5,G1,37,2,G2,25261.0,5986.0,19706.0,18738.0,10965.0,8379,14296.0,129.0,1358.0,0.0,2784.0,570,496,1962,484,450,330,1,222.0,406,5
2023,HH2023000074,63.4288,G2,5,G2,71,1,G1,132457.0,27597.0,106509.0,104606.0,4742.0,3833,127715.0,622.0,662.0,300.0,1191.0,340,197,1502,343,287,153,1,298.0,251,2
2023,HH2023000075,255.9186,G2,3,G1,58,1,G3,102024.0,25769.0,77304.0,75679.0,10189.0,6585,91835.0,3620.0,180.0,3144.0,287.0,108,15,887,177,108,76,2,231.0,292,3
2023,HH2023000076,74.3032,G1,2,G2,49,3,G2,112779.0,29505.0,81883.0,80975.0,11025.0,5742,101754.0,823.0,797.0,38.0,57.0,14,6,2686,799,439,426,1,180.0,499,3
2023,HH2023000077,65.8209,G2,1,G2,43,1,G2,142252.0,27377.0,111918.0,111778.0,5401.0,3070,136851.0,0.0,1184.0,0.0,1908.0,600,272,2714,792,441,455,1,150.0,245,2
2023,HH2023000078,239.6502,G2,4,G2,63,2,G2,91588.0,7312.0,82804.0,82240.0,944.0,704,90644.0,0.0,364.0,0.0,3360.0,1131,400,2587,697,491,499,2,109.0,373,3
2023,HH2023000079,184.0777,G2,3,G1,70,2,G1,101474.0,6364.0,95645.0,94501.0,37751.0,30579,63723.0,2591.0,443.0,1969.0,1354.0,287,94,1421,362,271,102,1,253.0,245,1
2023,HH2023000080,153.637,G1,1,G2,86,1,G2,24177.0,10279.0,14186.0,12903.0,20536.0,16478,3641.0,25.0,29.0,0.0,255.0,58,27,1141,245,224,209,2,286.0,412,3
2023,HH2023000081,275.9655,G2,1,G1,56,2,G3,146024.0,14094.0,129517.0,127669.0,16081.0,11794,129943.0,3838.0,1468.0,3653.0,912.0,242,101,624,94,127,102,1,232.0,238,1
2023,HH2023000082,259.8259,G1,5,G2,39,1,G3,98529.0,26399.0,67502.0,67317.0,37198.0,19860,61331.0,1210.0,1798.0,0.0,1997.0,667,156,2328,640,268,361,2,197.0,372,3
2023,HH2023000083,64.4059,G2,2,G1,79,4,G2,49056.0,22004.0,24073.0,23281.0,8987.0,4555,40069.0,7824.0,1654.0,7209.0,755.0,217,123,1319,134,192,127,2,126.0,331,2
2023,HH2023000084,204.0218,G2,2,G2,67,3,G2,141849.0,19333.0,122543.0,121999.0,16114.0,13098,125735.0,2328.0,759.0,1351.0,3913.0,1357,384,2730,397,280,145,1,228.0,407,2
2023,HH2023000085,243.0669,G2,4,G1,72,1,G2,140642.0,26350.0,112113.0,110193.0,33866.0,24375,106776.0,0.0,1186.0,0.0,3053.0,1140,422,2674,483,449,337,1,140.0,200,1
2023,HH2023000086,187.6226,G1,2,G2,35,1,G2,30788.0,19376.0,8285.0,7953.0,25281.0,20555,5507.0,148.0,1921.0,0.0,1378.0,484,175,820,178,134,76,2,224.0,354,5
2023,HH2023000087,295.7514,G1,5,G1,48,1,G2,42957.0,11371.0,29397.0,28956.0,15967.0,9023,26990.0,1047.0,1182.0,0.0,3806.0,1516,691,2792,592,586,260,2,160.0,362,1
2023,HH2023000088,221.5119,G2,4,G1,76,5,G2,15468.0,12390.0,2957.0,2362.0,10233.0,6784,5235.0,1659.0,591.0,1323.0,1300.0,456,88,850,114,106,160,1,273.0,272,1
2023,HH2023000089,76.0358,G1,2,G1,79,1,G1,61106.0,15510.0,40824.0,40613.0,1404.0,1218,59702.0,413.0,677.0,359.0,560.0,207,37,1725,208,335,125,2,287.0,289,1
2023,HH2023000090,99.5745,G1,2,G1,56,2,G3,19873.0,2663.0,16283.0,14997.0,3402.0,1934,16471.0,5807.0,1454.0,4682.0,3753.0,1375,356,1684,243,245,320,1,146.0,411,5
2023,HH2023000091,256.5614,G2,5,G2,78,4,G3,128956.0,22251.0,107534.0,106485.0,6477.0,3397,122479.0,7563.0,892.0,6631.0,3838.0,1328,440,2890,490,454,362,2,165.0,365,2
2023,HH2023000092,299.1892,G2,3,G2,80,1,G2,99014.0,19583.0,79497.0,78382.0,31464.0,23956,67550.0,7882.0,1674.0,6547.0,1250.0,450,118,2143,220,445,376,1,284.0,373,3
2023,HH2023000093,74.5848,G1,5,G2,53,2,G3,170970.0,21934.0,148844.0,147030.0,25570.0,18865,145400.0,2126.0,1728.0,1440.0,2379.0,920,391,2688,641,297,248,2,103.0,480,4
2023,HH2023000094,75.0823,G1,2,G1,83,1,G1,128742.0,16018.0,113279.0,112413.0,17338.0,15271,111404.0,6309.0,71.0,6284.0,693.0,204,60,1989,297,301,288,1,203.0,321,1
2023,HH2023000095,240.8468,G2,1,G1,47,2,G2,116838.0,23488.0,92353.0,91731.0,31316.0,27012,85522.0,4032.0,1446.0,4002.0,2566.0,840,160,2563,436,406,342,2,128.0,460,1
2023,HH2023000096,66.0886,G1,5,G2,44,1,G2,107231.0,28492.0,77147.0,76397.0,6431.0,5143,100800.0,366.0,739.0,0.0,2760.0,836,309,2630,439,545,496,1,186.0,492,1
2023,HH2023000097,67.14,G1,2,G1,70,5,G1,21841.0,17098.0,1600.0,0.0,8437.0,4283,13404.0,725.0,1039.0,351.0,2839.0,1051,471,2649,536,344,203,2,106.0,372,4
2023,HH2023000098,272.2041,G1,5,G1,68,1,G2,24292.0,13331.0,11586.0,10530.0,15709.0,10873,8583.0,4382.0,529.0,2999.0,2274.0,650,403,1529,415,370,123,2,128.0,263,5
2023,HH2023000099,250.1125,G1,4,G2,38,1,G2,6022.0,3138.0,338.0,0.0,36695.0,31500,0.0,0.0,736.0,0.0,2816.0,1024,450,1454,188,363,279,2,180.0,325,4
2023,HH2023000100,270.3908,G2,2,G1,79,3,G2,27938.0,23360.0,1379.0,0.0,24569.0,16546,3369.0,67.0,660.0,0.0,2220.0,798,296,2962,498,660,191,2,112.0,213,5
2023,HH2023000101,212.6284,G1,4,G1,41,3,G2,31149.0,27119.0,1491.0,0.0,34039.0,30119,0.0,7440.0,100.0,7115.0,3279.0,1286,520,2391,570,346,347,2,259.0,409,5
2023,HH2023000102,130.6341,G1,1,G1,78,2,G1,58478.0,20984.0,33369.0,32870.0,9926.0,7553,48552.0,5842.0,1565.0,5663.0,718.0,179,109,2793,304,557,165,2,215.0,282,2
2023,HH2023000103,276.5783,G2,2,G2,30,3,G1,159439.0,25967.0,133735.0,132621.0,33935.0,18453,125504.0,4019.0,286.0,3608.0,1933.0,660,164,1943,516,218,119,1,190.0,476,1
2023,HH2023000104,124.6809,G1,2,G1,77,1,G2,98680.0,25835.0,69966.0,68839.0,2899.0,2040,95781.0,7895.0,751.0,7679.0,1665.0,585,220,2822,825,651,393,2,194.0,395,1
2023,HH2023000105,118.8777,G1,4,G2,77,2,G2,135271.0,23942.0,106786.0,106436.0,9106.0,7086,126165.0,7769.0,386.0,7168.0,2133.0,826,353,2299,509,407,305,2,267.0,346,4
2023,HH2023000106,271.6001,G2,3,G1,76,1,G1,78450.0,15086.0,61752.0,61734.0,20921.0,11007,57529.0,7791.0,321.0,7296.0,568.0,216,55,2356,686,297,320,2,269.0,255,4
2023,HH2023000107,220.2056,G2,4,G1,69,1,G2,31457.0,2995.0,27405.0,25969.0,2021.0,1289,29436.0,,746.0,1277.0,1295.0,407,191,944,172,140,114,2,,229,5
2023,HH2023000108,273.918,G1,3,G1,58,4,G2,58424.0,97.0,56903.0,55673.0,34330.0,27011,24094.0,7047.0,1837.0,6242.0,3816.0,1205,466,1917,350,421,309,2,237.0,401,3
2023,HH2023000109,88.9753,G1,4,G2,72,3,G2,22357.0,6131.0,15185.0,13758.0,34696.0,19527,0.0,0.0,1888.0,0.0,421.0,98,52,2328,282,536,462,2,193.0,429,5
2023,HH2023000110,288.0742,G1,1,G1,46,1,G3,129915.0,12930.0,116291.0,115537.0,21658.0,13846,108257.0,5808.0,763.0,5621.0,2541.0,1003,161,2402,257,427,219,2,256.0,279,5
2023,HH2023000111,203.1855,G1,4,G2,76,1,G2,54691.0,22308.0,28559.0,27529.0,12232.0,9491,42459.0,6876.0,1010.0,6634.0,2658.0,667,398,2893,430,497,285,2,,203,5
2023,HH2023000112,217.0088,G2,1,G1,63,4,G2,74912.0,13674.0,58419.0,56456.0,3958.0,3206,70954.0,,1971.0,1014.0,1898.0,654,341,1317,257,280,129,1,241.0,295,5
2023,HH2023000113,278.5151,G2,1,G1,57,1,G2,149601.0,694.0,147454.0,147004.0,24756.0,17512,124845.0,3586.0,469.0,3446.0,134.0,48,9,1256,253,281,206,2,234.0,429,1
2023,HH2023000114,145.1882,G2,4,G1,60,1,G2,10336.0,6310.0,1305.0,0.0,21506.0,18984,0.0,1031.0,1889.0,560.0,137.0,39,14,2923,419,627,298,2,142.0,374,4
2023,HH2023000115,229.8937,G2,1,G2,64,1,G1,100147.0,29376.0,69048.0,68784.0,30398.0,26450,69749.0,2235.0,211.0,1411.0,1102.0,266,63,2965,659,467,449,2,,225,5
2023,HH2023000116,210.0852,G1,4,G2,32,1,G1,115065.0,29640.0,81582.0,81451.0,24101.0,16614,90964.0,3308.0,451.0,2845.0,410.0,97,22,949,129,186,110,2,240.0,234,2
2023,HH2023000117,246.9382,G2,1,G2,38,1,G3,131849.0,11314.0,119526.0,117612.0,5131.0,2894,126718.0,6843.0,676.0,6350.0,376.0,139,74,1445,238,330,203,2,154.0,231,5
2023,HH2023000118,274.2357,G2,1,G2,44,5,G2,26499.0,24149.0,259.0,0.0,4870.0,3940,21629.0,6901.0,74.0,6197.0,640.0,193,79,2870,399,352,500,2,146.0,427,2
2023,HH2023000119,220.0152,G1,5,G2,36,1,G2,117680.0,21579.0,96772.0,95461.0,31233.0,18654,86447.0,3119.0,1631.0,2297.0,762.0,166,78,999,239,158,126,2,200.0,434,2
2023,HH2023000120,66.9099,G2,1,G2,56,1,G2,162113.0,27938.0,131931.0,130903.0,6360.0,5324,155753.0,2633.0,1710.0,2137.0,3353.0,1151,305,2457,499,266,297,2,168.0,322,4
2023,HH2023000121,95.7851,G1,5,G2,70,3,G2,114093.0,26627.0,87479.0,85861.0,37540.0,27586,76553.0,4245.0,766.0,3913.0,2554.0,638,503,780,192,125,70,2,235.0,406,1
2023,HH2023000122,288.4945,G2,2,G2,69,2,G3,86927.0,18862.0,68074.0,66981.0,4237.0,2786,82690.0,0.0,1672.0,0.0,121.0,45,10,945,105,203,120,2,181.0,206,3
2023,HH2023000123,292.1626,G2,4,G1,58,3,G2,34573.0,11838.0,23162.0,21769.0,29134.0,21050,5439.0,7812.0,1545.0,7776.0,2513.0,658,399,2462,455,318,220,1,133.0,368,5
2023,HH2023000124,291.8533,G1,5,G2,81,2,G1,60951.0,18799.0,39031.0,37243.0,39009.0,27818,21942.0,1814.0,1602.0,1076.0,546.0,131,50,2018,592,365,356,2,179.0,281,1
2023,HH2023000125,59.1999,G2,1,G2,63,2,G3,151992.0,9573.0,143561.0,141903.0,17648.0,15351,134344.0,1491.0,1605.0,79.0,1684.0,365,102,1887,208,199,204,2,263.0,446,1
2023,HH2023000126,145.612,G1,2,G1,34,2,G2,95622.0,10442.0,82631.0,81188.0,2268.0,1328,93354.0,5654.0,1146.0,5058.0,152.0,45,23,2641,485,619,183,2,266.0,346,5
2023,HH2023000127,239.9182,G2,3,G2,75,3,G2,67793.0,18262.0,45525.0,45201.0,35067.0,30552,32726.0,2411.0,221.0,2249.0,360.0,104,18,1267,136,282,108,2,162.0,455,4
2023,HH2023000128,238.2215,G1,5,G2,64,3,G2,80051.0,17141.0,63093.0,62755.0,7492.0,3839,72559.0,1598.0,1846.0,538.0,530.0,185,80,1758,227,314,228,1,259.0,368,3
2023,HH2023000129,71.4772,G1,1,G1,68,3,G2,107077.0,17429.0,87695.0,86702.0,21098.0,17040,85979.0,248.0,1217.0,58.0,1733.0,507,151,2021,389,416,378,1,118.0,337,3
2023,HH2023000130,202.3722,G1,1,G2,63,1,G2,95059.0,11540.0,81949.0,80632.0,39381.0,34177,55678.0,3225.0,1802.0,2935.0,1852.0,497,299,2349,308,271,223,2,296.0,484,5
2023,HH2023000131,85.7174,G2,2,G1,63,2,G4,119033.0,12274.0,106300.0,104966.0,29790.0,19590,89243.0,3134.0,1918.0,2915.0,1410.0,355,233,1330,270,301,119,2,253.0,498,4
2023,HH2023000132,173.3023,G1,2,G1,35,3,G2,42261.0,305.0,40196.0,38623.0,1852.0,980,40409.0,4504.0,374.0,3179.0,2480.0,633,393,2084,592,431,231,2,108.0,336,5
2023,HH2023000133,109.9214,G2,2,G1,63,1,G2,117480.0,18053.0,97590.0,97384.0,32820.0,26973,84660.0,1601.0,804.0,130.0,2881.0,1110,154,1620,226,191,316,1,241.0,307,1
2023,HH2023000134,63.2903,G1,1,G2,77,3,G1,85872.0,17273.0,66747.0,66401.0,6449.0,5398,79423.0,5714.0,384.0,4860.0,2914.0,679,453,1854,225,458,327,2,198.0,393,3
2023,HH2023000135,70.0049,G1,5,G1,48,1,G2,171307.0,28061.0,141388.0,141089.0,29974.0,19018,141333.0,5440.0,101.0,4514.0,2316.0,920,459,2656,703,274,192,2,276.0,251,4
2023,HH2023000136,277.7232,G1,4,G2,66,1,G2,42819.0,15128.0,24770.0,23688.0,24838.0,17571,17981.0,3698.0,1932.0,2730.0,2182.0,579,188,1484,285,288,210,2,147.0,315,1
2023,HH2023000137,236.1615,G1,1,G1,31,3,G2,39459.0,14029.0,23532.0,22265.0,11514.0,9485,27945.0,1450.0,1846.0,535.0,1966.0,427,179,2170,600,272,366,1,278.0,453,3
2023,HH2023000138,282.956,G2,3,G1,50,1,G2,3925.0,2030.0,231.0,0.0,16944.0,9773,0.0,4055.0,1863.0,3239.0,951.0,237,163,2854,460,593,471,1,274.0,469,1
2023,HH2023000139,167.4975,G1,4,G2,56,1,G3,86787.0,5902.0,77989.0,76252.0,4713.0,3542,82074.0,5398.0,1767.0,3918.0,1947.0,412,144,2406,542,266,296,2,155.0,324,5
2023,HH2023000140,153.3231,G2,4,G1,88,1,G2,117782.0,10141.0,104237.0,103631.0,39471.0,26534,78311.0,2981.0,1297.0,1882.0,40.0,14,5,2971,845,333,474,2,186.0,317,4
2023,HH2023000141,139.6018,G2,5,G2,42,4,G2,76584.0,11316.0,61925.0,60605.0,9533.0,5431,67051.0,2107.0,1044.0,1975.0,3865.0,1169,630,1958,263,332,269,2,228.0,462,1
2023,HH2023000142,204.0768,G2,4,G1,46,1,G3,151589.0,10880.0,138560.0,137057.0,12347.0,10279,139242.0,4052.0,1982.0,3465.0,1480.0,395,82,1204,313,299,96,1,148.0,260,3
2023,HH2023000143,137.8898,G2,4,G2,54,2,G3,84905.0,11823.0,71197.0,71125.0,20114.0,12669,64791.0,2841.0,1104.0,1380.0,3025.0,1005,402,2978,673,421,173,1,299.0,218,1
2023,HH2023000144,236.5683,G2,1,G2,89,3,G3,46331.0,23067.0,21129.0,19400.0,26895.0,23500,19436.0,3204.0,1284.0,2599.0,3826.0,1247,521,2111,554,405,222,1,138.0,221,5
2023,HH2023000145,250.3293,G2,1,G1,81,2,G3,23461.0,3933.0,19822.0,17882.0,20211.0,14704,3250.0,2790.0,423.0,2484.0,1987.0,770,189,1103,147,196,65,2,148.0,233,1
2023,HH2023000146,268.9611,G2,4,G1,32,4,G1,157331.0,9967.0,147927.0,146010.0,20205.0,14260,137126.0,2427.0,1493.0,1125.0,3447.0,1352,625,1292,241,292,141,1,200.0,463,4
2023,HH2023000147,110.7002,G2,5,G1,44,3,G2,27255.0,4886.0,20393.0,20114.0,23305.0,15598,3950.0,5734.0,1638.0,4800.0,1916.0,644,142,1155,145,165,201,2,194.0,212,1
2023,HH2023000148,181.7555,G2,2,G2,79,1,G4,156256.0,9233.0,142962.0,142177.0,34307.0,22651,121949.0,3681.0,1357.0,2838.0,529.0,192,55,2584,754,473,456,2,110.0,299,1
2023,HH2023000149,105.8612,G1,4,G2,33,5,G2,65086.0,20536.0,42176.0,41711.0,15804.0,13072,49282.0,3732.0,997.0,3102.0,105.0,37,18,731,82,177,40,2,282.0,380,5
2023,HH2023000150,59.389,G2,2,G1,81,1,G2,17331.0,1402.0,14912.0,14011.0,33285.0,25662,0.0,5224.0,395.0,5038.0,542.0,161,42,2349,265,352,141,1,148.0,382,2
2023,HH2023000151,226.9563,G1,3,G1,46,1,G4,58198.0,10184.0,47654.0,45705.0,31475.0,25478,26723.0,2890.0,67.0,2315.0,3770.0,1285,652,1885,527,312,283,2,120.0,449,1
2023,HH2023000152,187.2453,G2,4,G2,85,1,G1,94370.0,710.0,93730.0,92204.0,38440.0,25694,55930.0,808.0,1254.0,152.0,1900.0,409,117,683,109,159,85,2,203.0,494,4
2023,HH2023000153,230.9818,G2,4,G1,47,2,G2,96124.0,28646.0,65727.0,64185.0,36526.0,22082,59598.0,6820.0,1366.0,5424.0,1276.0,448,157,2033,446,304,147,1,285.0,320,2
2023,HH2023000154,71.9057,G2,1,G2,56,1,G1,141406.0,21817.0,118680.0,117837.0,31927.0,17072,109479.0,445.0,1545.0,0.0,1784.0,699,109,2382,375,374,406,2,100.0,269,3
2023,HH2023000155,298.8815,G2,5,G2,69,2,G2,101726.0,7307.0,93521.0,91648.0,9869.0,8000,91857.0,4575.0,1900.0,4352.0,1023.0,221,155,2314,531,336,190,1,197.0,227,5
2023,HH2023000156,298.5871,G2,5,G1,37,1,G2,67911.0,5945.0,61957.0,60117.0,30971.0,20630,36940.0,2126.0,994.0,1485.0,3482.0,1278,587,1821,252,403,112,2,282.0,467,4
2023,HH2023000157,166.25,G2,3,G2,63,1,G2,99764.0,2967.0,96807.0,95194.0,29460.0,20730,70304.0,1710.0,1658.0,215.0,3997.0,1545,709,1338,256,320,217,2,278.0,312,2
2023,HH2023000158,266.5147,G1,2,G1,60,1,G3,164756.0,14186.0,147347.0,145719.0,11580.0,7963,153176.0,0.0,1432.0,0.0,339.0,83,66,909,187,176,128,1,134.0,469,2
2023,HH2023000159,110.8921,G1,3,G1,77,3,G2,86104.0,22605.0,63074.0,61771.0,27118.0,18235,58986.0,7200.0,554.0,6632.0,2874.0,876,433,530,88,102,57,2,224.0,304,2
2023,HH2023000160,234.3915,G1,5,G2,89,1,G2,40894.0,17526.0,23206.0,23016.0,10118.0,7826,30776.0,3433.0,1690.0,2433.0,1342.0,517,221,1398,210,221,215,2,267.0,426,4
2023,HH2023000161,269.8065,G1,3,G2,69,1,G3,89640.0,26431.0,61886.0,61317.0,20923.0,15556,68717.0,2741.0,106.0,1768.0,189.0,74,23,2080,266,211,388,2,234.0,393,4
2023,HH2023000162,253.6666,G2,1,G2,54,1,G3,138991.0,10314.0,127554.0,126017.0,31869.0,28325,107122.0,5929.0,1197.0,5481.0,3688.0,831,689,594,143,74,32,1,231.0,414,3
2023,HH2023000163,252.9435,G2,1,G2,54,1,G2,41460.0,8343.0,33297.0,32644.0,7541.0,4189,33919.0,311.0,1880.0,0.0,247.0,66,36,2996,400,365,431,1,254.0,395,2
2023,HH2023000164,165.7567,G2,5,G1,55,2,G1,158240.0,14341.0,142715.0,142371.0,13478.0,9830,144762.0,4516.0,1317.0,3627.0,823.0,279,150,1964,311,230,162,2,190.0,292,1
2023,HH2023000165,254.9975,G1,4,G2,78,1,G2,95137.0,6062.0,90139.0,88245.0,31809.0,16709,63328.0,3956.0,1874.0,3870.0,102.0,24,8,1236,206,244,149,2,113.0,230,5
2023,HH2023000166,222.6762,G2,4,G2,49,1,G3,122008.0,29269.0,91212.0,90236.0,18151.0,14941,103857.0,4427.0,112.0,3816.0,1885.0,499,234,2905,554,349,329,2,227.0,203,4
2023,HH2023000167,83.1128,G1,1,G1,40,3,G2,56743.0,5572.0,49277.0,47556.0,38425.0,28685,18318.0,991.0,1064.0,0.0,2398.0,490,382,959,230,108,104,1,225.0,326,4
2023,HH2023000168,78.5461,G2,1,G1,50,1,G2,157276.0,14366.0,138636.0,138068.0,318.0,213,156958.0,7620.0,1561.0,7030.0,1282.0,295,103,2893,536,455,227,2,270.0,467,1
2023,HH2023000169,242.9805,G2,2,G2,31,1,G2,23013.0,15660.0,6126.0,5408.0,28873.0,23701,0.0,1907.0,1284.0,1056.0,286.0,89,23,1204,330,165,205,1,284.0,392,2
2023,HH2023000170,206.366,G1,2,G2,36,3,G2,50827.0,1711.0,45486.0,44800.0,32567.0,22210,18260.0,5427.0,1761.0,4509.0,464.0,153,91,1449,341,176,154,2,167.0,402,2
2023,HH2023000171,179.844,G1,2,G1,35,2,G2,77884.0,14052.0,63506.0,62760.0,36714.0,21702,41170.0,5976.0,925.0,4920.0,3733.0,1231,430,1563,418,190,286,1,291.0,277,3
2023,HH2023000172,276.8154,G1,3,G2,76,2,G3,89134.0,13641.0,72466.0,71591.0,6270.0,4320,82864.0,2751.0,1365.0,1443.0,3223.0,1146,249,2987,726,413,308,1,101.0,345,4
2023,HH2023000173,214.8976,G1,2,G1,73,1,G3,81715.0,7783.0,71714.0,71119.0,39367.0,20798,42348.0,1046.0,839.0,823.0,3747.0,1060,373,1127,146,203,198,1,293.0,322,5
2023,HH2023000174,149.0367,G1,1,G1,71,1,G2,29817.0,3839.0,23816.0,22188.0,15691.0,13480,14126.0,2373.0,1744.0,1598.0,2123.0,540,232,2932,866,626,386,2,127.0,240,3
2023,HH2023000175,153.483,G1,3,G1,57,1,G2,38970.0,1355.0,34490.0,33838.0,14082.0,11158,24888.0,6455.0,238.0,5655.0,2184.0,443,313,1367,351,311,147,1,229.0,384,2
2023,HH2023000176,201.3111,G1,4,G2,73,1,G2,17205.0,257.0,15169.0,14286.0,14221.0,11435,2984.0,7251.0,508.0,7023.0,3143.0,758,592,1212,260,257,188,2,236.0,309,3
2023,HH2023000177,240.0688,G1,4,G1,39,1,G2,101599.0,14444.0,87589.0,85868.0,25528.0,21693,76071.0,7495.0,193.0,6485.0,2466.0,647,488,2095,278,406,351,1,226.0,320,4
2023,HH2023000178,191.0883,G1,2,G2,84,5,G2,57955.0,2695.0,53504.0,52630.0,26371.0,21535,31584.0,1810.0,1404.0,1633.0,1745.0,411,257,2234,300,527,273,2,298.0,379,2
2023,HH2023000179,177.1902,G2,2,G1,60,2,G2,117777.0,28779.0,84886.0,84865.0,18957.0,12753,98820.0,4852.0,465.0,4168.0,1167.0,238,180,1362,303,242,155,2,210.0,209,3
2023,HH2023000180,231.7252,G1,3,G2,86,1,G2,100652.0,7342.0,88457.0,88457.0,2841.0,1555,97811.0,,634.0,713.0,1942.0,449,190,835,153,162,114,1,126.0,480,4
2023,HH2023000181,226.3161,G2,1,G2,39,1,G2,129512.0,19575.0,106172.0,105300.0,39465.0,25626,90047.0,5682.0,1673.0,5450.0,255.0,84,45,1490,350,240,205,1,221.0,266,3
2023,HH2023000182,257.5867,G1,5,G1,59,3,G1,103166.0,20204.0,83352.0,82055.0,8884.0,7761,94282.0,3326.0,720.0,2093.0,769.0,250,63,1851,322,275,210,1,158.0,403,3
2023,HH2023000183,65.6379,G1,5,G2,71,1,G2,115043.0,14865.0,99077.0,97192.0,3752.0,3300,111291.0,5708.0,291.0,5342.0,2949.0,1141,194,600,121,89,98,2,222.0,432,4
2023,HH2023000184,238.738,G1,1,G1,59,1,G2,115102.0,26508.0,88333.0,88072.0,23895.0,19286,91207.0,5481.0,41.0,5099.0,3472.0,1248,680,696,95,85,76,2,176.0,246,2
2023,HH2023000185,178.4401,G2,5,G1,56,1,G2,104528.0,3320.0,98949.0,97864.0,16494.0,9595,88034.0,7942.0,453.0,6661.0,407.0,127,73,2794,366,613,329,1,108.0,274,1
2023,HH2023000186,68.6733,G1,1,G2,39,3,G2,104477.0,7020.0,93073.0,92496.0,24622.0,14226,79855.0,3909.0,1829.0,2593.0,387.0,88,36,589,67,63,82,2,227.0,323,4
2023,HH2023000187,219.7525,G2,3,G2,52,2,G2,55267.0,7573.0,48332.0,47432.0,35021.0,29834,20246.0,2732.0,1097.0,2681.0,342.0,106,51,1517,400,305,300,2,117.0,445,3
2023,HH2023000188,229.135,G1,4,G1,44,1,G4,44286.0,4062.0,37827.0,36942.0,3892.0,2166,40394.0,4214.0,1989.0,3798.0,3166.0,672,380,2409,508,553,214,2,165.0,390,2
2023,HH2023000189,180.9068,G2,2,G2,48,1,G3,13570.0,8843.0,624.0,0.0,11362.0,8335,2208.0,0.0,430.0,0.0,1244.0,356,122,1320,382,230,111,2,223.0,340,1
2023,HH2023000190,248.4497,G1,2,G1,71,2,G2,65020.0,9380.0,51441.0,51405.0,20662.0,13457,44358.0,894.0,702.0,0.0,1307.0,363,121,1736,433,191,132,2,276.0,454,5
2023,HH2023000191,125.062,G1,1,G2,67,2,G2,107277.0,22944.0,82518.0,82371.0,31511.0,19562,75766.0,4153.0,326.0,2654.0,49.0,13,3,716,181,117,109,2,162.0,341,4
2023,HH2023000192,100.4768,G2,4,G2,66,2,G2,39112.0,9048.0,30589.0,29545.0,24025.0,18522,15087.0,6603.0,796.0,5772.0,3890.0,995,515,2486,501,376,291,2,159.0,465,2
2023,HH2023000193,137.6835,G1,1,G2,51,1,G2,95632.0,26301.0,65160.0,64712.0,15311.0,13532,80321.0,4265.0,1126.0,4254.0,1736.0,585,203,2085,548,516,225,1,160.0,431,4
2023,HH2023000194,152.5126,G1,3,G2,87,3,G4,107235.0,23180.0,80103.0,79449.0,24402.0,19791,82833.0,6255.0,1616.0,4945.0,3189.0,1174,404,2629,758,535,211,2,215.0,251,3
2023,HH2023000195,223.9834,G2,2,G2,35,4,G1,123844.0,27049.0,94081.0,93901.0,39199.0,27222,84645.0,,736.0,1182.0,2830.0,1000,232,2659,649,553,488,2,138.0,314,2
2023,HH2023000196,261.38,G1,5,G2,50,2,G1,87006.0,3156.0,79055.0,78956.0,19202.0,12986,67804.0,3595.0,1543.0,3414.0,567.0,184,108,1377,166,244,160,2,205.0,207,2
2023,HH2023000197,230.2295,G1,5,G1,37,1,G2,83658.0,29537.0,54351.0,54098.0,35341.0,30501,48317.0,4904.0,1252.0,3893.0,3205.0,986,467,602,138,124,84,1,260.0,271,1
2023,HH2023000198,93.4969,G1,5,G1,50,2,G2,165766.0,18418.0,145019.0,144265.0,31198.0,22813,134568.0,2781.0,583.0,1876.0,2201.0,453,407,1365,169,284,91,2,116.0,206,5
2023,HH2023000199,141.5543,G1,4,G2,87,1,G2,106573.0,29471.0,77237.0,76910.0,12052.0,8420,94521.0,112.0,1824.0,23.0,2417.0,832,160,863,99,94,57,1,292.0,231,5
2023,HH2023000200,89.6034,G2,3,G1,51,1,G3,136568.0,10645.0,121707.0,121245.0,9980.0,7715,126588.0,587.0,868.0,334.0,801.0,247,114,1833,437,244,110,2,206.0,201,5
2023,HH2023000201,221.681,G2,2,G2,84,1,G1,142496.0,28589.0,111109.0,110505.0,30807.0,18325,111689.0,7421.0,301.0,6537.0,3387.0,860,600,865,230,88,90,1,225.0,401,2
2023,HH2023000202,112.043,G2,1,G1,59,4,G2,105972.0,17658.0,84329.0,83747.0,8299.0,4361,97673.0,4841.0,1925.0,4458.0,3726.0,989,371,2804,369,494,339,2,223.0,322,5
2023,HH2023000203,181.3467,G1,5,G2,71,1,G2,137927.0,2154.0,132982.0,132960.0,13474.0,11345,124453.0,2116.0,1826.0,1090.0,1626.0,629,128,2005,230,463,173,2,289.0,340,2
2023,HH2023000204,247.9575,G2,2,G1,57,3,G3,31959.0,12303.0,19474.0,19240.0,9415.0,6994,22544.0,2070.0,99.0,1453.0,369.0,119,33,1132,313,216,115,1,232.0,429,5
2023,HH2023000205,217.7348,G2,3,G2,45,1,G2,142423.0,4133.0,140058.0,138158.0,24254.0,13726,118169.0,316.0,1804.0,0.0,3395.0,1002,308,2803,354,490,142,1,,442,1
2023,HH2023000206,124.5935,G1,1,G2,75,1,G2,157448.0,28238.0,128868.0,127533.0,11765.0,7285,145683.0,7558.0,1894.0,6846.0,3549.0,1150,415,2424,259,579,248,1,157.0,359,2
2023,HH2023000207,133.2167,G2,2,G1,88,1,G2,88394.0,9133.0,75791.0,75544.0,26339.0,23599,62055.0,865.0,1658.0,318.0,2025.0,572,200,1594,389,200,108,2,143.0,337,3
2023,HH2023000208,213.3411,G2,4,G2,45,2,G2,117433.0,6670.0,110575.0,110008.0,37393.0,28185,80040.0,6075.0,509.0,5562.0,2316.0,680,210,866,233,96,59,2,228.0,394,5
2023,HH2023000209,187.3669,G2,3,G2,76,1,G3,98887.0,16586.0,78807.0,78041.0,33183.0,25034,65704.0,1921.0,1262.0,876.0,892.0,230,131,1359,275,322,68,2,130.0,324,2
2023,HH2023000210,74.0984,G1,3,G1,45,1,G2,54265.0,12754.0,42125.0,40314.0,37918.0,20053,16347.0,2685.0,1076.0,1914.0,269.0,77,15,1960,407,461,302,2,122.0,332,3
2023,HH2023000211,268.4979,G1,2,G1,73,1,G2,5391.0,2909.0,1759.0,0.0,978.0,868,4413.0,2191.0,1240.0,1300.0,3776.0,1272,381,2414,404,488,457,2,142.0,289,5
2023,HH2023000212,178.1533,G2,1,G2,77,1,G3,62397.0,24494.0,38428.0,36888.0,18218.0,15614,44179.0,6596.0,1232.0,5731.0,1931.0,401,296,1154,170,157,165,1,154.0,256,3
2023,HH2023000213,168.3403,G2,5,G2,56,1,G2,74868.0,25373.0,47380.0,47167.0,8806.0,6332,66062.0,262.0,1278.0,0.0,1099.0,394,83,2356,591,578,151,2,119.0,259,4
2023,HH2023000214,99.6098,G1,3,G1,74,1,G1,102441.0,22288.0,78873.0,77893.0,36714.0,22900,65727.0,2818.0,1028.0,1449.0,2772.0,711,230,1207,325,259,239,2,245.0,396,3
2023,HH2023000215,144.2485,G1,2,G2,46,1,G2,144136.0,18502.0,126574.0,125607.0,28476.0,22189,115660.0,2234.0,1380.0,1390.0,104.0,34,8,1116,183,224,219,1,216.0,449,1
2023,HH2023000216,133.2062,G2,2,G1,34,5,G3,72503.0,12076.0,58863.0,57588.0,12808.0,10673,59695.0,2183.0,1053.0,1106.0,319.0,104,15,1617,250,215,194,2,140.0,327,2
2023,HH2023000217,117.6839,G1,4,G1,35,1,G2,94324.0,16270.0,75810.0,74121.0,22540.0,18357,71784.0,1543.0,32.0,221.0,970.0,320,117,902,138,159,59,2,156.0,228,3
2023,HH2023000218,191.8516,G1,3,G2,56,1,G2,26559.0,15629.0,6890.0,6249.0,24217.0,21572,2342.0,7299.0,70.0,5912.0,1802.0,579,100,1511,166,337,238,2,285.0,383,1
2023,HH2023000219,165.5688,G2,2,G1,84,1,G2,23990.0,4959.0,18491.0,17378.0,19824.0,14962,4166.0,3028.0,1916.0,2028.0,1466.0,574,133,1394,217,319,270,2,282.0,470,2
2023,HH2023000220,272.2994,G1,5,G1,37,1,G2,15248.0,2454.0,8919.0,8392.0,18974.0,11924,0.0,3345.0,1818.0,2165.0,749.0,225,149,1200,126,221,200,1,124.0,358,5
2023,HH2023000221,285.336,G1,5,G2,57,2,G2,22798.0,7597.0,11228.0,10808.0,2208.0,1543,20590.0,3081.0,1171.0,2374.0,1405.0,486,263,2439,628,435,350,2,222.0,208,1
2023,HH2023000222,104.8684,G1,1,G1,72,1,G2,148849.0,13630.0,130904.0,130278.0,18098.0,14958,130751.0,7841.0,349.0,6735.0,1335.0,455,109,1329,200,271,188,1,164.0,224,2
2023,HH2023000223,75.0264,G2,4,G1,42,1,G2,132972.0,4809.0,127769.0,126298.0,13931.0,8444,119041.0,2712.0,1562.0,2230.0,2098.0,518,202,2237,532,400,439,2,171.0,356,4
2023,HH2023000224,246.3344,G1,5,G2,73,2,G2,130736.0,3200.0,124157.0,123282.0,32730.0,19394,98006.0,2733.0,286.0,1666.0,2250.0,577,269,2300,479,374,140,1,219.0,458,3
2023,HH2023000225,298.7154,G2,3,G2,48,1,G3,36717.0,25557.0,9697.0,8335.0,34604.0,27334,2113.0,2623.0,754.0,2495.0,3532.0,1005,623,2164,578,244,156,2,296.0,217,2
2023,HH2023000226,265.9,G2,1,G2,78,4,G2,23186.0,11249.0,13028.0,11646.0,30016.0,20343,0.0,2615.0,659.0,1244.0,3227.0,824,549,1173,342,139,204,2,216.0,426,1
2023,HH2023000227,55.9244,G2,1,G2,64,5,G3,60968.0,17526.0,42815.0,42091.0,1235.0,1020,59733.0,717.0,24.0,351.0,1169.0,319,80,2573,446,550,184,1,290.0,433,5
2023,HH2023000228,112.8159,G2,4,G2,62,1,G2,103874.0,15720.0,86704.0,84794.0,33649.0,18758,70225.0,4834.0,1614.0,3850.0,3610.0,1004,247,1091,128,113,117,1,264.0,215,3
2023,HH2023000229,60.8356,G2,5,G1,40,1,G2,72974.0,22053.0,50211.0,50119.0,15857.0,10057,57117.0,201.0,1019.0,185.0,2083.0,668,234,1192,297,128,109,1,255.0,263,3
2023,HH2023000230,255.1948,G1,1,G2,57,1,G1,97501.0,22194.0,74927.0,73134.0,16654.0,10112,80847.0,1807.0,632.0,1574.0,750.0,182,135,2687,280,633,232,2,258.0,201,1
2023,HH2023000231,195.3517,G2,3,G1,81,1,G2,38703.0,8880.0,25964.0,25949.0,37805.0,29455,898.0,1616.0,1014.0,137.0,1360.0,490,247,1349,195,277,72,2,258.0,369,2
2023,HH2023000232,178.4296,G2,3,G1,31,1,G1,135801.0,25437.0,110380.0,109616.0,34691.0,27882,101110.0,2331.0,0.0,1081.0,2967.0,853,196,2242,248,225,302,1,151.0,252,1
2023,HH2023000233,188.6125,G2,2,G2,75,2,G2,60703.0,11137.0,48734.0,47084.0,2035.0,1388,58668.0,6053.0,873.0,5720.0,3287.0,1121,447,605,169,88,66,2,295.0,474,5
2023,HH2023000234,113.1128,G1,4,G2,59,1,G4,36111.0,25056.0,11349.0,9981.0,14393.0,9948,21718.0,4795.0,1039.0,4599.0,1496.0,323,109,2035,205,436,270,2,283.0,227,4
2023,HH2023000235,200.4096,G1,5,G2,73,1,G3,126230.0,12145.0,112046.0,111403.0,29988.0,16577,96242.0,7926.0,679.0,6704.0,630.0,185,96,2671,530,434,255,2,220.0,394,3
2023,HH2023000236,57.6667,G2,2,G1,69,1,G1,139950.0,3329.0,137189.0,135418.0,21553.0,16827,118397.0,2809.0,1660.0,1324.0,767.0,157,143,2271,419,386,434,2,242.0,436,4
2023,HH2023000237,211.5029,G1,1,G1,55,5,G2,29829.0,22800.0,2477.0,2202.0,10304.0,9241,19525.0,7428.0,499.0,7176.0,414.0,138,48,1956,450,330,271,2,276.0,253,1
2023,HH2023000238,233.6085,G2,2,G2,48,4,G1,66787.0,904.0,66841.0,65500.0,20991.0,17027,45796.0,359.0,275.0,0.0,2794.0,750,174,2622,414,341,509,2,130.0,275,5
2023,HH2023000239,218.2566,G1,2,G2,67,1,G4,152063.0,23170.0,125113.0,124076.0,34664.0,20425,117399.0,4033.0,1055.0,3608.0,2011.0,783,275,1245,342,259,127,1,112.0,439,3
2023,HH2023000240,133.0294,G2,4,G2,38,2,G2,111177.0,1294.0,106338.0,105924.0,8931.0,6691,102246.0,6390.0,1774.0,5274.0,1804.0,477,200,1441,355,166,72,1,299.0,227,3
2023,HH2023000241,256.5657,G2,3,G1,65,1,G2,10482.0,6204.0,1841.0,0.0,29842.0,18441,0.0,4254.0,750.0,3627.0,2687.0,840,461,673,125,118,112,2,210.0,332,5
2023,HH2023000242,228.886,G1,1,G1,35,2,G2,84638.0,18100.0,63812.0,62281.0,29390.0,15049,55248.0,7466.0,93.0,7278.0,3314.0,833,334,2245,385,281,390,2,244.0,275,1
2023,HH2023000243,82.0743,G1,2,G2,68,2,G2,85023.0,28246.0,55855.0,55839.0,35428.0,20262,49595.0,2516.0,1939.0,2030.0,3182.0,1031,576,2308,607,246,135,1,200.0,203,3
2023,HH2023000244,98.7861,G2,4,G2,67,4,G2,123285.0,12254.0,106549.0,106376.0,11917.0,6447,111368.0,266.0,888.0,0.0,548.0,160,49,2378,597,288,341,2,203.0,335,1
2023,HH2023000245,209.2771,G1,3,G1,35,1,G2,29631.0,3619.0,23153.0,23041.0,8636.0,4994,20995.0,6191.0,345.0,4994.0,2358.0,646,173,2371,426,546,353,1,107.0,346,3
2023,HH2023000246,122.354,G1,3,G1,75,1,G1,47710.0,6987.0,36743.0,35913.0,21906.0,17924,25804.0,544.0,1231.0,513.0,3530.0,849,338,818,137,103,58,2,157.0,304,2
2023,HH2023000247,79.8582,G2,2,G1,54,5,G1,121399.0,26883.0,90960.0,90126.0,21251.0,13114,100148.0,6118.0,639.0,4682.0,3095.0,688,170,2165,233,306,287,2,117.0,443,3
2023,HH2023000248,88.7422,G1,2,G1,77,1,G1,124968.0,21802.0,101715.0,100268.0,16381.0,13150,108587.0,5867.0,1875.0,4893.0,1317.0,294,121,2408,280,290,208,2,186.0,228,4
2023,HH2023000249,91.4043,G2,1,G2,32,1,G2,22833.0,3011.0,19301.0,17950.0,31170.0,27415,0.0,6754.0,587.0,5442.0,1570.0,627,233,1009,111,212,52,2,104.0,328,2
2023,HH2023000250,169.4477,G1,1,G1,40,3,G4,88378.0,11546.0,76276.0,76246.0,31961.0,23322,56417.0,3831.0,1100.0,2436.0,3560.0,1005,253,1691,177,282,304,1,260.0,254,1
2023,HH2023000251,201.8464,G1,1,G2,59,3,G2,63178.0,7936.0,55689.0,54737.0,9827.0,6821,53351.0,7164.0,1086.0,6934.0,131.0,26,8,2783,363,672,344,1,158.0,427,1
2023,HH2023000252,94.1006,G2,4,G2,41,2,G3,82543.0,5334.0,76830.0,75261.0,31821.0,25458,50722.0,1358.0,484.0,1218.0,2101.0,820,146,1537,417,306,257,1,248.0,367,4
2023,HH2023000253,228.1242,G1,1,G2,49,3,G2,29448.0,25394.0,1795.0,0.0,9229.0,4972,20219.0,3474.0,998.0,2309.0,464.0,94,28,2382,618,428,377,2,110.0,411,3
2023,HH2023000254,120.2532,G1,3,G2,69,2,G2,32548.0,18531.0,12075.0,11491.0,16305.0,10945,16243.0,974.0,218.0,693.0,3578.0,1015,648,1825,491,362,363,1,106.0,232,5
2023,HH2023000255,127.8895,G2,5,G1,38,1,G4,157111.0,5384.0,149407.0,149319.0,1087.0,760,156024.0,6135.0,1287.0,5914.0,154.0,52,29,2144,481,227,248,2,184.0,337,5
2023,HH2023000256,105.8747,G2,4,G1,70,2,G2,88178.0,19520.0,67741.0,67436.0,13615.0,11333,74563.0,5714.0,1516.0,5012.0,93.0,35,5,2066,464,501,235,1,257.0,215,1
2023,HH2023000257,246.3015,G2,3,G1,36,3,G4,131043.0,12407.0,116495.0,115815.0,38340.0,31656,92703.0,6451.0,1900.0,5081.0,1315.0,450,215,2127,265,517,196,2,262.0,296,4
2023,HH2023000258,289.9535,G2,1,G2,40,3,G2,68704.0,1844.0,64556.0,63670.0,17702.0,14857,51002.0,6114.0,651.0,4921.0,800.0,234,128,2448,587,346,351,1,208.0,483,1
2023,HH2023000259,173.125,G1,3,G1,65,1,G2,65049.0,13495.0,47346.0,,28400.0,22127,36649.0,2467.0,570.0,1691.0,1981.0,782,395,2760,430,536,339,2,222.0,417,1
2023,HH2023000260,60.5077,G1,5,G1,77,1,G2,124792.0,5556.0,115770.0,115589.0,4317.0,3074,120475.0,544.0,1097.0,250.0,1198.0,249,122,1239,252,161,197,2,237.0,223,4
2023,HH2023000261,115.1423,G2,2,G1,40,3,G2,113542.0,7357.0,103829.0,103149.0,25422.0,21129,88120.0,7433.0,1385.0,6929.0,1425.0,566,132,2820,820,513,291,2,234.0,310,3
2023,HH2023000262,89.5126,G2,5,G1,47,1,G2,52527.0,26369.0,22187.0,21608.0,14863.0,12623,37664.0,3942.0,1984.0,2910.0,2259.0,835,266,2069,567,446,144,2,248.0,461,5
2023,HH2023000263,260.6906,G2,4,G2,85,1,G4,129241.0,21307.0,106785.0,105810.0,29759.0,20598,99482.0,754.0,50.0,519.0,2242.0,864,400,1989,291,479,356,2,106.0,251,1
2023,HH2023000264,71.2135,G1,2,G2,89,3,G3,121657.0,4022.0,113119.0,112961.0,37120.0,33195,84537.0,7416.0,476.0,6630.0,3739.0,938,595,1319,326,199,229,1,185.0,427,3
2023,HH2023000265,291.6191,G1,1,G2,64,1,G2,85565.0,25540.0,59757.0,58176.0,21264.0,18072,64301.0,7954.0,524.0,7937.0,1922.0,439,232,1541,186,314,158,2,267.0,296,2
2023,HH2023000266,197.1284,G1,1,G2,56,1,G3,156714.0,17229.0,139681.0,138847.0,4113.0,2896,152601.0,3563.0,510.0,3076.0,2256.0,750,195,2129,224,441,326,2,187.0,343,5
2023,HH2023000267,179.4349,G2,2,G1,50,1,G3,124458.0,26237.0,96768.0,96133.0,19045.0,10050,105413.0,6160.0,927.0,5789.0,2711.0,821,431,1409,148,187,174,2,129.0,463,4
2023,HH2023000268,261.8377,G2,2,G1,66,1,G2,73099.0,22412.0,51857.0,50044.0,4924.0,2904,68175.0,290.0,1745.0,0.0,696.0,212,124,1218,163,236,199,2,233.0,401,4
2023,HH2023000269,56.8869,G1,4,G1,65,3,G1,12379.0,10179.0,3097.0,1609.0,17981.0,14574,0.0,746.0,61.0,0.0,2667.0,1026,293,2547,608,505,276,1,160.0,285,2
2023,HH2023000270,244.2882,G1,3,G2,47,1,G1,121696.0,16046.0,101517.0,101244.0,2445.0,1331,119251.0,2212.0,1631.0,1993.0,3447.0,1116,518,1538,265,330,200,2,202.0,202,5
2023,HH2023000271,79.151,G1,3,G2,31,1,G1,51256.0,15925.0,31650.0,31358.0,25617.0,17622,25639.0,5249.0,1235.0,4054.0,1272.0,333,139,2111,217,527,123,1,203.0,270,5
2023,HH2023000272,260.1945,G1,4,G1,39,1,G1,136182.0,21598.0,113482.0,113478.0,12418.0,9213,123764.0,1067.0,1230.0,84.0,713.0,199,86,577,171,61,43,1,239.0,325,4
2023,HH2023000273,182.2941,G2,4,G2,87,1,G4,90403.0,7452.0,79884.0,78763.0,8061.0,6862,82342.0,273.0,1356.0,0.0,1384.0,313,178,693,143,90,115,1,285.0,240,3
2023,HH2023000274,65.2824,G2,4,G1,55,1,G2,80344.0,9992.0,70717.0,,692.0,580,79652.0,5350.0,230.0,3983.0,1100.0,262,182,2620,468,319,280,2,238.0,464,5
2023,HH2023000275,258.3113,G1,5,G1,58,1,G2,33326.0,7343.0,25312.0,24562.0,35522.0,28620,0.0,6161.0,1493.0,6010.0,2340.0,535,460,855,174,105,47,1,299.0,216,4
2023,HH2023000276,56.8285,G2,2,G2,58,1,G2,119139.0,8884.0,107743.0,106725.0,33487.0,22204,85652.0,5913.0,496.0,4799.0,3454.0,1250,402,2489,507,418,187,2,,362,1
2023,HH2023000277,84.5927,G2,5,G2,76,1,G2,31241.0,4837.0,25964.0,24886.0,32470.0,18082,0.0,6393.0,1033.0,5505.0,2385.0,813,241,2750,533,637,307,2,256.0,493,5
2023,HH2023000278,249.4561,G1,3,G2,33,1,G2,67411.0,1096.0,62664.0,62663.0,2325.0,1785,65086.0,0.0,1353.0,0.0,502.0,153,53,1703,379,284,268,2,183.0,300,1
2023,HH2023000279,166.2178,G1,1,G2,34,1,G2,158016.0,28200.0,125660.0,125445.0,13982.0,8004,144034.0,4819.0,1207.0,4434.0,1258.0,345,88,2711,751,542,283,1,245.0,361,4
2023,HH2023000280,270.3472,G1,1,G1,46,1,G2,140613.0,2229.0,139632.0,138054.0,38853.0,28150,101760.0,4155.0,646.0,2765.0,2757.0,920,260,1568,251,245,253,2,117.0,222,2
2023,HH2023000281,208.8573,G1,1,G2,59,1,G2,175127.0,26639.0,150275.0,148369.0,23144.0,20650,151983.0,6854.0,792.0,6040.0,1321.0,478,83,2879,568,425,514,2,205.0,418,5
2023,HH2023000282,205.8822,G2,5,G2,70,1,G1,148493.0,92.0,145375.0,143701.0,5139.0,3700,143354.0,2784.0,953.0,2277.0,2345.0,882,267,1092,109,245,110,2,105.0,493,4
2023,HH2023000283,123.0588,G2,1,G2,59,1,G2,109317.0,23320.0,85207.0,83395.0,5641.0,4277,103676.0,783.0,82.0,303.0,2776.0,858,208,1569,426,311,266,2,233.0,431,5
2023,HH2023000284,83.4201,G1,5,G1,56,1,G1,42456.0,9852.0,30999.0,30072.0,10524.0,8114,31932.0,6015.0,1452.0,4759.0,1316.0,478,134,1472,237,224,101,1,143.0,244,4
2023,HH2023000285,290.2931,G1,4,G2,86,3,G2,143707.0,15529.0,127512.0,125860.0,38893.0,32365,104814.0,2207.0,199.0,1782.0,2589.0,782,437,2460,379,583,276,2,128.0,305,3
2023,HH2023000286,76.1994,G2,3,G1,39,1,G2,130878.0,8466.0,122008.0,120244.0,6784.0,4572,124094.0,7830.0,917.0,7592.0,1592.0,469,138,609,182,106,39,1,115.0,417,5
2023,HH2023000287,182.2527,G1,5,G1,64,3,G2,166716.0,14718.0,150333.0,148548.0,36115.0,25244,130601.0,3313.0,1309.0,2453.0,540.0,201,76,2570,557,329,148,2,153.0,439,2
2023,HH2023000288,118.1421,G2,5,G2,62,3,G3,114086.0,13546.0,97940.0,97642.0,27120.0,15468,86966.0,6814.0,160.0,5326.0,1488.0,412,275,558,69,96,33,1,291.0,321,3
2023,HH2023000289,116.0352,G2,5,G2,58,1,G1,37947.0,15892.0,21532.0,21239.0,36875.0,27504,1072.0,339.0,1991.0,65.0,1764.0,492,238,1289,197,259,84,2,296.0,488,2
2023,HH2023000290,198.6466,G2,3,G2,78,1,G3,90366.0,11798.0,76240.0,75435.0,33040.0,20428,57326.0,5273.0,754.0,4891.0,9.0,2,0,1990,339,308,348,2,116.0,261,1
2023,HH2023000291,249.4835,G2,2,G2,46,1,G3,86674.0,16097.0,68243.0,67236.0,13286.0,9340,73388.0,3585.0,31.0,2882.0,3570.0,1084,363,863,256,195,113,1,295.0,422,5
2023,HH2023000292,244.2949,G2,1,G1,87,1,G2,151773.0,24763.0,128358.0,126442.0,33115.0,26711,118658.0,3700.0,1317.0,3401.0,2111.0,652,292,1725,321,310,331,2,217.0,348,3
2023,HH2023000293,267.2004,G2,5,G2,49,1,G2,73804.0,13036.0,59520.0,58885.0,6765.0,3430,67039.0,2121.0,1115.0,1145.0,145.0,48,18,2992,436,509,391,1,164.0,413,1
2023,HH2023000294,123.2257,G1,5,G1,62,1,G1,64081.0,10841.0,50951.0,49288.0,11638.0,8444,52443.0,7769.0,1280.0,7389.0,3471.0,993,250,2558,547,585,369,2,288.0,378,5
2023,HH2023000295,166.4378,G1,3,G2,61,3,G3,19052.0,3952.0,13781.0,12007.0,8470.0,4822,10582.0,3141.0,1502.0,2949.0,3420.0,833,400,575,104,97,44,2,148.0,329,5
2023,HH2023000296,52.3336,G1,1,G1,80,1,G2,136790.0,10791.0,127248.0,125318.0,5326.0,3258,131464.0,6803.0,951.0,6412.0,48.0,17,6,1979,219,320,259,2,136.0,444,4
2023,HH2023000297,236.7144,G1,5,G2,56,3,G1,117268.0,3769.0,113677.0,113299.0,3600.0,1849,113668.0,3400.0,1653.0,2005.0,652.0,175,58,1993,542,230,214,2,145.0,452,2
2023,HH2023000298,125.5858,G1,2,G2,47,3,G2,14565.0,5475.0,6667.0,6184.0,7495.0,4255,7070.0,386.0,740.0,0.0,1455.0,559,206,670,69,103,127,2,129.0,445,5
2023,HH2023000299,190.3734,G1,3,G2,31,1,G1,95941.0,28567.0,65505.0,65066.0,4804.0,4297,91137.0,7035.0,1090.0,6277.0,2028.0,489,122,2125,594,339,403,2,196.0,226,4
2023,HH2023000300,92.3251,G1,4,G1,51,4,G2,79444.0,2682.0,73427.0,71957.0,15217.0,13686,64227.0,1480.0,317.0,880.0,2903.0,905,291,1802,465,229,143,2,128.0,326,2
2023,HH2023000301,254.8499,G1,1,G1,79,5,G2,87470.0,14460.0,71772.0,70399.0,2852.0,2247,84618.0,2162.0,1239.0,933.0,1697.0,521,289,2204,253,414,315,1,144.0,424,2
2023,HH2023000302,254.3181,G1,1,G1,30,1,G1,167525.0,25029.0,138653.0,137839.0,2451.0,1825,165074.0,6888.0,523.0,6597.0,2446.0,894,217,1243,304,151,181,1,174.0,460,5
2023,HH2023000303,269.3632,G2,1,G1,83,1,G3,52267.0,28596.0,22777.0,22600.0,39592.0,32101,12675.0,7149.0,1393.0,6169.0,40.0,9,5,1139,289,152,153,2,229.0,308,5
2023,HH2023000304,61.4842,G2,5,G2,62,1,G2,52588.0,4401.0,46992.0,45951.0,3507.0,3011,49081.0,7334.0,1602.0,6314.0,2634.0,1006,293,2339,515,430,160,2,271.0,422,4
2023,HH2023000305,298.1147,G2,5,G1,38,1,G2,32743.0,4907.0,28602.0,27138.0,2962.0,2096,29781.0,3407.0,1717.0,2342.0,3661.0,1121,356,2303,496,323,341,2,114.0,369,1
2023,HH2023000306,111.9449,G2,3,G2,48,1,G2,50660.0,11177.0,37560.0,36612.0,1204.0,618,49456.0,6055.0,1858.0,5729.0,2104.0,667,394,904,99,177,153,2,226.0,266,2
2023,HH2023000307,127.3584,G2,3,G1,63,1,G4,153639.0,16632.0,136601.0,136065.0,5301.0,4154,148338.0,2622.0,244.0,1548.0,1819.0,549,184,1040,116,211,105,2,120.0,467,2
2023,HH2023000308,112.3339,G2,3,G1,48,1,G2,172363.0,28794.0,142292.0,141108.0,21116.0,18874,151247.0,5923.0,275.0,5006.0,1188.0,246,101,1965,482,285,249,2,298.0,333,3
2023,HH2023000309,116.8832,G1,2,G2,36,3,G3,14648.0,6231.0,8018.0,6697.0,33090.0,19960,0.0,,1852.0,2708.0,3817.0,1142,711,2572,311,290,173,2,155.0,381,5
2023,HH2023000310,188.1653,G2,3,G1,69,1,G2,5859.0,4931.0,1182.0,0.0,29395.0,20146,0.0,415.0,761.0,154.0,132.0,33,21,1004,148,174,190,2,271.0,286,5
2023,HH2023000311,109.9526,G1,2,G1,70,1,G3,43006.0,7595.0,36673.0,34927.0,23209.0,14958,19797.0,0.0,52.0,0.0,1146.0,307,174,1047,209,119,69,2,255.0,207,2
2023,HH2023000312,148.4428,G2,4,G1,37,1,G2,57673.0,26229.0,29511.0,28884.0,3400.0,2231,54273.0,3741.0,573.0,2497.0,554.0,182,31,2519,334,446,204,1,164.0,335,1
2023,HH2023000313,213.9016,G2,2,G1,46,3,G2,49445.0,901.0,45027.0,43808.0,30976.0,24426,18469.0,2058.0,1672.0,1641.0,3465.0,1037,241,2241,578,468,212,2,164.0,416,2
2023,HH2023000314,259.0066,G1,4,G2,44,2,G1,41555.0,11404.0,30868.0,29158.0,1490.0,970,40065.0,2995.0,709.0,1880.0,1930.0,421,281,2755,720,531,479,2,163.0,298,2
2023,HH2023000315,223.1854,G2,5,G1,69,1,G4,79121.0,3568.0,73954.0,73529.0,25236.0,22117,53885.0,4021.0,153.0,3872.0,3689.0,791,300,2458,659,411,381,2,194.0,478,5
2023,HH2023000316,198.5807,G1,2,G1,73,2,G4,155176.0,4712.0,149904.0,149341.0,16373.0,13358,138803.0,397.0,1444.0,0.0,2660.0,630,223,2883,316,697,147,1,188.0,425,1
2023,HH2023000317,86.9321,G1,1,G2,73,1,G2,119515.0,27505.0,88064.0,87966.0,35287.0,18033,84228.0,1214.0,389.0,305.0,2227.0,530,371,972,180,112,75,2,231.0,392,5
2023,HH2023000318,254.0289,G1,3,G2,86,3,G2,110609.0,49.0,109235.0,108486.0,12301.0,10178,98308.0,6134.0,705.0,5846.0,2069.0,665,192,1179,317,273,191,1,192.0,441,4
2023,HH2023000319,59.3187,G1,1,G2,76,2,G2,88510.0,9645.0,74082.0,73993.0,25538.0,20663,62972.0,2815.0,7.0,2716.0,810.0,190,49,1094,188,240,120,1,257.0,458,1
2023,HH2023000320,116.0479,G1,2,G1,49,1,G2,30773.0,27462.0,3578.0,2086.0,17599.0,12435,13174.0,4867.0,1203.0,3749.0,2248.0,846,124,638,152,103,34,2,193.0,416,4
2023,HH2023000321,64.2647,G2,4,G2,36,2,G2,31263.0,18243.0,12794.0,12617.0,20885.0,14592,10378.0,4526.0,890.0,4165.0,2740.0,662,319,2447,533,300,476,2,161.0,447,3
2023,HH2023000322,216.8572,G2,3,G1,66,3,G2,45394.0,2152.0,41714.0,40330.0,37551.0,31325,7843.0,4409.0,1734.0,3663.0,3861.0,842,550,2154,364,265,156,1,165.0,413,1
2023,HH2023000323,142.0928,G1,3,G1,84,3,G2,53758.0,13950.0,37709.0,36550.0,28509.0,19098,25249.0,3307.0,668.0,3216.0,2195.0,823,395,714,110,170,90,2,246.0,458,2
2023,HH2023000324,213.0121,G2,4,G2,88,1,G1,160167.0,29128.0,128061.0,126086.0,16582.0,9348,143585.0,3866.0,409.0,2421.0,3755.0,972,250,995,229,134,86,2,128.0,231,2
2023,HH2023000325,136.7577,G1,1,G2,43,3,G3,142908.0,12013.0,127234.0,126538.0,17895.0,11187,125013.0,6591.0,331.0,5768.0,3778.0,1077,300,976,123,225,156,2,157.0,303,2
2023,HH2023000326,163.9352,G1,3,G2,44,1,G1,148396.0,15858.0,128807.0,128118.0,28182.0,17080,120214.0,7720.0,400.0,6323.0,2090.0,818,270,1507,409,264,250,2,162.0,466,3
2023,HH2023000327,164.4903,G2,1,G2,32,3,G2,114765.0,15956.0,96124.0,95638.0,13842.0,10691,100923.0,2053.0,902.0,1813.0,1757.0,683,183,1638,352,277,179,2,,342,4
2023,HH2023000328,61.3952,G2,3,G1,38,3,G1,105037.0,19813.0,84499.0,83425.0,6714.0,3837,98323.0,5355.0,174.0,5047.0,570.0,195,69,1222,149,235,181,2,,204,1
2023,HH2023000329,157.5566,G1,2,G2,63,1,G1,105134.0,5617.0,97810.0,97372.0,18706.0,14177,86428.0,7758.0,804.0,6843.0,1074.0,229,202,2825,679,373,526,2,190.0,454,1
2023,HH2023000330,210.2661,G1,5,G2,62,1,G1,86879.0,25190.0,61247.0,61021.0,2729.0,1873,84150.0,60.0,1709.0,0.0,3516.0,1120,463,1031,191,169,177,2,234.0,396,4
2023,HH2023000331,186.5131,G2,2,G1,52,1,G2,132343.0,29658.0,102427.0,100530.0,6788.0,5673,125555.0,6277.0,1535.0,5091.0,553.0,219,62,1904,268,458,213,1,285.0,473,3
2023,HH2023000332,68.8209,G2,2,G1,48,1,G2,125264.0,4276.0,120524.0,119166.0,16828.0,11678,108436.0,3974.0,1274.0,2582.0,1588.0,618,315,1594,465,216,185,1,187.0,204,2
2023,HH2023000333,217.014,G1,1,G1,79,1,G2,139163.0,24549.0,114672.0,114435.0,31862.0,27781,107301.0,7740.0,1786.0,6508.0,2794.0,618,167,1469,358,349,268,2,,244,2
2023,HH2023000334,127.2157,G1,1,G2,57,1,G2,117603.0,24507.0,93310.0,92074.0,31256.0,26886,86347.0,4626.0,1560.0,4416.0,962.0,268,182,2564,560,638,141,1,221.0,353,1
2023,HH2023000335,53.6087,G1,2,G1,78,2,G2,33637.0,22248.0,9325.0,8716.0,10428.0,5986,23209.0,6705.0,1305.0,6241.0,3896.0,1025,487,2945,794,317,157,2,254.0,254,5
2023,HH2023000336,88.8989,G2,2,G1,87,1,G1,121714.0,11126.0,109102.0,108742.0,16877.0,13070,104837.0,1328.0,1726.0,0.0,2597.0,586,326,514,107,92,41,1,148.0,356,5
2023,HH2023000337,174.3899,G2,4,G2,49,1,G1,74020.0,14062.0,55933.0,54991.0,6141.0,3597,67879.0,1136.0,248.0,313.0,113.0,38,21,1659,312,208,288,2,283.0,304,3
2023,HH2023000338,127.6004,G2,5,G2,42,2,G2,139118.0,25176.0,113125.0,111550.0,30209.0,25052,108909.0,7412.0,1636.0,6112.0,988.0,251,124,797,109,154,58,2,151.0,263,2
2023,HH2023000339,223.5958,G1,5,G1,87,1,G2,90308.0,4586.0,80929.0,80929.0,9854.0,7432,80454.0,4211.0,590.0,3367.0,2961.0,796,342,1584,206,393,146,2,127.0,431,2
2023,HH2023000340,110.1634,G2,5,G2,68,1,G2,160342.0,24862.0,132887.0,132177.0,31981.0,19752,128361.0,4466.0,1466.0,4392.0,3452.0,752,313,2042,380,478,294,2,115.0,211,2
2023,HH2023000341,243.199,G2,5,G2,47,3,G2,78588.0,27619.0,52609.0,50768.0,33682.0,20197,44906.0,1359.0,1826.0,650.0,3707.0,1110,551,1529,292,365,118,2,230.0,462,5
2023,HH2023000342,121.6193,G1,3,G2,67,5,G3,161182.0,20456.0,140497.0,139709.0,27563.0,18517,133619.0,,992.0,577.0,3404.0,788,461,1272,313,167,121,2,225.0,246,1
2023,HH2023000343,205.2159,G2,2,G1,60,2,G1,140440.0,10241.0,126869.0,126671.0,13208.0,10834,127232.0,6545.0,177.0,5563.0,299.0,85,24,1280,241,232,153,1,139.0,374,5
2023,HH2023000344,249.8041,G1,4,G1,84,1,G2,69165.0,16774.0,50523.0,49666.0,38116.0,31196,31049.0,,740.0,2227.0,2918.0,667,456,1249,273,168,105,2,275.0,497,2
2023,HH2023000345,146.389,G1,2,G2,45,1,G1,75396.0,1503.0,73749.0,72385.0,27441.0,14086,47955.0,4673.0,813.0,4358.0,440.0,171,64,1314,350,308,261,2,155.0,233,2
2023,HH2023000346,61.7012,G2,4,G1,89,5,G2,110266.0,27954.0,81694.0,79702.0,25833.0,16040,84433.0,2532.0,1873.0,1251.0,306.0,70,33,1434,428,184,106,1,221.0,478,5
2023,HH2023000347,183.8614,G1,5,G2,86,2,G2,130080.0,10272.0,116551.0,115294.0,34256.0,22922,95824.0,2107.0,1885.0,639.0,2767.0,842,140,2219,365,273,393,1,204.0,291,5
2023,HH2023000348,298.8523,G2,1,G1,40,3,G2,107028.0,1712.0,103474.0,103373.0,35258.0,25887,71770.0,1328.0,1136.0,199.0,1912.0,457,223,740,207,75,89,2,218.0,422,5
2023,HH2023000349,292.248,G2,4,G2,39,2,G1,151860.0,23833.0,129420.0,127802.0,3109.0,1740,148751.0,7436.0,1901.0,7289.0,2591.0,557,131,602,157,76,41,1,248.0,457,2
2023,HH2023000350,105.2555,G1,5,G2,61,1,G2,76760.0,19726.0,57040.0,55480.0,35261.0,22359,41499.0,7520.0,872.0,6592.0,3405.0,818,208,1791,203,230,121,2,285.0,269,3
2023,HH2023000351,238.9241,G1,3,G2,32,1,G1,99078.0,18681.0,77020.0,75718.0,30600.0,26139,68478.0,921.0,822.0,0.0,275.0,58,31,2204,367,246,275,1,244.0,304,2
2023,HH2023000352,136.238,G2,2,G2,47,3,G2,70059.0,1622.0,66422.0,64629.0,8260.0,5704,61799.0,2826.0,1673.0,1866.0,2110.0,480,131,1146,164,263,118,2,281.0,458,1
2023,HH2023000353,90.0681,G1,2,G2,56,3,G1,163144.0,22525.0,137970.0,136432.0,12306.0,9815,150838.0,4510.0,1334.0,3619.0,3337.0,996,304,1003,233,217,85,2,273.0,230,2
2023,HH2023000354,216.4787,G2,1,G1,88,1,G1,69424.0,19119.0,46211.0,45747.0,30106.0,20890,39318.0,3066.0,1044.0,2365.0,1761.0,581,261,2061,434,284,399,2,171.0,232,1
2023,HH2023000355,175.2172,G1,2,G1,89,2,G2,112464.0,23809.0,88910.0,88068.0,8664.0,5943,103800.0,5768.0,913.0,5401.0,2093.0,455,201,1460,290,317,174,2,211.0,290,1
2023,HH2023000356,184.8076,G1,4,G2,39,1,G1,44256.0,24819.0,19038.0,18024.0,18096.0,13549,26160.0,2081.0,1411.0,1660.0,1991.0,573,397,2340,591,382,443,1,139.0,380,3
2023,HH2023000357,256.8482,G2,3,G2,83,5,G2,134198.0,6358.0,128518.0,127541.0,27556.0,16636,106642.0,470.0,1506.0,0.0,3628.0,1147,680,866,144,187,64,2,285.0,442,4
2023,HH2023000358,134.1359,G1,2,G2,35,1,G3,63974.0,6319.0,58909.0,57632.0,26019.0,15609,37955.0,2695.0,981.0,2591.0,199.0,49,27,802,141,119,62,2,293.0,368,2
2023,HH2023000359,216.7737,G2,3,G2,74,3,G3,82974.0,27713.0,52491.0,51088.0,36391.0,32596,46583.0,4782.0,63.0,4656.0,3511.0,963,684,1881,513,347,262,2,277.0,348,3
2023,HH2023000360,141.5479,G2,5,G1,80,1,G3,108051.0,15930.0,87644.0,,4461.0,3781,103590.0,1445.0,203.0,851.0,3265.0,699,588,1481,436,232,134,1,248.0,461,4
2023,HH2023000361,60.681,G1,1,G2,83,2,G2,88739.0,13139.0,75958.0,74822.0,11800.0,9382,76939.0,6527.0,288.0,5366.0,3250.0,793,317,2323,592,297,180,1,269.0,251,5
2023,HH2023000362,144.5038,G2,1,G2,43,2,G2,139422.0,8616.0,127273.0,127196.0,39395.0,21858,100027.0,97.0,924.0,0.0,1649.0,483,267,1765,253,331,113,2,258.0,470,3
2023,HH2023000363,287.5086,G2,5,G2,83,1,G3,101555.0,19170.0,80734.0,79711.0,22753.0,11651,78802.0,540.0,1228.0,0.0,2063.0,821,145,1386,169,294,85,2,145.0,293,2
2023,HH2023000364,170.8156,G2,4,G2,36,3,G1,100513.0,22618.0,78393.0,77549.0,9948.0,5672,90565.0,4070.0,1607.0,3269.0,1475.0,588,225,899,127,191,146,1,152.0,282,4
2023,HH2023000365,77.0576,G1,3,G2,61,4,G2,20393.0,69.0,16157.0,15746.0,11593.0,10144,8800.0,4097.0,465.0,3931.0,1006.0,398,124,908,167,139,83,2,206.0,486,1
2023,HH2023000366,221.9567,G1,5,G2,58,3,G1,24225.0,16579.0,5271.0,3290.0,13568.0,11214,10657.0,2359.0,1573.0,1862.0,3501.0,996,183,2389,351,424,470,1,184.0,393,1
2023,HH2023000367,290.8448,G2,3,G1,48,1,G3,92420.0,29801.0,60298.0,59782.0,22171.0,15724,70249.0,2068.0,1332.0,1949.0,2023.0,437,184,1066,298,228,82,2,247.0,329,2
2023,HH2023000368,276.9863,G2,3,G2,31,3,G2,161688.0,8419.0,149842.0,149730.0,11381.0,10100,150307.0,558.0,103.0,0.0,2893.0,765,559,1756,411,189,181,1,247.0,299,2
2023,HH2023000369,192.9902,G2,2,G1,76,2,G2,148012.0,8426.0,138316.0,137600.0,24874.0,13895,123138.0,5303.0,702.0,4177.0,403.0,99,39,2545,466,281,270,1,295.0,332,1
2023,HH2023000370,144.0702,G2,5,G1,50,2,G2,124653.0,26343.0,95860.0,94346.0,17810.0,12888,106843.0,3032.0,605.0,2645.0,3155.0,639,243,2744,424,429,343,1,257.0,437,1
2023,HH2023000371,195.1694,G2,4,G1,69,1,G1,98710.0,1861.0,94642.0,94624.0,24413.0,13995,74297.0,949.0,1773.0,510.0,2635.0,577,205,1169,205,156,211,1,102.0,245,5
2023,HH2023000372,253.9828,G1,2,G2,54,2,G2,75595.0,11925.0,59710.0,58725.0,6204.0,3862,69391.0,3198.0,1842.0,2722.0,3990.0,1159,486,774,151,120,135,2,168.0,252,4
2023,HH2023000373,265.3093,G2,4,G1,52,1,G2,40687.0,13747.0,27459.0,26625.0,24941.0,21849,15746.0,7496.0,1638.0,6163.0,535.0,143,94,2436,591,277,125,1,165.0,291,4
2023,HH2023000374,254.711,G1,4,G2,83,1,G2,26078.0,23936.0,3013.0,1282.0,36989.0,31341,0.0,2089.0,1056.0,1357.0,2160.0,509,353,2218,261,418,247,2,226.0,344,1
2023,HH2023000375,163.8691,G1,1,G2,35,1,G2,59541.0,3870.0,50833.0,50828.0,5403.0,2921,54138.0,7157.0,985.0,6014.0,2044.0,701,236,1327,357,266,231,2,168.0,444,4
2023,HH2023000376,79.7145,G2,1,G2,74,1,G1,61934.0,13021.0,47504.0,47470.0,13097.0,7855,48837.0,2069.0,622.0,1396.0,2153.0,584,175,1983,248,433,99,2,295.0,263,2
2023,HH2023000377,192.2934,G1,3,G1,74,1,G2,34862.0,4569.0,29870.0,28740.0,27741.0,20467,7121.0,1487.0,1545.0,440.0,217.0,80,12,971,148,191,126,2,157.0,435,4
2023,HH2023000378,89.1072,G1,4,G1,52,1,G2,66460.0,23629.0,39233.0,38875.0,24696.0,12954,41764.0,2085.0,172.0,1293.0,1892.0,469,225,2251,672,358,200,1,187.0,472,3
2023,HH2023000379,65.2396,G2,4,G2,45,3,G1,23637.0,18968.0,5131.0,3723.0,26990.0,19433,0.0,2586.0,542.0,2169.0,1198.0,368,206,2318,319,556,259,1,263.0,330,2
2023,HH2023000380,174.667,G2,2,G2,30,1,G3,108663.0,14902.0,91750.0,91194.0,22382.0,16423,86281.0,964.0,270.0,0.0,2469.0,584,393,1248,150,260,141,2,173.0,488,2
2023,HH2023000381,213.8434,G2,5,G2,86,1,G2,152336.0,11787.0,140243.0,139119.0,27303.0,16829,125033.0,4701.0,988.0,3638.0,928.0,277,103,1671,380,299,181,2,109.0,468,1
2023,HH2023000382,263.5368,G2,3,G2,86,3,G2,109203.0,4595.0,103694.0,103619.0,24375.0,15045,84828.0,2667.0,599.0,1513.0,1740.0,401,242,1335,238,174,245,2,,439,5
2023,HH2023000383,245.7089,G1,2,G2,44,4,G4,99707.0,27655.0,68618.0,67231.0,2962.0,1752,96745.0,5744.0,394.0,4322.0,2480.0,576,286,578,68,114,75,2,171.0,314,3
2023,HH2023000384,264.3101,G2,1,G2,31,4,G2,83468.0,19429.0,64076.0,63040.0,30051.0,26272,53417.0,3927.0,752.0,3554.0,256.0,82,35,818,82,154,151,2,222.0,290,4
2023,HH2023000385,240.0172,G1,5,G2,37,3,G3,56175.0,9574.0,46130.0,46130.0,17873.0,11716,38302.0,3541.0,1721.0,3404.0,3147.0,795,401,2899,335,587,460,2,242.0,459,5
2023,HH2023000386,225.8098,G1,4,G2,34,5,G2,37147.0,12418.0,21891.0,21360.0,2058.0,1510,35089.0,3767.0,1116.0,2894.0,2862.0,671,435,1640,335,356,168,2,209.0,332,1
2023,HH2023000387,52.5344,G1,3,G2,79,2,G2,115892.0,21785.0,89889.0,89771.0,16361.0,10154,99531.0,1250.0,1646.0,761.0,229.0,88,28,869,127,206,107,2,181.0,209,2
2023,HH2023000388,206.5256,G1,2,G1,83,5,G2,107201.0,21586.0,85067.0,84978.0,17407.0,13596,89794.0,5703.0,1827.0,5050.0,258.0,53,49,610,155,147,66,2,200.0,415,1
2023,HH2023000389,80.1205,G2,1,G1,39,4,G1,18468.0,13832.0,2493.0,1097.0,3468.0,1874,15000.0,833.0,1804.0,481.0,3401.0,1064,388,1383,375,269,241,2,128.0,304,1
2023,HH2023000390,64.6668,G1,1,G1,74,1,G2,74118.0,9087.0,63183.0,62328.0,39843.0,21063,34275.0,5772.0,702.0,5175.0,1133.0,350,59,2957,381,724,231,2,136.0,480,5
2023,HH2023000391,89.103,G2,1,G2,40,3,G1,65651.0,19798.0,43308.0,41703.0,8894.0,7094,56757.0,7998.0,1754.0,7409.0,3443.0,861,294,1461,244,345,278,1,222.0,456,4
2023,HH2023000392,255.823,G1,3,G2,52,3,G1,45922.0,19746.0,26057.0,25542.0,13226.0,10457,32696.0,6111.0,1818.0,5586.0,1997.0,580,249,2998,387,300,410,1,273.0,231,3
2023,HH2023000393,235.9623,G1,1,G1,65,3,G2,128324.0,17990.0,106890.0,105455.0,17638.0,10688,110686.0,3642.0,1919.0,2529.0,1369.0,297,179,1723,271,337,244,1,204.0,470,2
2023,HH2023000394,287.1931,G2,1,G2,73,4,G2,84153.0,2185.0,80103.0,78873.0,33300.0,21379,50853.0,2515.0,702.0,1627.0,1094.0,376,145,2409,356,305,307,2,112.0,484,3
2023,HH2023000395,294.7441,G2,2,G1,82,1,G1,113458.0,14183.0,96391.0,95065.0,29716.0,26236,83742.0,6980.0,456.0,6269.0,2636.0,644,414,2463,633,355,328,2,296.0,426,3
2023,HH2023000396,273.321,G2,4,G1,32,1,G2,127248.0,18417.0,108678.0,107022.0,30838.0,16705,96410.0,2057.0,1168.0,1888.0,438.0,104,39,570,96,82,85,1,164.0,282,2
2023,HH2023000397,83.2315,G1,3,G2,41,2,G3,180487.0,28501.0,148684.0,,9482.0,5435,171005.0,3859.0,1863.0,3003.0,1610.0,423,241,515,102,88,76,2,249.0,400,1
2023,HH2023000398,269.5957,G1,1,G1,46,3,G2,139311.0,15766.0,121905.0,120414.0,33817.0,22725,105494.0,6166.0,1801.0,5904.0,1383.0,526,215,2806,658,285,230,1,279.0,460,3
2023,HH2023000399,259.6593,G2,4,G1,48,3,G3,103968.0,10281.0,94532.0,93053.0,33189.0,20339,70779.0,7378.0,1142.0,6907.0,616.0,221,68,2831,748,383,388,2,297.0,444,3
2023,HH2023000400,267.7715,G2,3,G2,89,3,G2,153140.0,16673.0,132747.0,131853.0,18554.0,14093,134586.0,7367.0,298.0,6745.0,1411.0,549,155,831,133,86,85,1,,329,4
2023,HH2023000401,87.9214,G1,1,G1,76,3,G2,80920.0,5317.0,73073.0,71625.0,21831.0,16946,59089.0,702.0,844.0,491.0,2114.0,698,162,2114,299,417,307,2,137.0,412,2
2023,HH2023000402,79.198,G2,4,G2,49,5,G2,151935.0,2720.0,149398.0,147714.0,1485.0,1055,150450.0,7186.0,1428.0,6602.0,2710.0,901,303,2809,830,655,371,2,229.0,315,1
2023,HH2023000403,280.9522,G2,5,G2,88,1,G3,137284.0,20342.0,115690.0,114214.0,30416.0,22644,106868.0,912.0,1120.0,512.0,345.0,102,57,2876,471,718,221,2,252.0,276,5
2023,HH2023000404,93.4567,G2,3,G2,59,5,G2,129157.0,29585.0,98847.0,97632.0,38436.0,25881,90721.0,4675.0,690.0,3401.0,3489.0,1329,650,1240,290,207,198,2,266.0,401,3
2023,HH2023000405,142.1554,G1,1,G2,60,1,G3,28097.0,25380.0,148.0,0.0,18902.0,15200,9195.0,7437.0,685.0,6148.0,3513.0,1061,488,2543,599,353,301,1,210.0,339,4
2023,HH2023000406,163.9962,G2,2,G1,56,2,G4,99596.0,17509.0,78134.0,77261.0,21620.0,11174,77976.0,5238.0,119.0,5232.0,2767.0,749,262,2115,428,482,280,2,131.0,267,1
2023,HH2023000407,81.1106,G1,3,G2,38,1,G2,113805.0,1207.0,108230.0,108104.0,19967.0,12482,93838.0,7579.0,577.0,6676.0,3697.0,1212,563,2819,410,329,425,1,242.0,398,1
2023,HH2023000408,55.1586,G2,5,G1,86,2,G2,73425.0,29639.0,42916.0,42709.0,3305.0,2557,70120.0,2754.0,1338.0,1794.0,1711.0,529,275,866,111,213,128,2,233.0,296,1
2023,HH2023000409,298.5226,G1,5,G1,30,1,G2,162828.0,13488.0,145203.0,144481.0,24788.0,15662,138040.0,2517.0,482.0,1951.0,3286.0,738,328,2002,395,414,325,2,193.0,376,4
2023,HH2023000410,269.1643,G1,5,G2,40,1,G1,104383.0,8689.0,94433.0,93505.0,28857.0,15335,75526.0,2609.0,1986.0,1906.0,2909.0,810,506,561,113,98,45,2,227.0,308,2
2023,HH2023000411,278.0845,G1,5,G1,43,2,G2,147598.0,26774.0,118355.0,117300.0,37118.0,23681,110480.0,2841.0,164.0,1657.0,2250.0,590,137,1393,354,159,92,2,142.0,465,4
2023,HH2023000412,121.1408,G2,3,G2,46,3,G3,95323.0,22392.0,70910.0,69110.0,37191.0,29179,58132.0,5462.0,1177.0,4896.0,718.0,265,37,528,127,54,79,1,262.0,455,5
2023,HH2023000413,105.0254,G2,4,G1,37,1,G2,154922.0,22488.0,131545.0,130020.0,19672.0,10795,135250.0,3619.0,993.0,3523.0,2230.0,614,152,1607,453,291,137,2,109.0,342,4
2023,HH2023000414,156.4666,G2,4,G2,31,2,G2,21741.0,8332.0,11971.0,11126.0,38359.0,30297,0.0,5899.0,1666.0,5341.0,3605.0,1313,264,2527,743,409,169,1,267.0,413,5
2023,HH2023000415,163.3298,G2,4,G1,70,1,G2,49151.0,29754.0,17784.0,17115.0,21146.0,17132,28005.0,3329.0,1775.0,2949.0,3938.0,1136,716,2145,526,485,149,2,267.0,253,5
2023,HH2023000416,51.3999,G2,4,G1,88,1,G1,93965.0,13586.0,77492.0,76067.0,25681.0,19366,68284.0,2461.0,1086.0,1887.0,1792.0,628,203,1292,148,253,125,2,237.0,499,4
2023,HH2023000417,244.8133,G2,1,G2,37,1,G3,127735.0,15942.0,110412.0,109862.0,24079.0,14391,103656.0,1520.0,1260.0,1175.0,991.0,225,90,1567,283,258,311,2,262.0,264,5
2023,HH2023000418,299.1668,G1,5,G2,47,2,G1,145309.0,22528.0,123149.0,121382.0,39947.0,32841,105362.0,4408.0,1397.0,4184.0,2990.0,1150,341,1418,314,189,104,2,282.0,460,4
2023,HH2023000419,182.1727,G2,1,G2,60,3,G3,87619.0,19799.0,67575.0,,29500.0,17280,58119.0,7187.0,1041.0,5709.0,303.0,89,33,2329,507,400,220,2,132.0,453,2
2023,HH2023000420,147.0647,G1,3,G1,85,2,G2,103592.0,5168.0,98815.0,97450.0,4800.0,4139,98792.0,6871.0,369.0,6678.0,604.0,152,57,1165,158,144,219,1,208.0,253,1
2023,HH2023000421,148.188,G1,3,G2,71,3,G2,93996.0,9074.0,83463.0,82965.0,2874.0,2249,91122.0,2026.0,857.0,967.0,2247.0,557,158,729,157,145,141,2,229.0,202,2
2023,HH2023000422,74.0193,G1,5,G2,75,2,G2,155633.0,10835.0,145471.0,144228.0,16395.0,8556,139238.0,0.0,483.0,0.0,3960.0,1001,587,1766,300,337,148,2,288.0,421,3
2023,HH2023000423,116.5405,G1,1,G2,64,3,G2,126989.0,28426.0,99756.0,98115.0,20627.0,16908,106362.0,5642.0,928.0,4716.0,1315.0,359,92,2574,431,570,468,2,247.0,460,2
2023,HH2023000424,175.5332,G2,3,G2,55,5,G2,87580.0,21435.0,62669.0,62526.0,26744.0,18789,60836.0,4899.0,1230.0,3532.0,1773.0,609,294,1692,451,283,119,1,218.0,414,1
2023,HH2023000425,157.962,G2,2,G1,41,1,G3,156849.0,10990.0,145826.0,145472.0,19263.0,13119,137586.0,537.0,418.0,530.0,1289.0,502,103,1010,186,143,165,1,211.0,216,3
2023,HH2023000426,186.2587,G1,1,G2,81,1,G3,40969.0,22041.0,17117.0,16087.0,20585.0,13754,20384.0,4728.0,498.0,4276.0,1762.0,588,281,615,126,138,31,2,128.0,393,3
2023,HH2023000427,262.2664,G2,2,G2,78,1,G1,173740.0,22155.0,148404.0,147686.0,36867.0,27379,136873.0,310.0,1645.0,34.0,28.0,8,4,2859,607,582,317,2,163.0,317,5
2023,HH2023000428,106.3106,G1,3,G2,31,2,G2,38549.0,11826.0,24520.0,23101.0,13395.0,10579,25154.0,931.0,755.0,66.0,2378.0,688,163,2401,510,494,209,2,186.0,474,5
2023,HH2023000429,56.916,G1,5,G2,72,1,G3,57558.0,12094.0,44036.0,43234.0,19740.0,16944,37818.0,5229.0,396.0,4276.0,2384.0,871,150,888,126,159,138,1,276.0,440,4
2023,HH2023000430,59.5564,G1,2,G2,35,1,G3,151016.0,26828.0,125213.0,123220.0,22295.0,13581,128721.0,820.0,1426.0,0.0,1262.0,466,242,684,150,158,35,1,272.0,439,5
2023,HH2023000431,83.5422,G1,5,G2,74,4,G2,131570.0,16854.0,110662.0,110063.0,18732.0,14092,112838.0,2712.0,1433.0,2143.0,1056.0,273,126,822,137,110,98,2,228.0,322,2
2023,HH2023000432,192.6207,G1,4,G1,79,5,G1,154213.0,4485.0,146273.0,145553.0,38724.0,29993,115489.0,4707.0,1652.0,4354.0,3046.0,1190,440,1441,332,230,222,1,121.0,296,5
2023,HH2023000433,252.0462,G1,5,G2,37,1,G3,137151.0,21593.0,112503.0,112497.0,38487.0,29631,98664.0,5243.0,1519.0,3857.0,751.0,209,40,2529,326,554,144,1,244.0,446,5
2023,HH2023000434,271.7015,G1,5,G2,56,1,G2,113671.0,17687.0,96045.0,95551.0,20524.0,14309,93147.0,3565.0,1983.0,2556.0,188.0,67,17,899,268,107,165,1,191.0,234,1
2023,HH2023000435,208.7783,G1,4,G2,37,1,G2,67416.0,15268.0,52444.0,51973.0,18023.0,11830,49393.0,752.0,1149.0,0.0,161.0,63,20,2546,647,563,265,1,230.0,230,4
2023,HH2023000436,150.7858,G2,4,G1,64,1,G3,24035.0,21753.0,2231.0,706.0,23558.0,18963,477.0,6392.0,573.0,5725.0,3527.0,1201,645,504,92,77,37,1,186.0,218,3
2023,HH2023000437,88.6287,G1,1,G2,85,3,G2,46579.0,27212.0,19255.0,18580.0,7235.0,4485,39344.0,7598.0,1725.0,6927.0,1457.0,338,132,2346,375,278,196,2,244.0,353,2
2023,HH2023000438,150.3546,G1,4,G2,34,2,G3,58880.0,9913.0,45072.0,44666.0,17039.0,9937,41841.0,7109.0,529.0,6526.0,407.0,129,67,1206,214,134,121,1,143.0,222,3
2023,HH2023000439,133.1038,G2,1,G2,53,1,G1,19750.0,12579.0,6769.0,,8676.0,6232,11074.0,5988.0,582.0,4864.0,3515.0,786,524,2901,708,656,231,2,129.0,374,5
2023,HH2023000440,267.5065,G1,4,G1,88,1,G2,83323.0,5684.0,77351.0,76226.0,5762.0,3497,77561.0,3217.0,1656.0,2902.0,594.0,212,39,1689,390,366,213,2,143.0,250,5
2023,HH2023000441,171.6798,G2,4,G1,48,1,G4,140891.0,19412.0,118172.0,116601.0,3807.0,1954,137084.0,7010.0,1763.0,5547.0,1346.0,344,126,1176,282,168,170,2,284.0,467,2
2023,HH2023000442,106.549,G1,4,G1,37,1,G4,16172.0,12081.0,1957.0,0.0,23482.0,12225,0.0,3905.0,678.0,3642.0,82.0,27,7,1107,307,130,127,2,115.0,329,3
2023,HH2023000443,122.2003,G2,4,G1,59,1,G3,84817.0,10270.0,73548.0,73454.0,22.0,17,84795.0,1091.0,1458.0,400.0,2716.0,1037,316,2566,490,351,292,2,157.0,228,3
2023,HH2023000444,84.1175,G2,2,G2,60,2,G3,154062.0,20895.0,132931.0,131250.0,25846.0,22983,128216.0,6804.0,1844.0,6333.0,2797.0,660,406,1507,352,198,252,2,168.0,408,4
2023,HH2023000445,279.6464,G2,2,G1,69,1,G2,162653.0,12244.0,148608.0,147831.0,17277.0,11780,145376.0,2561.0,1597.0,1598.0,3026.0,842,348,1380,259,289,131,2,267.0,301,3
2023,HH2023000446,62.5865,G2,3,G2,48,3,G4,146226.0,13931.0,130590.0,128974.0,14659.0,8191,131567.0,7509.0,9.0,6488.0,1052.0,346,91,2339,532,309,335,2,171.0,278,2
2023,HH2023000447,53.2116,G1,3,G1,87,1,G3,87627.0,13201.0,69821.0,69746.0,30769.0,25453,56858.0,2946.0,1329.0,1569.0,1312.0,372,202,1843,359,244,338,2,278.0,397,5
2023,HH2023000448,95.7472,G1,2,G1,61,3,G2,60900.0,7756.0,50041.0,48789.0,21549.0,13027,39351.0,6955.0,339.0,5772.0,3752.0,881,516,2159,551,226,179,2,297.0,486,2
2023,HH2023000449,252.7185,G1,3,G2,47,1,G2,155346.0,3774.0,148548.0,146687.0,29338.0,26352,126008.0,4297.0,1692.0,3924.0,3286.0,676,420,1614,163,305,230,2,230.0,493,2
2023,HH2023000450,180.8667,G2,3,G2,87,1,G1,61306.0,24817.0,36364.0,36286.0,28378.0,20582,32928.0,3739.0,134.0,3430.0,148.0,41,19,660,94,134,126,1,168.0,330,2
2023,HH2023000451,206.4608,G1,2,G1,85,3,G2,65668.0,2751.0,63316.0,61736.0,1285.0,762,64383.0,2374.0,1986.0,1045.0,2767.0,912,230,514,81,101,66,1,219.0,454,2
2023,HH2023000452,139.4329,G1,4,G1,59,2,G2,23665.0,9746.0,11332.0,11104.0,8619.0,6019,15046.0,6685.0,354.0,5954.0,3250.0,1023,494,597,172,110,117,1,233.0,262,3
2023,HH2023000453,67.1695,G2,2,G2,31,1,G2,139321.0,20024.0,121016.0,119052.0,22799.0,14458,116522.0,485.0,840.0,339.0,2236.0,517,241,1936,389,474,186,2,121.0,453,4
2023,HH2023000454,264.0395,G1,2,G2,65,1,G2,103189.0,3938.0,98963.0,97475.0,39021.0,31676,64168.0,3750.0,468.0,2513.0,2559.0,742,267,1784,308,304,240,2,266.0,482,1
2023,HH2023000455,97.9736,G1,3,G1,63,3,G2,33155.0,19665.0,14542.0,12722.0,6171.0,3346,26984.0,2951.0,1627.0,1979.0,3.0,0,0,2368,428,542,228,2,187.0,355,5
2023,HH2023000456,58.2648,G2,1,G2,38,4,G1,59944.0,21991.0,35084.0,33289.0,4222.0,3558,55722.0,4347.0,786.0,4309.0,120.0,30,16,2736,520,538,138,1,269.0,356,2
2023,HH2023000457,193.176,G1,4,G1,68,2,G4,103522.0,19887.0,83950.0,,37643.0,30375,65879.0,2036.0,1489.0,862.0,140.0,48,19,936,256,105,186,1,222.0,369,1
2023,HH2023000458,70.8223,G2,4,G2,80,1,G2,90953.0,9150.0,81892.0,81061.0,38672.0,32660,52281.0,5316.0,134.0,4405.0,635.0,166,64,2893,846,640,248,1,272.0,221,4
2023,HH2023000459,73.9405,G2,5,G1,36,1,G1,121875.0,592.0,121691.0,120308.0,6694.0,5743,115181.0,3087.0,905.0,2166.0,3963.0,1220,709,2829,760,530,554,2,116.0,457,2
2023,HH2023000460,250.0943,G2,2,G2,73,1,G1,67276.0,26620.0,40263.0,39914.0,16068.0,9510,51208.0,1505.0,1822.0,208.0,2537.0,975,448,2039,547,403,301,1,108.0,421,4
2023,HH2023000461,172.9024,G1,3,G2,38,1,G3,151343.0,9796.0,139318.0,138705.0,25065.0,17756,126278.0,1575.0,1853.0,832.0,3129.0,963,207,1825,255,231,338,1,122.0,460,5
2023,HH2023000462,110.3771,G1,3,G1,74,2,G3,25971.0,24150.0,198.0,0.0,7809.0,6559,18162.0,5572.0,417.0,4881.0,1182.0,382,182,941,144,155,183,1,274.0,234,4
2023,HH2023000463,137.1566,G2,4,G2,55,3,G1,133883.0,5934.0,125163.0,123387.0,13049.0,8494,120834.0,2095.0,788.0,1169.0,3750.0,804,409,945,207,219,127,2,298.0,440,4
2023,HH2023000464,232.3102,G2,4,G1,30,1,G1,41933.0,4872.0,36252.0,35757.0,15811.0,8287,26122.0,2458.0,818.0,2162.0,795.0,187,158,546,126,72,109,1,299.0,308,3
2023,HH2023000465,66.5885,G2,5,G1,87,3,G2,31575.0,23344.0,6366.0,,25662.0,15824,5913.0,5015.0,1130.0,4788.0,3609.0,794,302,2114,297,211,349,2,166.0,445,2
2023,HH2023000466,79.1202,G1,5,G1,39,3,G1,39749.0,28191.0,9163.0,8258.0,12322.0,7353,27427.0,2638.0,1074.0,1373.0,123.0,43,11,1582,394,219,203,2,152.0,498,4
2023,HH2023000467,204.0655,G1,1,G1,65,3,G2,28947.0,25818.0,751.0,0.0,16490.0,13983,12457.0,3105.0,211.0,2782.0,81.0,29,9,979,137,169,145,2,169.0,463,2
2023,HH2023000468,201.7429,G1,2,G2,40,1,G1,169490.0,22537.0,144527.0,142972.0,11583.0,7940,157907.0,1955.0,1525.0,1199.0,315.0,74,28,834,127,186,66,2,263.0,474,5
2023,HH2023000469,293.1155,G1,4,G1,85,1,G2,15713.0,7400.0,9132.0,7304.0,30385.0,23500,0.0,2763.0,451.0,2359.0,3167.0,772,487,658,106,129,33,1,150.0,234,3
2023,HH2023000470,143.6374,G1,3,G2,74,1,G2,85279.0,27396.0,56491.0,55346.0,6121.0,5416,79158.0,5542.0,629.0,5197.0,1029.0,272,125,2102,565,499,186,1,209.0,298,3
2023,HH2023000471,66.2694,G2,3,G1,78,1,G2,40429.0,20035.0,18065.0,16392.0,9227.0,5717,31202.0,4271.0,1681.0,3375.0,1804.0,574,149,2213,545,372,255,2,229.0,287,4
2023,HH2023000472,184.3844,G1,1,G2,55,1,G2,149213.0,5164.0,139955.0,139734.0,9999.0,8043,139214.0,7980.0,1379.0,6777.0,1885.0,611,237,2079,428,329,175,1,172.0,354,1
2023,HH2023000473,209.5867,G2,3,G2,58,1,G1,108263.0,3880.0,103227.0,101295.0,36231.0,18445,72032.0,6174.0,793.0,5512.0,3158.0,1065,578,776,204,104,98,2,194.0,492,3
2023,HH2023000474,84.9007,G2,4,G2,68,1,G2,143796.0,26134.0,114634.0,114403.0,37779.0,20462,106017.0,134.0,1824.0,0.0,1394.0,531,235,603,158,80,89,2,233.0,405,4
2023,HH2023000475,188.2155,G1,1,G1,77,1,G1,12574.0,8254.0,132.0,0.0,20008.0,11299,0.0,3030.0,788.0,2664.0,26.0,6,3,765,136,160,113,1,258.0,363,4
2023,HH2023000476,99.4418,G2,3,G1,80,4,G1,124653.0,22976.0,98597.0,98553.0,6256.0,3909,118397.0,2318.0,1130.0,2072.0,1545.0,512,144,2378,609,266,437,1,137.0,441,2
2023,HH2023000477,261.1825,G2,5,G2,31,3,G4,124961.0,4159.0,116544.0,116058.0,30243.0,19996,94718.0,4700.0,491.0,3376.0,1152.0,359,88,2349,331,320,457,2,202.0,252,1
2023,HH2023000478,258.7904,G1,3,G2,69,1,G2,10271.0,8416.0,2892.0,1218.0,19683.0,13597,0.0,2125.0,366.0,1646.0,2923.0,763,531,1237,248,288,227,2,130.0,398,1
2023,HH2023000479,157.4073,G1,5,G2,36,4,G2,140062.0,8505.0,130419.0,129818.0,33989.0,20329,106073.0,7729.0,983.0,7169.0,3005.0,1146,470,638,78,119,91,2,103.0,350,5
2023,HH2023000480,291.6858,G2,2,G1,47,1,G1,119972.0,8433.0,112560.0,110979.0,14399.0,7580,105573.0,2395.0,1126.0,2289.0,367.0,80,49,1299,240,138,105,1,229.0,260,2
2023,HH2023000481,294.9435,G2,1,G1,79,1,G3,131608.0,20242.0,111762.0,110914.0,39953.0,30804,91655.0,4175.0,1611.0,3506.0,3172.0,1086,577,2524,515,519,483,2,196.0,393,1
2023,HH2023000482,82.3128,G2,4,G2,45,3,G3,88805.0,27431.0,59222.0,59015.0,32280.0,16445,56525.0,983.0,781.0,0.0,281.0,97,19,858,99,151,65,1,151.0,452,3
2023,HH2023000483,141.9285,G2,2,G2,77,1,G3,148568.0,27309.0,121076.0,120130.0,8957.0,7378,139611.0,7278.0,1790.0,6664.0,2478.0,949,377,2490,479,568,181,1,111.0,448,5
2023,HH2023000484,200.0804,G1,1,G2,57,1,G2,81553.0,22246.0,57736.0,57272.0,29021.0,25296,52532.0,7294.0,1214.0,6318.0,1557.0,472,128,1658,381,335,161,2,289.0,452,2
2023,HH2023000485,71.2095,G2,1,G1,43,1,G3,15608.0,6075.0,7926.0,7344.0,11475.0,8998,4133.0,6349.0,140.0,6077.0,1205.0,318,82,853,190,85,116,2,265.0,443,1
2023,HH2023000486,145.6639,G2,5,G1,50,1,G2,168093.0,28817.0,137206.0,136172.0,13991.0,10330,154102.0,2813.0,1478.0,2599.0,1932.0,706,231,2834,314,370,431,2,287.0,340,1
2023,HH2023000487,115.293,G2,4,G2,61,2,G3,56170.0,16262.0,36760.0,35180.0,10017.0,7641,46153.0,469.0,1149.0,0.0,1241.0,439,134,1795,213,248,93,2,122.0,214,1
2023,HH2023000488,288.0126,G2,2,G2,75,1,G3,35910.0,16379.0,16458.0,15285.0,27288.0,20763,8622.0,5687.0,778.0,5589.0,3175.0,952,606,2178,370,447,363,1,102.0,489,2
2023,HH2023000489,152.8965,G2,3,G1,66,1,G1,116216.0,21041.0,93730.0,93284.0,10514.0,9175,105702.0,3432.0,934.0,2760.0,3867.0,1367,381,741,198,130,56,2,143.0,336,1
2023,HH2023000490,240.6677,G2,2,G2,85,1,G2,59746.0,23072.0,36481.0,35047.0,25551.0,22631,34195.0,7923.0,603.0,7448.0,3263.0,827,562,1429,391,303,135,1,120.0,389,4
2023,HH2023000491,146.6763,G1,1,G2,82,1,G2,161158.0,28587.0,130111.0,128718.0,23297.0,15624,137861.0,5586.0,1228.0,5562.0,1756.0,558,285,2081,336,368,204,2,191.0,206,2
2023,HH2023000492,82.953,G2,5,G1,75,1,G1,84651.0,17471.0,67036.0,66562.0,30031.0,22428,54620.0,4309.0,1133.0,3513.0,2013.0,750,302,2113,515,315,211,1,229.0,466,3
2023,HH2023000493,265.7879,G1,5,G1,66,3,G3,21678.0,18301.0,2378.0,675.0,39740.0,32631,0.0,7893.0,894.0,6447.0,1788.0,471,336,657,141,75,107,2,139.0,466,3
2023,HH2023000494,50.1042,G2,2,G2,47,3,G1,167237.0,22365.0,144443.0,142757.0,352.0,176,166885.0,6403.0,570.0,6300.0,3174.0,941,352,2010,596,262,112,1,179.0,478,4
2023,HH2023000495,63.9852,G2,2,G1,54,1,G2,85761.0,7653.0,78401.0,77194.0,39611.0,28155,46150.0,3667.0,797.0,2444.0,2209.0,861,239,2861,340,458,227,2,207.0,252,4
2023,HH2023000496,141.0961,G2,5,G2,37,3,G4,51759.0,9231.0,40038.0,39446.0,4374.0,3329,47385.0,150.0,995.0,0.0,1872.0,673,138,2465,516,450,131,1,163.0,452,3
2023,HH2023000497,221.7246,G1,3,G2,52,1,G2,121960.0,18764.0,102301.0,101593.0,21070.0,16579,100890.0,742.0,943.0,0.0,1638.0,618,149,1019,222,245,169,2,192.0,387,5
2023,HH2023000498,135.4261,G2,2,G1,85,1,G2,82441.0,1923.0,80469.0,79591.0,13635.0,8828,68806.0,3549.0,618.0,3405.0,1500.0,415,272,2781,449,378,549,2,218.0,243,1
2023,HH2023000499,66.5782,G1,2,G2,55,1,G2,17320.0,9614.0,4816.0,,25561.0,15803,0.0,4496.0,1163.0,3193.0,2210.0,882,267,2207,241,441,328,2,290.0,371,3
2023,HH2023000500,129.46,G1,3,G1,36,1,G3,136356.0,21539.0,114558.0,113947.0,28869.0,16537,107487.0,241.0,453.0,224.0,2755.0,635,278,642,70,78,88,2,162.0,342,2
2023,HH2023000501,111.2452,G1,3,G1,69,3,G2,92850.0,29283.0,60471.0,60203.0,34398.0,24874,58452.0,1012.0,1001.0,0.0,1729.0,525,142,820,156,169,152,1,117.0,387,3
2023,HH2023000502,51.3549,G2,1,G2,87,5,G2,121366.0,15584.0,105281.0,104972.0,16079.0,13952,105287.0,5634.0,243.0,4648.0,3226.0,954,395,2803,668,285,247,2,273.0,225,1
2023,HH2023000503,183.7005,G1,3,G2,82,1,G2,148508.0,11990.0,135833.0,134345.0,37317.0,32032,111191.0,6012.0,944.0,5506.0,3306.0,1189,520,1023,245,202,61,2,215.0,369,2
2023,HH2023000504,79.1615,G2,3,G1,46,1,G3,108841.0,13211.0,91847.0,91591.0,12897.0,8305,95944.0,238.0,1567.0,228.0,1716.0,655,159,741,100,92,93,1,194.0,403,5
2023,HH2023000505,121.8741,G1,2,G2,57,2,G2,122446.0,20562.0,101679.0,100741.0,8154.0,4918,114292.0,4061.0,1635.0,3145.0,3636.0,1258,595,1627,441,206,144,2,244.0,414,5
2023,HH2023000506,210.2975,G2,2,G2,61,1,G2,58369.0,16334.0,39055.0,38197.0,15165.0,12367,43204.0,647.0,1389.0,516.0,692.0,225,99,1814,318,333,213,2,296.0,430,3
2023,HH2023000507,231.2789,G2,3,G2,44,1,G4,39953.0,696.0,35740.0,35648.0,21141.0,16701,18812.0,5787.0,1491.0,4874.0,3728.0,1064,626,1932,565,301,228,2,125.0,387,1
2023,HH2023000508,115.8639,G2,2,G2,46,5,G1,82940.0,16177.0,63912.0,62250.0,26726.0,18765,56214.0,6672.0,131.0,5513.0,1176.0,355,103,2147,265,366,210,2,272.0,410,4
2023,HH2023000509,132.2984,G2,5,G1,44,3,G1,140762.0,12001.0,129884.0,,33313.0,21840,107449.0,6954.0,682.0,6554.0,2257.0,681,326,2997,801,438,368,2,227.0,227,2
2023,HH2023000510,111.7273,G2,3,G1,89,5,G2,103227.0,21024.0,79904.0,78628.0,8994.0,4942,94233.0,4785.0,1308.0,4427.0,1134.0,231,82,2398,675,582,256,2,217.0,439,2
2023,HH2023000511,289.2222,G2,3,G2,74,1,G1,83140.0,26253.0,53546.0,,12128.0,9872,71012.0,5031.0,1601.0,4699.0,1768.0,531,184,564,149,80,37,2,272.0,310,1
2023,HH2023000512,97.6299,G2,2,G1,80,1,G1,149629.0,28873.0,117406.0,116941.0,37547.0,28047,112082.0,7412.0,1165.0,7075.0,1360.0,504,215,721,188,130,129,2,160.0,364,2
2023,HH2023000513,95.7952,G1,5,G2,78,1,G2,147246.0,18306.0,129689.0,128001.0,17592.0,11448,129654.0,4899.0,1707.0,4729.0,2820.0,964,408,500,86,114,77,1,257.0,363,2
2023,HH2023000514,161.2588,G1,1,G1,87,4,G2,150366.0,10876.0,136948.0,135380.0,9662.0,8381,140704.0,3570.0,546.0,3196.0,324.0,116,25,1488,361,297,83,2,214.0,492,1
2023,HH2023000515,97.3266,G2,3,G1,36,1,G2,58695.0,13318.0,45717.0,44841.0,39424.0,30114,19271.0,6036.0,306.0,5048.0,3353.0,932,599,1375,296,204,92,2,287.0,297,3
2023,HH2023000516,89.1771,G1,1,G1,82,1,G2,114683.0,5293.0,107857.0,106446.0,17958.0,15653,96725.0,4726.0,172.0,4273.0,3615.0,1105,209,2833,523,518,182,1,193.0,315,5
2023,HH2023000517,73.9699,G2,4,G1,33,1,G2,119114.0,28078.0,90458.0,88548.0,39401.0,27177,79713.0,6739.0,1165.0,5568.0,2251.0,465,313,1415,422,159,83,2,244.0,428,1
2023,HH2023000518,210.0428,G2,2,G1,58,3,G2,95419.0,25419.0,68550.0,67345.0,36772.0,25072,58647.0,4197.0,1330.0,2969.0,2189.0,605,432,576,91,104,33,2,199.0,390,1
2023,HH2023000519,203.0206,G1,2,G2,65,3,G3,87757.0,25619.0,59940.0,59541.0,36244.0,31709,51513.0,6952.0,570.0,5811.0,2799.0,825,363,2709,494,446,199,2,178.0,295,1
2023,HH2023000520,212.5407,G2,1,G2,51,2,G3,27182.0,9843.0,17842.0,17182.0,23273.0,20571,3909.0,358.0,1567.0,0.0,796.0,199,135,1150,322,245,203,2,175.0,303,3
2023,HH2023000521,243.325,G2,4,G1,38,1,G2,53429.0,9666.0,41593.0,41223.0,31937.0,28242,21492.0,291.0,1478.0,0.0,2998.0,618,417,2781,438,631,484,1,284.0,448,5
2023,HH2023000522,131.5895,G2,2,G1,41,3,G3,112830.0,25698.0,83112.0,82449.0,38422.0,31796,74408.0,792.0,720.0,0.0,874.0,295,146,2436,317,316,407,2,267.0,450,2
2023,HH2023000523,279.6059,G2,2,G2,79,1,G3,151502.0,16336.0,134763.0,132983.0,10765.0,7373,140737.0,4449.0,477.0,4142.0,2705.0,776,401,2701,437,303,384,2,145.0,244,1
2023,HH2023000524,233.3012,G2,5,G1,49,1,G1,152474.0,21139.0,130330.0,129951.0,1509.0,881,150965.0,5671.0,1484.0,4975.0,1222.0,345,187,2549,641,404,404,2,273.0,319,1
2023,HH2023000525,251.1771,G2,1,G2,48,1,G4,47807.0,14694.0,29922.0,28139.0,12834.0,8385,34973.0,1730.0,1342.0,1050.0,2984.0,745,251,857,233,154,137,1,216.0,430,4
2023,HH2023000526,230.2405,G2,3,G2,85,1,G3,115675.0,13283.0,102468.0,101898.0,25475.0,22298,90200.0,1245.0,341.0,127.0,3164.0,973,510,2065,253,323,378,2,120.0,235,2
2023,HH2023000527,139.6139,G1,1,G2,38,1,G2,34118.0,18966.0,13719.0,,21891.0,14128,12227.0,6882.0,510.0,6062.0,834.0,239,71,1530,343,297,244,2,253.0,255,2
2023,HH2023000528,120.7581,G2,1,G2,84,5,G1,128202.0,24389.0,102307.0,101251.0,3223.0,2587,124979.0,6004.0,971.0,4805.0,2469.0,727,486,2071,442,364,332,1,132.0,247,2
2023,HH2023000529,155.6293,G2,1,G2,85,1,G2,63701.0,10023.0,51540.0,51289.0,22431.0,19497,41270.0,5187.0,1022.0,3809.0,1993.0,630,167,2364,552,568,403,2,274.0,358,5
2023,HH2023000530,74.2576,G1,1,G2,65,1,G2,96359.0,24274.0,67845.0,67477.0,6975.0,6194,89384.0,3906.0,331.0,3321.0,1176.0,236,100,1752,410,282,233,2,190.0,335,2
2023,HH2023000531,162.8201,G1,5,G2,39,2,G2,117079.0,7326.0,108255.0,107645.0,20220.0,17774,96859.0,3361.0,1897.0,2049.0,2353.0,897,420,1281,373,143,104,2,283.0,296,4
2023,HH2023000532,60.7852,G2,3,G1,39,2,G2,80683.0,12084.0,63852.0,63733.0,23028.0,16626,57655.0,164.0,777.0,0.0,3970.0,850,343,2790,472,405,174,2,196.0,240,4
2023,HH2023000533,50.9865,G1,5,G1,47,1,G1,148828.0,27380.0,122622.0,121114.0,25466.0,17743,123362.0,1504.0,762.0,130.0,9.0,2,0,2158,345,411,243,2,116.0,391,1
2023,HH2023000534,282.8747,G2,2,G1,64,2,G2,112339.0,28633.0,81129.0,80037.0,16502.0,14770,95837.0,7175.0,121.0,6909.0,3827.0,924,601,2713,586,375,172,2,253.0,442,2
2023,HH2023000535,222.3342,G1,4,G1,39,1,G3,180491.0,27716.0,151502.0,149811.0,16332.0,9591,164159.0,2712.0,1751.0,1437.0,3423.0,1043,252,1092,202,153,82,2,245.0,263,5
2023,HH2023000536,190.4617,G1,1,G2,57,1,G1,10683.0,9481.0,1726.0,0.0,27142.0,15606,0.0,5636.0,470.0,5051.0,2117.0,542,156,2595,505,391,139,2,160.0,399,5
2023,HH2023000537,135.2755,G2,1,G1,36,3,G2,70892.0,25299.0,45149.0,44454.0,29966.0,26528,40926.0,5630.0,1973.0,4184.0,2440.0,907,300,1308,148,277,124,2,140.0,438,3
2023,HH2023000538,192.6345,G1,1,G1,62,2,G2,147973.0,28082.0,117927.0,116293.0,32309.0,25061,115664.0,2475.0,992.0,2282.0,1476.0,412,127,1651,214,397,322,2,272.0,367,1
2023,HH2023000539,272.8939,G1,5,G1,31,1,G2,93725.0,29346.0,61313.0,61191.0,13341.0,9532,80384.0,1634.0,1749.0,936.0,516.0,169,44,2651,761,404,283,1,255.0,372,2
2023,HH2023000540,213.095,G2,4,G2,72,1,G2,83807.0,627.0,80984.0,80125.0,16963.0,9377,66844.0,5533.0,358.0,4181.0,2285.0,570,117,1386,157,179,119,1,159.0,250,5
2023,HH2023000541,200.6205,G2,4,G2,33,1,G2,43126.0,22349.0,21854.0,20523.0,13227.0,9328,29899.0,748.0,331.0,677.0,3265.0,665,344,1126,245,183,124,2,240.0,487,4
2023,HH2023000542,165.0511,G1,5,G2,41,1,G2,50792.0,29902.0,18833.0,17901.0,21101.0,18520,29691.0,3958.0,1602.0,3561.0,924.0,259,90,2788,699,425,265,2,148.0,486,1
2023,HH2023000543,136.4243,G2,2,G1,40,4,G2,114076.0,22940.0,87708.0,86230.0,5089.0,3771,108987.0,7104.0,1639.0,6979.0,2868.0,881,156,2910,297,723,439,2,136.0,413,4
2023,HH2023000544,224.6368,G2,4,G1,79,1,G1,35084.0,6995.0,29720.0,28003.0,17203.0,11385,17881.0,5690.0,1086.0,5209.0,2992.0,873,428,1277,184,216,185,2,232.0,470,1
2023,HH2023000545,295.2452,G2,3,G2,33,3,G2,174859.0,22877.0,150485.0,149637.0,7548.0,5437,167311.0,6113.0,64.0,5528.0,3033.0,1190,436,1265,221,255,68,2,266.0,382,2
2023,HH2023000546,156.1894,G1,3,G2,55,1,G2,133979.0,3157.0,128899.0,128351.0,21296.0,18196,112683.0,666.0,1887.0,0.0,1360.0,464,82,1069,215,253,135,1,283.0,398,3
2023,HH2023000547,148.0513,G1,4,G2,65,3,G2,124033.0,14418.0,106298.0,105132.0,34020.0,29432,90013.0,1598.0,786.0,1212.0,1568.0,625,152,558,93,108,30,2,192.0,448,2
2023,HH2023000548,157.0284,G2,3,G2,60,1,G2,130404.0,18786.0,111940.0,110204.0,39415.0,26015,90989.0,2200.0,1871.0,1962.0,1664.0,430,301,1882,432,258,285,2,128.0,211,4
2023,HH2023000549,156.386,G2,1,G1,70,1,G3,105351.0,13693.0,91255.0,89281.0,17851.0,13267,87500.0,2338.0,1741.0,2084.0,3416.0,1222,469,1137,165,217,216,1,208.0,265,1
2023,HH2023000550,297.6562,G1,1,G2,78,1,G1,33623.0,20995.0,10674.0,9043.0,2253.0,1378,31370.0,1552.0,1702.0,145.0,3601.0,1120,402,2622,275,420,488,2,236.0,261,5
2023,HH2023000551,226.6946,G2,3,G2,53,1,G1,66362.0,7206.0,59344.0,58855.0,9114.0,6201,57248.0,7776.0,1377.0,6347.0,1656.0,533,198,928,93,151,75,2,294.0,389,3
2023,HH2023000552,139.7961,G1,3,G2,79,4,G2,96561.0,18186.0,74780.0,74370.0,4192.0,2464,92369.0,1319.0,1346.0,987.0,3879.0,1540,315,2088,353,515,336,2,122.0,272,2
2023,HH2023000553,142.8756,G2,4,G2,49,3,G2,160749.0,19344.0,138439.0,137294.0,30373.0,21643,130376.0,5665.0,1065.0,5372.0,2282.0,754,392,1767,304,250,298,2,231.0,317,5
2023,HH2023000554,157.6992,G2,3,G1,89,2,G3,22611.0,19013.0,804.0,0.0,39386.0,28802,0.0,4694.0,49.0,4613.0,1540.0,584,288,2029,587,345,364,1,202.0,348,3
2023,HH2023000555,59.178,G2,1,G1,60,1,G1,86456.0,8679.0,75758.0,74537.0,22159.0,14073,64297.0,4884.0,775.0,3445.0,2.0,0,0,781,85,96,69,2,217.0,423,3
2023,HH2023000556,181.9541,G2,2,G2,74,2,G2,64508.0,9161.0,53455.0,51609.0,7073.0,4306,57435.0,1717.0,1461.0,658.0,2444.0,551,204,1666,343,211,195,2,118.0,355,1
2023,HH2023000557,252.8452,G1,3,G2,82,2,G2,31797.0,7734.0,21253.0,20155.0,846.0,474,30951.0,2461.0,1624.0,1320.0,2579.0,876,249,2065,445,393,171,2,103.0,207,5
2023,HH2023000558,215.1419,G2,5,G1,77,3,G2,33821.0,13853.0,16163.0,15452.0,39043.0,21700,0.0,4851.0,1119.0,4416.0,3873.0,1149,286,1352,324,287,72,1,221.0,406,5
2023,HH2023000559,99.6052,G1,3,G1,81,2,G2,74524.0,17578.0,56544.0,54806.0,12654.0,9928,61870.0,2393.0,1419.0,1432.0,2872.0,1102,275,2687,611,525,399,2,139.0,328,1
2023,HH2023000560,232.0086,G2,4,G2,62,3,G2,25519.0,10876.0,13241.0,12363.0,4480.0,2637,21039.0,5552.0,43.0,5463.0,118.0,42,11,1823,185,272,209,1,222.0,234,5
2023,HH2023000561,229.8647,G2,4,G1,32,1,G2,25563.0,12299.0,11285.0,10075.0,7080.0,3874,18483.0,316.0,936.0,0.0,2268.0,500,328,1406,318,153,122,1,105.0,395,4
2023,HH2023000562,115.6348,G1,2,G1,59,5,G2,62187.0,8592.0,52900.0,52630.0,10210.0,9184,51977.0,582.0,1015.0,0.0,2971.0,673,233,577,94,98,102,2,260.0,281,3
2023,HH2023000563,205.7187,G1,5,G2,40,1,G2,41142.0,6565.0,31311.0,30296.0,26234.0,15844,14908.0,5827.0,1784.0,5330.0,1986.0,424,373,921,234,161,114,2,166.0,338,5
2023,HH2023000564,202.7373,G1,4,G2,83,1,G3,106796.0,19723.0,84073.0,83221.0,35671.0,30620,71125.0,4934.0,622.0,3869.0,1717.0,512,112,1691,232,364,336,2,190.0,490,3
2023,HH2023000565,259.9469,G1,5,G2,44,4,G2,30286.0,24481.0,2896.0,2650.0,11001.0,8181,19285.0,345.0,459.0,0.0,3239.0,700,165,1500,364,294,253,1,168.0,271,4
2023,HH2023000566,84.0181,G1,4,G2,43,1,G1,55500.0,8721.0,45694.0,45271.0,27489.0,21607,28011.0,7192.0,704.0,6534.0,2445.0,842,435,2678,602,617,483,2,183.0,465,1
2023,HH2023000567,98.7096,G2,4,G1,44,1,G1,95546.0,25817.0,69397.0,67991.0,2597.0,1881,92949.0,38.0,340.0,0.0,2725.0,846,423,2464,567,535,409,2,206.0,339,1
2023,HH2023000568,171.4924,G2,1,G2,68,1,G1,163774.0,17129.0,144832.0,144471.0,404.0,231,163370.0,7644.0,1116.0,7609.0,1856.0,681,191,897,121,138,59,2,229.0,479,3
2023,HH2023000569,61.0363,G2,3,G2,64,1,G1,103523.0,5030.0,95445.0,95181.0,2197.0,1842,101326.0,5835.0,1285.0,4429.0,1112.0,284,154,1978,462,385,118,2,237.0,454,2
2023,HH2023000570,153.8985,G2,1,G2,86,4,G2,146976.0,10979.0,132222.0,132107.0,36925.0,30691,110051.0,7905.0,1602.0,7483.0,2076.0,630,173,1636,404,346,306,2,298.0,449,5
2023,HH2023000571,247.0548,G2,4,G2,54,3,G1,55077.0,225.0,51546.0,51493.0,23269.0,14889,31808.0,7590.0,1943.0,7138.0,3836.0,857,288,752,148,183,53,1,135.0,262,1
2023,HH2023000572,87.1786,G1,4,G1,46,1,G2,73280.0,1175.0,68324.0,67456.0,32206.0,25943,41074.0,2505.0,147.0,1484.0,2410.0,908,290,2164,363,353,235,1,274.0,437,4
2023,HH2023000573,164.9872,G2,3,G1,32,5,G1,77942.0,10083.0,64034.0,63057.0,868.0,622,77074.0,,494.0,5670.0,2829.0,664,291,1842,245,363,260,2,220.0,310,4
2023,HH2023000574,297.4423,G2,2,G1,30,2,G2,150266.0,13633.0,134357.0,133109.0,889.0,767,149377.0,1687.0,601.0,1124.0,496.0,109,70,718,113,114,58,2,161.0,473,5
2023,HH2023000575,176.48,G2,1,G1,52,3,G1,169660.0,23925.0,145025.0,143881.0,33951.0,27878,135709.0,3773.0,499.0,2707.0,3951.0,952,326,1670,422,351,139,2,283.0,497,5
2023,HH2023000576,174.581,G2,4,G2,85,1,G2,151374.0,4029.0,145423.0,144350.0,4104.0,2119,147270.0,,1654.0,1027.0,978.0,353,146,2329,423,551,279,2,241.0,383,5
2023,HH2023000577,189.6984,G2,4,G1,61,1,G2,140094.0,25175.0,114792.0,112794.0,6215.0,5293,133879.0,3888.0,278.0,2904.0,3885.0,859,641,1317,316,313,137,2,137.0,473,2
2023,HH2023000578,96.5011,G2,3,G2,83,1,G2,85646.0,7035.0,75965.0,75466.0,20757.0,18420,64889.0,6978.0,59.0,6971.0,1783.0,575,133,1392,345,171,210,2,134.0,359,4
2023,HH2023000579,86.791,G2,4,G1,36,1,G2,89337.0,4149.0,82552.0,81128.0,24262.0,19333,65075.0,3489.0,1721.0,2813.0,3675.0,1283,207,775,181,101,47,2,231.0,210,1
2023,HH2023000580,219.3387,G1,4,G1,35,3,G3,169918.0,20996.0,147235.0,147076.0,9155.0,5016,160763.0,739.0,1923.0,27.0,3567.0,1249,413,1010,237,215,124,1,245.0,462,3
2023,HH2023000581,148.9417,G2,3,G1,80,1,G2,68439.0,23230.0,44378.0,42681.0,17787.0,14637,50652.0,2597.0,452.0,1649.0,3021.0,719,501,2952,655,574,224,2,109.0,359,2
2023,HH2023000582,122.4767,G1,1,G1,36,1,G1,70381.0,18147.0,52731.0,52006.0,26994.0,20488,43387.0,6292.0,665.0,6065.0,3665.0,778,541,2051,417,483,289,2,225.0,213,2
2023,HH2023000583,57.8479,G1,5,G2,33,2,G2,141702.0,3471.0,135241.0,134549.0,17714.0,11257,123988.0,4173.0,1006.0,3934.0,2437.0,706,378,940,131,138,63,1,206.0,219,3
2023,HH2023000584,261.5126,G2,3,G2,54,1,G3,63857.0,3460.0,58218.0,,15306.0,13065,48551.0,4481.0,1051.0,3338.0,3395.0,816,374,1706,458,387,135,1,293.0,416,1
2023,HH2023000585,58.0822,G1,4,G1,85,1,G2,49263.0,11701.0,36281.0,35264.0,2871.0,2084,46392.0,3449.0,1981.0,2440.0,688.0,233,58,981,287,198,167,2,248.0,477,3
2023,HH2023000586,237.4958,G2,5,G2,71,2,G2,100250.0,13518.0,84869.0,84070.0,18075.0,15204,82175.0,2342.0,808.0,1126.0,281.0,76,36,1606,310,207,136,2,281.0,409,3
2023,HH2023000587,145.4971,G1,2,G2,35,4,G2,79836.0,29958.0,50749.0,48801.0,32110.0,24661,47726.0,4785.0,24.0,4380.0,2173.0,629,175,863,247,102,138,1,106.0,332,2
2023,HH2023000588,199.672,G2,4,G2,80,1,G1,145214.0,8594.0,133987.0,133631.0,25070.0,15428,120144.0,5064.0,845.0,3568.0,3239.0,721,514,2047,613,420,186,1,252.0,292,3
2023,HH2023000589,111.9195,G1,1,G1,80,5,G4,145862.0,5777.0,137193.0,136359.0,35722.0,31792,110140.0,,1112.0,6775.0,3061.0,959,243,1925,379,238,164,1,166.0,325,4
2023,HH2023000590,88.8499,G2,5,G1,78,3,G1,30125.0,28377.0,1800.0,0.0,5046.0,3675,25079.0,4942.0,1033.0,3966.0,2111.0,500,197,2083,510,456,197,1,210.0,296,4
2023,HH2023000591,183.347,G1,1,G2,84,2,G1,84704.0,4618.0,81045.0,79431.0,440.0,310,84264.0,7960.0,1024.0,7717.0,2083.0,699,262,1609,368,295,293,2,275.0,281,1
2023,HH2023000592,223.9044,G1,3,G2,44,1,G1,150324.0,792.0,149127.0,147598.0,21926.0,14501,128398.0,6612.0,1845.0,5235.0,2439.0,522,300,1214,179,208,133,2,273.0,238,3
2023,HH2023000593,98.8733,G1,2,G1,88,3,G2,125023.0,12684.0,112398.0,111347.0,7144.0,3961,117879.0,629.0,1614.0,131.0,3472.0,1372,486,1123,122,158,97,2,145.0,370,4
2023,HH2023000594,159.0897,G2,1,G2,49,3,G3,46245.0,12032.0,34090.0,32344.0,23759.0,18400,22486.0,3137.0,503.0,1934.0,3367.0,1134,389,1037,197,256,135,1,148.0,265,4
2023,HH2023000595,161.1637,G2,3,G1,78,1,G3,110335.0,18590.0,89058.0,88611.0,36156.0,24308,74179.0,3077.0,710.0,2581.0,438.0,103,82,1573,404,327,169,2,244.0,243,3
2023,HH2023000596,103.9948,G2,5,G2,64,5,G3,119881.0,26332.0,94602.0,92983.0,13485.0,11783,106396.0,24.0,1335.0,0.0,2382.0,483,419,1628,268,352,274,1,275.0,282,1
2023,HH2023000597,191.2624,G1,1,G1,76,4,G2,129738.0,27987.0,99175.0,98015.0,21979.0,19474,107759.0,1445.0,820.0,764.0,1523.0,406,276,2183,560,470,433,2,222.0,439,1
2023,HH2023000598,86.4839,G1,2,G2,67,1,G2,13563.0,8689.0,4450.0,3751.0,27267.0,22006,0.0,6097.0,856.0,6004.0,3197.0,737,461,631,145,118,81,2,110.0,371,2
2023,HH2023000599,177.4373,G1,1,G1,68,3,G2,78804.0,29424.0,45343.0,44907.0,6001.0,3582,72803.0,2816.0,335.0,2531.0,2023.0,492,293,1204,287,290,141,2,132.0,347,4
2023,HH2023000600,78.3579,G2,1,G1,66,1,G1,150833.0,18979.0,129235.0,128192.0,35895.0,28227,114938.0,0.0,508.0,0.0,3965.0,1485,560,2631,413,493,266,2,249.0,377,4
2023,HH2023000601,171.3856,G2,2,G2,76,3,G3,39656.0,2089.0,36211.0,36205.0,8111.0,4121,31545.0,2299.0,1481.0,2010.0,1729.0,554,199,2788,540,496,546,1,248.0,369,4
2023,HH2023000602,127.8998,G1,3,G1,74,3,G2,75923.0,28153.0,46383.0,44954.0,32330.0,26852,43593.0,2197.0,1685.0,1785.0,2716.0,639,267,2827,385,398,346,1,279.0,349,2
2023,HH2023000603,163.0616,G2,4,G2,38,1,G2,53065.0,4139.0,48844.0,48373.0,26399.0,18411,26666.0,,1569.0,584.0,434.0,135,60,1265,188,179,97,2,206.0,452,3
2023,HH2023000604,158.4373,G2,4,G2,79,1,G2,44763.0,17657.0,27386.0,26608.0,5638.0,4931,39125.0,809.0,615.0,430.0,3729.0,936,200,842,99,177,164,1,185.0,419,1
2023,HH2023000605,276.9833,G1,4,G1,62,1,G3,51818.0,23722.0,23702.0,23316.0,28992.0,18876,22826.0,6112.0,273.0,5919.0,614.0,242,31,995,124,149,193,2,122.0,255,4
2023,HH2023000606,172.4839,G1,4,G1,49,4,G2,63547.0,7483.0,52982.0,,7858.0,4756,55689.0,6596.0,319.0,5660.0,1513.0,312,268,829,117,173,95,1,256.0,445,2
2023,HH2023000607,254.6247,G1,2,G2,60,1,G2,140037.0,8118.0,131888.0,131147.0,23977.0,21531,116060.0,3970.0,786.0,2937.0,3350.0,1160,190,2886,623,701,295,2,289.0,252,3
2023,HH2023000608,106.4131,G1,5,G2,88,4,G2,15928.0,14285.0,605.0,230.0,38387.0,27341,0.0,4923.0,1035.0,3824.0,3869.0,1371,498,2708,509,449,411,1,109.0,223,3
2023,HH2023000609,138.0207,G1,1,G2,81,1,G3,70020.0,26545.0,44264.0,42487.0,38125.0,32226,31895.0,7353.0,1785.0,5938.0,1937.0,413,275,2526,387,289,440,1,198.0,326,2
2023,HH2023000610,68.7723,G2,4,G1,80,1,G1,17777.0,6708.0,10612.0,9094.0,34849.0,30124,0.0,0.0,1797.0,0.0,1938.0,454,154,2324,632,464,289,2,171.0,317,1
2023,HH2023000611,155.1869,G1,1,G2,57,4,G1,105582.0,19903.0,84998.0,84223.0,19762.0,13979,85820.0,260.0,5.0,0.0,194.0,53,35,1357,278,137,135,2,249.0,435,5
2023,HH2023000612,217.175,G2,4,G2,77,2,G2,52807.0,13577.0,37705.0,37590.0,22381.0,15270,30426.0,0.0,1415.0,0.0,3915.0,1462,307,1689,480,368,160,2,252.0,408,1
2023,HH2023000613,259.5418,G2,1,G2,53,1,G3,124797.0,3355.0,120486.0,118796.0,12010.0,8661,112787.0,535.0,597.0,0.0,65.0,19,11,2603,590,465,257,2,143.0,217,5
2023,HH2023000614,191.4787,G2,2,G1,71,1,G4,110023.0,21326.0,89145.0,87752.0,36838.0,30910,73185.0,212.0,395.0,0.0,104.0,34,17,2535,261,439,171,1,290.0,349,1
2023,HH2023000615,210.0182,G2,2,G1,68,1,G2,146962.0,24975.0,118684.0,117573.0,19089.0,16910,127873.0,3226.0,1110.0,3079.0,1893.0,675,163,1797,508,333,299,1,127.0,438,1
2023,HH2023000616,94.3168,G1,4,G2,44,1,G2,116143.0,17269.0,96445.0,95236.0,30865.0,19485,85278.0,5966.0,67.0,4928.0,14.0,5,1,2593,703,460,170,1,256.0,419,5
2023,HH2023000617,59.3015,G1,1,G2,45,1,G1,74849.0,5290.0,65772.0,65757.0,14386.0,11443,60463.0,642.0,668.0,578.0,657.0,193,64,1366,310,202,149,2,248.0,350,5
2023,HH2023000618,247.922,G1,2,G1,33,2,G2,134663.0,4671.0,130092.0,129145.0,29616.0,18188,105047.0,2343.0,1104.0,1932.0,2510.0,757,275,1533,317,218,268,1,132.0,384,5
2023,HH2023000619,91.7596,G2,2,G2,38,1,G2,87682.0,12704.0,71815.0,71438.0,8976.0,6681,78706.0,2101.0,544.0,1019.0,2820.0,968,244,2599,495,421,287,1,234.0,368,4
2023,HH2023000620,72.7924,G2,4,G1,56,1,G2,161863.0,15192.0,143792.0,142490.0,29351.0,24124,132512.0,3179.0,1186.0,2420.0,1192.0,301,238,1441,283,337,135,2,154.0,269,3
2023,HH2023000621,284.3906,G1,5,G1,58,1,G3,17440.0,16565.0,1862.0,,1838.0,1570,15602.0,7888.0,920.0,6747.0,3181.0,1179,268,2380,604,286,457,2,154.0,369,1
2023,HH2023000622,290.8803,G1,4,G1,39,1,G2,99418.0,7309.0,89414.0,88353.0,4192.0,2848,95226.0,2651.0,1598.0,1795.0,2430.0,496,424,1633,330,242,112,2,117.0,402,3
2023,HH2023000623,204.0643,G2,3,G1,55,5,G2,117999.0,15022.0,102397.0,101189.0,14088.0,9127,103911.0,1671.0,363.0,407.0,913.0,218,67,1244,168,160,227,1,249.0,216,3
2023,HH2023000624,144.6593,G1,2,G1,66,1,G1,51138.0,8852.0,39683.0,38349.0,19281.0,11595,31857.0,978.0,114.0,135.0,2849.0,1025,561,1047,116,171,62,2,,408,4
2023,HH2023000625,258.3099,G2,5,G1,43,1,G2,145171.0,20584.0,124054.0,122195.0,28456.0,15746,116715.0,1584.0,1059.0,1499.0,2368.0,634,198,2016,252,241,225,2,200.0,274,1
2023,HH2023000626,101.18,G1,1,G1,50,2,G2,128643.0,23894.0,100814.0,100738.0,14362.0,9277,114281.0,1065.0,513.0,959.0,3248.0,746,367,1699,255,363,245,1,255.0,202,1
2023,HH2023000627,157.3481,G1,1,G2,52,4,G2,155700.0,19580.0,136003.0,135383.0,737.0,625,154963.0,4589.0,1413.0,3424.0,617.0,146,82,1423,246,164,150,2,169.0,426,3
2023,HH2023000628,139.2543,G1,2,G2,60,3,G1,42033.0,37.0,40587.0,40051.0,13015.0,8687,29018.0,3364.0,186.0,3307.0,923.0,282,62,2357,656,470,306,1,213.0,316,5
2023,HH2023000629,278.175,G1,2,G2,51,3,G1,149266.0,29761.0,119571.0,118138.0,17567.0,11013,131699.0,3983.0,1150.0,3419.0,1214.0,448,209,502,74,70,40,2,257.0,323,5
2023,HH2023000630,279.9444,G1,3,G1,74,4,G1,72495.0,713.0,71436.0,70541.0,21748.0,17303,50747.0,6657.0,1979.0,6633.0,1365.0,292,124,730,119,124,98,2,186.0,387,3
2023,HH2023000631,212.7215,G2,5,G2,49,2,G2,59299.0,29982.0,29320.0,27776.0,25760.0,15101,33539.0,4643.0,186.0,4188.0,3555.0,732,470,2904,419,377,203,1,223.0,368,2
2023,HH2023000632,77.685,G1,4,G1,56,5,G2,28544.0,953.0,26623.0,25679.0,9906.0,5968,18638.0,1241.0,603.0,349.0,2930.0,858,388,2158,451,452,365,2,129.0,386,3
2023,HH2023000633,170.5482,G2,2,G2,52,1,G2,100454.0,15493.0,86276.0,84325.0,24416.0,21348,76038.0,3013.0,1688.0,2754.0,2176.0,851,305,1874,418,453,257,2,201.0,483,3
2023,HH2023000634,111.3321,G1,2,G2,40,3,G2,54631.0,3179.0,49450.0,47917.0,25263.0,13455,29368.0,2500.0,1067.0,1801.0,2161.0,552,126,536,110,71,65,2,270.0,395,4
2023,HH2023000635,271.2289,G1,4,G1,71,3,G1,5606.0,2855.0,36.0,0.0,31065.0,20684,0.0,6614.0,349.0,5120.0,3543.0,1388,266,1996,579,484,116,2,254.0,213,2
2023,HH2023000636,84.6007,G1,2,G1,44,4,G2,88718.0,20501.0,66047.0,64071.0,20881.0,15257,67837.0,2456.0,426.0,2351.0,1787.0,674,132,1586,474,235,198,2,160.0,266,2
2023,HH2023000637,63.5776,G1,5,G2,47,1,G1,123298.0,21835.0,99842.0,97938.0,32420.0,19196,90878.0,1108.0,1529.0,1013.0,900.0,230,85,1999,534,367,268,1,208.0,334,3
2023,HH2023000638,226.1073,G1,3,G2,77,3,G3,52134.0,3547.0,47928.0,47842.0,8864.0,5428,43270.0,5888.0,1721.0,5482.0,547.0,198,39,602,157,123,54,1,223.0,341,5
2023,HH2023000639,163.3215,G1,3,G2,86,1,G1,172950.0,29299.0,144085.0,143302.0,28468.0,16760,144482.0,3427.0,721.0,2187.0,1320.0,445,248,1876,324,243,284,2,287.0,308,5
2023,HH2023000640,259.5912,G2,5,G2,70,2,G2,128659.0,9613.0,118873.0,116932.0,1833.0,1169,126826.0,766.0,947.0,158.0,2613.0,790,331,1944,419,324,119,2,265.0,255,4
2023,HH2023000641,68.6574,G2,2,G2,84,1,G1,88863.0,9549.0,78584.0,76909.0,4111.0,3533,84752.0,5518.0,1565.0,4559.0,1883.0,535,270,1225,208,134,99,2,263.0,231,2
2023,HH2023000642,250.269,G2,3,G1,81,2,G3,150308.0,8909.0,141134.0,140198.0,34588.0,23265,115720.0,1684.0,353.0,1634.0,1687.0,612,174,636,163,130,102,2,250.0,243,3
2023,HH2023000643,59.3337,G1,3,G2,58,2,G1,82692.0,13836.0,66034.0,64945.0,19000.0,12675,63692.0,6945.0,412.0,5843.0,1920.0,688,175,2928,393,475,211,2,171.0,485,3
2023,HH2023000644,57.0175,G2,2,G1,76,1,G3,29192.0,5335.0,21009.0,20950.0,24833.0,16256,4359.0,6659.0,1548.0,6558.0,3899.0,1370,489,2273,325,531,197,2,175.0,318,5
2023,HH2023000645,165.3289,G2,1,G2,49,1,G1,21858.0,12743.0,6505.0,5376.0,24136.0,21375,0.0,2956.0,373.0,1889.0,3990.0,1594,375,2054,221,289,303,2,192.0,488,2
2023,HH2023000646,105.3228,G1,2,G1,57,1,G3,147547.0,6299.0,142035.0,140703.0,27794.0,15201,119753.0,4444.0,1541.0,4223.0,645.0,190,65,2417,536,576,385,2,185.0,300,5
2023,HH2023000647,198.4297,G1,1,G2,62,2,G2,149583.0,1542.0,144684.0,143966.0,9822.0,8336,139761.0,4541.0,994.0,3254.0,457.0,165,53,2177,517,263,125,2,291.0,293,4
2023,HH2023000648,56.4542,G2,4,G2,87,2,G2,122979.0,11062.0,111500.0,110887.0,7130.0,4498,115849.0,5227.0,1980.0,4783.0,977.0,363,122,835,84,159,57,2,275.0,346,4
2023,HH2023000649,58.8474,G2,1,G1,80,3,G2,37858.0,20167.0,17106.0,15450.0,1702.0,1502,36156.0,553.0,65.0,278.0,3407.0,825,673,1636,330,239,191,2,279.0,484,4
2023,HH2023000650,231.7871,G1,2,G1,59,1,G2,69135.0,22892.0,44944.0,44047.0,34590.0,21656,34545.0,2598.0,1891.0,2093.0,1838.0,383,153,2721,477,346,377,2,221.0,368,4
2023,HH2023000651,102.5413,G1,5,G1,69,3,G3,20863.0,10600.0,6689.0,6161.0,8943.0,4767,11920.0,1362.0,450.0,1361.0,3454.0,970,425,1219,315,139,143,2,138.0,210,4
2023,HH2023000652,214.1043,G2,3,G2,42,2,G3,18783.0,9712.0,8436.0,7687.0,23006.0,16288,0.0,5579.0,70.0,5332.0,2587.0,960,187,2930,315,581,430,1,128.0,281,4
2023,HH2023000653,237.4805,G1,4,G2,78,1,G1,61735.0,23623.0,37893.0,36909.0,18195.0,10755,43540.0,553.0,1448.0,0.0,2212.0,570,226,660,72,89,107,2,154.0,494,2
2023,HH2023000654,64.8328,G2,4,G1,63,1,G2,107954.0,20435.0,86339.0,85821.0,6494.0,5202,101460.0,4135.0,1065.0,3684.0,1126.0,382,177,1326,297,246,255,2,230.0,246,3
2023,HH2023000655,242.4385,G2,2,G2,61,1,G2,36596.0,24963.0,10949.0,9829.0,16557.0,12631,20039.0,5823.0,1674.0,5293.0,1376.0,277,104,1375,300,339,140,2,172.0,450,3
2023,HH2023000656,117.1053,G2,4,G2,75,1,G1,175781.0,27183.0,149412.0,147690.0,3328.0,2577,172453.0,7587.0,216.0,6377.0,590.0,159,80,2043,543,301,152,1,231.0,478,5
2023,HH2023000657,147.3865,G2,2,G1,67,1,G2,93784.0,24636.0,69752.0,68267.0,7066.0,4079,86718.0,2304.0,161.0,2119.0,2076.0,670,233,940,205,98,84,2,275.0,264,4
2023,HH2023000658,71.6598,G1,4,G2,34,1,G2,68826.0,28094.0,40038.0,39576.0,5587.0,4377,63239.0,63.0,1134.0,0.0,1121.0,253,64,1072,310,130,77,2,166.0,367,5
2023,HH2023000659,259.6575,G2,4,G1,47,1,G2,92249.0,12499.0,78356.0,77413.0,32976.0,20594,59273.0,5789.0,1764.0,5510.0,1169.0,443,222,2155,350,254,235,2,285.0,379,4
2023,HH2023000660,190.1822,G2,5,G1,40,1,G3,13556.0,11840.0,1087.0,0.0,22696.0,20414,0.0,12.0,811.0,0.0,158.0,36,17,1211,217,205,219,1,202.0,438,3
2023,HH2023000661,176.1663,G2,5,G1,74,1,G2,58491.0,9646.0,48245.0,46885.0,37027.0,29351,21464.0,531.0,1595.0,34.0,3196.0,1220,535,2697,797,570,275,2,260.0,439,3
2023,HH2023000662,292.1387,G1,1,G2,32,3,G3,17778.0,7056.0,8639.0,7127.0,17439.0,12837,339.0,7923.0,1812.0,7854.0,3757.0,913,422,2675,325,386,193,1,111.0,218,4
2023,HH2023000663,133.6264,G1,2,G1,42,1,G1,31312.0,22464.0,8614.0,7644.0,8053.0,6819,23259.0,6900.0,1739.0,6795.0,1993.0,794,379,1256,325,153,161,1,155.0,295,5
2023,HH2023000664,272.6948,G1,3,G1,65,1,G3,153779.0,21433.0,128427.0,127797.0,24343.0,17909,129436.0,5660.0,1017.0,4382.0,2144.0,688,200,1899,194,372,377,1,286.0,482,2
2023,HH2023000665,229.922,G1,2,G2,71,2,G2,44539.0,24041.0,18058.0,16740.0,37182.0,26811,7357.0,6684.0,1396.0,6599.0,3703.0,803,414,1332,262,193,104,2,277.0,306,2
2023,HH2023000666,282.132,G2,4,G2,60,1,G2,101228.0,5021.0,95585.0,95334.0,21303.0,12673,79925.0,602.0,1051.0,0.0,2045.0,435,335,1362,177,253,227,2,214.0,273,2
2023,HH2023000667,276.9505,G2,5,G2,81,1,G1,73981.0,14737.0,59023.0,57675.0,714.0,550,73267.0,711.0,1348.0,0.0,2490.0,535,252,2175,478,522,377,2,106.0,388,1
2023,HH2023000668,297.7575,G2,2,G1,85,1,G3,124202.0,6658.0,118419.0,116627.0,12144.0,7891,112058.0,2406.0,1134.0,1708.0,1712.0,544,179,1232,319,177,135,2,111.0,258,4
2023,HH2023000669,82.9192,G2,5,G2,37,1,G2,37233.0,26790.0,10497.0,9079.0,36998.0,19136,235.0,190.0,1050.0,0.0,2057.0,744,409,873,93,154,124,2,184.0,244,5
2023,HH2023000670,249.0041,G1,5,G1,87,2,G3,144517.0,8022.0,135535.0,134668.0,20733.0,17134,123784.0,0.0,873.0,0.0,2087.0,585,278,1147,152,253,131,2,279.0,439,4
2023,HH2023000671,251.1236,G1,5,G2,66,1,G2,109699.0,4317.0,106374.0,104728.0,38077.0,19828,71622.0,450.0,1305.0,0.0,2844.0,821,436,2823,475,575,252,1,175.0,235,1
2023,HH2023000672,211.0934,G1,1,G1,68,1,G3,84558.0,17095.0,68455.0,67391.0,20370.0,15662,64188.0,4352.0,1502.0,4172.0,2416.0,767,353,1148,173,244,130,1,276.0,467,2
2023,HH2023000673,119.7152,G1,2,G1,35,2,G2,59619.0,26372.0,32134.0,31053.0,482.0,271,59137.0,6829.0,1838.0,5383.0,2015.0,617,350,1409,248,304,90,1,207.0,274,5
2023,HH2023000674,291.2871,G1,1,G1,67,5,G3,177546.0,27471.0,148275.0,146571.0,34922.0,23503,142624.0,5879.0,1226.0,4464.0,303.0,102,54,2072,601,375,323,2,126.0,232,1
2023,HH2023000675,101.1055,G1,1,G2,73,1,G2,49706.0,2882.0,45696.0,45310.0,30520.0,25747,19186.0,1877.0,201.0,1664.0,3618.0,1064,486,752,90,135,131,2,212.0,422,4
2023,HH2023000676,174.8938,G1,1,G1,64,1,G2,87654.0,9776.0,75135.0,73576.0,28609.0,15384,59045.0,3762.0,1174.0,3680.0,3553.0,1217,334,1171,216,243,112,2,172.0,252,3
2023,HH2023000677,180.3718,G2,3,G1,35,1,G2,65569.0,4605.0,60477.0,59118.0,38808.0,29760,26761.0,4386.0,631.0,3314.0,737.0,294,39,936,179,191,126,2,,309,5
2023,HH2023000678,90.4573,G1,1,G2,61,3,G2,48320.0,9235.0,35640.0,34582.0,7847.0,5846,40473.0,6143.0,53.0,6027.0,1173.0,316,166,2810,438,563,238,1,235.0,305,3
2023,HH2023000679,230.6322,G1,2,G2,86,3,G2,79685.0,16015.0,62645.0,62491.0,36236.0,30692,43449.0,3409.0,144.0,2508.0,3893.0,788,676,2831,440,445,195,2,140.0,352,3
2023,HH2023000680,72.2168,G1,5,G1,73,3,G2,33835.0,8417.0,24253.0,22722.0,9304.0,5294,24531.0,0.0,1182.0,0.0,1284.0,289,150,2389,580,535,357,2,281.0,342,4
2023,HH2023000681,223.2744,G2,5,G2,38,1,G2,6089.0,2025.0,686.0,249.0,38828.0,31835,0.0,6364.0,1889.0,5329.0,3248.0,1009,242,1117,249,151,78,1,260.0,258,5
2023,HH2023000682,262.1539,G2,5,G2,87,1,G3,59093.0,15300.0,45288.0,43498.0,7657.0,5207,51436.0,7091.0,1011.0,6744.0,3142.0,844,292,2041,535,251,341,2,256.0,270,3
2023,HH2023000683,137.3491,G1,1,G1,87,3,G2,23044.0,1584.0,18394.0,16810.0,22012.0,14780,1032.0,3911.0,890.0,3767.0,3442.0,1335,435,2155,390,327,195,2,115.0,258,4
2023,HH2023000684,227.3552,G1,4,G2,40,1,G3,70840.0,6800.0,62943.0,62216.0,31573.0,20355,39267.0,224.0,177.0,125.0,64.0,20,11,2673,591,369,461,1,292.0,216,5
2023,HH2023000685,89.1935,G2,4,G2,78,5,G1,131918.0,15.0,130284.0,129414.0,3126.0,2045,128792.0,4005.0,1350.0,3723.0,1931.0,587,146,890,248,177,93,1,198.0,395,3
2023,HH2023000686,261.4873,G2,1,G1,54,1,G2,30131.0,2604.0,24436.0,24385.0,2668.0,1888,27463.0,7114.0,110.0,6303.0,2262.0,813,320,2340,632,315,246,1,246.0,341,4
2023,HH2023000687,288.0079,G2,5,G1,65,1,G3,16487.0,13089.0,1180.0,184.0,33991.0,18447,0.0,7912.0,1682.0,7798.0,3348.0,842,545,985,279,195,160,2,138.0,232,2
2023,HH2023000688,88.1734,G2,3,G1,56,1,G2,42303.0,25521.0,16779.0,16664.0,2417.0,1619,39886.0,3208.0,1632.0,2005.0,897.0,326,170,1921,295,339,243,2,253.0,299,2
2023,HH2023000689,222.9649,G2,5,G1,76,1,G2,103798.0,23238.0,78199.0,76225.0,24553.0,18679,79245.0,1201.0,1982.0,295.0,1227.0,246,82,2698,801,331,216,2,163.0,400,1
2023,HH2023000690,176.4578,G2,1,G2,89,3,G2,47307.0,2964.0,42505.0,41225.0,37528.0,26242,9779.0,4577.0,568.0,4132.0,719.0,232,135,655,172,90,116,1,241.0,285,4
2023,HH2023000691,182.8748,G1,4,G2,77,1,G2,79464.0,1045.0,73895.0,73425.0,24589.0,13925,54875.0,6645.0,323.0,5166.0,3047.0,1179,427,870,225,155,87,2,155.0,320,2
2023,HH2023000692,226.6224,G2,1,G2,85,2,G2,16886.0,10142.0,5994.0,4387.0,19240.0,12414,0.0,7560.0,599.0,6573.0,3995.0,1428,659,2532,591,531,165,2,286.0,423,5
2023,HH2023000693,172.1851,G1,5,G1,86,2,G1,72598.0,19567.0,50003.0,49964.0,16690.0,11302,55908.0,413.0,1599.0,0.0,561.0,207,32,546,161,87,61,2,241.0,401,5
2023,HH2023000694,200.0816,G2,4,G1,35,3,G3,86126.0,22401.0,62618.0,61520.0,25526.0,19592,60600.0,2324.0,437.0,2064.0,932.0,260,117,2212,416,298,301,2,190.0,410,5
2023,HH2023000695,107.7253,G1,1,G1,45,2,G2,93840.0,24693.0,64921.0,64699.0,22873.0,19677,70967.0,3821.0,1774.0,2755.0,1228.0,448,176,1753,435,252,248,2,191.0,314,2
2023,HH2023000696,144.6266,G1,2,G2,73,5,G2,97100.0,10266.0,82781.0,82673.0,20070.0,14453,77030.0,786.0,308.0,0.0,3556.0,1102,341,1366,327,156,239,2,100.0,345,4
2023,HH2023000697,266.3101,G2,2,G1,65,3,G2,126670.0,5040.0,117576.0,117087.0,6143.0,4733,120527.0,7090.0,97.0,5614.0,1782.0,576,204,2656,654,275,348,2,159.0,453,4
2023,HH2023000698,77.4756,G2,1,G2,33,1,G1,73395.0,790.0,70672.0,70084.0,26506.0,14071,46889.0,897.0,438.0,181.0,1127.0,238,150,2622,656,644,219,1,257.0,461,3
2023,HH2023000699,199.3938,G1,1,G2,35,3,G1,134542.0,4405.0,127631.0,126180.0,29590.0,26092,104952.0,5321.0,1508.0,4304.0,1289.0,309,171,1314,181,150,117,2,266.0,216,3
2023,HH2023000700,96.0718,G2,5,G1,61,5,G4,83207.0,1954.0,81241.0,79460.0,28354.0,17751,54853.0,7349.0,1204.0,6838.0,2392.0,741,134,511,86,60,33,2,299.0,451,3
2023,HH2023000701,261.6349,G1,5,G2,66,1,G2,67180.0,25824.0,40603.0,39052.0,3000.0,1925,64180.0,5481.0,709.0,5421.0,1548.0,327,179,820,146,189,131,1,117.0,467,2
2023,HH2023000702,194.761,G1,3,G2,40,2,G1,46205.0,8052.0,35831.0,34352.0,28115.0,16563,18090.0,6105.0,1312.0,5914.0,561.0,195,46,768,191,153,50,1,150.0,482,3
2023,HH2023000703,150.7622,G2,5,G2,40,1,G3,73471.0,24693.0,49503.0,48373.0,29191.0,15584,44280.0,2106.0,1297.0,806.0,3280.0,1207,615,2955,718,488,416,2,253.0,280,5
2023,HH2023000704,112.4562,G1,4,G2,37,2,G2,109765.0,16594.0,90361.0,89619.0,7336.0,5986,102429.0,6619.0,1109.0,5512.0,1688.0,648,331,1992,531,393,277,1,172.0,350,2
2023,HH2023000705,159.2112,G1,1,G1,63,1,G1,52619.0,16168.0,36882.0,36372.0,33959.0,20246,18660.0,,1028.0,2801.0,1026.0,226,97,2191,564,526,367,1,149.0,212,1
2023,HH2023000706,289.4031,G2,4,G2,30,3,G2,153672.0,13643.0,139017.0,137126.0,20953.0,12845,132719.0,490.0,202.0,0.0,2913.0,1130,222,1077,236,123,65,2,156.0,232,1
2023,HH2023000707,177.3023,G1,1,G1,64,1,G2,98940.0,24575.0,73022.0,71979.0,18898.0,10823,80042.0,2932.0,519.0,2926.0,2981.0,636,247,2626,336,358,211,1,283.0,368,3
2023,HH2023000708,167.3724,G1,5,G2,58,2,G2,133136.0,1303.0,130618.0,129490.0,28909.0,25727,104227.0,2798.0,1055.0,2743.0,620.0,182,75,2306,523,528,429,1,271.0,261,2
2023,HH2023000709,236.5685,G1,2,G1,57,1,G3,107741.0,2782.0,102517.0,102488.0,20393.0,16567,87348.0,4171.0,270.0,3411.0,294.0,108,53,2380,660,516,323,1,101.0,267,3
2023,HH2023000710,144.7618,G2,1,G2,70,2,G2,65162.0,12701.0,50917.0,50002.0,21789.0,18999,43373.0,2118.0,951.0,1181.0,181.0,38,22,1670,381,416,198,1,268.0,289,5
2023,HH2023000711,156.856,G1,2,G2,61,1,G2,48107.0,11834.0,35600.0,34237.0,12488.0,10548,35619.0,3697.0,233.0,2292.0,3062.0,623,178,2245,626,330,364,2,211.0,337,1
2023,HH2023000712,134.2369,G1,4,G1,73,2,G2,18623.0,16367.0,990.0,0.0,37115.0,32012,0.0,3423.0,1574.0,2284.0,2502.0,512,140,1860,557,449,344,2,268.0,245,1
2023,HH2023000713,87.7299,G2,5,G1,75,1,G3,74583.0,22133.0,50838.0,49610.0,38778.0,26819,35805.0,2615.0,206.0,2230.0,3168.0,957,266,1461,251,221,130,1,224.0,440,2
2023,HH2023000714,228.4523,G1,3,G2,85,1,G2,58473.0,17626.0,38649.0,37030.0,5217.0,2964,53256.0,5569.0,185.0,4347.0,2505.0,907,441,1986,485,411,367,2,237.0,400,3
2023,HH2023000715,268.2577,G1,1,G1,77,1,G3,150040.0,7723.0,139600.0,139557.0,29324.0,18496,120716.0,2443.0,1275.0,1706.0,1606.0,362,230,1310,272,304,86,2,215.0,437,4
2023,HH2023000716,276.3982,G2,5,G2,61,4,G2,85424.0,9818.0,74202.0,72394.0,933.0,575,84491.0,6126.0,441.0,4887.0,2358.0,530,317,2882,550,362,566,1,246.0,477,1
2023,HH2023000717,270.2007,G2,4,G2,59,1,G3,34037.0,22569.0,8919.0,7285.0,14759.0,11613,19278.0,2006.0,702.0,1746.0,2889.0,906,282,2292,339,299,171,2,263.0,380,1
2023,HH2023000718,162.946,G1,3,G1,44,2,G2,85206.0,6044.0,75054.0,74215.0,38799.0,19797,46407.0,6919.0,628.0,6880.0,1595.0,393,302,2347,350,439,211,1,201.0,308,1
2023,HH2023000719,121.0165,G2,3,G2,65,1,G2,84783.0,15125.0,70641.0,69115.0,6992.0,3893,77791.0,2920.0,433.0,2834.0,3660.0,1266,364,2291,313,519,147,1,122.0,493,5
2023,HH2023000720,209.4809,G2,5,G2,38,3,G1,149322.0,16163.0,129728.0,129595.0,15079.0,11658,134243.0,0.0,1523.0,0.0,3598.0,1402,630,1620,366,181,276,1,118.0,369,1
2023,HH2023000721,288.6762,G1,2,G2,85,1,G3,130365.0,22507.0,107349.0,106733.0,8783.0,4825,121582.0,1199.0,1383.0,1079.0,3202.0,1130,590,2876,369,654,568,1,183.0,339,4
2023,HH2023000722,231.7627,G2,1,G1,80,1,G2,51116.0,21430.0,28918.0,28703.0,29128.0,15126,21988.0,6450.0,477.0,5041.0,3969.0,1490,486,1019,189,154,96,2,194.0,324,3
2023,HH2023000723,173.7121,G2,1,G1,37,1,G2,40473.0,13940.0,23838.0,22568.0,18556.0,10088,21917.0,6976.0,1373.0,5886.0,1561.0,474,287,1921,393,309,189,2,272.0,211,1
2023,HH2023000724,222.2021,G2,4,G1,77,1,G2,100156.0,9274.0,92251.0,90539.0,23724.0,18416,76432.0,1695.0,1426.0,1476.0,456.0,167,41,673,126,101,61,2,106.0,486,3
2023,HH2023000725,243.1345,G2,5,G2,37,1,G1,22382.0,11037.0,8308.0,7106.0,37702.0,20952,0.0,4816.0,1078.0,3520.0,1936.0,458,288,1236,334,292,90,1,277.0,445,2
2023,HH2023000726,279.8173,G2,4,G2,73,1,G4,64051.0,12347.0,49275.0,47852.0,20842.0,11640,43209.0,4594.0,1156.0,4378.0,2983.0,637,188,1936,365,231,325,2,111.0,409,3
2023,HH2023000727,240.8039,G2,4,G2,35,1,G3,32279.0,6575.0,21016.0,20730.0,29365.0,17387,2914.0,1070.0,1869.0,856.0,3117.0,1032,377,1723,200,320,101,2,199.0,266,1
2023,HH2023000728,158.2976,G2,2,G1,59,5,G2,25185.0,18762.0,4952.0,3084.0,3916.0,3134,21269.0,3615.0,907.0,2752.0,1554.0,326,128,2852,851,348,556,1,184.0,478,4
2023,HH2023000729,118.4016,G2,3,G2,69,1,G2,148438.0,6251.0,138209.0,137823.0,8609.0,4994,139829.0,5550.0,770.0,5118.0,1170.0,442,69,2034,547,486,384,2,211.0,252,4
2023,HH2023000730,174.9704,G2,1,G2,73,4,G2,33525.0,19460.0,14525.0,13473.0,37874.0,19472,0.0,7737.0,1078.0,7301.0,1781.0,602,90,1528,354,335,103,2,108.0,272,1
2023,HH2023000731,132.0445,G2,2,G2,55,1,G2,28381.0,22544.0,2754.0,1388.0,34382.0,29649,0.0,6781.0,1671.0,6489.0,3215.0,1255,317,1566,393,211,202,1,252.0,221,3
2023,HH2023000732,285.6911,G2,4,G1,85,1,G1,169589.0,28855.0,141646.0,139933.0,26267.0,22340,143322.0,782.0,1419.0,0.0,242.0,63,33,2028,254,293,403,2,126.0,286,4
2023,HH2023000733,176.9915,G1,5,G2,76,1,G2,33386.0,3567.0,30115.0,28248.0,15128.0,8682,18258.0,1900.0,150.0,1860.0,1312.0,389,155,2477,627,389,440,1,255.0,298,1
2023,HH2023000734,168.0141,G1,5,G1,42,1,G2,145914.0,22791.0,123680.0,122483.0,7992.0,4844,137922.0,3493.0,918.0,3126.0,919.0,320,87,1191,168,191,187,2,213.0,438,4
2023,HH2023000735,137.0491,G2,5,G1,70,1,G2,9279.0,2579.0,5844.0,4692.0,34068.0,19603,0.0,1204.0,1479.0,374.0,3223.0,801,640,1961,387,436,104,1,277.0,297,3
2023,HH2023000736,209.8517,G1,1,G2,73,3,G2,36894.0,10117.0,23867.0,23033.0,31412.0,24746,5482.0,4565.0,447.0,3836.0,1878.0,579,358,1936,262,357,116,1,295.0,486,2
2023,HH2023000737,180.0128,G2,5,G2,50,2,G1,23222.0,5288.0,17729.0,16594.0,9667.0,5800,13555.0,,1976.0,0.0,347.0,115,23,523,131,85,88,2,268.0,290,3
2023,HH2023000738,82.2622,G2,2,G1,74,2,G4,114917.0,4868.0,107288.0,105939.0,23593.0,20586,91324.0,908.0,1616.0,584.0,1047.0,414,117,2781,414,578,296,2,190.0,357,4
2023,HH2023000739,267.302,G2,4,G2,83,1,G1,8291.0,5260.0,1293.0,0.0,24746.0,20565,0.0,378.0,1693.0,0.0,177.0,61,26,1924,289,324,289,1,182.0,377,4
2023,HH2023000740,139.7532,G1,5,G2,79,1,G1,75787.0,1318.0,72509.0,71325.0,19098.0,14043,56689.0,2363.0,163.0,1224.0,1902.0,425,304,1105,134,131,177,2,232.0,448,4
2023,HH2023000741,158.1446,G2,5,G1,75,2,G2,65632.0,24693.0,37126.0,36245.0,37066.0,18665,28566.0,6098.0,1159.0,5516.0,3990.0,1177,418,2084,508,242,236,2,229.0,425,1
2023,HH2023000742,101.4168,G1,4,G2,68,1,G2,17320.0,1833.0,13719.0,13328.0,4964.0,4236,12356.0,1418.0,1055.0,1033.0,2268.0,720,367,2194,349,326,156,2,258.0,460,4
2023,HH2023000743,188.3496,G2,2,G1,46,1,G1,99059.0,11955.0,85489.0,85381.0,10315.0,8160,88744.0,7897.0,1253.0,7065.0,3477.0,797,238,2788,567,530,301,2,196.0,481,1
2023,HH2023000744,225.5138,G1,3,G1,77,1,G2,60553.0,20974.0,35448.0,34607.0,3801.0,3098,56752.0,2156.0,1700.0,1288.0,2970.0,850,296,585,97,70,105,2,192.0,235,4
2023,HH2023000745,270.2913,G2,4,G1,51,1,G2,121025.0,29711.0,89322.0,88529.0,27717.0,14654,93308.0,0.0,706.0,0.0,3531.0,906,556,1534,391,279,152,2,123.0,228,2
2023,HH2023000746,62.9019,G2,3,G2,61,2,G1,131804.0,25611.0,104336.0,103120.0,25760.0,20181,106044.0,2683.0,1067.0,1836.0,1244.0,278,178,950,138,133,56,1,133.0,334,1
2023,HH2023000747,293.333,G2,3,G1,48,1,G4,133012.0,4116.0,129215.0,127415.0,39492.0,32455,93520.0,5984.0,1358.0,5753.0,3805.0,1150,668,1936,557,395,375,2,264.0,245,4
2023,HH2023000748,225.9544,G2,3,G1,48,1,G2,104806.0,29632.0,75500.0,74097.0,21692.0,19146,83114.0,853.0,1506.0,0.0,954.0,222,54,1754,288,182,266,1,297.0,348,3
2023,HH2023000749,121.0747,G1,3,G2,39,4,G2,21165.0,19606.0,2320.0,711.0,6023.0,4409,15142.0,574.0,1540.0,0.0,1753.0,557,133,1687,203,287,221,1,220.0,376,4
2023,HH2023000750,101.1187,G1,1,G2,87,5,G1,48604.0,5387.0,43256.0,42100.0,18035.0,12682,30569.0,6794.0,673.0,5989.0,2725.0,637,156,2955,437,318,515,2,168.0,282,2
2023,HH2023000751,124.022,G1,5,G2,38,1,G2,142441.0,13461.0,129859.0,128005.0,3536.0,2369,138905.0,4737.0,1996.0,3595.0,1147.0,395,90,1829,209,273,204,1,111.0,229,2
2023,HH2023000752,268.9314,G2,1,G2,35,1,G3,111256.0,27536.0,81866.0,79987.0,26836.0,20945,84420.0,2745.0,19.0,2281.0,1057.0,252,53,1527,295,156,301,2,108.0,489,4
2023,HH2023000753,122.8475,G2,5,G1,86,3,G1,104943.0,11787.0,93172.0,92867.0,26967.0,23416,77976.0,6048.0,984.0,4664.0,520.0,197,65,668,100,113,119,2,235.0,311,2
2023,HH2023000754,165.7053,G1,1,G1,63,1,G1,77328.0,5509.0,69951.0,68673.0,34306.0,25383,43022.0,6754.0,1217.0,5535.0,16.0,3,2,1224,339,263,112,2,228.0,451,5
2023,HH2023000755,226.4345,G1,3,G2,56,1,G2,55409.0,26252.0,25422.0,24411.0,13589.0,8029,41820.0,2873.0,122.0,1498.0,2004.0,610,297,2743,557,315,289,2,156.0,387,4
2023,HH2023000756,267.9975,G1,3,G2,74,1,G1,166921.0,28589.0,136449.0,134505.0,12404.0,6289,154517.0,4489.0,902.0,3377.0,3947.0,1042,425,1629,238,342,148,2,137.0,398,5
2023,HH2023000757,214.6428,G2,3,G1,52,1,G4,147221.0,29267.0,117109.0,115940.0,2849.0,2130,144372.0,87.0,1191.0,0.0,880.0,215,44,2776,528,520,413,2,113.0,434,1
2023,HH2023000758,238.2773,G1,3,G1,37,5,G2,178245.0,28671.0,149308.0,149277.0,16606.0,14046,161639.0,2449.0,1215.0,1662.0,1760.0,518,265,1831,254,321,267,1,236.0,279,3
2023,HH2023000759,93.3317,G1,5,G1,73,3,G2,158678.0,26185.0,128742.0,128323.0,19012.0,10007,139666.0,4761.0,238.0,3369.0,3742.0,1378,217,1870,253,355,240,1,221.0,265,3
2023,HH2023000760,269.352,G1,1,G1,40,5,G4,57318.0,13634.0,43928.0,43669.0,30179.0,19888,27139.0,1576.0,555.0,304.0,3089.0,1183,555,1574,252,236,306,2,166.0,499,5
2023,HH2023000761,118.9298,G1,5,G2,63,3,G3,47314.0,5769.0,38540.0,38139.0,30150.0,26411,17164.0,7929.0,489.0,7304.0,16.0,4,0,1891,230,390,228,2,246.0,400,3
2023,HH2023000762,82.0945,G1,4,G2,86,2,G3,59139.0,18514.0,37462.0,37271.0,5610.0,3930,53529.0,7769.0,1279.0,7641.0,2002.0,462,259,666,91,144,111,2,269.0,287,5
2023,HH2023000763,294.0611,G1,4,G1,86,3,G2,145401.0,6623.0,139383.0,137819.0,11404.0,6708,133997.0,2060.0,657.0,2055.0,572.0,196,105,643,184,139,95,1,203.0,393,2
2023,HH2023000764,100.41,G2,1,G2,51,2,G2,101433.0,14194.0,84528.0,83540.0,20458.0,13123,80975.0,3170.0,1142.0,2820.0,988.0,312,134,1689,394,237,215,1,152.0,318,5
2023,HH2023000765,84.163,G2,1,G2,76,1,G2,88727.0,19682.0,69511.0,68168.0,13401.0,8888,75326.0,1515.0,1462.0,1422.0,985.0,236,139,1994,566,394,112,2,101.0,457,3
2023,HH2023000766,206.5052,G1,2,G1,66,1,G2,174764.0,28397.0,147238.0,145239.0,1021.0,558,173743.0,4031.0,1594.0,3714.0,2449.0,862,372,1877,284,229,278,2,259.0,352,5
2023,HH2023000767,129.7158,G2,2,G1,58,1,G2,103244.0,8672.0,91807.0,90513.0,33827.0,25854,69417.0,991.0,367.0,827.0,795.0,241,54,1572,426,274,230,2,215.0,294,2
2023,HH2023000768,83.3373,G1,4,G2,38,1,G1,148866.0,7557.0,137372.0,136414.0,29250.0,21553,119616.0,3127.0,1807.0,1656.0,1007.0,332,152,1235,212,123,84,2,169.0,407,2
2023,HH2023000769,200.2803,G2,5,G1,52,1,G2,171061.0,22041.0,148230.0,147697.0,20802.0,15790,150259.0,4442.0,331.0,4299.0,903.0,245,164,2272,292,293,384,2,101.0,425,3
2023,HH2023000770,239.7463,G2,3,G2,69,1,G2,16715.0,193.0,13425.0,11916.0,12699.0,9452,4016.0,4894.0,43.0,3954.0,1427.0,410,279,2011,524,391,241,1,262.0,311,3
2023,HH2023000771,248.2996,G1,4,G2,89,2,G2,75788.0,16992.0,55243.0,54230.0,33709.0,17079,42079.0,4771.0,89.0,4244.0,2624.0,619,305,617,69,142,60,2,285.0,425,1
2023,HH2023000772,88.8782,G2,1,G2,30,1,G1,136344.0,22377.0,111633.0,110120.0,1411.0,803,134933.0,1771.0,402.0,1510.0,1599.0,561,162,1630,294,174,282,1,196.0,270,4
2023,HH2023000773,189.2168,G2,4,G2,73,1,G2,139200.0,16527.0,122019.0,121973.0,17855.0,10110,121345.0,6338.0,1746.0,5287.0,1310.0,303,213,2277,600,418,231,1,153.0,271,3
2023,HH2023000774,253.4196,G2,1,G2,80,1,G2,35287.0,11518.0,22598.0,22272.0,32038.0,17274,3249.0,5533.0,415.0,4078.0,2070.0,736,272,2460,549,480,352,2,223.0,447,1
2023,HH2023000775,90.2718,G1,4,G2,87,1,G2,76003.0,24856.0,48018.0,47759.0,38119.0,30273,37884.0,6024.0,1387.0,4839.0,2460.0,884,217,1217,247,291,173,1,274.0,386,3
2023,HH2023000776,101.9206,G1,2,G1,55,5,G2,98352.0,11131.0,83587.0,82225.0,10056.0,5511,88296.0,3742.0,836.0,2280.0,61.0,21,4,2812,480,557,162,1,217.0,210,4
2023,HH2023000777,50.6028,G1,3,G2,37,1,G2,145269.0,21315.0,120918.0,119882.0,26031.0,19973,119238.0,7140.0,79.0,6255.0,3561.0,726,268,2129,244,245,241,2,102.0,402,1
2023,HH2023000778,181.1585,G2,2,G2,46,1,G1,32970.0,13924.0,17578.0,16945.0,7587.0,4334,25383.0,3118.0,888.0,2108.0,3665.0,933,435,1594,475,194,132,2,139.0,291,5
2023,HH2023000779,98.6704,G2,3,G2,81,1,G2,92083.0,797.0,90729.0,90110.0,4635.0,2536,87448.0,6446.0,56.0,6227.0,2410.0,707,181,2067,278,403,165,2,119.0,282,4
2023,HH2023000780,231.0606,G1,5,G2,82,3,G1,65182.0,15915.0,45679.0,44466.0,14120.0,7977,51062.0,1628.0,952.0,350.0,2298.0,733,121,2678,404,354,396,2,182.0,327,2
2023,HH2023000781,290.5535,G2,5,G1,68,2,G2,35317.0,1483.0,34384.0,32453.0,35403.0,24901,0.0,0.0,1117.0,0.0,2778.0,1066,160,1067,157,255,55,1,190.0,335,4
2023,HH2023000782,102.1889,G1,2,G2,37,1,G4,106948.0,27928.0,79299.0,77309.0,27579.0,20910,79369.0,4213.0,1042.0,3832.0,1763.0,485,334,875,246,208,170,2,207.0,467,5
2023,HH2023000783,212.2743,G1,2,G2,37,1,G1,84971.0,18046.0,63045.0,62103.0,19570.0,16140,65401.0,4447.0,565.0,3915.0,1462.0,548,89,1601,404,387,175,1,251.0,330,5
2023,HH2023000784,102.9586,G2,3,G2,58,3,G2,109324.0,11160.0,96697.0,95356.0,11312.0,6237,98012.0,5969.0,1533.0,5053.0,1410.0,328,85,709,135,102,67,2,122.0,289,4
2023,HH2023000785,54.5017,G2,4,G2,65,4,G2,63552.0,14585.0,47812.0,47645.0,5665.0,4228,57887.0,2379.0,1193.0,2360.0,638.0,174,75,2589,753,537,486,1,288.0,432,2
2023,HH2023000786,239.6385,G2,1,G2,31,1,G2,142092.0,18575.0,125381.0,123491.0,10830.0,8767,131262.0,6981.0,509.0,5755.0,3364.0,707,291,2926,323,583,359,1,152.0,362,1
2023,HH2023000787,158.5012,G2,4,G2,71,1,G1,21670.0,7805.0,11751.0,11716.0,6107.0,3816,15563.0,2638.0,869.0,2218.0,1282.0,446,249,2013,561,212,286,1,204.0,200,2
2023,HH2023000788,286.6967,G2,5,G1,62,1,G1,142862.0,8651.0,129965.0,129281.0,7483.0,3980,135379.0,4273.0,217.0,4161.0,1137.0,261,212,2949,330,412,455,2,142.0,389,5
2023,HH2023000789,183.5715,G2,5,G1,30,1,G3,19196.0,12559.0,5925.0,4475.0,27501.0,15465,0.0,7455.0,1846.0,6960.0,3857.0,969,427,671,119,87,121,1,171.0,350,2
2023,HH2023000790,89.3707,G1,3,G2,35,3,G1,121638.0,7757.0,112323.0,110384.0,5307.0,2847,116331.0,4315.0,1506.0,3062.0,2026.0,719,237,2081,230,323,144,2,266.0,372,2
2023,HH2023000791,162.4436,G2,2,G2,57,5,G2,75973.0,22737.0,52314.0,51971.0,1894.0,1619,74079.0,5455.0,575.0,5044.0,2487.0,763,264,1607,481,390,100,2,108.0,255,5
2023,HH2023000792,100.7229,G2,2,G2,73,5,G3,64492.0,3114.0,58822.0,57500.0,21693.0,14115,42799.0,7268.0,1349.0,6460.0,981.0,198,54,1193,337,270,237,2,196.0,343,2
2023,HH2023000793,269.5073,G1,4,G1,79,3,G2,28676.0,24798.0,375.0,0.0,11463.0,8131,17213.0,7796.0,1358.0,6579.0,1110.0,222,104,1279,277,184,65,2,216.0,394,3
2023,HH2023000794,222.7258,G1,3,G1,55,1,G2,13496.0,10455.0,100.0,0.0,18189.0,14687,0.0,3995.0,1219.0,3945.0,2913.0,880,199,1862,267,334,290,1,213.0,403,2
2023,HH2023000795,135.3097,G1,1,G1,47,5,G1,45518.0,16836.0,25670.0,24823.0,5591.0,3626,39927.0,3335.0,108.0,2196.0,1803.0,470,117,2104,326,271,298,2,176.0,404,2
2023,HH2023000796,181.9551,G1,4,G2,88,1,G2,106499.0,4732.0,100026.0,98873.0,8399.0,6380,98100.0,1575.0,1757.0,1142.0,590.0,139,79,910,172,128,120,2,175.0,499,3
2023,HH2023000797,217.37,G2,1,G2,57,1,G2,122229.0,11561.0,109305.0,108777.0,17643.0,9362,104586.0,4299.0,1911.0,3256.0,3342.0,1078,216,2036,335,223,341,2,281.0,350,4
2023,HH2023000798,245.7144,G1,5,G2,48,2,G4,153111.0,22637.0,128731.0,126785.0,27600.0,19109,125511.0,7346.0,1948.0,7064.0,1611.0,395,105,2816,293,553,560,2,148.0,328,2
2023,HH2023000799,70.0368,G2,3,G1,56,1,G2,118508.0,8120.0,107446.0,106213.0,16574.0,8926,101934.0,3896.0,1961.0,3688.0,2673.0,851,326,525,121,104,29,1,196.0,362,1
