조사연도,MD제공용_가구고유번호,가중값,수도권여부,가구원수,노인가구여부,가구주_만연령,입주형태코드,주택종류통합코드,자산,자산_금융자산,자산_실물자산,자산_실물자산_부동산_거주주택금액,부채,부채_금융부채_담보대출금액,순자산,경상소득(보완),경상소득_공적이전소득(보완),처분가능소득(보완)[경상소득(보완)-비소비지출(보완)],지출_소비지출비,지출_소비지출_식료품(외식비포함),지출_소비지출_의료비,지출_비소비지출(보완),지출_비소비지출_세금(보완),지출_비소비지출_공적연금사회보험료(보완),지출_비소비지출_연간지급이자(조사2),가구주_은퇴여부,가구주_미은퇴_최소생활비,가구주_미은퇴_적정생활비,가구주_은퇴_적정생활비충당여부
2024,HH2024000000,129.242,G2,5,G2,77,3,G2,54567.0,4380.0,51341.0,49740.0,4743.0,3435,49824.0,1087.0,721.0,0.0,2885.0,708,284,2346,485,484,167,2,106.0,364,3
2024,HH2024000001,148.8212,G2,3,G2,49,1,G4,28420.0,3939.0,22274.0,21247.0,7426.0,6187,20994.0,5421.0,78.0,5019.0,3025.0,716,220,2213,447,276,218,1,135.0,372,3
2024,HH2024000002,260.5651,G1,5,G1,66,2,G3,137420.0,1780.0,137026.0,135102.0,23129.0,14948,114291.0,5907.0,775.0,5141.0,2160.0,435,427,1073,268,171,131,1,120.0,265,2
2024,HH2024000003,71.5224,G2,1,G2,63,2,G1,110341.0,18421.0,90792.0,90627.0,16244.0,9959,94097.0,2491.0,893.0,2116.0,1078.0,220,91,589,148,133,112,1,144.0,316,5
2024,HH2024000004,123.6691,G2,2,G2,40,1,G2,129674.0,9427.0,116394.0,115884.0,29575.0,18589,100099.0,1700.0,905.0,752.0,312.0,87,45,1899,315,457,125,1,197.0,435,4
2024,HH2024000005,182.889,G2,2,G2,75,1,G3,69903.0,22825.0,43349.0,42238.0,32171.0,21529,37732.0,6241.0,301.0,5590.0,1262.0,389,71,1106,188,164,186,2,223.0,413,4
2024,HH2024000006,257.226,G2,5,G1,67,1,G2,132901.0,22809.0,108700.0,107716.0,22344.0,11799,110557.0,1785.0,1618.0,1427.0,2174.0,686,130,1501,155,188,237,2,280.0,376,4
2024,HH2024000007,191.1542,G2,3,G2,42,2,G2,56963.0,5931.0,49868.0,49577.0,4185.0,2490,52778.0,1425.0,978.0,310.0,466.0,135,73,2279,279,235,218,1,275.0,363,4
2024,HH2024000008,172.4447,G1,1,G1,75,4,G3,89686.0,20825.0,68801.0,,146.0,110,89540.0,2723.0,878.0,1321.0,216.0,63,31,2742,418,326,455,1,116.0,310,4
2024,HH2024000009,290.5294,G2,4,G2,67,1,G3,121918.0,22935.0,98489.0,97773.0,9138.0,6296,112780.0,7732.0,1727.0,7690.0,867.0,303,131,1835,464,413,249,1,185.0,387,2
2024,HH2024000010,79.1026,G1,1,G2,81,1,G3,179651.0,29611.0,148527.0,147174.0,11292.0,6763,168359.0,3701.0,972.0,2850.0,282.0,72,23,2819,731,474,213,2,273.0,205,3
2024,HH2024000011,245.0165,G1,3,G1,79,1,G3,107514.0,21680.0,84644.0,83729.0,2946.0,2569,104568.0,2101.0,1784.0,1024.0,56.0,13,11,1172,175,168,108,2,133.0,221,1
2024,HH2024000012,81.7587,G1,5,G1,49,2,G1,117588.0,10786.0,107681.0,106510.0,31143.0,19253,86445.0,4109.0,444.0,3030.0,1941.0,719,259,2282,625,493,226,2,233.0,434,2
2024,HH2024000013,233.2069,G1,3,G1,86,1,G2,122245.0,29991.0,91012.0,89204.0,14683.0,8101,107562.0,2787.0,1701.0,2457.0,2980.0,1006,582,2949,516,645,290,2,185.0,252,2
2024,HH2024000014,185.7724,G1,3,G1,32,3,G3,75036.0,8275.0,64194.0,63543.0,29701.0,17218,45335.0,5316.0,1976.0,5145.0,1999.0,590,149,1039,269,160,168,2,133.0,415,2
2024,HH2024000015,116.1616,G1,1,G1,50,1,G2,167379.0,24159.0,141513.0,139885.0,8352.0,5166,159027.0,3510.0,1500.0,2740.0,365.0,93,40,2345,453,551,349,1,112.0,204,3
2024,HH2024000016,185.8343,G2,3,G1,66,1,G1,160153.0,11346.0,144666.0,144082.0,416.0,294,159737.0,4708.0,1784.0,3753.0,1355.0,308,135,1684,408,285,291,2,157.0,278,3
2024,HH2024000017,269.854,G2,5,G1,62,1,G1,78134.0,28050.0,47197.0,46564.0,5478.0,2884,72656.0,3490.0,1480.0,3056.0,142.0,29,23,2701,462,375,341,2,100.0,481,3
2024,HH2024000018,168.0459,G2,5,G2,43,3,G2,161203.0,23467.0,134423.0,134358.0,18811.0,15838,142392.0,3853.0,1200.0,3300.0,2487.0,921,403,1263,144,296,129,1,138.0,279,5
2024,HH2024000019,51.6446,G2,5,G2,41,2,G2,86731.0,17990.0,68376.0,67683.0,19187.0,16327,67544.0,3577.0,1527.0,2779.0,932.0,297,114,2901,437,356,174,2,209.0,494,2
2024,HH2024000020,64.1514,G1,2,G1,76,1,G3,119744.0,6428.0,112166.0,110994.0,17492.0,10973,102252.0,3151.0,1921.0,2476.0,1549.0,323,81,2495,597,622,422,1,257.0,281,1
2024,HH2024000021,208.1592,G2,1,G1,82,1,G2,85388.0,5653.0,78842.0,77563.0,38378.0,31090,47010.0,7710.0,1210.0,6985.0,3608.0,836,275,2262,641,434,138,2,201.0,390,4
2024,HH2024000022,219.4829,G2,2,G2,70,4,G2,148285.0,28432.0,115909.0,115049.0,26091.0,19304,122194.0,2126.0,1373.0,1103.0,2347.0,600,135,572,129,135,54,1,245.0,401,2
2024,HH2024000023,150.4437,G1,2,G1,61,4,G1,26421.0,24050.0,713.0,0.0,29277.0,24539,0.0,6443.0,158.0,4967.0,3059.0,772,541,706,179,89,106,2,114.0,390,5
2024,HH2024000024,110.6951,G2,1,G1,76,1,G3,82362.0,15376.0,63992.0,63544.0,4999.0,3053,77363.0,5679.0,1918.0,4485.0,1399.0,433,130,2156,221,341,354,1,160.0,288,4
2024,HH2024000025,228.9916,G2,4,G2,44,3,G2,134133.0,26322.0,106916.0,105108.0,18622.0,13856,115511.0,4223.0,1555.0,4211.0,3722.0,1041,251,1697,427,391,102,2,231.0,427,2
2024,HH2024000026,126.0403,G1,3,G2,88,4,G2,99880.0,23494.0,76870.0,76102.0,24856.0,13150,75024.0,2540.0,323.0,2016.0,2859.0,1076,294,1308,349,295,184,2,110.0,293,3
2024,HH2024000027,68.5029,G2,4,G1,37,1,G2,136168.0,11631.0,120470.0,119859.0,23391.0,11783,112777.0,3870.0,579.0,3856.0,2062.0,709,127,2604,475,600,183,1,216.0,444,5
2024,HH2024000028,152.4026,G1,1,G2,65,1,G1,56899.0,24817.0,30613.0,28732.0,37876.0,32190,19023.0,6796.0,450.0,5487.0,2317.0,885,456,1702,338,241,278,1,133.0,312,5
2024,HH2024000029,184.7846,G2,4,G1,50,1,G1,134391.0,23881.0,110632.0,109359.0,19028.0,11755,115363.0,1455.0,639.0,489.0,2492.0,928,242,1647,181,317,262,2,183.0,451,2
2024,HH2024000030,291.4072,G2,1,G1,84,1,G3,103971.0,14364.0,91005.0,89309.0,14869.0,10083,89102.0,4689.0,1770.0,4361.0,640.0,245,121,1307,176,207,212,1,225.0,494,1
2024,HH2024000031,198.0554,G1,4,G1,44,3,G1,72980.0,584.0,68489.0,67712.0,37775.0,22389,35205.0,6118.0,928.0,4860.0,1006.0,398,153,2954,328,437,175,1,297.0,426,1
2024,HH2024000032,102.08,G2,5,G2,68,1,G3,79264.0,22241.0,56347.0,55487.0,13494.0,11479,65770.0,5071.0,839.0,4227.0,2745.0,720,370,1411,347,251,188,2,118.0,338,5
2024,HH2024000033,258.0484,G2,2,G2,39,1,G2,115524.0,10189.0,106709.0,105250.0,22808.0,14912,92716.0,1153.0,1557.0,1076.0,1763.0,426,213,1148,298,237,98,2,210.0,326,4
2024,HH2024000034,122.8705,G1,2,G2,40,1,G2,66133.0,10940.0,54074.0,52115.0,1130.0,645,65003.0,4070.0,742.0,3844.0,3135.0,730,479,2185,265,388,271,1,207.0,313,4
2024,HH2024000035,289.8195,G2,3,G2,54,2,G2,26425.0,21409.0,6512.0,4935.0,6622.0,4921,19803.0,1464.0,1771.0,250.0,2103.0,684,321,585,166,78,116,2,112.0,305,4
2024,HH2024000036,131.3281,G2,3,G2,77,1,G1,167639.0,24327.0,143158.0,142234.0,2295.0,1336,165344.0,7428.0,1508.0,6995.0,263.0,88,13,1988,532,439,126,1,222.0,341,4
2024,HH2024000037,277.3795,G1,3,G1,46,1,G2,74283.0,2636.0,68375.0,67180.0,16713.0,10099,57570.0,2813.0,514.0,2027.0,2659.0,578,495,1911,411,471,265,2,115.0,345,3
2024,HH2024000038,269.7385,G2,1,G2,71,1,G2,49624.0,24717.0,25415.0,24717.0,37262.0,28658,12362.0,3372.0,1260.0,2029.0,2439.0,888,256,1110,328,171,82,1,237.0,415,2
2024,HH2024000039,265.9982,G1,2,G1,64,3,G2,46399.0,8786.0,34765.0,33853.0,2851.0,2519,43548.0,6859.0,965.0,6426.0,1458.0,519,150,2422,669,550,306,1,141.0,466,2
2024,HH2024000040,59.8463,G1,3,G2,88,1,G2,144571.0,16986.0,125271.0,124496.0,39020.0,31291,105551.0,3415.0,688.0,3398.0,3161.0,1029,350,609,88,139,78,1,125.0,465,2
2024,HH2024000041,262.4675,G2,4,G2,48,1,G2,77326.0,26055.0,49940.0,49742.0,34758.0,19104,42568.0,1551.0,1812.0,1426.0,1402.0,402,214,2954,859,410,349,2,114.0,381,4
2024,HH2024000042,230.325,G1,4,G2,44,3,G2,50193.0,6544.0,43969.0,42220.0,225.0,140,49968.0,7144.0,795.0,5771.0,458.0,105,48,2640,497,543,385,1,191.0,497,1
2024,HH2024000043,133.5746,G1,4,G1,84,1,G2,82099.0,6628.0,73370.0,73097.0,617.0,505,81482.0,5183.0,233.0,4284.0,484.0,145,51,938,122,225,183,2,147.0,468,1
2024,HH2024000044,172.5246,G2,3,G2,49,2,G1,36068.0,29106.0,4833.0,4298.0,36027.0,21978,41.0,4839.0,816.0,4347.0,3606.0,835,214,1730,242,364,295,2,192.0,345,4
2024,HH2024000045,209.9788,G2,3,G1,42,1,G2,99678.0,11190.0,84543.0,84037.0,23411.0,18635,76267.0,604.0,1033.0,487.0,1504.0,482,169,992,234,103,192,2,279.0,323,4
2024,HH2024000046,285.8842,G2,2,G1,79,3,G1,35783.0,28409.0,6513.0,6069.0,6958.0,4792,28825.0,3593.0,252.0,2550.0,1659.0,434,120,2046,608,390,160,1,267.0,338,1
2024,HH2024000047,245.0211,G2,2,G2,78,1,G1,139005.0,10714.0,126335.0,125340.0,38153.0,32573,100852.0,3674.0,1485.0,3615.0,1221.0,304,217,1381,261,299,274,2,250.0,207,1
2024,HH2024000048,157.1252,G2,2,G1,33,1,G1,86402.0,18594.0,66297.0,64376.0,22454.0,14452,63948.0,2097.0,459.0,1960.0,2951.0,850,295,1721,369,331,164,2,193.0,299,2
2024,HH2024000049,211.3552,G2,3,G1,81,1,G2,48103.0,15307.0,33389.0,32733.0,25408.0,22202,22695.0,4515.0,184.0,3625.0,2422.0,765,470,2892,462,301,159,1,122.0,314,1
2024,HH2024000050,96.4677,G1,1,G2,67,4,G1,102163.0,29516.0,69637.0,68169.0,27125.0,17983,75038.0,1960.0,1075.0,999.0,3596.0,983,549,2047,550,241,236,1,181.0,433,2
2024,HH2024000051,155.9856,G1,2,G1,46,3,G3,47801.0,16507.0,27800.0,26335.0,8064.0,6374,39737.0,3767.0,321.0,2913.0,3577.0,1404,584,2667,328,587,231,2,104.0,278,5
2024,HH2024000052,247.8253,G1,1,G1,62,1,G3,63552.0,15083.0,49564.0,48037.0,14362.0,8302,49190.0,6411.0,1563.0,5047.0,3958.0,796,760,2067,447,358,339,2,124.0,396,5
2024,HH2024000053,201.6474,G1,3,G2,44,1,G1,34907.0,13989.0,20853.0,19609.0,5147.0,3666,29760.0,5882.0,136.0,5479.0,1316.0,503,112,1686,366,410,106,2,160.0,296,2
2024,HH2024000054,245.8123,G1,3,G1,40,1,G2,115511.0,11264.0,101796.0,100316.0,21159.0,13204,94352.0,2235.0,838.0,1403.0,2335.0,467,315,537,53,87,70,2,238.0,309,2
2024,HH2024000055,177.4542,G2,1,G1,37,1,G1,163667.0,13202.0,147941.0,146419.0,39492.0,19947,124175.0,1660.0,103.0,1201.0,1385.0,337,77,722,208,161,67,1,257.0,220,5
2024,HH2024000056,145.0359,G2,1,G2,39,1,G1,87396.0,13815.0,74166.0,72801.0,25101.0,16940,62295.0,45.0,766.0,0.0,2817.0,1124,183,1833,540,193,148,1,223.0,355,3
2024,HH2024000057,235.6351,G2,3,G1,64,4,G4,42285.0,22909.0,15905.0,14789.0,27679.0,15749,14606.0,2764.0,1866.0,2539.0,2992.0,1034,314,1759,340,397,318,1,151.0,229,2
2024,HH2024000058,73.4387,G1,2,G2,78,1,G2,14140.0,1377.0,11298.0,11116.0,7757.0,6852,6383.0,155.0,1301.0,0.0,1006.0,330,153,1755,430,401,223,2,243.0,261,4
2024,HH2024000059,294.6517,G1,5,G2,59,4,G1,141320.0,15029.0,125840.0,124824.0,21678.0,17850,119642.0,1025.0,1070.0,0.0,3438.0,1186,600,2613,704,403,258,2,299.0,350,3
2024,HH2024000060,287.0934,G1,1,G2,30,1,G3,70469.0,16473.0,53717.0,52210.0,39770.0,31649,30699.0,7827.0,314.0,6758.0,1160.0,326,102,739,91,108,119,2,231.0,408,5
2024,HH2024000061,270.0922,G1,3,G1,55,3,G3,70365.0,22595.0,45096.0,44413.0,3524.0,2401,66841.0,6845.0,625.0,6632.0,3933.0,1403,638,2146,250,507,381,2,252.0,321,5
2024,HH2024000062,271.0695,G1,5,G1,74,1,G2,36311.0,19986.0,15791.0,15294.0,8155.0,4922,28156.0,4478.0,761.0,4302.0,3403.0,786,284,2364,562,512,274,2,275.0,275,4
2024,HH2024000063,177.764,G2,1,G2,80,1,G2,115231.0,12957.0,100748.0,99560.0,28795.0,18133,86436.0,6196.0,1157.0,5023.0,72.0,25,3,2114,447,401,163,1,243.0,469,5
2024,HH2024000064,174.4864,G1,3,G1,73,3,G3,13098.0,3285.0,9701.0,9437.0,413.0,240,12685.0,3912.0,416.0,2914.0,1592.0,617,92,1089,256,180,216,2,275.0,304,3
2024,HH2024000065,255.0205,G2,3,G2,52,1,G2,147517.0,11161.0,137060.0,135622.0,8263.0,5955,139254.0,4810.0,1999.0,4766.0,1553.0,576,214,1515,324,358,157,1,159.0,296,3
2024,HH2024000066,120.8141,G1,3,G2,68,3,G2,42754.0,7667.0,33211.0,31245.0,37771.0,31142,4983.0,7343.0,1303.0,6347.0,3289.0,1144,409,636,155,134,51,1,161.0,220,1
2024,HH2024000067,262.4784,G2,5,G2,34,3,G3,18398.0,6123.0,11325.0,10357.0,766.0,440,17632.0,628.0,623.0,0.0,2897.0,956,262,942,123,153,61,1,134.0,305,1
2024,HH2024000068,100.2201,G2,3,G1,54,5,G2,130689.0,21635.0,105141.0,105086.0,17165.0,8613,113524.0,2813.0,224.0,1686.0,202.0,61,10,2507,358,437,171,2,136.0,265,1
2024,HH2024000069,269.7768,G2,2,G2,62,3,G2,71157.0,14343.0,53668.0,53126.0,13197.0,7261,57960.0,952.0,1190.0,536.0,3362.0,938,454,2043,301,234,391,1,210.0,306,5
2024,HH2024000070,185.2713,G1,2,G2,31,1,G1,133191.0,23807.0,104463.0,104400.0,15944.0,10911,117247.0,6359.0,895.0,5885.0,873.0,325,150,2662,487,589,511,1,285.0,258,2
2024,HH2024000071,260.8028,G2,4,G1,30,1,G2,10806.0,4152.0,6885.0,5967.0,10322.0,5237,484.0,6580.0,1347.0,5452.0,1478.0,486,89,2229,561,504,281,2,144.0,258,4
2024,HH2024000072,173.2857,G1,2,G2,78,2,G1,163457.0,29576.0,129827.0,129208.0,11026.0,7291,152431.0,5774.0,1192.0,5173.0,680.0,195,109,1101,293,168,169,2,242.0,420,3
2024,HH2024000073,202.108,G2,4,G1,43,1,G1,65122.0,14200.0,48009.0,46463.0,30429.0,16567,34693.0,4871.0,1280.0,3766.0,630.0,224,91,2533,456,370,443,2,115.0,342,4
2024,HH2024000074,281.6965,G1,2,G2,37,1,G2,123231.0,7596.0,115150.0,113462.0,1033.0,561,122198.0,3816.0,1667.0,2376.0,2108.0,444,256,2218,488,305,296,1,294.0,408,2
2024,HH2024000075,154.5531,G2,1,G1,65,1,G3,151911.0,10886.0,141218.0,140349.0,5182.0,4068,146729.0,188.0,1050.0,0.0,338.0,122,19,978,155,123,146,1,205.0,373,5
2024,HH2024000076,105.0716,G2,3,G1,46,2,G1,106233.0,25243.0,82279.0,80324.0,10582.0,9521,95651.0,6197.0,1449.0,5337.0,322.0,116,60,512,99,123,99,1,199.0,361,3
2024,HH2024000077,72.7451,G2,2,G2,88,1,G2,23852.0,21299.0,899.0,0.0,33059.0,19101,0.0,7151.0,718.0,6417.0,3142.0,772,382,2409,694,515,182,1,171.0,339,2
2024,HH2024000078,197.4948,G2,2,G1,86,1,G3,52107.0,5163.0,47128.0,46891.0,15732.0,9310,36375.0,7726.0,1885.0,6964.0,1375.0,285,151,2302,354,379,163,1,292.0,316,3
2024,HH2024000079,202.7713,G1,2,G1,79,5,G2,133133.0,29703.0,104768.0,102952.0,1392.0,861,131741.0,2734.0,815.0,2621.0,2592.0,888,464,724,186,84,117,2,183.0,278,2
2024,HH2024000080,205.1763,G2,1,G1,48,3,G3,7454.0,3926.0,1661.0,871.0,20813.0,16942,0.0,1604.0,1359.0,124.0,3944.0,946,697,1662,180,200,258,2,124.0,466,4
2024,HH2024000081,59.2915,G1,2,G2,82,1,G2,33109.0,8261.0,23803.0,22033.0,25093.0,17624,8016.0,5231.0,1996.0,4420.0,203.0,81,32,2784,470,574,216,1,212.0,322,2
2024,HH2024000082,56.8539,G1,5,G1,45,1,G2,123248.0,21876.0,98538.0,97070.0,18305.0,13330,104943.0,140.0,698.0,0.0,3176.0,641,553,2481,574,323,236,1,218.0,465,1
2024,HH2024000083,273.8543,G1,2,G2,44,3,G1,20763.0,15891.0,1879.0,0.0,3545.0,2547,17218.0,482.0,203.0,0.0,438.0,107,30,2542,648,386,388,2,249.0,430,4
2024,HH2024000084,223.8755,G1,4,G2,88,1,G2,58171.0,13376.0,44747.0,43456.0,35161.0,30764,23010.0,6571.0,463.0,5975.0,3042.0,633,499,1482,323,360,183,2,199.0,380,5
2024,HH2024000085,78.3293,G1,3,G2,70,2,G2,126591.0,27788.0,98337.0,97152.0,34327.0,17642,92264.0,7654.0,487.0,6422.0,1224.0,436,121,802,219,150,147,2,155.0,452,2
2024,HH2024000086,68.6592,G2,1,G1,35,3,G1,62326.0,23817.0,37981.0,37515.0,36453.0,20529,25873.0,3228.0,113.0,2089.0,540.0,170,97,1377,363,304,241,2,100.0,397,5
2024,HH2024000087,90.4643,G1,5,G1,83,1,G1,169596.0,28864.0,140167.0,139609.0,38557.0,25171,131039.0,4062.0,1087.0,3489.0,914.0,337,96,2217,495,256,272,2,297.0,444,1
2024,HH2024000088,251.7297,G2,5,G2,39,1,G2,156893.0,8476.0,146881.0,146223.0,12686.0,8819,144207.0,4355.0,555.0,3286.0,1458.0,572,84,2601,441,389,390,2,138.0,438,2
2024,HH2024000089,230.7715,G1,2,G2,70,1,G2,35523.0,25519.0,5658.0,5039.0,16866.0,9201,18657.0,1107.0,194.0,1058.0,2918.0,939,327,2110,364,494,309,1,170.0,393,1
2024,HH2024000090,209.6633,G2,1,G2,56,1,G2,36998.0,6395.0,27324.0,26136.0,38382.0,32903,0.0,1779.0,273.0,329.0,2722.0,670,445,596,132,132,38,2,130.0,416,2
2024,HH2024000091,210.1977,G1,5,G2,31,2,G2,164855.0,24176.0,137854.0,136114.0,17990.0,13872,146865.0,2387.0,546.0,1621.0,2914.0,636,364,1976,457,412,224,2,147.0,445,4
2024,HH2024000092,264.7185,G1,1,G2,77,1,G2,23586.0,16463.0,4935.0,4865.0,34597.0,30199,0.0,6734.0,738.0,5753.0,86.0,32,14,967,173,181,112,1,112.0,267,5
2024,HH2024000093,133.3647,G2,5,G2,71,5,G1,94220.0,17936.0,74235.0,72998.0,25908.0,22703,68312.0,3505.0,1948.0,2538.0,3901.0,971,215,2024,363,284,373,2,168.0,462,5
2024,HH2024000094,130.5575,G2,1,G2,83,3,G3,149480.0,3459.0,143924.0,142408.0,37105.0,26159,112375.0,5769.0,1405.0,5300.0,1735.0,657,132,1530,207,287,279,1,289.0,351,5
2024,HH2024000095,156.3567,G2,5,G2,66,1,G3,115872.0,26375.0,89168.0,88282.0,416.0,349,115456.0,1555.0,1429.0,521.0,445.0,167,59,1832,183,197,107,2,,236,4
2024,HH2024000096,297.419,G1,5,G1,75,1,G2,56575.0,8362.0,46451.0,45901.0,28253.0,22452,28322.0,,1384.0,7030.0,3714.0,1209,400,1990,382,259,351,1,293.0,245,2
2024,HH2024000097,188.7247,G2,2,G1,84,1,G2,21646.0,17943.0,1817.0,953.0,32033.0,20635,0.0,7067.0,1606.0,6047.0,3171.0,1017,482,2095,557,372,296,2,226.0,425,5
2024,HH2024000098,186.7253,G2,2,G2,88,1,G2,65864.0,4987.0,60669.0,59013.0,7930.0,6050,57934.0,3802.0,636.0,3668.0,329.0,128,63,512,129,51,26,2,278.0,442,1
2024,HH2024000099,252.3984,G2,1,G2,63,2,G3,111427.0,27778.0,83112.0,81284.0,29416.0,25918,82011.0,1804.0,198.0,1585.0,1747.0,613,260,2915,870,393,312,2,224.0,396,5
2024,HH2024000100,94.5161,G1,4,G1,31,1,G2,11805.0,9601.0,1367.0,0.0,7809.0,6290,3996.0,7812.0,1017.0,6427.0,3625.0,1220,408,1937,453,237,354,2,297.0,396,5
2024,HH2024000101,151.3503,G1,2,G2,50,1,G2,102422.0,22881.0,80207.0,79236.0,36192.0,28366,66230.0,6464.0,2.0,5361.0,2730.0,783,358,1767,259,268,183,1,210.0,459,1
2024,HH2024000102,210.3406,G1,4,G2,67,1,G3,87415.0,22964.0,61899.0,60609.0,36346.0,21398,51069.0,4086.0,433.0,3893.0,778.0,230,145,1446,340,330,219,1,266.0,493,4
2024,HH2024000103,297.0042,G2,4,G2,36,1,G2,69885.0,16509.0,50227.0,48874.0,148.0,123,69737.0,2140.0,1506.0,1820.0,2801.0,778,422,761,202,184,102,2,107.0,449,5
2024,HH2024000104,88.6174,G1,3,G1,36,2,G1,153227.0,3622.0,147367.0,145833.0,20281.0,13301,132946.0,4971.0,1005.0,4153.0,756.0,294,128,2075,473,258,287,2,286.0,240,4
2024,HH2024000105,163.0067,G1,2,G1,53,5,G2,147117.0,8397.0,134341.0,134052.0,15299.0,11468,131818.0,2962.0,1381.0,2954.0,1407.0,460,133,1408,276,189,171,2,103.0,440,5
2024,HH2024000106,276.3955,G2,2,G2,84,2,G3,124616.0,18356.0,104252.0,104102.0,35618.0,27464,88998.0,5393.0,1020.0,4791.0,781.0,278,126,2767,618,628,338,1,139.0,353,2
2024,HH2024000107,231.3828,G2,3,G2,49,5,G2,104985.0,16076.0,89321.0,88630.0,12811.0,9045,92174.0,6659.0,1085.0,6170.0,2773.0,575,196,2144,225,269,397,2,247.0,439,4
2024,HH2024000108,203.4451,G2,1,G2,86,2,G2,89953.0,17542.0,71592.0,71073.0,28821.0,16319,61132.0,3918.0,602.0,3717.0,3725.0,1380,605,1602,245,338,179,2,151.0,417,5
2024,HH2024000109,114.2771,G2,3,G1,78,1,G2,22301.0,7481.0,11780.0,10551.0,4668.0,3636,17633.0,385.0,437.0,0.0,177.0,50,32,579,76,65,45,2,108.0,403,1
2024,HH2024000110,96.8027,G1,4,G1,48,3,G2,62958.0,16143.0,47163.0,46120.0,8500.0,5090,54458.0,4502.0,518.0,4063.0,2414.0,838,446,1886,344,372,213,1,272.0,460,3
2024,HH2024000111,143.5531,G2,3,G2,43,1,G4,6858.0,2559.0,3400.0,1564.0,39409.0,23887,0.0,6869.0,1596.0,6769.0,993.0,206,67,2613,728,365,417,2,202.0,245,5
2024,HH2024000112,113.777,G1,2,G1,79,1,G2,69439.0,14527.0,56460.0,54906.0,15390.0,8475,54049.0,1786.0,1959.0,836.0,3003.0,1137,523,1656,227,351,200,2,195.0,456,3
2024,HH2024000113,252.119,G1,5,G2,75,4,G2,75405.0,2742.0,71340.0,71045.0,30633.0,22912,44772.0,7675.0,163.0,7267.0,557.0,184,37,2125,242,378,339,2,163.0,304,5
2024,HH2024000114,230.1759,G1,3,G1,67,2,G3,112165.0,19915.0,93382.0,91684.0,38713.0,21174,73452.0,2898.0,1074.0,2852.0,1465.0,427,178,796,203,100,68,1,243.0,260,4
2024,HH2024000115,258.7995,G1,4,G1,88,4,G1,70813.0,17003.0,54784.0,53243.0,38608.0,24635,32205.0,5472.0,940.0,5439.0,823.0,214,125,1516,414,243,208,2,162.0,416,2
2024,HH2024000116,92.7706,G2,1,G2,36,1,G1,64544.0,25554.0,38931.0,38167.0,783.0,670,63761.0,5615.0,1124.0,4167.0,3493.0,915,428,2482,511,439,445,1,212.0,494,2
2024,HH2024000117,127.4923,G2,5,G1,53,3,G4,123053.0,13861.0,106616.0,106501.0,9307.0,6340,113746.0,1456.0,465.0,1279.0,330.0,86,33,1558,273,388,201,2,126.0,226,3
2024,HH2024000118,242.1379,G1,4,G1,66,1,G2,31102.0,4861.0,24379.0,22792.0,28583.0,24518,2519.0,311.0,15.0,0.0,2327.0,526,355,2712,504,466,394,2,161.0,494,3
2024,HH2024000119,90.8871,G1,5,G2,34,1,G2,27308.0,7056.0,19198.0,18812.0,37071.0,25841,0.0,7590.0,406.0,7341.0,481.0,140,71,1523,353,186,231,2,105.0,302,3
2024,HH2024000120,86.4013,G1,4,G1,88,4,G1,132946.0,24423.0,104874.0,104434.0,39151.0,22376,93795.0,5603.0,363.0,5477.0,2399.0,697,329,2528,673,463,406,2,156.0,490,4
2024,HH2024000121,145.7647,G1,3,G1,64,1,G1,118585.0,28746.0,88820.0,87880.0,28810.0,23150,89775.0,5050.0,104.0,4232.0,3071.0,867,396,2109,290,280,216,2,176.0,214,3
2024,HH2024000122,96.6092,G2,3,G2,48,2,G1,135948.0,1844.0,130584.0,130420.0,4165.0,2671,131783.0,2430.0,713.0,1128.0,3009.0,1024,468,2868,804,665,413,2,249.0,384,4
2024,HH2024000123,69.7257,G2,4,G1,44,4,G2,133780.0,20292.0,111638.0,110840.0,29700.0,26330,104080.0,864.0,1367.0,757.0,133.0,37,14,1832,424,412,205,2,264.0,360,4
2024,HH2024000124,128.1936,G1,3,G2,30,3,G2,153309.0,14463.0,135723.0,135230.0,10879.0,6580,142430.0,2174.0,1931.0,1682.0,3094.0,673,186,1670,413,199,181,2,206.0,449,5
2024,HH2024000125,268.8999,G1,4,G1,65,1,G1,112286.0,7735.0,99763.0,99658.0,32344.0,26808,79942.0,4381.0,1314.0,3252.0,1187.0,439,155,1383,162,260,167,2,285.0,341,5
2024,HH2024000126,64.1332,G2,2,G1,88,1,G2,146526.0,15343.0,128018.0,126212.0,21880.0,15262,124646.0,5547.0,350.0,5446.0,2727.0,777,432,2130,604,435,236,1,171.0,222,3
2024,HH2024000127,191.5263,G2,4,G1,32,4,G4,56382.0,28073.0,25895.0,25374.0,7355.0,6155,49027.0,2552.0,724.0,2298.0,3855.0,1276,365,2950,606,406,158,1,198.0,255,1
2024,HH2024000128,190.751,G2,2,G2,54,2,G4,90328.0,5927.0,80677.0,,33750.0,19345,56578.0,1719.0,606.0,1260.0,475.0,183,33,920,158,178,148,1,223.0,276,2
2024,HH2024000129,182.7101,G1,3,G1,69,1,G3,170298.0,25112.0,143312.0,141679.0,39554.0,29802,130744.0,1996.0,424.0,787.0,1450.0,512,270,2841,510,481,391,2,135.0,461,2
2024,HH2024000130,176.3772,G2,1,G2,55,1,G2,122358.0,2690.0,119286.0,118324.0,20260.0,11047,102098.0,7693.0,1980.0,6480.0,3466.0,1066,622,2942,466,506,207,2,183.0,227,2
2024,HH2024000131,54.3091,G1,5,G1,69,1,G2,86756.0,21619.0,61046.0,60461.0,32502.0,26723,54254.0,5044.0,1311.0,3980.0,566.0,174,80,2422,321,442,216,2,279.0,451,5
2024,HH2024000132,61.8628,G2,4,G1,72,5,G2,141925.0,2247.0,140439.0,138953.0,2383.0,1416,139542.0,7925.0,962.0,6927.0,1043.0,385,175,1951,208,361,276,2,195.0,351,3
2024,HH2024000133,177.8018,G1,2,G2,87,1,G1,51037.0,1820.0,48260.0,46876.0,10847.0,7278,40190.0,,873.0,11.0,2196.0,800,428,2657,406,548,339,2,286.0,369,5
2024,HH2024000134,292.0773,G2,1,G1,66,3,G3,5387.0,1117.0,3524.0,3504.0,5087.0,3878,300.0,3664.0,636.0,3307.0,3984.0,939,539,1154,230,193,182,2,235.0,489,1
2024,HH2024000135,151.9939,G1,5,G2,72,1,G2,147550.0,24143.0,121123.0,119485.0,11357.0,7850,136193.0,3659.0,833.0,2277.0,1178.0,383,102,2084,486,434,257,2,133.0,430,4
2024,HH2024000136,168.0817,G2,1,G2,48,1,G2,83499.0,17207.0,62050.0,61814.0,15037.0,12203,68462.0,3211.0,1268.0,2133.0,1542.0,575,224,2513,619,434,444,2,191.0,394,3
2024,HH2024000137,295.5158,G1,3,G2,39,2,G2,29949.0,20711.0,6620.0,5145.0,17254.0,13376,12695.0,3132.0,1856.0,2771.0,3183.0,1147,595,2513,550,501,154,1,173.0,447,4
2024,HH2024000138,244.7784,G2,1,G2,35,3,G1,35793.0,4664.0,30817.0,30618.0,12901.0,7123,22892.0,632.0,992.0,0.0,479.0,107,73,1966,242,274,279,2,289.0,338,2
2024,HH2024000139,242.5275,G1,4,G2,36,1,G3,39793.0,27644.0,10926.0,10795.0,21790.0,17636,18003.0,257.0,369.0,0.0,1310.0,376,70,1463,272,265,154,2,167.0,479,3
2024,HH2024000140,176.1839,G2,2,G1,79,1,G1,175476.0,24261.0,149758.0,149515.0,8787.0,5881,166689.0,6225.0,1914.0,5111.0,1264.0,383,237,2874,671,489,275,1,197.0,437,2
2024,HH2024000141,274.4782,G1,3,G2,32,2,G1,142391.0,14658.0,128636.0,127155.0,13911.0,10281,128480.0,3524.0,629.0,2054.0,1604.0,403,261,2184,543,317,418,2,238.0,493,4
2024,HH2024000142,195.2941,G2,3,G1,59,1,G2,169053.0,26968.0,140340.0,139434.0,33605.0,19713,135448.0,0.0,166.0,0.0,2294.0,770,252,2424,399,265,435,2,292.0,365,1
2024,HH2024000143,214.1743,G2,2,G1,66,1,G2,31762.0,4290.0,28505.0,27302.0,22489.0,15050,9273.0,2780.0,1088.0,2691.0,886.0,261,175,2058,587,363,159,2,209.0,392,4
2024,HH2024000144,246.8889,G1,4,G2,70,2,G1,132166.0,8772.0,120888.0,120327.0,1075.0,888,131091.0,7464.0,1581.0,6236.0,1565.0,406,247,2693,697,273,157,2,269.0,337,3
2024,HH2024000145,151.6462,G1,3,G1,33,1,G2,88885.0,1452.0,84799.0,84560.0,13130.0,11429,75755.0,3741.0,515.0,3719.0,3667.0,980,637,1694,457,268,305,1,123.0,477,4
2024,HH2024000146,288.3176,G1,3,G2,81,2,G3,52292.0,4933.0,45952.0,44381.0,33173.0,29042,19119.0,7924.0,558.0,6962.0,3314.0,1230,634,1866,435,290,140,2,278.0,388,1
2024,HH2024000147,297.0018,G1,2,G1,56,1,G3,130139.0,25244.0,101996.0,100331.0,7206.0,5620,122933.0,1292.0,578.0,98.0,3825.0,1427,213,2509,458,489,474,1,141.0,247,1
2024,HH2024000148,196.7845,G2,3,G1,31,3,G2,159035.0,12288.0,144493.0,142815.0,36867.0,19597,122168.0,979.0,1613.0,791.0,2728.0,988,453,1793,514,444,164,1,252.0,353,4
2024,HH2024000149,105.5138,G1,2,G2,37,3,G3,89734.0,19359.0,69206.0,69077.0,11834.0,8012,77900.0,4510.0,1914.0,3314.0,2328.0,891,251,1112,311,254,124,2,206.0,239,2
2024,HH2024000150,243.7255,G1,3,G2,81,3,G2,33692.0,26447.0,6236.0,4387.0,25204.0,14548,8488.0,5464.0,1695.0,4249.0,853.0,333,153,2393,635,589,135,2,220.0,392,2
2024,HH2024000151,130.5347,G1,4,G2,86,2,G2,153295.0,22920.0,127446.0,126363.0,19000.0,14801,134295.0,7850.0,452.0,6870.0,635.0,189,115,1438,400,348,187,2,118.0,409,5
2024,HH2024000152,194.2759,G1,3,G1,75,2,G2,44454.0,11994.0,28597.0,28205.0,25014.0,14121,19440.0,3727.0,1698.0,3242.0,2155.0,472,375,762,215,84,59,1,206.0,440,5
2024,HH2024000153,71.6759,G1,1,G1,50,1,G3,41048.0,10448.0,27782.0,27385.0,31894.0,28418,9154.0,1601.0,619.0,1299.0,1619.0,582,270,1431,356,203,164,2,117.0,246,1
2024,HH2024000154,251.8477,G2,5,G1,86,1,G3,96204.0,3250.0,93536.0,92531.0,5960.0,3443,90244.0,4329.0,1733.0,3272.0,3150.0,1029,532,635,88,91,119,2,210.0,338,3
2024,HH2024000155,289.7717,G1,4,G1,46,1,G2,146900.0,24889.0,121045.0,119838.0,14088.0,7341,132812.0,2455.0,1982.0,2220.0,38.0,10,3,2695,559,298,236,2,181.0,306,4
2024,HH2024000156,73.5554,G2,5,G1,44,3,G1,152785.0,29540.0,119048.0,118951.0,22732.0,19036,130053.0,1436.0,1436.0,424.0,3564.0,1408,395,2959,660,671,429,1,140.0,324,4
2024,HH2024000157,232.8998,G2,1,G2,75,1,G3,145566.0,15004.0,131185.0,130193.0,10423.0,6054,135143.0,707.0,1910.0,453.0,682.0,182,45,1166,296,273,93,1,198.0,481,2
2024,HH2024000158,265.2097,G1,5,G1,49,1,G1,150484.0,14990.0,133023.0,132544.0,15006.0,7647,135478.0,5788.0,284.0,5285.0,1579.0,602,275,2790,555,532,394,2,142.0,367,5
2024,HH2024000159,77.3766,G2,3,G2,61,1,G2,47399.0,25451.0,21080.0,19245.0,35433.0,25484,11966.0,0.0,1309.0,0.0,1424.0,453,209,2278,461,532,212,2,116.0,332,4
2024,HH2024000160,111.6991,G2,5,G2,69,2,G2,56461.0,10271.0,46306.0,45076.0,9161.0,8132,47300.0,1332.0,103.0,1090.0,3697.0,766,524,2889,864,598,439,1,106.0,471,5
2024,HH2024000161,147.9678,G2,4,G2,39,1,G1,121935.0,12196.0,108762.0,108019.0,7588.0,4605,114347.0,4471.0,1304.0,3280.0,2881.0,1071,250,906,172,150,150,2,168.0,359,4
2024,HH2024000162,259.1901,G1,5,G1,85,1,G2,90316.0,26808.0,59464.0,58620.0,23333.0,15481,66983.0,7082.0,681.0,6040.0,143.0,50,20,655,82,80,119,2,249.0,326,5
2024,HH2024000163,173.3578,G2,1,G1,39,2,G2,121756.0,11380.0,109072.0,107398.0,3989.0,2372,117767.0,6544.0,1939.0,6520.0,3412.0,1120,403,2800,677,682,525,2,215.0,362,1
2024,HH2024000164,84.2408,G1,3,G1,89,4,G3,32520.0,27822.0,1381.0,0.0,47.0,33,32473.0,3631.0,990.0,2358.0,2706.0,873,539,1173,202,239,101,2,124.0,454,2
2024,HH2024000165,114.0928,G2,4,G2,46,2,G2,74908.0,4842.0,68484.0,67710.0,34785.0,21883,40123.0,458.0,1524.0,0.0,272.0,66,48,1990,297,304,138,2,188.0,335,3
2024,HH2024000166,166.8445,G1,3,G2,55,1,G1,23178.0,14904.0,5724.0,4046.0,11056.0,8143,12122.0,5078.0,605.0,3821.0,3127.0,759,403,2753,621,328,157,1,216.0,385,2
2024,HH2024000167,59.8161,G1,5,G1,45,3,G1,17791.0,14692.0,1243.0,0.0,4819.0,3330,12972.0,4129.0,149.0,3227.0,135.0,27,23,1357,394,298,214,1,146.0,253,1
2024,HH2024000168,207.7493,G2,4,G1,62,1,G2,143353.0,9201.0,129714.0,129595.0,26241.0,22870,117112.0,7374.0,1484.0,6435.0,1700.0,392,126,723,117,159,56,1,127.0,203,4
2024,HH2024000169,56.3305,G1,1,G2,30,1,G2,153324.0,28890.0,124062.0,122801.0,19236.0,14773,134088.0,4426.0,443.0,3851.0,648.0,173,42,2478,432,449,421,2,149.0,220,5
2024,HH2024000170,245.2178,G1,1,G1,40,1,G2,67081.0,14479.0,52569.0,50692.0,18201.0,14070,48880.0,5903.0,1444.0,5562.0,43.0,13,6,1628,314,406,317,1,113.0,342,3
2024,HH2024000171,233.4627,G2,4,G1,61,1,G1,128083.0,26370.0,103237.0,101511.0,17534.0,12178,110549.0,4227.0,929.0,3874.0,2238.0,506,355,556,132,87,40,1,148.0,415,4
2024,HH2024000172,266.36,G1,2,G1,71,2,G4,37608.0,6578.0,29975.0,29891.0,5825.0,3618,31783.0,4326.0,1943.0,3852.0,2748.0,856,159,1353,242,326,125,1,206.0,263,4
2024,HH2024000173,89.4282,G1,2,G1,87,1,G1,106192.0,10468.0,96795.0,95032.0,34341.0,21483,71851.0,2539.0,705.0,2103.0,1918.0,484,153,1825,337,355,234,2,260.0,482,3
2024,HH2024000174,200.6463,G1,5,G1,80,3,G2,76640.0,14347.0,63342.0,61379.0,52.0,36,76588.0,,801.0,2090.0,1370.0,343,178,2699,648,568,309,2,274.0,245,4
2024,HH2024000175,245.2569,G2,1,G2,85,2,G3,157464.0,16919.0,139329.0,139004.0,19327.0,11147,138137.0,2367.0,1481.0,1581.0,2053.0,799,121,1065,316,253,121,2,234.0,408,5
2024,HH2024000176,178.9372,G2,3,G2,77,1,G2,117834.0,6882.0,107859.0,106584.0,10817.0,5981,107017.0,3697.0,1571.0,3081.0,607.0,241,68,1795,293,403,148,2,171.0,270,1
2024,HH2024000177,82.7011,G2,2,G2,76,1,G2,22281.0,9393.0,12506.0,10996.0,25669.0,16657,0.0,7612.0,251.0,6525.0,199.0,72,24,953,206,136,174,2,286.0,217,2
2024,HH2024000178,74.7314,G2,1,G1,50,3,G4,153436.0,18666.0,130723.0,130637.0,21962.0,12127,131474.0,2733.0,1482.0,1635.0,628.0,132,118,1225,317,281,186,2,283.0,413,1
2024,HH2024000179,201.4744,G2,2,G1,84,1,G2,121049.0,8354.0,110277.0,108622.0,15394.0,9117,105655.0,3706.0,982.0,2304.0,216.0,74,21,1159,165,209,84,2,171.0,355,4
2024,HH2024000180,174.4019,G2,3,G2,87,1,G1,60006.0,22796.0,33093.0,32306.0,21381.0,15266,38625.0,7569.0,1977.0,7105.0,3076.0,724,231,1810,477,193,91,1,102.0,388,4
2024,HH2024000181,282.39,G2,3,G1,60,1,G1,59238.0,14313.0,42980.0,42382.0,9079.0,7408,50159.0,1209.0,1262.0,845.0,2434.0,763,124,2158,368,433,354,2,186.0,482,4
2024,HH2024000182,258.4602,G2,1,G1,37,1,G3,59214.0,29082.0,26407.0,25891.0,5242.0,3092,53972.0,2022.0,1547.0,2013.0,749.0,283,51,781,95,136,40,1,193.0,361,4
2024,HH2024000183,230.9373,G2,4,G2,32,1,G2,55757.0,7131.0,47540.0,46529.0,36212.0,29573,19545.0,3945.0,687.0,3706.0,2279.0,629,370,689,72,124,125,2,235.0,452,3
2024,HH2024000184,295.5992,G1,2,G2,59,3,G3,170005.0,25277.0,143164.0,141567.0,24547.0,12426,145458.0,3274.0,567.0,2369.0,1936.0,746,226,2328,248,376,301,2,129.0,348,5
2024,HH2024000185,223.6527,G1,3,G1,68,1,G1,154092.0,14705.0,136976.0,135333.0,26153.0,23506,127939.0,2729.0,1570.0,1516.0,445.0,152,35,1234,320,135,233,1,208.0,304,1
2024,HH2024000186,73.0907,G1,3,G2,63,1,G1,85928.0,2584.0,83083.0,82633.0,39956.0,28239,45972.0,6225.0,30.0,5324.0,3881.0,1009,737,2045,480,259,339,1,163.0,316,4
2024,HH2024000187,69.3907,G2,3,G1,83,3,G3,75771.0,21154.0,55983.0,54330.0,36165.0,24966,39606.0,3991.0,1160.0,2504.0,3751.0,821,630,691,178,147,127,2,199.0,303,5
2024,HH2024000188,253.9673,G2,3,G2,62,3,G4,62034.0,6345.0,56517.0,54865.0,23394.0,17784,38640.0,2914.0,1936.0,1973.0,3035.0,1101,203,2001,501,270,323,2,104.0,465,2
2024,HH2024000189,140.1759,G2,2,G1,69,2,G1,151302.0,4155.0,143664.0,143542.0,31693.0,21870,119609.0,3831.0,1982.0,2508.0,3234.0,943,292,2773,488,538,378,2,205.0,353,4
2024,HH2024000190,281.0709,G2,3,G2,75,1,G1,48215.0,15950.0,30521.0,29897.0,21105.0,13997,27110.0,7092.0,1432.0,6690.0,2188.0,469,388,1594,456,288,121,1,107.0,479,1
2024,HH2024000191,79.5619,G2,3,G1,83,5,G2,138603.0,23576.0,113657.0,113627.0,9516.0,6170,129087.0,7871.0,994.0,7386.0,3215.0,709,494,1944,535,258,309,2,270.0,275,1
2024,HH2024000192,99.6968,G2,1,G2,66,1,G2,160852.0,7727.0,151265.0,149287.0,24905.0,22193,135947.0,1944.0,1625.0,728.0,2113.0,831,405,1235,209,175,171,2,242.0,429,2
2024,HH2024000193,243.2919,G2,4,G2,63,1,G2,147059.0,18691.0,129237.0,128293.0,36522.0,30846,110537.0,321.0,29.0,0.0,664.0,165,40,1214,309,191,143,2,284.0,234,5
2024,HH2024000194,261.8686,G1,3,G2,34,2,G1,109173.0,430.0,108417.0,107877.0,35186.0,24664,73987.0,250.0,1586.0,0.0,669.0,263,111,663,174,153,88,2,230.0,286,2
2024,HH2024000195,266.7991,G1,2,G2,68,1,G3,142857.0,5538.0,136758.0,134970.0,20207.0,16864,122650.0,3563.0,379.0,2130.0,3416.0,1148,209,1697,335,409,143,2,295.0,210,3
2024,HH2024000196,74.7848,G1,1,G2,40,2,G1,59902.0,22643.0,34051.0,32682.0,37839.0,21176,22063.0,,1471.0,3887.0,1785.0,464,179,2867,355,453,317,1,141.0,474,4
2024,HH2024000197,145.4506,G1,2,G1,52,5,G2,151690.0,386.0,149440.0,147560.0,7902.0,5624,143788.0,0.0,696.0,0.0,2917.0,807,474,790,131,84,54,2,101.0,289,4
2024,HH2024000198,211.5966,G1,3,G1,61,1,G2,27839.0,10733.0,15288.0,13688.0,1641.0,1115,26198.0,4066.0,1502.0,3150.0,579.0,205,90,1541,458,292,171,1,280.0,445,4
2024,HH2024000199,279.6989,G1,5,G2,34,1,G1,18789.0,15235.0,1910.0,0.0,16130.0,10161,2659.0,3197.0,1206.0,2603.0,1791.0,514,90,2592,630,421,311,1,231.0,327,1
2024,HH2024000200,109.7538,G1,4,G2,71,1,G2,33436.0,1983.0,30324.0,29892.0,8199.0,7111,25237.0,7464.0,1858.0,6840.0,334.0,71,26,1739,443,302,310,2,237.0,237,5
2024,HH2024000201,200.0857,G1,3,G1,46,1,G2,122934.0,29356.0,91747.0,91339.0,38306.0,31908,84628.0,4828.0,1574.0,3621.0,882.0,216,147,2401,678,399,309,2,158.0,303,2
2024,HH2024000202,85.8798,G2,1,G1,60,3,G2,56854.0,15265.0,37312.0,37161.0,4630.0,3994,52224.0,3385.0,1828.0,2366.0,436.0,162,30,1439,202,285,268,2,167.0,302,3
2024,HH2024000203,236.8197,G1,2,G1,51,5,G2,13804.0,10157.0,685.0,0.0,21385.0,16126,0.0,4693.0,302.0,4675.0,832.0,282,82,2006,589,292,391,1,235.0,352,4
2024,HH2024000204,81.8811,G2,5,G1,51,2,G1,48971.0,29316.0,17764.0,16662.0,30894.0,20096,18077.0,0.0,758.0,0.0,2426.0,728,188,2969,604,694,170,1,,298,2
2024,HH2024000205,299.9956,G1,1,G1,53,5,G3,121729.0,16755.0,105690.0,104560.0,4434.0,3559,117295.0,,874.0,2830.0,21.0,5,1,1994,496,325,278,1,115.0,402,4
2024,HH2024000206,73.0667,G2,4,G2,33,1,G2,58468.0,20356.0,35801.0,34447.0,1822.0,990,56646.0,2637.0,61.0,1871.0,774.0,228,135,2490,407,376,236,2,158.0,419,3
2024,HH2024000207,221.3343,G2,3,G1,41,1,G2,83058.0,2710.0,79986.0,78520.0,22143.0,18627,60915.0,1447.0,45.0,998.0,2763.0,988,163,2233,370,532,396,1,176.0,246,1
2024,HH2024000208,244.2597,G2,2,G2,77,1,G1,24205.0,4762.0,19150.0,17516.0,36105.0,18468,0.0,3145.0,77.0,2173.0,597.0,129,77,739,127,113,91,2,266.0,357,2
2024,HH2024000209,114.4974,G2,5,G2,37,3,G2,150261.0,1356.0,146575.0,145536.0,651.0,538,149610.0,5111.0,1534.0,3690.0,2222.0,886,341,900,152,101,55,2,168.0,373,4
2024,HH2024000210,113.7072,G2,2,G1,59,1,G3,74054.0,15428.0,57204.0,56659.0,822.0,642,73232.0,0.0,893.0,0.0,3468.0,1289,203,2020,227,249,166,2,198.0,280,1
2024,HH2024000211,199.0368,G1,4,G2,38,1,G2,118661.0,25090.0,91585.0,90707.0,37020.0,19819,81641.0,7711.0,1503.0,6807.0,3120.0,822,452,1370,221,283,206,2,219.0,431,2
2024,HH2024000212,207.6186,G1,1,G2,62,1,G3,100043.0,27051.0,74673.0,72929.0,24101.0,13467,75942.0,2196.0,1669.0,831.0,488.0,182,48,1711,392,315,105,2,127.0,269,3
2024,HH2024000213,230.1315,G2,5,G1,68,1,G1,107449.0,17230.0,90925.0,89294.0,28055.0,19104,79394.0,5597.0,72.0,4997.0,590.0,198,103,1708,478,307,182,2,216.0,461,2
2024,HH2024000214,195.0735,G1,1,G2,58,2,G4,72608.0,1627.0,70123.0,68292.0,11023.0,6833,61585.0,4402.0,1695.0,3900.0,2822.0,940,478,2483,268,278,448,2,140.0,337,3
2024,HH2024000215,93.6167,G1,2,G2,76,4,G2,34545.0,18784.0,12053.0,10973.0,12493.0,10580,22052.0,6990.0,451.0,6619.0,1385.0,315,234,2977,307,370,161,2,275.0,309,5
2024,HH2024000216,281.0359,G2,5,G1,45,1,G2,147320.0,19136.0,125939.0,124381.0,18822.0,10862,128498.0,7264.0,808.0,6927.0,1668.0,635,183,2993,653,477,462,1,159.0,399,1
2024,HH2024000217,91.6529,G1,4,G2,63,1,G2,116369.0,17912.0,97196.0,96370.0,8561.0,5708,107808.0,5660.0,1925.0,5074.0,1907.0,553,330,699,167,116,105,2,160.0,385,5
2024,HH2024000218,191.3096,G2,4,G1,46,1,G1,64581.0,21638.0,38114.0,38099.0,17675.0,10679,46906.0,3389.0,603.0,2232.0,2316.0,835,334,2360,523,369,231,1,180.0,352,4
2024,HH2024000219,280.0007,G1,2,G1,60,1,G2,30697.0,16716.0,14091.0,12604.0,38159.0,21020,0.0,4267.0,1879.0,3995.0,1796.0,466,191,2313,681,405,154,2,172.0,405,5
2024,HH2024000220,278.2424,G1,4,G2,33,1,G1,158645.0,21120.0,133238.0,133064.0,29955.0,18089,128690.0,5212.0,1013.0,4866.0,93.0,24,5,2662,388,559,173,2,218.0,278,4
2024,HH2024000221,91.9766,G1,5,G1,46,2,G2,66489.0,14590.0,51152.0,49882.0,34763.0,29339,31726.0,6447.0,26.0,4949.0,377.0,148,22,1566,307,305,305,2,244.0,442,5
2024,HH2024000222,109.6507,G1,4,G1,72,2,G3,141157.0,4505.0,138213.0,136218.0,19865.0,15617,121292.0,1831.0,1665.0,338.0,0.0,0,0,1756,497,336,266,1,292.0,385,1
2024,HH2024000223,200.4626,G2,2,G1,76,2,G2,117290.0,2398.0,114931.0,114880.0,31500.0,27269,85790.0,6983.0,88.0,6643.0,1059.0,224,100,1629,364,299,173,1,277.0,263,4
2024,HH2024000224,134.2911,G2,5,G1,46,3,G2,176089.0,27218.0,145436.0,143969.0,16848.0,11155,159241.0,6410.0,1272.0,5780.0,3268.0,1199,618,1433,308,186,250,1,152.0,499,4
2024,HH2024000225,232.7208,G1,1,G1,45,1,G2,16440.0,13229.0,1736.0,0.0,24697.0,14723,0.0,705.0,916.0,100.0,3887.0,954,777,1117,320,213,73,1,220.0,459,5
2024,HH2024000226,180.6011,G1,5,G2,47,3,G3,37562.0,9668.0,28400.0,27147.0,29211.0,14913,8351.0,2157.0,279.0,1713.0,1901.0,714,136,2108,353,260,145,2,165.0,253,1
2024,HH2024000227,116.5225,G2,1,G1,46,2,G2,19071.0,8797.0,6694.0,5315.0,32994.0,23031,0.0,1886.0,1029.0,1657.0,108.0,41,20,541,71,111,43,2,261.0,435,3
2024,HH2024000228,152.7595,G1,1,G2,89,1,G2,38619.0,1552.0,38664.0,36862.0,37032.0,19104,1587.0,4638.0,724.0,4545.0,285.0,61,44,2373,298,398,390,2,104.0,358,3
2024,HH2024000229,222.7778,G1,1,G1,69,1,G1,95915.0,28353.0,67443.0,65889.0,4219.0,2116,91696.0,1669.0,197.0,749.0,3260.0,1031,406,2603,688,487,289,2,298.0,430,1
2024,HH2024000230,246.2853,G1,1,G1,53,1,G2,99814.0,2496.0,93653.0,93574.0,31756.0,23559,68058.0,2401.0,1110.0,2339.0,1373.0,544,265,1068,289,245,156,2,174.0,312,4
2024,HH2024000231,142.3902,G2,4,G2,57,1,G2,141218.0,6570.0,135930.0,134382.0,28386.0,16064,112832.0,1513.0,87.0,582.0,3526.0,1361,553,1034,151,161,87,1,248.0,273,3
2024,HH2024000232,76.2463,G1,2,G2,60,1,G2,39389.0,13727.0,22647.0,21133.0,29468.0,21332,9921.0,539.0,1076.0,397.0,2025.0,617,281,1758,336,202,292,2,235.0,265,3
2024,HH2024000233,138.3193,G1,1,G2,63,1,G3,109376.0,10743.0,95699.0,95243.0,587.0,428,108789.0,3674.0,452.0,3443.0,3516.0,1181,286,2615,567,611,445,2,173.0,219,4
2024,HH2024000234,207.6177,G2,2,G1,53,4,G4,18790.0,1199.0,14152.0,12843.0,19508.0,15402,0.0,2557.0,1661.0,2550.0,541.0,173,46,784,100,121,87,1,292.0,462,4
2024,HH2024000235,239.958,G2,5,G2,88,4,G2,86276.0,9874.0,73899.0,,38434.0,25107,47842.0,4036.0,1900.0,3440.0,3432.0,825,640,1579,425,254,128,2,153.0,293,4
2024,HH2024000236,269.9148,G2,3,G2,47,2,G2,38564.0,23386.0,12750.0,11054.0,36008.0,28160,2556.0,1696.0,1864.0,1206.0,2185.0,722,179,1040,191,150,150,1,248.0,487,2
2024,HH2024000237,290.4855,G2,4,G2,55,3,G3,64737.0,7517.0,57824.0,56083.0,9233.0,5968,55504.0,2290.0,1875.0,1792.0,1750.0,466,95,2630,717,428,232,1,285.0,267,5
2024,HH2024000238,182.341,G2,2,G2,30,5,G2,117920.0,25974.0,92477.0,90922.0,19452.0,10486,98468.0,7141.0,200.0,6676.0,2115.0,565,190,2704,681,481,195,2,123.0,305,2
2024,HH2024000239,270.0519,G2,3,G2,59,1,G2,122855.0,10805.0,111084.0,110840.0,34556.0,21562,88299.0,6440.0,1019.0,5033.0,1308.0,371,159,710,112,160,101,1,283.0,463,2
2024,HH2024000240,115.5195,G2,4,G1,81,1,G2,1171.0,401.0,969.0,0.0,37211.0,18718,0.0,2129.0,448.0,1484.0,2411.0,893,258,861,209,179,109,2,278.0,304,3
2024,HH2024000241,189.9129,G1,4,G1,89,2,G2,85262.0,3266.0,79141.0,78675.0,13245.0,9072,72017.0,1294.0,193.0,81.0,3080.0,762,586,893,221,158,149,1,175.0,427,2
2024,HH2024000242,184.8462,G1,1,G1,58,4,G2,63426.0,24300.0,38973.0,38832.0,32116.0,25568,31310.0,7795.0,784.0,7446.0,3241.0,810,365,2528,410,542,237,2,267.0,227,2
2024,HH2024000243,242.1735,G2,4,G1,38,3,G2,151260.0,12166.0,137478.0,136952.0,33390.0,27176,117870.0,5446.0,858.0,4722.0,3913.0,788,717,2751,414,624,230,2,101.0,486,5
2024,HH2024000244,243.2807,G2,4,G1,73,1,G2,172375.0,29436.0,141848.0,140030.0,6010.0,3562,166365.0,3938.0,592.0,3844.0,1651.0,381,229,1431,378,155,209,1,,385,1
2024,HH2024000245,121.3357,G1,1,G1,68,3,G2,171495.0,23665.0,146332.0,145136.0,1278.0,693,170217.0,5595.0,228.0,5208.0,3075.0,1216,395,893,210,168,138,1,250.0,425,3
2024,HH2024000246,271.4654,G2,2,G2,87,1,G2,122137.0,911.0,120317.0,118790.0,1879.0,1078,120258.0,1768.0,816.0,1662.0,3554.0,1019,263,2158,534,229,241,2,286.0,207,3
2024,HH2024000247,272.8732,G2,4,G2,60,1,G1,127171.0,9374.0,117687.0,116682.0,5814.0,5194,121357.0,3425.0,310.0,3394.0,71.0,16,6,2726,443,398,317,2,125.0,489,1
2024,HH2024000248,287.0604,G1,1,G2,30,1,G3,33914.0,21749.0,12331.0,11619.0,29634.0,18516,4280.0,3130.0,81.0,2857.0,1898.0,746,341,2775,678,594,190,2,242.0,348,2
2024,HH2024000249,164.4111,G2,4,G1,84,2,G3,92717.0,1892.0,86849.0,85884.0,15580.0,10465,77137.0,5766.0,902.0,5528.0,2802.0,575,467,1612,391,352,194,2,120.0,263,2
2024,HH2024000250,296.8536,G1,5,G2,70,1,G3,93391.0,29972.0,63062.0,61095.0,27433.0,14546,65958.0,1467.0,132.0,993.0,1828.0,542,214,2452,408,570,476,1,256.0,245,3
2024,HH2024000251,246.2278,G2,3,G2,78,1,G3,46806.0,4988.0,39417.0,38844.0,3594.0,2931,43212.0,3912.0,1931.0,2797.0,400.0,144,74,2889,445,504,193,2,279.0,226,3
2024,HH2024000252,213.2968,G2,3,G1,37,3,G1,36951.0,23913.0,10824.0,10202.0,24083.0,16361,12868.0,6669.0,1676.0,6448.0,2622.0,929,453,2564,477,288,346,2,191.0,401,3
2024,HH2024000253,158.0645,G2,1,G2,57,1,G1,59056.0,25214.0,33692.0,31998.0,29803.0,15943,29253.0,,1851.0,654.0,1624.0,386,108,1686,417,200,88,2,120.0,263,2
2024,HH2024000254,260.6078,G2,4,G1,57,3,G2,156053.0,15160.0,138020.0,137279.0,39049.0,26911,117004.0,959.0,205.0,412.0,2470.0,843,347,1152,159,157,113,2,140.0,478,4
2024,HH2024000255,241.0344,G2,5,G2,46,1,G2,162289.0,24107.0,138108.0,136301.0,12771.0,10029,149518.0,6569.0,929.0,5965.0,5.0,1,0,1429,392,222,234,2,201.0,268,2
2024,HH2024000256,196.3896,G1,5,G2,80,2,G2,140034.0,26544.0,113369.0,111420.0,21816.0,15035,118218.0,6988.0,1648.0,5605.0,45.0,15,7,1404,212,251,189,2,259.0,226,5
2024,HH2024000257,299.2865,G2,3,G2,41,1,G2,41283.0,22031.0,15367.0,15235.0,19324.0,17149,21959.0,3444.0,1151.0,2747.0,2411.0,610,153,2968,795,584,184,2,203.0,455,5
2024,HH2024000258,112.3653,G1,1,G2,34,5,G3,125809.0,21237.0,104317.0,102981.0,13915.0,11809,111894.0,367.0,613.0,0.0,3929.0,1422,328,2331,305,289,274,1,195.0,433,4
2024,HH2024000259,210.4385,G2,2,G1,44,4,G2,34173.0,11658.0,19206.0,,25591.0,18065,8582.0,4325.0,1663.0,3968.0,2557.0,797,286,2646,655,339,163,2,220.0,355,1
2024,HH2024000260,130.2818,G2,2,G2,89,1,G2,114506.0,8773.0,104163.0,102405.0,22598.0,19800,91908.0,2396.0,618.0,2144.0,3770.0,1300,330,2443,518,307,259,1,293.0,449,5
2024,HH2024000261,164.4608,G2,1,G2,36,2,G3,31234.0,26031.0,5281.0,5051.0,33319.0,27473,0.0,4699.0,1947.0,3496.0,3388.0,1314,224,1691,392,360,279,2,257.0,417,5
2024,HH2024000262,134.7366,G1,1,G2,64,3,G2,52927.0,6729.0,44552.0,42777.0,1136.0,735,51791.0,1119.0,201.0,122.0,1125.0,417,162,2475,729,359,219,1,130.0,252,3
2024,HH2024000263,133.6388,G1,3,G1,40,1,G3,34817.0,12435.0,19914.0,18376.0,8876.0,7176,25941.0,6441.0,1411.0,6040.0,409.0,145,51,2099,231,262,247,2,139.0,324,2
2024,HH2024000264,144.2065,G1,1,G1,53,2,G2,156758.0,15376.0,141102.0,140030.0,23170.0,16273,133588.0,5482.0,26.0,4746.0,2234.0,576,163,2350,305,387,293,1,171.0,476,4
2024,HH2024000265,64.1699,G1,1,G2,63,3,G3,101606.0,11721.0,85729.0,85314.0,22950.0,16424,78656.0,5161.0,1828.0,4403.0,2481.0,523,342,1252,145,171,222,1,154.0,403,4
2024,HH2024000266,59.9653,G1,5,G2,31,1,G3,149704.0,11189.0,138949.0,138416.0,36097.0,25565,113607.0,4098.0,710.0,4028.0,3081.0,970,182,1079,220,167,73,1,247.0,386,4
2024,HH2024000267,231.2306,G1,4,G2,44,4,G2,21917.0,17975.0,3906.0,,26994.0,22174,0.0,1761.0,40.0,398.0,2084.0,431,223,950,247,212,125,2,298.0,253,4
2024,HH2024000268,127.7271,G2,5,G1,65,1,G2,125535.0,9884.0,112617.0,110923.0,173.0,150,125362.0,7514.0,1670.0,6333.0,3681.0,1261,621,1222,135,183,66,1,214.0,360,5
2024,HH2024000269,55.3037,G1,2,G2,30,4,G3,105917.0,29662.0,73773.0,71978.0,19565.0,12283,86352.0,2126.0,1934.0,1323.0,3375.0,1172,619,2946,753,371,188,2,278.0,249,5
2024,HH2024000270,70.3703,G2,2,G2,59,5,G2,9113.0,5337.0,1003.0,0.0,33812.0,25587,0.0,2929.0,1839.0,1856.0,2343.0,732,203,2855,532,385,237,2,186.0,401,4
2024,HH2024000271,98.9623,G1,4,G2,66,1,G2,145677.0,11669.0,131454.0,130989.0,34925.0,26241,110752.0,7410.0,971.0,7247.0,2205.0,515,394,865,249,90,136,2,237.0,266,2
2024,HH2024000272,62.0531,G2,4,G2,42,1,G2,33430.0,25358.0,8195.0,7067.0,32077.0,27425,1353.0,325.0,123.0,0.0,75.0,28,13,1884,332,443,105,2,240.0,286,5
2024,HH2024000273,286.5368,G2,2,G1,39,2,G2,158337.0,14265.0,143289.0,141626.0,19097.0,12964,139240.0,1000.0,455.0,40.0,3123.0,996,440,2850,846,582,546,2,158.0,372,5
2024,HH2024000274,192.0902,G2,5,G2,59,4,G2,28224.0,21150.0,5328.0,,4244.0,2444,23980.0,6093.0,61.0,4686.0,2722.0,824,537,2386,504,404,272,2,246.0,207,3
2024,HH2024000275,148.5061,G2,4,G2,73,1,G4,74274.0,19408.0,56199.0,54418.0,8533.0,4959,65741.0,2943.0,88.0,1647.0,3584.0,1123,311,2030,604,373,356,1,207.0,409,1
2024,HH2024000276,183.1781,G2,2,G1,30,1,G2,33633.0,9939.0,20739.0,20720.0,33873.0,17631,0.0,4636.0,317.0,3760.0,372.0,80,22,1997,452,275,166,2,215.0,332,5
2024,HH2024000277,78.205,G1,1,G1,50,3,G2,101240.0,22324.0,79473.0,78470.0,13624.0,7360,87616.0,4644.0,1126.0,4212.0,584.0,203,103,1315,222,211,132,2,150.0,353,3
2024,HH2024000278,225.4614,G2,1,G2,89,1,G1,97123.0,7130.0,89455.0,89364.0,30541.0,18950,66582.0,6619.0,1532.0,5590.0,2684.0,569,331,2811,732,415,447,1,163.0,423,3
2024,HH2024000279,292.3976,G1,5,G1,50,2,G2,119652.0,22493.0,97532.0,96309.0,1447.0,782,118205.0,4962.0,1169.0,4194.0,1957.0,617,199,707,139,158,75,1,271.0,431,4
2024,HH2024000280,82.6643,G2,5,G1,49,2,G2,4802.0,3844.0,1232.0,0.0,19641.0,16664,0.0,3409.0,409.0,2795.0,2349.0,549,136,2671,432,564,336,2,223.0,475,1
2024,HH2024000281,88.15,G2,3,G2,74,5,G2,133877.0,20822.0,113269.0,112645.0,38015.0,24512,95862.0,4394.0,1203.0,3327.0,1738.0,419,103,2678,523,381,458,2,126.0,253,5
2024,HH2024000282,207.1658,G1,4,G2,58,1,G1,150427.0,3375.0,143857.0,142269.0,9808.0,6349,140619.0,5905.0,461.0,4573.0,2562.0,631,162,1153,316,247,170,1,209.0,329,1
2024,HH2024000283,87.9825,G2,5,G2,53,4,G2,97517.0,26064.0,69343.0,67441.0,1221.0,980,96296.0,3032.0,922.0,2775.0,2634.0,534,204,1779,438,202,312,2,223.0,228,2
2024,HH2024000284,81.5132,G1,1,G1,77,2,G1,47608.0,18764.0,27218.0,26304.0,11524.0,7151,36084.0,1368.0,1777.0,539.0,757.0,286,148,2711,365,353,170,1,259.0,279,3
2024,HH2024000285,217.621,G2,5,G1,31,4,G1,26409.0,1213.0,24222.0,23353.0,2521.0,1981,23888.0,3890.0,269.0,2723.0,3041.0,1097,280,1685,451,195,237,2,270.0,365,4
2024,HH2024000286,204.6644,G2,3,G1,72,1,G3,45550.0,3264.0,41709.0,41329.0,24490.0,20301,21060.0,7996.0,1749.0,7508.0,1974.0,407,340,1250,232,169,175,2,230.0,239,1
2024,HH2024000287,104.4343,G2,3,G1,52,2,G3,100805.0,5622.0,90494.0,90438.0,7670.0,4940,93135.0,897.0,541.0,385.0,2302.0,486,121,675,78,90,95,2,102.0,333,3
2024,HH2024000288,255.7947,G2,1,G2,83,3,G3,40908.0,28806.0,8928.0,8115.0,9852.0,6808,31056.0,1389.0,1340.0,1375.0,2471.0,881,242,1602,207,376,221,2,199.0,480,1
2024,HH2024000289,76.3127,G1,4,G1,73,3,G3,164666.0,17683.0,144106.0,143224.0,23507.0,14783,141159.0,7960.0,522.0,7476.0,2977.0,599,553,1194,135,178,189,2,141.0,221,5
2024,HH2024000290,133.1437,G2,4,G1,86,1,G1,159083.0,8374.0,149893.0,148357.0,13014.0,8709,146069.0,6638.0,328.0,5759.0,1201.0,352,93,2628,618,402,464,1,103.0,269,2
2024,HH2024000291,234.7169,G2,1,G2,37,1,G3,33162.0,8304.0,26445.0,24721.0,26020.0,19054,7142.0,936.0,900.0,0.0,27.0,5,2,2652,401,304,223,1,284.0,284,3
2024,HH2024000292,203.4753,G1,4,G1,41,1,G2,121103.0,774.0,117354.0,117137.0,37233.0,23823,83870.0,1699.0,762.0,911.0,726.0,231,126,1310,156,143,86,2,133.0,473,4
2024,HH2024000293,200.0177,G1,1,G1,84,1,G3,97975.0,6095.0,89748.0,89443.0,37251.0,25541,60724.0,5526.0,1014.0,5090.0,3863.0,1543,263,1026,177,136,62,2,149.0,420,1
2024,HH2024000294,221.5685,G1,2,G2,53,3,G2,99253.0,25659.0,73227.0,72107.0,29173.0,20377,70080.0,6260.0,472.0,5043.0,890.0,208,51,1226,335,147,90,2,167.0,255,1
2024,HH2024000295,211.6157,G2,4,G1,78,5,G2,129733.0,17965.0,110944.0,110193.0,38748.0,19753,90985.0,5871.0,1956.0,5590.0,997.0,390,194,1504,339,228,223,2,193.0,410,5
2024,HH2024000296,268.5677,G2,4,G1,71,2,G2,97650.0,11027.0,87738.0,86334.0,29442.0,16648,68208.0,6890.0,1343.0,6610.0,3432.0,1280,379,2171,428,277,244,2,220.0,205,3
2024,HH2024000297,192.1918,G1,1,G2,59,1,G1,53546.0,636.0,49196.0,48552.0,2714.0,1944,50832.0,4054.0,1681.0,3273.0,942.0,374,140,880,217,111,90,2,162.0,439,2
2024,HH2024000298,150.3211,G1,3,G2,32,1,G2,95438.0,10288.0,85157.0,84326.0,38237.0,19159,57201.0,7013.0,1559.0,5790.0,1858.0,656,128,2999,345,591,559,2,258.0,267,4
2024,HH2024000299,241.5223,G1,2,G2,34,1,G2,35915.0,11486.0,21252.0,20364.0,22672.0,17722,13243.0,4768.0,1448.0,4450.0,1482.0,550,123,2250,622,542,416,1,131.0,413,5
2024,HH2024000300,114.8099,G1,4,G2,73,1,G4,46577.0,3558.0,39356.0,38154.0,231.0,199,46346.0,3805.0,284.0,3783.0,2644.0,843,314,827,112,84,108,2,291.0,347,4
2024,HH2024000301,239.898,G1,5,G1,35,3,G1,164390.0,18216.0,146084.0,145945.0,24820.0,19901,139570.0,5091.0,1176.0,4006.0,2378.0,888,359,1286,134,264,152,2,271.0,420,3
2024,HH2024000302,119.996,G2,4,G2,30,1,G2,50737.0,19812.0,29574.0,,9779.0,6118,40958.0,3430.0,1795.0,2550.0,2059.0,457,193,2252,388,447,203,2,219.0,304,4
2024,HH2024000303,170.0952,G1,4,G2,43,1,G2,120011.0,29945.0,90410.0,89733.0,21376.0,14534,98635.0,4851.0,192.0,3823.0,2006.0,698,366,1759,196,330,209,2,109.0,359,5
2024,HH2024000304,234.7983,G2,3,G1,84,3,G1,59464.0,10763.0,44971.0,44546.0,26318.0,20009,33146.0,6670.0,925.0,6075.0,3336.0,1086,557,1817,242,370,202,2,245.0,472,2
2024,HH2024000305,206.9148,G1,3,G1,67,1,G2,80529.0,8279.0,70995.0,69715.0,1111.0,857,79418.0,7665.0,368.0,7488.0,2325.0,492,308,603,149,106,30,1,,440,4
2024,HH2024000306,71.4223,G2,2,G2,73,1,G2,61869.0,24689.0,37343.0,37073.0,17530.0,15619,44339.0,4635.0,1590.0,4138.0,2033.0,525,241,1526,276,364,249,2,224.0,363,5
2024,HH2024000307,161.6399,G1,5,G1,69,1,G2,99689.0,10512.0,86496.0,85316.0,2220.0,1547,97469.0,45.0,1862.0,0.0,3549.0,863,507,2036,206,251,235,1,,476,2
2024,HH2024000308,252.9639,G1,2,G1,63,1,G2,106374.0,18918.0,83750.0,83629.0,4512.0,2706,101862.0,4970.0,103.0,4321.0,373.0,104,59,2374,543,406,198,2,186.0,235,5
2024,HH2024000309,299.1912,G1,5,G1,45,2,G1,119392.0,22125.0,93170.0,92643.0,8452.0,5450,110940.0,2015.0,1602.0,682.0,3333.0,798,234,1617,390,320,242,2,183.0,410,1
2024,HH2024000310,166.6995,G2,4,G2,55,1,G2,75051.0,26397.0,47682.0,46230.0,31249.0,27154,43802.0,1888.0,721.0,1553.0,791.0,201,140,1887,529,445,221,2,221.0,387,2
2024,HH2024000311,71.4814,G2,5,G1,62,2,G3,101053.0,9560.0,87572.0,86829.0,16525.0,12444,84528.0,7049.0,1927.0,6582.0,1326.0,343,163,1055,138,182,102,2,166.0,276,2
2024,HH2024000312,141.5464,G1,4,G2,89,1,G3,131343.0,18676.0,111142.0,109341.0,1882.0,1591,129461.0,3569.0,29.0,3294.0,53.0,16,10,2494,676,614,211,1,180.0,316,1
2024,HH2024000313,172.4807,G2,2,G1,83,1,G1,114552.0,3932.0,108702.0,107991.0,29883.0,23596,84669.0,6323.0,382.0,5467.0,2285.0,518,441,2244,542,445,132,2,281.0,321,4
2024,HH2024000314,68.3571,G2,2,G2,74,2,G2,110359.0,23378.0,86570.0,85190.0,21754.0,19277,88605.0,2955.0,1436.0,1748.0,3326.0,825,181,2359,501,483,295,1,190.0,403,3
2024,HH2024000315,266.0647,G1,1,G1,78,1,G3,47687.0,1350.0,44931.0,44872.0,5664.0,3967,42023.0,4854.0,1556.0,3530.0,1527.0,402,164,2169,330,483,230,2,218.0,387,2
2024,HH2024000316,184.6978,G2,5,G1,78,1,G1,103839.0,20896.0,81791.0,79839.0,22498.0,19797,81341.0,5322.0,158.0,4981.0,2653.0,768,342,2962,567,622,166,1,,435,5
2024,HH2024000317,154.0289,G1,1,G2,70,1,G1,90510.0,6270.0,81774.0,80543.0,9950.0,8500,80560.0,0.0,320.0,0.0,1572.0,326,205,2699,376,481,463,2,288.0,397,2
2024,HH2024000318,149.2961,G2,5,G2,79,1,G1,156749.0,13877.0,144110.0,142694.0,25438.0,21297,131311.0,1571.0,676.0,466.0,3036.0,1213,526,2527,615,545,432,2,212.0,495,5
2024,HH2024000319,57.0771,G2,4,G1,34,1,G1,60904.0,2290.0,57205.0,56555.0,37903.0,33189,23001.0,4489.0,69.0,4421.0,3994.0,1038,284,1338,322,140,165,2,153.0,448,4
2024,HH2024000320,179.7189,G1,1,G2,31,5,G3,69248.0,20660.0,48937.0,48361.0,12625.0,8966,56623.0,3246.0,1563.0,2179.0,2860.0,736,410,666,92,159,117,2,120.0,372,5
2024,HH2024000321,168.894,G2,5,G2,56,1,G3,128929.0,14464.0,113355.0,112482.0,29818.0,23768,99111.0,3710.0,1339.0,3509.0,1361.0,423,260,501,75,111,61,1,271.0,205,1
2024,HH2024000322,136.4713,G1,1,G1,33,1,G2,119192.0,19908.0,95801.0,95290.0,944.0,681,118248.0,6789.0,1497.0,6739.0,3297.0,1222,657,2448,685,478,184,2,204.0,310,5
2024,HH2024000323,214.6693,G2,1,G2,50,1,G2,77943.0,10425.0,64106.0,64065.0,16285.0,13199,61658.0,1086.0,939.0,917.0,151.0,43,7,2747,533,303,350,2,213.0,238,1
2024,HH2024000324,152.7581,G2,3,G1,41,1,G3,830.0,201.0,1340.0,7.0,35559.0,28642,0.0,4371.0,1280.0,3050.0,3947.0,985,773,2124,446,306,205,2,290.0,330,4
2024,HH2024000325,192.941,G2,1,G2,87,3,G1,126749.0,17429.0,107169.0,105736.0,2984.0,2397,123765.0,3102.0,1145.0,2081.0,3358.0,1051,229,2302,671,317,271,1,174.0,497,4
2024,HH2024000326,271.2606,G1,1,G1,69,3,G1,131566.0,20959.0,111889.0,110538.0,37168.0,24953,94398.0,7168.0,1388.0,5984.0,2613.0,774,341,724,102,100,141,2,120.0,320,1
2024,HH2024000327,140.9717,G1,4,G2,32,5,G1,159554.0,19943.0,140657.0,139550.0,3745.0,3065,155809.0,1731.0,901.0,696.0,2483.0,706,215,1913,431,384,197,2,234.0,445,1
2024,HH2024000328,149.481,G2,5,G2,67,1,G3,87807.0,7864.0,76428.0,75381.0,19279.0,16398,68528.0,1860.0,1302.0,666.0,1009.0,400,142,2013,512,465,165,1,294.0,335,1
2024,HH2024000329,266.476,G2,1,G2,73,1,G2,98925.0,21496.0,79237.0,77266.0,7241.0,5463,91684.0,726.0,1290.0,0.0,1725.0,688,95,891,146,180,61,1,133.0,373,1
2024,HH2024000330,139.5235,G2,4,G1,49,3,G2,17581.0,16254.0,1053.0,0.0,825.0,562,16756.0,3519.0,1282.0,2306.0,405.0,126,34,2377,384,376,434,2,297.0,209,1
2024,HH2024000331,159.8407,G1,4,G2,82,1,G2,75915.0,6305.0,70362.0,68951.0,13971.0,11753,61944.0,86.0,1744.0,2.0,1355.0,289,128,1338,373,328,69,1,208.0,406,5
2024,HH2024000332,250.2031,G2,1,G1,88,1,G1,6476.0,3339.0,1059.0,226.0,23234.0,18851,0.0,4003.0,699.0,3130.0,2358.0,738,441,992,118,227,184,2,212.0,274,2
2024,HH2024000333,197.9667,G2,1,G1,88,1,G2,87478.0,9759.0,75174.0,75108.0,28895.0,19875,58583.0,1788.0,1757.0,656.0,1448.0,565,199,2239,294,454,132,1,291.0,338,5
2024,HH2024000334,283.4715,G2,3,G1,35,1,G3,110925.0,690.0,106740.0,106041.0,12637.0,9249,98288.0,3204.0,56.0,1714.0,3083.0,1187,481,1587,289,253,258,1,166.0,496,1
2024,HH2024000335,167.6657,G1,4,G2,56,3,G3,144303.0,21483.0,119327.0,117885.0,19696.0,15251,124607.0,4841.0,972.0,4303.0,3412.0,829,516,1840,477,372,173,2,249.0,267,4
2024,HH2024000336,169.7566,G1,2,G2,76,3,G2,103587.0,453.0,100673.0,99405.0,7299.0,5659,96288.0,5475.0,883.0,5207.0,2246.0,534,244,1856,354,299,162,1,101.0,478,3
2024,HH2024000337,60.7321,G1,3,G2,56,2,G1,124595.0,1452.0,122197.0,120810.0,29184.0,18222,95411.0,489.0,1736.0,0.0,1363.0,314,71,2056,316,253,158,1,234.0,448,3
2024,HH2024000338,99.3258,G2,3,G1,58,1,G4,104789.0,4745.0,101306.0,99811.0,6758.0,4170,98031.0,1189.0,90.0,1081.0,1214.0,441,80,1532,281,295,107,1,103.0,214,4
2024,HH2024000339,184.9998,G2,4,G2,49,3,G2,131369.0,9781.0,117412.0,116976.0,34441.0,29444,96928.0,2542.0,433.0,1378.0,2186.0,651,259,2536,479,519,151,1,100.0,310,2
2024,HH2024000340,96.7777,G2,2,G2,55,2,G2,69018.0,596.0,67244.0,65618.0,7170.0,6272,61848.0,4155.0,937.0,3099.0,2878.0,770,550,2690,660,409,197,2,177.0,493,1
2024,HH2024000341,163.3958,G1,4,G2,71,3,G1,110311.0,18896.0,91756.0,90328.0,26562.0,17552,83749.0,7068.0,1630.0,6032.0,506.0,134,44,1709,467,409,236,2,174.0,336,2
2024,HH2024000342,120.8293,G2,5,G2,31,1,G1,102573.0,3971.0,96509.0,95894.0,13233.0,11451,89340.0,1110.0,928.0,670.0,1791.0,456,277,922,151,210,124,2,256.0,437,5
2024,HH2024000343,55.2033,G2,3,G1,77,5,G2,111937.0,24096.0,86890.0,85883.0,39860.0,27434,72077.0,542.0,1277.0,362.0,1762.0,663,306,1197,289,224,110,1,278.0,475,3
2024,HH2024000344,168.7774,G1,4,G2,73,1,G2,104225.0,16775.0,87415.0,85700.0,11224.0,6362,93001.0,5033.0,357.0,4121.0,1146.0,323,213,2428,583,264,369,1,288.0,200,5
2024,HH2024000345,211.5675,G1,1,G2,38,2,G2,122045.0,2500.0,117613.0,117279.0,37949.0,30099,84096.0,7831.0,1886.0,7287.0,950.0,236,89,1141,289,117,188,2,224.0,419,5
2024,HH2024000346,134.5584,G1,5,G2,76,3,G1,51609.0,12008.0,36439.0,35834.0,33456.0,17342,18153.0,6641.0,1568.0,6054.0,3364.0,1150,638,2445,525,479,481,1,130.0,474,1
2024,HH2024000347,244.1317,G2,2,G1,61,4,G2,52556.0,4207.0,47914.0,47530.0,18718.0,10211,33838.0,4523.0,85.0,4242.0,1729.0,565,244,2155,221,478,249,1,234.0,373,1
2024,HH2024000348,86.5135,G1,1,G1,49,4,G2,112057.0,29422.0,78424.0,77815.0,19812.0,17363,92245.0,159.0,1408.0,0.0,2306.0,791,291,1620,374,283,172,1,197.0,488,1
2024,HH2024000349,72.8229,G1,3,G1,57,1,G2,114896.0,17775.0,97218.0,96809.0,14151.0,10005,100745.0,4609.0,258.0,3362.0,153.0,55,25,816,181,84,159,2,205.0,409,1
2024,HH2024000350,283.7104,G2,2,G2,61,2,G2,102183.0,24260.0,78800.0,77188.0,17105.0,10375,85078.0,3655.0,1119.0,2316.0,1133.0,249,97,1848,410,224,353,2,200.0,388,3
2024,HH2024000351,280.4141,G2,3,G1,42,1,G3,44522.0,11231.0,31892.0,29910.0,18639.0,12901,25883.0,3575.0,1416.0,3052.0,894.0,179,153,2231,348,293,421,1,276.0,237,1
2024,HH2024000352,151.6361,G2,5,G2,66,2,G4,128672.0,4403.0,125481.0,123543.0,5833.0,4265,122839.0,3941.0,1851.0,3728.0,1314.0,276,193,883,105,171,124,1,176.0,436,5
2024,HH2024000353,154.983,G2,3,G1,67,1,G2,92807.0,7047.0,82588.0,81872.0,12916.0,9758,79891.0,4492.0,141.0,4442.0,3366.0,1149,571,2562,353,442,365,2,292.0,456,3
2024,HH2024000354,262.7589,G2,2,G1,52,1,G2,81199.0,12503.0,66887.0,65023.0,35035.0,22397,46164.0,5762.0,574.0,5479.0,2286.0,884,407,987,141,113,186,1,207.0,299,4
2024,HH2024000355,182.6303,G2,5,G1,57,4,G3,156974.0,23115.0,131873.0,131710.0,39156.0,25645,117818.0,1536.0,1380.0,1522.0,3608.0,960,514,1531,206,268,186,2,237.0,247,5
2024,HH2024000356,79.2784,G2,2,G1,66,3,G1,80613.0,12929.0,65634.0,65412.0,2192.0,1578,78421.0,597.0,524.0,0.0,1691.0,602,93,1829,272,421,150,2,285.0,371,1
2024,HH2024000357,78.7184,G1,5,G1,60,1,G3,57084.0,27859.0,24877.0,24226.0,29293.0,21989,27791.0,411.0,1425.0,0.0,3080.0,1065,291,2347,266,389,464,1,262.0,481,3
2024,HH2024000358,82.7827,G2,5,G2,56,1,G2,162499.0,10863.0,148236.0,147660.0,9581.0,8321,152918.0,3248.0,366.0,2075.0,642.0,253,116,1061,163,129,187,1,187.0,419,4
2024,HH2024000359,245.1913,G2,3,G2,87,1,G2,67549.0,6997.0,59227.0,57392.0,26155.0,17181,41394.0,4063.0,327.0,3565.0,3261.0,959,469,1339,401,249,78,2,140.0,443,5
2024,HH2024000360,200.4741,G2,4,G1,82,1,G2,149741.0,14867.0,135688.0,134169.0,24858.0,21126,124883.0,6283.0,1088.0,5035.0,2441.0,569,447,2516,508,602,168,2,127.0,368,5
2024,HH2024000361,124.9415,G1,4,G1,52,1,G2,83809.0,3334.0,79033.0,77527.0,35155.0,31544,48654.0,3467.0,1378.0,3213.0,155.0,54,16,1323,223,155,241,2,172.0,325,2
2024,HH2024000362,90.5184,G1,5,G2,73,4,G3,56637.0,20096.0,37954.0,36342.0,28092.0,17855,28545.0,4257.0,410.0,3911.0,2756.0,1002,346,2040,497,251,194,2,233.0,291,2
2024,HH2024000363,80.8659,G1,3,G1,78,1,G2,60770.0,3028.0,57933.0,56483.0,32944.0,16831,27826.0,7813.0,1747.0,6440.0,1917.0,654,343,1494,289,276,230,2,259.0,442,4
2024,HH2024000364,235.3469,G1,3,G2,36,1,G1,159258.0,19226.0,137551.0,136543.0,32046.0,23770,127212.0,5998.0,1737.0,4675.0,0.0,0,0,641,67,96,43,2,106.0,394,4
2024,HH2024000365,271.4656,G1,2,G2,65,3,G2,155216.0,11476.0,141819.0,141702.0,25895.0,22307,129321.0,5527.0,162.0,4629.0,3387.0,928,361,1786,374,418,134,1,192.0,424,2
2024,HH2024000366,182.7696,G1,3,G2,77,1,G4,36379.0,10712.0,20726.0,20694.0,16411.0,8555,19968.0,2912.0,608.0,1998.0,2147.0,725,114,1394,224,288,225,1,288.0,451,3
2024,HH2024000367,243.1775,G1,4,G1,33,1,G3,171088.0,18325.0,150018.0,148067.0,13483.0,7804,157605.0,0.0,1112.0,0.0,2426.0,613,441,1162,248,141,228,1,264.0,493,5
2024,HH2024000368,120.7821,G2,3,G2,50,1,G2,149632.0,21151.0,129011.0,128008.0,13869.0,10685,135763.0,7360.0,981.0,6126.0,2308.0,667,387,2646,356,610,331,2,287.0,450,2
2024,HH2024000369,196.4159,G2,2,G2,77,1,G1,129441.0,27868.0,99062.0,97156.0,14346.0,11819,115095.0,4427.0,509.0,4081.0,362.0,89,42,2435,478,478,137,1,291.0,333,2
2024,HH2024000370,159.5097,G2,3,G1,86,1,G2,40503.0,8684.0,27560.0,27498.0,11542.0,6171,28961.0,618.0,1059.0,516.0,1328.0,306,175,1193,165,207,101,2,118.0,239,5
2024,HH2024000371,71.9235,G1,3,G2,89,3,G1,112869.0,24357.0,89253.0,87982.0,12428.0,8022,100441.0,3858.0,1925.0,3581.0,2806.0,581,226,1809,289,250,148,2,236.0,367,4
2024,HH2024000372,171.8417,G1,1,G1,66,1,G3,90830.0,25064.0,64402.0,63840.0,22723.0,13531,68107.0,729.0,615.0,194.0,1354.0,452,151,2299,545,453,437,2,210.0,333,2
2024,HH2024000373,261.6967,G1,4,G1,32,3,G3,53286.0,29870.0,19401.0,18673.0,10806.0,9573,42480.0,7850.0,438.0,7497.0,3553.0,1332,264,633,92,148,71,2,195.0,480,2
2024,HH2024000374,62.9456,G2,5,G2,31,4,G3,176602.0,28931.0,148901.0,147588.0,13945.0,10779,162657.0,4227.0,1476.0,3440.0,1270.0,333,103,734,134,77,141,2,259.0,211,5
2024,HH2024000375,169.2765,G1,2,G1,78,3,G1,114517.0,23713.0,91501.0,90511.0,28363.0,19577,86154.0,6279.0,1141.0,6072.0,1838.0,525,325,1849,211,288,330,1,286.0,456,2
2024,HH2024000376,268.3158,G2,2,G1,74,5,G4,25949.0,8842.0,14826.0,14557.0,13123.0,11088,12826.0,3766.0,1384.0,2901.0,1781.0,357,185,2826,670,679,332,2,192.0,389,4
2024,HH2024000377,247.518,G1,1,G1,41,4,G4,76859.0,20837.0,53256.0,51257.0,4262.0,3047,72597.0,157.0,1292.0,0.0,75.0,21,12,2818,585,443,151,2,229.0,221,3
2024,HH2024000378,173.3625,G1,3,G2,37,3,G2,150902.0,23540.0,127392.0,125968.0,675.0,583,150227.0,5107.0,1521.0,4959.0,3247.0,832,393,1623,426,171,318,2,195.0,272,2
2024,HH2024000379,92.8362,G1,3,G2,38,1,G3,78938.0,8743.0,67052.0,66331.0,30605.0,18225,48333.0,5224.0,1458.0,4794.0,542.0,170,32,2260,467,260,116,2,227.0,218,2
2024,HH2024000380,262.1315,G1,5,G2,82,1,G2,27869.0,24402.0,1242.0,0.0,37932.0,19380,0.0,1832.0,1211.0,1025.0,1876.0,716,195,1728,516,351,308,1,294.0,479,4
2024,HH2024000381,88.2836,G1,5,G2,75,3,G2,21787.0,21057.0,302.0,0.0,27302.0,18333,0.0,5731.0,908.0,5632.0,3631.0,1093,267,2761,409,566,309,2,262.0,393,5
2024,HH2024000382,119.2052,G2,4,G1,86,3,G1,32809.0,14722.0,17507.0,16648.0,2423.0,1409,30386.0,1808.0,920.0,810.0,3974.0,1331,612,1924,477,225,183,2,146.0,385,1
2024,HH2024000383,81.0688,G1,2,G2,36,3,G1,175660.0,25852.0,147537.0,146688.0,22534.0,18799,153126.0,5532.0,530.0,4402.0,920.0,313,171,2728,508,362,303,2,273.0,356,5
2024,HH2024000384,164.7523,G1,1,G1,71,2,G1,147913.0,2632.0,143617.0,142873.0,10834.0,7726,137079.0,5992.0,897.0,5450.0,1504.0,346,247,1408,246,259,145,2,205.0,320,2
2024,HH2024000385,207.2995,G1,3,G2,85,3,G2,35998.0,20516.0,15263.0,14296.0,12831.0,7897,23167.0,1099.0,1210.0,1086.0,2263.0,609,377,2827,696,573,433,1,216.0,251,4
2024,HH2024000386,256.7796,G2,4,G2,61,3,G2,106971.0,23585.0,84213.0,82384.0,36856.0,29832,70115.0,2334.0,1433.0,1583.0,2797.0,622,501,2313,673,285,314,2,122.0,419,2
2024,HH2024000387,165.3344,G2,1,G2,76,2,G1,106152.0,1211.0,102169.0,102156.0,32975.0,23437,73177.0,1306.0,1545.0,3.0,1000.0,288,166,2419,607,407,214,1,188.0,239,2
2024,HH2024000388,292.6801,G2,3,G2,66,1,G1,148460.0,12224.0,133202.0,132096.0,29413.0,20621,119047.0,5818.0,754.0,5380.0,2195.0,828,296,536,88,98,69,2,160.0,262,5
2024,HH2024000389,198.9642,G2,1,G2,30,1,G2,101523.0,15510.0,85830.0,83949.0,20035.0,11466,81488.0,1884.0,1465.0,611.0,3337.0,988,524,2515,507,270,278,1,117.0,493,4
2024,HH2024000390,201.1025,G2,2,G1,55,1,G3,141235.0,6242.0,132143.0,130366.0,23125.0,20768,118110.0,5125.0,874.0,3820.0,3049.0,887,342,905,129,120,170,1,270.0,227,5
2024,HH2024000391,93.822,G1,2,G1,45,1,G2,47850.0,26380.0,19929.0,18134.0,36636.0,27975,11214.0,3340.0,716.0,2919.0,3288.0,795,199,2840,636,675,522,2,125.0,485,1
2024,HH2024000392,97.529,G2,1,G2,35,1,G3,23010.0,18799.0,3019.0,2195.0,26432.0,22253,0.0,666.0,327.0,0.0,3553.0,931,553,972,175,225,138,2,,226,2
2024,HH2024000393,194.1565,G2,2,G2,65,1,G4,81520.0,8252.0,70868.0,69734.0,23159.0,18617,58361.0,7061.0,531.0,6998.0,3445.0,1334,545,2564,373,380,499,2,249.0,345,1
2024,HH2024000394,230.2199,G1,4,G2,85,4,G2,55078.0,13108.0,40915.0,39726.0,3882.0,2721,51196.0,5689.0,1359.0,4863.0,2046.0,533,170,2088,217,480,221,2,222.0,374,3
2024,HH2024000395,101.1767,G1,5,G2,33,1,G2,120415.0,3360.0,114947.0,113272.0,39858.0,20084,80557.0,2093.0,432.0,774.0,3896.0,1349,752,1481,422,288,93,2,268.0,234,3
2024,HH2024000396,171.0044,G2,4,G1,49,2,G2,58078.0,2627.0,52447.0,50538.0,32345.0,24797,25733.0,7036.0,153.0,5620.0,1977.0,412,114,2726,315,673,155,2,122.0,466,5
2024,HH2024000397,139.05,G1,2,G1,70,1,G4,87384.0,22393.0,61561.0,61052.0,14589.0,7882,72795.0,5670.0,543.0,5371.0,2838.0,640,455,1470,243,360,257,2,103.0,487,2
2024,HH2024000398,159.6909,G1,5,G1,48,3,G2,110449.0,29510.0,80477.0,80229.0,10004.0,8849,100445.0,6533.0,1981.0,5536.0,3770.0,988,736,659,91,126,70,2,270.0,266,4
2024,HH2024000399,105.5327,G1,3,G2,36,1,G3,152879.0,8303.0,144747.0,144218.0,38712.0,23215,114167.0,1424.0,299.0,1325.0,172.0,65,16,689,136,117,123,2,136.0,266,5
2024,HH2024000400,85.1807,G1,2,G2,41,2,G2,22161.0,7339.0,11304.0,10779.0,38248.0,24743,0.0,70.0,287.0,0.0,3734.0,910,697,2631,365,319,312,2,159.0,428,1
2024,HH2024000401,130.1253,G2,5,G2,31,2,G1,107639.0,20517.0,83486.0,82886.0,16810.0,12113,90829.0,494.0,806.0,0.0,3287.0,1135,571,1461,361,262,75,2,237.0,311,3
2024,HH2024000402,267.2292,G1,2,G2,89,1,G2,76509.0,15328.0,60178.0,58345.0,9254.0,6487,67255.0,4317.0,765.0,3355.0,3987.0,930,644,2548,369,407,329,2,206.0,211,2
2024,HH2024000403,251.3064,G2,4,G2,59,2,G3,10807.0,4183.0,5830.0,5400.0,31912.0,24318,0.0,6293.0,1840.0,5705.0,3090.0,996,596,550,75,108,76,2,140.0,425,1
2024,HH2024000404,75.4135,G1,1,G1,86,3,G3,146616.0,20018.0,123039.0,122195.0,25014.0,20345,121602.0,7306.0,475.0,5864.0,625.0,198,92,691,99,78,81,2,146.0,306,3
2024,HH2024000405,71.9521,G1,2,G1,71,3,G3,145633.0,6294.0,137812.0,137097.0,36003.0,28912,109630.0,7687.0,834.0,6550.0,1207.0,391,149,2970,473,668,521,2,267.0,322,2
2024,HH2024000406,173.2378,G1,5,G1,50,1,G2,30892.0,3452.0,26522.0,25978.0,21812.0,18828,9080.0,4789.0,581.0,4754.0,14.0,3,2,858,195,210,125,2,204.0,396,2
2024,HH2024000407,119.3456,G2,2,G2,86,4,G2,129718.0,13927.0,114352.0,113960.0,22073.0,15185,107645.0,5050.0,499.0,4931.0,2431.0,565,271,2219,314,291,232,1,284.0,373,2
2024,HH2024000408,255.8564,G1,5,G1,45,1,G3,128853.0,22182.0,107185.0,105191.0,5724.0,4085,123129.0,2322.0,644.0,1383.0,1749.0,659,172,1375,329,268,217,1,212.0,447,3
2024,HH2024000409,171.5453,G2,3,G2,40,1,G2,122845.0,15634.0,107052.0,105800.0,24124.0,20496,98721.0,9.0,514.0,0.0,1898.0,595,118,1750,325,385,171,2,232.0,439,2
2024,HH2024000410,263.1769,G2,5,G1,78,1,G1,90126.0,19448.0,69253.0,69049.0,14517.0,8897,75609.0,1556.0,1436.0,1321.0,2933.0,710,312,786,109,143,138,1,168.0,482,4
2024,HH2024000411,77.0497,G2,3,G2,63,1,G2,58537.0,7138.0,49338.0,48029.0,8218.0,4917,50319.0,444.0,1580.0,0.0,3280.0,927,559,1167,172,280,107,2,105.0,475,2
2024,HH2024000412,292.5193,G1,3,G1,55,1,G2,25500.0,14812.0,11828.0,10605.0,31251.0,15739,0.0,0.0,353.0,0.0,291.0,62,55,2395,492,423,359,1,201.0,389,4
2024,HH2024000413,241.7753,G1,2,G2,65,3,G2,28439.0,21388.0,5955.0,5237.0,13831.0,11001,14608.0,4024.0,991.0,2731.0,3667.0,1082,719,1839,323,258,206,1,,366,3
2024,HH2024000414,232.9691,G2,2,G1,88,2,G3,43304.0,15849.0,28182.0,26606.0,8503.0,6590,34801.0,6170.0,527.0,5209.0,1494.0,425,120,1760,356,300,114,2,181.0,338,2
2024,HH2024000415,285.054,G2,5,G2,46,5,G1,89606.0,7188.0,80782.0,79178.0,38422.0,23463,51184.0,1184.0,1735.0,0.0,3008.0,681,408,2862,751,495,413,2,272.0,399,5
2024,HH2024000416,167.5757,G2,3,G2,84,1,G3,54769.0,28643.0,22727.0,21154.0,38514.0,21258,16255.0,7300.0,202.0,5895.0,2325.0,671,317,1526,166,210,163,2,239.0,218,4
2024,HH2024000417,87.2222,G2,3,G1,84,2,G2,108947.0,2019.0,104267.0,102989.0,19782.0,10227,89165.0,5756.0,818.0,4505.0,1775.0,582,135,2509,448,547,364,1,201.0,320,3
2024,HH2024000418,174.2252,G1,2,G2,75,1,G4,121527.0,27326.0,93840.0,92957.0,11819.0,8215,109708.0,7245.0,662.0,6241.0,850.0,327,116,2312,423,445,302,1,208.0,282,3
2024,HH2024000419,253.806,G2,4,G2,39,1,G2,75987.0,21736.0,52099.0,51686.0,6472.0,3736,69515.0,5187.0,726.0,3709.0,758.0,258,79,1651,247,256,92,1,145.0,366,4
2024,HH2024000420,264.8857,G2,2,G1,35,1,G2,16556.0,3359.0,13185.0,13098.0,25068.0,20489,0.0,2714.0,1882.0,2689.0,2924.0,878,559,1232,232,201,99,1,275.0,476,4
2024,HH2024000421,172.1364,G2,2,G2,37,2,G3,87331.0,7655.0,79448.0,77612.0,24432.0,21500,62899.0,5009.0,1081.0,4875.0,1285.0,454,113,1385,295,215,214,1,111.0,344,4
2024,HH2024000422,233.0756,G2,1,G2,72,3,G2,135911.0,11062.0,125139.0,123457.0,24754.0,20069,111157.0,4831.0,760.0,4066.0,918.0,234,160,2678,581,447,321,2,109.0,374,1
2024,HH2024000423,111.7382,G1,5,G2,53,1,G1,90299.0,28728.0,59465.0,59063.0,30710.0,25815,59589.0,1447.0,1615.0,441.0,23.0,7,4,1264,295,226,151,1,256.0,320,2
2024,HH2024000424,107.6368,G2,1,G2,89,1,G1,138542.0,15503.0,122603.0,120998.0,18831.0,16878,119711.0,812.0,1554.0,0.0,3362.0,675,539,2134,246,319,107,2,105.0,302,3
2024,HH2024000425,196.5649,G2,5,G2,30,1,G1,54086.0,7742.0,43026.0,42931.0,27332.0,21765,26754.0,5202.0,289.0,4185.0,1582.0,339,130,811,155,180,77,2,201.0,404,3
2024,HH2024000426,155.4378,G1,2,G1,52,1,G2,42346.0,27599.0,12483.0,12009.0,26214.0,19055,16132.0,755.0,923.0,407.0,1393.0,452,124,1366,343,326,205,1,137.0,274,2
2024,HH2024000427,90.2631,G2,1,G1,45,2,G2,105731.0,3540.0,97797.0,97497.0,31824.0,26223,73907.0,802.0,824.0,0.0,1487.0,354,290,2836,541,505,519,2,236.0,463,5
2024,HH2024000428,240.3406,G1,5,G1,82,1,G2,158067.0,24496.0,133910.0,133229.0,29743.0,21579,128324.0,571.0,899.0,447.0,2394.0,808,146,1849,427,382,251,2,123.0,234,2
2024,HH2024000429,183.0369,G1,4,G2,37,3,G2,162186.0,24920.0,133183.0,132544.0,1437.0,967,160749.0,4977.0,697.0,4835.0,1927.0,630,130,2556,557,612,335,1,152.0,266,3
2024,HH2024000430,180.0981,G2,4,G1,54,5,G1,159420.0,11594.0,144899.0,143874.0,24760.0,12701,134660.0,7417.0,1647.0,6338.0,2176.0,462,428,1148,221,147,138,2,205.0,425,4
2024,HH2024000431,97.3274,G1,3,G1,82,1,G1,21021.0,1293.0,17081.0,16164.0,39016.0,29542,0.0,3976.0,1991.0,2531.0,1111.0,309,185,2403,278,308,364,2,175.0,224,2
2024,HH2024000432,110.2852,G2,4,G2,88,4,G3,37233.0,26586.0,6748.0,6520.0,22399.0,19240,14834.0,1219.0,53.0,466.0,1185.0,382,191,2962,671,328,502,2,140.0,323,3
2024,HH2024000433,223.177,G1,1,G1,84,3,G3,29273.0,29022.0,299.0,0.0,21190.0,16470,8083.0,4101.0,1713.0,3899.0,3451.0,1182,255,2812,581,467,233,2,112.0,313,4
2024,HH2024000434,262.9758,G2,2,G1,69,1,G2,154958.0,11344.0,144190.0,142549.0,24265.0,16055,130693.0,3858.0,1729.0,3787.0,1756.0,637,216,1589,160,237,249,1,103.0,480,2
2024,HH2024000435,94.303,G2,3,G2,39,3,G2,155262.0,5572.0,150782.0,149686.0,22399.0,16726,132863.0,4746.0,731.0,3277.0,3891.0,1035,685,2204,311,405,190,2,138.0,247,5
2024,HH2024000436,253.0864,G2,4,G2,35,1,G4,54046.0,8135.0,43763.0,41919.0,16078.0,13267,37968.0,3464.0,970.0,3045.0,3383.0,1242,336,2741,307,459,150,2,156.0,336,3
2024,HH2024000437,247.0238,G1,3,G2,54,3,G3,62143.0,4092.0,56539.0,56278.0,39758.0,32032,22385.0,4256.0,204.0,3298.0,2846.0,770,224,2534,542,325,155,2,123.0,337,4
2024,HH2024000438,253.728,G2,3,G1,58,3,G2,119817.0,18296.0,100330.0,99714.0,2834.0,1973,116983.0,2598.0,702.0,2108.0,2193.0,441,113,2945,303,467,167,2,201.0,445,4
2024,HH2024000439,195.436,G1,4,G2,60,4,G2,155651.0,15557.0,137356.0,137041.0,32570.0,20996,123081.0,7249.0,476.0,6928.0,3349.0,1078,480,578,155,60,53,2,277.0,362,5
2024,HH2024000440,137.9605,G2,1,G2,32,3,G1,39014.0,10677.0,28070.0,26222.0,6387.0,4207,32627.0,4301.0,1813.0,3300.0,222.0,55,20,1839,532,332,127,2,242.0,239,4
2024,HH2024000441,242.7552,G1,3,G1,70,3,G2,169054.0,19519.0,146666.0,146349.0,8258.0,7128,160796.0,2486.0,214.0,1378.0,1996.0,448,358,2478,731,348,155,2,161.0,461,3
2024,HH2024000442,169.9864,G1,2,G1,53,1,G2,145971.0,18672.0,124219.0,122618.0,24268.0,13782,121703.0,22.0,679.0,0.0,2852.0,717,263,2324,337,271,167,2,187.0,245,4
2024,HH2024000443,105.466,G2,3,G1,36,5,G1,12211.0,337.0,10598.0,10214.0,25517.0,21566,0.0,5429.0,961.0,4668.0,432.0,157,31,883,175,97,49,1,253.0,408,3
2024,HH2024000444,150.5967,G1,1,G2,84,2,G2,143036.0,12290.0,127742.0,126287.0,37086.0,21439,105950.0,3041.0,1955.0,2311.0,729.0,279,141,1930,536,399,195,2,292.0,281,5
2024,HH2024000445,164.4292,G1,5,G1,51,3,G3,124810.0,25905.0,97154.0,96244.0,11773.0,10505,113037.0,1992.0,1634.0,1106.0,261.0,102,50,913,216,125,158,1,210.0,236,3
2024,HH2024000446,176.3363,G1,5,G2,43,3,G1,172499.0,23873.0,148689.0,146751.0,1029.0,699,171470.0,3834.0,1872.0,2625.0,1944.0,506,296,728,116,144,96,2,139.0,257,4
2024,HH2024000447,274.3909,G1,5,G2,59,1,G3,61647.0,25646.0,31545.0,31406.0,10201.0,8093,51446.0,3880.0,620.0,2814.0,2165.0,630,409,778,207,172,46,2,273.0,483,2
2024,HH2024000448,152.7913,G2,5,G2,87,1,G3,179949.0,28629.0,149529.0,148880.0,21761.0,17229,158188.0,6426.0,535.0,6009.0,1874.0,675,139,2881,618,504,306,2,202.0,493,1
2024,HH2024000449,121.2027,G2,4,G1,79,3,G2,9614.0,1842.0,8580.0,7134.0,14294.0,11564,0.0,4340.0,1142.0,3970.0,219.0,57,26,1180,290,141,135,1,105.0,380,3
2024,HH2024000450,290.587,G1,2,G2,35,4,G1,20919.0,8109.0,13209.0,11378.0,10082.0,8224,10837.0,5607.0,681.0,4599.0,1945.0,538,156,1641,482,315,124,2,150.0,442,5
2024,HH2024000451,110.487,G2,1,G2,71,3,G3,85165.0,13781.0,68235.0,67157.0,36564.0,18853,48601.0,5176.0,31.0,4209.0,3552.0,878,432,1140,341,126,120,1,206.0,470,4
2024,HH2024000452,52.7791,G2,4,G1,69,1,G2,116571.0,15300.0,98890.0,98694.0,22469.0,13691,94102.0,6798.0,1624.0,6247.0,124.0,38,20,2735,549,608,274,2,261.0,304,2
2024,HH2024000453,262.4553,G2,5,G2,83,1,G2,51424.0,23587.0,26295.0,25037.0,26880.0,15909,24544.0,49.0,189.0,0.0,3103.0,1029,548,2722,357,583,337,1,270.0,427,5
2024,HH2024000454,288.6114,G2,2,G1,87,1,G2,66097.0,21732.0,41912.0,40956.0,29986.0,23372,36111.0,3010.0,391.0,2383.0,1089.0,287,55,2139,478,342,330,2,137.0,355,4
2024,HH2024000455,220.533,G1,5,G1,74,1,G1,80638.0,21186.0,60029.0,58480.0,16366.0,12656,64272.0,5723.0,1886.0,5220.0,299.0,61,32,2571,588,360,313,2,244.0,251,3
2024,HH2024000456,151.9124,G1,1,G1,69,4,G2,24054.0,4755.0,19940.0,18836.0,29418.0,18204,0.0,1127.0,1463.0,294.0,202.0,70,40,762,163,157,46,1,292.0,359,5
2024,HH2024000457,185.9387,G2,2,G1,51,2,G3,48924.0,20328.0,28190.0,26395.0,38550.0,31511,10374.0,3534.0,1284.0,3245.0,50.0,16,6,2999,553,555,174,2,259.0,213,4
2024,HH2024000458,258.0004,G2,4,G1,83,1,G2,50795.0,23877.0,22564.0,22319.0,28995.0,18111,21800.0,3208.0,258.0,2165.0,1659.0,404,156,1542,333,187,282,1,243.0,382,2
2024,HH2024000459,271.3351,G2,3,G2,86,1,G4,166302.0,22562.0,144352.0,143105.0,11874.0,7565,154428.0,6445.0,501.0,5100.0,1991.0,523,215,1501,310,321,231,1,259.0,278,1
2024,HH2024000460,75.6315,G1,4,G2,89,4,G2,161548.0,17489.0,141939.0,140465.0,31156.0,20548,130392.0,7704.0,411.0,6287.0,2485.0,972,244,989,285,148,146,2,211.0,231,2
2024,HH2024000461,266.9992,G2,2,G1,87,2,G3,101828.0,2648.0,95095.0,94284.0,9444.0,7534,92384.0,850.0,1282.0,180.0,324.0,105,37,2692,720,630,503,1,221.0,411,1
2024,HH2024000462,204.3375,G1,4,G2,68,1,G3,107522.0,4492.0,103497.0,102547.0,2904.0,1465,104618.0,1714.0,1001.0,1311.0,2616.0,834,305,924,165,207,121,1,206.0,304,1
2024,HH2024000463,58.0696,G2,2,G2,87,1,G1,43522.0,22294.0,21953.0,20563.0,17764.0,15322,25758.0,6193.0,721.0,5475.0,2959.0,970,372,2644,566,373,161,2,291.0,334,3
2024,HH2024000464,77.1214,G1,1,G1,76,1,G3,37959.0,26046.0,8480.0,7569.0,20383.0,15833,17576.0,1398.0,1491.0,1243.0,258.0,100,30,2287,487,316,359,1,172.0,225,5
2024,HH2024000465,61.3836,G2,3,G1,44,1,G3,81850.0,24760.0,57333.0,56548.0,18791.0,13804,63059.0,3975.0,1555.0,2974.0,2700.0,723,344,2430,491,388,180,1,255.0,223,4
2024,HH2024000466,287.1396,G2,3,G1,31,3,G2,164153.0,12801.0,148796.0,147634.0,10471.0,6229,153682.0,7554.0,1478.0,6911.0,475.0,121,25,575,64,126,86,2,104.0,475,3
2024,HH2024000467,156.6295,G1,3,G2,88,1,G3,93287.0,17618.0,73290.0,71683.0,10917.0,8888,82370.0,7802.0,211.0,7620.0,1757.0,483,102,2346,568,280,258,2,183.0,379,2
2024,HH2024000468,228.9039,G2,1,G2,55,1,G2,128034.0,5298.0,121440.0,121171.0,36850.0,31289,91184.0,,1217.0,6779.0,2646.0,953,279,2915,717,429,158,2,283.0,321,4
2024,HH2024000469,50.4293,G2,3,G2,82,1,G1,74689.0,17754.0,57224.0,55477.0,11662.0,8170,63027.0,1075.0,420.0,0.0,3483.0,780,636,1485,292,295,86,2,148.0,399,3
2024,HH2024000470,248.293,G1,1,G1,47,1,G2,54844.0,5861.0,46776.0,46376.0,31315.0,19320,23529.0,1193.0,544.0,851.0,2124.0,512,358,1624,455,170,176,2,258.0,418,1
2024,HH2024000471,170.5088,G1,5,G2,51,2,G2,148204.0,23852.0,122015.0,121820.0,10303.0,6719,137901.0,1408.0,1956.0,801.0,1741.0,427,115,780,231,84,108,1,200.0,234,3
2024,HH2024000472,280.9007,G2,1,G2,79,2,G1,98495.0,23565.0,70991.0,70630.0,4301.0,2866,94194.0,6155.0,830.0,4820.0,3333.0,1090,414,1724,452,369,130,2,126.0,476,1
2024,HH2024000473,180.2244,G1,5,G1,61,1,G1,114287.0,1534.0,109945.0,109792.0,2528.0,1573,111759.0,1432.0,1575.0,368.0,864.0,283,121,2183,623,389,144,2,121.0,396,3
2024,HH2024000474,247.2,G1,1,G1,70,1,G4,141897.0,28071.0,110889.0,108986.0,9729.0,7636,132168.0,3437.0,492.0,2239.0,820.0,224,100,1248,246,229,132,1,124.0,292,1
2024,HH2024000475,207.3667,G2,4,G1,49,3,G2,134145.0,23883.0,109646.0,109063.0,33651.0,21431,100494.0,6546.0,1944.0,5872.0,1865.0,476,288,2353,665,323,401,2,193.0,280,2
2024,HH2024000476,180.1346,G2,2,G2,66,4,G3,114156.0,11347.0,102950.0,,18208.0,15085,95948.0,3937.0,554.0,3197.0,481.0,168,96,714,204,128,119,2,161.0,226,5
2024,HH2024000477,287.061,G2,1,G2,59,1,G2,136154.0,13535.0,121778.0,,27801.0,19056,108353.0,7524.0,363.0,6779.0,88.0,18,5,2185,490,397,333,2,278.0,276,1
2024,HH2024000478,173.8998,G2,2,G1,85,1,G1,75078.0,2364.0,70520.0,69462.0,38516.0,28948,36562.0,3989.0,646.0,3314.0,1448.0,503,184,1970,256,319,224,1,252.0,300,1
2024,HH2024000479,273.0971,G2,1,G2,59,4,G3,73732.0,28089.0,46327.0,45476.0,1924.0,1691,71808.0,3038.0,346.0,2822.0,610.0,147,77,1074,140,262,124,2,128.0,263,2
2024,HH2024000480,59.0194,G2,4,G2,35,1,G2,84183.0,3024.0,78176.0,76858.0,4386.0,2975,79797.0,7746.0,1197.0,7685.0,2548.0,969,342,1361,264,146,114,2,200.0,401,5
2024,HH2024000481,214.3547,G1,5,G2,74,5,G2,80220.0,27672.0,50665.0,48689.0,36804.0,20909,43416.0,4376.0,288.0,3128.0,2194.0,620,164,1099,271,178,77,1,253.0,275,5
2024,HH2024000482,277.9154,G1,2,G2,87,3,G4,31055.0,19634.0,7780.0,6481.0,22718.0,16356,8337.0,1477.0,415.0,672.0,1943.0,638,283,2060,412,470,107,2,230.0,349,4
2024,HH2024000483,274.8188,G2,3,G2,82,1,G2,86625.0,27561.0,55675.0,54272.0,24715.0,17267,61910.0,5075.0,1404.0,4277.0,1985.0,445,112,2091,543,273,374,1,101.0,367,4
2024,HH2024000484,171.2634,G2,1,G1,36,1,G2,86569.0,11122.0,75618.0,75094.0,13651.0,11098,72918.0,6184.0,85.0,5291.0,394.0,98,63,1889,479,453,235,1,101.0,222,5
2024,HH2024000485,168.0243,G1,3,G1,89,5,G2,108666.0,26870.0,78301.0,78058.0,33071.0,27914,75595.0,6707.0,880.0,6089.0,1610.0,547,240,985,138,161,49,2,216.0,250,2
2024,HH2024000486,252.6284,G2,5,G2,50,1,G1,66338.0,12783.0,51210.0,51037.0,25853.0,20295,40485.0,45.0,1384.0,0.0,285.0,88,28,1042,131,128,134,2,284.0,221,3
2024,HH2024000487,133.754,G2,3,G2,80,1,G2,123000.0,10502.0,109421.0,108821.0,10308.0,9159,112692.0,867.0,890.0,163.0,1419.0,502,281,2527,609,287,224,1,110.0,407,1
2024,HH2024000488,284.2904,G1,5,G1,67,1,G2,57236.0,10111.0,43866.0,42757.0,25948.0,15768,31288.0,5028.0,43.0,4277.0,2710.0,847,472,1654,271,246,188,1,133.0,409,3
2024,HH2024000489,112.671,G1,4,G2,88,2,G1,128610.0,28559.0,97256.0,97136.0,155.0,92,128455.0,5935.0,316.0,5138.0,3945.0,1238,516,1589,454,378,239,2,137.0,238,5
2024,HH2024000490,68.5995,G1,1,G1,50,3,G2,54424.0,13966.0,40969.0,40443.0,9623.0,5932,44801.0,5221.0,1941.0,4985.0,1187.0,441,235,1270,347,305,217,1,163.0,420,1
2024,HH2024000491,242.981,G2,1,G1,66,2,G2,166672.0,14357.0,149254.0,147992.0,8157.0,6267,158515.0,3062.0,1544.0,2802.0,1056.0,300,184,2825,537,521,438,2,278.0,443,4
2024,HH2024000492,151.1811,G1,2,G2,70,1,G2,118834.0,19306.0,99088.0,97342.0,31432.0,18639,87402.0,6029.0,700.0,5759.0,2677.0,1014,189,1099,237,129,202,2,289.0,232,3
2024,HH2024000493,138.9443,G1,5,G1,39,2,G3,102493.0,16675.0,85504.0,83525.0,29405.0,15742,73088.0,4633.0,1747.0,4252.0,3671.0,1007,509,2422,652,408,206,2,161.0,235,5
2024,HH2024000494,130.2275,G1,1,G1,76,2,G3,83542.0,16234.0,64860.0,64388.0,3650.0,3252,79892.0,7407.0,13.0,7168.0,1179.0,313,161,2424,664,394,361,2,246.0,438,3
2024,HH2024000495,295.1106,G2,1,G1,38,1,G2,129324.0,11371.0,113599.0,113395.0,36258.0,22691,93066.0,2941.0,94.0,2605.0,3352.0,1192,495,1108,234,149,203,1,102.0,292,3
2024,HH2024000496,192.9192,G1,5,G2,79,3,G4,71429.0,4927.0,65015.0,63870.0,32725.0,19273,38704.0,6030.0,1769.0,4623.0,1259.0,254,240,529,155,58,50,1,202.0,303,1
2024,HH2024000497,297.9786,G1,1,G1,37,2,G3,151359.0,29836.0,122361.0,120485.0,17391.0,11191,133968.0,1150.0,1348.0,609.0,2557.0,599,316,1124,229,176,190,2,225.0,376,3
2024,HH2024000498,135.8952,G1,2,G1,40,1,G1,42279.0,14738.0,24718.0,23878.0,8478.0,4776,33801.0,0.0,1199.0,0.0,839.0,179,51,1172,126,182,223,1,272.0,220,5
2024,HH2024000499,153.4923,G1,4,G1,59,5,G1,155361.0,29167.0,124837.0,123029.0,16810.0,8645,138551.0,5853.0,689.0,5264.0,1048.0,316,127,2362,502,485,346,1,264.0,331,1
2024,HH2024000500,102.9407,G1,1,G1,40,1,G2,158424.0,13818.0,145764.0,144279.0,23583.0,14672,134841.0,2030.0,1634.0,793.0,3934.0,1280,661,1827,466,290,136,2,112.0,300,1
2024,HH2024000501,157.591,G2,1,G1,34,1,G1,57034.0,17982.0,38186.0,36389.0,25203.0,16007,31831.0,493.0,1216.0,0.0,1556.0,314,161,1576,468,160,140,1,182.0,446,5
2024,HH2024000502,65.5013,G2,4,G1,33,1,G2,53887.0,16372.0,35489.0,33588.0,13892.0,11452,39995.0,7942.0,870.0,6682.0,64.0,14,3,1690,204,174,256,2,115.0,419,2
2024,HH2024000503,50.1395,G1,1,G1,47,1,G2,176623.0,28972.0,143445.0,143231.0,4063.0,2739,172560.0,612.0,761.0,180.0,3088.0,804,294,2881,541,585,518,2,101.0,286,4
2024,HH2024000504,163.2684,G2,4,G2,59,1,G4,65651.0,3320.0,61739.0,60916.0,24391.0,19383,41260.0,3747.0,708.0,3604.0,509.0,131,77,2850,619,567,152,1,131.0,396,4
2024,HH2024000505,236.506,G1,3,G1,32,1,G2,122442.0,15525.0,104404.0,104305.0,28205.0,22402,94237.0,8.0,1150.0,0.0,442.0,96,27,563,155,69,55,2,286.0,320,3
2024,HH2024000506,159.2663,G2,2,G1,38,3,G2,37256.0,4605.0,28618.0,28530.0,10696.0,8723,26560.0,3339.0,1310.0,2286.0,3345.0,784,355,2609,634,599,221,1,152.0,344,3
2024,HH2024000507,179.5013,G1,4,G2,66,2,G4,93089.0,26040.0,65081.0,64131.0,25580.0,22188,67509.0,6567.0,1609.0,5586.0,1394.0,514,97,1403,205,279,158,2,247.0,420,4
2024,HH2024000508,161.404,G2,2,G1,49,1,G2,123475.0,15907.0,106793.0,105471.0,22758.0,15918,100717.0,4015.0,812.0,2959.0,552.0,187,67,2379,646,292,393,1,241.0,283,2
2024,HH2024000509,181.7011,G2,5,G1,75,3,G1,162838.0,27691.0,135998.0,134226.0,20054.0,10860,142784.0,1917.0,507.0,427.0,3903.0,1011,277,2962,689,423,371,2,273.0,373,1
2024,HH2024000510,243.901,G2,3,G2,80,3,G1,73896.0,8263.0,65677.0,65419.0,327.0,168,73569.0,3152.0,1112.0,2815.0,1122.0,283,74,1785,498,439,228,1,206.0,325,5
2024,HH2024000511,250.9466,G1,4,G2,31,1,G2,19607.0,4886.0,11337.0,11271.0,12292.0,7064,7315.0,738.0,1166.0,72.0,2531.0,546,391,2060,549,331,291,2,295.0,395,1
2024,HH2024000512,259.5145,G2,2,G2,86,5,G2,85736.0,18870.0,62256.0,62047.0,14978.0,12456,70758.0,4749.0,555.0,4014.0,1051.0,283,77,1572,197,213,200,2,185.0,314,1
2024,HH2024000513,103.1075,G2,5,G2,71,1,G2,103813.0,4373.0,98289.0,96436.0,33353.0,24339,70460.0,32.0,146.0,0.0,2324.0,649,170,686,200,122,105,2,257.0,480,4
2024,HH2024000514,164.4611,G2,2,G2,79,1,G3,146348.0,11182.0,132587.0,131264.0,33055.0,18380,113293.0,2796.0,665.0,1803.0,2787.0,1061,387,591,112,77,39,2,256.0,317,3
2024,HH2024000515,257.7514,G1,3,G1,58,1,G2,137881.0,9415.0,126043.0,125081.0,34950.0,19329,102931.0,485.0,141.0,412.0,3030.0,1056,171,1400,415,306,74,1,208.0,232,2
2024,HH2024000516,285.4698,G1,5,G1,30,1,G3,122282.0,6622.0,114126.0,113921.0,18520.0,15864,103762.0,1919.0,164.0,573.0,1644.0,486,90,2554,350,559,444,2,163.0,346,1
2024,HH2024000517,185.7458,G1,5,G2,83,1,G2,31330.0,3921.0,25536.0,24795.0,13076.0,9257,18254.0,539.0,1931.0,407.0,2463.0,559,282,1353,349,297,164,1,131.0,271,2
2024,HH2024000518,173.25,G1,4,G1,64,1,G2,99022.0,19691.0,78238.0,77981.0,19970.0,11358,79052.0,7423.0,1562.0,7258.0,3362.0,1113,352,1576,253,303,149,1,117.0,336,1
2024,HH2024000519,241.1487,G1,4,G2,32,2,G1,110277.0,22745.0,86476.0,86416.0,31667.0,27192,78610.0,6176.0,70.0,5916.0,3361.0,1301,442,1828,199,373,215,2,199.0,476,3
2024,HH2024000520,297.9236,G2,4,G1,39,4,G2,85049.0,11817.0,71166.0,70288.0,24863.0,19599,60186.0,7422.0,697.0,6084.0,2989.0,644,594,1302,389,192,192,2,179.0,230,3
2024,HH2024000521,156.483,G1,3,G1,42,3,G2,150116.0,8430.0,139461.0,138456.0,24049.0,16620,126067.0,,509.0,4172.0,1598.0,590,184,1724,277,399,117,2,141.0,212,5
2024,HH2024000522,91.2749,G1,4,G2,52,2,G2,153649.0,4728.0,144889.0,143985.0,17368.0,11914,136281.0,3969.0,1949.0,2586.0,2124.0,501,289,2016,234,245,259,2,253.0,287,5
2024,HH2024000523,258.5767,G1,3,G2,56,2,G2,53025.0,20311.0,33277.0,31534.0,27859.0,21425,25166.0,1392.0,875.0,143.0,3870.0,1316,727,2627,714,362,174,2,132.0,330,3
2024,HH2024000524,227.6063,G2,3,G2,55,3,G2,169183.0,24264.0,145296.0,143469.0,34683.0,22034,134500.0,7697.0,519.0,6312.0,996.0,235,121,2385,444,593,426,2,194.0,238,3
2024,HH2024000525,86.2689,G2,2,G1,82,1,G2,144245.0,16440.0,127218.0,126975.0,26718.0,24045,117527.0,7340.0,1269.0,6633.0,2770.0,886,463,2544,547,620,341,2,185.0,408,4
2024,HH2024000526,130.8773,G2,2,G1,86,1,G2,123408.0,12952.0,106267.0,105715.0,16132.0,13128,107276.0,3325.0,950.0,3318.0,3169.0,784,419,1807,536,318,310,2,295.0,380,2
2024,HH2024000527,188.3058,G2,1,G2,70,1,G2,80573.0,19450.0,58217.0,57216.0,33598.0,25412,46975.0,1804.0,374.0,1147.0,1923.0,592,279,2246,440,392,355,2,120.0,410,4
2024,HH2024000528,232.8664,G2,4,G1,68,1,G3,143125.0,27452.0,114823.0,114022.0,37702.0,29218,105423.0,3099.0,611.0,2768.0,3463.0,1108,657,873,99,102,150,1,271.0,326,1
2024,HH2024000529,245.1616,G1,1,G2,81,2,G2,122459.0,29690.0,88796.0,87925.0,31862.0,28625,90597.0,3152.0,254.0,2785.0,1712.0,554,85,869,207,172,88,2,236.0,479,5
2024,HH2024000530,88.9328,G2,1,G2,46,1,G2,144185.0,5802.0,136278.0,134863.0,35077.0,17689,109108.0,7335.0,1387.0,6299.0,3345.0,1125,619,2804,678,293,198,2,258.0,401,5
2024,HH2024000531,104.1877,G1,2,G1,63,1,G2,123371.0,14301.0,107048.0,106689.0,10619.0,5406,112752.0,534.0,1941.0,284.0,2577.0,550,321,2010,279,295,369,1,255.0,476,5
2024,HH2024000532,236.0306,G2,1,G1,68,1,G2,172844.0,26290.0,146300.0,144646.0,16843.0,13710,156001.0,0.0,1616.0,0.0,206.0,70,29,782,163,127,142,1,254.0,226,2
2024,HH2024000533,79.0281,G1,4,G2,47,3,G3,84714.0,18984.0,63413.0,,9973.0,5821,74741.0,6148.0,750.0,5560.0,3293.0,760,386,1519,264,355,277,1,187.0,400,4
2024,HH2024000534,174.5401,G2,1,G1,87,1,G3,37243.0,24477.0,13039.0,12341.0,14632.0,11326,22611.0,6100.0,974.0,6009.0,2791.0,936,248,2923,321,716,579,1,216.0,303,3
2024,HH2024000535,186.498,G2,3,G1,44,1,G3,104530.0,29875.0,74238.0,73795.0,29339.0,20576,75191.0,1545.0,121.0,494.0,889.0,199,53,552,89,135,76,1,172.0,257,5
2024,HH2024000536,134.8386,G1,4,G2,33,1,G3,157397.0,3117.0,150862.0,149600.0,27065.0,16982,130332.0,3301.0,733.0,2157.0,2815.0,832,539,1606,452,353,203,2,280.0,254,1
2024,HH2024000537,249.0841,G2,3,G1,49,1,G2,117660.0,18370.0,99648.0,98257.0,127.0,75,117533.0,2736.0,64.0,1899.0,2046.0,567,293,2592,414,371,439,2,145.0,258,2
2024,HH2024000538,63.854,G1,3,G2,78,3,G3,122222.0,15950.0,106701.0,105453.0,30212.0,24492,92010.0,,1489.0,3214.0,3772.0,1484,682,2866,414,306,190,1,217.0,227,1
2024,HH2024000539,244.3611,G1,2,G1,52,1,G3,106639.0,8541.0,94786.0,93799.0,7683.0,4366,98956.0,696.0,1818.0,0.0,1218.0,397,114,1421,409,232,237,2,142.0,336,5
2024,HH2024000540,211.5082,G2,3,G1,43,1,G3,113244.0,19610.0,89517.0,88911.0,7434.0,4188,105810.0,666.0,382.0,0.0,1053.0,229,96,2786,491,402,478,2,174.0,432,1
2024,HH2024000541,176.8044,G2,4,G2,82,5,G3,16407.0,3115.0,10578.0,9203.0,21744.0,14715,0.0,193.0,1347.0,0.0,233.0,79,23,2290,659,454,312,1,292.0,339,1
2024,HH2024000542,268.0932,G2,3,G1,39,1,G2,77355.0,14864.0,62212.0,61975.0,9641.0,5280,67714.0,7733.0,1198.0,6312.0,3145.0,751,266,1515,418,235,163,2,139.0,239,1
2024,HH2024000543,100.5616,G1,4,G2,39,2,G2,29601.0,12440.0,13590.0,12967.0,38518.0,29142,0.0,3334.0,835.0,2045.0,3940.0,1013,491,2448,475,571,363,2,,412,5
2024,HH2024000544,250.1935,G1,5,G1,83,2,G2,63499.0,11707.0,51823.0,50458.0,5850.0,5246,57649.0,1823.0,1467.0,1163.0,2756.0,759,524,2500,442,390,468,2,262.0,252,3
2024,HH2024000545,96.9436,G1,2,G2,49,1,G2,126453.0,18425.0,109357.0,107973.0,6065.0,4846,120388.0,6381.0,1359.0,5717.0,1477.0,524,267,1187,151,186,87,1,173.0,460,1
2024,HH2024000546,297.6115,G2,1,G2,30,1,G2,153550.0,28315.0,121167.0,120631.0,30427.0,22555,123123.0,3954.0,538.0,2587.0,3514.0,1366,436,724,100,154,69,2,174.0,310,2
2024,HH2024000547,58.1912,G2,3,G2,56,1,G2,63302.0,28423.0,34223.0,33541.0,11463.0,7540,51839.0,2916.0,1596.0,2630.0,1013.0,389,103,2452,359,462,369,1,101.0,200,3
2024,HH2024000548,188.2993,G1,2,G2,74,1,G2,122481.0,21024.0,98801.0,98165.0,28576.0,25581,93905.0,916.0,1311.0,303.0,2773.0,649,393,706,137,97,123,2,,287,5
2024,HH2024000549,92.0042,G1,1,G1,75,1,G2,44269.0,9930.0,35744.0,33971.0,27259.0,23224,17010.0,3088.0,624.0,2233.0,2387.0,506,338,2446,426,492,361,2,233.0,449,2
2024,HH2024000550,151.9938,G1,4,G1,35,2,G2,60028.0,28976.0,31249.0,30105.0,7562.0,6263,52466.0,5175.0,1470.0,4655.0,3409.0,1246,520,1389,361,256,192,2,296.0,475,1
2024,HH2024000551,86.9867,G1,4,G2,46,1,G1,178353.0,29951.0,144236.0,143999.0,23195.0,13731,155158.0,4987.0,1281.0,4514.0,3886.0,1001,506,2257,359,260,141,2,158.0,326,4
2024,HH2024000552,98.4564,G1,4,G2,67,1,G2,119832.0,25386.0,91807.0,91486.0,21474.0,11798,98358.0,3127.0,234.0,2966.0,1438.0,455,77,2024,374,344,232,1,179.0,496,3
2024,HH2024000553,65.2451,G1,4,G2,69,2,G2,60812.0,26194.0,29763.0,29625.0,3783.0,2160,57029.0,4904.0,332.0,4504.0,381.0,150,23,596,74,141,109,1,237.0,269,1
2024,HH2024000554,52.0009,G1,3,G1,67,1,G2,46588.0,24513.0,21656.0,21174.0,30569.0,18447,16019.0,6141.0,647.0,5604.0,630.0,149,123,523,80,68,54,2,168.0,326,3
2024,HH2024000555,229.8265,G1,3,G1,50,2,G1,34680.0,22803.0,7868.0,7424.0,34296.0,18268,384.0,7442.0,88.0,6186.0,2957.0,813,478,2073,531,336,222,2,163.0,337,3
2024,HH2024000556,163.3651,G1,2,G1,81,1,G2,100671.0,21768.0,75423.0,74531.0,37881.0,32402,62790.0,4227.0,812.0,3722.0,1453.0,542,279,1787,431,252,185,2,134.0,260,2
2024,HH2024000557,61.398,G2,4,G1,34,3,G2,38955.0,19151.0,16678.0,15184.0,3515.0,2017,35440.0,1822.0,923.0,1581.0,559.0,184,56,609,109,109,63,1,297.0,314,2
2024,HH2024000558,284.7425,G2,5,G1,79,3,G2,107149.0,19382.0,89274.0,87518.0,7140.0,4217,100009.0,1035.0,1551.0,0.0,3260.0,1263,424,2939,633,723,325,2,195.0,349,1
2024,HH2024000559,216.4025,G1,5,G1,86,1,G2,77279.0,11692.0,66182.0,65065.0,33003.0,28226,44276.0,1261.0,342.0,734.0,2595.0,846,255,1096,210,160,181,1,253.0,409,5
2024,HH2024000560,116.0683,G1,3,G1,71,3,G2,124605.0,26605.0,96896.0,95352.0,12173.0,10751,112432.0,85.0,1135.0,0.0,526.0,137,98,2646,738,595,312,1,230.0,348,1
2024,HH2024000561,159.6738,G2,1,G2,55,1,G2,50742.0,19039.0,32434.0,31125.0,25021.0,14730,25721.0,4464.0,1329.0,4301.0,2852.0,1029,265,791,141,178,111,2,219.0,231,3
2024,HH2024000562,172.3167,G1,5,G2,52,1,G4,40508.0,18402.0,22424.0,21789.0,13933.0,8606,26575.0,1699.0,899.0,1667.0,2551.0,897,393,1081,264,150,125,2,162.0,339,1
2024,HH2024000563,192.482,G1,3,G1,56,1,G1,41427.0,22255.0,16339.0,15116.0,8703.0,7136,32724.0,1808.0,1814.0,426.0,3939.0,1523,300,1822,261,393,329,2,163.0,454,5
2024,HH2024000564,264.3626,G1,4,G2,39,1,G2,20072.0,2258.0,14943.0,14339.0,24999.0,22201,0.0,5794.0,637.0,5647.0,3950.0,1166,259,1820,340,451,139,2,197.0,206,2
2024,HH2024000565,197.4751,G1,2,G2,43,3,G1,42632.0,27567.0,11462.0,10845.0,8220.0,6246,34412.0,2557.0,815.0,2545.0,3901.0,1172,286,2009,413,488,137,2,127.0,499,5
2024,HH2024000566,294.6815,G2,5,G1,68,1,G2,60960.0,17476.0,40780.0,38806.0,5456.0,3693,55504.0,6628.0,8.0,5664.0,3580.0,947,463,928,112,177,103,1,207.0,238,1
2024,HH2024000567,231.7023,G2,5,G2,63,1,G1,149108.0,28331.0,121886.0,120065.0,21218.0,16334,127890.0,1096.0,821.0,621.0,3173.0,805,560,1160,252,142,227,1,118.0,202,2
2024,HH2024000568,297.1293,G1,1,G2,59,4,G2,98294.0,3085.0,92360.0,91054.0,7737.0,6283,90557.0,2730.0,40.0,2003.0,2684.0,1071,536,1158,248,136,179,2,,242,2
2024,HH2024000569,187.6873,G1,3,G2,58,1,G2,44780.0,7008.0,38740.0,37554.0,7690.0,4191,37090.0,412.0,1967.0,0.0,2178.0,861,312,1601,210,224,228,2,226.0,275,1
2024,HH2024000570,219.6123,G2,3,G2,34,2,G2,170089.0,28479.0,141123.0,139752.0,31217.0,21043,138872.0,4287.0,480.0,3842.0,3170.0,969,412,2807,841,533,304,2,104.0,305,3
2024,HH2024000571,234.4746,G2,4,G1,82,1,G2,136430.0,20784.0,115664.0,114159.0,21149.0,17826,115281.0,998.0,1624.0,277.0,3863.0,1510,649,1656,196,261,156,1,108.0,448,3
2024,HH2024000572,238.6868,G2,2,G2,87,5,G2,20584.0,19400.0,110.0,0.0,21682.0,16959,0.0,0.0,233.0,0.0,465.0,126,27,2994,835,613,579,2,143.0,374,3
2024,HH2024000573,56.1074,G2,1,G1,44,1,G3,150505.0,12129.0,135500.0,134784.0,5736.0,3220,144769.0,5883.0,548.0,5546.0,545.0,201,93,1128,223,246,128,1,251.0,391,3
2024,HH2024000574,81.8686,G1,2,G1,48,3,G2,129130.0,16669.0,112065.0,111856.0,6415.0,5145,122715.0,,239.0,6706.0,1995.0,652,326,1106,159,140,173,1,260.0,463,1
2024,HH2024000575,106.9306,G1,3,G1,67,2,G2,163952.0,16388.0,144577.0,143519.0,15629.0,11987,148323.0,4363.0,737.0,4186.0,1174.0,403,151,752,92,177,129,1,100.0,239,2
2024,HH2024000576,117.8736,G1,2,G1,30,5,G2,59836.0,5934.0,50122.0,49534.0,15537.0,9413,44299.0,7721.0,1205.0,6933.0,2127.0,730,113,1030,247,112,153,1,155.0,267,3
2024,HH2024000577,276.342,G2,3,G1,36,5,G1,148748.0,16997.0,129083.0,128423.0,18065.0,11518,130683.0,6053.0,839.0,5231.0,1244.0,406,99,1279,320,178,108,1,111.0,490,4
2024,HH2024000578,230.6508,G1,2,G2,84,3,G1,32634.0,15473.0,18440.0,16756.0,5379.0,3365,27255.0,6023.0,1210.0,5997.0,3130.0,1159,330,1459,342,324,135,1,102.0,431,2
2024,HH2024000579,85.8204,G2,4,G1,40,1,G2,57396.0,9392.0,45429.0,45021.0,35937.0,32246,21459.0,7924.0,1612.0,7235.0,3593.0,1000,686,2283,420,291,122,1,288.0,217,3
2024,HH2024000580,156.5888,G2,3,G1,64,1,G2,147209.0,10275.0,135611.0,133790.0,14507.0,8319,132702.0,711.0,89.0,0.0,1130.0,417,164,1614,217,214,315,2,184.0,267,5
2024,HH2024000581,110.7804,G2,1,G1,82,3,G1,44909.0,23036.0,20849.0,20008.0,32648.0,27155,12261.0,0.0,848.0,0.0,3089.0,731,390,2215,571,545,388,1,259.0,312,4
2024,HH2024000582,257.4659,G2,4,G1,73,2,G2,97225.0,20261.0,75510.0,75128.0,16007.0,11401,81218.0,3496.0,1187.0,3046.0,425.0,101,52,723,198,171,79,2,236.0,209,1
2024,HH2024000583,279.4492,G1,2,G2,46,3,G3,16442.0,14097.0,286.0,0.0,18887.0,16095,0.0,4946.0,1046.0,3505.0,3187.0,1094,532,2867,511,636,527,2,189.0,374,2
2024,HH2024000584,91.0725,G1,2,G2,39,3,G1,38186.0,18132.0,16504.0,15076.0,4484.0,4003,33702.0,7924.0,291.0,7284.0,2792.0,977,275,869,233,109,63,2,250.0,394,1
2024,HH2024000585,154.1427,G2,4,G2,73,1,G2,42645.0,7237.0,37195.0,35390.0,27067.0,23938,15578.0,0.0,413.0,0.0,2841.0,1080,182,583,132,80,32,2,149.0,300,5
2024,HH2024000586,288.2092,G2,2,G2,54,1,G4,97768.0,14979.0,81993.0,80245.0,2393.0,2014,95375.0,1835.0,754.0,1045.0,1970.0,502,298,1562,320,211,109,1,182.0,264,5
2024,HH2024000587,214.2724,G2,1,G1,88,1,G2,113041.0,16853.0,94944.0,94604.0,29915.0,19906,83126.0,2385.0,1302.0,1769.0,427.0,90,42,2128,472,273,388,1,175.0,327,3
2024,HH2024000588,267.0242,G2,2,G1,68,2,G2,111636.0,7582.0,103068.0,101311.0,35264.0,21458,76372.0,5363.0,1979.0,5046.0,3369.0,1015,332,1088,132,267,80,2,214.0,475,2
2024,HH2024000589,139.4234,G2,2,G2,30,1,G1,24824.0,5084.0,20172.0,19721.0,14464.0,9080,10360.0,7613.0,736.0,7503.0,438.0,164,51,907,113,113,54,2,142.0,415,4
2024,HH2024000590,102.4256,G1,4,G2,45,1,G3,68346.0,15772.0,48902.0,47985.0,35505.0,27028,32841.0,,1044.0,6183.0,1925.0,759,166,2612,640,553,203,2,249.0,480,1
2024,HH2024000591,222.8259,G1,4,G2,74,3,G1,46130.0,28223.0,15634.0,15623.0,27951.0,17797,18179.0,5981.0,612.0,4762.0,697.0,258,131,2561,752,275,287,2,268.0,365,4
2024,HH2024000592,84.3566,G2,1,G2,72,1,G2,20085.0,13850.0,1904.0,1387.0,103.0,69,19982.0,6185.0,68.0,5162.0,3385.0,1008,599,2378,479,431,295,2,277.0,231,5
2024,HH2024000593,259.9755,G2,4,G2,74,1,G4,86395.0,27042.0,59221.0,58582.0,8115.0,4316,78280.0,3324.0,796.0,3298.0,2296.0,855,456,1051,116,116,89,2,278.0,217,1
2024,HH2024000594,238.7093,G2,4,G1,44,1,G2,28455.0,25537.0,1912.0,0.0,25648.0,20733,2807.0,4870.0,695.0,3565.0,2031.0,493,395,1840,209,201,314,1,227.0,258,3
2024,HH2024000595,126.2267,G1,1,G1,44,1,G2,81361.0,22342.0,56176.0,55620.0,28066.0,15284,53295.0,1367.0,301.0,658.0,1269.0,487,123,2223,430,299,431,2,259.0,356,1
2024,HH2024000596,174.6779,G2,2,G2,42,1,G3,36824.0,26830.0,6567.0,6014.0,3747.0,2378,33077.0,4053.0,1341.0,3340.0,3130.0,980,335,1581,366,377,148,2,238.0,263,4
2024,HH2024000597,249.7985,G1,4,G2,71,3,G3,45377.0,12338.0,33540.0,32994.0,27385.0,20160,17992.0,2341.0,516.0,1025.0,840.0,233,129,947,124,185,179,2,290.0,295,4
2024,HH2024000598,283.7276,G1,3,G2,30,3,G2,90868.0,22777.0,65423.0,64918.0,32405.0,23087,58463.0,7430.0,449.0,6782.0,2882.0,911,150,2577,274,509,445,2,119.0,473,1
2024,HH2024000599,138.0401,G1,2,G2,78,2,G1,58443.0,4342.0,54441.0,53362.0,3675.0,3150,54768.0,2940.0,778.0,2586.0,3877.0,1383,771,2846,699,411,520,2,,213,5
2024,HH2024000600,247.498,G2,4,G1,46,5,G2,135442.0,9589.0,124127.0,123716.0,35182.0,26860,100260.0,3157.0,1928.0,2802.0,1064.0,263,54,914,118,190,53,1,184.0,223,2
2024,HH2024000601,98.6168,G1,4,G1,59,1,G3,106961.0,16998.0,90278.0,89697.0,21323.0,17391,85638.0,3222.0,1272.0,1832.0,2744.0,604,355,2257,423,456,395,2,224.0,316,3
2024,HH2024000602,275.885,G1,3,G2,44,1,G1,151255.0,1142.0,150892.0,149827.0,24664.0,15325,126591.0,7210.0,850.0,6393.0,1237.0,428,185,2718,670,460,374,2,277.0,425,2
2024,HH2024000603,221.5625,G1,1,G2,55,1,G2,53113.0,22957.0,27837.0,26325.0,2022.0,1117,51091.0,7460.0,1641.0,6592.0,3718.0,1451,695,1853,231,375,103,2,118.0,447,5
2024,HH2024000604,88.1848,G1,4,G2,75,3,G1,86893.0,27760.0,55759.0,55545.0,24526.0,19555,62367.0,3448.0,42.0,2559.0,3596.0,1177,527,622,117,143,101,2,132.0,286,4
2024,HH2024000605,234.9572,G2,1,G2,41,1,G1,20736.0,3159.0,13798.0,13101.0,18178.0,10205,2558.0,7965.0,673.0,7635.0,1255.0,286,175,2226,272,543,192,2,272.0,287,5
2024,HH2024000606,231.0144,G2,5,G2,64,4,G2,36280.0,29760.0,4160.0,3019.0,14859.0,12387,21421.0,6052.0,1081.0,5423.0,924.0,303,87,2808,475,700,476,1,161.0,374,2
2024,HH2024000607,235.5744,G2,1,G1,33,2,G2,144220.0,2644.0,140430.0,138597.0,31212.0,27379,113008.0,6771.0,977.0,5344.0,330.0,73,45,1153,325,199,165,2,103.0,459,3
2024,HH2024000608,136.2194,G1,1,G1,40,3,G1,78328.0,3810.0,75822.0,73935.0,9978.0,6118,68350.0,7325.0,1352.0,7107.0,2790.0,727,453,847,200,88,104,1,235.0,253,3
2024,HH2024000609,234.9501,G1,2,G1,71,1,G1,26697.0,22872.0,1744.0,0.0,2399.0,1929,24298.0,2660.0,1403.0,1234.0,3678.0,758,468,1131,118,151,60,1,275.0,467,2
2024,HH2024000610,256.6425,G1,2,G1,64,3,G1,63159.0,20568.0,42450.0,41441.0,19970.0,13478,43189.0,4405.0,911.0,3996.0,580.0,172,96,2530,321,327,464,1,280.0,441,5
2024,HH2024000611,136.7822,G2,2,G2,66,1,G1,36344.0,28081.0,7926.0,7730.0,29748.0,18431,6596.0,,1859.0,1837.0,3264.0,862,197,1892,300,274,136,1,270.0,280,5
2024,HH2024000612,101.9894,G2,5,G2,43,1,G1,150330.0,12754.0,135846.0,133916.0,5348.0,3596,144982.0,2479.0,1856.0,2458.0,3020.0,662,302,545,152,83,95,2,111.0,401,5
2024,HH2024000613,271.97,G1,2,G2,42,3,G2,20115.0,17175.0,1243.0,0.0,39386.0,29882,0.0,3714.0,950.0,2719.0,1887.0,494,366,1969,491,394,301,1,126.0,388,3
2024,HH2024000614,205.1735,G2,5,G1,55,1,G1,111928.0,4455.0,108536.0,106725.0,26888.0,24070,85040.0,407.0,1803.0,0.0,893.0,294,87,2537,567,453,153,1,274.0,206,1
2024,HH2024000615,165.0968,G1,1,G2,37,4,G2,103508.0,20755.0,81848.0,80007.0,37362.0,23165,66146.0,1721.0,1281.0,1032.0,2611.0,673,374,963,125,190,126,2,238.0,320,1
2024,HH2024000616,269.936,G2,4,G1,83,3,G2,94045.0,29943.0,62232.0,60648.0,18803.0,14711,75242.0,6474.0,277.0,5603.0,2376.0,543,304,1960,560,481,380,2,,271,3
2024,HH2024000617,84.0014,G2,1,G2,46,3,G2,83740.0,17905.0,64181.0,63341.0,4927.0,3123,78813.0,1326.0,239.0,375.0,3246.0,1002,618,1072,280,115,201,2,177.0,220,5
2024,HH2024000618,252.6462,G2,2,G1,73,1,G2,145889.0,27996.0,115520.0,114304.0,7104.0,4266,138785.0,4976.0,159.0,3543.0,2256.0,791,167,547,80,55,39,2,272.0,339,4
2024,HH2024000619,172.7053,G2,1,G2,39,1,G4,48416.0,11806.0,35470.0,34088.0,20025.0,15073,28391.0,6125.0,423.0,5292.0,195.0,71,18,1501,271,299,114,2,285.0,410,4
2024,HH2024000620,60.6311,G1,2,G1,69,1,G2,82424.0,29478.0,52941.0,51180.0,23532.0,18931,58892.0,2104.0,624.0,1838.0,814.0,239,145,2435,452,443,177,2,277.0,359,4
2024,HH2024000621,293.1532,G2,3,G2,42,2,G1,63333.0,16100.0,46568.0,46116.0,29365.0,23108,33968.0,3666.0,138.0,2611.0,1522.0,520,228,2172,472,374,354,2,192.0,226,5
2024,HH2024000622,244.5167,G1,5,G2,46,1,G1,83870.0,4316.0,79373.0,78264.0,31813.0,27901,52057.0,7019.0,1216.0,6936.0,1965.0,720,258,753,131,171,55,1,255.0,448,5
2024,HH2024000623,103.689,G2,4,G2,54,5,G1,160068.0,10877.0,146337.0,145146.0,30509.0,16564,129559.0,6683.0,822.0,5418.0,1399.0,468,152,964,136,119,57,2,109.0,221,2
2024,HH2024000624,280.9239,G1,4,G2,37,5,G4,155039.0,14757.0,138831.0,138417.0,23551.0,16868,131488.0,7362.0,1203.0,6918.0,3516.0,1073,392,1849,431,343,200,2,284.0,316,4
2024,HH2024000625,283.8364,G1,3,G1,37,1,G2,87310.0,2010.0,82523.0,81720.0,722.0,444,86588.0,5026.0,1006.0,3943.0,1124.0,238,213,1301,306,311,253,2,144.0,370,2
2024,HH2024000626,250.1164,G2,2,G1,75,3,G3,58691.0,26873.0,31873.0,30023.0,21186.0,17516,37505.0,7097.0,543.0,6862.0,2722.0,702,410,1330,250,221,127,2,292.0,478,4
2024,HH2024000627,81.7926,G1,2,G1,50,1,G4,150863.0,7175.0,141093.0,141061.0,32776.0,17201,118087.0,3187.0,1229.0,2577.0,1445.0,381,273,1590,313,297,252,2,103.0,426,1
2024,HH2024000628,96.5953,G1,1,G1,64,1,G3,70247.0,20254.0,47962.0,46958.0,33908.0,19338,36339.0,4812.0,1902.0,3769.0,3970.0,1107,777,2397,263,264,171,2,285.0,258,1
2024,HH2024000629,238.5082,G1,4,G1,68,1,G2,83436.0,27599.0,54667.0,,33378.0,26996,50058.0,5337.0,633.0,4405.0,3664.0,1429,483,1939,370,295,277,1,205.0,328,1
2024,HH2024000630,278.4514,G2,4,G2,67,3,G3,149596.0,13038.0,134654.0,132839.0,430.0,275,149166.0,7812.0,614.0,7804.0,3138.0,758,443,2633,684,279,361,1,202.0,457,3
2024,HH2024000631,103.7545,G2,3,G2,67,4,G2,62397.0,18279.0,40064.0,39498.0,17412.0,13454,44985.0,2945.0,1032.0,2894.0,3059.0,943,454,755,164,140,140,2,235.0,274,5
2024,HH2024000632,165.207,G2,3,G1,88,1,G1,89089.0,15500.0,70067.0,69281.0,24669.0,22187,64420.0,6998.0,1608.0,5527.0,2573.0,1024,452,1660,471,313,261,1,192.0,471,3
2024,HH2024000633,88.6985,G2,2,G2,67,1,G2,165046.0,22924.0,137675.0,137515.0,9900.0,6771,155146.0,4074.0,1062.0,3281.0,2348.0,760,349,1875,456,454,127,2,290.0,360,3
2024,HH2024000634,169.502,G1,5,G2,50,1,G3,1307.0,1158.0,671.0,0.0,16387.0,11687,0.0,834.0,1663.0,0.0,2252.0,544,151,2394,611,468,265,1,121.0,388,4
2024,HH2024000635,210.6323,G1,5,G1,47,1,G3,108232.0,10789.0,95641.0,,3894.0,3466,104338.0,5244.0,148.0,5135.0,107.0,41,20,1788,342,179,89,1,231.0,398,5
2024,HH2024000636,54.6387,G1,3,G2,78,1,G2,27571.0,18345.0,7125.0,5594.0,7742.0,6182,19829.0,7848.0,196.0,7112.0,3749.0,1001,559,2791,375,627,240,2,143.0,490,3
2024,HH2024000637,210.7318,G2,4,G2,55,3,G3,154142.0,2741.0,150195.0,149339.0,231.0,133,153911.0,3627.0,812.0,2763.0,3926.0,822,708,2594,732,387,507,1,107.0,406,4
2024,HH2024000638,209.9375,G2,2,G2,63,4,G2,90203.0,25791.0,64110.0,62842.0,39183.0,32197,51020.0,4390.0,465.0,3009.0,2108.0,603,239,2223,515,460,263,2,230.0,323,3
2024,HH2024000639,163.7521,G1,1,G2,78,1,G2,119769.0,18961.0,102472.0,100543.0,34388.0,24289,85381.0,7418.0,46.0,6353.0,3482.0,863,422,1493,420,208,268,1,235.0,377,5
2024,HH2024000640,273.8506,G1,2,G1,44,3,G2,79366.0,83.0,75969.0,75090.0,16152.0,13163,63214.0,7360.0,430.0,6418.0,1610.0,585,246,1304,291,279,69,1,125.0,409,3
2024,HH2024000641,83.7048,G2,5,G1,43,2,G1,69660.0,364.0,65685.0,65096.0,173.0,127,69487.0,3200.0,542.0,2760.0,449.0,109,74,1833,349,438,333,2,245.0,379,5
2024,HH2024000642,62.828,G2,3,G2,33,2,G2,66125.0,4798.0,62706.0,60949.0,13410.0,7924,52715.0,6082.0,1839.0,4592.0,3337.0,1214,206,1658,210,185,304,1,288.0,203,5
2024,HH2024000643,173.9578,G2,5,G1,34,3,G3,25492.0,19917.0,4365.0,2665.0,17362.0,14337,8130.0,5047.0,1564.0,4556.0,2037.0,422,226,573,102,104,84,2,239.0,470,5
2024,HH2024000644,183.2586,G1,2,G1,66,1,G4,59912.0,15539.0,42651.0,41618.0,6760.0,3385,53152.0,5180.0,702.0,4763.0,3760.0,1450,622,1074,235,194,72,1,145.0,282,2
2024,HH2024000645,116.6723,G1,3,G1,60,1,G2,72429.0,14469.0,57121.0,57098.0,26467.0,22634,45962.0,5764.0,1916.0,4679.0,852.0,177,169,2588,740,369,469,2,116.0,395,2
2024,HH2024000646,290.4069,G1,1,G2,47,1,G1,74940.0,16828.0,55394.0,55369.0,39910.0,33023,35030.0,2613.0,1672.0,1118.0,1915.0,742,99,1646,437,248,304,2,117.0,369,4
2024,HH2024000647,113.4318,G1,4,G1,42,3,G1,59929.0,14841.0,41265.0,41030.0,33756.0,29977,26173.0,2438.0,501.0,1153.0,2669.0,573,239,2874,582,578,230,1,223.0,236,5
2024,HH2024000648,117.5405,G2,2,G2,71,1,G3,108298.0,10300.0,97752.0,96366.0,34242.0,17607,74056.0,216.0,956.0,0.0,548.0,205,65,1114,211,160,212,2,147.0,462,4
2024,HH2024000649,252.7466,G1,1,G2,35,1,G2,128217.0,219.0,124721.0,124370.0,33237.0,22436,94980.0,6850.0,1843.0,5627.0,3986.0,1459,332,2919,311,305,531,2,174.0,224,4
2024,HH2024000650,280.7059,G1,2,G1,72,1,G2,139380.0,838.0,133817.0,133691.0,2798.0,1588,136582.0,2213.0,914.0,1683.0,2433.0,775,131,2518,428,542,203,2,109.0,485,3
2024,HH2024000651,184.0349,G2,4,G1,84,1,G1,168784.0,20671.0,147203.0,145840.0,22059.0,14329,146725.0,5394.0,741.0,5062.0,687.0,142,89,1396,413,270,152,2,188.0,476,5
2024,HH2024000652,54.7635,G2,5,G2,57,1,G1,120293.0,22308.0,98413.0,97451.0,22630.0,14571,97663.0,,1806.0,4084.0,2963.0,960,436,2024,502,278,203,2,133.0,373,3
2024,HH2024000653,138.8587,G1,5,G2,59,1,G3,70332.0,7194.0,62713.0,61652.0,4037.0,2983,66295.0,5628.0,1320.0,4204.0,3513.0,1136,394,2970,608,725,370,1,185.0,486,4
2024,HH2024000654,105.985,G2,2,G2,62,3,G2,104892.0,7287.0,97308.0,96924.0,5896.0,3979,98996.0,6904.0,881.0,6349.0,1494.0,465,157,2083,567,489,381,2,217.0,456,3
2024,HH2024000655,177.7545,G1,3,G2,35,2,G2,33855.0,12235.0,20286.0,19857.0,22608.0,20035,11247.0,6942.0,1739.0,6903.0,2439.0,795,482,2829,295,692,512,2,292.0,469,5
2024,HH2024000656,220.6429,G2,3,G1,67,1,G2,145089.0,19337.0,123014.0,122531.0,28631.0,17496,116458.0,18.0,1489.0,0.0,2991.0,1177,363,775,225,137,59,2,157.0,439,4
2024,HH2024000657,148.1091,G1,4,G2,51,3,G2,99063.0,17804.0,81534.0,80246.0,8364.0,5582,90699.0,6720.0,695.0,5909.0,582.0,232,98,908,217,122,120,2,164.0,478,5
2024,HH2024000658,184.34,G2,4,G2,58,3,G1,44116.0,16774.0,26730.0,24771.0,19363.0,15108,24753.0,1663.0,848.0,1574.0,2124.0,645,197,503,51,63,65,1,260.0,432,1
2024,HH2024000659,239.9651,G1,1,G2,31,1,G1,69965.0,1101.0,65705.0,63874.0,3008.0,1836,66957.0,5163.0,94.0,4823.0,2236.0,488,390,1313,316,318,154,2,290.0,464,2
2024,HH2024000660,111.5368,G1,1,G2,82,2,G2,59411.0,12925.0,45390.0,45164.0,4415.0,3485,54996.0,5384.0,203.0,5161.0,1205.0,273,209,2472,288,577,388,2,180.0,233,5
2024,HH2024000661,98.992,G2,3,G1,50,1,G2,79412.0,22579.0,53793.0,52434.0,23209.0,18183,56203.0,429.0,1908.0,0.0,1198.0,412,108,2909,663,614,427,1,169.0,328,1
2024,HH2024000662,251.4087,G2,3,G2,34,1,G2,26817.0,17708.0,9103.0,7588.0,22281.0,17488,4536.0,2269.0,106.0,1737.0,2518.0,998,373,1855,297,327,169,2,242.0,343,4
2024,HH2024000663,59.2559,G1,5,G2,76,3,G2,29685.0,24207.0,2489.0,2408.0,30003.0,23103,0.0,7281.0,1673.0,6711.0,3006.0,863,457,1556,221,245,159,2,250.0,472,4
2024,HH2024000664,87.6491,G1,5,G1,88,1,G2,74081.0,20851.0,53719.0,52445.0,36427.0,30124,37654.0,1133.0,416.0,502.0,1555.0,341,180,2828,638,581,518,2,241.0,345,2
2024,HH2024000665,53.0892,G1,1,G2,61,1,G2,73581.0,26991.0,46138.0,45250.0,7599.0,6823,65982.0,1855.0,1083.0,1836.0,586.0,158,97,1970,368,199,194,2,227.0,331,1
2024,HH2024000666,188.8462,G1,3,G1,32,1,G3,171328.0,17167.0,150213.0,149823.0,13647.0,7125,157681.0,655.0,1444.0,0.0,3147.0,871,302,1843,208,329,214,1,127.0,436,1
2024,HH2024000667,200.0214,G2,3,G2,89,1,G2,59411.0,17078.0,40964.0,39385.0,34234.0,23924,25177.0,1334.0,1982.0,0.0,694.0,277,85,712,188,143,139,1,152.0,395,5
2024,HH2024000668,182.7577,G1,3,G2,42,1,G3,19572.0,16725.0,1870.0,0.0,2032.0,1676,17540.0,5103.0,747.0,3883.0,12.0,4,2,1036,158,220,185,1,111.0,375,1
2024,HH2024000669,153.5673,G2,1,G1,44,3,G2,147770.0,7936.0,138477.0,137281.0,33131.0,16566,114639.0,6730.0,1850.0,6354.0,1289.0,288,98,2244,501,376,347,2,177.0,474,4
2024,HH2024000670,182.2573,G2,5,G1,72,1,G1,14306.0,13082.0,402.0,0.0,37808.0,27148,0.0,4758.0,908.0,4738.0,3272.0,874,236,2246,498,475,214,1,268.0,445,1
2024,HH2024000671,98.4845,G2,1,G2,49,1,G1,18233.0,5061.0,9384.0,8527.0,3997.0,3053,14236.0,2276.0,1734.0,1116.0,3026.0,634,215,1739,193,198,250,2,144.0,413,2
2024,HH2024000672,256.5607,G2,5,G1,35,3,G2,27734.0,12901.0,13897.0,12866.0,5671.0,3270,22063.0,6868.0,203.0,5607.0,1226.0,405,244,2252,674,304,329,2,240.0,486,1
2024,HH2024000673,295.1933,G1,5,G1,70,1,G2,18797.0,4492.0,16052.0,14248.0,27370.0,18073,0.0,0.0,536.0,0.0,2077.0,694,153,2228,422,271,248,2,184.0,214,4
2024,HH2024000674,185.1557,G2,5,G2,45,2,G3,88217.0,14728.0,70537.0,68956.0,19002.0,15501,69215.0,2518.0,1246.0,1653.0,3838.0,811,301,663,93,100,36,1,134.0,366,1
2024,HH2024000675,143.5889,G1,1,G1,81,1,G1,114743.0,28624.0,87228.0,85887.0,39503.0,20805,75240.0,4044.0,1412.0,3334.0,2875.0,767,443,2587,484,392,271,1,144.0,209,4
2024,HH2024000676,247.9457,G1,3,G2,39,1,G2,70715.0,13562.0,54246.0,52719.0,21787.0,12068,48928.0,1093.0,1606.0,0.0,3036.0,1155,497,2234,492,348,281,2,235.0,437,5
2024,HH2024000677,98.268,G2,1,G1,84,1,G1,25433.0,22158.0,3333.0,1945.0,26204.0,21676,0.0,2850.0,715.0,1815.0,350.0,127,45,1048,105,178,201,2,258.0,238,4
2024,HH2024000678,130.1934,G2,4,G1,73,1,G2,43752.0,13170.0,30876.0,30237.0,9483.0,7810,34269.0,6393.0,1249.0,5258.0,964.0,303,190,1031,164,170,164,1,165.0,368,4
2024,HH2024000679,284.9951,G1,5,G1,44,3,G2,28279.0,27177.0,266.0,0.0,12979.0,9554,15300.0,4866.0,1241.0,4440.0,416.0,123,23,2895,600,502,191,1,283.0,434,5
2024,HH2024000680,96.5735,G1,3,G2,64,3,G1,65456.0,6311.0,57553.0,55875.0,7096.0,4729,58360.0,7905.0,1969.0,6551.0,3915.0,1560,560,1136,271,241,108,2,111.0,387,5
2024,HH2024000681,78.0289,G1,1,G2,86,1,G2,46288.0,25028.0,19639.0,18532.0,5874.0,3185,40414.0,0.0,234.0,0.0,1368.0,471,192,580,94,70,74,2,214.0,217,4
2024,HH2024000682,186.5884,G2,2,G1,33,1,G2,120200.0,21745.0,99615.0,97691.0,4525.0,3731,115675.0,2883.0,32.0,2743.0,1998.0,780,196,578,104,88,68,2,145.0,342,3
2024,HH2024000683,196.8543,G1,1,G1,79,4,G2,120168.0,26663.0,93367.0,92005.0,35710.0,21308,84458.0,6133.0,1149.0,5151.0,2206.0,472,407,1070,154,107,54,1,278.0,433,2
2024,HH2024000684,199.2875,G2,3,G2,57,1,G2,78588.0,3988.0,74494.0,73546.0,2798.0,2421,75790.0,6922.0,31.0,6065.0,2091.0,506,277,2068,328,215,393,2,251.0,487,4
2024,HH2024000685,91.1196,G2,2,G2,86,1,G1,171137.0,26843.0,142321.0,141028.0,20658.0,16739,150479.0,5046.0,391.0,4215.0,208.0,42,18,1640,389,313,304,1,111.0,469,1
2024,HH2024000686,230.2862,G1,5,G1,42,2,G1,158232.0,27261.0,127954.0,126650.0,20325.0,10820,137907.0,,1000.0,4737.0,3638.0,1359,230,2329,389,538,439,2,178.0,445,5
2024,HH2024000687,110.5703,G2,2,G1,73,1,G2,16119.0,8878.0,7929.0,5966.0,2236.0,1686,13883.0,4026.0,535.0,2720.0,1521.0,515,100,1080,168,157,123,1,249.0,292,5
2024,HH2024000688,287.0256,G2,2,G2,88,4,G2,158961.0,18745.0,136470.0,135741.0,33680.0,29242,125281.0,7292.0,532.0,6214.0,3673.0,865,678,1076,171,172,188,1,208.0,425,2
2024,HH2024000689,106.9893,G2,2,G2,50,1,G2,27081.0,17599.0,8202.0,7442.0,20027.0,17056,7054.0,1900.0,692.0,1653.0,3060.0,1208,267,1510,336,198,235,1,197.0,250,4
2024,HH2024000690,54.3279,G1,5,G2,36,3,G2,74163.0,1467.0,72991.0,72283.0,5070.0,3778,69093.0,3394.0,1373.0,3250.0,2787.0,1090,518,2481,526,301,314,1,127.0,298,4
2024,HH2024000691,191.9613,G1,2,G2,53,1,G2,152622.0,15758.0,135467.0,135252.0,5148.0,2928,147474.0,2031.0,731.0,1822.0,2811.0,688,191,1757,318,408,108,1,214.0,285,5
2024,HH2024000692,100.712,G2,5,G2,65,1,G2,171396.0,19769.0,148197.0,147258.0,28024.0,21637,143372.0,0.0,1586.0,0.0,3913.0,1288,773,2405,544,446,180,2,118.0,345,5
2024,HH2024000693,207.1435,G2,4,G2,67,1,G1,13580.0,6152.0,4276.0,3386.0,24787.0,18998,0.0,4927.0,318.0,3858.0,1213.0,404,212,734,167,151,62,2,163.0,462,4
2024,HH2024000694,107.3033,G2,2,G2,58,5,G2,25290.0,10845.0,11197.0,10803.0,16504.0,12138,8786.0,946.0,204.0,0.0,1315.0,264,88,1524,156,354,281,2,147.0,458,5
2024,HH2024000695,157.0211,G1,3,G2,85,1,G2,55748.0,17562.0,37823.0,36193.0,16206.0,9825,39542.0,1809.0,332.0,1655.0,2682.0,905,168,1593,267,299,238,1,231.0,467,2
2024,HH2024000696,94.8786,G2,1,G1,64,1,G2,73220.0,27892.0,42828.0,41450.0,1408.0,1211,71812.0,6105.0,1834.0,5693.0,929.0,226,158,670,99,85,132,1,194.0,480,3
2024,HH2024000697,157.2028,G1,5,G2,68,4,G3,47284.0,1817.0,42399.0,41916.0,1274.0,893,46010.0,1928.0,554.0,1421.0,3215.0,1222,198,1285,341,265,173,2,185.0,208,1
2024,HH2024000698,84.1301,G1,5,G1,87,1,G2,94547.0,28082.0,62837.0,62506.0,21438.0,13266,73109.0,6906.0,59.0,5958.0,117.0,43,10,1200,186,254,75,2,269.0,499,5
2024,HH2024000699,134.4933,G1,2,G2,86,1,G1,75096.0,24485.0,49059.0,47823.0,14546.0,8757,60550.0,393.0,630.0,324.0,3588.0,1367,610,1638,267,265,199,1,177.0,463,2
2024,HH2024000700,99.7329,G1,1,G2,50,1,G3,115318.0,25377.0,87415.0,87405.0,10080.0,6173,105238.0,3656.0,1376.0,2396.0,1385.0,486,257,913,189,175,60,2,252.0,420,3
2024,HH2024000701,254.0255,G2,3,G2,47,3,G2,134358.0,1429.0,128398.0,128096.0,15163.0,10378,119195.0,537.0,723.0,417.0,18.0,4,2,1174,245,202,217,1,277.0,224,1
2024,HH2024000702,232.3385,G1,4,G1,74,1,G1,103658.0,17035.0,82767.0,81889.0,24210.0,14340,79448.0,476.0,769.0,0.0,2410.0,655,442,2897,759,434,265,1,132.0,419,2
2024,HH2024000703,91.7048,G2,4,G2,61,1,G3,63527.0,11059.0,51769.0,49788.0,11728.0,8291,51799.0,6327.0,172.0,4928.0,1101.0,376,147,857,152,172,68,1,,402,4
2024,HH2024000704,70.7261,G2,1,G1,56,4,G2,113772.0,27575.0,85348.0,85196.0,13972.0,8059,99800.0,533.0,1334.0,242.0,1221.0,323,203,2544,397,348,322,2,114.0,228,2
2024,HH2024000705,56.4362,G1,1,G1,71,2,G3,117336.0,22227.0,94122.0,93065.0,11311.0,6881,106025.0,7138.0,441.0,6108.0,1925.0,658,195,1857,411,276,317,1,228.0,260,3
2024,HH2024000706,106.6679,G2,2,G2,69,1,G3,156455.0,19494.0,135561.0,134437.0,26658.0,14605,129797.0,4788.0,195.0,3964.0,2318.0,619,388,695,170,111,87,1,145.0,425,3
2024,HH2024000707,170.0443,G1,4,G1,84,2,G2,146329.0,833.0,142614.0,142111.0,2191.0,1408,144138.0,3860.0,1429.0,2631.0,544.0,128,82,1502,448,288,83,2,151.0,250,4
2024,HH2024000708,149.9708,G1,2,G2,51,1,G1,27845.0,26253.0,1040.0,0.0,36740.0,24336,0.0,7348.0,1874.0,6466.0,193.0,58,26,1783,398,406,287,1,270.0,304,2
2024,HH2024000709,292.8748,G2,5,G2,75,1,G2,152657.0,14691.0,139007.0,137739.0,22180.0,14671,130477.0,3101.0,1221.0,1829.0,1845.0,622,366,1193,236,229,65,1,137.0,382,3
2024,HH2024000710,248.0614,G1,2,G2,43,1,G1,131441.0,4801.0,122802.0,122528.0,9781.0,7726,121660.0,3196.0,1874.0,2592.0,1416.0,429,170,1167,147,243,164,2,203.0,459,1
2024,HH2024000711,69.5467,G1,5,G2,86,2,G2,50192.0,26221.0,21134.0,19226.0,30378.0,21062,19814.0,3279.0,804.0,3034.0,2328.0,764,332,2280,678,328,324,2,256.0,285,3
2024,HH2024000712,89.7331,G2,5,G1,35,3,G3,111238.0,27125.0,84191.0,83700.0,37593.0,29217,73645.0,5204.0,1038.0,4185.0,2992.0,860,378,580,137,109,47,1,261.0,203,1
2024,HH2024000713,56.6498,G1,4,G2,75,1,G1,39320.0,14898.0,23567.0,22830.0,2328.0,1194,36992.0,6778.0,714.0,5327.0,2458.0,874,218,2820,375,325,329,1,140.0,455,4
2024,HH2024000714,84.5566,G1,1,G1,36,1,G3,22015.0,19847.0,48.0,0.0,8172.0,5513,13843.0,4336.0,1019.0,3687.0,417.0,137,41,1305,250,221,66,1,173.0,480,5
2024,HH2024000715,182.3543,G2,1,G2,82,1,G2,28821.0,18312.0,7894.0,6707.0,5756.0,3084,23065.0,2248.0,1785.0,1019.0,3985.0,1254,784,1454,308,295,134,2,212.0,456,3
2024,HH2024000716,69.1845,G2,1,G2,87,3,G1,57877.0,9098.0,46099.0,44912.0,2827.0,1936,55050.0,0.0,1269.0,0.0,2859.0,820,311,818,117,103,116,2,218.0,345,5
2024,HH2024000717,64.967,G2,4,G2,79,3,G3,24167.0,22451.0,232.0,0.0,29548.0,22045,0.0,4791.0,53.0,3823.0,196.0,60,29,2702,666,635,250,1,132.0,416,2
2024,HH2024000718,79.5404,G2,4,G2,77,3,G2,77105.0,29934.0,46195.0,45610.0,7708.0,6310,69397.0,6659.0,1160.0,5472.0,3053.0,641,412,1056,242,171,60,2,218.0,238,5
2024,HH2024000719,217.3534,G1,5,G2,58,5,G2,31561.0,28025.0,3044.0,1511.0,15341.0,11046,16220.0,3458.0,754.0,2614.0,3522.0,1174,646,2509,368,503,379,2,100.0,391,3
2024,HH2024000720,54.8395,G1,5,G2,44,3,G2,80079.0,20606.0,59696.0,58271.0,32596.0,21246,47483.0,1594.0,1087.0,387.0,2275.0,548,372,1316,392,224,212,1,225.0,380,3
2024,HH2024000721,292.4065,G1,2,G2,89,5,G1,94165.0,10808.0,81789.0,81175.0,24470.0,14823,69695.0,0.0,1115.0,0.0,3329.0,1238,206,579,167,121,103,2,247.0,390,3
2024,HH2024000722,145.1966,G1,2,G1,61,2,G1,143090.0,27252.0,115785.0,114526.0,27102.0,23930,115988.0,5420.0,1178.0,4631.0,3544.0,1284,366,1522,233,285,275,2,194.0,407,5
2024,HH2024000723,134.1468,G2,4,G1,78,1,G2,48590.0,27822.0,21961.0,20467.0,3907.0,2263,44683.0,2462.0,1732.0,2346.0,3856.0,1178,604,1808,340,214,225,2,149.0,466,4
2024,HH2024000724,168.7032,G2,4,G2,72,2,G3,75243.0,167.0,72256.0,71509.0,38833.0,20075,36410.0,6780.0,1717.0,6486.0,3818.0,1410,283,1671,466,398,185,2,147.0,433,3
2024,HH2024000725,179.4654,G1,2,G1,72,1,G2,43899.0,10152.0,30163.0,29812.0,3308.0,1820,40591.0,,1943.0,0.0,775.0,258,97,2967,537,590,409,2,238.0,211,4
2024,HH2024000726,155.0033,G1,1,G1,51,1,G3,41078.0,16570.0,23118.0,23075.0,28393.0,25525,12685.0,7441.0,1222.0,6355.0,138.0,31,13,1800,523,307,304,1,185.0,410,3
2024,HH2024000727,171.5815,G1,1,G2,55,1,G3,37635.0,17335.0,20205.0,18296.0,25578.0,22059,12057.0,4628.0,570.0,4584.0,2607.0,907,155,2447,342,493,296,1,285.0,418,5
2024,HH2024000728,134.9335,G2,5,G2,56,1,G1,137367.0,21375.0,114619.0,113979.0,16505.0,10366,120862.0,4719.0,391.0,4616.0,2716.0,1084,542,1425,348,198,283,2,294.0,366,3
2024,HH2024000729,130.5019,G1,2,G1,66,3,G3,153448.0,15409.0,139541.0,137929.0,33525.0,16814,119923.0,107.0,1698.0,98.0,2275.0,473,430,862,189,185,125,2,186.0,387,5
2024,HH2024000730,56.8288,G2,4,G1,73,1,G3,102646.0,412.0,100155.0,99506.0,35697.0,28803,66949.0,1407.0,1827.0,631.0,948.0,236,153,1745,295,282,167,1,154.0,224,2
2024,HH2024000731,217.9501,G1,5,G1,41,1,G2,64013.0,4972.0,58173.0,56749.0,2811.0,1743,61202.0,5764.0,74.0,5262.0,3795.0,1212,304,1899,462,419,321,1,262.0,278,3
2024,HH2024000732,204.318,G1,5,G1,43,4,G2,169964.0,22876.0,143050.0,142385.0,38325.0,19502,131639.0,4465.0,431.0,4386.0,1632.0,461,323,1544,161,217,112,2,244.0,458,4
2024,HH2024000733,217.2051,G2,3,G1,32,2,G2,97231.0,20800.0,75787.0,74573.0,9644.0,6583,87587.0,1021.0,1358.0,0.0,2966.0,971,428,2416,353,527,459,1,132.0,200,3
2024,HH2024000734,285.2638,G2,4,G2,61,1,G4,102926.0,19543.0,81318.0,79412.0,31666.0,21205,71260.0,5326.0,330.0,4534.0,2492.0,790,485,2911,443,687,294,2,,495,3
2024,HH2024000735,168.2712,G1,1,G1,70,1,G4,110358.0,13227.0,96685.0,95178.0,32829.0,21164,77529.0,5971.0,100.0,5956.0,3582.0,1280,201,701,86,173,107,1,140.0,266,1
2024,HH2024000736,270.4426,G1,5,G2,42,1,G2,107331.0,8242.0,98492.0,98163.0,22265.0,16951,85066.0,2179.0,1994.0,1151.0,2849.0,610,216,669,71,144,96,2,213.0,433,5
2024,HH2024000737,160.9858,G2,5,G2,72,4,G3,84808.0,9241.0,74871.0,73824.0,34531.0,27293,50277.0,5514.0,192.0,4147.0,2538.0,731,384,1184,201,243,76,2,137.0,265,2
2024,HH2024000738,169.4035,G2,2,G1,30,1,G2,96982.0,20668.0,72439.0,71899.0,33030.0,23902,63952.0,7784.0,426.0,7156.0,3360.0,1249,625,1964,282,349,310,2,197.0,210,1
2024,HH2024000739,208.2381,G2,2,G2,81,4,G3,64097.0,15128.0,48126.0,47688.0,20905.0,10569,43192.0,3859.0,1977.0,2435.0,217.0,59,16,606,76,70,58,2,224.0,381,5
2024,HH2024000740,103.9753,G2,4,G1,71,1,G2,110267.0,3927.0,103781.0,102117.0,7161.0,3644,103106.0,0.0,200.0,0.0,2821.0,848,275,984,129,181,105,1,124.0,426,1
2024,HH2024000741,104.339,G2,3,G2,70,3,G3,116163.0,11984.0,102817.0,100852.0,17382.0,14821,98781.0,7695.0,1599.0,7579.0,2344.0,478,324,1522,403,280,98,2,151.0,225,4
2024,HH2024000742,177.458,G2,4,G2,72,1,G4,93864.0,24721.0,67267.0,65417.0,36014.0,20692,57850.0,7290.0,1124.0,7106.0,3109.0,761,621,1438,171,157,246,2,250.0,280,2
2024,HH2024000743,67.1525,G1,1,G2,51,1,G2,128545.0,17971.0,108490.0,106812.0,8108.0,5345,120437.0,3654.0,1079.0,3554.0,896.0,262,152,2616,640,532,468,1,291.0,291,4
2024,HH2024000744,109.1645,G1,2,G1,89,1,G4,49248.0,25986.0,21614.0,20678.0,39982.0,21646,9266.0,3401.0,1654.0,2949.0,2396.0,670,451,1866,206,228,130,1,282.0,488,2
2024,HH2024000745,248.353,G2,4,G1,74,1,G2,80698.0,15258.0,63483.0,62431.0,7268.0,4300,73430.0,6671.0,42.0,6094.0,1136.0,389,171,2680,289,507,460,2,250.0,293,4
2024,HH2024000746,165.9334,G1,5,G1,40,5,G2,162915.0,14564.0,149082.0,148002.0,26605.0,18467,136310.0,4.0,121.0,0.0,468.0,150,84,2399,452,409,443,2,296.0,219,5
2024,HH2024000747,56.6555,G1,1,G2,85,3,G1,142025.0,28481.0,111521.0,110049.0,25639.0,15235,116386.0,2498.0,391.0,1778.0,2301.0,865,290,1535,270,354,99,2,132.0,495,3
2024,HH2024000748,65.1854,G2,4,G1,74,1,G2,126834.0,15223.0,108159.0,108054.0,7835.0,5983,118999.0,4346.0,980.0,3051.0,85.0,31,5,2944,615,396,587,1,140.0,227,3
2024,HH2024000749,279.8788,G1,1,G2,48,3,G2,134055.0,4054.0,131136.0,129483.0,18892.0,12221,115163.0,5232.0,1924.0,5215.0,372.0,92,58,2609,627,327,132,1,181.0,346,4
2024,HH2024000750,289.1796,G2,5,G1,86,1,G2,105945.0,12061.0,92909.0,91293.0,5777.0,4710,100168.0,5026.0,137.0,3680.0,2119.0,431,297,1734,280,316,305,2,284.0,254,2
2024,HH2024000751,210.276,G1,2,G1,44,4,G2,121362.0,19430.0,101378.0,99388.0,14590.0,10807,106772.0,2964.0,840.0,2606.0,3594.0,1332,441,2626,364,443,351,1,259.0,275,3
2024,HH2024000752,96.2363,G2,2,G1,68,1,G1,84121.0,10360.0,73402.0,72213.0,38376.0,23086,45745.0,6954.0,857.0,5524.0,2862.0,760,261,1142,301,141,221,2,174.0,425,4
2024,HH2024000753,142.0216,G2,4,G1,70,1,G2,136571.0,12307.0,124848.0,123934.0,2171.0,1787,134400.0,5197.0,392.0,4995.0,61.0,16,10,1020,135,195,102,2,103.0,240,1
2024,HH2024000754,126.3668,G1,5,G2,87,1,G3,132949.0,26186.0,107672.0,106714.0,34854.0,30421,98095.0,4324.0,687.0,4174.0,435.0,100,75,2478,643,584,258,2,223.0,395,3
2024,HH2024000755,246.2891,G1,3,G1,64,1,G1,92628.0,13054.0,79772.0,78532.0,27100.0,14851,65528.0,7509.0,401.0,7327.0,1724.0,583,180,2472,537,521,435,1,161.0,369,3
2024,HH2024000756,184.2724,G1,2,G1,89,4,G2,29317.0,9146.0,19621.0,19016.0,29947.0,22995,0.0,753.0,274.0,309.0,1717.0,439,324,1053,166,138,164,2,144.0,418,2
2024,HH2024000757,244.9141,G2,5,G2,47,1,G1,125193.0,3234.0,122453.0,,11284.0,8489,113909.0,5678.0,1042.0,4266.0,159.0,37,16,2384,388,323,333,2,142.0,248,3
2024,HH2024000758,140.1277,G2,5,G1,78,1,G3,15113.0,12085.0,887.0,0.0,37964.0,29151,0.0,7414.0,1862.0,6720.0,1024.0,307,67,1769,308,324,259,2,149.0,306,2
2024,HH2024000759,267.3779,G1,3,G2,44,3,G2,78957.0,22998.0,54417.0,53854.0,10136.0,5194,68821.0,5294.0,808.0,5047.0,507.0,177,38,1896,413,382,288,2,163.0,201,3
2024,HH2024000760,157.2906,G1,1,G2,89,1,G3,28262.0,8997.0,20174.0,18704.0,20136.0,10294,8126.0,4522.0,1269.0,3560.0,2268.0,575,281,2616,774,645,149,2,223.0,463,2
2024,HH2024000761,154.3435,G2,5,G2,75,1,G2,47093.0,14118.0,33229.0,32556.0,1471.0,908,45622.0,2915.0,1340.0,2153.0,2633.0,906,163,900,147,104,60,1,132.0,496,5
2024,HH2024000762,172.2746,G1,4,G1,67,2,G3,41881.0,19701.0,19064.0,18903.0,35509.0,18894,6372.0,2172.0,1686.0,1118.0,1562.0,456,246,1509,435,274,116,2,196.0,333,4
2024,HH2024000763,197.9514,G2,3,G1,33,1,G2,47130.0,27838.0,15664.0,14620.0,28181.0,18217,18949.0,4367.0,1649.0,3255.0,2286.0,641,386,1224,172,303,93,1,284.0,358,4
2024,HH2024000764,273.528,G1,1,G2,59,3,G2,31726.0,24426.0,4215.0,3202.0,6512.0,5528,25214.0,7190.0,1811.0,6011.0,805.0,218,106,1892,231,220,333,2,292.0,240,5
2024,HH2024000765,164.4389,G1,5,G2,38,2,G1,56580.0,8586.0,44788.0,44206.0,26484.0,16996,30096.0,3697.0,1628.0,3471.0,3406.0,780,626,894,184,219,97,1,265.0,462,1
2024,HH2024000766,282.5341,G2,4,G1,85,1,G2,119904.0,4930.0,113453.0,113384.0,7312.0,4804,112592.0,0.0,1860.0,0.0,17.0,4,3,798,235,135,98,2,152.0,430,2
2024,HH2024000767,148.4171,G1,2,G1,52,1,G2,153224.0,20123.0,130533.0,129582.0,17776.0,10790,135448.0,3868.0,1932.0,2923.0,2017.0,758,236,2240,441,465,142,2,129.0,234,1
2024,HH2024000768,131.1432,G2,2,G1,79,1,G2,42147.0,7642.0,35640.0,34096.0,20493.0,13702,21654.0,779.0,1496.0,0.0,1286.0,283,81,639,166,104,115,2,275.0,358,4
2024,HH2024000769,123.7614,G2,2,G2,84,1,G1,76208.0,11773.0,65181.0,63579.0,37251.0,30508,38957.0,7488.0,986.0,6030.0,1803.0,706,152,1543,300,348,79,1,180.0,251,2
2024,HH2024000770,55.288,G2,5,G1,36,2,G2,128622.0,3123.0,125223.0,124801.0,13300.0,11070,115322.0,4280.0,613.0,2840.0,2064.0,457,306,2965,800,700,185,1,192.0,378,4
2024,HH2024000771,262.286,G2,3,G2,75,3,G2,130180.0,23231.0,106891.0,106031.0,512.0,342,129668.0,1711.0,1142.0,494.0,2584.0,703,286,2997,786,374,514,1,185.0,397,5
2024,HH2024000772,69.8084,G2,5,G1,48,1,G2,142259.0,4805.0,137471.0,135665.0,17300.0,11396,124959.0,4999.0,1657.0,4639.0,3716.0,1193,567,947,224,200,65,2,126.0,315,2
2024,HH2024000773,133.5828,G2,4,G2,36,3,G2,74706.0,11419.0,63758.0,63069.0,37062.0,21422,37644.0,4302.0,1507.0,3509.0,2244.0,824,336,2817,628,290,476,1,244.0,332,2
2024,HH2024000774,112.6142,G2,2,G1,45,1,G2,41557.0,12206.0,26236.0,25284.0,31927.0,28422,9630.0,4087.0,1040.0,2882.0,909.0,207,127,1338,272,189,137,2,147.0,413,3
2024,HH2024000775,236.1092,G2,3,G1,62,4,G2,26335.0,1277.0,22842.0,21483.0,2362.0,1474,23973.0,4735.0,152.0,4333.0,2096.0,478,154,996,290,182,165,1,146.0,246,3
2024,HH2024000776,283.1468,G2,5,G1,81,1,G2,132776.0,23276.0,107243.0,106329.0,2136.0,1360,130640.0,7431.0,543.0,6364.0,2049.0,667,190,1761,372,335,101,2,251.0,210,2
2024,HH2024000777,254.1774,G1,3,G1,71,3,G3,23373.0,18556.0,5622.0,3940.0,30273.0,20341,0.0,6848.0,1154.0,6475.0,3458.0,894,368,1720,287,266,174,2,242.0,324,2
2024,HH2024000778,129.9996,G1,4,G2,43,1,G3,89632.0,16248.0,69765.0,69045.0,28833.0,15344,60799.0,2102.0,771.0,1892.0,2265.0,744,393,1436,396,201,175,2,265.0,347,2
2024,HH2024000779,163.9393,G1,1,G2,47,1,G2,58364.0,5339.0,53978.0,,22288.0,14072,36076.0,1918.0,912.0,1559.0,3472.0,1264,528,1567,363,197,225,2,241.0,285,3
2024,HH2024000780,111.7592,G1,3,G1,48,1,G2,144414.0,1598.0,138876.0,137844.0,3529.0,3078,140885.0,7921.0,602.0,6532.0,2596.0,559,380,743,157,101,130,2,107.0,328,3
2024,HH2024000781,280.995,G1,3,G2,74,4,G2,155029.0,1668.0,151216.0,149728.0,11202.0,5934,143827.0,5159.0,152.0,3666.0,2287.0,843,344,1159,274,138,100,2,183.0,230,3
2024,HH2024000782,79.6861,G1,2,G1,61,3,G3,92426.0,18752.0,73338.0,72662.0,33900.0,20210,58526.0,154.0,932.0,0.0,1314.0,272,164,992,168,138,147,1,182.0,423,2
2024,HH2024000783,287.9886,G1,5,G1,31,3,G1,110437.0,22433.0,87571.0,87021.0,5578.0,3274,104859.0,4236.0,889.0,3830.0,1024.0,388,57,2830,521,631,205,2,164.0,429,4
2024,HH2024000784,253.4142,G2,2,G1,34,1,G2,84164.0,23859.0,57550.0,56831.0,8075.0,4796,76089.0,948.0,1562.0,0.0,397.0,156,31,1733,241,248,293,2,198.0,279,3
2024,HH2024000785,227.8944,G2,5,G2,34,2,G2,144582.0,24010.0,116996.0,116532.0,18087.0,15949,126495.0,238.0,224.0,0.0,2193.0,731,155,1865,505,440,354,1,199.0,395,2
2024,HH2024000786,243.4984,G1,1,G2,87,1,G3,58320.0,11804.0,44575.0,44184.0,29397.0,23030,28923.0,1485.0,969.0,1295.0,3685.0,1462,219,1597,372,218,91,1,223.0,270,4
2024,HH2024000787,134.8367,G2,3,G1,60,2,G1,111993.0,40.0,113291.0,111653.0,33130.0,28754,78863.0,2036.0,1707.0,1648.0,50.0,18,4,2711,718,471,168,2,291.0,318,5
2024,HH2024000788,123.9716,G2,3,G2,59,1,G3,145360.0,7350.0,136233.0,,23675.0,19959,121685.0,636.0,535.0,427.0,3811.0,796,640,2495,407,312,419,2,230.0,295,2
2024,HH2024000789,145.3552,G2,2,G1,75,3,G2,51760.0,23610.0,26293.0,25753.0,19699.0,14772,32061.0,6684.0,632.0,5724.0,3437.0,690,231,2223,664,228,404,2,286.0,491,3
2024,HH2024000790,95.4033,G1,3,G1,41,3,G3,58471.0,22918.0,35549.0,33926.0,15424.0,11165,43047.0,3505.0,174.0,2481.0,1752.0,357,116,1279,219,247,188,1,266.0,344,5
2024,HH2024000791,236.59,G1,5,G2,31,1,G4,76470.0,15226.0,58306.0,56730.0,1748.0,1229,74722.0,4415.0,1149.0,4362.0,1254.0,364,86,1271,217,191,151,2,246.0,389,2
2024,HH2024000792,168.761,G1,3,G2,46,2,G2,126586.0,717.0,124648.0,124157.0,10701.0,8301,115885.0,6922.0,1711.0,6762.0,2322.0,753,210,2850,832,432,471,1,154.0,262,2
2024,HH2024000793,271.4525,G2,3,G2,42,1,G2,120661.0,23301.0,96752.0,96143.0,8589.0,6705,112072.0,6697.0,962.0,5979.0,3422.0,1013,274,2825,652,455,268,1,215.0,478,2
2024,HH2024000794,269.5954,G2,5,G1,77,1,G2,56976.0,24467.0,30770.0,29128.0,2298.0,1700,54678.0,6566.0,834.0,6397.0,116.0,38,6,1207,346,261,239,2,122.0,405,3
2024,HH2024000795,88.9635,G2,5,G1,79,1,G3,65103.0,6809.0,55758.0,55203.0,29803.0,20253,35300.0,1570.0,1498.0,328.0,1797.0,520,164,1341,301,214,237,1,284.0,231,3
2024,HH2024000796,104.7046,G2,1,G2,68,1,G2,123740.0,24127.0,98231.0,96509.0,14135.0,10886,109605.0,5958.0,883.0,5358.0,188.0,39,37,1328,198,150,243,1,137.0,299,4
2024,HH2024000797,152.6601,G2,4,G2,84,1,G1,166423.0,19192.0,145946.0,144711.0,20383.0,11468,146040.0,7965.0,797.0,7346.0,2576.0,631,258,2460,438,348,438,1,147.0,351,2
2024,HH2024000798,79.7036,G2,5,G1,57,2,G4,95890.0,26639.0,68991.0,67659.0,8021.0,5780,87869.0,59.0,1527.0,51.0,306.0,121,24,2873,780,535,545,1,287.0,326,3
2024,HH2024000799,222.3585,G2,5,G1,44,3,G1,31261.0,18794.0,12246.0,11179.0,23649.0,16736,7612.0,6944.0,568.0,5892.0,1266.0,340,157,2719,538,677,162,1,124.0,440,1
