CRTR_YR|ADMDST_CLSF_CD|HOHL_SPIDN|SPIDN|LFNR_SE_CD|HOHL_REL_CD|SD_CD|AAGE|NTNLTY_CD|FMNM_ACHM_CD|HS_SHAPE_CD|BRTH_YR|ENTCNY_YR
2023|11140000|HS00000000|SP00000000|1|1|1|74|410|004|G2|1966|
2023|44130000|HS00000001|SP00000001|1|1|2|85|410|004|G1|1993|
2023|42110000|HS00000002|SP00000002|1|2|2|30|410|003|G2|1977|
2023|28110000|HS00000003|SP00000003|1|1|2|38|410|002|G3|1944|2010
2023|28110000|HS00000004|SP00000004|1|1|2|22|410|003|G2|1958|
2023|45110000|HS00000005|SP00000005|1|1|1|56|410|003|G1|1929|
2023|11140000|HS00000006|SP00000006|1|1|1|57|410|004|G2|1945|
2023|42110000|HS00000007|SP00000007|1|1|1|22|410|001|G4|1976|
2023|11200000|HS00000008|SP00000008|1|3|2|69|410|001|G2|1946|
2023|11140000|HS00000009|SP00000009|1|1|2|20|410|001|G2|1939|
2023|41110000|HS00000010|SP00000010|1|2|2|79|410|001|G1|1956|
2023|47110000|HS00000011|SP00000011|1|2|2|72|410|003|G2|1946|
2023|43110000|HS00000012|SP00000012|1|4|1|81|410|001|G3|1966|
2023|43110000|HS00000013|SP00000013|1|1|2|28|410|001|G3|1935|
2023|43110000|HS00000014|SP00000014|1|1|2|85|410|002|G2|1986|
2023|44130000|HS00000015|SP00000015|1|1|2|61|410|004|G3|1972|
2023|41110000|HS00000016|SP00000016|1|1|2|84|410|002|G2|1984|
2023|11170000|HS00000017|SP00000017|1|1|2|72|410|002|G3|1996|
2023|45110000|HS00000018|SP00000018|1|3|1|69|410|002|G1|1957|2010
2023|28110000|HS00000019|SP00000019|1|1|2|22|840|004|G2|1995|
2023|41110000|HS00000020|SP00000020|1|1|1|71|410|002|G3|1987|
2023|27110000|HS00000021|SP00000021|1|1|2|53|410|002|G3|1946|2000
2023|11200000|HS00000022|SP00000022|1|3|2|83|410|004|G3|1985|
2023|46110000|HS00000023|SP00000023|1|4|2|71|410|002|G2|1939|
2023|44130000|HS00000024|SP00000024|1|3|1|25|410|002|G3|2000|
2023|41150000|HS00000025|SP00000025|1|2|1|86|410|004|G2|1969|
2023|27110000|HS00000026|SP00000026|1|3|2|24|840|002|G2|1998|
2023|44130000|HS00000027|SP00000027|1|2|2|42|410|003|G2|1999|
2023|41130000|HS00000028|SP00000028|1|1|1|36|410|003|G2|1944|
2023|28110000|HS00000029|SP00000029|1|2|2|93|410|001|G2|1998|
2023|28110000|HS00000030|SP00000030|1|3|2|31|410|001|G3|1937|
2023|11200000|HS00000031|SP00000031|1|1|2|83|410|004|G2|1959|
2023|11140000|HS00000032|SP00000032|1|2|1|36|410|002|G1|1967|
2023|41130000|HS00000033|SP00000033|1|1|2|68|410|002|G2|1935|
2023|46110000|HS00000034|SP00000034|1|2|1|26|410|003|G3|1974|
2023|11140000|HS00000035|SP00000035|1|1|2|49|410|001|G1|1974|
2023|45110000|HS00000036|SP00000036|1|2|2|66|410|001|G3|1973|
2023|45110000|HS00000037|SP00000037|1|4|1|73|410|002|G1|1955|
2023|26110000|HS00000038|SP00000038|1|1|2|85|410|004|G2|1940|
2023|41150000|HS00000039|SP00000039|1|1|1|81|840|003|G3|1963|
2023|11170000|HS00000040|SP00000040|1|1|2|58|410|003|G2|1982|
2023|43110000|HS00000041|SP00000041|1|1|1|42|410|003|G3|1937|
2023|42110000|HS00000042|SP00000042|1|5|2|39|410|004|G1|1959|
2023|27110000|HS00000043|SP00000043|1|1|1|94|410|004|G2|1941|
2023|11140000|HS00000044|SP00000044|1|1|1|65|410|001|G2|1971|
2023|47110000|HS00000045|SP00000045|1|1|1|88|410|003|G3|1989|
2023|28110000|HS00000046|SP00000046|1|5|2|52|410|003|G1|1933|
2023|46110000|HS00000047|SP00000047|1|1|1|56|410|001|G2|1953|
2023|42110000|HS00000048|SP00000048|1|3|1|81|410|004|G2|1980|
2023|44130000|HS00000049|SP00000049|1|1|1|74|410|002|G4|1940|
2023|43110000|HS00000050|SP00000050|1|1|1|35|410|004|G3|2003|
2023|11200000|HS00000051|SP00000051|1|2|1|59|410|001|G3|1934|
2023|27110000|HS00000052|SP00000052|1|1|2|36|410|003|G2|1960|
2023|28110000|HS00000053|SP00000053|1|2|2|77|410|003|G2|1959|
2023|41110000|HS00000054|SP00000054|1|1|2|22|410|003|G3|2002|
2023|11110000|HS00000055|SP00000055|1|3|2|82|410|001|G3|1990|
2023|41130000|HS00000056|SP00000056|1|3|2|89|410|001|G3|1949|
2023|11170000|HS00000057|SP00000057|1|3|1|21|410|003|G3|1962|
2023|43110000|HS00000058|SP00000058|1|1|2|67|410|004|G3|1994|
2023|42110000|HS00000059|SP00000059|1|3|1|25|410|003|G1|1954|
2023|46110000|HS00000060|SP00000060|2|5|2|47|410|001|G2|1948|
2023|43110000|HS00000061|SP00000061|1|1|1|45|410|004|G4|1983|
2023|27110000|HS00000062|SP00000062|1|1|2|58|410|002|G2|1952|
2023|47110000|HS00000063|SP00000063|1|3|1|88|410|001|G1|1931|
2023|27110000|HS00000064|SP00000064|1|1|1|54|410|002|G2|1967|
2023|26140000|HS00000065|SP00000065|1|2|1|49|410|001|G2|1986|
2023|46110000|HS00000066|SP00000066|1|3|2|26|410|004|G3|1931|2020
2023|27110000|HS00000067|SP00000067|1|1|1|86|410|004|G3|1935|
2023|11140000|HS00000068|SP00000068|1|2|1|43|410|001|G1|1969|1990
2023|28110000|HS00000069|SP00000069|1|2|1|54|410|003|G2|1972|
2023|44130000|HS00000070|SP00000070|1|1|2|26|410|001|G1|1941|2010
2023|11200000|HS00000071|SP00000071|1|4|2|41|410|002|G3|2003|
2023|28110000|HS00000072|SP00000072|1|1|2|61|410|001|G1|1980|
2023|11170000|HS00000073|SP00000073|1|1|2|87|410|003|G2|1963|
2023|42110000|HS00000074|SP00000074|1|3|1|44|410|001|G2|1954|
2023|41110000|HS00000075|SP00000075|1|1|2|62|410|004|G2|1956|
2023|26140000|HS00000076|SP00000076|1|3|1|85|410|001|G2|1976|
2023|11200000|HS00000077|SP00000077|1|1|1|47|410|002|G2|1938|
2023|41130000|HS00000078|SP00000078|2|1|1|42|410|004|G2|1955|
2023|42110000|HS00000079|SP00000079|1|1|1|23|410|004|G1|1963|
2023|46110000|HS00000080|SP00000080|1|2|1|88|410|001|G2|1933|
2023|28110000|HS00000081|SP00000081|1|3|2|28|410|001|G2|1996|
2023|11170000|HS00000082|SP00000082|1|3|2|36|410|004|G2|1950|
2023|45110000|HS00000083|SP00000083|1|5|1|30|410|004|G3|1934|
2023|41150000|HS00000084|SP00000084|1|2|1|73|410|002|G2|1954|
2023|42110000|HS00000085|SP00000085|1|3|2|47|410|001|G3|1961|
2023|11140000|HS00000086|SP00000086|1|2|1|72|410|001|G1|1976|
2023|26140000|HS00000087|SP00000087|1|4|2|65|840|002|G3|1983|
2023|44130000|HS00000088|SP00000088|1|2|1|21|410|003|G1|1963|
2023|45110000|HS00000089|SP00000089|1|4|2|43|410|001|G2|1936|
2023|28110000|HS00000090|SP00000090|1|1|2|20|410|003|G2|1969|
2023|44130000|HS00000091|SP00000091|1|1|1|24|410|004|G2|1994|2020
2023|45110000|HS00000092|SP00000092|1|3|1|55|410|001|G2|1967|
2023|27110000|HS00000093|SP00000093|1|1|2|39|410|004|G3|1996|
2023|46110000|HS00000094|SP00000094|1|1|1|26|410|004|G2|1933|
2023|26110000|HS00000095|SP00000095|1|5|1|50|410|002|G4|1963|
2023|26110000|HS00000096|SP00000096|1|1|1|53|410|001|G2|1987|
2023|42110000|HS00000097|SP00000097|1|1|1|94|410|002|G2|1957|
2023|41150000|HS00000098|SP00000098|1|1|2|69|410|002|G3|1963|
2023|11170000|HS00000099|SP00000099|1|1|1|49|410|002|G2|1965|
2023|45110000|HS00000100|SP00000100|1|2|1|55|410|004|G2|1959|
2023|11200000|HS00000101|SP00000101|1|4|2|26|410|001|G2|1934|2010
2023|44130000|HS00000102|SP00000102|1|5|2|48|410|002|G2|1939|2020
2023|11110000|HS00000103|SP00000103|1|2|2|63|410|004|G1|1984|
2023|44130000|HS00000104|SP00000104|1|2|2|21|410|001|G2|1986|
2023|44130000|HS00000105|SP00000105|1|1|1|88|410|001|G2|1929|
2023|44130000|HS00000106|SP00000106|1|4|2|58|410|002|G2|1955|1990
2023|42110000|HS00000107|SP00000107|1|1|1|79|410|004|G2|2002|
2023|41110000|HS00000108|SP00000108|1|1|2|40|410|004|G2|1964|
2023|42110000|HS00000109|SP00000109|1|5|2|82|410|004|G3|1995|
2023|26110000|HS00000110|SP00000110|1|4|2|47|410|004|G2|2001|
2023|44130000|HS00000111|SP00000111|1|1|2|89|410|001|G2|1990|
2023|41130000|HS00000112|SP00000112|1|2|1|59|410|002|G4|1984|
2023|28110000|HS00000113|SP00000113|1|1|1|67|410|003|G3|1998|
2023|41110000|HS00000114|SP00000114|1|1|2|35|410|001|G1|1941|
2023|41130000|HS00000115|SP00000115|1|1|1|94|410|004|G2|1971|
2023|11110000|HS00000116|SP00000116|1|1|2|34|410|003|G1|1962|
2023|11170000|HS00000117|SP00000117|1|2|2|22|410|004|G3|1939|
2023|26110000|HS00000118|SP00000118|2|1|1|52|840|002|G2|1941|
2023|11140000|HS00000119|SP00000119|1|2|2|82|410|003|G2|1942|
2023|28110000|HS00000120|SP00000120|1|1|2|89|410|001|G2|1989|
2023|42110000|HS00000121|SP00000121|1|4|2|84|410|001|G2|1948|
2023|42110000|HS00000122|SP00000122|1|2|1|61|410|003|G1|1929|
2023|41110000|HS00000123|SP00000123|1|4|1|88|410|001|G3|2003|
2023|45110000|HS00000124|SP00000124|1|1|1|56|410|002|G2|1938|
2023|41130000|HS00000125|SP00000125|1|2|1|55|410|004|G2|1939|
2023|11140000|HS00000126|SP00000126|1|3|1|33|410|002|G3|1940|
2023|44130000|HS00000127|SP00000127|1|1|1|79|410|002|G1|1974|
2023|41130000|HS00000128|SP00000128|1|1|1|43|410|002|G1|1989|
2023|41150000|HS00000129|SP00000129|1|1|1|34|410|003|G2|1949|
2023|41130000|HS00000130|SP00000130|1|1|2|47|410|004|G3|1957|
2023|41130000|HS00000131|SP00000131|1|1|2|65|410|003|G1|1949|2010
2023|11140000|HS00000132|SP00000132|1|1|2|40|156|002|G3|1984|
2023|41130000|HS00000133|SP00000133|1|1|1|46|410|002|G2|1990|
2023|44130000|HS00000134|SP00000134|2|2|2|44|410|001|G2|1936|
2023|26140000|HS00000135|SP00000135|1|1|2|64|410|001|G2|1965|
2023|41150000|HS00000136|SP00000136|1|1|1|73|840|002|G1|1940|
2023|11110000|HS00000137|SP00000137|1|2|2|70|410|002|G2|1934|
2023|26140000|HS00000138|SP00000138|1|1|1|30|410|004|G3|1969|
2023|28110000|HS00000139|SP00000139|1|1|2|46|410|004|G2|1984|
2023|47110000|HS00000140|SP00000140|1|1|1|68|410|001|G2|1936|
2023|11200000|HS00000141|SP00000141|1|1|2|36|410|002|G3|1950|
2023|26110000|HS00000142|SP00000142|1|1|1|25|410|001|G1|1954|
2023|27110000|HS00000143|SP00000143|1|1|2|44|840|001|G2|1932|
2023|47110000|HS00000144|SP00000144|1|1|2|70|410|002|G2|1985|
2023|45110000|HS00000145|SP00000145|1|5|1|69|410|004|G1|1976|
2023|11110000|HS00000146|SP00000146|1|4|1|29|410|001|G4|2001|
2023|11200000|HS00000147|SP00000147|1|1|1|70|410|003|G4|1974|
2023|44130000|HS00000148|SP00000148|1|1|1|34|410|002|G2|1970|
2023|11110000|HS00000149|SP00000149|1|1|1|75|410|003|G3|1970|
2023|45110000|HS00000150|SP00000150|1|3|2|62|410|004|G1|1992|
2023|26110000|HS00000151|SP00000151|1|3|2|29|410|004|G4|1943|
2023|46110000|HS00000152|SP00000152|1|1|2|46|410|004|G3|1967|
2023|26110000|HS00000153|SP00000153|1|1|2|81|410|002|G2|1971|
2023|28110000|HS00000154|SP00000154|1|1|2|52|410|001|G2|1939|
2023|42110000|HS00000155|SP00000155|1|4|1|71|410|004|G3|1967|
2023|11170000|HS00000156|SP00000156|1|4|2|76|410|004|G2|1937|
2023|41130000|HS00000157|SP00000157|1|1|1|22|410|004|G2|1987|
2023|41110000|HS00000158|SP00000158|1|2|2|89|410|002|G2|1940|
2023|44130000|HS00000159|SP00000159|1|1|1|45|410|002|G1|1929|
2023|47110000|HS00000160|SP00000160|1|2|1|79|410|001|G1|1947|
2023|42110000|HS00000161|SP00000161|1|4|1|55|410|002|G2|1937|
2023|27110000|HS00000162|SP00000162|1|1|2|63|156|002|G2|1948|
2023|27110000|HS00000163|SP00000163|1|1|2|47|410|002|G2|1958|
2023|28110000|HS00000164|SP00000164|1|2|2|83|410|004|G2|1946|
2023|44130000|HS00000165|SP00000165|1|1|1|28|410|003|G1|1931|
2023|26140000|HS00000166|SP00000166|1|3|2|87|410|001|G1|1958|
2023|11170000|HS00000167|SP00000167|1|1|2|35|410|003|G2|1952|
2023|26140000|HS00000168|SP00000168|1|4|1|86|410|003|G1|1998|
2023|11110000|HS00000169|SP00000169|1|1|2|21|410|003|G2|1932|
2023|11140000|HS00000170|SP00000170|1|1|2|21|410|004|G2|1945|
2023|11140000|HS00000171|SP00000171|1|1|1|26|410|004|G2|1991|
2023|44130000|HS00000172|SP00000172|1|1|1|61|410|002|G2|1982|
2023|43110000|HS00000173|SP00000173|1|1|1|39|410|002|G3|1987|
2023|42110000|HS00000174|SP00000174|1|2|2|64|410|001|G1|1980|
2023|28110000|HS00000175|SP00000175|1|1|2|81|410|004|G3|1937|
2023|43110000|HS00000176|SP00000176|1|1|2|22|410|004|G2|1969|
2023|11170000|HS00000177|SP00000177|1|1|2|59|410|003|G1|1972|
2023|46110000|HS00000178|SP00000178|1|1|1|75|410|001|G2|1945|
2023|41110000|HS00000179|SP00000179|1|4|1|51|410|003|G2|1976|
2023|46110000|HS00000180|SP00000180|1|4|1|89|410|004|G2|1937|
2023|11170000|HS00000181|SP00000181|1|1|1|69|410|001|G3|1947|
2023|41110000|HS00000182|SP00000182|1|3|2|22|410|003|G3|1984|
2023|42110000|HS00000183|SP00000183|1|3|2|60|410|003|G2|1956|
2023|41110000|HS00000184|SP00000184|1|5|2|48|410|003|G4|1967|
2023|28110000|HS00000185|SP00000185|1|1|2|29|410|003|G2|1978|
2023|11170000|HS00000186|SP00000186|1|1|1|91|410|004|G1|1936|
2023|27110000|HS00000187|SP00000187|1|1|2|36|410|001|G3|1974|
2023|26110000|HS00000188|SP00000188|1|4|1|26|410|003|G2|1995|
2023|26140000|HS00000189|SP00000189|1|3|2|36|156|004|G1|1973|
2023|42110000|HS00000190|SP00000190|1|1|2|81|410|004|G1|1965|
2023|41150000|HS00000191|SP00000191|1|1|2|64|410|002|G2|1994|
2023|41150000|HS00000192|SP00000192|1|3|2|81|410|004|G2|1948|
2023|27110000|HS00000193|SP00000193|1|4|1|54|410|002|G2|1986|
2023|47110000|HS00000194|SP00000194|1|1|2|28|410|002|G2|1997|
2023|11140000|HS00000195|SP00000195|1|2|2|49|410|004|G3|1963|
2023|26140000|HS00000196|SP00000196|1|1|2|34|410|002|G3|1991|
2023|11170000|HS00000197|SP00000197|1|1|1|61|410|002|G1|1945|
2023|26140000|HS00000198|SP00000198|1|2|1|40|410|003|G1|1998|
2023|47110000|HS00000199|SP00000199|1|3|2|92|410|003|G2|1972|
2023|27110000|HS00000200|SP00000200|1|5|1|48|410|004|G1|2000|
2023|46110000|HS00000201|SP00000201|2|1|2|43|410|003|G2|1975|
2023|41110000|HS00000202|SP00000202|1|1|1|93|410|001|G2|1934|
2023|42110000|HS00000203|SP00000203|1|1|2|59|410|001|G3|1955|
2023|28110000|HS00000204|SP00000204|1|1|1|32|410|004|G2|1963|
2023|26110000|HS00000205|SP00000205|2|1|2|56|410|002|G2|1992|
2023|43110000|HS00000206|SP00000206|1|1|1|39|156|001|G2|1980|
2023|47110000|HS00000207|SP00000207|1|1|2|73|410|001|G3|1975|
2023|26110000|HS00000208|SP00000208|1|1|1|63|410|001|G2|1960|
2023|44130000|HS00000209|SP00000209|1|1|2|74|410|001|G3|1988|
2023|26110000|HS00000210|SP00000210|1|3|1|90|410|004|G3|1929|
2023|43110000|HS00000211|SP00000211|1|1|2|74|410|003|G2|1955|
2023|44130000|HS00000212|SP00000212|1|2|2|45|410|003|G2|1980|
2023|28110000|HS00000213|SP00000213|1|4|2|35|410|001|G2|1995|
2023|43110000|HS00000214|SP00000214|1|2|1|59|410|003|G2|1959|
2023|26110000|HS00000215|SP00000215|1|1|1|53|410|004|G2|1970|
2023|11140000|HS00000216|SP00000216|1|1|1|43|410|004|G2|1953|
2023|11140000|HS00000217|SP00000217|1|2|1|80|410|002|G3|1959|
2023|28110000|HS00000218|SP00000218|1|2|2|88|410|003|G1|1955|2000
2023|46110000|HS00000219|SP00000219|1|1|2|48|410|002|G2|1941|
2023|11170000|HS00000220|SP00000220|1|1|1|71|410|004|G1|1964|
2023|28110000|HS00000221|SP00000221|1|2|2|93|410|004|G2|1949|
2023|42110000|HS00000222|SP00000222|1|1|1|20|410|001|G2|1977|
2023|11200000|HS00000223|SP00000223|1|2|2|47|410|002|G2|1933|
2023|43110000|HS00000224|SP00000224|1|1|1|75|156|001|G2|1973|
2023|26140000|HS00000225|SP00000225|1|1|2|57|156|003|G2|1953|
2023|44130000|HS00000226|SP00000226|1|3|1|79|410|002|G2|1929|
2023|41130000|HS00000227|SP00000227|1|1|1|55|410|003|G2|1977|
2023|41130000|HS00000228|SP00000228|1|2|1|24|410|004|G1|1996|
2023|11200000|HS00000229|SP00000229|1|1|1|52|410|004|G3|1986|
2023|28110000|HS00000230|SP00000230|1|1|2|50|410|001|G2|1985|
2023|45110000|HS00000231|SP00000231|1|4|2|83|410|001|G3|1999|
2023|11110000|HS00000232|SP00000232|1|1|1|31|410|004|G2|1963|
2023|43110000|HS00000233|SP00000233|1|1|1|31|156|001|G2|1983|1990
2023|41110000|HS00000234|SP00000234|1|4|2|30|410|002|G1|1996|
2023|43110000|HS00000235|SP00000235|1|3|2|62|410|004|G3|1993|
2023|42110000|HS00000236|SP00000236|1|2|1|94|410|002|G2|1983|
2023|28110000|HS00000237|SP00000237|1|1|2|66|410|001|G2|1976|1990
2023|26140000|HS00000238|SP00000238|1|1|2|81|410|004|G2|1930|
2023|41150000|HS00000239|SP00000239|1|2|2|83|410|003|G2|1951|
2023|11170000|HS00000240|SP00000240|1|1|2|65|410|002|G2|1950|
2023|41130000|HS00000241|SP00000241|1|1|1|65|410|003|G3|1952|
2023|11140000|HS00000242|SP00000242|1|3|1|38|410|003|G1|1943|
2023|42110000|HS00000243|SP00000243|1|1|2|92|410|003|G4|1980|
2023|41150000|HS00000244|SP00000244|1|1|1|79|410|004|G3|1996|
2023|11140000|HS00000245|SP00000245|1|1|1|85|410|004|G4|1965|
2023|43110000|HS00000246|SP00000246|1|1|2|93|410|002|G3|2003|
2023|28110000|HS00000247|SP00000247|1|2|1|46|410|004|G2|1987|
2023|44130000|HS00000248|SP00000248|1|4|2|30|410|004|G2|1947|
2023|11110000|HS00000249|SP00000249|1|1|1|84|410|001|G1|1966|
2023|11200000|HS00000250|SP00000250|1|1|1|55|410|002|G3|1952|
2023|41110000|HS00000251|SP00000251|1|2|1|91|410|003|G1|1965|
2023|11200000|HS00000252|SP00000252|1|1|1|72|410|004|G3|1963|
2023|26140000|HS00000253|SP00000253|1|1|2|39|410|003|G2|1981|
2023|42110000|HS00000254|SP00000254|1|4|2|46|410|003|G1|1987|
2023|11170000|HS00000255|SP00000255|1|2|2|65|410|002|G1|1984|
2023|42110000|HS00000256|SP00000256|1|1|2|49|410|001|G2|1944|
2023|11140000|HS00000257|SP00000257|1|5|1|41|410|004|G1|1930|
2023|11170000|HS00000258|SP00000258|1|1|1|35|410|003|G1|1997|
2023|41130000|HS00000259|SP00000259|1|4|2|68|410|002|G1|1963|
2023|44130000|HS00000260|SP00000260|1|2|1|22|410|004|G2|1968|
2023|11170000|HS00000261|SP00000261|1|2|2|27|410|001|G3|1961|
2023|26140000|HS00000262|SP00000262|1|4|2|23|410|002|G2|1986|
2023|46110000|HS00000263|SP00000263|1|2|2|75|410|004|G2|2003|
2023|47110000|HS00000264|SP00000264|1|1|2|22|410|002|G1|1988|
2023|41130000|HS00000265|SP00000265|1|1|2|51|410|004|G1|1990|
2023|28110000|HS00000266|SP00000266|2|2|2|29|410|004|G2|2000|
2023|26140000|HS00000267|SP00000267|1|2|2|64|410|001|G1|1977|
2023|41150000|HS00000268|SP00000268|1|1|1|22|410|002|G1|1952|
2023|41150000|HS00000269|SP00000269|1|3|1|21|410|004|G1|1931|
2023|26140000|HS00000270|SP00000270|1|2|2|50|410|002|G2|1954|
2023|11110000|HS00000271|SP00000271|1|1|1|72|410|001|G3|1990|
2023|11170000|HS00000272|SP00000272|1|1|2|28|410|001|G1|1976|
2023|47110000|HS00000273|SP00000273|1|1|1|57|410|001|G2|1981|
2023|28110000|HS00000274|SP00000274|1|1|2|80|410|001|G2|1988|
2023|41110000|HS00000275|SP00000275|1|1|2|66|410|002|G3|1929|
2023|28110000|HS00000276|SP00000276|1|1|2|76|410|002|G1|1954|
2023|44130000|HS00000277|SP00000277|1|1|2|43|410|004|G3|1967|
2023|11140000|HS00000278|SP00000278|1|1|1|90|410|003|G3|1971|
2023|11140000|HS00000279|SP00000279|1|2|1|30|410|001|G4|1980|
2023|26110000|HS00000280|SP00000280|1|1|1|65|410|001|G3|1972|
2023|41110000|HS00000281|SP00000281|1|5|1|52|410|001|G1|1956|
2023|42110000|HS00000282|SP00000282|1|4|2|22|410|002|G3|1934|
2023|41110000|HS00000283|SP00000283|1|2|2|90|410|003|G3|1966|
2023|28110000|HS00000284|SP00000284|1|5|1|72|156|001|G2|1990|
2023|46110000|HS00000285|SP00000285|1|4|1|37|410|002|G1|1932|
2023|11170000|HS00000286|SP00000286|1|1|2|23|410|002|G3|1980|
2023|41130000|HS00000287|SP00000287|1|3|2|70|410|001|G1|1997|
2023|41130000|HS00000288|SP00000288|1|1|2|60|410|001|G3|1963|
2023|41110000|HS00000289|SP00000289|1|2|2|23|410|001|G2|1944|
2023|44130000|HS00000290|SP00000290|1|1|1|93|410|001|G2|1984|
2023|26110000|HS00000291|SP00000291|1|1|1|73|410|004|G1|1983|
2023|47110000|HS00000292|SP00000292|1|1|1|54|410|004|G2|1982|
2023|26140000|HS00000293|SP00000293|1|5|1|37|840|003|G2|1943|
2023|41130000|HS00000294|SP00000294|1|1|1|40|410|004|G3|1932|
2023|41110000|HS00000295|SP00000295|1|1|1|53|410|004|G1|1940|
2023|45110000|HS00000296|SP00000296|1|1|2|24|410|004|G1|1987|
2023|28110000|HS00000297|SP00000297|1|1|1|47|410|001|G1|1940|
2023|26110000|HS00000298|SP00000298|1|3|2|36|410|004|G1|1980|
2023|11110000|HS00000299|SP00000299|1|3|2|28|410|002|G4|1938|
2023|27110000|HS00000300|SP00000300|1|1|2|29|410|003|G1|1929|
2023|45110000|HS00000301|SP00000301|1|1|2|45|410|004|G2|1950|
2023|11110000|HS00000302|SP00000302|1|1|2|48|410|002|G3|1932|
2023|46110000|HS00000303|SP00000303|1|1|1|46|410|002|G2|1993|
2023|41130000|HS00000304|SP00000304|1|3|1|71|410|001|G2|1954|
2023|11170000|HS00000305|SP00000305|1|3|2|59|410|001|G2|2000|
2023|26140000|HS00000306|SP00000306|1|1|2|34|410|001|G2|1955|
2023|41130000|HS00000307|SP00000307|1|2|1|92|410|002|G3|1978|
2023|26140000|HS00000308|SP00000308|1|1|1|74|410|004|G2|1931|
2023|11140000|HS00000309|SP00000309|1|2|1|55|410|002|G2|1966|
2023|42110000|HS00000310|SP00000310|1|2|1|23|410|003|G2|1946|
2023|42110000|HS00000311|SP00000311|1|2|2|88|410|001|G3|1981|2000
2023|11170000|HS00000312|SP00000312|1|2|1|75|410|003|G2|1998|
2023|26110000|HS00000313|SP00000313|1|4|2|54|410|004|G2|1948|
2023|26110000|HS00000314|SP00000314|1|1|2|32|410|002|G2|1987|
2023|42110000|HS00000315|SP00000315|1|1|2|28|410|002|G2|1949|
2023|43110000|HS00000316|SP00000316|1|1|1|41|410|004|G2|1969|
2023|43110000|HS00000317|SP00000317|1|2|1|37|410|003|G1|1931|
2023|46110000|HS00000318|SP00000318|1|2|1|35|410|002|G2|1977|
2023|44130000|HS00000319|SP00000319|1|2|2|50|410|001|G1|1973|
2023|26140000|HS00000320|SP00000320|1|3|2|23|840|004|G2|1948|
2023|11140000|HS00000321|SP00000321|1|1|1|44|410|003|G2|1945|
2023|41150000|HS00000322|SP00000322|1|2|1|85|410|001|G2|1994|
2023|46110000|HS00000323|SP00000323|1|3|2|84|410|003|G1|1948|
2023|47110000|HS00000324|SP00000324|1|1|2|20|410|004|G3|1967|
2023|11200000|HS00000325|SP00000325|1|1|2|70|410|004|G2|1929|
2023|26110000|HS00000326|SP00000326|1|1|2|94|410|001|G2|1956|2010
2023|11110000|HS00000327|SP00000327|1|1|2|63|410|002|G1|1945|
2023|11170000|HS00000328|SP00000328|1|3|1|49|410|004|G2|1978|
2023|41130000|HS00000329|SP00000329|1|4|1|56|410|004|G2|1982|
2023|41130000|HS00000330|SP00000330|1|2|2|35|410|003|G3|1945|
2023|27110000|HS00000331|SP00000331|1|1|1|49|410|002|G2|2002|
2023|26140000|HS00000332|SP00000332|1|2|2|90|410|004|G1|1960|
2023|45110000|HS00000333|SP00000333|1|3|2|65|410|003|G2|1931|
2023|28110000|HS00000334|SP00000334|1|1|1|52|410|003|G2|1929|
2023|44130000|HS00000335|SP00000335|1|3|1|29|410|004|G1|1950|
2023|47110000|HS00000336|SP00000336|1|1|1|87|410|002|G2|1966|
2023|26140000|HS00000337|SP00000337|1|1|2|32|410|003|G2|1943|
2023|11200000|HS00000338|SP00000338|1|1|2|74|410|001|G3|2002|
2023|47110000|HS00000339|SP00000339|1|1|2|42|410|003|G2|1944|
2023|41150000|HS00000340|SP00000340|1|4|2|40|410|003|G2|1989|
2023|26110000|HS00000341|SP00000341|1|1|2|32|410|004|G4|1948|2020
2023|41150000|HS00000342|SP00000342|1|1|1|48|410|002|G2|1977|2010
2023|41110000|HS00000343|SP00000343|1|1|1|70|410|004|G1|1947|
2023|46110000|HS00000344|SP00000344|1|1|2|51|410|003|G2|1958|1990
2023|26110000|HS00000345|SP00000345|1|1|2|21|410|001|G4|1934|
2023|47110000|HS00000346|SP00000346|1|1|2|39|410|001|G2|1944|
2023|46110000|HS00000347|SP00000347|1|2|1|32|410|001|G2|1935|
2023|11200000|HS00000348|SP00000348|1|1|1|50|410|002|G2|1992|
2023|11170000|HS00000349|SP00000349|1|3|1|87|410|003|G2|1975|
2023|41130000|HS00000350|SP00000350|1|1|1|92|410|004|G1|1971|
2023|11110000|HS00000351|SP00000351|1|3|2|94|410|004|G2|2001|
2023|26140000|HS00000352|SP00000352|1|3|1|28|410|003|G3|2002|
2023|28110000|HS00000353|SP00000353|1|1|1|56|410|002|G2|2001|
2023|47110000|HS00000354|SP00000354|1|1|2|23|410|003|G1|1946|
2023|47110000|HS00000355|SP00000355|2|4|2|57|410|002|G2|1970|
2023|11170000|HS00000356|SP00000356|1|1|1|63|410|001|G1|1947|
2023|46110000|HS00000357|SP00000357|1|2|2|78|410|003|G2|1941|
2023|11140000|HS00000358|SP00000358|1|1|2|45|410|004|G2|2001|
2023|43110000|HS00000359|SP00000359|1|1|2|22|410|001|G2|1940|
2023|45110000|HS00000360|SP00000360|1|2|1|54|410|001|G3|1987|
2023|46110000|HS00000361|SP00000361|2|4|2|52|410|001|G2|1973|
2023|11200000|HS00000362|SP00000362|2|1|2|66|410|001|G2|1931|
2023|46110000|HS00000363|SP00000363|1|3|2|27|410|001|G3|1981|2010
2023|11140000|HS00000364|SP00000364|1|2|2|65|410|001|G2|1933|
2023|41110000|HS00000365|SP00000365|1|1|1|50|410|001|G3|1966|
2023|28110000|HS00000366|SP00000366|1|1|2|75|410|002|G3|2002|
2023|26140000|HS00000367|SP00000367|1|1|2|93|410|003|G2|1941|
2023|11110000|HS00000368|SP00000368|1|1|2|37|410|001|G2|2000|
2023|44130000|HS00000369|SP00000369|1|2|1|76|840|002|G2|1956|
2023|26140000|HS00000370|SP00000370|1|1|2|29|410|004|G3|1969|
2023|42110000|HS00000371|SP00000371|1|1|2|93|410|001|G1|1993|
2023|27110000|HS00000372|SP00000372|2|2|2|56|410|004|G3|1965|
2023|27110000|HS00000373|SP00000373|2|2|1|75|410|003|G2|1976|
2023|46110000|HS00000374|SP00000374|1|2|1|78|156|003|G2|1996|
2023|11140000|HS00000375|SP00000375|1|2|2|65|410|002|G2|1962|
2023|43110000|HS00000376|SP00000376|1|1|2|48|410|002|G4|2000|1990
2023|43110000|HS00000377|SP00000377|1|2|1|76|410|002|G1|1963|
2023|27110000|HS00000378|SP00000378|1|1|1|55|410|001|G2|1987|
2023|26110000|HS00000379|SP00000379|1|1|1|69|410|002|G3|1941|
2023|11110000|HS00000380|SP00000380|1|1|1|65|410|004|G2|1932|
2023|46110000|HS00000381|SP00000381|1|2|1|54|410|001|G2|1934|
2023|47110000|HS00000382|SP00000382|1|2|1|28|410|003|G3|1933|
2023|26110000|HS00000383|SP00000383|1|1|1|41|410|003|G3|1996|
2023|11110000|HS00000384|SP00000384|1|4|2|90|410|001|G1|1965|
2023|11170000|HS00000385|SP00000385|1|3|1|59|410|001|G2|1987|
2023|11140000|HS00000386|SP00000386|1|1|2|67|410|003|G2|1996|
2023|45110000|HS00000387|SP00000387|1|2|1|39|410|001|G2|1974|
2023|46110000|HS00000388|SP00000388|1|1|1|72|410|004|G2|1971|
2023|11170000|HS00000389|SP00000389|1|5|1|56|410|001|G1|1981|
2023|43110000|HS00000390|SP00000390|1|1|1|36|410|001|G2|1995|
2023|11200000|HS00000391|SP00000391|1|1|2|30|410|002|G2|1973|
2023|27110000|HS00000392|SP00000392|1|1|1|49|410|002|G3|1992|
2023|41150000|HS00000393|SP00000393|1|1|1|62|410|001|G2|2000|
2023|43110000|HS00000394|SP00000394|1|2|2|41|410|003|G2|1970|
2023|45110000|HS00000395|SP00000395|1|1|2|38|840|002|G3|1999|
2023|11110000|HS00000396|SP00000396|1|1|1|40|410|003|G3|1931|
2023|11200000|HS00000397|SP00000397|1|2|1|42|410|001|G2|1941|
2023|26110000|HS00000398|SP00000398|1|4|1|75|410|001|G4|1934|
2023|26140000|HS00000399|SP00000399|1|3|2|57|410|001|G2|1996|
2023|47110000|HS00000400|SP00000400|1|1|2|55|410|001|G2|1969|
2023|44130000|HS00000401|SP00000401|1|1|1|32|410|004|G2|1942|
2023|26140000|HS00000402|SP00000402|1|1|1|60|410|002|G1|1960|1990
2023|47110000|HS00000403|SP00000403|1|4|2|92|410|002|G2|1981|
2023|41110000|HS00000404|SP00000404|1|3|2|75|410|003|G2|1941|
2023|41110000|HS00000405|SP00000405|1|2|2|53|410|001|G3|1980|2020
2023|28110000|HS00000406|SP00000406|1|4|2|43|410|003|G2|1930|
2023|11170000|HS00000407|SP00000407|1|1|2|46|410|003|G1|1996|
2023|46110000|HS00000408|SP00000408|1|2|1|22|410|004|G2|1951|2000
2023|11110000|HS00000409|SP00000409|1|1|1|22|410|001|G1|2003|
2023|11170000|HS00000410|SP00000410|1|1|2|78|410|001|G3|1935|
2023|11200000|HS00000411|SP00000411|1|1|2|83|410|004|G2|1977|
2023|26110000|HS00000412|SP00000412|1|1|1|92|410|002|G3|2002|
2023|11170000|HS00000413|SP00000413|1|4|1|66|410|001|G2|1941|
2023|11110000|HS00000414|SP00000414|1|1|2|89|410|003|G2|1931|
2023|42110000|HS00000415|SP00000415|1|3|1|51|840|002|G1|1935|
2023|47110000|HS00000416|SP00000416|1|3|2|39|410|004|G2|1967|
2023|11170000|HS00000417|SP00000417|1|2|1|38|410|004|G3|1999|
2023|26140000|HS00000418|SP00000418|1|4|1|37|410|003|G2|1986|
2023|41110000|HS00000419|SP00000419|1|1|2|75|410|001|G1|2001|
2023|46110000|HS00000420|SP00000420|1|1|1|20|410|003|G2|2000|
2023|42110000|HS00000421|SP00000421|1|1|1|90|410|001|G2|1992|
2023|44130000|HS00000422|SP00000422|1|1|1|78|410|004|G2|1961|
2023|41130000|HS00000423|SP00000423|1|4|2|48|410|003|G1|1946|
2023|28110000|HS00000424|SP00000424|1|1|2|72|410|002|G2|1960|
2023|11200000|HS00000425|SP00000425|1|1|1|30|410|004|G2|1988|
2023|45110000|HS00000426|SP00000426|1|1|1|52|410|003|G3|1958|
2023|44130000|HS00000427|SP00000427|1|1|1|28|410|002|G2|1986|
2023|11110000|HS00000428|SP00000428|1|3|1|28|410|001|G1|1969|
2023|43110000|HS00000429|SP00000429|1|1|1|20|410|003|G3|1937|2000
2023|11140000|HS00000430|SP00000430|1|3|2|79|410|002|G3|1993|2020
2023|43110000|HS00000431|SP00000431|1|2|1|75|410|001|G2|1938|
2023|45110000|HS00000432|SP00000432|1|3|1|86|410|001|G3|1983|
2023|11170000|HS00000433|SP00000433|1|1|2|93|410|003|G3|1953|
2023|28110000|HS00000434|SP00000434|1|2|1|92|410|004|G2|1984|
2023|11170000|HS00000435|SP00000435|1|1|2|94|410|002|G2|1991|2010
2023|41130000|HS00000436|SP00000436|1|1|2|21|410|001|G2|1970|
2023|46110000|HS00000437|SP00000437|1|3|2|78|410|003|G2|1975|
2023|11140000|HS00000438|SP00000438|1|2|1|74|410|001|G4|1965|
2023|27110000|HS00000439|SP00000439|1|1|1|32|410|001|G2|1986|
2023|47110000|HS00000440|SP00000440|1|4|1|30|410|003|G2|1930|2020
2023|26140000|HS00000441|SP00000441|1|1|1|93|410|003|G3|1953|
2023|11170000|HS00000442|SP00000442|1|2|2|86|410|001|G2|1940|
2023|41110000|HS00000443|SP00000443|1|5|2|44|410|001|G2|1945|
2023|41110000|HS00000444|SP00000444|1|2|1|25|410|001|G3|1949|
2023|42110000|HS00000445|SP00000445|1|3|1|45|840|003|G2|1993|
2023|26140000|HS00000446|SP00000446|1|2|2|20|840|003|G2|1959|
2023|47110000|HS00000447|SP00000447|1|3|1|71|410|003|G2|1936|
2023|41110000|HS00000448|SP00000448|1|2|2|48|410|001|G3|1996|
2023|26110000|HS00000449|SP00000449|1|2|2|23|410|004|G2|1969|
2023|47110000|HS00000450|SP00000450|1|1|2|93|410|001|G2|1990|
2023|46110000|HS00000451|SP00000451|1|3|1|81|410|004|G2|1944|
2023|41110000|HS00000452|SP00000452|1|1|2|87|410|004|G3|1934|
2023|11110000|HS00000453|SP00000453|1|5|1|94|410|002|G1|2000|2020
2023|41150000|HS00000454|SP00000454|1|1|1|21|410|004|G2|1943|
2023|41130000|HS00000455|SP00000455|1|1|1|78|840|003|G3|1976|1990
2023|11170000|HS00000456|SP00000456|1|4|2|79|410|004|G3|1931|
2023|41150000|HS00000457|SP00000457|1|1|2|78|410|001|G2|2002|
2023|45110000|HS00000458|SP00000458|1|1|1|39|410|001|G2|1989|
2023|11140000|HS00000459|SP00000459|1|3|1|49|156|004|G2|1950|
2023|43110000|HS00000460|SP00000460|1|1|2|89|410|004|G2|1945|
2023|11170000|HS00000461|SP00000461|1|1|2|24|410|003|G2|1998|
2023|43110000|HS00000462|SP00000462|1|1|2|68|840|002|G3|1991|2010
2023|28110000|HS00000463|SP00000463|1|1|1|79|410|002|G1|1978|1990
2023|11110000|HS00000464|SP00000464|1|1|1|79|410|002|G3|2001|
2023|47110000|HS00000465|SP00000465|1|1|1|64|410|002|G1|1945|
2023|11170000|HS00000466|SP00000466|1|1|2|77|410|003|G3|1953|
2023|41150000|HS00000467|SP00000467|1|1|1|88|410|004|G1|1947|
2023|11200000|HS00000468|SP00000468|1|1|1|77|410|002|G1|1968|
2023|46110000|HS00000469|SP00000469|1|2|2|28|410|004|G1|1955|
2023|43110000|HS00000470|SP00000470|1|2|2|38|410|001|G2|1961|
2023|44130000|HS00000471|SP00000471|1|1|1|42|410|004|G2|1951|
2023|28110000|HS00000472|SP00000472|1|1|2|45|410|003|G2|1970|
2023|28110000|HS00000473|SP00000473|1|4|2|47|410|003|G3|1955|
2023|41150000|HS00000474|SP00000474|1|2|1|36|410|002|G2|1955|
2023|44130000|HS00000475|SP00000475|1|1|1|71|410|002|G2|1955|
2023|45110000|HS00000476|SP00000476|1|1|1|28|410|002|G2|1938|
2023|11110000|HS00000477|SP00000477|1|1|1|79|410|004|G3|1977|
2023|42110000|HS00000478|SP00000478|1|3|1|69|410|001|G1|1938|
2023|11140000|HS00000479|SP00000479|1|4|1|92|410|003|G2|2001|
2023|26110000|HS00000480|SP00000480|1|4|2|20|410|004|G1|1967|
2023|45110000|HS00000481|SP00000481|1|1|2|42|410|003|G2|1970|
2023|26110000|HS00000482|SP00000482|1|1|2|87|410|003|G2|1938|
2023|44130000|HS00000483|SP00000483|1|1|1|57|410|003|G1|2000|
2023|28110000|HS00000484|SP00000484|1|1|2|62|410|003|G1|1987|
2023|11200000|HS00000485|SP00000485|1|1|2|22|410|003|G3|1968|
2023|26140000|HS00000486|SP00000486|1|2|2|77|410|004|G1|1942|
2023|41130000|HS00000487|SP00000487|1|1|2|38|156|003|G2|1969|
2023|44130000|HS00000488|SP00000488|2|4|1|92|410|004|G2|1956|
2023|41150000|HS00000489|SP00000489|1|1|2|48|410|003|G3|1990|
2023|46110000|HS00000490|SP00000490|1|1|2|34|410|004|G2|1933|
2023|45110000|HS00000491|SP00000491|1|4|2|64|410|004|G1|1945|
2023|43110000|HS00000492|SP00000492|1|3|1|55|410|001|G3|2000|
2023|41150000|HS00000493|SP00000493|1|1|2|55|410|004|G2|1951|
2023|26110000|HS00000494|SP00000494|1|2|2|91|410|003|G2|1994|
2023|28110000|HS00000495|SP00000495|1|1|2|47|410|002|G2|1962|
2023|11170000|HS00000496|SP00000496|1|1|1|49|410|004|G2|1950|
2023|27110000|HS00000497|SP00000497|1|1|1|66|410|001|G2|1934|
2023|46110000|HS00000498|SP00000498|1|1|2|32|410|003|G2|1998|
2023|28110000|HS00000499|SP00000499|1|2|2|82|410|003|G1|1982|
2023|11140000|HS00000500|SP00000500|1|1|1|37|410|004|G2|1952|
2023|42110000|HS00000501|SP00000501|1|2|2|38|410|003|G4|1984|2020
2023|47110000|HS00000502|SP00000502|1|3|2|20|410|003|G2|1950|
2023|45110000|HS00000503|SP00000503|1|1|1|45|840|003|G4|1990|
2023|26110000|HS00000504|SP00000504|1|1|1|63|410|003|G1|1991|
2023|28110000|HS00000505|SP00000505|1|1|2|72|410|004|G3|1963|
2023|41130000|HS00000506|SP00000506|1|3|2|87|410|004|G3|1952|
2023|26110000|HS00000507|SP00000507|1|2|2|78|410|001|G2|1988|
2023|26110000|HS00000508|SP00000508|1|3|2|44|410|003|G1|1938|
2023|26110000|HS00000509|SP00000509|1|1|1|81|410|002|G2|1938|
2023|47110000|HS00000510|SP00000510|1|1|1|34|410|001|G1|1997|
2023|43110000|HS00000511|SP00000511|1|2|2|35|410|004|G2|1981|
2023|45110000|HS00000512|SP00000512|1|1|2|46|410|004|G4|1962|
2023|44130000|HS00000513|SP00000513|1|3|1|60|410|004|G2|1967|
2023|47110000|HS00000514|SP00000514|1|1|2|35|840|002|G1|1984|
2023|11140000|HS00000515|SP00000515|1|1|1|87|410|002|G2|1964|
2023|45110000|HS00000516|SP00000516|1|2|1|40|410|004|G2|1931|
2023|11140000|HS00000517|SP00000517|1|1|1|49|410|001|G2|1980|
2023|41110000|HS00000518|SP00000518|1|2|1|65|410|001|G2|1987|
2023|41150000|HS00000519|SP00000519|1|1|2|52|410|002|G3|1948|
2023|27110000|HS00000520|SP00000520|1|4|2|50|410|003|G1|1961|
2023|11170000|HS00000521|SP00000521|1|3|1|93|410|002|G2|1952|
2023|11200000|HS00000522|SP00000522|1|4|2|52|840|001|G2|1955|
2023|45110000|HS00000523|SP00000523|1|2|2|28|410|003|G1|1946|
2023|26140000|HS00000524|SP00000524|1|2|2|74|410|004|G2|1949|
2023|26140000|HS00000525|SP00000525|1|2|1|72|410|002|G2|1958|
2023|46110000|HS00000526|SP00000526|1|1|2|36|410|002|G2|1969|
2023|11170000|HS00000527|SP00000527|1|1|1|83|410|002|G3|1969|
2023|46110000|HS00000528|SP00000528|1|2|1|49|410|002|G2|1984|
2023|46110000|HS00000529|SP00000529|1|1|2|31|410|003|G2|1970|
2023|41150000|HS00000530|SP00000530|1|1|1|32|410|002|G4|1958|
2023|11170000|HS00000531|SP00000531|1|4|1|73|410|003|G3|1950|
2023|11170000|HS00000532|SP00000532|1|1|2|36|156|001|G1|1946|
2023|26110000|HS00000533|SP00000533|1|2|2|55|410|003|G3|1975|
2023|41130000|HS00000534|SP00000534|1|2|1|75|410|001|G3|1949|
2023|11170000|HS00000535|SP00000535|1|1|1|83|410|002|G1|1971|
2023|28110000|HS00000536|SP00000536|1|4|1|56|410|004|G2|1977|
2023|11140000|HS00000537|SP00000537|1|1|2|88|410|002|G1|1991|
2023|41130000|HS00000538|SP00000538|1|4|2|42|410|003|G2|1984|
2023|11110000|HS00000539|SP00000539|1|3|2|85|410|002|G3|1953|
2023|43110000|HS00000540|SP00000540|1|1|1|38|840|004|G2|1987|
2023|11110000|HS00000541|SP00000541|1|1|1|24|410|004|G2|1998|
2023|11200000|HS00000542|SP00000542|1|1|1|74|410|004|G2|1983|1990
2023|11170000|HS00000543|SP00000543|1|1|1|76|410|002|G2|1929|
2023|45110000|HS00000544|SP00000544|2|1|2|89|410|002|G3|1992|
2023|11110000|HS00000545|SP00000545|1|5|1|89|410|003|G2|1993|
2023|28110000|HS00000546|SP00000546|1|1|2|27|410|004|G2|1973|
2023|41150000|HS00000547|SP00000547|1|3|2|66|410|003|G2|1975|
2023|41110000|HS00000548|SP00000548|1|1|1|72|410|003|G2|1934|
2023|42110000|HS00000549|SP00000549|1|5|2|65|410|004|G2|1986|
2023|44130000|HS00000550|SP00000550|2|1|2|21|410|004|G2|1972|
2023|27110000|HS00000551|SP00000551|1|1|1|23|410|002|G2|1982|
2023|45110000|HS00000552|SP00000552|1|2|1|70|410|001|G2|1985|
2023|26140000|HS00000553|SP00000553|1|1|1|84|410|002|G2|1979|
2023|47110000|HS00000554|SP00000554|1|3|1|33|410|003|G2|1984|
2023|41110000|HS00000555|SP00000555|1|1|2|23|410|004|G2|1950|
2023|43110000|HS00000556|SP00000556|1|2|2|50|410|002|G3|1944|
2023|45110000|HS00000557|SP00000557|1|2|1|43|410|001|G2|1990|2010
2023|44130000|HS00000558|SP00000558|1|2|2|93|410|002|G1|1966|
2023|45110000|HS00000559|SP00000559|1|1|2|89|410|003|G4|1984|2010
2023|41130000|HS00000560|SP00000560|1|1|1|61|410|001|G1|1938|
2023|11110000|HS00000561|SP00000561|1|1|2|91|410|002|G3|1996|
2023|41110000|HS00000562|SP00000562|1|1|1|37|410|002|G2|1973|
2023|11200000|HS00000563|SP00000563|1|1|1|94|410|004|G3|1979|
2023|46110000|HS00000564|SP00000564|1|4|1|53|410|003|G2|1976|
2023|26110000|HS00000565|SP00000565|1|2|2|55|410|003|G3|1933|
2023|11200000|HS00000566|SP00000566|1|2|2|23|410|003|G2|1963|
2023|26110000|HS00000567|SP00000567|1|1|1|33|410|001|G2|1975|
2023|41150000|HS00000568|SP00000568|1|1|1|34|410|002|G2|1943|
2023|41130000|HS00000569|SP00000569|1|2|1|56|410|004|G1|1945|
2023|47110000|HS00000570|SP00000570|1|1|2|34|840|003|G2|1993|
2023|28110000|HS00000571|SP00000571|1|1|2|27|410|003|G4|1969|2020
2023|26110000|HS00000572|SP00000572|1|1|1|65|410|004|G2|1973|
2023|11110000|HS00000573|SP00000573|1|2|2|85|410|003|G3|1970|
2023|11110000|HS00000574|SP00000574|1|5|2|25|840|003|G2|1977|
2023|27110000|HS00000575|SP00000575|1|1|2|62|410|001|G2|1942|2010
2023|46110000|HS00000576|SP00000576|1|1|2|92|410|001|G4|1929|
2023|41110000|HS00000577|SP00000577|1|1|2|50|410|001|G1|2001|
2023|46110000|HS00000578|SP00000578|1|1|2|33|410|002|G2|1939|
2023|11140000|HS00000579|SP00000579|1|3|1|25|410|003|G2|1939|
2023|11140000|HS00000580|SP00000580|1|1|1|90|410|004|G1|1976|
2023|45110000|HS00000581|SP00000581|1|2|2|50|410|002|G2|1967|
2023|11140000|HS00000582|SP00000582|1|1|1|27|410|003|G2|1996|
2023|11110000|HS00000583|SP00000583|1|1|2|84|410|004|G1|1977|
2023|27110000|HS00000584|SP00000584|1|4|2|80|410|003|G3|1986|2010
2023|46110000|HS00000585|SP00000585|1|1|1|72|156|002|G2|1935|
2023|42110000|HS00000586|SP00000586|1|3|2|26|410|002|G1|1995|2000
2023|11140000|HS00000587|SP00000587|1|1|1|26|410|003|G2|1978|
2023|45110000|HS00000588|SP00000588|1|4|2|36|410|002|G1|1967|
2023|45110000|HS00000589|SP00000589|1|1|2|31|410|001|G3|1930|
2023|44130000|HS00000590|SP00000590|1|1|1|59|410|003|G2|1942|
2023|46110000|HS00000591|SP00000591|1|3|2|49|410|003|G1|1933|
2023|26110000|HS00000592|SP00000592|1|1|1|77|410|002|G2|1980|
2023|47110000|HS00000593|SP00000593|1|1|1|27|410|001|G2|1983|
2023|26140000|HS00000594|SP00000594|1|5|2|74|410|004|G2|1961|
2023|44130000|HS00000595|SP00000595|1|2|2|90|410|002|G1|1978|
2023|41130000|HS00000596|SP00000596|1|2|1|29|410|003|G1|2002|
2023|44130000|HS00000597|SP00000597|1|2|1|68|410|001|G2|1943|
2023|41150000|HS00000598|SP00000598|1|3|1|58|410|002|G2|1996|
2023|41150000|HS00000599|SP00000599|1|4|1|27|410|003|G2|1989|
2023|41150000|HS00000600|SP00000600|1|2|2|41|410|001|G2|1933|
2023|44130000|HS00000601|SP00000601|1|1|1|79|410|002|G2|1949|2010
2023|43110000|HS00000602|SP00000602|1|1|2|85|410|003|G2|1955|
2023|11170000|HS00000603|SP00000603|1|2|2|47|410|004|G1|1994|
2023|45110000|HS00000604|SP00000604|1|3|2|27|410|002|G2|1985|
2023|41130000|HS00000605|SP00000605|1|1|1|38|410|001|G2|1988|
2023|26140000|HS00000606|SP00000606|1|1|2|83|410|001|G2|1955|
2023|41110000|HS00000607|SP00000607|2|1|1|62|410|003|G2|1966|
2023|47110000|HS00000608|SP00000608|1|2|1|52|410|003|G2|1976|
2023|45110000|HS00000609|SP00000609|1|3|1|21|410|003|G2|1948|
2023|45110000|HS00000610|SP00000610|1|1|2|78|410|002|G1|1945|
2023|28110000|HS00000611|SP00000611|1|2|2|54|410|001|G2|1948|
2023|44130000|HS00000612|SP00000612|1|3|2|60|410|001|G2|1996|
2023|27110000|HS00000613|SP00000613|1|4|2|83|410|001|G1|1958|
2023|42110000|HS00000614|SP00000614|1|1|2|62|410|002|G2|1988|
2023|41150000|HS00000615|SP00000615|1|4|1|89|410|002|G3|1983|
2023|26110000|HS00000616|SP00000616|1|2|1|61|410|001|G4|1930|
2023|26110000|HS00000617|SP00000617|1|3|2|45|410|003|G2|1972|
2023|11140000|HS00000618|SP00000618|1|1|2|89|410|002|G2|1944|
2023|11170000|HS00000619|SP00000619|1|2|1|68|410|004|G2|1985|
2023|28110000|HS00000620|SP00000620|1|2|2|77|410|002|G3|1931|
2023|41110000|HS00000621|SP00000621|1|1|1|37|410|001|G2|1983|
2023|11170000|HS00000622|SP00000622|1|1|2|70|410|003|G2|1990|2000
2023|28110000|HS00000623|SP00000623|1|2|2|62|410|003|G2|1979|
2023|41150000|HS00000624|SP00000624|1|2|2|27|840|004|G1|1990|
2023|11200000|HS00000625|SP00000625|1|1|2|39|410|003|G2|1959|
2023|26140000|HS00000626|SP00000626|1|1|2|88|410|002|G2|1993|
2023|27110000|HS00000627|SP00000627|1|1|1|62|410|003|G2|1988|
2023|41110000|HS00000628|SP00000628|1|4|2|78|410|004|G2|1951|
2023|27110000|HS00000629|SP00000629|1|5|2|32|410|003|G2|2000|
2023|43110000|HS00000630|SP00000630|1|1|2|36|410|004|G2|1970|
2023|26140000|HS00000631|SP00000631|1|1|1|90|410|004|G2|1952|
2023|28110000|HS00000632|SP00000632|2|1|1|51|410|004|G1|1970|
2023|27110000|HS00000633|SP00000633|1|1|2|86|840|003|G3|2002|
2023|11200000|HS00000634|SP00000634|1|4|1|80|410|002|G3|1992|
2023|42110000|HS00000635|SP00000635|1|2|2|45|410|004|G3|1931|
2023|26110000|HS00000636|SP00000636|1|1|1|91|410|004|G2|1946|
2023|26140000|HS00000637|SP00000637|1|1|2|78|410|002|G2|1977|
2023|44130000|HS00000638|SP00000638|1|1|2|29|410|001|G2|1938|
2023|47110000|HS00000639|SP00000639|1|3|1|27|410|004|G2|2003|
2023|42110000|HS00000640|SP00000640|1|2|2|29|410|001|G1|2000|
2023|46110000|HS00000641|SP00000641|1|2|2|75|410|004|G2|1937|
2023|45110000|HS00000642|SP00000642|1|1|2|30|410|001|G2|1953|
2023|41110000|HS00000643|SP00000643|1|4|2|41|410|004|G1|1959|
2023|44130000|HS00000644|SP00000644|1|1|2|52|410|003|G3|1978|
2023|26140000|HS00000645|SP00000645|1|3|1|30|410|002|G1|1942|
2023|28110000|HS00000646|SP00000646|1|4|1|44|410|001|G2|1958|
2023|41130000|HS00000647|SP00000647|2|1|1|70|410|004|G3|1971|
2023|47110000|HS00000648|SP00000648|1|4|2|92|410|001|G2|1975|
2023|45110000|HS00000649|SP00000649|1|1|2|55|410|001|G1|1977|
2023|41110000|HS00000650|SP00000650|1|2|2|76|410|004|G2|1960|
2023|42110000|HS00000651|SP00000651|1|1|1|59|410|003|G3|1954|
2023|11200000|HS00000652|SP00000652|1|1|2|54|410|001|G3|1943|
2023|44130000|HS00000653|SP00000653|1|1|2|59|410|002|G2|1973|
2023|41130000|HS00000654|SP00000654|1|1|1|91|410|003|G1|1984|
2023|41130000|HS00000655|SP00000655|1|1|1|24|410|003|G2|1962|
2023|44130000|HS00000656|SP00000656|1|1|1|58|410|002|G2|1960|
2023|41150000|HS00000657|SP00000657|1|2|2|23|410|002|G3|1983|
2023|11140000|HS00000658|SP00000658|1|1|2|85|410|001|G2|1998|
2023|26110000|HS00000659|SP00000659|1|1|1|65|410|001|G3|1979|
2023|11200000|HS00000660|SP00000660|1|5|1|23|410|004|G4|1998|
2023|43110000|HS00000661|SP00000661|1|4|2|66|410|001|G2|1997|
2023|11110000|HS00000662|SP00000662|1|1|1|52|410|004|G3|1931|
2023|11200000|HS00000663|SP00000663|1|1|2|23|410|001|G2|1945|
2023|41150000|HS00000664|SP00000664|1|2|1|93|410|004|G1|2001|
2023|42110000|HS00000665|SP00000665|1|3|1|48|410|002|G3|1977|
2023|41110000|HS00000666|SP00000666|1|1|1|21|410|004|G2|1984|
2023|45110000|HS00000667|SP00000667|1|3|2|65|410|004|G4|1930|
2023|46110000|HS00000668|SP00000668|1|1|1|48|410|002|G2|1971|
2023|11170000|HS00000669|SP00000669|1|1|2|69|410|003|G2|1984|
2023|47110000|HS00000670|SP00000670|1|3|1|32|410|002|G3|1956|
2023|41150000|HS00000671|SP00000671|1|2|1|82|410|004|G1|1968|2000
2023|41150000|HS00000672|SP00000672|1|3|1|51|410|004|G2|1989|
2023|11140000|HS00000673|SP00000673|1|1|1|51|840|004|G2|1981|
2023|41150000|HS00000674|SP00000674|1|1|1|80|410|003|G1|1994|
2023|43110000|HS00000675|SP00000675|1|1|2|61|410|002|G1|1951|
2023|41130000|HS00000676|SP00000676|1|1|1|20|410|001|G3|1931|
2023|11140000|HS00000677|SP00000677|1|1|2|63|410|003|G1|1943|
2023|41110000|HS00000678|SP00000678|1|2|1|68|410|001|G2|1975|
2023|46110000|HS00000679|SP00000679|1|2|1|43|410|003|G2|1967|
2023|43110000|HS00000680|SP00000680|1|2|2|33|410|004|G2|1999|
2023|11170000|HS00000681|SP00000681|1|1|2|24|410|001|G2|1976|
2023|47110000|HS00000682|SP00000682|1|1|1|83|410|004|G1|2001|
2023|47110000|HS00000683|SP00000683|1|2|1|20|410|003|G3|1948|
2023|11170000|HS00000684|SP00000684|1|1|2|63|410|001|G1|1935|
2023|44130000|HS00000685|SP00000685|1|4|1|82|410|003|G2|1989|
2023|27110000|HS00000686|SP00000686|1|1|1|46|410|001|G3|1953|
2023|41150000|HS00000687|SP00000687|1|2|2|35|410|003|G2|1959|
2023|28110000|HS00000688|SP00000688|1|4|2|73|410|003|G2|1972|
2023|44130000|HS00000689|SP00000689|1|2|1|67|410|003|G4|1948|
2023|47110000|HS00000690|SP00000690|1|2|1|21|410|002|G1|1953|
2023|44130000|HS00000691|SP00000691|1|2|1|63|410|001|G1|1983|
2023|46110000|HS00000692|SP00000692|1|1|1|20|410|002|G2|1944|
2023|47110000|HS00000693|SP00000693|1|2|2|49|410|004|G3|1954|
2023|11140000|HS00000694|SP00000694|1|4|2|42|410|004|G3|1980|
2023|26110000|HS00000695|SP00000695|1|5|1|82|410|001|G3|1948|
2023|43110000|HS00000696|SP00000696|1|1|1|93|410|002|G4|1955|
2023|41150000|HS00000697|SP00000697|1|1|1|72|410|004|G1|1995|
2023|11110000|HS00000698|SP00000698|1|3|1|75|410|002|G2|1991|
2023|11140000|HS00000699|SP00000699|1|2|2|21|410|001|G1|1979|
2023|41110000|HS00000700|SP00000700|1|1|1|24|410|004|G3|2000|
2023|41150000|HS00000701|SP00000701|1|1|2|78|410|002|G3|1973|
2023|11170000|HS00000702|SP00000702|1|1|2|52|410|003|G2|1969|
2023|11170000|HS00000703|SP00000703|1|1|2|58|410|002|G3|1945|
2023|11170000|HS00000704|SP00000704|1|1|1|71|410|003|G2|1991|
2023|41130000|HS00000705|SP00000705|1|1|2|46|410|002|G1|1961|
2023|11110000|HS00000706|SP00000706|1|1|2|71|410|003|G2|1954|2000
2023|41130000|HS00000707|SP00000707|1|4|1|74|410|002|G4|1970|
2023|41110000|HS00000708|SP00000708|1|1|1|38|410|003|G2|1935|
2023|28110000|HS00000709|SP00000709|1|1|1|71|410|001|G1|1980|
2023|42110000|HS00000710|SP00000710|2|1|2|32|410|001|G4|1973|
2023|41110000|HS00000711|SP00000711|1|1|2|43|410|003|G2|2003|
2023|43110000|HS00000712|SP00000712|1|5|1|78|410|001|G2|1973|
2023|43110000|HS00000713|SP00000713|1|4|1|93|410|004|G2|2002|
2023|46110000|HS00000714|SP00000714|1|1|1|24|410|004|G2|1930|
2023|44130000|HS00000715|SP00000715|1|1|1|68|410|002|G2|1985|
2023|41110000|HS00000716|SP00000716|1|1|2|62|410|002|G1|1943|2010
2023|41110000|HS00000717|SP00000717|1|1|2|65|410|003|G3|1995|
2023|26110000|HS00000718|SP00000718|1|1|1|79|410|001|G2|1983|
2023|41150000|HS00000719|SP00000719|1|1|2|25|410|004|G2|1995|
2023|11170000|HS00000720|SP00000720|1|1|2|75|410|001|G3|1976|
2023|46110000|HS00000721|SP00000721|1|2|2|40|410|002|G1|1958|
2023|45110000|HS00000722|SP00000722|1|1|2|31|410|001|G3|1972|
2023|11170000|HS00000723|SP00000723|1|1|1|53|410|004|G3|1958|
2023|44130000|HS00000724|SP00000724|1|1|2|22|410|001|G3|1943|
2023|11140000|HS00000725|SP00000725|1|1|1|67|410|002|G2|2000|
2023|43110000|HS00000726|SP00000726|1|1|2|62|410|004|G2|1972|
2023|11140000|HS00000727|SP00000727|1|1|1|58|410|002|G2|1959|
2023|41110000|HS00000728|SP00000728|1|1|1|22|410|001|G3|1964|
2023|42110000|HS00000729|SP00000729|1|1|2|77|410|001|G4|1993|
2023|43110000|HS00000730|SP00000730|1|3|2|22|410|003|G2|1988|
2023|28110000|HS00000731|SP00000731|1|4|1|39|156|001|G2|1975|
2023|46110000|HS00000732|SP00000732|1|1|1|49|410|002|G1|1955|
2023|44130000|HS00000733|SP00000733|1|1|1|72|410|003|G2|1929|
2023|11200000|HS00000734|SP00000734|1|3|2|50|410|002|G3|1976|
2023|42110000|HS00000735|SP00000735|1|2|1|81|410|004|G3|1964|
2023|43110000|HS00000736|SP00000736|1|1|2|90|410|003|G2|1981|
2023|26140000|HS00000737|SP00000737|1|1|2|77|410|001|G4|2001|2020
2023|43110000|HS00000738|SP00000738|1|1|2|22|410|004|G1|1974|
2023|46110000|HS00000739|SP00000739|1|2|2|77|410|004|G2|1977|
2023|44130000|HS00000740|SP00000740|1|1|2|35|410|001|G2|1992|
2023|43110000|HS00000741|SP00000741|1|1|1|86|410|002|G2|1953|
2023|41150000|HS00000742|SP00000742|1|1|2|93|410|002|G3|1984|
2023|26110000|HS00000743|SP00000743|1|1|1|26|410|002|G2|1987|
2023|44130000|HS00000744|SP00000744|1|1|2|27|410|002|G1|1974|
2023|27110000|HS00000745|SP00000745|1|2|1|72|410|004|G1|1931|
2023|41130000|HS00000746|SP00000746|1|2|2|30|410|003|G2|1956|
2023|26140000|HS00000747|SP00000747|1|1|1|92|410|004|G2|1972|
2023|26140000|HS00000748|SP00000748|1|1|1|60|410|002|G2|1942|
2023|11170000|HS00000749|SP00000749|1|3|2|63|410|003|G2|2002|
2023|47110000|HS00000750|SP00000750|1|1|2|84|410|001|G1|1978|
2023|11170000|HS00000751|SP00000751|1|1|1|36|410|002|G3|1963|
2023|11140000|HS00000752|SP00000752|1|1|1|61|410|003|G2|1967|
2023|46110000|HS00000753|SP00000753|1|3|2|94|410|001|G2|1953|
2023|41130000|HS00000754|SP00000754|1|3|1|21|410|004|G2|1951|
2023|28110000|HS00000755|SP00000755|1|4|2|33|410|002|G2|1969|
2023|43110000|HS00000756|SP00000756|1|2|1|30|410|001|G2|1934|
2023|27110000|HS00000757|SP00000757|1|1|2|45|410|004|G1|1934|
2023|11170000|HS00000758|SP00000758|1|1|2|29|410|001|G2|1968|
2023|43110000|HS00000759|SP00000759|1|1|2|32|410|002|G2|1936|
2023|11170000|HS00000760|SP00000760|1|2|1|83|410|001|G2|1955|
2023|41130000|HS00000761|SP00000761|2|2|1|54|410|003|G4|1993|
2023|47110000|HS00000762|SP00000762|1|1|1|46|410|004|G2|1995|
2023|46110000|HS00000763|SP00000763|1|4|1|51|410|001|G2|1998|
2023|27110000|HS00000764|SP00000764|1|1|1|92|410|002|G2|1988|
2023|44130000|HS00000765|SP00000765|1|1|1|56|410|002|G2|1980|
2023|41150000|HS00000766|SP00000766|1|1|2|55|410|003|G1|1998|
2023|41110000|HS00000767|SP00000767|1|4|2|89|410|002|G3|1958|
2023|11170000|HS00000768|SP00000768|1|4|1|22|410|003|G2|1973|
2023|27110000|HS00000769|SP00000769|1|1|1|55|410|003|G2|1958|
2023|42110000|HS00000770|SP00000770|1|5|2|76|410|001|G4|1966|
2023|47110000|HS00000771|SP00000771|1|4|1|58|410|003|G1|1983|
2023|11110000|HS00000772|SP00000772|1|3|2|85|840|003|G2|1957|
2023|43110000|HS00000773|SP00000773|1|4|1|86|410|004|G1|1932|
2023|45110000|HS00000774|SP00000774|1|1|1|45|410|003|G2|1980|
2023|47110000|HS00000775|SP00000775|1|3|1|81|410|004|G3|1980|
2023|28110000|HS00000776|SP00000776|1|2|1|38|410|002|G1|1965|
2023|11170000|HS00000777|SP00000777|1|3|2|37|410|003|G4|1943|
2023|26110000|HS00000778|SP00000778|1|1|1|93|410|004|G2|1964|
2023|45110000|HS00000779|SP00000779|1|3|2|20|410|001|G2|1941|
2023|45110000|HS00000780|SP00000780|1|5|1|46|410|003|G1|1998|
2023|41150000|HS00000781|SP00000781|1|1|2|67|410|004|G2|1996|
2023|11170000|HS00000782|SP00000782|1|5|1|51|410|003|G2|1973|
2023|11170000|HS00000783|SP00000783|1|1|2|83|410|004|G2|1986|
2023|41110000|HS00000784|SP00000784|1|1|1|38|410|002|G2|2002|
2023|41150000|HS00000785|SP00000785|1|1|1|61|410|004|G1|1987|
2023|11110000|HS00000786|SP00000786|1|3|2|29|840|003|G4|1983|
2023|42110000|HS00000787|SP00000787|1|2|1|35|410|002|G2|1935|
2023|41130000|HS00000788|SP00000788|1|1|2|33|410|001|G2|1945|
2023|11110000|HS00000789|SP00000789|1|2|1|75|410|001|G3|1977|
2023|11140000|HS00000790|SP00000790|1|1|2|35|410|002|G2|1932|
2023|28110000|HS00000791|SP00000791|1|1|2|70|410|004|G3|1941|
2023|43110000|HS00000792|SP00000792|1|4|1|45|410|002|G3|1985|
2023|45110000|HS00000793|SP00000793|1|2|2|62|410|002|G1|1968|
2023|28110000|HS00000794|SP00000794|1|3|1|85|410|002|G2|1934|
2023|26140000|HS00000795|SP00000795|1|2|1|84|410|002|G2|1969|
2023|47110000|HS00000796|SP00000796|1|5|2|20|410|004|G1|1976|
2023|28110000|HS00000797|SP00000797|1|1|2|78|410|002|G2|1936|
2023|26140000|HS00000798|SP00000798|1|1|2|91|410|002|G1|1954|2020
2023|28110000|HS00000799|SP00000799|1|1|1|70|410|003|G3|1970|
2023|11110000|HS00000800|SP00000800|1|2|1|34|410|003|G2|1938|
2023|26140000|HS00000801|SP00000801|1|2|1|69|156|002|G2|1948|
2023|41110000|HS00000802|SP00000802|1|3|2|67|840|001|G2|1977|
2023|46110000|HS00000803|SP00000803|1|1|2|69|410|003|G4|1972|1990
2023|43110000|HS00000804|SP00000804|1|1|2|52|410|003|G2|2000|
2023|44130000|HS00000805|SP00000805|1|2|2|59|410|003|G3|1996|
2023|41130000|HS00000806|SP00000806|1|5|1|68|410|003|G3|1932|
2023|11140000|HS00000807|SP00000807|1|1|2|54|410|003|G1|2000|
2023|27110000|HS00000808|SP00000808|1|1|2|78|410|004|G1|1941|
2023|47110000|HS00000809|SP00000809|1|1|2|73|410|001|G1|1988|
2023|11110000|HS00000810|SP00000810|2|1|1|42|410|001|G2|1963|
2023|45110000|HS00000811|SP00000811|1|1|1|65|410|004|G2|1949|
2023|42110000|HS00000812|SP00000812|1|1|1|76|410|004|G2|1929|
2023|26110000|HS00000813|SP00000813|1|2|2|56|410|002|G4|1975|
2023|44130000|HS00000814|SP00000814|1|1|2|73|410|003|G1|1934|
2023|45110000|HS00000815|SP00000815|1|1|2|29|410|002|G3|1969|
2023|11110000|HS00000816|SP00000816|1|1|1|48|410|004|G2|1938|
2023|11140000|HS00000817|SP00000817|1|4|2|72|410|002|G2|1996|
2023|42110000|HS00000818|SP00000818|1|1|1|87|410|004|G1|1983|
2023|47110000|HS00000819|SP00000819|1|1|1|68|410|002|G2|1957|
2023|11110000|HS00000820|SP00000820|1|1|2|69|410|002|G3|1951|
2023|42110000|HS00000821|SP00000821|1|2|2|45|410|003|G2|1943|
2023|11170000|HS00000822|SP00000822|1|4|1|72|410|002|G2|1977|
2023|42110000|HS00000823|SP00000823|1|1|1|46|410|001|G2|1957|
2023|41150000|HS00000824|SP00000824|1|1|2|23|410|001|G2|1957|
2023|11140000|HS00000825|SP00000825|2|1|1|38|410|004|G2|1930|
2023|42110000|HS00000826|SP00000826|1|2|1|65|410|002|G2|1995|
2023|46110000|HS00000827|SP00000827|1|4|2|92|410|001|G3|2002|
2023|45110000|HS00000828|SP00000828|1|1|2|57|410|004|G2|1960|
2023|11110000|HS00000829|SP00000829|1|1|2|84|840|004|G1|2002|
2023|26110000|HS00000830|SP00000830|1|3|2|78|410|002|G3|1989|
2023|26110000|HS00000831|SP00000831|1|3|2|62|840|003|G2|1966|
2023|28110000|HS00000832|SP00000832|1|1|2|80|410|004|G3|1983|
2023|11170000|HS00000833|SP00000833|1|1|2|50|410|001|G2|1984|
2023|45110000|HS00000834|SP00000834|1|1|2|53|410|002|G1|1978|
2023|44130000|HS00000835|SP00000835|1|3|1|75|410|003|G2|1952|
2023|44130000|HS00000836|SP00000836|1|2|2|67|410|003|G1|1976|
2023|11200000|HS00000837|SP00000837|1|2|2|59|410|002|G3|1944|
2023|11110000|HS00000838|SP00000838|1|3|1|52|410|001|G3|1992|
2023|46110000|HS00000839|SP00000839|1|1|1|93|410|004|G2|1996|
2023|26110000|HS00000840|SP00000840|1|1|2|24|410|003|G2|1991|
2023|42110000|HS00000841|SP00000841|1|1|2|24|410|004|G2|1935|
2023|46110000|HS00000842|SP00000842|1|4|2|55|410|002|G2|1983|
2023|11110000|HS00000843|SP00000843|1|2|1|22|410|003|G1|2001|
2023|11110000|HS00000844|SP00000844|1|1|2|45|410|002|G3|1980|
2023|11110000|HS00000845|SP00000845|1|1|2|62|410|002|G2|1952|
2023|11170000|HS00000846|SP00000846|1|3|2|50|410|003|G2|1976|
2023|11110000|HS00000847|SP00000847|1|3|2|35|410|004|G1|1975|2010
2023|44130000|HS00000848|SP00000848|1|2|1|41|410|004|G4|1997|
2023|41150000|HS00000849|SP00000849|1|1|2|65|840|003|G3|1953|
2023|47110000|HS00000850|SP00000850|1|4|1|91|410|001|G2|1987|
2023|44130000|HS00000851|SP00000851|1|3|1|78|410|003|G2|1996|
2023|47110000|HS00000852|SP00000852|1|2|1|61|410|004|G3|1950|
2023|26110000|HS00000853|SP00000853|1|2|1|30|410|002|G2|1933|
2023|26110000|HS00000854|SP00000854|1|4|2|38|410|003|G4|1958|
2023|45110000|HS00000855|SP00000855|1|4|1|53|410|002|G3|1933|
2023|26110000|HS00000856|SP00000856|1|2|1|38|410|001|G3|1973|
2023|11110000|HS00000857|SP00000857|1|1|1|71|410|003|G1|1965|2010
2023|42110000|HS00000858|SP00000858|2|1|1|47|410|002|G2|1977|
2023|44130000|HS00000859|SP00000859|1|3|2|82|410|003|G4|1965|
2023|47110000|HS00000860|SP00000860|1|2|2|40|410|003|G2|1937|
2023|46110000|HS00000861|SP00000861|1|1|1|57|410|004|G3|1956|
2023|11170000|HS00000862|SP00000862|1|1|1|73|410|004|G2|2001|
2023|44130000|HS00000863|SP00000863|1|4|2|35|410|003|G4|1960|
2023|45110000|HS00000864|SP00000864|1|4|2|77|410|001|G2|1975|
2023|42110000|HS00000865|SP00000865|1|5|1|63|410|003|G1|1963|
2023|44130000|HS00000866|SP00000866|1|1|2|68|410|004|G2|1962|
2023|45110000|HS00000867|SP00000867|1|3|1|54|410|002|G1|1959|
2023|28110000|HS00000868|SP00000868|1|3|1|90|410|003|G2|1939|2000
2023|11110000|HS00000869|SP00000869|1|1|2|77|410|004|G3|1939|
2023|28110000|HS00000870|SP00000870|1|1|1|34|410|002|G2|1931|
2023|11200000|HS00000871|SP00000871|1|5|1|61|410|002|G4|1958|
2023|11140000|HS00000872|SP00000872|1|1|1|87|410|002|G1|1982|
2023|11170000|HS00000873|SP00000873|1|2|1|40|840|004|G2|1989|
2023|42110000|HS00000874|SP00000874|1|2|2|60|410|002|G4|1940|
2023|41110000|HS00000875|SP00000875|1|2|1|76|410|002|G2|1935|
2023|41130000|HS00000876|SP00000876|1|1|1|40|410|003|G3|2001|
2023|43110000|HS00000877|SP00000877|1|3|1|58|410|003|G4|1987|
2023|41130000|HS00000878|SP00000878|1|1|1|61|410|004|G2|1953|
2023|41150000|HS00000879|SP00000879|1|3|2|33|410|004|G3|1991|
2023|11140000|HS00000880|SP00000880|1|1|2|33|410|004|G1|2000|
2023|45110000|HS00000881|SP00000881|1|2|1|62|410|004|G2|1929|
2023|28110000|HS00000882|SP00000882|1|3|2|33|410|002|G2|1996|
2023|11170000|HS00000883|SP00000883|1|1|1|91|410|002|G3|1987|
2023|44130000|HS00000884|SP00000884|1|1|1|59|410|003|G2|1929|
2023|43110000|HS00000885|SP00000885|1|3|2|72|410|003|G2|1996|
2023|11110000|HS00000886|SP00000886|2|1|1|49|410|003|G3|1944|1990
2023|11200000|HS00000887|SP00000887|1|1|2|42|410|001|G1|1961|
2023|11110000|HS00000888|SP00000888|1|1|2|56|410|001|G4|1963|
2023|26110000|HS00000889|SP00000889|1|4|2|73|410|001|G1|1941|
2023|11140000|HS00000890|SP00000890|1|2|1|49|410|002|G2|2002|
2023|43110000|HS00000891|SP00000891|1|1|1|41|410|004|G2|1999|
2023|41110000|HS00000892|SP00000892|1|5|2|30|410|004|G2|1989|
2023|47110000|HS00000893|SP00000893|1|1|2|60|410|004|G2|1967|
2023|43110000|HS00000894|SP00000894|1|1|1|70|410|003|G3|1931|
2023|41150000|HS00000895|SP00000895|2|1|1|59|410|001|G3|1998|2020
2023|41110000|HS00000896|SP00000896|1|1|2|39|410|004|G1|1972|
2023|11110000|HS00000897|SP00000897|1|1|1|38|410|004|G1|1971|2010
2023|11140000|HS00000898|SP00000898|1|2|1|48|410|004|G1|1989|
2023|41150000|HS00000899|SP00000899|1|1|2|46|840|002|G2|1978|
2023|11110000|HS00000900|SP00000900|1|2|2|35|410|001|G1|1988|
2023|11110000|HS00000901|SP00000901|1|1|2|90|410|004|G2|1993|
2023|11200000|HS00000902|SP00000902|1|1|2|44|410|001|G3|1964|
2023|46110000|HS00000903|SP00000903|1|1|2|38|410|004|G3|1934|
2023|28110000|HS00000904|SP00000904|1|2|1|65|410|004|G3|1973|
2023|43110000|HS00000905|SP00000905|1|3|2|80|410|004|G1|1956|
2023|27110000|HS00000906|SP00000906|1|1|1|54|410|003|G2|1953|
2023|11170000|HS00000907|SP00000907|1|1|1|70|410|004|G1|1940|
2023|27110000|HS00000908|SP00000908|1|1|2|27|410|004|G2|1942|
2023|11140000|HS00000909|SP00000909|1|3|2|59|410|004|G2|1936|
2023|44130000|HS00000910|SP00000910|1|1|2|24|410|002|G3|1942|
2023|11200000|HS00000911|SP00000911|1|3|2|30|410|003|G2|1934|
2023|27110000|HS00000912|SP00000912|1|1|1|64|410|004|G2|1931|
2023|47110000|HS00000913|SP00000913|1|1|1|35|410|001|G2|1947|
2023|41150000|HS00000914|SP00000914|1|3|1|22|410|001|G4|1967|
2023|28110000|HS00000915|SP00000915|1|1|1|33|410|002|G1|1980|
2023|41130000|HS00000916|SP00000916|1|1|1|77|410|002|G3|1961|
2023|44130000|HS00000917|SP00000917|1|5|1|64|410|004|G2|1941|
2023|26110000|HS00000918|SP00000918|1|1|1|48|410|004|G1|1947|
2023|41150000|HS00000919|SP00000919|1|1|2|93|410|001|G3|1964|
2023|45110000|HS00000920|SP00000920|1|1|2|48|410|002|G1|1998|
2023|41130000|HS00000921|SP00000921|1|1|1|85|410|004|G2|1983|
2023|28110000|HS00000922|SP00000922|1|3|1|45|410|003|G1|1960|
2023|11170000|HS00000923|SP00000923|1|1|1|21|410|001|G2|1975|
2023|26110000|HS00000924|SP00000924|1|4|1|28|410|003|G2|1969|
2023|47110000|HS00000925|SP00000925|1|2|2|40|410|004|G3|1981|
2023|41130000|HS00000926|SP00000926|1|5|2|33|410|002|G3|1998|
2023|26140000|HS00000927|SP00000927|1|3|2|31|410|002|G2|1969|
2023|28110000|HS00000928|SP00000928|1|4|1|48|410|003|G2|1970|
2023|41130000|HS00000929|SP00000929|1|2|1|93|410|004|G1|1945|
2023|41130000|HS00000930|SP00000930|1|1|1|35|410|003|G2|1995|
2023|42110000|HS00000931|SP00000931|1|1|2|37|410|004|G2|1967|
2023|26110000|HS00000932|SP00000932|1|2|2|94|410|004|G1|1939|
2023|42110000|HS00000933|SP00000933|1|1|2|35|410|002|G4|1983|
2023|28110000|HS00000934|SP00000934|1|3|2|82|410|002|G2|1980|
2023|46110000|HS00000935|SP00000935|1|1|2|66|410|003|G1|1997|
2023|11170000|HS00000936|SP00000936|1|3|2|89|410|001|G3|1960|
2023|11170000|HS00000937|SP00000937|1|1|1|61|410|001|G2|1939|
2023|28110000|HS00000938|SP00000938|1|4|1|64|410|001|G2|1967|
2023|41110000|HS00000939|SP00000939|1|1|1|36|410|004|G1|1972|
2023|42110000|HS00000940|SP00000940|2|1|1|63|410|004|G2|1947|
2023|27110000|HS00000941|SP00000941|1|3|2|70|410|004|G2|1970|
2023|46110000|HS00000942|SP00000942|1|3|1|94|410|001|G2|1974|
2023|41110000|HS00000943|SP00000943|1|3|1|27|410|002|G2|1946|
2023|11170000|HS00000944|SP00000944|1|5|1|31|410|002|G2|1982|
2023|11170000|HS00000945|SP00000945|1|1|2|21|410|001|G2|1940|
2023|47110000|HS00000946|SP00000946|1|3|2|79|410|002|G1|1983|
2023|11170000|HS00000947|SP00000947|1|1|1|26|410|002|G2|1965|
2023|47110000|HS00000948|SP00000948|1|2|1|88|410|004|G2|1985|
2023|26110000|HS00000949|SP00000949|1|1|2|47|410|001|G3|1956|
2023|11140000|HS00000950|SP00000950|1|1|2|41|410|004|G2|1971|
2023|26140000|HS00000951|SP00000951|1|2|2|93|840|004|G1|1986|
2023|41150000|HS00000952|SP00000952|1|3|2|74|410|001|G2|1948|
2023|28110000|HS00000953|SP00000953|1|1|2|61|410|002|G2|1933|
2023|44130000|HS00000954|SP00000954|1|4|2|86|410|002|G2|2001|
2023|41150000|HS00000955|SP00000955|1|2|2|76|410|004|G3|1961|
2023|27110000|HS00000956|SP00000956|1|1|1|67|410|004|G2|1950|
2023|41150000|HS00000957|SP00000957|1|2|2|44|410|004|G2|1950|
2023|47110000|HS00000958|SP00000958|1|1|1|93|410|002|G2|1987|
2023|28110000|HS00000959|SP00000959|1|1|1|73|410|004|G1|1995|
2023|11170000|HS00000960|SP00000960|1|2|2|90|410|004|G3|1965|
2023|27110000|HS00000961|SP00000961|1|1|1|92|410|003|G2|1956|
2023|45110000|HS00000962|SP00000962|1|1|1|61|410|001|G2|1982|
2023|11200000|HS00000963|SP00000963|1|3|2|46|410|002|G4|1976|
2023|47110000|HS00000964|SP00000964|1|1|1|91|410|001|G2|1964|
2023|41150000|HS00000965|SP00000965|1|3|2|94|410|004|G3|1970|
2023|41150000|HS00000966|SP00000966|1|3|1|29|410|002|G2|1967|
2023|26140000|HS00000967|SP00000967|1|1|2|67|410|003|G2|1952|
2023|46110000|HS00000968|SP00000968|1|2|2|65|410|002|G1|1930|1990
2023|11110000|HS00000969|SP00000969|1|1|2|76|410|004|G2|1944|
2023|26140000|HS00000970|SP00000970|1|2|2|93|410|004|G2|2003|
2023|28110000|HS00000971|SP00000971|1|1|1|38|410|002|G2|1977|2000
2023|41110000|HS00000972|SP00000972|1|4|2|93|410|002|G2|2003|
2023|41110000|HS00000973|SP00000973|1|1|2|68|410|001|G2|1938|
2023|11170000|HS00000974|SP00000974|1|2|2|26|410|001|G2|1955|
2023|11200000|HS00000975|SP00000975|1|1|2|58|410|004|G2|1987|
2023|11140000|HS00000976|SP00000976|1|1|2|30|410|004|G2|1941|1990
2023|41130000|HS00000977|SP00000977|1|1|2|91|410|004|G3|1961|
2023|26140000|HS00000978|SP00000978|1|2|1|77|410|003|G1|2000|
2023|41130000|HS00000979|SP00000979|1|5|2|87|410|001|G4|1992|
2023|41150000|HS00000980|SP00000980|1|1|1|65|410|001|G1|1943|
2023|42110000|HS00000981|SP00000981|1|1|2|49|410|003|G2|1982|
2023|41130000|HS00000982|SP00000982|1|1|2|52|410|002|G2|1964|
2023|42110000|HS00000983|SP00000983|1|1|2|91|410|001|G1|1936|
2023|41130000|HS00000984|SP00000984|1|4|1|31|410|001|G2|1982|
2023|42110000|HS00000985|SP00000985|1|4|1|86|410|003|G1|2003|
2023|41150000|HS00000986|SP00000986|1|4|1|51|840|004|G2|1997|2010
2023|26140000|HS00000987|SP00000987|1|1|2|64|410|002|G2|1935|
2023|26110000|HS00000988|SP00000988|1|1|2|70|410|004|G1|1959|
2023|44130000|HS00000989|SP00000989|1|3|1|26|410|002|G2|1979|
2023|26140000|HS00000990|SP00000990|1|1|1|31|410|003|G2|1998|
2023|41130000|HS00000991|SP00000991|1|2|1|32|410|001|G4|1951|
2023|11200000|HS00000992|SP00000992|1|1|1|78|410|003|G1|2001|
2023|28110000|HS00000993|SP00000993|1|1|1|25|410|002|G2|1997|
2023|41130000|HS00000994|SP00000994|1|4|1|65|410|004|G2|1959|
2023|41150000|HS00000995|SP00000995|1|1|1|28|410|002|G2|1955|
2023|41110000|HS00000996|SP00000996|1|5|1|77|410|001|G4|1961|
2023|27110000|HS00000997|SP00000997|1|1|1|93|156|001|G2|1935|
2023|47110000|HS00000998|SP00000998|1|1|2|51|410|002|G2|1983|
2023|41110000|HS00000999|SP00000999|1|1|2|35|410|002|G2|1962|
2023|44130000|HS00001000|SP00001000|1|1|2|53|410|002|G2|1981|2010
2023|43110000|HS00001001|SP00001001|1|2|2|71|410|003|G2|1976|
2023|41130000|HS00001002|SP00001002|1|1|1|74|410|004|G2|1992|
2023|46110000|HS00001003|SP00001003|1|2|2|67|410|003|G1|1944|2010
2023|11170000|HS00001004|SP00001004|1|4|2|63|410|002|G1|1951|
2023|46110000|HS00001005|SP00001005|1|1|1|67|410|003|G4|1950|
2023|45110000|HS00001006|SP00001006|1|1|1|36|410|004|G3|1993|
2023|41110000|HS00001007|SP00001007|1|1|1|35|410|001|G2|1995|
2023|43110000|HS00001008|SP00001008|1|3|2|89|410|001|G2|1945|
2023|41110000|HS00001009|SP00001009|1|2|2|63|410|001|G2|1954|
2023|26110000|HS00001010|SP00001010|1|1|1|84|410|004|G2|2001|
2023|44130000|HS00001011|SP00001011|1|2|2|66|156|004|G2|1954|
2023|26110000|HS00001012|SP00001012|1|1|1|54|410|002|G2|1930|
2023|26140000|HS00001013|SP00001013|1|1|2|62|410|004|G2|1947|
2023|41110000|HS00001014|SP00001014|1|1|1|71|410|003|G2|1983|
2023|45110000|HS00001015|SP00001015|1|5|2|33|410|004|G2|1980|
2023|27110000|HS00001016|SP00001016|1|1|1|54|156|004|G1|1947|
2023|41110000|HS00001017|SP00001017|1|1|2|74|410|004|G2|1973|2000
2023|11110000|HS00001018|SP00001018|1|1|1|26|410|002|G2|1948|2000
2023|11140000|HS00001019|SP00001019|1|2|2|25|410|003|G4|1931|
2023|11110000|HS00001020|SP00001020|1|1|1|32|410|001|G1|1973|
2023|11140000|HS00001021|SP00001021|1|1|2|64|410|004|G2|1960|
2023|45110000|HS00001022|SP00001022|1|1|2|37|410|002|G3|1967|
2023|45110000|HS00001023|SP00001023|1|2|2|52|410|002|G2|1965|
2023|44130000|HS00001024|SP00001024|1|1|1|30|410|003|G4|1998|
2023|11110000|HS00001025|SP00001025|1|4|2|38|410|004|G4|1929|
2023|11140000|HS00001026|SP00001026|1|1|1|21|410|003|G3|1963|
2023|26110000|HS00001027|SP00001027|1|1|1|80|410|004|G4|1986|
2023|41130000|HS00001028|SP00001028|1|5|1|54|410|003|G2|1960|
2023|26140000|HS00001029|SP00001029|1|3|1|33|410|004|G2|1974|2020
2023|41110000|HS00001030|SP00001030|1|1|2|59|410|003|G3|1942|
2023|11170000|HS00001031|SP00001031|1|3|1|89|410|002|G3|1947|
2023|43110000|HS00001032|SP00001032|1|2|2|81|410|004|G1|1975|
2023|26140000|HS00001033|SP00001033|1|1|2|86|410|002|G2|1950|
2023|11140000|HS00001034|SP00001034|1|3|1|50|410|003|G2|2001|
2023|43110000|HS00001035|SP00001035|1|3|2|47|410|002|G3|1931|
2023|46110000|HS00001036|SP00001036|1|1|1|43|410|002|G2|1965|
2023|11110000|HS00001037|SP00001037|1|2|1|42|410|002|G2|1954|
2023|28110000|HS00001038|SP00001038|1|1|2|88|410|002|G2|1955|
2023|45110000|HS00001039|SP00001039|1|1|2|30|410|004|G1|1980|
2023|43110000|HS00001040|SP00001040|1|5|2|83|410|004|G4|1952|
2023|45110000|HS00001041|SP00001041|1|2|1|88|410|003|G2|1974|
2023|28110000|HS00001042|SP00001042|1|2|2|83|410|001|G1|1952|
2023|27110000|HS00001043|SP00001043|1|2|1|67|410|001|G2|1997|
2023|43110000|HS00001044|SP00001044|1|2|1|84|410|001|G3|1993|
2023|11170000|HS00001045|SP00001045|1|1|2|22|410|003|G2|1934|
2023|26110000|HS00001046|SP00001046|1|5|1|81|410|004|G2|1948|
2023|41150000|HS00001047|SP00001047|1|2|1|58|410|002|G2|1994|
2023|42110000|HS00001048|SP00001048|1|2|1|91|410|002|G3|1987|
2023|11170000|HS00001049|SP00001049|1|1|1|26|410|003|G3|1963|2020
2023|41110000|HS00001050|SP00001050|1|1|2|89|410|004|G2|2003|
2023|27110000|HS00001051|SP00001051|1|1|1|63|410|002|G2|1973|
2023|41110000|HS00001052|SP00001052|1|1|2|27|410|002|G4|1979|
2023|47110000|HS00001053|SP00001053|1|1|1|58|410|003|G2|1993|
2023|11140000|HS00001054|SP00001054|1|2|2|22|410|004|G2|1981|
2023|47110000|HS00001055|SP00001055|1|4|2|26|410|003|G4|1982|
2023|28110000|HS00001056|SP00001056|1|1|1|59|410|003|G3|1998|
2023|44130000|HS00001057|SP00001057|1|1|2|81|840|003|G2|1956|
2023|28110000|HS00001058|SP00001058|1|2|2|28|410|001|G3|1983|
2023|26140000|HS00001059|SP00001059|1|1|2|39|410|004|G2|2001|
2023|44130000|HS00001060|SP00001060|1|4|1|49|410|001|G2|2002|2010
2023|42110000|HS00001061|SP00001061|1|1|2|60|410|002|G1|1931|
2023|11170000|HS00001062|SP00001062|1|1|2|20|410|002|G2|1995|
2023|42110000|HS00001063|SP00001063|1|1|1|67|410|003|G2|1935|2020
2023|43110000|HS00001064|SP00001064|1|4|1|57|410|001|G2|1991|
2023|27110000|HS00001065|SP00001065|1|1|2|92|410|001|G3|1997|
2023|46110000|HS00001066|SP00001066|1|2|2|42|410|004|G1|1963|
2023|41150000|HS00001067|SP00001067|1|1|1|57|410|002|G3|1938|
2023|26140000|HS00001068|SP00001068|1|1|1|26|410|003|G2|1998|
2023|11110000|HS00001069|SP00001069|2|4|1|88|410|003|G1|1979|
2023|42110000|HS00001070|SP00001070|1|1|2|82|410|003|G1|1947|
2023|11200000|HS00001071|SP00001071|1|1|2|46|156|003|G2|1998|
2023|43110000|HS00001072|SP00001072|1|2|2|54|410|003|G2|1991|
2023|41110000|HS00001073|SP00001073|1|4|1|84|410|004|G2|1981|
2023|28110000|HS00001074|SP00001074|1|1|1|42|410|004|G2|1943|
2023|11170000|HS00001075|SP00001075|1|1|1|37|410|002|G2|1943|
2023|43110000|HS00001076|SP00001076|1|5|2|38|410|001|G1|1950|
2023|11170000|HS00001077|SP00001077|1|2|1|73|410|004|G2|1954|
2023|28110000|HS00001078|SP00001078|1|4|1|35|410|002|G1|2002|
2023|45110000|HS00001079|SP00001079|1|3|2|26|410|002|G1|1986|
2023|46110000|HS00001080|SP00001080|1|2|2|32|410|001|G2|1934|
2023|47110000|HS00001081|SP00001081|1|1|1|93|410|003|G2|1950|
2023|47110000|HS00001082|SP00001082|1|1|1|85|410|003|G2|1985|
2023|41130000|HS00001083|SP00001083|1|3|1|91|410|004|G3|1950|
2023|11200000|HS00001084|SP00001084|1|3|2|40|410|003|G3|1949|
2023|45110000|HS00001085|SP00001085|1|5|2|53|840|003|G2|1948|
2023|44130000|HS00001086|SP00001086|1|2|2|56|410|003|G2|1930|
2023|47110000|HS00001087|SP00001087|1|1|1|59|410|004|G1|1963|
2023|42110000|HS00001088|SP00001088|1|1|1|22|410|004|G2|1999|
2023|11170000|HS00001089|SP00001089|1|2|2|64|410|004|G2|1942|
2023|41110000|HS00001090|SP00001090|1|1|2|22|410|002|G2|2002|
2023|28110000|HS00001091|SP00001091|1|3|1|40|410|002|G4|1955|
2023|45110000|HS00001092|SP00001092|1|2|2|41|410|001|G1|1944|
2023|27110000|HS00001093|SP00001093|1|1|2|70|410|004|G1|1994|2020
2023|26140000|HS00001094|SP00001094|1|2|1|87|410|003|G3|1944|
2023|11140000|HS00001095|SP00001095|1|2|2|72|410|004|G2|1943|
2023|45110000|HS00001096|SP00001096|1|4|1|52|410|004|G2|1954|
2023|43110000|HS00001097|SP00001097|1|1|2|59|410|002|G1|1979|
2023|11110000|HS00001098|SP00001098|1|2|1|58|410|001|G2|1988|
2023|28110000|HS00001099|SP00001099|1|1|2|31|410|001|G4|1951|
2023|41110000|HS00001100|SP00001100|1|2|2|91|410|004|G2|1992|
2023|28110000|HS00001101|SP00001101|1|1|1|88|410|002|G2|1953|
2023|46110000|HS00001102|SP00001102|1|4|1|38|410|002|G2|1991|
2023|11170000|HS00001103|SP00001103|1|4|2|28|156|004|G2|1978|
2023|26140000|HS00001104|SP00001104|1|2|2|32|410|002|G2|1966|
2023|11200000|HS00001105|SP00001105|1|2|2|67|410|004|G2|1991|
2023|26110000|HS00001106|SP00001106|1|1|2|22|410|003|G1|1944|
2023|46110000|HS00001107|SP00001107|1|2|2|27|410|004|G2|1951|
2023|46110000|HS00001108|SP00001108|1|1|2|68|410|001|G3|2002|
2023|11110000|HS00001109|SP00001109|1|3|2|30|410|002|G3|1940|
2023|41150000|HS00001110|SP00001110|1|1|1|25|410|001|G3|1950|
2023|11200000|HS00001111|SP00001111|1|3|2|21|410|001|G2|1941|
2023|11200000|HS00001112|SP00001112|1|1|1|72|410|004|G3|1958|
2023|26110000|HS00001113|SP00001113|1|2|2|47|410|003|G3|1957|
2023|11200000|HS00001114|SP00001114|1|2|1|41|410|002|G1|1975|
2023|41110000|HS00001115|SP00001115|1|1|1|67|410|002|G2|1986|
2023|47110000|HS00001116|SP00001116|1|1|2|32|410|001|G2|1986|
2023|41130000|HS00001117|SP00001117|1|3|2|59|410|001|G4|1980|
2023|43110000|HS00001118|SP00001118|1|2|2|56|410|004|G3|1982|
2023|41110000|HS00001119|SP00001119|1|1|2|70|410|001|G3|1947|
2023|11110000|HS00001120|SP00001120|1|1|1|66|410|002|G2|1964|
2023|11140000|HS00001121|SP00001121|1|1|2|70|410|001|G4|1973|
2023|26110000|HS00001122|SP00001122|1|2|1|35|410|004|G1|1949|
2023|26110000|HS00001123|SP00001123|1|2|1|30|410|001|G1|1949|
2023|45110000|HS00001124|SP00001124|1|1|1|60|410|002|G2|1933|
2023|45110000|HS00001125|SP00001125|1|2|2|24|410|004|G3|1980|
2023|45110000|HS00001126|SP00001126|1|3|2|54|410|003|G3|1985|
2023|41150000|HS00001127|SP00001127|1|3|2|66|840|002|G2|2003|2010
2023|41130000|HS00001128|SP00001128|1|1|1|81|410|003|G2|1992|
2023|42110000|HS00001129|SP00001129|1|1|2|68|410|002|G2|1958|
2023|27110000|HS00001130|SP00001130|1|1|1|94|410|002|G1|1943|
2023|42110000|HS00001131|SP00001131|1|1|1|61|410|003|G3|1958|
2023|44130000|HS00001132|SP00001132|1|1|1|53|410|002|G2|1929|
2023|43110000|HS00001133|SP00001133|1|1|1|38|410|004|G1|1956|
2023|41150000|HS00001134|SP00001134|1|1|1|70|410|002|G2|1937|
2023|11110000|HS00001135|SP00001135|1|2|1|80|410|004|G2|1983|
2023|43110000|HS00001136|SP00001136|1|1|2|44|410|001|G3|1979|
2023|27110000|HS00001137|SP00001137|1|3|1|25|410|003|G2|1943|
2023|43110000|HS00001138|SP00001138|1|1|1|20|410|003|G1|1954|
2023|41130000|HS00001139|SP00001139|1|2|2|67|840|003|G3|1967|
2023|45110000|HS00001140|SP00001140|1|1|1|69|410|002|G2|1932|
2023|26140000|HS00001141|SP00001141|1|3|1|29|410|003|G2|1946|2020
2023|46110000|HS00001142|SP00001142|1|3|1|21|410|001|G1|1981|
2023|45110000|HS00001143|SP00001143|1|1|2|69|410|003|G4|1958|
2023|26140000|HS00001144|SP00001144|1|2|2|49|410|004|G2|1974|
2023|41110000|HS00001145|SP00001145|1|1|1|51|410|002|G2|1972|
2023|41130000|HS00001146|SP00001146|1|2|1|39|410|001|G1|1943|
2023|44130000|HS00001147|SP00001147|1|1|1|73|410|003|G1|1953|
2023|42110000|HS00001148|SP00001148|1|1|2|75|410|004|G2|2003|
2023|45110000|HS00001149|SP00001149|1|1|2|23|410|002|G1|1960|
2023|27110000|HS00001150|SP00001150|2|4|1|26|410|001|G2|1955|
2023|41110000|HS00001151|SP00001151|1|1|1|61|410|002|G1|1965|
2023|28110000|HS00001152|SP00001152|1|2|2|65|410|004|G2|1981|
2023|46110000|HS00001153|SP00001153|1|1|1|30|410|002|G2|1955|
2023|26140000|HS00001154|SP00001154|1|1|2|31|410|003|G2|1932|
2023|41130000|HS00001155|SP00001155|1|1|1|71|410|002|G3|1997|
2023|11170000|HS00001156|SP00001156|1|4|2|54|410|003|G2|1958|
2023|45110000|HS00001157|SP00001157|1|3|2|28|410|002|G3|1935|
2023|27110000|HS00001158|SP00001158|1|1|2|65|410|002|G3|1973|
2023|26140000|HS00001159|SP00001159|1|3|2|25|156|003|G4|1978|
2023|41130000|HS00001160|SP00001160|1|1|2|37|410|003|G1|1985|
2023|41110000|HS00001161|SP00001161|1|1|1|73|410|002|G2|1987|
2023|45110000|HS00001162|SP00001162|1|2|2|36|410|002|G2|1974|
2023|41130000|HS00001163|SP00001163|1|1|2|24|410|001|G1|1946|
2023|41110000|HS00001164|SP00001164|1|1|1|91|410|003|G1|1990|
2023|11140000|HS00001165|SP00001165|1|2|1|36|410|002|G1|1986|
2023|11110000|HS00001166|SP00001166|1|1|2|58|410|003|G2|1929|2020
2023|27110000|HS00001167|SP00001167|1|4|2|81|410|002|G3|1929|2000
2023|47110000|HS00001168|SP00001168|1|2|2|94|410|004|G2|1986|
2023|46110000|HS00001169|SP00001169|1|3|1|80|410|003|G3|1972|
2023|41150000|HS00001170|SP00001170|1|2|2|45|410|002|G3|1973|
2023|41150000|HS00001171|SP00001171|1|4|2|84|410|002|G1|1981|
2023|27110000|HS00001172|SP00001172|1|1|2|20|410|003|G2|1992|2020
2023|11200000|HS00001173|SP00001173|1|2|2|44|410|001|G1|1999|
2023|11110000|HS00001174|SP00001174|1|2|1|34|410|001|G3|1957|
2023|26140000|HS00001175|SP00001175|1|4|1|59|410|001|G2|2000|
2023|26140000|HS00001176|SP00001176|1|1|2|86|410|002|G2|1957|
2023|11200000|HS00001177|SP00001177|1|2|1|78|410|002|G2|1996|
2023|26110000|HS00001178|SP00001178|1|3|1|94|410|002|G2|1992|
2023|11110000|HS00001179|SP00001179|1|1|1|30|410|001|G3|2003|
2023|41150000|HS00001180|SP00001180|1|4|1|76|410|002|G3|1974|
2023|46110000|HS00001181|SP00001181|1|1|1|74|410|002|G2|1979|
2023|42110000|HS00001182|SP00001182|1|1|2|54|410|002|G2|1979|
2023|28110000|HS00001183|SP00001183|1|2|1|27|840|003|G1|1980|
2023|28110000|HS00001184|SP00001184|1|1|1|27|410|002|G1|1933|
2023|26140000|HS00001185|SP00001185|1|1|1|88|410|004|G1|1971|
2023|11170000|HS00001186|SP00001186|1|1|2|42|410|004|G2|1943|1990
2023|41150000|HS00001187|SP00001187|1|1|2|67|410|003|G3|1986|
2023|41130000|HS00001188|SP00001188|1|3|1|90|410|003|G3|1967|
2023|11110000|HS00001189|SP00001189|1|4|1|56|410|001|G1|1999|
2023|28110000|HS00001190|SP00001190|1|2|1|35|410|003|G2|1984|
2023|26110000|HS00001191|SP00001191|1|1|2|56|410|002|G1|1998|
2023|11170000|HS00001192|SP00001192|1|2|1|37|410|002|G4|2002|
2023|42110000|HS00001193|SP00001193|2|4|1|33|410|004|G3|1990|
2023|41110000|HS00001194|SP00001194|1|3|2|80|410|001|G2|1992|
2023|41150000|HS00001195|SP00001195|1|1|2|45|410|002|G2|1980|
2023|43110000|HS00001196|SP00001196|1|1|1|71|410|004|G2|1948|
2023|47110000|HS00001197|SP00001197|1|4|1|74|410|004|G2|1992|
2023|44130000|HS00001198|SP00001198|1|4|1|61|410|003|G1|1958|
2023|41150000|HS00001199|SP00001199|1|1|2|60|410|003|G2|1976|
2023|45110000|HS00001200|SP00001200|1|3|2|33|410|004|G2|1973|
2023|41110000|HS00001201|SP00001201|1|1|1|59|410|001|G2|1934|2010
2023|47110000|HS00001202|SP00001202|1|1|2|76|410|002|G2|1969|
2023|43110000|HS00001203|SP00001203|1|3|1|34|410|001|G2|1984|
2023|42110000|HS00001204|SP00001204|1|2|1|37|410|002|G2|1986|
2023|46110000|HS00001205|SP00001205|1|1|2|71|410|004|G2|1991|
2023|41110000|HS00001206|SP00001206|1|4|1|93|410|003|G4|1943|
2023|43110000|HS00001207|SP00001207|1|3|2|49|410|004|G2|1954|
2023|26110000|HS00001208|SP00001208|1|1|1|82|410|003|G2|1983|
2023|47110000|HS00001209|SP00001209|1|2|2|33|410|004|G1|1967|
2023|41150000|HS00001210|SP00001210|1|3|1|62|410|001|G2|1966|
2023|44130000|HS00001211|SP00001211|1|2|1|90|410|002|G2|2000|
2023|28110000|HS00001212|SP00001212|1|5|2|53|410|002|G2|1935|
2023|45110000|HS00001213|SP00001213|1|2|1|58|410|004|G1|1944|
2023|11140000|HS00001214|SP00001214|1|1|2|31|410|003|G2|1963|
2023|11140000|HS00001215|SP00001215|1|1|2|59|410|001|G2|1950|
2023|41110000|HS00001216|SP00001216|1|3|1|63|410|001|G2|1995|
2023|43110000|HS00001217|SP00001217|2|5|2|93|410|002|G2|1930|
2023|44130000|HS00001218|SP00001218|1|1|1|35|410|001|G2|1955|2020
2023|28110000|HS00001219|SP00001219|1|1|2|47|156|003|G2|1933|
2023|42110000|HS00001220|SP00001220|1|3|2|68|410|004|G2|1939|
2023|41130000|HS00001221|SP00001221|1|1|1|90|410|004|G2|1960|
2023|47110000|HS00001222|SP00001222|1|1|2|37|410|001|G2|1982|
2023|42110000|HS00001223|SP00001223|1|4|1|72|410|002|G3|1952|
2023|28110000|HS00001224|SP00001224|1|3|2|85|410|003|G2|1965|
2023|47110000|HS00001225|SP00001225|1|4|2|67|410|002|G2|1973|
2023|11140000|HS00001226|SP00001226|1|2|1|52|410|002|G4|1950|
2023|47110000|HS00001227|SP00001227|1|1|2|37|410|001|G3|1937|
2023|11170000|HS00001228|SP00001228|1|4|2|41|410|001|G2|1991|2010
2023|26110000|HS00001229|SP00001229|1|1|1|23|410|002|G3|1962|
2023|44130000|HS00001230|SP00001230|1|1|2|31|410|001|G1|1945|
2023|43110000|HS00001231|SP00001231|1|4|2|52|410|001|G3|1979|
2023|47110000|HS00001232|SP00001232|1|2|1|30|840|003|G1|1978|
2023|43110000|HS00001233|SP00001233|1|4|2|20|410|004|G2|2003|
2023|41150000|HS00001234|SP00001234|1|1|2|71|410|003|G4|1979|
2023|26140000|HS00001235|SP00001235|1|5|1|25|410|001|G1|1960|
2023|11110000|HS00001236|SP00001236|1|2|1|30|410|004|G3|1931|
2023|11170000|HS00001237|SP00001237|1|2|1|64|410|003|G2|1964|
2023|26140000|HS00001238|SP00001238|1|4|1|89|410|002|G1|1982|
2023|11110000|HS00001239|SP00001239|1|1|2|74|410|002|G4|1943|
2023|41110000|HS00001240|SP00001240|1|3|1|22|410|004|G2|1989|
2023|44130000|HS00001241|SP00001241|1|2|1|32|410|002|G3|1989|2020
2023|47110000|HS00001242|SP00001242|1|3|2|75|156|001|G3|1964|
2023|41110000|HS00001243|SP00001243|1|4|2|74|410|002|G1|1942|
2023|45110000|HS00001244|SP00001244|1|2|2|49|410|002|G2|1988|
2023|47110000|HS00001245|SP00001245|1|1|2|91|410|002|G2|2002|2020
2023|45110000|HS00001246|SP00001246|1|1|2|86|410|002|G2|1949|
2023|28110000|HS00001247|SP00001247|1|5|1|75|410|003|G1|1959|
2023|26140000|HS00001248|SP00001248|1|5|2|76|410|002|G2|1952|
2023|47110000|HS00001249|SP00001249|1|5|2|78|410|003|G3|1974|
2023|26110000|HS00001250|SP00001250|1|1|1|31|410|002|G1|1995|
2023|27110000|HS00001251|SP00001251|1|1|1|72|410|004|G2|1979|2010
2023|11140000|HS00001252|SP00001252|1|3|1|90|410|004|G2|1968|
2023|44130000|HS00001253|SP00001253|1|3|1|36|410|002|G1|1971|
2023|42110000|HS00001254|SP00001254|1|1|2|21|410|001|G1|1937|
2023|11140000|HS00001255|SP00001255|1|2|2|47|410|003|G1|1987|
2023|11200000|HS00001256|SP00001256|1|1|1|40|840|002|G2|1980|
2023|41130000|HS00001257|SP00001257|1|1|2|91|410|004|G1|1990|
2023|41130000|HS00001258|SP00001258|1|1|2|53|410|002|G3|1961|
2023|44130000|HS00001259|SP00001259|1|1|1|69|410|002|G3|1943|
2023|26110000|HS00001260|SP00001260|1|1|2|93|410|002|G1|1937|
2023|46110000|HS00001261|SP00001261|1|4|2|79|410|004|G3|1986|
2023|28110000|HS00001262|SP00001262|1|3|2|76|410|001|G4|1971|
2023|44130000|HS00001263|SP00001263|1|4|2|92|410|004|G1|1948|
2023|26110000|HS00001264|SP00001264|1|1|1|71|410|001|G4|2000|
2023|11110000|HS00001265|SP00001265|1|1|2|37|410|004|G2|1950|2010
2023|11110000|HS00001266|SP00001266|1|1|1|74|410|003|G2|1993|
2023|27110000|HS00001267|SP00001267|1|2|2|44|410|003|G1|2001|
2023|47110000|HS00001268|SP00001268|1|1|2|44|410|001|G3|1995|
2023|11110000|HS00001269|SP00001269|2|3|1|68|410|003|G3|1937|
2023|27110000|HS00001270|SP00001270|1|3|1|43|410|003|G4|1952|
2023|11140000|HS00001271|SP00001271|1|4|1|21|410|002|G4|1944|
2023|46110000|HS00001272|SP00001272|1|1|1|94|410|002|G1|1952|
2023|42110000|HS00001273|SP00001273|1|2|2|62|410|003|G2|1944|
2023|43110000|HS00001274|SP00001274|1|1|1|70|410|002|G2|1966|
2023|43110000|HS00001275|SP00001275|1|1|1|80|410|004|G1|1943|
2023|42110000|HS00001276|SP00001276|1|3|1|67|410|001|G1|1999|
2023|44130000|HS00001277|SP00001277|1|2|2|65|410|002|G3|1960|
2023|11110000|HS00001278|SP00001278|1|3|1|79|410|004|G2|1947|
2023|45110000|HS00001279|SP00001279|1|1|1|42|410|004|G1|1929|
2023|43110000|HS00001280|SP00001280|1|5|1|82|410|002|G4|1977|
2023|43110000|HS00001281|SP00001281|1|5|1|74|410|003|G3|1990|
2023|27110000|HS00001282|SP00001282|1|1|1|33|410|001|G2|1949|2020
2023|44130000|HS00001283|SP00001283|1|4|1|30|410|001|G2|1998|
2023|27110000|HS00001284|SP00001284|1|1|1|85|410|004|G2|1945|
2023|11110000|HS00001285|SP00001285|1|3|1|87|410|003|G2|1951|
2023|46110000|HS00001286|SP00001286|1|4|2|94|410|001|G2|1952|
2023|11200000|HS00001287|SP00001287|1|3|1|27|410|004|G2|1981|
2023|11140000|HS00001288|SP00001288|1|3|2|87|410|002|G1|1994|2010
2023|41150000|HS00001289|SP00001289|1|1|2|84|410|003|G2|1958|
2023|11200000|HS00001290|SP00001290|1|3|2|77|410|004|G2|1976|
2023|45110000|HS00001291|SP00001291|1|2|2|57|410|004|G2|1974|
2023|28110000|HS00001292|SP00001292|1|1|2|58|410|001|G2|1989|
2023|11110000|HS00001293|SP00001293|2|1|1|52|410|002|G2|1978|
2023|47110000|HS00001294|SP00001294|1|3|2|22|410|002|G2|1941|
2023|41110000|HS00001295|SP00001295|1|2|1|57|410|004|G2|1937|
2023|26110000|HS00001296|SP00001296|1|2|1|37|410|004|G1|1977|
2023|42110000|HS00001297|SP00001297|1|4|2|35|410|003|G4|1993|
2023|41130000|HS00001298|SP00001298|1|2|2|24|410|001|G2|2001|
2023|11110000|HS00001299|SP00001299|1|1|1|54|410|004|G2|1989|
2023|43110000|HS00001300|SP00001300|2|1|2|23|410|003|G1|2003|
2023|27110000|HS00001301|SP00001301|1|2|2|83|410|002|G2|1953|2020
2023|42110000|HS00001302|SP00001302|1|3|1|86|410|002|G2|1955|
2023|46110000|HS00001303|SP00001303|1|2|2|80|410|002|G2|1945|
2023|41150000|HS00001304|SP00001304|1|2|2|42|410|002|G3|1979|
2023|42110000|HS00001305|SP00001305|1|3|2|32|410|004|G3|1941|2010
2023|26110000|HS00001306|SP00001306|1|3|2|57|410|004|G2|1991|
2023|26110000|HS00001307|SP00001307|1|3|2|70|410|001|G2|1986|2000
2023|28110000|HS00001308|SP00001308|1|1|1|21|410|004|G4|1935|
2023|45110000|HS00001309|SP00001309|1|3|2|84|410|002|G4|1937|
2023|41110000|HS00001310|SP00001310|1|2|1|52|840|004|G2|1959|
2023|26140000|HS00001311|SP00001311|1|1|2|81|410|004|G3|1958|
2023|44130000|HS00001312|SP00001312|1|2|1|25|410|003|G3|1951|
2023|45110000|HS00001313|SP00001313|1|3|2|51|156|003|G4|1942|
2023|46110000|HS00001314|SP00001314|1|2|2|54|410|003|G1|1986|
2023|26140000|HS00001315|SP00001315|1|3|1|23|410|004|G4|1998|2020
2023|43110000|HS00001316|SP00001316|1|1|2|73|410|002|G2|1990|
2023|41150000|HS00001317|SP00001317|1|1|1|89|410|003|G2|1977|
2023|28110000|HS00001318|SP00001318|1|1|1|60|410|004|G2|1986|
2023|27110000|HS00001319|SP00001319|1|1|1|49|410|004|G2|1964|
2023|11140000|HS00001320|SP00001320|1|2|2|67|410|001|G3|1993|
2023|26110000|HS00001321|SP00001321|1|3|1|47|410|002|G2|1960|
2023|41130000|HS00001322|SP00001322|1|3|2|46|410|003|G2|1950|
2023|46110000|HS00001323|SP00001323|1|1|2|76|410|003|G2|1996|
2023|45110000|HS00001324|SP00001324|2|1|1|64|410|003|G1|1982|
2023|11200000|HS00001325|SP00001325|1|1|1|39|410|004|G2|1963|
2023|42110000|HS00001326|SP00001326|1|2|1|50|410|003|G2|1999|
2023|11140000|HS00001327|SP00001327|1|1|1|82|410|003|G2|1954|
2023|42110000|HS00001328|SP00001328|1|2|2|59|410|004|G1|1947|
2023|26140000|HS00001329|SP00001329|1|3|1|25|410|001|G1|1976|
2023|28110000|HS00001330|SP00001330|1|2|1|84|410|003|G2|2003|
2023|43110000|HS00001331|SP00001331|1|1|2|75|410|002|G2|1966|
2023|28110000|HS00001332|SP00001332|1|1|2|40|410|004|G3|1938|
2023|44130000|HS00001333|SP00001333|1|2|2|92|410|003|G3|1982|
2023|41130000|HS00001334|SP00001334|1|2|2|91|410|003|G2|1940|
2023|47110000|HS00001335|SP00001335|1|1|2|94|410|004|G2|1938|
2023|41150000|HS00001336|SP00001336|1|4|2|48|410|001|G1|1982|
2023|26140000|HS00001337|SP00001337|1|2|1|89|410|003|G3|1959|
2023|44130000|HS00001338|SP00001338|1|1|1|80|410|004|G2|2000|
2023|27110000|HS00001339|SP00001339|1|1|1|85|410|004|G1|1962|1990
2023|41130000|HS00001340|SP00001340|1|1|2|61|410|001|G2|1938|
2023|11170000|HS00001341|SP00001341|1|1|2|40|410|004|G2|1933|
2023|11170000|HS00001342|SP00001342|1|1|2|37|410|001|G2|1989|
2023|41130000|HS00001343|SP00001343|1|2|2|92|410|002|G1|1954|
2023|11200000|HS00001344|SP00001344|1|1|1|57|410|004|G2|1999|
2023|47110000|HS00001345|SP00001345|1|4|2|89|410|003|G1|1983|
2023|45110000|HS00001346|SP00001346|1|4|1|61|410|003|G2|1941|
2023|42110000|HS00001347|SP00001347|1|1|2|60|410|003|G3|1955|
2023|43110000|HS00001348|SP00001348|1|1|1|25|410|004|G4|1974|
2023|41150000|HS00001349|SP00001349|1|3|1|50|410|001|G2|1931|
2023|11140000|HS00001350|SP00001350|1|5|2|61|410|002|G1|1947|
2023|27110000|HS00001351|SP00001351|1|4|2|28|410|002|G2|2002|
2023|41110000|HS00001352|SP00001352|1|1|2|32|410|004|G2|1998|
2023|46110000|HS00001353|SP00001353|1|1|2|64|410|003|G3|1957|
2023|11200000|HS00001354|SP00001354|1|1|1|38|410|003|G2|1938|
2023|41110000|HS00001355|SP00001355|1|3|2|72|410|004|G2|1992|
2023|26140000|HS00001356|SP00001356|1|2|2|54|410|004|G3|1963|
2023|11170000|HS00001357|SP00001357|1|2|2|50|410|002|G2|1942|
2023|11140000|HS00001358|SP00001358|1|2|1|28|410|002|G2|1939|
2023|27110000|HS00001359|SP00001359|1|1|1|50|410|001|G3|1955|
2023|11140000|HS00001360|SP00001360|1|2|2|60|840|001|G2|1929|
2023|11140000|HS00001361|SP00001361|1|1|1|62|156|002|G2|1933|
2023|26140000|HS00001362|SP00001362|1|2|2|40|410|003|G3|1941|
2023|11200000|HS00001363|SP00001363|1|3|2|22|410|004|G2|1953|
2023|41130000|HS00001364|SP00001364|1|2|2|90|410|002|G2|1930|
2023|11110000|HS00001365|SP00001365|1|1|2|91|410|003|G1|2002|
2023|26140000|HS00001366|SP00001366|1|3|1|87|410|004|G2|1997|
2023|28110000|HS00001367|SP00001367|1|3|1|41|410|002|G2|1965|
2023|47110000|HS00001368|SP00001368|1|1|2|65|410|001|G2|1953|
2023|41150000|HS00001369|SP00001369|1|1|1|30|410|004|G2|1936|2020
2023|45110000|HS00001370|SP00001370|1|2|1|87|410|003|G2|1953|
2023|26140000|HS00001371|SP00001371|1|1|2|20|410|001|G2|1986|
2023|28110000|HS00001372|SP00001372|1|1|2|55|410|002|G3|1935|
2023|28110000|HS00001373|SP00001373|1|1|1|84|410|002|G2|1997|
2023|46110000|HS00001374|SP00001374|1|1|2|74|410|001|G2|1996|
2023|47110000|HS00001375|SP00001375|1|1|1|84|410|002|G3|1950|
2023|47110000|HS00001376|SP00001376|1|2|1|57|410|004|G1|1931|
2023|43110000|HS00001377|SP00001377|1|1|2|27|410|003|G2|1966|
2023|41110000|HS00001378|SP00001378|1|3|1|20|410|004|G1|1993|
2023|41130000|HS00001379|SP00001379|1|1|2|31|410|004|G2|2000|
2023|47110000|HS00001380|SP00001380|1|1|1|24|410|002|G4|1930|
2023|26110000|HS00001381|SP00001381|1|1|2|53|410|001|G2|1983|
2023|26140000|HS00001382|SP00001382|1|3|2|23|410|001|G3|1956|
2023|46110000|HS00001383|SP00001383|1|5|2|33|410|004|G1|1979|
2023|27110000|HS00001384|SP00001384|1|1|1|51|410|002|G2|1987|
2023|11200000|HS00001385|SP00001385|1|1|1|75|410|003|G2|1953|
2023|41130000|HS00001386|SP00001386|1|1|2|70|840|002|G2|1948|
2023|26140000|HS00001387|SP00001387|1|1|2|24|410|004|G2|1968|
2023|46110000|HS00001388|SP00001388|1|3|2|87|410|003|G2|1965|
2023|46110000|HS00001389|SP00001389|1|1|2|61|410|004|G2|1967|
2023|26140000|HS00001390|SP00001390|1|5|1|46|410|002|G3|1959|
2023|41130000|HS00001391|SP00001391|2|2|2|48|410|004|G3|1943|
2023|47110000|HS00001392|SP00001392|1|2|2|83|410|003|G2|1950|
2023|43110000|HS00001393|SP00001393|1|3|2|54|410|001|G4|1983|
2023|11200000|HS00001394|SP00001394|2|1|2|38|410|001|G1|1985|
2023|41150000|HS00001395|SP00001395|1|3|1|51|410|002|G2|1953|
2023|41150000|HS00001396|SP00001396|1|1|1|25|410|001|G2|1955|
2023|42110000|HS00001397|SP00001397|1|3|1|31|410|004|G2|1976|
2023|11110000|HS00001398|SP00001398|1|2|2|43|410|001|G2|1941|
2023|26140000|HS00001399|SP00001399|1|1|1|36|840|003|G2|1972|
2023|45110000|HS00001400|SP00001400|1|3|1|46|410|003|G3|1978|
2023|26110000|HS00001401|SP00001401|1|1|1|24|410|003|G2|1962|
2023|26140000|HS00001402|SP00001402|1|1|1|65|410|003|G3|1989|
2023|26140000|HS00001403|SP00001403|2|3|2|28|410|004|G2|1951|
2023|11200000|HS00001404|SP00001404|1|1|2|36|410|004|G2|1936|
2023|11170000|HS00001405|SP00001405|1|4|1|93|410|004|G2|1933|
2023|26140000|HS00001406|SP00001406|1|2|2|20|410|002|G2|1970|
2023|45110000|HS00001407|SP00001407|1|2|2|40|410|003|G2|1983|
2023|11110000|HS00001408|SP00001408|1|1|2|57|410|001|G3|1968|
2023|26110000|HS00001409|SP00001409|1|1|1|43|410|004|G2|1996|
2023|11140000|HS00001410|SP00001410|1|5|2|44|410|001|G1|1953|
2023|41130000|HS00001411|SP00001411|1|1|1|29|410|001|G3|1971|
2023|26110000|HS00001412|SP00001412|1|2|2|51|410|004|G2|1994|
2023|44130000|HS00001413|SP00001413|1|1|1|76|410|004|G3|1962|
2023|41130000|HS00001414|SP00001414|1|1|2|64|156|001|G2|1950|
2023|44130000|HS00001415|SP00001415|1|2|1|89|410|004|G2|1986|
2023|41150000|HS00001416|SP00001416|1|3|2|72|410|001|G2|1973|
2023|28110000|HS00001417|SP00001417|1|3|2|79|410|001|G2|1937|
2023|45110000|HS00001418|SP00001418|1|4|1|52|156|004|G2|1950|
2023|41110000|HS00001419|SP00001419|1|1|2|65|410|001|G1|1944|
2023|47110000|HS00001420|SP00001420|2|1|2|63|410|001|G4|1970|
2023|47110000|HS00001421|SP00001421|1|1|1|80|410|004|G2|1966|
2023|41150000|HS00001422|SP00001422|1|3|1|57|410|003|G2|1966|
2023|42110000|HS00001423|SP00001423|1|1|2|50|410|003|G2|1970|
2023|26110000|HS00001424|SP00001424|1|2|2|25|410|004|G2|1993|
2023|44130000|HS00001425|SP00001425|1|1|2|84|410|001|G1|2000|
2023|42110000|HS00001426|SP00001426|1|3|2|52|410|004|G2|1941|
2023|46110000|HS00001427|SP00001427|1|3|2|79|410|002|G1|1963|
2023|26110000|HS00001428|SP00001428|1|4|1|70|410|003|G1|1964|
2023|44130000|HS00001429|SP00001429|1|1|1|20|410|002|G1|1959|
2023|28110000|HS00001430|SP00001430|1|5|1|68|410|002|G3|1973|
2023|11200000|HS00001431|SP00001431|1|1|1|56|410|002|G2|1937|
2023|11170000|HS00001432|SP00001432|1|1|2|37|410|003|G3|1968|
2023|41130000|HS00001433|SP00001433|1|1|2|39|410|004|G3|1966|
2023|26140000|HS00001434|SP00001434|1|1|1|67|410|001|G1|1964|
2023|11140000|HS00001435|SP00001435|1|2|2|26|410|003|G2|1992|
2023|28110000|HS00001436|SP00001436|1|1|1|65|410|004|G2|1990|
2023|42110000|HS00001437|SP00001437|1|1|1|83|156|003|G3|1990|2010
2023|26140000|HS00001438|SP00001438|1|2|2|26|410|004|G2|1984|
2023|47110000|HS00001439|SP00001439|1|3|2|20|410|001|G2|1992|
2023|44130000|HS00001440|SP00001440|2|2|2|24|410|002|G2|1987|
2023|41110000|HS00001441|SP00001441|1|2|1|74|410|002|G3|1933|
2023|46110000|HS00001442|SP00001442|1|1|2|83|410|003|G2|1976|
2023|28110000|HS00001443|SP00001443|1|3|2|94|410|002|G3|1944|
2023|11170000|HS00001444|SP00001444|1|1|1|22|410|002|G1|1974|
2023|11110000|HS00001445|SP00001445|1|1|1|56|410|004|G2|1942|
2023|46110000|HS00001446|SP00001446|1|1|1|23|410|001|G2|1947|
2023|47110000|HS00001447|SP00001447|1|2|2|47|410|004|G1|1940|
2023|43110000|HS00001448|SP00001448|1|1|1|43|410|001|G1|1982|
2023|11140000|HS00001449|SP00001449|1|2|1|65|410|002|G2|1996|
2023|26110000|HS00001450|SP00001450|1|1|1|88|410|003|G3|1980|2010
2023|11110000|HS00001451|SP00001451|1|1|1|80|410|004|G2|1951|
2023|11110000|HS00001452|SP00001452|1|1|2|24|410|004|G2|1954|1990
2023|26110000|HS00001453|SP00001453|1|1|2|38|156|001|G2|1951|
2023|41130000|HS00001454|SP00001454|1|1|1|40|410|003|G1|1929|
2023|11140000|HS00001455|SP00001455|1|2|1|38|410|002|G2|1987|
2023|47110000|HS00001456|SP00001456|1|2|1|46|410|004|G3|1970|
2023|28110000|HS00001457|SP00001457|1|1|2|65|410|004|G3|1967|
2023|26110000|HS00001458|SP00001458|1|2|1|75|410|001|G3|1992|
2023|41110000|HS00001459|SP00001459|1|1|2|90|410|002|G2|1954|
2023|44130000|HS00001460|SP00001460|1|1|1|72|410|004|G2|2000|
2023|26140000|HS00001461|SP00001461|1|1|1|42|410|004|G3|1936|
2023|11110000|HS00001462|SP00001462|1|1|2|33|410|003|G1|1997|
2023|11110000|HS00001463|SP00001463|1|1|1|48|410|001|G1|1995|
2023|45110000|HS00001464|SP00001464|1|2|2|79|410|002|G2|1990|
2023|11140000|HS00001465|SP00001465|1|1|2|94|410|004|G3|1937|
2023|41150000|HS00001466|SP00001466|1|3|1|49|410|003|G2|1939|
2023|27110000|HS00001467|SP00001467|1|1|2|33|410|001|G4|1934|
2023|44130000|HS00001468|SP00001468|1|2|2|20|410|002|G2|1941|
2023|11140000|HS00001469|SP00001469|1|3|2|25|410|001|G2|1934|
2023|46110000|HS00001470|SP00001470|1|1|1|67|410|002|G2|1968|
2023|42110000|HS00001471|SP00001471|1|1|1|64|410|002|G3|2003|
2023|28110000|HS00001472|SP00001472|1|2|2|68|410|003|G2|1971|
2023|11200000|HS00001473|SP00001473|1|5|2|21|410|004|G3|1987|
2023|47110000|HS00001474|SP00001474|1|5|1|52|410|003|G2|1985|2010
2023|26140000|HS00001475|SP00001475|1|1|2|33|410|003|G3|1952|
2023|41110000|HS00001476|SP00001476|1|3|2|45|410|002|G3|1991|
2023|27110000|HS00001477|SP00001477|1|1|2|66|410|003|G2|1979|
2023|11200000|HS00001478|SP00001478|1|1|2|40|410|004|G2|1974|
2023|28110000|HS00001479|SP00001479|1|2|1|69|410|001|G2|1999|
2023|11170000|HS00001480|SP00001480|1|2|2|41|410|002|G3|1951|2020
2023|11110000|HS00001481|SP00001481|1|2|1|58|410|001|G3|1946|
2023|26110000|HS00001482|SP00001482|1|3|1|54|410|001|G2|1962|
2023|11140000|HS00001483|SP00001483|1|1|2|48|410|001|G2|2001|
2023|28110000|HS00001484|SP00001484|1|2|1|29|410|003|G4|1944|
2023|45110000|HS00001485|SP00001485|1|1|2|63|410|004|G3|1970|
2023|11170000|HS00001486|SP00001486|1|1|1|94|410|004|G2|1984|
2023|11110000|HS00001487|SP00001487|1|1|1|68|410|001|G4|1932|
2023|11140000|HS00001488|SP00001488|1|5|1|75|410|003|G2|1939|
2023|41110000|HS00001489|SP00001489|1|1|2|80|410|002|G2|1970|
2023|26110000|HS00001490|SP00001490|1|1|1|22|410|002|G2|1970|
2023|41110000|HS00001491|SP00001491|1|2|1|79|410|003|G1|1935|
2023|11110000|HS00001492|SP00001492|1|5|1|38|410|003|G2|1989|
2023|26140000|HS00001493|SP00001493|1|4|1|69|410|003|G2|1973|
2023|27110000|HS00001494|SP00001494|1|2|2|93|410|001|G1|1961|
2023|28110000|HS00001495|SP00001495|1|1|1|87|410|002|G2|1977|
2023|41130000|HS00001496|SP00001496|1|2|1|51|410|002|G2|1980|
2023|44130000|HS00001497|SP00001497|1|3|1|82|410|001|G3|1995|
2023|28110000|HS00001498|SP00001498|1|4|1|66|410|001|G4|1983|
2023|45110000|HS00001499|SP00001499|1|3|1|29|410|002|G2|1977|
2023|41130000|HS00001500|SP00001500|1|1|2|37|410|001|G3|1941|
2023|26110000|HS00001501|SP00001501|1|1|1|91|410|003|G1|1978|
2023|11200000|HS00001502|SP00001502|1|2|1|88|410|001|G1|1991|
2023|26140000|HS00001503|SP00001503|1|1|1|86|156|001|G2|1940|
2023|41150000|HS00001504|SP00001504|1|1|2|48|410|004|G2|1977|
2023|26110000|HS00001505|SP00001505|1|1|2|44|410|003|G3|1935|
2023|46110000|HS00001506|SP00001506|1|2|2|80|410|003|G2|1995|
2023|41110000|HS00001507|SP00001507|1|4|2|21|410|001|G2|2002|
2023|45110000|HS00001508|SP00001508|1|3|1|87|410|001|G2|1934|
2023|42110000|HS00001509|SP00001509|1|4|2|65|410|004|G1|1996|
2023|26140000|HS00001510|SP00001510|1|3|2|67|840|004|G2|2003|
2023|11200000|HS00001511|SP00001511|1|3|1|52|410|004|G1|1955|
2023|43110000|HS00001512|SP00001512|1|1|2|93|410|004|G2|1980|
2023|26140000|HS00001513|SP00001513|1|2|2|76|410|001|G3|1967|
2023|26110000|HS00001514|SP00001514|1|1|2|24|410|004|G1|1973|
2023|46110000|HS00001515|SP00001515|1|1|1|59|410|002|G2|1981|
2023|41110000|HS00001516|SP00001516|1|1|2|84|156|003|G2|1967|
2023|11110000|HS00001517|SP00001517|1|3|2|25|410|002|G2|1984|
2023|41110000|HS00001518|SP00001518|1|3|1|75|410|003|G2|1987|
2023|28110000|HS00001519|SP00001519|1|4|2|38|410|004|G2|1987|
2023|45110000|HS00001520|SP00001520|1|5|2|57|410|004|G3|1995|
2023|43110000|HS00001521|SP00001521|1|4|1|86|410|003|G1|1964|2020
2023|11200000|HS00001522|SP00001522|1|1|1|56|410|002|G3|1962|
2023|11170000|HS00001523|SP00001523|1|4|1|22|410|003|G1|2002|
2023|41150000|HS00001524|SP00001524|1|3|2|21|410|002|G2|1969|
2023|11110000|HS00001525|SP00001525|1|4|2|75|410|001|G2|1948|
2023|26140000|HS00001526|SP00001526|1|1|1|89|410|003|G1|2003|
2023|11170000|HS00001527|SP00001527|1|1|2|41|410|001|G1|1981|
2023|11110000|HS00001528|SP00001528|1|4|2|90|410|002|G1|1931|
2023|46110000|HS00001529|SP00001529|1|1|2|53|410|003|G1|1971|
2023|11140000|HS00001530|SP00001530|1|1|2|24|410|004|G2|2002|2010
2023|11110000|HS00001531|SP00001531|1|1|2|59|410|003|G1|1964|
2023|46110000|HS00001532|SP00001532|1|1|2|93|410|004|G3|1973|
2023|11200000|HS00001533|SP00001533|1|1|2|38|410|004|G3|1988|
2023|44130000|HS00001534|SP00001534|2|5|2|92|410|001|G2|1998|
2023|11110000|HS00001535|SP00001535|1|4|1|68|410|004|G1|1937|
2023|11170000|HS00001536|SP00001536|1|4|2|49|410|002|G2|1943|
2023|11140000|HS00001537|SP00001537|1|1|2|72|410|003|G3|1952|
2023|43110000|HS00001538|SP00001538|1|1|2|50|410|001|G2|2002|
2023|41150000|HS00001539|SP00001539|1|1|1|26|410|003|G1|1938|
2023|41110000|HS00001540|SP00001540|1|1|2|85|410|003|G4|1968|
2023|26110000|HS00001541|SP00001541|1|1|1|48|410|004|G2|1968|
2023|11140000|HS00001542|SP00001542|1|3|1|62|410|004|G2|1938|
2023|41130000|HS00001543|SP00001543|1|5|1|75|410|004|G3|1971|
2023|11200000|HS00001544|SP00001544|1|2|1|26|410|003|G3|1986|
2023|41150000|HS00001545|SP00001545|1|1|2|74|410|004|G2|1986|
2023|42110000|HS00001546|SP00001546|1|1|2|47|410|001|G2|1934|
2023|45110000|HS00001547|SP00001547|1|1|2|60|410|004|G2|1963|
2023|41110000|HS00001548|SP00001548|1|1|2|54|410|001|G2|1960|
2023|11110000|HS00001549|SP00001549|1|2|1|78|410|002|G2|1959|
2023|26110000|HS00001550|SP00001550|1|1|2|34|410|004|G2|1987|
2023|45110000|HS00001551|SP00001551|1|2|1|28|410|003|G2|1972|
2023|41130000|HS00001552|SP00001552|1|3|2|50|410|004|G3|1932|
2023|41150000|HS00001553|SP00001553|1|1|1|28|410|003|G4|1993|
2023|28110000|HS00001554|SP00001554|1|1|2|38|410|003|G3|1932|
2023|11170000|HS00001555|SP00001555|1|1|2|69|410|001|G1|1983|
2023|46110000|HS00001556|SP00001556|1|1|2|81|410|004|G2|1981|
2023|44130000|HS00001557|SP00001557|1|2|2|72|410|003|G2|2002|
2023|47110000|HS00001558|SP00001558|1|3|2|43|410|003|G2|1954|
2023|45110000|HS00001559|SP00001559|1|4|1|81|410|002|G1|1980|
2023|26110000|HS00001560|SP00001560|1|2|2|50|410|004|G3|1969|
2023|26110000|HS00001561|SP00001561|1|1|1|33|410|002|G2|1960|
2023|26110000|HS00001562|SP00001562|1|1|1|76|410|001|G1|1956|
2023|46110000|HS00001563|SP00001563|1|1|2|58|410|001|G2|1932|
2023|41130000|HS00001564|SP00001564|1|1|1|47|410|003|G4|1962|
2023|28110000|HS00001565|SP00001565|1|4|1|69|410|003|G2|1990|
2023|47110000|HS00001566|SP00001566|1|1|1|74|410|001|G1|1951|
2023|41150000|HS00001567|SP00001567|1|1|2|36|840|003|G2|1999|
2023|46110000|HS00001568|SP00001568|1|1|2|28|410|004|G3|1940|
2023|47110000|HS00001569|SP00001569|1|1|1|58|410|003|G1|1981|
2023|11140000|HS00001570|SP00001570|1|4|2|23|410|004|G2|1949|
2023|27110000|HS00001571|SP00001571|1|1|1|67|410|001|G2|1992|
2023|43110000|HS00001572|SP00001572|1|1|1|52|410|002|G2|1973|
2023|44130000|HS00001573|SP00001573|1|1|1|36|410|003|G1|1951|
2023|11170000|HS00001574|SP00001574|1|3|1|64|410|002|G3|1957|
2023|26140000|HS00001575|SP00001575|1|2|2|48|156|001|G2|2003|
2023|41130000|HS00001576|SP00001576|1|2|1|49|410|002|G1|2001|
2023|44130000|HS00001577|SP00001577|1|1|1|36|156|002|G1|1930|
2023|11140000|HS00001578|SP00001578|1|1|2|70|410|001|G2|1964|
2023|41150000|HS00001579|SP00001579|1|4|1|87|410|002|G1|1939|
2023|26140000|HS00001580|SP00001580|1|1|2|66|410|002|G3|1998|
2023|11200000|HS00001581|SP00001581|1|1|2|37|410|004|G3|1967|
2023|41110000|HS00001582|SP00001582|1|2|2|82|410|002|G1|1960|
2023|28110000|HS00001583|SP00001583|1|1|2|29|410|002|G3|1934|
2023|41150000|HS00001584|SP00001584|1|1|1|41|410|002|G4|1950|
2023|26140000|HS00001585|SP00001585|1|3|1|22|410|003|G1|1956|
2023|44130000|HS00001586|SP00001586|1|1|2|83|410|002|G2|1981|
2023|11140000|HS00001587|SP00001587|1|1|1|23|410|004|G4|1929|
2023|45110000|HS00001588|SP00001588|1|1|1|60|410|002|G3|1979|2010
2023|11110000|HS00001589|SP00001589|1|3|2|34|410|002|G2|1983|
2023|43110000|HS00001590|SP00001590|1|1|2|35|410|001|G3|1949|
2023|26140000|HS00001591|SP00001591|1|1|1|65|410|004|G2|1929|2010
2023|27110000|HS00001592|SP00001592|1|2|2|80|410|002|G2|1939|
2023|11110000|HS00001593|SP00001593|1|2|2|21|410|001|G2|1990|
2023|42110000|HS00001594|SP00001594|1|5|1|31|410|001|G2|1942|
2023|11170000|HS00001595|SP00001595|1|1|1|41|410|002|G2|1977|
2023|42110000|HS00001596|SP00001596|1|1|2|90|410|004|G2|1987|1990
2023|43110000|HS00001597|SP00001597|1|2|1|24|410|001|G1|1933|
2023|45110000|HS00001598|SP00001598|1|2|1|33|410|001|G3|1932|
2023|43110000|HS00001599|SP00001599|1|1|1|50|410|003|G2|1976|
2023|26140000|HS00001600|SP00001600|1|2|2|44|410|002|G2|2002|
2023|43110000|HS00001601|SP00001601|1|1|2|23|410|004|G2|1988|
2023|45110000|HS00001602|SP00001602|1|3|1|60|410|004|G1|1963|
2023|26140000|HS00001603|SP00001603|1|3|1|65|410|003|G1|1999|
2023|11170000|HS00001604|SP00001604|1|1|2|33|410|002|G2|1986|
2023|46110000|HS00001605|SP00001605|1|5|1|71|410|003|G1|1992|
2023|11170000|HS00001606|SP00001606|1|5|2|24|410|003|G4|1932|2000
2023|41150000|HS00001607|SP00001607|1|1|1|74|410|002|G2|1977|
2023|26110000|HS00001608|SP00001608|1|1|2|39|410|002|G1|1975|
2023|11170000|HS00001609|SP00001609|1|2|2|36|410|004|G3|1972|
2023|44130000|HS00001610|SP00001610|1|1|2|34|410|003|G2|2003|
2023|11170000|HS00001611|SP00001611|1|1|1|85|410|002|G2|1963|
2023|42110000|HS00001612|SP00001612|1|1|1|57|410|004|G1|1935|
2023|42110000|HS00001613|SP00001613|1|5|2|71|410|002|G2|1942|
2023|11140000|HS00001614|SP00001614|1|1|1|35|410|001|G2|1985|
2023|11170000|HS00001615|SP00001615|1|3|2|24|410|004|G3|2002|
2023|44130000|HS00001616|SP00001616|1|1|2|22|410|004|G2|1945|
2023|41110000|HS00001617|SP00001617|1|1|1|53|410|002|G3|1940|
2023|11170000|HS00001618|SP00001618|1|4|1|44|410|004|G2|1934|
2023|47110000|HS00001619|SP00001619|1|1|2|77|410|002|G3|1960|
2023|26110000|HS00001620|SP00001620|1|1|2|79|410|003|G2|1968|
2023|11110000|HS00001621|SP00001621|1|1|2|43|410|001|G2|1947|
2023|46110000|HS00001622|SP00001622|1|2|1|52|410|003|G2|1952|
2023|11110000|HS00001623|SP00001623|1|1|1|48|410|001|G2|1947|
2023|41130000|HS00001624|SP00001624|1|1|1|70|156|001|G1|1982|
2023|47110000|HS00001625|SP00001625|1|1|1|67|410|004|G2|1936|
2023|41130000|HS00001626|SP00001626|1|1|1|68|410|001|G2|2001|
2023|41130000|HS00001627|SP00001627|1|1|1|24|410|002|G2|1996|
2023|27110000|HS00001628|SP00001628|1|2|2|45|410|004|G1|1954|
2023|11170000|HS00001629|SP00001629|1|1|1|92|410|004|G1|1961|
2023|41130000|HS00001630|SP00001630|1|1|2|45|410|002|G1|1962|
2023|46110000|HS00001631|SP00001631|1|2|2|33|410|001|G1|1935|
2023|11140000|HS00001632|SP00001632|1|3|1|34|410|002|G1|1938|
2023|45110000|HS00001633|SP00001633|1|1|2|22|410|003|G1|1950|
2023|28110000|HS00001634|SP00001634|1|1|1|78|410|002|G2|1991|
2023|41130000|HS00001635|SP00001635|1|1|2|20|410|003|G2|1996|
2023|11170000|HS00001636|SP00001636|1|5|2|64|410|004|G4|1993|
2023|41150000|HS00001637|SP00001637|1|1|1|49|410|003|G3|1957|
2023|11200000|HS00001638|SP00001638|1|1|2|27|410|003|G1|1950|
2023|26110000|HS00001639|SP00001639|1|1|1|86|410|003|G2|1944|2000
2023|43110000|HS00001640|SP00001640|1|1|2|75|410|001|G2|1996|
2023|11110000|HS00001641|SP00001641|1|1|1|81|410|003|G2|1983|
2023|28110000|HS00001642|SP00001642|2|1|1|90|410|004|G2|1978|
2023|41150000|HS00001643|SP00001643|1|2|2|88|410|003|G2|1956|
2023|11170000|HS00001644|SP00001644|1|2|2|72|410|004|G2|2000|
2023|26140000|HS00001645|SP00001645|1|2|1|60|410|004|G2|1940|
2023|26140000|HS00001646|SP00001646|1|3|2|72|410|002|G2|1997|
2023|42110000|HS00001647|SP00001647|1|1|2|53|410|002|G2|1964|
2023|47110000|HS00001648|SP00001648|1|4|1|33|410|004|G3|1934|
2023|45110000|HS00001649|SP00001649|1|3|2|48|410|002|G4|1989|
2023|11200000|HS00001650|SP00001650|1|3|2|55|410|003|G2|1952|
2023|11110000|HS00001651|SP00001651|1|3|1|23|410|003|G3|1962|2010
2023|11110000|HS00001652|SP00001652|1|1|2|83|410|001|G3|1942|
2023|41150000|HS00001653|SP00001653|1|1|2|88|410|002|G2|1959|
2023|11170000|HS00001654|SP00001654|1|1|1|51|410|002|G1|1940|
2023|11200000|HS00001655|SP00001655|1|1|2|57|410|001|G3|1973|
2023|45110000|HS00001656|SP00001656|1|1|2|83|410|004|G2|1991|
2023|45110000|HS00001657|SP00001657|1|1|2|54|410|004|G2|1953|
2023|45110000|HS00001658|SP00001658|1|1|2|71|410|004|G2|1931|2020
2023|26110000|HS00001659|SP00001659|1|4|1|58|156|001|G2|1971|
2023|41150000|HS00001660|SP00001660|2|2|1|40|410|002|G1|1942|
2023|41150000|HS00001661|SP00001661|1|2|1|79|410|001|G4|1938|
2023|11200000|HS00001662|SP00001662|1|1|1|34|410|001|G2|1955|
2023|41130000|HS00001663|SP00001663|1|2|2|36|410|003|G2|1944|
2023|41110000|HS00001664|SP00001664|1|4|2|71|410|004|G2|1961|
2023|27110000|HS00001665|SP00001665|1|2|1|73|410|001|G1|1943|
2023|43110000|HS00001666|SP00001666|1|2|2|91|410|003|G2|1978|
2023|42110000|HS00001667|SP00001667|1|1|2|73|156|001|G2|1964|
2023|41130000|HS00001668|SP00001668|1|1|1|21|410|004|G2|1998|
2023|43110000|HS00001669|SP00001669|1|2|1|83|410|001|G2|1989|
2023|43110000|HS00001670|SP00001670|2|5|1|51|410|002|G4|1960|
2023|41130000|HS00001671|SP00001671|1|1|2|20|410|001|G3|1949|
2023|26110000|HS00001672|SP00001672|1|1|1|63|410|002|G1|2001|
2023|43110000|HS00001673|SP00001673|2|1|2|32|410|002|G2|1998|
2023|43110000|HS00001674|SP00001674|1|1|1|51|840|003|G2|2003|
2023|47110000|HS00001675|SP00001675|1|5|1|55|410|004|G3|1965|
2023|11170000|HS00001676|SP00001676|1|3|1|25|410|004|G3|1978|
2023|28110000|HS00001677|SP00001677|1|1|1|83|410|002|G2|2000|
2023|46110000|HS00001678|SP00001678|1|1|1|58|410|004|G3|1944|
2023|41110000|HS00001679|SP00001679|1|1|2|92|410|002|G2|1964|
2023|47110000|HS00001680|SP00001680|1|1|1|54|410|001|G2|2003|
2023|11110000|HS00001681|SP00001681|1|2|1|64|410|003|G2|1952|
2023|11110000|HS00001682|SP00001682|1|3|1|80|410|003|G2|1935|
2023|44130000|HS00001683|SP00001683|1|2|2|35|410|002|G2|1972|
2023|27110000|HS00001684|SP00001684|1|1|1|88|410|003|G2|1932|
2023|41110000|HS00001685|SP00001685|1|3|2|33|410|002|G3|1972|
2023|28110000|HS00001686|SP00001686|1|3|2|94|410|001|G4|1998|
2023|27110000|HS00001687|SP00001687|1|1|1|67|410|002|G2|1994|
2023|46110000|HS00001688|SP00001688|1|2|2|58|410|002|G2|1998|
2023|11140000|HS00001689|SP00001689|1|2|2|35|410|002|G2|1981|
2023|44130000|HS00001690|SP00001690|1|3|1|62|410|004|G1|1975|
2023|46110000|HS00001691|SP00001691|1|1|2|61|410|002|G3|1970|
2023|42110000|HS00001692|SP00001692|1|1|1|93|410|003|G2|1967|
2023|27110000|HS00001693|SP00001693|1|1|2|82|410|001|G1|1939|
2023|11170000|HS00001694|SP00001694|1|1|2|56|410|002|G3|2003|
2023|42110000|HS00001695|SP00001695|1|1|1|49|410|004|G2|1936|
2023|28110000|HS00001696|SP00001696|1|3|1|49|410|004|G1|1986|
2023|11170000|HS00001697|SP00001697|1|1|1|48|410|004|G1|1932|
2023|27110000|HS00001698|SP00001698|1|1|1|21|410|001|G3|1993|
2023|47110000|HS00001699|SP00001699|1|5|1|22|410|004|G3|1996|
2023|26110000|HS00001700|SP00001700|1|2|2|76|410|002|G2|1994|
2023|11200000|HS00001701|SP00001701|1|1|2|39|410|001|G1|1981|
2023|42110000|HS00001702|SP00001702|1|2|1|50|410|001|G1|1933|
2023|11200000|HS00001703|SP00001703|1|1|2|72|410|004|G2|1969|
2023|46110000|HS00001704|SP00001704|1|1|2|65|410|003|G2|1991|
2023|45110000|HS00001705|SP00001705|1|2|2|47|410|003|G2|1955|
2023|47110000|HS00001706|SP00001706|1|1|2|76|410|004|G2|1965|
2023|46110000|HS00001707|SP00001707|1|1|1|31|410|001|G2|1951|
2023|26110000|HS00001708|SP00001708|1|1|2|55|410|001|G2|1948|
2023|11200000|HS00001709|SP00001709|1|3|2|27|410|004|G2|1945|
2023|26140000|HS00001710|SP00001710|1|1|2|59|410|003|G1|1992|
2023|28110000|HS00001711|SP00001711|1|3|2|27|410|004|G2|1966|
2023|45110000|HS00001712|SP00001712|1|1|1|90|410|003|G2|1956|
2023|43110000|HS00001713|SP00001713|1|2|2|69|410|001|G2|1962|
2023|41150000|HS00001714|SP00001714|1|1|2|38|410|003|G1|1931|
2023|45110000|HS00001715|SP00001715|1|1|1|65|410|004|G1|1931|
2023|41150000|HS00001716|SP00001716|1|2|1|46|410|001|G2|1943|
2023|27110000|HS00001717|SP00001717|1|2|2|58|410|001|G2|1985|
2023|28110000|HS00001718|SP00001718|1|1|1|32|156|002|G2|1964|
2023|41110000|HS00001719|SP00001719|1|1|1|57|410|002|G2|1943|
2023|11140000|HS00001720|SP00001720|1|1|2|28|410|003|G2|1983|
2023|43110000|HS00001721|SP00001721|1|1|1|31|410|001|G2|1950|
2023|42110000|HS00001722|SP00001722|1|2|2|63|410|004|G2|1985|
2023|43110000|HS00001723|SP00001723|1|1|2|57|410|001|G1|1993|1990
2023|41130000|HS00001724|SP00001724|1|2|1|42|410|001|G3|1986|
2023|44130000|HS00001725|SP00001725|1|1|1|24|410|004|G2|1934|
2023|47110000|HS00001726|SP00001726|1|1|1|51|410|002|G3|1929|
2023|41130000|HS00001727|SP00001727|1|1|1|89|410|003|G1|1939|
2023|28110000|HS00001728|SP00001728|1|1|1|73|410|002|G3|1983|
2023|11140000|HS00001729|SP00001729|1|1|2|24|410|002|G3|1945|
2023|44130000|HS00001730|SP00001730|1|4|2|90|410|003|G1|1987|
2023|46110000|HS00001731|SP00001731|1|1|2|51|410|004|G2|1994|
2023|42110000|HS00001732|SP00001732|1|3|2|63|410|001|G2|1984|
2023|45110000|HS00001733|SP00001733|1|1|1|20|410|004|G2|1993|
2023|45110000|HS00001734|SP00001734|1|1|1|43|410|001|G2|1955|
2023|44130000|HS00001735|SP00001735|1|1|2|78|410|004|G3|1952|
2023|41110000|HS00001736|SP00001736|1|1|2|44|410|004|G2|2001|
2023|11140000|HS00001737|SP00001737|1|2|1|32|410|004|G4|1995|
2023|11110000|HS00001738|SP00001738|1|3|1|26|840|003|G3|1968|
2023|11200000|HS00001739|SP00001739|1|2|1|89|410|004|G3|1995|2000
2023|28110000|HS00001740|SP00001740|1|2|1|80|410|004|G2|1941|
2023|43110000|HS00001741|SP00001741|1|1|1|23|410|003|G2|1973|
2023|28110000|HS00001742|SP00001742|1|1|1|89|410|004|G3|1973|
2023|11110000|HS00001743|SP00001743|1|3|2|81|410|002|G2|2003|
2023|11200000|HS00001744|SP00001744|1|1|1|46|410|004|G1|1951|
2023|47110000|HS00001745|SP00001745|1|1|1|69|410|004|G2|1949|
2023|47110000|HS00001746|SP00001746|1|4|2|39|410|003|G1|1947|2010
2023|27110000|HS00001747|SP00001747|1|5|1|38|410|001|G3|1963|
2023|44130000|HS00001748|SP00001748|1|2|1|73|410|001|G2|1983|
2023|43110000|HS00001749|SP00001749|1|1|2|35|410|001|G2|1998|
2023|46110000|HS00001750|SP00001750|1|3|2|46|410|003|G1|1980|
2023|46110000|HS00001751|SP00001751|1|1|2|46|410|002|G2|1963|
2023|41150000|HS00001752|SP00001752|1|1|1|31|410|004|G2|1995|
2023|27110000|HS00001753|SP00001753|1|1|2|82|410|002|G2|1999|
2023|41150000|HS00001754|SP00001754|1|4|1|70|410|001|G2|1987|
2023|26140000|HS00001755|SP00001755|1|4|2|84|410|003|G2|1998|
2023|26140000|HS00001756|SP00001756|1|2|1|59|410|001|G2|2002|
2023|41150000|HS00001757|SP00001757|1|1|1|33|410|004|G2|1967|2010
2023|41130000|HS00001758|SP00001758|1|1|1|40|410|001|G2|1948|
2023|41130000|HS00001759|SP00001759|1|1|1|46|410|002|G3|1966|
2023|27110000|HS00001760|SP00001760|1|4|2|90|410|004|G3|1997|
2023|27110000|HS00001761|SP00001761|1|1|1|37|410|003|G3|1978|
2023|11110000|HS00001762|SP00001762|1|1|1|71|410|004|G2|2001|
2023|41150000|HS00001763|SP00001763|1|3|2|29|410|002|G1|1957|
2023|41130000|HS00001764|SP00001764|1|1|1|91|410|004|G3|1986|
2023|46110000|HS00001765|SP00001765|1|3|1|68|410|003|G4|1974|
2023|41110000|HS00001766|SP00001766|1|1|2|52|410|003|G1|1936|
2023|28110000|HS00001767|SP00001767|1|3|1|45|410|001|G2|1959|
2023|11140000|HS00001768|SP00001768|1|1|2|46|410|004|G2|1946|
2023|11200000|HS00001769|SP00001769|1|1|1|36|410|001|G1|1977|
2023|26140000|HS00001770|SP00001770|1|1|1|64|410|002|G4|1934|
2023|27110000|HS00001771|SP00001771|1|1|1|84|410|003|G3|1950|
2023|27110000|HS00001772|SP00001772|1|2|1|38|410|004|G4|1965|
2023|27110000|HS00001773|SP00001773|1|1|2|76|410|003|G1|1960|
2023|44130000|HS00001774|SP00001774|1|1|1|62|410|002|G2|1957|
2023|11170000|HS00001775|SP00001775|1|3|2|78|410|002|G3|1991|
2023|26140000|HS00001776|SP00001776|1|1|2|77|410|004|G2|1985|
2023|11170000|HS00001777|SP00001777|1|2|1|22|410|002|G2|1952|
2023|26140000|HS00001778|SP00001778|1|3|2|21|410|004|G2|1970|
2023|42110000|HS00001779|SP00001779|1|1|2|88|410|001|G1|1945|
2023|11110000|HS00001780|SP00001780|1|3|1|31|410|003|G2|1964|
2023|26140000|HS00001781|SP00001781|1|1|2|63|840|003|G3|1999|
2023|11110000|HS00001782|SP00001782|1|1|1|76|840|003|G1|1954|2000
2023|47110000|HS00001783|SP00001783|1|1|1|57|410|002|G1|1958|
2023|43110000|HS00001784|SP00001784|1|3|1|20|410|003|G2|1976|
2023|26110000|HS00001785|SP00001785|1|2|1|20|410|002|G2|1944|
2023|11200000|HS00001786|SP00001786|1|2|1|70|410|003|G2|1977|
2023|11140000|HS00001787|SP00001787|1|5|2|87|410|004|G1|1995|
2023|41110000|HS00001788|SP00001788|1|1|1|45|410|003|G2|1994|
2023|43110000|HS00001789|SP00001789|1|4|1|60|410|003|G2|1936|
2023|41130000|HS00001790|SP00001790|1|3|1|90|410|004|G2|1975|
2023|45110000|HS00001791|SP00001791|1|4|2|81|410|001|G2|1972|
2023|26140000|HS00001792|SP00001792|1|4|2|60|410|003|G2|1981|
2023|26110000|HS00001793|SP00001793|1|5|2|69|410|003|G2|1948|
2023|41110000|HS00001794|SP00001794|1|1|2|92|410|003|G2|1958|
2023|11200000|HS00001795|SP00001795|1|3|2|79|410|001|G2|1936|
2023|47110000|HS00001796|SP00001796|1|3|2|51|156|004|G2|1936|
2023|11200000|HS00001797|SP00001797|1|2|2|71|410|001|G2|1929|
2023|41110000|HS00001798|SP00001798|1|1|2|44|410|002|G2|1979|
2023|41110000|HS00001799|SP00001799|1|5|2|89|410|003|G2|1960|
2023|11110000|HS00001800|SP00001800|1|1|1|27|410|002|G2|1978|
2023|28110000|HS00001801|SP00001801|1|1|2|36|410|001|G2|1951|
2023|28110000|HS00001802|SP00001802|1|2|2|45|410|003|G2|1947|
2023|26110000|HS00001803|SP00001803|2|1|1|35|410|002|G2|1985|2000
2023|11170000|HS00001804|SP00001804|1|3|2|64|410|004|G1|1939|
2023|11110000|HS00001805|SP00001805|1|1|2|73|410|004|G3|1982|
2023|11110000|HS00001806|SP00001806|1|2|2|86|410|002|G2|1930|
2023|41110000|HS00001807|SP00001807|1|3|2|57|410|003|G1|1940|
2023|11140000|HS00001808|SP00001808|1|1|2|66|410|001|G2|2002|1990
2023|47110000|HS00001809|SP00001809|1|3|2|64|410|004|G2|1974|
2023|26110000|HS00001810|SP00001810|1|1|2|20|410|001|G3|1974|
2023|42110000|HS00001811|SP00001811|1|3|2|73|410|004|G3|1942|
2023|42110000|HS00001812|SP00001812|1|5|1|21|410|004|G3|1949|
2023|41110000|HS00001813|SP00001813|1|1|1|61|410|002|G2|2000|
2023|46110000|HS00001814|SP00001814|1|2|1|94|410|004|G3|1940|
2023|11140000|HS00001815|SP00001815|1|2|2|79|410|003|G2|1987|
2023|11200000|HS00001816|SP00001816|1|2|2|57|410|003|G3|1976|
2023|26110000|HS00001817|SP00001817|1|3|2|43|410|002|G1|1991|
2023|11170000|HS00001818|SP00001818|1|1|2|82|410|001|G3|1992|
2023|26140000|HS00001819|SP00001819|1|2|2|84|410|003|G2|1964|
2023|26140000|HS00001820|SP00001820|1|1|2|47|410|001|G2|1997|
2023|44130000|HS00001821|SP00001821|1|1|2|28|410|002|G4|1997|
2023|26140000|HS00001822|SP00001822|1|4|1|63|410|001|G2|1945|
2023|45110000|HS00001823|SP00001823|1|1|2|67|410|001|G3|1978|
2023|44130000|HS00001824|SP00001824|1|2|1|90|410|001|G1|1955|
2023|46110000|HS00001825|SP00001825|1|1|2|86|410|001|G2|1930|
2023|11140000|HS00001826|SP00001826|1|3|2|37|410|004|G2|2000|
2023|47110000|HS00001827|SP00001827|1|2|1|38|410|004|G1|1944|
2023|41150000|HS00001828|SP00001828|1|1|1|94|410|004|G3|1995|
2023|47110000|HS00001829|SP00001829|1|1|1|44|410|001|G2|1946|
2023|27110000|HS00001830|SP00001830|1|1|1|54|410|004|G2|1981|
2023|47110000|HS00001831|SP00001831|1|5|2|42|410|003|G2|1993|
2023|41150000|HS00001832|SP00001832|1|2|2|49|410|004|G1|1986|2010
2023|11140000|HS00001833|SP00001833|1|1|2|62|410|004|G3|1976|
2023|27110000|HS00001834|SP00001834|1|3|2|41|410|002|G3|1949|
2023|11170000|HS00001835|SP00001835|1|1|2|50|410|003|G2|1952|
2023|47110000|HS00001836|SP00001836|1|1|1|46|410|003|G2|1949|
2023|26140000|HS00001837|SP00001837|1|1|1|28|410|002|G2|2002|
2023|11200000|HS00001838|SP00001838|1|1|1|79|410|002|G2|1930|
2023|41130000|HS00001839|SP00001839|1|3|1|86|410|001|G3|1971|
2023|28110000|HS00001840|SP00001840|1|4|1|56|410|001|G2|1995|
2023|11140000|HS00001841|SP00001841|1|4|1|35|410|004|G2|1934|
2023|44130000|HS00001842|SP00001842|1|4|1|68|410|003|G2|1944|
2023|45110000|HS00001843|SP00001843|1|1|2|60|410|003|G2|1997|
2023|43110000|HS00001844|SP00001844|1|1|2|61|410|003|G3|1971|
2023|41150000|HS00001845|SP00001845|1|2|2|64|410|002|G1|1936|
2023|27110000|HS00001846|SP00001846|1|5|2|73|410|001|G2|1952|
2023|41130000|HS00001847|SP00001847|1|3|2|23|410|004|G1|1989|
2023|41110000|HS00001848|SP00001848|1|1|1|27|410|004|G1|1951|
2023|11170000|HS00001849|SP00001849|1|2|1|27|410|001|G2|1989|
2023|11140000|HS00001850|SP00001850|1|3|1|31|410|004|G3|1977|
2023|26110000|HS00001851|SP00001851|1|4|2|92|410|002|G2|1989|
2023|28110000|HS00001852|SP00001852|1|3|2|74|410|003|G1|1951|
2023|11170000|HS00001853|SP00001853|1|1|2|69|410|001|G2|1934|
2023|11140000|HS00001854|SP00001854|1|1|2|72|410|002|G3|2000|
2023|45110000|HS00001855|SP00001855|1|1|1|22|410|001|G2|1958|
2023|27110000|HS00001856|SP00001856|1|1|2|35|410|004|G2|1985|
2023|41130000|HS00001857|SP00001857|1|4|2|79|410|002|G3|1947|
2023|41110000|HS00001858|SP00001858|1|2|2|54|410|002|G1|1993|
2023|43110000|HS00001859|SP00001859|1|1|2|58|156|003|G3|1976|
2023|43110000|HS00001860|SP00001860|1|1|1|76|410|004|G3|1988|
2023|26140000|HS00001861|SP00001861|1|2|1|25|410|002|G3|1938|
2023|45110000|HS00001862|SP00001862|1|2|1|79|410|003|G1|1997|
2023|27110000|HS00001863|SP00001863|1|1|1|71|410|003|G1|1960|
2023|45110000|HS00001864|SP00001864|1|4|1|50|156|002|G3|1994|
2023|27110000|HS00001865|SP00001865|1|1|2|57|410|004|G2|1959|
2023|11140000|HS00001866|SP00001866|1|1|1|25|410|001|G2|1946|
2023|43110000|HS00001867|SP00001867|1|1|2|35|410|004|G2|1947|
2023|11110000|HS00001868|SP00001868|1|2|2|38|410|002|G1|2001|
2023|44130000|HS00001869|SP00001869|1|3|2|85|410|001|G2|1945|2010
2023|11110000|HS00001870|SP00001870|1|4|2|28|410|004|G3|1981|
2023|11200000|HS00001871|SP00001871|1|1|2|41|410|004|G2|1952|
2023|41150000|HS00001872|SP00001872|1|5|1|29|410|004|G2|1931|
2023|47110000|HS00001873|SP00001873|1|3|1|41|410|001|G4|1995|
2023|27110000|HS00001874|SP00001874|1|1|1|20|410|004|G2|1976|
2023|11170000|HS00001875|SP00001875|1|1|2|40|410|003|G1|1938|
2023|11200000|HS00001876|SP00001876|1|1|1|74|410|004|G2|1993|2010
2023|46110000|HS00001877|SP00001877|1|4|2|77|410|002|G1|1984|
2023|43110000|HS00001878|SP00001878|1|1|1|48|410|004|G2|1962|
2023|11140000|HS00001879|SP00001879|1|1|1|72|410|003|G2|1929|
2023|27110000|HS00001880|SP00001880|1|3|2|66|410|002|G2|1981|
2023|26110000|HS00001881|SP00001881|1|4|2|87|410|001|G1|1975|
2023|11200000|HS00001882|SP00001882|1|2|2|80|410|004|G2|1944|
2023|45110000|HS00001883|SP00001883|1|3|1|37|410|003|G2|1995|
2023|41150000|HS00001884|SP00001884|1|1|1|64|410|001|G2|1979|
2023|11200000|HS00001885|SP00001885|1|4|1|78|410|001|G2|1980|
2023|42110000|HS00001886|SP00001886|1|1|1|42|410|004|G2|1973|
2023|28110000|HS00001887|SP00001887|1|1|1|62|410|001|G3|1960|
2023|11140000|HS00001888|SP00001888|1|5|2|50|410|001|G1|1987|
2023|28110000|HS00001889|SP00001889|1|1|2|43|410|003|G3|1974|
2023|11200000|HS00001890|SP00001890|1|1|2|34|410|004|G1|1935|
2023|26110000|HS00001891|SP00001891|1|2|1|22|410|002|G2|1941|
2023|45110000|HS00001892|SP00001892|1|1|1|76|410|003|G2|1932|
2023|43110000|HS00001893|SP00001893|1|1|1|81|410|003|G2|1952|
2023|11170000|HS00001894|SP00001894|1|2|2|68|410|003|G1|1960|
2023|45110000|HS00001895|SP00001895|1|3|2|38|410|003|G3|1987|
2023|41130000|HS00001896|SP00001896|1|3|1|21|410|001|G3|1992|
2023|45110000|HS00001897|SP00001897|1|1|1|67|410|003|G4|1963|
2023|43110000|HS00001898|SP00001898|1|2|1|34|410|001|G3|1973|
2023|26140000|HS00001899|SP00001899|1|3|2|61|410|003|G2|1944|
2023|41130000|HS00001900|SP00001900|1|1|2|92|410|004|G1|2003|
2023|41130000|HS00001901|SP00001901|1|1|2|20|410|004|G1|1937|
2023|43110000|HS00001902|SP00001902|1|1|2|63|410|001|G2|1991|
2023|26110000|HS00001903|SP00001903|1|2|1|94|410|004|G3|1974|
2023|26140000|HS00001904|SP00001904|1|1|2|45|410|002|G2|1977|
2023|26110000|HS00001905|SP00001905|1|3|1|81|410|001|G1|1934|
2023|26140000|HS00001906|SP00001906|1|5|1|82|410|003|G2|1949|
2023|11170000|HS00001907|SP00001907|1|1|2|56|410|003|G3|2001|2000
2023|11110000|HS00001908|SP00001908|1|2|2|43|410|002|G2|1940|
2023|46110000|HS00001909|SP00001909|1|1|1|71|410|003|G2|1953|
2023|11140000|HS00001910|SP00001910|1|1|2|66|410|003|G2|1998|2010
2023|46110000|HS00001911|SP00001911|1|3|1|55|410|001|G2|1945|
2023|11110000|HS00001912|SP00001912|1|1|1|34|410|003|G2|2001|
2023|44130000|HS00001913|SP00001913|1|4|2|75|410|002|G3|1972|
2023|26140000|HS00001914|SP00001914|1|2|1|35|410|001|G3|1991|
2023|41110000|HS00001915|SP00001915|1|1|2|30|840|002|G2|2003|
2023|26110000|HS00001916|SP00001916|1|1|2|25|410|004|G2|1962|
2023|41110000|HS00001917|SP00001917|1|1|2|53|410|003|G1|1952|
2023|28110000|HS00001918|SP00001918|1|4|2|29|410|002|G1|1968|
2023|41130000|HS00001919|SP00001919|1|2|2|45|410|002|G1|1978|1990
2023|27110000|HS00001920|SP00001920|1|1|1|38|410|004|G1|1965|2010
2023|41130000|HS00001921|SP00001921|1|2|2|54|410|003|G2|1992|
2023|45110000|HS00001922|SP00001922|1|2|1|78|410|004|G3|2000|
2023|28110000|HS00001923|SP00001923|1|3|2|53|410|003|G2|1992|
2023|27110000|HS00001924|SP00001924|1|1|2|61|410|004|G2|1999|
2023|11170000|HS00001925|SP00001925|1|1|2|30|410|003|G4|1946|
2023|27110000|HS00001926|SP00001926|1|1|1|28|410|002|G4|1958|
2023|11170000|HS00001927|SP00001927|1|1|2|93|410|002|G2|1989|
2023|11200000|HS00001928|SP00001928|1|1|1|66|156|001|G1|1961|1990
2023|47110000|HS00001929|SP00001929|1|1|2|21|410|004|G1|1967|
2023|11140000|HS00001930|SP00001930|1|1|2|62|410|004|G3|1995|
2023|41110000|HS00001931|SP00001931|1|1|2|20|410|003|G1|1931|
2023|45110000|HS00001932|SP00001932|2|1|1|25|410|002|G2|1933|
2023|47110000|HS00001933|SP00001933|1|4|1|48|840|001|G2|1947|
2023|11170000|HS00001934|SP00001934|1|2|1|69|410|003|G2|1943|
2023|11170000|HS00001935|SP00001935|1|1|2|66|410|001|G2|1962|
2023|27110000|HS00001936|SP00001936|1|2|2|79|410|003|G3|1943|
2023|41130000|HS00001937|SP00001937|1|1|2|33|410|002|G2|1964|
2023|47110000|HS00001938|SP00001938|1|4|2|34|410|004|G3|1991|
2023|11200000|HS00001939|SP00001939|1|2|1|59|410|004|G1|1991|
2023|11170000|HS00001940|SP00001940|1|1|1|85|410|001|G3|1939|
2023|26110000|HS00001941|SP00001941|1|4|1|74|410|002|G2|1970|
2023|45110000|HS00001942|SP00001942|1|3|1|70|410|004|G2|1949|
2023|11110000|HS00001943|SP00001943|1|3|2|27|410|001|G4|1993|
2023|27110000|HS00001944|SP00001944|1|1|2|85|410|003|G3|1970|
2023|11170000|HS00001945|SP00001945|1|1|1|93|410|001|G3|1997|
2023|11170000|HS00001946|SP00001946|1|2|2|63|410|002|G3|1987|
2023|46110000|HS00001947|SP00001947|1|1|1|45|410|001|G2|1995|
2023|11110000|HS00001948|SP00001948|1|2|1|69|410|001|G2|1988|
2023|26140000|HS00001949|SP00001949|1|3|1|68|410|002|G1|1958|
2023|46110000|HS00001950|SP00001950|1|1|1|89|410|001|G3|2003|
2023|41150000|HS00001951|SP00001951|1|1|1|28|410|004|G3|1989|
2023|11140000|HS00001952|SP00001952|1|1|2|58|410|003|G4|1952|
2023|28110000|HS00001953|SP00001953|1|1|2|73|410|002|G3|1992|
2023|47110000|HS00001954|SP00001954|2|2|1|46|410|002|G2|1962|
2023|27110000|HS00001955|SP00001955|1|3|1|83|410|004|G1|1938|
2023|41110000|HS00001956|SP00001956|1|1|1|24|410|004|G1|1945|
2023|41130000|HS00001957|SP00001957|1|3|1|27|410|001|G2|1994|2010
2023|42110000|HS00001958|SP00001958|1|2|2|79|410|003|G3|1992|
2023|11200000|HS00001959|SP00001959|1|3|2|29|410|002|G1|1951|
2023|45110000|HS00001960|SP00001960|1|1|1|51|410|004|G3|1978|
2023|47110000|HS00001961|SP00001961|1|3|1|41|410|004|G2|1972|
2023|11170000|HS00001962|SP00001962|1|3|2|71|410|003|G2|1968|
2023|44130000|HS00001963|SP00001963|1|1|1|20|410|003|G3|1960|
2023|44130000|HS00001964|SP00001964|1|2|2|46|410|001|G2|1970|
2023|43110000|HS00001965|SP00001965|1|4|2|93|410|004|G2|2002|
2023|27110000|HS00001966|SP00001966|1|1|2|47|410|003|G2|1996|
2023|28110000|HS00001967|SP00001967|1|3|2|64|410|002|G2|2003|
2023|45110000|HS00001968|SP00001968|1|5|1|94|410|001|G1|1984|
2023|11170000|HS00001969|SP00001969|1|4|2|65|410|003|G2|1942|
2023|45110000|HS00001970|SP00001970|1|1|2|76|410|002|G3|1931|
2023|46110000|HS00001971|SP00001971|1|2|2|91|410|003|G4|1968|
2023|42110000|HS00001972|SP00001972|1|5|2|66|410|002|G3|2001|
2023|26140000|HS00001973|SP00001973|1|2|2|82|410|001|G1|1998|
2023|41130000|HS00001974|SP00001974|1|1|2|58|410|002|G4|1942|
2023|11110000|HS00001975|SP00001975|1|1|1|81|410|004|G1|1978|
2023|46110000|HS00001976|SP00001976|1|3|1|68|410|004|G1|1937|
2023|26140000|HS00001977|SP00001977|1|1|2|45|410|002|G2|1966|
2023|11110000|HS00001978|SP00001978|1|1|1|61|840|004|G3|1938|2020
2023|44130000|HS00001979|SP00001979|1|1|2|45|410|001|G3|1993|
2023|42110000|HS00001980|SP00001980|1|3|1|49|410|004|G3|1939|
2023|41150000|HS00001981|SP00001981|1|1|1|41|410|004|G2|1963|
2023|11110000|HS00001982|SP00001982|1|4|2|56|410|001|G1|1971|
2023|43110000|HS00001983|SP00001983|1|3|2|46|410|003|G1|1964|
2023|41150000|HS00001984|SP00001984|1|5|2|66|410|002|G2|1979|
2023|44130000|HS00001985|SP00001985|1|4|1|47|410|004|G2|1958|
2023|45110000|HS00001986|SP00001986|1|1|1|56|410|001|G1|1946|
2023|11200000|HS00001987|SP00001987|1|2|2|30|410|004|G2|1943|
2023|11200000|HS00001988|SP00001988|1|1|2|48|410|004|G2|1930|
2023|46110000|HS00001989|SP00001989|1|5|2|46|410|002|G2|1973|
2023|41130000|HS00001990|SP00001990|1|1|2|92|410|002|G2|1946|
2023|28110000|HS00001991|SP00001991|1|2|2|53|410|003|G2|1937|
2023|26110000|HS00001992|SP00001992|1|3|1|21|410|001|G2|2002|
2023|41150000|HS00001993|SP00001993|1|1|1|43|410|004|G2|1968|
2023|43110000|HS00001994|SP00001994|1|3|1|74|410|001|G2|1951|
2023|11110000|HS00001995|SP00001995|1|1|2|32|410|001|G1|1969|
2023|41130000|HS00001996|SP00001996|1|1|1|32|410|003|G3|1996|
2023|47110000|HS00001997|SP00001997|1|1|2|48|410|002|G3|1954|
2023|26110000|HS00001998|SP00001998|1|1|1|46|410|001|G2|1973|
2023|26110000|HS00001999|SP00001999|1|2|1|56|410|004|G2|1957|
2023|45110000|HS00002000|SP00002000|1|4|2|22|410|001|G2|2003|
2023|11140000|HS00002001|SP00002001|1|1|1|74|410|001|G1|2003|
2023|27110000|HS00002002|SP00002002|1|2|2|36|410|003|G1|1958|
2023|28110000|HS00002003|SP00002003|1|4|2|73|410|004|G4|1930|
2023|44130000|HS00002004|SP00002004|1|3|2|62|410|001|G2|1956|
2023|11170000|HS00002005|SP00002005|1|1|1|35|410|002|G1|1933|
2023|28110000|HS00002006|SP00002006|1|4|2|55|410|004|G3|1940|
2023|11170000|HS00002007|SP00002007|1|1|2|22|410|004|G2|1982|
2023|44130000|HS00002008|SP00002008|1|2|1|72|410|001|G2|1996|
2023|41150000|HS00002009|SP00002009|1|2|2|42|410|003|G2|1962|
2023|41110000|HS00002010|SP00002010|1|3|1|48|410|004|G1|1957|2000
2023|27110000|HS00002011|SP00002011|1|1|1|31|410|003|G1|1946|
2023|11170000|HS00002012|SP00002012|2|1|1|47|410|003|G4|1964|
2023|46110000|HS00002013|SP00002013|1|3|2|49|410|004|G2|1934|
2023|42110000|HS00002014|SP00002014|1|1|2|36|410|002|G3|1940|
2023|26140000|HS00002015|SP00002015|1|1|1|93|410|001|G1|1960|
2023|28110000|HS00002016|SP00002016|1|3|1|40|410|003|G3|1962|
2023|43110000|HS00002017|SP00002017|1|2|2|33|410|003|G2|2002|
2023|43110000|HS00002018|SP00002018|1|1|2|61|410|004|G2|1945|
2023|28110000|HS00002019|SP00002019|1|1|2|43|410|004|G2|1952|
2023|26140000|HS00002020|SP00002020|1|5|1|54|410|002|G2|1936|
2023|42110000|HS00002021|SP00002021|1|1|1|74|410|004|G1|1997|
2023|42110000|HS00002022|SP00002022|1|1|1|25|410|001|G1|1993|
2023|41150000|HS00002023|SP00002023|1|1|2|58|410|004|G3|1953|2010
2023|11140000|HS00002024|SP00002024|1|1|2|21|410|001|G1|1967|
2023|41110000|HS00002025|SP00002025|1|5|2|23|410|003|G1|1959|
2023|41150000|HS00002026|SP00002026|1|1|1|26|410|003|G3|1971|
2023|47110000|HS00002027|SP00002027|1|1|2|32|410|003|G2|1955|
2023|41110000|HS00002028|SP00002028|1|2|2|46|410|004|G2|1954|
2023|26140000|HS00002029|SP00002029|1|1|1|90|410|003|G3|1989|
2023|41130000|HS00002030|SP00002030|1|1|1|87|410|001|G2|1946|2020
2023|11200000|HS00002031|SP00002031|1|5|2|27|410|003|G1|1966|
2023|11140000|HS00002032|SP00002032|1|3|2|94|410|002|G2|1960|
2023|42110000|HS00002033|SP00002033|1|1|2|67|410|003|G2|1957|
2023|47110000|HS00002034|SP00002034|1|1|1|61|410|002|G2|1948|
2023|45110000|HS00002035|SP00002035|1|1|1|79|840|001|G3|1981|
2023|41130000|HS00002036|SP00002036|1|1|2|56|410|003|G4|2003|
2023|11110000|HS00002037|SP00002037|1|2|2|39|410|001|G1|1990|
2023|47110000|HS00002038|SP00002038|1|2|1|59|410|002|G1|1931|
2023|28110000|HS00002039|SP00002039|1|3|1|74|410|003|G2|1987|
2023|26110000|HS00002040|SP00002040|1|4|1|71|410|004|G2|1985|
2023|46110000|HS00002041|SP00002041|1|1|2|32|410|002|G3|1939|
2023|43110000|HS00002042|SP00002042|1|4|1|90|410|002|G1|1986|
2023|43110000|HS00002043|SP00002043|1|2|1|41|410|002|G1|1969|
2023|26110000|HS00002044|SP00002044|1|1|2|81|410|003|G2|1976|
2023|47110000|HS00002045|SP00002045|1|3|2|43|410|001|G4|1954|
2023|28110000|HS00002046|SP00002046|1|1|1|24|410|003|G1|1959|
2023|41130000|HS00002047|SP00002047|2|2|1|94|410|004|G3|1965|
2023|43110000|HS00002048|SP00002048|1|3|1|64|410|001|G2|1966|
2023|42110000|HS00002049|SP00002049|1|1|1|36|410|004|G1|1941|
2023|11170000|HS00002050|SP00002050|1|4|1|20|410|003|G2|1960|
2023|26140000|HS00002051|SP00002051|1|1|2|29|410|003|G2|1965|
2023|27110000|HS00002052|SP00002052|1|3|1|32|410|003|G2|1937|2000
2023|47110000|HS00002053|SP00002053|1|1|2|89|410|004|G2|1997|
2023|43110000|HS00002054|SP00002054|1|1|1|33|410|003|G2|1941|
2023|27110000|HS00002055|SP00002055|1|1|2|32|410|004|G2|1989|
2023|43110000|HS00002056|SP00002056|1|4|2|82|410|002|G3|1979|
2023|43110000|HS00002057|SP00002057|1|1|2|85|410|001|G3|2003|
2023|27110000|HS00002058|SP00002058|1|4|2|35|410|003|G2|1961|
2023|27110000|HS00002059|SP00002059|1|1|1|68|410|001|G2|1941|
2023|46110000|HS00002060|SP00002060|1|1|2|60|410|001|G4|1975|
2023|41130000|HS00002061|SP00002061|1|1|2|63|410|001|G1|1954|
2023|11170000|HS00002062|SP00002062|1|1|1|43|410|002|G3|1974|
2023|43110000|HS00002063|SP00002063|1|4|1|76|410|001|G2|1947|
2023|41150000|HS00002064|SP00002064|1|1|2|86|410|003|G3|1929|
2023|41110000|HS00002065|SP00002065|1|2|1|74|410|003|G2|1950|
2023|43110000|HS00002066|SP00002066|1|2|2|87|410|001|G2|1978|
2023|46110000|HS00002067|SP00002067|1|2|2|28|410|002|G2|1942|
2023|26140000|HS00002068|SP00002068|1|2|1|69|156|004|G1|2001|
2023|28110000|HS00002069|SP00002069|1|4|2|94|410|004|G1|1929|
2023|11200000|HS00002070|SP00002070|1|2|2|60|410|001|G4|1941|
2023|42110000|HS00002071|SP00002071|1|2|1|90|410|003|G2|1954|
2023|27110000|HS00002072|SP00002072|1|2|2|46|410|002|G1|1957|
2023|26140000|HS00002073|SP00002073|1|2|1|87|410|002|G2|1985|
2023|42110000|HS00002074|SP00002074|1|1|1|90|410|003|G2|1971|
2023|27110000|HS00002075|SP00002075|1|2|2|66|410|004|G2|1996|
2023|28110000|HS00002076|SP00002076|1|1|2|72|410|003|G1|1978|
2023|28110000|HS00002077|SP00002077|1|3|1|59|840|004|G3|1959|
2023|26110000|HS00002078|SP00002078|1|5|1|43|410|004|G3|1976|
2023|11170000|HS00002079|SP00002079|1|5|1|60|410|004|G2|1946|
2023|45110000|HS00002080|SP00002080|1|3|1|92|410|004|G3|1940|
2023|11140000|HS00002081|SP00002081|1|2|1|21|410|004|G2|1961|
2023|26140000|HS00002082|SP00002082|1|3|2|35|410|002|G2|1978|2020
2023|42110000|HS00002083|SP00002083|1|1|1|57|410|004|G3|1981|
2023|11170000|HS00002084|SP00002084|1|1|1|45|410|004|G3|1962|
2023|42110000|HS00002085|SP00002085|1|1|1|66|410|003|G2|1950|
2023|43110000|HS00002086|SP00002086|1|1|2|47|410|003|G2|1994|
2023|42110000|HS00002087|SP00002087|1|5|2|69|410|004|G2|1970|
2023|26140000|HS00002088|SP00002088|1|4|2|27|410|001|G2|1970|
2023|11110000|HS00002089|SP00002089|1|2|1|44|410|001|G2|1982|
2023|46110000|HS00002090|SP00002090|1|1|2|71|410|004|G1|1986|
2023|26140000|HS00002091|SP00002091|1|2|2|55|410|003|G3|1940|
2023|44130000|HS00002092|SP00002092|1|1|2|73|410|003|G2|1971|
2023|11200000|HS00002093|SP00002093|1|3|2|67|410|003|G1|1960|
2023|11170000|HS00002094|SP00002094|1|5|2|44|410|003|G3|2001|
2023|44130000|HS00002095|SP00002095|2|1|2|52|410|001|G2|1982|
2023|46110000|HS00002096|SP00002096|1|1|2|92|840|002|G2|1987|
2023|45110000|HS00002097|SP00002097|1|1|2|92|410|001|G2|1979|
2023|43110000|HS00002098|SP00002098|1|1|2|22|410|002|G3|1940|
2023|26110000|HS00002099|SP00002099|1|1|2|72|410|001|G4|1961|
2023|46110000|HS00002100|SP00002100|1|1|1|56|410|004|G2|1936|
2023|42110000|HS00002101|SP00002101|1|1|2|20|410|002|G2|1972|
2023|11170000|HS00002102|SP00002102|1|1|1|67|410|003|G3|1946|
2023|11170000|HS00002103|SP00002103|1|1|2|21|410|001|G4|1991|
2023|45110000|HS00002104|SP00002104|1|3|1|43|410|001|G1|1942|
2023|26110000|HS00002105|SP00002105|1|1|2|71|410|002|G2|1958|
2023|44130000|HS00002106|SP00002106|1|4|2|80|410|004|G3|2001|
2023|11170000|HS00002107|SP00002107|1|1|2|50|410|004|G1|1952|
2023|26110000|HS00002108|SP00002108|1|1|1|80|410|003|G2|1968|
2023|26110000|HS00002109|SP00002109|1|1|2|82|410|003|G2|2003|
2023|26110000|HS00002110|SP00002110|1|3|2|53|410|003|G2|1940|
2023|42110000|HS00002111|SP00002111|1|1|1|32|410|003|G2|1963|
2023|46110000|HS00002112|SP00002112|1|2|1|69|410|003|G1|1958|
2023|46110000|HS00002113|SP00002113|1|1|2|21|410|001|G3|1960|
2023|43110000|HS00002114|SP00002114|1|5|2|86|410|002|G2|1997|
2023|11200000|HS00002115|SP00002115|1|1|2|49|410|004|G3|1979|
2023|47110000|HS00002116|SP00002116|1|1|1|77|410|002|G2|1951|
2023|41130000|HS00002117|SP00002117|1|4|1|75|410|001|G1|1978|
2023|41130000|HS00002118|SP00002118|1|1|2|55|410|003|G4|1937|
2023|42110000|HS00002119|SP00002119|1|1|2|92|156|002|G3|1980|
2023|44130000|HS00002120|SP00002120|1|3|2|79|410|003|G2|1969|
2023|47110000|HS00002121|SP00002121|1|1|1|86|410|003|G2|1970|
2023|41130000|HS00002122|SP00002122|1|1|1|27|410|003|G2|2002|
2023|41150000|HS00002123|SP00002123|1|1|1|56|410|004|G4|1943|
2023|43110000|HS00002124|SP00002124|1|1|2|91|410|003|G2|1993|
2023|26110000|HS00002125|SP00002125|1|4|2|80|410|004|G3|1968|
2023|26140000|HS00002126|SP00002126|1|2|1|54|410|001|G2|1935|
2023|41150000|HS00002127|SP00002127|1|2|1|25|410|004|G2|1929|
2023|11140000|HS00002128|SP00002128|1|1|2|41|410|002|G2|1986|
2023|26140000|HS00002129|SP00002129|1|2|1|62|410|003|G1|1975|
2023|43110000|HS00002130|SP00002130|1|2|1|68|410|001|G3|1961|
2023|47110000|HS00002131|SP00002131|1|1|1|89|410|003|G1|1951|
2023|41110000|HS00002132|SP00002132|1|4|2|26|840|001|G3|1985|
2023|27110000|HS00002133|SP00002133|1|2|2|49|410|003|G1|1962|
2023|28110000|HS00002134|SP00002134|1|3|2|40|410|001|G2|1941|
2023|42110000|HS00002135|SP00002135|1|1|1|92|410|001|G3|1946|
2023|41130000|HS00002136|SP00002136|1|1|2|32|410|001|G2|1942|
2023|11110000|HS00002137|SP00002137|1|3|2|36|410|002|G1|1937|
2023|41130000|HS00002138|SP00002138|1|3|1|42|410|004|G2|1939|
2023|27110000|HS00002139|SP00002139|1|1|2|27|410|004|G1|1965|
2023|42110000|HS00002140|SP00002140|1|1|1|68|410|001|G3|1930|
2023|45110000|HS00002141|SP00002141|1|3|2|59|410|004|G1|1966|
2023|47110000|HS00002142|SP00002142|1|1|2|61|410|003|G2|1950|
2023|41150000|HS00002143|SP00002143|1|1|2|88|410|002|G1|1933|
2023|27110000|HS00002144|SP00002144|1|2|2|52|410|004|G2|2000|
2023|28110000|HS00002145|SP00002145|1|1|2|43|410|001|G3|1933|
2023|11170000|HS00002146|SP00002146|1|1|2|48|410|001|G3|1942|
2023|46110000|HS00002147|SP00002147|1|1|1|80|410|001|G2|1929|
2023|45110000|HS00002148|SP00002148|1|4|1|59|410|001|G2|1946|
2023|45110000|HS00002149|SP00002149|1|1|2|32|410|002|G1|1992|
2023|26140000|HS00002150|SP00002150|1|2|1|71|410|001|G3|1981|
2023|26140000|HS00002151|SP00002151|1|5|2|75|410|001|G1|2003|
2023|45110000|HS00002152|SP00002152|1|2|2|38|410|002|G2|1958|
2023|41130000|HS00002153|SP00002153|1|2|1|61|410|003|G2|1971|
2023|42110000|HS00002154|SP00002154|1|2|2|62|410|004|G4|1968|
2023|41110000|HS00002155|SP00002155|1|1|1|33|410|001|G2|1948|
2023|28110000|HS00002156|SP00002156|1|2|1|20|410|003|G2|1942|
2023|41150000|HS00002157|SP00002157|1|5|2|73|410|001|G3|1998|
2023|44130000|HS00002158|SP00002158|1|3|1|66|410|004|G4|1935|
2023|26140000|HS00002159|SP00002159|1|1|1|73|410|002|G2|1975|
2023|44130000|HS00002160|SP00002160|1|1|1|48|840|004|G3|1947|
2023|26110000|HS00002161|SP00002161|1|4|2|58|410|004|G2|1960|2010
2023|27110000|HS00002162|SP00002162|1|1|1|93|410|002|G2|1970|
2023|46110000|HS00002163|SP00002163|1|3|1|36|410|002|G1|1988|
2023|47110000|HS00002164|SP00002164|1|1|1|68|410|002|G2|1989|
2023|46110000|HS00002165|SP00002165|1|3|2|29|410|002|G2|1949|
2023|26140000|HS00002166|SP00002166|1|3|1|24|410|002|G1|1979|
2023|45110000|HS00002167|SP00002167|1|1|1|91|410|003|G2|1986|
2023|46110000|HS00002168|SP00002168|1|1|2|29|410|002|G2|2003|
2023|47110000|HS00002169|SP00002169|1|3|2|69|410|004|G1|1940|
2023|11110000|HS00002170|SP00002170|1|1|2|58|410|002|G2|1974|
2023|43110000|HS00002171|SP00002171|1|1|1|80|410|002|G2|1977|
2023|47110000|HS00002172|SP00002172|1|2|1|60|410|002|G2|1976|
2023|43110000|HS00002173|SP00002173|1|1|1|72|410|003|G2|1959|
2023|11200000|HS00002174|SP00002174|1|2|1|87|410|001|G2|1967|
2023|43110000|HS00002175|SP00002175|1|1|1|82|410|002|G2|1963|
2023|11140000|HS00002176|SP00002176|1|1|2|74|410|002|G2|1983|
2023|41110000|HS00002177|SP00002177|1|4|1|32|410|003|G2|1981|
2023|41150000|HS00002178|SP00002178|1|1|2|32|410|001|G3|1939|
2023|28110000|HS00002179|SP00002179|1|1|2|57|410|002|G1|1971|
2023|42110000|HS00002180|SP00002180|1|2|1|69|840|003|G2|1931|
2023|26110000|HS00002181|SP00002181|1|4|2|70|410|004|G2|1940|
2023|41150000|HS00002182|SP00002182|1|2|2|79|410|002|G3|1950|
2023|41150000|HS00002183|SP00002183|1|3|1|27|410|004|G1|1962|
2023|41150000|HS00002184|SP00002184|1|1|1|33|410|003|G2|1941|
2023|26110000|HS00002185|SP00002185|1|1|2|31|410|004|G2|1999|2010
2023|26140000|HS00002186|SP00002186|1|4|1|60|410|001|G2|1966|
2023|26110000|HS00002187|SP00002187|1|4|1|67|410|004|G4|1950|
2023|28110000|HS00002188|SP00002188|1|2|1|28|410|002|G1|1995|
2023|41130000|HS00002189|SP00002189|1|1|1|85|410|001|G1|1990|
2023|27110000|HS00002190|SP00002190|1|1|1|42|410|001|G2|1999|
2023|27110000|HS00002191|SP00002191|1|1|2|69|410|003|G2|1967|
2023|26110000|HS00002192|SP00002192|1|4|2|76|410|003|G2|1963|
2023|11200000|HS00002193|SP00002193|1|3|2|22|410|001|G2|1968|
2023|42110000|HS00002194|SP00002194|1|1|2|84|410|004|G1|1999|
2023|44130000|HS00002195|SP00002195|1|1|2|92|410|002|G3|1967|
2023|26110000|HS00002196|SP00002196|1|1|2|91|410|003|G2|1937|
2023|45110000|HS00002197|SP00002197|1|1|1|30|410|003|G2|2001|
2023|41130000|HS00002198|SP00002198|1|3|1|49|410|003|G2|1945|
2023|11170000|HS00002199|SP00002199|1|2|1|37|410|003|G3|1983|
2023|27110000|HS00002200|SP00002200|1|1|2|53|410|004|G3|1998|
2023|11110000|HS00002201|SP00002201|1|2|2|93|410|003|G1|2000|
2023|11110000|HS00002202|SP00002202|1|5|2|77|410|004|G2|2003|
2023|26140000|HS00002203|SP00002203|1|1|1|77|410|004|G1|1972|
2023|28110000|HS00002204|SP00002204|1|1|1|51|410|002|G2|1966|
2023|44130000|HS00002205|SP00002205|1|1|1|90|410|003|G3|1957|
2023|11170000|HS00002206|SP00002206|1|1|1|89|410|001|G3|1997|
2023|45110000|HS00002207|SP00002207|1|2|2|80|410|004|G1|1954|
2023|11200000|HS00002208|SP00002208|1|2|1|81|410|004|G3|1948|
2023|11170000|HS00002209|SP00002209|1|1|2|68|410|004|G2|1999|
2023|42110000|HS00002210|SP00002210|1|1|2|27|410|003|G3|1953|
2023|44130000|HS00002211|SP00002211|1|4|1|41|410|004|G3|1995|
2023|41150000|HS00002212|SP00002212|2|1|2|77|410|004|G2|1971|
2023|11140000|HS00002213|SP00002213|1|2|1|44|410|001|G3|1954|
2023|11140000|HS00002214|SP00002214|1|2|1|32|410|002|G2|1938|
2023|27110000|HS00002215|SP00002215|1|3|2|91|410|003|G2|1964|
2023|28110000|HS00002216|SP00002216|1|3|2|56|410|002|G2|1971|
2023|47110000|HS00002217|SP00002217|1|3|1|84|410|003|G3|1941|
2023|26110000|HS00002218|SP00002218|1|2|2|41|410|003|G1|1987|
2023|11200000|HS00002219|SP00002219|1|1|1|46|410|004|G2|1988|
2023|47110000|HS00002220|SP00002220|1|1|1|45|410|004|G3|1969|
2023|11170000|HS00002221|SP00002221|1|1|1|47|410|001|G2|1994|
2023|11110000|HS00002222|SP00002222|1|1|1|52|410|002|G2|2002|
2023|28110000|HS00002223|SP00002223|1|1|2|42|840|002|G2|1976|2000
2023|27110000|HS00002224|SP00002224|1|1|2|81|410|003|G2|1992|
2023|41150000|HS00002225|SP00002225|1|1|2|44|410|002|G2|1956|
2023|45110000|HS00002226|SP00002226|1|1|2|53|410|004|G2|1962|
2023|46110000|HS00002227|SP00002227|1|1|1|84|410|002|G2|1967|1990
2023|26110000|HS00002228|SP00002228|1|3|2|52|410|002|G3|1966|
2023|47110000|HS00002229|SP00002229|1|2|1|20|410|004|G3|1996|
2023|41150000|HS00002230|SP00002230|1|3|2|20|410|002|G1|1973|
2023|11140000|HS00002231|SP00002231|1|2|2|52|410|001|G3|1998|
2023|46110000|HS00002232|SP00002232|1|4|2|68|410|002|G3|1977|
2023|11170000|HS00002233|SP00002233|1|3|2|90|410|002|G2|1953|
2023|41150000|HS00002234|SP00002234|1|1|1|29|410|003|G2|1930|
2023|44130000|HS00002235|SP00002235|1|5|2|60|156|003|G1|1981|
2023|26110000|HS00002236|SP00002236|1|1|2|41|410|003|G2|1984|
2023|26110000|HS00002237|SP00002237|1|2|1|53|410|002|G2|1953|
2023|41110000|HS00002238|SP00002238|1|3|2|53|410|003|G2|1935|
2023|46110000|HS00002239|SP00002239|1|1|2|43|410|001|G1|1981|
2023|11200000|HS00002240|SP00002240|1|2|1|21|410|001|G2|1941|
2023|42110000|HS00002241|SP00002241|1|1|2|25|410|003|G2|1980|
2023|28110000|HS00002242|SP00002242|1|1|1|59|410|004|G1|1956|
2023|11140000|HS00002243|SP00002243|1|1|2|36|410|003|G2|1988|
2023|43110000|HS00002244|SP00002244|1|1|1|44|410|001|G3|1984|
2023|45110000|HS00002245|SP00002245|1|1|1|26|410|004|G2|1930|
2023|41130000|HS00002246|SP00002246|1|2|2|23|410|002|G1|1974|
2023|11170000|HS00002247|SP00002247|1|2|2|29|410|003|G1|2002|
2023|11170000|HS00002248|SP00002248|1|1|2|48|410|004|G2|1946|
2023|28110000|HS00002249|SP00002249|1|2|1|32|410|004|G3|1994|
2023|41110000|HS00002250|SP00002250|1|1|2|37|410|001|G2|1995|
2023|41130000|HS00002251|SP00002251|1|1|1|42|410|001|G3|1941|
2023|26110000|HS00002252|SP00002252|1|3|2|41|410|003|G4|1977|
2023|41110000|HS00002253|SP00002253|1|4|1|20|410|004|G2|1993|
2023|26140000|HS00002254|SP00002254|1|1|2|28|410|004|G2|1930|
2023|42110000|HS00002255|SP00002255|1|1|2|91|410|003|G2|1982|
2023|44130000|HS00002256|SP00002256|1|3|1|70|410|001|G2|1956|
2023|42110000|HS00002257|SP00002257|1|4|1|29|410|003|G2|1984|
2023|11110000|HS00002258|SP00002258|1|1|2|41|410|003|G2|1960|
2023|47110000|HS00002259|SP00002259|1|1|2|48|410|002|G2|1951|
2023|11110000|HS00002260|SP00002260|2|1|1|87|410|003|G2|1947|
2023|47110000|HS00002261|SP00002261|1|2|2|85|410|001|G2|1973|
2023|11110000|HS00002262|SP00002262|1|4|1|77|410|004|G1|1957|
2023|41110000|HS00002263|SP00002263|1|2|2|27|410|001|G2|1940|
2023|11140000|HS00002264|SP00002264|1|1|1|56|410|004|G2|1940|
2023|11140000|HS00002265|SP00002265|1|2|1|56|410|004|G2|1947|
2023|42110000|HS00002266|SP00002266|1|3|2|67|410|003|G1|1974|
2023|43110000|HS00002267|SP00002267|1|1|2|83|410|004|G2|1964|
2023|11170000|HS00002268|SP00002268|1|3|1|44|410|004|G3|1931|2010
2023|47110000|HS00002269|SP00002269|1|1|1|61|410|001|G2|1985|
2023|26140000|HS00002270|SP00002270|1|1|1|39|410|003|G1|1952|2020
2023|26140000|HS00002271|SP00002271|1|2|1|35|410|003|G2|1944|
2023|26140000|HS00002272|SP00002272|1|1|2|43|410|004|G2|1967|
2023|28110000|HS00002273|SP00002273|1|5|1|75|410|003|G2|1939|
2023|11200000|HS00002274|SP00002274|1|2|2|52|410|003|G1|1971|
2023|28110000|HS00002275|SP00002275|1|1|1|71|410|003|G2|1941|
2023|11200000|HS00002276|SP00002276|1|1|1|71|410|001|G3|1955|
2023|11110000|HS00002277|SP00002277|1|2|2|47|410|002|G2|2000|
2023|27110000|HS00002278|SP00002278|1|1|1|91|410|002|G2|1942|
2023|42110000|HS00002279|SP00002279|1|3|1|23|410|004|G1|1951|
2023|43110000|HS00002280|SP00002280|1|1|1|87|410|004|G1|1987|
2023|27110000|HS00002281|SP00002281|1|1|1|20|410|003|G3|1951|
2023|26140000|HS00002282|SP00002282|1|2|2|48|410|001|G4|1965|
2023|44130000|HS00002283|SP00002283|1|1|2|81|410|003|G1|1933|
2023|42110000|HS00002284|SP00002284|1|2|1|71|410|002|G3|1981|
2023|45110000|HS00002285|SP00002285|1|2|1|44|410|003|G1|1984|
2023|46110000|HS00002286|SP00002286|1|1|1|86|410|002|G2|1999|
2023|44130000|HS00002287|SP00002287|1|3|1|30|410|003|G2|1945|
2023|46110000|HS00002288|SP00002288|1|3|1|70|410|001|G2|1930|
2023|28110000|HS00002289|SP00002289|1|3|1|58|410|001|G2|1952|
2023|27110000|HS00002290|SP00002290|1|1|2|35|410|001|G2|1976|
2023|26140000|HS00002291|SP00002291|1|1|1|89|410|004|G1|1938|
2023|11200000|HS00002292|SP00002292|1|3|2|77|410|001|G4|1984|
2023|43110000|HS00002293|SP00002293|1|2|2|20|410|002|G2|1952|2020
2023|43110000|HS00002294|SP00002294|1|2|1|26|410|002|G1|1959|
2023|44130000|HS00002295|SP00002295|1|2|1|24|410|004|G3|1940|
2023|11170000|HS00002296|SP00002296|1|3|1|51|410|002|G2|1931|
2023|41110000|HS00002297|SP00002297|1|1|1|51|410|004|G2|1977|
2023|11200000|HS00002298|SP00002298|1|2|1|74|410|004|G2|1996|
2023|46110000|HS00002299|SP00002299|1|1|2|70|410|003|G1|1992|
2023|26110000|HS00002300|SP00002300|1|1|1|21|410|002|G2|1948|
2023|11170000|HS00002301|SP00002301|1|2|1|55|410|003|G2|1976|
2023|41130000|HS00002302|SP00002302|1|1|2|78|410|003|G2|1993|
2023|45110000|HS00002303|SP00002303|1|1|2|87|410|001|G2|1942|
2023|46110000|HS00002304|SP00002304|1|4|2|41|410|004|G3|1955|
2023|11140000|HS00002305|SP00002305|1|3|2|23|410|002|G3|1994|
2023|26140000|HS00002306|SP00002306|1|2|1|31|410|004|G2|1950|
2023|11170000|HS00002307|SP00002307|1|5|1|45|410|003|G4|1956|
2023|26140000|HS00002308|SP00002308|1|1|1|53|410|004|G3|1930|
2023|41130000|HS00002309|SP00002309|1|3|1|46|410|001|G3|1929|
2023|26110000|HS00002310|SP00002310|1|1|1|26|410|001|G2|1930|
2023|11140000|HS00002311|SP00002311|1|1|1|45|410|001|G1|1936|
2023|41110000|HS00002312|SP00002312|1|1|1|41|410|004|G1|1944|
2023|11110000|HS00002313|SP00002313|1|1|1|56|410|004|G3|1953|
2023|11200000|HS00002314|SP00002314|1|2|2|25|410|004|G2|1963|
2023|11110000|HS00002315|SP00002315|1|1|1|79|410|002|G3|1944|
2023|11140000|HS00002316|SP00002316|1|2|1|51|840|002|G2|1931|
2023|28110000|HS00002317|SP00002317|1|1|2|43|410|002|G2|1995|
2023|45110000|HS00002318|SP00002318|1|1|2|87|410|004|G2|1993|
2023|44130000|HS00002319|SP00002319|1|5|1|75|410|002|G4|1966|2020
2023|11140000|HS00002320|SP00002320|1|2|1|30|410|003|G1|1981|
2023|11110000|HS00002321|SP00002321|1|4|1|30|410|003|G2|1964|
2023|26140000|HS00002322|SP00002322|1|1|1|20|410|002|G4|1980|
2023|42110000|HS00002323|SP00002323|1|1|1|62|410|002|G1|1945|
2023|43110000|HS00002324|SP00002324|1|2|2|46|410|003|G2|1936|
2023|44130000|HS00002325|SP00002325|1|2|2|48|410|004|G2|1982|
2023|26140000|HS00002326|SP00002326|1|1|1|58|410|001|G3|1946|
2023|11170000|HS00002327|SP00002327|1|4|2|60|410|003|G2|1996|
2023|11110000|HS00002328|SP00002328|1|2|2|20|410|001|G1|1944|
2023|11170000|HS00002329|SP00002329|1|3|1|28|410|001|G1|1951|
2023|11140000|HS00002330|SP00002330|1|1|1|79|410|003|G2|1950|
2023|45110000|HS00002331|SP00002331|1|2|2|91|410|002|G2|1967|
2023|26110000|HS00002332|SP00002332|1|1|1|82|410|002|G2|1995|
2023|44130000|HS00002333|SP00002333|1|5|1|87|410|001|G3|1940|
2023|41130000|HS00002334|SP00002334|1|1|1|54|410|004|G1|1995|
2023|41130000|HS00002335|SP00002335|1|1|2|81|410|004|G3|1967|
2023|28110000|HS00002336|SP00002336|1|1|1|86|410|004|G3|1990|
2023|44130000|HS00002337|SP00002337|1|2|2|86|410|001|G2|1940|
2023|11110000|HS00002338|SP00002338|1|5|1|31|410|001|G2|1960|
2023|11140000|HS00002339|SP00002339|1|4|2|31|156|001|G1|1965|2010
2023|28110000|HS00002340|SP00002340|1|3|1|50|410|001|G2|1980|
2023|27110000|HS00002341|SP00002341|1|5|1|57|410|002|G2|1945|2010
2023|41130000|HS00002342|SP00002342|1|3|1|91|410|003|G2|1988|
2023|43110000|HS00002343|SP00002343|1|1|1|43|410|001|G2|1949|
2023|41130000|HS00002344|SP00002344|1|2|2|82|410|002|G1|1931|
2023|26110000|HS00002345|SP00002345|1|1|2|86|410|003|G2|1984|
2023|26140000|HS00002346|SP00002346|1|1|1|92|410|002|G2|1952|
2023|43110000|HS00002347|SP00002347|1|1|1|34|410|002|G2|1980|
2023|11200000|HS00002348|SP00002348|1|1|1|38|410|003|G1|1934|
2023|41110000|HS00002349|SP00002349|1|5|1|36|410|004|G1|1936|
2023|41130000|HS00002350|SP00002350|1|5|1|75|410|002|G2|1980|
2023|43110000|HS00002351|SP00002351|1|1|2|71|840|001|G2|1986|
2023|43110000|HS00002352|SP00002352|1|3|1|50|410|004|G2|1997|
2023|28110000|HS00002353|SP00002353|1|1|2|26|410|003|G1|1951|
2023|26140000|HS00002354|SP00002354|1|1|1|59|410|002|G2|1935|
2023|27110000|HS00002355|SP00002355|1|1|2|74|410|003|G4|1993|
2023|27110000|HS00002356|SP00002356|1|1|2|55|410|004|G2|1942|
2023|11200000|HS00002357|SP00002357|1|1|2|40|410|001|G2|1947|
2023|41150000|HS00002358|SP00002358|1|1|2|64|410|004|G2|1968|
2023|11200000|HS00002359|SP00002359|1|1|2|69|410|003|G3|1987|1990
2023|42110000|HS00002360|SP00002360|1|1|1|64|410|003|G3|1955|
2023|43110000|HS00002361|SP00002361|1|4|1|85|410|004|G1|1959|
2023|47110000|HS00002362|SP00002362|1|1|1|43|410|002|G2|1943|
2023|11170000|HS00002363|SP00002363|1|1|2|65|410|004|G1|1961|
2023|43110000|HS00002364|SP00002364|1|2|2|84|410|003|G3|2000|
2023|11140000|HS00002365|SP00002365|1|1|2|35|410|004|G1|1988|
2023|26140000|HS00002366|SP00002366|1|2|1|41|410|002|G3|1975|
2023|11170000|HS00002367|SP00002367|1|1|2|23|410|003|G1|1967|
2023|11170000|HS00002368|SP00002368|1|2|1|48|410|002|G2|1977|
2023|11170000|HS00002369|SP00002369|1|2|1|23|410|002|G2|1938|
2023|11110000|HS00002370|SP00002370|1|2|2|75|410|002|G2|1982|
2023|44130000|HS00002371|SP00002371|1|2|1|26|410|004|G2|1952|
2023|11140000|HS00002372|SP00002372|1|1|1|71|410|004|G2|1976|
2023|27110000|HS00002373|SP00002373|1|1|2|63|410|001|G2|1929|
2023|42110000|HS00002374|SP00002374|2|1|2|94|410|004|G2|1935|
2023|47110000|HS00002375|SP00002375|1|2|1|46|410|003|G2|1945|
2023|45110000|HS00002376|SP00002376|1|1|1|45|410|001|G3|1946|
2023|11170000|HS00002377|SP00002377|1|1|1|38|410|004|G3|1955|
2023|47110000|HS00002378|SP00002378|1|2|1|60|410|001|G2|1959|
2023|42110000|HS00002379|SP00002379|1|1|2|36|410|004|G2|1961|
2023|11200000|HS00002380|SP00002380|1|1|2|28|410|002|G3|2001|
2023|28110000|HS00002381|SP00002381|1|2|2|91|410|004|G2|1933|
2023|46110000|HS00002382|SP00002382|1|1|2|70|410|002|G3|1930|
2023|27110000|HS00002383|SP00002383|1|3|1|28|410|001|G3|1964|
2023|11200000|HS00002384|SP00002384|1|4|1|66|410|004|G1|1938|
2023|45110000|HS00002385|SP00002385|1|5|1|42|410|003|G1|1973|
2023|47110000|HS00002386|SP00002386|2|1|2|33|410|002|G2|1995|
2023|47110000|HS00002387|SP00002387|1|1|1|55|410|001|G2|1941|
2023|47110000|HS00002388|SP00002388|1|2|1|79|410|004|G2|1965|
2023|45110000|HS00002389|SP00002389|1|2|2|20|410|004|G4|1933|
2023|28110000|HS00002390|SP00002390|1|2|2|46|410|002|G2|1988|
2023|11200000|HS00002391|SP00002391|1|1|1|89|410|003|G2|1968|
2023|41150000|HS00002392|SP00002392|1|1|1|49|410|001|G2|1953|
2023|11200000|HS00002393|SP00002393|1|1|1|27|410|001|G1|1993|
2023|41110000|HS00002394|SP00002394|1|1|1|52|410|003|G2|1929|2010
2023|42110000|HS00002395|SP00002395|1|1|1|71|410|004|G3|1958|
2023|47110000|HS00002396|SP00002396|1|4|2|94|410|004|G1|1991|
2023|26110000|HS00002397|SP00002397|1|1|1|67|410|002|G3|1948|
2023|26110000|HS00002398|SP00002398|1|2|1|23|410|001|G3|1938|
2023|43110000|HS00002399|SP00002399|1|4|1|80|410|003|G1|1975|
2023|11110000|HS00002400|SP00002400|1|1|1|78|410|003|G3|1958|
2023|41130000|HS00002401|SP00002401|1|2|1|68|410|004|G3|1947|
2023|43110000|HS00002402|SP00002402|1|2|1|87|410|001|G2|1993|
2023|41130000|HS00002403|SP00002403|1|1|2|77|840|003|G2|1964|
2023|27110000|HS00002404|SP00002404|1|1|1|37|410|003|G2|1962|
2023|45110000|HS00002405|SP00002405|1|3|1|51|410|003|G2|1981|
2023|27110000|HS00002406|SP00002406|1|3|2|58|410|001|G2|1981|
2023|43110000|HS00002407|SP00002407|1|3|1|56|410|001|G2|1956|
2023|28110000|HS00002408|SP00002408|1|5|1|67|410|003|G3|1947|
2023|11110000|HS00002409|SP00002409|1|1|1|72|410|001|G2|1974|
2023|41130000|HS00002410|SP00002410|1|3|1|27|410|003|G2|1993|
2023|11110000|HS00002411|SP00002411|1|2|1|62|410|001|G4|1944|
2023|46110000|HS00002412|SP00002412|1|2|2|22|410|004|G1|1990|
2023|41150000|HS00002413|SP00002413|1|3|1|58|410|002|G2|2003|
2023|27110000|HS00002414|SP00002414|1|3|2|51|410|002|G2|1979|
2023|41110000|HS00002415|SP00002415|1|4|1|35|410|002|G2|1942|
2023|41150000|HS00002416|SP00002416|1|1|2|94|410|002|G1|1947|
2023|26110000|HS00002417|SP00002417|1|2|1|39|410|003|G3|1981|
2023|26110000|HS00002418|SP00002418|1|1|1|24|410|003|G1|1965|
2023|28110000|HS00002419|SP00002419|1|2|1|46|410|003|G2|1932|2000
2023|26110000|HS00002420|SP00002420|1|3|2|76|410|004|G2|1950|
2023|43110000|HS00002421|SP00002421|1|3|2|20|410|001|G2|1947|
2023|11140000|HS00002422|SP00002422|1|1|1|56|410|004|G2|1997|
2023|45110000|HS00002423|SP00002423|1|2|1|51|410|003|G1|1985|
2023|26140000|HS00002424|SP00002424|1|1|1|84|410|002|G3|1996|
2023|41130000|HS00002425|SP00002425|1|1|2|20|410|004|G3|1930|
2023|11170000|HS00002426|SP00002426|1|1|1|21|410|003|G2|1978|
2023|27110000|HS00002427|SP00002427|1|4|2|62|410|001|G1|1966|
2023|43110000|HS00002428|SP00002428|1|1|1|33|410|001|G2|1962|
2023|26110000|HS00002429|SP00002429|1|5|1|72|410|003|G2|1964|
2023|11170000|HS00002430|SP00002430|1|1|2|40|410|003|G1|2000|
2023|41110000|HS00002431|SP00002431|1|3|1|62|410|001|G1|1935|
2023|11170000|HS00002432|SP00002432|1|2|1|22|410|003|G1|1975|
2023|26140000|HS00002433|SP00002433|1|2|1|72|410|003|G2|1935|
2023|28110000|HS00002434|SP00002434|1|2|2|58|156|004|G2|1946|
2023|41130000|HS00002435|SP00002435|1|3|1|20|410|003|G3|1951|
2023|41150000|HS00002436|SP00002436|1|4|1|39|410|004|G2|1951|
2023|42110000|HS00002437|SP00002437|1|2|2|24|410|001|G2|1930|
2023|45110000|HS00002438|SP00002438|1|1|2|23|410|004|G1|1981|
2023|11140000|HS00002439|SP00002439|1|1|1|72|410|002|G3|1979|
2023|27110000|HS00002440|SP00002440|1|3|1|52|410|003|G1|1953|
2023|11110000|HS00002441|SP00002441|1|1|2|80|410|004|G2|1986|
2023|11110000|HS00002442|SP00002442|1|2|1|39|410|004|G2|1943|
2023|11200000|HS00002443|SP00002443|1|2|1|73|410|001|G2|2001|
2023|41150000|HS00002444|SP00002444|1|1|2|66|410|001|G3|1936|
2023|46110000|HS00002445|SP00002445|1|3|2|69|410|003|G2|1978|
2023|44130000|HS00002446|SP00002446|1|3|1|82|410|004|G2|2003|2010
2023|41150000|HS00002447|SP00002447|1|3|2|73|410|003|G2|1958|
2023|44130000|HS00002448|SP00002448|1|3|2|75|410|001|G2|1983|
2023|11170000|HS00002449|SP00002449|1|4|2|75|410|001|G2|1981|
2023|45110000|HS00002450|SP00002450|1|2|1|53|410|003|G2|1967|
2023|46110000|HS00002451|SP00002451|1|5|2|74|410|003|G1|1960|
2023|11140000|HS00002452|SP00002452|1|1|2|83|410|004|G3|1993|
2023|28110000|HS00002453|SP00002453|1|2|2|75|410|003|G1|2000|
2023|45110000|HS00002454|SP00002454|1|3|2|65|410|002|G2|1969|
2023|41110000|HS00002455|SP00002455|1|1|1|25|410|001|G3|1977|
2023|45110000|HS00002456|SP00002456|2|1|1|52|410|004|G2|1960|
2023|46110000|HS00002457|SP00002457|1|2|1|24|410|004|G2|1947|
2023|41110000|HS00002458|SP00002458|1|1|2|27|840|001|G2|1957|
2023|11140000|HS00002459|SP00002459|1|4|1|47|410|002|G1|1996|
2023|26140000|HS00002460|SP00002460|1|1|1|54|410|002|G3|1929|
2023|11200000|HS00002461|SP00002461|1|1|1|59|410|003|G2|1950|
2023|41110000|HS00002462|SP00002462|1|2|1|87|410|004|G4|2000|
2023|41130000|HS00002463|SP00002463|1|1|2|77|410|001|G2|1946|
2023|28110000|HS00002464|SP00002464|1|1|2|51|410|004|G2|1937|
2023|11200000|HS00002465|SP00002465|1|2|1|45|410|001|G2|1961|
2023|26140000|HS00002466|SP00002466|1|2|2|73|410|004|G1|1941|
2023|42110000|HS00002467|SP00002467|1|1|1|40|410|003|G2|1937|
2023|11110000|HS00002468|SP00002468|1|2|2|86|410|001|G3|1931|
2023|11200000|HS00002469|SP00002469|1|2|2|78|410|003|G2|1932|
2023|46110000|HS00002470|SP00002470|1|3|1|71|410|002|G4|1989|
2023|11140000|HS00002471|SP00002471|1|1|1|38|410|002|G2|2001|
2023|28110000|HS00002472|SP00002472|1|1|2|66|410|001|G2|1955|
2023|11200000|HS00002473|SP00002473|1|5|2|81|410|003|G2|1953|
2023|11140000|HS00002474|SP00002474|1|2|2|25|410|004|G2|1961|
2023|28110000|HS00002475|SP00002475|1|1|1|33|410|003|G2|1986|
2023|41110000|HS00002476|SP00002476|1|3|1|58|410|004|G2|1932|
2023|11170000|HS00002477|SP00002477|1|1|2|46|410|002|G2|1973|
2023|11140000|HS00002478|SP00002478|1|3|2|73|410|003|G2|1948|
2023|11170000|HS00002479|SP00002479|1|3|2|50|410|004|G2|1957|
2023|42110000|HS00002480|SP00002480|1|5|1|94|410|002|G2|1936|
2023|45110000|HS00002481|SP00002481|1|5|1|42|410|003|G1|1950|
2023|11200000|HS00002482|SP00002482|1|1|2|47|410|001|G1|1956|2010
2023|26140000|HS00002483|SP00002483|1|3|2|20|410|003|G2|1940|
2023|26140000|HS00002484|SP00002484|1|1|2|38|410|004|G3|1999|
2023|27110000|HS00002485|SP00002485|1|2|1|37|410|004|G1|1951|
2023|26110000|HS00002486|SP00002486|1|2|2|77|410|002|G2|1960|
2023|11110000|HS00002487|SP00002487|1|1|2|45|410|003|G2|1945|
2023|41110000|HS00002488|SP00002488|2|1|2|35|410|003|G2|1987|
2023|27110000|HS00002489|SP00002489|2|1|2|43|410|004|G2|1959|
2023|26140000|HS00002490|SP00002490|1|1|2|62|410|004|G2|1982|
2023|26110000|HS00002491|SP00002491|1|1|1|78|410|004|G2|1995|
2023|46110000|HS00002492|SP00002492|1|4|2|93|410|004|G3|1960|
2023|41150000|HS00002493|SP00002493|1|2|2|23|410|002|G1|2002|
2023|28110000|HS00002494|SP00002494|1|3|2|83|410|002|G2|1997|2000
2023|11200000|HS00002495|SP00002495|1|3|2|49|410|002|G2|1964|
2023|44130000|HS00002496|SP00002496|1|3|1|80|410|002|G3|1936|
2023|46110000|HS00002497|SP00002497|1|1|2|22|410|004|G3|1950|
2023|11110000|HS00002498|SP00002498|1|4|2|66|410|004|G1|2002|
2023|46110000|HS00002499|SP00002499|1|3|2|89|410|004|G2|1995|
2023|42110000|HS00002500|SP00002500|1|3|2|22|410|003|G2|1971|
2023|11140000|HS00002501|SP00002501|1|4|2|79|410|001|G4|1971|
2023|43110000|HS00002502|SP00002502|1|2|1|28|410|001|G1|2001|
2023|11140000|HS00002503|SP00002503|1|2|1|93|410|002|G2|1984|
2023|11110000|HS00002504|SP00002504|1|4|2|75|410|003|G2|1994|
2023|11140000|HS00002505|SP00002505|1|1|2|88|410|002|G2|1961|
2023|28110000|HS00002506|SP00002506|1|3|1|87|410|003|G2|1954|
2023|41150000|HS00002507|SP00002507|1|1|2|43|410|004|G2|1974|
2023|27110000|HS00002508|SP00002508|1|1|1|51|410|002|G3|1961|
2023|11170000|HS00002509|SP00002509|1|2|1|71|410|004|G1|1988|
2023|11200000|HS00002510|SP00002510|1|1|2|33|410|003|G3|1940|
2023|45110000|HS00002511|SP00002511|1|5|1|42|410|004|G2|2003|
2023|47110000|HS00002512|SP00002512|1|1|1|27|156|001|G2|1966|
2023|43110000|HS00002513|SP00002513|1|3|1|86|410|002|G2|1979|
2023|11140000|HS00002514|SP00002514|1|1|1|38|410|004|G2|1970|
2023|44130000|HS00002515|SP00002515|1|5|1|50|410|004|G2|1965|
2023|42110000|HS00002516|SP00002516|1|1|1|53|410|003|G2|1955|
2023|41110000|HS00002517|SP00002517|1|1|1|48|410|001|G1|1934|
2023|11170000|HS00002518|SP00002518|1|1|1|78|410|001|G2|1961|
2023|47110000|HS00002519|SP00002519|1|2|1|88|410|002|G3|1986|
2023|28110000|HS00002520|SP00002520|1|5|2|62|410|004|G2|1964|
2023|11110000|HS00002521|SP00002521|1|5|2|82|410|002|G2|1965|
2023|11200000|HS00002522|SP00002522|1|1|1|28|410|004|G2|1939|
2023|27110000|HS00002523|SP00002523|1|1|1|92|410|003|G2|1961|1990
2023|11140000|HS00002524|SP00002524|1|1|2|28|410|001|G3|1938|
2023|26140000|HS00002525|SP00002525|1|2|1|24|410|003|G2|1955|
2023|28110000|HS00002526|SP00002526|1|2|1|21|410|002|G3|1961|
2023|47110000|HS00002527|SP00002527|1|1|2|38|410|001|G3|1979|
2023|11140000|HS00002528|SP00002528|1|2|2|82|410|003|G2|1984|
2023|41130000|HS00002529|SP00002529|1|4|1|42|410|001|G2|1996|
2023|46110000|HS00002530|SP00002530|1|1|2|79|410|004|G2|1962|
2023|44130000|HS00002531|SP00002531|1|1|1|51|410|004|G3|1934|
2023|46110000|HS00002532|SP00002532|1|1|1|27|410|004|G1|2003|
2023|11170000|HS00002533|SP00002533|1|1|2|55|410|001|G2|1932|
2023|44130000|HS00002534|SP00002534|1|1|2|37|410|004|G1|1939|
2023|47110000|HS00002535|SP00002535|1|2|2|41|410|002|G3|1971|
2023|26140000|HS00002536|SP00002536|1|1|1|58|410|003|G2|1980|
2023|41110000|HS00002537|SP00002537|1|3|2|79|410|001|G1|1960|
2023|41130000|HS00002538|SP00002538|1|4|2|64|410|004|G2|1939|
2023|41110000|HS00002539|SP00002539|1|4|1|36|156|002|G3|2001|
2023|26110000|HS00002540|SP00002540|1|2|2|73|840|003|G3|1970|
2023|47110000|HS00002541|SP00002541|1|1|1|72|410|002|G1|2000|
2023|47110000|HS00002542|SP00002542|1|1|1|37|410|004|G2|1955|
2023|27110000|HS00002543|SP00002543|1|1|2|83|410|003|G2|1998|
2023|44130000|HS00002544|SP00002544|1|5|2|83|840|002|G2|1980|
2023|27110000|HS00002545|SP00002545|1|5|2|65|410|002|G1|1948|
2023|44130000|HS00002546|SP00002546|1|1|1|42|410|001|G1|1947|
2023|41130000|HS00002547|SP00002547|1|1|2|46|410|002|G3|1986|
2023|28110000|HS00002548|SP00002548|1|2|1|52|840|004|G2|1965|
2023|11170000|HS00002549|SP00002549|1|1|2|34|410|004|G1|1990|
2023|42110000|HS00002550|SP00002550|1|5|1|42|410|004|G2|1959|
2023|26140000|HS00002551|SP00002551|1|1|1|30|410|001|G1|2003|
2023|11200000|HS00002552|SP00002552|1|1|2|31|410|002|G2|1942|
2023|11200000|HS00002553|SP00002553|1|1|1|75|410|004|G2|2002|
2023|47110000|HS00002554|SP00002554|1|1|1|29|410|002|G1|1958|
2023|11140000|HS00002555|SP00002555|1|1|2|55|410|001|G1|1973|
2023|44130000|HS00002556|SP00002556|1|4|1|52|410|002|G3|1987|1990
2023|45110000|HS00002557|SP00002557|1|1|2|23|410|004|G3|1963|
2023|11110000|HS00002558|SP00002558|1|2|1|82|410|004|G1|1993|
2023|41150000|HS00002559|SP00002559|1|1|1|93|410|001|G2|1960|
2023|41130000|HS00002560|SP00002560|1|1|1|67|410|004|G1|1955|
2023|27110000|HS00002561|SP00002561|1|1|2|70|410|003|G3|1969|
2023|42110000|HS00002562|SP00002562|1|1|1|37|410|004|G3|1976|
2023|27110000|HS00002563|SP00002563|1|1|1|83|840|003|G2|1969|
2023|28110000|HS00002564|SP00002564|1|1|2|78|410|003|G2|1932|
2023|28110000|HS00002565|SP00002565|1|3|2|52|410|003|G2|1947|
2023|44130000|HS00002566|SP00002566|1|3|1|72|410|003|G2|2003|
2023|41150000|HS00002567|SP00002567|1|4|1|91|410|004|G2|1982|
2023|27110000|HS00002568|SP00002568|1|1|1|65|410|003|G1|2002|
2023|46110000|HS00002569|SP00002569|1|3|2|34|410|001|G2|1986|
2023|44130000|HS00002570|SP00002570|1|2|1|44|410|001|G2|1945|
2023|46110000|HS00002571|SP00002571|1|1|1|33|410|002|G1|1939|
2023|43110000|HS00002572|SP00002572|1|1|1|44|410|002|G2|1969|
2023|27110000|HS00002573|SP00002573|1|2|2|86|410|004|G3|1952|
2023|44130000|HS00002574|SP00002574|1|3|1|34|410|001|G2|1976|
2023|26140000|HS00002575|SP00002575|1|1|2|86|410|004|G2|1968|
2023|26110000|HS00002576|SP00002576|1|1|1|41|410|001|G3|1941|
2023|28110000|HS00002577|SP00002577|1|5|1|57|410|002|G1|1983|
2023|47110000|HS00002578|SP00002578|1|1|2|59|410|002|G2|1980|2020
2023|41130000|HS00002579|SP00002579|1|5|2|29|156|003|G2|1993|
2023|27110000|HS00002580|SP00002580|1|3|2|33|410|001|G1|1987|
2023|28110000|HS00002581|SP00002581|1|3|2|42|410|004|G4|2001|
2023|26110000|HS00002582|SP00002582|1|3|1|24|410|001|G2|1942|
2023|42110000|HS00002583|SP00002583|1|1|2|76|410|004|G2|1940|
2023|26140000|HS00002584|SP00002584|1|2|1|60|410|003|G1|1972|
2023|41130000|HS00002585|SP00002585|1|3|1|83|410|004|G4|1959|
2023|27110000|HS00002586|SP00002586|1|3|2|84|410|004|G3|1985|
2023|26140000|HS00002587|SP00002587|1|1|2|46|410|004|G1|2000|
2023|47110000|HS00002588|SP00002588|1|1|2|81|410|002|G2|1965|
2023|26140000|HS00002589|SP00002589|1|1|2|24|410|002|G1|1992|
2023|11140000|HS00002590|SP00002590|1|1|1|52|410|003|G2|1940|
2023|27110000|HS00002591|SP00002591|1|2|2|69|410|003|G2|1983|
2023|41130000|HS00002592|SP00002592|1|3|1|54|410|004|G1|1948|
2023|11140000|HS00002593|SP00002593|1|3|1|75|410|002|G2|1984|
2023|26140000|HS00002594|SP00002594|1|2|2|84|410|002|G3|1994|
2023|11170000|HS00002595|SP00002595|1|1|2|51|410|001|G2|1962|
2023|41110000|HS00002596|SP00002596|1|1|1|40|410|001|G1|1990|
2023|43110000|HS00002597|SP00002597|1|1|1|63|410|004|G3|1974|2010
2023|47110000|HS00002598|SP00002598|1|1|1|85|410|004|G1|1982|
2023|27110000|HS00002599|SP00002599|1|1|1|94|410|003|G2|1937|
2023|45110000|HS00002600|SP00002600|1|1|1|81|410|002|G2|1966|
2023|11200000|HS00002601|SP00002601|1|1|1|38|410|001|G2|1950|
2023|44130000|HS00002602|SP00002602|1|2|2|35|410|001|G1|1959|
2023|41130000|HS00002603|SP00002603|1|1|1|62|410|003|G1|1935|
2023|43110000|HS00002604|SP00002604|1|1|2|50|410|003|G1|1971|
2023|43110000|HS00002605|SP00002605|1|1|1|65|410|002|G2|1939|
2023|41130000|HS00002606|SP00002606|1|2|2|89|410|001|G3|1936|
2023|26110000|HS00002607|SP00002607|1|2|1|61|410|001|G1|1934|
2023|41110000|HS00002608|SP00002608|1|1|1|46|410|003|G2|1951|
2023|45110000|HS00002609|SP00002609|1|1|2|85|410|003|G2|1930|
2023|47110000|HS00002610|SP00002610|1|5|1|52|410|002|G1|1948|
2023|46110000|HS00002611|SP00002611|1|2|2|65|410|003|G2|1980|
2023|11200000|HS00002612|SP00002612|1|2|2|30|410|004|G2|1992|
2023|41150000|HS00002613|SP00002613|1|2|1|58|410|003|G2|1988|
2023|11140000|HS00002614|SP00002614|1|3|1|51|410|002|G2|1960|
2023|42110000|HS00002615|SP00002615|1|4|2|29|410|001|G2|1991|
2023|47110000|HS00002616|SP00002616|1|1|1|35|410|004|G3|1986|
2023|11110000|HS00002617|SP00002617|1|2|2|72|410|003|G2|1956|
2023|42110000|HS00002618|SP00002618|1|1|2|33|410|002|G3|1979|
2023|47110000|HS00002619|SP00002619|1|2|2|29|410|001|G2|1952|
2023|45110000|HS00002620|SP00002620|1|1|2|24|410|004|G1|1929|
2023|27110000|HS00002621|SP00002621|1|1|2|21|410|004|G1|1997|
2023|11140000|HS00002622|SP00002622|1|5|1|52|410|002|G3|1955|
2023|46110000|HS00002623|SP00002623|1|4|2|56|410|002|G2|1942|
2023|46110000|HS00002624|SP00002624|2|1|1|66|410|003|G4|1993|
2023|41130000|HS00002625|SP00002625|1|5|2|62|410|004|G2|1945|
2023|47110000|HS00002626|SP00002626|1|1|1|60|410|003|G2|1965|
2023|11110000|HS00002627|SP00002627|1|1|2|94|410|001|G3|1956|
2023|41150000|HS00002628|SP00002628|1|4|2|38|410|001|G4|2000|
2023|11110000|HS00002629|SP00002629|1|1|2|73|410|001|G3|1971|
2023|46110000|HS00002630|SP00002630|1|1|1|25|410|002|G2|1976|
2023|42110000|HS00002631|SP00002631|1|2|1|83|410|002|G3|1992|
2023|46110000|HS00002632|SP00002632|1|1|2|47|410|003|G1|1946|
2023|41130000|HS00002633|SP00002633|1|1|2|45|410|004|G3|1966|
2023|11140000|HS00002634|SP00002634|1|1|2|30|410|001|G4|1938|
2023|11110000|HS00002635|SP00002635|1|2|2|58|410|004|G2|1992|
2023|26140000|HS00002636|SP00002636|1|1|1|49|410|002|G1|1949|2010
2023|43110000|HS00002637|SP00002637|1|1|2|93|410|003|G1|1958|
2023|11170000|HS00002638|SP00002638|1|3|2|33|410|001|G4|1955|
2023|45110000|HS00002639|SP00002639|1|1|2|51|410|002|G3|1980|
2023|26110000|HS00002640|SP00002640|1|1|1|87|410|004|G2|1952|
2023|41110000|HS00002641|SP00002641|1|3|1|80|410|001|G3|1985|
2023|11200000|HS00002642|SP00002642|1|3|1|77|410|002|G2|1946|
2023|28110000|HS00002643|SP00002643|1|1|1|59|410|003|G3|1970|
2023|28110000|HS00002644|SP00002644|1|4|2|85|410|003|G1|1968|
2023|11110000|HS00002645|SP00002645|1|3|2|36|410|002|G1|1960|
2023|41130000|HS00002646|SP00002646|1|1|2|80|840|002|G2|1997|
2023|44130000|HS00002647|SP00002647|1|3|2|63|410|004|G2|1976|
2023|46110000|HS00002648|SP00002648|1|3|2|46|410|001|G2|1988|
2023|26140000|HS00002649|SP00002649|1|2|2|36|410|002|G3|1931|
2023|45110000|HS00002650|SP00002650|1|2|2|59|410|002|G1|1972|
2023|45110000|HS00002651|SP00002651|1|3|2|20|410|004|G2|2003|
2023|47110000|HS00002652|SP00002652|1|5|1|73|410|004|G1|2002|
2023|27110000|HS00002653|SP00002653|1|2|2|37|410|004|G3|1935|
2023|45110000|HS00002654|SP00002654|1|3|2|49|410|001|G2|1992|
2023|41130000|HS00002655|SP00002655|1|3|2|34|410|001|G2|2003|
2023|11110000|HS00002656|SP00002656|1|4|2|54|410|002|G2|1988|
2023|26110000|HS00002657|SP00002657|1|5|1|47|410|002|G2|1987|
2023|42110000|HS00002658|SP00002658|1|1|2|34|410|001|G2|1998|
2023|11170000|HS00002659|SP00002659|1|1|2|86|410|004|G1|1929|
2023|28110000|HS00002660|SP00002660|1|2|1|76|410|004|G2|1999|
2023|44130000|HS00002661|SP00002661|1|1|1|49|410|002|G2|1949|
2023|11170000|HS00002662|SP00002662|1|2|2|24|410|004|G1|1941|
2023|41110000|HS00002663|SP00002663|1|3|2|83|410|003|G2|1955|
2023|11200000|HS00002664|SP00002664|1|4|2|72|410|003|G2|1994|
2023|41130000|HS00002665|SP00002665|1|1|1|61|410|004|G2|1949|
2023|26110000|HS00002666|SP00002666|1|3|2|65|410|001|G2|1979|
2023|47110000|HS00002667|SP00002667|1|1|2|20|410|001|G2|1973|
2023|11140000|HS00002668|SP00002668|1|2|2|55|410|002|G2|1985|2020
2023|47110000|HS00002669|SP00002669|1|1|1|34|410|004|G2|1945|
2023|44130000|HS00002670|SP00002670|1|2|1|68|156|003|G2|1960|
2023|45110000|HS00002671|SP00002671|1|2|1|89|410|002|G2|1992|
2023|45110000|HS00002672|SP00002672|2|3|2|59|410|001|G2|1973|
2023|11200000|HS00002673|SP00002673|1|2|2|65|410|003|G2|1944|
2023|46110000|HS00002674|SP00002674|1|1|1|70|410|002|G2|1933|
2023|41150000|HS00002675|SP00002675|1|1|2|89|410|002|G2|1933|
2023|47110000|HS00002676|SP00002676|1|1|2|22|410|004|G3|1993|
2023|45110000|HS00002677|SP00002677|2|5|1|43|410|003|G2|1939|
2023|41130000|HS00002678|SP00002678|1|4|2|40|410|001|G2|1961|
2023|27110000|HS00002679|SP00002679|1|1|2|73|840|001|G2|1948|
2023|11140000|HS00002680|SP00002680|1|1|1|53|410|002|G3|1975|1990
2023|11140000|HS00002681|SP00002681|1|1|1|77|410|001|G2|1955|
2023|27110000|HS00002682|SP00002682|1|2|1|55|410|002|G2|1984|
2023|44130000|HS00002683|SP00002683|1|1|1|93|410|002|G3|1964|
2023|41110000|HS00002684|SP00002684|1|1|1|77|410|004|G2|1987|
2023|41110000|HS00002685|SP00002685|1|1|1|21|410|002|G2|1974|
2023|26110000|HS00002686|SP00002686|1|1|2|94|410|002|G2|1973|
2023|41130000|HS00002687|SP00002687|1|1|2|91|410|003|G2|1939|
2023|41150000|HS00002688|SP00002688|1|1|1|23|410|003|G3|1956|
2023|47110000|HS00002689|SP00002689|1|2|2|49|410|001|G2|1955|
2023|43110000|HS00002690|SP00002690|1|2|1|92|410|001|G1|1982|
2023|41150000|HS00002691|SP00002691|1|1|2|82|840|001|G1|1971|
2023|46110000|HS00002692|SP00002692|1|2|2|55|410|004|G4|1968|
2023|28110000|HS00002693|SP00002693|1|1|2|60|410|001|G2|1945|
2023|46110000|HS00002694|SP00002694|1|3|1|22|410|004|G2|1990|
2023|27110000|HS00002695|SP00002695|1|5|2|62|410|002|G3|1999|
2023|11170000|HS00002696|SP00002696|1|1|2|69|410|004|G2|1966|
2023|28110000|HS00002697|SP00002697|1|4|2|46|410|001|G3|1943|
2023|11170000|HS00002698|SP00002698|1|3|1|43|410|002|G2|1948|
2023|11170000|HS00002699|SP00002699|1|2|2|82|410|001|G2|1943|
2023|45110000|HS00002700|SP00002700|1|1|1|53|410|004|G3|1974|
2023|44130000|HS00002701|SP00002701|1|1|1|39|410|003|G4|1986|
2023|11200000|HS00002702|SP00002702|1|1|1|48|410|001|G2|1954|
2023|45110000|HS00002703|SP00002703|1|5|1|56|410|003|G1|2001|
2023|11140000|HS00002704|SP00002704|1|2|1|39|410|004|G3|1936|
2023|26110000|HS00002705|SP00002705|1|1|1|62|410|003|G2|1950|
2023|43110000|HS00002706|SP00002706|1|2|2|84|410|004|G2|1966|
2023|26140000|HS00002707|SP00002707|1|1|2|75|410|002|G2|1989|
2023|43110000|HS00002708|SP00002708|1|1|1|37|410|002|G3|1985|
2023|45110000|HS00002709|SP00002709|1|2|2|55|410|004|G2|1929|
2023|11140000|HS00002710|SP00002710|1|2|2|60|410|003|G4|2002|
2023|11110000|HS00002711|SP00002711|1|3|1|71|410|003|G2|2003|
2023|46110000|HS00002712|SP00002712|1|2|1|76|410|004|G4|1977|
2023|41110000|HS00002713|SP00002713|1|2|2|56|410|003|G2|1986|
2023|41110000|HS00002714|SP00002714|1|3|1|43|410|001|G2|1953|
2023|28110000|HS00002715|SP00002715|1|1|2|69|410|001|G2|2000|
2023|28110000|HS00002716|SP00002716|1|2|2|29|410|004|G2|1945|
2023|42110000|HS00002717|SP00002717|1|3|1|70|410|001|G2|1945|
2023|41130000|HS00002718|SP00002718|1|1|1|87|410|003|G2|1986|
2023|11170000|HS00002719|SP00002719|1|1|1|73|410|002|G2|1960|
2023|41150000|HS00002720|SP00002720|1|1|2|52|410|003|G2|1953|
2023|42110000|HS00002721|SP00002721|1|1|1|81|410|001|G1|1940|
2023|11140000|HS00002722|SP00002722|1|2|2|59|410|002|G2|1949|
2023|27110000|HS00002723|SP00002723|1|1|1|60|410|003|G2|1931|
2023|44130000|HS00002724|SP00002724|1|2|2|83|410|001|G2|1995|
2023|41150000|HS00002725|SP00002725|1|1|2|34|410|002|G2|1958|
2023|11170000|HS00002726|SP00002726|1|1|1|78|410|004|G2|1946|
2023|11110000|HS00002727|SP00002727|1|1|2|70|410|001|G4|1986|
2023|41130000|HS00002728|SP00002728|1|1|1|59|410|003|G4|1987|
2023|28110000|HS00002729|SP00002729|1|5|1|25|410|001|G2|1997|
2023|47110000|HS00002730|SP00002730|1|1|2|77|410|003|G2|1930|
2023|41110000|HS00002731|SP00002731|1|1|1|36|410|001|G1|1939|
2023|46110000|HS00002732|SP00002732|1|1|1|87|410|003|G3|1994|
2023|11200000|HS00002733|SP00002733|1|1|1|79|410|002|G1|1985|
2023|28110000|HS00002734|SP00002734|1|2|2|47|410|003|G3|1969|
2023|11170000|HS00002735|SP00002735|1|3|1|52|410|001|G4|1936|
2023|41130000|HS00002736|SP00002736|1|1|1|21|410|003|G1|1942|
2023|11200000|HS00002737|SP00002737|1|2|1|57|410|003|G2|1938|
2023|41110000|HS00002738|SP00002738|1|1|1|24|410|001|G2|1941|
2023|26140000|HS00002739|SP00002739|1|3|2|94|410|002|G2|1956|
2023|11200000|HS00002740|SP00002740|1|2|2|68|410|003|G1|1982|
2023|11140000|HS00002741|SP00002741|1|1|2|37|410|003|G2|1958|
2023|41110000|HS00002742|SP00002742|1|3|1|80|156|003|G1|1966|
2023|47110000|HS00002743|SP00002743|1|3|2|21|410|004|G3|1932|
2023|11200000|HS00002744|SP00002744|1|1|1|61|410|002|G2|1970|
2023|27110000|HS00002745|SP00002745|1|5|1|28|410|004|G2|1947|
2023|11200000|HS00002746|SP00002746|1|4|1|24|840|004|G3|1990|
2023|44130000|HS00002747|SP00002747|1|1|2|38|410|003|G2|1952|
2023|28110000|HS00002748|SP00002748|1|3|1|42|410|001|G2|1969|
2023|47110000|HS00002749|SP00002749|1|2|1|74|410|002|G2|1971|
2023|26110000|HS00002750|SP00002750|1|2|2|86|410|001|G2|1947|
2023|11140000|HS00002751|SP00002751|1|2|1|78|410|003|G2|1967|
2023|41130000|HS00002752|SP00002752|1|4|2|75|410|002|G3|1999|
2023|42110000|HS00002753|SP00002753|1|2|2|62|410|004|G2|1974|
2023|47110000|HS00002754|SP00002754|1|2|1|47|410|003|G2|1931|
2023|45110000|HS00002755|SP00002755|1|1|2|39|410|002|G3|1933|
2023|46110000|HS00002756|SP00002756|1|1|2|90|410|001|G2|1957|
2023|41150000|HS00002757|SP00002757|1|4|1|59|410|001|G3|1956|
2023|27110000|HS00002758|SP00002758|1|3|1|62|410|003|G2|1984|
2023|28110000|HS00002759|SP00002759|1|1|1|21|410|004|G1|1945|
2023|11170000|HS00002760|SP00002760|1|4|1|54|410|002|G2|1959|
2023|28110000|HS00002761|SP00002761|1|3|2|71|410|001|G2|2001|2010
2023|27110000|HS00002762|SP00002762|1|2|1|57|410|002|G3|1932|
2023|11110000|HS00002763|SP00002763|1|1|2|66|410|004|G2|1940|
2023|11200000|HS00002764|SP00002764|1|2|2|80|410|003|G1|1997|
2023|41130000|HS00002765|SP00002765|1|1|2|21|410|001|G2|1972|
2023|27110000|HS00002766|SP00002766|1|1|1|87|410|001|G2|1948|
2023|47110000|HS00002767|SP00002767|1|2|1|81|410|001|G2|1948|
2023|41110000|HS00002768|SP00002768|1|4|1|51|410|004|G2|1991|
2023|47110000|HS00002769|SP00002769|1|1|1|77|410|004|G2|2000|
2023|42110000|HS00002770|SP00002770|2|4|2|24|410|002|G3|1930|
2023|11110000|HS00002771|SP00002771|1|4|1|43|410|003|G2|1936|
2023|11200000|HS00002772|SP00002772|1|1|2|28|410|001|G2|1948|
2023|42110000|HS00002773|SP00002773|1|1|1|67|410|003|G2|1954|
2023|41130000|HS00002774|SP00002774|1|3|1|84|410|002|G3|1952|
2023|26140000|HS00002775|SP00002775|1|3|2|65|410|004|G2|1969|
2023|41110000|HS00002776|SP00002776|1|1|2|73|410|002|G2|1952|
2023|46110000|HS00002777|SP00002777|1|2|2|30|840|004|G2|1981|
2023|27110000|HS00002778|SP00002778|1|2|2|90|410|003|G1|1997|
2023|11110000|HS00002779|SP00002779|1|3|1|34|410|002|G2|1980|2010
2023|26140000|HS00002780|SP00002780|1|3|1|59|410|004|G2|1981|
2023|46110000|HS00002781|SP00002781|1|1|2|71|410|004|G3|1981|
2023|43110000|HS00002782|SP00002782|1|1|1|84|156|002|G2|1968|
2023|45110000|HS00002783|SP00002783|1|1|2|90|410|002|G4|1994|
2023|46110000|HS00002784|SP00002784|1|4|2|64|840|003|G2|1973|
2023|11140000|HS00002785|SP00002785|1|4|2|63|410|001|G2|1969|
2023|26110000|HS00002786|SP00002786|1|3|1|51|410|002|G2|1989|
2023|11140000|HS00002787|SP00002787|1|1|1|62|840|004|G1|1969|
2023|11110000|HS00002788|SP00002788|2|2|1|70|410|004|G3|1953|
2023|45110000|HS00002789|SP00002789|1|1|1|68|156|002|G1|1973|
2023|46110000|HS00002790|SP00002790|1|1|2|64|410|002|G3|2003|
2023|11170000|HS00002791|SP00002791|1|1|1|53|410|004|G1|1951|
2023|43110000|HS00002792|SP00002792|1|3|2|34|410|001|G2|1960|
2023|41130000|HS00002793|SP00002793|1|1|1|24|410|001|G1|1972|
2023|11140000|HS00002794|SP00002794|1|2|2|51|410|001|G2|2002|
2023|46110000|HS00002795|SP00002795|1|5|1|49|410|001|G2|1997|
2023|45110000|HS00002796|SP00002796|1|2|2|65|410|004|G3|1998|
2023|41130000|HS00002797|SP00002797|1|1|1|87|410|001|G2|1940|
2023|43110000|HS00002798|SP00002798|1|4|2|72|410|002|G1|1980|
2023|27110000|HS00002799|SP00002799|1|2|1|80|410|003|G3|1972|
2023|44130000|HS00002800|SP00002800|1|1|1|63|410|003|G2|1951|
2023|28110000|HS00002801|SP00002801|1|2|1|89|410|004|G3|1954|
2023|47110000|HS00002802|SP00002802|2|4|1|90|840|004|G2|1999|
2023|11140000|HS00002803|SP00002803|1|1|2|31|410|002|G2|1934|
2023|11170000|HS00002804|SP00002804|1|2|1|67|410|001|G1|1984|
2023|47110000|HS00002805|SP00002805|1|1|2|57|410|001|G4|1946|
2023|26110000|HS00002806|SP00002806|1|1|2|92|410|004|G1|1941|
2023|26140000|HS00002807|SP00002807|1|3|1|63|410|002|G3|1963|2000
2023|44130000|HS00002808|SP00002808|1|1|1|21|410|004|G2|1991|
2023|11200000|HS00002809|SP00002809|1|1|2|35|410|002|G3|1963|
2023|41110000|HS00002810|SP00002810|1|1|2|29|410|004|G3|1985|
2023|26110000|HS00002811|SP00002811|1|1|1|35|410|003|G3|1940|
2023|11200000|HS00002812|SP00002812|1|1|2|27|410|003|G2|1947|
2023|47110000|HS00002813|SP00002813|1|2|1|78|410|003|G2|1942|
2023|11200000|HS00002814|SP00002814|1|1|1|57|410|002|G3|1941|
2023|11140000|HS00002815|SP00002815|1|1|2|70|410|001|G2|1990|
2023|42110000|HS00002816|SP00002816|1|4|2|94|410|001|G2|2001|
2023|45110000|HS00002817|SP00002817|1|5|1|68|410|002|G2|1957|
2023|11170000|HS00002818|SP00002818|1|1|2|55|410|004|G2|1957|
2023|43110000|HS00002819|SP00002819|1|1|1|40|410|003|G2|1939|
2023|41130000|HS00002820|SP00002820|1|1|2|76|410|003|G2|1956|
2023|45110000|HS00002821|SP00002821|1|1|1|58|410|002|G1|1943|
2023|11170000|HS00002822|SP00002822|1|1|1|76|410|002|G2|1977|
2023|47110000|HS00002823|SP00002823|1|4|2|21|156|002|G3|1994|
2023|41150000|HS00002824|SP00002824|1|3|1|32|410|001|G2|2001|
2023|45110000|HS00002825|SP00002825|1|1|2|29|410|003|G3|1971|2020
2023|27110000|HS00002826|SP00002826|1|5|2|71|410|002|G2|2003|
2023|47110000|HS00002827|SP00002827|1|1|1|58|410|002|G2|1965|
2023|41150000|HS00002828|SP00002828|1|1|2|43|410|003|G2|1973|
2023|11170000|HS00002829|SP00002829|1|1|1|43|410|001|G2|1984|
2023|46110000|HS00002830|SP00002830|1|1|2|65|410|004|G2|1959|
2023|44130000|HS00002831|SP00002831|1|4|1|92|410|001|G1|1953|
2023|26140000|HS00002832|SP00002832|1|1|2|94|410|003|G2|2001|
2023|41130000|HS00002833|SP00002833|1|2|2|55|410|004|G1|1968|
2023|27110000|HS00002834|SP00002834|1|1|2|70|410|001|G2|1933|
2023|41130000|HS00002835|SP00002835|1|4|1|26|410|001|G3|1981|
2023|47110000|HS00002836|SP00002836|1|2|1|90|410|002|G1|1945|
2023|46110000|HS00002837|SP00002837|1|1|2|21|410|004|G2|1978|
2023|11200000|HS00002838|SP00002838|1|1|2|45|410|003|G2|1983|
2023|47110000|HS00002839|SP00002839|1|4|2|74|410|002|G2|1939|
2023|28110000|HS00002840|SP00002840|1|2|1|92|410|004|G1|1977|
2023|42110000|HS00002841|SP00002841|1|1|1|32|410|002|G2|1939|
2023|43110000|HS00002842|SP00002842|1|4|2|69|410|004|G3|1954|
2023|41110000|HS00002843|SP00002843|1|1|2|34|410|004|G2|1943|
2023|28110000|HS00002844|SP00002844|1|1|1|23|410|001|G2|1942|
2023|28110000|HS00002845|SP00002845|1|2|1|51|410|002|G2|1935|
2023|45110000|HS00002846|SP00002846|1|1|1|63|410|001|G3|1962|
2023|27110000|HS00002847|SP00002847|1|1|1|39|410|001|G1|1932|
2023|26110000|HS00002848|SP00002848|1|1|2|92|410|001|G1|1999|
2023|27110000|HS00002849|SP00002849|1|1|1|66|410|001|G2|1967|
2023|11200000|HS00002850|SP00002850|1|1|2|52|410|001|G2|1974|
2023|27110000|HS00002851|SP00002851|1|1|1|56|410|003|G2|1996|
2023|11140000|HS00002852|SP00002852|1|5|1|54|410|002|G2|1938|
2023|11140000|HS00002853|SP00002853|1|2|2|28|410|002|G2|1943|
2023|43110000|HS00002854|SP00002854|1|1|2|65|410|004|G2|1947|
2023|11140000|HS00002855|SP00002855|1|1|2|78|410|004|G2|1956|
2023|41130000|HS00002856|SP00002856|1|3|2|51|410|003|G2|1958|
2023|44130000|HS00002857|SP00002857|1|1|1|51|410|002|G2|1975|
2023|43110000|HS00002858|SP00002858|1|1|2|88|410|003|G1|1952|
2023|28110000|HS00002859|SP00002859|1|2|1|65|410|002|G2|1930|
2023|11200000|HS00002860|SP00002860|1|1|2|42|410|002|G3|1985|
2023|46110000|HS00002861|SP00002861|1|3|2|20|410|002|G3|1978|
2023|45110000|HS00002862|SP00002862|1|4|2|81|410|001|G1|1995|
2023|41150000|HS00002863|SP00002863|1|3|1|66|840|001|G2|1935|
2023|11140000|HS00002864|SP00002864|1|1|1|66|410|003|G3|1964|
2023|11110000|HS00002865|SP00002865|1|1|1|41|410|004|G2|1959|
2023|26140000|HS00002866|SP00002866|1|1|2|33|410|002|G2|1984|
2023|11170000|HS00002867|SP00002867|1|3|2|57|410|001|G1|2001|
2023|45110000|HS00002868|SP00002868|1|4|2|76|410|003|G2|1943|
2023|11200000|HS00002869|SP00002869|1|4|2|42|410|004|G3|1939|
2023|26110000|HS00002870|SP00002870|1|1|1|59|410|003|G3|1978|
2023|47110000|HS00002871|SP00002871|1|3|2|94|410|001|G3|1946|
2023|44130000|HS00002872|SP00002872|1|2|2|36|410|001|G2|1961|
2023|11200000|HS00002873|SP00002873|1|3|1|37|410|003|G2|1955|
2023|27110000|HS00002874|SP00002874|1|2|2|37|410|004|G1|1991|
2023|41110000|HS00002875|SP00002875|1|1|1|88|410|001|G1|1957|
2023|42110000|HS00002876|SP00002876|1|1|2|59|410|004|G1|1991|
2023|46110000|HS00002877|SP00002877|1|5|1|88|410|004|G3|1987|
2023|45110000|HS00002878|SP00002878|1|1|1|91|410|001|G1|1977|
2023|47110000|HS00002879|SP00002879|1|1|2|51|410|001|G2|1987|
2023|11110000|HS00002880|SP00002880|1|1|2|24|410|001|G2|1935|
2023|26110000|HS00002881|SP00002881|1|1|1|42|410|003|G2|2001|
2023|41130000|HS00002882|SP00002882|1|4|1|60|410|001|G2|1936|
2023|11110000|HS00002883|SP00002883|1|1|1|48|410|004|G1|1992|
2023|27110000|HS00002884|SP00002884|1|1|1|20|410|001|G2|1938|1990
2023|11170000|HS00002885|SP00002885|1|3|1|94|410|003|G2|1978|
2023|46110000|HS00002886|SP00002886|1|2|1|42|410|004|G3|1934|
2023|11140000|HS00002887|SP00002887|1|1|2|66|410|001|G2|1963|
2023|11170000|HS00002888|SP00002888|1|1|2|91|410|002|G3|1967|
2023|11200000|HS00002889|SP00002889|1|1|2|60|156|004|G2|1994|
2023|11170000|HS00002890|SP00002890|1|1|1|72|410|001|G1|1971|
2023|41130000|HS00002891|SP00002891|1|1|2|22|410|002|G2|1962|
2023|27110000|HS00002892|SP00002892|1|1|2|72|410|002|G4|1930|
2023|46110000|HS00002893|SP00002893|1|3|1|83|410|001|G2|1984|
2023|26110000|HS00002894|SP00002894|1|4|2|88|410|002|G1|1997|
2023|41130000|HS00002895|SP00002895|1|4|2|26|410|002|G3|1984|
2023|42110000|HS00002896|SP00002896|1|1|1|37|410|002|G3|1985|
2023|41150000|HS00002897|SP00002897|1|1|1|23|410|004|G1|1932|
2023|44130000|HS00002898|SP00002898|1|5|1|88|410|001|G3|1992|
2023|11200000|HS00002899|SP00002899|1|3|1|40|410|002|G2|1929|
2023|41110000|HS00002900|SP00002900|1|2|1|59|410|001|G2|1995|
2023|44130000|HS00002901|SP00002901|1|1|1|55|410|004|G2|1943|
2023|45110000|HS00002902|SP00002902|1|1|1|71|410|003|G4|1972|
2023|41150000|HS00002903|SP00002903|1|2|2|87|410|003|G1|1999|
2023|42110000|HS00002904|SP00002904|1|2|1|44|410|001|G3|1957|
2023|45110000|HS00002905|SP00002905|1|1|1|79|410|002|G1|1949|
2023|41150000|HS00002906|SP00002906|1|5|1|41|410|001|G2|1941|
2023|47110000|HS00002907|SP00002907|1|2|2|34|410|002|G2|1990|
2023|11170000|HS00002908|SP00002908|1|2|2|27|410|004|G3|1957|
2023|26140000|HS00002909|SP00002909|1|1|1|47|410|003|G3|1961|
2023|11140000|HS00002910|SP00002910|1|3|2|62|410|001|G3|1970|
2023|11140000|HS00002911|SP00002911|1|3|1|78|410|002|G2|1936|
2023|41110000|HS00002912|SP00002912|1|1|1|83|410|004|G2|1972|
2023|11200000|HS00002913|SP00002913|1|2|2|59|410|001|G4|1975|
2023|27110000|HS00002914|SP00002914|1|2|2|50|410|004|G2|1964|
2023|28110000|HS00002915|SP00002915|1|3|2|33|410|002|G2|1934|
2023|41150000|HS00002916|SP00002916|1|1|2|88|410|002|G2|1938|
2023|47110000|HS00002917|SP00002917|1|4|1|49|410|004|G2|1950|
2023|45110000|HS00002918|SP00002918|1|1|2|77|410|003|G2|1997|
2023|27110000|HS00002919|SP00002919|1|1|2|66|410|002|G2|1981|
2023|26140000|HS00002920|SP00002920|1|1|1|89|410|001|G2|2002|
2023|44130000|HS00002921|SP00002921|1|1|1|92|410|001|G3|1996|
2023|11170000|HS00002922|SP00002922|1|1|2|73|156|002|G3|1941|
2023|41130000|HS00002923|SP00002923|1|1|1|69|410|001|G2|1942|
2023|28110000|HS00002924|SP00002924|1|3|1|30|410|004|G4|1996|
2023|11200000|HS00002925|SP00002925|1|1|2|21|410|001|G2|1969|
2023|41150000|HS00002926|SP00002926|1|5|1|60|840|003|G2|1983|
2023|26140000|HS00002927|SP00002927|1|1|2|72|410|004|G3|1998|
2023|11200000|HS00002928|SP00002928|1|2|2|75|410|002|G2|1975|
2023|42110000|HS00002929|SP00002929|1|4|1|38|840|003|G3|1996|
2023|11170000|HS00002930|SP00002930|1|3|1|57|840|001|G2|1948|
2023|42110000|HS00002931|SP00002931|1|2|1|84|410|003|G2|1931|
2023|11170000|HS00002932|SP00002932|1|3|2|27|410|004|G1|1972|
2023|28110000|HS00002933|SP00002933|1|1|2|48|410|004|G4|1985|
2023|44130000|HS00002934|SP00002934|1|1|1|90|410|001|G2|1966|
2023|11200000|HS00002935|SP00002935|1|1|1|34|410|002|G2|1931|
2023|44130000|HS00002936|SP00002936|1|1|2|43|410|003|G1|1992|
2023|43110000|HS00002937|SP00002937|1|1|2|55|410|004|G2|1952|
2023|46110000|HS00002938|SP00002938|1|1|2|71|410|002|G2|1997|
2023|11170000|HS00002939|SP00002939|1|4|2|39|410|004|G3|1981|
2023|43110000|HS00002940|SP00002940|1|4|1|79|410|001|G2|1971|
2023|46110000|HS00002941|SP00002941|1|3|2|37|410|003|G1|1975|
2023|43110000|HS00002942|SP00002942|1|3|2|47|410|002|G1|1990|
2023|11200000|HS00002943|SP00002943|1|1|1|62|410|003|G2|1945|
2023|44130000|HS00002944|SP00002944|1|1|2|20|410|003|G2|1953|
2023|11140000|HS00002945|SP00002945|1|2|2|77|410|002|G3|1971|
2023|41150000|HS00002946|SP00002946|1|2|2|70|410|004|G2|1972|
2023|41110000|HS00002947|SP00002947|1|1|1|82|410|004|G2|1998|
2023|41130000|HS00002948|SP00002948|1|1|1|40|410|004|G2|1954|
2023|41110000|HS00002949|SP00002949|1|1|1|49|410|001|G3|1986|
2023|11110000|HS00002950|SP00002950|1|1|2|87|410|002|G4|1981|
2023|41110000|HS00002951|SP00002951|1|1|1|25|410|003|G3|1939|
2023|46110000|HS00002952|SP00002952|1|1|1|56|410|004|G1|1955|
2023|28110000|HS00002953|SP00002953|1|2|1|56|410|002|G2|1951|
2023|26110000|HS00002954|SP00002954|1|5|1|53|410|003|G4|1984|
2023|47110000|HS00002955|SP00002955|1|2|2|52|410|003|G2|1966|
2023|11140000|HS00002956|SP00002956|1|3|2|76|410|001|G2|2002|
2023|41110000|HS00002957|SP00002957|1|3|2|34|410|004|G3|1985|
2023|41110000|HS00002958|SP00002958|1|1|1|86|410|002|G3|1943|
2023|41110000|HS00002959|SP00002959|1|2|2|87|410|003|G2|1968|2020
2023|46110000|HS00002960|SP00002960|1|1|2|33|410|002|G2|1956|
2023|28110000|HS00002961|SP00002961|1|2|2|93|410|001|G3|1944|
2023|47110000|HS00002962|SP00002962|1|1|2|39|410|002|G2|1933|
2023|11140000|HS00002963|SP00002963|1|4|2|23|410|003|G3|1997|
2023|43110000|HS00002964|SP00002964|1|5|1|49|410|002|G2|1960|
2023|41150000|HS00002965|SP00002965|1|1|2|79|410|004|G3|1929|
2023|26110000|HS00002966|SP00002966|1|1|2|83|410|004|G3|1989|
2023|11200000|HS00002967|SP00002967|1|1|2|68|410|003|G2|1939|
2023|43110000|HS00002968|SP00002968|2|3|1|80|410|004|G2|1960|
2023|41150000|HS00002969|SP00002969|1|2|2|39|410|004|G1|1980|
2023|41150000|HS00002970|SP00002970|1|1|2|85|410|003|G3|1945|
2023|11110000|HS00002971|SP00002971|1|3|2|67|410|004|G2|1938|
2023|41150000|HS00002972|SP00002972|1|1|2|30|410|003|G2|1993|
2023|47110000|HS00002973|SP00002973|1|1|1|29|410|004|G3|1952|
2023|11110000|HS00002974|SP00002974|1|1|2|40|410|001|G3|1933|
2023|28110000|HS00002975|SP00002975|1|2|2|25|410|002|G3|1954|
2023|41110000|HS00002976|SP00002976|1|1|1|41|410|004|G2|1962|
2023|46110000|HS00002977|SP00002977|1|1|1|94|410|002|G4|1993|
2023|26110000|HS00002978|SP00002978|1|1|1|38|410|001|G3|1970|
2023|41110000|HS00002979|SP00002979|1|4|1|67|410|004|G1|1936|
2023|43110000|HS00002980|SP00002980|1|2|1|93|410|003|G4|1944|
2023|11140000|HS00002981|SP00002981|1|4|2|38|410|004|G2|1970|
2023|44130000|HS00002982|SP00002982|1|2|2|72|410|001|G3|1980|
2023|44130000|HS00002983|SP00002983|1|3|1|53|410|001|G3|1943|
2023|43110000|HS00002984|SP00002984|1|1|2|41|410|003|G2|1931|
2023|42110000|HS00002985|SP00002985|1|3|1|91|410|001|G2|1981|
2023|43110000|HS00002986|SP00002986|1|1|2|69|410|003|G1|1943|
2023|44130000|HS00002987|SP00002987|1|1|1|52|410|002|G2|1980|
2023|46110000|HS00002988|SP00002988|1|1|1|80|410|001|G2|1941|
2023|28110000|HS00002989|SP00002989|1|1|1|87|156|004|G3|1931|
2023|28110000|HS00002990|SP00002990|1|4|2|78|410|001|G1|1954|
2023|41150000|HS00002991|SP00002991|1|5|2|85|410|004|G2|1966|
2023|11200000|HS00002992|SP00002992|2|3|1|44|410|001|G2|1980|
2023|45110000|HS00002993|SP00002993|1|1|2|45|410|003|G2|1999|
2023|44130000|HS00002994|SP00002994|1|4|1|37|410|004|G1|2000|2010
2023|41150000|HS00002995|SP00002995|1|3|1|72|410|001|G1|1941|
2023|26140000|HS00002996|SP00002996|1|1|1|80|410|004|G2|1954|
2023|26140000|HS00002997|SP00002997|1|2|2|69|410|002|G2|1986|
2023|28110000|HS00002998|SP00002998|1|2|2|64|410|003|G3|1962|
2023|42110000|HS00002999|SP00002999|1|1|2|77|410|004|G2|1938|
