기준년월|구분명|광역시도코드|시군구코드(개정후)|행정구역분류코드(개정후)|광역시도명|시군구명(개정후)|행정구역분류명(개정후)|법정동코드|법정동명|성별|연령구간대|직업구분|금융기관|분위코드(총대출잔액기준)|총대출_보유계좌수|유효대출계좌_대상자수|대출잔액_보유대상자수|대출잔액_최저금액|대출잔액_최대금액|대출잔액_평균금액|대출잔액_주택담보_평균금액|대출잔액_신용_평균금액|대출잔액_기타_평균금액|대출잔액_중위금액|대출잔액_주택담보_중위금액|대출잔액_신용_중위금액|총대출잔액|총대출잔액_주택담보|총대출잔액_신용|총대출잔액_기타|신규대출_약정금액합(당월)|신규대출_주택담보약정금액합(당월)|신규대출_신용약정금액합(당월)|신규대출_기타약정금액합(당월)|일시불상환_대출보유대상자수|분할상환_대출보유대상자수|한도대출_보유대상자수|기타대출_보유대상자수|대출잔액합_일시불|대출잔액합_분할상환|대출잔액합_한도|대출잔액합_기타|대출평균이자율|월 연체보유자수 합계|월평균연체건수|평균연체일|평균연체금액|중위연체금액|연체금액
202409|ADM|41|11110|46110000|부산|성남시|서초동|4211000000|인계동|1|35|0|1|6|516|491|491|593|72380|30818.0|10414.0|6773.0|13631.0|28636|8144|6319|15131638.0|5113274.0|3325543.0|6692821.0|4429986|685114|491666|134581|59|264|78|13|6017113|17884230|745630|1767596|4.32|35|4.5|102|286|384|10010.0
202409|PRVNC|42|47110|26110000|인천|서초구|역삼동|1114000000|서초1동|2|60|0|2|2|1181|461|461|484|37502|0.0|0.0|0.0|0.0|0|0|0|0.0|0.0|0.0|0.0|3431558|2198702|91711|331746|82|235|57|45|2225001|18137202|2852252|809872|4.99|54|1.48|30|315|29|17010.0
202409|CNTY_GU|26|41110|46110000|서울|강남구|서초동|4413000000|역삼1가|2|70|0|2|6|1027|165|165|210|79388|14535.0|4550.0|3087.0|6898.0|14181|3231|3009|2398275.0|750750.0|509355.0|1138170.0|2395560|2535204|11199|404116|37|68|43|11|3596816|7929190|3847871|1689790|2.41|13|2.3|141|264|38|3432.0
202409|ADM|43|41150|47110000|서울|강남구|인계동|4211000000|인계동|2|50|0|1|8|1058|212|212|859|30376|41028.0|24004.0|8576.0|8448.0|35790|18558|7275|8697936.0|5088848.0|1818112.0|1790976.0|913753|1184689|719194|270889|36|103|28|8|4361528|11190861|1792353|1477405|7.35|29|4.37|112|270|415|7830.0
202409|CNTY_GU|45|47110|44130000|부산|강남구|서초동|4611000000|인계동|2|25|0|1|3|1655|404|404|643|91739|1677.0|676.0|655.0|346.0|1438|587|558|677508.0|273104.0|264620.0|139784.0|4343070|2631171|784038|324213|52|189|71|27|7192925|19276909|1552822|1936383|4.16|54|3.74|105|248|479|13392.0
202409|ADM|41|42110|47110000|경기|강남구|역삼동|4113000000|서초1동|1|45|0|2|4|1240|127|127|415|68604|33387.0|23333.0|12214.0|0.0|32459|17054|9398|4240149.0|2963291.0|1551178.0|0.0|1727958|1693595|22229|317772|14|57|33|11|3514111|16352674|3305207|1922438|7.16|11|2.19|156|431|264|4741.0
202409|PRVNC|41|11110|11140000|인천|수원시|서초동|4111000000|인계동|2|30|0|1|9|690|487|487|610|93283|46121.0|19326.0|7383.0|19412.0|32431|16047|5622|22460927.0|9411762.0|3595521.0|9453644.0|1933174|1111091|509134|190961|123|283|133|41|4420591|13567268|1113946|290261|6.12|32|5.0|53|94|34|3008.0
202409|PRVNC|46|11140|26140000|부산|성남시|인계동|1114000000|역삼1가|2|50|3|2|10|441|465|465|657|59945|43418.0|14227.0|7064.0|22127.0|31091|13464|6761|20189370.0|6615555.0|3284760.0|10289055.0|458231|1879889|427188|390956|88|194|81|12|3620846|19218101|3395149|753992|2.17|39|1.84|32|301|204|11739.0
202409|CNTY_GU|47|11140|11110000|부산|수원시|역삼동|4611000000|서초1동|1|45|2|2|1|1983|407|407|576|45043|12894.0|8454.0|4359.0|81.0|12646|7094|3325|5247858.0|3440778.0|1774113.0|32967.0|3783242|2174214|871051|362253|82|195|104|33|4831175|19547420|2620990|906658|4.94|47|1.87|162|135|14|6345.0
202409|ADM|44|26110|41130000|인천|강남구|역삼동|1117000000|인계동|1|55|2|2|9|1266|476|476|525|72059|14233.0|11210.0|4600.0|0.0|11243|9450|3669|6774908.0|5335960.0|2189600.0|0.0|558121|2783376|276806|130909|63|198|50|16|57609|1559005|1154831|587054|6.35|47|1.65|73|332|34|15604.0
202409|PRVNC|41|43110|26110000|경기|수원시|서초동|4611000000|역삼1가|1|20|2|1|5|1054|216|216|900|60338|27875.0|22162.0|7923.0|0.0|22666|21615|7145|6021000.0|4786992.0|1711368.0|0.0|959305|2999915|376783|139278|63|107|52|18|7230566|6894354|286018|823226|3.25|20|2.8|5|245|186|4900.0
202409|CNTY_GU|44|26140|28110000|경기|강남구|인계동|4511000000|역삼1가|2|45|2|2|2|1802|114|114|157|83095|35626.0|25496.0|7958.0|2172.0|29746|22674|6623|4061364.0|2906544.0|907212.0|247608.0|2596160|2939599|106491|443497|17|56|19|4|8065737|110338|4893054|1114505|3.92|9|3.34|128|480|188|4320.0
202409|ADM|46|26140|26110000|대구|수원시|역삼동|4611000000|인계동|1|20|2|1|1|407|272|272|885|66086|13872.0|8893.0|3323.0|1656.0|10120|7224|3186|3773184.0|2418896.0|903856.0|450432.0|4359571|2690973|941611|471102|58|144|45|27|6669392|11424492|1092461|1867254|7.28|23|3.56|119|486|208|11178.0
202409|ADM|47|26110|28110000|대구|강남구|인계동|4113000000|인계동|2|20|0|1|6|904|130|130|137|76954|4320.0|3021.0|1097.0|202.0|3283|2413|1050|561600.0|392730.0|142610.0|26260.0|2433640|915964|476703|174623|20|58|13|9|1393031|6893555|3282672|1357341|2.22|11|4.17|98|268|496|2948.0
202409|CNTY_GU|42|26140|26140000|경기|서초구|서초동|1120000000|역삼1가|2|35|0|2|6|1216|338|338|833|23354|49467.0|26230.0|8337.0|14900.0|34630|23138|8217|16719846.0|8865740.0|2817906.0|5036200.0|712287|61746|888878|312819|64|169|82|17|8971972|7173288|2170098|1835227|6.84|20|1.78|99|238|27|4760.0
202409|CNTY_GU|27|26140|11110000|인천|성남시|역삼동|1120000000|서초1동|1|45|0|1|4|746|425|425|164|79654|44551.0|17982.0|7861.0|18708.0|40739|15202|7069|18934175.0|7642350.0|3340925.0|7950900.0|3625861|2351619|434534|388949|91|190|110|20|210399|16939718|2000314|1214457|2.1|11|1.86|135|468|283|5148.0
202409|ADM|47|42110|27110000|인천|수원시|서초동|1120000000|인계동|2|45|0|1|1|1383|447|447|313|98689|11550.0|4016.0|4470.0|3064.0|9024|3139|3321|5162850.0|1795152.0|1998090.0|1369608.0|987608|2900001|176510|50708|128|187|124|20|9471309|18446267|698351|966034|5.8|3|1.78|147|320|36|960.0
202409|ADM|47|28110|11110000|서울|성남시|인계동|4211000000|역삼1가|1|55|1|1|9|450|1|1|75|43412|45830.0|16552.0|12149.0|17129.0|40293|12287|10494|45830.0|16552.0|12149.0|17129.0|2090396|2796807|511624|59837|0|0|0|0|6838996|18754498|3484210|1143365|5.63|0|3.79|13|0|74|0.0
202409|ADM|45|11140|11110000|부산|강남구|역삼동|4413000000|서초1동|2|45|1|1|1|1456|377|377|165|29500|6775.0|3437.0|1818.0|1520.0|4984|2686|1325|2554175.0|1295749.0|685386.0|573040.0|4345056|2338396|941576|423149|80|152|45|32|2105577|10118360|278968|1470332|6.28|32|3.59|110|21|368|672.0
202409|ADM|44|42110|26140000|인천|서초구|인계동|1114000000|서초1동|2|70|1|1|8|1870|142|142|420|46136|29082.0|11889.0|4056.0|13137.0|22867|9885|3439|4129644.0|1688238.0|575952.0|1865454.0|6378|2721349|946911|26421|32|83|16|3|3593589|1399626|4808992|311590|6.55|7|2.37|38|67|384|469.0
202409|CNTY_GU|11|27110|11200000|부산|서초구|서초동|2811000000|인계동|2|60|0|1|4|1343|141|141|151|31001|15071.0|4961.0|5121.0|4989.0|14240|4449|3744|2125011.0|699501.0|722061.0|703449.0|53881|1847275|680261|499334|25|79|40|7|7006571|11403078|1464397|369532|3.93|16|4.42|82|243|349|3888.0
202409|ADM|43|28110|47110000|서울|수원시|역삼동|2611000000|인계동|2|45|1|1|9|177|140|140|166|86273|46618.0|21312.0|9296.0|16010.0|42489|17952|8250|6526520.0|2983680.0|1301440.0|2241400.0|3335164|1042779|883008|373469|14|63|16|7|5301289|18687279|106714|1386694|6.42|7|3.49|116|117|104|819.0
202409|CNTY_GU|27|26110|11110000|부산|서초구|서초동|4113000000|인계동|1|20|0|2|9|1077|1|1|733|18096|39710.0|13089.0|13758.0|12863.0|31350|10549|11798|39710.0|13089.0|13758.0|12863.0|2640846|670355|11278|206311|0|0|0|0|3917995|14405425|3338770|1722563|5.38|0|4.91|136|0|201|0.0
202409|CNTY_GU|11|44130|41150000|대구|수원시|인계동|4711000000|역삼1가|2|50|0|1|3|1007|279|279|69|10970|43873.0|21766.0|17505.0|4602.0|30772|15765|13749|12240567.0|6072714.0|4883895.0|1283958.0|3227712|2536525|494829|194372|61|143|47|4|9076782|12593827|2847416|1295207|4.81|9|1.31|134|413|231|3717.0
202409|CNTY_GU|41|11140|26110000|대구|서초구|역삼동|1111000000|서초1동|2|50|3|2|9|1933|29|29|739|67988|18026.0|13160.0|5953.0|0.0|15982|10484|5566|522754.0|381640.0|172637.0|0.0|4525485|2082448|988599|63536|7|11|3|2|4565328|9735125|3977333|1982074|4.33|3|2.68|56|117|441|351.0
202409|ADM|42|11110|44130000|인천|성남시|역삼동|4611000000|역삼1가|2|40|2|1|3|1354|267|267|150|77703|22104.0|14847.0|8219.0|0.0|20761|10510|6254|5901768.0|3964149.0|2194473.0|0.0|3272733|681580|825119|262477|58|140|32|12|2899269|9457130|184992|667763|7.7|10|2.38|167|277|486|2770.0
202409|ADM|47|11110|41130000|대구|강남구|서초동|2811000000|서초1동|1|30|0|1|4|957|405|405|487|10510|32558.0|25627.0|8379.0|0.0|25869|24391|6965|13185990.0|10378935.0|3393495.0|0.0|2661402|1398180|973721|10390|111|189|70|17|2547897|4010411|2289610|1003721|3.43|26|2.88|56|418|306|10868.0
202409|ADM|44|11140|41110000|부산|성남시|인계동|1120000000|인계동|1|55|1|2|9|1851|139|139|113|44740|21755.0|9748.0|7353.0|4654.0|21100|9589|5988|3023945.0|1354972.0|1022067.0|646906.0|2338797|2008435|295537|361810|39|58|36|7|3370778|12709225|3230311|19935|4.43|11|3.12|120|248|163|2728.0
202409|ADM|44|27110|11140000|부산|성남시|서초동|1114000000|인계동|2|45|1|2|3|31|365|365|876|79829|36013.0|23472.0|13905.0|0.0|30622|22174|11586|13144745.0|8567280.0|5075325.0|0.0|4588296|927663|238750|101026|100|193|65|11|7148517|16069317|3020097|887124|3.11|34|3.45|100|93|6|3162.0
202409|CNTY_GU|27|47110|42110000|대구|수원시|서초동|1114000000|역삼1가|2|35|0|2|6|1161|306|306|520|82487|1186.0|841.0|427.0|0.0|1177|761|316|362916.0|257346.0|130662.0|0.0|2764497|2629268|912400|281587|59|165|39|4|7849991|220116|4188385|158147|6.63|23|1.85|38|64|296|1472.0
202409|ADM|11|44130|27110000|부산|서초구|서초동|2611000000|인계동|2|55|1|1|6|658|114|114|686|81681|36455.0|24957.0|12937.0|0.0|36098|19915|9900|4155870.0|2845098.0|1474818.0|0.0|1450652|660751|950107|16430|20|68|33|0|7555214|1129789|2841037|1587493|4.84|8|4.6|117|398|56|3184.0
202409|CNTY_GU|11|26110|26110000|인천|성남시|서초동|4115000000|역삼1가|2|70|3|1|4|737|138|138|501|78879|7794.0|4278.0|1808.0|1708.0|5685|3572|1570|1075572.0|590364.0|249504.0|235704.0|2052897|505558|400597|281824|35|64|27|5|1321475|3378370|2463342|1547478|7.4|18|4.17|55|182|355|3276.0
202409|ADM|26|41110|44130000|대구|성남시|서초동|4511000000|역삼1가|1|70|3|1|4|1142|328|328|820|49828|39299.0|17840.0|9930.0|11529.0|35607|14550|7070|12890072.0|5851520.0|3257040.0|3781512.0|4141273|2731349|52078|276404|83|179|91|1|7833197|4514469|1019058|1723867|5.67|47|2.27|31|94|383|4418.0
202409|ADM|42|11140|26110000|서울|강남구|인계동|4111000000|역삼1가|1|55|0|1|10|1987|176|176|619|61900|47144.0|14834.0|14436.0|17874.0|34231|12476|11852|8297344.0|2610784.0|2540736.0|3145824.0|1986789|2043646|960372|419639|22|93|24|7|6783814|12070715|236871|996413|6.41|19|1.2|154|225|373|4275.0
202409|ADM|42|41130|43110000|대구|서초구|인계동|4111000000|인계동|2|40|0|2|6|1001|210|210|736|31391|35744.0|12558.0|3997.0|19189.0|33647|11514|2927|7506240.0|2637180.0|839370.0|4029690.0|1180052|2316699|97713|146297|56|118|38|11|7060728|18923928|993444|1946137|2.03|11|4.32|151|333|250|3663.0
202409|CNTY_GU|41|11110|28110000|서울|서초구|역삼동|4511000000|역삼1가|2|60|0|2|6|1198|398|398|346|33104|46412.0|15446.0|14667.0|16299.0|33677|15285|12755|18471976.0|6147508.0|5837466.0|6487002.0|1437745|1539227|219848|350169|105|224|40|5|4455927|13507510|4812736|958867|3.55|8|2.08|34|382|376|3056.0
202409|CNTY_GU|46|11200|26140000|부산|강남구|인계동|4311000000|서초1동|1|60|0|2|9|578|96|96|200|71371|17396.0|5360.0|2261.0|9775.0|15487|5090|2008|1670016.0|514560.0|217056.0|938400.0|264309|2183955|573191|108269|14|42|20|5|1533359|12842581|237713|1586583|5.38|5|4.56|120|213|470|1065.0
202409|ADM|43|42110|41110000|인천|강남구|역삼동|4211000000|서초1동|2|35|0|2|5|556|298|298|349|91300|44805.0|28332.0|8307.0|8166.0|39458|27616|6302|13351890.0|8442936.0|2475486.0|2433468.0|1600527|431842|677149|319774|85|157|58|4|1220960|766995|3061645|176502|6.4|15|2.69|142|242|136|3630.0
202409|ADM|44|11170|11110000|인천|강남구|서초동|2611000000|인계동|2|70|0|2|5|417|191|191|619|15059|31034.0|22808.0|8685.0|0.0|23850|19530|6439|5927494.0|4356328.0|1658835.0|0.0|1451617|1515990|845100|447516|49|88|43|10|1744664|13195389|4683339|754932|7.44|1|4.02|116|58|383|58.0
202409|PRVNC|42|11110|11200000|인천|서초구|인계동|2811000000|인계동|1|25|1|1|5|1039|45|45|616|89719|46958.0|16990.0|15640.0|14328.0|42614|16973|14888|2113110.0|764550.0|703800.0|644760.0|339431|2983983|252071|336775|11|21|11|1|9139234|2139937|1042908|717745|4.24|2|2.51|47|48|274|96.0
202409|ADM|43|42110|41150000|경기|강남구|서초동|1117000000|인계동|1|50|1|1|1|797|458|458|986|13406|23633.0|18702.0|7981.0|0.0|22335|17395|5726|10823914.0|8565516.0|3655298.0|0.0|2224227|464546|65796|420794|84|217|48|33|9114878|4067359|2883098|1830251|6.78|66|2.25|55|260|132|17160.0
202409|PRVNC|43|41130|26140000|부산|서초구|서초동|4113000000|서초1동|2|35|2|1|9|218|376|376|791|84190|42332.0|20672.0|4901.0|16759.0|37887|19711|4112|15916832.0|7772672.0|1842776.0|6301384.0|3937028|655868|331882|374741|43|188|84|18|7312352|6537373|1082262|1151467|5.69|53|2.13|56|446|363|23638.0
202409|ADM|47|47110|43110000|대구|수원시|역삼동|2614000000|서초1동|1|60|2|1|4|168|120|120|229|43563|30595.0|18986.0|6321.0|5288.0|23113|14276|6289|3671400.0|2278320.0|758520.0|634560.0|421867|2275957|151626|270050|35|52|22|2|9583327|15540487|2963648|9524|2.7|10|3.53|145|443|107|4430.0
202409|CNTY_GU|43|43110|47110000|서울|강남구|인계동|1111000000|서초1동|1|65|2|2|10|1986|232|232|879|86447|13654.0|7986.0|3381.0|2287.0|10050|7721|2990|3167728.0|1852752.0|784392.0|530584.0|1807033|2141501|862680|84094|36|135|51|2|6590804|5392832|2364606|433090|6.99|22|2.53|83|40|61|880.0
202409|ADM|45|41150|11140000|경기|강남구|서초동|1120000000|역삼1가|1|30|2|1|8|1820|251|251|942|58334|28395.0|19393.0|7769.0|1233.0|23445|19286|6985|7127145.0|4867643.0|1950019.0|309483.0|3032317|1039658|65839|393376|30|110|68|4|8626594|3386000|370806|1103459|5.06|11|4.75|31|285|88|3135.0
202409|ADM|46|11110|27110000|부산|수원시|서초동|4511000000|인계동|2|45|3|1|8|1505|277|277|909|77752|37009.0|18566.0|13088.0|5355.0|35858|16020|10278|10251493.0|5142782.0|3625376.0|1483335.0|536630|1445238|700846|369607|54|117|82|21|2478455|1611994|2691133|1569735|2.81|32|2.36|146|297|346|9504.0
202409|ADM|11|46110|44130000|부산|강남구|서초동|1117000000|인계동|1|45|3|2|5|1693|274|274|814|28973|43973.0|27074.0|9656.0|7243.0|43136|22284|8183|12048602.0|7418276.0|2645744.0|1984582.0|2578328|1835888|311028|201942|68|136|52|12|2373755|2458799|88291|1946873|3.43|3|3.32|49|249|240|747.0
202409|ADM|43|11170|28110000|경기|서초구|인계동|1120000000|역삼1가|2|40|1|2|8|1646|429|429|566|93161|46005.0|29548.0|10172.0|6285.0|45774|21043|7216|19736145.0|12676092.0|4363788.0|2696265.0|3655233|1877546|132783|335385|110|195|61|11|5289715|3603965|1263470|1024112|2.77|30|3.99|157|250|191|7500.0
202409|CNTY_GU|11|26110|11200000|서울|수원시|역삼동|4413000000|역삼1가|2|60|1|2|7|1777|56|56|479|99079|4105.0|2049.0|539.0|1517.0|3887|2006|456|229880.0|114744.0|30184.0|84952.0|100423|319641|791906|101564|10|29|10|0|7266243|14796695|4687450|1019467|5.48|4|3.38|9|65|86|260.0
202409|CNTY_GU|45|44130|26140000|대구|서초구|서초동|1111000000|역삼1가|2|45|0|1|5|1536|370|370|309|82774|26898.0|19834.0|10489.0|0.0|23852|18866|7878|9952260.0|7338580.0|3880930.0|0.0|3978603|2549944|330829|148096|84|170|47|32|2214468|16233466|1112618|1823316|4.35|17|4.42|90|227|476|3859.0
202409|ADM|46|11110|27110000|인천|수원시|역삼동|4111000000|역삼1가|1|70|0|1|7|542|5|5|845|61285|33163.0|18556.0|4377.0|10230.0|31100|16013|3494|165815.0|92780.0|21885.0|51150.0|1759872|931437|388524|355310|1|2|1|0|4651762|7185581|2745144|131261|7.63|0|4.81|146|0|268|0.0
202409|ADM|45|26110|11110000|인천|수원시|서초동|4115000000|역삼1가|1|40|1|2|6|1649|202|202|747|68333|34038.0|26893.0|7006.0|139.0|28098|19176|6140|6875676.0|5432386.0|1415212.0|28078.0|196185|1589741|467308|25111|38|84|50|14|6115274|8493957|735358|1101300|4.54|22|2.46|96|367|249|8074.0
202409|PRVNC|45|46110|45110000|대구|강남구|인계동|1117000000|역삼1가|2|20|1|2|4|1961|466|466|42|81296|39188.0|22825.0|13803.0|2560.0|31932|22295|12931|18261608.0|10636450.0|6432198.0|1192960.0|1654253|2205403|567630|36225|66|226|81|7|4907275|13032232|4388563|1211849|4.24|23|3.48|62|355|142|8165.0
202409|PRVNC|42|41150|42110000|대구|서초구|인계동|4611000000|서초1동|1|35|0|2|3|1099|484|484|405|77349|4755.0|1885.0|779.0|2091.0|4165|1558|762|2301420.0|912340.0|377036.0|1012044.0|3274637|2717445|439473|163536|67|193|113|21|2947034|4741518|1608594|1573866|2.37|1|1.66|104|296|246|296.0
202409|PRVNC|27|47110|11140000|서울|수원시|역삼동|1117000000|인계동|2|30|1|1|7|107|241|241|165|93544|15428.0|4957.0|5974.0|4497.0|13240|3986|4635|3718148.0|1194637.0|1439734.0|1083777.0|2452186|2903097|824505|247681|70|107|24|5|5095949|15292774|4928781|797103|5.22|31|3.06|38|307|339|9517.0
202409|ADM|42|41110|44130000|서울|수원시|서초동|4211000000|역삼1가|2|65|2|1|8|1799|346|346|198|75963|7842.0|5303.0|2881.0|0.0|7677|5241|2152|2713332.0|1834838.0|996826.0|0.0|4452347|1891540|854187|429189|56|165|58|17|9027051|18534557|3039954|480515|4.73|22|2.04|101|241|10|5302.0
202409|ADM|43|11140|42110000|경기|성남시|역삼동|1111000000|서초1동|2|30|1|2|8|1205|275|275|293|79196|16074.0|8923.0|5972.0|1179.0|14323|8768|5614|4420350.0|2453825.0|1642300.0|324225.0|2873867|1259237|963850|273231|72|126|76|17|7751144|18562323|1271139|1423822|5.92|1|2.92|109|72|190|72.0
202409|CNTY_GU|42|11140|44130000|서울|서초구|인계동|1117000000|역삼1가|2|40|2|1|8|1971|424|424|518|44555|11807.0|6916.0|4708.0|183.0|8694|5955|3611|5006168.0|2932384.0|1996192.0|77592.0|3264792|1799241|349687|133562|82|191|65|2|501341|7569029|4072136|674837|4.39|3|2.16|22|377|22|1131.0
202409|CNTY_GU|43|44130|47110000|인천|서초구|인계동|4211000000|역삼1가|2|40|2|1|3|1547|401|401|25|60082|0.0|0.0|0.0|0.0|0|0|0|0.0|0.0|0.0|0.0|639144|2363067|20066|486|111|176|106|22|5189491|11610027|644444|1461479|7.69|33|2.41|158|116|300|3828.0
202409|CNTY_GU|43|41130|42110000|경기|수원시|인계동|4711000000|역삼1가|2|40|2|1|7|1197|264|264|10|66986|5931.0|4063.0|766.0|1102.0|5630|3177|691|1565784.0|1072632.0|202224.0|290928.0|2619959|2016915|513652|99769|61|113|58|0|9122672|145840|4409006|1528352|7.06|38|4.47|178|280|54|10640.0
202409|CNTY_GU|43|41150|26140000|경기|성남시|역삼동|4511000000|인계동|2|20|2|1|3|676|307|307|447|37953|1576.0|864.0|158.0|554.0|1492|647|149|483832.0|265248.0|48506.0|170078.0|3386179|598379|999579|329440|85|130|85|4|7004134|9399979|3399264|445891|6.99|28|2.03|160|298|23|8344.0
202409|PRVNC|11|11170|27110000|부산|강남구|역삼동|4111000000|역삼1가|2|40|1|1|9|1611|329|329|622|64887|33893.0|26138.0|6210.0|1545.0|30346|20425|5502|11150797.0|8599402.0|2043090.0|508305.0|4585871|1207337|355222|317417|87|137|34|25|9569381|1309578|3648477|1040071|7.79|28|2.47|74|408|208|11424.0
202409|CNTY_GU|26|47110|43110000|인천|수원시|역삼동|4113000000|인계동|2|25|1|1|10|831|4|4|614|17074|14396.0|9961.0|2811.0|1624.0|10406|8254|2098|57584.0|39844.0|11244.0|6496.0|2943625|433662|894828|233248|0|2|0|0|4499090|17455009|4079846|1225448|6.5|0|2.65|110|0|19|0.0
202409|ADM|42|43110|11110000|경기|강남구|서초동|4113000000|역삼1가|1|30|0|2|9|97|413|413|388|74227|37892.0|15395.0|13734.0|8763.0|37436|14961|10010|15649396.0|6358135.0|5672142.0|3619119.0|1782022|1483857|431184|13984|57|223|59|32|9055192|3142551|3646752|1165343|4.51|14|4.09|12|261|44|3654.0
202409|CNTY_GU|41|44130|46110000|대구|성남시|역삼동|4113000000|역삼1가|1|20|0|2|5|826|437|437|553|62200|17461.0|13241.0|5115.0|0.0|13899|9629|4640|7630457.0|5786317.0|2235255.0|0.0|1111608|2422215|74323|223347|70|247|88|36|5836248|15108801|3211787|707475|7.02|36|4.88|51|100|169|3600.0
202409|CNTY_GU|11|41150|42110000|대구|서초구|인계동|4711000000|서초1동|2|30|2|1|9|1481|280|280|445|59980|37801.0|25358.0|6653.0|5790.0|26748|19709|5685|10584280.0|7100240.0|1862840.0|1621200.0|2277433|172147|454345|111635|78|161|58|11|394647|19537308|1247486|194632|6.36|35|1.49|94|254|448|8890.0
202409|CNTY_GU|26|28110|41150000|부산|강남구|인계동|4211000000|역삼1가|2|30|1|2|8|1001|151|151|782|67976|13938.0|11081.0|1452.0|1405.0|12536|10408|1404|2104638.0|1673231.0|219252.0|212155.0|3987837|1089079|15537|7000|44|78|25|14|8355222|865653|1101031|1610586|3.79|15|2.09|138|144|74|2160.0
202409|CNTY_GU|46|26140|11110000|부산|강남구|역삼동|2811000000|역삼1가|1|65|0|1|8|677|451|451|630|52357|18444.0|7960.0|3320.0|7164.0|15081|5696|2831|8318244.0|3589960.0|1497320.0|3230964.0|4075805|650370|148827|197964|62|188|130|32|7308346|17188097|3174684|838897|7.44|44|4.6|26|120|446|5280.0
202409|CNTY_GU|26|11200|26110000|대구|성남시|인계동|1111000000|서초1동|1|30|0|1|4|533|148|148|605|14034|33190.0|23336.0|6719.0|3135.0|26000|19134|4800|4912120.0|3453728.0|994412.0|463980.0|1781826|2502001|971016|213837|19|82|18|5|437261|6832559|1147694|1191416|7.91|15|2.19|64|416|40|6240.0
202409|CNTY_GU|42|11170|11110000|부산|수원시|인계동|4611000000|역삼1가|2|20|0|2|6|595|4|4|397|57485|31391.0|10271.0|11141.0|9979.0|23477|8489|10297|125564.0|41084.0|44564.0|39916.0|2867931|632225|69648|360526|0|1|0|0|7364759|10028586|1715316|516560|6.85|0|4.19|143|0|360|0.0
202409|ADM|43|42110|11200000|서울|서초구|역삼동|4311000000|역삼1가|2|70|0|1|4|883|298|298|360|99628|14532.0|10798.0|2302.0|1432.0|13480|9471|1897|4330536.0|3217804.0|685996.0|426736.0|2479577|1755388|25970|69740|57|149|55|13|499228|8333602|1364401|675493|4.48|0|4.43|159|0|213|0.0
202409|PRVNC|42|11110|45110000|인천|성남시|서초동|4611000000|서초1동|1|20|0|2|9|642|109|109|839|15540|34666.0|23974.0|6874.0|3818.0|26069|23439|6785|3778594.0|2613166.0|749266.0|416162.0|2165844|1626607|276553|132743|25|50|16|10|4444922|19124600|3959505|1933391|7.95|7|2.13|153|252|391|1764.0
202409|ADM|47|41130|11110000|부산|강남구|인계동|2614000000|역삼1가|2|50|0|2|10|370|297|297|115|78097|16028.0|11316.0|1940.0|2772.0|13249|10397|1540|4760316.0|3360852.0|576180.0|823284.0|2922096|2425823|202174|216119|47|166|59|3|2353277|608396|2669570|1999284|4.51|37|4.01|143|36|148|1332.0
202409|ADM|46|27110|47110000|부산|서초구|인계동|1114000000|서초1동|2|40|0|1|8|129|70|70|630|27588|48064.0|29099.0|18209.0|756.0|34915|23257|17419|3364480.0|2036930.0|1274630.0|52920.0|1620686|1534340|769908|128505|19|30|15|1|4807955|7801825|4089689|684120|4.4|7|4.36|155|164|466|1148.0
202409|CNTY_GU|44|41150|42110000|대구|강남구|서초동|2614000000|서초1동|1|55|1|2|7|1159|316|316|284|29408|10255.0|6168.0|1085.0|3002.0|9100|4610|793|3240580.0|1949088.0|342860.0|948632.0|4794806|274186|350491|442437|55|163|43|19|9810283|19229673|2729822|1410263|6.18|47|2.95|31|309|435|14523.0
202409|ADM|45|11170|11200000|서울|성남시|서초동|4113000000|서초1동|1|20|2|1|2|826|419|419|456|29554|46463.0|23039.0|14925.0|8499.0|41289|19215|10508|19467997.0|9653341.0|6253575.0|3561081.0|969092|1878589|988878|310651|56|246|72|40|8648120|1470458|3085119|459836|6.64|62|4.69|96|325|379|20150.0
202409|ADM|47|11140|26140000|경기|서초구|역삼동|4511000000|인계동|2|50|1|2|1|1696|128|128|340|71686|16714.0|5871.0|5966.0|4877.0|12577|5559|5345|2139392.0|751488.0|763648.0|624256.0|2179806|1905876|611552|5222|16|56|12|10|2347985|8871041|2086432|331034|2.58|4|4.09|48|125|48|500.0
202409|CNTY_GU|26|41130|11200000|경기|서초구|인계동|2611000000|인계동|1|50|0|1|6|938|140|140|109|67424|8375.0|4352.0|1099.0|2924.0|7751|3635|863|1172500.0|609280.0|153860.0|409360.0|2993709|2728492|483416|453458|30|76|38|1|7626592|6828055|3494440|1927825|5.55|0|4.11|56|0|231|0.0
202409|ADM|45|28110|11110000|부산|수원시|서초동|1120000000|서초1동|1|45|0|1|6|1247|497|497|833|93540|44217.0|24216.0|15076.0|4925.0|40856|17653|10940|21975849.0|12035352.0|7492772.0|2447725.0|2987247|2264996|33364|185263|52|204|107|18|9726455|18227888|4968290|1322727|4.41|43|2.62|150|180|69|7740.0
202409|PRVNC|26|11110|46110000|서울|강남구|역삼동|4115000000|인계동|1|35|1|1|9|1793|53|53|569|99470|18833.0|9937.0|2168.0|6728.0|15988|8499|1817|998149.0|526661.0|114904.0|356584.0|2658002|649601|383788|18969|7|28|9|2|3937568|5994079|2123514|302702|7.38|7|3.85|35|171|250|1197.0
202409|CNTY_GU|42|27110|44130000|서울|서초구|인계동|1114000000|인계동|2|65|2|1|8|1556|220|220|323|30683|29469.0|17450.0|11409.0|610.0|26810|14809|8607|6483180.0|3839000.0|2509980.0|134200.0|3467555|1422386|837645|354249|35|102|47|1|5048736|5218919|2806220|1354773|5.19|5|1.38|55|101|90|505.0
202409|ADM|41|47110|44130000|부산|성남시|역삼동|1111000000|역삼1가|2|30|1|2|6|193|414|414|55|58648|41500.0|18365.0|12339.0|10796.0|40109|15559|10165|17181000.0|7603110.0|5108346.0|4469544.0|4570333|1958656|639403|494399|100|197|81|23|9031110|2878022|4067316|1532622|5.03|22|2.08|119|50|307|1100.0
202409|PRVNC|11|27110|42110000|부산|강남구|서초동|4611000000|인계동|2|35|3|2|5|66|363|363|207|91116|28247.0|22512.0|7511.0|0.0|21432|17805|6318|10253661.0|8171856.0|2726493.0|0.0|28938|2959551|303286|312538|88|149|62|36|1405783|12763779|2850058|1198554|2.0|4|4.72|36|318|277|1272.0
202409|CNTY_GU|44|41130|11170000|인천|강남구|인계동|4111000000|인계동|1|30|3|2|10|574|393|393|660|11139|11145.0|6644.0|3813.0|688.0|11037|5455|3769|4379985.0|2611092.0|1498509.0|270384.0|3011363|42523|967307|361026|70|225|73|27|4799813|4511382|282325|1964274|2.98|9|4.26|121|128|455|1152.0
202409|ADM|26|42110|11200000|부산|수원시|역삼동|4113000000|역삼1가|1|65|0|1|3|1835|181|181|808|29363|19512.0|7110.0|3251.0|9151.0|14214|6216|2745|3531672.0|1286910.0|588431.0|1656331.0|534290|2803126|243221|165207|38|104|39|6|3253209|16252080|3105017|646778|6.66|2|4.57|90|64|32|128.0
202409|CNTY_GU|27|11170|45110000|경기|성남시|서초동|2614000000|인계동|1|35|0|2|5|352|18|18|918|46897|19304.0|11391.0|4206.0|3707.0|16760|11389|3835|347472.0|205038.0|75708.0|66726.0|1615003|1484536|823022|197933|4|8|2|1|3699636|14418687|3568454|233434|7.61|0|2.66|41|0|31|0.0
202409|CNTY_GU|27|11110|26110000|경기|서초구|서초동|2611000000|인계동|2|60|0|1|10|690|83|83|265|16465|9611.0|4259.0|1776.0|3576.0|8261|3905|1463|797713.0|353497.0|147408.0|296808.0|1903255|1256545|622169|460381|12|39|21|3|2489248|15061099|978111|987407|5.9|2|3.26|57|429|246|858.0
202409|PRVNC|47|41150|26140000|경기|수원시|서초동|4611000000|서초1동|1|20|3|2|1|21|397|397|470|72732|37389.0|23404.0|6628.0|7357.0|27107|20587|4695|14843433.0|9291388.0|2631316.0|2920729.0|3319237|2923024|366889|134579|58|228|50|6|53062|16804798|998585|1663499|6.35|44|2.74|73|450|274|19800.0
202409|ADM|47|11140|11110000|대구|강남구|서초동|1111000000|인계동|2|35|1|1|6|1824|50|50|681|61430|33924.0|22618.0|8815.0|2491.0|32828|21179|6758|1696200.0|1130900.0|440750.0|124550.0|4927775|1022672|149461|138680|7|20|8|0|8067853|12985705|2975041|1887595|6.0|5|3.55|122|221|473|1105.0
202409|ADM|46|26110|41150000|서울|서초구|서초동|4711000000|인계동|1|55|2|1|2|142|312|312|585|92881|42818.0|33432.0|17111.0|0.0|32641|25957|13591|13359216.0|10430784.0|5338632.0|0.0|2395386|410560|76462|262054|85|172|85|26|2808534|3859131|3582301|54945|5.25|3|1.45|84|270|375|810.0
202409|ADM|42|46110|26110000|서울|수원시|역삼동|4311000000|역삼1가|2|60|0|1|7|824|489|489|383|10917|9017.0|7056.0|2569.0|0.0|6958|5525|2241|4409313.0|3450384.0|1256241.0|0.0|944511|1612597|755591|112755|115|276|138|26|6110025|7518669|4522200|666857|7.78|34|2.28|105|57|363|1938.0
202409|CNTY_GU|27|26140|41110000|경기|강남구|인계동|2811000000|인계동|1|30|3|2|7|251|45|45|184|35290|2872.0|1928.0|950.0|0.0|2853|1401|938|129240.0|86760.0|42750.0|0.0|4115699|583368|310804|143667|8|22|5|2|1088336|14402067|4157099|1489248|6.16|1|1.62|87|425|341|425.0
202409|CNTY_GU|46|45110|41150000|대구|성남시|역삼동|4115000000|역삼1가|1|45|0|1|1|596|259|259|964|69914|19384.0|9884.0|2699.0|6801.0|17072|7729|2033|5020456.0|2559956.0|699041.0|1761459.0|4178319|973402|86676|148554|36|143|76|2|4580011|5991180|4043981|1224035|3.61|2|4.23|175|187|274|374.0
202409|ADM|27|43110|41130000|대구|서초구|인계동|4511000000|서초1동|1|35|3|1|4|1255|163|163|951|20188|11255.0|7613.0|3906.0|0.0|9310|5351|3192|1834565.0|1240919.0|636678.0|0.0|4585993|713249|176460|421003|42|83|35|3|2276959|4791914|4158961|1762021|6.42|3|3.29|96|486|329|1458.0
202409|ADM|43|41150|11170000|경기|성남시|인계동|4511000000|역삼1가|2|35|0|2|9|497|398|398|753|52703|33522.0|20522.0|9019.0|3981.0|31895|19943|7110|13341756.0|8167756.0|3589562.0|1584438.0|131794|1081653|640948|6141|88|208|81|1|2714760|5119328|3077790|1691057|4.37|16|4.74|114|413|218|6608.0
202409|ADM|27|11140|47110000|인천|성남시|역삼동|4413000000|서초1동|1|25|1|1|9|1063|322|322|751|75536|23559.0|10662.0|4079.0|8818.0|19428|10635|3574|7585998.0|3433164.0|1313438.0|2839396.0|1773105|1833413|983077|395652|81|157|32|18|780422|4907504|355889|577924|7.62|34|2.52|177|265|383|9010.0
202409|ADM|46|28110|41130000|인천|수원시|인계동|1114000000|역삼1가|2|50|2|2|8|572|8|8|838|56980|14064.0|6875.0|3766.0|3423.0|12615|5474|3326|112512.0|55000.0|30128.0|27384.0|4917636|2668234|363954|205976|2|4|2|0|8927261|15654975|1077891|776132|5.61|0|1.3|101|0|70|0.0
202409|ADM|46|45110|42110000|경기|서초구|인계동|2614000000|역삼1가|2|35|0|1|8|403|256|256|314|65925|49350.0|30699.0|16628.0|2023.0|35872|29468|13298|12633600.0|7858944.0|4256768.0|517888.0|4235133|1363304|244475|106098|36|118|68|20|4124891|4015605|87391|1636598|4.99|4|1.15|9|348|474|1392.0
202409|CNTY_GU|44|47110|26110000|대구|성남시|인계동|4311000000|역삼1가|2|25|0|2|2|352|316|316|100|10313|1263.0|577.0|203.0|483.0|1107|516|200|399108.0|182332.0|64148.0|152628.0|984250|1554800|845141|184262|54|130|77|12|329535|207152|4048566|1905654|2.95|1|2.67|41|366|127|366.0
202409|CNTY_GU|46|42110|11140000|서울|성남시|서초동|2614000000|역삼1가|1|45|2|2|7|1871|183|183|184|77576|40434.0|26971.0|11121.0|2342.0|40107|25220|9238|7399422.0|4935693.0|2035143.0|428586.0|2266265|2454071|902254|21902|37|101|43|14|1036794|16249819|2196304|822334|6.34|17|2.04|162|463|323|7871.0
202409|CNTY_GU|41|44130|27110000|부산|서초구|서초동|2711000000|역삼1가|2|40|2|2|4|1130|382|382|565|38049|12970.0|5550.0|4990.0|2430.0|11312|4729|3839|4954540.0|2120100.0|1906180.0|928260.0|2868458|2199040|167257|11770|60|200|110|8|1547782|18433700|4464091|753165|6.51|49|3.61|118|75|223|3675.0
202409|ADM|42|42110|45110000|서울|수원시|인계동|4113000000|역삼1가|2|70|0|2|1|923|180|180|850|10652|3798.0|2640.0|1067.0|91.0|2890|2145|770|683640.0|475200.0|192060.0|16380.0|529505|601558|164808|80154|45|72|28|6|8788263|14127555|4536490|1164120|7.96|16|3.89|54|42|55|672.0
202409|CNTY_GU|44|45110|28110000|경기|강남구|서초동|2711000000|역삼1가|1|30|3|1|9|1736|75|75|692|53395|39885.0|13114.0|15794.0|10977.0|37439|11198|12177|2991375.0|983550.0|1184550.0|823275.0|2569984|2269547|949286|131448|19|30|7|6|7976031|12652293|883992|1050659|5.4|5|1.56|148|173|196|865.0
202409|CNTY_GU|47|43110|26140000|서울|수원시|인계동|1117000000|인계동|1|45|0|2|6|1046|221|221|223|18293|27362.0|20178.0|3616.0|3568.0|22190|15759|3336|6047002.0|4459338.0|799136.0|788528.0|3561748|2256995|726949|292890|23|126|61|17|5111718|3990541|3238334|948791|2.21|7|3.36|145|49|207|343.0
202409|CNTY_GU|41|44130|44130000|서울|수원시|인계동|1117000000|서초1동|2|70|2|2|2|949|295|295|142|28390|8666.0|6470.0|995.0|1201.0|7815|5750|955|2556470.0|1908650.0|293525.0|354295.0|4500123|2529759|827118|265130|57|126|37|6|6924565|17600700|2788102|1899793|6.17|30|2.28|103|182|445|5460.0
202409|ADM|47|42110|47110000|서울|서초구|서초동|4311000000|인계동|1|40|0|1|10|828|198|198|663|38946|43923.0|29806.0|6352.0|7765.0|42022|25497|5106|8696754.0|5901588.0|1257696.0|1537470.0|1694011|2763253|924606|96950|27|113|27|4|6145006|2698296|1115359|1781896|4.1|20|3.7|137|71|160|1420.0
202409|ADM|45|11200|43110000|대구|성남시|역삼동|2611000000|인계동|2|70|0|1|2|1734|100|100|947|92948|4177.0|2660.0|1353.0|164.0|3774|2503|1135|417700.0|266000.0|135300.0|16400.0|3656830|2962463|494845|296683|11|49|28|4|4191602|16709210|2742059|1840604|2.98|10|1.74|12|291|351|2910.0
202409|PRVNC|11|41110|11170000|부산|성남시|인계동|4311000000|인계동|2|30|1|2|4|1635|4|4|824|45432|6815.0|2359.0|2681.0|1775.0|4827|1916|2151|27260.0|9436.0|10724.0|7100.0|4873059|439028|818914|462952|0|1|0|0|154|4928235|4412790|363077|5.52|0|2.49|24|0|476|0.0
202409|ADM|47|44130|11140000|부산|서초구|역삼동|4211000000|서초1동|2|40|2|1|1|1789|263|263|868|18469|24481.0|18914.0|8915.0|0.0|20021|16499|8614|6438503.0|4974382.0|2344645.0|0.0|4757401|1165083|607964|298549|67|132|62|21|27856|6529032|3476143|199166|5.85|7|4.04|61|60|225|420.0
202409|CNTY_GU|11|42110|11110000|서울|서초구|서초동|1120000000|인계동|1|50|1|1|1|1350|166|166|43|71651|32483.0|23766.0|6332.0|2385.0|25859|22100|4682|5392178.0|3945156.0|1051112.0|395910.0|1055053|1826800|770262|445034|37|66|43|4|7293399|5473380|2614040|430396|4.38|20|3.1|66|67|196|1340.0
202409|ADM|26|41110|11200000|서울|서초구|인계동|4113000000|서초1동|2|40|0|1|1|1985|204|204|125|88315|4801.0|3476.0|994.0|331.0|4084|3271|879|979404.0|709104.0|202776.0|67524.0|2537263|2191219|557620|12640|39|90|57|2|3259201|16132421|1169098|649349|3.37|2|2.32|36|381|343|762.0
202409|ADM|46|28110|42110000|경기|수원시|서초동|4711000000|인계동|2|60|2|1|7|1121|149|149|480|36709|2323.0|1206.0|461.0|656.0|1894|1169|338|346127.0|179694.0|68689.0|97744.0|4305318|2898870|96105|364092|23|75|31|7|3388300|7641848|1297464|1215345|2.29|1|2.54|45|427|417|427.0
202409|ADM|47|11200|42110000|서울|성남시|인계동|2611000000|인계동|2|70|2|1|6|1070|398|398|321|76248|23145.0|10904.0|3106.0|9135.0|19430|7682|2279|9211710.0|4339792.0|1236188.0|3635730.0|963031|348035|11972|460527|90|231|82|0|9746086|14058677|3826431|612347|4.19|12|2.18|178|453|444|5436.0
202409|CNTY_GU|47|41130|26140000|대구|수원시|서초동|1117000000|인계동|1|30|1|2|2|618|242|242|86|98415|24478.0|17337.0|5288.0|1853.0|18915|12825|3886|5923676.0|4195554.0|1279696.0|448426.0|3373194|431559|494233|50545|46|99|66|5|1698545|4628981|2627711|1226810|7.2|12|4.67|95|488|290|5856.0
202409|CNTY_GU|26|45110|28110000|서울|강남구|서초동|4115000000|인계동|2|65|1|1|8|1109|72|72|396|41757|221.0|82.0|46.0|93.0|172|75|36|15912.0|5904.0|3312.0|6696.0|3662562|1276386|39324|402411|7|41|12|2|1023125|13143832|895395|1997302|5.34|3|3.77|152|287|276|861.0
202409|CNTY_GU|26|26110|43110000|인천|서초구|서초동|4115000000|인계동|1|40|0|1|1|20|258|258|646|12390|23409.0|17230.0|3565.0|2614.0|16521|16355|3186|6039522.0|4445340.0|919770.0|674412.0|1071125|681708|997730|248418|39|140|33|11|9591614|3376146|4033769|1515735|4.16|23|4.35|167|118|251|2714.0
202409|CNTY_GU|11|11200|26140000|경기|수원시|인계동|4711000000|역삼1가|1|70|2|2|5|1604|208|208|629|20106|44214.0|18813.0|10105.0|15296.0|36219|15473|8508|9196512.0|3913104.0|2101840.0|3181568.0|4574824|1931953|653076|31927|45|108|31|19|5308302|17191007|21417|1528927|2.68|21|1.92|158|38|181|798.0
202409|CNTY_GU|46|27110|28110000|부산|수원시|역삼동|4311000000|서초1동|2|70|0|2|5|1866|123|123|857|77375|47558.0|23630.0|13270.0|10658.0|34332|17966|11352|5849634.0|2906490.0|1632210.0|1310934.0|358679|2619173|666778|102348|33|50|33|7|6252042|10972236|2826907|700439|7.4|14|1.25|13|160|390|2240.0
202409|ADM|26|11140|45110000|부산|성남시|역삼동|2614000000|인계동|1|60|1|2|9|1422|175|175|406|11862|2302.0|1687.0|399.0|216.0|1940|1482|366|402850.0|295225.0|69825.0|37800.0|4937675|299714|839602|220034|29|74|48|4|6077741|1265075|1181825|1510025|3.56|1|1.85|108|59|423|59.0
202409|ADM|26|11140|41130000|인천|성남시|역삼동|4311000000|역삼1가|2|40|1|1|5|542|131|131|347|58421|10130.0|5673.0|1182.0|3275.0|7618|4567|1145|1327030.0|743163.0|154842.0|429025.0|3301411|2561755|513349|384913|38|59|31|3|9743099|18962783|4438991|150625|7.26|15|4.27|177|373|13|5595.0
202409|CNTY_GU|43|42110|47110000|대구|서초구|역삼동|2611000000|서초1동|2|60|0|1|8|398|52|52|309|63915|0.0|0.0|0.0|0.0|0|0|0|0.0|0.0|0.0|0.0|50862|596210|998459|195696|12|23|7|1|6300983|2505643|1567381|693981|2.75|5|3.1|163|483|28|2415.0
202409|CNTY_GU|27|46110|11170000|부산|서초구|서초동|1114000000|인계동|2|40|1|1|6|92|228|228|322|86326|31759.0|12325.0|9573.0|9861.0|23719|10938|8599|7241052.0|2810100.0|2182644.0|2248308.0|4846664|1881061|695922|206169|38|103|28|11|6046510|16641147|609872|399694|3.81|29|3.43|90|208|260|6032.0
202409|ADM|45|11170|41110000|인천|서초구|역삼동|1120000000|인계동|2|65|0|2|1|1280|391|391|105|87917|20602.0|10232.0|5029.0|5341.0|17992|9985|4335|8055382.0|4000712.0|1966339.0|2088331.0|1889510|1652808|14481|486036|114|157|113|23|1098562|14651290|3995183|1365622|6.84|28|3.69|174|39|453|1092.0
202409|CNTY_GU|45|44130|42110000|대구|수원시|인계동|4113000000|서초1동|2|65|1|2|4|1793|311|311|203|69226|46909.0|34160.0|13025.0|0.0|35601|33538|9863|14588699.0|10623760.0|4050775.0|0.0|2460906|226144|64504|202809|41|168|70|23|8113467|11243610|4158908|205559|3.69|18|1.11|84|140|497|2520.0
202409|ADM|43|45110|47110000|부산|강남구|역삼동|1120000000|역삼1가|1|60|1|2|5|225|498|498|165|81733|22455.0|12550.0|2542.0|7363.0|18043|11741|2328|11182590.0|6249900.0|1265916.0|3666774.0|4972731|1253077|18964|317723|97|251|96|5|682233|9714653|3491469|1514562|2.53|31|3.36|47|351|329|10881.0
202409|CNTY_GU|41|42110|26110000|부산|수원시|역삼동|1111000000|서초1동|1|40|0|1|2|2|259|259|557|20479|26320.0|18558.0|7597.0|165.0|20701|15222|6746|6816880.0|4806522.0|1967623.0|42735.0|2198837|1201685|947345|382744|29|122|38|5|1707947|19133218|2642987|811799|4.55|29|4.23|63|296|92|8584.0
202409|ADM|27|27110|27110000|인천|성남시|서초동|1117000000|서초1동|2|60|1|1|6|356|231|231|781|40956|42941.0|23495.0|8991.0|10455.0|42155|23441|8725|9919371.0|5427345.0|2076921.0|2415105.0|2218154|946722|245599|197532|44|96|25|0|4894969|16046870|450232|1538638|5.03|27|3.77|46|497|189|13419.0
202409|ADM|43|46110|46110000|부산|서초구|인계동|4115000000|서초1동|1|65|0|1|6|1890|63|63|85|19717|33305.0|11239.0|8735.0|13331.0|29744|9499|8222|2098215.0|708057.0|550305.0|839853.0|3487468|2445570|314111|487302|15|34|18|1|524286|120833|1285811|1736446|6.11|1|1.96|57|81|141|81.0
202409|ADM|26|11140|42110000|인천|서초구|인계동|4211000000|인계동|1|20|2|1|10|748|7|7|728|52485|13029.0|5261.0|2775.0|4993.0|10101|5045|2702|91203.0|36827.0|19425.0|34951.0|1762941|2453726|928509|15705|2|3|1|0|594701|9179475|1153374|1529716|2.45|0|1.83|106|0|279|0.0
202409|CNTY_GU|41|28110|42110000|부산|강남구|역삼동|4413000000|서초1동|1|55|0|1|10|903|291|291|433|77463|11347.0|6473.0|2617.0|2257.0|10547|4849|2271|3301977.0|1883643.0|761547.0|656787.0|4844753|277550|190523|467492|65|117|51|2|3208889|19097684|2953667|1884641|5.59|23|1.92|6|340|117|7820.0
202409|CNTY_GU|26|43110|42110000|경기|수원시|역삼동|4413000000|서초1동|1|30|2|2|5|1898|67|67|496|69435|28493.0|13168.0|7430.0|7895.0|27501|10029|6195|1909031.0|882256.0|497810.0|528965.0|129157|640678|269303|488196|6|34|17|1|3006283|14120133|4029386|887296|5.1|3|2.34|139|225|287|675.0
202409|ADM|26|41150|28110000|서울|수원시|인계동|2811000000|역삼1가|2|40|3|1|6|566|396|396|322|77574|34721.0|27698.0|8142.0|0.0|26827|26240|6768|13749516.0|10968408.0|3224232.0|0.0|3782130|1922653|500494|482021|85|231|112|0|724420|9384982|4599418|1746426|2.02|55|3.91|21|447|307|24585.0
202409|ADM|26|11170|45110000|부산|수원시|인계동|1117000000|인계동|2|60|3|2|5|1614|231|231|497|36276|45762.0|23386.0|13029.0|9347.0|33345|17750|12313|10571022.0|5402166.0|3009699.0|2159157.0|4900487|1897446|847386|128097|23|123|56|6|4461788|9568113|3145900|43637|2.23|1|2.24|160|469|73|469.0
202409|CNTY_GU|41|43110|11140000|경기|성남시|역삼동|4311000000|인계동|1|40|0|1|8|195|9|9|472|49687|23132.0|12485.0|3959.0|6688.0|23122|10139|2885|208188.0|112365.0|35631.0|60192.0|2087939|288580|512338|378495|1|4|0|0|1968433|8704959|2872819|131246|7.17|0|3.08|136|0|67|0.0
202409|CNTY_GU|44|42110|11200000|부산|수원시|서초동|4211000000|역삼1가|1|45|0|1|9|1395|29|29|559|73959|3721.0|2279.0|673.0|769.0|3312|1997|668|107909.0|66091.0|19517.0|22301.0|1148285|2395721|487198|279346|6|12|6|2|3846689|5777388|4576239|1605583|6.09|3|3.53|157|148|383|444.0
202409|CNTY_GU|27|11200|41150000|서울|성남시|인계동|4211000000|인계동|2|60|0|2|10|1408|479|479|761|72062|12303.0|5434.0|4243.0|2626.0|8734|5429|3827|5893137.0|2602886.0|2032397.0|1257854.0|2058268|1606358|763445|12162|73|235|125|7|594049|818036|1588868|1929113|7.1|51|3.63|113|193|141|9843.0
202409|CNTY_GU|26|11170|47110000|부산|수원시|역삼동|2811000000|서초1동|2|40|2|2|8|195|442|442|723|62645|24116.0|16918.0|3771.0|3427.0|20632|13380|3082|10659272.0|7477756.0|1666782.0|1514734.0|1880481|861854|368262|393037|113|211|115|8|9352434|18724335|4530987|1619078|2.04|25|3.13|36|40|181|1000.0
202409|ADM|45|45110|11140000|인천|서초구|인계동|4511000000|인계동|2|40|2|1|4|1853|12|12|948|92297|20968.0|12356.0|7643.0|969.0|15704|11391|5365|251616.0|148272.0|91716.0|11628.0|938336|475037|459279|326288|1|5|3|0|5437116|10805328|860186|1540643|2.74|1|1.39|49|260|211|260.0
202409|CNTY_GU|43|11200|46110000|경기|강남구|서초동|2614000000|인계동|1|65|1|1|5|169|218|218|653|92874|22620.0|17847.0|5734.0|0.0|17892|16874|4525|4931160.0|3890646.0|1250012.0|0.0|3143505|2636633|54208|352450|58|121|23|19|3742177|6349775|3544279|1413126|4.13|8|3.45|50|199|336|1592.0
202409|ADM|47|26110|41150000|서울|수원시|서초동|2711000000|서초1동|1|45|3|2|3|296|376|376|879|19154|29954.0|23170.0|10913.0|0.0|28567|19843|10868|11262704.0|8711920.0|4103288.0|0.0|721467|1914679|596030|204469|77|200|96|30|9419303|1388038|4327746|959360|7.97|5|4.32|172|129|41|645.0
202409|CNTY_GU|42|11200|43110000|인천|강남구|역삼동|2614000000|역삼1가|2|65|2|2|4|116|187|187|699|19754|28015.0|19422.0|10820.0|0.0|25243|15982|7677|5238805.0|3631914.0|2023340.0|0.0|1534580|1052358|364737|173613|51|107|54|13|2754428|68798|3273967|1839467|7.38|10|4.03|7|111|456|1110.0
202409|ADM|42|45110|41110000|부산|서초구|인계동|4611000000|인계동|1|20|1|1|9|227|175|175|394|28660|36441.0|11101.0|6572.0|18768.0|27533|9957|6183|6377175.0|1942675.0|1150100.0|3284400.0|2579128|2161445|53853|8970|33|88|24|7|3183669|7012479|4905221|219432|7.21|13|4.02|23|238|320|3094.0
202409|ADM|27|44130|26110000|서울|성남시|서초동|4413000000|서초1동|2|40|0|1|6|1795|358|358|94|47096|49136.0|34548.0|6392.0|8196.0|42018|29147|5396|17590688.0|12368184.0|2288336.0|2934168.0|3541435|991904|553119|28340|77|158|50|25|9588644|17570118|2223414|1925248|4.48|44|1.09|144|20|297|880.0
202409|CNTY_GU|43|45110|11110000|인천|강남구|역삼동|4115000000|역삼1가|2|60|0|2|3|1925|98|98|249|81497|33931.0|14353.0|5413.0|14165.0|27606|11076|4220|3325238.0|1406594.0|530474.0|1388170.0|1576568|2718047|6376|118522|14|55|13|5|6386634|5322156|1117328|534515|2.63|5|5.0|92|301|162|1505.0
202409|PRVNC|42|11200|11170000|인천|강남구|역삼동|4511000000|서초1동|1|50|3|2|9|343|445|445|116|53336|30360.0|22930.0|4309.0|3121.0|28617|22075|4179|13510200.0|10203850.0|1917505.0|1388845.0|559564|1947186|145973|102801|94|227|94|36|3905754|5623526|1460928|1880955|6.22|40|4.66|45|296|410|11840.0
202409|PRVNC|41|46110|41130000|부산|수원시|인계동|4115000000|역삼1가|1|40|1|1|9|722|477|477|721|82111|7540.0|4498.0|2744.0|298.0|5445|3218|2063|3596580.0|2145546.0|1308888.0|142146.0|1247722|1067962|208989|284123|89|268|91|15|1736354|9606287|2144232|995383|7.85|35|4.98|46|147|257|5145.0
202409|ADM|26|45110|47110000|대구|서초구|서초동|1120000000|역삼1가|1|45|3|2|8|843|280|280|66|19390|40306.0|13586.0|5810.0|20910.0|36028|10724|5215|11285680.0|3804080.0|1626800.0|5854800.0|2691063|88324|37847|130686|67|155|35|8|6328422|2901037|130334|1961087|5.69|14|3.99|102|263|468|3682.0
202409|CNTY_GU|43|44130|45110000|서울|강남구|서초동|1120000000|인계동|2|35|0|2|3|1164|68|68|272|53544|4677.0|1570.0|1294.0|1813.0|4556|1124|1182|318036.0|106760.0|87992.0|123284.0|4253643|1071683|43330|365031|10|28|15|0|2488774|4778281|842960|235954|6.61|2|4.8|153|141|288|282.0
202409|ADM|27|41130|41110000|부산|수원시|서초동|2614000000|인계동|1|55|0|1|7|1939|249|249|187|82517|8486.0|3354.0|1155.0|3977.0|8025|3297|1143|2113014.0|835146.0|287595.0|990273.0|2983828|628430|667576|29808|55|115|29|11|6587736|18351508|3397624|1311909|5.95|11|3.07|82|106|114|1166.0
202409|ADM|42|11200|26110000|부산|성남시|역삼동|1111000000|역삼1가|1|70|3|1|1|1170|136|136|792|36941|48045.0|37628.0|10464.0|0.0|42288|34787|10000|6534120.0|5117408.0|1423104.0|0.0|3297461|450482|874323|15448|30|73|39|0|3145415|10130032|4965536|1831484|3.03|3|1.22|116|395|12|1185.0
202409|CNTY_GU|26|41130|41130000|경기|수원시|인계동|1117000000|서초1동|2|40|0|1|4|1577|418|418|857|83497|48432.0|20525.0|9278.0|18629.0|45858|20469|7731|20244576.0|8579450.0|3878204.0|7786922.0|1915344|1869545|108304|324586|103|223|57|25|1275304|835622|1022335|1036563|3.03|55|2.11|76|38|449|2090.0
202409|ADM|41|42110|46110000|대구|강남구|서초동|1111000000|서초1동|1|40|0|2|8|977|482|482|172|16787|24854.0|19254.0|6433.0|0.0|20781|13809|4701|11979628.0|9280428.0|3100706.0|0.0|4760519|488951|894170|296751|63|195|59|40|7379681|17803040|592292|934367|7.93|14|4.46|86|141|112|1974.0
202409|CNTY_GU|41|44130|26110000|대구|성남시|역삼동|4711000000|역삼1가|1|65|0|2|9|1125|345|345|977|79895|12029.0|5757.0|1750.0|4522.0|11440|5243|1728|4150005.0|1986165.0|603750.0|1560090.0|3590421|2933|254309|363532|93|139|59|21|1390534|17073987|3290997|1681399|6.51|17|4.0|16|344|408|5848.0
202409|ADM|27|47110|26140000|대구|성남시|역삼동|2711000000|인계동|2|65|3|2|3|1773|77|77|860|84093|2537.0|1089.0|846.0|602.0|2191|855|770|195349.0|83853.0|65142.0|46354.0|3675873|2869251|225846|51866|13|33|8|6|9002032|15348206|3213690|300437|7.12|7|3.16|87|347|206|2429.0
202409|ADM|44|11110|43110000|부산|서초구|역삼동|2711000000|서초1동|2|35|1|2|10|1874|352|352|260|91352|20721.0|12842.0|3699.0|4180.0|15829|12343|3632|7293792.0|4520384.0|1302048.0|1471360.0|2474511|767585|962038|77512|41|159|85|8|6415214|8239326|4705003|1875415|6.46|2|2.76|21|298|300|596.0
202409|ADM|44|47110|11200000|인천|강남구|역삼동|4311000000|서초1동|2|40|0|1|10|1857|240|240|105|32284|24419.0|9752.0|4670.0|9997.0|19982|7308|4539|5860560.0|2340480.0|1120800.0|2399280.0|514071|275730|334887|267628|43|107|53|1|7717539|4840627|906096|488649|6.11|7|1.19|89|284|489|1988.0
202409|PRVNC|11|41110|45110000|서울|성남시|인계동|4611000000|서초1동|1|25|1|2|10|170|227|227|332|48466|29473.0|11078.0|8017.0|10378.0|26775|9017|7676|6690371.0|2514706.0|1819859.0|2355806.0|1987738|185187|391391|67365|39|100|27|14|5656292|19093387|4101793|1277286|2.68|25|1.41|77|286|186|7150.0
202409|CNTY_GU|46|27110|42110000|인천|성남시|서초동|1117000000|서초1동|2|60|1|2|7|1116|128|128|302|36972|15337.0|6145.0|2217.0|6975.0|11460|5111|1667|1963136.0|786560.0|283776.0|892800.0|1888383|2710681|421494|5518|18|66|25|4|4970469|1421277|2780837|910687|4.62|5|2.29|121|245|324|1225.0
202409|ADM|43|41150|47110000|인천|강남구|역삼동|4113000000|서초1동|1|50|0|1|9|1693|418|418|944|39612|32647.0|16704.0|11184.0|4759.0|29705|13902|9381|13646446.0|6982272.0|4674912.0|1989262.0|4509534|1546071|544830|166026|83|204|58|26|1948190|19052363|1419592|234445|5.12|14|3.72|105|203|7|2842.0
202409|ADM|42|43110|27110000|경기|서초구|서초동|2614000000|인계동|1|45|1|2|2|1707|174|174|525|27458|41864.0|32456.0|12738.0|0.0|40257|25972|10628|7284336.0|5647344.0|2216412.0|0.0|4794236|483052|646513|77216|45|83|35|0|5710404|902308|3277205|1453213|2.15|5|4.26|73|220|407|1100.0
202409|ADM|44|41110|26110000|인천|수원시|역삼동|4115000000|서초1동|1|60|0|1|2|999|257|257|661|91866|31426.0|17598.0|4301.0|9527.0|26732|16351|3711|8076482.0|4522686.0|1105357.0|2448439.0|3493853|2773976|925025|74183|68|130|58|19|9494733|11730288|2381724|997388|2.72|21|2.16|56|134|41|2814.0
202409|ADM|27|27110|27110000|대구|수원시|서초동|4611000000|역삼1가|2|70|0|1|2|605|3|3|197|88152|17946.0|7703.0|6352.0|3891.0|13071|6246|5150|53838.0|23109.0|19056.0|11673.0|925445|701830|818749|405389|0|1|0|0|4679745|10540555|3131762|520335|7.98|0|2.99|92|0|228|0.0
202409|CNTY_GU|45|47110|46110000|대구|성남시|인계동|2614000000|역삼1가|2|65|2|1|8|1082|208|208|336|72035|27887.0|16087.0|8937.0|2863.0|26145|13293|7658|5800496.0|3346096.0|1858896.0|595504.0|3049984|2610936|322012|320983|31|123|41|13|5926984|7248646|2265599|1076725|4.63|1|2.18|158|282|225|282.0
202409|CNTY_GU|41|41130|11110000|대구|성남시|서초동|2811000000|역삼1가|2|35|0|2|7|181|24|24|396|33778|32223.0|19981.0|7845.0|4397.0|27305|15495|7234|773352.0|479544.0|188280.0|105528.0|752782|1133399|196159|132132|3|13|4|1|744102|2341647|4379499|1306718|4.12|2|1.88|24|110|342|220.0
202409|CNTY_GU|26|43110|41130000|대구|강남구|서초동|4115000000|서초1동|1|60|0|1|4|1532|175|175|424|14140|365.0|276.0|86.0|3.0|328|227|61|63875.0|48300.0|15050.0|525.0|3831095|1755493|653658|479145|47|104|32|0|3258551|9531957|2305884|609321|7.74|24|4.04|95|343|159|8232.0
202409|PRVNC|45|41130|11140000|부산|성남시|서초동|2614000000|인계동|1|55|3|2|4|1016|476|476|521|21119|45940.0|14922.0|7515.0|23503.0|37542|12680|5482|21867440.0|7102872.0|3577140.0|11187428.0|1524117|2158989|365833|381948|99|265|138|1|7649726|17085256|3129975|1292998|7.08|36|4.97|110|149|316|5364.0
202409|ADM|44|41130|27110000|대구|수원시|역삼동|2614000000|인계동|1|65|1|1|10|1093|467|467|259|70253|11648.0|7712.0|2160.0|1776.0|10524|6428|1961|5439616.0|3601504.0|1008720.0|829392.0|472695|1130707|590999|166677|117|243|66|8|5752815|15867278|998571|425099|7.74|6|1.09|140|324|109|1944.0
202409|CNTY_GU|27|41110|44130000|부산|수원시|서초동|1120000000|인계동|2|35|0|1|8|393|261|261|855|82782|27832.0|15809.0|5446.0|6577.0|22818|13439|5073|7264152.0|4126149.0|1421406.0|1716597.0|4617123|296688|639060|80419|50|115|26|10|7136391|3183043|2671280|1973049|5.54|27|2.2|89|164|300|4428.0
202409|ADM|43|28110|11200000|대구|서초구|역삼동|4113000000|인계동|2|60|0|1|10|586|492|492|840|99893|19433.0|7827.0|5968.0|5638.0|15351|6263|5669|9561036.0|3850884.0|2936256.0|2773896.0|2007870|2692590|25041|8045|73|261|77|37|6267129|7281418|3483005|33428|4.71|69|2.23|162|161|338|11109.0
202409|ADM|44|26140|41130000|대구|수원시|역삼동|4113000000|역삼1가|2|55|0|1|7|509|449|449|562|57932|28831.0|10245.0|10137.0|8449.0|21784|8222|8662|12945119.0|4600005.0|4551513.0|3793601.0|352542|1752976|307756|293443|98|227|124|43|935040|15671397|1574159|1175750|6.5|65|3.24|92|179|455|11635.0
202409|ADM|41|11170|47110000|대구|수원시|인계동|4311000000|역삼1가|2|55|3|1|3|1963|364|364|888|62792|32072.0|20229.0|9823.0|2020.0|25463|14322|6880|11674208.0|7363356.0|3575572.0|735280.0|2885055|381889|442709|396639|84|188|69|34|4508640|7588949|2185335|748053|6.35|8|3.95|90|287|112|2296.0
202409|CNTY_GU|44|44130|27110000|부산|수원시|인계동|2811000000|인계동|2|60|3|1|6|519|289|289|610|58029|12104.0|5131.0|3210.0|3763.0|9554|4513|3149|3498056.0|1482859.0|927690.0|1087507.0|116655|2236050|894342|25312|75|139|86|13|4896643|653261|4659747|1008792|7.57|38|3.68|78|339|63|12882.0
202409|CNTY_GU|43|11200|11200000|대구|수원시|서초동|4211000000|역삼1가|1|50|2|1|7|465|390|390|941|30247|19364.0|5925.0|5907.0|7532.0|17160|5763|5177|7551960.0|2310750.0|2303730.0|2937480.0|4667958|2529638|775748|60154|83|192|66|26|9634306|17258361|2522082|1518271|7.78|44|3.59|27|102|429|4488.0
202409|CNTY_GU|26|11110|41110000|부산|서초구|인계동|2811000000|인계동|1|35|0|1|5|397|442|442|737|48200|10652.0|5610.0|3123.0|1919.0|8376|4428|2305|4708184.0|2479620.0|1380366.0|848198.0|2309323|1492810|4178|490934|44|261|101|11|3267895|8035742|484773|359526|3.13|37|1.52|67|32|209|1184.0
202409|CNTY_GU|42|26110|46110000|인천|서초구|인계동|2711000000|인계동|1|25|2|1|5|1887|463|463|927|25704|45765.0|30435.0|14593.0|737.0|39562|28828|12382|21189195.0|14091405.0|6756559.0|341231.0|2392797|949229|163451|158786|113|243|138|5|4766527|4915231|1344541|917710|3.94|11|1.32|17|116|329|1276.0
202409|CNTY_GU|42|11140|26110000|부산|강남구|역삼동|1114000000|서초1동|2|70|0|1|1|1407|244|244|546|38697|0.0|0.0|0.0|0.0|0|0|0|0.0|0.0|0.0|0.0|998140|634332|799947|466544|63|132|70|13|580696|18107285|3796447|698454|3.01|21|3.43|134|28|301|588.0
202409|CNTY_GU|45|43110|27110000|경기|수원시|역삼동|2614000000|역삼1가|2|25|2|1|10|1226|9|9|296|52685|20636.0|14840.0|4958.0|838.0|17631|12883|4869|185724.0|133560.0|44622.0|7542.0|2377948|1461374|806803|258858|0|3|2|0|905333|11834486|4264392|1888127|7.04|1|4.31|176|441|394|441.0
202409|CNTY_GU|43|11170|26110000|대구|성남시|역삼동|2811000000|역삼1가|2|55|3|2|7|108|486|486|351|80661|18380.0|13987.0|5622.0|0.0|15017|10715|5545|8932680.0|6797682.0|2732292.0|0.0|3612052|2417560|818463|273715|49|276|52|1|6179175|14376320|4620911|1213166|6.48|19|1.08|31|217|340|4123.0
202409|CNTY_GU|45|41150|28110000|경기|서초구|서초동|4115000000|서초1동|2|25|0|1|4|1802|317|317|88|51733|24770.0|14278.0|6291.0|4201.0|22650|12370|5388|7852090.0|4526126.0|1994247.0|1331717.0|4242097|1881039|394700|391163|83|128|50|2|4207193|8933690|76427|48030|7.75|37|4.63|117|152|236|5624.0
202409|PRVNC|43|26140|26140000|서울|서초구|역삼동|4115000000|인계동|1|35|1|1|9|110|1|1|661|40006|19026.0|8321.0|4577.0|6128.0|18344|6566|4115|19026.0|8321.0|4577.0|6128.0|2087751|870053|3081|140073|0|0|0|0|6021598|11843304|2663457|405077|2.02|0|2.31|113|0|247|0.0
202409|CNTY_GU|46|42110|26110000|대구|서초구|서초동|2711000000|역삼1가|1|25|1|1|3|905|384|384|951|97441|49777.0|31336.0|14353.0|4088.0|37876|27190|12045|19114368.0|12033024.0|5511552.0|1569792.0|3758951|41887|344877|30083|110|191|39|30|558346|18816537|3202556|1231522|6.69|23|3.76|36|89|24|2047.0
202409|PRVNC|47|42110|47110000|대구|성남시|인계동|4115000000|서초1동|1|45|1|2|7|1212|105|105|938|53015|13538.0|9101.0|4395.0|42.0|11264|8818|4073|1421490.0|955605.0|461475.0|4410.0|4972128|103937|76176|316247|25|49|16|2|2201928|1899708|3764191|1589202|2.25|3|3.65|128|197|52|591.0
202409|ADM|46|45110|41150000|대구|수원시|역삼동|4611000000|역삼1가|2|70|0|2|9|900|101|101|538|12838|5435.0|2126.0|1184.0|2125.0|5086|1802|833|548935.0|214726.0|119584.0|214625.0|2194616|515315|327968|190556|13|59|17|4|3949237|13833089|3513490|620268|7.28|4|3.26|110|286|25|1144.0
202409|PRVNC|26|47110|11170000|인천|서초구|서초동|2811000000|역삼1가|2|35|0|1|5|1963|455|455|581|37154|22676.0|14917.0|6771.0|988.0|21885|13780|5113|10317580.0|6787235.0|3080805.0|449540.0|1336737|1902198|154584|388986|93|263|83|6|4587825|9992602|4434360|1284684|4.08|19|4.28|6|286|301|5434.0
202409|CNTY_GU|41|41110|11110000|부산|서초구|인계동|4113000000|서초1동|1|55|0|2|4|120|385|385|891|12676|24975.0|9361.0|8853.0|6761.0|21966|6851|8461|9615375.0|3603985.0|3408405.0|2602985.0|1905831|416713|670734|191816|103|200|79|32|9209033|13029458|560855|943241|2.9|53|2.28|11|53|338|2809.0
202409|ADM|27|45110|11110000|인천|강남구|서초동|4311000000|역삼1가|1|45|3|1|6|1568|311|311|265|28890|46970.0|17604.0|10268.0|19098.0|35927|14578|8073|14607670.0|5474844.0|3193348.0|5939478.0|1557369|212405|186241|248431|63|139|68|16|4236808|871174|3801751|1765769|7.77|5|3.44|25|412|347|2060.0
202409|CNTY_GU|46|28110|27110000|부산|수원시|인계동|4113000000|서초1동|2|55|0|2|6|1038|328|328|545|62069|1887.0|887.0|611.0|389.0|1482|742|447|618936.0|290936.0|200408.0|127592.0|4951383|504375|727665|443238|65|168|68|12|9181143|17533145|1231994|815521|4.27|16|4.6|101|361|169|5776.0
202409|ADM|27|11170|43110000|부산|수원시|인계동|4711000000|인계동|2|40|3|1|2|148|217|217|547|34487|34531.0|26694.0|6425.0|1412.0|28760|25363|5502|7493227.0|5792598.0|1394225.0|306404.0|1496245|2785472|541062|283396|32|88|48|2|6004078|13818577|215992|1413414|4.96|28|2.76|58|215|52|6020.0
202409|ADM|26|44130|26140000|서울|강남구|역삼동|2611000000|서초1동|1|35|0|1|4|656|219|219|207|65017|25359.0|11234.0|9845.0|4280.0|24207|10226|9612|5553621.0|2460246.0|2156055.0|937320.0|1888949|1773480|941154|427340|50|123|22|3|1402921|19058311|3004302|1189500|6.01|23|2.81|119|406|372|9338.0
202409|ADM|41|26110|45110000|대구|강남구|역삼동|4711000000|역삼1가|2|45|1|1|2|294|297|297|555|17350|909.0|346.0|154.0|409.0|719|303|126|269973.0|102762.0|45738.0|121473.0|175023|171053|597767|129336|52|168|46|11|6437375|3784775|2706621|497379|6.47|33|1.64|121|232|74|7656.0
202409|ADM|41|11170|11140000|서울|성남시|역삼동|2611000000|서초1동|2|45|1|1|4|384|90|90|978|10502|32659.0|20479.0|4680.0|7500.0|23493|14347|4530|2939310.0|1843110.0|421200.0|675000.0|44506|1099823|596782|119314|23|42|21|8|6446483|19178818|3307023|1279970|5.99|0|3.84|176|0|119|0.0
202409|ADM|47|41150|11200000|서울|수원시|서초동|2611000000|서초1동|2|50|1|2|5|1479|338|338|821|82434|26925.0|11806.0|7081.0|8038.0|23860|11041|7029|9100650.0|3990428.0|2393378.0|2716844.0|2406585|1472774|88028|296527|72|173|94|4|4110794|11773641|1254429|1725814|7.91|4|2.0|142|291|458|1164.0
202409|ADM|11|41150|11110000|경기|서초구|역삼동|4113000000|서초1동|1|35|1|1|10|825|64|64|496|24763|26284.0|11067.0|4154.0|11063.0|25331|10950|3190|1682176.0|708288.0|265856.0|708032.0|2514964|143749|85368|369492|17|35|10|5|326957|2912667|4922247|7170|3.51|5|3.23|171|378|190|1890.0
202409|ADM|46|47110|11110000|서울|수원시|인계동|2811000000|서초1동|1|45|0|1|6|827|244|244|920|24280|11411.0|5924.0|4208.0|1279.0|10865|5582|3481|2784284.0|1445456.0|1026752.0|312076.0|3797524|1855843|273591|327815|45|122|46|10|8917273|7788397|2902059|1630316|6.59|22|3.82|152|115|185|2530.0
202409|PRVNC|47|11200|26110000|대구|서초구|역삼동|4413000000|서초1동|2|35|1|2|6|1432|149|149|722|55388|44521.0|22893.0|17279.0|4349.0|33393|20165|12732|6633629.0|3411057.0|2574571.0|648001.0|3512217|2032779|270165|51272|24|62|23|4|6425734|12038773|3970285|558895|7.02|7|4.88|143|308|449|2156.0
202409|ADM|26|41130|11170000|부산|강남구|서초동|1111000000|인계동|2|20|0|1|2|157|451|451|71|75147|42173.0|23983.0|10338.0|7852.0|37119|20225|8400|19020023.0|10816333.0|4662438.0|3541252.0|1677305|1166931|597790|299331|98|211|104|23|2153156|63795|2405602|1920435|4.83|13|2.09|10|25|73|325.0
202409|CNTY_GU|47|46110|11170000|경기|수원시|역삼동|4211000000|역삼1가|2|30|2|1|7|352|440|440|289|53093|22133.0|17146.0|4668.0|319.0|16978|16980|3351|9738520.0|7544240.0|2053920.0|140360.0|2031474|737058|521783|304351|78|215|120|16|6626|167110|3478954|821518|3.85|35|1.33|49|493|251|17255.0
202409|ADM|41|44130|11200000|경기|수원시|역삼동|4113000000|인계동|1|40|1|2|10|989|104|104|343|21472|18781.0|13467.0|2198.0|3116.0|14635|12344|1765|1953224.0|1400568.0|228592.0|324064.0|4212122|1638790|228070|230085|28|52|21|1|7534815|19666078|4134216|1497890|6.76|9|1.32|28|298|323|2682.0
202409|ADM|45|11110|45110000|인천|성남시|역삼동|4413000000|인계동|2|60|0|1|6|1714|342|342|616|68001|33301.0|22269.0|10492.0|540.0|30180|18588|9633|11388942.0|7615998.0|3588264.0|184680.0|1866837|355232|306283|360113|51|204|38|32|7671433|926303|2725630|815513|4.35|29|1.46|103|377|374|10933.0
202409|ADM|46|28110|41110000|경기|서초구|인계동|4311000000|인계동|1|65|1|1|4|1627|470|470|551|52759|29088.0|14573.0|8296.0|6219.0|21126|14159|5940|13671360.0|6849310.0|3899120.0|2922930.0|4622457|2351339|926230|383293|96|231|71|18|3262876|14601180|930006|641816|3.6|63|4.43|52|80|495|5040.0
202409|ADM|41|42110|11140000|서울|성남시|인계동|2711000000|인계동|1|40|1|2|6|70|108|108|157|95375|33803.0|21116.0|4034.0|8653.0|28182|19723|2852|3650724.0|2280528.0|435672.0|934524.0|1285300|572205|197885|404678|31|51|12|2|5900665|19736121|1144369|469364|5.37|14|1.1|77|457|191|6398.0
202409|ADM|11|41130|27110000|경기|강남구|서초동|1117000000|역삼1가|1|40|0|1|9|1312|86|86|195|17131|10083.0|3322.0|2956.0|3805.0|8241|2656|2151|867138.0|285692.0|254216.0|327230.0|1149066|2734184|180094|163702|21|46|11|6|4736128|4758053|4352331|74757|3.67|9|3.22|117|306|279|2754.0
202409|CNTY_GU|45|43110|44130000|경기|수원시|역삼동|2711000000|역삼1가|2|45|2|1|7|1488|326|326|762|92371|6028.0|2878.0|767.0|2383.0|5834|2564|570|1965128.0|938228.0|250042.0|776858.0|2883147|1959810|748644|493688|34|137|58|28|188392|16573077|3734908|657485|5.86|35|2.46|115|55|269|1925.0
202409|ADM|42|28110|46110000|서울|강남구|인계동|4711000000|서초1동|1|35|0|2|10|1656|120|120|43|35545|38930.0|20066.0|14992.0|3872.0|28388|19849|12503|4671600.0|2407920.0|1799040.0|464640.0|2654912|2184296|697542|314383|17|48|29|11|9112472|18855176|445890|1368299|7.49|8|2.68|64|64|146|512.0
202409|CNTY_GU|46|41130|26110000|서울|수원시|역삼동|4511000000|서초1동|2|35|2|2|1|1573|245|245|816|91167|7197.0|3154.0|721.0|3322.0|6578|2894|567|1763265.0|772730.0|176645.0|813890.0|3418013|1606893|98026|349747|26|120|48|1|2197667|18219370|3972390|705259|6.12|30|3.89|151|165|155|4950.0
202409|ADM|44|28110|46110000|경기|서초구|역삼동|4111000000|인계동|2|45|0|1|9|1656|313|313|698|62980|16039.0|11689.0|2230.0|2120.0|14711|11147|2216|5020207.0|3658657.0|697990.0|663560.0|2169908|2784571|323788|347585|62|169|65|21|9048430|5826994|3857173|911579|5.21|6|3.21|23|108|141|648.0
202409|CNTY_GU|42|43110|47110000|부산|성남시|인계동|2811000000|인계동|2|35|1|1|5|597|458|458|523|56974|5466.0|2548.0|1493.0|1425.0|4184|1888|1132|2503428.0|1166984.0|683794.0|652650.0|3970438|1849958|380895|225741|73|233|119|37|2353546|1006175|185655|834651|4.24|63|3.83|178|302|231|19026.0
202409|CNTY_GU|11|41150|41150000|서울|서초구|역삼동|1117000000|인계동|1|20|2|1|8|747|486|486|836|48959|9086.0|2885.0|2651.0|3550.0|8665|2302|2251|4415796.0|1402110.0|1288386.0|1725300.0|1266615|407318|761540|467770|74|275|81|10|866728|14893076|994685|1435413|3.27|55|1.58|172|467|336|25685.0
202409|CNTY_GU|41|11110|11140000|서울|강남구|인계동|4611000000|역삼1가|1|30|1|2|3|906|44|44|359|84609|40822.0|24607.0|6881.0|9334.0|34653|19080|5319|1796168.0|1082708.0|302764.0|410696.0|2307911|1453799|956425|440803|10|17|9|2|5481460|15877009|137374|1916556|4.66|5|2.25|32|71|9|355.0
202409|ADM|43|47110|26110000|서울|강남구|인계동|1114000000|인계동|1|50|1|1|2|1877|254|254|93|33451|14902.0|10483.0|1620.0|2799.0|11379|9636|1142|3785108.0|2662682.0|411480.0|710946.0|1892696|652079|131560|75476|66|106|66|5|1232371|15703816|4166012|447478|5.66|0|3.19|146|0|465|0.0
202409|CNTY_GU|46|11110|47110000|대구|수원시|인계동|4413000000|역삼1가|1|25|0|2|6|949|221|221|327|81346|27082.0|15660.0|7627.0|3795.0|21097|13802|6177|5985122.0|3460860.0|1685567.0|838695.0|1911246|1903249|552433|281143|60|130|38|16|7051979|17429106|2076923|526506|7.47|30|1.93|60|330|316|9900.0
202409|CNTY_GU|11|28110|43110000|경기|수원시|역삼동|4413000000|역삼1가|1|60|0|2|5|402|14|14|266|52860|33498.0|10417.0|5300.0|17781.0|26804|9140|4013|468972.0|145838.0|74200.0|248934.0|4323661|1291163|431979|155083|3|7|2|0|2660139|8596528|638152|627676|5.94|1|4.81|162|170|337|170.0
202409|CNTY_GU|42|28110|43110000|경기|수원시|인계동|2711000000|역삼1가|2|20|0|2|2|529|415|415|720|24677|31449.0|15970.0|3672.0|11807.0|28935|13202|2612|13051335.0|6627550.0|1523880.0|4899905.0|3667798|1832776|354299|236577|118|187|108|5|3777702|6091905|4656107|933604|6.77|28|3.15|159|78|319|2184.0
202409|ADM|43|26140|41110000|대구|서초구|서초동|4115000000|서초1동|1|20|1|2|1|207|448|448|450|86217|48675.0|27715.0|8651.0|12309.0|42559|25558|6479|21806400.0|12416320.0|3875648.0|5514432.0|3763558|1571569|587302|323820|62|238|125|35|5464174|15221710|2739328|153046|6.75|48|1.04|28|152|476|7296.0
202409|CNTY_GU|43|41150|28110000|대구|서초구|역삼동|1111000000|역삼1가|1|40|0|1|10|1494|499|499|897|29385|18259.0|12030.0|3296.0|2933.0|16971|11965|2666|9111241.0|6002970.0|1644704.0|1463567.0|306390|2335876|559300|379512|134|271|69|16|710509|188465|4959975|1991049|7.5|44|4.3|150|111|216|4884.0
202409|PRVNC|47|11110|41110000|서울|성남시|인계동|2614000000|역삼1가|2|50|0|1|9|1974|32|32|839|98397|37969.0|15376.0|9127.0|13466.0|36958|11309|9107|1215008.0|492032.0|292064.0|430912.0|3907459|695903|807268|307742|5|17|5|1|7117214|1229831|773636|1392614|7.85|1|2.92|32|117|362|117.0
202409|CNTY_GU|27|11110|11200000|부산|성남시|인계동|1111000000|역삼1가|2|40|0|1|1|1267|324|324|653|99382|42766.0|17164.0|16737.0|8865.0|30544|15245|15955|13856184.0|5561136.0|5422788.0|2872260.0|2974742|1389580|632741|434109|73|193|55|5|7246526|5123141|590959|1635044|5.73|5|2.63|15|137|390|685.0
202409|CNTY_GU|27|47110|45110000|대구|수원시|역삼동|4413000000|인계동|2|25|1|1|8|132|165|165|331|30421|13527.0|8405.0|2200.0|2922.0|11581|6087|2022|2231955.0|1386825.0|363000.0|482130.0|4557765|1503421|843461|220934|24|93|32|0|5418229|6570858|2352826|547115|2.71|12|3.36|51|35|263|420.0
202409|ADM|41|47110|11170000|인천|수원시|서초동|1114000000|인계동|2|60|2|1|7|34|144|144|482|76100|14008.0|9205.0|4133.0|670.0|12243|9036|3984|2017152.0|1325520.0|595152.0|96480.0|3332755|1956023|561208|198675|28|81|18|13|6337982|15825492|2041908|1501825|3.48|9|2.0|7|146|444|1314.0
202409|CNTY_GU|26|41130|45110000|대구|강남구|역삼동|1114000000|역삼1가|2|65|1|1|2|1675|318|318|680|88341|47827.0|29841.0|12502.0|5484.0|38592|24692|11762|15208986.0|9489438.0|3975636.0|1743912.0|1624755|1007302|915454|393866|51|179|66|3|2883600|15357300|4957166|823366|6.94|5|3.76|176|358|251|1790.0
202409|ADM|43|11170|27110000|부산|성남시|인계동|4511000000|인계동|2|40|0|2|6|1691|342|342|962|91915|41879.0|30643.0|8160.0|3076.0|41342|25642|6908|14322618.0|10479906.0|2790720.0|1051992.0|4644173|1073875|324621|392303|96|186|100|15|9981819|2713027|594453|1655927|2.46|2|3.31|35|152|378|304.0
202409|ADM|27|46110|41130000|인천|서초구|인계동|4311000000|인계동|2|40|2|1|6|883|438|438|621|84239|45491.0|13860.0|6051.0|25580.0|36235|13455|5085|19925058.0|6070680.0|2650338.0|11204040.0|3126887|796612|958545|240407|62|175|86|13|5574159|2085342|2167502|1659043|3.26|6|1.6|168|173|456|1038.0
202409|CNTY_GU|44|11140|42110000|부산|성남시|인계동|4611000000|서초1동|1|50|3|1|1|159|318|318|478|60244|22317.0|16254.0|8782.0|0.0|15979|15128|7528|7096806.0|5168772.0|2792676.0|0.0|600507|2429067|726888|464347|89|186|63|12|1095719|6475737|3540920|880910|3.37|29|4.14|96|400|210|11600.0
202409|CNTY_GU|46|41110|26140000|인천|강남구|역삼동|4511000000|서초1동|2|60|3|2|7|1806|73|73|312|45747|3489.0|2206.0|1007.0|276.0|3214|1599|713|254697.0|161038.0|73511.0|20148.0|1491866|2040388|395126|349397|13|39|12|6|546173|18624531|4719506|1018424|2.6|1|4.9|132|198|483|198.0
202409|CNTY_GU|47|27110|41130000|인천|성남시|서초동|4511000000|역삼1가|2|65|0|1|2|1919|66|66|907|97571|6967.0|4901.0|1408.0|658.0|5160|4643|1142|459822.0|323466.0|92928.0|43428.0|2421952|445014|427001|81283|18|35|11|6|315306|14946212|630546|1461781|4.88|8|4.25|155|25|420|200.0
202409|CNTY_GU|45|41110|26140000|서울|강남구|서초동|4511000000|인계동|2|35|1|1|9|943|386|386|611|27486|38992.0|26459.0|11131.0|1402.0|37347|19534|9039|15050912.0|10213174.0|4296566.0|541172.0|413702|2040749|877358|443752|72|185|60|31|6842974|3137061|1011161|1036875|4.66|49|2.8|16|178|457|8722.0
202409|CNTY_GU|43|11170|27110000|인천|강남구|서초동|4611000000|역삼1가|2|20|0|2|10|959|113|113|585|59305|2190.0|1160.0|755.0|275.0|2043|850|549|247470.0|131080.0|85315.0|31075.0|824086|2133631|325150|307702|32|65|31|7|1277923|17102290|3132948|1581022|3.44|11|4.28|84|227|211|2497.0
202409|CNTY_GU|27|11200|41150000|경기|강남구|역삼동|4111000000|인계동|1|30|0|1|2|1784|474|474|22|22780|40078.0|27093.0|10890.0|2095.0|36579|24633|9417|18996972.0|12842082.0|5161860.0|993030.0|1101142|408443|366773|67003|110|252|56|37|7804740|18443421|2340544|1892761|2.44|57|4.6|45|150|203|8550.0
202409|PRVNC|41|28110|11200000|인천|수원시|서초동|4311000000|인계동|2|35|0|1|3|368|307|307|937|23314|42433.0|13293.0|11409.0|17731.0|35406|11365|11152|13026931.0|4080951.0|3502563.0|5443417.0|2483860|2671679|388641|16633|64|161|78|29|1615773|3022111|1074284|681652|6.68|5|2.28|49|497|367|2485.0
202409|ADM|43|47110|11110000|인천|성남시|인계동|4113000000|서초1동|2|65|1|1|8|1012|441|441|738|50770|14869.0|8097.0|1521.0|5251.0|11812|6079|1322|6557229.0|3570777.0|670761.0|2315691.0|1884609|18238|993406|4141|115|186|59|25|3789355|10492277|762581|1834242|3.99|17|3.42|82|482|153|8194.0
202409|CNTY_GU|44|11110|28110000|경기|강남구|인계동|4413000000|인계동|2|35|1|1|6|147|147|147|811|20176|41288.0|15950.0|4217.0|21121.0|29782|12078|3362|6069336.0|2344650.0|619899.0|3104787.0|4577068|1479764|601903|83235|27|72|32|5|3583271|14216379|647436|391828|5.95|6|4.25|148|375|424|2250.0
202409|ADM|26|42110|26140000|서울|서초구|역삼동|4611000000|인계동|1|35|0|2|6|545|92|92|685|72655|23031.0|10750.0|6181.0|6100.0|22216|9194|4815|2118852.0|989000.0|568652.0|561200.0|4433029|794992|796178|285248|16|41|20|3|6556911|1253155|3920124|353908|5.63|8|3.12|66|277|172|2216.0
202409|ADM|41|11170|44130000|경기|수원시|인계동|1117000000|인계동|2|40|0|2|2|1236|411|411|202|79552|33563.0|23381.0|7351.0|2831.0|30466|18911|6373|13794393.0|9609591.0|3021261.0|1163541.0|4551175|43027|954743|341053|103|173|55|26|496233|19059507|1197489|321916|5.49|20|2.2|153|253|469|5060.0
202409|CNTY_GU|42|47110|41130000|경기|수원시|인계동|1120000000|서초1동|2|70|0|2|4|72|414|414|749|47666|25696.0|13488.0|6086.0|6122.0|25419|9923|5724|10638144.0|5584032.0|2519604.0|2534508.0|3638375|1165311|613167|217787|55|192|92|38|3225506|3650689|219195|1953619|7.85|49|1.0|96|330|430|16170.0
202409|CNTY_GU|46|45110|42110000|인천|서초구|서초동|1120000000|인계동|2|30|2|1|6|396|203|203|221|54548|31570.0|18421.0|12384.0|765.0|25871|16741|8872|6408710.0|3739463.0|2513952.0|155295.0|2169518|2166738|32482|319505|51|100|50|8|3952249|19078275|2372366|585317|2.15|10|1.49|82|371|119|3710.0
202409|PRVNC|46|46110|11170000|인천|서초구|서초동|4611000000|역삼1가|2|40|2|2|9|151|34|34|516|28897|18400.0|12575.0|2840.0|2985.0|16276|10508|2531|625600.0|427550.0|96560.0|101490.0|4500559|2364748|889235|297986|5|18|7|0|947193|10845537|884061|697101|3.44|0|1.4|173|0|81|0.0
202409|PRVNC|45|11110|27110000|경기|수원시|인계동|2711000000|역삼1가|1|30|3|2|1|736|93|93|336|78943|22846.0|13581.0|2348.0|6917.0|20135|9588|2219|2124678.0|1263033.0|218364.0|643281.0|3740769|1040570|385254|228252|16|45|18|5|4793689|12122081|3092348|1089791|2.1|4|4.88|31|175|374|700.0
202409|ADM|11|11200|28110000|대구|강남구|인계동|2611000000|인계동|1|20|0|1|8|619|269|269|201|52074|46967.0|27634.0|11059.0|8274.0|43150|24078|9080|12634123.0|7433546.0|2974871.0|2225706.0|1766329|1453566|443754|35207|30|157|34|6|4827724|11660629|570377|1349011|6.02|36|1.57|144|254|401|9144.0
202409|CNTY_GU|41|26110|46110000|부산|서초구|서초동|1111000000|서초1동|1|20|1|1|4|1399|309|309|964|66778|9283.0|2827.0|3345.0|3111.0|8037|2529|3309|2868447.0|873543.0|1033605.0|961299.0|1537845|2629234|415415|294233|61|170|78|23|1116243|4322316|1971004|813320|4.4|24|1.85|111|141|85|3384.0
202409|ADM|11|43110|41130000|대구|서초구|역삼동|4511000000|역삼1가|1|25|0|1|8|1155|349|349|203|79019|33223.0|17785.0|8380.0|7058.0|24135|17708|7900|11594827.0|6206965.0|2924620.0|2463242.0|1471425|570953|930620|408124|50|154|52|33|8549590|7820859|2682209|333823|5.84|8|3.99|70|27|168|216.0
202409|CNTY_GU|42|46110|44130000|부산|서초구|역삼동|4111000000|역삼1가|1|55|1|2|9|1929|488|488|756|95041|23304.0|16521.0|8479.0|0.0|18278|15778|6459|11372352.0|8062248.0|4137752.0|0.0|1247059|1271756|434701|288979|78|206|84|15|2689682|2796074|4703952|844557|5.29|18|2.12|122|10|162|180.0
202409|CNTY_GU|42|45110|46110000|대구|성남시|인계동|4511000000|서초1동|1|30|1|2|4|1712|237|237|586|84545|27962.0|11990.0|5699.0|10273.0|26060|9172|4654|6626994.0|2841630.0|1350663.0|2434701.0|3604231|700829|737122|419699|55|134|47|13|719812|11294601|169370|133699|7.72|23|3.21|148|406|456|9338.0
202409|PRVNC|42|11200|41110000|경기|서초구|서초동|4311000000|서초1동|1|50|3|1|8|75|233|233|437|57994|45944.0|14109.0|6386.0|25449.0|34301|12949|6371|10704952.0|3287397.0|1487938.0|5929617.0|3545666|114894|872253|184865|43|130|58|20|2925254|8478970|1445967|1072856|5.55|25|3.6|176|51|480|1275.0
202409|PRVNC|45|28110|41110000|부산|성남시|인계동|4413000000|인계동|2|25|0|1|3|1562|252|252|245|45419|23485.0|11787.0|6113.0|5585.0|19253|8693|4400|5918220.0|2970324.0|1540476.0|1407420.0|4025335|1753850|729714|452377|67|128|33|10|8873419|13607665|154613|242609|4.73|1|3.44|157|65|358|65.0
202409|ADM|11|27110|11200000|인천|강남구|역삼동|2711000000|서초1동|2|40|0|2|1|455|87|87|58|56099|33759.0|17222.0|5983.0|10554.0|26721|16208|5084|2937033.0|1498314.0|520521.0|918198.0|3890541|1015958|959199|105313|25|37|20|2|2417984|12743402|2709580|1922884|2.76|10|1.76|128|423|279|4230.0
202409|CNTY_GU|45|47110|26110000|부산|강남구|서초동|1114000000|인계동|2|65|1|2|6|873|78|78|716|87786|32165.0|25456.0|7237.0|0.0|25088|23442|7205|2508870.0|1985568.0|564486.0|0.0|4824716|1898043|449210|93126|15|32|20|3|7319294|6101304|1460797|1162196|3.16|3|3.8|58|312|423|936.0
202409|CNTY_GU|44|11170|42110000|부산|수원시|인계동|4711000000|역삼1가|2|30|0|1|5|933|385|385|346|50314|32465.0|12542.0|8940.0|10983.0|27713|11862|7320|12499025.0|4828670.0|3441900.0|4228455.0|547639|742631|383107|41369|85|226|55|24|3506870|8932470|574812|638993|3.73|8|2.17|97|306|199|2448.0
202409|CNTY_GU|46|42110|26110000|인천|수원시|서초동|4111000000|인계동|1|40|0|1|1|848|189|189|344|53652|27796.0|20543.0|8497.0|0.0|20034|19787|6109|5253444.0|3882627.0|1605933.0|0.0|2892227|606906|444548|376952|48|96|24|18|7087922|8046471|1557121|1490281|6.39|18|4.18|67|255|382|4590.0
202409|CNTY_GU|46|26140|26110000|경기|수원시|인계동|4511000000|인계동|1|60|3|2|3|988|164|164|294|42746|34241.0|22274.0|7401.0|4566.0|27074|20905|6225|5615524.0|3652936.0|1213764.0|748824.0|1370065|1504857|450635|128552|40|87|43|4|6207054|7515976|2802632|1225216|4.81|10|1.88|177|169|281|1690.0
202409|ADM|45|11200|26110000|대구|서초구|서초동|4311000000|역삼1가|2|35|3|2|3|544|428|428|899|38667|48671.0|38466.0|16249.0|0.0|39565|28930|13135|20831188.0|16463448.0|6954572.0|0.0|3193320|671252|971538|312716|118|171|63|13|5796849|17568775|1004926|486643|4.12|23|2.27|129|412|61|9476.0
202409|ADM|44|26110|47110000|경기|수원시|역삼동|1117000000|인계동|1|55|0|2|8|719|190|190|83|67574|2127.0|821.0|767.0|539.0|1634|739|743|404130.0|155990.0|145730.0|102410.0|2746287|1441046|675613|328093|43|113|35|13|5700409|1139875|1191699|379770|5.6|13|2.54|123|236|396|3068.0
202409|ADM|45|41110|46110000|인천|성남시|역삼동|1120000000|역삼1가|1|20|2|2|9|53|309|309|412|75537|36692.0|25768.0|10306.0|618.0|35201|22445|8037|11337828.0|7962312.0|3184554.0|190962.0|688800|283433|277588|149530|64|139|75|9|7744346|1647881|3559426|611991|5.14|17|3.59|87|499|246|8483.0
202409|ADM|47|41130|45110000|부산|강남구|서초동|1117000000|인계동|2|40|0|1|6|1615|175|175|265|47461|44306.0|18138.0|5356.0|20812.0|42905|15550|4985|7753550.0|3174150.0|937300.0|3642100.0|637989|2438725|115554|187146|40|78|47|4|2830187|12644179|409231|970259|3.06|17|3.4|69|431|460|7327.0
202409|ADM|41|46110|45110000|부산|수원시|인계동|4611000000|서초1동|2|50|2|2|3|1336|28|28|666|81598|21043.0|12193.0|7077.0|1773.0|17016|11756|5082|589204.0|341404.0|198156.0|49644.0|2482586|739778|315497|400437|3|13|6|0|421181|12146551|1610462|1397788|2.45|1|2.25|127|152|416|152.0
202409|ADM|26|42110|41110000|대구|강남구|서초동|1120000000|인계동|2|60|0|1|5|988|196|196|554|64186|43369.0|24673.0|4622.0|14074.0|42605|20563|3283|8500324.0|4835908.0|905912.0|2758504.0|2176504|2275165|894191|466485|28|83|46|13|9982202|13568404|4303506|24687|6.69|17|1.85|20|428|216|7276.0
202409|CNTY_GU|11|41150|26140000|인천|서초구|인계동|4511000000|인계동|2|30|0|1|1|1195|469|469|848|42876|37717.0|27963.0|12478.0|0.0|34293|21338|10266|17689273.0|13114647.0|5852182.0|0.0|4491069|2691590|876382|219765|86|226|137|11|1592887|10416554|3260878|1084747|7.91|29|4.96|132|361|347|10469.0
202409|CNTY_GU|41|26110|42110000|서울|수원시|역삼동|1114000000|인계동|2|40|0|1|3|862|270|270|905|64436|14619.0|6197.0|2966.0|5456.0|13835|5637|2673|3947130.0|1673190.0|800820.0|1473120.0|3833560|2022865|594902|443456|41|161|38|2|9233668|4087417|2044885|1747890|7.52|2|2.82|132|327|261|654.0
202409|CNTY_GU|42|42110|26140000|부산|수원시|서초동|2611000000|서초1동|2|60|1|2|3|292|274|274|576|25284|26115.0|8560.0|5069.0|12486.0|26099|6960|4471|7155510.0|2345440.0|1388906.0|3421164.0|4979491|2433888|397903|102055|35|116|39|12|7538375|18205544|2781379|1544684|7.88|3|4.59|122|490|459|1470.0
202409|CNTY_GU|26|43110|27110000|부산|서초구|서초동|2611000000|역삼1가|1|25|0|1|2|1547|67|67|820|23481|8527.0|3981.0|1466.0|3080.0|6953|3795|1400|571309.0|266727.0|98222.0|206360.0|2859379|1708163|341017|426135|18|38|11|2|2135161|13966923|1043368|1802831|3.62|0|2.76|29|0|463|0.0
202409|ADM|45|11110|47110000|인천|서초구|역삼동|4511000000|역삼1가|1|70|1|2|6|1194|214|214|215|13378|21279.0|11269.0|4234.0|5776.0|15316|8123|3041|4553706.0|2411566.0|906076.0|1236064.0|3752021|556540|78217|375921|28|98|47|20|3384288|1185197|414791|6058|7.88|24|1.35|169|131|348|3144.0
202409|ADM|42|41150|46110000|대구|수원시|서초동|1117000000|서초1동|2|30|0|1|3|24|280|280|543|24163|25391.0|7805.0|5143.0|12443.0|19113|7416|4024|7109480.0|2185400.0|1440040.0|3484040.0|1817680|1680862|491294|179586|74|117|36|17|8257786|19551190|4577570|1418686|6.14|21|2.12|154|243|62|5103.0
202409|ADM|27|26140|43110000|인천|강남구|인계동|4611000000|인계동|1|45|0|2|2|1729|202|202|165|42663|22416.0|7008.0|2928.0|12480.0|16276|5071|2356|4528032.0|1415616.0|591456.0|2520960.0|2714811|974565|69963|411141|39|118|33|2|9778901|18236139|4677772|262078|6.62|7|4.57|17|428|304|2996.0
202409|CNTY_GU|44|11140|27110000|경기|서초구|인계동|4211000000|역삼1가|2|40|2|1|9|1600|111|111|824|20548|43690.0|13291.0|17110.0|13289.0|36774|11729|14290|4849590.0|1475301.0|1899210.0|1475079.0|3544853|2550509|819344|84495|30|61|14|7|963539|12646644|101292|1970947|4.61|2|3.45|100|62|235|124.0
202409|CNTY_GU|27|47110|11110000|대구|서초구|서초동|2711000000|인계동|2|55|0|2|1|1691|463|463|660|80318|21586.0|7796.0|4935.0|8855.0|17214|6278|3655|9994318.0|3609548.0|2284905.0|4099865.0|1322382|145259|891620|99896|86|224|113|6|9904368|6542494|1463501|1563694|6.75|35|1.59|114|196|392|6860.0
202409|CNTY_GU|43|11200|41110000|인천|강남구|역삼동|4115000000|인계동|1|60|1|1|3|1717|219|219|281|54299|5863.0|3873.0|1011.0|979.0|5246|3540|931|1283997.0|848187.0|221409.0|214401.0|3572781|2315362|184180|300472|52|92|23|9|9530498|18346887|2691426|1242015|6.69|16|3.22|96|298|366|4768.0
202409|ADM|47|45110|42110000|대구|강남구|서초동|4711000000|서초1동|1|45|0|1|8|1697|483|483|991|71681|37063.0|17879.0|14074.0|5110.0|34482|14252|11230|17901429.0|8635557.0|6797742.0|2468130.0|555174|582501|335476|169989|70|213|79|24|9294480|19368155|4903951|799910|7.48|3|2.42|6|250|454|750.0
202409|CNTY_GU|44|27110|11140000|인천|서초구|인계동|4711000000|인계동|2|70|0|1|3|852|371|371|958|33688|36663.0|20653.0|9732.0|6278.0|31982|17711|7988|13601973.0|7662263.0|3610572.0|2329138.0|1689736|816634|821810|2153|51|151|100|18|1859799|1318829|880680|280179|4.89|42|2.43|147|114|411|4788.0
202409|CNTY_GU|43|41130|27110000|인천|수원시|인계동|2614000000|인계동|1|55|0|2|6|217|91|91|794|60334|23741.0|11396.0|7691.0|4654.0|18293|9657|5646|2160431.0|1037036.0|699881.0|423514.0|468151|1823303|549771|146616|21|51|13|3|6340585|15050928|2688824|181596|3.8|0|3.76|42|0|395|0.0
202409|ADM|43|26110|11200000|경기|수원시|서초동|4115000000|인계동|1|45|1|2|10|626|20|20|338|89391|3242.0|1028.0|1210.0|1004.0|3210|797|1041|64840.0|20560.0|24200.0|20080.0|2419364|865230|489838|319048|4|8|3|1|4752666|11481021|1758571|1450404|5.93|1|1.62|119|72|307|72.0
202409|CNTY_GU|26|41110|26140000|경기|수원시|역삼동|1114000000|인계동|2|60|0|1|7|396|448|448|239|94034|34165.0|12110.0|8775.0|13280.0|32286|10616|8258|15305920.0|5425280.0|3931200.0|5949440.0|4108187|2500124|953752|288255|57|201|71|41|1934247|10843407|377363|943521|2.48|28|4.3|56|175|256|4900.0
202409|ADM|42|47110|26140000|서울|서초구|서초동|1111000000|인계동|1|25|0|2|7|1333|63|63|413|26370|11285.0|3991.0|4156.0|3138.0|9657|3639|3980|710955.0|251433.0|261828.0|197694.0|2057534|223655|297417|236305|16|25|14|2|1207854|8387121|2580848|99897|7.49|7|1.67|161|244|229|1708.0
202409|ADM|46|41130|44130000|경기|수원시|서초동|4711000000|인계동|2|35|3|2|1|522|393|393|449|81899|34071.0|14765.0|4173.0|15133.0|32307|14353|3757|13389903.0|5802645.0|1639989.0|5947269.0|3700024|1150184|318019|215245|43|161|83|12|7939817|18161143|2033516|1617605|7.06|43|4.31|162|95|26|4085.0
202409|CNTY_GU|42|44130|11200000|서울|성남시|인계동|1114000000|서초1동|1|50|2|1|2|1862|235|235|532|70327|32770.0|20893.0|12817.0|0.0|23126|17004|12420|7700950.0|4909855.0|3011995.0|0.0|2673863|2173653|487306|123871|65|139|66|0|1921129|3365438|1571399|1423930|5.21|23|3.26|167|264|313|6072.0
202409|CNTY_GU|47|11200|45110000|부산|강남구|인계동|2614000000|서초1동|2|40|0|2|7|1503|408|408|384|41391|14565.0|10435.0|2641.0|1489.0|13261|8732|2093|5942520.0|4257480.0|1077528.0|607512.0|3916950|1695106|105664|235540|81|205|83|3|4020571|4891104|990667|1835627|6.33|15|4.59|36|467|445|7005.0
202409|ADM|11|27110|46110000|서울|서초구|서초동|4611000000|인계동|2|55|1|1|1|1013|234|234|674|90215|28615.0|20268.0|9409.0|0.0|23787|18767|8763|6695910.0|4742712.0|2201706.0|0.0|67642|1549957|840135|281450|32|118|36|8|2540290|6921963|683509|626083|6.56|9|3.22|95|72|305|648.0
202409|CNTY_GU|47|26140|11200000|대구|성남시|인계동|1114000000|역삼1가|2|50|1|1|7|1459|201|201|289|67689|6726.0|3922.0|2326.0|478.0|5439|3588|2205|1351926.0|788322.0|467526.0|96078.0|2967563|1856049|565688|90547|60|87|31|0|1103426|2432809|3260405|1452084|6.82|7|1.46|116|247|343|1729.0
202409|ADM|26|46110|47110000|서울|강남구|서초동|2711000000|역삼1가|2|65|0|2|9|1305|110|110|955|45536|49378.0|34443.0|6230.0|8705.0|46574|27462|6051|5431580.0|3788730.0|685300.0|957550.0|904591|388359|271585|353366|30|58|27|0|6450525|4744903|4556925|1484602|7.06|11|4.53|176|386|60|4246.0
202409|ADM|42|11200|26140000|서울|성남시|역삼동|1114000000|서초1동|2|55|3|1|10|922|418|418|668|80113|10728.0|7382.0|1949.0|1397.0|8027|7156|1612|4484304.0|3085676.0|814682.0|583946.0|3040940|315635|453804|352494|60|234|109|4|5012382|11174099|1602153|1325916|5.3|14|3.34|74|249|247|3486.0
202409|PRVNC|43|43110|44130000|부산|서초구|인계동|2611000000|역삼1가|2|65|0|2|3|1005|298|298|40|61204|28114.0|20107.0|7155.0|852.0|25321|19663|5956|8377972.0|5991886.0|2132190.0|253896.0|1188187|1057813|875084|121868|85|149|47|10|3818396|15927179|2144886|561386|4.54|30|3.4|46|462|292|13860.0
202409|CNTY_GU|26|41130|42110000|인천|수원시|역삼동|4413000000|역삼1가|2|65|0|2|9|199|329|329|515|81221|5248.0|1823.0|1944.0|1481.0|4897|1460|1798|1726592.0|599767.0|639576.0|487249.0|2820696|49387|971668|322962|85|133|89|0|4747889|7812853|4200685|1587395|2.92|41|4.14|12|244|153|10004.0
202409|PRVNC|47|45110|11110000|부산|서초구|인계동|4711000000|역삼1가|2|55|1|2|6|995|67|67|63|94294|8025.0|4942.0|1210.0|1873.0|5723|3628|951|537675.0|331114.0|81070.0|125491.0|1752029|2493727|742123|132204|13|28|8|0|5012735|6788423|250857|1919131|6.16|5|2.19|173|303|499|1515.0
202409|ADM|41|43110|27110000|대구|수원시|인계동|1120000000|서초1동|1|40|3|2|2|1867|369|369|811|59643|42709.0|18914.0|14772.0|9023.0|42546|14535|11066|15759621.0|6979266.0|5450868.0|3329487.0|4380683|60132|304383|331735|109|179|61|30|3759721|1536787|2583483|22977|3.59|11|3.46|170|103|368|1133.0
202409|CNTY_GU|42|41130|44130000|부산|성남시|인계동|2711000000|서초1동|2|60|0|1|9|271|24|24|183|23545|27165.0|15205.0|10503.0|1457.0|25331|14204|7480|651960.0|364920.0|252072.0|34968.0|3761971|2312072|400903|355473|5|10|5|1|575764|13298428|4365999|1486210|2.66|2|3.63|103|65|185|130.0
202409|ADM|42|28110|27110000|부산|수원시|서초동|2614000000|인계동|2|60|2|1|2|955|218|218|747|69590|20980.0|15105.0|7922.0|0.0|20326|14107|5761|4573640.0|3292890.0|1726996.0|0.0|4145871|2087766|299392|425933|48|113|36|3|8978973|10005577|4542820|1253293|7.22|7|1.77|45|449|236|3143.0
202409|PRVNC|11|11170|43110000|서울|서초구|인계동|4311000000|서초1동|1|70|0|1|9|991|461|461|503|96848|24578.0|14372.0|4336.0|5870.0|17600|11086|3166|11330458.0|6625492.0|1998896.0|2706070.0|426008|495606|534853|224315|53|259|103|31|979222|11419931|4868658|1429942|3.22|68|4.8|65|269|333|18292.0
202409|PRVNC|41|41130|26140000|경기|수원시|서초동|1120000000|서초1동|1|60|0|2|4|1964|338|338|57|15675|10628.0|4425.0|1081.0|5122.0|8627|3258|776|3592264.0|1495650.0|365378.0|1731236.0|90184|2666774|307437|481144|39|162|43|15|8678022|16748808|94161|1546712|7.48|41|3.49|60|326|208|13366.0
202409|ADM|41|11140|42110000|부산|서초구|역삼동|4413000000|인계동|2|30|0|1|5|745|101|101|390|74379|5563.0|3261.0|1925.0|377.0|4606|2543|1425|561863.0|329361.0|194425.0|38077.0|893564|818523|887440|237742|21|45|15|3|1757108|11981819|1254030|1061787|7.34|3|2.87|160|410|49|1230.0
202409|ADM|42|42110|41130000|부산|서초구|서초동|4111000000|서초1동|1|55|1|2|7|186|495|495|216|28238|28243.0|12891.0|5353.0|9999.0|25684|11940|4783|13980285.0|6381045.0|2649735.0|4949505.0|4678154|240903|163290|218467|60|246|85|32|2147121|7038671|3793459|1048012|7.18|47|2.32|155|132|183|6204.0
202409|ADM|43|45110|42110000|대구|성남시|인계동|1114000000|인계동|1|25|2|1|2|1146|232|232|900|49519|37317.0|18993.0|9862.0|8462.0|34164|18547|7253|8657544.0|4406376.0|2287984.0|1963184.0|3870151|1010878|484070|329088|34|120|47|14|7439377|6167132|4601144|1484251|3.65|17|4.42|50|318|161|5406.0
202409|CNTY_GU|45|41130|27110000|부산|서초구|서초동|4413000000|서초1동|1|30|1|1|3|831|96|96|894|68890|45411.0|17369.0|10482.0|17560.0|44578|14932|8729|4359456.0|1667424.0|1006272.0|1685760.0|3933989|670194|390390|427111|15|51|21|4|7981965|15434893|2283333|1519827|2.55|10|2.1|45|254|370|2540.0
202409|ADM|11|41130|26140000|대구|성남시|인계동|4511000000|인계동|1|70|1|2|4|356|369|369|657|93913|46260.0|19740.0|14712.0|11808.0|32876|17160|11936|17069940.0|7284060.0|5428728.0|4357152.0|4995642|1087024|659934|71998|59|182|77|36|2897336|3045921|1992729|1899833|7.93|6|2.69|102|354|401|2124.0
202409|CNTY_GU|43|26140|27110000|부산|수원시|역삼동|4115000000|인계동|2|20|1|1|7|1921|127|127|721|62495|33661.0|17669.0|9871.0|6121.0|26217|14970|9850|4274947.0|2243963.0|1253617.0|777367.0|872180|262493|129509|325969|24|58|23|7|9847518|11853169|4895274|268114|4.49|5|4.64|59|328|331|1640.0
202409|PRVNC|47|45110|11170000|서울|성남시|인계동|2811000000|역삼1가|1|60|0|1|7|1657|175|175|346|37584|44800.0|30411.0|8037.0|6352.0|41826|27969|7692|7840000.0|5321925.0|1406475.0|1111600.0|302150|632843|835741|288554|25|75|24|4|4616698|12633691|2036399|1170318|7.57|3|2.33|43|386|36|1158.0
202409|CNTY_GU|44|42110|26110000|인천|수원시|인계동|1117000000|역삼1가|2|40|2|1|9|48|318|318|317|10993|19262.0|9008.0|7625.0|2629.0|15497|6380|6331|6125316.0|2864544.0|2424750.0|836022.0|21512|1183875|757913|37175|90|139|71|7|6610961|8521554|1245628|1427805|7.2|31|2.03|91|234|467|7254.0
202409|ADM|27|44130|11140000|대구|수원시|역삼동|2711000000|인계동|1|70|2|1|6|1002|144|144|374|61252|15266.0|11726.0|3073.0|467.0|11142|8865|2152|2198304.0|1688544.0|442512.0|67248.0|2295222|2120053|68730|138137|15|66|43|9|6031796|14699618|4888926|1035921|4.03|4|4.17|122|152|76|608.0
202409|CNTY_GU|44|42110|46110000|서울|서초구|역삼동|1117000000|역삼1가|2|55|2|2|4|1788|52|52|331|74758|0.0|0.0|0.0|0.0|0|0|0|0.0|0.0|0.0|0.0|3047653|1364127|397415|226005|8|27|15|4|3929997|11933294|1694943|1305362|2.68|5|4.86|29|495|249|2475.0
202409|ADM|42|11140|46110000|부산|강남구|역삼동|4113000000|역삼1가|1|50|0|1|6|1811|274|274|402|86596|41963.0|20586.0|5123.0|16254.0|36875|16489|3689|11497862.0|5640564.0|1403702.0|4453596.0|4157149|1497986|680599|69313|37|119|29|13|2989351|17111131|2638234|208327|5.55|34|1.94|5|52|129|1768.0
202409|CNTY_GU|11|11110|28110000|대구|수원시|역삼동|2711000000|역삼1가|1|65|1|2|7|1933|108|108|350|14769|14481.0|6715.0|3235.0|4531.0|13210|6451|2558|1563948.0|725220.0|349380.0|489348.0|1947922|585155|140187|413638|31|50|14|5|8592777|4290251|2559289|268643|6.67|0|4.12|80|0|39|0.0
202409|CNTY_GU|42|28110|44130000|대구|성남시|인계동|4111000000|역삼1가|2|55|3|2|5|1289|155|155|412|30766|41380.0|29393.0|14257.0|0.0|39676|22051|13009|6413900.0|4555915.0|2209835.0|0.0|689135|2679375|547443|13823|30|74|41|10|2375960|2967210|2046826|1915758|7.11|19|3.78|101|358|180|6802.0
202409|ADM|47|28110|45110000|서울|성남시|인계동|1114000000|역삼1가|1|65|3|2|10|1955|319|319|61|95630|5119.0|3796.0|1181.0|142.0|3974|3201|1045|1632961.0|1210924.0|376739.0|45298.0|4561681|2686547|140433|106896|82|131|81|8|3620908|3524698|3948915|514202|7.87|16|2.31|107|21|199|336.0
202409|ADM|11|47110|44130000|인천|강남구|역삼동|4311000000|역삼1가|1|35|1|2|3|723|250|250|975|10911|44584.0|21656.0|9417.0|13511.0|35663|16515|9296|11146000.0|5414000.0|2354250.0|3377750.0|3351973|1288580|160253|307405|39|147|61|10|5652243|7786052|3206838|1344681|2.66|13|3.82|110|22|36|286.0
202409|PRVNC|11|26140|46110000|경기|성남시|서초동|1117000000|인계동|1|25|1|1|3|1226|368|368|777|49141|46408.0|17576.0|15921.0|12911.0|37478|15553|14832|17078144.0|6467968.0|5858928.0|4751248.0|522767|2899110|847072|469682|46|189|42|3|2513318|15845463|3506906|1905458|3.95|42|3.9|118|357|286|14994.0
202409|ADM|11|11200|43110000|서울|수원시|인계동|4311000000|서초1동|1|20|2|2|3|1205|37|37|592|70572|6856.0|2227.0|710.0|3919.0|5609|1936|532|253672.0|82399.0|26270.0|145003.0|2247014|2457331|453460|345549|4|19|4|1|4213511|7026232|83946|1213124|6.82|5|3.75|71|462|451|2310.0
202409|ADM|46|44130|11110000|대구|수원시|인계동|4115000000|인계동|2|40|2|2|4|929|464|464|614|50183|31985.0|20762.0|9471.0|1752.0|28631|15008|7858|14841040.0|9633568.0|4394544.0|812928.0|3124180|2160822|705133|323312|85|257|91|17|9741765|9450420|1715581|325730|3.95|50|2.83|77|369|346|18450.0
202409|ADM|27|47110|47110000|경기|서초구|인계동|4511000000|서초1동|2|25|2|1|3|178|198|198|770|86511|6679.0|2447.0|1571.0|2661.0|6208|2260|1517|1322442.0|484506.0|311058.0|526878.0|3958654|1743566|426170|92763|28|118|55|11|4035210|3634035|4877420|1597082|5.64|6|3.19|101|268|117|1608.0
202409|ADM|11|11170|11200000|인천|성남시|인계동|4511000000|서초1동|2|65|3|1|1|1097|6|6|382|67193|23809.0|12749.0|8247.0|2813.0|18567|9370|6401|142854.0|76494.0|49482.0|16878.0|2845660|1397979|576663|434132|1|3|1|0|5421163|7334545|4383531|1544987|3.56|0|4.29|50|0|297|0.0
202409|CNTY_GU|44|26110|26140000|대구|수원시|인계동|2611000000|인계동|1|35|0|1|7|177|499|499|530|39239|19816.0|8743.0|5993.0|5080.0|14770|8281|5104|9888184.0|4362757.0|2990507.0|2534920.0|4150215|2552881|507870|423911|130|203|136|5|4594774|17035193|635082|582221|5.81|74|1.83|47|204|433|15096.0
202409|CNTY_GU|43|11140|43110000|대구|강남구|인계동|4311000000|인계동|1|50|3|1|2|338|417|417|868|99238|35927.0|19400.0|11714.0|4813.0|32213|15919|11232|14981559.0|8089800.0|4884738.0|2007021.0|3747380|1243351|504185|452227|88|180|118|29|5227653|13146664|572573|1025544|6.46|14|3.76|166|327|111|4578.0
202409|ADM|42|45110|42110000|인천|강남구|인계동|4311000000|서초1동|1|70|0|2|3|1597|186|186|76|34618|41776.0|15460.0|15810.0|10506.0|41080|11209|13022|7770336.0|2875560.0|2940660.0|1954116.0|3155421|2700651|48956|331942|27|80|25|11|917457|2184658|701213|1679096|7.2|4|3.37|115|71|68|284.0
202409|PRVNC|45|47110|41130000|부산|서초구|인계동|2614000000|역삼1가|1|35|0|2|6|601|371|371|81|63180|44978.0|26763.0|5481.0|12734.0|44290|24139|3951|16686838.0|9929073.0|2033451.0|4724314.0|4133960|2148419|186744|331076|92|191|63|16|4814428|16072101|1657625|1158219|7.23|0|3.01|170|0|81|0.0
202409|CNTY_GU|41|27110|11110000|부산|수원시|역삼동|4311000000|인계동|1|55|1|1|6|1615|207|207|429|41938|15970.0|8259.0|4945.0|2766.0|12782|6043|3586|3305790.0|1709613.0|1023615.0|572562.0|141756|2374831|221853|13477|20|94|35|11|1503297|5491287|486713|1231851|7.09|12|1.37|118|439|128|5268.0
202409|ADM|42|41110|46110000|서울|서초구|인계동|2811000000|인계동|2|30|3|1|2|1003|127|127|741|24481|2840.0|1898.0|703.0|239.0|2521|1347|529|360680.0|241046.0|89281.0|30353.0|1818892|750494|597778|332513|24|56|17|10|179086|5071213|4841358|595451|2.61|12|1.15|23|434|189|5208.0
202409|PRVNC|43|42110|46110000|서울|강남구|역삼동|2811000000|서초1동|2|35|1|1|3|1569|233|233|398|65813|23506.0|11766.0|3726.0|8014.0|21113|9346|2934|5476898.0|2741478.0|868158.0|1867262.0|627127|662026|645370|214162|50|98|40|21|5190356|18829368|4943604|547070|7.34|5|3.48|64|356|495|1780.0
202409|CNTY_GU|45|26140|11140000|인천|수원시|역삼동|4211000000|인계동|2|55|3|1|6|222|130|130|166|82804|14317.0|4852.0|3631.0|5834.0|12339|4574|3201|1861210.0|630760.0|472030.0|758420.0|1857824|2717405|614025|286574|30|55|19|11|764622|7352315|2807651|1204793|3.28|6|3.03|7|304|278|1824.0
202409|CNTY_GU|44|47110|43110000|부산|강남구|서초동|1111000000|서초1동|1|35|3|1|2|1243|13|13|96|20836|1547.0|898.0|395.0|254.0|1467|800|341|20111.0|11674.0|5135.0|3302.0|4452851|1888326|579004|357368|2|7|1|0|8586498|1443011|2839852|1556357|4.83|0|3.62|153|0|72|0.0
202409|CNTY_GU|44|42110|11170000|인천|성남시|인계동|4115000000|인계동|1|50|0|2|10|529|191|191|873|57858|41910.0|15237.0|12276.0|14397.0|34696|12658|9845|8004810.0|2910267.0|2344716.0|2749827.0|2716327|2846807|849245|101544|43|107|52|6|2634080|17752084|4085521|402829|6.15|0|2.31|151|0|252|0.0
202409|CNTY_GU|42|47110|28110000|인천|서초구|인계동|2711000000|인계동|1|45|2|2|4|575|181|181|250|10751|37960.0|28987.0|11272.0|0.0|36724|22552|9601|6870760.0|5246647.0|2040232.0|0.0|1543209|2970033|929837|323550|23|89|24|2|499111|10143567|1277413|253081|6.26|21|2.78|68|192|480|4032.0
202409|CNTY_GU|27|47110|41130000|인천|성남시|서초동|1120000000|역삼1가|1|20|0|2|1|846|87|87|348|30235|29123.0|23175.0|10704.0|0.0|28614|21245|8514|2533701.0|2016225.0|931248.0|0.0|2921520|1937218|76476|308442|15|38|12|2|2491986|9224687|2602332|1955848|2.34|5|1.36|42|48|6|240.0
202409|CNTY_GU|26|26110|26140000|부산|수원시|인계동|4413000000|역삼1가|2|60|3|1|1|737|470|470|469|83864|9117.0|7241.0|1327.0|549.0|7963|5965|1009|4284990.0|3403270.0|623690.0|258030.0|3938293|2535404|76120|239287|121|230|123|45|39134|7345596|3699384|620331|4.63|0|4.3|5|0|153|0.0
202409|ADM|46|41110|11140000|인천|강남구|인계동|4111000000|인계동|1|60|2|1|4|864|87|87|629|45440|3915.0|2169.0|1032.0|714.0|3756|1983|943|340605.0|188703.0|89784.0|62118.0|1260938|2864714|394813|274581|18|35|21|6|5553633|9135973|101831|61753|6.74|11|1.1|99|146|46|1606.0
202409|ADM|11|44130|44130000|부산|성남시|인계동|4311000000|서초1동|2|65|0|1|7|842|178|178|756|18230|8630.0|3054.0|3068.0|2508.0|6660|2610|2630|1536140.0|543612.0|546104.0|446424.0|4229067|742234|480776|488777|24|102|45|3|7070251|4364510|1033228|1013196|3.02|15|1.69|169|375|214|5625.0
202409|PRVNC|46|45110|41150000|부산|수원시|역삼동|4511000000|역삼1가|1|30|2|2|10|1594|206|206|227|20296|49421.0|35308.0|6923.0|7190.0|40547|32157|5187|10180726.0|7273448.0|1426138.0|1481140.0|492848|2750322|997062|284957|42|93|45|12|4207601|15890289|2234393|689291|5.29|1|1.59|91|223|161|223.0
202409|ADM|27|11200|11170000|대구|강남구|인계동|4511000000|인계동|2|50|0|1|8|1849|83|83|250|19429|0.0|0.0|0.0|0.0|0|0|0|0.0|0.0|0.0|0.0|3730955|997814|461025|440596|14|46|23|5|155363|4911800|1830150|1464162|2.71|0|4.88|76|0|437|0.0
202409|CNTY_GU|45|41130|46110000|서울|수원시|서초동|4113000000|역삼1가|1|35|2|2|7|520|129|129|445|65694|47634.0|18176.0|16847.0|12611.0|38878|14038|15713|6144786.0|2344704.0|2173263.0|1626819.0|3738443|1275578|727033|158957|26|76|34|0|9936612|10803818|1610536|1834912|2.45|1|2.73|15|270|111|270.0
202409|CNTY_GU|47|41150|27110000|경기|수원시|인계동|2611000000|역삼1가|1|50|0|1|3|1181|349|349|113|76922|32169.0|11168.0|9708.0|11293.0|22541|10766|7410|11226981.0|3897632.0|3388092.0|3941257.0|2255085|438868|456146|397543|74|160|95|25|3919130|10721982|4831140|1099278|4.14|5|3.87|129|81|453|405.0
202409|CNTY_GU|27|41110|42110000|부산|서초구|역삼동|1114000000|서초1동|2|55|1|1|2|1277|41|41|941|87441|16833.0|8129.0|2871.0|5833.0|14885|7071|2791|690153.0|333289.0|117711.0|239153.0|3331308|1650988|442378|92713|4|17|5|1|9274893|11006109|177378|761558|3.43|1|2.16|6|492|64|492.0
202409|ADM|26|41150|11200000|부산|서초구|서초동|1111000000|인계동|2|60|0|2|3|1207|166|166|23|75455|32878.0|20572.0|12772.0|0.0|30430|18167|8992|5457748.0|3414952.0|2120152.0|0.0|3132065|2267077|43625|478788|24|92|49|9|4011659|15722626|4244812|548446|5.44|1|4.43|171|479|216|479.0
202409|ADM|11|47110|46110000|부산|수원시|역삼동|4211000000|서초1동|2|35|1|2|7|785|320|320|458|39050|38145.0|21914.0|9574.0|6657.0|33531|20129|7591|12206400.0|7012480.0|3063680.0|2130240.0|328264|1524596|881299|22104|92|131|40|26|721853|5848784|3870640|1465539|7.67|20|2.72|121|238|439|4760.0
202409|CNTY_GU|44|41110|28110000|서울|수원시|역삼동|4115000000|서초1동|2|20|2|1|1|588|368|368|393|40451|39407.0|31313.0|9169.0|0.0|30126|23627|7556|14501776.0|11523184.0|3374192.0|0.0|1217291|129367|364250|408551|54|195|47|19|9836623|19416153|1180661|830101|3.19|51|1.05|59|423|40|21573.0
202409|ADM|44|28110|11140000|인천|강남구|서초동|2611000000|인계동|1|70|0|1|6|1825|487|487|5|99611|42191.0|19247.0|5435.0|17509.0|41448|16342|4968|20547017.0|9373289.0|2646845.0|8526883.0|4047940|347977|247102|348527|125|247|67|7|1504202|17485342|1859278|988529|6.65|27|1.14|142|273|481|7371.0
202409|CNTY_GU|44|26110|41110000|인천|서초구|인계동|4611000000|서초1동|1|45|3|2|7|901|237|237|740|33189|36783.0|23636.0|5480.0|7667.0|34391|17429|4299|8717571.0|5601732.0|1298760.0|1817079.0|2172361|1183612|889064|178455|44|104|70|14|3118363|17493983|399453|670358|2.69|0|1.53|153|0|40|0.0
202409|PRVNC|11|26140|11200000|대구|강남구|서초동|2611000000|서초1동|2|55|2|1|2|923|3|3|223|22389|26799.0|12345.0|3285.0|11169.0|18843|11889|2466|80397.0|37035.0|9855.0|33507.0|2610960|541350|101631|321973|0|1|0|0|6815552|1468941|2113348|257395|6.69|0|3.42|92|0|199|0.0
202409|ADM|11|47110|11200000|경기|강남구|역삼동|4113000000|인계동|1|60|0|1|9|1304|494|494|611|77935|478.0|369.0|119.0|0.0|384|287|85|236132.0|182286.0|58786.0|0.0|4637517|1301251|471268|101655|120|256|58|1|3322810|7126210|2143872|899454|4.93|63|3.04|165|72|151|4536.0
202409|ADM|46|47110|28110000|대구|성남시|인계동|4311000000|인계동|1|25|0|2|6|644|369|369|624|23976|7026.0|2469.0|2066.0|2491.0|6183|2458|1737|2592594.0|911061.0|762354.0|919179.0|306193|1775475|440574|264770|45|216|109|9|4636724|9869906|588254|963633|3.65|42|3.97|53|243|415|10206.0
202409|ADM|42|41110|27110000|부산|강남구|서초동|2811000000|서초1동|1|50|0|1|3|1241|195|195|890|41480|42351.0|20818.0|5712.0|15821.0|32331|19755|4964|8258445.0|4059510.0|1113840.0|3085095.0|3642871|2712873|827695|20060|35|88|46|3|5002145|8618471|2552243|1675799|2.19|24|2.95|107|38|315|912.0
202409|PRVNC|46|41110|41130000|부산|성남시|역삼동|4113000000|인계동|1|65|1|1|1|199|455|455|393|35594|0.0|0.0|0.0|0.0|0|0|0|0.0|0.0|0.0|0.0|286376|1924211|80700|215999|51|191|123|40|1603244|14652022|4537705|323081|5.66|0|4.68|159|0|62|0.0
202409|ADM|41|28110|41110000|서울|강남구|서초동|4311000000|역삼1가|2|65|0|2|5|1180|462|462|936|51925|30069.0|13834.0|10767.0|5468.0|21917|11283|10255|13891878.0|6391308.0|4974354.0|2526216.0|1429026|2267690|858906|435641|134|271|89|8|3821795|15909505|4946257|1134387|7.18|64|4.57|153|21|215|1344.0
202409|CNTY_GU|43|41110|41110000|부산|성남시|인계동|1111000000|역삼1가|1|30|0|2|2|673|96|96|756|98291|3453.0|2172.0|514.0|767.0|3404|1625|440|331488.0|208512.0|49344.0|73632.0|4372592|428826|866538|495978|22|48|22|4|4179713|8697483|3224363|375968|5.07|1|3.99|66|365|183|365.0
202409|CNTY_GU|27|47110|11110000|서울|강남구|인계동|4113000000|서초1동|2|70|0|1|2|1181|70|70|104|57443|12852.0|6409.0|4908.0|1535.0|9474|5810|4153|899640.0|448630.0|343560.0|107450.0|3333067|997158|911144|97859|14|36|17|6|3100810|10324097|3919825|1412366|5.66|2|1.11|57|425|330|850.0
202409|ADM|26|11110|26140000|서울|서초구|인계동|4413000000|인계동|2|50|0|1|8|133|129|129|971|13214|49104.0|32592.0|11176.0|5336.0|43572|28969|8909|6334416.0|4204368.0|1441704.0|688344.0|4236002|2028067|42856|422977|18|71|20|6|5147130|5738319|492836|263709|6.88|7|3.87|139|381|125|2667.0
202409|PRVNC|46|26140|41130000|경기|수원시|서초동|1111000000|서초1동|2|30|0|2|8|196|148|148|191|37706|47175.0|15457.0|14704.0|17014.0|37487|13399|12295|6981900.0|2287636.0|2176192.0|2518072.0|3095818|2502661|747535|136901|23|87|24|13|176933|11049928|2808634|926982|7.98|10|4.93|82|309|120|3090.0
202409|PRVNC|26|43110|41150000|인천|성남시|서초동|2811000000|인계동|1|35|2|1|7|1245|131|131|643|61906|4613.0|2590.0|1045.0|978.0|3310|2472|972|604303.0|339290.0|136895.0|128118.0|2165184|1257990|527680|282412|22|59|23|5|5189756|10151585|3994551|960962|5.43|6|2.44|142|44|181|264.0
202409|ADM|26|26110|42110000|인천|강남구|서초동|4413000000|인계동|1|70|1|2|5|985|387|387|388|78812|5854.0|4130.0|2029.0|0.0|4440|2896|1762|2265498.0|1598310.0|785223.0|0.0|2546940|2494140|302977|173869|110|205|63|29|2892490|3059691|1272312|1482402|4.22|35|1.98|76|147|66|5145.0
202409|PRVNC|44|44130|46110000|대구|강남구|서초동|4311000000|인계동|2|50|3|2|8|245|179|179|224|90192|36493.0|16319.0|8190.0|11984.0|26319|14008|7065|6532247.0|2921101.0|1466010.0|2145136.0|2765483|1905236|414705|50242|43|100|34|16|870374|17873837|2463256|1569323|5.32|22|1.96|129|34|181|748.0
202409|ADM|46|41150|45110000|서울|성남시|인계동|4113000000|서초1동|2|35|3|1|6|1174|138|138|74|12773|1919.0|911.0|563.0|445.0|1492|813|501|264822.0|125718.0|77694.0|61410.0|3730555|2210398|237623|66294|21|79|17|3|6002568|12466005|976286|329126|5.57|7|3.81|65|363|472|2541.0
202409|ADM|26|11110|42110000|부산|강남구|역삼동|1114000000|인계동|2|65|1|2|1|749|345|345|524|90120|1927.0|685.0|476.0|766.0|1884|624|447|664815.0|236325.0|164220.0|264270.0|2354454|919423|242337|240917|68|186|92|31|371812|12201702|2159366|830438|7.7|0|1.31|160|0|79|0.0
202409|CNTY_GU|44|11110|44130000|부산|서초구|역삼동|2611000000|인계동|1|40|1|2|3|658|449|449|937|27349|37830.0|27460.0|5146.0|5224.0|30899|26628|4380|16985670.0|12329540.0|2310554.0|2345576.0|3480333|174291|99467|414373|129|235|47|11|843610|17194977|3273892|1843807|7.9|17|1.31|16|415|349|7055.0
202409|CNTY_GU|41|28110|42110000|대구|성남시|인계동|1111000000|서초1동|2|30|2|2|10|1371|237|237|614|93269|48055.0|29444.0|14178.0|4433.0|36793|26119|11765|11389035.0|6978228.0|3360186.0|1050621.0|4163903|760218|995879|261205|61|110|49|4|4303747|16125564|1327087|541984|3.96|19|2.01|35|190|340|3610.0
202409|CNTY_GU|47|47110|26140000|경기|수원시|서초동|2614000000|역삼1가|2|35|3|2|7|469|225|225|790|49465|0.0|0.0|0.0|0.0|0|0|0|0.0|0.0|0.0|0.0|4369875|524942|822766|186106|32|124|48|7|2235709|18548798|2603761|1460805|2.75|4|3.81|127|379|383|1516.0
202409|CNTY_GU|11|41130|11110000|경기|수원시|인계동|4113000000|인계동|2|20|1|1|9|813|312|312|17|61456|38902.0|27920.0|14712.0|0.0|34298|24428|13005|12137424.0|8711040.0|4590144.0|0.0|2512904|2338030|842102|389143|48|175|32|24|9664217|1653615|4459519|196712|5.61|17|2.82|100|370|218|6290.0
202409|ADM|42|11200|11200000|부산|수원시|인계동|1114000000|역삼1가|2|30|0|2|9|1772|107|107|670|91477|29062.0|11560.0|7947.0|9555.0|21585|10125|5859|3109634.0|1236920.0|850329.0|1022385.0|4446627|1751224|743187|349169|17|63|11|7|7035179|8048693|3986471|1366448|5.62|12|2.59|95|68|265|816.0
202409|PRVNC|47|26140|11140000|경기|강남구|역삼동|4511000000|서초1동|2|25|0|1|9|1360|95|95|693|18834|33589.0|17805.0|5268.0|10516.0|25122|16908|4317|3190955.0|1691475.0|500460.0|999020.0|3472346|1921875|512663|112293|21|45|27|2|4330228|1563438|4686230|742452|6.53|7|2.03|46|424|368|2968.0
202409|CNTY_GU|41|11200|11140000|서울|강남구|서초동|1117000000|인계동|1|30|0|1|9|1913|2|2|352|45911|46084.0|26612.0|15773.0|3699.0|39466|19444|13912|92168.0|53224.0|31546.0|7398.0|3425081|1026504|364873|369150|0|0|0|0|5497458|16261009|4333996|1065339|4.79|0|3.0|148|0|203|0.0
202409|ADM|27|44130|41110000|대구|성남시|인계동|2611000000|인계동|1|30|0|1|4|1804|28|28|773|98659|20690.0|9624.0|6389.0|4677.0|15273|7434|5921|579320.0|269472.0|178892.0|130956.0|2827907|1953131|105901|435545|7|13|4|0|9748885|4352411|3665403|158822|5.75|2|1.82|93|150|105|300.0
202409|ADM|47|27110|41110000|부산|강남구|인계동|4311000000|서초1동|1|50|0|2|2|749|451|451|289|74503|7610.0|5149.0|2242.0|219.0|6672|3745|1654|3432110.0|2322199.0|1011142.0|98769.0|3032114|857944|244576|14526|95|257|60|34|2035|14614870|3137217|1826955|5.53|10|4.06|110|225|473|2250.0
202409|CNTY_GU|46|41110|27110000|부산|성남시|역삼동|4111000000|역삼1가|1|50|1|1|8|1509|258|258|342|50051|41931.0|32278.0|7303.0|2350.0|37191|29826|5974|10818198.0|8327724.0|1884174.0|606300.0|111363|2005538|949599|474937|42|118|72|10|7381011|12113343|206582|54773|5.87|16|3.76|62|473|414|7568.0
202409|ADM|43|42110|11200000|경기|성남시|서초동|1120000000|역삼1가|2|50|1|1|2|1450|366|366|297|82148|1134.0|740.0|311.0|83.0|919|650|295|415044.0|270840.0|113826.0|30378.0|3318646|2813279|458501|198466|50|155|77|6|7091910|4015626|2081722|588581|3.18|8|4.92|27|196|472|1568.0
202409|PRVNC|47|27110|26110000|대구|서초구|역삼동|1120000000|서초1동|1|50|2|1|10|1779|392|392|566|87541|16924.0|12809.0|5714.0|0.0|11863|9338|5267|6634208.0|5021128.0|2239888.0|0.0|137062|2561845|852186|156419|63|175|91|21|7212932|19196002|1423437|1756522|2.98|44|4.45|121|344|421|15136.0
202409|ADM|26|44130|27110000|경기|서초구|인계동|4311000000|역삼1가|2|50|2|2|5|629|419|419|719|75675|11710.0|3768.0|3317.0|4625.0|11543|3142|2957|4906490.0|1578792.0|1389823.0|1937875.0|4210944|1886578|763929|98540|82|203|92|36|7223241|6767144|3562935|1107576|4.28|48|4.34|146|449|224|21552.0
202409|ADM|27|11200|42110000|경기|서초구|역삼동|2811000000|서초1동|2|30|2|1|3|1431|295|295|198|42951|20389.0|14584.0|3024.0|2781.0|17827|12177|2995|6014755.0|4302280.0|892080.0|820395.0|3557345|552266|441111|205306|72|153|36|5|9938337|3436385|4853589|1385443|5.35|4|3.14|47|69|364|276.0
202409|ADM|47|47110|42110000|경기|강남구|서초동|2611000000|역삼1가|1|70|0|1|9|238|330|330|34|95535|1735.0|1004.0|457.0|274.0|1671|1000|452|572550.0|331320.0|150810.0|90420.0|1387604|408561|860827|50014|49|189|79|32|2529127|10291638|3827984|95735|6.13|44|4.76|13|205|83|9020.0
202409|CNTY_GU|27|45110|41110000|인천|수원시|서초동|2611000000|인계동|1|30|0|1|5|226|341|341|314|96403|34305.0|18417.0|12384.0|3504.0|32563|14402|9589|11698005.0|6280197.0|4222944.0|1194864.0|4851421|676695|64823|276501|64|172|37|18|7620044|14585328|658953|1144780|6.08|32|3.53|27|136|12|4352.0
202409|CNTY_GU|45|28110|46110000|부산|수원시|인계동|2614000000|역삼1가|2|35|0|1|3|1085|275|275|577|53029|38876.0|29719.0|7233.0|1924.0|36755|22517|6995|10690900.0|8172725.0|1989075.0|529100.0|1871226|2482254|953690|187544|38|135|63|24|5178949|2634280|1066450|347681|5.72|7|1.67|21|139|60|973.0
202409|ADM|27|41130|47110000|서울|서초구|역삼동|1117000000|인계동|2|70|0|2|10|1866|400|400|222|79441|46380.0|19229.0|17934.0|9217.0|41142|18683|15095|18552000.0|7691600.0|7173600.0|3686800.0|3300196|2675158|468602|190811|46|233|73|24|613487|12455274|1149601|1117492|3.84|13|3.58|79|153|402|1989.0
202409|PRVNC|11|45110|44130000|경기|수원시|서초동|4111000000|역삼1가|2|45|3|1|4|1161|495|495|214|62655|29793.0|21494.0|6622.0|1677.0|21224|15087|5572|14747535.0|10639530.0|3277890.0|830115.0|19693|2104171|648127|447042|68|254|106|23|9425487|5838590|2509083|1312338|2.07|59|3.23|47|323|86|19057.0
202409|CNTY_GU|46|26110|11110000|대구|서초구|인계동|1114000000|역삼1가|1|35|2|2|3|1299|57|57|761|48775|421.0|184.0|146.0|91.0|411|164|105|23997.0|10488.0|8322.0|5187.0|2021249|2392013|194124|223647|15|24|6|3|7987751|7177976|4152291|1150308|2.05|7|3.97|90|436|331|3052.0
202409|ADM|43|41130|11200000|인천|서초구|서초동|4115000000|인계동|2|20|1|2|3|1286|392|392|33|84539|32523.0|16338.0|9052.0|7133.0|27395|16095|7955|12749016.0|6404496.0|3548384.0|2796136.0|2594246|434934|110671|348043|112|193|104|22|8274342|965877|3687461|917058|7.98|41|2.78|149|241|298|9881.0
202409|ADM|47|46110|43110000|서울|강남구|인계동|1111000000|서초1동|1|70|0|2|7|1029|336|336|359|90713|22766.0|9095.0|4046.0|9625.0|18423|8573|3182|7649376.0|3055920.0|1359456.0|3234000.0|1616255|2990656|790499|18444|88|156|99|15|5371437|6310311|3394121|504321|6.95|48|4.36|10|374|129|17952.0
202409|CNTY_GU|45|26140|47110000|경기|강남구|서초동|4113000000|서초1동|1|35|0|2|5|1660|269|269|18|66009|7018.0|4701.0|2211.0|106.0|6434|3827|1597|1887842.0|1264569.0|594759.0|28514.0|1496197|2992897|805430|171452|57|128|63|3|6595808|18291492|4549848|1123817|6.72|14|2.44|143|230|389|3220.0
202409|ADM|43|26140|41150000|서울|성남시|인계동|4611000000|역삼1가|1|55|3|1|3|496|409|409|753|83661|17198.0|9499.0|4151.0|3548.0|12872|9324|3962|7033982.0|3885091.0|1697759.0|1451132.0|1541821|546564|700355|326200|119|210|74|31|5188354|17422622|3730359|81136|3.57|56|2.7|87|257|203|14392.0
202409|PRVNC|41|44130|41150000|서울|수원시|인계동|2711000000|역삼1가|2|45|2|2|4|404|177|177|669|67831|16023.0|6630.0|4864.0|4529.0|11634|4813|3444|2836071.0|1173510.0|860928.0|801633.0|4400644|2336404|480013|175725|29|105|49|0|7825313|17725376|1435904|71568|3.56|15|1.0|134|183|186|2745.0
202409|ADM|42|47110|47110000|서울|성남시|서초동|1120000000|서초1동|2|35|0|1|6|1289|231|231|46|16499|45913.0|31080.0|10278.0|4555.0|37965|24097|9318|10605903.0|7179480.0|2374218.0|1052205.0|4965337|2043597|250891|11785|66|95|24|0|91331|3003246|4939647|403999|2.26|7|4.95|25|11|189|77.0
202409|CNTY_GU|45|46110|11170000|대구|서초구|역삼동|4115000000|서초1동|1|60|0|1|4|776|99|99|431|90669|27640.0|19053.0|2852.0|5735.0|25131|16591|2021|2736360.0|1886247.0|282348.0|567765.0|4220126|1998059|649249|213640|25|47|26|3|3444474|18203388|991172|576118|6.01|7|1.53|99|440|310|3080.0
202409|CNTY_GU|47|28110|43110000|서울|수원시|서초동|1111000000|역삼1가|1|65|1|1|9|1675|281|281|513|52615|3943.0|1786.0|1491.0|666.0|3318|1438|1168|1107983.0|501866.0|418971.0|187146.0|1022506|2890558|778919|378550|33|151|57|10|7271525|12017586|2835735|1088513|2.99|0|1.14|64|0|159|0.0
202409|ADM|26|45110|11110000|대구|서초구|역삼동|2711000000|서초1동|2|70|3|2|1|1078|75|75|369|30987|6223.0|1939.0|1008.0|3276.0|5062|1747|991|466725.0|145425.0|75600.0|245700.0|4211388|1733930|329327|372657|12|34|19|5|4714593|5643685|2445189|791831|3.39|0|4.13|164|0|53|0.0
202409|ADM|47|45110|27110000|경기|서초구|역삼동|4111000000|인계동|2|55|3|2|5|173|31|31|653|80902|32968.0|10730.0|8094.0|14144.0|28282|7791|6364|1022008.0|332630.0|250914.0|438464.0|359367|2758859|183202|326138|7|14|4|0|4262273|213437|354033|252905|7.0|3|4.63|12|407|309|1221.0
202409|ADM|41|27110|26140000|대구|서초구|역삼동|4311000000|서초1동|1|45|1|2|7|1931|162|162|542|38069|16458.0|9415.0|2640.0|4403.0|13631|7494|2084|2666196.0|1525230.0|427680.0|713286.0|1013470|1439642|374097|9597|22|65|32|13|6351108|14215496|3285904|216985|5.15|19|4.71|129|77|356|1463.0
202409|ADM|27|43110|41150000|부산|서초구|역삼동|4711000000|인계동|2|35|3|2|6|150|449|449|676|77306|29607.0|12809.0|6953.0|9845.0|27806|10691|5680|13293543.0|5751241.0|3121897.0|4420405.0|1872151|2459750|701285|53534|75|217|58|20|1081046|6058315|4101549|1755896|6.29|62|3.4|175|305|348|18910.0
202409|CNTY_GU|42|42110|44130000|서울|수원시|역삼동|4211000000|인계동|1|50|1|2|4|717|29|29|916|30359|126.0|80.0|36.0|10.0|90|69|32|3654.0|2320.0|1044.0|290.0|1192281|2503436|478704|176321|6|12|6|2|9489879|13794705|2924408|1940362|4.21|3|3.82|43|320|141|960.0
202409|ADM|43|42110|43110000|경기|성남시|인계동|4413000000|역삼1가|1|25|0|1|4|548|96|96|538|20204|4909.0|1967.0|1381.0|1561.0|3972|1881|1039|471264.0|188832.0|132576.0|149856.0|4156938|2083012|83755|198821|15|45|24|2|8187379|4013862|3423741|1852114|2.5|12|1.38|162|71|422|852.0
202409|CNTY_GU|42|27110|41150000|경기|성남시|인계동|1114000000|역삼1가|1|20|3|1|7|1483|287|287|70|13422|10313.0|5596.0|3302.0|1415.0|8588|5467|2712|2959831.0|1606052.0|947674.0|406105.0|4278897|1420902|762343|441059|76|141|48|21|7145151|17104579|1028412|649511|5.5|12|4.91|44|93|202|1116.0
202409|CNTY_GU|43|26140|27110000|부산|성남시|서초동|4311000000|인계동|2|45|3|2|4|695|14|14|352|30086|49789.0|16301.0|8400.0|25088.0|38759|14084|7675|697046.0|228214.0|117600.0|351232.0|30924|1263198|338755|363084|2|7|1|1|4962484|881982|3179861|1676002|4.46|0|2.57|102|0|423|0.0
202409|PRVNC|41|41110|41130000|인천|서초구|역삼동|4111000000|역삼1가|2|50|1|2|9|505|292|292|844|59242|25060.0|7756.0|8013.0|9291.0|23757|7677|5863|7317520.0|2264752.0|2339796.0|2712972.0|611780|823736|745766|207906|36|117|82|11|4131445|6862992|3684600|706254|2.49|38|1.07|135|27|252|1026.0
202409|CNTY_GU|44|11140|11140000|경기|수원시|서초동|4211000000|인계동|2|55|1|1|5|1445|457|457|839|10136|49072.0|36498.0|17465.0|0.0|40272|30748|14057|22425904.0|16679586.0|7981505.0|0.0|3350749|1498702|85031|15172|97|211|62|30|1880431|3311720|4390829|1925852|6.65|62|4.6|60|300|272|18600.0
202409|ADM|41|26140|43110000|서울|서초구|서초동|1111000000|인계동|2|20|0|2|5|400|305|305|6|13443|28262.0|18151.0|5943.0|4168.0|22275|16538|4865|8619910.0|5536055.0|1812615.0|1271240.0|507068|460024|380653|102619|40|172|51|11|6982231|1454776|228785|1199498|2.12|16|1.33|35|95|477|1520.0
202409|ADM|46|41110|41130000|경기|성남시|역삼동|4511000000|서초1동|1|20|0|2|8|81|112|112|658|74601|19146.0|9667.0|2055.0|7424.0|18412|8459|1571|2144352.0|1082704.0|230160.0|831488.0|529620|2682170|889262|984|25|63|17|10|9308473|3396942|4171197|1861157|3.24|15|3.98|5|405|187|6075.0
202409|ADM|27|11110|41130000|대구|수원시|인계동|2614000000|역삼1가|2|60|0|2|10|960|366|366|579|66702|29103.0|14660.0|7994.0|6449.0|21529|14419|7257|10651698.0|5365560.0|2925804.0|2360334.0|4211168|2196581|57827|67998|100|150|54|18|8503654|7273825|854105|1263511|4.67|1|3.58|109|210|414|210.0
202409|ADM|47|27110|46110000|대구|서초구|역삼동|1120000000|서초1동|1|65|1|1|9|1449|289|289|93|28396|39339.0|15365.0|9918.0|14056.0|37780|12337|7733|11368971.0|4440485.0|2866302.0|4062184.0|2988564|397507|842330|41854|67|158|42|3|3489620|11038321|1880167|1248219|7.89|17|3.15|28|163|97|2771.0
202409|ADM|42|41150|28110000|부산|강남구|인계동|2611000000|서초1동|2|60|2|2|7|368|173|173|913|82945|17132.0|11421.0|4729.0|982.0|12839|10601|4194|2963836.0|1975833.0|818117.0|169886.0|256461|474993|408049|104038|42|98|48|6|3763993|11913494|867229|595005|5.85|16|2.71|9|129|118|2064.0
202409|CNTY_GU|44|11140|41130000|경기|서초구|역삼동|4511000000|인계동|2|70|0|2|1|1365|123|123|610|66128|9830.0|7389.0|987.0|1454.0|7353|5911|826|1209090.0|908847.0|121401.0|178842.0|375877|1829188|345732|358431|35|70|26|4|1832579|11650453|558681|1437302|5.92|5|3.8|79|92|330|460.0
202409|CNTY_GU|26|11140|26110000|대구|서초구|서초동|4211000000|인계동|1|35|1|1|10|851|132|132|939|51937|10156.0|6015.0|3420.0|721.0|9450|5222|2717|1340592.0|793980.0|451440.0|95172.0|67363|574922|609577|457837|31|60|26|2|6544997|1220305|3999465|1214896|3.64|7|4.29|178|393|401|2751.0
202409|PRVNC|44|43110|41110000|서울|수원시|역삼동|1120000000|서초1동|2|30|2|1|9|907|123|123|354|89026|33959.0|11619.0|13175.0|9165.0|33086|10919|11575|4176957.0|1429137.0|1620525.0|1127295.0|4958544|209142|48455|191562|18|60|18|5|4810899|18624367|291545|1998031|5.95|16|4.96|106|241|4|3856.0
202409|CNTY_GU|43|44130|11140000|부산|서초구|서초동|1111000000|인계동|1|55|2|2|5|248|369|369|366|33145|49752.0|21957.0|5368.0|22427.0|40791|16061|5089|18358488.0|8102133.0|1980792.0|8275563.0|11591|2147240|440451|261885|83|219|40|16|6761321|10357653|1608831|275719|6.71|2|1.69|30|305|17|610.0
202409|ADM|43|41110|26140000|부산|수원시|서초동|4115000000|서초1동|1|35|1|2|1|990|22|22|404|59845|7929.0|5664.0|1555.0|710.0|5837|5562|1508|174438.0|124608.0|34210.0|15620.0|2540746|1443168|250742|118221|4|10|3|1|7528675|19060425|2162505|1455962|7.51|1|2.64|113|420|103|420.0
202409|ADM|26|26110|11170000|경기|서초구|인계동|4113000000|서초1동|2|40|0|2|9|874|89|89|888|85460|10975.0|5802.0|1680.0|3493.0|10953|4088|1561|976775.0|516378.0|149520.0|310877.0|3419765|367648|635654|433599|12|37|24|7|5227250|16226387|2666452|1498811|5.2|7|4.56|60|356|142|2492.0
202409|ADM|47|45110|26140000|서울|강남구|인계동|4111000000|역삼1가|1|50|2|2|2|1328|23|23|35|74726|4543.0|3107.0|1701.0|0.0|4159|2428|1287|104489.0|71461.0|39123.0|0.0|1100579|2785845|129023|134091|4|11|4|2|6118783|8817181|3154558|1984285|7.51|1|4.72|49|133|295|133.0
202409|CNTY_GU|27|41110|42110000|부산|성남시|서초동|4511000000|서초1동|2|70|1|1|10|1392|142|142|398|96552|29218.0|10944.0|6973.0|11301.0|22465|9234|5186|4148956.0|1554048.0|990166.0|1604742.0|4167100|1050951|459295|224545|27|82|25|2|9881608|7772052|1403424|1406509|6.63|5|3.08|106|296|142|1480.0
202409|CNTY_GU|44|45110|44130000|대구|강남구|인계동|4413000000|인계동|2|55|1|2|9|239|262|262|883|47162|18032.0|8206.0|5858.0|3968.0|14099|7224|5165|4724384.0|2149972.0|1534796.0|1039616.0|1531273|1255729|390195|180788|34|110|69|5|9155509|8994719|899023|574801|7.5|26|2.99|50|13|157|338.0
202409|PRVNC|26|11110|42110000|인천|서초구|역삼동|4511000000|인계동|1|35|3|1|7|166|443|443|785|85901|37403.0|18638.0|14124.0|4641.0|28741|13301|10096|16569529.0|8256634.0|6256932.0|2055963.0|424249|2806759|484191|377283|112|236|83|24|7876924|6898491|1738945|1901595|6.41|55|3.41|120|13|59|715.0
202409|CNTY_GU|42|11140|46110000|부산|서초구|서초동|4511000000|인계동|2|45|2|2|8|1224|442|442|3|11815|45446.0|17373.0|8626.0|19447.0|43507|16592|7809|20087132.0|7678866.0|3812692.0|8595574.0|1363087|893787|573831|29494|100|243|105|15|6679108|6058594|3274672|156185|3.28|44|2.35|134|275|42|12100.0
202409|ADM|11|41110|41150000|인천|성남시|역삼동|1117000000|역삼1가|1|45|3|2|9|225|30|30|39|69782|18798.0|13896.0|7212.0|0.0|17098|13538|5436|563940.0|416880.0|216360.0|0.0|354309|1590956|262595|320091|8|12|3|0|3206324|8307367|3199731|352112|6.8|1|1.4|117|245|15|245.0
202409|ADM|47|41110|11140000|대구|수원시|역삼동|2711000000|인계동|2|30|3|1|7|734|136|136|606|17455|49368.0|23877.0|15578.0|9913.0|48147|21337|11479|6714048.0|3247272.0|2118608.0|1348168.0|1505605|1897181|349736|235123|24|71|25|0|5550036|15983547|4372291|1112355|4.84|10|4.41|157|24|384|240.0
202409|ADM|47|47110|41130000|대구|수원시|인계동|2614000000|인계동|1|30|2|1|9|754|41|41|643|81888|40933.0|18139.0|7878.0|14916.0|30705|15299|7158|1678253.0|743699.0|322998.0|611556.0|823962|2866602|230308|385192|6|17|5|3|514011|9714090|2422968|1536084|5.27|6|3.07|80|198|21|1188.0
202409|CNTY_GU|45|41150|27110000|대구|서초구|역삼동|4511000000|서초1동|2|65|0|1|3|602|458|458|868|95586|31644.0|9538.0|8163.0|13943.0|28468|6685|8093|14492952.0|4368404.0|3738654.0|6385894.0|3156326|1983681|581670|182707|93|238|97|27|4905440|3119679|820021|1343272|3.84|39|1.99|107|28|229|1092.0
202409|ADM|43|45110|27110000|서울|서초구|서초동|2611000000|서초1동|1|60|0|2|4|1891|19|19|670|52531|7232.0|2197.0|975.0|4060.0|6642|1876|972|137408.0|41743.0|18525.0|77140.0|460925|298300|827148|496163|3|10|3|0|98716|3181960|4630880|1207583|4.0|0|3.18|43|0|458|0.0
202409|CNTY_GU|41|11110|41150000|경기|강남구|서초동|1117000000|인계동|1|20|1|1|8|900|424|424|867|66868|36541.0|18167.0|4845.0|13529.0|33741|16540|4175|15493384.0|7702808.0|2054280.0|5736296.0|3360479|47065|334452|252663|121|171|103|27|2355637|10174622|3360428|1848386|5.66|27|4.06|50|303|229|8181.0
202409|ADM|42|26140|26140000|서울|강남구|역삼동|2611000000|서초1동|2|50|3|2|8|605|254|254|939|28338|4208.0|2419.0|807.0|982.0|3219|1888|581|1068832.0|614426.0|204978.0|249428.0|4109425|2409973|792103|221850|63|110|53|22|9550230|18647454|2751902|1504317|3.33|7|1.17|106|236|106|1652.0
202409|ADM|43|41110|28110000|서울|수원시|역삼동|4211000000|역삼1가|2|55|2|2|2|844|52|52|879|61656|25362.0|14834.0|4791.0|5737.0|20130|10967|4332|1318824.0|771368.0|249132.0|298324.0|465126|307712|650696|266883|15|29|7|0|8974410|7841859|951683|1094775|3.09|1|4.65|7|349|272|349.0
202409|ADM|26|42110|41150000|대구|서초구|인계동|1117000000|서초1동|2|25|0|2|6|1365|417|417|236|81117|26566.0|19833.0|3891.0|2842.0|21434|14555|2749|11078022.0|8270361.0|1622547.0|1185114.0|1903567|1562|606045|318|94|204|106|36|1770344|4342192|1890826|382610|4.99|61|2.38|14|185|302|11285.0
202409|CNTY_GU|45|45110|47110000|부산|서초구|역삼동|4115000000|역삼1가|2|20|0|2|8|1176|170|170|928|65677|40261.0|24095.0|7979.0|8187.0|36363|17501|7210|6844370.0|4096150.0|1356430.0|1391790.0|1089873|1292361|140301|210478|36|69|25|2|5929516|8199073|1370427|600939|2.7|15|4.27|172|280|234|4200.0
202409|ADM|41|45110|41110000|부산|서초구|서초동|4413000000|인계동|2|70|2|1|2|1072|180|180|511|39036|33058.0|18388.0|3920.0|10750.0|30882|17400|3433|5950440.0|3309840.0|705600.0|1935000.0|4309399|1648726|363214|312940|49|72|51|0|5079344|14414253|3289859|1258094|2.81|20|1.21|175|287|407|5740.0
202409|CNTY_GU|43|26110|28110000|부산|성남시|인계동|4115000000|역삼1가|1|60|3|1|3|610|427|427|540|72282|22755.0|14812.0|4543.0|3400.0|22730|12347|3495|9716385.0|6324724.0|1939861.0|1451800.0|135439|1876682|657397|207193|53|238|121|4|7895636|13351344|2376649|95902|5.24|35|3.53|73|26|111|910.0
202409|CNTY_GU|44|41130|41130000|경기|강남구|역삼동|4711000000|인계동|2|35|1|1|5|1478|382|382|283|94631|16950.0|10160.0|4522.0|2268.0|12205|7265|3394|6474900.0|3881120.0|1727404.0|866376.0|4388922|2210001|585531|261188|64|168|98|30|1293426|10336670|1130226|1867963|6.02|16|3.41|40|92|443|1472.0
202409|ADM|26|47110|26140000|인천|서초구|인계동|4511000000|서초1동|1|25|0|1|9|20|469|469|302|21699|3587.0|1331.0|843.0|1413.0|2714|1016|765|1682303.0|624239.0|395367.0|662697.0|4042133|2796857|391164|401177|53|189|90|12|5223403|4969493|87215|877454|4.28|30|4.84|105|344|0|10320.0
202409|CNTY_GU|27|42110|26140000|서울|성남시|역삼동|1111000000|역삼1가|2|25|0|1|7|501|391|391|317|76388|27305.0|12415.0|9588.0|5302.0|20891|9516|8164|10676255.0|4854265.0|3748908.0|2073082.0|2044506|1930633|444775|150498|92|168|109|38|4698139|4374187|1667938|1890215|4.03|49|2.73|156|436|7|21364.0
202409|ADM|44|41130|47110000|서울|수원시|역삼동|4413000000|인계동|2|40|2|1|3|885|498|498|775|58229|6600.0|2035.0|2218.0|2347.0|5815|1651|1556|3286800.0|1013430.0|1104564.0|1168806.0|239315|974237|45518|373695|63|279|76|10|8520145|11715414|3751708|174333|2.3|62|2.27|144|329|278|20398.0
202409|PRVNC|43|26140|11110000|경기|강남구|서초동|2611000000|인계동|1|55|3|1|8|344|75|75|992|28208|41095.0|18765.0|7460.0|14870.0|31772|14745|7337|3082125.0|1407375.0|559500.0|1115250.0|2028171|1817483|545115|275101|7|44|18|6|6976252|14973060|343008|1743678|5.13|8|3.45|176|398|463|3184.0
202409|CNTY_GU|27|11110|46110000|경기|수원시|인계동|2611000000|역삼1가|2|60|0|1|4|1949|366|366|146|29098|47159.0|22064.0|5087.0|20008.0|40538|18549|4634|17260194.0|8075424.0|1861842.0|7322928.0|652347|135073|420104|256165|40|218|71|12|6343516|2667419|2347074|1998079|7.37|14|2.46|83|382|4|5348.0
202409|ADM|41|11110|42110000|대구|성남시|역삼동|4211000000|인계동|1|70|1|2|10|1318|196|196|148|81280|31582.0|9919.0|11635.0|10028.0|23937|8109|11541|6190072.0|1944124.0|2280460.0|1965488.0|1093150|638057|97613|477442|55|90|23|3|2917312|6768669|4380912|988023|3.06|16|1.33|75|235|397|3760.0
202409|CNTY_GU|44|45110|43110000|경기|성남시|역삼동|4113000000|서초1동|1|20|1|2|10|985|66|66|89|16791|27924.0|10748.0|9217.0|7959.0|24103|10196|9038|1842984.0|709368.0|608322.0|525294.0|794970|1599599|294952|385178|10|27|12|3|8745477|11002849|4193704|497929|6.5|0|3.73|142|0|132|0.0
202409|ADM|46|26140|11110000|인천|수원시|서초동|4413000000|인계동|1|70|2|1|1|426|257|257|198|52508|1396.0|948.0|450.0|0.0|1155|845|426|358772.0|243636.0|115650.0|0.0|4251288|1934455|845532|142488|62|104|29|20|8249830|15171706|1630058|406017|4.04|16|4.87|34|454|180|7264.0
202409|ADM|41|27110|44130000|서울|수원시|서초동|4511000000|인계동|1|25|2|1|7|1413|288|288|667|73196|18722.0|13014.0|6860.0|0.0|14123|11284|5180|5391936.0|3748032.0|1975680.0|0.0|1145736|2095839|383052|426567|43|127|85|16|7273030|10225452|1769838|424267|7.12|1|3.99|48|235|485|235.0
202409|ADM|11|44130|11140000|대구|서초구|서초동|4113000000|역삼1가|2|60|3|1|4|721|17|17|734|72810|11036.0|4647.0|2717.0|3672.0|10298|3678|2585|187612.0|78999.0|46189.0|62424.0|2823511|1328772|211797|320309|3|8|3|0|6994473|3029082|920730|385291|4.06|1|1.93|77|273|124|273.0
202409|ADM|43|41110|11110000|서울|수원시|역삼동|4711000000|역삼1가|2|60|1|1|9|567|12|12|238|22983|33812.0|26208.0|3872.0|3732.0|33386|23719|3068|405744.0|314496.0|46464.0|44784.0|255109|578951|686860|309773|1|5|2|0|9794324|17688720|694741|426698|3.99|0|2.81|149|0|148|0.0
202409|ADM|44|41150|27110000|대구|강남구|서초동|4511000000|역삼1가|2|55|2|1|6|1332|375|375|744|17102|49597.0|30689.0|10036.0|8872.0|46511|24745|9827|18598875.0|11508375.0|3763500.0|3327000.0|2512275|1004868|213366|474676|63|197|107|15|2627755|10952430|3496258|1964001|6.48|14|2.04|137|162|5|2268.0
202409|ADM|44|47110|41150000|인천|수원시|인계동|4211000000|서초1동|2|30|1|2|1|82|115|115|308|68293|31806.0|11741.0|6133.0|13932.0|23106|9238|5144|3657690.0|1350215.0|705295.0|1602180.0|1659977|347398|905031|133231|15|59|17|8|5203203|2482541|1708738|191711|3.17|4|2.6|142|311|160|1244.0
202409|ADM|27|45110|11170000|경기|서초구|인계동|4311000000|역삼1가|2|70|3|1|7|1119|243|243|462|41586|18285.0|8735.0|3943.0|5607.0|15438|7731|3060|4443255.0|2122605.0|958149.0|1362501.0|4115534|2529729|893897|487750|59|97|70|6|2505221|9776978|4027373|1232343|6.04|14|2.15|41|102|400|1428.0
202409|CNTY_GU|26|28110|42110000|경기|서초구|역삼동|4311000000|인계동|1|25|1|1|6|513|161|161|801|60800|4088.0|2192.0|1047.0|849.0|4016|1728|946|658168.0|352912.0|168567.0|136689.0|2338807|809167|63888|58716|35|66|27|11|921790|8028241|2097061|1429363|3.72|21|1.9|43|245|458|5145.0
202409|CNTY_GU|44|45110|41110000|부산|성남시|서초동|2614000000|인계동|1|65|3|2|7|947|434|434|913|76162|8818.0|4279.0|1888.0|2651.0|7880|3702|1497|3827012.0|1857086.0|819392.0|1150534.0|4940427|2965774|749320|290912|52|256|101|9|5321001|17458690|3699681|748378|7.42|10|2.06|174|10|242|100.0
202409|CNTY_GU|44|11170|42110000|서울|성남시|서초동|4611000000|역삼1가|2|55|0|2|1|417|299|299|747|89350|52.0|36.0|5.0|11.0|38|29|4|15548.0|10764.0|1495.0|3289.0|3309261|2644352|596337|198280|35|172|80|18|6814348|5210985|1473883|260698|2.18|2|4.85|141|109|178|218.0
202409|CNTY_GU|44|11140|45110000|대구|성남시|서초동|1111000000|역삼1가|2|60|0|1|7|1299|362|362|651|10269|3095.0|2146.0|898.0|51.0|3007|1901|889|1120390.0|776852.0|325076.0|18462.0|3662374|942064|840914|165683|95|180|100|28|8262626|10707352|3459038|1879651|5.51|27|1.13|175|284|380|7668.0
202409|ADM|26|46110|41150000|인천|강남구|인계동|1111000000|역삼1가|1|60|0|1|10|1494|242|242|116|58725|19550.0|11589.0|4494.0|3467.0|18954|10055|3854|4731100.0|2804538.0|1087548.0|839014.0|4570604|355066|201256|285754|50|101|47|12|8848291|17380959|4766052|1696529|2.17|5|4.91|146|292|329|1460.0
202409|CNTY_GU|11|28110|41130000|서울|성남시|역삼동|2614000000|서초1동|1|40|0|1|6|1900|286|286|66|19346|35141.0|23739.0|8642.0|2760.0|26101|20835|7771|10050326.0|6789354.0|2471612.0|789360.0|3105945|1812852|258492|434674|62|147|68|13|5669538|16901874|166071|436107|7.93|12|2.63|173|384|332|4608.0
202409|CNTY_GU|44|43110|26110000|서울|서초구|인계동|1120000000|서초1동|1|55|0|1|9|1551|321|321|688|26013|8901.0|6652.0|2047.0|202.0|8333|5602|1972|2857221.0|2135292.0|657087.0|64842.0|2081059|189142|721668|133066|38|157|82|11|5697051|3182957|4401517|16416|7.28|24|2.07|36|148|234|3552.0
202409|CNTY_GU|46|26140|26140000|대구|수원시|인계동|2614000000|인계동|1|35|0|1|7|1068|486|486|82|63222|41258.0|22601.0|5928.0|12729.0|40504|21034|4985|20051388.0|10984086.0|2881008.0|6186294.0|177025|2764182|907715|39967|48|221|115|24|9365763|6684604|4971867|1131286|5.61|8|1.69|33|374|149|2992.0
202409|CNTY_GU|44|46110|46110000|경기|서초구|역삼동|2611000000|역삼1가|2|50|0|1|2|1698|185|185|251|35661|16208.0|8653.0|5771.0|1784.0|14323|8601|5278|2998480.0|1600805.0|1067635.0|330040.0|3850861|2308659|505435|207688|23|82|38|13|2935189|19265572|2729538|786770|6.72|7|3.88|134|235|496|1645.0
202409|CNTY_GU|44|11170|41130000|부산|강남구|서초동|4511000000|역삼1가|1|20|0|1|6|873|137|137|456|56184|35842.0|11948.0|10216.0|13678.0|26075|10735|8600|4910354.0|1636876.0|1399592.0|1873886.0|461651|496760|693724|355260|23|78|38|1|6577005|3337407|2291477|706667|7.28|17|2.15|135|227|0|3859.0
202409|CNTY_GU|26|41110|41130000|경기|수원시|역삼동|4413000000|서초1동|2|45|2|1|10|708|1|1|252|66683|24016.0|18778.0|7711.0|0.0|21499|17277|6708|24016.0|18778.0|7711.0|0.0|2874130|1685801|165260|114831|0|0|0|0|7559832|16432158|4679796|1594517|2.76|0|2.38|103|0|104|0.0
202409|ADM|27|28110|11170000|인천|성남시|인계동|4611000000|역삼1가|1|70|1|2|10|1332|87|87|988|48746|17998.0|7479.0|2947.0|7572.0|17961|5553|2343|1565826.0|650673.0|256389.0|658764.0|2859927|2405057|305532|477964|19|47|10|7|5065501|15579301|4753762|1585125|6.45|3|3.55|156|38|336|114.0
202409|CNTY_GU|11|43110|11200000|대구|수원시|인계동|1114000000|인계동|2|55|0|1|4|710|365|365|41|47243|27108.0|12814.0|5400.0|8894.0|23643|12651|3847|9894420.0|4677110.0|1971000.0|3246310.0|1899606|257961|371769|405600|49|154|102|35|8417032|7353198|1875955|1176756|5.47|13|1.28|128|33|73|429.0
202409|ADM|44|11170|45110000|경기|성남시|역삼동|1120000000|서초1동|2|40|0|1|3|754|203|203|165|22614|20051.0|9712.0|3844.0|6495.0|16823|7704|3483|4070353.0|1971536.0|780332.0|1318485.0|1827850|520035|800520|13016|59|104|60|2|5829967|10601766|1085224|1771873|5.26|1|1.27|169|328|268|328.0
202409|CNTY_GU|47|42110|27110000|대구|성남시|서초동|4113000000|인계동|2|65|1|1|5|1468|153|153|491|82822|48911.0|25985.0|7618.0|15308.0|48670|22378|5969|7483383.0|3975705.0|1165554.0|2342124.0|4708502|2764107|573876|415684|21|69|15|11|4855451|13344814|1598189|1921916|7.36|14|1.69|99|481|408|6734.0
202409|PRVNC|45|26110|41110000|인천|수원시|역삼동|4111000000|역삼1가|1|20|1|1|9|284|398|398|405|44887|27945.0|10718.0|10203.0|7024.0|26227|10174|8309|11122110.0|4265764.0|4060794.0|2795552.0|547670|633248|72429|170675|77|197|100|33|2049719|6261464|2169975|1053356|6.17|34|1.7|179|425|257|14450.0
202409|ADM|26|42110|41150000|인천|강남구|서초동|1120000000|서초1동|1|45|2|2|9|73|38|38|603|82275|29105.0|20329.0|3982.0|4794.0|23016|18479|3007|1105990.0|772502.0|151316.0|182172.0|3233238|2123412|120711|434948|11|20|10|0|6916809|13574885|3743702|330751|7.33|0|2.97|29|0|479|0.0
202409|ADM|26|44130|11200000|경기|강남구|서초동|2614000000|인계동|2|40|0|2|9|1320|369|369|888|39407|12434.0|5157.0|4686.0|2591.0|9735|4338|3414|4588146.0|1902933.0|1729134.0|956079.0|1697446|2908773|594033|77367|38|200|74|5|2538384|14236312|2658555|1591317|4.07|50|4.06|127|417|41|20850.0
202409|CNTY_GU|46|41150|26110000|부산|수원시|역삼동|2614000000|역삼1가|1|35|2|2|10|126|66|66|82|68758|15243.0|10467.0|3649.0|1127.0|13339|9870|2739|1006038.0|690822.0|240834.0|74382.0|4347625|2038892|969637|123819|14|37|6|4|7555664|16585994|1006923|740064|2.35|9|4.19|23|432|89|3888.0
202409|ADM|11|11170|43110000|인천|강남구|인계동|4115000000|서초1동|2|55|0|2|8|796|144|144|256|93497|48580.0|21240.0|9296.0|18044.0|45201|21021|8248|6995520.0|3058560.0|1338624.0|2598336.0|4066879|952736|633065|456457|30|65|19|9|272781|15144723|2132112|1916888|2.14|0|1.5|74|0|260|0.0
202409|CNTY_GU|44|11200|26140000|대구|수원시|서초동|1114000000|서초1동|1|30|0|1|5|1819|111|111|434|31604|37411.0|28224.0|6029.0|3158.0|26670|28126|5588|4152621.0|3132864.0|669219.0|350538.0|592070|305112|184243|226346|23|59|13|5|3154348|13785185|3757500|723424|7.42|7|3.38|128|208|190|1456.0
202409|CNTY_GU|11|46110|26110000|인천|서초구|인계동|4711000000|역삼1가|1|65|3|1|10|1582|127|127|573|35014|32855.0|24315.0|7824.0|716.0|28067|21871|6504|4172585.0|3088005.0|993648.0|90932.0|3337059|2007503|701966|268334|32|55|33|10|5317937|5127052|2147089|1043402|7.44|8|1.34|85|273|446|2184.0
202409|CNTY_GU|46|41150|47110000|경기|서초구|서초동|4115000000|서초1동|1|50|0|1|5|1013|279|279|626|53821|42767.0|17158.0|11538.0|14071.0|39681|12130|8120|11931993.0|4787082.0|3219102.0|3925809.0|1192483|1681780|309490|255949|34|152|77|13|387483|7710834|457712|1496298|5.44|15|3.47|154|274|71|4110.0
202409|CNTY_GU|43|45110|26140000|대구|서초구|서초동|2711000000|역삼1가|1|30|1|2|3|787|83|83|498|42662|47868.0|29648.0|8799.0|9421.0|42829|28003|6520|3973044.0|2460784.0|730317.0|781943.0|1156180|1187252|89612|259912|18|33|14|6|1719861|10873422|1114674|467502|6.61|12|4.68|129|197|10|2364.0
202409|ADM|41|44130|43110000|인천|성남시|인계동|1117000000|역삼1가|1|50|1|2|2|1820|184|184|812|93758|18047.0|5528.0|7042.0|5477.0|17511|4830|5174|3320648.0|1017152.0|1295728.0|1007768.0|3261087|1514637|22808|10150|44|90|51|2|9514949|2348523|1043004|1426409|2.66|17|2.23|147|171|305|2907.0
202409|ADM|46|42110|11170000|서울|서초구|역삼동|4111000000|역삼1가|2|60|2|2|5|1155|39|39|864|80015|12948.0|8565.0|3376.0|1007.0|12567|7760|3132|504972.0|334035.0|131664.0|39273.0|3459531|1835854|110228|177260|7|18|7|2|2673018|17613794|985759|515822|3.12|4|1.73|168|119|36|476.0
202409|CNTY_GU|43|26110|41150000|대구|서초구|인계동|2611000000|서초1동|1|70|1|1|4|1258|129|129|888|50158|43724.0|26938.0|14682.0|2104.0|36082|23238|13613|5640396.0|3475002.0|1893978.0|271416.0|2865283|1722726|770659|12931|29|56|15|5|5258011|562220|4890680|1822821|2.24|19|1.96|59|460|315|8740.0
202409|PRVNC|26|41150|26110000|경기|서초구|역삼동|4111000000|서초1동|2|70|1|1|6|580|374|374|633|91135|23538.0|13036.0|9035.0|1467.0|18894|11573|8557|8803212.0|4875464.0|3379090.0|548658.0|3529926|801333|510311|135581|42|168|71|6|3288887|14922448|783120|1385606|5.71|22|1.87|101|445|497|9790.0
202409|CNTY_GU|43|11110|42110000|부산|서초구|인계동|4115000000|역삼1가|1|65|0|1|8|606|75|75|947|93110|16372.0|6468.0|3422.0|6482.0|12756|5816|3103|1227900.0|485100.0|256650.0|486150.0|1476839|808155|108247|266725|9|44|21|4|4282519|818480|1043205|415860|2.48|6|2.18|144|350|292|2100.0
202409|CNTY_GU|47|11140|42110000|서울|강남구|역삼동|1111000000|서초1동|1|35|2|2|6|489|54|54|697|41132|30015.0|23319.0|3028.0|3668.0|28203|19137|2173|1620810.0|1259226.0|163512.0|198072.0|2326788|1623707|433626|371549|14|22|15|1|6271607|8906520|3915931|1424875|3.59|2|3.09|48|101|324|202.0
202409|ADM|26|11170|41150000|대구|강남구|서초동|1111000000|서초1동|1|45|3|1|3|1456|475|475|6|25728|2195.0|1340.0|682.0|173.0|2022|1062|616|1042625.0|636500.0|323950.0|82175.0|4110765|2656304|136734|231258|117|280|137|23|3088154|18436702|4102742|388346|4.34|58|2.57|133|259|125|15022.0
202409|CNTY_GU|41|11170|47110000|대구|성남시|역삼동|4111000000|역삼1가|2|40|0|2|10|201|29|29|475|27967|31952.0|17473.0|7630.0|6849.0|26538|12409|6312|926608.0|506717.0|221270.0|198621.0|2532902|2113801|243045|93103|3|14|6|1|2549935|14937477|933412|1354299|4.46|0|2.31|59|0|76|0.0
202409|PRVNC|11|26140|41110000|경기|서초구|인계동|1114000000|역삼1가|1|30|0|2|6|1857|1|1|729|63008|37082.0|12733.0|10394.0|13955.0|27444|9209|9957|37082.0|12733.0|10394.0|13955.0|3463176|2682660|580148|408434|0|0|0|0|3661551|1589864|2343955|1551131|5.21|0|2.41|101|0|337|0.0
202409|ADM|42|43110|28110000|서울|성남시|역삼동|4211000000|인계동|1|35|3|1|5|1618|70|70|371|27170|31093.0|11808.0|4313.0|14972.0|24832|10989|3539|2176510.0|826560.0|301910.0|1048040.0|3533393|1294333|711605|341000|9|31|17|5|3561741|12660289|3368034|1310202|2.8|9|3.75|170|155|91|1395.0
202409|CNTY_GU|43|11110|47110000|경기|수원시|서초동|4511000000|서초1동|1|65|2|1|9|263|70|70|772|34364|37984.0|11944.0|6118.0|19922.0|35511|8585|4714|2658880.0|836080.0|428260.0|1394540.0|2648699|442845|623842|212502|11|41|20|0|3925690|12673448|4920856|330652|2.81|6|4.17|50|367|92|2202.0
202409|ADM|44|45110|41130000|부산|수원시|인계동|4115000000|서초1동|2|30|1|1|2|1631|64|64|624|97254|2866.0|2231.0|402.0|233.0|2360|1964|401|183424.0|142784.0|25728.0|14912.0|2110952|2742300|57456|270740|10|34|8|0|7451214|15729507|681821|1981502|5.31|7|2.25|143|351|68|2457.0
202409|ADM|41|41130|47110000|서울|서초구|서초동|1111000000|인계동|1|35|0|2|3|1593|149|149|364|48530|17645.0|6754.0|3474.0|7417.0|13390|5457|2814|2629105.0|1006346.0|517626.0|1105133.0|3314640|1363317|546153|324979|18|89|25|14|6067851|8547440|3315749|320440|3.5|20|3.77|111|418|57|8360.0
202409|ADM|43|43110|26140000|인천|서초구|서초동|4413000000|인계동|1|30|0|2|8|693|373|373|306|26555|38054.0|29240.0|5884.0|2930.0|35468|22555|5228|14194142.0|10906520.0|2194732.0|1092890.0|3961268|2473678|993068|488266|57|184|85|18|5623081|9627856|4636842|351812|5.8|44|2.39|34|475|202|20900.0
202409|CNTY_GU|44|27110|26140000|부산|강남구|역삼동|4211000000|인계동|2|55|2|2|10|1238|294|294|8|16266|7143.0|5477.0|868.0|798.0|6789|5043|643|2100042.0|1610238.0|255192.0|234612.0|4533921|951112|434042|112967|48|172|71|7|3850716|6583061|830682|596431|5.82|0|2.36|169|0|348|0.0
202409|CNTY_GU|47|47110|41150000|경기|서초구|역삼동|4111000000|인계동|2|55|3|1|5|1276|302|302|996|36934|37553.0|27193.0|10709.0|0.0|32723|24670|9872|11341006.0|8212286.0|3234118.0|0.0|1396155|477701|175289|100916|41|163|48|8|962929|7936282|1530384|242154|3.4|28|4.31|84|149|434|4172.0
202409|CNTY_GU|47|45110|46110000|대구|서초구|인계동|4511000000|서초1동|1|55|2|1|4|292|196|196|615|12530|33317.0|11146.0|8287.0|13884.0|27928|7981|8015|6530132.0|2184616.0|1624252.0|2721264.0|3563381|693358|571049|363516|38|103|52|15|5707834|13039112|3091480|194486|3.69|13|1.08|11|299|354|3887.0
202409|ADM|44|28110|41110000|서울|강남구|서초동|2811000000|인계동|1|60|1|2|5|373|163|163|239|37916|15262.0|10235.0|5106.0|0.0|14156|8984|4506|2487706.0|1668305.0|832278.0|0.0|4441781|2714197|138010|16943|20|71|22|15|5219306|14519311|520961|93067|4.38|24|4.2|8|262|378|6288.0
202409|ADM|43|11200|11200000|인천|성남시|서초동|2611000000|인계동|2|30|0|1|9|855|159|159|484|52281|17864.0|13027.0|6690.0|0.0|15019|11206|5551|2840376.0|2071293.0|1063710.0|0.0|432368|1935637|942885|329961|39|85|37|2|1623944|11867003|1756577|1029832|6.2|20|2.37|110|138|400|2760.0
202409|PRVNC|41|11170|26140000|대구|수원시|역삼동|4413000000|서초1동|2|60|0|1|9|725|364|364|525|64026|23484.0|13491.0|9099.0|894.0|20578|10328|7713|8548176.0|4910724.0|3312036.0|325416.0|2298254|2180559|392030|301737|101|180|51|36|5620235|2833803|3288668|947490|3.43|26|1.67|134|179|197|4654.0
202409|CNTY_GU|44|27110|28110000|인천|수원시|인계동|1111000000|서초1동|2|35|1|1|1|137|177|177|595|13705|31523.0|24407.0|3833.0|3283.0|24551|18537|3364|5579571.0|4320039.0|678441.0|581091.0|2135424|2992879|500494|478091|45|94|33|11|4970945|16379699|3258122|667889|5.01|23|2.58|96|165|398|3795.0
202409|CNTY_GU|27|42110|41150000|경기|수원시|역삼동|4611000000|인계동|2|50|2|1|6|322|446|446|26|16892|29316.0|15032.0|6218.0|8066.0|20615|13973|4561|13074936.0|6704272.0|2773228.0|3597436.0|4601044|589046|628704|281128|95|191|125|34|2011982|1494311|2933973|1778490|4.32|30|3.09|169|335|112|10050.0
202409|ADM|26|11140|26140000|부산|수원시|서초동|1117000000|서초1동|2|30|3|1|6|1731|44|44|363|89901|0.0|0.0|0.0|0.0|0|0|0|0.0|0.0|0.0|0.0|4881770|1995519|709261|447378|8|18|9|4|4508278|6402540|3077460|1213907|6.91|2|3.54|157|435|489|870.0
202409|ADM|45|42110|45110000|대구|성남시|서초동|1120000000|역삼1가|1|65|3|2|4|1613|325|325|713|24801|6108.0|4243.0|2340.0|0.0|4493|3038|2202|1985100.0|1378975.0|760500.0|0.0|896449|558877|287962|16088|56|171|72|20|5680517|12336678|1836666|835655|7.86|17|4.09|85|93|304|1581.0
202409|ADM|44|11200|11170000|인천|서초구|역삼동|1111000000|인계동|2|35|0|1|5|966|73|73|940|27919|32218.0|13193.0|6197.0|12828.0|24500|9540|4749|2351914.0|963089.0|452381.0|936444.0|1656456|910986|416937|484698|10|34|12|6|1008324|18862311|2196635|785860|5.68|9|4.4|11|467|147|4203.0
202409|ADM|43|41150|44130000|서울|강남구|역삼동|2811000000|서초1동|2|35|0|2|9|1204|13|13|108|15892|26923.0|16507.0|4763.0|5653.0|24262|12242|4012|349999.0|214591.0|61919.0|73489.0|1849081|965360|466466|325623|3|7|2|0|2402922|10193457|1999824|1821151|6.39|1|1.79|54|364|353|364.0
202409|CNTY_GU|42|47110|11200000|경기|성남시|서초동|4711000000|역삼1가|2|60|2|2|9|1296|368|368|785|47911|10236.0|5763.0|1157.0|3316.0|10030|4558|993|3766848.0|2120784.0|425776.0|1220288.0|2825397|2180701|144275|437591|60|158|38|12|7608909|7024244|1546418|1582573|6.99|54|4.02|139|49|89|2646.0
202409|ADM|26|11110|45110000|부산|수원시|인계동|1117000000|역삼1가|1|60|0|1|8|1293|341|341|423|90885|8646.0|4602.0|3326.0|718.0|8128|4053|2894|2948286.0|1569282.0|1134166.0|244838.0|3280092|2221718|487613|330631|77|187|84|31|6232816|13472891|3449486|945102|6.02|50|3.84|114|146|276|7300.0
202409|ADM|26|26110|45110000|인천|서초구|서초동|2614000000|역삼1가|1|40|0|1|8|1488|207|207|676|96970|1801.0|902.0|203.0|696.0|1268|893|194|372807.0|186714.0|42021.0|144072.0|779958|2173505|280641|170055|22|83|22|4|5354734|13932374|176875|155634|3.1|27|1.81|34|74|28|1998.0
202409|CNTY_GU|11|26140|42110000|부산|수원시|인계동|4115000000|서초1동|1|45|1|2|6|19|446|446|672|24909|39433.0|14558.0|5633.0|19242.0|35576|10438|4538|17587118.0|6492868.0|2512318.0|8581932.0|4690081|1795424|235719|106122|72|242|110|10|4540999|4849932|4189366|266387|7.17|49|2.91|14|256|236|12544.0
202409|CNTY_GU|47|41130|41130000|부산|강남구|인계동|4113000000|서초1동|1|20|1|2|5|1880|20|20|986|37466|5548.0|1682.0|1398.0|2468.0|5246|1268|1372|110960.0|33640.0|27960.0|49360.0|2805895|448111|159596|193895|2|10|5|1|8364004|6409095|4535937|419466|3.3|1|3.04|115|445|124|445.0
202409|CNTY_GU|47|43110|41130000|경기|서초구|인계동|4511000000|인계동|2|65|1|2|4|354|453|453|651|68987|4295.0|2292.0|1197.0|806.0|3709|2230|1099|1945635.0|1038276.0|542241.0|365118.0|4393384|40938|848785|90742|98|212|90|37|1010803|1816940|459397|1474561|3.81|19|2.3|169|84|423|1596.0
202409|ADM|11|11110|26140000|서울|서초구|서초동|4511000000|인계동|1|25|1|2|7|782|275|275|572|90369|38060.0|30000.0|9481.0|0.0|26802|27573|8235|10466500.0|8250000.0|2607275.0|0.0|361219|753744|751225|476195|43|116|51|18|7542755|12412047|3966386|1172492|6.7|27|1.71|124|383|489|10341.0
202409|ADM|44|44130|44130000|인천|서초구|역삼동|4111000000|역삼1가|2|40|0|1|5|1185|381|381|772|32856|33795.0|16782.0|10823.0|6190.0|28524|14187|10328|12875895.0|6393942.0|4123563.0|2358390.0|3573813|2092103|239305|340355|72|177|108|35|9848342|8642916|4107917|186031|7.89|2|3.44|160|474|355|948.0
202409|ADM|42|11140|43110000|인천|수원시|서초동|4115000000|서초1동|1|30|0|2|10|976|2|2|553|30468|9966.0|3030.0|3533.0|3403.0|7029|2895|3292|19932.0|6060.0|7066.0|6806.0|1324822|1987974|360473|432458|0|0|0|0|6705189|333247|4589063|846456|3.4|0|3.97|51|0|143|0.0
202409|CNTY_GU|45|42110|11200000|인천|서초구|인계동|4211000000|서초1동|2|20|1|2|6|927|241|241|706|71526|5457.0|3335.0|895.0|1227.0|4096|2937|704|1315137.0|803735.0|215695.0|295707.0|2323364|978089|949454|34944|52|106|66|22|4964508|51781|1279640|1393500|4.27|31|3.74|34|40|465|1240.0
202409|ADM|45|47110|47110000|부산|수원시|서초동|1114000000|서초1동|1|45|0|1|7|110|6|6|332|12413|34372.0|12578.0|9761.0|12033.0|30454|10349|8764|206232.0|75468.0|58566.0|72198.0|1144618|301288|55223|260802|0|2|1|0|740449|1786586|1944116|1240703|4.62|0|3.03|138|0|412|0.0
202409|PRVNC|42|11140|42110000|서울|강남구|역삼동|1114000000|서초1동|1|60|3|2|8|1439|269|269|758|52887|39859.0|25714.0|8800.0|5345.0|36833|18885|7045|10722071.0|6917066.0|2367200.0|1437805.0|3070472|244000|830196|160809|68|118|64|4|144992|7032579|2096132|1675042|2.58|25|2.12|93|90|422|2250.0
202409|ADM|42|26110|41150000|부산|강남구|서초동|2614000000|역삼1가|2|50|2|1|10|1829|216|216|201|18750|23196.0|13404.0|3692.0|6100.0|17774|10191|2690|5010336.0|2895264.0|797472.0|1317600.0|356906|1798153|877142|81280|52|97|40|19|5051820|15618058|4021212|1066161|4.84|27|3.95|72|114|153|3078.0
202409|CNTY_GU|43|28110|26140000|대구|성남시|인계동|4211000000|역삼1가|1|40|2|1|1|600|316|316|968|58947|47995.0|33901.0|5545.0|8549.0|44690|27086|5457|15166420.0|10712716.0|1752220.0|2701484.0|4960113|1451864|271942|396269|82|153|67|19|5979388|206745|909793|935396|4.68|31|1.39|71|141|0|4371.0
202409|CNTY_GU|43|44130|45110000|경기|서초구|역삼동|2811000000|인계동|2|55|3|2|6|296|393|393|267|96895|3610.0|2212.0|458.0|940.0|2533|1573|455|1418730.0|869316.0|179994.0|369420.0|4972977|143523|861799|369413|85|207|81|20|3620723|12446396|4573231|158931|4.67|47|3.39|170|389|118|18283.0
202409|CNTY_GU|26|47110|47110000|인천|성남시|서초동|1120000000|서초1동|1|40|2|1|9|1987|114|114|233|47538|35730.0|19838.0|10932.0|4960.0|25996|18355|8858|4073220.0|2261532.0|1246248.0|565440.0|4038046|2148866|294007|386147|12|68|26|9|1072241|5845722|4914285|704228|3.42|10|4.61|92|327|159|3270.0
202409|CNTY_GU|45|11170|41110000|대구|수원시|인계동|1111000000|역삼1가|1|70|0|1|5|527|266|266|183|36872|25130.0|12784.0|3062.0|9284.0|22981|10279|2481|6684580.0|3400544.0|814492.0|2469544.0|1227264|2543273|859402|345192|44|158|72|4|7079337|8267056|3782725|1893692|2.49|18|3.56|39|351|137|6318.0
202409|ADM|11|11200|42110000|부산|서초구|역삼동|2614000000|서초1동|2|55|2|1|8|1242|89|89|400|62175|49079.0|22836.0|5220.0|21023.0|40298|21172|3902|4368031.0|2032404.0|464580.0|1871047.0|693261|448868|891071|311274|24|40|10|2|8728796|9085246|3384976|1606207|7.9|2|2.44|85|32|478|64.0
202409|ADM|41|26140|11200000|대구|서초구|역삼동|4113000000|서초1동|1|35|2|2|1|1908|432|432|120|61497|7261.0|2452.0|1268.0|3541.0|5905|2451|1239|3136752.0|1059264.0|547776.0|1529712.0|3603974|497817|648886|235917|91|193|49|21|7989188|6218732|1469129|770619|3.97|21|4.89|41|386|251|8106.0
202409|CNTY_GU|45|43110|11140000|인천|서초구|역삼동|4611000000|서초1동|2|55|3|1|1|355|256|256|503|51112|49824.0|36261.0|19229.0|0.0|47363|33515|13993|12754944.0|9282816.0|4922624.0|0.0|1819965|785004|555088|29365|33|116|49|0|9973587|6340443|3925978|1923617|2.67|12|1.64|96|282|235|3384.0
202409|ADM|27|11170|11110000|인천|강남구|역삼동|4511000000|역삼1가|1|30|0|1|7|707|256|256|205|62243|7753.0|5571.0|1540.0|642.0|7121|4236|1508|1984768.0|1426176.0|394240.0|164352.0|195722|2890770|253026|320045|58|134|38|2|6965031|19047582|2704808|785354|3.92|12|2.4|160|229|335|2748.0
202409|ADM|46|11170|41110000|서울|강남구|역삼동|1120000000|인계동|2|60|3|2|8|701|235|235|967|27609|281.0|146.0|108.0|27.0|247|121|81|66035.0|34310.0|25380.0|6345.0|1526127|2241678|179453|146621|38|126|55|16|9647|15761023|1652297|736111|6.95|28|2.16|100|283|145|7924.0
202409|CNTY_GU|42|41150|43110000|대구|성남시|서초동|1111000000|인계동|1|45|0|1|3|1009|305|305|15|22268|47903.0|14462.0|8257.0|25184.0|43299|12501|6949|14610415.0|4410910.0|2518385.0|7681120.0|1861772|1111192|930625|483285|38|165|38|14|6039172|163659|1511145|844475|6.97|42|3.66|74|147|264|6174.0
202409|ADM|43|26110|41150000|서울|강남구|역삼동|4511000000|역삼1가|2|20|0|2|2|126|142|142|152|57559|36543.0|23753.0|8213.0|4577.0|26379|17651|6435|5189106.0|3372926.0|1166246.0|649934.0|3164965|2508178|466423|139735|26|79|22|2|1276364|1596902|1910477|1693563|2.56|9|2.92|63|107|243|963.0
202409|ADM|43|26140|26140000|인천|수원시|서초동|2811000000|역삼1가|2|30|1|1|5|304|67|67|191|44711|13520.0|4341.0|3996.0|5183.0|11111|3826|3025|905840.0|290847.0|267732.0|347261.0|4347120|2654895|664495|275282|18|26|10|0|402587|13663835|3677156|636272|7.27|4|4.48|137|428|250|1712.0
202409|CNTY_GU|42|42110|11200000|인천|서초구|역삼동|1120000000|서초1동|2|45|3|1|6|443|152|152|202|57446|34654.0|14851.0|4851.0|14952.0|24441|12645|4410|5267408.0|2257352.0|737352.0|2272704.0|3320213|1294278|115125|182874|32|70|30|8|3329678|12811536|4546211|1690781|5.79|18|2.86|29|388|372|6984.0
202409|ADM|43|27110|11110000|인천|수원시|인계동|4311000000|역삼1가|2|60|2|1|3|459|223|223|388|52905|44786.0|14143.0|14719.0|15924.0|33063|13950|13602|9987278.0|3153889.0|3282337.0|3551052.0|2027204|450102|625098|35259|43|132|27|0|1404128|14126263|1846335|1057249|5.2|27|3.27|77|212|468|5724.0
202409|CNTY_GU|41|41110|46110000|부산|수원시|서초동|1111000000|인계동|1|65|0|2|8|1515|400|400|130|25181|0.0|0.0|0.0|0.0|0|0|0|0.0|0.0|0.0|0.0|762048|624362|779617|465265|74|168|64|36|7899723|18093243|2952247|789811|6.25|25|4.19|60|63|258|1575.0
202409|ADM|46|27110|11170000|경기|수원시|인계동|1114000000|서초1동|2|65|2|2|10|470|140|140|727|37057|4446.0|2900.0|536.0|1010.0|4041|2101|440|622440.0|406000.0|75040.0|141400.0|4982935|794724|74223|379677|29|62|18|1|8862313|11577012|4891569|184187|4.76|0|4.3|46|0|170|0.0
202409|PRVNC|27|44130|45110000|서울|수원시|인계동|4211000000|서초1동|2|60|1|2|6|59|82|82|222|21140|17872.0|11368.0|6147.0|357.0|15188|8255|5986|1465504.0|932176.0|504054.0|29274.0|4124286|1277356|61374|260885|15|45|16|7|9604994|19357939|4388576|1969375|4.67|2|1.7|76|74|444|148.0
202409|CNTY_GU|41|28110|26110000|부산|서초구|인계동|4113000000|인계동|1|50|1|2|4|20|399|399|430|99625|2740.0|873.0|768.0|1099.0|2367|688|762|1093260.0|348327.0|306432.0|438501.0|953046|2876374|645883|355029|106|222|76|14|5773753|12484269|1794851|225518|6.79|39|4.88|35|398|428|15522.0
202409|PRVNC|47|26140|28110000|부산|수원시|역삼동|4115000000|서초1동|1|30|2|1|7|1462|215|215|224|53005|15931.0|6809.0|5058.0|4064.0|15924|5739|3878|3425165.0|1463935.0|1087470.0|873760.0|1048199|294239|253620|247472|21|93|29|15|6884031|14896990|3520169|1184424|3.04|9|4.21|145|40|30|360.0
202409|ADM|45|11200|45110000|인천|서초구|역삼동|2811000000|역삼1가|2|30|0|1|4|1093|357|357|123|79617|44337.0|34577.0|14366.0|0.0|33532|24716|10694|15828309.0|12343989.0|5128662.0|0.0|3522068|2873145|534108|399870|65|147|66|19|6884106|6403373|238730|1303177|4.3|34|4.21|73|333|101|11322.0
202409|PRVNC|11|28110|11110000|부산|서초구|인계동|2611000000|인계동|1|60|0|2|7|1192|213|213|146|91146|4046.0|3015.0|456.0|575.0|3641|2924|325|861798.0|642195.0|97128.0|122475.0|3380755|2438789|54139|399831|48|102|63|15|115969|6542057|1975877|1911381|7.38|18|1.79|66|245|342|4410.0
202409|ADM|45|46110|42110000|부산|서초구|인계동|4413000000|인계동|2|30|1|1|1|1020|186|186|850|63787|29539.0|16313.0|10581.0|2645.0|26727|14434|10277|5494254.0|3034218.0|1968066.0|491970.0|1490638|2346751|435680|468403|29|100|54|1|8607543|18795250|2836260|369411|3.6|25|3.31|152|222|274|5550.0
202409|ADM|41|11170|11200000|경기|강남구|서초동|4413000000|서초1동|1|45|0|1|10|1992|305|305|85|92386|36398.0|23354.0|12535.0|509.0|29837|23152|9921|11101390.0|7122970.0|3823175.0|155245.0|1706463|1597732|424980|367737|76|176|40|6|4964082|2685356|2659786|1633008|4.21|9|3.6|51|38|432|342.0
202409|PRVNC|42|41110|11110000|대구|성남시|역삼동|4711000000|서초1동|1|45|1|1|9|618|352|352|523|29876|48120.0|26336.0|11606.0|10178.0|34239|19068|10961|16938240.0|9270272.0|4085312.0|3582656.0|3396418|2150327|567466|11087|65|164|91|14|5656168|452608|1484689|234280|5.59|43|1.33|112|92|449|3956.0
202409|CNTY_GU|11|47110|42110000|서울|서초구|역삼동|4511000000|서초1동|1|25|0|2|5|1223|248|248|836|53607|48265.0|17788.0|10685.0|19792.0|36916|16097|8052|11969720.0|4411424.0|2649880.0|4908416.0|2452564|995134|182444|345550|52|118|39|18|3809829|19378236|1516874|712164|2.84|27|3.3|127|476|452|12852.0
202409|CNTY_GU|46|11200|27110000|서울|수원시|인계동|4115000000|인계동|2|50|0|1|10|1744|120|120|310|80344|8905.0|5413.0|2082.0|1410.0|8089|4569|1617|1068600.0|649560.0|249840.0|169200.0|4442007|1138498|712221|141298|24|63|32|0|2739483|10097048|3649281|1289515|3.46|3|2.04|49|314|184|942.0
202409|ADM|43|26140|41110000|인천|수원시|서초동|4113000000|서초1동|2|30|3|1|1|1392|193|193|634|44313|23195.0|17920.0|6508.0|0.0|19854|17112|4860|4476635.0|3458560.0|1256044.0|0.0|3932030|2762856|13774|276014|56|104|28|9|7698746|6396218|4410046|135506|7.52|26|2.57|112|282|24|7332.0
202409|PRVNC|47|27110|26140000|부산|서초구|인계동|1111000000|서초1동|2|40|2|1|8|1949|497|497|500|20373|5273.0|1730.0|747.0|2796.0|5200|1310|632|2620681.0|859810.0|371259.0|1389612.0|2358746|2863580|593074|274913|102|298|127|26|6653438|4358673|3705673|1252766|2.76|28|4.39|81|322|50|9016.0
202409|CNTY_GU|43|11140|28110000|서울|서초구|역삼동|4311000000|역삼1가|1|30|1|1|9|328|25|25|408|31574|32752.0|19051.0|6794.0|6907.0|29781|18094|5861|818800.0|476275.0|169850.0|172675.0|2338451|2663567|745786|42239|5|13|5|2|2994993|18247308|4298646|740270|3.5|0|4.12|116|0|391|0.0
202409|ADM|27|11200|41110000|서울|서초구|서초동|2611000000|서초1동|1|50|0|2|4|316|401|401|905|65203|37473.0|27492.0|12050.0|0.0|32585|24290|10152|15026673.0|11024292.0|4832050.0|0.0|4722779|2779220|902159|143298|61|161|99|33|7618153|9137690|4474006|1418823|3.16|1|3.05|47|69|97|69.0
202409|PRVNC|26|26110|45110000|서울|수원시|서초동|4413000000|서초1동|1|30|1|1|10|1718|2|2|40|42002|26464.0|13537.0|5650.0|7277.0|19539|10803|5378|52928.0|27074.0|11300.0|14554.0|4025248|7702|362581|89439|0|1|0|0|9309826|19045643|687562|231549|4.46|0|1.22|126|0|454|0.0
202409|ADM|26|27110|11200000|부산|수원시|서초동|4611000000|서초1동|1|45|2|1|1|545|250|250|94|54986|31398.0|21253.0|8401.0|1744.0|26881|21050|7184|7849500.0|5313250.0|2100250.0|436000.0|3771470|1434868|833229|151037|72|119|74|17|2779304|8877550|357433|1433461|7.89|25|3.21|59|122|172|3050.0
202409|ADM|41|44130|26140000|인천|수원시|인계동|1117000000|인계동|1|35|0|1|1|1093|332|332|387|36471|24614.0|13371.0|3889.0|7354.0|19808|11362|3190|8171848.0|4439172.0|1291148.0|2441528.0|712415|227338|555362|328070|77|145|62|22|6468313|6136532|292716|794978|6.06|36|3.84|19|17|72|612.0
202409|CNTY_GU|11|26110|28110000|경기|성남시|역삼동|4211000000|서초1동|2|60|1|2|6|1289|321|321|374|76180|25806.0|19973.0|4867.0|966.0|22577|16872|4767|8283726.0|6411333.0|1562307.0|310086.0|2917839|1082820|588089|342246|77|159|43|25|6952635|1171788|1472975|32377|4.77|11|2.88|58|103|204|1133.0
202409|CNTY_GU|41|26110|27110000|부산|수원시|서초동|1114000000|서초1동|2|25|0|1|1|532|375|375|616|10174|42414.0|21135.0|7814.0|13465.0|29918|15600|6166|15905250.0|7925625.0|2930250.0|5049375.0|175648|996381|689961|268565|99|174|50|31|5958900|12184089|1131485|1501712|2.59|50|3.49|62|70|26|3500.0
202409|ADM|11|46110|41150000|경기|서초구|역삼동|1111000000|서초1동|1|65|1|1|5|2|423|423|516|69552|23885.0|11744.0|6778.0|5363.0|21044|10487|5969|10103355.0|4967712.0|2867094.0|2268549.0|4490438|920738|150021|482715|122|214|59|2|8077614|1964754|951291|513464|4.04|25|4.66|40|123|136|3075.0
202409|ADM|45|42110|41110000|부산|수원시|서초동|4211000000|서초1동|2|70|1|1|1|1907|450|450|45|78466|34978.0|14222.0|3699.0|17057.0|25467|13191|2900|15740100.0|6399900.0|1664550.0|7675650.0|4520423|2686347|876391|461221|63|180|110|7|7272337|8406621|462935|1551115|5.59|43|3.03|81|57|403|2451.0
202409|ADM|45|47110|41130000|경기|강남구|서초동|1120000000|인계동|1|45|1|2|2|1278|8|8|140|35313|40065.0|14489.0|12144.0|13432.0|36461|12951|11205|320520.0|115912.0|97152.0|107456.0|1279958|2521288|702398|331852|2|4|2|0|5534939|17612102|4085468|1177161|5.58|0|2.62|17|0|228|0.0
202409|CNTY_GU|45|45110|26110000|경기|서초구|역삼동|2811000000|인계동|2|20|2|2|1|1783|330|330|252|58442|4589.0|3595.0|709.0|285.0|4209|3120|535|1514370.0|1186350.0|233970.0|94050.0|3910463|129999|832096|442914|87|167|41|3|7875469|14496769|2617824|249029|3.94|49|2.68|163|26|31|1274.0
202409|ADM|41|11170|45110000|경기|서초구|역삼동|4111000000|서초1동|1|40|3|2|10|195|296|296|612|75532|33394.0|18913.0|6927.0|7554.0|30999|14407|6552|9884624.0|5598248.0|2050392.0|2235984.0|3773732|1472003|742437|316723|77|135|41|1|2557946|2526970|1767811|107823|5.45|8|2.42|104|280|407|2240.0
202409|CNTY_GU|47|11140|45110000|서울|수원시|서초동|2614000000|역삼1가|2|35|1|1|7|82|273|273|638|10776|19766.0|8144.0|6640.0|4982.0|18366|7807|4663|5396118.0|2223312.0|1812720.0|1360086.0|1943422|2186096|147677|456871|29|155|62|8|5714525|7024786|1513027|1257517|2.91|28|2.8|103|282|362|7896.0
202409|ADM|43|11200|11200000|경기|수원시|역삼동|4611000000|역삼1가|1|30|1|2|10|1092|149|149|957|43504|19102.0|8055.0|4465.0|6582.0|13469|5868|3777|2846198.0|1200195.0|665285.0|980718.0|525112|990712|142633|341516|30|77|39|6|9421318|13326635|4418715|786190|4.63|9|1.93|162|359|263|3231.0
202409|ADM|46|44130|41110000|서울|서초구|역삼동|4115000000|역삼1가|2|30|2|1|3|697|303|303|901|77860|5821.0|4232.0|958.0|631.0|5545|3629|907|1763763.0|1282296.0|290274.0|191193.0|1114361|922714|933019|138934|70|178|76|21|6641774|3263855|2527708|493387|2.01|44|4.79|29|293|88|12892.0
202409|ADM|11|26110|11170000|대구|성남시|역삼동|4511000000|인계동|1|40|1|1|1|1298|142|142|784|57866|19987.0|7683.0|6946.0|5358.0|15484|5581|5553|2838154.0|1090986.0|986332.0|760836.0|482012|2548933|134555|343508|39|66|25|13|2957928|10985466|3314500|489465|7.71|0|2.2|29|0|115|0.0
202409|CNTY_GU|11|43110|27110000|인천|수원시|서초동|2611000000|역삼1가|1|65|3|1|9|952|2|2|363|97441|3850.0|3067.0|1089.0|0.0|2708|2632|866|7700.0|6134.0|2178.0|0.0|2922161|76332|954021|35877|0|0|0|0|231937|3054528|487678|1734160|7.42|0|2.93|92|0|345|0.0
202409|ADM|27|47110|26140000|부산|서초구|역삼동|1117000000|서초1동|1|70|1|2|6|452|198|198|282|81974|23511.0|17090.0|3559.0|2862.0|18438|13626|2586|4655178.0|3383820.0|704682.0|566676.0|683826|736211|501245|231537|21|103|59|18|3119423|13831958|1641806|848568|5.43|7|4.18|144|250|26|1750.0
202409|ADM|41|26140|11110000|서울|서초구|서초동|1120000000|서초1동|1|30|0|1|2|336|5|5|751|40381|16023.0|5867.0|2167.0|7989.0|15627|4463|1711|80115.0|29335.0|10835.0|39945.0|1324152|2337809|362557|411754|1|2|0|0|1371861|10476922|896576|270589|6.49|0|2.46|161|0|391|0.0
202409|PRVNC|41|47110|43110000|부산|수원시|서초동|1111000000|역삼1가|2|30|0|1|8|734|101|101|537|62610|48109.0|36672.0|7819.0|3618.0|36112|35428|6022|4859009.0|3703872.0|789719.0|365418.0|4928161|2541894|986572|60049|13|41|13|5|1157123|13836996|1351634|1524881|6.66|1|1.43|122|499|254|499.0
202409|PRVNC|42|11170|11170000|부산|강남구|서초동|4413000000|역삼1가|2|60|0|2|2|1969|195|195|184|46763|10530.0|3733.0|2577.0|4220.0|9350|2721|1870|2053350.0|727935.0|502515.0|822900.0|2327223|76725|540272|302107|26|93|55|13|4213978|12937636|1754972|846180|5.95|28|4.49|130|40|490|1120.0
202409|PRVNC|47|45110|44130000|경기|강남구|서초동|2711000000|역삼1가|2|55|0|1|6|598|116|116|739|64956|0.0|0.0|0.0|0.0|0|0|0|0.0|0.0|0.0|0.0|964749|2835977|285550|357368|13|46|34|2|1762606|12659117|460079|515798|7.48|16|4.98|11|368|144|5888.0
202409|ADM|27|11170|46110000|서울|강남구|서초동|2811000000|역삼1가|1|35|3|1|1|1107|495|495|540|49378|15216.0|8540.0|2667.0|4009.0|11602|8505|2480|7531920.0|4227300.0|1320165.0|1984455.0|4833274|2139793|105946|178682|53|216|58|49|8579516|13096814|4867478|148972|4.01|3|4.61|14|332|194|996.0
202409|ADM|45|26140|11200000|인천|강남구|역삼동|4311000000|인계동|2|65|0|1|4|1080|270|270|819|63285|47803.0|17247.0|9912.0|20644.0|37831|15681|7257|12906810.0|4656690.0|2676240.0|5573880.0|3393782|2653122|473610|232230|28|116|38|7|6618083|13206686|4283625|393617|7.47|40|2.69|21|264|77|10560.0
202409|CNTY_GU|47|26140|41110000|부산|수원시|서초동|2611000000|역삼1가|2|60|3|1|7|471|283|283|862|77188|5266.0|2609.0|928.0|1729.0|4437|2275|750|1490278.0|738347.0|262624.0|489307.0|4673683|2596024|620883|355887|82|121|74|22|2644480|2070217|2757628|1579350|3.48|15|2.59|85|150|453|2250.0
202409|ADM|43|47110|28110000|경기|서초구|역삼동|1117000000|인계동|1|70|0|1|7|1325|292|292|805|34336|35252.0|26702.0|6241.0|2309.0|30776|25923|4519|10293584.0|7796984.0|1822372.0|674228.0|3758133|971156|733041|328811|59|163|35|17|466679|18129999|2516185|1200714|3.93|23|1.42|51|37|102|851.0
202409|CNTY_GU|47|11200|11110000|부산|수원시|서초동|1117000000|서초1동|2|65|1|2|10|1451|18|18|25|33470|36007.0|13232.0|12482.0|10293.0|26819|12284|9991|648126.0|238176.0|224676.0|185274.0|690242|1478729|659224|32857|4|9|2|0|9515184|5731559|1373887|303302|7.01|1|2.7|72|94|369|94.0
202409|ADM|41|46110|45110000|경기|수원시|인계동|2611000000|인계동|1|40|0|2|10|1249|358|358|164|51161|9327.0|7160.0|1705.0|462.0|9291|5932|1423|3339066.0|2563280.0|610390.0|165396.0|3374530|2750560|48296|236030|66|198|43|6|1819628|12628638|3460753|1577281|7.25|47|4.05|82|470|457|22090.0
202409|CNTY_GU|26|26140|26110000|부산|서초구|인계동|4211000000|인계동|2|30|1|1|8|1495|3|3|253|98946|39941.0|29657.0|7081.0|3203.0|30644|20943|7024|119823.0|88971.0|21243.0|9609.0|426319|2276709|752363|100156|0|1|0|0|1619304|13328068|157819|1834611|3.15|0|4.11|113|0|417|0.0
202409|CNTY_GU|26|28110|26140000|대구|성남시|서초동|1120000000|서초1동|1|35|2|2|10|1867|483|483|303|72687|41088.0|28141.0|4227.0|8720.0|35613|22757|4106|19845504.0|13592103.0|2041641.0|4211760.0|3617708|2122360|650507|243687|135|211|144|15|348489|7004831|572347|530042|6.23|27|3.74|124|170|228|4590.0
202409|ADM|11|42110|47110000|인천|수원시|인계동|1117000000|인계동|1|45|2|1|4|1085|288|288|904|90079|42874.0|31655.0|16651.0|0.0|40418|25382|13997|12347712.0|9116640.0|4795488.0|0.0|4571808|2548294|594334|306556|80|139|32|19|343698|11363306|319480|309640|2.61|1|3.3|18|11|469|11.0
202409|PRVNC|11|43110|41110000|인천|수원시|인계동|4113000000|서초1동|1|45|0|1|2|1100|78|78|96|71755|49629.0|39640.0|18718.0|0.0|47304|33226|14392|3871062.0|3091920.0|1460004.0|0.0|4756648|1028857|328883|284676|9|35|16|1|8818119|11639075|1033394|1111547|5.59|0|4.86|11|0|218|0.0
202409|ADM|27|41130|41110000|인천|강남구|인계동|4211000000|역삼1가|2|30|0|1|10|334|56|56|708|18666|245.0|124.0|46.0|75.0|178|121|32|13720.0|6944.0|2576.0|4200.0|1046300|2460186|550355|482569|7|30|9|5|2255829|168886|4218815|1869325|5.46|5|4.76|165|139|479|695.0
202409|ADM|43|11110|44130000|서울|성남시|서초동|2614000000|서초1동|2|45|2|2|5|321|370|370|606|54545|30663.0|14809.0|7523.0|8331.0|23576|11876|6097|11345310.0|5479330.0|2783510.0|3082470.0|3102891|2776272|557931|155586|43|212|51|10|3994163|5120131|2999780|1105355|6.68|22|2.14|72|474|454|10428.0
202409|ADM|11|41110|47110000|부산|서초구|인계동|4311000000|역삼1가|1|55|1|2|7|316|299|299|854|43607|37364.0|27574.0|6805.0|2985.0|29631|21236|6722|11171836.0|8244626.0|2034695.0|892515.0|3183213|2068201|521945|449070|38|167|59|7|7296939|12667752|1393380|725501|4.88|28|4.31|105|142|315|3976.0
202409|ADM|27|46110|45110000|대구|성남시|서초동|4511000000|인계동|2|25|0|1|2|1884|257|257|783|55509|22033.0|10494.0|7600.0|3939.0|17381|10448|5458|5662481.0|2696958.0|1953200.0|1012323.0|1648391|587965|364632|431325|73|107|66|5|3180332|6288112|940820|353904|6.45|5|2.56|96|327|408|1635.0
202409|CNTY_GU|42|45110|11170000|대구|서초구|서초동|4611000000|서초1동|2|60|2|1|6|1348|494|494|385|12848|22685.0|7577.0|2454.0|12654.0|19446|5382|1819|11206390.0|3743038.0|1212276.0|6251076.0|816460|243255|953936|73221|126|229|77|4|5458549|10695361|3793026|1820391|4.97|16|3.24|134|146|23|2336.0
202409|PRVNC|44|27110|42110000|대구|수원시|역삼동|4211000000|서초1동|2|55|0|2|4|1863|274|274|58|45748|45825.0|25145.0|13214.0|7466.0|37666|19981|12271|12556050.0|6889730.0|3620636.0|2045684.0|3454624|276942|24362|348523|46|132|30|10|5539294|138402|1548470|275269|2.59|2|2.67|60|473|384|946.0
202409|ADM|46|41110|27110000|경기|성남시|서초동|4211000000|역삼1가|1|25|2|2|10|1761|293|293|686|44877|476.0|274.0|145.0|57.0|376|220|108|139468.0|80282.0|42485.0|16701.0|3841446|2879039|747030|356203|51|125|45|23|235637|16289087|4635958|606406|7.66|3|1.34|60|164|349|492.0
202409|ADM|47|41110|26110000|경기|서초구|역삼동|2811000000|역삼1가|2|20|1|1|10|1287|108|108|520|23686|32966.0|22261.0|10537.0|168.0|30917|16128|9567|3560328.0|2404188.0|1137996.0|18144.0|1435875|1581770|796382|156558|15|56|22|8|5427016|16167493|104462|1235700|5.47|8|1.19|157|258|183|2064.0
202409|CNTY_GU|42|26110|45110000|경기|강남구|인계동|1114000000|인계동|2|70|0|1|8|1451|328|328|430|57025|18143.0|8506.0|4942.0|4695.0|17961|7815|3847|5950904.0|2789968.0|1620976.0|1539960.0|3045829|309470|377378|438434|92|135|39|3|4896039|18502773|1842618|276424|6.76|32|3.97|156|214|479|6848.0
202409|ADM|11|26140|26140000|대구|강남구|인계동|4211000000|역삼1가|2|40|2|2|2|196|23|23|781|84311|2841.0|1810.0|372.0|659.0|2824|1289|286|65343.0|41630.0|8556.0|15157.0|3614915|1019519|956342|419609|6|9|5|0|4776106|4222199|2556797|408610|3.47|2|4.12|146|168|146|336.0
202409|CNTY_GU|42|41150|41150000|서울|강남구|인계동|4113000000|서초1동|2|55|0|2|7|1719|19|19|597|80562|48080.0|24243.0|13358.0|10479.0|44010|18444|10849|913520.0|460617.0|253802.0|199101.0|4046799|1696199|828135|435439|4|11|3|1|8692756|12751189|3233119|299025|4.58|2|3.32|59|493|414|986.0
202409|CNTY_GU|44|47110|11200000|서울|서초구|역삼동|4111000000|역삼1가|1|30|1|2|4|557|40|40|804|84090|30103.0|17405.0|6896.0|5802.0|30014|16073|5575|1204120.0|696200.0|275840.0|232080.0|1264073|373651|986199|471187|7|19|6|0|9765800|12103189|3403563|1681542|2.17|2|3.01|87|363|207|726.0
202409|ADM|44|42110|41130000|부산|수원시|역삼동|1117000000|역삼1가|1|45|2|1|5|988|337|337|276|46419|23180.0|13985.0|7786.0|1409.0|22077|12715|7734|7811660.0|4712945.0|2623882.0|474833.0|295519|1469573|440000|109755|97|198|36|0|9321230|5498168|2027675|1970619|5.54|3|3.29|27|180|119|540.0
202409|ADM|45|45110|26140000|서울|서초구|서초동|4511000000|인계동|2|40|0|2|5|1492|341|341|82|41021|23951.0|14332.0|2571.0|7048.0|20208|11772|2052|8167291.0|4887212.0|876711.0|2403368.0|2839532|443848|644665|253511|43|153|84|3|8377782|13519102|1185221|936500|2.38|0|1.46|161|0|169|0.0
202409|CNTY_GU|42|42110|41130000|경기|강남구|인계동|4711000000|역삼1가|2|55|0|1|4|1535|310|310|701|28334|36715.0|19735.0|13208.0|3772.0|32410|17524|11764|11381650.0|6117850.0|4094480.0|1169320.0|2225499|2441049|388975|320201|59|125|37|20|7987241|17960755|1685289|1142510|6.43|13|1.11|20|404|36|5252.0
202409|ADM|42|41130|44130000|인천|서초구|인계동|4511000000|역삼1가|2|50|3|1|8|780|127|127|222|60743|28906.0|18449.0|6606.0|3851.0|22602|15391|4835|3671062.0|2343023.0|838962.0|489077.0|4866897|974283|762051|167042|33|58|14|9|2639216|15512975|1937951|95651|3.08|11|1.66|170|366|304|4026.0
202409|ADM|45|26140|26110000|대구|수원시|역삼동|1111000000|인계동|2|70|0|1|9|1934|49|49|64|98697|7197.0|2304.0|1846.0|3047.0|6432|2300|1810|352653.0|112896.0|90454.0|149303.0|4435464|1598907|383921|295523|11|28|13|2|8837815|2425255|3256431|488789|4.69|7|3.22|61|30|224|210.0
202409|ADM|27|11110|44130000|부산|수원시|인계동|1114000000|서초1동|2|50|0|2|3|1785|493|493|846|55464|11430.0|4553.0|1778.0|5099.0|9696|3679|1734|5634990.0|2244629.0|876554.0|2513807.0|2645135|109666|159273|189873|82|223|99|48|9366425|14088112|322124|125224|3.29|60|4.32|26|272|404|16320.0
202409|ADM|45|41130|27110000|부산|성남시|서초동|4111000000|인계동|2|60|0|2|10|426|179|179|978|10177|16742.0|7040.0|6464.0|3238.0|13069|7000|5995|2996818.0|1260160.0|1157056.0|579602.0|3562532|2520432|327619|293917|52|99|43|11|944788|4712106|4501924|352212|5.94|21|2.06|106|386|381|8106.0
202409|ADM|46|43110|26140000|대구|서초구|역삼동|2611000000|인계동|2|30|2|1|6|1832|265|265|664|50747|15362.0|9533.0|2025.0|3804.0|13418|8592|1655|4070930.0|2526245.0|536625.0|1008060.0|670774|815110|610538|239963|50|120|43|0|507947|16075819|2750836|1830615|5.69|0|2.12|139|0|277|0.0
202409|CNTY_GU|26|45110|45110000|부산|강남구|서초동|1117000000|인계동|1|40|1|2|6|112|109|109|364|83551|5336.0|3643.0|1857.0|0.0|4690|2664|1497|581624.0|397087.0|202413.0|0.0|1434314|2496388|658793|454976|19|52|15|4|8257818|11830549|1051949|1003765|4.66|9|1.62|144|397|110|3573.0
202409|ADM|42|28110|11140000|부산|강남구|역삼동|1117000000|역삼1가|2|55|1|2|10|1779|3|3|616|82350|7084.0|3255.0|2809.0|1020.0|6802|3026|2005|21252.0|9765.0|8427.0|3060.0|1308090|170775|302278|247203|0|1|0|0|8787418|6361348|1857656|1388885|5.49|0|4.55|123|0|213|0.0
202409|ADM|44|11170|27110000|대구|성남시|역삼동|2614000000|서초1동|2|65|0|2|8|277|419|419|339|36699|2012.0|973.0|791.0|248.0|1813|840|781|843028.0|407687.0|331429.0|103912.0|814579|166917|356144|44929|113|209|94|35|2068417|3577447|884138|1965457|7.96|35|3.05|147|21|248|735.0
202409|CNTY_GU|26|27110|43110000|서울|수원시|인계동|4115000000|역삼1가|2|30|0|1|9|1129|378|378|259|73017|39522.0|28257.0|5580.0|5685.0|35194|20193|4353|14939316.0|10681146.0|2109240.0|2148930.0|4653372|2648094|670743|90204|62|186|55|36|3019789|5353349|2322875|14680|3.99|38|2.87|19|203|457|7714.0
202409|ADM|44|11140|28110000|경기|서초구|인계동|2811000000|인계동|1|55|1|1|5|1120|338|338|964|32965|1998.0|1582.0|252.0|164.0|1411|1503|191|675324.0|534716.0|85176.0|55432.0|3317361|449450|222624|376254|55|174|83|20|8208394|15665743|1683045|534656|7.79|21|3.65|150|444|301|9324.0
202409|ADM|27|44130|47110000|인천|수원시|역삼동|2614000000|역삼1가|2|50|0|1|5|212|274|274|61|38625|0.0|0.0|0.0|0.0|0|0|0|0.0|0.0|0.0|0.0|3153160|1427295|359286|5822|36|130|59|21|4947401|17600072|2085812|515004|5.13|39|1.85|41|468|121|18252.0
202409|ADM|42|11170|43110000|서울|강남구|역삼동|4211000000|인계동|2|40|0|1|10|1789|330|330|32|58868|10095.0|3693.0|1066.0|5336.0|7701|3156|831|3331350.0|1218690.0|351780.0|1760880.0|4327579|1656420|657269|354461|61|184|47|8|8504328|1380223|661341|610467|4.88|7|1.59|27|40|398|280.0
202409|ADM|27|41130|45110000|대구|성남시|서초동|2711000000|서초1동|1|35|2|2|8|532|66|66|826|75349|24161.0|15886.0|2719.0|5556.0|18360|12489|1919|1594626.0|1048476.0|179454.0|366696.0|2168295|2470386|443289|61052|15|28|13|4|7888275|4745740|2634986|1694546|3.19|6|2.37|174|458|406|2748.0
202409|ADM|45|44130|44130000|인천|성남시|인계동|1117000000|서초1동|2|30|1|1|5|687|301|301|936|44208|9254.0|3949.0|1002.0|4303.0|9109|2863|828|2785454.0|1188649.0|301602.0|1295203.0|2986307|1222989|487043|212123|38|177|88|5|4768780|4807132|4683039|734992|5.6|33|3.11|28|381|197|12573.0
202409|CNTY_GU|11|27110|26140000|서울|수원시|역삼동|4311000000|역삼1가|1|60|0|1|2|1356|487|487|864|80459|23874.0|13270.0|4237.0|6367.0|21114|12378|4139|11626638.0|6462490.0|2063419.0|3100729.0|3566548|83091|153574|169104|74|219|117|11|8430763|16272616|880702|532778|2.3|23|2.7|116|227|354|5221.0
202409|PRVNC|27|41150|11200000|부산|서초구|인계동|1117000000|역삼1가|1|35|2|2|2|1877|346|346|484|96023|11507.0|3474.0|1486.0|6547.0|10254|2875|1475|3981422.0|1202004.0|514156.0|2265262.0|3173495|2591932|96268|262918|43|202|86|29|9480605|1175666|1134102|210979|3.34|35|3.71|165|427|79|14945.0
202409|CNTY_GU|45|26140|45110000|부산|서초구|역삼동|4511000000|역삼1가|1|55|0|1|1|1949|445|445|243|87399|13080.0|6828.0|1551.0|4701.0|9504|6170|1407|5820600.0|3038460.0|690195.0|2091945.0|717323|1101015|5290|86807|76|254|131|2|5856478|16168681|3828962|324800|4.24|23|4.11|30|425|320|9775.0
202409|ADM|27|11110|41130000|대구|성남시|역삼동|4111000000|역삼1가|2|25|1|1|4|1289|114|114|336|66260|22624.0|14760.0|4041.0|3823.0|18354|11585|3283|2579136.0|1682640.0|460674.0|435822.0|1931479|1749753|948653|98647|17|64|22|4|7922112|10924317|4554385|1343090|4.37|14|1.75|113|326|250|4564.0
202409|CNTY_GU|47|11170|45110000|경기|강남구|역삼동|2611000000|인계동|1|50|2|1|10|1636|418|418|851|88514|43342.0|18968.0|16905.0|7469.0|30920|17969|12219|18116956.0|7928624.0|7066290.0|3122042.0|2496793|2388569|554702|33295|47|190|90|11|7770735|1363293|686220|1584951|2.45|7|4.16|140|246|293|1722.0
202409|CNTY_GU|26|41150|47110000|서울|수원시|서초동|4111000000|서초1동|1|60|1|2|8|1611|148|148|883|13409|35308.0|12299.0|4346.0|18663.0|29342|11513|3792|5225584.0|1820252.0|643208.0|2762124.0|736076|2649764|488500|325370|41|81|32|11|673002|10092993|4947724|1910674|6.71|20|3.72|152|308|257|6160.0
202409|CNTY_GU|47|11140|28110000|인천|수원시|역삼동|1120000000|서초1동|2|35|0|1|9|792|342|342|225|78320|11109.0|7284.0|2989.0|836.0|9603|7244|2671|3799278.0|2491128.0|1022238.0|285912.0|70001|42866|521991|338092|55|198|91|6|6035344|17572775|4946360|164202|3.37|5|4.29|93|132|191|660.0
202409|ADM|11|47110|11170000|인천|서초구|인계동|1114000000|인계동|2|45|0|2|10|337|153|153|663|82509|13863.0|5774.0|2636.0|5453.0|11748|5530|2469|2121039.0|883422.0|403308.0|834309.0|4336208|48308|45964|81846|22|84|25|4|5332113|14091075|774988|5436|6.63|5|1.99|134|382|350|1910.0
202409|ADM|11|43110|11140000|서울|서초구|인계동|4413000000|역삼1가|1|35|3|1|10|78|287|287|810|77431|36221.0|16595.0|6086.0|13540.0|33235|14438|5162|10395427.0|4762765.0|1746682.0|3885980.0|1151836|1652736|419389|126001|37|126|66|24|4786458|4118987|4170704|207212|2.54|4|2.07|134|491|471|1964.0
202409|PRVNC|45|27110|11110000|인천|강남구|인계동|1117000000|인계동|2|60|2|1|2|499|161|161|622|47352|22289.0|7762.0|3304.0|11223.0|20358|6453|2864|3588529.0|1249682.0|531944.0|1806903.0|4581835|2695590|454145|445166|47|87|43|9|6282309|2783669|1258812|503016|3.33|18|4.21|106|281|368|5058.0
202409|ADM|27|26140|45110000|부산|성남시|역삼동|1117000000|역삼1가|1|40|1|2|5|951|127|127|295|75638|27210.0|10567.0|10751.0|5892.0|20097|9316|9671|3455670.0|1342009.0|1365377.0|748284.0|2903682|2254817|987254|311119|22|57|28|7|6424813|13224957|2652355|1983864|4.13|2|1.9|72|342|158|684.0
202409|CNTY_GU|47|42110|41150000|경기|수원시|인계동|2611000000|서초1동|2|35|1|1|2|1051|345|345|264|59387|6488.0|2906.0|1232.0|2350.0|6041|2735|1105|2238360.0|1002570.0|425040.0|810750.0|4615517|852883|314078|47866|70|188|89|15|2995049|12305576|144531|928472|7.0|43|2.7|157|239|321|10277.0
202409|ADM|45|43110|44130000|서울|서초구|인계동|1111000000|인계동|1|25|0|2|7|1896|52|52|770|13835|39363.0|24621.0|11911.0|2831.0|31417|17418|11742|2046876.0|1280292.0|619372.0|147212.0|4196370|2733198|53859|383853|13|28|14|5|9676090|8763751|3553531|1088957|5.8|1|3.33|172|439|180|439.0
202409|ADM|41|43110|11170000|경기|성남시|서초동|1111000000|서초1동|2|70|0|1|6|527|190|190|372|38454|10267.0|7099.0|1553.0|1615.0|10130|6647|1235|1950730.0|1348810.0|295070.0|306850.0|4055976|735553|996556|115864|24|82|52|16|3506207|3232557|562320|1123864|5.38|9|3.84|75|12|80|108.0
202409|ADM|26|43110|26110000|부산|성남시|서초동|4413000000|역삼1가|2|40|3|1|1|1364|154|154|619|47813|3000.0|1102.0|679.0|1219.0|2452|1064|597|462000.0|169708.0|104566.0|187726.0|1011212|1051398|592263|5857|25|67|30|3|4429814|4213788|3973277|1957315|4.27|8|1.43|65|133|42|1064.0
202409|CNTY_GU|26|11170|11170000|서울|서초구|서초동|4111000000|인계동|2|70|0|1|5|1549|245|245|627|32563|34064.0|10305.0|10392.0|13367.0|28405|10015|7989|8345680.0|2524725.0|2546040.0|3274915.0|1844935|2973342|307464|280653|65|99|34|7|999816|6874049|2166471|1784607|5.81|14|4.75|121|353|239|4942.0
202409|ADM|43|26140|43110000|경기|성남시|역삼동|2811000000|서초1동|2|35|0|2|3|1943|145|145|921|80502|41852.0|12817.0|12610.0|16425.0|39718|10358|8934|6068540.0|1858465.0|1828450.0|2381625.0|3824962|1423691|250971|230424|24|77|37|11|6045983|18518578|1978649|1394053|4.84|2|4.0|22|361|130|722.0
202409|CNTY_GU|46|46110|46110000|서울|서초구|인계동|1120000000|인계동|2|35|0|2|2|1299|300|300|545|11302|6482.0|3971.0|1696.0|815.0|5215|3175|1339|1944600.0|1191300.0|508800.0|244500.0|1830339|973720|115798|480092|65|133|53|12|1959216|13969154|4997594|1079210|5.66|43|2.19|97|424|326|18232.0
202409|CNTY_GU|43|42110|46110000|부산|서초구|인계동|1120000000|서초1동|2|35|0|2|5|1545|75|75|940|66699|46260.0|33653.0|7497.0|5110.0|42692|28409|7155|3469500.0|2523975.0|562275.0|383250.0|1184854|932373|949826|467403|13|33|17|0|4390175|2270712|1622030|805547|2.24|7|3.19|172|300|291|2100.0
202409|PRVNC|26|28110|47110000|경기|강남구|서초동|4611000000|인계동|1|40|2|2|6|1596|250|250|503|95573|23711.0|13067.0|9144.0|1500.0|21082|10820|6793|5927750.0|3266750.0|2286000.0|375000.0|3411568|217789|680011|232959|69|133|38|10|5214079|2827995|4881612|982691|5.73|22|2.9|126|373|186|8206.0
202409|ADM|42|27110|42110000|인천|성남시|인계동|4113000000|인계동|2|40|3|2|10|599|175|175|680|47752|29951.0|14285.0|4231.0|11435.0|29067|10077|4067|5241425.0|2499875.0|740425.0|2001125.0|1161612|1962123|505212|123665|43|90|51|5|4630970|1161843|2810666|1980554|7.41|13|2.57|93|205|132|2665.0
202409|ADM|27|27110|28110000|대구|서초구|역삼동|4413000000|서초1동|1|30|2|1|1|1182|320|320|475|48429|21273.0|9484.0|6790.0|4999.0|19105|7819|6185|6807360.0|3034880.0|2172800.0|1599680.0|875132|1342641|202712|44631|72|155|42|23|5900989|12484566|553941|764603|5.15|32|1.89|121|451|125|14432.0
202409|ADM|43|11140|26110000|대구|수원시|역삼동|1114000000|역삼1가|1|65|0|2|10|1180|4|4|516|59642|0.0|0.0|0.0|0.0|0|0|0|0.0|0.0|0.0|0.0|1103572|130904|145535|251386|0|2|0|0|8449257|15720946|3523035|1641072|2.73|0|4.66|171|0|452|0.0
202409|ADM|11|26140|26140000|인천|성남시|서초동|4413000000|서초1동|1|55|0|2|6|1353|65|65|40|81531|21736.0|15501.0|3346.0|2889.0|19813|15441|2939|1412840.0|1007565.0|217490.0|187785.0|1383814|2160503|427639|93114|10|29|17|3|3923044|3172531|908353|1651777|3.02|5|1.57|33|68|32|340.0
202409|CNTY_GU|45|47110|11170000|경기|강남구|인계동|1120000000|서초1동|1|55|0|1|1|371|192|192|451|58159|11366.0|4528.0|2808.0|4030.0|8402|3790|2675|2182272.0|869376.0|539136.0|773760.0|477688|2812250|204155|354912|56|101|35|1|3891281|10663241|3773979|730721|4.22|3|3.85|84|233|375|699.0
202409|ADM|43|11170|43110000|서울|수원시|인계동|4211000000|역삼1가|1|40|0|1|7|1265|111|111|258|66885|48015.0|21973.0|10277.0|15765.0|37508|21185|10108|5329665.0|2439003.0|1140747.0|1749915.0|161981|1126735|677274|124679|14|66|27|2|6556668|16242469|2783787|1016197|4.97|7|3.74|77|351|444|2457.0
202409|CNTY_GU|42|28110|46110000|인천|서초구|인계동|1117000000|서초1동|1|45|1|2|7|665|69|69|573|67215|1392.0|628.0|479.0|285.0|1063|545|465|96048.0|43332.0|33051.0|19665.0|2374347|2238267|903361|469539|16|36|7|6|7394753|16706380|4298152|787540|5.91|8|1.21|16|417|244|3336.0
202409|CNTY_GU|42|11200|11110000|대구|성남시|서초동|4211000000|인계동|1|30|0|1|2|950|160|160|831|54312|28472.0|22174.0|8544.0|0.0|20424|19166|7083|4555520.0|3547840.0|1367040.0|0.0|2404739|2079041|264894|214937|43|69|28|2|4889530|10930875|2308476|1410322|5.36|21|4.78|113|252|235|5292.0
202409|ADM|42|47110|11170000|경기|수원시|서초동|2614000000|역삼1가|1|65|0|1|10|1522|130|130|947|92770|24282.0|19135.0|3590.0|1557.0|19282|15965|3110|3156660.0|2487550.0|466700.0|202410.0|2204940|776714|658046|320003|38|56|31|2|8500810|15345936|4327544|94242|7.09|0|2.45|45|0|364|0.0
202409|ADM|43|41130|43110000|인천|서초구|서초동|4211000000|역삼1가|2|35|0|2|2|1416|41|41|165|50270|38543.0|16271.0|4898.0|17374.0|29405|12829|4085|1580263.0|667111.0|200818.0|712334.0|1888195|2060016|202187|169691|8|18|9|2|3609985|5095481|3022597|270567|5.21|3|3.79|61|221|342|663.0
202409|PRVNC|27|41130|11140000|서울|강남구|역삼동|4611000000|역삼1가|1|65|1|1|5|499|6|6|661|98097|20583.0|10834.0|5290.0|4459.0|14439|8820|4968|123498.0|65004.0|31740.0|26754.0|2186144|1362077|13707|147181|1|3|1|0|7467324|19404109|2754246|1201062|2.91|0|4.37|148|0|477|0.0
202409|CNTY_GU|41|42110|45110000|서울|서초구|서초동|1120000000|서초1동|1|45|1|1|1|85|290|290|515|28278|32763.0|20263.0|7544.0|4956.0|24865|16571|5913|9501270.0|5876270.0|2187760.0|1437240.0|1045336|2642631|300142|371158|52|134|82|7|5504689|2995311|491613|63778|6.26|12|3.0|91|45|219|540.0
202409|CNTY_GU|46|41130|11110000|경기|강남구|역삼동|4115000000|서초1동|1|20|0|1|2|1433|198|198|523|84731|41830.0|26189.0|10848.0|4793.0|31172|25022|8004|8282340.0|5185422.0|2147904.0|949014.0|4060657|2414228|270514|256834|22|85|53|12|841324|12515225|759935|738377|2.88|3|2.77|128|488|491|1464.0
202409|PRVNC|26|28110|41130000|인천|성남시|인계동|1120000000|인계동|1|50|0|1|6|1174|168|168|984|19815|41107.0|13966.0|7813.0|19328.0|29059|10243|7481|6905976.0|2346288.0|1312584.0|3247104.0|2753125|492493|278595|308351|17|85|23|16|9520643|620891|1259121|1222826|5.72|17|2.68|84|215|248|3655.0
202409|PRVNC|11|26140|28110000|인천|서초구|서초동|4115000000|인계동|2|35|3|1|8|1676|161|161|806|35718|41252.0|18102.0|12386.0|10764.0|30731|17440|9201|6641572.0|2914422.0|1994146.0|1733004.0|2292289|2957583|47884|367417|17|95|41|1|8822252|962872|1258803|1255738|5.61|4|4.12|113|426|344|1704.0
202409|ADM|11|45110|11140000|대구|강남구|인계동|1120000000|서초1동|1|70|1|2|9|295|346|346|372|57557|6252.0|2686.0|1180.0|2386.0|5893|1990|856|2163192.0|929356.0|408280.0|825556.0|3697934|1873288|325100|357292|83|197|40|32|6275118|3514097|2343645|497307|5.49|42|1.53|79|109|124|4578.0
202409|CNTY_GU|47|46110|26140000|대구|서초구|서초동|2811000000|인계동|2|60|2|1|2|837|67|67|963|47581|26066.0|8171.0|3704.0|14191.0|22305|7290|3208|1746422.0|547457.0|248168.0|950797.0|3614644|1358147|85713|36661|16|37|17|3|5333035|19452089|2427723|1425675|5.63|2|3.57|151|191|348|382.0
202409|CNTY_GU|41|26140|28110000|대구|성남시|인계동|1111000000|서초1동|2|50|0|2|3|719|339|339|844|31327|37243.0|14561.0|5492.0|17190.0|32231|12500|4875|12625377.0|4936179.0|1861788.0|5827410.0|2542929|1781748|319302|328426|98|160|43|15|1154713|6790431|3361829|565220|3.82|12|4.17|172|384|423|4608.0
202409|ADM|46|26110|11170000|경기|성남시|역삼동|1117000000|서초1동|1|40|2|1|10|469|115|115|128|40375|27930.0|13307.0|3342.0|11281.0|21086|10452|2371|3211950.0|1530305.0|384330.0|1297315.0|2703284|1810900|776886|200057|12|49|17|0|2735475|13830691|4316047|1289390|4.57|11|3.01|55|197|145|2167.0
202409|ADM|47|47110|26140000|대구|강남구|인계동|4413000000|인계동|2|30|0|1|1|1984|99|99|658|57656|45960.0|13988.0|14574.0|17398.0|35791|13830|12276|4550040.0|1384812.0|1442826.0|1722402.0|4368222|1920236|103136|199551|13|40|26|6|6874210|7927724|879602|1540313|5.59|13|1.78|38|27|301|351.0
202409|CNTY_GU|47|41130|27110000|인천|성남시|역삼동|4511000000|인계동|2|20|0|2|5|414|36|36|84|86377|23553.0|13071.0|8322.0|2160.0|17778|9224|7500|847908.0|470556.0|299592.0|77760.0|152892|1414551|140892|427052|9|18|6|0|8713791|5423852|1714798|1410007|4.0|2|3.92|50|383|147|766.0
202409|ADM|41|41130|11140000|경기|성남시|인계동|1114000000|서초1동|1|70|0|1|10|1806|324|324|320|19193|22805.0|12631.0|5636.0|4538.0|16610|10338|4916|7388820.0|4092444.0|1826064.0|1470312.0|2255135|19399|672267|174741|84|131|68|6|6438103|10281186|4791674|163747|5.87|35|4.24|66|494|261|17290.0
202409|CNTY_GU|26|47110|45110000|서울|강남구|서초동|4113000000|인계동|2|55|2|1|1|655|463|463|789|62678|49022.0|32405.0|6718.0|9899.0|39757|32081|6529|22697186.0|15003515.0|3110434.0|4583237.0|1346274|1946689|725403|206676|125|269|106|29|1201815|10427122|3699872|1207403|2.55|23|2.3|16|208|345|4784.0
202409|CNTY_GU|44|11170|28110000|인천|서초구|서초동|2614000000|인계동|2|60|1|2|10|1304|496|496|969|94478|559.0|188.0|208.0|163.0|454|163|205|277264.0|93248.0|103168.0|80848.0|2200605|2696219|237410|320549|95|226|127|6|4762072|2079466|4131788|1264889|7.37|39|2.35|23|342|234|13338.0
202409|PRVNC|43|44130|26110000|경기|성남시|역삼동|1114000000|역삼1가|1|40|0|2|6|226|21|21|779|59387|49034.0|23999.0|5149.0|19886.0|47463|21527|5107|1029714.0|503979.0|108129.0|417606.0|3606210|2766267|382274|136552|4|11|4|1|5046815|9548480|2359146|1300500|6.5|1|3.02|167|225|167|225.0
202409|CNTY_GU|42|41130|11140000|대구|성남시|역삼동|4511000000|역삼1가|1|30|1|1|4|7|277|277|154|93953|32291.0|14598.0|12082.0|5611.0|29190|11449|9490|8944607.0|4043646.0|3346714.0|1554247.0|1289988|1031296|26631|283107|38|137|81|27|979453|14693296|2487902|594485|4.67|8|1.78|18|487|66|3896.0
202409|PRVNC|44|11140|47110000|대구|강남구|인계동|2614000000|인계동|2|35|3|1|4|1441|433|433|530|37883|41830.0|16520.0|12285.0|13025.0|33722|13373|10118|18112390.0|7153160.0|5319405.0|5639825.0|3601804|1117509|820223|100999|91|183|116|15|660246|892058|2544218|1241644|2.4|21|1.95|158|229|147|4809.0
202409|CNTY_GU|43|41110|11140000|부산|강남구|역삼동|4311000000|역삼1가|1|45|0|1|4|829|345|345|954|67700|42852.0|16457.0|15956.0|10439.0|40672|13951|14235|14783940.0|5677665.0|5504820.0|3601455.0|148019|181771|721071|456761|53|179|98|17|272362|6590058|1886010|738578|7.27|26|4.48|73|211|337|5486.0
202409|CNTY_GU|42|45110|11170000|부산|강남구|인계동|1111000000|역삼1가|2|60|0|1|10|1202|377|377|756|92404|265.0|153.0|40.0|72.0|204|134|33|99905.0|57681.0|15080.0|27144.0|4396046|1069166|643146|381048|69|183|102|11|4701010|16173530|3718474|876481|4.11|7|2.51|118|257|287|1799.0
202409|CNTY_GU|42|26140|26140000|서울|수원시|역삼동|2811000000|인계동|2|30|1|1|1|833|254|254|365|52004|21047.0|10017.0|6966.0|4064.0|17906|8942|5068|5345938.0|2544318.0|1769364.0|1032256.0|1192357|147801|999586|436806|29|143|59|1|8997637|17616914|2706941|551846|7.22|26|4.78|17|366|45|9516.0
202409|CNTY_GU|41|11200|41110000|대구|성남시|서초동|4511000000|역삼1가|2|40|0|1|2|1029|25|25|871|34298|3957.0|2716.0|781.0|460.0|3857|2166|750|98925.0|67900.0|19525.0|11500.0|2656245|554795|851062|119512|2|13|4|1|8083884|867325|3169874|1485613|7.17|1|2.02|170|75|357|75.0
202409|CNTY_GU|41|11170|43110000|서울|수원시|인계동|1111000000|역삼1가|1|40|0|1|2|444|372|372|661|31907|24153.0|17910.0|4567.0|1676.0|22546|15711|4090|8984916.0|6662520.0|1698924.0|623472.0|131179|1078589|579254|103336|44|177|98|29|7417284|5347637|3214469|1995954|4.0|34|2.0|107|277|299|9418.0
202409|CNTY_GU|46|11140|28110000|인천|서초구|인계동|4113000000|역삼1가|2|60|3|1|2|1367|490|490|747|82623|34944.0|15612.0|11840.0|7492.0|25425|14259|10859|17122560.0|7649880.0|5801600.0|3671080.0|4474967|846103|36334|244611|110|212|142|7|4661787|15046147|1840110|152870|7.45|13|3.45|17|200|19|2600.0
202409|ADM|11|43110|11110000|경기|강남구|역삼동|2614000000|인계동|1|45|0|1|6|262|2|2|191|97602|34361.0|14898.0|11198.0|8265.0|25306|13555|9304|68722.0|29796.0|22396.0|16530.0|2152106|2568685|354073|24829|0|1|0|0|96777|1626845|395120|335575|5.83|0|4.16|172|0|362|0.0
202409|ADM|26|28110|26110000|인천|성남시|서초동|2614000000|역삼1가|2|30|0|1|8|1697|170|170|259|52289|5154.0|2841.0|1805.0|508.0|4228|2690|1449|876180.0|482970.0|306850.0|86360.0|4666252|1842324|575138|153057|35|69|29|3|2808437|10209093|83962|9314|4.64|2|4.86|178|453|214|906.0
202409|ADM|43|41150|42110000|부산|수원시|인계동|4511000000|역삼1가|2|30|1|1|1|1186|482|482|387|82228|7688.0|4501.0|2635.0|552.0|7554|3794|1923|3705616.0|2169482.0|1270070.0|266064.0|2541179|2861451|923758|36435|69|250|133|1|4479157|11139117|4135770|170830|6.5|36|2.86|47|272|46|9792.0
202409|ADM|47|11170|41150000|인천|성남시|서초동|2711000000|인계동|2|70|0|1|9|630|451|451|791|80495|16507.0|7263.0|5886.0|3358.0|11558|5434|5240|7444657.0|3275613.0|2654586.0|1514458.0|1650547|1917352|451796|296554|53|208|97|37|5370349|1432367|2775101|653130|4.23|13|2.67|111|283|445|3679.0
202409|ADM|47|28110|47110000|인천|수원시|인계동|1114000000|역삼1가|2|30|3|2|3|1726|336|336|610|20312|26393.0|20294.0|7089.0|0.0|23772|16552|6196|8868048.0|6818784.0|2381904.0|0.0|1469994|1126048|679684|344014|63|167|62|12|7858907|11141789|4239796|645685|7.7|38|3.38|153|84|463|3192.0
202409|ADM|26|41150|45110000|인천|성남시|서초동|4711000000|인계동|1|25|0|1|4|172|169|169|484|58646|45345.0|35933.0|13047.0|0.0|36443|35733|9640|7663305.0|6072677.0|2204943.0|0.0|1945613|1159619|626663|396974|28|98|44|11|5823074|19134460|1790191|675643|7.04|11|3.88|43|437|497|4807.0
202409|CNTY_GU|26|11140|11200000|인천|서초구|역삼동|4113000000|서초1동|1|40|3|2|4|560|104|104|671|43043|45396.0|23449.0|6989.0|14958.0|42666|20966|5314|4721184.0|2438696.0|726856.0|1555632.0|3230778|1042646|743118|35733|19|48|21|0|9292211|5950123|4253923|250952|6.39|11|4.56|43|487|282|5357.0
202409|ADM|42|26110|26110000|서울|서초구|역삼동|4311000000|인계동|1|25|0|2|7|823|374|374|192|86207|9.0|3.0|2.0|4.0|6|2|1|3366.0|1122.0|748.0|1496.0|3381630|1297022|902067|420046|38|177|67|29|7305469|4329544|2527423|1985123|7.11|15|1.6|152|38|260|570.0
202409|ADM|43|46110|44130000|경기|강남구|역삼동|4311000000|역삼1가|2|35|0|2|10|1387|146|146|264|75231|37262.0|23205.0|12225.0|1832.0|34205|19180|10637|5440252.0|3387930.0|1784850.0|267472.0|957282|1945138|933513|298699|24|59|35|9|6945263|15765140|615993|361674|3.44|13|2.9|121|228|441|2964.0
202409|ADM|44|28110|27110000|서울|수원시|서초동|1111000000|인계동|2|55|3|1|7|1497|126|126|437|20716|21585.0|15062.0|8163.0|0.0|21288|10568|6418|2719710.0|1897812.0|1028538.0|0.0|2041178|1388489|564732|454233|32|64|17|6|3572679|9859870|4440095|1110962|2.67|10|3.3|30|451|179|4510.0
202409|ADM|44|42110|11170000|경기|강남구|인계동|4711000000|역삼1가|1|40|2|1|5|1126|42|42|324|40636|42088.0|30013.0|15900.0|0.0|32348|24834|14056|1767696.0|1260546.0|667800.0|0.0|2173454|2227626|619282|239869|6|20|6|1|2494521|6903296|1331725|874395|2.08|2|4.68|127|358|101|716.0
202409|CNTY_GU|45|11140|41130000|대구|서초구|인계동|2711000000|서초1동|1|70|2|1|8|272|389|389|695|90901|49223.0|26521.0|8080.0|14622.0|40842|22810|7737|19147747.0|10316669.0|3143120.0|5687958.0|809313|2862770|996619|25107|81|171|88|13|2355375|8930452|4342233|129004|6.72|34|1.46|34|283|458|9622.0
202409|ADM|27|27110|11170000|서울|서초구|역삼동|4711000000|역삼1가|2|30|0|1|8|1978|108|108|951|78510|7208.0|2508.0|2075.0|2625.0|6577|2498|1572|778464.0|270864.0|224100.0|283500.0|4988898|1472101|601571|355133|13|48|20|4|746829|19887401|813452|355441|5.76|1|3.36|26|150|327|150.0
202409|PRVNC|11|27110|41110000|대구|강남구|서초동|4115000000|서초1동|2|30|0|2|10|216|27|27|470|62542|2142.0|1183.0|603.0|356.0|1957|994|588|57834.0|31941.0|16281.0|9612.0|1245029|331474|941026|137194|5|11|3|2|3258207|18802652|1292445|1023472|2.94|1|2.07|81|486|365|486.0
202409|ADM|44|27110|26110000|인천|성남시|인계동|1111000000|인계동|2|70|1|1|2|240|284|284|250|22651|41740.0|27061.0|7997.0|6682.0|32352|21453|6005|11854160.0|7685324.0|2271148.0|1897688.0|2158565|2769901|869662|32971|77|126|38|19|9722430|1555459|3488692|1555223|6.81|10|2.39|112|378|161|3780.0
202409|CNTY_GU|45|11110|42110000|서울|성남시|역삼동|1114000000|인계동|1|25|2|1|6|1542|451|451|123|82156|20488.0|15905.0|7150.0|0.0|20421|15217|6291|9240088.0|7173155.0|3224650.0|0.0|2819360|2438311|437277|279520|77|196|47|31|1353404|13946802|3831429|766975|6.77|4|4.87|18|357|359|1428.0
202409|ADM|27|11140|41110000|대구|성남시|역삼동|1120000000|서초1동|2|40|1|1|1|1993|499|499|161|26821|48466.0|16260.0|15950.0|16256.0|39784|12752|11636|24184534.0|8113740.0|7959050.0|8111744.0|4215108|2051929|424463|155275|82|225|126|11|8050679|18549732|361786|1626506|7.75|23|2.41|131|173|362|3979.0
202409|CNTY_GU|44|27110|11200000|인천|강남구|역삼동|1111000000|인계동|1|35|2|1|4|916|262|262|658|13203|17138.0|8388.0|2323.0|6427.0|12116|8335|2090|4490156.0|2197656.0|608626.0|1683874.0|3066811|238540|893585|310651|26|152|61|15|660058|12926247|4577210|1283053|3.33|4|4.89|56|125|382|500.0
202409|CNTY_GU|44|41130|42110000|대구|수원시|서초동|4111000000|인계동|1|50|3|2|3|1815|11|11|742|63541|11445.0|6581.0|1916.0|2948.0|8681|5179|1406|125895.0|72391.0|21076.0|32428.0|2439542|656733|589946|499519|1|4|3|0|2652334|8094792|3708927|237097|3.41|1|1.49|162|301|31|301.0
202409|ADM|42|46110|41110000|부산|서초구|역삼동|4511000000|역삼1가|1|30|1|2|5|377|33|33|925|50164|22787.0|17791.0|5541.0|0.0|16423|15077|4630|751971.0|587103.0|182853.0|0.0|1240004|1577718|337406|91106|8|13|5|1|6492436|13054895|1533365|1602100|2.51|0|1.1|176|0|437|0.0
202409|CNTY_GU|27|41110|11110000|대구|성남시|역삼동|4511000000|역삼1가|2|30|2|2|8|1518|398|398|630|49608|22258.0|9755.0|3637.0|8866.0|20146|8451|2800|8858684.0|3882490.0|1447526.0|3528668.0|1814897|1993496|557560|206106|92|174|74|38|161153|5945231|779432|1971175|3.54|22|2.81|48|237|321|5214.0
202409|ADM|26|11140|41130000|부산|강남구|서초동|4511000000|인계동|2|70|2|1|10|242|479|479|714|55866|9887.0|7516.0|3856.0|0.0|8931|6791|3304|4735873.0|3600164.0|1847024.0|0.0|4598205|987428|380228|404716|50|273|71|45|9638098|6683391|4330149|751887|2.99|18|2.99|82|225|426|4050.0
202409|CNTY_GU|43|11170|41110000|경기|서초구|인계동|4611000000|서초1동|2|65|1|2|4|1566|365|365|108|18744|39932.0|24257.0|10447.0|5228.0|31895|21743|10285|14575180.0|8853805.0|3813155.0|1908220.0|4121336|1242101|430045|157574|98|206|47|5|9751041|19190654|3213481|352853|6.41|40|3.59|132|300|461|12000.0
202409|CNTY_GU|11|26140|27110000|부산|성남시|서초동|4511000000|서초1동|1|45|0|1|1|1644|32|32|213|96017|17921.0|12028.0|7029.0|0.0|15669|8977|5495|573472.0|384896.0|224928.0|0.0|4142824|1516148|407747|8188|8|15|8|3|9715472|1459492|4749576|1669971|2.65|1|3.01|7|114|316|114.0
202409|ADM|43|27110|41130000|경기|성남시|서초동|4113000000|서초1동|2|40|2|1|10|914|362|362|64|40799|4657.0|3103.0|796.0|758.0|3890|2961|780|1685834.0|1123286.0|288152.0|274396.0|1095051|385333|545464|219944|36|187|76|30|717048|17535938|3542812|1354569|4.76|31|3.6|17|343|140|10633.0
202409|PRVNC|26|46110|27110000|서울|강남구|역삼동|1117000000|인계동|1|50|0|1|5|1724|337|337|300|72879|15027.0|7673.0|4206.0|3148.0|11188|6449|4101|5064099.0|2585801.0|1417422.0|1060876.0|2874621|2365337|115350|28471|46|200|86|4|3339003|1325641|2111670|1527291|2.99|48|2.11|169|433|268|20784.0
202409|PRVNC|42|11110|41110000|경기|수원시|역삼동|1120000000|서초1동|1|50|0|1|9|991|4|4|403|58152|21032.0|15199.0|6621.0|0.0|15506|11582|6066|84128.0|60796.0|26484.0|0.0|1676941|2786257|21126|216800|1|2|0|0|3595946|11742704|2605940|1052301|4.06|0|2.91|56|0|345|0.0
202409|CNTY_GU|46|42110|44130000|경기|강남구|서초동|1114000000|역삼1가|1|50|3|1|9|954|387|387|431|84594|14218.0|10306.0|4876.0|0.0|13128|7563|3719|5502366.0|3988422.0|1887012.0|0.0|1908072|632872|902760|149814|62|223|64|3|4804398|3449834|1752605|1809422|2.58|28|1.42|90|188|329|5264.0
202409|CNTY_GU|27|47110|26140000|서울|성남시|역삼동|4711000000|서초1동|2|60|0|2|9|804|3|3|510|17070|47049.0|15458.0|16048.0|15543.0|39820|14971|15966|141147.0|46374.0|48144.0|46629.0|445397|106090|881265|297633|0|1|0|0|9688804|10964259|4565617|1377003|4.3|0|1.49|85|0|250|0.0
202409|ADM|27|41130|28110000|부산|서초구|서초동|1111000000|인계동|1|55|0|2|9|758|483|483|607|43992|45128.0|35886.0|7584.0|1658.0|35165|33244|7213|21796824.0|17332938.0|3663072.0|800814.0|4001697|1844572|576890|484112|52|237|58|47|6486440|18137634|203162|1779784|3.23|40|3.1|73|92|31|3680.0
202409|ADM|27|28110|26110000|서울|성남시|인계동|1114000000|역삼1가|1|60|0|1|6|517|211|211|383|52487|12953.0|7231.0|2883.0|2839.0|9436|6721|2096|2733083.0|1525741.0|608313.0|599029.0|1640151|1378395|846376|201593|30|101|31|19|6658950|18094418|77942|1232194|5.84|15|3.62|104|175|74|2625.0
202409|ADM|47|41150|11140000|대구|강남구|서초동|1117000000|역삼1가|2|65|2|1|4|1244|80|80|883|76377|17693.0|9467.0|6111.0|2115.0|13236|7512|5795|1415440.0|757360.0|488880.0|169200.0|3531577|2519266|417277|228923|11|41|18|7|6212703|18526980|1194720|1018934|4.73|4|3.23|133|203|487|812.0
202409|CNTY_GU|42|42110|46110000|대구|수원시|인계동|4115000000|인계동|2|50|0|1|1|148|196|196|307|35610|8869.0|6356.0|1234.0|1279.0|7544|4747|1105|1738324.0|1245776.0|241864.0|250684.0|4263743|1326145|840975|263950|56|81|28|17|3175632|17218169|2550393|474945|6.8|23|2.84|27|368|106|8464.0
202409|CNTY_GU|46|28110|43110000|서울|수원시|인계동|4611000000|인계동|2|20|0|2|8|219|30|30|871|10752|16858.0|12430.0|5454.0|0.0|15590|10442|3824|505740.0|372900.0|163620.0|0.0|2514500|2839213|288047|62259|7|17|8|0|654594|2718582|1101912|265468|5.68|3|2.82|110|355|140|1065.0
202409|CNTY_GU|45|11110|11170000|부산|서초구|역삼동|1114000000|인계동|2|40|0|2|6|46|221|221|771|39478|35302.0|13435.0|4563.0|17304.0|24945|12134|3557|7801742.0|2969135.0|1008423.0|3824184.0|2012859|1535636|531392|118837|43|114|53|21|2160154|17132922|3255232|287212|2.67|10|2.89|26|77|252|770.0
202409|ADM|42|11110|41130000|대구|강남구|역삼동|4511000000|인계동|2|60|0|1|5|799|129|129|652|85373|38083.0|14118.0|9295.0|14670.0|37355|13199|7063|4912707.0|1821222.0|1199055.0|1892430.0|3359517|1192541|339046|347109|22|57|23|10|7192301|11333946|2654873|817047|4.71|1|1.68|25|206|317|206.0
202409|CNTY_GU|41|44130|27110000|경기|강남구|서초동|4611000000|서초1동|1|65|0|1|3|99|80|80|259|88478|12028.0|4355.0|1209.0|6464.0|11616|4056|1206|962240.0|348400.0|96720.0|517120.0|4197159|72859|952075|143626|12|46|22|4|8021010|8556432|968704|741921|4.41|5|1.15|77|398|482|1990.0
202409|CNTY_GU|27|41150|45110000|대구|성남시|역삼동|4111000000|서초1동|1|60|2|2|5|1640|338|338|314|54315|27454.0|17307.0|6784.0|3363.0|20055|12771|4755|9279452.0|5849766.0|2292992.0|1136694.0|3567608|1223150|410106|272441|63|193|69|1|723475|11099846|2981126|1956070|6.99|23|4.8|40|246|203|5658.0
202409|ADM|26|27110|26110000|인천|성남시|서초동|2711000000|인계동|1|20|3|1|5|614|317|317|762|78465|15711.0|10011.0|3045.0|2655.0|14591|9032|2245|4980387.0|3173487.0|965265.0|841635.0|1699458|1749795|724020|85848|59|155|49|5|3211691|14324018|3409255|1212614|7.01|13|4.82|90|205|230|2665.0
202409|ADM|44|43110|11200000|인천|강남구|역삼동|4111000000|역삼1가|2|35|2|1|5|141|483|483|677|98888|42756.0|29420.0|10711.0|2625.0|35805|24531|9416|20651148.0|14209860.0|5173413.0|1267875.0|1096226|2518044|922540|439835|112|200|142|39|1756622|2992027|3312280|758631|2.25|63|4.33|63|264|469|16632.0
202409|ADM|41|46110|27110000|서울|성남시|인계동|4115000000|역삼1가|2|70|0|1|5|635|297|297|722|66586|49137.0|19947.0|13002.0|16188.0|38362|18416|12552|14593689.0|5924259.0|3861594.0|4807836.0|1219315|2575901|336759|450191|73|150|84|24|3588834|3064938|923484|1584493|7.88|33|4.17|126|434|325|14322.0
202409|CNTY_GU|11|41150|28110000|대구|강남구|인계동|4711000000|인계동|1|70|0|1|9|1218|56|56|476|41831|18894.0|11849.0|5540.0|1505.0|13318|10365|4246|1058064.0|663544.0|310240.0|84280.0|4362815|2302017|964483|247073|13|32|9|3|7071581|19865492|3164239|1053111|4.73|0|3.7|39|0|57|0.0
202409|PRVNC|46|42110|42110000|서울|서초구|인계동|4611000000|인계동|1|55|1|2|3|1615|33|33|98|53420|12934.0|10261.0|3096.0|0.0|12488|9312|2306|426822.0|338613.0|102168.0|0.0|4000199|607595|36408|34283|3|15|8|3|8412214|13602076|4881893|1284010|2.17|2|4.76|36|404|332|808.0
202409|ADM|47|11110|28110000|부산|서초구|서초동|1111000000|역삼1가|2|45|0|1|5|972|98|98|956|11660|40340.0|22924.0|11246.0|6170.0|36029|21558|11048|3953320.0|2246552.0|1102108.0|604660.0|1624565|2667583|996582|16014|17|47|28|3|6561973|6425276|921659|486777|5.27|11|2.61|124|222|135|2442.0
202409|ADM|42|41110|11140000|대구|서초구|서초동|4511000000|인계동|1|35|0|1|2|1469|85|85|368|38546|43156.0|28007.0|5125.0|10024.0|30694|25022|4972|3668260.0|2380595.0|435625.0|852040.0|161849|1532883|484090|129685|14|37|15|5|7715925|1977411|2990799|931634|7.7|1|1.87|78|182|216|182.0
202409|ADM|42|43110|44130000|대구|성남시|역삼동|1117000000|서초1동|1|70|1|1|4|1373|497|497|526|98269|31016.0|22574.0|5429.0|3013.0|25677|16401|4823|15414952.0|11219278.0|2698213.0|1497461.0|1905489|48355|811972|35732|108|215|125|0|6514556|18825731|1135146|1373467|4.4|52|4.56|25|328|151|17056.0
202409|CNTY_GU|27|41150|41150000|대구|서초구|인계동|1117000000|역삼1가|2|45|0|1|10|1289|423|423|380|88489|38460.0|25796.0|4228.0|8436.0|33467|19149|3372|16268580.0|10911708.0|1788444.0|3568428.0|2092813|2729338|638321|324970|84|246|115|15|2497151|16099803|3701091|330503|6.4|26|1.87|83|112|474|2912.0
202409|ADM|42|28110|28110000|서울|성남시|역삼동|4113000000|인계동|2|40|0|2|4|1459|220|220|794|84695|0.0|0.0|0.0|0.0|0|0|0|0.0|0.0|0.0|0.0|3568238|928047|889938|371681|63|109|23|21|8624914|16344874|3053072|1956896|7.48|23|2.84|40|286|338|6578.0
202409|ADM|11|43110|26140000|부산|성남시|인계동|4511000000|인계동|2|40|2|1|3|1746|304|304|93|32425|40695.0|28152.0|8398.0|4145.0|31427|27738|8325|12371280.0|8558208.0|2552992.0|1260080.0|4735016|875553|10249|396101|84|145|77|8|3056534|8449947|2938233|1910612|3.85|33|3.24|52|23|370|759.0
202409|CNTY_GU|27|11170|44130000|대구|서초구|서초동|1114000000|역삼1가|2|40|1|1|2|990|127|127|321|94172|26827.0|14332.0|4898.0|7597.0|21075|13339|3756|3407029.0|1820164.0|622046.0|964819.0|2283787|2083358|919550|93094|30|55|30|0|7280193|9381397|2488951|386362|7.35|0|3.7|160|0|438|0.0
202409|CNTY_GU|41|11140|41110000|대구|성남시|역삼동|4111000000|서초1동|1|20|1|1|8|532|276|276|113|73419|47664.0|34587.0|7239.0|5838.0|40446|28399|6270|13155264.0|9546012.0|1997964.0|1611288.0|4926679|2757533|194515|257336|40|116|60|1|8453126|323708|4457308|995866|6.53|25|2.56|31|351|78|8775.0
202409|CNTY_GU|27|42110|28110000|인천|성남시|인계동|4611000000|서초1동|2|35|1|2|1|176|277|277|638|70898|19200.0|14089.0|4884.0|227.0|17441|10656|4763|5318400.0|3902653.0|1352868.0|62879.0|2509435|1167583|180058|165202|80|157|78|23|5040751|1256645|1085554|1194885|5.59|1|4.79|110|237|284|237.0
202409|ADM|44|11200|45110000|부산|성남시|역삼동|1117000000|인계동|1|55|0|2|3|1359|210|210|81|75414|23795.0|16672.0|8507.0|0.0|22426|13275|6798|4996950.0|3501120.0|1786470.0|0.0|4471042|880400|166444|114304|25|125|62|19|7247797|13522508|244937|453356|5.34|5|1.95|86|283|197|1415.0
202409|CNTY_GU|47|11110|41130000|인천|강남구|역삼동|4311000000|인계동|2|65|0|1|4|608|325|325|493|86539|18315.0|7251.0|3884.0|7180.0|17128|5183|3682|5952375.0|2356575.0|1262300.0|2333500.0|1544205|2489751|261756|470510|48|149|64|22|8692833|8769724|4973092|823943|2.76|48|3.93|37|466|23|22368.0
202409|ADM|27|27110|47110000|부산|서초구|인계동|4113000000|서초1동|1|70|1|2|4|568|37|37|384|83102|19209.0|10340.0|6178.0|2691.0|18895|8280|5385|710733.0|382580.0|228586.0|99567.0|1289988|678398|474825|62388|4|15|7|1|3010821|1419134|2878637|479670|3.38|2|3.76|170|433|318|866.0
202409|CNTY_GU|46|47110|11110000|경기|서초구|역삼동|1114000000|서초1동|1|45|2|2|5|1529|266|266|719|78150|36133.0|26380.0|12777.0|0.0|29670|24114|11688|9611378.0|7017080.0|3398682.0|0.0|3657443|1359818|983122|76836|57|158|72|15|9894752|3339872|2206432|1266335|4.73|37|2.2|136|252|414|9324.0
202409|ADM|45|45110|26110000|부산|서초구|역삼동|1114000000|서초1동|1|65|2|2|10|1148|119|119|210|53407|15233.0|9314.0|2313.0|3606.0|14209|8301|1740|1812727.0|1108366.0|275247.0|429114.0|3983401|2403429|211373|226527|13|67|23|3|7233582|5074292|4059473|645351|2.2|4|1.42|68|27|250|108.0
202409|ADM|27|11170|26110000|대구|성남시|인계동|4111000000|인계동|1|35|0|1|8|1763|286|286|274|33451|0.0|0.0|0.0|0.0|0|0|0|0.0|0.0|0.0|0.0|1107320|1202123|917935|30406|28|157|43|16|5441457|16950967|4425895|1018212|4.23|13|1.98|12|403|63|5239.0
202409|ADM|27|45110|11140000|서울|성남시|서초동|2711000000|역삼1가|2|35|0|1|2|403|115|115|271|77671|41648.0|19901.0|7805.0|13942.0|33328|16208|7735|4789520.0|2288615.0|897575.0|1603330.0|4717500|325426|862277|88812|23|54|12|1|3078643|7124688|2859966|571019|5.73|13|4.95|58|264|364|3432.0
202409|ADM|46|27110|11200000|인천|강남구|역삼동|2614000000|역삼1가|2|65|0|1|10|1705|110|110|65|24259|30178.0|17590.0|11544.0|1044.0|27712|16035|11011|3319580.0|1934900.0|1269840.0|114840.0|2356768|1098138|178988|351470|15|64|17|8|7679460|18828968|2110233|758146|4.88|9|3.93|71|471|219|4239.0
202409|ADM|44|11110|46110000|대구|수원시|역삼동|1120000000|서초1동|2|65|2|1|7|1997|382|382|432|81725|22411.0|8156.0|3354.0|10901.0|20126|6566|3003|8561002.0|3115592.0|1281228.0|4164182.0|469226|374789|270750|203773|89|193|86|11|676848|13376665|63425|1679288|3.43|42|1.31|100|359|160|15078.0
202409|CNTY_GU|41|43110|41130000|인천|성남시|역삼동|4113000000|역삼1가|2|70|0|1|10|680|419|419|27|31214|2237.0|1054.0|586.0|597.0|1926|821|453|937303.0|441626.0|245534.0|250143.0|4110842|1007721|898941|267018|70|199|113|13|3546217|5821497|3710454|1947237|7.08|38|3.93|6|314|444|11932.0
202409|ADM|43|26110|27110000|부산|강남구|서초동|4511000000|인계동|1|25|0|1|1|1761|72|72|678|63094|14664.0|5647.0|2216.0|6801.0|14439|5543|1944|1055808.0|406584.0|159552.0|489672.0|4708093|2368984|973567|165568|11|38|11|2|5118575|1766012|1639878|1971418|7.69|2|3.91|164|340|272|680.0
202409|ADM|47|27110|41110000|서울|수원시|인계동|4111000000|인계동|1|30|2|1|9|1432|301|301|122|78273|41257.0|28806.0|11491.0|960.0|39445|20960|11488|12418357.0|8670606.0|3458791.0|288960.0|1718830|982737|377352|145524|67|123|73|14|7733351|19829132|2899864|623396|5.42|11|3.3|148|402|129|4422.0
202409|PRVNC|11|26140|43110000|서울|수원시|서초동|2711000000|서초1동|2|50|1|1|10|672|158|158|312|51514|26940.0|8587.0|6877.0|11476.0|26843|7058|6015|4256520.0|1356746.0|1086566.0|1813208.0|4670966|79578|852565|20198|33|74|24|3|1271773|853423|2842393|1800707|7.96|11|2.13|64|274|110|3014.0
202409|ADM|44|27110|46110000|인천|성남시|서초동|4311000000|서초1동|1|35|3|1|2|719|362|362|664|74635|41780.0|25657.0|13226.0|2897.0|41692|24707|10937|15124360.0|9287834.0|4787812.0|1048714.0|2640575|1938635|968477|119082|98|205|100|24|4737382|1372708|1908182|645401|4.82|46|2.8|64|429|178|19734.0
202409|CNTY_GU|47|44130|11140000|인천|성남시|서초동|4211000000|인계동|2|25|0|1|1|521|312|312|903|11518|47282.0|31771.0|12634.0|2877.0|45167|25032|10440|14751984.0|9912552.0|3941808.0|897624.0|3432839|1185709|363143|229541|38|177|85|6|6323464|14468018|4341452|117133|3.87|19|2.6|20|495|306|9405.0
202409|CNTY_GU|42|11170|46110000|대구|강남구|역삼동|4311000000|역삼1가|1|30|3|2|1|1232|123|123|756|83585|29436.0|11693.0|8834.0|8909.0|25723|10682|8807|3620628.0|1438239.0|1086582.0|1095807.0|2264994|1796003|87328|204193|27|52|27|3|9519510|13213965|4499605|820685|4.58|4|4.18|178|351|175|1404.0
202409|CNTY_GU|27|28110|11110000|경기|수원시|인계동|2614000000|인계동|2|40|1|1|1|952|7|7|904|43552|33732.0|10663.0|13044.0|10025.0|29608|10559|10503|236124.0|74641.0|91308.0|70175.0|1687722|1445731|648688|5229|2|3|0|0|1158404|15211887|888478|283228|6.73|0|4.24|116|0|263|0.0
202409|CNTY_GU|44|47110|27110000|대구|성남시|서초동|4413000000|인계동|1|35|1|1|4|1478|237|237|418|10707|7870.0|5409.0|2615.0|0.0|5954|5104|1915|1865190.0|1281933.0|619755.0|0.0|2425727|740533|18391|265488|70|140|54|5|256608|3284706|45842|1347033|4.35|32|3.01|173|426|455|13632.0
202409|CNTY_GU|43|43110|11140000|부산|성남시|인계동|2811000000|인계동|1|55|1|1|2|350|392|392|697|13032|3709.0|2437.0|1036.0|236.0|3606|2205|777|1453928.0|955304.0|406112.0|92512.0|966448|146440|911688|429007|86|221|89|29|4580871|5812573|4454639|1521472|6.77|2|1.46|26|77|496|154.0
202409|ADM|41|46110|44130000|대구|수원시|서초동|4413000000|역삼1가|1|30|1|1|7|689|416|416|707|40902|42043.0|25642.0|15656.0|745.0|40907|24050|14251|17489888.0|10667072.0|6512896.0|309920.0|32688|2889671|792623|29283|65|228|71|17|559165|174086|2453786|81125|5.53|14|2.32|131|451|27|6314.0
202409|CNTY_GU|47|11140|27110000|인천|성남시|역삼동|4611000000|역삼1가|1|60|0|1|4|1015|406|406|800|45657|35542.0|10941.0|11906.0|12695.0|30410|10330|10069|14430052.0|4442046.0|4833836.0|5154170.0|3756276|1461149|531028|347203|116|198|81|29|887284|12341847|2676150|1263066|5.66|60|1.64|30|146|314|8760.0
202409|ADM|47|26110|11170000|경기|강남구|역삼동|1117000000|서초1동|2|35|0|1|6|307|8|8|266|99350|43166.0|25253.0|6605.0|11308.0|38540|20959|5586|345328.0|202024.0|52840.0|90464.0|4776956|1091298|554883|414307|1|3|2|0|4120566|5042414|1767858|666962|5.8|0|3.43|144|0|200|0.0
202409|ADM|41|26140|26110000|대구|강남구|서초동|4113000000|역삼1가|1|45|1|1|4|1636|120|120|142|72726|4552.0|3110.0|1387.0|55.0|3195|2657|1265|546240.0|373200.0|166440.0|6600.0|578862|2311158|114086|280062|20|69|33|11|3442990|12343225|1083782|241832|2.39|8|3.89|46|466|313|3728.0
202409|CNTY_GU|45|45110|27110000|대구|강남구|인계동|4113000000|인계동|2|25|2|2|10|896|102|102|219|26414|41253.0|28962.0|14718.0|0.0|34923|26470|12815|4207806.0|2954124.0|1501236.0|0.0|3453118|2276810|297172|58405|22|49|22|10|6567744|6167269|3575389|767449|7.9|13|1.9|79|269|340|3497.0
202409|ADM|41|11110|47110000|대구|강남구|인계동|4113000000|역삼1가|2|60|0|1|10|1826|332|332|456|53578|31861.0|20190.0|4537.0|7134.0|30074|19083|3470|10577852.0|6703080.0|1506284.0|2368488.0|3039208|2849277|919206|165950|93|150|52|17|6086281|12463413|4863728|1187513|2.01|43|4.54|148|74|371|3182.0
202409|CNTY_GU|46|43110|27110000|인천|성남시|인계동|1111000000|역삼1가|1|65|0|2|1|826|479|479|626|89599|49610.0|28455.0|18104.0|3051.0|44620|25302|14978|23763190.0|13629945.0|8671816.0|1461429.0|182612|1989805|529825|330840|127|262|64|35|3400668|4675730|705187|272104|6.2|43|1.61|37|55|300|2365.0
202409|ADM|27|46110|26140000|경기|강남구|역삼동|4413000000|역삼1가|2|40|0|1|3|26|199|199|622|47384|39330.0|18353.0|12192.0|8785.0|35764|13325|9826|7826670.0|3652247.0|2426208.0|1748215.0|120088|2210425|837660|144796|36|84|49|9|7368573|17022058|3656354|1969656|4.18|11|3.48|161|248|359|2728.0
202409|ADM|43|43110|11200000|부산|수원시|인계동|1114000000|인계동|1|30|1|1|10|1544|93|93|816|13781|12232.0|5818.0|4628.0|1786.0|9790|4685|3850|1137576.0|541074.0|430404.0|166098.0|398092|2392711|478421|186094|11|52|16|8|7729415|16159334|405165|1279097|2.07|12|3.33|157|358|161|4296.0
202409|ADM|26|11110|43110000|부산|서초구|역삼동|4211000000|역삼1가|2|25|1|2|9|504|62|62|97|79731|30285.0|17078.0|11364.0|1843.0|28613|14029|8997|1877670.0|1058836.0|704568.0|114266.0|595191|405545|740366|63706|10|34|17|4|1075310|13402345|127912|1842010|2.79|5|3.87|65|411|316|2055.0
202409|CNTY_GU|44|28110|41130000|서울|서초구|인계동|4511000000|역삼1가|1|35|0|2|2|1276|413|413|102|63126|675.0|361.0|141.0|173.0|509|265|124|278775.0|149093.0|58233.0|71449.0|383804|775735|965884|195153|76|176|107|29|4622471|6268364|1310586|616648|2.19|36|4.41|174|51|88|1836.0
202409|CNTY_GU|45|42110|27110000|인천|성남시|역삼동|4113000000|서초1동|1|45|2|2|3|310|116|116|7|37322|2828.0|1509.0|318.0|1001.0|1993|1159|225|328048.0|175044.0|36888.0|116116.0|907059|307864|159970|294269|24|56|22|4|4522106|9076663|2870458|1322389|7.57|2|2.43|87|105|115|210.0
202409|CNTY_GU|42|45110|26140000|대구|서초구|서초동|1111000000|인계동|2|30|2|1|3|762|404|404|818|61065|46825.0|28234.0|16247.0|2344.0|39380|26561|13035|18917300.0|11406536.0|6563788.0|946976.0|4589635|2046419|897611|375615|80|236|54|37|6598020|1534252|3683957|226830|7.79|13|3.79|40|134|491|1742.0
202409|CNTY_GU|27|41130|11200000|대구|수원시|서초동|1117000000|역삼1가|1|25|0|1|5|1527|4|4|369|18376|7797.0|5549.0|1169.0|1079.0|6051|4079|1031|31188.0|22196.0|4676.0|4316.0|236914|537356|585152|457710|0|2|0|0|9616633|12732108|209011|1514770|5.83|0|2.53|28|0|291|0.0
202409|ADM|46|41150|27110000|서울|성남시|인계동|4115000000|서초1동|1|65|0|2|5|711|36|36|494|15200|21831.0|16015.0|8082.0|0.0|18828|15450|7573|785916.0|576540.0|290952.0|0.0|3169287|831276|136176|19883|5|14|8|1|7065422|2463917|3997449|511858|5.68|0|1.61|60|0|287|0.0
202409|ADM|47|11140|45110000|대구|강남구|역삼동|2614000000|역삼1가|2|60|0|1|7|779|423|423|206|19033|7349.0|3939.0|1663.0|1747.0|6533|2802|1460|3108627.0|1666197.0|703449.0|738981.0|3978919|2943309|916046|442289|45|250|56|27|2555318|17467593|1176302|468282|5.99|7|2.18|163|57|97|399.0
202409|CNTY_GU|11|47110|27110000|서울|서초구|인계동|4413000000|인계동|2|40|2|1|4|1233|199|199|181|27797|26060.0|20246.0|8558.0|0.0|24751|19076|7305|5185940.0|4028954.0|1703042.0|0.0|384478|1238311|526647|442872|46|114|26|4|8567729|6937011|1471155|1358729|6.14|10|4.9|39|27|19|270.0
202409|PRVNC|45|42110|42110000|부산|서초구|서초동|2614000000|서초1동|1|35|0|1|1|393|348|348|816|67834|34762.0|23561.0|6594.0|4607.0|31633|21795|5124|12097176.0|8199228.0|2294712.0|1603236.0|4928188|992158|218955|446151|91|158|65|30|6885911|8504484|4955769|604299|7.06|6|3.84|156|462|136|2772.0
202409|ADM|43|11110|11110000|인천|서초구|서초동|4211000000|인계동|1|45|2|2|7|1554|407|407|86|35288|2328.0|1370.0|585.0|373.0|1989|1211|413|947496.0|557590.0|238095.0|151811.0|652538|2525197|377351|108819|76|236|55|18|6235699|16612843|2660528|1922370|4.86|30|2.29|24|287|370|8610.0
202409|CNTY_GU|42|26140|11170000|대구|강남구|인계동|4511000000|역삼1가|1|50|0|2|7|1744|314|314|578|63355|29723.0|20351.0|7488.0|1884.0|26482|19727|6133|9333022.0|6390214.0|2351232.0|591576.0|2212684|2632028|499035|211517|54|150|39|17|826518|19665361|1949256|1790369|6.03|25|1.36|160|188|426|4700.0
202409|CNTY_GU|11|41150|11200000|인천|수원시|역삼동|1111000000|인계동|2|40|0|2|3|344|320|320|781|77282|19176.0|8142.0|1994.0|9040.0|13630|7353|1971|6136320.0|2605440.0|638080.0|2892800.0|2485693|1437371|265498|81|38|135|52|8|1065992|15371484|2008937|262768|3.61|24|1.11|105|217|285|5208.0
202409|ADM|27|46110|43110000|대구|성남시|서초동|1111000000|역삼1가|2|65|0|1|5|1182|482|482|694|43702|7924.0|3361.0|2563.0|2000.0|5964|2649|2262|3819368.0|1620002.0|1235366.0|964000.0|3544726|2129932|344916|9964|65|198|144|31|8660354|3007768|221195|1065057|6.28|12|2.41|168|181|429|2172.0
202409|ADM|41|47110|47110000|경기|성남시|서초동|1111000000|역삼1가|1|25|2|1|1|1485|283|283|484|45099|35126.0|16006.0|10714.0|8406.0|25370|13167|9811|9940658.0|4529698.0|3032062.0|2378898.0|3450455|1249145|44142|159950|81|134|63|24|7310509|10614650|640691|390328|6.13|22|4.85|144|499|280|10978.0
202409|PRVNC|27|46110|44130000|인천|성남시|서초동|4511000000|서초1동|1|35|0|1|4|216|168|168|400|96140|41728.0|21731.0|14559.0|5438.0|35463|17318|12820|7010304.0|3650808.0|2445912.0|913584.0|95972|1196707|511959|8410|31|88|25|12|1608663|12140619|72104|1197093|2.78|10|1.23|18|125|73|1250.0
202409|ADM|41|44130|11200000|부산|성남시|역삼동|4711000000|서초1동|1|65|2|1|7|1945|292|292|465|34187|2393.0|1431.0|785.0|177.0|2228|1416|663|698756.0|417852.0|229220.0|51684.0|2956096|348191|20566|442212|63|139|44|20|3716652|5643350|4720146|626056|5.45|14|1.15|115|43|279|602.0
202409|ADM|47|41150|47110000|부산|서초구|인계동|4115000000|역삼1가|2|20|0|1|1|380|53|53|916|76407|717.0|247.0|240.0|230.0|678|206|235|38001.0|13091.0|12720.0|12190.0|3038446|2493577|148525|242974|14|22|12|2|5522048|14196566|4636464|1247996|6.29|2|1.48|153|461|99|922.0
202409|CNTY_GU|45|42110|26110000|부산|수원시|인계동|1111000000|서초1동|2|20|3|1|9|121|114|114|232|73323|26281.0|11788.0|6739.0|7754.0|19334|10620|5216|2996034.0|1343832.0|768246.0|883956.0|306659|1986375|333478|56493|20|65|29|1|4054994|4199864|1624381|108020|7.63|14|3.62|108|171|332|2394.0
202409|ADM|42|41110|11200000|부산|강남구|인계동|4511000000|역삼1가|1|65|0|1|1|1550|63|63|315|86119|38926.0|30502.0|13680.0|0.0|38654|24179|13580|2452338.0|1921626.0|861840.0|0.0|3458932|1540351|469195|1229|18|32|8|1|927566|5046785|258693|1489995|5.54|6|3.4|71|114|30|684.0
202409|PRVNC|46|43110|41110000|서울|강남구|인계동|4511000000|인계동|1|65|0|1|7|1318|430|430|112|39435|49787.0|22186.0|17640.0|9961.0|42612|19417|15795|21408410.0|9539980.0|7585200.0|4283230.0|1328060|1382076|344611|352501|71|208|47|37|1115070|14242784|4254397|889361|7.76|48|3.14|77|202|368|9696.0
202409|ADM|11|26140|46110000|경기|서초구|역삼동|4413000000|인계동|1|65|0|1|3|422|4|4|424|87049|49997.0|34947.0|16129.0|0.0|47141|30101|13325|199988.0|139788.0|64516.0|0.0|2057957|2357097|611597|180676|0|2|0|0|1784416|4678599|910102|1199911|5.72|0|3.28|81|0|421|0.0
202409|ADM|47|44130|42110000|서울|서초구|인계동|2614000000|역삼1가|1|45|1|2|9|1117|418|418|658|38643|14173.0|8891.0|4829.0|453.0|11132|8765|3795|5924314.0|3716438.0|2018522.0|189354.0|1755656|2757216|21489|268202|46|246|43|34|8746257|2395661|1511828|1679351|2.21|45|3.98|105|485|415|21825.0
202409|CNTY_GU|11|42110|42110000|부산|성남시|서초동|4511000000|인계동|2|30|3|1|6|1954|290|290|116|70158|20337.0|15659.0|2775.0|1903.0|14710|13655|2059|5897730.0|4541110.0|804750.0|551870.0|4089754|64420|374827|109671|41|165|64|10|1854842|4115486|2970661|1951194|4.65|15|3.91|5|307|354|4605.0
202409|ADM|44|11170|28110000|경기|강남구|인계동|2811000000|서초1동|1|55|3|2|9|384|445|445|662|78699|4842.0|3337.0|908.0|597.0|3580|2808|760|2154690.0|1484965.0|404060.0|265665.0|4145818|2284441|801481|138459|103|264|90|12|911360|13546369|2558057|1693238|3.31|29|1.03|49|16|53|464.0
202409|PRVNC|41|43110|41150000|경기|성남시|역삼동|4111000000|인계동|2|40|1|1|2|648|419|419|897|72509|8332.0|3069.0|3201.0|2062.0|8092|2368|3020|3491108.0|1285911.0|1341219.0|863978.0|4344904|655492|232008|441162|85|169|102|21|5866859|13738173|3177235|1849309|2.55|18|2.53|109|442|216|7956.0
202409|ADM|43|43110|41150000|대구|서초구|역삼동|4111000000|서초1동|1|45|2|1|1|931|352|352|596|96117|28467.0|15026.0|3069.0|10372.0|26128|12759|2175|10020384.0|5289152.0|1080288.0|3650944.0|2243593|1207099|725214|403788|60|203|81|32|8972401|16839692|898643|1742371|5.53|4|4.28|36|472|347|1888.0
202409|ADM|41|42110|45110000|대구|성남시|서초동|4413000000|역삼1가|2|55|2|1|1|1983|446|446|862|57561|36995.0|27045.0|8276.0|1674.0|32441|25671|8082|16499770.0|12062070.0|3691096.0|746604.0|3982218|1617903|614176|236907|70|202|74|17|7319910|7594585|1047233|22096|4.73|5|4.86|178|398|33|1990.0
202409|ADM|46|47110|45110000|인천|서초구|역삼동|4413000000|인계동|1|30|1|1|3|128|105|105|543|72224|4249.0|2823.0|684.0|742.0|3464|2695|677|446145.0|296415.0|71820.0|77910.0|412231|2927018|886117|298767|19|52|16|5|1576113|554200|914760|321613|5.49|10|3.38|169|269|458|2690.0
202409|ADM|43|11200|11110000|인천|강남구|인계동|4211000000|역삼1가|2|45|1|1|9|989|436|436|80|19720|36035.0|18689.0|7882.0|9464.0|28136|18647|6318|15711260.0|8148404.0|3436552.0|4126304.0|4712259|136862|267275|36259|89|189|102|18|7900230|8494319|539268|544939|3.48|47|4.75|51|226|150|10622.0
202409|ADM|43|11200|11110000|인천|강남구|서초동|2811000000|인계동|1|50|1|1|8|1472|182|182|250|63361|17263.0|13264.0|4312.0|0.0|17257|10518|3841|3141866.0|2414048.0|784784.0|0.0|1825011|976139|394645|310613|47|86|19|7|2459696|10237926|4147526|206525|4.54|10|1.37|9|214|2|2140.0
202409|ADM|42|46110|45110000|서울|수원시|서초동|1120000000|서초1동|2|70|3|2|6|371|263|263|161|28857|15173.0|5942.0|4978.0|4253.0|11814|4796|4185|3990499.0|1562746.0|1309214.0|1118539.0|2472814|814139|23954|358449|61|146|52|6|7363831|15335101|1028463|304506|4.18|37|2.36|126|111|259|4107.0
202409|CNTY_GU|45|11200|46110000|서울|서초구|서초동|4511000000|역삼1가|1|55|1|1|2|647|4|4|602|22940|34082.0|14840.0|5503.0|13739.0|24522|12806|5432|136328.0|59360.0|22012.0|54956.0|589785|2220849|135450|200756|0|2|0|0|7231009|11197608|2848905|273704|3.53|0|3.56|99|0|462|0.0
202409|ADM|26|11170|11170000|인천|수원시|역삼동|1117000000|인계동|2|45|0|1|7|1710|325|325|876|18955|19443.0|10658.0|4107.0|4678.0|15275|10594|3484|6318975.0|3463850.0|1334775.0|1520350.0|2426780|2205738|460040|83461|38|194|34|22|6027381|1361650|4631694|1649324|7.72|45|3.15|104|71|321|3195.0
202409|CNTY_GU|44|41150|26110000|경기|성남시|역삼동|2614000000|인계동|1|25|3|2|6|1153|455|455|25|73883|21616.0|16941.0|8232.0|0.0|18434|12875|5967|9835280.0|7708155.0|3745560.0|0.0|1104881|1002611|583471|147581|48|232|108|25|137341|6187419|2065835|1736546|7.44|0|1.16|80|0|200|0.0
202409|PRVNC|41|44130|47110000|경기|성남시|인계동|4115000000|인계동|1|55|0|1|4|40|452|452|820|74204|45111.0|25523.0|12531.0|7057.0|43158|20224|11152|20390172.0|11536396.0|5664012.0|3189764.0|4446680|1802918|490713|41084|108|252|77|6|8867848|11752982|3088767|1645821|3.86|42|2.11|8|302|301|12684.0
202409|CNTY_GU|27|41130|41130000|대구|수원시|서초동|2614000000|서초1동|2|65|3|1|4|112|440|440|540|68138|11813.0|6806.0|2714.0|2293.0|8316|6010|2085|5197720.0|2994640.0|1194160.0|1008920.0|4888121|1318807|226828|467959|69|205|113|7|8905738|4171265|396740|1536976|7.68|30|3.79|21|290|122|8700.0
202409|CNTY_GU|42|28110|11110000|대구|성남시|서초동|1111000000|역삼1가|2|70|2|1|3|1561|142|142|374|72616|33300.0|12897.0|6818.0|13585.0|27179|12250|5217|4728600.0|1831374.0|968156.0|1929070.0|2433325|1994343|838858|488420|21|83|17|12|9794382|14959928|2694231|1583387|3.78|20|3.97|142|492|143|9840.0
202409|ADM|26|45110|47110000|서울|수원시|역삼동|4511000000|인계동|2|60|2|1|7|1417|258|258|298|96483|47033.0|16551.0|13022.0|17460.0|39591|13189|11168|12134514.0|4270158.0|3359676.0|4504680.0|4553019|1704602|391543|107218|45|143|74|20|118709|8000810|2689530|1090782|6.69|25|1.49|57|221|116|5525.0
202409|CNTY_GU|47|45110|46110000|대구|수원시|인계동|2711000000|역삼1가|1|45|3|1|4|1213|257|257|23|37671|10938.0|6970.0|3267.0|701.0|10832|5590|3003|2811066.0|1791290.0|839619.0|180157.0|739993|1034229|974982|219052|30|109|69|7|8205769|18213187|2799161|1355807|7.93|25|2.82|62|21|22|525.0
202409|CNTY_GU|41|47110|41110000|서울|성남시|서초동|2711000000|역삼1가|2|55|1|2|7|1247|69|69|486|56083|6665.0|3205.0|1659.0|1801.0|5755|2794|1375|459885.0|221145.0|114471.0|124269.0|1794190|2045941|624566|340806|12|35|6|5|4622161|14325739|995102|936248|2.41|3|4.76|173|25|427|75.0
202409|CNTY_GU|27|11140|42110000|인천|수원시|서초동|1120000000|인계동|1|35|2|1|6|166|385|385|475|62885|40077.0|22004.0|7427.0|10646.0|32345|15468|6206|15429645.0|8471540.0|2859395.0|4098710.0|4799732|1194217|355482|96659|42|184|94|8|3893688|19764237|3077142|1708094|4.39|29|4.05|165|92|421|2668.0
202409|ADM|41|28110|47110000|대구|서초구|인계동|1111000000|서초1동|2|35|3|1|9|809|405|405|372|67486|30802.0|10208.0|4909.0|15685.0|26576|9202|4306|12474810.0|4134240.0|1988145.0|6352425.0|3043671|2318824|433165|69147|93|188|62|35|6315939|465823|1541764|275365|4.29|16|2.59|52|47|50|752.0
202409|CNTY_GU|11|41110|11200000|경기|수원시|역삼동|4211000000|서초1동|2|45|1|1|1|1701|52|52|712|13225|34820.0|14562.0|9951.0|10307.0|25910|11638|8442|1810640.0|757224.0|517452.0|535964.0|4520726|1750235|868138|376647|5|27|11|3|2436464|14458874|2509519|422971|3.52|1|1.2|173|225|250|225.0
202409|CNTY_GU|45|47110|11110000|부산|성남시|역삼동|4115000000|서초1동|2|45|0|2|10|438|37|37|413|63832|44281.0|13934.0|11000.0|19347.0|43451|11183|8167|1638397.0|515558.0|407000.0|715839.0|1727949|1730837|707516|233130|4|17|10|1|4845714|8218362|2087692|254094|7.3|1|4.11|153|251|264|251.0
202409|CNTY_GU|43|26140|41150000|대구|강남구|역삼동|2611000000|서초1동|1|35|2|2|6|1807|211|211|524|49532|35682.0|14080.0|9331.0|12271.0|26340|10815|6961|7528902.0|2970880.0|1968841.0|2589181.0|1292069|534520|704092|25189|41|121|36|13|7917537|6474740|3531871|225371|7.61|26|4.69|15|58|49|1508.0
202409|CNTY_GU|45|27110|43110000|인천|수원시|역삼동|4113000000|인계동|1|70|2|2|5|1395|37|37|693|34529|34766.0|16278.0|10047.0|8441.0|25262|12245|7750|1286342.0|602286.0|371739.0|312317.0|4924186|412802|663110|127807|6|20|10|2|5571403|4801120|3522281|1489915|5.42|0|2.99|177|0|108|0.0
202409|ADM|26|11170|11110000|인천|성남시|역삼동|2614000000|인계동|2|60|0|1|5|1415|321|321|369|63696|5934.0|2750.0|1997.0|1187.0|4193|2388|1741|1904814.0|882750.0|641037.0|381027.0|735212|1396575|489974|331149|75|187|34|11|7848296|4812401|557037|682103|4.32|27|3.65|61|128|89|3456.0
202409|CNTY_GU|26|11200|11170000|서울|성남시|역삼동|4311000000|역삼1가|1|40|2|1|7|22|161|161|797|54010|40304.0|17109.0|10124.0|13071.0|37786|15503|9199|6488944.0|2754549.0|1629964.0|2104431.0|1125034|889655|10719|182698|41|85|19|14|3226454|12659560|1047481|516929|7.54|6|3.46|61|191|74|1146.0
202409|ADM|47|41110|43110000|서울|서초구|인계동|2711000000|서초1동|2|40|0|1|1|1935|40|40|343|84144|35461.0|22754.0|6851.0|5856.0|25664|22674|5810|1418440.0|910160.0|274040.0|234240.0|2071581|81868|586775|494116|8|21|7|2|1464695|5446804|1744341|1871295|5.94|5|4.84|59|469|239|2345.0
202409|ADM|27|11170|45110000|경기|강남구|인계동|2611000000|서초1동|1|50|3|2|1|1561|234|234|622|81650|13703.0|10767.0|4975.0|0.0|9884|10628|4656|3206502.0|2519478.0|1164150.0|0.0|1848038|149222|389740|12110|62|109|45|15|2264801|8499015|152902|1942218|5.67|0|2.8|53|0|272|0.0
202409|ADM|44|43110|44130000|부산|서초구|인계동|4311000000|서초1동|1|30|0|2|3|1739|221|221|367|45692|24972.0|14330.0|4941.0|5701.0|22351|12647|4791|5518812.0|3166930.0|1091961.0|1259921.0|277412|1391897|846540|323875|53|90|36|6|7711256|19046524|4129350|891316|5.56|23|3.4|78|80|207|1840.0
202409|CNTY_GU|27|11170|45110000|인천|수원시|인계동|4413000000|서초1동|2|50|0|1|3|1228|419|419|610|31902|3706.0|1831.0|1252.0|623.0|2860|1415|1055|1552814.0|767189.0|524588.0|261037.0|4536859|2688716|364237|486784|89|229|122|0|2277860|18133149|408415|165945|2.49|42|2.26|106|293|383|12306.0
202409|CNTY_GU|45|28110|26110000|부산|성남시|인계동|2611000000|역삼1가|1|60|0|1|9|287|262|262|906|54132|28060.0|21000.0|10222.0|0.0|23257|16178|8323|7351720.0|5502000.0|2678164.0|0.0|593588|835366|415014|422707|77|107|30|17|53698|12786661|4942951|1120146|2.56|23|3.83|108|155|377|3565.0
202409|ADM|42|42110|26140000|경기|수원시|역삼동|2811000000|인계동|1|65|1|2|4|1602|158|158|316|20158|48267.0|27954.0|4826.0|15487.0|43446|24128|4428|7626186.0|4416732.0|762508.0|2446946.0|4874578|821213|494719|457452|27|69|41|15|7540527|8773492|1968737|120073|4.21|2|2.98|74|25|309|50.0
202409|ADM|44|47110|11140000|부산|성남시|인계동|4711000000|서초1동|2|25|1|1|1|457|156|156|813|85842|30032.0|9351.0|11344.0|9337.0|21766|7297|8175|4684992.0|1458756.0|1769664.0|1456572.0|3730829|2292837|512272|296165|44|63|35|14|5144382|19565106|716447|443174|4.85|14|3.82|57|493|178|6902.0
202409|ADM|45|27110|44130000|대구|강남구|인계동|1120000000|서초1동|1|60|3|1|6|348|482|482|783|58448|34842.0|23950.0|9694.0|1198.0|25829|19121|6828|16793844.0|11543900.0|4672508.0|577436.0|2454041|604945|180789|399034|118|247|136|2|7619774|7969874|1225440|799457|6.41|45|3.51|65|220|4|9900.0
202409|ADM|47|28110|11110000|서울|강남구|역삼동|2614000000|역삼1가|1|60|1|2|1|1454|32|32|981|73121|40863.0|20589.0|7447.0|12827.0|36903|16021|5777|1307616.0|658848.0|238304.0|410464.0|4975682|322703|612092|193925|4|16|9|2|6328046|14778689|2017023|1488556|7.82|3|2.7|123|342|254|1026.0
202409|ADM|11|11140|27110000|인천|서초구|서초동|2611000000|서초1동|2|30|1|2|9|590|467|467|691|57205|21064.0|8439.0|6838.0|5787.0|15998|7652|5069|9836888.0|3941013.0|3193346.0|2702529.0|3831662|641430|400975|426012|82|239|93|41|5167617|5699822|294365|432704|6.56|20|3.48|32|342|480|6840.0
202409|ADM|27|42110|11200000|부산|서초구|역삼동|4115000000|서초1동|2|30|0|1|10|462|283|283|283|33327|24521.0|11506.0|7045.0|5970.0|22829|9889|5686|6939443.0|3256198.0|1993735.0|1689510.0|176903|2006988|841136|110430|47|116|50|5|1278064|2668470|4521028|1238273|7.22|38|2.78|148|302|191|11476.0
202409|ADM|45|41130|27110000|부산|수원시|역삼동|4511000000|역삼1가|2|60|1|1|7|1018|223|223|29|75067|38723.0|26373.0|10203.0|2147.0|29265|24182|8802|8635229.0|5881179.0|2275269.0|478781.0|593092|1193508|781018|166561|49|118|45|9|6643470|17520366|504025|1331984|7.63|1|4.39|144|284|318|284.0
202409|ADM|47|42110|28110000|인천|서초구|서초동|4311000000|서초1동|1|35|0|2|4|1300|449|449|703|48687|43505.0|29608.0|17231.0|0.0|34740|26770|16261|19533745.0|13293992.0|7736719.0|0.0|3922497|1479679|483287|389068|99|180|82|41|5252754|17982603|3152255|593342|5.79|25|4.49|147|170|385|4250.0
202409|CNTY_GU|26|44130|11170000|대구|강남구|인계동|4413000000|서초1동|1|30|0|1|10|1146|179|179|357|70449|20215.0|9246.0|7112.0|3857.0|17263|6597|7076|3618485.0|1655034.0|1273048.0|690403.0|3132291|2746086|245806|273334|28|85|20|1|2310559|16503849|2715716|6902|4.12|9|2.6|163|299|354|2691.0
202409|CNTY_GU|27|46110|41110000|서울|강남구|역삼동|4511000000|인계동|1|40|0|1|6|354|429|429|346|99201|12044.0|5468.0|1727.0|4849.0|10669|5187|1304|5166876.0|2345772.0|740883.0|2080221.0|1974492|2034988|466700|122833|89|188|122|33|5287178|18710832|374148|1327078|5.23|43|1.03|43|83|48|3569.0
202409|CNTY_GU|42|44130|41130000|서울|수원시|역삼동|1120000000|인계동|1|25|0|2|2|1119|3|3|103|39885|8440.0|5763.0|2707.0|0.0|6764|4952|2178|25320.0|17289.0|8121.0|0.0|630780|1020661|229718|479323|0|1|0|0|371875|14023615|3546130|1852954|2.33|0|1.08|94|0|74|0.0
202409|CNTY_GU|26|45110|45110000|인천|서초구|인계동|4111000000|서초1동|1|40|1|1|3|1258|35|35|833|10554|8442.0|5025.0|2394.0|1023.0|7043|4547|2172|295470.0|175875.0|83790.0|35805.0|3717519|1155526|342453|327299|7|18|8|1|3422308|17430314|3155662|1910296|4.58|4|1.25|29|65|98|260.0
202409|PRVNC|45|26140|41110000|서울|강남구|서초동|4413000000|서초1동|2|60|1|1|6|1576|268|268|405|70923|16909.0|10845.0|6055.0|9.0|15210|9178|4936|4531612.0|2906460.0|1622740.0|2412.0|3713149|1005755|699690|440809|41|160|55|0|4529922|11358921|782595|1142136|7.93|28|2.51|22|395|226|11060.0
202409|PRVNC|27|11200|11170000|부산|서초구|서초동|2611000000|서초1동|2|65|0|1|7|1377|127|127|84|25177|38653.0|28853.0|4621.0|5179.0|31290|23982|3649|4908931.0|3664331.0|586867.0|657733.0|3219242|2509931|246057|443469|35|57|12|7|1212191|4983620|707496|1088011|5.46|18|2.02|60|232|278|4176.0
202409|CNTY_GU|26|26140|41150000|인천|강남구|인계동|1114000000|역삼1가|1|35|0|1|9|1433|6|6|313|14605|11631.0|9183.0|4385.0|0.0|8607|6609|3504|69786.0|55098.0|26310.0|0.0|2116089|1454995|759596|280301|0|2|0|0|7012437|12430890|4059544|1016319|6.55|0|4.96|127|0|479|0.0
202409|CNTY_GU|44|41150|26140000|인천|강남구|역삼동|4413000000|역삼1가|1|40|1|1|5|745|300|300|296|30270|2479.0|978.0|949.0|552.0|2316|747|740|743700.0|293400.0|284700.0|165600.0|3118091|80450|344453|220024|41|164|41|14|4842432|5224009|170399|1608827|2.13|13|3.47|52|428|395|5564.0
202409|ADM|46|45110|11110000|서울|강남구|역삼동|4111000000|역삼1가|1|40|0|2|2|1117|336|336|438|57972|21764.0|9373.0|6051.0|6340.0|20520|7041|5372|7312704.0|3149328.0|2033136.0|2130240.0|1526463|2862554|948842|92695|80|140|53|21|5884720|35893|375886|866086|6.68|8|1.95|162|482|265|3856.0
202409|ADM|42|28110|11200000|부산|성남시|역삼동|2611000000|서초1동|1|25|3|2|7|1272|475|475|878|46104|20386.0|15529.0|6343.0|0.0|15342|12695|5460|9683350.0|7376275.0|3012925.0|0.0|4321358|577121|243112|396882|133|254|133|23|139745|2307361|1582453|1186777|3.52|15|3.22|109|123|358|1845.0
202409|ADM|44|26140|43110000|대구|수원시|서초동|4611000000|서초1동|2|30|1|1|3|1132|71|71|808|64620|30547.0|19624.0|11604.0|0.0|27856|16610|10488|2168837.0|1393304.0|823884.0|0.0|4849640|2049140|414505|218478|17|31|15|4|540765|11437126|3388560|337818|3.58|10|1.01|150|417|166|4170.0
202409|ADM|41|41110|41150000|부산|서초구|서초동|1114000000|서초1동|2|50|0|1|3|1322|437|437|240|53945|34510.0|23078.0|12574.0|0.0|25521|16515|12112|15080870.0|10085086.0|5494838.0|0.0|4789212|2239439|593685|312241|123|227|55|7|506310|16234990|3747101|788778|6.1|56|2.24|84|311|234|17416.0
202409|CNTY_GU|42|28110|11200000|서울|성남시|역삼동|4511000000|서초1동|1|60|1|1|4|256|469|469|958|20891|41749.0|15035.0|11889.0|14825.0|38211|10661|9921|19580281.0|7051415.0|5575941.0|6952925.0|4911756|990795|62210|21283|60|268|105|36|5113568|18801403|3111160|20457|6.74|8|1.24|8|342|77|2736.0
202409|ADM|26|41150|26110000|부산|서초구|인계동|4113000000|서초1동|1|65|1|1|5|1187|149|149|747|58340|44707.0|30985.0|5471.0|8251.0|35038|21992|4209|6661343.0|4616765.0|815179.0|1229399.0|3018604|250582|250680|11945|33|89|15|9|1235319|11209177|4501007|1453753|2.0|4|2.53|20|347|371|1388.0
202409|CNTY_GU|47|42110|45110000|대구|강남구|서초동|4611000000|서초1동|2|70|0|2|3|1273|312|312|675|39094|29078.0|21838.0|5705.0|1535.0|21521|16299|4552|9072336.0|6813456.0|1779960.0|478920.0|3917752|2300957|841737|193539|88|153|75|22|7437373|5072288|687883|1222385|2.6|44|3.49|51|352|203|15488.0
202409|PRVNC|41|27110|41110000|경기|수원시|서초동|2811000000|인계동|2|45|3|2|6|164|28|28|901|29273|46037.0|14248.0|17607.0|14182.0|39960|14037|17483|1289036.0|398944.0|492996.0|397096.0|694716|2761708|79038|421229|7|13|6|1|8256608|16335608|4488464|599172|6.72|2|1.75|60|463|201|926.0
202409|CNTY_GU|27|44130|11140000|경기|성남시|서초동|1114000000|역삼1가|2|55|0|2|2|499|341|341|180|21681|19487.0|14982.0|7378.0|0.0|19322|13703|6629|6645067.0|5108862.0|2515898.0|0.0|872725|101691|67474|300438|98|172|62|11|9096467|18442568|1033501|1074312|7.92|1|3.44|51|352|66|352.0
202409|ADM|44|43110|28110000|부산|서초구|인계동|2611000000|역삼1가|2|30|0|1|9|853|477|477|841|29549|10406.0|5755.0|2347.0|2304.0|9419|4964|1698|4963662.0|2745135.0|1119519.0|1099008.0|3802565|1399229|570289|265188|116|229|51|19|1205399|5347745|4254598|911419|6.27|67|3.56|178|264|135|17688.0
202409|CNTY_GU|46|45110|26140000|인천|서초구|인계동|4115000000|인계동|1|40|0|1|8|1671|275|275|96|18163|6042.0|4300.0|2291.0|0.0|4474|3567|1674|1661550.0|1182500.0|630025.0|0.0|1380750|2014215|683363|312076|31|149|43|21|6376004|15691291|4519977|254400|7.88|13|2.16|149|303|28|3939.0
202409|PRVNC|11|27110|41150000|서울|수원시|역삼동|4113000000|인계동|1|40|3|2|4|1084|144|144|690|28050|13189.0|9235.0|5270.0|0.0|10968|8293|4870|1899216.0|1329840.0|758880.0|0.0|614331|1535206|919837|464582|19|70|25|9|7266623|9873694|2827617|232983|6.85|4|1.08|178|459|15|1836.0
202409|CNTY_GU|44|45110|42110000|경기|성남시|서초동|4111000000|인계동|2|20|3|2|1|386|328|328|555|82632|23832.0|11703.0|7643.0|4486.0|18451|8930|7300|7816896.0|3838584.0|2506904.0|1471408.0|387698|1079266|425689|358781|36|189|47|3|3408055|16531884|3810470|23207|7.97|30|3.18|107|480|123|14400.0
202409|CNTY_GU|43|47110|42110000|대구|강남구|서초동|4111000000|역삼1가|1|30|3|1|5|240|191|191|320|44184|46742.0|34639.0|17382.0|0.0|35364|29201|13133|8927722.0|6616049.0|3319962.0|0.0|3828829|1535305|24380|485671|33|87|25|16|3298006|12600542|3958900|312313|4.67|3|4.15|12|341|44|1023.0
202409|CNTY_GU|43|11170|41150000|부산|강남구|역삼동|4413000000|인계동|2|65|1|1|8|1789|374|374|79|92578|40865.0|29083.0|9801.0|1981.0|36505|23772|9432|15283510.0|10877042.0|3665574.0|740894.0|3280046|2482053|624441|34008|37|179|85|29|9537255|8104179|3682964|148408|3.31|28|3.78|18|392|273|10976.0
202409|CNTY_GU|47|41110|26140000|경기|강남구|서초동|4111000000|인계동|1|45|0|1|7|483|254|254|879|11596|3628.0|1884.0|506.0|1238.0|3081|1386|366|921512.0|478536.0|128524.0|314452.0|1413724|2658886|563524|355706|35|137|71|20|8953700|8135827|1618622|607934|4.94|8|1.41|8|398|257|3184.0
202409|ADM|45|43110|28110000|경기|서초구|인계동|1114000000|역삼1가|1|65|3|2|6|1776|497|497|855|57450|29683.0|10011.0|10601.0|9071.0|28938|8160|8179|14752451.0|4975467.0|5268697.0|4508287.0|3267788|371174|642418|307508|145|290|54|30|5369999|1234314|4073173|1709988|4.89|10|1.64|37|432|133|4320.0
202409|CNTY_GU|43|44130|27110000|대구|성남시|서초동|1117000000|역삼1가|2|40|3|2|3|190|396|396|924|63620|36812.0|13198.0|13037.0|10577.0|33618|10079|9202|14577552.0|5226408.0|5162652.0|4188492.0|67407|2039069|752820|155196|73|221|95|2|1983362|10820855|778459|1794692|5.15|50|1.77|125|94|318|4700.0
202409|ADM|43|45110|26110000|서울|성남시|역삼동|4711000000|인계동|2|65|0|1|1|1682|275|275|238|83422|39104.0|20456.0|4361.0|14287.0|30868|18459|4133|10753600.0|5625400.0|1199275.0|3928925.0|995104|1009438|44174|401644|79|140|34|18|7776243|3098417|3946203|987115|3.49|4|3.82|157|159|243|636.0
202409|ADM|44|11110|47110000|경기|성남시|역삼동|4511000000|서초1동|2|50|2|1|6|685|270|270|507|28287|33437.0|13665.0|3641.0|16131.0|28754|11882|3198|9027990.0|3689550.0|983070.0|4355370.0|3153893|376212|837380|11041|70|109|53|2|3725281|7921944|2781207|637564|5.82|35|3.85|63|236|158|8260.0
202409|CNTY_GU|47|27110|11170000|서울|서초구|인계동|1114000000|인계동|1|20|0|1|7|309|262|262|183|47308|42052.0|20742.0|12122.0|9188.0|29718|20124|10734|11017624.0|5434404.0|3175964.0|2407256.0|4445251|1599048|978635|364504|74|116|36|4|1804761|2868872|2102650|805099|2.77|5|1.57|22|154|142|770.0
202409|ADM|44|41150|41130000|부산|수원시|인계동|4115000000|인계동|1|55|0|1|2|1782|233|233|598|83658|28725.0|17096.0|9040.0|2589.0|25973|12769|7484|6692925.0|3983368.0|2106320.0|603237.0|1557741|1830588|994822|187517|38|107|62|6|9720393|16010859|2873284|651648|3.67|11|4.39|123|27|100|297.0
202409|ADM|41|41110|11170000|경기|서초구|서초동|2711000000|서초1동|2|40|1|2|5|1869|494|494|749|69084|38839.0|18950.0|7848.0|12041.0|38226|17644|6460|19186466.0|9361300.0|3876912.0|5948254.0|3025247|2983015|364929|97525|142|224|58|0|1221124|3756302|1240297|1551177|4.87|63|2.04|57|283|156|17829.0
202409|CNTY_GU|41|44130|26110000|서울|수원시|인계동|2711000000|서초1동|1|30|1|2|6|91|42|42|291|88670|28428.0|20077.0|3864.0|4487.0|21659|19064|3259|1193976.0|843234.0|162288.0|188454.0|2581754|1112690|308134|395544|6|17|8|2|425305|18708390|2392239|1972309|4.69|4|4.16|35|33|2|132.0
202409|CNTY_GU|41|27110|11200000|경기|수원시|서초동|4211000000|서초1동|1|50|0|1|1|1650|241|241|116|42851|9159.0|5811.0|2588.0|760.0|8678|5040|2575|2207319.0|1400451.0|623708.0|183160.0|72025|348402|594050|150501|34|141|46|20|5997189|7073808|2428662|1646364|5.4|18|2.18|61|437|51|7866.0
202409|ADM|45|11140|28110000|인천|수원시|역삼동|4413000000|인계동|1|30|2|1|4|762|463|463|917|15068|39264.0|24069.0|9714.0|5481.0|31216|22141|8119|18179232.0|11143947.0|4497582.0|2537703.0|2925972|158653|464497|399874|121|251|118|36|5353560|14794895|2468872|834954|3.01|55|3.44|63|311|311|17105.0
202409|ADM|41|26110|45110000|부산|강남구|역삼동|4111000000|서초1동|1|55|3|1|9|1865|424|424|621|38432|11334.0|5565.0|2400.0|3369.0|10189|5509|1842|4805616.0|2359560.0|1017600.0|1428456.0|4401963|1534087|543433|95178|122|229|112|10|798122|16467798|39290|1018085|5.93|44|4.48|82|126|119|5544.0
202409|CNTY_GU|43|11110|41110000|서울|서초구|역삼동|2711000000|역삼1가|2|50|1|2|7|1154|277|277|158|13959|18548.0|5872.0|4706.0|7970.0|17945|4958|4037|5137796.0|1626544.0|1303562.0|2207690.0|3855224|2283321|952247|84479|32|155|64|25|8148191|10265604|32331|339225|6.39|6|4.82|130|256|463|1536.0
202409|ADM|27|11170|44130000|경기|강남구|인계동|4113000000|서초1동|1|30|1|1|7|913|391|391|178|31718|5950.0|2537.0|1667.0|1746.0|5284|1895|1539|2326450.0|991967.0|651797.0|682686.0|3797010|976865|485222|493071|47|169|50|4|5616211|1278271|3248329|46221|6.02|12|1.89|176|69|304|828.0
202409|CNTY_GU|46|45110|47110000|경기|서초구|서초동|4611000000|인계동|2|30|2|1|5|1158|29|29|25|65136|14081.0|11055.0|5166.0|0.0|10060|8276|3722|408349.0|320595.0|149814.0|0.0|3790168|1558811|447037|411620|8|16|4|1|8430928|15424802|3415838|1837331|5.4|0|3.04|154|0|451|0.0
202409|ADM|11|28110|11170000|대구|성남시|역삼동|4311000000|역삼1가|2|50|3|1|6|400|285|285|440|54165|11829.0|5061.0|3403.0|3365.0|10523|4440|3122|3371265.0|1442385.0|969855.0|959025.0|1346932|306770|44834|244285|69|143|31|12|5409752|5344788|2081299|1815457|3.99|8|1.37|29|312|22|2496.0
202409|CNTY_GU|27|47110|44130000|대구|성남시|인계동|1114000000|서초1동|2|55|0|2|9|397|3|3|516|56773|17312.0|10679.0|3751.0|2882.0|12537|10386|3610|51936.0|32037.0|11253.0|8646.0|263691|1687765|56330|95925|0|1|0|0|4158380|13914366|1694197|1725187|5.96|0|2.68|68|0|205|0.0
202409|ADM|11|41110|41110000|서울|수원시|서초동|2611000000|역삼1가|2|65|2|2|7|1945|68|68|11|21935|37929.0|12419.0|14768.0|10742.0|29118|12244|13869|2579172.0|844492.0|1004224.0|730456.0|246884|1614368|59706|420678|20|30|15|3|1879016|7126347|2683841|290331|2.17|10|2.88|67|403|349|4030.0
202409|CNTY_GU|41|42110|41130000|서울|성남시|서초동|4711000000|서초1동|2|65|3|1|8|465|172|172|894|93159|17930.0|6336.0|3333.0|8261.0|13109|5363|3005|3083960.0|1089792.0|573276.0|1420892.0|3213323|401618|479721|66200|49|77|29|12|7254669|18161015|784184|1392386|7.36|8|2.76|87|98|340|784.0
202409|ADM|42|26110|11200000|경기|강남구|역삼동|4611000000|인계동|2|65|1|2|6|682|356|356|19|23066|39653.0|16881.0|10301.0|12471.0|28997|13221|9943|14116468.0|6009636.0|3667156.0|4439676.0|1309753|2385170|306432|165041|89|203|84|9|4872839|14431430|2813249|670710|2.87|52|3.25|147|279|229|14508.0
202409|CNTY_GU|44|41130|26140000|경기|강남구|인계동|4115000000|인계동|1|20|2|1|1|717|124|124|287|23833|35985.0|28316.0|11544.0|0.0|35305|28289|8474|4462140.0|3511184.0|1431456.0|0.0|1732202|824438|213047|232669|36|51|20|7|7818375|19925149|1829956|396769|4.03|0|2.15|145|0|295|0.0
202409|PRVNC|42|41110|11170000|대구|성남시|역삼동|4511000000|서초1동|1|60|2|1|4|467|378|378|688|60960|38864.0|26660.0|11034.0|1170.0|31185|21588|9918|14690592.0|10077480.0|4170852.0|442260.0|3736522|473927|980831|146107|54|167|45|35|7869214|8638467|465957|1474781|4.27|40|3.03|127|215|242|8600.0
202409|CNTY_GU|43|26110|11140000|서울|성남시|역삼동|1117000000|역삼1가|1|60|0|1|5|1063|473|473|27|22953|609.0|316.0|175.0|118.0|584|314|165|288057.0|149468.0|82775.0|55814.0|3682532|1770399|806286|474527|113|206|128|33|7417280|3862374|4546331|1271636|6.9|3|2.36|156|269|467|807.0
202409|ADM|46|45110|11110000|서울|성남시|서초동|4113000000|인계동|1|30|0|1|1|1103|227|227|406|32888|37745.0|25278.0|8989.0|3478.0|29830|19760|8083|8568115.0|5738106.0|2040503.0|789506.0|135712|2638588|150237|402622|25|129|49|3|899181|3524489|4670184|1518415|6.68|8|1.67|161|490|108|3920.0
202409|PRVNC|41|41130|45110000|인천|강남구|역삼동|2614000000|역삼1가|2|50|2|1|5|1240|127|127|306|38082|6799.0|5077.0|730.0|992.0|4810|4377|719|863473.0|644779.0|92710.0|125984.0|148900|794542|877912|286246|30|67|24|0|9812680|8719199|1652479|1900056|4.57|0|3.75|165|0|386|0.0
202409|PRVNC|43|41110|26140000|경기|강남구|인계동|4611000000|서초1동|2|30|2|1|8|602|488|488|983|11291|408.0|151.0|103.0|154.0|319|130|80|199104.0|73688.0|50264.0|75152.0|4773528|2112453|753693|69273|93|270|125|17|2496535|15449390|1787381|627141|7.84|52|4.21|58|340|375|17680.0
202409|CNTY_GU|47|41110|11110000|인천|수원시|인계동|4611000000|역삼1가|2|20|0|1|1|485|443|443|827|77360|35752.0|22622.0|8868.0|4262.0|27963|19070|7800|15838136.0|10021546.0|3928524.0|1888066.0|4073668|2161979|757650|122380|113|188|82|13|4904507|5575559|1933646|860867|3.41|29|3.7|36|450|298|13050.0
202409|CNTY_GU|47|44130|26140000|서울|수원시|역삼동|4115000000|서초1동|1|50|0|1|8|1799|343|343|534|27944|35512.0|22890.0|4154.0|8468.0|26573|21515|3578|12180616.0|7851270.0|1424822.0|2904524.0|2440806|2313852|765826|403248|89|139|57|17|3063212|14353640|1244051|1365915|6.93|49|3.16|104|355|249|17395.0
202409|ADM|45|42110|11140000|부산|서초구|서초동|2711000000|인계동|2|50|0|2|2|371|112|112|168|68271|21737.0|9638.0|4914.0|7185.0|20076|7094|4076|2434544.0|1079456.0|550368.0|804720.0|3127465|2015003|453460|150236|11|63|21|0|9691338|10105923|1431712|1414780|3.28|11|3.33|35|187|325|2057.0
202409|CNTY_GU|43|11200|43110000|경기|강남구|서초동|1117000000|역삼1가|2|40|0|1|8|1669|149|149|127|61506|29454.0|23472.0|7648.0|0.0|26662|17134|7383|4388646.0|3497328.0|1139552.0|0.0|3358754|2667410|889079|365439|17|74|17|0|8425346|19374875|3398560|1653344|7.45|17|3.28|23|418|283|7106.0
202409|ADM|44|47110|47110000|대구|성남시|역삼동|4711000000|인계동|1|25|1|1|8|1123|313|313|14|96199|8481.0|5153.0|3320.0|8.0|7966|3788|2919|2654553.0|1612889.0|1039160.0|2504.0|1003738|2430867|416106|442761|55|151|66|12|7181993|7472970|2295235|262026|6.08|0|2.89|157|0|358|0.0
202409|CNTY_GU|41|45110|11140000|경기|수원시|역삼동|1120000000|인계동|1|70|0|1|6|1024|77|77|946|59085|36142.0|19422.0|9713.0|7007.0|25526|17947|8790|2782934.0|1495494.0|747901.0|539539.0|780091|2921832|692125|213838|21|33|7|3|7647158|5995035|2463168|956566|4.81|1|3.05|71|375|29|375.0
202409|ADM|26|11200|41130000|서울|강남구|역삼동|2811000000|역삼1가|2|55|0|1|7|444|155|155|959|62615|42647.0|12923.0|5875.0|23849.0|30591|11405|4284|6610285.0|2003065.0|910625.0|3696595.0|4050237|2990225|690541|84596|44|90|24|0|2454149|7103784|3777310|63307|6.37|8|4.94|104|430|135|3440.0
202409|ADM|42|45110|26140000|서울|성남시|역삼동|1120000000|역삼1가|2|45|0|1|9|1857|382|382|358|87537|35248.0|11276.0|10129.0|13843.0|35216|11247|8388|13464736.0|4307432.0|3869278.0|5288026.0|3642445|100673|432532|102829|105|195|85|21|385829|14765287|327633|1585127|7.39|9|2.2|107|190|378|1710.0
202409|CNTY_GU|26|11200|44130000|부산|서초구|역삼동|4711000000|서초1동|1|50|0|1|4|543|170|170|106|46025|41573.0|31656.0|9048.0|869.0|40122|25453|8863|7067410.0|5381520.0|1538160.0|147730.0|4046292|2318834|562118|448106|38|71|43|1|2247064|5462819|3372264|799784|3.58|13|1.42|36|462|389|6006.0
202409|CNTY_GU|46|11170|26110000|경기|수원시|서초동|2711000000|인계동|1|70|2|1|9|114|27|27|512|22688|31876.0|17281.0|10983.0|3612.0|22558|14128|8396|860652.0|466587.0|296541.0|97524.0|3674409|496018|43554|462943|4|14|3|2|9758777|6214626|4844090|915660|7.57|2|1.7|106|232|145|464.0
202409|CNTY_GU|11|45110|11110000|대구|강남구|서초동|1111000000|서초1동|2|40|3|1|7|298|347|347|702|73853|41899.0|19532.0|9464.0|12903.0|40440|16372|8927|14538953.0|6777604.0|3284008.0|4477341.0|4987857|350060|759826|171996|79|146|37|26|1706802|12600828|1893088|663771|2.7|6|3.97|144|26|115|156.0
202409|PRVNC|46|11110|27110000|부산|서초구|역삼동|4611000000|인계동|2|70|3|1|1|1112|485|485|810|30298|15312.0|5150.0|3033.0|7129.0|13743|4328|2464|7426320.0|2497750.0|1471005.0|3457565.0|3106795|1079349|868462|44031|76|230|71|23|2699219|5224359|3775563|503966|5.58|24|4.09|10|315|201|7560.0
202409|PRVNC|43|45110|11140000|경기|수원시|역삼동|4511000000|역삼1가|1|50|0|1|4|1029|245|245|72|93639|17489.0|5951.0|2660.0|8878.0|13210|5937|2208|4284805.0|1457995.0|651700.0|2175110.0|1090956|472355|661534|281310|37|113|35|10|7413661|18409411|1851844|613600|6.74|27|4.2|143|476|192|12852.0
202409|ADM|44|27110|43110000|경기|서초구|인계동|4413000000|인계동|1|70|0|1|7|570|276|276|282|92142|42783.0|23488.0|15875.0|3420.0|33257|22883|12125|11808108.0|6482688.0|4381500.0|943920.0|3686630|188369|476768|484000|41|132|59|2|8055557|8427146|2484367|561591|3.32|12|4.32|129|229|21|2748.0
202409|ADM|27|11140|26140000|경기|강남구|역삼동|1114000000|서초1동|1|20|1|1|10|384|91|91|427|33836|46630.0|26772.0|18215.0|1643.0|44668|21906|15735|4243330.0|2436252.0|1657565.0|149513.0|3218544|6535|532967|45173|25|46|22|0|6263225|18288110|925473|1729655|2.86|9|3.29|157|13|4|117.0
202409|ADM|47|11140|47110000|서울|강남구|역삼동|4115000000|서초1동|1|35|2|1|8|907|237|237|67|77286|48303.0|35199.0|18504.0|0.0|39107|29079|17613|11447811.0|8342163.0|4385448.0|0.0|2106688|1282254|966481|17090|25|100|62|14|4644544|7789526|1706335|395146|3.17|16|2.17|80|295|55|4720.0
202409|ADM|43|11170|46110000|경기|서초구|역삼동|1111000000|서초1동|1|25|1|2|1|1992|99|99|730|32344|10430.0|6645.0|1550.0|2235.0|7679|5271|1313|1032570.0|657855.0|153450.0|221265.0|4764349|506380|646466|182119|15|47|10|3|8016006|7451344|2179526|319463|6.79|1|3.67|102|316|149|316.0
202409|ADM|27|42110|28110000|인천|강남구|서초동|4511000000|서초1동|1|40|2|1|5|738|308|308|874|22068|46796.0|35428.0|5796.0|5572.0|34396|26266|5065|14413168.0|10911824.0|1785168.0|1716176.0|2479656|2152757|447218|127950|64|173|89|11|5781032|16473611|2876380|291499|6.81|36|1.69|93|412|172|14832.0
202409|ADM|46|41150|41130000|부산|서초구|서초동|4511000000|역삼1가|1|60|1|2|3|1391|347|347|233|19142|239.0|152.0|34.0|53.0|197|147|32|82933.0|52744.0|11798.0|18391.0|1414305|2952512|100234|413342|88|149|65|7|4206817|2737288|484375|105015|4.3|2|2.86|142|294|137|588.0
202409|ADM|47|11140|11110000|대구|강남구|서초동|2811000000|인계동|1|70|2|2|3|1389|45|45|686|80093|18929.0|10898.0|6838.0|1193.0|14948|10373|6133|851805.0|490410.0|307710.0|53685.0|581333|2275086|166423|468543|8|18|6|0|9910457|15689540|2732629|1970162|3.46|6|2.11|153|463|499|2778.0
202409|CNTY_GU|43|11200|42110000|경기|수원시|역삼동|1111000000|서초1동|2|70|0|2|7|1277|35|35|491|57002|44616.0|28297.0|10176.0|6143.0|36688|24028|8437|1561560.0|990395.0|356160.0|215005.0|2567638|1505531|481454|296595|8|18|10|3|4124066|14145081|2965514|333040|7.49|0|3.54|138|0|360|0.0
202409|CNTY_GU|42|46110|41130000|대구|서초구|서초동|2611000000|인계동|2|70|2|1|3|1189|423|423|213|39477|0.0|0.0|0.0|0.0|0|0|0|0.0|0.0|0.0|0.0|4657850|2508982|870626|187027|82|187|91|9|9584322|4071216|3693188|1931950|7.48|24|3.67|13|135|378|3240.0
202409|CNTY_GU|44|43110|28110000|경기|강남구|역삼동|1117000000|인계동|1|35|0|2|5|1037|380|380|787|68896|5212.0|3990.0|1209.0|13.0|3779|3957|1025|1980560.0|1516200.0|459420.0|4940.0|4948273|1575975|628623|420808|100|214|67|10|4545808|6215372|2734712|1854358|5.9|53|4.43|75|303|321|16059.0
202409|CNTY_GU|47|41110|44130000|부산|수원시|역삼동|1114000000|인계동|1|30|1|2|5|168|142|142|235|71306|24549.0|14959.0|8960.0|630.0|24338|10893|6559|3485958.0|2124178.0|1272320.0|89460.0|4139127|554386|495170|104154|40|79|23|2|4043213|16998552|2943868|1239994|7.57|19|2.41|167|389|72|7391.0
202409|ADM|27|41130|26110000|경기|성남시|인계동|1120000000|역삼1가|2|55|2|1|10|1780|322|322|561|93113|16113.0|12578.0|3669.0|0.0|15828|10317|3260|5188386.0|4050116.0|1181418.0|0.0|2808193|2675714|624907|98764|35|174|62|15|8315603|6788192|3907285|840305|5.31|19|1.1|134|469|163|8911.0
202409|ADM|26|42110|26110000|대구|강남구|서초동|2711000000|인계동|2|50|0|2|8|1880|4|4|760|22503|28135.0|12810.0|4713.0|10612.0|26149|9256|4211|112540.0|51240.0|18852.0|42448.0|120123|2296974|279714|77661|0|1|0|0|6227249|5205978|2929458|571908|3.67|0|3.55|25|0|248|0.0
202409|CNTY_GU|26|41150|11200000|경기|서초구|서초동|2811000000|서초1동|2|30|2|1|3|1688|48|48|603|52815|37642.0|18103.0|8839.0|10700.0|27570|13196|8350|1806816.0|868944.0|424272.0|513600.0|169038|1868391|34904|239470|9|23|12|3|321702|9473984|4909061|781774|7.05|3|2.7|106|40|92|120.0
202409|PRVNC|42|41150|28110000|대구|서초구|역삼동|4211000000|역삼1가|1|30|0|2|9|1919|421|421|909|95246|32709.0|23593.0|10349.0|0.0|30834|22893|7600|13770489.0|9932653.0|4356929.0|0.0|4882341|116486|543261|156045|84|190|83|20|3753512|2693030|4748971|196772|7.18|27|3.83|157|34|403|918.0
202409|ADM|46|26140|44130000|대구|강남구|서초동|4413000000|서초1동|1|35|1|1|7|1859|340|340|588|23919|46435.0|26796.0|14629.0|5010.0|44352|26578|10751|15787900.0|9110640.0|4973860.0|1703400.0|2552334|1770959|279476|404241|46|185|53|0|6844873|9025254|757596|1901947|2.7|11|1.92|157|462|323|5082.0
202409|PRVNC|43|28110|41130000|인천|성남시|역삼동|4413000000|역삼1가|2|35|0|1|5|324|441|441|385|21783|40978.0|14356.0|15880.0|10742.0|28853|13656|11215|18071298.0|6330996.0|7003080.0|4737222.0|3481096|1014838|505015|194934|76|230|129|36|5790249|10195727|325798|1411878|2.04|33|4.49|20|115|143|3795.0
202409|PRVNC|27|26140|42110000|대구|성남시|서초동|1120000000|서초1동|1|30|2|1|10|91|326|326|740|85662|0.0|0.0|0.0|0.0|0|0|0|0.0|0.0|0.0|0.0|93408|2515271|284075|352167|77|136|36|23|8965751|10365369|46581|1556412|2.56|16|2.36|46|482|366|7712.0
202409|CNTY_GU|46|11170|47110000|경기|성남시|서초동|2811000000|서초1동|1|35|2|1|10|49|185|185|951|54164|32448.0|18917.0|6255.0|7276.0|30481|14744|5359|6002880.0|3499645.0|1157175.0|1346060.0|4673810|2253923|2573|434568|51|101|31|6|527370|18966328|1185402|1066410|5.65|24|1.41|50|288|36|6912.0
202409|CNTY_GU|11|45110|11200000|대구|서초구|서초동|4511000000|인계동|1|55|3|1|6|424|260|260|504|21087|48689.0|15887.0|5830.0|26972.0|41788|15594|5143|12659140.0|4130620.0|1515800.0|7012720.0|1374077|1654205|902906|238244|76|109|65|10|6904890|2157269|3651640|1485288|6.76|17|1.68|32|152|206|2584.0
202409|PRVNC|27|11200|27110000|대구|서초구|역삼동|2611000000|서초1동|2|40|1|2|1|159|369|369|998|24818|2124.0|799.0|255.0|1070.0|1898|764|200|783756.0|294831.0|94095.0|394830.0|3507564|1565341|112635|406384|99|203|82|20|7083990|7193571|3285267|1780119|7.88|8|1.28|31|257|413|2056.0
202409|ADM|11|26140|47110000|인천|강남구|인계동|4511000000|서초1동|1|60|0|1|10|126|344|344|194|59435|31674.0|23017.0|11763.0|0.0|31630|16472|10338|10895856.0|7917848.0|4046472.0|0.0|1199621|1104011|884474|116624|92|199|42|17|7581678|14084634|1770202|1492074|5.6|7|4.33|97|495|102|3465.0
202409|PRVNC|27|41150|11110000|부산|수원시|인계동|1117000000|서초1동|1|45|3|2|8|1784|71|71|309|56443|30383.0|19106.0|8944.0|2333.0|26888|17056|8389|2157193.0|1356526.0|635024.0|165643.0|3220418|1243273|58635|488004|10|34|16|3|6826829|5429564|3209643|1589738|4.98|7|4.99|84|307|454|2149.0
202409|CNTY_GU|44|11110|42110000|부산|성남시|서초동|1117000000|인계동|2|70|3|2|5|637|204|204|736|92094|38357.0|13140.0|14827.0|10390.0|33182|12266|13640|7824828.0|2680560.0|3024708.0|2119560.0|2560815|84050|25930|168955|43|101|36|10|4784382|11185546|2685889|1091811|4.98|22|4.31|154|391|81|8602.0
202409|ADM|45|41130|43110000|경기|수원시|서초동|2711000000|서초1동|2|45|2|2|7|755|259|259|980|25546|5446.0|3238.0|1337.0|871.0|3884|2699|1013|1410514.0|838642.0|346283.0|225589.0|1813772|2539469|74181|457556|42|132|66|21|6667462|13849191|42593|773550|7.03|7|2.05|158|371|400|2597.0
202409|ADM|44|11200|41110000|인천|서초구|역삼동|2811000000|역삼1가|2|65|0|1|7|1163|455|455|318|16832|9904.0|6866.0|1032.0|2006.0|7732|6615|838|4506320.0|3124030.0|469560.0|912730.0|2931765|576636|263493|76698|86|253|72|43|7837884|18034583|4186954|85259|2.31|21|2.61|107|270|66|5670.0
202409|CNTY_GU|26|28110|27110000|경기|강남구|서초동|4113000000|인계동|2|70|1|1|6|415|480|480|444|28484|22919.0|11668.0|7437.0|3814.0|22734|8402|7388|11001120.0|5600640.0|3569760.0|1830720.0|1222939|2342778|765073|413356|100|263|80|8|6524726|15470137|3130163|717964|4.9|29|4.65|12|363|402|10527.0
202409|ADM|43|42110|46110000|인천|성남시|서초동|4413000000|인계동|1|70|0|1|4|970|327|327|534|92302|41096.0|12684.0|10668.0|17744.0|34134|12304|8810|13438392.0|4147668.0|3488436.0|5802288.0|1679980|1967648|375063|214724|74|142|76|31|1414731|11664467|3520560|1374188|2.12|1|4.96|66|498|123|498.0
202409|CNTY_GU|43|11140|41110000|인천|서초구|서초동|4711000000|서초1동|2|45|2|1|9|438|235|235|970|28189|45114.0|27573.0|17325.0|216.0|32670|19521|14627|10601790.0|6479655.0|4071375.0|50760.0|2864979|909002|351753|42215|57|133|44|22|1582742|5324569|4407676|824983|4.12|33|1.96|12|117|35|3861.0
202409|ADM|44|11110|26110000|대구|수원시|인계동|4413000000|서초1동|1|35|0|2|9|1093|37|37|598|70056|22363.0|11799.0|5174.0|5390.0|20308|8458|4584|827431.0|436563.0|191438.0|199430.0|4034692|137359|702768|481891|9|19|8|3|1844704|17723748|2547853|403957|4.95|3|4.86|168|346|216|1038.0
202409|CNTY_GU|47|41150|43110000|대구|강남구|인계동|4611000000|역삼1가|2|35|0|1|8|908|232|232|90|43010|22891.0|18218.0|8503.0|0.0|22071|14032|7027|5310712.0|4226576.0|1972696.0|0.0|4750872|656125|873914|346860|52|129|56|8|9216998|15781952|3807292|555373|6.01|27|3.24|6|322|282|8694.0
202409|ADM|44|11170|41130000|부산|서초구|인계동|4115000000|역삼1가|2|45|3|2|2|1088|109|109|274|55850|480.0|228.0|136.0|116.0|422|179|105|52320.0|24852.0|14824.0|12644.0|2840282|59404|688977|242116|13|48|18|6|5381536|13531065|4515816|631560|5.05|4|1.06|129|44|133|176.0
202409|ADM|47|27110|26140000|인천|서초구|역삼동|2811000000|역삼1가|1|35|0|2|5|1750|76|76|97|94921|3655.0|2541.0|664.0|450.0|3489|1838|540|277780.0|193116.0|50464.0|34200.0|201637|1296226|316714|86248|22|42|19|5|8624734|15770606|3073657|740425|3.34|7|4.76|75|66|440|462.0
202409|CNTY_GU|27|42110|42110000|서울|성남시|서초동|2611000000|서초1동|2|50|1|2|5|1664|3|3|755|63599|2463.0|1504.0|771.0|188.0|2016|1444|574|7389.0|4512.0|2313.0|564.0|520345|2875546|777838|221652|0|1|0|0|2196760|16093289|2084772|1004637|6.68|0|2.37|122|0|290|0.0
202409|PRVNC|46|11110|45110000|인천|성남시|역삼동|4311000000|서초1동|2|50|1|2|9|158|82|82|639|53153|0.0|0.0|0.0|0.0|0|0|0|0.0|0.0|0.0|0.0|2123153|2486522|782833|451847|17|46|17|5|528411|792207|4804766|1974710|5.29|0|1.27|103|0|397|0.0
202409|CNTY_GU|26|28110|45110000|대구|성남시|인계동|4511000000|역삼1가|1|35|0|1|3|1623|418|418|180|80990|10947.0|7141.0|3646.0|160.0|9245|7038|2976|4575846.0|2984938.0|1524028.0|66880.0|2060123|1304886|110375|203383|75|185|54|19|4887775|19190278|3588958|819731|6.86|15|2.28|100|292|474|4380.0
202409|ADM|26|41130|41150000|인천|성남시|서초동|1114000000|서초1동|1|45|2|1|2|1076|487|487|236|26632|12239.0|4438.0|3175.0|4626.0|10815|4011|2869|5960393.0|2161306.0|1546225.0|2252862.0|2699976|139183|26375|355618|75|240|97|47|4867294|387317|4830790|1868715|2.62|58|4.1|131|28|330|1624.0
202409|ADM|11|46110|41150000|인천|서초구|서초동|4111000000|역삼1가|2|25|0|1|8|1732|328|328|803|14598|37780.0|13515.0|13481.0|10784.0|29919|13030|13010|12391840.0|4432920.0|4421768.0|3537152.0|3868189|2532328|373957|222373|77|146|91|5|338675|1961213|3197048|483768|6.07|46|3.41|32|285|172|13110.0
202409|ADM|41|28110|44130000|인천|수원시|서초동|4111000000|인계동|1|55|0|1|6|1373|54|54|564|21499|29697.0|20181.0|11448.0|0.0|29180|15248|9496|1603638.0|1089774.0|618192.0|0.0|1758158|2649621|52318|264794|7|25|8|2|5506333|12207724|3684311|906644|2.46|4|2.07|177|321|183|1284.0
202409|CNTY_GU|42|42110|11170000|인천|수원시|서초동|1117000000|역삼1가|1|50|0|1|5|191|411|411|95|31846|39021.0|23351.0|7122.0|8548.0|36517|17659|5386|16037631.0|9597261.0|2927142.0|3513228.0|3924106|655981|417914|336642|118|200|49|36|2556990|461217|388232|1226696|6.37|18|2.61|156|409|57|7362.0
202409|ADM|44|41150|11110000|인천|강남구|인계동|2614000000|인계동|1|20|1|1|7|128|470|470|271|33051|14966.0|7551.0|5291.0|2124.0|10634|6387|4164|7034020.0|3548970.0|2486770.0|998280.0|664910|776168|730973|493509|128|200|139|14|4686260|7533412|3680451|1881938|4.22|44|3.47|63|339|420|14916.0
202409|CNTY_GU|45|26140|11140000|대구|성남시|인계동|1111000000|인계동|1|25|0|1|3|1287|195|195|415|53193|5738.0|3676.0|2230.0|0.0|5405|3247|1779|1118910.0|716820.0|434850.0|0.0|4704591|2138668|418924|326746|34|110|26|0|8214667|7458894|3163452|1580299|6.98|19|2.94|163|271|235|5149.0
202409|ADM|47|47110|28110000|대구|강남구|역삼동|4115000000|서초1동|2|70|0|2|8|812|103|103|808|24018|0.0|0.0|0.0|0.0|0|0|0|0.0|0.0|0.0|0.0|2426700|111190|767893|495775|21|45|28|5|2435857|7855528|599973|1514382|4.88|8|1.96|93|195|473|1560.0
202409|CNTY_GU|45|41150|11170000|서울|강남구|역삼동|2711000000|서초1동|2|20|2|2|3|236|115|115|172|56785|26996.0|9014.0|8447.0|9535.0|21511|8942|8110|3104540.0|1036610.0|971405.0|1096525.0|1980648|103033|978015|398536|18|50|22|6|1423080|5356624|671575|135079|3.58|16|1.87|60|376|198|6016.0
202409|ADM|43|26110|41110000|인천|서초구|서초동|1120000000|인계동|1|55|0|1|4|1002|233|233|817|57512|8460.0|6233.0|3019.0|0.0|7238|5859|2692|1971180.0|1452289.0|703427.0|0.0|1095115|670961|162093|138982|59|122|61|3|3280008|16895258|1772747|1599272|6.77|22|1.24|47|35|406|770.0
202409|ADM|45|46110|47110000|인천|서초구|서초동|4211000000|인계동|1|70|0|1|7|1941|150|150|577|85021|27064.0|15557.0|6886.0|4621.0|20021|11604|5284|4059600.0|2333550.0|1032900.0|693150.0|721213|2598128|594658|25120|15|87|36|2|5666433|7861959|855676|1289219|4.15|17|2.3|38|491|99|8347.0
202409|ADM|41|11110|11170000|대구|강남구|인계동|4115000000|서초1동|2|50|0|1|10|1666|359|359|339|70278|26829.0|12666.0|4256.0|9907.0|21703|10919|3037|9631611.0|4547094.0|1527904.0|3556613.0|55434|2962170|367262|396104|64|153|59|17|554606|11510659|3673823|392945|6.59|45|2.05|123|115|478|5175.0
202409|ADM|44|45110|42110000|대구|수원시|역삼동|2811000000|인계동|2|50|0|2|9|1677|249|249|5|28459|18768.0|7042.0|6897.0|4829.0|17202|6469|5003|4673232.0|1753458.0|1717353.0|1202421.0|2622862|1015862|448946|416938|31|103|28|1|4588607|5669945|4036862|192355|4.68|4|1.21|12|368|27|1472.0
202409|ADM|42|28110|41150000|인천|서초구|역삼동|4211000000|인계동|1|50|3|1|6|423|219|219|564|62230|17748.0|12751.0|4749.0|248.0|14854|9851|4592|3886812.0|2792469.0|1040031.0|54312.0|1661171|2203313|776176|468295|42|90|47|18|4772087|1111302|4754527|1642236|4.58|22|2.27|19|61|125|1342.0
202409|ADM|11|43110|41110000|서울|강남구|인계동|2611000000|역삼1가|2|30|1|1|7|551|359|359|88|50803|3022.0|1874.0|429.0|719.0|2230|1697|417|1084898.0|672766.0|154011.0|258121.0|548645|2193721|463089|171705|46|210|52|15|5327821|16642225|2085469|577222|2.7|38|3.65|14|420|188|15960.0
202409|ADM|43|41150|41150000|인천|강남구|서초동|1111000000|역삼1가|1|40|0|1|4|276|32|32|968|54264|27643.0|10684.0|8550.0|8409.0|23595|7869|7831|884576.0|341888.0|273600.0|269088.0|1827399|2976652|377271|56579|8|18|4|2|4237854|9527756|3918761|1973536|6.23|2|2.27|74|153|320|306.0
202409|ADM|27|41110|11110000|부산|성남시|역삼동|4711000000|인계동|1|45|1|1|5|1991|367|367|488|53420|46253.0|26119.0|7559.0|12575.0|40410|23016|6003|16974851.0|9585673.0|2774153.0|4615025.0|3981422|2563399|613971|249456|40|186|98|1|615391|8492371|4948289|439865|5.69|46|1.72|84|336|177|15456.0
202409|PRVNC|45|26140|47110000|서울|성남시|인계동|4113000000|서초1동|1|70|0|1|2|1395|167|167|273|49722|8774.0|5418.0|975.0|2381.0|6620|4717|821|1465258.0|904806.0|162825.0|397627.0|4105148|599269|501533|491715|29|97|27|2|4320671|2487346|4482194|1609425|4.09|22|1.51|148|275|366|6050.0
202409|ADM|44|44130|44130000|인천|서초구|서초동|1120000000|서초1동|1|45|0|1|3|73|424|424|444|11330|1032.0|581.0|409.0|42.0|838|499|389|437568.0|246344.0|173416.0|17808.0|1636237|1734356|906897|495026|82|187|122|10|782619|7657795|4383617|437892|3.95|45|4.16|137|36|322|1620.0
202409|CNTY_GU|44|44130|43110000|인천|수원시|역삼동|2614000000|서초1동|1|65|2|1|1|412|375|375|581|89062|17802.0|8456.0|2639.0|6707.0|17193|7549|1903|6675750.0|3171000.0|989625.0|2515125.0|3667210|1547284|798825|113779|85|172|86|16|3877506|566107|1893251|243241|5.0|22|2.46|65|451|50|9922.0
202409|ADM|42|45110|11170000|대구|강남구|역삼동|1120000000|인계동|1|65|0|2|2|1252|28|28|896|69205|19196.0|9833.0|3455.0|5908.0|14697|9409|2480|537488.0|275324.0|96740.0|165424.0|4693240|2578221|48435|91164|4|16|3|1|4889342|15694167|3694394|372292|7.29|0|2.99|70|0|155|0.0
202409|CNTY_GU|41|26110|45110000|인천|강남구|서초동|4211000000|역삼1가|2|40|2|1|7|21|78|78|312|57121|47459.0|27091.0|18360.0|2008.0|34342|25214|12892|3701802.0|2113098.0|1432080.0|156624.0|3764895|2051615|733316|277436|14|44|16|4|9237123|12023367|1000620|639171|3.35|9|4.0|94|79|261|711.0
202409|ADM|41|11200|27110000|부산|수원시|인계동|4311000000|서초1동|1|65|3|2|1|42|216|216|66|78012|46314.0|36030.0|9925.0|359.0|36461|31448|7231|10003824.0|7782480.0|2143800.0|77544.0|507631|2662848|194495|435027|61|110|45|13|2803145|16606210|274857|130479|2.04|5|4.16|91|148|356|740.0
202409|CNTY_GU|26|45110|26110000|대구|수원시|서초동|4413000000|역삼1가|2|35|0|1|3|179|390|390|1|96109|43242.0|18318.0|11359.0|13565.0|34016|16633|8236|16864380.0|7144020.0|4430010.0|5290350.0|1443910|15528|405542|490216|53|225|108|36|3654230|14509392|2541991|1159823|6.17|40|1.26|39|207|417|8280.0
202409|ADM|26|47110|11140000|대구|서초구|서초동|4413000000|서초1동|1|55|0|1|2|1931|282|282|407|87731|0.0|0.0|0.0|0.0|0|0|0|0.0|0.0|0.0|0.0|13928|2132698|737814|212493|67|158|52|26|6614586|11567642|59738|1055815|2.21|25|4.04|139|309|186|7725.0
202409|ADM|45|26110|26140000|부산|서초구|인계동|4211000000|서초1동|1|60|2|1|10|1613|99|99|541|57124|31163.0|13454.0|5349.0|12360.0|23082|11535|4911|3085137.0|1331946.0|529551.0|1223640.0|2847852|1649571|298746|461124|23|42|18|4|2510207|10522478|1754803|966193|3.09|10|1.59|178|255|200|2550.0
202409|ADM|44|43110|26140000|대구|강남구|서초동|1120000000|인계동|1|45|3|1|2|834|366|366|677|78975|0.0|0.0|0.0|0.0|0|0|0|0.0|0.0|0.0|0.0|3134227|2537825|970029|460653|62|171|61|1|1788251|3974127|1395981|124758|7.96|52|2.09|20|342|142|17784.0
202409|ADM|44|26110|47110000|부산|성남시|역삼동|4111000000|서초1동|1|60|0|1|9|615|438|438|629|51488|44038.0|22478.0|4969.0|16591.0|32762|21671|4205|19288644.0|9845364.0|2176422.0|7266858.0|910217|276595|625334|325727|88|198|65|28|7184532|1717653|1370207|1357091|3.02|33|4.18|45|132|43|4356.0
202409|ADM|27|11170|42110000|경기|수원시|서초동|4115000000|서초1동|2|35|1|1|4|88|414|414|985|37724|46033.0|15253.0|14084.0|16696.0|43159|13378|10452|19057662.0|6314742.0|5830776.0|6912144.0|542170|2741578|754943|14672|122|241|87|32|7476800|11179177|3220816|1765546|6.4|24|2.95|99|387|113|9288.0
202409|CNTY_GU|41|45110|41130000|서울|수원시|인계동|4211000000|서초1동|1|60|0|2|5|1959|421|421|535|23389|3136.0|1086.0|791.0|1259.0|2763|850|611|1320256.0|457206.0|333011.0|530039.0|2879668|2127736|312486|411404|119|176|43|32|5662186|19022605|3473675|1162976|6.71|42|1.32|26|143|304|6006.0
202409|ADM|11|44130|26110000|경기|강남구|서초동|2711000000|역삼1가|1|50|0|2|2|1850|203|203|424|85120|2878.0|1898.0|612.0|368.0|2799|1387|560|584234.0|385294.0|124236.0|74704.0|2740950|1675823|783196|411425|27|98|35|17|1265928|16598062|4718207|266207|3.68|29|1.52|60|64|146|1856.0
202409|ADM|44|11110|11170000|인천|서초구|서초동|4311000000|역삼1가|1|35|0|1|2|1711|447|447|414|42399|5307.0|3394.0|1353.0|560.0|4089|2703|1009|2372229.0|1517118.0|604791.0|250320.0|157057|1816909|877489|311112|94|217|44|10|1609919|4043071|2253955|1557239|5.46|18|2.02|15|286|395|5148.0
202409|ADM|11|11140|42110000|부산|서초구|서초동|1114000000|인계동|2|25|3|1|3|1239|411|411|5|10333|20027.0|9740.0|5391.0|4896.0|15293|9506|5370|8231097.0|4003140.0|2215701.0|2012256.0|3252499|1202615|217720|138831|71|239|116|20|2644062|16195767|172321|1729606|2.25|1|3.24|61|26|453|26.0
202409|PRVNC|46|46110|11200000|부산|서초구|서초동|4111000000|인계동|2|45|0|1|9|463|74|74|654|38785|2384.0|1082.0|295.0|1007.0|2382|787|283|176416.0|80068.0|21830.0|74518.0|1551994|2403024|878707|373545|8|40|14|3|6181870|16062012|635685|119881|2.65|2|1.14|62|142|291|284.0
202409|ADM|45|43110|45110000|인천|수원시|인계동|1117000000|역삼1가|1|30|0|1|1|1856|226|226|231|90566|8432.0|6684.0|1960.0|0.0|7303|6149|1812|1905632.0|1510584.0|442960.0|0.0|3744767|621328|781920|237532|27|113|64|8|5007811|12440968|2975999|1941266|2.23|24|1.95|159|274|441|6576.0
202409|CNTY_GU|44|11110|45110000|서울|강남구|인계동|2711000000|인계동|2|60|2|2|6|1696|4|4|52|83742|10857.0|5251.0|2448.0|3158.0|8168|3782|2196|43428.0|21004.0|9792.0|12632.0|3287105|1091758|268867|295208|0|2|0|0|6823761|13824780|912084|830823|2.28|0|3.81|171|0|490|0.0
202409|CNTY_GU|43|47110|41130000|부산|강남구|서초동|1111000000|인계동|2|25|3|1|8|479|77|77|188|99357|21559.0|15582.0|7942.0|0.0|15152|11109|7076|1660043.0|1199814.0|611534.0|0.0|1685315|2080058|600304|304801|22|45|10|7|5176006|19068653|4525506|1173430|3.07|1|1.24|151|198|262|198.0
202409|CNTY_GU|41|44130|46110000|부산|서초구|서초동|4311000000|인계동|2|50|2|1|7|921|399|399|132|86013|23036.0|9727.0|3205.0|10104.0|21061|9226|2448|9191364.0|3881073.0|1278795.0|4031496.0|386886|2669560|31034|360249|74|206|75|13|1204032|14236717|4568201|1052955|5.34|3|1.07|111|31|146|93.0
202409|ADM|41|11170|11110000|경기|수원시|서초동|2711000000|서초1동|1|60|2|1|10|832|456|456|543|25836|36812.0|15682.0|5318.0|15812.0|31828|11072|4979|16786272.0|7150992.0|2425008.0|7210272.0|1909174|2835784|145442|478083|131|267|46|29|9129615|16312720|4416242|1430652|4.38|8|4.05|80|314|429|2512.0
202409|CNTY_GU|45|46110|26140000|대구|수원시|역삼동|4311000000|인계동|1|45|3|1|5|269|325|325|153|45915|49851.0|29642.0|17166.0|3043.0|36705|27578|14335|16201575.0|9633650.0|5578950.0|988975.0|2487109|1660268|256325|337291|40|164|67|28|1049803|14584634|3358560|1962448|4.42|0|2.1|101|0|7|0.0
202409|CNTY_GU|41|26140|11170000|부산|수원시|인계동|2611000000|인계동|2|55|0|1|5|559|154|154|161|75053|29446.0|10875.0|10114.0|8457.0|25203|8229|9452|4534684.0|1674750.0|1557556.0|1302378.0|2511705|2742048|465874|476497|32|82|22|1|4663783|765062|1388772|41765|2.46|5|4.11|146|189|488|945.0
202409|CNTY_GU|11|47110|42110000|서울|서초구|인계동|2614000000|역삼1가|2|45|3|2|1|233|8|8|58|43619|38425.0|15772.0|12117.0|10536.0|30406|14749|8719|307400.0|126176.0|96936.0|84288.0|2470750|1240089|609680|407362|2|4|2|0|1278945|2441856|969791|210652|6.96|0|1.46|103|0|220|0.0
202409|ADM|42|45110|26140000|대구|수원시|역삼동|4611000000|서초1동|1|65|1|1|2|496|425|425|682|70566|3290.0|2599.0|1022.0|0.0|2392|2525|956|1398250.0|1104575.0|434350.0|0.0|2794068|2299607|110810|346581|100|241|97|24|5068536|18736638|3988025|1726970|3.19|21|3.72|124|420|270|8820.0
202409|ADM|44|28110|11140000|대구|강남구|인계동|4115000000|인계동|2|65|2|1|9|1535|105|105|420|22734|622.0|487.0|71.0|64.0|486|404|60|65310.0|51135.0|7455.0|6720.0|4342252|486634|373794|325720|26|56|20|4|5102432|17845403|1890374|999417|2.04|6|2.04|16|377|387|2262.0
202409|ADM|44|41150|41130000|대구|수원시|인계동|4115000000|서초1동|1|70|2|2|10|789|180|180|54|44463|7861.0|2841.0|1471.0|3549.0|7771|2500|1033|1414980.0|511380.0|264780.0|638820.0|990540|154010|467098|27202|39|102|50|5|7122566|19970384|598661|1061073|4.58|16|2.21|163|356|430|5696.0
202409|CNTY_GU|41|42110|26110000|경기|성남시|인계동|4113000000|서초1동|2|35|0|2|10|1691|398|398|284|52361|14435.0|4786.0|4974.0|4675.0|11106|4267|3594|5745130.0|1904828.0|1979652.0|1860650.0|3867387|1859516|707907|483006|40|163|79|12|5934029|3933483|260556|153612|2.1|42|4.25|163|42|143|1764.0
202409|ADM|46|41130|28110000|대구|성남시|서초동|4115000000|역삼1가|2|55|2|1|3|1468|384|384|237|78572|40358.0|30140.0|14047.0|0.0|30958|24080|10408|15497472.0|11573760.0|5394048.0|0.0|4268468|2185553|110006|35244|38|195|76|8|3486607|17604927|3968848|295192|5.52|45|3.8|145|86|489|3870.0
202409|CNTY_GU|27|41110|11110000|서울|서초구|인계동|2811000000|인계동|2|40|1|1|5|669|349|349|612|66868|27559.0|14486.0|6918.0|6155.0|23462|11917|5361|9618091.0|5055614.0|2414382.0|2148095.0|3998981|2953267|492090|132239|81|187|49|9|5277437|7872809|3430554|582560|3.6|39|1.09|139|93|248|3627.0
202409|ADM|11|46110|27110000|경기|성남시|역삼동|4311000000|역삼1가|1|45|2|2|2|1197|248|248|81|79166|21263.0|16834.0|4458.0|0.0|20216|14733|4337|5273224.0|4174832.0|1105584.0|0.0|2710267|792184|141608|259224|51|126|58|16|5417226|5175298|4626029|1793647|2.74|27|4.5|87|278|252|7506.0
202409|ADM|11|11200|44130000|부산|성남시|인계동|4311000000|인계동|2|60|1|2|1|794|149|149|662|21662|34538.0|21969.0|3906.0|8663.0|30680|18501|2996|5146162.0|3273381.0|581994.0|1290787.0|65639|1726011|964909|135392|15|74|26|9|8214278|15421707|3990917|204005|6.39|10|4.53|112|105|38|1050.0
202409|CNTY_GU|41|26140|28110000|대구|성남시|역삼동|4211000000|서초1동|2|40|2|1|8|1365|31|31|779|51651|19608.0|11235.0|7078.0|1295.0|18029|9689|5242|607848.0|348285.0|219418.0|40145.0|3932679|1165876|228355|429732|9|17|4|2|1458921|1988403|4690775|1813611|6.25|2|1.14|113|306|280|612.0
202409|CNTY_GU|26|45110|11170000|대구|강남구|서초동|4511000000|역삼1가|2|35|1|1|10|1111|12|12|723|57699|17581.0|5413.0|6877.0|5291.0|13515|4965|6850|210972.0|64956.0|82524.0|63492.0|3753633|1639523|658850|216225|1|6|3|1|4482887|19227093|4536965|289780|2.39|0|2.82|134|0|258|0.0
202409|CNTY_GU|27|26110|41110000|경기|강남구|서초동|1114000000|서초1동|1|60|3|2|3|33|391|391|283|69180|11271.0|5594.0|2602.0|3075.0|8658|5305|2084|4406961.0|2187254.0|1017382.0|1202325.0|1674588|115551|586926|444438|80|196|41|12|8023754|775861|4931848|886836|6.45|32|2.48|13|49|310|1568.0
202409|CNTY_GU|44|41150|26140000|경기|강남구|인계동|2811000000|역삼1가|2|50|0|1|9|1974|126|126|886|34413|22155.0|13168.0|4678.0|4309.0|21456|11280|4672|2791530.0|1659168.0|589428.0|542934.0|198872|2702159|603022|20519|16|56|15|5|3907070|16698239|469142|623109|4.42|14|3.93|43|21|370|294.0
202409|PRVNC|46|47110|41110000|부산|서초구|인계동|4113000000|역삼1가|1|25|0|2|8|407|465|465|177|76376|40361.0|26658.0|6055.0|7648.0|28618|22637|6017|18767865.0|12395970.0|2815575.0|3556320.0|4495592|2190506|716088|133999|102|232|68|45|555563|16526702|161400|322417|3.59|2|4.52|105|94|39|188.0
202409|CNTY_GU|27|41130|27110000|대구|성남시|역삼동|4511000000|서초1동|1|35|2|1|3|486|266|266|162|38188|13347.0|9864.0|5092.0|0.0|11041|8926|3575|3550302.0|2623824.0|1354472.0|0.0|763550|1762534|499425|275572|43|120|55|7|9385929|14621696|3442868|642986|6.86|7|1.95|103|215|448|1505.0
202409|ADM|47|28110|41110000|서울|성남시|인계동|4111000000|서초1동|2|35|3|2|7|181|349|349|943|69980|4875.0|2940.0|812.0|1123.0|4844|2142|699|1701375.0|1026060.0|283388.0|391927.0|2575422|1030933|869629|406651|98|166|89|6|4287932|10896730|999195|137097|7.4|19|2.98|85|350|350|6650.0
202409|ADM|26|26110|41130000|서울|강남구|역삼동|4111000000|인계동|1|55|3|1|1|854|454|454|721|68781|25880.0|11932.0|5085.0|8863.0|20418|10350|5005|11749520.0|5417128.0|2308590.0|4023802.0|1337629|51669|164299|84186|114|260|58|24|6845128|15707163|234301|166224|4.67|26|2.73|6|383|481|9958.0
202409|CNTY_GU|11|26140|11110000|서울|서초구|역삼동|2811000000|서초1동|1|55|0|1|4|1806|464|464|395|61942|15064.0|5617.0|3689.0|5758.0|10877|4395|2724|6989696.0|2606288.0|1711696.0|2671712.0|3200282|2531570|561869|36200|122|193|60|31|2424144|12553008|1489496|1046338|5.62|2|3.14|7|160|392|320.0
202409|CNTY_GU|47|41110|26110000|서울|서초구|인계동|1111000000|인계동|1|60|0|2|6|689|101|101|711|70138|38716.0|26098.0|4137.0|8481.0|32732|21402|2983|3910316.0|2635898.0|417837.0|856581.0|1837315|2505762|27796|325348|26|51|11|1|2603816|9933839|1268786|1074668|2.29|7|4.04|120|403|10|2821.0
202409|CNTY_GU|45|27110|26110000|서울|성남시|역삼동|4511000000|서초1동|1|65|1|1|10|1361|272|272|461|78737|2645.0|1942.0|968.0|0.0|1935|1431|727|719440.0|528224.0|263296.0|0.0|2254412|88249|352658|401651|64|136|27|19|6937319|10784186|3966824|1354987|2.7|23|1.46|32|331|354|7613.0
202409|PRVNC|44|11110|26110000|대구|성남시|인계동|4115000000|인계동|1|25|0|1|9|811|311|311|963|42351|29369.0|11217.0|4179.0|13973.0|27623|11177|3179|9133759.0|3488487.0|1299669.0|4345603.0|3026556|2217603|872825|450606|79|180|61|2|6261020|12241955|2243243|660077|7.75|23|2.41|45|93|7|2139.0
202409|CNTY_GU|47|44130|46110000|인천|성남시|역삼동|1111000000|서초1동|1|30|0|1|3|1076|206|206|948|61065|36295.0|12821.0|11841.0|11633.0|25545|10551|10063|7476770.0|2641126.0|2439246.0|2396398.0|2351291|1380636|429066|43516|44|82|34|13|7461744|16512248|3898862|1661887|3.56|0|1.04|104|0|20|0.0
202409|ADM|11|27110|45110000|서울|서초구|인계동|1120000000|서초1동|1|40|0|2|8|740|460|460|86|85655|33026.0|22751.0|8571.0|1704.0|30936|21328|8337|15191960.0|10465460.0|3942660.0|783840.0|226015|9598|374037|215586|102|244|134|17|4312146|19914563|3425072|1656851|2.99|64|4.4|52|493|193|31552.0
202409|CNTY_GU|46|27110|26140000|대구|서초구|인계동|4413000000|역삼1가|2|30|3|1|4|895|460|460|340|31580|46536.0|15388.0|7134.0|24014.0|41413|12388|6586|21406560.0|7078480.0|3281640.0|11046440.0|3932862|2383265|851175|104338|116|196|60|2|5590941|625289|4221907|81022|7.21|2|2.81|163|468|348|936.0
202409|PRVNC|44|11170|26140000|대구|성남시|역삼동|4611000000|서초1동|1|65|3|1|6|1270|48|48|288|79772|36520.0|25962.0|12688.0|0.0|32455|18633|9063|1752960.0|1246176.0|609024.0|0.0|587563|1543015|367588|11764|12|27|7|1|8513287|18563160|2080244|192163|5.17|4|3.67|97|457|79|1828.0
202409|ADM|26|26140|11140000|서울|수원시|서초동|4113000000|서초1동|2|25|2|1|5|466|339|339|300|94509|36493.0|24036.0|12442.0|15.0|26246|17216|11953|12371127.0|8148204.0|4217838.0|5085.0|3930601|2654170|177514|88638|77|200|35|0|877774|7607569|4993617|12455|3.53|11|3.59|69|110|37|1210.0
202409|CNTY_GU|44|42110|11110000|경기|성남시|인계동|1111000000|인계동|1|60|2|1|8|20|1|1|944|19865|2291.0|1161.0|740.0|390.0|1626|912|598|2291.0|1161.0|740.0|390.0|4111060|763401|705932|290978|0|0|0|0|9440520|5723069|1165949|6635|4.13|0|3.93|26|0|162|0.0
202409|PRVNC|44|44130|41150000|경기|성남시|인계동|4611000000|역삼1가|1|70|1|2|10|408|2|2|118|43314|25381.0|10747.0|6381.0|8253.0|25184|9702|6280|50762.0|21494.0|12762.0|16506.0|2905389|1883320|694085|403584|0|0|0|0|5699571|1417442|4212931|842996|3.06|0|1.27|18|0|397|0.0
202409|PRVNC|43|47110|41110000|서울|성남시|인계동|1114000000|인계동|2|45|0|1|9|5|47|47|977|35759|13075.0|7755.0|3258.0|2062.0|12837|6171|2479|614525.0|364485.0|153126.0|96914.0|1381119|1231736|791197|430714|6|22|7|1|2287032|11064723|2587326|704129|4.33|5|4.37|141|383|51|1915.0
202409|ADM|44|11200|44130000|인천|강남구|인계동|4711000000|역삼1가|2|25|3|2|10|1048|365|365|36|59479|33160.0|12432.0|3625.0|17103.0|30817|11331|2625|12103400.0|4537680.0|1323125.0|6242595.0|3599653|2358233|407730|46171|41|192|53|10|9435767|4210904|3838044|1018369|4.65|9|1.61|107|337|287|3033.0
202409|ADM|47|42110|44130000|부산|성남시|인계동|2711000000|인계동|2|20|3|2|4|1022|481|481|443|67031|18695.0|6517.0|5462.0|6716.0|13914|5050|4341|8992295.0|3134677.0|2627222.0|3230396.0|83410|62385|885984|491541|61|210|108|35|8245564|14069903|2587228|1486589|6.04|71|4.6|22|173|234|12283.0
202409|ADM|11|41110|41150000|부산|강남구|인계동|4111000000|서초1동|1|40|1|2|1|123|416|416|378|83295|2288.0|1137.0|538.0|613.0|1941|1061|414|951808.0|472992.0|223808.0|255008.0|25327|2449343|840717|262879|111|229|62|19|9939386|1144947|161963|1064026|2.43|2|1.08|100|499|293|998.0
202409|ADM|26|45110|41110000|경기|수원시|서초동|4113000000|서초1동|2|60|1|2|6|1888|406|406|387|49081|25495.0|7771.0|3545.0|14179.0|24106|6835|2993|10350970.0|3155026.0|1439270.0|5756674.0|1286151|599345|11009|203784|118|242|85|31|8428865|6229733|2688271|797286|7.18|12|3.07|106|381|146|4572.0
202409|PRVNC|43|41150|11110000|부산|성남시|인계동|1117000000|역삼1가|2|30|0|2|8|1777|394|394|591|12962|13049.0|8566.0|2731.0|1752.0|12456|7646|2638|5141306.0|3375004.0|1076014.0|690288.0|4786064|1308404|714349|322234|81|172|47|24|6959548|1383228|1760540|1896326|3.83|28|4.61|132|468|414|13104.0
202409|PRVNC|46|47110|26140000|대구|수원시|인계동|4311000000|역삼1가|2|60|2|1|6|596|187|187|452|99789|43659.0|21754.0|10503.0|11402.0|31269|17192|10256|8164233.0|4067998.0|1964061.0|2132174.0|280652|2603303|826287|435884|29|92|30|6|2735919|17113749|922756|424358|4.6|26|2.23|111|196|84|5096.0
202409|ADM|41|44130|28110000|서울|서초구|역삼동|4711000000|역삼1가|2|70|2|1|6|494|496|496|650|58274|42891.0|19141.0|8810.0|14940.0|32145|14643|6304|21273936.0|9493936.0|4369760.0|7410240.0|1595433|1691027|760937|128875|83|278|57|9|2891080|6953440|835403|9857|3.16|40|1.7|44|147|440|5880.0
202409|PRVNC|42|11200|41150000|경기|서초구|인계동|1117000000|역삼1가|1|40|1|1|8|1628|276|276|232|51447|21873.0|8284.0|2926.0|10663.0|16537|7973|2584|6036948.0|2286384.0|807576.0|2942988.0|587338|382304|470626|65060|40|126|73|8|2197912|14533051|1358713|1343212|7.15|40|2.15|48|201|203|8040.0
202409|CNTY_GU|43|26110|46110000|부산|수원시|역삼동|4211000000|서초1동|2|45|1|1|9|1550|457|457|253|10436|39920.0|13607.0|6954.0|19359.0|35298|11741|6132|18243440.0|6218399.0|3177978.0|8847063.0|338888|780783|251883|360291|81|200|87|28|8333937|8566481|2648624|403854|5.95|61|3.58|41|55|431|3355.0
202409|PRVNC|27|42110|44130000|경기|강남구|역삼동|4611000000|서초1동|1|65|1|2|10|73|90|90|863|13394|15911.0|6852.0|4305.0|4754.0|14798|6302|3693|1431990.0|616680.0|387450.0|427860.0|3545247|1029110|299698|143911|24|37|19|3|9304433|17378056|1904321|360593|7.21|9|4.93|96|448|218|4032.0
202409|CNTY_GU|27|44130|43110000|서울|성남시|인계동|2614000000|역삼1가|2|65|0|1|4|1790|151|151|534|78397|0.0|0.0|0.0|0.0|0|0|0|0.0|0.0|0.0|0.0|3670345|149725|126241|379611|43|73|25|10|2570064|17815273|2555102|564361|6.07|13|2.5|41|140|47|1820.0
202409|CNTY_GU|26|44130|11200000|서울|서초구|서초동|1120000000|인계동|1|40|1|1|3|539|196|196|926|29889|16544.0|9414.0|5072.0|2058.0|11631|8269|3719|3242624.0|1845144.0|994112.0|403368.0|857526|1210860|826348|213485|25|112|33|2|4440953|17013137|2178374|392165|4.19|20|2.52|51|16|240|320.0
202409|CNTY_GU|43|11200|43110000|서울|강남구|인계동|1114000000|서초1동|1|55|2|2|7|156|194|194|937|56385|38326.0|11571.0|6504.0|20251.0|32209|9298|5404|7435244.0|2244774.0|1261776.0|3928694.0|327504|1352951|659086|125961|37|77|26|19|6174657|8387542|4042425|1716625|4.73|4|1.39|92|87|103|348.0
202409|ADM|46|43110|26110000|인천|성남시|서초동|1111000000|서초1동|2|60|2|1|9|842|194|194|315|57836|25861.0|16019.0|9335.0|507.0|24578|12421|7129|5017034.0|3107686.0|1810990.0|98358.0|3804166|177333|560510|201004|23|99|23|13|2787539|4170120|3492360|117389|6.76|24|1.29|77|248|218|5952.0
202409|PRVNC|47|41110|41150000|경기|강남구|역삼동|4611000000|서초1동|1|60|1|1|10|1513|351|351|69|27532|35516.0|20636.0|9851.0|5029.0|30012|19864|8204|12466116.0|7243236.0|3457701.0|1765179.0|909330|2776706|325901|424761|83|205|100|1|2406832|19618468|2855646|1010221|7.67|20|4.13|119|315|82|6300.0
202409|ADM|41|28110|41150000|인천|성남시|역삼동|2614000000|역삼1가|2|25|3|1|1|394|275|275|40|50319|20731.0|11057.0|4741.0|4933.0|14905|10532|4234|5701025.0|3040675.0|1303775.0|1356575.0|2396967|1281363|15824|321687|65|162|82|17|7337371|9594838|3857744|347707|5.27|12|4.62|12|355|454|4260.0
202409|ADM|45|11170|11170000|경기|수원시|인계동|1120000000|서초1동|1|70|1|2|10|1847|368|368|12|26197|13919.0|4919.0|2288.0|6712.0|13001|3688|1778|5122192.0|1810192.0|841984.0|2470016.0|4283775|1339382|341818|366152|47|182|88|9|7085348|5707635|135370|794799|7.42|3|3.41|31|10|301|30.0
202409|ADM|47|45110|44130000|서울|수원시|역삼동|2611000000|인계동|1|60|3|1|9|1368|66|66|856|18712|9137.0|5921.0|2024.0|1192.0|7262|5540|2019|603042.0|390786.0|133584.0|78672.0|2689388|1614279|80886|34696|10|32|9|3|3708298|8667123|912068|180671|7.98|2|3.03|65|29|454|58.0
202409|PRVNC|11|41130|44130000|부산|수원시|인계동|4611000000|인계동|1|40|1|1|3|455|140|140|648|63102|6482.0|2365.0|1767.0|2350.0|4877|2167|1606|907480.0|331100.0|247380.0|329000.0|188772|957424|775088|47992|16|68|25|8|7800979|8484120|4091449|198499|4.2|3|3.05|41|138|208|414.0
202409|ADM|45|41150|28110000|서울|성남시|역삼동|1120000000|인계동|2|60|1|1|8|1632|23|23|221|29937|3151.0|1392.0|586.0|1173.0|2537|1333|569|72473.0|32016.0|13478.0|26979.0|3391316|323883|867956|257647|6|12|6|0|7409589|7854908|4948529|768362|4.94|1|2.71|78|129|417|129.0
202409|ADM|11|44130|45110000|경기|강남구|서초동|4111000000|인계동|1|60|1|1|10|691|389|389|378|27115|17006.0|8046.0|2665.0|6295.0|14161|6326|1969|6615334.0|3129894.0|1036685.0|2448755.0|4080424|2468669|344026|30394|108|228|45|22|1786695|14077976|4592477|195298|5.36|49|2.14|130|46|281|2254.0
202409|ADM|47|41110|44130000|서울|서초구|서초동|4311000000|역삼1가|2|30|2|1|9|698|144|144|268|80096|29864.0|23613.0|11654.0|0.0|26658|17132|11450|4300416.0|3400272.0|1678176.0|0.0|2406987|1954656|371493|386159|26|78|20|1|9995093|10114474|979125|1766496|7.67|20|4.26|78|469|131|9380.0
202409|CNTY_GU|41|46110|11110000|서울|서초구|인계동|2811000000|서초1동|1|30|0|1|6|1326|323|323|815|44865|38181.0|12480.0|7302.0|18399.0|36835|12002|5328|12332463.0|4031040.0|2358546.0|5942877.0|3099355|1284726|622987|420935|42|172|74|29|9911091|2513983|3013551|1798159|7.03|30|4.26|66|79|392|2370.0
202409|PRVNC|45|27110|43110000|인천|강남구|서초동|1120000000|인계동|2|70|0|1|9|191|73|73|394|24641|38216.0|21201.0|6192.0|10823.0|33757|16916|4673|2789768.0|1547673.0|452016.0|790079.0|2436884|1140564|51580|46202|11|32|14|2|7199954|8828595|3724682|1976893|6.32|6|1.25|30|164|84|984.0
202409|PRVNC|41|11110|26110000|대구|성남시|서초동|2811000000|인계동|1|50|0|1|1|727|244|244|950|26729|2298.0|1128.0|571.0|599.0|1774|890|441|560712.0|275232.0|139324.0|146156.0|2870230|1202196|327500|268020|71|130|54|0|5027609|17780804|3796523|558741|6.85|23|1.85|65|489|120|11247.0
202409|PRVNC|42|43110|27110000|서울|수원시|서초동|1117000000|역삼1가|2|40|0|2|1|598|143|143|53|40927|15954.0|5243.0|2939.0|7772.0|11515|3765|2358|2281422.0|749749.0|420277.0|1111396.0|2893133|1161523|22534|275044|39|57|38|9|2103755|10972615|545198|1130889|3.46|21|4.46|165|397|175|8337.0
202409|CNTY_GU|46|46110|45110000|부산|강남구|역삼동|4115000000|인계동|2|70|2|1|3|468|312|312|695|13503|9646.0|7622.0|3034.0|0.0|9169|7117|2837|3009552.0|2378064.0|946608.0|0.0|412798|397235|643954|337463|56|132|75|0|238905|7841135|1406475|1685692|7.2|31|4.79|116|103|171|3193.0
202409|ADM|11|41130|41110000|서울|수원시|역삼동|4113000000|인계동|2|70|1|1|6|214|291|291|377|75197|14003.0|10678.0|4369.0|0.0|13954|10476|3561|4074873.0|3107298.0|1271379.0|0.0|2020292|1776596|917257|336468|80|171|43|14|1578079|6724729|4726943|473622|6.32|29|1.74|64|149|292|4321.0
202409|CNTY_GU|47|11110|26110000|인천|성남시|서초동|4111000000|인계동|2|45|2|2|3|716|210|210|656|69177|1679.0|600.0|552.0|527.0|1453|435|474|352590.0|126000.0|115920.0|110670.0|1494031|2660703|564307|14601|45|100|54|4|5454037|9849116|4000606|1722441|4.93|5|2.47|74|181|15|905.0
202409|ADM|44|26140|46110000|부산|서초구|서초동|1111000000|역삼1가|2|40|3|1|6|770|248|248|371|11673|15423.0|5093.0|3984.0|6346.0|11513|5054|3829|3824904.0|1263064.0|988032.0|1573808.0|4666365|1829296|695761|129433|41|137|32|20|7632860|9267752|1777515|1265230|3.52|3|3.71|61|279|219|837.0
202409|CNTY_GU|43|28110|11200000|경기|수원시|서초동|1120000000|역삼1가|2|20|1|1|2|632|448|448|803|98872|44950.0|29133.0|14127.0|1690.0|33947|27466|10703|20137600.0|13051584.0|6328896.0|757120.0|4285517|2527143|822552|54951|76|265|73|18|7708446|3676146|1140059|451873|6.45|20|3.1|63|226|37|4520.0
202409|CNTY_GU|44|44130|27110000|부산|성남시|서초동|4511000000|인계동|1|65|3|2|3|1627|303|303|354|41303|13913.0|6596.0|1772.0|5545.0|10321|5025|1741|4215639.0|1998588.0|536916.0|1680135.0|528657|2143364|801400|326826|45|140|59|16|274505|4687754|1204850|1552923|4.09|42|2.21|115|455|317|19110.0
202409|ADM|42|41110|47110000|경기|강남구|인계동|1120000000|서초1동|2|35|3|1|7|1454|199|199|839|73563|15938.0|11891.0|4134.0|0.0|15756|11887|3869|3171662.0|2366309.0|822666.0|0.0|4728112|1900343|682242|404543|51|108|35|11|9178161|1543446|3299638|50653|7.46|10|4.35|59|108|49|1080.0
202409|CNTY_GU|46|28110|26140000|인천|수원시|서초동|2811000000|역삼1가|2|55|0|1|10|1561|348|348|692|31065|16045.0|5518.0|5612.0|4915.0|12814|4029|5307|5583660.0|1920264.0|1952976.0|1710420.0|733970|287700|948941|308421|36|165|49|11|664539|13198551|3021447|36813|5.48|9|1.83|18|471|352|4239.0
202409|PRVNC|47|27110|11110000|인천|강남구|서초동|4211000000|역삼1가|2|55|1|2|7|22|425|425|624|36502|26350.0|14833.0|6294.0|5223.0|22211|11588|5434|11198750.0|6304025.0|2674950.0|2219775.0|4893215|152119|138616|406950|117|197|122|31|1528495|1057278|2223006|25923|4.32|33|2.1|149|132|404|4356.0
202409|CNTY_GU|27|41150|41110000|경기|강남구|역삼동|4413000000|서초1동|1|35|0|2|4|563|226|226|570|17132|12674.0|6434.0|2604.0|3636.0|10752|6223|2475|2864324.0|1454084.0|588504.0|821736.0|1170929|1624510|392685|145|67|132|47|15|4461950|7095359|2251218|409680|5.06|26|3.11|140|212|365|5512.0
202409|PRVNC|45|41110|11140000|대구|서초구|역삼동|2811000000|인계동|1|60|1|1|9|1334|332|332|997|86177|6442.0|4631.0|1966.0|0.0|4922|3807|1907|2138744.0|1537492.0|652712.0|0.0|4830014|1626089|545678|271746|56|183|42|24|7188779|16754127|4504765|789219|2.09|19|1.7|173|440|236|8360.0
202409|CNTY_GU|26|11170|46110000|경기|성남시|서초동|4111000000|역삼1가|1|70|0|2|10|1201|84|84|615|50732|1794.0|765.0|381.0|648.0|1680|632|317|150696.0|64260.0|32004.0|54432.0|1657367|357433|446704|44667|23|49|18|2|8329934|91508|413584|626222|7.87|3|4.48|114|16|307|48.0
202409|ADM|46|41130|27110000|인천|수원시|서초동|2614000000|인계동|2|55|2|2|1|52|487|487|1|52125|1669.0|676.0|195.0|798.0|1218|493|148|812803.0|329212.0|94965.0|388626.0|4623077|2074267|226658|399955|59|278|87|21|3162248|2392832|933975|128159|3.34|59|1.37|173|343|39|20237.0
202409|CNTY_GU|44|11170|44130000|대구|수원시|역삼동|2614000000|역삼1가|2|40|3|1|3|1413|378|378|964|38943|11898.0|9178.0|1216.0|1504.0|11558|6652|958|4497444.0|3469284.0|459648.0|568512.0|1835274|2979293|652019|100646|73|167|86|7|7282396|6489943|716401|495855|3.32|45|4.93|96|384|435|17280.0
202409|PRVNC|45|11110|27110000|인천|강남구|서초동|1117000000|인계동|1|50|0|1|3|1174|383|383|694|92037|39384.0|30941.0|11500.0|0.0|34702|24552|8342|15084072.0|11850403.0|4404500.0|0.0|3163060|2698256|92926|334480|109|183|44|11|5245879|17161043|3409176|644006|7.53|5|3.71|33|292|211|1460.0
202409|ADM|46|11200|46110000|경기|서초구|서초동|4311000000|인계동|1|55|0|2|3|880|314|314|700|75967|27412.0|8573.0|4587.0|14252.0|26287|6856|4275|8607368.0|2691922.0|1440318.0|4475128.0|2600333|2037053|968599|422961|63|182|54|10|9646670|3894434|4026906|1136797|2.94|7|3.01|173|227|397|1589.0
202409|ADM|45|42110|45110000|인천|수원시|인계동|2811000000|서초1동|1|45|1|2|7|555|318|318|560|88580|14493.0|7047.0|5282.0|2164.0|14439|6574|4127|4608774.0|2240946.0|1679676.0|688152.0|54240|1363653|508324|179808|38|151|82|13|9891232|6855460|527980|1556468|5.6|22|2.5|35|318|489|6996.0
202409|ADM|45|11170|26110000|인천|강남구|인계동|4711000000|역삼1가|2|65|3|1|8|1671|273|273|827|78294|9597.0|5667.0|2438.0|1492.0|7964|4725|2375|2619981.0|1547091.0|665574.0|407316.0|3667254|1016737|550279|210484|68|148|34|12|8778735|2671465|2126923|1398530|3.13|5|1.36|43|268|430|1340.0
202409|ADM|41|27110|47110000|경기|성남시|역삼동|4211000000|인계동|1|40|1|1|7|1923|133|133|130|86201|6897.0|4451.0|2141.0|305.0|5958|4335|1912|917301.0|591983.0|284753.0|40565.0|3654322|2882773|265042|133507|35|76|29|2|1702828|3472832|2919314|46806|4.37|15|1.35|89|199|175|2985.0
202409|CNTY_GU|27|26140|43110000|부산|강남구|서초동|4711000000|역삼1가|1|40|1|1|10|72|28|28|928|12592|15363.0|4629.0|2989.0|7745.0|11569|4475|2109|430164.0|129612.0|83692.0|216860.0|2220507|2400968|918822|428675|8|13|3|0|8699265|7998458|4494015|1867573|6.08|4|1.91|139|420|285|1680.0
202409|ADM|47|11110|26140000|대구|성남시|인계동|1117000000|인계동|1|35|0|1|9|1106|353|353|989|46239|0.0|0.0|0.0|0.0|0|0|0|0.0|0.0|0.0|0.0|3294843|1958387|552285|160362|86|203|41|14|1652404|19294881|2781049|682467|6.32|43|4.66|158|332|153|14276.0
202409|ADM|45|44130|28110000|부산|강남구|인계동|1120000000|서초1동|1|40|0|1|4|667|355|355|472|39163|35917.0|20364.0|7510.0|8043.0|35611|18142|5826|12750535.0|7229220.0|2666050.0|2855265.0|4277566|1801954|475091|4496|69|149|75|11|2596085|8220156|3061029|387247|4.77|37|2.83|32|395|301|14615.0
202409|ADM|46|45110|11170000|서울|서초구|역삼동|1120000000|역삼1가|2|50|0|2|2|1186|180|180|145|40767|25208.0|11357.0|4081.0|9770.0|19675|7999|3218|4537440.0|2044260.0|734580.0|1758600.0|3174298|2329396|502045|271193|31|72|31|9|9283371|8290114|349823|567489|4.41|15|4.58|46|164|195|2460.0
202409|CNTY_GU|26|11170|43110000|대구|수원시|인계동|2811000000|역삼1가|2|25|2|1|1|566|480|480|760|33699|40405.0|15588.0|14450.0|10367.0|34465|15366|10199|19394400.0|7482240.0|6936000.0|4976160.0|2992980|1369927|866718|31929|143|219|90|10|3073118|686412|3912569|266335|6.52|61|1.25|152|360|430|21960.0
202409|CNTY_GU|27|26110|11110000|경기|수원시|역삼동|1114000000|서초1동|1|25|3|1|9|1563|490|490|858|94107|2155.0|1463.0|560.0|132.0|1942|1380|408|1055950.0|716870.0|274400.0|64680.0|2343291|1021639|109643|399916|59|262|66|17|7124731|10662678|446546|1354983|2.48|3|4.59|75|119|380|357.0
202409|ADM|43|26140|44130000|서울|서초구|역삼동|4211000000|서초1동|1|55|1|2|1|831|24|24|734|38863|15436.0|11528.0|2720.0|1188.0|14537|9999|2692|370464.0|276672.0|65280.0|28512.0|127906|789526|491943|446192|5|10|4|0|433790|19212849|3940398|1253622|2.77|1|2.54|85|279|33|279.0
202409|CNTY_GU|27|46110|11140000|서울|강남구|인계동|4111000000|인계동|2|50|2|2|10|1430|232|232|436|49445|41972.0|20429.0|9734.0|11809.0|38932|19560|7532|9737504.0|4739528.0|2258288.0|2739688.0|1947388|1378611|433546|134191|54|115|40|11|3080219|9388458|227704|1616388|7.45|29|2.21|60|157|83|4553.0
202409|CNTY_GU|44|41110|47110000|부산|성남시|역삼동|2611000000|서초1동|2|35|1|1|3|1632|320|320|312|51514|27348.0|14171.0|9722.0|3455.0|20621|10295|9035|8751360.0|4534720.0|3111040.0|1105600.0|757063|1194243|438433|209369|76|129|52|19|4101649|1928846|815273|410997|5.77|31|2.52|14|85|379|2635.0
202409|ADM|44|11110|11200000|대구|수원시|서초동|4211000000|역삼1가|2|55|0|2|2|1027|132|132|729|72388|15012.0|9838.0|2344.0|2830.0|13011|9566|2164|1981584.0|1298616.0|309408.0|373560.0|1979817|1836210|627164|288197|33|55|36|12|8552288|15889661|2827631|1441472|2.39|8|1.85|98|232|474|1856.0
202409|ADM|41|11110|42110000|부산|강남구|역삼동|4111000000|서초1동|1|60|1|1|6|961|128|128|632|47167|22279.0|16152.0|6849.0|0.0|19338|13175|5559|2851712.0|2067456.0|876672.0|0.0|3224332|1936069|487684|403131|22|76|19|1|7522152|7285120|1935941|1496501|6.27|18|4.21|128|91|207|1638.0
202409|CNTY_GU|26|47110|46110000|경기|서초구|역삼동|1111000000|서초1동|1|50|2|2|6|1966|98|98|506|99138|46034.0|29496.0|6476.0|10062.0|42342|25637|4788|4511332.0|2890608.0|634648.0|986076.0|389669|1082444|618069|241965|26|49|26|1|6977916|10912385|4941502|397693|7.59|5|3.07|107|486|398|2430.0
202409|PRVNC|45|26110|11140000|부산|강남구|서초동|4111000000|인계동|1|55|0|1|7|1899|423|423|564|66957|46326.0|14072.0|10305.0|21949.0|35121|13733|10129|19595898.0|5952456.0|4359015.0|9284427.0|1882245|797348|535725|75544|99|171|45|15|8438935|2538968|2264274|586820|7.41|37|3.0|82|27|272|999.0
202409|ADM|41|11170|41110000|인천|성남시|역삼동|2611000000|역삼1가|2|40|2|1|6|1948|118|118|953|59575|32261.0|13710.0|6569.0|11982.0|24249|12197|5190|3806798.0|1617780.0|775142.0|1413876.0|782066|1358357|542787|411691|23|61|18|10|6035954|7535986|4984241|1706572|4.86|16|3.04|138|239|32|3824.0
202409|ADM|41|41130|26140000|부산|서초구|인계동|4413000000|인계동|1|60|0|1|7|1716|34|34|637|35825|34866.0|15232.0|7742.0|11892.0|33024|13231|6113|1185444.0|517888.0|263228.0|404328.0|1482142|612558|216884|229227|5|18|7|2|7147218|18923995|389276|1546171|2.02|4|2.06|142|238|6|952.0
202409|ADM|26|11170|41110000|대구|서초구|인계동|4611000000|역삼1가|1|30|1|1|10|1948|269|269|729|13673|36661.0|18379.0|4653.0|13629.0|34751|14528|3809|9861809.0|4943951.0|1251657.0|3666201.0|3955305|2012679|891612|276884|59|157|72|16|5906898|5006767|2093527|4119|4.89|18|2.73|78|161|453|2898.0
202409|CNTY_GU|47|44130|44130000|인천|서초구|역삼동|2811000000|인계동|2|60|2|2|9|741|213|213|422|39466|47740.0|36567.0|12290.0|0.0|45562|35003|11706|10168620.0|7788771.0|2617770.0|0.0|1541051|1748061|316851|132892|56|104|29|6|318086|13641754|2863732|1458293|7.01|15|1.7|43|254|336|3810.0
202409|CNTY_GU|42|42110|43110000|대구|강남구|인계동|1111000000|서초1동|2|60|0|1|6|1336|374|374|752|76762|2970.0|1546.0|970.0|454.0|2639|1346|876|1110780.0|578204.0|362780.0|169796.0|2605283|2258512|636122|75222|90|214|80|34|9171775|4178350|4804610|1282853|2.21|14|3.98|107|52|161|728.0
202409|CNTY_GU|43|43110|46110000|경기|강남구|서초동|4113000000|서초1동|2|60|2|2|1|62|445|445|127|86395|22799.0|9373.0|2973.0|10453.0|19632|7449|2600|10145555.0|4170985.0|1322985.0|4651585.0|2691469|2603368|902234|273596|68|237|96|10|2559332|14046062|3321011|407095|7.08|2|2.55|31|83|490|166.0
202409|ADM|26|26110|41150000|부산|서초구|역삼동|1120000000|역삼1가|1|60|0|1|1|877|391|391|515|88304|19979.0|8745.0|3687.0|7547.0|17341|7866|3141|7811789.0|3419295.0|1441617.0|2950877.0|90218|2840409|438513|213208|116|223|75|24|6871415|17289836|4001212|586257|2.91|26|3.24|79|309|352|8034.0
202409|ADM|46|46110|41130000|대구|성남시|인계동|4711000000|서초1동|1|35|0|1|7|1800|333|333|769|47735|41950.0|16382.0|16674.0|8894.0|31998|15055|12976|13969350.0|5455206.0|5552442.0|2961702.0|83116|619611|21225|104035|45|193|93|9|969158|10092075|1574692|124544|3.56|40|4.37|18|452|152|18080.0
202409|ADM|45|28110|47110000|부산|강남구|역삼동|4413000000|서초1동|2|70|1|2|8|1663|2|2|204|99891|5902.0|3471.0|2178.0|253.0|5373|3014|1571|11804.0|6942.0|4356.0|506.0|1384638|152301|707445|39808|0|1|0|0|3363401|1134325|3723004|912891|7.02|0|1.87|78|0|148|0.0
202409|ADM|45|11140|28110000|대구|강남구|서초동|2611000000|인계동|2|20|0|1|2|1738|2|2|416|19350|28050.0|11123.0|5714.0|11213.0|21024|9862|4524|56100.0|22246.0|11428.0|22426.0|2927113|1399802|738505|101448|0|0|0|0|4696437|10737522|256493|980461|6.69|0|4.68|167|0|315|0.0
202409|CNTY_GU|43|41150|42110000|부산|성남시|인계동|2811000000|역삼1가|2|40|1|2|10|1821|207|207|268|72775|49002.0|33364.0|8764.0|6874.0|37611|31871|6904|10143414.0|6906348.0|1814148.0|1422918.0|4798165|1160759|148648|220508|59|91|58|13|1724087|267391|3533507|54000|7.86|4|2.36|33|299|102|1196.0
202409|ADM|44|11140|11140000|경기|성남시|인계동|1117000000|인계동|2|45|0|2|8|1326|390|390|628|26503|45142.0|24210.0|6352.0|14580.0|39969|18507|5873|17605380.0|9441900.0|2477280.0|5686200.0|4126026|1976007|670642|465657|69|207|78|34|7931461|1107436|463316|616116|4.76|28|2.29|5|490|126|13720.0
202409|CNTY_GU|26|41150|41150000|대구|성남시|역삼동|4113000000|인계동|1|60|1|2|4|1489|204|204|27|97763|14848.0|10463.0|2620.0|1765.0|13920|8075|2010|3028992.0|2134452.0|534480.0|360060.0|2115856|1927602|309469|347889|31|91|22|11|8045446|948157|4035814|1268202|6.21|17|2.23|84|118|244|2006.0
202409|CNTY_GU|43|11140|47110000|부산|수원시|인계동|4711000000|서초1동|2|55|3|1|9|1297|340|340|582|24967|16256.0|8785.0|3267.0|4204.0|15897|7795|2349|5527040.0|2986900.0|1110780.0|1429360.0|1491261|2490531|755966|92432|98|165|36|29|2035223|10289094|3546989|170680|4.83|14|2.31|117|156|230|2184.0
202409|CNTY_GU|26|43110|27110000|경기|서초구|역삼동|2811000000|역삼1가|2|40|0|2|8|1136|221|221|517|98965|6511.0|2642.0|1202.0|2667.0|6256|2234|1143|1438931.0|583882.0|265642.0|589407.0|4326182|2907354|540240|132844|49|111|28|0|7573064|9478315|4004945|76055|3.18|18|4.14|18|438|394|7884.0
202409|ADM|41|26110|11200000|인천|성남시|인계동|1120000000|서초1동|1|40|2|1|5|1882|106|106|162|37291|19603.0|10040.0|2960.0|6603.0|19251|9225|2920|2077918.0|1064240.0|313760.0|699918.0|4455783|1584113|760276|16694|27|48|11|8|6375803|8109353|2129871|537631|2.44|10|4.23|44|108|51|1080.0
202409|ADM|42|11200|26140000|인천|수원시|역삼동|1114000000|인계동|2|40|0|2|3|1878|365|365|565|68349|5611.0|4406.0|1653.0|0.0|5544|3682|1468|2048015.0|1608190.0|603345.0|0.0|4027086|1647991|873982|178098|84|155|80|9|4345432|16614541|3293468|1337814|7.59|34|3.59|93|327|40|11118.0
202409|ADM|42|26110|28110000|서울|강남구|인계동|2614000000|역삼1가|2|45|2|1|8|567|77|77|629|96797|13534.0|7221.0|1508.0|4805.0|9509|5763|1125|1042118.0|556017.0|116116.0|369985.0|2455970|878283|805931|286796|21|31|16|6|4940598|10855814|3545992|799369|6.24|9|2.65|20|195|145|1755.0
202409|CNTY_GU|11|11200|47110000|경기|수원시|역삼동|4111000000|인계동|1|40|3|2|2|1561|378|378|139|31347|29438.0|20763.0|6266.0|2409.0|27771|15679|5276|11127564.0|7848414.0|2368548.0|910602.0|2430410|2849313|131330|407258|101|225|108|3|5340804|463140|2443964|1841946|2.21|30|4.22|83|111|8|3330.0
202409|CNTY_GU|42|11140|26140000|인천|성남시|인계동|1120000000|서초1동|1|60|1|1|3|1737|268|268|380|84047|44783.0|17604.0|12731.0|14448.0|37889|17249|9182|12001844.0|4717872.0|3411908.0|3872064.0|2570615|2950713|401356|352183|38|154|60|9|4315506|5658831|1585457|1517115|2.58|20|3.26|145|75|70|1500.0
202409|ADM|41|11200|26110000|부산|강남구|인계동|1111000000|인계동|2|50|1|1|8|1096|245|245|830|14086|28129.0|10877.0|3956.0|13296.0|19704|10212|3563|6891605.0|2664865.0|969220.0|3257520.0|4152030|75774|34923|317579|67|102|55|19|6436905|11940574|2325750|911004|3.23|24|4.99|101|84|461|2016.0
202409|ADM|11|46110|26110000|인천|서초구|역삼동|2711000000|역삼1가|2|25|1|1|3|1355|327|327|466|47688|20684.0|14251.0|5201.0|1232.0|18149|11598|4156|6763668.0|4660077.0|1700727.0|402864.0|675435|1669633|509330|341869|56|161|79|16|1727409|13391675|841435|915358|6.71|11|1.43|113|282|176|3102.0
202409|CNTY_GU|44|46110|43110000|서울|강남구|역삼동|4611000000|서초1동|1|20|2|1|6|1775|243|243|601|40778|13338.0|10006.0|4945.0|0.0|9576|8092|4836|3241134.0|2431458.0|1201635.0|0.0|3632715|654073|469513|380953|51|129|40|9|2113699|7480560|1609694|867436|4.5|35|2.41|5|459|148|16065.0
202409|ADM|47|46110|47110000|대구|성남시|인계동|1120000000|역삼1가|2|60|0|2|4|19|159|159|701|52651|41385.0|22853.0|9739.0|8793.0|39119|21731|8300|6580215.0|3633627.0|1548501.0|1398087.0|596068|1020506|134000|393988|40|74|43|11|5549199|5317170|3880530|1940727|2.99|3|4.45|51|328|403|984.0
202409|ADM|41|41130|11200000|경기|서초구|인계동|4711000000|서초1동|2|30|0|1|8|456|225|225|49|11160|44912.0|27830.0|8704.0|8378.0|31826|24386|7201|10105200.0|6261750.0|1958400.0|1885050.0|1544784|1592323|29667|250206|59|127|53|7|699196|16735406|3919439|363540|5.46|6|3.47|141|460|207|2760.0
202409|CNTY_GU|47|26110|27110000|인천|서초구|역삼동|2711000000|역삼1가|2|20|0|2|10|884|496|496|606|38260|19783.0|8871.0|4961.0|5951.0|18168|6753|3746|9812368.0|4400016.0|2460656.0|2951696.0|1995063|924500|273513|232970|55|228|70|25|9578306|1593134|833869|1323520|3.18|41|4.3|150|239|267|9799.0
202409|CNTY_GU|44|47110|41110000|서울|서초구|역삼동|4115000000|인계동|2|25|2|1|1|1801|327|327|110|13495|43531.0|29854.0|13215.0|462.0|33463|23328|10096|14234637.0|9762258.0|4321305.0|151074.0|3273424|2207478|759259|136050|41|180|97|24|8562411|14104150|1589002|1770331|3.05|44|2.07|24|466|351|20504.0
202409|CNTY_GU|42|11140|44130000|대구|성남시|인계동|1114000000|인계동|1|30|1|1|10|1406|403|403|628|48425|32968.0|21964.0|5097.0|5907.0|24596|20595|4017|13286104.0|8851492.0|2054091.0|2380521.0|1903247|2990358|667040|311132|97|230|78|6|1241429|10506653|2353530|187965|5.32|35|2.47|98|192|379|6720.0
202409|CNTY_GU|11|44130|47110000|서울|강남구|인계동|4711000000|인계동|2|70|3|1|1|415|497|497|578|57210|7051.0|3101.0|775.0|3175.0|5188|2434|543|3504347.0|1541197.0|385175.0|1577975.0|3570651|2661701|507798|51669|84|271|106|38|8221455|7035660|1100785|1398756|4.48|71|3.48|59|360|495|25560.0
202409|CNTY_GU|11|46110|41150000|서울|서초구|인계동|1114000000|서초1동|1|30|3|2|5|1373|271|271|344|65551|30719.0|16683.0|4500.0|9536.0|22665|16622|4456|8324849.0|4521093.0|1219500.0|2584256.0|844577|1597666|35024|260651|38|124|50|15|2396826|14957653|26081|353662|3.21|8|4.17|36|408|343|3264.0
202409|ADM|43|28110|41110000|서울|서초구|서초동|4211000000|서초1동|2|55|2|1|5|499|42|42|64|14965|12611.0|5360.0|4679.0|2572.0|9239|4545|4213|529662.0|225120.0|196518.0|108024.0|528696|1814103|670754|315588|4|22|10|3|1629227|145733|2901235|1474480|4.64|0|3.03|157|0|490|0.0
202409|ADM|45|11170|42110000|부산|수원시|서초동|2611000000|역삼1가|1|55|2|1|3|1349|284|284|907|55797|9447.0|5568.0|3290.0|589.0|8043|4937|2899|2682948.0|1581312.0|934360.0|167276.0|13693|2083474|645919|153969|33|162|56|2|6796885|500641|1218233|658201|3.0|16|2.97|178|275|314|4400.0
202409|ADM|27|44130|41130000|서울|성남시|역삼동|1117000000|서초1동|1|40|3|2|8|1937|159|159|601|92974|42948.0|22347.0|5704.0|14897.0|36052|19069|4038|6828732.0|3553173.0|906936.0|2368623.0|299342|2534668|526949|123111|39|82|41|11|9226247|14528993|2672960|677147|5.26|3|3.62|15|306|458|918.0
202409|CNTY_GU|27|45110|42110000|서울|성남시|인계동|4115000000|서초1동|1|30|2|2|9|1028|126|126|92|60637|48638.0|20808.0|11868.0|15962.0|44744|20314|10295|6128388.0|2621808.0|1495368.0|2011212.0|197862|2940811|447025|183103|28|67|34|4|2214325|3234297|3133099|754326|7.52|4|1.33|62|355|358|1420.0
202409|PRVNC|11|41110|45110000|서울|강남구|서초동|2611000000|서초1동|1|60|0|1|7|645|413|413|457|17334|3672.0|2560.0|426.0|686.0|3298|2424|407|1516536.0|1057280.0|175938.0|283318.0|2144461|1491911|829091|375518|103|171|44|8|3053972|472369|3779142|1678034|2.31|45|4.98|179|33|197|1485.0
202409|ADM|43|27110|26110000|서울|서초구|서초동|4111000000|서초1동|1|65|0|2|8|445|261|261|918|60502|23617.0|15150.0|8508.0|0.0|18682|12654|6929|6164037.0|3954150.0|2220588.0|0.0|4853582|2573266|226364|127748|74|112|41|21|4121442|14663843|56744|617138|7.35|0|4.97|157|0|440|0.0
202409|PRVNC|43|28110|41110000|인천|서초구|역삼동|4111000000|역삼1가|1|55|0|1|1|1416|376|376|99|44602|9336.0|7022.0|1988.0|326.0|9228|5644|1501|3510336.0|2640272.0|747488.0|122576.0|4995284|765692|400433|13672|76|177|86|33|830857|13283685|4217284|1562698|3.12|15|1.36|102|442|38|6630.0
202409|ADM|45|41150|11140000|부산|성남시|서초동|2811000000|인계동|1|50|1|1|1|821|458|458|512|65613|1219.0|973.0|354.0|0.0|1173|826|334|558302.0|445634.0|162132.0|0.0|1708872|668936|617977|487554|63|217|119|42|4935382|17646885|174897|805621|5.52|57|3.84|59|350|156|19950.0
202409|CNTY_GU|42|41150|44130000|부산|서초구|서초동|4115000000|인계동|1|45|0|1|8|85|320|320|856|34392|1200.0|542.0|256.0|402.0|1109|457|214|384000.0|173440.0|81920.0|128640.0|4021736|1181326|480179|380775|76|167|70|7|9848806|12176643|4601938|1739011|2.03|28|1.09|69|12|266|336.0
202409|ADM|47|41110|43110000|서울|서초구|역삼동|2811000000|서초1동|2|60|2|2|3|1605|160|160|873|24128|36392.0|23405.0|9404.0|3583.0|25809|23118|7298|5822720.0|3744800.0|1504640.0|573280.0|1153|2653057|711700|204467|47|72|44|8|4941964|19177990|1571442|477641|6.98|7|4.48|62|60|173|420.0
202409|ADM|26|28110|47110000|대구|성남시|서초동|2711000000|역삼1가|2|25|1|1|1|1467|232|232|233|80006|29260.0|14658.0|11145.0|3457.0|22246|11070|8530|6788320.0|3400656.0|2585640.0|802024.0|3152250|1967207|976888|393483|41|121|31|4|2626598|4464821|4559700|550557|3.21|31|4.7|6|402|330|12462.0
202409|CNTY_GU|47|41150|47110000|경기|수원시|역삼동|1120000000|인계동|2|40|1|1|5|837|424|424|523|64874|8099.0|4184.0|1354.0|2561.0|7282|3044|1291|3433976.0|1774016.0|574096.0|1085864.0|4282988|466755|846445|156036|108|203|69|31|2541053|17401637|3738564|1818046|2.63|50|3.02|132|19|302|950.0
202409|ADM|44|11110|41110000|대구|수원시|인계동|1114000000|서초1동|1|60|0|1|10|1982|285|285|723|52283|21027.0|16417.0|6076.0|0.0|15219|13315|5590|5992695.0|4678845.0|1731660.0|0.0|3474238|2193582|54943|284751|48|150|70|12|3156188|8639172|2382739|1334557|2.79|29|4.25|62|186|80|5394.0
202409|CNTY_GU|11|28110|45110000|인천|수원시|서초동|2811000000|인계동|2|40|1|1|1|1753|14|14|638|10361|24286.0|13886.0|7780.0|2620.0|23291|13250|7758|340004.0|194404.0|108920.0|36680.0|1729633|353445|329363|212095|3|7|1|1|2696552|17165228|3399267|1583236|3.75|1|1.42|51|358|39|358.0
202409|PRVNC|43|47110|11170000|서울|강남구|역삼동|1114000000|인계동|1|25|2|2|7|1568|88|88|398|10919|30026.0|22426.0|4728.0|2872.0|22932|17419|4409|2642288.0|1973488.0|416064.0|252736.0|1396735|887117|46339|326231|24|41|14|4|4490863|3730034|1362649|804858|5.24|0|2.15|170|0|458|0.0
202409|CNTY_GU|47|11200|41130000|서울|강남구|역삼동|4311000000|역삼1가|2|40|1|1|3|1479|385|385|168|61684|20959.0|7737.0|5755.0|7467.0|15475|6121|4493|8069215.0|2978745.0|2215675.0|2874795.0|227850|1095322|624444|367134|87|162|56|4|9726290|16219735|3093890|674313|7.76|56|3.18|84|15|180|840.0
202409|CNTY_GU|11|46110|26110000|경기|서초구|역삼동|2611000000|역삼1가|1|45|0|1|5|1867|103|103|43|57074|43404.0|26926.0|8040.0|8438.0|39707|21036|7446|4470612.0|2773378.0|828120.0|869114.0|1386515|1232232|213833|340247|30|57|18|8|2209963|18580443|257549|1123327|7.17|3|2.26|59|375|149|1125.0
202409|ADM|45|41130|47110000|경기|수원시|인계동|4211000000|역삼1가|2|35|0|1|3|936|432|432|203|53180|19250.0|14697.0|3264.0|1289.0|18819|14624|2986|8316000.0|6349104.0|1410048.0|556848.0|2829091|1470737|762110|7142|94|252|120|21|6716797|15993404|592364|1514263|6.48|42|3.66|115|442|111|18564.0
202409|PRVNC|44|41150|11200000|대구|서초구|역삼동|2611000000|역삼1가|2|20|3|1|9|1944|454|454|339|66574|15746.0|9172.0|4314.0|2260.0|13189|8472|3824|7148684.0|4164088.0|1958556.0|1026040.0|709530|1239566|575018|84505|102|244|71|16|8067659|10554405|1067155|37575|3.42|34|4.06|125|301|386|10234.0
202409|ADM|43|43110|41130000|경기|성남시|인계동|1120000000|역삼1가|1|60|3|1|9|1114|144|144|488|93268|6333.0|2718.0|1803.0|1812.0|6213|2211|1542|911952.0|391392.0|259632.0|260928.0|202897|1578007|155227|40509|16|83|16|11|5441810|2998437|601746|365266|3.09|20|1.65|49|352|391|7040.0
202409|PRVNC|43|28110|41150000|서울|강남구|인계동|4111000000|서초1동|2|30|0|1|3|1330|304|304|171|94868|39379.0|25270.0|6375.0|7734.0|32783|22032|6330|11971216.0|7682080.0|1938000.0|2351136.0|1505267|792803|242184|136808|79|123|56|15|6899612|17357731|3006876|939473|2.22|34|4.61|27|157|179|5338.0
202409|ADM|41|41150|43110000|부산|성남시|역삼동|1117000000|역삼1가|1|50|3|2|1|1242|271|271|203|30614|49118.0|35477.0|13636.0|5.0|40310|27083|10173|13310978.0|9614267.0|3695356.0|1355.0|2600305|1361566|743086|127788|71|158|44|12|4958712|10479610|4309004|1431658|3.56|17|2.44|68|206|441|3502.0
202409|CNTY_GU|27|41150|41110000|대구|강남구|인계동|2611000000|역삼1가|2|30|1|2|4|1211|38|38|844|19159|36263.0|27360.0|3866.0|5037.0|32331|24484|3273|1377994.0|1039680.0|146908.0|191406.0|4236635|2383987|63030|370452|3|18|8|2|4385736|3248321|4130872|735432|4.0|2|4.41|23|497|70|994.0
202409|CNTY_GU|46|41130|26140000|대구|강남구|인계동|2614000000|역삼1가|1|35|0|1|9|652|109|109|253|28238|35619.0|24795.0|14202.0|0.0|30379|20925|13279|3882471.0|2702655.0|1548018.0|0.0|3355333|1894201|413879|143740|12|49|17|2|9335550|12044884|4862412|1335464|7.61|2|2.6|149|21|173|42.0
202409|CNTY_GU|26|11110|26110000|서울|성남시|인계동|4111000000|역삼1가|2|20|0|2|4|1390|149|149|733|96533|16299.0|5247.0|4062.0|6990.0|13075|4563|3183|2428551.0|781803.0|605238.0|1041510.0|2391296|302437|11028|371148|30|84|31|9|7559019|17325544|710509|828517|6.02|18|3.06|157|148|144|2664.0
202409|CNTY_GU|42|11140|28110000|경기|강남구|역삼동|4111000000|인계동|2|25|0|1|3|1688|34|34|251|56667|14555.0|9045.0|5642.0|0.0|12430|8048|4889|494870.0|307530.0|191828.0|0.0|2498237|2160036|787001|188808|8|16|3|0|6088596|637907|3266906|894735|6.71|3|3.65|23|437|357|1311.0
202409|PRVNC|27|26140|44130000|서울|서초구|서초동|4113000000|인계동|1|35|0|1|4|689|183|183|345|87892|38645.0|24986.0|9580.0|4079.0|27992|23632|7305|7072035.0|4572438.0|1753140.0|746457.0|1869421|1614268|22540|204608|32|89|31|9|9454452|15624218|4045500|1626071|5.48|16|1.67|117|220|302|3520.0
202409|CNTY_GU|47|11110|41110000|서울|서초구|서초동|1120000000|서초1동|2|35|0|1|10|1872|244|244|250|41744|42413.0|14680.0|13227.0|14506.0|37283|12764|10831|10348772.0|3581920.0|3227388.0|3539464.0|4734539|2375482|53231|283934|48|101|29|18|3741414|17531719|4507095|1929490|7.28|7|1.87|159|240|356|1680.0
202409|ADM|27|47110|44130000|부산|강남구|인계동|4611000000|인계동|2|70|1|1|10|1476|494|494|35|40546|20611.0|12661.0|7348.0|602.0|19517|9011|6068|10181834.0|6254534.0|3629912.0|297388.0|2980805|2275215|335574|89893|142|280|87|29|5067408|15426636|1472787|1167836|4.76|14|2.25|5|474|329|6636.0
202409|ADM|45|47110|26140000|서울|강남구|역삼동|1114000000|인계동|2|45|1|1|9|947|168|168|321|31742|23845.0|14725.0|4372.0|4748.0|17815|13793|4178|4005960.0|2473800.0|734496.0|797664.0|4383763|2790624|693258|12220|35|92|21|3|9630496|18578134|602447|42924|4.96|10|1.65|103|464|162|4640.0
202409|ADM|42|47110|27110000|부산|서초구|서초동|2711000000|서초1동|2|70|1|1|5|215|241|241|424|83844|28696.0|9473.0|3815.0|15408.0|20321|6651|3697|6915736.0|2282993.0|919415.0|3713328.0|4956586|721394|854229|155321|67|125|40|6|9691286|11353610|2098296|840884|4.96|33|1.6|173|88|264|2904.0
202409|ADM|26|26140|41130000|부산|서초구|서초동|4115000000|서초1동|1|65|0|1|4|1780|110|110|722|49454|24842.0|9099.0|5068.0|10675.0|20016|7166|3872|2732620.0|1000890.0|557480.0|1174250.0|3020349|778747|733901|13390|21|64|14|6|3169539|156236|1977799|1647411|5.29|12|2.93|38|458|63|5496.0
202409|ADM|26|11140|41150000|서울|서초구|역삼동|1111000000|역삼1가|2|50|1|2|3|56|232|232|809|63283|23974.0|11073.0|7321.0|5580.0|18941|7981|5146|5561968.0|2568936.0|1698472.0|1294560.0|1845767|2411332|384390|347915|39|129|24|3|9150594|6186665|4717301|127223|2.56|1|3.16|136|39|472|39.0
202409|ADM|41|41130|28110000|경기|성남시|서초동|4115000000|인계동|1|50|1|2|5|1240|230|230|317|73068|687.0|372.0|259.0|56.0|622|365|194|158010.0|85560.0|59570.0|12880.0|332452|2145027|78059|341844|25|133|33|8|7795969|17582392|4551217|1916401|5.64|27|2.26|174|205|316|5535.0
202409|CNTY_GU|27|41110|44130000|인천|성남시|역삼동|4211000000|인계동|1|25|0|1|8|154|122|122|866|41806|30405.0|9705.0|8449.0|12251.0|21962|8784|6992|3709410.0|1184010.0|1030778.0|1494622.0|2556667|2796411|449251|109060|26|61|19|7|4998721|17007051|1455476|506590|2.72|6|1.28|150|23|426|138.0
202409|PRVNC|42|26110|11170000|부산|서초구|인계동|4111000000|인계동|1|25|0|1|7|1557|259|259|469|99670|24399.0|13395.0|5827.0|5177.0|19415|12355|5359|6319341.0|3469305.0|1509193.0|1340843.0|4643915|226117|2670|293352|71|141|42|23|2587392|1362134|2465820|790997|3.17|22|4.23|164|163|320|3586.0
202409|ADM|43|46110|27110000|경기|강남구|서초동|1120000000|인계동|1|35|0|2|5|1740|4|4|193|11509|38105.0|25966.0|12949.0|0.0|26907|24081|12312|152420.0|103864.0|51796.0|0.0|958116|2383250|964562|449466|0|2|0|0|1093339|123835|1517704|1886736|5.17|0|4.77|29|0|61|0.0
202409|CNTY_GU|43|46110|11170000|대구|수원시|인계동|1120000000|인계동|2|25|2|2|3|1341|462|462|863|36483|38400.0|27047.0|8669.0|2684.0|36896|24637|6578|17740800.0|12495714.0|4005078.0|1240008.0|2797791|1026179|959720|75125|48|215|127|42|3037103|7611817|3284968|28496|4.86|11|3.44|178|210|434|2310.0
202409|ADM|45|44130|27110000|대구|수원시|서초동|4311000000|서초1동|1|55|3|1|2|716|185|185|138|17561|12514.0|8935.0|3307.0|272.0|10453|7586|3100|2315090.0|1652975.0|611795.0|50320.0|4688689|102875|461312|447485|38|110|36|12|7859491|11693849|484927|1922404|3.46|26|3.96|121|259|379|6734.0
202409|ADM|41|27110|11170000|대구|수원시|인계동|2614000000|역삼1가|1|70|0|2|4|1789|349|349|603|46361|28801.0|10620.0|9634.0|8547.0|20252|9129|8104|10051549.0|3706380.0|3362266.0|2982903.0|3879563|2750243|475100|76619|64|165|41|20|9023753|6270633|1881328|105997|6.31|25|1.28|70|433|214|10825.0
202409|ADM|43|27110|28110000|부산|성남시|서초동|4511000000|역삼1가|1|70|3|1|2|1208|4|4|840|92694|25603.0|11931.0|4149.0|9523.0|25054|8921|3001|102412.0|47724.0|16596.0|38092.0|4311365|1275757|556089|379971|1|1|0|0|5428901|644441|3073500|430369|5.51|0|1.11|155|0|65|0.0
202409|ADM|45|45110|11200000|서울|서초구|서초동|1111000000|인계동|1|60|1|2|7|1901|327|327|600|59894|40054.0|16820.0|6097.0|17137.0|31884|13769|5390|13097658.0|5500140.0|1993719.0|5603799.0|4885889|1914032|518136|368059|97|167|61|28|9176984|17817342|4876475|913497|2.69|33|2.13|91|333|163|10989.0
202409|PRVNC|44|26140|27110000|인천|수원시|역삼동|1114000000|역삼1가|1|30|3|1|10|1982|351|351|842|39607|17774.0|7034.0|4338.0|6402.0|14476|5565|3236|6238674.0|2468934.0|1522638.0|2247102.0|2437039|966771|79759|146249|45|173|67|32|4784343|17458845|1439503|1824835|6.47|4|3.31|127|344|486|1376.0
202409|ADM|26|11170|27110000|인천|수원시|서초동|4113000000|역삼1가|1|70|2|2|4|493|280|280|885|71721|23271.0|10578.0|6569.0|6124.0|16345|8072|6297|6515880.0|2961840.0|1839320.0|1714720.0|763010|2343370|169223|342129|38|127|78|6|1329568|10028813|129381|294677|2.46|25|2.49|138|380|428|9500.0
202409|ADM|41|45110|11140000|서울|성남시|서초동|1111000000|인계동|2|45|1|1|10|207|458|458|996|75478|6580.0|3821.0|2116.0|643.0|6095|3508|1680|3013640.0|1750018.0|969128.0|294494.0|4347144|1863570|357175|255096|64|193|137|36|8142771|11375941|3922496|914388|6.91|15|3.22|75|161|359|2415.0
202409|ADM|42|41110|41150000|대구|성남시|서초동|4511000000|서초1동|1|30|1|1|2|232|171|171|40|97861|15342.0|11425.0|5659.0|0.0|15280|9694|4754|2623482.0|1953675.0|967689.0|0.0|2693174|2852366|234392|81746|46|82|25|1|1568905|2695245|4776214|865141|3.98|15|1.15|68|312|262|4680.0
202409|CNTY_GU|42|11110|45110000|경기|서초구|역삼동|4413000000|역삼1가|1|70|0|1|6|1659|489|489|114|87868|17503.0|11883.0|2251.0|3369.0|16619|10539|1708|8558967.0|5810787.0|1100739.0|1647441.0|2927024|2767800|343261|368494|66|274|141|34|7625214|5739672|3523410|1389518|7.87|12|4.29|81|265|60|3180.0
202409|ADM|46|26110|27110000|대구|서초구|서초동|1111000000|서초1동|1|45|0|2|9|899|229|229|789|54877|704.0|288.0|217.0|199.0|687|214|167|161216.0|65952.0|49693.0|45571.0|1387059|723647|697322|310865|54|130|30|12|9280357|13114703|1313224|759309|5.35|8|3.87|145|446|41|3568.0
202409|ADM|43|47110|11200000|서울|강남구|역삼동|4511000000|역삼1가|2|70|0|2|7|842|416|416|368|75872|11468.0|8865.0|3163.0|0.0|10338|8457|2406|4770688.0|3687840.0|1315808.0|0.0|232256|2883280|221764|215512|90|218|44|20|4198622|16355388|4317915|722074|7.04|34|4.15|135|415|133|14110.0
202409|ADM|41|41130|28110000|부산|성남시|서초동|4611000000|서초1동|1|55|0|1|5|1794|465|465|961|55443|33495.0|14455.0|4096.0|14944.0|25782|12774|3461|15575175.0|6721575.0|1904640.0|6948960.0|4014402|2064435|755393|447918|102|261|83|4|8678514|4389788|3976465|1306100|6.1|29|2.94|163|203|304|5887.0
202409|ADM|42|26110|46110000|부산|수원시|인계동|2611000000|인계동|1|35|0|1|4|1058|76|76|787|38490|34749.0|25435.0|13347.0|0.0|34417|23625|12433|2640924.0|1933060.0|1014372.0|0.0|3832785|754515|988904|243583|13|33|7|2|2428245|15989540|1492437|1261923|2.12|4|3.3|29|41|10|164.0
202409|CNTY_GU|26|45110|41110000|서울|성남시|인계동|4611000000|인계동|2|35|1|2|6|1163|32|32|807|91296|31995.0|10803.0|3789.0|17403.0|30078|8379|3158|1023840.0|345696.0|121248.0|556896.0|2412054|1229885|854126|306456|7|15|9|2|7830806|14269921|2857158|867470|4.68|1|3.16|77|392|246|392.0
202409|ADM|45|46110|11170000|경기|수원시|역삼동|4115000000|서초1동|1|40|1|2|8|1676|59|59|942|48535|44908.0|35217.0|14813.0|0.0|35088|27883|10789|2649572.0|2077803.0|873967.0|0.0|1975267|597505|563158|80821|7|32|17|0|4764568|7943757|3842486|412480|7.2|0|1.71|155|0|110|0.0
202409|CNTY_GU|41|42110|45110000|대구|서초구|인계동|2614000000|인계동|1|55|0|1|10|1333|311|311|16|37430|43161.0|26165.0|13156.0|3840.0|35383|24760|10714|13423071.0|8137315.0|4091516.0|1194240.0|1790225|611558|145972|52122|90|129|88|7|4182325|17761672|2670056|1151306|4.81|18|3.07|147|207|91|3726.0
202409|ADM|42|43110|41130000|경기|강남구|인계동|4311000000|서초1동|2|30|0|1|4|577|44|44|281|82781|27577.0|12876.0|7586.0|7115.0|21696|9596|5798|1213388.0|566544.0|333784.0|313060.0|1180336|2025493|443051|479175|7|20|9|1|1598602|8923115|4011351|1071206|7.91|1|1.89|57|122|52|122.0
202409|ADM|41|26110|41110000|대구|강남구|인계동|4711000000|역삼1가|1|70|0|2|2|1808|367|367|201|68459|265.0|185.0|68.0|12.0|244|162|51|97255.0|67895.0|24956.0|4404.0|2044954|2470274|267087|39403|73|169|97|1|1677679|19899201|1062449|79747|2.66|30|3.22|122|491|396|14730.0
202409|CNTY_GU|44|44130|27110000|서울|강남구|인계동|1114000000|역삼1가|1|20|0|1|7|1234|113|113|900|32508|49947.0|24461.0|10685.0|14801.0|47681|18370|7507|5644011.0|2764093.0|1207405.0|1672513.0|4045788|146760|878103|299665|15|63|31|1|8428264|2982453|4135325|1622886|7.45|14|4.43|179|243|302|3402.0
202409|ADM|27|26110|47110000|부산|수원시|인계동|4311000000|인계동|1|40|0|1|6|1567|356|356|212|31445|20153.0|8651.0|4515.0|6987.0|18560|7840|4496|7174468.0|3079756.0|1607340.0|2487372.0|3946418|2392182|986913|458663|96|170|40|27|6399050|1448553|98758|620288|3.4|1|1.08|89|201|339|201.0
202409|ADM|27|11170|27110000|경기|강남구|서초동|1111000000|인계동|2|20|0|2|2|1090|432|432|989|15855|44962.0|25634.0|8640.0|10688.0|35199|24822|7269|19423584.0|11073888.0|3732480.0|4617216.0|883540|2512005|28949|492279|110|185|45|3|1479128|17278639|3097510|1932391|2.25|27|3.72|131|407|60|10989.0
202409|CNTY_GU|44|11170|46110000|대구|강남구|역삼동|1114000000|인계동|1|35|1|1|5|562|208|208|999|15375|9452.0|3973.0|3127.0|2352.0|8213|3260|2945|1966016.0|826384.0|650416.0|489216.0|3689398|1621972|972243|203660|38|116|35|5|8711500|3046188|4124261|37884|2.42|25|4.56|58|75|292|1875.0
202409|ADM|11|41150|41150000|서울|성남시|서초동|1111000000|서초1동|1|30|1|2|9|525|363|363|830|22170|26220.0|18436.0|8943.0|0.0|18731|13190|8404|9517860.0|6692268.0|3246309.0|0.0|2119366|1672219|97090|482813|101|197|86|5|174050|7875925|1177329|1400591|4.58|2|1.26|129|422|47|844.0
202409|CNTY_GU|11|47110|45110000|인천|수원시|역삼동|4111000000|역삼1가|2|55|0|1|1|1534|386|386|287|76990|26061.0|14294.0|9774.0|1993.0|25866|12644|8596|10059546.0|5517484.0|3772764.0|769298.0|359095|214674|175965|471950|103|163|70|35|3026617|11913289|727792|1892917|3.57|57|1.64|62|151|377|8607.0
202409|ADM|11|11140|26140000|부산|강남구|인계동|2611000000|역삼1가|1|45|0|1|2|1143|469|469|45|97583|43223.0|25340.0|5631.0|12252.0|32924|20362|4947|20271587.0|11884460.0|2640939.0|5746188.0|1508859|730198|616848|44505|132|270|101|0|1486304|14212354|2364429|886296|6.49|50|3.84|21|324|284|16200.0
202409|ADM|41|26140|47110000|서울|강남구|역삼동|4413000000|인계동|1|35|1|1|2|406|428|428|646|69436|22721.0|13410.0|3747.0|5564.0|16026|10973|3300|9724588.0|5739480.0|1603716.0|2381392.0|2043616|648946|248933|102877|82|212|72|13|9405801|19346276|3422014|377701|6.89|13|1.4|126|45|379|585.0
202409|ADM|43|28110|11140000|대구|강남구|인계동|2614000000|서초1동|2|20|0|1|9|1677|443|443|163|85336|9442.0|4173.0|2927.0|2342.0|9101|3349|2587|4182806.0|1848639.0|1296661.0|1037506.0|2017361|2361729|369378|424700|112|207|91|37|3619772|11564933|1581657|362962|2.44|31|2.9|114|421|231|13051.0
202409|ADM|27|11110|28110000|인천|수원시|역삼동|1120000000|인계동|1|55|1|1|10|250|302|302|0|86068|39290.0|23537.0|8225.0|7528.0|32148|23371|7989|11865580.0|7108174.0|2483950.0|2273456.0|1261814|213180|45131|355861|81|141|54|27|6343463|19976728|4431928|351872|4.95|18|1.84|53|166|432|2988.0
202409|PRVNC|46|41150|45110000|경기|강남구|역삼동|2811000000|인계동|2|20|1|1|4|553|343|343|681|93564|32307.0|14968.0|6655.0|10684.0|22997|10571|4749|11081301.0|5134024.0|2282665.0|3664612.0|2559077|2291775|553422|398845|98|172|40|22|9718201|6394577|2654793|1926264|3.96|48|4.94|39|402|441|19296.0
202409|CNTY_GU|26|42110|26140000|경기|서초구|인계동|4711000000|인계동|1|40|1|1|2|106|19|19|80|54705|41804.0|17033.0|11480.0|13291.0|39760|16428|8935|794276.0|323627.0|218120.0|252529.0|2543542|1971064|35112|146841|4|10|4|1|5255969|6002415|415735|1686520|6.62|1|3.64|64|221|18|221.0
202409|PRVNC|44|46110|42110000|인천|서초구|역삼동|4311000000|역삼1가|1|35|0|2|1|22|75|75|502|37661|34812.0|26745.0|9356.0|0.0|31979|22963|8309|2610900.0|2005875.0|701700.0|0.0|3228156|2912005|699764|429256|7|33|14|3|5494668|5598151|2712898|178105|7.94|1|2.84|142|77|191|77.0
202409|ADM|11|41130|27110000|인천|성남시|역삼동|2811000000|역삼1가|2|60|1|1|9|738|467|467|231|88203|43323.0|14454.0|7802.0|21067.0|30804|12741|6306|20231841.0|6750018.0|3643534.0|9838289.0|3894603|2683379|270436|401694|81|194|68|29|478937|19676922|579399|1591933|7.26|27|4.12|44|51|217|1377.0
202409|ADM|26|41130|26110000|서울|강남구|서초동|1120000000|역삼1가|1|20|2|2|5|1934|131|131|534|94904|2145.0|1243.0|273.0|629.0|1562|906|218|280995.0|162833.0|35763.0|82399.0|1348394|1735057|559147|142029|13|70|30|9|5831526|9556617|1637133|1476147|7.98|8|1.88|148|60|384|480.0
202409|ADM|43|41150|11110000|대구|수원시|인계동|1120000000|인계동|1|45|1|2|5|1459|428|428|937|79667|31462.0|14654.0|11622.0|5186.0|25669|11717|8461|13465736.0|6271912.0|4974216.0|2219608.0|523787|2835440|711953|188842|115|204|87|3|2661583|16256310|2151068|1777297|6.41|36|4.99|115|132|468|4752.0
202409|ADM|42|46110|41110000|부산|수원시|인계동|4115000000|서초1동|1|40|3|1|5|1389|304|304|882|17832|45148.0|28421.0|15419.0|1308.0|43175|26980|11620|13724992.0|8639984.0|4687376.0|397632.0|443786|2347767|534292|378232|55|155|38|21|8545768|5851903|2227620|1649426|2.49|21|1.99|127|477|278|10017.0
202409|PRVNC|11|46110|41130000|인천|수원시|역삼동|2811000000|역삼1가|1|70|3|2|7|792|464|464|6|12960|15625.0|10217.0|3294.0|2114.0|14627|7248|2479|7250000.0|4740688.0|1528416.0|980896.0|3093142|2266492|278660|476661|57|192|95|15|7179004|13519268|676600|1273841|2.46|64|3.46|43|465|75|29760.0
202409|ADM|43|27110|11200000|부산|서초구|인계동|4413000000|인계동|1|70|2|1|2|1143|86|86|411|18241|47893.0|21645.0|5043.0|21205.0|33636|15335|4316|4118798.0|1861470.0|433698.0|1823630.0|3821279|2339999|828997|41864|24|40|10|5|9703602|8428985|2217253|1848238|3.79|10|1.3|79|407|49|4070.0
202409|CNTY_GU|26|27110|11140000|인천|강남구|역삼동|2614000000|역삼1가|1|30|0|1|4|276|204|204|465|26317|30692.0|9289.0|6090.0|15313.0|24929|7022|5977|6261168.0|1894956.0|1242360.0|3123852.0|2067178|813856|616784|334550|56|90|60|6|8741320|19140120|3959202|506026|2.35|17|3.32|132|219|454|3723.0
202409|CNTY_GU|42|41150|47110000|인천|수원시|역삼동|4511000000|서초1동|2|40|1|2|6|1449|4|4|821|12603|3078.0|1755.0|848.0|475.0|2517|1635|634|12312.0|7020.0|3392.0|1900.0|3744375|773276|623744|215467|0|2|0|0|678642|586080|336907|172292|6.16|0|4.02|162|0|477|0.0
202409|ADM|41|27110|41130000|부산|수원시|역삼동|2711000000|역삼1가|2|40|3|2|6|52|466|466|149|72939|35327.0|17849.0|8771.0|8707.0|30445|15202|6975|16462382.0|8317634.0|4087286.0|4057462.0|4023269|2635031|153308|218705|97|198|127|10|1712536|17047066|1031385|1961941|6.39|56|3.14|67|373|437|20888.0
202409|CNTY_GU|46|41130|11140000|서울|성남시|인계동|4413000000|서초1동|2|40|0|1|5|533|352|352|135|15744|37764.0|21909.0|4038.0|11817.0|35150|17206|3149|13292928.0|7711968.0|1421376.0|4159584.0|856697|2526281|522921|262557|51|169|89|4|5577515|7885295|3474973|445227|2.27|2|3.0|137|466|42|932.0
202409|ADM|41|11170|11170000|서울|수원시|인계동|4311000000|인계동|1|70|3|2|7|1963|328|328|794|26415|20831.0|13571.0|4608.0|2652.0|15724|12864|3709|6832568.0|4451288.0|1511424.0|869856.0|2263985|32376|594632|444786|97|175|45|7|1905350|2770011|1145285|1615055|6.18|16|4.47|54|461|496|7376.0
202409|ADM|41|11200|28110000|부산|수원시|역삼동|4115000000|역삼1가|1|70|2|1|3|1294|486|486|293|57463|10816.0|6214.0|3419.0|1183.0|10732|5601|2860|5256576.0|3020004.0|1661634.0|574938.0|1093460|1083044|22126|118921|80|288|123|7|5002233|419563|1417347|1600852|6.36|31|1.6|12|30|496|930.0
202409|ADM|47|26140|26140000|경기|서초구|서초동|2614000000|인계동|1|65|2|1|9|388|184|184|218|80701|33950.0|17979.0|9868.0|6103.0|29287|17622|7042|6246800.0|3308136.0|1815712.0|1122952.0|3545090|2063812|311838|273491|32|84|47|4|4840446|4414516|2902155|1220988|5.09|9|1.67|81|130|400|1170.0
202409|CNTY_GU|46|46110|28110000|경기|강남구|인계동|2811000000|역삼1가|1|55|0|1|2|361|334|334|698|25379|33716.0|13275.0|6461.0|13980.0|25425|10784|4648|11261144.0|4433850.0|2157974.0|4669320.0|2797795|2391072|61918|140307|67|137|43|20|9277191|13139596|1649414|1689230|7.92|47|1.81|106|161|34|7567.0
202409|ADM|46|46110|41110000|경기|성남시|인계동|2711000000|인계동|2|65|2|1|7|386|43|43|620|88098|38711.0|23711.0|4622.0|10378.0|27377|17860|4236|1664573.0|1019573.0|198746.0|446254.0|569156|836854|343122|453859|8|18|7|1|6948621|2335227|2562527|1177586|7.66|2|4.36|110|432|89|864.0
202409|ADM|26|11170|28110000|부산|서초구|역삼동|2711000000|역삼1가|2|60|0|2|8|855|38|38|145|57193|23464.0|16346.0|4613.0|2505.0|16867|13288|4431|891632.0|621148.0|175294.0|95190.0|3287270|361269|294930|144674|8|20|10|1|1987192|19762625|1176304|1872349|3.76|2|1.11|69|256|432|512.0
202409|CNTY_GU|47|42110|43110000|경기|성남시|인계동|1120000000|역삼1가|1|25|3|2|8|1135|38|38|283|96451|36508.0|15091.0|7061.0|14356.0|32213|13495|5157|1387304.0|573458.0|268318.0|545528.0|204463|2983706|556608|376570|4|20|10|1|3187979|14420211|3022234|3140|7.48|0|3.82|133|0|80|0.0
202409|CNTY_GU|42|45110|41110000|서울|성남시|서초동|1111000000|역삼1가|1|25|2|2|9|36|345|345|39|31433|5467.0|1689.0|1781.0|1997.0|5326|1407|1628|1886115.0|582705.0|614445.0|688965.0|4944186|1951435|6053|23269|53|197|76|15|6608950|16188085|825690|19339|5.79|46|2.54|139|213|13|9798.0
202409|ADM|42|11110|47110000|서울|성남시|인계동|4413000000|인계동|1|40|1|1|5|1150|377|377|485|98951|46817.0|15530.0|13291.0|17996.0|34432|13432|9668|17650009.0|5854810.0|5010707.0|6784492.0|586900|465869|141241|445546|106|192|85|16|3302295|6953227|1891875|1894210|5.83|38|3.22|95|289|429|10982.0
202409|ADM|41|28110|45110000|부산|서초구|역삼동|2811000000|서초1동|1|65|0|1|3|775|171|171|465|13209|31109.0|20335.0|7753.0|3021.0|25884|19909|6112|5319639.0|3477285.0|1325763.0|516591.0|1929556|2934760|110245|22714|42|90|40|12|5285401|19911023|4250910|815147|5.74|20|1.14|79|139|476|2780.0
202409|CNTY_GU|41|42110|27110000|서울|서초구|역삼동|1114000000|서초1동|2|50|0|1|6|591|342|342|108|14765|39738.0|21941.0|12918.0|4879.0|34378|18000|11992|13590396.0|7503822.0|4417956.0|1668618.0|4394202|1532404|77090|227711|62|199|71|4|4785219|11427095|595330|255870|3.03|28|4.39|73|479|114|13412.0
202409|ADM|44|41110|42110000|경기|강남구|서초동|4511000000|인계동|2|60|1|1|3|1798|68|68|48|52714|39620.0|21879.0|7119.0|10622.0|37172|21543|5734|2694160.0|1487772.0|484092.0|722296.0|1852959|2664825|980234|253426|14|36|19|0|1099069|5780412|3867128|436772|5.92|7|4.03|88|312|97|2184.0
202409|ADM|43|47110|46110000|경기|서초구|인계동|1114000000|인계동|2|40|1|1|6|109|293|293|120|43764|9929.0|7119.0|1489.0|1321.0|9913|7114|1089|2909197.0|2085867.0|436277.0|387053.0|2154883|1063201|609954|166360|81|162|83|14|1994122|6613662|3221879|1415930|4.68|11|3.06|108|177|209|1947.0
202409|CNTY_GU|41|28110|41130000|대구|서초구|서초동|4311000000|역삼1가|1|30|0|1|4|471|49|49|732|36268|19595.0|8899.0|4249.0|6447.0|19265|6526|3774|960155.0|436051.0|208201.0|315903.0|1836885|1133652|958771|257832|14|20|10|2|4910766|16430298|70772|1967806|6.07|0|4.27|58|0|364|0.0
202409|ADM|47|43110|41150000|인천|서초구|인계동|1114000000|인계동|2|50|3|2|10|1782|155|155|476|96171|20493.0|16040.0|2615.0|1838.0|17838|14097|1968|3176415.0|2486200.0|405325.0|284890.0|455031|2515822|690991|411149|36|71|40|9|8915786|18432782|89882|1144449|5.86|1|2.0|85|190|345|190.0
202409|CNTY_GU|41|42110|11170000|부산|서초구|서초동|4611000000|인계동|2|50|0|2|1|640|14|14|768|84647|12114.0|8825.0|4751.0|0.0|8574|7790|4466|169596.0|123550.0|66514.0|0.0|2495086|2930915|913362|463872|2|5|3|1|5194430|2724213|3633442|1402394|5.75|1|4.68|31|119|106|119.0
202409|ADM|45|11200|41130000|서울|서초구|역삼동|1120000000|역삼1가|2|25|1|1|9|668|55|55|224|72259|18633.0|12088.0|4261.0|2284.0|17124|11332|3891|1024815.0|664840.0|234355.0|125620.0|4793225|450171|825585|46601|12|26|16|2|9195345|11721653|3937119|1511079|2.87|2|2.38|165|187|358|374.0
202409|PRVNC|46|47110|43110000|부산|강남구|서초동|4211000000|역삼1가|1|25|0|2|9|45|387|387|787|55103|49750.0|32525.0|15011.0|2214.0|39353|30718|14105|19253250.0|12587175.0|5809257.0|856818.0|1148948|1936614|171978|88871|73|188|77|0|824111|16013038|440472|59159|5.83|13|4.79|129|319|302|4147.0
202409|ADM|46|44130|11170000|부산|성남시|인계동|4311000000|인계동|1|65|0|1|4|60|94|94|608|59076|27589.0|12191.0|6812.0|8586.0|27222|10388|6422|2593366.0|1145954.0|640328.0|807084.0|3455294|2968098|866791|327789|18|41|11|3|126235|5558916|4162876|1988847|3.04|6|2.31|164|117|97|702.0
202409|ADM|46|26140|11200000|인천|강남구|역삼동|2611000000|서초1동|2|25|2|1|6|1874|387|387|260|55982|38381.0|18940.0|14619.0|4822.0|27299|16248|13811|14853447.0|7329780.0|5657553.0|1866114.0|4832865|2289140|790049|182248|56|178|53|23|6399482|6305251|278456|1477280|7.9|10|3.08|74|34|340|340.0
202409|ADM|26|26110|11200000|대구|수원시|역삼동|4113000000|인계동|1|60|0|1|5|39|348|348|515|36671|48038.0|34253.0|7465.0|6320.0|37217|29386|7080|16717224.0|11920044.0|2597820.0|2199360.0|2461391|217893|180527|23729|59|192|46|34|4175126|10039683|278916|1022019|6.06|42|1.39|21|196|318|8232.0
202409|ADM|46|47110|45110000|대구|성남시|역삼동|1120000000|인계동|1|70|1|2|3|256|180|180|873|88617|2186.0|703.0|318.0|1165.0|1710|644|242|393480.0|126540.0|57240.0|209700.0|472758|220959|360950|432470|26|82|48|12|3634629|19752756|1422624|449730|2.98|23|3.73|102|84|313|1932.0
202409|ADM|45|44130|26110000|인천|성남시|역삼동|4111000000|역삼1가|2|45|0|2|8|347|119|119|396|53398|36601.0|28743.0|7163.0|695.0|26415|25789|6301|4355519.0|3420417.0|852397.0|82705.0|1650559|1571444|699788|152537|30|51|22|4|3254418|12766139|4747471|158748|4.61|9|4.57|26|270|372|2430.0
202409|CNTY_GU|42|26110|11170000|대구|수원시|서초동|4611000000|인계동|1|25|0|1|5|1746|33|33|30|75051|48042.0|32998.0|5035.0|10009.0|47673|30574|4308|1585386.0|1088934.0|166155.0|330297.0|1201587|1946728|224810|464587|4|17|5|0|3815001|2459145|1505633|1011279|7.52|2|4.27|107|55|6|110.0
202409|CNTY_GU|27|11110|41110000|경기|성남시|역삼동|4711000000|인계동|1|30|0|2|1|388|147|147|387|36274|15873.0|7567.0|5235.0|3071.0|12947|5329|4424|2333331.0|1112349.0|769545.0|451437.0|679793|1263354|585161|389809|18|87|28|7|9071808|13146978|4340490|990736|5.11|1|2.18|126|154|64|154.0
202409|CNTY_GU|43|28110|43110000|경기|강남구|역삼동|4113000000|인계동|2|60|0|1|6|990|261|261|695|64280|42468.0|33320.0|9608.0|0.0|40139|33020|8683|11084148.0|8696520.0|2507688.0|0.0|2627349|1019020|52058|431094|55|136|56|13|9985557|3350665|4799084|528634|6.51|2|3.52|135|481|484|962.0
202409|CNTY_GU|42|11140|11200000|부산|성남시|서초동|4311000000|인계동|1|30|0|1|7|1131|49|49|630|35863|22649.0|17566.0|4268.0|815.0|22508|17198|3427|1109801.0|860734.0|209132.0|39935.0|527458|180702|957559|492253|6|27|13|3|9606522|6973626|1445601|1580345|2.94|6|3.97|100|313|96|1878.0
202409|CNTY_GU|26|26140|45110000|부산|성남시|인계동|4611000000|인계동|1|45|0|2|7|1270|168|168|977|40576|3294.0|2420.0|742.0|132.0|3289|1990|637|553392.0|406560.0|124656.0|22176.0|2043878|472363|828757|259580|41|76|47|11|5787678|3268923|1813271|21408|3.82|5|3.99|93|332|90|1660.0
202409|ADM|26|11110|41110000|인천|수원시|역삼동|4115000000|역삼1가|2|35|0|1|7|1742|234|234|443|12585|26038.0|15860.0|10362.0|0.0|21324|11318|9890|6092892.0|3711240.0|2424708.0|0.0|1055833|149429|631227|36751|66|106|35|6|5773416|400346|3768435|743426|4.19|15|4.92|20|70|8|1050.0
202409|ADM|41|44130|11140000|인천|강남구|인계동|1120000000|인계동|2|45|0|2|5|1767|70|70|309|34500|31691.0|12841.0|11493.0|7357.0|24460|10548|8464|2218370.0|898870.0|804510.0|514990.0|4484447|944875|518586|443088|14|41|9|3|5933725|7578041|664812|1895517|3.12|2|1.46|124|124|43|248.0
202409|CNTY_GU|27|43110|42110000|부산|수원시|서초동|4611000000|서초1동|2|40|0|1|4|112|14|14|888|27717|31066.0|14794.0|4149.0|12123.0|29453|13134|3208|434924.0|207116.0|58086.0|169722.0|688526|2197851|812034|1028|3|8|2|0|5910335|15072003|383084|1790630|6.13|1|1.1|132|343|341|343.0
202409|ADM|42|47110|42110000|부산|강남구|역삼동|4711000000|서초1동|2|25|1|2|2|93|45|45|601|99046|1670.0|535.0|261.0|874.0|1568|524|189|75150.0|24075.0|11745.0|39330.0|3357679|346214|288255|120753|12|22|8|4|8010330|10592313|2434624|1039212|3.45|1|1.96|82|293|202|293.0
202409|ADM|41|47110|46110000|인천|성남시|역삼동|4111000000|인계동|1|50|0|2|2|1064|404|404|205|11816|27642.0|11813.0|7049.0|8780.0|19444|9925|6890|11167368.0|4772452.0|2847796.0|3547120.0|3925546|1025765|983255|6794|97|234|52|19|9047102|8893039|2239546|1599295|3.41|18|2.03|105|151|436|2718.0
202409|CNTY_GU|26|46110|41130000|부산|수원시|서초동|1120000000|서초1동|2|25|2|2|4|940|6|6|841|35486|42987.0|12976.0|9358.0|20653.0|37761|9522|7104|257922.0|77856.0|56148.0|123918.0|4623965|524624|190770|479998|0|3|1|0|5913648|2451917|3056582|554100|3.92|0|1.24|154|0|280|0.0
202409|ADM|46|41110|46110000|부산|서초구|서초동|2811000000|서초1동|1|40|3|2|7|1198|474|474|696|27523|36806.0|18885.0|6160.0|11761.0|30076|14771|4390|17446044.0|8951490.0|2919840.0|5574714.0|1500744|2542986|805148|255906|119|217|86|14|2937298|14165439|719071|876103|4.58|1|1.19|147|209|81|209.0
202409|CNTY_GU|42|26140|11110000|서울|성남시|서초동|4413000000|서초1동|2|45|3|2|3|1543|81|81|475|73358|29358.0|8919.0|6167.0|14272.0|23520|6437|5386|2377998.0|722439.0|499527.0|1156032.0|2863674|1080115|562567|129931|12|45|12|1|8529406|6677132|167360|797786|2.21|10|3.63|68|395|37|3950.0
202409|PRVNC|42|26110|26110000|경기|성남시|인계동|1114000000|역삼1가|2|40|1|1|9|732|3|3|489|92333|2708.0|1538.0|1063.0|107.0|2684|1263|997|8124.0|4614.0|3189.0|321.0|1595597|1158473|742958|246067|0|1|0|0|5883261|15030563|1685126|544805|6.86|0|3.71|20|0|134|0.0
202409|CNTY_GU|11|41130|41130000|인천|강남구|인계동|4611000000|서초1동|1|70|0|1|4|1621|266|266|664|28859|38859.0|14683.0|7523.0|16653.0|36663|10375|6602|10336494.0|3905678.0|2001118.0|4429698.0|4737869|1526321|117156|174667|44|108|28|16|1761507|14343458|3881135|1171969|3.51|35|1.03|154|266|298|9310.0
202409|ADM|42|41110|44130000|경기|강남구|인계동|2614000000|역삼1가|1|40|0|1|10|1175|432|432|954|46025|47384.0|21284.0|17728.0|8372.0|44576|17225|13072|20469888.0|9194688.0|7658496.0|3616704.0|772839|1623527|113737|124854|55|230|81|30|4405342|17482716|91497|1193047|2.12|7|1.16|144|184|199|1288.0
202409|CNTY_GU|43|41130|41110000|부산|서초구|인계동|1117000000|인계동|1|20|2|2|3|1934|93|93|108|51683|40672.0|15607.0|7539.0|17526.0|34496|13679|7259|3782496.0|1451451.0|701127.0|1629918.0|884017|1055818|278539|285878|9|54|15|6|3025213|11361799|1729521|910451|4.67|6|2.57|149|175|19|1050.0
202409|ADM|46|44130|41110000|경기|강남구|인계동|4611000000|인계동|2|70|3|2|5|1497|353|353|509|27965|5958.0|4015.0|1655.0|288.0|5159|3391|1236|2103174.0|1417295.0|584215.0|101664.0|2567117|53939|504870|473293|75|143|63|26|5479032|8856681|4617893|998651|3.3|37|3.03|89|325|465|12025.0
202409|PRVNC|41|45110|43110000|서울|수원시|서초동|4115000000|역삼1가|1|55|2|1|9|1817|499|499|55|35811|49071.0|32983.0|16935.0|0.0|38060|32141|12831|24486429.0|16458517.0|8450565.0|0.0|1542267|1110988|80617|158966|131|202|58|22|6023113|4257083|1034984|967307|5.07|53|3.19|33|262|429|13886.0
202409|ADM|42|41110|41110000|서울|강남구|서초동|1120000000|인계동|2|70|1|1|6|1116|280|280|96|61248|4733.0|1757.0|846.0|2130.0|3829|1486|810|1325240.0|491960.0|236880.0|596400.0|2145994|1700566|147975|51426|36|137|45|8|9560321|1647295|4362420|265768|5.03|5|2.46|21|148|176|740.0
202409|ADM|44|43110|42110000|경기|서초구|인계동|1114000000|역삼1가|1|35|3|2|4|334|36|36|644|36937|28575.0|8754.0|4426.0|15395.0|26025|7413|4076|1028700.0|315144.0|159336.0|554220.0|2262748|2548915|337726|395167|6|21|9|1|6276315|12890990|2321856|898276|7.95|2|4.91|70|435|388|870.0
202409|CNTY_GU|27|26140|47110000|인천|서초구|역삼동|4113000000|역삼1가|1|25|0|2|6|1721|330|330|391|99511|20035.0|15704.0|6886.0|0.0|18307|13022|6865|6611550.0|5182320.0|2272380.0|0.0|1476064|657716|917463|363634|40|175|80|12|6785112|5088594|216957|1086512|7.2|10|4.46|145|233|85|2330.0
202409|PRVNC|47|43110|43110000|인천|서초구|서초동|4611000000|인계동|1|40|2|1|1|158|364|364|3|89077|2618.0|1052.0|969.0|597.0|2359|858|936|952952.0|382928.0|352716.0|217308.0|2826630|1994731|656041|8834|56|184|44|14|6789478|2128555|1691767|1286856|7.41|44|2.19|24|360|442|15840.0
202409|CNTY_GU|46|11110|41150000|서울|서초구|인계동|1117000000|서초1동|2|25|0|1|10|1802|481|481|622|40082|30581.0|22645.0|5741.0|2195.0|29957|17505|5121|14709461.0|10892245.0|2761421.0|1055795.0|2996985|1507825|62116|453458|71|233|60|29|5681822|11039048|2559006|1399038|3.92|11|1.96|39|338|387|3718.0
202409|CNTY_GU|27|41150|43110000|대구|수원시|서초동|4711000000|인계동|2|60|2|1|10|1036|32|32|487|37254|25308.0|19523.0|5994.0|0.0|20588|15552|4865|809856.0|624736.0|191808.0|0.0|1544290|2801250|46201|444487|7|15|6|2|5134831|13867094|1594487|240997|2.35|2|3.04|152|353|336|706.0
202409|ADM|26|41150|11110000|서울|강남구|서초동|4211000000|역삼1가|2|65|0|1|8|1537|219|219|699|94251|0.0|0.0|0.0|0.0|0|0|0|0.0|0.0|0.0|0.0|1058701|1031386|78293|262262|63|89|36|5|7249752|17982142|1468897|1088757|3.66|9|4.07|124|250|451|2250.0
202409|ADM|42|45110|43110000|대구|서초구|서초동|1120000000|인계동|1|55|0|1|3|247|6|6|940|36620|34852.0|21172.0|6451.0|7229.0|27169|18957|6002|209112.0|127032.0|38706.0|43374.0|3080029|2504860|538707|170386|0|2|1|0|1793887|17888660|4087641|222619|4.57|0|3.25|64|0|369|0.0
202409|ADM|41|26110|45110000|서울|수원시|인계동|1111000000|역삼1가|2|70|1|1|4|592|249|249|822|61988|29497.0|11907.0|6665.0|10925.0|24051|10045|5092|7344753.0|2964843.0|1659585.0|2720325.0|3789913|1155191|573943|6758|39|115|27|13|9094999|7381300|151024|960237|3.11|9|4.64|84|370|388|3330.0
202409|CNTY_GU|47|28110|28110000|부산|서초구|인계동|1114000000|인계동|2|20|3|1|7|408|39|39|749|58656|22131.0|17551.0|5199.0|0.0|20689|17350|3666|863109.0|684489.0|202761.0|0.0|2031529|1025999|579175|8368|9|17|9|1|4063067|1930623|1392407|1357008|3.5|2|1.62|7|184|166|368.0
202409|ADM|43|45110|11110000|인천|성남시|인계동|4111000000|역삼1가|1|60|2|2|2|389|429|429|923|40864|2339.0|1414.0|889.0|36.0|2233|1317|714|1003431.0|606606.0|381381.0|15444.0|4640455|2091015|947721|398490|89|220|93|20|7155831|12928758|141395|394658|7.96|37|3.09|60|482|416|17834.0
202409|ADM|27|41110|11140000|부산|성남시|역삼동|2611000000|서초1동|2|25|0|2|8|309|304|304|529|57094|45427.0|35528.0|14054.0|0.0|35413|35442|13664|13809808.0|10800512.0|4272416.0|0.0|2295409|43428|783857|166028|89|157|73|4|331307|632903|1538183|1099104|7.34|5|3.03|63|352|213|1760.0
202409|ADM|44|11170|41150000|부산|강남구|역삼동|1120000000|서초1동|1|35|0|2|4|1823|371|371|471|73006|43624.0|26241.0|16658.0|725.0|39535|20599|14650|16184504.0|9735411.0|6180118.0|268975.0|489349|2233369|408705|154626|61|213|90|20|2737245|7802588|4674024|241297|5.5|29|3.57|48|260|340|7540.0
202409|CNTY_GU|47|43110|42110000|경기|서초구|인계동|1120000000|인계동|1|45|2|1|2|762|377|377|392|73297|14670.0|6380.0|2923.0|5367.0|12205|5587|2236|5530590.0|2405260.0|1101971.0|2023359.0|1386343|1806040|526556|242078|64|179|47|32|728203|5098338|3425958|1167263|7.58|20|2.41|111|43|359|860.0
202409|ADM|43|11200|43110000|서울|성남시|서초동|2611000000|인계동|2|25|0|2|1|1623|95|95|838|40086|17717.0|11358.0|4187.0|2172.0|17492|8386|3164|1683115.0|1079010.0|397765.0|206340.0|1127012|623322|765476|492363|16|52|27|2|8675475|15228731|2523101|1070455|4.37|6|3.65|61|368|101|2208.0
202409|CNTY_GU|43|43110|28110000|경기|수원시|역삼동|1111000000|인계동|2|50|0|2|9|1890|104|104|543|98298|41288.0|24586.0|16145.0|557.0|30151|20643|13275|4293952.0|2556944.0|1679080.0|57928.0|173084|1000100|892685|127104|16|62|26|1|5934783|12824262|3630597|1628293|4.18|4|3.4|29|341|275|1364.0
202409|ADM|11|47110|44130000|부산|서초구|인계동|2614000000|인계동|2|35|0|2|8|133|469|469|785|52132|10111.0|4075.0|1194.0|4842.0|9721|3285|882|4742059.0|1911175.0|559986.0|2270898.0|2412975|706582|276054|172546|74|239|56|33|298035|7074497|2100136|1035714|5.81|65|4.86|104|381|473|24765.0
202409|ADM|11|44130|41110000|경기|수원시|서초동|2614000000|서초1동|2|60|0|1|2|1304|401|401|619|43251|9168.0|4970.0|3227.0|971.0|7098|4646|2680|3676368.0|1992970.0|1294027.0|389371.0|2716772|11127|713674|472585|56|198|73|12|7035540|18568341|925248|427896|5.75|28|2.63|68|336|498|9408.0
202409|ADM|27|26140|11140000|경기|수원시|인계동|2811000000|역삼1가|1|30|0|1|1|453|74|74|123|57326|10964.0|8091.0|3776.0|0.0|9122|6905|2752|811336.0|598734.0|279424.0|0.0|841323|1738659|302926|124411|7|31|7|6|3238557|5826961|2318255|1298084|3.6|0|2.84|53|0|353|0.0
202409|CNTY_GU|41|11110|42110000|인천|서초구|인계동|1111000000|인계동|1|50|2|2|4|1564|305|305|811|25680|40884.0|32287.0|16048.0|0.0|32525|30214|15215|12469620.0|9847535.0|4894640.0|0.0|3742830|707899|101102|70370|84|136|62|14|3268364|7901432|4867565|1798015|7.01|31|2.96|32|187|264|5797.0
202409|CNTY_GU|43|11110|28110000|부산|성남시|역삼동|2611000000|인계동|2|50|1|1|5|234|433|433|100|14089|4672.0|2302.0|584.0|1786.0|4552|1970|558|2022976.0|996766.0|252872.0|773338.0|3294636|198626|129085|130219|116|255|124|38|6617855|5357634|4695111|167699|6.9|14|4.09|49|236|219|3304.0
202409|ADM|45|45110|26110000|인천|성남시|인계동|2611000000|역삼1가|2|45|2|1|10|1791|75|75|987|96637|49457.0|37571.0|17757.0|0.0|38628|30402|15219|3709275.0|2817825.0|1331775.0|0.0|3850841|2470639|371870|223478|15|39|21|6|1940753|7934113|1928324|230013|4.81|5|4.01|9|140|336|700.0
202409|ADM|43|26110|46110000|부산|성남시|역삼동|4413000000|역삼1가|2|40|1|2|3|1767|323|323|633|86561|5792.0|1853.0|2310.0|1629.0|4896|1621|2202|1870816.0|598519.0|746130.0|526167.0|907062|2479207|122237|198743|59|191|44|8|5493546|3628760|33371|185159|3.27|29|3.99|9|418|452|12122.0
202409|CNTY_GU|26|28110|47110000|부산|수원시|역삼동|4113000000|역삼1가|1|35|3|2|1|1918|440|440|744|49698|24347.0|13425.0|5289.0|5633.0|21711|12297|3807|10712680.0|5907000.0|2327160.0|2478520.0|1261293|2883846|740177|202104|48|239|57|5|7798430|19129851|4051060|1513006|4.1|19|2.18|129|120|135|2280.0
202409|CNTY_GU|27|27110|41110000|인천|수원시|인계동|4711000000|서초1동|2|45|1|1|10|1597|105|105|224|42921|2033.0|1605.0|426.0|2.0|1857|1229|381|213465.0|168525.0|44730.0|210.0|398505|1385|447035|165870|23|62|22|9|181579|13393447|1586256|1028953|4.84|7|1.26|43|21|252|147.0
202409|CNTY_GU|42|11110|47110000|서울|성남시|역삼동|4115000000|서초1동|2|50|0|1|4|834|87|87|842|13979|6744.0|4995.0|1660.0|89.0|5460|4062|1483|586728.0|434565.0|144420.0|7743.0|3769736|2401811|774663|462249|25|39|12|8|5631557|1692532|2007233|572421|6.29|0|4.24|33|0|63|0.0
202409|ADM|11|44130|41110000|부산|수원시|서초동|2611000000|인계동|2|30|3|1|8|427|403|403|656|28466|19922.0|10835.0|4405.0|4682.0|16367|9695|3497|8028566.0|4366505.0|1775215.0|1886846.0|2981049|2575867|483545|161134|66|237|94|6|4918681|18036732|178334|931939|5.85|46|2.74|60|133|203|6118.0
202409|ADM|43|44130|11170000|부산|서초구|역삼동|4111000000|인계동|2|35|1|2|3|1762|242|242|908|86739|46482.0|25786.0|12583.0|8113.0|45804|22319|11864|11248644.0|6240212.0|3045086.0|1963346.0|3126296|1752536|402682|198375|39|113|44|23|1466789|14952917|2193151|62322|7.53|25|2.55|176|375|268|9375.0
202409|CNTY_GU|27|42110|26110000|인천|강남구|서초동|2611000000|서초1동|1|45|3|2|6|1056|322|322|646|33785|42119.0|24614.0|11945.0|5560.0|41135|21951|9375|13562318.0|7925708.0|3846290.0|1790320.0|3245128|158029|672671|71979|92|158|65|15|8169787|19353216|544363|1349519|6.43|3|3.61|19|319|203|957.0
202409|ADM|46|26110|28110000|경기|서초구|역삼동|4113000000|인계동|2|50|2|1|6|717|450|450|804|26160|12901.0|6911.0|3790.0|2200.0|9291|6020|3010|5805450.0|3109950.0|1705500.0|990000.0|745733|2868480|8399|19650|49|223|78|13|8165666|18311283|3584548|1402728|2.17|16|4.19|42|374|380|5984.0
202409|CNTY_GU|11|28110|41150000|경기|수원시|역삼동|2711000000|서초1동|2|55|2|1|3|798|249|249|541|65764|21208.0|6390.0|3514.0|11304.0|18755|5265|3402|5280792.0|1591110.0|874986.0|2814696.0|3201846|1971759|21289|38858|28|147|67|7|1035697|578273|1295336|1567254|4.61|10|4.0|96|135|466|1350.0
202409|ADM|42|28110|47110000|경기|강남구|역삼동|1120000000|인계동|2|40|2|1|2|1393|276|276|950|89684|35371.0|13023.0|5747.0|16601.0|27388|12143|4358|9762396.0|3594348.0|1586172.0|4581876.0|2268191|2072847|674002|73758|60|127|80|20|5754483|9105977|4917157|571471|2.35|8|2.68|113|176|469|1408.0
202409|PRVNC|11|43110|11140000|경기|수원시|인계동|1114000000|인계동|2|40|2|1|4|860|145|145|484|43609|49666.0|39320.0|6191.0|4155.0|43170|36134|5159|7201570.0|5701400.0|897695.0|602475.0|4294535|1441932|654265|170104|16|80|15|8|6962338|15390103|4045015|76003|5.28|1|4.88|142|290|489|290.0
202409|CNTY_GU|43|26110|41130000|서울|성남시|서초동|2614000000|역삼1가|2|65|2|2|7|1922|249|249|99|34613|16900.0|6728.0|5870.0|4302.0|13619|5242|5679|4208100.0|1675272.0|1461630.0|1071198.0|3462543|298001|754307|446105|41|109|63|21|5124145|2217632|3827328|1725015|6.66|28|2.39|12|200|174|5600.0
202409|CNTY_GU|41|41130|41110000|경기|서초구|인계동|4611000000|서초1동|2|45|1|2|1|965|143|143|796|61498|1880.0|824.0|650.0|406.0|1589|775|503|268840.0|117832.0|92950.0|58058.0|1632102|2293110|324190|232975|18|78|19|4|8921424|9688945|4368593|1151948|5.2|5|4.66|66|102|228|510.0
202409|ADM|44|43110|44130000|인천|성남시|역삼동|2811000000|역삼1가|1|40|0|1|7|281|33|33|951|39552|34663.0|21478.0|10168.0|3017.0|34635|20271|8913|1143879.0|708774.0|335544.0|99561.0|257750|1176922|771570|174416|6|14|3|2|8887741|16667986|3961653|707312|2.8|0|4.48|154|0|416|0.0
202409|ADM|41|47110|41150000|서울|수원시|인계동|2611000000|역삼1가|1|55|0|2|6|1560|396|396|454|95399|26983.0|21153.0|7580.0|0.0|25566|19296|6642|10685268.0|8376588.0|3001680.0|0.0|2217340|1105914|342322|407178|78|165|108|10|837062|18145779|1784171|202322|4.93|49|3.75|153|241|481|11809.0
202409|ADM|47|27110|26140000|인천|성남시|역삼동|2614000000|인계동|1|40|0|1|9|790|446|446|599|95676|10588.0|5147.0|3499.0|1942.0|8474|5032|3123|4722248.0|2295562.0|1560554.0|866132.0|1015672|514078|735815|482999|59|182|54|6|1229566|15777253|3575554|811131|3.09|54|1.12|82|208|175|11232.0
202409|PRVNC|43|11200|26140000|서울|성남시|서초동|1114000000|서초1동|1|25|1|1|9|1558|330|330|259|62788|5140.0|1944.0|1452.0|1744.0|4525|1886|1251|1696200.0|641520.0|479160.0|575520.0|3174247|257859|787593|112745|78|162|54|28|6280775|18243074|3828298|277285|2.86|40|4.31|149|177|298|7080.0
202409|CNTY_GU|42|46110|11110000|경기|강남구|역삼동|1120000000|서초1동|2|50|1|2|3|474|466|466|208|26596|8736.0|5776.0|2598.0|362.0|7256|5644|2468|4070976.0|2691616.0|1210668.0|168692.0|549993|1739099|76069|80918|54|246|49|10|8945489|8334969|2606910|129278|3.4|44|3.67|6|317|467|13948.0
202409|ADM|42|11140|28110000|서울|강남구|인계동|4611000000|역삼1가|2|50|2|2|4|1016|286|286|927|42954|41392.0|29975.0|9637.0|1780.0|37898|29591|7273|11838112.0|8572850.0|2756182.0|509080.0|1391509|1976971|839238|99956|55|152|42|17|1048897|253081|1216476|124701|6.28|35|4.47|122|253|248|8855.0
202409|CNTY_GU|11|45110|41110000|부산|서초구|서초동|1114000000|인계동|1|60|3|2|4|1360|274|274|380|52687|44068.0|34817.0|16143.0|0.0|43882|26447|15110|12074632.0|9539858.0|4423182.0|0.0|630638|2212304|885364|29414|34|123|75|16|7033938|17843452|687031|1044454|2.78|13|1.59|61|234|245|3042.0
202409|PRVNC|46|46110|11200000|인천|성남시|역삼동|4113000000|인계동|1|25|0|1|6|1848|43|43|481|65367|7810.0|5525.0|2212.0|73.0|7396|4065|2151|335830.0|237575.0|95116.0|3139.0|2989770|193064|940691|276196|6|17|11|0|4615404|19104272|322800|943624|3.31|4|2.77|41|62|30|248.0
202409|CNTY_GU|46|45110|47110000|대구|서초구|인계동|2614000000|인계동|1|40|0|2|10|216|68|68|242|45080|6455.0|2019.0|1622.0|2814.0|5436|1486|1167|438940.0|137292.0|110296.0|191352.0|1817494|2778568|971879|264827|14|39|7|0|4444612|10117440|1729687|798507|5.75|5|4.41|99|288|253|1440.0
202409|CNTY_GU|44|11170|26110000|부산|성남시|인계동|4711000000|서초1동|2|40|2|1|4|1002|96|96|222|46264|43433.0|33132.0|16200.0|0.0|31599|28664|14093|4169568.0|3180672.0|1555200.0|0.0|1583377|2926721|918359|185935|23|56|18|1|2957499|8630833|3654047|408651|5.33|10|2.94|47|28|375|280.0
202409|ADM|27|11140|47110000|서울|강남구|서초동|1117000000|역삼1가|1|55|0|2|7|1341|134|134|822|86816|10314.0|5491.0|1899.0|2924.0|9809|4134|1666|1382076.0|735794.0|254466.0|391816.0|3950338|2844174|161748|151710|26|76|21|11|3134331|681852|1659429|1221029|6.58|18|4.2|123|335|328|6030.0
202409|CNTY_GU|11|11110|43110000|인천|성남시|인계동|4113000000|인계동|1|35|1|1|1|1840|357|357|785|42553|49069.0|22565.0|11972.0|14532.0|42610|20382|8892|17517633.0|8055705.0|4274004.0|5187924.0|4843948|1542751|522234|75853|50|203|85|6|542025|17958545|3394401|614622|6.72|17|1.35|43|346|290|5882.0
202409|CNTY_GU|27|43110|44130000|부산|서초구|역삼동|2811000000|역삼1가|2|30|0|2|6|623|84|84|426|85481|25216.0|18385.0|5210.0|1621.0|19986|13236|4205|2118144.0|1544340.0|437640.0|136164.0|2020791|2267594|330669|371009|11|47|8|7|9084579|18102253|1411852|21037|4.76|9|3.4|120|102|268|918.0
202409|CNTY_GU|46|41130|27110000|경기|강남구|역삼동|4611000000|역삼1가|1|40|0|1|6|1667|250|250|276|25999|40217.0|13556.0|15708.0|10953.0|32490|12384|13239|10054250.0|3389000.0|3927000.0|2738250.0|384840|1361453|528365|30370|47|136|56|9|8603680|10135690|921818|1413514|3.57|16|3.58|145|116|233|1856.0
202409|CNTY_GU|42|41150|26140000|서울|성남시|서초동|2611000000|인계동|2|35|0|1|2|405|350|350|569|89647|37183.0|21937.0|8328.0|6918.0|33801|17854|6713|13014050.0|7677950.0|2914800.0|2421300.0|4065465|1554219|307606|151088|58|149|35|29|4827965|11890903|3676677|388742|6.32|47|1.35|95|277|17|13019.0
202409|ADM|41|42110|43110000|대구|강남구|인계동|4611000000|서초1동|2|45|1|1|4|1134|493|493|508|96718|27098.0|17412.0|8558.0|1128.0|20033|17000|7668|13359314.0|8584116.0|4219094.0|556104.0|279086|1705693|817650|495634|75|248|127|33|1552456|5815691|4907626|147240|5.88|8|1.78|62|70|279|560.0
202409|CNTY_GU|27|44130|41130000|인천|수원시|서초동|4211000000|서초1동|1|60|0|1|2|1988|486|486|327|30576|11362.0|5921.0|3173.0|2268.0|10074|5899|2616|5521932.0|2877606.0|1542078.0|1102248.0|3308706|235814|313358|84996|56|208|93|13|1515272|19281943|2870123|433287|3.59|28|2.33|114|94|357|2632.0
202409|ADM|46|46110|11200000|대구|강남구|인계동|2611000000|역삼1가|2|65|0|2|9|1117|417|417|180|66891|30528.0|11593.0|5157.0|13778.0|29535|8260|4703|12730176.0|4834281.0|2150469.0|5745426.0|2646546|1798862|516333|338823|99|223|63|30|9585934|17696532|1823830|833729|5.16|11|2.32|116|258|357|2838.0
202409|ADM|41|11200|26140000|인천|강남구|서초동|4113000000|인계동|2|65|2|2|7|1150|154|154|771|35349|23771.0|7986.0|4938.0|10847.0|22034|7441|3798|3660734.0|1229844.0|760452.0|1670438.0|1916812|2149351|125620|88502|39|76|43|6|1428548|12662409|2334909|324575|4.54|15|4.8|142|38|271|570.0
202409|ADM|46|28110|26140000|경기|성남시|역삼동|2811000000|서초1동|1|35|1|2|10|1382|245|245|285|70759|23335.0|13068.0|8288.0|1979.0|18553|11813|6710|5717075.0|3201660.0|2030560.0|484855.0|3400569|67955|748186|194144|52|127|32|23|2310256|12152481|2138677|952666|3.34|25|3.3|175|260|453|6500.0
202409|CNTY_GU|45|26140|45110000|경기|서초구|역삼동|2611000000|역삼1가|1|40|1|1|5|1442|263|263|4|45247|27665.0|17552.0|3965.0|6148.0|21479|16946|3376|7275895.0|4616176.0|1042795.0|1616924.0|3395117|224327|540130|341030|30|111|42|23|2581794|7685192|2669696|865686|3.08|24|2.46|35|481|313|11544.0
202409|CNTY_GU|27|45110|44130000|서울|수원시|인계동|1117000000|역삼1가|1|55|0|1|10|463|128|128|718|39990|47336.0|37242.0|13737.0|0.0|38349|30510|10245|6059008.0|4766976.0|1758336.0|0.0|3462687|2656840|986270|384465|19|52|13|12|9290625|19750891|85200|1118887|7.83|16|1.89|16|10|462|160.0
202409|CNTY_GU|47|45110|11170000|경기|수원시|서초동|4511000000|역삼1가|1|30|0|1|7|891|232|232|30|91988|20031.0|11030.0|3635.0|5366.0|14951|8020|3533|4647192.0|2558960.0|843320.0|1244912.0|315293|109472|602467|288406|51|129|25|16|9637320|8654107|526889|1314500|3.74|20|1.97|10|56|470|1120.0
202409|CNTY_GU|43|28110|11200000|인천|서초구|서초동|2711000000|인계동|2|45|1|1|2|350|401|401|14|24735|10911.0|8306.0|2804.0|0.0|10623|6928|2611|4375311.0|3330706.0|1124404.0|0.0|2408584|2301319|714257|464847|101|209|60|6|4465927|9741515|2966758|1582180|2.86|35|4.71|80|492|388|17220.0
202409|ADM|43|47110|11110000|부산|서초구|서초동|4311000000|인계동|2|30|0|1|2|207|66|66|153|90077|34358.0|22099.0|5291.0|6968.0|28507|19132|4705|2267628.0|1458534.0|349206.0|459888.0|528345|2577484|237420|20001|18|29|19|4|797206|83298|815684|762189|5.54|8|3.54|143|271|306|2168.0
202409|PRVNC|27|41130|43110000|인천|성남시|역삼동|4511000000|인계동|1|25|3|2|7|1703|290|290|261|82218|18291.0|6013.0|5901.0|6377.0|16896|5109|5810|5304390.0|1743770.0|1711290.0|1849330.0|4296340|1527731|787023|332341|71|156|80|15|8964832|7892147|4639643|1401232|5.69|32|3.94|103|409|328|13088.0
202409|PRVNC|46|11110|11140000|경기|수원시|서초동|1117000000|역삼1가|1|50|0|2|2|202|29|29|719|92503|7325.0|3619.0|1698.0|2008.0|7266|2857|1444|212425.0|104951.0|49242.0|58232.0|1000370|192674|287333|72729|5|14|4|1|5858602|16068081|2076704|416637|5.2|1|2.37|117|219|366|219.0
202409|ADM|47|26110|41150000|부산|성남시|인계동|4413000000|인계동|1|35|2|1|4|1647|285|285|386|35706|32109.0|14753.0|8006.0|9350.0|29623|12943|6903|9151065.0|4204605.0|2281710.0|2664750.0|354564|295712|238410|23552|46|146|61|18|4682452|11616667|2569444|711117|4.71|18|1.63|74|146|294|2628.0
202409|ADM|45|42110|41110000|서울|강남구|역삼동|4115000000|역삼1가|2|30|0|2|9|222|438|438|847|69519|36292.0|20216.0|6373.0|9703.0|28807|15843|5835|15895896.0|8854608.0|2791374.0|4249914.0|1948296|924040|782680|498913|44|249|109|19|4246721|15697614|78249|1276850|6.74|38|1.04|90|399|454|15162.0
202409|ADM|41|11200|42110000|부산|강남구|인계동|4311000000|역삼1가|2|30|0|1|10|1430|289|289|460|79748|40087.0|16245.0|15602.0|8240.0|28940|13070|11219|11585143.0|4694805.0|4508978.0|2381360.0|2676752|711323|432970|418987|84|130|35|6|3841523|8744342|4431438|815232|5.83|8|3.4|17|426|150|3408.0
202409|CNTY_GU|43|41130|46110000|부산|서초구|인계동|2811000000|인계동|1|40|2|1|7|82|484|484|994|57863|47228.0|23698.0|17806.0|5724.0|43645|22151|15311|22858352.0|11469832.0|8618104.0|2770416.0|975152|1997773|18022|375655|98|267|115|25|5543604|19962224|3783632|1037494|3.8|47|4.47|10|47|94|2209.0
202409|CNTY_GU|41|43110|43110000|대구|강남구|인계동|4511000000|역삼1가|1|30|1|1|1|1235|2|2|91|98288|6149.0|2974.0|2360.0|815.0|5553|2782|1722|12298.0|5948.0|4720.0|1630.0|4566769|118|774481|269629|0|1|0|0|5628915|14251341|4975497|500450|7.06|0|4.27|13|0|240|0.0
202409|ADM|26|11170|11170000|부산|수원시|서초동|4511000000|역삼1가|2|50|0|1|9|1160|207|207|780|38311|41236.0|18297.0|7287.0|15652.0|37094|15968|6568|8535852.0|3787479.0|1508409.0|3239964.0|1104588|1116056|472973|228098|61|87|56|5|8361468|13475264|3904069|469686|7.8|16|4.66|35|491|160|7856.0
202409|ADM|27|11200|11170000|인천|수원시|역삼동|4113000000|서초1동|2|55|2|2|7|333|443|443|998|53579|11600.0|3709.0|3919.0|3972.0|11350|2901|3582|5138800.0|1643087.0|1736117.0|1759596.0|242470|1416064|839894|426950|67|198|123|24|5054711|3292480|1806610|800027|4.15|63|1.97|92|436|164|27468.0
202409|ADM|41|41110|43110000|경기|강남구|서초동|4113000000|역삼1가|1|25|3|1|7|1783|270|270|654|63655|33279.0|18135.0|4685.0|10459.0|30707|13619|3744|8985330.0|4896450.0|1264950.0|2823930.0|440500|2801326|902618|293318|57|132|62|6|2088222|12487039|3888294|1524352|5.16|22|3.32|27|154|147|3388.0
202409|CNTY_GU|43|26110|11140000|서울|성남시|서초동|4211000000|인계동|1|50|0|1|6|238|429|429|789|59624|42625.0|18917.0|7539.0|16169.0|37500|17534|6115|18286125.0|8115393.0|3234231.0|6936501.0|3382190|1481712|868674|83589|65|217|84|1|1211931|19638535|4893252|1898271|4.28|5|1.63|14|422|309|2110.0
202409|CNTY_GU|47|47110|46110000|인천|서초구|인계동|2711000000|인계동|2|60|0|2|2|284|192|192|744|56703|24634.0|18934.0|6708.0|0.0|21248|14887|6441|4729728.0|3635328.0|1287936.0|0.0|3892823|1076622|930298|385811|26|88|32|3|1335835|2514048|4270442|976426|6.03|15|1.91|163|71|404|1065.0
202409|ADM|26|46110|46110000|부산|강남구|서초동|1120000000|서초1동|2|65|3|2|6|550|41|41|444|17962|14639.0|5570.0|5032.0|4037.0|12283|3989|4700|600199.0|228370.0|206312.0|165517.0|2244312|2115209|447619|300750|10|22|8|0|3733815|9490922|2035202|1962691|6.56|4|1.78|146|140|351|560.0
202409|ADM|45|46110|46110000|부산|서초구|인계동|4311000000|역삼1가|1|70|3|2|5|1205|207|207|535|70542|37716.0|15791.0|10508.0|11417.0|27599|14935|9589|7807212.0|3268737.0|2175156.0|2363319.0|3262828|258015|787521|154244|42|100|35|6|1176939|7750824|3538608|739616|7.03|10|4.48|38|349|143|3490.0
202409|CNTY_GU|42|45110|11140000|서울|강남구|서초동|1114000000|인계동|1|45|2|2|7|244|28|28|535|67482|23795.0|18662.0|9101.0|0.0|21469|14923|8418|666260.0|522536.0|254828.0|0.0|26993|2557897|587473|441812|7|12|2|2|3216910|14496096|4507855|662270|2.92|3|2.1|78|334|147|1002.0
202409|ADM|47|28110|41150000|인천|서초구|서초동|4511000000|서초1동|1|30|2|2|10|331|135|135|937|12967|19626.0|10635.0|4369.0|4622.0|16495|9209|3588|2649510.0|1435725.0|589815.0|623970.0|4157698|567974|300999|469899|27|57|16|4|9569512|19544034|1741736|1807473|3.27|14|2.28|32|313|314|4382.0
202409|ADM|26|27110|43110000|경기|수원시|인계동|4111000000|역삼1가|1|65|0|1|6|1552|442|442|82|51320|23372.0|15721.0|2735.0|4916.0|16425|12566|1953|10330424.0|6948682.0|1208870.0|2172872.0|1441398|2593750|227449|235254|120|211|121|9|1302795|10248176|458579|688721|6.64|9|4.58|145|208|188|1872.0
202409|ADM|26|46110|41110000|부산|성남시|인계동|4211000000|서초1동|2|20|0|1|9|1081|399|399|21|26116|29601.0|18773.0|8425.0|2403.0|23540|15460|6599|11810799.0|7490427.0|3361575.0|958797.0|1449955|1867749|221453|271744|105|235|104|13|942857|2363257|3525389|1157926|4.88|20|2.32|127|169|304|3380.0
202409|CNTY_GU|45|11140|11140000|서울|서초구|역삼동|2611000000|역삼1가|2|40|1|2|7|925|118|118|344|85726|23970.0|17874.0|5405.0|691.0|22923|16199|4703|2828460.0|2109132.0|637790.0|81538.0|1889314|2229829|736658|306491|20|65|18|4|7424162|7795219|17583|1530082|6.09|3|2.7|175|125|299|375.0
202409|CNTY_GU|26|11200|26110000|경기|성남시|인계동|2711000000|서초1동|2|70|3|2|3|1824|366|366|50|53715|14646.0|8485.0|5763.0|398.0|11746|6320|4520|5360436.0|3105510.0|2109258.0|145668.0|1750399|1334437|650409|403692|100|195|63|16|3925522|1760139|1622100|1550324|6.53|0|1.9|20|0|284|0.0
202409|CNTY_GU|26|43110|41130000|대구|수원시|인계동|2811000000|서초1동|1|35|3|1|2|1027|93|93|425|14553|43107.0|34399.0|13397.0|0.0|39778|31952|12298|4008951.0|3199107.0|1245921.0|0.0|3093326|362522|738417|296175|10|49|24|3|2030186|5371106|2379650|263522|4.89|8|2.32|146|340|153|2720.0
202409|ADM|26|46110|26110000|대구|성남시|인계동|4711000000|인계동|2|20|1|1|4|955|69|69|620|95738|48883.0|36234.0|12058.0|591.0|36825|30595|9797|3372927.0|2500146.0|832002.0|40779.0|4311408|1098223|414016|431870|15|38|12|4|9526149|2804555|3289987|523198|2.78|5|4.0|7|339|87|1695.0
202409|CNTY_GU|46|43110|28110000|서울|수원시|역삼동|1114000000|서초1동|1|45|2|2|4|111|339|339|864|38260|9191.0|4213.0|3408.0|1570.0|8246|4012|3171|3115749.0|1428207.0|1155312.0|532230.0|2805235|2404670|673425|215135|77|160|78|14|5181039|5996132|2159948|462835|7.32|44|1.63|28|169|226|7436.0
202409|ADM|42|11200|28110000|대구|성남시|역삼동|4211000000|인계동|1|65|0|1|3|1374|248|248|333|83472|23866.0|13986.0|6473.0|3407.0|20968|13109|4801|5918768.0|3468528.0|1605304.0|844936.0|933798|2472710|260958|310162|49|113|65|4|2783744|9691212|2524229|444748|4.25|5|1.3|86|287|66|1435.0
202409|ADM|45|44130|46110000|경기|서초구|역삼동|4711000000|인계동|2|60|3|1|5|282|438|438|552|32158|46393.0|36913.0|13556.0|0.0|33801|27617|12796|20320134.0|16167894.0|5937528.0|0.0|161527|2281703|304661|492235|121|190|89|30|8419181|18485371|859654|1815611|2.66|25|3.16|173|428|466|10700.0
202409|CNTY_GU|46|41150|47110000|경기|강남구|역삼동|2611000000|서초1동|2|40|2|1|6|1370|222|222|562|77628|47299.0|16283.0|14223.0|16793.0|35714|14482|10328|10500378.0|3614826.0|3157506.0|3728046.0|503278|1672462|756711|356206|29|132|43|18|4396540|17144335|1657921|1451670|5.26|6|2.88|23|427|208|2562.0
202409|CNTY_GU|46|42110|41110000|대구|수원시|인계동|2811000000|서초1동|2|55|1|1|2|880|446|446|0|62568|37799.0|15895.0|9077.0|12827.0|35061|15168|6599|16858354.0|7089170.0|4048342.0|5720842.0|4118102|469813|961310|448913|87|231|90|16|6051111|13527895|4433039|10333|2.16|7|2.79|168|316|324|2212.0
202409|ADM|45|11170|41150000|부산|강남구|서초동|2614000000|인계동|2|70|0|2|4|727|111|111|863|38606|40104.0|29038.0|13800.0|0.0|32068|23446|10448|4451544.0|3223218.0|1531800.0|0.0|976019|2547802|647941|27203|22|57|14|6|423307|13931682|1397808|1759841|7.06|13|4.77|134|155|247|2015.0
202409|ADM|43|28110|26140000|서울|강남구|인계동|4511000000|역삼1가|1|65|1|1|8|1171|339|339|963|96592|36331.0|15862.0|11319.0|9150.0|35653|14005|9349|12316209.0|5377218.0|3837141.0|3101850.0|1082602|127876|891233|254046|91|196|71|23|9095568|12923547|3398117|898754|3.01|12|4.94|85|79|138|948.0
202409|CNTY_GU|47|41130|45110000|대구|서초구|인계동|4115000000|인계동|1|60|1|1|6|1308|58|58|305|47984|36592.0|14838.0|11468.0|10286.0|28151|10723|8068|2122336.0|860604.0|665144.0|596588.0|3650777|632229|418428|28333|11|28|6|3|9221216|7522937|1193669|10647|7.64|1|4.43|161|67|118|67.0
202409|CNTY_GU|42|27110|41110000|경기|강남구|인계동|4115000000|역삼1가|1|35|2|1|3|1578|33|33|57|49204|12470.0|8443.0|2906.0|1121.0|11420|7331|2423|411510.0|278619.0|95898.0|36993.0|3737759|957447|520906|287135|9|18|8|2|5427812|4745113|999288|1155098|3.6|1|3.52|47|338|165|338.0
202409|ADM|45|26110|28110000|서울|성남시|역삼동|4115000000|인계동|2|65|0|1|7|1558|385|385|724|48656|19.0|14.0|6.0|0.0|15|11|5|7315.0|5390.0|2310.0|0.0|1307388|1193142|395183|73980|75|172|51|29|9024531|5602495|4875996|1880774|5.54|8|1.3|160|435|319|3480.0
202409|CNTY_GU|42|41150|43110000|대구|성남시|역삼동|2711000000|서초1동|2|35|0|1|10|1795|239|239|233|90935|39014.0|12002.0|12464.0|14548.0|35361|11648|8812|9324346.0|2868478.0|2978896.0|3476972.0|214391|1602319|72151|365151|43|132|48|3|7315627|13582783|4134822|803824|4.1|35|2.22|153|436|498|15260.0
202409|ADM|46|43110|43110000|부산|수원시|인계동|4413000000|역삼1가|1|45|0|2|5|1201|26|26|65|43779|987.0|578.0|249.0|160.0|803|474|189|25662.0|15028.0|6474.0|4160.0|866071|1404908|624887|203166|4|14|3|0|3937001|11049936|4285801|1402663|7.28|0|1.63|81|0|181|0.0
202409|CNTY_GU|41|28110|41130000|부산|수원시|인계동|4115000000|서초1동|1|55|3|2|6|1666|161|161|213|44994|38631.0|26413.0|8298.0|3920.0|30623|20628|7903|6219591.0|4252493.0|1335978.0|631120.0|4161651|380654|805162|84343|34|87|18|14|6542807|16945994|207121|1698361|4.83|21|2.73|10|374|465|7854.0
202409|ADM|11|11170|44130000|경기|서초구|역삼동|2614000000|서초1동|2|30|2|1|9|1892|121|121|42|26799|37391.0|20417.0|4903.0|12071.0|28529|16109|3882|4524311.0|2470457.0|593263.0|1460591.0|1790242|2110128|780178|349421|20|55|32|5|8124645|5700580|433166|1153665|5.29|11|3.0|145|281|245|3091.0
202409|ADM|42|47110|11170000|인천|성남시|인계동|1114000000|서초1동|2|20|1|1|5|1339|285|285|289|73795|25114.0|17775.0|9838.0|0.0|20028|17674|7921|7157490.0|5065875.0|2803830.0|0.0|1253748|2770206|786952|175638|51|156|67|6|9140682|7306121|4263195|1099804|5.27|1|2.32|79|202|171|202.0
202409|ADM|26|28110|44130000|경기|성남시|역삼동|4115000000|서초1동|2|65|1|2|9|663|187|187|154|97141|3222.0|1001.0|1170.0|1051.0|2317|795|948|602514.0|187187.0|218790.0|196537.0|3760275|1795385|282844|473061|54|81|48|18|3597418|7534637|3156661|1213359|7.83|8|4.0|138|63|124|504.0
202409|ADM|27|11200|11140000|부산|강남구|역삼동|2611000000|역삼1가|1|65|1|2|1|809|329|329|957|83795|19354.0|8173.0|4609.0|6572.0|18605|7411|4444|6367466.0|2688917.0|1516361.0|2162188.0|2845444|2601430|141870|182322|36|186|93|31|7193198|15517638|4738413|962048|3.73|42|1.8|160|356|232|14952.0
202409|CNTY_GU|45|11170|27110000|인천|강남구|서초동|1117000000|역삼1가|2|35|2|1|6|1510|177|177|263|33911|26702.0|15920.0|5856.0|4926.0|26360|12786|5102|4726254.0|2817840.0|1036512.0|871902.0|4114171|44698|801154|265161|20|99|34|12|9409687|1329263|2933998|477019|3.02|19|2.42|105|467|151|8873.0
202409|CNTY_GU|45|26110|41110000|서울|수원시|인계동|1111000000|역삼1가|2|30|3|1|10|936|38|38|686|47498|4609.0|3174.0|629.0|806.0|3242|2459|492|175142.0|120612.0|23902.0|30628.0|4952325|1999238|313408|25391|3|21|8|3|6655161|4100187|1903257|536543|4.07|4|3.63|19|454|337|1816.0
202409|CNTY_GU|44|11170|41150000|부산|수원시|서초동|4113000000|서초1동|2|55|2|2|8|1123|399|399|197|11622|24450.0|15674.0|7715.0|1061.0|23778|13301|6907|9755550.0|6253926.0|3078285.0|423339.0|4816994|2703278|887487|32939|67|171|50|19|7746651|13509147|1414936|1205220|4.51|59|4.96|148|463|447|27317.0
202409|ADM|47|27110|26140000|대구|서초구|서초동|4111000000|역삼1가|2|30|3|1|1|1265|57|57|767|99242|21101.0|13199.0|6593.0|1309.0|17512|11798|4837|1202757.0|752343.0|375801.0|74613.0|2967013|1930224|247891|428281|6|31|15|3|3089944|7640699|1600977|1182116|6.2|4|4.99|142|359|96|1436.0
202409|ADM|45|11110|28110000|서울|강남구|역삼동|4511000000|인계동|2|40|0|2|2|1927|370|370|774|20927|38860.0|24205.0|4482.0|10173.0|38060|18037|3413|14378200.0|8955850.0|1658340.0|3764010.0|1007414|2736143|304952|404594|80|220|43|16|1831973|17879027|3890466|1197394|7.17|27|3.44|166|152|107|4104.0
202409|PRVNC|27|28110|41150000|서울|성남시|역삼동|4413000000|인계동|2|60|1|2|8|157|439|439|373|74981|47151.0|30746.0|15903.0|502.0|43807|27621|11414|20699289.0|13497494.0|6981417.0|220378.0|559046|2409053|458133|145607|71|185|120|29|656554|9530981|4330464|1643319|3.92|45|4.16|73|131|339|5895.0
202409|PRVNC|44|11200|11140000|대구|강남구|인계동|4311000000|서초1동|2|55|0|2|1|1687|430|430|730|48098|18436.0|14586.0|3771.0|79.0|14691|10390|3481|7927480.0|6271980.0|1621530.0|33970.0|1365834|853312|188327|184649|49|252|52|8|6215581|19156884|1162780|1323463|6.81|46|2.83|71|453|497|20838.0
202409|CNTY_GU|41|46110|46110000|인천|성남시|역삼동|4711000000|인계동|1|45|0|1|9|1692|483|483|989|71641|16856.0|7885.0|1712.0|7259.0|13223|5883|1246|8141448.0|3808455.0|826896.0|3506097.0|4261769|1578082|534164|278613|133|199|142|5|9487414|2638446|1251338|1485113|6.66|9|3.92|173|201|121|1809.0
202409|CNTY_GU|26|46110|45110000|서울|강남구|역삼동|2711000000|역삼1가|2|65|3|1|7|344|66|66|394|73243|27709.0|19397.0|10646.0|0.0|22483|17962|9869|1828794.0|1280202.0|702636.0|0.0|3500580|440283|374263|294585|18|28|14|5|9147189|16129442|2522844|1290920|2.11|2|3.44|164|33|236|66.0
202409|CNTY_GU|43|46110|44130000|서울|강남구|인계동|2711000000|역삼1가|1|70|0|1|1|1353|3|3|568|53212|23916.0|16272.0|4594.0|3050.0|20197|13492|4247|71748.0|48816.0|13782.0|9150.0|3578848|1333179|303374|462016|0|1|0|0|9352076|3991759|3645183|561299|3.98|0|4.01|98|0|302|0.0
202409|CNTY_GU|46|11200|43110000|대구|성남시|인계동|1111000000|역삼1가|2|60|1|1|7|1552|473|473|106|96827|12333.0|9094.0|1853.0|1386.0|9817|7335|1693|5833509.0|4301462.0|876469.0|655578.0|2551245|2650796|432411|203020|139|191|62|29|2434744|1674133|1634779|1387238|4.14|37|3.19|6|226|256|8362.0
202409|PRVNC|41|45110|43110000|서울|강남구|서초동|4711000000|역삼1가|1|55|0|1|6|1178|219|219|609|68166|12669.0|6431.0|2397.0|3841.0|12062|5934|2171|2774511.0|1408389.0|524943.0|841179.0|2309563|2896930|286011|175655|62|104|55|19|4749960|8034103|3988737|929859|6.98|19|3.74|144|451|59|8569.0
202409|ADM|27|27110|11170000|인천|강남구|인계동|4711000000|인계동|2|30|0|1|10|375|203|203|230|74837|9493.0|5118.0|3772.0|603.0|8145|3599|3086|1927079.0|1038954.0|765716.0|122409.0|3801653|2303136|617378|459729|48|115|35|18|1447282|958515|4399863|1993871|5.86|14|3.67|91|71|176|994.0
202409|ADM|45|26140|41110000|부산|수원시|역삼동|1117000000|역삼1가|1|65|0|2|9|1697|314|314|663|54941|33959.0|20385.0|5267.0|8307.0|31806|14947|4470|10663126.0|6400890.0|1653838.0|2608398.0|3844171|928368|239054|31290|58|147|38|27|5167178|8270098|327701|1912982|2.62|24|2.52|27|425|430|10200.0
202409|ADM|47|26140|26110000|부산|서초구|인계동|4611000000|역삼1가|2|50|0|2|5|1692|196|196|787|64562|15494.0|8286.0|4673.0|2535.0|14133|6586|3640|3036824.0|1624056.0|915908.0|496860.0|2223620|2050288|320240|316061|46|92|33|2|5363375|17648844|4034346|1397340|3.89|6|2.79|79|271|194|1626.0
202409|CNTY_GU|27|11200|11110000|인천|서초구|역삼동|4413000000|역삼1가|1|45|2|2|10|1257|134|134|531|15273|45380.0|34945.0|14046.0|0.0|38719|31137|11956|6080920.0|4682630.0|1882164.0|0.0|2404246|2855393|628404|325548|40|70|18|11|7922353|12547949|1076846|1772488|3.94|6|4.19|92|291|6|1746.0
202409|CNTY_GU|41|47110|47110000|부산|수원시|서초동|4413000000|역삼1가|1|35|0|1|9|484|210|210|774|68960|19495.0|7673.0|7509.0|4313.0|17865|5996|7465|4093950.0|1611330.0|1576890.0|905730.0|1314423|1062396|319925|331422|59|103|58|3|2184226|9464340|3488913|1425663|6.75|3|2.74|101|483|376|1449.0
202409|ADM|11|26140|11110000|인천|성남시|역삼동|4311000000|역삼1가|1|55|1|2|2|1511|483|483|838|89459|33758.0|17807.0|6543.0|9408.0|31534|12914|6212|16305114.0|8600781.0|3160269.0|4544064.0|4806138|1926634|264950|75217|120|281|110|5|234331|19135141|489849|158804|6.63|46|2.08|78|105|95|4830.0
202409|CNTY_GU|46|44130|26110000|경기|성남시|인계동|2711000000|역삼1가|2|60|1|2|7|1665|382|382|962|17042|0.0|0.0|0.0|0.0|0|0|0|0.0|0.0|0.0|0.0|832008|2838908|800531|192077|75|205|38|14|2135339|7452336|1137182|1086527|2.19|46|4.43|107|318|265|14628.0
202409|ADM|44|11110|28110000|부산|서초구|인계동|4711000000|서초1동|2|20|3|1|5|104|286|286|824|64664|33030.0|12401.0|6055.0|14574.0|29671|9414|5727|9446580.0|3546686.0|1731730.0|4168164.0|3503345|805851|625845|405420|46|130|29|27|5030272|17287822|2279379|1567185|5.6|2|2.01|89|406|345|812.0
202409|CNTY_GU|43|45110|41130000|인천|수원시|서초동|1114000000|서초1동|2|25|1|2|1|1520|179|179|179|45605|16716.0|8786.0|6576.0|1354.0|14543|7745|5584|2992164.0|1572694.0|1177104.0|242366.0|3907130|2308944|473418|229885|23|99|31|4|2440967|6845946|2615535|1509637|2.14|17|4.74|96|165|28|2805.0
202409|ADM|45|26140|41150000|인천|서초구|서초동|4611000000|서초1동|2|70|3|2|10|961|273|273|110|91313|48481.0|35824.0|15144.0|0.0|37497|27908|12841|13235313.0|9779952.0|4134312.0|0.0|4343021|2042707|976424|493825|71|144|56|26|5806036|14295282|3396414|1099921|3.82|10|2.88|29|370|222|3700.0
202409|ADM|27|11170|11140000|부산|서초구|역삼동|4115000000|서초1동|1|30|1|1|2|1636|296|296|990|10642|13806.0|9704.0|3097.0|1005.0|9872|8526|2473|4086576.0|2872384.0|916712.0|297480.0|1630126|1754055|61084|8371|54|163|79|19|319304|894259|2417892|1798374|7.39|42|4.63|38|41|268|1722.0
202409|CNTY_GU|27|41150|41150000|경기|수원시|인계동|2811000000|인계동|1|35|1|1|3|1300|5|5|597|57517|35551.0|19300.0|6084.0|10167.0|31691|13797|5943|177755.0|96500.0|30420.0|50835.0|2877634|2787940|323654|264154|1|2|1|0|4061258|13394257|1000500|108092|3.45|0|2.81|91|0|360|0.0
202409|CNTY_GU|43|27110|11140000|인천|강남구|역삼동|1120000000|역삼1가|2|40|0|2|3|1672|52|52|885|44707|27543.0|9679.0|9957.0|7907.0|23357|7079|9199|1432236.0|503308.0|517764.0|411164.0|4714263|2117941|889695|265831|10|24|12|1|3133665|10882511|4594911|1137479|4.37|2|4.42|64|272|454|544.0
202409|ADM|27|42110|11170000|인천|수원시|서초동|1120000000|역삼1가|1|50|2|2|2|1417|320|320|516|96206|48018.0|31194.0|6623.0|10201.0|46207|29065|5503|15365760.0|9982080.0|2119360.0|3264320.0|2447583|2795140|800215|392969|77|135|65|29|7773593|7189994|4577097|1587697|6.99|11|1.17|7|17|17|187.0
202409|CNTY_GU|11|41150|41150000|부산|강남구|역삼동|1120000000|인계동|2|50|3|2|10|1176|346|346|634|13525|41446.0|21508.0|5625.0|14313.0|35731|19307|4139|14340316.0|7441768.0|1946250.0|4952298.0|815699|1544287|776435|111380|70|142|37|32|7962179|13678150|2097439|664629|5.32|20|4.53|71|208|356|4160.0
202409|ADM|26|44130|46110000|서울|서초구|인계동|4211000000|인계동|2|60|2|2|8|207|113|113|426|84113|20620.0|14261.0|7153.0|0.0|18402|12347|7018|2330060.0|1611493.0|808289.0|0.0|3453149|2265923|200638|68841|20|46|13|5|8647591|9747565|855892|901193|4.19|13|4.97|87|319|255|4147.0
202409|CNTY_GU|41|26140|47110000|대구|서초구|서초동|4113000000|인계동|1|40|3|1|5|1943|298|298|880|51542|3004.0|1844.0|1105.0|55.0|2453|1489|971|895192.0|549512.0|329290.0|16390.0|3318111|2865901|897009|294973|43|170|33|17|6827664|18100429|4467125|1973504|2.37|34|3.77|19|83|398|2822.0
202409|CNTY_GU|11|11170|46110000|부산|서초구|역삼동|1120000000|서초1동|1|65|2|1|4|1943|6|6|2|86390|36063.0|11836.0|7265.0|16962.0|26058|11398|5755|216378.0|71016.0|43590.0|101772.0|2234571|1891981|643613|123918|1|2|1|0|3754539|15083046|1723165|1698344|5.02|0|1.98|68|0|489|0.0
202409|PRVNC|45|41130|41150000|인천|강남구|역삼동|4413000000|서초1동|2|25|1|1|4|298|119|119|319|36041|23878.0|12298.0|7738.0|3842.0|22243|8932|7448|2841482.0|1463462.0|920822.0|457198.0|14237|420364|693911|79191|29|48|23|10|8748213|15602459|2818469|1413520|2.32|9|3.07|135|28|315|252.0
202409|ADM|27|41150|47110000|부산|서초구|역삼동|4611000000|인계동|1|40|1|1|1|490|213|213|975|48096|24537.0|19429.0|3621.0|1487.0|23383|15659|2629|5226381.0|4138377.0|771273.0|316731.0|4629453|405244|945814|304747|61|106|62|15|5511593|634147|4943128|1608202|6.24|18|2.93|61|19|326|342.0
202409|CNTY_GU|47|42110|11170000|서울|성남시|인계동|4113000000|인계동|2|45|0|1|10|1707|305|305|713|26736|26499.0|14274.0|7224.0|5001.0|25326|10367|5829|8082195.0|4353570.0|2203320.0|1525305.0|2567542|2024889|862676|15173|75|181|76|15|6185998|18728515|4977148|559973|6.31|20|2.64|13|187|459|3740.0
202409|ADM|11|46110|11200000|경기|서초구|인계동|2611000000|인계동|1|35|1|2|6|1257|342|342|623|11391|35436.0|24431.0|4835.0|6170.0|32761|19946|4281|12119112.0|8355402.0|1653570.0|2110140.0|4253348|1526158|112779|159296|54|196|82|0|9136374|6864421|3690996|1220747|4.33|2|3.82|152|93|170|186.0
202409|CNTY_GU|46|46110|11110000|경기|성남시|인계동|4211000000|인계동|1|40|1|2|2|174|257|257|246|41543|15256.0|8964.0|4489.0|1803.0|11720|8234|3292|3920792.0|2303748.0|1153673.0|463371.0|55371|2417220|883982|475394|46|139|62|10|6715953|17677788|1018486|644964|7.61|29|3.73|151|144|108|4176.0
202409|ADM|47|26110|41150000|인천|성남시|인계동|1111000000|역삼1가|1|50|3|2|2|831|267|267|625|12505|0.0|0.0|0.0|0.0|0|0|0|0.0|0.0|0.0|0.0|4845387|2763402|261863|130333|39|123|58|0|3459158|9530459|4858694|197850|5.03|11|4.05|23|217|427|2387.0
202409|PRVNC|43|42110|45110000|인천|수원시|서초동|4611000000|서초1동|1|45|0|1|10|596|485|485|883|60591|27461.0|13740.0|4729.0|8992.0|22102|11184|4628|13318585.0|6663900.0|2293565.0|4361120.0|1973317|242141|756525|277150|94|249|142|20|6171558|17102363|1691787|665677|5.92|53|3.95|15|307|341|16271.0
202409|ADM|42|11200|26110000|대구|강남구|역삼동|2811000000|역삼1가|2|35|2|2|3|165|496|496|518|57045|42948.0|18829.0|13499.0|10620.0|37120|18714|12013|21302208.0|9339184.0|6695504.0|5267520.0|1005816|669534|194387|468805|96|285|91|10|8069021|6893917|147698|276354|3.69|63|3.44|60|279|122|17577.0
202409|CNTY_GU|11|11140|44130000|서울|성남시|인계동|2611000000|서초1동|1|45|3|2|1|1566|301|301|665|31567|40009.0|16989.0|6931.0|16089.0|37090|14754|5446|12042709.0|5113689.0|2086231.0|4842789.0|827831|2489786|561782|474251|56|139|66|26|3425580|7812649|1283447|927298|7.12|19|3.69|77|30|187|570.0
202409|CNTY_GU|41|44130|27110000|서울|성남시|역삼동|4211000000|역삼1가|2|55|0|1|7|1242|10|10|832|80805|37231.0|22630.0|11862.0|2739.0|34565|19958|9437|372310.0|226300.0|118620.0|27390.0|4557034|134406|442520|94954|1|5|2|0|1725378|11746804|3133627|593382|3.06|0|2.05|30|0|243|0.0
202409|ADM|44|44130|47110000|경기|강남구|역삼동|2611000000|역삼1가|1|40|0|2|4|558|21|21|49|74677|6912.0|4970.0|1447.0|495.0|5455|4243|1208|145152.0|104370.0|30387.0|10395.0|4035904|672149|210929|134679|4|12|5|0|6196653|2176464|2490431|354069|4.88|0|1.79|166|0|196|0.0
202409|ADM|11|26110|44130000|대구|성남시|서초동|2611000000|인계동|1|20|2|2|2|390|335|335|849|48612|22897.0|17150.0|2756.0|2991.0|17644|12696|2289|7670495.0|5745250.0|923260.0|1001985.0|1079433|2192303|84626|473733|64|194|58|16|3430412|6115432|1894163|304526|5.15|47|4.77|176|72|267|3384.0
202409|CNTY_GU|42|42110|11140000|경기|수원시|인계동|1120000000|인계동|1|60|0|1|8|1593|421|421|696|14734|14781.0|8999.0|3422.0|2360.0|11756|8052|2485|6222801.0|3788579.0|1440662.0|993560.0|3518616|1165311|221572|194258|64|209|72|9|5203420|249918|1080959|1965414|6.41|40|3.08|109|469|92|18760.0
202409|CNTY_GU|26|41110|45110000|부산|수원시|역삼동|4311000000|서초1동|1|40|2|2|9|1419|45|45|538|59687|31414.0|19849.0|4119.0|7446.0|22338|14372|3072|1413630.0|893205.0|185355.0|335070.0|2325776|289105|602124|433434|6|18|8|1|709|12476973|724144|1194178|3.18|5|4.81|108|191|43|955.0
202409|ADM|41|11140|28110000|부산|성남시|인계동|1114000000|서초1동|2|35|1|2|5|1320|424|424|586|35607|36689.0|22924.0|6824.0|6941.0|26772|19283|6740|15556136.0|9719776.0|2893376.0|2942984.0|2023753|265783|710717|116868|54|175|73|5|5985549|16295400|2825007|1584565|2.62|2|4.84|90|140|319|280.0
202409|CNTY_GU|42|11140|41130000|대구|수원시|인계동|2611000000|서초1동|1|45|2|1|2|1375|266|266|177|52948|15033.0|7728.0|1648.0|5657.0|11845|7151|1484|3998778.0|2055648.0|438368.0|1504762.0|581299|2918130|223153|238644|63|150|56|14|5569078|13448272|3595881|1274717|2.59|20|2.14|140|35|102|700.0
202409|ADM|41|26110|11110000|부산|강남구|인계동|1117000000|역삼1가|2|30|1|2|8|109|477|477|856|79896|40498.0|14126.0|13839.0|12533.0|34200|13717|12200|19317546.0|6738102.0|6601203.0|5978241.0|999452|1383811|50353|461425|102|248|49|41|5240062|18701776|2778627|824851|6.78|2|2.29|156|452|29|904.0
202409|CNTY_GU|43|41150|45110000|대구|수원시|인계동|4511000000|역삼1가|2|65|0|1|2|331|159|159|209|57166|25812.0|7867.0|8088.0|9857.0|25273|6759|7030|4104108.0|1250853.0|1285992.0|1567263.0|4358281|1983401|907720|322195|38|91|44|2|5975826|14580476|3365263|1591732|6.47|15|1.75|21|327|234|4905.0
202409|ADM|46|11140|11170000|서울|서초구|서초동|4111000000|서초1동|2|35|1|2|8|1739|380|380|523|49680|36828.0|27533.0|12047.0|0.0|27263|27385|9788|13994640.0|10462540.0|4577860.0|0.0|637548|2130320|96846|164336|110|172|67|32|9859872|2951837|2695907|843828|5.05|20|4.26|98|278|66|5560.0
202409|ADM|45|11170|11170000|인천|성남시|서초동|4115000000|서초1동|2|55|2|2|4|269|58|58|793|82326|41548.0|23279.0|12876.0|5393.0|38263|23000|9515|2409784.0|1350182.0|746808.0|312794.0|505115|1273609|299198|89628|10|30|11|5|9660272|6138472|4365905|1623340|4.34|1|2.12|124|30|11|30.0
202409|ADM|47|27110|11170000|경기|강남구|역삼동|4111000000|인계동|1|40|2|2|6|1303|2|2|293|82582|35877.0|22877.0|13251.0|0.0|29305|19133|11448|71754.0|45754.0|26502.0|0.0|536050|938270|313673|492744|0|0|0|0|9752965|16912708|1061581|767583|6.67|0|2.66|150|0|277|0.0
202409|PRVNC|27|41130|26140000|서울|서초구|서초동|4311000000|서초1동|2|50|1|1|6|1399|435|435|600|13705|22637.0|15065.0|8022.0|0.0|18843|10729|7470|9847095.0|6553275.0|3489570.0|0.0|492641|1127071|874211|445944|112|201|99|29|7994434|15126035|3853225|650249|7.43|32|1.06|105|251|119|8032.0
202409|CNTY_GU|41|11200|11140000|인천|강남구|역삼동|1111000000|서초1동|2|65|2|1|7|1719|171|171|751|22711|25111.0|18304.0|4438.0|2369.0|24107|13752|3749|4293981.0|3129984.0|758898.0|405099.0|4143886|1140376|565217|430405|33|95|30|2|5051295|5084757|309140|1734868|3.55|9|2.22|83|336|392|3024.0
202409|CNTY_GU|47|43110|11200000|경기|성남시|서초동|4115000000|서초1동|1|65|2|2|9|1982|240|240|592|69510|7720.0|2783.0|2231.0|2706.0|6860|2048|2146|1852800.0|667920.0|535440.0|649440.0|3187943|73380|891737|486546|38|134|28|4|700480|1587317|3629225|320834|5.73|34|1.53|150|44|432|1496.0
202409|ADM|26|42110|45110000|인천|서초구|서초동|4115000000|역삼1가|2|35|0|2|5|955|252|252|965|77378|41122.0|15832.0|4384.0|20906.0|31539|14975|3508|10362744.0|3989664.0|1104768.0|5268312.0|3885260|1900229|261633|109937|41|114|51|7|2572016|19414130|4248117|1302344|5.85|7|4.05|73|387|165|2709.0
202409|ADM|27|26110|11140000|부산|수원시|역삼동|4115000000|역삼1가|2|55|1|1|8|1754|375|375|685|77861|20145.0|13637.0|4169.0|2339.0|15592|13498|3793|7554375.0|5113875.0|1563375.0|877125.0|271367|2511107|195119|236789|57|193|65|10|9978713|10405391|4232026|367068|7.94|27|1.21|122|337|412|9099.0
202409|CNTY_GU|46|11170|26110000|대구|서초구|인계동|4211000000|역삼1가|2|35|1|1|7|991|133|133|53|82694|21314.0|6952.0|2400.0|11962.0|20652|6445|1692|2834762.0|924616.0|319200.0|1590946.0|921505|1496159|530261|251010|37|59|28|5|8615599|7057445|2248143|904603|4.53|0|2.36|157|0|470|0.0
202409|ADM|44|11200|44130000|경기|강남구|서초동|4115000000|인계동|1|20|3|1|9|991|299|299|114|54170|25834.0|9844.0|3782.0|12208.0|19582|7309|2926|7724366.0|2943356.0|1130818.0|3650192.0|2851342|2031390|325197|135663|34|155|80|25|7485086|12648648|3256227|1843050|5.23|8|3.27|109|67|40|536.0
202409|ADM|47|45110|44130000|경기|서초구|역삼동|4113000000|역삼1가|1|25|3|1|10|796|234|234|966|40562|27064.0|19268.0|2796.0|5000.0|24155|16552|2193|6332976.0|4508712.0|654264.0|1170000.0|4119342|2376555|246235|299182|68|116|37|18|955120|2651005|3660239|812762|2.32|5|3.93|72|392|329|1960.0
202409|CNTY_GU|26|11140|27110000|부산|성남시|서초동|2611000000|서초1동|2|25|0|2|8|1537|39|39|491|72403|40875.0|21505.0|4319.0|15051.0|35482|19547|3298|1594125.0|838695.0|168441.0|586989.0|879332|1890383|904720|332712|7|16|7|3|8057806|9175019|2993160|1887295|3.71|5|2.72|79|490|302|2450.0
202409|ADM|43|46110|26110000|인천|서초구|인계동|2711000000|서초1동|2|50|3|1|1|1068|365|365|910|36224|42193.0|20515.0|14682.0|6996.0|39487|16788|11925|15400445.0|7487975.0|5358930.0|2553540.0|4008010|1562293|604659|149765|97|146|41|28|1134187|1290766|3604101|1660003|2.16|10|3.7|159|136|308|1360.0
202409|CNTY_GU|46|11170|46110000|부산|수원시|인계동|2811000000|역삼1가|1|60|2|2|7|1217|471|471|222|67471|35593.0|12219.0|9463.0|13911.0|35271|9046|7490|16764303.0|5755149.0|4457073.0|6552081.0|3475864|1014123|594713|439167|57|268|55|18|9195354|15336575|4193030|272721|3.3|44|4.19|162|470|203|20680.0
202409|CNTY_GU|47|11110|27110000|서울|서초구|역삼동|1120000000|인계동|2|55|0|1|4|1982|88|88|709|46522|2114.0|721.0|548.0|845.0|1932|660|535|186032.0|63448.0|48224.0|74360.0|1971931|2565627|431613|384858|12|48|12|2|399293|11902588|51087|528271|5.88|1|1.4|159|339|67|339.0
202409|ADM|44|11200|45110000|경기|성남시|서초동|4311000000|서초1동|2|60|3|2|9|1129|55|55|327|90685|17679.0|9648.0|6764.0|1267.0|14810|9166|5859|972345.0|530640.0|372020.0|69685.0|2623000|1526063|474058|43667|8|27|16|4|8021811|16305360|2100362|1442116|6.55|5|2.59|80|194|176|970.0
202409|ADM|11|11170|46110000|부산|서초구|역삼동|1120000000|서초1동|2|70|0|2|5|1320|299|299|443|32881|16082.0|12399.0|2104.0|1579.0|11866|10179|1786|4808518.0|3707301.0|629096.0|472121.0|1961402|1856623|776558|327050|31|166|55|25|4402020|52596|1862560|543737|5.94|21|1.57|163|341|358|7161.0
202409|ADM|46|27110|41110000|인천|성남시|역삼동|2811000000|서초1동|2|35|1|1|7|427|426|426|759|34976|39564.0|16438.0|15738.0|7388.0|31362|12504|13114|16854264.0|7002588.0|6704388.0|3147288.0|4366806|701171|306774|127798|105|242|78|3|3179121|2693992|239930|1751225|5.09|13|1.41|15|144|65|1872.0
202409|ADM|45|11140|41130000|부산|수원시|인계동|1120000000|서초1동|1|25|3|1|5|1130|79|79|124|72916|46694.0|16092.0|15316.0|15286.0|46059|12062|12317|3688826.0|1271268.0|1209964.0|1207594.0|3499999|992818|345773|57388|11|35|18|4|5053082|19199619|2525364|1015229|5.07|6|2.57|168|256|310|1536.0
202409|CNTY_GU|46|42110|46110000|대구|서초구|서초동|1117000000|서초1동|1|30|0|1|2|324|95|95|429|71682|12911.0|4818.0|4856.0|3237.0|9352|3559|3935|1226545.0|457710.0|461320.0|307515.0|3099088|1898483|882364|441716|15|38|21|6|7339197|9557929|2056294|892132|6.03|3|3.64|125|184|183|552.0
202409|CNTY_GU|42|26140|46110000|인천|서초구|서초동|2611000000|서초1동|1|65|0|1|5|959|418|418|804|87020|30806.0|16561.0|3343.0|10902.0|22369|16147|2970|12876908.0|6922498.0|1397374.0|4557036.0|40993|1303384|544687|305585|46|171|60|1|4571704|15505586|3766613|569065|2.84|37|2.22|85|315|360|11655.0
202409|ADM|46|26140|45110000|대구|강남구|역삼동|4413000000|역삼1가|1|25|3|1|5|1577|115|115|972|64099|225.0|100.0|40.0|85.0|189|95|34|25875.0|11500.0|4600.0|9775.0|3604869|970878|606193|97089|20|64|30|6|7315990|1717675|851362|1034108|5.45|2|3.39|73|172|466|344.0
202409|CNTY_GU|26|45110|11140000|서울|강남구|역삼동|4211000000|역삼1가|1|25|1|2|8|9|73|73|957|93074|43173.0|24247.0|15767.0|3159.0|36286|19637|11725|3151629.0|1770031.0|1150991.0|230607.0|3936428|2791351|721422|467025|10|37|15|3|9710949|13982754|4111287|1465736|2.93|5|3.58|91|129|116|645.0
202409|CNTY_GU|26|26110|41110000|부산|성남시|역삼동|2811000000|서초1동|2|40|2|1|7|785|200|200|140|36741|30126.0|15492.0|4162.0|10472.0|27923|11624|3412|6025200.0|3098400.0|832400.0|2094400.0|1581343|499896|365644|205293|29|84|45|6|8161848|6335223|1440479|156128|4.92|20|2.79|156|22|319|440.0
202409|ADM|11|28110|28110000|인천|강남구|서초동|4611000000|역삼1가|1|25|1|1|1|1070|367|367|700|73428|25103.0|13635.0|9479.0|1989.0|23814|12150|7423|9212801.0|5004045.0|3478793.0|729963.0|3992575|2888678|280636|213871|59|215|107|33|6022299|4998930|2682496|973441|5.13|12|3.12|139|172|402|2064.0
202409|ADM|43|41130|43110000|대구|서초구|역삼동|4711000000|서초1동|2|55|1|1|10|223|243|243|700|98521|31604.0|12971.0|6877.0|11756.0|28252|10787|5826|7679772.0|3151953.0|1671111.0|2856708.0|2216503|1836722|732081|308948|54|97|48|19|9769120|16055388|4785189|227944|3.32|14|1.64|71|44|204|616.0
202409|ADM|43|47110|46110000|경기|강남구|서초동|4115000000|인계동|1|30|1|1|5|1064|9|9|598|25097|11497.0|7592.0|4177.0|0.0|9808|5510|3541|103473.0|68328.0|37593.0|0.0|2740239|2585832|320593|203905|2|3|0|0|7293304|8544815|198726|131805|4.47|0|2.57|43|0|1|0.0
202409|ADM|45|11170|46110000|부산|서초구|인계동|2711000000|서초1동|2|35|0|1|2|1823|21|21|978|81083|32761.0|13037.0|4847.0|14877.0|29320|9290|4216|687981.0|273777.0|101787.0|312417.0|141028|2095943|143642|168291|5|10|6|0|7585282|19500731|1189106|297354|7.86|2|3.01|89|230|143|460.0
202409|PRVNC|43|11170|46110000|대구|서초구|인계동|4311000000|서초1동|2|45|1|1|3|1137|24|24|474|31995|7832.0|5874.0|1500.0|458.0|7693|4542|1350|187968.0|140976.0|36000.0|10992.0|4269441|2330429|143338|41729|2|11|2|0|9871430|9981325|3024912|1593242|7.04|1|1.02|74|81|374|81.0
202409|CNTY_GU|27|46110|11140000|부산|서초구|서초동|4413000000|서초1동|2|70|0|2|8|1335|158|158|226|50220|4470.0|1382.0|1567.0|1521.0|3169|1249|1452|706260.0|218356.0|247586.0|240318.0|4108391|270194|395288|412337|34|68|19|9|966469|12522570|3796498|1249785|7.42|1|2.41|67|268|479|268.0
202409|CNTY_GU|44|27110|11170000|인천|강남구|인계동|4711000000|역삼1가|2|50|1|1|6|1333|65|65|929|78309|23513.0|9182.0|6325.0|8006.0|23269|7995|5417|1528345.0|596830.0|411125.0|520390.0|1344373|978098|201234|418529|11|32|18|5|7559253|11875175|1202406|371220|4.94|6|3.71|113|151|115|906.0
202409|CNTY_GU|45|27110|27110000|대구|수원시|인계동|4211000000|서초1동|2|50|3|1|1|627|461|461|211|72890|47200.0|27750.0|7492.0|11958.0|37511|25442|6794|21759200.0|12792750.0|3453812.0|5512638.0|2569525|1726362|741776|349324|95|260|126|24|6614878|16662696|971315|648457|6.16|52|3.6|121|434|148|22568.0
202409|CNTY_GU|43|41110|45110000|대구|강남구|서초동|4611000000|역삼1가|1|40|2|2|8|1354|412|412|622|34367|5767.0|1780.0|2195.0|1792.0|5596|1544|1950|2376004.0|733360.0|904340.0|738304.0|344115|1937861|352509|449804|76|200|108|36|3343423|9065284|44780|316161|5.19|29|2.52|68|321|36|9309.0
202409|ADM|41|26110|27110000|인천|서초구|역삼동|4511000000|서초1동|1|65|0|1|6|385|206|206|295|34887|975.0|604.0|340.0|31.0|782|445|277|200850.0|124424.0|70040.0|6386.0|1648235|2938432|854363|440321|32|108|23|18|8422894|15367166|4622644|1803591|5.5|23|1.73|63|335|383|7705.0
202409|ADM|44|26110|44130000|대구|서초구|서초동|4115000000|인계동|2|55|1|2|1|378|16|16|594|81460|29598.0|9758.0|6713.0|13127.0|25251|9249|6283|473568.0|156128.0|107408.0|210032.0|3843110|2714724|243724|430871|3|7|2|1|4613223|2761511|4696906|1399077|5.17|0|1.61|151|0|145|0.0
202409|ADM|41|28110|44130000|부산|수원시|인계동|4311000000|역삼1가|2|20|1|2|2|611|249|249|852|51147|34624.0|15206.0|12609.0|6809.0|28622|10851|11545|8621376.0|3786294.0|3139641.0|1695441.0|2050335|2130491|344507|45373|28|114|31|0|794870|3185450|2201060|248342|2.72|12|1.07|171|196|332|2352.0
202409|CNTY_GU|44|27110|46110000|경기|강남구|역삼동|4211000000|서초1동|2|55|2|2|5|1005|4|4|789|19125|21065.0|15476.0|2142.0|3447.0|18290|12439|1957|84260.0|61904.0|8568.0|13788.0|3758382|2850752|527815|470517|1|2|1|0|7338579|12871877|3655260|872647|2.81|0|2.19|69|0|79|0.0
202409|CNTY_GU|41|44130|11140000|서울|서초구|인계동|1111000000|인계동|1|30|0|2|9|257|295|295|182|84994|18334.0|12096.0|4143.0|2095.0|17177|10273|3382|5408530.0|3568320.0|1222185.0|618025.0|4706258|1642975|925224|422492|62|140|80|19|2970812|9355155|3909392|1948086|4.23|5|4.2|60|259|342|1295.0
202409|CNTY_GU|41|45110|45110000|인천|강남구|역삼동|1114000000|서초1동|2|55|0|1|10|1136|403|403|614|56124|45916.0|30077.0|6555.0|9284.0|42559|26041|5873|18504148.0|12121031.0|2641665.0|3741452.0|1138644|1893667|757009|150723|86|178|47|24|7435020|11052360|1912029|693269|7.89|30|1.53|70|496|448|14880.0
202409|ADM|11|41110|46110000|서울|수원시|서초동|4413000000|서초1동|1|30|0|1|7|199|258|258|709|16881|23541.0|18219.0|5116.0|206.0|19483|15158|4080|6073578.0|4700502.0|1319928.0|53148.0|4459999|422876|386813|254368|75|133|29|15|9538123|13720737|1202011|941649|7.68|15|4.55|120|374|326|5610.0
202409|PRVNC|44|45110|27110000|대구|수원시|서초동|1117000000|서초1동|1|40|0|1|3|140|200|200|940|24264|245.0|92.0|83.0|70.0|227|84|76|49000.0|18400.0|16600.0|14000.0|592466|782125|889127|151472|55|101|29|5|7568739|17689399|242598|415620|4.0|5|2.22|34|167|371|835.0
202409|CNTY_GU|44|47110|27110000|경기|서초구|역삼동|2711000000|서초1동|1|40|0|1|5|197|141|141|405|84425|27164.0|17060.0|10541.0|0.0|21317|14779|8021|3830124.0|2405460.0|1486281.0|0.0|1099557|445837|867059|64336|16|57|24|8|1742583|18613190|2319686|1858507|6.33|7|2.88|36|432|448|3024.0
202409|ADM|42|28110|41130000|대구|강남구|서초동|2611000000|서초1동|2|65|2|1|3|1400|163|163|935|69413|18825.0|6220.0|2635.0|9970.0|13635|5223|2606|3068475.0|1013860.0|429505.0|1625110.0|4355341|131484|136980|15905|44|72|28|1|2322765|13342262|1745860|964576|2.66|17|1.32|101|366|200|6222.0
202409|CNTY_GU|27|42110|11140000|인천|강남구|인계동|2614000000|역삼1가|2|50|0|1|7|1389|337|337|338|35322|32501.0|16530.0|8642.0|7329.0|23157|12401|7936|10952837.0|5570610.0|2912354.0|2469873.0|1849067|2850306|519790|429862|56|188|83|29|2375972|9958621|3710144|118812|3.61|46|4.96|151|488|136|22448.0
202409|CNTY_GU|26|45110|42110000|경기|성남시|서초동|4711000000|서초1동|2|25|1|2|1|9|299|299|952|50162|38193.0|28966.0|6055.0|3172.0|31799|23170|5776|11419707.0|8660834.0|1810445.0|948428.0|1606159|381655|230415|220429|54|149|54|4|1361245|2842048|3492549|340967|5.06|42|2.76|89|115|247|4830.0
202409|ADM|47|41150|44130000|대구|서초구|서초동|2811000000|서초1동|1|50|2|1|1|1070|3|3|289|42468|35243.0|17731.0|6650.0|10862.0|29706|17338|5571|105729.0|53193.0|19950.0|32586.0|356713|897787|930946|373404|0|1|0|0|972779|6547977|4914508|303661|7.22|0|1.58|78|0|311|0.0
202409|ADM|26|11110|46110000|서울|성남시|서초동|4413000000|서초1동|1|55|3|1|6|870|9|9|469|20309|19150.0|10323.0|6539.0|2288.0|16836|8814|4843|172350.0|92907.0|58851.0|20592.0|2583664|2648419|20297|358814|2|5|1|0|2279618|3450396|4811239|641925|7.44|1|1.34|138|450|434|450.0
202409|ADM|47|11140|11110000|경기|수원시|역삼동|2614000000|역삼1가|2|50|0|2|8|426|367|367|978|46718|25644.0|17069.0|10141.0|0.0|25155|16398|9333|9411348.0|6264323.0|3721747.0|0.0|4756276|1909733|658778|95132|61|203|61|9|5116835|2680326|4502439|1204003|3.78|46|1.58|137|414|37|19044.0
202409|PRVNC|42|43110|41110000|인천|수원시|서초동|4413000000|인계동|2|35|2|2|2|1972|121|121|692|42551|13571.0|7093.0|3657.0|2821.0|10640|6109|3286|1642091.0|858253.0|442497.0|341341.0|4514369|1559933|136247|295653|28|56|29|8|9815041|16465264|3613194|288266|4.84|7|4.41|76|160|496|1120.0
202409|ADM|11|26140|41110000|서울|서초구|역삼동|2611000000|역삼1가|1|20|3|1|7|431|363|363|801|40577|22620.0|9226.0|8080.0|5314.0|21050|7813|6196|8211060.0|3349038.0|2933040.0|1928982.0|4643894|308716|285128|300548|68|147|68|0|6931510|1534677|2972829|247425|3.63|16|1.44|15|38|43|608.0
202409|ADM|45|27110|41110000|인천|성남시|역삼동|2711000000|서초1동|2|35|0|1|5|1341|238|238|793|28232|49623.0|16326.0|15484.0|17813.0|48602|15189|15466|11810274.0|3885588.0|3685192.0|4239494.0|1272580|2877475|9318|433720|65|137|50|15|2520539|7072401|610357|859211|3.47|3|2.89|66|402|125|1206.0
202409|ADM|44|28110|42110000|대구|성남시|역삼동|4611000000|인계동|2|20|1|1|4|156|436|436|536|60173|12599.0|9919.0|2611.0|69.0|10698|7474|2219|5493164.0|4324684.0|1138396.0|30084.0|428655|1097185|379942|110086|112|180|92|33|4496747|12629211|4140882|319213|7.13|37|3.01|80|124|51|4588.0
202409|CNTY_GU|46|47110|27110000|대구|수원시|서초동|4711000000|역삼1가|2|40|3|2|2|139|496|496|759|60994|11117.0|3700.0|2264.0|5153.0|10861|3039|2195|5514032.0|1835200.0|1122944.0|2555888.0|1977926|2348096|912351|461828|74|283|116|43|7341493|12683032|866092|866380|5.02|19|3.03|6|370|137|7030.0
202409|ADM|44|26140|47110000|서울|강남구|인계동|4115000000|인계동|2|40|2|1|1|1689|489|489|251|33794|47922.0|21766.0|5745.0|20411.0|35081|20316|5081|23433858.0|10643574.0|2809305.0|9980979.0|206733|528571|127131|410848|123|226|140|39|1163406|2402987|513387|1570764|4.17|28|1.58|51|329|372|9212.0
202409|ADM|42|47110|41110000|서울|성남시|서초동|4511000000|인계동|1|40|1|1|10|1177|44|44|547|63156|45960.0|34355.0|12557.0|0.0|41074|25376|8958|2022240.0|1511620.0|552508.0|0.0|4657607|1209529|452947|277886|11|25|9|1|8507134|9805012|3696717|1031819|3.5|1|3.97|137|198|396|198.0
202409|CNTY_GU|41|11140|44130000|부산|수원시|역삼동|4311000000|역삼1가|2|25|1|2|5|1139|367|367|891|18962|5418.0|2022.0|552.0|2844.0|5229|1976|427|1988406.0|742074.0|202584.0|1043748.0|2956286|1308085|804009|115857|44|153|63|11|2259883|17863584|2056327|366441|5.95|25|3.41|162|121|415|3025.0
202409|ADM|46|42110|41110000|부산|성남시|서초동|1117000000|역삼1가|2|35|3|2|2|504|135|135|828|47510|6639.0|3318.0|2494.0|827.0|6318|3297|2151|896265.0|447930.0|336690.0|111645.0|988899|751811|606087|126527|39|78|24|2|138917|2193831|3992819|1463029|6.67|15|4.32|11|480|66|7200.0
202409|ADM|45|46110|42110000|경기|서초구|인계동|4711000000|역삼1가|2|45|0|2|7|1377|448|448|844|63321|33622.0|11804.0|10465.0|11353.0|31940|10025|7828|15062656.0|5288192.0|4688320.0|5086144.0|4147568|2901684|429355|330883|133|188|58|11|6159609|7684524|1284982|28983|6.89|21|3.59|5|183|348|3843.0
202409|CNTY_GU|46|11110|44130000|경기|강남구|서초동|1111000000|서초1동|2|55|1|1|9|638|371|371|313|85387|32311.0|25269.0|8533.0|0.0|27967|23276|8348|11987381.0|9374799.0|3165743.0|0.0|4028682|2208248|532337|254794|81|180|49|25|1440729|2199755|2864360|991300|5.74|44|4.89|51|163|341|7172.0
202409|ADM|41|42110|43110000|서울|서초구|인계동|1111000000|역삼1가|2|55|1|2|2|1212|115|115|66|54630|40052.0|30688.0|11400.0|0.0|32328|27210|10378|4605980.0|3529120.0|1311000.0|0.0|2266234|2295462|683078|234651|22|57|32|6|1795894|12727004|4783529|1749331|6.52|0|4.06|112|0|218|0.0
202409|PRVNC|47|26140|11170000|인천|서초구|역삼동|2614000000|역삼1가|1|55|2|1|9|1850|18|18|512|42421|35743.0|20036.0|6481.0|9226.0|26408|16142|5102|643374.0|360648.0|116658.0|166068.0|722183|1991650|864083|93743|1|10|4|0|4318281|17887888|4450917|1780662|7.19|1|1.28|13|62|86|62.0
202409|CNTY_GU|43|28110|42110000|부산|강남구|인계동|2711000000|역삼1가|2|60|0|1|2|685|408|408|346|60608|40439.0|16907.0|6065.0|17467.0|37479|13889|4792|16499112.0|6898056.0|2474520.0|7126536.0|3932762|2386936|981724|203334|93|242|68|12|2975637|4579059|3846481|285136|2.7|51|4.28|167|222|487|11322.0
202409|ADM|47|26140|42110000|대구|수원시|인계동|4115000000|인계동|2|50|1|1|5|1254|498|498|829|84767|35103.0|25416.0|10624.0|0.0|34699|20772|7642|17481294.0|12657168.0|5290752.0|0.0|4198762|845393|135863|147504|136|256|109|39|9372083|745636|4117501|37502|7.58|26|2.82|140|154|102|4004.0
202409|ADM|27|28110|11200000|부산|수원시|서초동|4311000000|서초1동|2|55|0|2|5|1019|200|200|660|94575|15342.0|12183.0|3133.0|26.0|14780|11795|2965|3068400.0|2436600.0|626600.0|5200.0|4866980|1537351|859177|36865|53|87|56|7|3793555|9895142|184928|26851|5.8|28|1.74|89|330|311|9240.0
202409|ADM|11|11200|41110000|부산|수원시|역삼동|2711000000|서초1동|1|40|0|2|2|1473|325|325|926|45122|30265.0|18321.0|12094.0|0.0|25862|15292|9771|9836125.0|5954325.0|3930550.0|0.0|2346870|2760359|683848|379878|87|171|71|3|5976475|12965202|300276|1358875|3.2|46|1.89|76|358|394|16468.0
202409|CNTY_GU|42|41150|46110000|인천|강남구|서초동|4611000000|역삼1가|1|65|3|1|4|1589|201|201|242|42296|43619.0|17573.0|8577.0|17469.0|42780|12343|6273|8767419.0|3532173.0|1723977.0|3511269.0|871195|697895|312698|79744|59|107|33|16|2653187|3615233|2344152|1648650|3.06|3|1.93|171|287|335|861.0
202409|CNTY_GU|41|41110|47110000|인천|강남구|서초동|4511000000|역삼1가|1|35|0|1|10|301|274|274|666|86379|41563.0|27116.0|12077.0|2370.0|40739|20727|9451|11388262.0|7429784.0|3309098.0|649380.0|3979212|1396656|466291|7229|33|139|62|5|7296548|2022938|3553157|1098359|6.04|21|4.91|38|133|41|2793.0
202409|CNTY_GU|27|28110|26140000|인천|성남시|서초동|4413000000|서초1동|1|45|1|1|5|1788|271|271|550|94867|24186.0|11744.0|3667.0|8775.0|19976|10955|2915|6554406.0|3182624.0|993757.0|2378025.0|740651|358397|246276|305271|56|121|70|11|7396910|9774299|821696|566994|7.05|39|1.18|92|302|141|11778.0
202409|ADM|42|26140|11110000|부산|강남구|역삼동|4611000000|서초1동|2|55|1|2|7|1980|247|247|705|49127|2221.0|1261.0|703.0|257.0|1785|1194|644|548587.0|311467.0|173641.0|63479.0|1008629|1542171|345101|245652|56|147|29|0|8506271|19624941|972051|1312706|4.36|23|1.12|101|33|452|759.0
202409|ADM|47|11200|41150000|인천|서초구|서초동|4211000000|인계동|2|50|0|1|7|1022|115|115|92|72783|5072.0|1611.0|1512.0|1949.0|4684|1481|1508|583280.0|185265.0|173880.0|224135.0|4522413|1130959|145531|19487|12|47|14|7|3534804|13922941|1771414|1724428|5.31|6|1.54|39|393|486|2358.0
202409|CNTY_GU|26|41150|44130000|부산|수원시|역삼동|1117000000|역삼1가|1|65|3|2|9|463|92|92|852|52582|28195.0|20141.0|4804.0|3250.0|25338|18181|3828|2593940.0|1852972.0|441968.0|299000.0|2172442|2234878|628055|46166|27|43|19|2|2107027|12831483|3618385|916658|7.94|11|2.36|24|422|49|4642.0
202409|ADM|41|41110|46110000|부산|수원시|인계동|4111000000|역삼1가|1|40|0|2|2|406|198|198|911|27280|20232.0|9507.0|2064.0|8661.0|20090|8582|1756|4005936.0|1882386.0|408672.0|1714878.0|3920755|666610|302014|205116|53|87|44|4|3157175|4009396|4835853|1027657|4.2|8|2.41|46|35|315|280.0
202409|CNTY_GU|45|26140|28110000|대구|성남시|역삼동|1114000000|서초1동|1|45|2|2|2|1970|47|47|758|49663|22975.0|16330.0|8059.0|0.0|17297|14830|5641|1079825.0|767510.0|378773.0|0.0|1872748|919220|378940|420940|11|25|7|3|2240727|17695148|3513984|1765710|4.39|2|2.42|157|437|241|874.0
202409|ADM|11|11200|42110000|인천|수원시|역삼동|2611000000|역삼1가|2|45|0|1|7|1223|178|178|331|45901|19366.0|6691.0|5796.0|6879.0|14139|5298|5391|3447148.0|1190998.0|1031688.0|1224462.0|1847878|799229|52351|378680|52|88|18|17|3813811|2151591|721323|865558|3.42|15|2.2|137|388|234|5820.0
202409|ADM|44|46110|47110000|부산|수원시|인계동|4711000000|역삼1가|2|65|2|1|10|714|295|295|79|28206|20972.0|8412.0|3165.0|9395.0|18544|7343|2989|6186740.0|2481540.0|933675.0|2771525.0|4973796|2867912|886680|459531|86|139|44|5|3606743|16043498|4933604|1996508|2.85|5|3.18|173|489|393|2445.0
202409|ADM|46|11110|11140000|부산|수원시|역삼동|4311000000|서초1동|2|30|1|2|5|776|480|480|418|73390|5465.0|3226.0|2170.0|69.0|4278|2526|1699|2623200.0|1548480.0|1041600.0|33120.0|1767781|1489273|238918|196015|140|278|83|26|3966935|16734066|1108665|262144|4.13|37|4.09|122|60|413|2220.0
202409|CNTY_GU|11|11170|44130000|대구|수원시|역삼동|4111000000|역삼1가|2|35|1|2|8|1928|175|175|185|38192|34942.0|13363.0|12827.0|8752.0|27288|10950|9896|6114850.0|2338525.0|2244725.0|1531600.0|4881796|2277707|536848|89384|50|91|27|7|1985989|13152354|1909955|1027808|3.62|9|4.13|92|159|190|1431.0
202409|ADM|26|26110|26110000|경기|수원시|서초동|1114000000|서초1동|1|45|3|1|5|796|145|145|927|14169|37832.0|11691.0|12967.0|13174.0|35340|11128|11824|5485640.0|1695195.0|1880215.0|1910230.0|2706867|256411|557133|107000|24|64|37|9|90847|2875035|3428644|3435|7.33|18|3.15|79|217|228|3906.0
202409|CNTY_GU|43|45110|41150000|경기|서초구|인계동|1114000000|역삼1가|2|50|1|1|10|1347|87|87|261|81101|21044.0|8799.0|2656.0|9589.0|19702|7928|2188|1830828.0|765513.0|231072.0|834243.0|4762771|2047236|613743|179806|24|40|17|1|8034057|2873630|1940885|1593916|5.4|1|2.51|21|310|400|310.0
202409|ADM|42|41110|42110000|경기|서초구|인계동|1120000000|역삼1가|2|20|0|1|3|1227|300|300|64|24219|36423.0|27437.0|4906.0|4080.0|27916|27369|3814|10926900.0|8231100.0|1471800.0|1224000.0|4600561|744951|326711|396782|38|175|43|25|2942051|3727925|2925899|1518674|4.03|30|4.13|35|106|153|3180.0
202409|ADM|45|41110|28110000|서울|성남시|인계동|4511000000|역삼1가|1|60|0|2|6|1096|402|402|749|16274|20931.0|14073.0|4550.0|2308.0|18975|13240|4234|8414262.0|5657346.0|1829100.0|927816.0|3824179|1370257|261110|69598|67|179|86|35|1365409|18491031|3769454|1284715|2.84|27|2.22|37|210|209|5670.0
202409|ADM|46|42110|47110000|인천|강남구|인계동|4413000000|인계동|2|70|1|2|6|614|163|163|550|12832|15770.0|11204.0|6157.0|0.0|11355|11166|4854|2570510.0|1826252.0|1003591.0|0.0|165584|512737|677034|114383|33|88|43|7|9112555|18716595|4141967|1660558|5.5|10|3.04|102|440|285|4400.0
202409|CNTY_GU|44|43110|11110000|부산|강남구|서초동|4111000000|서초1동|1|65|1|1|6|854|69|69|346|15113|17798.0|7371.0|6786.0|3641.0|12468|6773|6005|1228062.0|508599.0|468234.0|251229.0|58210|2407498|17062|210449|16|35|17|2|4661461|5616678|4692089|1032984|3.15|4|1.45|102|470|93|1880.0
202409|CNTY_GU|11|44130|26140000|인천|강남구|인계동|2611000000|서초1동|1|35|1|2|6|841|124|124|287|10458|23976.0|14967.0|3374.0|5635.0|23310|11299|3242|2973024.0|1855908.0|418376.0|698740.0|560923|1420083|480507|156704|28|68|20|0|2152835|7976066|3947464|1666548|4.23|3|2.05|73|224|413|672.0
202409|ADM|46|44130|41130000|대구|서초구|서초동|1120000000|서초1동|1|45|3|1|5|369|268|268|258|79626|25252.0|17334.0|6025.0|1893.0|20530|12817|5301|6767536.0|4645512.0|1614700.0|507324.0|391787|1609399|216429|124223|67|135|70|0|2694982|1283659|3818157|458139|3.7|11|4.86|12|125|322|1375.0
202409|CNTY_GU|41|26110|28110000|부산|강남구|서초동|4111000000|서초1동|1|60|1|1|10|724|181|181|327|69532|11126.0|4104.0|1135.0|5887.0|10050|3184|957|2013806.0|742824.0|205435.0|1065547.0|2689102|79427|295656|460761|54|84|38|15|6494514|11288265|3771962|1997024|4.71|14|3.35|8|383|36|5362.0
202409|CNTY_GU|46|43110|11140000|대구|강남구|역삼동|2811000000|인계동|2|30|1|1|4|669|259|259|288|48740|8017.0|4806.0|1000.0|2211.0|7350|4511|960|2076403.0|1244754.0|259000.0|572649.0|3603475|2699138|106869|281688|64|143|36|14|1038074|9011575|2275003|1052224|4.44|8|2.53|86|456|304|3648.0
202409|ADM|41|41130|41110000|경기|수원시|인계동|1114000000|역삼1가|1|35|0|1|9|1613|149|149|845|16397|22254.0|16885.0|6949.0|0.0|20670|16686|6314|3315846.0|2515865.0|1035401.0|0.0|2796262|1203184|174484|439100|20|85|36|12|657318|19108250|1933756|113384|6.3|16|3.87|58|185|130|2960.0
202409|ADM|46|27110|11200000|대구|수원시|역삼동|1114000000|서초1동|2|35|0|2|2|1153|193|193|658|82025|23692.0|18374.0|4312.0|1006.0|20485|14035|3909|4572556.0|3546182.0|832216.0|194158.0|1767876|199163|733588|206669|50|84|39|7|2233844|19630641|2743970|605409|2.47|24|2.31|98|141|64|3384.0
202409|ADM|46|47110|43110000|서울|수원시|서초동|2711000000|역삼1가|1|55|3|1|10|1172|151|151|534|11657|34519.0|18330.0|10667.0|5522.0|33364|13808|8835|5212369.0|2767830.0|1610717.0|833822.0|1762027|2147339|471589|183108|16|63|15|0|4759092|1032356|4575654|114128|6.66|5|3.88|156|22|278|110.0
202409|CNTY_GU|47|47110|27110000|서울|성남시|역삼동|2711000000|인계동|1|45|2|2|3|413|494|494|387|74344|44347.0|32531.0|6784.0|5032.0|40835|28447|5464|21907418.0|16070314.0|3351296.0|2485808.0|3507275|356174|551195|27596|106|210|116|10|789164|18081098|2842543|1065854|7.63|68|2.5|179|399|40|27132.0
202409|ADM|27|11110|45110000|서울|서초구|서초동|4115000000|인계동|2|40|0|1|10|1258|4|4|732|44765|16345.0|8939.0|2164.0|5242.0|14180|8575|1788|65380.0|35756.0|8656.0|20968.0|4499001|413326|779890|192547|0|1|0|0|1781898|6965892|2554293|1918380|6.55|0|2.42|79|0|379|0.0
202409|ADM|44|11110|11140000|서울|강남구|인계동|2614000000|인계동|1|40|1|2|1|1476|433|433|57|76286|20568.0|7305.0|5457.0|7806.0|14843|6024|4525|8905944.0|3163065.0|2362881.0|3379998.0|4127728|1791473|46007|67541|129|173|70|40|8420900|10732728|4502758|1000590|2.31|2|2.73|33|389|426|778.0
202409|ADM|44|11170|11110000|인천|강남구|역삼동|1117000000|서초1동|2|55|2|1|2|851|269|269|834|16061|49083.0|30731.0|16502.0|1850.0|43647|25884|14414|13203327.0|8266639.0|4439038.0|497650.0|1444201|1945280|311194|479627|27|159|35|22|8573280|246451|4783701|786038|2.49|11|4.12|80|13|480|143.0
202409|ADM|47|11200|41150000|부산|서초구|인계동|1114000000|역삼1가|2|70|1|1|5|129|393|393|495|53293|47150.0|26496.0|9504.0|11150.0|44894|21088|7205|18529950.0|10412928.0|3735072.0|4381950.0|829216|1461597|507114|401183|48|224|73|18|2165780|7773479|4083576|1529775|4.16|15|4.9|111|142|337|2130.0
202409|PRVNC|46|46110|11140000|부산|수원시|서초동|4413000000|서초1동|2|45|0|1|1|1638|228|228|703|57699|37582.0|29734.0|9318.0|0.0|29722|22780|9307|8568696.0|6779352.0|2124504.0|0.0|3499264|1753215|425272|99271|40|119|49|11|3861811|8026174|133146|584657|2.43|32|3.18|6|188|131|6016.0
202409|PRVNC|44|27110|44130000|부산|수원시|역삼동|4611000000|인계동|1|35|2|2|4|1879|164|164|248|24459|22037.0|16182.0|3513.0|2342.0|16622|11596|2871|3614068.0|2653848.0|576132.0|384088.0|4232819|590928|543838|204474|30|94|43|9|1765417|16578300|2214372|13301|5.65|15|3.18|165|38|414|570.0
202409|PRVNC|44|11200|28110000|경기|성남시|인계동|2614000000|인계동|2|60|3|1|4|1060|309|309|184|47511|23918.0|14708.0|4713.0|4497.0|23352|11181|4381|7390662.0|4544772.0|1456317.0|1389573.0|2044315|2165711|113954|114654|62|167|42|10|8946708|4876221|4717865|260730|7.1|15|3.94|67|276|422|4140.0
202409|ADM|45|47110|46110000|서울|성남시|인계동|4115000000|역삼1가|2|50|2|1|6|344|432|432|240|37833|28463.0|15160.0|8760.0|4543.0|26525|14288|8481|12296016.0|6549120.0|3784320.0|1962576.0|4972276|2713075|770902|126414|64|201|78|41|1425105|3604765|758100|45560|6.54|21|2.35|46|334|251|7014.0
202409|CNTY_GU|42|26140|41130000|서울|강남구|인계동|1111000000|서초1동|2|70|1|2|2|367|40|40|998|98765|20827.0|16098.0|7668.0|0.0|17082|15144|5649|833080.0|643920.0|306720.0|0.0|3443571|1689501|294521|108963|4|21|11|2|8428823|2700116|4948464|1110544|6.11|0|2.26|159|0|5|0.0
202409|ADM|44|41130|11200000|인천|서초구|인계동|1114000000|역삼1가|1|40|2|2|3|201|64|64|748|53491|41052.0|17202.0|15985.0|7865.0|30216|15356|14851|2627328.0|1100928.0|1023040.0|503360.0|1876594|843109|535451|108014|9|33|9|4|4645615|14638265|1680149|127495|5.54|2|2.92|23|477|41|954.0
202409|CNTY_GU|41|43110|28110000|부산|강남구|서초동|1120000000|역삼1가|1|65|3|1|8|885|479|479|52|94033|37606.0|26149.0|6980.0|4477.0|27763|20428|6591|18013274.0|12525371.0|3343420.0|2144483.0|4888355|792252|174254|192556|63|256|100|38|6451736|19844842|756285|659202|6.0|36|3.65|105|90|369|3240.0
202409|CNTY_GU|43|42110|44130000|경기|수원시|서초동|1111000000|서초1동|2|40|2|2|2|1558|242|242|434|22699|23481.0|13515.0|2574.0|7392.0|18496|11968|2387|5682402.0|3270630.0|622908.0|1788864.0|3937922|2871249|232403|84534|38|113|37|24|5433655|10377650|1350154|594227|6.35|2|2.26|48|79|129|158.0
202409|ADM|45|43110|41110000|인천|서초구|인계동|4311000000|인계동|2|70|3|2|5|1648|98|98|67|80870|40358.0|12377.0|12969.0|15012.0|32327|11032|9736|3955084.0|1212946.0|1270962.0|1471176.0|2852391|1504202|939751|3698|14|55|12|1|5770665|15274369|3149825|1590254|4.93|7|3.32|44|189|402|1323.0
202409|ADM|47|45110|11110000|경기|성남시|서초동|1111000000|인계동|2|50|2|1|2|1142|369|369|417|37290|7801.0|5911.0|2566.0|0.0|7355|4378|2075|2878569.0|2181159.0|946854.0|0.0|4188628|2998533|279845|447473|39|157|45|27|3654948|10495352|1575311|1335280|5.87|46|2.43|53|293|127|13478.0
202409|ADM|26|44130|28110000|인천|수원시|역삼동|1114000000|인계동|2|65|2|1|4|777|201|201|262|22439|49374.0|34581.0|15061.0|0.0|47711|28698|10922|9924174.0|6950781.0|3027261.0|0.0|2573352|950580|235431|114244|23|107|50|19|726375|4439485|3885682|1787142|2.86|1|2.11|176|415|327|415.0
202409|CNTY_GU|42|45110|11110000|서울|서초구|인계동|1117000000|역삼1가|1|65|2|1|8|1735|182|182|524|13134|10072.0|4880.0|3395.0|1797.0|7698|3416|2871|1833104.0|888160.0|617890.0|327054.0|4981422|1364970|248948|381289|33|91|19|0|7744348|14168818|2600567|954270|2.04|17|3.32|159|105|186|1785.0
202409|ADM|47|43110|27110000|서울|성남시|인계동|2614000000|서초1동|2|70|1|1|8|582|395|395|864|38675|15024.0|11452.0|3669.0|0.0|14681|10893|2842|5934480.0|4523540.0|1449255.0|0.0|3885822|1903157|149864|301321|84|191|84|26|138907|4593677|4826679|285371|5.08|57|4.23|67|96|16|5472.0
202409|CNTY_GU|47|45110|42110000|서울|수원시|역삼동|1114000000|서초1동|2|50|0|2|4|961|304|304|740|22513|44421.0|20198.0|13616.0|10607.0|37095|15475|10326|13503984.0|6140192.0|4139264.0|3224528.0|2680451|262516|617323|86817|86|161|40|15|4709391|12136735|3180884|1396831|7.55|38|3.59|91|20|276|760.0
202409|PRVNC|27|27110|11140000|인천|서초구|역삼동|1120000000|서초1동|2|40|1|1|1|1070|312|312|791|75583|1474.0|933.0|509.0|32.0|1318|688|482|459888.0|291096.0|158808.0|9984.0|1333152|191847|492032|217327|64|143|57|10|9927903|15912784|3911061|769522|3.48|38|3.01|30|89|456|3382.0
202409|ADM|43|11170|41110000|대구|수원시|역삼동|1120000000|역삼1가|2|55|1|1|3|457|297|297|857|19622|31614.0|12842.0|8693.0|10079.0|30951|9609|8225|9389358.0|3814074.0|2581821.0|2993463.0|2240906|1293999|216900|214496|33|119|58|3|3745507|2769362|1931633|1682605|5.99|36|3.0|128|373|328|13428.0
202409|CNTY_GU|43|26110|26140000|부산|성남시|역삼동|4115000000|서초1동|2|70|3|1|1|1934|275|275|945|85728|46941.0|14851.0|11923.0|20167.0|41365|11436|10723|12908775.0|4084025.0|3278825.0|5545925.0|3493638|1168569|473850|220287|43|124|44|5|6783682|8514558|4564277|412374|4.54|30|3.17|87|494|139|14820.0
202409|PRVNC|41|11140|42110000|서울|수원시|서초동|4413000000|역삼1가|1|70|1|2|10|987|283|283|51|73157|12985.0|4392.0|3030.0|5563.0|11159|3510|2197|3674755.0|1242936.0|857490.0|1574329.0|2148324|2193455|635648|66136|37|133|64|25|6560625|19337895|1658945|1054508|2.34|9|3.9|72|54|346|486.0
202409|CNTY_GU|43|41150|47110000|대구|수원시|인계동|2614000000|인계동|2|40|1|2|4|750|480|480|19|61745|0.0|0.0|0.0|0.0|0|0|0|0.0|0.0|0.0|0.0|2418833|1294129|817464|70797|108|241|102|33|1337564|372888|2609919|1810106|4.94|65|1.08|170|402|380|26130.0
202409|ADM|45|44130|11170000|부산|강남구|인계동|1114000000|인계동|2|30|0|1|1|891|34|34|491|75542|14313.0|4967.0|2010.0|7336.0|13080|4017|1581|486642.0|168878.0|68340.0|249424.0|3325254|1696355|755589|394144|7|18|5|2|1682071|17868912|2010447|1309135|7.46|0|4.36|11|0|272|0.0
202409|ADM|26|45110|11140000|대구|강남구|인계동|4113000000|인계동|1|25|0|2|5|802|248|248|953|75552|11689.0|5821.0|4140.0|1728.0|8791|4832|3672|2898872.0|1443608.0|1026720.0|428544.0|2256203|1883961|972932|460682|25|123|53|21|6017205|10531422|2502087|1422175|6.78|22|3.55|122|430|59|9460.0
202409|PRVNC|26|11110|41110000|인천|수원시|역삼동|1114000000|역삼1가|1|40|0|2|3|1426|199|199|684|80682|17753.0|8243.0|2631.0|6879.0|14291|6684|2157|3532847.0|1640357.0|523569.0|1368921.0|2372429|1732351|111259|419742|35|110|43|1|3174425|15683298|550764|1765473|6.31|7|2.57|25|272|214|1904.0
202409|ADM|45|11140|45110000|서울|강남구|인계동|4511000000|역삼1가|2|65|0|1|5|1418|291|291|751|40426|14038.0|6417.0|3904.0|3717.0|12770|5048|3130|4085058.0|1867347.0|1136064.0|1081647.0|325680|2768656|367019|365163|81|130|75|12|1357341|19399325|2348683|808693|5.12|20|1.11|44|198|55|3960.0
202409|PRVNC|41|46110|43110000|부산|강남구|역삼동|4111000000|서초1동|1|40|0|1|8|916|133|133|323|74081|4134.0|2086.0|553.0|1495.0|3626|1939|466|549822.0|277438.0|73549.0|198835.0|1997513|40910|193940|53030|20|58|32|5|3021672|6594054|2066285|1316256|4.1|8|3.63|162|106|324|848.0
202409|ADM|26|26140|11170000|인천|수원시|역삼동|4511000000|역삼1가|2|50|2|1|10|226|114|114|739|78957|16003.0|5309.0|2010.0|8684.0|14578|4415|1799|1824342.0|605226.0|229140.0|989976.0|4803690|314727|621589|494315|27|55|26|2|1861678|6960936|4409065|1376313|6.47|9|3.4|109|21|212|189.0
202409|CNTY_GU|11|42110|47110000|경기|성남시|역삼동|4511000000|서초1동|1|50|3|2|9|1039|113|113|120|43558|26769.0|19578.0|9651.0|0.0|26550|18336|7666|3024897.0|2212314.0|1090563.0|0.0|2373283|2690439|427083|3822|32|64|23|10|1781136|2720620|2047907|601064|2.14|12|1.16|132|175|292|2100.0
202409|ADM|43|45110|41130000|경기|강남구|서초동|1114000000|서초1동|1|60|0|1|6|21|239|239|295|42426|49125.0|27781.0|9978.0|11366.0|48049|21892|9851|11740875.0|6639659.0|2384742.0|2716474.0|2557931|1396520|187531|178196|53|132|32|11|8288869|7931614|3127912|1002172|4.91|7|4.91|20|127|261|889.0
202409|ADM|43|11200|45110000|경기|수원시|인계동|1114000000|서초1동|2|70|0|1|5|1498|320|320|123|11229|36855.0|15781.0|3782.0|17292.0|26583|14112|2878|11793600.0|5049920.0|1210240.0|5533440.0|1330766|1033775|303040|10656|69|171|38|19|362880|4915914|831355|83073|4.08|26|2.59|60|466|121|12116.0
202409|CNTY_GU|47|45110|11140000|대구|수원시|역삼동|2711000000|역삼1가|2|45|2|1|7|1731|343|343|126|28038|10775.0|7956.0|2659.0|160.0|7738|7702|2185|3695825.0|2728908.0|912037.0|54880.0|791339|1823014|490377|53689|79|162|92|19|7395031|11294451|717644|707621|6.48|0|1.29|116|0|370|0.0
202409|CNTY_GU|47|26140|11170000|경기|수원시|인계동|1117000000|서초1동|2|25|3|1|3|1565|153|153|916|77355|38468.0|21551.0|9781.0|7136.0|32157|18448|9421|5885604.0|3297303.0|1496493.0|1091808.0|2739317|363589|884341|167636|28|66|27|14|2033300|9057074|411418|1229358|5.91|6|1.94|101|96|315|576.0
202409|CNTY_GU|42|26110|41130000|경기|서초구|서초동|2711000000|역삼1가|2|55|1|2|2|710|262|262|111|62078|5601.0|2821.0|1523.0|1257.0|5538|2619|1408|1467462.0|739102.0|399026.0|329334.0|3328577|307031|14315|433407|74|146|45|2|3039475|16102189|4915514|763422|3.76|2|3.89|87|332|468|664.0
202409|ADM|11|27110|41150000|경기|성남시|인계동|2614000000|서초1동|2|55|1|2|8|125|489|489|117|81500|22967.0|16099.0|4356.0|2512.0|20515|14944|3892|11230863.0|7872411.0|2130084.0|1228368.0|4249836|416987|853558|297685|98|218|90|2|7002602|14442744|4503074|229880|4.04|51|4.35|30|64|168|3264.0
202409|PRVNC|41|11170|11170000|인천|성남시|인계동|4711000000|서초1동|1|20|0|1|4|1104|283|283|811|88887|14523.0|6415.0|3187.0|4921.0|12648|4517|2774|4110009.0|1815445.0|901921.0|1392643.0|2079347|1673515|525729|458372|68|130|74|7|7399479|15247504|3138073|1093307|4.19|42|2.32|107|67|446|2814.0
202409|ADM|27|46110|28110000|인천|서초구|서초동|4115000000|역삼1가|2|30|1|1|6|1858|71|71|184|29108|36048.0|27657.0|13974.0|0.0|26191|24992|12585|2559408.0|1963647.0|992154.0|0.0|3774043|1220348|589967|390608|17|41|13|5|6335443|13396422|343547|398269|2.9|0|1.3|127|0|153|0.0
202409|ADM|44|47110|28110000|대구|서초구|역삼동|2611000000|서초1동|2|20|1|2|4|957|431|431|574|97454|18913.0|5979.0|6163.0|6771.0|18827|5121|5396|8151503.0|2576949.0|2656253.0|2918301.0|1987159|464953|33081|290398|52|213|116|15|7033429|2928427|357500|546571|2.06|0|4.62|45|0|108|0.0
202409|PRVNC|46|28110|45110000|대구|강남구|서초동|4611000000|역삼1가|1|70|0|2|2|596|387|387|205|54938|49701.0|17487.0|11601.0|20613.0|43206|15754|9092|19234287.0|6767469.0|4489587.0|7977231.0|1334160|1989377|450839|77258|74|199|40|0|5405907|7159560|4927251|675198|3.22|21|1.95|135|189|211|3969.0
202409|CNTY_GU|44|11170|41110000|인천|강남구|역삼동|4511000000|인계동|1|40|2|1|1|1377|477|477|940|75802|47190.0|26618.0|10572.0|10000.0|44001|18656|10521|22509630.0|12696786.0|5042844.0|4770000.0|496118|2099485|496284|51222|88|218|87|28|5749634|18422765|4033771|988919|5.29|62|4.96|78|164|460|10168.0
202409|CNTY_GU|41|45110|43110000|인천|수원시|역삼동|2711000000|서초1동|2|50|0|2|8|1423|277|277|419|79163|41257.0|28749.0|8528.0|3980.0|33402|23800|6360|11428189.0|7963473.0|2362256.0|1102460.0|492620|992748|488974|300292|55|144|51|14|4636382|5428489|1980089|935565|3.91|36|1.18|10|79|76|2844.0
202409|ADM|27|43110|11110000|서울|성남시|서초동|2811000000|서초1동|2|55|0|2|5|1428|272|272|706|37327|13327.0|4914.0|3540.0|4873.0|12775|3777|2925|3624944.0|1336608.0|962880.0|1325456.0|164142|2330277|695238|210012|64|110|37|4|2166466|8824815|4247493|526041|5.16|12|4.74|133|269|15|3228.0
202409|ADM|47|44130|28110000|대구|강남구|역삼동|1117000000|인계동|1|65|0|2|10|413|270|270|738|30300|41174.0|28758.0|7799.0|4617.0|35226|20937|7480|11116980.0|7764660.0|2105730.0|1246590.0|2571757|2330522|859640|90566|38|157|76|7|8439609|16020038|966722|38074|2.31|14|2.99|21|120|337|1680.0
202409|ADM|41|27110|27110000|부산|성남시|서초동|4115000000|인계동|1|55|1|1|8|36|299|299|812|21611|41812.0|33311.0|4893.0|3608.0|33791|32466|4218|12501788.0|9959989.0|1463007.0|1078792.0|785129|2231633|595719|142684|40|133|50|19|3166175|9856313|1021144|1123811|2.18|41|4.87|6|220|220|9020.0
202409|CNTY_GU|46|11140|47110000|대구|수원시|역삼동|2711000000|서초1동|2|55|1|1|8|1066|35|35|438|97886|14169.0|5169.0|4845.0|4155.0|13460|3826|4825|495915.0|180915.0|169575.0|145425.0|4698711|679073|265405|133745|7|18|8|3|7047153|8706973|2615024|1214630|3.25|0|1.96|87|0|69|0.0
202409|CNTY_GU|42|43110|42110000|부산|강남구|서초동|2611000000|서초1동|1|50|2|2|8|705|304|304|52|54655|28870.0|10292.0|4467.0|14111.0|21307|9988|3141|8776480.0|3128768.0|1357968.0|4289744.0|1570623|446090|786658|450224|45|173|76|21|7234611|17245359|2613255|196243|2.57|36|4.75|149|114|421|4104.0
202409|CNTY_GU|47|11170|11110000|인천|성남시|서초동|4413000000|인계동|1|35|0|2|5|1834|147|147|109|55757|15938.0|9667.0|2164.0|4107.0|14478|7601|1837|2342886.0|1421049.0|318108.0|603729.0|3517375|334295|910305|112690|43|64|28|9|9049073|11641335|2755403|1203805|6.98|0|4.94|101|0|346|0.0
202409|ADM|41|41150|43110000|경기|수원시|역삼동|2711000000|서초1동|1|30|1|1|8|969|456|456|670|52226|0.0|0.0|0.0|0.0|0|0|0|0.0|0.0|0.0|0.0|4843151|2263310|193485|15424|125|231|83|35|6013206|10023300|3069973|1541624|2.37|17|4.8|104|430|414|7310.0
202409|ADM|45|43110|41110000|부산|강남구|서초동|4711000000|역삼1가|1|35|1|2|4|1377|418|418|586|95241|1245.0|862.0|165.0|218.0|895|698|158|520410.0|360316.0|68970.0|91124.0|1607405|103449|4282|332003|88|230|65|11|6236124|9790857|1047819|1912766|5.63|29|1.93|109|202|13|5858.0
202409|ADM|41|44130|41150000|대구|수원시|서초동|4115000000|서초1동|2|55|0|1|3|282|316|316|13|54333|25007.0|10362.0|6607.0|8038.0|17659|10295|5309|7902212.0|3274392.0|2087812.0|2540008.0|1914500|2727512|760934|112189|41|189|39|9|388505|5889043|3629927|1309264|5.14|3|3.95|137|195|269|585.0
202409|ADM|42|27110|11200000|서울|수원시|인계동|1120000000|서초1동|2|40|1|1|4|872|23|23|385|71788|13810.0|4842.0|4973.0|3995.0|13702|4055|3900|317630.0|111366.0|114379.0|91885.0|1965854|1721571|379400|453374|6|12|3|1|1803717|4990972|824009|1167623|2.54|3|3.55|83|196|356|588.0
202409|ADM|27|44130|46110000|대구|서초구|역삼동|4115000000|역삼1가|2|30|2|1|4|384|22|22|18|37985|29068.0|12940.0|5405.0|10723.0|23796|9103|4503|639496.0|284680.0|118910.0|235906.0|3504066|1540187|773505|492790|4|9|6|0|9556860|2257330|488070|321983|5.77|2|2.76|103|68|181|136.0
202409|ADM|42|45110|11110000|서울|성남시|인계동|4711000000|인계동|2|55|2|1|10|1270|1|1|963|51796|30542.0|19588.0|5685.0|5269.0|29837|14598|4637|30542.0|19588.0|5685.0|5269.0|4032291|1607564|286543|296720|0|0|0|0|6901964|6540169|3319211|279407|2.35|0|2.45|143|0|27|0.0
202409|ADM|47|41130|45110000|서울|성남시|역삼동|4611000000|인계동|2|45|0|1|3|1305|62|62|796|44895|47327.0|36746.0|18188.0|0.0|42144|26167|14274|2934274.0|2278252.0|1127656.0|0.0|1098207|2117116|151316|472414|18|36|11|2|4739496|12892897|1043586|1058356|7.17|3|1.04|35|115|131|345.0
202409|ADM|41|27110|11140000|부산|성남시|서초동|1120000000|인계동|1|25|1|2|4|242|23|23|312|14111|15276.0|11209.0|4402.0|0.0|14284|10072|3852|351348.0|257807.0|101246.0|0.0|793696|572509|114385|481196|2|12|3|0|6522238|18589985|456927|1672253|3.55|2|2.69|131|316|431|632.0
202409|CNTY_GU|47|11200|26140000|인천|강남구|인계동|1117000000|서초1동|1|45|0|1|2|39|25|25|745|95872|45781.0|19690.0|12027.0|14064.0|42514|15824|9412|1144525.0|492250.0|300675.0|351600.0|2760708|1889250|474896|51651|2|10|3|0|4583173|18134892|1732930|407057|6.98|3|3.96|97|185|290|555.0
202409|ADM|45|41130|27110000|경기|서초구|역삼동|1114000000|인계동|2|25|2|1|8|1957|105|105|356|67730|29169.0|21637.0|7484.0|48.0|28202|16061|6820|3062745.0|2271885.0|785820.0|5040.0|4439647|671457|598490|125829|20|48|19|3|1370181|7437866|787272|827931|5.1|11|4.14|97|493|13|5423.0
202409|CNTY_GU|46|46110|43110000|서울|성남시|역삼동|4311000000|인계동|1|55|3|1|2|1927|334|334|301|51199|8943.0|6216.0|2824.0|0.0|7141|5742|2653|2986962.0|2076144.0|943216.0|0.0|1527346|1500654|883811|199217|52|194|68|2|4847994|1449784|3897314|925949|5.81|42|4.84|56|242|499|10164.0
202409|ADM|44|41150|46110000|경기|수원시|서초동|4113000000|인계동|1|50|1|1|7|1012|350|350|841|76071|17483.0|13150.0|5998.0|0.0|13835|11609|4261|6119050.0|4602500.0|2099300.0|0.0|1993482|606091|830285|4977|60|140|72|31|2382540|15503822|1417892|743732|3.21|32|4.02|60|447|404|14304.0
202409|ADM|41|28110|11110000|대구|성남시|인계동|2614000000|인계동|1|35|0|1|5|348|371|371|382|25123|16780.0|7446.0|5296.0|4038.0|15646|6723|4945|6225380.0|2762466.0|1964816.0|1498098.0|2875822|1148073|332477|71256|102|198|97|0|3790985|13102458|2939796|1176564|7.94|39|3.93|107|194|478|7566.0
202409|CNTY_GU|45|44130|11110000|인천|강남구|인계동|2811000000|역삼1가|1|45|1|1|6|1587|272|272|736|28481|40686.0|25312.0|13245.0|2129.0|39194|24489|11426|11066592.0|6884864.0|3602640.0|579088.0|918220|513502|483193|268152|78|148|49|21|7161145|12104074|100634|335044|7.65|35|4.28|11|401|153|14035.0
202409|CNTY_GU|27|47110|11170000|서울|수원시|역삼동|2611000000|역삼1가|1|65|2|2|2|255|165|165|863|35666|5902.0|3436.0|1393.0|1073.0|4383|2442|1111|973830.0|566940.0|229845.0|177045.0|3667809|1613106|814140|125510|26|69|31|9|8863413|15053815|1193589|1184074|6.12|5|4.6|46|476|7|2380.0
202409|ADM|41|11110|11140000|경기|성남시|인계동|1111000000|서초1동|1|30|1|1|10|727|369|369|460|48341|6903.0|2548.0|2104.0|2251.0|4875|1936|2056|2547207.0|940212.0|776376.0|830619.0|209447|180881|279010|129577|75|179|73|15|55833|17436519|4208238|1082642|2.91|9|4.33|173|179|367|1611.0
202409|ADM|11|27110|45110000|경기|성남시|역삼동|2614000000|역삼1가|2|20|0|1|7|930|147|147|530|99529|8137.0|5630.0|1056.0|1451.0|7456|4475|977|1196139.0|827610.0|155232.0|213297.0|68681|1424157|195074|21482|38|67|27|1|5819251|17518338|3552945|694613|6.3|13|1.12|73|71|418|923.0
202409|ADM|47|46110|43110000|대구|수원시|서초동|1111000000|인계동|1|65|0|1|8|972|104|104|471|89343|30133.0|14424.0|7575.0|8134.0|21374|12249|5347|3133832.0|1500096.0|787800.0|845936.0|2428404|1652005|102750|128370|23|42|23|9|9992066|2468848|4262016|891745|5.27|6|1.96|35|70|449|420.0
202409|CNTY_GU|42|46110|26140000|부산|성남시|인계동|1111000000|인계동|2|50|1|2|6|1724|40|40|421|26006|0.0|0.0|0.0|0.0|0|0|0|0.0|0.0|0.0|0.0|596634|1584631|364281|221212|4|16|6|1|5312348|17322147|2406438|202672|3.44|2|3.69|92|446|436|892.0
202409|ADM|43|11140|28110000|서울|수원시|역삼동|1114000000|서초1동|2|35|0|2|5|1180|34|34|395|14543|49352.0|23569.0|6750.0|19033.0|38179|18855|5332|1677968.0|801346.0|229500.0|647122.0|2500036|2914089|333915|328916|9|18|4|2|9379120|1844843|1426313|774671|7.2|2|1.48|113|476|164|952.0
202409|CNTY_GU|47|46110|11170000|대구|서초구|인계동|4311000000|인계동|1|30|2|2|8|1120|1|1|799|99337|16205.0|6984.0|1633.0|7588.0|12727|5652|1250|16205.0|6984.0|1633.0|7588.0|2271256|2061429|781091|168746|0|0|0|0|9499546|15770747|4024385|398659|7.16|0|1.1|67|0|291|0.0
202409|ADM|44|11170|41150000|부산|강남구|인계동|4311000000|역삼1가|2|50|3|2|2|492|414|414|928|16094|41327.0|16406.0|15132.0|9789.0|36495|16148|11767|17109378.0|6792084.0|6264648.0|4052646.0|4205603|676449|833993|18876|89|205|109|28|2499515|8734832|704347|1374946|4.71|22|1.68|108|357|175|7854.0
202409|ADM|43|11170|43110000|대구|서초구|서초동|4511000000|서초1동|2|20|3|1|10|660|285|285|265|52813|9766.0|4258.0|3375.0|2133.0|8336|3074|3146|2783310.0|1213530.0|961875.0|607905.0|4978874|1507875|411912|222110|57|131|39|27|2351401|11084309|622083|1295592|4.08|0|3.57|141|0|41|0.0
202409|ADM|11|46110|11200000|대구|성남시|서초동|4413000000|역삼1가|2|45|2|2|3|1163|155|155|325|26272|16477.0|11081.0|3696.0|1700.0|13806|8852|3500|2553935.0|1717555.0|572880.0|263500.0|1498408|2105989|879089|265136|24|81|32|0|1719921|4406268|1046363|1865749|5.71|6|2.43|114|126|2|756.0
202409|PRVNC|45|26140|46110000|경기|성남시|서초동|1111000000|서초1동|2|50|3|1|9|814|301|301|933|98112|15425.0|6903.0|4777.0|3745.0|11967|5963|3709|4642925.0|2077803.0|1437877.0|1127245.0|3424117|1318739|467428|143193|44|142|45|28|2419001|1044816|2350690|1928360|7.41|27|2.74|49|71|223|1917.0
202409|ADM|46|45110|43110000|부산|서초구|인계동|2611000000|인계동|1|40|3|1|7|980|121|121|453|39558|15884.0|6867.0|4743.0|4274.0|11218|6718|3453|1921964.0|830907.0|573903.0|517154.0|3673349|462496|300694|287407|32|66|20|11|9080384|3882218|536321|1021689|3.21|1|2.82|117|146|233|146.0
202409|CNTY_GU|27|47110|44130000|인천|수원시|역삼동|1111000000|서초1동|2|20|3|1|3|1866|444|444|707|83285|2913.0|2150.0|816.0|0.0|2326|1667|698|1293372.0|954600.0|362304.0|0.0|4640597|2171623|724541|67098|103|259|50|34|578331|1040870|2319519|1237956|7.2|33|2.32|49|18|388|594.0
202409|ADM|45|11110|27110000|부산|성남시|인계동|1117000000|인계동|1|20|3|1|2|590|141|141|500|54461|45171.0|32326.0|14868.0|0.0|40329|29479|14428|6369111.0|4557966.0|2096388.0|0.0|586802|1847374|348233|251464|23|69|33|11|5221426|14873229|4278118|457244|7.04|5|1.71|48|151|280|755.0
202409|ADM|11|11170|28110000|부산|성남시|인계동|2711000000|인계동|1|45|0|1|6|1485|467|467|560|85051|31916.0|14402.0|7959.0|9555.0|27745|13902|7093|14904772.0|6725734.0|3716853.0|4462185.0|3934599|1206305|165983|240058|98|217|69|35|8951636|11069387|2953416|648426|3.88|54|4.11|133|12|314|648.0
202409|ADM|44|41150|43110000|대구|성남시|인계동|4311000000|인계동|2|45|0|2|9|1464|108|108|817|70596|49779.0|16670.0|10817.0|22292.0|39336|16334|8266|5376132.0|1800360.0|1168236.0|2407536.0|704551|2465797|93539|356254|28|49|32|0|4878691|15610007|3135070|1477305|3.14|15|1.96|141|194|78|2910.0
202409|ADM|27|44130|42110000|인천|서초구|인계동|4611000000|역삼1가|1|70|3|1|10|1414|12|12|6|45304|20862.0|6538.0|7318.0|7006.0|19443|4777|5765|250344.0|78456.0|87816.0|84072.0|3234094|2186176|144828|5570|2|7|2|0|5622886|19714255|364703|903999|6.2|1|3.23|153|62|27|62.0
202409|CNTY_GU|46|28110|47110000|부산|강남구|서초동|1117000000|서초1동|1|35|1|1|4|1690|462|462|167|61488|25983.0|10272.0|8523.0|7188.0|18914|8378|6845|12004146.0|4745664.0|3937626.0|3320856.0|1472727|1912665|416370|420899|104|210|131|27|9891540|2840618|392402|816738|6.83|32|2.78|9|204|85|6528.0
202409|CNTY_GU|42|42110|47110000|대구|서초구|역삼동|2711000000|역삼1가|2|65|1|2|2|163|416|416|298|10567|48509.0|24524.0|7176.0|16809.0|47093|20530|6347|20179744.0|10201984.0|2985216.0|6992544.0|691625|2522534|22478|58365|76|178|79|18|3113854|15023422|578749|296847|5.2|51|4.14|115|245|1|12495.0
202409|CNTY_GU|41|11170|11140000|대구|강남구|인계동|2811000000|역삼1가|1|30|2|2|8|1850|179|179|241|69800|2085.0|1085.0|591.0|409.0|1719|957|509|373215.0|194215.0|105789.0|73211.0|2860115|210781|352133|488770|39|73|40|14|2680285|8796949|1029819|448533|7.82|21|3.63|157|22|94|462.0
202409|CNTY_GU|46|42110|43110000|대구|서초구|인계동|4611000000|서초1동|2|70|0|1|1|1246|104|104|134|54991|46869.0|21851.0|5128.0|19890.0|42852|17422|4455|4874376.0|2272504.0|533312.0|2068560.0|3895471|1720212|601462|462474|21|47|28|6|996458|17554318|3728603|1838816|4.47|13|1.46|160|41|155|533.0
202409|CNTY_GU|26|26110|28110000|서울|강남구|역삼동|1117000000|인계동|2|40|0|1|5|855|279|279|577|79406|39133.0|24891.0|11607.0|2635.0|27791|22245|9640|10918107.0|6944589.0|3238353.0|735165.0|4349129|2852392|555701|434560|58|157|47|18|7374147|15409184|1841450|1751656|4.73|3|3.13|61|30|156|90.0
202409|ADM|44|41110|11140000|부산|강남구|서초동|1120000000|인계동|1|35|0|2|1|621|241|241|82|25265|7559.0|2424.0|2795.0|2340.0|6746|2011|2131|1821719.0|584184.0|673595.0|563940.0|3197093|2361594|562411|288151|43|113|70|11|3153153|19416448|3004260|1819993|4.44|34|4.27|173|453|17|15402.0
202409|CNTY_GU|41|26110|28110000|경기|성남시|인계동|1114000000|역삼1가|1|25|0|2|9|244|450|450|528|37410|22310.0|9310.0|7199.0|5801.0|18270|6869|7090|10039500.0|4189500.0|3239550.0|2610450.0|296416|1304242|460637|372695|76|206|134|12|8214910|10620578|2222470|671905|3.73|55|4.56|24|156|331|8580.0
202409|CNTY_GU|44|11170|47110000|서울|수원시|역삼동|4113000000|인계동|1|20|2|2|9|204|55|55|412|60584|17637.0|5300.0|4933.0|7404.0|15390|3822|4645|970035.0|291500.0|271315.0|407220.0|4244203|2315439|867648|469351|12|29|15|4|8805208|19480979|2403722|757122|2.08|2|4.64|103|314|374|628.0
202409|CNTY_GU|27|41130|41150000|대구|수원시|서초동|4111000000|역삼1가|1|50|0|2|6|325|341|341|171|92306|18008.0|14090.0|7092.0|0.0|14560|10531|5672|6140728.0|4804690.0|2418372.0|0.0|4065727|2400497|285815|367807|91|197|85|23|8997191|18517270|24389|1521155|7.59|33|2.14|8|231|320|7623.0
202409|CNTY_GU|11|43110|11200000|대구|수원시|역삼동|4211000000|인계동|1|30|3|1|8|26|36|36|717|74777|19085.0|8375.0|3028.0|7682.0|14600|8181|2813|687060.0|301500.0|109008.0|276552.0|2531510|2947969|110020|228237|9|18|7|2|9800050|5083565|1286660|990476|7.17|0|1.73|11|0|34|0.0
202409|CNTY_GU|27|11170|47110000|경기|수원시|인계동|4413000000|인계동|2|60|1|2|4|1634|359|359|233|70567|18832.0|11485.0|6815.0|532.0|14333|11036|6209|6760688.0|4123115.0|2446585.0|190988.0|561228|2790592|651447|486549|47|199|99|26|2243873|15056085|2227380|1041606|7.24|41|3.74|87|219|247|8979.0
202409|CNTY_GU|44|43110|26110000|경기|서초구|인계동|1111000000|서초1동|1|55|1|2|10|1668|299|299|851|43417|49270.0|31393.0|8379.0|9498.0|42531|27367|6932|14731730.0|9386507.0|2505321.0|2839902.0|2051607|1456845|224448|496551|86|121|58|23|6633051|6224011|2874257|1140883|5.08|22|4.83|125|140|24|3080.0
202409|ADM|45|11170|28110000|경기|서초구|서초동|2611000000|인계동|2|70|0|1|10|1942|51|51|78|66258|31741.0|14181.0|12069.0|5491.0|23275|12546|9956|1618791.0|723231.0|615519.0|280041.0|3299740|2495983|172437|37791|7|29|14|1|8288012|17233401|2579527|1428414|6.47|7|4.4|143|441|156|3087.0
202409|ADM|41|26110|28110000|부산|성남시|인계동|4413000000|역삼1가|1|60|0|1|10|742|264|264|854|61696|44989.0|17755.0|9154.0|18080.0|42057|14061|7518|11877096.0|4687320.0|2416656.0|4773120.0|1141281|2620732|778626|483537|35|143|60|1|7477991|14265407|3210434|1046867|3.42|9|3.44|149|448|66|4032.0
202409|ADM|27|41150|11140000|부산|강남구|인계동|2611000000|인계동|2|60|1|1|3|638|116|116|588|66561|45216.0|16763.0|8383.0|20070.0|41044|14938|7633|5245056.0|1944508.0|972428.0|2328120.0|4145555|763264|51419|308150|20|62|15|1|2326308|19611936|1836279|1563600|5.98|11|4.91|166|255|352|2805.0
202409|ADM|46|27110|27110000|부산|수원시|인계동|4413000000|역삼1가|1|55|0|1|5|812|269|269|608|16840|39077.0|27759.0|7680.0|3638.0|33152|24884|7008|10511713.0|7467171.0|2065920.0|978622.0|4135787|1328368|625609|230922|58|137|79|8|1614006|17825484|286437|1884934|6.53|27|3.59|13|249|426|6723.0
202409|CNTY_GU|41|42110|28110000|경기|수원시|서초동|4115000000|인계동|2|65|0|1|9|756|338|338|395|29209|40829.0|30643.0|14964.0|0.0|35594|22403|12375|13800202.0|10357334.0|5057832.0|0.0|4576801|1417303|943306|6144|58|202|97|20|8566814|13333688|3312652|1151232|5.88|11|3.52|26|51|265|561.0
202409|ADM|47|11170|27110000|서울|수원시|서초동|4413000000|인계동|1|70|0|2|1|1668|499|499|721|89808|0.0|0.0|0.0|0.0|0|0|0|0.0|0.0|0.0|0.0|659647|1331076|373161|173383|81|213|145|39|987420|8773877|1890116|1726533|7.57|40|1.51|68|246|55|9840.0
202409|ADM|26|41130|11170000|부산|수원시|인계동|4115000000|서초1동|2|55|0|2|8|1573|28|28|85|98882|10484.0|3689.0|4167.0|2628.0|7433|2955|3393|293552.0|103292.0|116676.0|73584.0|4459624|707398|213394|79882|3|13|8|0|7329868|3030171|1029316|791258|3.54|3|3.35|91|130|396|390.0
202409|ADM|45|41110|26110000|대구|수원시|역삼동|4311000000|인계동|1|25|1|2|3|1788|24|24|473|62691|19954.0|11063.0|7238.0|1653.0|16425|7913|5663|478896.0|265512.0|173712.0|39672.0|2633289|2551212|848414|59479|4|12|6|0|8417514|13407265|501934|912487|7.54|3|2.15|26|249|11|747.0
202409|PRVNC|44|11140|41110000|경기|서초구|인계동|4413000000|서초1동|2|45|2|2|6|39|14|14|110|61090|11815.0|5729.0|2726.0|3360.0|9970|4647|2712|165410.0|80206.0|38164.0|47040.0|1538022|91283|167976|141335|3|6|3|0|617025|16376876|3193646|1606233|5.53|1|3.77|125|400|23|400.0
202409|CNTY_GU|42|41150|47110000|경기|성남시|역삼동|1120000000|서초1동|2|70|1|2|4|1072|271|271|237|11736|6929.0|5017.0|1567.0|345.0|5504|4101|1169|1877759.0|1359607.0|424657.0|93495.0|2237803|2952811|275225|344937|56|133|56|17|697255|10205471|2735883|297669|5.8|13|4.91|125|231|62|3003.0
202409|CNTY_GU|26|41150|11170000|서울|강남구|인계동|4211000000|인계동|1|20|1|1|9|730|372|372|88|21072|15559.0|7779.0|2460.0|5320.0|13136|7733|1957|5787948.0|2893788.0|915120.0|1979040.0|3544653|409460|217881|223143|106|210|66|22|6970607|12683099|782852|127619|5.15|18|2.04|61|35|203|630.0
202409|ADM|41|42110|11110000|서울|강남구|인계동|4113000000|서초1동|2|20|2|1|4|889|227|227|312|78200|29067.0|20056.0|10577.0|0.0|28089|16271|8402|6598209.0|4552712.0|2400979.0|0.0|1351838|555340|373407|164767|63|134|36|10|997849|16002848|3496443|104634|6.1|10|2.15|76|37|256|370.0
202409|ADM|41|43110|41110000|부산|수원시|역삼동|4113000000|역삼1가|1|55|1|2|5|348|362|362|777|55766|10277.0|3416.0|1936.0|4925.0|8415|2460|1754|3720274.0|1236592.0|700832.0|1782850.0|345148|2639919|837583|31198|100|188|64|3|2706127|9319597|917101|1591042|7.61|19|1.73|44|11|143|209.0
202409|CNTY_GU|41|41130|28110000|부산|수원시|인계동|4711000000|역삼1가|1|30|1|1|1|1209|119|119|121|38545|7501.0|4759.0|2468.0|274.0|7007|3692|2440|892619.0|566321.0|293692.0|32606.0|22188|2409630|621810|488120|32|54|15|3|304812|2927710|1158798|710973|7.35|5|1.34|109|152|338|760.0
202409|ADM|27|11170|46110000|부산|서초구|역삼동|2614000000|서초1동|2|40|0|1|9|1911|220|220|903|72567|19089.0|8526.0|1962.0|8601.0|15719|7379|1870|4199580.0|1875720.0|431640.0|1892220.0|3260269|1848198|234565|297501|47|114|47|3|9287610|12832559|3969534|1660553|5.79|21|1.92|58|399|232|8379.0
202409|ADM|42|11140|41130000|서울|강남구|인계동|2811000000|서초1동|1|30|3|1|1|1745|65|65|47|88500|26276.0|10429.0|4017.0|11830.0|20309|10256|2911|1707940.0|677885.0|261105.0|768950.0|2163769|1024667|332618|438973|17|37|12|1|3097960|8485124|3063956|1231246|6.42|6|3.4|40|312|487|1872.0
202409|PRVNC|41|46110|41130000|대구|수원시|인계동|4511000000|서초1동|2|40|0|2|3|188|354|354|766|36508|15653.0|12372.0|2862.0|419.0|15250|9017|2628|5541162.0|4379688.0|1013148.0|148326.0|2563648|1179857|60365|144552|57|161|74|27|2087598|16945163|2780081|492208|4.8|27|3.28|73|280|114|7560.0
202409|ADM|11|45110|46110000|대구|수원시|서초동|1114000000|서초1동|2|40|2|1|4|352|494|494|539|38479|7214.0|5298.0|2285.0|0.0|6090|4156|1670|3563716.0|2617212.0|1128790.0|0.0|1295560|1588716|331793|3943|141|252|72|17|6611228|14679130|1163623|876583|5.07|13|1.97|46|94|328|1222.0
202409|PRVNC|43|41150|41150000|서울|강남구|서초동|4211000000|서초1동|2|25|0|1|1|1540|108|108|158|85141|45504.0|13837.0|17760.0|13907.0|38633|12719|13701|4914432.0|1494396.0|1918080.0|1501956.0|4571942|2101856|200861|320767|30|59|11|2|3219421|16220570|4169278|806653|2.38|15|1.55|60|379|81|5685.0
202409|CNTY_GU|45|41110|42110000|대구|서초구|서초동|2811000000|인계동|2|35|0|2|3|1866|405|405|525|25668|7424.0|2770.0|2566.0|2088.0|6108|2451|1979|3006720.0|1121850.0|1039230.0|845640.0|186030|514311|50121|219890|71|217|98|26|2499046|15244375|4795430|1789527|6.57|27|2.54|86|34|170|918.0
202409|ADM|47|41150|43110000|서울|성남시|역삼동|4113000000|역삼1가|2|25|2|1|7|685|89|89|257|47897|22814.0|11375.0|3504.0|7935.0|18786|10298|3091|2030446.0|1012375.0|311856.0|706215.0|4944860|1694499|339870|364662|18|51|20|2|8085623|1457024|678371|632090|6.23|8|3.26|86|63|446|504.0
202409|ADM|41|41110|26140000|서울|성남시|역삼동|4311000000|서초1동|1|35|3|1|1|689|69|69|384|29936|11071.0|3550.0|1673.0|5848.0|10219|3139|1332|763899.0|244950.0|115437.0|403512.0|1226111|1688881|810210|213005|14|34|18|6|5350181|12355961|814294|1253501|7.67|8|2.54|146|485|412|3880.0
