기준년월|구분명|광역시도코드|시군구코드(개정후)|행정구역분류코드(개정후)|광역시도명|시군구명(개정후)|행정구역분류명(개정후)|법정동코드|법정동명|성별|연령구간대|직업구분|금융기관|분위코드(총대출잔액기준)|총대출_보유계좌수|유효대출계좌_대상자수|대출잔액_보유대상자수|대출잔액_최저금액|대출잔액_최대금액|대출잔액_평균금액|대출잔액_주택담보_평균금액|대출잔액_신용_평균금액|대출잔액_기타_평균금액|대출잔액_중위금액|대출잔액_주택담보_중위금액|대출잔액_신용_중위금액|총대출잔액|총대출잔액_주택담보|총대출잔액_신용|총대출잔액_기타|신규대출_약정금액합(당월)|신규대출_주택담보약정금액합(당월)|신규대출_신용약정금액합(당월)|신규대출_기타약정금액합(당월)|일시불상환_대출보유대상자수|분할상환_대출보유대상자수|한도대출_보유대상자수|기타대출_보유대상자수|대출잔액합_일시불|대출잔액합_분할상환|대출잔액합_한도|대출잔액합_기타|대출평균이자율|월 연체보유자수 합계|월평균연체건수|평균연체일|평균연체금액|중위연체금액|연체금액
202405|ADM|47|26110|47110000|경기|강남구|서초동|2711000000|서초1동|2|60|2|2|7|702|4|4|175|34411|32063.0|10509.0|8732.0|12822.0|24486|8118|7089|128252.0|42036.0|34928.0|51288.0|417412|1794660|457722|270225|1|1|0|0|5619269|335112|2112223|214350|2.29|0|4.02|160|0|404|0.0
202405|CNTY_GU|43|28110|27110000|대구|성남시|인계동|4413000000|역삼1가|2|50|0|1|4|152|387|387|582|67504|17553.0|5311.0|5354.0|6888.0|16730|4309|5311|6793011.0|2055357.0|2071998.0|2665656.0|4535300|2110415|629333|308280|48|194|43|28|5884975|2336897|3361015|1767393|5.67|57|1.51|15|144|294|8208.0
202405|ADM|44|41130|11200000|부산|강남구|서초동|1117000000|서초1동|2|55|1|1|7|916|480|480|90|42650|40497.0|14529.0|7469.0|18499.0|38809|14460|5856|19438560.0|6973920.0|3585120.0|8879520.0|4868689|2782650|782926|409738|93|197|75|28|4465932|9860992|1915111|729893|5.56|51|2.76|81|322|407|16422.0
202405|CNTY_GU|11|28110|27110000|부산|강남구|역삼동|4413000000|인계동|1|45|0|1|3|1992|60|60|510|29363|37169.0|18010.0|14542.0|4617.0|27997|14045|14194|2230140.0|1080600.0|872520.0|277020.0|349299|1532731|958793|491770|9|35|17|0|5981346|12627569|850195|1697230|4.4|8|2.04|66|115|208|920.0
202405|ADM|27|11170|42110000|경기|서초구|서초동|4511000000|서초1동|2|40|1|1|5|682|347|347|668|38207|4050.0|2572.0|922.0|556.0|3293|2547|904|1405350.0|892484.0|319934.0|192932.0|1190493|572455|857081|454433|43|198|91|5|7024575|5596960|3108506|944740|5.19|45|2.86|134|210|494|9450.0
202405|CNTY_GU|46|45110|41110000|인천|강남구|역삼동|4111000000|서초1동|2|60|3|1|4|1836|163|163|863|16856|43126.0|22544.0|5571.0|15011.0|38205|18439|5085|7029538.0|3674672.0|908073.0|2446793.0|2241309|2910869|484389|261553|33|69|47|15|7071819|1841560|2667842|1664997|2.5|11|1.87|96|279|123|3069.0
202405|ADM|44|28110|44130000|서울|강남구|역삼동|2611000000|인계동|1|25|1|1|2|511|197|197|441|88521|10577.0|3774.0|3504.0|3299.0|8551|3260|2694|2083669.0|743478.0|690288.0|649903.0|4006490|473215|464048|397966|57|101|47|1|2281869|15362472|2649178|219255|5.0|5|1.85|91|70|188|350.0
202405|ADM|44|28110|11140000|경기|강남구|역삼동|4113000000|역삼1가|1|50|2|1|5|834|174|174|727|71861|26871.0|17713.0|7379.0|1779.0|21957|15717|6188|4675554.0|3082062.0|1283946.0|309546.0|3726064|2873476|300317|498586|43|86|40|0|4194899|10940445|3529013|254381|2.66|16|4.27|155|37|8|592.0
202405|CNTY_GU|43|28110|42110000|대구|성남시|역삼동|1114000000|역삼1가|1|50|3|2|8|559|85|85|516|58469|5160.0|4066.0|1396.0|0.0|4805|3585|1069|438600.0|345610.0|118660.0|0.0|3399113|511786|925510|407604|23|46|17|6|4275370|5391010|289950|1109023|3.59|2|4.23|172|140|341|280.0
202405|ADM|42|41110|41150000|서울|수원시|서초동|1117000000|인계동|1|60|2|1|3|130|360|360|678|51691|48288.0|32175.0|8624.0|7489.0|44758|23922|6931|17383680.0|11583000.0|3104640.0|2696040.0|1049472|799817|406497|69248|89|203|66|0|6264833|2125311|59572|815860|6.46|19|1.87|162|230|98|4370.0
202405|CNTY_GU|41|26140|41150000|경기|서초구|인계동|4511000000|역삼1가|2|25|2|1|7|1891|1|1|847|80155|31897.0|23125.0|3408.0|5364.0|31122|17441|3342|31897.0|23125.0|3408.0|5364.0|1257093|2416331|147480|212795|0|0|0|0|1356412|12152947|4538528|30238|7.8|0|2.98|128|0|48|0.0
202405|ADM|11|41110|27110000|대구|성남시|서초동|2611000000|역삼1가|2|50|0|1|3|629|235|235|529|69890|38694.0|19325.0|8357.0|11012.0|31755|14806|6131|9093090.0|4541375.0|1963895.0|2587820.0|2967818|1027642|570861|106051|40|110|27|0|4779413|10595587|941688|319398|6.63|30|2.13|135|73|69|2190.0
202405|CNTY_GU|26|41130|47110000|대구|서초구|인계동|2711000000|역삼1가|2|25|2|2|4|1382|304|304|409|42540|23136.0|16637.0|7485.0|0.0|23014|15272|5748|7033344.0|5057648.0|2275440.0|0.0|4465346|2081363|36509|231719|66|124|59|26|46809|6123851|795152|1390072|3.86|3|4.49|133|492|446|1476.0
202405|PRVNC|45|11170|44130000|인천|서초구|역삼동|2711000000|서초1동|2|40|0|1|7|1005|313|313|453|94360|29893.0|20971.0|10125.0|0.0|23499|17789|8108|9356509.0|6563923.0|3169125.0|0.0|3788053|1561223|419135|362705|91|154|80|2|9125399|19086878|3543935|1055537|3.55|17|3.91|166|194|384|3298.0
202405|ADM|42|45110|26140000|경기|수원시|서초동|4413000000|인계동|1|40|1|1|6|1851|185|185|668|62866|2260.0|1021.0|807.0|432.0|1948|958|752|418100.0|188885.0|149295.0|79920.0|4694108|343205|673365|216827|45|82|33|12|6248973|3968103|3063138|200931|3.03|5|1.11|120|253|357|1265.0
202405|ADM|11|26140|11140000|서울|강남구|서초동|4711000000|역삼1가|1|40|0|1|10|1029|374|374|869|19504|30728.0|16667.0|3179.0|10882.0|30155|16571|2434|11492272.0|6233458.0|1188946.0|4069868.0|2849800|5017|236773|322623|105|170|97|23|3892476|17170445|4951438|678746|7.45|24|3.61|69|231|315|5544.0
202405|ADM|46|47110|41130000|인천|강남구|인계동|2614000000|역삼1가|2|40|2|1|4|129|141|141|110|91259|0.0|0.0|0.0|0.0|0|0|0|0.0|0.0|0.0|0.0|2721534|1570472|307707|117605|35|71|14|8|9902136|9477300|4169038|1020700|3.13|4|4.37|81|46|344|184.0
202405|CNTY_GU|45|43110|11200000|경기|강남구|역삼동|4111000000|역삼1가|2|45|3|2|8|1961|122|122|813|85749|1156.0|786.0|177.0|193.0|1029|573|144|141032.0|95892.0|21594.0|23546.0|3017814|2648731|1300|47522|36|51|26|3|834584|4933518|4454091|149818|7.45|5|2.3|45|257|405|1285.0
202405|ADM|45|41110|41150000|인천|강남구|역삼동|1111000000|서초1동|1|20|0|1|3|1109|74|74|360|97836|24671.0|19447.0|7242.0|0.0|19782|17356|5448|1825654.0|1439078.0|535908.0|0.0|4205176|2493677|901712|344203|13|34|21|0|9675716|15250803|80444|1565108|2.6|6|4.23|36|319|273|1914.0
202405|CNTY_GU|44|11200|41150000|대구|서초구|역삼동|4413000000|역삼1가|2|70|2|2|3|1347|443|443|552|12419|39569.0|23739.0|4651.0|11179.0|33837|17781|4087|17529067.0|10516377.0|2060393.0|4952297.0|2793080|158525|764101|50904|63|246|119|43|2469525|12199754|3831175|470368|5.98|58|3.68|151|85|135|4930.0
202405|ADM|42|41130|41130000|서울|성남시|역삼동|2811000000|서초1동|1|30|0|2|9|632|161|161|757|62893|5576.0|1887.0|2201.0|1488.0|4911|1518|1904|897736.0|303807.0|354361.0|239568.0|3394965|1368276|512692|343304|29|85|29|8|3495887|15400661|3889537|348845|4.0|10|1.83|159|356|475|3560.0
202405|ADM|27|28110|11140000|부산|수원시|인계동|1120000000|인계동|2|25|1|1|10|70|272|272|293|26650|24987.0|16124.0|3371.0|5492.0|23424|12804|2494|6796464.0|4385728.0|916912.0|1493824.0|862473|1834632|330093|438323|79|155|33|22|8128771|9062866|4294575|1806477|5.03|37|2.54|30|497|156|18389.0
202405|PRVNC|27|11170|27110000|인천|서초구|서초동|1111000000|역삼1가|2|65|1|2|4|132|93|93|52|85684|29288.0|11207.0|10848.0|7233.0|25576|11202|9670|2723784.0|1042251.0|1008864.0|672669.0|3662251|1942219|395248|4879|10|50|21|3|2565265|7542887|3380864|587839|6.37|13|4.08|125|29|157|377.0
202405|CNTY_GU|11|43110|26140000|부산|강남구|인계동|1120000000|서초1동|2|40|0|2|3|1512|308|308|72|14633|14097.0|10982.0|1924.0|1191.0|13824|10652|1816|4341876.0|3382456.0|592592.0|366828.0|2840107|688594|217945|318437|60|124|85|5|4432325|3469034|4132438|1993992|7.72|12|4.3|7|284|315|3408.0
202405|ADM|43|11170|26110000|경기|서초구|인계동|4413000000|인계동|2|70|1|2|2|14|145|145|472|30528|44229.0|34598.0|15961.0|0.0|36028|27849|12987|6413205.0|5016710.0|2314345.0|0.0|757992|236448|773094|354696|37|60|17|6|940207|14985362|1136324|969048|3.04|12|1.48|12|434|395|5208.0
202405|ADM|44|46110|27110000|인천|강남구|서초동|2614000000|서초1동|1|35|1|1|8|650|177|177|385|19776|35419.0|25788.0|13002.0|0.0|30391|22002|12073|6269163.0|4564476.0|2301354.0|0.0|3211871|524213|678438|203231|45|86|23|2|9855865|15632612|527662|801484|6.55|18|3.52|92|185|222|3330.0
202405|CNTY_GU|43|47110|28110000|경기|성남시|역삼동|2614000000|역삼1가|2|50|1|1|3|1808|263|263|652|67801|28119.0|9543.0|8233.0|10343.0|19788|7351|7259|7395297.0|2509809.0|2165279.0|2720209.0|1549280|709727|522368|435722|36|126|50|7|6009445|14156197|2224282|980940|3.75|36|2.69|177|203|437|7308.0
202405|CNTY_GU|44|47110|27110000|서울|서초구|인계동|4113000000|인계동|1|35|1|1|5|1257|336|336|75|59736|21718.0|17240.0|3538.0|940.0|16652|14525|3495|7297248.0|5792640.0|1188768.0|315840.0|4489215|2450365|724601|190650|66|135|89|27|9316360|6871410|1759154|186708|5.36|23|3.63|125|484|4|11132.0
202405|ADM|26|11140|26140000|인천|강남구|서초동|4111000000|서초1동|1|60|0|1|3|1116|497|497|823|33236|7459.0|3609.0|2352.0|1498.0|6236|2558|2106|3707123.0|1793673.0|1168944.0|744506.0|2558004|582130|740337|341149|133|295|83|25|9181166|19992372|3320914|1824406|6.61|23|1.09|46|209|60|4807.0
202405|ADM|44|41130|28110000|경기|성남시|서초동|1111000000|인계동|1|65|1|2|4|597|4|4|607|21611|20403.0|13555.0|6267.0|581.0|18483|9867|4552|81612.0|54220.0|25068.0|2324.0|4806796|1937011|534652|181524|1|1|0|0|9757913|11074340|3878823|637214|7.13|0|1.5|176|0|360|0.0
202405|CNTY_GU|44|26110|41110000|서울|성남시|인계동|4111000000|인계동|1|65|0|1|5|796|252|252|181|11755|11896.0|6068.0|1461.0|4367.0|8934|4791|1450|2997792.0|1529136.0|368172.0|1100484.0|4477590|2010326|893062|279684|42|145|52|3|8879697|15513204|1275695|476116|2.2|14|3.49|28|246|192|3444.0
202405|CNTY_GU|45|44130|46110000|서울|강남구|인계동|1111000000|인계동|2|30|1|2|2|154|215|215|840|79335|31038.0|17262.0|11587.0|2189.0|22676|17074|10225|6673170.0|3711330.0|2491205.0|470635.0|2694309|2643109|906076|104594|31|115|35|7|4318035|10082608|1936192|1220385|5.82|14|2.34|33|495|378|6930.0
202405|CNTY_GU|26|28110|26110000|경기|강남구|서초동|1120000000|역삼1가|2|45|3|2|9|735|385|385|332|67666|23618.0|9456.0|4389.0|9773.0|19044|6834|3232|9092930.0|3640560.0|1689765.0|3762605.0|4167954|2342107|335017|218674|77|157|42|25|1829025|19352065|4689630|1106969|3.78|32|4.02|167|378|42|12096.0
202405|PRVNC|46|11200|42110000|인천|수원시|인계동|4711000000|서초1동|1|40|1|1|10|1287|416|416|997|92024|14069.0|10552.0|4973.0|0.0|12799|9439|4197|5852704.0|4389632.0|2068768.0|0.0|4612183|332131|991388|492804|104|185|48|35|8436031|16104368|2838682|324526|4.02|11|3.88|11|482|195|5302.0
202405|CNTY_GU|47|41110|26140000|부산|서초구|역삼동|4711000000|서초1동|1|65|3|2|10|46|211|211|799|18184|4464.0|2884.0|1436.0|144.0|4017|2147|1188|941904.0|608524.0|302996.0|30384.0|759925|1763860|23022|6400|44|91|34|14|4198653|12494256|6144|798671|6.7|14|3.48|112|474|199|6636.0
202405|CNTY_GU|26|26110|11110000|인천|서초구|인계동|4211000000|역삼1가|1|65|0|1|8|1055|324|324|632|11203|0.0|0.0|0.0|0.0|0|0|0|0.0|0.0|0.0|0.0|4253212|1138243|459277|192666|40|179|49|18|7824044|8599667|4970516|1532933|4.66|41|2.12|100|106|240|4346.0
202405|PRVNC|45|11170|47110000|경기|성남시|인계동|4413000000|역삼1가|1|65|1|1|9|502|430|430|91|29147|99.0|39.0|30.0|30.0|85|27|21|42570.0|16770.0|12900.0|12900.0|1426576|796835|941476|477723|71|207|67|1|250621|19677780|868493|1464890|3.43|64|4.95|100|497|208|31808.0
202405|CNTY_GU|11|47110|46110000|경기|강남구|역삼동|1114000000|서초1동|2|30|0|1|6|186|487|487|231|63092|17552.0|8865.0|2074.0|6613.0|15481|7660|1996|8547824.0|4317255.0|1010038.0|3220531.0|4678617|2249512|825476|317746|132|254|109|39|7123641|8354308|2251426|932396|3.56|66|3.81|170|291|343|19206.0
202405|ADM|44|47110|27110000|대구|수원시|인계동|4413000000|인계동|1|50|0|1|9|678|471|471|491|74520|34906.0|17403.0|7991.0|9512.0|33183|14772|6369|16440726.0|8196813.0|3763761.0|4480152.0|563549|1703288|730249|293568|110|229|108|31|2066727|3185152|1675298|1263693|4.72|16|2.75|49|229|200|3664.0
202405|ADM|27|47110|27110000|부산|강남구|역삼동|4115000000|인계동|1|35|3|1|2|431|234|234|48|80081|47645.0|16249.0|10360.0|21036.0|41145|15908|7501|11148930.0|3802266.0|2424240.0|4922424.0|32079|2553235|861302|73763|42|109|58|17|6510561|18405050|3723920|388528|6.11|21|2.06|121|311|50|6531.0
202405|PRVNC|47|11140|46110000|경기|수원시|서초동|1114000000|인계동|1|35|1|1|2|1277|201|201|337|95870|4238.0|2556.0|1169.0|513.0|3375|2032|849|851838.0|513756.0|234969.0|103113.0|532098|2522532|849812|281991|59|97|60|10|5461173|18645672|4334024|730253|4.79|3|2.55|82|190|415|570.0
202405|PRVNC|47|26110|11110000|경기|서초구|서초동|1120000000|역삼1가|2|40|1|2|6|1732|194|194|629|15945|45039.0|26530.0|15515.0|2994.0|36014|25248|12086|8737566.0|5146820.0|3009910.0|580836.0|522300|1420602|47161|128185|34|116|26|6|7818321|9941546|1055606|1273165|7.82|7|3.1|142|370|146|2590.0
202405|ADM|45|11110|28110000|경기|성남시|역삼동|1114000000|역삼1가|2|45|0|1|2|172|255|255|419|24491|34324.0|20058.0|12687.0|1579.0|28175|18855|9550|8752620.0|5114790.0|3235185.0|402645.0|4823291|1748189|818430|281436|75|144|31|13|1782575|8917866|332660|1864132|5.26|18|1.97|18|445|97|8010.0
202405|ADM|47|46110|26110000|대구|수원시|서초동|1117000000|역삼1가|2|25|1|2|2|594|426|426|181|57296|26613.0|13992.0|7524.0|5097.0|25669|10913|6593|11337138.0|5960592.0|3205224.0|2171322.0|1611849|2393772|944933|426281|115|250|70|37|4785233|9002007|215259|332626|6.95|28|1.14|161|230|72|6440.0
202405|CNTY_GU|42|41110|42110000|서울|수원시|서초동|1117000000|역삼1가|2|30|3|1|4|1322|460|460|509|33575|38790.0|15728.0|13266.0|9796.0|34029|13150|9845|17843400.0|7234880.0|6102360.0|4506160.0|601375|1250561|46735|90818|82|219|82|22|7763704|19878496|725032|1177942|3.49|65|1.34|125|160|116|10400.0
202405|CNTY_GU|46|42110|11110000|서울|강남구|인계동|1114000000|역삼1가|1|60|0|2|4|1089|17|17|335|94628|26801.0|16170.0|6580.0|4051.0|21117|14748|4783|455617.0|274890.0|111860.0|68867.0|3751475|2368262|541215|41637|2|9|4|1|1295793|12818486|2188731|1388507|2.61|2|2.21|94|90|274|180.0
202405|CNTY_GU|43|11110|26140000|부산|수원시|역삼동|4311000000|서초1동|1|35|1|1|6|1830|136|136|401|25526|3119.0|1710.0|358.0|1051.0|3030|1445|330|424184.0|232560.0|48688.0|142936.0|275606|309699|88696|464961|15|65|22|11|1801729|14387901|2058084|744338|5.98|17|2.01|133|236|478|4012.0
202405|CNTY_GU|46|43110|27110000|대구|성남시|서초동|4113000000|역삼1가|2|60|3|1|1|708|407|407|31|23033|31124.0|18862.0|7706.0|4556.0|26507|15792|7058|12667468.0|7676834.0|3136342.0|1854292.0|2269806|2604077|340030|354879|116|173|118|19|7110484|16229889|2434551|1460111|4.39|48|3.22|36|286|335|13728.0
202405|ADM|27|11200|11200000|인천|성남시|인계동|4115000000|서초1동|2|30|2|1|1|1280|140|140|384|75191|4224.0|1779.0|1229.0|1216.0|3478|1683|1153|591360.0|249060.0|172060.0|170240.0|1982411|2066537|28327|79692|25|64|18|2|7479938|10665538|2919293|185453|6.84|16|4.84|89|365|407|5840.0
202405|ADM|42|41110|42110000|인천|성남시|서초동|4311000000|서초1동|2|55|1|1|2|1803|38|38|580|90685|11937.0|6168.0|4189.0|1580.0|10535|5822|3879|453606.0|234384.0|159182.0|60040.0|1300147|2618174|615341|296926|8|17|10|1|7607116|8537176|2905059|1515785|2.07|3|1.17|47|140|83|420.0
202405|ADM|41|11170|41110000|대구|수원시|역삼동|4111000000|인계동|1|40|1|2|8|134|441|441|158|29571|0.0|0.0|0.0|0.0|0|0|0|0.0|0.0|0.0|0.0|806481|1531149|596444|42029|50|247|109|37|6855554|12323800|3329153|1336679|7.99|25|2.19|160|321|78|8025.0
202405|PRVNC|26|26140|11170000|서울|성남시|역삼동|4311000000|역삼1가|2|40|1|2|8|509|429|429|0|71248|18525.0|11325.0|3744.0|3456.0|15281|10782|2640|7947225.0|4858425.0|1606176.0|1482624.0|1321797|553377|502915|222374|120|211|85|12|6979201|14667071|1080060|1257980|6.93|0|4.57|146|0|13|0.0
202405|ADM|41|11110|41110000|경기|수원시|인계동|4413000000|역삼1가|1|70|1|1|1|1040|366|366|813|80217|27768.0|8692.0|8013.0|11063.0|27351|7237|6138|10163088.0|3181272.0|2932758.0|4049058.0|3427850|1315572|194362|478091|44|177|84|33|3351674|1642035|3550597|1256198|4.54|6|3.65|159|214|25|1284.0
202405|ADM|11|41110|11200000|인천|성남시|역삼동|1111000000|인계동|1|40|0|1|5|36|25|25|409|83234|49116.0|31785.0|11453.0|5878.0|48310|24047|9827|1227900.0|794625.0|286325.0|146950.0|3696495|860160|949823|208553|4|13|4|0|4322835|2916720|2021701|557301|2.91|0|1.22|55|0|258|0.0
202405|CNTY_GU|46|46110|41110000|서울|서초구|역삼동|4211000000|서초1동|2|40|1|2|7|352|120|120|300|75417|16357.0|11310.0|4328.0|719.0|13069|9706|4060|1962840.0|1357200.0|519360.0|86280.0|2890631|238151|355555|409569|14|65|32|6|9649620|12435269|2507061|874034|2.67|14|3.67|108|204|227|2856.0
202405|ADM|27|45110|41130000|경기|강남구|인계동|4511000000|서초1동|2|70|3|1|3|6|173|173|991|14125|27379.0|11256.0|10932.0|5191.0|21555|9823|8765|4736567.0|1947288.0|1891236.0|898043.0|4225803|846222|239871|371781|37|70|22|13|2993075|10129744|4990489|881158|2.57|12|3.72|173|298|432|3576.0
202405|CNTY_GU|27|41150|41130000|경기|수원시|서초동|4113000000|서초1동|2|35|0|2|9|203|222|222|325|34667|26918.0|15535.0|4832.0|6551.0|20919|11434|4146|5975796.0|3448770.0|1072704.0|1454322.0|2813391|2453659|985654|201769|27|101|50|18|530895|4850160|25113|1301883|6.05|23|4.58|98|60|454|1380.0
202405|ADM|44|11140|41130000|인천|수원시|인계동|4113000000|서초1동|2|70|1|2|1|1169|117|117|550|56919|9497.0|7167.0|3503.0|0.0|7318|6370|2587|1111149.0|838539.0|409851.0|0.0|1897480|1572874|601776|297507|26|69|19|2|2522874|18854415|4983526|1424978|2.53|3|2.52|179|484|65|1452.0
202405|ADM|26|41110|44130000|대구|서초구|서초동|4413000000|서초1동|1|40|1|2|9|899|61|61|349|20482|46390.0|14746.0|13661.0|17983.0|43707|11258|10733|2829790.0|899506.0|833321.0|1096963.0|2767056|1564893|776326|28710|8|33|8|4|7817195|13758450|3294696|71758|2.97|0|4.35|60|0|428|0.0
202405|ADM|44|11200|11110000|경기|성남시|인계동|2811000000|서초1동|1|35|1|2|4|513|464|464|417|11693|33450.0|23200.0|6658.0|3592.0|28358|18227|4915|15520800.0|10764800.0|3089312.0|1666688.0|1274933|1077046|122198|323148|53|234|73|16|1083203|10033817|3998780|1281252|4.94|32|1.81|110|299|377|9568.0
202405|ADM|44|47110|11110000|인천|수원시|서초동|4611000000|역삼1가|2|30|1|2|8|1920|55|55|233|74379|27552.0|19287.0|5867.0|2398.0|19909|15015|5372|1515360.0|1060785.0|322685.0|131890.0|574598|771717|688256|249437|7|22|16|0|6073310|3768958|4227539|890431|2.67|0|1.43|12|0|260|0.0
202405|ADM|45|41110|11110000|경기|서초구|역삼동|4311000000|인계동|2|45|1|2|8|1581|315|315|99|70705|39285.0|29227.0|4972.0|5086.0|29214|28002|4592|12374775.0|9206505.0|1566180.0|1602090.0|1245656|2518786|156729|394264|91|163|91|16|7015306|12705605|3669548|1287133|2.98|19|4.69|52|222|426|4218.0
202405|ADM|41|26140|47110000|인천|성남시|역삼동|2611000000|역삼1가|2|40|3|1|2|1165|2|2|941|38505|17856.0|13850.0|2765.0|1241.0|14370|13467|2024|35712.0|27700.0|5530.0|2482.0|3359418|934971|693322|376877|0|1|0|0|6322109|4861612|2836309|1101190|5.73|0|4.48|158|0|446|0.0
202405|CNTY_GU|26|11110|11170000|대구|성남시|역삼동|4111000000|역삼1가|2|45|0|2|10|309|266|266|301|53330|29744.0|12855.0|11349.0|5540.0|23628|10736|9289|7911904.0|3419430.0|3018834.0|1473640.0|4054125|669693|77772|107739|73|137|56|21|7578740|3075113|4227989|185298|5.51|9|4.85|56|117|372|1053.0
202405|ADM|26|28110|45110000|서울|서초구|인계동|4211000000|서초1동|2|65|3|2|5|1753|230|230|4|10921|47140.0|20478.0|16936.0|9726.0|35728|16416|15947|10842200.0|4709940.0|3895280.0|2236980.0|102608|2887419|725423|407498|60|136|35|10|5485249|6116052|4565055|441207|3.47|12|2.2|94|328|238|3936.0
202405|PRVNC|44|41110|11200000|경기|수원시|인계동|4711000000|역삼1가|2|70|3|1|8|1362|160|160|3|31350|42869.0|29284.0|16526.0|0.0|38795|21015|14317|6859040.0|4685440.0|2644160.0|0.0|4383173|2962964|489287|73543|28|68|30|10|4971220|10998911|1447843|226211|2.03|13|3.46|171|33|236|429.0
202405|PRVNC|46|11110|46110000|서울|강남구|역삼동|4111000000|인계동|1|40|0|2|4|926|253|253|113|83850|7064.0|4315.0|2134.0|615.0|6816|4234|1622|1787192.0|1091695.0|539902.0|155595.0|2463234|2206363|432880|291782|41|104|29|18|9999166|18144802|2807684|1228930|6.23|9|1.63|55|240|492|2160.0
202405|ADM|43|11200|26110000|부산|수원시|역삼동|4113000000|역삼1가|2|40|2|2|10|1730|253|253|376|55213|32362.0|12945.0|4675.0|14742.0|29121|10079|3613|8187586.0|3275085.0|1182775.0|3729726.0|4662390|1989594|738042|405910|31|146|54|24|1479545|5959174|3774429|1649646|3.6|29|1.38|82|193|52|5597.0
202405|ADM|27|43110|11170000|인천|서초구|인계동|1117000000|역삼1가|2|70|1|1|1|292|252|252|535|71585|47020.0|21257.0|9559.0|16204.0|42957|17184|7091|11849040.0|5356764.0|2408868.0|4083408.0|2200141|1401875|938533|290956|69|101|68|22|682861|14256352|375198|262540|3.0|11|4.64|12|254|317|2794.0
202405|ADM|46|11110|44130000|부산|강남구|인계동|2611000000|역삼1가|2|20|0|2|10|1956|403|403|218|40824|41347.0|25991.0|12269.0|3087.0|36150|21906|11564|16662841.0|10474373.0|4944407.0|1244061.0|2903833|2006993|682686|258451|92|228|118|33|8914300|10270211|4171844|709200|7.13|43|4.65|174|140|361|6020.0
202405|ADM|43|42110|41130000|서울|수원시|서초동|4211000000|역삼1가|1|40|3|1|4|1184|458|458|652|86573|27952.0|17018.0|9417.0|1517.0|25839|13598|8034|12802016.0|7794244.0|4312986.0|694786.0|288845|1532238|770955|212145|102|257|93|18|6749491|5938159|1706802|1689961|6.66|59|2.5|146|159|250|9381.0
202405|ADM|45|41150|26110000|경기|수원시|역삼동|4115000000|서초1동|2|40|0|1|8|1028|161|161|388|72813|4853.0|3474.0|1749.0|0.0|4539|3126|1291|781333.0|559314.0|281589.0|0.0|3834841|109489|88936|266480|46|67|24|6|1444090|4697973|1041521|320680|4.68|5|1.19|85|459|60|2295.0
202405|ADM|47|47110|47110000|서울|성남시|역삼동|4111000000|역삼1가|2|50|1|2|1|1072|71|71|317|18596|4575.0|2287.0|706.0|1582.0|4324|2197|658|324825.0|162377.0|50126.0|112322.0|510131|484301|365707|202477|10|40|17|4|3384057|8168916|2912663|243314|2.62|6|1.18|116|225|191|1350.0
202405|ADM|47|42110|45110000|서울|강남구|인계동|1114000000|인계동|2|65|0|2|4|1982|353|353|70|28994|44430.0|27427.0|16149.0|854.0|31383|23333|11384|15683790.0|9681731.0|5700597.0|301462.0|1943846|1552809|720159|83498|65|202|44|6|7535245|19785236|4859805|1641833|5.24|22|3.95|60|339|40|7458.0
202405|CNTY_GU|41|41130|28110000|경기|서초구|인계동|1120000000|역삼1가|2|50|1|1|5|1922|96|96|406|39815|14687.0|10766.0|5297.0|0.0|10410|9960|4150|1409952.0|1033536.0|508512.0|0.0|3255188|751322|43801|76599|11|42|24|1|5194660|4529328|3520295|1964628|6.72|6|1.12|134|431|48|2586.0
202405|CNTY_GU|44|47110|11110000|경기|강남구|역삼동|2614000000|역삼1가|2|55|1|1|7|431|153|153|545|44289|46095.0|30748.0|15884.0|0.0|40996|25731|12071|7052535.0|4704444.0|2430252.0|0.0|736704|2144794|318203|12360|39|69|32|3|5160214|16668020|3177023|320909|6.29|20|3.89|13|22|155|440.0
202405|ADM|43|11170|11110000|서울|성남시|역삼동|4511000000|서초1동|2|65|3|1|7|1671|470|470|652|83299|46956.0|36331.0|14433.0|0.0|42259|28117|10272|22069320.0|17075570.0|6783510.0|0.0|3468601|2608751|509831|60541|52|228|127|5|689889|6729378|4311060|1346087|3.89|36|2.62|48|322|341|11592.0
202405|CNTY_GU|26|11200|43110000|부산|성남시|서초동|2614000000|인계동|2|25|1|1|2|425|369|369|206|93200|1469.0|459.0|462.0|548.0|1032|372|374|542061.0|169371.0|170478.0|202212.0|946085|86913|444008|380876|62|198|109|34|1331895|5111802|581654|162236|3.13|22|3.85|68|83|54|1826.0
202405|CNTY_GU|45|11140|46110000|경기|강남구|역삼동|2614000000|서초1동|1|65|2|1|6|1826|135|135|836|83580|6069.0|4407.0|1295.0|367.0|5186|4200|1268|819315.0|594945.0|174825.0|49545.0|4515456|937342|633055|392228|28|77|36|7|8216762|10656992|1749728|116088|5.0|14|4.91|17|286|358|4004.0
202405|ADM|27|42110|11200000|서울|수원시|인계동|1117000000|서초1동|2|70|1|1|6|831|273|273|953|17012|5436.0|3047.0|2127.0|262.0|4766|2301|1528|1484028.0|831831.0|580671.0|71526.0|3188167|58210|781676|219446|39|144|70|3|9384893|14262551|1341848|358018|2.25|27|3.13|161|329|181|8883.0
202405|ADM|11|44130|11200000|대구|서초구|서초동|4111000000|인계동|2|45|1|1|8|522|85|85|258|17131|20181.0|15840.0|4835.0|0.0|17722|13462|3945|1715385.0|1346400.0|410975.0|0.0|962817|1822816|727998|317804|12|38|20|8|4550225|16355508|2998149|1632898|6.92|10|1.62|13|317|469|3170.0
202405|ADM|47|41130|26110000|부산|수원시|서초동|4413000000|인계동|1|30|0|2|9|1180|418|418|174|58720|16912.0|12243.0|5818.0|0.0|12456|9532|4234|7069216.0|5117574.0|2431924.0|0.0|343252|132964|589346|381747|115|238|44|36|8992230|9778705|4437692|1759646|7.55|12|2.79|12|390|204|4680.0
202405|CNTY_GU|26|43110|26140000|부산|수원시|서초동|2611000000|서초1동|2|60|2|1|9|1245|271|271|79|36610|28987.0|12421.0|6853.0|9713.0|21033|11143|5500|7855477.0|3366091.0|1857163.0|2632223.0|1703232|273424|214308|413096|64|158|32|22|2371151|986865|3605347|987891|6.45|38|4.1|106|427|149|16226.0
202405|CNTY_GU|26|43110|43110000|대구|강남구|인계동|2711000000|역삼1가|1|45|2|1|2|1162|10|10|975|84590|26641.0|17769.0|10270.0|0.0|21515|16886|8442|266410.0|177690.0|102700.0|0.0|284417|1436415|462040|299972|1|4|2|0|6249929|2610878|1765137|1978042|7.58|0|3.15|159|0|121|0.0
202405|ADM|27|44130|41130000|부산|강남구|역삼동|4413000000|인계동|1|25|2|2|1|999|126|126|676|89571|44054.0|28474.0|14518.0|1062.0|37409|20010|12863|5550804.0|3587724.0|1829268.0|133812.0|3096919|63747|41803|258783|13|56|29|7|5506177|16031318|2766298|1241072|7.47|2|3.35|78|92|439|184.0
202405|ADM|44|41150|41150000|대구|성남시|인계동|4111000000|인계동|2|30|0|1|10|1317|261|261|445|65401|33107.0|24850.0|9523.0|0.0|32746|22102|7498|8640927.0|6485850.0|2485503.0|0.0|94296|112997|745609|225876|62|149|70|4|2403782|10746224|1064374|68840|2.31|23|4.75|145|228|132|5244.0
202405|CNTY_GU|26|26110|28110000|대구|서초구|서초동|4111000000|서초1동|1|70|0|1|8|1796|8|8|373|49783|4688.0|2444.0|765.0|1479.0|3423|2183|672|37504.0|19552.0|6120.0|11832.0|3564999|158786|583574|448327|1|3|1|0|5588857|7719163|3223406|457736|3.47|0|2.05|16|0|37|0.0
202405|CNTY_GU|47|45110|11200000|경기|서초구|인계동|1120000000|역삼1가|2|35|0|1|2|1952|125|125|184|58784|4984.0|3334.0|1592.0|58.0|4791|3115|1380|623000.0|416750.0|199000.0|7250.0|1649609|136142|527530|160040|34|55|13|8|4087219|17272893|4106901|1861753|6.41|4|4.98|134|492|120|1968.0
202405|ADM|26|11170|47110000|인천|강남구|역삼동|2611000000|서초1동|1|60|0|1|1|485|53|53|503|61446|35793.0|19932.0|6450.0|9411.0|25501|17253|5274|1897029.0|1056396.0|341850.0|498783.0|3163232|2477936|546354|291778|10|30|11|0|9664686|5604926|1781518|225333|7.71|4|3.35|12|177|168|708.0
202405|PRVNC|11|41130|26140000|서울|성남시|인계동|4211000000|역삼1가|2|40|2|1|6|234|478|478|796|67726|31307.0|15137.0|8295.0|7875.0|30286|12862|7143|14964746.0|7235486.0|3965010.0|3764250.0|3038269|1245520|228047|328920|73|209|69|41|4171661|6383055|1426623|764322|5.77|18|3.55|36|46|348|828.0
202405|CNTY_GU|26|11140|26140000|대구|성남시|역삼동|1117000000|인계동|2|30|0|2|3|773|262|262|968|38714|6736.0|4141.0|2064.0|531.0|6271|3657|1860|1764832.0|1084942.0|540768.0|139122.0|4792751|1810642|799057|455407|56|130|64|25|6416092|80691|4686754|964907|2.8|18|4.9|174|315|72|5670.0
202405|ADM|26|11110|11170000|경기|서초구|역삼동|4711000000|역삼1가|2|40|2|1|9|60|126|126|679|43583|26681.0|17377.0|10461.0|0.0|23687|12745|8395|3361806.0|2189502.0|1318086.0|0.0|4497274|1447838|759538|155559|32|63|24|3|2005188|17297866|2855625|409808|6.51|18|1.67|18|24|80|432.0
202405|ADM|26|28110|26140000|부산|성남시|인계동|1117000000|역삼1가|2|40|0|1|8|305|118|118|744|27326|32843.0|24290.0|4793.0|3760.0|28692|22009|3687|3875474.0|2866220.0|565574.0|443680.0|3871488|1700127|619961|499202|20|66|17|5|3767151|13598942|2470168|851879|6.57|9|3.27|74|160|131|1440.0
202405|PRVNC|41|28110|11170000|인천|성남시|인계동|2611000000|인계동|2|50|1|1|6|378|87|87|19|27298|33357.0|16722.0|11346.0|5289.0|32629|13338|10391|2902059.0|1454814.0|987102.0|460143.0|1531058|520319|550453|168609|19|50|15|7|2786862|484965|3735073|763393|6.82|6|3.68|149|420|486|2520.0
202405|CNTY_GU|44|26140|45110000|인천|서초구|역삼동|2811000000|역삼1가|1|35|3|2|1|4|92|92|763|20321|37343.0|16961.0|14336.0|6046.0|34180|15600|10945|3435556.0|1560412.0|1318912.0|556232.0|3339130|2003044|388098|69548|27|48|14|6|2068111|2317174|1948011|1843853|2.33|10|4.3|157|409|45|4090.0
202405|ADM|47|42110|27110000|부산|강남구|역삼동|4211000000|서초1동|1|55|2|1|5|1231|140|140|711|23528|31405.0|16828.0|8214.0|6363.0|29838|12044|5811|4396700.0|2355920.0|1149960.0|890820.0|3556659|957649|628899|132496|16|70|32|9|7264005|2785725|1054155|51784|4.85|16|4.0|54|382|43|6112.0
202405|PRVNC|45|45110|11140000|인천|강남구|역삼동|4711000000|서초1동|2|55|0|1|8|358|6|6|167|57525|41138.0|25914.0|13475.0|1749.0|35757|18766|11106|246828.0|155484.0|80850.0|10494.0|229092|1302631|854743|358169|1|2|1|0|4097617|3128398|163827|1153203|3.04|0|4.74|79|0|325|0.0
202405|ADM|26|41130|26110000|경기|서초구|역삼동|4113000000|서초1동|1|40|0|1|3|906|262|262|953|45789|14313.0|8992.0|5251.0|70.0|11949|8727|5086|3750006.0|2355904.0|1375762.0|18340.0|3862232|2112203|126050|275778|47|148|59|22|8971412|15046298|3470452|917220|4.41|15|2.31|82|151|394|2265.0
202405|ADM|27|46110|43110000|경기|수원시|역삼동|1111000000|인계동|1|50|2|2|2|169|94|94|594|97195|19177.0|15246.0|5649.0|0.0|17559|13709|4049|1802638.0|1433124.0|531006.0|0.0|3882143|2852005|735533|459833|28|49|18|9|5658088|11654555|1326000|1637491|5.14|10|1.66|65|222|113|2220.0
202405|PRVNC|27|26110|46110000|대구|서초구|인계동|2811000000|서초1동|1|70|1|2|10|1028|482|482|711|73613|22769.0|7383.0|6480.0|8906.0|16044|7321|5739|10974658.0|3558606.0|3123360.0|4292692.0|3865712|956590|556374|360709|109|196|99|40|4575037|4292508|2097095|729422|6.03|48|3.29|19|104|346|4992.0
202405|CNTY_GU|11|11200|45110000|대구|수원시|서초동|2611000000|서초1동|2|35|2|2|1|1461|75|75|929|16218|3100.0|1544.0|698.0|858.0|2929|1092|533|232500.0|115800.0|52350.0|64350.0|385649|1173635|809295|339008|21|31|14|6|9210883|15944533|2762778|1336133|7.17|0|1.94|99|0|151|0.0
202405|PRVNC|27|46110|43110000|경기|강남구|역삼동|4111000000|서초1동|1|70|0|2|1|692|369|369|9|76462|24103.0|12936.0|7360.0|3807.0|20883|10102|6274|8894007.0|4773384.0|2715840.0|1404783.0|4942978|2134518|457059|321688|99|192|87|10|9603098|7972820|4477787|1311319|5.27|15|3.0|106|432|293|6480.0
202405|CNTY_GU|11|42110|11170000|대구|성남시|인계동|1111000000|서초1동|1|35|0|2|6|847|95|95|242|59392|12262.0|4144.0|3837.0|4281.0|8710|3019|3368|1164890.0|393680.0|364515.0|406695.0|501357|232682|461346|255544|21|41|25|8|5508808|18195896|1761828|1523952|7.32|9|4.39|150|498|43|4482.0
202405|CNTY_GU|44|46110|11140000|서울|수원시|역삼동|4311000000|인계동|1|45|0|1|1|99|472|472|6|21312|24672.0|9017.0|8164.0|7491.0|23805|7326|7935|11645184.0|4256024.0|3853408.0|3535752.0|2109440|1846013|368890|59939|108|218|77|46|5853750|725512|2054917|1852844|4.59|52|3.92|44|356|51|18512.0
202405|ADM|46|44130|11110000|부산|성남시|서초동|2811000000|인계동|1|60|0|2|8|1586|418|418|5|79908|44771.0|30146.0|12633.0|1992.0|38118|26355|8892|18714278.0|12601028.0|5280594.0|832656.0|604444|313130|157393|153579|102|189|99|12|2830319|6110689|1276101|591018|4.12|2|3.75|88|488|223|976.0
202405|ADM|26|43110|11140000|부산|수원시|서초동|4413000000|서초1동|2|30|0|2|2|718|53|53|579|43397|6795.0|2437.0|2455.0|1903.0|6516|1901|2352|360135.0|129161.0|130115.0|100859.0|4583195|2984396|820832|239108|14|31|9|0|7911481|13161447|4190240|984156|7.86|0|2.87|139|0|143|0.0
202405|ADM|26|41150|41150000|경기|강남구|서초동|4111000000|서초1동|2|35|1|2|10|1376|63|63|560|35375|8331.0|4680.0|1137.0|2514.0|7176|3687|923|524853.0|294840.0|71631.0|158382.0|960507|2360363|511287|38879|13|29|7|4|5229069|12333018|3746161|802298|3.57|4|4.32|177|68|166|272.0
202405|CNTY_GU|41|47110|11200000|부산|서초구|서초동|4211000000|역삼1가|1|45|3|1|3|1323|483|483|154|22617|3679.0|2768.0|1188.0|0.0|3483|2054|905|1776957.0|1336944.0|573804.0|0.0|3458329|1557806|700771|460566|52|240|130|18|9893359|3782396|4552442|1088133|2.59|34|4.73|116|215|271|7310.0
202405|PRVNC|26|44130|26110000|인천|강남구|서초동|4711000000|역삼1가|2|30|3|1|10|892|90|90|152|49472|40272.0|28827.0|7497.0|3948.0|37475|21422|5709|3624480.0|2594430.0|674730.0|355320.0|57959|2911267|495642|165790|11|36|20|0|3052602|13911871|3121448|1460050|3.36|1|2.25|11|267|352|267.0
202405|ADM|46|45110|26140000|서울|수원시|서초동|2811000000|인계동|1|60|3|1|10|354|360|360|563|80488|31690.0|16180.0|5919.0|9591.0|25793|12409|5099|11408400.0|5824800.0|2130840.0|3452760.0|2090652|2522915|568876|404893|104|176|98|21|4987462|8791653|1594856|916809|7.08|12|4.24|168|78|353|936.0
202405|ADM|42|11110|47110000|인천|성남시|서초동|4413000000|인계동|1|30|0|2|8|210|21|21|480|45759|25360.0|20201.0|9802.0|0.0|22539|16059|9106|532560.0|424221.0|205842.0|0.0|152067|1641129|740415|256609|6|10|5|0|4044785|16609754|3827482|370757|5.66|1|3.21|53|401|200|401.0
202405|ADM|11|45110|47110000|서울|수원시|역삼동|4611000000|인계동|2|45|1|1|5|1394|313|313|745|51833|36572.0|13240.0|9077.0|14255.0|35465|12641|8152|11447036.0|4144120.0|2841101.0|4461815.0|2329695|646007|890701|191965|49|171|70|2|457149|3415338|1207580|1212516|3.26|10|4.77|89|449|340|4490.0
202405|ADM|43|28110|46110000|인천|강남구|인계동|4511000000|역삼1가|1|35|1|1|10|502|441|441|791|36466|48450.0|27857.0|6297.0|14296.0|47354|24421|6199|21366450.0|12284937.0|2776977.0|6304536.0|2265632|475168|71716|309704|88|239|104|26|9638309|14774936|1303537|1962901|3.54|13|3.89|60|376|130|4888.0
202405|ADM|26|11200|44130000|인천|강남구|서초동|4413000000|역삼1가|2|55|0|1|10|1603|208|208|640|69402|40698.0|15005.0|16244.0|9449.0|32351|10638|12128|8465184.0|3121040.0|3378752.0|1965392.0|1969909|2266688|973235|409425|49|122|38|11|3228856|8966413|3436297|114959|6.32|24|3.9|15|307|7|7368.0
202405|CNTY_GU|43|47110|11140000|대구|강남구|인계동|1117000000|인계동|2|55|0|1|2|1249|28|28|897|74126|42482.0|18339.0|6975.0|17168.0|37778|14798|5316|1189496.0|513492.0|195300.0|480704.0|4565377|616812|582463|180558|3|14|5|2|198431|2264272|3166422|489867|7.01|0|4.26|79|0|379|0.0
202405|ADM|27|11140|11200000|부산|서초구|인계동|1111000000|서초1동|1|35|0|2|7|1951|75|75|299|99691|35904.0|17563.0|14094.0|4247.0|26943|17189|11332|2692800.0|1317225.0|1057050.0|318525.0|2594742|2048457|459001|25555|9|37|15|2|3414675|2867333|3048326|1694128|6.33|8|3.26|45|79|250|632.0
202405|ADM|46|27110|44130000|서울|서초구|서초동|4113000000|역삼1가|2|35|3|1|5|164|124|124|52|56085|18521.0|13306.0|5962.0|0.0|17255|11895|5757|2296604.0|1649944.0|739288.0|0.0|509992|1643664|915026|339228|21|52|14|10|8981258|8805209|3421548|270837|3.44|2|4.21|120|80|446|160.0
202405|ADM|11|45110|42110000|경기|성남시|역삼동|1117000000|역삼1가|2|25|0|1|9|1167|48|48|277|44905|30759.0|18950.0|8974.0|2835.0|29508|15503|7889|1476432.0|909600.0|430752.0|136080.0|2826270|2973200|546530|465717|9|20|14|3|6501334|14483298|4929335|1146817|2.58|0|3.2|86|0|162|0.0
202405|ADM|45|27110|41130000|서울|강남구|역삼동|4211000000|서초1동|2|45|1|1|7|1129|255|255|515|35775|22458.0|10849.0|7743.0|3866.0|19061|9247|6625|5726790.0|2766495.0|1974465.0|985830.0|1245488|1672707|485239|184249|74|129|33|19|4394833|15367065|487757|1332512|5.09|22|1.08|127|470|476|10340.0
202405|ADM|43|47110|11110000|부산|성남시|서초동|4311000000|인계동|2|45|1|2|8|1225|18|18|483|67387|38417.0|16451.0|10262.0|11704.0|30800|14861|9745|691506.0|296118.0|184716.0|210672.0|1778075|1022507|401446|30785|4|7|5|1|6344775|11398258|4037080|1192514|7.66|2|4.66|126|106|262|212.0
202405|ADM|27|46110|41150000|부산|성남시|인계동|4111000000|서초1동|1|70|0|1|2|1374|8|8|642|45945|16327.0|12437.0|2490.0|1400.0|15620|10006|1905|130616.0|99496.0|19920.0|11200.0|3228569|537967|973989|298880|0|3|2|0|8326098|12769066|3093799|1245224|4.94|0|4.97|7|0|252|0.0
202405|PRVNC|43|47110|11200000|대구|성남시|서초동|2811000000|역삼1가|2|45|2|2|8|1695|464|464|207|61828|37168.0|25825.0|12686.0|0.0|33479|24389|11020|17245952.0|11982800.0|5886304.0|0.0|2870382|792674|432176|114949|119|244|92|33|4229658|19447139|2155007|1648093|5.0|19|1.15|151|441|194|8379.0
202405|CNTY_GU|44|11140|11200000|인천|수원시|서초동|1111000000|역삼1가|2|40|0|1|2|986|17|17|144|81230|600.0|303.0|137.0|160.0|427|293|105|10200.0|5151.0|2329.0|2720.0|2553876|1566594|308|480344|2|9|4|0|9036239|17551478|4102377|75679|2.94|2|3.8|121|410|89|820.0
202405|ADM|26|26110|11110000|경기|성남시|서초동|4115000000|서초1동|1|35|0|1|10|1646|94|94|371|94585|19781.0|7260.0|4333.0|8188.0|19537|6552|3699|1859414.0|682440.0|407302.0|769672.0|1278839|2190394|988569|300336|15|51|24|7|6208565|2335464|4121739|787554|4.19|12|1.0|84|44|232|528.0
202405|ADM|44|11200|26140000|대구|서초구|서초동|4113000000|역삼1가|1|40|2|1|4|71|307|307|42|83735|1795.0|1347.0|503.0|0.0|1591|1335|379|551065.0|413529.0|154421.0|0.0|2453730|1191742|604117|326980|45|144|33|28|790994|3632246|3804525|1837345|2.32|2|4.39|76|299|466|598.0
202405|PRVNC|45|28110|11170000|부산|수원시|인계동|4413000000|서초1동|1|40|3|1|3|1982|59|59|917|86351|31636.0|18149.0|10511.0|2976.0|24555|17530|9643|1866524.0|1070791.0|620149.0|175584.0|2727523|338527|813190|478048|10|35|16|0|4389657|4034415|3263415|30978|3.6|2|4.3|44|114|351|228.0
202405|CNTY_GU|11|11170|47110000|경기|강남구|서초동|4611000000|서초1동|2|35|0|1|8|355|259|259|152|93637|40468.0|24035.0|5096.0|11337.0|33221|22798|4579|10481212.0|6225065.0|1319864.0|2936283.0|228716|1261010|515945|292399|42|109|72|3|9056749|10457849|4662923|1725644|3.75|21|2.23|107|401|270|8421.0
202405|CNTY_GU|47|11170|47110000|인천|강남구|인계동|4611000000|서초1동|1|30|0|2|5|1022|223|223|964|37212|26681.0|9264.0|9498.0|7919.0|20067|8644|7434|5949863.0|2065872.0|2118054.0|1765937.0|4103559|111196|270501|337551|33|106|34|13|6280547|14053415|3150849|1373135|2.88|10|3.89|177|477|396|4770.0
202405|ADM|26|42110|41130000|인천|강남구|역삼동|1120000000|인계동|2|65|0|1|6|540|452|452|853|23139|23206.0|17561.0|4378.0|1267.0|17314|15232|4034|10489112.0|7937572.0|1978856.0|572684.0|1571462|775673|745696|233075|52|187|112|3|436212|17643872|3084081|867636|5.26|57|1.56|135|177|455|10089.0
202405|ADM|11|11200|41130000|경기|강남구|역삼동|2614000000|인계동|1|35|1|1|10|1049|125|125|656|67946|12409.0|5553.0|1700.0|5156.0|9968|4893|1282|1551125.0|694125.0|212500.0|644500.0|4396877|438151|146375|449807|25|73|30|9|9522337|4949175|4859701|1177330|7.95|11|2.33|44|136|403|1496.0
202405|PRVNC|26|26140|11170000|부산|성남시|인계동|1114000000|서초1동|2|50|1|1|2|641|90|90|559|33100|22955.0|8971.0|4512.0|9472.0|22125|8275|3880|2065950.0|807390.0|406080.0|852480.0|2017150|183295|695881|479123|25|48|25|0|2723017|13500047|219661|881723|2.94|2|4.58|91|33|405|66.0
202405|CNTY_GU|45|11110|41130000|대구|수원시|역삼동|2614000000|역삼1가|1|70|0|1|1|30|99|99|694|72854|32990.0|16339.0|4399.0|12252.0|29962|12475|3571|3266010.0|1617561.0|435501.0|1212948.0|4776824|2878627|423028|212775|26|56|15|9|2492855|16031842|679207|1610928|4.1|9|1.26|33|106|87|954.0
202405|ADM|26|41130|45110000|서울|서초구|역삼동|2811000000|역삼1가|1|55|1|1|1|1140|249|249|297|73445|40834.0|23165.0|10100.0|7569.0|40746|20355|10006|10167666.0|5768085.0|2514900.0|1884681.0|3907764|2334674|360876|61185|73|137|40|5|1906394|10572627|1248612|1660315|5.02|7|3.93|54|41|195|287.0
202405|ADM|44|46110|28110000|인천|서초구|서초동|1111000000|역삼1가|2|50|3|2|7|149|50|50|75|75471|6068.0|4175.0|893.0|1000.0|5234|4013|764|303400.0|208750.0|44650.0|50000.0|1931912|762133|313743|129690|14|22|12|3|7926701|12397305|4462814|1619307|4.49|6|1.37|9|471|205|2826.0
202405|PRVNC|44|11140|26140000|대구|수원시|역삼동|2611000000|서초1동|1|20|3|2|4|528|71|71|17|34820|9715.0|3115.0|3709.0|2891.0|6900|2816|3574|689765.0|221165.0|263339.0|205261.0|2073725|609930|952317|344000|17|30|14|1|6493873|7711469|1688969|315692|3.6|5|4.3|149|255|183|1275.0
202405|CNTY_GU|27|11170|41150000|경기|수원시|역삼동|4115000000|인계동|1|70|1|1|4|1955|10|10|62|82798|2612.0|1888.0|277.0|447.0|2095|1751|200|26120.0|18880.0|2770.0|4470.0|750989|2113844|52865|331568|1|4|2|0|9394648|8132695|4236201|1147331|6.85|0|2.62|16|0|45|0.0
202405|ADM|42|11200|11140000|경기|수원시|역삼동|2811000000|역삼1가|1|20|2|1|7|1036|29|29|355|91643|15055.0|8402.0|2582.0|4071.0|12050|6525|2302|436595.0|243658.0|74878.0|118059.0|3878926|2417806|61477|143423|7|13|5|0|2836496|19543347|4723667|1890219|4.07|3|1.15|16|467|99|1401.0
202405|PRVNC|11|11170|28110000|서울|강남구|서초동|2614000000|역삼1가|2|45|1|2|4|1048|442|442|102|18069|46498.0|24299.0|17236.0|4963.0|34059|18369|16025|20552116.0|10740158.0|7618312.0|2193646.0|1477692|2799192|58661|156217|107|196|111|35|1009824|10691974|1804595|1109199|6.83|3|2.13|38|149|162|447.0
202405|ADM|43|28110|11170000|서울|서초구|서초동|4413000000|서초1동|1|70|0|1|6|679|195|195|64|78913|43186.0|14935.0|11095.0|17156.0|40020|14563|9633|8421270.0|2912325.0|2163525.0|3345420.0|78912|2705065|407384|363493|25|110|57|17|9372357|17652727|4236260|216408|7.86|19|1.91|173|435|155|8265.0
202405|ADM|44|42110|11110000|부산|수원시|서초동|4211000000|역삼1가|1|65|1|2|4|1440|308|308|584|68656|13354.0|5609.0|3092.0|4653.0|11009|4859|2963|4113032.0|1727572.0|952336.0|1433124.0|4501037|1881140|174813|439537|47|150|51|2|492244|2159637|3856218|823918|2.51|3|3.08|140|137|247|411.0
202405|ADM|46|26110|11170000|대구|성남시|인계동|4311000000|서초1동|1|40|3|2|2|1712|152|152|593|10373|36001.0|19773.0|12763.0|3465.0|35590|15705|12516|5472152.0|3005496.0|1939976.0|526680.0|4275633|1871136|529840|75534|38|77|36|2|4607880|1144321|2897049|1349642|5.57|22|3.08|86|126|442|2772.0
202405|CNTY_GU|44|26110|44130000|인천|강남구|서초동|1114000000|서초1동|1|55|1|2|9|429|264|264|63|12867|29258.0|21922.0|7291.0|45.0|26141|17484|6746|7724112.0|5787408.0|1924824.0|11880.0|133078|1685227|412952|312389|74|117|27|15|1537393|12904813|2304353|188831|4.07|5|1.26|166|343|215|1715.0
202405|ADM|11|11200|41110000|대구|강남구|역삼동|4413000000|서초1동|2|55|1|2|7|1926|200|200|237|16944|24713.0|13509.0|8445.0|2759.0|19146|10958|7251|4942600.0|2701800.0|1689000.0|551800.0|2664394|394279|972128|388316|22|99|28|1|728184|14547440|3182786|700124|7.04|23|3.68|106|447|443|10281.0
202405|CNTY_GU|11|45110|41130000|서울|서초구|역삼동|4111000000|인계동|1|30|2|2|6|911|300|300|192|77107|14340.0|7720.0|2207.0|4413.0|11928|6269|1800|4302000.0|2316000.0|662100.0|1323900.0|2240733|58447|732110|116479|74|177|57|28|9769321|8495160|2905236|413278|4.73|17|4.59|98|353|364|6001.0
202405|ADM|41|44130|42110000|경기|성남시|인계동|1117000000|역삼1가|1|70|2|1|1|755|497|497|865|79310|17005.0|10836.0|5870.0|299.0|14280|9703|4489|8451485.0|5385492.0|2917390.0|148603.0|298290|1888473|279123|349765|117|244|58|17|4700188|3594705|3626476|490281|4.12|38|2.14|38|165|139|6270.0
202405|PRVNC|42|41110|11140000|서울|강남구|역삼동|1117000000|인계동|1|35|0|1|9|970|167|167|100|31486|47912.0|25113.0|10317.0|12482.0|39186|19911|7661|8001304.0|4193871.0|1722939.0|2084494.0|3822293|1962627|569812|71778|41|81|45|2|275698|1017943|1993318|1101133|6.63|12|4.1|169|369|299|4428.0
202405|CNTY_GU|42|11110|43110000|부산|서초구|서초동|2611000000|서초1동|2|35|3|1|1|39|346|346|866|32914|12799.0|9865.0|4603.0|0.0|10417|8889|3655|4428454.0|3413290.0|1592638.0|0.0|2522102|1045723|401269|211106|86|198|96|17|5350494|16605589|2949424|1243162|6.69|26|1.56|5|98|213|2548.0
202405|ADM|47|11140|41130000|인천|수원시|서초동|4111000000|인계동|1|25|3|1|9|559|79|79|652|55957|12226.0|4558.0|4603.0|3065.0|10985|3927|4105|965854.0|360082.0|363637.0|242135.0|3366820|977877|276039|463409|21|39|21|3|1793219|12135380|2234002|1615978|5.51|9|1.63|70|64|436|576.0
202405|ADM|41|44130|41130000|서울|서초구|역삼동|2614000000|역삼1가|2|60|3|2|4|766|29|29|787|11253|12074.0|7448.0|2888.0|1738.0|8983|7167|2276|350146.0|215992.0|83752.0|50402.0|2920743|350372|983022|334371|6|16|8|2|4561674|1105976|1897561|1820232|2.16|3|2.01|51|168|476|504.0
202405|CNTY_GU|11|44130|41110000|부산|수원시|서초동|2711000000|역삼1가|1|45|0|1|7|1260|432|432|217|66267|21190.0|8022.0|5858.0|7310.0|18846|6091|5825|9154080.0|3465504.0|2530656.0|3157920.0|1436926|618700|512223|411086|75|232|105|14|672620|453272|1213026|798765|5.34|48|3.78|26|490|122|23520.0
202405|CNTY_GU|47|42110|26110000|경기|수원시|역삼동|4413000000|인계동|1|70|3|1|6|957|231|231|963|89651|12040.0|8652.0|3124.0|264.0|11572|7376|2491|2781240.0|1998612.0|721644.0|60984.0|4562315|1791689|449337|334344|30|111|67|13|4367179|16392584|3954524|85249|4.85|17|1.64|43|296|437|5032.0
202405|CNTY_GU|27|47110|26110000|부산|성남시|서초동|1114000000|인계동|2|60|1|2|1|416|287|287|323|49650|10592.0|3649.0|3082.0|3861.0|7957|2635|2414|3039904.0|1047263.0|884534.0|1108107.0|3933843|2957410|505505|316297|67|141|76|23|2560476|7188026|4432029|1546837|2.16|38|4.72|10|48|402|1824.0
202405|CNTY_GU|45|45110|47110000|경기|수원시|서초동|4111000000|인계동|2|40|0|1|1|596|316|316|451|36309|9337.0|4401.0|2940.0|1996.0|8232|4177|2885|2950492.0|1390716.0|929040.0|630736.0|3976359|84295|757372|42032|53|165|36|19|7824403|19862520|3999391|1221829|2.7|15|2.7|80|493|202|7395.0
202405|ADM|27|42110|47110000|서울|성남시|역삼동|2811000000|인계동|1|60|2|2|7|175|397|397|868|18075|43594.0|17360.0|7937.0|18297.0|37657|13192|6774|17306818.0|6891920.0|3150989.0|7263909.0|1268716|2908509|25156|69948|79|191|52|7|9109569|18695785|3685599|847059|6.24|37|3.91|18|269|58|9953.0
202405|CNTY_GU|42|11140|11170000|서울|서초구|인계동|4211000000|역삼1가|2|25|0|1|8|1115|320|320|194|43670|10841.0|7893.0|2246.0|702.0|9774|5934|2144|3469120.0|2525760.0|718720.0|224640.0|4076800|281483|653993|365719|82|184|45|2|7268329|2129106|2921097|359190|4.6|23|4.6|30|401|345|9223.0
202405|CNTY_GU|11|43110|11200000|인천|수원시|서초동|1114000000|인계동|1|60|1|2|4|1279|394|394|996|43061|2862.0|878.0|795.0|1189.0|2144|752|719|1127628.0|345932.0|313230.0|468466.0|2046946|2670255|470085|297737|42|178|112|16|9430473|973161|2667241|1808979|4.29|59|1.11|115|361|140|21299.0
202405|ADM|46|11110|11140000|경기|강남구|서초동|4611000000|역삼1가|2|60|3|1|8|910|22|22|933|15400|17975.0|7161.0|3670.0|7144.0|15847|5860|2963|395450.0|157542.0|80740.0|157168.0|4173434|659586|232164|70256|5|12|2|0|2037745|7729281|1228561|1831410|3.13|1|2.7|150|153|406|153.0
202405|CNTY_GU|27|41150|11110000|대구|강남구|인계동|1120000000|서초1동|1|40|3|2|9|1575|58|58|436|78036|41365.0|32996.0|8227.0|142.0|37077|26170|6126|2399170.0|1913768.0|477166.0|8236.0|65591|2265824|342022|441118|6|28|9|3|8371366|9467069|1796708|1983378|4.25|3|1.82|6|23|143|69.0
202405|CNTY_GU|46|26140|11140000|경기|강남구|서초동|4111000000|서초1동|1|40|3|2|10|65|417|417|111|52095|16867.0|7756.0|3627.0|5484.0|12816|5726|3137|7033539.0|3234252.0|1512459.0|2286828.0|2389385|65283|132350|285967|63|191|95|31|8974014|12777581|3494549|104250|4.69|53|1.69|32|434|88|23002.0
202405|CNTY_GU|44|11110|26110000|서울|성남시|역삼동|4113000000|인계동|1|30|2|1|9|1168|383|383|491|25004|48264.0|29448.0|5396.0|13420.0|37114|25837|4831|18485112.0|11278584.0|2066668.0|5139860.0|882871|798957|603555|206204|46|184|84|4|4294319|15021422|1320553|1105958|2.45|42|3.81|114|228|433|9576.0
202405|CNTY_GU|26|47110|42110000|대구|수원시|인계동|2711000000|인계동|2|45|2|1|2|1179|278|278|667|15195|1422.0|1046.0|215.0|161.0|1117|972|164|395316.0|290788.0|59770.0|44758.0|4082469|501503|741122|138132|74|154|77|7|7501224|14329663|755293|934776|4.22|6|4.58|8|430|289|2580.0
202405|ADM|45|11140|11110000|대구|성남시|인계동|2811000000|서초1동|1|25|1|2|4|361|283|283|259|55204|31442.0|13504.0|10195.0|7743.0|30265|11293|9888|8898086.0|3821632.0|2885185.0|2191269.0|3745564|1588108|593258|404247|69|119|46|27|1766473|6054692|3813173|861386|5.44|28|2.11|106|353|343|9884.0
202405|ADM|41|41110|41150000|인천|수원시|역삼동|4611000000|인계동|2|40|1|2|1|172|287|287|881|17924|13626.0|5763.0|1417.0|6446.0|11381|5565|1357|3910662.0|1653981.0|406679.0|1850002.0|1732617|2312764|87380|14368|60|137|50|21|5341735|13789878|2840697|609638|5.37|27|3.86|162|219|157|5913.0
202405|ADM|43|11170|43110000|대구|강남구|인계동|4511000000|서초1동|1|50|0|2|5|1175|315|315|113|70171|38271.0|18044.0|4359.0|15868.0|30492|17510|4237|12055365.0|5683860.0|1373085.0|4998420.0|4922038|1445327|913714|49240|88|147|62|30|2258348|19039321|3495013|1696841|7.46|39|2.2|131|119|335|4641.0
202405|CNTY_GU|45|45110|46110000|경기|성남시|역삼동|4113000000|서초1동|1|55|3|1|10|1070|477|477|408|74258|2824.0|1758.0|617.0|449.0|2012|1726|581|1347048.0|838566.0|294309.0|214173.0|2723122|2976636|998042|472265|100|240|126|10|5532964|17621305|4323479|1059016|3.62|54|1.19|171|248|251|13392.0
202405|ADM|47|44130|28110000|경기|수원시|역삼동|1114000000|역삼1가|1|50|1|2|7|1533|285|285|639|23213|14656.0|6023.0|5464.0|3169.0|11622|5627|4441|4176960.0|1716555.0|1557240.0|903165.0|1627574|2156960|606025|150588|56|149|33|18|4546795|9882466|1359562|1762316|3.49|22|3.8|84|403|73|8866.0
202405|ADM|41|11170|27110000|경기|수원시|역삼동|4413000000|인계동|2|30|0|1|7|1343|303|303|439|77828|38739.0|29339.0|9986.0|0.0|35957|28196|9207|11737917.0|8889717.0|3025758.0|0.0|2310408|1027704|244214|495798|61|144|88|18|5160081|15419662|1634085|467235|2.15|21|4.64|151|408|474|8568.0
202405|ADM|44|26140|42110000|서울|강남구|인계동|1114000000|서초1동|1|70|2|2|7|873|37|37|553|89336|19244.0|9548.0|3085.0|6611.0|18677|9164|2171|712028.0|353276.0|114145.0|244607.0|836053|2506638|735960|259266|6|20|5|3|7149327|12212628|2098462|763297|7.34|1|4.98|170|317|273|317.0
202405|ADM|41|11170|47110000|경기|서초구|서초동|4311000000|인계동|1|45|1|1|7|793|152|152|935|82531|10118.0|4617.0|2814.0|2687.0|9398|4407|2187|1537936.0|701784.0|427728.0|408424.0|3798337|1373090|64595|363254|24|76|41|0|2226151|11796654|1277315|1042292|4.62|11|1.46|52|129|306|1419.0
202405|ADM|46|11170|11140000|경기|수원시|역삼동|4113000000|인계동|1|70|0|1|4|1380|413|413|246|88523|0.0|0.0|0.0|0.0|0|0|0|0.0|0.0|0.0|0.0|4262004|1558911|32270|122774|68|222|48|39|3172177|560601|818245|1325730|7.51|50|2.69|133|184|45|9200.0
202405|ADM|27|28110|42110000|서울|수원시|서초동|4111000000|서초1동|1|65|1|1|8|1076|413|413|618|34500|0.0|0.0|0.0|0.0|0|0|0|0.0|0.0|0.0|0.0|3947409|1361634|267501|273052|47|220|101|4|6243314|12031257|2664242|1696837|6.86|40|4.52|60|263|353|10520.0
202405|CNTY_GU|46|11140|44130000|대구|성남시|서초동|4113000000|서초1동|1|60|3|1|5|20|167|167|362|98611|35911.0|13163.0|6526.0|16222.0|30972|13060|5081|5997137.0|2198221.0|1089842.0|2709074.0|3951186|495565|204961|421785|44|86|38|5|4298496|11729326|4316180|1726705|2.88|2|3.16|30|90|319|180.0
202405|ADM|43|27110|45110000|인천|서초구|서초동|4211000000|서초1동|2|60|0|1|4|1176|1|1|333|51156|40705.0|20420.0|11342.0|8943.0|31351|17366|8133|40705.0|20420.0|11342.0|8943.0|247659|2065238|724874|121080|0|0|0|0|8225911|2629173|4666267|1640413|4.11|0|2.94|73|0|188|0.0
202405|CNTY_GU|26|47110|45110000|대구|수원시|서초동|1120000000|인계동|1|35|1|1|6|1696|84|84|43|86571|24833.0|10537.0|3860.0|10436.0|19767|7504|2859|2085972.0|885108.0|324240.0|876624.0|1502033|2265494|784616|113906|23|43|16|4|2345970|6800798|334981|1151875|6.44|2|3.37|76|429|269|858.0
202405|PRVNC|11|41130|41110000|대구|성남시|인계동|4113000000|서초1동|2|25|0|1|7|1720|21|21|283|27471|30457.0|10943.0|3877.0|15637.0|30093|9587|3153|639597.0|229803.0|81417.0|328377.0|1535070|1392689|677681|65979|5|9|5|0|3314448|5053717|765209|497270|4.97|2|4.75|122|397|79|794.0
202405|CNTY_GU|43|44130|41150000|서울|수원시|인계동|1111000000|서초1동|2|45|0|2|3|1407|383|383|786|30584|37667.0|29186.0|7244.0|1237.0|33706|24569|7043|14426461.0|11178238.0|2774452.0|473771.0|3241669|948973|844689|155712|73|201|84|7|2864659|3734824|2331015|1160309|5.44|9|4.52|149|248|292|2232.0
202405|PRVNC|26|26110|11200000|대구|수원시|역삼동|4113000000|역삼1가|1|30|2|1|7|746|198|198|914|54857|13287.0|10000.0|1864.0|1423.0|10492|8636|1459|2630826.0|1980000.0|369072.0|281754.0|2471192|2611607|681558|224651|44|112|50|16|5993750|2348815|2020222|645923|2.11|8|3.67|119|435|332|3480.0
202405|ADM|27|47110|26110000|부산|성남시|역삼동|4115000000|역삼1가|1|50|1|2|8|1968|496|496|7|71897|47026.0|17756.0|7353.0|21917.0|43350|12797|5659|23324896.0|8806976.0|3647088.0|10870832.0|2891239|1568089|59981|422312|63|242|88|38|9824808|14700845|3566877|1057399|5.67|11|1.43|12|488|170|5368.0
202405|ADM|11|45110|28110000|대구|강남구|서초동|1117000000|서초1동|2|55|1|2|2|1180|361|361|125|82181|4966.0|2292.0|873.0|1801.0|3491|2119|617|1792726.0|827412.0|315153.0|650161.0|4572302|972335|13819|401149|105|204|61|16|5140239|13383496|3636113|1226670|7.45|8|4.25|23|142|155|1136.0
202405|ADM|47|28110|41110000|경기|성남시|역삼동|4311000000|서초1동|2|30|1|1|8|98|90|90|151|27799|15923.0|6714.0|2284.0|6925.0|15274|5993|1738|1433070.0|604260.0|205560.0|623250.0|2221115|2632591|842809|448902|12|36|15|6|9173227|10688372|4124493|1479878|6.08|3|1.84|8|315|220|945.0
202405|CNTY_GU|46|11140|46110000|부산|강남구|역삼동|4311000000|서초1동|2|55|2|1|9|1746|258|258|918|93505|31036.0|14224.0|6827.0|9985.0|26461|10693|5062|8007288.0|3669792.0|1761366.0|2576130.0|1552826|785800|187489|99108|64|129|65|4|322480|14415695|1728411|1497099|5.34|29|4.65|27|195|227|5655.0
202405|ADM|45|45110|41130000|경기|서초구|인계동|4211000000|역삼1가|1|30|0|2|5|4|7|7|809|74518|513.0|360.0|108.0|45.0|375|290|86|3591.0|2520.0|756.0|315.0|1552466|619535|376911|362685|0|2|1|0|9296402|5191887|2893144|298503|5.18|0|1.75|150|0|13|0.0
202405|CNTY_GU|41|11140|41150000|부산|성남시|역삼동|1111000000|인계동|1|40|0|1|6|819|53|53|382|82260|35310.0|13170.0|7613.0|14527.0|26465|11966|6674|1871430.0|698010.0|403489.0|769931.0|730165|1612753|93636|57024|6|21|14|1|3660574|16797118|3757984|1713008|3.18|5|3.47|131|144|486|720.0
202405|ADM|41|47110|42110000|부산|수원시|서초동|4711000000|인계동|2|20|0|1|3|1114|314|314|93|38265|8311.0|4645.0|2162.0|1504.0|7835|3647|2144|2609654.0|1458530.0|678868.0|472256.0|1975077|233147|986016|488203|45|168|81|15|7204989|6479033|4840324|500117|5.0|41|4.95|165|68|380|2788.0
202405|CNTY_GU|46|41150|11170000|인천|수원시|역삼동|4111000000|인계동|1|25|3|2|7|65|424|424|850|68277|16791.0|5605.0|4437.0|6749.0|13499|5281|4322|7119384.0|2376520.0|1881288.0|2861576.0|2782215|269456|545778|321527|79|236|95|41|3795529|14774929|124409|1884311|7.05|56|2.04|175|12|386|672.0
202405|CNTY_GU|43|41150|11200000|인천|수원시|역삼동|4611000000|인계동|1|30|2|2|4|1800|335|335|864|54838|6441.0|3213.0|2460.0|768.0|5110|2702|2358|2157735.0|1076355.0|824100.0|257280.0|1815612|1570444|570754|344685|87|188|51|20|3040926|1441202|1456018|1493389|7.14|0|3.91|131|0|155|0.0
202405|CNTY_GU|27|11140|11140000|인천|서초구|서초동|4211000000|인계동|2|35|3|1|9|757|103|103|93|30442|39348.0|13890.0|12108.0|13350.0|35756|10155|10493|4052844.0|1430670.0|1247124.0|1375050.0|288775|2502213|830872|129851|26|46|28|2|5301919|17107217|1477975|574846|2.49|5|3.21|107|94|494|470.0
202405|CNTY_GU|44|43110|41130000|인천|강남구|인계동|4413000000|서초1동|2|70|2|2|5|965|470|470|336|65653|8042.0|3878.0|1366.0|2798.0|7792|3043|1155|3779740.0|1822660.0|642020.0|1315060.0|4806277|2776530|202027|426639|88|255|106|13|6292342|12797921|612214|1811227|7.31|27|2.64|39|291|269|7857.0
202405|CNTY_GU|44|41150|41130000|인천|서초구|서초동|4511000000|역삼1가|1|55|0|1|7|443|90|90|522|55004|35266.0|19315.0|5917.0|10034.0|28827|19228|5413|3173940.0|1738350.0|532530.0|903060.0|4775754|2183517|92596|188623|18|46|23|7|1222923|14431714|4000271|117425|2.85|6|3.04|74|81|116|486.0
202405|ADM|43|41130|41110000|서울|성남시|역삼동|2711000000|인계동|1|55|1|1|8|433|200|200|895|44367|3368.0|1969.0|608.0|791.0|3185|1788|443|673600.0|393800.0|121600.0|158200.0|1363493|135447|358105|85121|21|90|43|15|4585477|15559292|3679635|1067392|2.95|27|3.43|67|168|443|4536.0
202405|CNTY_GU|46|26140|11170000|대구|강남구|서초동|1117000000|역삼1가|2|35|0|1|5|473|383|383|564|66941|23015.0|11982.0|3155.0|7878.0|16195|11015|2809|8814745.0|4589106.0|1208365.0|3017274.0|1624443|2885367|355365|91036|109|214|77|12|1407172|11009263|4894682|1817674|3.39|1|1.64|168|473|263|473.0
202405|PRVNC|47|11170|44130000|대구|성남시|인계동|4511000000|역삼1가|1|30|1|1|6|1233|209|209|246|61475|17.0|11.0|3.0|3.0|12|10|2|3553.0|2299.0|627.0|627.0|1699621|1686253|899441|66543|30|123|42|5|6949611|2899961|4190101|736550|5.24|23|4.34|48|24|384|552.0
202405|CNTY_GU|45|46110|41130000|인천|강남구|역삼동|2614000000|역삼1가|2|60|0|2|4|1838|194|194|674|98981|1771.0|1290.0|520.0|0.0|1394|1024|460|343574.0|250260.0|100880.0|0.0|196544|2489547|937255|309722|20|111|20|6|2160280|1130071|2644110|191441|2.39|6|4.01|137|265|428|1590.0
202405|ADM|47|43110|43110000|인천|수원시|서초동|2711000000|역삼1가|1|40|0|2|7|1267|359|359|419|91833|42760.0|33380.0|7575.0|1805.0|31433|29775|5753|15350840.0|11983420.0|2719425.0|647995.0|820610|2261567|47948|381895|105|159|83|21|7360406|17036051|3208498|944528|6.79|32|1.97|31|35|321|1120.0
202405|CNTY_GU|43|47110|44130000|인천|서초구|역삼동|4211000000|서초1동|1|70|1|2|6|1442|433|433|410|92274|11298.0|7101.0|3528.0|669.0|8525|5264|2585|4892034.0|3074733.0|1527624.0|289677.0|3044404|194591|414599|174434|121|222|47|33|2950580|19690598|4727175|1561202|6.87|36|2.42|89|331|184|11916.0
202405|ADM|44|27110|11200000|경기|서초구|역삼동|4211000000|역삼1가|2|40|0|1|3|728|209|209|820|37232|22893.0|9779.0|3681.0|9433.0|22492|9773|2623|4784637.0|2043811.0|769329.0|1971497.0|710949|2914964|416323|435697|54|107|22|18|6314496|16373958|430244|1703760|4.24|6|2.28|99|122|419|732.0
202405|PRVNC|46|47110|11170000|경기|강남구|인계동|4413000000|서초1동|2|25|0|1|2|1302|78|78|814|47425|16423.0|12015.0|6494.0|0.0|16110|10636|5332|1280994.0|937170.0|506532.0|0.0|3593428|2822683|801975|467096|17|36|10|3|657366|10092748|1528945|324605|3.44|0|1.13|37|0|6|0.0
202405|CNTY_GU|43|44130|11200000|인천|강남구|인계동|4611000000|서초1동|2|70|0|1|7|1104|8|8|306|14908|35205.0|12370.0|7268.0|15567.0|29669|8861|5941|281640.0|98960.0|58144.0|124536.0|1683456|382058|366301|348366|1|4|1|0|4548954|7542220|1831303|1283983|2.32|0|4.92|169|0|238|0.0
202405|CNTY_GU|46|44130|41130000|부산|성남시|서초동|4115000000|서초1동|1|65|0|1|4|314|128|128|503|90553|28186.0|13577.0|2905.0|11704.0|27379|12927|2789|3607808.0|1737856.0|371840.0|1498112.0|2099917|917662|273144|470704|30|59|27|11|6912253|13403482|708660|1579748|7.76|2|1.18|26|33|163|66.0
202405|PRVNC|47|44130|42110000|인천|서초구|서초동|4311000000|서초1동|2|35|2|1|1|1|455|455|893|94145|18647.0|6574.0|4651.0|7422.0|17028|5356|4061|8484385.0|2991170.0|2116205.0|3377010.0|1216013|629352|825697|104239|48|265|99|15|7500448|8961128|1044975|725948|2.1|1|3.19|45|140|443|140.0
202405|ADM|11|47110|11140000|경기|수원시|인계동|4115000000|인계동|2|25|0|2|10|271|215|215|750|67841|2623.0|1732.0|738.0|153.0|2529|1226|684|563945.0|372380.0|158670.0|32895.0|4851355|1422869|12915|481680|46|104|32|15|5155662|1371361|233330|1254259|7.67|26|4.83|156|484|233|12584.0
202405|CNTY_GU|44|41110|27110000|부산|수원시|서초동|2811000000|서초1동|1|50|3|1|9|315|305|305|280|14070|48003.0|18726.0|13838.0|15439.0|47565|15485|11308|14640915.0|5711430.0|4220590.0|4708895.0|2693712|52624|371885|47588|42|125|53|6|890441|1777543|2809152|975381|5.45|5|4.54|67|117|453|585.0
202405|ADM|27|44130|26110000|부산|성남시|서초동|4115000000|서초1동|1|65|0|1|5|254|212|212|594|48893|29337.0|22226.0|11236.0|0.0|26503|16114|8713|6219444.0|4711912.0|2382032.0|0.0|3492936|277277|377495|249356|44|113|40|3|4956980|16040700|2343004|1371782|5.78|29|3.31|52|199|441|5771.0
202405|ADM|43|47110|11140000|부산|수원시|인계동|1117000000|역삼1가|2|60|0|2|2|603|281|281|377|12025|4556.0|1913.0|494.0|2149.0|3527|1677|451|1280236.0|537553.0|138814.0|603869.0|3518694|2728181|122256|226911|59|138|57|14|8261510|18889740|817484|694817|6.26|16|2.78|169|365|125|5840.0
202405|ADM|43|46110|11200000|경기|서초구|서초동|2711000000|인계동|2|35|0|2|10|1641|277|277|813|11083|3649.0|2547.0|778.0|324.0|3506|2009|653|1010773.0|705519.0|215506.0|89748.0|1078979|2550297|675774|435821|42|116|27|10|9680932|273008|3069365|763207|3.36|35|2.15|52|41|139|1435.0
202405|ADM|42|45110|11170000|부산|수원시|역삼동|2711000000|역삼1가|1|40|2|1|6|242|252|252|41|54648|6902.0|3079.0|2270.0|1553.0|6662|2420|2015|1739304.0|775908.0|572040.0|391356.0|4582386|2548579|10350|46371|74|145|38|7|894769|12982083|1960184|1108010|5.74|32|1.74|26|210|424|6720.0
202405|CNTY_GU|47|28110|28110000|부산|서초구|역삼동|4111000000|역삼1가|1|30|2|1|3|600|306|306|219|77674|28590.0|12070.0|7749.0|8771.0|24436|10108|6951|8748540.0|3693420.0|2371194.0|2683926.0|1649381|651927|986601|253257|81|144|64|28|9348342|14028934|429369|1533623|6.49|11|3.77|118|105|427|1155.0
202405|ADM|11|43110|26140000|부산|강남구|서초동|2614000000|역삼1가|2|65|1|1|8|750|379|379|823|73395|28795.0|11251.0|3283.0|14261.0|21942|10738|2347|10913305.0|4264129.0|1244257.0|5404919.0|3265547|2226282|319809|377366|66|209|58|24|9158785|16669347|4396348|1328046|7.85|4|4.57|35|248|273|992.0
202405|ADM|46|44130|47110000|부산|성남시|서초동|2811000000|인계동|1|25|1|1|2|927|451|451|724|20435|8966.0|3394.0|2981.0|2591.0|8919|2581|2602|4043666.0|1530694.0|1344431.0|1168541.0|3515804|311124|869370|159945|106|206|99|17|2550578|15501506|1593749|1096056|2.62|14|3.12|46|206|99|2884.0
202405|CNTY_GU|26|27110|41130000|대구|서초구|서초동|4113000000|인계동|1|60|3|1|6|296|397|397|831|60306|11985.0|8532.0|2147.0|1306.0|8901|8428|2039|4758045.0|3387204.0|852359.0|518482.0|1402180|411620|968138|64441|66|235|106|30|6921586|12813777|1097717|1991505|7.34|44|4.47|38|60|497|2640.0
202405|CNTY_GU|42|46110|11110000|부산|서초구|서초동|4611000000|역삼1가|2|40|0|1|3|1418|357|357|623|26470|45493.0|35065.0|12499.0|0.0|43454|25778|11010|16241001.0|12518205.0|4462143.0|0.0|3780858|2498538|817389|124504|52|192|87|17|6450645|19081987|1194280|128815|5.58|33|1.19|125|465|270|15345.0
202405|ADM|27|42110|42110000|서울|서초구|인계동|4311000000|서초1동|2|30|0|2|10|1616|287|287|309|33126|16463.0|7400.0|6169.0|2894.0|13372|5793|5203|4724881.0|2123800.0|1770503.0|830578.0|1166532|971883|683188|216728|52|157|32|1|4596696|9512510|3590095|1020226|6.3|33|1.5|122|427|451|14091.0
202405|CNTY_GU|42|26140|11110000|인천|강남구|인계동|4113000000|역삼1가|1|30|2|1|9|1807|266|266|529|94912|29324.0|21702.0|5199.0|2423.0|21601|20644|4929|7800184.0|5772732.0|1382934.0|644518.0|3354772|590096|303092|183530|77|124|36|14|1927297|7775629|318261|309625|3.82|15|1.86|141|71|369|1065.0
202405|ADM|47|41150|42110000|경기|서초구|역삼동|4311000000|역삼1가|2|65|3|1|10|1191|176|176|729|24080|30701.0|15087.0|8824.0|6790.0|29719|14929|7546|5403376.0|2655312.0|1553024.0|1195040.0|4099468|604274|842227|301673|35|84|19|16|244968|18263765|1755519|549089|7.31|18|2.09|135|181|478|3258.0
202405|CNTY_GU|47|46110|41150000|대구|성남시|인계동|4611000000|인계동|2|25|1|2|2|1142|351|351|968|36591|10524.0|8202.0|3953.0|0.0|10461|6379|3170|3693924.0|2878902.0|1387503.0|0.0|892372|2014087|884294|387953|100|153|52|10|1379807|15042810|2090330|1334732|6.72|47|1.83|118|319|157|14993.0
202405|ADM|26|41130|28110000|경기|수원시|인계동|2711000000|서초1동|1|45|0|1|9|1338|78|78|783|94276|43934.0|25419.0|14562.0|3953.0|41183|22258|10890|3426852.0|1982682.0|1135836.0|308334.0|4599525|1218013|254851|332538|19|31|18|3|1587023|4399099|4481177|6672|2.77|1|3.62|111|431|31|431.0
202405|CNTY_GU|41|27110|27110000|경기|서초구|역삼동|4311000000|인계동|2|40|1|1|10|892|145|145|676|27003|34304.0|16397.0|13515.0|4392.0|30912|14069|10722|4974080.0|2377565.0|1959675.0|636840.0|578079|2398981|100168|270823|43|77|22|5|2647692|3716827|2090259|85541|4.76|12|2.48|128|490|124|5880.0
202405|ADM|41|11140|28110000|대구|성남시|인계동|4211000000|역삼1가|2|20|1|1|9|552|490|490|360|41015|3119.0|1392.0|759.0|968.0|2261|1335|607|1528310.0|682080.0|371910.0|474320.0|4428659|1857839|107689|232993|120|201|128|29|7100561|10754802|242215|1895306|3.64|7|1.01|10|463|236|3241.0
202405|CNTY_GU|46|26110|42110000|경기|강남구|인계동|2614000000|서초1동|1|30|0|1|5|1999|138|138|713|73055|10395.0|3828.0|3226.0|3341.0|8487|2854|2643|1434510.0|528264.0|445188.0|461058.0|4386082|2745312|600987|121278|17|79|37|13|5166491|4372224|771987|1954352|7.27|19|1.07|148|499|319|9481.0
202405|CNTY_GU|26|44130|26110000|부산|서초구|인계동|4611000000|서초1동|2|40|0|1|2|1846|368|368|628|19782|0.0|0.0|0.0|0.0|0|0|0|0.0|0.0|0.0|0.0|3999361|1048070|268127|463478|54|159|53|35|970744|16740768|2366866|1796770|4.33|14|4.04|55|231|411|3234.0
202405|CNTY_GU|26|45110|41110000|인천|강남구|인계동|2614000000|서초1동|1|40|1|2|6|1168|289|289|406|72558|20737.0|7877.0|7254.0|5606.0|17734|6568|6668|5992993.0|2276453.0|2096406.0|1620134.0|1882311|2442769|47326|450875|69|170|67|28|5013570|8619882|1814480|1329295|6.03|5|4.96|39|96|239|480.0
202405|ADM|11|11170|47110000|서울|성남시|역삼동|4115000000|인계동|1|55|1|1|10|1010|5|5|615|63399|4561.0|2879.0|892.0|790.0|3820|2810|684|22805.0|14395.0|4460.0|3950.0|4828947|341168|580937|208244|0|2|1|0|653163|4002197|3441716|484952|6.3|0|2.11|74|0|14|0.0
202405|ADM|26|44130|11140000|서울|수원시|역삼동|4511000000|서초1동|1|65|0|1|4|705|1|1|607|13221|35099.0|19598.0|3591.0|11910.0|25767|14610|3291|35099.0|19598.0|3591.0|11910.0|3019988|877472|384784|453914|0|0|0|0|9704161|3509530|3813577|85231|2.45|0|3.77|81|0|65|0.0
202405|ADM|26|26110|45110000|대구|강남구|인계동|4711000000|서초1동|2|65|0|1|4|429|311|311|316|18277|35319.0|17946.0|8137.0|9236.0|26864|13230|6213|10984209.0|5581206.0|2530607.0|2872396.0|1219571|1375339|820731|252577|78|142|48|22|6136522|18273786|470403|353112|4.65|15|1.6|20|169|363|2535.0
202405|ADM|45|41150|28110000|인천|강남구|서초동|2711000000|서초1동|1|40|2|1|9|1025|385|385|433|41869|36908.0|20973.0|4756.0|11179.0|35981|19876|4703|14209580.0|8074605.0|1831060.0|4303915.0|1642863|1962729|225618|291170|65|215|65|3|9252675|17589354|1115436|1912292|7.74|21|4.48|65|85|212|1785.0
202405|ADM|27|11200|26140000|인천|수원시|서초동|1120000000|서초1동|2|65|0|2|2|1272|15|15|252|58090|25071.0|12994.0|8206.0|3871.0|21894|11374|7027|376065.0|194910.0|123090.0|58065.0|375091|2795087|581165|5237|2|7|1|0|5693847|8718569|311702|400574|5.19|0|1.44|33|0|453|0.0
202405|ADM|47|27110|41130000|서울|강남구|인계동|4311000000|서초1동|1|70|3|2|3|449|491|491|689|70269|46609.0|17923.0|14880.0|13806.0|39884|17168|12209|22885019.0|8800193.0|7306080.0|6778746.0|1813013|1615731|311225|472972|54|271|129|21|1146351|16002006|3110176|697283|2.43|32|1.67|77|129|259|4128.0
202405|ADM|43|28110|11140000|서울|강남구|인계동|4511000000|서초1동|1|70|3|1|8|1600|70|70|209|71922|45699.0|18356.0|8076.0|19267.0|36523|13256|6623|3198930.0|1284920.0|565320.0|1348690.0|3300343|1880037|824080|377267|18|31|8|1|7377988|12707128|4870114|1394606|6.93|4|3.29|90|284|329|1136.0
202405|ADM|46|46110|11140000|경기|강남구|역삼동|2611000000|인계동|2|50|1|2|3|1418|74|74|570|19822|6437.0|4841.0|808.0|788.0|5994|3530|696|476338.0|358234.0|59792.0|58312.0|2591448|611240|987763|473058|16|42|19|2|861663|6969001|1087493|1130580|5.59|1|4.37|104|27|26|27.0
202405|CNTY_GU|11|47110|27110000|대구|성남시|서초동|4611000000|인계동|1|60|2|2|1|1793|290|290|302|76766|40369.0|29188.0|7733.0|3448.0|34112|24409|7047|11707010.0|8464520.0|2242570.0|999920.0|760611|1103474|174014|471737|72|122|74|13|8468847|5028378|1240807|139872|4.61|11|2.17|144|456|168|5016.0
202405|ADM|44|11110|11110000|서울|성남시|역삼동|1114000000|서초1동|2|30|1|1|10|278|407|407|878|83091|40466.0|31188.0|10828.0|0.0|29824|27259|8428|16469662.0|12693516.0|4406996.0|0.0|1577164|143705|445672|251195|61|167|97|31|3405202|18878129|4696785|773637|4.15|8|3.89|106|333|85|2664.0
202405|CNTY_GU|11|41150|28110000|부산|수원시|서초동|4711000000|인계동|2|45|3|1|6|1983|409|409|614|81988|5832.0|4161.0|950.0|721.0|4257|3774|878|2385288.0|1701849.0|388550.0|294889.0|4549810|2262952|192184|362958|70|182|121|15|9833459|6420750|2039967|819753|5.92|54|2.76|57|139|328|7506.0
202405|CNTY_GU|43|41150|11200000|부산|서초구|역삼동|1120000000|서초1동|1|25|0|1|5|14|64|64|303|48888|12389.0|6863.0|2155.0|3371.0|8777|6222|1687|792896.0|439232.0|137920.0|215744.0|1141924|1170114|232351|5677|12|28|14|5|3577495|18482770|4314041|1791627|6.51|2|1.93|13|70|498|140.0
202405|CNTY_GU|44|11140|27110000|부산|강남구|서초동|4511000000|인계동|2|30|3|1|7|1672|320|320|786|14933|11357.0|5900.0|2594.0|2863.0|9875|4814|2367|3634240.0|1888000.0|830080.0|916160.0|827235|2116284|685373|99671|46|130|61|21|9674092|1952581|1420548|327777|5.14|10|4.2|95|433|188|4330.0
202405|ADM|27|27110|28110000|부산|성남시|역삼동|1114000000|서초1동|2|55|2|1|6|183|278|278|208|74450|37977.0|26602.0|7400.0|3975.0|32311|25960|5296|10557606.0|7395356.0|2057200.0|1105050.0|259581|933616|651243|171521|57|135|59|20|366374|1234825|1121924|257486|6.05|40|3.6|138|212|381|8480.0
202405|ADM|43|26140|26110000|서울|서초구|서초동|2614000000|역삼1가|1|40|0|2|3|253|329|329|233|47738|32077.0|15623.0|5515.0|10939.0|25298|15244|4683|10553333.0|5139967.0|1814435.0|3598931.0|3169055|1564475|99119|386672|60|147|49|31|6269628|15089028|4999835|1504496|6.59|0|1.92|69|0|344|0.0
202405|PRVNC|45|44130|42110000|인천|수원시|인계동|4611000000|역삼1가|1|30|2|2|6|1427|64|64|839|78326|22466.0|13419.0|3676.0|5371.0|15875|10883|2808|1437824.0|858816.0|235264.0|343744.0|1944079|2475647|891019|107739|12|27|17|2|3205774|12149395|483135|417455|6.16|6|4.06|11|304|311|1824.0
202405|ADM|42|28110|46110000|서울|수원시|인계동|4115000000|인계동|2|45|1|2|6|1857|358|358|905|73061|21055.0|8979.0|3363.0|8713.0|18776|7496|3145|7537690.0|3214482.0|1203954.0|3119254.0|4329328|397203|120816|3923|52|199|57|4|7252057|4245150|139165|1219938|7.87|1|2.3|56|465|352|465.0
202405|CNTY_GU|27|45110|11170000|대구|수원시|역삼동|1114000000|역삼1가|2|60|2|2|3|894|351|351|581|12189|29744.0|16108.0|8888.0|4748.0|25306|11964|6356|10440144.0|5653908.0|3119688.0|1666548.0|4652755|2067064|721672|247566|91|192|79|24|6516677|4282414|108833|730015|4.74|42|1.45|57|71|103|2982.0
202405|CNTY_GU|47|45110|11170000|서울|수원시|서초동|4311000000|인계동|2|65|1|1|6|1472|256|256|192|35775|22821.0|14629.0|6064.0|2128.0|18936|12826|5112|5842176.0|3745024.0|1552384.0|544768.0|2834031|1452796|94165|257222|32|115|75|4|1550118|2395358|1287267|1623693|7.65|37|1.03|51|253|314|9361.0
202405|CNTY_GU|11|11140|47110000|인천|성남시|인계동|4311000000|인계동|1|70|0|1|2|1069|229|229|754|74625|12072.0|6030.0|3784.0|2258.0|11584|5420|3720|2764488.0|1380870.0|866536.0|517082.0|1997566|2110103|729485|467359|51|98|42|18|2574556|3229959|4880015|1846251|5.17|32|3.89|169|289|347|9248.0
202405|ADM|47|42110|11200000|인천|서초구|역삼동|4413000000|역삼1가|2|40|2|1|7|1055|358|358|95|36424|44713.0|25324.0|15612.0|3777.0|41395|20866|13417|16007254.0|9065992.0|5589096.0|1352166.0|4989055|2112108|135797|398844|71|149|43|8|8177641|14979139|2713469|1348686|7.88|44|1.42|126|53|445|2332.0
202405|ADM|42|11170|47110000|서울|수원시|역삼동|4211000000|역삼1가|2|20|0|2|3|1463|464|464|520|83283|28325.0|21912.0|3439.0|2974.0|26359|17380|2724|13142800.0|10167168.0|1595696.0|1379936.0|3554642|29022|199626|43302|49|264|125|29|9922127|12591764|3847437|1803248|2.09|10|3.56|178|44|289|440.0
202405|CNTY_GU|41|26140|45110000|경기|서초구|서초동|1120000000|서초1동|2|35|0|1|9|1320|457|457|187|23469|22507.0|16559.0|6089.0|0.0|17455|14736|5752|10285699.0|7567463.0|2782673.0|0.0|4185125|1886568|448400|122557|75|268|76|0|6123798|1607090|764848|619784|4.99|61|3.97|87|361|111|22021.0
202405|ADM|11|26110|47110000|부산|수원시|역삼동|2711000000|역삼1가|1|60|0|1|2|1340|484|484|867|30383|36648.0|21721.0|5738.0|9189.0|30949|18866|5254|17737632.0|10512964.0|2777192.0|4447476.0|1305130|434523|554060|446411|78|207|49|22|2914510|12966150|3647810|844767|5.4|14|4.38|168|233|224|3262.0
202405|ADM|42|41150|41150000|인천|성남시|인계동|4711000000|서초1동|2|40|0|2|3|203|427|427|1|10293|22152.0|16729.0|7817.0|0.0|20021|13132|5474|9458904.0|7143283.0|3337859.0|0.0|4115363|930934|277762|85093|80|223|119|33|5885633|9068991|982352|1919734|6.53|51|2.23|64|368|448|18768.0
202405|ADM|47|27110|11200000|부산|강남구|역삼동|4711000000|역삼1가|2|55|1|1|6|1788|206|206|419|30432|34275.0|19798.0|7775.0|6702.0|25833|15421|5513|7060650.0|4078388.0|1601650.0|1380612.0|656512|2457066|920898|442949|49|95|49|14|9277791|5655865|1312525|1212272|4.06|29|3.5|177|485|151|14065.0
202405|PRVNC|41|11200|11170000|서울|수원시|인계동|2811000000|인계동|2|55|0|2|7|413|321|321|433|76445|3043.0|1195.0|563.0|1285.0|2510|1050|417|976803.0|383595.0|180723.0|412485.0|1626091|1157545|334898|425412|78|185|96|26|689684|279120|1406862|1105914|4.96|19|4.26|177|148|281|2812.0
202405|ADM|46|11200|11200000|대구|서초구|인계동|2811000000|인계동|1|25|0|2|3|1175|125|125|730|43719|18529.0|7074.0|6120.0|5335.0|15962|5797|4944|2316125.0|884250.0|765000.0|666875.0|3331257|2850555|500121|212122|17|65|22|11|4673949|17016870|2843601|233144|2.72|1|2.05|18|289|129|289.0
202405|ADM|47|42110|41130000|부산|성남시|역삼동|4711000000|인계동|1|45|0|1|10|1590|364|364|258|36216|38746.0|21284.0|14165.0|3297.0|27823|16057|11033|14103544.0|7747376.0|5156060.0|1200108.0|342382|2479927|763415|226762|77|158|76|12|1241822|16921422|1810321|164186|7.03|33|4.81|73|12|296|396.0
202405|CNTY_GU|41|47110|11140000|서울|수원시|역삼동|1111000000|역삼1가|1|40|3|1|1|1177|20|20|758|49326|32278.0|24514.0|11592.0|0.0|25944|17178|8353|645560.0|490280.0|231840.0|0.0|3713890|942746|361562|233563|3|8|2|0|1785798|1109697|469820|1578907|3.92|2|1.8|17|294|52|588.0
202405|CNTY_GU|41|47110|44130000|대구|강남구|인계동|1120000000|인계동|2|40|0|1|3|524|494|494|805|82901|24225.0|9260.0|9532.0|5433.0|22459|7575|7778|11967150.0|4574440.0|4708808.0|2683902.0|4155865|2653470|277454|233508|79|246|62|28|2072181|9986629|2272297|1241038|3.55|47|4.08|92|231|8|10857.0
202405|PRVNC|41|11200|41150000|서울|서초구|역삼동|4511000000|서초1동|2|65|0|2|2|800|483|483|914|94284|34274.0|24568.0|10802.0|0.0|26018|17536|7896|16554342.0|11866344.0|5217366.0|0.0|4642453|1369881|745577|183523|84|282|53|15|2017756|7599322|722142|120217|5.65|15|1.35|38|437|311|6555.0
202405|CNTY_GU|42|44130|43110000|서울|성남시|서초동|4311000000|역삼1가|2|55|3|1|5|1262|305|305|207|30108|40223.0|15564.0|6386.0|18273.0|39762|12169|5819|12268015.0|4747020.0|1947730.0|5573265.0|4629446|1538945|959538|158805|35|155|63|13|2135887|2095886|1114054|1887362|3.19|11|4.88|51|314|30|3454.0
202405|CNTY_GU|47|43110|28110000|서울|수원시|서초동|4115000000|인계동|2|55|3|2|7|1282|201|201|974|87713|8903.0|5048.0|3326.0|529.0|6766|4759|2930|1789503.0|1014648.0|668526.0|106329.0|486769|194767|991756|299190|31|91|59|8|5278277|11437427|3794396|1524790|5.39|25|3.7|40|165|381|4125.0
202405|ADM|47|43110|47110000|서울|성남시|인계동|4113000000|서초1동|1|40|1|2|10|524|418|418|840|86281|49243.0|35519.0|8477.0|5247.0|36501|30703|6915|20583574.0|14846942.0|3543386.0|2193246.0|187815|256327|74138|423760|69|249|69|15|5345497|8305326|2789555|1934977|6.6|16|4.5|147|449|497|7184.0
202405|CNTY_GU|44|43110|26110000|부산|서초구|역삼동|4511000000|역삼1가|1|35|2|1|2|1761|452|452|703|74855|32058.0|18110.0|6453.0|7495.0|30657|15955|5110|14490216.0|8185720.0|2916756.0|3387740.0|4579428|496608|95575|273740|66|187|52|1|3057378|19476887|189151|377857|7.07|65|3.51|129|58|255|3770.0
202405|PRVNC|45|41110|42110000|부산|강남구|역삼동|2614000000|역삼1가|1|30|2|1|7|1607|136|136|749|89774|33853.0|19414.0|4110.0|10329.0|24240|16304|3186|4604008.0|2640304.0|558960.0|1404744.0|4291432|1190243|435038|494431|30|71|18|7|7958789|14831699|4203145|1743879|4.84|15|2.84|74|47|457|705.0
202405|CNTY_GU|47|43110|45110000|대구|수원시|인계동|4413000000|역삼1가|2|20|1|2|9|1499|458|458|913|61427|11951.0|4210.0|3677.0|4064.0|11450|2964|2708|5473558.0|1928180.0|1684066.0|1861312.0|3579075|1204073|866303|471098|75|213|111|16|635507|3615969|225590|684091|2.37|56|2.64|47|30|288|1680.0
202405|ADM|26|41110|11110000|서울|강남구|서초동|2611000000|서초1동|2|65|1|1|4|288|169|169|967|91357|19360.0|8401.0|4980.0|5979.0|15827|6408|3960|3271840.0|1419769.0|841620.0|1010451.0|1575316|1744001|757668|424014|35|96|38|16|3873144|1195064|4108447|665381|2.81|11|1.2|170|20|147|220.0
202405|PRVNC|45|42110|44130000|인천|강남구|서초동|4211000000|역삼1가|2|30|1|1|5|298|40|40|159|59730|20693.0|13397.0|8161.0|0.0|19554|13299|5886|827720.0|535880.0|326440.0|0.0|2984282|1277764|174610|146560|4|19|4|3|6509447|19790756|4191147|972986|4.55|5|1.03|167|210|161|1050.0
202405|ADM|46|43110|45110000|대구|성남시|인계동|1111000000|인계동|1|40|2|2|8|1808|254|254|405|80374|18007.0|14373.0|1825.0|1809.0|17018|11422|1542|4573778.0|3650742.0|463550.0|459486.0|4024849|11223|749548|202201|29|104|47|21|5864724|11390126|1264156|1939901|2.29|2|4.37|69|96|492|192.0
202405|ADM|44|47110|26140000|경기|서초구|역삼동|2811000000|역삼1가|1|40|0|2|4|257|39|39|906|36969|25079.0|16244.0|9165.0|0.0|21867|12359|9048|978081.0|633516.0|357435.0|0.0|4565428|237994|952978|428371|8|18|4|3|7389117|8169320|3335295|1899437|3.53|5|3.18|26|321|252|1605.0
202405|ADM|43|42110|46110000|서울|강남구|역삼동|4113000000|인계동|2|35|0|2|2|1992|226|226|514|16048|45183.0|31963.0|10165.0|3055.0|32474|29692|9601|10211358.0|7223638.0|2297290.0|690430.0|1029991|1158879|365241|6577|37|125|37|2|3038157|10056411|711480|1834945|5.32|3|1.96|11|166|406|498.0
202405|CNTY_GU|47|45110|27110000|부산|성남시|인계동|4113000000|서초1동|1|55|0|2|1|401|300|300|761|47046|9518.0|4201.0|2842.0|2475.0|8083|3019|2793|2855400.0|1260300.0|852600.0|742500.0|4770442|1643684|571799|363141|85|130|76|22|4906757|8487782|927879|1853461|3.85|29|2.77|166|419|439|12151.0
202405|CNTY_GU|42|45110|42110000|인천|강남구|인계동|1120000000|서초1동|1|60|0|1|6|117|67|67|514|37718|34162.0|14895.0|9444.0|9823.0|24596|13596|7378|2288854.0|997965.0|632748.0|658141.0|2352483|1769444|383578|325922|19|37|7|3|6181482|16319926|3917448|260860|5.7|3|4.41|74|230|259|690.0
202405|PRVNC|45|26140|26140000|대구|수원시|역삼동|2611000000|인계동|2|35|0|1|2|1954|223|223|30|27016|31938.0|14408.0|3512.0|14018.0|22913|10250|2898|7122174.0|3212984.0|783176.0|3126014.0|2350891|2734569|301590|289371|57|112|47|7|2803631|4524479|4774212|427512|3.42|29|4.46|20|352|384|10208.0
202405|CNTY_GU|47|42110|47110000|대구|성남시|서초동|4413000000|인계동|1|40|1|1|4|1164|480|480|326|59275|1445.0|1071.0|263.0|111.0|1313|1018|241|693600.0|514080.0|126240.0|53280.0|287619|1147562|376818|15183|108|210|66|13|2365629|12022479|780898|159040|4.73|9|2.41|105|88|212|792.0
202405|PRVNC|43|11140|11110000|대구|성남시|역삼동|1120000000|인계동|2|25|0|1|8|1820|2|2|250|89800|15792.0|6862.0|3624.0|5306.0|12843|6588|2899|31584.0|13724.0|7248.0|10612.0|908922|1596948|774063|398935|0|1|0|0|7908895|16257161|4214764|1140132|6.76|0|2.38|118|0|54|0.0
202405|ADM|46|11140|45110000|인천|서초구|서초동|1117000000|서초1동|2|40|1|1|9|297|151|151|55|65567|21731.0|14914.0|4250.0|2567.0|15565|12285|3139|3281381.0|2252014.0|641750.0|387617.0|3189180|110293|771165|305563|35|67|20|10|9279104|7658324|3759481|485785|5.99|3|4.72|168|207|242|621.0
202405|ADM|45|42110|47110000|인천|수원시|역삼동|4311000000|인계동|2|55|0|2|8|37|259|259|963|30314|8307.0|3743.0|909.0|3655.0|6869|3410|775|2151513.0|969437.0|235431.0|946645.0|3836625|1495178|29561|61535|63|123|73|2|8927703|9775693|1123499|1951148|7.48|21|4.83|165|193|219|4053.0
202405|ADM|41|41150|41130000|경기|수원시|서초동|2614000000|서초1동|2|45|0|1|9|1536|236|236|186|55713|8973.0|3670.0|2248.0|3055.0|8414|2835|2219|2117628.0|866120.0|530528.0|720980.0|293384|580016|300371|86152|67|139|66|6|3883510|10019662|2137454|265257|6.47|25|3.44|35|280|78|7000.0
202405|CNTY_GU|46|42110|42110000|서울|성남시|인계동|4211000000|서초1동|1|70|1|1|6|1351|118|118|818|53644|10686.0|8298.0|1995.0|393.0|10529|7549|1856|1260948.0|979164.0|235410.0|46374.0|1364490|2472987|597760|38987|32|70|32|9|7043472|9684171|2459889|1258838|3.81|7|1.47|174|296|290|2072.0
202405|ADM|41|11170|11140000|대구|성남시|서초동|2811000000|역삼1가|1|65|2|1|3|595|303|303|233|57884|7639.0|5747.0|2684.0|0.0|6005|4387|2118|2314617.0|1741341.0|813252.0|0.0|2163649|1365068|145830|140148|76|150|45|3|4335296|14817324|4819100|1674013|3.12|42|3.68|90|290|152|12180.0
202405|ADM|26|11200|11110000|서울|강남구|인계동|4115000000|역삼1가|2|30|2|2|1|946|360|360|479|71855|10906.0|6279.0|1314.0|3313.0|10281|6073|1036|3926160.0|2260440.0|473040.0|1192680.0|4333296|2695783|234512|237296|84|163|37|10|8715510|2155545|710033|1788099|3.29|38|1.98|17|12|67|456.0
202405|PRVNC|41|46110|42110000|서울|성남시|역삼동|4311000000|역삼1가|2|45|3|1|10|1872|109|109|488|15929|34431.0|14883.0|11973.0|7575.0|30667|13550|8503|3752979.0|1622247.0|1305057.0|825675.0|3203831|327437|44267|241499|26|47|15|3|3961660|1963417|2398642|557956|7.61|0|4.8|67|0|2|0.0
202405|ADM|27|11170|44130000|인천|강남구|역삼동|2811000000|서초1동|1|40|0|1|7|661|134|134|194|92255|10231.0|3728.0|3498.0|3005.0|7183|3346|3166|1370954.0|499552.0|468732.0|402670.0|3392271|1752978|396988|83050|31|60|28|1|1269280|3358807|227788|166197|7.83|6|2.98|37|486|111|2916.0
202405|ADM|43|27110|41150000|경기|수원시|인계동|1114000000|역삼1가|1|50|0|1|10|770|432|432|762|55306|10697.0|5150.0|1813.0|3734.0|9352|4366|1289|4621104.0|2224800.0|783216.0|1613088.0|1333998|1585141|768692|163863|124|177|103|41|9182661|10160361|4607497|333855|3.83|26|2.17|71|409|460|10634.0
202405|CNTY_GU|47|11170|42110000|서울|강남구|인계동|4311000000|역삼1가|1|60|2|1|2|1021|40|40|225|69350|9626.0|5417.0|2465.0|1744.0|6956|5277|2090|385040.0|216680.0|98600.0|69760.0|2292478|1513763|51669|57850|11|21|8|2|123873|1021839|910847|1809598|4.67|4|1.95|157|476|149|1904.0
202405|PRVNC|26|46110|11110000|부산|수원시|인계동|2611000000|역삼1가|2|50|2|1|7|1810|94|94|717|30360|20283.0|10143.0|3968.0|6172.0|19415|8289|3804|1906602.0|953442.0|372992.0|580168.0|3089284|831839|360463|218254|25|52|10|9|2221050|9083079|4966262|1649247|4.31|5|1.96|83|428|120|2140.0
202405|CNTY_GU|41|43110|45110000|대구|서초구|서초동|4115000000|역삼1가|1|45|1|1|10|1512|41|41|689|13953|38183.0|23819.0|5066.0|9298.0|31981|20951|4491|1565503.0|976579.0|207706.0|381218.0|789744|538304|338862|107227|4|16|11|3|9584983|12564066|2395531|1151337|5.56|1|4.96|174|51|480|51.0
202405|CNTY_GU|42|41130|27110000|경기|성남시|인계동|4413000000|인계동|1|25|0|1|7|413|231|231|347|44436|5610.0|1987.0|1151.0|2472.0|5279|1731|1006|1295910.0|458997.0|265881.0|571032.0|1459970|835928|21917|181314|68|135|37|6|6032323|4609699|581533|1816183|2.04|23|1.12|50|35|483|805.0
202405|CNTY_GU|26|44130|27110000|대구|강남구|서초동|4113000000|역삼1가|1|60|3|2|7|378|112|112|294|89612|22334.0|7566.0|7571.0|7197.0|21138|6737|5604|2501408.0|847392.0|847952.0|806064.0|4914103|808669|135979|457640|18|48|33|5|6248233|863493|2050779|759408|7.32|14|2.96|79|176|23|2464.0
202405|ADM|11|11110|41150000|경기|강남구|역삼동|4611000000|역삼1가|2|55|3|1|9|82|355|355|668|31721|3005.0|1788.0|365.0|852.0|2469|1514|266|1066775.0|634740.0|129575.0|302460.0|776344|1544791|637062|202379|85|198|74|19|9647304|3192027|523979|1377822|3.08|34|1.1|91|158|126|5372.0
202405|ADM|41|26110|45110000|서울|성남시|역삼동|2811000000|역삼1가|1|70|1|1|3|365|42|42|810|79501|22996.0|9128.0|5787.0|8081.0|17863|6798|4942|965832.0|383376.0|243054.0|339402.0|838007|2139520|15932|453579|4|18|8|1|2404702|18687003|2505565|1943753|2.98|2|4.92|146|43|339|86.0
202405|ADM|47|27110|41130000|부산|서초구|인계동|1111000000|서초1동|2|45|0|2|4|1449|410|410|63|49583|24917.0|12743.0|2764.0|9410.0|19805|9945|2734|10215970.0|5224630.0|1133240.0|3858100.0|4094473|292672|741854|385220|89|198|97|34|9589004|9013739|4729409|123900|6.12|36|2.33|38|439|117|15804.0
202405|ADM|42|44130|46110000|인천|성남시|역삼동|4115000000|인계동|2|45|0|1|5|709|494|494|862|87513|25172.0|9820.0|4032.0|11320.0|18600|7863|3224|12434968.0|4851080.0|1991808.0|5592080.0|3346916|2732997|51077|345011|128|266|52|3|256626|12962457|3700552|1324458|2.16|0|1.59|115|0|113|0.0
202405|CNTY_GU|11|11110|41130000|인천|강남구|역삼동|2711000000|서초1동|2|25|3|1|10|1037|83|83|38|28857|14324.0|9657.0|2462.0|2205.0|11815|8249|2040|1188892.0|801531.0|204346.0|183015.0|649663|2919478|900536|379488|13|46|20|1|72837|1161992|1184293|1611700|5.47|9|1.58|119|77|410|693.0
202405|PRVNC|11|11170|41150000|경기|성남시|서초동|4711000000|역삼1가|2|50|0|1|4|1619|375|375|588|56052|28076.0|21766.0|3967.0|2343.0|24791|16248|3190|10528500.0|8162250.0|1487625.0|878625.0|1354714|356246|330358|194945|78|172|51|15|6357122|5541594|3923480|1946078|4.0|32|3.69|43|88|417|2816.0
202405|CNTY_GU|43|27110|11140000|경기|강남구|인계동|4711000000|역삼1가|2|55|0|1|7|1015|287|287|600|93248|23595.0|14437.0|4814.0|4344.0|22840|10380|3756|6771765.0|4143419.0|1381618.0|1246728.0|2500123|2698259|690923|59102|44|138|84|15|8259062|1458447|4206286|1532391|3.05|19|4.31|132|253|135|4807.0
202405|CNTY_GU|43|46110|45110000|경기|수원시|서초동|4115000000|인계동|1|30|3|1|8|709|99|99|635|89736|4949.0|3003.0|1699.0|247.0|4425|2363|1277|489951.0|297297.0|168201.0|24453.0|301837|1583512|822644|390848|21|45|21|0|1888234|11285451|2392933|1942608|6.6|3|3.44|129|286|249|858.0
202405|ADM|41|26110|41130000|인천|강남구|인계동|4111000000|역삼1가|2|55|1|1|7|1985|470|470|891|17203|33100.0|19742.0|12952.0|406.0|27619|18590|11348|15557000.0|9278740.0|6087440.0|190820.0|4028506|2373257|821268|157004|105|242|60|36|97573|5652524|2731155|513595|5.31|46|3.57|99|267|145|12282.0
202405|CNTY_GU|26|44130|11170000|인천|강남구|서초동|4115000000|인계동|2|25|2|1|4|1398|441|441|769|23307|31870.0|12519.0|3644.0|15707.0|24433|11544|2587|14054670.0|5520879.0|1607004.0|6926787.0|1323387|934729|736326|489619|46|188|98|38|5659542|11381173|4411449|1302718|5.74|21|3.54|118|14|429|294.0
202405|ADM|26|26110|11170000|대구|성남시|인계동|4311000000|서초1동|2|55|1|1|9|1567|44|44|507|90172|36997.0|23321.0|8976.0|4700.0|30854|19090|7578|1627868.0|1026124.0|394944.0|206800.0|2708888|710314|551135|22027|8|20|5|1|8017642|4380471|2103337|1651854|3.24|3|3.97|95|247|203|741.0
202405|CNTY_GU|27|28110|27110000|부산|강남구|역삼동|4413000000|역삼1가|2|40|1|1|8|1317|139|139|770|93878|1277.0|531.0|439.0|307.0|1227|388|355|177503.0|73809.0|61021.0|42673.0|4171225|391084|502145|390160|21|79|39|7|3694388|1851820|3375890|1701452|3.34|5|3.25|64|193|327|965.0
202405|CNTY_GU|11|47110|26110000|부산|서초구|서초동|1120000000|역삼1가|2|50|0|1|10|1618|141|141|498|80903|15844.0|12123.0|2880.0|841.0|12430|12043|2179|2234004.0|1709343.0|406080.0|118581.0|3744777|2862479|496124|262353|23|73|17|3|452723|6020206|4175351|1134295|2.95|0|4.35|14|0|310|0.0
202405|ADM|47|11200|41130000|대구|수원시|역삼동|2611000000|서초1동|2|25|0|1|4|1147|223|223|408|27902|44762.0|20309.0|17557.0|6896.0|39535|18380|15192|9981926.0|4528907.0|3915211.0|1537808.0|4809767|2946541|606976|461303|48|131|39|7|6381051|14512457|4610493|384664|4.15|7|3.35|14|265|492|1855.0
202405|ADM|42|11110|45110000|대구|서초구|인계동|4711000000|역삼1가|1|25|1|2|6|1275|310|310|834|32420|15554.0|12319.0|3592.0|0.0|13712|10587|2973|4821740.0|3818890.0|1113520.0|0.0|669611|2608518|702170|274088|85|135|43|29|8955138|13308051|4319031|1892007|7.64|35|1.61|80|404|174|14140.0
202405|CNTY_GU|42|11140|41130000|인천|성남시|서초동|4611000000|인계동|1|50|3|2|7|58|189|189|462|19491|41159.0|19825.0|12025.0|9309.0|36403|15834|8503|7779051.0|3746925.0|2272725.0|1759401.0|2581097|1080464|731345|411453|22|110|50|3|1720929|13710402|1128443|577058|7.09|10|4.54|147|90|346|900.0
202405|PRVNC|41|26140|11170000|서울|수원시|서초동|4711000000|인계동|2|25|1|1|2|1560|329|329|605|79732|4542.0|2246.0|1384.0|912.0|3754|2152|1214|1494318.0|738934.0|455336.0|300048.0|4449504|2699731|196308|92411|53|176|69|26|1763336|539981|16870|417926|4.17|23|1.45|15|229|174|5267.0
202405|CNTY_GU|45|26110|11200000|인천|수원시|인계동|4611000000|인계동|1|25|0|1|10|886|258|258|807|77746|20186.0|9735.0|4244.0|6207.0|19474|7693|3348|5207988.0|2511630.0|1094952.0|1601406.0|155477|1596991|959951|35294|41|151|32|21|3626419|15854151|4617764|1288883|6.4|13|4.77|130|41|174|533.0
202405|ADM|26|43110|11140000|서울|성남시|서초동|1111000000|인계동|2|55|0|1|6|709|462|462|908|64401|5596.0|3221.0|851.0|1524.0|5187|3121|742|2585352.0|1488102.0|393162.0|704088.0|2106758|1726251|687673|176433|129|227|74|35|4767993|15248607|566943|1872258|5.8|37|2.38|51|455|483|16835.0
202405|CNTY_GU|46|11170|43110000|서울|서초구|인계동|4413000000|서초1동|2|40|0|2|9|1536|41|41|370|93898|33269.0|19434.0|4886.0|8949.0|29144|17374|4607|1364029.0|796794.0|200326.0|366909.0|3898515|2318882|644978|380296|12|16|4|2|3377012|17235955|4829124|1312845|5.75|2|4.57|60|425|42|850.0
202405|ADM|27|45110|41150000|인천|강남구|서초동|4111000000|역삼1가|1|45|2|1|3|341|50|50|61|70195|41864.0|20061.0|16251.0|5552.0|32791|15327|11694|2093200.0|1003050.0|812550.0|277600.0|3906696|1004369|533451|237803|10|25|5|1|3724045|6846604|3266862|1683265|5.85|0|2.58|45|0|261|0.0
202405|CNTY_GU|43|45110|45110000|경기|서초구|서초동|2711000000|인계동|1|70|0|2|10|1968|202|202|274|22007|43793.0|30078.0|11942.0|1773.0|33264|25331|10504|8846186.0|6075756.0|2412284.0|358146.0|1902539|838977|502302|490698|57|95|50|0|5520772|13987965|3431145|140399|3.77|18|2.58|116|284|363|5112.0
202405|CNTY_GU|11|11170|44130000|부산|수원시|역삼동|4611000000|서초1동|1|50|0|1|1|1362|398|398|250|41069|40199.0|17059.0|7259.0|15881.0|36995|12315|5592|15999202.0|6789482.0|2889082.0|6320638.0|1943907|56326|724110|409527|53|178|89|25|7210978|19519004|4645471|853230|4.8|27|1.77|152|175|136|4725.0
202405|ADM|26|41150|42110000|대구|강남구|서초동|4113000000|인계동|1|40|1|2|9|990|391|391|648|54379|5632.0|2321.0|663.0|2648.0|4462|2168|547|2202112.0|907511.0|259233.0|1035368.0|3837293|1830875|283309|47933|62|166|96|12|2325160|11854947|4338643|1169372|3.29|21|3.47|115|319|299|6699.0
202405|CNTY_GU|11|47110|27110000|서울|성남시|서초동|2611000000|역삼1가|2|60|1|1|5|1208|437|437|209|13123|11778.0|8764.0|1344.0|1670.0|9926|6651|999|5146986.0|3829868.0|587328.0|729790.0|1976148|1594376|90524|293411|91|185|70|1|9560977|13082530|3898907|1560687|7.76|14|3.46|179|130|433|1820.0
202405|ADM|27|44130|27110000|대구|강남구|인계동|1120000000|역삼1가|1|70|0|1|8|1754|86|86|344|64609|48173.0|19518.0|4817.0|23838.0|47376|15457|4518|4142878.0|1678548.0|414262.0|2050068.0|967971|1235955|531743|327787|14|51|19|1|29677|2911728|2847307|124435|3.62|9|1.32|95|244|111|2196.0
202405|CNTY_GU|44|45110|46110000|부산|서초구|서초동|2711000000|인계동|1|50|1|1|4|1844|29|29|405|28209|0.0|0.0|0.0|0.0|0|0|0|0.0|0.0|0.0|0.0|3016846|439074|708212|408051|7|17|4|2|4370236|12546499|1143940|1150828|5.18|3|3.33|101|488|274|1464.0
202405|CNTY_GU|46|42110|43110000|인천|서초구|역삼동|1111000000|서초1동|1|60|0|2|1|990|419|419|823|68274|42451.0|30176.0|4613.0|7662.0|34398|21533|3527|17786969.0|12643744.0|1932847.0|3210378.0|1552890|1786868|741241|417467|115|246|90|33|8573282|5076096|1136194|830123|5.89|30|1.8|167|414|71|12420.0
202405|CNTY_GU|44|26140|11170000|인천|성남시|인계동|2611000000|서초1동|2|70|3|1|8|547|71|71|983|37727|5509.0|1741.0|1990.0|1778.0|5303|1445|1796|391139.0|123611.0|141290.0|126238.0|4680099|713030|993307|432189|17|29|10|1|671931|1778435|436596|789357|4.61|6|4.03|9|129|71|774.0
202405|CNTY_GU|41|27110|41130000|대구|강남구|역삼동|2711000000|인계동|2|20|3|1|1|845|267|267|111|63396|47902.0|23104.0|7339.0|17459.0|37983|22514|6638|12789834.0|6168768.0|1959513.0|4661553.0|2532443|2845401|585459|109614|48|147|79|13|7378051|2401237|4302317|1285764|2.17|21|4.35|172|180|279|3780.0
202405|CNTY_GU|41|11110|26110000|부산|수원시|서초동|4611000000|역삼1가|2|50|0|1|6|1032|225|225|482|43389|4438.0|2610.0|862.0|966.0|4214|2221|816|998550.0|587250.0|193950.0|217350.0|153151|297464|528831|341284|42|95|66|8|7866798|16596258|590801|865044|3.12|9|2.61|111|197|73|1773.0
202405|CNTY_GU|27|11200|44130000|부산|서초구|서초동|4511000000|인계동|2|40|0|2|1|324|373|373|206|34462|49922.0|32181.0|18986.0|0.0|35346|28765|18389|18620906.0|12003513.0|7081778.0|0.0|4187898|2333097|947888|251606|52|173|111|36|1958272|14433904|256732|1181224|7.37|42|4.48|80|140|239|5880.0
202405|ADM|41|11140|27110000|서울|수원시|역삼동|4611000000|서초1동|1|60|3|2|7|390|251|251|994|79380|44463.0|22132.0|9718.0|12613.0|38496|15701|7506|11160213.0|5555132.0|2439218.0|3165863.0|4453456|2917275|52402|150975|52|138|58|7|3327603|8752961|93177|433702|6.42|7|2.36|33|424|279|2968.0
202405|ADM|41|11170|11140000|경기|서초구|서초동|1117000000|서초1동|2|65|0|1|5|1702|5|5|210|11727|19083.0|12055.0|5657.0|1371.0|16605|10432|5537|95415.0|60275.0|28285.0|6855.0|3041547|547633|203658|232269|0|2|0|0|5913237|9304996|4280435|740729|7.34|0|2.61|6|0|61|0.0
202405|CNTY_GU|11|11140|11200000|서울|수원시|역삼동|2614000000|인계동|1|30|1|2|8|1560|140|140|400|69107|27105.0|16285.0|8653.0|2167.0|19985|15299|8192|3794700.0|2279900.0|1211420.0|303380.0|4765154|2783302|182953|468505|14|81|34|6|7642344|18664686|4701523|721489|2.75|20|4.57|76|68|150|1360.0
202405|ADM|46|26140|43110000|인천|강남구|인계동|4113000000|역삼1가|1|55|0|2|5|112|431|431|751|93749|47128.0|37614.0|18067.0|0.0|41854|36860|16364|20312168.0|16211634.0|7786877.0|0.0|645072|2467179|939444|39763|108|181|95|29|4132443|9645056|1329368|106769|4.19|28|4.67|172|272|462|7616.0
202405|ADM|45|46110|26110000|서울|수원시|서초동|4113000000|인계동|2|55|2|1|10|1019|3|3|768|59238|27826.0|20039.0|8570.0|0.0|25227|17564|6470|83478.0|60117.0|25710.0|0.0|1039137|583907|914236|143642|0|1|0|0|651678|1529255|862643|1740752|7.54|0|2.95|96|0|209|0.0
202405|CNTY_GU|11|26110|28110000|대구|성남시|서초동|4611000000|서초1동|2|55|1|1|9|1824|436|436|442|29012|8153.0|4820.0|2693.0|640.0|6759|3615|2474|3554708.0|2101520.0|1174148.0|279040.0|2504646|864361|754989|92450|129|197|72|42|7215300|5624369|3787555|448998|5.04|23|4.61|107|102|364|2346.0
202405|PRVNC|41|11140|44130000|대구|수원시|역삼동|1111000000|역삼1가|2|30|0|2|3|1532|231|231|472|46302|0.0|0.0|0.0|0.0|0|0|0|0.0|0.0|0.0|0.0|1780064|2638183|661676|283073|54|114|39|20|8890442|10299747|3141238|667555|6.69|20|1.4|11|131|471|2620.0
202405|CNTY_GU|11|46110|41110000|대구|강남구|인계동|2614000000|인계동|1|40|0|1|9|707|181|181|576|14655|44361.0|18725.0|10650.0|14986.0|40781|18669|9711|8029341.0|3389225.0|1927650.0|2712466.0|107880|2935803|801578|217486|50|77|31|7|5994767|13876443|455113|1382709|6.07|9|3.5|5|153|95|1377.0
202405|ADM|11|41130|28110000|부산|강남구|인계동|4211000000|역삼1가|1|60|2|1|3|1880|337|337|578|71292|21032.0|6757.0|3202.0|11073.0|15666|5962|2444|7087784.0|2277109.0|1079074.0|3731601.0|2241408|568422|945230|329748|77|183|80|25|2903762|8874484|3502156|1651608|5.93|8|1.15|82|303|138|2424.0
202405|ADM|27|11140|11140000|인천|강남구|역삼동|4111000000|인계동|2|60|3|1|9|1229|145|145|598|49028|38543.0|30642.0|3937.0|3964.0|35878|27495|3301|5588735.0|4443090.0|570865.0|574780.0|16064|1650335|134262|4372|43|63|20|0|6424626|12481085|3202189|1566922|7.85|6|1.02|150|257|335|1542.0
202405|ADM|46|47110|11110000|경기|수원시|역삼동|4511000000|서초1동|2|65|3|1|8|87|459|459|715|21572|21774.0|6714.0|3437.0|11623.0|15808|5489|3046|9994266.0|3081726.0|1577583.0|5334957.0|1066087|2888940|563683|359997|122|196|127|13|3524070|7976161|902592|1013635|3.25|3|4.63|47|43|265|129.0
202405|CNTY_GU|43|27110|41150000|서울|강남구|역삼동|4413000000|역삼1가|1|35|3|2|7|1724|122|122|553|94246|33770.0|16725.0|11050.0|5995.0|25315|11867|8071|4119940.0|2040450.0|1348100.0|731390.0|3904289|1444944|556058|484229|14|67|15|7|6354139|2885352|946391|1193857|4.46|5|1.59|18|100|97|500.0
202405|ADM|43|41150|11200000|부산|성남시|인계동|1117000000|역삼1가|1|55|0|2|10|239|319|319|606|75779|37156.0|28993.0|5166.0|2997.0|34061|21536|4686|11852764.0|9248767.0|1647954.0|956043.0|772413|566420|649539|391686|60|186|47|28|3525560|3361027|813994|1268982|6.66|13|1.47|87|159|232|2067.0
202405|ADM|43|11140|11170000|인천|강남구|역삼동|4113000000|서초1동|1|25|0|1|10|86|215|215|858|12434|29740.0|9803.0|3879.0|16058.0|28829|9673|2792|6394100.0|2107645.0|833985.0|3452470.0|3048559|2592234|705726|68694|24|124|57|0|2999249|8079577|2240496|933578|4.79|23|1.48|59|19|174|437.0
202405|ADM|47|41150|46110000|경기|서초구|서초동|4311000000|역삼1가|1|55|0|1|7|1908|446|446|164|91723|36069.0|19669.0|7408.0|8992.0|31386|16395|6219|16086774.0|8772374.0|3303968.0|4010432.0|4521581|1625020|823225|174560|127|201|91|40|7247286|17331090|2582668|1565072|6.33|35|4.46|172|164|153|5740.0
202405|ADM|44|42110|46110000|서울|수원시|역삼동|4113000000|역삼1가|2|35|0|1|7|271|113|113|938|59449|975.0|643.0|350.0|0.0|762|545|303|110175.0|72659.0|39550.0|0.0|394137|1813625|272823|482575|13|63|19|6|6369830|9770958|4072352|1781487|2.04|10|3.08|179|140|68|1400.0
202405|CNTY_GU|11|11200|43110000|부산|강남구|서초동|4115000000|역삼1가|1|60|0|1|5|817|228|228|913|31857|21386.0|13963.0|6574.0|849.0|17176|11676|6015|4876008.0|3183564.0|1498872.0|193572.0|1452942|33200|58864|450583|36|101|55|19|4588699|8546304|984644|1967414|2.03|32|4.6|49|224|43|7168.0
202405|ADM|43|41130|46110000|부산|성남시|역삼동|1111000000|인계동|2|65|0|2|3|348|235|235|967|47306|31651.0|9930.0|12519.0|9202.0|30608|7489|12479|7437985.0|2333550.0|2941965.0|2162470.0|1258218|421369|187589|324679|38|102|57|9|7493147|733410|661872|972093|6.46|8|2.51|154|332|347|2656.0
202405|CNTY_GU|42|11110|44130000|부산|수원시|인계동|1117000000|인계동|2|35|2|1|5|914|364|364|185|91596|40190.0|14164.0|11786.0|14240.0|33709|11913|9933|14629160.0|5155696.0|4290104.0|5183360.0|1419217|1051822|712516|230111|50|167|69|29|181996|13620812|193945|279035|5.66|14|3.85|146|49|126|686.0
202405|CNTY_GU|45|11200|26140000|경기|수원시|서초동|1120000000|역삼1가|1|60|3|2|6|1165|391|391|413|27630|45406.0|27814.0|12282.0|5310.0|43655|21617|10241|17753746.0|10875274.0|4802262.0|2076210.0|3185949|339884|787445|170754|71|225|41|13|5433221|19246570|828453|979530|5.73|39|4.78|128|436|24|17004.0
202405|ADM|26|47110|41110000|경기|수원시|역삼동|2614000000|서초1동|1|40|0|1|6|1449|299|299|700|71454|12002.0|4030.0|4003.0|3969.0|11352|3499|3230|3588598.0|1204970.0|1196897.0|1186731.0|2972762|1030261|352458|250339|87|148|52|18|22000|17595368|181845|1341141|6.17|18|1.17|136|492|45|8856.0
202405|ADM|45|11140|11200000|인천|서초구|역삼동|1114000000|인계동|2|45|3|1|7|498|411|411|677|68123|31016.0|20104.0|4091.0|6821.0|24273|19488|3667|12747576.0|8262744.0|1681401.0|2803431.0|4534297|1660131|57897|36851|53|195|86|5|8993948|8375886|3118691|125887|5.94|50|2.37|110|294|236|14700.0
202405|ADM|27|42110|28110000|인천|성남시|인계동|2614000000|서초1동|2|70|0|1|3|1358|4|4|855|32421|10207.0|3780.0|2469.0|3958.0|7423|3729|2303|40828.0|15120.0|9876.0|15832.0|4769030|2602090|949577|451957|0|1|0|0|8525043|11637503|1996782|567949|2.3|0|3.13|163|0|232|0.0
202405|CNTY_GU|41|26140|11110000|대구|성남시|인계동|1117000000|역삼1가|2|65|0|1|2|1180|133|133|183|20223|8365.0|3253.0|2844.0|2268.0|7527|2989|2680|1112545.0|432649.0|378252.0|301644.0|1370538|1487588|171713|366179|23|75|28|3|2631658|2103021|1492832|1898689|4.76|15|2.34|116|246|214|3690.0
202405|CNTY_GU|42|41130|43110000|부산|강남구|역삼동|2711000000|인계동|2|65|0|1|8|769|230|230|729|76959|11005.0|5704.0|1587.0|3714.0|9553|5602|1143|2531150.0|1311920.0|365010.0|854220.0|1757340|2658199|205431|291546|66|135|34|20|6320768|12583824|243925|28078|3.64|12|2.85|26|169|98|2028.0
202405|ADM|41|11170|41130000|인천|수원시|역삼동|4311000000|서초1동|2|50|2|1|5|1605|105|105|644|99523|34897.0|14388.0|12418.0|8091.0|32996|13002|9351|3664185.0|1510740.0|1303890.0|849555.0|1199688|309467|331455|235102|26|47|18|4|5982727|8784987|3046422|31203|4.23|5|4.37|129|139|124|695.0
202405|CNTY_GU|46|27110|41130000|인천|수원시|역삼동|2711000000|인계동|1|35|1|1|5|1143|172|172|561|83917|37957.0|11977.0|10920.0|15060.0|33187|9812|9645|6528604.0|2060044.0|1878240.0|2590320.0|1642008|1432524|240461|210044|46|85|35|7|8819359|17603800|4044098|63256|4.67|12|4.09|95|349|252|4188.0
202405|ADM|27|11110|45110000|대구|강남구|서초동|4311000000|서초1동|2|50|2|2|9|495|2|2|534|21990|9968.0|7081.0|3136.0|0.0|8571|6926|2578|19936.0|14162.0|6272.0|0.0|929547|1285550|771457|322276|0|1|0|0|9903119|10702034|4753146|937261|3.18|0|4.66|157|0|260|0.0
202405|CNTY_GU|26|41110|44130000|서울|서초구|역삼동|2614000000|인계동|1|40|3|1|7|472|186|186|529|94255|7994.0|3174.0|1830.0|2990.0|7953|3109|1659|1486884.0|590364.0|340380.0|556140.0|2606815|1570565|129294|437519|24|90|38|5|2168245|18980348|4282370|1575762|5.83|14|3.03|89|464|415|6496.0
202405|ADM|46|11110|11110000|부산|강남구|역삼동|2711000000|역삼1가|1|50|0|1|10|372|403|403|634|46877|17548.0|12605.0|4711.0|232.0|17338|10584|4274|7071844.0|5079815.0|1898533.0|93496.0|1563349|2881687|38525|337690|63|203|99|16|1265008|6738680|917530|526333|5.31|30|1.59|116|55|447|1650.0
202405|ADM|47|47110|46110000|서울|강남구|인계동|1120000000|인계동|2|40|2|2|4|1937|371|371|397|77614|35436.0|23897.0|11025.0|514.0|24853|22331|9707|13146756.0|8865787.0|4090275.0|190694.0|3631520|603775|452786|483582|89|208|96|7|7869127|12663818|2215698|296483|4.69|54|2.29|148|190|222|10260.0
202405|CNTY_GU|43|43110|11170000|대구|강남구|역삼동|2711000000|인계동|1|65|0|1|6|21|17|17|107|15452|22828.0|14348.0|7422.0|1058.0|18794|12753|5283|388076.0|243916.0|126174.0|17986.0|1190093|841274|225607|123335|3|8|3|0|1926018|17874472|1268451|811819|6.68|0|1.15|179|0|91|0.0
202405|CNTY_GU|45|41130|44130000|부산|강남구|역삼동|4311000000|서초1동|2|30|2|1|7|1182|49|49|23|87067|27179.0|21592.0|3615.0|1972.0|22787|16961|3169|1331771.0|1058008.0|177135.0|96628.0|3983137|24398|732111|375207|9|20|7|3|9630181|4956295|844767|1830252|2.45|3|1.86|34|291|219|873.0
202405|CNTY_GU|44|28110|45110000|서울|서초구|역삼동|4211000000|서초1동|1|65|0|1|9|1415|58|58|857|66711|11233.0|4506.0|3641.0|3086.0|9440|4381|3339|651514.0|261348.0|211178.0|178988.0|936414|860364|213280|215921|6|30|6|4|1049238|3638834|4498494|455632|6.85|2|3.14|121|88|372|176.0
202405|ADM|42|11110|44130000|부산|서초구|서초동|4211000000|인계동|1|55|0|2|4|891|483|483|349|63667|43571.0|24970.0|9132.0|9469.0|32198|18919|7106|21044793.0|12060510.0|4410756.0|4573527.0|88820|672419|746057|439774|87|240|133|2|9530070|3265458|3755996|1283612|5.9|39|3.18|10|91|88|3549.0
202405|CNTY_GU|45|26110|45110000|인천|강남구|인계동|4711000000|서초1동|1|40|0|2|8|1049|347|347|93|74750|15929.0|5351.0|5341.0|5237.0|12963|5297|4245|5527363.0|1856797.0|1853327.0|1817239.0|2441450|347053|41191|327827|52|197|92|27|9378816|10755667|2660138|220241|6.54|35|2.33|59|406|77|14210.0
202405|PRVNC|42|28110|47110000|경기|강남구|인계동|4111000000|서초1동|2|65|0|1|3|1699|225|225|548|53630|25552.0|7985.0|4611.0|12956.0|19980|6361|4496|5749200.0|1796625.0|1037475.0|2915100.0|59657|1802880|841044|65190|25|128|65|5|2838441|7216885|855588|1092894|7.84|7|1.26|77|238|142|1666.0
202405|PRVNC|27|26110|46110000|인천|서초구|인계동|4211000000|역삼1가|2|30|2|2|5|312|142|142|169|61840|36502.0|27224.0|7398.0|1880.0|29923|21514|5738|5183284.0|3865808.0|1050516.0|266960.0|4889001|2759423|84063|39567|38|59|23|2|7701648|4060370|1632117|1349858|3.01|3|3.01|102|27|347|81.0
202405|ADM|42|27110|44130000|서울|강남구|서초동|1111000000|인계동|2|35|0|2|6|1338|149|149|906|17134|18943.0|12915.0|3448.0|2580.0|18377|10630|3279|2822507.0|1924335.0|513752.0|384420.0|1144490|1557696|120924|131494|43|66|20|5|9268388|12013807|142201|303187|7.69|5|2.87|152|328|389|1640.0
202405|ADM|45|44130|44130000|경기|성남시|역삼동|4511000000|역삼1가|2|40|0|2|5|93|436|436|856|90378|10168.0|6569.0|2306.0|1293.0|8543|5803|1694|4433248.0|2864084.0|1005416.0|563748.0|3067389|2725778|369481|497006|82|232|77|29|8348298|1982783|902797|561613|3.3|28|3.19|92|34|131|952.0
202405|CNTY_GU|42|26140|26140000|경기|서초구|인계동|2811000000|인계동|1|65|3|2|5|1302|293|293|73|31174|13764.0|6484.0|5096.0|2184.0|12851|4724|4974|4032852.0|1899812.0|1493128.0|639912.0|576152|273969|575166|106321|48|118|34|26|6980948|1553415|621002|1868507|5.51|35|4.35|7|187|131|6545.0
202405|ADM|45|44130|11170000|부산|성남시|인계동|1111000000|서초1동|2|70|0|1|10|1079|466|466|372|10757|28075.0|13108.0|9700.0|5267.0|20749|10705|9588|13082950.0|6108328.0|4520200.0|2454422.0|3381662|881938|286126|288107|60|204|73|6|8306396|7585365|1347304|148477|5.69|63|1.21|35|375|87|23625.0
202405|CNTY_GU|44|11200|44130000|경기|서초구|역삼동|1117000000|역삼1가|1|20|3|2|3|943|214|214|701|88873|28564.0|21760.0|3228.0|3576.0|28521|15938|2744|6112696.0|4656640.0|690792.0|765264.0|4124807|238207|780503|229655|24|107|35|13|5638113|314276|2830390|1458458|6.27|5|1.74|30|330|20|1650.0
202405|CNTY_GU|11|45110|46110000|서울|서초구|인계동|1117000000|서초1동|2|55|1|1|3|1822|465|465|962|64677|27493.0|10684.0|5637.0|11172.0|26124|10586|4285|12784245.0|4968060.0|2621205.0|5194980.0|640167|1465405|967667|435579|121|212|116|32|9258114|5751815|4306840|1421498|5.51|19|2.29|85|458|324|8702.0
202405|ADM|11|41130|42110000|인천|서초구|인계동|4611000000|역삼1가|2|60|1|1|2|1535|187|187|161|80534|4962.0|2147.0|1527.0|1288.0|4317|1796|1271|927894.0|401489.0|285549.0|240856.0|3690125|1846038|155433|152937|21|85|51|10|218860|8433846|108987|46548|3.97|15|4.96|11|15|486|225.0
202405|ADM|47|11110|11140000|서울|성남시|역삼동|2811000000|인계동|1|30|2|2|9|1108|3|3|825|87811|46827.0|15336.0|15164.0|16327.0|34238|14598|13900|140481.0|46008.0|45492.0|48981.0|3374216|582496|568673|332204|0|1|0|0|2064367|10757313|2102820|1048059|3.66|0|2.41|92|0|278|0.0
202405|PRVNC|42|26110|46110000|인천|강남구|인계동|4115000000|역삼1가|1|60|1|1|6|260|104|104|69|41299|8651.0|2624.0|955.0|5072.0|7767|2234|782|899704.0|272896.0|99320.0|527488.0|3724871|442263|330532|197815|26|43|13|4|8939694|18678222|1272698|479429|6.26|4|1.97|89|100|425|400.0
202405|CNTY_GU|27|44130|11200000|경기|성남시|인계동|4711000000|서초1동|2|35|0|1|8|1359|59|59|359|34826|21447.0|14916.0|2589.0|3942.0|15693|13140|1908|1265373.0|880044.0|152751.0|232578.0|1128592|975024|432140|379081|13|28|15|3|5611471|7416905|3016731|170210|6.98|3|4.5|53|289|426|867.0
202405|ADM|43|11110|28110000|부산|강남구|서초동|1120000000|인계동|2|50|0|2|6|1109|32|32|706|14897|38024.0|26804.0|8777.0|2443.0|34074|21246|8113|1216768.0|857728.0|280864.0|78176.0|3773605|2170355|262621|65791|6|13|7|1|1316497|8335752|2292398|173753|6.08|0|4.11|109|0|321|0.0
202405|CNTY_GU|46|45110|11140000|인천|수원시|인계동|2711000000|서초1동|1|35|3|2|6|1774|169|169|576|67310|7020.0|2230.0|2159.0|2631.0|6444|1968|1687|1186380.0|376870.0|364871.0|444639.0|3065541|329163|466797|491306|41|99|38|8|1759914|7829900|1909060|377460|6.79|15|1.87|54|215|37|3225.0
202405|CNTY_GU|42|11170|45110000|인천|강남구|서초동|1120000000|서초1동|2|50|1|2|3|1366|246|246|160|39756|47880.0|22961.0|19118.0|5801.0|45750|21537|14755|11778480.0|5648406.0|4703028.0|1427046.0|2451924|2799128|847898|208282|35|117|32|22|101191|19833861|922842|243861|3.14|8|1.06|77|286|204|2288.0
202405|ADM|46|26110|11170000|인천|서초구|인계동|2614000000|인계동|2|55|0|2|8|185|260|260|772|26059|25478.0|9521.0|2833.0|13124.0|25454|7450|2233|6624280.0|2475460.0|736580.0|3412240.0|1952066|1501440|352222|135673|44|122|66|10|3689687|372024|4557927|1053349|7.84|34|1.64|26|21|111|714.0
202405|PRVNC|42|28110|27110000|경기|강남구|서초동|2811000000|인계동|2|20|1|2|6|43|9|9|465|49030|18519.0|7940.0|3953.0|6626.0|16720|7581|3516|166671.0|71460.0|35577.0|59634.0|555515|732673|430141|352893|2|3|1|0|6163207|11229146|1690420|439010|4.46|0|1.24|47|0|465|0.0
202405|CNTY_GU|44|27110|43110000|서울|강남구|서초동|2711000000|역삼1가|1|65|3|2|2|1148|3|3|864|86798|42016.0|15254.0|7218.0|19544.0|34285|12038|5935|126048.0|45762.0|21654.0|58632.0|2265026|2546220|998605|249240|0|1|0|0|5699099|19041004|387921|42116|7.75|0|4.1|164|0|19|0.0
202405|ADM|42|26110|41150000|경기|성남시|역삼동|2614000000|인계동|1|35|2|2|9|728|182|182|793|27744|41620.0|30413.0|12615.0|0.0|41141|21363|11768|7574840.0|5535166.0|2295930.0|0.0|2355807|1442500|743157|60723|27|103|32|0|1029209|2654837|1395853|1945928|5.84|11|3.54|57|126|364|1386.0
202405|ADM|27|11110|11200000|인천|강남구|서초동|2614000000|역삼1가|2|25|0|2|6|535|28|28|948|30479|49326.0|15456.0|16260.0|17610.0|40854|15300|13941|1381128.0|432768.0|455280.0|493080.0|4471579|542085|965472|101971|5|11|4|1|7682045|11566383|4499873|1433070|2.98|2|1.46|143|446|25|892.0
202405|ADM|47|41130|46110000|인천|서초구|서초동|4211000000|서초1동|1|35|0|1|3|142|123|123|267|61896|26377.0|12962.0|8303.0|5112.0|24958|12707|6173|3244371.0|1594326.0|1021269.0|628776.0|1313544|350460|112662|165172|24|73|33|2|6324310|11769718|56999|1930225|4.75|6|1.79|16|23|26|138.0
202405|ADM|45|26110|28110000|경기|서초구|역삼동|1111000000|역삼1가|1|35|0|2|4|1178|181|181|20|11384|22739.0|9169.0|5866.0|7704.0|18441|7920|5335|4115759.0|1659589.0|1061746.0|1394424.0|2912272|2500507|593118|159981|20|92|47|4|1402157|17800913|1922045|1030484|3.08|17|4.46|40|255|420|4335.0
202405|CNTY_GU|41|11170|46110000|부산|성남시|서초동|1114000000|인계동|1|40|1|2|10|808|188|188|246|98269|34444.0|17285.0|9066.0|8093.0|32266|16015|8245|6475472.0|3249580.0|1704408.0|1521484.0|116389|235524|805718|410767|41|85|38|7|9114329|2992049|3356041|1700076|4.17|11|4.08|135|107|142|1177.0
202405|CNTY_GU|44|11200|41110000|부산|강남구|서초동|4115000000|역삼1가|2|70|1|1|6|1195|398|398|263|12174|29650.0|18608.0|4015.0|7027.0|27024|16786|3929|11800700.0|7405984.0|1597970.0|2796746.0|1101533|2477782|713513|157258|97|171|91|1|6658889|11756080|279594|1082844|2.28|26|4.81|102|147|431|3822.0
202405|CNTY_GU|45|26110|41110000|서울|수원시|인계동|4511000000|역삼1가|1|35|0|1|8|1799|244|244|647|34585|25372.0|11641.0|3030.0|10701.0|20496|9881|2650|6190768.0|2840404.0|739320.0|2611044.0|3064497|1252915|821226|17637|49|135|40|22|5665398|10445714|570348|1855502|4.17|1|1.35|46|304|489|304.0
202405|ADM|43|41110|41150000|인천|수원시|역삼동|4113000000|인계동|2|35|0|1|7|1313|309|309|550|24497|48731.0|32749.0|16553.0|0.0|34935|25851|16499|15057879.0|10119441.0|5114877.0|0.0|667753|821721|819775|94533|32|158|34|28|4352828|5951434|2800998|1850361|2.6|10|3.54|21|286|83|2860.0
202405|ADM|44|28110|26140000|대구|수원시|서초동|2811000000|서초1동|2|70|2|2|4|38|436|436|169|78916|46140.0|28533.0|12053.0|5554.0|32436|28024|9138|20117040.0|12440388.0|5255108.0|2421544.0|261878|2063930|404517|150291|98|184|83|36|820093|3475340|2859795|1368693|5.79|23|1.23|167|178|185|4094.0
202405|ADM|41|28110|46110000|인천|서초구|인계동|2611000000|역삼1가|2|40|0|2|7|654|389|389|107|89259|32099.0|18903.0|5346.0|7850.0|27748|16219|4324|12486511.0|7353267.0|2079594.0|3053650.0|2465336|1168946|704884|47855|99|212|91|36|3476|15904083|1581898|943412|7.8|34|1.51|127|172|393|5848.0
202405|PRVNC|47|11170|44130000|대구|성남시|서초동|2611000000|인계동|1|70|2|1|6|1865|488|488|736|31339|12803.0|9170.0|2247.0|1386.0|12411|7640|2013|6247864.0|4474960.0|1096536.0|676368.0|2137135|2523674|19301|487166|78|292|83|33|9908107|19066314|4631510|1337746|5.11|44|3.67|162|119|402|5236.0
202405|PRVNC|26|11110|42110000|대구|성남시|역삼동|1111000000|역삼1가|2|30|0|2|5|548|362|362|227|81600|31015.0|14267.0|8640.0|8108.0|22905|12586|6246|11227430.0|5164654.0|3127680.0|2935096.0|1131071|1033986|688243|457658|86|194|71|3|7856653|4975810|4464689|1404824|7.47|6|4.37|10|56|492|336.0
202405|ADM|46|43110|11140000|서울|강남구|역삼동|2711000000|역삼1가|2|40|0|1|4|1770|383|383|968|66944|22754.0|7849.0|3600.0|11305.0|17886|7514|2808|8714782.0|3006167.0|1378800.0|4329815.0|3262257|350579|452820|464272|59|228|110|23|2498443|6760123|105824|1187179|3.57|39|2.85|99|453|451|17667.0
202405|ADM|41|27110|46110000|서울|수원시|서초동|4611000000|서초1동|1|30|1|2|8|830|161|161|937|24062|29617.0|16453.0|5309.0|7855.0|28850|14028|4586|4768337.0|2648933.0|854749.0|1264655.0|3063424|347960|585707|267774|38|71|46|12|2695722|15595967|806210|1566119|3.94|5|3.91|87|365|105|1825.0
202405|ADM|44|45110|45110000|인천|수원시|역삼동|4413000000|인계동|1|35|1|2|9|901|80|80|169|28995|49986.0|16973.0|7395.0|25618.0|46431|12514|7342|3998880.0|1357840.0|591600.0|2049440.0|2458335|2827481|291251|498290|19|41|18|3|8336974|19672712|3267785|1804708|5.36|5|4.55|99|115|381|575.0
202405|PRVNC|27|43110|26110000|부산|수원시|서초동|2811000000|서초1동|1|20|0|1|3|103|376|376|728|66327|40501.0|16741.0|13795.0|9965.0|35814|14047|13669|15228376.0|6294616.0|5186920.0|3746840.0|2582934|1879566|660820|106324|100|181|84|19|3623446|13793916|602829|1897008|7.42|44|3.03|86|92|95|4048.0
202405|PRVNC|45|11110|43110000|부산|수원시|서초동|2614000000|서초1동|2|20|1|2|1|286|1|1|767|74635|24040.0|11413.0|7383.0|5244.0|21137|8558|6002|24040.0|11413.0|7383.0|5244.0|3217841|365515|299062|9554|0|0|0|0|4346689|15690606|3813296|360297|3.49|0|4.46|76|0|10|0.0
202405|CNTY_GU|44|41110|44130000|대구|강남구|역삼동|4211000000|인계동|1|25|0|1|5|62|397|397|151|41597|44584.0|28741.0|8602.0|7241.0|37535|22424|6685|17699848.0|11410177.0|3414994.0|2874677.0|4132325|830386|917179|72923|88|222|66|28|3609761|8602353|2719727|1276098|5.71|35|4.86|34|49|369|1715.0
202405|PRVNC|26|26140|11170000|경기|강남구|역삼동|1120000000|서초1동|2|40|1|1|2|1234|88|88|283|71244|43671.0|16877.0|12493.0|14301.0|38555|14800|11364|3843048.0|1485176.0|1099384.0|1258488.0|4595012|232302|546906|358362|12|40|12|2|4116100|16602594|4492629|263507|7.27|10|2.72|124|486|23|4860.0
202405|CNTY_GU|42|43110|42110000|서울|성남시|서초동|4413000000|역삼1가|1|25|3|1|6|821|285|285|538|24281|17199.0|5684.0|4232.0|7283.0|12301|4930|4121|4901715.0|1619940.0|1206120.0|2075655.0|2092680|1350886|330298|333700|64|153|34|13|9681331|11822866|540241|840993|6.74|30|1.82|92|146|136|4380.0
202405|CNTY_GU|44|11110|11170000|대구|강남구|인계동|2811000000|서초1동|1|65|0|1|1|735|189|189|481|74167|14922.0|8303.0|2601.0|4018.0|10468|8179|2136|2820258.0|1569267.0|491589.0|759402.0|1878850|1296907|299763|453024|21|102|29|11|9503289|17044476|3307747|365294|4.26|10|2.16|119|162|419|1620.0
202405|ADM|42|28110|44130000|인천|강남구|역삼동|4115000000|역삼1가|2|50|0|1|4|1730|3|3|96|19327|454.0|341.0|180.0|0.0|380|307|161|1362.0|1023.0|540.0|0.0|117516|2402073|764992|319135|0|1|0|0|9416150|8762341|2959252|1431530|3.62|0|2.92|52|0|406|0.0
202405|CNTY_GU|45|41110|28110000|서울|성남시|인계동|4611000000|역삼1가|1|25|0|2|9|1966|97|97|156|99448|46132.0|28620.0|18283.0|0.0|34218|22950|13165|4474804.0|2776140.0|1773451.0|0.0|2726484|2623653|894591|204116|26|54|22|1|8906608|11655779|3569611|285640|3.87|0|4.52|145|0|179|0.0
202405|CNTY_GU|26|26140|47110000|대구|성남시|역삼동|1111000000|서초1동|1|30|3|1|4|105|15|15|991|96743|37477.0|12877.0|14905.0|9695.0|32734|9918|10580|562155.0|193155.0|223575.0|145425.0|3861741|865420|468501|301940|3|6|3|0|1216217|10100128|2884990|1657060|5.62|1|4.63|133|147|248|147.0
202405|ADM|44|45110|41150000|경기|성남시|역삼동|1114000000|인계동|1|65|0|1|9|973|216|216|879|51552|43233.0|22898.0|12684.0|7651.0|39831|16695|9246|9338328.0|4945968.0|2739744.0|1652616.0|495380|49296|654208|248566|53|116|25|8|9927010|9564077|373154|1345705|5.87|5|1.45|80|167|365|835.0
202405|CNTY_GU|27|41110|45110000|인천|서초구|서초동|4611000000|서초1동|2|20|1|1|3|400|418|418|833|17482|5732.0|1947.0|1838.0|1947.0|5512|1615|1545|2395976.0|813846.0|768284.0|813846.0|667518|1225340|106954|292006|88|229|69|21|8377611|8425040|1817410|602903|6.07|10|1.52|74|277|445|2770.0
202405|ADM|27|27110|27110000|서울|성남시|서초동|4511000000|인계동|2|35|0|1|10|1657|300|300|27|41464|45833.0|16057.0|11233.0|18543.0|39215|14034|8716|13749900.0|4817100.0|3369900.0|5562900.0|2077213|2069577|785884|260055|85|154|32|29|92728|4179995|1610370|65055|2.47|5|4.6|148|184|393|920.0
202405|CNTY_GU|26|26140|26140000|대구|성남시|인계동|2811000000|인계동|2|30|1|1|9|955|251|251|579|67288|19425.0|9388.0|2870.0|7167.0|16767|8680|2515|4875675.0|2356388.0|720370.0|1798917.0|2068181|2355747|824668|145931|74|150|30|15|5526403|3183525|3337190|369873|3.17|24|4.56|54|85|322|2040.0
202405|ADM|42|26140|27110000|부산|강남구|인계동|2611000000|서초1동|1|20|3|1|9|865|346|346|526|16949|33188.0|19636.0|8130.0|5422.0|28500|13807|6923|11483048.0|6794056.0|2812980.0|1876012.0|3666109|1387980|131606|104712|84|146|50|12|2995997|7897519|1213195|1989602|3.74|44|1.47|93|151|401|6644.0
202405|CNTY_GU|11|11170|41110000|인천|서초구|서초동|4711000000|서초1동|2|55|1|1|1|535|369|369|987|15023|43393.0|31873.0|10180.0|1340.0|30497|30512|9808|16012017.0|11761137.0|3756420.0|494460.0|3191708|728766|105058|27513|73|215|81|31|3726761|18994280|1195255|1950590|4.6|13|4.75|139|399|130|5187.0
202405|CNTY_GU|26|28110|41150000|경기|서초구|서초동|4611000000|서초1동|1|35|1|1|2|1895|340|340|786|10797|47624.0|37581.0|9425.0|618.0|43493|30608|8338|16192160.0|12777540.0|3204500.0|210120.0|2254960|844252|163974|330034|77|150|67|0|9503191|19713660|2461863|358467|2.94|21|4.03|14|469|77|9849.0
202405|ADM|47|41150|47110000|경기|서초구|인계동|4611000000|역삼1가|1|40|2|1|3|930|425|425|210|75650|23600.0|13765.0|3621.0|6214.0|20024|12668|3173|10030000.0|5850125.0|1538925.0|2640950.0|3069278|2360793|651702|354125|113|213|83|1|3529900|11454345|2039850|1229149|6.95|21|2.92|40|324|409|6804.0
202405|PRVNC|46|41110|47110000|경기|수원시|인계동|1111000000|서초1동|2|40|1|1|3|1988|16|16|972|38810|16381.0|11131.0|2851.0|2399.0|11916|9339|2326|262096.0|178096.0|45616.0|38384.0|3670233|1046466|840191|159549|3|7|4|1|3670719|14628006|2879042|1811567|5.53|1|4.95|136|350|477|350.0
202405|CNTY_GU|47|45110|41150000|경기|서초구|인계동|1117000000|서초1동|1|55|1|2|6|1553|72|72|858|50080|1550.0|787.0|210.0|553.0|1336|637|173|111600.0|56664.0|15120.0|39816.0|4310116|730075|522041|240716|7|32|12|2|4546434|223150|3150507|915091|4.49|4|2.25|100|374|495|1496.0
202405|PRVNC|47|26110|11170000|대구|서초구|역삼동|2614000000|서초1동|1|45|2|1|7|937|468|468|502|83615|31373.0|16622.0|7350.0|7401.0|28256|16460|5772|14682564.0|7779096.0|3439800.0|3463668.0|1016280|573619|914610|207235|98|240|118|29|1695998|15540937|1856313|822149|3.74|11|3.76|151|470|68|5170.0
202405|ADM|43|43110|45110000|인천|성남시|역삼동|4111000000|역삼1가|1|70|2|1|6|464|150|150|938|70557|11436.0|8420.0|4233.0|0.0|10120|8242|3415|1715400.0|1263000.0|634950.0|0.0|3370467|2613845|947100|222951|37|80|26|8|7629112|9146788|4786731|1804549|4.62|17|1.21|169|363|386|6171.0
202405|PRVNC|27|28110|11110000|경기|강남구|인계동|4711000000|인계동|2|55|0|1|10|264|239|239|10|20273|35752.0|21928.0|13377.0|447.0|28996|19532|12751|8544728.0|5240792.0|3197103.0|106833.0|4405570|1619898|788308|269279|48|101|63|20|8315022|5980840|1424740|114828|5.1|17|1.76|123|309|206|5253.0
202405|CNTY_GU|27|41110|43110000|대구|수원시|서초동|2614000000|인계동|1|50|0|1|7|891|418|418|674|48889|43760.0|34306.0|5002.0|4452.0|41892|33511|4163|18291680.0|14339908.0|2090836.0|1860936.0|217354|2531799|569385|251656|53|205|115|27|3174787|12932384|3700163|1244497|3.52|22|1.18|101|102|266|2244.0
202405|ADM|42|26110|42110000|경기|수원시|인계동|1120000000|서초1동|2|40|0|1|7|848|8|8|243|73326|38659.0|21198.0|13497.0|3964.0|30669|14909|10288|309272.0|169584.0|107976.0|31712.0|875418|1308313|302910|284726|1|4|1|0|3541344|6743006|4562967|1148716|7.67|0|2.03|38|0|230|0.0
202405|CNTY_GU|43|45110|11200000|서울|성남시|인계동|2811000000|인계동|2|65|0|1|10|1404|204|204|864|77168|40569.0|19669.0|6712.0|14188.0|30672|16774|4752|8276076.0|4012476.0|1369248.0|2894352.0|1645737|1259726|243970|221136|45|98|56|1|2778415|1655605|1278809|1166858|4.28|14|1.38|9|185|55|2590.0
202405|PRVNC|11|11140|43110000|경기|강남구|역삼동|2614000000|인계동|1|35|0|2|3|1539|48|48|149|81650|33053.0|12765.0|10693.0|9595.0|28702|12526|7712|1586544.0|612720.0|513264.0|460560.0|4074090|1494025|535888|393028|12|21|5|0|7112888|15484029|1797163|991635|4.4|6|4.1|50|118|495|708.0
202405|CNTY_GU|44|11200|41110000|대구|서초구|인계동|4413000000|인계동|2|50|2|1|5|131|389|389|46|77281|45839.0|14566.0|12285.0|18988.0|32705|12581|10842|17831371.0|5666174.0|4778865.0|7386332.0|3038280|2164863|38168|26232|59|206|84|11|1700730|1146455|1140331|1630409|4.39|22|4.55|96|393|71|8646.0
202405|CNTY_GU|11|11140|43110000|경기|서초구|역삼동|2611000000|서초1동|1|70|2|2|10|1646|402|402|65|34208|44473.0|18181.0|10419.0|15873.0|32487|17249|7901|17878146.0|7308762.0|4188438.0|6380946.0|4112010|52021|708792|128698|48|222|48|38|238853|5686083|3745857|395043|4.21|23|1.54|104|401|75|9223.0
202405|ADM|26|46110|11140000|경기|강남구|서초동|4111000000|역삼1가|2|35|0|2|6|111|10|10|877|63314|7986.0|2827.0|1300.0|3859.0|6450|2008|1219|79860.0|28270.0|13000.0|38590.0|3564053|1531402|573408|142093|2|5|2|0|927450|7711530|4721599|1600416|3.73|0|2.72|131|0|267|0.0
202405|ADM|46|28110|47110000|서울|수원시|인계동|1117000000|역삼1가|1|40|2|2|9|1922|219|219|620|57003|29952.0|10269.0|9530.0|10153.0|20996|8414|7631|6559488.0|2248911.0|2087070.0|2223507.0|4207740|631366|47538|125721|52|125|44|1|5023755|15510415|2872586|1481738|2.21|4|2.29|132|138|92|552.0
202405|ADM|27|47110|27110000|경기|서초구|인계동|4311000000|인계동|2|35|3|2|4|416|195|195|385|22344|41324.0|19667.0|8795.0|12862.0|30626|16409|6479|8058180.0|3835065.0|1715025.0|2508090.0|3885198|955527|497040|233629|49|90|49|5|5553683|9573874|3762984|618832|6.44|0|1.62|42|0|91|0.0
202405|CNTY_GU|27|41110|44130000|경기|성남시|인계동|1120000000|인계동|2|60|0|1|5|1565|338|338|599|46267|12054.0|8288.0|2887.0|879.0|10464|6947|2377|4074252.0|2801344.0|975806.0|297102.0|284342|2448512|612629|318898|82|170|43|8|9416608|4632678|4256068|882694|6.54|18|2.0|142|57|22|1026.0
202405|PRVNC|41|41110|11110000|서울|강남구|인계동|1111000000|인계동|1|45|0|1|6|1680|320|320|591|27368|770.0|409.0|215.0|146.0|555|331|169|246400.0|130880.0|68800.0|46720.0|2223743|2152552|440983|222906|84|131|83|28|583958|16367475|4815698|1292662|5.28|41|2.09|106|221|359|9061.0
202405|PRVNC|41|41110|42110000|인천|서초구|인계동|4211000000|인계동|2|60|1|2|7|1421|190|190|25|28617|13407.0|6417.0|2127.0|4863.0|10380|5182|2020|2547330.0|1219230.0|404130.0|923970.0|4667991|2485007|680579|190427|20|88|51|6|6333328|15664502|3262873|417111|6.13|1|3.74|56|19|80|19.0
202405|CNTY_GU|44|44130|41130000|인천|서초구|인계동|2811000000|역삼1가|1|45|1|2|9|468|453|453|946|49487|18047.0|6616.0|3389.0|8042.0|15598|4723|3344|8175291.0|2997048.0|1535217.0|3643026.0|2551623|2600448|204797|459062|98|246|54|39|4454241|10150179|2932266|213530|6.73|21|1.16|58|231|364|4851.0
202405|ADM|42|41150|45110000|인천|성남시|역삼동|1120000000|인계동|2|45|0|2|9|695|148|148|789|97187|10170.0|5348.0|3732.0|1090.0|9105|4241|2617|1505160.0|791504.0|552336.0|161320.0|4297798|1827978|770070|132135|36|78|37|7|5779710|18569754|465622|1876559|4.94|2|4.95|177|398|413|796.0
202405|ADM|26|43110|41130000|경기|서초구|서초동|4711000000|역삼1가|1|35|1|2|7|1126|335|335|184|87658|13822.0|8377.0|2880.0|2565.0|12707|5864|2877|4630370.0|2806295.0|964800.0|859275.0|36075|2031755|535118|105465|68|154|68|18|4207718|5000253|1094985|435881|5.86|46|3.14|109|171|71|7866.0
202405|CNTY_GU|47|41130|46110000|서울|서초구|인계동|4111000000|역삼1가|1|40|0|1|8|1182|249|249|290|61404|1266.0|402.0|337.0|527.0|894|306|321|315234.0|100098.0|83913.0|131223.0|2562274|2212012|623969|403666|58|126|36|21|5653963|534954|816668|1563905|6.58|4|3.59|73|361|129|1444.0
202405|ADM|47|44130|42110000|부산|강남구|역삼동|1114000000|서초1동|2|65|0|1|2|1948|52|52|669|59949|37478.0|19948.0|14626.0|2904.0|26941|15511|11412|1948856.0|1037296.0|760552.0|151008.0|979509|2046335|4269|81917|8|22|10|3|6584299|8829627|523951|838768|2.6|2|4.57|101|163|463|326.0
202405|CNTY_GU|45|42110|47110000|경기|서초구|인계동|2614000000|역삼1가|2|45|0|2|4|544|170|170|238|76470|0.0|0.0|0.0|0.0|0|0|0|0.0|0.0|0.0|0.0|1159520|2621539|819737|437038|50|91|50|13|1537556|17181108|4619984|1469335|4.67|18|4.24|111|131|189|2358.0
202405|ADM|11|26140|28110000|대구|서초구|역삼동|4115000000|서초1동|2|30|2|1|10|979|264|264|745|73372|42690.0|26835.0|7792.0|8063.0|34767|18880|6128|11270160.0|7084440.0|2057088.0|2128632.0|699753|556260|92099|116122|68|153|41|9|9638552|7329281|827524|87557|2.8|15|2.4|14|32|8|480.0
202405|ADM|45|27110|47110000|서울|서초구|인계동|1114000000|인계동|1|20|0|1|1|1860|186|186|156|73621|30820.0|24429.0|10291.0|0.0|28349|22404|9718|5732520.0|4543794.0|1914126.0|0.0|4360023|2115541|908451|403820|48|102|26|3|7576781|18721712|3146778|1880260|3.85|19|3.92|152|173|214|3287.0
202405|CNTY_GU|47|11200|41150000|인천|강남구|인계동|1111000000|역삼1가|1|45|2|1|1|357|339|339|849|87191|43312.0|17210.0|8960.0|17142.0|34304|16262|8918|14682768.0|5834190.0|3037440.0|5811138.0|3725649|2611214|34226|144032|63|155|81|26|1134366|5186083|1871360|1104790|5.7|8|4.63|151|241|159|1928.0
202405|ADM|11|47110|42110000|대구|성남시|역삼동|2711000000|인계동|2|55|2|1|2|401|276|276|743|51721|16699.0|8501.0|2604.0|5594.0|12658|7581|2221|4608924.0|2346276.0|718704.0|1543944.0|1886099|2917666|352934|417232|29|156|41|25|7064896|2619038|3330813|794244|4.31|12|1.83|10|330|258|3960.0
202405|PRVNC|11|41110|27110000|경기|수원시|역삼동|1120000000|역삼1가|1|40|1|2|10|90|132|132|42|53518|41589.0|15197.0|8376.0|18016.0|36203|13253|7201|5489748.0|2006004.0|1105632.0|2378112.0|4916774|2206071|277597|499501|38|70|21|8|2701449|7923647|1042274|936808|5.04|19|1.59|86|461|11|8759.0
202405|ADM|42|43110|41130000|대구|강남구|서초동|4611000000|서초1동|2|20|1|1|4|1221|437|437|330|69403|34186.0|10563.0|5166.0|18457.0|27579|8212|4088|14939282.0|4616031.0|2257542.0|8065709.0|93888|2922495|597980|406317|93|217|58|0|9263822|3308970|879699|1838818|6.83|43|2.85|151|360|268|15480.0
202405|CNTY_GU|41|41110|42110000|서울|서초구|역삼동|4211000000|서초1동|1|45|0|2|5|1349|405|405|275|57972|47545.0|24111.0|15824.0|7610.0|34315|23640|14758|19255725.0|9764955.0|6408720.0|3082050.0|383419|221398|204295|349338|92|190|100|7|6006914|1097374|4468336|492729|5.46|36|1.83|64|94|409|3384.0
202405|ADM|26|11200|11200000|서울|성남시|인계동|4311000000|서초1동|1|60|0|1|9|1036|8|8|316|37520|938.0|558.0|333.0|47.0|889|494|325|7504.0|4464.0|2664.0|376.0|3080754|615204|794713|330365|0|3|1|0|9105033|1928123|110724|329696|2.62|0|3.65|143|0|306|0.0
202405|CNTY_GU|42|26140|45110000|부산|강남구|인계동|4413000000|역삼1가|1|40|1|1|7|655|27|27|356|35299|41818.0|16334.0|6715.0|18769.0|32730|14912|5192|1129086.0|441018.0|181305.0|506763.0|1809900|1961689|549248|399427|7|11|5|0|8135333|18274016|2873975|1595814|5.32|1|1.5|7|213|447|213.0
202405|CNTY_GU|41|41150|26140000|서울|강남구|서초동|4711000000|인계동|1|65|0|2|6|1529|283|283|199|53524|11424.0|6427.0|4003.0|994.0|8167|4626|3868|3232992.0|1818841.0|1132849.0|281302.0|3633030|30749|876238|344013|65|148|57|10|363638|2098979|1166969|1973757|5.98|2|1.91|64|230|164|460.0
202405|ADM|47|42110|45110000|대구|강남구|역삼동|4413000000|인계동|2|45|0|1|4|909|127|127|239|68777|38234.0|19239.0|9862.0|9133.0|34322|16894|8171|4855718.0|2443353.0|1252474.0|1159891.0|4036592|103522|386360|277475|36|58|35|8|4962398|19517246|2731388|1280305|6.14|10|4.88|50|379|126|3790.0
202405|PRVNC|11|44130|11200000|경기|강남구|서초동|2711000000|서초1동|2|40|3|1|4|740|63|63|514|69030|31940.0|19604.0|12444.0|0.0|24483|17159|11680|2012220.0|1235052.0|783972.0|0.0|2986989|153376|404074|109682|12|36|10|3|6738874|8204232|2706115|386910|4.92|6|1.66|67|172|80|1032.0
202405|CNTY_GU|27|26140|43110000|부산|강남구|인계동|4115000000|인계동|1|45|1|1|9|1244|213|213|864|13946|26097.0|20555.0|4604.0|938.0|19172|15220|4577|5558661.0|4378215.0|980652.0|199794.0|340539|2537891|39752|141157|54|100|54|0|5058094|4669192|4662029|1502811|7.46|29|4.89|121|382|443|11078.0
202405|ADM|27|26110|41150000|부산|서초구|역삼동|4111000000|서초1동|1|55|0|1|8|640|284|284|975|80881|19508.0|13239.0|6274.0|0.0|14572|11109|5004|5540272.0|3759876.0|1781816.0|0.0|1271672|329694|947987|475073|57|167|48|4|7600903|14480683|115972|1534864|2.34|14|1.69|110|227|434|3178.0
202405|ADM|26|11200|11170000|인천|수원시|서초동|1120000000|인계동|1|25|0|1|3|119|52|52|118|42080|9999.0|4075.0|1171.0|4753.0|9887|3015|1130|519948.0|211900.0|60892.0|247156.0|1737434|2563375|244649|45642|15|26|10|0|9737232|2740743|2055264|99368|4.62|0|3.17|77|0|215|0.0
202405|CNTY_GU|47|28110|45110000|부산|서초구|역삼동|1120000000|서초1동|2|45|0|1|9|391|407|407|385|50754|22678.0|8350.0|8655.0|5673.0|18379|6105|7540|9229946.0|3398450.0|3522585.0|2308911.0|1045743|2767165|688770|348319|54|175|46|14|7079497|11865173|2358241|866319|4.95|59|3.44|15|68|345|4012.0
202405|ADM|44|11140|11200000|인천|성남시|서초동|4211000000|서초1동|1|55|0|1|5|1151|439|439|688|71695|3095.0|1055.0|824.0|1216.0|2742|856|723|1358705.0|463145.0|361736.0|533824.0|1745428|1786031|752601|1755|117|256|84|39|7536804|12777533|1742959|484858|3.9|36|2.01|30|73|368|2628.0
202405|PRVNC|42|11170|27110000|부산|성남시|인계동|4113000000|서초1동|2|50|1|2|9|892|304|304|299|90651|16069.0|11300.0|6007.0|0.0|13965|11070|5952|4884976.0|3435200.0|1826128.0|0.0|2959743|888994|976087|208219|86|176|77|3|5769637|892836|423208|1783650|6.5|12|1.13|170|434|3|5208.0
202405|CNTY_GU|44|41130|11110000|경기|성남시|서초동|4115000000|역삼1가|1|45|3|1|9|1807|387|387|939|71947|25035.0|18098.0|6655.0|282.0|20594|14743|6363|9688545.0|7003926.0|2575485.0|109134.0|2467271|2274003|717877|494990|88|179|103|38|7859597|14034017|961603|1090364|3.19|55|1.63|29|413|237|22715.0
202405|ADM|45|11200|11140000|서울|서초구|서초동|4711000000|서초1동|1|30|3|1|1|1958|87|87|526|54213|5502.0|2149.0|2044.0|1309.0|4654|2115|1825|478674.0|186963.0|177828.0|113883.0|3356328|2857348|622720|147910|11|43|20|0|675082|16132500|112535|1096137|7.54|12|4.69|64|438|133|5256.0
202405|ADM|41|47110|41130000|부산|서초구|역삼동|4511000000|역삼1가|1|70|1|1|7|506|62|62|458|25099|41754.0|24629.0|12512.0|4613.0|31915|18954|12159|2588748.0|1526998.0|775744.0|286006.0|2341650|274075|273017|466491|11|35|9|1|3109979|14120036|1191083|1033016|7.01|7|2.62|33|446|259|3122.0
202405|ADM|11|41130|11140000|경기|강남구|역삼동|4113000000|인계동|1|30|0|1|8|699|448|448|825|95534|36240.0|13991.0|11282.0|10967.0|27555|11504|9525|16235520.0|6267968.0|5054336.0|4913216.0|3468180|2740305|990492|59410|116|184|89|42|2235514|11694391|904707|1219431|5.49|29|3.28|80|466|304|13514.0
202405|ADM|43|42110|41110000|인천|강남구|역삼동|2614000000|인계동|2|35|3|1|3|1475|447|447|306|44033|432.0|313.0|125.0|0.0|321|252|92|193104.0|139911.0|55875.0|0.0|1539274|1612461|724271|18755|90|244|78|5|4845288|13070639|4989418|126090|5.84|60|2.91|58|378|266|22680.0
202405|PRVNC|45|42110|46110000|대구|성남시|역삼동|4511000000|인계동|2|35|1|1|3|1615|55|55|742|23811|30150.0|15808.0|6097.0|8245.0|26300|15496|4404|1658250.0|869440.0|335335.0|453475.0|901435|2377536|895098|55317|16|29|8|4|7065141|9014287|1220882|1768038|3.03|7|4.71|112|215|398|1505.0
202405|ADM|26|42110|11200000|인천|강남구|인계동|4511000000|인계동|2|55|1|1|5|1192|74|74|256|83197|47564.0|33132.0|11440.0|2992.0|37075|29030|8137|3519736.0|2451768.0|846560.0|221408.0|1727540|2414867|340326|494800|12|42|21|5|9682511|4896949|3407199|698531|6.78|1|3.25|78|200|294|200.0
202405|CNTY_GU|43|41130|11140000|인천|서초구|인계동|2811000000|역삼1가|2|50|0|2|8|241|393|393|590|72615|30811.0|24120.0|11703.0|0.0|24077|19680|11307|12108723.0|9479160.0|4599279.0|0.0|1612916|1535106|464859|332130|87|212|66|17|821649|12030022|3790173|192532|7.16|48|1.48|92|476|305|22848.0
202405|CNTY_GU|44|28110|11140000|대구|성남시|인계동|4711000000|서초1동|2|60|2|2|5|1136|269|269|761|58263|9644.0|4542.0|1023.0|4079.0|9156|4154|909|2594236.0|1221798.0|275187.0|1097251.0|2201370|1640586|299243|46768|29|135|40|24|5308196|7547771|2260187|1360448|7.67|11|3.35|127|272|414|2992.0
202405|ADM|44|11110|11200000|서울|수원시|서초동|2811000000|인계동|1|40|3|1|1|1712|360|360|665|70472|8229.0|4851.0|886.0|2492.0|7252|4346|660|2962440.0|1746360.0|318960.0|897120.0|2376195|2489645|274647|5531|55|170|40|5|883267|5590805|2676060|105662|7.43|32|1.38|140|74|474|2368.0
202405|ADM|26|41130|41130000|대구|수원시|인계동|4211000000|서초1동|2|25|1|1|6|329|110|110|909|37461|16290.0|12630.0|3610.0|50.0|12918|12199|2884|1791900.0|1389300.0|397100.0|5500.0|2307385|915481|252301|441980|18|60|11|4|4426514|14908799|3547902|1977256|3.29|13|2.45|125|151|260|1963.0
202405|ADM|26|41130|28110000|경기|서초구|역삼동|4113000000|역삼1가|1|40|0|1|5|1037|477|477|512|63821|30384.0|22644.0|8941.0|0.0|30363|16276|7007|14493168.0|10801188.0|4264857.0|0.0|2313763|2558241|727220|368396|67|202|120|2|4629479|7319901|4882738|38769|6.0|0|1.54|170|0|169|0.0
202405|CNTY_GU|26|11200|45110000|경기|서초구|인계동|4611000000|역삼1가|1|20|0|2|4|476|133|133|606|48766|34650.0|27383.0|5350.0|1917.0|32870|25200|4528|4608450.0|3641939.0|711550.0|254961.0|213009|590522|870221|106716|30|65|31|7|7885920|11493687|277266|1359622|7.79|15|3.31|51|265|270|3975.0
202405|CNTY_GU|43|28110|27110000|대구|강남구|인계동|4511000000|서초1동|2|30|0|2|1|1303|365|365|514|21811|0.0|0.0|0.0|0.0|0|0|0|0.0|0.0|0.0|0.0|1137250|13678|493567|328472|98|203|80|30|7761980|4695224|1146452|1967223|2.53|14|1.44|30|258|428|3612.0
202405|ADM|47|11170|44130000|대구|성남시|서초동|1111000000|서초1동|1|60|1|2|5|359|185|185|277|79159|15025.0|8712.0|4530.0|1783.0|14282|6585|4197|2779625.0|1611720.0|838050.0|329855.0|2076755|1370558|636650|405704|42|79|24|17|6507332|3819123|4308961|1365518|6.47|4|3.81|170|76|182|304.0
202405|ADM|45|41110|47110000|대구|강남구|역삼동|4111000000|역삼1가|1|45|2|2|5|460|393|393|730|51113|32833.0|15431.0|6928.0|10474.0|32770|11449|5219|12903369.0|6064383.0|2722704.0|4116282.0|2468709|887043|140643|370532|73|233|49|1|7115765|16383928|3602382|1977081|2.09|2|3.08|82|181|15|362.0
202405|ADM|45|41150|46110000|대구|서초구|인계동|2614000000|인계동|2|35|0|2|1|1628|210|210|281|39627|0.0|0.0|0.0|0.0|0|0|0|0.0|0.0|0.0|0.0|4122516|2120114|839270|117458|55|91|26|4|5089957|10143096|810881|241329|6.26|3|1.49|101|88|362|264.0
202405|ADM|43|11110|43110000|경기|성남시|서초동|2614000000|역삼1가|1|30|1|1|2|1894|447|447|207|91622|16911.0|6758.0|3040.0|7113.0|12720|6279|2398|7559217.0|3020826.0|1358880.0|3179511.0|386869|2744609|233440|402356|116|189|62|18|6435398|8200927|1329400|25088|3.6|35|4.57|76|292|340|10220.0
202405|ADM|43|41130|11200000|인천|성남시|인계동|2611000000|인계동|1|40|2|1|2|1881|315|315|18|48063|34511.0|27568.0|8555.0|0.0|28566|27318|6587|10870965.0|8683920.0|2694825.0|0.0|676517|1530974|403033|360711|37|168|42|3|4322901|3641146|776206|921618|5.16|22|2.97|75|417|258|9174.0
202405|ADM|41|27110|11200000|대구|성남시|역삼동|2811000000|인계동|1|50|2|2|1|513|154|154|11|68455|11491.0|5814.0|1393.0|4284.0|10041|4880|1370|1769614.0|895356.0|214522.0|659736.0|3878892|238606|563675|445253|34|84|33|13|805842|4049824|4373001|1726128|3.03|22|1.84|117|188|184|4136.0
202405|CNTY_GU|27|27110|45110000|경기|성남시|인계동|4611000000|인계동|1|65|2|2|7|1250|284|284|493|81326|39355.0|28535.0|8342.0|2478.0|34821|26729|7801|11176820.0|8103940.0|2369128.0|703752.0|4255287|1854951|986792|337517|41|152|68|27|3502231|1861760|487199|721399|7.87|13|3.07|164|488|292|6344.0
202405|ADM|44|11140|11110000|경기|서초구|서초동|4113000000|역삼1가|2|50|0|2|5|1153|361|361|50|65420|5584.0|3548.0|1609.0|427.0|4758|2743|1539|2015824.0|1280828.0|580849.0|154147.0|1076085|2859132|911826|465471|76|172|87|20|2931723|9850401|4674109|1283610|2.11|22|4.18|53|199|34|4378.0
202405|CNTY_GU|11|41150|43110000|서울|강남구|서초동|4113000000|역삼1가|1|60|0|2|10|470|348|348|867|19223|35481.0|19395.0|6228.0|9858.0|27406|14362|4368|12347388.0|6749460.0|2167344.0|3430584.0|508672|1185350|349577|138904|73|167|87|21|1082876|17327944|3569401|1575592|5.22|24|2.07|82|321|340|7704.0
202405|ADM|47|28110|26140000|서울|강남구|서초동|4111000000|서초1동|2|25|1|1|10|824|407|407|551|21605|27751.0|17747.0|3911.0|6093.0|26091|16225|3828|11294657.0|7223029.0|1591777.0|2479851.0|1685490|107012|730908|489694|90|181|43|15|5640397|1486739|1104160|1655080|6.19|21|1.91|82|64|98|1344.0
202405|ADM|43|46110|26140000|경기|강남구|서초동|4711000000|인계동|1|40|3|1|10|1947|4|4|651|31954|12861.0|6197.0|4732.0|1932.0|9916|5627|3947|51444.0|24788.0|18928.0|7728.0|3184280|2901587|119488|374502|0|1|0|0|4952579|15113618|3134123|482156|4.12|0|1.12|59|0|291|0.0
202405|PRVNC|11|11110|45110000|인천|서초구|역삼동|4311000000|인계동|2|30|3|2|2|485|115|115|312|96392|35761.0|19283.0|7852.0|8626.0|27134|15687|6632|4112515.0|2217545.0|902980.0|991990.0|539516|325998|255225|23856|34|61|20|3|8048416|15331314|3101838|418394|4.24|16|2.87|112|321|313|5136.0
202405|CNTY_GU|27|26110|43110000|경기|수원시|인계동|1117000000|역삼1가|2|25|0|1|10|1738|3|3|875|60500|8334.0|5527.0|1281.0|1526.0|7138|4035|1004|25002.0|16581.0|3843.0|4578.0|2884278|1294816|687618|326178|0|1|0|0|3544670|10330376|1328422|303509|7.19|0|2.68|47|0|403|0.0
202405|CNTY_GU|42|45110|41150000|경기|성남시|역삼동|4711000000|인계동|1|70|0|1|10|216|446|446|919|39678|5919.0|2442.0|765.0|2712.0|5879|1715|587|2639874.0|1089132.0|341190.0|1209552.0|1175392|2730013|163545|139142|119|207|95|7|7662858|5527605|3593529|1982487|4.63|33|3.08|123|53|458|1749.0
202405|ADM|43|41150|47110000|인천|수원시|서초동|2811000000|서초1동|2|45|0|2|3|1666|78|78|803|92307|12512.0|5585.0|1439.0|5488.0|12335|4564|1091|975936.0|435630.0|112242.0|428064.0|4428963|380689|757230|489256|14|33|12|2|9796423|15491939|2466066|1294028|3.34|5|4.37|103|205|470|1025.0
202405|ADM|44|11140|46110000|서울|강남구|역삼동|4111000000|역삼1가|2|30|0|1|4|368|429|429|319|50932|15306.0|9007.0|4511.0|1788.0|10970|6444|3218|6566274.0|3864003.0|1935219.0|767052.0|1678785|1237480|821387|465836|126|177|56|41|5882548|9082818|49593|411929|4.4|36|3.45|97|494|441|17784.0
202405|PRVNC|11|45110|47110000|부산|서초구|서초동|2711000000|서초1동|2|45|0|1|5|1487|63|63|350|14433|45459.0|25821.0|17532.0|2106.0|40447|21246|12952|2863917.0|1626723.0|1104516.0|132678.0|1385913|1302714|949911|422639|9|28|6|2|5155813|5428190|2983515|1397639|4.24|9|1.86|103|488|395|4392.0
202405|ADM|11|43110|47110000|인천|성남시|인계동|1120000000|역삼1가|2|25|3|1|8|1679|291|291|346|57560|35279.0|27854.0|7068.0|357.0|31582|21245|5029|10266189.0|8105514.0|2056788.0|103887.0|4881094|478200|749728|354714|65|158|34|19|68463|1220849|4241420|1936463|5.93|13|1.98|135|64|354|832.0
202405|CNTY_GU|44|46110|11140000|부산|서초구|서초동|1114000000|서초1동|1|40|0|1|3|49|241|241|195|57001|37691.0|18796.0|12918.0|5977.0|37667|17296|10434|9083531.0|4529836.0|3113238.0|1440457.0|3481748|270278|223580|190006|35|115|32|17|2733063|3793989|1497055|1576878|5.42|11|1.78|88|365|475|4015.0
202405|CNTY_GU|27|41130|28110000|대구|수원시|역삼동|2614000000|역삼1가|2|45|1|1|6|1780|34|34|41|85367|7480.0|2365.0|2902.0|2213.0|6388|1838|2193|254320.0|80410.0|98668.0|75242.0|2045896|1710257|175366|191356|8|16|9|1|8270235|4493270|2724946|862056|3.96|2|2.96|18|293|138|586.0
202405|PRVNC|46|41150|41150000|경기|수원시|서초동|4611000000|인계동|1|20|3|1|4|1438|232|232|432|54360|45182.0|26881.0|16488.0|1813.0|36572|26821|15261|10482224.0|6236392.0|3825216.0|420616.0|2886685|56841|910753|327615|49|113|61|15|1239015|16010399|762644|655002|3.79|5|1.13|147|330|444|1650.0
202405|ADM|46|43110|11110000|대구|성남시|역삼동|4511000000|인계동|2|45|1|1|3|1066|415|415|70|81761|5239.0|3903.0|1204.0|132.0|5099|3125|1145|2174185.0|1619745.0|499660.0|54780.0|655990|1737310|773201|378777|61|222|107|33|879970|9870215|2022812|1863198|6.13|50|4.86|13|431|355|21550.0
202405|PRVNC|46|45110|26140000|경기|강남구|서초동|1117000000|역삼1가|2|45|1|1|1|1243|131|131|450|40717|46442.0|24080.0|10743.0|11619.0|33537|21895|9783|6083902.0|3154480.0|1407333.0|1522089.0|4413053|1251316|274214|60170|25|77|33|5|7310421|7910912|1734478|266025|3.88|5|3.34|171|236|431|1180.0
202405|ADM|45|44130|41130000|부산|강남구|서초동|4211000000|서초1동|2|45|2|1|7|141|197|197|67|77995|8719.0|4115.0|2945.0|1659.0|6500|2978|2596|1717643.0|810655.0|580165.0|326823.0|230470|185605|897950|3441|22|107|45|0|6367111|12466730|1668357|1847308|4.11|0|4.04|144|0|391|0.0
202405|ADM|27|26140|41110000|인천|강남구|인계동|4113000000|인계동|1|35|1|2|6|157|381|381|667|10150|8493.0|4311.0|1636.0|2546.0|8049|3527|1344|3235833.0|1642491.0|623316.0|970026.0|2215793|599827|191159|251545|85|159|94|21|6060105|13466465|1393032|401091|2.47|5|3.18|55|371|9|1855.0
202405|ADM|11|26140|44130000|서울|성남시|서초동|1114000000|인계동|2|50|3|2|9|998|139|139|570|86587|26495.0|12993.0|10041.0|3461.0|21034|10884|9384|3682805.0|1806027.0|1395699.0|481079.0|2122077|2376644|600169|406286|21|71|18|13|3772437|8059732|91416|655606|5.97|13|2.17|70|72|369|936.0
202405|ADM|46|26110|44130000|인천|서초구|서초동|2811000000|인계동|2|60|0|2|9|824|8|8|88|75269|17891.0|7772.0|2953.0|7166.0|15917|5688|2292|143128.0|62176.0|23624.0|57328.0|2203677|1972428|451821|126620|1|3|1|0|4458963|12346336|1649113|952496|3.52|1|2.08|105|107|420|107.0
202405|ADM|27|11200|45110000|부산|서초구|역삼동|4711000000|역삼1가|2|20|1|2|10|1980|494|494|365|21707|9891.0|7795.0|2669.0|0.0|8097|7755|1877|4886154.0|3850730.0|1318486.0|0.0|4417398|2916349|453243|4819|121|283|121|30|8949678|10627244|2053746|876437|3.56|2|3.89|123|444|394|888.0
202405|ADM|42|27110|42110000|경기|성남시|인계동|1120000000|서초1동|2|40|0|1|8|1462|400|400|80|65457|30659.0|17251.0|7699.0|5709.0|23739|12528|5537|12263600.0|6900400.0|3079600.0|2283600.0|3250616|2435212|719254|395544|46|176|58|7|2436161|947177|4511084|888057|4.08|10|1.18|130|450|98|4500.0
202405|ADM|47|11110|11140000|인천|강남구|역삼동|4115000000|서초1동|2|35|0|2|4|1142|77|77|571|64449|45279.0|23367.0|11542.0|10370.0|41093|21235|9016|3486483.0|1799259.0|888734.0|798490.0|3275524|1168086|527618|307203|16|45|15|4|3009453|17311491|4595315|1006444|4.29|7|3.59|135|214|221|1498.0
202405|ADM|43|26110|41150000|서울|강남구|인계동|4511000000|역삼1가|1|35|2|1|1|937|492|492|997|73351|761.0|547.0|215.0|0.0|725|455|156|374412.0|269124.0|105780.0|0.0|2759377|49374|669242|190970|132|284|99|18|4639989|2752676|3133631|183301|6.81|42|4.13|133|487|9|20454.0
202405|ADM|43|47110|28110000|부산|강남구|서초동|2711000000|서초1동|2|60|1|1|8|3|22|22|361|44862|22053.0|12715.0|5341.0|3997.0|20964|10463|4536|485166.0|279730.0|117502.0|87934.0|4757148|252992|757080|354087|5|10|3|0|8282432|18015597|2852994|1760652|7.73|1|3.99|34|263|57|263.0
202405|CNTY_GU|47|47110|45110000|대구|수원시|인계동|4111000000|인계동|1|50|2|2|2|306|451|451|134|76674|49758.0|19363.0|16316.0|14079.0|42514|14338|14911|22440858.0|8732713.0|7358516.0|6349629.0|2818528|2983478|261645|24939|71|181|47|7|364861|19570178|1474395|716084|6.32|43|1.5|176|192|308|8256.0
202405|ADM|11|26140|11200000|대구|서초구|서초동|2811000000|인계동|1|20|0|2|2|310|231|231|840|56560|4470.0|1919.0|1655.0|896.0|3235|1786|1388|1032570.0|443289.0|382305.0|206976.0|2630961|2763851|924409|471046|41|130|38|12|6082975|15671583|4253901|126146|6.22|5|2.73|24|293|73|1465.0
202405|ADM|42|26140|26140000|부산|성남시|인계동|4113000000|역삼1가|2|55|1|2|10|1844|74|74|98|44072|21484.0|10299.0|8573.0|2612.0|20679|8356|6481|1589816.0|762126.0|634402.0|193288.0|3794364|1014058|34944|313108|7|34|9|6|3465500|9796146|2336645|737764|4.58|10|4.53|84|452|185|4520.0
202405|PRVNC|45|46110|26110000|대구|성남시|서초동|4711000000|인계동|2|35|0|2|9|408|70|70|828|69689|45107.0|24552.0|9442.0|11113.0|42914|24108|7322|3157490.0|1718640.0|660940.0|777910.0|4693415|1398472|91831|377626|10|39|18|0|9700352|914697|3280431|556793|6.34|7|4.32|49|426|426|2982.0
202405|CNTY_GU|46|42110|42110000|부산|서초구|인계동|4611000000|역삼1가|2|35|0|2|8|777|369|369|666|67363|8111.0|4416.0|1434.0|2261.0|5935|3320|1188|2992959.0|1629504.0|529146.0|834309.0|678916|283889|586936|142687|76|180|75|7|9127967|13402115|4857963|1880240|7.67|5|3.18|107|427|372|2135.0
202405|ADM|44|42110|11170000|서울|강남구|인계동|2614000000|역삼1가|1|30|0|1|3|1031|134|134|93|82540|47240.0|33975.0|6618.0|6647.0|43342|33958|5444|6330160.0|4552650.0|886812.0|890698.0|217682|971880|392792|47612|31|61|36|10|2341548|5926484|1311362|737977|4.88|3|2.75|12|157|303|471.0
202405|ADM|45|27110|26140000|부산|강남구|인계동|1114000000|역삼1가|2|35|1|1|1|1954|8|8|305|96105|443.0|346.0|57.0|40.0|415|325|56|3544.0|2768.0|456.0|320.0|4022477|557876|960680|185496|1|4|2|0|6943792|6085593|686960|176194|3.54|0|1.64|34|0|12|0.0
202405|ADM|45|11170|11170000|부산|강남구|역삼동|4311000000|역삼1가|2|40|3|2|7|756|323|323|781|21705|5695.0|3829.0|806.0|1060.0|5436|3602|622|1839485.0|1236767.0|260338.0|342380.0|4235046|2372386|70453|365814|57|168|36|0|9013693|3105085|799436|1532650|3.28|11|4.15|134|491|195|5401.0
202405|CNTY_GU|47|45110|41110000|서울|강남구|서초동|4413000000|서초1동|1|65|0|1|9|962|445|445|240|51563|13814.0|9688.0|4289.0|0.0|13483|7253|3712|6147230.0|4311160.0|1908605.0|0.0|3426018|1701083|467619|356461|107|199|54|3|6334495|15968255|3714757|1864552|5.09|5|1.42|43|21|10|105.0
202405|CNTY_GU|11|27110|11200000|부산|강남구|서초동|2614000000|역삼1가|2|30|1|2|3|1105|84|84|748|95271|19633.0|11422.0|2276.0|5935.0|19364|8105|2015|1649172.0|959448.0|191184.0|498540.0|4616112|1691240|41664|133123|16|38|15|5|3478918|13005385|4740242|1191563|3.79|2|1.01|55|56|333|112.0
202405|CNTY_GU|26|28110|26140000|경기|서초구|인계동|4711000000|서초1동|2|65|3|1|3|696|246|246|23|83651|12924.0|5277.0|3582.0|4065.0|11478|3696|2515|3179304.0|1298142.0|881172.0|999990.0|3898892|390592|742709|84973|57|147|58|5|629360|7270882|3344842|1857502|7.45|9|3.69|18|489|377|4401.0
202405|ADM|42|44130|11200000|부산|수원시|인계동|1111000000|서초1동|1|40|2|1|5|1712|141|141|992|98105|35637.0|24880.0|4497.0|6260.0|31504|22994|4033|5024817.0|3508080.0|634077.0|882660.0|4860586|2440703|146878|400914|21|83|34|0|8187748|14134681|688229|1684839|5.76|18|1.04|126|58|96|1044.0
202405|ADM|43|44130|11200000|경기|수원시|서초동|1111000000|서초1동|1|35|2|2|5|803|60|60|427|20963|30535.0|21397.0|3548.0|5590.0|23982|20001|3125|1832100.0|1283820.0|212880.0|335400.0|38407|2087373|993004|276011|8|28|16|4|1982485|5048330|4521269|887215|5.25|6|3.74|143|311|233|1866.0
202405|ADM|27|28110|43110000|대구|성남시|역삼동|4711000000|역삼1가|1|70|1|1|1|1567|231|231|509|30748|8406.0|5101.0|882.0|2423.0|7385|5095|730|1941786.0|1178331.0|203742.0|559713.0|4179043|685575|15063|157315|52|113|24|23|7238888|13739085|1712867|629432|2.43|29|2.88|143|459|77|13311.0
202405|ADM|42|41110|45110000|대구|서초구|인계동|1111000000|역삼1가|2|60|1|1|6|1722|189|189|427|82450|37643.0|15033.0|5990.0|16620.0|33627|11128|4902|7114527.0|2841237.0|1132110.0|3141180.0|2857251|1921490|859140|240361|31|110|39|5|3591330|3918556|1941674|1382572|7.32|24|2.86|154|315|350|7560.0
202405|CNTY_GU|41|28110|42110000|경기|성남시|역삼동|4311000000|역삼1가|1|45|0|1|4|1033|356|356|862|37007|30717.0|22363.0|12012.0|0.0|29019|20109|10367|10935252.0|7961228.0|4276272.0|0.0|428527|2113023|994746|304381|94|194|81|15|7418009|15523595|592072|1274273|7.16|12|1.97|40|292|291|3504.0
202405|CNTY_GU|43|45110|26110000|대구|강남구|인계동|2611000000|인계동|2|35|0|1|3|1216|147|147|353|97063|48211.0|15690.0|5718.0|26803.0|43367|12723|4324|7087017.0|2306430.0|840546.0|3940041.0|2673179|2207995|485480|29231|22|59|24|7|3929774|14126720|4428200|64605|4.96|8|2.14|69|219|440|1752.0
202405|CNTY_GU|43|45110|43110000|경기|서초구|역삼동|4711000000|서초1동|2|40|1|2|3|628|99|99|733|47607|37944.0|22211.0|11834.0|3899.0|35674|17780|10417|3756456.0|2198889.0|1171566.0|386001.0|1897099|261962|344996|386487|14|43|28|4|3953304|5161094|4558701|672028|7.15|8|1.59|153|117|483|936.0
202405|CNTY_GU|44|11200|28110000|경기|서초구|역삼동|1114000000|서초1동|2|40|0|1|9|218|24|24|552|41013|42194.0|17715.0|4257.0|20222.0|32496|14816|4135|1012656.0|425160.0|102168.0|485328.0|796871|2802030|669851|440128|3|12|3|0|5059920|9531398|3084829|1274185|3.45|2|2.78|155|410|430|820.0
202405|ADM|43|28110|26140000|경기|수원시|인계동|4711000000|서초1동|1|50|2|1|8|104|147|147|366|30600|33079.0|13918.0|8829.0|10332.0|29596|11966|8593|4862613.0|2045946.0|1297863.0|1518804.0|952582|350984|495924|498656|16|63|39|13|4969225|2422963|3261492|924717|2.85|2|2.29|116|257|403|514.0
202405|ADM|44|41150|43110000|대구|성남시|인계동|2811000000|역삼1가|1|55|0|2|9|1122|182|182|74|70236|15908.0|11288.0|2165.0|2455.0|12410|10096|1535|2895256.0|2054416.0|394030.0|446810.0|4715909|2843506|578918|195723|35|77|37|4|7736419|12485148|4418412|1938917|7.53|24|2.63|37|296|460|7104.0
202405|PRVNC|43|11170|42110000|인천|성남시|역삼동|4111000000|서초1동|1|65|0|1|6|1985|159|159|137|53176|13980.0|4661.0|1552.0|7767.0|11101|4061|1435|2222820.0|741099.0|246768.0|1234953.0|662071|174181|679521|444965|22|67|31|15|359435|9197381|4437790|1754800|6.74|17|3.0|75|368|186|6256.0
202405|CNTY_GU|43|26140|11140000|대구|강남구|인계동|4711000000|역삼1가|1|40|0|1|10|1366|348|348|481|18898|41123.0|29404.0|9388.0|2331.0|33560|27197|7818|14310804.0|10232592.0|3267024.0|811188.0|2857313|685441|875573|116391|67|189|41|28|3167635|8194362|3792447|343310|2.63|32|4.04|19|257|267|8224.0
202405|CNTY_GU|47|11200|27110000|서울|성남시|서초동|4113000000|역삼1가|1|35|0|1|9|910|309|309|804|94322|9261.0|4509.0|2123.0|2629.0|7363|3349|1665|2861649.0|1393281.0|656007.0|812361.0|4878098|179213|688661|265061|43|126|35|24|2845484|5810721|3893569|572889|3.92|8|2.15|61|237|37|1896.0
202405|ADM|42|11170|43110000|부산|서초구|서초동|4311000000|인계동|1|45|0|1|5|1942|289|289|567|51784|47300.0|18454.0|5186.0|23660.0|35596|17203|4612|13669700.0|5333206.0|1498754.0|6837740.0|4685335|1062691|597687|72644|59|129|65|28|8699525|16233063|3458608|356879|3.3|29|4.85|109|386|320|11194.0
202405|CNTY_GU|41|41130|27110000|서울|성남시|역삼동|2614000000|역삼1가|1|30|0|1|2|1722|149|149|111|18750|49644.0|23075.0|5072.0|21497.0|48601|17282|4794|7396956.0|3438175.0|755728.0|3203053.0|4921531|426792|902189|173273|18|61|24|12|189878|17868429|282677|1356363|7.03|2|3.65|69|418|126|836.0
202405|ADM|45|11140|45110000|부산|서초구|역삼동|1120000000|역삼1가|1|40|0|1|8|1545|93|93|523|65032|4810.0|2336.0|789.0|1685.0|4028|2301|706|447330.0|217248.0|73377.0|156705.0|2642713|1768004|663616|50122|16|50|26|5|1151653|328372|617349|1379068|4.55|0|1.08|109|0|423|0.0
202405|CNTY_GU|44|11170|41130000|경기|성남시|인계동|4211000000|서초1동|2|60|0|1|1|810|1|1|681|35817|22995.0|11985.0|8267.0|2743.0|22167|10176|7430|22995.0|11985.0|8267.0|2743.0|1720422|1662264|408819|469499|0|0|0|0|4997986|15658736|170491|1133338|5.44|0|4.42|45|0|414|0.0
202405|ADM|43|41110|41110000|인천|수원시|인계동|2811000000|역삼1가|1|45|0|1|2|682|336|336|156|42748|49203.0|37702.0|5605.0|5896.0|40580|36107|5232|16532208.0|12667872.0|1883280.0|1981056.0|2571012|2090900|964692|48947|59|194|57|14|1418553|13527934|1313678|124871|5.2|2|4.6|125|414|330|828.0
202405|PRVNC|42|41130|41150000|대구|성남시|인계동|4711000000|역삼1가|1|35|1|1|3|781|98|98|831|22725|36130.0|13769.0|12747.0|9614.0|29329|11361|9890|3540740.0|1349362.0|1249206.0|942172.0|515278|384751|499921|347079|26|47|17|4|4898052|13094684|1151060|674088|5.49|9|3.78|171|51|166|459.0
202405|CNTY_GU|45|41130|27110000|경기|강남구|역삼동|2711000000|인계동|2|30|0|2|2|1604|293|293|258|51207|32362.0|17799.0|5678.0|8885.0|32021|15266|5577|9482066.0|5215107.0|1663654.0|2603305.0|828010|1378471|709860|351428|43|148|48|2|7179058|117001|1110218|29670|6.99|34|2.24|164|492|222|16728.0
202405|ADM|44|26110|46110000|대구|서초구|서초동|4413000000|서초1동|2|35|0|1|5|799|16|16|314|88424|45951.0|29211.0|10507.0|6233.0|45711|22096|9246|735216.0|467376.0|168112.0|99728.0|3414504|1760826|352947|361496|3|6|2|0|1526866|198318|4921161|1833456|5.6|2|1.18|158|329|66|658.0
202405|ADM|43|28110|28110000|서울|성남시|역삼동|4113000000|인계동|1|20|0|2|2|1442|330|330|209|57403|10534.0|5670.0|1692.0|3172.0|7881|4950|1284|3476220.0|1871100.0|558360.0|1046760.0|4265469|475956|14708|111689|67|155|35|30|1175752|4676158|4980841|88892|6.57|24|4.21|167|227|387|5448.0
202405|CNTY_GU|26|11110|11110000|경기|서초구|인계동|1117000000|서초1동|2|45|0|2|1|990|125|125|539|93302|39993.0|24713.0|13402.0|1878.0|28537|20458|9657|4999125.0|3089125.0|1675250.0|234750.0|4621344|2222177|254379|218251|30|63|21|12|4243731|17213930|4902859|267165|3.06|8|2.98|165|267|144|2136.0
202405|ADM|27|11200|41110000|경기|성남시|인계동|2811000000|서초1동|1|55|3|1|9|770|275|275|36|58211|46570.0|23710.0|8194.0|14666.0|42599|21033|7577|12806750.0|6520250.0|2253350.0|4033150.0|2942681|1822242|643727|176056|31|146|63|11|7654968|13808388|3964452|891136|5.61|5|4.61|97|355|361|1775.0
202405|ADM|47|43110|11140000|서울|성남시|인계동|4611000000|서초1동|1|25|1|1|3|1292|160|160|433|67992|8715.0|3481.0|2851.0|2383.0|6801|3443|2195|1394400.0|556960.0|456160.0|381280.0|2370991|618149|234792|24296|16|73|16|10|6737849|16320309|4917275|204424|4.99|15|2.96|102|60|182|900.0
202405|ADM|11|26110|27110000|경기|강남구|서초동|2611000000|인계동|1|35|0|1|4|1439|344|344|219|41722|5721.0|4356.0|1028.0|337.0|5277|3197|1013|1968024.0|1498464.0|353632.0|115928.0|2523014|2982499|128851|100864|71|143|51|7|8155969|18157883|1787675|880906|3.9|24|2.21|13|324|330|7776.0
202405|CNTY_GU|42|44130|11110000|서울|성남시|서초동|2611000000|역삼1가|2|70|0|1|1|1057|361|361|54|39332|45815.0|33830.0|7833.0|4152.0|39024|26884|7160|16539215.0|12212630.0|2827713.0|1498872.0|2821397|2603796|355229|380210|65|194|48|28|5126584|10883169|3224704|1365333|7.66|12|4.35|138|284|68|3408.0
202405|CNTY_GU|46|11200|11200000|경기|성남시|인계동|4211000000|인계동|1|45|1|1|2|1009|363|363|351|58299|22987.0|15553.0|2708.0|4726.0|19069|15215|2665|8344281.0|5645739.0|983004.0|1715538.0|887876|400409|833787|310583|70|155|107|15|1481848|12826072|166131|1202765|3.04|2|4.02|114|122|495|244.0
202405|ADM|45|47110|11170000|부산|서초구|서초동|4211000000|서초1동|2|35|2|1|8|190|432|432|244|20249|42541.0|27914.0|5693.0|8934.0|34802|21866|4726|18377712.0|12058848.0|2459376.0|3859488.0|3593719|650574|476240|305666|79|239|78|27|484486|18200747|2374871|1052271|7.21|61|3.68|8|276|130|16836.0
202405|CNTY_GU|47|28110|11170000|경기|서초구|역삼동|2611000000|역삼1가|1|30|0|2|3|1899|397|397|421|19083|29019.0|11022.0|7468.0|10529.0|26666|9024|6403|11520543.0|4375734.0|2964796.0|4180013.0|3489212|811372|244311|68035|45|170|43|32|4822065|14318396|2622622|1386049|3.09|44|4.16|14|406|259|17864.0
202405|ADM|44|27110|26140000|부산|수원시|서초동|1114000000|역삼1가|1|70|0|2|9|1930|2|2|170|17272|41658.0|32133.0|7544.0|1981.0|39308|23447|5727|83316.0|64266.0|15088.0|3962.0|4454777|2833622|489070|461800|0|0|0|0|8315151|15215112|1520854|226200|3.43|0|1.4|65|0|255|0.0
202405|CNTY_GU|27|42110|41110000|인천|성남시|서초동|2614000000|서초1동|1|35|0|1|4|842|276|276|33|18747|23622.0|17444.0|2383.0|3795.0|20680|12760|1913|6519672.0|4814544.0|657708.0|1047420.0|4026765|2200706|20694|447998|69|126|49|14|724543|18626571|2205113|1638511|4.74|20|2.25|150|402|70|8040.0
202405|ADM|43|11170|27110000|경기|수원시|인계동|4511000000|역삼1가|1|50|1|1|3|1181|414|414|731|76014|12158.0|3694.0|3395.0|5069.0|10015|3031|3090|5033412.0|1529316.0|1405530.0|2098566.0|2603266|1979357|333611|97509|50|199|58|39|5019912|10347748|2952649|1701999|6.47|61|4.85|46|102|254|6222.0
202405|CNTY_GU|44|11110|41150000|경기|수원시|역삼동|2614000000|인계동|2|55|1|2|2|1645|186|186|148|15837|23495.0|15598.0|8154.0|0.0|19233|11586|7467|4370070.0|2901228.0|1516644.0|0.0|4752370|1134774|243098|308573|31|101|53|5|6433414|8775070|3473507|1519601|6.85|23|3.43|9|201|452|4623.0
202405|CNTY_GU|42|28110|11170000|대구|서초구|인계동|1114000000|인계동|1|70|2|1|1|1228|395|395|5|96325|2215.0|1484.0|663.0|68.0|1740|1081|567|874925.0|586180.0|261885.0|26860.0|2566521|1302283|50627|224560|45|235|91|25|256805|700213|2882627|1071645|3.37|1|4.19|12|275|320|275.0
202405|CNTY_GU|26|43110|11110000|대구|서초구|인계동|2811000000|역삼1가|2|45|0|1|10|1581|65|65|261|54328|1711.0|807.0|579.0|325.0|1415|642|467|111215.0|52455.0|37635.0|21125.0|3882358|1144664|800412|211527|14|29|15|3|4226655|17647795|3363867|1079418|7.0|8|1.75|99|443|225|3544.0
202405|ADM|45|44130|11170000|서울|성남시|인계동|2811000000|서초1동|2|45|3|1|2|1165|439|439|159|26322|35280.0|19148.0|10746.0|5386.0|31862|14375|8797|15487920.0|8405972.0|4717494.0|2364454.0|2322328|628339|897536|459514|129|205|64|36|6182730|5536378|3758638|1197832|3.88|51|4.24|60|471|363|24021.0
202405|CNTY_GU|26|41150|41110000|인천|성남시|서초동|4311000000|서초1동|2|25|2|1|10|180|450|450|501|84738|5522.0|2458.0|621.0|2443.0|4524|2348|443|2484900.0|1106100.0|279450.0|1099350.0|4391618|87649|814843|289283|48|250|129|39|5268154|14916755|4397204|967624|7.08|25|2.8|169|238|58|5950.0
202405|ADM|42|47110|41150000|인천|강남구|서초동|2614000000|역삼1가|1|60|2|1|1|206|32|32|40|40695|31920.0|14939.0|11805.0|5176.0|25339|13732|9318|1021440.0|478048.0|377760.0|165632.0|1912116|481193|385849|346713|4|15|9|1|4536002|10830773|1749199|1245553|7.63|4|4.05|156|274|353|1096.0
202405|CNTY_GU|11|44130|42110000|부산|서초구|인계동|4113000000|서초1동|2|20|2|1|5|1007|192|192|362|86517|7269.0|4773.0|2826.0|0.0|6791|3833|2267|1395648.0|916416.0|542592.0|0.0|1849616|467624|681777|335272|48|85|35|0|7868456|1984162|4559491|563831|5.39|22|1.93|95|182|125|4004.0
202405|CNTY_GU|47|11170|27110000|인천|강남구|역삼동|1114000000|역삼1가|2|55|3|1|1|913|483|483|511|24698|2967.0|1898.0|994.0|75.0|2807|1586|875|1433061.0|916734.0|480102.0|36225.0|2029028|857124|370375|433779|109|289|92|21|5806554|3579355|3992853|756856|7.27|38|2.95|172|40|81|1520.0
202405|ADM|41|11170|41110000|인천|성남시|역삼동|1111000000|서초1동|1|30|3|2|10|1199|87|87|772|29788|36152.0|14968.0|6403.0|14781.0|30110|12168|5986|3145224.0|1302216.0|557061.0|1285947.0|4760208|2541549|852874|113337|23|44|18|4|4544760|7547998|2744248|325935|5.81|11|2.47|148|170|20|1870.0
202405|CNTY_GU|41|27110|11200000|인천|수원시|역삼동|4113000000|서초1동|2|40|0|1|5|797|160|160|760|54431|2249.0|1602.0|548.0|99.0|2172|1220|385|359840.0|256320.0|87680.0|15840.0|2286215|75873|469117|220930|22|76|36|3|2971450|2808667|4321174|1154875|6.24|17|2.0|109|15|225|255.0
202405|ADM|26|11200|27110000|대구|강남구|역삼동|4115000000|역삼1가|1|55|0|2|5|49|332|332|823|56107|16903.0|7275.0|4718.0|4910.0|13342|5263|4092|5611796.0|2415300.0|1566376.0|1630120.0|678734|206272|393872|493283|67|173|59|24|2007171|11792771|2611605|72642|6.11|16|4.74|104|54|355|864.0
202405|PRVNC|41|28110|11110000|경기|성남시|서초동|4211000000|역삼1가|1|55|1|2|7|475|277|277|157|99768|14345.0|10148.0|5618.0|0.0|10341|8091|4030|3973565.0|2810996.0|1556186.0|0.0|437608|2592225|669994|280949|54|126|53|19|9254439|7293498|1435696|1543984|5.07|14|1.0|113|401|463|5614.0
202405|ADM|47|47110|45110000|경기|수원시|서초동|1120000000|인계동|1|45|0|2|9|1370|386|386|65|62924|37107.0|16373.0|4392.0|16342.0|32557|11756|3614|14323302.0|6319978.0|1695312.0|6308012.0|1358832|1259551|356403|85942|61|183|50|19|148622|17165861|124056|471996|7.02|6|2.16|155|323|400|1938.0
202405|CNTY_GU|26|43110|26110000|부산|서초구|인계동|2611000000|인계동|2|40|0|2|10|1281|253|253|310|53515|31249.0|10076.0|3813.0|17360.0|27305|7511|3414|7905997.0|2549228.0|964689.0|4392080.0|2491309|1990567|816839|495178|57|149|40|18|3231225|3622336|482880|37883|7.65|26|3.67|5|53|3|1378.0
202405|CNTY_GU|45|41150|47110000|부산|수원시|서초동|1120000000|서초1동|1|55|2|2|7|3|414|414|707|71130|38693.0|24354.0|5660.0|8679.0|28556|23193|4003|16018902.0|10082556.0|2343240.0|3593106.0|3855153|572117|168882|105430|64|241|82|19|1167624|9188403|4894280|696967|5.82|57|3.63|163|274|363|15618.0
202405|ADM|41|45110|42110000|대구|수원시|인계동|4111000000|서초1동|2|55|3|1|10|1511|204|204|286|43982|28209.0|10514.0|6100.0|11595.0|23863|10282|4600|5754636.0|2144856.0|1244400.0|2365380.0|4718147|1575915|767758|399077|36|98|38|5|1190022|18339795|1306611|1695015|4.76|8|1.47|138|119|191|952.0
202405|ADM|47|41150|41130000|대구|강남구|서초동|4511000000|역삼1가|2|70|1|2|6|554|313|313|464|49591|32498.0|21134.0|7552.0|3812.0|25434|15906|6936|10171874.0|6614942.0|2363776.0|1193156.0|4558269|552108|74714|279908|40|127|71|18|118047|256309|4294505|170308|5.7|7|1.01|53|254|455|1778.0
202405|ADM|26|41130|47110000|서울|수원시|인계동|2711000000|인계동|1|40|0|2|5|238|454|454|930|41809|31691.0|11056.0|4910.0|15725.0|28199|9681|3899|14387714.0|5019424.0|2229140.0|7139150.0|1246213|564382|285119|132002|114|230|92|10|7767171|7522074|3904836|1860595|5.18|46|4.27|77|332|493|15272.0
202405|ADM|11|42110|41150000|부산|성남시|역삼동|1114000000|인계동|2|35|2|1|8|167|192|192|880|48347|25202.0|19941.0|5131.0|130.0|22448|17407|3862|4838784.0|3828672.0|985152.0|24960.0|3902169|857196|348760|433622|31|95|40|13|3350278|3504899|641143|1054104|6.92|19|4.32|119|358|64|6802.0
202405|ADM|41|41110|47110000|서울|성남시|역삼동|4113000000|서초1동|1|55|1|1|8|1699|33|33|77|47609|32049.0|16063.0|7865.0|8121.0|28411|12193|6565|1057617.0|530079.0|259545.0|267993.0|4872301|2479136|316599|62342|8|14|3|0|6811106|15212883|3834752|1090203|5.72|2|3.87|39|474|209|948.0
202405|ADM|46|26140|44130000|경기|성남시|인계동|4113000000|서초1동|1|55|1|1|4|461|157|157|294|26123|0.0|0.0|0.0|0.0|0|0|0|0.0|0.0|0.0|0.0|1539581|1566092|348563|363162|38|74|18|5|4897062|9779757|1409442|1076906|4.4|6|4.83|81|211|317|1266.0
202405|CNTY_GU|46|26110|27110000|대구|수원시|서초동|4115000000|인계동|1|25|2|1|2|1491|193|193|911|28266|11058.0|5818.0|4166.0|1074.0|8506|5262|3132|2134194.0|1122874.0|804038.0|207282.0|2679722|301557|832687|302870|33|98|48|6|8499588|8473670|122844|1614390|6.58|4|2.15|11|89|260|356.0
202405|CNTY_GU|11|26140|11110000|인천|서초구|인계동|4115000000|인계동|2|70|1|1|5|297|333|333|24|65270|8356.0|6233.0|1713.0|410.0|7146|4418|1390|2782548.0|2075589.0|570429.0|136530.0|3613803|186251|977771|112583|52|192|62|2|1014271|10881314|3730598|10168|2.67|45|2.78|92|130|368|5850.0
202405|ADM|27|11140|26110000|인천|서초구|인계동|1111000000|인계동|2|50|0|1|3|1954|330|330|780|54580|49362.0|32889.0|18599.0|0.0|39301|28209|13298|16289460.0|10853370.0|6137670.0|0.0|2352378|1708516|189172|34785|80|153|70|25|6569465|11112875|2917343|136528|2.1|12|1.22|46|241|75|2892.0
202405|ADM|26|42110|44130000|서울|서초구|역삼동|1111000000|역삼1가|1|55|0|1|1|679|363|363|312|88500|40349.0|18596.0|14727.0|7026.0|34587|18325|11528|14646687.0|6750348.0|5345901.0|2550438.0|3499665|2067602|451766|386826|53|169|74|34|4786879|15395070|3543640|1031415|3.32|26|3.96|154|298|258|7748.0
202405|CNTY_GU|43|11200|43110000|서울|성남시|역삼동|1117000000|인계동|1|20|0|1|10|679|197|197|322|75374|45269.0|29626.0|14976.0|667.0|34525|22574|12572|8917993.0|5836322.0|2950272.0|131399.0|2929891|2786170|236355|54217|34|110|23|1|9760368|16207359|1462127|275409|5.69|17|2.52|117|341|322|5797.0
202405|CNTY_GU|27|43110|26110000|경기|서초구|인계동|1120000000|역삼1가|2|25|3|1|7|1447|216|216|279|11549|33247.0|26594.0|13058.0|0.0|27359|25965|12864|7181352.0|5744304.0|2820528.0|0.0|2294515|387814|76673|73986|62|107|64|3|9377101|1839878|4335775|1601241|7.51|13|2.87|37|74|351|962.0
202405|CNTY_GU|11|44130|11170000|대구|성남시|서초동|4113000000|인계동|1|35|3|2|9|1262|271|271|637|84096|27111.0|8816.0|7447.0|10848.0|25442|7707|6713|7347081.0|2389136.0|2018137.0|2939808.0|3346791|52032|570286|244904|34|131|55|23|4014937|13267788|4361581|1444314|4.66|0|3.72|120|0|414|0.0
202405|ADM|43|41130|41150000|서울|서초구|역삼동|4311000000|인계동|2|50|2|1|9|1742|474|474|46|20416|35194.0|17346.0|6120.0|11728.0|31149|14914|5328|16681956.0|8222004.0|2900880.0|5559072.0|3177613|973136|835852|305513|92|217|73|21|1754207|17229045|539013|221976|2.69|31|4.92|85|301|140|9331.0
202405|ADM|46|44130|11200000|서울|강남구|역삼동|1111000000|역삼1가|2|40|0|1|2|384|482|482|562|99868|1337.0|602.0|231.0|504.0|1248|421|212|644434.0|290164.0|111342.0|242928.0|4809487|1513481|26273|440032|144|249|110|11|9260439|2235171|3096327|480205|2.44|17|3.28|120|217|164|3689.0
202405|CNTY_GU|47|42110|11110000|부산|강남구|인계동|2611000000|역삼1가|1|35|1|1|3|1723|51|51|828|75066|36238.0|13173.0|12047.0|11018.0|33865|12666|11494|1848138.0|671823.0|614397.0|561918.0|631592|327097|684167|434372|10|23|10|2|1295540|18321351|206112|1980912|4.6|4|3.2|47|295|461|1180.0
202405|ADM|46|26140|41110000|서울|성남시|역삼동|2611000000|인계동|1|55|0|2|7|1499|316|316|238|70236|15874.0|6544.0|2466.0|6864.0|11595|5010|2102|5016184.0|2067904.0|779256.0|2169024.0|723782|2711050|96329|433904|33|137|50|1|7804076|16921092|1629479|371266|4.04|25|4.97|127|208|319|5200.0
202405|CNTY_GU|45|47110|11200000|인천|수원시|인계동|1111000000|인계동|1|30|2|2|7|608|32|32|894|44695|48212.0|18018.0|11743.0|18451.0|37320|17556|8304|1542784.0|576576.0|375776.0|590432.0|1184151|2031230|622717|208524|9|12|8|0|4717669|7673118|1517632|202760|6.74|0|3.61|71|0|4|0.0
202405|ADM|47|11170|28110000|대구|성남시|서초동|2611000000|인계동|2|20|2|2|7|298|32|32|865|74665|3171.0|1485.0|1040.0|646.0|2805|1478|760|101472.0|47520.0|33280.0|20672.0|2261469|2418248|503111|169406|9|15|8|2|9513057|9917690|275776|1775366|6.79|0|4.98|25|0|161|0.0
202405|CNTY_GU|46|27110|26110000|서울|수원시|인계동|4511000000|인계동|2|30|2|1|9|1989|2|2|889|65989|47583.0|29692.0|6942.0|10949.0|42250|27647|6222|95166.0|59384.0|13884.0|21898.0|3408066|1660123|137056|166823|0|1|0|0|7495511|19405357|472291|556755|3.4|0|4.88|139|0|12|0.0
202405|CNTY_GU|44|45110|43110000|서울|성남시|인계동|4413000000|서초1동|2|45|3|1|9|1467|453|453|757|41337|34086.0|19653.0|8179.0|6254.0|28564|16385|7470|15440958.0|8902809.0|3705087.0|2833062.0|3777221|91019|99589|498139|103|263|111|43|764347|13295823|860043|1076823|6.89|10|3.11|78|61|478|610.0
202405|ADM|26|11170|26110000|서울|성남시|서초동|1111000000|서초1동|2|65|0|2|4|1124|113|113|990|27146|9347.0|3795.0|3397.0|2155.0|9293|3455|3293|1056211.0|428835.0|383861.0|243515.0|778919|1390981|547160|431352|22|48|16|10|268374|6615089|1871400|180366|2.48|0|3.54|72|0|396|0.0
202405|PRVNC|41|26140|11140000|대구|수원시|서초동|1111000000|인계동|2|60|0|2|6|1656|466|466|472|57558|23020.0|15107.0|4555.0|3358.0|21076|13296|3398|10727320.0|7039862.0|2122630.0|1564828.0|4438290|752702|746021|99003|113|255|106|33|7774925|15162081|1497064|1048206|5.91|6|2.0|132|494|492|2964.0
202405|ADM|27|11200|11200000|부산|강남구|역삼동|1120000000|서초1동|2|45|1|1|2|1583|497|497|451|21034|46748.0|14326.0|13716.0|18706.0|34012|11208|10264|23233756.0|7120022.0|6816852.0|9296882.0|3127383|2471942|31477|23352|107|239|142|47|1247516|19988160|15589|160872|6.73|17|2.49|108|123|231|2091.0
202405|PRVNC|27|47110|45110000|경기|서초구|인계동|1120000000|인계동|2|60|0|1|6|969|353|353|296|96788|1589.0|746.0|624.0|219.0|1468|643|448|560917.0|263338.0|220272.0|77307.0|3603437|476802|43214|342647|69|208|47|18|1350332|15185896|2071537|1194964|6.16|10|2.66|59|147|82|1470.0
202405|ADM|47|26140|26140000|경기|강남구|인계동|2611000000|인계동|1|40|0|1|10|605|270|270|265|11899|46047.0|32993.0|12371.0|683.0|36589|24543|8988|12432690.0|8908110.0|3340170.0|184410.0|1279446|1052494|989265|478298|58|118|51|24|725204|3981664|1426886|592970|4.3|36|2.58|119|310|452|11160.0
202405|ADM|41|26140|26110000|대구|서초구|인계동|2711000000|역삼1가|2|70|0|1|2|684|328|328|427|83139|16011.0|8550.0|3173.0|4288.0|11983|8115|2804|5251608.0|2804400.0|1040744.0|1406464.0|3273771|2405434|741774|493035|38|151|48|30|7440714|9498514|2979362|1216909|2.04|40|3.87|27|374|352|14960.0
202405|CNTY_GU|47|28110|45110000|대구|강남구|인계동|2711000000|서초1동|1|65|0|1|1|1757|69|69|9|48485|41150.0|19287.0|4686.0|17177.0|31180|19175|3734|2839350.0|1330803.0|323334.0|1185213.0|1922479|2888083|78387|107293|14|40|16|1|2919065|16239882|2463562|861205|6.33|1|4.87|172|252|96|252.0
202405|ADM|45|46110|42110000|경기|서초구|서초동|2811000000|서초1동|2|70|1|1|9|1956|439|439|567|48023|715.0|552.0|79.0|84.0|684|425|63|313885.0|242328.0|34681.0|36876.0|440936|674731|361407|40088|127|234|83|37|9470547|11660721|4596832|183312|3.49|61|3.08|67|222|257|13542.0
202405|CNTY_GU|42|11140|41110000|경기|성남시|역삼동|4211000000|역삼1가|2|55|3|1|8|930|295|295|959|36608|830.0|463.0|258.0|109.0|721|437|246|244850.0|136585.0|76110.0|32155.0|2053441|1322691|11711|463484|86|124|75|5|3511840|13049818|1329812|1322875|5.14|33|4.01|119|284|249|9372.0
202405|ADM|41|11170|41150000|부산|수원시|역삼동|4711000000|서초1동|1|55|0|2|10|1356|68|68|574|28849|27942.0|17717.0|8616.0|1609.0|23085|14681|6221|1900056.0|1204756.0|585888.0|109412.0|2602431|2769785|659558|251126|7|37|11|6|7278816|18334802|3531394|958693|6.13|7|3.73|27|304|125|2128.0
202405|ADM|44|42110|26110000|대구|서초구|인계동|4211000000|역삼1가|2|40|3|1|2|227|482|482|984|16170|32620.0|23210.0|7765.0|1645.0|28067|17635|5457|15722840.0|11187220.0|3742730.0|792890.0|3033600|2525810|278088|45819|68|247|126|22|1746958|4476107|3309329|244580|3.12|64|2.09|151|159|200|10176.0
202405|ADM|27|28110|11170000|서울|강남구|역삼동|2611000000|인계동|1|30|1|1|2|988|97|97|671|84305|20048.0|8154.0|6092.0|5802.0|19816|6903|5637|1944656.0|790938.0|590924.0|562794.0|2769827|1988387|767123|204987|15|42|28|5|5759063|13597055|3966104|962066|5.54|11|4.1|104|95|167|1045.0
202405|ADM|42|44130|41130000|경기|서초구|서초동|1117000000|인계동|2|70|1|1|7|1663|199|199|582|59146|4628.0|3521.0|830.0|277.0|3964|3019|798|920972.0|700679.0|165170.0|55123.0|3393439|2106951|99396|483706|25|81|50|16|9356143|8549847|337608|932327|7.53|13|4.01|103|460|44|5980.0
202405|CNTY_GU|44|41150|27110000|경기|수원시|역삼동|2711000000|서초1동|2|30|0|1|8|1133|169|169|929|52439|39245.0|22342.0|13756.0|3147.0|28863|16933|11839|6632405.0|3775798.0|2324764.0|531843.0|2605344|901824|967810|234361|35|96|41|6|3340406|19521226|2481374|495534|2.36|17|2.06|36|240|141|4080.0
202405|ADM|42|11200|27110000|부산|수원시|역삼동|4113000000|인계동|1|30|0|1|1|1609|408|408|269|67704|0.0|0.0|0.0|0.0|0|0|0|0.0|0.0|0.0|0.0|1347683|2263973|920057|243363|114|205|116|12|7617095|13028380|938168|446806|7.58|2|4.16|105|494|192|988.0
202405|ADM|46|27110|41150000|경기|서초구|서초동|2711000000|인계동|1|65|2|2|8|604|288|288|900|22116|47542.0|18958.0|8128.0|20456.0|35099|13337|7504|13692096.0|5459904.0|2340864.0|5891328.0|270786|174595|553638|192432|44|147|44|25|1306803|19023806|943264|744801|6.79|7|2.34|77|456|225|3192.0
202405|ADM|42|41110|28110000|서울|수원시|서초동|4111000000|역삼1가|1|30|2|1|8|486|476|476|338|56453|13623.0|5606.0|5370.0|2647.0|10774|4842|5308|6484548.0|2668456.0|2556120.0|1259972.0|1884564|859619|602903|446868|55|262|96|35|5942240|8736038|509906|1971928|2.6|39|3.24|162|334|258|13026.0
202405|ADM|44|42110|44130000|서울|강남구|서초동|4711000000|서초1동|1|25|0|1|10|1530|463|463|595|58904|30049.0|19570.0|4810.0|5669.0|29235|15505|3441|13912687.0|9060910.0|2227030.0|2624747.0|3476781|335038|992775|84190|90|277|52|31|8741427|88545|3956166|1500390|4.13|15|4.34|120|236|272|3540.0
202405|ADM|45|45110|44130000|대구|서초구|인계동|4111000000|인계동|2|50|0|2|4|1295|242|242|199|78289|8576.0|6652.0|1257.0|667.0|7024|6586|1005|2075392.0|1609784.0|304194.0|161414.0|148598|2055657|249172|251239|45|134|71|0|829918|17448188|1559563|1604371|6.32|32|1.47|12|94|261|3008.0
202405|CNTY_GU|46|46110|11140000|부산|성남시|인계동|1117000000|인계동|1|55|2|1|4|434|278|278|515|12740|17267.0|9449.0|5889.0|1929.0|16677|8348|4663|4800226.0|2626822.0|1637142.0|536262.0|4640062|2739317|312267|157846|43|119|72|9|2453218|8989556|3396923|418727|3.24|15|2.21|35|495|349|7425.0
202405|ADM|44|27110|27110000|대구|성남시|역삼동|1111000000|인계동|1|55|0|1|1|362|103|103|769|22301|37302.0|17650.0|7247.0|12405.0|31844|16126|6727|3842106.0|1817950.0|746441.0|1277715.0|3594151|1414727|930188|286443|24|60|22|3|8397518|15004499|3886663|1776638|7.13|4|3.99|150|496|87|1984.0
202405|CNTY_GU|44|41110|27110000|인천|성남시|서초동|4113000000|서초1동|1|45|0|2|10|199|155|155|401|47530|42958.0|26644.0|10833.0|5481.0|31853|22216|10105|6658490.0|4129820.0|1679115.0|849555.0|1295276|391368|158521|351688|15|78|20|1|1638900|859279|2338671|785657|7.82|15|4.5|65|314|188|4710.0
202405|ADM|26|11140|26140000|경기|서초구|서초동|1120000000|서초1동|1|30|1|2|10|223|111|111|527|41357|7942.0|5727.0|2994.0|0.0|5716|5002|2183|881562.0|635697.0|332334.0|0.0|2574455|2172476|929478|332686|29|62|20|8|7823120|15614702|3024834|423268|6.4|6|4.55|60|260|173|1560.0
202405|ADM|26|41130|11200000|경기|강남구|서초동|4511000000|서초1동|1|40|3|1|2|764|378|378|841|80631|15859.0|8158.0|6269.0|1432.0|12824|7277|4666|5994702.0|3083724.0|2369682.0|541296.0|3596461|951820|315192|340175|60|198|71|27|324840|4359283|4795661|1091814|6.44|45|3.61|83|307|290|13815.0
202405|CNTY_GU|11|27110|41130000|인천|성남시|역삼동|1111000000|인계동|2|55|0|1|1|1871|246|246|658|92517|13109.0|5048.0|1894.0|6167.0|11289|4355|1425|3224814.0|1241808.0|465924.0|1517082.0|2407884|2592800|409866|68704|68|145|63|2|4596928|11455313|3958475|89136|2.15|26|2.39|9|29|66|754.0
202405|CNTY_GU|44|11200|11140000|대구|성남시|서초동|4413000000|서초1동|2|35|1|2|9|448|84|84|383|21003|26806.0|17675.0|2717.0|6414.0|22846|13980|2569|2251704.0|1484700.0|228228.0|538776.0|4375493|1562704|952444|146027|24|47|21|1|8881743|12217872|485325|1406886|6.31|8|3.6|173|276|469|2208.0
202405|PRVNC|41|43110|44130000|서울|성남시|인계동|1120000000|역삼1가|1|30|2|1|9|511|246|246|8|94126|24799.0|18107.0|4451.0|2241.0|21648|12740|3667|6100554.0|4454322.0|1094946.0|551286.0|4222388|1243656|631343|289107|29|118|62|23|48609|12662679|4334643|201542|5.72|22|1.63|25|434|57|9548.0
202405|CNTY_GU|43|27110|41110000|경기|서초구|역삼동|2614000000|서초1동|1|35|0|1|7|1355|467|467|336|65541|47184.0|24492.0|16141.0|6551.0|42295|19046|12964|22034928.0|11437764.0|7537847.0|3059317.0|4868507|2261084|839929|393543|86|204|68|38|1349561|17628450|2968380|429437|7.26|64|1.67|116|132|334|8448.0
202405|CNTY_GU|45|27110|27110000|인천|수원시|역삼동|1117000000|인계동|2|25|1|1|2|1018|264|264|563|88558|19038.0|7682.0|6222.0|5134.0|18151|5761|5771|5026032.0|2028048.0|1642608.0|1355376.0|498224|2694166|804567|492177|78|107|45|0|8774511|15195228|872544|1883281|7.31|34|1.99|12|472|338|16048.0
202405|CNTY_GU|11|26140|41150000|인천|강남구|서초동|2614000000|역삼1가|1|35|2|2|4|0|475|475|51|90088|47552.0|32416.0|12486.0|2650.0|41276|29807|10882|22587200.0|15397600.0|5930850.0|1258750.0|1952686|1783819|891112|354230|96|253|98|14|8636491|5253137|4255363|1903313|5.13|25|2.14|53|387|476|9675.0
202405|CNTY_GU|44|11140|11170000|부산|강남구|인계동|1120000000|역삼1가|1|40|2|1|3|1470|204|204|760|86169|18064.0|12823.0|4263.0|978.0|16772|12543|3422|3685056.0|2615892.0|869652.0|199512.0|527773|1198725|330206|273162|22|111|32|9|17513|14383966|4643335|1425571|5.91|30|2.34|29|318|325|9540.0
202405|ADM|44|45110|46110000|대구|강남구|역삼동|2711000000|역삼1가|2|50|1|2|7|881|440|440|489|15472|25165.0|19042.0|9480.0|0.0|19093|17338|8576|11072600.0|8378480.0|4171200.0|0.0|3054730|804352|389238|119467|79|199|114|7|155041|8842424|568061|1987122|4.89|60|4.74|156|287|448|17220.0
202405|ADM|42|43110|42110000|서울|수원시|서초동|1111000000|서초1동|1|55|1|2|2|1437|314|314|713|81972|2942.0|1361.0|838.0|743.0|2828|988|679|923788.0|427354.0|263132.0|233302.0|2345609|2161959|894217|220311|86|177|92|6|6444152|381577|122841|1450688|4.84|30|4.45|132|186|153|5580.0
202405|ADM|26|11140|43110000|경기|강남구|서초동|4115000000|역삼1가|1|55|1|1|1|1408|67|67|492|95840|3668.0|2898.0|1319.0|0.0|2662|2835|943|245756.0|194166.0|88373.0|0.0|2958467|2884853|321142|218371|14|37|14|6|3576353|11325688|4084137|1325940|7.51|9|1.68|38|50|491|450.0
202405|ADM|11|41130|43110000|경기|서초구|서초동|2811000000|인계동|2|30|0|2|7|1103|248|248|823|18830|15390.0|11082.0|2828.0|1480.0|12515|9300|2022|3816720.0|2748336.0|701344.0|367040.0|1248462|772179|145748|482988|68|132|67|24|5745362|6750355|68392|88791|2.75|1|1.33|121|104|150|104.0
202405|CNTY_GU|27|11200|41150000|경기|수원시|서초동|1120000000|역삼1가|2|45|0|2|8|1253|8|8|85|69665|12394.0|8867.0|2511.0|1016.0|11334|7593|2046|99152.0|70936.0|20088.0|8128.0|3441998|1474211|537876|848|2|3|1|0|612234|2104509|2751522|780010|3.59|0|2.36|151|0|11|0.0
202405|CNTY_GU|11|46110|11200000|경기|서초구|역삼동|2611000000|서초1동|2|30|0|1|6|1608|318|318|739|72456|33680.0|16160.0|3829.0|13691.0|31233|13337|3652|10710240.0|5138880.0|1217622.0|4353738.0|3613551|1543962|942631|328124|47|142|82|13|3850952|7719964|1714868|17571|7.06|9|2.81|112|66|366|594.0
202405|ADM|46|46110|27110000|경기|수원시|역삼동|2614000000|인계동|1|35|0|1|3|1716|57|57|999|30454|20859.0|16190.0|3123.0|1546.0|17257|11632|2588|1188963.0|922830.0|178011.0|88122.0|2031143|1169230|697418|93861|11|32|16|2|7018906|1485|1321713|25570|5.95|6|2.22|69|396|80|2376.0
202405|CNTY_GU|47|46110|41150000|인천|성남시|인계동|4511000000|역삼1가|1|55|2|2|3|1014|196|196|928|85472|1613.0|973.0|211.0|429.0|1282|904|149|316148.0|190708.0|41356.0|84084.0|1694694|1301205|419145|383108|58|117|36|3|3090398|15929775|2230931|505196|6.46|15|2.94|178|87|19|1305.0
202405|ADM|11|42110|42110000|대구|성남시|역삼동|4511000000|역삼1가|1|40|1|1|4|168|324|324|73|57261|25623.0|7815.0|4805.0|13003.0|25254|6130|4205|8301852.0|2532060.0|1556820.0|4212972.0|3258795|1959112|530260|381983|60|185|51|12|4534911|15803746|1914419|536076|7.28|13|4.1|69|208|369|2704.0
202405|CNTY_GU|27|26110|42110000|대구|서초구|역삼동|2811000000|인계동|1|70|0|2|10|1931|427|427|323|74196|43038.0|29171.0|10424.0|3443.0|35621|26296|7986|18377226.0|12456017.0|4451048.0|1470161.0|4890753|2797495|776627|288533|83|242|88|21|9299464|7916759|3514929|1967996|4.85|48|4.75|149|183|190|8784.0
202405|CNTY_GU|11|41110|41150000|대구|강남구|서초동|4511000000|인계동|2|65|2|2|8|132|148|148|226|34868|48413.0|25000.0|10793.0|12620.0|35369|19757|9894|7165124.0|3700000.0|1597364.0|1867760.0|2388756|122336|57909|428202|29|70|36|1|4956782|13822848|812217|1575126|2.45|0|1.54|93|0|164|0.0
202405|PRVNC|43|46110|26110000|경기|수원시|역삼동|2611000000|인계동|2|40|1|2|5|432|240|240|464|62043|4130.0|1845.0|1045.0|1240.0|3540|1399|928|991200.0|442800.0|250800.0|297600.0|2166106|2121229|575119|304425|54|113|37|13|7609787|13149355|2837992|1831915|6.09|27|1.64|96|465|159|12555.0
202405|CNTY_GU|44|47110|41150000|서울|성남시|서초동|4413000000|역삼1가|1|55|2|1|10|984|427|427|235|31470|48984.0|36842.0|7329.0|4813.0|39808|29983|5739|20916168.0|15731534.0|3129483.0|2055151.0|2503302|1268874|5325|482456|120|248|89|18|566379|4559554|1738898|1427403|7.11|46|4.13|177|301|317|13846.0
202405|ADM|26|26140|11140000|인천|성남시|인계동|4711000000|서초1동|1|40|2|1|7|684|95|95|449|36213|43516.0|22177.0|15293.0|6046.0|43515|21870|11181|4134020.0|2106815.0|1452835.0|574370.0|2468675|1161515|560285|214313|24|44|22|5|8841802|15441926|1923661|39359|2.76|8|2.01|164|414|382|3312.0
202405|CNTY_GU|47|43110|46110000|서울|성남시|서초동|4115000000|인계동|2|55|1|1|7|743|459|459|0|38470|35839.0|27265.0|7296.0|1278.0|35167|22768|5421|16450101.0|12514635.0|3348864.0|586602.0|1346267|889412|627203|489912|100|209|77|45|1146142|37195|4448001|360648|7.52|31|4.21|52|18|371|558.0
202405|CNTY_GU|44|41130|41110000|서울|강남구|인계동|1114000000|서초1동|1|30|2|2|2|1348|454|454|670|11921|8747.0|6123.0|3061.0|0.0|8416|4465|2306|3971138.0|2779842.0|1389694.0|0.0|3846355|2672884|610361|342213|45|224|51|22|680019|7266255|1040006|139395|4.66|35|4.16|8|129|386|4515.0
202405|ADM|11|43110|11140000|서울|성남시|인계동|2614000000|역삼1가|1|20|0|1|8|1134|280|280|647|23733|26652.0|12336.0|5705.0|8611.0|23008|11112|4448|7462560.0|3454080.0|1597400.0|2411080.0|564782|1806814|986957|430583|65|159|47|4|3057408|9652240|2916698|1727442|6.71|38|3.09|12|100|110|3800.0
202405|ADM|44|11170|26110000|인천|수원시|인계동|1117000000|역삼1가|2|55|1|2|1|798|438|438|56|28248|23617.0|17332.0|5220.0|1065.0|19524|12384|4220|10344246.0|7591416.0|2286360.0|466470.0|4931417|543723|385989|360841|55|201|70|14|7740371|6093084|707883|711583|7.56|25|3.91|64|52|160|1300.0
202405|ADM|27|26110|44130000|부산|수원시|역삼동|1117000000|인계동|2|35|0|2|7|1738|207|207|128|75428|30508.0|12240.0|6445.0|11823.0|27185|10473|6383|6315156.0|2533680.0|1334115.0|2447361.0|4794767|337132|82657|244203|34|99|55|18|216553|16110609|2284205|910248|6.05|6|4.78|68|64|126|384.0
202405|ADM|41|41150|46110000|대구|성남시|서초동|4211000000|역삼1가|1|30|0|1|7|120|22|22|668|97488|1961.0|1363.0|423.0|175.0|1421|1184|354|43142.0|29986.0|9306.0|3850.0|3925098|17104|356375|284458|4|11|4|1|6794589|2663104|2201002|738674|3.08|0|4.72|126|0|428|0.0
202405|CNTY_GU|43|11200|41150000|부산|강남구|인계동|4711000000|서초1동|2|45|3|2|4|890|492|492|187|33130|44217.0|27337.0|13627.0|3253.0|44156|24707|12239|21754764.0|13449804.0|6704484.0|1600476.0|4501521|1716122|207340|26224|65|246|83|18|2989452|10918700|3271869|652121|2.92|12|1.87|66|101|338|1212.0
202405|CNTY_GU|11|27110|41130000|대구|서초구|역삼동|4211000000|인계동|2|60|1|1|4|122|82|82|656|69110|46079.0|22142.0|10484.0|13453.0|37914|17351|8992|3778478.0|1815644.0|859688.0|1103146.0|797536|1321650|170998|221894|23|43|22|5|7799745|13977033|3665085|984535|5.83|9|2.54|21|396|69|3564.0
202405|ADM|47|41150|26110000|인천|서초구|역삼동|4211000000|인계동|2|30|0|2|6|1132|366|366|432|69190|0.0|0.0|0.0|0.0|0|0|0|0.0|0.0|0.0|0.0|820738|2875252|565195|330891|108|197|46|3|7810163|6112196|2282302|1135850|2.42|0|1.23|132|0|252|0.0
202405|ADM|44|44130|41110000|부산|강남구|서초동|1111000000|역삼1가|1|35|3|1|2|477|431|431|509|56191|34383.0|16852.0|8610.0|8921.0|24267|13200|6756|14819073.0|7263212.0|3710910.0|3844951.0|1755236|2203646|336395|248545|73|243|106|41|6460115|6843766|1912424|1417293|4.18|55|1.36|119|418|418|22990.0
202405|CNTY_GU|43|41150|41150000|대구|강남구|역삼동|4611000000|서초1동|2|30|0|2|4|841|227|227|821|96262|29.0|9.0|11.0|9.0|21|6|8|6583.0|2043.0|2497.0|2043.0|4875055|2228147|882545|401498|62|128|34|18|7602379|13574109|2388654|1561025|6.36|32|4.48|148|230|340|7360.0
202405|CNTY_GU|11|47110|47110000|서울|강남구|인계동|2611000000|서초1동|1|25|0|2|9|339|416|416|133|20424|42658.0|13682.0|5957.0|23019.0|41779|13143|5173|17745728.0|5691712.0|2478112.0|9575904.0|386949|478081|104169|46659|118|249|104|18|5607098|6676231|473710|1588684|2.5|48|1.8|143|410|136|19680.0
202405|CNTY_GU|43|41130|45110000|인천|수원시|역삼동|4611000000|서초1동|1|40|1|2|4|1914|37|37|382|73218|902.0|302.0|344.0|256.0|803|283|256|33374.0|11174.0|12728.0|9472.0|1558799|2353146|311475|395865|3|16|5|1|5995450|18331639|1183220|502145|7.06|1|3.49|75|326|174|326.0
202405|ADM|41|42110|28110000|서울|강남구|서초동|4511000000|서초1동|1|45|3|1|2|1815|115|115|388|34934|0.0|0.0|0.0|0.0|0|0|0|0.0|0.0|0.0|0.0|2257326|165061|274009|32713|11|47|20|10|7477393|14021970|2403547|1140112|6.97|5|4.81|70|144|54|720.0
202405|CNTY_GU|44|41130|11200000|부산|강남구|역삼동|4111000000|서초1동|1|35|1|2|8|902|25|25|737|47359|20746.0|8928.0|3454.0|8364.0|19104|8871|2806|518650.0|223200.0|86350.0|209100.0|2947862|911204|783003|498835|4|14|4|1|8725417|5571906|4959270|1598186|5.84|0|3.05|161|0|497|0.0
202405|PRVNC|41|47110|11200000|서울|수원시|서초동|4413000000|서초1동|1|60|1|2|4|1163|498|498|554|85849|39415.0|28617.0|15256.0|0.0|37234|23067|14946|19628670.0|14251266.0|7597488.0|0.0|1183401|1583082|33093|494347|126|249|52|6|4296988|9176865|3135884|1086627|6.61|58|1.63|140|149|224|8642.0
202405|CNTY_GU|26|11140|44130000|인천|수원시|서초동|4711000000|역삼1가|2|35|0|2|3|446|96|96|644|72611|20000.0|6048.0|3864.0|10088.0|19817|4610|3449|1920000.0|580608.0|370944.0|968448.0|2611087|2010653|742649|137399|16|40|28|9|4508875|4630859|1632946|1388573|3.01|5|1.78|128|421|39|2105.0
202405|CNTY_GU|26|26110|11110000|경기|수원시|역삼동|4115000000|역삼1가|1|40|0|1|7|1103|481|481|552|98372|11088.0|5921.0|2791.0|2376.0|11005|4460|2562|5333328.0|2848001.0|1342471.0|1142856.0|434175|2767568|936724|335440|59|211|106|43|8674843|10327077|848634|1619538|5.07|67|4.29|13|32|455|2144.0
202405|PRVNC|47|26110|42110000|대구|강남구|인계동|1120000000|역삼1가|2|30|1|1|10|978|288|288|671|63568|14882.0|5192.0|2318.0|7372.0|13426|4630|1898|4286016.0|1495296.0|667584.0|2123136.0|3389509|1329096|570080|369387|41|145|43|1|6115119|1264637|500326|358396|3.1|20|2.51|109|94|177|1880.0
202405|CNTY_GU|43|41130|47110000|서울|성남시|역삼동|4511000000|서초1동|2|45|0|1|1|886|241|241|543|17154|40757.0|23337.0|7136.0|10284.0|31715|17162|5373|9822437.0|5624217.0|1719776.0|2478444.0|1971395|1000201|205214|223481|58|107|30|6|6277648|3555945|4027475|882434|6.24|7|3.29|178|345|48|2415.0
202405|CNTY_GU|44|11170|41130000|대구|서초구|서초동|4211000000|인계동|1|25|1|1|2|1234|82|82|933|43813|21400.0|14679.0|8172.0|0.0|21384|14253|7229|1754800.0|1203678.0|670104.0|0.0|4547501|1582479|224673|484630|10|39|17|2|2674355|18038190|4760221|1550687|7.66|3|2.26|126|201|252|603.0
202405|ADM|43|11110|11170000|대구|서초구|서초동|2811000000|역삼1가|2|60|0|1|3|1875|175|175|356|71582|26093.0|8852.0|5215.0|12026.0|21789|6251|3795|4566275.0|1549100.0|912625.0|2104550.0|2797297|335706|840589|151865|23|96|46|3|3827407|288966|941835|1773500|6.9|12|1.18|104|433|77|5196.0
202405|CNTY_GU|26|11170|11170000|경기|수원시|서초동|1117000000|인계동|1|60|2|1|5|169|384|384|878|82724|38693.0|30698.0|12710.0|0.0|34262|26702|9338|14858112.0|11788032.0|4880640.0|0.0|1311495|2181971|530908|395804|62|200|74|8|6342618|1803425|1085006|1766426|4.13|43|2.99|172|383|489|16469.0
202405|ADM|11|41130|26140000|서울|강남구|역삼동|2614000000|인계동|2|25|0|1|7|1647|461|461|216|86926|9150.0|5192.0|2909.0|1049.0|8551|3845|2825|4218150.0|2393512.0|1341049.0|483589.0|971211|2252104|582578|226588|71|252|91|31|3901939|5506702|4133002|147332|4.92|14|4.58|85|440|345|6160.0
202405|CNTY_GU|26|47110|43110000|인천|강남구|역삼동|4115000000|역삼1가|1|50|2|1|8|1392|458|458|86|61735|13848.0|10987.0|1554.0|1307.0|10997|8595|1281|6342384.0|5032046.0|711732.0|598606.0|2445444|933096|144872|372722|114|212|78|24|4151464|6322408|1257913|226398|5.81|18|4.13|31|415|27|7470.0
202405|ADM|11|47110|42110000|인천|강남구|서초동|4311000000|역삼1가|1|35|0|1|10|1382|486|486|412|74507|23136.0|15967.0|3109.0|4060.0|18589|14185|2773|11244096.0|7759962.0|1510974.0|1973160.0|3779160|2390540|656866|371198|61|282|78|33|240974|593748|4372367|505683|2.54|42|2.84|63|37|204|1554.0
202405|ADM|44|41110|45110000|서울|수원시|인계동|2811000000|인계동|2|40|1|1|8|916|65|65|637|83452|33660.0|17973.0|7973.0|7714.0|27200|13154|6957|2187900.0|1168245.0|518245.0|501410.0|3116933|2313088|400506|342817|17|27|18|1|4414027|14003685|622305|1378897|3.46|8|3.16|139|135|239|1080.0
202405|PRVNC|26|45110|11140000|경기|성남시|역삼동|4611000000|인계동|2|55|1|1|9|100|52|52|451|16347|3296.0|1345.0|884.0|1067.0|2902|1326|747|171392.0|69940.0|45968.0|55484.0|518910|1556519|803352|444852|7|30|15|2|6505665|6165863|3709887|862254|6.47|6|4.0|139|343|205|2058.0
202405|PRVNC|47|26140|11140000|대구|서초구|서초동|2614000000|역삼1가|2|40|2|1|10|1943|5|5|206|17646|31560.0|14149.0|11266.0|6145.0|22469|12250|10527|157800.0|70745.0|56330.0|30725.0|4790826|573962|921399|19030|0|2|1|0|2623833|17238336|4635741|1494783|5.78|0|2.16|115|0|368|0.0
202405|CNTY_GU|47|43110|26110000|대구|강남구|인계동|4211000000|역삼1가|2|50|3|2|2|1563|329|329|121|51921|11019.0|3916.0|2220.0|4883.0|8767|3878|2115|3625251.0|1288364.0|730380.0|1606507.0|2014857|2933764|144931|121310|69|152|62|23|623101|12173307|1198712|1002246|6.35|44|4.17|40|163|187|7172.0
202405|ADM|42|41150|42110000|대구|성남시|서초동|2611000000|서초1동|1|60|2|1|4|783|355|355|633|13326|48803.0|35875.0|10478.0|2450.0|38048|35830|10467|17325065.0|12735625.0|3719690.0|869750.0|1158270|2150035|236237|170589|59|154|102|26|6493174|9764695|503596|1670436|6.43|51|2.29|142|431|12|21981.0
202405|ADM|45|11110|41130000|대구|수원시|서초동|4111000000|역삼1가|2|45|0|1|1|1510|78|78|827|26935|18984.0|6740.0|2319.0|9925.0|18545|5753|2273|1480752.0|525720.0|180882.0|774150.0|46272|1366495|9992|84618|8|36|10|0|1509250|13542232|706038|1302831|6.59|4|2.95|117|55|143|220.0
202405|ADM|11|28110|11140000|대구|성남시|역삼동|4111000000|서초1동|1|65|0|1|2|235|62|62|41|16439|29670.0|17689.0|8248.0|3733.0|25446|14340|7698|1839540.0|1096718.0|511376.0|231446.0|2432808|859922|90987|283495|8|26|12|5|210369|16492646|2298511|1523729|5.32|0|3.62|161|0|239|0.0
202405|CNTY_GU|47|41130|41110000|대구|수원시|역삼동|4511000000|역삼1가|1|40|2|2|2|968|158|158|274|81116|9735.0|5687.0|2599.0|1449.0|9706|4135|2416|1538130.0|898546.0|410642.0|228942.0|3613764|349604|725467|286842|19|64|22|8|5168063|15387366|3006477|877402|3.58|10|2.59|68|153|428|1530.0
202405|CNTY_GU|45|11170|11110000|인천|성남시|서초동|1111000000|역삼1가|1|45|1|2|1|1204|156|156|660|95508|22934.0|7897.0|8493.0|6544.0|17492|6432|7858|3577704.0|1231932.0|1324908.0|1020864.0|1268003|47299|875162|110431|37|72|21|7|8262365|10147433|551657|107275|5.28|11|2.69|131|84|230|924.0
202405|ADM|47|42110|46110000|서울|수원시|서초동|1114000000|인계동|2|60|0|1|6|662|285|285|486|51972|8930.0|3120.0|1124.0|4686.0|6563|2703|881|2545050.0|889200.0|320340.0|1335510.0|319255|681443|167983|214667|45|118|49|10|4773643|16479286|2323045|171136|3.54|4|3.61|73|271|0|1084.0
202405|CNTY_GU|45|11110|11110000|인천|서초구|인계동|4511000000|역삼1가|1|70|0|1|4|1988|201|201|278|47218|3499.0|2590.0|580.0|329.0|2562|2360|497|703299.0|520590.0|116580.0|66129.0|3575057|2894070|63689|494515|35|102|26|5|1333329|18530840|1083907|1571675|5.06|24|4.45|29|312|397|7488.0
202405|CNTY_GU|44|41130|11200000|인천|성남시|역삼동|2711000000|인계동|1|60|1|1|3|975|319|319|408|77680|15690.0|5749.0|4288.0|5653.0|13369|4123|3377|5005110.0|1833931.0|1367872.0|1803307.0|3729260|865635|101300|462879|61|182|71|26|7869715|10739641|3068650|326475|3.79|14|2.66|44|444|270|6216.0
202405|CNTY_GU|41|46110|41150000|서울|성남시|서초동|4611000000|서초1동|1|40|0|1|1|456|245|245|36|18330|43598.0|21960.0|7452.0|14186.0|38941|19671|7254|10681510.0|5380200.0|1825740.0|3475570.0|1486850|2825533|297694|439057|35|112|47|17|1270341|16655743|3771651|1592354|3.73|21|2.99|91|40|493|840.0
202405|CNTY_GU|44|11110|42110000|인천|성남시|인계동|4511000000|서초1동|2|60|1|2|6|992|413|413|4|65142|6999.0|3440.0|749.0|2810.0|6345|2834|748|2890587.0|1420720.0|309337.0|1160530.0|4828951|2198914|912941|82562|103|207|96|11|4830540|15680124|2375564|706695|5.82|5|2.54|33|140|390|700.0
202405|ADM|27|11200|46110000|경기|강남구|서초동|1117000000|인계동|2|40|2|2|7|626|338|338|629|78492|18264.0|11767.0|6521.0|0.0|14674|9285|6223|6173232.0|3977246.0|2204098.0|0.0|2941712|607210|708372|279830|55|165|54|11|8605326|3919542|2147763|939637|5.32|41|1.71|44|124|147|5084.0
202405|ADM|11|43110|43110000|인천|서초구|서초동|4111000000|역삼1가|1|60|0|2|9|576|149|149|175|52115|8469.0|6494.0|2613.0|0.0|6749|6276|2545|1261881.0|967606.0|389337.0|0.0|4143279|2364206|925851|202103|34|87|18|5|4218069|13667676|556440|594082|2.33|10|4.68|26|88|75|880.0
202405|ADM|43|43110|11170000|인천|수원시|서초동|2614000000|인계동|1|55|3|2|1|695|94|94|269|51480|39302.0|14661.0|7254.0|17387.0|37909|10905|6861|3694388.0|1378134.0|681876.0|1634378.0|1404552|2675277|638246|247092|22|42|26|7|7386876|5216738|1462770|1065661|2.03|13|4.82|16|229|13|2977.0
202405|ADM|46|41150|11110000|인천|강남구|인계동|4111000000|인계동|1|30|0|1|6|1897|241|241|13|33949|4687.0|2998.0|839.0|850.0|3731|2869|709|1129567.0|722518.0|202199.0|204850.0|2674558|753550|198470|100571|68|103|37|20|366707|8595494|2489271|1659155|3.9|33|4.99|121|102|412|3366.0
202405|ADM|45|44130|42110000|인천|수원시|서초동|2611000000|인계동|2|60|0|1|2|221|494|494|978|87779|33784.0|17234.0|11918.0|4632.0|30142|16434|10978|16689296.0|8513596.0|5887492.0|2288208.0|3873507|1165890|761448|176989|105|227|57|23|6000457|3080687|2471026|547005|3.43|41|1.3|7|401|13|16441.0
202405|PRVNC|45|26110|26110000|서울|강남구|인계동|1111000000|인계동|1|70|0|1|8|1843|27|27|938|43173|20426.0|16082.0|4169.0|175.0|15124|12083|4087|551502.0|434214.0|112563.0|4725.0|4833266|1431755|843351|101309|6|13|6|0|4932405|6875149|1113092|1493886|4.38|3|3.72|123|194|172|582.0
202405|ADM|47|11200|26110000|인천|서초구|역삼동|4511000000|역삼1가|2|40|1|1|7|1771|190|190|176|79231|24502.0|14226.0|8489.0|1787.0|19385|11443|6091|4655380.0|2702940.0|1612910.0|339530.0|3278667|981801|583781|293938|56|94|19|18|652261|2436034|522940|633494|4.87|27|2.47|64|93|465|2511.0
202405|CNTY_GU|42|43110|11200000|대구|강남구|인계동|4115000000|인계동|2|55|3|2|1|1853|351|351|951|22497|44281.0|15311.0|10899.0|18071.0|31393|13745|7668|15542631.0|5374161.0|3825549.0|6342921.0|3857569|2570156|411918|108281|86|156|65|6|1828799|12771536|982793|1626271|5.31|10|1.52|97|205|445|2050.0
202405|ADM|41|28110|28110000|서울|수원시|서초동|1117000000|인계동|1|40|1|2|4|1649|266|266|501|98510|14531.0|7037.0|2195.0|5299.0|12626|6840|2008|3865246.0|1871842.0|583870.0|1409534.0|1242127|1126999|405624|220984|35|149|28|16|996562|18329594|1531597|592933|7.71|18|2.27|113|290|171|5220.0
202405|ADM|47|43110|26110000|경기|서초구|서초동|2811000000|서초1동|2|55|0|2|6|380|187|187|160|85344|22402.0|10011.0|4378.0|8013.0|16702|9261|3903|4189174.0|1872057.0|818686.0|1498431.0|491596|1464953|368851|90643|40|85|44|11|6061830|8040861|1242989|187867|4.4|3|3.64|124|437|185|1311.0
202405|CNTY_GU|45|43110|28110000|경기|수원시|인계동|2614000000|인계동|2|45|0|2|6|1884|192|192|559|98269|10646.0|3607.0|2024.0|5015.0|8770|3497|1750|2044032.0|692544.0|388608.0|962880.0|4733837|216852|853782|233599|34|104|39|7|873639|1097916|4248979|1435077|4.25|0|3.55|106|0|80|0.0
202405|ADM|42|26110|42110000|대구|성남시|역삼동|4211000000|인계동|2|40|3|2|9|1654|157|157|100|91135|27488.0|9750.0|3225.0|14513.0|25598|7616|2706|4315616.0|1530750.0|506325.0|2278541.0|389011|724468|782976|79832|22|89|29|2|4430385|8898518|3652778|192990|7.66|21|1.3|170|173|99|3633.0
202405|CNTY_GU|46|46110|41110000|대구|성남시|역삼동|4111000000|인계동|1|30|0|1|10|626|484|484|682|23014|20712.0|16056.0|4301.0|355.0|20401|12840|3431|10024608.0|7771104.0|2081684.0|171820.0|4153578|2833302|856149|468836|122|235|55|9|2184979|13560205|347538|1899808|6.12|16|2.94|104|411|370|6576.0
202405|CNTY_GU|41|26140|11170000|인천|성남시|서초동|4111000000|역삼1가|2|25|2|1|5|426|445|445|377|85235|41993.0|27718.0|11627.0|2648.0|38590|26211|8955|18686885.0|12334510.0|5174015.0|1178360.0|923582|2360269|537456|422639|74|195|104|17|7792770|6945796|17695|1190810|3.13|4|3.95|16|225|59|900.0
202405|ADM|44|26140|26110000|인천|서초구|역삼동|1114000000|역삼1가|2|70|0|2|5|1863|176|176|615|85206|39102.0|22497.0|13834.0|2771.0|31062|20883|10872|6881952.0|3959472.0|2434784.0|487696.0|4696715|2997200|676151|326666|26|98|42|9|2312793|15309340|119712|1081843|7.98|20|3.38|179|139|373|2780.0
202405|CNTY_GU|27|43110|26140000|부산|강남구|서초동|4311000000|서초1동|2|55|0|1|9|1443|364|364|932|18420|28287.0|9692.0|11312.0|7283.0|20772|9067|10070|10296468.0|3527888.0|4117568.0|2651012.0|3805840|2755794|556548|240717|106|170|94|2|902301|1055904|117|365204|7.97|11|2.45|137|420|257|4620.0
202405|PRVNC|47|26110|45110000|인천|강남구|서초동|2611000000|역삼1가|2|50|3|1|8|255|434|434|812|73951|12754.0|9483.0|1982.0|1289.0|11841|8738|1798|5535236.0|4115622.0|860188.0|559426.0|3045358|395154|620055|435101|87|175|125|7|3208370|1707035|3168985|1124980|2.32|33|4.05|83|237|76|7821.0
202405|CNTY_GU|47|27110|47110000|대구|강남구|서초동|2811000000|서초1동|2|35|2|1|5|1899|497|497|737|57551|33455.0|10588.0|10665.0|12202.0|29075|8468|8968|16627135.0|5262236.0|5300505.0|6064394.0|2215892|871205|124175|331276|59|227|90|27|1674124|16632571|4698256|1847195|5.25|65|2.0|157|463|48|30095.0
202405|ADM|42|43110|11170000|인천|서초구|인계동|4211000000|서초1동|2|55|0|1|3|1725|272|272|677|13488|10714.0|8394.0|3095.0|0.0|8670|7392|2202|2914208.0|2283168.0|841840.0|0.0|4999867|393124|781105|417260|55|109|52|17|7207821|2892197|2366641|526669|4.84|12|4.65|103|278|6|3336.0
202405|ADM|26|11170|44130000|대구|강남구|서초동|4611000000|역삼1가|2|40|0|1|6|1835|318|318|974|65106|20867.0|12549.0|6035.0|2283.0|14763|12192|4741|6635706.0|3990582.0|1919130.0|725994.0|2326067|2633232|657990|439452|45|156|65|23|906995|18503590|3583509|347782|6.75|46|4.8|133|177|85|8142.0
202405|ADM|11|45110|11170000|경기|수원시|인계동|4611000000|서초1동|1|25|1|1|7|1117|414|414|475|63356|9608.0|3992.0|3816.0|1800.0|8249|3520|2845|3977712.0|1652688.0|1579824.0|745200.0|945264|1907795|929917|494932|63|216|50|31|1349647|11012135|2886149|1007901|7.72|26|3.99|110|270|384|7020.0
202405|ADM|47|43110|45110000|부산|강남구|인계동|4611000000|서초1동|2|45|2|2|2|395|492|492|169|60529|44161.0|17435.0|6700.0|20026.0|35962|17432|6393|21727212.0|8578020.0|3296400.0|9852792.0|4503398|167060|609179|481347|65|264|95|4|9013513|15797960|2653178|696156|5.15|26|4.06|107|436|340|11336.0
202405|ADM|42|46110|42110000|대구|강남구|역삼동|4611000000|역삼1가|2|50|1|2|3|1312|16|16|134|42044|16590.0|9083.0|1940.0|5567.0|12466|7275|1586|265440.0|145328.0|31040.0|89072.0|183290|816001|467534|340406|4|7|2|0|6435532|12549846|4232164|240466|6.63|1|4.41|158|95|153|95.0
202405|CNTY_GU|44|46110|47110000|인천|수원시|역삼동|4211000000|인계동|2|30|2|1|5|641|55|55|775|82881|39879.0|17040.0|4837.0|18002.0|32886|13037|4479|2193345.0|937200.0|266035.0|990110.0|3815285|2654477|492592|235524|13|31|12|4|1886912|9990582|1952345|1901032|2.43|3|2.51|79|334|166|1002.0
202405|ADM|11|11170|27110000|대구|성남시|서초동|4711000000|인계동|2|35|0|1|3|21|353|353|241|35628|6974.0|3001.0|2323.0|1650.0|4990|2520|2032|2461822.0|1059353.0|820019.0|582450.0|3921935|2402832|874902|118102|39|150|71|8|8755840|50533|1564709|890626|6.48|1|2.12|170|234|6|234.0
202405|ADM|44|26140|41110000|부산|수원시|인계동|4311000000|역삼1가|1|65|3|1|2|1361|330|330|954|92896|29818.0|9196.0|5531.0|15091.0|22142|7716|5492|9839940.0|3034680.0|1825230.0|4980030.0|3272769|919001|678895|435975|43|159|61|29|3751690|7225438|342868|1213906|7.18|41|2.48|36|74|119|3034.0
202405|ADM|11|41150|47110000|서울|수원시|역삼동|1120000000|서초1동|1|40|1|1|7|1290|204|204|142|97049|47524.0|19377.0|12569.0|15578.0|36648|18676|10242|9694896.0|3952908.0|2564076.0|3177912.0|2923286|1115|389135|68097|34|113|51|16|180511|10502103|3626548|1292444|6.33|3|3.82|103|313|286|939.0
202405|ADM|47|28110|11110000|부산|서초구|역삼동|4115000000|인계동|2|55|0|2|6|1382|38|38|296|88936|2877.0|1051.0|1014.0|812.0|2234|789|858|109326.0|39938.0|38532.0|30856.0|4010370|1848218|873115|484136|6|19|7|3|1472490|8986266|4984206|394189|4.08|4|4.71|21|422|281|1688.0
202405|ADM|45|11170|41150000|인천|강남구|서초동|4611000000|서초1동|2|60|2|1|3|369|430|430|11|40421|35716.0|15702.0|9939.0|10075.0|25487|11377|8029|15357880.0|6751860.0|4273770.0|4332250.0|1513970|1261138|268867|85323|45|236|86|40|7789506|1802015|2964014|1454397|7.84|5|4.03|120|208|104|1040.0
202405|ADM|42|41110|41110000|경기|서초구|서초동|4511000000|서초1동|1|45|2|1|3|1271|337|337|477|74352|37409.0|17654.0|13257.0|6498.0|31473|13639|11745|12606833.0|5949398.0|4467609.0|2189826.0|1741692|1533521|752257|150227|76|172|49|29|9679173|11660241|682817|1631957|4.75|32|1.35|83|391|285|12512.0
202405|CNTY_GU|27|11140|44130000|부산|강남구|서초동|4113000000|역삼1가|1|40|2|2|5|1071|67|67|820|36473|36106.0|11799.0|6958.0|17349.0|34152|11208|5880|2419102.0|790533.0|466186.0|1162383.0|213259|1981337|834452|317043|18|35|18|2|9793774|18974534|2109172|1159091|6.09|7|4.64|69|74|27|518.0
202405|ADM|11|43110|43110000|대구|수원시|서초동|4115000000|인계동|2|60|3|2|1|1904|407|407|393|96754|41105.0|18354.0|5825.0|16926.0|29686|13646|5505|16729735.0|7470078.0|2370775.0|6888882.0|4699101|2952639|720468|452265|107|205|109|4|4086829|16676717|4498446|55759|7.58|59|1.64|25|164|7|9676.0
202405|CNTY_GU|45|47110|27110000|부산|성남시|역삼동|4611000000|서초1동|1|55|0|2|2|810|349|349|949|59179|23836.0|13081.0|5873.0|4882.0|16838|11860|4335|8318764.0|4565269.0|2049677.0|1703818.0|888915|2665426|680012|244088|40|139|66|21|1155642|2006066|1532802|1666993|2.31|38|2.83|88|440|318|16720.0
202405|ADM|45|11140|26140000|서울|성남시|서초동|4111000000|역삼1가|2|30|1|2|10|1457|446|446|778|49012|26426.0|21106.0|7735.0|0.0|20717|20046|5531|11785996.0|9413276.0|3449810.0|0.0|1375790|2159474|717098|310601|109|251|97|20|8254257|3208880|4251334|1732087|6.49|1|1.04|144|437|426|437.0
202405|ADM|26|11140|41110000|서울|서초구|서초동|2711000000|서초1동|1|55|1|2|5|35|467|467|858|96967|14686.0|8974.0|2277.0|3435.0|13766|7632|1925|6858362.0|4190858.0|1063359.0|1604145.0|548676|690097|471277|346931|103|267|133|36|7513828|16209733|4188846|675379|4.25|18|2.05|145|162|46|2916.0
202405|CNTY_GU|42|41130|11170000|서울|성남시|서초동|4111000000|인계동|2|55|0|1|1|1800|124|124|316|17037|0.0|0.0|0.0|0.0|0|0|0|0.0|0.0|0.0|0.0|3436020|2534980|180421|269459|15|72|20|8|5109217|11555574|4885178|1344522|6.15|5|2.19|75|157|390|785.0
202405|ADM|44|41110|41150000|경기|서초구|역삼동|1120000000|인계동|2|45|1|1|9|1728|451|451|902|46090|42521.0|24268.0|11690.0|6563.0|36572|22550|11071|19176971.0|10944868.0|5272190.0|2959913.0|4194528|2126251|648640|44946|114|199|68|28|3101358|16566845|3382028|772733|4.26|22|2.54|42|154|9|3388.0
202405|PRVNC|41|11140|42110000|부산|수원시|서초동|4311000000|인계동|2|60|2|2|10|1237|443|443|450|22529|16478.0|8415.0|6245.0|1818.0|11795|6870|4812|7299754.0|3727845.0|2766535.0|805374.0|2177392|1931807|331036|157645|95|249|130|30|5300376|13692506|3417990|344937|4.84|39|4.55|79|436|181|17004.0
202405|PRVNC|42|42110|27110000|대구|강남구|인계동|2614000000|서초1동|2|55|1|1|6|1611|167|167|18|68883|0.0|0.0|0.0|0.0|0|0|0|0.0|0.0|0.0|0.0|961326|2278195|597102|63319|25|76|42|5|4170537|17298943|467044|1691403|6.74|13|1.33|108|91|101|1183.0
202405|ADM|43|26110|46110000|대구|서초구|역삼동|2811000000|서초1동|1|35|1|1|1|719|412|412|143|19043|16838.0|5254.0|6189.0|5395.0|13997|4306|5264|6937256.0|2164648.0|2549868.0|2222740.0|1097051|2071554|278863|312856|82|168|112|17|6157648|18252429|1377652|398051|2.27|27|4.74|146|362|375|9774.0
202405|ADM|11|11110|43110000|경기|강남구|서초동|4111000000|인계동|2|60|1|2|10|964|55|55|902|50438|14793.0|6015.0|3731.0|5047.0|12684|5563|3727|813615.0|330825.0|205205.0|277585.0|3673818|2786355|205137|224687|14|32|10|2|4106883|17471145|2335429|1021862|2.67|3|4.83|15|104|330|312.0
202405|ADM|46|41150|41150000|대구|수원시|인계동|2811000000|서초1동|1|60|0|1|3|507|93|93|951|20916|4602.0|3547.0|812.0|243.0|3998|3147|601|427986.0|329871.0|75516.0|22599.0|85050|2326124|428223|176516|27|40|17|9|5153724|2585767|1449122|397338|2.92|3|3.95|70|21|110|63.0
202405|ADM|44|26140|44130000|경기|서초구|역삼동|1114000000|서초1동|1|35|1|2|10|1370|425|425|499|30145|1141.0|433.0|448.0|260.0|995|351|374|484925.0|184025.0|190400.0|110500.0|438868|919411|148760|139436|45|208|69|26|4718303|12408314|3159136|1892451|2.12|3|1.59|97|77|61|231.0
202405|CNTY_GU|42|28110|43110000|서울|수원시|인계동|4211000000|서초1동|1|35|3|2|1|564|274|274|81|81396|8482.0|2653.0|1088.0|4741.0|7046|2397|1051|2324068.0|726922.0|298112.0|1299034.0|2073521|2449228|320927|20471|33|160|81|20|2469763|16536898|3747178|484048|4.57|4|2.47|16|206|194|824.0
202405|ADM|27|41130|41130000|부산|서초구|역삼동|4413000000|서초1동|2|55|2|1|10|1918|112|112|140|87429|33784.0|12156.0|12812.0|8816.0|33474|9431|9637|3783808.0|1361472.0|1434944.0|987392.0|4867055|2388836|175727|457854|12|65|17|10|4430511|8725707|4332596|93874|5.2|2|4.76|42|234|405|468.0
202405|ADM|44|11110|26140000|서울|성남시|인계동|4311000000|역삼1가|2|45|0|1|8|978|127|127|280|48239|14971.0|5298.0|3585.0|6088.0|14675|3935|2958|1901317.0|672846.0|455295.0|773176.0|359127|1330345|228471|220179|14|63|26|1|3116484|14813707|4427536|1686850|4.69|15|1.49|32|255|412|3825.0
202405|ADM|41|11170|26110000|대구|성남시|서초동|4711000000|인계동|1|30|1|1|3|1063|297|297|953|87142|36331.0|28070.0|14468.0|0.0|35723|20729|11321|10790307.0|8336790.0|4296996.0|0.0|4667752|390641|910955|384619|46|168|73|4|224730|18148635|4406032|137998|5.48|27|2.82|128|151|429|4077.0
202405|ADM|41|41130|47110000|경기|서초구|역삼동|4711000000|역삼1가|1|65|0|2|2|1255|246|246|429|92828|42853.0|24577.0|9941.0|8335.0|37006|19414|8543|10541838.0|6045942.0|2445486.0|2050410.0|4828254|894853|47467|204207|69|125|65|20|997476|2818261|3411366|1840512|7.07|8|2.77|101|228|310|1824.0
202405|ADM|47|41130|41150000|서울|서초구|인계동|1120000000|역삼1가|2|65|2|2|9|1669|144|144|528|28227|41107.0|17090.0|11299.0|12718.0|33924|13145|9960|5919408.0|2460960.0|1627056.0|1831392.0|730447|1647354|784938|250987|42|70|23|13|1090157|15652372|91346|1650930|2.07|1|1.69|121|37|159|37.0
202405|ADM|43|26140|27110000|대구|강남구|역삼동|2811000000|인계동|2|35|0|1|4|891|221|221|591|97104|8002.0|4269.0|2631.0|1102.0|7914|3246|2408|1768442.0|943449.0|581451.0|243542.0|4569490|125695|277543|383725|49|121|37|20|7493440|7871565|1917509|738640|4.24|9|2.08|145|167|251|1503.0
202405|ADM|45|26110|41130000|부산|강남구|인계동|4711000000|역삼1가|1|70|1|2|7|637|432|432|729|95714|25946.0|8684.0|9064.0|8198.0|23978|8542|8384|11208672.0|3751488.0|3915648.0|3541536.0|4209869|2440623|432850|219889|120|253|57|1|8253035|12354029|1756375|1699328|2.1|50|1.45|160|213|480|10650.0
202405|ADM|42|46110|11110000|부산|성남시|인계동|4711000000|역삼1가|2|55|0|1|5|153|290|290|87|10756|11243.0|4001.0|1145.0|6097.0|10352|3867|837|3260470.0|1160290.0|332050.0|1768130.0|2261349|192907|144263|204759|31|161|32|9|2813604|5339887|3448039|911698|2.17|6|3.86|159|171|147|1026.0
202405|ADM|46|28110|41130000|부산|수원시|역삼동|1117000000|인계동|1|40|3|1|3|1882|256|256|535|85338|7131.0|2976.0|1074.0|3081.0|6931|2881|859|1825536.0|761856.0|274944.0|788736.0|3412844|1339925|294576|276595|71|131|49|4|7399993|7857204|4214868|695179|3.85|15|1.14|85|280|127|4200.0
202405|CNTY_GU|11|45110|26110000|경기|수원시|인계동|2811000000|서초1동|1|30|0|2|10|1576|40|40|829|84841|23069.0|14150.0|4808.0|4111.0|22287|11841|4011|922760.0|566000.0|192320.0|164440.0|98290|342972|75489|105725|5|23|11|2|4953255|1828310|3329587|289698|3.82|1|2.71|152|69|143|69.0
202405|CNTY_GU|26|26110|26110000|인천|서초구|인계동|4115000000|역삼1가|1|70|2|1|6|418|231|231|628|63618|12477.0|9924.0|2947.0|0.0|8826|7919|2648|2882187.0|2292444.0|680757.0|0.0|4479844|1960197|933658|106638|57|138|52|16|1766142|19110379|3839638|813862|7.82|0|3.47|116|0|169|0.0
202405|CNTY_GU|41|44130|46110000|부산|서초구|서초동|4115000000|인계동|1|45|2|1|8|471|397|397|747|62794|35635.0|11310.0|9158.0|15167.0|34569|9587|8133|14147095.0|4490070.0|3635726.0|6021299.0|4152329|218777|859713|198558|41|218|70|38|4588025|7321990|1273474|166174|4.79|34|1.24|89|207|100|7038.0
202405|CNTY_GU|43|45110|43110000|인천|수원시|역삼동|2611000000|역삼1가|1|60|1|2|10|128|35|35|511|39275|22256.0|11440.0|5663.0|5153.0|20335|8788|4839|778960.0|400400.0|198205.0|180355.0|2477524|1759032|126563|151202|9|18|7|2|3174643|3485696|1287448|973649|2.18|4|4.59|141|416|482|1664.0
202405|PRVNC|44|11110|41130000|부산|강남구|역삼동|4311000000|역삼1가|1|45|0|1|9|1826|484|484|225|89400|32936.0|18242.0|9736.0|4958.0|28549|13304|8726|15941024.0|8829128.0|4712224.0|2399672.0|1226791|1722335|632184|94332|107|233|67|3|6271799|15807620|1444479|477474|6.76|25|3.93|53|114|473|2850.0
202405|CNTY_GU|11|43110|11170000|부산|서초구|서초동|2614000000|역삼1가|2|25|0|1|9|425|397|397|921|24086|28932.0|12897.0|3441.0|12594.0|24642|10659|2958|11486004.0|5120109.0|1366077.0|4999818.0|611467|186960|242522|168245|61|223|100|12|2906051|17912249|2413028|287418|2.64|21|4.54|47|111|383|2331.0
202405|CNTY_GU|44|27110|26110000|인천|성남시|인계동|4113000000|역삼1가|2|60|1|1|10|1728|440|440|921|49860|40399.0|15765.0|6234.0|18400.0|33559|15480|5029|17775560.0|6936600.0|2742960.0|8096000.0|3934882|2892317|699325|209839|55|242|86|1|2979789|10123513|443942|1616231|5.24|40|4.66|12|19|441|760.0
202405|ADM|42|47110|41110000|인천|강남구|인계동|2811000000|역삼1가|1|30|0|1|1|1623|102|102|601|88030|18296.0|13767.0|4218.0|311.0|13673|12823|3304|1866192.0|1404234.0|430236.0|31722.0|88730|1937805|624855|141281|26|57|19|2|9207179|10690560|2209338|1692166|5.26|2|3.04|163|264|241|528.0
202405|CNTY_GU|47|11170|42110000|경기|수원시|인계동|2811000000|인계동|1|35|3|1|6|1648|332|332|13|11765|17166.0|12169.0|5214.0|0.0|14596|11483|4345|5699112.0|4040108.0|1731048.0|0.0|2226108|1275011|475727|307551|93|153|92|0|5356194|14718860|1854498|589337|2.56|30|3.67|146|17|83|510.0
202405|PRVNC|43|47110|41150000|경기|서초구|역삼동|4115000000|인계동|1|70|1|1|4|1829|489|489|439|67842|15369.0|10995.0|2613.0|1761.0|11080|9460|2585|7515441.0|5376555.0|1277757.0|861129.0|591566|580499|375086|452855|60|288|54|45|1428484|10462592|4107573|924820|2.67|66|2.73|54|281|108|18546.0
202405|ADM|26|26140|11140000|대구|강남구|인계동|4113000000|역삼1가|2|65|1|1|2|1791|447|447|646|69923|0.0|0.0|0.0|0.0|0|0|0|0.0|0.0|0.0|0.0|4431880|1627086|871524|127181|104|204|122|6|4120078|2953305|1654925|384999|2.46|52|4.88|126|473|390|24596.0
202405|ADM|47|44130|46110000|대구|서초구|서초동|4113000000|인계동|2|40|0|1|1|758|381|381|595|67005|0.0|0.0|0.0|0.0|0|0|0|0.0|0.0|0.0|0.0|2320830|1585387|767745|306346|82|155|111|5|700486|4366698|3616095|1154578|4.29|7|2.64|6|86|374|602.0
202405|ADM|41|41130|41130000|서울|강남구|인계동|1111000000|인계동|1|25|1|2|1|661|464|464|690|47580|8243.0|3646.0|1630.0|2967.0|7945|3041|1155|3824752.0|1691744.0|756320.0|1376688.0|3112795|2633171|306150|392028|97|241|89|19|7802442|9600038|2095484|1460183|7.48|34|4.11|7|156|141|5304.0
202405|CNTY_GU|45|11170|11110000|경기|강남구|서초동|4711000000|서초1동|1|30|0|1|10|330|1|1|661|31152|38388.0|26727.0|5042.0|6619.0|34600|26482|4732|38388.0|26727.0|5042.0|6619.0|3937147|782711|365576|53008|0|0|0|0|4594176|6500366|347385|588757|2.11|0|4.11|26|0|70|0.0
202405|ADM|11|26140|26140000|인천|성남시|인계동|4311000000|역삼1가|1|35|2|2|4|186|296|296|947|18075|21312.0|16583.0|6858.0|0.0|18209|12903|5451|6308352.0|4908568.0|2029968.0|0.0|675033|904977|336242|75358|84|134|47|27|1500093|19304462|1812256|1322493|6.29|13|4.46|167|350|314|4550.0
202405|CNTY_GU|45|43110|11170000|부산|서초구|역삼동|4511000000|인계동|2|65|0|2|4|106|244|244|902|97250|33575.0|13457.0|3571.0|16547.0|25862|12779|2600|8192300.0|3283508.0|871324.0|4037468.0|1670637|91236|637254|156606|55|102|50|20|6888647|7991561|4422440|769647|7.18|29|4.62|101|71|99|2059.0
202405|CNTY_GU|45|27110|44130000|부산|강남구|인계동|4113000000|인계동|2|70|1|2|1|23|28|28|650|80418|39990.0|20213.0|4377.0|15400.0|30422|16108|4190|1119720.0|565964.0|122556.0|431200.0|3854215|2516339|779361|57996|3|11|5|1|8661544|8661180|3533866|927409|3.1|3|1.63|29|97|144|291.0
202405|ADM|46|28110|41130000|부산|서초구|역삼동|4711000000|역삼1가|1|50|2|2|2|429|145|145|114|14962|38768.0|25054.0|10931.0|2783.0|29304|23500|9064|5621360.0|3632830.0|1584995.0|403535.0|3065803|2744041|146856|426899|25|59|18|7|5075383|17299830|330107|1179379|4.08|17|2.55|56|334|268|5678.0
202405|ADM|11|46110|46110000|인천|강남구|역삼동|4311000000|역삼1가|1|50|1|1|8|1252|494|494|662|27759|0.0|0.0|0.0|0.0|0|0|0|0.0|0.0|0.0|0.0|1316949|2262408|814662|472089|53|280|129|30|4328498|14117463|4829258|1467966|2.96|73|1.07|76|72|77|5256.0
202405|CNTY_GU|46|42110|28110000|경기|수원시|역삼동|1117000000|역삼1가|2|30|0|2|9|1410|267|267|529|39948|21348.0|11959.0|2683.0|6706.0|19766|11923|2157|5699916.0|3193053.0|716361.0|1790502.0|3781717|2856033|794854|454435|56|151|42|6|2708434|11168441|2254048|1752768|6.26|6|4.97|61|295|463|1770.0
202405|PRVNC|26|28110|46110000|서울|서초구|서초동|4611000000|역삼1가|1|25|1|2|2|802|98|98|344|25235|32236.0|12943.0|11237.0|8056.0|26979|10685|11016|3159128.0|1268414.0|1101226.0|789488.0|2665903|1894257|613269|250462|19|46|21|1|8016908|7486712|4126492|1410297|6.58|6|3.69|63|50|123|300.0
202405|CNTY_GU|42|41130|42110000|서울|강남구|인계동|4111000000|인계동|1|25|2|2|1|1596|291|291|559|50803|40260.0|28343.0|4941.0|6976.0|32269|20457|4354|11715660.0|8247813.0|1437831.0|2030016.0|3922107|2917678|239066|184500|65|133|40|14|490884|11002284|1632151|608911|7.19|15|2.94|18|220|344|3300.0
202405|CNTY_GU|43|41150|11170000|부산|강남구|인계동|2711000000|역삼1가|2|35|3|2|9|674|293|293|953|47979|45398.0|16514.0|6709.0|22175.0|40600|12287|5386|13301614.0|4838602.0|1965737.0|6497275.0|3963614|2560020|304804|397016|85|133|70|23|132169|4157|4540826|280911|2.39|34|1.13|129|440|414|14960.0
202405|CNTY_GU|47|44130|11170000|부산|서초구|역삼동|4211000000|인계동|1|40|0|2|5|427|140|140|81|51151|17545.0|11117.0|4338.0|2090.0|16897|10653|4296|2456300.0|1556380.0|607320.0|292600.0|4227659|2946362|405371|31360|20|76|29|0|7401590|10875591|2342112|1934762|2.47|7|2.31|129|394|302|2758.0
202405|PRVNC|42|42110|26110000|대구|강남구|서초동|1114000000|역삼1가|1|35|1|1|7|935|245|245|866|42136|20299.0|9133.0|3564.0|7602.0|16908|7750|2865|4973255.0|2237585.0|873180.0|1862490.0|3194861|2801243|844145|488216|26|136|64|8|7151367|11111952|562886|411821|7.17|16|1.84|115|86|50|1376.0
202405|ADM|11|43110|11140000|경기|수원시|역삼동|4211000000|역삼1가|2|60|1|1|10|333|404|404|670|73851|45560.0|21117.0|7926.0|16517.0|40078|18865|7576|18406240.0|8531268.0|3202104.0|6672868.0|3991400|2570007|371214|100490|45|182|53|35|6275249|561515|1909061|1165718|2.71|27|3.98|90|394|52|10638.0
202405|PRVNC|44|27110|46110000|서울|성남시|인계동|2614000000|서초1동|2|55|0|2|10|1654|243|243|744|16930|10588.0|8295.0|2473.0|0.0|8001|6796|2047|2572884.0|2015685.0|600939.0|0.0|2824803|1567523|554358|241844|56|131|47|11|4266859|12186441|2768433|468972|6.83|0|1.06|107|0|90|0.0
202405|PRVNC|43|41150|11170000|서울|서초구|서초동|4711000000|인계동|1|70|0|1|4|312|131|131|537|77316|41465.0|17144.0|6113.0|18208.0|31470|14353|4817|5431915.0|2245864.0|800803.0|2385248.0|4533591|1308246|677425|379400|35|57|14|6|2246291|18214645|402974|267433|2.53|4|4.87|117|349|438|1396.0
202405|ADM|42|11110|41110000|부산|수원시|역삼동|4115000000|인계동|2|60|1|1|7|1143|183|183|133|13537|27268.0|17403.0|5396.0|4469.0|21485|15808|4322|4990044.0|3184749.0|987468.0|817827.0|3862841|329152|403579|172753|48|103|26|11|994678|10607508|3985546|1488461|5.97|21|1.78|174|139|444|2919.0
202405|PRVNC|42|47110|11140000|서울|성남시|서초동|2711000000|인계동|2|60|0|2|5|373|426|426|779|61739|48649.0|15676.0|10066.0|22907.0|36087|13653|8141|20724474.0|6677976.0|4288116.0|9758382.0|4582365|2553978|916134|447825|73|225|94|8|4670517|17098648|4008696|1595283|3.61|32|1.15|58|467|125|14944.0
202405|CNTY_GU|26|43110|26140000|서울|강남구|역삼동|2711000000|역삼1가|2|55|0|1|9|41|379|379|322|70071|21822.0|16962.0|8457.0|0.0|20837|14004|7309|8270538.0|6428598.0|3205203.0|0.0|80983|194147|877404|386644|72|178|87|13|8492842|18639894|1263833|215550|5.55|19|2.53|96|181|249|3439.0
202405|CNTY_GU|43|11110|26110000|서울|강남구|인계동|2811000000|인계동|1|20|1|1|1|230|94|94|462|34737|44038.0|31977.0|13223.0|0.0|39958|30866|10603|4139572.0|3005838.0|1242962.0|0.0|2247443|737169|48675|224874|11|48|11|7|108203|15366019|4921629|362554|3.31|9|4.18|120|448|326|4032.0
202405|ADM|43|11140|44130000|경기|수원시|서초동|4611000000|인계동|1|55|0|1|2|176|192|192|442|82514|48060.0|19119.0|18573.0|10368.0|37350|15846|13800|9227520.0|3670848.0|3566016.0|1990656.0|3118223|1106147|390406|225344|21|97|45|6|7002485|3725151|1292308|1719120|5.19|26|1.69|159|262|303|6812.0
202405|CNTY_GU|46|47110|47110000|경기|수원시|인계동|4113000000|역삼1가|1|55|0|2|2|418|57|57|615|22093|25641.0|14521.0|9567.0|1553.0|24985|11915|8402|1461537.0|827697.0|545319.0|88521.0|4420669|2456808|154877|150099|9|31|15|2|8629255|13874953|3844589|1445821|2.74|6|3.26|167|208|298|1248.0
202405|CNTY_GU|11|44130|44130000|서울|강남구|역삼동|2611000000|인계동|1|20|3|1|7|443|10|10|669|54393|46501.0|14355.0|8581.0|23565.0|33023|12490|6231|465010.0|143550.0|85810.0|235650.0|1372660|1399643|161151|188578|2|4|2|0|6619976|9665165|606624|58606|6.17|0|3.28|82|0|273|0.0
202405|CNTY_GU|47|47110|11140000|경기|서초구|인계동|2711000000|서초1동|2|60|0|1|8|1296|284|284|451|49267|39394.0|18643.0|11105.0|9646.0|33994|17137|9906|11187896.0|5294612.0|3153820.0|2739464.0|3295197|706979|496325|68445|69|129|72|26|9052353|10877262|807760|815098|3.33|6|4.45|120|25|471|150.0
202405|CNTY_GU|26|44130|28110000|부산|강남구|인계동|2811000000|역삼1가|2|30|3|2|8|379|273|273|227|83717|12136.0|8198.0|3060.0|878.0|12113|7417|2445|3313128.0|2238054.0|835380.0|239694.0|4234025|1501710|212389|79206|60|140|35|24|1991874|13602474|2698320|1425250|4.97|40|2.92|22|23|38|920.0
202405|PRVNC|26|45110|26110000|부산|수원시|인계동|4211000000|인계동|2|55|2|1|3|484|349|349|206|44081|8550.0|4529.0|3003.0|1018.0|6378|4214|2910|2983950.0|1580621.0|1048047.0|355282.0|1625657|2376302|62258|204707|71|170|81|1|2848740|8683698|3196403|569277|6.26|35|4.13|86|19|113|665.0
202405|ADM|45|41110|41110000|대구|강남구|역삼동|4311000000|인계동|2|40|0|1|2|930|266|266|615|87293|25068.0|11348.0|7465.0|6255.0|20312|8882|6404|6668088.0|3018568.0|1985690.0|1663830.0|3390181|2128341|970544|124931|49|125|27|7|2288162|1692077|3601622|355945|2.97|7|4.0|141|240|138|1680.0
202405|ADM|26|11200|26140000|인천|수원시|역삼동|1117000000|서초1동|2|70|2|2|1|504|53|53|241|30143|36354.0|11515.0|6123.0|18716.0|25515|9315|5516|1926762.0|610295.0|324519.0|991948.0|28830|1241087|609733|49142|6|23|15|2|1911644|8086910|1820544|563371|6.26|3|4.33|112|280|391|840.0
202405|ADM|26|26140|11200000|서울|수원시|역삼동|2711000000|역삼1가|2|55|1|1|2|1561|109|109|686|28755|40183.0|19551.0|15203.0|5429.0|37612|17149|13641|4379947.0|2131059.0|1657127.0|591761.0|4551708|746180|777102|238852|29|56|13|2|6150770|2841883|4476526|1400036|7.5|5|4.99|126|31|209|155.0
202405|CNTY_GU|45|11170|28110000|경기|성남시|인계동|4711000000|서초1동|1|60|0|1|8|628|67|67|889|27628|38837.0|28304.0|10445.0|88.0|30805|24923|9735|2602079.0|1896368.0|699815.0|5896.0|1455243|2076751|951202|328339|20|29|19|3|8484629|1960313|4199773|1351231|3.95|1|1.26|152|453|146|453.0
202405|ADM|43|44130|41150000|인천|서초구|인계동|4711000000|역삼1가|1|35|3|2|4|780|357|357|98|49613|5709.0|2506.0|1375.0|1828.0|4714|2430|1368|2038113.0|894642.0|490875.0|652596.0|1136664|1817737|140211|147689|63|152|63|26|3299398|14752344|452756|1318366|3.37|37|4.82|54|143|284|5291.0
202405|ADM|41|11200|26110000|대구|강남구|역삼동|2711000000|인계동|2|40|3|2|7|1164|82|82|373|88830|21292.0|9636.0|2210.0|9446.0|15712|9417|2092|1745944.0|790152.0|181220.0|774572.0|4307377|54445|128822|263810|16|33|14|0|447213|9528710|3292616|1047017|3.45|1|3.88|160|495|70|495.0
202405|CNTY_GU|43|46110|44130000|경기|서초구|서초동|2611000000|역삼1가|2|50|2|2|3|520|347|347|495|42413|3394.0|1269.0|404.0|1721.0|2685|1091|330|1177718.0|440343.0|140188.0|597187.0|996970|1888041|734590|389670|52|145|97|18|808765|5462439|1035649|1943903|7.48|42|1.87|138|231|146|9702.0
202405|PRVNC|26|42110|11200000|대구|서초구|역삼동|1117000000|역삼1가|2|40|3|1|10|1097|477|477|864|25007|17254.0|6011.0|4219.0|7024.0|12688|4594|3486|8230158.0|2867247.0|2012463.0|3350448.0|3868585|745026|139947|264123|47|264|135|35|6654937|16094706|4802433|1497787|6.2|19|4.4|38|236|386|4484.0
202405|CNTY_GU|11|11110|41150000|인천|강남구|인계동|1120000000|서초1동|1|70|1|1|9|1335|39|39|107|45675|17127.0|6208.0|3675.0|7244.0|13707|5630|2975|667953.0|242112.0|143325.0|282516.0|2303439|1641488|956419|145795|8|16|4|1|5361676|8267035|4598757|354174|4.61|2|4.54|167|310|187|620.0
202405|CNTY_GU|44|44130|42110000|대구|성남시|서초동|2614000000|인계동|1|55|0|1|6|1880|166|166|313|89826|9039.0|3085.0|1130.0|4824.0|8702|2328|1023|1500474.0|512110.0|187580.0|800784.0|2264248|558208|697554|406747|17|98|17|1|6086459|9674464|4134641|1157634|5.05|6|1.3|91|167|59|1002.0
202405|ADM|47|42110|42110000|대구|성남시|인계동|2811000000|서초1동|1|60|0|2|9|1686|113|113|192|16947|49753.0|26710.0|17558.0|5485.0|45989|21010|12852|5622089.0|3018230.0|1984054.0|619805.0|2396259|894117|594095|433877|23|47|28|10|3367661|12799471|2256622|775291|7.35|4|4.56|89|31|108|124.0
202405|ADM|26|11170|11140000|경기|서초구|서초동|4611000000|역삼1가|2|60|0|1|1|1241|106|106|571|30601|27916.0|21362.0|5195.0|1359.0|23988|20856|4884|2959096.0|2264372.0|550670.0|144054.0|3928549|2970835|889640|455964|26|49|28|3|6483000|11063873|2676784|565072|3.71|7|1.54|161|368|232|2576.0
202405|CNTY_GU|47|41110|47110000|인천|성남시|인계동|2614000000|역삼1가|1|70|1|2|6|1441|258|258|108|26525|4935.0|3675.0|1031.0|229.0|3951|3109|801|1273230.0|948150.0|265998.0|59082.0|2940420|652613|724599|157849|60|142|36|12|3350384|7153022|3361692|1644385|4.4|8|1.5|25|132|260|1056.0
202405|ADM|26|43110|42110000|대구|서초구|인계동|4211000000|서초1동|1|25|2|1|4|521|163|163|885|80485|47350.0|17242.0|15853.0|14255.0|41112|17231|15002|7718050.0|2810446.0|2584039.0|2323565.0|4510533|181592|746120|135272|45|72|46|0|9623256|5546919|4805985|1981291|4.35|2|3.72|61|249|233|498.0
202405|ADM|41|44130|44130000|인천|서초구|인계동|1111000000|서초1동|2|35|0|2|8|625|384|384|738|20432|42575.0|30353.0|6068.0|6154.0|37285|29688|4930|16348800.0|11655552.0|2330112.0|2363136.0|4165962|1484067|321513|246145|62|169|48|15|1688627|11798020|4074997|777702|2.22|4|1.06|79|458|243|1832.0
202405|CNTY_GU|41|45110|46110000|경기|강남구|서초동|4211000000|서초1동|1|30|1|2|2|419|146|146|458|96855|7567.0|3359.0|1497.0|2711.0|7551|2685|1484|1104782.0|490414.0|218562.0|395806.0|4691730|1495606|821435|376595|21|73|40|9|9055093|3836916|4410629|1359526|4.62|15|3.93|70|268|330|4020.0
202405|PRVNC|47|26110|28110000|서울|서초구|역삼동|2811000000|서초1동|2|30|3|1|7|1193|491|491|126|87828|10782.0|4066.0|1202.0|5514.0|7549|3747|1119|5293962.0|1996406.0|590182.0|2707374.0|2113410|1469889|145817|135932|105|251|78|23|6479922|1034535|3675790|572208|5.3|65|4.41|11|461|204|29965.0
202405|ADM|26|43110|26110000|경기|강남구|서초동|4311000000|서초1동|1|40|2|1|6|707|72|72|437|92479|41072.0|23965.0|10405.0|6702.0|34436|20400|7576|2957184.0|1725480.0|749160.0|482544.0|3649749|1214579|111900|309828|12|35|14|2|8543140|15634001|860246|1593295|6.54|3|3.49|29|121|101|363.0
202405|ADM|42|47110|43110000|인천|수원시|서초동|2711000000|서초1동|1|30|0|1|7|607|425|425|808|55930|25845.0|18739.0|8390.0|0.0|25447|17555|6201|10984125.0|7964075.0|3565750.0|0.0|2780667|192924|247578|415624|120|227|59|38|1298352|11565300|2273831|787733|3.45|51|4.09|26|223|158|11373.0
202405|CNTY_GU|47|43110|42110000|부산|강남구|인계동|1120000000|역삼1가|1|70|0|2|3|1962|129|129|869|35835|20530.0|15268.0|7472.0|0.0|18924|11094|7271|2648370.0|1969572.0|963888.0|0.0|2721662|1523489|750585|292704|13|67|32|7|7958194|9620217|3242530|1019743|5.61|11|2.2|116|273|431|3003.0
202405|PRVNC|43|11140|43110000|인천|강남구|역삼동|4211000000|서초1동|1|35|2|1|5|1348|107|107|676|24431|17138.0|10775.0|6605.0|0.0|13648|9152|5104|1833766.0|1152925.0|706735.0|0.0|2040775|949337|959356|72261|16|55|30|5|4744082|1979534|2342089|1830746|3.57|2|2.91|63|213|459|426.0
202405|ADM|45|28110|27110000|인천|수원시|인계동|1120000000|인계동|1|45|3|1|3|1264|206|206|764|11923|20667.0|14295.0|7162.0|0.0|17150|11916|6131|4257402.0|2944770.0|1475372.0|0.0|3996016|1982717|644437|73355|24|98|46|17|4239922|308585|3543645|831825|5.66|26|2.23|118|88|110|2288.0
202405|ADM|11|45110|47110000|서울|서초구|서초동|2611000000|서초1동|2|60|1|2|2|947|266|266|282|46870|20984.0|12161.0|3501.0|5322.0|17062|12111|2657|5581744.0|3234826.0|931266.0|1415652.0|3579714|2689217|129966|420592|52|140|44|9|5131499|17260717|588040|1166477|2.46|0|2.22|33|0|39|0.0
202405|ADM|26|11170|11200000|경기|수원시|서초동|4511000000|서초1동|1|30|0|1|7|514|494|494|203|56457|43098.0|26333.0|8891.0|7874.0|39159|22027|8369|21290412.0|13008502.0|4392154.0|3889756.0|2264216|1073388|32325|627|111|220|73|20|6998271|14918996|4928729|1071953|4.6|55|2.72|165|119|170|6545.0
202405|CNTY_GU|42|45110|26110000|인천|성남시|서초동|4611000000|인계동|1|30|0|1|10|1813|24|24|30|62075|4804.0|3002.0|575.0|1227.0|4253|2440|448|115296.0|72048.0|13800.0|29448.0|4617467|2567122|747032|459517|4|12|6|1|5260287|5914396|1048303|1964282|5.8|2|4.85|68|310|450|620.0
202405|CNTY_GU|47|42110|26140000|인천|수원시|서초동|4611000000|서초1동|2|30|2|2|5|258|109|109|82|33698|36938.0|14418.0|13173.0|9347.0|26591|14108|11999|4026242.0|1571562.0|1435857.0|1018823.0|3163861|774454|940743|315143|13|64|29|3|9668599|5763251|3555229|1423229|5.3|4|2.48|161|73|213|292.0
202405|CNTY_GU|47|47110|41110000|대구|성남시|서초동|4115000000|역삼1가|2|25|1|1|9|1217|2|2|979|89806|32391.0|23766.0|7250.0|1375.0|24373|18467|6463|64782.0|47532.0|14500.0|2750.0|217977|505619|102848|118424|0|1|0|0|2717458|291035|4327162|1194476|5.76|0|3.71|34|0|275|0.0
202405|ADM|42|11170|46110000|대구|수원시|역삼동|1120000000|인계동|1|50|0|1|7|297|169|169|45|84331|38187.0|24928.0|12601.0|658.0|32892|22381|12023|6453603.0|4212832.0|2129569.0|111202.0|2872820|1370450|863069|262284|37|72|21|6|8261501|11041558|3499692|349870|5.96|13|2.04|152|12|458|156.0
202405|PRVNC|26|41130|26140000|부산|성남시|인계동|4413000000|서초1동|1|65|0|2|10|164|354|354|658|87763|28540.0|18796.0|4783.0|4961.0|26415|16940|3802|10103160.0|6653784.0|1693182.0|1756194.0|3601451|2485251|507948|111936|54|181|75|25|825913|2974208|4572088|379558|4.11|28|2.93|20|33|190|924.0
202405|CNTY_GU|26|26140|45110000|인천|성남시|인계동|2811000000|서초1동|2|55|0|1|7|1805|218|218|295|42231|13348.0|6849.0|1337.0|5162.0|11251|5377|938|2909864.0|1493082.0|291466.0|1125316.0|4720795|2027002|26628|226248|31|128|64|12|1744717|15006000|1637190|828342|2.01|32|4.67|83|144|321|4608.0
202405|CNTY_GU|27|26140|43110000|대구|서초구|역삼동|4511000000|역삼1가|2|45|0|2|8|793|71|71|355|26531|24318.0|9099.0|8704.0|6515.0|19639|6418|6786|1726578.0|646029.0|617984.0|462565.0|2155016|1582214|119976|49898|12|33|11|3|120017|465761|4711731|1350856|3.77|8|1.29|135|489|404|3912.0
202405|ADM|44|45110|11140000|경기|강남구|인계동|4611000000|역삼1가|1|70|1|2|2|1045|274|274|623|78031|21180.0|7875.0|2732.0|10573.0|17051|6593|2037|5803320.0|2157750.0|748568.0|2897002.0|3700175|2877147|45116|130433|52|113|68|14|5636243|632565|233011|1349839|7.91|13|2.72|42|262|208|3406.0
202405|ADM|27|11170|11170000|대구|서초구|인계동|2614000000|역삼1가|2|55|3|2|3|1135|497|497|985|74607|24606.0|13687.0|6709.0|4210.0|21667|11605|5716|12229182.0|6802439.0|3334373.0|2092370.0|3983978|1572806|136980|492745|121|200|85|17|938855|8974350|331289|1383630|7.62|43|4.46|40|179|242|7697.0
202405|ADM|11|42110|11110000|경기|서초구|역삼동|2711000000|서초1동|2|60|2|1|1|804|181|181|969|69874|40076.0|27517.0|14819.0|0.0|35538|26085|11234|7253756.0|4980577.0|2682239.0|0.0|4904000|1933895|692736|121389|43|85|28|14|683526|180767|4837992|1964952|5.7|0|4.13|137|0|154|0.0
202405|ADM|43|26140|46110000|부산|수원시|서초동|1111000000|역삼1가|2|50|2|2|2|760|246|246|48|64448|6959.0|4876.0|2064.0|19.0|6397|4874|1523|1711914.0|1199496.0|507744.0|4674.0|2672022|2928075|388668|29331|46|129|68|16|9853591|12735441|4817268|264615|6.92|21|1.84|162|107|128|2247.0
202405|ADM|45|26110|11200000|대구|수원시|서초동|2811000000|서초1동|2|30|2|1|5|1747|460|460|23|26973|29619.0|21223.0|4475.0|3921.0|24957|19096|4261|13624740.0|9762580.0|2058500.0|1803660.0|3923583|2073782|294675|147986|100|206|86|5|7106229|1205504|2348959|1817163|6.52|55|1.22|47|388|292|21340.0
202405|CNTY_GU|45|11110|42110000|인천|성남시|역삼동|1114000000|서초1동|2|40|0|1|5|553|323|323|811|66558|12291.0|7525.0|4586.0|180.0|10178|6523|4475|3969993.0|2430575.0|1481278.0|58140.0|4621456|695392|566559|446718|52|148|67|29|7589358|14994892|253168|1605899|3.95|46|4.63|52|370|242|17020.0
202405|ADM|44|11140|11140000|부산|수원시|역삼동|2611000000|인계동|1|40|0|1|10|1493|398|398|288|17933|32848.0|12352.0|7661.0|12835.0|28843|10962|6999|13073504.0|4916096.0|3049078.0|5108330.0|834556|267102|71783|131911|66|166|94|21|6280504|12759203|3364222|549343|6.27|16|2.24|142|13|262|208.0
202405|ADM|42|41110|28110000|대구|성남시|서초동|4711000000|역삼1가|1|30|0|2|1|1841|354|354|377|36311|18412.0|8788.0|4054.0|5570.0|15149|6459|3559|6517848.0|3110952.0|1435116.0|1971780.0|2227544|304717|538883|404097|57|210|87|9|6891503|11984589|316808|1531071|5.48|46|2.32|139|350|391|16100.0
202405|PRVNC|41|41110|43110000|인천|강남구|인계동|4211000000|서초1동|2|25|0|2|9|1769|3|3|714|30688|30219.0|18508.0|4420.0|7291.0|27250|16178|3396|90657.0|55524.0|13260.0|21873.0|3975654|2410881|142129|55760|0|1|0|0|380386|13937033|85786|1947004|4.73|0|4.73|112|0|192|0.0
202405|CNTY_GU|45|41130|41130000|서울|강남구|인계동|4111000000|서초1동|1|40|3|1|8|1678|359|359|199|23273|20655.0|9103.0|7611.0|3941.0|18442|8579|7048|7415145.0|3267977.0|2732349.0|1414819.0|3400488|2532699|793384|371474|79|207|98|32|9576960|9628720|1943888|931834|3.0|22|4.18|105|390|445|8580.0
202405|CNTY_GU|11|26140|11200000|경기|성남시|역삼동|4113000000|인계동|1|45|2|1|9|357|371|371|926|46051|15803.0|5185.0|5107.0|5511.0|14707|5161|4017|5862913.0|1923635.0|1894697.0|2044581.0|4135146|2296927|901467|285944|37|201|80|29|6051568|6114190|1296444|523431|2.33|47|2.38|11|229|314|10763.0
202405|CNTY_GU|46|43110|11200000|서울|성남시|역삼동|2711000000|역삼1가|2|50|0|1|5|1172|53|53|186|93774|44242.0|29593.0|4445.0|10204.0|32545|22462|3509|2344826.0|1568429.0|235585.0|540812.0|4796659|39378|39484|92973|14|30|10|3|9442764|19176147|2680723|488447|3.04|7|4.06|136|492|246|3444.0
202405|CNTY_GU|42|11140|42110000|부산|강남구|역삼동|2614000000|서초1동|1|70|1|2|10|1004|196|196|680|63723|33202.0|21103.0|10061.0|2038.0|29033|20823|8155|6507592.0|4136188.0|1971956.0|399448.0|4275847|589766|236071|65332|54|83|40|4|5147087|16478073|124657|1380043|2.97|17|3.18|104|331|374|5627.0
202405|PRVNC|45|27110|47110000|인천|강남구|서초동|4115000000|역삼1가|2|60|0|2|6|421|48|48|118|66737|11644.0|8700.0|4084.0|0.0|9494|6687|3472|558912.0|417600.0|196032.0|0.0|4105710|512609|132260|19275|14|24|5|4|8105019|10658714|4332337|1738749|4.61|5|2.88|38|251|397|1255.0
202405|CNTY_GU|46|26110|11110000|인천|서초구|인계동|2811000000|서초1동|2|40|3|1|5|594|239|239|958|82863|10705.0|6794.0|3584.0|327.0|10373|5433|2524|2558495.0|1623766.0|856576.0|78153.0|4339515|652453|639504|248982|30|114|35|8|3958793|19795063|1369961|1218946|4.26|4|3.89|147|466|98|1864.0
202405|CNTY_GU|46|26110|26110000|경기|수원시|인계동|2811000000|서초1동|1|55|1|1|3|332|326|326|779|79105|24512.0|9068.0|6758.0|8686.0|22729|8354|4753|7990912.0|2956168.0|2203108.0|2831636.0|296504|345516|885938|379139|82|143|94|1|7452498|10098412|3254080|847899|6.11|22|4.21|136|472|262|10384.0
202405|CNTY_GU|42|42110|11200000|부산|성남시|서초동|4211000000|인계동|1|40|3|2|8|1239|19|19|55|86004|38309.0|20584.0|13030.0|4695.0|36611|15820|12431|727871.0|391096.0|247570.0|89205.0|3970991|715556|164119|389237|5|10|2|0|5884726|2863787|3990720|174753|6.15|0|2.85|137|0|382|0.0
202405|ADM|47|26110|47110000|인천|서초구|인계동|4711000000|역삼1가|1|55|0|1|2|1386|129|129|21|77403|6639.0|2068.0|1033.0|3538.0|6578|1811|990|856431.0|266772.0|133257.0|456402.0|316290|2802514|7927|17025|25|66|30|9|5530101|19987943|3866222|1904999|7.97|8|2.93|175|120|401|960.0
202405|ADM|47|11170|28110000|부산|서초구|서초동|2811000000|인계동|1|60|2|1|4|1356|29|29|592|39753|9367.0|6679.0|1040.0|1648.0|7781|6426|928|271643.0|193691.0|30160.0|47792.0|4600438|2571830|335875|17081|8|15|4|1|5274177|16278276|604902|794135|3.77|3|4.53|16|303|260|909.0
202405|ADM|27|11110|47110000|부산|강남구|서초동|2611000000|서초1동|2|40|2|1|8|1130|238|238|81|58154|35639.0|17818.0|12556.0|5265.0|27369|12805|9490|8482082.0|4240684.0|2988328.0|1253070.0|2077247|2060974|821003|111363|41|112|42|13|1919304|9751552|1748299|109478|4.45|20|3.05|56|193|12|3860.0
202405|CNTY_GU|27|47110|11110000|대구|강남구|역삼동|4511000000|인계동|1|55|1|1|1|1212|18|18|639|70569|6004.0|4403.0|2113.0|0.0|5665|3310|1669|108072.0|79254.0|38034.0|0.0|3888990|721799|608498|474254|4|9|4|0|1899615|12515295|4310029|200215|3.78|2|1.06|125|251|208|502.0
202405|PRVNC|43|27110|46110000|부산|서초구|역삼동|4115000000|역삼1가|2|50|1|2|6|1141|398|398|83|20350|11353.0|4500.0|2129.0|4724.0|9204|3528|1995|4518494.0|1791000.0|847342.0|1880152.0|3710059|784955|162695|52018|65|184|84|1|3214323|6892767|4541134|948843|4.03|26|3.2|13|83|431|2158.0
202405|CNTY_GU|26|41110|43110000|부산|강남구|역삼동|4311000000|역삼1가|2|40|0|2|5|1208|315|315|991|63019|0.0|0.0|0.0|0.0|0|0|0|0.0|0.0|0.0|0.0|3905980|1104634|703597|24873|76|180|83|7|5754295|15173536|891252|1735758|4.66|21|4.29|72|409|9|8589.0
202405|CNTY_GU|43|26140|11170000|서울|수원시|서초동|4413000000|역삼1가|2|65|0|2|8|1343|311|311|166|17267|35140.0|20736.0|12859.0|1545.0|28591|18450|11959|10928540.0|6448896.0|3999149.0|480495.0|1125671|785384|533293|478877|32|169|83|21|2765549|7767710|4701314|829734|6.38|8|1.22|118|65|0|520.0
202405|ADM|27|27110|11170000|부산|수원시|서초동|4113000000|인계동|2|45|0|1|4|441|459|459|975|61838|11337.0|4967.0|2675.0|3695.0|10538|4281|2524|5203683.0|2279853.0|1227825.0|1696005.0|2897868|489705|661465|64574|96|236|95|7|4339689|12652216|1528096|589926|6.92|41|4.07|169|181|455|7421.0
202405|CNTY_GU|26|11200|11110000|인천|수원시|인계동|2614000000|인계동|1|50|2|2|1|1285|40|40|690|97246|38596.0|13229.0|10736.0|14631.0|31171|12830|8621|1543840.0|529160.0|429440.0|585240.0|2757293|1404097|487671|461072|8|17|6|3|6447584|12517142|424916|1490534|4.72|5|2.21|22|146|476|730.0
202405|PRVNC|45|11170|45110000|인천|성남시|인계동|1120000000|역삼1가|1|40|2|1|3|914|353|353|40|99347|7075.0|4824.0|894.0|1357.0|6254|4591|814|2497475.0|1702872.0|315582.0|479021.0|2553134|1437960|846383|398857|81|205|103|23|9050524|16452839|4350985|727993|6.42|22|2.02|136|377|122|8294.0
202405|ADM|45|42110|11200000|부산|수원시|인계동|4413000000|역삼1가|2|30|1|1|3|1284|225|225|151|93785|10979.0|7530.0|1297.0|2152.0|8175|5766|924|2470275.0|1694250.0|291825.0|484200.0|468886|241610|156573|203960|58|127|32|17|7430263|7994024|1758602|1303337|4.08|9|2.19|7|152|435|1368.0
202405|PRVNC|44|28110|41110000|경기|수원시|역삼동|4611000000|인계동|2|60|0|1|7|1021|177|177|947|10707|43934.0|19812.0|11793.0|12329.0|33219|14321|10032|7776318.0|3506724.0|2087361.0|2182233.0|3781491|2821119|798416|119737|42|90|41|17|3758333|8782632|672053|877578|6.64|3|1.6|156|19|403|57.0
202405|ADM|44|26140|26110000|인천|강남구|역삼동|4511000000|인계동|1|45|3|2|1|667|451|451|424|53379|12839.0|10234.0|2207.0|398.0|10641|8526|1720|5790389.0|4615534.0|995357.0|179498.0|1630230|514198|726756|112602|121|199|115|31|3868437|6085121|4353887|1187054|7.81|7|2.52|104|82|406|574.0
202405|CNTY_GU|26|26110|11110000|인천|성남시|인계동|4311000000|인계동|1|45|1|2|6|1791|75|75|267|41725|24127.0|18405.0|7275.0|0.0|18458|13650|5806|1809525.0|1380375.0|545625.0|0.0|805532|1659809|479034|243500|13|30|13|2|5020162|9869758|34228|35583|4.13|6|1.57|136|296|287|1776.0
202405|PRVNC|26|27110|26140000|경기|성남시|인계동|4413000000|역삼1가|1|50|2|2|9|1984|105|105|892|78933|26974.0|9169.0|5805.0|12000.0|22186|8298|5286|2832270.0|962745.0|609525.0|1260000.0|1323994|837210|690218|162424|12|52|26|5|8242338|4685148|2626420|1880977|6.14|11|4.17|17|442|139|4862.0
202405|ADM|41|11110|11200000|서울|성남시|서초동|4611000000|서초1동|1|65|2|1|1|194|354|354|628|12569|38736.0|14674.0|14450.0|9612.0|31331|12479|10582|13712544.0|5194596.0|5115300.0|3402648.0|1075756|403344|377748|340562|79|149|58|19|8996201|1640936|2644179|1824924|3.24|8|1.12|70|244|342|1952.0
202405|CNTY_GU|11|45110|11140000|인천|성남시|역삼동|2811000000|역삼1가|1|45|0|1|8|1656|399|399|498|73051|17465.0|13625.0|2864.0|976.0|16909|12807|2023|6968535.0|5436375.0|1142736.0|389424.0|851070|1804061|616568|200280|40|192|67|28|3074563|12026430|4647169|398006|3.97|32|3.36|48|350|230|11200.0
202405|ADM|43|42110|42110000|대구|강남구|역삼동|4113000000|인계동|1|30|2|1|8|647|65|65|153|38981|37464.0|18561.0|4122.0|14781.0|29338|17626|3321|2435160.0|1206465.0|267930.0|960765.0|4004489|991815|802923|429814|11|38|8|0|6321751|2690317|4396428|495986|2.82|9|2.2|102|407|275|3663.0
202405|CNTY_GU|26|28110|41130000|부산|서초구|인계동|2614000000|서초1동|1|70|0|1|4|918|197|197|833|37907|42527.0|20725.0|16885.0|4917.0|40912|20285|12009|8377819.0|4082825.0|3326345.0|968649.0|4209634|2163487|652101|285849|38|95|31|7|5677642|111648|4759907|1234234|3.19|17|3.96|98|150|271|2550.0
202405|CNTY_GU|43|11170|26110000|인천|서초구|역삼동|4111000000|서초1동|2|25|1|1|10|1912|426|426|960|90147|7396.0|3566.0|1057.0|2773.0|6962|3052|939|3150696.0|1519116.0|450282.0|1181298.0|1118538|1802505|549451|459453|87|229|68|42|1576563|4510107|3817782|1129830|5.05|29|4.85|61|390|227|11310.0
202405|CNTY_GU|41|45110|11200000|경기|서초구|서초동|4113000000|서초1동|1|35|2|1|4|806|385|385|79|93024|12616.0|8361.0|3267.0|988.0|12068|6217|3027|4857160.0|3218985.0|1257795.0|380380.0|857852|1652342|618193|136819|83|165|80|29|8244761|3168594|754596|1866267|4.99|20|2.33|152|177|453|3540.0
202405|CNTY_GU|46|46110|11140000|서울|성남시|역삼동|1117000000|인계동|1|65|1|1|4|123|169|169|293|82625|18204.0|7337.0|2751.0|8116.0|14157|6089|2049|3076476.0|1239953.0|464919.0|1371604.0|4308198|2954303|76995|382623|41|88|21|16|6137652|618731|122795|1806535|4.83|19|4.04|9|288|3|5472.0
202405|PRVNC|47|43110|45110000|부산|강남구|인계동|4211000000|서초1동|2|25|1|2|10|1422|176|176|407|74828|37370.0|15572.0|12243.0|9555.0|35721|12618|11135|6577120.0|2740672.0|2154768.0|1681680.0|3339784|2953939|933390|228702|51|78|50|12|437742|3341492|3438264|71508|2.87|7|2.13|42|452|158|3164.0
202405|CNTY_GU|42|42110|43110000|서울|서초구|서초동|4111000000|역삼1가|1|40|0|2|7|1791|75|75|345|19967|46139.0|19176.0|12643.0|14320.0|43312|18797|10861|3460425.0|1438200.0|948225.0|1074000.0|2094973|784793|763217|374805|12|43|11|2|1775082|1384698|2948966|1554707|6.46|0|4.29|159|0|181|0.0
202405|PRVNC|42|26140|45110000|대구|성남시|서초동|4611000000|역삼1가|2|70|0|1|9|363|337|337|81|49614|14191.0|10205.0|3652.0|334.0|14078|9217|2693|4782367.0|3439085.0|1230724.0|112558.0|3037905|1668497|186452|240367|69|162|68|0|3578298|2624821|4126367|61573|6.48|46|2.86|54|279|483|12834.0
202405|CNTY_GU|27|11110|28110000|인천|강남구|인계동|4311000000|서초1동|2|40|2|2|3|47|197|197|180|61818|44024.0|34556.0|6104.0|3364.0|31574|34059|5282|8672728.0|6807532.0|1202488.0|662708.0|3949202|1596117|190484|38676|59|91|34|15|1303223|15930571|4520041|812241|5.98|11|4.72|56|53|339|583.0
202405|CNTY_GU|44|11170|26140000|서울|서초구|인계동|2611000000|인계동|2|35|2|1|4|1992|63|63|839|69530|341.0|237.0|45.0|59.0|325|186|43|21483.0|14931.0|2835.0|3717.0|3627913|104290|876237|221252|11|36|6|3|9797696|12524456|1793006|1294079|3.74|0|2.98|108|0|110|0.0
202405|CNTY_GU|41|42110|44130000|서울|성남시|인계동|1117000000|역삼1가|2|25|0|1|2|28|321|321|410|83291|29831.0|19337.0|7146.0|3348.0|28284|17062|5478|9575751.0|6207177.0|2293866.0|1074708.0|3500738|1788416|17027|174746|42|148|95|18|5965148|12606764|4325421|1992778|4.71|9|1.97|21|467|353|4203.0
202405|CNTY_GU|43|41110|46110000|인천|강남구|서초동|1117000000|인계동|2|70|3|2|5|1125|300|300|959|76672|8727.0|4953.0|1581.0|2193.0|8490|4059|1311|2618100.0|1485900.0|474300.0|657900.0|1693126|868790|7893|151630|49|175|60|4|8086717|10896431|3455269|491039|7.26|1|4.03|125|198|138|198.0
202405|ADM|44|11170|41110000|대구|성남시|서초동|4311000000|역삼1가|1|50|1|2|1|1572|469|469|378|47387|45979.0|25020.0|18281.0|2678.0|39285|23425|17171|21564151.0|11734380.0|8573789.0|1255982.0|298515|266131|606866|52901|125|204|120|21|7506780|4038302|1581258|1505480|6.18|55|3.54|92|233|262|12815.0
202405|ADM|45|41130|41110000|인천|성남시|인계동|2811000000|서초1동|2|25|0|2|2|398|228|228|168|84717|47276.0|31869.0|17027.0|0.0|35425|23915|16207|10778928.0|7266132.0|3882156.0|0.0|2759603|2303980|575897|456063|67|94|44|1|1122970|1750537|2846406|1409654|3.75|7|2.84|97|450|447|3150.0
202405|ADM|46|41130|44130000|경기|성남시|역삼동|4311000000|서초1동|1|55|1|2|7|1467|130|130|402|19181|13934.0|9737.0|2511.0|1686.0|12272|9022|2356|1811420.0|1265810.0|326430.0|219180.0|507751|2707002|931711|487761|21|76|33|1|9117920|16120807|4708807|575625|7.75|3|1.95|87|401|123|1203.0
202405|ADM|44|11140|27110000|서울|강남구|역삼동|2611000000|서초1동|2|55|0|2|6|1306|401|401|683|41173|15132.0|8574.0|1589.0|4969.0|15059|7012|1509|6067932.0|3438174.0|637189.0|1992569.0|223198|1247468|753618|376774|118|225|85|4|3917891|17702058|86115|782522|5.99|17|2.99|56|126|121|2142.0
202405|CNTY_GU|44|28110|11200000|부산|수원시|인계동|2811000000|역삼1가|2|55|2|2|1|1223|270|270|763|82219|2188.0|1244.0|356.0|588.0|1909|1067|354|590760.0|335880.0|96120.0|158760.0|448562|2693501|503118|59998|67|129|62|13|2914166|10461655|1341323|717828|5.57|20|2.08|95|211|467|4220.0
202405|CNTY_GU|11|11110|45110000|대구|서초구|서초동|4511000000|역삼1가|1|35|1|1|9|1948|436|436|155|87485|22334.0|11952.0|6037.0|4345.0|20479|9634|5852|9737624.0|5211072.0|2632132.0|1894420.0|900175|2162412|853093|4791|105|191|80|36|9196924|8317263|4782790|1303225|5.24|44|1.72|115|123|190|5412.0
202405|ADM|43|11200|11170000|경기|서초구|서초동|1117000000|역삼1가|1|45|1|2|4|1443|187|187|356|55916|9351.0|5907.0|2940.0|504.0|7743|5601|2508|1748637.0|1104609.0|549780.0|94248.0|3670464|940201|144355|81902|48|86|45|16|4245450|18751737|4656941|1596303|7.11|0|4.6|126|0|388|0.0
202405|CNTY_GU|26|11140|11200000|인천|강남구|인계동|1120000000|역삼1가|2|60|2|1|8|1553|258|258|722|41109|0.0|0.0|0.0|0.0|0|0|0|0.0|0.0|0.0|0.0|3349648|1696991|357782|277937|50|149|68|11|1071462|396534|1786126|928801|7.44|29|4.81|6|379|447|10991.0
202405|CNTY_GU|47|27110|26110000|서울|수원시|서초동|1120000000|서초1동|1|45|1|1|5|57|389|389|863|91150|10065.0|4827.0|3750.0|1488.0|7747|4551|2853|3915285.0|1877703.0|1458750.0|578832.0|602672|1915480|174089|115098|48|218|110|4|1132510|16535423|4711634|32437|2.88|47|3.44|61|66|169|3102.0
202405|PRVNC|44|46110|45110000|인천|강남구|역삼동|2811000000|역삼1가|1|55|0|1|4|539|24|24|180|22101|15556.0|10819.0|4621.0|116.0|12224|8588|3718|373344.0|259656.0|110904.0|2784.0|3462036|2955848|223741|56636|4|11|4|0|7390124|1821193|4896801|1410675|7.06|2|2.12|73|208|26|416.0
202405|ADM|27|46110|26140000|대구|수원시|서초동|2811000000|역삼1가|1|55|3|1|2|260|379|379|344|76653|38527.0|13269.0|7004.0|18254.0|36832|12000|5285|14601733.0|5028951.0|2654516.0|6918266.0|848630|516474|492344|261630|64|173|111|34|4672006|11265705|4127925|1967800|2.26|24|4.15|155|41|459|984.0
202405|CNTY_GU|26|47110|41130000|인천|서초구|서초동|2611000000|서초1동|2|50|1|1|10|1714|462|462|552|82790|43467.0|26422.0|4622.0|12423.0|32355|23362|4618|20081754.0|12206964.0|2135364.0|5739426.0|3840067|1378922|70573|381703|54|221|85|33|4752545|2889308|3994970|224034|7.22|23|1.71|146|119|202|2737.0
202405|CNTY_GU|44|11170|41110000|경기|수원시|서초동|4511000000|역삼1가|2|60|0|1|8|1054|108|108|600|30718|41525.0|23494.0|16057.0|1974.0|39683|23346|14438|4484700.0|2537352.0|1734156.0|213192.0|2959578|959285|862114|12049|28|50|21|9|6838949|16713784|2428338|945245|3.4|4|4.98|64|217|71|868.0
202405|PRVNC|26|26110|41130000|인천|서초구|역삼동|4711000000|서초1동|2|30|1|1|4|288|245|245|492|75200|32165.0|19413.0|5803.0|6949.0|24587|15783|4973|7880425.0|4756185.0|1421735.0|1702505.0|2099199|1152433|823372|133703|62|112|38|0|2656348|8599410|774975|30252|3.46|13|4.62|60|477|36|6201.0
202405|ADM|41|26140|11110000|부산|성남시|역삼동|4511000000|역삼1가|1|55|2|1|10|1125|117|117|668|90470|39741.0|15064.0|4094.0|20583.0|29509|10961|2961|4649697.0|1762488.0|478998.0|2408211.0|836636|2027972|477705|477065|24|64|24|2|9018059|8356056|2601199|287530|4.52|2|4.36|36|62|70|124.0
202405|PRVNC|46|28110|41150000|서울|수원시|인계동|4711000000|서초1동|1|70|2|1|3|666|3|3|391|73925|36391.0|28753.0|11677.0|0.0|33596|20719|11387|109173.0|86259.0|35031.0|0.0|4365632|991377|250158|440327|0|1|0|0|5227119|17646344|801939|1147832|4.08|0|4.15|122|0|204|0.0
202405|PRVNC|46|26110|41150000|서울|강남구|서초동|4711000000|인계동|1|40|2|1|7|1721|167|167|354|25898|20999.0|6351.0|4277.0|10371.0|15453|5786|3127|3506833.0|1060617.0|714259.0|1731957.0|3089662|649991|188372|159073|40|79|24|5|9779513|13952767|4827557|1938042|7.03|21|3.64|33|414|296|8694.0
202405|ADM|44|44130|45110000|대구|강남구|서초동|2811000000|역삼1가|2|45|0|1|3|967|56|56|451|42339|7765.0|5669.0|2647.0|0.0|6402|5060|1853|434840.0|317464.0|148232.0|0.0|4575294|2405088|484743|341757|8|31|13|4|6453616|11638573|4775952|1530749|3.61|0|2.87|32|0|3|0.0
202405|ADM|46|27110|26110000|대구|수원시|역삼동|1117000000|인계동|2|60|0|2|5|294|266|266|818|57704|11573.0|4400.0|4113.0|3060.0|9967|3448|3497|3078418.0|1170400.0|1094058.0|813960.0|3375048|2661329|500940|402612|40|110|47|1|5197683|2939958|1816340|624828|6.29|3|3.28|100|130|412|390.0
202405|ADM|41|28110|42110000|경기|수원시|서초동|1120000000|인계동|1|40|2|1|5|1778|121|121|748|94956|42858.0|13855.0|8439.0|20564.0|39816|11066|7058|5185818.0|1676455.0|1021119.0|2488244.0|3481621|1683192|449970|318960|22|69|19|7|9573837|19455139|3656630|1806797|4.75|1|4.74|145|363|266|363.0
202405|ADM|41|47110|44130000|서울|성남시|서초동|4311000000|역삼1가|1|65|0|2|6|1690|154|154|309|79658|14957.0|7248.0|2394.0|5315.0|13530|6926|2047|2303378.0|1116192.0|368676.0|818510.0|4606501|2851018|963611|71409|16|62|45|0|4638487|14355634|2100555|1195682|5.59|5|2.23|49|278|286|1390.0
202405|ADM|27|41130|11140000|경기|서초구|서초동|2711000000|역삼1가|1|70|0|2|10|1731|107|107|279|46682|15402.0|6570.0|4434.0|4398.0|14700|6358|3756|1648014.0|702990.0|474438.0|470586.0|4179074|142162|704941|271231|28|63|11|2|8570951|2979108|3570723|1996958|2.9|2|3.33|91|389|117|778.0
202405|ADM|43|44130|46110000|인천|강남구|인계동|4711000000|인계동|2|40|1|2|6|1734|23|23|537|25584|24340.0|7632.0|6557.0|10151.0|18012|7488|5910|559820.0|175536.0|150811.0|233473.0|2276924|34204|610647|231384|6|13|3|0|9161127|6871836|227076|1497850|4.36|3|1.26|130|310|189|930.0
202405|ADM|26|42110|26140000|부산|강남구|인계동|4211000000|역삼1가|1|55|3|2|5|1121|75|75|60|77024|43183.0|17519.0|15751.0|9913.0|30680|14297|15012|3238725.0|1313925.0|1181325.0|743475.0|1366996|1736834|254708|243291|13|32|17|1|9085846|7190223|2670040|1146461|3.76|9|2.02|167|403|51|3627.0
202405|ADM|42|42110|44130000|인천|서초구|서초동|4211000000|서초1동|1|50|1|1|8|661|384|384|791|30572|32646.0|10739.0|3844.0|18063.0|29136|10653|3134|12536064.0|4123776.0|1476096.0|6936192.0|3484998|2380203|65256|34181|96|183|85|38|3219878|12977222|1549157|65615|3.76|20|4.36|93|466|41|9320.0
202405|CNTY_GU|27|47110|11170000|인천|수원시|역삼동|2611000000|역삼1가|1|30|1|2|5|821|3|3|842|22935|31768.0|14555.0|8604.0|8609.0|24883|12840|7779|95304.0|43665.0|25812.0|25827.0|1620384|437229|898104|235172|0|1|0|0|1619858|8590145|2978201|1067371|4.77|0|4.1|123|0|60|0.0
202405|PRVNC|42|27110|41110000|경기|강남구|인계동|4113000000|인계동|2|70|1|1|1|763|84|84|280|26019|20585.0|15213.0|5929.0|0.0|15721|11930|5117|1729140.0|1277892.0|498036.0|0.0|1258315|337814|637014|183757|15|40|10|5|2264009|12090526|290827|366952|5.24|1|3.29|159|246|45|246.0
202405|ADM|27|41150|44130000|부산|수원시|인계동|4111000000|서초1동|2|35|0|2|2|678|444|444|25|39102|8115.0|2915.0|2354.0|2846.0|7512|2188|1965|3603060.0|1294260.0|1045176.0|1263624.0|1216822|937810|626431|241830|90|252|80|29|8804717|16756196|2674641|541196|6.09|4|2.03|108|113|63|452.0
202405|CNTY_GU|41|47110|45110000|대구|강남구|역삼동|4111000000|서초1동|1|40|0|1|10|1805|469|469|440|90084|19434.0|8569.0|2114.0|8751.0|14624|7279|1545|9114546.0|4018861.0|991466.0|4104219.0|1398954|1538469|288491|141729|92|254|102|4|1329141|19303058|467586|169014|7.19|48|4.61|172|463|163|22224.0
202405|PRVNC|41|41110|45110000|부산|강남구|서초동|4113000000|서초1동|2|65|0|2|4|1622|35|35|164|98448|17216.0|6431.0|6836.0|3949.0|12856|5940|6586|602560.0|225085.0|239260.0|138215.0|2345725|2455935|580980|133135|9|18|8|2|5050990|74091|4084366|1683264|6.39|4|4.91|94|49|44|196.0
202405|PRVNC|43|28110|43110000|서울|서초구|인계동|4111000000|서초1동|2|60|3|2|8|1226|453|453|717|66683|29365.0|16453.0|10232.0|2680.0|28252|12555|9034|13302345.0|7453209.0|4635096.0|1214040.0|4367823|2897315|877310|412443|67|242|100|2|3202920|6384197|4791612|504464|6.48|13|2.13|93|253|221|3289.0
202405|ADM|44|46110|41130000|경기|서초구|역삼동|2811000000|인계동|1|35|3|2|8|1962|9|9|579|59733|1878.0|1421.0|509.0|0.0|1718|1115|412|16902.0|12789.0|4581.0|0.0|558445|2916621|229514|434052|1|4|2|0|9214982|19627813|882641|1062034|3.97|0|1.1|19|0|49|0.0
202405|ADM|43|46110|11170000|부산|강남구|인계동|2611000000|인계동|2|45|3|1|9|565|427|427|454|94718|7001.0|5118.0|2742.0|0.0|5099|4345|2118|2989427.0|2185386.0|1170834.0|0.0|3009921|2564620|181116|390047|62|226|123|14|3327816|2968052|4337068|102036|6.98|39|1.46|48|224|345|8736.0
202405|ADM|11|26140|11140000|인천|성남시|서초동|2811000000|역삼1가|2|65|0|1|8|739|282|282|805|30225|45648.0|28393.0|8694.0|8561.0|45267|28063|6723|12872736.0|8006826.0|2451708.0|2414202.0|2025391|2170015|67500|389366|29|119|49|20|1045236|248715|2750817|242750|3.05|20|2.4|139|161|92|3220.0
202405|ADM|46|26140|11110000|대구|성남시|서초동|4611000000|인계동|1|60|0|2|6|1477|294|294|382|32755|29329.0|11695.0|9390.0|8244.0|25125|8806|6845|8622726.0|3438330.0|2760660.0|2423736.0|3688039|2967424|472335|62006|70|172|63|28|2594031|13695669|4038969|554450|3.9|0|4.88|140|0|72|0.0
202405|CNTY_GU|47|43110|26140000|인천|서초구|서초동|1117000000|서초1동|1|50|3|1|6|1736|393|393|242|71405|29770.0|23024.0|8777.0|0.0|22363|21682|8399|11699610.0|9048432.0|3449361.0|0.0|2371473|983771|516203|149769|116|190|99|5|2555353|8247897|4402767|208308|3.26|2|4.09|138|13|370|26.0
202405|ADM|46|45110|41110000|대구|수원시|인계동|4711000000|역삼1가|2|35|2|2|4|1840|469|469|331|15258|36581.0|28775.0|4474.0|3332.0|28928|27967|4078|17156489.0|13495475.0|2098306.0|1562708.0|805053|2046395|794185|150743|74|252|75|10|9098654|7512734|1997829|188205|5.98|17|1.89|121|130|212|2210.0
202405|ADM|27|41110|26110000|서울|수원시|서초동|4211000000|인계동|1|30|2|1|3|1059|44|44|747|24614|39888.0|20471.0|7248.0|12169.0|32528|19459|6092|1755072.0|900724.0|318912.0|535436.0|315134|1989475|237521|228260|4|18|6|1|3175383|16133724|2924500|392336|6.53|0|1.36|168|0|264|0.0
202405|ADM|44|27110|45110000|대구|수원시|서초동|4111000000|서초1동|2|25|0|1|7|863|415|415|850|44867|3102.0|1954.0|957.0|191.0|2753|1464|919|1287330.0|810910.0|397155.0|79265.0|19917|1402383|512406|238371|106|211|79|22|8884459|5087670|3469918|1494782|7.02|4|4.98|73|243|188|972.0
202405|CNTY_GU|43|11170|26110000|인천|성남시|역삼동|4511000000|서초1동|1|45|0|1|3|1612|334|334|819|84611|8850.0|5937.0|3449.0|0.0|7888|4450|3340|2955900.0|1982958.0|1151966.0|0.0|3077415|1115700|720154|404662|76|181|72|13|3688333|6354107|565285|890722|6.52|9|2.21|121|492|182|4428.0
202405|ADM|44|27110|41110000|부산|서초구|인계동|4711000000|역삼1가|1|45|3|1|5|554|19|19|62|64120|43053.0|22986.0|5699.0|14368.0|35755|17111|5240|818007.0|436734.0|108281.0|272992.0|880223|1777882|658274|498363|1|10|4|0|6836257|3271423|3915497|397514|3.14|1|1.81|151|409|227|409.0
202405|CNTY_GU|47|47110|43110000|서울|성남시|서초동|4413000000|역삼1가|1|45|2|2|1|375|429|429|47|79349|41961.0|30809.0|13615.0|0.0|29404|30808|13371|18001269.0|13217061.0|5840835.0|0.0|3001968|1485770|810678|332809|65|245|101|11|3586257|7323761|2609493|1841827|3.96|24|2.43|169|215|33|5160.0
202405|ADM|27|46110|43110000|대구|강남구|서초동|1120000000|인계동|2|35|0|1|4|842|273|273|392|36020|27657.0|20101.0|6492.0|1064.0|24584|20100|5561|7550361.0|5487573.0|1772316.0|290472.0|109890|2203342|958681|156973|37|149|78|24|7898951|8536382|2974656|634063|3.55|26|2.91|43|154|6|4004.0
202405|ADM|45|26110|43110000|인천|강남구|역삼동|2614000000|서초1동|1|45|0|1|3|1533|19|19|559|27947|21386.0|16089.0|2434.0|2863.0|16450|15562|2285|406334.0|305691.0|46246.0|54397.0|1228698|1806901|640104|326401|1|7|4|1|5291322|17871256|3212928|1464741|6.25|1|1.82|74|359|177|359.0
202405|CNTY_GU|27|27110|44130000|인천|수원시|인계동|4711000000|역삼1가|1|60|0|2|6|1661|211|211|365|41473|15061.0|11552.0|4061.0|0.0|13720|8658|3884|3177871.0|2437472.0|856871.0|0.0|4045551|2950570|302867|375481|24|111|60|9|3549207|19265724|3798664|1499835|6.19|22|4.78|104|247|263|5434.0
202405|ADM|11|43110|43110000|인천|서초구|서초동|1117000000|인계동|1|40|1|1|2|271|279|279|675|38530|12815.0|5441.0|1570.0|5804.0|12167|4279|1286|3575385.0|1518039.0|438030.0|1619316.0|4481732|2630746|714559|83287|29|158|74|18|8524296|4718848|100023|1841575|6.41|23|4.92|116|201|78|4623.0
202405|ADM|41|44130|47110000|부산|수원시|서초동|4211000000|인계동|1|50|2|1|7|1394|117|117|601|45557|46520.0|24816.0|13917.0|7787.0|41180|17375|13479|5442840.0|2903472.0|1628289.0|911079.0|2312212|958607|238418|161496|24|59|17|9|4692532|10227349|1484131|323635|6.94|1|3.2|137|448|210|448.0
202405|CNTY_GU|42|41110|11170000|경기|서초구|서초동|4113000000|역삼1가|1|45|1|1|9|732|229|229|629|78338|35081.0|11542.0|11383.0|12156.0|25175|10715|9090|8033549.0|2643118.0|2606707.0|2783724.0|2477212|1638570|124062|346681|58|120|47|21|4834722|9464884|4762423|642965|2.78|4|1.85|116|159|487|636.0
202405|CNTY_GU|44|11170|41110000|인천|성남시|인계동|2811000000|서초1동|1|55|2|2|9|1982|356|356|901|30961|49939.0|34055.0|11064.0|4820.0|38210|33547|8591|17778284.0|12123580.0|3938784.0|1715920.0|4642335|795447|742923|214877|45|198|94|34|4997346|8973208|4862721|172674|4.42|2|1.31|97|36|85|72.0
202405|CNTY_GU|41|26110|11170000|서울|수원시|역삼동|4115000000|인계동|2|40|0|1|7|1406|50|50|759|43951|37044.0|15045.0|12514.0|9485.0|34212|11096|12243|1852200.0|752250.0|625700.0|474250.0|577073|788498|763271|345055|7|27|8|0|9521660|6273254|2184599|1767401|4.31|0|2.28|103|0|318|0.0
202405|ADM|43|11140|11110000|인천|수원시|서초동|4413000000|인계동|2|65|1|1|4|157|104|104|714|85327|34217.0|15643.0|6604.0|11970.0|32065|13401|4895|3558568.0|1626872.0|686816.0|1244880.0|2100319|2539874|110287|434841|24|62|23|0|1915739|16656817|3287559|603889|5.25|7|1.88|37|276|422|1932.0
202405|ADM|47|41110|47110000|인천|강남구|역삼동|4113000000|서초1동|1|25|1|1|4|1509|388|388|84|58392|47118.0|18454.0|13981.0|14683.0|39173|15336|10701|18281784.0|7160152.0|5424628.0|5697004.0|2539780|1915844|57485|67988|46|207|99|28|8377521|2309822|19032|695313|3.52|57|4.35|126|227|317|12939.0
202405|CNTY_GU|47|44130|47110000|서울|강남구|서초동|4413000000|인계동|1|25|0|1|7|1594|288|288|613|15029|12507.0|4220.0|4733.0|3554.0|12104|3884|4419|3602016.0|1215360.0|1363104.0|1023552.0|3371385|493060|228680|70689|85|136|57|13|5944656|16147533|4878508|541866|2.35|15|3.26|112|75|54|1125.0
202405|ADM|26|27110|46110000|경기|서초구|인계동|4113000000|역삼1가|1|45|0|1|1|124|265|265|300|13580|18056.0|11097.0|2616.0|4343.0|13509|10694|2312|4784840.0|2940705.0|693240.0|1150895.0|1808160|1643977|444770|106459|77|107|65|5|1931311|1602877|2776481|1239165|3.41|0|4.62|90|0|2|0.0
202405|ADM|46|47110|44130000|경기|수원시|역삼동|2611000000|인계동|2|35|2|1|10|1984|266|266|826|39978|2620.0|883.0|850.0|887.0|2007|814|673|696920.0|234878.0|226100.0|235942.0|64274|1073232|287633|251084|73|127|56|16|7880631|14007885|2200390|948890|7.54|17|4.35|112|322|1|5474.0
202405|ADM|47|27110|11140000|부산|성남시|서초동|1120000000|역삼1가|2|25|2|1|2|234|64|64|781|23204|46141.0|30050.0|13026.0|3065.0|43054|29116|11758|2953024.0|1923200.0|833664.0|196160.0|3369604|278098|966506|46914|7|32|16|2|5172460|12990267|2059335|234571|7.31|0|2.33|139|0|435|0.0
202405|CNTY_GU|44|46110|45110000|경기|성남시|서초동|2611000000|인계동|1|70|0|1|5|529|464|464|747|54380|18695.0|8659.0|5453.0|4583.0|16439|7043|5199|8674480.0|4017776.0|2530192.0|2126512.0|4941673|2986281|538006|214264|63|228|56|2|6507651|9814055|1077321|1510818|4.55|64|1.85|61|226|443|14464.0
202405|CNTY_GU|44|41130|46110000|경기|강남구|역삼동|1117000000|서초1동|1|55|1|1|10|1121|91|91|971|99960|47876.0|38271.0|6726.0|2879.0|44159|29234|5771|4356716.0|3482661.0|612066.0|261989.0|2574296|1515613|905208|321420|19|48|12|4|9321701|816105|4737002|1525184|6.03|1|3.25|143|51|276|51.0
202405|CNTY_GU|47|47110|11110000|부산|서초구|역삼동|1120000000|서초1동|1|40|2|1|10|1660|115|115|627|68521|13996.0|7308.0|3189.0|3499.0|13968|5366|2493|1609540.0|840420.0|366735.0|402385.0|4126202|2388119|257751|114770|18|51|12|7|5833420|16873866|1635013|1077450|4.44|8|4.44|46|444|341|3552.0
202405|ADM|42|42110|11140000|인천|서초구|서초동|4413000000|인계동|1|70|3|1|7|886|136|136|12|16071|41366.0|15201.0|15845.0|10320.0|39953|13258|12485|5625776.0|2067336.0|2154920.0|1403520.0|2573456|2130192|177611|139417|23|73|31|13|6681281|12547051|3471798|988297|5.46|13|1.95|56|316|381|4108.0
202405|ADM|11|11170|26110000|대구|성남시|서초동|1111000000|인계동|1|20|1|1|6|1908|402|402|882|13754|2738.0|1646.0|438.0|654.0|2133|1401|309|1100676.0|661692.0|176076.0|262908.0|4740240|381288|344860|291503|112|201|95|32|7313719|16670601|149787|1638282|6.33|38|2.08|110|428|15|16264.0
202405|CNTY_GU|46|41110|26110000|대구|서초구|역삼동|4111000000|역삼1가|2|35|0|2|6|1434|488|488|146|12366|7322.0|5705.0|1037.0|580.0|6523|4676|771|3573136.0|2784040.0|506056.0|283040.0|64136|635387|345151|177933|119|266|57|42|5553773|12463483|488682|1176692|6.15|15|3.09|32|288|183|4320.0
202405|ADM|47|43110|26140000|대구|수원시|서초동|4711000000|서초1동|1|65|2|1|10|1013|200|200|343|78503|36890.0|26321.0|14026.0|0.0|27420|19141|13224|7378000.0|5264200.0|2805200.0|0.0|397928|2401768|353363|21343|56|114|52|1|7877556|7543389|2518140|1667474|4.22|26|4.96|87|283|131|7358.0
202405|PRVNC|26|11200|11170000|경기|성남시|인계동|4115000000|역삼1가|2|60|1|2|8|896|338|338|941|31965|20465.0|7177.0|3331.0|9957.0|14332|6048|2537|6917170.0|2425826.0|1125878.0|3365466.0|2367226|2866175|250081|98456|39|136|72|0|1771185|6852081|107893|25737|4.75|7|3.21|155|185|124|1295.0
202405|PRVNC|46|41130|26110000|인천|강남구|인계동|4311000000|서초1동|2|30|2|1|1|7|220|220|529|30118|38200.0|15515.0|8172.0|14513.0|30785|14629|5761|8404000.0|3413300.0|1797840.0|3192860.0|4447119|1266522|798915|384703|42|126|60|3|6395773|16237754|2253100|742603|6.36|24|2.43|129|359|229|8616.0
202405|ADM|42|41130|26140000|경기|성남시|역삼동|4211000000|역삼1가|2|55|1|1|7|518|478|478|819|50487|29988.0|22193.0|11775.0|0.0|27482|16123|10375|14334264.0|10608254.0|5628450.0|0.0|1255252|2383028|798199|335282|129|269|52|2|6428988|8164690|2659586|1937145|6.31|32|3.49|99|248|273|7936.0
202405|PRVNC|27|26140|42110000|부산|서초구|역삼동|2711000000|서초1동|2|20|3|1|1|1779|281|281|533|56757|40181.0|30239.0|6964.0|2978.0|33570|27336|6528|11290861.0|8497159.0|1956884.0|836818.0|3306815|2293124|656267|144620|76|136|63|26|9167115|19555383|1709894|1125715|6.42|12|2.73|98|213|200|2556.0
202405|ADM|47|11110|11170000|인천|수원시|인계동|1120000000|인계동|2|30|2|1|8|1320|137|137|286|15761|37251.0|12119.0|7873.0|17259.0|34377|11736|7383|5103387.0|1660303.0|1078601.0|2364483.0|204140|2236945|42516|71575|27|79|17|13|6784361|12049672|4798920|251242|4.63|13|3.67|152|387|298|5031.0
202405|ADM|42|11200|45110000|대구|성남시|서초동|4511000000|서초1동|1|45|1|1|10|1888|193|193|710|92418|7052.0|3338.0|2037.0|1677.0|6386|2426|1985|1361036.0|644234.0|393141.0|323661.0|3674470|572715|636264|417311|43|82|21|15|2098815|14648179|4493894|1948430|4.71|7|4.57|72|105|181|735.0
202405|CNTY_GU|11|28110|11170000|인천|강남구|역삼동|2711000000|서초1동|2|30|2|1|10|129|374|374|647|71011|15991.0|7797.0|1851.0|6343.0|15497|7069|1402|5980634.0|2916078.0|692274.0|2372282.0|4122918|1897265|354587|6390|92|202|60|21|6691121|7577250|4558796|1565938|4.77|39|4.25|86|437|496|17043.0
202405|CNTY_GU|26|27110|26140000|대구|서초구|역삼동|2611000000|인계동|2|30|0|1|8|1509|157|157|868|56829|18218.0|11451.0|5883.0|884.0|15748|11120|5140|2860226.0|1797807.0|923631.0|138788.0|4314769|862613|227304|100381|36|76|36|12|13202|12250938|1566754|423124|2.57|15|4.6|108|486|129|7290.0
202405|PRVNC|26|26140|41130000|대구|강남구|서초동|1120000000|인계동|1|40|0|1|7|921|263|263|311|92828|13385.0|8100.0|3035.0|2250.0|10958|5847|2377|3520255.0|2130300.0|798205.0|591750.0|2752231|1096148|679518|148481|45|123|69|20|3654881|13769480|967873|587940|4.95|8|4.97|151|20|280|160.0
202405|CNTY_GU|27|27110|43110000|서울|서초구|서초동|2811000000|서초1동|2|30|0|2|8|617|27|27|59|97550|13031.0|8908.0|4615.0|0.0|10289|6320|4364|351837.0|240516.0|124605.0|0.0|2930820|1574085|132076|373009|3|14|5|1|7331320|1025143|3305821|1289009|2.75|0|4.8|116|0|429|0.0
202405|CNTY_GU|11|46110|42110000|서울|수원시|인계동|2811000000|인계동|2|30|0|2|2|1127|341|341|417|15376|12113.0|9686.0|1955.0|472.0|10431|6881|1676|4130533.0|3302926.0|666655.0|160952.0|4867334|976327|95041|117710|81|165|66|15|6064013|91809|150025|92680|4.78|45|2.97|153|296|76|13320.0
202405|PRVNC|44|11140|26140000|인천|강남구|서초동|4115000000|서초1동|1|55|0|2|9|1701|371|371|184|86914|7785.0|2867.0|1739.0|3179.0|7558|2053|1626|2888235.0|1063657.0|645169.0|1179409.0|626835|890164|98289|285126|41|187|57|16|7344821|13019479|3858937|132459|2.03|48|1.97|122|20|260|960.0
202405|CNTY_GU|42|27110|46110000|대구|수원시|서초동|2811000000|인계동|1|45|3|1|4|148|176|176|806|68423|19188.0|5761.0|6410.0|7017.0|16386|5557|4817|3377088.0|1013936.0|1128160.0|1234992.0|3885601|836026|13997|86224|49|91|37|12|9831370|12615537|4315388|207041|4.63|7|2.86|90|167|470|1169.0
202405|ADM|27|42110|41130000|서울|수원시|서초동|1111000000|역삼1가|1|40|1|2|2|537|376|376|286|59500|9562.0|4595.0|2676.0|2291.0|8098|3340|2549|3595312.0|1727720.0|1006176.0|861416.0|1077139|1487107|575827|294142|99|211|84|23|4934336|14472117|2452257|1677235|6.18|37|1.47|15|261|323|9657.0
202405|PRVNC|27|41130|43110000|부산|성남시|서초동|2711000000|역삼1가|1|55|2|1|7|1317|126|126|819|15945|48984.0|32132.0|15101.0|1751.0|48623|28035|10758|6171984.0|4048632.0|1902726.0|220626.0|822531|2877644|330494|412483|26|72|14|0|7032473|5233754|877941|1788295|2.74|12|3.47|21|104|499|1248.0
202405|ADM|47|26110|11140000|인천|수원시|역삼동|4311000000|인계동|2|30|0|1|9|1763|49|49|465|64386|43832.0|25429.0|7951.0|10452.0|34786|21437|7351|2147768.0|1246021.0|389599.0|512148.0|1286536|2242696|729134|130454|12|20|14|2|3173204|6507612|3290148|1261956|7.43|4|3.81|133|437|270|1748.0
202405|PRVNC|11|26110|44130000|인천|서초구|인계동|4211000000|인계동|1|40|2|1|7|1762|196|196|759|42836|12067.0|3899.0|2953.0|5215.0|9455|3644|2673|2365132.0|764204.0|578788.0|1022140.0|2052197|1282847|636152|89059|37|89|36|12|7473218|2249858|3034326|1222593|7.26|23|4.5|127|147|296|3381.0
202405|CNTY_GU|42|41130|27110000|대구|서초구|서초동|4311000000|서초1동|1|45|0|2|4|1124|393|393|896|90460|13501.0|5732.0|4687.0|3082.0|12685|4660|4579|5305893.0|2252676.0|1841991.0|1211226.0|3991316|1141498|632885|435426|54|184|91|31|6196418|7227360|1324509|438485|5.83|30|2.44|44|157|396|4710.0
202405|ADM|42|43110|41110000|부산|수원시|인계동|4611000000|역삼1가|2|30|1|2|3|25|445|445|198|22519|11289.0|7198.0|3827.0|264.0|10672|6005|2903|5023605.0|3203110.0|1703015.0|117480.0|1453732|2304227|212070|89289|50|254|127|31|8383006|1799367|4180351|1276993|3.29|57|2.64|31|228|179|12996.0
202405|ADM|42|42110|11200000|대구|수원시|역삼동|2811000000|서초1동|1|30|1|1|3|1594|199|199|787|13712|37540.0|29481.0|8991.0|0.0|32487|28193|7395|7470460.0|5866719.0|1789209.0|0.0|1956984|1892830|756077|336055|35|83|46|5|5913945|4872031|1406319|1552623|3.09|26|4.79|105|46|425|1196.0
202405|CNTY_GU|27|42110|11110000|대구|강남구|역삼동|4113000000|역삼1가|2|50|2|2|10|718|255|255|416|31305|39896.0|20783.0|5843.0|13270.0|28250|19858|4802|10173480.0|5299665.0|1489965.0|3383850.0|677219|756356|975886|283683|53|130|46|0|1461739|9238261|3006378|1816966|3.02|9|1.61|171|191|363|1719.0
202405|PRVNC|11|11110|43110000|인천|수원시|서초동|1120000000|인계동|2|55|2|2|2|1399|218|218|224|48329|24487.0|18453.0|8289.0|0.0|17596|15432|6744|5338166.0|4022754.0|1807002.0|0.0|3811205|1406222|656377|219762|50|110|47|4|7524186|9996936|1354548|1586998|2.54|22|4.85|32|149|479|3278.0
202405|ADM|43|46110|47110000|대구|서초구|역삼동|2711000000|역삼1가|2|45|0|1|3|1559|188|188|755|68805|12122.0|8066.0|1275.0|2781.0|10721|7675|921|2278936.0|1516408.0|239700.0|522828.0|3650401|2981562|488491|23652|44|109|37|4|4816759|9364234|2807564|1659885|2.85|5|3.58|48|413|104|2065.0
202405|CNTY_GU|45|28110|42110000|인천|성남시|인계동|4115000000|인계동|1|40|2|2|6|941|408|408|700|72113|25232.0|14599.0|5594.0|5039.0|18676|10266|5223|10294656.0|5956392.0|2282352.0|2055912.0|2375056|2830392|190400|80196|69|204|69|36|7206648|12874598|3421057|198803|3.69|32|3.72|88|254|222|8128.0
202405|ADM|44|47110|46110000|경기|서초구|인계동|4111000000|역삼1가|2|30|0|1|4|1131|310|310|724|69581|11681.0|7112.0|4632.0|0.0|10457|5534|3417|3621110.0|2204720.0|1435920.0|0.0|641623|745789|325490|251657|43|147|38|29|945992|16909973|71631|201199|4.81|10|4.05|88|329|495|3290.0
202405|ADM|26|11140|28110000|부산|수원시|인계동|4511000000|인계동|2|55|0|2|6|964|434|434|792|21516|47116.0|25148.0|11566.0|10402.0|38280|19579|11365|20448344.0|10914232.0|5019644.0|4514468.0|4278585|2154047|361536|35801|51|236|111|26|4592229|3024704|4653330|1446666|4.03|54|3.89|5|376|98|20304.0
202405|ADM|27|26110|45110000|부산|서초구|인계동|4211000000|서초1동|2|25|3|2|3|293|238|238|647|83156|26321.0|20256.0|9418.0|0.0|22901|15199|8692|6264398.0|4820928.0|2241484.0|0.0|4104260|1321398|801936|307754|69|129|65|10|5945330|12575839|345212|822568|4.41|27|3.63|44|51|103|1377.0
202405|ADM|26|41130|41110000|인천|서초구|역삼동|4711000000|역삼1가|2|65|0|2|4|1211|355|355|153|90095|29408.0|17468.0|9813.0|2127.0|26464|12587|8196|10439840.0|6201140.0|3483615.0|755085.0|4885045|559428|537945|391335|74|183|36|27|2813114|9727572|2006026|1860906|4.12|21|1.77|131|258|240|5418.0
202405|ADM|41|11140|27110000|서울|강남구|역삼동|2811000000|역삼1가|2|55|2|1|7|1094|309|309|143|69984|16980.0|13017.0|4697.0|0.0|12737|10827|3460|5246820.0|4022253.0|1451373.0|0.0|3548808|102847|310064|269749|65|177|48|28|1137277|8019874|4665916|1822806|2.35|13|4.66|64|483|85|6279.0
202405|ADM|47|28110|27110000|서울|수원시|역삼동|1111000000|역삼1가|1|45|0|2|1|850|460|460|366|58645|32009.0|15459.0|7685.0|8865.0|29552|15425|6550|14724140.0|7111140.0|3535100.0|4077900.0|4961856|2010046|376283|467115|46|185|109|19|5972781|13841824|3453404|743877|4.05|6|3.2|101|398|325|2388.0
202405|ADM|26|42110|43110000|경기|서초구|인계동|1117000000|서초1동|1|35|1|2|4|426|293|293|870|57012|10847.0|6586.0|1196.0|3065.0|9257|5906|917|3178171.0|1929698.0|350428.0|898045.0|3997129|1861701|556830|482862|40|158|82|8|9064656|6648783|630539|291716|5.25|31|2.36|123|314|459|9734.0
202405|ADM|11|27110|42110000|경기|강남구|인계동|2614000000|서초1동|2|30|1|1|8|499|26|26|476|62371|46122.0|23990.0|5814.0|16318.0|33950|21225|5155|1199172.0|623740.0|151164.0|424268.0|1727049|2340739|321832|327318|6|14|6|0|4792780|9970448|3494901|1302556|4.51|0|2.11|65|0|356|0.0
202405|CNTY_GU|46|11170|41110000|경기|수원시|역삼동|1111000000|서초1동|1|40|2|1|4|318|290|290|161|26475|4647.0|1678.0|1362.0|1607.0|3650|1208|1287|1347630.0|486620.0|394980.0|466030.0|3214325|545848|662639|481450|67|142|35|4|6000770|2367638|1213604|13600|6.5|40|2.29|129|196|31|7840.0
202405|CNTY_GU|43|26110|26110000|부산|성남시|서초동|2614000000|역삼1가|1|45|0|1|4|44|18|18|109|61815|26453.0|12829.0|2810.0|10814.0|22923|10022|2415|476154.0|230922.0|50580.0|194652.0|427159|2756406|17546|395144|3|8|3|1|5781390|17796758|679648|692926|2.2|1|1.38|167|119|294|119.0
202405|CNTY_GU|41|11110|11170000|경기|강남구|서초동|4511000000|역삼1가|1|50|0|2|8|700|232|232|599|58549|7751.0|3829.0|2273.0|1649.0|6279|3310|1751|1798232.0|888328.0|527336.0|382568.0|1316509|2790195|524498|285037|43|113|68|22|2762705|11343913|355753|496543|3.57|30|2.21|102|172|479|5160.0
202405|CNTY_GU|41|41130|11170000|서울|수원시|역삼동|4511000000|서초1동|2|40|3|2|6|973|1|1|355|55295|17813.0|5407.0|5513.0|6893.0|12955|4673|4672|17813.0|5407.0|5513.0|6893.0|3545982|2601838|849856|225248|0|0|0|0|2224767|13983653|749286|1228697|4.98|0|1.84|107|0|23|0.0
202405|ADM|47|44130|11170000|대구|서초구|역삼동|4711000000|역삼1가|2|45|0|1|8|1143|467|467|625|44590|1028.0|468.0|194.0|366.0|761|346|142|480076.0|218556.0|90598.0|170922.0|3730744|1296749|542790|489143|124|279|120|40|5489696|10795496|2044742|1136910|3.12|54|4.96|8|61|205|3294.0
202405|CNTY_GU|44|41130|28110000|경기|수원시|역삼동|4311000000|인계동|2|65|0|2|1|67|272|272|869|78068|11640.0|3633.0|4332.0|3675.0|11585|2583|3191|3166080.0|988176.0|1178304.0|999600.0|1659323|2214091|636493|104392|58|130|77|9|6989626|17734836|4641601|1557440|4.06|8|1.4|75|149|351|1192.0
202405|ADM|42|11170|41150000|대구|강남구|인계동|2611000000|서초1동|2|25|2|2|6|1494|155|155|304|47255|11266.0|7274.0|3305.0|687.0|8447|6957|3292|1746230.0|1127470.0|512275.0|106485.0|12820|1408711|770108|80608|36|71|25|7|9446945|16618539|3831936|80021|6.46|22|4.26|176|85|423|1870.0
202405|ADM|44|28110|11140000|부산|수원시|서초동|4611000000|서초1동|1|70|1|2|8|971|265|265|101|80681|45889.0|29035.0|7413.0|9441.0|33964|25055|5793|12160585.0|7694275.0|1964445.0|2501865.0|2539457|324029|848083|495295|28|132|66|16|4457537|4531893|575025|609021|5.84|9|4.62|69|491|295|4419.0
202405|ADM|45|41150|27110000|부산|성남시|서초동|4113000000|서초1동|1|40|0|2|4|1774|2|2|225|15825|33813.0|16336.0|9115.0|8362.0|32477|12538|8815|67626.0|32672.0|18230.0|16724.0|4005380|43269|776250|486067|0|1|0|0|5547490|472251|1319891|1946851|6.21|0|1.56|168|0|13|0.0
202405|CNTY_GU|46|46110|26140000|서울|서초구|서초동|4511000000|역삼1가|2|35|0|2|2|181|56|56|626|92573|19427.0|12451.0|5556.0|1420.0|17386|10964|4772|1087912.0|697256.0|311136.0|79520.0|4944508|964788|930404|14459|12|27|12|4|4511777|1925605|3907476|13668|2.45|1|1.67|83|496|300|496.0
202405|ADM|45|11110|41150000|서울|강남구|서초동|4511000000|역삼1가|1|40|0|1|3|672|103|103|130|94363|8981.0|5024.0|2556.0|1401.0|6636|3735|1878|925043.0|517472.0|263268.0|144303.0|962606|507050|7766|184574|23|41|19|7|8488860|1224590|1784432|1846307|3.52|12|1.21|129|236|174|2832.0
202405|ADM|26|26110|26110000|대구|서초구|인계동|4113000000|서초1동|2|70|1|1|4|574|27|27|622|19352|30321.0|16201.0|4029.0|10091.0|29948|14376|3785|818667.0|437427.0|108783.0|272457.0|578346|2766974|554341|299880|6|15|3|0|8613851|8432373|1108146|36932|6.56|3|4.94|16|331|147|993.0
202405|ADM|43|26110|42110000|대구|수원시|역삼동|2614000000|역삼1가|2|70|1|1|10|920|290|290|42|69577|18535.0|9531.0|4492.0|4512.0|15554|9234|3804|5375150.0|2763990.0|1302680.0|1308480.0|3815471|2253162|958870|20833|31|134|41|2|6153434|19993032|246050|216557|2.02|17|3.24|134|190|458|3230.0
202405|ADM|41|43110|28110000|서울|강남구|서초동|4413000000|서초1동|2|60|0|2|2|1225|263|263|150|49670|2715.0|2088.0|670.0|0.0|2492|1968|574|714045.0|549144.0|176210.0|0.0|465890|1047263|543578|359583|37|107|69|12|4670139|1734184|1260439|1609318|2.13|26|1.71|136|460|458|11960.0
202405|ADM|42|42110|41110000|서울|수원시|역삼동|4113000000|역삼1가|1|20|0|1|8|155|20|20|98|19390|32145.0|19802.0|8014.0|4329.0|25681|19000|7035|642900.0|396040.0|160280.0|86580.0|4404182|2752442|263444|200626|3|11|2|0|8146668|11821494|1657443|1966641|4.98|2|2.13|86|158|89|316.0
202405|ADM|42|44130|28110000|인천|서초구|인계동|1120000000|서초1동|2|45|1|1|10|166|170|170|492|25323|15129.0|12042.0|5447.0|0.0|14303|11479|4606|2571930.0|2047140.0|925990.0|0.0|84553|104158|391408|323462|34|98|42|11|590492|3642001|2218211|490254|5.3|1|2.4|174|462|339|462.0
202405|CNTY_GU|45|41110|41130000|서울|성남시|역삼동|4113000000|서초1동|1|45|2|1|8|1781|139|139|712|37990|2085.0|627.0|615.0|843.0|1490|482|585|289815.0|87153.0|85485.0|117177.0|4892217|906787|654279|27780|36|82|16|12|2611999|9385946|2872060|525763|4.55|15|3.72|94|418|300|6270.0
202405|ADM|46|44130|44130000|대구|성남시|역삼동|2711000000|인계동|2|45|2|1|1|1165|43|43|374|41804|43141.0|15917.0|15001.0|12223.0|39730|12037|14467|1855063.0|684431.0|645043.0|525589.0|3100655|1133027|430506|156529|12|18|8|2|6651207|7171603|3502143|1153610|3.24|6|3.9|119|422|134|2532.0
202405|ADM|27|45110|41110000|경기|서초구|인계동|1111000000|인계동|2|65|0|1|1|639|435|435|595|65923|43113.0|31807.0|12175.0|0.0|32356|31502|8597|18754155.0|13836045.0|5296125.0|0.0|3185693|2588752|442537|110926|54|246|61|2|1521074|14762998|888052|642069|3.31|10|1.24|63|311|423|3110.0
202405|ADM|43|11200|41130000|대구|강남구|서초동|1114000000|서초1동|2|55|1|2|9|1080|68|68|86|17945|30784.0|21123.0|8405.0|1256.0|22766|17406|6381|2093312.0|1436364.0|571540.0|85408.0|1391231|873763|763621|324857|7|30|17|4|7936187|9691113|2120263|801353|7.86|3|1.58|109|297|276|891.0
202405|PRVNC|27|11140|11170000|경기|수원시|서초동|4413000000|인계동|2|30|2|1|1|446|56|56|119|82116|32737.0|24483.0|10917.0|0.0|31344|21089|8868|1833272.0|1371048.0|611352.0|0.0|4680293|1711578|121209|175415|6|22|14|4|9605941|8303900|494693|1635573|5.15|1|2.45|7|377|116|377.0
202405|ADM|27|41150|11200000|부산|수원시|인계동|4211000000|인계동|2|30|2|2|2|265|230|230|765|84930|25427.0|13940.0|9211.0|2276.0|22487|10982|9097|5848210.0|3206200.0|2118530.0|523480.0|2863808|2901012|187255|451102|28|107|47|5|6958778|9763589|4652730|406194|4.36|33|2.4|131|99|362|3267.0
202405|ADM|11|27110|41150000|인천|서초구|서초동|4211000000|인계동|2|35|0|1|10|832|171|171|816|84346|45700.0|27350.0|14734.0|3616.0|36757|23151|14593|7814700.0|4676850.0|2519514.0|618336.0|566780|2495322|589267|490316|48|76|26|16|4189635|2847840|4584546|116619|5.82|17|3.02|167|359|140|6103.0
202405|ADM|42|45110|11170000|서울|강남구|서초동|4113000000|인계동|1|35|0|1|1|778|437|437|63|15700|26362.0|9836.0|3853.0|12673.0|26174|7301|3717|11520194.0|4298332.0|1683761.0|5538101.0|354756|2006329|593791|457540|57|203|98|20|2550252|7192919|4868482|1423813|3.22|28|4.78|155|107|400|2996.0
202405|ADM|45|11200|11170000|서울|서초구|서초동|1120000000|서초1동|1|30|2|1|6|1067|238|238|414|51365|49469.0|20930.0|6886.0|21653.0|47688|17312|4857|11773622.0|4981340.0|1638868.0|5153414.0|4137343|213694|42561|485343|43|105|49|22|4636535|9560117|4629139|698419|4.17|15|4.47|62|245|329|3675.0
202405|ADM|42|41150|46110000|서울|강남구|인계동|4611000000|역삼1가|1|20|1|1|3|227|95|95|297|41828|28541.0|13370.0|11101.0|4070.0|26543|12543|9696|2711395.0|1270150.0|1054595.0|386650.0|2749430|347893|330328|213701|21|46|24|0|5938715|13857326|1960595|527512|2.54|5|2.14|128|163|3|815.0
202405|ADM|47|26140|28110000|서울|강남구|인계동|4113000000|서초1동|2|50|2|2|6|58|76|76|560|39358|43408.0|30676.0|13483.0|0.0|37836|29406|11485|3299008.0|2331376.0|1024708.0|0.0|413091|1650115|77022|282068|21|39|15|6|1456032|13598854|2489640|913600|2.71|1|4.68|22|285|462|285.0
202405|PRVNC|11|11110|46110000|인천|수원시|서초동|4111000000|인계동|1|40|1|1|1|190|32|32|339|87437|15136.0|5144.0|3847.0|6145.0|11624|5118|3095|484352.0|164608.0|123104.0|196640.0|1179510|914105|397257|213151|5|15|3|1|8034537|11339710|1876103|204765|4.91|0|2.01|163|0|121|0.0
202405|ADM|44|11200|46110000|경기|수원시|서초동|4711000000|인계동|1|20|0|2|6|1646|54|54|108|90083|36182.0|11261.0|12929.0|11992.0|32695|8835|12253|1953828.0|608094.0|698166.0|647568.0|3857724|2671568|513727|487373|7|28|12|0|3646400|18367481|2374174|1019431|4.88|0|2.74|11|0|423|0.0
202405|ADM|45|44130|26140000|인천|서초구|인계동|4115000000|역삼1가|2|45|1|2|7|1815|446|446|660|87370|36599.0|25359.0|5221.0|6019.0|26369|20566|4009|16323154.0|11310114.0|2328566.0|2684474.0|4758284|653190|382789|56223|103|263|101|31|3137450|1681396|2367465|1802864|7.01|45|1.27|59|463|150|20835.0
202405|ADM|42|11170|46110000|경기|서초구|인계동|4611000000|역삼1가|1|65|0|1|9|1130|314|314|572|56783|45093.0|33059.0|12102.0|0.0|34766|23223|11451|14159202.0|10380526.0|3800028.0|0.0|2571335|135620|81205|133403|66|187|80|12|5178848|1535423|2360105|1429572|6.14|14|4.48|114|312|225|4368.0
202405|ADM|47|11170|26140000|부산|서초구|인계동|4113000000|역삼1가|1|35|0|2|8|619|226|226|856|97364|23330.0|10637.0|3789.0|8904.0|17209|9884|2943|5272580.0|2403962.0|856314.0|2012304.0|4775131|2132177|521723|420327|52|125|51|1|3408670|2674663|2977160|541761|4.88|24|1.86|48|361|450|8664.0
202405|ADM|46|45110|11110000|부산|성남시|인계동|2611000000|서초1동|1|65|2|2|5|1124|337|337|216|25769|24581.0|8140.0|6337.0|10104.0|20439|6556|5804|8283797.0|2743180.0|2135569.0|3405048.0|2111758|2395546|387824|447899|84|154|56|29|831271|15133510|2787137|470688|8.0|35|1.94|174|217|217|7595.0
202405|ADM|43|41150|11200000|인천|수원시|서초동|1117000000|서초1동|2|40|2|1|10|1014|79|79|627|23306|21716.0|17184.0|8301.0|0.0|20371|15541|7611|1715564.0|1357536.0|655779.0|0.0|3928182|957523|292318|459679|22|40|23|7|9331871|11969203|4579195|680072|5.21|5|4.95|160|271|65|1355.0
202405|CNTY_GU|44|27110|28110000|대구|수원시|인계동|4611000000|서초1동|1|55|0|2|6|1810|434|434|34|79510|31386.0|9691.0|10330.0|11365.0|22515|7015|7503|13621524.0|4205894.0|4483220.0|4932410.0|4264789|60529|399413|58474|102|203|82|35|7973241|6802637|3766179|401258|6.62|60|1.65|137|214|345|12840.0
202405|ADM|43|43110|44130000|경기|수원시|인계동|1114000000|역삼1가|2|35|1|1|1|898|250|250|191|20360|36926.0|15875.0|13099.0|7952.0|34290|11499|12188|9231500.0|3968750.0|3274750.0|1988000.0|447042|1204451|247402|184047|27|114|47|0|4874595|18989772|3357|949438|6.03|20|3.8|43|203|374|4060.0
202405|CNTY_GU|41|26110|26110000|부산|성남시|서초동|4115000000|인계동|2|40|3|2|6|190|33|33|505|59642|14092.0|6460.0|4838.0|2794.0|11650|5985|3676|465036.0|213180.0|159654.0|92202.0|301598|157796|337339|142267|4|15|3|1|5764295|18148261|4311431|916421|5.81|4|4.0|71|385|397|1540.0
202405|ADM|45|11200|47110000|대구|강남구|역삼동|4115000000|서초1동|1|35|0|2|6|1034|258|258|589|46553|19047.0|14231.0|3217.0|1599.0|14728|12577|2586|4914126.0|3671598.0|829986.0|412542.0|4001221|1562299|533777|242308|32|151|59|19|6638353|3038543|3124630|869102|7.78|14|4.59|110|342|42|4788.0
202405|CNTY_GU|42|41150|26140000|인천|강남구|역삼동|4211000000|서초1동|1|35|1|1|1|1714|37|37|770|28700|39752.0|14214.0|7580.0|17958.0|38649|10920|7574|1470824.0|525918.0|280460.0|664446.0|1577994|1570238|352950|26065|3|20|7|3|4997668|10248615|867383|737521|7.48|0|4.98|110|0|355|0.0
202405|PRVNC|11|11170|41110000|서울|성남시|서초동|1117000000|서초1동|1|40|1|1|3|182|458|458|628|27471|35448.0|13621.0|5736.0|16091.0|30945|10686|4917|16235184.0|6238418.0|2627088.0|7369678.0|3192411|1731629|123873|133013|85|244|74|27|1741138|17523183|4166309|1995390|3.22|67|3.92|68|163|483|10921.0
202405|CNTY_GU|47|47110|27110000|대구|강남구|서초동|4311000000|서초1동|1|55|0|1|1|215|463|463|430|75232|25866.0|14983.0|9858.0|1025.0|24798|11858|7833|11975958.0|6937129.0|4564254.0|474575.0|4800828|871496|922618|248980|80|232|84|28|4414308|6018876|4745442|964955|5.32|48|4.71|115|382|122|18336.0
202405|CNTY_GU|27|47110|26110000|서울|강남구|서초동|2611000000|서초1동|1|65|0|1|10|477|334|334|100|84535|20226.0|10877.0|5571.0|3778.0|17941|8721|5494|6755484.0|3632918.0|1860714.0|1261852.0|1967118|1557290|197410|335840|71|185|64|27|9449265|10650028|4001104|1227034|7.07|14|3.75|16|391|185|5474.0
202405|ADM|46|11140|28110000|부산|서초구|서초동|4413000000|서초1동|1|25|1|1|10|924|305|305|472|66250|23861.0|10393.0|6540.0|6928.0|19972|8754|5053|7277605.0|3169865.0|1994700.0|2113040.0|4404561|2430766|627147|1203|70|140|63|14|8664581|2376329|478814|1406617|2.23|23|4.16|118|62|76|1426.0
202405|CNTY_GU|27|46110|11170000|서울|서초구|인계동|1114000000|서초1동|2|25|2|2|2|418|281|281|970|69764|8665.0|4470.0|1519.0|2676.0|8092|4160|1420|2434865.0|1256070.0|426839.0|751956.0|3322435|2911719|788821|47956|72|130|81|11|1066724|18190126|4990276|1636253|3.17|41|2.14|98|410|456|16810.0
202405|ADM|41|11110|41130000|경기|성남시|서초동|4115000000|서초1동|2|65|0|2|1|1821|428|428|456|10026|46288.0|29015.0|6332.0|10941.0|33848|28159|5687|19811264.0|12418420.0|2710096.0|4682748.0|879318|349477|43320|482969|43|242|66|32|9491517|4613037|2754653|1327029|6.63|38|2.6|45|365|52|13870.0
202405|CNTY_GU|41|46110|11200000|부산|성남시|인계동|4311000000|역삼1가|1|50|3|2|6|1732|370|370|639|47844|33516.0|10090.0|8664.0|14762.0|24912|7494|8600|12400920.0|3733300.0|3205680.0|5461940.0|4091861|2551588|712364|358140|48|155|80|16|1365163|14859261|1359196|279844|2.03|4|1.36|123|483|480|1932.0
202405|CNTY_GU|26|26110|11200000|대구|수원시|인계동|1117000000|역삼1가|2|40|2|1|8|1530|325|325|639|86794|4067.0|2673.0|1432.0|0.0|3920|2154|1064|1321775.0|868725.0|465400.0|0.0|4158934|1639675|837228|190217|67|170|66|21|6278155|1272991|2156378|426101|6.28|48|2.6|168|114|480|5472.0
202405|ADM|27|11140|43110000|대구|강남구|역삼동|4115000000|역삼1가|1|25|0|1|5|322|251|251|570|32703|49366.0|16061.0|8953.0|24352.0|36552|14378|7538|12390866.0|4031311.0|2247203.0|6112352.0|4906787|2960377|104545|380536|36|106|28|14|4614945|8262429|3844173|844692|6.55|28|1.38|165|225|65|6300.0
202405|PRVNC|26|11140|47110000|부산|수원시|역삼동|2614000000|인계동|2|65|1|2|1|936|101|101|930|72489|12355.0|4362.0|3319.0|4674.0|9505|4311|2556|1247855.0|440562.0|335219.0|472074.0|1619225|1103884|754211|14372|10|45|29|0|4934045|6960277|217018|999358|7.18|1|4.66|160|82|487|82.0
202405|CNTY_GU|27|41150|47110000|인천|성남시|서초동|4611000000|역삼1가|1|30|1|1|2|911|32|32|72|78740|8171.0|3153.0|1232.0|3786.0|7516|2739|917|261472.0|100896.0|39424.0|121152.0|2204158|1616150|620284|178595|4|17|3|2|5831465|1464212|2607456|1910816|7.74|4|4.06|165|431|367|1724.0
202405|CNTY_GU|41|11140|11170000|서울|수원시|역삼동|4111000000|역삼1가|2|50|0|1|3|251|77|77|749|43041|4651.0|1607.0|888.0|2156.0|3378|1434|681|358127.0|123739.0|68376.0|166012.0|725257|419530|839010|456533|23|39|15|2|6332974|17440163|3948411|1054301|4.44|1|3.57|106|485|244|485.0
202405|ADM|43|27110|41130000|서울|서초구|역삼동|4111000000|인계동|1|30|3|1|3|343|128|128|462|33303|27784.0|10667.0|9046.0|8071.0|25334|9829|7251|3556352.0|1365376.0|1157888.0|1033088.0|3762692|2860395|933924|50336|17|62|26|3|1439698|18744894|3902756|381179|6.51|14|4.25|67|425|28|5950.0
202405|ADM|47|47110|45110000|부산|서초구|인계동|1114000000|서초1동|2|70|2|1|3|67|149|149|678|17587|6876.0|4966.0|1558.0|352.0|5826|4239|1354|1024524.0|739934.0|232142.0|52448.0|4520302|2766115|726228|131421|15|81|39|7|2940822|12431197|4378035|824221|7.84|20|4.58|109|476|342|9520.0
202405|ADM|27|11110|11200000|인천|성남시|역삼동|1120000000|인계동|2|40|0|2|8|667|240|240|43|93659|11154.0|5290.0|2404.0|3460.0|10013|4057|2174|2676960.0|1269600.0|576960.0|830400.0|737572|2273651|658902|381053|44|98|51|20|4739227|11087143|1960175|1464090|6.03|11|2.65|14|270|265|2970.0
202405|CNTY_GU|26|44130|11140000|대구|성남시|역삼동|4211000000|역삼1가|1|55|1|1|7|1524|27|27|93|41636|3255.0|1913.0|497.0|845.0|2357|1543|373|87885.0|51651.0|13419.0|22815.0|3013840|2595286|249002|224254|4|13|6|0|711571|4314230|681615|826529|5.34|1|2.61|98|204|144|204.0
202405|ADM|42|46110|26140000|서울|서초구|인계동|1114000000|역삼1가|1|45|3|1|3|1272|226|226|211|97131|17434.0|12326.0|4806.0|302.0|13249|11646|4681|3940084.0|2785676.0|1086156.0|68252.0|2128250|57259|464604|461754|54|128|24|11|6883362|15264462|4136241|951433|3.19|15|2.05|51|201|251|3015.0
202405|ADM|45|44130|11110000|서울|강남구|역삼동|4111000000|역삼1가|2|25|2|2|1|1638|387|387|984|80338|15584.0|7988.0|6134.0|1462.0|11265|6238|4750|6031008.0|3091356.0|2373858.0|565794.0|2576733|1482367|197808|98094|101|183|48|33|4146953|12025057|2918896|83001|6.5|30|2.32|61|448|82|13440.0
202405|PRVNC|44|11140|11200000|서울|수원시|서초동|4413000000|역삼1가|2|50|2|2|10|37|263|263|933|31871|292.0|149.0|48.0|95.0|258|130|34|76796.0|39187.0|12624.0|24985.0|3442248|1214662|318211|497467|38|120|69|6|4699260|12315063|4428095|1645028|2.61|14|1.5|26|306|253|4284.0
202405|PRVNC|42|26140|26110000|대구|강남구|서초동|2811000000|인계동|2|45|1|1|10|200|480|480|920|41831|0.0|0.0|0.0|0.0|0|0|0|0.0|0.0|0.0|0.0|3603440|1933007|719865|95537|86|209|116|22|7436033|10258052|3745826|1181103|5.35|65|3.95|178|283|204|18395.0
202405|CNTY_GU|26|11170|47110000|인천|수원시|역삼동|4113000000|서초1동|2|35|0|2|4|766|1|1|721|74884|44848.0|30938.0|14129.0|0.0|33771|24447|13345|44848.0|30938.0|14129.0|0.0|1730490|1773733|497609|458896|0|0|0|0|3256872|1652072|2925330|832226|6.6|0|4.96|134|0|335|0.0
202405|ADM|41|43110|46110000|서울|수원시|인계동|4611000000|역삼1가|2|50|1|1|5|1793|29|29|211|52060|32702.0|22905.0|12254.0|0.0|31914|18486|11179|948358.0|664245.0|355366.0|0.0|2932846|1764753|766131|401221|3|14|6|2|9897733|3650732|126650|1126013|2.61|0|1.03|34|0|430|0.0
202405|ADM|45|26140|11170000|대구|수원시|인계동|4113000000|인계동|1|50|1|2|8|964|114|114|464|63698|17724.0|13331.0|4319.0|74.0|16289|12800|3873|2020536.0|1519734.0|492366.0|8436.0|1056741|2078307|554573|441394|28|48|24|1|226721|3590333|4155730|1627925|4.99|10|4.19|163|410|448|4100.0
202405|ADM|45|47110|44130000|인천|서초구|역삼동|1111000000|역삼1가|2|45|1|1|5|1945|475|475|418|33886|19355.0|8108.0|6104.0|5143.0|14985|7385|4987|9193625.0|3851300.0|2899400.0|2442925.0|3735082|912811|340698|199710|125|235|102|34|7729153|1928838|1271306|1884061|5.86|18|4.78|104|389|242|7002.0
202405|CNTY_GU|44|26110|46110000|부산|강남구|역삼동|4211000000|역삼1가|2|45|0|1|7|1504|363|363|870|28264|46538.0|25615.0|6249.0|14674.0|38167|18955|5047|16893294.0|9298245.0|2268387.0|5326662.0|351839|28672|280203|244071|52|165|51|19|2969133|9118960|3010877|1046572|7.5|45|4.41|34|355|266|15975.0
202405|ADM|47|46110|41130000|대구|성남시|역삼동|1117000000|인계동|2|25|0|2|8|1290|322|322|300|18498|5724.0|3602.0|1322.0|800.0|5236|3256|938|1843128.0|1159844.0|425684.0|257600.0|462425|1312992|651961|413730|83|151|33|2|5931018|11076059|1138264|131578|7.36|46|4.13|97|130|435|5980.0
202405|ADM|43|41150|43110000|인천|강남구|서초동|2611000000|서초1동|2|45|0|2|9|1814|145|145|125|48648|26072.0|19886.0|3021.0|3165.0|20999|16427|2141|3780440.0|2883470.0|438045.0|458925.0|4001765|984879|435343|311641|30|64|23|11|1502408|407929|4862188|932734|7.77|11|1.81|76|392|11|4312.0
202405|CNTY_GU|41|11170|11140000|부산|성남시|역삼동|4413000000|인계동|1|45|3|2|3|542|111|111|577|19895|24691.0|8106.0|6142.0|10443.0|24346|5981|5063|2740701.0|899766.0|681762.0|1159173.0|771922|904641|202916|288530|17|49|22|0|2976350|8953460|258982|1474450|3.83|1|1.6|12|140|444|140.0
202405|CNTY_GU|11|45110|11200000|대구|성남시|서초동|4711000000|인계동|1|40|2|2|8|188|151|151|193|95197|29877.0|15100.0|7818.0|6959.0|29737|14106|7526|4511427.0|2280100.0|1180518.0|1050809.0|1637674|2008277|310340|129267|19|74|20|9|8583009|6593835|4621486|850881|7.96|22|4.0|107|113|353|2486.0
202405|CNTY_GU|45|41130|28110000|경기|수원시|서초동|4511000000|역삼1가|2|70|0|2|5|1722|101|101|340|48565|39038.0|11939.0|7357.0|19742.0|33386|10704|7129|3942838.0|1205839.0|743057.0|1993942.0|1204836|211398|908161|407345|23|42|15|9|7999815|14034644|4767537|1078813|6.08|10|1.58|31|125|449|1250.0
202405|ADM|44|27110|26140000|인천|수원시|서초동|1117000000|서초1동|1|70|1|1|8|1402|231|231|64|41423|480.0|172.0|116.0|192.0|404|152|86|110880.0|39732.0|26796.0|44352.0|4490047|1665224|744191|234721|58|104|62|21|1413574|8712570|1223420|1609670|6.41|33|2.33|162|247|101|8151.0
202405|PRVNC|44|41150|45110000|대구|서초구|서초동|1120000000|인계동|2|55|2|2|5|6|496|496|176|73172|37926.0|26860.0|7708.0|3358.0|35171|23290|6319|18811296.0|13322560.0|3823168.0|1665568.0|4504005|2789072|794914|69705|95|292|107|26|7358596|8779539|1826439|1373286|5.24|72|1.35|92|257|398|18504.0
202405|ADM|42|11200|11170000|부산|서초구|역삼동|4113000000|서초1동|1|30|1|2|10|346|482|482|351|96319|34089.0|16753.0|12565.0|4771.0|23891|13495|9928|16430898.0|8074946.0|6056330.0|2299622.0|2025544|1110133|85756|388428|95|223|137|12|9474613|39319|3807325|1178089|6.35|35|4.6|121|317|83|11095.0
202405|ADM|42|28110|11140000|서울|수원시|서초동|4111000000|서초1동|2|70|3|1|2|1324|3|3|589|20871|11494.0|5111.0|4161.0|2222.0|10150|4633|3546|34482.0|15333.0|12483.0|6666.0|359889|1608010|456893|312214|0|1|0|0|3555900|11893180|2654348|1543748|6.46|0|2.25|72|0|461|0.0
202405|ADM|11|27110|41150000|인천|강남구|역삼동|1120000000|역삼1가|1|65|0|1|6|1704|477|477|301|58371|42067.0|22618.0|9079.0|10370.0|34194|17096|7823|20065959.0|10788786.0|4330683.0|4946490.0|2672784|1725932|125055|11503|87|209|56|8|120324|11160501|4355759|12530|7.84|60|2.78|97|308|426|18480.0
202405|ADM|44|42110|42110000|인천|서초구|역삼동|1120000000|서초1동|2|60|2|1|3|1183|9|9|471|64585|1072.0|688.0|125.0|259.0|981|565|98|9648.0|6192.0|1125.0|2331.0|3524611|2575959|724536|165021|1|4|1|0|9796560|1856490|868498|1975659|2.9|1|1.12|57|448|394|448.0
202405|ADM|11|11200|11140000|인천|강남구|서초동|2811000000|역삼1가|2|70|0|1|10|691|399|399|460|11648|17049.0|10362.0|2813.0|3874.0|16824|7615|2566|6802551.0|4134438.0|1122387.0|1545726.0|1618498|2186664|710150|142092|89|235|104|16|7886219|13977382|872767|1029677|3.76|11|2.56|44|62|73|682.0
202405|CNTY_GU|26|41110|42110000|부산|수원시|서초동|1111000000|역삼1가|2|50|0|1|8|1237|62|62|143|32720|18799.0|7222.0|3289.0|8288.0|14396|6162|2576|1165538.0|447764.0|203918.0|513856.0|121679|2503995|20422|98118|16|27|11|1|1132595|16036375|4376532|1220789|2.24|2|3.09|113|183|141|366.0
202405|PRVNC|26|11140|26140000|서울|성남시|서초동|4711000000|인계동|1|20|2|2|8|635|322|322|151|74830|2289.0|693.0|745.0|851.0|2103|679|702|737058.0|223146.0|239890.0|274022.0|4216255|1626334|768634|405139|66|154|65|25|709378|19548584|1169391|1003446|4.56|21|4.63|63|259|173|5439.0
202405|ADM|44|45110|44130000|인천|성남시|역삼동|2611000000|서초1동|1|40|0|2|8|81|12|12|221|34238|8086.0|5144.0|3095.0|0.0|7503|4072|2785|97032.0|61728.0|37140.0|0.0|13363|1219268|409053|186876|2|5|2|0|7820109|2738318|2039277|254988|4.75|0|3.44|66|0|469|0.0
202405|ADM|47|47110|43110000|서울|수원시|서초동|4311000000|인계동|1|40|0|1|10|574|289|289|363|89589|38520.0|20426.0|14577.0|3517.0|33504|16392|10803|11132280.0|5903114.0|4212753.0|1016413.0|1021272|450934|867174|471807|84|154|58|24|8207515|16655891|298829|1381937|3.71|26|3.86|129|72|257|1872.0
202405|CNTY_GU|45|41130|26110000|대구|강남구|인계동|4115000000|서초1동|1|30|3|2|5|1585|268|268|586|87892|16469.0|5742.0|5709.0|5018.0|12888|4873|5589|4413692.0|1538856.0|1530012.0|1344824.0|1051637|917781|551289|225622|76|141|43|22|3026240|12991260|2663978|1693238|6.22|32|2.86|100|290|373|9280.0
202405|PRVNC|27|41150|43110000|부산|수원시|역삼동|1117000000|서초1동|1|55|1|2|3|772|101|101|793|44782|4902.0|1565.0|1440.0|1897.0|4502|1424|1243|495102.0|158065.0|145440.0|191597.0|3639352|2848093|22693|455766|11|45|27|2|4218242|4094657|1617664|1303768|3.94|1|2.16|149|289|451|289.0
202405|CNTY_GU|27|45110|11110000|대구|수원시|서초동|4711000000|인계동|1|40|1|1|10|340|158|158|682|42346|31424.0|17986.0|5830.0|7608.0|27354|15605|5621|4964992.0|2841788.0|921140.0|1202064.0|190906|383375|991834|374346|44|80|35|10|8061264|19361855|1854068|711176|2.41|12|4.27|174|388|477|4656.0
202405|ADM|41|11110|11170000|부산|수원시|서초동|1114000000|인계동|2|65|0|2|6|1909|240|240|225|46857|18792.0|10742.0|6777.0|1273.0|15034|9205|6700|4510080.0|2578080.0|1626480.0|305520.0|3139779|2253323|2189|67052|47|110|55|6|2358963|8793514|82083|1644373|7.54|33|2.63|41|287|369|9471.0
202405|ADM|26|11170|26140000|부산|수원시|서초동|4211000000|서초1동|2|50|2|1|3|187|66|66|202|27890|4708.0|2203.0|1648.0|857.0|4299|1543|1340|310728.0|145398.0|108768.0|56562.0|4950093|730375|907960|333946|17|36|15|6|8561252|8293502|446810|968066|3.23|5|1.69|165|114|217|570.0
202405|CNTY_GU|45|11140|41150000|인천|강남구|인계동|1114000000|인계동|1|40|1|1|4|1994|231|231|456|32370|19263.0|13532.0|4265.0|1466.0|16401|13016|3878|4449753.0|3125892.0|985215.0|338646.0|819318|2473292|513206|272886|52|106|61|6|1061961|19721631|798526|299032|5.21|32|4.37|18|241|450|7712.0
202405|ADM|46|41110|46110000|서울|성남시|인계동|2614000000|서초1동|1|55|0|2|8|398|394|394|316|16169|40658.0|16548.0|9008.0|15102.0|33192|14743|7195|16019252.0|6519912.0|3549152.0|5950188.0|824614|636348|537051|359249|87|234|97|15|7649990|14371838|4638136|669514|3.23|29|3.89|170|423|361|12267.0
202405|ADM|26|11140|11140000|부산|수원시|서초동|4111000000|서초1동|1|50|1|1|6|509|301|301|355|69647|3189.0|990.0|577.0|1622.0|2858|714|474|959889.0|297990.0|173677.0|488222.0|714218|2809159|419134|195917|32|124|59|16|1135941|16446796|2445176|789668|2.18|39|4.08|152|101|188|3939.0
202405|ADM|47|11110|41110000|부산|성남시|서초동|2614000000|서초1동|1|45|0|2|4|1727|46|46|109|14696|26017.0|9215.0|8886.0|7916.0|24129|8880|7819|1196782.0|423890.0|408756.0|364136.0|4367328|2160467|715963|274571|5|22|10|0|6920215|15947314|3257763|99545|6.83|1|2.08|67|285|9|285.0
202405|CNTY_GU|26|27110|26140000|서울|성남시|역삼동|4115000000|인계동|2|30|2|2|2|399|329|329|951|71352|46936.0|15216.0|10499.0|21221.0|34205|13743|10490|15441944.0|5006064.0|3454171.0|6981709.0|1328916|1080147|944203|293000|87|185|92|2|7967818|596399|3365703|1871487|6.86|39|1.95|80|338|259|13182.0
202405|CNTY_GU|47|11110|41150000|경기|강남구|서초동|1114000000|역삼1가|1|45|0|2|8|373|394|394|549|32224|40760.0|15391.0|13373.0|11996.0|37715|13143|11604|16059440.0|6064054.0|5268962.0|4726424.0|1506038|844294|901184|222499|71|212|46|2|7052621|18180623|4196898|1948783|6.27|5|1.38|44|234|364|1170.0
202405|PRVNC|11|44130|26110000|대구|수원시|역삼동|4113000000|서초1동|2|40|0|1|9|312|233|233|941|56151|8505.0|6059.0|1905.0|541.0|6231|4929|1515|1981665.0|1411747.0|443865.0|126053.0|3527524|1463122|286688|81871|45|136|58|20|5645425|7564620|1617523|66146|3.53|17|4.06|151|242|393|4114.0
202405|ADM|45|45110|41110000|부산|서초구|역삼동|2614000000|인계동|2|50|1|2|6|1284|98|98|659|70075|17223.0|8271.0|3659.0|5293.0|14357|8182|3351|1687854.0|810558.0|358582.0|518714.0|4740259|2113736|503346|482294|11|56|15|5|4450062|9042664|4187337|541657|5.39|1|4.03|149|284|353|284.0
202405|PRVNC|44|46110|44130000|대구|수원시|역삼동|2711000000|서초1동|1|55|1|1|8|1040|85|85|187|43604|35059.0|14129.0|5766.0|15164.0|27633|11255|4588|2980015.0|1200965.0|490110.0|1288940.0|1394603|2699859|847784|423583|21|40|13|4|7621911|4440560|4857470|870478|5.66|9|2.66|141|10|102|90.0
202405|ADM|11|45110|47110000|부산|서초구|역삼동|2611000000|인계동|2|40|0|1|3|262|251|251|100|50031|0.0|0.0|0.0|0.0|0|0|0|0.0|0.0|0.0|0.0|3651904|973376|520902|425218|44|147|49|8|3563065|225930|3942845|1417815|6.26|10|2.13|143|454|92|4540.0
202405|ADM|27|26110|41110000|서울|서초구|서초동|4211000000|역삼1가|1|35|1|1|1|737|336|336|196|13358|11325.0|6348.0|3492.0|1485.0|8807|6050|3172|3805200.0|2132928.0|1173312.0|498960.0|1632865|869951|597476|148198|93|190|63|13|3567909|840415|3394059|1987199|2.46|8|3.69|131|24|225|192.0
202405|ADM|41|11200|11110000|경기|강남구|서초동|4311000000|서초1동|1|30|1|1|7|1247|484|484|853|19559|30970.0|20760.0|10337.0|0.0|25436|19704|10202|14989480.0|10047840.0|5003108.0|0.0|4125609|888768|721530|424739|93|281|50|15|3400403|7410699|2910327|1651692|5.52|46|4.06|57|289|83|13294.0
202405|ADM|41|41150|11140000|서울|서초구|역삼동|4711000000|서초1동|1|50|3|1|8|1567|224|224|789|34542|1293.0|642.0|227.0|424.0|1133|548|180|289632.0|143808.0|50848.0|94976.0|4348309|2700707|22690|186502|37|126|43|8|4086825|16321137|3459738|1114746|6.71|11|1.67|49|431|151|4741.0
202405|ADM|45|11200|43110000|서울|수원시|인계동|2711000000|서초1동|2|30|0|1|4|296|317|317|853|27556|9205.0|3571.0|2531.0|3103.0|8889|3524|2291|2917985.0|1132007.0|802327.0|983651.0|1026527|250646|267903|177335|46|185|59|15|621523|13276947|3864393|313958|6.61|41|1.73|129|76|164|3116.0
202405|ADM|27|11140|28110000|경기|수원시|인계동|4311000000|인계동|1|35|3|2|8|424|432|432|67|34831|9592.0|6043.0|2336.0|1213.0|7245|5431|2006|4143744.0|2610576.0|1009152.0|524016.0|4025496|471491|768346|475107|76|232|51|14|4868366|1507984|2012659|1785210|7.54|12|2.26|17|50|484|600.0
202405|CNTY_GU|43|11140|41150000|대구|수원시|서초동|2711000000|서초1동|1|55|0|1|9|77|288|288|359|91745|41917.0|29458.0|11235.0|1224.0|36537|26349|10326|12072096.0|8483904.0|3235680.0|352512.0|2268501|2084191|567144|110137|58|168|52|4|8012508|10582152|4302093|1748454|7.78|29|2.41|142|445|201|12905.0
202405|ADM|46|41130|11140000|부산|강남구|서초동|4115000000|서초1동|2|50|2|1|8|1904|174|174|763|72795|24886.0|10343.0|2994.0|11549.0|22618|7259|2963|4330164.0|1799682.0|520956.0|2009526.0|4005224|1954660|78377|365199|26|77|21|14|8660822|4309036|62861|141404|4.31|22|3.24|140|46|56|1012.0
202405|PRVNC|26|47110|46110000|대구|강남구|역삼동|4511000000|역삼1가|1|35|3|1|2|1368|138|138|865|72891|29800.0|18111.0|9498.0|2191.0|28780|14448|8612|4112400.0|2499318.0|1310724.0|302358.0|3582741|119549|452774|317420|36|80|17|4|7726350|7347548|4530573|120724|7.91|2|2.38|17|377|413|754.0
202405|ADM|27|44130|42110000|부산|수원시|서초동|4611000000|인계동|2|45|1|1|4|1215|441|441|181|30487|38020.0|20762.0|4915.0|12343.0|31183|19702|4394|16766820.0|9156042.0|2167515.0|5443263.0|1519279|1689077|768972|251677|78|220|57|42|4320398|7911239|917066|666416|4.74|24|1.07|153|250|86|6000.0
202405|CNTY_GU|41|44130|11110000|인천|성남시|인계동|2711000000|서초1동|1|70|1|1|3|104|371|371|786|40198|8738.0|5345.0|3001.0|392.0|7769|4259|2119|3241798.0|1982995.0|1113371.0|145432.0|1894873|1969236|711078|32915|92|179|69|20|4648228|10772580|2948452|1237943|6.88|38|4.46|90|59|334|2242.0
202405|CNTY_GU|45|11170|11200000|경기|성남시|인계동|1120000000|서초1동|1|25|2|2|7|568|247|247|493|17091|37564.0|11412.0|5065.0|21087.0|31277|10047|4095|9278308.0|2818764.0|1251055.0|5208489.0|478010|2239456|472097|162947|56|137|59|11|5210641|14767644|352802|1831889|2.5|7|4.39|109|245|326|1715.0
202405|CNTY_GU|44|41110|42110000|인천|강남구|인계동|4113000000|역삼1가|1|25|0|1|3|189|414|414|217|17988|39518.0|21482.0|7179.0|10857.0|39415|21478|6357|16360452.0|8893548.0|2972106.0|4494798.0|2239511|865275|303883|322888|43|245|76|15|8439328|16230823|4000862|1017526|2.97|33|3.16|87|58|111|1914.0
202405|ADM|26|11200|45110000|대구|수원시|역삼동|1120000000|역삼1가|1|35|2|1|10|429|286|286|668|82827|41917.0|23245.0|13435.0|5237.0|30568|18115|11842|11988262.0|6648070.0|3842410.0|1497782.0|1291630|175694|701283|73344|63|141|51|28|2188563|677085|162115|240250|5.12|4|3.34|93|251|351|1004.0
202405|CNTY_GU|45|46110|26140000|대구|서초구|역삼동|4211000000|서초1동|1|30|3|1|1|785|9|9|685|18317|38402.0|18861.0|12241.0|7300.0|37161|15304|10942|345618.0|169749.0|110169.0|65700.0|3603847|2239320|42907|137731|2|5|2|0|5834423|13016550|3542580|1644479|6.28|0|4.89|52|0|76|0.0
202405|ADM|41|11110|44130000|부산|성남시|인계동|4611000000|역삼1가|2|25|2|1|6|1839|232|232|647|18013|2144.0|649.0|846.0|649.0|1806|583|774|497408.0|150568.0|196272.0|150568.0|1820601|1937982|379088|17906|67|131|48|0|5324159|15663476|1121666|1685553|4.76|8|1.16|109|485|142|3880.0
202405|ADM|46|43110|41110000|부산|수원시|인계동|4711000000|서초1동|1|40|1|1|9|491|298|298|129|37767|22210.0|11610.0|6023.0|4577.0|19819|10775|5033|6618580.0|3459780.0|1794854.0|1363946.0|2549953|2462934|954711|111272|78|122|37|21|8994792|1369849|2901482|491195|7.81|43|2.86|42|52|18|2236.0
202405|CNTY_GU|43|42110|44130000|부산|강남구|서초동|4413000000|인계동|1|70|1|1|3|1170|179|179|684|19226|14134.0|5288.0|1564.0|7282.0|11757|4709|1181|2529986.0|946552.0|279956.0|1303478.0|4890341|1430965|223822|106389|41|87|25|0|3821736|17715131|80058|883886|6.39|4|4.58|92|300|350|1200.0
202405|PRVNC|44|41150|41150000|인천|수원시|인계동|4711000000|서초1동|1|30|2|1|6|477|262|262|905|81130|22345.0|13733.0|7726.0|886.0|19293|10522|6517|5854390.0|3598046.0|2024212.0|232132.0|3516311|2539842|427000|460137|31|149|76|23|683204|799311|696364|422996|3.85|7|4.61|166|443|139|3101.0
202405|CNTY_GU|26|47110|45110000|대구|서초구|서초동|4113000000|인계동|1|50|1|1|3|1924|89|89|622|69371|2429.0|1123.0|607.0|699.0|2128|1113|468|216181.0|99947.0|54023.0|62211.0|487400|63324|61064|13227|15|41|25|6|4636460|15084019|11625|436989|6.05|2|1.76|140|398|372|796.0
202405|PRVNC|27|26140|45110000|대구|강남구|서초동|2611000000|역삼1가|1|55|1|1|7|784|197|197|99|63530|11105.0|5108.0|3796.0|2201.0|8691|3602|3650|2187685.0|1006276.0|747812.0|433597.0|3683473|2693553|173234|27197|43|95|35|18|598216|11027515|3304143|595430|7.43|15|4.24|36|162|217|2430.0
202405|ADM|27|11200|28110000|대구|수원시|서초동|4511000000|인계동|1|40|0|1|4|1932|124|124|681|49025|49415.0|35171.0|17170.0|0.0|37876|32139|13061|6127460.0|4361204.0|2129080.0|0.0|2157658|377497|691433|65415|17|70|26|0|2569447|16399643|3940465|79499|3.3|4|1.88|60|66|189|264.0
202405|PRVNC|26|28110|11200000|경기|수원시|서초동|4611000000|인계동|2|60|0|2|8|1691|106|106|525|68034|12473.0|6452.0|4498.0|1523.0|11738|6147|3610|1322138.0|683912.0|476788.0|161438.0|3390433|1908239|343489|111987|18|45|14|4|6874007|16403587|1012340|1732210|6.02|14|1.18|48|472|265|6608.0
202405|ADM|27|11140|47110000|인천|서초구|역삼동|4111000000|역삼1가|2|65|0|1|3|1567|321|321|285|89644|14619.0|5625.0|5545.0|3449.0|11855|5318|5286|4692699.0|1805625.0|1779945.0|1107129.0|3623142|1908254|235788|221096|42|168|50|7|7127407|9723758|959982|605101|2.93|12|3.05|17|13|480|156.0
202405|ADM|41|42110|11170000|경기|성남시|역삼동|4711000000|인계동|1|45|2|1|4|152|4|4|799|56037|30572.0|11158.0|9328.0|10086.0|23584|11144|7207|122288.0|44632.0|37312.0|40344.0|276651|1177955|616130|494073|1|1|0|0|2940274|11777322|4502969|377927|6.35|0|4.59|136|0|495|0.0
202405|CNTY_GU|45|41130|27110000|인천|수원시|인계동|4511000000|인계동|1|70|2|2|6|621|88|88|182|89526|38319.0|24342.0|4726.0|9251.0|27617|19332|4550|3372072.0|2142096.0|415888.0|814088.0|294146|1013826|915287|275613|21|44|16|6|13103|2434911|3665389|232498|3.48|11|1.01|34|117|142|1287.0
202405|ADM|46|28110|44130000|서울|수원시|인계동|4211000000|서초1동|1|50|1|2|6|796|64|64|836|58781|42047.0|22432.0|11381.0|8234.0|40873|21482|9855|2691008.0|1435648.0|728384.0|526976.0|3606896|2877030|561799|223780|8|32|8|1|2324756|5096959|2263295|413996|6.6|0|2.47|155|0|92|0.0
202405|ADM|41|45110|11200000|서울|강남구|인계동|4413000000|서초1동|2|25|1|1|8|1384|185|185|881|10374|10359.0|7992.0|1341.0|1026.0|7856|7260|999|1916415.0|1478520.0|248085.0|189810.0|2494003|1411601|708397|366961|31|108|27|12|4908719|9574802|178707|1096553|5.31|8|1.48|154|96|318|768.0
202405|ADM|47|11170|11110000|서울|수원시|인계동|4711000000|역삼1가|1|40|0|1|6|174|74|74|972|93588|42540.0|25620.0|15146.0|1774.0|40700|25508|11522|3147960.0|1895880.0|1120804.0|131276.0|2106482|34401|454875|342610|19|39|12|2|6727496|16025940|3008685|24984|3.64|4|1.12|49|182|264|728.0
202405|CNTY_GU|26|42110|47110000|인천|강남구|역삼동|4511000000|서초1동|2|50|1|1|3|1573|221|221|354|87860|23238.0|14803.0|5979.0|2456.0|16434|13209|4401|5135598.0|3271463.0|1321359.0|542776.0|4156699|1787317|381583|420466|54|105|34|13|9183535|13176443|1425196|1813138|7.54|27|4.92|61|454|125|12258.0
202405|CNTY_GU|47|26140|41150000|인천|강남구|서초동|2611000000|인계동|2|25|0|2|1|636|58|58|755|68321|33895.0|22730.0|11689.0|0.0|26316|22540|9570|1965910.0|1318340.0|677962.0|0.0|3125986|417563|437293|468554|10|28|11|2|7795660|4948147|4912152|614685|7.61|0|2.29|154|0|95|0.0
202405|CNTY_GU|27|41150|26110000|대구|수원시|역삼동|4211000000|인계동|2|60|2|2|7|1833|221|221|24|25268|20473.0|10456.0|3012.0|7005.0|16420|7778|2115|4524533.0|2310776.0|665652.0|1548105.0|4852572|2344864|327645|90208|49|118|43|12|9529928|6327251|1081274|1902245|6.95|24|1.34|83|433|113|10392.0
202405|ADM|41|11170|11170000|대구|강남구|서초동|4113000000|서초1동|1|70|0|1|9|97|382|382|169|31987|28251.0|12068.0|6593.0|9590.0|24981|11447|5791|10791882.0|4609976.0|2518526.0|3663380.0|2175251|2250692|72834|114478|106|161|44|3|9374535|9346144|1584997|250305|6.64|7|2.08|73|354|201|2478.0
202405|ADM|47|11110|11140000|경기|수원시|역삼동|4311000000|서초1동|1|30|0|1|2|417|113|113|723|75614|27253.0|16481.0|5290.0|5482.0|26184|13133|4705|3079589.0|1862353.0|597770.0|619466.0|3125905|156632|117534|360823|15|46|22|3|4858265|15001258|2083393|3832|5.25|0|1.79|148|0|186|0.0
202405|ADM|47|42110|41150000|대구|수원시|서초동|1117000000|서초1동|1|35|0|1|7|739|406|406|893|59441|24300.0|17763.0|4462.0|2075.0|17843|15101|4108|9865800.0|7211778.0|1811572.0|842450.0|339134|447709|20796|457060|98|182|85|39|5334421|5993258|2931732|1645516|5.95|47|2.95|163|203|388|9541.0
202405|ADM|11|11170|45110000|대구|서초구|인계동|4711000000|역삼1가|1|50|0|1|1|1056|2|2|572|68015|28552.0|22248.0|4398.0|1906.0|26041|18486|3883|57104.0|44496.0|8796.0|3812.0|4682812|807630|758546|233682|0|0|0|0|5951974|19060907|4236393|1951173|7.18|0|4.42|134|0|462|0.0
202405|CNTY_GU|26|42110|11140000|대구|성남시|역삼동|1117000000|역삼1가|2|40|3|2|4|669|82|82|383|58505|16799.0|5749.0|5188.0|5862.0|13574|4531|4034|1377518.0|471418.0|425416.0|480684.0|1706941|2796094|850425|372142|8|39|19|1|3623849|5219616|2117240|1994482|4.45|6|1.63|34|64|415|384.0
202405|ADM|41|41150|11170000|경기|수원시|역삼동|4113000000|서초1동|1|20|0|1|4|1128|255|255|759|11370|10289.0|4376.0|1262.0|4651.0|8145|3609|1144|2623695.0|1115880.0|321810.0|1186005.0|4255732|2270710|78806|236826|45|128|47|19|7554011|7856635|311670|1254563|5.06|20|2.18|20|71|135|1420.0
202405|CNTY_GU|44|47110|41110000|인천|강남구|역삼동|1114000000|역삼1가|2|55|0|1|7|1344|335|335|165|64224|27642.0|20853.0|7266.0|0.0|22309|17631|6364|9260070.0|6985755.0|2434110.0|0.0|3195945|2640915|116444|13771|63|182|94|7|4881939|14789760|205325|1218644|6.46|2|3.98|9|402|101|804.0
202405|ADM|26|43110|45110000|인천|서초구|서초동|2614000000|역삼1가|1|50|0|2|8|1535|447|447|208|26734|6728.0|4691.0|2569.0|0.0|4879|4254|2166|3007416.0|2096877.0|1148343.0|0.0|980717|2841410|471582|485051|128|190|88|39|5091739|15108847|4446444|584245|7.0|58|1.22|72|332|409|19256.0
202405|PRVNC|44|11110|28110000|부산|강남구|서초동|4611000000|역삼1가|2|30|0|2|1|1391|395|395|20|57110|46695.0|26497.0|10679.0|9519.0|38773|26264|9989|18444525.0|10466315.0|4218205.0|3760005.0|3904931|881427|531343|235502|84|213|56|5|6787984|1510629|3748219|1958624|7.48|22|3.97|31|257|329|5654.0
202405|PRVNC|26|44130|28110000|부산|수원시|인계동|4711000000|역삼1가|1|55|0|1|2|912|56|56|955|29611|10173.0|5686.0|2701.0|1786.0|8267|5137|2029|569688.0|318416.0|151256.0|100016.0|3733718|885920|421389|197780|16|32|5|3|1813546|4669108|3799347|1854564|4.46|2|3.93|178|220|476|440.0
202405|ADM|41|26140|43110000|서울|서초구|역삼동|4111000000|역삼1가|1|55|3|1|8|1716|270|270|539|32375|32615.0|20085.0|7847.0|4683.0|30317|15278|5539|8806050.0|5422950.0|2118690.0|1264410.0|16854|2466683|449261|88952|30|154|27|16|9243300|8657902|2756310|839026|2.68|24|1.68|78|358|407|8592.0
202405|ADM|43|45110|44130000|경기|수원시|역삼동|2811000000|역삼1가|2|70|0|1|2|235|497|497|63|24282|12083.0|3991.0|2774.0|5318.0|10186|3495|2237|6005251.0|1983527.0|1378678.0|2643046.0|516972|2357429|416986|209136|103|254|120|16|2684697|2194185|4991729|342041|4.69|64|2.99|56|187|332|11968.0
202405|ADM|41|44130|42110000|부산|강남구|역삼동|4111000000|역삼1가|2|25|0|1|9|134|375|375|547|84593|46507.0|25697.0|12213.0|8597.0|39873|24674|9105|17440125.0|9636375.0|4579875.0|3223875.0|1302015|2157174|668016|172585|105|207|82|7|6421302|10923253|1430563|44976|2.71|23|2.28|137|291|280|6693.0
202405|CNTY_GU|47|43110|26140000|경기|서초구|서초동|4413000000|서초1동|1|40|0|1|5|39|425|425|315|25272|48940.0|28188.0|7138.0|13614.0|45046|24916|5320|20799500.0|11979900.0|3033650.0|5785950.0|209415|360167|1931|119448|107|209|66|36|6141243|18801954|4255050|480194|3.26|20|2.94|153|21|166|420.0
202405|ADM|41|41130|43110000|부산|수원시|인계동|4211000000|서초1동|1|40|0|2|4|1442|395|395|491|38640|16398.0|7874.0|3380.0|5144.0|15651|6421|2424|6477210.0|3110230.0|1335100.0|2031880.0|1405984|387974|856475|320620|41|187|105|19|1062283|13776687|4107719|1050825|5.41|15|4.83|172|464|473|6960.0
202405|PRVNC|42|44130|43110000|서울|수원시|역삼동|4211000000|인계동|1|25|0|1|6|1820|452|452|970|66277|12416.0|7279.0|2286.0|2851.0|11947|6005|1721|5612032.0|3290108.0|1033272.0|1288652.0|2055751|1742057|389941|373501|116|215|98|28|3005971|13624205|2749228|1030956|4.54|53|4.53|160|221|47|11713.0
202405|CNTY_GU|11|11110|11170000|인천|서초구|서초동|4511000000|역삼1가|2|25|0|1|6|1707|329|329|40|83718|9390.0|3268.0|1150.0|4972.0|8674|2504|985|3089310.0|1075172.0|378350.0|1635788.0|2996028|1309174|535021|320118|84|181|59|26|1218379|7330154|2113794|1850391|2.39|17|3.73|34|121|14|2057.0
202405|ADM|27|28110|41130000|대구|강남구|인계동|4611000000|역삼1가|2|25|0|1|5|358|198|198|8|53607|41231.0|14068.0|13376.0|13787.0|31473|11875|11010|8163738.0|2785464.0|2648448.0|2729826.0|2889674|1424608|115645|351030|28|112|45|14|8841527|10955967|2642785|1609670|5.54|26|4.6|146|104|183|2704.0
202405|CNTY_GU|47|41150|11200000|서울|성남시|서초동|4113000000|역삼1가|2|25|0|1|8|399|129|129|702|57550|33645.0|17791.0|8926.0|6928.0|27358|14978|6738|4340205.0|2295039.0|1151454.0|893712.0|1743188|2365299|945283|187396|21|69|14|10|1011063|15724037|1564232|1060532|2.36|5|4.01|24|153|193|765.0
202405|CNTY_GU|42|11200|11110000|경기|수원시|역삼동|2611000000|역삼1가|2|40|0|1|4|269|414|414|655|40175|6570.0|4483.0|1178.0|909.0|6252|3256|1176|2719980.0|1855962.0|487692.0|376326.0|1538331|2784987|16550|170502|86|216|71|9|1626324|11078305|859254|8050|4.48|48|4.34|67|94|156|4512.0
202405|CNTY_GU|42|26140|41150000|경기|성남시|인계동|1117000000|역삼1가|1|30|0|2|5|521|197|197|13|55155|26630.0|13682.0|4484.0|8464.0|20386|13186|3779|5246110.0|2695354.0|883348.0|1667408.0|2649314|2291336|334026|401217|48|106|54|11|7770246|8046750|1041450|1505300|6.19|17|3.19|143|355|193|6035.0
202405|ADM|11|43110|46110000|인천|수원시|서초동|1111000000|인계동|1|60|0|2|4|565|142|142|17|49160|33336.0|14026.0|4906.0|14404.0|31281|13685|4361|4733712.0|1991692.0|696652.0|2045368.0|1843468|2537900|517471|400594|41|78|25|2|2211858|7645228|2237370|904935|2.23|11|3.38|122|342|100|3762.0
202405|CNTY_GU|27|42110|43110000|부산|성남시|인계동|4611000000|인계동|1|25|2|1|7|747|80|80|968|61104|23761.0|14598.0|3747.0|5416.0|20502|11783|3115|1900880.0|1167840.0|299760.0|433280.0|4565637|2026519|503283|322354|11|43|22|6|2482585|16998634|2741191|575183|6.01|3|3.65|110|215|70|645.0
202405|CNTY_GU|44|11140|41130000|대구|서초구|인계동|2711000000|인계동|2|60|0|1|2|654|125|125|101|32634|8091.0|5547.0|980.0|1564.0|8088|4606|726|1011375.0|693375.0|122500.0|195500.0|221801|204002|469656|316214|20|58|16|3|8445565|5561249|3585721|1478623|2.94|3|2.26|89|473|344|1419.0
202405|ADM|47|26110|11170000|대구|성남시|역삼동|4111000000|역삼1가|2|50|1|1|6|1258|59|59|10|24850|40389.0|20223.0|4655.0|15511.0|39334|16329|4278|2382951.0|1193157.0|274645.0|915149.0|3340475|2363827|317441|206957|7|34|17|5|7962622|8061828|101308|480662|2.99|3|3.56|68|284|348|852.0
202405|ADM|27|11140|41130000|대구|강남구|인계동|2711000000|인계동|1|30|2|1|5|635|182|182|915|83223|36986.0|17121.0|5871.0|13994.0|36954|13175|4367|6731452.0|3116022.0|1068522.0|2546908.0|2634754|624056|211364|168153|24|75|41|13|4522881|3754743|4126910|572692|2.89|13|3.86|64|180|48|2340.0
202405|ADM|43|44130|11140000|부산|서초구|서초동|4611000000|서초1동|2|20|1|2|8|52|343|343|782|29205|43084.0|17864.0|8416.0|16804.0|40158|14659|6146|14777812.0|6127352.0|2886688.0|5763772.0|1316797|1161052|888685|369609|50|164|68|2|8668016|8414851|3926480|41206|6.49|0|2.55|76|0|216|0.0
202405|PRVNC|43|28110|11110000|대구|수원시|역삼동|1120000000|역삼1가|1|40|3|1|4|33|57|57|189|41764|12982.0|7141.0|2886.0|2955.0|10803|6636|2042|739974.0|407037.0|164502.0|168435.0|3097463|524449|369501|311574|9|26|12|1|4347639|17415800|1463581|974511|4.53|1|1.53|103|80|454|80.0
202405|CNTY_GU|46|27110|28110000|경기|강남구|역삼동|4611000000|서초1동|1|30|1|1|5|969|12|12|722|92683|47809.0|35382.0|12240.0|187.0|35605|26798|10532|573708.0|424584.0|146880.0|2244.0|2289665|963610|675947|396532|1|6|2|1|5610828|18491579|4966564|1918428|5.58|1|2.05|34|39|382|39.0
202405|CNTY_GU|11|41150|26140000|부산|수원시|서초동|2811000000|역삼1가|1|50|0|1|9|835|355|355|66|22099|23292.0|7470.0|6193.0|9629.0|18650|6832|6182|8268660.0|2651850.0|2198515.0|3418295.0|1176047|2152821|260980|481963|47|173|58|8|3936548|14162485|4363681|1302165|4.98|3|2.41|95|108|403|324.0
202405|CNTY_GU|43|11110|44130000|서울|성남시|인계동|2711000000|역삼1가|1|55|2|1|7|1591|179|179|287|62625|3400.0|1038.0|1251.0|1111.0|3116|988|1118|608600.0|185802.0|223929.0|198869.0|1267164|2675725|424188|98710|47|81|45|0|8633841|17982987|835547|298328|4.52|14|4.49|41|274|370|3836.0
202405|CNTY_GU|27|44130|26140000|서울|강남구|서초동|4111000000|인계동|2|45|1|2|6|1796|385|385|773|31522|11271.0|3536.0|3192.0|4543.0|9982|2646|2274|4339335.0|1361360.0|1228920.0|1749055.0|4573344|2131684|741886|203438|88|218|38|24|5935023|2775030|4202183|1254920|3.21|8|1.99|13|466|298|3728.0
202405|PRVNC|11|43110|11140000|대구|성남시|인계동|4211000000|서초1동|1|35|1|2|4|1515|172|172|960|29618|13805.0|10613.0|4202.0|0.0|10034|9382|4054|2374460.0|1825436.0|722744.0|0.0|1203656|120771|231312|457147|27|70|19|4|8685028|18814596|2230428|1735872|7.92|5|3.28|174|208|246|1040.0
202405|CNTY_GU|46|26140|11140000|서울|강남구|역삼동|4611000000|역삼1가|1|35|0|2|4|1931|138|138|5|30556|32043.0|13985.0|7129.0|10929.0|25990|12227|5428|4421934.0|1929930.0|983802.0|1508202.0|3587786|805127|952823|46009|29|76|30|8|2007663|7870021|1735422|1501201|7.22|8|2.22|75|206|423|1648.0
202405|CNTY_GU|45|27110|43110000|서울|수원시|역삼동|2711000000|역삼1가|2|60|0|1|1|431|258|258|759|46184|43789.0|15688.0|11490.0|16611.0|38506|13469|10809|11297562.0|4047504.0|2964420.0|4285638.0|4252498|2698762|317278|134072|50|140|75|16|3993621|2077408|3510565|348310|2.14|7|4.0|17|229|473|1603.0
202405|ADM|11|42110|44130000|경기|수원시|역삼동|4311000000|역삼1가|2|25|2|1|3|1428|179|179|378|43087|45415.0|20201.0|8099.0|17115.0|36780|19966|6278|8129285.0|3615979.0|1449721.0|3063585.0|2748572|1158979|291327|324574|45|84|20|8|1305728|13981738|1963478|939017|6.2|5|4.9|158|202|152|1010.0
202405|CNTY_GU|27|46110|41130000|경기|수원시|서초동|1120000000|서초1동|2|30|1|1|4|26|289|289|973|81944|5533.0|1663.0|1890.0|1980.0|4049|1385|1806|1599037.0|480607.0|546210.0|572220.0|2995013|1291424|853936|223813|83|168|50|19|2533323|11451469|2776404|931938|5.2|39|2.2|50|190|142|7410.0
202405|ADM|44|41130|26140000|경기|서초구|서초동|4611000000|인계동|2|55|2|1|9|1188|72|72|751|18442|30056.0|12032.0|11357.0|6667.0|23607|11124|10893|2164032.0|866304.0|817704.0|480024.0|2348399|838041|705365|98016|13|42|16|4|7489449|1286743|3206234|575116|6.79|6|4.43|56|318|329|1908.0
202405|CNTY_GU|43|44130|28110000|서울|수원시|서초동|4115000000|서초1동|1|65|0|1|3|995|476|476|220|58614|20105.0|9174.0|7813.0|3118.0|15508|8175|6866|9569980.0|4366824.0|3718988.0|1484168.0|876453|508047|516282|399388|88|214|105|18|9729927|2854608|3415308|1076463|6.38|26|3.61|108|88|156|2288.0
202405|CNTY_GU|11|11140|11200000|경기|성남시|인계동|2811000000|역삼1가|1|25|1|1|6|334|400|400|243|98863|7981.0|2703.0|3012.0|2266.0|6769|2354|2658|3192400.0|1081200.0|1204800.0|906400.0|2337037|2306787|779|50176|115|177|114|33|3414024|9203986|1217484|1016207|6.74|18|2.63|26|497|82|8946.0
202405|ADM|45|41150|46110000|부산|수원시|서초동|4311000000|인계동|2|55|0|1|2|177|59|59|126|18815|43645.0|23464.0|15358.0|4823.0|39592|17337|11853|2575055.0|1384376.0|906122.0|284557.0|2961137|1898185|496696|159059|13|34|6|0|9212576|9894250|4114546|1701627|5.21|0|2.01|52|0|133|0.0
202405|ADM|11|26140|47110000|경기|서초구|역삼동|2811000000|인계동|2|65|2|2|8|379|457|457|11|59764|19218.0|6511.0|6905.0|5802.0|17355|5140|6233|8782626.0|2975527.0|3155585.0|2651514.0|4745638|2658188|539590|110502|114|246|51|28|7542405|8408017|3281733|751751|4.05|0|1.05|26|0|397|0.0
202405|CNTY_GU|26|44130|11140000|서울|수원시|서초동|4113000000|인계동|1|40|1|1|9|624|436|436|343|49522|44923.0|27383.0|15160.0|2380.0|38257|21033|13512|19586428.0|11938988.0|6609760.0|1037680.0|2007411|2162308|369420|446977|124|225|74|35|4130815|9402126|4364834|480472|6.69|16|4.06|99|279|163|4464.0
202405|PRVNC|45|45110|44130000|인천|수원시|역삼동|4611000000|역삼1가|2|30|1|1|6|1766|230|230|13|22785|30892.0|13934.0|8640.0|8318.0|25383|9760|6667|7105160.0|3204820.0|1987200.0|1913140.0|4552701|2159743|745874|449825|49|94|67|3|5256608|4664986|1863146|431457|2.23|2|4.4|161|441|254|882.0
202405|ADM|46|41110|46110000|서울|성남시|역삼동|4511000000|역삼1가|2|45|1|2|7|404|99|99|818|67295|29486.0|20239.0|3281.0|5966.0|27246|18159|2982|2919114.0|2003661.0|324819.0|590634.0|2516587|340676|674611|432917|24|40|26|5|752457|2276043|4001770|17361|4.84|0|3.73|131|0|371|0.0
202405|CNTY_GU|45|45110|42110000|경기|성남시|역삼동|4311000000|인계동|1|55|0|1|10|1007|230|230|158|30490|9413.0|2886.0|1611.0|4916.0|7853|2688|1409|2164990.0|663780.0|370530.0|1130680.0|4238582|967480|348493|92540|49|99|63|0|9513755|5924605|4622327|865415|5.11|25|2.81|35|132|358|3300.0
202405|CNTY_GU|41|28110|41150000|경기|서초구|인계동|4413000000|인계동|2|45|0|2|5|1311|451|451|856|66279|4602.0|2018.0|1393.0|1191.0|3307|1986|978|2075502.0|910118.0|628243.0|537141.0|1852684|600579|87608|177899|84|220|107|2|9094121|221415|2680887|158251|5.74|31|2.79|87|51|114|1581.0
202405|ADM|27|45110|41130000|대구|수원시|인계동|4413000000|인계동|2|35|0|2|6|1785|343|343|981|66633|9944.0|4964.0|2282.0|2698.0|8923|4836|2120|3410792.0|1702652.0|782726.0|925414.0|1991898|956668|247429|209624|87|152|88|23|8619248|11218879|4768894|1672550|6.4|35|1.98|95|266|439|9310.0
202405|CNTY_GU|27|28110|26140000|서울|서초구|역삼동|4115000000|인계동|1|50|3|1|1|945|465|465|749|31037|9816.0|4343.0|3025.0|2448.0|8733|4189|2585|4564440.0|2019495.0|1406625.0|1138320.0|4566795|2352619|904067|41830|53|230|88|44|4728093|494599|362369|1447576|6.0|24|4.53|151|376|110|9024.0
202405|PRVNC|11|42110|42110000|부산|강남구|인계동|4111000000|서초1동|2|50|0|1|6|160|272|272|648|67967|37932.0|19698.0|14711.0|3523.0|36649|14803|13003|10317504.0|5357856.0|4001392.0|958256.0|4373626|2689437|767156|485999|71|145|68|18|1052651|19312151|2411845|320376|2.11|6|3.91|18|296|389|1776.0
202405|ADM|27|46110|27110000|경기|성남시|역삼동|4413000000|인계동|1|45|0|2|1|535|139|139|549|28184|12636.0|4887.0|4766.0|2983.0|11043|3803|4591|1756404.0|679293.0|662474.0|414637.0|4727282|554671|553618|114435|26|64|41|6|8601431|10738466|959034|10812|2.43|1|3.98|41|430|492|430.0
202405|CNTY_GU|45|41130|47110000|인천|성남시|서초동|4511000000|역삼1가|2|30|1|1|10|1775|469|469|581|58097|12909.0|4760.0|2139.0|6010.0|12198|4577|1590|6054321.0|2232440.0|1003191.0|2818690.0|4585544|2403029|202824|424411|97|259|99|45|3204828|7554068|3845813|1406695|5.41|37|4.14|165|161|229|5957.0
202405|CNTY_GU|46|11200|44130000|인천|성남시|서초동|4111000000|인계동|2|70|0|2|1|159|84|84|432|69401|36962.0|28591.0|9617.0|0.0|34069|20884|8978|3104808.0|2401644.0|807828.0|0.0|4697323|153842|808116|155985|9|45|19|3|4447202|1419203|4835617|167322|7.92|11|4.16|5|446|253|4906.0
202405|CNTY_GU|46|28110|44130000|부산|강남구|서초동|2614000000|역삼1가|1|45|0|2|3|1337|225|225|52|83542|21828.0|8927.0|5739.0|7162.0|16939|8515|4489|4911300.0|2008575.0|1291275.0|1611450.0|3034302|1430750|565856|391058|39|110|33|11|4065431|7268093|765015|1708534|3.28|25|1.12|24|323|388|8075.0
202405|ADM|44|26140|26110000|대구|수원시|서초동|1120000000|역삼1가|2|60|0|1|10|5|283|283|887|62453|15496.0|10921.0|2153.0|2422.0|13927|9956|2137|4385368.0|3090643.0|609299.0|685426.0|1577218|1521821|849157|298987|61|146|83|1|5968717|8490740|3232322|788408|7.53|40|2.16|106|142|380|5680.0
202405|ADM|46|28110|11200000|인천|수원시|역삼동|4111000000|인계동|2|65|0|2|7|485|450|450|957|60618|45440.0|19612.0|11958.0|13870.0|37032|15684|11756|20448000.0|8825400.0|5381100.0|6241500.0|3142006|118085|506048|393897|59|196|111|19|5989514|7169936|6175|1185550|4.68|13|4.43|38|421|27|5473.0
202405|ADM|46|26110|47110000|경기|강남구|역삼동|4413000000|서초1동|2|55|2|1|10|581|199|199|295|52663|38279.0|13841.0|12366.0|12072.0|27263|12629|11819|7617521.0|2754359.0|2460834.0|2402328.0|1304215|2989075|965063|258732|24|93|55|13|452526|11638167|2726270|944767|7.49|1|2.79|63|243|293|243.0
202405|ADM|46|11140|27110000|대구|성남시|서초동|4113000000|역삼1가|2|55|1|1|2|1677|153|153|554|54968|26299.0|18848.0|7068.0|383.0|19039|15053|6681|4023747.0|2883744.0|1081404.0|58599.0|4966991|1725517|805075|31457|18|71|32|14|2732785|12334567|1294858|1938847|3.16|21|2.78|88|257|462|5397.0
202405|PRVNC|11|11200|11140000|인천|수원시|인계동|2614000000|인계동|1|55|1|1|5|135|429|429|537|82652|6413.0|3914.0|1850.0|649.0|5777|3841|1660|2751177.0|1679106.0|793650.0|278421.0|2932109|2378016|66958|288547|57|235|90|35|1013151|3015996|1678018|1913712|5.68|54|4.1|149|348|271|18792.0
202405|CNTY_GU|26|26110|11200000|인천|성남시|서초동|4611000000|역삼1가|2|50|2|1|4|238|436|436|225|37260|7964.0|3558.0|2285.0|2121.0|7595|2849|1753|3472304.0|1551288.0|996260.0|924756.0|3432603|2424246|256716|219737|106|200|67|39|4136589|14554810|1401885|153311|2.75|39|4.3|104|393|182|15327.0
202405|CNTY_GU|43|41150|44130000|부산|수원시|역삼동|4511000000|인계동|1|30|1|1|4|1001|55|55|340|97889|15955.0|6691.0|2545.0|6719.0|15901|5478|1811|877525.0|368005.0|139975.0|369545.0|1447149|1042868|189681|244091|13|23|8|1|1849287|7424729|2695873|316054|5.19|4|4.45|158|384|302|1536.0
202405|CNTY_GU|26|46110|42110000|서울|수원시|역삼동|2614000000|역삼1가|1|65|0|1|9|1482|305|305|35|97876|1352.0|742.0|537.0|73.0|1019|621|445|412360.0|226310.0|163785.0|22265.0|3359170|1890330|719153|280347|86|149|74|16|959301|5858275|4808991|1725473|5.83|6|2.57|65|250|220|1500.0
202405|CNTY_GU|47|44130|47110000|경기|수원시|역삼동|1114000000|역삼1가|2|55|1|1|6|1979|110|110|690|64449|45119.0|25516.0|16813.0|2790.0|44457|22635|15829|4963090.0|2806760.0|1849430.0|306900.0|631564|1171965|510522|169852|27|53|27|0|8893361|8256096|2377647|149277|2.4|15|2.31|132|347|98|5205.0
202405|CNTY_GU|11|26140|42110000|대구|서초구|인계동|4413000000|서초1동|2|45|2|1|6|388|363|363|623|55569|39973.0|25834.0|15243.0|0.0|35641|24230|13996|14510199.0|9377742.0|5533209.0|0.0|3511918|167252|141615|203592|37|181|58|4|5876262|10006656|3510882|420736|7.57|47|4.44|10|169|15|7943.0
202405|PRVNC|41|45110|11200000|대구|강남구|역삼동|2711000000|인계동|1|50|0|1|10|1386|156|156|487|36323|14117.0|8619.0|3326.0|2172.0|10675|6320|2661|2202252.0|1344564.0|518856.0|338832.0|1853001|1022875|444166|421039|24|84|29|3|5879296|301976|4138983|1355948|7.09|0|1.89|62|0|54|0.0
202405|ADM|43|43110|41130000|인천|서초구|서초동|4711000000|서초1동|1|45|1|1|7|47|231|231|808|53450|1058.0|425.0|239.0|394.0|975|327|238|244398.0|98175.0|55209.0|91014.0|2144417|288935|227953|236914|39|99|35|15|812150|15649206|4716694|675808|6.49|11|3.63|7|452|335|4972.0
202405|ADM|45|11110|47110000|부산|수원시|인계동|2711000000|역삼1가|1|35|0|1|5|1247|277|277|378|72728|3906.0|2480.0|736.0|690.0|3341|1953|643|1081962.0|686960.0|203872.0|191130.0|822217|271122|266623|147907|33|149|65|13|7320200|9853811|3853558|755586|3.07|24|3.79|116|397|174|9528.0
202405|ADM|11|41130|27110000|대구|수원시|서초동|4113000000|인계동|2|50|1|1|4|89|288|288|355|97450|33265.0|19318.0|4330.0|9617.0|25735|16240|4260|9580320.0|5563584.0|1247040.0|2769696.0|2527422|856523|524185|330484|70|136|47|17|1986539|5256010|3664044|1953779|4.37|27|3.55|134|196|244|5292.0
202405|ADM|46|41150|11110000|인천|성남시|서초동|2711000000|서초1동|1|50|0|1|7|1634|171|171|687|64527|13615.0|8193.0|5175.0|247.0|10806|6177|3669|2328165.0|1401003.0|884925.0|42237.0|1502187|1376927|6938|285437|30|84|49|15|5187683|12232920|3587399|1374548|6.83|5|1.67|142|50|296|250.0
202405|CNTY_GU|43|27110|46110000|인천|강남구|인계동|4413000000|역삼1가|2|35|0|1|1|243|302|302|216|81981|22644.0|11744.0|2621.0|8279.0|16279|11125|2418|6838488.0|3546688.0|791542.0|2500258.0|525497|1291096|719190|389456|88|168|35|7|8520415|19984920|2860274|1868538|3.46|3|3.62|89|494|471|1482.0
202405|ADM|42|26110|44130000|경기|성남시|서초동|1120000000|역삼1가|1|60|0|1|5|1539|4|4|935|62975|28352.0|13235.0|5653.0|9464.0|25695|10922|5322|113408.0|52940.0|22612.0|37856.0|2326201|1515599|853752|375125|0|2|0|0|922629|14940156|694726|1453681|6.57|0|1.3|26|0|103|0.0
202405|ADM|46|11140|45110000|대구|서초구|서초동|4311000000|서초1동|1|70|0|1|4|107|435|435|206|11636|43106.0|21072.0|4466.0|17568.0|32937|18382|4230|18751110.0|9166320.0|1942710.0|7642080.0|1245447|284819|186422|321518|94|201|47|29|2879742|13584679|1966193|76869|5.0|46|4.08|105|216|286|9936.0
202405|CNTY_GU|46|27110|11200000|인천|강남구|서초동|4113000000|서초1동|2|35|2|1|7|1899|296|296|591|76589|49500.0|28295.0|12429.0|8776.0|47684|24470|9051|14652000.0|8375320.0|3678984.0|2597696.0|3566559|1226312|549082|426242|59|121|85|12|7418846|1447794|4103843|1127481|6.14|22|2.11|131|465|230|10230.0
202405|ADM|26|11140|11110000|부산|성남시|서초동|2611000000|서초1동|1|45|0|1|6|242|223|223|924|74593|9724.0|5841.0|3633.0|250.0|9438|5650|2875|2168452.0|1302543.0|810159.0|55750.0|1833123|1437423|273191|59046|30|122|29|20|2383571|17147633|4802497|261707|7.87|1|3.11|45|95|283|95.0
202405|ADM|42|41130|11110000|대구|서초구|서초동|4511000000|인계동|2|70|0|1|9|219|306|306|416|69994|32389.0|24557.0|6598.0|1234.0|23194|17939|5795|9911034.0|7514442.0|2018988.0|377604.0|540667|2702977|8866|265520|32|149|66|27|754632|18157193|2761482|1947376|7.26|1|2.92|78|108|99|108.0
202405|ADM|27|41110|11140000|인천|서초구|역삼동|2611000000|서초1동|2|25|0|2|1|87|225|225|550|33244|45526.0|19199.0|14623.0|11704.0|35231|14922|12657|10243350.0|4319775.0|3290175.0|2633400.0|4015978|621883|648323|110977|43|117|41|16|4885260|12806333|3467420|968325|4.52|18|4.62|43|311|302|5598.0
202405|ADM|27|26140|47110000|부산|성남시|서초동|4511000000|서초1동|1|65|2|1|3|1516|113|113|744|13416|17573.0|13063.0|4976.0|0.0|16730|9667|4679|1985749.0|1476119.0|562288.0|0.0|4821683|1826038|21190|256000|18|63|12|5|3871978|19689028|4069341|1095064|2.81|1|3.15|171|215|21|215.0
202405|CNTY_GU|41|28110|11200000|부산|수원시|서초동|4311000000|서초1동|1|25|2|2|5|701|419|419|421|66588|8967.0|3457.0|1968.0|3542.0|7441|3032|1738|3757173.0|1448483.0|824592.0|1484098.0|2759472|928408|787276|351170|57|183|69|27|7397456|15069905|954080|1634190|6.93|50|4.33|174|82|56|4100.0
202405|ADM|41|11170|47110000|경기|강남구|역삼동|4211000000|인계동|2|45|2|1|10|1841|18|18|339|23124|6949.0|4752.0|2206.0|0.0|6034|3834|1958|125082.0|85536.0|39708.0|0.0|3667378|1245418|441408|71328|5|7|2|0|5957883|2320444|1063195|1237108|6.3|0|3.34|142|0|214|0.0
202405|CNTY_GU|11|41130|11200000|서울|수원시|인계동|4413000000|역삼1가|2|70|0|1|3|1120|157|157|551|10071|14089.0|6607.0|2764.0|4718.0|11545|5567|2067|2211973.0|1037299.0|433948.0|740726.0|3511791|2536736|478787|337214|19|71|31|13|1694482|18700959|1188378|754488|7.55|5|4.49|15|135|189|675.0
202405|ADM|11|42110|46110000|대구|성남시|서초동|4311000000|인계동|1|55|3|2|9|71|167|167|49|60703|28919.0|22366.0|3214.0|3339.0|26139|18657|2554|4829473.0|3735122.0|536738.0|557613.0|4616186|1656330|368485|231892|27|94|45|8|212174|18187673|2815556|787733|4.5|10|3.81|55|413|37|4130.0
202405|CNTY_GU|27|41110|28110000|대구|서초구|서초동|1117000000|서초1동|2|40|1|2|10|1060|123|123|388|95135|32592.0|11459.0|4586.0|16547.0|32347|10496|3314|4008816.0|1409457.0|564078.0|2035281.0|1559267|1113983|84235|62894|35|52|35|5|8018691|17223522|2644928|268076|4.36|4|1.91|108|93|168|372.0
202405|CNTY_GU|42|46110|27110000|부산|서초구|역삼동|4511000000|역삼1가|2|40|0|1|10|13|117|117|535|96383|32552.0|17091.0|4499.0|10962.0|26203|16188|3318|3808584.0|1999647.0|526383.0|1282554.0|3760912|1692244|721755|105678|14|52|28|4|927408|3208135|4443326|927753|6.39|2|1.43|44|177|331|354.0
202405|ADM|44|44130|47110000|인천|수원시|인계동|1111000000|인계동|1|60|3|1|8|844|435|435|279|23727|28278.0|16801.0|3314.0|8163.0|22144|16744|3066|12300930.0|7308435.0|1441590.0|3550905.0|4942909|2503848|750675|250882|118|253|55|35|6407425|14634900|2926774|1149527|4.01|53|1.34|52|354|418|18762.0
202405|ADM|44|46110|46110000|서울|강남구|서초동|2614000000|역삼1가|2|45|1|1|9|402|26|26|35|98355|34688.0|18601.0|4371.0|11716.0|32203|18340|4016|901888.0|483626.0|113646.0|304616.0|1811370|2504768|287875|334139|4|10|4|0|8443141|15740260|2358692|714106|4.1|2|3.54|104|155|108|310.0
202405|ADM|44|11140|28110000|경기|강남구|서초동|4511000000|서초1동|1|55|0|2|8|920|9|9|22|20855|22775.0|11565.0|5770.0|5440.0|16026|10352|5404|204975.0|104085.0|51930.0|48960.0|1233805|1590718|126364|91775|1|5|0|0|4018798|12100681|2277229|1981749|2.12|0|2.68|31|0|108|0.0
202405|CNTY_GU|47|45110|45110000|부산|강남구|서초동|2811000000|역삼1가|1|30|1|2|5|1837|71|71|986|79678|27465.0|13263.0|10899.0|3303.0|23448|10542|8626|1950015.0|941673.0|773829.0|234513.0|1839780|944524|450865|147116|8|41|8|6|3287014|3467184|14157|853531|6.03|9|1.06|75|263|138|2367.0
202405|CNTY_GU|42|43110|26110000|경기|수원시|인계동|1117000000|역삼1가|1|30|0|2|1|1594|155|155|984|16539|37493.0|29612.0|14554.0|0.0|33929|26345|12366|5811415.0|4589860.0|2255870.0|0.0|2168123|1196648|215935|266456|39|67|25|5|3970854|7005059|3242818|189039|7.37|4|3.14|14|68|78|272.0
202405|ADM|45|41130|41150000|대구|강남구|인계동|4115000000|역삼1가|1|20|3|1|3|1538|342|342|115|47294|45634.0|16825.0|14159.0|14650.0|42311|13730|12302|15606828.0|5754150.0|4842378.0|5010300.0|2537995|486451|825124|58486|60|147|70|0|3997074|17016600|4661754|1124052|7.84|33|4.55|61|453|114|14949.0
202405|ADM|47|11110|41110000|경기|성남시|인계동|4511000000|서초1동|2|45|1|1|3|1360|24|24|677|31095|9894.0|5051.0|3051.0|1792.0|8880|5020|2365|237456.0|121224.0|73224.0|43008.0|264946|404808|396234|84916|3|13|2|0|730276|11391638|792002|661547|3.6|1|1.16|67|378|297|378.0
202405|CNTY_GU|46|41130|27110000|대구|성남시|인계동|2811000000|역삼1가|2|60|3|1|10|446|18|18|449|45482|39404.0|26454.0|5170.0|7780.0|33147|25206|4151|709272.0|476172.0|93060.0|140040.0|3459267|2291429|797021|473728|2|9|2|1|8365702|12578158|3319439|326414|4.63|2|4.07|96|220|289|440.0
202405|PRVNC|46|41130|43110000|대구|서초구|서초동|2711000000|서초1동|2|50|2|2|2|1701|119|119|226|68831|20276.0|14162.0|5114.0|1000.0|17284|11971|4934|2412844.0|1685278.0|608566.0|119000.0|2555021|1940221|557801|150426|20|56|30|0|3207482|13325882|32961|335764|2.38|1|4.93|6|113|277|113.0
202405|ADM|46|26140|43110000|인천|수원시|서초동|4611000000|인계동|1|20|0|1|4|1807|11|11|576|48813|20314.0|13724.0|3642.0|2948.0|18542|10107|2570|223454.0|150964.0|40062.0|32428.0|1933558|1235931|753227|410632|1|4|1|0|7813546|3376092|1807691|526861|2.99|0|3.72|92|0|56|0.0
202405|CNTY_GU|44|41130|42110000|경기|강남구|역삼동|4111000000|역삼1가|2|35|1|1|2|1921|9|9|62|59949|46272.0|36913.0|9057.0|302.0|41826|28414|7024|416448.0|332217.0|81513.0|2718.0|528654|1118070|243444|428487|2|4|1|0|5873577|1489598|2919902|1346216|7.84|0|2.16|11|0|198|0.0
202405|ADM|11|41130|41110000|부산|강남구|역삼동|2811000000|서초1동|2|55|1|1|8|367|203|203|702|40112|48529.0|28836.0|16698.0|2995.0|37380|24717|14271|9851387.0|5853708.0|3389694.0|607985.0|217290|730666|444929|467212|58|120|40|6|7905443|8759644|399072|799001|4.81|0|4.47|83|0|56|0.0
202405|CNTY_GU|27|28110|43110000|부산|서초구|인계동|4511000000|역삼1가|2|25|0|1|5|673|418|418|369|89169|34529.0|18315.0|8932.0|7282.0|33211|15199|6969|14433122.0|7655670.0|3733576.0|3043876.0|606638|1768614|534976|43527|71|186|112|10|3375180|13100666|2399128|325613|5.3|21|1.86|102|224|340|4704.0
202405|ADM|42|26110|26140000|경기|강남구|역삼동|4711000000|역삼1가|1|25|2|1|4|66|85|85|471|69703|46907.0|15870.0|6976.0|24061.0|36191|13804|6391|3987095.0|1348950.0|592960.0|2045185.0|2345056|1715527|770329|80530|23|44|19|6|5588259|1563333|2079132|1520315|4.02|10|1.77|86|203|83|2030.0
202405|CNTY_GU|41|41110|45110000|경기|강남구|인계동|4511000000|서초1동|2|50|0|1|2|189|242|242|693|88510|16308.0|5591.0|2122.0|8595.0|14874|4486|1922|3946536.0|1353022.0|513524.0|2079990.0|4333792|450339|601664|198831|49|99|35|11|537385|4595514|4078379|1768839|2.29|7|3.22|121|53|116|371.0
202405|ADM|41|42110|46110000|대구|수원시|인계동|2611000000|서초1동|2|25|1|1|7|901|229|229|170|54939|36520.0|12730.0|6581.0|17209.0|27810|9659|4716|8363080.0|2915170.0|1507049.0|3940861.0|1027763|1867270|832208|33131|53|136|50|3|563875|3846100|2344162|1405174|6.1|25|1.75|160|291|70|7275.0
202405|CNTY_GU|41|11170|26110000|경기|서초구|서초동|4311000000|역삼1가|1|20|0|2|8|95|208|208|413|27369|48397.0|24349.0|16151.0|7897.0|43122|20490|12425|10066576.0|5064592.0|3359408.0|1642576.0|3110086|498880|154708|238545|61|102|53|2|3078227|8079619|1299810|654368|3.96|24|2.35|170|453|142|10872.0
202405|ADM|42|11140|44130000|부산|서초구|인계동|4113000000|서초1동|1|35|2|2|10|306|230|230|5|62620|40606.0|29382.0|8586.0|2638.0|30968|22381|7356|9339380.0|6757860.0|1974780.0|606740.0|4120354|1580920|27073|446222|49|94|49|17|674610|13357691|2311037|1135710|3.13|6|4.79|76|132|446|792.0
202405|ADM|11|11200|11140000|경기|강남구|역삼동|4211000000|인계동|2|65|1|2|6|908|95|95|478|68698|189.0|117.0|59.0|13.0|176|82|46|17955.0|11115.0|5605.0|1235.0|2917597|64781|424421|257774|11|54|22|4|6632995|19684876|2121373|985652|7.07|8|1.47|13|481|467|3848.0
202405|CNTY_GU|27|41150|47110000|서울|서초구|역삼동|4511000000|역삼1가|1|30|2|1|8|655|116|116|58|17364|18250.0|9655.0|4220.0|4375.0|13307|8490|3087|2117000.0|1119980.0|489520.0|507500.0|4366826|402327|153466|407403|17|64|21|2|7193901|1643706|2511929|694483|6.35|13|2.92|135|440|198|5720.0
202405|CNTY_GU|43|45110|43110000|부산|서초구|서초동|2811000000|인계동|1|35|1|1|10|59|438|438|137|22156|3817.0|2204.0|1053.0|560.0|3748|1772|777|1671846.0|965352.0|461214.0|245280.0|2141425|2184276|349506|239151|88|179|55|24|4395009|6148904|1256658|475402|2.85|59|3.85|123|102|108|6018.0
202405|PRVNC|47|47110|46110000|부산|서초구|인계동|2611000000|서초1동|1|65|0|2|7|1798|378|378|886|65230|10381.0|5304.0|1112.0|3965.0|8615|4681|1093|3924018.0|2004912.0|420336.0|1498770.0|4229543|1154538|218546|129982|67|219|80|33|768324|18423493|4725180|115520|5.33|26|4.93|17|474|176|12324.0
202405|ADM|26|45110|26110000|경기|서초구|서초동|2611000000|역삼1가|2|35|1|2|8|562|98|98|886|57060|24581.0|15469.0|7313.0|1799.0|18165|11449|6612|2408938.0|1515962.0|716674.0|176302.0|2598089|517197|330049|417742|13|47|21|5|9505273|14205576|3486807|132343|2.42|8|2.9|154|350|45|2800.0
202405|CNTY_GU|47|11110|43110000|경기|강남구|인계동|2614000000|역삼1가|1|40|1|1|8|417|333|333|301|55684|47258.0|17845.0|9026.0|20387.0|37278|17111|9011|15736914.0|5942385.0|3005658.0|6788871.0|247409|1556183|239152|425921|45|182|61|25|4398080|4013956|4660581|556926|5.69|10|2.16|62|218|204|2180.0
202405|PRVNC|47|41110|43110000|서울|서초구|역삼동|4111000000|서초1동|1|20|3|2|5|235|117|117|772|60647|2146.0|1223.0|264.0|659.0|1880|1161|220|251082.0|143091.0|30888.0|77103.0|2764197|636589|139110|222560|12|68|21|2|674828|474959|3862239|1973474|2.9|11|1.2|98|123|275|1353.0
202405|CNTY_GU|11|26140|26110000|부산|강남구|서초동|4511000000|역삼1가|2|35|2|1|9|542|394|394|215|74456|2423.0|1895.0|638.0|0.0|2207|1786|583|954662.0|746630.0|251372.0|0.0|2484556|878435|619460|309018|69|187|85|9|8444745|17805429|27269|1444628|2.52|54|4.38|61|454|408|24516.0
202405|CNTY_GU|45|11200|27110000|인천|강남구|인계동|1120000000|서초1동|2|40|3|1|3|350|56|56|734|80962|33494.0|10097.0|12188.0|11209.0|30589|7806|11620|1875664.0|565432.0|682528.0|627704.0|3134949|751482|519233|373304|8|31|5|0|270532|18144146|3730168|338435|3.33|7|3.98|126|101|178|707.0
202405|CNTY_GU|44|41150|26140000|경기|수원시|역삼동|2611000000|인계동|2|35|0|1|2|118|457|457|19|47757|20899.0|7737.0|7343.0|5819.0|15399|7218|5737|9550843.0|3535809.0|3355751.0|2659283.0|1940890|2952669|839640|18752|113|190|66|18|1178298|18273213|177250|757889|7.14|5|4.52|43|416|38|2080.0
202405|CNTY_GU|43|44130|47110000|서울|성남시|역삼동|4111000000|역삼1가|1|55|0|1|10|415|24|24|666|65596|33089.0|15934.0|11483.0|5672.0|25254|12744|8326|794136.0|382416.0|275592.0|136128.0|2316006|308876|662750|244434|3|9|4|1|1743329|13682744|3344002|389973|7.73|1|1.28|79|389|270|389.0
202405|ADM|42|11170|46110000|서울|수원시|역삼동|1114000000|인계동|1|35|0|2|7|1229|461|461|984|26130|43044.0|14688.0|4601.0|23755.0|40434|12283|4541|19843284.0|6771168.0|2121061.0|10951055.0|3370826|2041178|530328|326040|132|224|50|42|6139835|13841769|2089574|1638297|2.51|38|3.72|24|218|148|8284.0
202405|CNTY_GU|45|42110|41150000|대구|성남시|인계동|4111000000|역삼1가|1|45|1|1|10|668|477|477|811|21730|3166.0|1947.0|807.0|412.0|2543|1547|603|1510182.0|928719.0|384939.0|196524.0|446221|1736094|100037|400781|123|250|125|6|7374231|15331701|3507487|1352932|5.54|53|1.79|109|489|102|25917.0
202405|PRVNC|46|11200|27110000|부산|수원시|서초동|1111000000|인계동|2|40|0|1|8|854|365|365|307|25155|4454.0|3378.0|1111.0|0.0|3946|3145|1025|1625710.0|1232970.0|405515.0|0.0|1426342|2608983|383014|418924|39|162|102|23|6148690|6711495|1452091|1404869|5.35|11|3.16|112|399|200|4389.0
202405|CNTY_GU|44|43110|41130000|인천|수원시|서초동|4413000000|서초1동|2|35|0|2|10|156|304|304|941|55209|18938.0|6957.0|2877.0|9104.0|13351|6173|2664|5757152.0|2114928.0|874608.0|2767616.0|4572115|1890561|638823|407912|30|131|64|21|5464102|1998953|3812727|47716|5.82|16|1.96|119|176|495|2816.0
202405|CNTY_GU|44|44130|26140000|대구|강남구|인계동|2614000000|인계동|1|20|0|1|9|1810|80|80|509|62498|12595.0|5252.0|3653.0|3690.0|12393|4852|3585|1007600.0|420160.0|292240.0|295200.0|2486733|689121|65815|360854|12|32|18|3|5084458|8705414|1391056|150574|7.43|7|1.77|105|303|291|2121.0
202405|CNTY_GU|45|26140|44130000|인천|서초구|서초동|1114000000|서초1동|1|30|0|2|7|984|111|111|292|33480|22635.0|17817.0|8107.0|0.0|22497|16695|6054|2512485.0|1977687.0|899877.0|0.0|574001|421643|231553|417489|18|52|24|3|4011905|10371189|101159|1544990|3.6|3|4.96|26|395|263|1185.0
202405|ADM|11|47110|11140000|대구|성남시|인계동|4611000000|서초1동|1|45|0|2|8|1631|344|344|155|44923|5665.0|1977.0|1240.0|2448.0|5477|1838|1014|1948760.0|680088.0|426560.0|842112.0|3510859|937025|832628|85928|87|146|82|14|9056754|4566387|5147|1093539|3.2|15|1.51|109|84|179|1260.0
202405|ADM|46|41130|11200000|부산|성남시|역삼동|4211000000|서초1동|1|45|0|1|6|771|364|364|133|72505|9513.0|5575.0|2399.0|1539.0|9081|4997|2133|3462732.0|2029300.0|873236.0|560196.0|800241|2583270|948703|93407|56|177|83|5|8648285|1165239|964514|1976920|4.41|51|3.52|120|124|242|6324.0
202405|PRVNC|44|41130|42110000|인천|강남구|서초동|4413000000|역삼1가|2|25|0|1|9|1186|95|95|373|10642|3273.0|2282.0|1022.0|0.0|3199|1991|786|310935.0|216790.0|97090.0|0.0|4035651|1869879|830800|377707|16|55|14|6|8161228|5062924|2705085|55161|3.47|6|4.83|128|18|114|108.0
202405|CNTY_GU|46|11170|41110000|대구|성남시|인계동|1117000000|서초1동|2|60|3|1|3|1284|257|257|475|95227|9838.0|7376.0|2575.0|0.0|9241|6267|2546|2528366.0|1895632.0|661775.0|0.0|1325125|2184189|619542|364196|29|138|41|13|1368974|6776369|4250556|1662385|4.47|5|1.58|56|92|232|460.0
202405|CNTY_GU|27|11200|44130000|부산|수원시|역삼동|4711000000|서초1동|1|55|0|2|1|1130|403|403|181|80386|12934.0|10086.0|5060.0|0.0|11173|7328|4399|5212402.0|4064658.0|2039180.0|0.0|1856740|2020778|841658|236232|90|207|66|28|4760288|10846170|4699472|993650|3.34|8|1.0|84|453|146|3624.0
202405|ADM|11|28110|45110000|부산|수원시|서초동|4711000000|서초1동|1|70|0|2|3|908|147|147|189|61863|37379.0|18931.0|4365.0|14083.0|30179|13458|3836|5494713.0|2782857.0|641655.0|2070201.0|4087858|2616940|667826|204427|17|74|34|10|7775631|2726797|3860398|1617994|5.96|15|1.18|170|486|11|7290.0
202405|ADM|43|41110|11140000|부산|강남구|서초동|4711000000|인계동|1|30|1|1|4|1850|38|38|53|23702|3874.0|2664.0|915.0|295.0|3740|2604|802|147212.0|101232.0|34770.0|11210.0|530405|1508477|57698|186574|7|21|6|0|1532199|6712126|494792|1034209|7.25|0|4.31|158|0|147|0.0
202405|ADM|45|47110|41150000|경기|성남시|역삼동|4111000000|역삼1가|1|40|1|1|4|488|312|312|181|78872|8069.0|4589.0|1468.0|2012.0|6736|4162|1138|2517528.0|1431768.0|458016.0|627744.0|284222|2424632|369403|329499|63|167|47|19|7931966|16852758|4845658|125007|6.83|28|4.09|144|119|61|3332.0
202405|ADM|27|42110|11170000|대구|성남시|인계동|4711000000|역삼1가|2|25|1|2|2|61|54|54|548|78979|6751.0|3856.0|2209.0|686.0|5923|3593|1827|364554.0|208224.0|119286.0|37044.0|2833892|1105018|267755|341876|9|25|10|2|8712668|19411733|160635|1777414|4.68|2|3.95|66|403|455|806.0
202405|ADM|27|43110|11170000|대구|수원시|서초동|4311000000|인계동|2|40|0|1|10|1806|234|234|562|77596|44419.0|34475.0|11217.0|0.0|39309|34183|9520|10394046.0|8067150.0|2624778.0|0.0|4464436|2643480|426194|110595|54|101|30|9|6540471|13094537|409144|268964|4.29|1|3.89|118|256|420|256.0
202405|PRVNC|27|43110|11200000|부산|서초구|서초동|4113000000|서초1동|2|40|3|1|4|896|3|3|224|53049|28302.0|19401.0|2940.0|5961.0|28133|18500|2908|84906.0|58203.0|8820.0|17883.0|71939|2360431|380569|314633|0|1|0|0|9412928|19876464|3064043|1979675|4.68|0|2.39|152|0|453|0.0
202405|ADM|11|43110|26140000|경기|강남구|인계동|4113000000|인계동|1|30|0|1|4|416|106|106|419|13682|48216.0|15114.0|15800.0|17302.0|45513|13944|14405|5110896.0|1602084.0|1674800.0|1834012.0|3201528|1328500|997636|305930|26|45|23|1|6937475|16485794|4504100|81857|4.91|1|1.2|118|327|237|327.0
202405|PRVNC|26|41150|41130000|대구|수원시|역삼동|2711000000|서초1동|1|30|2|2|6|1729|420|420|908|17222|3056.0|1576.0|1058.0|422.0|2785|1262|1032|1283520.0|661920.0|444360.0|177240.0|4783640|470519|394251|469359|117|207|94|23|8639312|10810027|1911080|1373248|3.62|18|2.98|69|89|121|1602.0
202405|CNTY_GU|45|41130|43110000|대구|성남시|서초동|4511000000|역삼1가|1|40|0|1|7|980|30|30|508|42818|29889.0|20140.0|10606.0|0.0|23690|14334|7528|896670.0|604200.0|318180.0|0.0|4988029|2543934|846117|200891|5|17|4|1|3545750|18145828|2258943|334768|2.02|0|4.61|26|0|262|0.0
202405|ADM|42|26140|43110000|인천|수원시|서초동|4111000000|역삼1가|1|70|0|2|3|1322|147|147|926|10080|15427.0|6720.0|1963.0|6744.0|13684|5703|1676|2267769.0|987840.0|288561.0|991368.0|4589240|947384|806207|468254|33|78|40|0|2388048|7011997|3172370|1174985|3.75|4|1.73|140|208|393|832.0
202405|ADM|11|43110|11170000|대구|강남구|서초동|4413000000|역삼1가|1|25|0|1|2|1322|82|82|774|23340|5661.0|3768.0|2259.0|0.0|5040|3419|1781|464202.0|308976.0|185238.0|0.0|2958257|1042585|955188|231890|16|37|24|0|6231486|4522454|1423958|141398|3.04|3|3.4|156|494|441|1482.0
202405|ADM|11|42110|46110000|인천|서초구|인계동|4115000000|인계동|2|65|0|1|2|1975|249|249|514|96551|20664.0|10417.0|4984.0|5263.0|19964|8679|4134|5145336.0|2593833.0|1241016.0|1310487.0|1360011|1760226|197803|35799|48|135|72|13|276986|10761654|303557|1839436|3.15|12|2.29|173|25|3|300.0
202405|CNTY_GU|11|41130|26140000|인천|성남시|인계동|2711000000|역삼1가|2|20|0|2|7|1887|438|438|710|82864|47847.0|27066.0|10361.0|10420.0|42860|26311|10074|20956986.0|11854908.0|4538118.0|4563960.0|4162053|95334|426327|341392|128|257|52|24|6801784|5852441|2888405|1848961|5.86|37|3.95|25|26|465|962.0
202405|ADM|26|45110|43110000|경기|강남구|역삼동|4111000000|서초1동|1|45|3|1|6|23|57|57|962|59192|35889.0|27054.0|4466.0|4369.0|34107|24006|3788|2045673.0|1542078.0|254562.0|249033.0|2321260|2922191|516655|307705|16|22|11|0|16504|3184534|635660|17850|5.48|6|2.3|133|37|251|222.0
202405|ADM|26|41150|26110000|대구|서초구|역삼동|4611000000|서초1동|2|25|1|1|7|1391|497|497|522|38618|30258.0|21991.0|6036.0|2231.0|29441|19151|5384|15038226.0|10929527.0|2999892.0|1108807.0|4295734|400401|9440|460279|145|213|79|37|8249859|9628317|2601064|1104371|5.59|69|2.58|151|171|31|11799.0
202405|CNTY_GU|41|26140|11140000|경기|서초구|역삼동|4113000000|역삼1가|1|65|1|2|3|364|408|408|76|81276|12087.0|7549.0|3181.0|1357.0|11436|6694|2814|4931496.0|3079992.0|1297848.0|553656.0|3262753|34075|667523|399702|53|235|111|40|1817764|12389039|1499919|1731030|7.85|55|1.52|32|451|129|24805.0
202405|ADM|47|28110|41130000|경기|서초구|인계동|2614000000|인계동|2|25|0|2|2|827|439|439|667|52445|12115.0|7067.0|3672.0|1376.0|9355|5655|3569|5318485.0|3102413.0|1612008.0|604064.0|2899251|1053610|93978|483243|72|251|116|34|1197861|11847684|966730|1472624|7.71|46|1.15|119|416|363|19136.0
202405|PRVNC|27|47110|11170000|대구|강남구|서초동|2811000000|역삼1가|2|45|1|2|3|750|157|157|549|74652|45756.0|31314.0|4953.0|9489.0|33955|25579|3489|7183692.0|4916298.0|777621.0|1489773.0|4211550|589438|17176|426495|28|84|21|10|9984749|13177354|3587563|4514|3.22|2|3.87|121|206|251|412.0
202405|CNTY_GU|27|28110|11200000|부산|성남시|역삼동|4413000000|서초1동|2|25|0|1|7|1217|274|274|160|76655|38855.0|24381.0|11299.0|3175.0|36752|22363|11118|10646270.0|6680394.0|3095926.0|869950.0|2109317|2470251|702846|4388|39|128|81|18|9844099|17649291|2262941|1512289|3.2|28|1.89|119|167|208|4676.0
202405|CNTY_GU|45|26110|47110000|인천|서초구|역삼동|2811000000|역삼1가|1|70|1|2|8|819|32|32|593|90924|36028.0|24250.0|12778.0|0.0|26902|21276|9161|1152896.0|776000.0|408896.0|0.0|4225767|978947|304624|300088|5|13|6|0|7742587|2152004|4544531|1110318|2.8|2|1.12|91|128|109|256.0
202405|PRVNC|46|41110|42110000|경기|서초구|서초동|2611000000|인계동|1|30|0|1|1|490|195|195|679|16873|34435.0|25519.0|4076.0|4840.0|25354|19382|3762|6714825.0|4976205.0|794820.0|943800.0|954518|663705|50014|381992|21|94|38|11|5953857|7984156|577330|967021|5.42|0|4.03|145|0|25|0.0
202405|CNTY_GU|41|26110|26110000|대구|수원시|역삼동|4711000000|인계동|1|40|1|1|4|1453|258|258|146|93829|32993.0|11864.0|4861.0|16268.0|32240|8888|3742|8512194.0|3060912.0|1254138.0|4197144.0|396379|1511923|466493|183209|38|137|68|23|3249316|11583147|4888807|1485474|3.61|22|1.69|144|186|498|4092.0
202405|CNTY_GU|11|11110|41110000|경기|수원시|인계동|2611000000|서초1동|1|65|1|2|9|1079|448|448|93|72049|40738.0|23105.0|6112.0|11521.0|28953|17869|4472|18250624.0|10351040.0|2738176.0|5161408.0|2801242|2069887|378119|385655|64|197|70|5|9234274|4633178|1156375|341686|7.48|31|4.08|51|136|141|4216.0
202405|PRVNC|43|26110|41130000|부산|서초구|역삼동|2811000000|서초1동|1|55|2|2|1|541|308|308|22|75018|11306.0|4974.0|4341.0|1991.0|11078|4411|3659|3482248.0|1531992.0|1337028.0|613228.0|4817783|2368657|530596|284891|54|158|86|5|6629207|4840299|4994527|1600462|7.03|28|2.4|171|386|171|10808.0
202405|CNTY_GU|43|11200|44130000|경기|강남구|역삼동|1111000000|인계동|1|70|1|2|10|894|317|317|6|48926|0.0|0.0|0.0|0.0|0|0|0|0.0|0.0|0.0|0.0|2582473|2334846|285980|173296|56|142|70|18|9360283|8313670|4884362|1014198|7.72|32|3.42|7|162|256|5184.0
202405|CNTY_GU|41|46110|45110000|부산|성남시|역삼동|4413000000|서초1동|1|40|3|2|4|1891|438|438|856|13367|1833.0|1297.0|726.0|0.0|1552|953|612|802854.0|568086.0|317988.0|0.0|371477|60550|732575|12787|105|232|59|19|4144936|4901725|2995974|1536665|6.44|55|2.08|132|448|25|24640.0
202405|ADM|41|28110|28110000|경기|수원시|역삼동|2811000000|인계동|2|40|0|2|9|1118|166|166|446|79462|46457.0|23854.0|18214.0|4389.0|40618|23668|17535|7711862.0|3959764.0|3023524.0|728574.0|2956236|1235205|642994|174994|38|70|29|4|6327285|11393383|2072099|523826|6.55|19|2.43|35|390|199|7410.0
202405|CNTY_GU|46|28110|43110000|대구|서초구|인계동|2711000000|역삼1가|2|30|0|2|2|1446|124|124|270|28951|47957.0|31970.0|16599.0|0.0|44944|24527|14676|5946668.0|3964280.0|2058276.0|0.0|732376|10696|388685|139758|24|61|13|0|4385445|17368390|3087343|345630|7.21|10|1.18|26|34|49|340.0
202405|ADM|45|26140|26110000|부산|수원시|서초동|1120000000|역삼1가|1|30|1|1|9|103|223|223|879|20437|22793.0|18167.0|4354.0|272.0|16248|15052|3885|5082839.0|4051241.0|970942.0|60656.0|660936|2567162|997822|198743|54|127|23|6|7029170|15460072|1388060|265638|4.88|12|2.19|111|145|56|1740.0
202405|ADM|44|42110|45110000|서울|수원시|인계동|2614000000|인계동|2|30|0|1|1|723|20|20|771|27652|10974.0|5589.0|3743.0|1642.0|8815|4989|3568|219480.0|111780.0|74860.0|32840.0|2845615|304046|186682|377124|5|11|3|0|5734536|18525297|4515755|1917876|3.93|2|4.9|62|311|479|622.0
202405|CNTY_GU|44|11140|47110000|경기|수원시|인계동|4611000000|서초1동|2|60|0|1|5|739|300|300|657|40045|45079.0|34021.0|5408.0|5650.0|38335|29164|4172|13523700.0|10206300.0|1622400.0|1695000.0|4696296|1391387|577199|370975|79|166|79|15|935551|17757500|513209|1339192|3.43|10|2.74|121|436|477|4360.0
202405|ADM|45|46110|11110000|인천|강남구|서초동|4711000000|서초1동|2|45|0|1|1|890|146|146|604|35937|798.0|566.0|276.0|0.0|700|452|275|116508.0|82636.0|40296.0|0.0|218148|1264979|289407|125620|17|59|24|13|6828648|11251968|830192|1214417|7.73|4|2.38|23|84|325|336.0
202405|ADM|43|45110|28110000|부산|서초구|서초동|2611000000|서초1동|1|30|2|1|3|1194|380|380|988|98074|10274.0|8184.0|2563.0|0.0|9952|6768|2286|3904120.0|3109920.0|973940.0|0.0|1463606|1092077|598754|452720|111|181|73|25|8300259|4553593|4393743|1806979|7.51|49|1.92|166|73|347|3577.0
202405|CNTY_GU|47|42110|11200000|서울|성남시|인계동|4211000000|역삼1가|1|60|3|1|10|1933|154|154|998|92792|9112.0|7203.0|1429.0|480.0|8588|5624|1101|1403248.0|1109262.0|220066.0|73920.0|773714|2164885|390808|329930|18|88|23|10|957710|18196244|212857|405446|3.03|17|2.1|24|39|167|663.0
202405|CNTY_GU|44|43110|47110000|부산|수원시|인계동|4311000000|역삼1가|1|45|0|1|7|1125|277|277|17|87348|14311.0|6272.0|3349.0|4690.0|11058|4619|3024|3964147.0|1737344.0|927673.0|1299130.0|2825524|1879506|874017|337617|63|125|63|25|874020|1019544|3258268|275159|6.14|41|2.29|136|382|75|15662.0
202405|ADM|47|41130|46110000|경기|수원시|인계동|2614000000|역삼1가|1|65|0|2|2|299|84|84|290|49329|26568.0|8175.0|9188.0|9205.0|22483|8136|7372|2231712.0|686700.0|771792.0|773220.0|409433|769398|888974|98774|9|34|11|3|3375184|1793579|2755663|1318718|7.93|10|4.67|106|44|462|440.0
202405|CNTY_GU|47|46110|11140000|경기|서초구|역삼동|4115000000|역삼1가|2|40|3|1|1|1222|73|73|533|51769|21302.0|11244.0|4773.0|5285.0|15819|9479|4111|1555046.0|820812.0|348429.0|385805.0|1765066|2848011|465928|377377|19|41|21|4|9598262|13279303|3188539|1064324|2.97|6|2.06|135|175|113|1050.0
202405|CNTY_GU|45|11170|26110000|부산|성남시|인계동|1114000000|서초1동|2|55|2|1|5|1713|341|341|112|50384|45127.0|16788.0|11414.0|16925.0|38612|16388|11199|15388307.0|5724708.0|3892174.0|5771425.0|4938231|2500007|493566|100976|56|164|54|7|6289607|9768955|3217314|1156271|5.03|47|3.21|83|50|368|2350.0
202405|CNTY_GU|26|11140|46110000|부산|성남시|인계동|2611000000|인계동|1|65|1|1|4|677|370|370|221|15439|4795.0|2953.0|1169.0|673.0|4314|2251|1127|1774150.0|1092610.0|432530.0|249010.0|3170965|2249245|720619|40911|73|220|49|4|920083|5090880|4943718|1196873|4.21|55|2.42|81|170|382|9350.0
202405|ADM|41|46110|45110000|경기|서초구|인계동|4711000000|역삼1가|2|55|3|1|5|1866|410|410|717|56307|19001.0|10556.0|2039.0|6406.0|17905|8285|1467|7790410.0|4327960.0|835990.0|2626460.0|3779537|2909314|685804|118074|94|186|105|6|5620236|6390279|1454330|939341|3.95|38|2.06|140|181|49|6878.0
202405|CNTY_GU|44|11140|26140000|경기|서초구|인계동|4711000000|서초1동|2|45|0|1|2|1061|437|437|649|78391|38053.0|16465.0|14192.0|7396.0|28356|11990|13615|16629161.0|7195205.0|6201904.0|3232052.0|1417636|2260307|289443|455900|112|183|57|4|7419158|7074149|3932542|860024|4.57|28|3.12|32|476|366|13328.0
202405|CNTY_GU|44|28110|11200000|경기|서초구|역삼동|2811000000|인계동|2|50|3|1|6|1127|434|434|6|86602|19500.0|15052.0|2997.0|1451.0|16888|11732|2992|8463000.0|6532568.0|1300698.0|629734.0|3619785|1223547|435667|159805|44|176|67|27|8486735|12124775|2989141|1593216|7.2|16|3.14|47|294|132|4704.0
202405|CNTY_GU|41|43110|43110000|서울|수원시|역삼동|2614000000|역삼1가|2|50|1|1|3|739|183|183|363|97187|18160.0|7986.0|4393.0|5781.0|16863|6158|3854|3323280.0|1461438.0|803919.0|1057923.0|701053|2625029|167416|430909|44|85|54|10|65079|10578020|3293396|761686|5.67|1|4.52|114|254|265|254.0
202405|CNTY_GU|41|27110|11170000|경기|성남시|인계동|1117000000|역삼1가|2|60|1|1|4|752|298|298|755|29520|25796.0|12741.0|9850.0|3205.0|20181|9300|9689|7687208.0|3796818.0|2935300.0|955090.0|770806|1399361|7619|268078|32|164|36|9|2760793|7400126|4624482|137225|6.32|9|2.93|51|370|399|3330.0
202405|CNTY_GU|47|27110|26110000|인천|성남시|인계동|4711000000|역삼1가|1|20|2|1|3|1776|327|327|853|69617|21168.0|10234.0|6113.0|4821.0|15847|9621|5771|6921936.0|3346518.0|1998951.0|1576467.0|319503|2142248|359607|91826|68|156|49|8|1193284|19114482|4492439|1665506|7.39|4|2.03|37|429|400|1716.0
202405|ADM|43|45110|45110000|인천|서초구|역삼동|2611000000|서초1동|1|35|3|1|9|466|152|152|803|50384|16977.0|8107.0|4386.0|4484.0|13778|6126|4381|2580504.0|1232264.0|666672.0|681568.0|2850110|2728609|318323|239229|40|78|19|7|2390193|7994895|3198303|1088675|7.72|21|2.12|124|367|298|7707.0
202405|CNTY_GU|41|41110|41110000|부산|강남구|역삼동|4113000000|서초1동|1|70|2|1|4|321|392|392|993|74127|31449.0|10061.0|10676.0|10712.0|24124|8876|8873|12328008.0|3943912.0|4184992.0|4199104.0|3755841|2189275|425290|369621|64|162|87|14|7836316|15129801|783377|795791|3.41|43|1.68|163|210|147|9030.0
202405|ADM|44|41150|28110000|경기|서초구|서초동|2611000000|역삼1가|1|35|2|1|2|1080|358|358|595|63541|41104.0|21731.0|5497.0|13876.0|32169|19601|4863|14715232.0|7779698.0|1967926.0|4967608.0|941810|217406|923400|351367|77|208|52|28|7461262|1197596|4743952|1366124|5.0|27|4.97|67|231|10|6237.0
202405|ADM|26|27110|44130000|경기|수원시|서초동|4111000000|역삼1가|1|30|1|1|8|1842|307|307|229|76905|44447.0|31859.0|5366.0|7222.0|37530|22986|4126|13645229.0|9780713.0|1647362.0|2217154.0|1306977|1464802|425696|461057|78|138|50|26|3630908|1309592|4076436|1489983|6.19|26|4.42|177|174|138|4524.0
202405|ADM|27|47110|46110000|인천|수원시|서초동|4111000000|서초1동|1|35|0|2|2|696|368|368|778|62567|4142.0|2154.0|1115.0|873.0|4069|1721|836|1524256.0|792672.0|410320.0|321264.0|98256|902693|945398|493469|57|177|40|28|2195649|2113573|167219|1472734|7.91|17|1.73|21|64|325|1088.0
202405|CNTY_GU|45|11110|11140000|대구|성남시|서초동|4413000000|서초1동|2|35|1|2|7|607|419|419|487|76380|48850.0|35810.0|6032.0|7008.0|36916|32443|5792|20468150.0|15004390.0|2527408.0|2936352.0|2281217|127031|720195|442819|64|244|63|4|8893065|18208947|3745110|509697|2.45|57|1.56|154|144|197|8208.0
202405|ADM|47|11170|11140000|인천|수원시|서초동|1120000000|서초1동|2|30|0|1|1|1371|7|7|840|13280|19799.0|14776.0|2764.0|2259.0|16987|11768|2504|138593.0|103432.0|19348.0|15813.0|603000|39709|185956|481542|1|3|1|0|4072286|10130120|145941|164181|4.32|0|3.03|92|0|130|0.0
202405|ADM|26|43110|41150000|경기|서초구|인계동|4115000000|서초1동|2|40|0|1|9|1460|359|359|524|90022|42143.0|25793.0|11332.0|5018.0|39546|25609|8392|15129337.0|9259687.0|4068188.0|1801462.0|1415225|2368048|364911|214409|92|149|93|28|6637400|13501107|2549486|1259544|2.76|23|3.52|93|352|310|8096.0
202405|ADM|46|41110|27110000|부산|서초구|서초동|4711000000|서초1동|1|50|2|1|2|1342|3|3|985|40725|36630.0|19016.0|11623.0|5991.0|32841|14273|9797|109890.0|57048.0|34869.0|17973.0|4184406|1278482|880521|311369|0|1|0|0|2307667|15527751|4988124|1632042|5.28|0|3.16|52|0|328|0.0
202405|CNTY_GU|45|41110|47110000|부산|수원시|서초동|4211000000|인계동|1|35|0|1|10|1363|74|74|585|45036|28373.0|16929.0|5850.0|5594.0|26423|14312|5214|2099602.0|1252746.0|432900.0|413956.0|409779|2744519|886964|142671|9|41|14|5|8401438|4215588|4322430|1602260|3.73|8|2.69|40|217|97|1736.0
202405|PRVNC|26|28110|11110000|서울|수원시|인계동|4211000000|서초1동|2|60|1|1|5|1214|279|279|559|25078|43710.0|23287.0|14652.0|5771.0|31280|20724|10701|12195090.0|6497073.0|4087908.0|1610109.0|542774|283436|781413|42627|41|130|64|27|9355836|14841287|1800029|369642|3.47|9|2.64|62|10|76|90.0
202405|CNTY_GU|46|43110|11110000|부산|성남시|인계동|4413000000|역삼1가|2|40|2|1|7|812|291|291|23|82237|13196.0|7452.0|1775.0|3969.0|12667|6196|1643|3840036.0|2168532.0|516525.0|1154979.0|2974117|1961218|429070|207492|29|128|71|3|3263469|14644940|3750958|158969|2.75|2|3.83|168|303|94|606.0
202405|PRVNC|47|41150|11110000|서울|수원시|서초동|4113000000|서초1동|1|55|1|2|7|611|465|465|546|53173|1505.0|972.0|463.0|70.0|1061|818|411|699825.0|451980.0|215295.0|32550.0|613571|556276|41976|484399|127|203|116|43|3849117|5492139|3862889|1899162|3.62|30|2.22|62|369|474|11070.0
202405|ADM|45|45110|28110000|대구|수원시|역삼동|1111000000|인계동|2|50|3|2|9|868|388|388|997|26599|46589.0|25105.0|9452.0|12032.0|34564|21123|8575|18076532.0|9740740.0|3667376.0|4668416.0|3772957|1224737|618418|425|101|201|43|15|6421570|8720476|1752786|628879|4.49|18|3.06|47|153|427|2754.0
202405|ADM|45|26110|42110000|부산|서초구|서초동|1117000000|인계동|1|35|2|2|7|1154|43|43|310|27785|37956.0|27535.0|8772.0|1649.0|35854|24619|8374|1632108.0|1184005.0|377196.0|70907.0|2057155|7247|795582|455567|12|20|12|1|9949068|17302876|818624|615610|2.18|0|3.92|62|0|249|0.0
202405|CNTY_GU|26|42110|41130000|대구|수원시|서초동|4611000000|역삼1가|2|30|0|1|8|383|335|335|304|91032|17729.0|13965.0|5963.0|0.0|17297|11380|5279|5939215.0|4678275.0|1997605.0|0.0|686854|1644285|793215|212089|99|150|46|31|2937405|11039163|4041809|222456|7.3|12|1.45|25|46|147|552.0
202405|ADM|43|41110|42110000|인천|강남구|인계동|4611000000|인계동|1|45|3|1|4|1484|218|218|288|73754|22397.0|14215.0|7631.0|551.0|16218|13752|5977|4882546.0|3098870.0|1663558.0|120118.0|1273515|1156792|558244|295614|38|120|39|4|1685843|10267078|2647926|221641|4.96|12|4.79|60|240|47|2880.0
202405|ADM|11|27110|11170000|경기|수원시|서초동|2614000000|인계동|1|60|0|1|9|621|2|2|404|73757|9548.0|7045.0|1679.0|824.0|7858|6729|1531|19096.0|14090.0|3358.0|1648.0|166697|2555130|548170|387239|0|1|0|0|2888652|18002615|1776847|797318|3.24|0|4.97|95|0|30|0.0
202405|ADM|44|28110|11200000|대구|강남구|서초동|1111000000|서초1동|2|60|2|2|6|942|281|281|107|39293|5945.0|2313.0|1789.0|1843.0|5483|2037|1523|1670545.0|649953.0|502709.0|517883.0|2060366|943058|551621|485734|53|156|62|11|7439013|17702465|1423413|881142|5.69|14|3.48|89|159|488|2226.0
202405|ADM|47|11200|44130000|인천|강남구|인계동|4113000000|인계동|1|20|0|2|2|134|3|3|878|36617|31985.0|15350.0|5841.0|10794.0|26013|12795|5121|95955.0|46050.0|17523.0|32382.0|675556|1819087|356784|126558|0|1|0|0|6740954|19243671|1482217|1080003|5.52|0|3.7|154|0|110|0.0
202405|ADM|47|41150|11200000|서울|수원시|역삼동|1117000000|서초1동|1|35|0|1|5|23|19|19|181|65458|0.0|0.0|0.0|0.0|0|0|0|0.0|0.0|0.0|0.0|4165596|1391529|31748|244488|5|10|5|0|802659|2404850|721023|406531|7.09|1|2.19|123|97|347|97.0
202405|CNTY_GU|11|44130|28110000|경기|강남구|역삼동|4115000000|서초1동|1|35|0|1|8|1618|413|413|437|87506|19121.0|8629.0|6629.0|3863.0|14378|7210|5952|7896973.0|3563777.0|2737777.0|1595419.0|4074130|18768|360931|302225|85|231|55|36|6621698|11168643|1849078|975158|3.2|48|4.1|143|238|82|11424.0
202405|ADM|47|11200|26110000|서울|수원시|인계동|4511000000|역삼1가|2|25|1|1|9|46|487|487|606|58722|6286.0|3543.0|1757.0|986.0|5212|3155|1418|3061282.0|1725441.0|855659.0|480182.0|2573291|652196|743185|183167|93|269|66|16|4343814|4571227|4832431|493512|4.55|9|4.45|134|119|466|1071.0
202405|ADM|26|47110|28110000|대구|강남구|역삼동|4115000000|역삼1가|2|35|2|1|6|944|55|55|535|23448|41779.0|32127.0|12121.0|0.0|39044|25950|10482|2297845.0|1766985.0|666655.0|0.0|556660|340857|450103|215032|12|28|14|3|429753|5335718|4539354|1207533|2.5|1|4.73|20|387|362|387.0
202405|ADM|11|45110|46110000|경기|강남구|인계동|2614000000|인계동|1|25|3|2|1|1122|355|355|824|88245|36398.0|10940.0|11064.0|14394.0|35340|10055|10364|12921290.0|3883700.0|3927720.0|5109870.0|3172565|1451706|872069|415730|103|183|39|21|1859998|10376420|1885378|1444309|6.79|15|1.93|27|474|484|7110.0
202405|ADM|11|45110|11140000|대구|서초구|서초동|4611000000|서초1동|1|35|0|1|1|514|432|432|544|59290|48855.0|36480.0|16719.0|0.0|40828|26186|12638|21105360.0|15759360.0|7222608.0|0.0|2014577|1176938|385366|12413|128|227|98|33|5287037|17118605|2380271|865901|7.24|24|2.69|109|154|43|3696.0
202405|ADM|43|47110|11110000|인천|수원시|서초동|4511000000|인계동|2|55|0|1|10|350|200|200|549|98184|40824.0|16352.0|14291.0|10181.0|39320|11615|12464|8164800.0|3270400.0|2858200.0|2036200.0|2406924|2667023|684909|95311|24|97|57|15|3031528|2647962|2234076|865843|3.37|16|2.63|15|251|132|4016.0
202405|CNTY_GU|42|27110|27110000|인천|수원시|역삼동|4611000000|인계동|2|35|3|1|3|1711|190|190|618|31402|40711.0|31362.0|5610.0|3739.0|38857|28646|5113|7735090.0|5958780.0|1065900.0|710410.0|338619|2194879|840703|53800|39|88|44|2|8083521|18087799|2493544|780538|4.44|27|1.64|26|168|286|4536.0
202405|PRVNC|27|41110|11110000|대구|서초구|인계동|1120000000|서초1동|1|30|2|1|1|1901|398|398|732|29502|27260.0|13037.0|2730.0|11493.0|23192|11771|2682|10849480.0|5188726.0|1086540.0|4574214.0|238305|1483215|677286|477109|47|222|105|17|5326918|11766784|3195825|202360|4.49|9|4.3|50|37|424|333.0
202405|CNTY_GU|47|47110|45110000|서울|강남구|역삼동|2611000000|역삼1가|2|45|1|1|2|1100|98|98|617|94454|13494.0|10649.0|3256.0|0.0|9943|7889|3123|1322412.0|1043602.0|319088.0|0.0|4463550|2699193|594055|59999|17|41|21|3|8355646|8389748|2773079|794473|4.3|10|1.88|31|320|432|3200.0
202405|CNTY_GU|44|43110|26110000|경기|성남시|인계동|4413000000|인계동|2|45|1|1|10|674|382|382|585|56118|34667.0|21385.0|9524.0|3758.0|34452|18757|7469|13242794.0|8169070.0|3638168.0|1435556.0|4599640|1073326|382751|387087|107|183|47|22|1525598|19854776|3182594|1510165|4.3|19|4.61|9|27|108|513.0
202405|CNTY_GU|45|11200|11200000|대구|강남구|역삼동|2711000000|역삼1가|1|25|3|1|5|1439|88|88|339|78580|37874.0|24360.0|6276.0|7238.0|33693|21998|4899|3332912.0|2143680.0|552288.0|636944.0|964064|859327|459351|295023|14|40|9|3|6207456|242687|1605175|907839|6.05|6|1.91|141|29|340|174.0
202405|ADM|26|26110|44130000|대구|서초구|인계동|2611000000|서초1동|2|55|2|1|1|1169|211|211|898|83400|24952.0|19545.0|3218.0|2189.0|24503|15820|2756|5264872.0|4123995.0|678998.0|461879.0|671508|50114|902309|143286|49|119|48|11|8102290|8483467|3322121|1975837|7.4|23|4.17|70|463|357|10649.0
202405|CNTY_GU|43|43110|41130000|서울|성남시|서초동|2611000000|서초1동|2|70|2|1|7|1691|144|144|44|61896|3853.0|2380.0|559.0|914.0|3425|2314|518|554832.0|342720.0|80496.0|131616.0|738892|2570219|239009|59931|36|68|16|7|7614098|826650|326854|1270743|2.66|17|3.48|45|102|327|1734.0
202405|ADM|11|28110|27110000|인천|성남시|서초동|2614000000|서초1동|2|45|3|1|9|895|104|104|144|78730|11652.0|4270.0|4190.0|3192.0|11046|3313|3575|1211808.0|444080.0|435760.0|331968.0|4121161|2302100|625391|181481|14|55|16|10|1489374|9981509|240109|1870314|5.77|12|1.89|174|410|407|4920.0
202405|ADM|41|45110|46110000|부산|성남시|서초동|4611000000|인계동|1|30|3|2|9|157|207|207|279|96024|12960.0|5398.0|2137.0|5425.0|11827|4647|1570|2682720.0|1117386.0|442359.0|1122975.0|3721795|2064122|719996|483833|52|122|57|9|3376357|5586221|4387805|1717240|4.68|23|4.51|175|382|25|8786.0
202405|CNTY_GU|46|11170|11110000|부산|서초구|서초동|1111000000|서초1동|1|60|3|1|7|1848|23|23|554|93659|14457.0|5798.0|3731.0|4928.0|12018|4296|2784|332511.0|133354.0|85813.0|113344.0|1181768|960163|282439|365748|3|10|6|0|1236937|9441912|3555383|198203|3.81|0|3.59|33|0|186|0.0
202405|PRVNC|46|47110|43110000|서울|강남구|인계동|4711000000|인계동|2|65|2|1|5|1916|438|438|280|11452|45356.0|27383.0|10768.0|7205.0|38237|25172|8174|19865928.0|11993754.0|4716384.0|3155790.0|2484972|2116672|235710|419254|52|224|108|25|8505075|9321803|2401943|137421|2.6|27|2.24|167|234|246|6318.0
202405|CNTY_GU|45|28110|45110000|대구|수원시|서초동|4111000000|인계동|2|30|0|1|7|154|11|11|249|77852|34632.0|12861.0|11842.0|9929.0|31700|9464|10444|380952.0|141471.0|130262.0|109219.0|1658597|2588708|632967|335869|2|5|2|0|8864587|17590850|1788494|226514|5.99|0|4.34|134|0|68|0.0
202405|CNTY_GU|11|47110|41130000|인천|수원시|인계동|4111000000|인계동|1|45|0|1|8|389|3|3|696|72699|44374.0|21546.0|10378.0|12450.0|34717|15169|8479|133122.0|64638.0|31134.0|37350.0|4744331|976777|255695|99102|0|1|0|0|4791781|14861023|359850|934123|5.85|0|4.46|179|0|339|0.0
202405|CNTY_GU|27|46110|45110000|인천|수원시|서초동|4511000000|역삼1가|2|70|1|1|6|1802|193|193|752|57957|4655.0|1923.0|730.0|2002.0|3987|1537|615|898415.0|371139.0|140890.0|386386.0|161708|872432|39298|268504|37|98|35|5|4298501|3199162|2523846|348348|2.93|12|2.26|132|395|476|4740.0
202405|ADM|42|11200|11140000|인천|성남시|서초동|4711000000|서초1동|1|45|1|2|2|1589|289|289|925|45068|34151.0|10589.0|6794.0|16768.0|28450|9156|5473|9869639.0|3060221.0|1963466.0|4845952.0|1934450|1902620|31379|352002|52|131|55|21|467383|17665103|4724398|162975|7.99|30|4.33|141|425|165|12750.0
202405|CNTY_GU|27|27110|28110000|대구|서초구|서초동|4611000000|역삼1가|1|55|0|1|7|638|58|58|745|31856|17099.0|8493.0|5410.0|3196.0|12728|7814|4784|991742.0|492594.0|313780.0|185368.0|4446783|1610803|224538|405604|8|29|14|0|3701727|8873527|2220793|720449|2.88|7|2.66|101|358|75|2506.0
202405|CNTY_GU|41|47110|28110000|경기|성남시|인계동|4611000000|서초1동|2|30|1|1|5|1950|34|34|9|80306|48095.0|29116.0|15185.0|3794.0|40088|25686|12332|1635230.0|989944.0|516290.0|128996.0|1476401|1638754|602159|324163|5|19|5|1|1618921|14531844|279219|609288|3.17|0|3.92|50|0|101|0.0
202405|ADM|46|26110|26110000|대구|서초구|서초동|4111000000|역삼1가|1|55|2|1|8|657|36|36|75|44058|23546.0|12302.0|4866.0|6378.0|17517|10109|3657|847656.0|442872.0|175176.0|229608.0|2608804|599365|897518|14145|9|20|9|3|5320893|17893204|3132692|1218736|5.89|2|4.91|169|406|92|812.0
202405|CNTY_GU|45|11200|27110000|경기|강남구|인계동|1114000000|역삼1가|1|50|2|1|9|166|110|110|332|86883|13277.0|9299.0|4704.0|0.0|9898|6513|4314|1460470.0|1022890.0|517440.0|0.0|857359|922219|993963|328965|20|47|31|10|1852545|7335086|3421355|1975036|2.45|9|4.54|165|323|460|2907.0
202405|PRVNC|47|26110|11170000|부산|서초구|역삼동|4711000000|서초1동|1|30|0|1|7|1120|278|278|137|37420|36881.0|26250.0|12853.0|0.0|35440|19661|12477|10252918.0|7297500.0|3573134.0|0.0|3694279|2001527|449571|281203|69|117|53|23|9880314|10872694|3619224|1140477|6.26|31|3.7|114|364|138|11284.0
202405|CNTY_GU|46|46110|11140000|서울|강남구|서초동|1114000000|서초1동|1|25|0|2|8|1126|17|17|51|17279|27521.0|10088.0|7222.0|10211.0|21507|7714|6052|467857.0|171496.0|122774.0|173587.0|3285914|983679|245535|192648|4|9|3|0|6565297|6134418|4830099|239790|5.62|2|2.81|14|14|129|28.0
202405|CNTY_GU|42|41110|45110000|서울|성남시|서초동|1117000000|역삼1가|1|50|0|1|7|723|323|323|971|94351|33785.0|22675.0|9544.0|1566.0|28376|20995|7864|10912555.0|7324025.0|3082712.0|505818.0|1565726|105410|899039|440975|96|145|76|4|8415955|16490831|1093564|1981625|6.01|12|3.43|140|411|235|4932.0
202405|ADM|45|41110|27110000|대구|수원시|인계동|4511000000|서초1동|2|30|1|1|2|1414|322|322|421|11552|47338.0|33387.0|9286.0|4665.0|33422|32647|8870|15242836.0|10750614.0|2990092.0|1502130.0|568628|1996999|95571|76791|58|152|80|12|396816|3578684|4034634|483679|2.59|25|3.22|42|382|439|9550.0
202405|CNTY_GU|44|45110|43110000|경기|수원시|인계동|4611000000|인계동|2|60|0|1|2|1047|92|92|59|55648|30174.0|16077.0|7614.0|6483.0|29708|12305|6263|2776008.0|1479084.0|700488.0|596436.0|2179203|369960|828485|62318|13|43|19|6|7925162|13553584|2656872|996391|3.32|1|1.61|175|299|36|299.0
202405|ADM|46|27110|11110000|서울|서초구|역삼동|1117000000|서초1동|2|40|0|2|4|103|362|362|526|22938|1744.0|746.0|435.0|563.0|1623|552|420|631328.0|270052.0|157470.0|203806.0|3049164|1990978|199756|363500|84|196|54|17|671850|14902584|1953185|91961|3.99|30|3.31|139|194|262|5820.0
202405|ADM|42|46110|46110000|대구|서초구|인계동|2811000000|인계동|2|45|0|1|9|163|151|151|194|81923|1144.0|842.0|395.0|0.0|1097|644|297|172744.0|127142.0|59645.0|0.0|962099|2116083|89034|275375|42|77|15|11|6846072|15995237|2931836|1002154|2.26|3|2.84|10|487|168|1461.0
202405|CNTY_GU|44|28110|11140000|인천|강남구|인계동|4611000000|서초1동|2|45|1|1|8|1613|442|442|627|72307|11371.0|5672.0|3368.0|2331.0|10816|4910|2585|5025982.0|2507024.0|1488656.0|1030302.0|4093608|2405006|137803|2779|70|255|120|37|3906581|7542459|3792999|1880622|3.38|26|2.82|92|113|164|2938.0
202405|ADM|44|41150|11110000|부산|강남구|역삼동|4611000000|서초1동|2|40|1|1|1|1590|81|81|590|18296|37316.0|15168.0|10652.0|11496.0|31795|13211|8363|3022596.0|1228608.0|862812.0|931176.0|3865816|2377733|99556|487317|14|37|15|5|68071|7073146|4436769|597467|7.44|2|3.95|57|265|303|530.0
202405|ADM|44|11140|43110000|부산|강남구|인계동|4413000000|서초1동|2|35|2|1|7|1922|1|1|961|89410|0.0|0.0|0.0|0.0|0|0|0|0.0|0.0|0.0|0.0|3069264|2940872|781042|403204|0|0|0|0|1482651|15893258|4056459|327205|7.82|0|1.48|136|0|85|0.0
202405|ADM|45|28110|41150000|경기|성남시|서초동|4611000000|인계동|2|25|0|2|3|1576|364|364|313|40950|49188.0|17821.0|15315.0|16052.0|44904|13313|12972|17904432.0|6486844.0|5574660.0|5842928.0|1897636|2471285|849193|111606|55|205|68|17|2279464|15667950|3534989|580939|4.26|9|3.57|164|73|196|657.0
202405|ADM|43|42110|45110000|인천|서초구|인계동|4611000000|인계동|1|35|1|2|4|214|94|94|861|95244|36238.0|22485.0|10301.0|3452.0|32924|16182|8619|3406372.0|2113590.0|968294.0|324488.0|2565623|1077554|802101|151770|12|48|25|9|3924660|16525556|626777|1997821|7.51|13|4.64|79|116|355|1508.0
202405|PRVNC|42|11110|45110000|인천|서초구|인계동|4111000000|인계동|2|35|3|1|8|1892|328|328|438|65051|28146.0|12025.0|6477.0|9644.0|24390|9454|6447|9231888.0|3944200.0|2124456.0|3163232.0|2050796|905514|731446|142269|50|184|52|6|8038450|14937502|151379|15769|7.33|17|2.62|34|381|486|6477.0
202405|ADM|27|44130|45110000|대구|강남구|역삼동|1111000000|역삼1가|1|65|1|1|3|1606|34|34|874|65587|37833.0|13544.0|6962.0|17327.0|34384|9765|6246|1286322.0|460496.0|236708.0|589118.0|4531486|853683|406657|35027|5|15|3|0|9970376|2595389|2679715|13070|4.04|4|2.81|142|128|448|512.0
202405|ADM|27|28110|11110000|대구|강남구|서초동|4413000000|서초1동|2|70|1|1|7|163|341|341|471|18370|42555.0|23576.0|15447.0|3532.0|35785|23094|11915|14511255.0|8039416.0|5267427.0|1204412.0|3628886|636645|306994|18578|83|191|89|30|1580359|1206684|3695136|465924|6.17|46|4.96|120|385|102|17710.0
202405|ADM|44|47110|47110000|인천|수원시|서초동|1120000000|서초1동|1|30|1|2|4|546|171|171|646|11715|6544.0|2260.0|1688.0|2596.0|5597|2092|1267|1119024.0|386460.0|288648.0|443916.0|2126920|2798978|47179|86516|24|74|45|2|8121524|17085483|4111150|1265088|6.86|18|1.07|37|184|419|3312.0
202405|CNTY_GU|47|28110|11110000|서울|수원시|역삼동|4211000000|역삼1가|2|35|3|2|5|1262|47|47|217|11425|32487.0|12603.0|10760.0|9124.0|27918|12269|8343|1526889.0|592341.0|505720.0|428828.0|1177954|2113706|768131|411638|8|23|13|0|705578|3870021|2344075|1893774|5.41|6|3.94|111|276|187|1656.0
202405|ADM|47|27110|45110000|서울|성남시|서초동|1117000000|서초1동|1|50|1|1|1|147|278|278|912|78614|17599.0|13060.0|3612.0|927.0|16905|11492|3143|4892522.0|3630680.0|1004136.0|257706.0|772123|1062197|825945|290841|76|156|29|8|5268787|12073656|3660643|1902142|5.49|9|3.0|14|159|328|1431.0
202405|ADM|44|27110|26140000|서울|강남구|서초동|4413000000|인계동|2|70|0|1|8|182|46|46|287|68351|6907.0|5003.0|1050.0|854.0|6852|4184|1040|317722.0|230138.0|48300.0|39284.0|1030812|2527166|834179|57057|11|22|9|0|7682015|14700884|4525555|1668969|3.88|3|3.21|79|459|490|1377.0
202405|ADM|41|46110|11200000|경기|성남시|역삼동|2614000000|서초1동|2|25|1|2|4|276|310|310|49|99552|17756.0|5933.0|4521.0|7302.0|14357|5150|3844|5504360.0|1839230.0|1401510.0|2263620.0|2326458|2005101|863032|423647|46|146|40|20|3706519|2049312|4610761|1531528|5.06|15|1.19|160|78|158|1170.0
202405|ADM|41|47110|28110000|서울|강남구|역삼동|1114000000|서초1동|1|70|0|1|8|1708|414|414|623|99088|14933.0|11896.0|4913.0|0.0|12933|9728|4782|6182262.0|4924944.0|2033982.0|0.0|2982807|2525897|692838|462162|76|202|85|21|8708993|15762079|3160661|406075|7.59|0|3.38|29|0|475|0.0
202405|CNTY_GU|45|26140|45110000|대구|수원시|인계동|4611000000|인계동|2|35|2|2|2|1340|145|145|356|44366|24498.0|18123.0|3507.0|2868.0|23596|14887|3273|3552210.0|2627835.0|508515.0|415860.0|4368292|39414|795756|212043|32|73|20|6|8835010|16940784|259545|1946576|6.33|9|3.73|105|193|354|1737.0
202405|ADM|27|42110|27110000|서울|강남구|서초동|4113000000|서초1동|1|60|0|2|6|852|202|202|701|63097|13410.0|7441.0|5035.0|934.0|11282|7189|4565|2708820.0|1503082.0|1017070.0|188668.0|4219530|2447029|379091|117341|52|111|50|12|1346318|9870924|1046171|1081034|3.14|19|4.09|5|179|119|3401.0
202405|ADM|44|44130|42110000|대구|성남시|역삼동|2611000000|서초1동|1|60|1|2|9|1938|462|462|973|15912|8089.0|2614.0|3149.0|2326.0|5837|1870|2635|3737118.0|1207668.0|1454838.0|1074612.0|2179937|253347|243502|171488|73|211|108|42|3640399|7806425|4218219|1284846|7.46|25|2.26|107|274|349|6850.0
202405|ADM|11|41130|41150000|인천|성남시|인계동|4511000000|인계동|2|50|2|2|1|1367|322|322|141|65223|28231.0|16197.0|6643.0|5391.0|26992|13924|5880|9090382.0|5215434.0|2139046.0|1735902.0|198332|528240|893858|283043|64|160|90|28|8951007|6896205|4211556|246753|4.6|2|3.88|140|129|480|258.0
202405|ADM|42|44130|41130000|서울|강남구|역삼동|2711000000|인계동|2|25|0|2|8|1200|244|244|247|17888|39270.0|18027.0|4435.0|16808.0|29035|14019|3674|9581880.0|4398588.0|1082140.0|4101152.0|3262434|523463|363361|193088|37|146|64|18|4693896|11860240|1093568|876627|4.24|10|4.25|139|42|120|420.0
202405|CNTY_GU|26|11200|26110000|서울|수원시|서초동|2711000000|인계동|2|50|2|2|10|876|348|348|177|15969|2356.0|1345.0|472.0|539.0|2001|989|338|819888.0|468060.0|164256.0|187572.0|233273|2384587|697547|11920|82|144|43|18|4016794|13316411|284883|1250892|2.81|31|4.85|176|358|339|11098.0
202405|CNTY_GU|47|44130|42110000|서울|성남시|역삼동|4611000000|역삼1가|2|35|2|1|2|918|439|439|646|13611|18873.0|14807.0|3479.0|587.0|15846|13026|2902|8285247.0|6500273.0|1527281.0|257693.0|801552|494317|868377|369149|86|185|84|8|6252465|3045388|4163264|1153955|3.34|37|3.93|62|477|297|17649.0
202405|ADM|41|11200|47110000|인천|서초구|서초동|4113000000|인계동|1|30|0|2|5|1164|331|331|876|58216|44575.0|25566.0|16018.0|2991.0|33028|21362|11712|14754325.0|8462346.0|5301958.0|990021.0|2364288|535064|740098|185755|57|153|52|23|6597097|12209304|2582389|1118440|4.44|23|4.06|163|277|211|6371.0
202405|PRVNC|45|45110|44130000|서울|강남구|인계동|4611000000|인계동|1|30|1|1|7|706|172|172|737|46997|39677.0|17603.0|13789.0|8285.0|32700|13740|10490|6824444.0|3027716.0|2371708.0|1425020.0|555721|764796|428651|92365|18|78|37|5|4373517|4758893|1254040|751857|4.93|12|3.14|81|390|258|4680.0
202405|CNTY_GU|11|11140|47110000|인천|성남시|서초동|1117000000|서초1동|2|40|0|2|5|348|479|479|38|14545|12868.0|9166.0|5114.0|0.0|10989|7171|4312|6163772.0|4390514.0|2449606.0|0.0|1964883|2616517|681073|366061|74|203|49|6|6821273|15707375|1087521|1824902|2.7|46|2.88|90|412|168|18952.0
202405|CNTY_GU|11|11110|11200000|경기|서초구|역삼동|4711000000|인계동|1|40|0|1|8|1336|213|213|691|57706|0.0|0.0|0.0|0.0|0|0|0|0.0|0.0|0.0|0.0|2471609|2968098|244468|365027|60|93|25|11|4369214|1977961|910332|1219342|7.73|6|2.32|41|77|64|462.0
202405|ADM|44|26140|41130000|서울|성남시|서초동|4113000000|역삼1가|2|50|2|1|1|15|433|433|993|18598|47192.0|34288.0|13381.0|0.0|40570|29051|13134|20434136.0|14846704.0|5793973.0|0.0|3761388|1082617|195461|139624|77|224|71|22|887877|17348612|3629308|106468|6.67|60|1.4|139|66|359|3960.0
202405|ADM|45|43110|27110000|서울|서초구|인계동|4413000000|인계동|2|50|0|1|1|1450|161|161|64|84758|29115.0|22964.0|9073.0|0.0|27061|22214|7633|4687515.0|3697204.0|1460753.0|0.0|3957814|2873313|712368|414278|41|74|25|6|2823149|4284344|3408182|931278|7.47|8|4.64|90|103|394|824.0
202405|CNTY_GU|43|42110|43110000|부산|강남구|인계동|4511000000|서초1동|1|45|2|1|3|787|345|345|563|41135|2391.0|1768.0|313.0|310.0|1678|1388|233|824895.0|609960.0|107985.0|106950.0|1169173|545064|956355|432937|86|153|92|4|4121727|12879475|4197518|1198729|7.26|28|1.11|114|493|282|13804.0
202405|CNTY_GU|26|26110|41130000|서울|강남구|서초동|2611000000|서초1동|1|35|1|1|2|938|292|292|57|79249|28349.0|11809.0|7509.0|9031.0|27940|11238|6206|8277908.0|3448228.0|2192628.0|2637052.0|492792|917336|543623|222241|41|144|49|20|8753772|14564492|3995381|1160075|5.9|40|1.24|175|127|258|5080.0
202405|CNTY_GU|42|27110|41150000|서울|강남구|인계동|4111000000|서초1동|2|70|0|1|5|885|1|1|522|93197|39791.0|15553.0|4702.0|19536.0|37096|15484|3378|39791.0|15553.0|4702.0|19536.0|3988525|325088|438129|60636|0|0|0|0|2704745|14102145|529174|45171|3.79|0|1.1|31|0|357|0.0
202405|CNTY_GU|43|41150|11170000|대구|강남구|역삼동|1120000000|역삼1가|1|65|0|1|2|1375|164|164|365|45313|23482.0|17476.0|7232.0|0.0|17447|15629|7075|3851048.0|2866064.0|1186048.0|0.0|2412712|1915926|864685|77205|30|67|17|15|3287204|18175862|4893191|1660319|4.81|1|1.32|144|21|324|21.0
202405|CNTY_GU|41|43110|28110000|대구|성남시|인계동|2811000000|인계동|2|60|1|2|8|41|63|63|302|99215|16062.0|11046.0|4842.0|174.0|14302|9722|3523|1011906.0|695898.0|305046.0|10962.0|108756|2455365|438792|152575|11|25|17|4|607371|18566819|107258|936248|3.92|7|1.12|72|231|451|1617.0
202405|CNTY_GU|47|11200|11170000|부산|강남구|역삼동|4113000000|역삼1가|2|25|1|2|3|710|417|417|160|94650|47078.0|16309.0|11871.0|18898.0|45961|11943|8876|19631526.0|6800853.0|4950207.0|7880466.0|2515584|692108|676341|349459|73|231|82|23|8566489|6215713|1645411|1183464|3.65|53|1.63|76|458|322|24274.0
202405|CNTY_GU|42|11140|42110000|부산|강남구|역삼동|4711000000|서초1동|1|40|1|2|3|1511|7|7|592|34545|41654.0|18516.0|14435.0|8703.0|33223|15473|14071|291578.0|129612.0|101045.0|60921.0|1862694|867368|435771|418014|1|3|1|0|2797037|1847567|1037183|407779|2.25|0|3.54|118|0|48|0.0
202405|ADM|44|42110|41130000|경기|강남구|인계동|1117000000|서초1동|2|25|1|1|2|908|483|483|427|31057|36049.0|25797.0|5097.0|5155.0|27589|23889|3708|17411667.0|12459951.0|2461851.0|2489865.0|2480806|122267|282561|44775|113|203|125|23|6666748|2661391|3475337|1820734|5.81|7|4.22|35|175|202|1225.0
202405|PRVNC|26|11170|41110000|경기|성남시|역삼동|4611000000|역삼1가|1|55|0|2|10|1539|1|1|31|74357|17727.0|13234.0|5715.0|0.0|15370|9617|5494|17727.0|13234.0|5715.0|0.0|3125869|34623|162611|357959|0|0|0|0|9006673|1672948|4909517|14922|5.23|0|1.16|150|0|261|0.0
202405|CNTY_GU|43|42110|11170000|서울|성남시|역삼동|4413000000|역삼1가|2|60|0|2|6|1165|106|106|289|21023|21578.0|15159.0|8360.0|0.0|15268|13207|6752|2287268.0|1606854.0|886160.0|0.0|2028054|2110289|645605|10627|16|50|12|4|5795074|18835088|2186018|1337424|3.62|13|4.56|172|420|492|5460.0
202405|CNTY_GU|44|11200|11110000|서울|서초구|인계동|4711000000|역삼1가|1|40|0|2|10|483|467|467|637|34795|1417.0|943.0|350.0|124.0|996|711|332|661739.0|440381.0|163450.0|57908.0|1222548|1598990|12629|35515|110|253|49|25|4324131|16298779|2671895|1948231|7.61|67|2.67|82|217|450|14539.0
202405|PRVNC|41|47110|41130000|경기|강남구|역삼동|2611000000|역삼1가|2|35|2|1|8|1680|360|360|937|95529|45148.0|22939.0|15919.0|6290.0|32197|20840|12875|16253280.0|8258040.0|5730840.0|2264400.0|2747115|2226379|320352|12830|47|188|68|23|4403051|4051630|2935381|1861802|4.65|53|2.52|175|122|138|6466.0
202405|ADM|43|42110|11200000|대구|강남구|역삼동|4611000000|역삼1가|2|60|0|1|9|644|352|352|675|86533|6576.0|2238.0|1645.0|2693.0|6054|1664|1615|2314752.0|787776.0|579040.0|947936.0|3812608|1438474|47333|236514|36|207|77|27|4322346|8664852|1156216|1841809|3.52|41|2.97|159|320|70|13120.0
202405|CNTY_GU|44|28110|26140000|경기|수원시|역삼동|1111000000|인계동|1|35|0|1|7|362|61|61|873|42512|12021.0|5569.0|1753.0|4699.0|9356|4708|1716|733281.0|339709.0|106933.0|286639.0|2362235|2873121|265007|44759|8|36|12|4|9640112|13848235|2333725|1372934|6.14|2|2.81|115|484|477|968.0
202405|ADM|26|26110|11170000|경기|서초구|인계동|4311000000|인계동|1|40|1|1|5|1093|64|64|596|18247|32437.0|15547.0|3286.0|13604.0|31263|14914|2907|2075968.0|995008.0|210304.0|870656.0|122869|2144388|61143|331401|16|26|7|3|5406461|9572828|4384249|890091|3.3|2|2.96|179|302|303|604.0
202405|ADM|45|45110|11200000|대구|성남시|역삼동|4211000000|서초1동|1|40|0|1|9|1070|341|341|960|28133|27717.0|21177.0|5882.0|658.0|24825|17053|4186|9451497.0|7221357.0|2005762.0|224378.0|299105|2676177|823798|192522|42|142|96|15|5373983|12130123|4129152|1538128|4.11|43|1.4|67|355|113|15265.0
202405|ADM|46|45110|11200000|인천|수원시|서초동|1117000000|역삼1가|2|60|0|1|4|1392|458|458|458|77950|29890.0|19738.0|5642.0|4510.0|27489|16044|4144|13689620.0|9040004.0|2584036.0|2065580.0|914573|1118195|469293|398429|72|239|111|37|362504|1541683|1096013|203483|5.43|19|3.91|179|244|311|4636.0
202405|CNTY_GU|43|46110|26140000|인천|서초구|역삼동|4711000000|서초1동|2|60|2|2|7|484|307|307|409|26425|10354.0|4584.0|1472.0|4298.0|9230|3742|1411|3178678.0|1407288.0|451904.0|1319486.0|3090485|2974033|534386|302166|62|172|90|26|3477438|3742435|3517627|699067|7.92|32|2.51|86|83|14|2656.0
202405|PRVNC|43|11200|11170000|인천|수원시|서초동|4115000000|인계동|1|30|0|1|9|1083|264|264|302|54405|28592.0|14737.0|5767.0|8088.0|24852|14668|5062|7548288.0|3890568.0|1522488.0|2135232.0|4248171|2046772|949590|157294|53|156|42|15|810175|5921467|4872841|1068180|5.1|1|2.47|172|283|239|283.0
202405|ADM|43|42110|11170000|인천|성남시|역삼동|1120000000|서초1동|2|30|2|1|5|1244|325|325|590|18280|35485.0|17160.0|5075.0|13250.0|28984|15698|4844|11532625.0|5577000.0|1649375.0|4306250.0|4373976|403307|621809|82771|86|194|42|17|8997932|19165924|465482|273274|3.52|17|1.96|177|323|281|5491.0
202405|ADM|41|11170|26140000|경기|강남구|서초동|2611000000|서초1동|1|30|3|1|6|1445|257|257|66|91820|16801.0|8531.0|2628.0|5642.0|15270|7948|2178|4317857.0|2192467.0|675396.0|1449994.0|4483121|2888248|125261|440390|42|138|74|1|1383498|5150895|1000288|6730|2.56|17|3.03|6|371|369|6307.0
202405|ADM|42|11140|42110000|서울|강남구|역삼동|2811000000|역삼1가|1|30|0|1|5|1049|58|58|441|28317|19524.0|9558.0|6081.0|3885.0|17624|8768|5240|1132392.0|554364.0|352698.0|225330.0|2096525|510543|237421|87237|6|23|14|0|8860411|16184395|3289131|516272|5.59|6|2.12|178|440|320|2640.0
202405|CNTY_GU|43|11170|26140000|서울|수원시|인계동|1117000000|인계동|2|55|1|1|2|483|2|2|420|38300|32744.0|14272.0|12961.0|5511.0|23962|10701|10761|65488.0|28544.0|25922.0|11022.0|4194723|418617|747238|46034|0|1|0|0|6502489|14798566|4625362|534292|4.54|0|1.15|26|0|301|0.0
202405|CNTY_GU|26|27110|47110000|인천|성남시|서초동|4311000000|역삼1가|1|60|3|1|8|346|457|457|404|72305|39952.0|27275.0|5552.0|7125.0|28919|21038|4830|18258064.0|12464675.0|2537264.0|3256125.0|941516|2613625|859129|285128|111|194|63|29|7681999|13172476|4782848|1543618|5.75|52|1.03|63|284|5|14768.0
202405|CNTY_GU|42|44130|11110000|부산|강남구|인계동|4711000000|역삼1가|1|55|3|2|2|1490|65|65|470|88082|35811.0|16846.0|4801.0|14164.0|31016|15492|4025|2327715.0|1094990.0|312065.0|920660.0|210804|694971|507454|26248|16|35|14|5|7828785|9314835|3215799|837788|4.12|4|2.46|159|495|222|1980.0
202405|CNTY_GU|45|46110|44130000|경기|성남시|인계동|2811000000|역삼1가|2|25|3|2|3|390|485|485|245|99407|17072.0|8174.0|5274.0|3624.0|12056|7049|4951|8279920.0|3964390.0|2557890.0|1757640.0|2941426|1015770|899517|197760|118|273|124|41|5378467|11976186|3188940|508800|2.65|14|3.47|146|460|435|6440.0
202405|ADM|41|11170|26110000|부산|성남시|인계동|4711000000|역삼1가|1|30|0|2|6|604|26|26|456|11494|10759.0|4951.0|3405.0|2403.0|9891|4236|2786|279734.0|128726.0|88530.0|62478.0|1910415|2153312|858028|257679|6|13|5|1|320092|14913297|1311754|1707225|6.03|1|3.78|115|228|26|228.0
202405|ADM|27|26110|11140000|경기|성남시|역삼동|2711000000|인계동|2|35|0|2|10|1571|91|91|836|59109|14463.0|9028.0|3147.0|2288.0|11625|6843|2909|1316133.0|821548.0|286377.0|208208.0|665007|476896|302032|249714|19|51|26|6|1305829|12464687|335793|1698912|3.55|12|1.27|156|21|10|252.0
202405|ADM|43|11170|45110000|인천|강남구|역삼동|1117000000|역삼1가|2|70|1|1|3|1112|338|338|662|32012|3184.0|1987.0|665.0|532.0|2280|1544|625|1076192.0|671606.0|224770.0|179816.0|889190|112377|246875|182483|58|188|88|18|3547317|19204934|3820293|832910|4.42|19|2.2|65|343|5|6517.0
202405|ADM|43|11140|41110000|대구|강남구|서초동|1111000000|인계동|2|55|2|1|10|309|483|483|801|45289|39907.0|26226.0|13370.0|311.0|39478|19664|11238|19275081.0|12667158.0|6457710.0|150213.0|2332775|2384251|819972|229975|75|270|74|5|7474647|14018836|4554676|229865|7.19|51|2.8|75|330|332|16830.0
202405|ADM|27|11200|11170000|부산|강남구|역삼동|2611000000|인계동|1|35|0|1|1|1165|221|221|651|79266|2374.0|810.0|883.0|681.0|1913|743|846|524654.0|179010.0|195143.0|150501.0|1690591|1022565|300591|271187|60|102|43|4|2402150|3106157|2418200|1413137|7.74|8|2.23|170|77|451|616.0
202405|CNTY_GU|45|11200|11140000|대구|성남시|인계동|1117000000|역삼1가|1|55|3|2|9|1455|333|333|930|10748|39494.0|26459.0|10524.0|2511.0|38832|21729|8694|13151502.0|8810847.0|3504492.0|836163.0|2271992|1700716|74708|383694|52|197|64|19|895667|834118|4416887|1378477|2.8|11|1.81|145|20|62|220.0
202405|ADM|47|43110|45110000|경기|서초구|인계동|4111000000|역삼1가|2|55|0|1|1|1896|258|258|772|77596|22121.0|8875.0|3263.0|9983.0|19940|8536|3175|5707218.0|2289750.0|841854.0|2575614.0|3112134|1819612|912861|252780|68|148|31|11|882500|19233290|844001|1155064|7.73|23|1.64|50|165|447|3795.0
202405|ADM|42|45110|45110000|인천|수원시|역삼동|1111000000|서초1동|2|65|0|1|4|80|360|360|51|24268|5300.0|2717.0|1080.0|1503.0|3850|2513|759|1908000.0|978120.0|388800.0|541080.0|1108218|203032|211368|412987|94|146|99|4|8210476|3533778|676374|546408|6.18|42|4.66|162|53|281|2226.0
202405|CNTY_GU|46|26140|11170000|부산|강남구|서초동|4711000000|역삼1가|1|50|1|1|4|80|336|336|678|82359|26934.0|10278.0|10400.0|6256.0|21378|7762|8648|9049824.0|3453408.0|3494400.0|2102016.0|3007112|2143114|7937|396554|91|183|47|2|1876700|4881569|1010941|570775|3.88|37|2.5|157|296|363|10952.0
202405|ADM|11|28110|46110000|인천|성남시|서초동|1120000000|서초1동|2|60|1|2|5|854|207|207|180|43824|811.0|421.0|263.0|127.0|687|319|250|167877.0|87147.0|54441.0|26289.0|1732418|2777810|270869|381658|53|105|38|0|2909419|7058398|1898433|328436|3.79|1|2.61|143|217|21|217.0
202405|ADM|47|43110|46110000|인천|성남시|서초동|4311000000|역삼1가|1|40|0|1|6|686|350|350|661|15289|21118.0|16426.0|3611.0|1081.0|15757|13707|2912|7391300.0|5749100.0|1263850.0|378350.0|2760527|179998|256806|282168|38|176|60|30|4613666|18222321|2985033|171345|5.52|46|4.18|113|384|408|17664.0
202405|ADM|41|43110|41150000|부산|수원시|서초동|4511000000|서초1동|2|50|1|2|6|1578|355|355|866|17088|589.0|184.0|174.0|231.0|532|150|147|209095.0|65320.0|61770.0|82005.0|3756971|2376080|370404|218173|81|149|106|27|1759117|2271734|3543261|1785553|5.57|47|3.73|11|104|130|4888.0
202405|ADM|45|11110|45110000|대구|성남시|역삼동|1120000000|서초1동|2|25|0|2|10|910|154|154|966|37413|24328.0|15364.0|4688.0|4276.0|22932|11987|3377|3746512.0|2366056.0|721952.0|658504.0|2270576|789786|537110|324781|38|71|45|2|5885399|5150104|4972973|117624|4.3|8|3.27|90|21|331|168.0
202405|CNTY_GU|43|26140|26140000|인천|성남시|서초동|4113000000|역삼1가|2|65|2|2|10|1006|239|239|919|14020|39053.0|18051.0|5395.0|15607.0|36216|15710|4158|9333667.0|4314189.0|1289405.0|3730073.0|1324555|1335554|185042|376820|66|124|57|1|7760875|9928067|4937736|1957571|6.28|13|2.5|137|157|311|2041.0
202405|ADM|44|45110|11110000|인천|강남구|인계동|2811000000|서초1동|1|40|2|2|10|1017|284|284|697|85044|9928.0|7674.0|3830.0|0.0|8649|6474|3594|2819552.0|2179416.0|1087720.0|0.0|4649653|511479|378179|71256|44|156|34|16|8980061|16987379|3221635|51951|2.51|1|3.57|89|105|97|105.0
202405|CNTY_GU|47|41150|47110000|서울|서초구|역삼동|1117000000|인계동|1|60|2|1|4|1876|20|20|878|13692|39251.0|14398.0|11460.0|13393.0|29817|10319|8048|785020.0|287960.0|229200.0|267860.0|1979331|2964240|320817|37987|3|10|2|1|8469052|2650722|2838945|1984720|6.43|2|4.94|24|165|182|330.0
202405|CNTY_GU|47|11140|27110000|대구|성남시|인계동|2614000000|역삼1가|1|30|1|1|1|1993|95|95|555|13561|5301.0|4077.0|1522.0|0.0|5180|3262|1136|503595.0|387315.0|144590.0|0.0|480520|662433|793230|342856|14|49|21|7|1317165|18063614|1589890|1631747|3.27|4|4.9|27|357|442|1428.0
202405|ADM|42|28110|42110000|대구|강남구|인계동|2711000000|역삼1가|1|25|0|1|4|248|437|437|328|95890|22683.0|16289.0|8369.0|0.0|19434|13504|6412|9912471.0|7118293.0|3657253.0|0.0|719536|595535|178086|464156|118|197|109|24|7400040|14739345|3696715|619251|5.39|17|4.12|172|298|255|5066.0
202405|CNTY_GU|43|45110|46110000|서울|수원시|역삼동|4111000000|서초1동|1|50|1|1|8|631|271|271|380|23474|23675.0|16856.0|5466.0|1353.0|16720|13028|5093|6415925.0|4567976.0|1481286.0|366663.0|183151|753298|392222|161042|53|129|34|14|4588784|8225214|1980609|1401397|3.9|4|2.5|110|263|86|1052.0
202405|ADM|47|28110|27110000|부산|서초구|서초동|2811000000|서초1동|2|35|3|2|6|652|277|277|709|80541|49468.0|31398.0|8958.0|9112.0|44177|22537|7792|13702636.0|8697246.0|2481366.0|2524024.0|673754|23949|819027|310686|41|135|32|15|311046|10629074|1168470|934727|7.05|32|1.5|135|306|440|9792.0
202405|CNTY_GU|43|43110|26140000|경기|성남시|서초동|4511000000|서초1동|2|60|0|1|6|43|481|481|647|87629|3164.0|2528.0|814.0|0.0|2547|2009|575|1521884.0|1215968.0|391534.0|0.0|1517562|1468346|678535|312769|113|276|84|21|7113830|84716|2102100|1814660|2.96|60|2.25|104|256|75|15360.0
202405|ADM|43|45110|27110000|대구|서초구|서초동|4211000000|역삼1가|2|45|0|2|3|669|79|79|828|41554|45750.0|15900.0|17551.0|12299.0|39114|11286|16443|3614250.0|1256100.0|1386529.0|971621.0|727845|639842|270985|383087|8|38|8|3|7558999|13605024|186242|1894201|3.83|6|3.48|56|333|237|1998.0
202405|CNTY_GU|44|11110|43110000|인천|강남구|인계동|1120000000|서초1동|1|65|0|2|6|1237|310|310|523|94519|15063.0|5740.0|4017.0|5306.0|10900|4741|3497|4669530.0|1779400.0|1245270.0|1644860.0|1662802|2666890|180241|434049|73|145|52|10|7920329|6871098|2542332|1559411|6.5|46|3.73|37|199|376|9154.0
202405|ADM|46|43110|43110000|서울|성남시|서초동|1114000000|서초1동|1|30|0|1|8|945|380|380|344|79707|18340.0|11850.0|3755.0|2735.0|12971|11389|3732|6969200.0|4503000.0|1426900.0|1039300.0|3985307|2177730|308106|437807|109|181|80|31|7387595|17455054|4499616|83453|6.65|51|1.02|26|240|192|12240.0
202405|ADM|42|43110|27110000|서울|강남구|역삼동|4115000000|서초1동|1|60|0|2|3|1174|62|62|909|51040|24122.0|10986.0|9540.0|3596.0|22672|8840|7205|1495564.0|681132.0|591480.0|222952.0|3042922|2407621|123122|480883|14|31|13|1|2823042|11634927|4113030|694996|3.05|8|4.13|52|195|443|1560.0
202405|CNTY_GU|11|42110|28110000|부산|수원시|인계동|4711000000|인계동|1|60|2|2|5|22|408|408|773|38160|40881.0|28098.0|8111.0|4672.0|39891|20521|8088|16679448.0|11463984.0|3309288.0|1906176.0|4116865|1704306|458773|88865|59|218|114|6|7917133|11530469|3361218|682631|6.9|21|4.48|70|67|161|1407.0
202405|CNTY_GU|47|27110|26140000|경기|강남구|역삼동|4113000000|서초1동|1|65|1|2|7|848|365|365|420|89431|4177.0|2109.0|1225.0|843.0|4004|1624|1038|1524605.0|769785.0|447125.0|307695.0|3815201|1723277|335511|3338|43|215|103|23|2205698|3645692|2244474|611625|6.88|10|1.28|58|325|492|3250.0
202405|CNTY_GU|26|11170|41110000|경기|성남시|서초동|4413000000|역삼1가|1|25|0|1|1|1614|144|144|704|19465|40836.0|31733.0|14767.0|0.0|31612|30632|12358|5880384.0|4569552.0|2126448.0|0.0|4615971|114346|352971|430553|20|80|27|3|4229822|13211058|377508|362326|5.65|15|4.05|22|216|349|3240.0
202405|CNTY_GU|44|42110|11110000|인천|수원시|역삼동|2811000000|서초1동|1|60|1|2|6|1548|167|167|946|84326|22354.0|10786.0|7023.0|4545.0|16657|8669|5560|3733118.0|1801262.0|1172841.0|759015.0|1904779|337906|319729|448775|26|75|24|3|2760492|4001912|383389|985569|7.54|8|2.15|151|413|46|3304.0
202405|ADM|42|41110|11170000|경기|강남구|역삼동|2811000000|역삼1가|2|30|1|2|8|902|75|75|210|98191|28728.0|22713.0|7219.0|0.0|25618|19683|6473|2154600.0|1703475.0|541425.0|0.0|470925|2303840|181913|491883|13|41|11|5|7841211|11543745|1461539|276245|5.06|10|4.59|177|258|349|2580.0
202405|ADM|42|47110|44130000|서울|서초구|인계동|4511000000|서초1동|2|35|0|1|3|918|207|207|275|85461|23570.0|9279.0|4718.0|9573.0|21965|8642|4210|4878990.0|1920753.0|976626.0|1981611.0|4444810|290106|74573|236055|30|98|58|12|5745272|8339699|2549354|1469937|4.3|27|1.34|109|279|203|7533.0
202405|CNTY_GU|27|11170|26140000|대구|서초구|인계동|2614000000|인계동|2|60|1|2|4|535|107|107|733|36554|42610.0|13848.0|8458.0|20304.0|35288|10570|7611|4559270.0|1481736.0|905006.0|2172528.0|1982796|1040531|804163|83484|27|55|15|8|2748439|8028646|4619058|618671|5.44|6|1.5|145|161|209|966.0
202405|CNTY_GU|43|27110|46110000|서울|성남시|인계동|2611000000|역삼1가|2|60|0|1|2|1035|278|278|269|45404|97.0|60.0|22.0|15.0|81|54|16|26966.0|16680.0|6116.0|4170.0|3288691|531116|62471|118983|71|131|31|17|1838205|3672328|1336224|21803|4.38|21|2.22|179|213|112|4473.0
202405|CNTY_GU|45|28110|45110000|경기|성남시|인계동|4111000000|인계동|2|70|3|1|10|1327|58|58|332|82282|38338.0|15233.0|9753.0|13352.0|32679|14949|8187|2223604.0|883514.0|565674.0|774416.0|1328231|94446|829359|27757|8|24|10|4|8771042|17962251|43589|1412527|3.02|2|1.95|73|478|48|956.0
202405|CNTY_GU|45|26140|11110000|인천|서초구|인계동|4115000000|인계동|2|25|1|2|6|1714|198|198|921|12132|43746.0|13373.0|7812.0|22561.0|31785|11160|7073|8661708.0|2647854.0|1546776.0|4467078.0|395418|476752|797613|472485|38|111|37|9|9182722|12347158|3244106|1413270|6.5|17|3.36|21|53|86|901.0
202405|PRVNC|45|47110|41130000|대구|성남시|역삼동|4113000000|인계동|1|20|0|2|5|786|132|132|896|85779|7338.0|4221.0|1431.0|1686.0|6627|4039|1090|968616.0|557172.0|188892.0|222552.0|365966|2475579|132770|293057|18|55|25|2|3446727|14465257|4557164|494208|4.21|8|4.57|113|159|400|1272.0
202405|PRVNC|26|47110|46110000|경기|강남구|역삼동|4111000000|역삼1가|2|55|3|1|4|865|23|23|188|95316|34626.0|26509.0|11099.0|0.0|34445|22201|10286|796398.0|609707.0|255277.0|0.0|1605971|523929|852444|95303|4|11|3|0|9387619|17120136|2628250|458129|4.34|3|4.34|170|467|60|1401.0
202405|ADM|26|27110|26140000|인천|강남구|서초동|4611000000|서초1동|2|55|0|1|8|1177|317|317|302|66620|22607.0|11964.0|3625.0|7018.0|18406|11304|2719|7166419.0|3792588.0|1149125.0|2224706.0|2084368|1820055|968648|200588|55|166|37|19|3702664|11121355|1354067|1743415|5.76|44|3.33|110|87|413|3828.0
202405|ADM|27|26110|41130000|부산|수원시|인계동|2811000000|인계동|2|55|1|1|3|931|387|387|736|55147|16903.0|9931.0|5047.0|1925.0|12949|7292|3960|6541461.0|3843297.0|1953189.0|744975.0|343481|2359096|442527|357005|68|158|80|29|8426710|12411397|4028665|1111586|6.57|49|3.04|170|471|426|23079.0
202405|ADM|46|46110|41150000|경기|서초구|서초동|4611000000|역삼1가|2|45|0|1|2|1588|188|188|518|33079|28648.0|9568.0|7770.0|11310.0|25197|8586|5529|5385824.0|1798784.0|1460760.0|2126280.0|2769105|38327|894736|54223|47|85|43|9|2255772|14585995|2155244|754384|6.35|8|4.05|139|63|336|504.0
202405|CNTY_GU|11|26110|28110000|인천|서초구|인계동|4113000000|서초1동|2|45|0|2|8|161|393|393|773|65682|31408.0|10972.0|9924.0|10512.0|30059|10694|8437|12343344.0|4311996.0|3900132.0|4131216.0|4338743|98908|211651|244266|54|201|78|20|5213844|6614731|4033243|496307|3.78|58|1.18|176|354|93|20532.0
202405|PRVNC|27|11140|41150000|대구|서초구|인계동|4611000000|인계동|1|30|0|1|6|378|23|23|980|81211|34228.0|11751.0|7440.0|15037.0|30909|8529|5472|787244.0|270273.0|171120.0|345851.0|2974783|2971119|457998|152600|2|12|4|1|701315|1245025|3001060|506258|3.53|2|4.55|131|65|394|130.0
202405|CNTY_GU|47|26140|41110000|부산|수원시|역삼동|2811000000|역삼1가|1|55|1|1|10|1279|351|351|128|86516|15214.0|7276.0|4088.0|3850.0|14346|6393|3944|5340114.0|2553876.0|1434888.0|1351350.0|3069188|1492038|589998|254344|39|140|68|22|9738529|10964821|3685785|1372004|4.8|13|3.79|105|194|350|2522.0
202405|ADM|27|47110|44130000|대구|서초구|서초동|1111000000|인계동|1|60|0|1|9|358|391|391|997|15211|37846.0|20720.0|12016.0|5110.0|31203|20264|10209|14797786.0|8101520.0|4698256.0|1998010.0|3639476|961382|389726|405846|93|163|108|10|6560885|6167798|2720628|360843|2.24|50|2.61|144|60|113|3000.0
202405|ADM|41|46110|27110000|대구|수원시|역삼동|1120000000|서초1동|2|60|2|1|5|432|136|136|735|44601|24466.0|9031.0|9384.0|6051.0|22963|8500|6668|3327376.0|1228216.0|1276224.0|822936.0|205859|2246326|629503|444987|13|77|15|2|928106|11352905|426685|1896214|5.47|5|3.53|171|140|166|700.0
202405|ADM|43|41110|42110000|경기|서초구|역삼동|4711000000|인계동|2|45|1|2|2|1275|155|155|879|22637|13055.0|9316.0|1750.0|1989.0|9473|8734|1689|2023525.0|1443980.0|271250.0|308295.0|4864542|1449347|848375|400676|18|67|23|9|2286579|13235451|222009|1203306|7.12|17|4.93|6|47|192|799.0
202405|CNTY_GU|26|47110|41110000|부산|성남시|인계동|1114000000|역삼1가|2|35|2|1|1|1220|114|114|484|91068|11097.0|8621.0|1542.0|934.0|8432|8253|1522|1265058.0|982794.0|175788.0|106476.0|4283250|941332|948190|446524|25|52|34|8|165800|19884338|354296|272941|4.51|3|4.8|6|350|85|1050.0
202405|CNTY_GU|41|44130|42110000|인천|강남구|서초동|2611000000|역삼1가|2|55|2|2|3|454|206|206|409|49678|2268.0|1427.0|338.0|503.0|2188|1097|266|467208.0|293962.0|69628.0|103618.0|3395690|942190|468328|7317|27|94|45|4|9412468|13794331|1277583|379618|4.96|6|3.0|92|178|7|1068.0
202405|CNTY_GU|27|47110|26110000|대구|성남시|역삼동|2611000000|역삼1가|1|55|0|1|3|475|391|391|401|95816|11576.0|5567.0|2525.0|3484.0|10502|4614|1869|4526216.0|2176697.0|987275.0|1362244.0|3850245|1874538|380761|351345|98|205|77|36|9256508|16146776|595782|1590347|5.04|3|1.44|170|286|152|858.0
202405|ADM|45|27110|42110000|서울|성남시|인계동|1114000000|역삼1가|2|50|3|1|1|62|119|119|694|49769|43612.0|33605.0|10033.0|0.0|43091|23536|8629|5189828.0|3998995.0|1193927.0|0.0|2053388|560835|287876|122624|16|63|29|2|6249924|16670402|3690708|560507|5.5|1|4.24|150|139|73|139.0
202405|ADM|45|41150|43110000|인천|성남시|역삼동|4311000000|인계동|2|55|1|1|8|492|37|37|856|68112|28317.0|14347.0|7653.0|6317.0|26720|12956|5823|1047729.0|530839.0|283161.0|233729.0|2834147|1980795|964083|317050|10|17|6|1|5219153|7766138|2655673|1493867|4.19|2|2.31|10|429|110|858.0
202405|CNTY_GU|47|47110|26110000|경기|서초구|역삼동|4211000000|서초1동|2|55|1|1|7|1119|30|30|589|14189|48346.0|21807.0|8558.0|17981.0|46168|19324|8368|1450380.0|654210.0|256740.0|539430.0|1504440|2758510|499353|230619|5|13|7|2|4507628|6931543|4700185|304305|5.48|4|3.69|51|227|197|908.0
202405|CNTY_GU|27|26140|41150000|경기|서초구|서초동|4413000000|인계동|1|60|0|1|9|792|72|72|729|58897|40530.0|14584.0|14219.0|11727.0|36410|13743|10367|2918160.0|1050048.0|1023768.0|844344.0|1915593|842232|439012|246593|15|31|14|0|6351111|16968893|3563303|1488289|7.59|0|2.91|113|0|333|0.0
202405|CNTY_GU|43|11170|47110000|부산|수원시|인계동|4115000000|역삼1가|2|60|3|1|3|317|444|444|244|59462|2794.0|1068.0|298.0|1428.0|2138|1026|287|1240536.0|474192.0|132312.0|634032.0|2706136|1927609|857077|14619|80|178|122|5|8773350|5848157|3541569|106410|4.52|40|2.2|158|185|464|7400.0
202405|ADM|41|46110|41130000|인천|수원시|인계동|2611000000|역삼1가|1|60|2|1|3|1133|131|131|301|30035|41290.0|24366.0|16211.0|713.0|39790|20396|16006|5408990.0|3191946.0|2123641.0|93403.0|3302383|2069617|321714|15540|23|67|18|6|2465600|6245601|4801961|1886094|2.44|0|1.22|30|0|224|0.0
202405|CNTY_GU|45|44130|41130000|경기|수원시|인계동|4611000000|서초1동|1|45|3|1|1|1899|371|371|141|34224|23404.0|16214.0|8558.0|0.0|18707|14880|7938|8682884.0|6015394.0|3175018.0|0.0|1934763|617826|529751|441590|57|172|105|29|3041533|15735859|1557284|129526|5.93|31|2.02|28|173|482|5363.0
202405|CNTY_GU|47|27110|42110000|대구|수원시|인계동|1117000000|인계동|1|70|3|2|2|541|455|455|695|85573|12728.0|9553.0|2448.0|727.0|9729|6805|2157|5791240.0|4346615.0|1113840.0|330785.0|2475127|1163393|998762|260856|96|235|61|12|2723903|10038938|271485|827105|7.93|15|4.32|96|108|186|1620.0
202405|ADM|43|41150|11140000|서울|서초구|역삼동|4115000000|역삼1가|2|45|0|1|2|450|28|28|264|68032|29556.0|16213.0|8210.0|5133.0|27575|13693|5969|827568.0|453964.0|229880.0|143724.0|404756|1064507|500792|351906|4|16|6|1|1202047|15030721|1020310|503467|7.51|2|1.33|135|292|347|584.0
202405|PRVNC|26|41110|42110000|대구|강남구|인계동|1111000000|인계동|2|60|0|1|2|748|439|439|492|60754|45464.0|34083.0|13798.0|0.0|43363|28472|12371|19958696.0|14962437.0|6057322.0|0.0|3623389|256877|207307|326273|86|182|83|0|8674656|13179879|68469|610109|6.58|43|3.12|11|464|47|19952.0
202405|CNTY_GU|42|41110|47110000|경기|서초구|인계동|1111000000|서초1동|2|40|2|1|5|764|432|432|339|95038|1863.0|902.0|296.0|665.0|1507|686|276|804816.0|389664.0|127872.0|287280.0|3078419|2935883|99844|342481|97|227|55|22|3081407|5560027|89145|1396605|6.33|35|2.89|100|303|210|10605.0
202405|CNTY_GU|46|47110|11170000|서울|성남시|인계동|1111000000|인계동|2|60|0|1|4|48|108|108|737|18489|31108.0|22021.0|12434.0|0.0|23990|16480|11098|3359664.0|2378268.0|1342872.0|0.0|1319077|493751|242345|472836|11|58|18|4|1703625|2479269|3672989|412473|3.66|1|2.34|127|494|162|494.0
202405|CNTY_GU|44|26140|28110000|경기|강남구|인계동|1120000000|서초1동|1|40|1|1|8|1474|211|211|568|97257|7730.0|5395.0|1181.0|1154.0|5733|5314|1148|1631030.0|1138345.0|249191.0|243494.0|2391952|2729073|689812|109047|45|85|59|10|7824261|77277|4892654|784483|5.86|7|2.61|89|430|167|3010.0
202405|CNTY_GU|46|26110|11140000|부산|서초구|서초동|4115000000|서초1동|2|30|2|2|9|445|262|262|65|90309|26074.0|18157.0|3248.0|4669.0|23579|17111|3104|6831388.0|4757134.0|850976.0|1223278.0|3410585|2684450|586932|322290|39|106|29|2|4492250|9236639|3031972|1943626|7.44|8|4.07|173|192|422|1536.0
202405|PRVNC|44|42110|26110000|서울|성남시|서초동|4413000000|인계동|1|60|0|2|9|433|65|65|138|45093|45573.0|24000.0|14649.0|6924.0|37587|23111|10562|2962245.0|1560000.0|952185.0|450060.0|2526882|2567170|175145|386083|7|31|16|2|5340704|10951695|4517655|1738010|4.5|5|2.76|99|69|107|345.0
202405|ADM|42|45110|41110000|서울|서초구|역삼동|1120000000|역삼1가|2|70|3|1|1|415|498|498|503|53325|7125.0|5457.0|2457.0|0.0|5936|5064|1912|3548250.0|2717586.0|1223586.0|0.0|1659300|1593599|242729|476303|65|230|114|6|9888578|9134714|4995372|407751|4.86|40|2.21|30|35|7|1400.0
202405|CNTY_GU|41|28110|41130000|대구|강남구|서초동|4115000000|인계동|2|30|0|2|1|1448|271|271|923|30681|10963.0|3977.0|1650.0|5336.0|10831|3281|1385|2970973.0|1077767.0|447150.0|1446056.0|988173|537815|252488|493676|40|146|41|3|5083644|15772247|4319837|860892|3.87|15|1.09|82|266|232|3990.0
202405|ADM|44|45110|41110000|대구|성남시|서초동|2614000000|역삼1가|2|45|0|1|9|842|95|95|283|92736|4060.0|1395.0|608.0|2057.0|3962|1015|551|385700.0|132525.0|57760.0|195415.0|872209|26554|19994|440179|21|45|22|9|6231868|3361191|738813|530037|4.87|12|2.83|168|454|125|5448.0
202405|ADM|27|27110|44130000|대구|수원시|역삼동|1114000000|역삼1가|1|65|1|2|2|845|326|326|920|84805|36481.0|25965.0|6122.0|4394.0|31995|18185|5625|11892806.0|8464590.0|1995772.0|1432444.0|3257585|2414204|873648|353710|81|137|42|30|627823|11248639|3730847|1147952|2.7|27|3.38|112|99|193|2673.0
202405|ADM|45|26110|11170000|인천|서초구|인계동|1120000000|인계동|2|50|1|2|8|1206|122|122|977|55937|7935.0|4489.0|2218.0|1228.0|5880|4400|1818|968070.0|547658.0|270596.0|149816.0|2983755|707969|366795|385378|16|70|36|7|5742816|12725154|1082433|1257553|7.3|0|1.71|30|0|330|0.0
202405|ADM|46|11170|26110000|대구|서초구|서초동|4511000000|역삼1가|1|45|0|1|2|1251|371|371|42|59476|40737.0|13088.0|10826.0|16823.0|33647|9513|9116|15113427.0|4855648.0|4016446.0|6241333.0|4371467|614392|79704|235535|96|219|37|27|2994735|9070612|1536477|1438206|3.04|51|4.82|8|486|205|24786.0
202405|ADM|45|46110|11140000|경기|서초구|서초동|1111000000|역삼1가|1|70|0|2|9|1570|53|53|648|67072|19771.0|12202.0|5369.0|2200.0|14316|9460|4897|1047863.0|646706.0|284557.0|116600.0|115400|724047|764109|459348|5|30|12|3|2103026|4498666|2141865|1370736|7.55|7|4.94|151|59|385|413.0
202405|ADM|45|41130|47110000|인천|서초구|인계동|4413000000|인계동|2|65|1|1|1|237|354|354|199|81658|9249.0|4827.0|1107.0|3315.0|7559|4117|998|3274146.0|1708758.0|391878.0|1173510.0|3062886|982285|666588|205486|56|211|93|2|1814149|8992929|833122|642916|3.98|43|4.32|128|389|366|16727.0
202405|ADM|47|42110|26110000|서울|성남시|역삼동|2614000000|인계동|1|35|1|1|10|99|460|460|148|55146|23112.0|11986.0|7122.0|4004.0|17675|9819|6298|10631520.0|5513560.0|3276120.0|1841840.0|4230473|2171376|701868|171883|74|257|74|28|6803099|14406556|3724086|1523272|3.17|67|3.32|45|154|109|10318.0
202405|ADM|42|26140|41130000|서울|서초구|역삼동|4611000000|서초1동|1|65|0|2|6|1903|187|187|462|89883|10604.0|4364.0|1998.0|4242.0|9406|3567|1521|1982948.0|816068.0|373626.0|793254.0|80558|2146932|453532|291004|45|95|43|2|202431|5223571|1553013|1328332|3.76|23|3.51|125|486|232|11178.0
202405|ADM|26|43110|28110000|서울|강남구|역삼동|2711000000|역삼1가|2|35|2|1|5|653|24|24|649|94891|48524.0|35118.0|11465.0|1941.0|38924|34161|8448|1164576.0|842832.0|275160.0|46584.0|261200|991891|730973|94142|4|10|3|1|7931932|19094966|3957408|1207264|5.94|2|3.66|70|333|274|666.0
202405|ADM|42|11200|11200000|서울|수원시|서초동|4111000000|역삼1가|1|55|2|1|2|414|122|122|847|30357|0.0|0.0|0.0|0.0|0|0|0|0.0|0.0|0.0|0.0|2067367|1367395|312224|52420|17|53|19|1|1282463|6958099|19950|165486|3.07|1|2.38|49|68|407|68.0
202405|ADM|26|46110|47110000|인천|성남시|서초동|2811000000|역삼1가|2|35|1|1|1|1019|238|238|67|83297|35424.0|23509.0|8982.0|2933.0|33604|18243|7265|8430912.0|5595142.0|2137716.0|698054.0|4493365|2473816|878170|230815|57|98|65|9|7981612|15066023|1321038|1802648|5.66|26|2.22|161|489|63|12714.0
202405|CNTY_GU|46|41110|47110000|부산|강남구|인계동|4111000000|서초1동|2|45|1|1|5|262|364|364|569|44589|4386.0|3281.0|784.0|321.0|4102|2700|707|1596504.0|1194284.0|285376.0|116844.0|508232|523042|360840|264555|64|208|93|24|50641|3192150|4631307|1156013|4.66|7|1.63|78|351|292|2457.0
202405|ADM|11|41110|41130000|부산|강남구|서초동|4115000000|서초1동|2|65|1|2|1|1348|449|449|582|87469|11879.0|3566.0|3387.0|4926.0|10230|2593|2945|5333671.0|1601134.0|1520763.0|2211774.0|173827|1371053|971774|300659|45|190|107|9|5060643|1670842|1613775|1282726|4.28|13|1.31|141|332|290|4316.0
202405|ADM|41|43110|45110000|경기|수원시|인계동|2614000000|인계동|2|70|3|1|9|344|94|94|767|32358|42354.0|14317.0|6823.0|21214.0|32313|11054|5314|3981276.0|1345798.0|641362.0|1994116.0|3852907|1296899|827317|435959|9|53|10|5|9476564|10365688|2019184|853513|4.56|3|2.48|152|430|144|1290.0
202405|CNTY_GU|41|27110|43110000|부산|강남구|인계동|2614000000|인계동|1|55|3|2|5|1133|274|274|36|91377|4910.0|1835.0|609.0|2466.0|4021|1384|600|1345340.0|502790.0|166866.0|675684.0|1240529|2686193|461297|56966|33|129|38|2|1102859|8901930|4581620|1646331|3.25|4|1.08|49|225|455|900.0
202405|ADM|44|41150|41150000|대구|서초구|역삼동|4211000000|역삼1가|2|50|0|1|3|486|217|217|922|60893|7160.0|4899.0|2503.0|0.0|5893|4333|2017|1553720.0|1063083.0|543151.0|0.0|382233|326821|971240|94660|27|124|26|6|4456135|8015714|4041399|1614650|2.44|29|4.94|156|58|48|1682.0
202405|CNTY_GU|26|26140|11200000|서울|서초구|역삼동|2614000000|인계동|2|35|0|1|7|1467|461|461|109|15186|4543.0|2298.0|1087.0|1158.0|3559|2069|1006|2094323.0|1059378.0|501107.0|533838.0|4860119|2971450|97226|178840|132|201|102|32|8184871|14962560|4743310|1362705|7.55|52|3.18|172|307|434|15964.0
202405|ADM|43|42110|26140000|인천|강남구|역삼동|4611000000|역삼1가|2|35|3|1|1|337|140|140|373|67503|23346.0|9308.0|4091.0|9947.0|21016|7669|3666|3268440.0|1303120.0|572740.0|1392580.0|2805410|1655134|124460|98428|31|69|24|1|7945733|19168134|150506|225424|4.13|20|2.37|65|278|323|5560.0
202405|CNTY_GU|44|27110|46110000|부산|강남구|역삼동|4113000000|인계동|2|35|1|2|10|122|3|3|481|90106|19874.0|7159.0|7307.0|5408.0|16011|6180|6795|59622.0|21477.0|21921.0|16224.0|2273627|21603|818130|96554|0|1|0|0|3661882|18321924|1639388|1366844|4.84|0|3.77|177|0|65|0.0
202405|PRVNC|44|46110|41150000|대구|성남시|인계동|1117000000|인계동|1|60|0|1|8|1577|25|25|768|77201|15874.0|10840.0|4839.0|195.0|11471|9303|3731|396850.0|271000.0|120975.0|4875.0|2552239|1517534|76191|394683|7|14|6|1|4029428|11741540|2679759|1563233|4.21|0|4.26|110|0|352|0.0
202405|CNTY_GU|26|11200|45110000|서울|성남시|서초동|4311000000|인계동|2|35|1|1|10|573|380|380|357|83549|26325.0|15478.0|7169.0|3678.0|22640|11654|6707|10003500.0|5881640.0|2724220.0|1397640.0|2711513|224064|733879|7852|43|159|96|37|4192996|7227113|3827826|1355018|5.73|13|1.59|7|391|251|5083.0
202405|ADM|44|41110|41150000|대구|성남시|서초동|1117000000|역삼1가|2|70|0|2|3|1735|111|111|671|64544|15416.0|11914.0|3105.0|397.0|10918|10107|2807|1711176.0|1322454.0|344655.0|44067.0|3305973|1979586|236196|79137|13|62|18|0|265885|17590848|3208536|787512|2.47|0|2.53|80|0|64|0.0
202405|CNTY_GU|42|46110|41130000|인천|서초구|인계동|4115000000|인계동|1|20|1|1|7|1709|173|173|492|56101|6605.0|3535.0|1897.0|1173.0|5436|3534|1396|1142665.0|611555.0|328181.0|202929.0|108244|1224727|412080|270170|40|101|31|3|401927|11773472|1349393|1813472|2.45|10|1.93|36|480|205|4800.0
202405|ADM|42|11140|43110000|인천|성남시|서초동|2811000000|서초1동|1|55|1|2|6|929|221|221|816|68883|15279.0|6523.0|1764.0|6992.0|12807|5070|1486|3376659.0|1441583.0|389844.0|1545232.0|916672|97983|682746|64756|63|90|58|18|2993815|11980403|1875228|841527|5.01|1|2.15|143|197|483|197.0
202405|PRVNC|11|42110|26140000|부산|수원시|서초동|4111000000|서초1동|2|25|2|1|8|19|99|99|873|11535|41410.0|23066.0|15637.0|2707.0|39357|22934|10998|4099590.0|2283534.0|1548063.0|267993.0|3903554|205153|998828|75151|19|46|25|3|1226342|15586019|4320046|1273696|2.75|1|2.76|151|384|468|384.0
202405|ADM|44|11200|11170000|서울|서초구|서초동|4111000000|서초1동|2|25|0|1|3|1269|3|3|886|18496|28052.0|16276.0|7264.0|4512.0|26600|12418|5119|84156.0|48828.0|21792.0|13536.0|4985974|2184712|46213|87414|0|1|0|0|9302178|13266686|3927673|321583|6.2|0|4.79|80|0|61|0.0
202405|ADM|46|41110|45110000|부산|수원시|역삼동|2711000000|인계동|1|60|2|2|4|1065|198|198|505|42524|72.0|46.0|23.0|3.0|62|34|16|14256.0|9108.0|4554.0|594.0|1483619|2657497|931472|439130|50|86|22|4|5716481|15272826|2930981|1406278|5.6|20|4.16|128|240|119|4800.0
202405|ADM|27|28110|28110000|대구|성남시|서초동|2611000000|역삼1가|2|55|0|1|4|1081|139|139|95|63996|22656.0|14969.0|8893.0|0.0|16820|10778|7456|3149184.0|2080691.0|1236127.0|0.0|1457177|2102774|8206|25504|41|71|25|1|6356295|5525442|4801734|191178|3.13|1|4.53|18|398|223|398.0
202405|CNTY_GU|43|42110|11170000|인천|서초구|역삼동|4211000000|역삼1가|1|70|1|1|9|791|46|46|930|25232|25291.0|11037.0|3660.0|10594.0|20116|9421|2882|1163386.0|507702.0|168360.0|487324.0|2757708|2393902|625717|310398|5|26|5|4|2804112|11733491|4662249|446179|2.41|6|3.53|62|99|460|594.0
202405|PRVNC|46|41110|26140000|경기|서초구|인계동|1114000000|서초1동|2|20|1|1|7|478|312|312|925|38493|23171.0|14700.0|4035.0|4436.0|19501|12203|3040|7229352.0|4586400.0|1258920.0|1384032.0|210692|212413|973336|238572|82|146|36|10|8998802|12741391|2265237|1418391|2.56|25|1.62|6|31|28|775.0
202405|PRVNC|47|43110|41110000|서울|성남시|인계동|4111000000|서초1동|1|20|2|1|1|848|89|89|384|85939|3123.0|2447.0|505.0|171.0|2826|1962|499|277947.0|217783.0|44945.0|15219.0|618531|2651390|961598|87206|11|40|23|8|659514|18568920|2847066|241828|2.64|0|2.64|114|0|374|0.0
202405|CNTY_GU|46|42110|41150000|서울|수원시|서초동|2614000000|인계동|2|70|1|2|9|1569|345|345|614|31279|41553.0|25810.0|4491.0|11252.0|41552|22187|4004|14335785.0|8904450.0|1549395.0|3881940.0|1504380|2438494|431706|461663|94|188|36|31|2166140|7236669|2003738|1798632|4.09|39|1.87|26|47|185|1833.0
202405|CNTY_GU|11|28110|28110000|부산|수원시|서초동|4511000000|인계동|2|40|0|1|1|1758|233|233|514|86154|26248.0|10666.0|5102.0|10480.0|19049|9046|3609|6115784.0|2485178.0|1188766.0|2441840.0|2757471|1543919|627099|430439|50|131|26|8|7480474|19873751|4845620|717998|2.14|16|2.1|166|13|221|208.0
202405|ADM|41|28110|41110000|경기|성남시|서초동|2614000000|역삼1가|2|40|2|2|2|608|499|499|275|52277|3791.0|1883.0|1182.0|726.0|2757|1386|982|1891709.0|939617.0|589818.0|362274.0|3339720|1297010|170147|412669|61|222|68|31|4350558|4038341|676071|1125637|5.81|17|4.09|117|114|283|1938.0
202405|CNTY_GU|44|45110|45110000|경기|서초구|인계동|4711000000|서초1동|1|45|1|2|3|372|388|388|907|95130|7552.0|3531.0|1449.0|2572.0|5742|3130|1270|2930176.0|1370028.0|562212.0|997936.0|3951449|1033862|966468|69289|84|210|112|25|5484120|14732477|3801118|629029|4.22|5|4.26|122|13|231|65.0
202405|CNTY_GU|46|11140|44130000|부산|수원시|역삼동|1120000000|인계동|2|40|1|2|5|69|68|68|701|89909|48976.0|18464.0|17056.0|13456.0|41811|15920|14774|3330368.0|1255552.0|1159808.0|915008.0|2610236|2711692|169454|397928|20|35|9|4|8926833|5047884|1750541|418130|4.1|4|4.23|133|343|187|1372.0
202405|ADM|47|27110|26110000|대구|수원시|인계동|1111000000|인계동|1|30|0|2|2|1122|454|454|248|74444|3697.0|2739.0|1275.0|0.0|2732|2379|1168|1678438.0|1243506.0|578850.0|0.0|857851|785369|952164|457994|54|217|93|28|1446556|5056885|808178|854488|5.35|54|1.62|80|150|498|8100.0
202405|ADM|47|41130|47110000|인천|성남시|역삼동|1111000000|인계동|2|50|3|1|3|1677|217|217|808|80873|18342.0|5546.0|4542.0|8254.0|17167|5105|3238|3980214.0|1203482.0|985614.0|1791118.0|2728074|2323259|282394|97030|22|87|33|8|2505527|12835262|4111803|1756797|2.07|31|2.09|71|216|476|6696.0
202405|CNTY_GU|27|47110|47110000|대구|강남구|역삼동|2711000000|서초1동|1|60|0|2|2|1633|474|474|114|93321|44244.0|26007.0|5434.0|12803.0|33647|25018|4318|20971656.0|12327318.0|2575716.0|6068622.0|345158|2014307|309645|100119|101|195|49|47|1649866|7353176|890808|382471|5.18|70|4.03|85|347|350|24290.0
202405|ADM|43|26110|45110000|서울|수원시|역삼동|4113000000|서초1동|2|30|0|1|2|955|195|195|488|70840|31750.0|22750.0|6670.0|2330.0|30463|15993|5051|6191250.0|4436250.0|1300650.0|454350.0|1386587|1006077|253707|359583|39|89|27|0|4758285|9602968|2886823|1252102|5.37|5|1.17|165|180|476|900.0
202405|ADM|44|26140|45110000|대구|수원시|인계동|4115000000|인계동|1|35|2|2|5|349|483|483|432|24382|522.0|268.0|119.0|135.0|434|200|117|252126.0|129444.0|57477.0|65205.0|3036965|2522656|847586|65282|113|209|51|14|1917524|8308713|4990429|1470474|5.76|68|1.19|132|408|180|27744.0
202405|CNTY_GU|26|42110|11170000|대구|서초구|역삼동|4511000000|인계동|1|45|3|1|5|689|197|197|736|90167|20557.0|9687.0|6154.0|4716.0|16544|8881|5464|4049729.0|1908339.0|1212338.0|929052.0|3545374|2865184|806593|238550|43|84|58|5|8146399|13952269|3872920|320793|2.21|18|2.3|155|187|231|3366.0
202405|CNTY_GU|11|43110|42110000|경기|성남시|서초동|1111000000|서초1동|1|25|3|2|7|1776|223|223|931|64871|18933.0|9039.0|6986.0|2908.0|14263|6454|5604|4222059.0|2015697.0|1557878.0|648484.0|4001449|860095|305486|197126|35|116|35|13|577713|10474335|3700502|748430|6.04|15|3.43|105|90|304|1350.0
202405|CNTY_GU|46|27110|11170000|인천|성남시|인계동|1111000000|역삼1가|2|30|0|1|7|1312|414|414|849|84589|21158.0|14225.0|2613.0|4320.0|16282|11321|2545|8759412.0|5889150.0|1081782.0|1788480.0|3611678|1934780|362317|185530|50|184|69|33|6618527|18888822|367229|163274|4.43|9|2.43|152|280|215|2520.0
202405|CNTY_GU|27|41150|11200000|부산|성남시|서초동|2614000000|서초1동|2|25|0|1|8|643|19|19|432|49750|36540.0|25267.0|9917.0|1356.0|36337|20174|9332|694260.0|480073.0|188423.0|25764.0|2248731|65092|534793|451317|5|10|4|1|5919893|2900909|3610973|1596031|3.19|0|2.83|130|0|139|0.0
202405|ADM|11|46110|47110000|부산|수원시|인계동|2611000000|역삼1가|2|60|0|2|5|1169|62|62|401|72252|28856.0|22083.0|6302.0|471.0|21009|16416|5719|1789072.0|1369146.0|390724.0|29202.0|1946537|765618|861020|240103|6|33|13|0|5971224|4359279|2230002|48798|2.39|3|1.5|70|463|442|1389.0
202405|CNTY_GU|42|11170|43110000|대구|강남구|역삼동|4311000000|인계동|2|40|2|2|6|1959|492|492|367|17258|3894.0|2293.0|577.0|1024.0|2769|1693|512|1915848.0|1128156.0|283884.0|503808.0|4541651|1099742|658947|75369|119|202|119|4|1358807|12860589|2834021|1201144|7.14|41|1.06|50|236|412|9676.0
202405|ADM|42|11170|44130000|경기|성남시|인계동|4111000000|역삼1가|1|55|1|2|1|1278|431|431|643|84005|35415.0|19125.0|13336.0|2954.0|26419|17832|10401|15263865.0|8242875.0|5747816.0|1273174.0|3549802|2283638|260959|344050|57|173|55|37|72622|8019097|1144013|210582|7.86|64|2.4|8|121|103|7744.0
202405|PRVNC|45|41130|41130000|대구|강남구|서초동|2611000000|역삼1가|2|35|0|2|5|1334|81|81|893|83514|48680.0|36363.0|17764.0|0.0|46444|27459|15214|3943080.0|2945403.0|1438884.0|0.0|3484314|2355626|787249|463148|10|35|10|1|9106429|10985354|227695|715862|2.6|4|1.99|175|199|22|796.0
202405|ADM|11|45110|41110000|대구|강남구|인계동|4611000000|인계동|1|30|1|1|6|95|64|64|515|56566|41425.0|28936.0|10197.0|2292.0|33312|23164|9703|2651200.0|1851904.0|652608.0|146688.0|4189862|584589|536852|334436|11|33|7|4|2707538|830937|925003|1394322|2.1|2|3.37|101|142|36|284.0
202405|ADM|43|42110|26110000|대구|수원시|서초동|4111000000|인계동|1|45|3|2|3|34|251|251|210|81138|41460.0|25971.0|8399.0|7090.0|38350|25315|6284|10406460.0|6518721.0|2108149.0|1779590.0|385337|785266|343957|36302|41|146|47|6|3569|4842109|4308643|646055|5.7|37|1.6|15|464|462|17168.0
202405|CNTY_GU|43|11170|41130000|대구|강남구|서초동|4711000000|역삼1가|2|20|3|1|9|553|230|230|937|41769|4732.0|1590.0|610.0|2532.0|4713|1283|553|1088360.0|365700.0|140300.0|582360.0|1758881|1048480|563606|104751|61|102|29|18|5386223|6181995|2752354|801307|5.35|2|4.09|34|69|39|138.0
202405|CNTY_GU|43|43110|26110000|인천|서초구|역삼동|2614000000|서초1동|2|50|2|1|3|1236|66|66|94|17084|33999.0|23078.0|8213.0|2708.0|24283|21049|6808|2243934.0|1523148.0|542058.0|178728.0|4467060|1543996|442671|449269|10|32|9|5|126347|15881918|328521|422334|6.04|9|2.52|79|16|117|144.0
202405|CNTY_GU|47|27110|28110000|경기|강남구|역삼동|1111000000|서초1동|1|30|1|1|8|1437|55|55|197|65930|5030.0|2053.0|1048.0|1929.0|4061|1556|872|276650.0|112915.0|57640.0|106095.0|4373888|2845812|761134|247507|11|22|15|2|2758285|7347285|3093768|1048010|2.64|3|4.11|78|197|245|591.0
202405|CNTY_GU|45|11200|11110000|부산|강남구|서초동|4711000000|인계동|1|55|2|1|10|853|1|1|568|90305|34382.0|22724.0|11078.0|580.0|32385|19849|10878|34382.0|22724.0|11078.0|580.0|366537|1811149|411413|172637|0|0|0|0|1232914|16779591|3853827|1715502|6.16|0|4.01|93|0|313|0.0
202405|ADM|43|27110|42110000|대구|서초구|인계동|2614000000|서초1동|1|60|3|2|8|1380|63|63|687|75207|36166.0|25789.0|9429.0|948.0|26181|23424|7814|2278458.0|1624707.0|594027.0|59724.0|2101768|2619370|731340|129595|8|29|11|1|9508469|10566085|2591753|109470|2.73|3|4.58|119|362|129|1086.0
202405|PRVNC|27|45110|46110000|서울|성남시|역삼동|4413000000|인계동|1|40|3|2|4|1691|88|88|691|31831|1186.0|782.0|249.0|155.0|1150|576|235|104368.0|68816.0|21912.0|13640.0|3462525|2507009|519913|319034|21|40|17|2|1301988|4810525|313862|1568152|4.67|10|4.01|159|16|434|160.0
202405|PRVNC|42|44130|42110000|서울|수원시|역삼동|1114000000|인계동|1|70|0|2|7|1100|178|178|319|87331|22222.0|16840.0|4652.0|730.0|17880|14822|4251|3955516.0|2997520.0|828056.0|129940.0|2965854|37179|545718|211885|36|75|49|12|211166|11711429|2660154|1687194|2.43|12|3.33|128|118|407|1416.0
202405|PRVNC|26|41130|46110000|인천|성남시|서초동|1117000000|역삼1가|1|70|1|1|9|1836|223|223|207|36699|41713.0|24730.0|15905.0|1078.0|29302|18661|11342|9301999.0|5514790.0|3546815.0|240394.0|2949240|449402|93005|393880|35|133|45|16|2866713|2751245|4540006|1378692|6.31|33|3.62|120|320|302|10560.0
202405|CNTY_GU|27|28110|41150000|부산|성남시|서초동|4111000000|역삼1가|2|45|1|1|2|190|252|252|462|96710|30989.0|24143.0|8410.0|0.0|26957|20863|7032|7809228.0|6084036.0|2119320.0|0.0|479782|2907319|452302|141286|33|118|31|5|887931|4785125|2741084|1065415|5.08|30|1.88|7|109|328|3270.0
202405|ADM|46|11170|11110000|인천|수원시|역삼동|4111000000|인계동|2|55|2|2|2|783|469|469|557|40816|39886.0|21145.0|8873.0|9868.0|30462|17293|6402|18706534.0|9917005.0|4161437.0|4628092.0|1672003|1294495|669717|182246|57|250|54|5|4610389|17978428|2975642|1437167|5.75|27|4.31|55|192|199|5184.0
202405|CNTY_GU|42|26140|11200000|경기|수원시|인계동|1111000000|역삼1가|1|70|2|1|6|439|144|144|438|52121|3670.0|2058.0|1328.0|284.0|2877|1675|1205|528480.0|296352.0|191232.0|40896.0|3010629|2158867|18665|106015|41|80|35|3|1516423|3866484|3619714|490809|2.09|19|2.26|130|27|179|513.0
202405|PRVNC|27|42110|46110000|대구|강남구|서초동|4311000000|서초1동|1|70|1|1|9|208|39|39|617|73722|24879.0|11017.0|9836.0|4026.0|18527|9232|7543|970281.0|429663.0|383604.0|157014.0|4504689|926323|186488|214276|4|21|10|2|9050885|19959720|634153|123167|6.35|2|1.66|18|210|272|420.0
202405|ADM|44|26110|41110000|서울|성남시|역삼동|4113000000|서초1동|2|40|0|2|3|1513|475|475|287|16061|47103.0|37104.0|11293.0|0.0|35821|26300|10421|22373925.0|17624400.0|5364175.0|0.0|539171|1634857|418050|318629|110|246|54|2|4932651|16886808|1471129|1843764|2.2|30|1.96|39|234|145|7020.0
202405|ADM|47|11110|41110000|대구|강남구|서초동|4211000000|역삼1가|1|45|0|1|1|782|344|344|225|30952|45569.0|29223.0|14318.0|2028.0|44743|28440|11799|15675736.0|10052712.0|4925392.0|697632.0|2978652|2602457|965533|215335|99|181|90|22|2688704|15568235|4875203|653065|5.59|22|1.99|178|112|450|2464.0
202405|CNTY_GU|42|11170|41150000|부산|강남구|서초동|4511000000|역삼1가|2|50|1|2|3|799|424|424|233|99507|23295.0|7241.0|8826.0|7228.0|19663|6908|6701|9877080.0|3070184.0|3742224.0|3064672.0|4657721|239184|824736|100275|55|224|63|22|9826724|14901420|4347958|1162235|2.47|20|2.97|57|34|198|680.0
202405|CNTY_GU|41|28110|11170000|서울|서초구|서초동|1117000000|서초1동|2|55|3|1|2|70|150|150|380|43013|18939.0|10575.0|3152.0|5212.0|14555|10542|2817|2840850.0|1586250.0|472800.0|781800.0|4958274|1820961|991288|493570|39|85|42|3|6676083|14378116|2086382|327086|5.79|3|4.81|75|67|192|201.0
202405|CNTY_GU|42|42110|41150000|부산|서초구|서초동|4611000000|역삼1가|1|55|0|2|9|1540|87|87|123|87436|1938.0|1108.0|624.0|206.0|1604|1058|478|168606.0|96396.0|54288.0|17922.0|1639276|2226640|466329|227113|11|44|17|1|8132013|11190986|2971153|1467166|4.11|12|2.06|74|471|224|5652.0
202405|ADM|46|27110|28110000|대구|성남시|인계동|4511000000|서초1동|1|35|1|1|8|254|112|112|623|29685|46402.0|15210.0|16276.0|14916.0|42823|14566|13151|5197024.0|1703520.0|1822912.0|1670592.0|2682095|252850|446582|105603|18|54|12|1|1767942|14984088|547686|531418|2.74|11|4.71|66|66|353|726.0
202405|PRVNC|42|28110|26110000|서울|강남구|역삼동|1114000000|서초1동|1|45|0|2|7|1377|187|187|58|67821|35044.0|19614.0|8048.0|7382.0|31772|19494|7289|6553228.0|3667818.0|1504976.0|1380434.0|2802058|925947|957988|67577|45|91|37|4|7224155|7379515|1138245|373663|6.5|23|2.92|75|230|106|5290.0
202405|ADM|27|26110|42110000|경기|강남구|인계동|4311000000|인계동|2|30|0|1|9|286|445|445|197|49855|799.0|630.0|252.0|0.0|767|575|236|355555.0|280350.0|112140.0|0.0|820393|2604749|787853|356005|87|246|124|14|9528713|7424052|3751550|278235|3.97|38|1.4|75|470|2|17860.0
202405|PRVNC|44|11170|27110000|대구|수원시|역삼동|4711000000|서초1동|2|40|0|1|9|275|73|73|900|49366|4713.0|3149.0|516.0|1048.0|3494|2978|361|344049.0|229877.0|37668.0|76504.0|550461|1880097|610706|96725|20|34|13|3|4191811|10875806|4750969|586395|4.47|6|3.47|153|95|451|570.0
202405|CNTY_GU|26|41110|26140000|인천|강남구|역삼동|1114000000|서초1동|1|60|0|2|3|834|142|142|155|59145|15123.0|6112.0|4469.0|4542.0|12894|4956|3637|2147466.0|867904.0|634598.0|644964.0|2514287|1556897|112401|213732|37|68|38|1|6814800|17758256|2564339|1966024|6.44|18|4.88|151|437|78|7866.0
202405|ADM|41|46110|27110000|부산|성남시|역삼동|4413000000|서초1동|1|60|0|2|3|1292|360|360|66|82418|965.0|402.0|276.0|287.0|856|360|210|347400.0|144720.0|99360.0|103320.0|2729482|900163|616287|161267|41|166|81|3|6257375|4328544|4102902|1310367|6.12|47|4.09|135|201|88|9447.0
202405|PRVNC|11|11170|41110000|서울|성남시|서초동|4311000000|인계동|1|70|1|1|9|1660|132|132|705|90119|30867.0|21540.0|3535.0|5792.0|25996|16019|3261|4074444.0|2843280.0|466620.0|764544.0|3349171|1374690|552588|120641|22|62|18|0|7318152|8557786|3774004|576714|5.37|7|4.0|16|444|105|3108.0
202405|ADM|27|11200|41150000|인천|수원시|인계동|1114000000|인계동|1|25|0|1|7|363|480|480|729|59833|46357.0|31010.0|13879.0|1468.0|42556|22981|12474|22251360.0|14884800.0|6661920.0|704640.0|2520748|692243|407171|310291|134|252|125|14|1636600|13320500|3033461|1956173|5.93|48|2.29|107|385|211|18480.0
202405|ADM|45|11140|26110000|인천|서초구|역삼동|4511000000|인계동|1|45|0|1|8|1032|233|233|589|49785|26828.0|12017.0|5868.0|8943.0|22522|11400|5586|6250924.0|2799961.0|1367244.0|2083719.0|4013708|989922|146002|278381|40|139|39|2|7814614|17115588|4064270|326452|7.29|1|3.82|6|342|160|342.0
202405|ADM|26|43110|41130000|인천|성남시|역삼동|1114000000|인계동|1|50|0|1|3|664|276|276|971|27699|25465.0|16684.0|3959.0|4822.0|20240|14190|3587|7028340.0|4604784.0|1092684.0|1330872.0|2025271|1081050|668773|329595|38|118|38|20|4346006|1271244|2534543|1879130|3.38|10|2.07|133|254|389|2540.0
202405|ADM|27|28110|45110000|경기|서초구|역삼동|4113000000|인계동|1|55|3|1|4|711|138|138|478|38501|2913.0|1975.0|729.0|209.0|2443|1535|674|401994.0|272550.0|100602.0|28842.0|2161633|2662057|4316|273213|40|64|30|11|2333899|231124|612854|145373|5.44|1|2.35|50|287|143|287.0
202405|ADM|26|26140|42110000|경기|성남시|인계동|4511000000|서초1동|2|60|0|2|9|874|411|411|792|28321|38920.0|25644.0|7745.0|5531.0|29266|21357|6362|15996120.0|10539684.0|3183195.0|2273241.0|271011|940732|631773|57451|96|168|61|5|7710647|98719|4475931|814572|6.2|17|3.92|83|439|386|7463.0
202405|CNTY_GU|46|11140|11200000|서울|강남구|서초동|1120000000|인계동|2|40|0|1|5|848|360|360|674|13776|9954.0|6575.0|2845.0|534.0|7716|4980|2063|3583440.0|2367000.0|1024200.0|192240.0|4876077|1044698|985713|418815|98|168|83|4|7471656|11759627|4780089|1224369|2.68|32|4.44|50|180|176|5760.0
202405|ADM|42|26140|26140000|인천|강남구|인계동|2811000000|역삼1가|2|65|0|1|6|1049|38|38|324|69917|0.0|0.0|0.0|0.0|0|0|0|0.0|0.0|0.0|0.0|236275|811449|902538|195226|4|16|5|0|2861406|3208646|2766050|1493516|4.13|0|3.96|13|0|0|0.0
202405|ADM|26|28110|28110000|인천|서초구|역삼동|2711000000|역삼1가|2|45|2|1|2|770|215|215|316|49628|15812.0|9866.0|1638.0|4308.0|13772|9218|1343|3399580.0|2121190.0|352170.0|926220.0|1562004|2430643|462549|367373|44|108|60|4|1630183|14495441|1791629|1522107|2.11|30|1.68|36|436|43|13080.0
202405|ADM|44|41150|41150000|부산|수원시|서초동|2811000000|인계동|2|70|0|1|2|639|392|392|381|72066|4112.0|3271.0|519.0|322.0|3605|2632|503|1611904.0|1282232.0|203448.0|126224.0|4225715|308626|905959|127632|50|232|91|21|5452447|5062283|2284284|970724|6.56|1|4.93|147|251|377|251.0
202405|CNTY_GU|45|42110|46110000|대구|서초구|서초동|1117000000|역삼1가|1|40|1|1|1|911|49|49|887|72550|16027.0|10068.0|3853.0|2106.0|15285|7586|3765|785323.0|493332.0|188797.0|103194.0|1045160|1871888|642339|366582|8|20|12|3|4720894|13929427|2793752|1919224|6.86|3|3.35|171|273|323|819.0
202405|ADM|46|41110|45110000|서울|강남구|역삼동|4115000000|역삼1가|1|65|3|2|7|873|169|169|813|59648|13560.0|5943.0|1784.0|5833.0|10305|4734|1513|2291640.0|1004367.0|301496.0|985777.0|4680705|537909|600458|128234|17|74|28|12|6258313|4196001|4861819|1087531|6.38|3|1.56|62|130|268|390.0
202405|ADM|11|45110|42110000|경기|성남시|역삼동|1114000000|역삼1가|2|30|3|1|1|123|140|140|758|96714|15301.0|10987.0|5683.0|0.0|13225|9091|4372|2142140.0|1538180.0|795620.0|0.0|3449553|84396|783756|463503|39|64|30|10|2022623|3917291|2697511|1540362|6.56|11|2.15|140|150|145|1650.0
202405|ADM|42|47110|43110000|부산|성남시|인계동|4311000000|서초1동|1|50|3|1|7|991|453|453|0|67993|15121.0|8277.0|4304.0|2540.0|11753|6354|3672|6849813.0|3749481.0|1949712.0|1150620.0|1899735|1093304|242453|303451|109|260|122|14|768432|17514691|2112393|1240177|4.78|12|4.0|131|499|51|5988.0
202405|CNTY_GU|27|28110|46110000|경기|강남구|서초동|4113000000|역삼1가|2|35|0|1|8|484|10|10|260|89471|48214.0|37251.0|14922.0|0.0|40558|30206|13070|482140.0|372510.0|149220.0|0.0|4914646|2064915|115731|313741|2|4|1|0|5912655|14503114|1661059|589059|5.4|0|3.63|19|0|252|0.0
202405|ADM|26|26110|11140000|서울|성남시|역삼동|2811000000|역삼1가|1|70|1|2|8|132|175|175|629|84709|6027.0|4732.0|988.0|307.0|5901|4224|906|1054725.0|828100.0|172900.0|53725.0|4531462|2623274|33422|213142|46|100|17|16|4435375|7477976|3888577|931720|6.62|23|4.75|88|428|410|9844.0
202405|ADM|44|11110|44130000|대구|강남구|서초동|1120000000|인계동|1|70|2|2|1|1238|487|487|225|23844|11979.0|5877.0|2842.0|3260.0|9557|5164|2769|5833773.0|2862099.0|1384054.0|1587620.0|4290402|2160371|253027|498558|144|207|128|12|395495|13020586|2187997|1053781|7.68|0|4.85|107|0|178|0.0
202405|CNTY_GU|42|11110|41110000|대구|강남구|인계동|4711000000|서초1동|1|50|2|1|6|435|199|199|448|84438|11556.0|5030.0|2271.0|4255.0|10698|4075|2211|2299644.0|1000970.0|451929.0|846745.0|4663289|738442|568824|214819|38|105|46|4|7311574|6301029|253632|146261|3.29|11|1.16|65|497|157|5467.0
202405|ADM|43|26110|11140000|부산|강남구|서초동|4611000000|인계동|1|70|0|2|2|1449|270|270|349|34026|43468.0|29260.0|13149.0|1059.0|33842|23441|11643|11736360.0|7900200.0|3550230.0|285930.0|3104269|2821433|993842|100062|34|161|30|16|9143742|8353609|3987963|220156|6.38|3|3.55|81|429|367|1287.0
202405|ADM|27|41110|26110000|경기|강남구|역삼동|4511000000|서초1동|1|70|0|1|9|415|264|264|660|80922|40233.0|19661.0|4111.0|16461.0|33001|17300|3016|10621512.0|5190504.0|1085304.0|4345704.0|1306045|564622|578336|486145|53|156|38|2|4729451|10155014|3189761|515095|2.5|21|1.77|125|495|262|10395.0
202405|CNTY_GU|11|27110|11110000|서울|수원시|역삼동|4115000000|서초1동|1|60|3|1|9|1908|459|459|255|52304|37821.0|21998.0|4226.0|11597.0|28368|19823|3377|17359839.0|10097082.0|1939734.0|5323023.0|4959811|273348|737821|156007|105|231|76|40|3565322|5829583|1961105|1555592|3.84|31|3.47|123|281|221|8711.0
202405|PRVNC|11|47110|11200000|인천|서초구|역삼동|1114000000|인계동|2|30|3|1|6|1146|380|380|6|69564|13729.0|9993.0|2698.0|1038.0|10592|7378|2628|5217020.0|3797340.0|1025240.0|394440.0|1384829|1591151|551630|3352|108|165|49|8|7181886|9755401|4829420|691578|7.94|8|4.07|62|478|327|3824.0
202405|CNTY_GU|44|27110|26140000|서울|서초구|역삼동|4111000000|서초1동|1|50|1|1|8|492|397|397|191|77914|12127.0|5316.0|1895.0|4916.0|9609|4133|1711|4814419.0|2110452.0|752315.0|1951652.0|1997449|2239555|904672|492776|118|169|59|34|9725522|15263592|3690676|1380490|5.52|16|2.7|114|333|121|5328.0
202405|CNTY_GU|44|27110|11170000|경기|서초구|서초동|2811000000|서초1동|2|30|0|2|1|937|254|254|40|23567|18292.0|12678.0|5124.0|490.0|15877|11746|4277|4646168.0|3220212.0|1301496.0|124460.0|814285|2039171|422154|176138|70|107|61|15|5949416|12062140|4954984|739603|2.6|32|1.54|94|248|328|7936.0
202405|ADM|45|41150|47110000|경기|성남시|서초동|4113000000|인계동|2|65|0|1|1|1939|72|72|624|33731|5381.0|1718.0|876.0|2787.0|4524|1203|701|387432.0|123696.0|63072.0|200664.0|3021775|11024|136868|360371|8|37|13|0|4016895|16531928|1584068|1723068|3.04|5|2.3|60|39|69|195.0
202405|PRVNC|41|41110|46110000|부산|성남시|역삼동|1111000000|인계동|1|50|2|1|9|1382|407|407|871|14318|27343.0|14795.0|10769.0|1779.0|24431|13833|8728|11128601.0|6021565.0|4382983.0|724053.0|1804287|2093335|854797|255584|76|216|82|26|5668897|14698402|2961892|989159|3.7|15|1.99|126|362|81|5430.0
202405|ADM|27|43110|26110000|서울|성남시|서초동|2711000000|인계동|1|55|0|2|6|679|162|162|929|37573|17128.0|10665.0|6758.0|0.0|13351|9690|6590|2774736.0|1727730.0|1094796.0|0.0|2565331|1111681|559160|59589|22|94|45|8|3951423|2842248|34397|1421775|2.59|7|2.21|53|146|422|1022.0
202405|ADM|42|26140|41110000|부산|서초구|역삼동|2614000000|역삼1가|2|35|1|2|10|1349|118|118|937|61764|34395.0|11466.0|11723.0|11206.0|31741|11291|10112|4058610.0|1352988.0|1383314.0|1322308.0|1458281|1128731|566158|417909|23|52|14|2|6232691|5102869|3867640|1908220|4.15|10|4.4|100|59|276|590.0
202405|ADM|11|26110|28110000|경기|수원시|인계동|4413000000|역삼1가|2|60|1|2|6|189|86|86|968|58781|27556.0|19150.0|9965.0|0.0|24629|15768|7534|2369816.0|1646900.0|856990.0|0.0|1995727|1171963|736800|304902|19|38|13|3|9094161|15322948|3050814|148458|2.89|5|2.74|145|349|30|1745.0
202405|ADM|45|42110|28110000|인천|강남구|인계동|1117000000|서초1동|2|45|0|2|4|1991|313|313|260|58059|8632.0|4038.0|933.0|3661.0|6297|3337|710|2701816.0|1263894.0|292029.0|1145893.0|1627782|123892|882793|434412|83|163|84|19|7042082|2882352|831295|1471637|4.85|0|3.31|42|0|316|0.0
202405|ADM|26|11200|46110000|인천|서초구|서초동|4711000000|서초1동|1|35|0|2|9|653|264|264|876|53733|28068.0|17257.0|9588.0|1223.0|25539|17109|7592|7409952.0|4555848.0|2531232.0|322872.0|651450|1935270|842646|70498|37|132|45|21|9853508|12055370|3562286|912085|5.25|14|2.78|26|385|407|5390.0
202405|CNTY_GU|43|26140|11110000|인천|강남구|서초동|1117000000|인계동|2|25|2|2|1|1162|320|320|596|85110|5498.0|1769.0|1674.0|2055.0|4571|1392|1367|1759360.0|566080.0|535680.0|657600.0|2481046|1158056|870999|436050|67|180|41|27|6958246|13573804|2142577|933641|7.87|4|3.8|156|441|192|1764.0
202405|PRVNC|47|47110|28110000|경기|성남시|서초동|1117000000|역삼1가|1|55|2|2|6|508|129|129|388|77520|40352.0|14783.0|14058.0|11511.0|36069|12135|12983|5205408.0|1907007.0|1813482.0|1484919.0|3913181|2965540|604140|268467|17|53|22|0|9185662|3198329|849639|380542|6.34|16|2.14|94|82|487|1312.0
202405|CNTY_GU|45|41150|11200000|인천|강남구|서초동|2811000000|인계동|1|65|0|1|4|1848|123|123|952|21226|16660.0|8082.0|4083.0|4495.0|13572|5898|3153|2049180.0|994086.0|502209.0|552885.0|582373|1376431|387073|28030|36|51|24|0|7227021|8951410|4205675|869676|2.32|14|4.37|157|224|135|3136.0
202405|CNTY_GU|27|42110|41110000|대구|서초구|역삼동|4211000000|역삼1가|1|30|0|2|7|1240|255|255|752|41899|9188.0|4273.0|2786.0|2129.0|8193|3874|2569|2342940.0|1089615.0|710430.0|542895.0|1208482|2883281|495108|117201|51|107|50|1|3851709|15431399|1038512|67925|7.01|24|2.59|173|116|250|2784.0
202405|CNTY_GU|43|42110|26140000|부산|강남구|역삼동|1120000000|서초1동|2|40|0|1|10|814|329|329|271|26678|16418.0|10704.0|5419.0|295.0|13622|9414|3940|5401522.0|3521616.0|1782851.0|97055.0|226202|523407|617445|228233|38|171|97|19|2542081|19500466|626821|885570|2.59|38|3.06|130|140|363|5320.0
202405|ADM|42|41110|26110000|인천|성남시|서초동|4111000000|인계동|2|30|1|1|10|496|318|318|581|47459|17851.0|11976.0|5371.0|504.0|14513|8624|4876|5676618.0|3808368.0|1707978.0|160272.0|4151016|1092531|29190|177832|94|138|84|21|3240852|687200|2434737|1747955|2.39|24|2.63|142|70|35|1680.0
202405|PRVNC|45|11170|45110000|서울|성남시|서초동|1120000000|역삼1가|1|60|3|1|4|253|193|193|315|23653|19261.0|13383.0|4726.0|1152.0|15849|10105|4691|3717373.0|2582919.0|912118.0|222336.0|4152604|2637357|339552|74719|55|101|55|1|23950|10709690|4056406|1516037|6.92|16|2.55|148|324|373|5184.0
202405|CNTY_GU|43|41110|42110000|부산|서초구|역삼동|4511000000|인계동|1|70|3|2|8|10|88|88|449|98090|48254.0|16795.0|5862.0|25597.0|34130|15233|5248|4246352.0|1477960.0|515856.0|2252536.0|4707921|1593729|941378|462943|26|42|19|7|1236887|15073571|1075010|1548527|6.29|9|2.63|111|269|418|2421.0
202405|CNTY_GU|26|43110|11170000|대구|수원시|인계동|1117000000|역삼1가|2|30|1|2|9|1663|114|114|944|96574|29362.0|20917.0|8619.0|0.0|27161|16007|6257|3347268.0|2384538.0|982566.0|0.0|692888|716863|418969|253685|16|52|33|1|3656012|15399890|3805284|1260165|2.27|13|4.27|95|358|271|4654.0
202405|CNTY_GU|44|11200|11110000|대구|성남시|역삼동|4111000000|역삼1가|2|50|2|1|8|484|146|146|971|33282|3169.0|2452.0|329.0|388.0|2937|1938|298|462674.0|357992.0|48034.0|56648.0|4508799|2432046|337339|384263|18|64|26|5|3964602|13202476|3648689|1436223|5.71|12|4.7|135|16|26|192.0
202405|ADM|42|41110|41150000|경기|서초구|서초동|4511000000|인계동|1|40|1|1|3|397|442|442|518|45005|35363.0|16147.0|4546.0|14670.0|28176|12189|4471|15630446.0|7136974.0|2009332.0|6484140.0|807900|1268019|640565|294573|63|239|47|11|1740097|8428499|998270|1573380|5.35|49|4.63|73|127|194|6223.0
202405|CNTY_GU|45|41150|42110000|인천|강남구|서초동|1114000000|서초1동|2|45|3|1|9|259|142|142|436|50024|14976.0|7355.0|3494.0|4127.0|11071|5355|2587|2126592.0|1044410.0|496148.0|586034.0|2751995|2194862|534496|364162|19|77|39|7|3451109|1653081|3127195|1155579|4.73|2|3.89|73|179|74|358.0
202405|CNTY_GU|47|43110|26140000|서울|성남시|인계동|1114000000|인계동|2|35|0|1|9|890|494|494|516|41554|38332.0|15509.0|10946.0|11877.0|27630|13142|9272|18936008.0|7661446.0|5407324.0|5867238.0|249947|1927596|31980|347479|93|221|136|17|6024519|1356133|4138353|382382|6.6|19|1.43|89|186|72|3534.0
