기준년월|구분명|광역시도코드|시군구코드(개정후)|행정구역분류코드(개정후)|광역시도명|시군구명(개정후)|행정구역분류명(개정후)|법정동코드|법정동명|성별|연령구간대|직업구분|금융기관|분위코드(총대출잔액기준)|총대출_보유계좌수|유효대출계좌_대상자수|대출잔액_보유대상자수|대출잔액_최저금액|대출잔액_최대금액|대출잔액_평균금액|대출잔액_주택담보_평균금액|대출잔액_신용_평균금액|대출잔액_기타_평균금액|대출잔액_중위금액|대출잔액_주택담보_중위금액|대출잔액_신용_중위금액|총대출잔액|총대출잔액_주택담보|총대출잔액_신용|총대출잔액_기타|신규대출_약정금액합(당월)|신규대출_주택담보약정금액합(당월)|신규대출_신용약정금액합(당월)|신규대출_기타약정금액합(당월)|일시불상환_대출보유대상자수|분할상환_대출보유대상자수|한도대출_보유대상자수|기타대출_보유대상자수|대출잔액합_일시불|대출잔액합_분할상환|대출잔액합_한도|대출잔액합_기타|대출평균이자율|월 연체보유자수 합계|월평균연체건수|평균연체일|평균연체금액|중위연체금액|연체금액
202411|ADM|26|41150|44130000|인천|성남시|인계동|4711000000|역삼1가|2|60|3|1|3|1715|89|89|752|81174|22192.0|8383.0|8168.0|5641.0|15699|7479|7468|1975088.0|746087.0|726952.0|502049.0|1452957|2739538|813290|16035|18|39|19|0|2345971|17665631|4532261|1750180|3.37|9|3.17|179|360|178|3240.0
202411|CNTY_GU|27|27110|47110000|서울|서초구|서초동|2614000000|서초1동|1|40|0|1|4|1067|4|4|930|97010|27835.0|13081.0|3909.0|10845.0|24722|11821|2782|111340.0|52324.0|15636.0|43380.0|4324740|1900861|695901|178268|0|1|0|0|2585330|7961401|668850|1664047|2.37|0|1.48|131|0|236|0.0
202411|CNTY_GU|26|45110|43110000|대구|강남구|인계동|4413000000|역삼1가|1|45|3|1|3|175|490|490|62|56717|0.0|0.0|0.0|0.0|0|0|0|0.0|0.0|0.0|0.0|3915600|1874417|670271|2616|54|201|76|35|2100484|10364028|962790|1961533|2.98|53|3.88|58|113|179|5989.0
202411|ADM|42|27110|11110000|인천|성남시|역삼동|4711000000|역삼1가|2|50|3|1|7|864|408|408|686|92548|35792.0|22917.0|6020.0|6855.0|33801|22480|5579|14603136.0|9350136.0|2456160.0|2796840.0|3859720|2790958|415104|468743|52|166|115|19|3919490|4322594|2069489|768321|7.83|34|1.48|69|460|48|15640.0
202411|CNTY_GU|26|11200|42110000|경기|서초구|인계동|4113000000|서초1동|2|60|1|2|1|1036|214|214|922|65792|39009.0|18817.0|13171.0|7021.0|29316|13473|10278|8347926.0|4026838.0|2818594.0|1502494.0|1998259|1550318|36449|69202|52|103|58|4|7232157|2619216|1411939|410328|5.13|21|4.64|114|129|101|2709.0
202411|ADM|27|11110|41110000|인천|수원시|역삼동|2614000000|서초1동|1|55|1|1|4|1742|445|445|835|53153|48733.0|23915.0|19137.0|5681.0|47623|18167|15881|21686185.0|10642175.0|8515965.0|2528045.0|3577998|1740780|758213|217846|93|261|129|37|4096798|15632317|2643535|968919|5.82|31|1.51|16|143|260|4433.0
202411|ADM|42|27110|43110000|부산|수원시|역삼동|2614000000|인계동|1|40|0|1|5|987|35|35|956|39910|44679.0|25775.0|8907.0|9997.0|41330|18584|7120|1563765.0|902125.0|311745.0|349895.0|1182244|2623535|265147|46991|7|15|6|2|6894883|10007472|4782955|1680950|5.23|4|1.17|101|330|267|1320.0
202411|ADM|47|27110|41130000|서울|강남구|인계동|1111000000|서초1동|1|30|1|1|6|1577|56|56|101|86251|1965.0|604.0|348.0|1013.0|1674|431|289|110040.0|33824.0|19488.0|56728.0|2869633|789169|786477|212376|13|30|9|1|6518739|15969434|2139349|735967|3.77|2|2.19|79|38|46|76.0
202411|CNTY_GU|41|46110|44130000|경기|강남구|인계동|2711000000|역삼1가|1|40|2|1|8|653|427|427|520|27140|8290.0|3386.0|2787.0|2117.0|5804|3199|2522|3539830.0|1445822.0|1190049.0|903959.0|1952343|2137859|379673|384812|125|213|117|15|7832408|17990163|1003217|1242818|4.52|6|4.67|155|427|221|2562.0
202411|CNTY_GU|42|26140|43110000|대구|강남구|서초동|4311000000|인계동|1|40|0|1|4|1070|348|348|939|58928|16599.0|12174.0|3909.0|516.0|12045|9865|3748|5776452.0|4236552.0|1360332.0|179568.0|2262792|1023079|148778|478373|83|175|86|17|6927676|11825056|4747157|368076|4.25|28|3.49|107|363|42|10164.0
202411|CNTY_GU|26|41130|11140000|대구|강남구|서초동|4115000000|인계동|1|55|1|1|6|811|139|139|39|75731|4924.0|2214.0|1012.0|1698.0|3812|1596|790|684436.0|307746.0|140668.0|236022.0|3825310|1662618|148419|361068|21|79|24|8|4641727|13273812|1828744|976027|5.91|1|1.3|39|200|130|200.0
202411|ADM|26|26140|11200000|대구|서초구|역삼동|1111000000|역삼1가|1|50|2|1|9|1973|123|123|456|38916|17157.0|11920.0|2579.0|2658.0|15779|8886|2170|2110311.0|1466160.0|317217.0|326934.0|470878|2138189|467019|392437|33|57|34|9|644723|3623360|2861696|369133|7.76|5|1.11|158|405|100|2025.0
202411|ADM|26|26140|28110000|경기|서초구|서초동|4113000000|역삼1가|2|50|1|1|3|1685|68|68|879|75557|37.0|23.0|4.0|10.0|35|17|3|2516.0|1564.0|272.0|680.0|2849455|1200806|739929|389362|17|28|11|1|4681449|9842087|1998577|793818|2.41|9|2.2|69|296|311|2664.0
202411|CNTY_GU|45|41110|47110000|경기|서초구|인계동|2611000000|서초1동|1|65|3|2|6|525|56|56|647|55957|47337.0|35392.0|5639.0|6306.0|36871|30356|5185|2650872.0|1981952.0|315784.0|353136.0|3192576|1369418|302746|105774|8|29|15|2|2474890|4587812|3625985|862806|6.71|6|4.89|13|236|39|1416.0
202411|ADM|42|28110|47110000|경기|강남구|역삼동|4511000000|역삼1가|2|35|0|2|8|485|490|490|221|35726|2999.0|1621.0|1005.0|373.0|2236|1229|982|1469510.0|794290.0|492450.0|182770.0|4839344|1298261|880013|294718|103|207|112|16|1092416|8605207|911722|773279|3.88|7|1.11|45|373|416|2611.0
202411|PRVNC|45|41150|41150000|서울|성남시|역삼동|2811000000|서초1동|2|40|2|1|9|633|489|489|344|94847|12123.0|6744.0|4023.0|1356.0|11240|5607|3066|5928147.0|3297816.0|1967247.0|663084.0|4514376|2315175|194326|442068|144|227|124|42|7314909|19566577|4768914|1664061|5.11|48|2.35|86|245|161|11760.0
202411|ADM|41|26140|11140000|부산|수원시|인계동|4111000000|인계동|2|70|1|1|7|1847|234|234|242|10250|26690.0|12292.0|10103.0|4295.0|22908|10099|7550|6245460.0|2876328.0|2364102.0|1005030.0|604357|162461|809031|54656|61|95|28|19|1130772|12787960|2618837|1060588|6.27|0|3.5|174|0|260|0.0
202411|CNTY_GU|46|41150|11200000|경기|서초구|서초동|1111000000|인계동|2|45|3|1|9|874|393|393|160|90341|34093.0|12652.0|9667.0|11774.0|27104|11006|7023|13398549.0|4972236.0|3799131.0|4627182.0|70949|521768|106406|416384|99|172|104|36|3228489|14826281|2375557|1136999|6.19|14|4.76|17|417|307|5838.0
202411|PRVNC|41|27110|26110000|경기|강남구|인계동|2711000000|인계동|1|70|0|2|4|1079|238|238|779|25202|16464.0|10505.0|2026.0|3933.0|12548|8176|1893|3918432.0|2500190.0|482188.0|936054.0|250552|2562326|445419|206334|47|138|24|6|3187856|11579707|858042|1332013|3.41|10|1.11|13|118|210|1180.0
202411|CNTY_GU|45|43110|27110000|인천|성남시|역삼동|4413000000|인계동|1|45|3|1|3|1314|255|255|303|17371|43802.0|14523.0|16431.0|12848.0|34593|13891|16110|11169510.0|3703365.0|4189905.0|3276240.0|1475778|954583|146291|23116|46|117|33|11|6691497|19194733|1037326|1719216|7.76|22|2.2|139|337|350|7414.0
202411|CNTY_GU|46|11170|46110000|경기|강남구|인계동|1111000000|서초1동|1|65|1|2|10|1341|121|121|911|39048|33039.0|25140.0|12480.0|0.0|30157|20605|10666|3997719.0|3041940.0|1510080.0|0.0|1104422|2992837|114736|293584|31|54|26|10|7331344|7729234|334513|915531|3.03|17|1.78|171|360|287|6120.0
202411|CNTY_GU|42|26140|11140000|인천|성남시|역삼동|4711000000|인계동|2|70|2|1|3|909|203|203|836|24238|1348.0|1032.0|215.0|101.0|1172|1015|178|273644.0|209496.0|43645.0|20503.0|2688326|1448413|370328|96213|33|83|39|14|4106397|8843629|1430087|1787403|2.88|19|1.96|117|460|3|8740.0
202411|ADM|46|42110|43110000|대구|서초구|인계동|1117000000|인계동|2|25|2|1|4|1585|237|237|526|11613|47154.0|14962.0|5968.0|26224.0|44258|14700|4807|11175498.0|3545994.0|1414416.0|6215088.0|4720954|1873844|215027|170774|48|140|37|22|3512387|13919216|3390930|4176|5.55|15|1.06|129|121|311|1815.0
202411|ADM|42|41110|42110000|대구|서초구|역삼동|2614000000|역삼1가|1|25|1|2|5|93|221|221|33|82834|0.0|0.0|0.0|0.0|0|0|0|0.0|0.0|0.0|0.0|4329926|2624625|596731|82706|62|115|54|3|1165145|4532794|3924966|37720|2.11|6|4.63|66|226|56|1356.0
202411|ADM|47|26140|26110000|서울|수원시|서초동|4611000000|인계동|1|30|1|1|2|1662|243|243|788|50875|30358.0|12726.0|5858.0|11774.0|28729|9285|5603|7376994.0|3092418.0|1423494.0|2861082.0|4435475|457127|530135|338587|39|136|29|18|5966449|8660995|4410010|596641|5.35|1|4.55|6|498|232|498.0
202411|ADM|44|44130|41150000|서울|성남시|서초동|4413000000|인계동|1|45|1|1|7|339|93|93|285|78790|12779.0|6688.0|2410.0|3681.0|12590|5585|1845|1188447.0|621984.0|224130.0|342333.0|1975992|1946404|349111|43792|22|47|19|5|3166180|6248760|170287|1865531|3.82|10|1.11|24|356|32|3560.0
202411|ADM|45|43110|26110000|경기|수원시|서초동|2811000000|인계동|1|45|0|2|9|1610|394|394|747|26610|41470.0|20016.0|12679.0|8775.0|39775|19728|11529|16339180.0|7886304.0|4995526.0|3457350.0|1465168|207859|402426|160179|56|187|79|9|1093256|2949284|3218723|1395541|2.79|56|4.98|6|139|61|7784.0
202411|ADM|43|42110|26110000|서울|강남구|서초동|4311000000|역삼1가|1|55|0|1|9|1421|243|243|253|39661|12115.0|9333.0|2357.0|425.0|10166|7682|1655|2943945.0|2267919.0|572751.0|103275.0|1892511|1959196|436356|141967|39|125|57|3|4112616|19332609|2919607|1875263|3.61|8|4.47|40|19|282|152.0
202411|PRVNC|27|27110|11200000|대구|성남시|역삼동|4111000000|역삼1가|2|60|2|1|10|1661|33|33|280|25576|49854.0|19663.0|12153.0|18038.0|36309|18575|11243|1645182.0|648879.0|401049.0|595254.0|2170040|2639756|121566|197331|4|16|7|2|680964|15872551|3728077|447280|4.57|4|4.38|58|488|245|1952.0
202411|ADM|41|44130|11200000|대구|수원시|서초동|1111000000|역삼1가|2|45|0|2|2|1631|325|325|28|97820|31790.0|9951.0|8657.0|13182.0|30376|7756|7953|10331750.0|3234075.0|2813525.0|4284150.0|2419967|1116501|826071|366749|83|136|47|31|4403099|16727514|2715066|256743|3.28|24|4.0|88|380|122|9120.0
202411|ADM|42|27110|41110000|경기|성남시|인계동|4413000000|서초1동|1|50|1|1|7|653|480|480|574|38602|25765.0|19707.0|6645.0|0.0|18568|17468|5478|12367200.0|9459360.0|3189600.0|0.0|4960028|1127676|943038|123316|139|228|63|34|8077242|18956478|1209978|253637|4.05|65|3.12|159|426|402|27690.0
202411|ADM|27|11140|47110000|서울|서초구|역삼동|2811000000|역삼1가|2|70|1|2|5|283|474|474|901|94728|45818.0|14359.0|14535.0|16924.0|43600|13292|10606|21717732.0|6806166.0|6889590.0|8021976.0|1615140|578110|707477|268001|115|275|56|20|3737175|6981134|2221409|580705|4.75|40|1.21|30|341|479|13640.0
202411|CNTY_GU|27|41150|26110000|서울|강남구|인계동|4113000000|서초1동|2|35|1|1|1|1866|33|33|428|49580|18879.0|10996.0|4893.0|2990.0|15003|8478|4083|623007.0|362868.0|161469.0|98670.0|3563509|894484|796254|102524|5|19|4|2|3256022|10030212|994770|693629|3.79|4|1.79|89|429|211|1716.0
202411|CNTY_GU|42|11140|42110000|서울|성남시|역삼동|4611000000|서초1동|2|20|2|2|5|945|202|202|666|20423|47641.0|23746.0|10946.0|12949.0|39093|17126|9144|9623482.0|4796692.0|2211092.0|2615698.0|3238841|852879|446355|4936|33|109|31|18|8613438|13925643|2688977|1843692|2.23|16|2.29|19|442|282|7072.0
202411|CNTY_GU|46|11200|26140000|부산|서초구|인계동|2811000000|인계동|1|65|3|1|7|1735|187|187|439|33800|0.0|0.0|0.0|0.0|0|0|0|0.0|0.0|0.0|0.0|4319886|637926|885279|353114|22|78|39|13|5720950|17327056|3795032|868485|7.9|14|1.12|38|364|465|5096.0
202411|CNTY_GU|27|44130|11170000|대구|서초구|서초동|4511000000|서초1동|2|60|2|1|5|1760|396|396|601|98096|41035.0|26312.0|4593.0|10130.0|34052|24476|3449|16249860.0|10419552.0|1818828.0|4011480.0|3506865|2559943|929951|249977|84|196|46|28|9737421|6564433|1514662|1513246|7.84|17|1.36|65|429|449|7293.0
202411|ADM|46|41130|43110000|부산|수원시|인계동|1120000000|인계동|2|20|0|1|2|803|274|274|412|87138|45867.0|28604.0|11087.0|6176.0|43189|24786|9488|12567558.0|7837496.0|3037838.0|1692224.0|633311|1566173|528881|284866|57|156|44|14|1050600|21637|4869116|384555|6.58|26|2.14|12|196|311|5096.0
202411|ADM|11|11200|11200000|부산|성남시|역삼동|2611000000|서초1동|1|60|0|1|3|1706|74|74|79|90941|370.0|236.0|40.0|94.0|325|220|38|27380.0|17464.0|2960.0|6956.0|4771493|469368|258201|459972|8|30|12|0|720372|8603086|2754397|422771|2.3|3|1.51|135|94|16|282.0
202411|ADM|45|27110|41110000|서울|성남시|서초동|2811000000|인계동|1|30|0|2|4|12|236|236|245|72144|23337.0|7862.0|2873.0|12602.0|16873|7606|2130|5507532.0|1855432.0|678028.0|2974072.0|2450130|402561|873750|38660|66|141|58|9|5482996|12752971|1018384|498365|3.3|3|1.09|176|344|234|1032.0
202411|ADM|42|11170|11170000|인천|서초구|서초동|2711000000|서초1동|2|25|0|1|6|362|455|455|329|76404|13650.0|5912.0|2139.0|5599.0|12480|4902|1652|6210750.0|2689960.0|973245.0|2547545.0|1817862|83797|629803|296860|126|204|112|36|8437253|8156230|3708823|1781056|6.81|35|2.32|157|159|303|5565.0
202411|ADM|42|45110|28110000|인천|강남구|서초동|4711000000|인계동|2|50|0|1|4|930|167|167|884|89937|29418.0|9119.0|3292.0|17007.0|21217|7956|2448|4912806.0|1522873.0|549764.0|2840169.0|3491084|1317967|545158|337503|31|97|30|13|9956746|18588737|4408072|623654|6.6|3|3.93|91|153|261|459.0
202411|CNTY_GU|44|43110|11140000|인천|성남시|역삼동|4113000000|역삼1가|2|50|2|1|4|269|8|8|65|50488|30655.0|22438.0|8936.0|0.0|25133|15778|6582|245240.0|179504.0|71488.0|0.0|1389120|2412160|351723|29002|1|4|1|0|8385310|11065454|2901223|1434507|2.98|0|4.47|140|0|291|0.0
202411|CNTY_GU|27|42110|42110000|인천|강남구|인계동|4211000000|서초1동|2|40|0|2|5|991|110|110|248|27837|30977.0|17842.0|9262.0|3873.0|27586|15567|6536|3407470.0|1962620.0|1018820.0|426030.0|4636166|2467775|773360|183744|29|45|12|6|5726856|16005196|4896423|674951|2.75|9|1.38|48|195|306|1755.0
202411|CNTY_GU|41|11170|47110000|서울|서초구|서초동|2711000000|서초1동|2|25|0|1|3|549|54|54|237|39268|47539.0|28452.0|12813.0|6274.0|33899|23525|9978|2567106.0|1536408.0|691902.0|338796.0|1576107|1970131|827128|425136|14|26|14|1|1731749|3044457|4529480|722521|3.78|6|4.59|170|201|479|1206.0
202411|CNTY_GU|45|28110|43110000|서울|수원시|인계동|2811000000|역삼1가|2|25|3|1|2|1247|431|431|641|89738|18261.0|10285.0|1865.0|6111.0|14960|8736|1634|7870491.0|4432835.0|803815.0|2633841.0|2370097|2695845|117669|94047|115|230|98|37|1131155|2154198|2738761|1618030|7.67|55|2.49|76|368|140|20240.0
202411|ADM|11|44130|41150000|대구|성남시|인계동|4115000000|인계동|1|60|3|1|6|1245|310|310|606|17470|40309.0|18733.0|10606.0|10970.0|29649|14437|10082|12495790.0|5807230.0|3287860.0|3400700.0|2875395|990598|532893|170564|84|165|42|6|1356329|18226505|1812214|456691|7.08|32|1.87|81|247|173|7904.0
202411|ADM|42|41130|45110000|경기|성남시|인계동|2711000000|역삼1가|2|65|0|1|8|1682|133|133|766|59140|44221.0|33545.0|17242.0|0.0|31274|33078|12577|5881393.0|4461485.0|2293186.0|0.0|2097115|1426758|824225|289026|39|71|16|2|932378|8590357|3675198|1746605|5.88|4|3.29|7|113|165|452.0
202411|ADM|27|26140|47110000|대구|서초구|서초동|2611000000|역삼1가|1|35|0|1|2|1117|464|464|69|80694|25405.0|7781.0|4278.0|13346.0|19583|6024|3123|11787920.0|3610384.0|1984992.0|6192544.0|1718251|1706511|761416|134021|123|190|97|15|9586487|17664119|3969146|539435|4.41|65|3.66|113|106|98|6890.0
202411|ADM|47|42110|42110000|대구|강남구|인계동|4111000000|서초1동|1|45|0|1|5|206|10|10|294|67956|14508.0|11322.0|5076.0|0.0|11572|9759|4661|145080.0|113220.0|50760.0|0.0|2058021|507522|391725|125698|2|4|2|0|3302633|3996184|3406101|808596|2.43|0|1.53|58|0|223|0.0
202411|PRVNC|27|41130|41110000|부산|수원시|인계동|2811000000|역삼1가|2|70|0|1|3|897|281|281|594|18782|21787.0|11424.0|2521.0|7842.0|19702|8249|1901|6122147.0|3210144.0|708401.0|2203602.0|776709|2623120|229438|289939|73|151|36|18|631741|2495249|3458982|1159774|7.88|36|4.68|9|51|30|1836.0
202411|PRVNC|47|11140|43110000|대구|성남시|역삼동|4115000000|역삼1가|1|45|3|1|5|1267|201|201|226|69120|5138.0|3895.0|1533.0|0.0|4856|3205|1444|1032738.0|782895.0|308133.0|0.0|1871278|2661168|600840|88023|52|105|31|16|4402421|12632827|452372|1944278|7.36|10|4.3|65|115|443|1150.0
202411|CNTY_GU|44|28110|44130000|대구|수원시|서초동|2614000000|역삼1가|2|30|1|1|2|1479|376|376|309|59640|11463.0|3472.0|2621.0|5370.0|9287|2463|1914|4310088.0|1305472.0|985496.0|2019120.0|1273033|1309411|17676|415314|89|172|39|32|4660917|8103921|3871647|668580|7.34|20|4.51|81|392|347|7840.0
202411|ADM|26|41130|11140000|경기|수원시|서초동|1114000000|인계동|2|45|0|2|5|172|105|105|977|30984|44700.0|34780.0|16389.0|0.0|38684|32788|14755|4693500.0|3651900.0|1720845.0|0.0|1999447|2087092|98090|82077|21|53|18|3|4674820|12777684|1752210|1701754|4.05|2|3.15|53|108|163|216.0
202411|CNTY_GU|27|43110|47110000|경기|강남구|서초동|1111000000|인계동|1|50|0|1|6|1813|317|317|551|34653|38448.0|17360.0|9812.0|11276.0|33472|15691|9638|12188016.0|5503120.0|3110404.0|3574492.0|135494|1163671|420839|249276|68|180|94|20|2069571|792350|3092793|58387|6.29|44|1.82|98|408|184|17952.0
202411|ADM|27|26110|43110000|인천|서초구|서초동|1111000000|서초1동|1|65|0|1|4|1044|312|312|308|41865|16311.0|9093.0|3073.0|4145.0|15577|7026|2747|5089032.0|2837016.0|958776.0|1293240.0|1636508|266500|821705|6099|77|128|84|30|7449942|13310499|4806250|1020708|6.72|17|4.81|140|230|431|3910.0
202411|ADM|26|45110|45110000|대구|강남구|인계동|1117000000|서초1동|1|25|2|1|7|1793|237|237|19|20080|28815.0|9425.0|3149.0|16241.0|20459|8722|3130|6829155.0|2233725.0|746313.0|3849117.0|1212632|1447161|156091|402060|31|136|42|4|9016911|10766887|4274151|72945|2.17|0|1.72|109|0|39|0.0
202411|ADM|42|46110|11110000|부산|수원시|서초동|4413000000|서초1동|1|20|0|1|6|447|366|366|961|99296|4065.0|1949.0|483.0|1633.0|3589|1378|417|1487790.0|713334.0|176778.0|597678.0|4086575|8956|455611|38647|47|157|53|35|5470449|18050672|1460636|389592|7.54|49|3.92|121|193|227|9457.0
202411|PRVNC|26|43110|11200000|부산|수원시|인계동|1117000000|서초1동|2|30|0|2|9|326|127|127|29|41466|27440.0|18614.0|4692.0|4134.0|19572|13099|4676|3484880.0|2363978.0|595884.0|525018.0|3041145|2043742|970154|465712|25|67|29|1|4370995|11121031|1459732|712611|7.98|13|4.37|79|44|304|572.0
202411|ADM|41|44130|41110000|대구|강남구|역삼동|1117000000|인계동|2|65|3|2|10|957|269|269|549|63457|1051.0|721.0|250.0|80.0|863|632|193|282719.0|193949.0|67250.0|21520.0|3643317|1078584|169264|447029|30|128|35|16|3029670|6232466|4265933|528749|4.92|17|1.22|103|303|261|5151.0
202411|PRVNC|43|28110|26140000|부산|강남구|서초동|1114000000|서초1동|2|65|0|1|10|1385|193|193|531|36649|3544.0|1547.0|811.0|1186.0|3384|1337|694|683992.0|298571.0|156523.0|228898.0|3132911|240238|3194|468167|21|93|38|5|9753875|2471413|2921099|1581439|7.86|2|1.15|33|152|1|304.0
202411|ADM|47|44130|28110000|대구|강남구|서초동|4211000000|서초1동|2|30|3|1|1|153|1|1|411|50914|34993.0|26256.0|8596.0|141.0|31205|23355|7884|34993.0|26256.0|8596.0|141.0|2757610|2558608|140639|496480|0|0|0|0|6191433|18924502|3700333|1326620|3.02|0|1.31|10|0|485|0.0
202411|ADM|44|11140|11140000|대구|강남구|역삼동|1114000000|역삼1가|2|35|1|1|6|1520|90|90|711|26446|32025.0|15557.0|10107.0|6361.0|25532|14115|10048|2882250.0|1400130.0|909630.0|572490.0|1481031|1291035|434376|325384|14|49|10|1|1114512|10597176|1775455|1542431|7.76|5|2.05|142|266|437|1330.0
202411|ADM|11|43110|27110000|인천|수원시|서초동|4211000000|인계동|2|55|2|1|10|393|188|188|653|10397|26822.0|9053.0|9167.0|8602.0|21251|6426|8610|5042536.0|1701964.0|1723396.0|1617176.0|106566|1776756|649702|188311|27|108|41|12|5872073|12235143|2633668|985178|6.59|2|3.67|58|381|97|762.0
202411|CNTY_GU|44|45110|11170000|서울|강남구|인계동|2611000000|인계동|1|70|0|1|3|1697|328|328|469|91243|49586.0|22504.0|10701.0|16381.0|35777|19511|10441|16264208.0|7381312.0|3509928.0|5372968.0|1758846|836687|986871|49310|55|182|92|14|4336571|3461561|2084355|57558|7.92|12|3.01|88|118|254|1416.0
202411|ADM|45|46110|45110000|대구|강남구|인계동|4115000000|서초1동|1|30|0|1|8|1908|229|229|833|46426|12590.0|5457.0|3078.0|4055.0|8919|4065|2237|2883110.0|1249653.0|704862.0|928595.0|2310555|1088091|881518|477731|67|130|44|3|1312050|2199144|1916124|1329654|6.43|27|3.24|123|406|302|10962.0
202411|CNTY_GU|43|27110|41130000|경기|강남구|서초동|4111000000|서초1동|1|65|3|2|2|1248|41|41|761|79150|47712.0|32824.0|8102.0|6786.0|46252|29560|6987|1956192.0|1345784.0|332182.0|278226.0|4731006|590316|914955|65212|7|19|5|2|8599043|15618751|2538326|1336517|2.81|3|1.26|60|363|278|1089.0
202411|ADM|47|42110|46110000|부산|성남시|서초동|4111000000|인계동|1|40|0|2|10|851|291|291|556|62158|48059.0|33327.0|10426.0|4306.0|40767|23934|9408|13985169.0|9698157.0|3033966.0|1253046.0|604310|608837|803499|187978|41|165|82|1|2892862|13261440|1469373|1031395|4.69|16|2.54|42|235|23|3760.0
202411|ADM|45|26110|28110000|부산|서초구|서초동|1111000000|역삼1가|1|30|2|1|1|616|295|295|249|57056|37862.0|19639.0|14672.0|3551.0|31578|17572|12551|11169290.0|5793505.0|4328240.0|1047545.0|457060|482328|250787|299568|47|176|73|13|8907694|19953449|5093|368514|6.25|2|3.38|93|191|299|382.0
202411|CNTY_GU|26|41110|44130000|서울|강남구|인계동|4115000000|역삼1가|1|35|0|1|4|105|371|371|320|46132|23382.0|13431.0|4636.0|5315.0|20858|11502|4287|8674722.0|4982901.0|1719956.0|1971865.0|90665|1861222|864150|195581|103|214|58|5|2357524|19845981|2274618|1965864|2.87|3|1.07|157|450|260|1350.0
202411|CNTY_GU|11|28110|26140000|경기|성남시|서초동|1117000000|역삼1가|1|35|1|2|6|1194|333|333|100|93372|10616.0|4907.0|3423.0|2286.0|9295|4077|2634|3535128.0|1634031.0|1139859.0|761238.0|2998042|2446177|995792|270566|66|170|94|9|4567767|15397242|2847994|938009|3.16|18|3.48|31|91|185|1638.0
202411|PRVNC|45|44130|11170000|대구|서초구|역삼동|2611000000|역삼1가|1|60|2|1|7|999|172|172|106|81620|0.0|0.0|0.0|0.0|0|0|0|0.0|0.0|0.0|0.0|2194898|1704885|395423|261981|22|77|39|6|1585979|8713621|38320|905627|5.05|22|4.23|71|300|153|6600.0
202411|CNTY_GU|26|11170|11170000|인천|성남시|역삼동|1111000000|역삼1가|1|65|0|1|2|1518|353|353|67|43456|48970.0|16737.0|9418.0|22815.0|42168|13547|9247|17286410.0|5908161.0|3324554.0|8053695.0|1623270|369979|989625|279402|86|153|51|19|6491973|7560854|3849952|185492|2.68|38|4.84|156|90|109|3420.0
202411|ADM|43|11140|43110000|인천|수원시|역삼동|4115000000|서초1동|1|45|0|1|8|186|234|234|222|11054|21030.0|12782.0|4679.0|3569.0|16932|10632|4050|4921020.0|2990988.0|1094886.0|835146.0|4942407|487702|690099|325244|40|137|55|8|9282027|4827819|898175|882309|4.61|34|4.73|64|242|269|8228.0
202411|ADM|43|27110|26140000|인천|수원시|역삼동|2614000000|서초1동|1|30|2|1|8|1716|187|187|663|83056|20794.0|12334.0|2425.0|6035.0|19407|12148|2249|3888478.0|2306458.0|453475.0|1128545.0|1276893|599174|933422|332499|52|79|43|13|179051|2469974|653577|241551|4.6|18|4.17|136|67|459|1206.0
202411|CNTY_GU|42|26140|43110000|부산|강남구|역삼동|4611000000|인계동|2|70|3|1|1|604|264|264|845|32105|42622.0|32622.0|13889.0|0.0|37767|27073|10489|11252208.0|8612208.0|3666696.0|0.0|510489|350023|368030|395231|47|154|75|5|5395863|4015165|562287|732436|5.83|16|2.45|143|247|104|3952.0
202411|ADM|44|45110|11170000|인천|서초구|역삼동|1111000000|서초1동|2|40|1|2|9|1994|170|170|705|58644|10262.0|5892.0|3283.0|1087.0|10142|4233|2530|1744540.0|1001640.0|558110.0|184790.0|459331|2492306|55871|83284|22|81|35|4|5547733|7695794|1400229|430051|4.38|22|2.8|81|191|191|4202.0
202411|CNTY_GU|42|46110|41130000|부산|강남구|서초동|4511000000|서초1동|2|20|1|1|2|589|88|88|412|38647|25276.0|8284.0|8560.0|8432.0|21793|8125|7769|2224288.0|728992.0|753280.0|742016.0|930915|54770|177329|486776|22|46|15|4|8754012|17342917|699052|1528382|2.05|0|3.35|106|0|355|0.0
202411|CNTY_GU|41|26110|26110000|부산|수원시|인계동|4111000000|역삼1가|2|35|0|2|4|1643|153|153|873|78086|38150.0|27071.0|12917.0|0.0|35311|22815|10018|5836950.0|4141863.0|1976301.0|0.0|1944712|2174946|546497|419410|22|87|15|7|6364265|1499733|4412602|300831|2.44|3|3.48|150|493|222|1479.0
202411|ADM|47|47110|45110000|부산|강남구|서초동|2614000000|인계동|2|45|0|1|1|1278|381|381|792|86124|12813.0|7817.0|1726.0|3270.0|10536|7699|1243|4881753.0|2978277.0|657606.0|1245870.0|4245553|2051641|940744|350712|61|206|87|26|5429551|15419690|1053444|520012|4.96|39|4.67|134|140|185|5460.0
202411|PRVNC|27|11140|11110000|인천|성남시|역삼동|4611000000|서초1동|2|65|1|1|7|290|8|8|401|74061|38570.0|15510.0|9322.0|13738.0|28960|14665|9299|308560.0|124080.0|74576.0|109904.0|2632647|293535|286219|338897|1|3|0|0|851131|3414060|1834914|1120784|4.71|0|3.7|66|0|389|0.0
202411|CNTY_GU|11|11200|42110000|서울|수원시|인계동|4115000000|역삼1가|2|45|0|2|5|1199|104|104|723|17850|44911.0|29737.0|11782.0|3392.0|33865|26444|10037|4670744.0|3092648.0|1225328.0|352768.0|2677387|1783956|153838|120767|13|50|14|3|9181551|3799629|1923927|1870758|5.66|10|1.13|15|43|164|430.0
202411|CNTY_GU|27|11110|44130000|인천|수원시|인계동|1117000000|역삼1가|1|45|0|2|9|240|46|46|634|52039|38457.0|28020.0|10034.0|403.0|30580|25010|8265|1769022.0|1288920.0|461564.0|18538.0|3473216|1820337|517258|389156|11|25|5|2|2995325|1368129|422631|1537300|2.3|1|2.75|95|224|116|224.0
202411|CNTY_GU|47|47110|28110000|경기|성남시|역삼동|4111000000|역삼1가|1|35|3|1|5|109|117|117|529|95530|12668.0|6500.0|4190.0|1978.0|9886|5083|3354|1482156.0|760500.0|490230.0|231426.0|230285|250916|179519|232762|30|65|20|2|7153731|9794351|521584|972641|6.78|10|4.68|55|104|438|1040.0
202411|ADM|11|11140|11170000|부산|강남구|인계동|1111000000|서초1동|1|70|3|1|8|1980|325|325|176|93822|2769.0|1032.0|786.0|951.0|2181|828|578|899925.0|335400.0|255450.0|309075.0|834726|454235|866861|228533|86|137|55|7|9787063|15179561|927477|1319336|2.92|32|4.9|34|480|357|15360.0
202411|CNTY_GU|26|26140|11170000|서울|수원시|서초동|2614000000|서초1동|2|40|1|2|10|1588|52|52|392|57825|25792.0|18301.0|3218.0|4273.0|25138|13157|2500|1341184.0|951652.0|167336.0|222196.0|1183099|1203899|773659|47539|14|24|10|1|8140392|3871925|1847323|550462|6.03|6|3.63|52|324|288|1944.0
202411|ADM|46|43110|27110000|서울|서초구|서초동|4611000000|서초1동|2|55|0|1|4|1590|444|444|766|95033|19164.0|12772.0|4049.0|2343.0|14768|12289|4025|8508816.0|5670768.0|1797756.0|1040292.0|310500|1063847|582685|320009|129|247|120|38|9866407|3015023|1044873|1637110|2.67|9|2.46|119|490|240|4410.0
202411|CNTY_GU|45|26110|26110000|경기|서초구|인계동|4113000000|서초1동|1|20|2|2|9|519|29|29|541|75464|38880.0|20636.0|8530.0|9714.0|29738|18664|8159|1127520.0|598444.0|247370.0|281706.0|4324606|1164735|143947|68466|4|14|4|2|1600889|8748541|1570802|484416|3.73|0|2.28|60|0|130|0.0
202411|CNTY_GU|42|11170|41110000|부산|수원시|인계동|4115000000|서초1동|1|40|3|1|6|1148|109|109|164|14287|46334.0|32457.0|14600.0|0.0|33424|31791|12651|5050406.0|3537813.0|1591400.0|0.0|1800733|2697805|852952|161113|21|59|26|3|9448812|13188792|2165766|616788|2.24|4|3.83|126|251|52|1004.0
202411|ADM|43|26140|26110000|서울|수원시|인계동|2614000000|역삼1가|2|50|0|1|4|795|400|400|692|66878|33977.0|24152.0|9944.0|0.0|32264|20645|7079|13590800.0|9660800.0|3977600.0|0.0|39958|2628860|680609|183212|115|164|119|18|1890320|10844451|1463185|1858977|4.84|17|3.39|118|89|477|1513.0
202411|CNTY_GU|45|27110|41130000|인천|성남시|역삼동|1114000000|서초1동|2|45|1|1|8|1717|47|47|72|64279|12299.0|6520.0|4710.0|1069.0|10382|5288|3595|578053.0|306440.0|221370.0|50243.0|66267|2913513|651259|438323|6|24|9|2|7241069|10006061|4969141|648428|6.22|5|3.99|179|116|377|580.0
202411|CNTY_GU|26|41150|43110000|서울|성남시|역삼동|2611000000|역삼1가|1|55|0|1|3|334|37|37|629|31872|45651.0|23554.0|6697.0|15400.0|41975|19920|5135|1689087.0|871498.0|247789.0|569800.0|3390993|1912661|21818|279078|8|19|11|1|9994678|6431466|4107118|981490|5.71|2|4.53|103|333|270|666.0
202411|ADM|26|26140|11200000|서울|성남시|서초동|4111000000|서초1동|1|45|0|2|9|579|471|471|80|15251|0.0|0.0|0.0|0.0|0|0|0|0.0|0.0|0.0|0.0|1488589|2641463|827407|77409|138|245|84|12|8562603|10486788|214394|1253162|6.26|60|3.91|87|39|274|2340.0
202411|CNTY_GU|44|47110|41130000|경기|성남시|서초동|4115000000|역삼1가|2|30|2|2|10|1861|301|301|488|57215|18100.0|9578.0|5717.0|2805.0|17927|9327|5069|5448100.0|2882978.0|1720817.0|844305.0|520032|1391379|890259|200172|86|131|67|24|8067705|8178578|997302|117238|3.16|2|3.37|160|469|271|938.0
202411|CNTY_GU|42|46110|42110000|서울|수원시|서초동|1117000000|인계동|2|20|1|1|4|484|42|42|228|33951|36229.0|11254.0|13434.0|11541.0|25460|10343|9428|1521618.0|472668.0|564228.0|484722.0|4479811|1666231|945307|18260|9|20|5|3|4969341|2301804|3974092|1256460|3.51|4|1.37|34|154|488|616.0
202411|CNTY_GU|47|47110|44130000|대구|강남구|역삼동|4413000000|인계동|1|65|0|2|3|1472|89|89|29|95611|30389.0|13738.0|12144.0|4507.0|22624|13566|9559|2704621.0|1222682.0|1080816.0|401123.0|4484210|1253134|735525|415135|10|49|22|7|5809189|19630603|901391|473043|4.38|3|2.37|155|265|0|795.0
202411|CNTY_GU|43|43110|41150000|경기|서초구|인계동|4211000000|인계동|2|55|0|1|10|711|1|1|645|23111|48516.0|36481.0|11929.0|106.0|37053|31033|11724|48516.0|36481.0|11929.0|106.0|3146307|1110383|759420|291899|0|0|0|0|8419936|14840892|3327489|1083485|5.75|0|2.13|79|0|194|0.0
202411|ADM|42|26110|45110000|서울|서초구|인계동|4111000000|인계동|1|35|2|1|6|1262|369|369|471|22963|42279.0|14753.0|13419.0|14107.0|34304|12692|10664|15600951.0|5443857.0|4951611.0|5205483.0|2327521|1994395|871587|131792|93|160|74|26|5235326|5277720|490300|972902|7.12|41|2.01|78|37|43|1517.0
202411|PRVNC|45|28110|11200000|경기|강남구|서초동|1111000000|역삼1가|1|50|2|2|4|752|482|482|0|10629|41968.0|13386.0|11894.0|16688.0|40883|11986|11705|20228576.0|6452052.0|5732908.0|8043616.0|387196|1594355|454120|247660|82|279|57|18|7569155|9177213|4292499|1548220|2.64|29|4.73|40|119|277|3451.0
202411|CNTY_GU|26|41150|11170000|부산|강남구|역삼동|1117000000|서초1동|1|55|3|2|2|275|294|294|867|28956|25481.0|16150.0|5119.0|4212.0|21700|11405|4539|7491414.0|4748100.0|1504986.0|1238328.0|1719627|1564346|49225|313595|69|134|44|24|8408152|10706727|3558433|1712173|5.68|30|1.74|5|311|431|9330.0
202411|ADM|41|11110|46110000|인천|강남구|인계동|4711000000|역삼1가|2|35|0|1|10|115|321|321|750|80318|15547.0|5139.0|4341.0|6067.0|11724|4977|3366|4990587.0|1649619.0|1393461.0|1947507.0|2389635|783403|140159|24469|66|150|37|18|8449591|18353447|4264112|1954024|7.82|1|1.92|59|438|43|438.0
202411|ADM|46|41130|41150000|대구|수원시|서초동|4413000000|서초1동|1|55|0|2|4|1453|10|10|590|34584|49684.0|24187.0|14651.0|10846.0|39979|18144|14631|496840.0|241870.0|146510.0|108460.0|4274|2224915|853414|89745|2|4|1|0|982116|10441377|323108|661985|2.48|1|1.43|83|463|325|463.0
202411|ADM|42|11200|41150000|인천|수원시|역삼동|4211000000|인계동|1|40|3|1|9|1086|168|168|806|33421|32482.0|20070.0|12026.0|386.0|25013|18258|9046|5456976.0|3371760.0|2020368.0|64848.0|4084209|286072|904793|424083|37|77|26|13|9573849|15919501|3711883|1915393|4.92|9|2.51|59|403|346|3627.0
202411|ADM|27|28110|43110000|인천|성남시|서초동|4111000000|인계동|1|65|0|2|3|513|425|425|420|94260|11682.0|3547.0|4106.0|4029.0|10389|3418|3658|4964850.0|1507475.0|1745050.0|1712325.0|992322|2108339|77058|103199|44|238|43|19|7189438|8139522|3578537|1527608|6.06|19|1.52|157|152|378|2888.0
202411|CNTY_GU|43|45110|28110000|서울|수원시|서초동|4115000000|인계동|1|70|3|2|4|1878|181|181|154|54071|18374.0|9080.0|5148.0|4146.0|17969|8746|3626|3325694.0|1643480.0|931788.0|750426.0|2318415|1071436|85924|349574|23|85|37|16|9093612|3195790|711869|1673219|4.46|22|2.01|150|316|7|6952.0
202411|ADM|11|47110|41130000|대구|수원시|인계동|2614000000|서초1동|1|25|2|1|1|1874|281|281|441|69230|15327.0|9420.0|5727.0|180.0|14113|7667|4133|4306887.0|2647020.0|1609287.0|50580.0|4289923|440631|719485|255655|81|154|32|19|3608106|11445990|2339847|1465263|7.96|2|3.31|42|337|273|674.0
202411|ADM|45|28110|47110000|대구|수원시|서초동|2811000000|인계동|2|20|1|1|2|1855|4|4|983|58900|12274.0|9112.0|2529.0|633.0|11593|6538|2186|49096.0|36448.0|10116.0|2532.0|3796575|1565983|905457|292023|0|2|0|0|5787018|11976192|4892779|500231|7.36|0|2.5|6|0|234|0.0
202411|ADM|42|44130|11200000|서울|서초구|인계동|4111000000|서초1동|1|20|3|2|9|1749|475|475|860|97485|5502.0|2065.0|1932.0|1505.0|4309|1516|1848|2613450.0|980875.0|917700.0|714875.0|596295|1274016|65389|454609|114|227|120|37|249141|13699368|4261098|155441|6.65|53|2.58|123|160|222|8480.0
202411|CNTY_GU|44|47110|11110000|대구|성남시|서초동|4413000000|인계동|2|25|3|2|1|1110|88|88|342|98153|16152.0|12669.0|3040.0|443.0|15487|11776|2561|1421376.0|1114872.0|267520.0|38984.0|1741437|2746863|4302|94772|21|47|25|4|9792215|9464572|3707311|111687|6.24|10|1.15|146|403|344|4030.0
202411|ADM|42|47110|11140000|경기|서초구|역삼동|4711000000|인계동|1|40|0|2|9|1687|350|350|87|13354|10347.0|3468.0|2750.0|4129.0|7832|2490|2590|3621450.0|1213800.0|962500.0|1445150.0|2584597|268623|400895|478115|74|201|89|11|9486419|13828809|1296709|193497|4.8|28|2.06|69|366|44|10248.0
202411|CNTY_GU|27|11170|43110000|부산|수원시|역삼동|4211000000|인계동|2|45|2|2|5|982|393|393|419|58402|13663.0|9126.0|3189.0|1348.0|12656|8955|2636|5369559.0|3586518.0|1253277.0|529764.0|1475003|759894|336049|29846|65|225|79|15|7000792|17473205|4391961|1392742|7.38|34|1.61|33|86|394|2924.0
202411|CNTY_GU|45|46110|28110000|인천|서초구|역삼동|4711000000|인계동|2|35|1|2|3|404|486|486|645|29727|32064.0|20182.0|4252.0|7630.0|25502|15183|3469|15583104.0|9808452.0|2066472.0|3708180.0|2223119|1935426|869232|407294|136|255|63|30|1244122|14336741|362235|1342166|3.06|44|3.12|125|390|492|17160.0
202411|ADM|46|27110|45110000|인천|수원시|인계동|1117000000|서초1동|2|30|1|1|6|1572|217|217|308|23513|24798.0|15328.0|8423.0|1047.0|17740|15233|6257|5381166.0|3326176.0|1827791.0|227199.0|3294478|546541|998355|129385|47|101|64|1|2103411|19432228|4127071|972496|5.5|13|4.97|134|395|376|5135.0
202411|PRVNC|45|11110|46110000|경기|서초구|서초동|1114000000|역삼1가|2|50|2|1|2|1843|348|348|951|37292|24596.0|11933.0|2717.0|9946.0|22485|11363|2144|8559408.0|4152684.0|945516.0|3461208.0|2083832|1817161|126008|250269|99|150|79|32|1060246|8628544|2801814|123411|5.99|47|2.17|122|358|364|16826.0
202411|ADM|47|41130|45110000|경기|수원시|서초동|4511000000|역삼1가|1|55|3|2|10|104|361|361|497|20903|5040.0|3039.0|1375.0|626.0|4534|2461|1260|1819440.0|1097079.0|496375.0|225986.0|842912|480076|191760|161891|88|187|70|31|358946|14843054|1413121|1688585|5.15|26|3.32|26|213|211|5538.0
202411|CNTY_GU|46|41110|44130000|경기|성남시|서초동|1117000000|인계동|1|70|1|2|6|742|446|446|871|46346|46269.0|32710.0|12486.0|1073.0|45877|28584|9764|20635974.0|14588660.0|5568756.0|478558.0|944742|2702805|728085|345178|108|182|47|40|8489977|10577895|3449153|869699|5.02|32|2.31|123|17|291|544.0
202411|PRVNC|41|28110|47110000|부산|성남시|서초동|2611000000|서초1동|2|55|0|1|7|1125|345|345|64|41329|18396.0|10874.0|4839.0|2683.0|15622|9637|4732|6346620.0|3751530.0|1669455.0|925635.0|2075797|2085274|795338|222653|36|194|72|27|2253675|14401600|980020|882548|2.93|42|2.44|148|132|458|5544.0
202411|ADM|42|42110|11200000|인천|강남구|서초동|1120000000|역삼1가|2|60|0|1|5|1621|262|262|782|76850|16560.0|12941.0|2842.0|777.0|15400|9677|2442|4338720.0|3390542.0|744604.0|203574.0|4113068|1789416|556159|334000|61|130|26|14|3079042|15116179|2750988|28825|2.08|13|2.97|117|451|212|5863.0
202411|ADM|44|11170|47110000|인천|서초구|서초동|1117000000|서초1동|2|70|2|1|1|1414|372|372|588|20545|12418.0|5300.0|2494.0|4624.0|10812|4871|2094|4619496.0|1971600.0|927768.0|1720128.0|2863233|2920217|301757|176448|80|151|40|22|1411253|14345183|416219|767505|5.9|16|3.78|53|83|200|1328.0
202411|CNTY_GU|26|11200|43110000|서울|서초구|인계동|2611000000|역삼1가|1|45|0|1|5|1579|497|497|758|73655|47695.0|28899.0|10985.0|7811.0|42536|28752|9195|23704415.0|14362803.0|5459545.0|3882067.0|3893691|477610|880516|143204|148|243|77|16|3709774|336772|914702|645589|5.29|46|1.5|65|77|319|3542.0
202411|ADM|43|41150|27110000|대구|수원시|역삼동|4115000000|인계동|2|30|1|1|9|50|282|282|526|61671|13668.0|5251.0|1441.0|6976.0|12512|3906|1285|3854376.0|1480782.0|406362.0|1967232.0|2069387|2387650|556283|409704|53|140|48|0|6152462|2762888|266031|63540|5.52|10|3.08|159|361|438|3610.0
202411|CNTY_GU|41|11200|41130000|인천|서초구|인계동|2611000000|인계동|1|55|2|1|5|614|234|234|535|72605|18923.0|14512.0|7503.0|0.0|13499|12932|7494|4427982.0|3395808.0|1755702.0|0.0|4553626|338245|95411|458521|55|122|34|11|3589048|8231743|635895|232604|2.01|12|3.58|28|203|447|2436.0
202411|ADM|41|11170|27110000|인천|강남구|서초동|1114000000|역삼1가|1|30|1|1|5|95|183|183|732|26617|32970.0|23510.0|8050.0|1410.0|25276|19594|6057|6033510.0|4302330.0|1473150.0|258030.0|2564219|321026|442956|69975|54|96|23|17|4540717|11305830|3625058|1050529|2.1|10|3.53|107|122|170|1220.0
202411|CNTY_GU|41|26110|41130000|부산|수원시|서초동|4611000000|역삼1가|1|40|0|1|1|780|296|296|500|26122|36213.0|17421.0|12112.0|6680.0|25928|13993|11474|10719048.0|5156616.0|3585152.0|1977280.0|326804|794788|32041|337343|68|169|48|4|5564395|8571063|2187022|1147964|7.23|25|4.09|68|244|370|6100.0
202411|ADM|44|41130|41110000|인천|수원시|인계동|2611000000|서초1동|2|60|2|1|8|869|407|407|735|10368|10107.0|4444.0|2286.0|3377.0|9708|3851|1784|4113549.0|1808708.0|930402.0|1374439.0|3622374|313043|928746|129507|92|225|69|25|5390030|3368453|4501344|699689|6.84|42|4.27|129|390|79|16380.0
202411|ADM|46|47110|44130000|부산|성남시|인계동|4115000000|인계동|2|20|3|1|2|734|187|187|964|77322|11692.0|5757.0|3789.0|2146.0|11236|4487|2973|2186404.0|1076559.0|708543.0|401302.0|2873853|2909181|561667|43431|40|76|43|7|211916|19511550|965529|1402853|4.11|20|3.18|20|487|387|9740.0
202411|CNTY_GU|45|26140|41110000|경기|강남구|서초동|4115000000|서초1동|1|25|0|1|3|859|126|126|329|56014|48504.0|37743.0|16471.0|0.0|37330|31260|14265|6111504.0|4755618.0|2075346.0|0.0|1320980|311132|564918|438621|33|55|20|11|1025208|1471960|4245311|1682082|7.94|0|1.12|7|0|19|0.0
202411|ADM|26|26140|11200000|서울|강남구|인계동|1120000000|서초1동|1|60|3|1|1|1460|311|311|981|58684|19090.0|9182.0|4665.0|5243.0|18186|8545|3589|5936990.0|2855602.0|1450815.0|1630573.0|789979|2530541|846013|147810|48|134|85|10|3025775|2418770|3980016|1310847|7.81|30|1.55|58|293|441|8790.0
202411|CNTY_GU|11|11110|11110000|인천|강남구|인계동|1117000000|역삼1가|1|65|1|1|1|775|336|336|689|83734|7837.0|3140.0|881.0|3816.0|5999|2218|682|2633232.0|1055040.0|296016.0|1282176.0|1361001|2947893|143405|221603|54|183|56|31|9647026|8051096|2968378|720523|7.64|23|3.07|98|336|180|7728.0
202411|ADM|11|47110|28110000|대구|성남시|인계동|4611000000|역삼1가|2|40|2|1|9|1899|35|35|777|30203|8327.0|6198.0|1867.0|262.0|6007|5073|1437|291445.0|216930.0|65345.0|9170.0|358097|761356|356166|283009|7|15|5|3|4869465|8447463|828990|1882847|7.76|0|4.51|154|0|441|0.0
202411|CNTY_GU|47|11170|11170000|서울|수원시|역삼동|4413000000|서초1동|1|65|0|1|9|129|450|450|115|39130|12161.0|4123.0|4742.0|3296.0|10813|3497|3999|5472450.0|1855350.0|2133900.0|1483200.0|3579492|1402026|525811|441893|129|210|67|32|4140790|10444650|2865776|1737202|5.82|43|4.8|171|94|75|4042.0
202411|ADM|11|26140|41110000|인천|서초구|인계동|4511000000|서초1동|2|45|3|2|4|1553|294|294|644|13986|32761.0|11770.0|8164.0|12827.0|31120|11520|5990|9631734.0|3460380.0|2400216.0|3771138.0|3432657|2301409|987450|39641|49|140|49|9|1804033|10304784|1682907|63598|3.9|36|2.41|15|349|172|12564.0
202411|CNTY_GU|27|43110|11110000|부산|수원시|역삼동|4711000000|인계동|1|40|0|1|6|1250|403|403|242|19767|16466.0|6803.0|3695.0|5968.0|13108|4903|2738|6635798.0|2741609.0|1489085.0|2405104.0|1257720|2086232|734702|393010|73|220|103|19|9553828|9045620|3786095|1296039|6.78|45|2.65|157|34|0|1530.0
202411|ADM|41|47110|41110000|경기|강남구|역삼동|4115000000|인계동|2|20|0|2|7|330|489|489|815|13372|30462.0|15347.0|3160.0|11955.0|23091|10994|2508|14895918.0|7504683.0|1545240.0|5845995.0|1229165|2470069|387412|117523|70|290|80|9|6957396|3440507|4138844|1111883|6.6|31|1.4|35|340|137|10540.0
202411|ADM|47|11110|45110000|인천|서초구|역삼동|1117000000|서초1동|2|35|0|2|1|815|338|338|189|18502|15916.0|7586.0|2300.0|6030.0|13032|7212|2253|5379608.0|2564068.0|777400.0|2038140.0|4141344|1956469|442802|440367|50|164|60|33|1674826|7702029|3960309|1959383|2.59|30|4.87|50|121|432|3630.0
202411|ADM|46|28110|46110000|경기|강남구|인계동|4511000000|역삼1가|1|45|1|2|10|1762|217|217|144|87510|43433.0|32728.0|6978.0|3727.0|34766|26633|6631|9424961.0|7101976.0|1514226.0|808759.0|1485096|561847|542037|488068|41|119|41|1|4152287|13377332|1796353|524080|2.42|29|4.5|56|421|40|12209.0
202411|ADM|11|44130|45110000|경기|서초구|서초동|4611000000|인계동|2|50|0|1|10|656|170|170|808|30210|10398.0|5254.0|3693.0|1451.0|8218|5131|3083|1767660.0|893180.0|627810.0|246670.0|4495786|1862685|82475|204408|45|93|20|9|5055568|8442717|3563810|958993|7.68|5|1.04|148|324|135|1620.0
202411|ADM|41|27110|47110000|서울|강남구|인계동|2811000000|서초1동|2|40|2|2|10|363|232|232|731|51368|25376.0|8811.0|4138.0|12427.0|19538|8444|3097|5887232.0|2044152.0|960016.0|2883064.0|4162594|1305341|307207|208419|68|130|44|13|1300891|17009631|3006383|850124|7.32|29|2.3|68|34|262|986.0
202411|CNTY_GU|47|42110|11170000|경기|성남시|역삼동|4113000000|서초1동|2|55|2|1|6|422|388|388|104|69998|8137.0|4824.0|842.0|2471.0|7190|4036|635|3157156.0|1871712.0|326696.0|958748.0|2755564|21271|514061|91365|113|175|39|35|1689470|1712355|3896192|1606151|4.75|23|1.12|142|218|335|5014.0
202411|ADM|46|45110|27110000|경기|강남구|인계동|2711000000|인계동|2|70|1|1|3|1107|32|32|338|19749|32763.0|22439.0|6675.0|3649.0|23102|17764|5267|1048416.0|718048.0|213600.0|116768.0|4686815|659113|566413|26845|4|17|7|0|5213174|10262336|3919667|437085|5.92|0|1.11|95|0|388|0.0
202411|CNTY_GU|41|44130|42110000|인천|강남구|역삼동|4711000000|역삼1가|1|65|2|2|10|1850|330|330|757|28694|227.0|128.0|60.0|39.0|177|104|58|74910.0|42240.0|19800.0|12870.0|886616|1062236|638786|21862|61|140|85|23|987086|16919759|2287607|622115|5.72|44|2.01|90|13|278|572.0
202411|CNTY_GU|47|41110|41110000|부산|성남시|서초동|1117000000|역삼1가|2|35|0|1|8|1561|84|84|118|73926|40661.0|28221.0|13538.0|0.0|38538|21839|9681|3415524.0|2370564.0|1137192.0|0.0|1209302|833036|790520|352560|17|34|16|6|1338391|12784412|179820|1307705|6.33|10|1.38|94|17|114|170.0
202411|ADM|27|27110|11140000|대구|성남시|역삼동|2811000000|인계동|2|25|0|1|6|813|241|241|866|86449|21765.0|15588.0|6078.0|99.0|19314|15211|4567|5245365.0|3756708.0|1464798.0|23859.0|3766533|24412|355694|263002|46|126|58|23|631413|19178402|4446414|1254971|6.98|22|4.76|175|343|72|7546.0
202411|CNTY_GU|27|41150|41110000|대구|수원시|역삼동|2614000000|서초1동|1|40|0|1|9|1667|3|3|617|85401|8673.0|6179.0|1475.0|1019.0|8109|6078|1240|26019.0|18537.0|4425.0|3057.0|15886|1855933|345815|399799|0|1|0|0|1070752|12059951|4116941|1837483|4.33|0|2.06|98|0|402|0.0
202411|ADM|42|11170|41130000|대구|성남시|인계동|4115000000|서초1동|2|60|1|1|10|1647|49|49|237|30721|14510.0|10613.0|2742.0|1155.0|12465|7874|2352|710990.0|520037.0|134358.0|56595.0|381269|2273436|671759|84334|14|21|7|4|4192071|5466562|626611|438265|4.62|6|3.89|134|227|125|1362.0
202411|CNTY_GU|43|11110|41130000|경기|강남구|서초동|4211000000|인계동|1|25|0|1|2|1688|320|320|422|70193|28109.0|15763.0|5099.0|7247.0|22414|13247|4845|8994880.0|5044160.0|1631680.0|2319040.0|1573300|1503857|820778|360976|56|159|71|27|1303073|12379399|665110|993666|2.96|30|4.52|60|361|422|10830.0
202411|PRVNC|42|11140|41150000|경기|성남시|서초동|1111000000|인계동|2|30|0|2|6|791|285|285|88|61926|36508.0|11902.0|7987.0|16619.0|33519|9825|5933|10404780.0|3392070.0|2276295.0|4736415.0|739499|896708|59241|402131|41|124|54|1|5523874|8838353|359925|277239|2.65|6|1.01|54|103|394|618.0
202411|CNTY_GU|26|41130|46110000|대구|수원시|인계동|2611000000|서초1동|2|60|1|2|2|435|255|255|291|47942|9596.0|3114.0|1323.0|5159.0|7233|2873|932|2446980.0|794070.0|337365.0|1315545.0|2949804|2148160|268808|284792|28|105|38|23|2465521|4194070|753448|1905783|2.62|18|4.91|81|416|391|7488.0
202411|ADM|41|27110|45110000|대구|수원시|역삼동|4311000000|역삼1가|1|35|1|1|5|625|13|13|16|66398|10727.0|8435.0|1403.0|889.0|8055|7314|1202|139451.0|109655.0|18239.0|11557.0|3024396|703994|715457|263083|1|7|3|0|8386457|4541224|785275|578728|5.98|0|3.45|41|0|220|0.0
202411|CNTY_GU|43|43110|41110000|경기|수원시|인계동|4111000000|인계동|2|40|0|1|9|31|455|455|594|97932|25089.0|18219.0|9423.0|0.0|23725|17720|8684|11415495.0|8289645.0|4287465.0|0.0|820114|2685846|858248|352718|99|263|92|18|7143211|6039878|2753888|155841|7.87|17|3.68|90|143|430|2431.0
202411|CNTY_GU|43|11170|44130000|대구|성남시|역삼동|2611000000|서초1동|2|30|1|2|8|485|308|308|388|48147|2727.0|1485.0|723.0|519.0|1968|1158|552|839916.0|457380.0|222684.0|159852.0|2634020|538850|879448|40668|61|167|91|1|1510341|10979509|2253058|993350|7.75|43|1.89|76|397|351|17071.0
202411|ADM|41|26140|44130000|대구|서초구|서초동|4211000000|서초1동|1|65|2|2|3|720|89|89|457|51779|22162.0|14555.0|6989.0|618.0|21882|11314|5894|1972418.0|1295395.0|622021.0|55002.0|1514548|1974171|495134|470094|25|39|24|0|7412355|9124362|542885|30318|2.14|2|2.41|17|498|265|996.0
202411|CNTY_GU|26|11140|41150000|서울|강남구|역삼동|4115000000|역삼1가|2|70|1|2|9|1120|2|2|653|19610|36913.0|27184.0|9000.0|729.0|31025|21524|6570|73826.0|54368.0|18000.0|1458.0|3474662|2402056|425921|242935|0|0|0|0|1459955|17447479|4110904|1256835|4.25|0|2.05|33|0|395|0.0
202411|ADM|43|28110|45110000|대구|수원시|서초동|2711000000|인계동|1|70|2|1|3|1922|262|262|18|96982|48757.0|24519.0|11877.0|12361.0|44819|21478|8538|12774334.0|6423978.0|3111774.0|3238582.0|765289|82441|658135|451456|45|123|32|2|7532766|11760973|3861260|144545|6.75|26|1.28|159|494|447|12844.0
202411|ADM|44|27110|28110000|부산|수원시|서초동|4115000000|서초1동|1|60|2|1|1|115|117|117|332|89718|17649.0|6339.0|6423.0|4887.0|14830|5594|5688|2064933.0|741663.0|751491.0|571779.0|1763849|1356310|690773|382268|27|68|29|3|8561124|1532515|3802947|100935|6.23|14|4.13|143|308|334|4312.0
202411|CNTY_GU|46|41150|26140000|서울|서초구|서초동|4211000000|역삼1가|1|25|0|1|9|1409|341|341|415|56282|6478.0|4365.0|827.0|1286.0|5844|3397|665|2208998.0|1488465.0|282007.0|438526.0|4024968|654069|76056|247795|35|148|39|24|3247380|16481475|570074|1244441|6.96|12|2.21|132|25|486|300.0
202411|CNTY_GU|46|26110|41130000|부산|강남구|인계동|1120000000|인계동|1|55|3|1|8|1886|123|123|872|96649|36173.0|21615.0|12688.0|1870.0|33702|15407|11503|4449279.0|2658645.0|1560624.0|230010.0|3233346|1954350|792382|375189|32|61|27|10|3498689|14586757|4723162|690483|4.65|5|4.12|49|358|16|1790.0
202411|CNTY_GU|27|11140|11110000|경기|서초구|역삼동|1111000000|서초1동|2|20|2|2|5|1135|3|3|499|37402|41634.0|26642.0|14059.0|933.0|33270|23950|10471|124902.0|79926.0|42177.0|2799.0|3748371|1746919|366067|359960|0|1|0|0|303062|1306416|4402993|1990291|2.87|0|3.59|170|0|286|0.0
202411|ADM|41|41130|11140000|서울|서초구|인계동|4115000000|역삼1가|2|55|1|1|9|1234|412|412|734|77341|21621.0|11534.0|3546.0|6541.0|18574|9594|3252|8907852.0|4752008.0|1460952.0|2694892.0|4797727|2288816|666377|166485|63|224|44|8|8394048|3521855|2100538|1284108|4.16|2|1.74|30|54|118|108.0
202411|CNTY_GU|11|45110|26110000|인천|강남구|역삼동|2611000000|인계동|2|50|3|1|8|1587|410|410|944|32535|22627.0|13982.0|3989.0|4656.0|20695|13817|3830|9277070.0|5732620.0|1635490.0|1908960.0|486419|1253385|447756|151200|98|186|84|34|1065170|16651850|4508917|1920504|2.16|2|3.66|126|346|286|692.0
202411|CNTY_GU|11|26140|28110000|인천|강남구|인계동|2811000000|역삼1가|1|25|1|2|9|1150|169|169|950|46349|46867.0|25223.0|6217.0|15427.0|44363|20646|4479|7920523.0|4262687.0|1050673.0|2607163.0|2279626|1974117|378432|369576|45|68|43|15|8692708|8118946|1674302|1572834|6.6|11|1.11|25|175|73|1925.0
202411|CNTY_GU|26|41110|11110000|서울|강남구|역삼동|2811000000|서초1동|2|35|0|1|4|567|203|203|119|60923|28118.0|13522.0|10897.0|3699.0|24821|11983|8630|5707954.0|2744966.0|2212091.0|750897.0|4970290|2000100|651286|273523|53|91|52|9|7937086|5192594|3485449|29437|7.41|24|1.12|61|187|479|4488.0
202411|ADM|45|11170|42110000|부산|수원시|역삼동|4311000000|역삼1가|1|35|0|2|7|404|442|442|906|38203|31120.0|21673.0|8877.0|570.0|26027|21584|8007|13755040.0|9579466.0|3923634.0|251940.0|39660|1914246|399786|233784|57|248|114|42|6980227|14415209|1069557|817966|7.03|15|2.05|179|74|49|1110.0
202411|ADM|41|41110|47110000|인천|서초구|역삼동|4511000000|서초1동|2|60|0|1|9|930|146|146|199|28703|26236.0|10701.0|9704.0|5831.0|25661|8335|9702|3830456.0|1562346.0|1416784.0|851326.0|1693058|954839|920471|92800|28|60|34|9|5669857|14681858|3579162|1343049|5.23|10|1.56|40|253|277|2530.0
202411|CNTY_GU|26|43110|46110000|대구|성남시|인계동|1111000000|인계동|1|55|0|1|6|1722|471|471|358|61946|879.0|479.0|114.0|286.0|776|415|99|414009.0|225609.0|53694.0|134706.0|4717918|21827|699498|445939|74|267|65|10|3938605|16847480|76969|607684|7.39|3|4.92|160|498|366|1494.0
202411|CNTY_GU|47|27110|11170000|경기|수원시|역삼동|4211000000|역삼1가|2|40|0|1|7|636|303|303|762|16430|22393.0|11100.0|3019.0|8274.0|15982|9159|2427|6785079.0|3363300.0|914757.0|2507022.0|2476064|743085|9294|127854|69|161|32|20|4846880|16438117|2822254|1026621|5.97|30|2.3|43|344|82|10320.0
202411|ADM|42|11200|11200000|부산|강남구|역삼동|4113000000|서초1동|1|55|1|1|9|7|159|159|963|16008|1556.0|701.0|297.0|558.0|1122|694|240|247404.0|111459.0|47223.0|88722.0|4652784|2055253|843993|125828|21|94|47|10|1070706|5349381|1398763|901023|4.9|0|2.66|5|0|114|0.0
202411|CNTY_GU|26|45110|26140000|경기|서초구|인계동|1120000000|인계동|1|60|0|1|8|643|268|268|740|85286|19976.0|13966.0|5959.0|51.0|14896|13243|5545|5353568.0|3742888.0|1597012.0|13668.0|4254846|1151494|827198|309347|72|119|75|20|423812|16359375|4414293|982344|6.23|25|1.37|80|246|250|6150.0
202411|CNTY_GU|44|41150|26140000|인천|강남구|서초동|2614000000|인계동|1|35|1|2|2|1336|84|84|161|10696|30212.0|12173.0|9501.0|8538.0|25338|9372|6750|2537808.0|1022532.0|798084.0|717192.0|3896678|2164064|831146|106764|24|38|15|0|120054|14194949|1977539|728537|5.62|5|1.81|170|463|395|2315.0
202411|CNTY_GU|44|26140|11140000|경기|수원시|인계동|2811000000|인계동|1|65|0|2|3|2|252|252|339|39316|18216.0|7657.0|5738.0|4821.0|17701|6396|5505|4590432.0|1929564.0|1445976.0|1214892.0|3491022|776636|326058|274576|72|113|46|8|8656625|18367074|4449452|1143710|5.71|6|1.39|65|376|107|2256.0
202411|ADM|26|45110|27110000|인천|강남구|서초동|4111000000|서초1동|2|50|1|1|10|1779|337|337|101|57121|14877.0|10720.0|5407.0|0.0|11321|7554|5218|5013549.0|3612640.0|1822159.0|0.0|3733345|2352937|485533|65337|79|150|85|7|28809|17557608|4905955|338820|6.8|47|3.35|11|31|444|1457.0
202411|PRVNC|46|41150|11170000|인천|성남시|서초동|4611000000|인계동|2|45|1|2|7|831|313|313|41|40542|36450.0|19440.0|6064.0|10946.0|35811|19229|4831|11408850.0|6084720.0|1898032.0|3426098.0|159506|2268428|876472|78118|45|160|71|21|9690554|19752610|3257085|1629547|3.58|6|3.07|93|417|333|2502.0
202411|CNTY_GU|11|28110|11140000|경기|서초구|서초동|4113000000|서초1동|2|25|1|2|7|1671|320|320|71|45021|8047.0|2673.0|2427.0|2947.0|7985|1925|1823|2575040.0|855360.0|776640.0|943040.0|3793976|2153773|657227|215060|93|171|67|10|5497514|13668083|3413120|988337|4.19|35|2.51|132|101|71|3535.0
202411|CNTY_GU|27|42110|26110000|서울|수원시|역삼동|4611000000|서초1동|1|55|1|1|3|1561|227|227|224|77697|13348.0|7011.0|1610.0|4727.0|10500|5291|1215|3029996.0|1591497.0|365470.0|1073029.0|3000814|1770505|772235|297058|54|124|45|0|2528921|19308678|1759883|442142|2.59|16|3.12|6|99|371|1584.0
202411|PRVNC|43|11200|26110000|부산|강남구|역삼동|1111000000|서초1동|2|55|2|2|1|887|146|146|159|22603|28134.0|21428.0|2965.0|3741.0|24216|15662|2647|4107564.0|3128488.0|432890.0|546186.0|4266526|1312477|931669|362127|14|63|23|13|3181716|19408513|4994791|323771|6.21|15|2.0|29|257|290|3855.0
202411|ADM|42|11110|27110000|경기|수원시|역삼동|4311000000|역삼1가|1|50|0|2|7|519|129|129|129|76429|15285.0|5485.0|5697.0|4103.0|12429|4256|5231|1971765.0|707565.0|734913.0|529287.0|4294067|1790773|460441|12748|23|75|26|3|9162493|6970445|939351|1777804|4.84|18|1.25|14|499|318|8982.0
202411|ADM|47|26140|41110000|인천|수원시|서초동|4611000000|인계동|2|25|0|1|1|360|253|253|964|48011|14412.0|7106.0|2780.0|4526.0|10292|7000|2376|3646236.0|1797818.0|703340.0|1145078.0|4273726|1648145|743353|458895|25|144|69|10|7200506|7725044|4493390|1514374|6.84|3|1.86|108|462|366|1386.0
202411|CNTY_GU|11|42110|28110000|서울|성남시|인계동|1120000000|서초1동|1|50|0|1|4|1295|107|107|730|64889|19482.0|11995.0|3556.0|3931.0|14563|10165|3269|2084574.0|1283465.0|380492.0|420617.0|766871|874538|318568|211144|24|62|20|8|8971907|681590|2130045|1954495|3.4|4|1.89|29|467|132|1868.0
202411|PRVNC|41|11140|11200000|부산|수원시|인계동|2611000000|인계동|1|60|0|1|6|1201|387|387|209|25126|37770.0|30072.0|7956.0|0.0|33966|24419|6499|14616990.0|11637864.0|3078972.0|0.0|812308|2979032|480620|246088|40|170|66|25|2234738|12765255|2740777|1575735|6.38|56|2.28|113|361|453|20216.0
202411|ADM|27|41130|11170000|대구|수원시|역삼동|4113000000|인계동|1|30|2|2|1|1379|454|454|644|43000|19621.0|9633.0|5515.0|4473.0|18527|7814|4742|8907934.0|4373382.0|2503810.0|2030742.0|877016|1935904|776455|375997|97|252|92|6|2292581|16568998|2512645|1841647|5.44|44|4.31|46|137|349|6028.0
202411|CNTY_GU|47|11110|41110000|부산|서초구|역삼동|4111000000|역삼1가|1|65|1|1|2|1261|203|203|350|54004|25985.0|13753.0|4112.0|8120.0|21137|12603|3142|5274955.0|2791859.0|834736.0|1648360.0|3788090|1938151|653289|459130|37|102|48|12|1961341|19003593|4060708|85393|7.53|6|4.16|86|259|443|1554.0
202411|PRVNC|27|43110|26110000|경기|강남구|서초동|4211000000|역삼1가|1|40|3|2|9|1395|8|8|56|67233|34120.0|24691.0|10997.0|0.0|27922|21885|9566|272960.0|197528.0|87976.0|0.0|4069208|84117|140524|179302|1|3|1|0|3168569|13079587|328658|1714523|6.79|0|4.22|171|0|314|0.0
202411|ADM|47|44130|46110000|부산|성남시|서초동|1111000000|역삼1가|2|40|2|2|6|9|140|140|601|95982|13009.0|6351.0|3948.0|2710.0|12899|5810|3606|1821260.0|889140.0|552720.0|379400.0|4345230|2878081|75492|355209|18|72|39|2|4132566|12926043|2402208|1386305|7.46|12|3.25|125|71|232|852.0
202411|PRVNC|46|11140|27110000|경기|서초구|인계동|4511000000|역삼1가|1|60|2|2|1|1024|269|269|428|32560|13200.0|5168.0|4496.0|3536.0|12088|4772|3916|3550800.0|1390192.0|1209424.0|951184.0|4023807|676090|989918|163500|68|152|68|9|4314021|3016280|1566323|1135220|3.61|10|3.99|26|157|275|1570.0
202411|ADM|45|26110|46110000|서울|서초구|인계동|4111000000|역삼1가|2|40|1|2|8|949|79|79|378|56802|5446.0|3569.0|714.0|1163.0|3857|2983|633|430234.0|281951.0|56406.0|91877.0|2948822|2057162|249709|229433|21|32|17|0|5834307|2490219|2247176|309014|4.51|7|2.53|77|310|33|2170.0
202411|ADM|11|28110|42110000|경기|수원시|역삼동|4311000000|인계동|2|30|0|1|8|62|330|330|937|90772|6543.0|4033.0|967.0|1543.0|5362|3158|889|2159190.0|1330890.0|319110.0|509190.0|4620749|2827699|305022|198366|48|143|53|9|2792652|1054763|1385776|1869652|6.8|47|2.42|134|172|11|8084.0
202411|CNTY_GU|41|45110|11170000|부산|강남구|인계동|4611000000|역삼1가|1|65|3|1|3|635|82|82|59|50823|16477.0|11538.0|5146.0|0.0|14622|8299|4774|1351114.0|946116.0|421972.0|0.0|4009127|1883108|679483|312764|10|43|23|0|1806856|13070236|291617|558073|3.37|2|4.46|43|301|32|602.0
202411|CNTY_GU|11|41150|45110000|대구|수원시|역삼동|4511000000|인계동|2|50|3|1|7|1125|25|25|922|93270|5682.0|2402.0|906.0|2374.0|4576|1968|802|142050.0|60050.0|22650.0|59350.0|3285153|346005|580648|96131|5|12|2|2|3105766|5628089|3748653|829336|2.53|3|3.17|122|237|252|711.0
202411|CNTY_GU|26|27110|11140000|경기|성남시|인계동|2811000000|서초1동|1|35|2|1|7|142|68|68|933|18395|17369.0|10911.0|2050.0|4408.0|16748|8742|1657|1181092.0|741948.0|139400.0|299744.0|2954718|995614|953319|348900|8|30|20|0|9505791|19173814|2802109|184116|6.6|7|3.96|87|108|444|756.0
202411|PRVNC|11|41130|11200000|경기|강남구|서초동|4115000000|인계동|1|50|3|1|2|1598|315|315|203|34424|43350.0|34186.0|16180.0|0.0|41859|30478|14032|13655250.0|10768590.0|5096700.0|0.0|3240838|340730|592429|211938|48|126|76|11|6707304|16023287|3259702|222222|7.39|4|3.52|35|286|232|1144.0
202411|ADM|47|11140|11200000|경기|강남구|인계동|1114000000|서초1동|2|65|2|1|7|485|26|26|203|50440|37670.0|27870.0|5149.0|4651.0|31774|23829|5120|979420.0|724620.0|133874.0|120926.0|2507098|2397972|818780|277818|4|12|7|0|4320980|10786322|2101479|901974|3.39|2|4.01|121|406|376|812.0
202411|ADM|27|47110|11110000|서울|수원시|서초동|1120000000|인계동|2|55|0|2|8|1056|313|313|261|40235|44195.0|22292.0|14846.0|7057.0|33034|18974|13798|13833035.0|6977396.0|4646798.0|2208841.0|3854717|817851|318795|66054|74|180|44|29|314485|7620852|1214446|1211549|2.86|33|3.22|22|468|492|15444.0
202411|ADM|27|26140|28110000|부산|강남구|인계동|2611000000|역삼1가|1|60|3|1|6|1052|76|76|88|55285|48037.0|28952.0|18506.0|579.0|35462|24479|16919|3650812.0|2200352.0|1406456.0|44004.0|4485002|2977345|449161|159850|9|30|14|6|8123710|3383744|3918390|861157|5.13|9|4.91|86|319|365|2871.0
202411|ADM|26|11140|41150000|대구|수원시|역삼동|2811000000|서초1동|1|35|0|2|3|1579|211|211|592|89915|3862.0|2251.0|437.0|1174.0|3266|2044|355|814882.0|474961.0|92207.0|247714.0|3169892|637088|298161|55366|42|104|61|0|5585205|14850433|2608552|1459105|7.02|20|1.03|105|483|119|9660.0
202411|CNTY_GU|11|42110|11170000|부산|수원시|서초동|4113000000|서초1동|1|70|0|1|2|570|443|443|638|15322|20538.0|12717.0|2202.0|5619.0|19299|12257|2104|9098334.0|5633631.0|975486.0|2489217.0|673157|127695|660236|279409|82|211|107|35|2693230|13746261|25095|1305157|4.59|56|3.26|62|495|264|27720.0
202411|CNTY_GU|42|11200|46110000|인천|성남시|역삼동|2711000000|역삼1가|1|40|1|2|4|746|308|308|197|52974|44652.0|31972.0|7318.0|5362.0|31941|28972|6864|13752816.0|9847376.0|2253944.0|1651496.0|2425589|909699|159151|488802|84|153|30|1|4606037|12880965|1755761|69141|6.05|40|1.58|168|443|393|17720.0
202411|ADM|43|26110|27110000|경기|서초구|서초동|1114000000|서초1동|2|25|2|1|6|1434|403|403|722|89713|22369.0|15007.0|5985.0|1377.0|22132|10945|5868|9014707.0|6047821.0|2411955.0|554931.0|1508867|669435|122268|148379|92|168|114|36|8348735|1715782|597185|291289|7.97|34|4.55|94|211|462|7174.0
202411|ADM|43|11200|45110000|인천|성남시|서초동|4113000000|인계동|1|40|0|1|2|894|403|403|388|15260|39179.0|25334.0|9818.0|4027.0|35251|21620|7937|15789137.0|10209602.0|3956654.0|1622881.0|67194|2690316|8821|394331|97|210|64|12|8058269|914428|4035080|1539622|2.5|28|1.21|51|142|336|3976.0
202411|CNTY_GU|26|46110|41150000|인천|수원시|서초동|2811000000|서초1동|2|65|0|2|6|327|261|261|998|48248|45300.0|20698.0|11645.0|12957.0|34941|19882|8636|11823300.0|5402178.0|3039345.0|3381777.0|3479206|762558|31331|391081|49|126|30|13|3004573|4112188|797144|988313|2.48|1|3.14|168|365|23|365.0
202411|CNTY_GU|43|45110|45110000|서울|강남구|서초동|4611000000|인계동|1|50|2|2|5|1313|192|192|353|54769|42757.0|13285.0|8882.0|20590.0|42606|9572|7417|8209344.0|2550720.0|1705344.0|3953280.0|3788716|833366|27852|412359|20|85|42|9|518447|18029813|106624|219961|3.84|1|3.61|10|114|465|114.0
202411|ADM|45|41150|11200000|경기|서초구|서초동|2711000000|인계동|2|50|1|2|10|1234|187|187|413|64550|16689.0|11523.0|5600.0|0.0|14888|9548|4197|3120843.0|2154801.0|1047200.0|0.0|2650960|2698589|661847|262596|36|78|34|8|6927201|15502727|3893364|1344968|5.54|24|1.87|110|59|415|1416.0
202411|ADM|43|47110|41150000|부산|수원시|역삼동|4115000000|인계동|1|40|0|1|4|1479|344|344|477|78754|25275.0|12846.0|8824.0|3605.0|19770|11784|6508|8694600.0|4419024.0|3035456.0|1240120.0|698997|1760563|661981|120762|96|158|53|27|4588260|12434995|630017|950018|7.32|6|4.8|101|255|464|1530.0
202411|ADM|11|11200|47110000|대구|강남구|인계동|4611000000|역삼1가|2|20|1|2|4|624|26|26|556|93205|31252.0|13919.0|4180.0|13153.0|26877|12355|3486|812552.0|361894.0|108680.0|341978.0|1695096|932058|827034|286347|4|11|4|0|9238973|3703040|1977086|570412|3.95|0|1.26|17|0|383|0.0
202411|ADM|44|43110|11170000|경기|성남시|인계동|4211000000|서초1동|1|35|0|2|1|1288|171|171|751|39756|47443.0|17168.0|4807.0|25468.0|45499|12153|4726|8112753.0|2935728.0|821997.0|4355028.0|935077|2752937|336437|455085|21|73|40|10|8844709|16895632|567931|1297024|7.04|12|1.01|69|423|348|5076.0
202411|ADM|11|27110|11200000|경기|성남시|역삼동|1120000000|역삼1가|1|70|0|2|8|1047|379|379|121|84081|5078.0|3024.0|1355.0|699.0|3880|2258|1054|1924562.0|1146096.0|513545.0|264921.0|364882|909417|93342|11971|100|168|68|10|4683154|10647479|4852655|1363334|4.14|38|1.25|95|490|407|18620.0
202411|ADM|11|26110|45110000|부산|수원시|역삼동|4115000000|인계동|2|70|1|1|9|568|330|330|801|56062|43730.0|15772.0|10058.0|17900.0|32068|13535|9442|14430900.0|5204760.0|3319140.0|5907000.0|2082565|1473068|430575|310207|40|137|76|14|3293153|14068456|3539594|766884|6.68|41|3.5|117|469|57|19229.0
202411|CNTY_GU|26|41110|26110000|대구|서초구|서초동|4211000000|서초1동|2|35|0|1|10|1397|197|197|360|23855|28432.0|8542.0|10043.0|9847.0|27264|6336|7801|5601104.0|1682774.0|1978471.0|1939859.0|504354|1187122|28886|176605|43|88|32|5|4444627|8783384|4835063|1398743|2.92|5|3.64|66|459|168|2295.0
202411|ADM|42|46110|27110000|인천|성남시|역삼동|4211000000|서초1동|2|70|0|2|4|554|140|140|483|24507|23806.0|12343.0|7719.0|3744.0|18789|10962|7237|3332840.0|1728020.0|1080660.0|524160.0|96678|1203516|671312|300417|29|59|16|8|449467|14541235|2439660|1388863|4.35|0|3.22|113|0|352|0.0
202411|ADM|46|11140|44130000|서울|서초구|서초동|1117000000|서초1동|2|65|0|2|8|639|489|489|252|31212|1243.0|896.0|471.0|0.0|1121|804|397|607827.0|438144.0|230319.0|0.0|703144|13261|631148|220258|135|235|99|31|8196090|16268179|2349857|287970|7.31|6|3.1|146|95|405|570.0
202411|ADM|46|41110|11110000|부산|강남구|역삼동|2611000000|서초1동|1|50|0|2|2|316|450|450|531|51339|49354.0|36906.0|14172.0|0.0|46152|31414|13914|22209300.0|16607700.0|6377400.0|0.0|378708|1110154|206478|1654|121|215|117|23|9807734|16986470|4292520|919969|6.14|58|2.95|109|123|248|7134.0
202411|ADM|42|43110|43110000|인천|강남구|역삼동|2711000000|인계동|1|65|1|2|9|1450|120|120|709|39191|6637.0|3583.0|1330.0|1724.0|5685|2554|1199|796440.0|429960.0|159600.0|206880.0|2849607|1246097|583898|328449|19|54|31|6|1657338|18913215|4984110|85192|3.44|0|3.42|34|0|293|0.0
202411|CNTY_GU|46|26140|45110000|부산|강남구|역삼동|2614000000|역삼1가|1|30|2|1|8|1826|232|232|8|56078|1464.0|786.0|261.0|417.0|1280|643|187|339648.0|182352.0|60552.0|96744.0|3374574|1220673|448923|353237|25|98|48|4|9351974|8474114|2060250|906481|4.64|0|4.73|100|0|407|0.0
202411|ADM|42|26110|45110000|대구|성남시|인계동|1117000000|인계동|2|30|0|1|8|1565|331|331|157|56076|35258.0|13422.0|7451.0|14385.0|28558|11438|6535|11670398.0|4442682.0|2466281.0|4761435.0|1669694|2167575|103435|160689|35|147|73|19|8934244|12791032|4064061|149509|7.04|11|4.33|101|361|162|3971.0
202411|ADM|27|28110|11110000|부산|서초구|인계동|2614000000|역삼1가|2|35|0|1|6|201|212|212|285|47781|34664.0|13193.0|11762.0|9709.0|25000|11959|9303|7348768.0|2796916.0|2493544.0|2058308.0|4380478|2778983|390892|490990|33|125|52|0|1838491|2742346|233340|1997836|6.15|11|4.59|173|481|201|5291.0
202411|ADM|11|11170|46110000|경기|강남구|인계동|4611000000|서초1동|1|35|1|1|3|1224|310|310|708|78776|36905.0|22748.0|6514.0|7643.0|31738|16791|4998|11440550.0|7051880.0|2019340.0|2369330.0|3596449|2281155|862292|108061|78|126|32|11|7703354|2567040|1317511|1952258|7.99|43|4.6|13|330|80|14190.0
202411|PRVNC|11|26110|11170000|경기|수원시|역삼동|4311000000|인계동|2|55|1|2|2|1003|108|108|480|68624|27658.0|18566.0|3226.0|5866.0|27346|15947|3042|2987064.0|2005128.0|348408.0|633528.0|1713924|162879|693943|40583|19|59|15|7|9764031|18280828|1248480|30604|3.49|10|2.59|122|155|160|1550.0
202411|CNTY_GU|44|43110|26110000|경기|성남시|역삼동|4711000000|인계동|1|70|2|1|6|873|261|261|854|43227|6179.0|2213.0|1461.0|2505.0|5182|2087|1056|1612719.0|577593.0|381321.0|653805.0|3454381|2784793|311239|489479|61|120|32|17|2855458|9533438|581711|744525|2.66|32|1.31|32|121|300|3872.0
202411|CNTY_GU|26|11170|28110000|경기|서초구|인계동|4413000000|서초1동|2|40|1|2|10|765|82|82|199|71781|26286.0|14493.0|9914.0|1879.0|19440|13466|8089|2155452.0|1188426.0|812948.0|154078.0|2886482|2709853|817663|293780|14|48|17|6|6595719|4177443|4814668|1167839|4.8|10|1.17|16|467|162|4670.0
202411|ADM|44|11110|11200000|경기|성남시|역삼동|2614000000|역삼1가|2|55|2|2|1|254|475|475|847|64426|22398.0|17084.0|3893.0|1421.0|15881|15299|3341|10639050.0|8114900.0|1849175.0|674975.0|2772438|1220389|629117|254883|71|210|60|11|1363442|5820947|275098|1193980|6.35|47|1.2|23|105|109|4935.0
202411|CNTY_GU|47|43110|41150000|인천|강남구|역삼동|1111000000|인계동|1|35|3|1|3|1024|216|216|45|13577|1172.0|656.0|241.0|275.0|1068|560|173|253152.0|141696.0|52056.0|59400.0|641877|2970562|605429|276781|51|93|22|9|7030032|3907941|922314|1325507|4.43|14|3.45|152|251|69|3514.0
202411|ADM|42|45110|11140000|서울|수원시|역삼동|4111000000|역삼1가|2|35|0|2|3|1654|77|77|114|45693|32648.0|15525.0|12524.0|4599.0|28845|12868|10044|2513896.0|1195425.0|964348.0|354123.0|3456995|1438400|514565|378478|17|36|19|5|2365415|18509175|4874088|1528578|7.1|0|3.8|75|0|442|0.0
202411|ADM|44|41110|11110000|경기|수원시|역삼동|2611000000|인계동|1|30|2|1|3|1290|223|223|61|52611|45772.0|27668.0|10408.0|7696.0|40409|20131|8373|10207156.0|6169964.0|2320984.0|1716208.0|2395181|1757119|156137|404883|30|103|35|1|1167665|8326432|810402|704489|7.67|12|3.24|6|177|194|2124.0
202411|CNTY_GU|42|41150|27110000|부산|서초구|서초동|4611000000|역삼1가|2|30|0|2|10|119|148|148|392|38168|45403.0|21924.0|8216.0|15263.0|35480|21802|7669|6719644.0|3244752.0|1215968.0|2258924.0|2126015|287603|609832|205790|42|82|31|13|9344014|3140866|4695069|1472733|6.13|9|1.51|77|272|325|2448.0
202411|ADM|42|41130|11110000|부산|강남구|인계동|4711000000|인계동|2|30|2|2|10|1726|296|296|747|19355|10130.0|5160.0|3590.0|1380.0|7959|4144|3376|2998480.0|1527360.0|1062640.0|408480.0|2348286|1379037|164256|416653|44|123|72|22|7649457|6051190|1524782|1035875|6.29|28|3.46|115|245|428|6860.0
202411|ADM|41|43110|44130000|부산|성남시|역삼동|1117000000|역삼1가|2|55|1|2|10|1154|49|49|799|13923|4113.0|3235.0|1165.0|0.0|3755|2350|1106|201537.0|158515.0|57085.0|0.0|1827269|1062083|221918|353661|8|20|14|3|3842425|17688821|3214302|671666|5.6|5|4.24|118|342|187|1710.0
202411|ADM|46|11170|41130000|경기|수원시|역삼동|4711000000|인계동|1|65|1|2|3|638|367|367|112|87458|45202.0|14853.0|6827.0|23522.0|37914|10630|4979|16589134.0|5451051.0|2505509.0|8632574.0|4983137|2704020|253832|159815|40|161|65|29|8634109|4294370|4296657|596716|3.33|1|4.91|92|132|161|132.0
202411|ADM|47|26110|43110000|대구|서초구|인계동|1114000000|서초1동|2|60|1|1|2|417|261|261|195|48429|7329.0|5724.0|2747.0|0.0|6948|4701|2479|1912869.0|1493964.0|716967.0|0.0|4210883|643086|656149|363790|29|143|59|17|6653156|14381434|489950|1168097|6.2|10|3.46|67|130|418|1300.0
202411|ADM|44|26140|42110000|대구|성남시|인계동|4111000000|역삼1가|1|70|1|2|10|743|291|291|270|34203|40452.0|26048.0|12151.0|2253.0|33079|19929|11414|11771532.0|7579968.0|3535941.0|655623.0|698231|1503455|638019|379089|73|167|55|9|8008793|4933935|3318914|604339|4.21|33|4.33|153|412|464|13596.0
202411|CNTY_GU|41|44130|28110000|대구|수원시|역삼동|1120000000|역삼1가|1|55|3|2|9|623|163|163|115|48125|33802.0|12028.0|9214.0|12560.0|29488|9832|8197|5509726.0|1960564.0|1501882.0|2047280.0|4761729|1519038|23053|381503|36|66|23|14|2920314|15688871|2973088|1994083|6.33|4|2.94|136|242|245|968.0
202411|CNTY_GU|41|28110|11140000|인천|강남구|인계동|2614000000|서초1동|1|50|2|1|10|1077|288|288|455|44253|8426.0|6565.0|2084.0|0.0|6497|6094|1726|2426688.0|1890720.0|600192.0|0.0|4207054|2981542|762877|289201|52|140|76|0|2888240|10892477|115432|1623189|5.39|30|2.07|19|419|251|12570.0
202411|ADM|41|11170|43110000|서울|성남시|역삼동|4111000000|역삼1가|1|45|0|1|8|407|68|68|583|20627|17871.0|12985.0|3475.0|1411.0|16448|12563|3149|1215228.0|882980.0|236300.0|95948.0|3594741|61960|438328|191164|12|30|19|4|1567918|15326998|3300224|1625131|3.69|2|4.99|11|63|225|126.0
202411|ADM|46|28110|11200000|인천|성남시|인계동|4611000000|역삼1가|1|60|1|1|2|315|494|494|363|60677|3125.0|2148.0|340.0|637.0|2940|1964|292|1543750.0|1061112.0|167960.0|314678.0|4843239|2236752|319578|151874|100|280|58|25|1861866|2337353|4333905|228358|6.25|72|3.53|9|81|395|5832.0
202411|ADM|47|41130|26140000|인천|수원시|인계동|1114000000|인계동|2|50|3|2|10|411|313|313|980|17371|5228.0|3524.0|685.0|1019.0|4020|2504|615|1636364.0|1103012.0|214405.0|318947.0|1490916|727699|729662|6022|83|161|37|25|6084074|16216371|541496|1008933|2.65|32|2.16|17|109|308|3488.0
202411|CNTY_GU|26|26140|47110000|경기|서초구|역삼동|4511000000|서초1동|1|25|3|2|9|1389|432|432|754|51865|46888.0|37420.0|12608.0|0.0|43065|29950|10144|20255616.0|16165440.0|5446656.0|0.0|3138213|955355|550733|278909|120|203|84|15|905121|18375249|687570|150940|3.75|61|3.14|103|21|447|1281.0
202411|PRVNC|27|45110|28110000|인천|성남시|서초동|4611000000|서초1동|1|50|1|1|4|1541|80|80|885|46037|46335.0|28358.0|18463.0|0.0|37161|21002|18381|3706800.0|2268640.0|1477040.0|0.0|581224|525923|511365|235683|8|34|13|1|1005209|1101892|1110634|229303|7.76|1|4.03|86|451|143|451.0
202411|CNTY_GU|27|41110|46110000|경기|성남시|역삼동|2611000000|역삼1가|2|35|0|1|3|1790|381|381|98|56823|1956.0|1405.0|629.0|0.0|1780|1236|521|745236.0|535305.0|239649.0|0.0|3905253|1850074|971920|326702|75|192|51|27|6325221|13255299|3027881|1482597|7.56|21|2.21|119|351|375|7371.0
202411|CNTY_GU|47|11140|28110000|인천|수원시|인계동|1120000000|서초1동|2|50|0|1|8|1640|468|468|947|86638|44768.0|29209.0|15759.0|0.0|35543|21173|14154|20951424.0|13669812.0|7375212.0|0.0|641794|630882|497742|164045|136|265|49|20|1764889|14604126|4764026|1967035|3.04|47|4.32|108|364|259|17108.0
202411|CNTY_GU|41|26110|41150000|서울|수원시|역삼동|2811000000|인계동|1|50|2|1|1|924|168|168|913|41342|30693.0|18616.0|10899.0|1178.0|25462|13599|9079|5156424.0|3127488.0|1831032.0|197904.0|3035494|436855|456911|229998|45|78|44|12|2392421|4313823|3915664|1666048|2.67|5|3.64|145|354|373|1770.0
202411|ADM|46|11200|26110000|경기|서초구|서초동|4413000000|역삼1가|1|35|0|2|7|1699|311|311|734|81646|1327.0|995.0|291.0|41.0|1229|961|227|412697.0|309445.0|90501.0|12751.0|3034574|2430190|762543|383737|67|145|36|15|5741004|15027280|445303|766400|6.82|34|2.52|87|372|38|12648.0
202411|ADM|47|11140|28110000|대구|강남구|인계동|4413000000|역삼1가|2|70|3|1|9|1856|55|55|815|80616|10074.0|6573.0|1192.0|2309.0|8587|5907|1033|554070.0|361515.0|65560.0|126995.0|4176423|67917|534015|343055|13|28|13|1|1953293|19973089|992414|221350|5.3|3|1.14|72|403|440|1209.0
202411|ADM|42|27110|26110000|부산|성남시|서초동|1114000000|역삼1가|1|55|2|1|7|1593|116|116|791|20039|47488.0|18722.0|8161.0|20605.0|34489|17288|7433|5508608.0|2171752.0|946676.0|2390180.0|3536963|1090278|624473|10710|23|52|22|3|8019224|8094361|358876|1185738|4.0|13|3.33|178|316|294|4108.0
202411|PRVNC|47|41130|44130000|대구|성남시|인계동|1111000000|서초1동|1|50|0|2|2|175|89|89|966|46735|1317.0|1049.0|187.0|81.0|1138|817|145|117213.0|93361.0|16643.0|7209.0|2651226|1493985|836579|32258|16|42|13|5|441087|6998482|334713|151921|7.07|10|2.24|162|46|366|460.0
202411|ADM|11|43110|26110000|부산|성남시|인계동|4115000000|서초1동|1|55|0|1|9|1798|270|270|258|98634|12331.0|5810.0|4817.0|1704.0|10864|5133|4305|3329370.0|1568700.0|1300590.0|460080.0|1315706|1227240|74409|320217|28|120|60|18|8657777|12888390|4430079|1850346|7.89|14|4.8|155|335|243|4690.0
202411|ADM|46|11140|11200000|경기|수원시|서초동|1117000000|인계동|1|40|1|2|4|812|470|470|311|26900|40400.0|27258.0|13314.0|0.0|34771|23440|11469|18988000.0|12811260.0|6257580.0|0.0|3025734|2809919|990654|332998|71|228|127|14|4276259|16190645|2110811|457020|7.12|5|2.75|44|363|230|1815.0
202411|ADM|43|26110|44130000|부산|성남시|서초동|4711000000|인계동|2|55|0|2|9|1075|465|465|993|21379|49661.0|16127.0|15208.0|18326.0|37246|13952|12417|23092365.0|7499055.0|7071720.0|8521590.0|4213727|254396|745042|474145|74|229|122|8|2643345|15696141|1163283|1077586|2.17|14|4.03|150|269|27|3766.0
202411|CNTY_GU|47|26140|46110000|인천|수원시|서초동|2611000000|서초1동|1|60|3|2|6|976|58|58|19|13882|39569.0|30566.0|9197.0|0.0|33617|30079|7262|2295002.0|1772828.0|533426.0|0.0|1596015|423328|339925|340797|7|24|13|2|5260635|7432802|4249111|1201053|2.83|6|1.53|64|210|253|1260.0
202411|ADM|11|11200|27110000|인천|성남시|역삼동|4111000000|역삼1가|2|40|0|2|9|371|312|312|968|65553|29443.0|9684.0|3333.0|16426.0|23132|7944|2957|9186216.0|3021408.0|1039896.0|5124912.0|351334|2893347|359175|104662|60|138|59|5|4122451|10954988|1258064|377306|2.68|24|2.88|5|85|338|2040.0
202411|CNTY_GU|45|26110|46110000|대구|강남구|서초동|2611000000|서초1동|2|20|0|1|9|1648|473|473|174|72587|40944.0|13024.0|13315.0|14605.0|29656|10770|11448|19366512.0|6160352.0|6297995.0|6908165.0|4135355|2572703|453308|395131|106|274|58|28|5784951|2630214|4691724|112194|2.59|64|2.55|76|25|211|1600.0
202411|ADM|27|41150|44130000|인천|서초구|인계동|1117000000|인계동|2|30|0|2|5|965|404|404|482|33641|29700.0|16106.0|3165.0|10429.0|23334|11870|2696|11998800.0|6506824.0|1278660.0|4213316.0|1928225|1160492|979184|57899|75|164|81|11|8348012|4303253|1350560|1149549|2.34|46|4.55|62|30|284|1380.0
202411|ADM|46|11110|26140000|대구|성남시|인계동|4111000000|인계동|2|70|0|2|3|1251|499|499|812|76635|36693.0|29285.0|6602.0|806.0|31785|20509|4793|18309807.0|14613215.0|3294398.0|402194.0|1244591|502692|185415|23384|134|240|102|8|8645054|6902809|1702411|656809|6.11|8|1.77|112|389|186|3112.0
202411|ADM|11|11200|11200000|대구|강남구|서초동|4611000000|인계동|2|45|0|1|2|1195|433|433|348|88472|32319.0|25507.0|8543.0|0.0|31608|22751|7223|13994127.0|11044531.0|3699119.0|0.0|4187988|1967907|607471|377589|97|259|112|1|9280969|3344253|4172244|1767959|2.67|23|4.44|24|205|352|4715.0
202411|ADM|44|44130|41150000|부산|서초구|역삼동|4511000000|역삼1가|1|55|0|2|4|296|193|193|612|14164|27509.0|16486.0|8840.0|2183.0|19520|14041|8208|5309237.0|3181798.0|1706120.0|421319.0|7368|976887|111458|246841|45|114|36|6|6370744|16316782|4578573|1189803|7.51|14|1.6|134|161|347|2254.0
202411|ADM|41|46110|27110000|부산|강남구|서초동|4211000000|인계동|2|30|1|2|8|1014|186|186|208|21102|27234.0|18622.0|5675.0|2937.0|25919|18467|4916|5065524.0|3463692.0|1055550.0|546282.0|4765870|243085|233869|406704|54|111|49|7|2057466|15949509|3806909|1577773|6.82|6|2.35|110|75|333|450.0
202411|PRVNC|44|11140|42110000|경기|서초구|서초동|2711000000|인계동|1|45|0|1|6|1145|428|428|733|97008|12758.0|3855.0|2347.0|6556.0|11742|3844|1977|5460424.0|1649940.0|1004516.0|2805968.0|1510697|1152261|63964|266849|79|224|112|38|2607716|9025150|709439|1378179|3.64|14|2.18|17|269|45|3766.0
202411|CNTY_GU|26|41130|27110000|경기|강남구|역삼동|4113000000|서초1동|1|55|1|1|9|904|330|330|956|21347|44624.0|18220.0|5982.0|20422.0|37275|14712|5598|14725920.0|6012600.0|1974060.0|6739260.0|161865|1625403|662351|351974|76|168|59|20|9023920|1935294|3153747|722701|2.24|8|2.62|106|344|341|2752.0
202411|CNTY_GU|26|41150|26140000|경기|수원시|역삼동|2611000000|서초1동|2|40|0|1|5|6|50|50|771|57855|39848.0|19811.0|9171.0|10866.0|28042|14698|8229|1992400.0|990550.0|458550.0|543300.0|1146745|2927527|365480|406400|14|27|9|2|8514197|19714942|3296692|240026|6.37|1|2.35|25|24|170|24.0
202411|ADM|27|27110|42110000|인천|수원시|서초동|4115000000|역삼1가|1|55|0|2|8|1595|256|256|148|62402|11693.0|3705.0|1233.0|6755.0|11059|3624|1223|2993408.0|948480.0|315648.0|1729280.0|401179|73130|360838|76125|41|110|65|9|3469945|11568144|2743819|1479448|4.3|27|4.72|73|191|84|5157.0
202411|CNTY_GU|45|45110|11200000|부산|성남시|역삼동|4711000000|인계동|2|65|0|1|6|1581|63|63|486|38096|25891.0|14128.0|7006.0|4757.0|21342|11909|6471|1631133.0|890064.0|441378.0|299691.0|732729|1733808|44979|404908|8|26|8|1|5693155|19414074|4341003|819911|7.31|0|3.38|99|0|111|0.0
202411|ADM|45|26110|41110000|서울|강남구|역삼동|2611000000|역삼1가|1|25|1|1|7|915|484|484|961|19429|46152.0|31139.0|11772.0|3241.0|43026|21999|8253|22337568.0|15071276.0|5697648.0|1568644.0|4179393|1425004|652541|25863|55|222|106|27|9048473|15857960|4490518|1698382|4.87|54|3.34|53|206|104|11124.0
202411|CNTY_GU|43|41150|26110000|부산|강남구|인계동|4511000000|인계동|2|50|0|1|10|584|349|349|252|99308|26750.0|17781.0|2773.0|6196.0|26236|12661|2577|9335750.0|6205569.0|967777.0|2162404.0|3065943|1279636|402326|164444|100|159|90|29|7018833|7699891|4253222|1554436|5.15|33|3.6|169|133|222|4389.0
202411|ADM|11|41150|11110000|서울|성남시|역삼동|4611000000|인계동|2|55|2|2|9|1671|375|375|696|91854|32782.0|10914.0|7634.0|14234.0|27204|8072|7285|12293250.0|4092750.0|2862750.0|5337750.0|1793737|2669123|58175|125115|38|162|60|0|5721184|8828676|3119631|1809529|7.12|13|1.02|91|36|438|468.0
202411|ADM|42|43110|47110000|인천|성남시|서초동|2811000000|인계동|2|35|1|1|5|101|399|399|776|90249|21699.0|16588.0|4675.0|436.0|15596|12078|3324|8657901.0|6618612.0|1865325.0|173964.0|3637653|789110|604905|5191|117|211|85|22|5206675|5883159|4541155|691709|4.91|46|2.16|12|396|18|18216.0
202411|CNTY_GU|26|46110|45110000|인천|강남구|인계동|1120000000|서초1동|2|45|0|1|7|909|475|475|850|73136|44367.0|35054.0|13998.0|0.0|38169|32774|13224|21074325.0|16650650.0|6649050.0|0.0|2125615|1229811|218732|192695|82|217|47|37|9881874|3104109|158128|768130|4.69|47|4.52|82|368|1|17296.0
202411|CNTY_GU|41|45110|41150000|경기|강남구|인계동|4211000000|서초1동|2|25|1|2|5|35|472|472|864|69590|47858.0|29705.0|16399.0|1754.0|42348|21993|13324|22588976.0|14020760.0|7740328.0|827888.0|3594835|1817839|511023|295989|82|259|58|17|9306382|137407|644287|52616|6.17|61|2.78|107|83|14|5063.0
202411|ADM|44|45110|46110000|대구|강남구|서초동|4111000000|인계동|1|55|0|1|9|1377|167|167|320|24934|33750.0|16441.0|4860.0|12449.0|26337|16058|4312|5636250.0|2745647.0|811620.0|2078983.0|246008|2568432|547483|160358|49|80|47|1|8532887|9529314|4332617|1205711|4.73|11|4.75|92|224|33|2464.0
202411|CNTY_GU|43|43110|46110000|대구|수원시|역삼동|1120000000|인계동|2|70|3|2|5|717|285|285|775|14961|7989.0|6215.0|2004.0|0.0|6317|5696|1636|2276865.0|1771275.0|571140.0|0.0|4760297|699768|509195|85095|49|164|55|10|1399429|7826270|2242504|1000159|6.3|24|3.88|38|12|252|288.0
202411|ADM|43|44130|42110000|대구|수원시|인계동|4611000000|서초1동|1|60|1|1|2|596|417|417|528|62104|37594.0|19388.0|3968.0|14238.0|28934|15144|3883|15676698.0|8084796.0|1654656.0|5937246.0|3078736|1445472|286361|444783|45|188|116|24|9257924|19741528|2557687|952148|6.63|17|4.86|35|486|354|8262.0
202411|CNTY_GU|44|26140|41110000|경기|성남시|인계동|4511000000|인계동|1|60|2|2|8|1053|3|3|998|36779|49066.0|33144.0|12604.0|3318.0|39493|24411|11115|147198.0|99432.0|37812.0|9954.0|4384567|1729308|51848|116471|0|1|0|0|7681231|621448|3783669|860327|3.09|0|2.3|115|0|242|0.0
202411|ADM|27|44130|11170000|부산|수원시|서초동|4511000000|서초1동|1|25|0|2|2|555|498|498|160|77339|31141.0|10205.0|5508.0|15428.0|29778|8689|4007|15508218.0|5082090.0|2742984.0|7683144.0|3901887|340277|380447|417060|117|293|144|27|8010648|16001550|2902737|907468|5.79|38|2.62|137|202|314|7676.0
202411|ADM|47|11200|44130000|서울|수원시|서초동|2711000000|인계동|1|35|3|2|8|789|236|236|670|23819|8747.0|5542.0|2466.0|739.0|8633|4106|2048|2064292.0|1307912.0|581976.0|174404.0|239094|757283|539036|62279|64|125|39|15|7898215|17699068|4060477|724846|2.96|19|3.05|40|274|365|5206.0
202411|CNTY_GU|45|47110|11140000|경기|강남구|역삼동|1120000000|인계동|2|35|0|1|2|257|90|90|236|19338|40269.0|15117.0|11648.0|13504.0|35504|12735|8190|3624210.0|1360530.0|1048320.0|1215360.0|3276644|1399922|541270|440804|12|53|15|0|620795|13910831|245792|420794|7.37|1|3.1|15|109|336|109.0
202411|CNTY_GU|46|28110|28110000|인천|수원시|인계동|2614000000|역삼1가|1|55|0|1|4|1259|330|330|630|68640|2646.0|1106.0|476.0|1064.0|2209|881|463|873180.0|364980.0|157080.0|351120.0|1029005|2639708|614734|446415|96|161|34|18|4692692|10534091|125204|107153|5.58|25|4.45|173|433|177|10825.0
202411|ADM|26|47110|41110000|경기|성남시|역삼동|2711000000|서초1동|2|45|2|1|10|369|376|376|248|55713|6759.0|2508.0|1900.0|2351.0|5596|2117|1456|2541384.0|943008.0|714400.0|883976.0|1905494|457209|818850|345834|67|176|46|29|7883792|3231158|1712269|1505709|4.52|32|4.91|113|294|402|9408.0
202411|ADM|45|26140|11140000|인천|강남구|서초동|4113000000|서초1동|1|20|2|2|5|398|365|365|193|17435|33811.0|27044.0|9203.0|0.0|28070|25921|8840|12341015.0|9871060.0|3359095.0|0.0|1925648|2689708|680424|183344|83|194|106|24|2187981|2917965|1660192|1591423|4.39|32|4.51|88|19|317|608.0
202411|PRVNC|41|42110|41130000|서울|서초구|인계동|1117000000|서초1동|2|25|3|1|1|604|316|316|264|70955|8807.0|6610.0|2037.0|160.0|6260|5400|1996|2783012.0|2088760.0|643692.0|50560.0|1765010|1260937|162667|177954|78|180|79|28|56686|2483704|259989|1568587|7.05|37|1.21|166|170|314|6290.0
202411|PRVNC|46|41130|41110000|경기|수원시|서초동|4413000000|역삼1가|2|55|1|1|4|1504|377|377|89|90044|22891.0|13370.0|9015.0|506.0|18953|11559|7342|8629907.0|5040490.0|3398655.0|190762.0|4768665|768012|539350|330132|56|181|74|28|7774624|5670770|1076290|461133|3.9|7|4.77|39|373|70|2611.0
202411|ADM|27|42110|28110000|인천|강남구|역삼동|4211000000|인계동|1|55|2|1|4|715|193|193|363|38760|6061.0|4800.0|1467.0|0.0|4622|4020|1243|1169773.0|926400.0|283131.0|0.0|1226971|1700680|949587|189023|34|85|55|0|5637081|15292764|3841111|1964860|6.28|24|4.92|121|467|10|11208.0
202411|ADM|11|11110|11200000|부산|수원시|서초동|2711000000|서초1동|1|65|3|1|2|1807|171|171|74|67217|15612.0|9046.0|2867.0|3699.0|15007|6410|2479|2669652.0|1546866.0|490257.0|632529.0|2409142|2050434|691731|248770|51|82|33|8|263397|17022924|1908921|959964|4.93|17|1.45|40|292|177|4964.0
202411|CNTY_GU|47|47110|27110000|서울|성남시|서초동|2811000000|서초1동|2|50|2|1|3|854|441|441|381|80296|12924.0|8865.0|3718.0|341.0|9425|6437|3610|5699484.0|3909465.0|1639638.0|150381.0|4290984|1743110|462311|215633|91|235|88|32|2376065|19143242|2508449|1458283|4.57|48|1.42|153|332|485|15936.0
202411|ADM|42|41110|26140000|인천|수원시|역삼동|4111000000|역삼1가|1|40|0|2|5|1530|308|308|516|59481|45521.0|24930.0|12664.0|7927.0|36568|24029|11339|14020468.0|7678440.0|3900512.0|2441516.0|3648193|70587|497558|158923|40|143|48|9|5816434|7543936|82718|1585244|7.99|24|1.76|151|10|138|240.0
202411|ADM|45|11200|27110000|대구|성남시|서초동|1120000000|인계동|1|55|3|1|7|1739|387|387|343|81633|47647.0|26556.0|13737.0|7354.0|40681|25072|11376|18439389.0|10277172.0|5316219.0|2845998.0|662067|2780708|923841|97412|73|178|83|27|2130207|2968059|4196885|674527|6.22|30|3.48|48|326|63|9780.0
202411|ADM|26|41130|11140000|인천|수원시|서초동|4311000000|인계동|1|60|0|2|6|1703|352|352|220|99335|7563.0|4334.0|2478.0|751.0|6173|3332|2083|2662176.0|1525568.0|872256.0|264352.0|4868685|1184656|544325|188310|41|150|92|10|7078756|14773000|4644291|604735|2.68|42|2.89|159|201|132|8442.0
202411|CNTY_GU|26|26110|41110000|서울|성남시|인계동|2811000000|서초1동|2|35|1|1|9|144|347|347|759|64022|5932.0|4683.0|1045.0|204.0|5753|3520|852|2058404.0|1625001.0|362615.0|70788.0|1374449|971860|953702|134121|91|203|96|13|9307111|8020867|907227|634912|5.3|8|4.51|116|159|375|1272.0
202411|PRVNC|42|42110|43110000|경기|수원시|서초동|4611000000|서초1동|1|40|0|2|7|312|276|276|470|83486|36642.0|16975.0|5870.0|13797.0|36477|14735|4562|10113192.0|4685100.0|1620120.0|3807972.0|3631216|1663305|38011|224692|61|149|76|14|5007971|3313353|675460|849883|4.35|30|3.35|176|491|352|14730.0
202411|ADM|41|43110|26140000|대구|강남구|역삼동|4413000000|인계동|1|55|2|1|4|559|285|285|119|27445|42137.0|21837.0|14938.0|5362.0|34102|16941|10793|12009045.0|6223545.0|4257330.0|1528170.0|103955|833756|92280|310649|61|114|74|23|940393|1573438|1716379|1203424|6.7|25|4.04|167|182|199|4550.0
202411|CNTY_GU|47|11200|11140000|부산|수원시|인계동|1117000000|인계동|2|65|1|1|4|1148|160|160|753|56469|1416.0|772.0|471.0|173.0|1023|685|372|226560.0|123520.0|75360.0|27680.0|2927010|1547644|905465|385527|36|81|29|8|158880|4123537|3349784|1341361|5.28|17|4.34|68|417|456|7089.0
202411|ADM|42|26140|47110000|서울|강남구|역삼동|2711000000|역삼1가|2|35|0|2|10|1225|41|41|850|98055|40277.0|16380.0|6755.0|17142.0|37942|14888|6229|1651357.0|671580.0|276955.0|702822.0|227441|1313784|78643|126727|11|22|4|3|5100556|5105601|4739823|1415563|3.11|2|4.26|5|75|237|150.0
202411|CNTY_GU|42|43110|45110000|부산|수원시|서초동|4211000000|인계동|1|70|0|2|6|969|161|161|290|64808|27698.0|13608.0|3467.0|10623.0|26319|10385|3466|4459378.0|2190888.0|558187.0|1710303.0|736239|776473|76556|396296|22|77|24|6|8420093|7906988|1319027|1354952|2.61|4|3.58|21|458|49|1832.0
202411|CNTY_GU|41|11170|27110000|인천|성남시|서초동|2811000000|인계동|2|50|0|1|4|1112|380|380|281|92046|38580.0|29624.0|4226.0|4730.0|27928|26920|3519|14660400.0|11257120.0|1605880.0|1797400.0|4778055|605202|137783|480524|57|224|38|31|120091|10130993|145082|1086254|3.64|0|3.41|35|0|60|0.0
202411|ADM|27|41110|41110000|부산|강남구|인계동|2611000000|역삼1가|1|45|0|1|4|755|4|4|330|76072|39913.0|21811.0|5122.0|12980.0|32608|19600|4105|159652.0|87244.0|20488.0|51920.0|3096543|2277802|178824|496293|0|1|1|0|2677477|13537185|4411297|1238696|2.92|0|4.61|162|0|495|0.0
202411|CNTY_GU|42|44130|46110000|인천|서초구|역삼동|2811000000|역삼1가|2|30|1|2|7|982|437|437|38|50685|4844.0|2213.0|1607.0|1024.0|4729|2138|1127|2116828.0|967081.0|702259.0|447488.0|799203|2791020|231809|334831|88|259|91|28|1157059|2044812|854948|1001756|4.23|10|3.13|76|359|266|3590.0
202411|ADM|47|11140|42110000|서울|강남구|역삼동|4413000000|인계동|2|35|3|1|8|1787|251|251|915|76946|13914.0|5797.0|4317.0|3800.0|11347|5080|3196|3492414.0|1455047.0|1083567.0|953800.0|4277345|1934194|851018|26712|56|143|46|18|785711|19306650|3301192|280235|6.27|13|2.44|16|15|10|195.0
202411|CNTY_GU|26|27110|28110000|서울|성남시|역삼동|4211000000|서초1동|1|40|0|1|9|1592|97|97|869|26569|42431.0|19166.0|11361.0|11904.0|31407|18473|9796|4115807.0|1859102.0|1102017.0|1154688.0|2220050|379779|831047|2142|18|44|26|3|8870811|351130|601422|297590|3.49|7|4.61|123|336|141|2352.0
202411|CNTY_GU|42|11200|11140000|대구|강남구|역삼동|1120000000|인계동|2|25|3|2|1|988|194|194|768|57600|27283.0|10082.0|3081.0|14120.0|20070|8674|2980|5292902.0|1955908.0|597714.0|2739280.0|4131977|1592415|526816|14611|20|94|25|12|3565398|2195547|1533499|1575695|6.12|7|4.61|6|44|231|308.0
202411|PRVNC|41|26110|11140000|인천|수원시|역삼동|4413000000|역삼1가|2|55|0|2|6|643|215|215|935|86870|22672.0|12390.0|4666.0|5616.0|20249|11720|4548|4874480.0|2663850.0|1003190.0|1207440.0|1406259|431826|656712|180018|22|103|44|11|1791931|12898643|1667133|1570716|2.03|10|2.58|5|121|4|1210.0
202411|ADM|44|44130|41110000|인천|서초구|서초동|1120000000|인계동|1|70|0|2|5|1689|131|131|520|44657|28471.0|14319.0|7847.0|6305.0|24860|14039|5898|3729701.0|1875789.0|1027957.0|825955.0|2077534|316103|578583|286470|30|61|14|3|386499|3158370|3830486|1275580|3.8|13|1.01|13|417|5|5421.0
202411|ADM|41|28110|11170000|서울|성남시|서초동|4413000000|서초1동|1|65|1|1|5|348|316|316|401|44442|46176.0|25989.0|13706.0|6481.0|34155|19163|13000|14591616.0|8212524.0|4331096.0|2047996.0|3400202|809825|535262|322263|62|181|71|16|8113430|10464514|3601117|1442113|6.08|20|3.34|174|285|284|5700.0
202411|CNTY_GU|43|46110|26110000|서울|강남구|역삼동|2811000000|역삼1가|1|70|3|2|8|1029|439|439|725|53098|17233.0|10232.0|3127.0|3874.0|16013|9317|2495|7565287.0|4491848.0|1372753.0|1700686.0|1949037|2651477|130922|235680|102|250|111|40|4160434|19945835|537266|995600|5.75|38|1.99|112|321|62|12198.0
202411|CNTY_GU|27|26110|26110000|서울|서초구|서초동|2711000000|인계동|1|55|2|1|8|1728|495|495|101|81475|25516.0|7767.0|2734.0|15015.0|21576|6261|2157|12630420.0|3844665.0|1353330.0|7432425.0|2200969|1307024|150018|257950|139|269|116|15|1738705|12004821|4288695|765597|5.58|38|2.04|116|353|58|13414.0
202411|PRVNC|41|11170|11140000|인천|강남구|인계동|2614000000|서초1동|1|55|0|1|10|1229|367|367|106|61415|1217.0|574.0|360.0|283.0|1042|530|322|446639.0|210658.0|132120.0|103861.0|1956708|1562332|311204|272440|65|204|65|33|5678329|7609942|2096663|1043987|6.03|8|3.51|36|267|244|2136.0
202411|ADM|44|11110|41130000|서울|강남구|인계동|4115000000|인계동|2|70|0|2|2|1037|90|90|297|42443|4730.0|3772.0|1871.0|0.0|4414|2770|1467|425700.0|339480.0|168390.0|0.0|174425|1384344|628934|326505|22|38|9|5|9988119|13743054|4378795|1815579|7.07|11|2.44|60|383|205|4213.0
202411|ADM|41|45110|11140000|부산|서초구|인계동|4413000000|역삼1가|2|60|0|1|7|1672|178|178|354|59273|31134.0|16226.0|7633.0|7275.0|25046|11925|5487|5541852.0|2888228.0|1358674.0|1294950.0|3249574|2900338|698143|426887|22|88|24|15|6875968|7326759|3904506|516666|2.7|2|4.8|151|75|113|150.0
202411|CNTY_GU|27|44130|26110000|서울|서초구|인계동|4413000000|역삼1가|1|35|2|2|8|1409|418|418|506|84805|22170.0|13664.0|4157.0|4349.0|17464|11322|3907|9267060.0|5711552.0|1737626.0|1817882.0|782237|1638504|920949|229992|70|212|101|30|5670562|17087084|1042445|1936964|4.79|11|2.67|9|203|350|2233.0
202411|ADM|44|44130|43110000|부산|성남시|서초동|4711000000|서초1동|2|55|1|1|5|1252|466|466|487|75325|850.0|628.0|327.0|0.0|802|526|268|396100.0|292648.0|152382.0|0.0|442894|2485750|174017|383002|86|275|90|6|9626587|19213462|3968648|927524|7.1|59|1.32|15|351|62|20709.0
202411|PRVNC|41|27110|47110000|부산|성남시|인계동|4413000000|인계동|2|30|0|1|2|337|254|254|602|29376|10991.0|7209.0|1193.0|2589.0|9865|6615|1092|2791714.0|1831086.0|303022.0|657606.0|92029|2401730|334984|16266|69|134|70|17|3928786|15282348|2227890|240550|3.85|25|2.38|25|349|202|8725.0
202411|CNTY_GU|43|41110|11170000|대구|강남구|인계동|2811000000|서초1동|1|45|2|2|9|45|33|33|918|72430|44547.0|26147.0|14319.0|4081.0|33740|21763|11919|1470051.0|862851.0|472527.0|134673.0|4683112|2812699|58920|158196|8|13|8|2|9637862|8930801|3367741|1754822|7.87|1|1.2|153|384|371|384.0
202411|ADM|11|27110|11110000|서울|성남시|인계동|2711000000|서초1동|1|30|1|2|8|1829|246|246|264|32223|0.0|0.0|0.0|0.0|0|0|0|0.0|0.0|0.0|0.0|3632053|2066457|184605|65074|62|130|65|9|4213997|6003681|4418514|1832922|3.98|34|2.9|38|240|494|8160.0
202411|PRVNC|26|26110|45110000|인천|수원시|역삼동|4413000000|역삼1가|1|25|3|1|2|1573|19|19|148|57783|39912.0|29789.0|10727.0|0.0|28894|26142|9683|758328.0|565991.0|203813.0|0.0|1672197|2744268|702109|458825|1|7|5|0|4536460|10129748|1055199|707753|7.86|1|2.15|118|283|263|283.0
202411|ADM|45|41150|43110000|인천|강남구|역삼동|4611000000|서초1동|2|55|0|1|1|1829|254|254|902|25073|21374.0|14198.0|4127.0|3049.0|20411|10779|3908|5428996.0|3606292.0|1048258.0|774446.0|4455752|232131|954386|10848|43|101|26|19|1090170|8339170|4633013|1629769|7.63|9|1.88|133|367|340|3303.0
202411|ADM|42|45110|44130000|부산|서초구|인계동|2611000000|서초1동|2|55|0|2|9|823|106|106|412|39931|12979.0|7144.0|2006.0|3829.0|12025|6970|1750|1375774.0|757264.0|212636.0|405874.0|2176567|2870604|313087|39817|12|53|10|7|3961760|9419365|1064040|205981|2.31|2|1.97|62|36|350|72.0
202411|PRVNC|41|43110|44130000|서울|강남구|역삼동|2611000000|서초1동|2|45|1|1|6|883|439|439|684|60632|29393.0|19194.0|8169.0|2030.0|23967|14672|6654|12903527.0|8426166.0|3586191.0|891170.0|4502195|1110258|460543|134752|46|176|58|31|9486178|18686461|618378|869231|2.1|53|2.43|168|436|179|23108.0
202411|CNTY_GU|42|28110|45110000|경기|수원시|인계동|4711000000|서초1동|2|65|1|1|5|124|237|237|93|64301|43535.0|33587.0|16860.0|0.0|31611|31804|14986|10317795.0|7960119.0|3995820.0|0.0|4523930|2130933|650810|472211|60|109|25|1|3822176|17843719|3746612|631290|4.12|25|3.79|81|345|439|8625.0
202411|PRVNC|44|42110|46110000|경기|서초구|서초동|4115000000|인계동|1|60|1|1|4|795|29|29|300|44195|29590.0|15674.0|6142.0|7774.0|21617|13863|4688|858110.0|454546.0|178118.0|225446.0|4969429|2583176|629530|264024|3|13|5|1|2565379|15286745|893548|1345875|7.61|1|2.75|101|221|333|221.0
202411|ADM|41|28110|47110000|대구|강남구|역삼동|4211000000|인계동|1|55|2|2|1|116|330|330|264|82062|42923.0|31699.0|9421.0|1803.0|40841|26587|8424|14164590.0|10460670.0|3108930.0|594990.0|2355267|2701067|790522|368828|93|169|78|24|811399|18618014|2350925|906869|4.52|34|2.18|110|386|446|13124.0
202411|CNTY_GU|27|26110|46110000|대구|성남시|서초동|4113000000|역삼1가|1|65|0|2|9|1896|234|234|290|21430|32239.0|24905.0|11466.0|0.0|32041|18657|9647|7543926.0|5827770.0|2683044.0|0.0|3892063|2590648|323753|390615|43|121|54|0|7845532|3160148|3034517|157745|5.11|7|3.65|49|97|368|679.0
202411|ADM|45|41110|28110000|서울|강남구|역삼동|4111000000|인계동|2|40|1|1|6|454|490|490|54|99700|23701.0|16362.0|5340.0|1999.0|19431|14344|4461|11613490.0|8017380.0|2616600.0|979510.0|4293751|1685698|630113|350583|136|221|65|29|8208308|7615790|1194912|1522862|6.03|3|2.39|143|26|466|78.0
202411|ADM|46|41110|41150000|대구|서초구|서초동|2711000000|서초1동|2|40|0|1|5|1943|67|67|798|98938|38478.0|11878.0|6894.0|19706.0|30459|10557|6743|2578026.0|795826.0|461898.0|1320302.0|4592766|535296|77552|288429|8|35|19|2|5343564|10798397|3860762|1535389|3.48|3|2.21|12|240|438|720.0
202411|PRVNC|42|41150|11140000|서울|서초구|인계동|1111000000|인계동|2|40|1|1|10|487|60|60|986|20226|14409.0|9650.0|1511.0|3248.0|12193|7161|1197|864540.0|579000.0|90660.0|194880.0|4181064|2694334|783124|428322|17|27|12|2|9819360|15735070|2524308|756070|3.03|6|3.98|108|20|255|120.0
202411|ADM|46|46110|41130000|서울|성남시|서초동|4311000000|인계동|2|70|0|2|7|1648|121|121|297|27015|19865.0|13512.0|7557.0|0.0|15251|10671|5572|2403665.0|1634952.0|914397.0|0.0|2069934|2518881|554728|325162|30|50|16|5|6900948|11203852|1766149|1434002|7.97|7|3.12|15|92|393|644.0
202411|CNTY_GU|45|11110|43110000|서울|성남시|인계동|1120000000|인계동|2|45|1|1|5|1029|13|13|892|99533|26956.0|19555.0|4159.0|3242.0|25204|19266|4023|350428.0|254215.0|54067.0|42146.0|4873351|1524470|263116|4968|1|7|2|1|5062593|6382596|1211983|1230443|7.65|0|4.12|117|0|116|0.0
202411|CNTY_GU|11|42110|42110000|인천|수원시|역삼동|4211000000|서초1동|2|70|2|1|8|1230|139|139|932|68060|47132.0|33846.0|17982.0|0.0|40603|24518|13013|6551348.0|4704594.0|2499498.0|0.0|790583|770682|894011|447421|32|71|27|4|7933401|3671799|3922507|860321|5.07|11|4.99|174|314|98|3454.0
202411|ADM|41|47110|26140000|인천|서초구|역삼동|4711000000|역삼1가|2|65|0|2|9|1957|486|486|942|85375|35355.0|26735.0|7706.0|914.0|33329|24234|6989|17182530.0|12993210.0|3745116.0|444204.0|4140397|2175305|761899|186456|133|284|137|43|858974|9623101|4899669|1959241|4.42|48|2.65|59|175|387|8400.0
202411|ADM|11|41150|43110000|부산|성남시|인계동|4211000000|인계동|1|45|0|1|1|1114|354|354|441|58831|39062.0|17188.0|12145.0|9729.0|36520|13817|9505|13827948.0|6084552.0|4299330.0|3444066.0|549336|2277877|109514|5285|46|142|70|18|9157085|283548|31352|1503981|7.75|15|4.25|120|321|457|4815.0
202411|ADM|45|42110|11140000|경기|성남시|역삼동|4211000000|역삼1가|2|65|3|1|2|168|230|230|183|27403|24350.0|18768.0|7557.0|0.0|22359|14589|6577|5600500.0|4316640.0|1738110.0|0.0|2310767|2369231|572268|122700|36|107|66|4|5029103|17694669|1642138|419538|6.55|0|3.27|132|0|107|0.0
202411|CNTY_GU|43|11200|42110000|대구|서초구|서초동|1111000000|인계동|2|65|0|1|5|348|312|312|799|43019|26854.0|20020.0|7632.0|0.0|20073|16079|5986|8378448.0|6246240.0|2381184.0|0.0|1156976|2494518|457092|63803|89|149|79|9|1674109|5652455|125665|1939799|6.87|18|1.29|57|217|298|3906.0
202411|CNTY_GU|45|11110|47110000|부산|성남시|역삼동|1111000000|역삼1가|1|70|1|2|10|1151|213|213|192|96236|10491.0|6163.0|2280.0|2048.0|9182|4682|2264|2234583.0|1312719.0|485640.0|436224.0|1764369|1790111|787735|485171|48|91|42|19|4425978|8519550|4700863|1740284|6.84|20|2.81|146|386|245|7720.0
202411|CNTY_GU|47|28110|43110000|경기|강남구|인계동|4611000000|서초1동|1|50|0|2|8|1237|122|122|724|74709|44114.0|14278.0|5031.0|24805.0|43380|13000|3529|5381908.0|1741916.0|613782.0|3026210.0|945914|1551645|972551|450561|16|66|20|2|4527129|10109509|139611|666029|5.18|17|3.84|101|36|308|612.0
202411|ADM|41|41150|47110000|경기|성남시|서초동|4611000000|인계동|1|65|2|2|9|1015|71|71|261|98377|9950.0|4498.0|3257.0|2195.0|9364|4221|2468|706450.0|319358.0|231247.0|155845.0|251356|229034|925190|214260|10|39|8|5|8412923|12206098|4254220|142474|4.59|7|2.01|9|387|344|2709.0
202411|ADM|47|26110|11110000|경기|서초구|인계동|1114000000|인계동|2|40|1|1|1|1409|2|2|773|30153|33547.0|25613.0|7966.0|0.0|30916|20837|5824|67094.0|51226.0|15932.0|0.0|1147293|165477|195986|197085|0|1|0|0|7014360|7012086|2367647|665331|4.73|0|1.67|133|0|481|0.0
202411|CNTY_GU|47|27110|47110000|서울|성남시|인계동|4211000000|서초1동|2|20|0|1|4|706|236|236|627|64167|14494.0|8192.0|2456.0|3846.0|14092|5931|1721|3420584.0|1933312.0|579616.0|907656.0|1892559|1554153|944425|123021|60|130|31|14|690036|19628501|2312637|643757|7.77|24|1.76|138|290|313|6960.0
202411|PRVNC|41|45110|45110000|부산|서초구|역삼동|1114000000|서초1동|2|25|1|1|1|1237|404|404|130|53746|46232.0|23176.0|7219.0|15837.0|37507|20739|5289|18677728.0|9363104.0|2916476.0|6398148.0|4321239|844026|255834|113836|104|241|55|20|8987383|6285524|3145979|746759|7.87|56|4.9|79|439|285|24584.0
202411|ADM|26|11200|26110000|서울|서초구|인계동|4611000000|서초1동|2|50|1|1|1|1541|163|163|925|52458|37193.0|21857.0|11467.0|3869.0|31536|21536|8610|6062459.0|3562691.0|1869121.0|630647.0|4161854|2644364|74221|431826|44|86|40|11|7033684|7195974|2471490|1047673|3.94|7|2.03|74|466|186|3262.0
202411|CNTY_GU|47|42110|26110000|서울|서초구|역삼동|4113000000|역삼1가|1|70|1|1|9|976|185|185|988|27545|42438.0|19939.0|6884.0|15615.0|35517|16265|5396|7851030.0|3688715.0|1273540.0|2888775.0|3372650|685734|86572|191314|19|88|41|5|1706240|9031873|572174|593186|3.08|20|2.03|60|267|446|5340.0
202411|ADM|42|41150|26110000|경기|성남시|서초동|4113000000|인계동|1|50|0|2|5|834|123|123|309|67174|24291.0|9984.0|3805.0|10502.0|18258|9960|3620|2987793.0|1228032.0|468015.0|1291746.0|2828177|1461049|961702|492685|29|60|22|11|635829|13023285|2869619|2629|4.93|6|3.84|115|265|85|1590.0
202411|CNTY_GU|11|47110|11110000|부산|서초구|서초동|1114000000|서초1동|2|70|0|2|6|235|314|314|356|71151|5860.0|2201.0|1474.0|2185.0|5602|2056|1107|1840040.0|691114.0|462836.0|686090.0|4294214|1402313|917963|72866|36|157|39|13|3223873|10606162|4722656|371545|5.54|13|2.1|14|341|157|4433.0
202411|ADM|27|43110|44130000|인천|강남구|서초동|2611000000|인계동|2|40|0|1|10|1209|343|343|176|51289|34631.0|19590.0|12279.0|2762.0|27726|15268|11300|11878433.0|6719370.0|4211697.0|947366.0|1299147|1088644|830727|497399|96|157|83|26|9964120|12929038|1496409|1466821|6.35|37|3.22|110|83|47|3071.0
202411|ADM|46|46110|45110000|서울|강남구|역삼동|4111000000|인계동|2|40|0|1|9|752|447|447|345|27473|5389.0|3585.0|1795.0|9.0|3859|2624|1376|2408883.0|1602495.0|802365.0|4023.0|4598305|1786128|573596|401613|87|262|76|12|2393111|16133526|499362|1737566|4.49|61|3.05|148|200|200|12200.0
202411|ADM|42|11110|44130000|서울|서초구|서초동|4113000000|인계동|2|35|0|1|9|563|204|204|80|69870|49392.0|32973.0|8013.0|8406.0|40996|25278|7960|10075968.0|6726492.0|1634652.0|1714824.0|1488932|511251|165382|13661|60|99|30|4|1223532|18421630|2485835|1983914|5.2|3|3.89|132|443|432|1329.0
202411|PRVNC|42|11200|44130000|대구|수원시|서초동|2711000000|인계동|2|45|1|2|8|831|394|394|375|25504|33106.0|13261.0|4509.0|15336.0|31868|10398|3193|13043764.0|5224834.0|1776546.0|6042384.0|3921585|2588220|899895|163776|113|232|52|6|4992514|12612606|151735|1698071|5.25|20|4.14|26|340|469|6800.0
202411|ADM|26|27110|44130000|경기|강남구|역삼동|4311000000|역삼1가|2|60|2|1|1|1481|11|11|758|62875|38676.0|21092.0|4037.0|13547.0|35143|16933|3830|425436.0|232012.0|44407.0|149017.0|2242247|1312530|489094|418905|1|6|2|1|3395177|10148084|3431103|1930246|5.91|1|1.9|115|64|23|64.0
202411|CNTY_GU|46|11200|27110000|서울|수원시|서초동|1111000000|서초1동|1|30|1|1|6|648|356|356|41|12730|40142.0|30279.0|7520.0|2343.0|34140|22476|5783|14290552.0|10779324.0|2677120.0|834108.0|840349|178033|48444|455810|73|157|97|24|7790139|19990632|2434992|1645601|3.02|42|3.68|126|73|213|3066.0
202411|ADM|45|27110|41130000|경기|수원시|서초동|4111000000|역삼1가|1|25|0|1|2|710|323|323|493|29726|34072.0|24156.0|8567.0|1349.0|31835|18991|7941|11005256.0|7802388.0|2767141.0|435727.0|2264877|2617105|672978|66957|51|161|37|6|3401718|2129602|2695058|1011566|5.98|15|1.17|162|50|361|750.0
202411|CNTY_GU|44|26110|43110000|인천|수원시|인계동|4711000000|인계동|2|60|3|1|9|1271|290|290|263|65213|21837.0|10370.0|2366.0|9101.0|20907|8503|2355|6332730.0|3007300.0|686140.0|2639290.0|2715519|2288555|1343|20274|77|135|80|23|695076|7725058|4804617|1282229|6.86|11|2.56|145|272|480|2992.0
202411|ADM|26|11140|27110000|인천|수원시|인계동|4113000000|인계동|1|60|2|1|3|478|289|289|415|40251|45352.0|22257.0|14923.0|8172.0|33417|18382|10922|13106728.0|6432273.0|4312747.0|2361708.0|4956383|2456516|935063|418009|59|125|70|12|6054349|11740647|4994527|1162314|6.47|28|4.07|108|350|467|9800.0
202411|CNTY_GU|11|45110|41110000|대구|강남구|인계동|4111000000|서초1동|2|20|0|1|2|1585|65|65|713|86320|33196.0|12684.0|8878.0|11634.0|32978|9362|7512|2157740.0|824460.0|577070.0|756210.0|1640273|2392868|948377|482148|14|31|9|3|1971496|16693402|3304811|1187508|4.26|7|1.22|101|164|134|1148.0
202411|ADM|46|42110|28110000|대구|강남구|인계동|4711000000|역삼1가|1|70|1|2|9|1265|2|2|63|74966|36197.0|16673.0|5002.0|14522.0|27932|13950|4354|72394.0|33346.0|10004.0|29044.0|4397398|1228912|895884|365189|0|1|0|0|234069|6031932|2660973|1034477|5.77|0|4.97|100|0|72|0.0
202411|CNTY_GU|41|41130|41110000|대구|강남구|인계동|2711000000|역삼1가|2|35|1|1|2|1293|452|452|811|48203|21767.0|15435.0|4382.0|1950.0|20602|14554|3488|9838684.0|6976620.0|1980664.0|881400.0|3714320|980082|899070|225848|80|240|62|37|9414844|18628199|2817520|1629223|4.67|4|1.63|71|36|230|144.0
202411|ADM|11|44130|27110000|경기|성남시|인계동|2811000000|역삼1가|2|40|3|1|6|1386|479|479|973|26146|5999.0|3169.0|1443.0|1387.0|4748|2908|1059|2873521.0|1517951.0|691197.0|664373.0|926182|1311919|687355|278581|58|219|57|10|8655327|13303646|1194729|878132|3.05|12|3.85|16|155|438|1860.0
202411|ADM|11|26110|26140000|부산|성남시|인계동|4113000000|서초1동|1|60|3|1|6|764|103|103|369|31394|23521.0|13000.0|5233.0|5288.0|21637|12864|3892|2422663.0|1339000.0|538999.0|544664.0|742686|2058285|616630|405490|28|57|17|2|9994336|17711400|1356100|582150|5.41|13|3.46|20|135|374|1755.0
202411|CNTY_GU|45|41150|11110000|대구|수원시|인계동|4115000000|인계동|1|45|0|2|3|1632|169|169|125|95433|45919.0|27260.0|14406.0|4253.0|44382|20190|11744|7760311.0|4606940.0|2434614.0|718757.0|3953696|2456236|792040|141862|31|78|39|15|7285107|6598050|3153162|357367|6.28|17|3.44|87|218|497|3706.0
202411|CNTY_GU|27|41150|41130000|경기|서초구|역삼동|4413000000|역삼1가|2|65|1|2|3|566|272|272|22|21849|13673.0|6464.0|4518.0|2691.0|9687|4736|4353|3719056.0|1758208.0|1228896.0|731952.0|483647|779768|175589|165814|74|129|28|20|5870059|6805686|2086415|1919031|7.34|11|4.2|116|391|334|4301.0
202411|ADM|41|26140|41110000|인천|성남시|역삼동|4413000000|서초1동|1|55|0|2|9|1992|163|163|412|94996|39248.0|21622.0|12430.0|5196.0|36046|18415|11004|6397424.0|3524386.0|2026090.0|846948.0|3976370|2263327|417493|21017|31|69|39|11|8963430|1070243|1271032|1674075|3.16|22|3.81|10|246|77|5412.0
202411|ADM|27|46110|44130000|대구|성남시|서초동|2811000000|역삼1가|2|30|2|2|5|1059|217|217|486|76220|39700.0|16443.0|14505.0|8752.0|33894|15314|13859|8614900.0|3568131.0|3147585.0|1899184.0|2192193|515811|768832|245104|23|118|57|8|8278904|3377165|1144236|471058|7.38|31|4.98|159|147|464|4557.0
202411|CNTY_GU|27|45110|44130000|인천|수원시|인계동|1111000000|역삼1가|2|35|0|1|6|15|348|348|758|55897|17125.0|5819.0|4967.0|6339.0|12400|4753|4410|5959500.0|2025012.0|1728516.0|2205972.0|2455841|1722170|219425|420535|93|185|84|28|127436|19251780|4468778|869677|5.31|47|1.86|8|131|78|6157.0
202411|ADM|42|11110|26110000|서울|서초구|역삼동|2811000000|역삼1가|2|55|0|2|1|1444|272|272|173|91795|42910.0|19914.0|15879.0|7117.0|33746|18167|12962|11671520.0|5416608.0|4319088.0|1935824.0|1566915|2060008|68167|376786|74|110|71|15|1385709|7283|4356999|1509145|5.36|8|4.65|18|57|335|456.0
202411|CNTY_GU|47|44130|27110000|인천|성남시|서초동|4511000000|서초1동|1|35|1|1|8|685|216|216|599|53539|12220.0|9326.0|3905.0|0.0|11552|7885|3388|2639520.0|2014416.0|843480.0|0.0|4802194|1471050|131062|318535|40|105|60|9|747900|7508056|4233115|353487|6.0|14|1.99|61|392|457|5488.0
202411|ADM|41|42110|44130000|경기|수원시|역삼동|4115000000|역삼1가|1|55|1|2|1|1428|284|284|303|39029|30656.0|23181.0|4271.0|3204.0|23099|21537|3206|8706304.0|6583404.0|1212964.0|909936.0|588839|1145743|933326|158153|78|153|49|13|9595206|15529587|102087|1025432|4.52|6|1.86|146|429|333|2574.0
202411|ADM|47|44130|11110000|서울|수원시|서초동|4211000000|서초1동|1|35|1|2|9|1643|256|256|997|22142|29999.0|12009.0|3957.0|14033.0|28626|9125|3591|7679744.0|3074304.0|1012992.0|3592448.0|2441210|1451310|728629|479785|30|145|43|22|8342921|11020325|1766499|1013251|3.0|29|2.68|85|446|191|12934.0
202411|CNTY_GU|45|45110|46110000|부산|수원시|역삼동|2811000000|역삼1가|1|30|0|2|6|180|390|390|750|71817|7080.0|3665.0|2438.0|977.0|5717|2613|1729|2761200.0|1429350.0|950820.0|381030.0|1398666|2841120|977307|27732|104|211|44|30|6974246|12626430|4987769|1812541|3.86|37|4.05|167|160|22|5920.0
202411|PRVNC|44|47110|46110000|인천|성남시|역삼동|4711000000|서초1동|1|45|1|1|3|108|143|143|147|34596|29350.0|17210.0|8294.0|3846.0|21587|13565|6646|4197050.0|2461030.0|1186042.0|549978.0|1408680|2281846|874335|77392|16|67|25|1|7886675|6599366|809467|188625|5.71|20|4.88|132|53|353|1060.0
202411|PRVNC|43|45110|46110000|경기|서초구|서초동|2611000000|인계동|2|35|0|1|1|1463|251|251|74|76461|11523.0|3479.0|4295.0|3749.0|11056|3070|3900|2892273.0|873229.0|1078045.0|940999.0|2073198|1055898|976138|89036|41|118|36|1|9857995|8772855|2650928|404797|4.61|14|2.44|34|228|129|3192.0
202411|CNTY_GU|26|44130|43110000|인천|서초구|역삼동|1120000000|서초1동|1|65|1|2|4|1320|357|357|925|16308|8290.0|4527.0|2410.0|1353.0|7469|4087|2038|2959530.0|1616139.0|860370.0|483021.0|2644570|565201|797063|111459|40|174|85|1|981934|12752401|1655044|1037619|6.53|36|1.36|95|344|479|12384.0
202411|PRVNC|46|42110|47110000|대구|수원시|인계동|1111000000|서초1동|2|50|0|2|3|1317|186|186|911|95223|9758.0|6789.0|1400.0|1569.0|9414|5224|1069|1814988.0|1262754.0|260400.0|291834.0|3329042|419666|21544|487749|42|109|27|6|8203389|8588990|4732797|411996|2.12|3|3.2|102|86|417|258.0
202411|ADM|46|11170|11110000|인천|서초구|서초동|4211000000|인계동|2|60|2|2|10|1934|496|496|531|21710|19840.0|12905.0|2647.0|4288.0|14575|11417|2228|9840640.0|6400880.0|1312912.0|2126848.0|4229832|2916352|933729|193714|51|290|61|40|4886978|3238118|3049922|41420|4.66|52|3.46|102|166|387|8632.0
202411|PRVNC|47|43110|28110000|인천|강남구|인계동|4511000000|인계동|2|30|0|1|9|49|152|152|980|73766|15025.0|9062.0|4122.0|1841.0|12629|8283|3679|2283800.0|1377424.0|626544.0|279832.0|1930163|76631|79070|378559|17|68|30|2|1410220|13946307|2276795|791146|3.65|21|3.6|173|333|293|6993.0
202411|ADM|41|11170|41150000|대구|서초구|역삼동|1117000000|서초1동|2|45|2|1|2|215|331|331|30|18604|24962.0|11592.0|6077.0|7293.0|20162|11363|5367|8262422.0|3836952.0|2011487.0|2413983.0|2206497|552306|83810|343719|39|193|40|20|5386462|3620497|3046665|1283533|7.17|24|4.69|76|267|117|6408.0
202411|CNTY_GU|45|11110|26110000|대구|강남구|서초동|4311000000|역삼1가|2|35|3|2|2|472|383|383|846|34889|43036.0|31283.0|6179.0|5574.0|34681|29532|5415|16482788.0|11981389.0|2366557.0|2134842.0|3968724|2308492|800935|481215|73|160|61|23|1213604|2955022|3950061|233411|3.26|23|4.93|30|271|55|6233.0
202411|ADM|41|43110|26140000|대구|서초구|역삼동|2614000000|서초1동|1|60|1|1|5|72|359|359|764|49796|9189.0|2948.0|2335.0|3906.0|8333|2789|1970|3298851.0|1058332.0|838265.0|1402254.0|1136032|2808977|990923|308520|37|164|61|28|6706770|8427851|760589|1134147|7.21|45|1.83|80|12|332|540.0
202411|ADM|41|11170|11110000|대구|서초구|역삼동|2611000000|인계동|1|65|2|1|8|583|346|346|867|53876|35317.0|26441.0|3655.0|5221.0|28518|22703|2558|12219682.0|9148586.0|1264630.0|1806466.0|4322214|614681|575164|72008|53|182|66|8|5919137|16257599|1560952|443542|4.11|34|4.4|96|142|107|4828.0
202411|CNTY_GU|43|11200|11170000|인천|수원시|서초동|2614000000|서초1동|1|45|3|2|10|1105|486|486|249|80687|39550.0|20696.0|9829.0|9025.0|37687|19779|7323|19221300.0|10058256.0|4776894.0|4386150.0|363811|2924699|18096|47712|100|224|89|14|5748139|6054496|727852|550903|2.06|23|4.79|149|447|271|10281.0
202411|CNTY_GU|26|27110|26140000|부산|강남구|서초동|1111000000|인계동|2|25|3|1|6|1223|10|10|952|31456|21069.0|9446.0|8364.0|3259.0|20504|7077|6581|210690.0|94460.0|83640.0|32590.0|2276311|1974449|772146|489627|2|4|1|0|2416711|3405050|4692566|866734|7.44|0|2.92|13|0|92|0.0
202411|PRVNC|45|26110|41110000|부산|성남시|서초동|1117000000|역삼1가|2|45|2|1|7|626|154|154|39|39960|46440.0|14172.0|18123.0|14145.0|37210|11410|15401|7151760.0|2182488.0|2790942.0|2178330.0|3643514|2740028|609608|355602|16|81|46|0|6104200|4843874|756717|1940988|7.41|4|4.84|171|212|407|848.0
202411|CNTY_GU|42|45110|42110000|경기|강남구|인계동|1114000000|역삼1가|1|45|0|1|6|1825|62|62|605|16721|14752.0|6434.0|2044.0|6274.0|14312|5257|2001|914624.0|398908.0|126728.0|388988.0|2702527|1473070|355548|54497|18|26|11|1|7029637|6209840|4981989|456176|2.71|0|4.75|17|0|292|0.0
202411|CNTY_GU|27|11170|26140000|부산|서초구|인계동|1114000000|서초1동|1|40|0|2|3|203|52|52|70|48045|36286.0|28141.0|14407.0|0.0|29391|24479|13035|1886872.0|1463332.0|749164.0|0.0|3272100|551174|538536|307234|7|26|14|0|2127769|14506894|1032296|115024|6.08|2|1.68|97|92|78|184.0
202411|CNTY_GU|11|11140|11200000|서울|강남구|인계동|4113000000|역삼1가|1|55|1|1|2|536|241|241|88|29144|15801.0|6306.0|4867.0|4628.0|14985|4457|4386|3808041.0|1519746.0|1172947.0|1115348.0|3078660|591783|861322|428213|52|119|55|12|6018031|11106014|303638|1816538|4.76|27|3.64|29|392|129|10584.0
202411|ADM|46|28110|45110000|서울|수원시|서초동|1111000000|역삼1가|2|40|0|1|3|158|175|175|669|88226|873.0|473.0|213.0|187.0|831|434|153|152775.0|82775.0|37275.0|32725.0|1095251|945712|329853|219868|34|83|48|1|5949426|6668026|1785488|1321343|4.01|4|3.27|39|39|494|156.0
202411|ADM|47|26140|46110000|경기|강남구|서초동|4511000000|역삼1가|2|45|2|2|7|1231|485|485|540|38520|6993.0|4057.0|2633.0|303.0|5999|3429|2274|3391605.0|1967645.0|1277005.0|146955.0|944447|1427480|71626|174770|50|249|121|2|4267594|13932526|787759|1814444|7.23|37|4.58|145|21|489|777.0
202411|ADM|47|41150|41130000|경기|서초구|인계동|4111000000|서초1동|2|70|0|2|8|1630|339|339|182|32718|18175.0|12651.0|7062.0|0.0|18166|11134|6548|6161325.0|4288689.0|2394018.0|0.0|1608867|2965289|620238|233335|60|177|44|11|3691153|13826384|1924169|1812887|4.75|39|3.26|16|26|6|1014.0
202411|CNTY_GU|26|44130|27110000|인천|수원시|서초동|1117000000|역삼1가|1|65|0|1|5|393|44|44|702|63778|25414.0|10521.0|9285.0|5608.0|18028|9715|6647|1118216.0|462924.0|408540.0|246752.0|4580344|426135|722862|185206|8|19|12|0|5333695|14159281|2906082|275700|2.98|5|4.04|29|84|74|420.0
202411|ADM|26|11170|11170000|경기|수원시|역삼동|1111000000|인계동|1|25|0|1|2|376|10|10|335|23504|27779.0|19038.0|10259.0|0.0|27579|13668|7239|277790.0|190380.0|102590.0|0.0|613083|521077|362665|218877|1|5|1|0|2947266|11777389|4916091|1063664|3.11|1|1.98|176|184|80|184.0
202411|CNTY_GU|11|45110|45110000|서울|성남시|서초동|2611000000|서초1동|1|40|3|1|10|71|412|412|139|10080|29654.0|13220.0|9812.0|6622.0|28109|10322|9677|12217448.0|5446640.0|4042544.0|2728264.0|4792021|180808|824643|62334|95|234|107|11|8482742|14870476|4824323|1257431|5.27|50|1.74|102|401|464|20050.0
202411|ADM|26|41110|42110000|대구|강남구|역삼동|4111000000|인계동|2|65|2|2|2|800|449|449|79|24711|5697.0|2808.0|1325.0|1564.0|4875|2051|1124|2557953.0|1260792.0|594925.0|702236.0|2724610|635263|492240|112794|78|197|52|17|3452557|5411479|2584819|1593843|3.57|31|4.78|131|468|483|14508.0
202411|ADM|42|45110|41130000|부산|수원시|서초동|4413000000|인계동|1|50|1|1|8|400|478|478|865|92698|49149.0|24703.0|17493.0|6953.0|35076|21631|16229|23493222.0|11808034.0|8361654.0|3323534.0|3990656|1420517|853507|70523|123|213|90|46|2556068|8449990|4433426|852018|4.47|7|3.6|29|141|141|987.0
202411|CNTY_GU|41|41110|11110000|서울|수원시|인계동|4611000000|서초1동|1|30|0|1|2|1520|353|353|508|74394|26703.0|16909.0|8211.0|1583.0|20380|11869|6169|9426159.0|5968877.0|2898483.0|558799.0|3216878|62738|459707|453512|72|204|75|14|1991278|11784559|2122985|365958|7.3|31|2.65|6|326|311|10106.0
202411|CNTY_GU|26|41110|41150000|부산|서초구|역삼동|4115000000|인계동|2|35|0|2|8|1432|381|381|336|36234|39195.0|30493.0|13197.0|0.0|38543|25827|11175|14933295.0|11617833.0|5028057.0|0.0|364989|1119492|312002|42774|88|175|77|32|4984237|9927798|3595043|1468610|2.29|1|3.01|153|461|386|461.0
202411|ADM|46|11110|42110000|대구|서초구|인계동|4111000000|역삼1가|2|65|0|2|1|1459|41|41|377|38240|8729.0|6565.0|2743.0|0.0|7074|5927|2497|357889.0|269165.0|112463.0|0.0|3596953|2813931|713896|381100|8|17|9|2|3558360|10975605|1683203|1828164|6.46|0|1.71|28|0|125|0.0
202411|ADM|46|41130|26110000|인천|서초구|인계동|1117000000|역삼1가|2|25|0|1|6|1675|466|466|135|56464|37906.0|12425.0|7021.0|18460.0|28617|10843|5740|17664196.0|5790050.0|3271786.0|8602360.0|4842714|518485|639125|133535|131|267|99|16|8987850|6368480|2527490|129839|7.08|6|2.06|10|13|295|78.0
202411|CNTY_GU|42|11200|11110000|대구|강남구|서초동|4511000000|인계동|2|35|0|1|8|1897|165|165|163|15151|46692.0|19529.0|16699.0|10464.0|36579|15534|12118|7704180.0|3222285.0|2755335.0|1726560.0|525638|370590|717391|202962|31|74|34|9|1357650|1189291|194539|1378267|6.75|2|3.66|35|347|465|694.0
202411|ADM|46|11200|26110000|인천|성남시|서초동|4115000000|서초1동|2|50|0|2|5|78|48|48|734|74058|3263.0|1097.0|655.0|1511.0|2301|811|478|156624.0|52656.0|31440.0|72528.0|987512|827775|638997|127101|11|24|11|0|3061271|15559342|1693108|24886|5.71|2|3.44|151|135|426|270.0
202411|CNTY_GU|47|11140|11200000|부산|강남구|인계동|2811000000|서초1동|2|40|1|1|9|70|248|248|11|47623|3177.0|1143.0|497.0|1537.0|3136|1032|381|787896.0|283464.0|123256.0|381176.0|2482343|722771|194212|59709|52|103|55|22|6190358|7203717|4039|1871996|5.96|11|4.34|14|431|245|4741.0
202411|ADM|42|27110|42110000|부산|강남구|역삼동|1117000000|역삼1가|2|55|1|2|1|1580|266|266|259|93994|2261.0|908.0|762.0|591.0|2054|753|686|601426.0|241528.0|202692.0|157206.0|4846733|621218|566607|316739|45|109|53|1|406816|13544477|3470243|1421107|3.57|9|4.76|41|73|73|657.0
202411|ADM|26|45110|26140000|대구|성남시|역삼동|2614000000|인계동|2|35|1|2|8|158|213|213|205|29436|29320.0|13297.0|3952.0|12071.0|28363|11324|3462|6245160.0|2832261.0|841776.0|2571123.0|3853173|1522490|178446|164167|50|116|63|20|8235815|5585189|2138185|789549|2.33|23|1.12|12|465|268|10695.0
202411|CNTY_GU|45|11140|46110000|서울|성남시|역삼동|1117000000|인계동|2|55|1|1|6|1883|276|276|397|64435|28882.0|19972.0|4871.0|4039.0|25174|18751|3422|7971432.0|5512272.0|1344396.0|1114764.0|3180919|1036160|58070|376517|79|147|65|24|2799511|9040354|4591075|440332|4.42|16|3.3|40|260|409|4160.0
202411|ADM|26|41150|11110000|대구|서초구|인계동|4113000000|역삼1가|1|45|0|1|7|341|407|407|505|44319|41514.0|14986.0|4260.0|22268.0|38700|12213|3282|16896198.0|6099302.0|1733820.0|9063076.0|2750311|65876|469947|368653|49|166|110|30|7593602|17595778|4238822|594038|6.11|60|1.56|61|391|119|23460.0
202411|ADM|41|47110|11200000|경기|서초구|서초동|1117000000|역삼1가|1|20|3|2|6|593|208|208|34|50514|34868.0|11792.0|9261.0|13815.0|26582|10322|6948|7252544.0|2452736.0|1926288.0|2873520.0|3016183|1925946|241783|65470|46|114|48|4|378206|5213558|1293920|1671148|2.01|8|3.81|134|152|8|1216.0
202411|CNTY_GU|26|45110|41150000|대구|강남구|역삼동|4711000000|인계동|2|60|3|1|7|526|50|50|534|29017|22745.0|7768.0|4534.0|10443.0|22535|7468|4474|1137250.0|388400.0|226700.0|522150.0|3681591|1995096|381007|192594|10|21|10|0|845773|11198453|3222876|1466697|7.36|2|4.25|113|82|336|164.0
202411|CNTY_GU|44|11140|42110000|경기|성남시|인계동|4111000000|역삼1가|2|50|0|1|8|1585|113|113|640|48287|6924.0|4934.0|2628.0|0.0|4992|4156|2460|782412.0|557542.0|296964.0|0.0|2027077|830971|343373|63493|19|59|20|5|9527133|10121378|2008776|1316875|3.03|3|4.81|166|425|283|1275.0
202411|CNTY_GU|27|27110|11140000|대구|성남시|인계동|4113000000|인계동|1|25|1|2|5|1772|3|3|690|48293|20584.0|8509.0|7685.0|4390.0|15870|6659|6956|61752.0|25527.0|23055.0|13170.0|4819619|2421400|636554|464490|0|1|0|0|1005508|16142533|845142|1628451|2.19|0|1.79|127|0|334|0.0
202411|CNTY_GU|44|43110|11170000|경기|강남구|서초동|4611000000|역삼1가|2|50|0|2|3|1578|25|25|147|48524|43029.0|20034.0|13350.0|9645.0|40096|15328|9933|1075725.0|500850.0|333750.0|241125.0|4247896|829583|79031|91479|4|14|3|1|163965|282226|3867063|1305092|5.75|1|3.77|7|476|152|476.0
202411|ADM|45|26140|26140000|부산|서초구|서초동|4413000000|역삼1가|1|40|3|1|5|1564|322|322|820|82132|12584.0|5114.0|2194.0|5276.0|10198|4109|1928|4052048.0|1646708.0|706468.0|1698872.0|501888|2247118|623549|306118|95|182|51|9|5998899|19922401|2486506|992872|6.69|42|4.38|38|144|479|6048.0
202411|CNTY_GU|46|41130|46110000|서울|성남시|역삼동|2614000000|인계동|1|25|1|2|1|1041|391|391|790|62186|38073.0|23281.0|12458.0|2334.0|28673|23029|11793|14886543.0|9102871.0|4871078.0|912594.0|418896|1692064|467831|181976|57|232|116|6|1355653|4844769|1543327|900135|4.19|40|2.89|10|357|358|14280.0
202411|ADM|42|26140|41110000|부산|수원시|역삼동|4413000000|역삼1가|1|35|1|2|5|1562|213|213|251|63318|14355.0|5711.0|3594.0|5050.0|10640|4774|3392|3057615.0|1216443.0|765522.0|1075650.0|3894105|47302|706597|355912|61|103|56|13|148047|1228899|4239013|1214362|7.01|0|1.46|154|0|407|0.0
202411|ADM|47|41130|28110000|서울|성남시|서초동|4211000000|역삼1가|1|40|0|1|7|571|483|483|492|23735|12154.0|7142.0|2020.0|2992.0|10279|5415|1437|5870382.0|3449586.0|975660.0|1445136.0|4910161|2325639|189396|268590|48|265|101|25|5002336|9523992|4161679|1695816|4.97|23|3.03|126|312|34|7176.0
202411|ADM|46|47110|11140000|대구|서초구|서초동|2811000000|역삼1가|2|30|0|1|4|171|78|78|111|43299|23564.0|11975.0|7143.0|4446.0|16558|9916|6279|1837992.0|934050.0|557154.0|346788.0|1586624|176412|831822|134997|14|32|8|7|5835345|19030369|1657670|1549272|5.58|11|3.2|133|323|494|3553.0
202411|ADM|47|45110|41150000|대구|수원시|서초동|4311000000|서초1동|1|40|1|2|9|577|346|346|236|32811|46923.0|35512.0|12498.0|0.0|46362|33626|12424|16235358.0|12287152.0|4324308.0|0.0|1655617|12623|461393|378757|69|152|79|29|1887049|8047979|2120145|1657858|7.19|30|2.94|105|391|434|11730.0
202411|CNTY_GU|27|11140|26110000|서울|강남구|인계동|2711000000|역삼1가|1|50|0|1|9|705|198|198|317|15003|47765.0|16986.0|18787.0|11992.0|35811|13052|17677|9457470.0|3363228.0|3719826.0|2374416.0|776428|2023119|740650|349401|54|104|25|14|5005836|15803126|4762251|734851|4.51|17|2.1|165|42|141|714.0
202411|CNTY_GU|11|41150|45110000|대구|성남시|서초동|2811000000|역삼1가|1|40|1|2|7|487|59|59|626|57373|28569.0|16570.0|7260.0|4739.0|26015|13173|6582|1685571.0|977630.0|428340.0|279601.0|263639|498409|321894|219879|8|34|13|5|2593302|18157808|4340958|1711845|3.59|2|4.95|139|94|127|188.0
202411|ADM|45|11170|41150000|서울|성남시|인계동|4113000000|인계동|2|50|3|1|6|1451|2|2|250|77201|43695.0|29924.0|12469.0|1302.0|39370|22982|10806|87390.0|59848.0|24938.0|2604.0|2930771|1774435|287054|162058|0|1|0|0|199368|2841021|2753775|1086709|3.43|0|1.31|123|0|480|0.0
202411|CNTY_GU|26|27110|11110000|인천|성남시|인계동|1114000000|인계동|1|45|0|2|1|244|247|247|145|12782|32853.0|19778.0|4049.0|9026.0|30232|15637|3377|8114691.0|4885166.0|1000103.0|2229422.0|2423002|2705054|212121|297928|62|133|36|1|3122150|10192230|2855638|425878|5.45|6|3.61|13|337|257|2022.0
202411|CNTY_GU|43|26140|43110000|경기|성남시|인계동|4511000000|역삼1가|1|50|3|1|9|567|483|483|146|71265|30893.0|11592.0|8631.0|10670.0|24322|9811|8396|14921319.0|5598936.0|4168773.0|5153610.0|167202|2837375|893095|39365|133|272|130|27|1616007|7678275|3540901|145223|6.92|30|3.79|14|136|220|4080.0
202411|ADM|26|11170|11110000|대구|서초구|서초동|2611000000|서초1동|2|50|0|2|9|281|403|403|150|14494|35237.0|27695.0|11753.0|0.0|30796|22093|11383|14200511.0|11161085.0|4736459.0|0.0|3971043|386127|823855|99332|108|173|57|30|97303|8811249|2809956|1870319|5.75|54|3.62|52|14|343|756.0
202411|PRVNC|43|11200|27110000|서울|수원시|서초동|1120000000|역삼1가|1|55|1|2|7|273|243|243|167|52625|18403.0|5966.0|4489.0|7948.0|13928|5963|3402|4471929.0|1449738.0|1090827.0|1931364.0|572963|2118039|592136|294233|64|137|26|2|1182517|16406268|1905864|1126481|4.82|18|3.16|63|138|309|2484.0
202411|ADM|47|46110|11140000|부산|성남시|서초동|1117000000|역삼1가|1|50|1|2|6|444|97|97|740|88588|9255.0|5437.0|1183.0|2635.0|9146|4242|844|897735.0|527389.0|114751.0|255595.0|3540594|2412868|693693|239908|21|45|18|7|4284817|4401266|2166644|1943164|2.84|4|4.89|164|167|449|668.0
202411|CNTY_GU|43|45110|26110000|대구|강남구|역삼동|2711000000|서초1동|2|55|1|2|6|119|167|167|838|73258|39349.0|13722.0|7847.0|17780.0|31432|11233|6531|6571283.0|2291574.0|1310449.0|2969260.0|3995113|1635960|397188|171615|49|93|47|10|7880791|4365547|2336771|1893784|2.01|22|3.44|32|392|30|8624.0
202411|ADM|43|42110|11170000|서울|강남구|서초동|1114000000|역삼1가|2|55|0|1|4|1426|264|264|832|60342|12282.0|9377.0|1692.0|1213.0|9683|9201|1470|3242448.0|2475528.0|446688.0|320232.0|2845504|2677071|427035|278232|53|142|67|21|347629|6370494|582427|1823806|5.97|9|2.81|77|489|135|4401.0
202411|ADM|11|41110|27110000|인천|강남구|역삼동|1120000000|서초1동|2|40|0|1|5|798|439|439|746|42206|41202.0|13088.0|4509.0|23605.0|36754|11672|4177|18087678.0|5745632.0|1979451.0|10362595.0|940365|657593|920254|430953|78|222|74|30|1062332|9656838|4323074|331006|7.41|35|2.78|65|48|124|1680.0
202411|ADM|47|26110|43110000|경기|성남시|서초동|4113000000|서초1동|2|45|0|1|3|70|171|171|253|82080|17498.0|6994.0|2184.0|8320.0|12790|6892|1749|2992158.0|1195974.0|373464.0|1422720.0|3349241|2875127|504632|237811|23|70|21|12|5732321|5624313|451245|816314|2.6|25|4.06|173|275|240|6875.0
202411|CNTY_GU|46|41130|46110000|서울|수원시|인계동|4311000000|인계동|1|70|0|1|3|1197|217|217|908|57327|30928.0|16116.0|5858.0|8954.0|23355|12165|5528|6711376.0|3497172.0|1271186.0|1943018.0|2594909|1266901|967202|223173|53|111|52|5|5817505|1454118|1204313|663315|3.93|20|1.2|77|247|330|4940.0
202411|ADM|26|41150|11110000|부산|강남구|인계동|4113000000|인계동|1|30|3|1|6|1505|91|91|81|56876|10544.0|7125.0|1223.0|2196.0|7963|6065|1048|959504.0|648375.0|111293.0|199836.0|2802311|2056944|348682|194245|24|37|23|3|4215482|3160115|877521|520788|5.68|7|4.95|17|115|287|805.0
202411|PRVNC|44|41110|41130000|인천|수원시|서초동|1114000000|인계동|1|40|3|2|1|1147|17|17|668|77025|3284.0|2365.0|486.0|433.0|3181|1849|408|55828.0|40205.0|8262.0|7361.0|2313420|2985955|150856|431039|4|7|3|0|6380033|6488968|4786874|1700101|4.88|1|1.84|169|196|423|196.0
202411|ADM|43|43110|28110000|경기|서초구|인계동|4711000000|인계동|1|50|1|1|2|1780|181|181|148|79263|7900.0|4654.0|1603.0|1643.0|5747|4043|1313|1429900.0|842374.0|290143.0|297383.0|378631|161584|349448|202201|30|77|32|15|2517696|4016414|1868836|1631928|3.88|3|2.63|67|226|171|678.0
202411|ADM|44|11140|45110000|서울|서초구|서초동|4413000000|서초1동|2|60|1|1|7|1664|413|413|71|14897|41934.0|18506.0|6321.0|17107.0|36607|17018|6108|17318742.0|7642978.0|2610573.0|7065191.0|2506370|1396650|110461|227058|49|214|112|26|7332479|17480842|3818643|413203|3.42|25|1.52|54|433|255|10825.0
202411|ADM|11|11200|41130000|부산|강남구|인계동|1114000000|역삼1가|2|60|0|1|5|626|439|439|780|84311|6899.0|4055.0|1252.0|1592.0|4973|4048|1036|3028661.0|1780145.0|549628.0|698888.0|2737030|2760866|405691|312842|117|192|65|1|2318696|17137061|1190798|1235002|4.25|5|3.33|35|273|72|1365.0
202411|CNTY_GU|47|26140|26140000|인천|서초구|서초동|4611000000|역삼1가|1|55|3|1|5|1667|285|285|718|59782|22709.0|10228.0|7501.0|4980.0|19888|9118|6518|6472065.0|2914980.0|2137785.0|1419300.0|47281|1049348|404411|89818|59|114|30|8|7728006|5337906|4040521|1186959|2.16|23|2.26|58|437|265|10051.0
202411|CNTY_GU|45|42110|41110000|인천|서초구|서초동|1114000000|인계동|2|45|1|2|2|906|496|496|174|88336|3079.0|1137.0|455.0|1487.0|2318|1126|384|1527184.0|563952.0|225680.0|737552.0|2633138|1329626|321235|473181|142|277|146|46|6583849|3813726|4960582|1514862|6.57|24|4.24|135|43|316|1032.0
202411|ADM|11|11200|11170000|대구|서초구|서초동|4111000000|역삼1가|1|50|0|1|4|436|63|63|279|76103|11116.0|7863.0|2884.0|369.0|9387|6836|2437|700308.0|495369.0|181692.0|23247.0|172837|2550900|746835|341109|18|31|13|4|6973240|1072818|3291608|1271439|4.66|4|2.85|26|201|334|804.0
202411|ADM|43|11200|44130000|부산|수원시|서초동|4111000000|인계동|2|50|3|1|10|139|40|40|258|46328|41443.0|30256.0|5315.0|5872.0|38326|28469|3960|1657720.0|1210240.0|212600.0|234880.0|3957300|30831|389672|209176|11|18|9|3|2504079|7093990|973902|1603352|6.35|5|3.67|25|490|464|2450.0
202411|CNTY_GU|45|11170|42110000|대구|서초구|인계동|4413000000|서초1동|2|35|2|2|6|1816|214|214|896|77436|5244.0|3457.0|1822.0|0.0|5005|3214|1501|1122216.0|739798.0|389908.0|0.0|2325776|127426|909690|456885|44|85|54|1|2894261|8816222|1469552|1765716|5.99|28|3.42|36|25|236|700.0
202411|ADM|41|44130|41110000|서울|수원시|역삼동|2811000000|인계동|1|25|0|1|2|161|398|398|250|25191|10403.0|4554.0|1389.0|4460.0|8238|3313|1145|4140394.0|1812492.0|552822.0|1775080.0|942633|364890|464658|393816|72|167|69|13|2455347|19530757|261525|1846962|7.08|7|2.21|65|365|346|2555.0
202411|ADM|41|11200|26110000|인천|강남구|서초동|2811000000|인계동|2|55|0|2|2|414|1|1|333|10754|13381.0|6488.0|3399.0|3494.0|12354|5338|3310|13381.0|6488.0|3399.0|3494.0|4327727|639758|277162|247340|0|0|0|0|335108|1746564|2469964|1242823|7.75|0|1.7|17|0|347|0.0
202411|ADM|42|42110|11170000|인천|성남시|역삼동|4511000000|역삼1가|2|45|2|1|1|1227|145|145|699|25335|42339.0|29374.0|14128.0|0.0|32201|23539|13582|6139155.0|4259230.0|2048560.0|0.0|847162|2397157|750932|135607|43|73|25|14|2619418|6484727|3771980|1553|7.42|20|1.07|54|429|90|8580.0
202411|ADM|46|11110|27110000|경기|성남시|서초동|4211000000|서초1동|2|60|2|2|10|887|493|493|195|11455|34348.0|11249.0|13036.0|10063.0|25662|10466|10718|16933564.0|5545757.0|6426748.0|4961059.0|376039|1183479|172675|339496|141|222|139|16|1865273|17871252|4728053|1450564|5.19|57|2.66|155|343|42|19551.0
202411|PRVNC|44|41150|26110000|경기|성남시|역삼동|4211000000|서초1동|1|65|2|2|10|1388|63|63|700|62062|4968.0|2864.0|542.0|1562.0|4912|2261|501|312984.0|180432.0|34146.0|98406.0|2761378|853049|950274|44728|15|27|10|2|8697927|8210535|3293587|669677|2.65|5|3.18|100|167|35|835.0
202411|CNTY_GU|47|11200|26110000|서울|서초구|역삼동|1117000000|역삼1가|1|45|1|1|2|603|140|140|646|62866|12926.0|8049.0|3403.0|1474.0|10524|6530|3077|1809640.0|1126860.0|476420.0|206360.0|2451353|2180737|471091|221391|38|65|21|8|6191282|11013|1430371|1222293|2.53|10|2.75|92|400|260|4000.0
202411|ADM|46|46110|41110000|부산|성남시|인계동|4711000000|서초1동|2|40|0|2|6|1257|135|135|401|32586|12252.0|7854.0|2936.0|1462.0|11785|6733|2507|1654020.0|1060290.0|396360.0|197370.0|2805527|1004791|619330|32387|18|78|37|6|4565238|19593016|3023772|848106|4.28|7|1.77|135|397|164|2779.0
202411|ADM|41|26110|11170000|부산|강남구|인계동|1111000000|역삼1가|2|70|0|1|5|1594|21|21|637|44757|23910.0|9884.0|7688.0|6338.0|18696|7774|5762|502110.0|207564.0|161448.0|133098.0|3452265|1945529|807598|30837|2|9|5|0|4208685|5722984|3804132|1977548|7.64|0|3.97|141|0|194|0.0
202411|CNTY_GU|41|26110|11140000|인천|성남시|인계동|1120000000|역삼1가|1|30|1|1|9|1927|302|302|583|20505|23324.0|15536.0|9021.0|0.0|22066|13958|6419|7043848.0|4691872.0|2724342.0|0.0|3644220|2220576|570823|432362|74|153|38|9|6826079|17859716|863434|1432631|2.8|26|2.6|30|135|354|3510.0
202411|PRVNC|11|41110|11200000|대구|서초구|서초동|4115000000|인계동|1|55|2|2|10|230|252|252|253|73721|4866.0|1918.0|836.0|2112.0|3884|1660|650|1226232.0|483336.0|210672.0|532224.0|4641074|419935|70257|243130|38|106|36|10|4022989|8190430|1152996|1328371|5.77|19|1.37|150|73|483|1387.0
202411|PRVNC|47|47110|46110000|대구|서초구|역삼동|2614000000|인계동|2|60|2|2|6|88|106|106|788|19716|25538.0|19864.0|4734.0|940.0|22025|15194|4620|2707028.0|2105584.0|501804.0|99640.0|2530892|2600048|994022|207690|11|49|20|9|146620|18168107|1547335|339086|3.43|4|2.81|52|376|45|1504.0
202411|ADM|26|26110|46110000|대구|성남시|서초동|4413000000|서초1동|1|65|1|2|2|1656|106|106|421|58617|26846.0|19960.0|7952.0|0.0|20503|13990|6810|2845676.0|2115760.0|842912.0|0.0|4429166|347487|595140|10859|14|62|24|8|5876732|3643841|235965|926400|3.91|8|4.37|119|318|411|2544.0
202411|CNTY_GU|42|26140|45110000|경기|수원시|인계동|4511000000|서초1동|2|70|2|2|9|1128|174|174|177|96062|16113.0|5034.0|6440.0|4639.0|13914|4968|5915|2803662.0|875916.0|1120560.0|807186.0|1404173|485824|417116|402294|48|88|18|17|6558337|4749707|2826001|258566|4.19|18|2.73|14|179|231|3222.0
202411|CNTY_GU|41|28110|41110000|인천|수원시|서초동|1111000000|인계동|2|25|1|2|9|1758|377|377|864|91849|21092.0|8262.0|8069.0|4761.0|19483|7989|7131|7951684.0|3114774.0|3042013.0|1794897.0|1345505|1785794|655778|340956|46|200|75|18|2880576|11947686|3168708|468022|5.12|30|4.94|125|303|188|9090.0
202411|CNTY_GU|42|26140|43110000|서울|성남시|인계동|2611000000|역삼1가|1|70|2|1|4|117|332|332|518|27270|34996.0|16715.0|8124.0|10157.0|25114|14592|6449|11618672.0|5549380.0|2697168.0|3372124.0|2788192|116740|223162|467229|77|167|76|27|1287393|10200980|1018302|1485475|6.19|35|3.43|115|438|419|15330.0
202411|CNTY_GU|42|11200|41110000|대구|서초구|인계동|4115000000|역삼1가|1|40|0|2|9|1418|165|165|392|25427|7451.0|2559.0|1729.0|3163.0|6118|2098|1422|1229415.0|422235.0|285285.0|521895.0|4047471|1764168|304470|162911|20|71|17|16|7630406|18507573|3684937|805051|2.12|9|4.57|5|153|405|1377.0
202411|ADM|41|11170|11140000|경기|서초구|서초동|1111000000|역삼1가|2|40|0|1|10|1888|410|410|753|12450|48479.0|21462.0|8974.0|18043.0|36831|20279|7691|19876390.0|8799420.0|3679340.0|7397630.0|2458310|2898642|401061|40|96|199|79|20|5885444|7207242|1488590|1414399|4.86|18|4.32|67|148|413|2664.0
202411|ADM|26|26110|28110000|인천|강남구|인계동|2614000000|역삼1가|2|40|0|2|2|1267|338|338|81|35726|43695.0|23031.0|9453.0|11211.0|38370|19048|6921|14768910.0|7784478.0|3195114.0|3789318.0|569435|2357807|555704|237446|40|201|100|6|7042984|17322690|2297004|27316|7.94|12|2.43|128|83|90|996.0
202411|CNTY_GU|42|45110|11110000|부산|수원시|서초동|2811000000|역삼1가|2|25|3|2|5|1341|317|317|846|47209|20544.0|10270.0|5814.0|4460.0|15883|9464|4298|6512448.0|3255590.0|1843038.0|1413820.0|3331610|1839617|791577|391186|54|189|81|6|6354456|10184491|1058467|1818540|5.94|23|4.58|58|197|243|4531.0
202411|ADM|26|11170|43110000|경기|강남구|인계동|4511000000|서초1동|1|55|1|1|5|850|278|278|48|65292|7279.0|2378.0|1044.0|3857.0|5975|2195|825|2023562.0|661084.0|290232.0|1072246.0|3842006|1156617|708428|17622|30|140|59|1|9404341|17103329|1356681|82200|3.0|17|2.54|149|277|226|4709.0
202411|ADM|45|41130|41110000|대구|수원시|역삼동|1120000000|인계동|1|40|2|1|6|83|355|355|896|50467|32346.0|13037.0|3493.0|15816.0|25516|11628|3175|11482830.0|4628135.0|1240015.0|5614680.0|2597218|1502746|114596|300540|104|196|52|25|5515566|2985737|2852404|189588|6.78|32|4.81|48|125|64|4000.0
202411|ADM|11|11200|46110000|인천|서초구|인계동|4113000000|서초1동|1|55|3|2|10|1787|2|2|443|66828|25418.0|12505.0|4326.0|8587.0|19446|11632|4210|50836.0|25010.0|8652.0|17174.0|2949190|810690|803651|294265|0|0|0|0|5653285|11472923|1240858|1580392|5.55|0|4.22|100|0|63|0.0
202411|ADM|46|11140|41130000|대구|강남구|인계동|4211000000|서초1동|1|70|0|1|8|206|100|100|306|42120|48527.0|22881.0|14224.0|11422.0|37226|22810|11721|4852700.0|2288100.0|1422400.0|1142200.0|1399524|2122493|252843|200114|12|59|17|9|56364|4231427|109154|1802081|2.64|2|3.28|33|258|476|516.0
202411|CNTY_GU|47|44130|41110000|대구|강남구|서초동|4311000000|인계동|2|30|1|2|4|507|52|52|606|53867|2630.0|1181.0|320.0|1129.0|2625|984|274|136760.0|61412.0|16640.0|58708.0|2905424|971710|366611|160282|14|25|11|0|5501828|8502642|1984685|259671|6.94|0|4.95|35|0|353|0.0
202411|ADM|11|47110|43110000|경기|서초구|역삼동|2711000000|역삼1가|2|60|3|1|4|318|285|285|432|10653|40255.0|31217.0|14954.0|0.0|31581|24851|14660|11472675.0|8896845.0|4261890.0|0.0|2565918|2986484|731089|301266|57|138|46|0|2175760|11788905|666762|1154419|6.41|24|4.7|134|419|387|10056.0
202411|ADM|41|26110|11110000|경기|수원시|역삼동|2811000000|서초1동|2|35|3|1|6|1834|1|1|666|69848|32477.0|15867.0|3817.0|12793.0|29907|14080|3315|32477.0|15867.0|3817.0|12793.0|2769559|1715786|328572|59637|0|0|0|0|2004029|2113924|1217328|1135649|5.45|0|3.37|125|0|318|0.0
202411|ADM|27|28110|42110000|경기|수원시|역삼동|2614000000|인계동|2|70|1|1|7|85|415|415|799|49570|27492.0|10620.0|9509.0|7363.0|22935|7502|8347|11409180.0|4407300.0|3946235.0|3055645.0|273776|876626|668822|195611|121|207|112|6|6329345|4016659|1915581|1081373|4.65|51|1.0|39|311|236|15861.0
202411|ADM|43|43110|11110000|서울|성남시|인계동|2711000000|인계동|2|20|0|1|6|693|194|194|525|31617|13933.0|9833.0|1681.0|2419.0|11681|8964|1295|2703002.0|1907602.0|326114.0|469286.0|101922|2848388|929878|263457|32|104|32|12|8999359|5471260|857877|474582|2.63|28|4.25|5|286|198|8008.0
202411|CNTY_GU|11|46110|45110000|대구|서초구|역삼동|4413000000|인계동|2|40|1|2|2|26|317|317|820|35475|49886.0|27542.0|16805.0|5539.0|42123|21540|14048|15813862.0|8730814.0|5327185.0|1755863.0|1521603|1360636|242862|64626|53|149|60|17|6221301|18929739|1990519|37255|6.1|23|1.39|11|449|282|10327.0
202411|CNTY_GU|43|11170|27110000|부산|서초구|인계동|4211000000|인계동|2|20|3|2|2|636|133|133|509|88908|27896.0|8637.0|10402.0|8857.0|23968|8197|7309|3710168.0|1148721.0|1383466.0|1177981.0|3538084|2409540|986567|320180|23|58|28|5|1510177|10681134|4362683|621854|2.41|9|2.59|80|63|36|567.0
202411|ADM|41|41150|11170000|부산|성남시|인계동|2811000000|인계동|2|60|2|1|2|50|241|241|479|23374|22414.0|13912.0|4319.0|4183.0|17461|12149|3128|5401774.0|3352792.0|1040879.0|1008103.0|1786314|2108799|410263|323279|29|142|68|16|336569|2102243|2504579|1975658|7.31|19|4.41|130|11|494|209.0
202411|CNTY_GU|43|43110|11110000|경기|성남시|인계동|4711000000|역삼1가|2|65|2|1|2|1899|175|175|780|17588|1423.0|441.0|206.0|776.0|1012|420|176|249025.0|77175.0|36050.0|135800.0|4730348|438831|267712|237457|48|71|45|3|2856090|8208864|947317|1825761|5.31|7|1.9|87|81|178|567.0
202411|ADM|46|27110|11110000|인천|수원시|역삼동|1120000000|인계동|2|45|0|1|1|1881|342|342|1|54452|26776.0|11644.0|7130.0|8002.0|22745|11517|6867|9157392.0|3982248.0|2438460.0|2736684.0|3063656|2577561|971104|265970|42|170|35|23|484976|13217246|4180194|126998|6.42|0|1.31|56|0|64|0.0
202411|CNTY_GU|43|42110|28110000|경기|서초구|역삼동|4111000000|인계동|1|25|3|1|3|896|312|312|842|45373|8484.0|5758.0|1290.0|1436.0|8138|5217|1182|2647008.0|1796496.0|402480.0|448032.0|876785|730723|519225|355410|87|178|67|4|9554780|6143768|2419661|573574|2.7|2|4.7|140|227|326|454.0
202411|ADM|27|41130|41130000|서울|수원시|서초동|4611000000|서초1동|1|60|0|1|6|782|440|440|565|92858|45109.0|17801.0|11551.0|15757.0|40704|17163|9829|19847960.0|7832440.0|5082440.0|6933080.0|1850477|392845|211521|461010|108|189|66|22|8894078|14943858|2230301|1269937|4.03|33|2.78|62|437|323|14421.0
202411|PRVNC|42|11140|46110000|인천|성남시|인계동|4711000000|역삼1가|2|40|0|1|8|1349|333|333|377|10779|35232.0|13212.0|11534.0|10486.0|26441|9801|10603|11732256.0|4399596.0|3840822.0|3491838.0|1419463|282323|390989|486200|69|160|85|31|2523501|15952884|4057512|1161323|6.22|46|4.3|125|448|340|20608.0
202411|CNTY_GU|46|41110|41110000|경기|서초구|인계동|2811000000|서초1동|2|65|2|2|2|1154|126|126|185|24271|37025.0|18567.0|13962.0|4496.0|27768|16313|12194|4665150.0|2339442.0|1759212.0|566496.0|4790753|178155|72200|443389|17|63|18|9|1076782|1020540|271327|80153|7.5|0|2.54|45|0|215|0.0
202411|CNTY_GU|27|46110|41110000|경기|수원시|서초동|1111000000|역삼1가|1|60|3|1|4|1471|58|58|418|98054|41008.0|30114.0|15927.0|0.0|32261|26587|11380|2378464.0|1746612.0|923766.0|0.0|4253949|747024|433331|269477|8|29|13|2|6780155|264965|1690490|1809902|6.81|3|1.03|8|169|102|507.0
202411|CNTY_GU|42|41130|11170000|대구|서초구|인계동|4711000000|역삼1가|1|30|0|2|9|318|372|372|834|64423|8568.0|6779.0|863.0|926.0|7204|4840|838|3187296.0|2521788.0|321036.0|344472.0|4732147|2839841|618647|257221|105|189|80|14|7774110|348904|4659556|1264971|5.7|11|2.89|34|189|94|2079.0
202411|PRVNC|45|26140|46110000|서울|성남시|서초동|4413000000|역삼1가|2|40|2|1|5|789|104|104|695|62230|18043.0|13955.0|5132.0|0.0|15010|10496|4327|1876472.0|1451320.0|533728.0|0.0|1300895|1744077|291854|35460|25|57|25|5|1394637|5510161|2114801|937505|7.37|5|2.32|50|97|191|485.0
202411|CNTY_GU|43|41150|44130000|서울|성남시|역삼동|2711000000|역삼1가|2|20|2|1|9|1696|382|382|655|66400|33418.0|19948.0|5602.0|7868.0|26395|14711|4677|12765676.0|7620136.0|2139964.0|3005576.0|3302795|2389123|667821|232151|90|221|39|26|452818|11498691|1384953|459299|6.58|14|1.92|132|292|381|4088.0
202411|ADM|42|11200|11200000|대구|수원시|인계동|2811000000|역삼1가|1|70|3|1|2|1386|108|108|612|14594|24778.0|13793.0|9877.0|1108.0|24020|9728|7999|2676024.0|1489644.0|1066716.0|119664.0|935307|62497|754439|120474|19|45|29|10|9774776|2238976|3620379|665699|2.94|9|2.11|150|29|423|261.0
202411|CNTY_GU|26|11110|28110000|경기|성남시|인계동|2614000000|인계동|2|60|3|2|6|1463|499|499|316|51908|47182.0|27472.0|10946.0|8764.0|43498|22302|8752|23543818.0|13708528.0|5462054.0|4373236.0|777874|1810233|365659|365743|75|214|142|13|8227939|14798068|702190|1514548|6.23|62|2.09|167|289|74|17918.0
202411|CNTY_GU|27|26110|26110000|경기|서초구|인계동|4115000000|인계동|2|55|2|1|6|1435|115|115|27|84101|43802.0|21016.0|5650.0|17136.0|34676|18588|5484|5037230.0|2416840.0|649750.0|1970640.0|3779697|992930|538046|407161|17|46|30|9|4783606|19627540|3100906|1915930|6.07|7|1.55|143|493|295|3451.0
202411|CNTY_GU|41|26110|28110000|부산|수원시|역삼동|4211000000|서초1동|1|30|0|2|9|956|55|55|860|55658|16342.0|10927.0|3407.0|2008.0|11643|9954|2389|898810.0|600985.0|187385.0|110440.0|2783079|742881|410163|394646|6|24|12|4|7716960|1835673|2095997|1553368|6.26|0|4.84|160|0|201|0.0
202411|ADM|11|26140|44130000|서울|강남구|인계동|2811000000|역삼1가|2|35|0|2|8|400|235|235|258|44045|33733.0|26950.0|3620.0|3163.0|27624|26782|3011|7927255.0|6333250.0|850700.0|743305.0|2877225|1492269|481713|389385|35|140|45|0|9217466|5805815|1183558|801967|6.15|34|1.09|95|287|407|9758.0
202411|ADM|44|11170|42110000|서울|수원시|역삼동|4413000000|서초1동|1|55|1|2|3|1456|411|411|265|31782|9517.0|6488.0|3475.0|0.0|7065|5201|2699|3911487.0|2666568.0|1428225.0|0.0|1720295|692217|217259|392240|68|237|43|22|2009279|4935769|613263|1395194|3.39|26|2.32|45|374|383|9724.0
202411|CNTY_GU|43|43110|26140000|경기|서초구|역삼동|4211000000|인계동|1|25|0|1|8|510|15|15|375|83475|35124.0|19353.0|11044.0|4727.0|31048|14678|8409|526860.0|290295.0|165660.0|70905.0|2628153|1876225|602436|230274|1|7|3|0|1989635|15512265|2523807|791842|5.92|0|3.31|165|0|100|0.0
202411|CNTY_GU|47|11110|11110000|인천|서초구|역삼동|4115000000|인계동|2|65|0|1|4|1894|314|314|482|81487|44105.0|21777.0|5938.0|16390.0|30905|21714|4479|13848970.0|6837978.0|1864532.0|5146460.0|3209513|1673152|963119|308782|43|174|87|4|3009507|6031502|1105992|1685611|7.66|43|2.08|144|12|411|516.0
202411|CNTY_GU|43|43110|11200000|인천|서초구|서초동|2614000000|서초1동|2|35|0|1|2|1381|395|395|576|38528|17889.0|11719.0|3432.0|2738.0|13806|9045|2900|7066155.0|4629005.0|1355640.0|1081510.0|178711|76625|765099|293767|57|200|111|31|9838578|3708891|3686625|874880|3.01|27|4.39|60|324|148|8748.0
202411|ADM|42|26110|41150000|서울|강남구|서초동|4115000000|인계동|1|40|2|1|7|1407|327|327|823|72877|1124.0|338.0|232.0|554.0|886|286|179|367548.0|110526.0|75864.0|181158.0|1142990|2125689|970146|340423|54|164|51|8|8094448|11270784|4611594|745669|2.28|12|4.67|37|381|309|4572.0
202411|CNTY_GU|42|47110|41130000|부산|성남시|역삼동|4511000000|인계동|2|65|3|2|9|1259|100|100|748|36193|22843.0|15635.0|3653.0|3555.0|17590|13358|2634|2284300.0|1563500.0|365300.0|355500.0|1277086|2820063|805276|401332|12|53|28|4|3597976|11130521|3919149|474904|6.2|12|3.69|111|499|206|5988.0
202411|ADM|46|47110|45110000|경기|수원시|역삼동|1114000000|인계동|1|40|3|1|1|998|249|249|429|99330|44168.0|16277.0|17088.0|10803.0|43353|11552|15194|10997832.0|4052973.0|4254912.0|2689947.0|4320006|2411895|584660|168806|73|131|25|2|698270|13255709|734953|509552|2.84|8|3.05|67|35|269|280.0
202411|ADM|41|26140|26110000|부산|서초구|인계동|1120000000|역삼1가|2|35|1|2|2|432|498|498|110|20256|42551.0|15466.0|14735.0|12350.0|40034|14537|13752|21190398.0|7702068.0|7338030.0|6150300.0|1155184|1589892|963931|171631|132|265|136|36|4674216|1554474|988565|1098688|5.69|21|2.02|62|139|48|2919.0
202411|CNTY_GU|27|42110|43110000|대구|수원시|인계동|4111000000|역삼1가|2|45|0|2|6|869|273|273|601|78850|2543.0|1245.0|389.0|909.0|2431|1070|288|694239.0|339885.0|106197.0|248157.0|4814622|2008249|702240|397585|43|151|78|11|9369527|4788316|1869770|955802|5.4|10|1.6|63|127|94|1270.0
202411|ADM|44|26110|41130000|부산|수원시|역삼동|2611000000|인계동|1|45|0|1|6|450|418|418|159|25847|36833.0|25203.0|4104.0|7526.0|27817|24519|3603|15396194.0|10534854.0|1715472.0|3145868.0|457466|1456387|554538|28188|91|227|120|9|8118990|15092828|1503755|1792055|4.23|59|1.43|104|213|309|12567.0
202411|ADM|46|28110|26140000|서울|강남구|인계동|4113000000|인계동|2|30|1|1|7|1100|93|93|646|41125|16897.0|11562.0|5681.0|0.0|15706|8147|5367|1571421.0|1075266.0|528333.0|0.0|335584|2737667|690923|88529|23|49|22|6|3513679|4320641|2805400|1897766|2.84|8|4.36|8|448|233|3584.0
202411|ADM|26|45110|27110000|인천|수원시|서초동|4711000000|서초1동|2|20|2|1|1|519|44|44|198|33930|1535.0|849.0|457.0|229.0|1104|612|422|67540.0|37356.0|20108.0|10076.0|4926156|862059|798807|27547|5|24|12|0|593155|2087764|1647764|1298601|7.28|0|2.02|93|0|373|0.0
202411|ADM|41|46110|26140000|인천|수원시|서초동|4611000000|역삼1가|2|40|0|1|2|1929|499|499|790|63517|2076.0|1531.0|812.0|0.0|1529|1459|744|1035924.0|763969.0|405188.0|0.0|3277939|1005781|662522|5754|74|207|102|7|3947047|11039284|404035|1105734|7.64|18|1.97|101|40|301|720.0
202411|ADM|46|11170|41110000|경기|성남시|역삼동|4111000000|역삼1가|2|25|3|2|5|1516|436|436|53|73829|37738.0|29283.0|4925.0|3530.0|32093|24842|4606|16453768.0|12767388.0|2147300.0|1539080.0|4940513|1278983|544260|485262|91|194|76|20|3514184|6939497|2384217|520870|6.61|31|4.31|68|203|414|6293.0
202411|ADM|47|26140|28110000|경기|강남구|역삼동|4413000000|서초1동|2|40|0|2|8|1221|335|335|278|81224|41393.0|18528.0|8342.0|14523.0|41262|13590|8061|13866655.0|6206880.0|2794570.0|4865205.0|1032966|853830|990935|190594|82|139|59|9|2206479|2950835|4913780|1512243|4.17|12|3.86|164|74|352|888.0
202411|CNTY_GU|11|26140|28110000|경기|강남구|서초동|1117000000|서초1동|2|45|1|2|10|716|324|324|664|71908|25845.0|13847.0|9853.0|2145.0|24847|12802|7869|8373780.0|4486428.0|3192372.0|694980.0|1833292|1431428|533149|249322|86|138|95|3|5255376|16143709|2452252|120304|3.09|16|3.59|177|74|366|1184.0
202411|CNTY_GU|44|43110|27110000|부산|서초구|역삼동|4511000000|역삼1가|1|40|1|1|6|619|142|142|970|66366|5737.0|2446.0|1845.0|1446.0|5230|1782|1362|814654.0|347332.0|261990.0|205332.0|2722304|917788|598705|39690|22|69|17|8|9049767|6256589|120584|497977|2.03|7|3.03|41|213|96|1491.0
202411|PRVNC|47|42110|11110000|대구|수원시|인계동|4113000000|서초1동|2|25|3|1|4|1263|264|264|479|99480|38435.0|23493.0|4046.0|10896.0|30204|19577|3690|10146840.0|6202152.0|1068144.0|2876544.0|3424300|1616858|771512|465554|58|156|39|12|2026611|13291621|4361862|821487|7.87|20|3.71|112|320|463|6400.0
202411|CNTY_GU|47|11200|41110000|서울|서초구|서초동|2811000000|인계동|1|50|0|2|5|129|28|28|303|20123|35558.0|19888.0|3803.0|11867.0|27477|14415|3098|995624.0|556864.0|106484.0|332276.0|2071312|1794913|855787|409032|8|11|7|1|1318555|17421330|729024|1268246|4.17|1|4.11|122|394|90|394.0
202411|PRVNC|43|11140|41110000|인천|강남구|인계동|4115000000|서초1동|2|60|1|2|5|907|465|465|855|98606|25514.0|15231.0|5628.0|4655.0|21428|10871|5525|11864010.0|7082415.0|2617020.0|2164575.0|4768613|1884430|876620|432517|84|186|66|23|2177747|7959199|799968|1089896|5.51|52|4.66|164|362|47|18824.0
202411|CNTY_GU|45|26140|11170000|경기|강남구|서초동|4711000000|인계동|1|50|2|1|9|455|394|394|948|66051|43661.0|30852.0|13966.0|0.0|42593|27834|13469|17202434.0|12155688.0|5502604.0|0.0|4368778|2006402|124960|360313|101|174|84|29|725809|3081015|210694|1161774|2.46|7|2.44|125|80|15|560.0
202411|CNTY_GU|44|47110|47110000|대구|수원시|서초동|4711000000|역삼1가|1|55|3|2|1|647|342|342|691|85537|34747.0|21404.0|12467.0|876.0|31518|19512|9954|11883474.0|7320168.0|4263714.0|299592.0|1153251|473517|630767|308276|76|170|49|15|7846148|7736972|1265015|30122|7.43|23|4.02|14|346|119|7958.0
202411|ADM|27|41110|28110000|서울|서초구|인계동|2811000000|역삼1가|2|20|3|1|8|342|370|370|407|52546|26042.0|14548.0|2721.0|8773.0|21470|13058|2223|9635540.0|5382760.0|1006770.0|3246010.0|3366811|1612586|414122|52902|42|220|74|8|8958948|19647155|1121351|1864351|2.0|12|4.22|123|170|480|2040.0
202411|ADM|44|11200|26110000|경기|성남시|인계동|4511000000|인계동|1|40|1|1|9|584|242|242|299|96787|34447.0|14773.0|4572.0|15102.0|30809|11505|3363|8336174.0|3575066.0|1106424.0|3654684.0|2475324|1057073|785392|369227|54|115|41|19|2384011|18705805|4567980|93359|3.14|33|1.54|157|441|249|14553.0
202411|ADM|44|11140|41130000|경기|수원시|인계동|4511000000|역삼1가|2|45|2|1|1|1312|83|83|118|72189|31687.0|14640.0|6147.0|10900.0|23539|12772|4637|2630021.0|1215120.0|510201.0|904700.0|1899404|193243|951651|42818|13|36|23|3|9705896|11719442|3932071|417624|4.35|0|1.18|140|0|138|0.0
202411|ADM|47|11110|41130000|부산|강남구|서초동|2811000000|역삼1가|1|30|2|2|4|653|343|343|141|75995|39661.0|27939.0|4743.0|6979.0|32143|20608|4495|13603723.0|9583077.0|1626849.0|2393797.0|2453667|368632|122825|259309|98|162|84|11|877873|17199409|1301258|1981673|5.43|47|1.31|28|304|25|14288.0
202411|ADM|11|41150|26110000|인천|수원시|서초동|2614000000|서초1동|1|20|0|1|3|437|259|259|691|20371|21618.0|12823.0|3459.0|5336.0|15558|8997|3346|5599062.0|3321157.0|895881.0|1382024.0|4464399|1979804|207631|198463|62|117|31|21|849791|12328632|394614|1646973|6.98|17|3.95|169|92|256|1564.0
202411|ADM|26|46110|41150000|대구|성남시|서초동|1117000000|서초1동|2|60|3|1|7|189|224|224|420|13018|28958.0|21225.0|10082.0|0.0|26154|18795|9826|6486592.0|4754400.0|2258368.0|0.0|533579|2905520|682605|63335|30|94|59|11|5461599|1067043|1701088|911642|5.21|26|3.1|136|261|270|6786.0
202411|ADM|43|45110|45110000|서울|강남구|서초동|4311000000|역삼1가|1|50|3|1|2|1153|38|38|915|30604|41636.0|32170.0|4307.0|5159.0|38808|31473|3049|1582168.0|1222460.0|163666.0|196042.0|3632422|569490|760463|378831|4|16|6|3|9600658|18125441|4416501|604013|4.07|2|3.79|117|431|330|862.0
202411|ADM|42|43110|11140000|부산|강남구|역삼동|1114000000|서초1동|2|45|0|2|1|1377|197|197|968|63562|0.0|0.0|0.0|0.0|0|0|0|0.0|0.0|0.0|0.0|4769953|1342298|919542|424955|29|79|48|5|7764199|5567239|4780881|93058|7.16|0|2.32|150|0|249|0.0
202411|ADM|47|26140|11200000|인천|강남구|역삼동|4711000000|서초1동|2|65|0|1|7|647|262|262|776|75190|30513.0|21860.0|7021.0|1632.0|21564|15698|5918|7994406.0|5727320.0|1839502.0|427584.0|632221|2210612|353840|360637|35|136|53|0|5236608|13492706|1744843|805611|3.93|22|4.25|119|278|67|6116.0
202411|CNTY_GU|44|45110|41110000|대구|수원시|역삼동|4311000000|인계동|2|35|3|1|9|35|499|499|282|27639|33563.0|16340.0|6241.0|10982.0|27866|12236|4984|16747937.0|8153660.0|3114259.0|5480018.0|1524008|429823|798169|22188|116|225|104|47|3652881|3234161|925295|1014384|6.8|20|4.15|87|424|300|8480.0
202411|CNTY_GU|27|11200|26140000|대구|서초구|역삼동|1117000000|서초1동|1|25|2|1|8|937|259|259|489|29925|16747.0|5170.0|6061.0|5516.0|14488|4505|4356|4337473.0|1339030.0|1569799.0|1428644.0|3859477|2517186|871911|324555|35|119|53|6|9589887|14027072|2780812|1458391|5.63|5|2.82|102|111|14|555.0
202411|CNTY_GU|47|26140|28110000|인천|성남시|서초동|4115000000|인계동|1|40|0|1|4|1890|496|496|356|88134|34209.0|18395.0|4666.0|11148.0|28836|14502|3458|16967664.0|9123920.0|2314336.0|5529408.0|4845832|2862474|987185|206592|82|206|142|3|1209323|8304743|117746|1189828|6.97|9|1.74|24|352|34|3168.0
202411|CNTY_GU|11|11140|43110000|대구|수원시|역삼동|4111000000|서초1동|2|30|0|1|10|1959|67|67|567|56440|8870.0|3657.0|2436.0|2777.0|8504|3205|1736|594290.0|245019.0|163212.0|186059.0|3416179|1723189|338434|434363|17|37|11|5|1739880|19059610|4248939|1672470|2.28|6|1.39|15|287|394|1722.0
202411|CNTY_GU|43|42110|41130000|경기|수원시|역삼동|4111000000|인계동|1|50|0|1|6|1019|427|427|733|39136|48498.0|28647.0|14996.0|4855.0|37064|25303|13943|20708646.0|12232269.0|6403292.0|2073085.0|4786128|1540582|51910|428930|124|243|127|13|7933345|11035581|584085|225355|6.45|54|1.63|64|70|362|3780.0
202411|PRVNC|27|26110|11110000|서울|강남구|역삼동|4611000000|역삼1가|1|50|0|1|7|1820|162|162|952|64051|34247.0|18198.0|7888.0|8161.0|25980|15153|5759|5548014.0|2948076.0|1277856.0|1322082.0|3842301|570595|831051|244172|48|85|29|9|2295098|12695067|594118|1579582|7.11|4|1.74|90|133|27|532.0
202411|ADM|44|46110|11110000|인천|수원시|서초동|2611000000|역삼1가|2|30|3|1|9|1329|208|208|471|61939|37315.0|29083.0|10844.0|0.0|26743|28486|8487|7761520.0|6049264.0|2255552.0|0.0|1915759|1396909|580546|140185|23|118|52|3|3635576|6735218|3201818|331110|7.35|12|4.37|19|83|90|996.0
202411|PRVNC|27|26110|41130000|인천|서초구|역삼동|4211000000|역삼1가|2|45|0|1|5|948|136|136|644|49614|42082.0|18707.0|8801.0|14574.0|40893|16452|7528|5723152.0|2544152.0|1196936.0|1982064.0|4531633|1443654|1147|227152|25|79|22|4|5672582|5241738|1811738|129733|2.19|16|1.33|75|264|454|4224.0
202411|PRVNC|46|11140|47110000|부산|강남구|서초동|1120000000|서초1동|1|65|2|2|1|810|6|6|686|22289|15981.0|7399.0|4550.0|4032.0|11643|5514|3748|95886.0|44394.0|27300.0|24192.0|1351564|478939|677093|359149|1|2|1|0|7313779|15052561|405318|275077|7.01|0|2.06|171|0|351|0.0
202411|ADM|47|44130|26110000|경기|강남구|서초동|2611000000|서초1동|1|70|2|2|6|1010|35|35|267|10152|32472.0|16607.0|4632.0|11233.0|29259|12740|3336|1136520.0|581245.0|162120.0|393155.0|1437130|343867|944177|439474|9|17|8|1|6240607|16152549|648519|576092|6.17|3|2.13|130|354|53|1062.0
202411|PRVNC|44|44130|11140000|경기|강남구|인계동|4611000000|서초1동|2|50|0|2|6|306|450|450|91|70013|6546.0|2020.0|1809.0|2717.0|4693|1744|1412|2945700.0|909000.0|814050.0|1222650.0|3042919|1507692|295916|444862|75|207|54|9|474646|13130494|1709627|1205655|2.07|4|1.41|166|11|309|44.0
202411|ADM|45|11170|43110000|인천|강남구|서초동|2711000000|역삼1가|2|60|0|1|3|103|124|124|567|20178|28185.0|13114.0|6131.0|8940.0|19903|10803|4676|3494940.0|1626136.0|760244.0|1108560.0|973351|1725150|74984|360242|19|64|33|4|8033899|8369962|4235294|954763|2.72|9|3.45|69|284|154|2556.0
202411|CNTY_GU|42|26140|41150000|대구|서초구|서초동|1117000000|서초1동|1|45|0|2|5|997|140|140|29|96961|42369.0|20652.0|9154.0|12563.0|32402|15443|9053|5931660.0|2891280.0|1281560.0|1758820.0|4057178|2054093|217906|484538|37|64|37|1|7158176|11016610|3135254|640797|4.65|9|4.42|77|466|182|4194.0
202411|ADM|47|27110|46110000|경기|서초구|인계동|4211000000|서초1동|1|55|0|1|1|1016|458|458|102|84722|1052.0|806.0|190.0|56.0|956|797|142|481816.0|369148.0|87020.0|25648.0|2488646|959371|201024|424698|89|228|98|14|5996910|16959598|4991679|640927|4.04|48|2.2|121|272|60|13056.0
202411|CNTY_GU|27|41150|28110000|부산|강남구|역삼동|1111000000|서초1동|1|55|1|1|3|961|475|475|448|96574|37440.0|27357.0|5963.0|4120.0|29643|19896|4746|17784000.0|12994575.0|2832425.0|1957000.0|4470918|1744313|514185|90696|71|214|99|10|7062983|614503|3540687|1969991|6.63|24|2.2|83|426|104|10224.0
202411|ADM|42|11170|26140000|부산|수원시|인계동|4211000000|서초1동|2|25|0|1|1|1303|10|10|826|89021|9926.0|3565.0|2592.0|3769.0|9014|3441|2400|99260.0|35650.0|25920.0|37690.0|280064|940919|978989|104773|2|4|2|0|9402235|16325990|16806|1472420|2.35|1|4.02|111|10|74|10.0
202411|ADM|41|11140|41110000|대구|성남시|인계동|4311000000|역삼1가|2|40|3|1|6|404|392|392|859|47677|11687.0|4354.0|2996.0|4337.0|8451|3791|2608|4581304.0|1706768.0|1174432.0|1700104.0|787839|1217741|356564|177342|61|186|60|16|3711161|1927210|4342618|1711151|5.1|55|1.18|172|305|259|16775.0
202411|ADM|44|41110|41130000|경기|서초구|역삼동|2614000000|서초1동|2|25|1|2|5|52|12|12|397|30845|33398.0|16248.0|10690.0|6460.0|26846|15248|7913|400776.0|194976.0|128280.0|77520.0|2073995|2105872|819549|299696|1|7|1|0|7702733|16156903|2786033|851011|5.3|1|4.29|74|234|444|234.0
202411|CNTY_GU|41|26140|11170000|부산|서초구|역삼동|1120000000|서초1동|2|30|0|2|10|1674|410|410|173|83087|14024.0|5410.0|1637.0|6977.0|12327|5292|1553|5749840.0|2218100.0|671170.0|2860570.0|3559524|1370430|405532|6586|98|180|95|7|6210277|16926927|3786363|180934|2.82|28|2.51|102|315|219|8820.0
202411|ADM|47|26140|42110000|서울|서초구|서초동|4111000000|역삼1가|1|70|2|2|8|1910|445|445|120|51295|24424.0|14604.0|7244.0|2576.0|18981|12971|6847|10868680.0|6498780.0|3223580.0|1146320.0|1190544|416370|659259|244627|72|178|116|0|3344445|15156949|2258373|907426|7.95|20|2.49|134|107|127|2140.0
202411|ADM|11|41150|11200000|인천|강남구|인계동|4511000000|서초1동|2|60|1|2|5|669|202|202|360|86743|27651.0|14062.0|10633.0|2956.0|19722|11556|10439|5585502.0|2840524.0|2147866.0|597112.0|446851|1703460|71288|408370|44|116|42|7|3753717|12660322|4275747|1561500|5.77|9|1.69|30|368|103|3312.0
202411|CNTY_GU|42|41130|45110000|대구|서초구|인계동|4111000000|서초1동|2|20|0|1|4|1915|393|393|317|22968|37668.0|26245.0|5260.0|6163.0|27191|26222|4926|14803524.0|10314285.0|2067180.0|2422059.0|1655091|518502|978228|327192|113|201|111|29|536515|14208648|1157471|446120|7.25|35|2.5|89|417|466|14595.0
202411|CNTY_GU|27|46110|47110000|대구|수원시|서초동|1111000000|서초1동|1|30|2|1|7|358|429|429|62|93104|39230.0|19247.0|13567.0|6416.0|36070|15691|10389|16829670.0|8256963.0|5820243.0|2752464.0|3623966|1470168|962186|126526|95|186|120|26|6240550|16206467|4339329|800444|3.79|15|4.56|172|184|449|2760.0
202411|CNTY_GU|42|11200|41110000|서울|서초구|역삼동|4211000000|서초1동|2|50|3|1|6|1038|398|398|733|94940|21277.0|16985.0|7663.0|0.0|19753|12276|7159|8468246.0|6760030.0|3049874.0|0.0|1168764|1376003|214274|188897|106|167|49|6|6013374|2507252|2521189|626090|6.86|48|1.79|67|298|340|14304.0
202411|ADM|47|26110|41130000|인천|수원시|서초동|1117000000|인계동|1|45|1|1|6|1956|316|316|289|86454|16503.0|8049.0|5762.0|2692.0|13545|6782|5718|5214948.0|2543484.0|1820792.0|850672.0|877750|1525847|920460|382966|39|162|49|10|41226|14436671|2391454|816283|6.29|35|1.75|119|334|412|11690.0
202411|ADM|45|47110|41130000|경기|성남시|역삼동|2711000000|인계동|1|60|1|1|6|578|201|201|373|78453|22912.0|9181.0|8691.0|5040.0|17833|8408|7241|4605312.0|1845381.0|1746891.0|1013040.0|845667|956996|929126|307082|25|109|31|17|4255890|18662483|4209802|147064|3.53|7|2.45|83|447|145|3129.0
202411|CNTY_GU|11|27110|47110000|부산|수원시|인계동|2611000000|역삼1가|2|40|3|2|10|1644|239|239|539|74289|40260.0|19909.0|11058.0|9293.0|28840|15491|7806|9622140.0|4758251.0|2642862.0|2221027.0|1729034|2384147|194291|195395|67|125|39|3|5262843|15578812|3229431|1288134|4.3|5|3.04|100|146|297|730.0
202411|CNTY_GU|11|11170|42110000|서울|서초구|인계동|4115000000|인계동|1|55|2|2|6|631|307|307|355|10830|30965.0|20965.0|8056.0|1944.0|25985|20209|6397|9506255.0|6436255.0|2473192.0|596808.0|3835500|2947393|804299|189162|57|182|56|5|4161572|4705150|4780602|20965|3.78|12|1.57|35|40|295|480.0
202411|ADM|26|11110|11200000|대구|수원시|서초동|2811000000|인계동|1|55|1|1|2|789|446|446|459|17637|49920.0|32751.0|16388.0|781.0|39295|26278|12468|22264320.0|14606946.0|7309048.0|348326.0|4073444|321382|31471|161961|91|184|87|24|8909058|5386012|3391314|1681711|2.56|15|4.6|162|250|288|3750.0
202411|ADM|47|43110|11140000|경기|수원시|역삼동|4115000000|역삼1가|1|55|1|1|8|1991|199|199|502|61274|33041.0|20113.0|8050.0|4878.0|29477|14358|5843|6575159.0|4002487.0|1601950.0|970722.0|3462728|1757113|620876|431123|53|116|36|11|981239|9882383|2010736|1466125|5.78|19|1.58|77|149|138|2831.0
202411|ADM|41|27110|41110000|부산|성남시|인계동|2811000000|역삼1가|2|50|3|1|7|146|168|168|744|88383|24788.0|16682.0|4053.0|4053.0|21446|13869|3031|4164384.0|2802576.0|680904.0|680904.0|1744352|2693693|983043|264649|28|76|27|12|5334602|14333245|330172|738927|7.13|23|4.5|129|269|286|6187.0
202411|CNTY_GU|46|27110|11170000|서울|서초구|서초동|1117000000|역삼1가|1|50|1|2|5|1920|235|235|370|69817|21923.0|8271.0|6485.0|7167.0|15911|7604|5078|5151905.0|1943685.0|1523975.0|1684245.0|1683841|1512489|120796|284153|38|102|34|3|5884888|16834182|3572328|267295|5.54|29|3.4|156|289|200|8381.0
202411|ADM|11|26110|41150000|대구|서초구|인계동|4611000000|인계동|1|50|1|2|5|1389|116|116|159|35965|33187.0|20990.0|7205.0|4992.0|29674|20811|5377|3849692.0|2434840.0|835780.0|579072.0|3401464|175042|248452|64066|21|68|12|4|9485697|19320437|4751551|499941|7.91|17|2.62|102|55|352|935.0
202411|CNTY_GU|26|44130|45110000|대구|성남시|역삼동|2611000000|역삼1가|1|40|2|2|5|903|138|138|153|48711|32150.0|12873.0|6137.0|13140.0|24936|12382|5443|4436700.0|1776474.0|846906.0|1813320.0|4374213|1471480|807565|292925|30|59|36|12|2150575|5287905|3254212|226883|6.57|16|3.3|119|429|122|6864.0
202411|CNTY_GU|45|28110|11140000|인천|강남구|서초동|4111000000|역삼1가|1|20|1|1|5|1158|142|142|497|34953|25386.0|17020.0|4200.0|4166.0|22715|14543|3069|3604812.0|2416840.0|596400.0|591572.0|2391590|1969811|126913|127643|37|58|18|11|5297577|15738484|2449068|1563964|5.03|1|2.48|30|226|458|226.0
202411|CNTY_GU|11|11140|41110000|인천|서초구|역삼동|1111000000|역삼1가|1|60|0|1|5|1358|371|371|668|87195|41800.0|16425.0|9923.0|15452.0|31445|11868|9624|15507800.0|6093675.0|3681433.0|5732692.0|1622170|97818|840662|24023|59|176|94|14|8604089|16924781|4590870|1012866|6.65|6|4.48|163|39|438|234.0
202411|ADM|41|28110|45110000|서울|서초구|역삼동|2614000000|역삼1가|2|45|2|1|8|1999|318|318|303|56081|19058.0|6874.0|7288.0|4896.0|17382|6213|5566|6060444.0|2185932.0|2317584.0|1556928.0|4946142|2870692|606534|4087|42|131|80|0|5432118|7143872|3876989|1845472|4.63|39|3.23|34|50|105|1950.0
202411|ADM|45|11110|11200000|경기|성남시|역삼동|1117000000|역삼1가|1|30|0|1|4|823|174|174|53|19776|6210.0|4960.0|1814.0|0.0|5501|4708|1443|1080540.0|863040.0|315636.0|0.0|2085539|454028|347777|52298|25|94|22|5|3145720|5416093|4802833|858903|7.9|18|2.95|102|177|186|3186.0
202411|CNTY_GU|44|11110|26110000|경기|강남구|인계동|4211000000|서초1동|2|25|0|1|1|423|190|190|851|78749|16698.0|11783.0|5465.0|0.0|12215|9092|5030|3172620.0|2238770.0|1038350.0|0.0|4139044|1189021|785079|197777|34|106|45|17|5512291|8546575|2562389|663720|7.04|3|3.1|89|422|91|1266.0
202411|ADM|46|42110|43110000|인천|강남구|역삼동|2711000000|인계동|1|60|2|1|1|1209|81|81|880|50772|28830.0|8911.0|4732.0|15187.0|25707|7452|3417|2335230.0|721791.0|383292.0|1230147.0|660671|317845|646302|128758|16|38|9|7|6837134|15900380|2281699|1225864|6.11|2|2.82|149|357|25|714.0
202411|ADM|27|41130|47110000|경기|서초구|인계동|1120000000|인계동|2|55|0|1|9|290|294|294|923|62299|15554.0|5770.0|2924.0|6860.0|12387|5514|2255|4572876.0|1696380.0|859656.0|2016840.0|1413523|2131415|510768|38405|69|124|60|18|7290063|4172143|1546463|853874|4.75|20|1.74|95|19|42|380.0
202411|ADM|42|45110|46110000|대구|성남시|서초동|1120000000|인계동|1|65|0|2|6|82|15|15|143|86209|48893.0|24839.0|7260.0|16794.0|42437|24025|7122|733395.0|372585.0|108900.0|251910.0|3929365|1282414|196466|76922|4|8|2|0|9212788|5100575|2252504|671356|3.41|1|2.38|77|278|473|278.0
202411|CNTY_GU|42|26110|46110000|서울|성남시|인계동|4113000000|역삼1가|2|45|0|1|4|576|43|43|165|76872|2505.0|1909.0|338.0|258.0|2263|1379|276|107715.0|82087.0|14534.0|11094.0|4505910|1338078|659436|258747|8|21|9|1|2889852|17724763|4845919|879141|5.98|0|3.68|168|0|56|0.0
202411|ADM|26|46110|27110000|대구|성남시|인계동|4111000000|인계동|1|45|0|1|2|1250|13|13|306|61792|23679.0|9500.0|5410.0|8769.0|22680|9179|4310|307827.0|123500.0|70330.0|113997.0|3465224|1928524|914650|53536|2|6|2|0|6253971|2032123|2273670|648428|2.84|0|1.64|106|0|130|0.0
202411|ADM|45|41110|11200000|서울|서초구|서초동|2611000000|서초1동|1|35|1|2|7|973|62|62|760|57686|16511.0|10173.0|2629.0|3709.0|14104|7275|2454|1023682.0|630726.0|162998.0|229958.0|3073806|1645892|799512|241328|10|36|16|0|6435328|19797229|2815309|384282|5.6|4|3.18|161|391|148|1564.0
202411|ADM|47|11200|41110000|경기|서초구|인계동|1111000000|인계동|1|40|1|2|4|329|289|289|743|18052|8236.0|4088.0|1033.0|3115.0|7160|3963|913|2380204.0|1181432.0|298537.0|900235.0|1982835|1175364|117102|42559|84|145|48|11|9613562|4325583|2177046|1373440|5.46|9|2.82|131|351|78|3159.0
202411|ADM|45|26140|26140000|경기|성남시|서초동|4113000000|인계동|1|30|2|2|2|1938|118|118|482|68810|39924.0|24017.0|10190.0|5717.0|33509|22840|9670|4711032.0|2834006.0|1202420.0|674606.0|4175981|1493426|285194|308855|21|65|34|8|723360|12294732|1893980|224771|4.24|0|3.92|163|0|195|0.0
202411|ADM|45|26110|44130000|대구|수원시|서초동|1111000000|역삼1가|2|45|2|1|1|1465|2|2|502|55958|9233.0|4128.0|2696.0|2409.0|8226|3658|2472|18466.0|8256.0|5392.0|4818.0|3991429|2620522|75499|422097|0|0|0|0|3553842|8431835|1427652|1038491|4.94|0|4.04|170|0|146|0.0
202411|PRVNC|47|11140|27110000|대구|강남구|서초동|4611000000|인계동|1|35|0|1|9|131|3|3|659|80700|20450.0|15623.0|3521.0|1306.0|15146|13025|3136|61350.0|46869.0|10563.0|3918.0|4846615|2995398|613306|77581|0|1|0|0|9887794|8891639|3669014|1387857|3.86|0|2.92|178|0|300|0.0
202411|ADM|43|41130|11200000|대구|서초구|서초동|1114000000|서초1동|1|30|2|1|6|646|87|87|85|18564|36125.0|27861.0|9332.0|0.0|29710|21681|7481|3142875.0|2423907.0|811884.0|0.0|3713757|1235064|97325|473295|20|34|10|2|6613859|5989413|1706846|1577341|7.98|1|3.27|94|394|493|394.0
202411|ADM|41|27110|28110000|서울|성남시|서초동|1120000000|인계동|1|50|1|1|9|1163|241|241|512|63743|1981.0|1532.0|243.0|206.0|1790|1340|190|477421.0|369212.0|58563.0|49646.0|1006838|1745560|408457|199112|60|101|27|16|8290715|3202509|1633878|6176|6.13|8|3.09|129|144|106|1152.0
202411|PRVNC|41|46110|46110000|인천|서초구|역삼동|1120000000|서초1동|2|55|1|2|3|408|25|25|296|94450|45478.0|22808.0|10163.0|12507.0|41212|20186|9523|1136950.0|570200.0|254075.0|312675.0|4811141|2121652|704844|37239|7|14|5|1|54933|4581264|3645193|668554|3.32|2|1.54|30|290|358|580.0
202411|ADM|26|26140|43110000|대구|강남구|역삼동|2711000000|서초1동|2|65|3|2|1|1219|191|191|601|49535|27885.0|10646.0|5542.0|11697.0|26726|8848|5426|5326035.0|2033386.0|1058522.0|2234127.0|4127675|461584|506581|171793|49|80|23|2|3691207|11974089|2251496|237779|6.57|16|1.15|46|461|385|7376.0
202411|PRVNC|27|28110|41110000|부산|성남시|역삼동|2811000000|역삼1가|1|40|0|1|9|951|123|123|438|50841|1876.0|883.0|311.0|682.0|1341|652|285|230748.0|108609.0|38253.0|83886.0|4664549|1817368|942228|329990|23|53|27|1|8186866|6229831|3775755|409193|6.62|1|3.62|69|19|429|19.0
202411|ADM|41|41150|43110000|경기|서초구|역삼동|2611000000|서초1동|1|25|0|1|4|868|308|308|619|45781|2345.0|1343.0|916.0|86.0|2133|1177|849|722260.0|413644.0|282128.0|26488.0|964210|1062120|913732|341176|89|155|39|6|7492932|14611163|3593963|1470481|3.56|16|3.97|171|312|492|4992.0
202411|ADM|27|43110|42110000|인천|수원시|서초동|4711000000|인계동|1|45|0|1|5|872|153|153|146|31571|41151.0|17643.0|14583.0|8925.0|36243|17173|13610|6296103.0|2699379.0|2231199.0|1365525.0|690535|1073852|87825|214570|25|73|24|10|8744658|4908756|51545|1103434|4.53|14|1.33|108|453|270|6342.0
202411|ADM|41|47110|26140000|대구|수원시|역삼동|4413000000|역삼1가|2|40|2|1|4|1813|325|325|217|55176|20682.0|6659.0|4448.0|9575.0|15617|6178|3448|6721650.0|2164175.0|1445600.0|3111875.0|57375|1127087|908300|69010|65|173|58|7|8989910|13924681|1216279|677389|2.2|2|2.55|76|92|81|184.0
202411|CNTY_GU|27|26140|11170000|서울|강남구|인계동|2811000000|역삼1가|1|45|2|1|5|1347|497|497|664|11644|32673.0|24557.0|7065.0|1051.0|24718|23998|7046|16238481.0|12204829.0|3511305.0|522347.0|3930816|1742763|339436|320997|95|228|106|24|7590623|3514095|1673441|1542816|2.36|12|3.0|42|473|373|5676.0
202411|ADM|42|28110|11110000|대구|서초구|인계동|1117000000|역삼1가|2|50|3|1|4|1420|93|93|490|23471|13490.0|10581.0|3522.0|0.0|11622|8945|3148|1254570.0|984033.0|327546.0|0.0|409788|2781861|838019|377246|20|49|9|1|6722210|16491084|1376875|1263267|2.74|10|3.45|143|30|436|300.0
202411|CNTY_GU|47|27110|11200000|부산|강남구|인계동|4111000000|서초1동|1|60|3|2|5|1717|57|57|660|51062|32180.0|22946.0|5608.0|3626.0|26271|22079|4279|1834260.0|1307922.0|319656.0|206682.0|1100381|1556976|738332|192144|7|31|15|1|3203299|14680462|3682165|287499|2.98|7|4.7|147|161|139|1127.0
202411|PRVNC|26|41130|27110000|대구|강남구|서초동|4311000000|역삼1가|2|45|3|1|8|1787|86|86|791|17579|33463.0|22073.0|9583.0|1807.0|25355|19746|7614|2877818.0|1898278.0|824138.0|155402.0|4503294|2250497|790393|285336|15|41|19|7|5756387|5543951|1170044|1201101|5.95|12|1.1|137|381|320|4572.0
202411|ADM|41|11140|46110000|서울|강남구|서초동|1120000000|서초1동|1|35|1|2|6|846|278|278|893|30805|31852.0|18195.0|3580.0|10077.0|27898|12976|2707|8854856.0|5058210.0|995240.0|2801406.0|504535|34251|995203|370856|29|130|44|8|1144535|13366770|659481|1355913|7.88|19|3.37|157|400|129|7600.0
202411|CNTY_GU|11|11200|11170000|서울|서초구|서초동|4115000000|역삼1가|1|45|0|2|6|1842|345|345|267|88877|6080.0|4506.0|1419.0|155.0|5647|3893|1018|2097600.0|1554570.0|489555.0|53475.0|4163607|2503871|637382|297846|97|168|82|15|789530|12196199|4660732|148558|3.75|17|3.79|43|296|265|5032.0
202411|ADM|43|11200|41110000|경기|수원시|인계동|2811000000|역삼1가|1|55|0|2|8|1547|254|254|847|89115|30275.0|11455.0|7206.0|11614.0|21909|8291|6574|7689850.0|2909570.0|1830324.0|2949956.0|1764132|188130|147537|234624|51|102|46|3|8885850|1627646|4636660|214786|3.15|2|3.75|157|459|101|918.0
202411|ADM|46|26110|26110000|경기|수원시|역삼동|1111000000|서초1동|1|50|3|1|10|159|483|483|862|92275|48023.0|34199.0|10466.0|3358.0|44143|31391|9948|23195109.0|16518117.0|5055078.0|1621914.0|204067|2337438|862362|463387|116|224|134|17|171316|1233604|4251149|1254458|2.38|30|3.3|132|141|254|4230.0
202411|ADM|45|28110|47110000|인천|강남구|역삼동|4611000000|서초1동|1|70|3|1|4|1423|228|228|80|45113|33131.0|25849.0|13050.0|0.0|24999|20374|12959|7553868.0|5893572.0|2975400.0|0.0|3734953|87240|622338|99000|24|106|44|10|6628689|13040444|4272939|1173760|2.25|3|1.25|13|402|38|1206.0
202411|CNTY_GU|42|26110|11200000|서울|강남구|역삼동|4711000000|인계동|1|35|0|1|6|63|413|413|362|49697|843.0|435.0|98.0|310.0|685|310|94|348159.0|179655.0|40474.0|128030.0|1351434|775050|767960|228977|96|229|110|28|7174773|374161|4197141|1665740|5.77|23|1.35|171|61|304|1403.0
202411|ADM|43|11110|46110000|인천|강남구|서초동|4113000000|서초1동|1|60|2|2|3|265|179|179|631|75153|39465.0|31465.0|4975.0|3025.0|30382|28829|4642|7064235.0|5632235.0|890525.0|541475.0|52659|1917045|407293|151304|25|81|32|14|5467693|2770603|2975150|1273074|7.44|22|1.45|123|41|75|902.0
202411|CNTY_GU|41|41110|41130000|서울|서초구|역삼동|1120000000|서초1동|2|70|0|1|5|1498|213|213|53|35729|14017.0|4982.0|2100.0|6935.0|14012|3756|1571|2985621.0|1061166.0|447300.0|1477155.0|4538285|1424313|776533|166328|32|117|48|13|5362514|8828724|4019944|948380|3.45|27|1.3|62|171|46|4617.0
202411|ADM|45|26140|42110000|부산|성남시|서초동|4611000000|역삼1가|1|25|0|1|3|1272|226|226|782|15402|7592.0|4245.0|2656.0|691.0|6600|3781|2166|1715792.0|959370.0|600256.0|156166.0|3024774|2393032|454892|448047|46|135|64|13|2923126|10322520|1847653|1347440|5.23|8|3.14|146|431|12|3448.0
202411|ADM|46|45110|45110000|경기|서초구|인계동|2611000000|서초1동|2|35|0|1|5|1418|303|303|645|87163|0.0|0.0|0.0|0.0|0|0|0|0.0|0.0|0.0|0.0|4878875|2183270|413728|346317|83|173|49|6|78818|14565800|1615447|434258|6.58|27|2.61|145|335|338|9045.0
202411|ADM|46|27110|42110000|서울|강남구|서초동|1114000000|인계동|1|35|0|2|4|1482|33|33|275|50776|16781.0|5747.0|3424.0|7610.0|11836|5086|2766|553773.0|189651.0|112992.0|251130.0|3295141|1834484|559497|165753|3|17|7|0|7403142|8494802|4427276|1018513|5.62|1|4.62|136|258|488|258.0
202411|ADM|45|46110|26140000|인천|수원시|인계동|4115000000|서초1동|1|35|3|1|2|1644|210|210|270|60110|44275.0|26267.0|14045.0|3963.0|31697|21437|13102|9297750.0|5516070.0|2949450.0|832230.0|75633|1907541|136396|386935|40|120|26|11|4785390|19558868|4712639|638045|5.29|22|1.56|41|132|200|2904.0
202411|ADM|45|41150|46110000|대구|서초구|인계동|1117000000|역삼1가|1|30|2|2|8|1164|308|308|453|69341|0.0|0.0|0.0|0.0|0|0|0|0.0|0.0|0.0|0.0|791495|1103799|900626|282787|77|126|40|16|4973604|6192878|4264975|1297736|3.32|17|1.23|39|476|117|8092.0
202411|CNTY_GU|11|47110|11200000|대구|수원시|역삼동|4511000000|인계동|1|50|0|2|7|810|325|325|829|20707|28418.0|16364.0|9551.0|2503.0|22697|15128|8115|9235850.0|5318300.0|3104075.0|813475.0|2531889|1862398|147383|352981|53|142|45|0|3462463|11151613|3056929|1256304|3.29|26|1.66|137|151|382|3926.0
202411|CNTY_GU|26|26110|41150000|인천|서초구|인계동|1114000000|서초1동|1|70|1|1|5|27|439|439|22|64803|26427.0|15132.0|6415.0|4880.0|20019|14951|5864|11601453.0|6642948.0|2816185.0|2142320.0|4013404|246381|508705|189936|44|245|91|32|7009360|15662671|4132094|281864|4.89|22|3.04|25|208|90|4576.0
202411|CNTY_GU|11|44130|44130000|경기|성남시|역삼동|1120000000|서초1동|2|50|1|1|7|1713|72|72|63|91835|36751.0|24113.0|13484.0|0.0|32822|22114|10607|2646072.0|1736136.0|970848.0|0.0|244519|851651|655208|228739|13|29|10|3|3697636|1140071|4227475|669529|5.05|5|2.24|164|376|166|1880.0
202411|CNTY_GU|27|11170|27110000|경기|강남구|인계동|1111000000|서초1동|1|35|2|1|6|718|398|398|954|37776|48409.0|25445.0|7733.0|15231.0|41273|22583|7261|19266782.0|10127110.0|3077734.0|6061938.0|3654165|504369|597928|37366|110|189|50|31|9244934|6037571|1276612|1778491|6.03|5|4.68|145|426|45|2130.0
202411|PRVNC|46|41150|27110000|부산|성남시|인계동|2711000000|서초1동|2|70|1|1|6|1496|320|320|21|80884|45136.0|18532.0|15061.0|11543.0|31910|13022|11353|14443520.0|5930240.0|4819520.0|3693760.0|4064136|895255|870845|307593|90|191|87|8|7534411|5948525|1139211|963569|7.78|12|3.91|102|217|219|2604.0
202411|CNTY_GU|44|11110|41110000|인천|성남시|인계동|1120000000|서초1동|2|55|3|1|9|1584|26|26|567|84688|18418.0|11412.0|3263.0|3743.0|17071|9390|2726|478868.0|296712.0|84838.0|97318.0|2870992|456623|521705|260847|3|12|3|1|6461155|8495863|51085|569053|6.54|0|1.21|144|0|10|0.0
202411|ADM|47|28110|26140000|인천|서초구|인계동|4611000000|인계동|2|25|3|1|4|1390|168|168|217|26079|27932.0|16796.0|9096.0|2040.0|23165|14761|8382|4692576.0|2821728.0|1528128.0|342720.0|77565|324705|322409|241825|25|84|25|9|7780402|4768090|3475589|608366|4.43|6|1.07|149|456|47|2736.0
202411|CNTY_GU|27|44130|27110000|인천|서초구|역삼동|4311000000|서초1동|2|25|3|1|8|730|156|156|131|54811|25598.0|11758.0|7983.0|5857.0|19097|9920|5745|3993288.0|1834248.0|1245348.0|913692.0|330888|799676|60468|65947|25|64|30|12|6053472|16309516|132104|1908436|3.56|11|3.04|66|424|67|4664.0
202411|ADM|47|42110|44130000|인천|수원시|인계동|4111000000|역삼1가|1|60|0|2|3|816|408|408|770|43053|26872.0|14894.0|3584.0|8394.0|22000|14170|3314|10963776.0|6076752.0|1462272.0|3424752.0|723447|2322617|851204|220764|116|237|42|28|6696741|4306225|4910035|1134621|5.9|13|1.71|48|18|154|234.0
202411|ADM|44|41150|26140000|경기|서초구|역삼동|1120000000|역삼1가|2|65|2|2|2|1479|126|126|657|91192|15476.0|9762.0|3857.0|1857.0|14782|7798|3130|1949976.0|1230012.0|485982.0|233982.0|468914|2469762|446180|482569|26|75|17|1|5273842|145552|3717482|1943738|4.8|7|2.74|10|426|396|2982.0
202411|CNTY_GU|45|42110|41110000|대구|서초구|역삼동|4611000000|서초1동|2|70|0|1|5|1516|41|41|594|34969|45896.0|35388.0|5995.0|4513.0|36081|28373|4775|1881736.0|1450908.0|245795.0|185033.0|3866525|1259090|66409|241747|6|20|4|1|8126235|19199399|1372007|1946401|2.02|5|1.2|28|425|307|2125.0
202411|ADM|45|44130|26110000|인천|성남시|서초동|1120000000|인계동|1|70|0|1|3|1509|32|32|147|75485|34448.0|11888.0|11843.0|10717.0|27749|10528|11722|1102336.0|380416.0|378976.0|342944.0|3314824|2823799|236329|48263|8|18|7|0|7748764|4949657|1200287|378920|5.45|3|3.64|171|44|379|132.0
202411|ADM|26|42110|42110000|인천|성남시|서초동|2811000000|서초1동|1|60|3|1|5|1504|479|479|77|74284|48058.0|31724.0|11984.0|4350.0|44101|27176|10525|23019782.0|15195796.0|5740336.0|2083650.0|2576625|1987517|797753|237433|120|271|104|14|4810217|12567439|915027|1844450|3.46|59|2.21|169|435|187|25665.0
202411|ADM|43|46110|41150000|부산|수원시|역삼동|1111000000|서초1동|2|40|2|1|8|408|354|354|585|34495|30920.0|11244.0|9747.0|9929.0|28164|11118|7503|10945680.0|3980376.0|3450438.0|3514866.0|949840|2826930|782004|258118|54|153|104|21|3856899|1625783|2177535|1054142|3.3|27|3.27|175|56|463|1512.0
202411|ADM|43|26110|11110000|인천|강남구|인계동|2614000000|역삼1가|1|60|3|1|3|348|119|119|442|42336|1301.0|509.0|398.0|394.0|983|475|349|154819.0|60571.0|47362.0|46886.0|1542353|1881192|389945|279059|32|56|28|8|5445403|1782578|3850191|969991|4.27|17|2.63|43|355|181|6035.0
202411|CNTY_GU|26|28110|41110000|경기|성남시|서초동|4711000000|서초1동|2|45|0|2|8|897|7|7|529|80662|37325.0|20119.0|9083.0|8123.0|27527|19773|8112|261275.0|140833.0|63581.0|56861.0|600439|2438626|532812|246964|1|3|2|0|5588179|3849270|1291796|1198569|7.24|0|1.75|9|0|282|0.0
202411|PRVNC|43|41110|11110000|서울|강남구|역삼동|4111000000|역삼1가|2|40|0|1|2|640|346|346|278|61590|39139.0|17543.0|7897.0|13699.0|38093|12909|5666|13542094.0|6069878.0|2732362.0|4739854.0|356688|1828928|19057|320246|96|159|101|23|2094353|18193842|4602589|619072|5.91|47|2.11|156|311|486|14617.0
202411|ADM|11|26110|11110000|서울|강남구|서초동|1120000000|역삼1가|1|40|0|2|4|1673|224|224|218|14380|2610.0|1199.0|935.0|476.0|2269|1116|762|584640.0|268576.0|209440.0|106624.0|488696|1392423|322309|10202|25|126|57|6|7751042|4514741|3332688|568443|6.16|8|4.52|55|217|365|1736.0
202411|ADM|44|28110|28110000|경기|강남구|인계동|4511000000|인계동|1|45|0|1|6|1016|286|286|635|37368|17766.0|8356.0|4337.0|5073.0|14739|7987|3047|5081076.0|2389816.0|1240382.0|1450878.0|4064049|1055330|822503|110063|76|115|77|5|5792319|2339357|848238|1250347|3.65|19|3.41|153|308|464|5852.0
202411|ADM|47|41130|44130000|서울|강남구|역삼동|2811000000|역삼1가|1|60|0|2|2|1921|123|123|182|26043|10007.0|7513.0|1673.0|821.0|7586|7216|1649|1230861.0|924099.0|205779.0|100983.0|1045100|2026741|80779|9017|18|54|25|4|3733058|3784120|4644040|372314|7.12|4|4.57|179|412|9|1648.0
202411|ADM|26|28110|41130000|대구|성남시|인계동|4413000000|역삼1가|1|35|3|1|8|190|169|169|659|81227|28905.0|17683.0|7292.0|3930.0|22790|13787|6097|4884945.0|2988427.0|1232348.0|664170.0|1468148|2610568|874934|183506|25|71|39|3|694011|261763|1028915|70599|4.35|20|1.82|152|402|21|8040.0
202411|CNTY_GU|46|11170|11200000|부산|수원시|서초동|4111000000|인계동|2|35|1|2|6|967|318|318|678|71511|46491.0|31723.0|17774.0|0.0|38795|24745|17547|14784138.0|10087914.0|5652132.0|0.0|3768605|465913|626658|260912|66|178|41|11|4957617|17007172|461888|1158646|3.52|28|3.95|134|43|48|1204.0
202411|PRVNC|45|11170|28110000|부산|성남시|서초동|4211000000|인계동|2|35|2|1|9|1325|153|153|86|15124|5574.0|3937.0|1907.0|0.0|3945|3699|1773|852822.0|602361.0|291771.0|0.0|2854951|2275687|378257|6800|44|77|37|2|6012844|8257054|3146326|265925|2.79|22|3.25|76|102|392|2244.0
202411|CNTY_GU|41|45110|11170000|경기|서초구|인계동|2811000000|서초1동|1|50|1|2|8|513|491|491|648|43900|19289.0|6200.0|2464.0|10625.0|19176|5298|2110|9470899.0|3044200.0|1209824.0|5216875.0|2230081|1432656|823575|166467|141|216|53|22|9000962|18960224|312816|1296391|2.6|26|3.55|72|270|341|7020.0
202411|ADM|41|44130|26110000|서울|수원시|역삼동|1114000000|서초1동|1|35|1|1|10|1405|81|81|702|15077|47758.0|19710.0|8845.0|19203.0|35884|15315|8423|3868398.0|1596510.0|716445.0|1555443.0|1793820|2677249|779272|301807|22|43|10|6|5139808|856687|948164|1289735|3.81|2|4.33|144|133|429|266.0
202411|CNTY_GU|11|26110|28110000|서울|강남구|역삼동|2711000000|역삼1가|1|25|1|1|8|1514|179|179|66|19051|6280.0|2104.0|2438.0|1738.0|4406|1751|1955|1124120.0|376616.0|436402.0|311102.0|686542|2602162|428409|319631|20|98|36|12|1501539|2558849|7386|1549699|3.24|16|1.14|107|294|439|4704.0
202411|ADM|44|41130|11110000|서울|강남구|서초동|4113000000|역삼1가|2|30|2|2|2|16|201|201|653|19657|6567.0|3994.0|1458.0|1115.0|5062|2950|1439|1319967.0|802794.0|293058.0|224115.0|457957|1181715|761613|98749|28|90|29|9|8018568|6103064|3178217|1228558|4.65|10|2.87|136|240|258|2400.0
202411|ADM|45|47110|47110000|인천|서초구|역삼동|1117000000|인계동|1|45|1|1|6|510|304|304|347|66492|13801.0|8468.0|3891.0|1442.0|10208|7161|3049|4195504.0|2574272.0|1182864.0|438368.0|2432167|1240997|617423|459168|30|166|38|7|3856235|5130758|37508|1439315|5.25|40|4.96|149|99|71|3960.0
202411|ADM|44|44130|27110000|서울|서초구|인계동|1120000000|서초1동|2|30|2|1|3|784|170|170|698|46640|35849.0|21346.0|10867.0|3636.0|32248|19746|10542|6094330.0|3628820.0|1847390.0|618120.0|3946595|316734|845370|228990|39|81|49|13|9811860|18257728|3209864|298586|6.75|15|2.27|146|22|184|330.0
202411|CNTY_GU|42|11170|26140000|대구|강남구|역삼동|4113000000|역삼1가|2|35|0|1|1|1614|221|221|973|98456|42070.0|14614.0|5134.0|22322.0|37045|11840|3954|9297470.0|3229694.0|1134614.0|4933162.0|296237|1974513|278512|56552|40|109|35|3|5048446|9183572|4077383|1571529|2.17|26|2.43|65|325|247|8450.0
202411|PRVNC|43|47110|44130000|인천|강남구|인계동|4611000000|인계동|1|55|2|1|6|1637|7|7|834|40008|0.0|0.0|0.0|0.0|0|0|0|0.0|0.0|0.0|0.0|119028|2013500|371014|103272|0|3|1|0|3219874|254951|252228|1808791|4.29|0|1.99|25|0|415|0.0
202411|CNTY_GU|44|44130|11200000|대구|성남시|인계동|4113000000|역삼1가|1|35|2|2|6|1850|55|55|778|26388|47068.0|14314.0|14584.0|18170.0|44571|10652|12142|2588740.0|787270.0|802120.0|999350.0|2653378|86377|637040|335928|9|23|10|2|8205118|1280939|1399472|788134|7.41|4|3.31|66|161|363|644.0
202411|ADM|42|41150|27110000|경기|수원시|역삼동|4111000000|역삼1가|1|20|3|2|10|918|204|204|699|32348|12178.0|4940.0|3254.0|3984.0|9565|3860|2404|2484312.0|1007760.0|663816.0|812736.0|4276308|2045513|477713|39996|57|97|54|7|3386007|6257977|228923|800370|5.44|14|1.07|99|483|281|6762.0
202411|ADM|11|43110|47110000|서울|성남시|인계동|1114000000|역삼1가|1|65|0|1|4|1949|273|273|838|82641|17770.0|13159.0|3201.0|1410.0|16627|12680|2789|4851210.0|3592407.0|873873.0|384930.0|1836158|504307|547049|73147|59|156|62|2|4163859|14681422|1013545|1566023|3.06|0|3.25|56|0|442|0.0
202411|ADM|42|26110|43110000|인천|수원시|역삼동|2711000000|역삼1가|2|50|3|1|3|460|188|188|272|84525|22550.0|13088.0|7916.0|1546.0|16206|12270|7267|4239400.0|2460544.0|1488208.0|290648.0|2801622|760882|248719|75798|25|109|19|9|8846754|174017|2057874|786461|5.06|18|3.43|119|437|413|7866.0
202411|PRVNC|26|47110|41130000|경기|강남구|역삼동|2611000000|인계동|2|55|1|1|2|1116|448|448|968|80474|29801.0|9638.0|8182.0|11981.0|25850|8592|7469|13350848.0|4317824.0|3665536.0|5367488.0|3339926|2598067|19630|221238|68|264|130|40|4616643|14973980|4504211|1075439|6.02|47|1.44|90|326|335|15322.0
202411|ADM|41|11200|47110000|서울|수원시|서초동|1111000000|서초1동|1|70|3|1|5|208|208|208|801|61443|19978.0|8868.0|2558.0|8552.0|15385|8430|2163|4155424.0|1844544.0|532064.0|1778816.0|3776834|728980|795871|201854|40|83|34|17|6656944|19354079|1140538|1022952|3.7|17|1.06|115|393|295|6681.0
202411|ADM|43|26110|43110000|서울|수원시|인계동|1111000000|인계동|1|60|0|2|3|1782|483|483|753|10697|7499.0|5417.0|1578.0|504.0|6274|5353|1550|3622017.0|2616411.0|762174.0|243432.0|1198159|411810|158704|367892|141|239|121|21|1998953|11380208|495705|397081|4.43|0|4.19|71|0|323|0.0
202411|CNTY_GU|41|45110|28110000|경기|수원시|서초동|4111000000|역삼1가|1|20|0|2|7|1072|167|167|820|47011|20350.0|10550.0|3180.0|6620.0|20028|9377|3171|3398450.0|1761850.0|531060.0|1105540.0|1250526|1158954|379062|94398|29|77|25|15|3287051|5262669|1306598|1556164|3.22|5|1.81|120|195|473|975.0
202411|CNTY_GU|42|45110|42110000|부산|성남시|서초동|4413000000|인계동|2|20|3|2|10|1418|384|384|792|40199|5348.0|2815.0|1566.0|967.0|4179|2724|1173|2053632.0|1080960.0|601344.0|371328.0|4543814|1939806|341824|249108|101|176|99|13|3612974|11229043|4688954|1326637|4.81|24|1.47|32|307|52|7368.0
202411|CNTY_GU|43|47110|41150000|대구|성남시|역삼동|2611000000|서초1동|2|35|0|1|10|432|11|11|177|29126|13639.0|10036.0|4768.0|0.0|9955|8241|3646|150029.0|110396.0|52448.0|0.0|3395821|2837837|605194|110569|3|5|1|0|934518|10479590|3573758|639840|5.56|0|1.11|60|0|121|0.0
202411|ADM|11|41130|44130000|인천|성남시|인계동|2811000000|서초1동|1|70|1|1|5|279|407|407|31|98881|14607.0|4811.0|3377.0|6419.0|14031|4518|2868|5945049.0|1958077.0|1374439.0|2612533.0|4273333|391467|284209|40136|61|202|121|22|3037985|17800228|4440150|1568885|3.85|51|1.97|177|23|49|1173.0
202411|ADM|45|41150|27110000|부산|성남시|인계동|2811000000|서초1동|2|50|1|1|8|1438|260|260|877|49521|12267.0|7006.0|4244.0|1017.0|10702|5509|4013|3189420.0|1821560.0|1103440.0|264420.0|505483|2268807|706169|15017|29|138|73|12|3415695|14389462|2157239|821468|7.23|33|3.6|49|459|199|15147.0
202411|PRVNC|44|11200|11170000|부산|성남시|역삼동|2614000000|역삼1가|2|40|3|1|9|734|220|220|205|30393|25616.0|14702.0|9322.0|1592.0|22477|12336|8873|5635520.0|3234440.0|2050840.0|350240.0|3308743|2697397|641877|38632|33|108|39|14|2001113|9462801|1861563|323877|4.36|4|2.5|86|96|35|384.0
202411|ADM|27|27110|42110000|대구|성남시|역삼동|1117000000|서초1동|2|35|0|2|4|966|263|263|598|91005|44317.0|33992.0|14651.0|0.0|39859|31696|10261|11655371.0|8939896.0|3853213.0|0.0|261205|2721875|100446|52963|68|157|48|7|7313041|13912516|3043849|1698198|4.55|31|4.26|39|483|217|14973.0
202411|CNTY_GU|47|11140|47110000|서울|서초구|역삼동|2711000000|역삼1가|2|20|3|1|6|477|211|211|315|30926|7602.0|3849.0|1583.0|2170.0|5555|2704|1311|1604022.0|812139.0|334013.0|457870.0|4188848|2822671|708363|287523|41|91|43|3|9905981|5811000|860372|1271934|4.77|20|2.54|29|401|95|8020.0
202411|CNTY_GU|27|43110|11140000|서울|강남구|인계동|4115000000|인계동|1|50|0|1|2|1729|210|210|851|92023|18323.0|9582.0|2208.0|6533.0|13940|7976|2183|3847830.0|2012220.0|463680.0|1371930.0|4197944|1803096|748107|425509|27|118|41|7|80011|16549282|4062453|177841|3.05|13|2.43|113|212|53|2756.0
202411|ADM|46|11110|46110000|대구|성남시|서초동|4511000000|서초1동|2|20|0|2|8|1869|460|460|894|51095|17653.0|10373.0|3022.0|4258.0|12395|9427|2858|8120380.0|4771580.0|1390120.0|1958680.0|782338|1032290|53450|135860|59|200|89|35|296790|12148997|4844759|52144|3.91|21|1.13|174|403|401|8463.0
202411|CNTY_GU|42|46110|11140000|인천|수원시|서초동|4511000000|역삼1가|1|45|0|2|9|1101|236|236|80|66785|23076.0|10239.0|5370.0|7467.0|18260|7498|5145|5445936.0|2416404.0|1267320.0|1762212.0|2162928|636504|325582|390990|41|97|37|4|3850772|13831612|1866162|1913613|7.13|20|3.11|55|471|348|9420.0
202411|CNTY_GU|46|45110|28110000|부산|서초구|역삼동|2614000000|서초1동|1|50|0|1|5|973|24|24|473|40675|10025.0|6598.0|1360.0|2067.0|7976|6197|1014|240600.0|158352.0|32640.0|49608.0|4083409|1669714|925758|257067|3|12|6|1|4314680|13251120|2592204|1975221|2.49|3|4.79|133|33|3|99.0
202411|ADM|11|47110|41110000|서울|강남구|서초동|1117000000|인계동|1|25|2|2|9|887|166|166|729|77359|46171.0|23810.0|9932.0|12429.0|36124|20234|8011|7664386.0|3952460.0|1648712.0|2063214.0|2562891|217915|41461|92651|40|78|24|12|2405946|10151868|3895266|876043|4.32|11|3.39|101|457|305|5027.0
202411|CNTY_GU|46|43110|42110000|인천|수원시|역삼동|4413000000|인계동|1|70|2|1|9|1592|237|237|165|23588|10264.0|3440.0|1221.0|5603.0|8356|2634|1001|2432568.0|815280.0|289377.0|1327911.0|2419991|1969449|503112|33275|61|133|34|10|9863444|9658513|1767086|1874931|4.39|26|2.58|120|42|170|1092.0
202411|CNTY_GU|47|41150|11200000|대구|강남구|인계동|4611000000|서초1동|1|30|1|1|2|764|92|92|284|49117|42377.0|25345.0|11975.0|5057.0|38538|24165|9309|3898684.0|2331740.0|1101700.0|465244.0|2552619|986168|346350|239198|24|42|21|1|2417993|247194|259236|1764506|6.37|1|2.52|65|208|72|208.0
202411|ADM|43|11170|45110000|경기|강남구|역삼동|2811000000|서초1동|2|65|0|2|8|975|40|40|578|99714|44526.0|22327.0|13731.0|8468.0|41780|20200|13173|1781040.0|893080.0|549240.0|338720.0|3021239|150222|780620|194685|9|16|9|3|532857|12950569|3415129|1095400|3.05|4|3.2|109|406|152|1624.0
202411|ADM|42|26110|45110000|인천|수원시|서초동|2811000000|서초1동|1|60|3|1|3|1578|62|62|214|68029|6217.0|4926.0|825.0|466.0|4708|4409|785|385454.0|305412.0|51150.0|28892.0|1259787|2091678|949623|333717|9|33|18|0|4348844|19740333|3686697|1639574|6.99|1|2.1|38|169|162|169.0
202411|ADM|42|43110|41130000|경기|서초구|서초동|4211000000|인계동|2|20|1|2|7|1452|331|331|421|88531|13039.0|7598.0|4714.0|727.0|9156|6203|4208|4315909.0|2514938.0|1560334.0|240637.0|302834|1824936|233332|103820|43|158|59|32|5968105|15604748|3909918|778404|6.12|24|4.67|175|184|37|4416.0
202411|PRVNC|44|11110|42110000|인천|강남구|서초동|1114000000|역삼1가|2|45|1|2|5|826|327|327|787|98595|14119.0|5672.0|5097.0|3350.0|11363|4352|4198|4616913.0|1854744.0|1666719.0|1095450.0|4918345|1111290|477625|257113|47|131|40|15|8894445|17653867|3283425|1922192|7.31|5|1.99|87|155|199|775.0
202411|ADM|26|47110|41110000|대구|성남시|역삼동|2811000000|서초1동|1|60|0|1|6|1853|278|278|453|68026|13984.0|6846.0|1434.0|5704.0|10454|6813|1396|3887552.0|1903188.0|398652.0|1585712.0|4335657|2855177|63046|297236|51|149|70|19|4662346|14734280|3457511|1951889|4.34|3|2.02|62|285|86|855.0
202411|CNTY_GU|44|41110|26110000|경기|수원시|인계동|4511000000|서초1동|2|20|1|1|5|1403|271|271|940|94219|49212.0|34078.0|9258.0|5876.0|46524|24541|7100|13336452.0|9235138.0|2508918.0|1592396.0|1952050|2658439|915221|395432|42|150|29|6|3083844|4528541|145683|208394|2.62|24|3.15|155|230|449|5520.0
202411|ADM|46|27110|43110000|부산|수원시|인계동|1111000000|역삼1가|1|35|1|1|7|1257|30|30|325|96932|17644.0|7177.0|6869.0|3598.0|12970|5297|4834|529320.0|215310.0|206070.0|107940.0|4563514|2489418|286616|73347|4|14|4|2|1342879|19338415|3119860|1279570|5.88|3|3.0|155|479|428|1437.0
202411|CNTY_GU|47|11170|11110000|서울|수원시|서초동|2811000000|서초1동|1|50|3|1|9|1544|226|226|65|74096|21684.0|15323.0|4557.0|1804.0|15317|12561|3394|4900584.0|3462998.0|1029882.0|407704.0|3781505|1202409|541861|122859|39|117|55|14|3626104|19114628|1562436|630158|4.35|31|3.98|109|354|169|10974.0
202411|ADM|44|11140|45110000|경기|수원시|역삼동|4611000000|서초1동|1|30|0|1|2|1063|161|161|335|52285|19909.0|12483.0|6877.0|549.0|19673|9156|6148|3205349.0|2009763.0|1107197.0|88389.0|4944670|495044|788704|63776|26|95|17|6|5306204|15517059|2763725|892216|4.64|0|3.22|132|0|204|0.0
202411|CNTY_GU|46|47110|41110000|서울|성남시|인계동|1111000000|인계동|1|55|2|1|7|1633|463|463|701|74372|7616.0|3391.0|2011.0|2214.0|6378|2382|1969|3526208.0|1570033.0|931093.0|1025082.0|352603|2934123|187039|449586|66|202|106|45|8873481|6484160|4336174|1049037|3.97|67|4.57|83|282|456|18894.0
202411|ADM|46|27110|41150000|인천|수원시|인계동|4211000000|서초1동|1|35|2|1|2|834|253|253|961|61069|30592.0|15170.0|5147.0|10275.0|23350|10907|3790|7739776.0|3838010.0|1302191.0|2599575.0|2894374|1176857|12813|207392|38|131|56|17|4421035|16200759|1593977|1648605|2.82|18|3.07|104|12|287|216.0
202411|CNTY_GU|47|45110|11200000|인천|서초구|역삼동|4511000000|역삼1가|1|50|0|1|5|493|85|85|578|97727|10185.0|7087.0|3652.0|0.0|9730|5785|3235|865725.0|602395.0|310420.0|0.0|1268165|1148375|978606|189457|11|41|19|3|2780008|8790001|1002683|1038608|5.85|0|3.93|63|0|279|0.0
202411|CNTY_GU|42|42110|26110000|인천|강남구|역삼동|4611000000|서초1동|1|45|0|2|5|1067|419|419|324|41202|47053.0|17600.0|9892.0|19561.0|39944|12640|9446|19715207.0|7374400.0|4144748.0|8196059.0|32678|665121|877381|89488|84|215|67|21|2600780|15285854|4734806|1711285|3.08|27|1.94|91|96|33|2592.0
202411|ADM|43|41130|47110000|인천|강남구|서초동|4211000000|역삼1가|1|65|0|1|2|35|312|312|376|55041|14246.0|9565.0|5598.0|0.0|11452|6971|5496|4444752.0|2984280.0|1746576.0|0.0|2306719|2222940|332276|415405|67|137|61|5|992087|11197192|2518448|1859067|7.76|1|1.48|105|344|324|344.0
202411|ADM|47|11110|41130000|대구|강남구|역삼동|1117000000|서초1동|1|70|0|1|6|835|73|73|859|33928|46741.0|16698.0|18486.0|11557.0|33633|15485|18220|3412093.0|1218954.0|1349478.0|843661.0|3701928|1188646|844549|102397|16|35|18|4|1209073|15108066|1455118|1848060|3.01|9|3.35|124|219|69|1971.0
202411|ADM|44|45110|46110000|경기|강남구|서초동|4111000000|역삼1가|1|45|0|1|10|1952|262|262|685|83626|22897.0|17346.0|5117.0|434.0|17799|12893|3626|5999014.0|4544652.0|1340654.0|113708.0|4012718|1049221|781112|318087|63|111|35|0|3605399|15995397|102171|1052752|5.19|26|1.19|27|441|116|11466.0
202411|ADM|47|11110|26140000|부산|강남구|역삼동|2811000000|인계동|1|55|2|2|5|1001|187|187|746|84959|38334.0|19536.0|7942.0|10856.0|36017|19193|6031|7168458.0|3653232.0|1485154.0|2030072.0|2426125|386883|811495|415364|48|94|24|10|5184329|7397710|933163|1430501|5.46|13|2.7|58|286|304|3718.0
202411|ADM|26|44130|46110000|부산|수원시|인계동|2811000000|인계동|1|40|2|2|7|883|433|433|412|76232|29481.0|21963.0|11430.0|0.0|28451|17427|9717|12765273.0|9509979.0|4949190.0|0.0|4661883|1831812|16457|154955|126|206|70|21|3100748|4574878|4816035|1949373|3.1|64|1.01|113|402|92|25728.0
202411|PRVNC|47|26140|28110000|부산|서초구|인계동|4311000000|서초1동|1|60|2|1|5|1807|222|222|310|30293|8235.0|5025.0|1066.0|2144.0|7162|4936|941|1828170.0|1115550.0|236652.0|475968.0|4351175|2236619|775215|467963|47|129|51|2|4372043|1388770|3307040|1709322|6.09|21|4.75|130|159|432|3339.0
202411|ADM|27|11110|26110000|인천|성남시|인계동|2811000000|서초1동|2|40|1|1|2|1425|179|179|564|61398|13902.0|7827.0|3421.0|2654.0|12056|6501|2611|2488458.0|1401033.0|612359.0|475066.0|4432872|1098505|561734|123986|18|93|30|15|6419109|5271838|833699|490424|3.19|10|2.6|159|284|67|2840.0
202411|ADM|43|42110|41130000|경기|수원시|서초동|4311000000|역삼1가|2|55|1|2|7|1251|405|405|364|61394|40018.0|24919.0|7440.0|7659.0|30643|23004|6542|16207290.0|10092195.0|3013200.0|3101895.0|4241390|2872893|927919|467601|111|206|86|22|7842261|920621|3117540|168000|4.91|4|4.01|102|469|143|1876.0
202411|ADM|27|11110|11170000|대구|서초구|서초동|4511000000|역삼1가|2|65|0|1|2|1787|298|298|698|96212|25202.0|16967.0|4034.0|4201.0|18576|16365|3156|7510196.0|5056166.0|1202132.0|1251898.0|2528039|1091733|262091|210419|70|158|75|4|4466046|6504270|2891550|332979|5.89|21|4.87|6|423|241|8883.0
202411|ADM|42|26140|47110000|경기|서초구|역삼동|1117000000|역삼1가|1|20|0|2|7|778|485|485|418|31017|20418.0|14733.0|2791.0|2894.0|18507|13616|2116|9902730.0|7145505.0|1353635.0|1403590.0|4429319|310774|985065|27373|130|241|52|42|5920625|16515363|2310364|1244212|7.37|54|2.31|155|97|149|5238.0
202411|ADM|44|42110|11110000|인천|수원시|역삼동|4115000000|역삼1가|1|45|0|1|7|721|127|127|785|89353|16532.0|11369.0|5845.0|0.0|12615|10165|5376|2099564.0|1443863.0|742315.0|0.0|2909162|1636970|655426|214283|35|52|16|0|2742518|17094766|4876404|40848|5.88|14|4.4|102|281|275|3934.0
202411|CNTY_GU|26|26140|27110000|인천|성남시|인계동|2811000000|역삼1가|1|35|0|2|8|1577|457|457|981|57496|5146.0|3863.0|1492.0|0.0|4763|3621|1342|2351722.0|1765391.0|681844.0|0.0|2516073|1988441|465879|15052|51|254|116|42|2045775|15058219|2644004|324931|6.86|23|3.67|96|284|360|6532.0
202411|ADM|47|26140|42110000|대구|수원시|역삼동|1114000000|역삼1가|2|40|0|1|9|1489|75|75|934|10231|47830.0|35437.0|5908.0|6485.0|37675|32375|4584|3587250.0|2657775.0|443100.0|486375.0|718235|1063120|345904|353333|13|42|13|2|9997709|3187867|4666506|1079091|3.08|0|2.62|14|0|119|0.0
202411|ADM|44|27110|11140000|부산|수원시|인계동|1114000000|인계동|1|35|0|2|6|1523|5|5|28|83034|35012.0|14436.0|13853.0|6723.0|33135|12577|10983|175060.0|72180.0|69265.0|33615.0|253606|28192|732365|9915|1|2|1|0|9319821|7155625|2701116|1757449|7.28|0|3.59|46|0|271|0.0
202411|ADM|46|27110|41130000|대구|강남구|서초동|1117000000|역삼1가|2|70|1|1|3|1150|474|474|865|30849|44301.0|16731.0|7292.0|20278.0|31993|12429|6729|20998674.0|7930494.0|3456408.0|9611772.0|4502128|84272|166156|159515|75|258|136|11|1387336|306076|3408373|980908|6.35|20|4.6|162|328|385|6560.0
202411|ADM|46|27110|43110000|경기|성남시|역삼동|4111000000|인계동|1|35|0|2|9|636|483|483|757|13871|36245.0|19083.0|11590.0|5572.0|33093|17302|11079|17506335.0|9217089.0|5597970.0|2691276.0|3405229|2349919|440948|492348|82|220|125|36|4395728|1398801|4130849|1815803|6.09|65|2.46|20|359|431|23335.0
202411|ADM|44|27110|11140000|대구|강남구|서초동|4511000000|서초1동|1|60|0|2|3|962|204|204|170|19066|14501.0|4602.0|2337.0|7562.0|11003|4327|2233|2958204.0|938808.0|476748.0|1542648.0|1742140|1275713|711800|197565|54|92|43|1|9882310|1267068|3576560|234296|4.34|25|2.99|57|312|147|7800.0
202411|CNTY_GU|45|43110|11170000|서울|수원시|역삼동|2611000000|역삼1가|2|55|2|1|2|916|380|380|223|25617|49314.0|28032.0|14661.0|6621.0|38208|21110|13587|18739320.0|10652160.0|5571180.0|2515980.0|13478|1515820|878401|364254|47|197|71|29|4666116|17375342|1981614|315070|5.72|6|2.95|12|226|176|1356.0
202411|ADM|11|27110|26140000|대구|강남구|인계동|4711000000|역삼1가|1|35|0|2|7|282|355|355|350|21890|19150.0|10346.0|4181.0|4623.0|18881|8110|3233|6798250.0|3672830.0|1484255.0|1641165.0|2822766|565525|111818|211408|54|148|61|29|8658419|9367931|3396347|1173148|2.4|29|4.36|101|40|101|1160.0
202411|CNTY_GU|26|28110|42110000|경기|서초구|역삼동|4311000000|역삼1가|1|70|0|1|7|1343|266|266|256|42453|9908.0|4233.0|3417.0|2258.0|9493|3996|2770|2635528.0|1125978.0|908922.0|600628.0|349325|2268082|510803|43155|77|115|39|13|2532676|14637413|4990687|615825|2.43|13|4.74|118|164|131|2132.0
202411|CNTY_GU|42|11170|26110000|대구|강남구|인계동|1111000000|인계동|2|35|0|1|4|559|265|265|777|68070|47637.0|20799.0|15789.0|11049.0|43475|19615|15433|12623805.0|5511735.0|4184085.0|2927985.0|299322|2617072|118532|25749|75|157|54|14|3524550|2752826|1527599|1529741|5.59|26|3.68|36|169|491|4394.0
202411|PRVNC|41|41150|26110000|대구|성남시|인계동|4711000000|인계동|1|40|3|2|3|692|110|110|863|69522|5029.0|1736.0|808.0|2485.0|4641|1452|666|553190.0|190960.0|88880.0|273350.0|2914959|1352944|890207|460899|22|58|18|8|5313713|8223671|2168136|1335275|2.99|3|3.8|92|219|216|657.0
202411|CNTY_GU|27|41150|46110000|대구|강남구|역삼동|4611000000|서초1동|1|70|0|2|9|1090|359|359|842|73164|0.0|0.0|0.0|0.0|0|0|0|0.0|0.0|0.0|0.0|1296090|1327389|432371|78569|90|187|53|0|2553667|5614853|1352510|1573219|2.56|32|1.73|11|162|379|5184.0
202411|CNTY_GU|47|41130|11170000|서울|강남구|인계동|4211000000|서초1동|1|60|3|1|1|512|335|335|944|94950|32190.0|20642.0|3808.0|7740.0|24240|18836|3795|10783650.0|6915070.0|1275680.0|2592900.0|3708984|1885005|990487|21383|90|156|93|20|1157021|5307120|119908|59631|3.83|16|4.04|69|282|291|4512.0
202411|ADM|26|11110|11140000|서울|성남시|서초동|4511000000|서초1동|1|35|0|2|2|1375|350|350|227|87428|38828.0|13947.0|4150.0|20731.0|35334|10218|3923|13589800.0|4881450.0|1452500.0|7255850.0|1097180|231946|506323|276772|68|143|60|31|1988866|16364562|3734977|978610|7.42|0|2.25|115|0|232|0.0
202411|ADM|41|44130|45110000|부산|강남구|역삼동|1117000000|서초1동|1|40|0|1|2|540|44|44|723|62854|3885.0|1978.0|686.0|1221.0|3199|1419|481|170940.0|87032.0|30184.0|53724.0|318101|875612|88153|353920|9|23|11|0|2154682|15630165|926085|976309|6.98|5|2.47|161|199|458|995.0
202411|ADM|27|41110|44130000|인천|강남구|인계동|4511000000|인계동|2|30|0|1|7|8|443|443|2|70672|22292.0|10510.0|7552.0|4230.0|20756|7688|7268|9875356.0|4655930.0|3345536.0|1873890.0|4065171|568204|142182|105908|49|255|77|19|4720871|14720386|3936032|574560|2.82|19|3.02|135|413|39|7847.0
202411|ADM|26|43110|41110000|인천|수원시|서초동|4111000000|서초1동|2|70|1|2|2|472|289|289|248|87059|30773.0|14062.0|5693.0|11018.0|23695|13006|4937|8893397.0|4063918.0|1645277.0|3184202.0|1028232|598651|193148|355997|59|173|76|28|6934618|17634931|4383688|1602195|4.28|29|3.66|142|328|268|9512.0
202411|ADM|11|46110|45110000|서울|수원시|역삼동|1117000000|서초1동|2|55|2|2|4|554|37|37|511|44898|47369.0|31069.0|8081.0|8219.0|33898|27259|5803|1752653.0|1149553.0|298997.0|304103.0|1655611|2827952|263098|379541|10|18|6|0|6498681|11191988|1325876|1602863|2.53|1|4.96|138|97|152|97.0
202411|ADM|47|11200|11170000|부산|수원시|인계동|2711000000|인계동|2|50|2|1|1|1703|167|167|507|68031|365.0|173.0|66.0|126.0|282|162|54|60955.0|28891.0|11022.0|21042.0|4129254|1181297|338957|283735|46|76|46|10|1167870|10766194|1768691|1604213|3.37|18|1.3|46|474|451|8532.0
202411|ADM|45|28110|43110000|인천|서초구|서초동|4111000000|서초1동|1|70|0|1|8|470|83|83|739|38766|43179.0|23737.0|4982.0|14460.0|39701|17667|4282|3583857.0|1970171.0|413506.0|1200180.0|4814252|1022960|394678|420914|19|48|10|2|1448103|1910852|2135342|1203104|7.95|9|2.39|94|182|257|1638.0
202411|CNTY_GU|43|11140|47110000|부산|강남구|인계동|4511000000|역삼1가|2|65|0|2|7|711|3|3|204|14411|34075.0|10956.0|9414.0|13705.0|27883|9650|8668|102225.0|32868.0|28242.0|41115.0|1595846|1881243|250773|361671|0|1|0|0|2498289|6728030|3785275|1707213|7.09|0|4.71|60|0|286|0.0
202411|ADM|27|26140|11110000|경기|수원시|역삼동|2711000000|역삼1가|1|40|0|1|8|249|472|472|163|68237|31870.0|13041.0|9869.0|8960.0|30781|10453|7868|15042640.0|6155352.0|4658168.0|4229120.0|1378011|420517|538204|128111|108|198|121|2|1662161|16866268|2390905|523349|5.26|35|2.85|112|421|61|14735.0
202411|CNTY_GU|47|41110|11140000|인천|성남시|인계동|4511000000|서초1동|1|50|2|1|4|436|201|201|743|94086|23758.0|16707.0|3720.0|3331.0|17013|13665|2836|4775358.0|3358107.0|747720.0|669531.0|999583|2030778|472799|379924|57|111|54|0|9126492|12772037|1697023|1792984|4.22|13|4.98|37|116|294|1508.0
202411|PRVNC|11|41130|11170000|인천|수원시|인계동|4113000000|인계동|2|25|0|1|8|478|278|278|713|83265|29510.0|12367.0|11479.0|5664.0|27877|11262|8471|8203780.0|3438026.0|3191162.0|1574592.0|3073993|1197407|334772|373445|57|136|83|8|1791045|6287523|4101841|1987766|7.03|10|2.91|173|133|69|1330.0
202411|CNTY_GU|44|11140|11170000|대구|수원시|서초동|2811000000|인계동|1|35|1|1|6|980|309|309|645|95689|19291.0|9533.0|4362.0|5396.0|19172|8431|4121|5960919.0|2945697.0|1347858.0|1667364.0|4925623|1663458|730648|20843|73|144|58|5|1950669|11068961|3794253|1653185|4.83|9|3.17|178|37|133|333.0
202411|CNTY_GU|43|45110|41130000|서울|성남시|역삼동|1117000000|서초1동|1|30|0|2|8|989|356|356|246|67804|31703.0|13016.0|8894.0|9793.0|30321|10964|6284|11286268.0|4633696.0|3166264.0|3486308.0|1915518|2713893|106275|421030|80|205|41|20|2459722|2496949|1674841|1752570|5.28|12|1.44|177|138|42|1656.0
202411|ADM|26|41110|45110000|대구|수원시|역삼동|2811000000|역삼1가|2|25|3|1|3|170|395|395|796|42469|24571.0|14737.0|8633.0|1201.0|20269|13501|8417|9705545.0|5821115.0|3410035.0|474395.0|3490643|1574940|383071|160252|66|162|91|35|4509680|16098240|3666420|454823|2.3|22|1.43|83|19|380|418.0
202411|CNTY_GU|46|44130|47110000|인천|수원시|인계동|4413000000|인계동|2|65|3|1|2|192|271|271|634|90769|26608.0|11280.0|4819.0|10509.0|24062|9637|3508|7210768.0|3056880.0|1305949.0|2847939.0|3178682|1057011|496697|54755|31|126|66|23|9163170|17526404|3665311|490594|2.8|22|3.35|171|308|40|6776.0
202411|PRVNC|11|11110|45110000|인천|수원시|역삼동|1120000000|서초1동|1|70|2|1|2|235|438|438|24|75541|9121.0|2768.0|1887.0|4466.0|8282|2584|1822|3994998.0|1212384.0|826506.0|1956108.0|2922418|2780249|369924|315378|106|178|95|2|1497438|19631598|4678653|44721|2.49|17|4.23|64|85|244|1445.0
202411|ADM|26|42110|43110000|인천|서초구|역삼동|4113000000|역삼1가|1|45|0|1|6|170|273|273|518|70901|5181.0|2759.0|1523.0|899.0|4380|2501|1346|1414413.0|753207.0|415779.0|245427.0|3274955|2116611|524673|2116|78|150|56|13|1171776|8802585|4209802|994207|7.74|2|2.73|151|114|386|228.0
202411|ADM|43|41110|11200000|경기|성남시|역삼동|4611000000|인계동|2|45|2|2|4|912|424|424|57|92201|46487.0|19446.0|10143.0|16898.0|36179|17844|7408|19710488.0|8245104.0|4300632.0|7164752.0|1369135|2139951|941883|408019|108|177|87|40|2801163|8692903|3859671|1315597|3.34|18|4.28|55|60|441|1080.0
202411|ADM|46|41150|41110000|대구|성남시|서초동|1111000000|역삼1가|1|25|1|2|6|1554|114|114|712|65925|41995.0|29014.0|6136.0|6845.0|30336|22057|5182|4787430.0|3307596.0|699504.0|780330.0|3520387|1509730|233500|237533|18|49|17|0|9910072|12335568|1790468|1415767|4.98|6|4.0|115|211|402|1266.0
202411|ADM|26|11110|11200000|인천|성남시|인계동|4115000000|역삼1가|1|30|0|2|3|1058|344|344|438|96529|49538.0|15652.0|4984.0|28902.0|36823|13426|3534|17041072.0|5384288.0|1714496.0|9942288.0|937510|1778281|479473|214634|83|166|79|34|6038705|6719899|1506339|839819|2.92|22|2.87|113|225|82|4950.0
202411|ADM|26|42110|41110000|인천|성남시|서초동|4611000000|역삼1가|1|55|3|1|4|231|432|432|189|72218|9005.0|7185.0|2953.0|0.0|7784|5822|2544|3890160.0|3103920.0|1275696.0|0.0|2779200|1338688|972200|431587|102|207|72|37|307864|9261960|4385954|1847122|3.01|64|2.06|119|465|63|29760.0
202411|CNTY_GU|27|27110|11170000|대구|성남시|서초동|4211000000|역삼1가|1|40|2|2|7|1756|6|6|134|15368|27818.0|13048.0|6607.0|8163.0|23223|12153|6515|166908.0|78288.0|39642.0|48978.0|3120984|1721908|451252|476456|1|2|1|0|1766244|6083225|1637313|313316|4.67|0|3.04|93|0|150|0.0
202411|ADM|46|45110|11200000|인천|강남구|서초동|4111000000|인계동|1|70|0|2|1|260|491|491|148|46240|11654.0|6872.0|2936.0|1846.0|9062|6746|2609|5722114.0|3374152.0|1441576.0|906386.0|4467916|2749383|310673|265780|144|215|135|27|1338067|7235703|2552795|79067|4.49|62|1.35|99|49|497|3038.0
202411|PRVNC|27|26110|44130000|부산|강남구|서초동|1111000000|인계동|1|35|2|1|3|783|371|371|862|82322|6345.0|4327.0|2071.0|0.0|6120|3183|1770|2353995.0|1605317.0|768341.0|0.0|3183127|2162798|269466|122663|69|172|77|24|2531349|5620877|1242144|1483285|4.05|16|2.22|65|337|3|5392.0
202411|ADM|26|47110|43110000|대구|수원시|서초동|4113000000|인계동|1|30|2|1|8|1383|410|410|238|94815|6965.0|3736.0|2220.0|1009.0|4880|3037|1662|2855650.0|1531760.0|910200.0|413690.0|745470|2864405|45974|421155|111|203|78|2|9085932|6179879|946662|1634737|7.27|4|3.93|95|442|218|1768.0
202411|ADM|47|11110|26110000|대구|성남시|서초동|2811000000|역삼1가|1|45|1|2|5|1043|119|119|642|86312|18509.0|12432.0|7003.0|0.0|16220|9260|5831|2202571.0|1479408.0|833357.0|0.0|127071|311688|259669|291292|34|48|34|2|9571861|18391400|4736590|1192443|5.44|14|2.41|6|185|193|2590.0
202411|CNTY_GU|46|26140|46110000|서울|성남시|인계동|1114000000|서초1동|1|35|0|1|7|1948|262|262|493|75880|43512.0|21239.0|5764.0|16509.0|36264|19434|4635|11400144.0|5564618.0|1510168.0|4325358.0|2149909|1814987|64005|362934|64|156|51|11|7018012|6791413|1414683|371847|4.75|22|2.03|57|202|115|4444.0
202411|CNTY_GU|46|11110|11140000|인천|서초구|서초동|1117000000|서초1동|2|25|0|2|1|230|148|148|382|50028|15882.0|4819.0|5311.0|5752.0|13696|4058|4730|2350536.0|713212.0|786028.0|851296.0|2076273|2061880|977694|117058|42|61|39|6|8154520|3171124|542503|872764|6.22|6|4.23|8|383|54|2298.0
202411|CNTY_GU|45|41110|26140000|대구|성남시|인계동|2711000000|인계동|2|50|2|2|3|695|98|98|591|10819|19842.0|15389.0|7771.0|0.0|18159|14851|5555|1944516.0|1508122.0|761558.0|0.0|1898715|2005154|73095|239862|15|53|25|5|3013208|1255254|4711095|799028|6.49|1|3.91|137|404|296|404.0
202411|ADM|44|42110|11200000|서울|서초구|인계동|1120000000|역삼1가|2|65|0|1|6|333|347|347|319|38364|21580.0|13354.0|2636.0|5590.0|19556|12168|1937|7488260.0|4633838.0|914692.0|1939730.0|4603237|1583508|8387|284277|50|206|51|28|7451051|10563521|810938|9239|7.76|39|1.56|158|65|484|2535.0
202411|CNTY_GU|47|42110|42110000|인천|성남시|인계동|2711000000|서초1동|1|40|0|1|5|389|482|482|93|88485|726.0|512.0|285.0|0.0|579|417|275|349932.0|246784.0|137370.0|0.0|2020696|543803|40714|44957|63|270|107|3|9486627|14198523|2833867|30335|3.07|18|3.92|157|418|277|7524.0
202411|PRVNC|46|44130|11170000|서울|서초구|역삼동|4413000000|인계동|1|50|1|1|2|837|357|357|254|12310|42081.0|18084.0|11448.0|12549.0|38554|12775|8893|15022917.0|6455988.0|4086936.0|4479993.0|3519364|910075|583695|142750|53|168|98|7|5828298|18755914|1300181|427739|7.69|15|4.74|157|426|77|6390.0
202411|CNTY_GU|42|43110|47110000|서울|서초구|인계동|4511000000|서초1동|2|50|0|1|3|451|141|141|560|43622|23450.0|17599.0|5249.0|602.0|19363|14994|4036|3306450.0|2481459.0|740109.0|84882.0|1401396|1698800|159983|182558|23|63|19|2|2860668|4603900|4757161|740391|2.61|3|2.58|151|67|76|201.0
202411|CNTY_GU|42|47110|46110000|대구|성남시|서초동|2614000000|역삼1가|2|45|1|1|9|47|164|164|349|23874|13980.0|7194.0|2990.0|3796.0|13157|5653|2457|2292720.0|1179816.0|490360.0|622544.0|3790932|1367544|593488|241032|28|94|21|15|2261038|8700205|2102099|219818|3.53|9|3.35|71|219|305|1971.0
202411|ADM|27|11140|44130000|부산|수원시|서초동|2711000000|인계동|2|40|1|2|9|1361|351|351|825|30558|20739.0|12859.0|7600.0|280.0|19942|9998|5444|7279389.0|4513509.0|2667600.0|98280.0|1554058|552352|577443|2609|79|195|76|14|3559737|4878190|4551227|792217|5.0|31|3.38|132|257|484|7967.0
202411|ADM|41|45110|11200000|인천|서초구|인계동|4113000000|역삼1가|1|20|1|1|3|1708|50|50|503|52953|304.0|215.0|56.0|33.0|271|158|46|15200.0|10750.0|2800.0|1650.0|4793226|2579750|588569|462716|8|23|12|2|2934112|1383464|3899504|1343096|6.58|2|3.63|166|287|236|574.0
202411|CNTY_GU|26|41150|27110000|경기|성남시|서초동|1120000000|서초1동|2|35|0|1|6|724|130|130|181|44995|31807.0|14391.0|3961.0|13455.0|23910|11989|3791|4134910.0|1870830.0|514930.0|1749150.0|4085668|1312646|289149|423367|37|58|30|0|9212191|10519924|2066514|378802|4.35|4|3.04|171|328|79|1312.0
202411|ADM|42|43110|27110000|인천|성남시|역삼동|1120000000|역삼1가|1|55|3|2|7|1108|235|235|421|49330|26610.0|16476.0|9708.0|426.0|20842|14552|6960|6253350.0|3871860.0|2281380.0|100110.0|3364795|2770510|505281|381885|24|103|67|9|4152401|11164972|3455697|593664|5.05|12|3.84|169|328|194|3936.0
202411|CNTY_GU|41|11140|41150000|대구|서초구|서초동|4611000000|역삼1가|2|40|0|2|7|1443|468|468|45|63160|7073.0|3566.0|2048.0|1459.0|5006|2833|1983|3310164.0|1668888.0|958464.0|682812.0|3370652|2012794|647100|276297|51|243|70|9|442381|11462977|4961750|1683961|2.31|47|3.6|106|198|188|9306.0
202411|CNTY_GU|47|45110|11110000|서울|수원시|역삼동|4311000000|인계동|1|30|3|1|6|1053|325|325|291|85765|48574.0|33507.0|15744.0|0.0|36809|31683|11565|15786550.0|10889775.0|5116800.0|0.0|1152033|1615812|310904|128575|79|173|35|6|6427196|5586796|1523966|511466|6.3|13|1.04|91|115|306|1495.0
202411|CNTY_GU|44|43110|45110000|부산|서초구|서초동|2711000000|서초1동|1|50|0|2|4|1450|155|155|5|28703|38646.0|13572.0|5467.0|19607.0|38005|12009|3992|5990130.0|2103660.0|847385.0|3039085.0|1768600|2350038|23397|304504|21|64|27|5|385542|19013449|301263|1723559|6.42|2|1.59|69|143|336|286.0
202411|CNTY_GU|43|11200|47110000|인천|서초구|역삼동|2614000000|인계동|1|60|0|1|8|1838|440|440|377|87555|29591.0|16082.0|9700.0|3809.0|23191|15846|7749|13020040.0|7076080.0|4268000.0|1675960.0|4400750|1927357|362977|210405|66|203|50|29|9426010|6571609|14616|1571042|2.5|45|3.78|155|141|254|6345.0
202411|ADM|11|26110|42110000|인천|성남시|역삼동|4211000000|서초1동|1|20|0|1|9|737|446|446|618|97978|22586.0|11775.0|2999.0|7812.0|22024|11463|2115|10073356.0|5251650.0|1337554.0|3484152.0|3804657|190561|168256|361785|109|195|98|11|7740898|19834894|3992118|1380156|4.4|61|1.7|153|276|27|16836.0
202411|ADM|46|41110|26140000|인천|수원시|인계동|4711000000|서초1동|2|20|0|1|7|935|185|185|282|51975|3274.0|1013.0|459.0|1802.0|2782|975|376|605690.0|187405.0|84915.0|333370.0|373154|313876|564521|207205|29|94|39|15|6934754|3226808|4277549|1021789|2.81|9|3.26|99|118|385|1062.0
202411|PRVNC|41|46110|41150000|부산|성남시|서초동|1111000000|서초1동|1|25|2|1|10|1350|470|470|982|24086|14576.0|9610.0|2276.0|2690.0|10456|7478|1912|6850720.0|4516700.0|1069720.0|1264300.0|4339232|1013886|726718|233678|85|215|59|38|6522951|12929333|3781629|459538|4.69|2|4.73|117|289|333|578.0
202411|ADM|11|11140|26140000|대구|강남구|인계동|4311000000|역삼1가|2|60|2|2|4|871|136|136|653|27453|3102.0|1603.0|981.0|518.0|2747|1558|876|421872.0|218008.0|133416.0|70448.0|3852690|495142|777789|126806|28|81|37|3|4149331|4025580|1143677|833861|7.9|19|3.68|33|190|143|3610.0
202411|ADM|11|11170|28110000|서울|강남구|서초동|2811000000|서초1동|1|45|3|2|6|757|34|34|206|24823|17822.0|8644.0|5321.0|3857.0|17225|7967|5288|605948.0|293896.0|180914.0|131138.0|2089475|1478191|37213|320516|9|20|5|0|991559|11139470|1817475|622681|6.45|2|3.39|12|19|484|38.0
202411|CNTY_GU|43|41130|28110000|서울|강남구|인계동|4511000000|인계동|1|40|1|2|8|1438|208|208|231|36461|39387.0|24874.0|5054.0|9459.0|38679|23839|3751|8192496.0|5173792.0|1051232.0|1967472.0|4355749|2029749|866490|17263|32|103|40|11|7916527|8183069|1149487|1719248|5.47|9|1.95|149|147|417|1323.0
202411|ADM|27|11110|28110000|인천|서초구|인계동|4311000000|인계동|2|40|2|1|6|911|226|226|347|69549|41890.0|30742.0|6706.0|4442.0|30308|30678|6546|9467140.0|6947692.0|1515556.0|1003892.0|2908134|902644|853454|286280|50|117|31|15|8727158|645918|65658|30856|5.27|33|4.2|139|102|77|3366.0
202411|CNTY_GU|46|11200|41150000|경기|성남시|서초동|4311000000|인계동|2|70|0|2|3|719|211|211|756|99487|42197.0|14404.0|13691.0|14102.0|40533|10146|11676|8903567.0|3039244.0|2888801.0|2975522.0|2776548|2231156|302674|154954|36|108|42|9|3148547|8996859|4149627|781034|7.69|29|1.36|114|309|391|8961.0
202411|CNTY_GU|41|41110|46110000|경기|수원시|서초동|2614000000|서초1동|2|50|2|2|9|1592|46|46|659|69494|38540.0|29087.0|4176.0|5277.0|35024|25227|3887|1772840.0|1338002.0|192096.0|242742.0|2752591|945215|128251|106832|10|21|10|3|3710388|4265076|608010|1104745|5.94|2|2.98|89|436|299|872.0
202411|ADM|27|45110|43110000|대구|서초구|서초동|4113000000|인계동|1|30|2|1|10|1859|211|211|472|50010|23684.0|15541.0|6354.0|1789.0|21495|12023|4694|4997324.0|3279151.0|1340694.0|377479.0|939544|1550380|56110|442727|47|122|49|5|2750606|4775235|2078145|1755911|3.42|29|2.62|52|373|463|10817.0
202411|ADM|42|11200|41130000|경기|성남시|인계동|4113000000|인계동|2|55|0|1|10|1869|348|348|878|31786|29045.0|22215.0|4748.0|2082.0|23968|21324|4002|10107660.0|7730820.0|1652304.0|724536.0|3401856|284599|310120|163172|39|157|101|7|9849723|9116971|1869837|345437|6.35|27|1.44|98|33|17|891.0
202411|ADM|46|11140|41110000|경기|수원시|서초동|2614000000|역삼1가|1|40|0|2|2|1721|275|275|817|52930|35701.0|14664.0|10497.0|10540.0|29658|11540|7880|9817775.0|4032600.0|2886675.0|2898500.0|831514|86700|169914|267104|53|129|42|20|9477528|16200836|1880852|832662|5.95|25|1.61|58|442|53|11050.0
202411|CNTY_GU|11|27110|42110000|경기|서초구|역삼동|2711000000|서초1동|2|60|3|1|3|891|475|475|528|88560|6224.0|2473.0|1616.0|2135.0|5653|2325|1457|2956400.0|1174675.0|767600.0|1014125.0|4618098|1630012|851351|248415|80|250|83|33|9957329|12945906|4878449|612555|6.89|9|2.93|127|427|321|3843.0
202411|PRVNC|41|11200|41130000|인천|성남시|서초동|4113000000|역삼1가|1|25|0|1|5|1199|353|353|810|60574|35519.0|12134.0|4880.0|18505.0|33596|10796|3698|12538207.0|4283302.0|1722640.0|6532265.0|468891|67731|734063|242924|102|151|74|30|629215|1862666|521300|765031|6.46|21|3.78|18|183|358|3843.0
202411|ADM|45|11140|11200000|인천|서초구|역삼동|2711000000|인계동|1|70|2|2|7|321|118|118|988|65712|42124.0|12686.0|7498.0|21940.0|38701|9168|7348|4970632.0|1496948.0|884764.0|2588920.0|2934190|327560|47864|231236|13|49|34|9|4200069|14507914|4734472|1501016|5.01|2|4.39|168|437|2|874.0
202411|ADM|42|11170|11200000|대구|강남구|인계동|2711000000|역삼1가|2|30|1|2|6|1497|437|437|633|28643|26672.0|8166.0|6188.0|12318.0|20423|5783|5556|11655664.0|3568542.0|2704156.0|5382966.0|526085|2339391|220898|325624|79|220|114|28|3972725|7948338|2730362|494223|5.71|56|2.53|139|270|460|15120.0
202411|CNTY_GU|27|11200|27110000|서울|성남시|인계동|2614000000|인계동|1|55|1|1|9|1112|358|358|474|44282|19235.0|9993.0|6602.0|2640.0|14446|7525|6160|6886130.0|3577494.0|2363516.0|945120.0|1754820|2370402|114459|172282|103|206|80|8|5694574|12641708|2220408|423133|5.04|11|2.34|13|332|173|3652.0
202411|CNTY_GU|43|46110|11170000|서울|성남시|서초동|4115000000|인계동|1|25|1|2|2|1646|224|224|507|85691|37848.0|18188.0|6943.0|12717.0|35334|15858|5096|8477952.0|4074112.0|1555232.0|2848608.0|918862|341511|417986|436024|22|121|52|12|37912|14342253|3790275|540027|3.98|29|3.31|152|438|446|12702.0
202411|CNTY_GU|42|43110|42110000|인천|성남시|역삼동|1114000000|서초1동|2|35|0|1|10|331|8|8|813|93453|37384.0|27240.0|6482.0|3662.0|27815|25174|6131|299072.0|217920.0|51856.0|29296.0|3685903|77318|805923|484337|2|4|2|0|8812800|4876157|1854018|957967|5.26|0|4.77|168|0|447|0.0
202411|ADM|27|45110|43110000|서울|성남시|서초동|4211000000|인계동|1|35|1|2|2|373|200|200|670|34707|14592.0|9960.0|3320.0|1312.0|13248|6975|2480|2918400.0|1992000.0|664000.0|262400.0|948796|2335244|929618|203579|47|117|45|16|7906934|2849820|2603718|1235659|2.04|8|2.0|101|146|472|1168.0
202411|CNTY_GU|11|45110|28110000|경기|강남구|인계동|2811000000|역삼1가|1|60|1|1|10|1812|474|474|499|83244|19569.0|8785.0|4002.0|6782.0|13905|7797|3367|9275706.0|4164090.0|1896948.0|3214668.0|4737440|1719519|581505|406445|126|190|115|18|7689360|18579530|4650783|1299377|7.06|13|3.09|107|174|277|2262.0
202411|ADM|46|47110|28110000|경기|성남시|인계동|1111000000|인계동|2|35|3|2|5|260|485|485|218|92710|45325.0|19386.0|8755.0|17184.0|36011|18276|7439|21982625.0|9402210.0|4246175.0|8334240.0|427952|1364346|448793|382512|127|239|55|35|6586540|18849432|3815334|1720558|2.12|35|1.51|141|21|320|735.0
202411|PRVNC|11|47110|41150000|인천|강남구|서초동|1114000000|역삼1가|2|60|1|1|9|1219|245|245|783|32317|17031.0|12823.0|2003.0|2205.0|12221|10197|1702|4172595.0|3141635.0|490735.0|540225.0|4771073|1102446|982537|165491|30|108|25|22|1046195|479887|782939|373665|5.66|5|3.01|167|163|23|815.0
202411|PRVNC|27|11110|41130000|부산|성남시|역삼동|4711000000|역삼1가|1|40|0|2|6|1108|82|82|77|46126|25550.0|10184.0|6823.0|8543.0|24973|7481|5134|2095100.0|835088.0|559486.0|700526.0|3131957|1450208|745132|127780|11|36|12|4|804359|15697539|2269077|1976516|7.66|10|1.84|171|312|455|3120.0
202411|PRVNC|46|45110|11110000|대구|수원시|역삼동|1114000000|인계동|1|70|2|2|7|1759|246|246|38|50676|18834.0|14697.0|4789.0|0.0|16929|11990|3669|4633164.0|3615462.0|1178094.0|0.0|2965216|1064025|121660|464272|44|110|48|4|8546152|16622930|2743104|961209|6.37|9|4.64|87|52|306|468.0
202411|ADM|42|11200|27110000|경기|강남구|서초동|1114000000|서초1동|2|55|0|1|10|770|107|107|516|50807|7540.0|2432.0|1819.0|3289.0|6363|1761|1710|806780.0|260224.0|194633.0|351923.0|2296891|1765623|615292|109728|27|53|19|5|4432471|11724222|2888047|1005783|5.02|10|1.97|37|159|142|1590.0
202411|CNTY_GU|41|11200|41150000|인천|수원시|서초동|4113000000|인계동|1|50|0|1|9|1854|217|217|856|72849|30899.0|22286.0|7817.0|796.0|30247|16440|7291|6705083.0|4836062.0|1696289.0|172732.0|2490267|2521769|85|403658|57|112|58|12|3910101|2797683|3221483|1575172|3.15|22|4.48|173|78|177|1716.0
202411|CNTY_GU|43|41150|26110000|경기|서초구|인계동|4413000000|인계동|1|40|3|2|6|1553|216|216|555|72156|46596.0|21711.0|14550.0|10335.0|42695|19620|12488|10064736.0|4689576.0|3142800.0|2232360.0|3054526|122748|623410|74071|51|90|40|8|3294347|12654383|2541881|481939|5.27|3|2.21|149|260|471|780.0
202411|PRVNC|46|28110|46110000|서울|서초구|서초동|2611000000|인계동|2|30|0|1|3|1173|37|37|836|85605|28747.0|15597.0|7633.0|5517.0|20821|15275|5849|1063639.0|577089.0|282421.0|204129.0|1752759|1207802|173487|99085|8|15|10|3|51429|6350468|20257|604359|5.49|0|3.15|80|0|263|0.0
202411|CNTY_GU|26|47110|41150000|대구|수원시|서초동|4413000000|인계동|2|70|1|2|10|859|57|57|794|55309|12291.0|7025.0|1425.0|3841.0|9078|6221|1394|700587.0|400425.0|81225.0|218937.0|2962484|1616371|274617|245437|16|25|8|0|8489481|13262229|2908030|666659|5.91|0|3.92|49|0|281|0.0
202411|PRVNC|43|41130|41110000|경기|수원시|서초동|1120000000|역삼1가|1|30|3|2|3|802|321|321|867|53749|36710.0|16629.0|10404.0|9677.0|26223|15584|8658|11783910.0|5337909.0|3339684.0|3106317.0|3834089|2966048|820036|117590|79|154|87|22|1050317|11289694|4050841|707687|5.05|47|3.67|169|430|306|20210.0
202411|ADM|45|11170|41110000|인천|수원시|인계동|2811000000|역삼1가|2|25|0|1|8|1103|152|152|920|33865|27896.0|17719.0|3365.0|6812.0|27551|16635|2896|4240192.0|2693288.0|511480.0|1035424.0|1856147|2765374|545297|486047|18|61|18|2|7611200|18686736|2828879|478849|3.34|13|4.52|137|310|473|4030.0
202411|ADM|46|41150|11170000|경기|서초구|서초동|1120000000|서초1동|1|50|2|2|10|882|342|342|608|39214|10953.0|6078.0|1189.0|3686.0|10563|5080|1124|3745926.0|2078676.0|406638.0|1260612.0|3296787|1209813|904929|259028|83|185|63|5|5299467|6486499|2290090|652185|6.14|27|1.45|83|281|113|7587.0
202411|CNTY_GU|26|44130|41150000|대구|성남시|인계동|2811000000|인계동|2|55|3|2|8|482|158|158|365|14545|44162.0|25194.0|9991.0|8977.0|40055|22884|7990|6977596.0|3980652.0|1578578.0|1418366.0|2544026|1395841|222625|420807|37|67|25|5|5929929|16986104|1753408|1796038|2.95|11|3.09|142|368|360|4048.0
202411|ADM|45|26140|26140000|서울|서초구|역삼동|4413000000|역삼1가|1|60|0|1|5|392|31|31|671|32813|46275.0|36285.0|6465.0|3525.0|40365|30919|4768|1434525.0|1124835.0|200415.0|109275.0|3092203|468394|604463|274612|8|16|4|1|8234391|8110065|3617188|1283246|4.62|2|1.25|140|95|58|190.0
202411|PRVNC|45|43110|11140000|서울|서초구|인계동|4311000000|역삼1가|2|25|1|2|7|1002|255|255|18|41925|30657.0|19376.0|6821.0|4460.0|27616|17969|6093|7817535.0|4940880.0|1739355.0|1137300.0|4609700|72227|433562|78172|46|148|37|6|7212126|10517454|4279707|1118554|4.63|10|2.06|62|329|36|3290.0
202411|CNTY_GU|26|28110|41130000|부산|수원시|역삼동|2711000000|인계동|1|70|1|1|7|5|214|214|351|47154|18454.0|11858.0|3581.0|3015.0|13138|10275|3362|3949156.0|2537612.0|766334.0|645210.0|3482835|1011931|412977|198537|32|97|40|6|2183322|14101232|2000630|689030|2.23|21|3.5|97|316|30|6636.0
202411|ADM|44|47110|41110000|서울|성남시|서초동|4113000000|역삼1가|2|50|0|1|8|1758|454|454|267|47747|42290.0|25667.0|8891.0|7732.0|30730|22928|6502|19199660.0|11652818.0|4036514.0|3510328.0|4896312|2686047|354683|19709|130|240|79|27|353307|4695642|3173602|127928|6.88|1|2.43|142|347|58|347.0
202411|CNTY_GU|43|46110|11170000|서울|서초구|서초동|1114000000|서초1동|2|60|1|2|1|1470|454|454|958|37101|30730.0|22198.0|3513.0|5019.0|28077|18024|2760|13951420.0|10077892.0|1594902.0|2278626.0|244746|1479548|427443|153153|93|203|85|36|3676084|12531706|2485084|1320834|2.53|48|4.03|44|410|293|19680.0
202411|ADM|46|45110|45110000|경기|강남구|인계동|2614000000|인계동|1|20|3|2|9|949|453|453|463|87808|32955.0|19912.0|7519.0|5524.0|24329|19500|6007|14928615.0|9020136.0|3406107.0|2502372.0|738985|2830754|901525|442332|113|241|83|25|5978566|4727241|877853|1748518|7.59|0|1.1|47|0|82|0.0
202411|ADM|45|26110|11200000|인천|서초구|인계동|1117000000|역삼1가|1|70|1|2|10|1962|444|444|147|44591|35477.0|16083.0|9396.0|9998.0|26360|12379|6675|15751788.0|7140852.0|4171824.0|4439112.0|3216052|1858874|467069|237249|76|211|71|18|2055749|6717801|2727227|995437|4.56|60|2.66|141|482|369|28920.0
202411|PRVNC|26|11200|27110000|서울|서초구|인계동|4111000000|서초1동|1|60|1|2|3|806|129|129|950|38551|4661.0|3681.0|733.0|247.0|4093|3382|684|601269.0|474849.0|94557.0|31863.0|1376510|112359|20085|352866|26|57|14|2|8293462|16133858|342523|875157|3.12|11|3.97|66|18|123|198.0
202411|CNTY_GU|42|42110|44130000|경기|수원시|인계동|4211000000|인계동|1|35|2|1|1|1139|4|4|478|52652|3208.0|1845.0|1041.0|322.0|2867|1547|856|12832.0|7380.0|4164.0|1288.0|3549690|869663|477626|47521|0|2|0|0|514315|2525362|4867615|1429718|2.79|0|4.22|157|0|62|0.0
202411|ADM|27|42110|41150000|서울|서초구|인계동|1120000000|역삼1가|2|30|0|1|5|1071|143|143|467|48568|6100.0|4360.0|1203.0|537.0|5379|3607|1115|872300.0|623480.0|172029.0|76791.0|1748409|1409511|949919|270045|20|64|22|1|5509937|628294|180632|1043775|3.11|7|3.93|78|468|265|3276.0
202411|CNTY_GU|44|42110|27110000|서울|수원시|인계동|2811000000|서초1동|1|55|2|2|7|958|313|313|218|55020|14227.0|8266.0|1466.0|4495.0|13177|5861|1341|4453051.0|2587258.0|458858.0|1406935.0|2973114|122199|413600|460119|88|139|88|24|3098108|17398881|4923840|1894550|3.77|4|4.42|43|214|144|856.0
202411|ADM|41|43110|41110000|서울|서초구|서초동|2711000000|역삼1가|1|70|3|2|10|1708|384|384|322|89333|29944.0|22647.0|7236.0|61.0|21899|19317|6360|11498496.0|8696448.0|2778624.0|23424.0|678058|986731|685973|212329|59|187|79|33|8096056|14424450|3934566|1684492|2.74|21|1.76|132|22|476|462.0
202411|CNTY_GU|27|45110|11170000|부산|수원시|인계동|4511000000|역삼1가|2|45|2|2|4|642|355|355|837|20842|14667.0|8417.0|4197.0|2053.0|14132|7904|3458|5206785.0|2988035.0|1489935.0|728815.0|2980646|348606|606206|273489|74|179|53|30|811022|10696528|852675|345811|5.04|25|1.32|142|209|473|5225.0
202411|ADM|27|26110|46110000|서울|성남시|서초동|4115000000|역삼1가|1|55|0|2|4|468|137|137|973|83754|32170.0|15276.0|11034.0|5860.0|24012|13138|9383|4407290.0|2092812.0|1511658.0|802820.0|353559|2404299|484957|152782|17|80|21|0|8455915|16063986|4173501|914513|3.41|9|4.51|23|21|272|189.0
202411|ADM|45|43110|11200000|부산|서초구|인계동|1114000000|서초1동|2|70|1|2|4|1485|128|128|49|64617|8273.0|3930.0|3216.0|1127.0|6886|3241|3188|1058944.0|503040.0|411648.0|144256.0|608853|1343912|868688|384167|31|53|20|3|5530779|13646936|487474|580246|2.25|6|4.7|153|240|106|1440.0
202411|ADM|43|11110|41110000|대구|강남구|역삼동|1120000000|역삼1가|2|45|0|2|6|508|412|412|397|37769|49377.0|27706.0|5793.0|15878.0|39339|25295|5025|20343324.0|11414872.0|2386716.0|6541736.0|4736081|1682495|111078|109287|116|235|47|5|5973160|6767725|1977619|1906227|6.56|15|2.02|74|370|26|5550.0
202411|ADM|27|42110|41130000|대구|성남시|인계동|2611000000|역삼1가|2|35|2|1|4|512|43|43|745|15180|28196.0|22411.0|8344.0|0.0|22066|20524|8089|1212428.0|963673.0|358792.0|0.0|1875317|2782686|905112|279091|9|18|11|4|1232314|9502364|3527171|860866|3.85|1|4.09|49|482|422|482.0
202411|ADM|44|42110|28110000|서울|성남시|인계동|4115000000|역삼1가|1|35|3|1|8|469|326|326|922|40036|3988.0|1763.0|1302.0|923.0|3372|1622|1267|1300088.0|574738.0|424452.0|300898.0|2598006|2374467|535142|51630|41|151|68|3|1224025|721862|2116463|283472|7.84|37|4.5|116|70|272|2590.0
202411|ADM|42|26110|41110000|인천|성남시|서초동|1111000000|역삼1가|1|25|1|2|5|254|249|249|963|98781|48533.0|28737.0|12115.0|7681.0|43717|22153|9947|12084717.0|7155513.0|3016635.0|1912569.0|3907719|2545270|41738|115580|33|110|36|18|5112258|11637128|2110899|1287161|6.75|2|3.4|103|30|384|60.0
202411|ADM|26|26110|27110000|부산|강남구|서초동|1117000000|역삼1가|1|40|0|2|2|1379|211|211|345|81078|11560.0|8957.0|3856.0|0.0|8689|7086|3515|2439160.0|1889927.0|813616.0|0.0|2483972|567666|653294|282481|46|90|57|9|2459412|14277121|4249254|863780|3.53|14|4.75|27|94|342|1316.0
202411|ADM|11|45110|47110000|부산|강남구|역삼동|2711000000|인계동|2|60|2|1|7|1267|155|155|324|68056|0.0|0.0|0.0|0.0|0|0|0|0.0|0.0|0.0|0.0|3638570|1350069|584225|349359|22|75|39|8|8168933|17043017|1127854|367770|3.83|10|4.88|125|451|290|4510.0
202411|CNTY_GU|11|41110|44130000|인천|강남구|인계동|4711000000|인계동|2|25|0|1|4|1838|224|224|120|87885|25340.0|13352.0|9909.0|2079.0|21525|11713|8147|5676160.0|2990848.0|2219616.0|465696.0|3289024|1016287|249133|285220|54|127|52|20|839048|13586877|2628905|38758|5.73|24|4.87|179|13|492|312.0
202411|ADM|46|41110|11110000|서울|수원시|역삼동|1111000000|인계동|2|35|2|1|9|1757|276|276|405|93543|27607.0|20922.0|8708.0|0.0|19416|16979|8111|7619532.0|5774472.0|2403408.0|0.0|2897788|1429993|456171|435641|41|160|34|11|3514147|17084699|2204748|735558|7.81|32|3.87|165|284|5|9088.0
202411|ADM|41|27110|27110000|인천|강남구|서초동|4111000000|역삼1가|1|45|3|2|6|1876|51|51|509|29208|12137.0|6388.0|2617.0|3132.0|11873|4817|2276|618987.0|325788.0|133467.0|159732.0|3286773|1570790|462662|493290|12|29|9|4|7967769|34460|1523807|671497|2.49|3|1.81|89|229|316|687.0
202411|ADM|47|28110|43110000|서울|서초구|역삼동|4511000000|역삼1가|1|25|0|1|7|1052|355|355|915|78659|28126.0|20870.0|6395.0|861.0|22001|14727|6061|9984730.0|7408850.0|2270225.0|305655.0|3441333|2019223|914168|469952|59|194|58|16|4327174|465716|2106038|1901484|2.17|25|1.24|156|124|101|3100.0
202411|CNTY_GU|11|27110|11170000|경기|수원시|인계동|1111000000|역삼1가|2|40|2|1|10|1976|59|59|634|39076|35225.0|19852.0|4447.0|10926.0|31745|18257|3377|2078275.0|1171268.0|262373.0|644634.0|3793407|573470|332287|212001|6|26|16|1|8539565|3174148|4612132|1275132|2.45|0|3.89|101|0|478|0.0
202411|CNTY_GU|47|11110|11110000|서울|수원시|서초동|2611000000|서초1동|1|30|0|2|7|1648|384|384|939|27759|39067.0|13440.0|10345.0|15282.0|36853|11537|8830|15001728.0|5160960.0|3972480.0|5868288.0|3315007|2571251|489094|235687|79|192|94|9|6552594|3992841|2761352|429669|7.83|1|3.89|118|218|163|218.0
202411|ADM|41|41150|46110000|경기|수원시|인계동|4611000000|인계동|2|45|1|1|5|392|206|206|424|21629|46111.0|26730.0|7244.0|12137.0|36784|18913|6017|9498866.0|5506380.0|1492264.0|2500222.0|4775444|2779417|246536|310447|26|115|25|17|9759240|2515621|2601433|1861200|2.7|2|2.56|79|185|113|370.0
202411|ADM|47|27110|11200000|서울|수원시|서초동|1117000000|인계동|2|70|1|1|5|1147|387|387|806|99219|49408.0|35016.0|8863.0|5529.0|43092|32024|6971|19120896.0|13551192.0|3429981.0|2139723.0|518332|1782918|644669|495702|71|193|68|17|3887890|1519798|106749|433717|5.87|10|4.63|161|440|98|4400.0
202411|PRVNC|26|27110|27110000|서울|강남구|인계동|4115000000|서초1동|1|25|3|1|1|930|2|2|657|96342|36364.0|22407.0|8176.0|5781.0|31286|18352|6015|72728.0|44814.0|16352.0|11562.0|1233164|484070|705168|469430|0|0|0|0|1787282|744195|3241138|1168185|4.63|0|4.48|165|0|406|0.0
202411|ADM|41|28110|41110000|경기|서초구|역삼동|4311000000|서초1동|1|40|1|1|8|1691|423|423|162|34308|48152.0|31324.0|16637.0|191.0|38869|27306|15513|20368296.0|13250052.0|7037451.0|80793.0|295244|1654315|976796|282648|59|252|93|20|2114308|19205788|1489227|811071|6.92|27|4.63|168|92|433|2484.0
202411|PRVNC|11|11140|11140000|부산|강남구|서초동|1117000000|인계동|2|65|0|2|2|1318|91|91|32|72508|39923.0|13533.0|12524.0|13866.0|39009|10986|11291|3632993.0|1231503.0|1139684.0|1261806.0|3067140|730480|974484|40057|21|52|27|6|1463423|9950606|810699|66304|4.05|1|2.62|100|305|375|305.0
202411|PRVNC|44|11200|45110000|대구|강남구|역삼동|4413000000|역삼1가|2|45|0|1|4|886|388|388|828|49302|38436.0|11721.0|9838.0|16877.0|30482|8854|9253|14913168.0|4547748.0|3817144.0|6548276.0|2809692|1448499|865029|203368|40|199|77|29|2145803|1201646|3444310|730253|3.82|27|2.5|54|163|357|4401.0
202411|CNTY_GU|41|11140|26110000|대구|서초구|서초동|4111000000|인계동|1|60|0|2|7|522|232|232|407|26164|19800.0|8584.0|4628.0|6588.0|18823|6288|4318|4593600.0|1991488.0|1073696.0|1528416.0|595216|910470|764208|86533|27|124|55|20|8587152|2770850|2261095|957656|4.39|16|1.18|36|289|369|4624.0
202411|CNTY_GU|26|43110|27110000|대구|강남구|역삼동|1120000000|서초1동|1|40|0|1|7|738|22|22|697|63838|24198.0|7968.0|8781.0|7449.0|17105|7240|6652|532356.0|175296.0|193182.0|163878.0|2525501|1328057|795970|405043|6|13|4|0|695203|13492612|503402|944430|7.12|0|2.49|133|0|76|0.0
202411|CNTY_GU|42|45110|46110000|경기|강남구|서초동|4113000000|서초1동|2|30|0|1|1|1113|202|202|782|56390|3615.0|1682.0|585.0|1348.0|2967|1256|436|730230.0|339764.0|118170.0|272296.0|3115229|760874|83514|157466|48|92|46|14|474391|12054794|4039490|918933|2.49|8|3.52|106|245|63|1960.0
202411|ADM|44|45110|43110000|인천|수원시|서초동|4311000000|서초1동|2|25|0|1|3|1387|213|213|937|86113|14252.0|11184.0|1632.0|1436.0|10675|9124|1355|3035676.0|2382192.0|347616.0|305868.0|2627910|2213260|971710|52659|59|104|48|17|4071758|5016893|4371318|1071534|7.48|27|2.6|79|433|466|11691.0
202411|ADM|27|43110|41130000|대구|강남구|역삼동|4611000000|서초1동|1|45|3|1|8|1266|4|4|790|90924|22891.0|17958.0|5182.0|0.0|18743|17005|4085|91564.0|71832.0|20728.0|0.0|69147|1288994|681394|200691|0|1|0|0|3111513|8549205|1098633|111528|3.68|0|3.91|58|0|344|0.0
202411|CNTY_GU|41|47110|47110000|경기|수원시|서초동|2711000000|역삼1가|2|70|0|1|9|1347|246|246|17|18413|12215.0|8517.0|1582.0|2116.0|10311|7143|1493|3004890.0|2095182.0|389172.0|520536.0|2586138|2193800|217165|332506|45|103|27|5|2919036|13640227|2371558|614096|4.56|0|1.39|61|0|233|0.0
202411|ADM|27|45110|43110000|경기|강남구|인계동|2611000000|서초1동|1|25|0|1|1|25|212|212|853|12883|1766.0|706.0|382.0|678.0|1592|532|339|374392.0|149672.0|80984.0|143736.0|2421107|1383442|661496|490457|63|97|53|15|4669003|3825815|4105299|599047|2.92|30|1.27|130|366|247|10980.0
202411|CNTY_GU|45|28110|41110000|인천|수원시|서초동|4111000000|인계동|1|55|1|2|2|1890|360|360|98|24103|25637.0|15510.0|9746.0|381.0|18667|11676|6997|9229320.0|5583600.0|3508560.0|137160.0|3571455|24581|26329|486723|84|204|88|12|511662|17838764|1848814|211645|4.94|42|3.9|159|185|420|7770.0
202411|PRVNC|41|26110|45110000|서울|수원시|서초동|4511000000|인계동|2|50|0|1|9|1356|131|131|260|82404|41590.0|25211.0|5916.0|10463.0|33279|22957|5593|5448290.0|3302641.0|774996.0|1370653.0|4594400|633595|962071|448646|21|65|20|11|4970858|16923360|1807224|468118|7.29|11|1.64|51|152|124|1672.0
202411|ADM|43|26140|26140000|부산|강남구|역삼동|4111000000|서초1동|2|40|2|2|6|1577|371|371|951|99269|23663.0|16912.0|9066.0|0.0|21388|13453|8730|8778973.0|6274352.0|3363486.0|0.0|2701498|1959158|675596|395594|109|172|77|20|644547|6279673|2416556|490020|3.56|42|1.53|112|78|69|3276.0
202411|ADM|27|28110|45110000|서울|강남구|인계동|1114000000|인계동|2|30|0|2|8|1586|386|386|283|14142|37051.0|17236.0|13397.0|6418.0|31493|13072|12423|14301686.0|6653096.0|5171242.0|2477348.0|4858297|2551935|919390|136822|84|205|73|10|8941503|9230337|4249582|520224|4.35|8|3.4|165|159|183|1272.0
202411|PRVNC|43|11140|42110000|부산|성남시|서초동|4611000000|역삼1가|1|30|1|2|3|1168|305|305|383|31528|17985.0|6763.0|3230.0|7992.0|16585|5755|2454|5485425.0|2062715.0|985150.0|2437560.0|467594|118278|783591|210970|43|127|89|15|739155|17519170|1999245|1631188|3.73|7|2.33|59|60|449|420.0
202411|ADM|45|11200|41110000|경기|서초구|인계동|4511000000|서초1동|1|45|1|2|6|996|284|284|289|16216|0.0|0.0|0.0|0.0|0|0|0|0.0|0.0|0.0|0.0|1630298|1062544|323353|460921|67|133|84|9|1691431|11140024|238553|1504821|4.32|18|2.39|70|128|283|2304.0
202411|ADM|43|41130|42110000|경기|서초구|서초동|1117000000|역삼1가|1|40|0|1|9|1712|312|312|14|24663|16819.0|13023.0|1971.0|1825.0|14543|12655|1450|5247528.0|4063176.0|614952.0|569400.0|2183426|1934752|453887|101882|66|166|50|27|8890618|11595299|4552165|42071|5.39|43|4.99|54|477|79|20511.0
202411|PRVNC|44|26140|26110000|부산|수원시|인계동|4113000000|서초1동|2|20|0|2|2|1498|62|62|738|60126|27291.0|19397.0|7741.0|153.0|24242|13909|6826|1692042.0|1202614.0|479942.0|9486.0|3771453|2732019|504102|169482|13|27|16|4|6190876|8589825|3985173|525194|5.2|0|4.3|49|0|138|0.0
202411|CNTY_GU|42|11200|46110000|인천|서초구|서초동|1117000000|서초1동|1|70|0|2|5|1437|173|173|389|30899|39073.0|16929.0|12202.0|9942.0|29104|14567|10464|6759629.0|2928717.0|2110946.0|1719966.0|11710|517844|557956|319157|40|95|50|12|9217445|2332782|432702|965080|7.76|16|3.15|149|119|226|1904.0
202411|ADM|43|41110|11170000|경기|성남시|역삼동|2611000000|역삼1가|2|30|1|1|2|1378|208|208|345|65338|48395.0|19685.0|5968.0|22742.0|47483|18986|5804|10066160.0|4094480.0|1241344.0|4730336.0|3447134|906587|86360|445428|55|122|56|8|9322867|6601173|4629022|1927293|4.14|26|2.77|57|226|346|5876.0
202411|ADM|44|46110|26110000|경기|강남구|인계동|4211000000|서초1동|2|40|2|1|2|1820|467|467|432|70643|48211.0|29300.0|13680.0|5231.0|36182|29252|10304|22514537.0|13683100.0|6388560.0|2442877.0|261774|495554|572918|37500|59|228|120|8|6607514|3010582|2663911|966348|3.77|46|4.42|110|395|99|18170.0
202411|CNTY_GU|42|44130|42110000|인천|서초구|서초동|1114000000|인계동|2|50|0|2|3|548|468|468|553|42051|40592.0|32424.0|13138.0|0.0|32335|23162|10409|18997056.0|15174432.0|6148584.0|0.0|2690989|2575195|418720|45105|108|273|124|6|6994446|15511702|2641980|682043|7.57|9|4.99|112|347|414|3123.0
202411|CNTY_GU|46|43110|11110000|인천|수원시|인계동|2811000000|서초1동|1|55|0|2|9|160|100|100|887|20976|45555.0|19594.0|17950.0|8011.0|34097|14427|16474|4555500.0|1959400.0|1795000.0|801100.0|103640|1028865|972387|414007|16|42|14|0|5846508|909953|3977054|1284277|7.05|12|4.43|24|73|278|876.0
202411|CNTY_GU|43|11140|11140000|서울|수원시|서초동|4111000000|인계동|1|45|2|1|6|292|225|225|97|49334|45491.0|14523.0|14429.0|16539.0|32847|13680|13431|10235475.0|3267675.0|3246525.0|3721275.0|940457|2934417|821966|114168|48|112|38|8|890322|1871951|1292957|1255568|6.91|22|1.21|160|398|318|8756.0
202411|CNTY_GU|41|45110|47110000|경기|성남시|인계동|4113000000|서초1동|2|45|2|1|8|820|111|111|791|55089|8075.0|4893.0|1663.0|1519.0|7609|4036|1552|896325.0|543123.0|184593.0|168609.0|3393932|932521|270087|141132|31|44|24|4|788441|15880920|1856432|1492969|2.39|16|1.39|103|435|91|6960.0
202411|ADM|43|11200|45110000|대구|수원시|역삼동|1117000000|서초1동|1|70|1|2|7|465|60|60|180|11091|39221.0|21138.0|5500.0|12583.0|37014|20410|4312|2353260.0|1268280.0|330000.0|754980.0|3992886|1904098|122056|421818|11|28|7|5|3271063|12368860|1704391|459122|2.5|6|4.83|126|173|135|1038.0
202411|ADM|44|46110|44130000|대구|서초구|서초동|4115000000|역삼1가|1|45|2|1|1|703|454|454|652|74337|17293.0|13286.0|1936.0|2071.0|14894|10667|1379|7851022.0|6031844.0|878944.0|940234.0|3069233|1855549|778412|450068|95|208|109|38|3386927|4716879|3243952|1056530|3.87|67|2.42|84|277|308|18559.0
202411|ADM|46|44130|46110000|부산|성남시|서초동|4611000000|서초1동|2|20|0|2|8|1939|386|386|467|84699|13426.0|8836.0|3401.0|1189.0|9409|8797|2734|5182436.0|3410696.0|1312786.0|458954.0|4771641|2438325|205886|81799|93|176|81|15|6190321|15427568|4929341|15581|2.94|12|1.44|144|255|8|3060.0
202411|ADM|47|11110|11200000|대구|강남구|역삼동|1120000000|인계동|1|60|0|1|1|1175|220|220|196|23234|5394.0|2443.0|1516.0|1435.0|4042|1901|1322|1186680.0|537460.0|333520.0|315700.0|655665|2426425|144061|225700|32|107|42|11|7223861|13154024|4545612|1702498|2.61|13|4.59|117|472|375|6136.0
202411|CNTY_GU|42|28110|11200000|인천|수원시|서초동|4111000000|인계동|1|65|0|1|10|280|320|320|421|45541|16237.0|7197.0|2529.0|6511.0|12585|6851|2390|5195840.0|2303040.0|809280.0|2083520.0|3832744|1917395|963184|436795|77|155|36|6|938627|8558892|2186008|1759024|3.95|33|2.6|94|289|323|9537.0
202411|CNTY_GU|26|11170|26110000|인천|성남시|역삼동|2711000000|역삼1가|2|45|3|1|5|1399|251|251|377|32935|15355.0|9895.0|2534.0|2926.0|12016|8587|2366|3854105.0|2483645.0|636034.0|734426.0|3502743|659511|946961|36416|40|148|44|10|4522760|19805538|2977510|1567833|4.82|1|3.93|113|483|155|483.0
202411|CNTY_GU|44|28110|47110000|부산|강남구|서초동|2611000000|인계동|2|50|0|1|1|26|222|222|913|41074|6725.0|2632.0|2014.0|2079.0|6595|2509|1953|1492950.0|584304.0|447108.0|461538.0|1276418|1585187|255303|333852|24|97|44|17|594418|15486727|1359712|1341751|4.26|15|3.41|63|165|43|2475.0
202411|PRVNC|46|28110|41130000|서울|강남구|서초동|4711000000|인계동|1|55|3|2|9|941|14|14|80|12103|6066.0|3584.0|1295.0|1187.0|5912|2920|1043|84924.0|50176.0|18130.0|16618.0|4049155|2114384|483849|298028|2|5|3|1|9946747|4844762|1776573|720393|5.46|0|4.16|85|0|25|0.0
202411|CNTY_GU|42|42110|11110000|서울|성남시|인계동|4511000000|역삼1가|2|70|3|2|3|589|282|282|280|99593|49388.0|28074.0|13760.0|7554.0|35814|27886|10361|13927416.0|7916868.0|3880320.0|2130228.0|4090332|1549386|898717|114816|74|138|55|2|5184068|6818807|222347|690605|7.23|36|3.97|36|67|8|2412.0
202411|CNTY_GU|41|41150|26110000|경기|서초구|인계동|4311000000|서초1동|2|30|1|2|8|1222|101|101|12|13353|16003.0|11003.0|4386.0|614.0|15561|8331|3077|1616303.0|1111303.0|442986.0|62014.0|3903498|1538297|46344|107336|19|51|20|1|9700663|205519|4181396|349327|2.22|5|4.14|143|176|242|880.0
202411|ADM|27|26140|28110000|경기|서초구|인계동|2611000000|서초1동|2|65|2|1|4|1944|109|109|36|77164|3073.0|2250.0|585.0|238.0|2907|2054|464|334957.0|245250.0|63765.0|25942.0|183136|2878518|892572|447083|11|49|30|1|7516064|7851751|1287284|1939197|2.09|8|4.97|157|374|122|2992.0
202411|PRVNC|44|11170|44130000|서울|서초구|인계동|4115000000|서초1동|1|60|0|2|2|574|497|497|543|32357|12649.0|8393.0|3072.0|1184.0|12546|7963|3061|6286553.0|4171321.0|1526784.0|588448.0|3761468|2274354|244405|321174|96|249|138|36|1733887|247199|4145225|916017|2.42|39|4.83|26|428|87|16692.0
202411|ADM|46|11110|11140000|인천|수원시|서초동|4111000000|역삼1가|1|65|0|2|5|185|322|322|604|71651|45488.0|19245.0|11512.0|14731.0|38537|16798|9679|14647136.0|6196890.0|3706864.0|4743382.0|1237598|611008|764011|409167|58|154|37|1|2901943|16272919|79097|934728|7.92|40|3.04|71|473|475|18920.0
202411|CNTY_GU|26|26140|45110000|부산|수원시|인계동|1114000000|인계동|2|30|2|1|3|443|47|47|561|50392|49595.0|23493.0|11595.0|14507.0|45961|17872|9859|2330965.0|1104171.0|544965.0|681829.0|2779933|75955|804689|298991|11|19|6|4|8164022|16428303|3436454|124783|6.6|1|4.28|151|331|405|331.0
202411|ADM|46|41130|46110000|서울|서초구|역삼동|2614000000|인계동|1|35|1|1|1|830|96|96|748|66868|35406.0|19569.0|13699.0|2138.0|27910|15483|13553|3398976.0|1878624.0|1315104.0|205248.0|3448632|2673418|747330|462814|22|43|28|4|2605319|2148986|3130321|71740|7.26|5|1.17|101|189|494|945.0
202411|CNTY_GU|43|26140|26110000|부산|성남시|인계동|1120000000|서초1동|2|50|0|2|8|54|170|170|378|52957|25546.0|19692.0|6221.0|0.0|19158|14506|5589|4342820.0|3347640.0|1057570.0|0.0|2671508|2921163|48042|201049|29|87|36|1|5344935|11478154|1858741|739329|7.04|2|4.77|138|128|257|256.0
202411|PRVNC|47|45110|28110000|부산|강남구|역삼동|4511000000|서초1동|1|35|2|2|4|222|399|399|961|61698|25020.0|19337.0|8829.0|0.0|24259|18332|7175|9982980.0|7715463.0|3522771.0|0.0|635073|576397|5272|463399|83|216|84|15|3667941|6473393|3282744|1022971|2.32|53|2.44|29|407|323|21571.0
202411|PRVNC|41|41110|45110000|경기|서초구|역삼동|1114000000|인계동|1|25|0|1|3|762|463|463|76|82189|34258.0|14883.0|4199.0|15176.0|27232|11037|3854|15861454.0|6890829.0|1944137.0|7026488.0|2776864|2756373|845687|24716|80|207|68|33|781387|7455802|3972752|1595727|6.72|26|4.13|16|160|135|4160.0
202411|CNTY_GU|47|46110|27110000|부산|성남시|서초동|4511000000|서초1동|2|25|0|1|8|242|178|178|86|11792|5055.0|1799.0|693.0|2563.0|3746|1781|690|899790.0|320222.0|123354.0|456214.0|3126147|1251424|118572|428434|48|102|26|2|8469951|5109719|2827827|692848|6.05|17|4.28|58|145|223|2465.0
202411|PRVNC|26|11170|11140000|경기|서초구|서초동|1120000000|서초1동|2|70|0|1|4|1449|87|87|936|97300|16331.0|12807.0|5264.0|0.0|12270|10010|4075|1420797.0|1114209.0|457968.0|0.0|976357|1016928|266361|196448|17|49|12|2|3982807|314853|1251201|723909|2.25|1|2.42|41|107|392|107.0
202411|CNTY_GU|42|11170|42110000|부산|강남구|역삼동|2711000000|역삼1가|2|50|0|1|1|291|303|303|367|52041|13290.0|10049.0|5285.0|0.0|11515|7706|5081|4026870.0|3044847.0|1601355.0|0.0|2443167|1046010|696315|38406|70|133|41|19|7190873|14531650|2866352|1085257|3.59|28|3.76|95|295|263|8260.0
202411|ADM|47|41150|47110000|인천|서초구|역삼동|4511000000|인계동|2|30|1|1|7|306|368|368|375|49762|19259.0|13453.0|2746.0|3060.0|14484|12105|2341|7087312.0|4950704.0|1010528.0|1126080.0|1144097|2059716|950040|483093|62|215|70|34|5388526|14771455|3884352|1277066|3.52|2|3.74|69|95|147|190.0
202411|ADM|44|41110|11170000|대구|성남시|역삼동|4311000000|서초1동|1|45|0|2|7|94|494|494|469|92996|29303.0|11454.0|7660.0|10189.0|29232|9230|6372|14475682.0|5658276.0|3784040.0|5033366.0|3603802|2423824|768629|485500|104|293|141|33|9387637|4404204|4504657|550159|6.38|19|2.23|70|235|494|4465.0
202411|CNTY_GU|41|43110|41130000|부산|강남구|역삼동|1114000000|역삼1가|2|70|1|2|10|934|382|382|677|80762|8140.0|3756.0|1605.0|2779.0|7456|2643|1347|3109480.0|1434792.0|613110.0|1061578.0|431739|2916109|433329|475600|75|158|57|18|3418409|10570690|1256876|1963489|3.42|7|1.75|26|147|135|1029.0
202411|CNTY_GU|47|26140|11200000|인천|강남구|역삼동|4611000000|서초1동|2|45|3|1|6|1033|170|170|564|95157|12204.0|8924.0|1691.0|1589.0|10994|8217|1283|2074680.0|1517080.0|287470.0|270130.0|876332|2425719|478718|388334|36|91|31|8|8551662|3100561|1503926|1166624|2.67|4|1.99|125|55|33|220.0
202411|CNTY_GU|26|45110|45110000|서울|강남구|인계동|2611000000|서초1동|2|55|0|2|6|640|176|176|372|71029|24521.0|11614.0|9327.0|3580.0|19103|8799|6680|4315696.0|2044064.0|1641552.0|630080.0|252640|1646019|259192|80601|28|71|41|7|1981574|4313757|3688578|1247013|7.5|23|3.37|84|369|412|8487.0
202411|ADM|41|43110|11140000|부산|서초구|서초동|4413000000|인계동|1|40|0|1|7|315|271|271|431|49243|12364.0|7343.0|2920.0|2101.0|10794|5469|2773|3350644.0|1989953.0|791320.0|569371.0|1625273|1899180|278082|256428|45|110|34|14|8429120|5861011|3937435|316383|2.37|6|4.05|157|448|134|2688.0
202411|ADM|27|11200|11110000|인천|강남구|인계동|4115000000|역삼1가|1|50|3|2|2|1999|240|240|270|78545|9144.0|5061.0|3231.0|852.0|6961|3609|2283|2194560.0|1214640.0|775440.0|204480.0|2259119|1262340|787274|444330|42|121|26|10|2831595|2801373|36892|1920788|2.97|35|4.87|27|240|371|8400.0
202411|CNTY_GU|45|11110|11200000|경기|성남시|역삼동|1114000000|서초1동|1|20|2|1|9|1236|86|86|635|21427|31635.0|14544.0|11840.0|5251.0|23560|13914|10011|2720610.0|1250784.0|1018240.0|451586.0|69866|1947614|244075|193908|20|39|23|2|7908360|5752048|4043489|1981831|4.1|3|3.27|94|477|111|1431.0
202411|CNTY_GU|45|46110|11170000|부산|서초구|서초동|1120000000|인계동|2|40|2|2|10|445|470|470|904|99266|49562.0|22618.0|7035.0|19909.0|38919|16568|5270|23294140.0|10630460.0|3306450.0|9357230.0|3759364|2264351|718918|284608|122|274|124|37|7818419|8995928|25512|525575|5.4|45|4.28|47|148|288|6660.0
202411|ADM|41|11110|26110000|서울|수원시|서초동|4711000000|인계동|2|35|0|1|1|1894|389|389|524|35433|41086.0|26159.0|14762.0|165.0|29502|21008|10337|15982454.0|10175851.0|5742418.0|64185.0|4511276|666998|628141|21179|40|161|61|23|834230|15135732|1040879|552469|5.97|32|1.27|69|417|428|13344.0
202411|ADM|11|11200|27110000|부산|서초구|역삼동|4413000000|인계동|2|70|0|2|8|1528|438|438|533|92444|23646.0|11660.0|5512.0|6474.0|20328|10926|5337|10356948.0|5107080.0|2414256.0|2835612.0|1389647|1249390|360836|117930|89|189|127|2|88039|15258242|1452187|1235861|6.72|28|1.55|115|60|330|1680.0
202411|ADM|47|44130|45110000|서울|서초구|역삼동|1120000000|역삼1가|1|25|0|2|5|1142|424|424|913|75166|41846.0|23343.0|8037.0|10466.0|32763|17403|8017|17742704.0|9897432.0|3407688.0|4437584.0|3349613|743985|173990|885|113|213|94|26|3818862|12258904|3197153|1571057|2.59|39|4.16|149|225|378|8775.0
202411|CNTY_GU|26|44130|41110000|부산|서초구|서초동|2611000000|역삼1가|1|55|3|2|2|1594|89|89|209|50973|15734.0|9263.0|2571.0|3900.0|11229|8635|2366|1400326.0|824407.0|228819.0|347100.0|2259486|2796375|156018|182364|20|45|15|4|2894013|6784005|1137254|652575|6.53|2|3.31|94|486|410|972.0
202411|ADM|45|47110|47110000|경기|서초구|역삼동|4413000000|역삼1가|2|60|1|2|4|1203|476|476|509|93551|16323.0|12384.0|3214.0|725.0|15571|8921|3030|7769748.0|5894784.0|1529864.0|345100.0|4645080|643609|425413|488196|97|195|127|43|3032759|8409722|576551|1718761|7.1|31|1.25|120|340|138|10540.0
202411|ADM|44|26140|28110000|부산|서초구|서초동|1117000000|인계동|2|40|1|1|8|219|89|89|638|23683|13635.0|5857.0|4578.0|3200.0|9645|4955|3831|1213515.0|521273.0|407442.0|284800.0|1759028|741870|232371|247894|18|46|23|4|8860002|4551389|1049179|976814|7.53|7|1.7|130|456|39|3192.0
202411|ADM|45|45110|47110000|대구|수원시|서초동|4511000000|역삼1가|2|40|0|1|1|1013|425|425|270|23667|9547.0|4934.0|2078.0|2535.0|7349|4838|1956|4057475.0|2096950.0|883150.0|1077375.0|2359924|12002|503265|39999|89|216|53|22|7849974|3844503|3337779|793156|4.66|18|2.76|98|348|326|6264.0
202411|CNTY_GU|26|47110|42110000|서울|강남구|역삼동|1120000000|역삼1가|2|20|1|1|3|1904|14|14|538|63873|8229.0|3865.0|1686.0|2678.0|6688|3243|1392|115206.0|54110.0|23604.0|37492.0|4174327|2435819|526857|98275|2|7|3|1|8536699|18994014|3602718|1231278|4.06|1|1.23|19|80|103|80.0
202411|ADM|42|41110|27110000|부산|서초구|역삼동|1111000000|인계동|2|35|0|1|3|1625|107|107|812|48220|31326.0|15574.0|4890.0|10862.0|27755|13737|3719|3351882.0|1666418.0|523230.0|1162234.0|424389|431519|87413|74280|31|53|22|6|2544638|11151366|4496352|866488|3.53|14|4.68|7|53|367|742.0
202411|ADM|27|11110|46110000|인천|성남시|역삼동|4511000000|인계동|2|65|0|1|3|602|115|115|144|50655|39915.0|28375.0|12109.0|0.0|34243|22009|10534|4590225.0|3263125.0|1392535.0|0.0|680701|1761876|785524|447441|27|66|28|10|6520242|4331165|2404518|1789288|4.01|5|1.11|172|150|384|750.0
202411|ADM|11|44130|26110000|부산|강남구|역삼동|4311000000|서초1동|2|65|0|2|1|1610|185|185|853|62976|44882.0|29802.0|17464.0|0.0|40394|28500|15938|8303170.0|5513370.0|3230840.0|0.0|1970500|947961|222353|14603|38|92|44|16|6775258|2554586|4760863|903085|4.8|26|2.86|113|98|95|2548.0
202411|ADM|44|41150|47110000|인천|성남시|인계동|4413000000|서초1동|1|50|1|1|9|1564|325|325|534|62409|20802.0|11351.0|3583.0|5868.0|20004|9347|2955|6760650.0|3689075.0|1164475.0|1907100.0|694023|2571927|952310|394681|91|163|87|4|918115|1127682|816926|1429147|6.23|36|1.8|105|124|16|4464.0
202411|ADM|46|43110|41110000|경기|성남시|인계동|4511000000|서초1동|1|55|1|1|7|1597|201|201|689|82043|30217.0|23198.0|6158.0|861.0|27533|22332|5295|6073617.0|4662798.0|1237758.0|173061.0|2159019|250780|616965|240070|22|89|50|6|577652|14501257|2187721|823094|3.82|6|3.34|78|208|453|1248.0
202411|CNTY_GU|41|44130|28110000|대구|강남구|서초동|4611000000|인계동|2|60|2|1|6|1931|120|120|729|17663|31577.0|15396.0|7321.0|8860.0|25546|15214|5223|3789240.0|1847520.0|878520.0|1063200.0|4252839|988729|265279|220973|35|63|24|10|948004|16010345|522116|1747058|5.04|8|1.46|96|64|367|512.0
202411|ADM|11|42110|11170000|대구|서초구|인계동|4111000000|인계동|1|40|0|2|7|314|315|315|446|61634|40961.0|31523.0|7024.0|2414.0|33139|29938|5362|12902715.0|9929745.0|2212560.0|760410.0|3717318|1027634|799527|71111|80|135|56|16|9597804|11736356|4359068|1802794|2.08|9|1.99|76|451|428|4059.0
202411|CNTY_GU|46|42110|47110000|서울|수원시|역삼동|2811000000|서초1동|1|65|1|2|8|594|278|278|515|25586|33250.0|22006.0|5933.0|5311.0|24866|18152|5228|9243500.0|6117668.0|1649374.0|1476458.0|4757864|2035520|108836|106894|78|134|38|2|7864499|3335698|4165099|92231|7.71|36|2.41|140|120|84|4320.0
202411|CNTY_GU|44|46110|44130000|인천|서초구|서초동|1120000000|서초1동|1|30|2|1|4|816|362|362|794|87461|13583.0|10744.0|3689.0|0.0|11107|8757|3326|4917046.0|3889328.0|1335418.0|0.0|3502495|1433907|428900|140379|57|166|87|16|8650166|8340675|4845046|129286|5.13|50|2.06|86|450|257|22500.0
202411|CNTY_GU|11|44130|41150000|대구|성남시|서초동|2614000000|서초1동|1|40|0|2|3|151|409|409|909|64913|22614.0|12531.0|3332.0|6751.0|19340|11197|2940|9249126.0|5125179.0|1362788.0|2761159.0|3004538|2772924|966343|486808|58|207|72|22|4039824|11248810|1390113|1904519|4.13|10|1.82|65|167|268|1670.0
202411|CNTY_GU|42|26110|26110000|부산|수원시|서초동|2711000000|인계동|2|60|1|2|5|565|428|428|463|78831|39573.0|30483.0|7553.0|1537.0|28085|21950|6099|16937244.0|13046724.0|3232684.0|657836.0|611390|1599499|844429|453773|111|185|87|20|5249355|18975084|3355007|1943566|3.44|18|3.83|116|453|194|8154.0
202411|CNTY_GU|44|11140|11200000|서울|서초구|인계동|1111000000|서초1동|2|35|3|1|1|705|100|100|703|46412|10657.0|6166.0|2239.0|2252.0|10296|4902|1676|1065700.0|616600.0|223900.0|225200.0|4906341|517444|644308|266811|17|46|13|8|9344734|18007012|4807060|761319|6.71|10|2.94|114|465|446|4650.0
202411|CNTY_GU|27|44130|47110000|서울|수원시|인계동|2711000000|인계동|1|65|3|1|7|52|247|247|273|48565|27248.0|11154.0|3699.0|12395.0|22536|8182|2936|6730256.0|2755038.0|913653.0|3061565.0|2758804|2320500|950554|233817|52|106|30|8|8063413|17990356|1317141|226542|4.91|13|4.3|102|319|243|4147.0
202411|CNTY_GU|45|44130|11110000|부산|강남구|서초동|1117000000|역삼1가|2|45|2|1|1|480|377|377|593|11500|7707.0|4316.0|2239.0|1152.0|6279|4128|2002|2905539.0|1627132.0|844103.0|434304.0|4044843|1701549|144400|112722|74|213|98|1|1977184|18534856|152424|1106712|6.23|5|4.1|129|131|265|655.0
202411|ADM|11|11200|27110000|대구|수원시|인계동|4113000000|역삼1가|1|35|0|2|7|184|39|39|671|67238|14137.0|4746.0|3696.0|5695.0|11156|4501|3466|551343.0|185094.0|144144.0|222105.0|1762040|2721929|869382|396642|7|20|5|1|9553377|9405791|571308|1057361|6.95|3|3.47|110|289|263|867.0
202411|CNTY_GU|47|45110|47110000|서울|수원시|인계동|4413000000|인계동|2|30|0|1|4|748|361|361|775|99551|6000.0|3955.0|1991.0|54.0|5188|3806|1520|2166000.0|1427755.0|718751.0|19494.0|118950|2582835|194727|490786|101|199|101|10|4869159|12121596|2416219|1905939|7.82|11|4.57|61|459|429|5049.0
202411|ADM|41|45110|26110000|서울|수원시|역삼동|4413000000|인계동|2|70|0|2|8|1667|405|405|146|87703|41880.0|14532.0|6436.0|20912.0|37797|10325|4784|16961400.0|5885460.0|2606580.0|8469360.0|3736824|2018988|800760|426616|50|208|114|4|7135174|8576582|1586131|967191|6.99|34|4.08|80|188|39|6392.0
202411|CNTY_GU|11|11200|11110000|인천|강남구|역삼동|4611000000|역삼1가|1|70|1|2|7|973|376|376|478|77870|9982.0|5911.0|1846.0|2225.0|7215|5559|1472|3753232.0|2222536.0|694096.0|836600.0|3654118|2231872|514537|256412|56|225|78|31|6514305|8941898|2270309|508904|4.19|30|4.37|119|73|110|2190.0
202411|ADM|47|11170|45110000|경기|수원시|역삼동|2611000000|인계동|2|65|3|2|10|422|410|410|159|87532|37753.0|12511.0|9989.0|15253.0|36414|10728|9100|15478730.0|5129510.0|4095490.0|6253730.0|737710|923511|318135|394409|44|225|81|16|5956918|16670417|712777|1223097|3.85|60|3.13|82|66|174|3960.0
202411|CNTY_GU|27|41110|11200000|경기|서초구|서초동|4115000000|인계동|2|40|0|2|2|574|261|261|829|81642|4391.0|1475.0|549.0|2367.0|4187|1150|447|1146051.0|384975.0|143289.0|617787.0|1351105|1804448|163223|494321|42|118|59|5|9032096|6581158|4888554|289723|3.78|34|3.51|92|168|452|5712.0
202411|ADM|44|46110|43110000|경기|강남구|인계동|1111000000|인계동|2|25|3|1|3|1508|31|31|969|79220|21655.0|17242.0|2538.0|1875.0|18110|13508|2128|671305.0|534502.0|78678.0|58125.0|598029|1282766|823544|439991|5|17|4|1|6662691|4232835|3561377|1244403|5.77|0|3.82|104|0|259|0.0
202411|PRVNC|43|44130|47110000|서울|성남시|역삼동|4111000000|인계동|1|70|0|1|6|1137|2|2|165|24037|2694.0|1033.0|858.0|803.0|1926|960|846|5388.0|2066.0|1716.0|1606.0|1808753|88823|91521|472141|0|1|0|0|8360068|13150004|489628|1353514|5.11|0|1.32|142|0|493|0.0
202411|ADM|27|43110|46110000|대구|수원시|인계동|4711000000|역삼1가|1|40|3|1|9|1313|369|369|805|91345|20159.0|12948.0|4330.0|2881.0|15954|11527|3290|7438671.0|4777812.0|1597770.0|1063089.0|1690303|2613333|201027|276154|57|202|79|33|9649070|955782|2125797|607574|2.21|7|1.29|105|415|411|2905.0
202411|CNTY_GU|46|28110|45110000|부산|서초구|역삼동|1114000000|역삼1가|2|35|0|2|4|1593|490|490|993|50981|19479.0|9046.0|4869.0|5564.0|17564|6908|4273|9544710.0|4432540.0|2385810.0|2726360.0|38291|1479046|648779|135669|115|255|75|40|9320947|16064057|2373342|724712|3.68|41|4.33|5|488|214|20008.0
202411|ADM|46|45110|43110000|부산|서초구|인계동|4413000000|인계동|2|35|0|2|9|1739|288|288|49|62628|19220.0|11100.0|4460.0|3660.0|17202|9198|3569|5535360.0|3196800.0|1284480.0|1054080.0|1651496|79589|460133|141174|56|148|81|27|3943185|12463167|133030|1419486|2.53|18|4.83|132|433|227|7794.0
202411|CNTY_GU|42|47110|26110000|대구|수원시|인계동|1120000000|서초1동|1|50|2|2|3|774|185|185|847|90044|25186.0|17671.0|3381.0|4134.0|17687|17389|3093|4659410.0|3269135.0|625485.0|764790.0|3489416|2716245|547115|449588|21|77|29|11|4552046|8777149|795231|1970099|3.97|8|2.43|79|256|149|2048.0
202411|CNTY_GU|44|11200|11140000|부산|성남시|서초동|4413000000|서초1동|2|55|0|1|4|1278|165|165|823|30745|18689.0|12211.0|6268.0|210.0|14716|8868|5670|3083685.0|2014815.0|1034220.0|34650.0|1338708|549950|940824|51346|22|69|33|15|1479587|3013460|887329|1910702|7.11|22|2.7|100|30|393|660.0
202411|CNTY_GU|27|47110|43110000|경기|수원시|역삼동|4711000000|역삼1가|1|35|1|2|2|20|33|33|192|47042|10397.0|5026.0|2822.0|2549.0|7721|4128|2808|343101.0|165858.0|93126.0|84117.0|4103232|869473|280214|365329|9|13|7|2|6061817|4666488|3971521|1835933|5.62|0|2.71|132|0|215|0.0
202411|CNTY_GU|41|11110|26110000|부산|서초구|인계동|4211000000|인계동|2|25|2|2|3|125|298|298|987|77106|32878.0|14632.0|4266.0|13980.0|26902|10263|4224|9797644.0|4360336.0|1271268.0|4166040.0|1032816|2102291|956409|82020|81|157|64|11|7199764|18474693|1572785|1227558|4.9|20|3.68|75|246|410|4920.0
202411|CNTY_GU|26|43110|26140000|부산|성남시|인계동|4611000000|역삼1가|2|25|0|2|6|485|204|204|732|78243|4429.0|3283.0|1557.0|0.0|4138|2360|1531|903516.0|669732.0|317628.0|0.0|1449428|41108|32306|371910|57|113|42|2|1422548|4237601|2637916|1448140|7.29|6|4.0|62|84|34|504.0
202411|CNTY_GU|44|46110|42110000|부산|수원시|서초동|4111000000|인계동|1|35|0|1|6|1799|281|281|875|35622|0.0|0.0|0.0|0.0|0|0|0|0.0|0.0|0.0|0.0|2386011|1483589|87166|237859|35|130|77|3|4991136|12515651|1744684|1821714|7.91|27|1.51|57|389|208|10503.0
202411|CNTY_GU|26|26140|45110000|부산|강남구|서초동|2611000000|역삼1가|2|70|0|2|3|337|289|289|280|51074|31357.0|16215.0|12332.0|2810.0|27465|15303|11065|9062173.0|4686135.0|3563948.0|812090.0|733293|2473954|609119|337756|85|142|33|15|7155695|19195263|2427718|1243664|7.01|3|1.3|147|206|5|618.0
202411|ADM|45|47110|11140000|부산|서초구|인계동|4511000000|서초1동|2|40|1|1|5|1706|59|59|837|89789|45582.0|32804.0|15708.0|0.0|32107|30171|14188|2689338.0|1935436.0|926772.0|0.0|4161941|334101|251454|372175|6|29|7|4|2963168|18328165|1022254|1815621|7.44|1|4.67|125|395|159|395.0
202411|CNTY_GU|47|41130|47110000|경기|수원시|역삼동|4311000000|역삼1가|1|55|0|2|1|1854|275|275|661|18763|47680.0|25782.0|15485.0|6413.0|41999|19681|15011|13112000.0|7090050.0|4258375.0|1763575.0|3389017|434213|512867|237621|41|143|32|16|7774800|12735485|3123473|78829|5.39|36|1.99|30|439|123|15804.0
202411|CNTY_GU|45|26110|44130000|부산|성남시|역삼동|4211000000|서초1동|2|35|0|1|8|771|318|318|581|33832|48409.0|25076.0|7793.0|15540.0|38223|20546|5551|15394062.0|7974168.0|2478174.0|4941720.0|3115236|2827746|63906|92306|84|188|36|29|7993107|8706505|3105320|1049575|6.87|2|2.32|79|124|415|248.0
202411|ADM|27|42110|47110000|경기|수원시|역삼동|2611000000|역삼1가|1|35|0|1|10|50|178|178|538|44610|17346.0|13558.0|6855.0|0.0|14438|12013|6124|3087588.0|2413324.0|1220190.0|0.0|2234446|837326|32183|491601|22|79|50|0|9844630|10822103|4868104|1687659|6.18|12|4.16|154|24|334|288.0
202411|PRVNC|45|43110|42110000|부산|강남구|역삼동|2711000000|인계동|1|40|3|1|7|636|164|164|565|60140|26624.0|9210.0|8586.0|8828.0|21162|7359|8380|4366336.0|1510440.0|1408104.0|1447792.0|3531486|2147979|858263|376615|19|89|35|13|6913300|5030408|1657247|1166557|7.51|7|4.1|169|157|428|1099.0
202411|ADM|26|41150|46110000|인천|수원시|인계동|4111000000|역삼1가|1|35|2|2|5|707|331|331|480|74705|27882.0|10624.0|7948.0|9310.0|24996|9510|6086|9228942.0|3516544.0|2630788.0|3081610.0|259899|436955|595772|435205|98|153|75|19|4338032|12740821|768685|1349708|4.76|18|3.19|104|62|447|1116.0
202411|ADM|44|26110|11140000|서울|성남시|인계동|4511000000|역삼1가|2|30|2|1|8|839|480|480|331|40149|46389.0|31500.0|14433.0|456.0|37194|25141|10742|22266720.0|15120000.0|6927840.0|218880.0|2472985|2290107|706397|338722|57|284|65|0|543284|17706387|879375|1443652|4.84|38|3.52|50|434|52|16492.0
202411|CNTY_GU|45|11110|45110000|부산|수원시|서초동|4413000000|역삼1가|2|40|0|1|5|1286|181|181|190|96756|49744.0|29937.0|10828.0|8979.0|41174|24535|7671|9003664.0|5418597.0|1959868.0|1625199.0|2065869|2123042|988700|195652|34|103|48|7|8250434|16793809|3694860|1300909|7.09|26|3.47|171|309|66|8034.0
202411|ADM|26|26140|26110000|부산|성남시|역삼동|4211000000|서초1동|2|60|0|1|8|622|410|410|319|57885|19274.0|10231.0|5808.0|3235.0|17407|8838|5696|7902340.0|4194710.0|2381280.0|1326350.0|3681698|2578296|432257|218019|122|201|67|20|9384222|19996799|2254999|549044|7.7|21|4.53|124|377|272|7917.0
202411|CNTY_GU|11|11140|41150000|서울|수원시|역삼동|1117000000|인계동|2|30|0|1|10|1275|13|13|496|90288|48400.0|26664.0|15321.0|6415.0|34508|25234|11652|629200.0|346632.0|199173.0|83395.0|802293|1663136|191480|44661|2|5|3|0|5097925|13792196|799247|436667|6.04|1|1.22|172|116|3|116.0
202411|ADM|27|47110|27110000|대구|수원시|인계동|4115000000|역삼1가|1|35|1|2|9|229|153|153|213|94905|20965.0|16234.0|5211.0|0.0|15969|12664|4200|3207645.0|2483802.0|797283.0|0.0|4920476|1375166|802393|434913|35|68|39|14|398305|18229790|2978921|8218|7.31|18|1.42|35|49|143|882.0
202411|CNTY_GU|44|11110|41130000|경기|서초구|역삼동|2614000000|서초1동|1|70|0|1|8|1341|216|216|636|40997|2100.0|1488.0|632.0|0.0|1869|1323|587|453600.0|321408.0|136512.0|0.0|2859491|1898649|433458|280824|37|111|39|11|5042175|14825744|2506212|1813018|6.88|16|1.22|78|263|250|4208.0
202411|ADM|45|27110|11200000|부산|강남구|인계동|1117000000|인계동|1|25|0|2|6|858|105|105|171|90896|1421.0|1038.0|479.0|0.0|1089|732|460|149205.0|108990.0|50295.0|0.0|1748543|2616602|175899|341620|22|54|20|9|7313974|13628176|3628797|793601|3.22|9|4.43|85|454|322|4086.0
202411|CNTY_GU|11|11110|11200000|인천|서초구|역삼동|4711000000|인계동|2|55|3|2|9|203|257|257|646|58069|26806.0|9006.0|4531.0|13269.0|25523|7188|3694|6889142.0|2314542.0|1164467.0|3410133.0|334720|1887127|344284|207078|73|127|26|18|3604024|9071609|4711002|1154860|7.62|1|3.28|118|384|75|384.0
202411|ADM|41|27110|41150000|부산|성남시|역삼동|4115000000|인계동|2|65|0|2|5|140|442|442|252|85592|34212.0|21104.0|8253.0|4855.0|28001|16279|6859|15121704.0|9327968.0|3647826.0|2145910.0|3333335|1565371|940245|119635|84|231|111|39|719872|13792938|3997446|142034|2.92|52|4.79|141|309|253|16068.0
202411|CNTY_GU|44|11170|41130000|서울|수원시|역삼동|1114000000|서초1동|1|60|2|1|1|1146|68|68|420|95571|11515.0|9158.0|2874.0|0.0|10653|8085|2673|783020.0|622744.0|195432.0|0.0|666844|1988073|46811|19487|11|34|17|2|2396024|3755274|750449|437618|5.67|5|3.6|22|383|113|1915.0
202411|ADM|45|11200|26140000|서울|서초구|역삼동|1111000000|역삼1가|1|30|0|2|5|731|293|293|945|55401|48340.0|30303.0|18273.0|0.0|40219|26931|13570|14163620.0|8878779.0|5353989.0|0.0|838401|998938|181028|351762|46|161|40|15|2595687|7632173|598472|212675|2.75|43|1.17|108|109|261|4687.0
202411|CNTY_GU|41|27110|44130000|부산|수원시|인계동|1114000000|역삼1가|1|50|1|1|6|902|253|253|747|26191|33154.0|15905.0|8868.0|8381.0|28088|12183|8477|8387962.0|4023965.0|2243604.0|2120393.0|380345|2682181|650637|266090|30|141|72|2|9253657|1186704|1016328|1621066|3.99|19|2.31|29|470|188|8930.0
202411|CNTY_GU|47|41110|41110000|서울|성남시|서초동|2611000000|인계동|2|20|3|2|7|120|211|211|62|48223|1054.0|391.0|197.0|466.0|772|375|138|222394.0|82501.0|41567.0|98326.0|399575|2222285|609449|122167|43|92|50|6|526739|13903322|849572|789606|6.73|22|1.42|157|417|402|9174.0
202411|CNTY_GU|45|43110|43110000|인천|서초구|서초동|2611000000|서초1동|1|50|1|1|4|1913|243|243|144|37673|36099.0|12701.0|14274.0|9124.0|25284|9283|12796|8772057.0|3086343.0|3468582.0|2217132.0|675366|2725801|824494|405508|57|125|28|18|8399622|11285125|1781575|753507|4.33|0|2.49|66|0|65|0.0
202411|CNTY_GU|26|43110|41110000|인천|강남구|역삼동|4711000000|역삼1가|2|35|3|1|8|1729|105|105|7|70876|30055.0|19767.0|4199.0|6089.0|22027|19240|4044|3155775.0|2075535.0|440895.0|639345.0|3788601|1572696|447241|378339|30|48|15|7|8267892|2617743|1634918|23564|2.03|1|4.17|146|129|325|129.0
202411|ADM|11|26110|11200000|서울|수원시|인계동|4711000000|서초1동|1|50|2|2|1|957|173|173|856|30638|26145.0|19666.0|3899.0|2580.0|20784|14213|3803|4523085.0|3402218.0|674527.0|446340.0|2664143|921598|59851|78323|39|90|21|2|7763998|13648390|3669069|1147993|2.84|11|3.06|35|438|343|4818.0
202411|PRVNC|47|27110|27110000|서울|서초구|인계동|1117000000|역삼1가|1|25|1|1|1|512|379|379|960|28940|35702.0|16453.0|11072.0|8177.0|30732|13017|10083|13531058.0|6235687.0|4196288.0|3099083.0|532285|1126529|249081|3156|69|151|63|26|5345405|17365228|490308|626436|4.0|5|3.53|105|49|499|245.0
202411|ADM|26|41150|26140000|서울|서초구|서초동|2614000000|인계동|2|35|3|1|5|1183|42|42|847|56858|23043.0|17859.0|4512.0|672.0|19369|17603|4095|967806.0|750078.0|189504.0|28224.0|4820318|549608|222413|170190|8|22|9|3|7240150|11940090|4407313|716947|4.81|4|3.16|55|124|115|496.0
202411|ADM|46|42110|11110000|인천|성남시|역삼동|1117000000|서초1동|2|20|0|1|3|910|286|286|877|58329|41100.0|15490.0|11911.0|13699.0|29621|14381|10999|11754600.0|4430140.0|3406546.0|3917914.0|947606|2263743|358469|118492|33|169|39|11|8356378|7884876|197629|715|2.82|19|4.86|84|234|316|4446.0
202411|CNTY_GU|43|11170|26140000|부산|성남시|인계동|4115000000|역삼1가|1|30|0|2|2|1434|48|48|368|26620|38632.0|13194.0|8724.0|16714.0|29745|12643|8384|1854336.0|633312.0|418752.0|802272.0|980502|169962|276905|7319|7|21|4|3|2984955|1324803|566934|70206|3.0|4|1.57|45|39|213|156.0
202411|ADM|44|26110|41110000|부산|수원시|역삼동|2614000000|서초1동|1|20|0|2|3|1902|267|267|766|58177|46140.0|20547.0|17686.0|7907.0|36033|14390|16024|12319380.0|5486049.0|4722162.0|2111169.0|4783565|753849|933018|231282|47|156|41|26|3580414|13860841|2718008|749170|7.39|11|2.82|61|362|482|3982.0
202411|CNTY_GU|26|26140|42110000|인천|수원시|역삼동|4711000000|인계동|1|40|2|1|7|1912|205|205|208|72994|41174.0|29561.0|14465.0|0.0|38203|21705|11832|8440670.0|6060005.0|2965325.0|0.0|3319835|454095|995879|199262|53|120|22|13|5186532|2581977|3700758|1306870|5.46|5|2.17|102|380|387|1900.0
202411|ADM|44|28110|41130000|경기|수원시|서초동|4413000000|인계동|2|40|0|1|1|985|7|7|178|20962|28163.0|13274.0|6749.0|8140.0|23976|9428|5093|197141.0|92918.0|47243.0|56980.0|4639564|166567|380072|462303|1|3|1|0|2191212|6735931|2244011|1134856|6.25|0|1.29|107|0|400|0.0
202411|CNTY_GU|11|41150|41150000|대구|성남시|인계동|4113000000|서초1동|2|50|1|1|5|1660|231|231|578|76436|39643.0|31185.0|15812.0|0.0|34894|25282|15428|9157533.0|7203735.0|3652572.0|0.0|4729152|693585|229354|462030|60|136|41|18|1960448|3132971|4540597|1762572|4.31|11|1.41|42|401|147|4411.0
202411|CNTY_GU|41|11200|26140000|부산|강남구|서초동|4111000000|서초1동|2|45|0|1|10|506|180|180|442|23482|16698.0|6882.0|6112.0|3704.0|15558|5028|5193|3005640.0|1238760.0|1100160.0|666720.0|4890769|2892770|877934|76941|18|81|42|1|1564992|2677977|217084|171747|6.44|7|2.62|111|294|82|2058.0
202411|CNTY_GU|46|43110|43110000|경기|서초구|서초동|4711000000|인계동|1|40|0|1|3|234|34|34|898|74583|19200.0|8123.0|4701.0|6376.0|17567|5952|4392|652800.0|276182.0|159834.0|216784.0|3823883|2078290|869849|460001|3|19|5|0|1516616|2851965|604879|592019|4.79|0|1.49|93|0|73|0.0
202411|CNTY_GU|11|27110|43110000|대구|성남시|인계동|4211000000|서초1동|2|25|2|2|4|279|146|146|912|15179|23433.0|7634.0|7045.0|8754.0|19850|6205|6161|3421218.0|1114564.0|1028570.0|1278084.0|656020|2067329|68224|490856|32|64|17|8|6353523|15862359|4541988|1861689|2.18|17|2.93|113|134|16|2278.0
202411|CNTY_GU|45|41110|47110000|서울|성남시|인계동|4115000000|역삼1가|1|60|0|1|6|711|77|77|263|15117|196.0|126.0|32.0|38.0|187|106|29|15092.0|9702.0|2464.0|2926.0|3195455|871810|967343|169184|7|36|14|3|9073697|18873436|4256484|1361550|4.99|2|4.89|32|404|325|808.0
202411|PRVNC|43|26140|41130000|서울|강남구|서초동|4111000000|서초1동|2|65|1|1|3|1884|315|315|231|62921|48101.0|15916.0|12030.0|20155.0|43442|15247|8530|15151815.0|5013540.0|3789450.0|6348825.0|4265174|2361412|478692|256372|34|131|73|27|7204762|3620148|1695926|760126|5.95|8|1.67|165|466|80|3728.0
202411|CNTY_GU|11|11200|11110000|부산|서초구|역삼동|4413000000|인계동|1|25|2|2|5|472|198|198|778|14884|11924.0|7269.0|3268.0|1387.0|10237|5669|2773|2360952.0|1439262.0|647064.0|274626.0|2948443|2522229|222908|305587|29|95|38|2|5086040|13350623|2442061|778153|6.97|21|2.98|5|490|446|10290.0
202411|ADM|26|26140|41130000|서울|성남시|서초동|4113000000|서초1동|2|35|2|2|7|1697|316|316|623|83248|46381.0|16464.0|9793.0|20124.0|33273|14604|9543|14656396.0|5202624.0|3094588.0|6359184.0|809768|1302741|747722|195440|89|161|60|24|2109729|14771266|4301375|732158|6.01|42|3.2|17|432|442|18144.0
202411|ADM|11|47110|26110000|인천|서초구|역삼동|4115000000|인계동|1|50|0|1|8|221|132|132|924|85683|19256.0|12494.0|6351.0|411.0|17442|11440|5750|2541792.0|1649208.0|838332.0|54252.0|3102438|2165416|706092|3125|29|54|38|8|5937843|2426080|3779909|359449|2.07|16|2.42|71|156|371|2496.0
202411|CNTY_GU|41|46110|47110000|서울|수원시|서초동|1120000000|역삼1가|2|25|3|2|3|1373|146|146|731|90592|1755.0|722.0|239.0|794.0|1642|541|229|256230.0|105412.0|34894.0|115924.0|4389034|2241582|692762|82610|31|81|33|3|764865|573381|3553501|1698550|2.25|2|4.36|33|407|189|814.0
202411|CNTY_GU|41|41130|45110000|부산|서초구|인계동|4211000000|서초1동|2|45|1|1|7|1068|373|373|187|68315|7711.0|4091.0|2072.0|1548.0|7087|3585|1615|2876203.0|1525943.0|772856.0|577404.0|2335401|2540419|166266|38138|69|182|91|29|1499249|100062|1935841|1707186|3.19|31|3.41|124|164|472|5084.0
202411|ADM|41|28110|46110000|인천|강남구|서초동|4413000000|역삼1가|1|30|0|2|8|1414|443|443|973|90567|48956.0|18863.0|18098.0|11995.0|37890|15909|13815|21687508.0|8356309.0|8017414.0|5313785.0|2743589|969265|472755|28320|98|187|107|12|8867610|12739376|1050223|977778|7.77|29|4.46|57|497|383|14413.0
202411|ADM|41|45110|44130000|대구|수원시|역삼동|4413000000|서초1동|1|50|3|1|7|1655|478|478|282|64412|25486.0|8510.0|4267.0|12709.0|19848|6379|3956|12182308.0|4067780.0|2039626.0|6074902.0|820626|430036|717303|219570|107|255|67|32|8960102|7007000|4418397|1023865|7.27|21|3.96|101|492|408|10332.0
202411|CNTY_GU|47|41110|11200000|대구|강남구|서초동|1114000000|인계동|2|30|1|2|7|1025|76|76|123|60677|33324.0|23792.0|12252.0|0.0|28152|17743|12167|2532624.0|1808192.0|931152.0|0.0|4365412|2760344|557523|100754|10|33|8|5|3191460|5292296|2224747|1668110|3.96|1|3.89|161|485|237|485.0
202411|CNTY_GU|27|27110|27110000|대구|성남시|서초동|1114000000|인계동|2|25|0|2|8|30|55|55|675|34172|44958.0|18342.0|10216.0|16400.0|43750|17800|9003|2472690.0|1008810.0|561880.0|902000.0|3258815|2640461|779226|174849|8|30|5|2|4458417|4351325|2915227|396358|2.51|2|2.89|99|235|483|470.0
202411|ADM|45|44130|26140000|경기|강남구|역삼동|2614000000|서초1동|2|60|0|1|3|772|153|153|493|41651|29366.0|10476.0|6049.0|12841.0|24394|8783|5541|4492998.0|1602828.0|925497.0|1964673.0|179895|2612120|189863|371632|19|77|44|9|4555680|15551027|3495356|52910|5.31|2|2.98|14|446|304|892.0
202411|PRVNC|27|41150|44130000|부산|서초구|서초동|4511000000|인계동|2|25|3|2|9|1523|190|190|387|59029|30286.0|14842.0|4168.0|11276.0|23973|11595|3348|5754340.0|2819980.0|791920.0|2142440.0|3198085|1038353|565768|291951|29|81|31|0|3424800|5889930|1812541|1279133|7.88|28|4.14|144|447|301|12516.0
202411|CNTY_GU|45|47110|26110000|부산|강남구|역삼동|4611000000|역삼1가|1|45|3|1|8|1383|114|114|405|56824|88.0|51.0|15.0|22.0|87|40|12|10032.0|5814.0|1710.0|2508.0|4808205|747253|878181|207766|24|53|22|6|4610608|16051150|3212922|1356487|5.16|16|3.36|42|213|400|3408.0
202411|ADM|41|11140|45110000|서울|성남시|역삼동|1111000000|역삼1가|1|65|0|1|1|1498|40|40|363|20949|24213.0|17764.0|4333.0|2116.0|19499|16045|3092|968520.0|710560.0|173320.0|84640.0|2327701|708774|175250|365398|10|17|7|2|9322111|13578410|460925|136642|4.78|0|4.55|157|0|186|0.0
202411|PRVNC|46|11170|26140000|부산|수원시|역삼동|4511000000|인계동|2|65|0|1|2|541|1|1|808|73535|4798.0|2160.0|1007.0|1631.0|4104|1567|866|4798.0|2160.0|1007.0|1631.0|1563130|2336620|677053|43191|0|0|0|0|6924964|19220395|3831002|1879504|5.25|0|1.24|94|0|77|0.0
202411|CNTY_GU|43|42110|11170000|서울|성남시|서초동|4111000000|인계동|2|55|1|1|6|1573|126|126|37|98669|46275.0|28046.0|17103.0|1126.0|37535|23847|14042|5830650.0|3533796.0|2154978.0|141876.0|3768523|4490|380059|375736|32|59|35|3|2811788|14839190|3810542|1590837|3.02|3|4.73|52|493|275|1479.0
202411|CNTY_GU|44|26140|11200000|인천|성남시|서초동|4711000000|서초1동|2|50|2|2|8|151|348|348|495|77366|34989.0|13416.0|5694.0|15879.0|34921|12253|4307|12176172.0|4668768.0|1981512.0|5525892.0|3501027|928302|62763|240669|82|200|76|28|7098721|16620312|1290230|920919|5.67|48|2.66|170|314|136|15072.0
202411|ADM|26|42110|27110000|서울|성남시|인계동|4211000000|역삼1가|1|55|1|2|5|1808|373|373|701|23688|13362.0|6341.0|3307.0|3714.0|10746|5313|2361|4984026.0|2365193.0|1233511.0|1385322.0|3713463|654728|413715|359981|95|159|52|4|9994078|13077724|1248770|778494|3.94|45|2.79|131|357|445|16065.0
202411|ADM|43|26110|42110000|부산|수원시|인계동|4611000000|역삼1가|1|60|3|1|2|200|29|29|658|15948|8758.0|5635.0|1919.0|1204.0|6912|4771|1669|253982.0|163415.0|55651.0|34916.0|1407293|487630|181067|327679|4|17|7|0|8772445|10437081|1528197|253538|2.4|3|3.86|95|386|92|1158.0
202411|PRVNC|11|44130|41110000|서울|강남구|역삼동|2611000000|서초1동|1|50|1|1|1|1043|332|332|421|37409|30858.0|16054.0|8353.0|6451.0|23563|13583|6124|10244856.0|5329928.0|2773196.0|2141732.0|4719286|1551609|89196|438866|70|198|65|10|9631769|1126340|243931|216957|7.61|35|3.54|71|415|387|14525.0
202411|CNTY_GU|11|41110|11200000|서울|성남시|서초동|2614000000|역삼1가|1|30|3|2|10|1671|397|397|102|19140|22812.0|15702.0|6296.0|814.0|17219|14001|6169|9056364.0|6233694.0|2499512.0|323158.0|1147327|111540|520824|319562|95|206|69|2|745344|2677733|3222933|683500|4.41|17|4.79|117|86|353|1462.0
202411|PRVNC|27|26110|26110000|서울|강남구|서초동|2614000000|서초1동|1|45|0|2|1|111|467|467|431|38771|13696.0|7976.0|1813.0|3907.0|10879|6463|1340|6396032.0|3724792.0|846671.0|1824569.0|473557|1187257|233236|328824|136|187|105|12|9503633|11978338|1474501|602538|2.39|37|2.67|93|238|15|8806.0
202411|ADM|47|11110|46110000|부산|성남시|인계동|2811000000|인계동|2|55|1|2|1|168|182|182|585|30198|15492.0|8147.0|3243.0|4102.0|12528|6949|2784|2819544.0|1482754.0|590226.0|746564.0|4895041|2465443|124758|358727|25|87|50|14|9609718|16679239|2936242|1983765|2.11|13|1.2|106|27|386|351.0
202411|ADM|44|45110|42110000|인천|서초구|역삼동|4113000000|역삼1가|2|25|2|2|3|1877|319|319|230|37072|12380.0|8868.0|4468.0|0.0|11737|6487|3915|3949220.0|2828892.0|1425292.0|0.0|4366162|258448|851284|38538|71|130|69|5|9536027|5622258|3512648|123036|7.58|25|4.66|49|66|285|1650.0
202411|ADM|46|44130|11110000|부산|성남시|인계동|1120000000|인계동|1|20|2|2|10|1103|394|394|159|65092|31483.0|21011.0|9730.0|742.0|28114|15654|7170|12404302.0|8278334.0|3833620.0|292348.0|3431424|926153|69045|16772|74|178|103|5|716856|9266835|4947878|993151|2.96|20|1.68|18|66|422|1320.0
202411|PRVNC|45|46110|41130000|부산|강남구|인계동|1111000000|역삼1가|1|20|0|1|5|1349|175|175|465|41204|23210.0|9942.0|3204.0|10064.0|16988|7416|2683|4061750.0|1739850.0|560700.0|1761200.0|1795607|103440|558517|17809|30|100|48|8|4343933|7083429|1637099|1312700|3.0|20|1.97|23|254|31|5080.0
202411|PRVNC|11|11170|41130000|경기|수원시|인계동|1120000000|역삼1가|2|35|1|1|3|750|215|215|194|82852|23284.0|16404.0|6202.0|678.0|20886|12738|5055|5006060.0|3526860.0|1333430.0|145770.0|560577|170582|381723|471839|49|125|22|5|8230668|13019764|3207407|1070201|5.54|28|4.7|70|368|392|10304.0
202411|CNTY_GU|27|41150|43110000|인천|강남구|역삼동|4311000000|인계동|1|40|2|2|1|419|129|129|812|84108|40177.0|28597.0|6069.0|5511.0|28231|22210|5375|5182833.0|3689013.0|782901.0|710919.0|4792471|711399|616564|470755|35|65|24|8|555639|16509600|4684398|967107|2.1|9|4.92|40|180|83|1620.0
202411|ADM|45|26140|46110000|인천|성남시|인계동|4511000000|서초1동|1|35|1|1|5|975|33|33|553|32885|48085.0|26431.0|17874.0|3780.0|43495|21252|14592|1586805.0|872223.0|589842.0|124740.0|3980714|1618359|123100|488559|9|15|8|0|2028187|6627243|4367812|1973909|4.47|1|3.17|23|211|261|211.0
202411|ADM|11|26110|11170000|부산|서초구|서초동|2711000000|역삼1가|2|70|0|2|7|1661|429|429|155|91826|15517.0|11050.0|1605.0|2862.0|11663|10743|1551|6656793.0|4740450.0|688545.0|1227798.0|1115755|2404571|909874|3929|90|197|66|8|1749415|15833390|967003|1576447|2.08|26|4.31|33|419|369|10894.0
202411|PRVNC|42|44130|11110000|경기|성남시|인계동|4111000000|서초1동|2|20|3|1|4|1646|68|68|951|74919|41281.0|25477.0|11357.0|4447.0|33313|19644|9687|2807108.0|1732436.0|772276.0|302396.0|1435567|1315290|47589|474390|7|30|11|6|4738175|12611275|2096221|814458|4.51|7|4.04|149|324|199|2268.0
202411|ADM|43|26140|26140000|부산|성남시|인계동|4711000000|서초1동|1|50|0|1|8|573|192|192|198|70832|21160.0|10552.0|8329.0|2279.0|15809|8654|8102|4062720.0|2025984.0|1599168.0|437568.0|3111266|1122731|814890|189735|31|107|36|12|5626556|9076513|4098469|1125365|2.85|8|3.56|92|145|251|1160.0
202411|ADM|46|44130|43110000|인천|서초구|인계동|2611000000|인계동|1|40|1|2|9|659|399|399|724|91771|19532.0|7809.0|4895.0|6828.0|13853|6527|4363|7793268.0|3115791.0|1953105.0|2724372.0|2972482|1977927|718641|379512|95|215|53|13|440248|6534571|2765234|3037|6.36|17|3.21|95|38|334|646.0
202411|ADM|44|11170|43110000|부산|서초구|서초동|4711000000|인계동|2|30|0|1|6|1193|126|126|765|10165|17254.0|6968.0|6397.0|3889.0|15801|5202|6025|2174004.0|877968.0|806022.0|490014.0|3554692|2458282|33886|466474|16|75|19|6|752405|7160953|4007699|1409890|2.99|4|4.71|102|152|118|608.0
202411|PRVNC|11|11140|11140000|대구|수원시|인계동|4311000000|서초1동|1|30|0|1|10|1850|4|4|753|35984|22889.0|13283.0|2930.0|6676.0|22234|11883|2343|91556.0|53132.0|11720.0|26704.0|2808364|2040720|242998|422560|0|2|1|0|3469094|2796562|2523275|832118|2.26|0|3.58|156|0|470|0.0
202411|ADM|42|27110|46110000|인천|서초구|서초동|1114000000|역삼1가|1|40|2|1|7|736|368|368|921|92048|26530.0|17245.0|6658.0|2627.0|21926|16714|6482|9763040.0|6346160.0|2450144.0|966736.0|984159|2783418|686333|433531|78|148|100|8|6847226|10300476|2200119|1417818|3.27|12|1.65|83|238|398|2856.0
202411|CNTY_GU|44|11170|41150000|부산|성남시|인계동|2811000000|역삼1가|1|55|1|1|9|602|484|484|380|78794|45763.0|32919.0|13674.0|0.0|39851|24287|11782|22149292.0|15932796.0|6618216.0|0.0|884366|2841489|492262|319039|100|251|130|15|5033280|6447979|3584365|1820998|7.27|42|3.99|74|286|483|12012.0
202411|CNTY_GU|45|26110|28110000|경기|강남구|서초동|4111000000|서초1동|1|65|1|2|1|1629|490|490|338|87920|28608.0|11997.0|9578.0|7033.0|23933|8634|7781|14017920.0|5878530.0|4693220.0|3446170.0|3902868|1564198|884065|494051|70|259|72|24|2749569|17930947|2055387|1972895|3.7|25|3.1|172|129|270|3225.0
202411|ADM|41|41110|41110000|서울|서초구|역삼동|2611000000|역삼1가|2|40|0|2|10|1274|76|76|975|24934|28217.0|14016.0|6138.0|8063.0|22483|10156|5869|2144492.0|1065216.0|466488.0|612788.0|3881690|551579|112137|312100|15|32|18|2|4410491|17089532|2875469|1079458|6.41|1|1.11|157|285|335|285.0
202411|ADM|47|41130|41150000|서울|수원시|역삼동|4611000000|서초1동|1|65|2|1|1|1341|476|476|0|30704|27826.0|8809.0|9253.0|9764.0|20246|6698|7148|13245176.0|4193084.0|4404428.0|4647664.0|3956442|960123|132505|457818|53|259|97|37|9083691|14165352|2473382|445736|5.12|3|4.96|52|259|99|777.0
202411|ADM|47|43110|41110000|인천|수원시|서초동|4311000000|인계동|2|40|1|2|9|765|216|216|183|75388|4620.0|1748.0|1621.0|1251.0|4289|1286|1366|997920.0|377568.0|350136.0|270216.0|4821717|2643388|408734|190317|27|92|28|6|8563173|230784|1004235|283576|5.41|14|2.89|8|61|362|854.0
202411|ADM|47|44130|41110000|대구|성남시|인계동|4511000000|인계동|1|20|0|1|2|695|39|39|671|98423|27298.0|20671.0|10539.0|0.0|26145|16757|7395|1064622.0|806169.0|411021.0|0.0|1588295|1961425|939158|294566|9|22|9|2|2542998|3607091|1111891|1767625|6.23|0|4.05|138|0|228|0.0
202411|ADM|42|11170|41130000|부산|강남구|역삼동|4111000000|인계동|1|55|3|1|6|939|465|465|356|10621|32736.0|17387.0|11286.0|4063.0|31478|13915|10675|15222240.0|8084955.0|5247990.0|1889295.0|1294359|131114|647180|155552|80|237|128|32|9029528|16864063|2619426|1283128|3.1|34|4.26|66|335|243|11390.0
202411|ADM|42|11170|11140000|경기|서초구|인계동|1114000000|인계동|2|25|1|1|4|664|312|312|178|98269|7353.0|2974.0|2659.0|1720.0|7236|2209|1881|2294136.0|927888.0|829608.0|536640.0|3354759|2652890|948941|306429|57|166|72|23|1595570|15803855|2247757|1413583|5.13|9|2.69|54|484|325|4356.0
202411|CNTY_GU|41|41110|11140000|대구|성남시|역삼동|4115000000|역삼1가|2|40|0|1|10|923|250|250|892|93027|14071.0|9650.0|3533.0|888.0|11141|9558|3014|3517750.0|2412500.0|883250.0|222000.0|4962764|380996|361620|188508|47|126|27|13|2468846|2737309|42231|363508|5.56|11|4.87|83|481|290|5291.0
202411|PRVNC|46|46110|11170000|대구|서초구|서초동|2614000000|서초1동|2|70|3|2|8|821|64|64|38|74705|5461.0|4251.0|1519.0|0.0|4082|3154|1437|349504.0|272064.0|97216.0|0.0|3074568|1894360|744662|317273|18|29|9|0|8028961|3964432|3462724|821537|3.18|6|3.29|173|83|13|498.0
202411|CNTY_GU|42|44130|28110000|인천|수원시|인계동|4115000000|역삼1가|2|50|0|2|10|63|336|336|571|29717|32118.0|19725.0|4485.0|7908.0|30012|17916|4362|10791648.0|6627600.0|1506960.0|2657088.0|3717941|2561781|63047|65006|52|188|80|14|5345818|19270452|3109177|1599963|4.19|6|1.37|125|152|465|912.0
202411|PRVNC|47|42110|26140000|대구|서초구|인계동|4311000000|역삼1가|1|40|0|2|9|1072|155|155|252|55627|19908.0|11532.0|4580.0|3796.0|14422|8282|3272|3085740.0|1787460.0|709900.0|588380.0|3035124|1861264|167501|79051|24|81|19|8|1601574|9717992|4577811|593812|6.49|3|4.61|89|337|429|1011.0
202411|ADM|26|46110|43110000|경기|서초구|인계동|2614000000|역삼1가|2|45|2|1|7|456|202|202|114|25724|43910.0|31256.0|10222.0|2432.0|38942|25106|8209|8869820.0|6313712.0|2064844.0|491264.0|5927|2325777|454855|268733|38|96|20|0|628785|14273117|4938731|458089|5.28|7|2.29|113|326|315|2282.0
202411|CNTY_GU|27|43110|11140000|경기|수원시|인계동|4311000000|서초1동|1|45|0|1|10|1755|93|93|292|40169|13467.0|6305.0|4928.0|2234.0|12841|5932|3776|1252431.0|586365.0|458304.0|207762.0|2112193|2128783|653800|20987|17|38|20|1|4915606|6057420|2890999|1225589|4.42|12|2.66|162|32|150|384.0
202411|CNTY_GU|44|11140|11110000|경기|서초구|역삼동|4211000000|인계동|2|55|1|2|1|1000|44|44|526|61541|45565.0|29306.0|4655.0|11604.0|33120|27093|3644|2004860.0|1289464.0|204820.0|510576.0|1158292|1533061|570390|297080|7|22|12|0|917378|4452569|3344509|1972790|5.23|1|3.94|6|113|122|113.0
202411|ADM|27|11140|47110000|부산|서초구|인계동|2811000000|서초1동|1|40|2|2|8|93|164|164|656|46323|29738.0|13212.0|8292.0|8234.0|23523|11815|6184|4877032.0|2166768.0|1359888.0|1350376.0|3352084|2644694|778905|403774|48|83|39|13|3682712|9434199|3743310|1312166|4.5|2|3.19|47|366|277|732.0
202411|ADM|41|47110|45110000|인천|성남시|서초동|1111000000|인계동|1|50|1|2|10|1951|418|418|336|54256|23108.0|9902.0|3821.0|9385.0|17225|8937|3547|9659144.0|4139036.0|1597178.0|3922930.0|794847|1453872|902121|64412|76|222|44|18|4791153|15196637|2879150|1560482|7.29|2|2.22|156|465|442|930.0
202411|CNTY_GU|43|47110|46110000|대구|성남시|역삼동|2711000000|인계동|1|25|0|1|7|272|121|121|860|59510|0.0|0.0|0.0|0.0|0|0|0|0.0|0.0|0.0|0.0|3341989|2492525|665712|302119|26|57|28|0|6267276|19978534|252625|935959|2.68|12|3.57|11|218|389|2616.0
202411|PRVNC|42|26110|46110000|경기|수원시|서초동|1120000000|역삼1가|2|50|1|2|3|237|402|402|594|69508|8489.0|6527.0|1450.0|512.0|7532|6199|1367|3412578.0|2623854.0|582900.0|205824.0|4195963|2008037|599862|408516|112|184|91|17|9544882|11777613|2245993|825023|2.06|18|2.76|133|332|272|5976.0
202411|ADM|42|41150|44130000|인천|성남시|인계동|4511000000|서초1동|2|55|2|2|10|1922|203|203|262|68590|6075.0|1871.0|1798.0|2406.0|5948|1530|1274|1233225.0|379813.0|364994.0|488418.0|41662|1010952|308296|388664|20|85|53|10|8925033|8646958|439932|920247|7.26|27|3.7|51|181|352|4887.0
202411|PRVNC|45|11200|41110000|인천|서초구|서초동|4211000000|인계동|2|25|1|1|5|1101|245|245|127|39541|216.0|107.0|55.0|54.0|159|81|43|52920.0|26215.0|13475.0|13230.0|1180811|1883242|873371|233112|29|128|54|3|3168519|6954645|2113610|271747|4.43|13|2.16|49|175|259|2275.0
202411|ADM|45|28110|43110000|인천|강남구|서초동|4115000000|역삼1가|2|65|0|1|5|1933|209|209|427|34854|48366.0|27857.0|10397.0|10112.0|45018|20591|9507|10108494.0|5822113.0|2172973.0|2113408.0|279691|759558|733313|265733|26|92|60|2|3430239|17671015|1481803|163043|3.18|18|4.7|55|65|216|1170.0
202411|ADM|43|46110|47110000|서울|성남시|서초동|4115000000|역삼1가|2|35|1|1|1|825|423|423|451|69195|41571.0|25906.0|5498.0|10167.0|34483|24187|4890|17584533.0|10958238.0|2325654.0|4300641.0|3889806|2082859|930666|448076|69|224|71|17|3415025|18421855|2551208|459868|6.53|32|2.17|101|189|323|6048.0
202411|ADM|41|44130|27110000|부산|성남시|서초동|2811000000|서초1동|1|45|0|1|2|800|270|270|804|53785|21758.0|12769.0|8316.0|673.0|17870|10034|6832|5874660.0|3447630.0|2245320.0|181710.0|4763702|1729816|974612|300187|30|126|76|5|976794|9336568|87718|1468277|5.44|36|3.04|64|15|272|540.0
202411|ADM|11|46110|42110000|인천|성남시|역삼동|1120000000|서초1동|1|35|3|2|9|912|110|110|110|97209|3560.0|2065.0|1419.0|76.0|2820|1681|1293|391600.0|227150.0|156090.0|8360.0|3103128|1951501|698230|371901|24|55|23|8|750141|6474113|4505565|824571|4.01|12|3.07|7|267|291|3204.0
202411|CNTY_GU|45|44130|27110000|서울|성남시|역삼동|1117000000|인계동|1|20|3|2|5|1055|497|497|957|86874|12148.0|7945.0|1781.0|2422.0|10310|6407|1504|6037556.0|3948665.0|885157.0|1203734.0|2860700|731979|289470|229268|105|255|146|30|89649|3903056|528237|1260716|7.49|17|3.53|20|87|269|1479.0
202411|ADM|46|46110|11200000|서울|수원시|서초동|2611000000|인계동|2|70|2|1|1|1348|92|92|743|96567|19559.0|6019.0|3542.0|9998.0|16708|5263|2840|1799428.0|553748.0|325864.0|919816.0|2274650|2447228|833684|461124|9|41|26|3|5132319|17110251|2156886|808357|4.08|0|4.2|43|0|146|0.0
202411|CNTY_GU|41|11170|47110000|서울|서초구|서초동|4311000000|역삼1가|1|45|0|2|2|61|41|41|91|25496|40834.0|12579.0|9303.0|18952.0|36039|12243|9160|1674194.0|515739.0|381423.0|777032.0|4310914|1233870|616479|52253|9|21|10|3|189116|13354069|1841520|1084384|4.25|5|3.99|64|81|12|405.0
202411|CNTY_GU|44|11110|44130000|인천|수원시|서초동|4113000000|서초1동|1|65|1|1|1|1281|150|150|215|35424|37015.0|12172.0|13349.0|11494.0|36783|11255|11288|5552250.0|1825800.0|2002350.0|1724100.0|3921687|2899516|480765|398395|28|66|25|5|7910352|18914249|2779897|1159514|7.65|4|2.3|131|92|4|368.0
202411|PRVNC|11|41130|45110000|부산|수원시|서초동|4413000000|서초1동|1|50|1|1|4|27|134|134|567|96101|14105.0|7235.0|1845.0|5025.0|12281|5065|1359|1890070.0|969490.0|247230.0|673350.0|1081003|1124554|562930|152292|23|62|13|6|9040253|7348899|1993193|471243|2.87|4|1.25|136|83|466|332.0
202411|CNTY_GU|43|45110|44130000|대구|수원시|서초동|4413000000|역삼1가|2|35|2|2|6|186|219|219|549|69366|7414.0|2930.0|2487.0|1997.0|5914|2840|1866|1623666.0|641670.0|544653.0|437343.0|2901506|1605937|443158|41728|65|112|47|11|7063246|18204050|3013848|495373|4.83|28|4.75|162|60|431|1680.0
202411|ADM|41|11110|11110000|인천|강남구|역삼동|1120000000|역삼1가|1|55|2|2|3|324|183|183|349|97067|37296.0|15233.0|12996.0|9067.0|27479|12037|12707|6825168.0|2787639.0|2378268.0|1659261.0|3040813|1094076|296071|350099|20|79|28|16|4244447|11785844|1686790|400053|3.19|25|2.1|86|208|384|5200.0
202411|ADM|47|47110|26140000|대구|수원시|역삼동|2614000000|역삼1가|2|45|0|1|9|1935|300|300|954|29799|8932.0|6062.0|2702.0|168.0|7766|4868|2005|2679600.0|1818600.0|810600.0|50400.0|2584871|1793813|347925|130145|46|178|46|4|4709989|15573727|601807|1456843|6.9|15|3.05|101|103|282|1545.0
202411|ADM|11|42110|26140000|대구|서초구|역삼동|1111000000|서초1동|2|45|3|1|2|1727|258|258|820|16141|38984.0|24002.0|12148.0|2834.0|27653|18337|10638|10057872.0|6192516.0|3134184.0|731172.0|2026730|2996878|93055|255875|65|154|39|15|5848066|8265011|3954452|690716|7.18|5|4.64|163|69|316|345.0
202411|ADM|41|41110|41130000|서울|수원시|인계동|1111000000|서초1동|2|40|1|1|9|1028|5|5|0|59020|35100.0|11385.0|4833.0|18882.0|33054|10056|3498|175500.0|56925.0|24165.0|94410.0|4886157|1180177|926521|289720|1|2|1|0|4592555|19969211|1165356|253928|4.67|0|1.36|141|0|42|0.0
202411|ADM|42|46110|26110000|경기|서초구|인계동|2611000000|역삼1가|2|25|1|1|5|961|383|383|590|33620|42839.0|33858.0|6065.0|2916.0|31377|24133|5165|16407337.0|12967614.0|2322895.0|1116828.0|500002|1924769|64382|451117|107|179|68|1|5314824|19330514|870545|926245|7.51|48|3.54|74|297|446|14256.0
202411|CNTY_GU|11|41130|44130000|인천|강남구|서초동|4311000000|역삼1가|1|30|3|1|10|1390|227|227|725|28070|49626.0|21083.0|5450.0|23093.0|45096|21052|5395|11265102.0|4785841.0|1237150.0|5242111.0|1336386|1368633|325525|356569|28|101|60|19|4941075|13183753|1503037|797358|6.84|31|3.96|124|71|111|2201.0
202411|CNTY_GU|43|26110|11170000|인천|강남구|역삼동|2611000000|역삼1가|2|55|0|1|8|1885|406|406|935|81755|31737.0|25168.0|8040.0|0.0|26157|20979|6852|12885222.0|10218208.0|3264240.0|0.0|3108203|2740924|437383|352182|82|201|90|22|7483324|2520378|4793766|1043860|5.47|31|3.38|88|352|225|10912.0
202411|CNTY_GU|45|43110|46110000|인천|강남구|역삼동|1114000000|인계동|2|20|0|2|6|1691|3|3|502|39787|45937.0|33985.0|11051.0|901.0|43586|32739|8332|137811.0|101955.0|33153.0|2703.0|2892057|11552|104416|373949|0|1|0|0|8312637|8938881|2799804|1428867|6.53|0|3.21|26|0|325|0.0
202411|ADM|47|41110|47110000|부산|서초구|서초동|4611000000|서초1동|1|55|2|2|9|769|403|403|965|45194|7994.0|4346.0|955.0|2693.0|7240|3385|674|3221582.0|1751438.0|384865.0|1085279.0|116820|2590225|16337|195246|44|218|41|15|45181|14601832|3800898|1298671|7.52|41|1.97|76|386|295|15826.0
202411|CNTY_GU|46|42110|11170000|대구|수원시|인계동|1120000000|인계동|2|35|3|1|10|624|247|247|816|44835|33889.0|21171.0|6032.0|6686.0|28412|16377|5001|8370583.0|5229237.0|1489904.0|1651442.0|3114203|1345198|831984|113983|25|104|40|24|8115589|12072341|3821294|1668626|4.02|31|2.97|100|91|209|2821.0
202411|ADM|26|27110|46110000|인천|수원시|서초동|2611000000|인계동|2|30|0|2|1|1642|196|196|698|31640|43021.0|18226.0|16054.0|8741.0|31490|17460|13295|8432116.0|3572296.0|3146584.0|1713236.0|3720163|433443|382453|175060|57|79|36|13|9510636|10227997|531706|1673035|6.49|25|4.02|132|456|21|11400.0
202411|CNTY_GU|27|41130|41130000|인천|서초구|서초동|4115000000|역삼1가|1|45|3|1|1|661|206|206|382|68399|43698.0|17113.0|7703.0|18882.0|32234|17075|5810|9001788.0|3525278.0|1586818.0|3889692.0|1857238|2208370|654312|252982|56|82|50|11|9725762|16361013|4050024|1019843|2.87|25|2.87|11|118|196|2950.0
202411|ADM|47|11170|11140000|서울|수원시|서초동|2614000000|역삼1가|2|60|0|1|8|723|226|226|137|69392|477.0|250.0|120.0|107.0|412|187|116|107802.0|56500.0|27120.0|24182.0|3751748|1493833|635340|365389|35|129|31|19|777306|12761522|4231989|785268|2.68|0|2.25|39|0|108|0.0
202411|PRVNC|45|11200|42110000|서울|성남시|인계동|4311000000|역삼1가|1|35|0|1|8|1099|66|66|319|45191|24505.0|14440.0|7813.0|2252.0|18371|12445|5806|1617330.0|953040.0|515658.0|148632.0|407074|441375|8464|494611|7|29|6|0|3707955|9383776|4568058|358090|7.75|8|4.96|140|29|273|232.0
202411|ADM|44|27110|28110000|부산|서초구|서초동|2811000000|역삼1가|1|25|2|1|1|32|316|316|555|92860|42459.0|16087.0|5555.0|20817.0|32787|14674|5528|13417044.0|5083492.0|1755380.0|6578172.0|972947|1241298|944983|199904|42|130|76|3|693631|6403817|4778396|1024630|5.99|39|2.59|103|493|240|19227.0
202411|ADM|46|41150|45110000|부산|수원시|역삼동|4113000000|서초1동|2|65|1|1|1|713|260|260|448|68054|8865.0|3015.0|3274.0|2576.0|6773|2655|2321|2304900.0|783900.0|851240.0|669760.0|3884246|1140707|788811|155669|76|114|51|21|981928|8380868|2241509|425892|2.44|23|4.72|14|343|385|7889.0
202411|CNTY_GU|47|11200|11200000|대구|강남구|인계동|4211000000|인계동|1|65|1|2|7|1417|220|220|470|24696|25310.0|16024.0|3092.0|6194.0|22882|14149|2647|5568200.0|3525280.0|680240.0|1362680.0|4664877|2042404|218014|16206|64|128|47|0|1673357|11506631|1115905|1943924|5.41|15|2.63|136|481|150|7215.0
202411|CNTY_GU|44|11170|45110000|서울|수원시|역삼동|1114000000|서초1동|1|30|0|1|3|731|316|316|749|92986|179.0|126.0|52.0|1.0|171|124|38|56564.0|39816.0|16432.0|316.0|4349924|782595|529690|262944|78|155|60|21|8668829|1139139|1766530|1177716|7.59|5|1.82|93|174|390|870.0
202411|CNTY_GU|45|27110|45110000|대구|서초구|서초동|2811000000|역삼1가|1|30|1|2|4|1942|231|231|761|39813|11405.0|4323.0|2748.0|4334.0|11079|3202|2296|2634555.0|998613.0|634788.0|1001154.0|993532|178879|224862|110915|54|137|34|11|5253648|2813953|4243759|1205066|2.68|22|2.8|173|295|298|6490.0
202411|ADM|43|11170|44130000|대구|수원시|인계동|2711000000|인계동|2|60|2|2|9|113|67|67|727|40226|36113.0|28458.0|6348.0|1307.0|35385|24175|4510|2419571.0|1906686.0|425316.0|87569.0|3893266|2207014|860590|382008|19|32|8|4|8228538|15848379|2014052|1200143|6.49|9|2.97|97|63|118|567.0
202411|CNTY_GU|42|26140|11170000|경기|강남구|인계동|4115000000|인계동|1|25|3|2|1|1463|38|38|641|70680|29014.0|23045.0|10910.0|0.0|20402|22028|9169|1102532.0|875710.0|414580.0|0.0|884901|965002|680548|238626|6|19|9|2|4427794|10813041|1937855|480148|3.9|1|4.38|101|289|215|289.0
202411|CNTY_GU|47|41130|45110000|인천|강남구|인계동|4113000000|인계동|2|40|2|2|2|1896|25|25|719|66348|3917.0|1325.0|670.0|1922.0|3915|1009|600|97925.0|33125.0|16750.0|48050.0|2852076|1355871|479149|97053|2|10|3|1|3932409|14533875|4227263|793948|7.67|2|1.74|171|67|351|134.0
202411|CNTY_GU|45|41150|26110000|서울|서초구|인계동|4511000000|역삼1가|2|40|0|2|1|844|482|482|847|70274|6489.0|3155.0|912.0|2422.0|5465|2441|816|3127698.0|1520710.0|439584.0|1167404.0|576350|1350959|313430|77882|117|216|58|18|7727851|10312814|2650614|550592|3.68|71|2.21|79|217|477|15407.0
202411|ADM|46|11170|41150000|인천|강남구|역삼동|4711000000|인계동|1|25|0|2|1|1832|22|22|846|53870|13550.0|8583.0|3001.0|1966.0|9711|7447|2685|298100.0|188826.0|66022.0|43252.0|4393046|1464547|971622|255255|5|12|3|2|7440665|11083594|1510410|806732|6.48|1|4.81|172|213|408|213.0
202411|CNTY_GU|26|45110|41110000|인천|강남구|역삼동|1117000000|역삼1가|2|35|2|1|7|1315|363|363|533|55617|27654.0|12073.0|6126.0|9455.0|27222|12070|5331|10038402.0|4382499.0|2223738.0|3432165.0|3862041|1910947|952514|55127|53|152|42|27|7746015|19329430|103709|586507|4.14|36|1.09|76|228|290|8208.0
202411|CNTY_GU|43|11170|26140000|서울|서초구|인계동|2711000000|역삼1가|2|45|1|1|10|1250|375|375|967|85786|0.0|0.0|0.0|0.0|0|0|0|0.0|0.0|0.0|0.0|43035|192349|161437|279433|60|158|83|2|6426581|6190416|2365948|807167|7.61|41|3.53|135|260|286|10660.0
202411|ADM|26|11110|26140000|서울|성남시|인계동|4115000000|역삼1가|1|35|3|1|1|899|120|120|560|41476|6965.0|3422.0|1989.0|1554.0|6713|2929|1747|835800.0|410640.0|238680.0|186480.0|144203|2951358|744220|112639|14|68|12|9|5088910|17730397|3306839|632659|6.67|5|4.97|29|307|437|1535.0
202411|ADM|44|11110|41130000|서울|서초구|인계동|4311000000|서초1동|1|30|0|2|2|849|2|2|634|61534|8642.0|6813.0|2705.0|0.0|8213|4817|2276|17284.0|13626.0|5410.0|0.0|3397754|1847611|631826|239420|0|0|0|0|8697146|11304218|3284875|1118680|3.69|0|4.94|134|0|256|0.0
202411|CNTY_GU|27|47110|41110000|인천|수원시|서초동|1117000000|서초1동|2|65|3|2|10|1706|191|191|78|23450|10548.0|6057.0|3748.0|743.0|10331|4689|3416|2014668.0|1156887.0|715868.0|141913.0|365160|1773201|568934|428076|53|107|32|18|3545711|10508771|4553444|233604|3.3|28|4.89|141|283|464|7924.0
202411|CNTY_GU|11|11200|43110000|대구|성남시|서초동|2611000000|역삼1가|2|65|1|2|6|851|370|370|251|31322|6516.0|5177.0|1729.0|0.0|6021|4712|1244|2410920.0|1915490.0|639730.0|0.0|1434706|1622872|710685|162493|44|160|76|7|3086249|10995749|1969838|40333|5.83|22|2.98|72|104|367|2288.0
202411|ADM|11|47110|41150000|인천|수원시|서초동|4413000000|인계동|1|50|0|2|4|1067|350|350|131|94843|34098.0|19914.0|9892.0|4292.0|30600|17541|9652|11934300.0|6969900.0|3462200.0|1502200.0|1625420|870387|777098|319221|38|140|95|20|3334809|2083035|3487576|87305|2.14|23|3.67|137|224|444|5152.0
202411|CNTY_GU|11|11140|11140000|인천|강남구|서초동|2811000000|역삼1가|2|50|0|2|7|1662|347|347|931|44996|33545.0|21270.0|5215.0|7060.0|23812|20728|5147|11640115.0|7380690.0|1809605.0|2449820.0|617724|2180720|743088|319824|72|197|52|28|7869474|4858205|3770196|279763|5.59|47|1.39|74|415|224|19505.0
202411|ADM|26|43110|27110000|서울|성남시|인계동|4511000000|인계동|1|40|2|2|4|523|481|481|596|28328|22016.0|17297.0|2541.0|2178.0|18858|16687|2233|10589696.0|8319857.0|1222221.0|1047618.0|1664501|533812|723351|27358|120|221|104|29|70526|15015513|2607271|1184377|6.97|6|3.72|171|64|13|384.0
202411|ADM|27|44130|45110000|인천|서초구|서초동|4711000000|인계동|1|40|0|1|7|724|332|332|92|33465|0.0|0.0|0.0|0.0|0|0|0|0.0|0.0|0.0|0.0|2700200|2562266|204336|293131|90|138|62|0|7541026|1203642|989624|253774|3.42|39|1.76|38|301|477|11739.0
202411|ADM|27|47110|11110000|서울|성남시|인계동|4611000000|서초1동|1|60|0|1|10|1897|293|293|362|71364|4498.0|1374.0|1592.0|1532.0|4488|1146|1291|1317914.0|402582.0|466456.0|448876.0|1908702|30492|533913|277402|40|127|68|15|2266413|1702137|2508359|799127|3.73|20|3.75|179|245|350|4900.0
202411|ADM|45|44130|42110000|대구|서초구|역삼동|4413000000|역삼1가|2|65|2|1|5|1458|470|470|349|30488|407.0|296.0|64.0|47.0|389|273|54|191290.0|139120.0|30080.0|22090.0|4780381|1146992|364199|418690|95|245|128|11|9465516|14221580|389837|1167615|5.05|61|4.44|34|329|432|20069.0
202411|ADM|45|11170|27110000|부산|성남시|인계동|4211000000|역삼1가|1|60|0|1|9|1254|395|395|207|90980|31265.0|19318.0|12132.0|0.0|23632|17961|8699|12349675.0|7630610.0|4792140.0|0.0|390875|392704|481408|139874|109|207|103|36|7700967|6181340|733818|1180993|4.36|28|4.41|134|388|93|10864.0
202411|CNTY_GU|27|47110|26140000|경기|성남시|서초동|2811000000|역삼1가|1|50|2|1|10|357|343|343|402|36377|28824.0|19022.0|10034.0|0.0|26791|18882|7113|9886632.0|6524546.0|3441662.0|0.0|3849933|1744795|820315|249562|50|185|43|5|1346802|19853133|4705875|1273570|4.95|33|4.08|120|141|395|4653.0
202411|ADM|44|44130|11200000|부산|강남구|서초동|2611000000|인계동|2|35|1|2|4|727|69|69|609|50323|458.0|158.0|48.0|252.0|371|144|42|31602.0|10902.0|3312.0|17388.0|1421354|1946364|915605|73169|8|29|16|3|9475992|11992384|3425260|1546603|6.99|0|2.56|112|0|450|0.0
202411|CNTY_GU|43|26110|41130000|경기|성남시|역삼동|4115000000|서초1동|2|30|0|2|6|1582|326|326|824|10623|49955.0|19834.0|19214.0|10907.0|39630|19250|18643|16285330.0|6465884.0|6263764.0|3555682.0|4163601|2786822|471772|466468|52|191|84|3|1062585|3507949|2666613|948865|4.69|31|4.37|129|235|52|7285.0
202411|CNTY_GU|46|27110|11140000|대구|수원시|인계동|4611000000|인계동|2|30|0|2|7|122|445|445|935|50658|651.0|346.0|244.0|61.0|598|296|183|289695.0|153970.0|108580.0|27145.0|3204791|94099|313643|250130|60|243|84|30|1078366|3876204|1293297|1158215|7.09|55|4.35|99|70|333|3850.0
202411|CNTY_GU|27|43110|11200000|인천|강남구|인계동|2811000000|역삼1가|1|65|1|1|8|595|150|150|183|12894|402.0|267.0|127.0|8.0|388|222|107|60300.0|40050.0|19050.0|1200.0|670931|2344551|445335|208234|40|60|27|14|4536017|13480271|1889376|255457|3.85|14|4.93|38|121|190|1694.0
202411|ADM|44|41130|45110000|경기|성남시|서초동|1114000000|역삼1가|1|35|0|2|7|1491|166|166|244|13562|35068.0|16465.0|5769.0|12834.0|32981|14845|5761|5821288.0|2733190.0|957654.0|2130444.0|4162413|1536831|68554|197805|27|93|33|8|9452082|18054530|2904082|1305611|2.5|4|2.17|13|154|412|616.0
202411|CNTY_GU|47|26110|41130000|서울|수원시|서초동|4711000000|인계동|1|60|1|2|8|176|379|379|242|17645|25973.0|11022.0|5919.0|9032.0|24213|10615|5435|9843767.0|4177338.0|2243301.0|3423128.0|815588|2297626|181572|291230|69|185|109|6|2693858|5876914|3793085|1180863|4.75|33|1.44|149|203|181|6699.0
202411|CNTY_GU|11|42110|28110000|서울|수원시|서초동|4511000000|서초1동|1|70|3|1|8|1256|50|50|815|34454|9462.0|5838.0|1900.0|1724.0|8551|5555|1356|473100.0|291900.0|95000.0|86200.0|4522259|2006573|499543|231934|6|26|8|2|8159834|14100349|4955058|821885|3.55|6|1.07|142|166|324|996.0
202411|ADM|47|28110|11200000|경기|서초구|인계동|2611000000|인계동|1|45|3|1|10|1601|479|479|43|59402|21256.0|7438.0|8426.0|5392.0|15386|6616|7779|10181624.0|3562802.0|4036054.0|2582768.0|4960272|1703227|31396|242022|77|216|76|32|94741|2210788|849905|984420|7.92|68|1.01|108|182|458|12376.0
202411|CNTY_GU|46|43110|11170000|인천|강남구|서초동|4413000000|인계동|1|50|0|1|5|487|141|141|211|82427|23327.0|13955.0|5408.0|3964.0|17999|10540|3983|3289107.0|1967655.0|762528.0|558924.0|566929|485377|149522|270125|23|70|17|8|183770|16154940|491892|1493132|6.65|0|4.26|60|0|461|0.0
202411|CNTY_GU|44|46110|11110000|대구|성남시|역삼동|2811000000|서초1동|1|65|1|1|10|374|88|88|232|75687|36859.0|22664.0|8128.0|6067.0|34059|16369|6075|3243592.0|1994432.0|715264.0|533896.0|1052223|2795087|947766|247356|19|38|24|8|4438314|5445830|3540250|1451506|6.86|4|1.47|177|75|194|300.0
202411|CNTY_GU|41|11110|28110000|부산|서초구|인계동|2614000000|역삼1가|2|20|0|1|3|1535|267|267|807|89653|20947.0|14122.0|4121.0|2704.0|15853|11626|3167|5592849.0|3770574.0|1100307.0|721968.0|4734087|2669799|10930|499874|61|144|35|16|675586|9841150|2265838|839655|2.68|27|2.04|144|36|420|972.0
202411|ADM|41|27110|11170000|대구|수원시|인계동|2711000000|역삼1가|1|70|0|2|4|269|334|334|561|22404|27138.0|11127.0|6831.0|9180.0|22725|10427|6134|9064092.0|3716418.0|2281554.0|3066120.0|4128080|1952153|263914|142133|41|177|69|17|6206682|15986644|2121407|1639379|7.59|32|1.7|19|452|194|14464.0
202411|ADM|11|11200|41130000|대구|서초구|서초동|4711000000|인계동|2|35|1|2|2|1895|113|113|978|36794|358.0|282.0|106.0|0.0|292|261|78|40454.0|31866.0|11978.0|0.0|879284|2250314|391534|326934|16|53|13|6|9279852|9210119|2493815|825488|3.81|3|1.83|94|216|319|648.0
202411|ADM|43|41150|42110000|경기|강남구|역삼동|1120000000|서초1동|2|60|0|1|1|219|106|106|898|35092|20373.0|13229.0|2800.0|4344.0|16364|10344|2008|2159538.0|1402274.0|296800.0|460464.0|1594021|1585756|254484|156065|15|52|29|5|3992447|15236233|3380061|1387003|3.56|15|4.67|50|116|470|1740.0
202411|CNTY_GU|27|26140|26110000|경기|수원시|서초동|4511000000|역삼1가|2|20|0|1|4|409|330|330|72|27807|45093.0|35854.0|16840.0|0.0|41154|28936|15698|14880690.0|11831820.0|5557200.0|0.0|1721883|165104|97921|324475|60|173|33|10|4334790|2905934|1949137|354715|3.21|48|1.87|173|116|390|5568.0
202411|ADM|44|42110|26110000|경기|강남구|인계동|4115000000|역삼1가|1|25|1|1|10|1107|3|3|341|50770|39723.0|25064.0|12208.0|2451.0|33874|20357|9879|119169.0|75192.0|36624.0|7353.0|4018460|923465|417439|493901|0|1|0|0|1127198|3532739|1384571|1955751|6.77|0|2.25|123|0|299|0.0
202411|CNTY_GU|27|26110|41150000|경기|성남시|역삼동|4511000000|역삼1가|1|35|2|2|4|300|144|144|216|26999|48685.0|17703.0|12042.0|18940.0|44977|15619|8945|7010640.0|2549232.0|1734048.0|2727360.0|2807083|836631|46528|488579|22|77|21|11|1461720|9085790|3623605|115091|7.51|4|2.45|80|132|421|528.0
202411|ADM|27|45110|11110000|경기|서초구|역삼동|4413000000|역삼1가|1|45|2|2|6|1826|75|75|446|30938|45435.0|28385.0|13091.0|3959.0|39638|26312|12155|3407625.0|2128875.0|981825.0|296925.0|1629130|171611|757528|217467|7|39|14|0|6310930|5162740|1423278|579268|6.64|9|4.66|118|290|443|2610.0
202411|ADM|27|11170|26110000|인천|성남시|서초동|4611000000|서초1동|1|30|0|2|1|1662|286|286|342|36122|6101.0|4527.0|2428.0|0.0|4761|3296|1862|1744886.0|1294722.0|694408.0|0.0|3218959|796274|199242|116012|42|132|39|10|6300587|19918240|4111204|894032|4.69|37|3.08|140|269|33|9953.0
202411|CNTY_GU|45|43110|26140000|대구|수원시|서초동|1111000000|서초1동|1|65|3|2|7|818|277|277|859|89522|35773.0|25457.0|10108.0|208.0|26006|20429|9399|9909121.0|7051589.0|2799916.0|57616.0|1439628|153555|135091|192935|62|119|63|24|7683665|15615952|1730661|688813|2.54|4|1.24|124|341|362|1364.0
202411|ADM|47|28110|27110000|인천|성남시|역삼동|4611000000|서초1동|1|45|0|1|4|503|77|77|434|10288|33637.0|24043.0|9001.0|593.0|26576|23075|8168|2590049.0|1851311.0|693077.0|45661.0|4789582|884137|379843|410491|13|45|15|5|4078174|15276488|1245574|442689|2.26|7|3.8|39|463|85|3241.0
202411|PRVNC|27|11170|11170000|인천|서초구|역삼동|4113000000|역삼1가|1|45|1|1|3|308|3|3|966|36099|417.0|314.0|117.0|0.0|312|297|106|1251.0|942.0|351.0|0.0|2458432|1830036|919846|357104|0|1|0|0|9816465|11912239|1490257|1738055|5.43|0|2.92|77|0|112|0.0
202411|ADM|47|41110|41110000|서울|성남시|역삼동|2711000000|인계동|1|55|2|1|7|1942|68|68|34|54151|341.0|221.0|89.0|31.0|323|189|66|23188.0|15028.0|6052.0|2108.0|232885|2332956|787373|307662|8|28|19|6|2650382|3684492|3044542|427811|4.56|5|1.82|149|364|411|1820.0
202411|ADM|46|26140|28110000|인천|서초구|서초동|4611000000|역삼1가|2|45|0|1|4|31|440|440|672|93484|2681.0|1313.0|632.0|736.0|2622|929|473|1179640.0|577720.0|278080.0|323840.0|3919698|1775530|535179|470854|122|245|103|11|3251755|13836682|2639368|1760321|6.85|41|4.53|166|49|253|2009.0
202411|ADM|26|28110|46110000|대구|수원시|역삼동|1114000000|역삼1가|1|25|2|2|5|1911|71|71|551|65896|16013.0|9438.0|4518.0|2057.0|13838|7992|3241|1136923.0|670098.0|320778.0|146047.0|1542014|567381|76161|443529|21|30|14|4|9960309|8749786|397906|1967319|3.74|9|1.29|168|295|109|2655.0
202411|ADM|27|42110|41150000|대구|수원시|인계동|2711000000|역삼1가|2|55|0|1|2|1480|272|272|740|15916|23083.0|8304.0|5907.0|8872.0|22902|6169|5592|6278576.0|2258688.0|1606704.0|2413184.0|683375|844619|330352|32390|44|156|48|21|8292256|17739321|2086707|82729|7.27|17|2.13|123|375|354|6375.0
202411|ADM|44|11200|26140000|부산|서초구|서초동|2611000000|인계동|1|50|0|1|2|1352|37|37|99|75362|29904.0|13525.0|8407.0|7972.0|26759|10621|6394|1106448.0|500425.0|311059.0|294964.0|4623561|228360|944377|717|11|20|9|0|9128313|15784810|4838147|1193104|6.94|0|2.4|154|0|250|0.0
202411|ADM|26|11170|41150000|대구|강남구|인계동|4611000000|서초1동|2|30|1|2|10|1000|171|171|878|42676|46080.0|31365.0|8545.0|6170.0|41284|22636|6323|7879680.0|5363415.0|1461195.0|1055070.0|3894437|1107226|931244|312345|37|73|32|9|8081900|17948699|1685149|450420|5.84|6|2.61|97|137|22|822.0
202411|PRVNC|27|46110|46110000|대구|수원시|역삼동|2611000000|인계동|2|55|1|2|7|263|467|467|805|62062|15940.0|12430.0|4451.0|0.0|12265|11645|3197|7443980.0|5804810.0|2078617.0|0.0|3342954|343473|753544|136780|98|250|106|28|5594538|15841376|1519880|862709|2.58|35|4.37|142|26|343|910.0
202411|ADM|26|41150|41130000|경기|성남시|역삼동|4511000000|역삼1가|1|40|0|2|5|1032|365|365|104|52330|42092.0|27702.0|4955.0|9435.0|40189|27236|4737|15363580.0|10111230.0|1808575.0|3443775.0|1539796|885729|452322|464729|70|214|88|10|8996503|13933011|2176670|206416|3.34|30|2.61|166|181|104|5430.0
202411|PRVNC|43|26140|11110000|인천|수원시|역삼동|2611000000|서초1동|2|70|0|1|4|1172|7|7|611|64111|29629.0|16634.0|4690.0|8305.0|25053|15112|4044|207403.0|116438.0|32830.0|58135.0|1900855|1956352|510958|168609|1|2|1|0|2190336|4667061|2003649|476410|6.38|0|1.35|68|0|194|0.0
202411|ADM|27|42110|11170000|대구|성남시|서초동|1114000000|서초1동|2|60|0|1|5|775|369|369|927|82735|23250.0|13100.0|3568.0|6582.0|16485|11310|3394|8579250.0|4833900.0|1316592.0|2428758.0|760809|877681|142751|231083|90|209|79|26|39886|15189846|2138810|368288|5.67|26|3.76|7|105|408|2730.0
202411|CNTY_GU|42|41130|26110000|대구|수원시|인계동|4413000000|인계동|1|45|0|2|5|1622|102|102|403|10790|49893.0|38060.0|5387.0|6446.0|45553|34918|4980|5089086.0|3882120.0|549474.0|657492.0|991081|977143|89239|23221|26|58|20|2|5301094|11461339|3725551|650179|5.52|11|3.1|134|458|21|5038.0
202411|ADM|11|44130|41150000|대구|서초구|서초동|4413000000|인계동|2|40|2|1|4|1479|378|378|234|22831|24638.0|16115.0|7009.0|1514.0|20817|15999|6068|9313164.0|6091470.0|2649402.0|572292.0|3667138|38643|736202|241012|46|202|39|1|3897374|4301171|3896039|97217|2.61|15|2.76|56|185|262|2775.0
202411|ADM|46|41110|46110000|인천|성남시|인계동|4311000000|서초1동|1|50|0|2|3|1129|167|167|254|66966|32633.0|16581.0|8286.0|7766.0|31191|12167|6854|5449711.0|2769027.0|1383762.0|1296922.0|39531|61136|572445|258473|30|95|18|9|5354867|914608|2790239|1745117|5.24|23|1.84|125|241|488|5543.0
202411|PRVNC|43|27110|45110000|서울|성남시|역삼동|4711000000|인계동|2|55|0|2|3|1918|232|232|217|79668|25604.0|18088.0|2584.0|4932.0|19851|17353|2105|5940128.0|4196416.0|599488.0|1144224.0|3215220|2635317|698395|202258|44|117|62|5|8815168|6195497|3998624|569324|7.3|6|1.68|23|259|79|1554.0
202411|ADM|43|28110|41110000|인천|성남시|서초동|2711000000|역삼1가|2|70|3|1|7|540|387|387|124|39508|19656.0|9991.0|6727.0|2938.0|15735|9270|5922|7606872.0|3866517.0|2603349.0|1137006.0|855154|139434|981029|118166|58|219|64|0|4825895|12202795|2128078|1226926|7.41|40|4.01|95|391|44|15640.0
202411|CNTY_GU|43|27110|45110000|경기|수원시|인계동|2611000000|역삼1가|1|20|0|1|9|1595|341|341|293|26292|21259.0|12538.0|2996.0|5725.0|16347|9491|2817|7249319.0|4275458.0|1021636.0|1952225.0|228565|1345472|802140|202529|89|165|47|4|3329909|4902166|39991|150422|6.99|19|2.68|24|411|16|7809.0
202411|CNTY_GU|42|11200|43110000|인천|강남구|인계동|4113000000|서초1동|2|65|0|1|10|1848|398|398|594|33371|1427.0|819.0|335.0|273.0|1406|636|292|567946.0|325962.0|133330.0|108654.0|945465|2403226|812360|11443|50|161|115|4|6380856|7493827|4971297|1645757|4.11|1|1.99|117|278|277|278.0
202411|CNTY_GU|27|26110|44130000|대구|수원시|역삼동|4211000000|서초1동|2|35|3|1|3|1267|198|198|464|12198|7822.0|4792.0|2461.0|569.0|6600|4693|2368|1548756.0|948816.0|487278.0|112662.0|22292|762578|6254|254667|35|90|44|7|4554412|14595348|2274116|486144|6.17|6|3.12|141|67|5|402.0
202411|PRVNC|41|44130|41110000|경기|서초구|역삼동|2811000000|서초1동|1|65|0|2|2|1188|390|390|711|29724|6422.0|2383.0|2556.0|1483.0|5652|2280|2040|2504580.0|929370.0|996840.0|578370.0|347736|67388|322370|297013|112|218|114|4|5123129|3028122|2264103|1472462|6.4|44|2.25|88|304|407|13376.0
202411|CNTY_GU|41|41110|26140000|대구|강남구|인계동|4711000000|인계동|1|40|1|2|10|153|206|206|250|36562|18365.0|7718.0|2712.0|7935.0|17412|7488|2549|3783190.0|1589908.0|558672.0|1634610.0|996082|1362225|486216|86400|56|91|43|11|88442|9687111|1039975|1270122|4.76|30|1.77|10|400|202|12000.0
202411|ADM|42|47110|47110000|경기|수원시|인계동|4113000000|인계동|1|35|1|1|6|1994|335|335|509|14810|35313.0|13840.0|9678.0|11795.0|25322|10237|9154|11829855.0|4636400.0|3242130.0|3951325.0|4714317|1354156|450011|265180|88|159|87|11|6880683|13246496|885507|405885|6.76|28|4.04|98|294|155|8232.0
202411|CNTY_GU|46|11110|11140000|인천|성남시|인계동|4311000000|역삼1가|2|70|1|1|1|1672|18|18|592|92618|6268.0|4012.0|2108.0|148.0|5129|3367|1901|112824.0|72216.0|37944.0|2664.0|158975|892771|895673|247347|3|8|2|0|9973288|16634282|1560553|1642761|6.12|0|4.97|172|0|421|0.0
202411|ADM|42|44130|44130000|경기|서초구|서초동|2811000000|인계동|1|70|0|2|10|977|194|194|117|10270|49228.0|37458.0|19007.0|0.0|39450|28466|15199|9550232.0|7266852.0|3687358.0|0.0|3189852|1707081|428709|424293|27|84|30|12|7629179|12140751|2043508|74343|2.12|7|4.03|103|124|207|868.0
202411|CNTY_GU|27|46110|44130000|경기|수원시|역삼동|4211000000|역삼1가|2|40|2|1|5|822|3|3|802|59011|47333.0|34930.0|16916.0|0.0|40443|29632|15563|141999.0|104790.0|50748.0|0.0|793657|2314317|701681|182840|0|1|0|0|1938611|4412908|875548|1998276|2.83|0|2.29|115|0|55|0.0
202411|ADM|43|26140|26140000|부산|서초구|인계동|4511000000|역삼1가|2|40|3|1|6|1695|306|306|844|28011|8068.0|4894.0|1600.0|1574.0|7426|4175|1358|2468808.0|1497564.0|489600.0|481644.0|2223132|2587187|169934|498008|55|171|62|0|6890210|5477299|1822911|1289176|7.33|17|4.24|135|149|216|2533.0
202411|CNTY_GU|42|42110|42110000|인천|강남구|서초동|4111000000|역삼1가|2|20|0|1|7|1738|136|136|564|92496|41418.0|16243.0|6656.0|18519.0|32230|11697|5180|5632848.0|2209048.0|905216.0|2518584.0|179683|677312|978179|343429|25|77|20|10|9085602|14274402|3597146|496180|7.44|19|3.17|40|492|142|9348.0
202411|CNTY_GU|45|11200|26140000|경기|서초구|서초동|1114000000|서초1동|1|65|1|1|5|1650|301|301|26|23095|12531.0|8799.0|4019.0|0.0|11435|8284|3284|3771831.0|2648499.0|1209719.0|0.0|1557599|2814767|75760|489761|86|148|51|6|1201011|5915305|2496622|812015|3.54|26|3.8|17|128|115|3328.0
202411|CNTY_GU|47|45110|11200000|대구|성남시|서초동|4211000000|인계동|1|65|1|1|5|1980|20|20|334|79514|31937.0|15333.0|7441.0|9163.0|26839|13965|6332|638740.0|306660.0|148820.0|183260.0|1360349|1546215|8343|177935|3|9|3|1|7688804|15772970|2180595|1932630|3.74|2|4.42|19|73|355|146.0
202411|ADM|27|28110|41110000|서울|수원시|역삼동|4115000000|인계동|2|45|2|2|1|795|108|108|882|51966|24064.0|15870.0|7533.0|661.0|16959|13732|6499|2598912.0|1713960.0|813564.0|71388.0|4079962|1801056|274576|454622|20|52|31|9|4714000|16211887|1047465|887996|2.5|0|4.06|30|0|33|0.0
202411|ADM|46|26110|27110000|경기|성남시|역삼동|4511000000|서초1동|1|40|3|1|8|406|75|75|309|12343|42903.0|23745.0|14655.0|4503.0|35426|21729|10792|3217725.0|1780875.0|1099125.0|337725.0|4660610|1661398|977167|77072|17|30|13|6|3123866|7975121|1564472|1614565|3.2|7|1.41|67|289|394|2023.0
202411|CNTY_GU|46|46110|27110000|인천|수원시|서초동|4413000000|역삼1가|1|45|1|2|7|664|169|169|340|21426|38960.0|29263.0|7633.0|2064.0|29607|25562|7627|6584240.0|4945447.0|1289977.0|348816.0|2344588|248981|963699|115351|21|98|29|12|4649611|7681637|1697297|736090|6.22|20|2.78|12|166|141|3320.0
202411|CNTY_GU|45|28110|11200000|부산|서초구|서초동|1120000000|서초1동|2|45|2|1|2|1971|460|460|539|70280|11070.0|7677.0|2958.0|435.0|8929|6628|2920|5092200.0|3531420.0|1360680.0|200100.0|2010604|578594|418737|40728|69|216|87|25|5338668|2904505|3612558|295329|5.97|58|1.34|149|221|57|12818.0
202411|ADM|27|41110|11140000|대구|서초구|서초동|4511000000|인계동|2|50|3|2|10|204|32|32|846|34228|24031.0|17804.0|7869.0|0.0|20852|17448|6843|768992.0|569728.0|251808.0|0.0|3801063|439326|274589|89171|8|14|9|1|8817462|9313908|4007335|746273|4.64|2|1.48|99|15|294|30.0
202411|CNTY_GU|47|45110|42110000|부산|서초구|서초동|4115000000|서초1동|2|55|0|2|1|1453|392|392|907|53145|43886.0|23720.0|8953.0|11213.0|31932|19085|6296|17203312.0|9298240.0|3509576.0|4395496.0|643749|1447175|385818|479976|92|159|42|4|3875765|19808251|4664237|1700413|6.51|1|1.54|131|341|205|341.0
202411|CNTY_GU|42|41150|27110000|경기|성남시|역삼동|2811000000|인계동|1|25|3|2|2|1440|42|42|740|11779|10613.0|5772.0|3294.0|1547.0|9261|4095|2966|445746.0|242424.0|138348.0|64974.0|3999222|1190509|552183|388990|10|17|5|0|815717|335776|1118254|60496|6.43|3|3.85|39|140|94|420.0
202411|ADM|44|42110|44130000|경기|서초구|인계동|1111000000|서초1동|1|60|1|2|9|154|475|475|747|97152|35998.0|18536.0|5342.0|12120.0|33414|15698|3964|17099050.0|8804600.0|2537450.0|5757000.0|3215316|1072663|221879|108637|87|223|101|13|7028567|15683417|2964275|1253314|6.53|58|1.96|90|478|447|27724.0
202411|CNTY_GU|46|27110|11200000|부산|성남시|인계동|4115000000|역삼1가|1|35|1|2|2|511|350|350|325|39570|1488.0|818.0|431.0|239.0|1215|620|418|520800.0|286300.0|150850.0|83650.0|4364342|2723529|164218|394118|81|140|98|31|5087929|11231594|2441715|1445559|6.66|11|1.99|51|310|375|3410.0
202411|PRVNC|27|26110|26110000|서울|서초구|인계동|4413000000|역삼1가|2|35|0|1|3|489|457|457|639|29450|40798.0|18613.0|13321.0|8864.0|36956|14747|12124|18644686.0|8506141.0|6087697.0|4050848.0|2573179|783179|506539|309071|131|202|105|39|5999539|12245719|3023793|1197266|7.71|4|1.3|104|407|60|1628.0
202411|ADM|45|41110|11140000|경기|성남시|인계동|2811000000|역삼1가|1|40|2|2|4|1261|245|245|997|62647|33988.0|14071.0|3665.0|16252.0|31670|10425|3537|8327060.0|3447395.0|897925.0|3981740.0|1050996|1249067|63528|194671|44|128|67|17|9236182|6300684|1119862|547154|5.28|9|4.25|31|309|426|2781.0
202411|ADM|11|41150|44130000|서울|강남구|서초동|2811000000|인계동|1|65|1|1|5|1899|126|126|998|34668|5276.0|3140.0|1956.0|180.0|4362|2362|1853|664776.0|395640.0|246456.0|22680.0|1205229|2251481|214586|13798|21|60|30|1|4380939|8799748|4463689|903998|3.65|13|4.38|154|38|271|494.0
202411|ADM|27|41110|41150000|대구|강남구|역삼동|4413000000|인계동|2|30|0|2|7|1512|384|384|420|63064|41688.0|20457.0|11136.0|10095.0|32742|19889|10112|16008192.0|7855488.0|4276224.0|3876480.0|1631081|2173651|931312|308090|100|226|81|0|9731062|17889684|2701767|917145|6.84|20|1.08|111|270|485|5400.0
202411|PRVNC|43|45110|11200000|서울|서초구|서초동|2811000000|역삼1가|2|30|2|2|10|933|110|110|800|73865|26017.0|9864.0|6084.0|10069.0|22242|8296|5127|2861870.0|1085040.0|669240.0|1107590.0|634713|2983015|722388|198823|30|54|12|8|3654511|19660254|4128285|1067442|5.75|13|4.41|130|28|228|364.0
202411|CNTY_GU|42|43110|11110000|대구|성남시|역삼동|1114000000|인계동|1|40|1|2|10|659|326|326|97|68107|20273.0|12081.0|5078.0|3114.0|15359|9322|4369|6608998.0|3938406.0|1655428.0|1015164.0|3926562|371398|720273|66585|96|141|44|20|7510316|15857581|3862568|1591485|7.09|43|3.56|6|168|22|7224.0
202411|ADM|11|27110|27110000|인천|성남시|인계동|4115000000|서초1동|1|70|0|1|8|1456|33|33|480|93158|21011.0|7184.0|6864.0|6963.0|18756|5097|6716|693363.0|237072.0|226512.0|229779.0|2542929|2198546|933611|409143|5|18|6|0|6203494|12416229|4758792|1080091|7.65|3|3.9|126|304|385|912.0
202411|CNTY_GU|44|11140|47110000|대구|수원시|서초동|4511000000|인계동|1|40|2|2|7|474|376|376|632|59137|39003.0|16229.0|5165.0|17609.0|30679|13812|3619|14665128.0|6102104.0|1942040.0|6620984.0|2945787|2733139|876561|389383|51|180|72|3|845427|15017225|1719316|39551|5.73|33|4.56|69|432|47|14256.0
202411|CNTY_GU|45|41150|43110000|서울|성남시|인계동|1111000000|인계동|2|30|0|1|2|1692|145|145|622|84403|41010.0|16982.0|7592.0|16436.0|30729|12487|5987|5946450.0|2462390.0|1100840.0|2383220.0|3933611|549264|865817|393995|29|79|31|11|4655003|18129398|2306907|1032864|5.49|11|2.6|111|347|445|3817.0
202411|ADM|44|46110|27110000|부산|강남구|인계동|2811000000|서초1동|1|25|1|1|6|1181|114|114|174|70096|9814.0|6703.0|2856.0|255.0|9110|5060|2394|1118796.0|764142.0|325584.0|29070.0|1147498|751702|404957|474387|14|47|29|9|7499362|15508099|4703870|710191|2.9|16|2.29|57|263|264|4208.0
202411|ADM|26|47110|41130000|서울|서초구|역삼동|2711000000|서초1동|1|20|0|1|10|1739|476|476|436|97502|9631.0|7335.0|2057.0|239.0|9456|6409|1738|4584356.0|3491460.0|979132.0|113764.0|890740|770397|858703|491318|51|212|108|19|439314|12129268|1601609|1696771|4.28|10|1.4|60|149|332|1490.0
202411|CNTY_GU|41|11200|11110000|서울|성남시|인계동|4111000000|인계동|1|65|2|1|1|1721|460|460|85|37623|6841.0|3280.0|2610.0|951.0|5989|2745|2098|3146860.0|1508800.0|1200600.0|437460.0|2123749|1390672|260285|41415|58|236|91|6|2887507|12074811|1932255|711570|3.31|5|1.36|113|277|138|1385.0
202411|PRVNC|26|26110|11170000|서울|성남시|인계동|2611000000|인계동|1|65|1|1|2|726|358|358|754|26493|3736.0|2251.0|671.0|814.0|2899|2235|518|1337488.0|805858.0|240218.0|291412.0|4896140|955237|55203|405995|73|195|89|31|7924349|6289933|434714|481447|5.62|37|4.67|15|188|30|6956.0
202411|CNTY_GU|26|41130|28110000|서울|강남구|인계동|1120000000|역삼1가|1|55|0|2|10|382|479|479|816|18377|4734.0|3787.0|1704.0|0.0|4034|3325|1300|2267586.0|1813973.0|816216.0|0.0|1149242|273486|50191|159888|80|231|49|1|6259052|19431308|233674|1840814|2.13|38|4.79|115|210|378|7980.0
202411|CNTY_GU|11|41130|47110000|서울|강남구|인계동|2811000000|서초1동|2|60|2|1|7|50|204|204|323|89788|36004.0|17715.0|10079.0|8210.0|26830|17584|7636|7344816.0|3613860.0|2056116.0|1674840.0|2073914|97976|827427|331953|42|88|31|6|6144883|2612974|4271751|1610223|2.63|30|1.55|175|263|227|7890.0
202411|CNTY_GU|46|42110|26110000|서울|성남시|인계동|4511000000|서초1동|2|35|3|1|2|764|268|268|457|79961|1113.0|403.0|186.0|524.0|1061|362|135|298284.0|108004.0|49848.0|140432.0|1557871|2346481|745738|47207|32|140|41|23|7686770|18127239|1279593|630422|2.49|8|4.22|65|178|181|1424.0
202411|ADM|42|45110|46110000|서울|수원시|서초동|1114000000|서초1동|2|40|3|2|7|369|267|267|847|63917|12118.0|8661.0|3134.0|323.0|9054|6315|2306|3235506.0|2312487.0|836778.0|86241.0|547859|240109|477347|266401|42|109|37|14|8270415|11218128|1568166|1165953|6.03|12|2.6|129|453|300|5436.0
202411|CNTY_GU|46|26140|41130000|경기|강남구|인계동|4311000000|인계동|1|65|1|1|4|33|132|132|570|22150|5517.0|1908.0|1957.0|1652.0|4358|1524|1572|728244.0|251856.0|258324.0|218064.0|1107264|1325510|796218|248311|21|62|27|4|3353967|17524966|1633526|1253232|5.75|8|2.18|61|279|445|2232.0
202411|CNTY_GU|46|11170|46110000|서울|강남구|역삼동|2611000000|서초1동|2|55|2|2|1|1210|215|215|985|38260|1227.0|559.0|303.0|365.0|1198|397|251|263805.0|120185.0|65145.0|78475.0|2146231|1126774|537943|378142|42|90|31|12|4216172|4135944|846969|1666253|5.51|14|4.16|112|287|95|4018.0
202411|ADM|27|42110|45110000|대구|강남구|서초동|2711000000|서초1동|2|45|3|1|6|1992|135|135|403|82604|41068.0|19854.0|5505.0|15709.0|29923|15240|3855|5544180.0|2680290.0|743175.0|2120715.0|1210033|2646422|705161|457431|33|70|26|0|5260658|6346731|1736854|141640|2.01|2|4.63|135|284|409|568.0
202411|ADM|11|11200|41110000|서울|성남시|역삼동|4711000000|인계동|1|35|1|1|3|237|352|352|120|22727|49799.0|20809.0|14386.0|14604.0|47517|19381|11215|17529248.0|7324768.0|5063872.0|5140608.0|1942959|983091|405381|10172|83|180|93|7|5774887|16749443|607312|480858|6.75|0|1.16|89|0|236|0.0
202411|PRVNC|27|45110|41110000|대구|수원시|서초동|4111000000|역삼1가|1|25|1|1|7|1158|118|118|386|46207|42980.0|31020.0|13159.0|0.0|30969|31002|9453|5071640.0|3660360.0|1552762.0|0.0|4060798|903871|5218|364018|19|66|29|3|6311417|15435073|1385357|274069|7.21|15|4.08|70|101|112|1515.0
202411|ADM|27|46110|47110000|대구|서초구|인계동|4611000000|인계동|1|60|1|1|2|1744|429|429|996|45127|30793.0|21721.0|12148.0|0.0|30368|19640|9951|13210197.0|9318309.0|5211492.0|0.0|2821841|331242|896539|210569|53|200|91|20|949962|19895614|4312270|1940121|3.15|30|3.66|28|233|296|6990.0
202411|ADM|41|28110|26110000|부산|성남시|서초동|2811000000|역삼1가|1|20|0|1|8|1516|2|2|456|26457|23065.0|8355.0|3587.0|11123.0|18683|6198|3468|46130.0|16710.0|7174.0|22246.0|3434768|117444|305587|227219|0|1|0|0|5381073|17652183|1150390|1303904|3.88|0|4.02|30|0|79|0.0
202411|ADM|11|43110|42110000|서울|서초구|역삼동|1117000000|인계동|1|30|1|2|2|1162|308|308|976|28851|31997.0|15599.0|10149.0|6249.0|27797|13397|7328|9855076.0|4804492.0|3125892.0|1924692.0|4561997|1734398|222226|412618|59|139|49|9|7291403|14030564|4105142|1385983|4.65|35|1.62|34|88|249|3080.0
202411|ADM|44|11110|45110000|부산|강남구|인계동|2614000000|역삼1가|2|30|3|1|8|1290|243|243|866|58996|4430.0|2505.0|1031.0|894.0|4140|2078|736|1076490.0|608715.0|250533.0|217242.0|3029818|647051|608895|108945|56|100|36|16|2106400|14144689|4358340|595364|4.24|22|1.21|74|386|245|8492.0
202411|ADM|27|26110|44130000|경기|강남구|서초동|4711000000|서초1동|2|35|3|1|9|1014|96|96|491|29120|9782.0|7183.0|2407.0|192.0|8499|6922|1823|939072.0|689568.0|231072.0|18432.0|2053984|2515393|317641|131140|23|57|9|2|5631483|3945115|4733241|1084277|6.85|8|1.83|174|322|475|2576.0
202411|ADM|11|47110|11170000|서울|강남구|서초동|4611000000|역삼1가|2|40|0|1|10|1821|460|460|627|31866|47352.0|30422.0|14755.0|2175.0|41401|28553|11048|21781920.0|13994120.0|6787300.0|1000500.0|2242440|1895602|431932|442250|57|201|63|32|1654319|13708442|1733005|932606|2.21|60|1.44|143|336|495|20160.0
202411|PRVNC|46|42110|11110000|인천|강남구|역삼동|2611000000|역삼1가|2|35|2|1|3|458|285|285|618|35222|24251.0|14087.0|8231.0|1933.0|20849|10440|5972|6911535.0|4014795.0|2345835.0|550905.0|401095|1377477|180608|72449|55|131|82|17|4083122|16397423|1778980|1838803|6.59|32|2.82|34|23|293|736.0
202411|ADM|47|11200|41130000|대구|강남구|인계동|2811000000|서초1동|2|30|2|2|10|917|493|493|590|75187|28058.0|21506.0|10834.0|0.0|27370|21067|9475|13832594.0|10602458.0|5341162.0|0.0|4616507|1783970|670860|315997|141|280|130|13|8042574|3163599|1478841|1761380|3.99|64|2.45|88|397|495|25408.0
202411|PRVNC|27|26110|27110000|경기|강남구|인계동|4211000000|역삼1가|1|65|2|1|2|502|119|119|64|32193|10192.0|7832.0|3504.0|0.0|7462|7195|3142|1212848.0|932008.0|416976.0|0.0|2806460|1364006|19507|253164|15|49|17|4|6860631|6667962|2404956|61488|7.65|7|1.55|74|224|23|1568.0
202411|ADM|43|41130|41110000|대구|강남구|인계동|1120000000|역삼1가|1|50|2|1|6|557|322|322|824|62284|32328.0|10943.0|4361.0|17024.0|27409|9136|3934|10409616.0|3523646.0|1404242.0|5481728.0|277104|938438|370385|112594|87|173|73|30|6797489|11259004|2685767|999891|4.7|31|4.88|22|263|114|8153.0
202411|ADM|43|47110|47110000|부산|성남시|서초동|4711000000|인계동|1|55|3|1|4|1972|337|337|189|56827|45509.0|15025.0|13680.0|16804.0|33060|12848|11798|15336533.0|5063425.0|4610160.0|5662948.0|3823025|1975604|651682|117697|85|152|78|2|3828227|6201193|2149539|717644|3.98|29|2.86|48|408|317|11832.0
202411|ADM|42|44130|42110000|경기|성남시|역삼동|1117000000|인계동|1|20|0|1|5|739|326|326|988|82188|21369.0|9539.0|7949.0|3881.0|17856|7055|6120|6966294.0|3109714.0|2591374.0|1265206.0|2011964|146118|864295|216885|38|153|91|25|6892943|545047|4792180|1614552|6.12|7|1.82|178|435|480|3045.0
202411|CNTY_GU|27|28110|11200000|부산|수원시|역삼동|4111000000|역삼1가|2|40|0|1|1|1605|217|217|99|31036|43890.0|15729.0|14627.0|13534.0|30927|14556|12048|9524130.0|3413193.0|3174059.0|2936878.0|66625|1246019|270496|11166|48|116|41|16|6715948|2707473|2452605|1430342|4.97|23|3.13|71|37|497|851.0
202411|ADM|42|27110|41130000|인천|서초구|서초동|4111000000|인계동|2|30|2|2|4|934|348|348|803|39505|13024.0|4982.0|4669.0|3373.0|10865|4020|3935|4532352.0|1733736.0|1624812.0|1173804.0|3306345|2409489|604289|41171|78|169|92|5|5068518|9568309|2698710|1068277|6.33|45|3.01|43|421|230|18945.0
202411|CNTY_GU|43|26110|46110000|인천|강남구|서초동|4711000000|인계동|1|40|2|2|5|849|486|486|473|71447|32987.0|18608.0|4905.0|9474.0|27554|16050|4007|16031682.0|9043488.0|2383830.0|4604364.0|605449|231201|547065|42732|138|209|68|12|5095911|1402089|2824965|1027954|5.48|21|1.96|83|123|376|2583.0
202411|ADM|27|11140|27110000|인천|강남구|서초동|2711000000|서초1동|2|30|1|1|2|773|125|125|873|59743|38577.0|15792.0|4969.0|17816.0|36700|14696|4919|4822125.0|1974000.0|621125.0|2227000.0|2475132|854781|474026|391763|31|72|34|5|741490|1619417|1480166|694924|2.7|6|2.5|154|351|142|2106.0
202411|ADM|26|45110|43110000|인천|수원시|인계동|4113000000|인계동|1|40|0|2|3|1493|154|154|357|90963|18033.0|7872.0|1883.0|8278.0|16446|7462|1664|2777082.0|1212288.0|289982.0|1274812.0|570766|341573|83205|444146|29|87|43|1|8150071|3802355|2381349|1290154|3.49|14|1.38|74|482|353|6748.0
202411|CNTY_GU|43|47110|41130000|경기|성남시|역삼동|2614000000|인계동|2|20|0|2|5|1689|74|74|13|34009|28921.0|13196.0|6559.0|9166.0|22326|12098|5763|2140154.0|976504.0|485366.0|678284.0|83416|1588141|279261|114644|22|36|10|0|2634879|19362665|2726965|149370|3.27|10|2.09|87|30|152|300.0
202411|ADM|42|11110|41110000|경기|성남시|서초동|1111000000|서초1동|1|45|1|2|6|1506|3|3|384|85478|21524.0|11842.0|5061.0|4621.0|20791|10459|4987|64572.0|35526.0|15183.0|13863.0|4256868|1471522|78762|230317|0|1|0|0|9860638|19844483|4724528|1697529|4.83|0|1.61|119|0|484|0.0
202411|CNTY_GU|46|42110|26140000|부산|서초구|서초동|4511000000|서초1동|2|25|1|1|3|1644|406|406|666|10990|16454.0|7372.0|3869.0|5213.0|12715|6432|3083|6680324.0|2993032.0|1570814.0|2116478.0|459024|1430216|749145|24827|109|179|48|19|257486|15892988|526967|1920180|4.73|2|2.7|65|126|94|252.0
202411|ADM|26|41150|28110000|경기|성남시|서초동|4611000000|서초1동|2|65|1|2|1|679|157|157|679|63679|23970.0|17742.0|5409.0|819.0|19803|15023|3954|3763290.0|2785494.0|849213.0|128583.0|1476272|1920226|623403|132170|41|82|30|5|9499114|14253820|961725|55613|6.88|4|3.18|161|364|439|1456.0
202411|ADM|44|11200|41110000|경기|성남시|역삼동|4711000000|서초1동|2|40|0|1|1|435|294|294|157|51817|48767.0|26068.0|9225.0|13474.0|39802|23316|7498|14337498.0|7663992.0|2712150.0|3961356.0|2037969|1979620|448224|351032|80|139|41|16|2838485|8094712|3996783|971472|7.51|43|1.72|89|316|252|13588.0
202411|ADM|44|44130|45110000|인천|강남구|인계동|4711000000|역삼1가|1|60|3|1|1|61|304|304|457|77913|44538.0|25926.0|10327.0|8285.0|39021|20141|8006|13539552.0|7881504.0|3139408.0|2518640.0|1102659|2111616|99034|377626|40|181|43|16|1919097|15339300|3756660|988723|3.42|15|4.59|117|278|226|4170.0
202411|CNTY_GU|11|43110|26140000|서울|성남시|역삼동|2611000000|역삼1가|1|50|0|2|2|1741|300|300|994|71603|23230.0|13018.0|7934.0|2278.0|20918|10726|5985|6969000.0|3905400.0|2380200.0|683400.0|3754943|2841809|678703|243747|75|163|63|25|6742301|10460904|315497|95252|6.08|30|2.91|16|329|85|9870.0
202411|CNTY_GU|44|27110|28110000|부산|서초구|역삼동|4111000000|서초1동|2|25|0|1|9|524|398|398|578|65701|48910.0|18730.0|12746.0|17434.0|41823|18105|10079|19466180.0|7454540.0|5072908.0|6938732.0|1792872|558551|138553|471746|106|228|106|21|8625162|9704233|4702696|463177|5.53|12|1.16|53|271|238|3252.0
202411|CNTY_GU|46|11200|11170000|인천|수원시|서초동|4115000000|인계동|2|50|0|1|7|1683|165|165|744|91417|15082.0|10591.0|4212.0|279.0|13517|9355|4028|2488530.0|1747515.0|694980.0|46035.0|2127496|958541|185381|287049|37|88|44|10|7116744|7224135|1881783|327656|3.95|7|3.94|166|457|405|3199.0
202411|PRVNC|45|45110|26110000|인천|수원시|인계동|4111000000|역삼1가|1|25|1|2|5|125|83|83|600|60872|9275.0|3317.0|2984.0|2974.0|6769|3123|2560|769825.0|275311.0|247672.0|246842.0|683762|1638404|489581|127938|21|47|20|1|1567309|8435861|2684572|1451177|2.99|11|3.81|32|410|5|4510.0
202411|CNTY_GU|44|46110|45110000|경기|강남구|역삼동|4311000000|서초1동|2|30|0|1|1|1763|444|444|727|49678|16628.0|12792.0|4911.0|0.0|12626|10711|4248|7382832.0|5679648.0|2180484.0|0.0|1814457|2834838|417127|329458|116|181|44|40|6844197|11360913|1028005|198589|2.95|37|2.26|89|446|288|16502.0
202411|PRVNC|43|46110|11170000|인천|강남구|인계동|4211000000|인계동|2|55|0|2|5|1627|115|115|468|29238|43280.0|26381.0|13915.0|2984.0|34861|21303|11723|4977200.0|3033815.0|1600225.0|343160.0|3684237|24643|285071|394700|23|61|30|4|6211879|12006904|4381083|45569|5.32|3|3.28|104|368|351|1104.0
202411|CNTY_GU|27|27110|47110000|경기|강남구|역삼동|4611000000|서초1동|1|30|3|2|1|1042|379|379|961|45091|3506.0|1389.0|1045.0|1072.0|3232|1161|951|1328774.0|526431.0|396055.0|406288.0|2907412|2706230|506644|408180|54|213|39|34|5255940|11771488|4023618|965847|4.68|56|3.51|63|468|204|26208.0
202411|ADM|26|42110|11170000|서울|강남구|서초동|4711000000|서초1동|2|25|0|1|10|1389|4|4|277|55987|7899.0|3777.0|2151.0|1971.0|7646|2725|1971|31596.0|15108.0|8604.0|7884.0|1425055|734698|775113|144496|0|2|0|0|8731820|14955692|1670554|1042410|2.56|0|2.83|137|0|172|0.0
202411|ADM|42|41150|11110000|대구|강남구|서초동|1111000000|역삼1가|1|70|0|1|7|1638|438|438|15|42777|4932.0|2570.0|1182.0|1180.0|4237|2379|1169|2160216.0|1125660.0|517716.0|516840.0|1176219|2827915|35138|129324|83|243|102|26|9597874|15469105|4917332|1281060|6.98|12|4.22|167|210|384|2520.0
202411|ADM|44|11110|11200000|경기|수원시|역삼동|4611000000|역삼1가|2|30|1|1|5|1393|157|157|508|83111|32542.0|19999.0|10675.0|1868.0|28802|18251|9747|5109094.0|3139843.0|1675975.0|293276.0|2735407|725208|658491|161014|35|82|23|4|1680936|9985110|4981837|1776926|7.13|15|3.76|18|98|135|1470.0
202411|ADM|41|11200|41110000|서울|성남시|역삼동|4711000000|인계동|1|60|2|2|8|1656|448|448|239|94276|12644.0|5434.0|3256.0|3954.0|10621|4891|2684|5664512.0|2434432.0|1458688.0|1771392.0|2448351|2875619|64106|243114|87|238|77|28|9837226|13741655|3513815|1905277|2.15|33|3.15|140|193|28|6369.0
202411|CNTY_GU|45|42110|44130000|서울|서초구|인계동|4111000000|역삼1가|2|60|1|1|10|744|432|432|697|14068|12441.0|6240.0|2600.0|3601.0|10136|5156|2392|5374512.0|2695680.0|1123200.0|1555632.0|700908|703032|821649|214678|116|215|117|25|5380241|5514951|2672456|1116097|7.55|52|1.86|56|286|222|14872.0
202411|ADM|41|11170|44130000|경기|성남시|인계동|1114000000|서초1동|2|25|1|2|9|1158|198|198|357|55036|18262.0|7320.0|4062.0|6880.0|14259|5237|2978|3615876.0|1449360.0|804276.0|1362240.0|3389089|1728657|155406|461424|28|108|44|5|9934710|9261202|2036984|1453258|6.48|26|3.21|49|364|68|9464.0
202411|PRVNC|42|41110|46110000|서울|강남구|인계동|1114000000|역삼1가|2|35|3|2|1|1648|239|239|889|53204|22989.0|12301.0|6342.0|4346.0|18105|9100|4927|5494371.0|2939939.0|1515738.0|1038694.0|1272732|2692072|641425|143659|30|122|55|22|2649281|12700133|2626060|590236|3.93|4|2.34|110|152|212|608.0
202411|ADM|27|46110|47110000|경기|수원시|인계동|4311000000|역삼1가|1|70|3|2|2|120|434|434|463|88510|16252.0|12602.0|5186.0|0.0|15728|10258|3953|7053368.0|5469268.0|2250724.0|0.0|3264249|360978|926712|199006|81|220|128|28|7868504|13337838|4964611|767532|4.34|11|1.75|95|50|53|550.0
202411|CNTY_GU|26|45110|11170000|대구|성남시|서초동|4115000000|역삼1가|2|25|0|1|4|860|188|188|247|18834|24160.0|16252.0|3068.0|4840.0|20047|13358|2277|4542080.0|3055376.0|576784.0|909920.0|4325041|1388844|240539|424579|23|100|53|18|9124654|1096352|1228533|1207090|7.46|8|4.12|141|407|45|3256.0
202411|ADM|27|42110|11110000|경기|서초구|인계동|4611000000|역삼1가|1|50|0|1|6|207|346|346|71|65380|13661.0|8468.0|2756.0|2437.0|12328|6170|1981|4726706.0|2929928.0|953576.0|843202.0|1874086|1411446|360095|231736|67|174|37|14|486876|4118688|3676402|69060|4.41|51|3.77|63|329|289|16779.0
202411|ADM|26|47110|41110000|부산|강남구|인계동|4413000000|서초1동|2|30|1|1|5|1441|162|162|914|96644|15936.0|8172.0|1878.0|5886.0|15628|7053|1365|2581632.0|1323864.0|304236.0|953532.0|4601300|1551075|862181|350953|36|65|47|7|9314976|11113912|3928535|527402|4.89|10|3.54|85|262|228|2620.0
202411|ADM|41|11200|41110000|대구|서초구|인계동|2811000000|서초1동|2|40|1|1|9|181|101|101|874|84876|0.0|0.0|0.0|0.0|0|0|0|0.0|0.0|0.0|0.0|3080411|1827552|994188|260212|17|45|13|4|9930205|341926|3382747|487141|3.32|13|4.49|109|472|95|6136.0
202411|CNTY_GU|43|46110|43110000|인천|성남시|역삼동|1111000000|서초1동|1|35|0|2|4|1559|411|411|547|34923|25919.0|8697.0|6806.0|10416.0|25653|7670|4971|10652709.0|3574467.0|2797266.0|4280976.0|3672756|768468|139405|456398|121|191|71|16|6617889|10076860|4702962|693942|4.66|14|1.38|68|188|320|2632.0
202411|ADM|41|45110|44130000|대구|서초구|인계동|4115000000|서초1동|2|45|2|1|1|1247|107|107|338|44675|26597.0|17178.0|6895.0|2524.0|25169|15648|5421|2845879.0|1838046.0|737765.0|270068.0|3538616|2123642|491844|158265|20|49|25|2|2606504|16872195|3489227|703518|7.91|13|2.1|112|167|454|2171.0
202411|CNTY_GU|47|42110|45110000|대구|서초구|서초동|2711000000|서초1동|2|50|3|1|10|1448|207|207|947|91141|45927.0|17048.0|14129.0|14750.0|44658|14774|10831|9506889.0|3528936.0|2924703.0|3053250.0|1360235|2511539|492945|470651|28|92|50|10|174643|15691500|2258184|79309|6.88|2|1.44|44|173|81|346.0
202411|CNTY_GU|45|41150|11110000|경기|수원시|서초동|1114000000|역삼1가|1|55|1|2|5|93|8|8|653|35060|0.0|0.0|0.0|0.0|0|0|0|0.0|0.0|0.0|0.0|471638|1643338|247396|160379|0|4|0|0|1785213|11289371|1055081|494570|7.28|0|2.44|48|0|165|0.0
202411|ADM|27|11110|27110000|인천|수원시|인계동|4113000000|서초1동|1|70|3|1|7|659|134|134|813|98286|35298.0|24183.0|11244.0|0.0|32383|19352|10552|4729932.0|3240522.0|1506696.0|0.0|4334734|2268037|942675|92184|32|59|35|0|5553491|3801807|4720127|1641729|7.7|17|3.98|166|287|157|4879.0
202411|CNTY_GU|41|11110|26110000|대구|강남구|서초동|2711000000|역삼1가|2|25|3|2|1|1060|79|79|694|98271|5127.0|2491.0|792.0|1844.0|3968|2408|671|405033.0|196789.0|62568.0|145676.0|2851977|62207|332302|359323|16|45|15|4|8604241|8485728|3025903|870161|3.09|8|4.66|131|102|109|816.0
202411|PRVNC|47|46110|26110000|부산|수원시|역삼동|4611000000|인계동|2|40|1|2|6|1957|138|138|467|35009|37134.0|27393.0|4520.0|5221.0|30019|20081|3369|5124492.0|3780234.0|623760.0|720498.0|808827|821667|242760|162177|21|70|41|4|4215951|13815284|4491329|1230866|4.05|18|4.61|69|319|483|5742.0
202411|ADM|27|11200|41130000|서울|성남시|인계동|2611000000|서초1동|2|60|1|1|7|938|263|263|107|20026|0.0|0.0|0.0|0.0|0|0|0|0.0|0.0|0.0|0.0|1719473|882199|971713|312912|52|113|52|0|151885|15318767|971610|461282|7.74|37|1.83|92|70|54|2590.0
202411|CNTY_GU|46|42110|11200000|인천|서초구|역삼동|4511000000|역삼1가|1|40|1|1|4|1102|167|167|536|86849|4353.0|3188.0|1317.0|0.0|3092|2725|1265|726951.0|532396.0|219939.0|0.0|1525893|2782805|857170|377739|38|76|36|16|7780228|9684947|4414307|1169629|7.87|17|2.22|113|417|303|7089.0
202411|ADM|41|26110|45110000|대구|수원시|서초동|2711000000|역삼1가|1|60|3|1|10|619|35|35|555|62849|44296.0|20990.0|5900.0|17406.0|44056|15094|4211|1550360.0|734650.0|206500.0|609210.0|1698339|1101511|125254|99070|6|19|3|0|753956|1829444|4460838|1590965|6.79|2|4.6|11|326|362|652.0
202411|ADM|11|45110|28110000|대구|수원시|역삼동|4311000000|서초1동|1|20|1|1|5|1510|69|69|736|26268|18367.0|13899.0|1984.0|2484.0|16158|12644|1417|1267323.0|959031.0|136896.0|171396.0|2881146|971918|659678|498410|18|33|7|5|1893470|19023401|2346549|1581851|6.9|3|1.99|27|57|268|171.0
202411|ADM|26|27110|26110000|경기|수원시|서초동|2614000000|역삼1가|2|35|0|2|2|380|333|333|134|17846|23763.0|12403.0|6126.0|5234.0|23443|10241|5720|7913079.0|4130199.0|2039958.0|1742922.0|4334955|1646505|454620|480558|83|138|84|17|8968269|12368230|4168309|1031836|4.58|0|3.64|123|0|109|0.0
202411|ADM|47|11200|11170000|인천|성남시|인계동|1117000000|역삼1가|2|40|0|1|8|1456|8|8|583|59448|7071.0|5610.0|2672.0|0.0|6858|4312|2512|56568.0|44880.0|21376.0|0.0|56115|289952|193750|131195|1|4|1|0|9071917|8108338|4213053|1479401|2.46|1|3.98|110|244|73|244.0
202411|ADM|47|11170|11200000|서울|수원시|역삼동|1114000000|인계동|1|50|0|1|3|1909|4|4|82|87550|21622.0|6814.0|6017.0|8791.0|17230|6489|4213|86488.0|27256.0|24068.0|35164.0|2891197|2803796|692678|144846|0|2|0|0|8820679|1967623|3708291|1244358|6.42|0|2.12|119|0|0|0.0
202411|PRVNC|43|41150|45110000|인천|성남시|역삼동|2811000000|인계동|2|40|1|1|9|86|449|449|214|66056|8709.0|3690.0|1160.0|3859.0|7024|3660|1026|3910341.0|1656810.0|520840.0|1732691.0|1483693|2080505|852977|7722|94|246|102|26|6935856|10256287|4530074|296612|2.45|12|2.37|88|398|83|4776.0
202411|ADM|27|27110|11140000|경기|서초구|서초동|4111000000|역삼1가|2|55|3|1|2|101|95|95|224|43433|42474.0|24532.0|14751.0|3191.0|32888|23313|12187|4035030.0|2330540.0|1401345.0|303145.0|940697|809572|72660|438694|18|44|27|4|9746447|17314396|354607|599923|3.64|9|2.04|128|10|311|90.0
202411|PRVNC|47|41150|26110000|부산|서초구|역삼동|4511000000|서초1동|1|65|1|1|6|1940|21|21|49|73553|41871.0|21197.0|7539.0|13135.0|38539|20668|6909|879291.0|445137.0|158319.0|275835.0|4177841|1059610|926705|255237|5|9|4|1|9478933|922731|2558293|1200029|3.39|2|1.61|68|266|372|532.0
202411|CNTY_GU|41|27110|41150000|대구|성남시|인계동|1111000000|서초1동|2|30|0|1|7|1443|429|429|215|15848|0.0|0.0|0.0|0.0|0|0|0|0.0|0.0|0.0|0.0|4685770|1457390|737008|353670|43|184|61|33|6283769|3822944|4857234|1387688|5.08|40|2.48|143|218|475|8720.0
202411|ADM|43|47110|26110000|경기|성남시|인계동|1111000000|인계동|1|40|0|2|8|484|207|207|488|79704|19098.0|6248.0|2083.0|10767.0|16336|5704|2056|3953286.0|1293336.0|431181.0|2228769.0|1674326|2335600|4222|194677|59|87|50|16|8623114|18453961|3525928|641443|3.39|17|3.37|116|143|47|2431.0
202411|ADM|45|42110|47110000|인천|수원시|인계동|4413000000|역삼1가|1|60|0|1|7|1560|422|422|269|77473|19717.0|11382.0|5255.0|3080.0|18332|8235|4386|8320574.0|4803204.0|2217610.0|1299760.0|4082145|2884921|101005|461072|60|169|74|18|1733655|15416931|2876088|276825|3.19|31|2.93|148|276|164|8556.0
202411|CNTY_GU|26|41110|11170000|인천|성남시|서초동|1114000000|인계동|2|25|0|1|9|520|316|316|121|44090|22529.0|14340.0|2429.0|5760.0|16031|10957|1853|7119164.0|4531440.0|767564.0|1820160.0|1550823|2359408|40135|447055|91|134|65|27|2696473|18305623|2665033|256335|3.44|25|3.87|114|221|35|5525.0
202411|CNTY_GU|43|42110|11140000|부산|서초구|인계동|4311000000|인계동|1|40|3|2|8|853|175|175|450|44006|8334.0|4327.0|3264.0|743.0|8156|3867|2457|1458450.0|757225.0|571200.0|130025.0|2373373|931715|176206|297291|36|92|35|9|6852664|5988915|2403572|726522|3.04|11|1.6|159|242|180|2662.0
202411|CNTY_GU|43|11140|28110000|인천|서초구|인계동|1120000000|인계동|2|35|2|2|5|591|194|194|896|54946|20921.0|10556.0|6341.0|4024.0|18446|7878|5686|4058674.0|2047864.0|1230154.0|780656.0|4162624|1709958|471328|284743|31|100|27|11|759616|19423825|1711784|168741|4.95|26|3.4|94|356|226|9256.0
202411|ADM|47|42110|28110000|인천|서초구|인계동|4113000000|역삼1가|2|45|0|1|6|716|113|113|335|89558|37087.0|18569.0|9328.0|9190.0|27329|13389|9233|4190831.0|2098297.0|1054064.0|1038470.0|2011874|2070282|59242|301645|15|49|22|1|7597917|15586081|4878311|776761|2.6|8|1.81|165|295|225|2360.0
202411|ADM|46|41130|41150000|부산|성남시|서초동|1120000000|서초1동|1|70|0|1|6|642|10|10|190|39626|17234.0|11291.0|2341.0|3602.0|15474|10069|2003|172340.0|112910.0|23410.0|36020.0|3542153|1516099|927655|131678|2|5|1|0|6369718|1244103|4955672|699608|4.46|1|2.03|33|356|231|356.0
202411|ADM|47|45110|41110000|서울|서초구|역삼동|4413000000|역삼1가|1|45|3|2|2|1538|4|4|668|44389|35684.0|14242.0|5336.0|16106.0|34982|12177|3930|142736.0|56968.0|21344.0|64424.0|2225490|296134|307815|461604|0|1|0|0|7870066|7770855|2402980|978549|2.09|0|1.75|101|0|405|0.0
202411|CNTY_GU|44|28110|41150000|경기|성남시|역삼동|4111000000|역삼1가|2|70|0|2|8|672|345|345|458|49434|14863.0|5421.0|3050.0|6392.0|13757|4637|2294|5127735.0|1870245.0|1052250.0|2205240.0|1249073|1856764|439358|137064|98|138|46|26|5979957|10262986|1008801|101226|7.72|0|3.79|108|0|48|0.0
202411|CNTY_GU|41|43110|11140000|서울|성남시|서초동|4111000000|인계동|2|50|3|1|2|707|424|424|98|12917|26226.0|12349.0|6651.0|7226.0|20513|11592|5264|11119824.0|5235976.0|2820024.0|3063824.0|426302|724614|382113|218114|42|232|127|7|7519697|8802899|810569|584065|5.02|30|4.84|106|356|403|10680.0
202411|ADM|26|47110|46110000|대구|강남구|역삼동|1114000000|인계동|2|40|1|1|3|1109|437|437|557|80673|19936.0|7639.0|2145.0|10152.0|15561|5995|1883|8712032.0|3338243.0|937365.0|4436424.0|1324073|2662360|880049|345707|83|202|99|33|7396659|920082|4748555|1312061|5.09|36|3.63|19|486|472|17496.0
202411|CNTY_GU|11|41110|44130000|부산|강남구|역삼동|2611000000|역삼1가|2|40|0|2|5|1931|371|371|290|69609|23053.0|10605.0|3165.0|9283.0|21503|9105|2572|8552663.0|3934455.0|1174215.0|3443993.0|333843|521718|878894|101045|81|163|70|17|4955374|2977162|1103986|888375|2.08|28|3.55|175|346|302|9688.0
202411|CNTY_GU|47|47110|42110000|경기|성남시|인계동|1111000000|서초1동|2|50|2|2|9|196|222|222|389|55990|10949.0|4658.0|2579.0|3712.0|10398|4537|2380|2430678.0|1034076.0|572538.0|824064.0|3320388|2016666|213919|58285|26|118|41|5|6771813|2218677|4248518|1059224|3.66|1|4.82|65|347|247|347.0
202411|ADM|41|26140|47110000|인천|강남구|서초동|2611000000|역삼1가|2|25|1|2|7|17|268|268|484|16591|2497.0|1385.0|455.0|657.0|2260|974|448|669196.0|371180.0|121940.0|176076.0|1365147|46724|65810|122421|77|155|29|10|5053836|15848728|300294|1671465|2.65|2|1.59|16|143|27|286.0
202411|CNTY_GU|43|43110|41150000|서울|성남시|서초동|2811000000|인계동|1|30|3|2|1|700|91|91|411|59295|8702.0|5126.0|3081.0|495.0|7240|3596|2270|791882.0|466466.0|280371.0|45045.0|4535032|2792128|717726|117432|26|42|19|3|2746605|16025182|3362284|1685475|6.69|3|4.39|32|152|275|456.0
202411|CNTY_GU|26|45110|43110000|대구|강남구|서초동|1111000000|서초1동|2|20|3|2|5|830|319|319|188|65559|49930.0|22705.0|16325.0|10900.0|42038|16031|15059|15927670.0|7242895.0|5207675.0|3477100.0|3618250|2364474|455864|373738|56|153|50|2|583021|2481992|4195911|1007358|3.65|16|1.67|126|68|168|1088.0
202411|CNTY_GU|27|41130|26110000|부산|성남시|서초동|4113000000|서초1동|1|60|3|2|5|1695|365|365|58|20202|47241.0|22616.0|10349.0|14276.0|38673|18275|8569|17242965.0|8254840.0|3777385.0|5210740.0|3326989|681081|217076|412592|39|207|94|0|6353568|2456280|4074971|990388|3.58|35|1.82|36|379|438|13265.0
202411|CNTY_GU|44|41150|41130000|경기|수원시|서초동|4311000000|인계동|1|45|0|1|4|1383|458|458|474|61607|39386.0|17815.0|8327.0|13244.0|34134|15958|6694|18038788.0|8159270.0|3813766.0|6065752.0|638538|1005461|421740|94561|87|216|89|37|647752|12561778|1660286|797272|2.16|1|1.5|119|77|78|77.0
202411|ADM|47|43110|47110000|서울|서초구|인계동|4211000000|역삼1가|2|40|1|2|2|464|378|378|610|17230|31700.0|25142.0|11530.0|0.0|28615|19337|9474|11982600.0|9503676.0|4358340.0|0.0|1116930|2716693|286490|320532|66|173|93|34|1520432|19607034|4003674|1110442|4.62|54|3.5|152|34|357|1836.0
202411|CNTY_GU|26|45110|11170000|인천|강남구|역삼동|2711000000|서초1동|2|40|0|1|5|830|218|218|910|45776|11690.0|6755.0|3514.0|1421.0|8471|6347|2704|2548420.0|1472590.0|766052.0|309778.0|1225571|75018|47019|476510|37|123|55|16|1254875|17711762|2458968|1811728|7.58|9|1.32|50|428|148|3852.0
202411|ADM|42|26140|26110000|부산|성남시|역삼동|2611000000|역삼1가|2|45|0|1|6|315|457|457|959|99321|14147.0|10307.0|4841.0|0.0|10291|9016|3859|6465179.0|4710299.0|2212337.0|0.0|4335078|1616488|746406|370811|94|238|49|12|8809385|14101588|347528|879217|3.65|22|4.0|147|302|166|6644.0
202411|PRVNC|27|11140|41110000|대구|서초구|서초동|1120000000|인계동|2|65|2|2|6|1586|303|303|611|30682|19227.0|15335.0|2917.0|975.0|18757|10938|2127|5825781.0|4646505.0|883851.0|295425.0|4790697|77514|504394|455684|54|123|67|10|2810449|12870733|3951090|22572|2.22|43|1.84|28|37|376|1591.0
202411|CNTY_GU|45|11140|26140000|인천|강남구|역삼동|2811000000|역삼1가|2|25|0|2|9|390|39|39|528|36256|20727.0|7600.0|3393.0|9734.0|19649|6381|3227|808353.0|296400.0|132327.0|379626.0|4152924|1028285|429642|20656|7|21|8|2|6171608|16780174|216658|72596|2.15|3|2.25|176|485|19|1455.0
202411|ADM|46|42110|11170000|경기|성남시|인계동|4711000000|서초1동|2|70|3|2|9|322|222|222|172|94759|49013.0|18153.0|6570.0|24290.0|39412|14310|5758|10880886.0|4029966.0|1458540.0|5392380.0|4256797|1332520|954586|44039|63|123|32|11|9882352|12445977|2330044|1070080|5.74|23|1.57|94|134|263|3082.0
202411|ADM|47|26140|26140000|대구|강남구|서초동|4311000000|역삼1가|1|25|3|2|7|1844|96|96|829|48637|4973.0|2443.0|1590.0|940.0|4718|2291|1546|477408.0|234528.0|152640.0|90240.0|507551|2484120|27828|477570|20|39|24|5|7358793|18060632|4421718|1437153|7.92|11|2.13|160|339|190|3729.0
202411|ADM|41|11170|42110000|서울|성남시|역삼동|1111000000|서초1동|2|60|0|2|1|1341|433|433|965|54029|34000.0|17234.0|11989.0|4777.0|27998|13065|9029|14722000.0|7462322.0|5191237.0|2068441.0|1603183|1283808|154405|1341|108|208|106|32|7857799|8153806|2860428|1716472|6.25|40|1.94|12|155|35|6200.0
202411|ADM|43|11140|11170000|부산|성남시|서초동|1117000000|서초1동|2|35|0|1|10|173|34|34|442|37449|13270.0|7632.0|2518.0|3120.0|10700|6892|2276|451180.0|259488.0|85612.0|106080.0|3765426|1573057|610975|399695|9|18|5|3|7319048|15642697|3110816|56585|4.14|2|3.96|120|300|389|600.0
202411|ADM|46|44130|41150000|부산|성남시|서초동|4413000000|서초1동|1|35|2|1|3|1595|126|126|92|58852|44398.0|13523.0|14951.0|15924.0|34049|12015|12453|5594148.0|1703898.0|1883826.0|2006424.0|343638|195455|666733|96843|29|70|21|11|592310|2169168|2678871|598086|7.12|12|2.99|12|471|406|5652.0
202411|ADM|11|26140|46110000|부산|수원시|인계동|1114000000|역삼1가|1|45|1|1|6|838|190|190|444|96050|42550.0|19335.0|15653.0|7562.0|30244|14127|11934|8084500.0|3673650.0|2974070.0|1436780.0|1618707|2861883|644794|190378|50|86|39|14|8325589|10884196|1122420|943382|3.08|23|2.71|128|257|31|5911.0
202411|ADM|45|47110|28110000|인천|강남구|서초동|4113000000|인계동|1|70|0|2|6|1994|163|163|884|74541|38074.0|13916.0|13373.0|10785.0|37318|13643|10567|6206062.0|2268308.0|2179799.0|1757955.0|802872|2831523|430959|423932|21|67|35|13|1491584|17361544|2773016|128145|5.52|1|4.99|162|461|220|461.0
202411|ADM|44|47110|44130000|인천|수원시|서초동|4711000000|역삼1가|2|50|0|1|1|1198|445|445|925|82631|24007.0|17686.0|7748.0|0.0|21958|17170|5549|10683115.0|7870270.0|3447860.0|0.0|1059105|899928|601219|149789|117|215|91|29|8303959|16566989|1025076|1398218|5.63|54|1.32|156|110|459|5940.0
202411|CNTY_GU|44|41110|44130000|대구|성남시|서초동|1111000000|역삼1가|2|60|1|1|1|814|32|32|329|36280|2812.0|1535.0|572.0|705.0|2510|1456|454|89984.0|49120.0|18304.0|22560.0|3365762|853556|691404|425928|4|14|4|2|6825461|16929389|4561224|1427941|6.44|1|3.03|34|18|124|18.0
202411|CNTY_GU|11|46110|47110000|인천|강남구|인계동|1120000000|역삼1가|2|65|1|1|9|307|140|140|610|72281|21735.0|15113.0|3010.0|3612.0|17961|14344|2751|3042900.0|2115820.0|421400.0|505680.0|3229409|803343|344136|245893|32|60|30|8|4778814|7021598|435947|650864|6.24|10|3.31|103|220|111|2200.0
202411|ADM|47|26140|11170000|서울|서초구|서초동|4113000000|역삼1가|1|30|2|2|8|528|195|195|527|27736|16728.0|8273.0|6079.0|2376.0|16205|7630|5072|3261960.0|1613235.0|1185405.0|463320.0|2062248|1125590|547641|3842|32|79|23|16|4197123|16086505|1769042|224588|2.21|22|2.93|29|103|419|2266.0
202411|ADM|26|41110|42110000|인천|성남시|역삼동|2611000000|서초1동|1|50|0|1|4|1013|336|336|541|85981|24925.0|19144.0|8327.0|0.0|21260|14770|8297|8374800.0|6432384.0|2797872.0|0.0|1033439|957570|156848|265724|75|192|43|2|8438929|6246565|1902433|1760869|2.46|3|2.39|84|112|470|336.0
202411|CNTY_GU|47|44130|47110000|부산|수원시|서초동|1114000000|인계동|1|30|2|2|1|1935|206|206|865|69558|30930.0|23147.0|9984.0|0.0|22547|23058|8140|6371580.0|4768282.0|2056704.0|0.0|4725988|1868586|35854|333206|27|91|57|14|9120575|10524611|1142715|872054|5.87|6|4.13|102|240|118|1440.0
202411|CNTY_GU|45|47110|41150000|부산|성남시|역삼동|4711000000|역삼1가|1|60|1|2|4|1874|380|380|372|12891|12373.0|7685.0|4828.0|0.0|8815|5516|4191|4701740.0|2920300.0|1834640.0|0.0|3011793|2680979|401469|332656|55|214|51|31|2039770|15683122|3499620|978289|5.86|29|2.5|116|307|181|8903.0
202411|ADM|44|43110|44130000|서울|성남시|역삼동|2711000000|역삼1가|1|30|2|1|7|588|166|166|77|25546|27502.0|19998.0|4444.0|3060.0|25487|15179|4068|4565332.0|3319668.0|737704.0|507960.0|3637031|1089590|505248|197321|28|66|47|1|890848|10072808|4654174|843463|4.14|19|2.81|107|485|50|9215.0
202411|CNTY_GU|46|27110|11170000|인천|강남구|서초동|1111000000|인계동|1|40|1|2|8|1343|136|136|452|20472|7728.0|4303.0|2933.0|492.0|6080|3942|2705|1051008.0|585208.0|398888.0|66912.0|2419637|581775|166143|206223|26|57|36|12|343599|15572013|2962361|682260|4.84|10|4.18|42|194|13|1940.0
202411|CNTY_GU|45|46110|45110000|인천|수원시|인계동|1117000000|인계동|1|45|2|2|9|1665|406|406|16|48892|2017.0|1349.0|223.0|445.0|1605|1158|183|818902.0|547694.0|90538.0|180670.0|529909|654627|351836|382264|66|165|84|6|8217227|5355293|2563596|1807219|4.32|42|1.4|171|186|240|7812.0
202411|CNTY_GU|42|11170|41110000|부산|서초구|서초동|1117000000|역삼1가|2|45|2|1|9|1824|123|123|414|19066|19121.0|7321.0|6407.0|5393.0|18936|5769|5565|2351883.0|900483.0|788061.0|663339.0|3002372|2904068|743039|286063|20|61|27|1|1681091|14886799|2775733|741314|6.64|3|3.08|100|498|72|1494.0
202411|ADM|26|44130|11200000|부산|강남구|서초동|4113000000|서초1동|1|40|2|1|2|1338|35|35|56|80417|39705.0|12499.0|9118.0|18088.0|34020|10608|8777|1389675.0|437465.0|319130.0|633080.0|3946216|207526|53380|223727|7|14|9|0|8872055|16879894|1944590|719840|4.34|0|3.59|152|0|462|0.0
202411|CNTY_GU|41|45110|41130000|부산|서초구|역삼동|4211000000|인계동|1|70|1|2|3|576|310|310|539|80243|44614.0|23061.0|5358.0|16195.0|32367|17592|4122|13830340.0|7148910.0|1660980.0|5020450.0|959512|2667721|850102|379289|78|171|47|19|328380|2005509|2998956|1461934|7.38|34|2.11|154|279|474|9486.0
202411|PRVNC|46|45110|41110000|인천|강남구|인계동|1111000000|인계동|1|50|2|2|7|193|106|106|794|18680|31701.0|13079.0|11320.0|7302.0|25897|12079|10582|3360306.0|1386374.0|1199920.0|774012.0|4205253|1889961|177937|458956|15|59|29|6|3398227|15192468|2096850|1226853|4.55|12|2.44|170|401|157|4812.0
202411|CNTY_GU|42|47110|47110000|서울|서초구|서초동|4711000000|인계동|1|20|1|1|4|1306|175|175|547|30605|16935.0|12131.0|6593.0|0.0|11992|9636|4658|2963625.0|2122925.0|1153775.0|0.0|914124|2899973|717158|381893|48|90|39|13|3223766|7881062|4054854|1780331|6.84|21|2.55|40|268|415|5628.0
202411|CNTY_GU|42|43110|11140000|서울|서초구|역삼동|1117000000|인계동|1|70|0|2|4|31|184|184|942|58389|32011.0|20192.0|10109.0|1710.0|29248|14169|7320|5890024.0|3715328.0|1860056.0|314640.0|3148913|2275918|918861|393759|51|89|34|12|3666912|19555594|1105090|894413|5.69|11|4.48|106|122|343|1342.0
202411|ADM|42|26140|41150000|대구|수원시|서초동|4511000000|서초1동|1|40|1|1|7|580|22|22|644|67163|14878.0|4662.0|4967.0|5249.0|12312|3417|3627|327316.0|102564.0|109274.0|115478.0|3207301|897837|32441|88000|5|9|3|0|7542424|14330018|2629393|516813|5.3|2|4.31|55|381|426|762.0
202411|CNTY_GU|11|42110|11110000|서울|강남구|역삼동|4711000000|인계동|1|50|0|1|5|982|13|13|785|10894|0.0|0.0|0.0|0.0|0|0|0|0.0|0.0|0.0|0.0|832301|2053940|172096|112197|1|7|2|0|8246740|19880727|1625854|651366|5.35|1|4.66|126|356|237|356.0
202411|CNTY_GU|41|41110|41150000|서울|수원시|인계동|2711000000|서초1동|1|55|3|2|10|57|227|227|854|80070|17657.0|6947.0|2198.0|8512.0|14168|6451|1578|4008139.0|1576969.0|498946.0|1932224.0|564486|169068|935280|447313|24|133|43|2|4950750|15622292|2131490|720735|2.94|12|4.63|148|85|274|1020.0
202411|ADM|43|11110|41130000|경기|강남구|역삼동|4611000000|역삼1가|2|45|0|1|10|1331|345|345|45|28504|6937.0|4622.0|2366.0|0.0|5460|3928|1787|2393265.0|1594590.0|816270.0|0.0|1820790|2176862|127284|493802|40|198|69|23|2319155|14260459|2860991|204286|6.95|32|1.08|146|234|231|7488.0
202411|PRVNC|27|28110|45110000|대구|강남구|서초동|2611000000|역삼1가|1|35|0|2|2|29|90|90|357|99628|14665.0|10344.0|4131.0|190.0|11876|7931|3581|1319850.0|930960.0|371790.0|17100.0|2121882|496659|595976|135945|25|38|14|1|5651056|17019023|3563271|636699|3.25|11|4.93|69|227|201|2497.0
202411|ADM|27|11140|28110000|인천|서초구|인계동|4611000000|인계동|1|45|0|2|7|289|4|4|570|90696|43134.0|24632.0|6694.0|11808.0|41485|18464|5411|172536.0|98528.0|26776.0|47232.0|3338642|2173382|827358|193842|0|2|1|0|1098007|6158471|3171832|1807818|5.86|0|2.73|87|0|256|0.0
202411|PRVNC|27|11110|41110000|부산|성남시|역삼동|4115000000|서초1동|2|65|2|2|10|509|421|421|832|25491|47303.0|34833.0|17469.0|0.0|36863|30149|16213|19914563.0|14664693.0|7354449.0|0.0|1208658|974129|202815|17874|63|224|113|2|8314407|10208312|3049305|1810942|7.26|17|4.76|12|317|491|5389.0
202411|ADM|41|45110|46110000|대구|강남구|역삼동|1120000000|역삼1가|1|60|2|2|8|681|353|353|933|82067|19168.0|10346.0|6271.0|2551.0|14655|8324|6018|6766304.0|3652138.0|2213663.0|900503.0|250369|981201|899008|126963|89|181|41|8|2146094|8938999|638219|380120|7.92|49|1.21|123|138|256|6762.0
202411|ADM|43|26110|11200000|인천|강남구|인계동|2711000000|인계동|2|50|2|2|6|621|218|218|826|41396|9944.0|4442.0|1038.0|4464.0|7333|4357|934|2167792.0|968356.0|226284.0|973152.0|408094|1286570|341716|121947|23|95|23|0|1507138|15886552|3763023|1914801|7.92|27|1.91|25|442|477|11934.0
202411|CNTY_GU|43|45110|47110000|대구|강남구|인계동|2614000000|역삼1가|2|60|1|2|2|1110|29|29|626|34590|39646.0|24338.0|10520.0|4788.0|31133|21244|9829|1149734.0|705802.0|305080.0|138852.0|4248177|282456|726904|250178|6|16|5|1|9926383|11992494|2125632|1946405|7.18|4|2.85|137|313|436|1252.0
202411|ADM|45|26110|44130000|인천|서초구|서초동|4611000000|인계동|2|40|0|2|8|1037|418|418|78|41556|5236.0|2773.0|1551.0|912.0|4018|2429|1265|2188648.0|1159114.0|648318.0|381216.0|2770507|1118696|779425|63625|48|207|108|7|6985304|7839291|3467264|373463|5.65|13|2.68|177|445|70|5785.0
202411|ADM|47|41150|46110000|대구|강남구|역삼동|4115000000|역삼1가|1|45|0|2|8|1181|245|245|722|78413|16230.0|5406.0|6051.0|4773.0|14801|5142|4590|3976350.0|1324470.0|1482495.0|1169385.0|1148561|1523884|667104|52692|24|107|30|19|2716833|16275194|605518|171625|3.0|6|2.37|56|62|187|372.0
202411|CNTY_GU|11|26140|41110000|부산|강남구|인계동|4311000000|인계동|1|50|3|1|1|993|182|182|195|15979|12210.0|3779.0|1756.0|6675.0|8620|2744|1346|2222220.0|687778.0|319592.0|1214850.0|1817881|299696|369994|103467|35|95|39|17|8018593|15160110|2160411|1451095|6.73|19|3.4|62|313|399|5947.0
202411|PRVNC|11|42110|11200000|부산|수원시|역삼동|4113000000|역삼1가|2|45|2|1|2|943|157|157|331|27526|47930.0|36742.0|11352.0|0.0|46971|28840|10841|7525010.0|5768494.0|1782264.0|0.0|376537|2398964|707505|316830|29|80|23|2|13402|8642718|579371|317729|5.89|11|4.99|147|368|309|4048.0
202411|ADM|27|27110|26140000|경기|수원시|서초동|4413000000|역삼1가|1|40|0|1|1|370|370|370|917|35326|31005.0|12605.0|10041.0|8359.0|27648|11506|7569|11471850.0|4663850.0|3715170.0|3092830.0|4248791|366473|389595|119918|98|194|100|34|5354239|15219287|2601210|1252134|6.89|4|3.48|90|275|106|1100.0
202411|ADM|46|47110|44130000|경기|성남시|인계동|1120000000|서초1동|2|35|2|1|9|335|64|64|466|88131|37683.0|22067.0|13174.0|2442.0|30152|16295|10632|2411712.0|1412288.0|843136.0|156288.0|3702420|2492211|213651|492113|6|27|7|6|8723921|13640979|1234330|1764030|5.84|9|4.44|174|76|4|684.0
202411|CNTY_GU|45|41130|11140000|인천|서초구|역삼동|4211000000|서초1동|1|60|0|1|10|430|47|47|642|47305|23510.0|9698.0|7045.0|6767.0|18302|7641|6290|1104970.0|455806.0|331115.0|318049.0|434617|1377384|49541|417189|7|19|7|4|3854241|11468469|3155332|114669|5.08|0|3.79|92|0|93|0.0
202411|CNTY_GU|44|26140|26140000|서울|성남시|인계동|2611000000|인계동|2|30|2|1|5|807|180|180|536|23766|11684.0|4289.0|3183.0|4212.0|8866|3437|2393|2103120.0|772020.0|572940.0|758160.0|92512|125372|524574|84322|26|105|50|5|8079341|12243830|4042606|1581145|3.44|14|1.62|89|251|321|3514.0
202411|CNTY_GU|11|47110|42110000|인천|성남시|역삼동|1114000000|서초1동|2|30|3|2|2|1903|385|385|646|65015|7370.0|5602.0|1504.0|264.0|6002|4778|1328|2837450.0|2156770.0|579040.0|101640.0|725211|541770|319034|252516|103|156|46|19|878263|5892924|679123|920926|2.65|56|3.01|157|28|202|1568.0
202411|CNTY_GU|44|28110|11140000|인천|수원시|인계동|4611000000|인계동|1|35|0|1|4|885|321|321|97|40492|30083.0|20938.0|4764.0|4381.0|26574|20191|3933|9656643.0|6721098.0|1529244.0|1406301.0|1602238|1042503|253849|476371|57|155|95|10|6422367|17132077|1014142|877569|5.8|46|3.27|18|365|412|16790.0
202411|CNTY_GU|43|42110|45110000|부산|강남구|역삼동|4611000000|서초1동|2|45|2|1|4|553|377|377|961|13035|46651.0|28397.0|4715.0|13539.0|38493|25016|3996|17587427.0|10705669.0|1777555.0|5104203.0|1848078|1269655|617460|407093|111|218|38|19|4521594|18654793|1369452|194176|7.34|35|1.43|140|335|288|11725.0
202411|ADM|46|41150|41130000|경기|성남시|서초동|2711000000|서초1동|2|25|2|1|3|1891|257|257|551|35057|40133.0|17436.0|13816.0|8881.0|39469|15856|13099|10314181.0|4481052.0|3550712.0|2282417.0|4398134|2142049|21888|375824|73|134|30|0|4003220|3977550|3561587|1533472|7.99|2|2.19|154|358|220|716.0
202411|ADM|27|45110|41110000|대구|강남구|서초동|2811000000|역삼1가|1|70|0|1|9|1746|469|469|158|97863|41203.0|19388.0|6852.0|14963.0|34047|16202|5147|19324207.0|9092972.0|3213588.0|7017647.0|3352038|2802465|466567|461371|99|251|102|42|586221|1601284|1812503|1663802|2.72|63|2.23|113|138|343|8694.0
202411|CNTY_GU|27|26110|41130000|인천|강남구|서초동|4311000000|역삼1가|1|35|2|1|3|506|499|499|563|47864|41997.0|22731.0|16797.0|2469.0|36338|18101|14974|20956503.0|11342769.0|8381703.0|1232031.0|1142973|1499943|786210|24092|145|288|95|9|854266|2904487|1564843|29857|3.99|25|4.68|68|59|181|1475.0
202411|CNTY_GU|45|41130|41150000|서울|서초구|인계동|4211000000|역삼1가|2|45|1|2|1|769|97|97|712|83983|41788.0|16299.0|14474.0|11015.0|41497|15934|12779|4053436.0|1581003.0|1403978.0|1068455.0|520023|1131570|613976|167055|20|40|20|2|1491510|9631438|74935|1055308|3.07|14|1.32|27|48|230|672.0
202411|ADM|27|46110|41150000|인천|서초구|서초동|2811000000|서초1동|2|35|2|1|6|1224|420|420|848|76602|2456.0|1519.0|308.0|629.0|1962|1453|246|1031520.0|637980.0|129360.0|264180.0|140259|1412096|398955|5988|74|209|73|3|7449697|5619507|3592478|1066103|5.56|33|4.51|158|57|454|1881.0
202411|ADM|45|11170|26140000|서울|성남시|역삼동|2611000000|서초1동|2|30|3|2|5|977|453|453|289|61292|40283.0|31505.0|5640.0|3138.0|31063|27880|4921|18248199.0|14271765.0|2554920.0|1421514.0|2205265|2791499|258125|237345|94|268|126|32|9096519|1955543|4786827|266292|2.36|67|2.09|86|47|1|3149.0
202411|CNTY_GU|42|27110|46110000|대구|강남구|역삼동|4711000000|서초1동|1|55|0|1|3|47|92|92|80|87587|0.0|0.0|0.0|0.0|0|0|0|0.0|0.0|0.0|0.0|4123999|1400759|76034|190455|12|45|19|7|1601875|11540804|4206645|1832763|7.85|5|2.33|21|436|203|2180.0
202411|CNTY_GU|46|45110|47110000|서울|강남구|역삼동|4111000000|역삼1가|1|60|2|1|3|1702|213|213|941|28660|21806.0|15001.0|5190.0|1615.0|16546|10762|4372|4644678.0|3195213.0|1105470.0|343995.0|3247381|1567162|452413|455821|40|100|46|16|4968077|13098289|405710|396923|6.05|27|3.44|125|393|370|10611.0
202411|ADM|26|47110|26140000|서울|수원시|역삼동|4211000000|인계동|1|35|2|2|7|873|72|72|84|62172|21891.0|13257.0|8122.0|512.0|19794|12227|6751|1576152.0|954504.0|584784.0|36864.0|4817205|2164807|703537|255299|12|31|11|0|2338169|3750933|2086867|691049|3.24|5|1.89|158|292|114|1460.0
202411|ADM|26|43110|27110000|대구|서초구|인계동|1117000000|인계동|2|55|0|2|1|1170|331|331|599|91646|31721.0|17191.0|6267.0|8263.0|26330|15082|6034|10499651.0|5690221.0|2074377.0|2735053.0|1899054|1195405|540307|286311|38|188|39|24|9279224|2073975|4942458|450110|7.31|44|3.8|49|314|348|13816.0
202411|PRVNC|45|41130|11200000|부산|서초구|서초동|4111000000|서초1동|1|40|3|2|1|1490|192|192|253|23825|37845.0|27837.0|10527.0|0.0|35161|24416|8059|7266240.0|5344704.0|2021184.0|0.0|288755|1735962|772283|251015|54|106|56|1|735630|5517641|3925182|1328242|6.56|12|3.74|42|80|88|960.0
202411|ADM|46|44130|41130000|경기|서초구|역삼동|2811000000|서초1동|2|30|2|2|4|1548|4|4|420|45605|44816.0|16206.0|5443.0|23167.0|44472|14193|4010|179264.0|64824.0|21772.0|92668.0|2764441|64374|479877|281837|0|1|1|0|6086102|15916616|2403667|1369490|5.91|0|4.59|145|0|32|0.0
202411|CNTY_GU|27|43110|41150000|인천|성남시|인계동|4413000000|인계동|1|25|1|2|6|1074|368|368|85|95196|1045.0|751.0|119.0|175.0|774|625|87|384560.0|276368.0|43792.0|64400.0|4899235|90687|237196|78636|56|179|74|27|5709814|15020120|3896946|1477336|6.03|14|4.55|128|46|114|644.0
202411|ADM|44|26140|47110000|대구|강남구|서초동|2811000000|서초1동|2|70|2|2|6|1621|61|61|76|48809|48579.0|37108.0|16064.0|0.0|41672|35405|12569|2963319.0|2263588.0|979904.0|0.0|3331074|51896|19475|54651|7|27|11|3|9552480|1147610|4639660|57860|3.27|3|2.5|139|133|404|399.0
202411|ADM|45|43110|42110000|부산|강남구|인계동|4211000000|인계동|1|40|0|2|5|1078|277|277|464|86639|43218.0|29243.0|12836.0|1139.0|30758|25363|11708|11971386.0|8100311.0|3555572.0|315503.0|1924443|922024|178942|367615|65|152|71|23|7218807|13278948|2409282|396107|2.32|20|4.38|84|434|322|8680.0
202411|CNTY_GU|42|41110|11170000|경기|수원시|인계동|4211000000|역삼1가|2|60|0|1|8|1763|286|286|38|96595|0.0|0.0|0.0|0.0|0|0|0|0.0|0.0|0.0|0.0|1998025|2037025|368832|61300|48|161|81|24|9637801|3864945|1508797|1080290|7.36|13|3.81|15|72|11|936.0
202411|CNTY_GU|26|26110|41150000|대구|서초구|서초동|4413000000|서초1동|1|40|0|1|3|1474|462|462|628|50854|19468.0|7275.0|5873.0|6320.0|16261|6334|4902|8994216.0|3361050.0|2713326.0|2919840.0|1271175|414539|271778|435142|50|231|53|36|5649108|9336711|1579086|186522|5.81|14|2.06|164|59|283|826.0
202411|CNTY_GU|27|11200|28110000|부산|수원시|역삼동|4115000000|서초1동|2|50|0|1|3|1035|296|296|916|32168|23972.0|12285.0|9066.0|2621.0|19393|12251|7359|7095712.0|3636360.0|2683536.0|775816.0|2699220|603451|553527|62506|52|133|30|3|790015|19266424|316351|665744|2.53|32|3.66|133|446|297|14272.0
202411|CNTY_GU|44|43110|41110000|인천|성남시|역삼동|4111000000|인계동|1|35|0|1|1|787|113|113|238|10128|46476.0|33569.0|17623.0|0.0|39021|24188|13936|5251788.0|3793297.0|1991399.0|0.0|2669579|1738316|39572|153279|24|65|25|3|5019790|14070880|1146521|897394|2.13|10|2.88|68|77|7|770.0
202411|ADM|41|44130|28110000|대구|강남구|인계동|4311000000|역삼1가|2|35|3|2|1|641|146|146|165|38003|21386.0|9507.0|2865.0|9014.0|20376|8223|2771|3122356.0|1388022.0|418290.0|1316044.0|2772015|2053624|870766|337430|34|60|41|6|7875038|2507938|4222223|1893946|7.62|18|1.62|142|362|51|6516.0
202411|CNTY_GU|45|45110|43110000|서울|수원시|서초동|4113000000|서초1동|1|45|3|1|2|752|103|103|575|98728|25659.0|13777.0|6683.0|5199.0|20151|12689|4682|2642877.0|1419031.0|688349.0|535497.0|3831037|1465622|695511|393728|28|55|29|5|3163599|1648931|3235640|1237420|5.55|4|3.46|41|227|241|908.0
202411|ADM|47|28110|26110000|서울|수원시|역삼동|1114000000|인계동|2|35|0|2|1|991|270|270|188|33431|3549.0|1122.0|890.0|1537.0|3019|1106|724|958230.0|302940.0|240300.0|414990.0|2006131|2176002|694284|280571|53|136|44|12|6965522|12805315|1804239|1317454|6.49|0|2.26|136|0|407|0.0
202411|ADM|44|26110|47110000|경기|서초구|역삼동|1117000000|서초1동|2|20|0|1|10|1561|359|359|574|84541|42223.0|22034.0|12116.0|8073.0|35779|21736|11478|15158057.0|7910206.0|4349644.0|2898207.0|1895359|1474215|37993|459979|62|189|56|31|8139044|14865720|348946|899518|6.57|11|2.96|111|368|302|4048.0
202411|CNTY_GU|42|42110|42110000|부산|수원시|역삼동|1111000000|인계동|1|65|3|1|6|873|337|337|698|62224|39718.0|19873.0|6499.0|13346.0|38261|19716|5680|13384966.0|6697201.0|2190163.0|4497602.0|3566606|147118|711118|149156|60|154|80|10|9721983|9842887|4384021|308985|5.29|35|3.74|132|103|473|3605.0
202411|ADM|27|11200|42110000|경기|수원시|인계동|4211000000|역삼1가|2|20|0|1|1|1050|406|406|664|73082|25174.0|19406.0|7123.0|0.0|20579|17961|6990|10220644.0|7878836.0|2891938.0|0.0|1459924|1653239|609229|332937|91|221|91|30|8013708|2735863|4398629|1667864|5.39|34|2.63|130|179|209|6086.0
202411|ADM|41|11140|11170000|부산|서초구|인계동|2611000000|서초1동|2|60|2|2|4|394|150|150|144|23354|22997.0|12085.0|5881.0|5031.0|18644|10965|4621|3449550.0|1812750.0|882150.0|754650.0|364818|509165|640644|15|25|67|18|13|3446080|6284660|2168838|539871|4.32|8|4.8|126|102|268|816.0
202411|ADM|27|11200|41110000|인천|강남구|인계동|4711000000|역삼1가|1|55|2|1|1|312|92|92|230|10044|0.0|0.0|0.0|0.0|0|0|0|0.0|0.0|0.0|0.0|2091384|2277630|784496|80178|17|39|20|5|5340133|14118601|423459|225665|6.0|2|1.77|18|460|326|920.0
202411|ADM|45|41150|11170000|서울|서초구|역삼동|1114000000|서초1동|2|55|1|1|5|1363|275|275|577|17641|1521.0|562.0|368.0|591.0|1264|458|307|418275.0|154550.0|101200.0|162525.0|4483394|2532454|780250|1384|59|142|75|9|1298429|1045989|2631572|1263332|3.38|22|4.48|53|46|122|1012.0
202411|ADM|46|42110|11200000|경기|수원시|서초동|2614000000|역삼1가|1|30|1|2|2|204|381|381|216|38619|45050.0|35208.0|9120.0|722.0|34174|26248|8724|17164050.0|13414248.0|3474720.0|275082.0|4360415|1119500|445962|396005|96|185|66|24|8526933|19882177|2415320|892642|5.58|3|1.93|105|288|378|864.0
202411|ADM|26|43110|41130000|인천|성남시|서초동|1120000000|역삼1가|1|50|0|1|6|1782|74|74|434|97102|11921.0|3826.0|1770.0|6325.0|9664|2785|1690|882154.0|283124.0|130980.0|468050.0|4444540|2293766|936307|452685|17|30|14|2|6820089|4497900|4038209|1183624|3.31|8|2.95|105|197|378|1576.0
202411|ADM|26|11200|46110000|인천|성남시|서초동|4115000000|서초1동|1|60|0|1|3|23|308|308|781|11152|117.0|62.0|17.0|38.0|98|52|13|36036.0|19096.0|5236.0|11704.0|1610404|1347047|628151|223155|75|133|90|18|5109192|2108694|1533077|1754915|6.72|26|3.79|56|397|462|10322.0
202411|CNTY_GU|47|41110|41150000|인천|수원시|역삼동|1111000000|인계동|1|55|3|1|6|608|159|159|2|60497|20762.0|11295.0|6852.0|2615.0|14559|10353|5836|3301158.0|1795905.0|1089468.0|415785.0|2088884|2649721|157885|158130|19|89|47|15|782268|17038016|1285249|1656495|7.43|14|4.44|130|10|265|140.0
202411|CNTY_GU|46|11140|41130000|대구|성남시|서초동|1117000000|역삼1가|2|35|2|2|9|172|238|238|477|42668|47146.0|21793.0|18625.0|6728.0|40257|18512|17939|11220748.0|5186734.0|4432750.0|1601264.0|3950974|1558613|584094|293356|41|115|43|22|2983809|17461721|3886590|109113|5.75|15|4.87|178|178|143|2670.0
202411|ADM|42|41110|45110000|인천|수원시|역삼동|4611000000|서초1동|2|20|2|2|7|1800|233|233|163|28458|19874.0|11745.0|5081.0|3048.0|18712|8987|4100|4630642.0|2736585.0|1183873.0|710184.0|1838461|82277|584040|439445|54|108|24|14|5001578|10000678|2594067|962053|2.76|10|1.02|135|256|137|2560.0
202411|ADM|26|41150|28110000|서울|강남구|역삼동|4211000000|서초1동|1|30|2|2|3|1854|338|338|126|63398|39654.0|29199.0|14578.0|0.0|37962|23104|12164|13403052.0|9869262.0|4927364.0|0.0|4279971|78642|836115|75491|78|144|100|25|7837245|9320107|165079|1242957|7.57|38|2.92|146|93|243|3534.0
202411|ADM|41|41130|11170000|서울|서초구|서초동|2614000000|인계동|1|60|0|1|8|487|60|60|465|75736|49242.0|16544.0|12056.0|20642.0|41472|15961|11770|2954520.0|992640.0|723360.0|1238520.0|786316|2681761|373501|150490|10|27|14|3|1728545|7067555|3572790|1657987|2.7|6|2.2|66|473|129|2838.0
202411|PRVNC|26|26140|26110000|서울|서초구|역삼동|1114000000|역삼1가|1|25|3|1|5|686|412|412|391|90249|2899.0|2047.0|1137.0|0.0|2844|1688|1093|1194388.0|843364.0|468444.0|0.0|2678378|2692523|474050|90496|77|174|70|39|4735093|3017739|3115812|772228|4.34|46|4.77|104|468|476|21528.0
202411|PRVNC|46|43110|11200000|경기|서초구|서초동|4511000000|인계동|2|45|0|1|1|378|7|7|805|33015|19627.0|7336.0|7721.0|4570.0|14291|6394|5899|137389.0|51352.0|54047.0|31990.0|2714105|560016|670739|272806|1|4|1|0|8780741|18114032|4404648|1839739|3.63|0|2.8|120|0|221|0.0
202411|CNTY_GU|27|44130|27110000|서울|성남시|역삼동|2614000000|역삼1가|2|60|2|1|1|853|271|271|211|46638|44337.0|20516.0|5068.0|18753.0|39683|16400|3964|12015327.0|5559836.0|1373428.0|5082063.0|3353489|2823909|5107|191876|47|154|39|22|1711817|3649103|996196|595940|5.54|27|1.36|93|261|438|7047.0
202411|PRVNC|46|26140|41150000|부산|성남시|서초동|4111000000|역삼1가|1|60|0|1|1|779|492|492|243|49135|15659.0|11394.0|4568.0|0.0|11576|8653|4347|7704228.0|5605848.0|2247456.0|0.0|254757|2023909|762601|102806|57|208|144|0|5978012|11033047|2461406|1640962|7.14|20|4.99|47|402|96|8040.0
202411|ADM|45|11170|11200000|경기|서초구|역삼동|4211000000|인계동|2|35|0|2|7|1899|196|196|393|47849|0.0|0.0|0.0|0.0|0|0|0|0.0|0.0|0.0|0.0|3397911|426474|613144|57343|43|112|23|6|9894301|19036885|2863803|1520564|5.71|23|2.6|47|229|2|5267.0
202411|ADM|44|47110|28110000|대구|성남시|서초동|4711000000|서초1동|2|30|1|2|10|324|392|392|486|94315|37175.0|21302.0|7063.0|8810.0|28650|20137|6389|14572600.0|8350384.0|2768696.0|3453520.0|1952933|1471868|91498|284902|99|161|94|1|71360|3513749|3803206|1467359|6.44|56|1.83|47|290|38|16240.0
202411|PRVNC|43|28110|26110000|경기|수원시|역삼동|1120000000|역삼1가|2|45|0|1|5|182|472|472|311|87001|25636.0|12496.0|8363.0|4777.0|24443|10460|7926|12100192.0|5898112.0|3947336.0|2254744.0|2748870|2131942|218741|197984|74|214|125|3|3868699|18796503|3337959|1973978|3.63|1|4.58|121|55|175|55.0
202411|ADM|46|44130|42110000|대구|서초구|서초동|1114000000|인계동|2|60|0|2|6|1542|8|8|773|36816|37139.0|16386.0|9603.0|11150.0|26608|11527|8214|297112.0|131088.0|76824.0|89200.0|1996175|2305028|919637|66055|1|3|1|0|2927610|9117539|504527|1499772|2.99|0|3.57|80|0|239|0.0
202411|CNTY_GU|11|26110|41150000|인천|서초구|역삼동|4211000000|서초1동|2|40|1|1|8|1600|431|431|869|67656|14978.0|7691.0|2255.0|5032.0|11499|6213|1819|6455518.0|3314821.0|971905.0|2168792.0|1742011|1594149|371861|12303|66|176|80|26|3327008|350166|3731948|535313|6.62|23|1.14|103|442|34|10166.0
202411|ADM|26|11200|41130000|인천|강남구|역삼동|2614000000|서초1동|2|70|1|1|8|1990|65|65|438|17192|19432.0|8748.0|6201.0|4483.0|15702|6729|4636|1263080.0|568620.0|403065.0|291395.0|2835392|1304886|51351|436356|7|27|18|1|9967218|7202628|4372791|1470543|2.31|1|3.18|164|24|361|24.0
202411|PRVNC|26|42110|46110000|인천|성남시|서초동|2711000000|역삼1가|2|35|0|1|3|1907|241|241|917|26741|25399.0|8685.0|6353.0|10361.0|23645|6568|5717|6121159.0|2093085.0|1531073.0|2497001.0|2833333|2660005|165713|80173|49|140|41|7|6594260|16020236|45277|813326|6.26|12|1.3|179|34|184|408.0
202411|ADM|44|42110|45110000|인천|수원시|서초동|1120000000|인계동|1|55|0|1|8|302|379|379|702|79157|33606.0|22963.0|8987.0|1656.0|25769|22378|7653|12736674.0|8702977.0|3406073.0|627624.0|3725852|2385323|77054|130405|60|160|62|29|5091261|12810557|3301230|1888117|4.54|31|4.13|107|248|303|7688.0
202411|CNTY_GU|27|43110|28110000|인천|강남구|서초동|4311000000|역삼1가|2|40|0|1|6|1463|176|176|213|12207|3859.0|1495.0|959.0|1405.0|3475|1353|811|679184.0|263120.0|168784.0|247280.0|1119098|1092876|758133|454012|18|97|23|14|833956|15505062|3422983|1098755|2.18|3|1.81|32|92|343|276.0
202411|CNTY_GU|26|42110|44130000|부산|성남시|인계동|1117000000|역삼1가|1|20|2|1|5|1245|426|426|154|88456|4071.0|2158.0|715.0|1198.0|2979|1902|578|1734246.0|919308.0|304590.0|510348.0|1208867|869250|60110|461572|65|200|96|23|7735051|12239735|4684408|1812404|3.0|8|4.89|158|119|130|952.0
202411|ADM|27|11200|26140000|대구|수원시|역삼동|4111000000|인계동|2|70|1|1|2|490|274|274|143|80852|47742.0|20179.0|13090.0|14473.0|43856|18499|10622|13081308.0|5529046.0|3586660.0|3965602.0|3686353|2424259|850968|27972|56|153|58|12|6537724|10096467|1449207|31057|5.07|26|4.04|153|426|264|11076.0
202411|ADM|43|26110|28110000|인천|성남시|역삼동|1117000000|서초1동|1|40|1|1|7|1885|269|269|592|96572|30439.0|14817.0|11534.0|4088.0|28406|11580|9694|8188091.0|3985773.0|3102646.0|1099672.0|4391924|473251|451052|442817|61|113|39|16|3234889|1300615|2911719|291995|2.56|19|2.08|93|281|65|5339.0
202411|ADM|44|27110|44130000|대구|수원시|인계동|2611000000|역삼1가|2|60|0|1|8|53|162|162|929|25019|45749.0|34039.0|9213.0|2497.0|44487|27275|7977|7411338.0|5514318.0|1492506.0|404514.0|2811450|1540799|507140|1139|29|95|30|4|8090656|13396689|3924128|346754|3.92|12|1.17|120|413|121|4956.0
202411|ADM|45|28110|46110000|서울|강남구|역삼동|2811000000|서초1동|2|30|0|1|1|670|245|245|239|32875|14445.0|9805.0|5548.0|0.0|11982|8348|4824|3539025.0|2402225.0|1359260.0|0.0|3210429|1034997|687030|379502|27|122|59|11|634614|6668999|4895628|1705987|2.87|14|4.82|73|411|376|5754.0
202411|ADM|41|11140|45110000|인천|수원시|역삼동|2711000000|역삼1가|1|45|2|2|2|1090|483|483|307|67981|15645.0|5269.0|5055.0|5321.0|13364|4814|4916|7556535.0|2544927.0|2441565.0|2570043.0|1990022|737586|817817|439934|80|229|89|14|9234854|18661611|2645923|344051|6.42|6|2.69|96|383|88|2298.0
202411|CNTY_GU|46|43110|43110000|서울|서초구|서초동|1120000000|서초1동|1|65|1|2|3|814|211|211|78|94199|42066.0|28625.0|6550.0|6891.0|30511|27596|5862|8875926.0|6039875.0|1382050.0|1454001.0|124832|2005630|981643|286384|40|117|60|4|4034022|8301469|2650707|1613556|3.25|7|2.08|72|17|168|119.0
202411|ADM|42|11140|41110000|경기|강남구|인계동|4111000000|역삼1가|1|60|0|2|10|485|278|278|836|91347|2084.0|915.0|279.0|890.0|1660|859|268|579352.0|254370.0|77562.0|247420.0|1167109|750447|717601|296957|73|133|60|12|4946073|2225083|1074967|1495618|6.01|38|2.34|114|331|203|12578.0
202411|CNTY_GU|41|11170|45110000|부산|성남시|역삼동|2811000000|서초1동|2|25|0|1|5|871|442|442|4|71211|33015.0|13764.0|6991.0|12260.0|24919|13398|6248|14592630.0|6083688.0|3090022.0|5418920.0|2011415|2340508|745788|275860|110|223|75|10|8488041|7049153|649313|985354|7.23|59|3.46|113|289|293|17051.0
202411|CNTY_GU|46|41130|44130000|인천|서초구|인계동|4211000000|서초1동|1|45|1|2|10|885|353|353|174|24351|1555.0|1226.0|257.0|72.0|1212|859|203|548915.0|432778.0|90721.0|25416.0|1637804|1286282|770209|159217|68|201|79|3|3846687|13325983|1829752|689288|3.79|36|3.31|109|391|36|14076.0
202411|CNTY_GU|44|11110|41130000|경기|성남시|서초동|1114000000|서초1동|2|50|1|1|3|387|323|323|815|58491|35881.0|24816.0|7118.0|3947.0|26148|17544|4996|11589563.0|8015568.0|2299114.0|1274881.0|3656822|2479351|365329|431498|33|163|80|24|6595102|511804|2547112|1569781|4.73|20|2.48|152|412|46|8240.0
202411|ADM|42|11110|11170000|대구|성남시|역삼동|1117000000|인계동|1|45|0|1|8|1023|1|1|583|51888|7611.0|2537.0|1048.0|4026.0|6061|1918|995|7611.0|2537.0|1048.0|4026.0|414620|721521|784242|70460|0|0|0|0|8801137|15135095|1527872|728747|6.34|0|4.34|66|0|198|0.0
202411|CNTY_GU|47|47110|42110000|인천|성남시|역삼동|4115000000|역삼1가|1|70|0|1|9|466|1|1|12|11177|21191.0|14282.0|6199.0|710.0|20854|12960|5791|21191.0|14282.0|6199.0|710.0|2313443|1884703|656606|82882|0|0|0|0|6425223|10410869|2983701|1207678|6.82|0|2.14|102|0|158|0.0
202411|ADM|44|44130|26110000|대구|강남구|서초동|2711000000|서초1동|2|65|3|2|3|752|195|195|243|91543|46547.0|23870.0|16984.0|5693.0|44397|20582|13535|9076665.0|4654650.0|3311880.0|1110135.0|2826980|1176584|56274|58076|23|111|32|11|516250|14902171|1415168|729198|6.21|16|2.98|90|255|251|4080.0
202411|CNTY_GU|26|11170|11110000|경기|성남시|서초동|1120000000|인계동|2|35|0|1|1|1910|226|226|946|58925|26147.0|8851.0|9732.0|7564.0|19954|8841|8295|5909222.0|2000326.0|2199432.0|1709464.0|1445406|1021251|584351|307078|58|117|26|7|6785949|10473154|1728395|156198|4.37|18|3.4|141|20|431|360.0
202411|CNTY_GU|43|42110|44130000|경기|강남구|역삼동|2611000000|인계동|1|35|1|2|2|1449|435|435|818|37623|3272.0|2307.0|441.0|524.0|3179|1985|320|1423320.0|1003545.0|191835.0|227940.0|3529093|1701664|111750|342472|108|217|93|13|3502741|18115266|2462840|1608323|4.82|14|1.95|174|76|115|1064.0
202411|ADM|41|41150|41150000|서울|서초구|서초동|2711000000|역삼1가|2|50|1|2|2|1315|319|319|956|11104|19526.0|11674.0|6933.0|919.0|14349|9827|5225|6228794.0|3724006.0|2211627.0|293161.0|2647955|2624892|750594|318274|89|145|37|27|7696875|8510800|2001632|1194293|3.36|26|3.55|106|93|424|2418.0
202411|CNTY_GU|46|41130|26110000|서울|강남구|인계동|1114000000|인계동|1|35|2|1|7|933|31|31|948|52388|45275.0|32949.0|9384.0|2942.0|40701|28586|7002|1403525.0|1021419.0|290904.0|91202.0|4602586|2529658|582300|105334|4|13|4|1|6450119|677428|3164078|222169|7.54|1|1.49|90|479|426|479.0
202411|CNTY_GU|11|11170|11170000|대구|성남시|역삼동|1111000000|서초1동|2|50|0|1|2|1600|6|6|976|75877|38087.0|11736.0|7549.0|18802.0|26963|9080|6790|228522.0|70416.0|45294.0|112812.0|1429619|1873220|182906|426770|1|3|0|0|9248800|11164831|2912368|1204975|7.45|0|1.72|46|0|417|0.0
202411|ADM|43|43110|44130000|대구|서초구|인계동|4611000000|서초1동|1|50|1|2|4|1539|498|498|106|62411|15795.0|11076.0|3730.0|989.0|11794|8632|3055|7865910.0|5515848.0|1857540.0|492522.0|1259732|2842391|932077|55506|80|276|148|45|7954602|18001676|3704196|591469|3.44|48|1.08|26|245|147|11760.0
202411|ADM|11|11170|11140000|인천|수원시|인계동|1120000000|역삼1가|2|50|1|1|9|376|466|466|689|14964|7430.0|2317.0|936.0|4177.0|6577|2302|714|3462380.0|1079722.0|436176.0|1946482.0|2708086|912480|961797|553|73|252|121|25|7729865|19281840|1576085|459901|7.77|37|4.05|140|116|436|4292.0
202411|CNTY_GU|46|11140|41130000|부산|서초구|인계동|1120000000|역삼1가|2|35|0|1|2|147|305|305|470|96284|24498.0|9536.0|4697.0|10265.0|23170|6986|4049|7471890.0|2908480.0|1432585.0|3130825.0|3191753|824256|718946|66187|66|129|84|6|1912851|8066184|1107661|669936|3.9|33|2.92|70|242|454|7986.0
202411|ADM|27|43110|41110000|경기|강남구|인계동|1117000000|인계동|2|20|1|1|4|537|204|204|595|82356|9527.0|5056.0|1851.0|2620.0|9075|4570|1471|1943508.0|1031424.0|377604.0|534480.0|2427517|2252967|112136|119099|57|104|46|18|6515249|18794679|2921421|35616|5.86|16|2.14|11|155|241|2480.0
202411|CNTY_GU|44|45110|46110000|서울|성남시|인계동|4311000000|인계동|1|30|0|2|8|1122|476|476|272|41241|13113.0|6228.0|2706.0|4179.0|12168|5626|2008|6241788.0|2964528.0|1288056.0|1989204.0|2265810|1695616|390328|58089|92|265|99|43|3192198|13213809|4034|831444|2.99|9|4.52|124|214|164|1926.0
202411|ADM|11|45110|26110000|인천|수원시|인계동|2711000000|역삼1가|2|45|0|1|9|60|304|304|82|21222|22309.0|12189.0|3681.0|6439.0|16347|9976|3396|6781936.0|3705456.0|1119024.0|1957456.0|3523474|2579226|706645|373633|55|150|84|9|3683283|3741946|2899534|1329047|4.06|34|1.98|10|155|413|5270.0
202411|ADM|11|11140|11110000|부산|성남시|서초동|4211000000|서초1동|1|50|2|1|1|1862|499|499|814|69661|35095.0|20511.0|11574.0|3010.0|32359|16794|8591|17512405.0|10234989.0|5775426.0|1501990.0|1640217|1502337|622357|188775|71|271|118|21|4312667|7622429|1654815|1402571|4.86|48|3.3|144|61|338|2928.0
202411|ADM|41|41130|11170000|부산|강남구|인계동|4511000000|역삼1가|2|40|1|1|8|1381|217|217|241|31077|38141.0|13691.0|6493.0|17957.0|32549|10426|4853|8276597.0|2970947.0|1408981.0|3896669.0|4883949|1958475|992312|85611|22|101|41|9|4071667|2296228|2616623|1323073|4.96|25|1.0|65|259|269|6475.0
202411|CNTY_GU|45|26110|26110000|경기|서초구|서초동|4111000000|인계동|1|65|0|1|7|1137|482|482|791|53942|13279.0|9293.0|4315.0|0.0|12468|9276|3061|6400478.0|4479226.0|2079830.0|0.0|4060221|2415635|78592|155330|56|281|85|30|9299593|10465218|836700|174629|6.16|60|2.48|136|441|65|26460.0
202411|CNTY_GU|43|11200|41130000|부산|수원시|서초동|4211000000|서초1동|2|65|3|1|6|886|234|234|731|37991|4771.0|2883.0|1700.0|188.0|3483|2607|1458|1116414.0|674622.0|397800.0|43992.0|1273467|2923224|644204|393911|29|117|47|12|1137919|2843295|3484961|1807508|4.21|7|3.08|34|137|258|959.0
202411|CNTY_GU|45|44130|43110000|경기|수원시|서초동|1111000000|인계동|1|35|1|1|1|1403|141|141|766|30185|34230.0|24549.0|10800.0|0.0|27104|22723|9393|4826430.0|3461409.0|1522800.0|0.0|3860067|1347581|29847|144588|38|67|30|7|8551549|1317703|2621744|1100666|7.56|20|3.44|118|382|246|7640.0
202411|ADM|42|45110|11200000|부산|성남시|인계동|4113000000|인계동|1|20|1|1|8|334|49|49|757|58649|13390.0|4984.0|5154.0|3252.0|10229|3756|5127|656110.0|244216.0|252546.0|159348.0|1769399|2375843|390705|112259|10|27|13|2|3234201|15572437|1258208|108448|7.8|5|3.68|134|194|49|970.0
202411|CNTY_GU|42|11170|46110000|서울|수원시|역삼동|4115000000|인계동|1|20|3|2|2|1583|29|29|684|19481|19215.0|12282.0|5539.0|1394.0|18329|9886|5177|557235.0|356178.0|160631.0|40426.0|2313704|1494987|908438|191628|5|14|5|0|4497600|16856871|1760648|179640|7.69|1|2.96|151|401|454|401.0
202411|ADM|44|45110|45110000|대구|강남구|역삼동|1111000000|역삼1가|2|60|1|2|1|1698|280|280|958|21193|489.0|206.0|100.0|183.0|391|157|83|136920.0|57680.0|28000.0|51240.0|3325961|465998|734513|163801|43|119|45|21|1347214|1568345|752906|891714|6.09|14|3.42|161|343|402|4802.0
202411|ADM|47|11200|27110000|부산|성남시|인계동|1114000000|인계동|1|60|0|1|2|8|39|39|257|17703|1434.0|665.0|232.0|537.0|1101|640|228|55926.0|25935.0|9048.0|20943.0|1294719|2026843|73137|305173|7|20|5|3|2964993|13191608|4066001|701296|4.9|4|2.16|135|30|317|120.0
202411|ADM|45|11170|11200000|서울|서초구|인계동|4115000000|인계동|2|60|2|1|8|1843|275|275|718|73322|13566.0|9752.0|3504.0|310.0|9948|7780|2581|3730650.0|2681800.0|963600.0|85250.0|1573514|2077766|646219|100503|33|139|39|16|3055754|10673149|2991763|1583567|7.4|16|3.9|32|438|224|7008.0
202411|ADM|43|47110|41110000|인천|수원시|서초동|2811000000|역삼1가|2|65|2|2|3|1065|411|411|304|81085|20892.0|8715.0|3021.0|9156.0|16839|8085|2415|8586612.0|3581865.0|1241631.0|3763116.0|4681756|661948|669617|9423|70|238|59|6|5047652|6794850|535842|978458|6.49|27|1.61|171|33|220|891.0
202411|PRVNC|46|45110|44130000|경기|수원시|인계동|2611000000|인계동|1|35|2|1|4|1695|364|364|195|52682|26121.0|15450.0|4032.0|6639.0|18753|12120|3382|9508044.0|5623800.0|1467648.0|2416596.0|3646059|1698134|852821|489847|39|178|42|12|5662163|8787431|2130886|748596|6.24|2|2.03|93|103|191|206.0
202411|PRVNC|41|28110|11200000|인천|수원시|인계동|4413000000|인계동|2|55|1|1|5|172|381|381|960|19482|42112.0|16703.0|11394.0|14015.0|35463|11891|9811|16044672.0|6363843.0|4341114.0|5339715.0|2676872|2101280|297710|432862|101|222|42|37|5795740|19157897|1197762|443428|2.37|9|1.34|40|230|479|2070.0
202411|PRVNC|46|11170|11140000|부산|성남시|역삼동|4113000000|역삼1가|1|25|2|1|7|1739|383|383|924|61797|22357.0|11379.0|6375.0|4603.0|18077|8121|4846|8562731.0|4358157.0|2441625.0|1762949.0|2248506|105314|141108|307972|39|197|52|0|3678195|8436607|1027929|1727595|6.77|47|1.23|71|445|335|20915.0
202411|CNTY_GU|41|43110|46110000|경기|성남시|역삼동|4311000000|인계동|2|35|0|2|7|1865|240|240|306|52999|30107.0|9857.0|7374.0|12876.0|22690|8008|7265|7225680.0|2365680.0|1769760.0|3090240.0|720024|2643720|776316|125780|24|127|71|19|8594762|2946793|2757064|1792188|4.64|15|4.87|88|247|182|3705.0
202411|CNTY_GU|46|11170|43110000|부산|강남구|서초동|4115000000|인계동|2|55|2|1|3|1270|86|86|760|81718|0.0|0.0|0.0|0.0|0|0|0|0.0|0.0|0.0|0.0|2974358|116228|171637|146839|8|34|13|8|8813069|19121935|798369|1793680|4.57|1|4.95|179|371|14|371.0
202411|CNTY_GU|42|47110|47110000|부산|성남시|역삼동|4611000000|서초1동|2|55|2|1|1|1892|371|371|604|60194|17759.0|10776.0|5874.0|1109.0|15863|9774|4789|6588589.0|3997896.0|2179254.0|411439.0|3314455|822653|141472|2364|43|183|42|29|7293460|901896|255218|976098|4.08|30|1.01|127|98|167|2940.0
202411|ADM|45|44130|43110000|부산|수원시|인계동|4611000000|역삼1가|2|50|2|1|5|1591|454|454|939|78930|38021.0|29611.0|11093.0|0.0|27268|23684|8194|17261534.0|13443394.0|5036222.0|0.0|2217481|2078426|212016|356249|111|187|62|16|7357014|13593565|3388414|774982|5.4|40|2.2|90|426|366|17040.0
202411|CNTY_GU|11|46110|43110000|대구|성남시|인계동|2811000000|역삼1가|1|65|2|1|5|1043|92|92|32|36776|21947.0|10872.0|7948.0|3127.0|20810|9582|6330|2019124.0|1000224.0|731216.0|287684.0|3148825|2127633|69700|236620|19|50|15|1|4462416|10791460|4552392|1891045|6.3|7|1.07|33|32|350|224.0
202411|ADM|47|47110|41110000|경기|수원시|역삼동|2711000000|서초1동|1|60|1|1|4|469|4|4|798|37350|42881.0|17466.0|8763.0|16652.0|35365|15088|6575|171524.0|69864.0|35052.0|66608.0|1090429|2746313|403043|388766|0|1|1|0|7733045|11449804|4416287|1930218|5.13|0|3.05|43|0|134|0.0
202411|CNTY_GU|11|27110|47110000|서울|성남시|역삼동|4115000000|서초1동|2|70|1|1|3|875|376|376|154|89502|3828.0|1731.0|1466.0|631.0|2916|1403|1102|1439328.0|650856.0|551216.0|237256.0|2875967|1576814|875476|428343|73|183|109|19|6376324|9707081|4109289|831488|2.41|46|2.44|135|427|117|19642.0
202411|CNTY_GU|47|11200|41130000|부산|수원시|서초동|2711000000|인계동|2|50|0|1|2|404|224|224|781|81086|29270.0|19992.0|3588.0|5690.0|25285|16344|3124|6556480.0|4478208.0|803712.0|1274560.0|4504222|1402351|785010|376958|46|95|63|13|7666440|19927362|3131107|1098437|5.16|8|2.68|20|328|224|2624.0
202411|CNTY_GU|26|11110|11110000|서울|강남구|인계동|2711000000|역삼1가|2|50|2|1|10|989|425|425|1|65566|16218.0|8037.0|3087.0|5094.0|13199|7419|2778|6892650.0|3415725.0|1311975.0|2164950.0|4866343|665686|816328|273615|53|209|73|24|8446663|722879|194223|1072282|5.66|39|4.87|121|424|17|16536.0
202411|CNTY_GU|45|11170|41130000|서울|서초구|인계동|2811000000|서초1동|2|35|1|1|9|1853|113|113|212|88311|45403.0|15231.0|11145.0|19027.0|40889|12525|10670|5130539.0|1721103.0|1259385.0|2150051.0|2744556|100343|901142|409658|25|58|22|6|3716349|13322464|2614021|1845656|5.34|16|2.52|40|185|243|2960.0
202411|CNTY_GU|47|11170|11170000|부산|강남구|서초동|4211000000|서초1동|1|50|0|1|2|11|228|228|730|28572|43852.0|34291.0|14452.0|0.0|40743|29994|12044|9998256.0|7818348.0|3295056.0|0.0|3222647|521038|84518|189247|46|95|29|6|5510880|14830538|434652|1417951|4.32|21|3.99|136|266|264|5586.0
202411|PRVNC|44|11170|46110000|서울|서초구|역삼동|4115000000|인계동|1|65|0|2|2|1467|142|142|407|76339|2564.0|1849.0|766.0|0.0|1801|1380|666|364088.0|262558.0|108772.0|0.0|4191952|1475476|624937|160475|18|79|31|2|1068241|3427444|2241565|1343856|7.6|16|4.22|142|281|365|4496.0
202411|ADM|43|28110|45110000|인천|성남시|서초동|2611000000|역삼1가|1|35|1|1|10|573|40|40|746|43303|14529.0|5602.0|3444.0|5483.0|10214|4272|2599|581160.0|224080.0|137760.0|219320.0|3889629|1902436|810485|49895|7|21|11|2|5463522|5353115|973849|1135068|5.71|5|1.34|24|210|209|1050.0
202411|CNTY_GU|47|43110|41150000|대구|서초구|서초동|2614000000|인계동|2|45|2|1|3|1509|157|157|270|27470|11572.0|4755.0|2981.0|3836.0|11294|3838|2102|1816804.0|746535.0|468017.0|602252.0|1888104|542367|831680|224051|36|77|27|8|4449144|7772822|4290420|673850|3.82|2|1.08|95|440|120|880.0
202411|CNTY_GU|45|26110|11170000|경기|수원시|역삼동|4413000000|서초1동|2|60|0|2|10|769|119|119|705|38578|42289.0|24843.0|6678.0|10768.0|32929|17648|6644|5032391.0|2956317.0|794682.0|1281392.0|755444|1177378|92858|313725|12|68|20|1|9464333|6398601|4110275|629666|7.34|14|3.17|34|199|471|2786.0
202411|CNTY_GU|26|41130|26140000|대구|강남구|서초동|4711000000|서초1동|1|20|1|2|10|1048|1|1|423|66047|10397.0|7948.0|1445.0|1004.0|9395|7552|1040|10397.0|7948.0|1445.0|1004.0|1520571|2864731|873987|482924|0|0|0|0|6317648|13290803|1950789|907922|7.85|0|3.47|140|0|311|0.0
202411|ADM|47|43110|11170000|대구|수원시|역삼동|1111000000|서초1동|1|55|1|2|4|1391|407|407|580|51464|32534.0|24789.0|12667.0|0.0|24038|21792|10319|13241338.0|10089123.0|5155469.0|0.0|4171667|1104675|998450|315090|96|165|41|22|8712563|3285534|2895979|1781113|3.51|45|4.42|144|470|149|21150.0
202411|ADM|26|11200|11200000|서울|성남시|인계동|2811000000|역삼1가|2|55|1|1|7|688|188|188|674|83817|11134.0|7343.0|3646.0|145.0|10396|5337|2727|2093192.0|1380484.0|685448.0|27260.0|1709377|1365831|667688|101707|47|108|35|9|390909|19189174|4112449|158982|2.07|16|3.97|169|227|177|3632.0
202411|ADM|44|42110|41150000|대구|서초구|서초동|2811000000|서초1동|2|50|1|1|8|295|313|313|465|94011|10972.0|6346.0|3905.0|721.0|8500|4804|3640|3434236.0|1986298.0|1222265.0|225673.0|861190|899695|933625|138979|48|150|77|4|4788235|17156547|1677805|763268|5.52|37|1.99|82|356|286|13172.0
202411|ADM|26|41110|47110000|대구|성남시|인계동|1111000000|서초1동|2|45|1|2|5|859|196|196|879|63163|19827.0|7693.0|5647.0|6487.0|14793|6771|5557|3886092.0|1507828.0|1106812.0|1271452.0|172855|399290|31837|445764|48|84|24|19|8980532|19771247|1206002|1968968|6.57|13|4.64|141|332|9|4316.0
202411|ADM|47|11170|46110000|대구|수원시|인계동|2611000000|인계동|2|70|3|1|7|1417|186|186|221|32292|49365.0|16364.0|16234.0|16767.0|40718|16255|11769|9181890.0|3043704.0|3019524.0|3118662.0|2485408|2091444|241032|396715|41|102|53|8|3651897|92180|1341456|316772|4.62|5|1.87|87|57|331|285.0
202411|CNTY_GU|41|47110|43110000|인천|수원시|역삼동|2711000000|인계동|2|55|1|2|7|352|148|148|798|82395|9286.0|3017.0|1828.0|4441.0|7722|2583|1288|1374328.0|446516.0|270544.0|657268.0|2484885|955141|787404|164762|41|85|38|0|5193138|12096299|460387|720422|4.94|0|1.98|121|0|119|0.0
202411|ADM|26|44130|11110000|경기|서초구|역삼동|4115000000|서초1동|1|60|3|2|9|398|82|82|521|36277|39151.0|24177.0|14103.0|871.0|30814|17165|12023|3210382.0|1982514.0|1156446.0|71422.0|4988899|76837|854799|388184|19|39|12|1|1513649|5323720|4541095|42523|6.65|9|2.76|48|265|151|2385.0
202411|ADM|46|11110|41130000|부산|강남구|서초동|4611000000|역삼1가|1|55|0|1|9|1027|142|142|220|93583|34446.0|12756.0|10321.0|11369.0|31505|10679|7563|4891332.0|1811352.0|1465582.0|1614398.0|3387556|1701996|417672|399838|35|63|37|1|6102359|16945365|2558734|1802499|2.63|17|1.74|102|160|498|2720.0
202411|CNTY_GU|45|27110|11200000|인천|강남구|인계동|4311000000|서초1동|2|55|2|1|6|1308|33|33|557|14454|1632.0|628.0|512.0|492.0|1589|595|392|53856.0|20724.0|16896.0|16236.0|776091|1367806|82213|225020|6|13|5|3|8132660|2340998|1906559|205368|3.75|2|3.64|12|295|315|590.0
202411|ADM|46|47110|28110000|인천|수원시|역삼동|2711000000|역삼1가|2|60|0|1|10|159|114|114|554|39561|22825.0|7938.0|5665.0|9222.0|17658|5602|5497|2602050.0|904932.0|645810.0|1051308.0|2760375|104661|678645|210077|27|66|13|8|9926431|18099534|4751378|96054|5.04|16|4.29|30|207|390|3312.0
202411|CNTY_GU|46|11140|46110000|경기|수원시|역삼동|4311000000|역삼1가|1|35|0|1|10|1188|322|322|378|51098|16052.0|5606.0|4694.0|5752.0|15894|4779|4596|5168744.0|1805132.0|1511468.0|1852144.0|4732209|2071309|699541|212193|84|133|78|13|256639|5000271|2573623|667627|3.05|22|4.18|142|299|445|6578.0
202411|PRVNC|47|41110|11110000|부산|수원시|인계동|4311000000|인계동|1|60|0|1|5|1289|439|439|250|30751|5822.0|2747.0|583.0|2492.0|5770|2705|582|2555858.0|1205933.0|255937.0|1093988.0|4572869|611644|888668|361534|86|217|107|33|5181598|10639975|1348906|420274|6.87|0|3.58|47|0|458|0.0
202411|PRVNC|45|28110|41150000|서울|강남구|역삼동|1120000000|인계동|1|30|0|1|7|145|298|298|715|46902|16584.0|10507.0|2349.0|3728.0|14259|8330|1789|4942032.0|3131086.0|700002.0|1110944.0|2509227|78179|608460|389070|82|162|37|26|3329026|18195096|4798721|47919|4.96|38|4.0|119|210|198|7980.0
202411|CNTY_GU|46|45110|11200000|서울|강남구|서초동|1120000000|서초1동|1|70|1|1|3|611|266|266|64|16654|39498.0|14976.0|6533.0|17989.0|38023|13573|5674|10506468.0|3983616.0|1737778.0|4785074.0|379071|1783875|101612|185567|79|145|67|9|6146399|10551543|2996863|707681|3.57|19|3.75|7|451|202|8569.0
202411|ADM|42|47110|47110000|부산|수원시|역삼동|4511000000|인계동|1|55|3|1|2|1568|41|41|813|35623|0.0|0.0|0.0|0.0|0|0|0|0.0|0.0|0.0|0.0|306570|109244|970081|487946|8|20|5|2|5140258|15190171|4430304|776531|7.54|3|2.24|154|119|359|357.0
202411|ADM|46|11140|46110000|대구|서초구|서초동|4115000000|인계동|1|55|2|1|5|991|217|217|879|60296|41767.0|19337.0|13556.0|8874.0|34576|14237|11786|9063439.0|4196129.0|2941652.0|1925658.0|3605127|814286|268615|335803|63|99|40|0|8652071|15923793|22188|1918593|7.78|22|2.81|15|215|90|4730.0
202411|CNTY_GU|43|46110|41130000|경기|성남시|인계동|4113000000|인계동|2|70|0|1|6|533|225|225|571|44914|5937.0|4254.0|2221.0|0.0|5863|3250|2026|1335825.0|957150.0|499725.0|0.0|2045208|1975656|571249|173073|42|103|32|3|9333806|10863367|4599275|1969113|4.38|31|4.61|7|413|354|12803.0
202411|ADM|42|43110|44130000|대구|서초구|서초동|4111000000|역삼1가|2|60|3|2|2|159|194|194|769|76345|3760.0|2723.0|1331.0|0.0|3450|2312|946|729440.0|528262.0|258214.0|0.0|281198|2687168|812908|481809|32|81|57|12|7420643|2493188|3441819|733592|2.03|24|2.92|64|134|187|3216.0
202411|CNTY_GU|46|41130|28110000|대구|서초구|인계동|4511000000|서초1동|1|40|2|1|9|1773|6|6|546|44883|31191.0|10780.0|3806.0|16605.0|25080|9278|3708|187146.0|64680.0|22836.0|99630.0|1220392|251439|79274|89440|0|2|1|0|995214|5318773|3441054|1428503|7.9|0|1.12|146|0|92|0.0
202411|ADM|46|26110|11170000|경기|수원시|서초동|1111000000|인계동|2|25|3|1|3|1985|303|303|351|41918|40685.0|12229.0|11564.0|16892.0|37947|8934|10627|12327555.0|3705387.0|3503892.0|5118276.0|940406|2303925|240367|382024|66|135|46|24|5316355|1933160|4491521|1084099|2.57|38|3.56|146|382|40|14516.0
202411|CNTY_GU|26|42110|47110000|서울|강남구|인계동|4611000000|인계동|1|20|3|1|4|621|144|144|32|12545|23425.0|7572.0|9094.0|6759.0|18755|7297|6778|3373200.0|1090368.0|1309536.0|973296.0|3471833|1264633|6709|188928|22|83|17|0|6384102|18110774|3460240|1613731|4.27|2|1.21|37|52|275|104.0
202411|CNTY_GU|27|26110|44130000|경기|성남시|서초동|4113000000|서초1동|2|50|1|2|8|448|322|322|154|72474|37441.0|27071.0|7674.0|2696.0|26575|21090|6416|12056002.0|8716862.0|2471028.0|868112.0|3546507|50497|939171|419325|64|132|90|29|4778955|12125239|4827303|56723|3.77|31|1.26|62|96|98|2976.0
202411|ADM|42|27110|11200000|대구|성남시|서초동|2611000000|서초1동|1|40|0|1|1|859|417|417|403|10253|16865.0|11339.0|3890.0|1636.0|13256|8205|2850|7032705.0|4728363.0|1622130.0|682212.0|2179828|1235154|54474|66295|83|201|116|23|4228922|13085082|3167030|670406|6.52|31|2.94|28|341|425|10571.0
202411|CNTY_GU|26|46110|41130000|대구|강남구|인계동|1120000000|서초1동|2|30|2|2|6|563|421|421|33|59719|39258.0|28342.0|10633.0|283.0|36229|28187|8404|16527618.0|11931982.0|4476493.0|119143.0|4348534|1793326|246088|419873|49|191|104|27|8167679|14818690|4249813|1758256|4.34|55|1.68|141|240|479|13200.0
202411|PRVNC|47|11200|11200000|경기|수원시|서초동|4711000000|인계동|1|70|1|1|7|1798|468|468|348|20119|32797.0|13207.0|5907.0|13683.0|28600|9526|4818|15348996.0|6180876.0|2764476.0|6403644.0|643860|338363|616193|305868|54|195|126|45|4163845|13955855|1587481|687125|5.6|21|4.81|142|197|357|4137.0
202411|CNTY_GU|46|26110|46110000|인천|수원시|역삼동|2811000000|역삼1가|2|35|0|2|6|1516|156|156|820|88533|38766.0|16522.0|10730.0|11514.0|32233|16265|7671|6047496.0|2577432.0|1673880.0|1796184.0|1541709|2923843|204448|193393|32|83|34|9|7506399|19039992|1589596|267491|5.54|11|4.78|36|198|248|2178.0
202411|CNTY_GU|27|41110|45110000|서울|강남구|역삼동|4413000000|인계동|1|65|0|1|10|624|128|128|988|64063|19734.0|14173.0|6817.0|0.0|14561|10221|6730|2525952.0|1814144.0|872576.0|0.0|1545600|69082|458736|307469|37|69|13|1|9518902|6348037|2132141|1094613|6.21|10|2.64|163|190|277|1900.0
202411|CNTY_GU|45|46110|11170000|대구|서초구|인계동|2611000000|역삼1가|1|35|2|1|8|800|387|387|511|67748|34890.0|12730.0|4863.0|17297.0|29460|10059|4776|13502430.0|4926510.0|1881981.0|6693939.0|4983150|2789709|261156|258052|49|213|65|34|6807692|6918865|3140892|32266|4.77|17|3.41|77|409|117|6953.0
202411|ADM|46|28110|45110000|경기|강남구|역삼동|1114000000|역삼1가|1|60|1|1|1|1665|73|73|667|48418|47470.0|20563.0|8378.0|18529.0|45588|14523|6882|3465310.0|1501099.0|611594.0|1352617.0|2539302|1713|38009|2746|18|40|16|3|6092188|14679884|1419685|36419|4.9|8|4.5|24|340|363|2720.0
202411|ADM|46|26110|43110000|서울|성남시|역삼동|1120000000|인계동|1|40|2|2|10|1244|98|98|855|39719|31649.0|17590.0|8152.0|5907.0|31449|15411|7575|3101602.0|1723820.0|798896.0|578886.0|742228|1282584|597946|245084|19|49|10|0|382539|9045636|1945309|604690|5.8|2|3.78|11|437|145|874.0
202411|ADM|11|11200|26110000|경기|수원시|서초동|4611000000|서초1동|1|60|0|1|7|1106|291|291|469|77427|24479.0|18261.0|5940.0|278.0|21259|14649|4192|7123389.0|5313951.0|1728540.0|80898.0|493394|1949409|656411|495751|29|156|51|27|7855989|19705774|3799153|1307800|4.76|15|4.83|76|259|153|3885.0
202411|PRVNC|44|41150|27110000|경기|강남구|역삼동|4311000000|역삼1가|1|40|1|1|2|1016|160|160|31|79169|20647.0|10360.0|7494.0|2793.0|19551|9245|6812|3303520.0|1657600.0|1199040.0|446880.0|3784566|2590835|279888|238942|16|95|21|4|9560864|3431639|4773742|1425717|2.5|5|1.09|36|184|338|920.0
202411|CNTY_GU|41|11140|11110000|대구|서초구|역삼동|2711000000|서초1동|1|50|1|2|5|222|2|2|243|77001|49788.0|25516.0|14228.0|10044.0|48221|17946|13903|99576.0|51032.0|28456.0|20088.0|1255507|1421320|53872|143109|0|0|0|0|5633668|6253405|551190|846070|5.73|0|1.79|120|0|238|0.0
202411|CNTY_GU|26|11140|43110000|대구|수원시|서초동|2614000000|인계동|2|40|0|2|6|774|308|308|248|37977|17964.0|11124.0|4527.0|2313.0|15959|9872|3616|5532912.0|3426192.0|1394316.0|712404.0|1846059|1624619|239595|328488|58|135|43|28|6978777|6959496|1163897|897243|7.57|38|2.1|51|95|492|3610.0
202411|ADM|43|28110|26140000|경기|성남시|서초동|4413000000|서초1동|1|30|3|1|1|1880|172|172|763|18535|41092.0|15541.0|4280.0|21271.0|35658|13721|3142|7067824.0|2673052.0|736160.0|3658612.0|4460035|1225712|982067|269096|31|75|36|10|8130703|5809135|4261518|644354|2.53|14|4.53|9|482|458|6748.0
202411|ADM|47|42110|41150000|인천|서초구|서초동|4413000000|역삼1가|2|40|0|1|1|1304|285|285|415|19014|26737.0|8021.0|5249.0|13467.0|22809|7413|4636|7620045.0|2285985.0|1495965.0|3838095.0|206757|1314777|651499|102224|54|146|82|10|5164806|15318895|4070955|782989|4.69|32|3.92|50|491|385|15712.0
202411|ADM|45|11140|11200000|경기|서초구|서초동|4711000000|서초1동|2|55|0|1|6|812|338|338|435|17523|2196.0|1351.0|727.0|118.0|1896|1250|669|742248.0|456638.0|245726.0|39884.0|2554210|132647|596028|114466|88|151|95|31|9093073|17278638|250981|78063|7.68|13|3.17|11|73|421|949.0
202411|ADM|41|42110|47110000|서울|수원시|인계동|4711000000|인계동|2|20|1|1|4|1805|132|132|573|39249|47303.0|14433.0|18388.0|14482.0|37447|11754|17987|6243996.0|1905156.0|2427216.0|1911624.0|4790447|1229472|700567|394491|25|74|16|3|5211648|5414863|3930443|1225479|5.43|10|3.05|94|265|261|2650.0
202411|ADM|26|42110|11170000|서울|서초구|서초동|2711000000|인계동|1|65|0|1|6|733|205|205|892|97486|37219.0|15805.0|13221.0|8193.0|30785|12825|9445|7629895.0|3240025.0|2710305.0|1679565.0|278904|299240|550479|55515|25|105|25|7|1597214|2462912|3740716|878869|5.53|11|2.75|133|347|15|3817.0
202411|CNTY_GU|46|42110|11170000|경기|강남구|서초동|4413000000|역삼1가|1|45|0|1|7|1018|386|386|517|11162|18448.0|6468.0|2098.0|9882.0|16451|6391|2046|7120928.0|2496648.0|809828.0|3814452.0|259346|1101458|988819|216210|51|183|72|30|7508619|16897680|2155999|71735|7.59|2|3.62|172|215|208|430.0
202411|ADM|27|27110|44130000|부산|서초구|인계동|2614000000|서초1동|2|30|1|2|6|544|228|228|786|13219|11382.0|4883.0|3566.0|2933.0|9840|4517|3390|2595096.0|1113324.0|813048.0|668724.0|818989|333545|800301|360949|27|103|61|1|5182341|5116865|853931|860376|6.55|17|4.44|50|358|196|6086.0
202411|ADM|43|45110|27110000|인천|수원시|역삼동|4111000000|인계동|2|65|0|1|3|1393|161|161|733|68724|10611.0|3945.0|2015.0|4651.0|7557|3154|1771|1708371.0|635145.0|324415.0|748811.0|332779|2195460|937344|393418|32|72|43|8|882494|3946146|1755864|74215|5.93|13|4.21|115|497|159|6461.0
202411|PRVNC|47|45110|46110000|부산|강남구|인계동|2614000000|역삼1가|2|60|0|1|8|467|385|385|490|24433|23395.0|18664.0|2921.0|1810.0|18056|15888|2082|9007075.0|7185640.0|1124585.0|696850.0|3440437|1004354|673270|9076|50|180|108|37|8473923|6295716|414312|1710266|5.38|34|2.22|85|376|286|12784.0
202411|ADM|45|45110|45110000|경기|성남시|역삼동|1111000000|서초1동|1|55|0|1|7|1445|186|186|290|91632|34467.0|26660.0|7425.0|382.0|32641|20725|5389|6410862.0|4958760.0|1381050.0|71052.0|2987498|829071|525066|464359|37|110|36|17|7556699|17024197|925757|229537|5.99|10|4.33|80|368|34|3680.0
202411|ADM|42|28110|47110000|대구|성남시|서초동|1117000000|인계동|2|30|2|1|4|1230|186|186|775|10779|2136.0|709.0|847.0|580.0|2072|673|598|397296.0|131874.0|157542.0|107880.0|3503519|429135|116625|224141|55|96|21|14|6987282|18324937|952634|442301|4.41|12|2.18|34|121|391|1452.0
202411|PRVNC|42|46110|43110000|인천|성남시|인계동|4711000000|역삼1가|2|50|0|2|9|45|492|492|67|64799|31870.0|19524.0|6547.0|5799.0|26843|18716|5909|15680040.0|9605808.0|3221124.0|2853108.0|3291097|1065224|340911|36381|112|222|76|15|7415924|1984544|3613010|1485686|4.71|48|3.32|102|81|264|3888.0
202411|CNTY_GU|27|11140|11110000|대구|성남시|인계동|2811000000|인계동|2|20|3|2|8|1090|334|334|591|46816|46466.0|27434.0|6672.0|12360.0|39559|21942|5854|15519644.0|9162956.0|2228448.0|4128240.0|2100508|2614343|473379|463425|66|197|35|33|372221|19128154|380156|971977|6.38|13|2.62|173|348|259|4524.0
202411|PRVNC|45|45110|11140000|서울|수원시|역삼동|4413000000|역삼1가|2|25|2|1|2|394|358|358|341|33843|0.0|0.0|0.0|0.0|0|0|0|0.0|0.0|0.0|0.0|2566000|2448844|654808|84946|90|191|52|3|8578494|16336367|59038|1474462|3.09|27|2.93|64|259|35|6993.0
202411|ADM|42|41110|44130000|경기|성남시|역삼동|1120000000|서초1동|2|55|0|1|7|860|409|409|695|26490|40430.0|27963.0|7025.0|5442.0|40427|27865|6797|16535870.0|11436867.0|2873225.0|2225778.0|4177865|687177|510274|383060|50|231|58|37|214165|17059807|2792279|1622746|5.0|2|3.12|116|406|36|812.0
202411|CNTY_GU|45|45110|11140000|서울|성남시|인계동|4511000000|인계동|2|65|3|1|4|132|255|255|762|83323|48713.0|33430.0|17525.0|0.0|41416|26301|12704|12421815.0|8524650.0|4468875.0|0.0|740302|506497|232441|285673|54|106|61|9|9463604|5394433|2083234|328871|4.19|20|1.15|166|37|374|740.0
202411|CNTY_GU|11|45110|26110000|부산|강남구|인계동|4115000000|인계동|2|65|1|1|1|160|413|413|123|75364|19763.0|5974.0|2349.0|11440.0|17219|4534|1703|8162119.0|2467262.0|970137.0|4724720.0|346399|2772106|758350|326195|109|201|47|17|6858099|18223342|3248280|1208779|7.31|42|2.69|170|15|3|630.0
202411|ADM|27|11110|44130000|대구|서초구|역삼동|4115000000|서초1동|1|60|0|2|9|1797|419|419|628|25432|43389.0|29198.0|9452.0|4739.0|39560|21483|6789|18179991.0|12233962.0|3960388.0|1985641.0|2843024|1876501|434678|79434|63|168|45|2|9250498|15086216|4715357|1032063|5.4|42|2.26|161|266|345|11172.0
202411|CNTY_GU|26|41110|45110000|인천|수원시|서초동|4111000000|서초1동|1|20|2|2|3|1806|338|338|60|17065|41117.0|25811.0|15895.0|0.0|35610|25021|12413|13897546.0|8724118.0|5372510.0|0.0|3045213|2806060|944396|222549|81|191|92|17|4969665|16029504|4350822|41951|7.96|38|3.92|43|415|446|15770.0
202411|CNTY_GU|47|42110|26140000|서울|성남시|역삼동|4113000000|인계동|1|55|0|2|10|414|274|274|384|48391|7850.0|5603.0|2658.0|0.0|5897|4821|2430|2150900.0|1535222.0|728292.0|0.0|2483874|1581939|515435|369339|48|137|57|21|3315269|17066837|2569605|1642349|7.22|16|1.95|179|456|2|7296.0
202411|ADM|44|41110|43110000|인천|수원시|서초동|4611000000|인계동|2|50|3|1|8|288|417|417|675|22578|38835.0|27487.0|8478.0|2870.0|34269|25571|6193|16194195.0|11462079.0|3535326.0|1196790.0|141522|2711338|581764|463255|114|231|102|26|685828|9035086|1484451|1257788|2.4|44|1.92|76|322|469|14168.0
202411|ADM|11|43110|43110000|인천|서초구|역삼동|1120000000|인계동|2|65|2|1|1|383|18|18|623|83047|48678.0|37082.0|16863.0|0.0|43256|26588|13449|876204.0|667476.0|303534.0|0.0|3218292|2900861|493590|23139|4|9|2|1|4556137|3824491|1278570|706533|2.44|0|1.84|80|0|215|0.0
202411|ADM|42|47110|47110000|인천|성남시|인계동|4113000000|역삼1가|1|55|0|1|7|967|489|489|104|32642|11970.0|7938.0|4272.0|0.0|11024|5804|4210|5853330.0|3881682.0|2089008.0|0.0|3273146|1010543|627863|390605|81|237|79|48|8419769|12060775|3832442|597534|6.15|27|1.48|145|12|168|324.0
202411|CNTY_GU|44|11110|28110000|경기|수원시|인계동|2614000000|서초1동|2|30|1|2|3|814|431|431|553|44069|20463.0|12920.0|3413.0|4130.0|17161|9844|3267|8819553.0|5568520.0|1471003.0|1780030.0|3109299|2640553|113927|475194|62|240|86|36|339796|12196076|4345907|544713|4.73|44|2.58|121|337|162|14828.0
202411|ADM|43|46110|26110000|서울|수원시|서초동|2614000000|역삼1가|1|55|2|1|7|283|324|324|109|44176|3843.0|2956.0|904.0|0.0|2745|2294|671|1245132.0|957744.0|292896.0|0.0|983144|362808|486690|272487|43|157|82|2|7920806|3810102|700274|1807516|3.84|38|4.23|88|46|79|1748.0
202411|CNTY_GU|44|47110|11110000|부산|수원시|역삼동|2614000000|서초1동|2|40|3|2|5|885|450|450|501|58578|29820.0|17513.0|5629.0|6678.0|29781|15506|4928|13419000.0|7880850.0|2533050.0|3005100.0|308485|2467863|385997|358259|82|191|100|14|3623048|10685127|2264746|790237|5.3|59|1.38|77|303|125|17877.0
202411|ADM|27|41150|26140000|인천|강남구|인계동|4413000000|역삼1가|2|50|0|2|7|1927|330|330|259|25876|34152.0|17148.0|4462.0|12542.0|28508|12013|4398|11270160.0|5658840.0|1472460.0|4138860.0|4378424|2560730|771301|81643|77|154|78|24|7126934|9449072|1106368|328980|5.4|45|3.03|86|149|423|6705.0
202411|CNTY_GU|26|26140|11140000|인천|수원시|서초동|4113000000|역삼1가|2|45|1|2|7|1650|42|42|767|99536|9240.0|7181.0|2576.0|0.0|7018|6260|2308|388080.0|301602.0|108192.0|0.0|1420758|46022|848155|70978|8|24|6|2|2061763|5057456|341616|1592165|7.62|2|3.38|160|244|87|488.0
202411|PRVNC|45|41130|44130000|대구|강남구|서초동|1120000000|역삼1가|2|30|0|1|3|1273|212|212|154|44943|17142.0|11571.0|5521.0|50.0|15050|8242|5103|3634104.0|2453052.0|1170452.0|10600.0|4566054|501379|271258|307395|51|103|57|10|7622874|12942526|1508589|773211|3.66|31|2.08|157|121|156|3751.0
202411|ADM|42|42110|41130000|부산|서초구|역삼동|1114000000|역삼1가|1|60|1|1|1|890|95|95|842|64171|38333.0|23518.0|7083.0|7732.0|36050|20226|5569|3641635.0|2234210.0|672885.0|734540.0|3063982|2816183|834369|214663|13|48|9|2|4535050|4564246|4226040|1370533|4.69|5|1.71|76|130|29|650.0
202411|CNTY_GU|47|41110|43110000|부산|서초구|인계동|4511000000|역삼1가|2|55|0|2|1|510|250|250|865|69000|26425.0|20049.0|3347.0|3029.0|19520|18482|3052|6606250.0|5012250.0|836750.0|757250.0|4736050|1549154|89157|74158|26|127|29|10|3582081|7452444|2246740|1460918|3.35|18|1.44|168|415|392|7470.0
202411|CNTY_GU|43|41110|27110000|서울|성남시|인계동|4311000000|인계동|2|35|1|2|3|1025|140|140|985|37754|36061.0|13765.0|5956.0|16340.0|32151|11190|4237|5048540.0|1927100.0|833840.0|2287600.0|2034515|602440|864020|51872|14|64|23|2|3107813|769199|1357271|1767614|3.8|6|1.57|142|206|75|1236.0
202411|ADM|27|11200|11200000|부산|서초구|서초동|4413000000|역삼1가|1|25|0|2|3|1559|195|195|251|25580|24114.0|16142.0|3069.0|4903.0|17138|14302|2426|4702230.0|3147690.0|598455.0|956085.0|4527501|2794204|419550|135703|27|86|31|15|8951899|13834071|2261145|957521|7.97|15|4.18|129|351|123|5265.0
202411|CNTY_GU|41|26140|44130000|인천|성남시|서초동|4413000000|역삼1가|1|55|0|1|1|123|135|135|599|54149|24379.0|13690.0|4223.0|6466.0|20497|12550|3727|3291165.0|1848150.0|570105.0|872910.0|319717|2701397|992834|357636|35|71|15|6|1128226|15368369|461085|746149|7.39|7|3.79|116|256|498|1792.0
202411|ADM|42|11110|11140000|인천|수원시|인계동|1120000000|인계동|1|35|1|1|8|1446|249|249|435|14194|46179.0|31479.0|5458.0|9242.0|40722|22092|4688|11498571.0|7838271.0|1359042.0|2301258.0|3357145|2518330|655376|310267|72|120|70|22|8429066|15277495|3402747|1931979|2.3|9|1.33|8|452|319|4068.0
202411|PRVNC|44|26110|46110000|서울|수원시|역삼동|4511000000|역삼1가|1|45|1|1|4|1486|223|223|800|47657|19519.0|14392.0|6728.0|0.0|18145|12534|6567|4352737.0|3209416.0|1500344.0|0.0|1476963|1110204|346808|85026|33|109|41|8|2322883|4352725|3259456|158969|5.62|21|2.91|24|49|386|1029.0
202411|CNTY_GU|41|46110|42110000|대구|성남시|인계동|4413000000|역삼1가|1|45|0|1|9|1151|473|473|177|21536|40931.0|28621.0|5275.0|7035.0|30724|20807|4485|19360363.0|13537733.0|2495075.0|3327555.0|3869181|2897082|610973|326446|82|239|100|39|9465940|12271601|3884804|661133|6.52|54|1.22|62|132|42|7128.0
202411|ADM|47|11200|42110000|인천|강남구|인계동|4413000000|역삼1가|1|50|0|2|1|513|480|480|285|34581|36802.0|28822.0|5802.0|2178.0|31077|24295|5333|17664960.0|13834560.0|2784960.0|1045440.0|1524305|2604632|915651|326591|139|251|74|17|7151851|6379149|25134|84705|7.61|67|2.26|63|316|482|21172.0
202411|ADM|43|45110|43110000|경기|성남시|서초동|4511000000|서초1동|1|30|1|1|4|1480|463|463|353|25721|31438.0|10564.0|7132.0|13742.0|25321|9015|6113|14555794.0|4891132.0|3302116.0|6362546.0|659368|830001|363745|325563|91|249|112|17|5922079|1445185|3851791|1940135|3.4|2|4.95|65|174|160|348.0
202411|ADM|45|42110|46110000|서울|서초구|인계동|4115000000|서초1동|1|45|1|2|5|671|141|141|739|77980|16186.0|7491.0|3037.0|5658.0|13396|6111|2131|2282226.0|1056231.0|428217.0|797778.0|4628599|776337|300300|176703|24|63|33|7|2800476|4350055|3645528|289777|5.49|5|3.34|28|125|250|625.0
202411|CNTY_GU|42|11110|41130000|경기|성남시|서초동|1117000000|서초1동|2|65|1|1|5|818|89|89|888|41502|40755.0|29166.0|15167.0|0.0|35226|27246|11108|3627195.0|2595774.0|1349863.0|0.0|2921448|170193|732247|374413|17|50|11|2|2206389|10232975|2017576|1946076|3.05|4|2.11|141|208|394|832.0
202411|CNTY_GU|26|41150|11170000|경기|서초구|서초동|4611000000|역삼1가|1|55|3|1|4|1798|496|496|633|22338|10736.0|5907.0|2816.0|2013.0|10205|5198|2369|5325056.0|2929872.0|1396736.0|998448.0|894954|1150246|710295|275468|141|212|134|35|8627664|7986129|3063485|1324786|2.35|27|3.73|54|352|138|9504.0
202411|CNTY_GU|47|11170|43110000|경기|강남구|역삼동|1114000000|역삼1가|2|30|0|2|1|892|290|290|85|36150|6596.0|4733.0|1575.0|288.0|5093|3961|1449|1912840.0|1372570.0|456750.0|83520.0|3438794|1462747|568918|102584|61|145|60|14|6154526|5903585|1225347|762237|7.36|3|4.69|62|189|74|567.0
202411|CNTY_GU|45|44130|11110000|인천|성남시|서초동|4311000000|인계동|1|35|0|2|10|80|469|469|50|98265|17747.0|6390.0|5572.0|5785.0|14239|5734|5025|8323343.0|2996910.0|2613268.0|2713165.0|1300405|2378376|358113|267948|133|223|127|17|1107047|11035660|3773460|1881672|2.42|11|3.49|160|321|29|3531.0
202411|CNTY_GU|11|26110|45110000|대구|강남구|서초동|2811000000|역삼1가|2|65|0|1|1|1772|432|432|944|58388|34716.0|15431.0|7433.0|11852.0|27925|11063|5925|14997312.0|6666192.0|3211056.0|5120064.0|1478539|401176|398201|212753|121|219|91|24|8974098|3034736|938047|1600328|7.01|25|3.57|74|340|27|8500.0
202411|CNTY_GU|27|11140|26140000|서울|서초구|역삼동|2611000000|인계동|2|45|3|2|9|248|172|172|804|51845|3516.0|1360.0|545.0|1611.0|2488|1305|444|604752.0|233920.0|93740.0|277092.0|3388771|1414654|285663|366878|27|98|34|7|1252733|3933029|1957110|971970|7.58|18|4.14|72|249|71|4482.0
202411|ADM|42|46110|44130000|대구|서초구|역삼동|4311000000|역삼1가|1|40|1|2|9|1973|245|245|500|64964|34901.0|27024.0|11386.0|0.0|31259|19080|10576|8550745.0|6620880.0|2789570.0|0.0|504501|2779563|268466|392549|26|104|46|13|4857688|17138347|3486280|1787065|4.98|24|2.66|44|132|119|3168.0
202411|ADM|26|47110|26140000|대구|성남시|서초동|1117000000|서초1동|2|45|3|1|10|1867|203|203|74|40623|33841.0|21629.0|6078.0|6134.0|31810|15225|5000|6869723.0|4390687.0|1233834.0|1245202.0|194179|1645181|913275|406112|35|113|28|11|3435537|6623951|4155183|707712|6.02|22|3.71|73|118|225|2596.0
202411|ADM|44|44130|43110000|부산|서초구|서초동|4115000000|인계동|2|35|1|1|5|22|51|51|579|80556|36113.0|18456.0|8033.0|9624.0|29799|16992|7911|1841763.0|941256.0|409683.0|490824.0|22604|1283917|965326|337130|9|24|14|1|9702768|1478650|1033659|1506882|7.3|3|3.04|6|126|474|378.0
202411|CNTY_GU|44|46110|44130000|인천|성남시|서초동|1120000000|역삼1가|1|30|2|1|7|768|238|238|817|12968|14911.0|4525.0|5023.0|5363.0|10615|3850|4881|3548818.0|1076950.0|1195474.0|1276394.0|3074478|2691102|884144|261540|32|103|26|12|8102866|18423915|4650324|452044|3.49|17|3.38|49|333|276|5661.0
202411|PRVNC|47|47110|42110000|서울|강남구|서초동|4611000000|서초1동|2|25|0|1|1|1717|2|2|14|20710|13891.0|7884.0|3639.0|2368.0|13134|6393|2601|27782.0|15768.0|7278.0|4736.0|4323528|117158|810391|21329|0|1|0|0|2244451|170709|1630363|1295942|4.13|0|4.72|148|0|412|0.0
202411|CNTY_GU|45|11170|11170000|인천|성남시|인계동|2611000000|역삼1가|1|55|1|1|4|1339|346|346|875|77441|47788.0|30737.0|11642.0|5409.0|36250|28384|10597|16534648.0|10635002.0|4028132.0|1871514.0|2241367|978736|148514|290869|96|169|83|26|8707946|2415317|4781792|228147|3.43|39|4.44|92|379|376|14781.0
202411|ADM|41|26140|41110000|대구|강남구|서초동|4511000000|역삼1가|2|50|0|1|5|1809|160|160|273|90070|15472.0|8043.0|3563.0|3866.0|12178|7425|3477|2475520.0|1286880.0|570080.0|618560.0|3640350|671543|666427|69597|38|89|41|8|5322971|16705271|2220210|907457|7.82|4|1.44|8|279|344|1116.0
202411|CNTY_GU|46|27110|45110000|대구|강남구|서초동|2614000000|역삼1가|1|35|1|2|10|1301|407|407|825|21073|39571.0|24356.0|10241.0|4974.0|38000|20985|9680|16105397.0|9912892.0|4168087.0|2024418.0|4021180|1223695|915680|315259|95|227|121|16|2307215|19714934|2945757|1081825|7.05|26|3.32|54|144|68|3744.0
202411|CNTY_GU|46|46110|11140000|부산|수원시|인계동|2811000000|서초1동|1|50|0|1|10|1871|86|86|676|65485|6308.0|4394.0|2283.0|0.0|5014|4061|1967|542488.0|377884.0|196338.0|0.0|4045576|381941|991482|179133|24|46|25|5|8279657|4994013|799445|684448|4.61|1|2.77|149|400|34|400.0
202411|PRVNC|44|43110|28110000|서울|수원시|역삼동|1111000000|서초1동|1|40|2|2|8|861|177|177|734|94199|3485.0|1055.0|552.0|1878.0|3047|825|437|616845.0|186735.0|97704.0|332406.0|4614548|160598|236556|451722|37|103|19|8|6174173|4498392|2442902|1893915|5.44|20|2.86|118|134|129|2680.0
202411|PRVNC|45|11170|43110000|경기|서초구|인계동|4111000000|역삼1가|2|50|1|1|10|1458|381|381|184|87915|47184.0|17981.0|7357.0|21846.0|36267|12702|7344|17977104.0|6850761.0|2803017.0|8323326.0|3757665|2348630|668115|53082|55|206|101|31|9368292|15693693|1917506|1331470|3.65|20|3.87|141|144|406|2880.0
202411|ADM|45|42110|41110000|대구|강남구|역삼동|1120000000|서초1동|2|25|1|1|5|1790|33|33|329|28455|47256.0|17194.0|14062.0|16000.0|45157|12892|13694|1559448.0|567402.0|464046.0|528000.0|3405457|1821636|575572|25485|7|15|8|1|9953629|6015812|2490857|639186|3.04|4|3.85|179|401|93|1604.0
202411|ADM|26|26140|47110000|인천|수원시|인계동|1117000000|서초1동|1|65|1|1|10|1506|79|79|819|96896|42409.0|22694.0|4350.0|15365.0|32403|16475|3803|3350311.0|1792826.0|343650.0|1213835.0|2138619|1685351|559026|25297|23|35|9|5|2144609|10486796|4370385|1398523|7.83|6|2.17|7|368|366|2208.0
202411|ADM|27|45110|46110000|경기|성남시|역삼동|2811000000|서초1동|2|40|3|1|2|945|437|437|67|20024|7632.0|5851.0|1711.0|70.0|5428|5081|1554|3335184.0|2556887.0|747707.0|30590.0|680036|1675108|755145|214368|121|238|110|38|9921942|7897750|1084507|684443|7.64|9|4.21|6|257|440|2313.0
202411|CNTY_GU|11|47110|26140000|서울|서초구|역삼동|4413000000|서초1동|2|30|1|2|2|867|202|202|992|17350|27280.0|15693.0|6014.0|5573.0|20212|14895|4696|5510560.0|3169986.0|1214828.0|1125746.0|833256|1980674|514619|314985|30|89|34|14|6019574|11524295|1442698|1731708|6.52|6|4.17|177|347|128|2082.0
202411|CNTY_GU|11|11110|41130000|경기|성남시|역삼동|4711000000|서초1동|2|30|3|1|6|203|1|1|300|25724|20197.0|7192.0|2943.0|10062.0|14288|5893|2459|20197.0|7192.0|2943.0|10062.0|3177549|2304044|209924|13159|0|0|0|0|2958949|18907832|2797708|1100582|3.91|0|2.46|141|0|462|0.0
202411|ADM|26|11140|41130000|대구|수원시|서초동|4113000000|서초1동|1|50|2|1|8|1440|56|56|330|42982|12988.0|6956.0|1528.0|4504.0|10270|5359|1274|727328.0|389536.0|85568.0|252224.0|2312168|925907|427835|434241|7|28|15|2|5856967|12999420|2935023|755878|7.22|6|2.61|51|370|336|2220.0
202411|CNTY_GU|47|41130|45110000|부산|서초구|인계동|4311000000|역삼1가|2|35|2|1|4|406|187|187|995|64190|10606.0|5508.0|1249.0|3849.0|9817|5147|1029|1983322.0|1029996.0|233563.0|719763.0|2586438|2849512|251451|263615|49|85|41|0|6793602|11797664|501910|505403|6.47|15|3.42|44|462|427|6930.0
202411|CNTY_GU|41|41110|41130000|부산|서초구|서초동|4413000000|서초1동|2|50|3|1|5|225|99|99|485|66623|38457.0|21450.0|5978.0|11029.0|31428|15325|5279|3807243.0|2123550.0|591822.0|1091871.0|4861713|1893698|448809|475142|26|52|12|6|8670301|2676818|2422552|486951|5.28|7|1.11|123|81|125|567.0
202411|CNTY_GU|11|11110|11200000|인천|수원시|역삼동|4413000000|인계동|1|25|1|2|6|1515|466|466|111|58614|34809.0|12157.0|13147.0|9505.0|26646|11461|12477|16220994.0|5665162.0|6126502.0|4429330.0|1660505|2078886|913617|61607|86|240|71|23|2187394|17384303|3165680|603295|5.83|61|2.93|82|230|295|14030.0
202411|ADM|45|41110|41150000|대구|수원시|서초동|4211000000|역삼1가|2|45|3|1|1|1036|103|103|790|74761|11824.0|4912.0|2831.0|4081.0|9837|3783|2494|1217872.0|505936.0|291593.0|420343.0|3788335|2798628|466298|23566|16|54|10|4|7114639|2478221|4332654|1672340|2.11|3|2.86|55|59|79|177.0
202411|PRVNC|43|42110|11200000|부산|강남구|역삼동|4611000000|역삼1가|2|25|2|1|2|1147|228|228|555|40621|26716.0|10316.0|5266.0|11134.0|25636|9167|4295|6091248.0|2352048.0|1200648.0|2538552.0|4362796|587088|10124|118765|36|128|54|5|3896859|8681282|3273202|1621125|4.59|28|4.83|81|481|286|13468.0
202411|ADM|46|26140|11170000|대구|수원시|인계동|4511000000|인계동|1|65|3|1|2|1043|196|196|46|18213|46090.0|16307.0|11325.0|18458.0|36548|16293|9509|9033640.0|3196172.0|2219700.0|3617768.0|4647131|424448|700243|239854|27|81|30|8|3515050|2888210|4092391|920054|7.87|11|1.16|167|349|80|3839.0
202411|ADM|42|28110|27110000|인천|강남구|서초동|2614000000|역삼1가|1|60|3|2|3|827|440|440|321|13266|40042.0|14134.0|13784.0|12124.0|35450|11424|13402|17618480.0|6218960.0|6064960.0|5334560.0|1768752|1821051|11039|409512|55|250|109|26|3809833|17456381|1540603|921218|5.71|21|4.79|93|127|205|2667.0
202411|CNTY_GU|46|41130|46110000|서울|강남구|서초동|4115000000|역삼1가|1|45|3|2|5|665|471|471|173|22432|33009.0|26393.0|5737.0|879.0|29553|19420|4174|15547239.0|12431103.0|2702127.0|414009.0|4019931|35253|310204|463290|115|206|71|19|5292447|12478383|1589559|1987525|4.26|18|2.26|8|260|467|4680.0
202411|ADM|26|11170|47110000|부산|성남시|서초동|2614000000|서초1동|2|50|3|2|8|143|353|353|631|42695|32415.0|12593.0|8941.0|10881.0|31461|9203|8769|11442495.0|4445329.0|3156173.0|3840993.0|3675756|1421239|743016|360314|74|205|54|14|4490322|18358227|1570894|68211|5.94|36|4.31|158|431|294|15516.0
202411|PRVNC|45|44130|28110000|서울|수원시|서초동|4113000000|서초1동|1|60|1|1|10|632|271|271|349|73425|42575.0|31693.0|6447.0|4435.0|41253|30174|4997|11537825.0|8588803.0|1747137.0|1201885.0|3099652|1507420|46602|68548|39|148|27|2|7973347|17788129|4696097|976949|5.73|30|2.49|27|146|240|4380.0
202411|ADM|26|41110|26110000|인천|성남시|서초동|2614000000|인계동|1|45|0|1|8|1970|324|324|176|88811|18996.0|10653.0|4520.0|3823.0|16739|8175|3860|6154704.0|3451572.0|1464480.0|1238652.0|3016200|2161585|195040|482566|91|183|33|14|638426|6091443|4538445|806242|7.19|22|2.15|148|201|324|4422.0
202411|CNTY_GU|44|11200|11140000|경기|서초구|인계동|4311000000|역삼1가|2|65|2|1|4|227|306|306|426|12269|26952.0|9820.0|7648.0|9484.0|20421|7653|5689|8247312.0|3004920.0|2340288.0|2902104.0|2049876|2907257|972939|403731|36|178|46|2|9304302|3332351|3261293|1128990|7.04|6|3.7|86|163|55|978.0
202411|ADM|46|26140|46110000|인천|서초구|인계동|1114000000|인계동|1|50|0|1|5|973|279|279|733|48095|28321.0|12335.0|3857.0|12129.0|24835|10340|3365|7901559.0|3441465.0|1076103.0|3383991.0|3233416|2308914|355027|287685|50|157|81|6|723591|14160306|3102818|871374|2.77|7|3.31|158|341|442|2387.0
202411|CNTY_GU|41|41110|11110000|인천|서초구|서초동|4511000000|서초1동|1|60|0|1|2|1676|200|200|315|28722|15281.0|12029.0|4779.0|0.0|12677|8488|4124|3056200.0|2405800.0|955800.0|0.0|1099887|2312707|695499|48595|39|101|39|6|9670814|8749603|2194375|639104|6.44|12|1.65|80|372|454|4464.0
202411|PRVNC|44|43110|47110000|경기|서초구|서초동|2711000000|역삼1가|1|60|1|1|6|1914|281|281|78|14824|29096.0|12685.0|10420.0|5991.0|24127|12343|8942|8175976.0|3564485.0|2928020.0|1683471.0|3222036|285911|332138|201217|42|128|44|12|8439818|5677353|208634|1429450|4.01|1|1.22|29|369|431|369.0
202411|ADM|46|45110|45110000|경기|수원시|역삼동|2611000000|인계동|2|50|1|2|9|330|359|359|646|77993|13128.0|4554.0|3706.0|4868.0|12997|4398|2679|4712952.0|1634886.0|1330454.0|1747612.0|2116965|1507830|169099|92114|66|153|103|13|932070|2514490|1611247|82948|5.87|15|3.04|34|377|189|5655.0
202411|ADM|46|11110|41150000|부산|수원시|인계동|4511000000|역삼1가|2|45|0|1|5|1657|328|328|981|44306|15406.0|11405.0|2608.0|1393.0|12616|9252|2277|5053168.0|3740840.0|855424.0|456904.0|587680|521633|840552|130762|72|164|61|8|5167459|8457801|1727844|1980068|6.43|16|1.17|51|472|74|7552.0
202411|ADM|46|44130|11140000|부산|강남구|인계동|1120000000|역삼1가|2|30|0|2|9|1037|470|470|475|90893|20622.0|6198.0|4958.0|9466.0|20142|6071|4952|9692340.0|2913060.0|2330260.0|4449020.0|2719218|2007576|557109|361359|120|252|131|39|6956467|11534030|865713|217773|2.52|70|3.71|57|381|195|26670.0
202411|ADM|41|28110|26110000|인천|수원시|인계동|1114000000|서초1동|2|25|2|2|6|1221|327|327|307|90830|19039.0|8587.0|2309.0|8143.0|15075|7777|1810|6225753.0|2807949.0|755043.0|2662761.0|4032450|2795600|122479|367159|66|168|83|20|2452343|16064034|879906|113131|4.03|34|2.97|85|455|112|15470.0
202411|CNTY_GU|47|28110|41150000|부산|성남시|인계동|4311000000|역삼1가|2|35|1|1|2|404|83|83|956|15335|32286.0|19506.0|8175.0|4605.0|23208|19060|6657|2679738.0|1618998.0|678525.0|382215.0|116425|2052045|141617|413815|16|39|19|2|5811827|12666773|1471803|1554430|4.73|5|4.53|168|115|328|575.0
202411|CNTY_GU|44|45110|26110000|경기|강남구|인계동|1120000000|인계동|1|70|0|1|9|1121|498|498|540|79731|22897.0|9663.0|4974.0|8260.0|21174|8689|4921|11402706.0|4812174.0|2477052.0|4113480.0|2084789|782065|945112|408546|134|214|101|1|6661979|15402787|938650|76293|5.41|65|4.2|50|406|166|26390.0
202411|PRVNC|47|27110|43110000|경기|성남시|서초동|2811000000|인계동|2|35|1|1|4|273|106|106|913|23818|40822.0|24840.0|8248.0|7734.0|36212|18478|6469|4327132.0|2633040.0|874288.0|819804.0|3238406|1846192|637463|313159|21|46|10|9|2753764|1567658|3679441|1749978|2.87|12|1.77|139|391|264|4692.0
202411|CNTY_GU|11|11110|47110000|대구|서초구|인계동|4711000000|인계동|1|50|1|2|7|137|3|3|882|23654|1068.0|567.0|405.0|96.0|966|414|299|3204.0|1701.0|1215.0|288.0|4498233|2742472|294079|179103|0|1|0|0|5743588|19388431|1914053|913598|6.17|0|1.95|97|0|194|0.0
202411|PRVNC|27|41150|42110000|인천|강남구|인계동|4115000000|역삼1가|1|50|0|1|8|37|373|373|879|24250|10597.0|5754.0|3180.0|1663.0|7501|5279|3068|3952681.0|2146242.0|1186140.0|620299.0|3274811|918299|908817|450346|64|219|100|9|2909031|2064151|2247497|126873|4.27|2|4.89|62|462|440|924.0
202411|CNTY_GU|11|28110|11200000|대구|수원시|인계동|4511000000|인계동|1|40|0|2|1|1559|201|201|225|70969|34583.0|19552.0|3551.0|11480.0|24730|16730|2546|6951183.0|3929952.0|713751.0|2307480.0|1114842|152866|800401|74117|40|97|20|4|5802403|2580114|3300605|807121|3.86|4|1.45|94|402|435|1608.0
202411|CNTY_GU|44|43110|11110000|경기|성남시|인계동|2614000000|인계동|1|20|3|2|9|995|54|54|946|18761|39743.0|26431.0|11784.0|1528.0|34876|24665|10676|2146122.0|1427274.0|636336.0|82512.0|3964062|1078206|73349|439350|6|23|5|1|12495|2403627|4714042|31759|3.23|5|3.98|136|344|144|1720.0
202411|PRVNC|47|27110|44130000|인천|서초구|인계동|4611000000|역삼1가|2|40|2|2|2|42|297|297|414|22201|41879.0|22442.0|13968.0|5469.0|32038|19973|9806|12438063.0|6665274.0|4148496.0|1624293.0|1773915|2923968|519377|258438|86|149|47|28|1222647|4952138|626469|1976844|2.76|14|4.9|77|453|352|6342.0
202411|ADM|41|45110|11170000|대구|수원시|인계동|1111000000|서초1동|1|55|2|2|6|763|300|300|959|66325|189.0|110.0|58.0|21.0|188|98|51|56700.0|33000.0|17400.0|6300.0|2300777|2379040|474105|357698|36|131|32|7|4744385|14774651|4815757|776499|2.91|28|1.3|8|64|241|1792.0
202411|ADM|27|26140|41150000|대구|성남시|역삼동|4413000000|인계동|1|35|1|1|1|306|198|198|709|96707|13662.0|4818.0|3359.0|5485.0|9977|4601|3231|2705076.0|953964.0|665082.0|1086030.0|4439392|1232051|133591|3956|59|115|37|11|1955460|7879637|150064|95555|5.68|19|4.73|156|47|103|893.0
202411|CNTY_GU|41|43110|47110000|인천|성남시|역삼동|4711000000|서초1동|2|70|1|2|5|38|25|25|429|49172|16229.0|5569.0|5033.0|5627.0|13140|5174|3973|405725.0|139225.0|125825.0|140675.0|3387269|1841513|898375|498279|3|12|5|1|2734992|8117795|4316619|1095551|4.82|1|3.85|21|269|56|269.0
202411|ADM|44|46110|28110000|부산|성남시|역삼동|1111000000|서초1동|1|65|3|1|3|1488|163|163|328|53145|43363.0|20119.0|13553.0|9691.0|36154|16466|11203|7068169.0|3279397.0|2209139.0|1579633.0|3772413|972205|569168|425116|24|94|27|5|4020715|13805450|1659156|1131169|4.65|12|2.8|35|404|368|4848.0
202411|CNTY_GU|44|41110|11140000|대구|서초구|서초동|2811000000|서초1동|1|60|0|2|6|1838|382|382|68|71301|11659.0|5489.0|2113.0|4057.0|9606|4676|2108|4453738.0|2096798.0|807166.0|1549774.0|2967423|1580168|124433|492594|54|227|93|27|7282639|1814706|2569524|1823914|5.99|0|1.75|37|0|72|0.0
202411|ADM|11|26140|45110000|부산|수원시|서초동|4115000000|서초1동|2|45|2|2|2|1404|4|4|444|48870|34505.0|13837.0|10292.0|10376.0|32907|10261|7708|138020.0|55348.0|41168.0|41504.0|3918758|2466174|231418|313831|0|2|1|0|6233753|14034059|2371700|1884119|2.11|0|4.37|130|0|17|0.0
202411|ADM|47|45110|46110000|경기|수원시|인계동|1114000000|서초1동|1|25|0|1|10|1106|211|211|930|78192|0.0|0.0|0.0|0.0|0|0|0|0.0|0.0|0.0|0.0|4407008|2348356|52589|336653|29|85|57|8|9094758|2732264|795578|565296|2.7|29|2.27|105|278|262|8062.0
202411|ADM|44|41110|11200000|경기|강남구|역삼동|4111000000|인계동|1|55|1|1|7|1297|459|459|751|79569|24412.0|16150.0|3946.0|4316.0|21961|12612|3794|11205108.0|7412850.0|1811214.0|1981044.0|1633412|1311944|200274|156024|136|189|68|41|9361257|1022724|663778|1478848|6.82|43|3.65|86|499|154|21457.0
202411|ADM|27|41110|47110000|부산|수원시|서초동|2611000000|인계동|2|60|1|1|2|1978|218|218|99|79131|29112.0|22504.0|10087.0|0.0|22990|16467|9168|6346416.0|4905872.0|2198966.0|0.0|645792|805453|771673|303053|24|99|30|11|4174430|17468197|1183709|1937007|2.32|19|1.33|99|310|351|5890.0
202411|CNTY_GU|27|11200|26140000|부산|강남구|역삼동|4111000000|서초1동|1|30|1|2|10|496|376|376|499|69826|4790.0|1543.0|1194.0|2053.0|4109|1376|1157|1801040.0|580168.0|448944.0|771928.0|90162|803648|474611|498145|66|191|75|1|5497028|19204507|3395287|737143|7.62|3|3.01|21|302|311|906.0
202411|ADM|41|27110|45110000|서울|강남구|서초동|4115000000|역삼1가|2|45|2|1|9|1709|400|400|838|46393|19665.0|13038.0|2285.0|4342.0|14101|10056|1977|7866000.0|5215200.0|914000.0|1736800.0|3738368|318663|585199|12092|106|180|40|6|863362|5783642|4881617|194550|5.77|20|2.59|17|193|119|3860.0
202411|CNTY_GU|42|11200|41130000|서울|강남구|인계동|2614000000|서초1동|2|25|3|1|7|446|279|279|178|91381|8483.0|5997.0|2657.0|0.0|6217|5788|1960|2366757.0|1673163.0|741303.0|0.0|1040134|936134|922203|356714|64|114|36|2|492617|8798857|4845414|1840365|3.22|3|4.19|166|41|478|123.0
202411|ADM|44|41150|26110000|대구|성남시|서초동|4211000000|서초1동|1|40|1|1|5|1399|461|461|997|25676|35183.0|16328.0|10239.0|8616.0|33924|11619|7304|16219363.0|7527208.0|4720179.0|3971976.0|2632923|2191490|563092|352586|55|197|100|28|5510612|19832326|246321|786154|4.68|61|1.67|122|249|337|15189.0
202411|ADM|41|46110|41110000|서울|수원시|인계동|1114000000|서초1동|2|70|3|2|9|1501|166|166|461|68062|20977.0|6966.0|7813.0|6198.0|16848|6432|7122|3482182.0|1156356.0|1296958.0|1028868.0|4931057|1411771|791678|196700|18|73|21|16|4153719|18271391|672112|106604|4.16|0|4.16|26|0|158|0.0
202411|CNTY_GU|26|41130|28110000|대구|성남시|역삼동|4711000000|서초1동|2|25|0|1|8|603|2|2|713|68754|29136.0|19030.0|7230.0|2876.0|21484|18396|6488|58272.0|38060.0|14460.0|5752.0|4508456|2979127|397813|168591|0|1|0|0|2745499|19443333|4446431|916466|3.71|0|2.16|126|0|164|0.0
202411|CNTY_GU|27|41110|26110000|대구|성남시|인계동|1120000000|인계동|2|50|0|1|8|1192|40|40|9|78743|32270.0|18989.0|7063.0|6218.0|29952|15531|6162|1290800.0|759560.0|282520.0|248720.0|1750180|1573949|899504|456089|10|23|5|1|266103|18103929|203607|358376|2.14|3|1.85|6|355|386|1065.0
202411|PRVNC|41|44130|11140000|대구|수원시|인계동|4113000000|인계동|2|40|2|2|10|275|305|305|679|92808|26457.0|10480.0|6157.0|9820.0|26306|8119|5981|8069385.0|3196400.0|1877885.0|2995100.0|4595260|256159|790171|207202|42|130|68|28|1249269|10822551|3459116|399176|7.76|45|3.13|103|306|95|13770.0
202411|ADM|27|28110|11200000|인천|성남시|서초동|4115000000|서초1동|1|55|0|2|3|284|79|79|348|58549|22406.0|7204.0|8740.0|6462.0|20227|6438|8595|1770074.0|569116.0|690460.0|510498.0|1049556|543472|776910|473398|8|45|23|6|3896576|6720830|4148613|1599700|3.57|6|1.3|105|19|106|114.0
202411|ADM|43|42110|41110000|대구|수원시|인계동|2611000000|서초1동|1|70|3|2|9|1059|36|36|634|98989|7227.0|5610.0|1943.0|0.0|6584|4146|1513|260172.0|201960.0|69948.0|0.0|979621|2254100|937074|320013|4|16|10|0|743592|13339467|212679|699003|6.51|4|3.54|63|430|111|1720.0
202411|CNTY_GU|11|42110|11140000|부산|서초구|인계동|1111000000|서초1동|1|30|0|1|10|1131|458|458|91|30561|39960.0|13824.0|6000.0|20136.0|32626|13247|4797|18301680.0|6331392.0|2748000.0|9222288.0|4431155|521797|782419|247369|136|212|94|33|4656454|11025486|4973501|504665|4.31|52|4.19|164|498|402|25896.0
202411|ADM|47|46110|41130000|경기|수원시|서초동|4113000000|역삼1가|1|40|0|1|3|1445|172|172|373|90591|1825.0|636.0|284.0|905.0|1761|599|207|313900.0|109392.0|48848.0|155660.0|2620050|1941232|145163|173554|37|90|25|8|1078286|12826179|3792248|1248150|4.85|2|3.1|163|182|187|364.0
202411|ADM|46|47110|26140000|경기|강남구|역삼동|2614000000|서초1동|2|55|0|1|4|1578|61|61|330|41553|23884.0|10033.0|3736.0|10115.0|23021|9947|3689|1456924.0|612013.0|227896.0|617015.0|999859|30080|480572|484392|13|36|8|2|6842318|8257814|331089|1564724|2.75|5|1.54|147|395|165|1975.0
202411|ADM|43|45110|41150000|부산|수원시|서초동|2614000000|역삼1가|2|20|0|2|6|430|392|392|677|63447|14892.0|4979.0|4958.0|4955.0|14393|4760|4694|5837664.0|1951768.0|1943536.0|1942360.0|3514839|427279|580113|465157|40|192|43|14|9207855|2312508|3638862|870043|2.08|8|1.45|161|31|276|248.0
202411|ADM|41|11170|11200000|대구|수원시|서초동|2811000000|인계동|1|25|0|1|8|1309|296|296|422|20821|48842.0|27831.0|19457.0|1554.0|38851|21063|14889|14457232.0|8237976.0|5759272.0|459984.0|3289643|255318|132398|306833|88|141|75|1|5073861|2480081|4332126|1779832|3.15|25|1.52|53|393|200|9825.0
202411|CNTY_GU|42|11200|42110000|서울|서초구|역삼동|1117000000|인계동|2|25|1|1|6|515|251|251|323|64778|27509.0|18100.0|6226.0|3183.0|26636|13486|5766|6904759.0|4543100.0|1562726.0|798933.0|1269605|2101195|648173|9850|41|126|62|5|8791697|10493062|1387555|1690285|7.11|22|3.84|121|391|378|8602.0
202411|PRVNC|41|11140|41130000|서울|강남구|인계동|2711000000|서초1동|1|50|0|2|3|460|10|10|138|95505|3058.0|2027.0|1101.0|0.0|2644|1530|837|30580.0|20270.0|11010.0|0.0|2863707|1830562|518526|132664|1|4|2|0|8054210|17104101|4758435|278820|2.85|0|4.78|129|0|274|0.0
202411|CNTY_GU|27|11200|11170000|서울|강남구|역삼동|2811000000|서초1동|1|45|1|1|4|745|118|118|734|42432|14179.0|5910.0|3631.0|4638.0|12482|4819|3276|1673122.0|697380.0|428458.0|547284.0|1970940|2974951|821445|247369|18|52|27|0|4195068|5857368|4024472|397479|5.52|2|3.32|72|314|265|628.0
202411|ADM|27|11110|26140000|대구|성남시|인계동|1111000000|서초1동|1|50|0|1|4|312|350|350|928|97333|6616.0|3949.0|1271.0|1396.0|5334|3848|1191|2315600.0|1382150.0|444850.0|488600.0|1473298|770478|270177|101162|91|141|81|15|1752947|17511066|3130869|1723278|7.22|25|4.25|140|60|109|1500.0
202411|CNTY_GU|42|41150|11200000|경기|서초구|역삼동|4211000000|서초1동|2|65|1|1|5|1256|383|383|905|85563|38897.0|25316.0|12587.0|994.0|28414|17722|10421|14897551.0|9696028.0|4820821.0|380702.0|130447|879830|294337|239966|102|225|92|19|9070843|16272858|735257|656375|6.61|31|2.14|54|429|434|13299.0
202411|ADM|44|45110|27110000|부산|성남시|서초동|1117000000|인계동|2|40|1|1|10|1473|164|164|335|61321|6992.0|4904.0|1867.0|221.0|5276|3705|1474|1146688.0|804256.0|306188.0|36244.0|820537|2961331|862581|342632|29|97|30|7|665474|6557641|812619|1994036|5.13|23|4.44|76|82|264|1886.0
202411|PRVNC|27|41150|43110000|대구|수원시|역삼동|4511000000|역삼1가|1|70|3|1|3|1028|139|139|312|98829|9274.0|7356.0|3693.0|0.0|7887|5348|2922|1289086.0|1022484.0|513327.0|0.0|1769283|956623|758126|148775|19|81|25|7|7368774|14681785|2789774|721924|3.82|10|4.78|157|269|379|2690.0
202411|ADM|43|27110|42110000|서울|성남시|인계동|4511000000|인계동|2|40|0|1|6|672|106|106|532|57796|21924.0|9003.0|5969.0|6952.0|15568|7280|5044|2323944.0|954318.0|632714.0|736912.0|164083|393366|944606|442549|13|47|27|8|1482741|10684322|4803395|871684|2.08|13|1.41|123|316|68|4108.0
202411|CNTY_GU|47|47110|43110000|부산|수원시|역삼동|1120000000|서초1동|2|25|0|1|9|1296|191|191|615|64736|30278.0|15318.0|5188.0|9772.0|22986|14145|4431|5783098.0|2925738.0|990908.0|1866452.0|3630228|2463525|50793|160500|28|78|27|11|8513577|14910615|4232525|1634993|3.9|13|3.95|66|125|460|1625.0
202411|ADM|46|11200|11200000|인천|수원시|인계동|2711000000|인계동|2|60|0|1|7|873|87|87|908|20127|28266.0|17704.0|5279.0|5283.0|27384|15412|4787|2459142.0|1540248.0|459273.0|459621.0|3037876|2324282|712538|377136|16|49|11|3|6047844|13182515|2109667|756337|2.61|6|4.01|8|292|208|1752.0
202411|ADM|11|26140|46110000|서울|강남구|인계동|4611000000|역삼1가|2|35|1|1|10|985|256|256|597|28979|1751.0|1210.0|398.0|143.0|1405|925|329|448256.0|309760.0|101888.0|36608.0|816415|2189517|910524|119840|67|143|39|22|4125348|9386737|3885561|262568|7.07|29|3.6|78|12|439|348.0
202411|CNTY_GU|43|28110|26140000|서울|수원시|인계동|2811000000|서초1동|2|50|2|2|10|311|424|424|528|98454|11111.0|5135.0|2081.0|3895.0|9384|4343|1727|4711064.0|2177240.0|882344.0|1651480.0|2340919|2320845|989710|474170|102|193|72|39|7100280|9944602|715837|1449175|3.87|6|2.37|102|431|111|2586.0
202411|ADM|47|27110|41110000|인천|성남시|역삼동|1111000000|인계동|2|30|2|1|5|262|157|157|839|89584|9746.0|7492.0|1091.0|1163.0|8518|5467|870|1530122.0|1176244.0|171287.0|182591.0|4247669|2696258|213300|296682|36|87|15|12|22270|9701257|4278748|687602|6.05|6|1.12|135|252|325|1512.0
202411|PRVNC|42|46110|26140000|대구|서초구|서초동|4511000000|인계동|1|50|2|1|6|1175|313|313|152|79217|48044.0|23783.0|5007.0|19254.0|43338|17309|3946|15037772.0|7444079.0|1567191.0|6026502.0|3748777|1462828|101423|424396|42|126|51|11|5428689|10106011|1532423|1615547|5.39|29|2.89|108|105|344|3045.0
202411|CNTY_GU|43|47110|43110000|대구|성남시|역삼동|2811000000|역삼1가|1|35|0|2|10|1625|349|349|736|67900|38544.0|21124.0|7548.0|9872.0|35534|20970|5940|13451856.0|7372276.0|2634252.0|3445328.0|119997|1810688|313495|6850|50|148|41|26|3022506|3669237|1741598|921005|4.36|29|4.82|72|113|12|3277.0
202411|CNTY_GU|47|46110|46110000|대구|성남시|역삼동|2711000000|인계동|2|55|1|2|8|877|427|427|145|50188|49309.0|29065.0|11402.0|8842.0|42813|23134|11303|21054943.0|12410755.0|4868654.0|3775534.0|3234577|2659233|108519|92384|43|248|73|17|5908820|3748732|2476754|962586|7.67|16|3.15|108|352|239|5632.0
202411|ADM|47|43110|11170000|경기|수원시|역삼동|1117000000|역삼1가|2|25|1|2|3|1861|264|264|165|34426|44676.0|13852.0|10629.0|20195.0|34803|11207|7634|11794464.0|3656928.0|2806056.0|5331480.0|2406534|421509|141704|180639|33|153|73|0|4170037|18244351|19891|3102|6.67|5|2.48|27|246|267|1230.0
202411|CNTY_GU|26|27110|11110000|대구|강남구|서초동|4311000000|서초1동|2|55|3|1|5|1346|382|382|120|14379|40466.0|17700.0|9896.0|12870.0|36883|17029|8479|15458012.0|6761400.0|3780272.0|4916340.0|2381180|2269877|496116|99648|52|170|113|2|1593600|8809487|3366656|1202617|4.56|25|1.31|164|318|185|7950.0
202411|ADM|43|11140|47110000|서울|서초구|역삼동|1114000000|역삼1가|1|25|0|2|7|286|191|191|334|59447|13075.0|7814.0|3431.0|1830.0|10400|6464|3423|2497325.0|1492474.0|655321.0|349530.0|3430742|499498|879948|45642|25|110|41|0|733273|5414201|1175491|1230126|3.19|1|2.05|172|113|484|113.0
202411|ADM|27|11170|26140000|부산|강남구|인계동|4115000000|역삼1가|1|60|2|1|8|1244|88|88|358|30037|38623.0|21508.0|12071.0|5044.0|37532|20736|11951|3398824.0|1892704.0|1062248.0|443872.0|456935|1795319|98340|236571|15|39|13|1|3888826|19029303|4444994|1540197|7.15|12|1.44|24|474|451|5688.0
202411|ADM|26|44130|41130000|경기|서초구|서초동|4311000000|역삼1가|2|65|0|1|8|1031|42|42|796|48609|5880.0|3597.0|1532.0|751.0|4172|2822|1226|246960.0|151074.0|64344.0|31542.0|4228941|2264576|785288|65905|6|17|10|3|1979395|2945281|3309856|1095662|2.72|3|2.06|145|419|8|1257.0
202411|ADM|41|11200|26140000|서울|성남시|역삼동|1120000000|인계동|1|60|1|1|7|866|212|212|942|87872|29795.0|14097.0|6421.0|9277.0|29052|11447|5154|6316540.0|2988564.0|1361252.0|1966724.0|3862079|2871886|26691|184861|56|118|42|9|1464786|16857820|4294275|1538116|3.44|21|4.43|46|340|127|7140.0
202411|CNTY_GU|41|26110|41150000|대구|서초구|역삼동|4113000000|인계동|1|60|1|2|6|773|362|362|791|47258|8993.0|3802.0|1921.0|3270.0|7987|3639|1630|3255466.0|1376324.0|695402.0|1183740.0|1195108|1552461|111882|491302|37|175|107|27|6013811|14664654|1949762|510363|4.31|24|3.54|86|413|128|9912.0
202411|ADM|44|46110|47110000|서울|수원시|서초동|2611000000|인계동|1|55|0|2|1|976|199|199|904|56634|7180.0|3696.0|1497.0|1987.0|5910|3051|1129|1428820.0|735504.0|297903.0|395413.0|1063923|1936566|166349|225579|22|99|26|12|5274786|15426052|4616077|1452825|2.36|7|4.17|65|180|481|1260.0
202411|ADM|26|11140|28110000|대구|수원시|서초동|2711000000|역삼1가|2|40|0|1|7|594|408|408|318|36638|22765.0|7551.0|2337.0|12877.0|17897|7346|2130|9288120.0|3080808.0|953496.0|5253816.0|4875716|242887|91070|402895|108|168|119|6|967563|3516260|624886|141977|3.94|35|2.44|154|431|71|15085.0
202411|PRVNC|26|41130|27110000|대구|성남시|서초동|2711000000|서초1동|2|45|0|2|2|19|132|132|653|76793|47724.0|34818.0|11369.0|1537.0|42733|32837|9839|6299568.0|4595976.0|1500708.0|202884.0|4887821|1215785|170596|85842|23|68|27|6|5684507|6964882|2625287|206542|4.41|9|2.28|15|311|476|2799.0
202411|ADM|46|26140|11200000|서울|성남시|인계동|2611000000|역삼1가|1|45|1|2|5|1797|198|198|344|72173|37673.0|27118.0|6003.0|4552.0|31085|21823|4583|7459254.0|5369364.0|1188594.0|901296.0|2285739|1421369|508692|140534|31|115|41|17|9702365|17873807|2533307|1077973|7.19|28|3.72|73|320|455|8960.0
202411|ADM|47|47110|27110000|경기|성남시|역삼동|4111000000|서초1동|2|45|2|1|4|132|338|338|582|23867|17103.0|10021.0|3801.0|3281.0|12621|8717|3038|5780814.0|3387098.0|1284738.0|1108978.0|1110893|2749030|719413|205525|55|145|59|25|3645918|8406147|4653074|1144838|4.29|9|3.53|5|361|100|3249.0
202411|CNTY_GU|41|47110|42110000|인천|성남시|역삼동|4611000000|서초1동|1|60|3|2|7|376|156|156|832|55037|48363.0|17109.0|15602.0|15652.0|33955|14218|13518|7544628.0|2669004.0|2433912.0|2441712.0|2991550|1476962|54947|183242|37|67|30|12|5807278|5189066|3425165|1682874|5.35|1|3.4|32|26|81|26.0
202411|ADM|27|43110|41130000|경기|성남시|인계동|4611000000|역삼1가|1|25|0|2|1|1493|343|343|951|11258|24410.0|18628.0|4792.0|990.0|17426|13532|3656|8372630.0|6389404.0|1643656.0|339570.0|4701969|566616|143336|181204|80|187|42|17|255193|14619277|1229797|854304|2.4|18|1.96|113|346|297|6228.0
202411|ADM|42|43110|11200000|서울|성남시|서초동|1117000000|역삼1가|1|70|2|1|7|1111|202|202|299|89052|21367.0|16044.0|7758.0|0.0|15484|14111|6518|4316134.0|3240888.0|1567116.0|0.0|1159275|391259|483359|296568|29|102|34|19|6353750|9252799|2212365|674332|3.15|0|1.64|167|0|248|0.0
202411|CNTY_GU|11|45110|11200000|인천|강남구|인계동|1120000000|역삼1가|2|30|0|2|3|374|366|366|405|77482|32014.0|12450.0|11419.0|8145.0|31636|9060|9851|11717124.0|4556700.0|4179354.0|2981070.0|4341374|603086|617913|417125|100|166|75|13|1487091|7916447|1114762|604045|3.71|27|1.63|67|296|260|7992.0
