기준년월|구분명|광역시도코드|시군구코드(개정후)|행정구역분류코드(개정후)|광역시도명|시군구명(개정후)|행정구역분류명(개정후)|법정동코드|법정동명|성별|연령구간대|직업구분|금융기관|분위코드(총대출잔액기준)|총대출_보유계좌수|유효대출계좌_대상자수|대출잔액_보유대상자수|대출잔액_최저금액|대출잔액_최대금액|대출잔액_평균금액|대출잔액_주택담보_평균금액|대출잔액_신용_평균금액|대출잔액_기타_평균금액|대출잔액_중위금액|대출잔액_주택담보_중위금액|대출잔액_신용_중위금액|총대출잔액|총대출잔액_주택담보|총대출잔액_신용|총대출잔액_기타|신규대출_약정금액합(당월)|신규대출_주택담보약정금액합(당월)|신규대출_신용약정금액합(당월)|신규대출_기타약정금액합(당월)|일시불상환_대출보유대상자수|분할상환_대출보유대상자수|한도대출_보유대상자수|기타대출_보유대상자수|대출잔액합_일시불|대출잔액합_분할상환|대출잔액합_한도|대출잔액합_기타|대출평균이자율|월 연체보유자수 합계|월평균연체건수|평균연체일|평균연체금액|중위연체금액|연체금액
202406|ADM|42|46110|43110000|대구|수원시|인계동|1120000000|서초1동|1|30|2|2|9|1100|249|249|844|61494|47692.0|25072.0|9226.0|13394.0|37858|18906|8000|11875308.0|6242928.0|2297274.0|3335106.0|3072783|1674740|25618|269683|42|133|63|24|2698881|13844732|1579204|804130|6.45|36|2.87|136|227|250|8172.0
202406|ADM|47|28110|11200000|대구|수원시|서초동|4711000000|역삼1가|1|35|2|2|2|1138|100|100|488|41391|14120.0|6347.0|4978.0|2795.0|9892|4961|4610|1412000.0|634700.0|497800.0|279500.0|2274239|75582|487202|228576|21|53|23|0|3289979|18435302|2178933|846618|6.08|0|2.14|110|0|143|0.0
202406|PRVNC|42|11140|11140000|경기|성남시|역삼동|4511000000|역삼1가|1|55|1|1|6|1559|3|3|681|46146|29752.0|13501.0|11431.0|4820.0|24126|12657|9314|89256.0|40503.0|34293.0|14460.0|4719123|2267839|332113|424386|0|1|0|0|9137437|18303983|1431012|1049960|4.68|0|3.84|101|0|172|0.0
202406|CNTY_GU|44|27110|44130000|인천|수원시|인계동|4413000000|서초1동|2|60|3|1|1|435|17|17|82|28946|35899.0|20825.0|4016.0|11058.0|29056|14645|3740|610283.0|354025.0|68272.0|187986.0|4972414|1913771|732349|71258|2|6|2|1|2517826|8671667|4880622|443936|3.2|0|4.83|161|0|325|0.0
202406|PRVNC|27|44130|27110000|부산|서초구|인계동|4511000000|인계동|2|70|0|1|5|1637|486|486|379|46196|30116.0|23292.0|7371.0|0.0|21707|17903|5325|14636376.0|11319912.0|3582306.0|0.0|2111142|2238746|741713|339961|126|266|139|36|1306231|12337406|3509074|1303956|6.52|21|4.63|77|256|192|5376.0
202406|ADM|11|28110|45110000|인천|성남시|역삼동|4511000000|인계동|1|35|2|1|10|995|232|232|458|76225|16678.0|5209.0|4301.0|7168.0|13872|4640|4205|3869296.0|1208488.0|997832.0|1662976.0|2368673|287971|965630|215369|29|100|41|14|6518401|4836031|26113|1215211|4.81|2|2.59|135|277|75|554.0
202406|PRVNC|43|26140|47110000|경기|서초구|인계동|4511000000|역삼1가|1|55|1|2|6|1952|46|46|14|20779|4757.0|2522.0|1384.0|851.0|3842|2153|999|218822.0|116012.0|63664.0|39146.0|689370|266960|32243|64806|8|25|5|3|2974782|14119042|2593438|1641439|5.41|1|2.92|39|193|230|193.0
202406|CNTY_GU|47|26110|41150000|경기|성남시|서초동|1111000000|역삼1가|2|40|0|1|9|1477|254|254|719|32463|4949.0|2193.0|1029.0|1727.0|4001|2025|1012|1257046.0|557022.0|261366.0|438658.0|43995|2713683|224152|245778|41|109|46|8|1152715|14076309|2774009|1749119|7.49|34|2.47|47|453|471|15402.0
202406|CNTY_GU|46|41130|44130000|서울|수원시|역삼동|4611000000|인계동|2|45|0|1|8|111|269|269|20|36900|7277.0|5171.0|1291.0|815.0|6166|5003|1011|1957513.0|1390999.0|347279.0|219235.0|4708000|2877462|349729|18856|66|120|70|1|7285246|17593629|2118696|1387490|4.92|27|1.34|179|394|210|10638.0
202406|CNTY_GU|42|41150|45110000|인천|수원시|서초동|2614000000|서초1동|1|20|1|2|6|897|187|187|848|17663|39646.0|27088.0|9882.0|2676.0|34365|22414|8078|7413802.0|5065456.0|1847934.0|500412.0|2203034|1723127|807532|290742|52|78|24|16|4969193|3612123|796718|659181|5.02|8|2.45|148|211|42|1688.0
202406|CNTY_GU|46|47110|46110000|부산|서초구|역삼동|4311000000|역삼1가|2|35|3|2|2|845|72|72|890|14206|16406.0|6716.0|4750.0|4940.0|11751|6275|4405|1181232.0|483552.0|342000.0|355680.0|4604895|513301|161645|127640|18|35|19|1|2373819|17028736|964832|410901|3.23|8|3.98|57|355|415|2840.0
202406|ADM|44|41130|11200000|서울|서초구|인계동|4113000000|인계동|1|60|2|1|6|720|450|450|623|43749|18854.0|8054.0|5004.0|5796.0|16829|5893|3926|8484300.0|3624300.0|2251800.0|2608200.0|4740491|92069|770188|170038|70|200|119|38|6612956|337875|4098050|1541853|3.11|10|2.94|120|18|70|180.0
202406|CNTY_GU|46|47110|27110000|경기|강남구|서초동|1111000000|인계동|1|30|1|1|8|549|428|428|529|34096|18829.0|14868.0|3849.0|112.0|17166|13264|3785|8058812.0|6363504.0|1647372.0|47936.0|1648929|476634|475628|205274|85|228|61|1|2987915|17065774|4878534|1252347|4.48|47|3.68|26|324|168|15228.0
202406|CNTY_GU|27|28110|27110000|부산|강남구|서초동|4711000000|인계동|2|20|0|2|4|1995|442|442|558|27136|13305.0|10454.0|3251.0|0.0|11138|7714|2984|5880810.0|4620668.0|1436942.0|0.0|2187645|1945032|27320|54834|130|217|79|31|3644297|1218685|1924053|799964|7.93|35|2.46|89|212|32|7420.0
202406|ADM|47|26140|46110000|경기|서초구|인계동|1111000000|인계동|2|30|1|1|10|377|67|67|501|60291|8046.0|2827.0|1430.0|3789.0|5822|2788|1095|539082.0|189409.0|95810.0|253863.0|1137090|771790|677746|334065|15|38|12|6|9697370|3867102|3216343|1715887|3.2|3|3.29|167|33|288|99.0
202406|ADM|41|46110|11140000|경기|성남시|역삼동|1114000000|서초1동|2|65|2|2|1|1185|323|323|603|56970|47978.0|19437.0|13680.0|14861.0|34656|15772|10421|15496894.0|6278151.0|4418640.0|4800103.0|892052|1547712|530893|79007|38|129|91|24|3944915|12148735|969815|400069|3.02|15|4.16|126|403|73|6045.0
202406|ADM|26|43110|41150000|대구|서초구|인계동|4413000000|역삼1가|1|70|0|1|2|497|57|57|613|82160|5434.0|4232.0|2054.0|0.0|5155|3316|1638|309738.0|241224.0|117078.0|0.0|4681629|1284972|764341|401729|14|31|15|3|2617441|6176072|1450329|275623|3.36|7|2.66|165|243|307|1701.0
202406|ADM|47|47110|11200000|인천|성남시|역삼동|2811000000|역삼1가|1|60|1|2|7|302|374|374|26|92835|32465.0|10432.0|11814.0|10219.0|24972|9031|10501|12141910.0|3901568.0|4418436.0|3821906.0|4686061|597480|498500|207306|86|149|81|35|7868057|8296722|3454005|1886134|2.79|11|3.47|122|124|156|1364.0
202406|CNTY_GU|41|41150|26110000|대구|수원시|역삼동|4111000000|역삼1가|2|40|3|1|3|1986|201|201|511|40990|35803.0|13795.0|7387.0|14621.0|34864|9690|7264|7196403.0|2772795.0|1484787.0|2938821.0|4585297|1628930|864010|16550|36|108|41|17|703995|8888675|339085|1301041|4.72|7|2.07|134|464|23|3248.0
202406|CNTY_GU|41|46110|47110000|부산|성남시|서초동|4211000000|인계동|2|20|0|1|10|969|165|165|57|47424|34113.0|14749.0|6014.0|13350.0|32300|14089|5535|5628645.0|2433585.0|992310.0|2202750.0|327404|2931622|805898|429392|42|80|32|3|5990974|4519957|3301045|1114314|6.69|11|3.16|170|364|169|4004.0
202406|PRVNC|26|43110|41150000|서울|서초구|서초동|1120000000|서초1동|1|45|1|2|6|467|108|108|355|80965|41829.0|13151.0|15125.0|13553.0|30823|11262|10672|4517532.0|1420308.0|1633500.0|1463724.0|2528447|1540654|661975|67630|12|63|15|3|8515976|3078148|4172227|1371423|7.85|3|1.75|102|23|453|69.0
202406|CNTY_GU|27|47110|44130000|대구|서초구|서초동|2711000000|역삼1가|2|35|0|1|10|601|419|419|705|93306|48213.0|18965.0|18321.0|10927.0|35229|17184|18231|20201247.0|7946335.0|7676499.0|4578413.0|2511127|537351|11957|144586|63|202|72|26|8061092|1683795|3368803|1342443|6.49|51|4.86|35|436|406|22236.0
202406|CNTY_GU|45|41150|41130000|경기|서초구|서초동|4413000000|역삼1가|2|40|2|1|9|1429|428|428|698|94008|4499.0|2660.0|1586.0|253.0|3564|2093|1487|1925572.0|1138480.0|678808.0|108284.0|163677|2826185|724338|403107|84|220|121|29|3386898|9146267|4746054|1711404|7.71|45|3.97|13|284|14|12780.0
202406|ADM|45|41130|28110000|인천|수원시|역삼동|1117000000|역삼1가|1|45|2|1|10|128|51|51|560|63151|2630.0|1229.0|666.0|735.0|2175|1205|555|134130.0|62679.0|33966.0|37485.0|4522854|2556810|12701|58114|7|24|6|1|1940540|4959330|3940292|1867420|2.18|4|3.29|44|109|26|436.0
202406|ADM|41|11140|42110000|대구|강남구|인계동|2811000000|서초1동|1|40|2|1|10|1519|487|487|990|31507|14532.0|6639.0|3961.0|3932.0|14503|6346|3644|7077084.0|3233193.0|1929007.0|1914884.0|1477762|2347170|510563|81327|80|274|123|18|3409770|3315118|3326768|1372418|5.01|26|4.61|107|416|272|10816.0
202406|CNTY_GU|42|42110|41130000|부산|서초구|서초동|1117000000|역삼1가|2|65|1|1|3|982|498|498|396|56459|14287.0|9610.0|4380.0|297.0|10019|8251|3350|7114926.0|4785780.0|2181240.0|147906.0|3844372|1444603|817618|290125|91|272|64|43|774276|1115615|4313876|753751|7.09|68|2.67|72|417|35|28356.0
202406|ADM|44|11200|46110000|부산|강남구|역삼동|4113000000|역삼1가|2|65|2|2|6|837|414|414|993|28151|4481.0|1827.0|602.0|2052.0|3172|1453|424|1855134.0|756378.0|249228.0|849528.0|2370290|2306402|129093|398016|104|241|54|36|2265083|848408|688680|227120|3.1|26|3.52|157|367|209|9542.0
202406|ADM|46|26110|45110000|부산|수원시|서초동|1111000000|역삼1가|2|40|2|1|6|1041|229|229|750|11392|18796.0|10041.0|4008.0|4747.0|18006|7995|3074|4304284.0|2299389.0|917832.0|1087063.0|721161|569966|603090|421823|53|96|49|1|999766|16494266|4029213|576504|5.03|24|2.86|120|57|398|1368.0
202406|CNTY_GU|41|41150|11200000|경기|강남구|역삼동|4311000000|역삼1가|2|40|0|1|7|1716|84|84|596|53792|4986.0|1961.0|757.0|2268.0|4751|1878|688|418824.0|164724.0|63588.0|190512.0|1588618|534123|776973|114859|20|37|16|5|9477437|8991079|74068|1935803|7.98|2|3.61|114|430|141|860.0
202406|CNTY_GU|45|41110|41150000|서울|강남구|역삼동|1120000000|서초1동|2|55|0|1|5|532|356|356|26|40533|20909.0|12163.0|5055.0|3691.0|17623|11320|4287|7443604.0|4330028.0|1799580.0|1313996.0|1758309|981230|914759|294748|90|212|56|3|4747478|2190311|192539|1502021|7.83|41|4.65|63|39|212|1599.0
202406|ADM|47|26140|11110000|서울|서초구|역삼동|2811000000|인계동|2|30|0|1|9|445|496|496|544|86637|41706.0|30613.0|6979.0|4114.0|33224|29171|5561|20686176.0|15184048.0|3461584.0|2040544.0|2996220|2125146|570334|150425|95|198|98|45|1851896|18101368|1461199|1609843|7.98|22|4.78|127|482|406|10604.0
202406|CNTY_GU|47|41150|28110000|서울|서초구|역삼동|1114000000|인계동|2|40|0|2|4|380|277|277|180|24331|6198.0|3802.0|1347.0|1049.0|4608|3289|1252|1716846.0|1053154.0|373119.0|290573.0|202743|251408|820847|202710|55|139|48|15|9999822|13288297|4764136|120949|2.1|21|2.05|163|462|120|9702.0
202406|ADM|43|26110|41130000|부산|성남시|인계동|2711000000|역삼1가|2|50|0|2|3|1769|103|103|574|67841|33227.0|22957.0|13180.0|0.0|24997|22744|12364|3422381.0|2364571.0|1357540.0|0.0|4016477|1665838|933427|201929|13|59|15|2|1007288|15705607|4468269|180616|4.74|12|1.6|113|102|393|1224.0
202406|CNTY_GU|46|41150|27110000|대구|서초구|역삼동|4711000000|서초1동|1|60|1|2|10|1959|377|377|278|89726|20476.0|9838.0|3402.0|7236.0|15044|8429|2730|7719452.0|3708926.0|1282554.0|2727972.0|1100427|1332310|968818|441594|51|179|91|8|8128716|7221060|73303|1042153|5.82|9|2.68|70|385|449|3465.0
202406|ADM|45|11110|41110000|부산|강남구|서초동|1117000000|서초1동|1|50|3|1|9|1613|412|412|857|27814|7610.0|3660.0|1323.0|2627.0|5589|2891|1303|3135320.0|1507920.0|545076.0|1082324.0|937789|2825319|733938|452222|81|214|47|6|1871329|13127145|1309826|1153941|2.5|34|4.14|145|270|455|9180.0
202406|ADM|46|43110|11140000|부산|성남시|인계동|1111000000|서초1동|2|65|3|2|9|904|455|455|434|57326|41858.0|21657.0|14838.0|5363.0|34029|19303|10935|19045390.0|9853935.0|6751290.0|2440165.0|4486652|2869412|712342|352333|105|228|135|13|5225829|6626459|2282267|1371441|2.16|23|4.19|112|326|382|7498.0
202406|ADM|43|42110|41130000|서울|수원시|인계동|2611000000|역삼1가|1|55|1|1|7|1548|212|212|322|72376|9117.0|3570.0|1954.0|3593.0|7967|2504|1939|1932804.0|756840.0|414248.0|761716.0|2887869|1173035|429858|53946|40|120|59|6|76165|5779569|1888056|480906|5.89|17|3.45|31|278|129|4726.0
202406|ADM|47|11170|27110000|경기|서초구|역삼동|4113000000|역삼1가|2|30|1|1|3|1765|433|433|71|31347|3016.0|1167.0|960.0|889.0|2816|937|825|1305928.0|505311.0|415680.0|384937.0|1394233|742915|747995|30242|74|221|45|31|9773360|18003618|32717|881993|5.74|4|1.43|19|475|185|1900.0
202406|CNTY_GU|44|41130|46110000|대구|수원시|인계동|2811000000|서초1동|2|70|3|2|9|143|331|331|356|77288|48095.0|27361.0|8200.0|12534.0|45893|25380|7865|15919445.0|9056491.0|2714200.0|4148754.0|2639250|2614562|118291|50979|50|147|61|27|7272832|9943350|4767137|1363318|2.49|43|2.26|27|71|71|3053.0
202406|CNTY_GU|27|11110|43110000|경기|서초구|서초동|4413000000|서초1동|2|65|0|2|7|1169|499|499|155|24678|19626.0|12600.0|2403.0|4623.0|15649|9650|2003|9793374.0|6287400.0|1199097.0|2306877.0|1751214|402389|267934|264025|81|278|122|42|3972310|7600001|3072598|1273436|3.48|72|2.82|75|194|125|13968.0
202406|ADM|44|26110|26140000|대구|성남시|서초동|2811000000|인계동|1|50|2|1|6|547|277|277|111|25728|38800.0|19393.0|12467.0|6940.0|35861|16390|10024|10747600.0|5371861.0|3453359.0|1922380.0|2863544|520993|151514|95306|62|130|45|15|8612450|16597790|1319620|1054276|6.25|30|3.79|41|152|37|4560.0
202406|CNTY_GU|43|44130|11140000|경기|수원시|인계동|1111000000|서초1동|1|50|0|1|8|1673|302|302|678|76670|24844.0|15649.0|8579.0|616.0|20184|14383|6802|7502888.0|4725998.0|2590858.0|186032.0|4155278|1826126|591316|371114|72|173|82|2|5382497|12164518|1233558|1720469|5.83|8|4.26|103|36|296|288.0
202406|ADM|44|47110|11200000|경기|수원시|역삼동|2811000000|서초1동|2|70|2|2|10|1095|138|138|605|37747|43144.0|24267.0|6207.0|12670.0|35759|20346|5479|5953872.0|3348846.0|856566.0|1748460.0|4959552|184865|472840|490994|14|64|25|11|6815610|13726420|712126|1124055|4.23|3|4.11|127|15|56|45.0
202406|ADM|46|45110|11200000|대구|수원시|역삼동|4311000000|역삼1가|2|70|0|2|3|337|216|216|238|74035|6348.0|3555.0|1705.0|1088.0|5678|2827|1343|1371168.0|767880.0|368280.0|235008.0|711374|2481684|946754|218884|27|119|35|2|2744107|9114079|603793|1444350|7.18|16|2.94|13|146|436|2336.0
202406|PRVNC|46|42110|11200000|서울|강남구|인계동|4211000000|역삼1가|2|30|0|1|2|334|20|20|472|40443|39894.0|18233.0|7863.0|13798.0|39539|16144|7129|797880.0|364660.0|157260.0|275960.0|4748386|659018|379372|243344|4|8|5|0|730025|358918|3299025|1273922|2.27|2|1.33|46|241|89|482.0
202406|ADM|26|28110|45110000|인천|서초구|인계동|1111000000|역삼1가|1|65|1|1|7|56|462|462|908|10633|40900.0|32114.0|4553.0|4233.0|40397|24101|3746|18895800.0|14836668.0|2103486.0|1955646.0|3056610|1609169|59229|235338|138|255|137|9|5785276|5733490|1879587|617465|4.22|39|1.37|49|44|71|1716.0
202406|ADM|46|11200|41150000|부산|서초구|서초동|4311000000|역삼1가|1|30|1|2|1|39|292|292|418|52315|43723.0|33074.0|14303.0|0.0|42032|26725|10795|12767116.0|9657608.0|4176476.0|0.0|3640504|180420|379758|453909|40|165|65|0|437782|9107128|3805453|99175|3.06|40|4.86|84|417|452|16680.0
202406|PRVNC|42|41130|11200000|서울|강남구|인계동|4711000000|역삼1가|1|40|0|1|7|161|28|28|306|36687|49653.0|21796.0|17351.0|10506.0|46061|20627|15277|1390284.0|610288.0|485828.0|294168.0|2918429|794935|210981|92853|3|16|5|2|8344794|12052662|3606760|1128908|7.56|0|3.35|134|0|449|0.0
202406|CNTY_GU|27|45110|44130000|서울|강남구|인계동|4511000000|서초1동|2|50|1|1|7|773|360|360|487|74790|0.0|0.0|0.0|0.0|0|0|0|0.0|0.0|0.0|0.0|1552810|1844176|739199|29160|61|168|86|12|2347647|9284689|2435647|938597|5.55|10|3.03|158|128|290|1280.0
202406|CNTY_GU|43|45110|45110000|인천|서초구|역삼동|4211000000|인계동|1|40|0|1|5|445|333|333|487|27751|38757.0|18882.0|4991.0|14884.0|29087|14635|4293|12906081.0|6287706.0|1662003.0|4956372.0|4989253|1146225|314763|83931|96|189|61|24|2821699|9580045|3578558|551550|3.76|31|2.62|40|478|411|14818.0
202406|ADM|42|41150|45110000|인천|서초구|역삼동|1120000000|인계동|2|45|0|2|6|878|287|287|997|86801|16018.0|8365.0|6287.0|1366.0|14206|6360|4698|4597166.0|2400755.0|1804369.0|392042.0|3210622|1950008|725472|285619|40|172|46|25|781921|12330929|3707862|976698|7.53|17|2.48|101|91|355|1547.0
202406|PRVNC|47|11110|26140000|부산|성남시|인계동|2711000000|인계동|1|70|2|1|5|63|184|184|477|74765|37909.0|29153.0|10529.0|0.0|27986|21076|7779|6975256.0|5364152.0|1937336.0|0.0|595488|2342094|456362|389389|45|79|53|17|9694531|2055602|2127138|563316|6.04|21|3.93|31|303|231|6363.0
202406|ADM|27|11200|46110000|인천|성남시|서초동|1120000000|서초1동|1|40|3|2|5|1406|131|131|352|63274|35371.0|23448.0|13386.0|0.0|25147|19343|13105|4633601.0|3071688.0|1753566.0|0.0|3979060|2476499|207353|122190|20|72|27|9|2414482|4948080|1758682|204675|7.7|6|1.96|90|215|474|1290.0
202406|ADM|26|28110|11140000|대구|성남시|서초동|1114000000|역삼1가|2|30|0|1|7|599|82|82|418|92140|49153.0|37992.0|19611.0|0.0|44485|33268|19160|4030546.0|3115344.0|1608102.0|0.0|1656765|2358880|968079|84974|14|35|22|4|6505669|11418758|4531852|1672101|4.04|9|2.54|77|68|326|612.0
202406|ADM|42|26140|11170000|인천|서초구|서초동|4611000000|서초1동|2|30|2|1|4|481|459|459|835|70736|48241.0|37632.0|18755.0|0.0|35465|26898|16454|22142619.0|17273088.0|8608545.0|0.0|3311774|2566875|398696|128267|81|250|57|33|3823023|19209461|3457604|698560|7.13|12|3.76|110|338|454|4056.0
202406|PRVNC|44|11110|11200000|경기|강남구|역삼동|4311000000|역삼1가|1|60|1|2|8|1282|171|171|762|89184|31960.0|10126.0|9003.0|12831.0|26935|7865|7339|5465160.0|1731546.0|1539513.0|2194101.0|515453|189446|782854|38490|31|79|18|11|3760010|17034650|2319402|1591237|5.83|22|3.74|22|203|43|4466.0
202406|CNTY_GU|44|28110|41110000|서울|성남시|인계동|4611000000|서초1동|1|30|2|2|6|330|420|420|386|93962|1951.0|939.0|325.0|687.0|1437|883|311|819420.0|394380.0|136500.0|288540.0|4767710|1676167|933408|115838|77|194|72|2|7575210|12197167|2774780|1370965|2.64|0|4.94|78|0|416|0.0
202406|CNTY_GU|42|44130|26140000|경기|성남시|역삼동|2711000000|서초1동|2|40|0|2|8|1029|164|164|439|55402|24247.0|17983.0|5726.0|538.0|19117|15178|4059|3976508.0|2949212.0|939064.0|88232.0|33570|2189249|867679|429336|27|90|35|10|9324541|17839129|131966|162213|3.66|3|4.96|170|144|207|432.0
202406|ADM|26|43110|46110000|대구|서초구|인계동|4211000000|서초1동|1|35|0|2|1|1832|99|99|561|66189|35623.0|19641.0|9510.0|6472.0|30620|18551|7926|3526677.0|1944459.0|941490.0|640728.0|3253344|31496|976163|443431|11|59|23|8|5474911|9580821|3134863|734339|7.54|7|1.82|10|224|366|1568.0
202406|CNTY_GU|27|46110|11140000|서울|성남시|인계동|1114000000|서초1동|1|35|0|2|4|1378|435|435|186|85112|12187.0|5392.0|3414.0|3381.0|11134|4777|3007|5301345.0|2345520.0|1485090.0|1470735.0|3333577|716220|802085|295014|119|233|72|3|8238804|6529215|4767087|910509|4.87|56|4.58|163|25|455|1400.0
202406|CNTY_GU|46|43110|46110000|경기|수원시|역삼동|4611000000|역삼1가|2|65|0|1|8|505|466|466|731|26380|33710.0|15643.0|11558.0|6509.0|28831|15155|8898|15708860.0|7289638.0|5386028.0|3033194.0|1732054|562848|4150|448169|95|192|138|38|4269084|3350387|2190132|1858633|7.15|9|4.59|83|73|443|657.0
202406|CNTY_GU|26|43110|44130000|서울|성남시|인계동|4611000000|역삼1가|2|35|0|2|6|1831|175|175|575|99951|38218.0|14751.0|12502.0|10965.0|33745|13489|12147|6688150.0|2581425.0|2187850.0|1918875.0|824937|2927543|249719|45069|52|77|26|13|3773532|4529192|2698526|1752968|6.9|1|2.72|64|368|366|368.0
202406|CNTY_GU|26|11200|11200000|서울|강남구|역삼동|4113000000|역삼1가|1|65|0|1|1|702|129|129|69|59502|22920.0|10486.0|2465.0|9969.0|19706|9064|2449|2956680.0|1352694.0|317985.0|1286001.0|2189635|853901|284892|165060|17|59|25|3|8029373|5009972|617051|1724830|5.46|13|1.27|33|132|195|1716.0
202406|CNTY_GU|44|11110|46110000|인천|성남시|역삼동|1120000000|역삼1가|1|65|0|1|5|20|211|211|411|83605|20177.0|11470.0|2678.0|6029.0|15032|11249|2546|4257347.0|2420170.0|565058.0|1272119.0|2086115|1322058|839225|218513|60|87|47|19|3862748|5426121|2103383|392152|7.78|17|2.12|47|296|307|5032.0
202406|ADM|45|11170|11170000|서울|수원시|서초동|4115000000|역삼1가|1|30|0|2|3|1736|371|371|392|80483|15616.0|9335.0|6067.0|214.0|14313|6948|5924|5793536.0|3463285.0|2250857.0|79394.0|1364993|2705332|160274|495189|51|149|90|33|9983414|11948417|2011698|1184909|2.54|45|2.42|48|438|235|19710.0
202406|ADM|45|43110|11110000|부산|수원시|역삼동|2711000000|역삼1가|2|65|0|1|7|1894|341|341|215|63370|41902.0|24619.0|5883.0|11400.0|30306|19533|5749|14288582.0|8395079.0|2006103.0|3887400.0|4570459|2950397|966031|3340|66|200|55|16|1000107|864580|3509721|1133008|2.85|50|1.93|15|167|20|8350.0
202406|ADM|45|45110|28110000|경기|성남시|인계동|4211000000|인계동|2|70|2|1|8|223|450|450|12|14822|24941.0|9497.0|7684.0|7760.0|17993|9082|5639|11223450.0|4273650.0|3457800.0|3492000.0|1145709|1924930|886014|134577|54|183|98|16|6181382|18310981|958176|1366338|8.0|16|4.55|126|268|493|4288.0
202406|CNTY_GU|45|26140|43110000|인천|서초구|역삼동|4611000000|서초1동|1|30|1|1|3|1284|84|84|938|73423|45760.0|23886.0|16779.0|5095.0|43767|23065|14079|3843840.0|2006424.0|1409436.0|427980.0|1844886|1375336|952778|194972|24|42|12|3|1140958|15247760|119936|1461825|7.91|5|3.44|30|400|323|2000.0
202406|ADM|44|11110|11170000|부산|수원시|인계동|2611000000|서초1동|1|35|1|2|9|1522|206|206|759|30139|12715.0|5663.0|4598.0|2454.0|9017|4855|4353|2619290.0|1166578.0|947188.0|505524.0|1665638|824166|618341|58313|23|119|23|4|1819408|17888132|3704535|1274541|4.24|6|4.67|56|94|346|564.0
202406|ADM|42|45110|28110000|부산|강남구|인계동|2811000000|역삼1가|2|20|0|1|5|1926|426|426|517|18603|46260.0|23249.0|15671.0|7340.0|34849|18995|14560|19706760.0|9904074.0|6675846.0|3126840.0|3940158|1345160|523017|32778|77|206|109|11|3572099|13008191|865799|807348|4.62|11|3.96|28|281|270|3091.0
202406|ADM|27|44130|26110000|대구|수원시|역삼동|1111000000|역삼1가|2|35|2|1|8|1789|258|258|342|85959|1112.0|406.0|131.0|575.0|1074|389|107|286896.0|104748.0|33798.0|148350.0|3555748|537491|806994|318516|35|126|67|15|7854588|17344026|3028948|1761498|7.06|12|4.41|75|430|82|5160.0
202406|CNTY_GU|11|41110|44130000|부산|성남시|서초동|4611000000|역삼1가|1|30|0|2|5|371|475|475|618|34277|39982.0|25651.0|7677.0|6654.0|33280|19660|7497|18991450.0|12184225.0|3646575.0|3160650.0|2686664|1206136|741700|454507|48|213|110|6|8076998|3933916|3357578|1853569|3.72|2|1.62|55|110|285|220.0
202406|ADM|42|28110|41130000|경기|수원시|인계동|4711000000|역삼1가|1|35|2|1|2|1222|488|488|347|95514|10514.0|7184.0|3472.0|0.0|10464|5152|2568|5130832.0|3505792.0|1694336.0|0.0|221644|2403720|12017|31493|144|275|117|32|6755358|8517310|4147985|1856046|2.51|17|4.86|63|47|198|799.0
202406|ADM|42|11170|41130000|대구|성남시|역삼동|4711000000|인계동|2|45|0|1|3|935|158|158|249|44626|37659.0|15763.0|14314.0|7582.0|28841|12230|11422|5950122.0|2490554.0|2261612.0|1197956.0|3173044|831562|977112|186824|31|80|38|3|441422|14674438|2233596|1738506|5.6|17|1.23|26|431|483|7327.0
202406|ADM|26|26140|43110000|부산|강남구|인계동|4511000000|역삼1가|2|55|0|1|5|1355|327|327|898|29556|33721.0|15604.0|12624.0|5493.0|25158|15382|9792|11026767.0|5102508.0|4128048.0|1796211.0|4148286|79708|271528|61948|39|134|47|18|5231510|4029834|3256332|159572|5.4|24|2.32|134|226|191|5424.0
202406|ADM|42|45110|42110000|인천|서초구|인계동|4211000000|역삼1가|2|30|2|1|5|281|441|441|699|91307|35934.0|15244.0|11814.0|8876.0|31831|13608|11021|15846894.0|6722604.0|5209974.0|3914316.0|3897059|2364296|672805|433081|76|194|83|43|2917925|17292186|4261441|1996031|6.41|43|1.02|15|135|8|5805.0
202406|ADM|43|43110|41150000|대구|성남시|역삼동|4511000000|서초1동|2|55|0|1|1|999|359|359|253|31736|12433.0|7748.0|1309.0|3376.0|12416|6736|1120|4463447.0|2781532.0|469931.0|1211984.0|632760|45666|957245|179185|76|150|64|26|5934251|10499426|3292477|956766|6.12|3|1.4|27|394|190|1182.0
202406|ADM|42|41130|42110000|경기|수원시|서초동|4115000000|서초1동|2|35|1|2|6|614|184|184|985|29789|31962.0|20818.0|8319.0|2825.0|29397|16229|6404|5881008.0|3830512.0|1530696.0|519800.0|2818111|1293321|475844|179764|29|79|48|11|8033427|9179315|2700749|347199|4.67|16|3.28|112|410|332|6560.0
202406|PRVNC|47|46110|41110000|서울|강남구|역삼동|4111000000|인계동|2|30|1|2|7|1443|304|304|844|28220|38692.0|28785.0|10712.0|0.0|29100|26792|9493|11762368.0|8750640.0|3256448.0|0.0|1579777|557664|274782|258996|91|158|68|5|7469997|2962696|4566435|985282|3.75|37|1.48|98|290|387|10730.0
202406|ADM|26|11170|26140000|대구|서초구|역삼동|2811000000|역삼1가|1|40|2|1|1|617|132|132|942|12933|44406.0|28934.0|9054.0|6418.0|33618|24707|6919|5861592.0|3819288.0|1195128.0|847176.0|4442758|2047258|592758|423723|14|55|25|10|2556331|9511017|1066662|1049110|5.3|12|2.26|30|120|272|1440.0
202406|ADM|41|41110|47110000|경기|수원시|인계동|1117000000|서초1동|1|35|0|1|5|558|269|269|911|42700|3567.0|1603.0|971.0|993.0|2853|1392|792|959523.0|431207.0|261199.0|267117.0|808785|343019|973307|214765|73|123|42|24|1982600|7121114|382544|1212131|5.23|17|2.49|151|177|318|3009.0
202406|ADM|46|42110|28110000|인천|성남시|서초동|2611000000|서초1동|1|70|0|1|4|458|183|183|193|39504|17019.0|9182.0|2905.0|4932.0|13561|9003|2584|3114477.0|1680306.0|531615.0|902556.0|3684048|2298521|310441|155668|39|86|40|3|1283088|1593790|561891|360291|7.34|6|3.73|83|471|218|2826.0
202406|PRVNC|41|11170|46110000|인천|서초구|역삼동|4413000000|서초1동|2|30|0|1|4|509|277|277|185|99127|3009.0|1905.0|741.0|363.0|2243|1414|526|833493.0|527685.0|205257.0|100551.0|4394457|1060419|17300|340091|38|114|80|23|5571156|18748208|3292484|1026278|5.91|7|4.72|21|214|300|1498.0
202406|PRVNC|27|41150|46110000|인천|강남구|인계동|4111000000|인계동|1|35|0|1|6|929|236|236|954|49975|30796.0|9989.0|11156.0|9651.0|29421|9717|10483|7267856.0|2357404.0|2632816.0|2277636.0|4612617|2484520|385841|490377|55|95|60|1|2517866|162071|621966|1501844|3.93|35|2.64|26|221|148|7735.0
202406|ADM|11|26140|11140000|경기|수원시|서초동|4711000000|인계동|1|70|1|1|3|1398|1|1|226|95832|47908.0|21008.0|13008.0|13892.0|47390|18399|10743|47908.0|21008.0|13008.0|13892.0|35682|137244|877270|318809|0|0|0|0|9204302|9735514|4299553|9998|5.38|0|3.02|67|0|296|0.0
202406|CNTY_GU|44|11140|44130000|서울|수원시|역삼동|4111000000|인계동|1|35|3|1|7|1749|139|139|334|32897|42180.0|31835.0|12583.0|0.0|40048|26113|9562|5863020.0|4425065.0|1749037.0|0.0|752336|2738217|411009|5818|16|68|17|13|3689271|7471982|4750355|613199|4.92|0|2.8|68|0|174|0.0
202406|ADM|27|41110|41110000|대구|강남구|인계동|1111000000|인계동|1|25|2|2|10|960|48|48|167|89427|43179.0|17606.0|10449.0|15124.0|39646|14764|8080|2072592.0|845088.0|501552.0|725952.0|4210867|1554107|477422|246753|11|23|10|4|7681378|7430734|1476780|871258|6.57|6|4.66|140|455|209|2730.0
202406|PRVNC|43|26140|11110000|부산|성남시|인계동|1120000000|서초1동|1|50|1|2|2|619|118|118|811|54668|26991.0|11004.0|7712.0|8275.0|26609|7890|5529|3184938.0|1298472.0|910016.0|976450.0|429710|630823|258840|251682|34|68|23|5|2812155|9742896|2172261|591597|5.56|1|3.49|55|487|388|487.0
202406|CNTY_GU|43|11200|41130000|경기|수원시|서초동|4115000000|인계동|1|40|1|1|8|1163|274|274|485|89789|16180.0|9467.0|3598.0|3115.0|13740|8122|2899|4433320.0|2593958.0|985852.0|853510.0|1275647|327936|646016|425125|55|142|70|8|7016311|14193846|2522498|451039|4.05|16|3.3|7|229|390|3664.0
202406|ADM|46|43110|11110000|서울|강남구|인계동|4111000000|서초1동|1|50|1|2|7|284|247|247|986|91653|11174.0|8784.0|2392.0|0.0|9794|8481|2201|2759978.0|2169648.0|590824.0|0.0|1839967|1689159|314294|419336|63|108|63|22|7497125|8702665|265201|1106546|2.21|1|3.86|75|253|57|253.0
202406|ADM|46|27110|41150000|대구|수원시|역삼동|2811000000|인계동|2|45|0|1|6|1624|120|120|266|39034|30311.0|17693.0|8277.0|4341.0|24321|16857|7435|3637320.0|2123160.0|993240.0|520920.0|445509|1989902|359330|240778|34|55|17|11|9946631|16571397|3587854|1261584|2.98|2|1.46|31|164|306|328.0
202406|ADM|47|26110|41150000|대구|서초구|서초동|2611000000|역삼1가|1|20|0|1|3|460|359|359|389|21751|4772.0|3665.0|649.0|458.0|3479|2786|587|1713148.0|1315735.0|232991.0|164422.0|170425|1473792|608755|175499|48|166|70|35|8412763|14107953|1709097|1234832|5.75|29|3.09|168|120|230|3480.0
202406|CNTY_GU|41|42110|11140000|경기|성남시|인계동|4111000000|역삼1가|1|35|2|1|3|177|127|127|628|32322|41002.0|20026.0|15779.0|5197.0|34089|15927|15261|5207254.0|2543302.0|2003933.0|660019.0|4254679|665561|80245|267852|13|54|12|5|8285797|12306479|3731204|1855255|4.14|1|1.39|23|89|93|89.0
202406|CNTY_GU|26|26140|11110000|서울|강남구|서초동|1111000000|역삼1가|2|65|0|1|8|1277|142|142|991|46957|138.0|101.0|29.0|8.0|127|84|27|19596.0|14342.0|4118.0|1136.0|4509234|2712544|329674|248800|37|83|42|0|7998526|19676530|1387445|1642496|4.61|11|2.83|148|32|140|352.0
202406|CNTY_GU|27|41130|41130000|인천|강남구|역삼동|4511000000|서초1동|2|25|0|1|5|1365|131|131|314|48477|2852.0|1578.0|456.0|818.0|2292|1174|438|373612.0|206718.0|59736.0|107158.0|3707574|2794095|59169|170894|22|59|16|0|6269890|9083918|2826867|1704944|3.5|10|2.31|19|43|276|430.0
202406|ADM|42|41150|42110000|인천|성남시|인계동|1117000000|서초1동|1|20|1|2|2|999|226|226|505|13590|33002.0|22193.0|6087.0|4722.0|29128|18749|5306|7458452.0|5015618.0|1375662.0|1067172.0|694634|2458817|846651|213252|52|96|67|10|3541131|11640674|4393923|301388|5.28|18|4.39|51|10|438|180.0
202406|ADM|11|28110|11170000|대구|서초구|역삼동|4711000000|서초1동|2|35|1|1|5|969|253|253|51|60380|34214.0|26433.0|7866.0|0.0|33733|25392|6474|8656142.0|6687549.0|1990098.0|0.0|2492535|379884|209806|421651|31|107|69|12|1630918|3551835|2847852|1354842|5.83|24|1.93|19|490|424|11760.0
202406|CNTY_GU|44|41130|26110000|대구|서초구|역삼동|4211000000|역삼1가|1|40|2|1|3|1496|433|433|650|76953|32888.0|14182.0|10403.0|8303.0|24528|14011|9726|14240504.0|6140806.0|4504499.0|3595199.0|676161|1809317|163591|456106|113|231|64|26|8652081|5982036|2707068|1608462|6.42|9|2.89|26|430|59|3870.0
202406|ADM|27|11200|43110000|부산|서초구|역삼동|4115000000|인계동|2|40|2|1|6|1123|59|59|113|32905|27460.0|14483.0|8035.0|4942.0|21668|13589|6751|1620140.0|854497.0|474065.0|291578.0|2602715|180167|609705|12725|8|30|10|2|5078996|12883439|1581566|83209|2.49|3|1.77|55|212|61|636.0
202406|ADM|45|27110|11140000|서울|수원시|서초동|4413000000|서초1동|2|55|1|1|8|1544|67|67|857|69390|21251.0|16531.0|6528.0|0.0|18530|12263|6384|1423817.0|1107577.0|437376.0|0.0|4029902|898906|945993|382382|14|34|13|2|5455826|6954457|2625455|1797517|2.12|4|3.95|80|37|442|148.0
202406|ADM|44|46110|45110000|경기|성남시|서초동|4211000000|역삼1가|1|25|1|1|7|735|369|369|584|71849|3015.0|1482.0|1158.0|375.0|2429|1155|1081|1112535.0|546858.0|427302.0|138375.0|2939714|2742654|706718|283540|57|206|59|11|1328397|8869584|4439375|1106607|7.02|24|4.93|143|220|468|5280.0
202406|ADM|26|42110|11140000|경기|수원시|서초동|4113000000|서초1동|1|25|0|1|3|1472|470|470|661|91416|9617.0|5172.0|2038.0|2407.0|9276|3903|1888|4519990.0|2430840.0|957860.0|1131290.0|745808|1355637|658962|278064|136|276|120|45|5962490|1342807|4540502|1635088|2.56|27|1.06|41|340|58|9180.0
202406|PRVNC|42|41130|26110000|인천|성남시|인계동|1114000000|역삼1가|2|30|1|2|4|1300|242|242|497|95764|39702.0|12346.0|9555.0|17801.0|35527|12083|9067|9607884.0|2987732.0|2312310.0|4307842.0|3990535|2828500|299562|209294|59|129|46|22|1400286|19029035|4336106|1146447|2.54|9|1.25|61|412|261|3708.0
202406|ADM|42|27110|44130000|경기|서초구|인계동|4211000000|인계동|1|50|0|2|4|11|306|306|904|12448|28941.0|19332.0|10565.0|0.0|24946|19279|7776|8855946.0|5915592.0|3232890.0|0.0|4437729|2219857|569585|425758|73|175|73|9|848245|13228102|59186|1440758|6.09|28|1.2|148|184|210|5152.0
202406|CNTY_GU|11|28110|11140000|경기|서초구|인계동|2711000000|역삼1가|2|45|0|1|4|1190|237|237|872|63225|28702.0|11336.0|7680.0|9686.0|25513|11170|7516|6802374.0|2686632.0|1820160.0|2295582.0|2403744|1744504|22068|245032|65|121|68|12|6179300|17722091|3638868|392272|7.49|6|1.78|168|93|37|558.0
202406|ADM|41|41130|47110000|대구|강남구|역삼동|4115000000|역삼1가|2|20|2|1|6|15|6|6|223|95809|38082.0|26775.0|8648.0|2659.0|30677|23007|6427|228492.0|160650.0|51888.0|15954.0|523531|2635952|729398|44138|0|2|1|0|6301426|15217096|440899|1108128|3.49|0|2.77|136|0|438|0.0
202406|ADM|41|11110|47110000|인천|서초구|서초동|4413000000|역삼1가|2|40|1|2|3|772|1|1|710|72151|30037.0|10815.0|7332.0|11890.0|26367|10343|7100|30037.0|10815.0|7332.0|11890.0|3944135|1224745|554884|45687|0|0|0|0|1581757|13737207|1939922|263372|6.2|0|2.61|130|0|244|0.0
202406|CNTY_GU|47|47110|41110000|부산|수원시|인계동|4611000000|서초1동|1|70|2|1|7|1404|4|4|854|84563|33895.0|25646.0|11149.0|0.0|27630|19737|8515|135580.0|102584.0|44596.0|0.0|4177307|558294|362507|234610|1|2|0|0|9390038|17379310|468409|1480241|6.38|0|1.61|27|0|115|0.0
202406|CNTY_GU|46|28110|11200000|인천|강남구|서초동|1114000000|인계동|2|20|2|2|10|1719|300|300|544|69097|29301.0|17688.0|11633.0|0.0|26909|13105|11279|8790300.0|5306400.0|3489900.0|0.0|4371753|1598857|492815|196888|70|130|33|3|3345198|18056728|767388|1126309|2.6|28|3.76|176|96|445|2688.0
202406|ADM|46|47110|41130000|대구|수원시|역삼동|4511000000|역삼1가|2|65|2|1|6|652|348|348|858|40022|21145.0|12063.0|4461.0|4621.0|19756|9570|4125|7358460.0|4197924.0|1552428.0|1608108.0|934985|459507|679447|395146|88|207|100|30|4703674|12300893|2471258|1734984|3.21|38|3.62|39|263|313|9994.0
202406|PRVNC|41|11170|47110000|대구|성남시|서초동|4611000000|역삼1가|2|30|0|2|4|1329|386|386|52|69210|5647.0|2119.0|889.0|2639.0|5124|1965|657|2179742.0|817934.0|343154.0|1018654.0|3107444|1806918|779338|338143|82|228|115|9|1579090|9904724|1048277|1990923|6.65|52|4.68|10|270|275|14040.0
202406|PRVNC|44|44130|45110000|부산|서초구|인계동|1120000000|서초1동|2|25|0|1|3|160|231|231|875|60630|8026.0|2623.0|2226.0|3177.0|6593|2431|2079|1854006.0|605913.0|514206.0|733887.0|2715369|796264|969705|200717|52|135|47|7|2862404|19008338|3978070|1896606|5.2|26|1.73|15|322|310|8372.0
202406|ADM|44|47110|11200000|부산|성남시|역삼동|1120000000|역삼1가|2|40|0|1|7|355|343|343|569|20779|47054.0|34380.0|12954.0|0.0|34171|29875|11646|16139522.0|11792340.0|4443222.0|0.0|2958579|2268441|166605|197291|73|171|45|1|5691014|12858037|3495193|916981|7.34|2|3.26|55|32|294|64.0
202406|ADM|45|41130|46110000|서울|수원시|서초동|2614000000|서초1동|2|30|3|1|10|847|145|145|781|83536|5315.0|4010.0|1752.0|0.0|5287|3804|1370|770675.0|581450.0|254040.0|0.0|2134251|2587435|235089|475497|25|59|42|1|1806884|18163289|437218|1054082|7.68|17|3.41|177|471|65|8007.0
202406|ADM|41|44130|47110000|경기|성남시|인계동|1114000000|인계동|2|35|1|2|2|801|72|72|474|74319|13059.0|6475.0|5177.0|1407.0|12399|4734|4028|940248.0|466200.0|372744.0|101304.0|2657756|813630|337244|95955|11|39|8|3|2959975|15479951|1867687|1885719|2.19|0|1.33|117|0|294|0.0
202406|ADM|46|27110|44130000|인천|성남시|서초동|4113000000|역삼1가|2|45|1|1|3|1327|404|404|791|85889|32840.0|24883.0|12453.0|0.0|25546|17686|10048|13267360.0|10052732.0|5031012.0|0.0|2556143|2099094|739153|315291|65|203|110|15|4354050|1026429|2171251|680483|6.78|2|3.99|136|198|328|396.0
202406|ADM|11|11200|11110000|부산|성남시|서초동|1117000000|인계동|2|60|0|2|10|220|370|370|483|12153|23841.0|11858.0|4709.0|7274.0|22037|11042|3916|8821170.0|4387460.0|1742330.0|2691380.0|4543308|1342740|439315|40442|91|200|41|23|2022650|7993542|681773|1008025|4.27|27|3.64|59|312|63|8424.0
202406|CNTY_GU|45|41110|46110000|대구|서초구|인계동|1117000000|서초1동|1|30|0|1|6|287|440|440|688|27011|42600.0|33022.0|5468.0|4110.0|33517|30424|4434|18744000.0|14529680.0|2405920.0|1808400.0|4768735|839937|755092|82769|47|242|97|10|8510840|9114327|4020206|546012|2.75|44|3.68|95|391|60|17204.0
202406|ADM|47|26140|28110000|대구|성남시|역삼동|1117000000|인계동|2|30|2|1|1|435|209|209|553|53144|32871.0|23862.0|7275.0|1734.0|25424|21936|6295|6870039.0|4987158.0|1520475.0|362406.0|1544072|2046142|858977|246708|39|103|22|10|5244901|6727655|4310973|481802|5.09|9|4.26|13|93|27|837.0
202406|ADM|11|45110|11170000|경기|강남구|인계동|1120000000|서초1동|1|25|0|2|9|819|482|482|841|23641|41497.0|32906.0|9717.0|0.0|39634|26161|6811|20001554.0|15860692.0|4683594.0|0.0|4716320|618572|963242|304358|131|205|89|42|8445879|8547913|2371843|459642|5.27|54|3.14|16|424|295|22896.0
202406|CNTY_GU|26|11200|47110000|경기|수원시|서초동|4111000000|인계동|2|70|2|2|8|322|12|12|61|47927|33707.0|20270.0|3696.0|9741.0|25969|17203|3223|404484.0|243240.0|44352.0|116892.0|695897|1398461|984145|222560|3|5|2|0|2164898|16114697|2501064|505202|5.43|0|4.07|129|0|25|0.0
202406|CNTY_GU|44|42110|11200000|대구|강남구|인계동|1114000000|서초1동|2|40|0|1|8|984|71|71|768|66988|43669.0|20742.0|16505.0|6422.0|33163|14867|15547|3100499.0|1472682.0|1171855.0|455962.0|548154|2645771|582969|351365|11|31|21|3|357076|3469221|1498090|906648|4.04|10|4.98|100|335|207|3350.0
202406|PRVNC|26|41130|46110000|인천|강남구|역삼동|4311000000|서초1동|2|35|3|1|9|1853|111|111|959|11857|39532.0|23883.0|8997.0|6652.0|38396|22651|8435|4388052.0|2651013.0|998667.0|738372.0|4575417|1547120|916364|4187|20|57|11|9|1312294|732560|3511507|398788|4.53|10|1.19|36|167|342|1670.0
202406|PRVNC|46|41130|46110000|대구|서초구|인계동|1111000000|역삼1가|1|30|1|1|2|1523|456|456|61|95331|17181.0|11449.0|3117.0|2615.0|14651|10099|3067|7834536.0|5220744.0|1421352.0|1192440.0|1759468|2531404|880331|377791|59|249|84|4|3659337|9753546|3095256|341233|7.95|44|2.7|167|450|72|19800.0
202406|CNTY_GU|42|11110|28110000|서울|강남구|서초동|1117000000|역삼1가|1|25|3|1|1|1509|452|452|556|57638|6372.0|4366.0|1906.0|100.0|4801|4017|1381|2880144.0|1973432.0|861512.0|45200.0|488913|2527840|517179|126057|50|182|49|32|7947693|4570760|3645822|86961|3.92|60|3.38|95|160|273|9600.0
202406|CNTY_GU|44|44130|11170000|인천|강남구|서초동|1120000000|서초1동|2|65|3|2|8|881|248|248|419|62976|8262.0|2930.0|2817.0|2515.0|7830|2777|2218|2048976.0|726640.0|698616.0|623720.0|1488601|1059738|216890|76457|25|119|33|20|354385|106585|3820334|233817|2.18|32|2.32|108|428|460|13696.0
202406|CNTY_GU|43|43110|11200000|서울|서초구|인계동|2811000000|역삼1가|2|25|3|1|1|92|368|368|633|59932|49981.0|30354.0|19929.0|0.0|41063|26295|16561|18393008.0|11170272.0|7333872.0|0.0|4517377|2562133|389675|88342|75|191|61|0|4550232|4781336|4130395|414109|6.51|16|1.84|39|459|366|7344.0
202406|CNTY_GU|11|45110|46110000|경기|서초구|역삼동|1111000000|서초1동|1|30|3|2|7|885|43|43|650|27174|5479.0|3020.0|1483.0|976.0|3853|3005|1335|235597.0|129860.0|63769.0|41968.0|3198258|54788|166082|324899|9|22|7|3|8307596|5432457|1501691|588334|4.99|2|3.36|120|393|177|786.0
202406|ADM|47|27110|41150000|부산|서초구|서초동|4115000000|역삼1가|2|30|0|2|3|594|417|417|392|36108|18423.0|7930.0|5904.0|4589.0|15829|6225|4290|7682391.0|3306810.0|2461968.0|1913613.0|2772987|2903846|760294|412938|74|215|118|9|6122105|9683968|4789680|1566348|6.73|41|1.9|176|235|372|9635.0
202406|ADM|42|26110|11140000|서울|성남시|역삼동|2711000000|인계동|1|40|1|1|1|38|152|152|755|23226|14323.0|6322.0|5449.0|2552.0|10775|4577|4753|2177096.0|960944.0|828248.0|387904.0|4628736|357043|156920|243028|25|72|41|15|7303562|2878687|4233911|189545|4.93|6|1.58|176|56|447|336.0
202406|ADM|26|44130|11140000|인천|성남시|역삼동|4115000000|인계동|1|45|2|1|2|1944|9|9|923|47657|8123.0|5055.0|2231.0|837.0|7884|4256|1887|73107.0|45495.0|20079.0|7533.0|997374|2598530|392855|281875|1|4|1|0|7128940|19105468|1550058|450380|6.41|1|3.85|149|248|427|248.0
202406|ADM|11|45110|43110000|부산|강남구|서초동|4511000000|역삼1가|1|50|3|1|3|813|250|250|187|66905|25164.0|11045.0|3390.0|10729.0|21543|8133|3013|6291000.0|2761250.0|847500.0|2682250.0|596292|330533|916921|322351|65|108|27|7|4784231|7336018|2677163|1920552|3.38|25|1.48|26|168|6|4200.0
202406|PRVNC|46|26110|11200000|인천|성남시|역삼동|4113000000|인계동|2|45|3|1|5|539|443|443|395|58732|45769.0|16116.0|12270.0|17383.0|42208|14277|8613|20275667.0|7139388.0|5435610.0|7700669.0|215476|722583|698337|59416|61|257|73|16|7139819|18252484|4055525|76351|7.32|16|2.22|141|176|240|2816.0
202406|CNTY_GU|44|11110|41150000|부산|성남시|서초동|2611000000|서초1동|2|50|0|1|5|337|191|191|474|18274|12350.0|7372.0|3149.0|1829.0|12003|5763|2649|2358850.0|1408052.0|601459.0|349339.0|4478069|1145333|652980|486763|46|86|56|8|7039535|7273570|1596009|1978382|5.58|28|1.38|105|323|213|9044.0
202406|CNTY_GU|11|47110|45110000|서울|성남시|역삼동|2811000000|서초1동|1|70|3|1|10|1065|409|409|469|35289|0.0|0.0|0.0|0.0|0|0|0|0.0|0.0|0.0|0.0|1175729|2045064|405966|388732|55|201|118|9|5558850|8046587|4245650|259002|7.71|36|2.76|51|52|193|1872.0
202406|ADM|44|43110|42110000|서울|서초구|서초동|1120000000|인계동|1|35|3|1|5|183|50|50|76|30978|40044.0|13981.0|9445.0|16618.0|30220|13680|7060|2002200.0|699050.0|472250.0|830900.0|4326351|249348|152042|265838|8|21|5|4|7737327|19559215|4549485|320054|3.98|5|2.89|28|243|101|1215.0
202406|CNTY_GU|44|11140|11110000|서울|강남구|서초동|4511000000|서초1동|2|40|2|2|2|854|490|490|705|63957|15800.0|9471.0|4563.0|1766.0|15124|8385|3367|7742000.0|4640790.0|2235870.0|865340.0|3662975|2573406|254971|119647|59|280|133|14|8223009|11858611|1515845|676304|3.05|49|1.76|83|27|85|1323.0
202406|ADM|41|45110|27110000|경기|강남구|역삼동|1120000000|서초1동|2|50|1|2|1|583|427|427|32|37813|175.0|104.0|20.0|51.0|135|102|17|74725.0|44408.0|8540.0|21777.0|1930788|1720146|32297|125348|90|240|115|38|1051896|4403334|371673|1590100|6.66|3|1.77|75|332|62|996.0
202406|ADM|26|45110|47110000|경기|성남시|역삼동|2614000000|서초1동|1|30|0|2|6|1769|112|112|468|21403|48780.0|19605.0|16063.0|13112.0|37170|15942|15295|5463360.0|2195760.0|1799056.0|1468544.0|4796774|142638|717835|258495|16|58|16|0|1399320|16132346|2996869|820855|6.59|2|1.17|62|172|75|344.0
202406|CNTY_GU|26|11140|41150000|부산|서초구|역삼동|4711000000|인계동|2|35|3|1|1|1556|3|3|493|94203|1278.0|892.0|262.0|124.0|1087|645|241|3834.0|2676.0|786.0|372.0|2283766|79431|115156|149702|0|1|0|0|9444993|9904831|2260629|1763984|6.84|0|3.3|13|0|205|0.0
202406|ADM|42|11170|42110000|서울|성남시|역삼동|4311000000|서초1동|1|40|1|1|9|859|85|85|632|10084|18778.0|7217.0|3207.0|8354.0|16295|6954|3101|1596130.0|613445.0|272595.0|710090.0|2036264|266491|814187|74603|16|41|10|2|3896726|16205113|1834358|799483|2.52|11|1.58|13|408|355|4488.0
202406|CNTY_GU|46|45110|45110000|인천|성남시|서초동|1114000000|서초1동|2|60|0|1|8|1211|364|364|463|31411|6631.0|4514.0|2594.0|0.0|5178|3793|1916|2413684.0|1643096.0|944216.0|0.0|684491|1047494|485475|308820|57|217|58|23|6368402|11252025|4819373|1898317|5.1|7|3.77|76|451|415|3157.0
202406|ADM|46|26110|42110000|경기|수원시|서초동|4311000000|역삼1가|1|25|2|1|8|1210|81|81|272|89946|410.0|137.0|68.0|205.0|396|114|49|33210.0|11097.0|5508.0|16605.0|2404560|953932|823936|420071|20|37|20|1|818498|3809609|3770246|1055093|5.07|0|4.3|14|0|233|0.0
202406|CNTY_GU|43|11170|46110000|대구|서초구|서초동|2611000000|인계동|2|20|0|1|8|174|470|470|99|31952|14049.0|8585.0|3025.0|2439.0|13005|6041|2412|6603030.0|4034950.0|1421750.0|1146330.0|2004633|1999362|417070|312304|91|257|91|19|2020544|15646769|4483553|637388|6.73|58|3.31|126|289|459|16762.0
202406|CNTY_GU|46|27110|46110000|대구|성남시|서초동|4211000000|서초1동|1|50|2|2|1|892|261|261|966|66843|19426.0|14285.0|4802.0|339.0|17208|13141|3682|5070186.0|3728385.0|1253322.0|88479.0|2181374|1941837|644467|119178|69|146|29|24|291904|7033733|406470|969269|2.78|1|4.78|154|209|135|209.0
202406|CNTY_GU|42|11200|11110000|경기|수원시|인계동|1120000000|역삼1가|2|70|3|1|8|1858|15|15|404|38228|36630.0|20240.0|3789.0|12601.0|33718|15936|2931|549450.0|303600.0|56835.0|189015.0|2622485|1715067|235027|352393|3|6|2|0|4726679|17488421|1361078|1466386|7.28|0|2.46|37|0|288|0.0
202406|ADM|11|26110|41110000|대구|성남시|역삼동|4115000000|인계동|1|30|2|2|4|1768|242|242|314|39919|15121.0|6487.0|3168.0|5466.0|14225|6286|2298|3659282.0|1569854.0|766656.0|1322772.0|3194770|2767410|496875|163700|44|105|58|12|9423235|7311353|79939|484725|2.92|30|1.67|127|394|414|11820.0
202406|CNTY_GU|11|41130|26140000|부산|수원시|인계동|4113000000|역삼1가|1|35|0|1|3|1511|336|336|603|24276|24737.0|17553.0|8883.0|0.0|21025|13851|7256|8311632.0|5897808.0|2984688.0|0.0|2984597|183353|496089|161469|72|142|55|29|431114|4507641|63613|65215|5.7|50|1.56|75|108|254|5400.0
202406|CNTY_GU|42|42110|27110000|대구|수원시|인계동|4211000000|인계동|1|70|1|2|6|8|358|358|111|26867|43820.0|19491.0|14444.0|9885.0|40638|16626|12403|15687560.0|6977778.0|5170952.0|3538830.0|3132300|2598448|245108|319324|37|213|39|9|986988|15093805|3848181|212779|3.97|36|3.38|39|81|486|2916.0
202406|ADM|47|41130|26110000|대구|수원시|인계동|1111000000|역삼1가|2|60|0|1|1|1803|479|479|681|99420|26498.0|13623.0|5473.0|7402.0|20196|13593|4804|12692542.0|6525417.0|2621567.0|3545558.0|95872|1276115|530021|415175|93|207|94|37|9033878|9255927|1233077|877759|5.8|9|1.82|84|449|174|4041.0
202406|ADM|46|43110|28110000|부산|성남시|서초동|4413000000|인계동|2|60|0|1|5|431|68|68|11|87708|7422.0|2661.0|2750.0|2011.0|5501|1902|2555|504696.0|180948.0|187000.0|136748.0|1195321|2030460|961600|176438|19|40|7|0|3146358|10847813|3890569|3456|4.29|1|1.34|137|45|262|45.0
202406|ADM|47|11110|11170000|경기|수원시|역삼동|2614000000|역삼1가|2|40|1|2|5|1235|398|398|192|97838|11978.0|6656.0|4425.0|897.0|11110|6043|3315|4767244.0|2649088.0|1761150.0|357006.0|3171485|1327969|286856|86020|91|226|97|5|1459223|9714323|1192607|577609|3.03|19|4.06|40|98|142|1862.0
202406|CNTY_GU|27|44130|47110000|부산|성남시|역삼동|4511000000|역삼1가|1|45|0|1|6|1543|359|359|429|80052|41492.0|30280.0|14942.0|0.0|39387|22754|14258|14895628.0|10870520.0|5364178.0|0.0|2623062|2549502|880329|28314|48|192|61|0|3016402|871609|2985715|1362847|6.73|43|1.82|61|271|457|11653.0
202406|ADM|47|47110|46110000|부산|서초구|인계동|4413000000|역삼1가|1|50|3|2|9|615|86|86|336|17826|41358.0|23003.0|11035.0|7320.0|40063|19643|10793|3556788.0|1978258.0|949010.0|629520.0|3791329|1107165|877089|261627|9|40|17|6|8217163|8052|2161775|81272|7.83|7|1.38|112|374|477|2618.0
202406|ADM|47|42110|11140000|대구|서초구|인계동|4115000000|인계동|1|50|3|2|3|851|4|4|267|84265|7867.0|5450.0|2798.0|0.0|7485|4128|2670|31468.0|21800.0|11192.0|0.0|2096446|2071332|529127|145407|0|2|0|0|7033728|10800757|2792178|1019535|2.56|0|4.76|13|0|309|0.0
202406|CNTY_GU|11|11110|44130000|경기|강남구|인계동|2711000000|인계동|2|40|3|1|5|124|10|10|131|94878|48497.0|18272.0|8827.0|21398.0|36378|13839|8382|484970.0|182720.0|88270.0|213980.0|951197|1564636|37437|144399|2|4|2|0|335307|17632347|931080|1477543|2.44|1|3.25|147|298|44|298.0
202406|CNTY_GU|26|46110|11140000|인천|서초구|역삼동|4413000000|서초1동|2|40|1|1|9|928|4|4|127|84808|48182.0|34775.0|10424.0|2983.0|47744|34773|9580|192728.0|139100.0|41696.0|11932.0|2735568|1751026|837568|283764|0|2|0|0|5657353|2811494|4124675|1616763|5.77|0|4.99|150|0|319|0.0
202406|CNTY_GU|41|26140|46110000|대구|수원시|서초동|4413000000|인계동|2|55|1|1|10|1737|244|244|224|81573|48115.0|23360.0|7337.0|17418.0|46268|16899|7096|11740060.0|5699840.0|1790228.0|4249992.0|1977253|277753|676430|362218|51|103|53|18|9021569|3661271|1230760|810176|2.19|27|4.42|34|428|388|11556.0
202406|ADM|11|11170|11170000|부산|서초구|역삼동|4211000000|역삼1가|2|35|2|2|8|1081|210|210|172|22749|14824.0|7729.0|4411.0|2684.0|10643|7645|3148|3113040.0|1623090.0|926310.0|563640.0|3991683|288691|360956|319754|38|102|61|4|844278|14021649|3214967|827363|5.99|11|3.33|16|18|241|198.0
202406|CNTY_GU|47|41130|11140000|부산|수원시|서초동|4115000000|서초1동|2|40|3|1|4|1571|482|482|892|47016|34535.0|12125.0|11952.0|10458.0|31451|9392|11456|16645870.0|5844250.0|5760864.0|5040756.0|2134762|1371866|643534|373738|63|262|94|39|1713534|17781578|2842335|139581|2.84|36|3.31|72|98|424|3528.0
202406|CNTY_GU|27|41130|41130000|경기|수원시|서초동|4211000000|인계동|2|35|3|2|2|293|26|26|405|14658|48409.0|33274.0|5781.0|9354.0|48104|29714|4949|1258634.0|865124.0|150306.0|243204.0|1856402|2991369|556145|364154|2|11|7|0|6472384|14585075|2204178|697338|2.72|0|1.25|11|0|351|0.0
202406|CNTY_GU|26|46110|41150000|대구|성남시|역삼동|1117000000|역삼1가|1|35|1|2|6|956|291|291|338|87881|44855.0|26689.0|8612.0|9554.0|35891|25115|8229|13052805.0|7766499.0|2506092.0|2780214.0|792602|1446603|722975|172802|67|122|73|4|6896925|5720965|610840|1541729|6.27|9|4.31|58|28|14|252.0
202406|PRVNC|46|11170|41150000|서울|성남시|서초동|4711000000|인계동|2|45|2|2|10|266|183|183|254|11208|21624.0|14152.0|6759.0|713.0|20732|12581|6701|3957192.0|2589816.0|1236897.0|130479.0|1254541|632859|504022|121987|21|74|33|17|9453783|8054983|1054091|965828|2.93|23|4.75|64|192|23|4416.0
202406|ADM|44|47110|11200000|대구|성남시|인계동|4611000000|역삼1가|1|60|0|1|2|1262|115|115|484|76484|33207.0|23756.0|6298.0|3153.0|30643|20251|4598|3818805.0|2731940.0|724270.0|362595.0|3374269|2852169|524617|477616|28|51|21|8|107088|975546|2587134|169746|3.04|12|1.94|125|428|388|5136.0
202406|ADM|43|27110|27110000|경기|성남시|인계동|4111000000|역삼1가|1|35|3|1|7|1088|264|264|17|14130|29634.0|9970.0|4273.0|15391.0|23130|8187|3353|7823376.0|2632080.0|1128072.0|4063224.0|451720|1707264|606277|490041|38|131|73|20|8617415|2119229|4203749|224471|7.98|38|1.93|57|93|496|3534.0
202406|ADM|42|46110|41130000|경기|수원시|서초동|4113000000|서초1동|1|45|1|1|3|470|11|11|639|69393|1402.0|661.0|433.0|308.0|1339|539|411|15422.0|7271.0|4763.0|3388.0|104611|1968279|7638|341672|2|5|1|1|6716773|19124856|3550815|385735|3.43|0|2.84|60|0|54|0.0
202406|PRVNC|11|11200|47110000|경기|강남구|인계동|2614000000|인계동|2|40|0|2|8|449|216|216|394|25082|12260.0|8627.0|2655.0|978.0|11774|7855|2594|2648160.0|1863432.0|573480.0|211248.0|3612757|2429095|363624|50204|57|92|58|19|7863650|10820480|986265|870643|6.37|8|1.57|13|415|88|3320.0
202406|CNTY_GU|43|11170|27110000|부산|성남시|역삼동|1120000000|역삼1가|2|45|0|1|10|1362|397|397|878|59582|21970.0|9897.0|5409.0|6664.0|19762|8428|4926|8722090.0|3929109.0|2147373.0|2645608.0|1135346|739997|935164|346736|116|162|78|8|2432316|10141808|3609827|1114239|6.72|7|2.49|170|375|125|2625.0
202406|CNTY_GU|27|41110|11140000|인천|강남구|인계동|4115000000|인계동|2|55|2|1|8|1835|100|100|23|12916|9194.0|2777.0|1291.0|5126.0|8993|2714|984|919400.0|277700.0|129100.0|512600.0|3424237|2576551|496082|240720|11|56|29|9|3161668|14660361|957007|979600|4.39|10|1.56|67|17|31|170.0
202406|ADM|45|41110|45110000|부산|서초구|서초동|4711000000|인계동|1|40|1|1|1|273|213|213|533|63845|15711.0|6940.0|4037.0|4734.0|11986|6272|3804|3346443.0|1478220.0|859881.0|1008342.0|4799626|629123|423250|63910|28|87|54|11|625754|15937576|2882531|1181640|6.55|6|2.83|108|287|379|1722.0
202406|ADM|46|26110|41150000|인천|강남구|역삼동|2711000000|인계동|2|55|0|1|7|1179|480|480|389|70011|11441.0|7529.0|2547.0|1365.0|10153|6965|2543|5491680.0|3613920.0|1222560.0|655200.0|3280344|284339|410585|176452|78|261|51|16|1734775|11453301|1163078|979901|2.02|17|2.95|108|424|83|7208.0
202406|ADM|46|26140|41150000|대구|수원시|역삼동|2711000000|역삼1가|2|40|0|1|7|1022|388|388|635|13843|25583.0|8065.0|8935.0|8583.0|18975|7296|8054|9926204.0|3129220.0|3466780.0|3330204.0|554014|187252|379025|219555|106|221|54|38|8714868|16411315|1283696|1269591|7.63|34|4.81|34|330|427|11220.0
202406|ADM|43|26110|42110000|서울|수원시|인계동|1117000000|역삼1가|1|30|3|1|8|1964|437|437|408|88908|9468.0|6023.0|3351.0|94.0|8545|4885|2805|4137516.0|2632051.0|1464387.0|41078.0|4796498|1248079|348597|135201|62|209|47|21|6655717|2767497|471120|1238145|3.3|61|2.19|143|136|279|8296.0
202406|ADM|47|43110|43110000|대구|서초구|인계동|1117000000|역삼1가|1|60|0|1|5|1305|262|262|47|74494|17803.0|9067.0|1934.0|6802.0|15968|8525|1786|4664386.0|2375554.0|506708.0|1782124.0|3782263|680322|945049|239579|51|145|32|12|4044524|1817429|985421|228377|7.26|5|3.79|48|86|32|430.0
202406|ADM|46|44130|47110000|대구|성남시|인계동|2614000000|서초1동|1|30|3|1|5|1875|88|88|364|34217|27418.0|12244.0|5193.0|9981.0|19987|11541|4399|2412784.0|1077472.0|456984.0|878328.0|4890038|2501008|258406|436866|12|42|25|5|7386024|8183537|1347287|367585|3.94|11|1.9|112|158|234|1738.0
202406|CNTY_GU|42|27110|47110000|인천|강남구|인계동|4413000000|인계동|2|60|3|2|9|1493|378|378|734|71721|35869.0|19683.0|6637.0|9549.0|25282|18560|6326|13558482.0|7440174.0|2508786.0|3609522.0|3950613|1423810|30471|157704|62|195|56|34|415384|9803214|4424365|1761282|2.44|2|4.94|136|471|354|942.0
202406|CNTY_GU|42|11200|43110000|부산|수원시|서초동|1111000000|역삼1가|1|25|2|2|5|1679|338|338|743|29773|15664.0|6509.0|2842.0|6313.0|13520|5205|2831|5294432.0|2200042.0|960596.0|2133794.0|4046892|2010795|866523|338056|92|199|45|32|5145915|9555957|563463|166205|7.12|16|2.1|82|476|263|7616.0
202406|ADM|41|41130|42110000|경기|강남구|인계동|4413000000|역삼1가|1|55|0|2|7|131|149|149|419|61652|1427.0|942.0|521.0|0.0|1409|926|475|212623.0|140358.0|77629.0|0.0|1293689|2726017|259141|178097|21|77|44|7|3406552|14265597|4489281|1411052|7.41|5|1.24|63|215|45|1075.0
202406|ADM|42|45110|44130000|서울|서초구|서초동|1114000000|인계동|2|45|3|1|5|1063|254|254|320|47057|40856.0|22044.0|14790.0|4022.0|30065|16252|12139|10377424.0|5599176.0|3756660.0|1021588.0|1068032|2830555|775327|250626|34|126|25|17|9541461|7705902|1156416|1491720|2.8|24|1.76|127|395|5|9480.0
202406|ADM|41|44130|11200000|인천|강남구|서초동|2711000000|역삼1가|1|45|3|1|8|1211|411|411|681|64564|4267.0|2852.0|782.0|633.0|3018|2414|574|1753737.0|1172172.0|321402.0|260163.0|1089617|2642446|587559|466526|81|234|85|27|8326345|7662146|4146506|1661539|6.84|57|4.52|24|322|438|18354.0
202406|ADM|44|44130|26110000|서울|서초구|서초동|4113000000|역삼1가|2|35|3|2|2|863|457|457|381|14107|44927.0|29926.0|11268.0|3733.0|42322|26816|8851|20531639.0|13676182.0|5149476.0|1705981.0|851373|2792319|607986|205406|98|215|51|14|9817560|15487104|117383|1643142|6.88|0|3.27|80|0|166|0.0
202406|ADM|43|45110|11170000|부산|강남구|역삼동|4211000000|서초1동|2|70|0|1|4|945|208|208|209|45244|14166.0|4606.0|5053.0|4507.0|14029|3557|4580|2946528.0|958048.0|1051024.0|937456.0|3511172|2958755|685111|33738|57|86|46|15|3498745|19010502|3855899|1754710|5.88|11|1.27|6|25|40|275.0
202406|ADM|44|41110|46110000|서울|수원시|인계동|1117000000|역삼1가|1|35|1|2|3|377|286|286|510|10091|5880.0|2331.0|796.0|2753.0|5807|1835|709|1681680.0|666666.0|227656.0|787358.0|1741979|1382535|89912|339755|63|158|51|19|7270256|10779025|3244626|582322|5.3|26|4.56|83|172|499|4472.0
202406|CNTY_GU|41|26140|41110000|부산|강남구|역삼동|1117000000|역삼1가|2|70|1|1|5|732|260|260|941|22117|38966.0|30893.0|8075.0|0.0|36418|22200|7374|10131160.0|8032180.0|2099500.0|0.0|2265026|1355782|243658|116719|65|152|65|5|1693619|11187860|4534421|1673519|7.06|26|4.42|178|40|444|1040.0
202406|ADM|42|26110|44130000|인천|강남구|인계동|1117000000|서초1동|2|40|0|1|5|922|21|21|667|41356|23521.0|14215.0|8155.0|1151.0|22140|12728|6815|493941.0|298515.0|171255.0|24171.0|4222646|2050218|856861|473673|4|11|3|0|7078587|3055039|1099864|1136564|7.01|1|4.62|36|458|305|458.0
202406|ADM|44|47110|41130000|경기|서초구|인계동|2611000000|역삼1가|2|60|2|1|10|1084|108|108|94|81910|21304.0|11799.0|3168.0|6337.0|17599|10486|2621|2300832.0|1274292.0|342144.0|684396.0|4018304|2211006|702121|3631|27|54|13|8|548691|11495457|1710883|1790723|3.13|7|2.12|86|279|165|1953.0
202406|CNTY_GU|26|26140|41150000|서울|서초구|인계동|2811000000|인계동|1|55|1|2|6|1842|316|316|137|41828|23457.0|15311.0|4509.0|3637.0|18210|12335|3666|7412412.0|4838276.0|1424844.0|1149292.0|4001353|2242248|521568|312187|68|175|44|8|2982455|1455432|4244382|1055280|5.73|23|3.19|32|224|214|5152.0
202406|ADM|46|45110|41150000|경기|서초구|인계동|4211000000|인계동|2|60|1|1|3|998|170|170|195|15654|27258.0|8632.0|3925.0|14701.0|20309|7969|3285|4633860.0|1467440.0|667250.0|2499170.0|4567329|2310602|32760|412012|27|86|21|10|2548941|3865913|1313552|829212|4.34|19|2.22|54|287|283|5453.0
202406|ADM|11|41130|11200000|서울|수원시|서초동|4113000000|서초1동|1|20|0|2|3|1340|185|185|426|44601|18326.0|6817.0|4031.0|7478.0|18163|4991|3063|3390310.0|1261145.0|745735.0|1383430.0|2917843|964973|121875|91209|47|77|46|17|9994644|1643873|3546816|857722|6.93|14|1.11|76|66|269|924.0
202406|CNTY_GU|42|11200|28110000|서울|강남구|역삼동|2711000000|인계동|2|60|0|2|1|20|476|476|471|74095|47082.0|23503.0|5137.0|18442.0|40641|20081|3687|22411032.0|11187428.0|2445212.0|8778392.0|4294256|532585|627046|114293|88|267|95|14|886512|16981012|4918062|205934|4.96|29|2.34|10|58|330|1682.0
202406|ADM|26|45110|11200000|부산|강남구|인계동|2614000000|서초1동|1|30|2|1|5|425|31|31|983|58872|19656.0|11915.0|5225.0|2516.0|17552|9883|4532|609336.0|369365.0|161975.0|77996.0|1129234|1154360|842770|297081|5|13|4|2|6820391|9356892|2160985|1496491|6.1|4|1.69|154|181|241|724.0
202406|CNTY_GU|45|43110|46110000|경기|강남구|역삼동|4413000000|서초1동|2|45|3|1|8|1015|50|50|275|66516|17354.0|13435.0|6316.0|0.0|16522|9802|4584|867700.0|671750.0|315800.0|0.0|279909|1794245|362546|110536|8|28|7|3|7468593|14041577|4416090|1996151|3.2|1|4.75|153|470|124|470.0
202406|CNTY_GU|11|46110|44130000|서울|성남시|역삼동|1114000000|인계동|1|70|0|1|1|1199|103|103|351|85085|5514.0|3468.0|1055.0|991.0|4118|2529|799|567942.0|357204.0|108665.0|102073.0|3816319|140087|591258|425270|22|47|16|7|2481043|3901519|1596523|1909923|5.33|2|2.99|123|65|147|130.0
202406|ADM|26|11200|47110000|대구|성남시|서초동|2811000000|서초1동|2|45|3|2|1|542|359|359|296|53852|46803.0|33662.0|8806.0|4335.0|38906|33251|6237|16802277.0|12084658.0|3161354.0|1556265.0|873443|1591670|918796|331413|48|160|64|8|790165|9790007|3673631|373492|3.97|24|1.55|56|410|154|9840.0
202406|PRVNC|45|26110|11110000|부산|수원시|인계동|4711000000|역삼1가|2|30|2|1|3|1779|73|73|233|23499|23243.0|17590.0|5560.0|93.0|16512|17320|3936|1696739.0|1284070.0|405880.0|6789.0|4946298|468522|517266|292878|21|36|19|5|5905322|10470569|1463662|907162|6.93|3|1.89|93|150|287|450.0
202406|CNTY_GU|42|46110|11140000|인천|강남구|역삼동|4711000000|인계동|2|40|3|1|7|1640|53|53|494|51822|29661.0|19169.0|8268.0|2224.0|20969|15948|6205|1572033.0|1015957.0|438204.0|117872.0|2660151|874722|469582|50683|13|22|5|4|5972600|9767941|258556|1953664|2.37|7|4.95|32|383|138|2681.0
202406|ADM|44|11200|46110000|인천|성남시|인계동|4611000000|인계동|2|60|2|2|4|1001|107|107|887|68181|22813.0|11334.0|8148.0|3331.0|16681|10902|7682|2440991.0|1212738.0|871836.0|356417.0|3670259|2061358|840712|282992|24|47|27|2|8784162|13426|3511309|1450386|7.53|6|2.0|98|244|84|1464.0
202406|PRVNC|41|11170|46110000|인천|서초구|인계동|4111000000|인계동|1|40|1|2|4|1809|412|412|816|12618|36587.0|27776.0|12161.0|0.0|31890|22992|9456|15073844.0|11443712.0|5010332.0|0.0|4957867|32594|499011|392399|78|186|56|32|3448661|15942222|608251|865749|5.47|44|4.97|29|372|212|16368.0
202406|ADM|43|42110|41110000|서울|수원시|인계동|1120000000|서초1동|2|35|1|2|1|1197|312|312|125|28568|36244.0|20764.0|10305.0|5175.0|29503|18081|8593|11308128.0|6478368.0|3215160.0|1614600.0|1462293|1476168|502566|439548|32|161|55|23|5281216|1004343|3059721|1038127|2.15|34|4.89|116|308|121|10472.0
202406|ADM|11|45110|46110000|인천|서초구|역삼동|1114000000|서초1동|1|65|3|2|2|796|489|489|423|19317|32802.0|19098.0|7999.0|5705.0|23263|15359|7148|16040178.0|9338922.0|3911511.0|2789745.0|1352111|2226715|824047|13366|106|266|69|15|8751065|18987589|2905869|1400016|7.25|52|3.66|114|246|487|12792.0
202406|CNTY_GU|42|42110|44130000|인천|강남구|서초동|1120000000|역삼1가|2|40|0|1|6|1425|458|458|958|25117|48687.0|31726.0|15743.0|1218.0|34831|28345|13290|22298646.0|14530508.0|7210294.0|557844.0|2343745|2629389|187848|161618|94|229|54|32|9961569|15082590|2648468|1901624|4.83|25|1.64|105|241|337|6025.0
202406|ADM|43|11200|11200000|대구|서초구|역삼동|2611000000|역삼1가|2|70|3|1|2|901|250|250|925|99589|4642.0|2285.0|967.0|1390.0|3847|2045|800|1160500.0|571250.0|241750.0|347500.0|1941787|988799|532888|154431|59|136|64|6|4754376|9203017|3482276|522337|6.87|21|4.06|137|93|4|1953.0
202406|PRVNC|42|28110|47110000|인천|강남구|인계동|4211000000|서초1동|2|65|3|2|7|211|476|476|884|90276|40614.0|16608.0|15006.0|9000.0|37381|15262|10531|19332264.0|7905408.0|7142856.0|4284000.0|3052357|2903502|417345|431582|60|244|141|28|2748568|5271981|3845511|1908116|5.36|42|3.54|98|443|263|18606.0
202406|CNTY_GU|45|11200|11170000|서울|수원시|역삼동|4211000000|인계동|1|70|0|1|8|1303|426|426|412|43739|6710.0|2551.0|1234.0|2925.0|4869|1950|1224|2858460.0|1086726.0|525684.0|1246050.0|693063|1269545|872083|151263|97|236|68|39|4778295|7530618|33118|833286|2.36|59|4.21|28|221|201|13039.0
202406|ADM|42|26140|45110000|경기|성남시|서초동|1117000000|인계동|1|55|0|1|1|1242|224|224|260|13640|25734.0|13751.0|5003.0|6980.0|19137|9973|3521|5764416.0|3080224.0|1120672.0|1563520.0|2234509|416482|84208|422939|53|133|59|12|7287385|6607895|145990|879055|4.91|12|3.62|65|321|322|3852.0
202406|CNTY_GU|26|11110|41150000|인천|서초구|인계동|4113000000|서초1동|2|60|0|1|6|740|131|131|460|49889|24613.0|13584.0|4638.0|6391.0|21878|10920|4559|3224303.0|1779504.0|607578.0|837221.0|3014181|2757043|374951|76652|20|62|16|6|7970577|10218970|495463|423195|7.79|8|2.42|18|307|228|2456.0
202406|PRVNC|45|11200|44130000|대구|수원시|인계동|4113000000|인계동|1|45|2|2|2|595|484|484|346|15009|14607.0|10734.0|4892.0|0.0|11007|9793|3760|7069788.0|5195256.0|2367728.0|0.0|3927233|986672|340516|18498|113|288|50|0|6369410|19706016|4709054|1007983|5.17|44|2.02|67|31|325|1364.0
202406|ADM|43|11110|26140000|경기|수원시|인계동|2611000000|인계동|1|45|0|1|4|1366|332|332|845|34622|31383.0|23685.0|12413.0|0.0|25793|20213|11287|10419156.0|7863420.0|4121116.0|0.0|2597315|274193|573658|158133|87|176|52|9|6632713|11202173|4175632|907026|7.61|9|3.9|90|120|426|1080.0
202406|ADM|46|11110|11200000|서울|서초구|서초동|2811000000|역삼1가|1|45|2|1|2|1667|347|347|887|67211|40868.0|19891.0|7265.0|13712.0|37995|19237|6275|14181196.0|6902177.0|2520955.0|4758064.0|3790965|2920735|187714|452753|39|153|94|21|9319332|12827439|187687|595140|2.13|11|4.1|116|395|405|4345.0
202406|CNTY_GU|46|41150|11110000|경기|강남구|서초동|1117000000|역삼1가|1|55|0|1|8|1102|72|72|533|94608|17811.0|11232.0|3343.0|3236.0|12740|8461|2478|1282392.0|808704.0|240696.0|232992.0|632238|1097229|958627|445081|18|35|11|5|3008664|5718259|902068|758856|7.4|7|2.42|179|92|60|644.0
202406|ADM|11|47110|47110000|부산|강남구|인계동|4211000000|서초1동|1|70|0|2|7|619|250|250|624|64247|32442.0|18792.0|3483.0|10167.0|30219|18508|3261|8110500.0|4698000.0|870750.0|2541750.0|1392152|2615269|310846|432919|61|138|62|5|6648725|3797225|1778947|142954|6.81|5|3.22|80|450|168|2250.0
202406|CNTY_GU|46|41110|41110000|서울|수원시|서초동|1117000000|서초1동|1|35|3|1|7|1951|122|122|777|32362|39701.0|12229.0|13157.0|14315.0|28278|8743|12980|4843522.0|1491938.0|1605154.0|1746430.0|3330202|630702|453360|38146|17|56|35|6|9648717|11206126|2045622|9198|4.56|14|3.67|64|38|143|532.0
202406|ADM|11|11170|47110000|부산|서초구|서초동|2611000000|인계동|2|40|3|1|2|1048|346|346|516|35472|1866.0|1098.0|591.0|177.0|1409|817|530|645636.0|379908.0|204486.0|61242.0|4058434|721217|30496|157461|76|168|99|22|4987236|6089638|4816351|1790359|3.33|10|1.53|133|402|6|4020.0
202406|CNTY_GU|46|11140|43110000|인천|서초구|인계동|4115000000|인계동|1|45|1|1|9|760|11|11|601|28244|1373.0|769.0|270.0|334.0|1087|746|223|15103.0|8459.0|2970.0|3674.0|3930114|2940044|555545|77375|1|5|3|0|8642814|12535748|4902373|1128151|2.46|0|4.51|92|0|357|0.0
202406|ADM|41|41130|43110000|경기|수원시|서초동|4111000000|서초1동|2|40|0|2|5|494|57|57|375|71386|21168.0|7992.0|6037.0|7139.0|15888|7841|5081|1206576.0|455544.0|344109.0|406923.0|3851423|1891449|112291|160241|9|33|14|0|1281685|183136|4915435|250975|3.86|5|2.51|44|284|82|1420.0
202406|ADM|27|47110|42110000|인천|강남구|역삼동|1117000000|서초1동|1|40|3|2|1|563|235|235|51|98514|7961.0|4226.0|3149.0|586.0|7683|4118|2447|1870835.0|993110.0|740015.0|137710.0|1124037|1206774|996145|237663|27|126|67|5|8047206|6069381|2795909|1802201|6.15|12|3.44|47|122|341|1464.0
202406|CNTY_GU|27|28110|47110000|경기|성남시|인계동|2614000000|서초1동|2|55|0|1|3|1989|44|44|568|77644|1069.0|474.0|205.0|390.0|1028|374|153|47036.0|20856.0|9020.0|17160.0|2803763|611334|1528|358759|6|24|7|2|6791392|19115455|4803914|1995181|7.14|6|2.78|109|444|9|2664.0
202406|PRVNC|45|27110|11140000|부산|강남구|서초동|4311000000|서초1동|1|65|3|1|5|3|310|310|979|52000|25671.0|17164.0|6304.0|2203.0|20386|13330|5310|7958010.0|5320840.0|1954240.0|682930.0|611156|2843612|838261|182008|86|149|31|28|3709458|17235392|1233207|1057419|4.3|36|1.85|34|54|121|1944.0
202406|PRVNC|47|41150|41150000|대구|성남시|역삼동|4113000000|인계동|1|30|2|1|5|1113|4|4|73|64182|16172.0|7176.0|1901.0|7095.0|12275|6517|1398|64688.0|28704.0|7604.0|28380.0|3302068|2191992|329287|154222|1|2|0|0|8635576|15561581|2493651|1578987|5.71|0|4.46|42|0|270|0.0
202406|ADM|26|26110|28110000|부산|강남구|인계동|2811000000|서초1동|1|35|0|2|2|352|474|474|701|20885|920.0|440.0|248.0|232.0|863|433|231|436080.0|208560.0|117552.0|109968.0|3366930|214977|231773|113589|106|252|66|15|8908193|17461220|1488717|1658165|3.52|45|4.44|154|232|45|10440.0
202406|CNTY_GU|47|26110|26110000|서울|성남시|서초동|2711000000|역삼1가|1|20|0|1|5|194|206|206|668|11975|1492.0|878.0|390.0|224.0|1213|625|361|307352.0|180868.0|80340.0|46144.0|4004054|1286706|796327|151441|33|87|44|19|9528631|17688588|2011877|797878|3.79|13|3.99|135|153|76|1989.0
202406|CNTY_GU|26|11140|41130000|인천|강남구|서초동|2711000000|인계동|1|65|2|1|5|1897|350|350|78|35255|4973.0|2629.0|1222.0|1122.0|4915|2000|1206|1740550.0|920150.0|427700.0|392700.0|1589968|1622540|36890|165281|71|184|76|24|3813803|1417576|4446926|82511|5.56|32|3.69|20|432|37|13824.0
202406|CNTY_GU|41|28110|41130000|부산|강남구|서초동|4511000000|서초1동|1|40|3|2|1|1278|484|484|730|41364|6016.0|3884.0|1758.0|374.0|4471|3511|1488|2911744.0|1879856.0|850872.0|181016.0|824494|2077571|927504|349012|80|210|128|20|2905148|19003716|4053973|1363542|4.87|8|1.59|62|344|166|2752.0
202406|CNTY_GU|42|41110|41150000|대구|강남구|서초동|1120000000|역삼1가|2|30|0|1|5|64|499|499|550|23569|25520.0|7956.0|9251.0|8313.0|25275|5641|6525|12734480.0|3970044.0|4616249.0|4148187.0|304867|600920|32857|401293|100|216|129|23|4044081|2912131|1597549|175362|3.2|3|3.74|34|264|355|792.0
202406|ADM|42|11110|41150000|부산|성남시|서초동|4711000000|역삼1가|2|35|1|2|7|385|7|7|438|86537|0.0|0.0|0.0|0.0|0|0|0|0.0|0.0|0.0|0.0|3180347|1047053|754981|124104|2|4|1|0|7645307|939965|3786309|1713616|7.15|0|1.83|139|0|457|0.0
202406|CNTY_GU|26|11140|47110000|경기|성남시|인계동|1111000000|서초1동|2|50|3|2|1|17|18|18|922|95484|45070.0|15325.0|9737.0|20008.0|32000|12951|9007|811260.0|275850.0|175266.0|360144.0|3625800|2983248|114281|407716|4|7|2|1|3088044|14710740|1768301|25641|7.09|2|3.19|47|152|305|304.0
202406|ADM|42|11200|11110000|경기|성남시|서초동|4413000000|역삼1가|1|70|0|1|4|292|242|242|950|47370|13476.0|7227.0|1628.0|4621.0|11130|5191|1221|3261192.0|1748934.0|393976.0|1118282.0|465744|18336|797384|309585|25|105|48|10|8417925|8658324|332065|737005|2.36|12|3.21|116|416|291|4992.0
202406|ADM|42|11110|41110000|부산|강남구|인계동|2614000000|서초1동|2|30|1|1|10|557|196|196|422|68706|7225.0|5265.0|1489.0|471.0|6694|4266|1393|1416100.0|1031940.0|291844.0|92316.0|3446342|2067120|78060|234478|38|86|44|3|7390883|17652148|2556470|41928|2.3|19|2.11|133|30|89|570.0
202406|PRVNC|41|42110|11110000|서울|수원시|서초동|2811000000|역삼1가|2|55|0|2|5|220|245|245|923|27844|40973.0|30152.0|15605.0|0.0|35160|26819|15383|10038385.0|7387240.0|3823225.0|0.0|4651026|1118326|462074|149631|51|108|40|12|1090541|4331115|936287|1635298|3.34|28|2.91|65|235|315|6580.0
202406|ADM|44|26140|41110000|부산|성남시|역삼동|4413000000|서초1동|2|65|2|1|9|1130|6|6|869|14653|2272.0|1597.0|468.0|207.0|2113|1368|416|13632.0|9582.0|2808.0|1242.0|1334696|761149|70607|258904|1|3|1|0|7665110|17831783|4815299|765842|3.61|0|1.9|45|0|86|0.0
202406|ADM|43|46110|43110000|부산|강남구|인계동|4611000000|인계동|1|70|0|1|7|1503|46|46|193|25888|34497.0|10862.0|9453.0|14182.0|31001|8597|7170|1586862.0|499652.0|434838.0|652372.0|685696|1289161|334203|3996|6|22|13|1|8092362|15645338|4436399|433001|4.75|0|1.62|53|0|329|0.0
202406|ADM|46|11110|11140000|부산|서초구|역삼동|2614000000|서초1동|2|30|0|1|7|666|247|247|303|93133|19384.0|10354.0|4223.0|4807.0|13926|10022|2975|4787848.0|2557438.0|1043081.0|1187329.0|3807205|1084642|807399|230681|39|147|42|11|2190875|3297190|713531|200581|4.95|16|1.02|150|26|280|416.0
202406|CNTY_GU|41|26110|47110000|경기|강남구|역삼동|4211000000|서초1동|2|50|1|2|4|37|376|376|238|10284|43863.0|16594.0|6989.0|20280.0|40883|11882|5783|16492488.0|6239344.0|2627864.0|7625280.0|2250898|101182|817927|188754|67|205|109|32|4712130|12128433|1505338|1710364|3.29|10|3.69|16|493|269|4930.0
202406|ADM|41|11170|41130000|인천|강남구|역삼동|4413000000|역삼1가|2|30|1|1|10|799|459|459|201|14534|33466.0|25905.0|12558.0|0.0|25824|24532|12253|15360894.0|11890395.0|5764122.0|0.0|2699741|621944|820263|81569|125|208|81|13|9543975|18562368|2248842|976387|6.04|15|2.29|20|403|49|6045.0
202406|CNTY_GU|42|44130|41130000|경기|수원시|인계동|2611000000|인계동|2|30|0|2|8|1363|378|378|522|51033|30720.0|20817.0|7715.0|2188.0|26597|19970|6722|11612160.0|7868826.0|2916270.0|827064.0|1761054|779212|921475|222164|79|157|75|21|8438584|14378908|565600|1822502|5.25|33|4.77|114|220|283|7260.0
202406|CNTY_GU|46|11110|11110000|대구|강남구|인계동|4511000000|역삼1가|2|60|3|1|4|1785|362|362|794|57121|39841.0|13865.0|6488.0|19488.0|29587|12414|5211|14422442.0|5019130.0|2348656.0|7054656.0|4397431|1254388|901304|307154|74|191|91|7|8493339|11366838|3483721|1769582|3.35|40|2.91|106|375|216|15000.0
202406|ADM|27|43110|11170000|서울|성남시|서초동|1114000000|서초1동|2|35|0|1|3|1817|428|428|248|67914|14074.0|7326.0|3723.0|3025.0|11415|5722|3492|6023672.0|3135528.0|1593444.0|1294700.0|2739576|996488|358492|57749|49|196|112|4|2216433|6271872|3636431|1607055|4.35|37|3.63|74|88|189|3256.0
202406|ADM|46|27110|26110000|경기|수원시|서초동|4113000000|인계동|1|70|3|2|1|969|17|17|250|35081|14802.0|4836.0|2159.0|7807.0|10593|4189|1802|251634.0|82212.0|36703.0|132719.0|4635573|1145278|137288|136281|5|7|3|1|9186154|12263801|4462424|1854751|2.26|0|4.9|122|0|410|0.0
202406|CNTY_GU|46|27110|47110000|경기|성남시|역삼동|2611000000|역삼1가|2|45|2|2|6|1854|88|88|703|33171|39352.0|13545.0|14999.0|10808.0|36642|12696|12210|3462976.0|1191960.0|1319912.0|951104.0|2856908|727165|712355|250409|19|41|10|0|501818|8611142|2860341|952621|6.37|1|2.2|89|80|481|80.0
202406|CNTY_GU|45|42110|11170000|대구|강남구|역삼동|4211000000|서초1동|2|70|2|2|5|252|386|386|639|43761|1001.0|476.0|260.0|265.0|981|434|255|386386.0|183736.0|100360.0|102290.0|2613269|694958|993334|338939|72|183|109|14|1628127|5661452|3084292|76189|2.94|38|2.65|10|400|492|15200.0
202406|CNTY_GU|45|47110|26140000|대구|서초구|역삼동|4413000000|인계동|2|45|2|2|2|1559|239|239|255|84276|19355.0|13186.0|1963.0|4206.0|18795|12573|1896|4625845.0|3151454.0|469157.0|1005234.0|4749988|2138801|323812|178439|62|118|60|9|2381787|19683763|462820|1724438|7.63|16|2.08|91|170|303|2720.0
202406|CNTY_GU|11|28110|41150000|대구|강남구|서초동|4111000000|인계동|2|45|0|1|8|149|6|6|882|79531|47938.0|21321.0|7377.0|19240.0|42843|18917|5884|287628.0|127926.0|44262.0|115440.0|4392634|2935180|903377|67666|1|2|1|0|1842708|11120164|1114884|1435924|4.58|0|2.64|151|0|253|0.0
202406|CNTY_GU|42|43110|11200000|부산|강남구|인계동|2611000000|인계동|1|40|0|1|10|1820|176|176|117|90693|24612.0|10014.0|3952.0|10646.0|23057|7621|3774|4331712.0|1762464.0|695552.0|1873696.0|2070261|2417167|762520|371753|23|92|27|5|130219|12494607|3491760|566368|6.58|1|4.7|142|269|312|269.0
202406|PRVNC|11|43110|11110000|대구|수원시|인계동|2614000000|인계동|2|25|1|2|9|429|378|378|833|69191|29253.0|18996.0|11417.0|0.0|20701|13637|9286|11057634.0|7180488.0|4315626.0|0.0|2861443|2816478|447565|396242|71|213|57|5|6354796|3475388|1315680|1728103|6.3|25|4.03|119|188|407|4700.0
202406|ADM|27|46110|28110000|대구|서초구|서초동|1111000000|인계동|2|50|3|2|1|253|109|109|102|51260|4232.0|2528.0|808.0|896.0|3591|2315|689|461288.0|275552.0|88072.0|97664.0|1204518|1494513|955457|300651|18|61|26|3|4305148|5444088|4409020|1686622|4.17|8|3.28|73|107|97|856.0
202406|CNTY_GU|26|44130|46110000|서울|서초구|서초동|1120000000|역삼1가|1|70|2|1|5|37|375|375|896|87744|31430.0|22609.0|4228.0|4593.0|24395|17963|3677|11786250.0|8478375.0|1585500.0|1722375.0|3318271|1577241|357700|10143|53|165|58|7|4637146|2719367|381309|254357|2.46|44|1.66|73|487|302|21428.0
202406|CNTY_GU|26|41150|11170000|부산|수원시|서초동|1114000000|서초1동|1|70|1|2|7|1471|86|86|482|37731|25155.0|19011.0|5082.0|1062.0|24762|15260|4607|2163330.0|1634946.0|437052.0|91332.0|4846231|521602|863310|307135|9|40|20|6|1669114|19215629|1374893|1137792|5.08|12|1.79|122|234|6|2808.0
202406|CNTY_GU|46|26110|27110000|대구|강남구|서초동|2614000000|역삼1가|1|65|3|1|1|1751|84|84|271|33790|27167.0|15569.0|6784.0|4814.0|19871|11654|6342|2282028.0|1307796.0|569856.0|404376.0|2045729|978241|644440|290185|23|46|20|6|6320065|353537|3427343|1655175|4.69|8|3.07|81|302|374|2416.0
202406|CNTY_GU|42|28110|11200000|인천|수원시|역삼동|2711000000|역삼1가|2|45|0|1|6|1569|117|117|755|85285|43078.0|16292.0|10536.0|16250.0|42454|15522|8676|5040126.0|1906164.0|1232712.0|1901250.0|825197|1639638|833233|295145|32|63|18|10|6051874|19781216|751023|912968|2.55|9|1.43|41|133|329|1197.0
202406|ADM|41|28110|27110000|대구|수원시|역삼동|2811000000|서초1동|2|20|2|2|5|752|52|52|303|84746|32728.0|18902.0|5819.0|8007.0|26615|13853|4924|1701856.0|982904.0|302588.0|416364.0|301775|1277339|804439|4273|12|25|12|1|781929|10450642|1259547|642334|5.14|2|4.31|75|337|489|674.0
202406|ADM|47|28110|45110000|인천|수원시|인계동|4111000000|인계동|2|45|3|1|10|1199|441|441|799|43369|31467.0|18493.0|10563.0|2411.0|23863|16055|8050|13876947.0|8155413.0|4658283.0|1063251.0|4748982|1243637|328213|91503|73|192|95|12|3842614|1745013|4240687|400581|4.3|49|1.46|72|450|78|22050.0
202406|CNTY_GU|11|45110|47110000|인천|수원시|서초동|4311000000|인계동|2|50|1|1|6|541|24|24|150|26062|14969.0|9812.0|5692.0|0.0|13926|6896|4699|359256.0|235488.0|136608.0|0.0|1045433|1521948|228459|147571|3|10|4|1|2994314|10603759|4153512|1694294|5.35|1|4.42|76|420|78|420.0
202406|CNTY_GU|41|11110|28110000|대구|성남시|인계동|2811000000|인계동|1|25|2|2|8|651|309|309|190|18073|21115.0|12329.0|5480.0|3306.0|16106|9731|4668|6524535.0|3809661.0|1693320.0|1021554.0|2747866|2625188|465478|326736|47|172|61|13|7131456|6277864|3008175|561611|4.58|22|4.65|32|360|106|7920.0
202406|ADM|45|41110|41150000|부산|수원시|인계동|4211000000|서초1동|2|50|2|1|2|1242|345|345|320|98594|41944.0|21054.0|8628.0|12262.0|30788|18964|6695|14470680.0|7263630.0|2976660.0|4230390.0|4497410|508087|223825|486148|45|142|53|5|1178822|11740327|3925424|1454827|7.63|9|1.13|126|458|258|4122.0
202406|ADM|44|42110|42110000|부산|성남시|인계동|1111000000|서초1동|2|60|3|2|1|90|226|226|987|45339|38542.0|19076.0|12939.0|6527.0|29526|13749|11997|8710492.0|4311176.0|2924214.0|1475102.0|1297986|377070|974267|451316|24|99|61|11|4402879|1692059|442840|401378|2.35|25|4.8|141|391|290|9775.0
202406|CNTY_GU|27|41130|43110000|대구|성남시|역삼동|4413000000|인계동|1|55|0|2|9|1923|215|215|489|27163|19085.0|7599.0|2842.0|8644.0|14440|6654|2186|4103275.0|1633785.0|611030.0|1858460.0|79061|798037|56411|266392|42|88|56|6|493728|5040519|3163479|590236|2.56|9|4.82|43|342|27|3078.0
202406|ADM|44|45110|41150000|서울|성남시|인계동|1120000000|역삼1가|2|35|0|1|9|766|383|383|880|19825|3436.0|2138.0|1080.0|218.0|2961|2074|761|1315988.0|818854.0|413640.0|83494.0|3840884|1626974|689899|341384|70|158|61|0|5104989|16996508|711637|1185507|4.94|34|4.7|137|46|239|1564.0
202406|ADM|46|11200|42110000|인천|수원시|인계동|4113000000|역삼1가|1|55|2|1|10|869|336|336|181|43748|9113.0|6699.0|2210.0|204.0|8694|5134|1743|3061968.0|2250864.0|742560.0|68544.0|2539440|1410542|568635|207972|68|136|76|20|2461801|3790237|931087|945164|7.11|42|3.15|23|358|388|15036.0
202406|ADM|42|43110|43110000|대구|서초구|서초동|4115000000|인계동|1|55|3|2|3|1231|233|233|417|65758|38597.0|19514.0|9561.0|9522.0|31398|19013|6820|8993101.0|4546762.0|2227713.0|2218626.0|4616816|2128932|946214|260520|24|123|56|18|9496566|10280830|3976696|1927872|6.15|29|1.76|33|306|283|8874.0
202406|CNTY_GU|46|46110|43110000|경기|강남구|역삼동|4511000000|인계동|2|35|2|2|1|1787|300|300|666|58867|28074.0|9413.0|5562.0|13099.0|27091|6851|4415|8422200.0|2823900.0|1668600.0|3929700.0|1473526|143127|112725|309474|31|168|61|11|5674574|12584024|812204|1870096|7.0|1|1.92|164|138|241|138.0
202406|CNTY_GU|27|11110|43110000|대구|강남구|역삼동|1120000000|역삼1가|2|60|0|1|7|255|45|45|505|99541|43983.0|25758.0|13977.0|4248.0|38580|21495|11497|1979235.0|1159110.0|628965.0|191160.0|979957|2992992|467504|352263|5|26|8|1|9436257|11504616|2001078|1024876|3.07|6|2.37|33|454|481|2724.0
202406|PRVNC|11|43110|11200000|경기|강남구|역삼동|2614000000|인계동|2|45|1|2|2|1948|176|176|633|75443|33766.0|11071.0|3694.0|19001.0|25866|7794|3076|5942816.0|1948496.0|650144.0|3344176.0|3081841|921156|110715|166353|20|95|28|14|1453762|8105220|1052108|1035818|6.35|1|1.65|64|441|435|441.0
202406|PRVNC|47|47110|42110000|경기|강남구|서초동|4511000000|인계동|1|60|3|1|5|133|452|452|8|54728|20781.0|9215.0|6891.0|4675.0|18727|7549|5243|9393012.0|4165180.0|3114732.0|2113100.0|3969966|1400727|345692|265256|131|267|130|5|4126429|10797766|396013|1758678|3.25|26|4.24|59|53|288|1378.0
202406|CNTY_GU|43|47110|42110000|대구|서초구|서초동|2711000000|인계동|2|35|0|1|9|658|237|237|853|25543|17865.0|13108.0|2130.0|2627.0|13203|10029|1693|4234005.0|3106596.0|504810.0|622599.0|4526640|748820|691184|306165|62|134|50|12|5050354|16519063|3420842|234483|5.63|0|1.04|120|0|164|0.0
202406|CNTY_GU|46|46110|26110000|대구|수원시|서초동|4511000000|역삼1가|1|45|0|2|4|921|423|423|520|83745|25376.0|8939.0|8028.0|8409.0|21041|6341|6372|10734048.0|3781197.0|3395844.0|3557007.0|4674063|822449|621674|44567|42|223|70|5|5800382|12096515|439754|1428863|7.47|36|1.11|39|34|450|1224.0
202406|ADM|11|46110|42110000|경기|성남시|역삼동|1120000000|역삼1가|2|35|0|1|4|249|201|201|7|34901|14237.0|11229.0|1444.0|1564.0|11294|10876|1431|2861637.0|2257029.0|290244.0|314364.0|2565874|497173|876534|429899|32|90|26|10|2620409|4631256|2098368|1490976|2.63|15|2.65|127|493|65|7395.0
202406|CNTY_GU|41|42110|11200000|부산|수원시|서초동|2811000000|서초1동|2|20|3|1|5|1943|488|488|220|32615|40510.0|12423.0|12367.0|15720.0|30258|11235|12337|19768880.0|6062424.0|6035096.0|7671360.0|1090469|547767|89824|305553|135|211|62|12|6577836|15065972|392359|185245|6.96|31|3.52|71|159|281|4929.0
202406|CNTY_GU|42|27110|11200000|서울|성남시|서초동|2811000000|인계동|1|50|0|1|3|1627|409|409|586|22629|3210.0|1032.0|786.0|1392.0|2330|866|583|1312890.0|422088.0|321474.0|569328.0|2718034|742647|15768|324635|46|194|86|1|8283188|142435|702761|1417968|5.93|29|1.75|79|492|57|14268.0
202406|ADM|42|47110|47110000|경기|수원시|인계동|1111000000|인계동|2|70|0|2|4|939|127|127|241|81667|19477.0|13773.0|5010.0|694.0|18644|10811|4485|2473579.0|1749171.0|636270.0|88138.0|2780219|462071|810842|306076|22|52|32|8|8725326|3082676|3038753|751322|2.92|10|1.88|52|330|12|3300.0
202406|ADM|41|43110|46110000|경기|강남구|역삼동|4111000000|역삼1가|2|30|0|1|8|1783|3|3|718|83796|36196.0|13669.0|6693.0|15834.0|32973|13330|5876|108588.0|41007.0|20079.0|47502.0|125767|2603534|676934|53667|0|1|0|0|8277306|3267425|2754481|1892264|7.7|0|1.09|40|0|316|0.0
202406|CNTY_GU|11|47110|44130000|부산|수원시|인계동|1120000000|역삼1가|2|50|3|1|7|1231|269|269|771|36662|33861.0|13711.0|11885.0|8265.0|33127|10152|8566|9108609.0|3688259.0|3197065.0|2223285.0|3452898|963038|225980|151414|37|115|33|14|7586863|9993784|4527624|1020837|5.55|36|1.53|176|386|328|13896.0
202406|ADM|41|11140|41110000|대구|강남구|서초동|1114000000|역삼1가|2|30|1|2|6|1981|308|308|885|85661|0.0|0.0|0.0|0.0|0|0|0|0.0|0.0|0.0|0.0|4328755|903732|654979|209427|57|127|67|21|9708153|13537911|3380266|451478|6.15|12|2.87|115|358|428|4296.0
202406|ADM|44|11110|41110000|서울|성남시|역삼동|4311000000|역삼1가|1|35|0|1|2|1462|218|218|238|94837|37168.0|26022.0|13741.0|0.0|35579|20635|13110|8102624.0|5672796.0|2995538.0|0.0|4552885|1369154|102424|221716|27|91|38|14|232553|4737761|4014016|1730380|3.18|12|2.77|14|329|21|3948.0
202406|CNTY_GU|42|26140|11110000|인천|성남시|인계동|4115000000|인계동|2|45|3|2|9|856|247|247|299|59539|6985.0|4444.0|1379.0|1162.0|6349|3281|987|1725295.0|1097668.0|340613.0|287014.0|4030916|990740|727248|204999|27|109|48|11|669699|3405394|1893867|1384900|5.0|6|3.06|108|317|91|1902.0
202406|ADM|11|11200|42110000|경기|수원시|역삼동|1111000000|역삼1가|1|40|2|1|1|1984|231|231|783|20390|28884.0|10776.0|9634.0|8474.0|28623|8461|8197|6672204.0|2489256.0|2225454.0|1957494.0|1031586|1480217|251419|460787|55|92|58|21|6905270|6696247|266099|482841|4.89|20|3.37|166|477|163|9540.0
202406|ADM|42|27110|26140000|경기|수원시|역삼동|4511000000|서초1동|2|45|3|1|8|1428|89|89|18|76336|3253.0|1604.0|664.0|985.0|3132|1412|516|289517.0|142756.0|59096.0|87665.0|2915265|505165|300897|326560|17|44|14|3|1793108|16562111|2172811|443653|3.08|1|3.49|84|344|196|344.0
202406|ADM|42|26140|43110000|부산|성남시|서초동|1114000000|인계동|1|40|1|1|2|567|188|188|137|77819|22143.0|12838.0|8205.0|1100.0|18692|9387|6581|4162884.0|2413544.0|1542540.0|206800.0|4037834|966452|400336|431368|51|109|24|1|1971573|11448448|418233|1297747|3.32|6|3.35|12|234|423|1404.0
202406|ADM|43|11170|28110000|인천|수원시|서초동|2711000000|서초1동|2|65|2|1|6|132|255|255|908|28687|1482.0|828.0|185.0|469.0|1243|778|162|377910.0|211140.0|47175.0|119595.0|3533650|659008|933586|411564|34|148|75|1|9212302|9484955|1747374|1161287|3.27|3|1.7|116|312|224|936.0
202406|CNTY_GU|42|11140|41130000|서울|서초구|서초동|1114000000|서초1동|1|55|1|1|3|1503|281|281|9|38341|2075.0|847.0|456.0|772.0|1697|819|395|583075.0|238007.0|128136.0|216932.0|2452785|2030160|410046|19592|37|144|73|11|2229736|5647310|2342197|726570|6.29|36|2.91|142|222|52|7992.0
202406|CNTY_GU|46|41130|43110000|대구|수원시|서초동|4115000000|역삼1가|2|55|3|1|7|1869|440|440|472|94725|21945.0|14321.0|3470.0|4154.0|17956|13812|3334|9655800.0|6301240.0|1526800.0|1827760.0|132039|710652|503838|128731|48|231|105|33|8729136|4779865|2455722|1192699|4.16|44|4.81|138|106|420|4664.0
202406|CNTY_GU|43|46110|41110000|경기|서초구|역삼동|4211000000|서초1동|1|70|2|1|2|243|266|266|158|34721|36673.0|18206.0|12983.0|5484.0|28978|17715|10480|9755018.0|4842796.0|3453478.0|1458744.0|1398855|1694782|224563|357763|30|111|48|19|8352958|1764242|3855291|209481|2.12|0|3.16|133|0|287|0.0
202406|CNTY_GU|27|11110|27110000|서울|서초구|인계동|4311000000|역삼1가|1|35|0|1|8|707|412|412|636|68653|15146.0|7001.0|2640.0|5505.0|14291|6868|2579|6240152.0|2884412.0|1087680.0|2268060.0|590646|2480172|50521|223362|115|231|79|40|5679693|12173627|1150206|1502128|7.92|44|2.2|61|230|41|10120.0
202406|PRVNC|46|11140|11170000|부산|성남시|인계동|1120000000|인계동|2|20|1|1|7|933|208|208|331|33026|44977.0|34985.0|6977.0|3015.0|42570|25000|6929|9355216.0|7276880.0|1451216.0|627120.0|1535433|2898695|308878|120165|44|116|43|3|4876160|5684162|3529613|709333|6.07|5|4.42|72|216|52|1080.0
202406|ADM|44|11110|41150000|경기|강남구|역삼동|1120000000|역삼1가|1|20|0|1|8|184|382|382|382|37378|40506.0|14504.0|6576.0|19426.0|33757|10420|5889|15473292.0|5540528.0|2512032.0|7420732.0|1506164|2901412|107999|255553|76|197|88|29|9143308|7005627|1858451|1657174|5.31|6|1.22|79|156|401|936.0
202406|CNTY_GU|27|45110|26110000|대구|수원시|역삼동|1111000000|서초1동|2|55|3|1|8|1350|64|64|687|79171|10094.0|4710.0|2265.0|3119.0|8133|3756|2076|646016.0|301440.0|144960.0|199616.0|4474359|1511042|571801|206631|6|26|10|1|3624151|16154794|1261518|836929|4.08|3|2.48|104|299|413|897.0
202406|CNTY_GU|42|47110|41110000|경기|서초구|서초동|2611000000|역삼1가|1|40|2|1|6|11|4|4|415|74667|31530.0|23221.0|10332.0|0.0|28506|19827|9034|126120.0|92884.0|41328.0|0.0|1077154|1273243|679958|426301|0|1|0|0|8225797|17639654|4806703|140792|3.36|0|4.5|108|0|446|0.0
202406|CNTY_GU|27|26110|45110000|서울|강남구|서초동|4311000000|서초1동|2|65|3|1|2|828|331|331|416|53269|49221.0|32636.0|6236.0|10349.0|39044|31212|4563|16292151.0|10802516.0|2064116.0|3425519.0|4020749|616829|271957|466543|79|157|39|26|9235353|6073325|3506001|810252|3.25|8|1.91|142|420|211|3360.0
202406|ADM|11|44130|26140000|서울|수원시|서초동|4211000000|역삼1가|2|35|0|1|10|1643|256|256|178|13116|36889.0|23901.0|4301.0|8687.0|34148|16815|3067|9443584.0|6118656.0|1101056.0|2223872.0|2520925|1357710|31403|72237|56|148|48|10|3463079|6039526|4948599|1235|4.93|23|4.38|88|417|195|9591.0
202406|ADM|46|41130|11170000|서울|성남시|인계동|4113000000|인계동|1|65|1|2|2|1953|96|96|509|48703|32002.0|24282.0|6654.0|1066.0|31168|19952|6338|3072192.0|2331072.0|638784.0|102336.0|3041582|73511|674330|476097|26|49|15|0|5701104|19958197|1909647|1824848|5.55|8|2.02|15|454|334|3632.0
202406|CNTY_GU|47|11170|41110000|서울|성남시|서초동|4113000000|서초1동|2|30|0|1|7|1964|189|189|277|68233|8488.0|3931.0|3016.0|1541.0|7783|3440|2541|1604232.0|742959.0|570024.0|291249.0|3971866|1063310|625222|122958|25|108|42|13|7312096|12655263|2021337|1622908|2.56|0|3.79|119|0|46|0.0
202406|PRVNC|41|47110|27110000|서울|성남시|역삼동|1114000000|서초1동|1|40|2|1|8|735|4|4|606|50950|18187.0|8958.0|5660.0|3569.0|14094|7470|4862|72748.0|35832.0|22640.0|14276.0|114068|486868|514748|265225|0|2|0|0|3758445|2848614|1528414|625029|3.77|0|4.26|122|0|334|0.0
202406|CNTY_GU|11|43110|27110000|경기|수원시|인계동|4511000000|역삼1가|1|40|3|2|2|169|25|25|69|47939|0.0|0.0|0.0|0.0|0|0|0|0.0|0.0|0.0|0.0|1874555|1190010|117090|23424|5|12|5|0|2160524|7288446|116997|1113710|3.97|0|3.39|60|0|428|0.0
202406|ADM|43|41110|42110000|경기|성남시|서초동|4413000000|인계동|2|35|0|1|7|771|265|265|826|33873|39388.0|17762.0|10741.0|10885.0|38541|13438|10012|10437820.0|4706930.0|2846365.0|2884525.0|728173|1993939|183215|32386|46|113|58|3|7141075|5172467|1335004|1199548|6.83|37|4.55|139|233|241|8621.0
202406|ADM|11|43110|46110000|인천|성남시|역삼동|2614000000|서초1동|1|70|2|1|5|856|412|412|372|32319|21516.0|14174.0|2994.0|4348.0|18131|10230|2509|8864592.0|5839688.0|1233528.0|1791376.0|3784877|1079877|310819|471376|101|175|108|26|1846139|18621150|1090625|222307|4.98|35|4.9|98|171|196|5985.0
202406|ADM|26|41130|41110000|부산|수원시|역삼동|4511000000|서초1동|1|20|2|1|8|364|171|171|559|70171|30428.0|22126.0|6636.0|1666.0|30056|16278|5298|5203188.0|3783546.0|1134756.0|284886.0|2965170|952021|833200|211453|23|102|33|3|3305408|11374868|1651396|797291|6.92|20|3.41|153|244|402|4880.0
202406|ADM|43|11200|47110000|서울|수원시|인계동|1120000000|인계동|2|50|2|2|4|1044|18|18|364|95693|26661.0|19954.0|8909.0|0.0|19441|19838|7682|479898.0|359172.0|160362.0|0.0|791100|2359534|912967|100828|4|9|2|0|3618434|15083337|1286814|297044|4.4|2|2.13|29|330|41|660.0
202406|CNTY_GU|42|26110|41150000|경기|수원시|역삼동|4111000000|서초1동|1|35|1|1|9|283|285|285|485|26687|1642.0|1083.0|169.0|390.0|1424|817|160|467970.0|308655.0|48165.0|111150.0|4501650|546595|850561|173149|31|117|48|5|7514169|5323872|992466|1515821|5.08|40|4.68|122|373|149|14920.0
202406|ADM|45|27110|41150000|서울|성남시|인계동|4711000000|인계동|2|30|2|1|5|887|66|66|805|65561|12658.0|5081.0|4850.0|2727.0|9086|3936|4242|835428.0|335346.0|320100.0|179982.0|2807122|2600537|216564|123925|10|38|10|3|7781258|846838|1082645|857773|6.59|3|4.15|141|309|305|927.0
202406|CNTY_GU|41|28110|41110000|서울|강남구|역삼동|1117000000|서초1동|2|70|0|2|3|1239|490|490|189|99079|5018.0|1517.0|649.0|2852.0|4772|1226|460|2458820.0|743330.0|318010.0|1397480.0|1446426|423263|827614|51872|57|224|125|44|4370090|13489280|2040144|1934942|2.84|10|2.58|132|39|394|390.0
202406|PRVNC|26|47110|11110000|대구|강남구|서초동|4111000000|인계동|2|55|2|1|10|1214|112|112|803|22804|38783.0|18318.0|10767.0|9698.0|27510|18268|9021|4343696.0|2051616.0|1205904.0|1086176.0|2633059|1593572|390117|80824|26|50|12|4|2664766|5626420|201178|954320|3.95|1|1.68|121|217|273|217.0
202406|CNTY_GU|44|26110|46110000|부산|성남시|인계동|1117000000|서초1동|1|30|1|1|6|293|270|270|110|78165|14832.0|6455.0|2805.0|5572.0|11392|6026|2729|4004640.0|1742850.0|757350.0|1504440.0|3176126|2385235|910527|63110|42|146|67|16|4478332|3696192|1333848|1330350|5.7|11|2.36|170|84|189|924.0
202406|ADM|41|11140|11140000|서울|성남시|역삼동|1111000000|서초1동|2|35|3|1|7|915|162|162|350|89445|12207.0|7135.0|3986.0|1086.0|10705|6895|3719|1977534.0|1155870.0|645732.0|175932.0|1550096|2743113|412179|328373|22|83|47|2|25744|14885664|570528|1740939|6.11|14|1.62|164|267|178|3738.0
202406|CNTY_GU|47|42110|46110000|경기|수원시|역삼동|4113000000|역삼1가|1|40|3|1|5|1260|99|99|284|65469|46209.0|25508.0|6776.0|13925.0|32993|20269|6681|4574691.0|2525292.0|670824.0|1378575.0|4752895|1922701|154108|432920|20|45|19|1|840594|3799952|3146092|721286|6.13|0|3.97|42|0|342|0.0
202406|CNTY_GU|26|26140|26110000|대구|강남구|역삼동|4115000000|인계동|2|30|3|2|5|1853|438|438|646|76562|27858.0|17585.0|4231.0|6042.0|20300|17359|4158|12201804.0|7702230.0|1853178.0|2646396.0|3895052|1249711|530986|107035|82|199|88|23|497423|12706427|1057333|822183|2.03|52|3.5|53|263|279|13676.0
202406|PRVNC|41|11170|28110000|인천|성남시|인계동|4311000000|역삼1가|1|70|0|2|6|1597|341|341|3|59101|16252.0|9164.0|4612.0|2476.0|13876|7357|3930|5541932.0|3124924.0|1572692.0|844316.0|3657555|1296781|621375|427479|40|158|93|1|1905437|16980966|3104729|502224|5.05|30|4.83|23|189|83|5670.0
202406|CNTY_GU|45|28110|11200000|경기|서초구|인계동|4413000000|역삼1가|1|30|0|1|10|1344|111|111|684|88499|31229.0|24625.0|5428.0|1176.0|24398|20313|4390|3466419.0|2733375.0|602508.0|130536.0|3491744|1221050|753347|138266|13|48|17|6|469737|6330199|4692814|1897844|3.84|16|4.22|142|96|213|1536.0
202406|CNTY_GU|44|26140|11200000|서울|성남시|인계동|4311000000|인계동|2|35|1|1|8|733|190|190|747|62154|36721.0|17508.0|8966.0|10247.0|26444|16983|7370|6976990.0|3326520.0|1703540.0|1946930.0|4663999|1827639|574758|429248|26|88|48|14|6122306|3726744|2878390|843691|5.3|15|3.76|105|57|335|855.0
202406|ADM|11|46110|44130000|부산|강남구|서초동|2811000000|역삼1가|2|70|1|1|1|1948|285|285|35|58895|29528.0|18854.0|4046.0|6628.0|22236|15319|3709|8415480.0|5373390.0|1153110.0|1888980.0|968156|1742161|585478|43149|38|115|42|17|1014012|19729755|420313|1318082|6.96|20|1.39|150|49|189|980.0
202406|CNTY_GU|45|26140|41150000|경기|수원시|서초동|4611000000|역삼1가|1|60|0|1|4|175|120|120|994|26578|22775.0|11084.0|6675.0|5016.0|17387|10412|6197|2733000.0|1330080.0|801000.0|601920.0|1575625|1340618|785002|152408|17|59|14|2|3106184|3108235|1548449|1109831|4.8|17|3.32|66|229|58|3893.0
202406|ADM|45|47110|11110000|부산|성남시|역삼동|4511000000|인계동|2|45|1|1|4|896|135|135|281|58728|41976.0|20324.0|11925.0|9727.0|39251|14307|10469|5666760.0|2743740.0|1609875.0|1313145.0|1180697|2993103|890902|307632|19|58|38|7|7639679|17192344|2373995|1729291|4.99|20|2.3|13|179|126|3580.0
202406|PRVNC|45|11110|26110000|경기|서초구|인계동|4611000000|역삼1가|1|45|3|1|6|606|208|208|906|66181|1909.0|1173.0|355.0|381.0|1894|1157|311|397072.0|243984.0|73840.0|79248.0|4617765|2225162|16085|216740|26|87|29|10|4320983|10197928|1707499|1134131|2.81|19|1.59|145|133|446|2527.0
202406|ADM|11|27110|26140000|대구|강남구|인계동|4511000000|역삼1가|1|20|1|1|5|552|102|102|701|12051|29555.0|9229.0|8065.0|12261.0|28931|6469|5727|3014610.0|941358.0|822630.0|1250622.0|4152047|2542289|891374|378001|12|46|23|3|2905812|11203834|4525458|144635|4.34|8|3.42|134|373|204|2984.0
202406|CNTY_GU|43|46110|26110000|서울|수원시|인계동|2611000000|인계동|1|45|3|2|3|149|262|262|366|56494|41069.0|17899.0|10206.0|12964.0|30835|14140|7235|10760078.0|4689538.0|2673972.0|3396568.0|1795975|2592672|371876|103911|59|129|70|6|8970019|16018780|1839456|1700831|5.83|4|3.21|18|412|244|1648.0
202406|ADM|45|11200|41130000|대구|강남구|인계동|1114000000|인계동|1|55|0|1|3|1557|352|352|106|36544|44035.0|17275.0|17091.0|9669.0|36070|16499|15685|15500320.0|6080800.0|6016032.0|3403488.0|1275712|1096450|811319|274000|47|179|46|4|9069603|3081575|2554910|221061|3.4|37|4.83|24|144|421|5328.0
202406|ADM|45|42110|11110000|서울|강남구|서초동|4311000000|인계동|1|60|3|2|2|143|321|321|936|14755|49756.0|33724.0|5338.0|10694.0|45287|32521|4282|15971676.0|10825404.0|1713498.0|3432774.0|1253829|1455809|767905|15151|53|180|55|26|233916|6881748|3268965|1194907|3.2|1|1.89|10|351|179|351.0
202406|PRVNC|27|11140|47110000|대구|성남시|인계동|4511000000|역삼1가|2|20|2|1|10|803|1|1|128|10208|27320.0|8816.0|4073.0|14431.0|22915|6242|3270|27320.0|8816.0|4073.0|14431.0|4078314|1691842|736418|128190|0|0|0|0|3675307|19778145|481891|1554768|5.92|0|4.13|140|0|19|0.0
202406|CNTY_GU|11|11170|44130000|대구|수원시|역삼동|4113000000|역삼1가|1|25|0|1|3|540|179|179|685|10248|5195.0|3992.0|1109.0|94.0|4503|3166|1094|929905.0|714568.0|198511.0|16826.0|3317955|2777203|602264|457975|35|99|48|16|474575|13697267|3614069|558732|2.81|3|1.74|77|13|318|39.0
202406|PRVNC|42|45110|26140000|대구|강남구|역삼동|1111000000|인계동|1|55|2|1|8|290|4|4|151|15856|12544.0|9852.0|1853.0|839.0|9154|9744|1774|50176.0|39408.0|7412.0|3356.0|4900094|2369438|688483|54057|1|1|0|0|6331407|3667559|554461|1392462|2.23|0|2.03|49|0|218|0.0
202406|ADM|46|11140|42110000|부산|수원시|서초동|4611000000|인계동|2|60|3|1|1|1433|436|436|824|83802|8721.0|5811.0|1054.0|1856.0|6117|4199|1034|3802356.0|2533596.0|459544.0|809216.0|4243764|1582205|234404|433226|108|217|120|19|867381|6280861|466749|1620257|2.26|23|4.07|63|205|267|4715.0
202406|ADM|41|44130|41130000|대구|성남시|인계동|4113000000|인계동|2|55|0|1|7|1012|307|307|820|13028|42227.0|24177.0|7826.0|10224.0|34153|19315|7526|12963689.0|7422339.0|2402582.0|3138768.0|17045|515653|712785|202313|44|163|84|17|7888700|4920051|3427548|811833|4.83|14|4.81|23|322|84|4508.0
202406|ADM|27|45110|26140000|인천|서초구|역삼동|4413000000|서초1동|2|25|2|2|7|867|98|98|2|92315|1157.0|911.0|399.0|0.0|1053|672|345|113386.0|89278.0|39102.0|0.0|3786243|1621622|524994|397913|17|47|11|2|1456703|13099263|3415434|970311|3.27|10|4.41|26|44|339|440.0
202406|ADM|42|11170|27110000|경기|서초구|역삼동|4611000000|인계동|1|40|0|1|6|903|335|335|202|51440|4645.0|1816.0|734.0|2095.0|4618|1442|668|1556075.0|608360.0|245890.0|701825.0|427411|781907|287816|151168|99|198|67|15|41969|15532519|156055|26832|4.74|21|2.83|74|145|2|3045.0
202406|ADM|46|28110|41130000|서울|강남구|서초동|4511000000|서초1동|2|30|2|1|9|880|251|251|944|78614|45813.0|33521.0|7635.0|4657.0|36450|26249|5976|11499063.0|8413771.0|1916385.0|1168907.0|4807131|1689429|59547|47283|62|102|63|23|913678|10175487|174581|1661423|7.03|7|1.48|85|146|339|1022.0
202406|CNTY_GU|45|11110|43110000|경기|강남구|인계동|2711000000|서초1동|1|25|0|2|6|773|89|89|274|16062|46060.0|20175.0|8517.0|17368.0|33016|14406|6016|4099340.0|1795575.0|758013.0|1545752.0|369748|504641|124565|88693|10|51|14|4|8897824|7408252|3763880|1605931|2.48|6|4.13|126|296|43|1776.0
202406|CNTY_GU|41|11140|41110000|인천|성남시|서초동|2611000000|역삼1가|2|30|0|1|9|553|358|358|904|98265|47761.0|28327.0|7186.0|12248.0|36198|25084|6051|17098438.0|10141066.0|2572588.0|4384784.0|2412960|476764|828076|421499|86|153|79|23|3507536|17796698|1929872|172052|6.63|47|4.51|59|383|265|18001.0
202406|CNTY_GU|41|41150|45110000|대구|서초구|인계동|4113000000|인계동|1|45|0|1|7|1359|3|3|549|20803|8060.0|4536.0|2647.0|877.0|7683|3709|2553|24180.0|13608.0|7941.0|2631.0|4396005|2602910|303517|130887|0|1|0|0|6664388|18274251|2851525|913903|6.51|0|3.99|134|0|181|0.0
202406|ADM|47|44130|26140000|대구|성남시|역삼동|2611000000|서초1동|1|50|0|1|3|621|249|249|942|94725|34463.0|20550.0|9162.0|4751.0|26019|17422|7539|8581287.0|5116950.0|2281338.0|1182999.0|339589|2088141|642388|297887|70|145|36|17|8770450|17990920|67368|310024|5.82|23|2.45|8|195|356|4485.0
202406|CNTY_GU|43|27110|11200000|대구|성남시|인계동|4511000000|역삼1가|1|65|0|2|1|1088|157|157|552|84510|36322.0|18519.0|12676.0|5127.0|29269|15466|11273|5702554.0|2907483.0|1990132.0|804939.0|1320174|6680|427283|204530|39|86|42|5|9694153|10957495|2599073|1876861|5.47|13|2.58|92|231|7|3003.0
202406|PRVNC|47|11170|43110000|부산|강남구|인계동|4115000000|서초1동|1|30|1|1|3|176|157|157|571|69776|34759.0|25913.0|8932.0|0.0|32094|20290|8254|5457163.0|4068341.0|1402324.0|0.0|3062236|1014448|765396|54030|43|66|38|3|6008236|11259075|1077729|1566391|5.4|3|3.39|106|197|164|591.0
202406|PRVNC|42|41110|41110000|대구|서초구|역삼동|1114000000|서초1동|2|55|2|1|9|1598|232|232|145|95554|16741.0|5588.0|4559.0|6594.0|14564|4112|4288|3883912.0|1296416.0|1057688.0|1529808.0|1628237|2736996|763863|30273|60|118|49|0|3611012|11892614|655637|1889865|6.03|32|3.56|50|428|384|13696.0
202406|ADM|41|46110|41110000|부산|서초구|서초동|2614000000|역삼1가|2|40|0|2|1|363|384|384|362|92110|33085.0|12787.0|6301.0|13997.0|30838|10471|5820|12704640.0|4910208.0|2419584.0|5374848.0|74650|1828962|235504|383253|79|226|85|30|7034244|8066205|2393790|1940821|6.91|55|2.13|48|148|470|8140.0
202406|ADM|26|45110|27110000|부산|서초구|서초동|4711000000|인계동|2|50|0|1|2|436|92|92|86|83338|28088.0|13063.0|9213.0|5812.0|25699|11106|6783|2584096.0|1201796.0|847596.0|534704.0|1573427|747100|43347|194772|27|43|11|5|6763526|497390|690219|1080547|3.8|10|3.8|87|257|303|2570.0
202406|ADM|26|41150|26110000|대구|수원시|역삼동|4413000000|인계동|1|30|2|1|10|258|216|216|952|16622|35795.0|14379.0|5822.0|15594.0|26580|10777|5641|7731720.0|3105864.0|1257552.0|3368304.0|1277417|891304|263255|39708|22|122|38|5|2804265|12565239|1745180|1531943|6.91|25|3.89|81|232|411|5800.0
202406|ADM|47|41110|43110000|대구|성남시|서초동|2811000000|서초1동|2|45|2|1|5|559|161|161|78|56299|38693.0|19111.0|13800.0|5782.0|38305|17186|13667|6229573.0|3076871.0|2221800.0|930902.0|4629220|1551183|34983|410829|45|66|33|6|3190898|3652100|4457527|604779|3.04|15|3.34|58|441|45|6615.0
202406|ADM|11|42110|41110000|인천|성남시|서초동|4111000000|역삼1가|2|30|3|1|6|1597|2|2|21|80535|31463.0|21456.0|10833.0|0.0|30781|15233|10435|62926.0|42912.0|21666.0|0.0|1981614|1079080|767815|174912|0|1|0|0|5950479|15910731|2157880|1702475|4.05|0|3.7|122|0|434|0.0
202406|ADM|42|11170|43110000|부산|강남구|서초동|1114000000|서초1동|2|55|0|2|1|1837|473|473|478|91051|39436.0|26848.0|6205.0|6383.0|34582|18916|5958|18653228.0|12699104.0|2934965.0|3019159.0|1570288|657891|392037|205612|84|264|84|27|4274512|16580068|1462694|181078|6.05|14|3.85|40|64|150|896.0
202406|PRVNC|43|28110|26140000|대구|성남시|서초동|4511000000|인계동|2|30|0|2|1|1855|257|257|76|15283|22575.0|9496.0|6760.0|6319.0|17935|6953|4766|5801775.0|2440472.0|1737320.0|1623983.0|536136|413552|521230|340744|36|114|38|21|382541|9522386|3598437|1556025|5.47|1|1.55|145|372|446|372.0
202406|PRVNC|11|41130|27110000|경기|서초구|서초동|1111000000|인계동|1|45|1|1|4|1029|405|405|150|45624|6074.0|4360.0|1399.0|315.0|5726|3645|1312|2459970.0|1765800.0|566595.0|127575.0|930444|1439311|634063|135059|44|210|54|34|9638391|6172833|951313|1555577|3.62|12|4.57|98|199|15|2388.0
202406|ADM|47|45110|26140000|부산|수원시|서초동|4211000000|서초1동|1|60|2|1|1|1688|275|275|804|93951|8083.0|4313.0|2978.0|792.0|6011|3966|2947|2222825.0|1186075.0|818950.0|217800.0|626963|1394914|155236|40534|35|143|42|4|9384453|17842167|2526952|689466|5.64|27|2.49|53|487|201|13149.0
202406|ADM|41|41150|42110000|인천|성남시|서초동|2611000000|역삼1가|2|30|3|2|2|7|278|278|927|98174|28670.0|9352.0|4755.0|14563.0|24977|8501|3553|7970260.0|2599856.0|1321890.0|4048514.0|4808115|740323|883171|230131|53|142|31|11|5198700|8200892|3089310|1894733|4.85|1|4.68|90|67|236|67.0
202406|ADM|41|41110|11140000|인천|성남시|인계동|4711000000|인계동|1|60|3|1|4|286|234|234|709|53763|36448.0|22537.0|14539.0|0.0|30865|19974|12352|8528832.0|5273658.0|3402126.0|0.0|2463145|731600|587678|226039|41|110|38|20|9603723|6124980|3514546|1465645|4.16|21|3.96|70|427|166|8967.0
202406|CNTY_GU|27|45110|44130000|서울|수원시|역삼동|4311000000|역삼1가|2|70|0|1|4|1427|78|78|290|91707|3596.0|2451.0|1394.0|0.0|3532|1746|1009|280488.0|191178.0|108732.0|0.0|1564954|2446876|97537|487685|8|46|14|4|1365675|6671244|3386365|472220|6.25|6|1.8|138|182|15|1092.0
202406|ADM|42|41130|26110000|서울|수원시|인계동|1120000000|역삼1가|2|40|0|2|10|31|385|385|617|87179|33077.0|16104.0|12168.0|4805.0|30564|12824|11431|12734645.0|6200040.0|4684680.0|1849925.0|49413|1675837|188795|188064|100|190|75|14|5252628|12312804|2910205|662702|5.6|0|1.42|86|0|15|0.0
202406|PRVNC|11|11140|42110000|부산|성남시|서초동|4311000000|역삼1가|2|30|3|2|6|709|358|358|984|43134|19058.0|9103.0|3782.0|6173.0|18553|7879|3288|6822764.0|3258874.0|1353956.0|2209934.0|1292361|2067289|953686|469158|58|163|55|16|2115699|17549952|1112113|1098794|2.6|19|4.7|155|446|333|8474.0
202406|CNTY_GU|42|46110|41110000|인천|강남구|인계동|4111000000|서초1동|2|35|0|2|7|1540|154|154|236|69358|44993.0|15593.0|17836.0|11564.0|39425|14709|15020|6928922.0|2401322.0|2746744.0|1780856.0|3860386|1604465|602042|62631|35|91|37|2|8415366|12659897|1476314|760933|2.12|5|2.03|170|410|428|2050.0
202406|ADM|26|45110|41150000|경기|서초구|서초동|4115000000|서초1동|1|45|3|2|3|621|184|184|149|95900|34013.0|15631.0|9237.0|9145.0|33712|12700|8605|6258392.0|2876104.0|1699608.0|1682680.0|3098251|2377942|760675|496243|49|96|23|16|1235944|4174693|3184423|1129618|7.8|3|4.09|30|221|249|663.0
202406|ADM|26|27110|27110000|경기|강남구|역삼동|4115000000|인계동|1|50|1|2|7|1563|253|253|968|70485|42126.0|32857.0|13276.0|0.0|40847|26460|9412|10657878.0|8312821.0|3358828.0|0.0|114681|2892832|356738|291551|35|134|34|16|1485395|11483038|2043503|724301|4.01|26|2.23|12|354|419|9204.0
202406|CNTY_GU|26|27110|43110000|인천|서초구|서초동|4511000000|인계동|1|25|0|2|1|955|292|292|476|96754|23469.0|7060.0|5087.0|11322.0|18182|5367|4997|6852948.0|2061520.0|1485404.0|3306024.0|2383174|70310|853742|99133|40|153|57|7|7195316|19294765|851597|1628378|7.55|38|3.8|50|451|192|17138.0
202406|ADM|42|41130|11140000|서울|서초구|서초동|1117000000|역삼1가|2|30|3|1|8|1706|257|257|38|52825|31417.0|13876.0|10744.0|6797.0|26742|10873|7575|8074169.0|3566132.0|2761208.0|1746829.0|2727381|1314388|324065|339434|30|141|47|18|1892574|10273923|3500267|974638|6.85|7|4.72|149|248|282|1736.0
202406|CNTY_GU|26|46110|42110000|대구|성남시|역삼동|2611000000|인계동|1|50|1|2|4|1587|252|252|111|94172|0.0|0.0|0.0|0.0|0|0|0|0.0|0.0|0.0|0.0|2190502|1237287|347649|290464|68|139|46|16|3089947|2322977|3580466|656885|3.19|29|1.77|86|142|82|4118.0
202406|ADM|43|26110|41150000|대구|성남시|역삼동|4111000000|역삼1가|1|40|1|1|10|1618|157|157|852|13375|28212.0|9495.0|5320.0|13397.0|19837|8577|4114|4429284.0|1490715.0|835240.0|2103329.0|657460|2458256|34454|466434|30|79|25|15|4179148|5913149|3795274|1591069|2.15|10|1.55|93|389|124|3890.0
202406|PRVNC|26|42110|42110000|부산|서초구|역삼동|1120000000|역삼1가|1|60|1|2|10|342|490|490|177|57737|19045.0|6014.0|1987.0|11044.0|17965|4255|1674|9332050.0|2946860.0|973630.0|5411560.0|604579|1898149|415291|484297|143|265|84|22|2092808|12225818|4648090|691381|3.5|64|3.83|46|81|227|5184.0
202406|CNTY_GU|42|28110|11200000|인천|성남시|역삼동|4211000000|서초1동|1|45|0|1|6|1108|77|77|424|51483|47882.0|33772.0|18401.0|0.0|40858|26764|15778|3686914.0|2600444.0|1416877.0|0.0|4965451|2229112|112450|408056|23|32|15|2|4798513|12501633|4900499|1196449|7.63|5|4.12|176|217|308|1085.0
202406|CNTY_GU|41|27110|45110000|인천|강남구|인계동|4115000000|인계동|2|30|0|1|5|266|420|420|545|35253|40903.0|27244.0|8653.0|5006.0|31305|26533|7927|17179260.0|11442480.0|3634260.0|2102520.0|4010382|379204|960012|5660|87|222|106|27|9743767|10885080|1707679|600259|6.38|39|2.34|172|275|34|10725.0
202406|PRVNC|46|41130|46110000|인천|수원시|서초동|4113000000|인계동|2|50|1|1|1|210|123|123|727|23379|23129.0|8746.0|2525.0|11858.0|21737|8252|1943|2844867.0|1075758.0|310575.0|1458534.0|594397|2293266|388683|171565|14|56|36|0|3577326|568215|4577605|42013|6.24|7|1.59|178|161|412|1127.0
202406|PRVNC|26|11170|41150000|인천|수원시|서초동|4211000000|인계동|1|40|0|1|1|956|205|205|282|80626|42821.0|19201.0|8687.0|14933.0|40611|16249|7229|8778305.0|3936205.0|1780835.0|3061265.0|3984820|951737|263682|491577|21|96|21|4|1672795|1790138|2413218|952109|4.1|18|3.54|112|31|197|558.0
202406|ADM|11|11170|26110000|인천|성남시|역삼동|4511000000|인계동|2|70|3|1|9|288|40|40|805|64483|34108.0|13291.0|8079.0|12738.0|28157|10226|6310|1364320.0|531640.0|323160.0|509520.0|4718503|2113679|224848|118654|8|22|10|1|3966844|16065358|3645394|567626|6.86|0|1.2|141|0|444|0.0
202406|ADM|11|43110|26110000|경기|수원시|서초동|4115000000|서초1동|2|65|1|1|10|1495|296|296|194|96825|2502.0|1560.0|897.0|45.0|1940|1172|634|740592.0|461760.0|265512.0|13320.0|269436|1798663|868309|188093|83|128|64|3|7474467|4191452|1967384|743561|7.29|19|2.12|86|248|248|4712.0
202406|CNTY_GU|44|42110|11200000|경기|서초구|역삼동|4111000000|서초1동|1|35|0|2|6|1138|74|74|118|95050|31205.0|18318.0|6632.0|6255.0|29284|16074|5669|2309170.0|1355532.0|490768.0|462870.0|1002971|219661|643735|81078|10|35|18|0|4295637|11729749|3232926|965668|5.54|9|4.83|163|61|89|549.0
202406|ADM|45|41130|26110000|인천|강남구|역삼동|4311000000|인계동|1|60|1|1|5|1875|108|108|229|46834|30171.0|22278.0|4391.0|3502.0|27987|20100|3646|3258468.0|2406024.0|474228.0|378216.0|659109|134143|372900|426241|10|52|27|9|9883674|6776230|2784539|1308990|3.1|13|4.6|10|114|208|1482.0
202406|ADM|44|28110|42110000|부산|수원시|인계동|4711000000|역삼1가|2|45|0|1|7|1586|428|428|356|46372|14391.0|7024.0|3632.0|3735.0|13309|5981|3058|6159348.0|3006272.0|1554496.0|1598580.0|214158|183203|45382|408265|103|179|92|17|206604|10917810|1674867|542534|3.13|49|2.74|55|78|353|3822.0
202406|CNTY_GU|44|41150|28110000|서울|성남시|서초동|4115000000|인계동|1|65|2|1|2|1738|314|314|823|78126|17549.0|10677.0|4573.0|2299.0|15819|9603|4544|5510386.0|3352578.0|1435922.0|721886.0|3681385|2981616|486406|247756|82|155|51|14|9345711|9668326|3371921|1494678|2.97|8|3.58|163|124|97|992.0
202406|CNTY_GU|41|45110|47110000|경기|서초구|인계동|2611000000|서초1동|1|60|0|2|5|134|15|15|704|71402|42261.0|32602.0|14838.0|0.0|35211|30834|13859|633915.0|489030.0|222570.0|0.0|4813864|1830752|171759|207594|4|6|3|0|8121656|10545960|2055890|1624765|4.85|0|1.88|81|0|92|0.0
202406|PRVNC|27|41110|11140000|서울|서초구|인계동|4113000000|역삼1가|1|70|1|1|3|87|495|495|151|74951|38062.0|24254.0|7895.0|5913.0|27977|17444|6667|18840690.0|12005730.0|3908025.0|2926935.0|1938940|921991|529328|148610|94|255|135|38|2515950|2484205|3609131|1172118|7.31|70|4.78|63|125|120|8750.0
202406|ADM|26|11170|41130000|부산|강남구|인계동|4311000000|서초1동|1|30|2|1|6|526|3|3|729|35587|49150.0|37529.0|13178.0|0.0|36795|33024|10718|147450.0|112587.0|39534.0|0.0|2055250|2227004|759272|213769|0|1|0|0|7798608|13781888|2486465|1081301|5.17|0|2.59|149|0|493|0.0
202406|PRVNC|46|47110|27110000|인천|서초구|역삼동|2711000000|인계동|2|30|1|2|1|1059|366|366|269|71696|37369.0|15720.0|4039.0|17610.0|29321|15586|3226|13677054.0|5753520.0|1478274.0|6445260.0|2057967|466490|449041|9191|94|166|70|4|6752345|66960|4553104|1780683|7.57|27|4.44|158|13|214|351.0
202406|ADM|11|44130|26110000|경기|서초구|서초동|2711000000|서초1동|2|70|1|2|4|1295|363|363|184|80422|45239.0|27327.0|15786.0|2126.0|39689|26891|15224|16421757.0|9919701.0|5730318.0|771738.0|1178241|2924984|91011|472705|71|205|68|18|1225312|18475618|1812414|1300949|7.78|37|4.17|133|344|301|12728.0
202406|CNTY_GU|43|41130|27110000|인천|성남시|인계동|4511000000|인계동|1|45|1|2|5|773|360|360|283|80268|9814.0|7315.0|3182.0|0.0|9197|5264|2601|3533040.0|2633400.0|1145520.0|0.0|4744106|183119|651819|402226|39|203|43|30|5106550|10116618|4472191|1048253|7.46|40|1.34|52|231|151|9240.0
202406|CNTY_GU|11|41150|45110000|부산|수원시|서초동|4311000000|서초1동|1|40|1|1|3|1149|290|290|749|53819|40907.0|16274.0|10776.0|13857.0|38748|16215|9108|11863030.0|4719460.0|3125040.0|4018530.0|4265820|528008|24127|242757|51|173|47|25|5041755|10286678|1866962|1192080|7.6|35|1.51|118|419|366|14665.0
202406|ADM|42|47110|11200000|서울|서초구|서초동|4211000000|역삼1가|1|65|2|1|2|1761|229|229|976|46726|17916.0|9861.0|6706.0|1349.0|16503|9116|6325|4102764.0|2258169.0|1535674.0|308921.0|4779461|606804|487092|366045|32|124|68|18|6958838|14762295|3509579|715427|5.98|11|2.94|10|313|188|3443.0
202406|CNTY_GU|43|46110|41150000|부산|서초구|역삼동|1111000000|서초1동|2|45|0|2|10|71|294|294|898|90297|29284.0|13029.0|3812.0|12443.0|28368|9537|3532|8609496.0|3830526.0|1120728.0|3658242.0|4291162|467131|612020|275836|79|128|44|10|5857510|5248860|2281073|1595044|5.1|35|4.32|179|495|272|17325.0
202406|ADM|27|46110|41130000|부산|강남구|서초동|4511000000|역삼1가|2|45|0|1|5|1421|274|274|696|68182|44912.0|24588.0|7515.0|12809.0|38803|20971|5538|12305888.0|6737112.0|2059110.0|3509666.0|4065475|2595946|183919|249331|77|140|62|13|9425825|12937622|2563295|1632044|6.97|39|4.07|153|97|306|3783.0
202406|ADM|44|41150|44130000|서울|강남구|서초동|4611000000|서초1동|2|50|0|1|3|1635|187|187|699|23768|30679.0|22299.0|9337.0|0.0|27643|18771|7043|5736973.0|4169913.0|1746019.0|0.0|1684191|1685925|489261|443545|52|100|36|5|4122529|9396975|2286790|673948|4.78|23|2.08|38|401|259|9223.0
202406|ADM|11|26110|11110000|인천|서초구|서초동|4611000000|인계동|2|30|0|2|9|1137|104|104|414|37191|740.0|327.0|116.0|297.0|701|309|95|76960.0|34008.0|12064.0|30888.0|4536206|351701|681021|4585|14|45|28|5|8054407|15490238|2213973|786262|3.13|4|4.86|75|79|413|316.0
202406|ADM|45|41130|42110000|경기|강남구|인계동|4311000000|서초1동|2|45|2|1|1|308|311|311|423|58409|0.0|0.0|0.0|0.0|0|0|0|0.0|0.0|0.0|0.0|750201|152918|676056|486609|82|158|35|5|1257353|14947183|4766527|1178235|3.56|34|2.52|7|241|247|8194.0
202406|ADM|47|27110|46110000|인천|성남시|역삼동|4113000000|인계동|1|30|1|2|2|1615|262|262|347|76090|5921.0|2618.0|1025.0|2278.0|4884|2115|848|1551302.0|685916.0|268550.0|596836.0|1321188|913364|66034|151865|52|123|36|11|9421798|13841301|4115967|1836748|7.44|17|4.48|53|273|287|4641.0
202406|CNTY_GU|44|41110|26140000|경기|강남구|인계동|2811000000|인계동|1|25|1|2|3|1707|412|412|264|98793|33427.0|21158.0|5918.0|6351.0|26921|19613|4353|13771924.0|8717096.0|2438216.0|2616612.0|2306331|2537346|488576|387765|120|172|73|31|1208504|4522187|3553357|148934|3.34|36|1.09|8|272|195|9792.0
202406|ADM|46|41150|11200000|부산|수원시|역삼동|4611000000|역삼1가|1|60|0|1|3|1357|454|454|951|17165|6641.0|3820.0|2099.0|722.0|6251|3433|1717|3015014.0|1734280.0|952946.0|327788.0|2124668|1354583|472445|108937|125|253|101|11|905370|16327455|3139630|637893|4.14|41|1.34|138|32|448|1312.0
202406|ADM|46|42110|43110000|경기|서초구|인계동|4711000000|인계동|1|60|0|1|9|220|464|464|314|75813|9050.0|6185.0|1844.0|1021.0|7318|5003|1597|4199200.0|2869840.0|855616.0|473744.0|4546844|293896|311201|286|51|270|105|26|4351299|16961132|4897161|1923494|6.99|59|1.65|59|110|112|6490.0
202406|ADM|46|27110|41130000|서울|성남시|서초동|2711000000|인계동|2|45|3|2|5|1738|61|61|6|37719|47369.0|30442.0|11662.0|5265.0|34777|28164|9922|2889509.0|1856962.0|711382.0|321165.0|4861275|785891|405192|434119|15|29|16|5|45591|2137043|4388598|488060|2.2|8|4.67|18|486|391|3888.0
202406|ADM|11|26140|28110000|경기|강남구|역삼동|4115000000|역삼1가|1|55|0|1|5|789|3|3|948|75771|31733.0|16251.0|12615.0|2867.0|26762|13200|10063|95199.0|48753.0|37845.0|8601.0|3979155|1780270|450815|212670|0|1|0|0|5742464|5345752|3541101|1721497|7.53|0|2.82|92|0|6|0.0
202406|ADM|26|43110|41130000|인천|수원시|역삼동|2711000000|서초1동|2|55|2|1|2|867|164|164|157|62063|8086.0|6455.0|861.0|770.0|7441|5966|764|1326104.0|1058620.0|141204.0|126280.0|4161467|90640|573397|225090|35|75|18|2|4279537|19637480|4668692|793117|7.38|13|1.61|109|149|73|1937.0
202406|PRVNC|42|27110|44130000|대구|강남구|인계동|4511000000|서초1동|1|35|2|1|6|1088|37|37|368|82442|31490.0|17688.0|6945.0|6857.0|24374|14547|5467|1165130.0|654456.0|256965.0|253709.0|4471675|2004804|525872|186009|5|21|4|0|9259948|9110163|4232208|162451|4.57|2|1.08|11|83|259|166.0
202406|CNTY_GU|41|46110|41130000|서울|성남시|인계동|1114000000|서초1동|2|45|3|2|8|318|27|27|62|87162|22397.0|17272.0|3639.0|1486.0|17304|17144|3562|604719.0|466344.0|98253.0|40122.0|964108|1379945|511272|49217|5|13|6|1|32177|14896271|139798|906733|7.72|3|3.59|70|288|115|864.0
202406|CNTY_GU|43|26110|11200000|부산|강남구|역삼동|1120000000|서초1동|1|25|0|1|5|1016|244|244|18|98405|14462.0|6984.0|5158.0|2320.0|10831|5464|4512|3528728.0|1704096.0|1258552.0|566080.0|2802869|1259809|195844|441535|37|121|28|7|5977499|10607402|4572479|573458|5.96|8|2.84|166|114|354|912.0
202406|ADM|43|46110|27110000|대구|서초구|인계동|4113000000|서초1동|1|70|0|2|6|1599|4|4|836|42803|19677.0|13642.0|6314.0|0.0|14840|12431|6196|78708.0|54568.0|25256.0|0.0|3033677|188598|141621|327690|0|2|0|0|8513481|12633686|140403|1096143|7.54|0|4.52|82|0|81|0.0
202406|ADM|45|41150|46110000|경기|서초구|서초동|4113000000|역삼1가|2|55|1|1|8|635|186|186|458|15639|45538.0|19599.0|14432.0|11507.0|36632|16070|14234|8470068.0|3645414.0|2684352.0|2140302.0|2944676|1312136|140202|321363|41|80|22|15|6042412|3747657|1973554|615423|5.35|9|1.52|165|319|81|2871.0
202406|ADM|43|42110|41130000|부산|수원시|인계동|4115000000|서초1동|2|70|0|1|10|1626|439|439|690|49192|32152.0|20800.0|10005.0|1347.0|31594|16859|7940|14114728.0|9131200.0|4392195.0|591333.0|957641|357257|132776|188750|91|204|96|3|556936|5342942|2729423|180955|4.88|23|3.5|141|89|244|2047.0
202406|ADM|44|41110|44130000|부산|수원시|서초동|4113000000|인계동|2|65|2|2|10|22|257|257|451|43291|45058.0|31338.0|17533.0|0.0|42812|30827|16602|11579906.0|8053866.0|4505981.0|0.0|4773612|263922|121708|187261|59|118|64|22|7823464|17226951|245446|1202031|6.92|33|1.19|7|17|288|561.0
202406|CNTY_GU|43|41130|44130000|부산|강남구|인계동|2811000000|인계동|2|25|2|1|10|464|418|418|710|87392|49847.0|28506.0|14542.0|6799.0|47204|25148|14145|20836046.0|11915508.0|6078556.0|2841982.0|1419096|976051|418545|447543|100|245|79|1|2733830|12894325|752389|1228503|7.8|58|2.73|88|382|353|22156.0
202406|ADM|26|41110|26140000|대구|강남구|인계동|1111000000|서초1동|1|55|2|1|4|1090|80|80|231|81797|33209.0|17157.0|6668.0|9384.0|25681|12958|5025|2656720.0|1372560.0|533440.0|750720.0|1447161|975666|571817|307538|10|38|13|2|9867421|12477665|2589162|11816|4.43|2|4.71|173|340|169|680.0
202406|ADM|44|28110|11200000|대구|서초구|역삼동|1114000000|서초1동|1|30|2|1|6|1989|231|231|293|81210|10703.0|6831.0|2872.0|1000.0|8056|6424|2534|2472393.0|1577961.0|663432.0|231000.0|4480604|1640918|721956|330266|46|134|35|10|7648085|14178098|3829047|664113|7.16|16|2.92|106|159|331|2544.0
202406|CNTY_GU|42|11110|11140000|대구|수원시|서초동|4511000000|서초1동|2|40|3|2|6|1806|170|170|500|34160|25000.0|17264.0|7441.0|295.0|17660|16326|5808|4250000.0|2934880.0|1264970.0|50150.0|2607735|2742323|543522|98363|41|101|43|4|5085938|13422288|157083|1287739|2.84|15|3.08|68|240|117|3600.0
202406|CNTY_GU|46|44130|45110000|대구|수원시|서초동|4511000000|인계동|2|20|1|1|7|849|366|366|742|49216|38915.0|29797.0|9924.0|0.0|31880|29631|9278|14242890.0|10905702.0|3632184.0|0.0|3672756|1352964|973161|357480|44|202|85|29|3455588|9451118|3711253|542404|6.71|13|4.01|23|73|447|949.0
202406|ADM|45|26110|45110000|대구|수원시|인계동|2711000000|인계동|1|30|2|1|5|1419|304|304|282|31933|4274.0|2885.0|1087.0|302.0|4071|2212|1050|1299296.0|877040.0|330448.0|91808.0|3917866|1661722|371696|499656|75|128|67|19|1270285|18002340|831375|752060|7.26|21|4.23|26|286|96|6006.0
202406|ADM|43|41130|44130000|부산|강남구|인계동|2611000000|서초1동|1|40|1|1|7|1999|308|308|165|41529|32973.0|23033.0|10582.0|0.0|24135|22829|9338|10155684.0|7094164.0|3259256.0|0.0|3760088|1201971|864623|414377|88|138|87|5|464145|2429241|1409989|1852875|7.38|3|4.35|148|212|476|636.0
202406|CNTY_GU|27|26140|41110000|인천|서초구|서초동|4115000000|인계동|2|70|0|2|9|1556|188|188|827|98562|23086.0|17817.0|3531.0|1738.0|22429|13464|2829|4340168.0|3349596.0|663828.0|326744.0|4842608|828423|566965|67168|40|93|52|7|8854991|3778221|2233758|1785801|3.92|27|3.35|69|140|332|3780.0
202406|ADM|45|11170|46110000|부산|강남구|서초동|4511000000|역삼1가|1|60|1|2|6|1531|272|272|588|38308|28374.0|11707.0|10011.0|6656.0|20033|9911|7178|7717728.0|3184304.0|2722992.0|1810432.0|1846404|1247422|285761|310490|42|122|65|26|8511026|18902272|2900923|1122141|2.65|40|4.91|131|363|419|14520.0
202406|ADM|11|41110|11110000|서울|성남시|인계동|4113000000|역삼1가|2|35|1|2|6|1961|17|17|447|64396|34954.0|22842.0|13878.0|0.0|32344|22489|12226|594218.0|388314.0|235926.0|0.0|2774046|147150|56240|241347|3|7|4|1|6990446|10148324|1952337|1058736|4.88|1|4.85|40|67|15|67.0
202406|CNTY_GU|47|43110|41110000|서울|성남시|역삼동|4111000000|서초1동|2|65|0|1|4|1056|223|223|276|55057|24222.0|17886.0|3190.0|3146.0|18639|15922|3090|5401506.0|3988578.0|711370.0|701558.0|1104320|1805166|802521|101056|39|106|53|17|2239508|6658093|2244065|89052|4.47|12|3.36|153|488|381|5856.0
202406|ADM|45|11140|27110000|경기|서초구|인계동|4211000000|인계동|2|45|2|1|1|571|158|158|755|71822|276.0|102.0|81.0|93.0|223|97|76|43608.0|16116.0|12798.0|14694.0|1362623|1400817|374031|168541|45|85|32|14|5315337|3117810|4313004|23574|2.07|21|1.4|176|201|277|4221.0
202406|PRVNC|44|26140|46110000|부산|수원시|서초동|2614000000|인계동|2|20|0|2|1|1507|48|48|610|82573|1798.0|558.0|471.0|769.0|1327|452|376|86304.0|26784.0|22608.0|36912.0|2887996|540583|497987|129282|7|20|10|3|5205338|19487520|2772603|586282|2.75|2|1.22|71|279|222|558.0
202406|CNTY_GU|27|41130|11170000|대구|강남구|인계동|1111000000|서초1동|1|25|3|2|6|71|252|252|757|46383|15112.0|10545.0|2482.0|2085.0|11247|10023|2370|3808224.0|2657340.0|625464.0|525420.0|3746468|728009|828919|378453|28|126|39|15|8493569|17584972|3561524|486463|7.67|16|2.11|162|228|433|3648.0
202406|CNTY_GU|27|28110|44130000|부산|성남시|역삼동|4611000000|역삼1가|1|60|2|1|5|604|179|179|421|22915|9985.0|6209.0|3648.0|128.0|9381|5154|2735|1787315.0|1111411.0|652992.0|22912.0|2548261|1948203|868621|368252|28|94|49|12|8446864|19420599|786663|231612|6.3|6|4.76|139|432|9|2592.0
202406|CNTY_GU|41|11200|47110000|인천|성남시|인계동|4611000000|서초1동|1|50|0|2|10|687|219|219|296|85449|0.0|0.0|0.0|0.0|0|0|0|0.0|0.0|0.0|0.0|635465|1599347|352237|308357|62|125|45|3|7898318|17764299|3216380|1206773|2.98|8|4.7|93|85|253|680.0
202406|ADM|46|28110|45110000|부산|서초구|역삼동|1111000000|서초1동|2|50|0|1|3|1291|158|158|965|52322|49490.0|20350.0|18426.0|10714.0|44606|16551|16970|7819420.0|3215300.0|2911308.0|1692812.0|218316|1380462|332278|467456|33|92|41|2|4605629|2998444|3873546|894797|2.2|13|2.37|106|283|352|3679.0
202406|CNTY_GU|44|11110|42110000|대구|강남구|인계동|4211000000|역삼1가|1|60|1|2|7|1220|295|295|970|24022|5487.0|2010.0|2189.0|1288.0|4169|1533|1725|1618665.0|592950.0|645755.0|379960.0|1124356|2083544|744074|462147|53|159|53|2|5124517|15276611|4697853|421358|4.13|22|3.54|34|255|363|5610.0
202406|ADM|27|41130|41150000|서울|서초구|역삼동|1117000000|역삼1가|1|40|1|1|1|744|1|1|212|12086|31517.0|16571.0|6434.0|8512.0|26055|16326|5042|31517.0|16571.0|6434.0|8512.0|2035051|2442337|507634|306434|0|0|0|0|3447357|4117788|1520555|1492986|3.83|0|2.18|19|0|9|0.0
202406|ADM|26|43110|11170000|인천|서초구|서초동|4511000000|인계동|2|65|1|1|10|1820|131|131|848|54707|49518.0|37909.0|13278.0|0.0|47319|31543|9365|6486858.0|4966079.0|1739418.0|0.0|4409406|1912130|538836|357908|25|56|32|8|3966967|18767624|2542127|1075392|7.02|0|3.46|71|0|8|0.0
202406|ADM|27|28110|42110000|부산|서초구|인계동|4115000000|역삼1가|2|65|0|1|10|985|401|401|17|48868|10038.0|4357.0|1492.0|4189.0|8437|3689|1464|4025238.0|1747157.0|598292.0|1679789.0|1507516|1851108|291690|299636|67|200|76|16|6483050|11275779|4283351|784016|4.43|19|3.59|96|275|246|5225.0
202406|ADM|26|28110|41110000|경기|서초구|서초동|2711000000|서초1동|2|20|0|1|5|224|365|365|546|35845|20714.0|14328.0|3598.0|2788.0|20533|13108|2569|7560610.0|5229720.0|1313270.0|1017620.0|2382017|1696624|975326|459217|42|196|78|31|9752738|11053231|4447058|1346702|3.27|40|2.8|101|68|184|2720.0
202406|ADM|43|41130|11140000|부산|강남구|역삼동|1111000000|인계동|2|65|0|1|7|1632|419|419|746|41221|20592.0|8882.0|2773.0|8937.0|20436|8651|1977|8628048.0|3721558.0|1161887.0|3744603.0|768902|1411346|328762|270382|117|230|112|25|1487408|3827725|3606197|576112|6.95|33|4.05|76|131|203|4323.0
202406|PRVNC|45|11110|42110000|서울|성남시|서초동|2614000000|인계동|1|50|2|1|4|1926|4|4|278|33693|26402.0|16485.0|2800.0|7117.0|21725|15722|2693|105608.0|65940.0|11200.0|28468.0|474702|125006|342217|155072|1|2|1|0|5109553|10664559|2212620|552278|6.88|0|2.96|156|0|454|0.0
202406|ADM|11|47110|11110000|경기|수원시|역삼동|4511000000|역삼1가|1|40|1|2|5|169|473|473|939|22363|32059.0|24756.0|6510.0|793.0|25583|21933|5534|15163907.0|11709588.0|3079230.0|375089.0|2109914|2945748|13657|66091|55|280|83|31|8428358|9210409|2730702|568081|3.12|10|2.39|109|109|35|1090.0
202406|CNTY_GU|41|42110|26140000|인천|강남구|서초동|4511000000|역삼1가|2|60|2|1|1|105|479|479|805|56046|28602.0|21399.0|5983.0|1220.0|23095|16006|5371|13700358.0|10250121.0|2865857.0|584380.0|3559134|507009|628097|269380|54|201|95|43|2246213|18002243|2380852|1976120|4.94|56|4.78|123|368|412|20608.0
202406|CNTY_GU|26|26140|45110000|대구|수원시|인계동|1111000000|인계동|1|30|2|1|6|1818|223|223|223|82611|19721.0|12677.0|2677.0|4367.0|17883|11337|1922|4397783.0|2826971.0|596971.0|973841.0|4649629|55904|670490|213071|27|125|48|13|5592633|15950613|205124|93025|5.66|20|3.28|161|338|367|6760.0
202406|CNTY_GU|45|45110|26140000|부산|수원시|인계동|1114000000|인계동|2|50|0|1|6|292|1|1|362|14891|14353.0|6979.0|4725.0|2649.0|10978|6485|3363|14353.0|6979.0|4725.0|2649.0|2246099|2739777|682314|18804|0|0|0|0|4383816|226342|4231669|20207|7.28|0|2.11|110|0|329|0.0
202406|ADM|43|11170|44130000|부산|성남시|서초동|2614000000|역삼1가|2|25|0|1|8|1856|369|369|626|40094|8928.0|3794.0|2862.0|2272.0|7037|2961|2066|3294432.0|1399986.0|1056078.0|838368.0|422192|2758091|426386|106000|76|197|44|30|2380373|11287160|470492|147373|5.36|29|4.97|113|342|342|9918.0
202406|CNTY_GU|46|43110|11170000|부산|성남시|인계동|1114000000|인계동|2|50|0|1|4|334|2|2|466|19951|34669.0|13094.0|6367.0|15208.0|28599|12498|5612|69338.0|26188.0|12734.0|30416.0|2391924|913439|490004|286334|0|1|0|0|9366660|11501625|3678515|65280|5.66|0|3.29|46|0|20|0.0
202406|ADM|44|46110|11170000|부산|수원시|인계동|2811000000|서초1동|1|65|0|1|7|976|334|334|8|93165|22113.0|8343.0|4420.0|9350.0|17108|6777|3783|7385742.0|2786562.0|1476280.0|3122900.0|2766333|2314044|612461|247429|65|190|76|26|2468183|1626776|2751541|1918812|4.98|40|3.72|45|379|456|15160.0
202406|PRVNC|45|42110|11200000|부산|강남구|서초동|4311000000|서초1동|2|65|3|1|6|1114|216|216|66|89385|26876.0|16085.0|3741.0|7050.0|18906|15723|2900|5805216.0|3474360.0|808056.0|1522800.0|4964004|190477|56568|494552|42|112|41|11|8001381|18084350|3166327|109802|5.53|31|3.27|110|238|466|7378.0
202406|ADM|45|26110|26110000|부산|수원시|서초동|4611000000|서초1동|2|55|3|1|9|1794|202|202|629|56771|41507.0|19680.0|8382.0|13445.0|29592|19431|8018|8384414.0|3975360.0|1693164.0|2715890.0|294695|2248917|623227|72500|39|113|47|9|4024619|19954187|1449828|1599355|7.01|16|4.56|95|42|113|672.0
202406|ADM|26|11140|11200000|부산|서초구|인계동|2611000000|인계동|2|25|2|1|7|1793|302|302|364|79673|45644.0|17596.0|7982.0|20066.0|37575|12798|7964|13784488.0|5313992.0|2410564.0|6059932.0|1963557|1507873|69522|466277|43|170|79|9|8666148|10220043|3779814|1588370|6.13|12|1.22|117|259|204|3108.0
202406|CNTY_GU|44|26140|11200000|서울|수원시|인계동|2611000000|인계동|2|40|2|2|1|100|400|400|720|11277|44934.0|34945.0|13257.0|0.0|38291|30883|12475|17973600.0|13978000.0|5302800.0|0.0|4969234|1658766|22597|493004|61|194|73|10|7302748|7054221|3646446|52419|6.3|27|4.67|111|205|198|5535.0
202406|CNTY_GU|27|26110|11170000|부산|서초구|인계동|1111000000|역삼1가|2|65|1|1|7|700|297|297|571|54954|17734.0|9807.0|2862.0|5065.0|15261|6975|2637|5266998.0|2912679.0|850014.0|1504305.0|4113377|1527501|905419|117900|34|121|59|27|8569039|15825490|3317956|1996828|7.22|30|3.13|150|322|393|9660.0
202406|PRVNC|26|27110|41150000|인천|성남시|서초동|4211000000|서초1동|2|35|3|1|10|874|112|112|93|46999|44107.0|30925.0|12756.0|426.0|35732|29490|12441|4939984.0|3463600.0|1428672.0|47712.0|1016376|305845|734715|153127|11|64|20|5|2390018|3004894|3335872|391735|2.16|4|4.7|77|315|25|1260.0
202406|ADM|43|46110|42110000|대구|성남시|서초동|2811000000|역삼1가|2|30|2|1|3|683|23|23|916|45082|2400.0|1177.0|864.0|359.0|2243|1064|761|55200.0|27071.0|19872.0|8257.0|1861870|916507|238238|23878|4|9|2|0|9720607|9827535|831322|920891|7.76|1|2.08|119|177|359|177.0
202406|ADM|11|41150|41150000|인천|강남구|서초동|1120000000|역삼1가|2|60|0|1|2|276|111|111|131|16520|38232.0|29887.0|11213.0|0.0|33137|22973|10154|4243752.0|3317457.0|1244643.0|0.0|3490586|1436991|790050|176862|31|51|28|2|1666966|19382675|4693744|1562387|4.82|7|4.99|110|370|494|2590.0
202406|ADM|27|28110|42110000|경기|강남구|역삼동|4311000000|역삼1가|1|70|0|1|10|178|26|26|419|48507|27087.0|19060.0|8006.0|21.0|20358|13695|7546|704262.0|495560.0|208156.0|546.0|4337379|912371|873942|474609|3|11|4|1|4116553|1505355|3370640|1147467|5.68|3|2.91|94|408|409|1224.0
202406|ADM|47|46110|11170000|인천|수원시|서초동|4611000000|역삼1가|1|20|0|2|2|31|197|197|887|50752|9730.0|7179.0|2061.0|490.0|7573|5349|1981|1916810.0|1414263.0|406017.0|96530.0|4431848|1579625|925666|131178|21|79|36|9|3295020|1162582|1708637|1763572|4.75|25|2.62|120|24|268|600.0
202406|CNTY_GU|47|45110|28110000|대구|성남시|인계동|4711000000|역삼1가|1|50|0|2|4|1818|43|43|888|90150|24493.0|10518.0|4008.0|9967.0|20292|10287|2866|1053199.0|452274.0|172344.0|428581.0|4023750|1127408|456479|189697|10|17|11|1|522189|13589398|3226261|349727|4.31|1|4.43|62|156|460|156.0
202406|ADM|41|45110|28110000|인천|성남시|서초동|2614000000|인계동|2|45|0|2|2|1374|355|355|208|60002|29.0|17.0|5.0|7.0|27|14|4|10295.0|6035.0|1775.0|2485.0|3554727|2612470|485334|314549|88|209|59|12|3026645|8351707|2779349|1425203|6.24|4|2.36|164|83|45|332.0
202406|ADM|46|41130|41110000|경기|수원시|서초동|2611000000|서초1동|1|35|0|1|10|1907|145|145|438|52019|46694.0|32883.0|15006.0|0.0|45250|27067|14646|6770630.0|4768035.0|2175870.0|0.0|774809|2673210|519807|282707|30|78|35|5|5154318|292171|2988330|299755|5.18|19|3.7|41|91|3|1729.0
202406|CNTY_GU|43|28110|28110000|부산|성남시|인계동|4511000000|역삼1가|2|30|1|1|9|1744|219|219|968|15817|34962.0|16811.0|13514.0|4637.0|27238|13600|10528|7656678.0|3681609.0|2959566.0|1015503.0|163633|958305|884805|332142|55|96|64|0|112300|16355533|2235468|303278|2.33|19|3.5|18|66|342|1254.0
202406|ADM|41|26140|27110000|서울|성남시|역삼동|2611000000|역삼1가|1|30|0|2|6|1716|213|213|149|17832|30880.0|23075.0|3164.0|4641.0|24966|22029|3107|6577440.0|4914975.0|673932.0|988533.0|3582357|1229324|343793|143621|34|102|29|18|542225|12791700|4328302|328363|3.98|15|3.76|65|46|118|690.0
202406|PRVNC|11|28110|42110000|대구|수원시|인계동|1114000000|서초1동|2|70|0|2|2|1925|452|452|174|62481|45892.0|29973.0|10653.0|5266.0|40458|22803|8745|20743184.0|13547796.0|4815156.0|2380232.0|3269089|1789953|636272|117348|77|198|89|44|6162117|9961908|4087810|812742|6.81|32|3.55|121|343|474|10976.0
202406|PRVNC|11|26140|28110000|부산|수원시|역삼동|2614000000|인계동|2|55|0|2|7|1586|35|35|117|22035|6775.0|4004.0|1395.0|1376.0|5522|2977|1141|237125.0|140140.0|48825.0|48160.0|1659799|56493|28273|305705|8|19|8|1|755009|16661219|2803534|1956130|3.45|3|3.02|55|63|308|189.0
202406|ADM|26|45110|46110000|인천|수원시|역삼동|1111000000|역삼1가|2|35|0|2|1|834|197|197|30|46723|1778.0|1031.0|356.0|391.0|1613|871|343|350266.0|203107.0|70132.0|77027.0|1472861|506168|68274|119722|22|79|36|17|3463728|3211386|645791|273288|4.06|16|1.37|41|499|439|7984.0
202406|ADM|41|11140|41130000|부산|수원시|인계동|4111000000|서초1동|2|45|0|2|8|690|260|260|746|64830|42727.0|16693.0|5480.0|20554.0|40944|13555|3877|11109020.0|4340180.0|1424800.0|5344040.0|2536537|710233|239642|280826|43|113|66|10|2107104|9059202|3286171|1568053|4.19|0|3.79|23|0|68|0.0
202406|ADM|43|46110|43110000|인천|서초구|인계동|4211000000|역삼1가|1|25|3|2|6|201|429|429|108|32515|8222.0|5041.0|1110.0|2071.0|7371|4673|919|3527238.0|2162589.0|476190.0|888459.0|2448243|1278380|754737|414846|87|201|73|3|3502221|4554758|1197541|857721|7.54|41|4.21|15|218|115|8938.0
202406|CNTY_GU|45|41130|11110000|대구|성남시|인계동|1120000000|역삼1가|1|60|1|1|4|563|432|432|835|49282|10376.0|5581.0|2666.0|2129.0|9320|4685|2585|4482432.0|2410992.0|1151712.0|919728.0|766044|217633|563557|5767|101|246|118|18|9161551|4270258|59917|127639|5.22|64|2.59|174|21|358|1344.0
202406|ADM|47|47110|45110000|서울|서초구|역삼동|1120000000|서초1동|2|60|0|1|6|387|301|301|526|36848|0.0|0.0|0.0|0.0|0|0|0|0.0|0.0|0.0|0.0|3820265|1860557|648288|479781|42|134|39|22|382413|7178361|1249506|1950361|3.7|0|3.84|145|0|56|0.0
202406|ADM|47|42110|11170000|서울|서초구|인계동|4511000000|서초1동|2|35|0|1|1|1197|362|362|723|19164|26766.0|12140.0|5562.0|9064.0|18942|9217|4275|9689292.0|4394680.0|2013444.0|3281168.0|3569052|1925305|315764|262893|55|163|82|27|3119677|2592498|1850823|1879805|4.46|35|4.27|74|466|184|16310.0
202406|ADM|41|11110|11170000|경기|강남구|역삼동|4211000000|역삼1가|2|40|1|1|1|551|471|471|591|43660|48325.0|14570.0|16489.0|17266.0|43779|13926|13971|22761075.0|6862470.0|7766319.0|8132286.0|2091055|1850638|995231|156758|126|230|139|24|4400749|12928076|665661|1993459|3.11|37|1.52|137|188|85|6956.0
202406|CNTY_GU|41|27110|27110000|대구|수원시|서초동|1120000000|인계동|2|30|0|2|7|1403|246|246|257|72297|24487.0|16155.0|4438.0|3894.0|17966|13111|3615|6023802.0|3974130.0|1091748.0|957924.0|2126256|2582994|838213|286287|66|106|52|13|7550665|13470829|337346|793220|4.16|23|1.42|121|489|251|11247.0
202406|CNTY_GU|43|27110|26140000|대구|서초구|서초동|4511000000|인계동|1|20|1|2|7|854|163|163|490|53764|9367.0|6452.0|1464.0|1451.0|8185|5289|1283|1526821.0|1051676.0|238632.0|236513.0|805279|2716401|143632|48136|35|92|45|5|3030863|17704901|603311|1726401|3.18|0|1.48|5|0|220|0.0
202406|PRVNC|45|41150|42110000|부산|강남구|역삼동|2611000000|역삼1가|1|20|3|2|8|596|124|124|647|39012|24267.0|11530.0|8031.0|4706.0|23640|11038|7022|3009108.0|1429720.0|995844.0|583544.0|3832267|87661|432332|388191|34|64|19|11|4753882|9974382|184555|1023942|6.83|0|3.92|72|0|85|0.0
202406|ADM|11|42110|41110000|서울|강남구|인계동|4311000000|인계동|2|30|3|1|5|1243|82|82|185|19677|13669.0|5939.0|5248.0|2482.0|11324|4438|3874|1120858.0|486998.0|430336.0|203524.0|3288708|2141180|196509|260054|12|45|12|4|6361825|14735980|3634866|1211669|5.46|10|3.94|173|326|348|3260.0
202406|ADM|45|11110|46110000|부산|서초구|서초동|2614000000|인계동|1|20|2|1|4|237|30|30|804|66704|32129.0|11513.0|9914.0|10702.0|31064|9955|8504|963870.0|345390.0|297420.0|321060.0|3224347|1635769|272819|274263|5|17|5|1|1859724|13379439|2284025|1092540|3.94|3|2.84|156|446|260|1338.0
202406|ADM|46|26110|27110000|경기|강남구|인계동|2711000000|서초1동|2|40|1|2|6|1365|481|481|665|74669|24517.0|16462.0|7725.0|330.0|19870|13846|5621|11792677.0|7918222.0|3715725.0|158730.0|915425|262853|727838|136648|130|201|80|40|1990779|15905042|69338|576870|7.1|38|4.71|32|40|159|1520.0
202406|ADM|27|41110|43110000|인천|서초구|인계동|2711000000|인계동|2|50|0|1|10|1972|315|315|119|84760|41206.0|30600.0|8238.0|2368.0|37769|29834|7599|12979890.0|9639000.0|2594970.0|745920.0|4498846|1593562|845863|30676|62|161|32|27|3221184|1473426|2282219|370069|7.51|10|2.1|15|486|1|4860.0
202406|PRVNC|42|11110|45110000|부산|서초구|인계동|1120000000|인계동|2|25|0|1|10|400|444|444|905|17918|28143.0|17489.0|7993.0|2661.0|26121|12362|6497|12495492.0|7765116.0|3548892.0|1181484.0|4492528|2260970|807312|481396|107|194|51|37|9237741|12722641|4761108|225073|5.58|34|4.53|147|492|222|16728.0
202406|CNTY_GU|26|45110|11110000|서울|서초구|역삼동|1111000000|인계동|1|40|0|1|2|1590|142|142|754|39059|7216.0|3686.0|1640.0|1890.0|5251|3000|1181|1024672.0|523412.0|232880.0|268380.0|707752|1356658|53961|196804|21|57|34|14|7577203|11596519|1541161|1571645|4.53|3|4.88|56|377|437|1131.0
202406|ADM|45|41150|41110000|경기|성남시|역삼동|4211000000|역삼1가|1|50|0|1|6|1485|380|380|375|18427|26363.0|14889.0|9107.0|2367.0|19427|14343|8986|10017940.0|5657820.0|3460660.0|899460.0|1953434|396078|112710|386752|46|204|42|10|3703394|9566027|3946607|1943496|7.98|42|1.97|73|109|246|4578.0
202406|CNTY_GU|11|41110|11110000|대구|서초구|역삼동|1111000000|서초1동|2|45|1|1|10|906|219|219|207|78137|47860.0|31281.0|6139.0|10440.0|40449|24000|4551|10481340.0|6850539.0|1344441.0|2286360.0|752313|752857|562037|433553|23|118|51|17|2521900|6943269|1080423|259711|4.41|27|2.4|171|84|489|2268.0
202406|ADM|42|41130|43110000|서울|수원시|역삼동|4413000000|역삼1가|2|40|0|1|4|1826|220|220|706|75513|12842.0|6206.0|1751.0|4885.0|11996|5068|1350|2825240.0|1365320.0|385220.0|1074700.0|3081169|2967051|673144|4756|36|88|45|3|1688804|12404636|4719315|625552|3.86|30|2.35|177|427|331|12810.0
202406|CNTY_GU|45|27110|44130000|대구|성남시|인계동|2711000000|역삼1가|2|45|0|1|6|1281|472|472|158|61216|20131.0|14561.0|3655.0|1915.0|14889|12023|3195|9501832.0|6872792.0|1725160.0|903880.0|1832976|1862933|940002|191476|129|263|112|2|5075917|11100823|3575452|1626190|3.88|1|3.95|133|121|55|121.0
202406|PRVNC|41|44130|27110000|부산|서초구|서초동|4611000000|인계동|2|50|0|1|8|747|117|117|5|61747|12267.0|9462.0|3889.0|0.0|9220|8954|3227|1435239.0|1107054.0|455013.0|0.0|1477147|1961329|769554|399937|23|60|28|3|597620|12251923|1526305|350995|2.62|12|1.75|130|135|367|1620.0
202406|CNTY_GU|26|11110|11170000|경기|수원시|인계동|4113000000|서초1동|2|70|0|2|2|1884|435|435|13|13710|48567.0|22670.0|18375.0|7522.0|47997|18684|17153|21126645.0|9861450.0|7993125.0|3272070.0|943344|2084898|571715|406579|83|220|95|24|9452444|563051|3948290|11953|4.09|12|3.56|128|343|75|4116.0
202406|CNTY_GU|45|47110|11170000|경기|강남구|역삼동|1117000000|서초1동|2|60|2|1|9|750|93|93|756|96062|15418.0|6196.0|3810.0|5412.0|11641|4811|3702|1433874.0|576228.0|354330.0|503316.0|4560819|436228|523593|60503|9|39|15|1|9669833|9207632|2455096|708777|3.07|7|4.24|80|27|97|189.0
202406|PRVNC|26|41150|11110000|인천|서초구|역삼동|4611000000|인계동|2|40|1|1|8|1702|273|273|235|29384|23081.0|8664.0|7326.0|7091.0|19392|7476|7125|6301113.0|2365272.0|1999998.0|1935843.0|2461244|470214|533300|498249|75|160|75|16|2992434|2706445|2212447|313846|5.57|14|4.04|72|136|191|1904.0
202406|CNTY_GU|26|46110|26140000|대구|강남구|서초동|2811000000|인계동|2|35|2|2|8|1207|59|59|468|82172|13475.0|7101.0|1612.0|4762.0|10491|6397|1158|795025.0|418959.0|95108.0|280958.0|1648755|856705|75634|360445|6|25|10|2|994028|8353839|3531991|931487|2.25|6|1.88|159|454|119|2724.0
202406|CNTY_GU|44|11140|45110000|인천|성남시|인계동|1120000000|역삼1가|1|40|0|1|1|245|31|31|962|18649|2902.0|2006.0|1110.0|0.0|2492|1918|1076|89962.0|62186.0|34410.0|0.0|4038161|2453497|534235|330358|4|18|4|1|5903454|11995574|370064|693996|3.43|3|1.78|161|409|196|1227.0
202406|ADM|47|41110|43110000|인천|성남시|서초동|4611000000|서초1동|2|65|0|1|6|40|261|261|337|31565|14962.0|11469.0|4974.0|0.0|13608|8185|4043|3905082.0|2993409.0|1298214.0|0.0|819109|149372|159439|185851|56|139|35|23|6382795|3633494|111074|1355678|2.68|36|1.73|177|432|268|15552.0
202406|CNTY_GU|42|11110|45110000|서울|수원시|인계동|2711000000|서초1동|2|65|2|2|6|1796|175|175|673|92506|31116.0|21944.0|12071.0|0.0|24825|18765|10670|5445300.0|3840200.0|2112425.0|0.0|1248961|1236976|966481|1419|48|97|45|13|2312516|8804140|228363|839436|5.03|22|1.92|117|341|322|7502.0
202406|ADM|42|11170|45110000|경기|강남구|인계동|4113000000|인계동|2|40|0|1|5|334|412|412|627|32105|22059.0|13681.0|7950.0|428.0|21143|12015|7005|9088308.0|5636572.0|3275400.0|176336.0|4794882|2301381|658838|123813|105|200|94|22|4199794|19170648|2875369|500211|6.2|24|1.72|132|285|250|6840.0
202406|ADM|27|41110|41150000|부산|서초구|인계동|1114000000|역삼1가|1|40|3|2|3|1160|315|315|278|82916|1646.0|618.0|271.0|757.0|1606|580|221|518490.0|194670.0|85365.0|238455.0|2109090|2061249|653866|450556|54|179|92|1|841480|6926038|4077777|1848187|6.61|21|4.68|68|364|329|7644.0
202406|ADM|44|41130|11110000|서울|수원시|인계동|1120000000|서초1동|1|55|1|2|2|1924|59|59|418|64732|14504.0|11507.0|1765.0|1232.0|13448|10948|1449|855736.0|678913.0|104135.0|72688.0|4363293|2293473|93268|287332|7|34|10|4|5063527|1348675|1577166|1462771|2.66|4|2.71|34|288|433|1152.0
202406|CNTY_GU|11|47110|44130000|부산|수원시|인계동|4311000000|인계동|1|55|2|1|9|74|144|144|817|98124|869.0|623.0|131.0|115.0|652|559|101|125136.0|89712.0|18864.0|16560.0|3796204|324769|640143|396614|30|60|22|6|3392294|953012|3843318|1465493|5.69|10|4.01|172|457|233|4570.0
202406|ADM|11|11170|27110000|부산|서초구|서초동|4711000000|서초1동|2|60|0|1|1|1232|73|73|201|87948|34716.0|27435.0|10434.0|0.0|31961|20732|8506|2534268.0|2002755.0|761682.0|0.0|4937973|978800|819699|478624|7|39|14|1|2333206|8655535|397351|1135821|3.58|8|4.17|161|377|387|3016.0
202406|CNTY_GU|46|11170|11110000|인천|성남시|서초동|4611000000|인계동|2|30|0|1|2|1072|285|285|200|93837|47182.0|33997.0|7273.0|5912.0|44496|28045|5287|13446870.0|9689145.0|2072805.0|1684920.0|3757953|506258|125738|112760|41|147|73|14|2756127|17925514|1436977|489296|6.0|25|2.71|71|44|178|1100.0
202406|ADM|45|26110|41110000|대구|강남구|인계동|1120000000|서초1동|1|50|0|1|5|1009|367|367|139|14765|15271.0|6995.0|4889.0|3387.0|11635|5078|3537|5604457.0|2567165.0|1794263.0|1243029.0|989066|2692100|867620|69816|56|194|60|17|5431252|8805241|3145747|1175518|7.21|3|2.65|64|448|226|1344.0
202406|ADM|45|11200|28110000|부산|서초구|역삼동|2611000000|역삼1가|1|55|1|2|10|715|186|186|471|36135|20677.0|7467.0|8212.0|4998.0|15358|6364|8184|3845922.0|1388862.0|1527432.0|929628.0|2531820|1055134|232405|311545|30|84|37|10|2780975|2446789|2178023|1118313|4.9|8|2.38|20|337|376|2696.0
202406|PRVNC|44|45110|42110000|경기|서초구|서초동|2711000000|서초1동|1|20|2|1|7|1466|402|402|607|73724|29723.0|20386.0|10098.0|0.0|25693|19109|8261|11948646.0|8195172.0|4059396.0|0.0|2202542|2239069|733141|44646|116|195|111|34|2911804|14845977|219484|1427965|6.6|35|4.18|178|272|147|9520.0
202406|CNTY_GU|42|42110|28110000|경기|수원시|역삼동|1117000000|역삼1가|2|45|0|2|10|1860|399|399|563|53524|23546.0|15495.0|7387.0|664.0|22881|15186|6775|9394854.0|6182505.0|2947413.0|264936.0|2314336|2376248|333443|249321|115|186|85|25|9035331|3608126|4700112|653940|7.8|10|2.48|165|326|257|3260.0
202406|ADM|27|42110|11200000|부산|성남시|서초동|4611000000|인계동|2|60|2|2|5|1679|194|194|84|20659|8316.0|2532.0|833.0|4951.0|7386|2101|670|1613304.0|491208.0|161602.0|960494.0|3386507|784472|480626|466161|38|97|39|17|7155675|14062853|1898867|1779660|2.98|2|1.97|104|196|86|392.0
202406|ADM|47|46110|28110000|서울|서초구|인계동|2614000000|인계동|2|65|0|2|9|1921|68|68|26|98581|3893.0|2561.0|1255.0|77.0|3776|2073|1089|264724.0|174148.0|85340.0|5236.0|1070582|1575459|813983|189122|16|38|7|0|7569922|10608517|2874297|104483|4.41|6|4.83|168|346|159|2076.0
202406|ADM|43|45110|46110000|대구|강남구|서초동|2614000000|인계동|2|50|3|1|9|966|182|182|250|37964|27731.0|18680.0|7591.0|1460.0|27013|16120|7278|5047042.0|3399760.0|1381562.0|265720.0|3838144|1165629|553145|271882|50|90|36|7|5828626|16656266|3892366|22774|7.34|23|3.62|137|436|46|10028.0
202406|CNTY_GU|46|41130|11110000|부산|서초구|역삼동|1117000000|인계동|1|55|0|2|9|169|312|312|428|88171|44865.0|18536.0|15406.0|10923.0|35591|13832|12869|13997880.0|5783232.0|4806672.0|3407976.0|3284327|1880445|511814|319117|57|128|36|10|1618278|757189|3565663|1403150|2.61|11|3.24|103|214|67|2354.0
202406|ADM|43|28110|11200000|부산|강남구|인계동|4413000000|인계동|1|65|0|1|2|1022|56|56|749|20024|6634.0|2657.0|2143.0|1834.0|5480|2082|1618|371504.0|148792.0|120008.0|102704.0|3474257|2154872|434453|472599|5|26|10|0|3071934|3917506|996797|1657761|4.61|3|4.62|116|231|414|693.0
202406|CNTY_GU|43|11170|44130000|서울|성남시|서초동|4211000000|인계동|1|50|1|2|9|707|105|105|673|77548|8150.0|6499.0|3048.0|0.0|7635|4948|2406|855750.0|682395.0|320040.0|0.0|844304|78156|919030|58234|11|50|18|7|7190471|14153553|4540106|1543336|4.66|15|3.4|26|279|37|4185.0
202406|CNTY_GU|43|43110|27110000|인천|강남구|인계동|2614000000|서초1동|1|45|0|1|8|810|261|261|898|50455|34601.0|15872.0|12845.0|5884.0|32966|12419|12143|9030861.0|4142592.0|3352545.0|1535724.0|4362896|2995564|568920|233104|45|110|27|24|2193488|2713171|2956044|1309657|7.59|30|3.43|171|170|371|5100.0
202406|CNTY_GU|26|46110|41130000|부산|수원시|인계동|1114000000|인계동|1|40|0|1|5|676|82|82|599|38417|8119.0|3850.0|2386.0|1883.0|7522|2895|1919|665758.0|315700.0|195652.0|154406.0|1576150|658530|802882|88096|20|46|23|0|1432748|8986050|4798432|288293|4.61|8|3.54|161|416|409|3328.0
202406|PRVNC|43|11140|41150000|인천|서초구|인계동|2711000000|서초1동|2|20|1|1|3|247|312|312|114|64523|17977.0|12732.0|6916.0|0.0|13766|9912|6451|5608824.0|3972384.0|2157792.0|0.0|1899819|1724832|747993|123256|49|151|92|11|1682503|3627266|2815934|719560|2.27|35|2.92|137|307|269|10745.0
202406|CNTY_GU|11|28110|11200000|인천|강남구|역삼동|1117000000|인계동|1|55|3|2|7|1395|175|175|723|45482|7763.0|4558.0|2063.0|1142.0|5849|3226|1460|1358525.0|797650.0|361025.0|199850.0|251787|955307|522114|155234|46|85|29|12|9599296|19032202|992919|1909409|7.42|0|4.79|15|0|474|0.0
202406|ADM|43|11200|41150000|부산|수원시|인계동|1117000000|서초1동|2|40|0|2|8|924|396|396|498|11658|12175.0|5129.0|3143.0|3903.0|11225|4561|2396|4821300.0|2031084.0|1244628.0|1545588.0|176741|1018225|519329|65742|77|162|78|10|4940672|4270823|1849383|1195940|2.46|49|2.36|13|107|163|5243.0
202406|PRVNC|27|11200|45110000|경기|성남시|역삼동|4113000000|역삼1가|1|30|0|2|1|1808|4|4|478|49665|3562.0|1509.0|1078.0|975.0|2749|1102|1031|14248.0|6036.0|4312.0|3900.0|2942010|1371175|983735|33652|1|2|0|0|8636581|12697607|847596|1066563|5.67|0|2.65|149|0|441|0.0
202406|PRVNC|11|11170|41130000|서울|성남시|인계동|1114000000|역삼1가|2|30|0|2|9|506|416|416|87|81530|37385.0|23170.0|5947.0|8268.0|34246|19090|4369|15552160.0|9638720.0|2473952.0|3439488.0|3219052|1887860|603537|479618|50|189|74|33|7771926|1036168|4904802|307864|4.16|50|2.68|105|193|184|9650.0
202406|CNTY_GU|27|41130|28110000|경기|수원시|역삼동|1111000000|역삼1가|1|25|0|1|4|724|142|142|722|74315|37782.0|11402.0|4218.0|22162.0|30178|8843|3958|5365044.0|1619084.0|598956.0|3147004.0|3643076|2188164|66296|84153|34|58|38|7|4244823|15031653|2127938|668228|6.0|0|3.01|82|0|303|0.0
202406|ADM|41|45110|11170000|부산|강남구|인계동|4113000000|인계동|2|60|2|1|8|1079|159|159|83|12402|34180.0|17240.0|10105.0|6835.0|28064|12533|8585|5434620.0|2741160.0|1606695.0|1086765.0|522559|1232905|729785|259550|32|73|20|7|7819844|12282171|3928097|381802|6.49|9|2.25|36|266|463|2394.0
202406|ADM|44|28110|11110000|대구|강남구|인계동|4511000000|인계동|2|30|0|1|6|765|215|215|422|91953|36888.0|20182.0|14706.0|2000.0|36670|19762|12049|7930920.0|4339130.0|3161790.0|430000.0|1087087|1169040|404296|162967|58|100|45|18|2439332|3555220|1489285|1276238|4.69|16|2.0|17|336|252|5376.0
202406|ADM|47|26110|47110000|경기|성남시|서초동|4115000000|역삼1가|1|30|0|1|5|1722|195|195|818|85834|40838.0|29534.0|13543.0|0.0|29789|24302|11801|7963410.0|5759130.0|2640885.0|0.0|1324511|2179890|549984|226212|51|110|39|14|6556820|14156748|2357925|1021043|6.85|14|4.41|59|308|83|4312.0
202406|CNTY_GU|41|45110|41110000|대구|서초구|서초동|1117000000|인계동|2|65|3|2|5|31|244|244|507|99792|26240.0|12926.0|3233.0|10081.0|24969|11484|2944|6402560.0|3153944.0|788852.0|2459764.0|1943564|1579114|72031|373782|52|105|27|19|9944147|13945638|2283623|318092|3.88|34|3.1|101|88|144|2992.0
202406|CNTY_GU|26|26110|47110000|부산|강남구|인계동|1120000000|역삼1가|2|50|3|1|8|1735|237|237|763|17149|45772.0|23555.0|16286.0|5931.0|40763|22212|15781|10847964.0|5582535.0|3859782.0|1405647.0|4241946|463580|993514|89176|28|106|60|10|2184958|13707644|4414588|1317189|2.18|26|3.66|144|77|171|2002.0
202406|CNTY_GU|26|41150|11140000|서울|서초구|역삼동|4113000000|인계동|1|70|0|2|5|938|197|197|570|54562|0.0|0.0|0.0|0.0|0|0|0|0.0|0.0|0.0|0.0|1880466|2125631|312246|124085|40|93|50|6|8018336|12365504|3239098|1194154|7.8|23|1.76|51|56|274|1288.0
202406|ADM|44|42110|11200000|대구|강남구|서초동|4311000000|인계동|2|30|1|1|9|1849|163|163|266|98726|36120.0|24448.0|5762.0|5910.0|33434|21733|4320|5887560.0|3985024.0|939206.0|963330.0|1017497|856010|738175|98634|18|91|21|0|3879828|15325672|1401483|1657873|4.97|13|2.2|104|473|113|6149.0
202406|CNTY_GU|43|42110|46110000|서울|강남구|역삼동|1117000000|인계동|1|45|2|2|3|1418|451|451|27|20039|24832.0|13444.0|9599.0|1789.0|24363|10535|7550|11199232.0|6063244.0|4329149.0|806839.0|3765519|2485126|829555|443751|92|202|84|5|4601359|15193660|1012375|656086|7.74|59|4.94|67|448|383|26432.0
202406|ADM|44|28110|41150000|대구|성남시|서초동|4211000000|역삼1가|2|55|1|1|8|1780|144|144|765|16433|9636.0|6881.0|1712.0|1043.0|7206|5346|1394|1387584.0|990864.0|246528.0|150192.0|523412|2662885|608908|428988|15|58|28|12|9869560|19696191|705961|590127|4.55|5|1.05|94|32|385|160.0
202406|PRVNC|26|11140|26140000|인천|강남구|인계동|4113000000|역삼1가|1|45|2|1|6|244|402|402|850|42489|37550.0|29249.0|6578.0|1723.0|35010|22051|5362|15095100.0|11758098.0|2644356.0|692646.0|4147468|308769|362270|339671|76|167|67|7|2356722|19062128|1597074|1269927|5.68|45|2.23|165|112|50|5040.0
202406|ADM|46|27110|26140000|경기|성남시|서초동|4711000000|인계동|2|65|3|1|8|1434|146|146|168|78401|44378.0|32730.0|9559.0|2089.0|37271|27817|8161|6479188.0|4778580.0|1395614.0|304994.0|4203803|1728608|647872|134864|21|69|27|8|8297768|4801648|779096|73012|3.09|18|3.16|81|56|203|1008.0
202406|CNTY_GU|46|42110|46110000|서울|강남구|역삼동|4711000000|서초1동|1|25|3|1|3|1789|290|290|184|98959|34237.0|25827.0|6455.0|1955.0|30382|19527|4860|9928730.0|7489830.0|1871950.0|566950.0|4649386|1058024|247052|156871|47|145|82|8|9444294|10117386|1879054|1034408|6.06|3|2.24|6|382|275|1146.0
202406|ADM|27|46110|42110000|서울|성남시|인계동|4611000000|서초1동|1|25|3|2|2|808|384|384|534|87949|11879.0|4990.0|1625.0|5264.0|9497|3924|1413|4561536.0|1916160.0|624000.0|2021376.0|4388063|1846606|939492|437018|54|166|108|9|744533|1277079|2152371|1099179|5.89|16|1.84|128|135|159|2160.0
202406|CNTY_GU|45|41110|26110000|경기|서초구|역삼동|2611000000|서초1동|2|55|2|1|3|1538|6|6|224|12953|26884.0|13631.0|8220.0|5033.0|19483|12482|6581|161304.0|81786.0|49320.0|30198.0|667828|2449749|689783|289094|1|3|1|0|35777|6538223|4805385|598735|7.83|0|4.09|12|0|194|0.0
202406|ADM|27|11140|11170000|인천|강남구|역삼동|2711000000|서초1동|2|70|1|1|3|1261|405|405|392|53683|31623.0|19975.0|9842.0|1806.0|23996|19807|8269|12807315.0|8089875.0|3986010.0|731430.0|3738880|1806526|209655|481989|60|234|81|32|579284|13098005|4889906|374427|4.83|49|4.4|160|401|151|19649.0
202406|ADM|27|41150|11110000|서울|수원시|인계동|2614000000|서초1동|1|60|2|1|6|948|366|366|837|94853|26577.0|10422.0|5980.0|10175.0|26201|9264|5281|9727182.0|3814452.0|2188680.0|3724050.0|776833|2804030|240328|254853|105|199|80|12|3147089|3534120|68859|339120|6.98|54|4.39|166|211|363|11394.0
202406|ADM|42|11110|46110000|부산|강남구|서초동|2614000000|인계동|1|50|1|2|5|1582|466|466|545|58022|22350.0|15280.0|8208.0|0.0|17335|11454|7923|10415100.0|7120480.0|3824928.0|0.0|182458|576319|349800|116498|69|189|103|1|8052819|13896681|1123997|474345|3.18|32|1.02|167|267|247|8544.0
202406|PRVNC|43|41130|11110000|대구|강남구|인계동|4711000000|인계동|1|50|2|1|7|989|196|196|495|22621|15492.0|9667.0|2192.0|3633.0|12358|8591|1596|3036432.0|1894732.0|429632.0|712068.0|2525454|2233413|775142|275602|39|106|34|15|5292162|1623571|3354603|401911|3.6|27|2.58|7|467|433|12609.0
202406|ADM|27|11200|26140000|서울|서초구|인계동|2611000000|인계동|1|40|0|1|10|1810|355|355|621|68198|39980.0|20834.0|10670.0|8476.0|39506|16158|8852|14192900.0|7396070.0|3787850.0|3008980.0|3022485|500748|513585|129590|80|203|49|31|9153395|3507153|1739986|1847023|5.27|39|2.33|173|341|240|13299.0
202406|ADM|43|42110|11140000|부산|성남시|인계동|4111000000|역삼1가|2|50|0|2|10|19|34|34|407|61557|11458.0|8799.0|4233.0|0.0|9110|6958|3957|389572.0|299166.0|143922.0|0.0|2258264|1131791|238061|118199|6|17|9|3|3979359|8001663|3040164|1910121|6.56|0|2.42|32|0|123|0.0
202406|ADM|47|28110|44130000|대구|강남구|역삼동|2611000000|역삼1가|2|45|0|1|6|365|83|83|482|68584|41914.0|16767.0|6286.0|18861.0|37013|16383|4735|3478862.0|1391661.0|521738.0|1565463.0|1511222|1304216|892344|352850|21|33|16|2|6784387|5236780|4107658|997146|2.53|7|4.4|151|236|262|1652.0
202406|ADM|27|42110|41130000|대구|강남구|인계동|4711000000|서초1동|2|50|1|1|1|934|203|203|128|45674|47979.0|19845.0|5135.0|22999.0|41044|14755|4149|9739737.0|4028535.0|1042405.0|4668797.0|1250501|2523237|33979|242726|50|81|20|4|5397365|6175799|2707743|564453|6.12|11|1.59|132|261|51|2871.0
202406|CNTY_GU|27|11140|11110000|대구|강남구|인계동|2811000000|인계동|2|30|2|2|6|984|81|81|886|81966|34950.0|17691.0|5297.0|11962.0|24858|15027|4247|2830950.0|1432971.0|429057.0|968922.0|4635181|2175092|644172|108790|18|32|20|3|9864927|9325809|1676629|798073|5.96|10|1.48|40|496|216|4960.0
202406|ADM|11|27110|44130000|부산|서초구|서초동|4711000000|인계동|2|25|2|2|3|1340|129|129|219|43025|18994.0|11863.0|4233.0|2898.0|18406|10376|3072|2450226.0|1530327.0|546057.0|373842.0|4114166|82049|170432|481619|16|72|25|4|6247353|14317572|131538|559332|2.06|4|4.76|108|266|105|1064.0
202406|PRVNC|11|44130|46110000|서울|성남시|서초동|2711000000|인계동|2|60|2|2|6|1260|230|230|652|46920|19696.0|12238.0|4752.0|2706.0|17822|11191|3405|4530080.0|2814740.0|1092960.0|622380.0|2606538|224775|641917|349336|45|120|59|9|3071013|18056370|2647368|674283|3.34|22|4.43|152|355|408|7810.0
202406|ADM|46|26110|41130000|경기|서초구|역삼동|1120000000|인계동|2|40|3|2|7|915|429|429|691|95598|15167.0|10694.0|4948.0|0.0|11390|7963|3532|6506643.0|4587726.0|2122692.0|0.0|4567696|877745|272155|166785|53|205|118|16|7729762|4629118|1377000|1507639|3.96|42|1.82|90|432|32|18144.0
202406|ADM|43|41150|46110000|서울|강남구|역삼동|4611000000|서초1동|2|60|2|1|4|1763|46|46|57|86777|42040.0|17989.0|15071.0|8980.0|40896|13493|13889|1933840.0|827494.0|693266.0|413080.0|2293760|1786084|640341|15721|8|26|9|3|7994317|15922296|4164532|453709|5.92|1|1.31|171|497|225|497.0
202406|ADM|43|11200|26140000|경기|서초구|인계동|4115000000|역삼1가|1|20|0|1|8|506|258|258|703|68866|21892.0|17429.0|7635.0|0.0|16845|12931|7582|5648136.0|4496682.0|1969830.0|0.0|264689|679765|452272|349641|39|127|59|11|8754692|11591675|3330787|1188102|6.5|22|1.99|62|323|321|7106.0
202406|ADM|43|44130|43110000|대구|서초구|인계동|4311000000|역삼1가|1|40|1|2|1|554|355|355|984|18081|13921.0|5877.0|3919.0|4125.0|11904|4418|3587|4941955.0|2086335.0|1391245.0|1464375.0|3195797|2417668|514178|358582|77|162|87|3|6754836|19685932|3246115|1880153|4.47|51|2.24|161|256|95|13056.0
202406|ADM|26|46110|26140000|서울|서초구|서초동|2614000000|인계동|1|35|1|2|10|490|246|246|694|40265|37906.0|28913.0|6791.0|2202.0|27291|27614|6627|9324876.0|7112598.0|1670586.0|541692.0|952051|2359264|232780|100298|68|107|70|24|7659022|12926572|2959321|1367126|4.71|31|1.11|88|69|148|2139.0
202406|ADM|42|47110|42110000|서울|수원시|서초동|4711000000|역삼1가|2|40|1|2|5|1831|141|141|753|22515|19754.0|12702.0|6739.0|313.0|18716|11153|6147|2785314.0|1790982.0|950199.0|44133.0|2629711|2651920|647400|467358|38|72|41|4|5829944|6782469|1889412|945666|3.6|4|1.33|82|320|471|1280.0
202406|ADM|46|46110|11200000|인천|수원시|역삼동|1120000000|역삼1가|1|40|2|1|9|1180|24|24|635|14340|41753.0|30619.0|12200.0|0.0|30075|24130|8979|1002072.0|734856.0|292800.0|0.0|1767401|445905|180769|287195|2|12|6|1|1395919|5497749|2295057|767778|7.02|0|2.36|47|0|464|0.0
202406|ADM|46|26110|11110000|서울|서초구|역삼동|4111000000|역삼1가|1|35|3|2|9|393|337|337|256|86877|14684.0|7058.0|2691.0|4935.0|13068|5417|2212|4948508.0|2378546.0|906867.0|1663095.0|23896|1276306|204542|294222|82|143|50|8|4269449|11727496|458240|818835|6.07|30|2.1|152|252|182|7560.0
202406|CNTY_GU|11|26140|41150000|경기|수원시|인계동|1117000000|역삼1가|2|50|1|1|5|1259|159|159|48|64454|31873.0|9920.0|3445.0|18508.0|26992|7193|3278|5067807.0|1577280.0|547755.0|2942772.0|4691646|2662600|361278|51656|30|90|26|11|4055689|4780643|2465506|1269096|2.19|4|2.56|90|106|345|424.0
202406|ADM|27|42110|26110000|인천|서초구|인계동|4113000000|서초1동|2|65|0|2|2|1085|485|485|148|90025|44060.0|20669.0|9549.0|13842.0|34137|14519|7483|21369100.0|10024465.0|4631265.0|6713370.0|2931230|2139410|248973|337538|60|288|101|13|9082307|9084605|2508028|1266700|6.27|56|4.52|169|168|352|9408.0
202406|CNTY_GU|42|41110|41150000|대구|수원시|역삼동|2611000000|인계동|2|70|2|2|2|1990|138|138|16|29110|10246.0|6806.0|1165.0|2275.0|9824|4883|999|1413948.0|939228.0|160770.0|313950.0|1331935|501579|306117|15920|31|63|25|5|6645464|11151229|2431692|1069482|2.8|17|1.03|62|435|55|7395.0
202406|PRVNC|42|27110|41110000|서울|서초구|역삼동|1111000000|서초1동|1|45|3|2|2|1223|38|38|427|77637|15142.0|10219.0|2659.0|2264.0|14484|8790|2214|575396.0|388322.0|101042.0|86032.0|2722123|809444|482990|105735|5|17|7|3|3898924|6694715|388040|1579546|4.26|0|3.72|5|0|486|0.0
202406|ADM|11|11110|41130000|경기|수원시|인계동|2811000000|서초1동|2|70|1|2|4|928|255|255|340|27399|7362.0|4893.0|1362.0|1107.0|6155|4418|1224|1877310.0|1247715.0|347310.0|282285.0|3293597|99535|1643|310695|48|149|62|21|4221974|16970788|3442263|1058315|7.95|15|4.84|51|370|316|5550.0
202406|CNTY_GU|11|11170|11200000|부산|성남시|역삼동|4413000000|역삼1가|1|35|1|1|1|1111|428|428|185|16494|38238.0|26478.0|7290.0|4470.0|29927|19688|6979|16365864.0|11332584.0|3120120.0|1913160.0|3197635|2411533|810591|340265|50|247|55|15|220513|3606603|3999366|1224108|6.9|18|3.43|106|111|487|1998.0
202406|CNTY_GU|47|46110|42110000|부산|서초구|인계동|2711000000|역삼1가|1|30|0|1|9|1624|469|469|843|35468|5141.0|2309.0|1206.0|1626.0|4577|2102|1181|2411129.0|1082921.0|565614.0|762594.0|4216764|345393|39764|301403|82|266|68|5|3275522|6744179|2656135|1131121|2.7|3|3.98|138|175|153|525.0
202406|ADM|42|11110|11110000|인천|수원시|역삼동|4311000000|역삼1가|2|40|1|1|10|124|167|167|903|74688|31722.0|24566.0|9116.0|0.0|25532|22618|8481|5297574.0|4102522.0|1522372.0|0.0|2681046|2663797|813561|267340|39|80|27|13|8129917|5343703|2243965|137373|6.06|14|2.72|103|390|222|5460.0
202406|ADM|45|45110|47110000|대구|서초구|역삼동|1117000000|서초1동|1|20|1|1|1|1760|77|77|509|60203|42638.0|23501.0|7603.0|11534.0|32518|19420|7343|3283126.0|1809577.0|585431.0|888118.0|3552196|1796599|434180|196867|9|32|10|3|9985113|8863525|2815143|627811|2.7|9|2.19|166|450|53|4050.0
202406|ADM|44|11170|42110000|인천|성남시|인계동|1120000000|역삼1가|1|30|0|1|6|761|342|342|752|31354|33061.0|20939.0|10516.0|1606.0|31093|18374|9060|11306862.0|7161138.0|3596472.0|549252.0|2240659|1451547|418331|339340|82|179|41|29|3089517|6706231|1354356|1725934|8.0|29|1.62|59|175|156|5075.0
202406|ADM|26|27110|41150000|경기|강남구|역삼동|4113000000|서초1동|1|50|1|2|8|168|274|274|47|91392|39016.0|23184.0|5470.0|10362.0|29895|22676|3934|10690384.0|6352416.0|1498780.0|2839188.0|8516|2718576|557846|134670|58|116|29|22|2638776|1573564|1412300|626335|3.31|33|3.91|36|337|458|11121.0
202406|ADM|42|47110|11140000|경기|성남시|서초동|1114000000|인계동|2|60|1|1|2|1705|391|391|769|87483|31495.0|24164.0|7819.0|0.0|27425|19129|6529|12314545.0|9448124.0|3057229.0|0.0|1657207|2167966|123220|109100|62|198|102|11|4491844|5439662|4345627|1745704|7.95|41|1.57|36|300|398|12300.0
202406|ADM|45|11170|11200000|부산|성남시|서초동|2811000000|서초1동|1|20|0|2|2|1970|138|138|367|10973|31086.0|13460.0|10152.0|7474.0|25804|9854|8789|4289868.0|1857480.0|1400976.0|1031412.0|4357982|2651751|766732|350605|25|63|16|5|9098150|17221532|1160188|1696984|5.17|20|2.61|17|159|300|3180.0
202406|ADM|47|26110|41130000|서울|강남구|인계동|1117000000|역삼1가|1|20|1|1|2|806|401|401|8|37833|31351.0|17336.0|9413.0|4602.0|26460|12596|9265|12571751.0|6951736.0|3774613.0|1845402.0|4153282|1506089|669482|21565|79|213|103|37|9057844|7247104|2083396|1272716|5.83|57|3.19|23|95|341|5415.0
202406|CNTY_GU|45|11110|26140000|서울|수원시|역삼동|2611000000|역삼1가|2|60|0|1|2|964|414|414|237|99757|23498.0|9869.0|3504.0|10125.0|16476|7939|2699|9728172.0|4085766.0|1450656.0|4191750.0|2570613|313016|736542|380157|73|211|49|19|612515|6221553|1488995|1900948|2.75|19|2.33|165|426|14|8094.0
202406|ADM|46|28110|46110000|대구|수원시|인계동|4115000000|서초1동|2|60|2|1|2|1970|416|416|226|57310|7270.0|5722.0|786.0|762.0|6863|4117|751|3024320.0|2380352.0|326976.0|316992.0|3117148|782462|872149|447825|80|192|60|16|8070053|6209492|2977762|1138535|2.4|16|1.8|50|229|461|3664.0
202406|ADM|27|28110|41130000|경기|강남구|서초동|1117000000|역삼1가|2|55|3|1|1|1581|117|117|752|85994|32240.0|15989.0|10882.0|5369.0|23221|14004|8060|3772080.0|1870713.0|1273194.0|628173.0|1463524|2971074|672576|343525|23|65|34|2|1887404|16518186|3752331|464943|6.3|9|3.96|12|125|67|1125.0
202406|CNTY_GU|26|41110|27110000|부산|수원시|역삼동|1120000000|서초1동|1|40|2|1|8|1704|248|248|689|36269|1873.0|1390.0|422.0|61.0|1828|1262|393|464504.0|344720.0|104656.0|15128.0|2580000|772516|345484|232594|38|106|67|7|2455546|968288|4652042|1358365|2.39|17|1.01|50|259|361|4403.0
202406|PRVNC|26|11170|45110000|서울|강남구|서초동|4111000000|인계동|2|30|0|1|7|1647|206|206|695|36655|34834.0|10769.0|12260.0|11805.0|29063|7829|9897|7175804.0|2218414.0|2525560.0|2431830.0|3519853|315226|21779|378943|44|115|28|11|8533080|4791275|872667|1585702|7.77|18|1.99|106|405|123|7290.0
202406|CNTY_GU|44|43110|11200000|인천|성남시|서초동|1117000000|역삼1가|2|45|0|1|5|1278|296|296|741|43466|20436.0|12255.0|2997.0|5184.0|15109|10428|2746|6049056.0|3627480.0|887112.0|1534464.0|2634193|261549|786513|248984|52|150|55|16|7568652|17669858|3125153|584397|2.83|24|4.75|107|80|47|1920.0
202406|CNTY_GU|44|26140|11140000|인천|수원시|역삼동|4211000000|역삼1가|1|60|2|2|3|1871|366|366|507|73508|8302.0|6026.0|2090.0|186.0|5845|5573|1700|3038532.0|2205516.0|764940.0|68076.0|806316|1935480|336089|286645|85|206|90|34|1235273|7931965|1821588|1513503|7.53|16|3.0|20|161|348|2576.0
202406|CNTY_GU|47|27110|11140000|부산|수원시|서초동|4413000000|인계동|1|35|2|1|8|618|431|431|481|30340|30244.0|11231.0|7451.0|11562.0|27705|10188|6975|13035164.0|4840561.0|3211381.0|4983222.0|4052960|401786|247142|16769|100|185|110|41|3773681|17847196|3575235|265211|7.61|29|2.72|170|84|243|2436.0
202406|ADM|43|44130|26110000|서울|수원시|인계동|4111000000|인계동|2|70|0|1|5|280|264|264|181|90412|6619.0|3124.0|1744.0|1751.0|4780|2307|1617|1747416.0|824736.0|460416.0|462264.0|2844845|2785893|57709|56640|49|118|55|13|9011271|13545407|3340582|766828|6.86|0|1.08|13|0|402|0.0
202406|CNTY_GU|27|45110|41150000|부산|서초구|인계동|2611000000|역삼1가|1|65|0|1|6|880|356|356|603|81180|23261.0|14965.0|3444.0|4852.0|22683|12744|2481|8280916.0|5327540.0|1226064.0|1727312.0|958507|2796860|298561|71649|87|159|47|32|554376|18037320|4087510|810887|7.01|21|4.25|11|89|221|1869.0
202406|ADM|45|11110|27110000|경기|성남시|서초동|4111000000|서초1동|1|20|3|1|10|1249|315|315|471|60895|9703.0|3229.0|2782.0|3692.0|9563|2431|2040|3056445.0|1017135.0|876330.0|1162980.0|1041320|1429712|691305|106334|62|161|51|25|4709426|1286760|3616147|807754|2.18|22|4.78|71|118|313|2596.0
202406|ADM|46|42110|46110000|경기|성남시|서초동|2711000000|인계동|2|65|0|2|4|1828|373|373|109|37830|0.0|0.0|0.0|0.0|0|0|0|0.0|0.0|0.0|0.0|2909644|744778|839257|471735|70|180|75|35|7929444|8112757|1208225|1063408|6.9|25|4.56|111|35|118|875.0
202406|ADM|47|28110|26140000|대구|강남구|서초동|1120000000|인계동|2|55|0|1|2|302|356|356|233|52318|27930.0|9431.0|4712.0|13787.0|19573|7344|3802|9943080.0|3357436.0|1677472.0|4908172.0|4328414|2355868|231259|487909|98|195|96|25|3516673|1328103|3438316|1622562|4.62|10|2.61|73|249|285|2490.0
202406|CNTY_GU|43|28110|41150000|부산|수원시|서초동|1114000000|서초1동|1|50|3|2|1|705|421|421|799|51566|2878.0|1691.0|675.0|512.0|2159|1521|618|1211638.0|711911.0|284175.0|215552.0|2745165|1171874|155435|13679|68|249|96|38|3586081|19738039|2185230|1236517|3.31|19|2.41|99|92|383|1748.0
202406|ADM|41|11200|41150000|부산|강남구|서초동|4311000000|서초1동|2|25|0|1|6|1839|30|30|271|87573|16049.0|6679.0|4579.0|4791.0|11638|4877|4373|481470.0|200370.0|137370.0|143730.0|3650483|1939004|352954|370688|4|17|4|0|2566028|14789251|3999059|116429|7.22|3|2.92|152|30|416|90.0
202406|CNTY_GU|42|42110|11200000|부산|서초구|역삼동|2711000000|역삼1가|2|70|1|2|2|831|393|393|728|26674|0.0|0.0|0.0|0.0|0|0|0|0.0|0.0|0.0|0.0|231824|2877099|876791|414746|39|194|70|23|3142190|15827830|3661972|1587600|6.7|45|3.91|173|89|473|4005.0
202406|CNTY_GU|26|41110|42110000|대구|서초구|역삼동|2614000000|인계동|1|70|1|1|4|1503|434|434|981|23410|45797.0|23181.0|9534.0|13082.0|39008|20658|7725|19875898.0|10060554.0|4137756.0|5677588.0|4595388|456568|804169|328938|78|201|74|25|9317613|11507320|4301569|538211|6.61|23|3.07|145|387|154|8901.0
202406|ADM|43|26110|44130000|서울|성남시|인계동|4111000000|서초1동|1|60|3|1|6|970|374|374|205|83070|40297.0|31766.0|13678.0|0.0|37743|29794|11019|15071078.0|11880484.0|5115572.0|0.0|2142946|2320886|960481|188503|72|196|57|3|9464834|7668926|2115182|521922|5.36|54|4.17|79|184|209|9936.0
202406|CNTY_GU|47|11110|28110000|대구|서초구|서초동|4115000000|서초1동|2|55|1|1|10|555|273|273|527|16333|17689.0|13317.0|5735.0|0.0|16617|12820|4562|4829097.0|3635541.0|1565655.0|0.0|1288462|1632259|551862|75427|32|148|47|26|8775793|13891494|3172414|1706173|7.42|29|2.37|11|103|311|2987.0
202406|ADM|41|44130|28110000|서울|서초구|서초동|4115000000|역삼1가|2|25|1|2|4|1772|178|178|348|86717|42836.0|19172.0|4602.0|19062.0|35710|13787|3668|7624808.0|3412616.0|819156.0|3393036.0|2709774|2042320|885922|39609|50|106|29|9|7467030|16591739|4918815|1317595|2.26|5|2.77|179|56|215|280.0
202406|CNTY_GU|46|47110|44130000|서울|서초구|역삼동|4111000000|서초1동|2|40|0|1|1|731|462|462|46|71496|17550.0|7342.0|5330.0|4878.0|15342|6182|4083|8108100.0|3392004.0|2462460.0|2253636.0|770998|1834867|43962|488972|91|230|72|12|9576898|12063493|2691000|1034780|5.88|7|4.35|11|376|184|2632.0
202406|ADM|47|26140|42110000|부산|강남구|서초동|1111000000|서초1동|2|20|2|1|1|211|407|407|820|58265|2864.0|1231.0|1095.0|538.0|2107|1075|1014|1165648.0|501017.0|445665.0|218966.0|3085289|428482|328191|44611|88|239|81|21|7066971|6878720|255403|1143807|3.3|58|3.2|37|258|271|14964.0
202406|ADM|11|41150|27110000|경기|강남구|인계동|4111000000|인계동|1|25|1|1|6|97|272|272|786|69616|14197.0|11097.0|3772.0|0.0|12369|8699|3415|3861584.0|3018384.0|1025984.0|0.0|2268586|640584|349615|39241|45|127|69|10|9686052|6237430|939173|725838|5.06|12|2.6|153|403|352|4836.0
202406|PRVNC|43|26110|46110000|대구|수원시|역삼동|4511000000|인계동|1|30|2|1|3|1539|363|363|228|86900|5590.0|3082.0|1166.0|1342.0|4859|2881|935|2029170.0|1118766.0|423258.0|487146.0|2702062|1628755|604685|169340|66|166|60|16|9186674|1301023|3697295|710157|6.94|6|2.39|114|124|436|744.0
202406|PRVNC|26|11110|26140000|부산|성남시|인계동|1120000000|인계동|1|40|2|1|3|105|186|186|340|28464|19531.0|12922.0|2610.0|3999.0|15271|11937|2272|3632766.0|2403492.0|485460.0|743814.0|1184070|754820|717177|447934|37|104|27|7|8784387|6996904|4088664|1764944|6.24|13|1.33|48|448|208|5824.0
202406|CNTY_GU|27|11170|42110000|부산|서초구|역삼동|1111000000|서초1동|1|25|0|1|6|613|405|405|809|31160|34990.0|10981.0|6320.0|17689.0|32019|10773|5680|14170950.0|4447305.0|2559600.0|7164045.0|1266335|2180806|97407|142659|107|224|66|33|3009350|5462401|3652014|1794950|2.06|31|2.49|158|470|356|14570.0
202406|CNTY_GU|45|27110|41150000|인천|수원시|인계동|1120000000|인계동|2|70|1|1|10|1836|101|101|66|64330|17530.0|13192.0|5337.0|0.0|15447|10840|3785|1770530.0|1332392.0|539037.0|0.0|393350|1899015|802460|194857|28|44|20|7|9287411|6500047|449931|1529658|5.74|3|2.27|140|497|358|1491.0
202406|CNTY_GU|44|27110|42110000|대구|강남구|인계동|1117000000|인계동|1|35|1|2|9|1627|345|345|805|13824|0.0|0.0|0.0|0.0|0|0|0|0.0|0.0|0.0|0.0|34974|2573964|689996|98856|69|184|55|20|3786037|16036914|1141293|373734|6.75|8|1.55|97|77|405|616.0
202406|CNTY_GU|43|11110|46110000|대구|성남시|서초동|1117000000|서초1동|2|70|0|2|2|988|273|273|207|10753|35296.0|17208.0|12180.0|5908.0|29373|16275|9726|9635808.0|4697784.0|3325140.0|1612884.0|2693160|1812738|136492|202913|36|113|75|13|4569842|14764790|971628|130319|2.62|3|3.4|166|217|496|651.0
202406|CNTY_GU|27|41110|45110000|대구|강남구|역삼동|4413000000|인계동|2|60|2|1|9|1277|193|193|424|42954|49216.0|15682.0|8819.0|24715.0|36387|12458|6348|9498688.0|3026626.0|1702067.0|4769995.0|2126711|1160097|118590|199089|39|88|41|14|9107318|17113252|3955116|349614|4.9|1|4.19|6|188|176|188.0
202406|ADM|42|11200|41130000|인천|성남시|역삼동|1117000000|서초1동|1|30|3|2|2|1911|456|456|905|75756|27607.0|11305.0|10906.0|5396.0|22948|11158|8515|12588792.0|5155080.0|4973136.0|2460576.0|1920710|981481|250683|159304|114|270|88|7|6147138|14778575|950141|1294952|5.81|58|4.95|177|255|318|14790.0
202406|ADM|43|28110|41130000|부산|서초구|역삼동|1120000000|인계동|1|60|1|1|3|1550|402|402|824|75617|26067.0|13492.0|5608.0|6967.0|22844|10679|4220|10478934.0|5423784.0|2254416.0|2800734.0|236800|119803|649243|89594|78|196|109|9|6300510|19291032|2993351|1408699|4.1|22|1.45|157|341|213|7502.0
202406|ADM|47|41110|26140000|서울|서초구|서초동|4511000000|서초1동|1|60|0|2|8|225|209|209|361|79430|39046.0|30967.0|5770.0|2309.0|30514|29398|5429|8160614.0|6472103.0|1205930.0|482581.0|2884614|1579365|803602|47723|52|89|25|8|8442154|16297378|4343459|1957868|7.62|23|3.77|12|362|418|8326.0
202406|ADM|43|41110|46110000|서울|성남시|서초동|4413000000|인계동|2|55|1|1|4|375|299|299|507|16927|28625.0|15026.0|3715.0|9884.0|21739|11539|2938|8558875.0|4492774.0|1110785.0|2955316.0|25488|1460771|866769|197317|69|150|89|1|4591653|3668077|1621392|1047723|3.25|22|2.11|170|146|17|3212.0
202406|ADM|44|26110|11110000|부산|수원시|인계동|2614000000|역삼1가|1|25|3|2|10|528|63|63|22|49130|40416.0|16456.0|11315.0|12645.0|32471|14303|8926|2546208.0|1036728.0|712845.0|796635.0|4276379|2222015|553639|77215|11|31|18|3|1087116|6324053|985552|1794302|2.54|9|4.64|128|58|153|522.0
202406|ADM|45|44130|41110000|서울|서초구|역삼동|2811000000|인계동|1|55|0|2|4|1164|288|288|979|35651|25747.0|17259.0|7393.0|1095.0|18067|13679|5488|7415136.0|4970592.0|2129184.0|315360.0|3138911|733518|953151|234684|47|151|66|6|332801|6891367|915327|226353|6.62|41|2.37|128|184|1|7544.0
202406|ADM|44|26110|44130000|부산|강남구|인계동|4413000000|서초1동|2|60|1|2|6|1644|12|12|967|79979|16028.0|10518.0|2764.0|2746.0|15928|10400|2509|192336.0|126216.0|33168.0|32952.0|573997|1160759|801370|142398|2|4|3|1|8464798|2165817|3617307|967983|2.49|0|2.38|102|0|282|0.0
202406|ADM|11|27110|27110000|서울|서초구|인계동|4311000000|서초1동|2|60|1|2|10|1198|326|326|327|48289|38917.0|18150.0|13643.0|7124.0|28409|14619|13205|12686942.0|5916900.0|4447618.0|2322424.0|2860989|969016|444008|353064|51|158|33|27|6461848|6765020|3090103|887686|3.69|35|4.8|36|237|278|8295.0
202406|ADM|43|42110|41130000|경기|서초구|역삼동|4311000000|인계동|2|35|2|1|5|866|221|221|268|54592|41389.0|31369.0|13630.0|0.0|39268|27638|12869|9146969.0|6932549.0|3012230.0|0.0|3548920|844321|668768|78789|22|91|46|2|8748145|18820553|4150927|1538735|4.04|27|4.56|12|262|423|7074.0
202406|ADM|45|43110|45110000|경기|강남구|서초동|4311000000|역삼1가|2|65|3|2|1|1285|276|276|106|17161|44812.0|27281.0|15507.0|2024.0|37448|19432|12681|12368112.0|7529556.0|4279932.0|558624.0|3442721|2760480|307487|53034|62|158|27|2|6503524|17114023|2411493|1608383|3.58|9|3.33|8|235|52|2115.0
202406|ADM|47|28110|28110000|서울|수원시|인계동|2811000000|인계동|2|50|2|1|1|439|455|455|315|63034|0.0|0.0|0.0|0.0|0|0|0|0.0|0.0|0.0|0.0|3986548|2502313|15344|364277|128|259|130|1|1086366|17681287|3045975|363587|2.19|24|4.37|143|386|248|9264.0
202406|CNTY_GU|26|27110|41150000|부산|성남시|인계동|4113000000|서초1동|1|55|1|2|7|1279|132|132|55|20772|19490.0|6299.0|3919.0|9272.0|19103|5472|3088|2572680.0|831468.0|517308.0|1223904.0|3769307|2065680|433103|169194|32|64|13|4|1560823|16117813|2833551|1159879|5.25|11|3.27|16|270|478|2970.0
202406|ADM|43|28110|26110000|부산|성남시|서초동|4111000000|역삼1가|1|40|0|1|3|1287|62|62|132|65078|42979.0|13530.0|8497.0|20952.0|32414|12008|8171|2664698.0|838860.0|526814.0|1299024.0|386974|2200523|971363|113852|9|25|9|5|1916044|7656566|1577537|687026|7.02|8|4.42|5|128|380|1024.0
202406|ADM|45|43110|11110000|인천|서초구|인계동|1114000000|역삼1가|1|40|0|1|8|490|347|347|987|36650|46141.0|30375.0|8708.0|7058.0|33679|29813|6332|16010927.0|10540125.0|3021676.0|2449126.0|3006358|2640835|322119|220876|69|196|46|16|8254139|8257556|3929831|461500|4.93|48|2.9|107|33|262|1584.0
202406|ADM|42|46110|11110000|경기|성남시|인계동|4111000000|인계동|1|60|1|1|9|1322|345|345|403|31551|18988.0|13351.0|6340.0|0.0|16207|11299|5049|6550860.0|4606095.0|2187300.0|0.0|3015255|726856|102983|37546|58|173|37|13|6176867|2382316|1418606|29789|4.34|38|4.55|123|126|97|4788.0
202406|ADM|43|45110|26140000|대구|수원시|인계동|4113000000|인계동|2|45|0|2|5|208|385|385|69|14139|19848.0|8833.0|7746.0|3269.0|16329|6518|7454|7641480.0|3400705.0|2982210.0|1258565.0|2531418|540181|895132|279463|107|160|84|37|7062174|14853890|577725|169511|2.59|16|3.9|153|455|220|7280.0
202406|PRVNC|27|43110|27110000|서울|서초구|서초동|4711000000|서초1동|1|60|3|1|10|1463|350|350|818|70991|35144.0|16439.0|13144.0|5561.0|28097|11716|10717|12300400.0|5753650.0|4600400.0|1946350.0|498635|2071392|422408|136977|84|163|91|4|1668903|6177597|2128520|217680|2.6|5|1.78|29|329|193|1645.0
202406|ADM|44|11110|27110000|부산|서초구|서초동|4711000000|인계동|1|65|1|2|1|140|440|440|712|71096|21824.0|15601.0|8615.0|0.0|21143|11401|8116|9602560.0|6864440.0|3790600.0|0.0|775884|550147|336746|109047|120|201|57|42|8472957|1799104|4018837|1269288|4.05|14|3.54|134|58|173|812.0
202406|ADM|47|26110|44130000|인천|강남구|서초동|2614000000|역삼1가|1|35|1|1|8|453|257|257|311|24072|26262.0|17114.0|7580.0|1568.0|22571|11993|6301|6749334.0|4398298.0|1948060.0|402976.0|4192547|2611779|374169|366482|58|121|32|11|765115|18991849|1679585|1728919|3.37|1|1.44|72|255|131|255.0
202406|ADM|41|41110|43110000|부산|성남시|서초동|1111000000|서초1동|2|20|1|1|5|698|44|44|961|54643|15685.0|8318.0|4641.0|2726.0|11545|8273|3557|690140.0|365992.0|204204.0|119944.0|3574118|1704501|252094|269482|8|24|12|0|1883059|16205259|4377654|1572536|2.07|1|1.27|18|411|225|411.0
202406|CNTY_GU|44|26140|28110000|인천|서초구|역삼동|4511000000|서초1동|2|30|1|2|10|912|417|417|570|44173|10119.0|6260.0|2742.0|1117.0|10078|4742|2021|4219623.0|2610420.0|1143414.0|465789.0|2570095|861153|748553|92845|105|219|58|14|2938412|9090772|3689889|482031|5.35|43|2.94|92|335|422|14405.0
202406|ADM|47|11200|11110000|경기|강남구|인계동|4711000000|인계동|2|45|0|2|9|448|334|334|606|94390|35420.0|16810.0|5232.0|13378.0|33229|15735|4452|11830280.0|5614540.0|1747488.0|4468252.0|1449610|1403728|105293|486600|72|150|59|30|46128|6247839|464015|1634060|3.08|43|3.82|150|348|21|14964.0
202406|ADM|41|27110|11170000|경기|서초구|서초동|1114000000|역삼1가|2|25|2|2|5|175|467|467|965|28405|5834.0|2251.0|1995.0|1588.0|4690|1771|1751|2724478.0|1051217.0|931665.0|741596.0|1867178|939381|670656|100936|122|220|111|0|4244511|16394751|3993226|281086|3.83|25|1.67|150|427|322|10675.0
202406|CNTY_GU|11|44130|44130000|경기|서초구|역삼동|2711000000|서초1동|2|30|1|1|9|15|425|425|392|89519|41693.0|30924.0|13876.0|0.0|36945|27349|12291|17719525.0|13142700.0|5897300.0|0.0|1795312|533747|289686|127001|63|249|49|21|8871533|16684563|2209661|1737945|7.13|29|2.06|100|88|113|2552.0
202406|ADM|43|11140|47110000|부산|수원시|인계동|2614000000|서초1동|1|35|2|1|7|137|45|45|180|53796|41982.0|12713.0|7187.0|22082.0|39249|9221|6501|1889190.0|572085.0|323415.0|993690.0|3268637|987619|500944|291484|12|25|6|4|6942744|11701732|168962|1204070|2.38|1|3.65|97|37|116|37.0
202406|ADM|45|11170|46110000|대구|수원시|인계동|4115000000|인계동|2|40|1|1|5|1513|76|76|255|94518|38542.0|24073.0|11274.0|3195.0|34310|23575|10099|2929192.0|1829548.0|856824.0|242820.0|4809105|755831|836242|40788|10|31|16|6|4005125|19692923|556631|1593824|3.55|10|3.76|33|341|402|3410.0
202406|ADM|27|28110|11200000|부산|서초구|역삼동|4511000000|서초1동|2|35|0|1|1|1805|368|368|899|52268|7834.0|5824.0|1649.0|361.0|5637|4521|1614|2882912.0|2143232.0|606832.0|132848.0|2415416|2563050|604840|130323|65|162|104|36|3651860|6617381|3432015|673586|5.31|24|2.97|121|194|461|4656.0
202406|PRVNC|46|47110|28110000|대구|강남구|인계동|4711000000|인계동|2|60|1|1|6|65|76|76|923|52907|39907.0|31343.0|14111.0|0.0|31359|29017|12050|3032932.0|2382068.0|1072436.0|0.0|2761754|1266368|830863|486607|10|37|20|1|8238050|6471273|2752766|1584984|2.57|5|4.98|56|174|416|870.0
202406|ADM|43|26110|41110000|부산|수원시|역삼동|4211000000|역삼1가|2|35|0|1|2|907|85|85|315|88490|31361.0|12119.0|12072.0|7170.0|23711|9490|8847|2665685.0|1030115.0|1026120.0|609450.0|1687193|1519797|120806|208622|15|47|12|1|6123370|14820308|3456062|386446|7.19|11|3.33|134|410|180|4510.0
202406|CNTY_GU|26|44130|41130000|경기|강남구|인계동|4115000000|역삼1가|1|50|0|2|1|1649|57|57|496|87258|26956.0|18217.0|4434.0|4305.0|23788|14118|3231|1536492.0|1038369.0|252738.0|245385.0|2581198|2413136|32511|223453|8|32|8|0|9910788|7878063|2918766|1180818|4.51|8|2.02|27|38|352|304.0
202406|ADM|43|11170|26110000|부산|성남시|역삼동|1111000000|서초1동|2|45|3|1|9|936|163|163|901|90714|20338.0|8315.0|7233.0|4790.0|17764|6284|5921|3315094.0|1355345.0|1178979.0|780770.0|760791|1005142|528194|493661|38|69|38|4|1009642|7645918|4424702|185444|3.12|20|3.48|29|306|304|6120.0
202406|PRVNC|43|11200|41130000|부산|서초구|서초동|2711000000|서초1동|1|25|1|1|2|16|473|473|442|19183|40253.0|31271.0|11398.0|0.0|39056|23521|10780|19039669.0|14791183.0|5391254.0|0.0|4955479|980318|338659|376863|85|254|67|12|3322162|17899940|2238751|1890100|4.26|44|4.74|43|129|199|5676.0
202406|ADM|44|41150|41110000|서울|수원시|서초동|1111000000|서초1동|2|50|3|1|3|1672|48|48|391|89554|33215.0|12172.0|3888.0|17155.0|31113|10537|3484|1594320.0|584256.0|186624.0|823440.0|2351816|2877498|986314|466538|5|22|12|1|9548419|11218886|2613171|1980333|5.92|6|1.15|94|358|123|2148.0
202406|CNTY_GU|27|11170|27110000|경기|강남구|서초동|2611000000|역삼1가|1|50|1|1|10|952|372|372|212|29081|11087.0|8862.0|4269.0|0.0|10971|6484|3409|4124364.0|3296664.0|1588068.0|0.0|2563471|865608|982455|195295|71|163|88|8|8775641|345524|2501268|627608|6.4|10|2.28|129|303|350|3030.0
202406|ADM|41|41130|26110000|부산|수원시|서초동|4311000000|서초1동|2|50|1|1|5|129|4|4|123|87978|34557.0|12882.0|8327.0|13348.0|32178|10272|8030|138228.0|51528.0|33308.0|53392.0|1742299|1083353|687343|261525|1|1|0|0|3322862|7937917|2294809|1829064|7.47|0|1.74|144|0|363|0.0
202406|CNTY_GU|46|11140|41150000|대구|강남구|서초동|4211000000|역삼1가|2|40|0|2|2|1108|106|106|874|54904|19905.0|13651.0|2459.0|3795.0|17769|13039|1946|2109930.0|1447006.0|260654.0|402270.0|4666441|361918|581356|71195|17|45|22|0|438351|8713059|2334659|1680856|4.55|4|1.08|125|331|201|1324.0
202406|ADM|26|44130|27110000|경기|강남구|인계동|1120000000|서초1동|1|60|2|1|8|559|250|250|733|59818|13909.0|4240.0|2646.0|7023.0|12801|3618|2022|3477250.0|1060000.0|661500.0|1755750.0|232011|1896272|202061|459849|29|132|59|21|6921494|1983086|502293|303836|4.42|26|3.52|167|141|247|3666.0
202406|ADM|42|26110|41110000|대구|강남구|역삼동|1120000000|인계동|2|55|0|2|6|105|271|271|432|71164|19012.0|13181.0|1995.0|3836.0|18558|11279|1541|5152252.0|3572051.0|540645.0|1039556.0|3583787|1217276|712059|113860|39|117|33|16|5725659|11776054|1677056|1616167|2.21|20|4.86|68|144|252|2880.0
202406|ADM|27|45110|41110000|부산|성남시|인계동|4311000000|서초1동|2|30|0|1|2|293|33|33|147|12242|49881.0|34336.0|16204.0|0.0|44240|24388|14211|1646073.0|1133088.0|534732.0|0.0|2480376|2203344|522480|109959|4|18|7|0|6620259|8593824|3183928|704029|4.24|1|2.13|47|302|379|302.0
202406|CNTY_GU|44|41110|41150000|서울|수원시|인계동|2614000000|서초1동|2|65|0|2|10|1610|257|257|71|61793|40062.0|12270.0|6357.0|21435.0|33108|11835|5675|10295934.0|3153390.0|1633749.0|5508795.0|599425|1642132|109811|17644|26|125|35|13|2537164|8318908|2237207|1081197|2.48|3|3.83|121|328|317|984.0
202406|ADM|44|41110|28110000|인천|강남구|역삼동|2614000000|역삼1가|1|45|0|2|2|210|357|357|756|62481|32385.0|13497.0|10967.0|7921.0|24797|9884|10551|11561445.0|4818429.0|3915219.0|2827797.0|904953|46452|572956|357412|93|152|89|6|179640|3743066|1104645|108396|2.75|24|4.2|109|331|250|7944.0
202406|CNTY_GU|42|11170|26140000|서울|성남시|서초동|1117000000|인계동|2|60|0|2|8|1234|406|406|388|30934|32711.0|23239.0|3960.0|5512.0|29465|21445|2988|13280666.0|9435034.0|1607760.0|2237872.0|2712250|2280879|804999|20032|98|220|93|15|788135|2934187|579052|1246008|6.33|5|1.56|102|64|100|320.0
202406|ADM|26|43110|43110000|서울|서초구|서초동|4211000000|서초1동|1|40|0|2|3|100|230|230|858|52228|19375.0|14739.0|2485.0|2151.0|13672|12500|2249|4456250.0|3389970.0|571550.0|494730.0|542400|2274815|789102|344040|39|137|49|0|2870293|12638308|1269198|982492|6.7|7|1.47|179|462|163|3234.0
202406|PRVNC|46|42110|11170000|서울|성남시|인계동|2614000000|역삼1가|2|60|2|2|3|1932|296|296|165|15692|3253.0|1138.0|947.0|1168.0|2353|861|674|962888.0|336848.0|280312.0|345728.0|2002432|851372|454428|35031|30|177|33|13|9422131|4985708|1652045|1162872|7.09|17|4.81|144|110|255|1870.0
202406|ADM|45|41150|11200000|부산|성남시|서초동|1114000000|서초1동|1|30|0|1|5|593|98|98|353|81656|17962.0|9507.0|3868.0|4587.0|16603|8481|3022|1760276.0|931686.0|379064.0|449526.0|4495593|1297100|279265|499052|11|53|14|8|142227|17190650|313994|1600140|7.24|6|2.63|19|79|468|474.0
202406|CNTY_GU|26|11200|45110000|인천|성남시|서초동|4711000000|서초1동|1|35|2|1|5|1605|216|216|139|13235|15742.0|9751.0|1578.0|4413.0|12271|7505|1360|3400272.0|2106216.0|340848.0|953208.0|3444200|2597505|938455|167291|61|91|55|0|7185099|19032265|58965|82829|7.85|2|1.13|133|475|486|950.0
202406|CNTY_GU|27|41150|26140000|인천|강남구|역삼동|4611000000|인계동|2|50|0|2|2|1438|323|323|347|88224|41010.0|31200.0|11748.0|0.0|35439|29870|10145|13246230.0|10077600.0|3794604.0|0.0|4556769|769451|524716|179056|91|186|61|19|2159819|1632321|2743072|284603|5.93|47|3.12|73|304|316|14288.0
202406|ADM|47|26140|27110000|인천|성남시|인계동|4113000000|인계동|1|60|3|2|9|939|244|244|134|59378|22220.0|7108.0|5238.0|9874.0|18050|6622|3844|5421680.0|1734352.0|1278072.0|2409256.0|4041151|1026129|203259|56161|63|130|54|1|9693554|11099394|1714221|385636|2.73|6|3.06|122|134|337|804.0
202406|CNTY_GU|44|47110|11110000|경기|강남구|서초동|4113000000|서초1동|2|50|2|2|4|1816|281|281|548|95691|33613.0|18258.0|13271.0|2084.0|30472|16642|9552|9445253.0|5130498.0|3729151.0|585604.0|3148181|2676783|658969|333305|32|158|71|24|7559175|2988965|2911682|1169505|5.75|34|1.1|51|362|283|12308.0
202406|ADM|11|11200|28110000|부산|성남시|인계동|1117000000|역삼1가|2|70|1|2|10|1046|356|356|226|42405|794.0|266.0|186.0|342.0|658|245|165|282664.0|94696.0|66216.0|121752.0|3402760|2194198|668494|267448|83|179|95|8|2081748|5612377|4511594|1255043|2.9|23|2.11|47|233|122|5359.0
202406|ADM|43|45110|42110000|부산|수원시|역삼동|1120000000|인계동|2|40|0|1|10|192|3|3|289|23200|20672.0|6945.0|7332.0|6395.0|19483|4957|6951|62016.0|20835.0|21996.0|19185.0|1926653|1241672|216544|239590|0|1|0|0|4283858|16953086|4218975|131389|6.25|0|2.53|143|0|475|0.0
202406|PRVNC|46|11200|43110000|인천|수원시|인계동|4711000000|인계동|1|50|0|1|7|1023|400|400|493|89151|0.0|0.0|0.0|0.0|0|0|0|0.0|0.0|0.0|0.0|1432935|2058634|738224|11080|112|180|109|8|8470280|17112120|1013489|1939512|6.37|41|4.25|171|193|342|7913.0
202406|ADM|26|11140|28110000|서울|서초구|서초동|2811000000|인계동|2|20|3|2|9|1489|361|361|601|40246|8223.0|5667.0|2245.0|311.0|6561|5134|1617|2968503.0|2045787.0|810445.0|112271.0|3776556|1413180|482184|130937|71|148|107|31|4260439|8260440|3835688|1159342|4.92|22|3.72|161|326|215|7172.0
202406|ADM|42|26110|44130000|서울|서초구|인계동|4511000000|역삼1가|2|60|0|2|10|360|427|427|124|92013|25176.0|15260.0|9012.0|904.0|22004|14431|6596|10750152.0|6516020.0|3848124.0|386008.0|3970192|2352323|585795|485174|66|176|84|16|1062504|11156852|3399796|285719|7.33|5|3.5|72|267|368|1335.0
202406|ADM|42|11110|41150000|대구|강남구|서초동|2811000000|역삼1가|2|45|1|1|7|1405|194|194|411|16914|44493.0|18184.0|11824.0|14485.0|42427|14142|8306|8631642.0|3527696.0|2293856.0|2810090.0|2484630|2676101|644785|309453|50|90|57|8|411478|10069776|2529556|694487|5.45|4|3.38|121|52|238|208.0
202406|CNTY_GU|26|27110|44130000|서울|성남시|인계동|4113000000|역삼1가|1|20|0|1|5|1514|70|70|355|37379|5541.0|1919.0|1230.0|2392.0|4243|1530|1160|387870.0|134330.0|86100.0|167440.0|2168041|2505705|789989|441808|11|37|14|6|6184070|6869991|3891030|810270|6.75|0|3.75|79|0|6|0.0
202406|CNTY_GU|45|46110|44130000|경기|성남시|서초동|4511000000|역삼1가|1|55|0|1|4|399|88|88|358|19216|38559.0|18127.0|13751.0|6681.0|35425|13302|11909|3393192.0|1595176.0|1210088.0|587928.0|3508996|1868675|749220|134220|9|43|22|1|9697471|4102234|1604030|1203914|7.27|1|3.43|100|195|288|195.0
202406|ADM|44|41110|26140000|경기|성남시|서초동|1117000000|역삼1가|2|60|0|1|1|5|91|91|768|44953|30083.0|18060.0|11121.0|902.0|23464|17072|10873|2737553.0|1643460.0|1012011.0|82082.0|3094606|419596|667046|373480|23|47|11|4|2315432|9974911|972684|1930878|4.4|3|1.51|70|279|417|837.0
202406|ADM|44|45110|41110000|대구|서초구|서초동|2811000000|인계동|1|25|0|1|7|1910|97|97|948|49282|7281.0|4675.0|1027.0|1579.0|7130|4149|793|706257.0|453475.0|99619.0|153163.0|949195|2705616|558204|371623|19|57|13|1|4165442|17651397|4946768|648326|2.55|3|4.05|22|116|358|348.0
202406|PRVNC|47|45110|11140000|서울|강남구|역삼동|4611000000|인계동|2|65|0|1|9|964|222|222|625|31475|33323.0|14321.0|4171.0|14831.0|27421|11003|3681|7397706.0|3179262.0|925962.0|3292482.0|2058539|230083|193822|93421|63|132|65|5|2556840|18922345|3613504|155685|6.92|2|2.11|135|361|373|722.0
202406|ADM|26|11200|11140000|부산|강남구|인계동|2614000000|역삼1가|1|25|2|2|4|1929|466|466|846|23088|49015.0|20080.0|10347.0|18588.0|36909|14276|7825|22840990.0|9357280.0|4821702.0|8662008.0|4725209|2293449|45112|103203|133|199|113|36|3229542|18320121|3541029|751295|2.06|40|3.05|30|169|286|6760.0
202406|PRVNC|46|27110|41130000|인천|성남시|인계동|4211000000|인계동|2|40|0|2|9|1946|241|241|9|40151|7884.0|2861.0|1774.0|3249.0|7812|2413|1474|1900044.0|689501.0|427534.0|783009.0|270817|944913|137745|240972|41|140|36|9|1626738|3031774|3745474|1763280|7.69|16|4.93|175|269|16|4304.0
202406|PRVNC|11|26140|11200000|부산|강남구|인계동|2811000000|역삼1가|1|45|1|1|2|1281|286|286|561|11663|1306.0|675.0|205.0|426.0|1268|477|171|373516.0|193050.0|58630.0|121836.0|1499299|2738173|95798|214104|59|138|47|0|4296800|6883922|515228|505402|4.42|36|3.54|15|183|399|6588.0
202406|ADM|43|41150|43110000|인천|수원시|서초동|1111000000|인계동|1|40|1|1|7|1407|170|170|873|76329|1992.0|1029.0|400.0|563.0|1717|1010|330|338640.0|174930.0|68000.0|95710.0|2590963|570018|337795|404160|24|89|28|3|3649288|19097350|3876473|359116|4.24|4|2.66|95|249|417|996.0
202406|CNTY_GU|41|41130|44130000|부산|강남구|인계동|2614000000|인계동|1|45|0|2|4|1305|390|390|25|96863|14301.0|11086.0|1831.0|1384.0|11114|8824|1711|5577390.0|4323540.0|714090.0|539760.0|611129|2397451|415049|194048|83|156|67|26|4260199|12975639|340810|585724|2.23|13|1.47|20|246|374|3198.0
202406|CNTY_GU|45|42110|41130000|인천|수원시|인계동|1111000000|역삼1가|1|35|0|1|3|1396|41|41|772|10781|47030.0|18381.0|10389.0|18260.0|46566|16696|7870|1928230.0|753621.0|425949.0|748660.0|3663696|2352061|471134|22131|5|21|10|0|7160936|16919665|2811782|1475594|5.91|1|1.8|138|282|318|282.0
202406|ADM|26|43110|11170000|경기|수원시|서초동|4111000000|인계동|2|70|0|1|7|855|294|294|740|88882|13872.0|4520.0|4986.0|4366.0|11979|3458|3792|4078368.0|1328880.0|1465884.0|1283604.0|3381505|372773|392894|289730|79|134|81|25|9454801|14597011|2858585|353556|3.08|13|1.48|74|83|15|1079.0
202406|CNTY_GU|47|47110|11170000|인천|서초구|인계동|1117000000|인계동|2|65|2|1|1|1148|57|57|386|96721|43831.0|29399.0|16037.0|0.0|33969|23101|13151|2498367.0|1675743.0|914109.0|0.0|3253683|1068560|360894|185937|9|23|8|4|9047790|14743216|1894026|822618|3.58|0|1.18|111|0|488|0.0
202406|ADM|44|44130|27110000|대구|강남구|인계동|4611000000|인계동|2|40|0|2|7|354|401|401|312|25261|2471.0|1883.0|508.0|80.0|2066|1740|496|990871.0|755083.0|203708.0|32080.0|2933684|301107|609896|217274|64|238|93|12|1929222|2465552|311804|1619731|7.83|23|2.3|126|378|291|8694.0
202406|CNTY_GU|42|41110|11170000|경기|수원시|인계동|1120000000|서초1동|2|20|0|1|8|248|173|173|998|63593|17566.0|6333.0|6512.0|4721.0|15255|5352|5778|3038918.0|1095609.0|1126576.0|816733.0|603164|1062954|190889|168887|23|93|38|15|8033208|19076578|3614336|53478|3.26|21|2.23|94|429|379|9009.0
202406|ADM|47|47110|44130000|대구|수원시|역삼동|1117000000|인계동|2|20|0|1|5|107|105|105|184|44458|49796.0|26394.0|7844.0|15558.0|39568|18883|6539|5228580.0|2771370.0|823620.0|1633590.0|472297|786334|464023|117681|25|59|22|0|9381641|10871871|4831512|1844926|2.31|3|1.25|90|117|135|351.0
202406|ADM|41|11140|28110000|서울|강남구|역삼동|4111000000|역삼1가|1|50|0|1|3|869|45|45|109|82779|35910.0|28263.0|5125.0|2522.0|29349|25386|4254|1615950.0|1271835.0|230625.0|113490.0|1552799|1079866|708569|282696|9|22|4|0|8587776|10268717|360472|1781218|6.54|3|1.97|34|119|326|357.0
202406|CNTY_GU|44|44130|43110000|서울|수원시|서초동|4113000000|인계동|1|45|0|2|6|147|118|118|825|32932|17424.0|7350.0|5329.0|4745.0|13758|5804|5159|2056032.0|867300.0|628822.0|559910.0|2614575|2325087|680504|439383|15|69|26|4|132800|8988276|421975|1661189|7.91|3|4.94|164|389|460|1167.0
202406|ADM|45|45110|28110000|대구|강남구|인계동|4511000000|인계동|2|45|1|1|1|10|82|82|986|28196|26346.0|16001.0|6427.0|3918.0|25570|12741|6259|2160372.0|1312082.0|527014.0|321276.0|2219208|1817465|287289|89109|21|46|19|7|191197|786906|2195397|306078|4.1|0|3.77|160|0|462|0.0
202406|ADM|45|41130|41130000|경기|강남구|서초동|4311000000|역삼1가|2|55|2|2|4|1987|83|83|231|67421|29002.0|19828.0|11325.0|0.0|21513|18413|10819|2407166.0|1645724.0|939975.0|0.0|1170635|201847|564067|23520|11|38|18|2|7688953|15771529|39008|1141907|2.32|2|2.28|41|373|86|746.0
202406|ADM|26|26110|27110000|부산|성남시|역삼동|1117000000|역삼1가|1|60|0|2|2|1323|6|6|768|34472|26902.0|19142.0|3700.0|4060.0|25407|14908|2944|161412.0|114852.0|22200.0|24360.0|4531201|96736|681302|133270|1|2|1|0|1281925|7891260|4276443|1771480|5.83|0|4.83|30|0|35|0.0
202406|CNTY_GU|43|11110|11140000|대구|성남시|역삼동|4511000000|인계동|1|60|3|1|7|492|493|493|914|81514|26622.0|8472.0|4363.0|13787.0|24783|6440|4152|13124646.0|4176696.0|2150959.0|6796991.0|3429399|675922|293237|86170|92|201|104|0|9175662|34532|1923984|1219859|3.5|63|4.69|53|419|55|26397.0
202406|CNTY_GU|41|26110|43110000|서울|성남시|인계동|4611000000|인계동|2|35|0|1|7|1049|499|499|816|26698|0.0|0.0|0.0|0.0|0|0|0|0.0|0.0|0.0|0.0|999385|2171282|551264|438059|61|286|140|21|2124752|12974404|1161963|358792|2.82|64|4.17|115|90|320|5760.0
202406|ADM|46|27110|47110000|인천|서초구|서초동|2711000000|인계동|2|40|1|1|9|469|162|162|600|20192|31856.0|25152.0|5646.0|1058.0|28300|18147|5258|5160672.0|4074624.0|914652.0|171396.0|3835788|2752771|102751|247185|30|72|24|4|2071126|18847318|2400317|1379861|3.65|23|3.91|70|323|298|7429.0
202406|ADM|43|11200|45110000|부산|성남시|인계동|4413000000|역삼1가|1|45|0|1|5|1140|457|457|491|62821|12948.0|8819.0|3054.0|1075.0|11102|6838|2489|5917236.0|4030283.0|1395678.0|491275.0|4938891|2790472|294235|126216|89|209|64|24|2772747|1516688|2397085|1732097|2.62|4|4.32|114|304|72|1216.0
202406|ADM|27|11110|11200000|대구|수원시|서초동|1114000000|서초1동|1|30|2|2|3|1604|314|314|267|14293|13032.0|5636.0|1373.0|6023.0|10138|4279|1327|4092048.0|1769704.0|431122.0|1891222.0|315494|7434|553783|391946|58|145|69|4|4513068|10105812|2289412|9972|3.89|30|3.74|163|187|122|5610.0
202406|ADM|47|27110|28110000|대구|서초구|인계동|1120000000|서초1동|1|65|2|2|6|260|440|440|505|19334|868.0|332.0|270.0|266.0|622|253|265|381920.0|146080.0|118800.0|117040.0|2628397|1387739|548236|330411|96|254|81|10|944647|18954337|1817735|1496282|2.08|51|3.19|118|45|493|2295.0
202406|ADM|46|42110|44130000|경기|수원시|서초동|4511000000|역삼1가|1|65|0|1|1|921|426|426|35|59896|1791.0|1223.0|456.0|112.0|1513|924|401|762966.0|520998.0|194256.0|47712.0|1149955|2468804|991671|306241|50|235|87|17|6712749|3363395|2458298|4989|7.53|22|4.24|17|390|315|8580.0
202406|CNTY_GU|26|44130|47110000|인천|수원시|역삼동|4611000000|인계동|2|45|0|1|4|460|154|154|764|83745|30860.0|16773.0|8948.0|5139.0|26049|13322|8029|4752440.0|2583042.0|1377992.0|791406.0|1703119|1626424|400103|55417|29|84|38|13|864317|10558794|1162857|1151126|7.83|22|3.29|32|472|317|10384.0
202406|CNTY_GU|41|26110|28110000|서울|서초구|역삼동|4113000000|역삼1가|2|40|3|1|3|102|435|435|14|47951|1719.0|945.0|608.0|166.0|1623|751|489|747765.0|411075.0|264480.0|72210.0|4385055|769637|948049|404865|58|190|108|31|7083276|14580944|2479075|709124|2.77|19|2.66|51|235|416|4465.0
202406|ADM|42|11110|47110000|부산|성남시|인계동|4711000000|역삼1가|2|70|1|2|10|1344|72|72|996|17903|47875.0|19685.0|10886.0|17304.0|41828|19552|10785|3447000.0|1417320.0|783792.0|1245888.0|866998|2315884|330378|316136|8|33|12|3|735980|8143907|1432884|629354|6.67|10|4.27|151|290|309|2900.0
202406|PRVNC|26|41110|41130000|서울|강남구|서초동|2611000000|인계동|1|65|3|2|10|1476|149|149|886|37720|11225.0|3733.0|2799.0|4693.0|10057|3570|2644|1672525.0|556217.0|417051.0|699257.0|3971099|494200|851254|307766|23|77|33|6|9895636|15367606|4460549|802919|3.59|13|2.06|146|133|13|1729.0
202406|ADM|11|45110|42110000|인천|수원시|인계동|2711000000|인계동|2|20|0|1|1|137|118|118|67|67328|28313.0|11865.0|4185.0|12263.0|23252|11659|3627|3340934.0|1400070.0|493830.0|1447034.0|1540110|1540234|846609|409727|23|52|28|5|2343734|19827792|3457190|1408653|4.32|14|1.81|155|435|471|6090.0
202406|ADM|45|11170|41130000|대구|성남시|인계동|4113000000|인계동|1|40|2|2|10|899|176|176|215|55437|30305.0|11007.0|5326.0|13972.0|24340|10100|4787|5333680.0|1937232.0|937376.0|2459072.0|1672339|1704883|226876|320889|33|101|23|14|598551|1870804|1328321|1303035|4.95|17|1.42|161|189|167|3213.0
202406|CNTY_GU|45|11140|28110000|대구|성남시|역삼동|1111000000|서초1동|1|45|0|2|6|476|155|155|706|91843|9670.0|6475.0|2258.0|937.0|9541|4758|2006|1498850.0|1003625.0|349990.0|145235.0|903640|996097|265454|355945|15|62|41|2|4526175|12478245|2938363|1004814|2.67|12|3.67|112|198|122|2376.0
202406|ADM|27|41150|43110000|경기|수원시|인계동|4413000000|서초1동|1|40|2|1|2|1346|234|234|668|42613|26871.0|20509.0|3075.0|3287.0|24523|19955|2687|6287814.0|4799106.0|719550.0|769158.0|3441549|1944978|798064|374281|25|97|40|20|6375476|7484288|3501073|1110692|3.74|20|4.98|85|66|216|1320.0
202406|CNTY_GU|46|11110|44130000|부산|성남시|인계동|4111000000|역삼1가|2|45|3|2|10|299|168|168|350|90151|7775.0|2754.0|1277.0|3744.0|6532|2507|1239|1306200.0|462672.0|214536.0|628992.0|2813523|1534587|530866|108417|25|78|47|1|7074236|5208798|4982748|1087771|6.98|18|3.93|50|235|99|4230.0
202406|ADM|26|11110|27110000|경기|서초구|역삼동|1114000000|서초1동|2|35|1|1|3|1293|277|277|799|62277|28620.0|13080.0|4266.0|11274.0|21470|10417|3485|7927740.0|3623160.0|1181682.0|3122898.0|2625074|1625807|593623|65597|29|159|64|3|9477173|7847892|559050|1469869|2.48|40|1.94|108|473|383|18920.0
202406|ADM|41|11140|11140000|경기|서초구|인계동|4611000000|인계동|2|25|1|1|3|805|404|404|392|43366|7406.0|2406.0|997.0|4003.0|6240|1875|772|2992024.0|972024.0|402788.0|1617212.0|3936763|2804687|369233|416485|97|228|68|33|8189885|12175902|4703786|431725|6.74|20|2.75|72|196|10|3920.0
202406|ADM|26|11170|11110000|대구|수원시|서초동|1120000000|인계동|2|45|3|2|6|946|318|318|574|41573|974.0|610.0|383.0|0.0|861|496|351|309732.0|193980.0|121794.0|0.0|1739502|602851|480384|44493|61|179|82|16|6456932|11540182|1254418|1920732|5.07|2|4.77|56|70|140|140.0
202406|ADM|47|28110|26140000|서울|서초구|서초동|2711000000|역삼1가|1|35|0|1|5|956|455|455|516|55588|14516.0|5671.0|5652.0|3193.0|13806|5430|4350|6604780.0|2580305.0|2571660.0|1452815.0|4448856|2464658|817636|166364|126|186|125|7|3289058|8872948|1115501|806065|5.33|51|3.57|128|424|271|21624.0
202406|CNTY_GU|42|45110|45110000|경기|성남시|서초동|4113000000|역삼1가|2|20|1|2|5|100|273|273|847|96490|5046.0|2177.0|1505.0|1364.0|3706|1986|1258|1377558.0|594321.0|410865.0|372372.0|4990094|2375515|603705|362582|73|157|76|22|5048770|10415988|2925764|1473704|6.84|30|3.17|104|323|27|9690.0
202406|CNTY_GU|44|41150|45110000|부산|수원시|역삼동|4711000000|서초1동|2|55|1|1|8|531|184|184|495|77830|4338.0|2058.0|771.0|1509.0|3482|1965|657|798192.0|378672.0|141864.0|277656.0|876693|787509|654902|148485|20|82|52|11|7727941|9094637|4861339|529639|7.77|10|1.76|24|418|5|4180.0
202406|CNTY_GU|45|11110|11140000|경기|성남시|인계동|4511000000|역삼1가|1|65|1|1|3|330|218|218|712|16666|34877.0|20421.0|10706.0|3750.0|27175|15782|8131|7603186.0|4451778.0|2333908.0|817500.0|760162|53406|506337|280458|56|87|59|14|8390903|2895322|4565096|941729|7.87|16|1.03|60|124|406|1984.0
202406|CNTY_GU|41|43110|28110000|대구|강남구|인계동|4115000000|역삼1가|1|65|1|1|6|85|282|282|260|31212|46987.0|27551.0|10612.0|8824.0|44666|20878|10330|13250334.0|7769382.0|2992584.0|2488368.0|4269935|1620448|122540|95996|34|152|74|9|361326|9959230|3505419|244244|2.14|18|4.63|57|256|95|4608.0
202406|PRVNC|11|41150|43110000|서울|강남구|역삼동|2711000000|인계동|1|65|0|1|6|694|268|268|733|17502|27442.0|20451.0|3141.0|3850.0|26049|14721|2457|7354456.0|5480868.0|841788.0|1031800.0|4886290|2090710|768086|342482|37|142|53|7|1247307|17649892|2736852|1455899|7.58|31|2.66|8|453|277|14043.0
202406|ADM|46|11140|47110000|인천|강남구|서초동|1117000000|서초1동|2|65|1|2|10|980|155|155|955|78744|23923.0|16134.0|4909.0|2880.0|23349|13780|3909|3708065.0|2500770.0|760895.0|446400.0|88168|2532736|214000|75324|31|92|27|14|278949|10131166|2353997|466409|5.54|2|1.11|36|399|223|798.0
202406|ADM|42|11170|43110000|부산|수원시|역삼동|4311000000|인계동|2|45|2|1|1|172|229|229|36|95716|37731.0|18657.0|13528.0|5546.0|34942|17782|11651|8640399.0|4272453.0|3097912.0|1270034.0|2511559|2073693|220708|260269|51|96|46|22|391425|19898728|3159710|743621|7.85|27|3.14|131|263|259|7101.0
202406|CNTY_GU|46|46110|47110000|경기|수원시|서초동|4711000000|서초1동|2|40|2|1|6|696|5|5|308|60756|27682.0|19151.0|8207.0|324.0|24647|17736|6852|138410.0|95755.0|41035.0|1620.0|4249583|1088618|761829|236477|0|2|1|0|9825414|11037396|1735896|1601174|4.1|0|2.2|161|0|336|0.0
202406|CNTY_GU|27|44130|11170000|인천|서초구|역삼동|4413000000|서초1동|2|55|2|1|3|1979|422|422|272|31458|8703.0|2840.0|1112.0|4751.0|6808|2094|888|3672666.0|1198480.0|469264.0|2004922.0|3685376|2131406|419338|193489|122|242|126|29|3818947|11003562|2323305|1058317|6.26|2|4.59|149|143|291|286.0
202406|CNTY_GU|44|44130|43110000|인천|서초구|역삼동|4413000000|역삼1가|2|45|2|2|4|221|279|279|988|36501|29336.0|13760.0|6182.0|9394.0|26433|10937|4488|8184744.0|3839040.0|1724778.0|2620926.0|836505|2890785|238968|39718|67|113|75|20|9061371|17674415|3773674|612640|3.34|0|4.01|46|0|310|0.0
202406|PRVNC|44|44130|46110000|경기|서초구|서초동|4211000000|서초1동|1|25|3|2|6|1689|103|103|707|10384|9806.0|4855.0|2873.0|2078.0|7728|4512|2485|1010018.0|500065.0|295919.0|214034.0|1237351|839927|434062|497705|15|41|26|0|2198669|13954769|4899496|273662|4.95|11|1.65|113|302|208|3322.0
202406|CNTY_GU|45|41150|45110000|부산|서초구|인계동|4413000000|인계동|2|35|3|1|4|379|352|352|746|96969|12108.0|7074.0|3814.0|1220.0|9974|6040|3658|4262016.0|2490048.0|1342528.0|429440.0|3495313|1653958|280027|233002|47|159|78|23|6507836|17368605|1219054|1837610|7.98|16|3.46|172|428|16|6848.0
202406|ADM|46|27110|44130000|대구|강남구|역삼동|4311000000|서초1동|2|55|1|1|4|1501|141|141|490|83115|27108.0|15763.0|4918.0|6427.0|24228|14825|4833|3822228.0|2222583.0|693438.0|906207.0|3514736|2149123|847551|395776|23|82|38|13|4057058|12524276|1400539|679391|7.29|19|2.02|15|317|206|6023.0
202406|CNTY_GU|27|42110|11140000|대구|성남시|인계동|1111000000|서초1동|2|30|0|1|6|296|428|428|325|93451|32789.0|11653.0|8279.0|12857.0|23737|10576|6989|14033692.0|4987484.0|3543412.0|5502796.0|342784|2676095|591849|95377|54|213|79|30|9224402|8945617|352317|518008|7.94|61|4.21|24|453|268|27633.0
202406|CNTY_GU|46|11110|43110000|서울|수원시|역삼동|4211000000|역삼1가|2|35|0|1|1|1160|60|60|424|16822|37682.0|28658.0|13849.0|0.0|28044|22948|13060|2260920.0|1719480.0|830940.0|0.0|3365444|2584787|944986|330894|7|28|11|5|9672842|14233711|3637776|1384891|2.76|8|2.24|125|216|442|1728.0
202406|ADM|26|11110|41110000|부산|수원시|서초동|1117000000|역삼1가|2|55|2|1|6|842|205|205|386|17699|14605.0|6361.0|5562.0|2682.0|12450|5786|4168|2994025.0|1304005.0|1140210.0|549810.0|2224149|115208|367636|356750|30|119|22|16|7284737|15363082|1680571|930618|4.69|8|4.38|100|376|346|3008.0
202406|CNTY_GU|27|11170|43110000|서울|강남구|서초동|4211000000|인계동|2|50|3|1|10|1976|449|449|647|59976|18441.0|10197.0|5429.0|2815.0|12910|9558|5149|8280009.0|4578453.0|2437621.0|1263935.0|1722371|2944188|423162|296157|79|233|73|34|6762994|1235495|2635267|1524795|5.32|44|2.52|141|38|346|1672.0
202406|CNTY_GU|44|41110|46110000|인천|서초구|인계동|4413000000|서초1동|2|25|0|1|10|1280|52|52|222|83177|39867.0|29554.0|14073.0|0.0|34678|22642|11880|2073084.0|1536808.0|731796.0|0.0|3759608|2825404|539693|145238|14|30|9|3|8401176|5379387|3278776|1665143|5.23|4|3.36|35|319|333|1276.0
202406|ADM|27|27110|11200000|부산|서초구|서초동|1117000000|인계동|2|50|1|1|2|1885|201|201|293|43163|47700.0|17118.0|17860.0|12722.0|44074|12718|16923|9587700.0|3440718.0|3589860.0|2557122.0|4942943|1164645|461358|374982|48|102|57|19|6189808|9455095|4297263|705669|4.49|16|2.51|94|480|75|7680.0
202406|ADM|11|11140|28110000|인천|성남시|인계동|2811000000|역삼1가|2|50|2|1|2|24|454|454|326|75017|23387.0|15404.0|4393.0|3590.0|16862|13390|4284|10617698.0|6993416.0|1994422.0|1629860.0|2781019|1652627|60308|243873|59|202|91|34|4060575|3990026|4198769|1216033|4.88|28|1.95|38|352|428|9856.0
202406|ADM|43|11200|11200000|경기|수원시|역삼동|4311000000|역삼1가|2|65|1|1|6|786|485|485|556|60699|19315.0|8953.0|3129.0|7233.0|16648|8411|2519|9367775.0|4342205.0|1517565.0|3508005.0|595650|2878770|619707|19019|98|196|104|4|9266188|8674099|2922838|1122985|5.93|68|2.8|176|136|484|9248.0
202406|CNTY_GU|42|11200|42110000|경기|수원시|역삼동|2614000000|인계동|2|65|2|1|7|291|370|370|214|47871|31418.0|11554.0|4553.0|15311.0|29251|10545|3616|11624660.0|4274980.0|1684610.0|5665070.0|4423337|2243675|450845|168964|54|152|74|35|3846404|465494|2930227|1588916|4.56|17|3.48|68|416|375|7072.0
202406|ADM|47|46110|41150000|경기|강남구|역삼동|1117000000|역삼1가|1|20|2|2|1|236|359|359|547|89780|20384.0|15211.0|7979.0|0.0|17133|12438|7114|7317856.0|5460749.0|2864461.0|0.0|4394218|2037791|197104|29278|93|201|54|8|436815|10364480|4660639|1193705|7.38|39|1.25|63|381|487|14859.0
202406|CNTY_GU|47|11200|11140000|대구|서초구|역삼동|4211000000|서초1동|1|50|3|1|7|134|86|86|317|84911|29034.0|14702.0|9991.0|4341.0|27447|13916|7821|2496924.0|1264372.0|859226.0|373326.0|2884848|132528|389146|216225|21|45|22|4|2360549|11124791|1743453|1796191|6.82|8|3.53|44|439|21|3512.0
202406|CNTY_GU|47|26110|27110000|서울|서초구|인계동|1117000000|인계동|2|65|2|1|5|1846|396|396|928|14286|37656.0|23262.0|9121.0|5273.0|31332|20960|6734|14911776.0|9211752.0|3611916.0|2088108.0|4939998|2397345|774767|323445|60|198|65|28|9037028|13404172|4771531|1728593|4.16|58|2.5|124|344|254|19952.0
202406|ADM|26|43110|47110000|부산|서초구|역삼동|1120000000|인계동|2|55|0|2|7|538|111|111|493|61407|15757.0|9152.0|2424.0|4181.0|13995|9008|1701|1749027.0|1015872.0|269064.0|464091.0|4483476|858519|738083|236064|17|53|17|3|2970350|10325423|3118734|1301385|2.4|4|2.06|13|56|328|224.0
202406|ADM|44|26140|41150000|부산|성남시|인계동|2711000000|서초1동|1|55|3|2|3|1670|279|279|854|78340|22935.0|15413.0|3416.0|4106.0|19882|12894|2395|6398865.0|4300227.0|953064.0|1145574.0|1044596|1774686|524214|370497|33|128|52|13|3218617|1427020|1155056|225564|6.66|22|3.84|73|15|183|330.0
202406|ADM|27|26140|26140000|대구|서초구|역삼동|4113000000|인계동|1|65|0|1|4|245|485|485|696|96497|21451.0|8371.0|6593.0|6487.0|20060|6604|4648|10403735.0|4059935.0|3197605.0|3146195.0|3225071|203966|629325|305968|123|261|96|43|4860277|13051958|3838581|1536340|7.17|38|1.68|125|447|451|16986.0
202406|CNTY_GU|41|46110|41110000|서울|성남시|인계동|4115000000|서초1동|1|40|0|1|6|21|259|259|732|26719|40361.0|15887.0|13171.0|11303.0|29084|12748|11635|10453499.0|4114733.0|3411289.0|2927477.0|2319205|851434|840530|1964|28|137|72|2|7502882|295552|4670518|501111|4.07|23|2.17|150|354|239|8142.0
202406|CNTY_GU|27|46110|42110000|경기|수원시|서초동|1114000000|인계동|2|70|1|2|4|1799|314|314|470|94331|7939.0|4961.0|1468.0|1510.0|6912|4923|1185|2492846.0|1557754.0|460952.0|474140.0|3978501|1372000|992619|282262|66|140|40|0|9530796|2221651|4633729|355635|5.09|33|4.77|46|492|346|16236.0
202406|ADM|44|41130|11140000|서울|강남구|인계동|4113000000|서초1동|1|50|3|1|1|1362|59|59|890|36999|16439.0|5429.0|3300.0|7710.0|15945|4968|2916|969901.0|320311.0|194700.0|454890.0|1782751|2224632|663571|408071|9|27|7|4|672254|8583796|4113858|1824580|6.65|0|4.83|174|0|343|0.0
202406|ADM|43|44130|44130000|인천|성남시|인계동|1117000000|역삼1가|1|55|0|2|4|859|415|415|543|36675|21558.0|16876.0|8581.0|0.0|19504|12318|7843|8946570.0|7003540.0|3561115.0|0.0|1529231|474313|767885|472809|85|166|105|34|8070811|9824896|3842159|1547452|3.23|22|3.79|57|376|360|8272.0
202406|ADM|45|41110|26110000|인천|수원시|역삼동|1111000000|역삼1가|1|20|0|1|2|458|144|144|955|89818|673.0|229.0|152.0|292.0|640|217|146|96912.0|32976.0|21888.0|42048.0|2339326|408296|772823|110524|33|64|39|6|9788394|19024949|2307952|642591|6.12|16|1.44|81|216|223|3456.0
202406|ADM|27|41130|11200000|경기|성남시|서초동|4113000000|서초1동|1|65|3|1|8|1763|211|211|821|74848|22285.0|10273.0|7416.0|4596.0|20386|8441|5880|4702135.0|2167603.0|1564776.0|969756.0|926237|2128506|617342|230507|54|122|48|13|6151698|5721952|1937231|776826|2.08|21|2.47|80|435|233|9135.0
202406|CNTY_GU|42|41130|11110000|인천|서초구|서초동|1114000000|서초1동|2|45|1|2|5|1747|463|463|901|65238|4045.0|2565.0|1511.0|0.0|3633|2391|1423|1872835.0|1187595.0|699593.0|0.0|2883657|2356502|983709|130162|135|261|104|17|1305085|13253550|572154|723379|6.83|54|4.61|100|181|246|9774.0
202406|CNTY_GU|42|11200|26140000|경기|강남구|서초동|1111000000|인계동|1|40|2|1|9|269|31|31|107|36361|13018.0|5468.0|4437.0|3113.0|9682|5442|4097|403558.0|169508.0|137547.0|96503.0|2700845|1059523|644680|140103|8|17|7|2|2842416|7131068|3708003|383890|3.02|2|1.93|15|12|494|24.0
202406|ADM|26|47110|11140000|경기|수원시|인계동|4311000000|역삼1가|2|55|3|1|10|201|169|169|629|34051|27346.0|19949.0|8090.0|0.0|25021|19862|7650|4621474.0|3371381.0|1367210.0|0.0|2068402|380324|94077|402296|32|69|47|15|1012905|286143|4615797|1951999|4.51|1|2.55|179|94|149|94.0
202406|CNTY_GU|45|28110|11200000|부산|성남시|인계동|2711000000|역삼1가|1|30|0|1|5|817|185|185|529|50243|39657.0|15911.0|9429.0|14317.0|35837|11452|6710|7336545.0|2943535.0|1744365.0|2648645.0|2519414|1664411|176333|196464|18|97|42|10|6518041|14661784|4211108|1477113|3.41|20|3.71|147|221|287|4420.0
202406|CNTY_GU|43|28110|45110000|부산|강남구|역삼동|4113000000|서초1동|1|35|1|1|6|1166|278|278|193|97944|38220.0|13057.0|5105.0|20058.0|30485|11716|4154|10625160.0|3629846.0|1419190.0|5576124.0|135821|2712112|532211|259858|47|145|73|17|4590889|9875842|1382354|996860|6.47|14|1.36|22|213|226|2982.0
202406|CNTY_GU|45|47110|27110000|대구|강남구|서초동|4511000000|서초1동|1|50|1|2|5|19|219|219|255|14827|2481.0|1692.0|413.0|376.0|2084|1397|354|543339.0|370548.0|90447.0|82344.0|1355530|1460470|210255|346751|56|116|65|13|4294582|4064921|894723|53607|4.37|4|1.09|45|136|203|544.0
202406|ADM|11|11170|44130000|인천|강남구|서초동|4113000000|인계동|1|25|2|2|10|1228|488|488|207|59647|4077.0|1262.0|786.0|2029.0|3228|975|613|1989576.0|615856.0|383568.0|990152.0|3654274|2765719|881446|353859|145|221|129|35|1051025|10403713|2368475|549701|7.18|13|1.55|62|188|201|2444.0
202406|ADM|41|27110|45110000|대구|성남시|인계동|4211000000|역삼1가|2|60|2|2|6|492|176|176|686|95948|20589.0|8098.0|7702.0|4789.0|16699|5695|6668|3623664.0|1425248.0|1355552.0|842864.0|1791086|703921|384098|199345|49|104|27|8|8894345|2841015|1632901|757893|4.53|7|1.04|43|340|186|2380.0
202406|PRVNC|42|45110|11200000|인천|수원시|인계동|1120000000|역삼1가|2|65|0|1|10|1136|459|459|53|48097|12299.0|4938.0|1801.0|5560.0|10591|3913|1781|5645241.0|2266542.0|826659.0|2552040.0|1186398|2743226|980449|402178|108|226|125|37|4888141|19414654|2986178|872819|5.48|53|2.81|95|175|202|9275.0
202406|ADM|27|44130|11110000|부산|서초구|인계동|4711000000|역삼1가|2|65|3|1|9|1346|482|482|328|25445|0.0|0.0|0.0|0.0|0|0|0|0.0|0.0|0.0|0.0|1641480|2706705|740155|311321|90|199|135|39|5349422|8747703|1701498|81932|5.01|26|1.16|72|88|261|2288.0
202406|ADM|46|44130|46110000|인천|강남구|역삼동|4111000000|역삼1가|1|30|1|1|3|1303|479|479|867|98729|48760.0|15995.0|13775.0|18990.0|40942|12966|11630|23356040.0|7661605.0|6598225.0|9096210.0|1717778|2666139|863065|326185|87|253|103|14|6916999|10495346|1186669|1267836|3.85|51|4.42|48|235|330|11985.0
202406|ADM|45|41130|11140000|경기|서초구|인계동|2611000000|서초1동|2|60|2|2|2|1831|377|377|719|68211|8635.0|2833.0|2555.0|3247.0|7629|2333|2193|3255395.0|1068041.0|963235.0|1224119.0|3637093|2227864|48813|54703|60|153|86|6|3535278|8202000|4856380|1917287|2.71|10|2.52|95|83|187|830.0
202406|CNTY_GU|11|11200|44130000|인천|성남시|인계동|2611000000|인계동|1|25|0|1|4|1616|155|155|139|60114|22245.0|9351.0|4020.0|8874.0|18097|7235|3170|3447975.0|1449405.0|623100.0|1375470.0|4156962|359347|326837|94486|37|81|41|5|3562300|6551265|996773|420497|4.44|21|3.13|9|162|422|3402.0
202406|CNTY_GU|27|11140|45110000|대구|강남구|역삼동|2611000000|서초1동|1|70|1|2|8|1486|454|454|38|91474|46839.0|32252.0|5514.0|9073.0|45953|31924|4258|21264906.0|14642408.0|2503356.0|4119142.0|2900465|33804|949613|372863|106|185|79|14|2535379|11185297|2905327|1015092|6.39|54|2.42|10|132|32|7128.0
202406|ADM|45|43110|47110000|경기|서초구|인계동|2811000000|인계동|1|35|1|1|6|85|157|157|224|92909|8728.0|2941.0|895.0|4892.0|7437|2198|777|1370296.0|461737.0|140515.0|768044.0|266248|1216651|865374|130430|19|65|45|9|7069840|17203847|1188081|1673954|5.97|21|2.72|21|349|33|7329.0
202406|ADM|47|46110|28110000|서울|성남시|인계동|1111000000|서초1동|1|50|2|1|7|628|396|396|595|68232|26521.0|12603.0|5601.0|8317.0|22717|10271|4193|10502316.0|4990788.0|2217996.0|3293532.0|2430470|1132670|986788|99178|115|187|71|18|4734574|5929212|1311089|168324|6.38|29|2.55|132|221|440|6409.0
202406|CNTY_GU|45|46110|45110000|경기|수원시|역삼동|4115000000|역삼1가|2|65|1|1|7|1790|428|428|989|82465|10391.0|7652.0|3324.0|0.0|9720|5954|3183|4447348.0|3275056.0|1422672.0|0.0|4621647|2944298|409662|203702|120|200|98|8|1518369|13948472|25105|933560|5.23|14|3.4|64|59|132|826.0
202406|CNTY_GU|26|28110|11140000|서울|성남시|역삼동|4115000000|인계동|2|50|2|1|1|953|114|114|682|91045|27791.0|18170.0|4017.0|5604.0|23012|16578|3945|3168174.0|2071380.0|457938.0|638856.0|862030|489620|972861|294064|27|49|20|1|2904950|2253877|1833125|1712084|3.69|9|1.28|170|407|12|3663.0
202406|ADM|41|47110|11110000|경기|서초구|인계동|4115000000|서초1동|1|30|0|2|7|603|125|125|568|90193|28418.0|11859.0|11044.0|5515.0|21341|9898|8688|3552250.0|1482375.0|1380500.0|689375.0|3490887|1763686|554835|126797|33|63|19|1|5018278|19040703|604577|475653|3.81|5|1.27|26|405|287|2025.0
202406|ADM|45|42110|42110000|경기|서초구|역삼동|1117000000|서초1동|2|70|1|1|5|1670|414|414|806|96609|41587.0|24659.0|8471.0|8457.0|30869|19470|6241|17217018.0|10208826.0|3506994.0|3501198.0|4614650|2746480|739116|137990|119|207|106|4|6417099|11186612|4218282|327377|4.17|26|4.26|165|216|156|5616.0
202406|ADM|44|44130|27110000|인천|수원시|역삼동|4211000000|서초1동|2|45|0|2|6|1908|468|468|564|20328|6171.0|2784.0|1933.0|1454.0|4323|2607|1640|2888028.0|1302912.0|904644.0|680472.0|2093505|2750709|213534|459149|49|248|137|17|708208|3028929|1874226|1863802|4.36|35|2.67|122|338|95|11830.0
202406|PRVNC|41|46110|42110000|서울|수원시|서초동|4211000000|인계동|2|40|0|2|7|757|141|141|574|66168|14302.0|9869.0|5533.0|0.0|12409|8087|4080|2016582.0|1391529.0|780153.0|0.0|1185933|1280877|932783|57472|36|72|27|0|7716492|3959199|63357|1419432|2.19|11|4.51|69|305|466|3355.0
202406|ADM|47|11200|26110000|경기|서초구|인계동|4711000000|역삼1가|1|45|3|2|1|446|422|422|349|83503|46439.0|17417.0|15444.0|13578.0|46182|14105|11703|19597258.0|7349974.0|6517368.0|5729916.0|3866656|52201|333014|462589|114|225|51|20|2084358|19991836|1565233|793229|5.53|59|4.58|173|112|185|6608.0
202406|ADM|46|11200|42110000|인천|수원시|인계동|1117000000|역삼1가|2|30|2|2|8|1069|203|203|497|86148|29992.0|21131.0|10338.0|0.0|28573|15940|7593|6088376.0|4289593.0|2098614.0|0.0|2257551|2821474|429860|41818|36|119|43|11|7193137|5689935|2640693|749103|3.5|17|2.66|152|365|195|6205.0
202406|ADM|26|28110|41150000|경기|수원시|역삼동|1117000000|역삼1가|1|60|2|1|3|521|354|354|568|73087|34119.0|16697.0|4492.0|12930.0|33713|11994|4276|12078126.0|5910738.0|1590168.0|4577220.0|2026393|1723612|207265|152130|49|148|69|23|9241825|19852343|1001022|368854|2.32|42|3.81|86|45|294|1890.0
202406|PRVNC|42|42110|11140000|인천|강남구|인계동|4113000000|역삼1가|2|35|3|2|10|61|261|261|538|93059|46295.0|27617.0|10702.0|7976.0|40470|27149|7856|12082995.0|7208037.0|2793222.0|2081736.0|2202412|1633391|595674|41087|69|142|32|3|4245592|15165787|3824579|1093469|7.35|23|2.56|14|251|405|5773.0
202406|ADM|26|44130|11170000|경기|강남구|인계동|4111000000|인계동|1|55|0|1|1|646|383|383|140|17764|13382.0|7700.0|3034.0|2648.0|12786|7136|2959|5125306.0|2949100.0|1162022.0|1014184.0|4458249|1614903|52547|356858|102|191|63|25|8618150|16202162|3759563|623800|7.66|22|2.67|127|427|154|9394.0
202406|PRVNC|41|26110|41130000|경기|성남시|역삼동|4611000000|서초1동|1|55|2|2|9|1993|441|441|818|86804|44621.0|24523.0|6593.0|13505.0|36189|22061|4894|19677861.0|10814643.0|2907513.0|5955705.0|207609|1455257|827756|148544|102|207|124|34|9730656|6973780|3767612|1334872|5.66|20|3.83|115|10|112|200.0
202406|ADM|26|28110|47110000|경기|성남시|역삼동|2711000000|인계동|2|35|0|1|1|840|50|50|846|85268|2816.0|1352.0|880.0|584.0|2297|1285|754|140800.0|67600.0|44000.0|29200.0|2917940|2505551|237569|53574|7|21|12|1|6111259|4130018|4461503|1331160|7.03|0|2.85|101|0|323|0.0
202406|ADM|26|41130|42110000|경기|수원시|서초동|2614000000|인계동|1|40|0|1|4|1266|447|447|217|77191|40325.0|27609.0|10187.0|2529.0|40100|24938|9534|18025275.0|12341223.0|4553589.0|1130463.0|23512|1117538|78063|498510|96|242|116|26|4943918|8114522|1459639|850344|4.14|54|4.8|109|73|5|3942.0
202406|CNTY_GU|11|41130|43110000|인천|서초구|인계동|1120000000|역삼1가|2|55|0|2|4|1909|311|311|938|26615|8889.0|5497.0|2712.0|680.0|8162|4623|2524|2764479.0|1709567.0|843432.0|211480.0|2339980|1982125|706136|117013|78|132|59|24|5674533|6534064|3897851|425132|6.39|19|3.66|108|298|479|5662.0
202406|CNTY_GU|11|28110|11170000|대구|서초구|역삼동|4511000000|서초1동|2|50|2|2|7|603|224|224|9|39403|12349.0|6947.0|1967.0|3435.0|11320|6683|1506|2766176.0|1556128.0|440608.0|769440.0|4307480|2723003|810442|407725|49|115|54|14|3819695|1186451|4464994|726610|5.5|30|4.11|51|310|238|9300.0
202406|PRVNC|26|45110|11200000|경기|서초구|인계동|4413000000|인계동|2|65|2|1|4|1178|263|263|614|27626|15563.0|8936.0|5697.0|930.0|12330|6359|5594|4093069.0|2350168.0|1498311.0|244590.0|1583160|2456154|451012|30373|78|121|66|3|9611124|19533559|4988933|1061026|2.79|8|3.56|168|356|407|2848.0
202406|ADM|43|45110|26110000|서울|성남시|인계동|4113000000|인계동|1|20|1|2|10|735|32|32|447|32288|24792.0|8207.0|2934.0|13651.0|23378|6655|2779|793344.0|262624.0|93888.0|436832.0|4649320|944057|609795|310065|6|14|8|1|8415949|15683767|3977966|1347301|6.21|0|3.34|66|0|373|0.0
202406|ADM|27|44130|41110000|경기|수원시|역삼동|4711000000|인계동|2|40|0|2|6|925|200|200|533|63937|27908.0|8893.0|4348.0|14667.0|25281|8134|3127|5581600.0|1778600.0|869600.0|2933400.0|4906575|417295|165293|65755|44|84|40|9|3954283|1299744|556791|697028|2.77|26|4.92|71|379|449|9854.0
202406|ADM|47|41150|11170000|부산|성남시|서초동|1117000000|인계동|2|70|0|1|5|1698|325|325|162|71827|17937.0|5635.0|5291.0|7011.0|13333|5536|3712|5829525.0|1831375.0|1719575.0|2278575.0|3312816|2571458|393798|384373|46|187|73|15|2518534|150169|3178459|375813|7.39|37|4.04|174|223|112|8251.0
202406|ADM|26|11170|42110000|경기|성남시|서초동|1117000000|서초1동|1|70|2|1|8|1135|266|266|907|56875|74.0|46.0|15.0|13.0|56|36|10|19684.0|12236.0|3990.0|3458.0|1093969|2096049|242237|273285|65|132|67|15|8991212|9652622|453733|337900|4.93|11|1.18|11|129|414|1419.0
202406|CNTY_GU|42|11110|41150000|인천|성남시|인계동|4711000000|역삼1가|1|40|2|1|4|1805|63|63|766|37482|31687.0|11404.0|12007.0|8276.0|29876|9459|10177|1996281.0|718452.0|756441.0|521388.0|1904383|2015933|708997|66567|7|33|15|5|6126814|18245282|1723392|566589|3.77|3|2.07|95|69|491|207.0
202406|CNTY_GU|44|27110|47110000|서울|서초구|서초동|4511000000|인계동|2|40|2|1|3|943|69|69|489|24971|38627.0|23027.0|9173.0|6427.0|31713|20685|8995|2665263.0|1588863.0|632937.0|443463.0|217119|679512|414873|14264|10|31|16|6|5172762|13479742|1103354|330601|3.58|2|4.4|67|110|176|220.0
202406|ADM|44|42110|11140000|인천|수원시|역삼동|4711000000|역삼1가|2|30|1|1|7|1073|162|162|54|16300|17269.0|6195.0|6306.0|4768.0|15271|4746|4831|2797578.0|1003590.0|1021572.0|772416.0|4241609|2331876|96605|259171|19|77|18|12|4713844|9236890|2657656|1432615|3.46|15|4.32|113|183|439|2745.0
202406|ADM|47|26140|11200000|경기|성남시|서초동|1120000000|서초1동|1|50|2|2|1|1384|498|498|451|94056|49921.0|23131.0|15571.0|11219.0|47941|19552|11424|24860658.0|11519238.0|7754358.0|5587062.0|3533187|1552442|773730|77614|121|212|133|11|9821426|7658800|415385|718624|2.67|0|1.35|84|0|202|0.0
202406|CNTY_GU|45|27110|11170000|부산|성남시|인계동|1120000000|인계동|2|45|2|2|1|1910|183|183|541|18781|4905.0|2527.0|834.0|1544.0|4278|2129|652|897615.0|462441.0|152622.0|282552.0|1819744|1359106|406854|252584|22|98|26|10|9576881|7171508|1043902|72741|3.21|23|1.65|31|72|18|1656.0
202406|ADM|44|41110|44130000|인천|강남구|인계동|4113000000|인계동|1|35|1|2|8|392|271|271|94|62791|27690.0|21414.0|3712.0|2564.0|19445|20852|3125|7503990.0|5803194.0|1005952.0|694844.0|3289728|2814397|989630|200386|61|158|48|17|5163611|13811826|4923105|1076490|3.81|11|3.56|66|466|276|5126.0
202406|CNTY_GU|11|11110|42110000|서울|강남구|인계동|1114000000|인계동|2|50|2|2|10|1716|489|489|868|61826|48483.0|31918.0|18592.0|0.0|46549|23947|18160|23708187.0|15607902.0|9091488.0|0.0|2664878|1462221|268166|56507|91|260|83|43|6883873|5305646|96919|1601481|3.72|41|2.57|167|114|250|4674.0
202406|CNTY_GU|27|43110|11110000|대구|성남시|역삼동|4511000000|인계동|1|30|0|2|5|867|407|407|382|83627|15402.0|6248.0|1843.0|7311.0|13234|4378|1813|6268614.0|2542936.0|750101.0|2975577.0|3932861|2390431|335525|163815|83|235|68|19|2813482|12201056|907550|1486811|5.09|25|4.93|151|87|150|2175.0
202406|CNTY_GU|45|41110|46110000|인천|성남시|역삼동|4611000000|서초1동|2|70|3|2|2|822|478|478|812|62197|33967.0|16010.0|10268.0|7689.0|28226|11500|8037|16236226.0|7652780.0|4908104.0|3675342.0|3448378|239847|336738|106209|119|192|121|19|7725984|2340601|4890470|1382426|2.05|37|4.57|47|465|219|17205.0
202406|CNTY_GU|11|41130|41110000|서울|수원시|인계동|4113000000|서초1동|2|50|0|1|7|944|73|73|308|43765|48146.0|33312.0|9704.0|5130.0|35505|29510|9204|3514658.0|2431776.0|708392.0|374490.0|746748|2098100|857603|260053|20|37|18|4|3627199|14475298|1520123|511331|6.01|2|3.83|132|499|496|998.0
202406|ADM|45|45110|44130000|인천|강남구|서초동|4511000000|역삼1가|1|55|2|2|1|421|43|43|922|16937|25028.0|15350.0|6559.0|3119.0|24684|11584|5611|1076204.0|660050.0|282037.0|134117.0|4610629|2326331|784226|276507|12|18|11|1|1971781|14485983|2587022|42695|3.9|2|3.45|136|113|289|226.0
202406|ADM|11|41110|11140000|경기|수원시|인계동|4115000000|역삼1가|2|35|2|2|7|117|114|114|995|76437|10565.0|4355.0|1440.0|4770.0|10077|3472|1321|1204410.0|496470.0|164160.0|543780.0|2053015|73698|750513|58878|12|47|20|4|6981724|10962927|2801741|4731|6.89|15|1.01|111|361|336|5415.0
202406|ADM|44|28110|46110000|경기|서초구|역삼동|4211000000|역삼1가|1|70|3|2|2|1808|426|426|85|89826|5736.0|2468.0|1938.0|1330.0|4031|2460|1626|2443536.0|1051368.0|825588.0|566580.0|690512|2040920|175269|226761|120|251|61|16|8366648|15342550|4782418|454040|4.61|12|2.39|42|434|457|5208.0
202406|CNTY_GU|27|41110|11200000|대구|성남시|역삼동|2614000000|인계동|1|25|2|1|9|1764|313|313|366|35229|38989.0|29025.0|13565.0|0.0|30346|28761|11212|12203557.0|9084825.0|4245845.0|0.0|4536092|2591155|259502|438870|67|183|83|6|3780081|16943509|3453372|257774|2.31|37|3.7|68|354|297|13098.0
202406|CNTY_GU|42|11200|26110000|부산|수원시|역삼동|4413000000|서초1동|2|35|3|1|9|145|437|437|749|60126|48408.0|29155.0|6648.0|12605.0|42533|24918|6378|21154296.0|12740735.0|2905176.0|5508385.0|2161349|1344405|314752|221144|120|246|72|34|7623067|5322337|4265762|1468101|4.12|10|2.86|62|202|248|2020.0
202406|PRVNC|46|43110|11110000|부산|수원시|인계동|2611000000|서초1동|1|25|1|1|3|359|358|358|267|27331|34829.0|15086.0|5631.0|14112.0|32784|11388|4158|12468782.0|5400788.0|2015898.0|5052096.0|399625|2762217|519939|477263|51|179|106|8|5525203|1768086|4891710|1609204|4.98|2|4.79|140|487|404|974.0
202406|ADM|47|43110|47110000|대구|강남구|인계동|4115000000|인계동|2|35|1|1|8|1594|246|246|490|41385|32474.0|23550.0|4610.0|4314.0|24004|17580|3655|7988604.0|5793300.0|1134060.0|1061244.0|1436436|870345|478355|348154|43|125|65|6|8753229|12614553|2170175|332944|5.5|2|3.09|175|118|93|236.0
202406|ADM|46|27110|26110000|경기|수원시|인계동|1120000000|역삼1가|1|20|0|2|1|564|90|90|923|13698|15889.0|6168.0|2536.0|7185.0|15228|4543|1857|1430010.0|555120.0|228240.0|646650.0|984542|2497944|94851|225030|12|48|25|1|1916867|8260429|4541702|1291831|2.04|12|3.5|71|283|388|3396.0
202406|PRVNC|45|11200|11140000|부산|서초구|인계동|2611000000|역삼1가|2|55|3|1|9|1852|153|153|522|20766|42956.0|26551.0|12461.0|3944.0|30986|25453|11123|6572268.0|4062303.0|1906533.0|603432.0|4084698|1734549|566358|278763|44|86|31|3|4164170|983381|1317083|610158|6.95|6|1.55|106|82|383|492.0
202406|ADM|47|43110|26140000|인천|서초구|인계동|1114000000|인계동|2|60|2|1|9|311|441|441|341|53870|27404.0|13241.0|3719.0|10444.0|24870|10141|3338|12085164.0|5839281.0|1640079.0|4605804.0|2442888|883521|393357|275469|129|237|56|10|5176153|8549401|2436401|465202|2.01|56|2.83|42|78|274|4368.0
202406|PRVNC|43|41130|11140000|부산|서초구|서초동|1111000000|역삼1가|1|40|0|1|3|1290|100|100|196|74378|40291.0|13764.0|13681.0|12846.0|37609|11278|11014|4029100.0|1376400.0|1368100.0|1284600.0|4603219|137114|74388|483074|27|41|25|9|7992019|13393529|185603|262317|7.69|14|1.93|115|100|393|1400.0
202406|ADM|11|26140|47110000|서울|서초구|서초동|4211000000|인계동|2|20|0|1|9|137|146|146|563|47452|18412.0|8573.0|6441.0|3398.0|17500|8514|6106|2688152.0|1251658.0|940386.0|496108.0|677142|2910909|417873|58391|16|63|34|13|2231697|14060524|2739629|8175|5.51|14|4.03|15|281|0|3934.0
202406|ADM|45|41130|41110000|서울|서초구|인계동|4115000000|역삼1가|2|70|2|1|2|803|233|233|723|65205|27879.0|13628.0|5223.0|9028.0|27196|11804|4443|6495807.0|3175324.0|1216959.0|2103524.0|4531427|2780657|656714|345873|52|124|60|11|7217770|14175920|2831797|233111|2.29|2|4.51|134|50|171|100.0
202406|ADM|45|26140|26110000|경기|서초구|인계동|2711000000|인계동|2|45|1|1|5|239|81|81|131|14938|24042.0|15473.0|9344.0|0.0|20782|13617|7164|1947402.0|1253313.0|756864.0|0.0|459177|368184|123092|305545|15|41|16|3|8528357|9711813|4299263|1129386|5.57|6|2.77|140|450|58|2700.0
202406|CNTY_GU|46|46110|26140000|서울|성남시|서초동|4111000000|인계동|1|45|3|2|6|518|387|387|378|23328|2299.0|1004.0|513.0|782.0|1832|802|499|889713.0|388548.0|198531.0|302634.0|3569992|2287397|697016|395068|111|162|101|12|4827230|19986915|1078772|1958785|2.03|10|1.53|130|204|258|2040.0
202406|PRVNC|47|26140|43110000|인천|성남시|역삼동|1120000000|서초1동|2|30|1|2|9|903|411|411|579|89342|22078.0|9176.0|2884.0|10018.0|16472|7281|2216|9074058.0|3771336.0|1185324.0|4117398.0|702552|1043907|680939|259752|70|207|43|13|1504166|4469368|4466497|1875221|7.56|53|1.19|83|216|285|11448.0
202406|PRVNC|26|28110|41150000|대구|수원시|인계동|4115000000|인계동|1|25|0|2|10|1511|241|241|240|51646|24587.0|16117.0|7613.0|857.0|23867|12288|6709|5925467.0|3884197.0|1834733.0|206537.0|2220543|2299748|625457|302982|60|130|66|7|5485364|15113399|39467|348996|2.63|1|2.26|126|72|369|72.0
202406|CNTY_GU|42|41130|46110000|인천|서초구|역삼동|4111000000|역삼1가|1|45|0|1|8|1102|123|123|231|33427|45684.0|22179.0|15109.0|8396.0|39809|20838|13977|5619132.0|2728017.0|1858407.0|1032708.0|4461563|708805|619792|447357|31|62|27|8|8072011|18245299|3214328|858826|3.14|5|4.73|37|334|32|1670.0
202406|ADM|47|28110|26140000|부산|서초구|서초동|2611000000|서초1동|2|20|1|1|3|324|372|372|634|21401|27521.0|17457.0|6588.0|3476.0|20973|15421|4653|10237812.0|6494004.0|2450736.0|1293072.0|3206734|2969738|62039|71089|105|160|50|36|9945061|5342346|4996619|199653|5.78|39|2.29|33|454|265|17706.0
202406|CNTY_GU|42|46110|41130000|경기|수원시|인계동|4111000000|역삼1가|2|60|3|1|2|253|192|192|995|50701|37335.0|26301.0|10469.0|565.0|29400|22446|9092|7168320.0|5049792.0|2010048.0|108480.0|4404074|2696000|52360|17459|21|94|42|13|5405378|1559400|247448|7786|3.2|20|3.41|56|71|187|1420.0
202406|CNTY_GU|11|47110|11110000|대구|성남시|역삼동|4611000000|역삼1가|1|55|0|2|8|724|160|160|665|70066|33667.0|26663.0|5314.0|1690.0|32362|23018|4820|5386720.0|4266080.0|850240.0|270400.0|1440794|2803264|182154|462198|18|74|40|3|2563455|6508670|862999|336795|2.04|8|3.02|150|12|409|96.0
202406|ADM|45|11110|41130000|경기|성남시|역삼동|4111000000|역삼1가|1|45|0|2|10|1405|148|148|624|27266|51.0|19.0|6.0|26.0|50|14|4|7548.0|2812.0|888.0|3848.0|2599500|1878330|48170|355021|42|80|20|9|7882721|726447|633946|426632|4.5|6|1.81|38|344|244|2064.0
202406|ADM|44|44130|43110000|인천|강남구|서초동|2711000000|서초1동|2|40|2|2|2|1916|211|211|399|90020|21707.0|12531.0|8602.0|574.0|21535|10079|7361|4580177.0|2644041.0|1815022.0|121114.0|1152971|606387|762938|238378|26|95|25|10|4227823|18283260|2875142|1806909|7.45|3|4.77|44|336|477|1008.0
202406|ADM|27|42110|44130000|서울|성남시|인계동|1120000000|역삼1가|1|25|2|1|1|704|449|449|956|51213|24045.0|8846.0|4060.0|11139.0|18352|8317|2975|10796205.0|3971854.0|1822940.0|5001411.0|4568556|1088902|135555|440718|101|192|131|27|3395446|6317514|3607190|763409|7.5|34|1.72|128|165|149|5610.0
202406|ADM|26|41110|44130000|경기|서초구|서초동|1114000000|서초1동|1|45|2|1|4|972|68|68|873|79328|22396.0|12063.0|7847.0|2486.0|18166|9088|7230|1522928.0|820284.0|533596.0|169048.0|3866111|2880984|424031|203077|9|35|11|1|6238576|2467694|1365398|1433636|6.26|2|1.37|19|463|279|926.0
202406|CNTY_GU|43|45110|41110000|대구|성남시|역삼동|4511000000|인계동|2|50|3|2|2|703|193|193|238|62271|26012.0|9128.0|5381.0|11503.0|25782|8663|3961|5020316.0|1761704.0|1038533.0|2220079.0|986123|1403431|332885|276800|28|101|29|2|9048523|11842550|1429703|1426128|3.41|19|4.74|96|208|406|3952.0
202406|ADM|44|41110|43110000|경기|수원시|인계동|4711000000|역삼1가|2|20|3|1|3|1234|89|89|282|92413|23312.0|17939.0|6951.0|0.0|21960|14034|6826|2074768.0|1596571.0|618639.0|0.0|4034711|2606906|750692|476553|16|38|12|0|9384584|3252924|1819190|1188116|2.65|11|2.37|178|274|61|3014.0
202406|PRVNC|41|11140|42110000|경기|성남시|서초동|4111000000|역삼1가|2|20|0|2|7|1638|450|450|163|91506|49968.0|26535.0|17935.0|5498.0|38294|23769|16053|22485600.0|11940750.0|8070750.0|2474100.0|361567|2437745|733034|402794|125|211|86|34|7580200|13515000|4606368|942739|7.02|34|3.95|72|445|235|15130.0
202406|ADM|42|41150|28110000|경기|성남시|서초동|1120000000|인계동|2|60|0|2|2|585|32|32|746|80299|9167.0|3139.0|3307.0|2721.0|6459|2340|2991|293344.0|100448.0|105824.0|87072.0|365942|771827|150085|71816|8|12|4|1|8986725|13000836|4188397|604583|7.79|2|4.78|23|90|412|180.0
202406|ADM|44|27110|28110000|부산|수원시|서초동|4611000000|인계동|1|30|1|1|8|42|213|213|29|63244|29505.0|13565.0|6168.0|9772.0|25774|11277|5418|6284565.0|2889345.0|1313784.0|2081436.0|3417147|2417502|523869|208682|35|103|57|13|8110125|1247943|4712396|518545|3.98|6|1.35|111|238|435|1428.0
202406|CNTY_GU|45|11170|11140000|경기|강남구|서초동|4711000000|인계동|1|30|0|2|4|248|212|212|196|91988|12733.0|9655.0|1445.0|1633.0|9149|7668|1083|2699396.0|2046860.0|306340.0|346196.0|2033435|718523|761880|223534|24|105|35|10|2659819|9714045|2270461|648588|4.15|24|3.0|130|241|492|5784.0
202406|CNTY_GU|27|45110|11170000|경기|강남구|서초동|4115000000|인계동|2|50|2|2|4|1424|263|263|450|91968|47225.0|25794.0|12691.0|8740.0|40463|19605|12415|12420175.0|6783822.0|3337733.0|2298620.0|2915475|2955686|699118|343515|75|125|37|9|8899779|18071274|1010651|1325447|5.58|21|1.85|125|378|223|7938.0
202406|CNTY_GU|11|41110|26140000|서울|성남시|인계동|2711000000|서초1동|1|65|3|1|10|1991|148|148|363|41850|12851.0|10126.0|2783.0|0.0|12181|8224|2071|1901948.0|1498648.0|411884.0|0.0|486616|810141|342880|279845|39|64|23|9|7046850|12361713|2578383|1570301|6.59|13|2.96|107|174|411|2262.0
202406|CNTY_GU|44|42110|11110000|서울|성남시|서초동|1111000000|인계동|1|70|0|1|8|583|154|154|719|82235|28488.0|11782.0|4196.0|12510.0|26411|9036|3024|4387152.0|1814428.0|646184.0|1926540.0|2264599|237817|425802|335105|35|92|27|10|2679445|12208765|2660765|688154|6.18|16|3.19|121|278|254|4448.0
202406|CNTY_GU|47|42110|27110000|인천|서초구|서초동|2711000000|역삼1가|1|20|2|1|6|1902|449|449|808|85123|16621.0|5614.0|5101.0|5906.0|16123|5179|4689|7462829.0|2520686.0|2290349.0|2651794.0|345185|1128992|408096|413307|116|238|81|38|5306366|8862386|1081421|1480702|5.4|28|4.64|87|193|173|5404.0
202406|CNTY_GU|44|47110|46110000|대구|수원시|인계동|4611000000|서초1동|1|30|0|1|8|1868|207|207|523|40886|37673.0|17091.0|7303.0|13279.0|28379|12871|5459|7798311.0|3537837.0|1511721.0|2748753.0|3527973|545333|551452|109348|25|104|40|6|257963|3311132|1610070|794155|5.03|17|3.52|124|486|444|8262.0
202406|PRVNC|11|11170|26110000|부산|성남시|서초동|4711000000|역삼1가|2|70|0|1|9|847|398|398|328|91331|17481.0|11354.0|3842.0|2285.0|14886|10889|3515|6957438.0|4518892.0|1529116.0|909430.0|4554616|170251|220987|279638|42|226|94|3|3807584|13306961|2903064|1040161|6.68|21|1.21|145|400|383|8400.0
202406|ADM|44|26140|41130000|경기|서초구|인계동|4611000000|역삼1가|1|50|0|2|7|702|365|365|149|68329|37262.0|11873.0|4959.0|20430.0|28690|10335|4137|13600630.0|4333645.0|1810035.0|7456950.0|4061784|1938379|998797|269181|98|165|99|13|7543560|15790122|168956|594916|4.77|2|4.05|175|53|267|106.0
202406|CNTY_GU|45|26110|11110000|서울|서초구|인계동|4211000000|인계동|2|70|0|2|2|1266|410|410|842|68114|39321.0|26652.0|5363.0|7306.0|38975|20042|5316|16121610.0|10927320.0|2198830.0|2995460.0|207439|514441|576593|349487|93|177|109|6|9797644|5701471|1333070|1819006|2.18|16|1.93|93|386|98|6176.0
202406|CNTY_GU|43|11140|26110000|부산|서초구|역삼동|2614000000|서초1동|2|25|0|1|4|245|52|52|627|10011|7203.0|5668.0|963.0|572.0|6339|4363|742|374556.0|294736.0|50076.0|29744.0|584416|280840|492624|335149|13|25|12|0|1386792|10542368|4781073|139394|7.77|5|2.76|127|435|185|2175.0
202406|CNTY_GU|47|11200|46110000|경기|강남구|역삼동|2711000000|역삼1가|1|35|1|1|10|1376|391|391|969|15472|865.0|405.0|279.0|181.0|744|331|225|338215.0|158355.0|109089.0|70771.0|3665441|2993206|861823|7424|81|218|41|4|1134469|4272467|709481|1129993|5.07|6|3.96|57|416|273|2496.0
202406|ADM|45|11140|11110000|부산|성남시|인계동|2614000000|인계동|2|20|2|1|2|448|396|396|48|20501|48922.0|19373.0|15498.0|14051.0|44211|15452|12983|19373112.0|7671708.0|6137208.0|5564196.0|4614742|1937991|68342|88321|103|212|51|9|1877170|2782979|1100271|919902|2.48|49|1.44|166|267|407|13083.0
202406|ADM|44|27110|41150000|경기|강남구|서초동|4413000000|인계동|1|35|2|1|4|55|9|9|673|38154|28030.0|12190.0|5655.0|10185.0|23627|9738|4257|252270.0|109710.0|50895.0|91665.0|2607175|1991660|169348|26726|2|4|1|0|8178165|11013167|1911540|893009|5.85|0|4.81|162|0|344|0.0
202406|CNTY_GU|47|45110|11110000|부산|수원시|서초동|4711000000|인계동|2|70|2|2|7|1031|75|75|475|67910|5755.0|2754.0|1469.0|1532.0|4727|2528|1435|431625.0|206550.0|110175.0|114900.0|1214496|2766666|479757|428916|11|35|22|7|8178463|19671368|2906444|1277763|7.77|0|1.16|171|0|252|0.0
202406|CNTY_GU|11|41150|43110000|부산|서초구|역삼동|2811000000|인계동|1|60|0|2|1|1992|183|183|338|36094|21154.0|7134.0|3631.0|10389.0|19001|5299|2782|3871182.0|1305522.0|664473.0|1901187.0|3681545|1288468|671615|118496|35|96|42|5|5731509|19536581|374689|1780650|7.81|10|2.11|34|308|92|3080.0
202406|CNTY_GU|43|11110|41150000|경기|서초구|서초동|4211000000|역삼1가|1|55|2|1|3|421|69|69|742|50494|49132.0|23491.0|12474.0|13167.0|38799|20735|9674|3390108.0|1620879.0|860706.0|908523.0|2748534|613301|817014|300909|7|39|16|6|1879396|3846106|4802172|653750|5.17|7|2.86|69|444|214|3108.0
202406|ADM|43|44130|41110000|대구|강남구|인계동|4611000000|인계동|2|35|1|1|8|1494|297|297|307|30351|34307.0|25649.0|5415.0|3243.0|32917|22498|3973|10189179.0|7617753.0|1608255.0|963171.0|143919|1535679|75360|320638|71|161|40|3|5502843|17025286|356645|837494|2.86|43|3.19|177|399|376|17157.0
202406|CNTY_GU|44|11140|11110000|인천|서초구|서초동|4511000000|역삼1가|2|65|2|1|4|1828|387|387|42|74430|38606.0|30684.0|4808.0|3114.0|28596|29033|3666|14940522.0|11874708.0|1860696.0|1205118.0|357548|767426|719996|442525|74|188|71|0|8486082|13281849|375274|949848|2.74|17|3.83|76|115|328|1955.0
202406|ADM|46|45110|11140000|인천|수원시|역삼동|4711000000|인계동|1|60|3|2|4|1991|39|39|421|79935|34163.0|11162.0|9862.0|13139.0|26748|9619|8054|1332357.0|435318.0|384618.0|512421.0|353969|2432803|642099|190230|5|17|9|2|5588464|17309011|694357|364171|2.46|2|1.28|128|418|190|836.0
202406|CNTY_GU|45|45110|26110000|대구|성남시|역삼동|4413000000|인계동|1|60|2|2|9|839|386|386|783|89492|33691.0|19447.0|6492.0|7752.0|30090|14309|6242|13004726.0|7506542.0|2505912.0|2992272.0|3012590|2346612|134994|343019|51|190|93|3|5385953|7182833|4522446|306001|2.9|9|3.16|10|448|251|4032.0
202406|CNTY_GU|43|11200|43110000|서울|서초구|역삼동|4611000000|역삼1가|1|45|3|2|5|1351|297|297|107|50849|30848.0|16667.0|9501.0|4680.0|28811|14063|7623|9161856.0|4950099.0|2821797.0|1389960.0|559610|2172840|344779|469840|38|120|88|27|2714165|17121267|2411964|1925707|7.16|6|4.76|107|289|69|1734.0
202406|ADM|43|43110|11140000|대구|수원시|역삼동|4711000000|역삼1가|2|35|0|1|10|66|483|483|892|64443|36239.0|27412.0|12412.0|0.0|26017|22086|11873|17503437.0|13239996.0|5994996.0|0.0|249961|694178|381938|421569|99|208|97|13|7728344|1082753|895502|353007|3.33|19|2.82|54|138|428|2622.0
202406|PRVNC|26|11200|27110000|부산|강남구|인계동|4211000000|서초1동|2|70|0|2|1|251|476|476|599|62284|38949.0|14948.0|5983.0|18018.0|27606|13072|4984|18539724.0|7115248.0|2847908.0|8576568.0|1570481|466387|457602|149646|120|226|47|7|3056525|1239716|908507|588775|6.79|11|1.89|53|349|139|3839.0
202406|ADM|11|44130|41110000|부산|강남구|서초동|4611000000|역삼1가|1|40|1|1|4|230|404|404|248|29855|21467.0|14814.0|6975.0|0.0|16074|13146|5084|8672668.0|5984856.0|2817900.0|0.0|1561218|1462145|605294|121615|54|217|86|3|8810891|12233966|1699258|6814|3.38|24|3.78|143|300|138|7200.0
202406|ADM|45|41110|11110000|서울|서초구|인계동|4111000000|인계동|1|60|2|2|6|838|384|384|393|71471|27330.0|15603.0|10030.0|1697.0|21151|13455|7951|10494720.0|5991552.0|3851520.0|651648.0|413125|859650|661604|373958|108|225|43|14|3137028|2008208|3631062|415397|6.7|19|4.38|150|126|367|2394.0
202406|CNTY_GU|45|41130|46110000|경기|성남시|역삼동|4611000000|역삼1가|2|70|1|2|5|391|242|242|483|27835|49008.0|15797.0|8465.0|24746.0|36877|12496|8103|11859936.0|3822874.0|2048530.0|5988532.0|4099187|65594|165600|34852|65|107|70|6|6538487|11052342|1975623|162614|6.77|15|2.69|10|310|256|4650.0
202406|ADM|46|43110|42110000|인천|강남구|서초동|4115000000|역삼1가|1|65|2|1|3|629|116|116|486|56225|28509.0|17748.0|6679.0|4082.0|25141|14563|5432|3307044.0|2058768.0|774764.0|473512.0|2497914|1495645|691944|96892|22|55|21|10|9954435|4541426|2268522|1732899|6.08|15|1.11|106|99|112|1485.0
202406|PRVNC|43|45110|26140000|인천|성남시|서초동|4413000000|서초1동|2|25|2|2|6|159|231|231|197|10690|19699.0|8116.0|6231.0|5352.0|18217|5946|4807|4550469.0|1874796.0|1439361.0|1236312.0|1935410|2465773|694862|486567|23|122|35|6|8038754|2383091|1002813|411151|2.3|1|1.41|158|487|442|487.0
202406|PRVNC|45|45110|44130000|부산|강남구|서초동|4111000000|역삼1가|2|50|1|1|6|895|236|236|768|74182|29498.0|17545.0|6040.0|5913.0|28884|14339|5272|6961528.0|4140620.0|1425440.0|1395468.0|4773213|2378412|980110|296677|66|112|36|11|9257654|8319663|1751747|322168|6.39|15|3.24|68|310|468|4650.0
202406|ADM|45|44130|11110000|경기|강남구|인계동|2811000000|서초1동|1|40|1|2|6|446|159|159|261|38941|37568.0|13551.0|10006.0|14011.0|34603|12194|9670|5973312.0|2154609.0|1590954.0|2227749.0|3815570|2568864|464673|29622|36|91|21|5|4977255|4710848|116615|191682|7.76|16|2.15|137|266|257|4256.0
202406|ADM|42|11170|11140000|부산|강남구|서초동|4413000000|서초1동|2|50|1|1|6|1586|462|462|577|25971|46834.0|15485.0|14938.0|16411.0|42747|12579|14765|21637308.0|7154070.0|6901356.0|7581882.0|268138|2170177|82997|332678|46|220|92|6|608891|3737510|3377203|1535952|6.26|0|2.65|168|0|225|0.0
202406|ADM|26|41130|26140000|대구|성남시|서초동|4511000000|역삼1가|2|50|2|2|8|1637|50|50|890|31330|24812.0|12805.0|9479.0|2528.0|21862|9215|8825|1240600.0|640250.0|473950.0|126400.0|4248004|453282|267186|411375|9|28|10|3|7269014|6108633|3965704|1190596|4.81|5|3.68|176|284|249|1420.0
202406|ADM|47|11170|26110000|서울|강남구|서초동|4115000000|서초1동|2|70|0|1|3|78|352|352|692|29706|35099.0|11244.0|9965.0|13890.0|27604|9774|7846|12354848.0|3957888.0|3507680.0|4889280.0|3718811|2420985|72517|282363|99|211|77|1|9662286|3819705|3380441|320325|2.24|26|3.58|47|323|266|8398.0
202406|ADM|11|26110|41150000|인천|서초구|인계동|4113000000|서초1동|1|50|1|2|7|63|375|375|117|96518|15445.0|8931.0|3105.0|3409.0|13561|8629|2808|5791875.0|3349125.0|1164375.0|1278375.0|3506966|1603110|415321|296388|79|156|42|5|4222170|15743203|2569693|225110|4.67|4|4.81|164|439|479|1756.0
202406|CNTY_GU|42|43110|46110000|서울|서초구|역삼동|1111000000|역삼1가|1|20|0|1|1|302|482|482|524|15856|1809.0|1139.0|416.0|254.0|1405|1105|357|871938.0|548998.0|200512.0|122428.0|1460833|2817865|695127|198699|64|208|82|19|4001454|12975641|159948|1418573|5.52|46|1.22|108|442|318|20332.0
202406|CNTY_GU|42|47110|26140000|인천|성남시|역삼동|4211000000|역삼1가|1|40|2|1|3|1181|16|16|839|88416|22119.0|11338.0|8837.0|1944.0|20072|10913|8411|353904.0|181408.0|141392.0|31104.0|4980458|2795176|57940|281576|4|6|2|1|8169001|1408461|2518548|1690347|6.28|2|1.86|117|400|312|800.0
202406|ADM|41|47110|11170000|대구|서초구|역삼동|2711000000|역삼1가|2|20|2|1|1|1994|494|494|892|82871|12591.0|10001.0|2893.0|0.0|10997|7400|2264|6219954.0|4940494.0|1429142.0|0.0|1558708|1245617|582799|11238|103|229|136|42|1645058|16877404|1535429|520289|5.81|62|3.6|108|332|431|20584.0
202406|ADM|42|41150|41110000|대구|수원시|인계동|4711000000|인계동|2|35|0|1|9|140|118|118|989|76885|45692.0|20058.0|12253.0|13381.0|38771|18098|11749|5391656.0|2366844.0|1445854.0|1578958.0|3601030|37948|85040|14185|21|57|33|11|5880314|7464535|1883191|1864563|4.9|7|3.89|161|177|439|1239.0
202406|ADM|43|41110|11170000|서울|강남구|인계동|1120000000|역삼1가|1|30|0|1|10|1182|352|352|157|57682|16796.0|12548.0|2498.0|1750.0|14647|10773|1818|5912192.0|4416896.0|879296.0|616000.0|2540386|1739864|837390|469839|69|170|100|25|8286777|18015415|3883337|462863|4.36|40|4.36|149|169|371|6760.0
202406|ADM|27|11140|42110000|경기|수원시|역삼동|4115000000|역삼1가|1|50|1|1|7|1437|61|61|323|87328|412.0|294.0|99.0|19.0|328|269|98|25132.0|17934.0|6039.0|1159.0|144233|368043|947265|88718|11|33|11|3|2004171|5512733|331611|1604714|4.1|5|4.41|113|389|427|1945.0
202406|ADM|46|42110|47110000|부산|성남시|인계동|4111000000|서초1동|1|65|1|1|10|1514|28|28|467|23178|8786.0|3141.0|2658.0|2987.0|7909|3065|2625|246008.0|87948.0|74424.0|83636.0|744806|930376|599960|317040|5|16|6|1|2869248|4609226|2613385|1449314|6.22|4|3.54|136|444|491|1776.0
202406|PRVNC|11|44130|45110000|경기|수원시|인계동|2711000000|인계동|1|50|0|2|10|529|430|430|217|44787|10467.0|3956.0|1991.0|4520.0|9950|3589|1742|4500810.0|1701080.0|856130.0|1943600.0|377941|2836403|696512|465712|56|242|64|31|4149797|4708066|3610035|128211|6.56|64|2.9|8|44|153|2816.0
202406|CNTY_GU|44|27110|11200000|서울|수원시|서초동|1111000000|역삼1가|1|45|3|1|1|2|104|104|717|93506|18661.0|11617.0|7296.0|0.0|17291|8919|7184|1940744.0|1208168.0|758784.0|0.0|573382|2613685|193864|244458|25|57|27|8|5578131|2585974|4230715|1133757|7.87|2|2.55|122|125|247|250.0
202406|CNTY_GU|43|27110|26110000|인천|서초구|서초동|4711000000|인계동|2|65|0|2|2|1593|221|221|124|30508|27923.0|14620.0|10733.0|2570.0|26512|10244|9437|6170983.0|3231020.0|2371993.0|567970.0|4133635|220510|642641|362398|65|115|43|8|289149|19140368|1668307|1765560|4.25|8|3.38|178|295|36|2360.0
202406|CNTY_GU|26|11110|41130000|인천|강남구|서초동|4711000000|역삼1가|1|25|0|2|9|1957|63|63|813|91299|8106.0|3258.0|2771.0|2077.0|6018|2692|2309|510678.0|205254.0|174573.0|130851.0|1586715|2896217|297316|488850|17|34|16|4|2128364|18243658|439713|841519|7.59|5|2.13|166|98|305|490.0
202406|ADM|26|43110|26110000|경기|수원시|서초동|1117000000|인계동|2|35|1|1|9|247|134|134|106|80995|39278.0|20018.0|7377.0|11883.0|29481|19442|6607|5263252.0|2682412.0|988518.0|1592322.0|3834439|2392706|512153|90286|34|73|17|4|4307539|18701822|600702|1012419|4.73|15|3.99|118|165|118|2475.0
202406|ADM|27|41150|11200000|서울|성남시|인계동|1117000000|역삼1가|1|60|3|1|2|1829|497|497|784|69840|22372.0|8197.0|2912.0|11263.0|20677|7899|2836|11118884.0|4073909.0|1447264.0|5597711.0|4506678|277891|844536|395288|142|204|115|26|9388117|18601009|82821|776222|2.94|5|1.46|174|402|118|2010.0
202406|PRVNC|45|11170|11200000|경기|수원시|인계동|4113000000|역삼1가|1|20|3|2|4|296|395|395|436|33630|20593.0|10552.0|4344.0|5697.0|15726|8196|3982|8134235.0|4168040.0|1715880.0|2250315.0|2491364|1299392|848072|129595|47|236|94|19|9340280|13688118|4664175|887118|7.9|28|2.33|82|346|160|9688.0
202406|ADM|47|44130|27110000|인천|서초구|역삼동|2611000000|인계동|1|30|1|2|9|527|443|443|299|65623|44714.0|21218.0|11655.0|11841.0|31468|19680|9303|19808302.0|9399574.0|5163165.0|5245563.0|3224629|78006|262428|133763|60|234|104|20|7382251|6579206|3111753|190548|2.98|34|1.65|62|216|194|7344.0
202406|ADM|45|44130|27110000|부산|강남구|인계동|4511000000|인계동|2|65|0|1|3|641|483|483|994|97114|36312.0|13096.0|7178.0|16038.0|35797|9891|5338|17538696.0|6325368.0|3466974.0|7746354.0|1292207|1992155|825968|218600|79|232|68|24|5799817|11593732|2509778|1460118|6.13|56|1.45|27|323|9|18088.0
202406|CNTY_GU|41|41110|41130000|서울|강남구|인계동|4511000000|역삼1가|1|30|3|1|7|323|383|383|716|71761|7995.0|3281.0|2510.0|2204.0|7928|2537|2015|3062085.0|1256623.0|961330.0|844132.0|4492169|2445964|952997|440420|44|160|103|31|8277539|18790448|4601042|1966995|3.76|14|3.36|44|11|242|154.0
202406|ADM|44|42110|26140000|인천|서초구|역삼동|1120000000|인계동|2|60|0|2|4|1654|264|264|954|92898|43480.0|26113.0|10089.0|7278.0|42497|21524|8428|11478720.0|6893832.0|2663496.0|1921392.0|1042748|2130148|203777|494733|78|154|59|20|6803983|15279813|3233187|1393568|7.41|31|2.35|28|55|17|1705.0
202406|ADM|46|28110|47110000|경기|서초구|역삼동|4115000000|서초1동|1|50|1|2|2|279|298|298|667|53679|42634.0|18284.0|14911.0|9439.0|37286|16289|14632|12704932.0|5448632.0|4443478.0|2812822.0|111999|1497268|682089|370030|87|123|59|8|5120072|4979615|308708|643968|5.87|30|2.38|33|53|486|1590.0
202406|ADM|11|45110|43110000|대구|서초구|인계동|4211000000|역삼1가|1|55|0|2|8|1882|204|204|921|41557|13233.0|6705.0|4568.0|1960.0|10131|5943|3658|2699532.0|1367820.0|931872.0|399840.0|2868774|898339|45602|343525|57|112|32|2|288176|9213179|1380540|1461923|2.49|9|2.4|78|335|475|3015.0
202406|CNTY_GU|26|26140|11170000|인천|강남구|서초동|4413000000|인계동|2|30|3|1|10|1670|165|165|872|81307|12353.0|7182.0|3306.0|1865.0|10790|5434|2381|2038245.0|1185030.0|545490.0|307725.0|4398484|2502041|934528|449981|31|79|41|0|9023638|10663627|4811042|1596327|3.53|6|2.73|27|54|368|324.0
202406|CNTY_GU|44|26140|11200000|서울|수원시|인계동|2811000000|역삼1가|1|30|1|2|6|333|386|386|228|56535|1930.0|1249.0|253.0|428.0|1862|1046|187|744980.0|482114.0|97658.0|165208.0|726768|1210278|377636|434022|51|207|56|7|8128013|358199|1742334|601044|4.87|42|4.73|136|483|157|20286.0
202406|ADM|26|46110|43110000|대구|강남구|서초동|1120000000|서초1동|1|40|3|1|5|1542|312|312|285|78876|45330.0|23142.0|16858.0|5330.0|37199|16331|14338|14142960.0|7220304.0|5259696.0|1662960.0|259063|1253384|627089|403980|87|164|34|7|8789532|16227815|4333562|777793|5.98|40|3.03|51|460|203|18400.0
202406|ADM|45|11140|11110000|부산|수원시|서초동|1114000000|인계동|1|65|2|2|10|368|28|28|383|56837|23876.0|13318.0|8467.0|2091.0|17396|9831|8389|668528.0|372904.0|237076.0|58548.0|2240527|1699163|547935|273519|6|12|3|0|8941420|5022820|1418637|1851997|4.19|3|4.8|121|108|410|324.0
202406|CNTY_GU|45|45110|47110000|경기|강남구|서초동|4113000000|인계동|2|65|2|2|4|454|488|488|131|18343|5073.0|2804.0|1347.0|922.0|4753|2603|1031|2475624.0|1368352.0|657336.0|449936.0|290933|1250583|886514|87365|119|289|64|44|5741118|19876994|2890816|1725874|7.43|33|3.02|93|405|118|13365.0
202406|ADM|41|42110|47110000|인천|수원시|서초동|1117000000|인계동|2|35|3|2|5|754|82|82|103|64264|32469.0|23865.0|7563.0|1041.0|31528|22286|7405|2662458.0|1956930.0|620166.0|85362.0|2646602|815885|443761|405779|15|34|15|0|9091041|12648642|1891494|758702|4.96|9|4.9|9|234|49|2106.0
202406|ADM|46|45110|27110000|대구|수원시|역삼동|2614000000|서초1동|2|60|1|2|7|1104|67|67|692|97224|29280.0|9224.0|7914.0|12142.0|26579|9019|7057|1961760.0|618008.0|530238.0|813514.0|2349241|1363290|647794|195557|17|27|12|1|709646|10663746|4594614|1866455|6.96|2|2.08|82|244|7|488.0
202406|ADM|11|26110|43110000|인천|수원시|인계동|4413000000|역삼1가|2|60|2|1|3|1140|387|387|196|58556|13866.0|5706.0|2769.0|5391.0|11158|4242|2040|5366142.0|2208222.0|1071603.0|2086317.0|4258189|1421403|414696|398299|73|220|69|32|1151876|12277026|999282|1230749|6.59|16|3.05|51|241|184|3856.0
202406|CNTY_GU|27|41130|42110000|대구|성남시|역삼동|1111000000|서초1동|2|50|1|2|2|1126|136|136|202|52475|27886.0|15876.0|3878.0|8132.0|20953|11496|2744|3792496.0|2159136.0|527408.0|1105952.0|3283901|960890|783618|398463|16|68|40|3|5118726|8561650|3202936|1861276|2.64|13|4.27|161|311|332|4043.0
202406|ADM|26|47110|42110000|인천|수원시|인계동|2611000000|인계동|1|55|0|1|10|1138|207|207|382|79197|34927.0|19489.0|6744.0|8694.0|30278|14704|4834|7229889.0|4034223.0|1396008.0|1799658.0|2372517|2188694|199532|204712|39|101|47|6|7827850|8215507|885290|1466267|5.67|13|3.33|77|484|469|6292.0
202406|ADM|44|26140|44130000|인천|성남시|서초동|4511000000|인계동|1|50|2|2|6|641|205|205|672|11181|21297.0|14252.0|8346.0|0.0|21165|10108|7814|4365885.0|2921660.0|1710930.0|0.0|4544055|2525285|517756|49889|44|95|33|16|2265161|4970414|3927524|77512|7.29|17|2.96|64|338|372|5746.0
202406|ADM|43|26110|26110000|경기|성남시|역삼동|4611000000|역삼1가|2|40|0|2|6|1064|19|19|631|41613|43811.0|30565.0|13623.0|0.0|36433|24031|12796|832409.0|580735.0|258837.0|0.0|3525326|925205|42886|270507|5|7|5|0|4874817|3778434|1869363|1025375|4.14|0|1.32|154|0|116|0.0
202406|ADM|44|45110|11170000|대구|서초구|서초동|2811000000|서초1동|1|65|1|1|2|595|281|281|760|43714|16804.0|10895.0|3148.0|2761.0|13532|9698|2711|4721924.0|3061495.0|884588.0|775841.0|678079|1350088|598722|286344|54|115|42|19|6019776|14010655|1162243|1256377|6.2|7|1.05|15|454|126|3178.0
202406|ADM|46|44130|47110000|경기|강남구|인계동|4115000000|역삼1가|1|65|3|2|6|679|172|172|450|94717|38504.0|30677.0|7869.0|0.0|28664|22626|5671|6622688.0|5276444.0|1353468.0|0.0|3408887|1971365|375080|486278|41|71|51|14|4132606|9133868|4156523|1508710|7.25|10|1.02|127|172|328|1720.0
202406|ADM|41|11140|11200000|대구|강남구|역삼동|4111000000|역삼1가|1|55|2|1|4|1925|427|427|392|86644|26885.0|13832.0|8476.0|4577.0|22325|10551|8126|11479895.0|5906264.0|3619252.0|1954379.0|3523280|116291|53811|61070|114|174|74|37|8962985|1479585|4988311|589132|2.63|60|2.05|179|177|406|10620.0
202406|PRVNC|41|47110|41150000|인천|성남시|인계동|1111000000|역삼1가|2|50|2|2|7|416|228|228|866|18385|39743.0|25755.0|15852.0|0.0|28286|21754|13515|9061404.0|5872140.0|3614256.0|0.0|2157538|1750851|627821|317361|30|100|63|15|9361627|8850835|2540656|1981155|6.97|21|3.59|68|233|485|4893.0
202406|CNTY_GU|45|11170|45110000|대구|강남구|서초동|2711000000|서초1동|1|60|3|2|8|78|263|263|636|48712|20857.0|12954.0|6291.0|1612.0|14705|12405|5398|5485391.0|3406902.0|1654533.0|423956.0|1526554|2967141|469280|447737|31|109|68|20|5245212|6056644|3548836|1234140|3.72|11|2.9|160|431|370|4741.0
202406|ADM|47|28110|43110000|서울|강남구|인계동|4115000000|역삼1가|1|35|1|1|4|1302|204|204|158|46033|20048.0|7614.0|2847.0|9587.0|18695|7055|2367|4089792.0|1553256.0|580788.0|1955748.0|3180659|1474369|443054|286534|30|91|24|12|1725558|11613191|3111877|451089|4.01|22|1.68|34|168|262|3696.0
202406|CNTY_GU|26|26110|26140000|부산|수원시|역삼동|4511000000|역삼1가|2|40|0|1|9|331|245|245|497|56532|6984.0|3828.0|1808.0|1348.0|6283|3400|1559|1711080.0|937860.0|442960.0|330260.0|1873904|2778894|939082|459124|52|106|49|4|1926435|14521438|4340236|770638|5.96|33|2.88|5|129|159|4257.0
202406|PRVNC|11|11110|44130000|부산|수원시|서초동|4413000000|역삼1가|2|50|1|2|9|52|33|33|853|84154|12893.0|9153.0|2063.0|1677.0|10919|8971|1786|425469.0|302049.0|68079.0|55341.0|3142188|2976296|469788|227087|5|16|8|2|7168391|5692893|2233916|1465275|2.02|2|1.25|12|213|422|426.0
202406|ADM|41|44130|47110000|서울|강남구|인계동|4511000000|인계동|1|60|0|2|7|679|12|12|642|59562|37283.0|11619.0|7455.0|18209.0|30603|10075|6740|447396.0|139428.0|89460.0|218508.0|1431641|331987|116004|109576|2|5|1|0|9101157|9626163|1876231|1970351|7.03|0|1.57|64|0|328|0.0
202406|PRVNC|46|28110|26140000|부산|서초구|인계동|4111000000|역삼1가|1|70|1|2|7|918|167|167|442|16003|33903.0|24729.0|11086.0|0.0|31751|21665|8719|5661801.0|4129743.0|1851362.0|0.0|4184209|2559487|796177|457086|47|82|36|3|7733967|13996918|3539675|379199|6.63|0|2.69|74|0|69|0.0
202406|CNTY_GU|27|43110|41130000|대구|성남시|인계동|1120000000|인계동|2|40|1|2|7|467|153|153|833|42859|1960.0|753.0|583.0|624.0|1372|748|571|299880.0|115209.0|89199.0|95472.0|2770448|1727083|530299|273620|23|64|23|9|2494240|5802806|2907871|1153633|4.36|20|2.71|120|198|319|3960.0
202406|CNTY_GU|46|43110|11110000|대구|성남시|역삼동|4211000000|서초1동|2|55|0|2|3|1274|23|23|270|31373|31191.0|16974.0|12011.0|2206.0|22216|13833|8719|717393.0|390402.0|276253.0|50738.0|719914|2532151|604169|175242|4|10|4|1|280507|9998203|1576083|1862196|7.02|2|3.93|133|360|122|720.0
202406|PRVNC|41|11170|28110000|경기|수원시|서초동|4111000000|서초1동|2|50|2|2|10|1822|16|16|79|74206|49367.0|28854.0|5509.0|15004.0|46239|23716|5240|789872.0|461664.0|88144.0|240064.0|3024214|2785948|319973|328296|2|8|3|0|5657204|2556921|2123697|903968|6.38|1|3.09|152|348|457|348.0
202406|ADM|41|42110|26110000|인천|수원시|서초동|4111000000|서초1동|2|35|0|1|1|1486|169|169|148|42552|7307.0|3739.0|2091.0|1477.0|6099|3729|1741|1234883.0|631891.0|353379.0|249613.0|3581249|566493|587863|426763|50|73|39|3|1282912|19456644|4662090|192068|6.28|24|3.39|36|208|232|4992.0
202406|ADM|41|27110|28110000|서울|수원시|서초동|4115000000|인계동|1|45|1|2|1|1261|67|67|464|27268|14469.0|9039.0|4909.0|521.0|13398|8601|3638|969423.0|605613.0|328903.0|34907.0|3250946|1804410|360491|60620|19|33|14|5|2517031|19120023|1942564|191988|4.48|3|2.98|91|346|333|1038.0
202406|CNTY_GU|47|11110|11110000|부산|서초구|서초동|2614000000|역삼1가|1|50|2|2|3|165|209|209|633|90201|26375.0|8510.0|4337.0|13528.0|24714|7852|3265|5512375.0|1778590.0|906433.0|2827352.0|4146808|175143|599026|28578|51|110|21|2|5872611|1540378|1111413|388722|2.89|12|3.83|75|496|137|5952.0
202406|CNTY_GU|43|11140|26140000|대구|수원시|서초동|4711000000|인계동|2|55|0|2|5|219|129|129|298|86981|31709.0|18802.0|8580.0|4327.0|27750|18469|7100|4090461.0|2425458.0|1106820.0|558183.0|3696957|1765412|151747|267389|21|62|22|9|4800167|19328147|2516346|487802|7.63|18|2.85|119|132|394|2376.0
202406|ADM|27|42110|42110000|서울|서초구|인계동|4113000000|인계동|2|60|1|2|9|1500|62|62|355|17238|37497.0|19148.0|7716.0|10633.0|32950|17164|7056|2324814.0|1187176.0|478392.0|659246.0|1855258|269244|416880|389864|17|37|11|3|5327177|13373483|3796557|643971|4.92|9|2.31|59|280|90|2520.0
202406|ADM|44|11140|26110000|서울|서초구|역삼동|2811000000|인계동|1|65|3|1|6|971|138|138|164|65564|40015.0|19167.0|15067.0|5781.0|31978|13751|14406|5522070.0|2645046.0|2079246.0|797778.0|4461019|2083218|981804|486117|30|59|34|10|79378|12404486|4604443|1895882|3.16|2|4.34|86|351|472|702.0
202406|ADM|27|11200|41130000|부산|수원시|역삼동|4111000000|역삼1가|2|35|2|1|5|1192|73|73|551|26874|20093.0|13669.0|6869.0|0.0|16350|11702|5999|1466789.0|997837.0|501437.0|0.0|2291125|1753510|620936|302555|21|34|13|0|9323853|5930395|2141982|1830535|6.39|8|3.87|143|63|132|504.0
202406|CNTY_GU|44|11110|11200000|인천|서초구|인계동|2614000000|역삼1가|2|70|3|2|6|1085|90|90|404|73084|45708.0|30234.0|12595.0|2879.0|36573|22738|12438|4113720.0|2721060.0|1133550.0|259110.0|2827349|2476643|189090|43721|9|43|17|5|2269267|7930966|2826752|455191|7.25|8|1.93|8|183|400|1464.0
202406|CNTY_GU|11|28110|26140000|인천|강남구|서초동|4111000000|인계동|1|40|0|1|4|1398|247|247|268|81113|23032.0|7386.0|3545.0|12101.0|22638|5234|3168|5688904.0|1824342.0|875615.0|2988947.0|3310722|618371|902869|122822|45|120|47|18|2655173|14947376|94971|675518|7.6|10|2.97|63|478|184|4780.0
202406|ADM|44|26140|41130000|부산|서초구|서초동|4111000000|인계동|1|50|1|1|10|1125|226|226|964|26446|4518.0|1479.0|840.0|2199.0|3211|1466|752|1021068.0|334254.0|189840.0|496974.0|1134456|2988412|504627|7746|60|95|57|7|6765966|9459515|4706726|127611|7.51|12|1.83|87|372|269|4464.0
202406|CNTY_GU|46|43110|11200000|대구|수원시|인계동|1114000000|서초1동|2|50|1|1|6|802|336|336|991|98050|23827.0|7771.0|2880.0|13176.0|20239|7131|2654|8005872.0|2611056.0|967680.0|4427136.0|2632177|2848141|179054|334163|50|177|59|18|9369137|13272792|3378378|1573125|2.82|12|4.88|25|355|247|4260.0
202406|ADM|44|41110|47110000|부산|서초구|인계동|4413000000|인계동|1|70|3|1|6|855|7|7|438|99426|5044.0|1789.0|1506.0|1749.0|3905|1666|1302|35308.0|12523.0|10542.0|12243.0|4562012|1098211|784058|56127|1|3|1|0|2085584|10034245|2484637|1291488|2.0|0|2.66|149|0|139|0.0
202406|ADM|42|41130|44130000|경기|성남시|인계동|4711000000|서초1동|2|55|0|2|6|1011|467|467|240|78097|13223.0|5915.0|5177.0|2131.0|13104|5543|3934|6175141.0|2762305.0|2417659.0|995177.0|4616094|1333615|514005|282208|100|279|131|11|1060137|4684339|362672|1338507|2.95|3|4.27|17|441|495|1323.0
202406|CNTY_GU|27|46110|45110000|서울|강남구|서초동|2711000000|역삼1가|1|60|3|1|5|617|239|239|628|85714|48190.0|29122.0|9284.0|9784.0|47845|28772|9103|11517410.0|6960158.0|2218876.0|2338376.0|4688737|1931748|247196|468392|39|123|48|5|6972549|17458549|3236561|326658|7.52|5|4.15|66|108|494|540.0
202406|CNTY_GU|47|43110|41130000|대구|강남구|서초동|4311000000|서초1동|2|35|1|2|9|1509|139|139|181|23485|2592.0|1198.0|554.0|840.0|1965|993|483|360288.0|166522.0|77006.0|116760.0|4229705|1627560|848825|335085|40|59|38|9|7969476|19748447|2981216|356709|7.6|3|3.38|70|249|5|747.0
202406|CNTY_GU|26|41130|42110000|서울|수원시|인계동|1111000000|서초1동|2|60|2|2|9|1035|169|169|939|94192|28954.0|14001.0|5704.0|9249.0|26193|10130|4795|4893226.0|2366169.0|963976.0|1563081.0|1439211|999307|348355|199087|23|70|18|0|3863691|3264172|179936|1703275|5.88|24|3.03|19|443|110|10632.0
202406|CNTY_GU|45|11140|44130000|서울|강남구|인계동|1111000000|역삼1가|2|35|3|1|1|25|341|341|914|22096|2583.0|2030.0|433.0|120.0|2391|1851|404|880803.0|692230.0|147653.0|40920.0|4838542|2650088|266669|496815|69|164|40|0|4100435|3248017|2317781|1196297|6.9|6|3.99|122|488|29|2928.0
202406|ADM|26|45110|44130000|부산|강남구|역삼동|2614000000|서초1동|1|55|0|2|5|349|459|459|167|65839|13292.0|10418.0|2764.0|110.0|13028|9431|2718|6101028.0|4781862.0|1268676.0|50490.0|3966769|1484787|710343|259587|92|192|136|6|8605418|8658754|1311395|1460729|6.2|12|3.54|33|98|317|1176.0
202406|CNTY_GU|44|45110|26140000|대구|성남시|역삼동|4115000000|서초1동|1|50|0|2|10|1705|461|461|644|18265|24179.0|18271.0|4877.0|1031.0|20386|14225|4825|11146519.0|8422931.0|2248297.0|475291.0|2867734|289137|111251|105466|106|218|107|16|35974|16307814|3011497|472066|4.28|29|2.17|52|179|317|5191.0
202406|CNTY_GU|43|41110|11140000|대구|성남시|서초동|1120000000|인계동|2|60|2|1|3|600|1|1|826|20383|10036.0|6862.0|3186.0|0.0|7158|5979|2875|10036.0|6862.0|3186.0|0.0|2019041|308623|558944|305111|0|0|0|0|3689158|12414960|4021281|775982|3.29|0|1.94|31|0|377|0.0
202406|ADM|44|42110|41150000|대구|서초구|역삼동|4115000000|서초1동|2|35|2|1|4|284|341|341|986|64597|39878.0|25317.0|4341.0|10220.0|34988|19116|4232|13598398.0|8633097.0|1480281.0|3485020.0|2992203|2902882|601759|33396|63|163|41|3|4759059|8011346|1848548|899142|2.02|22|4.5|113|332|447|7304.0
202406|ADM|41|26110|46110000|부산|성남시|서초동|1114000000|역삼1가|1|20|3|1|7|1411|339|339|88|44772|0.0|0.0|0.0|0.0|0|0|0|0.0|0.0|0.0|0.0|4140601|2772722|89167|393892|34|153|63|9|9742612|3964094|1147840|1009603|3.22|15|1.45|35|364|300|5460.0
202406|CNTY_GU|41|11200|28110000|인천|서초구|인계동|4211000000|역삼1가|1|70|3|2|3|779|304|304|92|52632|18321.0|12624.0|2529.0|3168.0|15248|10219|2392|5569584.0|3837696.0|768816.0|963072.0|942404|90810|966622|152632|42|146|58|2|103111|13035704|615241|174757|5.19|5|3.57|70|115|55|575.0
202406|ADM|47|26140|42110000|서울|서초구|인계동|4211000000|서초1동|2|25|1|2|8|834|252|252|149|74300|24657.0|13401.0|6227.0|5029.0|22537|10157|5482|6213564.0|3377052.0|1569204.0|1267308.0|2649491|280445|570224|130057|29|129|59|5|6843796|2704848|2028531|587660|7.73|3|1.11|71|214|363|642.0
202406|CNTY_GU|26|11170|45110000|서울|강남구|역삼동|4413000000|인계동|2|55|1|1|7|1713|280|280|776|76958|24905.0|18331.0|6429.0|145.0|24362|16495|5062|6973400.0|5132680.0|1800120.0|40600.0|3256435|834802|373286|181424|38|126|30|13|8992612|1797955|2239964|857263|5.79|10|1.61|73|409|491|4090.0
202406|ADM|27|41110|26110000|경기|강남구|인계동|2711000000|서초1동|2|55|1|1|2|844|101|101|902|78902|38961.0|29925.0|13319.0|0.0|35729|21834|12438|3935061.0|3022425.0|1345219.0|0.0|3384585|711435|20626|471552|23|50|25|5|8216435|3713259|2309723|211462|5.49|1|1.04|72|192|120|192.0
202406|CNTY_GU|44|26110|11110000|대구|서초구|인계동|4511000000|인계동|2|50|1|1|1|878|146|146|182|60119|3212.0|1850.0|1201.0|161.0|2569|1737|1107|468952.0|270100.0|175346.0|23506.0|3897218|2716949|496230|326759|17|86|38|2|990637|5880323|4432438|1051463|3.17|13|4.62|33|205|41|2665.0
202406|CNTY_GU|46|44130|26110000|인천|수원시|역삼동|1114000000|역삼1가|2|40|0|2|1|905|265|265|58|63941|20877.0|13951.0|6396.0|530.0|19894|11929|4849|5532405.0|3697015.0|1694940.0|140450.0|3858383|339180|907048|383778|65|120|69|15|7890948|608536|1805948|753996|6.57|17|2.62|117|498|348|8466.0
202406|ADM|44|26140|11170000|인천|성남시|역삼동|1117000000|역삼1가|1|20|2|2|9|1342|487|487|651|34057|10535.0|7138.0|2604.0|793.0|8849|5264|2079|5130545.0|3476206.0|1268148.0|386191.0|2223563|1461677|400815|338092|108|234|128|41|9316213|6248847|305713|267965|3.08|16|3.7|137|459|201|7344.0
202406|CNTY_GU|45|43110|26140000|부산|강남구|서초동|4413000000|서초1동|1|25|1|2|3|265|5|5|243|10074|42650.0|24316.0|16443.0|1891.0|30403|22689|15482|213250.0|121580.0|82215.0|9455.0|3743175|719647|143686|79706|0|2|1|0|460096|12265053|4667752|1560071|5.34|0|2.39|26|0|417|0.0
202406|CNTY_GU|26|41130|11170000|인천|강남구|역삼동|4711000000|인계동|2|35|0|1|5|1704|416|416|727|30862|19159.0|10054.0|5489.0|3616.0|15963|7492|4468|7970144.0|4182464.0|2283424.0|1504256.0|4137962|495436|307052|103982|111|235|95|7|4944432|1495171|468733|189354|7.37|28|2.14|87|98|26|2744.0
202406|ADM|44|41110|46110000|대구|서초구|서초동|4413000000|인계동|2|25|1|2|3|187|282|282|870|31943|34199.0|26686.0|9749.0|0.0|28628|26155|7868|9644118.0|7525452.0|2749218.0|0.0|4743924|411917|452618|269579|75|142|38|23|1489735|18282307|88203|1655291|7.95|22|3.85|50|59|374|1298.0
202406|ADM|27|11170|42110000|부산|성남시|역삼동|4211000000|인계동|1|45|3|2|5|1181|356|356|260|83455|20454.0|15080.0|5829.0|0.0|15458|14152|5532|7281624.0|5368480.0|2075124.0|0.0|2583149|2776937|955211|342298|57|206|87|4|5296141|14925600|4408749|1418445|6.2|19|3.05|8|407|41|7733.0
202406|ADM|47|26110|28110000|서울|수원시|역삼동|1117000000|서초1동|2|30|1|2|3|1037|442|442|297|54081|3180.0|2101.0|815.0|264.0|2894|1844|696|1405560.0|928642.0|360230.0|116688.0|4892247|1830263|357565|156226|132|245|90|2|1360591|1977131|2731944|1523119|2.52|8|2.83|54|65|256|520.0
202406|CNTY_GU|11|43110|43110000|인천|수원시|서초동|1117000000|역삼1가|1|40|1|2|6|1022|157|157|313|24976|17634.0|6787.0|6927.0|3920.0|13611|5374|5989|2768538.0|1065559.0|1087539.0|615440.0|2105884|176664|919276|363481|47|83|29|11|9653928|10882067|1013028|1013637|4.39|16|1.87|58|118|255|1888.0
202406|CNTY_GU|46|11170|11110000|부산|성남시|서초동|4611000000|인계동|1|50|3|1|5|1946|172|172|466|64704|35697.0|12525.0|3580.0|19592.0|28031|9669|2896|6139884.0|2154300.0|615760.0|3369824.0|3202429|824666|492146|380994|48|69|18|15|5391591|12469208|3823538|818670|4.64|21|4.08|121|300|347|6300.0
202406|CNTY_GU|26|11110|41150000|경기|서초구|역삼동|4115000000|서초1동|2|25|0|1|4|390|142|142|20|60472|37315.0|18921.0|12103.0|6291.0|34316|16934|10904|5298730.0|2686782.0|1718626.0|893322.0|2331866|1612310|782599|101922|39|69|15|14|4318177|10560119|3977481|1209372|7.51|6|1.79|142|261|77|1566.0
202406|CNTY_GU|47|41110|26110000|인천|서초구|인계동|2614000000|역삼1가|1|55|0|2|9|318|158|158|853|28005|30718.0|20889.0|4003.0|5826.0|25486|17016|3394|4853444.0|3300462.0|632474.0|920508.0|2500107|1279678|149051|372174|31|89|22|2|2226967|10536676|2759853|503832|3.32|22|4.85|74|35|202|770.0
202406|PRVNC|41|45110|26140000|부산|수원시|인계동|4111000000|인계동|2|20|0|1|5|445|92|92|464|99922|18061.0|6283.0|6117.0|5661.0|12717|5875|5913|1661612.0|578036.0|562764.0|520812.0|2021904|181407|626251|240299|12|54|19|3|6093208|16821665|3633320|1808975|4.41|12|4.3|62|59|128|708.0
202406|CNTY_GU|44|41110|41110000|서울|강남구|서초동|2811000000|역삼1가|2|55|0|1|4|360|35|35|913|81389|416.0|134.0|42.0|240.0|337|118|39|14560.0|4690.0|1470.0|8400.0|3135556|2918210|689816|384866|9|20|10|3|4351263|9551373|60574|1376657|6.27|2|3.91|51|96|53|192.0
202406|CNTY_GU|42|44130|47110000|서울|성남시|역삼동|4113000000|서초1동|1|50|1|2|3|555|346|346|126|30967|20330.0|10745.0|2844.0|6741.0|20030|10209|2015|7034180.0|3717770.0|984024.0|2332386.0|4496478|1588930|324987|459847|58|198|60|20|5677593|16624817|3614910|122801|2.65|9|1.43|45|94|188|846.0
202406|ADM|41|43110|28110000|인천|서초구|인계동|4611000000|역삼1가|1|45|0|1|2|1930|143|143|158|30437|28455.0|18835.0|4027.0|5593.0|22970|16127|3529|4069065.0|2693405.0|575861.0|799799.0|687662|2981235|839979|68875|24|74|37|13|3405922|2378821|4409849|699965|3.62|13|2.46|70|360|136|4680.0
202406|ADM|46|45110|11110000|서울|강남구|인계동|2811000000|서초1동|2|70|3|1|10|254|460|460|742|54129|43550.0|31921.0|13463.0|0.0|37507|28227|12969|20033000.0|14683660.0|6192980.0|0.0|4347220|1874812|109329|388628|78|208|62|15|7697591|11270046|1640645|892014|2.95|56|3.07|66|334|213|18704.0
202406|ADM|11|42110|42110000|부산|강남구|인계동|1117000000|역삼1가|1|55|0|2|4|92|132|132|315|64503|33857.0|18664.0|6580.0|8613.0|26506|16685|5039|4469124.0|2463648.0|868560.0|1136916.0|776685|412435|829228|357150|39|66|35|7|2686567|3306918|1170944|1276597|7.18|12|3.48|155|198|6|2376.0
202406|CNTY_GU|27|11200|41150000|대구|수원시|서초동|1117000000|인계동|2|45|0|2|8|502|403|403|530|65450|45043.0|29135.0|7651.0|8257.0|34468|28495|6490|18152329.0|11741405.0|3083353.0|3327571.0|106840|516083|765265|17510|113|212|54|12|1816198|3676638|197800|550382|2.28|59|2.19|65|218|2|12862.0
202406|CNTY_GU|41|41150|47110000|경기|성남시|역삼동|4611000000|역삼1가|1|60|0|1|1|1060|405|405|684|21904|33067.0|21863.0|9053.0|2151.0|24076|20242|8959|13392135.0|8854515.0|3666465.0|871155.0|2659155|2469078|407155|376027|85|227|58|2|3128774|8391531|203802|737125|7.51|42|3.53|76|312|19|13104.0
202406|CNTY_GU|44|11170|11200000|서울|서초구|인계동|4113000000|서초1동|2|45|0|1|1|1380|437|437|753|29695|34274.0|13938.0|3650.0|16686.0|25251|13151|3457|14977738.0|6090906.0|1595050.0|7291782.0|599143|2415478|444415|198293|114|184|87|3|3819138|3028478|1555193|552079|7.1|9|3.99|93|129|467|1161.0
202406|CNTY_GU|44|27110|11140000|경기|강남구|서초동|4115000000|역삼1가|1|45|2|1|10|1203|106|106|542|21844|7673.0|5550.0|2760.0|0.0|6016|4199|2044|813338.0|588300.0|292560.0|0.0|1906309|2787809|48729|304907|29|43|18|3|7365417|5180377|698725|919600|5.25|4|4.34|80|282|49|1128.0
202406|ADM|27|11110|26110000|서울|수원시|서초동|4115000000|역삼1가|2|55|2|1|6|1725|421|421|572|74948|20263.0|6227.0|4493.0|9543.0|18310|5019|3262|8530723.0|2621567.0|1891553.0|4017603.0|3909226|1496767|821435|405959|120|180|84|9|9060260|4520788|894839|277879|6.47|61|4.94|157|241|85|14701.0
202406|ADM|45|11140|27110000|부산|강남구|역삼동|1120000000|역삼1가|1|40|0|1|9|291|96|96|333|65373|485.0|165.0|188.0|132.0|429|145|173|46560.0|15840.0|18048.0|12672.0|2538526|2499676|553957|438464|17|53|15|7|786799|5571329|305137|1943835|3.41|7|4.05|65|354|162|2478.0
202406|ADM|47|41150|44130000|서울|강남구|역삼동|4111000000|인계동|2|20|3|1|7|66|315|315|52|82142|49297.0|29728.0|14940.0|4629.0|35549|25926|13120|15528555.0|9364320.0|4706100.0|1458135.0|925945|2437920|707476|41444|49|172|50|14|5681405|13773000|54283|1251169|4.81|19|1.85|129|430|208|8170.0
202406|ADM|41|44130|26110000|경기|서초구|인계동|4113000000|서초1동|1|30|0|1|10|1544|81|81|126|78744|39132.0|25710.0|12493.0|929.0|35671|20003|11080|3169692.0|2082510.0|1011933.0|75249.0|2317798|1240475|841894|34409|16|45|9|2|8540716|17797699|926896|1311517|5.36|6|1.85|81|265|461|1590.0
202406|CNTY_GU|41|42110|46110000|부산|서초구|인계동|2611000000|서초1동|2|45|0|1|6|891|313|313|553|26470|2167.0|800.0|686.0|681.0|1610|729|542|678271.0|250400.0|214718.0|213153.0|3481605|1396025|789956|405114|82|147|64|9|4333848|703093|2044045|647430|7.48|4|4.26|72|332|223|1328.0
202406|ADM|44|42110|46110000|부산|성남시|인계동|4413000000|서초1동|1|40|1|1|10|282|293|293|842|92497|37769.0|15842.0|8217.0|13710.0|33880|15020|6483|11066317.0|4641706.0|2407581.0|4017030.0|274035|1407748|795513|5816|46|171|32|4|7075099|7595891|2662304|529039|6.25|39|4.29|115|217|469|8463.0
202406|CNTY_GU|46|45110|26110000|인천|강남구|인계동|1111000000|인계동|1|55|0|2|9|1622|95|95|396|69619|18277.0|12161.0|5704.0|412.0|13472|10687|4145|1736315.0|1155295.0|541880.0|39140.0|2319263|1813322|769846|215374|19|40|23|4|6755760|15593843|3414622|1382842|6.1|6|4.92|86|215|272|1290.0
202406|CNTY_GU|43|41150|46110000|대구|강남구|인계동|1114000000|역삼1가|2|25|0|1|7|1880|220|220|531|96119|41958.0|30924.0|8550.0|2484.0|37622|26263|6523|9230760.0|6803280.0|1881000.0|546480.0|1299709|1621548|645255|274638|59|102|64|13|5716557|3961198|3166633|712243|6.52|28|2.43|164|150|141|4200.0
202406|ADM|26|27110|41150000|인천|강남구|서초동|1117000000|서초1동|2|60|1|1|2|1342|347|347|468|40204|45513.0|17224.0|10432.0|17857.0|36145|16071|8878|15793011.0|5976728.0|3619904.0|6196379.0|3695285|1262381|708780|13394|77|191|100|20|8756695|10136446|3918870|462863|3.14|3|1.18|123|310|12|930.0
202406|CNTY_GU|26|42110|27110000|대구|강남구|인계동|4115000000|인계동|1|65|1|1|6|176|264|264|419|56752|43786.0|21717.0|11614.0|10455.0|31010|18657|10324|11559504.0|5733288.0|3066096.0|2760120.0|4167422|1052352|219774|128113|67|140|77|16|5512610|1727581|2765629|185106|2.82|18|1.63|82|56|425|1008.0
202406|CNTY_GU|47|46110|46110000|인천|강남구|역삼동|4211000000|역삼1가|1|45|3|2|10|1257|268|268|433|79354|18358.0|7491.0|1911.0|8956.0|17357|6530|1419|4919944.0|2007588.0|512148.0|2400208.0|144867|622918|172447|225888|49|121|35|20|5852079|10258185|3734859|861530|4.88|6|3.55|6|202|230|1212.0
202406|ADM|27|47110|11170000|부산|수원시|역삼동|4711000000|서초1동|2|55|0|1|2|1854|107|107|785|26825|28101.0|10166.0|10231.0|7704.0|27554|8310|8335|3006807.0|1087762.0|1094717.0|824328.0|4424695|1285117|339362|85671|24|56|10|5|8442238|4878327|4682392|886045|6.14|5|4.9|158|447|80|2235.0
202406|ADM|27|41110|44130000|경기|성남시|역삼동|4711000000|역삼1가|2|70|1|2|7|298|268|268|39|22571|7306.0|5079.0|927.0|1300.0|5432|4650|841|1958008.0|1361172.0|248436.0|348400.0|3798816|2726867|469734|1227|61|148|41|25|5414371|670274|925070|749637|5.3|26|1.69|176|229|175|5954.0
202406|CNTY_GU|45|11140|41110000|대구|강남구|서초동|4511000000|서초1동|1|60|3|1|8|1174|257|257|55|25385|24148.0|19033.0|7471.0|0.0|19314|18004|6442|6206036.0|4891481.0|1920047.0|0.0|2577306|621680|448334|377858|44|125|76|9|6891559|358997|1745337|1789691|7.95|18|4.56|27|484|348|8712.0
202406|PRVNC|41|41130|43110000|부산|강남구|인계동|4115000000|서초1동|1|30|3|1|9|1132|3|3|694|57592|46221.0|25669.0|7918.0|12634.0|45707|25154|5655|138663.0|77007.0|23754.0|37902.0|2389681|2866154|426191|408498|0|1|0|0|8660200|15108650|2666266|1795105|2.67|0|2.68|65|0|123|0.0
202406|PRVNC|45|28110|43110000|부산|강남구|인계동|1111000000|서초1동|1|25|1|2|5|459|344|344|473|47832|19216.0|8775.0|4547.0|5894.0|13596|7039|3886|6610304.0|3018600.0|1564168.0|2027536.0|667057|1757738|457098|363083|58|197|97|27|3418902|7674536|2900361|1275084|4.43|19|1.36|30|354|404|6726.0
202406|ADM|46|11140|46110000|인천|강남구|인계동|4111000000|서초1동|2|55|0|1|3|533|273|273|743|62377|29272.0|11164.0|8828.0|9280.0|24962|9801|6966|7991256.0|3047772.0|2410044.0|2533440.0|2525974|2502854|342717|159213|80|127|45|9|4854933|12562408|1592576|343906|4.21|40|1.16|162|123|132|4920.0
202406|CNTY_GU|41|47110|27110000|서울|수원시|인계동|4115000000|역삼1가|2|25|2|2|6|1842|402|402|500|45219|22567.0|9700.0|8934.0|3933.0|21982|9675|7833|9071934.0|3899400.0|3591468.0|1581066.0|4624517|2264241|832922|489561|63|236|102|38|2042944|11285483|145999|159424|4.93|30|1.38|69|20|255|600.0
202406|ADM|41|27110|26140000|경기|서초구|서초동|2711000000|역삼1가|1|45|3|1|6|781|64|64|729|87657|25236.0|11168.0|9897.0|4171.0|19680|8394|7391|1615104.0|714752.0|633408.0|266944.0|2147428|1256637|792523|150293|15|36|13|0|8844285|10665493|3016247|860443|4.1|1|1.18|82|68|221|68.0
202406|ADM|43|11170|11200000|대구|강남구|서초동|4611000000|역삼1가|1|70|0|2|5|1916|29|29|210|38797|6950.0|3146.0|1522.0|2282.0|6936|3027|1217|201550.0|91234.0|44138.0|66178.0|2580652|935941|166983|436864|6|12|3|2|1087166|8511515|4521008|598188|4.23|1|1.63|35|407|346|407.0
202406|CNTY_GU|26|41150|27110000|경기|서초구|역삼동|4211000000|서초1동|1|65|2|1|2|645|378|378|473|84029|45896.0|19817.0|4674.0|21405.0|34258|18155|4609|17348688.0|7490826.0|1766772.0|8091090.0|4768966|202397|534022|166230|72|191|88|6|9695507|3856413|2196551|329620|5.87|27|4.46|66|121|116|3267.0
202406|ADM|46|11170|26140000|서울|강남구|인계동|1120000000|인계동|1|20|2|1|9|1699|380|380|903|63054|32138.0|11900.0|8110.0|12128.0|23586|10393|6944|12212440.0|4522000.0|3081800.0|4608640.0|4155658|2026881|331418|348065|86|195|98|28|1997|11682950|608272|186883|6.39|1|4.29|49|356|397|356.0
202406|CNTY_GU|42|45110|44130000|서울|강남구|서초동|4711000000|인계동|1|60|0|2|8|831|369|369|740|41974|6401.0|3019.0|2011.0|1371.0|5657|2975|1456|2361969.0|1114011.0|742059.0|505899.0|3396489|1285754|487603|140846|39|152|50|9|5832217|15794444|2149856|1458343|3.58|29|2.63|43|272|487|7888.0
202406|ADM|45|11140|11110000|경기|서초구|인계동|2811000000|역삼1가|2|45|0|1|6|1862|200|200|635|88975|26887.0|9271.0|10706.0|6910.0|22140|9023|7714|5377400.0|1854200.0|2141200.0|1382000.0|4734412|1952232|282802|303427|48|95|37|11|8224188|4294216|4100864|1864802|4.57|24|2.73|41|72|121|1728.0
202406|ADM|43|11110|43110000|인천|서초구|인계동|4413000000|인계동|2|70|2|1|4|9|487|487|72|74761|31723.0|19106.0|4089.0|8528.0|29297|19095|3330|15449101.0|9304622.0|1991343.0|4153136.0|1639824|1470884|561956|372602|108|253|142|46|7370574|4628136|529046|950320|2.36|42|1.86|9|58|96|2436.0
202406|CNTY_GU|46|28110|41150000|서울|강남구|서초동|4115000000|역삼1가|1|30|0|1|9|1150|353|353|875|25761|6903.0|4734.0|1909.0|260.0|6439|4287|1464|2436759.0|1671102.0|673877.0|91780.0|1895552|2855231|337280|245339|75|171|104|28|4793149|1439319|1907122|1997976|6.36|30|2.48|20|488|279|14640.0
202406|CNTY_GU|43|26140|41110000|대구|성남시|역삼동|1117000000|서초1동|2|40|1|1|7|1625|212|212|765|31117|2462.0|843.0|768.0|851.0|1862|820|555|521944.0|178716.0|162816.0|180412.0|530965|1202286|253361|257615|41|121|27|14|4695766|18199228|93798|1899157|3.78|18|2.24|79|112|417|2016.0
202406|ADM|43|11110|11200000|인천|수원시|서초동|1120000000|역삼1가|2|65|1|2|5|45|272|272|670|47158|37222.0|20116.0|9465.0|7641.0|27633|18203|8199|10124384.0|5471552.0|2574480.0|2078352.0|1142420|1067705|305258|11164|80|130|63|3|882155|8972889|3280684|239274|6.89|5|4.54|67|167|352|835.0
202406|ADM|45|26140|11170000|서울|수원시|역삼동|2711000000|서초1동|2|60|0|1|2|82|237|237|120|30790|48388.0|36833.0|12818.0|0.0|47356|35807|9561|11467956.0|8729421.0|3037866.0|0.0|4068329|1274311|448755|66381|28|108|65|2|9047728|251862|2159465|923483|5.5|16|2.43|177|439|26|7024.0
202406|ADM|47|11200|47110000|경기|강남구|인계동|4611000000|역삼1가|1|35|1|1|9|1083|287|287|468|93677|13534.0|7160.0|3331.0|3043.0|12987|6923|3228|3884258.0|2054920.0|955997.0|873341.0|2730507|1304444|926892|188227|59|170|55|5|8930121|17930261|3272183|1226850|2.57|9|1.84|149|434|250|3906.0
202406|ADM|45|11170|28110000|서울|수원시|역삼동|4413000000|역삼1가|2|25|3|1|6|1295|39|39|838|14973|28488.0|17289.0|11219.0|0.0|23020|15329|8030|1111032.0|674271.0|437541.0|0.0|4075408|1948757|259224|69513|7|22|6|0|3959653|9153538|1273272|1734716|2.49|1|2.46|41|315|63|315.0
202406|PRVNC|47|11140|26140000|인천|성남시|역삼동|4511000000|역삼1가|1|40|0|1|3|1562|367|367|33|13386|44834.0|14781.0|9041.0|21012.0|38226|12911|8660|16454078.0|5424627.0|3318047.0|7711404.0|2702771|661613|852291|395898|73|204|68|20|8610365|5245874|1973335|1307368|6.39|4|3.2|80|197|47|788.0
202406|CNTY_GU|46|41150|11170000|대구|수원시|역삼동|1117000000|역삼1가|1|55|1|1|6|1951|303|303|399|52141|10412.0|6851.0|1613.0|1948.0|10375|4807|1500|3154836.0|2075853.0|488739.0|590244.0|3174406|1681727|372568|331515|60|130|44|0|9613763|12340175|3633568|761518|5.16|1|2.47|9|193|461|193.0
202406|ADM|44|41150|43110000|인천|성남시|인계동|2811000000|서초1동|2|25|2|2|7|61|158|158|856|41279|40268.0|17691.0|11030.0|11547.0|34567|15413|9789|6362344.0|2795178.0|1742740.0|1824426.0|2332807|2486403|764535|318341|45|76|41|8|4666139|3901820|4982393|1278852|2.29|3|1.5|102|243|321|729.0
202406|ADM|45|47110|47110000|경기|성남시|인계동|2711000000|역삼1가|2|55|0|2|3|581|255|255|501|30558|8472.0|4735.0|1719.0|2018.0|8432|3754|1435|2160360.0|1207425.0|438345.0|514590.0|3464158|2539643|656579|7871|33|107|35|13|5284038|10764433|1576054|1034149|5.75|33|1.97|102|91|99|3003.0
202406|CNTY_GU|46|43110|46110000|부산|성남시|역삼동|4711000000|역삼1가|1|45|0|2|5|1608|434|434|341|16893|26067.0|12292.0|7166.0|6609.0|22619|8688|7016|11313078.0|5334728.0|3110044.0|2868306.0|1619645|481939|683660|285966|109|187|71|5|6722129|13938723|53347|911551|5.82|53|1.51|171|73|73|3869.0
202406|ADM|43|43110|44130000|인천|서초구|인계동|1120000000|서초1동|1|30|2|1|3|538|427|427|240|57439|31631.0|21289.0|10867.0|0.0|26076|19324|9239|13506437.0|9090403.0|4640209.0|0.0|2355223|2224148|257928|289024|72|243|105|1|8276191|5889504|4882716|1280457|6.89|53|2.59|74|97|23|5141.0
202406|ADM|47|28110|11170000|서울|서초구|인계동|4611000000|역삼1가|1|30|3|2|1|938|208|208|219|57540|13207.0|7359.0|1373.0|4475.0|12862|7027|1120|2747056.0|1530672.0|285584.0|930800.0|3072774|322764|222561|432133|28|93|60|7|7718486|2430199|1863533|399519|7.78|25|1.38|176|111|405|2775.0
202406|ADM|26|26140|45110000|인천|강남구|인계동|1120000000|인계동|2|50|2|2|1|555|69|69|475|10905|28330.0|12994.0|2874.0|12462.0|23674|9916|2502|1954770.0|896586.0|198306.0|859878.0|2172424|772652|736221|348698|7|34|8|3|2065015|17333379|4079192|1358830|2.43|4|1.97|93|244|58|976.0
202406|PRVNC|11|11200|26140000|대구|서초구|서초동|4111000000|인계동|2|25|0|1|3|1866|10|10|802|60290|18218.0|12533.0|3640.0|2045.0|15094|11190|3051|182180.0|125330.0|36400.0|20450.0|930867|455979|773385|23774|1|5|1|0|9222133|4385837|4479317|38199|3.31|0|4.31|177|0|362|0.0
202406|ADM|42|41150|11140000|서울|수원시|서초동|1117000000|서초1동|2|70|1|1|4|285|123|123|484|43682|11877.0|4028.0|2582.0|5267.0|9301|2999|2239|1460871.0|495444.0|317586.0|647841.0|636182|1041315|327790|281085|34|50|15|10|1909434|14106195|4584596|1331561|4.81|0|3.21|170|0|202|0.0
202406|CNTY_GU|45|11110|43110000|서울|성남시|서초동|1114000000|서초1동|2|40|0|1|5|296|372|372|594|15266|45908.0|32329.0|10849.0|2730.0|33373|23808|9004|17077776.0|12026388.0|4035828.0|1015560.0|1412320|453009|72153|148163|68|175|95|21|5105407|11212501|1787759|1060864|6.42|54|4.99|35|71|384|3834.0
202406|ADM|47|28110|47110000|대구|강남구|서초동|1111000000|역삼1가|1|35|0|1|8|1096|18|18|745|65747|44031.0|19043.0|6779.0|18209.0|30889|13831|5036|792558.0|342774.0|122022.0|327762.0|4743945|1588570|339749|210803|3|9|3|1|2877736|12832721|2619422|263785|7.25|1|1.78|29|259|321|259.0
202406|CNTY_GU|26|47110|41110000|인천|성남시|역삼동|4115000000|서초1동|2|35|3|2|7|872|444|444|632|14662|159.0|111.0|49.0|0.0|131|81|35|70596.0|49284.0|21756.0|0.0|3488785|946225|759405|51633|100|217|98|12|6878473|12770375|4959626|1937274|2.32|26|1.12|85|326|7|8476.0
202406|ADM|47|45110|26140000|경기|성남시|서초동|4711000000|역삼1가|1|35|2|1|8|1776|497|497|647|19094|46222.0|31566.0|6927.0|7729.0|34428|27408|6635|22972334.0|15688302.0|3442719.0|3841313.0|1755785|832017|647785|377384|123|258|57|29|9032660|3416179|1278935|1896147|4.0|51|4.82|165|490|55|24990.0
202406|CNTY_GU|26|11200|44130000|경기|수원시|역삼동|4511000000|서초1동|1|55|2|2|3|523|383|383|841|61061|39552.0|13865.0|12586.0|13101.0|31753|10426|9243|15148416.0|5310295.0|4820438.0|5017683.0|1086722|492464|520697|99333|87|156|88|11|4119489|16118461|4832752|1992397|5.1|36|1.12|55|159|59|5724.0
202406|ADM|42|47110|11140000|서울|성남시|역삼동|4311000000|서초1동|2|35|0|2|10|1351|108|108|295|40666|43632.0|14766.0|6723.0|22143.0|35691|12121|5432|4712256.0|1594728.0|726084.0|2391444.0|125070|1754808|686221|31533|30|52|19|4|876873|11268508|3578663|793181|2.17|6|3.32|19|392|247|2352.0
202406|ADM|26|11170|42110000|서울|수원시|서초동|4511000000|인계동|1|65|3|1|3|749|303|303|715|94345|29616.0|12177.0|10267.0|7172.0|22214|9763|7352|8973648.0|3689631.0|3110901.0|2173116.0|1327317|902128|398466|37011|78|172|77|4|4749199|16738523|2654019|446517|3.41|17|2.84|31|304|150|5168.0
202406|ADM|43|43110|11140000|경기|수원시|인계동|2614000000|서초1동|2|40|0|2|7|1647|293|293|737|29301|48289.0|35090.0|13041.0|158.0|40384|27923|10294|14148677.0|10281370.0|3821013.0|46294.0|3735304|2165922|68615|274632|29|155|67|20|4953859|13043747|1010757|1922733|7.67|1|2.67|160|377|221|377.0
202406|CNTY_GU|46|46110|11140000|대구|강남구|서초동|4511000000|서초1동|2|30|0|2|9|1055|481|481|191|80685|1216.0|448.0|312.0|456.0|1208|417|301|584896.0|215488.0|150072.0|219336.0|1862482|912517|342579|415052|71|276|67|9|2157140|4515512|4314853|1390644|2.24|38|3.56|147|368|491|13984.0
202406|CNTY_GU|47|26110|41110000|인천|수원시|역삼동|4211000000|서초1동|1|70|0|1|7|1612|418|418|422|39630|40562.0|19583.0|6937.0|14042.0|33466|17584|5732|16954916.0|8185694.0|2899666.0|5869556.0|4461866|39348|606723|315867|75|171|123|24|2956467|8322504|1924700|1220337|4.53|49|2.66|99|425|374|20825.0
202406|PRVNC|44|41130|42110000|부산|강남구|서초동|4311000000|서초1동|1|30|0|1|1|884|402|402|213|92900|46242.0|14529.0|9596.0|22117.0|37787|13413|9407|18589284.0|5840658.0|3857592.0|8891034.0|4067063|1029567|813002|392435|119|205|93|18|7790900|16765847|648664|471710|4.69|3|3.32|145|19|278|57.0
202406|ADM|11|41150|11200000|경기|성남시|역삼동|4711000000|서초1동|2|45|2|2|10|1984|163|163|691|30375|25126.0|19574.0|8976.0|0.0|24223|14098|7618|4095538.0|3190562.0|1463088.0|0.0|4497835|217104|241220|458541|17|77|29|2|6993846|7777142|879391|1832025|3.9|15|1.83|12|447|269|6705.0
202406|ADM|26|44130|44130000|대구|서초구|역삼동|1117000000|역삼1가|1|60|1|1|6|708|270|270|15|14334|43986.0|33097.0|14042.0|0.0|30934|30431|10037|11876220.0|8936190.0|3791340.0|0.0|1989169|2167957|786873|109164|79|117|29|14|4416832|5035282|76069|1605704|2.2|23|2.74|63|281|14|6463.0
202406|PRVNC|27|26140|26110000|인천|수원시|인계동|4413000000|인계동|2|35|0|1|1|1234|463|463|332|86966|32339.0|16059.0|5644.0|10636.0|24993|14439|4076|14972957.0|7435317.0|2613172.0|4924468.0|1389912|1788746|59157|386079|56|241|63|44|5549827|9633708|4197668|421432|4.48|29|2.66|171|157|118|4553.0
202406|ADM|11|27110|41110000|경기|수원시|서초동|1117000000|서초1동|1|40|0|1|10|918|244|244|190|70418|44656.0|21799.0|12737.0|10120.0|33327|15407|9002|10896064.0|5318956.0|3107828.0|2469280.0|1335287|288416|70399|426574|42|139|63|11|174921|12774682|98891|1967171|4.69|8|1.29|77|320|174|2560.0
202406|ADM|26|26110|41110000|인천|수원시|인계동|4311000000|인계동|2|40|0|2|7|957|147|147|495|48870|34545.0|27617.0|8684.0|0.0|32476|24674|7883|5078115.0|4059699.0|1276548.0|0.0|1278971|1861967|535023|329193|16|64|36|3|161981|2576775|3317368|872330|2.05|10|2.64|73|421|58|4210.0
202406|ADM|27|41150|41150000|부산|수원시|역삼동|4311000000|역삼1가|1|25|0|1|10|554|239|239|1|49843|6138.0|4035.0|1329.0|774.0|5657|3005|1007|1466982.0|964365.0|317631.0|184986.0|4092217|2193322|897276|261597|55|123|70|19|929271|19517084|3888341|357575|6.53|2|3.89|172|409|84|818.0
202406|CNTY_GU|45|44130|44130000|부산|강남구|인계동|4311000000|서초1동|2|40|0|2|6|694|58|58|566|76860|17428.0|12633.0|4282.0|513.0|16193|9004|3062|1010824.0|732714.0|248356.0|29754.0|4342984|742039|690820|60125|12|33|16|1|123378|4917073|2708494|382489|4.24|6|1.69|40|101|266|606.0
202406|ADM|41|26110|43110000|경기|강남구|서초동|4311000000|인계동|1|40|0|1|10|1417|308|308|892|91152|44442.0|22306.0|9214.0|12922.0|31636|17787|8265|13688136.0|6870248.0|2837912.0|3979976.0|1736479|1009026|574608|58013|68|135|68|17|1550736|13051157|1822984|566712|2.16|9|2.5|51|223|53|2007.0
202406|ADM|42|47110|46110000|대구|강남구|인계동|2614000000|역삼1가|2|70|2|1|8|1187|272|272|134|27904|1217.0|531.0|474.0|212.0|1180|503|410|331024.0|144432.0|128928.0|57664.0|566810|1175620|304154|279683|62|155|30|10|453155|15566547|3181761|335975|3.84|24|1.8|101|157|140|3768.0
202406|ADM|26|47110|27110000|인천|강남구|인계동|4611000000|역삼1가|2|40|0|1|4|695|309|309|775|13467|1011.0|656.0|197.0|158.0|916|488|194|312399.0|202704.0|60873.0|48822.0|3901238|1185092|562340|387621|42|126|45|28|9891459|18157855|3159571|29851|4.85|34|3.98|155|356|166|12104.0
202406|CNTY_GU|27|44130|44130000|대구|성남시|서초동|4111000000|역삼1가|1|20|2|1|9|195|55|55|383|96307|29460.0|20747.0|10409.0|0.0|26176|18039|8978|1620300.0|1141085.0|572495.0|0.0|676694|1717153|331643|213424|13|22|9|1|3783893|2003508|16635|12953|3.9|2|2.95|69|168|36|336.0
202406|CNTY_GU|44|27110|27110000|경기|강남구|서초동|4115000000|역삼1가|2|55|0|1|2|719|449|449|818|42961|44132.0|16339.0|16576.0|11217.0|40546|12331|13352|19815268.0|7336211.0|7442624.0|5036433.0|1270023|2519441|567840|477447|62|248|50|12|6774432|3124729|3707335|1784223|5.42|52|2.25|115|461|92|23972.0
202406|CNTY_GU|47|11200|26110000|인천|강남구|서초동|4311000000|서초1동|2|65|0|1|4|1648|438|438|82|97599|31476.0|12512.0|3829.0|15135.0|28972|9602|3730|13786488.0|5480256.0|1677102.0|6629130.0|4072218|1805199|453901|234028|116|198|48|37|7254647|13935637|4548199|33370|4.32|31|2.61|143|266|452|8246.0
202406|CNTY_GU|42|26110|26140000|서울|서초구|서초동|1111000000|역삼1가|2|35|1|2|6|516|32|32|246|67891|41977.0|32082.0|10721.0|0.0|35641|24617|9533|1343264.0|1026624.0|343072.0|0.0|2118275|2672073|496360|170841|3|16|7|2|9256621|392856|4169544|974945|5.94|4|1.2|102|342|357|1368.0
202406|CNTY_GU|44|47110|41110000|서울|서초구|서초동|2614000000|서초1동|1|50|1|1|6|1061|491|491|886|27186|42675.0|32973.0|8190.0|1512.0|39087|32290|7290|20953425.0|16189743.0|4021290.0|742392.0|1084134|1506787|88606|52447|116|276|131|40|1729393|12652228|2553238|564541|3.92|63|4.64|31|150|299|9450.0
202406|CNTY_GU|44|11170|26110000|부산|서초구|서초동|1117000000|서초1동|1|65|3|1|8|1869|491|491|378|73548|27979.0|21546.0|9565.0|0.0|21796|16003|7109|13737689.0|10579086.0|4696415.0|0.0|3002948|2991564|67485|23708|88|245|114|21|9859468|8263124|3777468|1766673|7.68|40|4.7|22|137|0|5480.0
202406|PRVNC|26|45110|46110000|부산|수원시|역삼동|4413000000|인계동|2|65|0|1|10|1603|464|464|17|34089|14236.0|6654.0|3926.0|3656.0|12542|5835|3712|6605504.0|3087456.0|1821664.0|1696384.0|8257|220857|313592|29778|52|226|78|6|5770843|15300169|2503191|1302389|3.93|48|1.03|6|263|474|12624.0
202406|CNTY_GU|44|27110|42110000|서울|성남시|역삼동|4111000000|인계동|2|60|2|1|5|1003|190|190|992|37479|31044.0|15342.0|10034.0|5668.0|24552|14418|9049|5898360.0|2914980.0|1906460.0|1076920.0|898631|2988546|303945|326482|39|78|21|14|1686120|2329373|4057247|549563|5.22|10|2.25|114|314|369|3140.0
202406|CNTY_GU|46|11170|45110000|부산|강남구|서초동|1114000000|서초1동|1|30|0|1|8|646|259|259|168|64818|0.0|0.0|0.0|0.0|0|0|0|0.0|0.0|0.0|0.0|2881070|2641249|651755|84995|47|137|66|24|3220116|9882182|3268657|876962|2.16|24|3.56|22|457|396|10968.0
202406|CNTY_GU|45|11110|11170000|서울|성남시|서초동|4211000000|서초1동|1|50|1|1|9|940|486|486|120|12681|0.0|0.0|0.0|0.0|0|0|0|0.0|0.0|0.0|0.0|2463114|1535795|310388|318075|90|252|119|36|9618856|4901780|1633349|355965|6.34|63|2.55|168|171|167|10773.0
202406|CNTY_GU|27|26140|28110000|대구|수원시|역삼동|4311000000|인계동|2|50|1|1|10|1058|446|446|110|72479|49817.0|16614.0|9534.0|23669.0|44629|14882|6949|22218382.0|7409844.0|4252164.0|10556374.0|2891595|2199774|736091|435625|51|200|93|13|6767240|18843423|2842296|1983739|5.93|28|3.56|77|454|396|12712.0
202406|CNTY_GU|26|26140|42110000|부산|서초구|역삼동|4711000000|역삼1가|1|40|1|1|6|1953|53|53|652|53732|12485.0|8217.0|2335.0|1933.0|8910|6170|2141|661705.0|435501.0|123755.0|102449.0|2935450|1487216|634672|30612|15|22|11|3|926716|12031169|1744291|1036054|4.58|0|3.88|149|0|207|0.0
202406|ADM|42|44130|26140000|인천|강남구|인계동|4511000000|역삼1가|2|40|0|2|3|988|81|81|331|40797|47900.0|15708.0|18648.0|13544.0|35764|12707|16292|3879900.0|1272348.0|1510488.0|1097064.0|3257642|908504|798445|282286|19|42|16|6|750748|433419|1468634|715394|5.48|8|4.34|174|285|97|2280.0
202406|CNTY_GU|41|11200|11110000|경기|수원시|인계동|4111000000|역삼1가|1|70|0|2|2|201|92|92|821|56602|15559.0|12079.0|2679.0|801.0|14083|10645|2316|1431428.0|1111268.0|246468.0|73692.0|1471073|730624|547997|301883|13|52|14|0|2497266|13047646|2836514|1778755|5.19|10|1.17|50|190|115|1900.0
202406|ADM|44|28110|46110000|인천|수원시|역삼동|4111000000|인계동|1|60|2|1|3|92|104|104|539|23846|7912.0|4315.0|1037.0|2560.0|5545|3317|805|822848.0|448760.0|107848.0|266240.0|3118189|2865819|888543|115906|10|58|15|5|127279|6344724|4809912|40717|2.42|8|2.65|88|86|141|688.0
202406|PRVNC|11|41150|42110000|경기|강남구|서초동|4111000000|서초1동|2|30|0|2|7|1418|155|155|295|99192|41029.0|29920.0|11933.0|0.0|31674|27777|9364|6359495.0|4637600.0|1849615.0|0.0|3324281|144839|191735|184979|34|65|31|8|9235339|10934913|2317145|1108617|4.06|9|2.37|59|140|274|1260.0
202406|CNTY_GU|42|26140|42110000|경기|강남구|역삼동|4311000000|인계동|1|45|2|1|9|1283|112|112|932|64195|20136.0|8775.0|7413.0|3948.0|15893|7482|5869|2255232.0|982800.0|830256.0|442176.0|1686956|1298500|634322|326256|11|49|20|5|4659143|11742429|4746352|1891505|6.24|16|3.34|130|185|356|2960.0
202406|ADM|45|41130|11170000|대구|성남시|역삼동|2711000000|서초1동|1|45|1|2|3|65|458|458|59|91701|12385.0|8954.0|4770.0|0.0|11200|7226|4137|5672330.0|4100932.0|2184660.0|0.0|365787|1388730|819987|93804|51|184|50|15|6713508|19178379|2736451|250066|5.65|47|3.97|142|163|256|7661.0
202406|PRVNC|11|45110|41130000|부산|성남시|역삼동|4115000000|서초1동|1|65|0|1|7|801|313|313|703|26947|32184.0|22746.0|7305.0|2133.0|25854|16977|6519|10073592.0|7119498.0|2286465.0|667629.0|3386076|1045459|636196|69348|62|163|92|5|2141923|5491111|2239586|971325|7.91|19|2.84|169|416|293|7904.0
202406|CNTY_GU|41|46110|43110000|대구|서초구|인계동|2711000000|역삼1가|2|55|3|1|2|1699|134|134|872|65541|17584.0|6940.0|4469.0|6175.0|14126|6344|3363|2356256.0|929960.0|598846.0|827450.0|3268265|349835|461789|424228|38|74|39|9|4535728|8020531|846604|1499474|6.7|12|2.66|138|210|261|2520.0
202406|CNTY_GU|42|11200|28110000|서울|강남구|역삼동|2611000000|인계동|1|50|2|2|2|1112|252|252|356|64740|26617.0|15862.0|6720.0|4035.0|21853|11435|4767|6707484.0|3997224.0|1693440.0|1016820.0|3272801|534672|308857|240020|37|111|25|9|2251903|4097166|294427|951220|7.7|4|3.9|49|281|286|1124.0
202406|ADM|42|27110|43110000|대구|강남구|역삼동|2811000000|인계동|1|50|3|2|8|1902|398|398|113|37185|0.0|0.0|0.0|0.0|0|0|0|0.0|0.0|0.0|0.0|4616343|2169681|281725|477108|108|236|41|8|814813|12529553|2595136|829187|4.92|15|4.55|73|398|391|5970.0
202406|ADM|44|11200|26110000|대구|강남구|인계동|4113000000|서초1동|2|30|1|1|10|274|326|326|714|81686|16960.0|7092.0|2017.0|7851.0|16708|5538|1744|5528960.0|2311992.0|657542.0|2559426.0|3233693|347318|898327|131472|84|178|86|25|1798153|6181506|535240|398671|5.8|28|1.39|68|341|240|9548.0
202406|ADM|43|26110|28110000|서울|수원시|서초동|4311000000|역삼1가|1|40|2|2|1|1358|142|142|378|10425|5106.0|1992.0|1486.0|1628.0|4727|1678|1409|725052.0|282864.0|211012.0|231176.0|277729|761013|504970|254945|23|65|41|0|6726276|5900351|1303588|404401|6.18|11|2.66|13|324|369|3564.0
202406|CNTY_GU|41|44130|45110000|경기|서초구|인계동|4711000000|인계동|1|45|2|1|5|1573|221|221|22|27078|22264.0|12769.0|4599.0|4896.0|21853|9806|4355|4920344.0|2821949.0|1016379.0|1082016.0|4630232|40309|446985|285232|49|103|59|5|5801870|19927608|536288|524959|4.8|25|1.88|76|17|256|425.0
202406|CNTY_GU|11|28110|11200000|대구|서초구|역삼동|4115000000|인계동|1|55|2|1|7|796|408|408|888|70554|45902.0|14029.0|13173.0|18700.0|35742|10821|9873|18728016.0|5723832.0|5374584.0|7629600.0|3198507|109606|564861|1988|58|176|54|28|4340257|16310949|4617287|1129499|6.38|34|1.54|160|40|285|1360.0
202406|CNTY_GU|44|28110|47110000|경기|강남구|인계동|4115000000|서초1동|2|55|1|1|10|617|453|453|113|59183|44515.0|29316.0|7979.0|7220.0|42236|26141|6451|20165295.0|13280148.0|3614487.0|3270660.0|822354|716978|700800|272145|64|236|95|29|9606851|8291065|574143|849989|4.41|29|3.15|89|63|289|1827.0
202406|ADM|43|27110|28110000|서울|성남시|인계동|4111000000|인계동|1|70|1|1|1|611|429|429|659|56275|47390.0|20013.0|11445.0|15932.0|39428|16225|8257|20330310.0|8585577.0|4909905.0|6834828.0|1755245|292703|840322|193388|63|223|60|40|2201882|11023082|4496590|1193288|3.0|35|1.27|127|452|223|15820.0
202406|ADM|11|26110|42110000|인천|성남시|서초동|4413000000|인계동|1|60|2|2|10|792|8|8|623|39356|48476.0|38714.0|16678.0|0.0|37418|31944|12838|387808.0|309712.0|133424.0|0.0|3927081|2487314|223822|313167|1|3|1|0|1947819|1539225|4051341|675743|7.7|0|4.49|98|0|105|0.0
202406|CNTY_GU|44|46110|11200000|경기|강남구|역삼동|4311000000|인계동|2|30|1|2|8|612|14|14|617|17587|5249.0|3483.0|1637.0|129.0|4714|3349|1247|73486.0|48762.0|22918.0|1806.0|3064279|1378518|939205|357489|3|6|4|1|649945|4015566|4046888|364333|4.43|1|4.28|27|338|308|338.0
202406|CNTY_GU|45|41110|11140000|부산|서초구|역삼동|4111000000|서초1동|1|40|3|1|7|1414|453|453|12|11354|9234.0|6825.0|1106.0|1303.0|8675|4915|789|4183002.0|3091725.0|501018.0|590259.0|746700|1037882|510659|349192|83|263|54|26|284213|8953224|36129|202257|3.03|6|4.51|114|112|401|672.0
202406|CNTY_GU|42|11110|47110000|인천|서초구|인계동|1120000000|서초1동|2|30|1|1|3|590|453|453|814|66180|22768.0|9570.0|8719.0|4479.0|17264|9355|7164|10313904.0|4335210.0|3949707.0|2028987.0|791908|94227|449582|273158|119|254|107|16|8433039|17979056|3402049|1194020|2.93|9|1.53|49|140|461|1260.0
202406|ADM|45|41150|44130000|서울|성남시|서초동|2611000000|역삼1가|2|60|0|2|1|710|341|341|790|74943|1199.0|379.0|370.0|450.0|1194|317|339|408859.0|129239.0|126170.0|153450.0|4546191|2345115|590798|340442|72|196|35|21|1962403|13216120|3638234|972151|3.46|35|3.74|65|496|66|17360.0
202406|CNTY_GU|45|26140|46110000|서울|강남구|서초동|1114000000|서초1동|1|30|0|1|9|1846|194|194|37|77021|1699.0|579.0|423.0|697.0|1246|457|410|329606.0|112326.0|82062.0|135218.0|2230450|1225249|552077|269683|21|85|31|1|1863163|13425725|916857|338560|7.63|12|4.56|98|159|98|1908.0
202406|ADM|44|26110|11140000|서울|서초구|역삼동|4711000000|역삼1가|2|45|1|2|5|1570|64|64|657|57467|22593.0|12619.0|8444.0|1530.0|18791|11573|6097|1445952.0|807616.0|540416.0|97920.0|52845|2861470|788852|144733|15|30|11|6|4923695|1495707|593547|984883|7.07|7|4.22|58|492|143|3444.0
202406|CNTY_GU|42|45110|42110000|경기|서초구|역삼동|4211000000|역삼1가|2|50|0|1|7|548|272|272|546|22420|20908.0|8407.0|5885.0|6616.0|19987|8397|5367|5686976.0|2286704.0|1600720.0|1799552.0|4107203|249210|551914|396830|80|154|37|7|8661402|11611767|1125048|1165049|3.14|3|4.08|55|377|329|1131.0
202406|CNTY_GU|26|26140|11200000|서울|성남시|서초동|4113000000|서초1동|1|55|2|1|9|470|140|140|908|77025|48509.0|20992.0|18528.0|8989.0|41074|16746|13705|6791260.0|2938880.0|2593920.0|1258460.0|2176868|999023|430130|293417|29|73|14|11|4953761|16093107|837862|1443218|3.46|4|4.49|111|68|333|272.0
202406|PRVNC|26|11200|11110000|서울|성남시|서초동|4511000000|역삼1가|2|20|3|1|4|126|44|44|143|62114|21401.0|12828.0|7784.0|789.0|21212|11267|7445|941644.0|564432.0|342496.0|34716.0|3778287|2646924|485252|354715|12|20|4|2|779061|1814502|4801565|614903|4.41|6|4.05|14|144|206|864.0
202406|ADM|42|42110|46110000|인천|강남구|인계동|2611000000|역삼1가|2|40|3|1|4|116|436|436|842|29372|9036.0|3312.0|2688.0|3036.0|6481|2450|2117|3939696.0|1444032.0|1171968.0|1323696.0|3972317|356612|324821|246384|89|188|123|14|9752362|6525357|4946655|1044366|3.05|27|4.16|175|183|65|4941.0
202406|PRVNC|41|41150|43110000|인천|성남시|서초동|4211000000|인계동|1|60|2|1|10|761|200|200|93|57299|16302.0|12295.0|5633.0|0.0|14225|10117|4396|3260400.0|2459000.0|1126600.0|0.0|1726717|1736991|790064|22432|30|114|39|9|2535408|19531751|1825006|326208|2.77|14|2.51|47|384|347|5376.0
202406|CNTY_GU|26|28110|26110000|인천|서초구|서초동|4511000000|서초1동|1|45|2|2|8|548|267|267|509|83720|21855.0|14229.0|5526.0|2100.0|20237|13477|5250|5835285.0|3799143.0|1475442.0|560700.0|2481575|1045301|319136|104640|33|107|31|19|6272633|186185|434465|1769580|2.85|23|1.48|8|120|57|2760.0
202406|CNTY_GU|43|41130|44130000|경기|수원시|역삼동|1111000000|인계동|1|30|0|2|3|379|73|73|914|29041|13281.0|4843.0|3584.0|4854.0|9795|4244|3260|969513.0|353539.0|261632.0|354342.0|835391|681947|423220|286843|20|30|8|4|2524528|440296|4045458|1408719|4.32|2|1.46|78|186|442|372.0
202406|ADM|44|27110|27110000|경기|강남구|인계동|1114000000|역삼1가|1|35|2|1|7|1797|482|482|13|56385|12307.0|4890.0|2768.0|4649.0|11275|4089|1989|5931974.0|2356980.0|1334176.0|2240818.0|4009142|1232358|146027|348835|118|208|61|24|6776222|947671|1213169|1001219|2.65|60|2.84|150|235|116|14100.0
202406|ADM|47|11140|45110000|대구|강남구|역삼동|1120000000|인계동|2|25|1|1|9|652|364|364|327|86327|5340.0|2962.0|1012.0|1366.0|4607|2457|804|1943760.0|1078168.0|368368.0|497224.0|3556984|1741055|282783|76301|53|188|108|16|1611282|10249578|3578616|830256|3.15|30|3.18|120|160|248|4800.0
202406|CNTY_GU|11|47110|11200000|서울|강남구|서초동|2611000000|인계동|1|60|0|1|3|542|164|164|247|66550|9834.0|5833.0|3168.0|833.0|8697|4729|2505|1612776.0|956612.0|519552.0|136612.0|1090348|1689729|379844|421143|47|81|39|9|1631902|8763008|3631414|913185|5.38|18|1.69|146|201|3|3618.0
202406|CNTY_GU|26|27110|45110000|부산|서초구|인계동|4311000000|역삼1가|1|65|3|1|8|1775|364|364|655|28725|43322.0|18715.0|12536.0|12071.0|31612|14699|11904|15769208.0|6812260.0|4563104.0|4393844.0|3910651|254233|774153|117079|59|214|67|17|609693|6343770|2910711|491123|5.24|23|3.65|62|17|479|391.0
202406|CNTY_GU|27|41110|42110000|대구|성남시|인계동|4511000000|서초1동|2|55|1|2|5|1785|492|492|257|68197|35114.0|27904.0|8483.0|0.0|31432|20446|6214|17276088.0|13728768.0|4173636.0|0.0|1161097|805853|203027|449156|120|263|133|32|6670764|17390233|2955076|567673|6.09|24|4.42|121|388|20|9312.0
202406|ADM|11|28110|26110000|대구|서초구|역삼동|1120000000|인계동|2|35|0|2|5|474|69|69|276|75641|19655.0|11059.0|3063.0|5533.0|16858|9952|2160|1356195.0|763071.0|211347.0|381777.0|1976800|188984|559955|24174|11|36|8|0|3393001|12144762|4141078|539119|7.57|2|2.61|117|228|60|456.0
202406|CNTY_GU|26|11140|47110000|부산|성남시|서초동|4211000000|역삼1가|2|45|3|1|1|782|322|322|859|54242|42837.0|31644.0|6424.0|4769.0|42049|29290|5589|13793514.0|10189368.0|2068528.0|1535618.0|3563781|2252459|364971|155742|59|190|64|14|5475734|18816933|4096325|1945062|5.37|3|4.64|84|95|257|285.0
202406|ADM|43|42110|45110000|경기|성남시|역삼동|1117000000|역삼1가|2|55|0|1|8|778|317|317|80|24229|7862.0|4838.0|2535.0|489.0|7554|3965|2257|2492254.0|1533646.0|803595.0|155013.0|2406905|381864|770755|195152|35|127|35|29|4999490|7348016|3534075|67402|2.79|6|4.02|117|91|59|546.0
202406|PRVNC|11|46110|27110000|대구|강남구|역삼동|4311000000|인계동|2|60|0|1|8|1192|3|3|19|22105|46484.0|35701.0|15506.0|0.0|38842|27820|14667|139452.0|107103.0|46518.0|0.0|4302871|2774233|423417|336879|0|1|0|0|3206652|6261927|4446302|702268|5.44|0|1.86|170|0|463|0.0
202406|CNTY_GU|26|11200|27110000|대구|성남시|서초동|4511000000|인계동|1|30|0|2|3|685|65|65|802|52810|20694.0|8458.0|7450.0|4786.0|20144|7295|5482|1345110.0|549770.0|484250.0|311090.0|2126498|595845|157622|142843|11|28|7|1|7803566|10384417|2221179|1765118|7.97|8|4.9|24|297|391|2376.0
202406|PRVNC|27|11200|28110000|서울|서초구|서초동|4115000000|서초1동|1|35|0|2|10|1694|188|188|255|74648|41983.0|32121.0|12318.0|0.0|37114|25924|11750|7892804.0|6038748.0|2315784.0|0.0|1140907|1259268|162613|326857|50|83|31|17|9304142|10193527|2029697|1569526|6.65|25|2.71|92|153|279|3825.0
202406|ADM|46|41110|26140000|인천|성남시|인계동|4413000000|역삼1가|1|55|0|2|6|457|446|446|229|86150|24196.0|14305.0|2664.0|7227.0|19579|11733|2189|10791416.0|6380030.0|1188144.0|3223242.0|3673552|2611054|217045|251976|47|182|49|4|6609286|17770444|3668627|1466308|7.53|51|2.96|138|336|51|17136.0
202406|PRVNC|41|43110|11170000|대구|강남구|서초동|1111000000|서초1동|2|40|3|1|9|977|388|388|604|47269|28494.0|13359.0|5419.0|9716.0|25226|12901|4907|11055672.0|5183292.0|2102572.0|3769808.0|3561368|2971943|694519|409154|113|181|83|11|3289472|4996730|1279344|788387|3.29|15|3.22|133|63|392|945.0
202406|CNTY_GU|11|46110|42110000|인천|서초구|인계동|1111000000|역삼1가|2|70|0|1|8|266|18|18|950|66275|14142.0|4638.0|2670.0|6834.0|13268|4226|2486|254556.0|83484.0|48060.0|123012.0|4727055|40196|649614|383977|2|7|3|1|3793260|5677489|1255361|1997195|4.2|2|2.59|161|317|241|634.0
202406|CNTY_GU|42|41150|41110000|인천|서초구|인계동|2811000000|인계동|2|45|3|1|5|1302|281|281|317|71832|176.0|111.0|38.0|27.0|143|79|30|49456.0|31191.0|10678.0|7587.0|3276855|1420616|918781|416137|57|118|76|20|6403417|13803101|2057052|1401210|2.5|13|4.64|5|375|394|4875.0
202406|CNTY_GU|27|26140|42110000|대구|수원시|서초동|1114000000|인계동|1|65|3|1|3|355|16|16|67|49975|34717.0|21085.0|7228.0|6404.0|30915|15904|6706|555472.0|337360.0|115648.0|102464.0|4900537|1388116|627241|351071|1|9|3|1|9977706|7409544|749595|321543|7.3|1|3.26|29|236|316|236.0
202406|CNTY_GU|44|42110|41110000|서울|성남시|서초동|4115000000|인계동|1|55|0|1|4|1872|108|108|816|61380|12961.0|3919.0|2542.0|6500.0|10366|2745|1825|1399788.0|423252.0|274536.0|702000.0|3924438|1638074|332473|437397|21|52|11|7|4951063|8134592|3652717|244225|7.65|7|3.48|150|326|229|2282.0
202406|CNTY_GU|45|28110|44130000|대구|성남시|서초동|4113000000|역삼1가|2|40|0|1|3|609|183|183|836|23331|21148.0|10417.0|7463.0|3268.0|15618|9299|6477|3870084.0|1906311.0|1365729.0|598044.0|1752112|441841|885096|399658|39|93|48|16|5375267|10022451|4212480|545511|5.52|24|3.24|141|176|265|4224.0
202406|PRVNC|11|11110|47110000|인천|서초구|역삼동|1111000000|역삼1가|2|30|0|1|10|127|360|360|947|53005|16792.0|12021.0|4076.0|695.0|12710|11052|3555|6045120.0|4327560.0|1467360.0|250200.0|3350948|2525355|136441|230986|61|194|105|4|301827|1084905|4405163|1477461|2.57|33|3.9|64|359|17|11847.0
202406|CNTY_GU|42|41130|11170000|대구|성남시|서초동|4711000000|서초1동|1|30|0|1|9|536|448|448|795|56469|44318.0|25793.0|13284.0|5241.0|32490|20539|12969|19854464.0|11555264.0|5951232.0|2347968.0|3352119|2817075|585114|362341|73|215|119|31|3795057|15930942|3952401|673990|6.37|5|2.31|58|83|348|415.0
202406|CNTY_GU|42|11170|41150000|인천|강남구|역삼동|4111000000|서초1동|1|20|0|1|2|1513|60|60|422|48126|18937.0|7614.0|4378.0|6945.0|15303|6252|3420|1136220.0|456840.0|262680.0|416700.0|3384763|2768946|565176|444279|9|34|10|5|6096262|379962|1470394|1807399|6.88|1|4.67|113|459|178|459.0
202406|CNTY_GU|42|26140|11200000|경기|수원시|역삼동|4711000000|서초1동|2|60|2|1|7|1897|55|55|553|65662|18475.0|14540.0|2181.0|1754.0|14121|13930|2143|1016125.0|799700.0|119955.0|96470.0|4130456|2007856|16198|227404|11|26|12|3|1736478|7807052|2146202|692475|2.71|0|2.64|177|0|137|0.0
202406|ADM|42|47110|27110000|인천|강남구|인계동|2611000000|역삼1가|2|50|2|2|1|247|172|172|108|85625|11999.0|8738.0|4563.0|0.0|11862|6350|4481|2063828.0|1502936.0|784836.0|0.0|4988187|1206804|960274|175085|23|99|45|10|7148931|3014916|4800190|1087595|7.2|21|1.12|16|53|451|1113.0
202406|ADM|47|28110|42110000|인천|서초구|서초동|2711000000|인계동|1|55|3|1|7|844|431|431|441|84137|32853.0|24886.0|12283.0|0.0|31336|24733|9362|14159643.0|10725866.0|5293973.0|0.0|3822208|1321334|54902|211393|124|203|48|3|8561935|15846631|4554378|1095499|6.46|39|3.4|60|120|23|4680.0
202406|ADM|43|41110|41110000|인천|수원시|역삼동|2811000000|역삼1가|1|70|0|2|10|1828|171|171|40|50549|10722.0|4002.0|1627.0|5093.0|9109|2908|1546|1833462.0|684342.0|278217.0|870903.0|3705848|941625|961367|201638|19|86|43|4|746722|7632265|2561720|182443|3.02|1|3.78|110|457|180|457.0
202406|CNTY_GU|42|43110|11140000|부산|서초구|인계동|1120000000|역삼1가|2|60|0|1|6|1756|25|25|87|17702|35823.0|24591.0|8706.0|2526.0|28032|21351|7553|895575.0|614775.0|217650.0|63150.0|127001|2253057|825191|431667|4|13|5|1|9243373|3818944|2381301|1138731|4.63|1|1.5|157|160|369|160.0
202406|CNTY_GU|43|41150|41130000|부산|수원시|인계동|4611000000|인계동|1|50|1|2|4|348|423|423|927|46767|42088.0|26012.0|5579.0|10497.0|36753|21374|4990|17803224.0|11003076.0|2359917.0|4440231.0|2444275|1607160|560701|332850|123|182|44|23|2957687|12722192|32404|1000428|7.0|42|3.61|175|417|44|17514.0
202406|PRVNC|46|41150|26110000|대구|성남시|역삼동|4211000000|인계동|1|50|0|2|5|1599|364|364|56|39001|4342.0|2843.0|1058.0|441.0|3255|2751|984|1580488.0|1034852.0|385112.0|160524.0|4122011|708281|786794|117017|91|193|92|34|5176107|19973853|30208|1778052|2.76|5|4.56|11|44|102|220.0
202406|ADM|42|46110|11140000|경기|수원시|서초동|1120000000|역삼1가|1|20|2|1|5|1927|2|2|721|73897|3609.0|1147.0|1059.0|1403.0|2933|1011|908|7218.0|2294.0|2118.0|2806.0|1793629|1534006|79921|468089|0|0|0|0|619191|2771674|752015|926746|7.33|0|3.18|50|0|203|0.0
202406|PRVNC|44|26110|11140000|대구|성남시|역삼동|4115000000|역삼1가|2|50|0|1|1|1305|490|490|709|67073|33930.0|17748.0|4412.0|11770.0|32104|16226|4313|16625700.0|8696520.0|2161880.0|5767300.0|3063311|1896769|750762|191800|82|209|126|6|2940696|15442753|4804323|1073885|7.08|62|1.6|16|490|477|30380.0
202406|ADM|27|41110|27110000|경기|수원시|역삼동|2614000000|서초1동|2|30|0|1|2|1467|72|72|457|72898|2760.0|1288.0|895.0|577.0|2551|981|664|198720.0|92736.0|64440.0|41544.0|760528|2569563|275039|356450|16|39|10|1|227340|9954528|1603932|1943055|5.37|6|3.48|104|263|190|1578.0
202406|CNTY_GU|47|26140|46110000|인천|수원시|역삼동|2711000000|역삼1가|2|30|3|2|1|348|212|212|129|10098|18408.0|7741.0|6659.0|4008.0|13067|7597|5902|3902496.0|1641092.0|1411708.0|849696.0|326840|1439465|602870|266680|33|107|42|18|3231267|12425839|2548106|1973382|4.62|20|2.28|9|114|174|2280.0
202406|ADM|45|26140|43110000|대구|강남구|서초동|4113000000|역삼1가|1|55|1|1|7|354|238|238|655|83875|48050.0|23676.0|7141.0|17233.0|36231|20678|5876|11435900.0|5634888.0|1699558.0|4101454.0|3251094|2017511|243457|161094|47|137|70|3|5198108|2384913|3895922|1489131|7.61|28|1.4|114|449|242|12572.0
202406|PRVNC|26|44130|11140000|인천|성남시|역삼동|4413000000|역삼1가|2|20|1|1|7|1547|70|70|752|20186|38816.0|21220.0|15241.0|2355.0|33025|20112|14191|2717120.0|1485400.0|1066870.0|164850.0|3632216|2305316|365533|90113|16|29|18|4|3491914|14375363|3711509|195859|6.12|6|1.79|125|111|225|666.0
202406|CNTY_GU|26|26110|41130000|경기|서초구|역삼동|2614000000|역삼1가|1|70|1|1|9|1568|349|349|599|12028|11687.0|8002.0|3382.0|303.0|8441|5900|2524|4078763.0|2792698.0|1180318.0|105747.0|439259|1220108|287059|78055|103|186|85|23|2128804|7144167|380186|108294|5.31|50|4.77|173|200|139|10000.0
202406|ADM|43|11170|26110000|경기|강남구|서초동|4111000000|서초1동|2|55|1|1|10|909|120|120|854|45379|21950.0|12820.0|8636.0|494.0|17978|9673|6771|2634000.0|1538400.0|1036320.0|59280.0|3025201|1428386|787080|169794|27|68|23|2|6364991|3835670|3471994|917623|6.81|13|4.52|177|411|280|5343.0
202406|ADM|41|11110|42110000|인천|강남구|역삼동|1114000000|서초1동|1|70|0|2|9|1639|112|112|653|20125|17934.0|8919.0|3651.0|5364.0|15707|7863|2828|2008608.0|998928.0|408912.0|600768.0|1213930|930538|60047|466669|26|56|16|0|607778|2797905|1772789|32716|4.07|9|4.06|170|227|275|2043.0
202406|CNTY_GU|26|43110|11200000|서울|강남구|인계동|4413000000|인계동|1|65|0|1|2|450|314|314|57|45331|24296.0|16766.0|8755.0|0.0|19050|16302|8337|7628944.0|5264524.0|2749070.0|0.0|978900|1459691|755304|433264|71|185|43|24|2830781|10734756|1312168|1275499|3.9|26|4.67|125|30|234|780.0
202406|ADM|11|11200|11170000|대구|수원시|서초동|4211000000|역삼1가|1|55|0|1|3|55|460|460|185|18743|13171.0|9311.0|3400.0|460.0|10603|8064|2631|6058660.0|4283060.0|1564000.0|211600.0|462226|2421101|775788|48783|102|244|126|25|4944308|15173596|4265175|785777|7.13|45|4.65|158|49|209|2205.0
202406|CNTY_GU|26|45110|41150000|인천|성남시|서초동|4111000000|역삼1가|2|65|0|1|6|934|495|495|145|36000|31518.0|15300.0|11163.0|5055.0|31436|12457|9907|15601410.0|7573500.0|5525685.0|2502225.0|890490|2130808|649806|168311|83|261|118|45|1401264|14913324|2957440|462727|2.51|43|2.2|11|419|365|18017.0
202406|CNTY_GU|45|41150|41110000|서울|강남구|서초동|4511000000|역삼1가|1|20|0|1|6|1721|132|132|201|78884|39377.0|17763.0|8174.0|13440.0|36854|13331|6912|5197764.0|2344716.0|1078968.0|1774080.0|4059955|145825|500646|94874|32|65|30|4|411603|493954|4708533|1507287|2.54|0|1.85|64|0|139|0.0
202406|ADM|27|11200|45110000|대구|강남구|서초동|1114000000|서초1동|1|45|3|2|1|1236|120|120|342|88594|24773.0|17858.0|9742.0|0.0|23137|17471|7627|2972760.0|2142960.0|1169040.0|0.0|1543278|100018|93096|447841|24|54|12|7|3670325|8554864|4292989|1013834|2.75|15|1.46|119|201|411|3015.0
202406|CNTY_GU|11|28110|11140000|부산|강남구|역삼동|4113000000|인계동|2|35|0|2|5|1928|156|156|850|28282|34224.0|11809.0|7559.0|14856.0|27373|10801|5555|5338944.0|1842204.0|1179204.0|2317536.0|134970|1335733|161925|16481|39|67|16|2|3589117|19360602|3787564|1266335|3.36|19|2.41|106|289|336|5491.0
202406|ADM|47|46110|47110000|인천|서초구|인계동|1117000000|서초1동|2|45|0|1|1|1803|107|107|173|50009|18020.0|10852.0|5368.0|1800.0|12735|9714|4046|1928140.0|1161164.0|574376.0|192600.0|2729640|2277534|970782|166532|31|57|29|2|2975777|13528655|3426150|1539566|3.08|15|3.97|158|314|260|4710.0
202406|ADM|26|28110|41150000|대구|성남시|역삼동|1114000000|인계동|1|30|2|1|2|1908|498|498|676|94141|14951.0|8807.0|3898.0|2246.0|11965|7911|3396|7445598.0|4385886.0|1941204.0|1118508.0|1338642|2452751|897933|276750|87|230|129|1|5529856|11765111|1538544|1289101|4.93|50|5.0|88|298|185|14900.0
202406|CNTY_GU|47|41110|27110000|인천|강남구|서초동|4211000000|역삼1가|1|70|1|1|1|1183|216|216|38|37659|29152.0|16148.0|3408.0|9596.0|26037|15474|2585|6296832.0|3487968.0|736128.0|2072736.0|2083966|224337|906726|227998|51|126|37|3|1638238|17174247|3292316|1297715|2.66|22|2.06|132|141|87|3102.0
202406|ADM|41|11200|45110000|부산|강남구|인계동|2614000000|서초1동|1|65|1|2|9|1424|443|443|514|13857|3596.0|1340.0|798.0|1458.0|2693|1043|755|1593028.0|593620.0|353514.0|645894.0|3914204|972575|723428|265291|98|207|95|2|1763193|2922017|647732|409093|2.86|21|4.55|121|479|88|10059.0
202406|CNTY_GU|46|45110|11200000|부산|강남구|역삼동|4511000000|서초1동|2|40|2|1|4|240|388|388|727|39200|47502.0|22140.0|9125.0|16237.0|34975|17467|7101|18430776.0|8590320.0|3540500.0|6299956.0|200365|993907|552699|290458|69|184|48|33|5079265|12864434|4300689|209657|3.52|52|2.55|113|478|113|24856.0
202406|PRVNC|11|28110|45110000|인천|서초구|인계동|1117000000|서초1동|2|65|0|1|4|974|409|409|630|71495|35519.0|16678.0|9793.0|9048.0|27278|12646|8174|14527271.0|6821302.0|4005337.0|3700632.0|3476226|129413|851745|180686|115|209|96|2|4100369|1168240|737581|1798429|6.5|23|4.39|119|116|157|2668.0
202406|ADM|42|11170|43110000|서울|서초구|서초동|4611000000|서초1동|1|25|0|1|1|661|46|46|457|37236|41650.0|19230.0|8555.0|13865.0|35671|17824|8408|1915900.0|884580.0|393530.0|637790.0|4211667|446495|256374|443493|6|22|10|2|5374883|10726501|1939945|265343|4.58|4|1.53|40|351|94|1404.0
202406|PRVNC|44|41150|27110000|서울|수원시|서초동|2611000000|서초1동|1|35|2|2|10|835|100|100|73|35935|8679.0|5790.0|1042.0|1847.0|7259|4440|960|867900.0|579000.0|104200.0|184700.0|2775971|2760475|103008|212655|12|41|18|5|8862896|17815907|1989249|119860|3.63|1|1.36|45|26|340|26.0
202406|ADM|46|41150|11170000|인천|서초구|역삼동|1120000000|인계동|1|55|1|2|7|331|22|22|53|92451|16759.0|5240.0|3699.0|7820.0|14396|3896|3287|368698.0|115280.0|81378.0|172040.0|4763546|2494417|899550|454823|6|9|3|0|1068707|6800771|2779618|60707|5.19|1|4.77|170|272|489|272.0
202406|CNTY_GU|26|11200|43110000|인천|서초구|인계동|2711000000|인계동|1|25|1|1|7|1100|345|345|651|38111|16228.0|5273.0|2250.0|8705.0|15856|4184|2039|5598660.0|1819185.0|776250.0|3003225.0|516959|1035455|905003|115649|84|187|67|10|7336277|8528561|22393|931468|5.01|27|4.96|19|466|265|12582.0
202406|ADM|11|41150|42110000|부산|수원시|서초동|1111000000|역삼1가|2|65|3|1|5|1302|56|56|550|21289|1367.0|713.0|459.0|195.0|1188|615|365|76552.0|39928.0|25704.0|10920.0|3883328|154963|310756|471274|9|27|10|3|9335524|3412195|3436196|1811068|4.02|6|3.49|153|194|401|1164.0
202406|ADM|45|11140|47110000|서울|성남시|서초동|4511000000|인계동|2|25|0|1|7|514|243|243|942|51029|22765.0|7967.0|6388.0|8410.0|20182|6263|5799|5531895.0|1935981.0|1552284.0|2043630.0|4611363|576245|282934|202252|70|113|32|8|3637590|10050752|2095351|1404878|6.74|16|1.33|64|36|148|576.0
202406|ADM|43|41110|11200000|부산|수원시|인계동|4711000000|역삼1가|2|70|1|1|4|261|186|186|630|38159|37130.0|26273.0|7259.0|3598.0|26151|20414|6061|6906180.0|4886778.0|1350174.0|669228.0|4173034|2189748|637555|271188|53|104|46|11|8887297|16648880|3358187|1266269|4.48|26|3.4|20|153|301|3978.0
202406|CNTY_GU|43|11110|45110000|인천|서초구|역삼동|2611000000|인계동|2|20|0|1|10|1847|438|438|284|25428|34998.0|21762.0|4151.0|9085.0|25203|15829|3972|15329124.0|9531756.0|1818138.0|3979230.0|1360239|924824|546375|88914|130|237|128|29|1781693|10247754|3017697|772426|4.07|45|3.57|99|86|323|3870.0
202406|ADM|42|11140|41150000|서울|서초구|역삼동|4511000000|서초1동|1|40|3|2|7|1878|404|404|66|94740|49258.0|22571.0|17595.0|9092.0|38619|21735|13275|19900232.0|9118684.0|7108380.0|3673168.0|2603723|850841|151459|496606|51|180|74|32|7243694|16865234|4395974|1637415|6.6|14|3.56|179|486|246|6804.0
202406|ADM|45|11140|42110000|경기|성남시|인계동|4413000000|역삼1가|1|20|0|2|8|869|454|454|810|73858|42647.0|28228.0|9950.0|4469.0|34942|23896|9901|19361738.0|12815512.0|4517300.0|2028926.0|3956358|1205268|434506|346312|104|221|68|2|5886105|15894551|2188636|1281789|4.48|1|4.29|129|216|433|216.0
202406|ADM|47|42110|11200000|대구|서초구|인계동|1117000000|서초1동|2|60|3|1|6|464|323|323|21|12422|49605.0|38084.0|13816.0|0.0|48426|34223|11065|16022415.0|12301132.0|4462568.0|0.0|1142835|2824763|385383|489103|63|136|81|29|8267831|10408745|2731745|1140160|2.89|31|3.33|120|487|495|15097.0
202406|CNTY_GU|46|27110|11140000|경기|강남구|서초동|4611000000|서초1동|1|60|2|1|4|1443|212|212|927|88712|29698.0|11848.0|4209.0|13641.0|27197|10929|3772|6295976.0|2511776.0|892308.0|2891892.0|2761702|2344|560745|474182|34|110|36|4|7619306|14301683|3623175|889191|4.19|20|4.93|93|13|57|260.0
202406|CNTY_GU|27|28110|43110000|서울|성남시|역삼동|4111000000|인계동|1|20|2|1|1|1156|3|3|506|74279|46508.0|16286.0|11416.0|18806.0|44029|15357|10282|139524.0|48858.0|34248.0|56418.0|4047835|1443933|18726|462416|0|1|0|0|1335638|6004312|195152|1960986|6.04|0|4.97|19|0|151|0.0
202406|ADM|27|41150|47110000|대구|수원시|서초동|1111000000|서초1동|1|50|0|1|4|1646|270|270|144|46633|32367.0|11122.0|4116.0|17129.0|31339|8488|3349|8739090.0|3002940.0|1111320.0|4624830.0|3119141|2936361|450185|479481|72|115|40|21|2618903|10743|78470|1756287|3.16|13|1.3|102|421|379|5473.0
202406|ADM|46|45110|26140000|서울|강남구|서초동|4211000000|인계동|2|30|3|1|1|1425|158|158|305|29657|18352.0|13092.0|6528.0|0.0|14742|9569|5968|2899616.0|2068536.0|1031424.0|0.0|4325284|576806|670665|329882|24|71|35|11|5858700|15256934|645432|897725|2.49|16|3.6|157|340|224|5440.0
202406|ADM|42|26140|27110000|경기|수원시|서초동|2611000000|인계동|1|45|0|2|7|713|468|468|366|45791|34993.0|10889.0|13282.0|10822.0|30680|10345|9576|16376724.0|5096052.0|6215976.0|5064696.0|813087|1787860|157768|92503|136|208|78|38|4025365|2637359|4908484|494026|6.16|27|1.76|117|140|346|3780.0
202406|PRVNC|47|41150|43110000|인천|수원시|서초동|4511000000|인계동|2|35|2|2|2|1391|4|4|908|18093|2139.0|927.0|640.0|572.0|1720|750|457|8556.0|3708.0|2560.0|2288.0|110220|1815261|320010|187996|0|2|0|0|5820883|3883373|2184356|273285|6.57|0|3.26|108|0|450|0.0
202406|ADM|41|46110|42110000|경기|성남시|인계동|4311000000|역삼1가|1|40|1|1|7|1146|307|307|283|32714|20858.0|10597.0|7241.0|3020.0|20805|9130|5891|6403406.0|3253279.0|2222987.0|927140.0|4912|146449|51790|279509|87|145|80|20|5565112|17559070|77545|482837|4.84|35|3.14|13|203|172|7105.0
202406|ADM|47|47110|11140000|경기|강남구|인계동|2811000000|서초1동|2|55|1|2|9|1602|342|342|657|55760|10065.0|4578.0|1079.0|4408.0|8074|4570|1066|3442230.0|1565676.0|369018.0|1507536.0|123769|740617|986951|241821|94|159|55|21|984618|14937444|1146268|1621348|2.76|42|3.96|18|63|111|2646.0
202406|ADM|26|43110|43110000|부산|수원시|역삼동|1117000000|서초1동|2|25|0|1|5|1003|252|252|93|29912|29150.0|19126.0|8584.0|1440.0|23984|14191|6144|7345800.0|4819752.0|2163168.0|362880.0|1316649|2630504|565214|418325|38|141|75|23|9060275|37672|1015762|1619040|7.84|31|2.02|73|449|161|13919.0
202406|ADM|47|43110|43110000|경기|서초구|서초동|2611000000|인계동|1|55|0|1|9|1432|279|279|144|38726|44859.0|29164.0|14833.0|862.0|32967|27149|14545|12515661.0|8136756.0|4138407.0|240498.0|4317105|1707555|252954|99814|51|166|28|16|2718035|5613427|4672516|1741721|5.07|13|4.67|5|190|259|2470.0
202406|ADM|44|11200|45110000|경기|성남시|인계동|4311000000|인계동|2|45|1|1|10|1908|127|127|936|27333|40964.0|21760.0|4245.0|14959.0|39940|21154|3992|5202428.0|2763520.0|539115.0|1899793.0|2097245|397035|851469|40931|15|59|24|4|221007|2484611|821035|368595|6.82|16|2.35|151|378|116|6048.0
202406|ADM|45|11140|46110000|대구|서초구|역삼동|4611000000|인계동|1|40|2|2|10|56|64|64|704|48537|31392.0|22427.0|11147.0|0.0|29122|17420|9103|2009088.0|1435328.0|713408.0|0.0|3348935|908205|497192|252632|9|29|13|0|506566|659692|3636177|25458|4.66|3|3.99|56|392|248|1176.0
202406|ADM|11|11110|26140000|경기|성남시|서초동|4115000000|서초1동|1|35|1|1|10|802|49|49|51|87135|40711.0|21881.0|12081.0|6749.0|36359|18609|9215|1994839.0|1072169.0|591969.0|330701.0|3976934|225581|564550|184574|10|27|5|0|5524455|8221348|4482911|524864|4.3|4|1.24|143|81|154|324.0
202406|ADM|27|41150|41110000|대구|성남시|역삼동|4115000000|인계동|1|45|0|2|8|1295|150|150|697|68225|24443.0|8854.0|8355.0|7234.0|21887|8739|8060|3666450.0|1328100.0|1253250.0|1085100.0|1340173|2849014|818034|253074|20|68|36|1|4355185|7929058|3087470|1644270|3.9|15|1.88|96|265|373|3975.0
202406|ADM|27|28110|42110000|서울|성남시|인계동|4611000000|서초1동|2|45|0|1|4|270|464|464|282|48334|508.0|313.0|102.0|93.0|413|258|79|235712.0|145232.0|47328.0|43152.0|1519504|1499927|593846|89809|109|257|107|8|6211637|18250935|709193|476555|4.9|40|4.4|30|328|258|13120.0
202406|CNTY_GU|43|45110|26110000|경기|수원시|역삼동|4611000000|역삼1가|1|60|0|1|4|1466|469|469|664|53888|31422.0|16331.0|10079.0|5012.0|26976|12426|8749|14736918.0|7659239.0|4727051.0|2350628.0|2284396|52612|246102|225734|86|196|82|32|4242177|11173260|3116376|1933783|2.02|8|1.67|59|91|133|728.0
202406|CNTY_GU|44|11200|45110000|경기|강남구|인계동|4511000000|인계동|1|40|0|1|1|715|57|57|664|28784|45130.0|22485.0|6086.0|16559.0|40444|21861|5426|2572410.0|1281645.0|346902.0|943863.0|3488910|270542|9602|342264|9|33|6|3|9082345|23510|3639471|1885802|4.14|3|3.92|176|328|369|984.0
202406|ADM|43|28110|11200000|서울|강남구|역삼동|4511000000|인계동|1|55|1|1|1|288|363|363|547|86607|31373.0|23046.0|9317.0|0.0|25364|17687|8587|11388399.0|8365698.0|3382071.0|0.0|3336312|486130|612800|270249|83|157|71|36|4369663|17765248|2630252|1823771|2.97|37|3.53|164|111|429|4107.0
202406|CNTY_GU|43|46110|11140000|서울|강남구|인계동|1114000000|인계동|2|40|0|1|5|1407|97|97|705|53644|4928.0|3303.0|1777.0|0.0|3904|2539|1597|478016.0|320391.0|172369.0|0.0|278514|1542043|482048|71214|13|54|27|6|346696|16499667|1896322|1848617|2.73|6|1.2|30|382|360|2292.0
202406|CNTY_GU|47|26140|44130000|대구|수원시|인계동|4711000000|서초1동|2|20|1|1|1|1318|13|13|252|10541|24800.0|8235.0|4587.0|11978.0|23909|7203|4395|322400.0|107055.0|59631.0|155714.0|4378515|2523160|159087|301374|2|6|3|1|354408|5956347|1045108|606143|4.42|0|1.27|135|0|30|0.0
202406|ADM|41|11170|11110000|대구|수원시|서초동|1114000000|서초1동|1|65|0|2|8|1681|20|20|753|38837|3605.0|1251.0|474.0|1880.0|3012|1135|396|72100.0|25020.0|9480.0|37600.0|1720223|395261|40298|347952|3|8|2|1|7451868|1453259|3653137|141413|7.11|0|3.62|47|0|93|0.0
202406|CNTY_GU|27|43110|26140000|부산|강남구|인계동|2811000000|인계동|1|40|0|1|7|1717|425|425|528|50912|34595.0|24819.0|11900.0|0.0|24766|18532|9804|14702875.0|10548075.0|5057500.0|0.0|795520|1363756|535345|8736|49|210|95|29|8105089|3005237|1833134|486853|5.65|48|2.21|178|235|428|11280.0
202406|CNTY_GU|43|41150|42110000|인천|성남시|서초동|4611000000|인계동|2|30|0|1|5|1991|417|417|873|12794|10615.0|5505.0|1269.0|3841.0|9476|4734|908|4426455.0|2295585.0|529173.0|1601697.0|3439916|1680585|540596|282171|55|230|113|24|5215696|4139862|3783075|622750|4.72|6|2.79|143|140|316|840.0
202406|PRVNC|11|11110|41110000|부산|강남구|서초동|4511000000|역삼1가|2|70|2|1|1|877|305|305|810|88005|34230.0|22165.0|13123.0|0.0|28133|20983|13053|10440150.0|6760325.0|4002515.0|0.0|3036417|2141265|943579|444052|88|161|71|27|8018035|10045549|3542008|1233409|3.94|24|2.03|158|263|36|6312.0
202406|CNTY_GU|41|11170|26110000|부산|성남시|인계동|1117000000|역삼1가|1|40|1|2|2|1042|495|495|347|69729|2361.0|748.0|744.0|869.0|1768|571|609|1168695.0|370260.0|368280.0|430155.0|523699|1286266|346506|348251|50|233|89|39|8665680|10617764|2115048|983573|4.11|27|4.53|23|225|426|6075.0
202406|ADM|43|11110|43110000|부산|강남구|역삼동|4311000000|서초1동|2|30|0|2|1|944|200|200|601|75367|14811.0|8143.0|2568.0|4100.0|11774|6035|2274|2962200.0|1628600.0|513600.0|820000.0|3914257|1723346|171518|379070|24|98|36|0|6364131|15856445|714039|76004|5.81|19|1.0|67|266|328|5054.0
202406|CNTY_GU|45|11200|11110000|서울|강남구|서초동|4511000000|역삼1가|1|45|1|1|7|301|498|498|249|30817|36102.0|25909.0|9608.0|585.0|34502|20803|7615|17978796.0|12902682.0|4784784.0|291330.0|4092637|1646079|554076|161801|127|204|138|35|9604396|11482783|2519855|201022|4.1|70|1.47|97|12|20|840.0
202406|ADM|41|47110|45110000|대구|수원시|인계동|2811000000|인계동|2|40|0|2|8|978|4|4|542|70939|34881.0|22554.0|9729.0|2598.0|27200|17186|7521|139524.0|90216.0|38916.0|10392.0|1112403|1775267|38187|329379|0|2|1|0|3444436|6194869|3775337|1272487|5.11|0|1.92|145|0|251|0.0
202406|CNTY_GU|26|47110|41130000|대구|강남구|인계동|2711000000|서초1동|2|30|3|1|7|908|99|99|513|11163|36125.0|23660.0|14086.0|0.0|31718|22765|12946|3576375.0|2342340.0|1394514.0|0.0|3149537|1549440|384734|1470|20|53|26|6|2851224|10796052|4681681|701229|5.11|10|2.87|121|294|142|2940.0
202406|ADM|45|43110|26110000|인천|서초구|서초동|2614000000|서초1동|2|40|2|1|2|801|425|425|707|60086|34994.0|17891.0|7216.0|9887.0|33001|17234|6041|14872450.0|7603675.0|3066800.0|4201975.0|1580715|2611261|614709|331702|116|233|118|32|2683163|4558960|518866|329032|4.26|47|4.56|69|90|285|4230.0
202406|ADM|27|11110|26110000|경기|강남구|역삼동|4711000000|서초1동|1|65|3|2|8|173|187|187|187|77812|13509.0|9668.0|1425.0|2416.0|13281|8031|1312|2526183.0|1807916.0|266475.0|451792.0|461250|2156043|439683|188499|25|77|43|7|8984732|16127623|1860246|1638211|2.19|26|2.56|63|108|453|2808.0
202406|ADM|26|26110|41150000|부산|수원시|인계동|4413000000|인계동|2|30|0|2|10|1974|493|493|600|94551|29180.0|10777.0|4673.0|13730.0|20565|10283|4310|14385740.0|5313061.0|2303789.0|6768890.0|633083|1339837|741831|138356|51|209|120|20|3516151|6864290|637047|484777|2.99|21|2.79|91|433|413|9093.0
202406|CNTY_GU|42|41150|26110000|인천|성남시|서초동|4311000000|역삼1가|2|25|1|2|4|1067|22|22|339|90876|24696.0|9871.0|4328.0|10497.0|22950|9400|3906|543312.0|217162.0|95216.0|230934.0|748978|2965113|891906|461716|5|10|5|0|5674571|11317847|3207897|1377978|7.04|2|1.8|37|243|111|486.0
202406|ADM|44|44130|41150000|대구|성남시|서초동|4113000000|인계동|1|20|1|2|9|1709|422|422|174|57327|30335.0|19051.0|6653.0|4631.0|24307|15971|5945|12801370.0|8039522.0|2807566.0|1954282.0|89326|1289893|765083|432875|111|171|70|30|1210186|8169427|1287137|1914926|4.84|43|4.41|65|162|311|6966.0
202406|ADM|43|47110|26110000|대구|강남구|인계동|1111000000|서초1동|1|40|0|2|5|1512|413|413|187|66566|33954.0|25716.0|8153.0|85.0|28592|24153|7586|14023002.0|10620708.0|3367189.0|35105.0|1105894|2181809|770552|338503|121|178|70|40|5326655|4537091|9329|544799|3.59|61|4.82|85|184|212|11224.0
202406|PRVNC|45|41130|41110000|서울|강남구|인계동|4111000000|인계동|2|50|0|1|5|1913|358|358|603|19810|49046.0|17880.0|14858.0|16308.0|43715|16392|11149|17558468.0|6401040.0|5319164.0|5838264.0|1788898|1733471|206091|316659|39|189|67|21|5492095|6139974|4913106|4841|3.6|25|2.18|96|468|100|11700.0
202406|ADM|45|11170|45110000|대구|서초구|인계동|4113000000|역삼1가|2|40|3|1|3|1252|38|38|471|70579|1683.0|719.0|277.0|687.0|1521|553|240|63954.0|27322.0|10526.0|26106.0|762088|1794668|515564|97512|5|15|8|0|487266|8673410|976286|1615216|5.87|2|2.88|62|353|283|706.0
202406|CNTY_GU|27|28110|28110000|인천|수원시|서초동|2811000000|인계동|2|60|0|1|6|250|369|369|5|77198|21666.0|16263.0|4937.0|466.0|18588|12852|3589|7994754.0|6001047.0|1821753.0|171954.0|1092789|1755445|396089|28795|54|172|77|6|2748041|15827445|1419170|1158388|6.35|29|3.24|12|426|142|12354.0
202406|ADM|26|45110|11200000|경기|성남시|역삼동|4113000000|서초1동|2|30|1|1|4|504|85|85|550|24391|37753.0|12879.0|6229.0|18645.0|27931|9795|4786|3209005.0|1094715.0|529465.0|1584825.0|1888134|6983|775733|450790|12|40|11|8|9926486|16763788|2775040|74874|7.2|11|2.92|91|375|339|4125.0
202406|CNTY_GU|11|11200|41110000|경기|강남구|역삼동|2614000000|인계동|1|35|1|2|7|923|220|220|600|98933|30067.0|14996.0|6506.0|8565.0|25519|13886|6375|6614740.0|3299120.0|1431320.0|1884300.0|4766355|188673|657940|30058|64|101|48|8|6881953|10506973|4215955|1244266|6.05|9|4.14|100|302|50|2718.0
202406|CNTY_GU|42|42110|11200000|서울|성남시|서초동|1117000000|인계동|2|60|1|2|1|1745|302|302|61|35194|33009.0|11411.0|7486.0|14112.0|25866|11124|5890|9968718.0|3446122.0|2260772.0|4261824.0|1619754|336840|176786|384298|79|124|61|23|125488|17677805|804551|1290284|2.4|11|2.27|64|209|463|2299.0
202406|ADM|42|11170|44130000|인천|강남구|서초동|2614000000|역삼1가|1|40|1|2|7|1914|365|365|969|87163|39940.0|29613.0|11708.0|0.0|34529|26609|9573|14578100.0|10808745.0|4273420.0|0.0|4740877|2344318|467173|46319|89|183|72|2|768113|2884081|928350|414268|6.47|14|2.42|30|167|164|2338.0
202406|CNTY_GU|27|27110|44130000|대구|성남시|서초동|4113000000|역삼1가|2|25|0|2|1|312|318|318|594|95005|43548.0|21321.0|15023.0|7204.0|33348|17964|14584|13848264.0|6780078.0|4777314.0|2290872.0|2617563|2489883|819756|93354|88|171|67|1|5930902|12755802|4959059|1927639|3.93|3|4.32|96|425|231|1275.0
202406|ADM|47|26110|45110000|경기|강남구|역삼동|4611000000|서초1동|2|20|3|1|6|430|108|108|781|28725|17010.0|8464.0|1857.0|6689.0|15309|6624|1774|1837080.0|914112.0|200556.0|722412.0|3904444|2634170|313670|489748|26|43|30|1|935278|3373958|641369|377073|6.09|10|2.32|68|192|139|1920.0
202406|ADM|44|11200|41150000|경기|성남시|역삼동|4311000000|서초1동|1|40|0|1|6|686|159|159|648|27163|27912.0|9609.0|10796.0|7507.0|27243|7194|9649|4438008.0|1527831.0|1716564.0|1193613.0|1113221|2127766|10673|357099|46|67|30|9|7021371|509487|3098679|1879674|3.05|17|4.69|93|401|99|6817.0
202406|ADM|46|11170|11200000|대구|강남구|서초동|1117000000|서초1동|2|25|3|2|6|1515|253|253|45|90704|28874.0|13746.0|11530.0|3598.0|28852|10772|10564|7305122.0|3477738.0|2917090.0|910294.0|3134569|63123|473541|178803|53|141|45|4|2474005|304276|689247|126734|2.62|24|1.97|92|43|205|1032.0
202406|ADM|45|41130|26140000|대구|서초구|인계동|4111000000|인계동|1|60|3|2|6|1803|12|12|19|46988|39530.0|17606.0|13770.0|8154.0|30095|16575|12431|474360.0|211272.0|165240.0|97848.0|3049659|764874|554520|253748|3|6|2|0|83978|6193560|1294283|1084954|3.33|0|1.44|135|0|272|0.0
202406|ADM|26|11200|41110000|인천|성남시|서초동|4113000000|서초1동|2|30|2|1|10|1041|183|183|882|79598|41313.0|16754.0|12879.0|11680.0|33055|14529|10492|7560279.0|3065982.0|2356857.0|2137440.0|4791275|1303463|550683|219993|44|95|25|14|6319791|18955541|3013926|1899301|7.81|12|3.25|103|267|58|3204.0
202406|ADM|11|41130|41150000|경기|성남시|인계동|1111000000|역삼1가|2|35|0|1|8|402|394|394|845|49524|3573.0|2192.0|1127.0|254.0|3066|1919|880|1407762.0|863648.0|444038.0|100076.0|3508980|2208142|6168|56625|93|184|78|32|31327|5006230|3927639|1308530|6.56|41|4.44|159|251|106|10291.0
202406|CNTY_GU|26|41130|28110000|서울|강남구|서초동|2611000000|서초1동|2|25|1|2|7|1288|298|298|36|10670|7289.0|4453.0|1852.0|984.0|5722|3702|1398|2172122.0|1326994.0|551896.0|293232.0|4431788|1746737|717563|458826|42|150|73|16|1805317|11170187|3100918|1793246|3.9|38|3.82|48|394|424|14972.0
202406|ADM|43|26110|41130000|서울|서초구|서초동|2811000000|인계동|2|25|1|2|10|1505|314|314|164|33166|9638.0|4383.0|3325.0|1930.0|7754|3900|2619|3026332.0|1376262.0|1044050.0|606020.0|3460311|2451980|491318|424811|88|161|73|30|6822066|13493160|3961097|512061|7.85|44|2.88|58|272|207|11968.0
202406|CNTY_GU|41|11200|44130000|대구|수원시|인계동|4611000000|역삼1가|2|45|0|1|2|1440|46|46|485|91390|39997.0|22092.0|7829.0|10076.0|35351|17308|6668|1839862.0|1016232.0|360134.0|463496.0|4482661|498810|789702|412659|9|21|11|0|8130159|3975131|1597608|1460089|3.62|3|3.19|14|249|312|747.0
202406|ADM|45|42110|11110000|부산|수원시|역삼동|1114000000|서초1동|2|30|3|1|6|873|446|446|823|58268|4007.0|3197.0|517.0|293.0|3421|2502|489|1787122.0|1425862.0|230582.0|130678.0|4023846|1767519|451669|335142|84|219|103|29|8489324|6083418|3576024|1074414|4.16|23|2.3|18|319|215|7337.0
202406|CNTY_GU|27|46110|11200000|부산|수원시|역삼동|1114000000|인계동|1|45|2|2|3|75|24|24|87|17215|31247.0|13765.0|8259.0|9223.0|28308|10866|7970|749928.0|330360.0|198216.0|221352.0|475755|915467|188516|439022|3|14|3|0|9568778|16076527|634841|765538|4.86|1|1.46|37|319|491|319.0
202406|CNTY_GU|11|41110|11140000|인천|수원시|서초동|1114000000|인계동|2|20|0|1|3|1220|360|360|453|47850|28482.0|15149.0|9762.0|3571.0|23387|12682|7067|10253520.0|5453640.0|3514320.0|1285560.0|1901444|298845|575880|459932|55|145|62|9|6295498|4800580|1253799|130895|7.51|27|2.13|158|226|432|6102.0
202406|CNTY_GU|44|27110|44130000|부산|서초구|서초동|4711000000|서초1동|2|45|1|1|10|1371|80|80|105|47082|49565.0|37250.0|9318.0|2997.0|43836|26533|8190|3965200.0|2980000.0|745440.0|239760.0|2991521|2121270|970124|183995|10|46|16|5|7612853|14762854|460160|1678529|4.55|4|4.18|134|376|243|1504.0
202406|ADM|46|45110|27110000|경기|서초구|서초동|2611000000|역삼1가|2|40|1|2|8|1317|99|99|987|22944|24246.0|14821.0|8106.0|1319.0|21747|11359|7981|2400354.0|1467279.0|802494.0|130581.0|4942381|1647797|320784|244425|16|42|21|8|2718868|5846311|409467|511374|6.56|12|1.26|113|389|347|4668.0
202406|PRVNC|44|44130|46110000|서울|수원시|인계동|2811000000|서초1동|2|70|0|2|6|697|179|179|540|18408|45830.0|15377.0|16531.0|13922.0|34311|11909|15535|8203570.0|2752483.0|2959049.0|2492038.0|1931402|1258588|170751|340112|34|90|17|10|5766793|3292954|1292007|1202383|7.96|0|1.22|43|0|279|0.0
202406|CNTY_GU|47|46110|42110000|경기|성남시|서초동|4111000000|서초1동|2|35|1|2|3|290|196|196|248|25200|15510.0|6740.0|4696.0|4074.0|14247|5768|4048|3039960.0|1321040.0|920416.0|798504.0|1711442|885693|944018|194321|37|110|58|12|3756053|10810749|3815422|1841554|5.16|19|2.36|77|315|296|5985.0
202406|PRVNC|26|11110|45110000|인천|수원시|서초동|4511000000|인계동|1|60|1|1|8|429|496|496|240|76613|38780.0|12289.0|6173.0|20318.0|36954|11293|4619|19234880.0|6095344.0|3061808.0|10077728.0|541373|2002333|668848|80749|86|216|115|20|1751745|16669665|2222269|1908566|6.56|54|1.44|69|341|372|18414.0
202406|ADM|47|41150|41130000|서울|서초구|역삼동|1114000000|서초1동|2|40|1|1|3|672|481|481|349|23379|7721.0|3960.0|2670.0|1091.0|7070|3859|2484|3713801.0|1904760.0|1284270.0|524771.0|3600803|2671177|607887|272192|97|230|107|28|9098579|7798163|3115137|1941854|2.01|49|2.7|34|145|237|7105.0
202406|ADM|43|26140|42110000|경기|수원시|역삼동|1117000000|서초1동|2|50|1|2|6|383|242|242|118|52766|21023.0|12002.0|5064.0|3957.0|20201|8880|5046|5087566.0|2904484.0|1225488.0|957594.0|4534734|1041412|147017|431737|49|145|26|2|8481305|3113901|2145807|1495350|4.6|35|1.33|97|73|310|2555.0
202406|ADM|27|27110|41130000|인천|성남시|역삼동|4711000000|역삼1가|2|50|2|1|6|282|109|109|898|74891|40874.0|27546.0|10952.0|2376.0|31816|20324|8052|4455266.0|3002514.0|1193768.0|258984.0|509376|2006790|950225|183398|18|45|15|4|4852647|11597542|4991077|1370717|5.13|5|1.97|58|205|214|1025.0
202406|ADM|41|26140|28110000|경기|서초구|인계동|4113000000|인계동|2|40|0|1|9|948|291|291|534|19399|26895.0|10836.0|7590.0|8469.0|23053|10085|6777|7826445.0|3153276.0|2208690.0|2464479.0|1527362|2266011|362928|477164|33|137|83|5|2309086|7576144|4944531|345247|6.89|23|4.22|26|272|409|6256.0
202406|CNTY_GU|46|46110|41150000|대구|서초구|역삼동|4115000000|인계동|2|55|1|1|3|173|9|9|467|41447|31922.0|11061.0|9641.0|11220.0|31311|8685|7145|287298.0|99549.0|86769.0|100980.0|3937265|237260|557343|450765|1|4|2|0|4737996|12398736|2095525|941845|7.85|1|2.6|73|194|189|194.0
202406|ADM|27|42110|45110000|서울|수원시|서초동|1117000000|서초1동|1|35|0|1|2|1265|111|111|968|77783|30774.0|18984.0|7529.0|4261.0|22312|16045|5302|3415914.0|2107224.0|835719.0|472971.0|2389795|1706990|618504|337127|12|62|20|9|5377030|11280818|4644257|835394|6.49|12|2.85|39|353|338|4236.0
202406|CNTY_GU|42|47110|47110000|서울|서초구|역삼동|4211000000|서초1동|2|65|0|2|5|1816|472|472|483|88405|8753.0|6298.0|2456.0|0.0|8138|5510|1899|4131416.0|2972656.0|1159232.0|0.0|1799256|2318957|788296|4935|106|244|106|45|1103039|5188906|4310859|1988449|3.74|60|4.9|21|382|315|22920.0
202406|ADM|26|11200|46110000|인천|수원시|인계동|4211000000|서초1동|2|40|3|1|9|1181|306|306|871|49449|45746.0|26965.0|5711.0|13070.0|36248|21622|4334|13998276.0|8251290.0|1747566.0|3999420.0|4246977|139676|707868|222639|60|143|83|29|5914753|402131|1170840|1095306|2.92|1|1.11|100|199|391|199.0
202406|ADM|44|41110|47110000|경기|수원시|인계동|1117000000|역삼1가|1|65|3|1|1|284|291|291|329|15803|31940.0|17839.0|3811.0|10290.0|27904|17061|3084|9294540.0|5191149.0|1109001.0|2994390.0|33560|87593|249340|73996|70|158|70|15|465304|16257772|936521|1436544|5.75|16|3.06|68|189|155|3024.0
202406|CNTY_GU|41|28110|11200000|경기|강남구|인계동|2611000000|인계동|1|40|2|2|10|1941|298|298|336|59601|11541.0|8829.0|4483.0|0.0|8776|6879|3149|3439218.0|2631042.0|1335934.0|0.0|4531595|1090749|60013|246099|46|173|51|5|2871127|19653388|2956624|333194|7.86|14|3.53|47|268|379|3752.0
202406|ADM|42|11200|45110000|인천|수원시|서초동|4311000000|인계동|2|20|0|1|7|144|297|297|825|59978|38904.0|28802.0|10947.0|0.0|38893|25737|10497|11554488.0|8554194.0|3251259.0|0.0|869737|186001|299938|71049|51|153|84|0|5276610|1185672|4130145|509329|3.49|5|3.65|21|79|154|395.0
202406|PRVNC|26|11140|41110000|인천|서초구|서초동|4511000000|인계동|1|40|0|1|2|1204|290|290|297|51904|45510.0|33569.0|11528.0|413.0|44668|23667|9210|13197900.0|9735010.0|3343120.0|119770.0|1664267|2397596|957809|333666|50|134|45|23|1620280|9179075|4178329|1398797|2.27|22|2.51|78|92|439|2024.0
202406|ADM|41|28110|26140000|서울|서초구|역삼동|2614000000|역삼1가|1|45|1|1|2|516|331|331|838|21175|15062.0|7784.0|5039.0|2239.0|13943|5900|3811|4985522.0|2576504.0|1667909.0|741109.0|3836693|1380202|193847|101211|58|189|80|2|8467648|6190953|3399179|703625|3.57|29|2.85|42|145|224|4205.0
202406|ADM|27|11200|11110000|경기|수원시|인계동|4511000000|인계동|1|35|3|1|7|618|456|456|329|93660|48894.0|16390.0|7890.0|24614.0|44942|12235|7512|22295664.0|7473840.0|3597840.0|11223984.0|1197732|2294947|893116|361721|48|231|52|27|5081656|779258|3291531|1832931|5.35|2|1.8|118|260|412|520.0
202406|CNTY_GU|42|28110|41130000|대구|강남구|역삼동|2711000000|인계동|2|50|2|1|9|774|82|82|560|92133|3639.0|2487.0|873.0|279.0|3058|2283|623|298398.0|203934.0|71586.0|22878.0|914468|861668|384726|453345|19|33|20|8|7026718|11619439|3626755|1588835|3.43|5|4.94|137|253|410|1265.0
202406|CNTY_GU|44|41110|11170000|대구|서초구|역삼동|4611000000|역삼1가|2|60|2|1|4|1525|252|252|34|36241|10893.0|5937.0|3378.0|1578.0|9862|4325|2635|2745036.0|1496124.0|851256.0|397656.0|1759383|157714|316736|371194|61|132|31|9|520286|2972528|4590944|799166|3.98|24|2.17|76|342|365|8208.0
202406|CNTY_GU|41|11200|41150000|경기|강남구|인계동|4111000000|인계동|2|35|1|2|1|1779|320|320|563|24307|36611.0|20762.0|7494.0|8355.0|26114|18999|6768|11715520.0|6643840.0|2398080.0|2673600.0|118846|2356911|195351|283512|89|135|92|20|1245079|5881038|647351|476842|7.04|16|1.28|159|401|198|6416.0
202406|PRVNC|26|11110|41130000|서울|서초구|서초동|1117000000|서초1동|1|25|0|2|6|1336|46|46|958|75678|31271.0|15035.0|5085.0|11151.0|22295|13683|4250|1438466.0|691610.0|233910.0|512946.0|4772227|1318791|693721|208029|8|19|7|2|1791010|17065507|2094464|1343969|6.79|6|2.79|40|237|182|1422.0
202406|CNTY_GU|45|26110|41110000|대구|성남시|서초동|2711000000|역삼1가|1|45|1|1|6|1983|33|33|964|14369|42804.0|16188.0|16697.0|9919.0|37020|13027|12803|1412532.0|534204.0|551001.0|327327.0|4875462|2701819|181933|73976|5|18|7|2|4307535|8436227|3401701|1436073|3.58|4|3.05|95|268|64|1072.0
202406|CNTY_GU|42|28110|41150000|서울|수원시|서초동|4311000000|역삼1가|2|50|3|1|1|1134|331|331|113|85656|9589.0|3035.0|3420.0|3134.0|7734|2402|2486|3173959.0|1004585.0|1132020.0|1037354.0|1382873|301334|877604|236879|68|163|65|25|29115|19242905|4709203|1637152|6.45|24|3.11|22|342|35|8208.0
202406|CNTY_GU|42|11200|11170000|인천|수원시|인계동|4115000000|인계동|2|50|3|1|9|668|337|337|937|28871|207.0|73.0|72.0|62.0|157|60|68|69759.0|24601.0|24264.0|20894.0|2420357|152353|422189|81379|70|181|63|11|9482716|16290576|2406817|217144|5.51|41|2.48|98|370|358|15170.0
202406|PRVNC|47|42110|11170000|대구|성남시|서초동|4115000000|서초1동|2|60|2|1|3|306|445|445|941|77270|41132.0|25255.0|10223.0|5654.0|39155|20418|7245|18303740.0|11238475.0|4549235.0|2516030.0|2560708|1974349|264292|480878|72|247|100|11|1918452|14288635|3837087|992989|3.55|50|4.44|163|391|271|19550.0
202406|ADM|45|26140|46110000|부산|수원시|서초동|4115000000|인계동|1|25|0|1|6|1418|53|53|819|55295|44736.0|19888.0|17410.0|7438.0|35807|14203|12678|2371008.0|1054064.0|922730.0|394214.0|4426015|2091455|599986|217808|9|25|6|0|5309613|13213700|2867122|1982643|4.79|7|4.46|111|293|88|2051.0
202406|CNTY_GU|43|43110|11110000|경기|수원시|서초동|4611000000|서초1동|1|70|1|2|9|662|192|192|762|16989|13977.0|9714.0|5069.0|0.0|12856|9697|4650|2683584.0|1865088.0|973248.0|0.0|557679|2141656|449414|59118|56|100|37|7|7614991|4085787|90776|1736088|6.85|14|3.74|64|460|202|6440.0
202406|ADM|46|47110|26140000|서울|수원시|인계동|1111000000|역삼1가|2|40|3|1|7|1304|233|233|913|92364|26910.0|13394.0|7907.0|5609.0|26886|11353|5675|6270030.0|3120802.0|1842331.0|1306897.0|4165174|1050909|927344|413893|51|104|69|0|7530221|15062319|1418880|1952529|7.17|25|2.46|125|264|475|6600.0
202406|CNTY_GU|44|45110|47110000|부산|수원시|인계동|2614000000|역삼1가|1|30|1|2|6|892|21|21|359|54651|26027.0|13812.0|5078.0|7137.0|23474|11420|3865|546567.0|290052.0|106638.0|149877.0|4924358|2844753|495928|83389|5|10|2|0|1890951|19226462|1511009|1525401|6.08|1|4.83|139|269|20|269.0
202406|PRVNC|27|47110|41150000|부산|서초구|역삼동|4511000000|인계동|2|40|0|1|7|1849|88|88|462|38323|5289.0|2661.0|1197.0|1431.0|4359|2176|888|465432.0|234168.0|105336.0|125928.0|1875741|797801|279695|176056|24|38|9|5|4614695|5437026|637674|1589480|3.76|10|3.74|137|358|180|3580.0
202406|CNTY_GU|44|46110|11110000|인천|성남시|인계동|2611000000|인계동|1|45|0|1|6|1988|93|93|116|61951|29642.0|22496.0|4811.0|2335.0|28615|19799|4070|2756706.0|2092128.0|447423.0|217155.0|4516902|1159828|703560|139856|26|44|23|0|5080941|13934342|2223993|1194716|2.88|11|3.76|39|189|17|2079.0
202406|ADM|43|28110|26110000|인천|성남시|서초동|4711000000|인계동|1|65|2|1|5|1477|399|399|531|15134|40223.0|22306.0|13982.0|3935.0|37784|16991|9802|16048977.0|8900094.0|5578818.0|1570065.0|2339290|1428498|318173|364163|90|196|43|10|2949891|9485681|3088646|1438860|6.21|56|3.54|131|227|405|12712.0
202406|ADM|43|26110|11200000|대구|수원시|서초동|4211000000|역삼1가|2|30|0|1|3|372|397|397|790|82835|28932.0|9209.0|8375.0|11348.0|24145|7959|7605|11486004.0|3655973.0|3324875.0|4505156.0|2011417|1286405|491019|309358|98|172|57|6|4902258|4618799|3061521|318299|3.66|48|2.96|125|191|466|9168.0
202406|CNTY_GU|46|47110|41150000|부산|수원시|서초동|4511000000|서초1동|1|70|0|2|4|1031|413|413|765|83979|15310.0|5750.0|1841.0|7719.0|13046|5332|1700|6323030.0|2374750.0|760333.0|3187947.0|666513|1825135|755642|281365|111|179|51|17|8352069|19170629|647124|1031485|7.73|26|4.2|173|15|493|390.0
202406|ADM|42|41130|41130000|경기|수원시|역삼동|1120000000|역삼1가|1|50|1|1|5|259|28|28|846|50460|42116.0|17200.0|6658.0|18258.0|31562|15240|5225|1179248.0|481600.0|186424.0|511224.0|1749675|1962609|963556|237092|5|11|5|0|5714733|2317100|2906162|1386719|5.69|3|1.47|175|343|388|1029.0
202406|CNTY_GU|27|27110|26110000|인천|수원시|서초동|4111000000|역삼1가|1|30|0|1|4|1851|420|420|703|10120|4080.0|2740.0|487.0|853.0|3633|1941|408|1713600.0|1150800.0|204540.0|358260.0|1923829|1839022|219578|291958|67|194|97|6|8167139|15737899|1834828|854896|5.21|52|2.94|170|231|110|12012.0
202406|ADM|43|43110|41130000|인천|수원시|역삼동|1117000000|인계동|2|20|0|1|10|470|477|477|794|68779|41400.0|16785.0|8787.0|15828.0|36900|12556|7336|19747800.0|8006445.0|4191399.0|7549956.0|3642885|887845|701451|189697|77|267|50|43|6992061|9027483|4981132|762732|4.98|30|2.98|96|315|313|9450.0
202406|CNTY_GU|42|11170|11170000|서울|성남시|역삼동|4111000000|서초1동|2|70|1|1|1|1216|332|332|822|97305|10318.0|6156.0|3823.0|339.0|8105|4680|3304|3425576.0|2043792.0|1269236.0|112548.0|4980535|563660|64014|188426|55|197|48|11|408784|17759820|324664|8766|5.22|24|4.18|32|377|440|9048.0
202406|ADM|44|27110|11110000|부산|강남구|인계동|4611000000|역삼1가|2|45|1|1|7|324|430|430|717|39246|35125.0|27416.0|9529.0|0.0|34411|25621|8207|15103750.0|11788880.0|4097470.0|0.0|3729896|2918372|764207|97427|122|203|86|30|9127972|2017313|2520499|958814|4.88|26|3.68|67|40|27|1040.0
202406|ADM|47|43110|45110000|부산|서초구|서초동|4311000000|역삼1가|2|30|1|1|4|636|3|3|146|39028|9420.0|6482.0|2967.0|0.0|8415|5610|2878|28260.0|19446.0|8901.0|0.0|3095810|1741469|551147|2595|0|1|0|0|6844953|10706747|2815232|1014043|6.49|0|3.95|68|0|30|0.0
202406|ADM|42|44130|27110000|경기|수원시|인계동|4113000000|인계동|1|45|0|1|8|659|350|350|846|49403|21037.0|12750.0|6420.0|1867.0|15711|9491|4813|7362950.0|4462500.0|2247000.0|653450.0|4440531|34630|670465|229833|44|150|63|11|4484512|4093928|481909|1469063|2.93|23|1.41|43|151|493|3473.0
202406|ADM|47|44130|44130000|대구|성남시|서초동|2811000000|인계동|2|40|2|2|5|719|298|298|147|13249|4442.0|2774.0|909.0|759.0|3383|1998|804|1323716.0|826652.0|270882.0|226182.0|1816457|25034|911518|74009|78|171|76|3|2070237|138382|384117|958409|3.99|13|3.04|158|379|316|4927.0
202406|CNTY_GU|27|42110|41110000|대구|강남구|역삼동|4311000000|인계동|2|60|1|1|10|1365|128|128|908|64674|996.0|567.0|193.0|236.0|782|513|184|127488.0|72576.0|24704.0|30208.0|4980940|2828378|613158|202713|36|60|20|10|3075276|14660161|1576116|644665|2.39|5|4.3|163|393|228|1965.0
202406|ADM|44|43110|27110000|서울|수원시|서초동|1114000000|서초1동|2|45|0|1|5|1282|482|482|713|24347|7077.0|2408.0|1841.0|2828.0|5346|2404|1638|3411114.0|1160656.0|887362.0|1363096.0|2930988|2372362|880663|371482|93|207|134|17|2716522|11021771|1245608|662965|7.27|41|2.58|125|105|212|4305.0
202406|ADM|27|41110|47110000|서울|서초구|서초동|4211000000|서초1동|1|65|2|2|5|133|284|284|35|96061|7364.0|5537.0|1844.0|0.0|5163|5323|1814|2091376.0|1572508.0|523696.0|0.0|1633992|2440135|75454|379126|32|139|84|13|2736853|11792580|993952|1560739|5.9|6|1.06|136|368|455|2208.0
202406|CNTY_GU|43|26140|45110000|부산|강남구|역삼동|4711000000|인계동|1|55|1|2|5|1040|419|419|529|46521|17587.0|9725.0|3839.0|4023.0|15536|7838|3500|7368953.0|4074775.0|1608541.0|1685637.0|3156656|153373|272679|122236|70|202|69|6|6945528|14611814|3201894|213620|4.44|24|3.67|37|17|302|408.0
202406|CNTY_GU|26|11170|41110000|대구|수원시|서초동|1117000000|서초1동|2|60|2|1|9|1078|42|42|825|81042|15449.0|10182.0|3338.0|1929.0|13033|7219|2985|648858.0|427644.0|140196.0|81018.0|4687090|2264186|940734|314227|9|17|8|0|6192423|12756975|3544894|1267922|6.09|1|2.58|45|51|355|51.0
202406|CNTY_GU|44|28110|11110000|경기|강남구|역삼동|2614000000|서초1동|1|35|2|1|6|1819|332|332|952|94469|12861.0|6320.0|2747.0|3794.0|9988|6162|2323|4269852.0|2098240.0|912004.0|1259608.0|3148970|1778700|370052|236000|49|155|53|11|3616652|3671015|4269706|1402220|5.07|20|4.91|52|119|295|2380.0
202406|ADM|45|41130|42110000|부산|성남시|인계동|4211000000|역삼1가|2|30|1|1|1|1461|282|282|898|58253|29048.0|11390.0|8993.0|8665.0|21699|10366|7382|8191536.0|3211980.0|2536026.0|2443530.0|2994194|2712357|439892|121643|39|117|49|10|8663606|6262518|3871659|1418223|3.88|11|1.07|66|307|378|3377.0
202406|CNTY_GU|26|47110|27110000|대구|성남시|서초동|2614000000|역삼1가|1|65|3|1|2|1885|293|293|550|48283|46928.0|36440.0|8879.0|1609.0|33367|31768|7993|13749904.0|10676920.0|2601547.0|471437.0|4214668|646405|971690|111535|66|127|47|11|3697062|1023069|3019247|1938973|7.24|6|1.93|37|149|360|894.0
202406|CNTY_GU|42|46110|11170000|대구|수원시|역삼동|2811000000|역삼1가|1|30|0|1|6|1945|2|2|904|41807|46946.0|27607.0|15980.0|3359.0|44810|24517|14205|93892.0|55214.0|31960.0|6718.0|915678|2114344|621724|283930|0|0|0|0|4145336|7651756|4337963|1824787|2.16|0|1.46|155|0|3|0.0
202406|CNTY_GU|42|11140|42110000|대구|서초구|인계동|4511000000|인계동|2|25|1|2|7|1045|318|318|68|91481|35403.0|21997.0|13109.0|297.0|25297|21370|12267|11258154.0|6995046.0|4168662.0|94446.0|1302324|1659767|537163|71179|35|167|41|1|3802472|14237593|2315488|748211|3.27|16|3.92|73|46|434|736.0
202406|CNTY_GU|26|11140|41110000|서울|수원시|인계동|4113000000|역삼1가|1|50|3|1|6|239|463|463|663|19087|45187.0|25102.0|5776.0|14309.0|33664|19018|4625|20921581.0|11622226.0|2674288.0|6625067.0|1047963|1953997|222222|313417|54|266|95|11|3621237|2523859|1458349|1412023|5.14|37|2.89|106|321|277|11877.0
202406|ADM|27|42110|11140000|인천|성남시|역삼동|4115000000|역삼1가|1|70|1|1|1|826|39|39|924|12421|411.0|227.0|118.0|66.0|331|204|88|16029.0|8853.0|4602.0|2574.0|941657|1409799|760772|107225|7|15|4|0|7489822|14427126|3825776|1585194|3.48|0|4.41|162|0|314|0.0
202406|CNTY_GU|42|11170|11200000|부산|성남시|역삼동|4711000000|서초1동|2|20|1|1|1|1079|178|178|39|31835|49800.0|30947.0|8018.0|10835.0|49221|30701|6650|8864400.0|5508566.0|1427204.0|1928630.0|3026841|2077838|529546|370246|33|81|45|7|2683006|9211563|695802|1155564|6.25|2|4.12|160|204|434|408.0
202406|CNTY_GU|41|11200|41130000|서울|서초구|인계동|4311000000|인계동|2|25|3|2|5|1603|236|236|548|15989|33494.0|19652.0|4091.0|9751.0|27671|16209|3592|7904584.0|4637872.0|965476.0|2301236.0|2406958|163201|523539|381038|24|107|43|11|8144543|16928168|878968|1718775|7.35|27|1.23|34|126|494|3402.0
202406|CNTY_GU|26|45110|43110000|서울|서초구|서초동|1111000000|역삼1가|1|50|0|1|6|729|41|41|845|37667|42072.0|32149.0|14960.0|0.0|37536|24905|14201|1724952.0|1318109.0|613360.0|0.0|4952199|757215|493769|264416|11|22|11|2|4204583|13439369|1738854|1631095|6.61|2|2.29|105|485|210|970.0
202406|CNTY_GU|41|42110|45110000|서울|강남구|인계동|4711000000|역삼1가|1|40|3|1|2|1914|485|485|356|89871|48630.0|19745.0|17606.0|11279.0|38313|18645|15247|23585550.0|9576325.0|8538910.0|5470315.0|4544778|800884|941570|380010|87|215|83|32|5437767|8436337|3064389|1503359|2.55|0|3.44|39|0|451|0.0
202406|PRVNC|46|41130|26140000|부산|수원시|서초동|4113000000|서초1동|1|45|0|1|2|182|113|113|582|50045|3851.0|1534.0|390.0|1927.0|2936|1074|359|435163.0|173342.0|44070.0|217751.0|1438932|2337803|644095|476295|31|66|30|1|6862747|16762551|321711|903151|3.48|11|2.95|11|235|458|2585.0
202406|CNTY_GU|42|45110|45110000|서울|성남시|역삼동|1117000000|서초1동|1|20|2|1|4|54|374|374|539|66142|527.0|377.0|153.0|0.0|488|299|149|197098.0|140998.0|57222.0|0.0|1945945|2611713|760255|381035|57|156|82|7|6489564|13664730|497853|1986583|3.48|42|2.0|49|68|80|2856.0
202406|ADM|42|41130|42110000|부산|강남구|서초동|4413000000|서초1동|1|55|2|1|8|1565|344|344|632|15212|38192.0|20727.0|4648.0|12817.0|28490|20009|4550|13138048.0|7130088.0|1598912.0|4409048.0|1947326|56899|711964|394460|64|152|74|12|1197484|6420828|3094172|186161|2.21|2|3.5|74|238|10|476.0
202406|CNTY_GU|41|46110|42110000|부산|강남구|인계동|2811000000|인계동|1|50|2|2|3|1651|232|232|808|59299|1852.0|936.0|493.0|423.0|1531|808|456|429664.0|217152.0|114376.0|98136.0|3379505|1087475|638433|153579|35|134|66|11|5998977|8615396|3976790|488814|7.61|11|2.49|83|487|55|5357.0
202406|ADM|27|42110|43110000|서울|성남시|인계동|4511000000|서초1동|2|50|1|1|3|1312|476|476|477|30415|28823.0|12390.0|4497.0|11936.0|26280|9250|3589|13719748.0|5897640.0|2140572.0|5681536.0|3822901|591425|28216|219522|78|226|56|20|1689160|18356381|493246|925988|7.42|46|4.38|85|444|41|20424.0
202406|ADM|41|11140|47110000|부산|수원시|서초동|4311000000|인계동|1|60|0|1|2|307|44|44|338|37355|6817.0|2305.0|1143.0|3369.0|5811|2245|974|299948.0|101420.0|50292.0|148236.0|1945967|543115|976877|459421|8|19|6|0|8770087|16457661|4594364|270953|4.16|1|1.87|177|225|428|225.0
202406|CNTY_GU|26|46110|28110000|인천|강남구|서초동|2614000000|서초1동|2|65|2|2|8|715|269|269|287|62980|40617.0|31182.0|6847.0|2588.0|36141|23074|5336|10925973.0|8387958.0|1841843.0|696172.0|2690847|1720155|642699|257402|35|115|55|17|1393291|682232|4237183|1799167|7.48|20|3.75|20|148|397|2960.0
202406|ADM|26|11140|41150000|대구|성남시|인계동|4511000000|역삼1가|1|50|1|1|1|1829|328|328|262|16679|23530.0|17834.0|9340.0|0.0|21864|13782|7494|7717840.0|5849552.0|3063520.0|0.0|1422823|2775628|331205|489534|80|194|51|22|4486072|13848120|4740494|1785247|2.71|22|4.75|56|134|259|2948.0
202406|CNTY_GU|44|11200|42110000|경기|서초구|역삼동|2614000000|서초1동|1|50|2|1|3|1199|123|123|196|90676|15132.0|10864.0|4780.0|0.0|12088|7880|3453|1861236.0|1336272.0|587940.0|0.0|2937027|2397620|343133|24946|18|58|26|8|233428|9222399|3977343|543815|4.1|2|4.74|15|292|378|584.0
202406|CNTY_GU|47|46110|45110000|부산|서초구|인계동|4111000000|서초1동|2|40|3|1|6|1201|309|309|440|75532|11186.0|3738.0|1760.0|5688.0|8212|3711|1273|3456474.0|1155042.0|543840.0|1757592.0|660206|1969690|731309|349011|78|145|84|12|8522662|13393132|2793828|418920|4.84|16|4.74|94|44|472|704.0
202406|ADM|46|43110|43110000|대구|강남구|서초동|2614000000|인계동|2|65|1|1|10|1228|411|411|38|65999|39766.0|15863.0|5614.0|18289.0|29304|11603|4500|16343826.0|6519693.0|2307354.0|7516779.0|4235311|1547758|692142|398303|112|178|104|24|3575172|18926024|2287515|348405|3.46|56|1.7|124|499|144|27944.0
202406|CNTY_GU|43|42110|27110000|인천|수원시|서초동|4511000000|인계동|1|25|3|1|1|637|101|101|953|81144|47365.0|31326.0|17130.0|0.0|36105|31249|16283|4783865.0|3163926.0|1730130.0|0.0|4878585|299804|776898|193866|25|48|23|1|85144|777993|3845641|518009|6.94|9|2.79|94|158|196|1422.0
202406|CNTY_GU|26|43110|41150000|서울|성남시|인계동|2614000000|인계동|2|20|0|1|7|1827|424|424|748|55624|9515.0|4120.0|2786.0|2609.0|8815|4015|2467|4034360.0|1746880.0|1181264.0|1106216.0|391836|395813|876162|376612|88|171|81|40|5640136|3133011|3697434|240154|2.87|41|2.08|100|457|243|18737.0
202406|ADM|44|44130|41110000|부산|수원시|역삼동|1111000000|역삼1가|1|30|0|1|1|1426|198|198|461|25414|17594.0|8715.0|3645.0|5234.0|15464|7325|3640|3483612.0|1725570.0|721710.0|1036332.0|4632856|2977737|812200|441958|22|100|53|13|3176332|12635540|4846983|712054|2.27|22|4.51|111|91|451|2002.0
202406|ADM|46|46110|26140000|서울|강남구|인계동|2811000000|인계동|1|55|2|1|9|58|247|247|396|44686|23158.0|13385.0|3210.0|6563.0|22168|12706|2364|5720026.0|3306095.0|792870.0|1621061.0|2563223|1065697|594790|420444|70|129|34|9|8021561|9817349|1108330|800288|3.89|31|3.28|18|171|352|5301.0
202406|CNTY_GU|47|41150|11140000|인천|성남시|역삼동|4311000000|역삼1가|2|20|0|1|4|1687|21|21|819|49574|28251.0|21646.0|10211.0|0.0|24812|21233|8917|593271.0|454566.0|214431.0|0.0|2082633|2428795|254698|333367|2|8|5|0|8075586|8168803|4371206|803888|4.75|1|3.39|141|390|166|390.0
202406|CNTY_GU|42|44130|28110000|대구|수원시|서초동|1111000000|인계동|1|40|2|2|8|107|214|214|844|48394|8240.0|5226.0|2223.0|791.0|7445|4026|2036|1763360.0|1118364.0|475722.0|169274.0|3939272|1142607|151374|286298|31|87|37|8|9250392|4941820|1425353|1262344|4.48|14|1.53|78|237|75|3318.0
202406|PRVNC|11|11170|28110000|부산|성남시|서초동|4113000000|역삼1가|1|35|2|1|5|1947|302|302|499|54788|24810.0|9872.0|5824.0|9114.0|22654|9554|4616|7492620.0|2981344.0|1758848.0|2752428.0|1363610|2313225|590664|331656|58|170|82|7|7328100|14660059|533821|1040306|7.7|25|1.79|39|416|360|10400.0
202406|CNTY_GU|42|41150|11110000|대구|강남구|역삼동|2711000000|인계동|2|45|1|1|5|577|378|378|846|87057|16639.0|13274.0|5156.0|0.0|13617|11907|4473|6289542.0|5017572.0|1948968.0|0.0|154910|365024|732260|61010|109|158|106|33|2974133|8238770|743058|699222|4.93|8|3.01|169|23|425|184.0
202406|ADM|43|27110|26110000|부산|성남시|인계동|4711000000|서초1동|1|25|1|1|6|1835|13|13|324|68766|19764.0|12782.0|4139.0|2843.0|19457|11025|4017|256932.0|166166.0|53807.0|36959.0|1258684|862781|217122|215345|2|5|1|1|6929319|19200614|965664|284860|6.78|0|4.88|138|0|476|0.0
202406|ADM|45|41130|45110000|대구|성남시|역삼동|2811000000|역삼1가|2|25|1|2|9|1753|47|47|668|72724|9768.0|6717.0|3448.0|0.0|8328|6581|3305|459096.0|315699.0|162056.0|0.0|3338140|588960|752776|29184|13|26|6|0|3649537|7220405|3120705|147391|6.06|6|1.52|96|313|14|1878.0
202406|CNTY_GU|44|41110|11140000|대구|성남시|서초동|1117000000|인계동|1|35|1|1|4|22|31|31|863|11644|33524.0|18395.0|12342.0|2787.0|23741|17492|11202|1039244.0|570245.0|382602.0|86397.0|3586315|2679005|522254|414078|5|17|3|3|9276702|14100705|1845033|366293|6.69|0|1.62|154|0|264|0.0
202406|ADM|43|44130|26140000|대구|성남시|역삼동|2614000000|인계동|2|35|1|2|9|1586|323|323|757|67870|40492.0|17483.0|5814.0|17195.0|37718|15026|5622|13078916.0|5647009.0|1877922.0|5553985.0|1405771|366025|538233|128356|35|155|35|26|1170493|1117969|2643429|1671362|5.65|14|4.47|97|145|338|2030.0
202406|ADM|11|26110|28110000|경기|강남구|인계동|1117000000|서초1동|1|20|0|2|7|378|40|40|712|46411|35579.0|23460.0|12485.0|0.0|28146|17597|9801|1423160.0|938400.0|499400.0|0.0|3427138|2820014|612185|295311|5|21|5|0|2561078|1132802|3911359|966757|2.56|4|1.06|18|483|170|1932.0
202406|CNTY_GU|44|46110|46110000|경기|강남구|역삼동|4511000000|인계동|2|35|3|1|8|844|3|3|150|98307|39598.0|29200.0|7390.0|3008.0|38491|25162|6591|118794.0|87600.0|22170.0|9024.0|1558114|1596541|259552|139887|0|1|0|0|4354076|10756885|1020164|267105|5.21|0|2.23|171|0|109|0.0
202406|ADM|42|45110|11140000|부산|강남구|인계동|4113000000|역삼1가|2|55|1|2|10|498|3|3|697|31624|31563.0|22367.0|5881.0|3315.0|24379|15982|4720|94689.0|67101.0|17643.0|9945.0|1177392|2351455|28186|426863|0|1|0|0|654401|10790693|2852988|825722|2.5|0|4.11|17|0|466|0.0
202406|PRVNC|45|11200|26140000|경기|성남시|서초동|2711000000|역삼1가|1|20|0|2|4|1414|34|34|374|29212|21670.0|9041.0|2468.0|10161.0|17076|7079|1947|736780.0|307394.0|83912.0|345474.0|3532757|41919|538107|81264|4|18|9|1|3556145|15792763|297180|1540629|3.79|1|2.9|107|136|47|136.0
202406|ADM|45|11200|43110000|경기|성남시|인계동|2811000000|서초1동|1|50|0|1|10|446|10|10|813|82213|47874.0|23838.0|7457.0|16579.0|44994|19912|7446|478740.0|238380.0|74570.0|165790.0|1992432|1613743|479283|329451|1|5|2|0|3995511|16513243|779798|1322647|7.24|0|1.19|65|0|113|0.0
202406|ADM|26|26110|47110000|부산|강남구|인계동|2711000000|서초1동|2|35|2|2|8|714|220|220|840|43650|12671.0|10065.0|4785.0|0.0|10187|9060|4216|2787620.0|2214300.0|1052700.0|0.0|4390933|2878828|525736|100037|32|128|42|9|5359751|19711800|1167113|27789|4.87|12|1.4|93|75|364|900.0
202406|ADM|46|47110|41130000|대구|수원시|서초동|4111000000|서초1동|1|60|0|1|1|1703|344|344|342|39384|0.0|0.0|0.0|0.0|0|0|0|0.0|0.0|0.0|0.0|4444019|1230656|423831|368547|45|190|91|9|2964603|15671464|3816020|1049770|7.92|46|1.98|69|242|65|11132.0
202406|ADM|11|11110|11170000|인천|성남시|인계동|4115000000|역삼1가|2|65|0|1|3|1369|269|269|368|73455|7502.0|3569.0|2343.0|1590.0|5656|2899|2016|2018038.0|960061.0|630267.0|427710.0|2779773|2626440|54984|305776|66|134|42|9|1434063|671393|2325456|910860|4.63|31|4.01|178|123|127|3813.0
202406|CNTY_GU|41|41130|47110000|인천|서초구|인계동|1120000000|서초1동|1|60|3|1|10|1726|30|30|825|54175|6042.0|1851.0|1179.0|3012.0|5900|1381|991|181260.0|55530.0|35370.0|90360.0|1123820|1438345|437542|422025|7|13|6|2|4950957|12916168|4956837|458509|7.29|3|1.11|26|88|220|264.0
202406|ADM|43|11140|26110000|인천|강남구|인계동|1120000000|역삼1가|2|40|2|1|6|1526|245|245|609|29347|49738.0|37806.0|13013.0|0.0|35830|36788|12103|12185810.0|9262470.0|3188185.0|0.0|770502|2278832|351186|331906|30|138|30|21|7353463|9444643|1156246|354037|5.41|13|1.25|157|283|26|3679.0
202406|CNTY_GU|46|26140|41110000|인천|성남시|인계동|4211000000|서초1동|1|60|1|1|2|749|498|498|65|11259|48148.0|32699.0|12282.0|3167.0|34978|27844|10049|23977704.0|16284102.0|6116436.0|1577166.0|2621162|652737|57611|180009|132|244|64|3|6214620|10305739|1393097|1094691|2.76|46|4.28|25|132|494|6072.0
202406|CNTY_GU|45|11170|46110000|부산|서초구|역삼동|2611000000|서초1동|1|70|2|2|9|149|76|76|935|76934|31566.0|16722.0|6381.0|8463.0|22262|12184|5828|2399016.0|1270872.0|484956.0|643188.0|3716493|1931578|893955|198201|18|44|8|7|2728617|468917|1572252|18411|5.35|2|1.73|142|206|320|412.0
202406|ADM|27|45110|11140000|부산|성남시|서초동|4111000000|서초1동|1|55|1|1|10|1373|418|418|785|46400|33118.0|17760.0|8202.0|7156.0|32910|14401|7744|13843324.0|7423680.0|3428436.0|2991208.0|129163|1690536|285183|128343|44|219|41|27|6295783|9074799|1472514|1040368|6.36|42|1.37|55|318|427|13356.0
202406|CNTY_GU|44|44130|41130000|부산|서초구|역삼동|4611000000|인계동|1|60|2|1|8|1827|170|170|174|50033|28578.0|22079.0|3670.0|2829.0|25858|21912|3156|4858260.0|3753430.0|623900.0|480930.0|588546|1115507|661471|396767|38|82|27|12|6740462|13403650|752962|842547|2.59|15|3.88|57|395|396|5925.0
202406|ADM|43|47110|11140000|인천|서초구|역삼동|4111000000|역삼1가|1|70|1|1|10|1128|115|115|632|57354|34268.0|20689.0|5496.0|8083.0|28173|18265|4617|3940820.0|2379235.0|632040.0|929545.0|4633944|245602|352598|20202|22|64|19|6|7835207|14817132|935836|1972011|4.29|8|3.78|167|138|165|1104.0
202406|CNTY_GU|41|41150|28110000|경기|성남시|역삼동|4111000000|서초1동|1|30|2|2|1|1064|29|29|719|12227|2120.0|1688.0|838.0|0.0|1761|1333|695|61480.0|48952.0|24302.0|0.0|4542786|2500392|647838|221853|4|15|8|1|6434653|19902650|1450779|1638585|2.29|2|1.75|98|105|479|210.0
202406|ADM|47|43110|26110000|부산|서초구|서초동|4711000000|역삼1가|2|35|3|2|7|1568|122|122|211|20704|24734.0|16550.0|9449.0|0.0|22822|14071|9185|3017548.0|2019100.0|1152778.0|0.0|1217871|1749231|259675|258617|20|59|19|10|4379216|18442232|3132927|848161|7.81|5|3.09|160|135|87|675.0
202406|CNTY_GU|26|47110|46110000|경기|성남시|서초동|2611000000|역삼1가|2|60|2|1|7|397|367|367|796|18637|5188.0|3607.0|1284.0|297.0|4816|3057|1139|1903996.0|1323769.0|471228.0|108999.0|944732|799306|771170|203877|64|209|54|34|1649367|14864405|4108801|15917|6.07|34|2.21|119|279|179|9486.0
202406|CNTY_GU|45|28110|11170000|대구|강남구|역삼동|2811000000|인계동|1|45|0|1|1|48|495|495|885|32299|9700.0|3292.0|3596.0|2812.0|8049|3088|2874|4801500.0|1629540.0|1780020.0|1391940.0|1860328|1316897|571173|45886|105|245|68|41|2893957|6854877|2674290|513965|7.45|25|4.61|103|18|28|450.0
202406|ADM|11|42110|41150000|부산|성남시|서초동|2811000000|인계동|1|25|2|1|9|1939|55|55|494|56526|48874.0|18266.0|15275.0|15333.0|40107|15133|15147|2688070.0|1004630.0|840125.0|843315.0|4444038|1623224|659580|232302|6|28|7|4|3438107|12587281|1311422|353917|7.31|1|3.09|138|112|181|112.0
202406|ADM|43|47110|43110000|서울|서초구|인계동|4511000000|서초1동|2|25|3|1|6|1329|47|47|689|71742|9211.0|4063.0|3013.0|2135.0|6857|4011|2561|432917.0|190961.0|141611.0|100345.0|4293349|738622|147200|293908|12|26|10|3|8072799|4544809|666120|1072341|6.68|5|1.87|66|305|287|1525.0
202406|ADM|46|11140|45110000|대구|서초구|역삼동|1114000000|인계동|1|40|1|1|5|787|178|178|787|13713|18092.0|5519.0|6882.0|5691.0|16953|4132|4836|3220376.0|982382.0|1224996.0|1012998.0|1727284|264562|805209|448264|31|90|49|6|2793462|15064394|4064453|539423|5.05|1|3.77|41|340|455|340.0
202406|CNTY_GU|45|11170|26110000|인천|강남구|역삼동|1120000000|역삼1가|2|35|2|1|2|144|101|101|490|70594|36899.0|12052.0|11088.0|13759.0|29260|9247|11008|3726799.0|1217252.0|1119888.0|1389659.0|703163|1079885|466136|132448|11|56|21|3|4194601|4062829|4694184|757689|5.65|3|3.24|43|130|407|390.0
202406|ADM|27|11110|47110000|인천|서초구|인계동|4511000000|인계동|1|35|3|2|3|1977|464|464|815|86688|38915.0|13218.0|7149.0|18548.0|27411|9546|5709|18056560.0|6133152.0|3317136.0|8606272.0|2505245|1252217|162489|48545|108|233|132|5|5629052|8453278|1420977|178114|7.65|23|3.32|44|362|82|8326.0
202406|CNTY_GU|46|26110|45110000|서울|수원시|인계동|2711000000|역삼1가|2|40|1|2|1|1664|383|383|777|49906|39798.0|30985.0|9729.0|0.0|35878|23859|8522|15242634.0|11867255.0|3726207.0|0.0|1370739|2897755|739773|287217|63|196|101|15|205798|1565701|2374349|1782127|4.67|29|2.08|43|339|452|9831.0
202406|CNTY_GU|41|46110|26110000|부산|강남구|인계동|4711000000|역삼1가|2|55|1|2|5|1571|225|225|473|21532|18898.0|13079.0|2927.0|2892.0|18339|12340|2459|4252050.0|2942775.0|658575.0|650700.0|1858879|2310829|706566|36517|57|94|26|17|1791457|13685429|235662|180574|2.34|17|3.93|24|490|490|8330.0
202406|ADM|44|43110|26110000|인천|성남시|서초동|4111000000|서초1동|2|60|1|2|3|924|62|62|424|44721|26758.0|15587.0|3167.0|8004.0|21015|12256|3116|1658996.0|966394.0|196354.0|496248.0|1746305|2863806|982687|150036|12|31|7|0|6325847|19563559|4593586|492429|6.1|6|1.96|74|422|474|2532.0
202406|PRVNC|42|45110|47110000|대구|서초구|역삼동|4211000000|서초1동|1|65|1|2|4|1011|41|41|44|96888|16714.0|5617.0|2927.0|8170.0|12229|4631|2804|685274.0|230297.0|120007.0|334970.0|1777916|569964|703148|468317|4|21|4|0|3291317|4615606|3194737|643936|5.35|5|4.94|114|398|185|1990.0
202406|CNTY_GU|11|41110|45110000|인천|수원시|역삼동|1117000000|서초1동|1|30|2|1|8|1321|480|480|158|25049|23035.0|8321.0|7000.0|7714.0|19307|6188|5790|11056800.0|3994080.0|3360000.0|3702720.0|1621155|418901|352495|383645|111|238|134|44|1080237|8876421|3102707|631128|6.02|46|1.26|99|81|91|3726.0
202406|CNTY_GU|42|11110|41130000|대구|성남시|인계동|4611000000|역삼1가|2|65|3|2|2|1005|1|1|385|78503|28161.0|13140.0|7959.0|7062.0|24790|11282|6805|28161.0|13140.0|7959.0|7062.0|3270712|1747410|588675|239541|0|0|0|0|6008212|7799644|2308339|1410670|6.69|0|3.75|141|0|434|0.0
202406|CNTY_GU|47|41110|41110000|부산|성남시|역삼동|1117000000|인계동|2|25|0|1|3|1905|413|413|600|60007|38643.0|26161.0|9757.0|2725.0|34979|24520|8814|15959559.0|10804493.0|4029641.0|1125425.0|2828569|1534521|416621|327262|93|197|95|7|2920894|16738834|2975002|993703|5.94|10|3.78|76|232|43|2320.0
202406|ADM|27|47110|43110000|인천|성남시|서초동|1111000000|역삼1가|1|30|3|1|7|269|2|2|834|65829|6401.0|2069.0|1184.0|3148.0|5190|2028|875|12802.0|4138.0|2368.0|6296.0|2124289|1563188|664252|212177|0|0|0|0|729045|823044|2348913|1000205|4.05|0|3.79|91|0|493|0.0
202406|CNTY_GU|46|41150|11170000|부산|서초구|서초동|4511000000|서초1동|2|35|0|1|7|477|307|307|47|80006|22806.0|14333.0|6421.0|2052.0|18297|13519|5050|7001442.0|4400231.0|1971247.0|629964.0|642378|2120227|474998|394677|80|124|82|2|8541969|19161259|2986310|1660947|2.47|29|4.65|165|264|178|7656.0
202406|ADM|45|11170|11140000|인천|성남시|인계동|1117000000|역삼1가|2|35|0|1|9|1543|442|442|79|58227|34290.0|23234.0|9353.0|1703.0|24844|17635|8779|15156180.0|10269428.0|4134026.0|752726.0|4511995|410494|78209|19064|73|181|121|6|1839526|9511153|4335290|1000634|3.21|58|2.08|122|232|273|13456.0
202406|ADM|41|26110|43110000|대구|서초구|역삼동|4211000000|서초1동|2|35|0|2|8|1052|13|13|589|57803|10107.0|4287.0|2058.0|3762.0|8489|3910|1573|131391.0|55731.0|26754.0|48906.0|4140258|1474304|700990|88454|1|5|2|0|5391555|5384221|2607868|1040444|6.58|0|2.01|96|0|238|0.0
202406|CNTY_GU|42|11140|41110000|경기|수원시|역삼동|4211000000|서초1동|1|35|1|1|4|1952|82|82|459|68543|14708.0|7986.0|3967.0|2755.0|14221|7274|2888|1206056.0|654852.0|325294.0|225910.0|2837770|180396|193389|404229|23|42|9|1|1219785|16199843|3358247|177245|7.81|4|4.92|61|165|246|660.0
202406|ADM|44|43110|42110000|서울|수원시|인계동|4611000000|서초1동|1|65|2|1|7|1456|225|225|215|19246|13249.0|4911.0|2481.0|5857.0|12366|4532|2390|2981025.0|1104975.0|558225.0|1317825.0|1673829|2778473|175183|106692|28|90|54|18|4809687|12469991|4747122|1535657|4.93|31|3.34|12|123|262|3813.0
202406|CNTY_GU|46|42110|45110000|서울|서초구|인계동|4111000000|역삼1가|1|45|0|1|6|1013|401|401|298|37826|19241.0|12345.0|6273.0|623.0|16886|11320|6262|7715641.0|4950345.0|2515473.0|249823.0|217641|2947329|757707|391597|95|216|119|21|7925591|3431444|1709529|701419|7.78|52|4.89|87|75|157|3900.0
202406|CNTY_GU|43|46110|11140000|경기|서초구|인계동|2611000000|인계동|2|40|1|1|1|458|407|407|434|95221|49837.0|32797.0|10078.0|6962.0|48990|28262|7943|20283659.0|13348379.0|4101746.0|2833534.0|4193132|2687959|201496|392005|49|184|47|24|8505764|15110702|4818222|1411011|5.76|21|1.76|64|50|367|1050.0
202406|ADM|42|44130|28110000|대구|성남시|인계동|2614000000|역삼1가|1|65|1|1|10|845|412|412|136|94714|14219.0|4286.0|4582.0|5351.0|11560|3945|4132|5858228.0|1765832.0|1887784.0|2204612.0|4190924|623641|623409|382202|74|240|68|23|4820243|12876763|2530472|99258|2.15|48|3.23|159|463|93|22224.0
202406|ADM|47|43110|11110000|대구|성남시|역삼동|2811000000|서초1동|2|45|0|2|5|1052|116|116|156|93583|3219.0|2432.0|722.0|65.0|2921|2221|531|373404.0|282112.0|83752.0|7540.0|384965|478013|378031|456509|29|47|15|8|9303572|10906417|3866119|757345|3.07|9|1.02|74|84|156|756.0
202406|ADM|47|27110|41150000|서울|서초구|인계동|1117000000|인계동|1|65|0|2|3|1844|491|491|716|42895|11358.0|3469.0|2349.0|5540.0|8354|2685|1692|5576778.0|1703279.0|1153359.0|2720140.0|3721292|2499865|728384|23894|126|278|71|47|3162077|10621664|4143446|576715|5.86|14|2.74|122|452|290|6328.0
202406|CNTY_GU|26|11110|46110000|경기|서초구|서초동|4611000000|인계동|2|55|3|2|6|1364|254|254|995|34938|11884.0|3953.0|2816.0|5115.0|8754|3901|2289|3018536.0|1004062.0|715264.0|1299210.0|1163337|1693892|399102|416446|50|131|74|6|6994959|12763928|919587|646575|3.31|28|1.41|13|237|417|6636.0
202406|CNTY_GU|47|45110|41130000|부산|성남시|서초동|1111000000|역삼1가|1|25|0|1|2|980|318|318|637|88908|34334.0|24680.0|13671.0|0.0|34206|17751|9832|10918212.0|7848240.0|4347378.0|0.0|3121633|2469602|719174|66468|56|137|49|28|2842101|7011199|3688169|1711240|7.3|9|3.01|7|94|316|846.0
202406|CNTY_GU|45|11110|11170000|대구|성남시|인계동|4311000000|서초1동|2|70|3|1|4|337|343|343|703|18811|23210.0|18197.0|6753.0|0.0|21470|15058|5448|7961030.0|6241571.0|2316279.0|0.0|3090535|1261283|944325|441142|72|173|50|8|8365215|1454448|4195409|1332078|3.58|32|2.12|18|451|276|14432.0
202406|ADM|41|26110|42110000|경기|성남시|역삼동|2811000000|인계동|2|20|0|1|8|1446|106|106|152|50462|28702.0|14361.0|7207.0|7134.0|20444|13552|6887|3042412.0|1522266.0|763942.0|756204.0|2027172|1396137|68799|189998|25|54|18|2|3294838|778403|2970946|1631316|7.74|1|4.49|140|213|378|213.0
202406|CNTY_GU|45|41130|41150000|인천|성남시|역삼동|4711000000|인계동|2|60|0|1|7|702|231|231|735|54763|46522.0|35177.0|14163.0|0.0|41118|25313|10134|10746582.0|8125887.0|3271653.0|0.0|4580849|361245|909711|497417|41|125|56|18|7457016|17352072|150862|329621|4.61|3|2.51|50|93|463|279.0
202406|CNTY_GU|27|26140|41150000|대구|강남구|인계동|4611000000|역삼1가|2|65|0|2|5|596|354|354|147|67998|26641.0|17116.0|10025.0|0.0|23781|13210|9564|9430914.0|6059064.0|3548850.0|0.0|1665805|1838192|94090|316156|47|162|102|27|299550|19061528|1381501|541041|6.88|4|1.47|125|428|387|1712.0
202406|CNTY_GU|47|47110|28110000|인천|수원시|역삼동|4111000000|역삼1가|1|45|1|2|1|1616|196|196|81|78081|13246.0|8454.0|2407.0|2385.0|11313|6326|2327|2596216.0|1656984.0|471772.0|467460.0|2962324|2110994|809670|210680|31|116|21|12|1388785|4252978|4824991|589316|5.05|10|2.19|50|291|183|2910.0
202406|ADM|43|41150|47110000|서울|강남구|역삼동|4511000000|서초1동|1|55|3|1|10|1506|58|58|32|39654|13068.0|10271.0|2663.0|134.0|11614|8892|2024|757944.0|595718.0|154454.0|7772.0|3686992|2010623|782280|97659|13|28|10|4|8908451|2757479|4170224|1749133|5.91|8|1.46|67|167|466|1336.0
202406|CNTY_GU|11|26110|11140000|대구|수원시|서초동|4115000000|역삼1가|2|25|0|2|6|1788|458|458|979|21446|21257.0|14502.0|4319.0|2436.0|18159|14440|3910|9735706.0|6641916.0|1978102.0|1115688.0|4125449|2706935|660883|180194|88|273|112|12|2260895|6394572|1221112|57949|7.53|9|2.52|113|32|20|288.0
202406|ADM|44|41110|42110000|인천|강남구|서초동|1117000000|서초1동|2|20|2|2|6|1778|36|36|966|57746|238.0|107.0|76.0|55.0|233|104|53|8568.0|3852.0|2736.0|1980.0|346553|2817445|905174|162135|5|20|9|3|5682509|10052146|4153459|156201|6.76|1|4.56|113|208|269|208.0
202406|ADM|44|41130|11170000|서울|강남구|역삼동|4211000000|인계동|1|40|1|1|7|749|155|155|883|96956|9239.0|4146.0|2764.0|2329.0|7877|3510|2432|1432045.0|642630.0|428420.0|360995.0|283880|2297456|836276|374388|28|86|23|0|5206402|2892426|1828637|1309305|5.28|13|2.45|59|154|421|2002.0
202406|ADM|41|45110|27110000|경기|성남시|서초동|4413000000|서초1동|1|50|0|2|4|1464|125|125|461|68708|13186.0|5282.0|3951.0|3953.0|12296|3858|3652|1648250.0|660250.0|493875.0|494125.0|2434097|1928234|800825|252470|36|64|18|5|7298192|4882509|4639126|967969|5.84|8|4.98|85|370|214|2960.0
202406|ADM|44|27110|41110000|경기|서초구|인계동|4611000000|서초1동|2|55|2|2|3|220|140|140|844|48163|30552.0|10187.0|3298.0|17067.0|30532|9203|2498|4277280.0|1426180.0|461720.0|2389380.0|1484584|2614873|709695|314486|40|83|14|9|1306796|17890838|2450725|1496315|3.46|15|1.28|56|191|29|2865.0
202406|PRVNC|41|11140|45110000|대구|서초구|서초동|4413000000|역삼1가|2|55|2|2|6|809|143|143|611|81167|43517.0|28531.0|4395.0|10591.0|34366|28105|4041|6222931.0|4079933.0|628485.0|1514513.0|1696900|2146305|185215|296847|16|79|41|13|9633859|16934463|4093851|260767|2.5|1|4.11|172|22|42|22.0
202406|CNTY_GU|41|26140|28110000|경기|성남시|인계동|4611000000|역삼1가|1|30|2|1|6|1741|110|110|149|29110|9756.0|5245.0|2523.0|1988.0|6859|3896|2100|1073160.0|576950.0|277530.0|218680.0|1606161|2091731|403804|53776|11|56|12|4|2854911|19769187|4705352|1931498|6.66|5|2.04|9|185|422|925.0
202406|CNTY_GU|27|11110|26110000|부산|서초구|인계동|4115000000|인계동|2|40|1|2|10|215|190|190|748|93682|32715.0|11835.0|12822.0|8058.0|24282|10760|10356|6215850.0|2248650.0|2436180.0|1531020.0|2119701|2819908|484106|400959|39|87|51|10|3780326|9917022|2571269|1200895|5.84|12|2.02|33|63|308|756.0
202406|ADM|41|27110|44130000|부산|강남구|인계동|4111000000|서초1동|1|45|3|1|6|578|415|415|433|26585|48562.0|26228.0|14410.0|7924.0|47608|23358|12698|20153230.0|10884620.0|5980150.0|3288460.0|3957869|635297|728470|296890|119|232|89|12|6582725|19542565|1919177|402366|2.02|58|3.03|135|170|284|9860.0
202406|CNTY_GU|45|45110|44130000|서울|수원시|인계동|4211000000|역삼1가|2|35|2|1|7|168|325|325|257|45331|27590.0|13754.0|3345.0|10491.0|26876|10074|3183|8966750.0|4470050.0|1087125.0|3409575.0|499620|2789853|324330|192551|72|161|91|13|8050855|7406558|1772119|273887|5.62|9|1.9|175|362|370|3258.0
202406|ADM|45|41110|41150000|부산|서초구|서초동|2811000000|인계동|1|30|2|2|10|227|307|307|960|20912|2564.0|773.0|361.0|1430.0|2295|651|302|787148.0|237311.0|110827.0|439010.0|4317167|492279|144430|417998|43|166|52|22|5834384|5748579|499760|167344|5.24|20|4.36|21|197|278|3940.0
202406|ADM|46|41110|42110000|경기|수원시|서초동|1120000000|인계동|1|25|1|1|9|971|324|324|791|75310|29545.0|13066.0|5877.0|10602.0|21620|9518|4340|9572580.0|4233384.0|1904148.0|3435048.0|883365|768503|686829|464573|90|137|62|27|9508524|19253269|1072060|474757|7.33|2|3.61|28|274|70|548.0
202406|CNTY_GU|44|11110|41150000|인천|서초구|역삼동|1117000000|서초1동|1|35|1|2|6|470|354|354|507|15776|46483.0|29392.0|9847.0|7244.0|43904|25347|7142|16454982.0|10404768.0|3485838.0|2564376.0|3313045|165853|673372|203537|71|199|58|13|3006064|143346|3464958|413799|5.69|22|4.78|179|460|349|10120.0
202406|CNTY_GU|46|44130|41110000|인천|강남구|서초동|1120000000|역삼1가|1|60|0|1|10|1912|308|308|918|50777|29086.0|9191.0|11169.0|8726.0|22914|6793|9323|8958488.0|2830828.0|3440052.0|2687608.0|3466568|886156|725810|293211|74|146|39|0|5379847|4894198|2614794|4527|6.59|26|4.02|49|26|93|676.0
202406|PRVNC|27|27110|41130000|부산|서초구|인계동|4111000000|서초1동|1|50|1|1|7|995|275|275|323|28274|19300.0|6683.0|2358.0|10259.0|15244|5344|1852|5307500.0|1837825.0|648450.0|2821225.0|1404159|1414222|464006|16255|60|161|44|14|7989196|2763649|3866117|486243|2.68|16|4.99|54|396|162|6336.0
202406|CNTY_GU|41|27110|44130000|경기|성남시|역삼동|4113000000|역삼1가|2|45|0|1|2|618|13|13|692|78873|36959.0|17040.0|7737.0|12182.0|28657|14702|6243|480467.0|221520.0|100581.0|158366.0|2005428|2514550|12860|345030|3|5|2|0|5613929|18075486|554824|449578|2.4|0|4.83|27|0|222|0.0
202406|CNTY_GU|11|11110|42110000|서울|성남시|역삼동|4211000000|서초1동|2|65|0|1|1|880|67|67|461|36493|42393.0|31374.0|7427.0|3592.0|35122|26584|5728|2840331.0|2102058.0|497609.0|240664.0|1192862|2964611|70942|393557|11|38|14|4|1414704|7171813|3140401|1663482|3.99|1|1.93|22|369|421|369.0
202406|ADM|27|11200|47110000|부산|성남시|인계동|2811000000|역삼1가|1|65|0|1|1|1397|419|419|692|58467|47515.0|22572.0|4943.0|20000.0|37822|22554|3729|19908785.0|9457668.0|2071117.0|8380000.0|2096937|2147815|155054|344654|119|231|57|4|7186321|16145828|735711|80507|2.29|2|4.84|35|414|298|828.0
202406|CNTY_GU|46|41130|27110000|서울|성남시|역삼동|4611000000|서초1동|1|55|0|2|7|170|54|54|199|82644|25601.0|17227.0|9527.0|0.0|18615|14637|8691|1382454.0|930258.0|514458.0|0.0|2621311|1095321|810407|189012|8|31|15|4|3794321|865212|152919|1991651|4.66|2|4.59|40|253|116|506.0
202406|PRVNC|27|41130|11110000|서울|서초구|인계동|4111000000|인계동|2|60|0|1|3|1193|178|178|689|17725|36872.0|27019.0|6208.0|3645.0|36573|25129|5779|6563216.0|4809382.0|1105024.0|648810.0|4272061|266717|191959|288563|41|75|41|2|6609604|19432637|2829205|1419251|4.44|20|1.8|12|178|267|3560.0
202406|ADM|45|11200|41110000|부산|수원시|인계동|2811000000|인계동|2|70|1|1|7|1478|167|167|184|80906|22868.0|7596.0|3763.0|11509.0|18396|6148|3722|3818956.0|1268532.0|628421.0|1922003.0|3980975|423243|804233|190115|43|74|30|8|1708167|18188654|4625794|1909662|5.6|19|2.68|124|111|122|2109.0
202406|CNTY_GU|47|11110|26140000|대구|수원시|역삼동|4111000000|역삼1가|1|60|0|1|7|1526|299|299|783|28508|14463.0|4592.0|5166.0|4705.0|11743|3591|4746|4324437.0|1373008.0|1544634.0|1406795.0|2462002|2688549|550589|295188|81|170|45|24|8264114|2887078|4028170|1162981|2.98|15|3.37|152|75|277|1125.0
202406|ADM|45|41130|41130000|서울|서초구|서초동|1120000000|인계동|2|20|1|1|7|1634|25|25|137|48839|40050.0|30649.0|12251.0|0.0|32323|26021|10717|1001250.0|766225.0|306275.0|0.0|11848|2096232|949298|119485|6|11|5|0|7075694|17309988|2813658|903104|4.01|1|2.63|14|306|368|306.0
202406|CNTY_GU|27|42110|44130000|경기|수원시|역삼동|4111000000|인계동|1|50|3|1|7|428|475|475|101|20306|42375.0|27876.0|5135.0|9364.0|35729|26992|4121|20128125.0|13241100.0|2439125.0|4447900.0|85934|2095456|399287|63572|106|243|68|30|5179739|16473562|1504646|450660|2.86|29|3.61|78|243|373|7047.0
202406|PRVNC|47|11200|28110000|부산|서초구|인계동|4611000000|인계동|1|45|0|1|8|794|2|2|81|86055|844.0|418.0|85.0|341.0|623|407|61|1688.0|836.0|170.0|682.0|380745|725123|955692|312817|0|1|0|0|2672635|12121141|4447402|1227467|2.7|0|3.55|35|0|248|0.0
202406|ADM|11|27110|41150000|인천|강남구|서초동|2811000000|인계동|2|55|1|1|5|1774|223|223|472|20943|31640.0|15858.0|6337.0|9445.0|22981|13046|5126|7055720.0|3536334.0|1413151.0|2106235.0|3773621|1147179|463853|248241|61|89|50|5|7434649|1637402|2167337|1570019|7.57|11|3.76|94|402|294|4422.0
202406|ADM|42|42110|43110000|인천|강남구|인계동|4413000000|역삼1가|1|25|0|1|2|661|194|194|938|72824|42201.0|15479.0|15570.0|11152.0|38671|12922|13442|8186994.0|3002926.0|3020580.0|2163488.0|2205702|2917022|441735|397816|58|93|48|10|3376249|3157301|4071214|1118937|6.9|21|3.73|34|234|403|4914.0
202406|ADM|11|11110|41130000|서울|성남시|역삼동|4711000000|인계동|2|55|1|1|9|398|277|277|123|10454|20465.0|15584.0|2470.0|2411.0|14575|14973|1741|5668805.0|4316768.0|684190.0|667847.0|2351043|1573175|474001|253185|63|138|41|26|7915312|15569041|4969351|76260|7.12|18|3.23|5|276|48|4968.0
202406|ADM|26|45110|41130000|서울|성남시|서초동|4711000000|인계동|1|40|2|2|2|51|455|455|884|80104|4917.0|3877.0|1409.0|0.0|4857|3832|1030|2237235.0|1764035.0|641095.0|0.0|1448868|128700|263626|378253|104|208|110|23|8923704|11972750|4834570|1936001|7.46|44|2.74|136|379|95|16676.0
202406|ADM|41|42110|47110000|서울|강남구|서초동|4111000000|서초1동|1|30|1|2|8|722|14|14|376|69287|39008.0|25051.0|10733.0|3224.0|38835|20730|9236|546112.0|350714.0|150262.0|45136.0|1289435|2090280|518450|291637|3|6|2|0|1574526|10888868|128623|616968|5.38|1|1.02|153|399|400|399.0
202406|ADM|44|45110|11170000|인천|강남구|역삼동|1120000000|역삼1가|1|45|0|1|2|1755|168|168|569|64545|43191.0|18662.0|12259.0|12270.0|40048|13417|9524|7256088.0|3135216.0|2059512.0|2061360.0|4925055|2585859|746366|27598|21|89|39|13|7302839|8154238|4721222|1687498|7.1|16|3.59|56|157|130|2512.0
202406|ADM|27|43110|41110000|서울|수원시|인계동|4711000000|인계동|2|65|2|1|3|1439|319|319|803|49663|16200.0|12918.0|5802.0|0.0|14350|11497|4894|5167800.0|4120842.0|1850838.0|0.0|436994|1306320|164616|443801|78|148|62|1|1495775|10649033|3294721|1068298|7.15|14|2.0|112|376|268|5264.0
202406|CNTY_GU|47|11140|11200000|서울|수원시|서초동|2711000000|역삼1가|2|45|1|2|7|967|68|68|665|82920|3577.0|1555.0|921.0|1101.0|2891|1317|748|243236.0|105740.0|62628.0|74868.0|2111457|2319548|853765|148667|16|39|10|0|7223882|16360716|586199|708264|2.97|5|2.78|90|348|93|1740.0
202406|ADM|11|43110|41110000|부산|강남구|역삼동|4113000000|서초1동|2|60|1|2|3|1841|387|387|118|80666|6959.0|3846.0|2121.0|992.0|5231|3722|1724|2693133.0|1488402.0|820827.0|383904.0|2321021|1520217|92228|15091|92|193|105|28|2401149|2028521|615460|1147562|5.58|43|3.05|150|319|257|13717.0
202406|ADM|26|11200|45110000|경기|강남구|인계동|4111000000|인계동|1|55|3|1|9|535|462|462|544|95176|5360.0|3567.0|1164.0|629.0|4167|3121|1089|2476320.0|1647954.0|537768.0|290598.0|4594725|2748969|814510|62822|53|267|96|13|3612183|10556896|4746998|431020|5.5|8|4.03|73|374|172|2992.0
202406|ADM|46|43110|26140000|서울|수원시|역삼동|1111000000|서초1동|2|30|2|2|3|1508|146|146|203|56892|14372.0|8733.0|2935.0|2704.0|10904|7365|2421|2098312.0|1275018.0|428510.0|394784.0|986123|2241091|384101|410358|43|70|17|6|7391686|8435745|142476|1150428|2.62|17|2.5|56|353|492|6001.0
202406|CNTY_GU|44|41130|41130000|서울|성남시|역삼동|4211000000|역삼1가|1|20|1|2|8|548|348|348|980|82086|0.0|0.0|0.0|0.0|0|0|0|0.0|0.0|0.0|0.0|1956195|384854|960475|170913|67|179|78|6|2180303|6007788|516913|771949|5.13|28|2.94|70|24|233|672.0
202406|CNTY_GU|47|27110|47110000|인천|서초구|역삼동|1117000000|인계동|2|30|2|1|8|508|22|22|189|25264|32130.0|24602.0|4035.0|3493.0|22631|21019|3625|706860.0|541244.0|88770.0|76846.0|3207241|720629|2554|284606|2|10|2|1|9341920|18950948|846373|965165|7.21|2|4.85|115|371|122|742.0
202406|ADM|42|46110|41150000|서울|성남시|인계동|4111000000|인계동|1|30|1|2|5|1550|69|69|430|39293|18313.0|8173.0|4431.0|5709.0|18205|7881|4095|1263597.0|563937.0|305739.0|393921.0|4340472|2241249|77121|191999|17|29|15|4|6192452|11007495|1911540|553104|6.05|9|2.3|98|178|373|1602.0
202406|CNTY_GU|46|46110|44130000|인천|수원시|역삼동|4711000000|인계동|2|60|2|2|1|990|423|423|919|75296|48071.0|23103.0|17404.0|7564.0|40875|20164|13412|20334033.0|9772569.0|7361892.0|3199572.0|3726535|755045|485580|85816|55|200|112|16|1863219|7570600|1710269|1199656|3.02|49|1.4|34|404|486|19796.0
202406|ADM|27|11200|26140000|대구|서초구|역삼동|4711000000|인계동|1|40|0|2|5|430|422|422|574|86846|11094.0|4832.0|1591.0|4671.0|8360|4274|1395|4681668.0|2039104.0|671402.0|1971162.0|4959038|2624083|691843|386729|113|245|59|8|9504528|12710730|3925582|374535|3.15|40|3.95|166|444|229|17760.0
202406|PRVNC|44|11200|41130000|대구|강남구|서초동|4113000000|역삼1가|1|20|3|1|1|974|476|476|496|15287|32549.0|21070.0|9540.0|1939.0|24008|17560|8269|15493324.0|10029320.0|4541040.0|922964.0|436120|618972|365191|433809|74|198|73|11|6671145|9932361|2942864|1563709|2.93|8|3.79|15|468|54|3744.0
202406|PRVNC|11|42110|41110000|부산|수원시|서초동|1114000000|서초1동|1|45|0|2|6|675|199|199|993|84506|10782.0|4362.0|3962.0|2458.0|10595|3559|3337|2145618.0|868038.0|788438.0|489142.0|4548351|257345|102937|492706|55|109|36|17|1747985|6867320|3695071|871305|6.88|19|2.6|92|47|202|893.0
202406|ADM|42|26110|41130000|서울|서초구|서초동|4111000000|역삼1가|1|40|1|2|8|368|62|62|250|21742|31035.0|19840.0|5405.0|5790.0|28947|14192|5319|1924170.0|1230080.0|335110.0|358980.0|1500837|636471|826433|448279|10|32|7|3|494318|8363241|1979180|329747|2.79|7|3.22|148|170|3|1190.0
202406|CNTY_GU|45|26110|27110000|서울|강남구|서초동|4511000000|역삼1가|2|65|1|1|6|1780|276|276|80|92110|16659.0|12033.0|3876.0|750.0|16360|10229|3649|4597884.0|3321108.0|1069776.0|207000.0|3361816|70669|214430|190311|29|156|67|14|5202018|5566615|1421389|819576|4.99|6|4.45|36|187|185|1122.0
202406|ADM|26|11140|28110000|경기|성남시|인계동|4413000000|인계동|1|45|0|1|3|17|373|373|17|30579|32993.0|26259.0|12783.0|0.0|32791|23424|10622|12306389.0|9794607.0|4768059.0|0.0|1234620|627070|502817|194515|96|206|71|24|9297030|4507626|923527|1466628|3.64|42|4.99|158|267|469|11214.0
202406|CNTY_GU|42|47110|45110000|부산|강남구|역삼동|4311000000|서초1동|1|35|2|1|9|1580|158|158|415|33866|23354.0|15560.0|3031.0|4763.0|18585|15475|2680|3689932.0|2458480.0|478898.0|752554.0|1615935|2943661|165488|117545|32|81|32|13|2201376|6792866|1459148|293409|6.44|14|2.05|83|193|359|2702.0
202406|ADM|42|11140|41110000|대구|수원시|인계동|4115000000|역삼1가|1|30|3|1|7|1223|380|380|293|79767|0.0|0.0|0.0|0.0|0|0|0|0.0|0.0|0.0|0.0|3227458|882353|114965|335840|54|207|54|37|2967338|2932018|3827312|1096599|6.38|28|3.24|41|145|221|4060.0
202406|CNTY_GU|43|11170|11140000|경기|서초구|역삼동|2611000000|서초1동|2|45|0|1|1|662|253|253|533|29107|5047.0|3725.0|1647.0|0.0|4013|3189|1291|1276891.0|942425.0|416691.0|0.0|3020388|230944|437020|42160|57|111|45|12|8526515|7115726|4136377|1968353|3.95|23|1.13|117|368|132|8464.0
202406|CNTY_GU|27|11170|44130000|부산|성남시|인계동|2611000000|인계동|1|70|1|2|9|882|308|308|703|35663|9855.0|7787.0|1225.0|843.0|9048|6203|1098|3035340.0|2398396.0|377300.0|259644.0|3799002|700389|357446|50989|76|147|58|14|2447522|10294331|894121|1331427|3.02|0|4.58|111|0|293|0.0
202406|ADM|45|44130|11140000|서울|성남시|역삼동|2711000000|서초1동|1|60|0|1|4|934|41|41|226|17543|0.0|0.0|0.0|0.0|0|0|0|0.0|0.0|0.0|0.0|1012638|833647|852400|147793|9|21|5|3|7713810|1158727|555223|1733689|5.57|3|3.61|129|385|258|1155.0
202406|CNTY_GU|27|28110|47110000|대구|수원시|역삼동|2711000000|인계동|1|70|0|2|5|1719|74|74|459|55016|8303.0|3181.0|3021.0|2101.0|7504|2788|2795|614422.0|235394.0|223554.0|155474.0|3001568|2702715|380277|91295|19|37|16|3|3396780|2655747|1039364|632343|3.83|2|3.47|51|213|250|426.0
202406|ADM|26|41150|26140000|부산|수원시|서초동|4511000000|인계동|1|40|0|1|2|128|301|301|636|24109|15893.0|12452.0|5892.0|0.0|13581|11501|5006|4783793.0|3748052.0|1773492.0|0.0|2836468|935823|76820|36662|42|152|71|18|3237918|1593738|2774267|151329|7.49|5|3.34|16|213|200|1065.0
202406|ADM|47|26140|47110000|서울|수원시|역삼동|4115000000|인계동|2|25|0|2|3|489|141|141|350|77865|4462.0|3101.0|1281.0|80.0|4127|2664|1173|629142.0|437241.0|180621.0|11280.0|3925539|62755|538173|382283|41|59|27|12|6036160|1906141|941008|1340841|6.84|18|4.74|156|109|199|1962.0
202406|PRVNC|11|42110|26140000|인천|강남구|인계동|2811000000|역삼1가|1|50|2|2|10|612|385|385|434|19696|38065.0|19784.0|7576.0|10705.0|34752|14932|5956|14655025.0|7616840.0|2916760.0|4121425.0|4474970|2583842|73563|47019|56|187|72|20|9701069|13281523|4843221|1318236|6.09|47|4.92|75|341|331|16027.0
202406|ADM|45|42110|41110000|인천|성남시|서초동|4611000000|역삼1가|2|35|0|1|6|768|458|458|385|10436|0.0|0.0|0.0|0.0|0|0|0|0.0|0.0|0.0|0.0|3208695|54579|928137|479464|48|216|100|6|6932554|10626727|3698476|1443432|5.69|30|2.07|72|326|342|9780.0
202406|CNTY_GU|45|42110|11200000|부산|수원시|서초동|1120000000|서초1동|1|55|3|1|8|580|189|189|195|99129|12711.0|9724.0|3741.0|0.0|11032|8879|3114|2402379.0|1837836.0|707049.0|0.0|909642|97259|986492|372243|38|96|34|10|5125209|18075741|3903643|1818350|4.21|1|2.78|50|368|193|368.0
202406|CNTY_GU|11|41150|44130000|서울|수원시|역삼동|2614000000|인계동|1|65|0|2|2|1989|212|212|829|86138|39328.0|17807.0|11284.0|10237.0|33969|12530|8538|8337536.0|3775084.0|2392208.0|2170244.0|4818929|2395249|807184|37422|37|85|51|13|8106963|17838618|724103|512171|6.9|12|4.64|93|92|295|1104.0
202406|ADM|44|11170|11170000|대구|성남시|서초동|4611000000|역삼1가|1|55|1|2|8|231|102|102|766|47387|20544.0|7692.0|6542.0|6310.0|19533|6872|5607|2095488.0|784584.0|667284.0|643620.0|4867217|1117042|680971|296906|18|48|20|5|810587|343105|1796901|294738|3.76|0|2.12|161|0|147|0.0
202406|ADM|26|41150|42110000|부산|서초구|역삼동|4711000000|서초1동|1|45|2|1|7|1358|363|363|769|87942|1071.0|766.0|388.0|0.0|912|553|342|388773.0|278058.0|140844.0|0.0|1044811|125077|818415|339548|40|199|40|34|497727|11612539|881913|1528259|2.78|25|1.24|166|458|207|11450.0
202406|ADM|47|26110|47110000|서울|성남시|인계동|4111000000|인계동|2|40|0|1|1|533|417|417|911|99091|42702.0|27548.0|14572.0|582.0|39503|25808|13399|17806734.0|11487516.0|6076524.0|242694.0|3156876|1932533|653459|460110|59|204|69|14|4069707|1028102|4058842|1203965|4.81|25|2.57|113|66|428|1650.0
202406|ADM|44|41150|26110000|경기|강남구|서초동|1114000000|역삼1가|2|50|1|2|10|178|262|262|626|30313|48612.0|35725.0|18443.0|0.0|46219|27887|13005|12736344.0|9359950.0|4832066.0|0.0|2456195|1144182|845870|444741|27|136|36|8|355907|6298868|2530903|610195|6.07|25|2.77|128|335|229|8375.0
202406|ADM|46|11170|47110000|서울|서초구|서초동|4611000000|서초1동|1|40|0|2|4|1438|77|77|589|30738|25085.0|12909.0|5332.0|6844.0|23968|9934|3834|1931545.0|993993.0|410564.0|526988.0|1995581|518071|429108|264845|14|32|17|3|4621683|19620313|4439923|1212877|4.14|10|2.96|179|409|101|4090.0
202406|PRVNC|27|11200|45110000|경기|서초구|인계동|2611000000|역삼1가|2|45|0|1|4|1062|182|182|270|17013|44160.0|29917.0|8492.0|5751.0|33446|28508|7454|8037120.0|5444894.0|1545544.0|1046682.0|4698314|1436318|339763|208428|28|95|27|5|1150238|11941118|2925963|1499340|6.82|13|3.04|158|351|377|4563.0
202406|ADM|47|41130|43110000|서울|강남구|역삼동|4115000000|서초1동|1|25|2|2|6|424|27|27|687|97209|46194.0|32499.0|10953.0|2742.0|36056|25478|7774|1247238.0|877473.0|295731.0|74034.0|4709153|51148|454184|487241|6|13|6|2|1071783|19217243|2558367|739300|4.93|1|1.89|154|428|118|428.0
202406|ADM|26|27110|11200000|인천|수원시|역삼동|4511000000|역삼1가|2|20|3|1|3|1052|2|2|19|39562|0.0|0.0|0.0|0.0|0|0|0|0.0|0.0|0.0|0.0|1244932|796754|15944|173138|0|0|0|0|8084386|1376373|544052|733813|4.37|0|4.15|164|0|396|0.0
202406|CNTY_GU|27|11110|41130000|서울|강남구|서초동|4711000000|역삼1가|1|20|2|1|4|402|399|399|233|29373|20458.0|10069.0|6686.0|3703.0|14961|8717|4999|8162742.0|4017531.0|2667714.0|1477497.0|4816488|1983509|193917|72458|73|234|96|4|6776311|19075402|3882077|391362|4.95|35|4.51|72|271|344|9485.0
202406|CNTY_GU|27|41150|11170000|부산|수원시|서초동|4511000000|역삼1가|1|25|0|1|8|1070|289|289|536|71269|49270.0|18315.0|10244.0|20711.0|35877|15204|9122|14239030.0|5293035.0|2960516.0|5985479.0|4723535|2634201|489673|237426|52|164|42|10|5700931|10780275|2006103|1729347|4.42|24|4.28|74|202|137|4848.0
202406|CNTY_GU|47|11140|28110000|인천|서초구|역삼동|1120000000|인계동|2|40|3|2|5|1538|148|148|471|63202|40928.0|23226.0|14547.0|3155.0|29894|21472|13656|6057344.0|3437448.0|2152956.0|466940.0|3741330|1724408|660983|133366|28|78|30|11|7199596|4053005|548449|1348408|6.6|13|3.18|77|489|323|6357.0
202406|CNTY_GU|44|41130|11140000|경기|강남구|인계동|4413000000|역삼1가|1|60|1|1|8|1341|389|389|381|48781|45183.0|14342.0|10702.0|20139.0|37287|12454|9872|17576187.0|5579038.0|4163078.0|7834071.0|4298875|579197|208124|213004|61|230|74|38|8549405|17845643|602038|1097554|7.14|29|2.93|68|413|391|11977.0
202406|CNTY_GU|27|45110|44130000|부산|강남구|서초동|4211000000|역삼1가|1|60|2|2|1|1952|340|340|548|31782|34974.0|15864.0|13278.0|5832.0|26408|15474|11780|11891160.0|5393760.0|4514520.0|1982880.0|3354259|1291701|759704|191677|63|191|43|11|9768774|14103048|3451118|1699007|2.89|24|1.51|127|11|323|264.0
202406|ADM|27|26110|47110000|경기|성남시|역삼동|2711000000|서초1동|1|55|0|1|3|771|361|361|963|50338|13109.0|7010.0|2201.0|3898.0|10635|5057|1976|4732349.0|2530610.0|794561.0|1407178.0|2873439|191100|911813|119761|39|201|88|11|6147401|1597680|2063091|1496770|3.93|28|3.3|130|452|445|12656.0
202406|ADM|43|41130|26140000|경기|수원시|역삼동|4711000000|역삼1가|2|45|1|2|8|57|58|58|120|43316|801.0|568.0|284.0|0.0|585|546|208|46458.0|32944.0|16472.0|0.0|3744475|2122681|223884|96113|11|33|16|3|2794286|19246395|4048821|609066|6.23|1|3.69|14|89|357|89.0
202406|ADM|27|11110|44130000|서울|수원시|서초동|2614000000|인계동|1|55|0|1|4|1050|219|219|305|75884|46608.0|22411.0|7822.0|16375.0|45731|20814|6370|10207152.0|4908009.0|1713018.0|3586125.0|3560897|406411|352809|434346|24|93|47|1|6181046|5969949|1758767|1648589|2.67|30|1.83|88|140|232|4200.0
202406|ADM|27|44130|26110000|부산|수원시|인계동|4111000000|서초1동|2|30|0|1|7|66|202|202|116|83149|0.0|0.0|0.0|0.0|0|0|0|0.0|0.0|0.0|0.0|346935|850373|109000|208343|40|99|41|14|7981906|19674191|1293158|952281|7.1|0|2.28|53|0|279|0.0
202406|CNTY_GU|27|11110|44130000|대구|서초구|서초동|4111000000|역삼1가|1|30|1|2|2|1257|338|338|382|64138|25256.0|16893.0|3290.0|5073.0|19074|16166|2851|8536528.0|5709834.0|1112020.0|1714674.0|832012|1166725|955783|10538|86|185|70|23|5052456|3091645|36449|894024|2.4|39|4.03|113|389|54|15171.0
202406|CNTY_GU|45|11110|41130000|부산|성남시|서초동|4511000000|서초1동|1|25|3|1|5|1557|378|378|170|92296|49791.0|20456.0|10601.0|18734.0|47403|17562|9806|18820998.0|7732368.0|4007178.0|7081452.0|359661|2905341|894323|488066|38|159|80|1|1533674|19734463|786646|582720|4.59|28|3.97|70|342|496|9576.0
202406|CNTY_GU|11|11110|41150000|경기|서초구|서초동|4711000000|역삼1가|1|30|1|1|5|485|54|54|578|65957|10777.0|6351.0|3062.0|1364.0|9192|4560|2385|581958.0|342954.0|165348.0|73656.0|3064152|1536844|978811|495478|13|29|11|2|7720920|18363698|750178|108962|4.95|7|2.48|172|152|284|1064.0
202406|CNTY_GU|43|46110|28110000|대구|성남시|역삼동|4111000000|역삼1가|1|40|2|1|9|1810|4|4|481|29661|29243.0|9531.0|8750.0|10962.0|22345|6776|7708|116972.0|38124.0|35000.0|43848.0|4444758|2605351|47576|253684|0|2|1|0|3300482|7187424|925295|434235|4.63|0|4.79|80|0|278|0.0
202406|ADM|44|41110|26110000|대구|성남시|서초동|4211000000|서초1동|2|35|2|1|2|10|400|400|637|70409|49355.0|35631.0|14210.0|0.0|39223|31205|12057|19742000.0|14252400.0|5684000.0|0.0|3522243|2597409|831733|203764|80|181|75|33|9442491|17802947|2691615|135591|3.08|42|2.86|93|199|355|8358.0
202406|ADM|41|28110|41150000|서울|서초구|서초동|4115000000|서초1동|2|50|0|2|2|513|212|212|354|14396|7152.0|4596.0|1534.0|1022.0|6885|4554|1256|1516224.0|974352.0|325208.0|216664.0|2562947|2390152|707508|146415|44|104|58|4|8714997|15365250|1436502|1768304|5.22|22|1.81|155|79|415|1738.0
202406|ADM|42|41110|41130000|인천|서초구|인계동|1117000000|서초1동|2|20|0|1|6|616|44|44|532|36933|14078.0|8296.0|4734.0|1048.0|10852|6186|4261|619432.0|365024.0|208296.0|46112.0|1010468|256346|542179|472874|6|20|10|1|7037026|7192716|1270311|358897|3.39|5|2.57|175|67|74|335.0
202406|CNTY_GU|26|11200|26140000|부산|수원시|서초동|4113000000|서초1동|1|65|0|1|7|1897|182|182|137|48300|628.0|325.0|228.0|75.0|623|271|184|114296.0|59150.0|41496.0|13650.0|78340|894022|647199|33330|29|105|44|7|4271134|18723379|2404753|83967|7.74|26|1.43|91|341|1|8866.0
202406|ADM|27|41130|26140000|대구|서초구|역삼동|4511000000|서초1동|1|50|2|2|6|1375|194|194|423|53852|35005.0|11681.0|5495.0|17829.0|32159|10642|4433|6790970.0|2266114.0|1066030.0|3458826.0|425778|84444|609245|134221|39|78|55|18|1510463|6245717|3149786|293075|3.08|28|3.87|178|432|376|12096.0
202406|CNTY_GU|45|26140|26140000|부산|성남시|서초동|4711000000|인계동|1|55|1|2|7|355|173|173|541|66529|27676.0|19214.0|8070.0|392.0|20077|16005|7869|4787948.0|3324022.0|1396110.0|67816.0|1938327|2147765|937422|185328|39|100|30|5|7408437|15999969|4298009|375496|7.65|4|4.11|51|146|386|584.0
202406|ADM|42|11140|27110000|부산|성남시|역삼동|4511000000|인계동|2|70|2|2|3|733|283|283|477|19680|0.0|0.0|0.0|0.0|0|0|0|0.0|0.0|0.0|0.0|3970324|781428|176182|474000|76|167|60|25|2158333|15138888|257005|1729689|3.08|37|4.02|178|370|299|13690.0
202406|CNTY_GU|43|26140|44130000|경기|강남구|인계동|1114000000|인계동|1|55|1|1|4|657|149|149|29|61320|41935.0|19966.0|4998.0|16971.0|30613|19945|3522|6248315.0|2974934.0|744702.0|2528679.0|1856353|2859946|956602|44826|33|73|30|2|2348863|6752939|2601161|506678|2.95|11|2.55|57|150|186|1650.0
202406|ADM|42|11200|42110000|서울|성남시|서초동|4113000000|인계동|2|40|1|1|2|1200|396|396|113|85653|34600.0|15046.0|13469.0|6085.0|29995|10810|11234|13701600.0|5958216.0|5333724.0|2409660.0|3752301|2627434|519096|239878|113|178|52|17|7782891|12891539|2320649|1504658|4.6|22|3.79|37|252|375|5544.0
202406|ADM|41|45110|11200000|경기|서초구|서초동|4311000000|서초1동|2|20|3|1|5|35|75|75|559|69339|41000.0|17324.0|9271.0|14405.0|36068|16353|8214|3075000.0|1299300.0|695325.0|1080375.0|4631988|884214|941847|70131|11|31|8|0|2902823|16698820|646860|1974675|6.95|6|1.14|173|226|273|1356.0
202406|CNTY_GU|42|27110|41150000|대구|서초구|서초동|2611000000|인계동|1|35|2|1|3|1106|46|46|377|92630|13317.0|7803.0|1617.0|3897.0|12257|5608|1141|612582.0|358938.0|74382.0|179262.0|985786|610872|747299|493448|13|24|9|3|7145743|16024343|3363389|1805664|5.12|3|2.9|128|437|458|1311.0
202406|ADM|43|42110|44130000|인천|강남구|역삼동|4413000000|서초1동|1|60|1|1|4|1191|43|43|718|41779|34428.0|23368.0|12525.0|0.0|28951|20607|11833|1480404.0|1004824.0|538575.0|0.0|4211752|2566365|998739|303522|6|20|10|3|2659715|216159|4061287|1005726|2.42|5|1.74|34|446|71|2230.0
202406|ADM|41|11170|45110000|서울|서초구|인계동|2614000000|서초1동|1|35|0|1|10|1303|294|294|152|12545|49221.0|20634.0|18607.0|9980.0|36385|19725|16443|14470974.0|6066396.0|5470458.0|2934120.0|4978517|1067908|303048|437249|83|145|43|2|7294182|6821233|1009131|342259|4.1|31|3.16|109|181|442|5611.0
202406|ADM|47|27110|45110000|인천|성남시|인계동|4611000000|인계동|1|40|1|2|2|446|364|364|596|21596|33814.0|16267.0|5960.0|11587.0|31890|15325|4811|12308296.0|5921188.0|2169440.0|4217668.0|4334182|710530|512513|39502|108|192|97|0|7205|4886110|867107|1026464|6.91|50|2.67|107|496|137|24800.0
202406|PRVNC|27|11110|44130000|인천|강남구|역삼동|1114000000|역삼1가|2|30|0|1|9|1730|271|271|80|93440|13062.0|8572.0|3829.0|661.0|10523|7120|2898|3539802.0|2323012.0|1037659.0|179131.0|1659935|2015700|16510|355995|43|120|42|19|4247628|10889004|1711128|187747|3.65|13|1.39|137|88|28|1144.0
202406|ADM|46|41110|42110000|대구|성남시|서초동|4211000000|서초1동|1|45|0|2|8|1206|230|230|923|40254|13978.0|5343.0|1536.0|7099.0|11534|3959|1397|3214940.0|1228890.0|353280.0|1632770.0|4292277|1958115|178386|252838|43|135|44|0|1324528|14779308|1054649|1451883|7.4|31|2.46|74|31|77|961.0
202406|ADM|43|11200|11170000|대구|성남시|인계동|2614000000|역삼1가|2|40|2|2|5|940|174|174|176|74409|18402.0|8730.0|4103.0|5569.0|17330|8492|3505|3201948.0|1519020.0|713922.0|969006.0|2409136|486376|77394|52679|31|72|25|8|916926|6389319|3606501|739676|5.05|12|2.47|155|239|322|2868.0
202406|CNTY_GU|46|26140|41130000|경기|강남구|인계동|2811000000|인계동|2|70|0|2|7|1519|324|324|928|77783|35121.0|24484.0|8273.0|2364.0|25923|24230|7479|11379204.0|7932816.0|2680452.0|765936.0|3199733|881453|3593|365120|69|149|35|14|347810|7048501|4508394|955034|2.07|34|3.2|135|351|434|11934.0
202406|CNTY_GU|26|41130|11110000|부산|강남구|인계동|2711000000|역삼1가|2|55|1|1|10|533|474|474|349|28458|37675.0|20001.0|5299.0|12375.0|28672|17510|4809|17857950.0|9480474.0|2511726.0|5865750.0|4349774|273888|348079|342098|117|268|87|22|8623567|11181729|3664549|1536224|4.35|6|3.66|41|250|120|1500.0
202406|ADM|46|26110|41110000|경기|서초구|인계동|2614000000|역삼1가|2|60|0|1|1|734|382|382|987|50107|16611.0|7467.0|6245.0|2899.0|15810|5832|4505|6345402.0|2852394.0|2385590.0|1107418.0|2986510|1604049|554915|325433|84|211|66|17|4093484|6202576|1827778|1012549|5.1|51|4.02|148|20|457|1020.0
202406|CNTY_GU|44|11110|46110000|부산|강남구|서초동|1111000000|인계동|2|25|0|2|3|145|273|273|44|10990|15737.0|10993.0|5786.0|0.0|15075|10418|5000|4296201.0|3001089.0|1579578.0|0.0|3686661|2253770|493693|410756|42|153|46|10|6704055|14597272|3808401|1723108|2.62|28|1.9|92|428|11|11984.0
202406|PRVNC|42|11170|11200000|서울|성남시|역삼동|4111000000|서초1동|2|25|0|2|10|1827|65|65|914|62367|35950.0|12026.0|9358.0|14566.0|25658|9270|9148|2336750.0|781690.0|608270.0|946790.0|2111602|1965360|994918|361372|9|31|17|5|6289767|11657594|2577613|722926|3.81|9|4.17|51|437|436|3933.0
202406|CNTY_GU|45|45110|42110000|서울|수원시|서초동|1120000000|서초1동|2|35|1|2|10|130|26|26|696|70917|33687.0|14144.0|5615.0|13928.0|28131|11421|4699|875862.0|367744.0|145990.0|362128.0|4907112|1157228|364350|81766|2|12|2|0|2756731|7054090|3722499|677797|2.73|3|1.59|53|482|491|1446.0
202406|ADM|47|26110|45110000|서울|강남구|서초동|1111000000|인계동|2|70|1|1|4|438|318|318|679|65412|40544.0|23398.0|11616.0|5530.0|28548|23023|10296|12892992.0|7440564.0|3693888.0|1758540.0|4476674|1215322|336328|197492|83|138|71|10|5208703|5208003|2014784|1731261|6.17|43|2.06|79|269|178|11567.0
202406|CNTY_GU|47|11140|41150000|부산|강남구|서초동|2611000000|인계동|2|55|0|1|9|453|457|457|281|80591|22867.0|8641.0|8800.0|5426.0|19599|7780|6445|10450219.0|3948937.0|4021600.0|2479682.0|89775|602480|250403|205314|109|237|70|15|2315498|7894163|1148121|492135|7.54|14|2.95|73|391|120|5474.0
202406|PRVNC|41|41130|26110000|인천|수원시|인계동|4711000000|역삼1가|1|30|0|2|5|1247|476|476|367|64472|41755.0|26831.0|5647.0|9277.0|35721|20202|5335|19875380.0|12771556.0|2687972.0|4415852.0|1484918|157709|278092|71214|138|228|77|2|3167041|7547855|4029045|537200|3.03|33|1.32|8|338|467|11154.0
202406|ADM|26|28110|41150000|부산|성남시|역삼동|1120000000|인계동|1|55|3|2|3|842|304|304|343|68140|16300.0|12830.0|5190.0|0.0|12178|11062|4069|4955200.0|3900320.0|1577760.0|0.0|3832941|1763968|844088|100816|45|148|59|2|1969880|12911805|3776359|250858|6.36|9|4.36|63|233|184|2097.0
202406|ADM|26|11110|44130000|서울|서초구|인계동|4611000000|서초1동|1|20|0|2|2|1172|97|97|794|52202|1731.0|1318.0|651.0|0.0|1384|1288|461|167907.0|127846.0|63147.0|0.0|1501996|1388831|494396|15840|14|46|18|0|9880304|5652955|3239682|1534171|7.63|11|1.79|10|104|345|1144.0
202406|CNTY_GU|45|28110|41150000|인천|성남시|서초동|1117000000|인계동|2|35|3|1|6|774|220|220|947|47757|16467.0|10480.0|1769.0|4218.0|15926|10436|1287|3622740.0|2305600.0|389180.0|927960.0|2180998|2236047|414531|385149|38|92|50|8|3721893|19401707|3571039|349260|2.38|2|4.0|6|96|477|192.0
202406|ADM|46|46110|43110000|부산|강남구|역삼동|4111000000|역삼1가|2|40|0|2|1|1395|387|387|963|99770|17156.0|5530.0|4505.0|7121.0|15833|4529|4193|6639372.0|2140110.0|1743435.0|2755827.0|1175450|565209|537133|461276|111|200|93|4|6382668|15461732|871323|1553250|4.93|50|4.4|64|63|482|3150.0
202406|ADM|45|11110|41150000|부산|수원시|서초동|4115000000|인계동|2|40|1|1|5|220|326|326|874|20766|49465.0|32487.0|16233.0|745.0|42880|30142|13980|16125590.0|10590762.0|5291958.0|242870.0|2034966|2670980|25279|84813|35|165|88|2|5126077|5710840|3963469|1971866|2.13|46|4.12|22|389|344|17894.0
202406|ADM|11|11200|26140000|서울|성남시|역삼동|4511000000|서초1동|1|35|3|1|6|1979|473|473|669|67152|16142.0|9102.0|2803.0|4237.0|12820|7334|2083|7635166.0|4305246.0|1325819.0|2004101.0|2313603|959263|5359|189082|140|258|118|44|3174705|18184930|3576474|1808578|6.89|52|2.89|119|485|257|25220.0
202406|ADM|45|41130|11170000|인천|강남구|서초동|4711000000|서초1동|1|35|0|2|6|631|248|248|14|84725|3668.0|2062.0|1143.0|463.0|3286|1535|902|909664.0|511376.0|283464.0|114824.0|1710392|1695969|507797|222590|38|100|39|21|6274421|2953078|4815687|902069|5.85|10|2.93|32|221|383|2210.0
202406|ADM|41|46110|41150000|부산|성남시|인계동|4211000000|인계동|1|60|0|2|1|1738|246|246|906|29494|14975.0|8127.0|5579.0|1269.0|13294|5730|5087|3683850.0|1999242.0|1372434.0|312174.0|3502127|1218744|941479|68112|50|100|33|8|2141668|12109191|3832686|1047930|4.82|5|3.48|122|195|30|975.0
202406|CNTY_GU|11|46110|11110000|인천|수원시|역삼동|4113000000|서초1동|1|70|0|1|9|682|32|32|643|46280|12952.0|9869.0|1897.0|1186.0|12359|9392|1802|414464.0|315808.0|60704.0|37952.0|199082|1536851|171188|116833|9|16|7|1|5928428|19369096|3155100|1152465|2.64|0|3.86|152|0|442|0.0
202406|CNTY_GU|47|46110|43110000|서울|성남시|역삼동|4311000000|역삼1가|1|60|0|2|6|1449|73|73|736|64735|0.0|0.0|0.0|0.0|0|0|0|0.0|0.0|0.0|0.0|2225434|1620424|215598|69947|8|33|21|5|3780347|6444337|3509406|1438140|2.23|10|3.9|26|425|440|4250.0
202406|CNTY_GU|42|44130|11140000|대구|서초구|서초동|2614000000|인계동|2|50|2|2|3|383|225|225|199|76215|6101.0|3020.0|902.0|2179.0|5928|2828|859|1372725.0|679500.0|202950.0|490275.0|774385|2282987|214850|10883|24|120|26|19|6808708|16370037|1307186|226477|4.65|6|2.4|165|400|124|2400.0
202406|ADM|44|11140|11170000|부산|성남시|서초동|2811000000|서초1동|2|65|0|2|6|1898|456|456|558|81590|25972.0|17215.0|3033.0|5724.0|18741|17036|2860|11843232.0|7850040.0|1383048.0|2610144.0|3140331|1236621|718522|7567|83|207|88|39|3318531|8539555|1919779|1165783|2.97|29|1.88|9|208|396|6032.0
202406|ADM|44|46110|27110000|서울|성남시|인계동|4113000000|인계동|1|25|0|2|7|1357|188|188|516|63149|21792.0|17009.0|3852.0|931.0|18025|14354|2706|4096896.0|3197692.0|724176.0|175028.0|1437917|4062|124580|66107|22|98|20|13|6006108|15328500|3330746|7036|6.71|25|1.16|90|497|243|12425.0
202406|CNTY_GU|44|28110|11110000|부산|강남구|서초동|1120000000|서초1동|2|25|2|2|1|1436|30|30|145|93978|21192.0|8877.0|4869.0|7446.0|19173|6606|3642|635760.0|266310.0|146070.0|223380.0|4279151|1784489|878258|163573|4|14|7|2|8506786|19533998|2193508|1359852|6.32|3|3.79|24|441|9|1323.0
202406|ADM|27|11140|28110000|서울|수원시|역삼동|4413000000|역삼1가|2|55|0|2|4|1684|198|198|308|55701|15561.0|12062.0|5747.0|0.0|14189|10750|4959|3081078.0|2388276.0|1137906.0|0.0|216027|2745183|109190|326939|53|86|27|10|4550613|12334490|1224340|1743082|6.08|20|1.47|22|150|11|3000.0
202406|CNTY_GU|11|41130|41110000|인천|서초구|역삼동|2611000000|인계동|1|50|0|1|8|842|230|230|774|84091|16614.0|9930.0|5586.0|1098.0|14530|8178|5139|3821220.0|2283900.0|1284780.0|252540.0|232338|1179218|546678|99660|29|101|60|14|1119672|13492687|318042|601783|5.43|30|2.43|26|197|490|5910.0
202406|CNTY_GU|44|43110|11140000|서울|성남시|인계동|4711000000|인계동|1|70|2|1|10|295|100|100|670|29586|20629.0|9092.0|3734.0|7803.0|14534|8447|3523|2062900.0|909200.0|373400.0|780300.0|1929617|825285|54142|314159|18|56|20|5|709527|2787330|885808|275503|7.0|9|4.11|174|161|137|1449.0
202406|CNTY_GU|41|42110|41110000|대구|서초구|역삼동|4611000000|역삼1가|2|25|1|1|6|1620|301|301|525|89462|32311.0|19774.0|4880.0|7657.0|29979|19148|3736|9725611.0|5951974.0|1468880.0|2304757.0|3616701|1211903|834833|364018|84|167|83|12|4156120|11339640|2508958|1688986|7.24|5|3.61|102|331|233|1655.0
202406|ADM|43|41130|47110000|경기|강남구|서초동|4113000000|서초1동|1|20|1|1|6|1790|217|217|197|62619|41262.0|24004.0|7405.0|9853.0|40325|21385|6765|8953854.0|5208868.0|1606885.0|2138101.0|4016193|2109478|383924|480707|57|88|41|4|2842534|15175818|2605267|75581|2.29|26|1.63|36|493|201|12818.0
202406|ADM|45|11170|11140000|대구|서초구|인계동|4511000000|역삼1가|2|45|1|1|1|1760|485|485|624|64057|26440.0|14885.0|8817.0|2738.0|25995|11185|6411|12823400.0|7219225.0|4276245.0|1327930.0|1170525|209024|75647|36726|107|219|121|33|6115639|1418669|4101250|1281808|2.85|25|2.19|122|172|126|4300.0
202406|CNTY_GU|26|43110|41110000|대구|강남구|인계동|2614000000|인계동|1|25|3|2|5|390|11|11|955|23091|19402.0|8938.0|5415.0|5049.0|13674|6384|4461|213422.0|98318.0|59565.0|55539.0|1723883|2983928|847819|54309|1|5|2|0|8574802|17875558|821959|1340167|7.66|0|2.26|83|0|319|0.0
202406|CNTY_GU|26|27110|45110000|서울|성남시|역삼동|4211000000|인계동|2|45|3|2|9|1670|128|128|969|73205|3995.0|2545.0|579.0|871.0|3122|2262|493|511360.0|325760.0|74112.0|111488.0|1522410|2859098|982938|180005|27|52|25|12|9249963|5310691|4134954|271580|6.14|6|2.34|20|339|350|2034.0
202406|ADM|11|26110|26110000|인천|성남시|서초동|4113000000|인계동|2|30|1|2|2|786|414|414|25|14061|1184.0|633.0|407.0|144.0|972|508|370|490176.0|262062.0|168498.0|59616.0|4182074|1329026|575912|453879|105|206|85|17|1094825|12495536|4325616|447674|7.71|59|1.47|11|70|397|4130.0
202406|ADM|44|42110|11110000|서울|성남시|서초동|1120000000|서초1동|2|60|0|2|8|1106|496|496|299|15698|18447.0|8904.0|3948.0|5595.0|16130|7539|3035|9149712.0|4416384.0|1958208.0|2775120.0|1533223|1588237|666112|178713|84|277|147|13|5574648|16122039|3006078|1351916|3.49|47|3.48|63|450|32|21150.0
202406|ADM|11|44130|26140000|인천|서초구|서초동|2811000000|역삼1가|2|45|2|1|8|953|489|489|621|95600|8109.0|5365.0|1370.0|1374.0|7956|3998|1117|3965301.0|2623485.0|669930.0|671886.0|3935153|2477170|369608|148439|75|240|53|6|6629501|11670427|1472384|1810240|4.35|50|2.79|76|410|58|20500.0
202406|ADM|43|45110|11140000|서울|수원시|서초동|4115000000|서초1동|2|30|0|2|10|910|93|93|140|83714|6637.0|2732.0|1855.0|2050.0|6368|2508|1666|617241.0|254076.0|172515.0|190650.0|1462556|782105|334240|35439|10|50|10|2|6497862|14440137|2816034|1511970|2.3|11|4.87|60|97|200|1067.0
202406|ADM|44|26110|11140000|부산|수원시|인계동|2811000000|서초1동|2|65|3|2|6|1808|26|26|401|30837|39927.0|19765.0|4401.0|15761.0|29825|19504|3545|1038102.0|513890.0|114426.0|409786.0|2979113|2534637|384271|287602|7|12|7|0|2115583|16876332|4335392|929912|5.3|2|2.24|96|407|280|814.0
202406|CNTY_GU|46|47110|46110000|부산|서초구|인계동|4511000000|역삼1가|2|35|0|2|8|875|382|382|49|70919|38086.0|13190.0|10911.0|13985.0|37375|9797|7641|14548852.0|5038580.0|4168002.0|5342270.0|4597053|2970539|163802|337159|68|219|39|23|2470303|8195749|4329052|92470|4.52|23|4.65|45|65|321|1495.0
202406|ADM|26|28110|11170000|경기|성남시|서초동|4211000000|인계동|2|55|1|2|5|977|448|448|117|27535|3098.0|1569.0|695.0|834.0|2397|1269|639|1387904.0|702912.0|311360.0|373632.0|2722303|2116392|632129|296895|70|211|77|22|7404893|8741249|2887011|1628405|2.24|20|3.75|161|486|253|9720.0
202406|CNTY_GU|11|42110|44130000|서울|수원시|서초동|4111000000|역삼1가|1|45|2|1|5|1565|495|495|701|51885|48294.0|38129.0|10431.0|0.0|33856|35029|10376|23905530.0|18873855.0|5163345.0|0.0|4479620|2801566|628310|39073|54|252|92|47|9704798|4569143|4372663|30311|2.47|30|3.2|72|252|49|7560.0
202406|ADM|41|41130|11140000|부산|강남구|서초동|4211000000|인계동|2|45|0|2|7|1890|58|58|643|97684|2221.0|696.0|323.0|1202.0|2202|515|312|128818.0|40368.0|18734.0|69716.0|812093|1549818|875643|349509|14|25|8|1|180372|12892605|4152734|90209|7.23|8|2.92|112|386|156|3088.0
202406|ADM|27|27110|47110000|경기|서초구|역삼동|4511000000|서초1동|2|30|0|1|3|1022|110|110|839|23951|563.0|305.0|115.0|143.0|443|271|87|61930.0|33550.0|12650.0|15730.0|4334155|483315|197661|109053|32|63|25|5|8227707|18643293|3071825|420433|2.84|2|2.15|96|342|209|684.0
202406|CNTY_GU|27|41150|44130000|경기|수원시|인계동|2811000000|인계동|1|45|0|2|10|844|222|222|648|35694|34843.0|22762.0|9780.0|2301.0|30203|20437|7065|7735146.0|5053164.0|2171160.0|510822.0|993574|2833357|209412|164897|57|103|31|16|5859090|13529755|3987017|784824|2.22|24|3.91|165|285|304|6840.0
202406|CNTY_GU|42|11110|42110000|경기|서초구|인계동|1111000000|서초1동|2|25|2|2|4|1121|122|122|926|77403|25200.0|9454.0|7124.0|8622.0|20878|8140|6952|3074400.0|1153388.0|869128.0|1051884.0|2443071|1615687|923262|223187|14|69|21|8|2460198|11184204|1051601|1284385|7.45|4|4.78|149|348|217|1392.0
202406|CNTY_GU|42|45110|42110000|인천|수원시|역삼동|2811000000|인계동|1|35|2|1|7|175|143|143|676|21621|45269.0|33475.0|5805.0|5989.0|37022|25166|5523|6473467.0|4786925.0|830115.0|856427.0|4869146|419520|655104|83700|35|67|22|9|2233773|10766559|4929785|1982910|5.59|6|4.11|74|249|130|1494.0
202406|ADM|26|41110|26110000|대구|성남시|인계동|2611000000|역삼1가|2|60|1|2|7|1947|94|94|206|51721|32533.0|24705.0|3735.0|4093.0|32187|22116|3319|3058102.0|2322270.0|351090.0|384742.0|2091390|1572818|709096|8107|13|46|20|1|2821501|785408|2839819|861530|3.67|8|4.22|124|185|91|1480.0
202406|PRVNC|41|47110|43110000|부산|수원시|서초동|1111000000|인계동|2|30|1|1|9|1440|420|420|846|53575|17752.0|6951.0|2548.0|8253.0|15752|6588|1843|7455840.0|2919420.0|1070160.0|3466260.0|1787393|1151176|254807|491757|60|227|109|22|2685314|10796981|1083152|172753|6.95|32|3.85|141|429|310|13728.0
202406|ADM|26|27110|41110000|대구|수원시|서초동|2611000000|서초1동|1|50|0|2|2|1682|106|106|641|67633|23500.0|8767.0|6069.0|8664.0|21458|6510|5296|2491000.0|929302.0|643314.0|918384.0|4869734|1953306|559408|445522|25|45|13|1|2546558|11235653|2623082|680248|4.66|2|2.72|88|139|10|278.0
202406|ADM|45|41110|11200000|경기|강남구|인계동|1120000000|서초1동|2|55|0|1|9|365|317|317|242|13184|34776.0|25170.0|8355.0|1251.0|29131|18933|6854|11023992.0|7978890.0|2648535.0|396567.0|3571964|71520|504973|249769|43|126|45|15|2556556|1702372|688906|1626908|5.74|0|1.52|82|0|260|0.0
202406|ADM|42|41150|26110000|인천|수원시|인계동|4413000000|인계동|2|60|2|1|9|984|479|479|970|56469|9544.0|4448.0|3126.0|1970.0|7642|3806|2750|4571576.0|2130592.0|1497354.0|943630.0|4133178|785653|64891|120122|82|275|53|39|3289971|2427070|3349132|2844|4.51|54|2.24|140|56|82|3024.0
202406|ADM|42|41130|27110000|경기|강남구|인계동|4311000000|인계동|2|35|0|2|10|1334|3|3|881|89307|31550.0|12086.0|10656.0|8808.0|30430|11144|10509|94650.0|36258.0|31968.0|26424.0|2177534|1154289|863660|468891|0|1|0|0|1911689|8562439|1281295|365899|3.66|0|4.79|179|0|0|0.0
202406|ADM|26|11200|28110000|부산|성남시|역삼동|2614000000|서초1동|2|50|0|1|1|780|243|243|82|77342|46491.0|37015.0|4882.0|4594.0|41226|33228|3441|11297313.0|8994645.0|1186326.0|1116342.0|3514878|2926823|138532|3577|48|114|25|4|1407377|16412831|3891657|273738|7.29|26|1.18|41|288|229|7488.0
202406|ADM|45|41110|11110000|인천|수원시|인계동|1114000000|역삼1가|2|25|3|2|9|1634|371|371|752|22334|33015.0|15202.0|9824.0|7989.0|24726|11648|8481|12248565.0|5639942.0|3644704.0|2963919.0|1569663|465006|813544|254867|63|167|107|23|9825193|8344759|630822|1841889|6.46|18|3.68|7|184|82|3312.0
202406|CNTY_GU|11|41130|41150000|서울|성남시|서초동|2711000000|서초1동|2|50|0|2|5|726|342|342|797|19516|8763.0|5792.0|1097.0|1874.0|7956|4057|825|2996946.0|1980864.0|375174.0|640908.0|198890|922717|124495|134393|41|159|54|22|821035|12822526|4526017|1620063|4.74|36|2.37|46|419|135|15084.0
202406|ADM|45|28110|11110000|경기|강남구|서초동|4413000000|역삼1가|2|25|3|1|8|1284|14|14|483|37913|49615.0|25875.0|19381.0|4359.0|37030|21585|17804|694610.0|362250.0|271334.0|61026.0|1867125|1157514|949800|22352|3|7|3|1|7268937|5596900|1419743|507249|2.65|1|1.49|45|298|23|298.0
202406|CNTY_GU|44|43110|11140000|인천|수원시|서초동|1120000000|인계동|1|20|2|1|8|1720|357|357|804|73697|18736.0|10446.0|7110.0|1180.0|14570|8839|5847|6688752.0|3729222.0|2538270.0|421260.0|245510|1617089|269591|80952|101|172|97|29|4115125|2609061|3599798|1796754|7.43|12|4.24|54|413|384|4956.0
202406|CNTY_GU|43|26140|11170000|서울|서초구|역삼동|4113000000|인계동|2|50|1|2|8|1280|339|339|987|87498|48252.0|20252.0|17197.0|10803.0|35445|16847|14328|16357428.0|6865428.0|5829783.0|3662217.0|2962789|2186768|979565|491182|40|156|64|16|1577919|1667123|1581577|12076|5.13|46|3.54|19|95|18|4370.0
202406|ADM|41|41150|26110000|대구|수원시|역삼동|2811000000|서초1동|1|60|1|1|6|545|125|125|353|14458|13172.0|5276.0|4061.0|3835.0|10348|4375|3769|1646500.0|659500.0|507625.0|479375.0|1159822|2068268|840650|128760|19|54|16|7|7152526|11210684|1779519|522338|4.32|18|2.37|85|170|42|3060.0
202406|ADM|41|43110|43110000|대구|서초구|역삼동|1120000000|역삼1가|1|70|3|1|1|1006|200|200|737|92606|24979.0|13555.0|9741.0|1683.0|23952|11555|9053|4995800.0|2711000.0|1948200.0|336600.0|2388656|119149|43000|397113|48|119|49|16|9115563|8037108|4404243|1508788|5.42|8|1.01|124|300|244|2400.0
202406|CNTY_GU|44|27110|41110000|대구|서초구|인계동|2811000000|인계동|2|30|1|2|6|1656|195|195|600|38994|39345.0|18480.0|5273.0|15592.0|29158|17820|4995|7672275.0|3603600.0|1028235.0|3040440.0|250712|229087|732049|355781|35|106|56|11|3305016|4685267|1237239|72503|2.34|21|4.29|13|489|328|10269.0
202406|ADM|26|26140|28110000|서울|강남구|인계동|2811000000|서초1동|2|20|1|1|10|226|114|114|306|95032|9999.0|6117.0|1625.0|2257.0|8188|5386|1217|1139886.0|697338.0|185250.0|257298.0|2137735|2775644|772200|134353|31|65|15|6|3525574|6816892|4009166|282390|5.93|2|2.48|20|101|107|202.0
202406|ADM|46|26110|11170000|대구|수원시|서초동|4413000000|역삼1가|1|45|3|1|4|1155|358|358|364|28618|47544.0|14443.0|12667.0|20434.0|33318|10983|12539|17020752.0|5170594.0|4534786.0|7315372.0|2802061|1215487|793441|46787|48|174|47|16|5785133|15908699|4381952|1697151|2.2|24|3.6|103|226|315|5424.0
202406|PRVNC|42|27110|11110000|인천|서초구|역삼동|1114000000|역삼1가|1|30|2|1|3|1884|65|65|807|40445|29029.0|15207.0|8972.0|4850.0|26749|14740|7987|1886885.0|988455.0|583180.0|315250.0|2949006|107513|465013|466431|7|32|10|0|3450732|7626940|4108776|1742619|6.52|1|4.08|124|429|72|429.0
202406|ADM|43|46110|27110000|부산|수원시|인계동|2611000000|역삼1가|1|30|2|2|5|135|20|20|802|10456|17110.0|13543.0|4505.0|0.0|15152|13000|3383|342200.0|270860.0|90100.0|0.0|1802435|2678790|795813|160735|5|10|4|0|4403737|8912123|2964805|1096375|6.76|1|4.42|23|127|221|127.0
202406|ADM|42|28110|11200000|인천|강남구|서초동|4111000000|역삼1가|1|40|1|2|9|1159|177|177|111|48883|46230.0|36075.0|11405.0|0.0|38451|34711|10561|8182710.0|6385275.0|2018685.0|0.0|3951824|733459|285998|349409|35|93|51|13|5381907|14471439|948848|249702|4.53|13|3.55|101|211|16|2743.0
202406|CNTY_GU|41|11170|43110000|대구|성남시|서초동|1114000000|역삼1가|1|60|2|2|2|1959|260|260|440|13332|48429.0|30378.0|18977.0|0.0|39237|28698|15510|12591540.0|7898280.0|4934020.0|0.0|3266919|2516661|221739|183644|29|110|71|23|7798364|17973289|3449939|576343|5.15|0|4.13|16|0|451|0.0
202406|ADM|46|46110|41110000|경기|서초구|인계동|4413000000|서초1동|1|40|3|1|3|1095|396|396|236|31458|45314.0|23205.0|14536.0|7573.0|36293|22257|12815|17944344.0|9189180.0|5756256.0|2998908.0|3826193|2283013|693787|485765|92|194|39|28|5338280|2559618|2037917|760560|3.55|26|4.21|13|16|10|416.0
202406|ADM|27|41110|26140000|경기|서초구|역삼동|4611000000|인계동|1|70|0|1|7|791|402|402|533|30041|9384.0|7378.0|3164.0|0.0|9003|5894|2977|3772368.0|2965956.0|1271928.0|0.0|2655887|880137|25724|33358|67|214|50|10|9395471|19669885|3937998|958284|3.0|34|1.39|66|16|68|544.0
202406|CNTY_GU|43|41110|41110000|경기|서초구|인계동|4113000000|인계동|2|40|1|2|10|828|218|218|75|72839|598.0|467.0|81.0|50.0|561|448|80|130364.0|101806.0|17658.0|10900.0|931077|605715|376895|20323|48|97|41|20|1132934|4909644|2921950|444030|3.87|20|4.4|45|225|294|4500.0
202406|PRVNC|26|44130|41110000|대구|서초구|역삼동|4711000000|인계동|1|40|0|2|2|619|472|472|645|89242|48975.0|21148.0|16945.0|10882.0|43266|19818|12677|23116200.0|9981856.0|7998040.0|5136304.0|1763932|1775406|642422|63598|119|206|60|28|9983448|9968054|2641955|158262|6.04|14|1.29|124|85|378|1190.0
202406|ADM|11|46110|45110000|서울|서초구|인계동|4113000000|서초1동|2|40|2|1|7|457|207|207|797|13085|31661.0|13843.0|5988.0|11830.0|29008|12195|5848|6553827.0|2865501.0|1239516.0|2448810.0|4920520|1288972|950875|155442|26|114|39|8|8296806|14064272|3670709|186697|6.95|9|2.43|22|468|50|4212.0
202406|ADM|43|11140|43110000|서울|서초구|서초동|1114000000|인계동|1|60|1|1|7|948|250|250|876|64020|49263.0|39355.0|16256.0|0.0|36534|38921|12514|12315750.0|9838750.0|4064000.0|0.0|2158978|257705|350015|404876|57|113|66|8|2160489|19335431|1150530|1165894|3.29|21|4.1|82|213|160|4473.0
202406|ADM|44|44130|46110000|경기|수원시|서초동|2711000000|역삼1가|2|20|1|1|3|1688|146|146|64|85340|409.0|282.0|75.0|52.0|383|249|73|59714.0|41172.0|10950.0|7592.0|35264|2322347|111692|62534|19|86|32|8|946733|7827965|1951253|650824|4.4|5|4.54|36|374|13|1870.0
202406|ADM|43|41110|41150000|인천|서초구|역삼동|4511000000|서초1동|1|40|2|2|2|484|454|454|644|32039|41207.0|27101.0|7379.0|6727.0|38153|25840|5409|18707978.0|12303854.0|3350066.0|3054058.0|1917644|2398121|853381|437114|121|199|83|28|8506447|2092376|3825253|303483|2.75|61|3.85|160|435|444|26535.0
202406|CNTY_GU|44|44130|27110000|경기|서초구|서초동|2711000000|역삼1가|2|60|0|2|5|1295|269|269|683|32948|15507.0|10637.0|3626.0|1244.0|14899|7754|3385|4171383.0|2861353.0|975394.0|334636.0|2549936|1846116|887216|312283|36|160|74|17|8551411|18860056|2993174|336517|4.61|33|3.28|45|13|18|429.0
202406|PRVNC|42|44130|43110000|서울|서초구|서초동|4511000000|인계동|1|30|0|1|9|8|45|45|141|15040|31653.0|20284.0|8456.0|2913.0|26940|15895|7290|1424385.0|912780.0|380520.0|131085.0|4171264|192006|944347|234001|9|21|13|1|1693447|9637241|1488007|534146|3.64|3|3.86|162|467|390|1401.0
202406|ADM|27|28110|47110000|경기|수원시|서초동|4211000000|역삼1가|1|30|2|1|8|1161|349|349|119|25463|19091.0|13302.0|5979.0|0.0|16016|9860|4218|6662759.0|4642398.0|2086671.0|0.0|2034111|1726750|370883|180224|87|148|67|11|1577848|2903806|1242970|131276|4.51|3|2.16|156|154|133|462.0
202406|CNTY_GU|41|26110|28110000|서울|수원시|역삼동|1111000000|역삼1가|2|45|2|1|9|1227|217|217|970|82079|12121.0|8064.0|1565.0|2492.0|9525|6763|1207|2630257.0|1749888.0|339605.0|540764.0|2157417|1706501|691901|52295|50|127|42|4|1507401|10397973|2626205|378853|3.55|17|1.23|21|473|223|8041.0
202406|ADM|27|42110|11140000|대구|수원시|인계동|4115000000|인계동|2|20|0|2|2|180|4|4|17|89398|8775.0|5195.0|1456.0|2124.0|7820|4201|1325|35100.0|20780.0|5824.0|8496.0|1273453|428393|253347|392710|0|2|0|0|6224906|14819428|4967712|878763|7.92|0|4.25|139|0|359|0.0
202406|ADM|43|26110|41150000|서울|서초구|인계동|1117000000|인계동|2|50|1|2|3|824|89|89|244|10257|12106.0|6653.0|2860.0|2593.0|10520|5743|2543|1077434.0|592117.0|254540.0|230777.0|2619801|1996576|867753|459687|21|48|23|0|4192864|4313507|1433940|401645|5.31|3|1.4|156|187|16|561.0
202406|CNTY_GU|47|43110|26140000|서울|강남구|역삼동|2611000000|역삼1가|1|40|3|1|10|330|213|213|382|49926|46102.0|14484.0|12321.0|19297.0|40192|14152|10881|9819726.0|3085092.0|2624373.0|4110261.0|4863190|219062|161127|198938|42|124|43|6|8870039|17369377|4881486|345297|2.04|13|2.02|63|179|407|2327.0
202406|ADM|11|42110|11170000|서울|성남시|서초동|2614000000|서초1동|2|30|0|2|9|747|326|326|828|28580|31204.0|14911.0|5641.0|10652.0|22594|12424|4732|10172504.0|4860986.0|1838966.0|3472552.0|2167228|1031433|255979|216352|88|131|57|15|5853052|8398341|4921570|1628001|2.16|41|2.09|144|183|468|7503.0
202406|ADM|44|46110|11110000|인천|성남시|역삼동|4211000000|서초1동|1|70|0|1|6|1945|91|91|0|32165|10029.0|7247.0|3477.0|0.0|9654|6976|3133|912639.0|659477.0|316407.0|0.0|1361497|320549|359904|40554|25|42|11|8|1659548|17618707|3302351|1946881|5.65|11|2.99|37|224|275|2464.0
202406|ADM|45|11170|47110000|인천|성남시|역삼동|4113000000|인계동|1|65|3|2|5|1760|341|341|837|19803|24122.0|16723.0|8175.0|0.0|21645|14715|7773|8225602.0|5702543.0|2787675.0|0.0|1777417|280604|807566|112071|51|192|34|15|5804858|16201123|4366056|1185175|3.9|22|4.74|42|33|59|726.0
202406|ADM|45|44130|11140000|부산|서초구|역삼동|1117000000|서초1동|1|70|0|1|4|51|352|352|13|93966|32748.0|15545.0|10608.0|6595.0|26433|13188|7963|11527296.0|5471840.0|3734016.0|2321440.0|4544868|593014|997072|265274|60|160|50|6|3850894|8297261|4912992|1351143|3.5|37|4.59|85|12|294|444.0
202406|CNTY_GU|27|43110|11170000|부산|성남시|서초동|2711000000|서초1동|2|25|0|2|5|359|104|104|592|13308|35316.0|25644.0|4283.0|5389.0|28301|19641|3382|3672864.0|2666976.0|445432.0|560456.0|1710340|2021842|825891|188968|20|43|12|2|2811178|3585260|4855477|572316|3.27|0|3.5|61|0|319|0.0
202406|PRVNC|42|28110|26140000|부산|성남시|역삼동|4111000000|역삼1가|2|40|0|2|1|853|273|273|982|38188|49592.0|34800.0|14084.0|708.0|35284|25340|13916|13538616.0|9500400.0|3844932.0|193284.0|716476|1646878|267026|231139|48|155|74|17|5885919|3362036|2917755|1548110|2.12|8|4.16|141|115|445|920.0
202406|CNTY_GU|45|11140|43110000|서울|수원시|역삼동|4111000000|인계동|2|45|1|1|2|1114|415|415|714|21208|17991.0|8803.0|4407.0|4781.0|12772|6689|3380|7466265.0|3653245.0|1828905.0|1984115.0|2930260|198690|351669|316376|122|183|63|39|3941880|10551699|3364226|1959808|3.06|17|4.05|32|50|8|850.0
202406|ADM|41|43110|42110000|서울|강남구|서초동|4115000000|역삼1가|1|45|3|2|8|1106|404|404|637|81466|40473.0|20157.0|11457.0|8859.0|38499|19697|8652|16351092.0|8143428.0|4628628.0|3579036.0|2494839|1634364|695449|410061|117|228|83|17|4392932|517184|4264555|841534|7.84|1|2.57|113|252|477|252.0
202406|CNTY_GU|46|44130|11170000|서울|서초구|서초동|4111000000|서초1동|2|25|2|1|10|580|379|379|903|79451|2654.0|1982.0|755.0|0.0|1961|1764|624|1005866.0|751178.0|286145.0|0.0|3996418|428527|405436|93801|95|193|57|17|4642737|12561698|93522|1930262|2.31|39|4.0|131|322|296|12558.0
202406|ADM|11|41110|28110000|부산|강남구|인계동|1117000000|인계동|1|50|0|1|7|1925|182|182|607|48869|28854.0|13697.0|3532.0|11625.0|26384|10152|3398|5251428.0|2492854.0|642824.0|2115750.0|1554423|2174382|547837|207001|27|81|35|1|198740|11991248|3801180|1124892|2.92|24|1.4|44|174|27|4176.0
202406|ADM|47|11110|11110000|경기|강남구|서초동|2614000000|서초1동|1|55|2|1|5|1987|249|249|530|94324|40262.0|16869.0|15556.0|7837.0|35870|12301|11004|10025238.0|4200381.0|3873444.0|1951413.0|1439747|488875|397872|243678|53|109|44|2|3143401|19162723|3414582|1261660|7.33|21|4.0|83|185|305|3885.0
202406|ADM|46|26140|27110000|대구|수원시|인계동|2611000000|인계동|2|60|1|2|8|303|81|81|288|58327|14542.0|5452.0|5503.0|3587.0|13294|4636|5318|1177902.0|441612.0|445743.0|290547.0|998378|19388|37293|482588|10|46|19|7|6200330|2468972|4609314|1343072|4.89|0|1.78|118|0|308|0.0
202406|PRVNC|26|45110|26140000|부산|강남구|서초동|4611000000|서초1동|2|40|0|2|5|1411|50|50|238|57841|48450.0|26945.0|11796.0|9709.0|35798|20315|11195|2422500.0|1347250.0|589800.0|485450.0|4691824|2708089|627422|417020|8|28|8|1|337589|19049236|1352913|1156181|4.04|4|3.38|19|28|302|112.0
202406|ADM|46|41110|42110000|부산|성남시|서초동|4311000000|서초1동|2|40|0|1|7|1201|159|159|261|66504|30954.0|15563.0|9100.0|6291.0|21819|14652|7513|4921686.0|2474517.0|1446900.0|1000269.0|636965|1678038|878018|462632|38|74|28|1|3350342|3530579|4696726|925654|3.56|17|4.26|79|150|44|2550.0
202406|CNTY_GU|41|11110|26140000|서울|수원시|서초동|2614000000|서초1동|2|70|3|1|10|1088|304|304|129|55267|1578.0|1173.0|197.0|208.0|1339|1076|142|479712.0|356592.0|59888.0|63232.0|3668889|2220559|313630|188039|55|124|43|24|8022621|13896543|4057025|1809207|7.16|43|4.96|11|282|306|12126.0
202406|CNTY_GU|44|42110|41150000|경기|강남구|인계동|2711000000|인계동|2|50|0|2|5|1072|374|374|188|86248|40833.0|31360.0|4454.0|5019.0|32372|28779|4079|15271542.0|11728640.0|1665796.0|1877106.0|256366|2886086|544728|460239|57|154|52|30|674002|248361|121897|629284|2.26|26|2.52|13|112|296|2912.0
202406|CNTY_GU|42|11140|47110000|부산|수원시|역삼동|4115000000|인계동|2|50|0|1|8|824|461|461|187|62879|43248.0|32505.0|12676.0|0.0|40616|29216|9856|19937328.0|14984805.0|5843636.0|0.0|4990092|2777542|143991|365904|109|252|75|3|9075578|8309170|4485246|742070|4.68|7|4.73|146|27|152|189.0
202406|ADM|26|26140|46110000|경기|수원시|역삼동|4413000000|역삼1가|1|65|0|1|10|1100|321|321|76|74737|13929.0|7169.0|4046.0|2714.0|10933|6876|3868|4471209.0|2301249.0|1298766.0|871194.0|1609641|2725450|52949|98088|38|150|94|8|6558661|13295159|4932383|465311|3.67|6|3.34|145|300|151|1800.0
202406|CNTY_GU|26|47110|41150000|서울|성남시|서초동|2811000000|서초1동|2|55|0|2|9|327|72|72|740|27102|14714.0|4523.0|5508.0|4683.0|13319|3537|4651|1059408.0|325656.0|396576.0|337176.0|4428796|2940211|750305|195236|19|32|17|6|3777818|1012875|3358658|214325|5.96|9|1.91|43|25|137|225.0
202406|CNTY_GU|45|27110|26140000|부산|서초구|역삼동|4113000000|역삼1가|2|60|3|2|9|1229|71|71|317|16407|43587.0|17502.0|14112.0|11973.0|31306|17056|11841|3094677.0|1242642.0|1001952.0|850083.0|1516928|1240386|655055|216969|10|30|10|3|8535805|12446681|1051348|425246|5.08|4|3.75|143|201|109|804.0
202406|ADM|26|26110|41150000|서울|수원시|서초동|4611000000|역삼1가|1|50|0|1|5|1467|373|373|284|88254|34715.0|17169.0|5701.0|11845.0|25950|13159|5316|12948695.0|6404037.0|2126473.0|4418185.0|4264595|300686|326885|358901|98|220|99|3|670152|4722835|3315355|1617343|5.99|6|4.28|22|48|3|288.0
202406|CNTY_GU|27|11200|46110000|경기|수원시|서초동|4115000000|서초1동|1|40|1|2|1|741|480|480|2|25517|41807.0|14362.0|6889.0|20556.0|30914|13433|5213|20067360.0|6893760.0|3306720.0|9866880.0|4677463|2754050|995324|38749|71|273|89|24|5179141|1268358|4427958|1367787|2.5|23|3.73|167|10|309|230.0
202406|CNTY_GU|43|28110|26140000|서울|성남시|인계동|1111000000|인계동|2|40|0|1|2|682|321|321|214|89771|16307.0|7253.0|5207.0|3847.0|12524|6430|4955|5234547.0|2328213.0|1671447.0|1234887.0|1433037|485132|146005|101413|32|166|79|14|2912366|10126253|878537|325457|7.34|22|1.12|94|44|241|968.0
202406|ADM|11|41130|41150000|경기|강남구|인계동|4111000000|인계동|2|45|2|2|2|292|196|196|765|86935|21013.0|14458.0|2530.0|4025.0|17596|13792|1801|4118548.0|2833768.0|495880.0|788900.0|3276728|2052506|820214|90895|42|116|37|0|3577538|7673373|2990792|1456309|3.87|18|2.98|19|391|372|7038.0
202406|CNTY_GU|45|43110|11170000|대구|수원시|인계동|4311000000|서초1동|2|60|1|2|4|559|211|211|501|46953|49884.0|29858.0|10796.0|9230.0|41182|27279|8636|10525524.0|6300038.0|2277956.0|1947530.0|2495341|76139|31656|371959|27|108|30|18|8478846|8026036|4601998|1194959|7.82|20|3.29|115|480|162|9600.0
202406|CNTY_GU|43|11200|11140000|부산|수원시|역삼동|4611000000|인계동|1|20|0|1|7|1591|340|340|527|94981|5146.0|1850.0|607.0|2689.0|3849|1298|466|1749640.0|629000.0|206380.0|914260.0|4579666|432126|743817|63381|100|172|84|14|6699200|1176958|1107232|203614|2.44|3|4.73|116|429|290|1287.0
202406|ADM|42|46110|44130000|부산|수원시|서초동|1111000000|역삼1가|1|60|2|1|1|1419|51|51|983|97422|2191.0|967.0|396.0|828.0|1920|727|369|111741.0|49317.0|20196.0|42228.0|2868912|2265425|144049|164435|14|20|12|1|6656518|6727622|4803624|503184|7.26|1|2.75|170|206|34|206.0
202406|ADM|26|46110|42110000|대구|성남시|인계동|4711000000|서초1동|1|45|1|2|8|1872|218|218|995|22568|40539.0|26677.0|11007.0|2855.0|32247|20886|9102|8837502.0|5815586.0|2399526.0|622390.0|1375239|2019067|888463|31123|28|102|50|7|2507526|18103338|4022444|1619999|7.59|31|3.48|117|333|286|10323.0
202406|ADM|11|47110|27110000|인천|서초구|인계동|4111000000|역삼1가|2|30|3|2|2|1061|41|41|878|62273|26630.0|17380.0|3903.0|5347.0|19664|13154|2853|1091830.0|712580.0|160023.0|219227.0|1524994|2129818|69072|33386|8|17|10|0|8806732|3516739|3057332|1278247|3.2|2|4.93|154|355|454|710.0
202406|ADM|46|11140|41150000|인천|서초구|역삼동|4211000000|서초1동|2|40|2|1|4|1878|169|169|875|58864|19251.0|6486.0|4543.0|8222.0|16184|5835|3641|3253419.0|1096134.0|767767.0|1389518.0|4608301|2348812|306433|253882|22|76|41|15|879463|14641446|709177|1281523|7.15|21|4.35|89|62|231|1302.0
202406|ADM|44|41150|47110000|인천|수원시|인계동|4115000000|서초1동|2|55|3|2|10|1175|281|281|997|26386|38156.0|27932.0|4225.0|5999.0|29332|26388|3596|10721836.0|7848892.0|1187225.0|1685719.0|4500350|2224873|670997|279161|52|126|47|22|6251733|1997554|4602312|360080|5.32|4|1.16|168|379|247|1516.0
202406|PRVNC|42|11200|42110000|경기|수원시|역삼동|1111000000|서초1동|1|40|1|1|2|1695|426|426|172|66932|45431.0|26071.0|18145.0|1215.0|34672|21984|17807|19353606.0|11106246.0|7729770.0|517590.0|139542|2217577|152752|80363|64|197|74|11|7500429|12542825|143915|515356|5.29|10|1.87|66|42|286|420.0
202406|CNTY_GU|26|11140|46110000|대구|성남시|역삼동|1117000000|역삼1가|2|40|1|2|2|1633|65|65|717|23294|3393.0|1810.0|888.0|695.0|3275|1611|722|220545.0|117650.0|57720.0|45175.0|2229578|1358782|149397|483633|12|27|14|5|475569|16861419|953329|854391|6.45|2|4.22|160|107|352|214.0
202406|ADM|27|26110|11200000|대구|서초구|역삼동|1120000000|인계동|1|60|2|2|2|945|83|83|470|31432|41408.0|21694.0|12652.0|7062.0|34306|17849|10408|3436864.0|1800602.0|1050116.0|586146.0|2865144|454570|278757|383996|14|43|22|3|2352175|10425746|2811375|1783762|5.44|11|1.04|116|10|489|110.0
202406|ADM|42|41150|47110000|인천|수원시|역삼동|4511000000|인계동|1|45|0|1|5|293|319|319|421|80622|44333.0|16626.0|12278.0|15429.0|32434|15955|11215|14142227.0|5303694.0|3916682.0|4921851.0|3948033|1954030|197577|296158|53|181|84|21|6340122|6230696|2302376|1497241|4.32|42|2.47|38|355|80|14910.0
202406|PRVNC|44|11110|46110000|대구|수원시|인계동|2611000000|인계동|1|40|0|1|5|274|475|475|549|58221|2532.0|791.0|632.0|1109.0|2224|662|564|1202700.0|375725.0|300200.0|526775.0|4388006|593694|516683|128479|112|228|117|20|6715427|18518434|4230365|1473668|5.0|63|2.48|156|241|125|15183.0
202406|CNTY_GU|45|43110|41130000|인천|성남시|서초동|2711000000|역삼1가|2|40|1|2|1|1916|124|124|111|37243|34633.0|20119.0|10854.0|3660.0|29649|19744|10614|4294492.0|2494756.0|1345896.0|453840.0|2431541|139958|117999|159808|29|60|19|2|4310497|15480951|3530025|435025|7.57|2|3.85|98|78|153|156.0
202406|ADM|47|26140|44130000|부산|서초구|역삼동|2611000000|서초1동|1|40|3|2|1|473|378|378|911|23142|15605.0|9047.0|5827.0|731.0|14723|7706|5768|5898690.0|3419766.0|2202606.0|276318.0|3270105|146712|543209|441941|44|215|99|28|9789390|4431177|2229334|378544|4.57|41|3.93|65|84|442|3444.0
202406|CNTY_GU|41|11170|41110000|서울|서초구|역삼동|1111000000|역삼1가|1|65|3|1|1|569|122|122|173|71812|6934.0|2407.0|1951.0|2576.0|6592|1905|1437|845948.0|293654.0|238022.0|314272.0|1858948|1500005|958164|418175|22|52|31|1|4811632|17810571|377378|1404392|4.83|5|1.01|97|337|368|1685.0
202406|CNTY_GU|47|47110|26110000|부산|서초구|인계동|4211000000|인계동|2|55|3|2|10|1917|3|3|447|86995|39484.0|15577.0|6757.0|17150.0|35676|11669|5180|118452.0|46731.0|20271.0|51450.0|2403678|1330538|951244|472136|0|1|0|0|3693315|7259950|2470906|1868823|7.17|0|3.91|122|0|121|0.0
202406|CNTY_GU|41|11110|47110000|서울|강남구|인계동|2614000000|역삼1가|2|35|2|1|1|1561|168|168|39|80909|20020.0|15905.0|7638.0|0.0|16240|11332|6783|3363360.0|2672040.0|1283184.0|0.0|3878827|841423|886741|410922|34|88|28|0|5288276|12109418|225498|460906|6.68|20|3.74|121|398|260|7960.0
202406|ADM|45|41150|45110000|인천|서초구|역삼동|1117000000|인계동|1|60|2|2|9|1014|223|223|939|35026|170.0|83.0|57.0|30.0|165|70|41|37910.0|18509.0|12711.0|6690.0|235846|2019485|102468|482038|34|120|37|7|7425600|19666705|2103493|570321|3.73|24|1.94|119|135|270|3240.0
202406|ADM|47|46110|11110000|인천|강남구|인계동|4111000000|인계동|1|40|1|2|5|153|114|114|489|84866|5654.0|3245.0|1374.0|1035.0|4842|3143|1239|644556.0|369930.0|156636.0|117990.0|1795450|112854|85198|81739|13|56|30|0|478501|17385588|673487|201975|3.82|0|1.53|140|0|404|0.0
202406|ADM|46|11110|26110000|부산|성남시|역삼동|4211000000|서초1동|1|55|2|2|6|1118|322|322|575|81219|19667.0|15284.0|4612.0|0.0|15548|11602|3780|6332774.0|4921448.0|1485064.0|0.0|262927|1600692|950225|448168|90|185|32|2|2005546|868221|2383715|1781127|6.71|5|2.33|27|192|17|960.0
202406|CNTY_GU|43|41150|28110000|대구|서초구|서초동|2811000000|역삼1가|2|30|0|2|10|1202|96|96|591|37033|26833.0|19083.0|7627.0|123.0|24398|14934|6179|2575968.0|1831968.0|732192.0|11808.0|2831350|205705|237818|184415|13|42|27|4|8909640|1789669|1791509|1807046|5.44|12|3.23|174|425|297|5100.0
202406|CNTY_GU|42|11200|26140000|서울|강남구|서초동|4111000000|역삼1가|1|45|3|1|6|1044|436|436|658|13484|41031.0|18761.0|8516.0|13754.0|34282|18281|7936|17889516.0|8179796.0|3712976.0|5996744.0|2901885|1366191|257021|19800|51|195|63|20|896323|1398863|23249|1435021|7.66|44|4.34|44|38|190|1672.0
202406|CNTY_GU|43|11140|46110000|서울|수원시|역삼동|2811000000|역삼1가|1|35|0|1|4|662|335|335|52|85045|8393.0|5569.0|1899.0|925.0|7309|4960|1604|2811655.0|1865615.0|636165.0|309875.0|4169683|256588|53433|40474|76|158|78|18|8007384|6258897|4467950|845406|3.23|41|3.71|172|289|292|11849.0
202406|CNTY_GU|11|42110|41110000|인천|강남구|역삼동|2611000000|서초1동|2|20|0|2|3|726|171|171|157|78708|30725.0|18706.0|8892.0|3127.0|28938|15665|7842|5253975.0|3198726.0|1520532.0|534717.0|4739754|1982665|899613|179556|45|85|27|7|2412456|11718710|179318|331170|3.41|15|1.95|133|141|393|2115.0
202406|CNTY_GU|46|47110|28110000|서울|서초구|역삼동|1120000000|서초1동|2|30|0|1|8|1831|121|121|121|91882|24838.0|15419.0|2996.0|6423.0|23300|12123|2671|3005398.0|1865699.0|362516.0|777183.0|4854647|2857941|625803|457084|24|63|25|5|9049286|18016438|3661684|1932333|4.24|8|1.16|125|404|297|3232.0
202406|ADM|43|46110|11200000|부산|성남시|역삼동|4413000000|서초1동|2|35|0|1|7|1549|179|179|55|10528|2098.0|757.0|509.0|832.0|1548|621|378|375542.0|135503.0|91111.0|148928.0|3386825|549568|549731|2390|51|81|22|15|1819904|9240314|1903749|1729913|4.66|4|3.38|23|417|178|1668.0
202406|ADM|44|28110|26140000|인천|서초구|서초동|1111000000|역삼1가|1|30|1|2|2|935|81|81|475|55133|31796.0|14026.0|8212.0|9558.0|26339|12819|6103|2575476.0|1136106.0|665172.0|774198.0|2814880|2149185|791047|435843|10|42|23|1|767758|12318469|1672141|412273|4.73|6|3.89|145|17|194|102.0
202406|ADM|27|28110|45110000|부산|서초구|서초동|4111000000|역삼1가|1|70|2|2|8|356|471|471|529|88555|22544.0|16302.0|4354.0|1888.0|22052|15014|3156|10618224.0|7678242.0|2050734.0|889248.0|4036619|906331|381982|253658|115|282|49|24|4854760|117057|1416550|250103|3.89|27|4.86|161|92|110|2484.0
202406|CNTY_GU|46|45110|28110000|경기|성남시|서초동|4611000000|서초1동|2|40|0|2|9|209|264|264|794|41700|13480.0|7877.0|3645.0|1958.0|13410|7629|3042|3558720.0|2079528.0|962280.0|516912.0|4616897|2367254|279140|106190|58|153|52|20|2022557|488491|440950|1120410|4.55|24|2.76|54|421|127|10104.0
202406|ADM|26|45110|45110000|인천|수원시|서초동|4711000000|서초1동|1|40|0|2|10|967|259|259|833|43637|19500.0|6175.0|4783.0|8542.0|13752|4894|4611|5050500.0|1599325.0|1238797.0|2212378.0|1482835|734640|118301|268003|75|115|32|6|4492018|12225585|278921|544879|7.65|22|1.4|163|259|259|5698.0
202406|PRVNC|47|41150|43110000|부산|성남시|인계동|1111000000|역삼1가|2|60|2|1|9|1412|446|446|363|45951|329.0|206.0|70.0|53.0|328|183|62|146734.0|91876.0|31220.0|23638.0|1473934|6481|834603|214015|52|244|112|33|1731080|10617558|132585|417831|2.39|47|4.24|137|34|13|1598.0
202406|ADM|41|47110|43110000|부산|성남시|역삼동|2614000000|인계동|1|55|1|2|10|905|243|243|630|94123|21651.0|9347.0|5315.0|6989.0|17012|8903|4562|5261193.0|2271321.0|1291545.0|1698327.0|4935276|1182915|391403|137856|43|129|52|4|3692225|13824515|4797351|818629|6.08|14|1.03|148|222|212|3108.0
202406|ADM|45|45110|28110000|서울|서초구|인계동|1120000000|서초1동|2|40|0|2|3|1322|222|222|205|43076|39854.0|14386.0|5161.0|20307.0|30022|12907|4959|8847588.0|3193692.0|1145742.0|4508154.0|1745719|1812929|555265|493952|32|110|28|9|8219659|13479321|2296229|945655|5.57|26|1.88|55|184|153|4784.0
202406|CNTY_GU|11|11110|44130000|인천|서초구|역삼동|4611000000|인계동|1|30|0|1|10|160|81|81|87|31066|29129.0|14189.0|9709.0|5231.0|26396|11567|6866|2359449.0|1149309.0|786429.0|423711.0|3193509|2947900|162829|879|16|47|17|4|6281176|19412260|460815|321424|5.27|9|3.38|128|151|39|1359.0
202406|CNTY_GU|26|41150|41130000|서울|서초구|인계동|2811000000|서초1동|1|60|0|2|6|1148|44|44|208|49253|1244.0|434.0|210.0|600.0|871|353|207|54736.0|19096.0|9240.0|26400.0|57706|923068|4946|110776|9|18|4|1|130967|634323|4051550|1604568|6.18|4|2.62|140|426|43|1704.0
202406|CNTY_GU|46|11110|27110000|부산|수원시|역삼동|1114000000|서초1동|2|55|3|1|7|632|351|351|818|89991|26495.0|20150.0|6545.0|0.0|21190|14963|5335|9299745.0|7072650.0|2297295.0|0.0|1181449|2735422|338067|420840|73|155|40|29|5937562|14483805|3516912|448307|4.26|24|1.0|165|74|320|1776.0
202406|ADM|44|11200|26110000|서울|강남구|역삼동|1111000000|인계동|1|50|0|2|3|519|191|191|842|60017|19335.0|11626.0|7578.0|131.0|18011|8891|5524|3692985.0|2220566.0|1447398.0|25021.0|689293|2466400|81645|191738|27|79|47|13|9443090|9951480|2532698|1295324|4.91|11|2.94|174|460|157|5060.0
202406|PRVNC|44|11200|26110000|부산|강남구|역삼동|4115000000|서초1동|2|25|2|2|7|1153|1|1|912|77657|18288.0|7470.0|2582.0|8236.0|15525|5382|1941|18288.0|7470.0|2582.0|8236.0|4494244|2411251|308602|350895|0|0|0|0|8362978|18326070|4998607|883360|4.11|0|2.0|171|0|416|0.0
202406|CNTY_GU|43|26110|41110000|서울|강남구|서초동|4711000000|인계동|2|65|0|2|6|461|383|383|575|17873|5542.0|3111.0|711.0|1720.0|4063|2814|513|2122586.0|1191513.0|272313.0|658760.0|4728376|120467|693163|86578|75|204|109|21|7468996|9301311|3466452|807662|5.13|54|4.05|118|277|393|14958.0
202406|ADM|27|26110|47110000|서울|강남구|서초동|1111000000|서초1동|1|30|0|1|6|1973|274|274|888|56050|13256.0|8449.0|4948.0|0.0|11006|8262|3781|3632144.0|2315026.0|1355752.0|0.0|1443328|246244|564167|401084|43|110|80|2|437901|510342|3205190|1802490|5.32|24|1.55|176|50|87|1200.0
202406|ADM|44|27110|42110000|대구|서초구|서초동|4611000000|역삼1가|2|40|0|1|10|1089|235|235|652|66266|5929.0|3600.0|1338.0|991.0|4610|3430|1130|1393315.0|846000.0|314430.0|232885.0|1814168|2715466|623128|157587|32|120|63|22|738642|6772409|4361166|1778633|6.85|31|2.02|107|117|446|3627.0
202406|CNTY_GU|11|41130|26110000|대구|강남구|역삼동|4111000000|서초1동|2|30|1|1|4|608|57|57|725|79769|16357.0|8324.0|4613.0|3420.0|14532|6984|3410|932349.0|474468.0|262941.0|194940.0|2900678|2133969|847065|217162|15|29|9|3|5992808|14861942|3187280|1100847|3.68|4|1.59|26|179|446|716.0
202406|ADM|27|42110|41130000|부산|성남시|서초동|4211000000|서초1동|2|55|0|1|10|1023|380|380|666|57332|46784.0|24639.0|12920.0|9225.0|44149|22065|10098|17777920.0|9362820.0|4909600.0|3505500.0|2198574|1170285|947597|435994|106|174|109|25|2148685|8241395|1064547|1417183|2.38|45|4.37|54|434|349|19530.0
202406|ADM|42|41130|11200000|부산|수원시|역삼동|4711000000|인계동|2|60|1|1|5|1605|163|163|716|91360|2449.0|1708.0|909.0|0.0|1938|1318|697|399187.0|278404.0|148167.0|0.0|4217560|1443282|283468|55622|19|65|48|2|9470012|19974015|3888970|248468|6.64|24|3.9|95|162|325|3888.0
202406|CNTY_GU|46|11110|26110000|부산|수원시|인계동|4511000000|역삼1가|1|30|3|2|10|1915|27|27|899|64286|1023.0|634.0|305.0|84.0|786|478|271|27621.0|17118.0|8235.0|2268.0|286150|1346702|846168|189787|6|14|7|2|4019680|7028776|1052758|1260046|5.4|0|4.84|12|0|344|0.0
202406|ADM|47|41130|45110000|부산|성남시|역삼동|4211000000|서초1동|1|30|2|1|9|427|453|453|858|63331|48618.0|29747.0|12108.0|6763.0|44505|22627|11903|22023954.0|13475391.0|5484924.0|3063639.0|295515|1644362|23963|290715|83|253|126|22|756340|14456639|596489|1029578|2.87|51|4.21|27|485|189|24735.0
202406|ADM|47|11170|26140000|서울|서초구|역삼동|4111000000|서초1동|2|35|0|1|8|1407|21|21|560|89603|9958.0|4339.0|3730.0|1889.0|7313|3925|3462|209118.0|91119.0|78330.0|39669.0|1799296|789317|750857|27003|4|9|4|1|6869055|15620669|1817807|1535602|5.47|0|3.19|137|0|63|0.0
202406|CNTY_GU|27|28110|44130000|부산|강남구|서초동|2711000000|역삼1가|1|70|3|1|3|761|77|77|488|62852|48061.0|19927.0|19162.0|8972.0|46748|16217|18906|3700697.0|1534379.0|1475474.0|690844.0|2196076|632643|783625|173491|15|41|20|4|216824|10510066|537277|1724992|5.88|2|3.05|110|128|396|256.0
