기준연월|고객행정구역분류시도코드|고객행정구역분류시군구코드|고객행정구역분류코드|고객법정동코드|고객행정구역분류시도명|고객행정구역분류시군구명|고객행정구역분류명|고객법정동명|통합카드아파트단지코드|통합카드아파트단지명|연평균소득금액|통합카드성별코드|통합카드10세단위연령코드|영화관심비율|건강관심비율|게임관심비율|골프관심비율|독서관심비율|레저관심비율|뷰티관심비율|쇼핑관심비율|애완동물관심비율|여행관심비율|예술관심비율|온라인쇼핑관심비율|육아관심비율|식도락관심비율|자동차관심비율
202411|43|27110|41130000|4511000000|서울|수원시|역삼동|역삼1동|APT1494|힐스테이트|12459|1|5|0.017|0.181|0.047|0.005|0.223|0.03|0.007|0.042|0.03|0.115|0.061|0.095|0.038|0.08|0.03
202411|27|45110|11110000|2611000000|부산|수원시|인계동|서초1동|APT6310|래미안|10532|2|3|0.083|0.133|0.092|0.074|0.037|0.015|0.007|0.022|0.182|0.012|0.037|0.024|0.159|0.091|0.033
202411|41|43110|26140000|1114000000|경기|강남구|인계동|서초1동|APT6716|래미안|2876|2|3|0.046|0.476|0.001|0.025|0.011|0.003|0.022|0.045|0.067|0.012|0.015|0.139|0.053|0.068|0.017
202411|46|42110|41150000|2614000000|경기|강남구|인계동|서초1동|APT4096|래미안|5785|2|4|0.004|0.02|0.022|0.031|0.034|0.003|0.046|0.221|0.118|0.047|0.176|0.014|0.069|0.024|0.17
202411|26|41150|42110000|4511000000|인천|강남구|인계동|서초1동|APT5528|푸르지오|2976|2|4|0.005|0.027|0.025|0.157|0.028|0.12|0.013|0.017|0.041|0.089|0.11|0.038|0.262|0.015|0.052
202411|26|47110|26110000|2711000000|서울|수원시|역삼동|역삼1동|APT1631|힐스테이트|15991|1|4|0.001|0.004|0.041|0.022|0.076|0.034|0.098|0.002|0.042|0.27|0.035|0.027|0.12|0.101|0.128
202411|27|44130|41150000|1114000000|서울|성남시|서초동|역삼1동|APT9227|자이|18849|2|2|0.082|0.104|0.124|0.282|0.028|0.047|0.016|0.02|0.055|0.056|0.022|0.016|0.02|0.071|0.057
202411|41|41150|42110000|4511000000|부산|수원시|인계동|서초1동|APT8406|래미안|17775|1|4|0.067|0.041|0.034|0.033|0.03|0.163|0.232|0.0|0.034|0.019|0.077|0.07|0.132|0.029|0.038
202411|46|26140|28110000|1120000000|부산|서초구|인계동|서초1동|APT5437|힐스테이트|5208|2|4|0.113|0.076|0.087|0.02|0.021|0.005|0.033|0.052|0.114|0.067|0.012|0.166|0.053|0.052|0.13
202411|27|11170|11200000|4413000000|부산|성남시|서초동|서초1동|APT4556|자이|10398|1|4|0.051|0.027|0.077|0.048|0.104|0.008|0.132|0.149|0.008|0.012|0.173|0.075|0.052|0.064|0.019
202411|26|41130|11140000|4413000000|경기|서초구|역삼동|역삼1동|APT7792|푸르지오|8302|1|5|0.059|0.026|0.123|0.019|0.094|0.006|0.134|0.011|0.004|0.142|0.109|0.056|0.066|0.143|0.008
202411|44|11170|11110000|4115000000|경기|강남구|인계동|서초1동|APT3832|래미안|2734|2|4|0.116|0.01|0.096|0.094|0.038|0.241|0.026|0.026|0.001|0.101|0.016|0.05|0.172|0.007|0.007
202411|26|47110|27110000|2811000000|경기|강남구|역삼동|역삼1동|APT6089|힐스테이트|6376|2|3|0.014|0.024|0.037|0.064|0.025|0.01|0.009|0.077|0.136|0.039|0.033|0.105|0.136|0.03|0.26
202411|42|41150|26110000|1117000000|부산|서초구|인계동|역삼1동|APT9196|힐스테이트|12117|1|6|0.144|0.044|0.013|0.223|0.013|0.039|0.136|0.076|0.043|0.117|0.058|0.037|0.003|0.013|0.04
202411|43|41130|41110000|2711000000|인천|수원시|서초동|서초1동|APT4190|자이|17389|1|3|0.077|0.045|0.209|0.107|0.078|0.032|0.049|0.049|0.016|0.025|0.175|0.011|0.056|0.019|0.052
202411|42|43110|46110000|1120000000|서울|성남시|서초동|서초1동|APT9536|푸르지오|19885|x|4|0.017|0.081|0.014|0.021|0.148|0.065|0.032|0.158|0.019|0.015|0.069|0.074|0.026|0.188|0.073
202411|46|11170|11170000|4113000000|경기|강남구|역삼동|역삼1동|APT2728|푸르지오|11780|2|4|0.075|0.086|0.024|0.026|0.038|0.024|0.058|0.044|0.075|0.017|0.163|0.007|0.052|0.068|0.241
202411|26|11110|11140000|1120000000|인천|수원시|역삼동|역삼1동|APT6895|푸르지오|7883|2|4|0.039|0.101|0.039|0.165|0.128|0.042|0.03|0.024|0.076|0.027|0.131|0.027|0.006|0.008|0.157
202411|46|26110|26110000|4611000000|부산|수원시|서초동|서초1동|APT3159|푸르지오|19312|1|5|0.002|0.135|0.117|0.105|0.014|0.076|0.043|0.032|0.034|0.23|0.013|0.023|0.074|0.01|0.091
202411|44|26140|41150000|4311000000|인천|서초구|서초동|서초1동|APT8262|래미안|4287|1|5|0.069|0.288|0.003|0.012|0.016|0.11|0.039|0.053|0.128|0.01|0.023|0.032|0.041|0.003|0.171
202411|46|44130|45110000|2711000000|서울|강남구|역삼동|역삼1동|APT4267|래미안|3205|2|4|0.149|0.213|0.057|0.012|0.011|0.02|0.041|0.069|0.076|0.022|0.033|0.158|0.11|0.002|0.027
202411|43|41150|41130000|4311000000|부산|강남구|서초동|역삼1동|APT6659|자이|12441|2|5|0.012|0.098|0.012|0.19|0.247|0.053|0.003|0.1|0.203|0.007|0.024|0.005|0.005|0.011|0.03
202411|45|26110|43110000|4711000000|인천|수원시|역삼동|서초1동|APT4548|자이|19367|1|6|0.223|0.104|0.094|0.012|0.039|0.048|0.012|0.001|0.026|0.121|0.158|0.002|0.018|0.085|0.057
202411|44|41110|11200000|2614000000|경기|강남구|인계동|역삼1동|APT9448|자이|14100|1|4|0.071|0.011|0.063|0.008|0.17|0.002|0.034|0.017|0.017|0.005|0.077|0.191|0.241|0.004|0.088
202411|41|41130|44130000|1120000000|경기|서초구|역삼동|서초1동|APT8306|푸르지오|6725|2|4|0.143|0.03|0.05|0.014|0.078|0.086|0.077|0.168|0.073|0.063|0.017|0.01|0.04|0.083|0.07
202411|43|45110|44130000|2811000000|경기|서초구|서초동|서초1동|APT6093|자이|18576|1|6|0.002|0.029|0.032|0.228|0.124|0.037|0.05|0.023|0.086|0.021|0.088|0.118|0.06|0.004|0.097
202411|46|11140|44130000|2614000000|인천|성남시|인계동|서초1동|APT3607|래미안|7409|2|3|0.001|0.175|0.006|0.091|0.017|0.038|0.073|0.023|0.049|0.156|0.0|0.164|0.118|0.054|0.035
202411|46|11140|44130000|4113000000|인천|서초구|인계동|서초1동|APT3277|자이|15001|2|4|0.023|0.051|0.007|0.007|0.027|0.005|0.137|0.059|0.22|0.026|0.01|0.209|0.014|0.052|0.152
202411|26|26140|28110000|4311000000|경기|서초구|역삼동|역삼1동|APT4336|자이|16904|1|5|0.219|0.224|0.022|0.015|0.036|0.018|0.002|0.024|0.084|0.019|0.116|0.104|0.083|0.018|0.013
202411|44|46110|44130000|1120000000|인천|성남시|역삼동|서초1동|APT2652|힐스테이트|9364|1|6|0.109|0.023|0.027|0.047|0.204|0.018|0.049|0.071|0.038|0.042|0.025|0.053|0.16|0.072|0.062
202411|45|28110|44130000|1117000000|경기|강남구|역삼동|역삼1동|APT5577|자이|7533|1|6|0.016|0.142|0.023|0.12|0.067|0.111|0.022|0.024|0.039|0.009|0.234|0.02|0.06|0.024|0.087
202411|27|11140|26110000|4711000000|서울|서초구|역삼동|서초1동|APT4161|힐스테이트|4702|1|6|0.019|0.06|0.051|0.023|0.023|0.033|0.116|0.019|0.011|0.019|0.014|0.201|0.013|0.284|0.114
202411|45|11140|41110000|2611000000|인천|수원시|역삼동|역삼1동|APT5071|푸르지오|8994|2|4|0.016|0.034|0.066|0.039|0.166|0.007|0.08|0.029|0.141|0.064|0.063|0.021|0.184|0.015|0.076
202411|41|41110|47110000|2614000000|부산|성남시|인계동|서초1동|APT1593|자이|11266|1|2|0.257|0.034|0.017|0.001|0.039|0.042|0.004|0.039|0.088|0.138|0.204|0.016|0.007|0.049|0.067
202411|27|42110|11110000|1120000000|부산|강남구|역삼동|역삼1동|APT8745|힐스테이트|3527|2|5|0.19|0.029|0.045|0.077|0.165|0.059|0.024|0.039|0.008|0.023|0.154|0.015|0.06|0.093|0.019
202411|26|11200|27110000|4711000000|부산|강남구|서초동|역삼1동|APT8702|푸르지오|18771|1|2|0.064|0.105|0.021|0.054|0.0|0.165|0.179|0.116|0.004|0.015|0.072|0.007|0.067|0.037|0.093
202411|47|11110|44130000|1117000000|부산|서초구|서초동|역삼1동|APT5177|푸르지오|18553|1|5|0.031|0.204|0.025|0.022|0.02|0.112|0.005|0.065|0.028|0.042|0.1|0.155|0.061|0.081|0.049
202411|41|42110|28110000|1117000000|부산|서초구|서초동|역삼1동|APT9026|자이|3312|2|6|0.132|0.082|0.025|0.027|0.107|0.043|0.176|0.074|0.004|0.112|0.006|0.006|0.081|0.003|0.122
202411|26|41110|42110000|2711000000|인천|성남시|서초동|역삼1동|APT1472|힐스테이트|16787|1|4|0.017|0.143|0.255|0.079|0.05|0.034|0.006|0.065|0.007|0.026|0.047|0.099|0.058|0.065|0.049
202411|46|27110|28110000|1120000000|경기|성남시|서초동|서초1동|APT1611|힐스테이트|16019|2|3|0.116|0.007|0.07|0.02|0.012|0.057|0.018|0.075|0.152|0.126|0.012|0.047|0.094|0.027|0.166
202411|42|11140|45110000|2611000000|경기|서초구|역삼동|서초1동|APT4949|힐스테이트|8683|2|6|0.012|0.084|0.042|0.014|0.119|0.113|0.018|0.039|0.032|0.345|0.025|0.063|0.03|0.052|0.011
202411|44|42110|47110000|1120000000|인천|서초구|서초동|서초1동|APT5779|힐스테이트|7436|2|5|0.131|0.002|0.021|0.033|0.118|0.024|0.116|0.074|0.022|0.167|0.066|0.008|0.001|0.076|0.141
202411|45|11200|28110000|4111000000|경기|수원시|인계동|역삼1동|APT5679|푸르지오|4148|1|5|0.042|0.079|0.048|0.041|0.15|0.049|0.023|0.111|0.059|0.021|0.031|0.063|0.027|0.018|0.239
202411|43|26110|26140000|4311000000|경기|강남구|역삼동|서초1동|APT2029|힐스테이트|14404|2|3|0.072|0.043|0.105|0.132|0.031|0.005|0.022|0.049|0.06|0.051|0.09|0.004|0.041|0.071|0.222
202411|44|44130|28110000|2711000000|인천|성남시|역삼동|역삼1동|APT8914|자이|11997|1|5|0.211|0.008|0.087|0.028|0.023|0.011|0.075|0.185|0.097|0.005|0.075|0.1|0.056|0.018|0.02
202411|42|26140|43110000|4711000000|부산|강남구|역삼동|서초1동|APT5463|래미안|19152|1|6|0.02|0.14|0.015|0.121|0.017|0.101|0.011|0.015|0.114|0.001|0.001|0.301|0.063|0.023|0.057
202411|26|11140|43110000|2614000000|경기|서초구|서초동|서초1동|APT5660|힐스테이트|6951|2|5|0.111|0.01|0.117|0.097|0.011|0.027|0.031|0.016|0.028|0.019|0.034|0.046|0.073|0.362|0.018
202411|42|28110|42110000|4511000000|경기|수원시|인계동|서초1동|APT2906|래미안|6442|x|6|0.024|0.178|0.033|0.042|0.26|0.008|0.008|0.016|0.148|0.033|0.081|0.066|0.009|0.087|0.006
202411|43|28110|46110000|2711000000|경기|수원시|서초동|역삼1동|APT6892|푸르지오|3407|2|6|0.024|0.025|0.006|0.006|0.053|0.05|0.015|0.104|0.062|0.014|0.007|0.354|0.245|0.006|0.028
202411|46|26140|11200000|1111000000|인천|성남시|역삼동|서초1동|APT2775|래미안|4114|1|3|0.022|0.025|0.058|0.016|0.039|0.177|0.048|0.021|0.027|0.069|0.037|0.139|0.184|0.044|0.094
202411|44|47110|11200000|4311000000|경기|서초구|서초동|역삼1동|APT8258|푸르지오|11951|1|6|0.042|0.053|0.021|0.025|0.016|0.049|0.012|0.039|0.022|0.004|0.234|0.205|0.207|0.025|0.045
202411|27|11110|41110000|1120000000|부산|수원시|인계동|역삼1동|APT2257|푸르지오|18815|1|4|0.008|0.017|0.081|0.017|0.035|0.138|0.054|0.028|0.042|0.094|0.045|0.145|0.14|0.128|0.029
202411|41|43110|43110000|4211000000|경기|수원시|역삼동|역삼1동|APT4225|힐스테이트|3065|1|2|0.155|0.001|0.009|0.076|0.007|0.146|0.048|0.13|0.0|0.048|0.061|0.16|0.039|0.084|0.037
202411|27|44130|41130000|4115000000|경기|성남시|서초동|서초1동|APT2756|힐스테이트|11552|2|6|0.126|0.231|0.002|0.005|0.135|0.012|0.014|0.005|0.149|0.041|0.001|0.075|0.096|0.096|0.014
202411|45|44130|42110000|4311000000|서울|성남시|역삼동|서초1동|APT6099|래미안|8799|2|6|0.047|0.002|0.02|0.016|0.03|0.038|0.159|0.038|0.048|0.17|0.177|0.03|0.03|0.014|0.18
202411|42|11110|41110000|4113000000|서울|서초구|역삼동|역삼1동|APT8788|힐스테이트|16806|2|5|0.01|0.03|0.3|0.074|0.025|0.058|0.088|0.036|0.084|0.044|0.013|0.001|0.131|0.062|0.043
202411|43|41130|41110000|4113000000|부산|강남구|인계동|역삼1동|APT1472|푸르지오|4200|1|3|0.033|0.041|0.008|0.018|0.112|0.138|0.031|0.081|0.063|0.076|0.175|0.051|0.089|0.073|0.012
202411|41|45110|27110000|4211000000|경기|성남시|인계동|역삼1동|APT8809|푸르지오|18856|2|4|0.216|0.025|0.054|0.053|0.043|0.017|0.01|0.052|0.052|0.099|0.03|0.035|0.053|0.226|0.035
202411|43|41130|41150000|2711000000|경기|서초구|인계동|서초1동|APT3437|자이|17716|2|5|0.047|0.07|0.066|0.082|0.004|0.019|0.052|0.037|0.007|0.03|0.142|0.13|0.039|0.27|0.005
202411|45|11200|44130000|2611000000|인천|서초구|서초동|서초1동|APT5839|자이|17269|2|5|0.201|0.094|0.014|0.136|0.08|0.047|0.048|0.041|0.045|0.054|0.026|0.056|0.022|0.045|0.089
202411|11|26110|41150000|2611000000|경기|성남시|역삼동|역삼1동|APT6290|자이|4979|2|5|0.092|0.11|0.124|0.146|0.009|0.058|0.114|0.083|0.006|0.054|0.022|0.026|0.01|0.06|0.088
202411|41|42110|41150000|4413000000|경기|수원시|인계동|역삼1동|APT2447|푸르지오|3380|1|4|0.018|0.145|0.024|0.063|0.153|0.132|0.061|0.072|0.154|0.044|0.0|0.057|0.023|0.019|0.034
202411|26|27110|46110000|4611000000|서울|강남구|인계동|서초1동|APT5059|힐스테이트|4472|2|2|0.008|0.047|0.041|0.032|0.034|0.036|0.068|0.08|0.061|0.107|0.02|0.14|0.148|0.027|0.151
202411|41|47110|44130000|2711000000|경기|수원시|역삼동|서초1동|APT3385|힐스테이트|9116|2|3|0.157|0.063|0.033|0.05|0.045|0.239|0.046|0.035|0.016|0.007|0.05|0.031|0.052|0.103|0.074
202411|44|41130|41150000|4711000000|부산|수원시|역삼동|역삼1동|APT7497|래미안|17787|2|4|0.182|0.002|0.074|0.062|0.048|0.057|0.078|0.088|0.002|0.05|0.034|0.003|0.21|0.047|0.064
202411|47|28110|41150000|2611000000|인천|서초구|역삼동|서초1동|APT1288|푸르지오|3329|2|5|0.162|0.039|0.019|0.163|0.014|0.079|0.059|0.146|0.016|0.034|0.118|0.052|0.043|0.013|0.045
202411|41|41110|41110000|4611000000|인천|성남시|역삼동|서초1동|APT4995|푸르지오|13483|2|6|0.017|0.059|0.186|0.009|0.133|0.072|0.107|0.144|0.057|0.071|0.044|0.031|0.02|0.032|0.019
202411|46|11200|11200000|1120000000|인천|성남시|인계동|서초1동|APT4637|래미안|14740|2|5|0.027|0.018|0.068|0.038|0.02|0.154|0.008|0.043|0.141|0.114|0.097|0.201|0.001|0.006|0.064
202411|26|41130|26140000|1114000000|경기|성남시|역삼동|역삼1동|APT3443|푸르지오|4520|x|4|0.04|0.128|0.187|0.062|0.022|0.039|0.159|0.079|0.015|0.035|0.082|0.07|0.002|0.055|0.025
202411|46|41130|47110000|2811000000|부산|수원시|역삼동|역삼1동|APT6142|래미안|10848|2|4|0.001|0.089|0.288|0.06|0.029|0.028|0.001|0.0|0.04|0.052|0.043|0.116|0.068|0.02|0.166
202411|11|45110|26140000|2711000000|서울|서초구|인계동|역삼1동|APT4275|래미안|2696|2|2|0.06|0.221|0.183|0.003|0.002|0.062|0.1|0.06|0.068|0.065|0.013|0.083|0.04|0.009|0.03
202411|47|41110|41110000|2614000000|경기|서초구|인계동|서초1동|APT4035|푸르지오|19295|x|4|0.117|0.03|0.012|0.118|0.063|0.072|0.066|0.173|0.013|0.035|0.15|0.015|0.043|0.059|0.034
202411|26|11200|41110000|4115000000|인천|서초구|역삼동|서초1동|APT6961|힐스테이트|2469|1|3|0.082|0.049|0.053|0.094|0.032|0.071|0.146|0.159|0.046|0.132|0.043|0.049|0.016|0.002|0.025
202411|41|11170|43110000|2611000000|경기|성남시|서초동|역삼1동|APT3576|래미안|11521|1|6|0.055|0.071|0.001|0.204|0.002|0.025|0.016|0.102|0.072|0.006|0.039|0.02|0.263|0.031|0.094
202411|26|11140|11200000|2711000000|부산|서초구|인계동|역삼1동|APT1654|힐스테이트|3437|1|4|0.027|0.025|0.017|0.093|0.032|0.01|0.343|0.154|0.059|0.001|0.049|0.029|0.092|0.067|0.004
202411|45|11200|47110000|4113000000|서울|서초구|역삼동|서초1동|APT4059|래미안|11828|1|2|0.008|0.071|0.03|0.016|0.011|0.003|0.129|0.114|0.104|0.216|0.068|0.034|0.094|0.099|0.002
202411|27|47110|28110000|1117000000|서울|성남시|역삼동|역삼1동|APT7382|자이|8229|1|2|0.022|0.027|0.005|0.003|0.019|0.075|0.112|0.001|0.038|0.367|0.009|0.041|0.035|0.058|0.189
202411|41|11110|11140000|2614000000|인천|강남구|서초동|역삼1동|APT5062|힐스테이트|3216|1|4|0.082|0.014|0.117|0.128|0.026|0.078|0.015|0.087|0.13|0.06|0.043|0.049|0.07|0.095|0.006
202411|41|43110|47110000|2711000000|부산|수원시|인계동|서초1동|APT3178|자이|18850|1|5|0.011|0.121|0.122|0.013|0.002|0.025|0.168|0.012|0.017|0.217|0.05|0.003|0.0|0.174|0.064
202411|42|11200|11170000|4711000000|서울|강남구|서초동|역삼1동|APT6894|힐스테이트|19145|1|3|0.014|0.087|0.002|0.165|0.018|0.011|0.056|0.031|0.056|0.025|0.197|0.087|0.141|0.052|0.059
202411|44|11170|42110000|2614000000|인천|서초구|서초동|서초1동|APT8070|자이|19313|2|5|0.078|0.049|0.076|0.05|0.073|0.236|0.004|0.058|0.044|0.106|0.061|0.129|0.008|0.028|0.001
202411|27|41150|46110000|4211000000|경기|수원시|역삼동|역삼1동|APT6798|힐스테이트|14774|1|3|0.072|0.062|0.004|0.031|0.165|0.139|0.033|0.028|0.06|0.078|0.083|0.04|0.024|0.004|0.178
202411|42|47110|41130000|4611000000|서울|수원시|인계동|역삼1동|APT1331|래미안|6536|1|3|0.017|0.171|0.074|0.006|0.021|0.043|0.18|0.026|0.082|0.105|0.008|0.034|0.129|0.023|0.081
202411|45|11110|41150000|2614000000|경기|수원시|인계동|서초1동|APT6901|래미안|13368|2|4|0.042|0.174|0.094|0.011|0.022|0.037|0.009|0.23|0.031|0.013|0.058|0.03|0.146|0.011|0.094
202411|47|26110|47110000|4211000000|서울|수원시|역삼동|역삼1동|APT9827|자이|19190|x|2|0.109|0.098|0.049|0.018|0.08|0.048|0.023|0.1|0.059|0.002|0.091|0.232|0.031|0.055|0.006
202411|47|11140|42110000|4711000000|경기|서초구|인계동|역삼1동|APT2996|힐스테이트|4170|2|3|0.034|0.09|0.001|0.009|0.04|0.051|0.042|0.038|0.009|0.122|0.241|0.044|0.09|0.086|0.104
202411|46|11170|45110000|1114000000|인천|서초구|서초동|역삼1동|APT3463|자이|2259|2|6|0.049|0.001|0.008|0.215|0.015|0.007|0.028|0.016|0.214|0.09|0.188|0.019|0.06|0.087|0.002
202411|41|41110|11170000|2811000000|경기|수원시|역삼동|역삼1동|APT3922|자이|5217|1|4|0.024|0.025|0.025|0.008|0.061|0.157|0.154|0.011|0.143|0.099|0.033|0.124|0.085|0.04|0.01
202411|47|11140|45110000|1114000000|인천|서초구|역삼동|역삼1동|APT2652|힐스테이트|11062|2|4|0.034|0.051|0.058|0.201|0.02|0.117|0.089|0.094|0.0|0.06|0.065|0.053|0.071|0.077|0.008
202411|45|41150|28110000|4413000000|경기|강남구|역삼동|역삼1동|APT3660|자이|8365|1|5|0.13|0.079|0.034|0.072|0.015|0.103|0.178|0.063|0.014|0.062|0.115|0.015|0.01|0.054|0.055
202411|47|11200|42110000|1117000000|부산|성남시|서초동|역삼1동|APT4997|자이|6586|1|6|0.164|0.032|0.016|0.059|0.034|0.075|0.071|0.102|0.028|0.039|0.045|0.042|0.007|0.121|0.163
202411|46|11110|26110000|4113000000|경기|강남구|서초동|서초1동|APT2756|래미안|9593|2|4|0.105|0.101|0.185|0.056|0.028|0.034|0.03|0.031|0.135|0.011|0.03|0.016|0.124|0.085|0.03
202411|46|43110|43110000|4115000000|서울|강남구|역삼동|역삼1동|APT6654|힐스테이트|14499|1|4|0.067|0.03|0.141|0.078|0.177|0.038|0.128|0.023|0.074|0.003|0.041|0.028|0.032|0.012|0.126
202411|11|41130|43110000|1120000000|경기|수원시|인계동|서초1동|APT7191|자이|4135|x|5|0.164|0.012|0.047|0.011|0.212|0.061|0.07|0.038|0.135|0.027|0.048|0.037|0.006|0.058|0.075
202411|11|11140|44130000|4115000000|서울|강남구|서초동|역삼1동|APT2299|푸르지오|2875|1|5|0.069|0.015|0.054|0.013|0.08|0.036|0.007|0.126|0.016|0.142|0.049|0.059|0.086|0.049|0.201
202411|43|11200|11200000|4115000000|서울|서초구|역삼동|서초1동|APT1724|래미안|11723|1|3|0.034|0.049|0.065|0.009|0.032|0.015|0.062|0.1|0.074|0.065|0.056|0.183|0.131|0.026|0.099
202411|11|43110|28110000|4311000000|인천|강남구|역삼동|역삼1동|APT3533|푸르지오|15625|1|6|0.007|0.011|0.16|0.166|0.135|0.049|0.093|0.111|0.059|0.088|0.006|0.076|0.027|0.009|0.002
202411|27|41130|41110000|4211000000|서울|서초구|서초동|서초1동|APT8978|자이|6677|2|5|0.264|0.018|0.029|0.016|0.012|0.14|0.008|0.187|0.062|0.006|0.039|0.016|0.119|0.033|0.053
202411|27|47110|42110000|4211000000|부산|수원시|인계동|역삼1동|APT9323|힐스테이트|16732|x|2|0.133|0.025|0.023|0.063|0.028|0.098|0.052|0.056|0.19|0.004|0.004|0.241|0.034|0.016|0.032
202411|47|41110|41130000|2614000000|인천|강남구|인계동|서초1동|APT5956|푸르지오|8411|1|6|0.106|0.044|0.064|0.104|0.025|0.015|0.068|0.074|0.015|0.137|0.001|0.032|0.007|0.235|0.072
202411|26|26110|27110000|2614000000|부산|강남구|서초동|역삼1동|APT5582|래미안|19383|2|3|0.026|0.146|0.094|0.025|0.057|0.01|0.005|0.046|0.029|0.152|0.147|0.053|0.15|0.035|0.025
202411|26|26110|45110000|1111000000|경기|성남시|서초동|역삼1동|APT3372|래미안|11343|1|6|0.028|0.153|0.012|0.03|0.197|0.05|0.267|0.057|0.016|0.026|0.025|0.018|0.095|0.023|0.004
202411|11|27110|11140000|1120000000|서울|수원시|역삼동|서초1동|APT9697|자이|2259|2|5|0.048|0.013|0.049|0.032|0.024|0.063|0.057|0.026|0.082|0.373|0.021|0.069|0.011|0.121|0.009
202411|42|44130|42110000|2811000000|서울|수원시|인계동|역삼1동|APT1138|래미안|18681|2|6|0.119|0.007|0.016|0.046|0.007|0.009|0.168|0.157|0.058|0.045|0.084|0.018|0.075|0.164|0.028
202411|42|44130|42110000|2711000000|경기|수원시|서초동|서초1동|APT4854|푸르지오|17699|2|4|0.098|0.141|0.036|0.125|0.094|0.036|0.029|0.022|0.019|0.042|0.086|0.087|0.118|0.058|0.007
202411|26|41110|47110000|1111000000|경기|서초구|인계동|서초1동|APT5511|래미안|14291|1|6|0.081|0.024|0.022|0.033|0.119|0.035|0.044|0.057|0.023|0.064|0.343|0.023|0.045|0.015|0.071
202411|41|11170|47110000|2611000000|경기|성남시|역삼동|서초1동|APT6309|푸르지오|16023|1|5|0.022|0.097|0.243|0.004|0.068|0.045|0.019|0.039|0.037|0.021|0.187|0.029|0.12|0.048|0.022
202411|46|43110|42110000|1114000000|서울|서초구|서초동|역삼1동|APT3154|래미안|2946|2|6|0.019|0.023|0.146|0.004|0.004|0.153|0.021|0.035|0.04|0.063|0.183|0.081|0.115|0.068|0.045
202411|27|45110|26140000|4115000000|부산|성남시|역삼동|서초1동|APT7537|자이|19445|1|5|0.036|0.095|0.001|0.005|0.069|0.008|0.243|0.002|0.004|0.038|0.011|0.065|0.096|0.175|0.152
202411|11|42110|41130000|4311000000|서울|서초구|서초동|서초1동|APT2388|푸르지오|10015|2|2|0.062|0.049|0.049|0.014|0.009|0.216|0.027|0.128|0.013|0.048|0.019|0.051|0.006|0.072|0.239
202411|46|41130|41130000|4611000000|인천|강남구|역삼동|서초1동|APT5882|래미안|10197|2|4|0.029|0.052|0.075|0.012|0.006|0.027|0.025|0.058|0.115|0.009|0.096|0.078|0.105|0.252|0.061
202411|41|11140|47110000|4111000000|경기|성남시|인계동|역삼1동|APT9013|자이|9119|2|5|0.01|0.007|0.025|0.028|0.175|0.02|0.113|0.02|0.029|0.013|0.366|0.143|0.007|0.035|0.01
202411|44|11170|41110000|4413000000|인천|성남시|역삼동|역삼1동|APT2628|푸르지오|19776|2|2|0.093|0.079|0.108|0.045|0.05|0.005|0.028|0.147|0.025|0.024|0.123|0.034|0.162|0.03|0.046
202411|46|44130|11140000|1117000000|경기|수원시|인계동|역삼1동|APT2766|자이|4732|1|2|0.006|0.006|0.024|0.277|0.114|0.078|0.021|0.106|0.02|0.092|0.036|0.007|0.114|0.049|0.049
202411|46|45110|47110000|4111000000|경기|서초구|역삼동|역삼1동|APT5751|래미안|16833|2|5|0.002|0.021|0.124|0.004|0.018|0.086|0.091|0.123|0.011|0.065|0.017|0.095|0.229|0.104|0.01
202411|44|11110|11110000|4311000000|서울|성남시|인계동|서초1동|APT2911|자이|3873|2|4|0.106|0.055|0.012|0.011|0.025|0.009|0.091|0.187|0.282|0.043|0.018|0.004|0.086|0.008|0.063
202411|47|42110|44130000|4311000000|인천|강남구|서초동|서초1동|APT1052|래미안|14426|2|4|0.015|0.025|0.02|0.037|0.096|0.17|0.141|0.009|0.084|0.03|0.193|0.053|0.059|0.017|0.052
202411|44|11200|28110000|4111000000|인천|강남구|서초동|역삼1동|APT3314|래미안|9616|2|5|0.043|0.104|0.033|0.014|0.145|0.021|0.0|0.205|0.013|0.133|0.019|0.046|0.084|0.107|0.034
202411|46|26110|27110000|4311000000|인천|강남구|인계동|서초1동|APT8837|힐스테이트|11957|2|6|0.242|0.076|0.074|0.049|0.06|0.009|0.152|0.03|0.089|0.046|0.026|0.024|0.108|0.013|0.002
202411|45|44130|41150000|4413000000|경기|서초구|인계동|역삼1동|APT7189|래미안|18073|1|5|0.033|0.077|0.048|0.016|0.098|0.244|0.042|0.044|0.053|0.007|0.017|0.03|0.131|0.114|0.046
202411|44|46110|46110000|1117000000|부산|서초구|서초동|역삼1동|APT1853|힐스테이트|4847|2|2|0.014|0.071|0.012|0.028|0.159|0.028|0.001|0.042|0.21|0.222|0.097|0.002|0.018|0.086|0.011
202411|11|43110|44130000|1114000000|부산|서초구|인계동|역삼1동|APT3199|자이|19002|1|4|0.011|0.038|0.021|0.17|0.104|0.263|0.014|0.144|0.044|0.029|0.057|0.064|0.027|0.003|0.012
202411|46|43110|46110000|1111000000|서울|서초구|인계동|역삼1동|APT1891|자이|4213|1|6|0.144|0.166|0.003|0.019|0.047|0.009|0.013|0.045|0.226|0.037|0.095|0.05|0.127|0.006|0.013
202411|27|26110|43110000|1117000000|부산|강남구|역삼동|역삼1동|APT2080|래미안|3479|1|6|0.01|0.005|0.054|0.016|0.064|0.034|0.084|0.015|0.014|0.093|0.061|0.113|0.234|0.069|0.132
202411|44|27110|41130000|1117000000|부산|성남시|역삼동|역삼1동|APT1834|푸르지오|10670|2|5|0.036|0.055|0.054|0.295|0.002|0.045|0.021|0.023|0.105|0.065|0.0|0.016|0.008|0.089|0.185
202411|46|46110|11200000|4311000000|경기|강남구|역삼동|역삼1동|APT2428|래미안|5188|x|4|0.037|0.112|0.078|0.002|0.065|0.023|0.129|0.11|0.023|0.054|0.063|0.026|0.08|0.014|0.182
202411|42|47110|45110000|1117000000|서울|강남구|인계동|역삼1동|APT1844|자이|4633|1|3|0.024|0.166|0.041|0.126|0.176|0.106|0.006|0.037|0.09|0.124|0.068|0.009|0.001|0.001|0.026
202411|44|43110|41110000|4413000000|인천|수원시|서초동|역삼1동|APT5492|푸르지오|15290|1|2|0.065|0.266|0.108|0.038|0.026|0.077|0.054|0.018|0.083|0.128|0.019|0.006|0.005|0.042|0.065
202411|46|11170|46110000|4611000000|경기|수원시|역삼동|서초1동|APT1055|힐스테이트|12387|2|2|0.098|0.025|0.006|0.06|0.009|0.009|0.136|0.008|0.013|0.052|0.06|0.315|0.037|0.114|0.059
202411|47|11140|26140000|1114000000|인천|성남시|인계동|서초1동|APT2970|푸르지오|14544|2|5|0.318|0.056|0.001|0.014|0.076|0.147|0.04|0.019|0.078|0.038|0.005|0.017|0.014|0.171|0.005
202411|11|42110|11110000|2614000000|인천|서초구|인계동|역삼1동|APT8100|푸르지오|19013|2|6|0.057|0.025|0.087|0.003|0.11|0.162|0.106|0.054|0.011|0.036|0.023|0.019|0.102|0.146|0.058
202411|47|47110|46110000|2811000000|경기|강남구|인계동|역삼1동|APT4060|자이|11516|2|2|0.103|0.038|0.072|0.221|0.04|0.074|0.045|0.038|0.022|0.001|0.044|0.01|0.011|0.136|0.145
202411|47|28110|43110000|4711000000|경기|성남시|서초동|역삼1동|APT4791|자이|19774|2|6|0.111|0.053|0.073|0.094|0.013|0.033|0.101|0.02|0.106|0.015|0.09|0.178|0.042|0.005|0.065
202411|42|41110|11170000|1114000000|부산|수원시|인계동|서초1동|APT6096|푸르지오|14542|2|4|0.181|0.047|0.014|0.026|0.073|0.01|0.15|0.056|0.129|0.125|0.043|0.087|0.008|0.018|0.033
202411|46|41150|45110000|4311000000|부산|성남시|인계동|서초1동|APT3907|자이|18772|2|6|0.125|0.062|0.02|0.01|0.09|0.041|0.166|0.059|0.076|0.072|0.087|0.005|0.111|0.0|0.076
202411|47|11110|46110000|4311000000|서울|서초구|서초동|서초1동|APT7456|래미안|8347|1|3|0.073|0.008|0.026|0.006|0.122|0.016|0.042|0.296|0.044|0.04|0.004|0.12|0.043|0.104|0.058
202411|41|11170|47110000|4711000000|경기|수원시|서초동|역삼1동|APT4556|래미안|6538|2|4|0.029|0.063|0.082|0.093|0.041|0.026|0.004|0.137|0.027|0.009|0.05|0.162|0.228|0.033|0.019
202411|44|41130|11110000|1114000000|부산|강남구|인계동|역삼1동|APT6625|래미안|10113|2|3|0.026|0.012|0.186|0.11|0.081|0.094|0.057|0.036|0.059|0.007|0.002|0.137|0.11|0.06|0.023
202411|26|11200|26110000|2611000000|인천|수원시|서초동|역삼1동|APT3815|힐스테이트|7810|x|3|0.069|0.018|0.088|0.004|0.024|0.025|0.132|0.027|0.015|0.054|0.32|0.124|0.04|0.007|0.053
202411|26|26140|28110000|2611000000|경기|강남구|역삼동|역삼1동|APT7831|힐스테이트|12684|2|6|0.024|0.074|0.127|0.039|0.148|0.029|0.051|0.031|0.041|0.075|0.069|0.017|0.088|0.183|0.004
202411|47|26110|11200000|4113000000|부산|수원시|역삼동|역삼1동|APT6124|자이|17672|2|4|0.033|0.029|0.002|0.03|0.088|0.017|0.046|0.104|0.158|0.193|0.149|0.049|0.087|0.01|0.005
202411|43|41150|11200000|4311000000|경기|강남구|역삼동|역삼1동|APT7305|힐스테이트|4148|2|6|0.016|0.223|0.007|0.028|0.188|0.013|0.05|0.077|0.013|0.048|0.089|0.049|0.052|0.097|0.051
202411|41|11140|11110000|4611000000|인천|서초구|서초동|역삼1동|APT2821|자이|12064|2|5|0.026|0.014|0.024|0.061|0.148|0.221|0.027|0.148|0.018|0.017|0.11|0.081|0.01|0.051|0.044
202411|26|11140|41110000|1117000000|경기|서초구|인계동|서초1동|APT1625|힐스테이트|18742|x|5|0.017|0.272|0.064|0.021|0.032|0.069|0.033|0.006|0.015|0.016|0.024|0.202|0.102|0.091|0.036
202411|42|41110|26140000|1114000000|서울|성남시|역삼동|역삼1동|APT5037|푸르지오|18359|2|5|0.001|0.084|0.072|0.109|0.079|0.024|0.015|0.038|0.176|0.012|0.152|0.005|0.0|0.08|0.151
202411|44|41130|42110000|2611000000|서울|수원시|서초동|서초1동|APT7581|래미안|19210|2|5|0.051|0.014|0.068|0.123|0.019|0.019|0.017|0.016|0.015|0.195|0.108|0.035|0.08|0.209|0.028
202411|26|26140|42110000|4211000000|인천|강남구|인계동|서초1동|APT9871|래미안|3721|1|2|0.019|0.001|0.067|0.092|0.057|0.192|0.003|0.011|0.094|0.211|0.017|0.111|0.039|0.04|0.046
202411|45|11110|26110000|4711000000|인천|강남구|역삼동|역삼1동|APT2784|래미안|4220|1|6|0.001|0.088|0.017|0.035|0.1|0.037|0.132|0.006|0.042|0.143|0.031|0.088|0.123|0.047|0.109
202411|11|26110|11170000|1114000000|부산|수원시|서초동|서초1동|APT9577|자이|19030|1|4|0.074|0.028|0.03|0.121|0.009|0.023|0.235|0.017|0.048|0.001|0.131|0.099|0.117|0.019|0.049
202411|11|11200|28110000|1117000000|인천|수원시|역삼동|역삼1동|APT6409|푸르지오|16040|2|3|0.068|0.117|0.009|0.253|0.03|0.004|0.077|0.011|0.032|0.072|0.015|0.012|0.018|0.161|0.121
202411|46|46110|26110000|4211000000|부산|서초구|역삼동|역삼1동|APT6950|래미안|5015|1|4|0.003|0.065|0.08|0.014|0.001|0.183|0.008|0.027|0.125|0.18|0.073|0.193|0.006|0.006|0.035
202411|11|41150|47110000|4413000000|부산|성남시|서초동|서초1동|APT5703|래미안|11685|1|6|0.033|0.058|0.028|0.039|0.002|0.272|0.034|0.065|0.037|0.177|0.108|0.006|0.041|0.093|0.007
202411|43|43110|11200000|4311000000|인천|수원시|역삼동|서초1동|APT7424|자이|19304|1|5|0.008|0.087|0.035|0.055|0.049|0.085|0.06|0.24|0.052|0.043|0.072|0.005|0.004|0.19|0.013
202411|26|11170|41110000|2711000000|인천|수원시|인계동|역삼1동|APT3593|힐스테이트|16174|1|5|0.061|0.007|0.097|0.011|0.06|0.01|0.023|0.017|0.097|0.024|0.427|0.015|0.009|0.052|0.089
202411|41|45110|42110000|2811000000|서울|성남시|역삼동|서초1동|APT8506|힐스테이트|14252|2|5|0.123|0.128|0.111|0.026|0.047|0.118|0.084|0.002|0.062|0.067|0.073|0.115|0.005|0.014|0.025
202411|43|11200|26140000|4111000000|부산|강남구|서초동|서초1동|APT1167|래미안|5554|2|2|0.095|0.043|0.018|0.049|0.027|0.104|0.104|0.025|0.009|0.005|0.203|0.067|0.069|0.105|0.078
202411|44|11140|43110000|4711000000|서울|강남구|인계동|서초1동|APT6322|힐스테이트|7085|1|3|0.079|0.037|0.023|0.08|0.029|0.186|0.24|0.004|0.084|0.006|0.042|0.014|0.084|0.07|0.022
202411|46|11140|11110000|4611000000|인천|서초구|역삼동|서초1동|APT9334|래미안|10455|x|4|0.003|0.082|0.043|0.029|0.006|0.171|0.053|0.122|0.118|0.074|0.012|0.073|0.04|0.028|0.146
202411|27|11110|42110000|1117000000|경기|수원시|인계동|서초1동|APT6095|힐스테이트|6368|2|4|0.012|0.004|0.085|0.062|0.049|0.0|0.043|0.024|0.286|0.024|0.002|0.27|0.118|0.013|0.007
202411|42|11110|26140000|1120000000|서울|서초구|인계동|서초1동|APT6412|푸르지오|9237|1|4|0.084|0.076|0.005|0.063|0.002|0.114|0.081|0.189|0.093|0.014|0.036|0.016|0.042|0.085|0.1
202411|47|28110|11110000|1117000000|인천|수원시|서초동|서초1동|APT4027|푸르지오|11105|1|6|0.078|0.191|0.031|0.072|0.098|0.027|0.07|0.026|0.002|0.016|0.326|0.048|0.0|0.014|0.002
202411|27|43110|28110000|2811000000|서울|강남구|인계동|서초1동|APT7235|푸르지오|3089|1|5|0.051|0.0|0.014|0.008|0.021|0.319|0.093|0.069|0.039|0.031|0.029|0.137|0.015|0.171|0.003
202411|41|11200|28110000|4113000000|경기|성남시|서초동|서초1동|APT6639|자이|2900|2|5|0.051|0.102|0.044|0.095|0.004|0.139|0.002|0.007|0.044|0.061|0.062|0.139|0.057|0.123|0.07
202411|11|11110|44130000|2811000000|경기|성남시|역삼동|역삼1동|APT8566|래미안|11737|1|5|0.044|0.027|0.096|0.01|0.129|0.005|0.064|0.153|0.009|0.024|0.023|0.097|0.143|0.008|0.169
202411|27|47110|11170000|4211000000|서울|강남구|서초동|역삼1동|APT6970|자이|3001|2|3|0.062|0.019|0.042|0.014|0.023|0.021|0.155|0.255|0.059|0.098|0.116|0.02|0.028|0.062|0.027
202411|42|28110|41130000|2711000000|인천|서초구|서초동|서초1동|APT9364|자이|9515|2|4|0.188|0.007|0.015|0.026|0.016|0.03|0.175|0.048|0.014|0.074|0.104|0.008|0.253|0.023|0.019
202411|26|26110|26140000|2711000000|부산|성남시|서초동|역삼1동|APT2746|자이|2575|1|5|0.017|0.003|0.05|0.111|0.101|0.068|0.14|0.021|0.022|0.017|0.019|0.051|0.175|0.029|0.176
202411|11|26110|42110000|2811000000|경기|서초구|인계동|서초1동|APT5900|자이|15743|x|5|0.106|0.002|0.027|0.075|0.026|0.096|0.151|0.048|0.012|0.038|0.032|0.048|0.031|0.065|0.242
202411|45|42110|11170000|4111000000|서울|수원시|인계동|역삼1동|APT9714|래미안|12926|2|3|0.03|0.081|0.162|0.017|0.1|0.025|0.052|0.008|0.112|0.183|0.171|0.035|0.004|0.004|0.016
202411|11|47110|45110000|4413000000|경기|성남시|인계동|서초1동|APT5773|힐스테이트|7544|2|6|0.082|0.032|0.004|0.009|0.05|0.009|0.017|0.262|0.001|0.047|0.154|0.124|0.017|0.148|0.044
202411|42|28110|26110000|2711000000|서울|강남구|역삼동|역삼1동|APT7880|푸르지오|2083|1|4|0.063|0.055|0.035|0.084|0.04|0.057|0.042|0.186|0.028|0.125|0.1|0.034|0.117|0.022|0.013
202411|27|28110|11140000|2711000000|서울|성남시|역삼동|서초1동|APT5635|힐스테이트|8678|2|4|0.019|0.008|0.051|0.035|0.008|0.004|0.065|0.004|0.112|0.114|0.117|0.102|0.07|0.053|0.238
202411|42|26140|42110000|4311000000|경기|서초구|인계동|역삼1동|APT5197|힐스테이트|18300|2|3|0.079|0.053|0.032|0.085|0.032|0.018|0.251|0.058|0.001|0.062|0.031|0.019|0.037|0.08|0.161
202411|11|43110|46110000|4413000000|서울|성남시|역삼동|서초1동|APT6042|힐스테이트|8498|2|5|0.072|0.036|0.009|0.07|0.09|0.033|0.009|0.099|0.004|0.05|0.187|0.177|0.01|0.095|0.057
202411|46|26140|41150000|1120000000|서울|서초구|서초동|서초1동|APT5567|푸르지오|7841|1|3|0.071|0.145|0.179|0.043|0.003|0.055|0.106|0.1|0.016|0.008|0.04|0.077|0.029|0.07|0.056
202411|41|45110|26110000|4711000000|부산|강남구|역삼동|역삼1동|APT9621|래미안|2509|1|2|0.061|0.169|0.01|0.041|0.079|0.075|0.019|0.037|0.027|0.029|0.034|0.044|0.075|0.291|0.008
202411|11|44130|27110000|4611000000|인천|서초구|서초동|서초1동|APT4722|푸르지오|11345|2|6|0.162|0.063|0.018|0.041|0.074|0.0|0.086|0.043|0.06|0.096|0.064|0.024|0.064|0.14|0.063
202411|43|26110|26140000|4111000000|서울|수원시|역삼동|역삼1동|APT6211|푸르지오|16030|1|4|0.041|0.081|0.02|0.03|0.02|0.018|0.197|0.017|0.043|0.041|0.001|0.076|0.049|0.068|0.299
202411|43|11170|46110000|4115000000|서울|성남시|인계동|역삼1동|APT7839|자이|16221|2|5|0.013|0.019|0.026|0.179|0.074|0.02|0.046|0.077|0.158|0.012|0.035|0.163|0.095|0.015|0.067
202411|41|46110|26110000|4611000000|경기|강남구|서초동|역삼1동|APT5901|래미안|17616|1|3|0.056|0.154|0.023|0.094|0.048|0.041|0.019|0.047|0.078|0.126|0.178|0.021|0.082|0.005|0.027
202411|43|41110|41150000|4711000000|인천|성남시|서초동|역삼1동|APT7385|힐스테이트|18416|x|3|0.144|0.008|0.065|0.081|0.052|0.221|0.07|0.028|0.034|0.053|0.053|0.013|0.022|0.127|0.028
202411|26|26140|27110000|1120000000|경기|성남시|인계동|서초1동|APT6885|래미안|13334|2|5|0.082|0.098|0.01|0.058|0.1|0.018|0.206|0.073|0.04|0.076|0.06|0.034|0.023|0.087|0.035
202411|44|44130|26140000|4113000000|인천|강남구|인계동|역삼1동|APT6025|래미안|3340|1|3|0.208|0.209|0.004|0.052|0.127|0.062|0.009|0.017|0.125|0.037|0.022|0.059|0.034|0.008|0.027
202411|43|41150|41130000|4511000000|인천|수원시|서초동|서초1동|APT9665|푸르지오|5633|2|2|0.055|0.005|0.034|0.056|0.021|0.011|0.008|0.032|0.198|0.262|0.056|0.023|0.016|0.204|0.018
202411|47|42110|27110000|4511000000|인천|수원시|인계동|역삼1동|APT3854|푸르지오|19883|1|5|0.019|0.146|0.013|0.112|0.044|0.094|0.142|0.029|0.045|0.029|0.059|0.074|0.08|0.031|0.082
202411|43|46110|41150000|4311000000|부산|성남시|인계동|서초1동|APT5004|힐스테이트|15652|2|4|0.027|0.017|0.068|0.009|0.031|0.028|0.022|0.012|0.076|0.239|0.032|0.16|0.154|0.072|0.053
202411|45|26140|41110000|4113000000|서울|성남시|서초동|서초1동|APT7956|힐스테이트|8235|2|6|0.019|0.007|0.019|0.067|0.035|0.022|0.014|0.05|0.052|0.138|0.04|0.322|0.08|0.072|0.064
202411|26|11140|44130000|1111000000|부산|수원시|서초동|서초1동|APT8160|래미안|17688|1|3|0.004|0.228|0.176|0.09|0.055|0.003|0.052|0.139|0.051|0.005|0.045|0.041|0.07|0.018|0.023
202411|46|27110|11140000|2611000000|경기|수원시|역삼동|역삼1동|APT5899|자이|17219|2|5|0.084|0.01|0.004|0.085|0.156|0.005|0.056|0.059|0.121|0.16|0.043|0.102|0.105|0.007|0.003
202411|46|26110|26140000|4611000000|서울|서초구|인계동|서초1동|APT4403|힐스테이트|8981|2|4|0.039|0.002|0.06|0.003|0.117|0.015|0.221|0.016|0.211|0.08|0.033|0.06|0.017|0.016|0.108
202411|42|11140|45110000|4711000000|부산|강남구|인계동|서초1동|APT2830|래미안|17216|2|2|0.004|0.117|0.008|0.028|0.029|0.049|0.019|0.038|0.209|0.017|0.152|0.079|0.204|0.013|0.034
202411|44|44130|43110000|1117000000|인천|성남시|서초동|역삼1동|APT7320|래미안|13273|1|6|0.021|0.055|0.001|0.155|0.127|0.078|0.006|0.041|0.008|0.037|0.223|0.063|0.132|0.035|0.018
202411|11|11200|11200000|4311000000|서울|성남시|역삼동|역삼1동|APT5871|래미안|5659|2|4|0.068|0.011|0.03|0.007|0.013|0.028|0.068|0.144|0.01|0.173|0.172|0.069|0.096|0.036|0.073
202411|44|26140|41130000|4115000000|인천|강남구|인계동|서초1동|APT3823|래미안|3862|2|2|0.082|0.019|0.068|0.1|0.033|0.143|0.009|0.035|0.126|0.025|0.052|0.11|0.004|0.17|0.023
202411|11|11110|26140000|2711000000|부산|강남구|역삼동|역삼1동|APT3811|래미안|16882|1|4|0.042|0.019|0.008|0.114|0.205|0.014|0.057|0.032|0.065|0.066|0.22|0.013|0.042|0.096|0.008
202411|45|43110|43110000|2811000000|경기|강남구|역삼동|서초1동|APT9767|자이|15806|2|4|0.007|0.059|0.051|0.029|0.092|0.108|0.011|0.014|0.055|0.056|0.018|0.172|0.033|0.277|0.02
202411|45|28110|26110000|2614000000|경기|서초구|인계동|서초1동|APT8180|힐스테이트|10600|1|6|0.038|0.059|0.153|0.007|0.037|0.243|0.063|0.125|0.015|0.032|0.01|0.169|0.001|0.033|0.016
202411|43|11170|47110000|4611000000|경기|수원시|역삼동|서초1동|APT6556|자이|14007|2|5|0.294|0.027|0.007|0.061|0.068|0.115|0.046|0.083|0.024|0.017|0.031|0.038|0.029|0.142|0.018
202411|27|11110|47110000|2811000000|서울|수원시|인계동|서초1동|APT3209|자이|9876|2|4|0.04|0.006|0.074|0.05|0.031|0.226|0.034|0.055|0.174|0.054|0.019|0.21|0.021|0.002|0.004
202411|26|27110|41130000|1114000000|인천|강남구|서초동|서초1동|APT8555|자이|5766|1|3|0.006|0.074|0.006|0.022|0.124|0.04|0.127|0.062|0.079|0.056|0.015|0.024|0.064|0.233|0.07
202411|11|47110|42110000|1111000000|부산|서초구|인계동|서초1동|APT7061|힐스테이트|3845|2|3|0.106|0.002|0.163|0.045|0.123|0.117|0.049|0.109|0.038|0.039|0.01|0.04|0.109|0.019|0.031
202411|44|43110|44130000|4511000000|부산|수원시|인계동|서초1동|APT9002|힐스테이트|19274|2|4|0.032|0.002|0.065|0.274|0.013|0.082|0.114|0.061|0.012|0.065|0.073|0.058|0.002|0.103|0.044
202411|42|41110|42110000|1114000000|서울|수원시|인계동|서초1동|APT8657|자이|9672|1|3|0.033|0.051|0.047|0.236|0.049|0.013|0.001|0.05|0.123|0.049|0.02|0.003|0.148|0.126|0.052
202411|11|11140|28110000|2614000000|서울|서초구|서초동|역삼1동|APT9059|푸르지오|15493|x|6|0.092|0.012|0.308|0.016|0.001|0.02|0.092|0.088|0.016|0.037|0.121|0.07|0.01|0.081|0.038
202411|41|11140|41150000|1117000000|부산|성남시|서초동|서초1동|APT9997|래미안|5282|2|5|0.092|0.006|0.11|0.075|0.07|0.04|0.026|0.063|0.055|0.006|0.055|0.137|0.064|0.014|0.189
202411|45|11170|45110000|1117000000|경기|강남구|역삼동|역삼1동|APT9710|래미안|19009|2|3|0.127|0.014|0.005|0.198|0.013|0.085|0.085|0.027|0.133|0.021|0.063|0.023|0.009|0.006|0.191
202411|47|41110|41150000|4111000000|서울|서초구|서초동|서초1동|APT8121|힐스테이트|16602|2|4|0.023|0.101|0.013|0.147|0.073|0.044|0.169|0.024|0.023|0.056|0.227|0.014|0.027|0.009|0.049
202411|43|11110|11140000|4113000000|경기|강남구|역삼동|서초1동|APT5605|푸르지오|5896|1|3|0.016|0.01|0.053|0.053|0.013|0.079|0.209|0.016|0.139|0.041|0.193|0.06|0.095|0.018|0.006
202411|41|44130|46110000|2811000000|서울|서초구|인계동|역삼1동|APT1211|자이|11165|1|4|0.015|0.031|0.19|0.006|0.011|0.027|0.011|0.132|0.006|0.186|0.028|0.21|0.018|0.091|0.038
202411|27|28110|28110000|4111000000|경기|수원시|인계동|역삼1동|APT8272|힐스테이트|11388|2|6|0.043|0.13|0.061|0.174|0.056|0.037|0.016|0.053|0.068|0.193|0.029|0.012|0.083|0.025|0.022
202411|47|41130|41150000|1114000000|경기|서초구|역삼동|역삼1동|APT4513|래미안|6815|1|4|0.004|0.151|0.022|0.086|0.035|0.044|0.234|0.035|0.047|0.0|0.026|0.062|0.035|0.179|0.039
202411|44|47110|42110000|4113000000|서울|성남시|인계동|서초1동|APT7345|힐스테이트|10748|2|2|0.16|0.117|0.034|0.015|0.005|0.094|0.073|0.1|0.125|0.026|0.001|0.03|0.074|0.082|0.063
202411|26|42110|41150000|4311000000|경기|서초구|인계동|서초1동|APT4183|자이|13937|2|2|0.076|0.102|0.097|0.036|0.136|0.002|0.063|0.232|0.018|0.024|0.04|0.039|0.078|0.035|0.024
202411|44|27110|26140000|4111000000|인천|서초구|서초동|역삼1동|APT1873|자이|7357|2|6|0.012|0.14|0.07|0.047|0.089|0.011|0.053|0.009|0.004|0.098|0.096|0.124|0.054|0.001|0.192
202411|43|44130|41130000|1117000000|서울|강남구|인계동|역삼1동|APT3051|푸르지오|11073|2|5|0.027|0.115|0.059|0.083|0.022|0.181|0.177|0.115|0.054|0.05|0.044|0.024|0.041|0.004|0.002
202411|42|46110|11140000|2614000000|서울|서초구|인계동|역삼1동|APT4975|힐스테이트|16093|2|3|0.029|0.037|0.067|0.208|0.049|0.04|0.24|0.026|0.009|0.014|0.083|0.091|0.011|0.054|0.04
202411|42|44130|11170000|4113000000|서울|서초구|서초동|역삼1동|APT6651|래미안|7675|1|3|0.075|0.184|0.105|0.051|0.212|0.05|0.047|0.038|0.012|0.011|0.053|0.054|0.076|0.01|0.021
202411|11|44130|47110000|4611000000|인천|성남시|서초동|역삼1동|APT6070|힐스테이트|9186|1|2|0.062|0.016|0.244|0.104|0.134|0.021|0.008|0.138|0.024|0.07|0.017|0.034|0.037|0.05|0.04
202411|47|28110|43110000|1114000000|부산|수원시|서초동|서초1동|APT6996|래미안|5887|1|5|0.004|0.044|0.082|0.058|0.089|0.165|0.019|0.005|0.08|0.043|0.005|0.073|0.236|0.089|0.008
202411|11|28110|11140000|4113000000|인천|수원시|역삼동|서초1동|APT4264|래미안|10161|2|5|0.017|0.026|0.042|0.078|0.037|0.118|0.03|0.101|0.179|0.022|0.002|0.131|0.118|0.059|0.039
202411|27|43110|46110000|4511000000|부산|수원시|서초동|역삼1동|APT9219|자이|13477|2|5|0.002|0.038|0.058|0.004|0.187|0.162|0.061|0.174|0.015|0.047|0.081|0.138|0.007|0.022|0.003
202411|26|46110|26140000|1117000000|경기|성남시|인계동|역삼1동|APT9045|자이|19437|1|5|0.015|0.044|0.056|0.06|0.023|0.156|0.025|0.174|0.012|0.035|0.212|0.014|0.081|0.07|0.022
202411|26|43110|11140000|1114000000|인천|수원시|서초동|역삼1동|APT1097|푸르지오|13320|1|3|0.145|0.086|0.146|0.128|0.013|0.0|0.083|0.069|0.036|0.015|0.086|0.111|0.038|0.036|0.008
202411|26|42110|27110000|1117000000|경기|성남시|인계동|서초1동|APT3443|자이|18017|1|2|0.026|0.006|0.073|0.092|0.119|0.025|0.043|0.005|0.065|0.04|0.087|0.085|0.233|0.077|0.025
202411|27|11110|42110000|4115000000|부산|서초구|서초동|서초1동|APT3961|푸르지오|11312|1|3|0.057|0.006|0.101|0.018|0.018|0.01|0.139|0.041|0.099|0.132|0.053|0.095|0.031|0.15|0.049
202411|42|44130|42110000|2611000000|경기|강남구|서초동|서초1동|APT8807|푸르지오|13848|1|3|0.055|0.005|0.052|0.057|0.055|0.012|0.046|0.289|0.092|0.079|0.1|0.106|0.004|0.012|0.035
202411|46|11110|46110000|4711000000|경기|성남시|역삼동|역삼1동|APT7173|힐스테이트|8678|2|4|0.027|0.032|0.028|0.104|0.043|0.008|0.101|0.125|0.016|0.317|0.005|0.072|0.009|0.067|0.045
202411|42|11110|26110000|1120000000|서울|서초구|인계동|서초1동|APT2227|힐스테이트|9722|1|5|0.128|0.012|0.147|0.047|0.008|0.044|0.003|0.145|0.033|0.017|0.141|0.07|0.151|0.007|0.046
202411|46|43110|44130000|1117000000|서울|성남시|역삼동|역삼1동|APT8911|푸르지오|9542|2|6|0.003|0.116|0.012|0.224|0.023|0.043|0.235|0.027|0.011|0.054|0.143|0.063|0.003|0.043|0.0
202411|42|43110|43110000|2811000000|경기|서초구|서초동|서초1동|APT1771|자이|2654|1|5|0.004|0.022|0.064|0.013|0.101|0.101|0.055|0.221|0.003|0.025|0.08|0.106|0.015|0.08|0.111
202411|41|26110|41150000|2611000000|서울|수원시|인계동|서초1동|APT7134|푸르지오|12272|1|3|0.139|0.012|0.061|0.167|0.027|0.102|0.038|0.094|0.006|0.035|0.119|0.045|0.092|0.047|0.013
202411|43|11110|41130000|4211000000|경기|수원시|서초동|역삼1동|APT2658|자이|7967|2|4|0.158|0.071|0.034|0.076|0.062|0.038|0.034|0.123|0.034|0.02|0.095|0.08|0.059|0.061|0.055
202411|11|11170|43110000|4511000000|경기|강남구|인계동|서초1동|APT1031|자이|19288|1|5|0.026|0.303|0.032|0.007|0.115|0.008|0.006|0.09|0.022|0.034|0.015|0.016|0.028|0.065|0.233
202411|11|41150|43110000|1120000000|인천|강남구|역삼동|역삼1동|APT1608|푸르지오|8770|1|6|0.012|0.074|0.006|0.151|0.034|0.034|0.083|0.038|0.144|0.022|0.124|0.13|0.064|0.021|0.061
202411|46|45110|11170000|4413000000|부산|강남구|인계동|서초1동|APT2984|래미안|12654|2|2|0.059|0.129|0.0|0.079|0.026|0.027|0.03|0.108|0.004|0.002|0.245|0.026|0.122|0.119|0.022
202411|27|11170|41110000|1114000000|경기|서초구|역삼동|역삼1동|APT9071|래미안|15262|1|2|0.249|0.064|0.049|0.043|0.16|0.067|0.06|0.117|0.017|0.004|0.035|0.077|0.019|0.022|0.014
202411|27|26110|11110000|4113000000|부산|강남구|서초동|서초1동|APT5300|자이|7632|1|5|0.043|0.03|0.062|0.024|0.031|0.047|0.034|0.193|0.194|0.077|0.108|0.019|0.023|0.116|0.001
202411|27|27110|41150000|2611000000|서울|수원시|서초동|역삼1동|APT6619|푸르지오|4825|1|3|0.148|0.064|0.057|0.101|0.073|0.047|0.11|0.015|0.004|0.125|0.051|0.1|0.014|0.074|0.017
202411|42|42110|45110000|4111000000|서울|서초구|역삼동|역삼1동|APT9506|푸르지오|6946|1|6|0.063|0.052|0.012|0.052|0.027|0.15|0.166|0.026|0.065|0.094|0.006|0.129|0.048|0.083|0.025
202411|45|41110|45110000|4311000000|인천|강남구|인계동|역삼1동|APT7805|래미안|8314|1|5|0.17|0.046|0.176|0.042|0.019|0.167|0.05|0.109|0.024|0.038|0.029|0.022|0.026|0.012|0.07
202411|43|11110|41110000|1117000000|인천|서초구|역삼동|역삼1동|APT1916|힐스테이트|2590|2|4|0.113|0.037|0.088|0.009|0.01|0.003|0.043|0.106|0.111|0.094|0.031|0.05|0.161|0.059|0.085
202411|43|11170|11110000|2811000000|부산|강남구|역삼동|역삼1동|APT7495|푸르지오|8500|1|4|0.071|0.191|0.087|0.02|0.061|0.011|0.12|0.012|0.051|0.005|0.03|0.049|0.21|0.055|0.028
202411|45|43110|41130000|4211000000|인천|수원시|역삼동|서초1동|APT6265|자이|11373|1|3|0.233|0.019|0.068|0.051|0.019|0.128|0.018|0.001|0.017|0.05|0.116|0.048|0.089|0.025|0.12
202411|42|44130|11110000|4113000000|경기|수원시|역삼동|서초1동|APT9426|래미안|17602|1|3|0.039|0.088|0.072|0.047|0.04|0.155|0.017|0.041|0.016|0.027|0.019|0.136|0.136|0.024|0.144
202411|46|41130|27110000|4511000000|서울|성남시|인계동|역삼1동|APT4484|푸르지오|7119|2|6|0.09|0.022|0.03|0.012|0.049|0.261|0.116|0.031|0.021|0.039|0.023|0.085|0.139|0.056|0.025
202411|44|41130|11200000|4511000000|경기|수원시|인계동|서초1동|APT3651|래미안|3806|1|4|0.036|0.02|0.229|0.165|0.022|0.019|0.111|0.03|0.018|0.023|0.035|0.118|0.077|0.015|0.082
202411|44|11110|42110000|4111000000|인천|수원시|인계동|역삼1동|APT2012|자이|7259|2|4|0.114|0.035|0.015|0.001|0.126|0.049|0.029|0.074|0.06|0.173|0.027|0.022|0.062|0.112|0.101
202411|26|44130|26140000|2611000000|서울|강남구|역삼동|역삼1동|APT3572|힐스테이트|17107|1|6|0.079|0.069|0.217|0.003|0.01|0.046|0.06|0.158|0.007|0.038|0.046|0.004|0.111|0.075|0.077
202411|45|45110|42110000|4711000000|서울|서초구|서초동|역삼1동|APT4370|자이|17696|2|5|0.295|0.054|0.058|0.199|0.031|0.057|0.008|0.02|0.029|0.083|0.006|0.032|0.007|0.108|0.013
202411|45|41130|11170000|4611000000|인천|성남시|역삼동|서초1동|APT6247|힐스테이트|15729|2|6|0.052|0.07|0.04|0.038|0.054|0.205|0.042|0.023|0.05|0.086|0.029|0.082|0.034|0.072|0.121
202411|46|47110|45110000|2611000000|부산|성남시|인계동|역삼1동|APT4991|자이|10530|1|5|0.072|0.102|0.012|0.028|0.006|0.141|0.179|0.015|0.039|0.046|0.001|0.025|0.003|0.021|0.309
202411|26|42110|26110000|1117000000|경기|서초구|서초동|서초1동|APT2092|푸르지오|16972|1|6|0.217|0.037|0.058|0.047|0.008|0.13|0.119|0.048|0.052|0.027|0.035|0.019|0.153|0.046|0.005
202411|27|11110|41150000|4711000000|경기|서초구|인계동|서초1동|APT8372|힐스테이트|19698|2|6|0.016|0.001|0.047|0.076|0.002|0.104|0.069|0.07|0.025|0.119|0.064|0.15|0.155|0.013|0.089
202411|47|47110|46110000|1117000000|서울|수원시|서초동|역삼1동|APT8610|자이|7698|2|6|0.287|0.004|0.043|0.016|0.149|0.053|0.066|0.106|0.008|0.061|0.104|0.0|0.046|0.036|0.021
202411|43|45110|11170000|4413000000|부산|성남시|역삼동|역삼1동|APT9099|힐스테이트|5497|1|5|0.093|0.006|0.117|0.001|0.076|0.008|0.129|0.114|0.006|0.143|0.025|0.031|0.006|0.239|0.008
202411|11|41150|26140000|2611000000|서울|수원시|서초동|서초1동|APT9903|자이|7731|1|5|0.132|0.128|0.032|0.127|0.14|0.009|0.109|0.061|0.052|0.066|0.052|0.031|0.059|0.0|0.003
202411|27|41150|26110000|2614000000|인천|서초구|인계동|서초1동|APT1656|자이|19784|x|4|0.064|0.034|0.085|0.208|0.12|0.02|0.045|0.073|0.037|0.14|0.028|0.036|0.008|0.068|0.033
202411|43|42110|26110000|2811000000|인천|서초구|서초동|서초1동|APT9176|푸르지오|15819|2|4|0.017|0.066|0.014|0.061|0.054|0.086|0.041|0.008|0.074|0.075|0.056|0.036|0.216|0.19|0.004
202411|11|45110|41150000|1117000000|경기|수원시|서초동|역삼1동|APT3231|푸르지오|5780|2|4|0.031|0.028|0.146|0.085|0.019|0.017|0.008|0.116|0.057|0.087|0.007|0.07|0.186|0.123|0.021
202411|44|43110|41150000|2611000000|부산|성남시|서초동|역삼1동|APT8755|힐스테이트|3050|2|6|0.139|0.042|0.031|0.055|0.043|0.005|0.017|0.09|0.212|0.085|0.052|0.071|0.09|0.064|0.004
202411|43|41150|44130000|4113000000|부산|강남구|역삼동|역삼1동|APT7373|푸르지오|9312|1|4|0.04|0.081|0.021|0.059|0.05|0.065|0.037|0.04|0.022|0.231|0.01|0.121|0.02|0.111|0.09
202411|43|11200|26140000|4511000000|경기|성남시|역삼동|역삼1동|APT9471|자이|11200|x|6|0.062|0.007|0.04|0.024|0.002|0.009|0.044|0.079|0.096|0.038|0.11|0.138|0.053|0.065|0.233
202411|42|11170|46110000|2811000000|경기|성남시|역삼동|서초1동|APT2584|힐스테이트|18564|1|3|0.035|0.036|0.186|0.149|0.137|0.037|0.032|0.093|0.015|0.115|0.018|0.057|0.023|0.029|0.038
202411|27|26110|41130000|4311000000|경기|성남시|역삼동|서초1동|APT9680|힐스테이트|18228|2|3|0.005|0.065|0.011|0.034|0.111|0.113|0.01|0.035|0.013|0.159|0.252|0.091|0.065|0.016|0.021
202411|43|26140|45110000|1117000000|부산|성남시|서초동|서초1동|APT8150|자이|19669|x|6|0.007|0.01|0.158|0.057|0.152|0.202|0.016|0.052|0.122|0.038|0.004|0.017|0.04|0.03|0.095
202411|42|41150|41110000|4413000000|부산|수원시|인계동|역삼1동|APT6975|힐스테이트|14093|2|4|0.059|0.029|0.117|0.002|0.007|0.249|0.043|0.028|0.084|0.154|0.006|0.142|0.008|0.055|0.019
202411|46|26140|11200000|4413000000|경기|수원시|서초동|서초1동|APT4328|힐스테이트|13079|2|4|0.018|0.058|0.026|0.049|0.016|0.024|0.004|0.256|0.023|0.003|0.083|0.049|0.125|0.011|0.255
202411|27|11170|47110000|4115000000|서울|성남시|인계동|서초1동|APT2796|래미안|3518|2|2|0.105|0.012|0.156|0.059|0.066|0.049|0.066|0.245|0.045|0.004|0.019|0.007|0.021|0.008|0.137
202411|11|26110|41110000|4511000000|경기|서초구|역삼동|서초1동|APT1606|래미안|15402|1|5|0.041|0.048|0.029|0.043|0.014|0.045|0.008|0.005|0.024|0.018|0.112|0.414|0.056|0.031|0.113
202411|46|42110|41130000|2611000000|인천|수원시|서초동|역삼1동|APT9004|래미안|7141|1|6|0.26|0.08|0.025|0.007|0.044|0.024|0.075|0.069|0.026|0.045|0.09|0.006|0.092|0.082|0.074
202411|26|11200|28110000|4113000000|인천|서초구|역삼동|서초1동|APT5553|래미안|2978|2|4|0.051|0.1|0.097|0.12|0.059|0.02|0.008|0.058|0.074|0.05|0.014|0.075|0.083|0.068|0.124
202411|41|43110|11110000|4711000000|서울|서초구|인계동|역삼1동|APT7587|푸르지오|16242|2|5|0.073|0.005|0.389|0.025|0.062|0.028|0.07|0.026|0.003|0.008|0.026|0.115|0.099|0.015|0.056
202411|42|28110|44130000|4113000000|인천|서초구|인계동|서초1동|APT5098|푸르지오|14650|1|5|0.052|0.045|0.001|0.009|0.036|0.145|0.018|0.171|0.07|0.13|0.027|0.083|0.041|0.022|0.148
202411|45|11140|46110000|2614000000|부산|서초구|역삼동|서초1동|APT2940|자이|14668|2|5|0.066|0.004|0.248|0.042|0.082|0.017|0.041|0.009|0.078|0.118|0.029|0.002|0.183|0.079|0.001
202411|45|28110|11110000|4211000000|인천|성남시|인계동|역삼1동|APT2970|푸르지오|10820|2|4|0.084|0.006|0.07|0.028|0.18|0.051|0.001|0.108|0.022|0.08|0.028|0.126|0.024|0.133|0.058
202411|46|41130|43110000|4115000000|경기|수원시|인계동|서초1동|APT8641|래미안|13421|1|4|0.053|0.337|0.068|0.037|0.056|0.031|0.013|0.003|0.01|0.031|0.144|0.007|0.042|0.056|0.112
202411|27|11200|11200000|1111000000|서울|수원시|서초동|역삼1동|APT8385|자이|3471|2|3|0.008|0.028|0.003|0.003|0.085|0.119|0.087|0.024|0.057|0.025|0.026|0.189|0.064|0.092|0.19
202411|43|42110|41110000|2711000000|경기|수원시|인계동|역삼1동|APT4755|자이|3155|1|6|0.03|0.15|0.012|0.036|0.085|0.012|0.132|0.087|0.034|0.014|0.054|0.166|0.02|0.051|0.116
202411|26|41110|43110000|2711000000|부산|수원시|인계동|서초1동|APT1087|푸르지오|19106|2|4|0.189|0.036|0.002|0.068|0.058|0.099|0.076|0.003|0.001|0.17|0.007|0.147|0.004|0.074|0.065
202411|45|41130|28110000|1111000000|경기|수원시|서초동|역삼1동|APT7284|자이|6270|1|2|0.005|0.111|0.178|0.087|0.001|0.018|0.062|0.007|0.028|0.063|0.028|0.116|0.203|0.029|0.064
202411|11|26110|44130000|2711000000|서울|강남구|역삼동|역삼1동|APT1858|푸르지오|10000|2|3|0.08|0.052|0.128|0.015|0.187|0.043|0.011|0.039|0.081|0.003|0.014|0.21|0.021|0.05|0.064
202411|42|11110|27110000|4311000000|부산|서초구|역삼동|역삼1동|APT6916|힐스테이트|18067|2|4|0.214|0.003|0.101|0.033|0.015|0.01|0.018|0.024|0.109|0.04|0.013|0.225|0.069|0.092|0.034
202411|41|27110|46110000|4211000000|부산|서초구|서초동|서초1동|APT9278|자이|13595|1|6|0.119|0.005|0.141|0.132|0.002|0.1|0.037|0.07|0.058|0.031|0.002|0.012|0.017|0.218|0.056
202411|41|41110|46110000|4611000000|서울|성남시|인계동|역삼1동|APT5121|푸르지오|7851|1|5|0.058|0.092|0.338|0.004|0.088|0.01|0.073|0.016|0.009|0.009|0.134|0.013|0.084|0.013|0.059
202411|42|28110|27110000|1117000000|경기|강남구|서초동|서초1동|APT8098|힐스테이트|18001|2|2|0.118|0.127|0.109|0.028|0.102|0.003|0.126|0.048|0.069|0.011|0.157|0.007|0.03|0.049|0.016
202411|27|28110|41130000|4413000000|부산|강남구|서초동|역삼1동|APT7290|자이|13291|1|4|0.008|0.052|0.026|0.197|0.086|0.006|0.011|0.028|0.436|0.016|0.068|0.008|0.003|0.029|0.026
202411|46|11170|11170000|4711000000|부산|성남시|역삼동|서초1동|APT1564|힐스테이트|2496|2|5|0.001|0.011|0.094|0.091|0.156|0.226|0.163|0.012|0.026|0.065|0.016|0.056|0.046|0.021|0.014
202411|45|11170|41130000|1117000000|경기|수원시|역삼동|서초1동|APT1683|자이|19213|2|3|0.048|0.002|0.067|0.113|0.031|0.011|0.076|0.029|0.117|0.128|0.083|0.096|0.011|0.064|0.124
202411|46|45110|27110000|2811000000|서울|서초구|인계동|역삼1동|APT5455|래미안|19896|1|2|0.125|0.049|0.0|0.11|0.042|0.082|0.015|0.258|0.041|0.002|0.056|0.017|0.137|0.051|0.016
202411|42|26110|41130000|4413000000|부산|수원시|서초동|서초1동|APT2059|래미안|12657|2|6|0.05|0.041|0.03|0.105|0.018|0.004|0.037|0.155|0.042|0.17|0.033|0.226|0.073|0.002|0.014
202411|11|26140|47110000|2611000000|인천|수원시|서초동|역삼1동|APT7610|푸르지오|16331|2|2|0.101|0.056|0.044|0.006|0.028|0.181|0.034|0.002|0.042|0.24|0.064|0.046|0.035|0.068|0.054
202411|11|11140|11200000|1114000000|서울|성남시|역삼동|서초1동|APT1656|래미안|8592|2|4|0.113|0.082|0.025|0.171|0.041|0.095|0.182|0.046|0.079|0.052|0.013|0.006|0.038|0.041|0.016
202411|43|28110|11170000|4611000000|인천|수원시|서초동|역삼1동|APT5865|힐스테이트|4718|2|6|0.019|0.02|0.135|0.036|0.023|0.002|0.128|0.022|0.16|0.012|0.055|0.047|0.155|0.055|0.13
202411|42|46110|27110000|4111000000|인천|강남구|서초동|서초1동|APT9585|자이|14204|1|3|0.198|0.024|0.08|0.124|0.074|0.015|0.136|0.064|0.012|0.002|0.017|0.015|0.008|0.081|0.149
202411|46|11140|44130000|1120000000|서울|서초구|인계동|서초1동|APT8267|힐스테이트|8947|2|3|0.303|0.097|0.005|0.051|0.041|0.239|0.008|0.024|0.018|0.006|0.115|0.031|0.029|0.016|0.017
202411|46|11110|41110000|1120000000|부산|성남시|인계동|역삼1동|APT4558|푸르지오|8807|2|3|0.037|0.185|0.071|0.073|0.041|0.131|0.031|0.043|0.079|0.001|0.045|0.006|0.15|0.038|0.07
202411|46|45110|11170000|4611000000|경기|수원시|인계동|역삼1동|APT8226|푸르지오|9312|1|3|0.044|0.117|0.029|0.007|0.033|0.024|0.008|0.141|0.17|0.037|0.084|0.135|0.043|0.05|0.077
202411|45|41130|46110000|1114000000|경기|성남시|서초동|역삼1동|APT3810|자이|17771|2|5|0.032|0.113|0.152|0.058|0.081|0.102|0.018|0.043|0.02|0.05|0.164|0.043|0.073|0.048|0.004
202411|45|28110|28110000|4211000000|경기|강남구|인계동|역삼1동|APT1656|힐스테이트|14653|x|6|0.126|0.124|0.12|0.018|0.042|0.088|0.023|0.008|0.037|0.075|0.029|0.032|0.103|0.156|0.019
202411|42|41150|11200000|4111000000|부산|성남시|인계동|서초1동|APT9537|자이|7593|1|3|0.003|0.083|0.012|0.021|0.006|0.14|0.053|0.144|0.085|0.16|0.002|0.101|0.137|0.011|0.041
202411|26|11110|42110000|4113000000|부산|강남구|역삼동|역삼1동|APT3730|푸르지오|9418|2|2|0.146|0.043|0.136|0.076|0.065|0.063|0.01|0.096|0.009|0.159|0.014|0.045|0.083|0.03|0.026
202411|42|41110|11200000|4711000000|인천|수원시|서초동|역삼1동|APT1618|래미안|2117|2|4|0.155|0.029|0.105|0.075|0.001|0.03|0.045|0.001|0.094|0.135|0.078|0.01|0.195|0.016|0.03
202411|43|41150|41110000|4413000000|부산|강남구|인계동|서초1동|APT9756|힐스테이트|15286|x|2|0.014|0.013|0.071|0.353|0.026|0.065|0.001|0.029|0.079|0.061|0.05|0.026|0.013|0.162|0.037
202411|41|46110|28110000|1117000000|부산|강남구|역삼동|역삼1동|APT5369|자이|3042|1|4|0.159|0.065|0.012|0.019|0.037|0.076|0.196|0.065|0.063|0.007|0.016|0.081|0.132|0.008|0.066
202411|46|11140|41150000|4111000000|경기|강남구|인계동|서초1동|APT4043|힐스테이트|16440|1|2|0.144|0.014|0.111|0.248|0.012|0.138|0.025|0.008|0.02|0.042|0.013|0.159|0.034|0.002|0.029
202411|44|47110|43110000|4115000000|서울|성남시|서초동|서초1동|APT8568|힐스테이트|3186|2|3|0.049|0.001|0.003|0.109|0.014|0.141|0.13|0.015|0.113|0.047|0.238|0.013|0.065|0.01|0.052
202411|46|41150|11110000|1117000000|인천|성남시|인계동|서초1동|APT8499|래미안|10667|2|6|0.001|0.02|0.05|0.065|0.001|0.048|0.158|0.074|0.027|0.007|0.048|0.017|0.106|0.314|0.064
202411|11|46110|27110000|1120000000|서울|강남구|인계동|역삼1동|APT5045|래미안|3405|1|4|0.057|0.016|0.113|0.07|0.098|0.057|0.065|0.083|0.013|0.059|0.079|0.014|0.005|0.22|0.052
202411|41|45110|11140000|4115000000|경기|수원시|인계동|서초1동|APT2182|자이|2439|2|5|0.091|0.036|0.018|0.003|0.121|0.042|0.078|0.01|0.081|0.028|0.167|0.052|0.083|0.07|0.123
202411|11|11110|11200000|2614000000|서울|성남시|인계동|역삼1동|APT8336|힐스테이트|17275|2|3|0.01|0.213|0.052|0.013|0.005|0.148|0.16|0.025|0.008|0.038|0.007|0.074|0.063|0.103|0.081
202411|26|44130|47110000|2611000000|경기|서초구|인계동|서초1동|APT3260|래미안|9944|2|4|0.026|0.006|0.098|0.016|0.028|0.039|0.368|0.082|0.01|0.05|0.07|0.069|0.053|0.081|0.005
202411|27|26110|41130000|1117000000|인천|수원시|인계동|역삼1동|APT1487|푸르지오|19129|1|6|0.049|0.007|0.007|0.025|0.251|0.139|0.028|0.014|0.148|0.121|0.046|0.018|0.072|0.041|0.035
202411|41|45110|42110000|1120000000|부산|수원시|서초동|서초1동|APT1630|푸르지오|17533|1|5|0.043|0.056|0.115|0.033|0.182|0.133|0.019|0.037|0.028|0.062|0.047|0.047|0.086|0.079|0.035
202411|43|11200|26140000|2711000000|인천|수원시|서초동|역삼1동|APT8950|힐스테이트|9304|x|3|0.246|0.053|0.022|0.028|0.0|0.082|0.019|0.073|0.134|0.012|0.107|0.053|0.046|0.002|0.122
202411|44|26110|47110000|2711000000|경기|수원시|역삼동|역삼1동|APT4836|래미안|6879|1|3|0.026|0.05|0.073|0.177|0.084|0.053|0.2|0.059|0.058|0.082|0.021|0.004|0.093|0.01|0.01
202411|43|45110|46110000|4115000000|서울|강남구|서초동|역삼1동|APT3710|래미안|5195|2|3|0.138|0.114|0.029|0.123|0.066|0.076|0.071|0.031|0.057|0.026|0.015|0.001|0.148|0.092|0.013
202411|41|44130|41150000|1114000000|경기|수원시|역삼동|서초1동|APT9830|자이|16803|1|3|0.034|0.036|0.093|0.198|0.084|0.056|0.032|0.051|0.006|0.045|0.016|0.022|0.008|0.311|0.007
202411|44|11170|41130000|4113000000|경기|강남구|역삼동|서초1동|APT1310|자이|2056|2|3|0.002|0.104|0.019|0.056|0.016|0.004|0.01|0.016|0.066|0.073|0.203|0.087|0.139|0.147|0.058
202411|45|11110|11140000|2611000000|서울|강남구|서초동|서초1동|APT2087|자이|11977|1|6|0.035|0.061|0.02|0.046|0.079|0.08|0.045|0.149|0.025|0.019|0.281|0.024|0.028|0.105|0.004
202411|45|41150|41150000|2614000000|경기|강남구|역삼동|서초1동|APT6415|푸르지오|5662|2|6|0.033|0.137|0.114|0.001|0.068|0.01|0.131|0.07|0.007|0.075|0.13|0.069|0.009|0.106|0.041
202411|26|27110|41150000|1117000000|경기|수원시|역삼동|역삼1동|APT1016|힐스테이트|16887|2|4|0.212|0.121|0.139|0.039|0.01|0.013|0.036|0.037|0.042|0.079|0.059|0.057|0.045|0.013|0.099
202411|45|28110|11140000|4113000000|인천|서초구|서초동|역삼1동|APT2008|래미안|18884|1|4|0.183|0.037|0.101|0.071|0.021|0.036|0.085|0.074|0.056|0.137|0.064|0.021|0.026|0.069|0.02
202411|43|41130|11200000|4511000000|인천|수원시|서초동|서초1동|APT8599|힐스테이트|19800|x|4|0.09|0.033|0.285|0.044|0.096|0.041|0.004|0.002|0.128|0.065|0.046|0.024|0.06|0.053|0.028
202411|44|11110|26110000|4413000000|서울|서초구|서초동|역삼1동|APT6914|힐스테이트|2910|2|6|0.135|0.168|0.02|0.036|0.05|0.026|0.009|0.135|0.139|0.003|0.081|0.055|0.048|0.038|0.056
202411|47|11110|11140000|1120000000|인천|강남구|역삼동|서초1동|APT6727|힐스테이트|8749|1|6|0.022|0.0|0.107|0.044|0.226|0.177|0.014|0.008|0.04|0.083|0.092|0.008|0.047|0.069|0.061
202411|43|26110|47110000|2711000000|경기|수원시|인계동|역삼1동|APT2659|힐스테이트|2091|2|6|0.206|0.04|0.07|0.216|0.014|0.032|0.054|0.032|0.034|0.032|0.073|0.156|0.002|0.009|0.03
202411|26|47110|11200000|2611000000|부산|성남시|서초동|서초1동|APT5954|힐스테이트|7425|2|3|0.043|0.129|0.019|0.01|0.06|0.076|0.05|0.006|0.068|0.079|0.005|0.03|0.09|0.168|0.168
202411|43|45110|41110000|4711000000|부산|강남구|역삼동|서초1동|APT3427|자이|16505|2|5|0.028|0.073|0.039|0.036|0.214|0.075|0.035|0.03|0.062|0.036|0.118|0.093|0.106|0.025|0.031
202411|42|11110|41110000|1111000000|부산|수원시|역삼동|역삼1동|APT2448|래미안|13248|2|6|0.046|0.102|0.081|0.18|0.021|0.07|0.218|0.022|0.027|0.065|0.014|0.007|0.069|0.062|0.017
202411|47|11110|43110000|4115000000|부산|강남구|인계동|서초1동|APT1925|래미안|13817|1|5|0.146|0.034|0.046|0.002|0.04|0.136|0.028|0.085|0.02|0.094|0.057|0.155|0.007|0.041|0.109
202411|46|11110|27110000|4311000000|서울|성남시|인계동|서초1동|APT7108|래미안|9155|x|6|0.037|0.154|0.075|0.081|0.016|0.056|0.029|0.082|0.024|0.255|0.155|0.015|0.009|0.006|0.005
202411|46|47110|27110000|1114000000|부산|성남시|역삼동|역삼1동|APT7839|래미안|16950|2|5|0.007|0.043|0.085|0.158|0.082|0.005|0.145|0.073|0.015|0.043|0.009|0.06|0.119|0.116|0.04
202411|45|46110|26110000|4115000000|부산|성남시|서초동|서초1동|APT4178|푸르지오|2790|2|3|0.046|0.04|0.001|0.066|0.015|0.223|0.121|0.055|0.008|0.019|0.001|0.203|0.004|0.056|0.143
202411|27|47110|11200000|1114000000|서울|성남시|서초동|서초1동|APT8571|래미안|4473|1|5|0.051|0.005|0.015|0.032|0.103|0.01|0.028|0.175|0.07|0.124|0.103|0.02|0.018|0.08|0.166
202411|46|41110|42110000|4111000000|인천|수원시|역삼동|서초1동|APT4084|래미안|12851|x|3|0.066|0.01|0.009|0.123|0.009|0.057|0.034|0.049|0.055|0.041|0.07|0.034|0.266|0.11|0.065
202411|43|41150|11170000|1117000000|서울|수원시|역삼동|역삼1동|APT3290|힐스테이트|10923|x|2|0.001|0.024|0.147|0.01|0.033|0.073|0.047|0.007|0.063|0.032|0.03|0.35|0.036|0.077|0.069
202411|45|27110|46110000|4511000000|서울|수원시|인계동|서초1동|APT4761|래미안|13653|1|3|0.11|0.066|0.027|0.015|0.043|0.133|0.056|0.013|0.023|0.046|0.083|0.021|0.17|0.145|0.049
202411|43|47110|47110000|4711000000|서울|강남구|서초동|서초1동|APT7618|힐스테이트|3690|2|2|0.004|0.004|0.019|0.048|0.096|0.014|0.074|0.021|0.009|0.003|0.175|0.01|0.217|0.003|0.305
202411|47|41130|41150000|1111000000|서울|강남구|인계동|서초1동|APT6819|자이|7455|2|6|0.079|0.022|0.061|0.047|0.055|0.062|0.001|0.127|0.113|0.043|0.134|0.125|0.045|0.004|0.082
202411|26|11140|28110000|4211000000|경기|성남시|서초동|서초1동|APT4528|힐스테이트|19934|2|2|0.08|0.053|0.012|0.123|0.135|0.122|0.028|0.033|0.042|0.161|0.042|0.045|0.098|0.005|0.023
202411|27|43110|11200000|1120000000|인천|수원시|역삼동|역삼1동|APT1081|푸르지오|17302|1|4|0.108|0.055|0.2|0.056|0.029|0.018|0.026|0.047|0.004|0.043|0.023|0.006|0.059|0.009|0.319
202411|43|11110|11140000|1120000000|인천|강남구|인계동|서초1동|APT9267|푸르지오|4848|x|5|0.055|0.003|0.141|0.015|0.033|0.05|0.182|0.007|0.073|0.014|0.217|0.014|0.017|0.004|0.175
202411|27|41110|41110000|1117000000|부산|성남시|역삼동|서초1동|APT5364|래미안|4562|2|6|0.003|0.176|0.14|0.185|0.062|0.007|0.042|0.009|0.079|0.011|0.009|0.147|0.066|0.03|0.034
202411|43|11170|41130000|4211000000|인천|강남구|서초동|역삼1동|APT2106|힐스테이트|9086|2|6|0.012|0.045|0.094|0.105|0.063|0.09|0.018|0.033|0.03|0.089|0.189|0.069|0.002|0.049|0.113
202411|44|44130|42110000|1120000000|서울|서초구|역삼동|역삼1동|APT6639|푸르지오|4656|2|2|0.054|0.073|0.009|0.188|0.147|0.064|0.052|0.002|0.124|0.029|0.013|0.183|0.03|0.02|0.011
202411|47|26140|44130000|4413000000|부산|수원시|서초동|서초1동|APT3201|푸르지오|16680|2|3|0.095|0.04|0.039|0.018|0.209|0.049|0.018|0.17|0.026|0.099|0.016|0.023|0.023|0.073|0.103
202411|47|11140|47110000|4511000000|서울|성남시|서초동|서초1동|APT3420|푸르지오|5214|x|3|0.03|0.032|0.105|0.041|0.039|0.238|0.062|0.083|0.179|0.064|0.073|0.008|0.005|0.022|0.018
202411|45|28110|27110000|4113000000|경기|서초구|서초동|서초1동|APT3838|힐스테이트|4063|2|6|0.062|0.135|0.08|0.011|0.112|0.105|0.09|0.2|0.059|0.004|0.056|0.006|0.026|0.01|0.045
202411|41|47110|41110000|4113000000|서울|성남시|역삼동|역삼1동|APT8750|힐스테이트|19380|x|6|0.147|0.002|0.091|0.048|0.003|0.1|0.054|0.035|0.035|0.022|0.136|0.094|0.015|0.112|0.103
202411|26|27110|45110000|4413000000|부산|수원시|인계동|서초1동|APT3466|자이|4754|2|3|0.206|0.023|0.023|0.005|0.089|0.13|0.011|0.094|0.093|0.062|0.105|0.05|0.085|0.009|0.017
202411|47|44130|41110000|2611000000|서울|강남구|인계동|서초1동|APT6659|푸르지오|2764|2|5|0.002|0.014|0.03|0.061|0.112|0.127|0.21|0.055|0.025|0.192|0.013|0.042|0.077|0.004|0.036
202411|11|26110|11170000|1114000000|인천|강남구|인계동|역삼1동|APT1708|푸르지오|15811|2|6|0.047|0.024|0.06|0.016|0.024|0.031|0.079|0.036|0.148|0.025|0.115|0.097|0.031|0.155|0.113
202411|42|11140|28110000|2711000000|부산|서초구|서초동|역삼1동|APT9003|힐스테이트|6664|1|4|0.014|0.066|0.015|0.016|0.022|0.152|0.002|0.043|0.223|0.102|0.098|0.051|0.14|0.025|0.03
202411|46|42110|11110000|2811000000|인천|서초구|역삼동|역삼1동|APT9174|힐스테이트|3470|2|5|0.096|0.126|0.026|0.038|0.016|0.008|0.046|0.024|0.076|0.046|0.052|0.173|0.012|0.145|0.115
202411|43|41150|28110000|4611000000|부산|수원시|역삼동|역삼1동|APT6222|푸르지오|9545|1|4|0.084|0.256|0.054|0.022|0.013|0.0|0.0|0.063|0.005|0.058|0.084|0.007|0.037|0.283|0.032
202411|41|11170|46110000|1117000000|서울|수원시|인계동|역삼1동|APT1735|푸르지오|6115|2|5|0.011|0.116|0.112|0.048|0.072|0.027|0.038|0.071|0.242|0.071|0.072|0.007|0.004|0.079|0.03
202411|43|41110|43110000|2614000000|서울|서초구|역삼동|역삼1동|APT2423|래미안|18614|2|4|0.03|0.067|0.023|0.001|0.02|0.167|0.002|0.022|0.039|0.026|0.033|0.162|0.05|0.352|0.006
202411|43|41150|11110000|2614000000|서울|수원시|역삼동|서초1동|APT1860|래미안|14235|2|4|0.013|0.099|0.028|0.0|0.029|0.085|0.077|0.026|0.036|0.103|0.014|0.042|0.304|0.085|0.059
202411|43|45110|42110000|4413000000|인천|성남시|인계동|역삼1동|APT4935|힐스테이트|5715|2|2|0.134|0.115|0.022|0.095|0.023|0.005|0.16|0.043|0.107|0.052|0.011|0.084|0.098|0.024|0.027
202411|41|44130|26110000|2614000000|서울|성남시|서초동|서초1동|APT7403|힐스테이트|2518|2|4|0.076|0.308|0.038|0.009|0.027|0.011|0.045|0.035|0.074|0.066|0.086|0.164|0.027|0.03|0.003
202411|27|26140|11170000|4311000000|부산|서초구|서초동|역삼1동|APT6699|푸르지오|5877|2|3|0.037|0.039|0.018|0.038|0.029|0.042|0.091|0.12|0.05|0.016|0.091|0.043|0.015|0.275|0.095
202411|26|28110|43110000|2611000000|경기|강남구|서초동|역삼1동|APT8783|자이|5272|2|4|0.014|0.035|0.029|0.023|0.036|0.042|0.098|0.077|0.055|0.047|0.004|0.159|0.178|0.079|0.123
202411|41|11170|28110000|4113000000|서울|서초구|서초동|역삼1동|APT3065|힐스테이트|8717|2|4|0.052|0.022|0.015|0.035|0.101|0.013|0.131|0.049|0.084|0.004|0.121|0.025|0.186|0.084|0.076
202411|42|47110|42110000|2611000000|인천|수원시|역삼동|역삼1동|APT6227|힐스테이트|11737|1|3|0.028|0.064|0.01|0.03|0.102|0.034|0.043|0.157|0.017|0.129|0.052|0.0|0.18|0.089|0.067
202411|26|41110|26140000|1117000000|인천|수원시|서초동|역삼1동|APT9343|푸르지오|12509|1|5|0.001|0.053|0.019|0.002|0.069|0.025|0.06|0.195|0.115|0.184|0.106|0.033|0.02|0.117|0.002
202411|26|11110|11140000|4211000000|인천|강남구|인계동|역삼1동|APT1517|푸르지오|19518|x|5|0.084|0.027|0.0|0.077|0.226|0.005|0.022|0.06|0.13|0.009|0.107|0.089|0.097|0.006|0.061
202411|11|41150|28110000|4211000000|부산|성남시|인계동|서초1동|APT4389|자이|5278|2|3|0.047|0.017|0.025|0.051|0.221|0.076|0.009|0.129|0.022|0.11|0.035|0.003|0.006|0.147|0.102
202411|46|11200|26110000|4113000000|서울|수원시|역삼동|서초1동|APT1692|푸르지오|12257|1|6|0.004|0.006|0.001|0.003|0.06|0.012|0.031|0.072|0.103|0.056|0.105|0.112|0.401|0.004|0.029
202411|44|11140|41110000|1117000000|경기|강남구|인계동|역삼1동|APT7901|푸르지오|16960|2|2|0.023|0.049|0.013|0.002|0.063|0.144|0.207|0.035|0.074|0.035|0.055|0.018|0.014|0.182|0.085
202411|46|46110|44130000|2611000000|서울|성남시|서초동|역삼1동|APT7196|힐스테이트|4745|x|4|0.005|0.007|0.077|0.021|0.015|0.041|0.056|0.016|0.003|0.018|0.017|0.037|0.205|0.275|0.207
202411|26|42110|42110000|4113000000|부산|수원시|인계동|서초1동|APT9488|힐스테이트|19543|1|4|0.108|0.202|0.044|0.021|0.046|0.036|0.183|0.034|0.0|0.055|0.012|0.058|0.005|0.011|0.184
202411|42|11170|45110000|2811000000|경기|수원시|역삼동|역삼1동|APT9806|힐스테이트|12747|1|5|0.156|0.055|0.001|0.015|0.007|0.02|0.101|0.057|0.007|0.049|0.12|0.104|0.066|0.002|0.241
202411|43|46110|11170000|4413000000|경기|성남시|서초동|서초1동|APT2235|자이|11042|1|6|0.076|0.088|0.001|0.06|0.026|0.057|0.077|0.003|0.033|0.071|0.019|0.156|0.182|0.042|0.111
202411|46|43110|46110000|4711000000|서울|성남시|인계동|서초1동|APT2752|래미안|10298|x|6|0.016|0.111|0.047|0.01|0.026|0.005|0.085|0.114|0.071|0.083|0.098|0.139|0.028|0.121|0.046
202411|45|44130|11200000|2611000000|서울|강남구|서초동|서초1동|APT2977|자이|8887|1|4|0.076|0.166|0.059|0.001|0.024|0.063|0.075|0.037|0.095|0.043|0.09|0.121|0.058|0.029|0.062
202411|47|11200|11200000|4111000000|인천|성남시|인계동|서초1동|APT3969|푸르지오|11344|2|6|0.033|0.02|0.089|0.115|0.094|0.026|0.038|0.041|0.101|0.016|0.022|0.07|0.057|0.106|0.17
202411|45|45110|26110000|4711000000|경기|강남구|인계동|서초1동|APT6004|자이|12660|1|4|0.09|0.09|0.158|0.047|0.012|0.025|0.073|0.194|0.074|0.007|0.016|0.123|0.015|0.057|0.018
202411|47|47110|43110000|4111000000|부산|수원시|서초동|역삼1동|APT7075|자이|18368|2|2|0.045|0.043|0.014|0.09|0.107|0.083|0.039|0.047|0.112|0.052|0.013|0.064|0.118|0.044|0.13
202411|42|46110|26110000|1117000000|인천|강남구|서초동|역삼1동|APT1155|푸르지오|4986|2|5|0.03|0.017|0.174|0.147|0.129|0.015|0.037|0.018|0.104|0.019|0.035|0.091|0.088|0.07|0.026
202411|47|44130|11140000|4511000000|부산|수원시|역삼동|서초1동|APT4048|힐스테이트|8079|2|4|0.014|0.037|0.03|0.057|0.082|0.047|0.06|0.132|0.035|0.051|0.078|0.182|0.125|0.011|0.059
202411|43|11200|11200000|2711000000|부산|강남구|역삼동|서초1동|APT9497|힐스테이트|13329|2|5|0.173|0.097|0.085|0.086|0.026|0.029|0.17|0.014|0.01|0.107|0.072|0.048|0.034|0.048|0.001
202411|46|41130|11170000|4711000000|경기|수원시|역삼동|역삼1동|APT4990|푸르지오|6293|1|2|0.08|0.252|0.014|0.105|0.107|0.063|0.134|0.025|0.015|0.022|0.012|0.045|0.01|0.099|0.018
202411|43|11170|41130000|4115000000|서울|수원시|역삼동|서초1동|APT5052|자이|3577|1|4|0.365|0.016|0.028|0.018|0.064|0.011|0.075|0.047|0.156|0.026|0.03|0.071|0.033|0.059|0.002
202411|43|28110|43110000|4413000000|서울|성남시|서초동|서초1동|APT7606|래미안|6910|2|6|0.199|0.103|0.037|0.072|0.009|0.022|0.027|0.085|0.054|0.018|0.029|0.209|0.067|0.035|0.035
202411|27|26140|42110000|2611000000|부산|강남구|서초동|서초1동|APT2868|힐스테이트|4553|1|6|0.094|0.01|0.096|0.096|0.079|0.008|0.083|0.041|0.155|0.028|0.064|0.157|0.055|0.001|0.033
202411|41|11110|46110000|1114000000|서울|강남구|서초동|서초1동|APT7031|래미안|9039|1|4|0.103|0.228|0.062|0.115|0.034|0.016|0.065|0.088|0.057|0.004|0.124|0.029|0.03|0.011|0.036
202411|43|45110|27110000|1114000000|인천|강남구|역삼동|역삼1동|APT1763|래미안|15284|1|6|0.04|0.039|0.142|0.015|0.013|0.052|0.206|0.006|0.037|0.081|0.037|0.043|0.018|0.04|0.233
202411|43|26110|11140000|4113000000|인천|서초구|역삼동|서초1동|APT2051|래미안|14228|2|5|0.101|0.112|0.084|0.044|0.004|0.126|0.107|0.029|0.023|0.062|0.006|0.021|0.109|0.016|0.157
202411|45|47110|26140000|4111000000|인천|강남구|역삼동|서초1동|APT5244|자이|12241|1|6|0.008|0.091|0.07|0.061|0.197|0.005|0.05|0.067|0.129|0.083|0.046|0.008|0.096|0.007|0.083
202411|26|11200|46110000|4115000000|부산|강남구|역삼동|서초1동|APT2601|푸르지오|12931|2|5|0.047|0.023|0.057|0.055|0.015|0.076|0.239|0.054|0.002|0.021|0.054|0.084|0.114|0.135|0.023
202411|42|11140|28110000|4211000000|서울|강남구|인계동|역삼1동|APT7417|자이|11878|1|3|0.071|0.144|0.007|0.004|0.043|0.05|0.011|0.108|0.05|0.046|0.088|0.007|0.128|0.114|0.126
202411|44|45110|28110000|1114000000|인천|수원시|인계동|역삼1동|APT4836|푸르지오|13850|2|3|0.045|0.138|0.014|0.025|0.006|0.069|0.052|0.214|0.024|0.061|0.115|0.011|0.004|0.002|0.22
202411|27|47110|41130000|4311000000|경기|수원시|서초동|역삼1동|APT9035|푸르지오|5583|1|6|0.096|0.004|0.011|0.085|0.258|0.036|0.089|0.148|0.001|0.066|0.006|0.015|0.073|0.013|0.1
202411|44|28110|28110000|4413000000|부산|수원시|서초동|역삼1동|APT6086|힐스테이트|6488|2|6|0.135|0.117|0.016|0.083|0.052|0.079|0.013|0.046|0.019|0.002|0.072|0.263|0.007|0.038|0.06
202411|43|11110|41150000|2711000000|서울|강남구|서초동|서초1동|APT8856|자이|16299|2|2|0.038|0.136|0.337|0.027|0.036|0.024|0.14|0.014|0.024|0.068|0.015|0.029|0.006|0.067|0.039
202411|41|47110|11170000|1111000000|부산|서초구|인계동|역삼1동|APT3162|래미안|15561|1|5|0.046|0.075|0.053|0.177|0.054|0.042|0.114|0.12|0.053|0.073|0.01|0.077|0.057|0.024|0.024
202411|42|44130|11110000|4311000000|경기|성남시|인계동|서초1동|APT5748|푸르지오|19376|1|6|0.023|0.052|0.121|0.007|0.256|0.025|0.041|0.019|0.003|0.005|0.167|0.067|0.058|0.019|0.138
202411|26|47110|44130000|1120000000|서울|강남구|서초동|역삼1동|APT9054|자이|14641|1|2|0.015|0.1|0.011|0.051|0.039|0.012|0.078|0.003|0.112|0.163|0.108|0.001|0.082|0.11|0.114
202411|47|44130|11140000|4111000000|부산|서초구|역삼동|역삼1동|APT1910|자이|8762|1|5|0.028|0.024|0.067|0.023|0.305|0.085|0.054|0.088|0.007|0.084|0.05|0.046|0.051|0.063|0.025
202411|42|41110|26140000|1117000000|부산|성남시|역삼동|서초1동|APT9052|자이|12272|x|5|0.086|0.15|0.063|0.042|0.157|0.099|0.05|0.053|0.011|0.025|0.171|0.028|0.006|0.01|0.05
202411|46|11140|28110000|2811000000|경기|강남구|인계동|서초1동|APT6774|래미안|14840|2|5|0.09|0.068|0.112|0.151|0.016|0.081|0.039|0.15|0.053|0.05|0.018|0.011|0.054|0.095|0.012
202411|11|11170|43110000|1117000000|부산|강남구|역삼동|서초1동|APT2705|자이|17051|2|5|0.114|0.012|0.035|0.018|0.02|0.073|0.208|0.092|0.002|0.002|0.074|0.034|0.079|0.108|0.129
202411|11|11170|42110000|4711000000|서울|성남시|역삼동|역삼1동|APT2216|래미안|5210|2|5|0.145|0.238|0.003|0.065|0.032|0.01|0.14|0.002|0.016|0.134|0.015|0.009|0.001|0.004|0.186
202411|45|47110|43110000|1117000000|경기|수원시|서초동|서초1동|APT2238|래미안|15758|2|4|0.034|0.267|0.044|0.099|0.041|0.046|0.025|0.103|0.022|0.054|0.061|0.014|0.088|0.032|0.07
202411|43|41110|11140000|1117000000|서울|성남시|서초동|서초1동|APT4417|푸르지오|8644|x|4|0.132|0.026|0.04|0.014|0.082|0.047|0.013|0.055|0.057|0.166|0.071|0.134|0.001|0.14|0.021
202411|44|41110|11170000|4211000000|서울|수원시|서초동|역삼1동|APT3740|자이|11107|1|6|0.027|0.107|0.041|0.078|0.086|0.027|0.15|0.017|0.068|0.236|0.027|0.059|0.027|0.05|0.0
202411|46|11140|11110000|1117000000|인천|수원시|역삼동|역삼1동|APT4064|푸르지오|2649|1|6|0.052|0.033|0.039|0.093|0.164|0.257|0.01|0.003|0.062|0.03|0.039|0.007|0.076|0.063|0.071
202411|26|28110|45110000|4413000000|서울|서초구|서초동|역삼1동|APT9837|푸르지오|5509|2|6|0.039|0.072|0.02|0.167|0.064|0.073|0.136|0.051|0.033|0.028|0.034|0.086|0.059|0.004|0.135
202411|27|26110|26110000|4111000000|경기|수원시|서초동|역삼1동|APT2261|래미안|14257|2|4|0.044|0.038|0.007|0.081|0.025|0.123|0.087|0.014|0.067|0.159|0.008|0.043|0.133|0.028|0.144
202411|46|45110|11170000|2711000000|서울|강남구|서초동|역삼1동|APT6801|푸르지오|5693|1|4|0.023|0.306|0.107|0.003|0.02|0.067|0.069|0.063|0.013|0.034|0.047|0.113|0.022|0.037|0.076
202411|11|43110|43110000|4113000000|서울|서초구|역삼동|역삼1동|APT8806|힐스테이트|19617|2|2|0.12|0.164|0.057|0.015|0.003|0.022|0.171|0.005|0.095|0.035|0.001|0.028|0.166|0.104|0.014
202411|42|45110|28110000|1120000000|부산|강남구|서초동|역삼1동|APT6749|힐스테이트|6020|1|4|0.109|0.014|0.02|0.023|0.052|0.028|0.094|0.019|0.066|0.102|0.166|0.148|0.032|0.095|0.032
202411|11|28110|41150000|4111000000|경기|서초구|역삼동|서초1동|APT9093|자이|15086|1|4|0.07|0.059|0.104|0.041|0.054|0.011|0.136|0.012|0.021|0.017|0.018|0.019|0.098|0.196|0.144
202411|26|41110|46110000|2611000000|서울|강남구|서초동|서초1동|APT7177|힐스테이트|17766|2|2|0.134|0.015|0.019|0.047|0.035|0.003|0.058|0.084|0.038|0.005|0.402|0.063|0.052|0.027|0.017
202411|43|27110|41150000|1111000000|부산|수원시|서초동|서초1동|APT1451|힐스테이트|5922|1|3|0.087|0.022|0.041|0.17|0.008|0.064|0.156|0.015|0.032|0.162|0.074|0.038|0.055|0.07|0.004
202411|27|41110|46110000|4711000000|서울|강남구|인계동|서초1동|APT4173|푸르지오|13932|1|2|0.125|0.011|0.148|0.035|0.099|0.033|0.094|0.062|0.03|0.186|0.032|0.024|0.056|0.052|0.013
202411|45|27110|45110000|1114000000|인천|성남시|서초동|서초1동|APT1840|힐스테이트|12203|2|6|0.31|0.116|0.006|0.065|0.032|0.116|0.038|0.05|0.046|0.033|0.001|0.092|0.09|0.003|0.002
202411|47|41110|27110000|2811000000|부산|서초구|역삼동|서초1동|APT2433|래미안|4111|1|6|0.039|0.006|0.029|0.072|0.261|0.113|0.153|0.01|0.008|0.017|0.056|0.091|0.045|0.019|0.082
202411|42|11110|41110000|4211000000|부산|강남구|인계동|역삼1동|APT7557|푸르지오|14841|2|5|0.097|0.06|0.01|0.028|0.005|0.011|0.036|0.024|0.052|0.237|0.037|0.065|0.019|0.205|0.113
202411|43|41110|41150000|2811000000|인천|서초구|인계동|서초1동|APT5568|자이|19976|2|4|0.053|0.018|0.046|0.12|0.027|0.034|0.016|0.082|0.052|0.188|0.046|0.033|0.149|0.112|0.024
202411|27|41110|47110000|4115000000|서울|강남구|인계동|서초1동|APT3125|푸르지오|14590|1|5|0.1|0.051|0.039|0.037|0.009|0.017|0.025|0.097|0.013|0.074|0.163|0.015|0.038|0.015|0.306
202411|43|45110|26140000|4511000000|서울|서초구|서초동|역삼1동|APT2046|자이|3856|1|4|0.056|0.174|0.058|0.019|0.105|0.028|0.036|0.021|0.125|0.014|0.049|0.085|0.072|0.138|0.021
202411|43|43110|11110000|2611000000|경기|강남구|인계동|역삼1동|APT7234|자이|9681|2|6|0.024|0.014|0.033|0.034|0.314|0.016|0.08|0.053|0.124|0.002|0.029|0.054|0.076|0.046|0.1
202411|47|41110|44130000|4511000000|부산|강남구|인계동|역삼1동|APT1737|래미안|9029|x|5|0.029|0.006|0.024|0.141|0.12|0.022|0.04|0.006|0.068|0.173|0.005|0.215|0.02|0.029|0.102
202411|27|46110|44130000|4211000000|서울|강남구|인계동|서초1동|APT6077|푸르지오|12009|1|6|0.019|0.008|0.058|0.026|0.053|0.011|0.076|0.127|0.003|0.068|0.348|0.074|0.047|0.068|0.013
202411|44|11200|42110000|2711000000|서울|성남시|서초동|역삼1동|APT5354|자이|3946|2|5|0.014|0.118|0.015|0.021|0.008|0.043|0.006|0.295|0.041|0.014|0.063|0.064|0.066|0.016|0.216
202411|46|41130|41150000|4211000000|서울|수원시|인계동|서초1동|APT3485|래미안|2177|2|4|0.029|0.024|0.017|0.097|0.081|0.138|0.068|0.102|0.01|0.08|0.065|0.029|0.007|0.073|0.181
202411|42|11170|28110000|4311000000|부산|서초구|인계동|역삼1동|APT1525|푸르지오|12290|2|4|0.003|0.066|0.218|0.106|0.007|0.016|0.298|0.004|0.045|0.038|0.023|0.107|0.008|0.04|0.023
202411|47|44130|42110000|4611000000|부산|강남구|인계동|서초1동|APT1436|푸르지오|2709|x|4|0.019|0.13|0.004|0.083|0.001|0.1|0.189|0.144|0.095|0.124|0.001|0.023|0.053|0.026|0.007
202411|43|46110|27110000|2811000000|서울|성남시|서초동|서초1동|APT1117|자이|13356|1|5|0.131|0.01|0.107|0.139|0.066|0.026|0.006|0.023|0.024|0.115|0.077|0.01|0.02|0.009|0.238
202411|42|41150|28110000|4511000000|경기|수원시|역삼동|서초1동|APT7239|자이|15616|2|5|0.264|0.166|0.036|0.016|0.058|0.052|0.004|0.029|0.001|0.055|0.117|0.083|0.05|0.04|0.03
202411|27|28110|47110000|4211000000|부산|성남시|역삼동|역삼1동|APT2840|힐스테이트|9808|2|5|0.004|0.141|0.142|0.142|0.036|0.043|0.07|0.01|0.025|0.031|0.008|0.112|0.026|0.098|0.114
202411|45|11110|27110000|1114000000|경기|성남시|서초동|역삼1동|APT1140|래미안|3153|2|6|0.018|0.104|0.369|0.069|0.164|0.025|0.014|0.015|0.017|0.011|0.092|0.007|0.07|0.021|0.003
202411|44|11200|45110000|2611000000|인천|수원시|서초동|역삼1동|APT5378|자이|18313|2|4|0.014|0.012|0.027|0.02|0.155|0.006|0.131|0.226|0.022|0.016|0.073|0.066|0.14|0.004|0.088
202411|43|27110|26110000|4413000000|서울|성남시|역삼동|서초1동|APT9752|힐스테이트|11351|2|4|0.139|0.016|0.013|0.006|0.057|0.048|0.108|0.149|0.108|0.001|0.061|0.159|0.012|0.044|0.082
202411|44|44130|41130000|4611000000|경기|강남구|역삼동|서초1동|APT7712|래미안|3946|1|3|0.13|0.005|0.156|0.017|0.054|0.027|0.068|0.127|0.075|0.002|0.007|0.025|0.124|0.15|0.034
202411|26|26140|11110000|1114000000|인천|서초구|서초동|서초1동|APT6700|자이|16127|2|3|0.193|0.113|0.019|0.217|0.036|0.006|0.007|0.021|0.167|0.027|0.091|0.015|0.072|0.006|0.01
202411|47|11140|11110000|2811000000|인천|수원시|서초동|서초1동|APT4639|자이|7528|x|3|0.005|0.148|0.161|0.066|0.033|0.155|0.017|0.067|0.031|0.048|0.071|0.05|0.118|0.003|0.029
202411|47|44130|43110000|2711000000|경기|성남시|인계동|서초1동|APT5401|푸르지오|4304|2|3|0.173|0.025|0.0|0.033|0.028|0.192|0.014|0.083|0.005|0.115|0.068|0.053|0.032|0.087|0.093
202411|27|26140|41130000|4311000000|인천|수원시|역삼동|서초1동|APT9848|푸르지오|9780|2|6|0.046|0.071|0.013|0.006|0.124|0.063|0.053|0.015|0.093|0.003|0.078|0.06|0.041|0.121|0.214
202411|43|41110|41110000|2811000000|서울|수원시|인계동|서초1동|APT8633|힐스테이트|9515|1|4|0.027|0.047|0.063|0.075|0.019|0.004|0.016|0.015|0.005|0.184|0.009|0.201|0.121|0.057|0.156
202411|43|11200|11200000|4115000000|부산|서초구|역삼동|서초1동|APT6262|푸르지오|6887|1|5|0.19|0.043|0.018|0.044|0.039|0.021|0.144|0.218|0.016|0.17|0.024|0.017|0.013|0.037|0.008
202411|46|27110|46110000|4611000000|부산|수원시|인계동|서초1동|APT5908|푸르지오|13886|1|5|0.151|0.035|0.091|0.003|0.039|0.001|0.258|0.085|0.001|0.039|0.045|0.009|0.067|0.029|0.147
202411|27|27110|41150000|2614000000|서울|수원시|서초동|서초1동|APT9843|푸르지오|15386|1|4|0.061|0.122|0.184|0.053|0.062|0.039|0.031|0.1|0.017|0.088|0.002|0.021|0.092|0.034|0.094
202411|46|11140|26110000|2811000000|인천|서초구|역삼동|서초1동|APT9188|힐스테이트|17666|2|2|0.055|0.159|0.049|0.179|0.041|0.003|0.141|0.01|0.097|0.017|0.021|0.09|0.061|0.056|0.02
202411|27|47110|11110000|1114000000|서울|서초구|서초동|서초1동|APT8413|래미안|12530|1|5|0.013|0.047|0.01|0.035|0.028|0.096|0.289|0.112|0.024|0.075|0.067|0.099|0.084|0.009|0.013
202411|42|11140|44130000|2614000000|서울|성남시|역삼동|서초1동|APT3058|자이|2897|1|3|0.064|0.099|0.014|0.181|0.106|0.105|0.058|0.005|0.183|0.012|0.062|0.045|0.005|0.023|0.038
202411|44|47110|26140000|2711000000|인천|서초구|인계동|서초1동|APT5593|푸르지오|14251|1|3|0.088|0.04|0.005|0.04|0.011|0.115|0.027|0.113|0.07|0.001|0.049|0.002|0.392|0.006|0.041
202411|11|47110|26140000|2711000000|부산|성남시|서초동|서초1동|APT7184|자이|5292|1|3|0.07|0.049|0.018|0.195|0.04|0.024|0.008|0.013|0.078|0.092|0.099|0.267|0.002|0.026|0.02
202411|26|26110|11110000|4413000000|경기|성남시|서초동|역삼1동|APT5112|푸르지오|8716|2|5|0.029|0.039|0.074|0.131|0.047|0.009|0.031|0.247|0.019|0.003|0.019|0.064|0.099|0.08|0.109
202411|26|41110|41150000|4413000000|인천|성남시|인계동|역삼1동|APT6651|힐스테이트|9229|2|5|0.035|0.101|0.009|0.012|0.019|0.049|0.027|0.051|0.112|0.044|0.261|0.057|0.163|0.01|0.05
202411|47|11200|45110000|4311000000|경기|성남시|서초동|역삼1동|APT6369|푸르지오|3693|2|5|0.143|0.014|0.18|0.012|0.003|0.004|0.056|0.104|0.153|0.047|0.021|0.048|0.106|0.042|0.067
202411|46|42110|27110000|1114000000|인천|서초구|인계동|서초1동|APT1746|푸르지오|3055|2|5|0.027|0.244|0.004|0.021|0.058|0.105|0.089|0.034|0.012|0.004|0.008|0.009|0.058|0.204|0.121
202411|41|28110|42110000|2611000000|부산|강남구|인계동|서초1동|APT9362|자이|4188|2|2|0.08|0.025|0.076|0.119|0.016|0.091|0.005|0.004|0.005|0.014|0.027|0.101|0.24|0.006|0.19
202411|26|43110|11140000|1111000000|부산|수원시|서초동|서초1동|APT5737|래미안|18301|x|2|0.0|0.118|0.024|0.001|0.077|0.166|0.015|0.057|0.093|0.005|0.024|0.074|0.016|0.197|0.132
202411|11|42110|42110000|2711000000|경기|성남시|서초동|역삼1동|APT5932|래미안|4805|1|4|0.017|0.035|0.121|0.001|0.137|0.049|0.137|0.025|0.02|0.229|0.149|0.024|0.034|0.003|0.019
202411|11|43110|27110000|1120000000|서울|서초구|서초동|역삼1동|APT7341|힐스테이트|11700|1|3|0.005|0.031|0.286|0.03|0.203|0.098|0.075|0.012|0.003|0.068|0.058|0.004|0.007|0.099|0.02
202411|45|45110|44130000|4413000000|경기|수원시|서초동|서초1동|APT3629|푸르지오|16066|2|6|0.07|0.065|0.062|0.009|0.065|0.084|0.038|0.039|0.149|0.247|0.005|0.015|0.095|0.019|0.038
202411|47|41110|41130000|4511000000|인천|성남시|역삼동|서초1동|APT1798|래미안|5358|1|3|0.048|0.043|0.049|0.121|0.007|0.21|0.06|0.066|0.157|0.018|0.024|0.052|0.039|0.059|0.045
202411|11|26110|41150000|4611000000|부산|성남시|서초동|역삼1동|APT7380|자이|15310|1|2|0.098|0.009|0.128|0.025|0.072|0.028|0.022|0.003|0.018|0.106|0.144|0.134|0.043|0.115|0.055
202411|27|26140|28110000|1117000000|경기|서초구|역삼동|역삼1동|APT3631|자이|8255|2|5|0.098|0.004|0.051|0.035|0.129|0.044|0.084|0.078|0.155|0.11|0.059|0.078|0.01|0.035|0.03
202411|11|11110|41150000|4115000000|부산|수원시|역삼동|역삼1동|APT2445|래미안|8864|2|6|0.009|0.151|0.009|0.052|0.036|0.096|0.072|0.092|0.234|0.03|0.076|0.014|0.017|0.007|0.104
202411|42|28110|47110000|2614000000|서울|서초구|서초동|서초1동|APT2122|힐스테이트|18519|2|4|0.015|0.042|0.11|0.038|0.003|0.039|0.028|0.025|0.229|0.017|0.226|0.029|0.133|0.055|0.011
202411|46|28110|28110000|4111000000|인천|성남시|역삼동|역삼1동|APT1090|자이|9229|2|4|0.012|0.006|0.038|0.013|0.004|0.024|0.105|0.014|0.146|0.103|0.124|0.018|0.025|0.106|0.262
202411|26|11170|41150000|4113000000|경기|수원시|인계동|서초1동|APT6203|힐스테이트|5943|2|4|0.066|0.123|0.04|0.017|0.046|0.052|0.105|0.068|0.113|0.03|0.046|0.072|0.183|0.005|0.034
202411|42|44130|11110000|2611000000|경기|서초구|역삼동|서초1동|APT6706|푸르지오|12133|1|4|0.052|0.064|0.054|0.159|0.014|0.206|0.004|0.007|0.011|0.003|0.004|0.222|0.03|0.142|0.028
202411|44|42110|28110000|4115000000|인천|성남시|서초동|서초1동|APT6143|힐스테이트|4157|1|5|0.051|0.082|0.194|0.072|0.067|0.028|0.04|0.004|0.018|0.163|0.017|0.074|0.005|0.012|0.173
202411|42|44130|42110000|2614000000|서울|성남시|역삼동|역삼1동|APT3437|푸르지오|18418|2|3|0.034|0.075|0.012|0.017|0.262|0.103|0.01|0.061|0.174|0.036|0.006|0.016|0.03|0.157|0.005
202411|45|47110|11140000|1111000000|인천|서초구|서초동|역삼1동|APT2779|자이|11750|1|4|0.04|0.01|0.067|0.081|0.074|0.009|0.055|0.016|0.047|0.199|0.105|0.056|0.048|0.126|0.067
202411|42|11200|28110000|2711000000|서울|수원시|인계동|서초1동|APT2730|자이|17786|1|6|0.05|0.005|0.023|0.254|0.019|0.109|0.053|0.118|0.126|0.093|0.019|0.008|0.038|0.035|0.05
202411|26|11200|42110000|2614000000|인천|서초구|서초동|서초1동|APT8814|힐스테이트|8308|1|6|0.021|0.002|0.222|0.215|0.064|0.012|0.084|0.042|0.017|0.019|0.092|0.081|0.049|0.007|0.072
202411|44|45110|11140000|4511000000|인천|수원시|인계동|서초1동|APT5538|래미안|16228|2|4|0.09|0.004|0.019|0.041|0.009|0.027|0.144|0.017|0.096|0.051|0.007|0.108|0.125|0.177|0.085
202411|26|26110|26110000|4111000000|경기|강남구|역삼동|역삼1동|APT1932|힐스테이트|17559|1|4|0.186|0.024|0.046|0.013|0.02|0.017|0.013|0.205|0.035|0.029|0.016|0.016|0.024|0.246|0.11
202411|47|44130|46110000|2711000000|인천|강남구|역삼동|역삼1동|APT6550|래미안|3894|2|5|0.011|0.035|0.119|0.138|0.036|0.044|0.092|0.032|0.002|0.053|0.044|0.11|0.022|0.114|0.148
202411|44|28110|26110000|4311000000|서울|성남시|인계동|역삼1동|APT5364|자이|16050|1|4|0.013|0.239|0.005|0.009|0.012|0.088|0.171|0.01|0.107|0.038|0.001|0.019|0.068|0.173|0.047
202411|44|44130|11110000|4111000000|서울|강남구|인계동|역삼1동|APT7916|래미안|5303|1|3|0.107|0.114|0.016|0.19|0.025|0.062|0.105|0.004|0.07|0.001|0.141|0.025|0.04|0.045|0.053
202411|27|41110|42110000|4711000000|서울|수원시|서초동|역삼1동|APT5003|자이|18756|2|6|0.036|0.117|0.158|0.015|0.098|0.001|0.029|0.003|0.018|0.003|0.021|0.473|0.0|0.009|0.017
202411|42|28110|41130000|4111000000|경기|수원시|인계동|역삼1동|APT8257|자이|16383|1|5|0.101|0.001|0.186|0.111|0.02|0.168|0.04|0.096|0.016|0.008|0.06|0.029|0.114|0.043|0.006
202411|41|41110|45110000|4111000000|인천|강남구|역삼동|역삼1동|APT9108|푸르지오|7386|2|3|0.22|0.038|0.12|0.251|0.012|0.002|0.064|0.012|0.044|0.021|0.017|0.015|0.017|0.053|0.114
202411|44|47110|45110000|2614000000|부산|성남시|역삼동|서초1동|APT4610|힐스테이트|7633|1|5|0.011|0.1|0.071|0.011|0.047|0.09|0.022|0.178|0.028|0.152|0.019|0.017|0.179|0.038|0.038
202411|44|41110|43110000|4511000000|부산|성남시|인계동|서초1동|APT7905|래미안|13647|2|4|0.018|0.177|0.103|0.128|0.035|0.012|0.176|0.08|0.017|0.0|0.016|0.03|0.099|0.048|0.062
202411|47|11170|11110000|2614000000|인천|수원시|인계동|서초1동|APT6350|래미안|9267|x|3|0.048|0.027|0.014|0.084|0.238|0.011|0.003|0.038|0.067|0.125|0.059|0.091|0.085|0.031|0.08
202411|27|43110|41110000|1111000000|인천|성남시|서초동|역삼1동|APT6826|자이|13277|2|4|0.009|0.025|0.203|0.176|0.092|0.017|0.106|0.006|0.007|0.082|0.04|0.057|0.075|0.004|0.103
202411|26|41110|45110000|2711000000|부산|강남구|역삼동|서초1동|APT2936|푸르지오|6811|1|5|0.076|0.028|0.074|0.026|0.033|0.168|0.219|0.092|0.024|0.023|0.06|0.043|0.008|0.072|0.053
202411|41|11110|43110000|1111000000|서울|성남시|인계동|역삼1동|APT6765|자이|14654|2|2|0.089|0.043|0.041|0.032|0.027|0.027|0.335|0.014|0.08|0.136|0.002|0.009|0.035|0.032|0.096
202411|43|28110|44130000|4211000000|경기|강남구|인계동|역삼1동|APT2250|힐스테이트|19473|2|6|0.019|0.107|0.046|0.037|0.011|0.063|0.032|0.04|0.03|0.043|0.367|0.025|0.015|0.008|0.157
202411|42|42110|28110000|4413000000|부산|수원시|역삼동|서초1동|APT8433|래미안|6137|2|3|0.058|0.007|0.017|0.055|0.234|0.019|0.104|0.015|0.067|0.008|0.19|0.009|0.001|0.121|0.095
202411|42|42110|41150000|4115000000|서울|성남시|인계동|역삼1동|APT8932|푸르지오|2202|2|5|0.099|0.101|0.058|0.081|0.01|0.107|0.041|0.046|0.027|0.156|0.009|0.01|0.092|0.093|0.07
202411|11|45110|11110000|1114000000|인천|성남시|서초동|역삼1동|APT2180|자이|18395|1|5|0.113|0.186|0.022|0.016|0.061|0.056|0.007|0.007|0.069|0.115|0.008|0.135|0.118|0.066|0.021
202411|45|11200|11110000|2611000000|서울|강남구|서초동|역삼1동|APT8671|자이|7644|1|4|0.041|0.106|0.026|0.045|0.012|0.149|0.123|0.012|0.058|0.067|0.014|0.041|0.02|0.11|0.178
202411|41|11140|47110000|4111000000|경기|서초구|서초동|역삼1동|APT3872|푸르지오|8416|1|6|0.073|0.029|0.078|0.112|0.163|0.053|0.001|0.017|0.089|0.012|0.234|0.117|0.011|0.001|0.01
202411|43|11170|41130000|2614000000|서울|성남시|서초동|서초1동|APT3101|푸르지오|12423|1|5|0.131|0.053|0.046|0.119|0.108|0.059|0.088|0.072|0.003|0.082|0.041|0.023|0.014|0.156|0.004
202411|27|26110|41110000|2711000000|부산|수원시|서초동|역삼1동|APT5580|래미안|12937|2|2|0.094|0.176|0.241|0.002|0.151|0.015|0.18|0.017|0.038|0.031|0.004|0.028|0.004|0.002|0.017
202411|42|11170|44130000|1117000000|서울|성남시|역삼동|역삼1동|APT4194|자이|10183|1|3|0.108|0.001|0.022|0.016|0.076|0.009|0.081|0.076|0.039|0.027|0.0|0.021|0.073|0.355|0.094
202411|41|11170|41130000|4111000000|부산|강남구|역삼동|역삼1동|APT9412|자이|7443|2|6|0.093|0.027|0.159|0.103|0.25|0.029|0.015|0.023|0.015|0.035|0.0|0.05|0.075|0.117|0.01
202411|42|11140|47110000|4111000000|인천|강남구|인계동|역삼1동|APT9953|자이|3293|2|3|0.274|0.054|0.098|0.041|0.068|0.013|0.052|0.01|0.022|0.149|0.014|0.061|0.012|0.096|0.036
202411|46|41150|28110000|4113000000|경기|성남시|서초동|역삼1동|APT2673|자이|16785|1|5|0.022|0.039|0.077|0.106|0.023|0.073|0.03|0.14|0.008|0.184|0.049|0.01|0.103|0.045|0.092
202411|27|43110|11200000|2611000000|부산|서초구|서초동|서초1동|APT4829|푸르지오|9074|x|4|0.007|0.207|0.028|0.04|0.216|0.011|0.116|0.051|0.049|0.063|0.017|0.03|0.065|0.076|0.027
202411|46|28110|11170000|4311000000|서울|수원시|역삼동|서초1동|APT8399|자이|10785|1|6|0.065|0.079|0.086|0.004|0.057|0.071|0.092|0.115|0.173|0.011|0.033|0.086|0.019|0.065|0.045
202411|47|42110|43110000|2711000000|경기|강남구|서초동|역삼1동|APT7040|래미안|15320|1|6|0.039|0.026|0.084|0.063|0.077|0.151|0.252|0.037|0.024|0.023|0.002|0.13|0.026|0.052|0.014
202411|47|27110|41130000|4111000000|인천|성남시|역삼동|역삼1동|APT9114|푸르지오|12569|1|4|0.024|0.021|0.11|0.049|0.069|0.086|0.175|0.006|0.095|0.014|0.138|0.038|0.006|0.071|0.1
202411|26|46110|27110000|1111000000|경기|서초구|인계동|역삼1동|APT2788|힐스테이트|16181|2|6|0.187|0.094|0.08|0.203|0.011|0.018|0.021|0.019|0.044|0.024|0.064|0.014|0.059|0.067|0.095
202411|11|11200|26110000|4311000000|경기|성남시|인계동|서초1동|APT8121|푸르지오|14230|2|5|0.001|0.041|0.018|0.018|0.005|0.018|0.092|0.221|0.077|0.041|0.049|0.217|0.191|0.007|0.002
202411|46|47110|41110000|2614000000|서울|성남시|서초동|서초1동|APT8386|힐스테이트|6424|1|3|0.028|0.004|0.122|0.308|0.058|0.127|0.0|0.082|0.034|0.038|0.018|0.076|0.026|0.041|0.038
202411|41|11110|43110000|1114000000|부산|성남시|역삼동|역삼1동|APT3671|자이|14107|x|5|0.234|0.139|0.081|0.077|0.091|0.034|0.022|0.004|0.038|0.017|0.008|0.007|0.063|0.118|0.067
202411|41|45110|11200000|4611000000|부산|성남시|인계동|서초1동|APT1479|래미안|5868|2|5|0.002|0.027|0.064|0.101|0.019|0.047|0.126|0.022|0.012|0.046|0.086|0.211|0.118|0.107|0.011
202411|42|11110|41150000|1111000000|부산|수원시|서초동|역삼1동|APT6399|힐스테이트|8487|2|4|0.02|0.061|0.004|0.051|0.004|0.131|0.05|0.151|0.161|0.044|0.145|0.08|0.067|0.024|0.008
202411|42|27110|11170000|4115000000|부산|서초구|서초동|역삼1동|APT4343|래미안|8477|1|3|0.203|0.116|0.005|0.222|0.038|0.026|0.016|0.083|0.157|0.042|0.002|0.011|0.049|0.025|0.006
202411|45|27110|28110000|4113000000|인천|성남시|인계동|역삼1동|APT8848|힐스테이트|2724|1|6|0.114|0.008|0.101|0.011|0.031|0.066|0.02|0.03|0.084|0.069|0.09|0.115|0.02|0.019|0.223
202411|26|11170|11200000|4113000000|서울|수원시|인계동|역삼1동|APT8149|자이|19622|1|5|0.013|0.101|0.109|0.006|0.035|0.219|0.018|0.058|0.095|0.007|0.079|0.01|0.166|0.053|0.031
202411|47|41150|26140000|1120000000|경기|성남시|역삼동|서초1동|APT3738|힐스테이트|6345|1|4|0.068|0.279|0.066|0.01|0.075|0.038|0.093|0.05|0.118|0.02|0.044|0.012|0.037|0.027|0.063
202411|44|27110|28110000|4115000000|인천|성남시|역삼동|역삼1동|APT5680|자이|14265|2|5|0.079|0.12|0.044|0.079|0.006|0.041|0.049|0.038|0.071|0.078|0.142|0.003|0.083|0.083|0.084
202411|45|44130|26140000|4711000000|인천|성남시|인계동|역삼1동|APT6438|래미안|4293|1|3|0.158|0.065|0.021|0.138|0.124|0.002|0.004|0.016|0.184|0.031|0.119|0.049|0.007|0.072|0.01
202411|41|28110|26140000|2811000000|서울|서초구|인계동|역삼1동|APT4531|힐스테이트|19465|x|4|0.013|0.046|0.145|0.053|0.047|0.083|0.087|0.015|0.104|0.055|0.096|0.061|0.045|0.105|0.045
202411|47|26110|11200000|4611000000|서울|강남구|서초동|서초1동|APT5767|래미안|6354|2|3|0.028|0.039|0.132|0.053|0.019|0.012|0.055|0.119|0.205|0.2|0.003|0.042|0.019|0.046|0.028
202411|44|11200|41150000|4311000000|경기|성남시|역삼동|서초1동|APT3660|푸르지오|4945|1|3|0.277|0.033|0.116|0.004|0.029|0.051|0.03|0.026|0.124|0.008|0.033|0.148|0.037|0.071|0.014
202411|45|27110|41110000|1120000000|서울|성남시|인계동|역삼1동|APT6434|자이|8929|2|3|0.103|0.111|0.033|0.078|0.033|0.033|0.029|0.112|0.094|0.102|0.111|0.045|0.102|0.011|0.001
202411|11|45110|11140000|4211000000|부산|성남시|인계동|서초1동|APT6998|래미안|5343|1|6|0.074|0.17|0.075|0.103|0.007|0.094|0.082|0.006|0.055|0.072|0.062|0.031|0.026|0.102|0.042
202411|46|41130|11110000|4413000000|서울|성남시|서초동|역삼1동|APT1264|힐스테이트|14642|1|5|0.379|0.099|0.028|0.068|0.025|0.044|0.098|0.095|0.004|0.068|0.029|0.028|0.012|0.014|0.008
202411|44|41110|11110000|4111000000|서울|수원시|서초동|역삼1동|APT3193|푸르지오|4577|1|5|0.001|0.253|0.151|0.023|0.038|0.044|0.039|0.008|0.016|0.121|0.094|0.042|0.003|0.051|0.116
202411|27|41110|26140000|2811000000|경기|성남시|서초동|역삼1동|APT7732|힐스테이트|19989|2|3|0.136|0.143|0.085|0.055|0.01|0.112|0.028|0.026|0.04|0.104|0.017|0.001|0.213|0.009|0.022
202411|42|45110|47110000|2711000000|서울|수원시|인계동|역삼1동|APT3493|자이|9125|2|6|0.057|0.061|0.021|0.015|0.004|0.089|0.068|0.26|0.032|0.079|0.174|0.04|0.082|0.012|0.006
202411|46|11170|42110000|4113000000|부산|서초구|인계동|서초1동|APT6504|푸르지오|9308|2|3|0.014|0.07|0.166|0.005|0.002|0.203|0.064|0.064|0.026|0.037|0.02|0.1|0.075|0.098|0.057
202411|44|28110|11140000|1111000000|부산|성남시|인계동|서초1동|APT4217|자이|5723|2|5|0.002|0.035|0.046|0.089|0.015|0.003|0.172|0.029|0.034|0.092|0.064|0.118|0.001|0.127|0.174
202411|26|43110|46110000|4611000000|인천|수원시|서초동|역삼1동|APT9822|래미안|4151|1|2|0.059|0.099|0.021|0.045|0.098|0.03|0.019|0.025|0.118|0.036|0.023|0.014|0.03|0.107|0.277
202411|43|41110|26110000|2611000000|서울|강남구|인계동|역삼1동|APT7057|자이|15435|1|5|0.053|0.021|0.026|0.095|0.08|0.022|0.041|0.056|0.122|0.095|0.182|0.044|0.11|0.039|0.015
202411|11|43110|11110000|2611000000|인천|강남구|서초동|역삼1동|APT6148|푸르지오|3566|1|4|0.023|0.107|0.117|0.037|0.037|0.068|0.083|0.046|0.058|0.01|0.036|0.015|0.103|0.178|0.082
202411|27|26110|45110000|1120000000|서울|수원시|인계동|역삼1동|APT4012|자이|8289|1|6|0.077|0.034|0.04|0.053|0.139|0.06|0.043|0.109|0.195|0.055|0.051|0.004|0.036|0.06|0.044
202411|44|47110|27110000|4413000000|인천|성남시|서초동|역삼1동|APT4623|래미안|2217|2|4|0.006|0.01|0.004|0.157|0.066|0.084|0.019|0.053|0.014|0.01|0.027|0.006|0.373|0.167|0.003
202411|11|41150|41130000|4711000000|서울|서초구|인계동|서초1동|APT7788|자이|2323|1|6|0.103|0.024|0.015|0.008|0.034|0.134|0.08|0.161|0.076|0.0|0.045|0.019|0.177|0.032|0.093
202411|46|44130|11110000|4611000000|부산|수원시|역삼동|역삼1동|APT5155|래미안|5362|2|5|0.07|0.025|0.18|0.032|0.008|0.04|0.276|0.044|0.053|0.036|0.04|0.025|0.108|0.058|0.005
202411|42|27110|46110000|4311000000|부산|성남시|인계동|역삼1동|APT2013|푸르지오|2237|2|2|0.031|0.027|0.102|0.111|0.008|0.165|0.11|0.066|0.041|0.02|0.038|0.043|0.148|0.047|0.043
202411|44|28110|26110000|4413000000|인천|수원시|인계동|역삼1동|APT7105|래미안|9988|2|3|0.001|0.056|0.037|0.144|0.223|0.109|0.024|0.065|0.004|0.092|0.041|0.105|0.048|0.032|0.019
202411|11|26140|26110000|4611000000|서울|강남구|서초동|역삼1동|APT3203|힐스테이트|3418|2|4|0.104|0.03|0.048|0.069|0.007|0.004|0.161|0.058|0.008|0.071|0.012|0.015|0.296|0.028|0.09
202411|41|47110|46110000|1120000000|부산|수원시|인계동|서초1동|APT3755|자이|16427|2|6|0.06|0.002|0.007|0.027|0.05|0.14|0.048|0.042|0.045|0.148|0.156|0.13|0.062|0.009|0.073
202411|27|47110|44130000|4611000000|인천|서초구|인계동|서초1동|APT8868|자이|6416|1|5|0.018|0.044|0.086|0.003|0.027|0.005|0.082|0.06|0.121|0.113|0.005|0.064|0.1|0.227|0.046
202411|43|41150|44130000|4113000000|부산|강남구|서초동|서초1동|APT2641|힐스테이트|11371|1|4|0.009|0.028|0.001|0.016|0.166|0.192|0.083|0.051|0.03|0.036|0.018|0.048|0.083|0.204|0.035
202411|44|45110|11110000|4511000000|경기|강남구|인계동|서초1동|APT1951|래미안|13592|2|4|0.096|0.032|0.073|0.032|0.09|0.125|0.033|0.143|0.001|0.089|0.066|0.133|0.008|0.031|0.048
202411|45|28110|11140000|4413000000|서울|성남시|서초동|서초1동|APT2685|래미안|15679|2|5|0.018|0.006|0.102|0.028|0.005|0.13|0.035|0.078|0.288|0.028|0.118|0.108|0.01|0.013|0.035
202411|43|42110|44130000|2811000000|인천|강남구|인계동|역삼1동|APT9848|푸르지오|5884|1|5|0.031|0.14|0.001|0.014|0.024|0.038|0.116|0.081|0.053|0.123|0.031|0.016|0.21|0.062|0.058
202411|41|47110|11140000|4111000000|서울|서초구|인계동|역삼1동|APT3411|자이|12982|1|4|0.037|0.087|0.031|0.051|0.073|0.007|0.145|0.041|0.093|0.17|0.052|0.096|0.011|0.063|0.044
202411|47|26140|43110000|4111000000|서울|강남구|서초동|서초1동|APT3105|자이|6718|1|5|0.059|0.093|0.033|0.16|0.059|0.138|0.072|0.009|0.012|0.036|0.055|0.042|0.078|0.131|0.022
202411|11|47110|47110000|2811000000|서울|수원시|역삼동|서초1동|APT8978|푸르지오|15705|1|2|0.199|0.085|0.0|0.19|0.035|0.047|0.017|0.031|0.002|0.108|0.03|0.089|0.098|0.056|0.012
202411|41|26110|45110000|2811000000|경기|성남시|서초동|역삼1동|APT9531|래미안|11113|2|3|0.012|0.003|0.036|0.015|0.044|0.154|0.012|0.061|0.198|0.029|0.009|0.118|0.035|0.126|0.148
202411|27|11200|26110000|1114000000|서울|성남시|역삼동|서초1동|APT2150|자이|8755|2|2|0.001|0.007|0.105|0.005|0.049|0.019|0.049|0.013|0.052|0.185|0.065|0.304|0.016|0.126|0.004
202411|26|43110|44130000|2811000000|경기|서초구|역삼동|역삼1동|APT9968|자이|16404|1|4|0.002|0.061|0.114|0.012|0.018|0.052|0.138|0.015|0.042|0.119|0.06|0.081|0.176|0.066|0.044
202411|41|43110|42110000|4611000000|서울|강남구|역삼동|서초1동|APT9390|래미안|4791|1|4|0.045|0.051|0.12|0.064|0.374|0.079|0.09|0.014|0.026|0.034|0.038|0.008|0.001|0.051|0.004
202411|43|11200|41150000|2611000000|경기|수원시|서초동|역삼1동|APT8800|푸르지오|13452|1|3|0.016|0.05|0.042|0.018|0.034|0.078|0.256|0.01|0.056|0.039|0.106|0.09|0.036|0.094|0.075
202411|11|45110|28110000|4113000000|인천|수원시|인계동|역삼1동|APT1394|래미안|19733|1|4|0.104|0.04|0.086|0.039|0.042|0.002|0.045|0.323|0.045|0.046|0.003|0.088|0.045|0.04|0.051
202411|11|44130|11140000|1114000000|경기|강남구|역삼동|역삼1동|APT9715|래미안|10876|x|5|0.019|0.083|0.004|0.062|0.238|0.128|0.046|0.094|0.055|0.024|0.016|0.115|0.091|0.017|0.009
202411|26|28110|11110000|1114000000|인천|서초구|역삼동|역삼1동|APT7678|힐스테이트|8736|2|2|0.103|0.017|0.04|0.016|0.015|0.011|0.135|0.151|0.007|0.046|0.074|0.108|0.026|0.241|0.009
202411|42|11110|43110000|4711000000|경기|수원시|인계동|서초1동|APT4490|힐스테이트|19898|1|4|0.016|0.267|0.014|0.0|0.023|0.022|0.042|0.169|0.017|0.095|0.026|0.088|0.088|0.127|0.006
202411|42|43110|45110000|2811000000|부산|강남구|서초동|서초1동|APT5422|푸르지오|13291|2|3|0.014|0.07|0.03|0.141|0.117|0.01|0.026|0.022|0.009|0.065|0.056|0.003|0.098|0.174|0.167
202411|26|11140|26140000|2614000000|인천|강남구|서초동|서초1동|APT1538|힐스테이트|19476|2|5|0.11|0.038|0.082|0.018|0.239|0.064|0.01|0.03|0.029|0.067|0.063|0.079|0.13|0.001|0.04
202411|41|11200|27110000|2711000000|인천|강남구|서초동|역삼1동|APT7833|힐스테이트|14150|2|4|0.008|0.0|0.075|0.026|0.039|0.01|0.282|0.032|0.026|0.017|0.097|0.036|0.036|0.113|0.202
202411|46|11110|41110000|1117000000|인천|성남시|인계동|역삼1동|APT3469|푸르지오|6118|2|4|0.001|0.015|0.008|0.035|0.315|0.078|0.007|0.016|0.089|0.02|0.086|0.036|0.037|0.058|0.199
202411|26|26110|45110000|4211000000|부산|강남구|인계동|서초1동|APT7398|푸르지오|12324|2|4|0.034|0.142|0.008|0.043|0.014|0.104|0.022|0.159|0.042|0.004|0.02|0.329|0.012|0.059|0.01
202411|11|42110|46110000|4611000000|경기|강남구|역삼동|서초1동|APT4403|푸르지오|17667|1|4|0.201|0.181|0.006|0.036|0.044|0.098|0.029|0.037|0.185|0.029|0.026|0.004|0.044|0.055|0.024
202411|11|11170|11170000|4511000000|인천|서초구|인계동|역삼1동|APT9376|힐스테이트|10385|2|4|0.066|0.158|0.121|0.077|0.179|0.019|0.027|0.033|0.038|0.005|0.172|0.016|0.061|0.025|0.001
202411|45|44130|41150000|4115000000|경기|강남구|서초동|역삼1동|APT2986|푸르지오|14752|2|2|0.153|0.051|0.013|0.072|0.031|0.125|0.083|0.013|0.113|0.044|0.09|0.087|0.018|0.075|0.031
202411|42|11140|26110000|2611000000|인천|강남구|역삼동|역삼1동|APT8976|래미안|11384|2|4|0.208|0.086|0.12|0.002|0.13|0.095|0.131|0.076|0.025|0.037|0.029|0.008|0.019|0.027|0.007
202411|45|11170|45110000|4611000000|경기|강남구|서초동|서초1동|APT9060|푸르지오|7393|2|3|0.056|0.1|0.076|0.073|0.123|0.026|0.107|0.022|0.024|0.029|0.01|0.047|0.047|0.191|0.07
202411|43|42110|41110000|1114000000|서울|수원시|서초동|역삼1동|APT5503|푸르지오|15884|1|6|0.029|0.15|0.078|0.018|0.014|0.139|0.134|0.016|0.077|0.048|0.12|0.064|0.054|0.055|0.002
202411|43|11170|28110000|2711000000|부산|강남구|역삼동|서초1동|APT4080|푸르지오|18833|2|5|0.021|0.153|0.116|0.078|0.075|0.159|0.131|0.043|0.061|0.025|0.012|0.044|0.001|0.028|0.053
202411|45|43110|11200000|4111000000|인천|수원시|인계동|서초1동|APT9723|래미안|8217|2|4|0.018|0.06|0.06|0.12|0.038|0.009|0.011|0.216|0.002|0.166|0.063|0.101|0.003|0.025|0.108
202411|47|46110|11140000|1120000000|서울|성남시|서초동|역삼1동|APT9560|푸르지오|9099|2|5|0.006|0.01|0.064|0.012|0.114|0.025|0.218|0.037|0.028|0.141|0.075|0.044|0.094|0.106|0.023
202411|44|27110|26140000|2611000000|부산|수원시|서초동|역삼1동|APT4027|래미안|13643|2|6|0.012|0.017|0.037|0.122|0.13|0.019|0.025|0.056|0.008|0.064|0.208|0.078|0.215|0.008|0.0
202411|27|26140|11110000|4111000000|서울|서초구|인계동|서초1동|APT2548|래미안|13721|1|3|0.087|0.184|0.002|0.007|0.11|0.018|0.111|0.034|0.153|0.024|0.027|0.004|0.02|0.1|0.12
202411|41|11200|44130000|4511000000|경기|서초구|인계동|역삼1동|APT9715|래미안|5922|2|5|0.024|0.049|0.028|0.069|0.063|0.011|0.049|0.107|0.037|0.02|0.065|0.058|0.294|0.028|0.099
202411|45|26110|43110000|4115000000|부산|서초구|서초동|서초1동|APT4529|래미안|8693|x|6|0.171|0.184|0.001|0.134|0.05|0.105|0.065|0.126|0.014|0.014|0.025|0.014|0.011|0.084|0.001
202411|26|11110|41130000|4413000000|경기|수원시|서초동|서초1동|APT7796|푸르지오|5051|2|6|0.005|0.004|0.018|0.139|0.031|0.026|0.057|0.028|0.14|0.127|0.068|0.005|0.164|0.04|0.148
202411|27|41150|26140000|4413000000|서울|성남시|인계동|서초1동|APT8740|래미안|5807|2|6|0.001|0.038|0.137|0.149|0.031|0.006|0.01|0.065|0.013|0.274|0.038|0.025|0.018|0.073|0.121
202411|44|27110|26140000|4311000000|부산|강남구|인계동|역삼1동|APT9095|힐스테이트|17953|x|3|0.042|0.004|0.127|0.057|0.008|0.128|0.063|0.044|0.206|0.144|0.056|0.002|0.062|0.008|0.05
202411|45|41130|44130000|4413000000|서울|강남구|서초동|역삼1동|APT9574|자이|12238|2|4|0.084|0.147|0.005|0.131|0.068|0.008|0.102|0.078|0.031|0.035|0.063|0.037|0.041|0.155|0.016
202411|27|11140|26140000|2611000000|인천|강남구|서초동|서초1동|APT7254|푸르지오|8605|1|4|0.033|0.138|0.057|0.091|0.086|0.189|0.098|0.018|0.001|0.04|0.001|0.0|0.116|0.045|0.087
202411|47|41110|45110000|1111000000|서울|강남구|역삼동|서초1동|APT4877|래미안|3041|1|6|0.142|0.029|0.066|0.222|0.045|0.064|0.055|0.117|0.052|0.006|0.054|0.002|0.114|0.007|0.025
202411|11|44130|46110000|4511000000|부산|성남시|인계동|역삼1동|APT3811|래미안|16626|2|4|0.054|0.049|0.0|0.189|0.119|0.029|0.062|0.095|0.023|0.104|0.104|0.029|0.068|0.026|0.05
202411|26|47110|11140000|4511000000|부산|서초구|서초동|역삼1동|APT1430|힐스테이트|8558|2|6|0.001|0.006|0.18|0.023|0.275|0.013|0.022|0.049|0.016|0.05|0.087|0.035|0.091|0.008|0.144
202411|41|43110|11110000|2614000000|부산|서초구|인계동|역삼1동|APT5368|푸르지오|6578|1|6|0.181|0.077|0.034|0.104|0.015|0.018|0.058|0.115|0.028|0.091|0.028|0.089|0.076|0.063|0.024
202411|46|45110|11200000|1114000000|경기|강남구|인계동|역삼1동|APT7860|힐스테이트|9611|2|4|0.0|0.086|0.169|0.01|0.007|0.009|0.173|0.11|0.028|0.072|0.076|0.043|0.06|0.083|0.075
202411|46|42110|11140000|4511000000|서울|강남구|인계동|역삼1동|APT2286|래미안|19009|2|3|0.027|0.055|0.004|0.02|0.161|0.012|0.054|0.0|0.151|0.009|0.074|0.115|0.028|0.058|0.233
202411|11|28110|41110000|1120000000|부산|수원시|서초동|서초1동|APT8353|푸르지오|8227|1|2|0.014|0.139|0.192|0.067|0.058|0.022|0.026|0.071|0.018|0.014|0.054|0.124|0.098|0.064|0.04
202411|11|43110|43110000|4115000000|부산|성남시|서초동|서초1동|APT8346|힐스테이트|3091|1|5|0.103|0.151|0.05|0.057|0.08|0.048|0.005|0.085|0.011|0.063|0.021|0.157|0.085|0.055|0.029
202411|27|45110|41110000|4413000000|부산|성남시|서초동|서초1동|APT5342|자이|3245|2|5|0.012|0.077|0.096|0.12|0.157|0.004|0.029|0.127|0.031|0.023|0.008|0.043|0.114|0.086|0.072
202411|42|11110|47110000|1114000000|서울|성남시|역삼동|서초1동|APT8892|푸르지오|13444|1|4|0.006|0.037|0.005|0.008|0.072|0.074|0.219|0.059|0.07|0.011|0.016|0.077|0.277|0.011|0.061
202411|47|47110|44130000|2811000000|경기|서초구|인계동|서초1동|APT6992|래미안|13923|2|3|0.136|0.03|0.01|0.028|0.047|0.069|0.041|0.02|0.008|0.114|0.042|0.037|0.2|0.158|0.061
202411|41|46110|26140000|4115000000|서울|수원시|인계동|역삼1동|APT4994|푸르지오|18376|1|5|0.038|0.113|0.222|0.039|0.07|0.03|0.017|0.045|0.043|0.002|0.006|0.068|0.19|0.06|0.056
202411|41|11200|11170000|4611000000|부산|성남시|역삼동|역삼1동|APT5493|자이|7801|2|5|0.048|0.09|0.021|0.061|0.341|0.106|0.065|0.037|0.014|0.098|0.007|0.047|0.016|0.004|0.044
202411|46|44130|45110000|1117000000|인천|강남구|서초동|서초1동|APT1632|푸르지오|17692|x|5|0.108|0.033|0.004|0.026|0.232|0.091|0.169|0.034|0.011|0.073|0.01|0.048|0.005|0.147|0.009
202411|11|46110|41130000|2711000000|부산|강남구|서초동|서초1동|APT4081|푸르지오|13141|2|4|0.015|0.076|0.01|0.132|0.014|0.027|0.098|0.074|0.114|0.052|0.18|0.05|0.031|0.093|0.034
202411|41|11200|11110000|4511000000|서울|성남시|서초동|역삼1동|APT2627|힐스테이트|19801|2|6|0.013|0.065|0.07|0.221|0.073|0.105|0.024|0.083|0.008|0.036|0.089|0.047|0.009|0.128|0.028
202411|42|46110|41130000|4511000000|부산|수원시|서초동|서초1동|APT9182|푸르지오|15170|2|3|0.006|0.013|0.054|0.015|0.331|0.112|0.04|0.139|0.083|0.016|0.007|0.036|0.091|0.024|0.032
202411|43|41130|41130000|1120000000|부산|강남구|서초동|역삼1동|APT3024|래미안|10234|2|5|0.017|0.019|0.101|0.004|0.11|0.066|0.045|0.084|0.267|0.002|0.153|0.027|0.066|0.028|0.011
202411|42|46110|44130000|4115000000|부산|수원시|인계동|서초1동|APT8213|래미안|12186|2|5|0.073|0.05|0.022|0.083|0.104|0.003|0.111|0.326|0.064|0.044|0.024|0.005|0.025|0.038|0.028
202411|44|27110|41130000|1114000000|인천|강남구|서초동|역삼1동|APT6591|자이|16611|1|4|0.159|0.011|0.16|0.05|0.171|0.049|0.059|0.028|0.151|0.0|0.018|0.034|0.018|0.075|0.018
202411|26|47110|26110000|2614000000|경기|강남구|인계동|역삼1동|APT2779|래미안|19715|2|4|0.001|0.022|0.054|0.001|0.144|0.139|0.049|0.008|0.016|0.062|0.096|0.074|0.088|0.207|0.039
202411|27|28110|43110000|4413000000|부산|강남구|서초동|서초1동|APT8312|래미안|10090|2|6|0.053|0.1|0.058|0.171|0.008|0.096|0.007|0.137|0.024|0.081|0.006|0.101|0.027|0.108|0.022
202411|11|11200|27110000|1111000000|서울|수원시|역삼동|서초1동|APT5941|힐스테이트|18756|2|3|0.048|0.078|0.001|0.091|0.152|0.1|0.018|0.031|0.228|0.098|0.016|0.007|0.027|0.038|0.068
202411|43|11170|44130000|4511000000|서울|서초구|인계동|서초1동|APT7689|힐스테이트|6355|2|5|0.131|0.086|0.201|0.132|0.001|0.115|0.013|0.045|0.077|0.018|0.071|0.018|0.023|0.025|0.044
202411|11|27110|11170000|4611000000|서울|서초구|서초동|역삼1동|APT2181|래미안|7604|1|6|0.031|0.125|0.046|0.027|0.005|0.115|0.006|0.02|0.008|0.028|0.189|0.097|0.006|0.1|0.197
202411|43|46110|26140000|4711000000|서울|수원시|서초동|서초1동|APT7366|힐스테이트|18090|x|5|0.012|0.007|0.227|0.028|0.026|0.041|0.148|0.018|0.008|0.167|0.042|0.041|0.02|0.064|0.154
202411|11|26140|47110000|1120000000|인천|수원시|역삼동|서초1동|APT9179|푸르지오|11592|1|3|0.013|0.104|0.034|0.122|0.118|0.025|0.045|0.007|0.071|0.083|0.101|0.074|0.065|0.081|0.058
202411|43|11200|11140000|4413000000|부산|성남시|서초동|서초1동|APT6822|푸르지오|10217|x|3|0.093|0.004|0.109|0.014|0.051|0.304|0.028|0.158|0.049|0.009|0.002|0.05|0.053|0.069|0.007
202411|41|41130|11200000|4211000000|경기|강남구|서초동|서초1동|APT1120|푸르지오|12396|2|5|0.15|0.121|0.039|0.003|0.001|0.095|0.054|0.078|0.205|0.028|0.077|0.016|0.072|0.033|0.028
202411|43|11200|11110000|4511000000|서울|서초구|인계동|역삼1동|APT4382|래미안|4876|2|4|0.258|0.043|0.061|0.022|0.027|0.093|0.003|0.014|0.086|0.185|0.003|0.042|0.061|0.055|0.047
202411|47|43110|46110000|2811000000|서울|수원시|인계동|서초1동|APT9966|힐스테이트|13464|2|2|0.051|0.081|0.012|0.02|0.056|0.002|0.139|0.061|0.158|0.002|0.066|0.192|0.076|0.047|0.038
202411|41|42110|45110000|1117000000|경기|서초구|역삼동|역삼1동|APT5204|힐스테이트|7090|1|4|0.055|0.166|0.002|0.027|0.129|0.014|0.011|0.014|0.109|0.128|0.01|0.02|0.102|0.186|0.028
202411|27|26140|44130000|4111000000|경기|수원시|역삼동|역삼1동|APT8850|푸르지오|18166|1|5|0.207|0.08|0.073|0.028|0.063|0.005|0.061|0.033|0.163|0.054|0.021|0.057|0.072|0.07|0.012
202411|41|45110|41150000|4115000000|서울|서초구|역삼동|역삼1동|APT5448|힐스테이트|18941|2|3|0.046|0.036|0.08|0.163|0.187|0.005|0.044|0.085|0.058|0.02|0.069|0.062|0.038|0.083|0.025
202411|41|41150|41150000|4111000000|인천|성남시|서초동|서초1동|APT9033|래미안|15168|1|4|0.043|0.073|0.031|0.088|0.065|0.0|0.079|0.117|0.075|0.229|0.034|0.058|0.039|0.062|0.008
202411|44|11140|41130000|4413000000|부산|강남구|역삼동|역삼1동|APT6666|래미안|14325|2|3|0.027|0.1|0.018|0.166|0.027|0.173|0.027|0.057|0.079|0.074|0.005|0.044|0.066|0.1|0.036
202411|44|28110|41110000|4711000000|서울|서초구|서초동|역삼1동|APT4877|자이|14636|x|5|0.024|0.071|0.039|0.01|0.132|0.128|0.012|0.064|0.088|0.053|0.035|0.1|0.182|0.052|0.01
202411|43|44130|11110000|4115000000|경기|성남시|역삼동|서초1동|APT9372|힐스테이트|12172|1|2|0.009|0.017|0.034|0.105|0.003|0.012|0.122|0.027|0.031|0.065|0.188|0.006|0.138|0.169|0.075
202411|46|45110|11110000|1114000000|서울|강남구|인계동|서초1동|APT7564|자이|11077|2|3|0.023|0.021|0.005|0.1|0.064|0.008|0.028|0.014|0.26|0.016|0.043|0.133|0.042|0.027|0.216
202411|27|11110|47110000|4211000000|서울|수원시|인계동|역삼1동|APT5047|자이|4371|2|6|0.068|0.293|0.014|0.002|0.015|0.037|0.066|0.14|0.021|0.065|0.066|0.001|0.079|0.075|0.058
202411|11|11110|41150000|1111000000|인천|강남구|서초동|서초1동|APT7845|래미안|11060|1|5|0.113|0.041|0.159|0.033|0.005|0.006|0.118|0.126|0.067|0.162|0.012|0.032|0.075|0.049|0.003
202411|44|44130|46110000|1111000000|경기|수원시|역삼동|역삼1동|APT2599|래미안|16697|2|5|0.05|0.032|0.033|0.21|0.03|0.016|0.063|0.083|0.011|0.042|0.262|0.062|0.041|0.055|0.01
202411|27|41110|41130000|2711000000|서울|강남구|서초동|역삼1동|APT9182|래미안|8612|2|4|0.049|0.054|0.116|0.015|0.051|0.045|0.065|0.285|0.06|0.112|0.037|0.066|0.022|0.004|0.018
202411|46|26140|11140000|2811000000|인천|수원시|인계동|서초1동|APT9575|자이|3697|x|6|0.006|0.087|0.012|0.082|0.012|0.015|0.006|0.125|0.02|0.073|0.006|0.024|0.212|0.252|0.068
202411|27|46110|11110000|4113000000|서울|성남시|인계동|서초1동|APT4475|자이|18800|2|4|0.105|0.216|0.066|0.057|0.026|0.003|0.146|0.013|0.084|0.012|0.163|0.011|0.072|0.02|0.004
202411|41|43110|11170000|4111000000|인천|성남시|서초동|서초1동|APT6886|래미안|10347|2|5|0.041|0.008|0.029|0.172|0.035|0.003|0.035|0.132|0.031|0.043|0.063|0.05|0.253|0.089|0.016
202411|11|41130|11140000|4211000000|서울|강남구|인계동|역삼1동|APT7266|래미안|16358|2|3|0.019|0.167|0.023|0.033|0.058|0.003|0.032|0.031|0.078|0.046|0.058|0.001|0.001|0.158|0.292
202411|11|44130|28110000|4111000000|경기|성남시|서초동|서초1동|APT5778|래미안|5668|2|5|0.163|0.017|0.029|0.025|0.003|0.029|0.003|0.019|0.125|0.008|0.022|0.039|0.101|0.094|0.323
202411|11|41150|11110000|4115000000|경기|성남시|역삼동|서초1동|APT3129|래미안|2849|2|5|0.044|0.127|0.023|0.073|0.004|0.099|0.092|0.052|0.029|0.051|0.151|0.057|0.143|0.04|0.014
202411|44|41150|41110000|4711000000|경기|서초구|서초동|역삼1동|APT9218|자이|5910|1|2|0.055|0.0|0.081|0.017|0.02|0.004|0.036|0.057|0.078|0.266|0.049|0.024|0.101|0.13|0.082
202411|43|11170|11140000|1117000000|부산|성남시|서초동|서초1동|APT2142|힐스테이트|12470|1|4|0.059|0.128|0.06|0.042|0.078|0.054|0.049|0.055|0.072|0.064|0.101|0.064|0.05|0.105|0.019
202411|45|41130|26110000|1120000000|인천|수원시|역삼동|서초1동|APT7900|푸르지오|2152|2|2|0.036|0.033|0.038|0.005|0.003|0.035|0.083|0.166|0.127|0.001|0.253|0.084|0.105|0.024|0.007
202411|41|43110|11170000|1120000000|인천|수원시|인계동|서초1동|APT3521|래미안|17841|2|3|0.111|0.046|0.016|0.046|0.02|0.053|0.003|0.274|0.031|0.076|0.134|0.013|0.096|0.038|0.043
202411|26|11200|28110000|4711000000|경기|강남구|인계동|서초1동|APT6256|푸르지오|7495|1|4|0.115|0.037|0.024|0.09|0.018|0.091|0.054|0.039|0.075|0.288|0.096|0.02|0.006|0.008|0.04
202411|47|43110|11170000|2811000000|경기|강남구|역삼동|서초1동|APT6758|힐스테이트|10979|2|6|0.042|0.02|0.084|0.063|0.008|0.148|0.028|0.134|0.085|0.012|0.001|0.008|0.002|0.238|0.128
202411|26|46110|11110000|4511000000|부산|서초구|인계동|역삼1동|APT9176|푸르지오|3016|x|4|0.001|0.179|0.019|0.009|0.133|0.108|0.028|0.015|0.021|0.003|0.023|0.247|0.02|0.042|0.152
202411|26|11110|26110000|4413000000|부산|강남구|인계동|역삼1동|APT5478|자이|5719|1|3|0.09|0.02|0.018|0.016|0.149|0.001|0.074|0.032|0.012|0.087|0.223|0.089|0.102|0.018|0.069
202411|27|11170|46110000|1111000000|서울|성남시|역삼동|역삼1동|APT1721|푸르지오|11047|1|4|0.082|0.028|0.1|0.139|0.03|0.021|0.131|0.037|0.042|0.033|0.106|0.071|0.034|0.022|0.123
202411|47|44130|11140000|4113000000|경기|수원시|인계동|역삼1동|APT7885|래미안|14625|2|4|0.018|0.005|0.039|0.209|0.018|0.037|0.001|0.118|0.05|0.278|0.054|0.056|0.042|0.024|0.05
202411|45|47110|26140000|4711000000|인천|강남구|서초동|역삼1동|APT4659|푸르지오|19681|2|6|0.263|0.079|0.061|0.081|0.03|0.069|0.044|0.042|0.067|0.061|0.055|0.033|0.045|0.031|0.038
202411|26|26110|44130000|1117000000|인천|수원시|인계동|서초1동|APT2237|푸르지오|5636|1|3|0.053|0.014|0.001|0.05|0.18|0.173|0.005|0.046|0.03|0.066|0.029|0.134|0.021|0.148|0.049
202411|43|11170|47110000|4111000000|서울|수원시|서초동|서초1동|APT8739|자이|18223|2|4|0.119|0.065|0.01|0.02|0.021|0.288|0.001|0.074|0.105|0.112|0.001|0.024|0.081|0.039|0.041
202411|42|41130|42110000|4111000000|부산|수원시|서초동|역삼1동|APT1989|래미안|18280|1|3|0.043|0.058|0.069|0.142|0.04|0.065|0.095|0.312|0.025|0.006|0.011|0.048|0.049|0.032|0.004
202411|41|41130|11200000|4311000000|경기|서초구|서초동|역삼1동|APT2514|자이|8793|1|3|0.043|0.113|0.059|0.149|0.106|0.011|0.03|0.049|0.04|0.062|0.059|0.086|0.055|0.083|0.055
202411|41|41150|41130000|1120000000|경기|성남시|서초동|서초1동|APT6350|푸르지오|17395|2|5|0.267|0.09|0.05|0.031|0.04|0.04|0.11|0.16|0.027|0.001|0.018|0.04|0.008|0.049|0.07
202411|11|47110|43110000|4711000000|인천|서초구|인계동|역삼1동|APT5885|래미안|11765|2|6|0.065|0.053|0.265|0.179|0.006|0.005|0.032|0.034|0.036|0.013|0.032|0.027|0.094|0.064|0.096
202411|41|11140|44130000|4711000000|부산|서초구|인계동|역삼1동|APT3186|힐스테이트|14853|x|3|0.014|0.009|0.112|0.088|0.137|0.058|0.041|0.117|0.005|0.053|0.07|0.01|0.132|0.06|0.095
202411|26|11170|26110000|4211000000|서울|성남시|역삼동|서초1동|APT6578|래미안|3918|1|4|0.08|0.0|0.056|0.017|0.212|0.123|0.019|0.027|0.106|0.099|0.075|0.115|0.008|0.053|0.01
202411|44|11200|26110000|4211000000|인천|서초구|역삼동|역삼1동|APT2198|푸르지오|19616|1|5|0.105|0.079|0.005|0.065|0.081|0.018|0.034|0.228|0.017|0.006|0.015|0.047|0.078|0.094|0.129
202411|44|46110|42110000|4111000000|경기|수원시|역삼동|역삼1동|APT1830|자이|7313|2|6|0.263|0.023|0.004|0.144|0.088|0.157|0.004|0.006|0.059|0.008|0.031|0.062|0.069|0.052|0.03
202411|11|27110|42110000|4511000000|경기|서초구|서초동|역삼1동|APT8205|자이|14523|2|4|0.064|0.058|0.229|0.01|0.006|0.025|0.038|0.111|0.011|0.018|0.018|0.174|0.051|0.049|0.14
202411|45|26110|11170000|4115000000|경기|성남시|역삼동|서초1동|APT9948|힐스테이트|5562|2|2|0.045|0.054|0.108|0.111|0.046|0.104|0.078|0.027|0.019|0.005|0.014|0.045|0.083|0.04|0.221
202411|45|28110|46110000|4511000000|부산|강남구|인계동|서초1동|APT1063|푸르지오|4562|2|5|0.01|0.06|0.04|0.136|0.117|0.04|0.15|0.123|0.012|0.049|0.098|0.02|0.093|0.026|0.028
202411|45|44130|47110000|2611000000|경기|수원시|인계동|서초1동|APT8586|래미안|4116|2|3|0.044|0.045|0.064|0.09|0.034|0.009|0.007|0.131|0.066|0.013|0.011|0.032|0.286|0.14|0.03
202411|41|43110|11170000|1111000000|부산|수원시|서초동|역삼1동|APT6181|푸르지오|8020|2|4|0.038|0.04|0.055|0.004|0.252|0.018|0.055|0.006|0.102|0.057|0.142|0.158|0.017|0.005|0.05
202411|41|41150|47110000|4113000000|경기|강남구|인계동|서초1동|APT9632|푸르지오|6373|x|3|0.091|0.02|0.292|0.004|0.026|0.069|0.035|0.037|0.009|0.01|0.108|0.028|0.124|0.146|0.0
202411|45|27110|11140000|4611000000|서울|강남구|역삼동|역삼1동|APT1684|자이|4948|1|3|0.024|0.096|0.03|0.071|0.077|0.007|0.011|0.119|0.047|0.201|0.03|0.079|0.012|0.015|0.183
202411|26|11170|41110000|1111000000|인천|서초구|서초동|역삼1동|APT9766|푸르지오|12381|1|2|0.021|0.032|0.048|0.038|0.158|0.048|0.04|0.17|0.06|0.002|0.02|0.159|0.004|0.163|0.038
202411|47|11200|43110000|4511000000|서울|수원시|인계동|서초1동|APT7978|푸르지오|6246|1|2|0.008|0.042|0.048|0.063|0.115|0.115|0.094|0.008|0.131|0.013|0.086|0.018|0.159|0.011|0.088
202411|43|43110|42110000|4511000000|서울|수원시|역삼동|서초1동|APT7614|힐스테이트|18115|2|4|0.028|0.052|0.028|0.013|0.118|0.098|0.065|0.024|0.031|0.192|0.038|0.204|0.018|0.071|0.02
202411|27|26110|11170000|1117000000|부산|성남시|인계동|역삼1동|APT3455|힐스테이트|8916|1|2|0.124|0.058|0.002|0.156|0.024|0.009|0.249|0.033|0.073|0.04|0.002|0.014|0.01|0.144|0.065
202411|46|26110|26110000|2811000000|서울|성남시|인계동|서초1동|APT9766|래미안|18158|2|6|0.073|0.021|0.304|0.034|0.021|0.15|0.004|0.017|0.011|0.025|0.058|0.03|0.223|0.025|0.003
202411|44|11110|46110000|2611000000|경기|수원시|서초동|역삼1동|APT3948|힐스테이트|11507|1|4|0.021|0.109|0.098|0.065|0.097|0.002|0.063|0.036|0.18|0.035|0.008|0.085|0.064|0.014|0.124
202411|42|41110|44130000|2614000000|인천|강남구|인계동|역삼1동|APT3678|자이|12791|1|6|0.097|0.076|0.099|0.007|0.084|0.001|0.02|0.003|0.047|0.227|0.006|0.055|0.143|0.114|0.019
202411|41|41130|26110000|2811000000|인천|수원시|인계동|서초1동|APT8453|힐스테이트|7536|2|6|0.152|0.01|0.049|0.095|0.051|0.016|0.106|0.017|0.195|0.003|0.078|0.042|0.013|0.022|0.151
202411|47|26140|41150000|1117000000|경기|강남구|역삼동|역삼1동|APT9463|자이|3804|1|4|0.1|0.055|0.078|0.019|0.017|0.135|0.005|0.103|0.021|0.09|0.002|0.081|0.271|0.013|0.01
202411|47|11140|11170000|1120000000|경기|성남시|인계동|역삼1동|APT4890|힐스테이트|3277|1|3|0.008|0.018|0.093|0.205|0.19|0.061|0.003|0.02|0.05|0.026|0.01|0.063|0.093|0.085|0.074
202411|27|11170|27110000|4711000000|경기|강남구|역삼동|역삼1동|APT5193|자이|11907|1|6|0.128|0.098|0.018|0.052|0.099|0.045|0.14|0.009|0.117|0.085|0.021|0.063|0.005|0.064|0.057
202411|45|43110|45110000|2614000000|부산|서초구|서초동|역삼1동|APT2696|푸르지오|10151|x|4|0.148|0.116|0.01|0.048|0.166|0.077|0.009|0.056|0.056|0.038|0.027|0.097|0.005|0.108|0.039
202411|42|26110|26110000|2711000000|인천|서초구|인계동|서초1동|APT5547|래미안|13775|1|6|0.135|0.215|0.018|0.002|0.038|0.025|0.167|0.005|0.136|0.073|0.031|0.005|0.054|0.067|0.029
202411|11|47110|47110000|2614000000|서울|성남시|역삼동|역삼1동|APT1628|래미안|6572|2|4|0.013|0.128|0.102|0.021|0.005|0.016|0.169|0.096|0.128|0.008|0.028|0.006|0.104|0.065|0.113
202411|43|11110|28110000|2711000000|인천|서초구|인계동|서초1동|APT4160|힐스테이트|14738|2|5|0.009|0.167|0.187|0.027|0.029|0.044|0.045|0.021|0.07|0.013|0.077|0.053|0.003|0.184|0.072
202411|45|41130|41150000|4115000000|부산|서초구|서초동|서초1동|APT9758|자이|15100|2|5|0.008|0.184|0.163|0.007|0.059|0.043|0.077|0.161|0.02|0.083|0.06|0.031|0.071|0.002|0.032
202411|46|11170|42110000|4115000000|인천|성남시|서초동|서초1동|APT8634|푸르지오|2518|1|5|0.019|0.064|0.107|0.038|0.012|0.173|0.016|0.09|0.083|0.019|0.041|0.028|0.085|0.139|0.086
202411|42|47110|45110000|4311000000|인천|수원시|서초동|서초1동|APT6451|자이|17197|1|2|0.226|0.131|0.027|0.07|0.041|0.035|0.121|0.161|0.029|0.035|0.019|0.02|0.037|0.02|0.027
202411|27|11140|27110000|1114000000|인천|수원시|인계동|역삼1동|APT3320|힐스테이트|4456|2|5|0.033|0.082|0.066|0.152|0.006|0.026|0.217|0.013|0.061|0.041|0.106|0.083|0.064|0.027|0.024
202411|27|27110|11170000|2811000000|인천|수원시|서초동|서초1동|APT2161|푸르지오|7622|1|2|0.013|0.129|0.008|0.089|0.003|0.171|0.052|0.069|0.019|0.062|0.053|0.117|0.146|0.057|0.012
202411|11|46110|28110000|4711000000|부산|서초구|서초동|역삼1동|APT6185|래미안|6795|x|3|0.059|0.035|0.06|0.019|0.027|0.066|0.017|0.092|0.152|0.146|0.104|0.004|0.116|0.03|0.072
202411|45|11140|45110000|4115000000|인천|서초구|역삼동|역삼1동|APT6620|힐스테이트|12420|1|6|0.062|0.007|0.065|0.013|0.021|0.019|0.064|0.015|0.23|0.022|0.107|0.023|0.011|0.013|0.328
202411|47|26110|45110000|2711000000|경기|강남구|서초동|역삼1동|APT9433|푸르지오|5777|1|4|0.127|0.088|0.013|0.102|0.07|0.109|0.043|0.007|0.083|0.051|0.015|0.02|0.245|0.028|0.0
202411|46|11170|44130000|4711000000|부산|강남구|역삼동|역삼1동|APT8398|자이|7230|x|4|0.011|0.053|0.114|0.097|0.165|0.06|0.02|0.011|0.007|0.015|0.07|0.009|0.094|0.116|0.158
202411|45|43110|11140000|4711000000|인천|서초구|역삼동|역삼1동|APT6766|힐스테이트|12957|1|3|0.087|0.045|0.021|0.101|0.004|0.024|0.208|0.177|0.025|0.052|0.003|0.045|0.185|0.003|0.02
202411|41|47110|26140000|4311000000|인천|성남시|인계동|서초1동|APT6892|힐스테이트|12974|2|6|0.134|0.037|0.026|0.298|0.062|0.003|0.049|0.025|0.057|0.029|0.032|0.088|0.021|0.008|0.133
202411|11|47110|11140000|4211000000|인천|강남구|서초동|역삼1동|APT6967|힐스테이트|9290|1|4|0.042|0.088|0.043|0.074|0.133|0.065|0.109|0.046|0.034|0.166|0.022|0.069|0.001|0.058|0.049
202411|11|27110|45110000|2711000000|인천|성남시|인계동|서초1동|APT7011|자이|18758|2|4|0.229|0.06|0.038|0.06|0.05|0.073|0.076|0.021|0.016|0.048|0.02|0.033|0.171|0.067|0.039
202411|27|41110|41150000|4113000000|경기|서초구|서초동|역삼1동|APT4410|푸르지오|12254|1|6|0.114|0.019|0.171|0.061|0.026|0.124|0.012|0.04|0.088|0.108|0.059|0.009|0.013|0.063|0.094
202411|46|11170|11200000|4511000000|경기|성남시|역삼동|서초1동|APT4179|푸르지오|9161|1|4|0.012|0.032|0.036|0.026|0.034|0.273|0.012|0.214|0.14|0.005|0.045|0.034|0.005|0.087|0.043
202411|26|41150|11110000|1114000000|경기|서초구|인계동|역삼1동|APT5137|힐스테이트|2261|1|4|0.023|0.062|0.049|0.004|0.079|0.076|0.053|0.006|0.157|0.052|0.039|0.003|0.058|0.077|0.261
202411|42|42110|11110000|2611000000|경기|서초구|인계동|서초1동|APT5226|래미안|6578|1|5|0.01|0.076|0.072|0.132|0.096|0.053|0.042|0.066|0.048|0.067|0.057|0.053|0.016|0.05|0.163
202411|27|43110|47110000|2611000000|인천|성남시|역삼동|역삼1동|APT3578|푸르지오|6899|2|6|0.082|0.165|0.002|0.099|0.032|0.123|0.02|0.123|0.01|0.028|0.111|0.061|0.022|0.048|0.074
202411|46|11170|44130000|4111000000|서울|강남구|역삼동|서초1동|APT7175|래미안|16758|1|5|0.067|0.116|0.06|0.071|0.168|0.008|0.053|0.038|0.072|0.096|0.004|0.148|0.025|0.021|0.054
202411|47|26110|45110000|1114000000|서울|성남시|역삼동|역삼1동|APT5101|푸르지오|2231|2|6|0.024|0.016|0.003|0.033|0.354|0.091|0.056|0.078|0.031|0.016|0.147|0.093|0.019|0.007|0.029
202411|41|26110|27110000|4211000000|경기|수원시|역삼동|역삼1동|APT4115|래미안|18604|2|4|0.003|0.001|0.092|0.018|0.04|0.148|0.011|0.152|0.076|0.126|0.036|0.092|0.069|0.124|0.012
202411|42|27110|27110000|2711000000|서울|강남구|역삼동|서초1동|APT4156|자이|8238|2|2|0.021|0.059|0.058|0.108|0.068|0.124|0.131|0.123|0.078|0.001|0.013|0.091|0.012|0.106|0.007
202411|47|26110|27110000|4311000000|인천|강남구|역삼동|역삼1동|APT6201|래미안|4277|1|5|0.101|0.221|0.033|0.115|0.002|0.033|0.114|0.093|0.035|0.056|0.086|0.007|0.045|0.006|0.054
202411|41|11140|26110000|4113000000|인천|서초구|역삼동|역삼1동|APT7086|힐스테이트|7553|2|5|0.043|0.03|0.186|0.045|0.02|0.017|0.191|0.005|0.081|0.087|0.009|0.055|0.004|0.033|0.195
202411|46|26140|44130000|4211000000|부산|성남시|역삼동|서초1동|APT5205|푸르지오|15897|1|3|0.054|0.015|0.005|0.236|0.28|0.025|0.059|0.012|0.055|0.068|0.012|0.055|0.076|0.032|0.015
202411|11|11200|41130000|1111000000|부산|수원시|인계동|서초1동|APT7760|래미안|2611|1|5|0.26|0.009|0.049|0.086|0.113|0.03|0.029|0.054|0.081|0.027|0.013|0.02|0.105|0.048|0.076
202411|11|26110|28110000|2711000000|서울|서초구|서초동|역삼1동|APT6660|힐스테이트|2924|1|6|0.009|0.009|0.068|0.053|0.01|0.183|0.149|0.003|0.013|0.212|0.063|0.086|0.028|0.065|0.046
202411|41|11140|11140000|2614000000|서울|강남구|서초동|역삼1동|APT4620|푸르지오|10468|1|5|0.082|0.039|0.005|0.113|0.013|0.005|0.098|0.018|0.088|0.057|0.052|0.15|0.014|0.181|0.086
202411|27|43110|41130000|2611000000|서울|성남시|인계동|서초1동|APT4024|래미안|16638|x|5|0.031|0.025|0.053|0.106|0.01|0.049|0.046|0.164|0.17|0.091|0.009|0.113|0.054|0.001|0.079
202411|26|45110|28110000|4511000000|경기|성남시|인계동|서초1동|APT2838|힐스테이트|4795|2|5|0.002|0.131|0.047|0.002|0.032|0.096|0.148|0.022|0.073|0.023|0.119|0.022|0.126|0.047|0.11
202411|41|47110|11200000|4511000000|부산|서초구|역삼동|서초1동|APT8627|힐스테이트|12918|1|3|0.253|0.047|0.013|0.0|0.009|0.031|0.135|0.124|0.012|0.133|0.13|0.032|0.008|0.012|0.062
202411|42|45110|27110000|4115000000|서울|서초구|인계동|서초1동|APT2678|힐스테이트|3462|x|4|0.003|0.087|0.071|0.016|0.092|0.036|0.103|0.19|0.134|0.077|0.012|0.007|0.026|0.012|0.135
202411|44|11140|46110000|1120000000|경기|성남시|인계동|역삼1동|APT1858|래미안|15132|1|4|0.25|0.134|0.049|0.084|0.036|0.03|0.087|0.026|0.009|0.0|0.0|0.124|0.127|0.033|0.01
202411|41|41110|41130000|4611000000|경기|강남구|역삼동|서초1동|APT2718|힐스테이트|8256|1|4|0.023|0.012|0.002|0.141|0.144|0.071|0.105|0.168|0.035|0.025|0.018|0.001|0.209|0.031|0.014
202411|11|43110|42110000|4711000000|서울|강남구|역삼동|역삼1동|APT1767|자이|3743|1|5|0.149|0.036|0.223|0.027|0.016|0.013|0.053|0.027|0.068|0.057|0.015|0.155|0.049|0.102|0.01
202411|46|11170|42110000|4711000000|서울|수원시|서초동|역삼1동|APT5743|푸르지오|11002|2|2|0.057|0.29|0.044|0.01|0.008|0.015|0.067|0.23|0.115|0.073|0.015|0.036|0.032|0.007|0.0
202411|41|42110|11200000|1117000000|인천|서초구|역삼동|역삼1동|APT2843|자이|17460|1|3|0.109|0.016|0.074|0.048|0.006|0.073|0.045|0.007|0.018|0.09|0.031|0.178|0.118|0.161|0.026
202411|41|11110|27110000|2711000000|서울|서초구|인계동|서초1동|APT4067|푸르지오|8566|2|6|0.078|0.13|0.054|0.09|0.105|0.019|0.113|0.009|0.057|0.041|0.059|0.135|0.001|0.063|0.046
202411|44|45110|26110000|4611000000|부산|성남시|서초동|서초1동|APT3184|힐스테이트|9204|1|5|0.017|0.156|0.01|0.011|0.154|0.027|0.041|0.005|0.15|0.005|0.09|0.112|0.053|0.139|0.03
202411|47|26140|11140000|2811000000|서울|서초구|역삼동|서초1동|APT2785|자이|14385|2|5|0.012|0.106|0.025|0.013|0.005|0.154|0.12|0.023|0.089|0.155|0.047|0.006|0.214|0.008|0.022
202411|45|45110|26140000|2711000000|인천|강남구|인계동|역삼1동|APT9292|래미안|4577|1|4|0.031|0.125|0.006|0.021|0.151|0.007|0.013|0.042|0.209|0.041|0.026|0.035|0.016|0.103|0.173
202411|11|41110|11110000|4113000000|서울|수원시|역삼동|역삼1동|APT1184|힐스테이트|9641|2|4|0.01|0.082|0.026|0.017|0.021|0.008|0.117|0.026|0.098|0.044|0.192|0.154|0.098|0.011|0.097
202411|46|27110|27110000|2711000000|서울|강남구|서초동|역삼1동|APT2032|자이|14385|1|4|0.007|0.058|0.187|0.213|0.02|0.0|0.021|0.021|0.036|0.042|0.047|0.035|0.049|0.208|0.055
202411|11|11140|27110000|4113000000|인천|수원시|역삼동|서초1동|APT1990|힐스테이트|19295|2|5|0.004|0.224|0.031|0.043|0.026|0.167|0.027|0.023|0.085|0.02|0.05|0.088|0.026|0.036|0.15
202411|46|28110|41130000|1114000000|인천|성남시|역삼동|서초1동|APT5451|힐스테이트|16716|2|5|0.063|0.046|0.054|0.004|0.034|0.15|0.049|0.073|0.03|0.04|0.022|0.107|0.221|0.022|0.084
202411|41|41130|46110000|4511000000|인천|수원시|역삼동|역삼1동|APT8608|자이|15864|2|3|0.052|0.054|0.033|0.021|0.139|0.074|0.039|0.021|0.012|0.161|0.06|0.097|0.111|0.018|0.109
202411|27|27110|26110000|4211000000|서울|서초구|인계동|서초1동|APT5456|자이|8305|2|4|0.026|0.2|0.019|0.042|0.013|0.054|0.003|0.067|0.066|0.113|0.16|0.001|0.004|0.067|0.164
202411|44|46110|11170000|4311000000|경기|서초구|인계동|서초1동|APT2296|자이|5205|2|4|0.045|0.105|0.047|0.138|0.003|0.1|0.055|0.013|0.114|0.058|0.111|0.062|0.023|0.067|0.059
202411|44|44130|47110000|4111000000|서울|수원시|서초동|서초1동|APT1440|힐스테이트|10557|x|6|0.134|0.019|0.05|0.035|0.035|0.028|0.146|0.124|0.039|0.026|0.03|0.058|0.1|0.064|0.113
202411|27|41130|46110000|4115000000|경기|서초구|서초동|역삼1동|APT7374|푸르지오|10510|2|4|0.049|0.006|0.124|0.041|0.106|0.035|0.07|0.063|0.079|0.048|0.033|0.044|0.241|0.022|0.037
202411|46|46110|41150000|1117000000|부산|성남시|인계동|서초1동|APT6173|푸르지오|15705|2|4|0.058|0.0|0.057|0.063|0.022|0.123|0.07|0.051|0.001|0.034|0.029|0.023|0.138|0.196|0.135
202411|11|26140|26140000|2711000000|인천|서초구|인계동|서초1동|APT4832|래미안|13269|1|5|0.035|0.067|0.016|0.14|0.032|0.196|0.005|0.095|0.001|0.179|0.103|0.095|0.015|0.014|0.008
202411|42|28110|11110000|4211000000|경기|강남구|서초동|서초1동|APT9870|래미안|18315|1|4|0.022|0.101|0.105|0.035|0.104|0.026|0.004|0.137|0.048|0.03|0.009|0.072|0.035|0.051|0.224
202411|47|46110|27110000|4113000000|서울|서초구|역삼동|역삼1동|APT6967|래미안|4212|x|3|0.057|0.01|0.04|0.009|0.207|0.026|0.002|0.152|0.005|0.071|0.052|0.019|0.114|0.065|0.171
202411|41|28110|45110000|4211000000|경기|강남구|역삼동|역삼1동|APT6888|푸르지오|15377|1|5|0.063|0.016|0.037|0.006|0.198|0.054|0.074|0.085|0.052|0.055|0.032|0.049|0.055|0.159|0.064
202411|11|41130|11170000|4611000000|경기|강남구|역삼동|서초1동|APT5701|래미안|11191|2|5|0.053|0.014|0.006|0.008|0.111|0.044|0.007|0.068|0.075|0.21|0.019|0.11|0.008|0.267|0.001
202411|11|11110|11200000|1117000000|경기|서초구|인계동|서초1동|APT3932|푸르지오|5714|2|5|0.015|0.14|0.11|0.035|0.062|0.003|0.128|0.009|0.049|0.135|0.025|0.009|0.124|0.078|0.078
202411|26|28110|47110000|4211000000|부산|수원시|역삼동|서초1동|APT2429|힐스테이트|14727|2|3|0.01|0.045|0.047|0.062|0.027|0.208|0.208|0.046|0.015|0.011|0.252|0.019|0.005|0.044|0.001
202411|42|46110|41110000|2614000000|인천|성남시|인계동|서초1동|APT1746|래미안|8660|2|6|0.025|0.012|0.149|0.053|0.018|0.112|0.079|0.044|0.041|0.263|0.028|0.002|0.017|0.116|0.043
202411|26|42110|28110000|4413000000|부산|서초구|역삼동|역삼1동|APT4303|래미안|16143|x|6|0.11|0.023|0.114|0.066|0.051|0.061|0.008|0.0|0.045|0.113|0.017|0.01|0.061|0.138|0.18
202411|44|47110|41130000|2614000000|경기|서초구|인계동|서초1동|APT4920|자이|16246|1|4|0.007|0.04|0.016|0.012|0.021|0.082|0.026|0.209|0.01|0.026|0.011|0.069|0.097|0.017|0.358
202411|26|45110|41110000|1120000000|서울|강남구|서초동|역삼1동|APT7961|힐스테이트|5325|2|5|0.005|0.046|0.1|0.007|0.088|0.097|0.103|0.065|0.026|0.258|0.037|0.012|0.067|0.041|0.047
202411|41|11200|27110000|4511000000|경기|성남시|인계동|서초1동|APT6444|푸르지오|12313|2|3|0.046|0.086|0.145|0.337|0.042|0.009|0.059|0.06|0.048|0.025|0.008|0.032|0.056|0.02|0.027
202411|46|11140|11200000|1117000000|경기|강남구|역삼동|역삼1동|APT7120|자이|18695|2|4|0.1|0.051|0.04|0.02|0.098|0.007|0.086|0.002|0.055|0.093|0.043|0.091|0.084|0.038|0.19
202411|26|46110|47110000|1120000000|부산|수원시|역삼동|역삼1동|APT7024|자이|2103|1|3|0.095|0.013|0.093|0.018|0.013|0.075|0.056|0.023|0.021|0.012|0.006|0.513|0.028|0.003|0.032
202411|42|11140|46110000|2811000000|서울|성남시|역삼동|서초1동|APT6645|힐스테이트|10563|1|4|0.045|0.077|0.048|0.132|0.001|0.061|0.096|0.002|0.087|0.194|0.009|0.029|0.02|0.166|0.033
202411|41|41110|28110000|4211000000|경기|성남시|서초동|서초1동|APT6015|힐스테이트|15100|1|3|0.001|0.026|0.003|0.307|0.005|0.121|0.051|0.016|0.028|0.082|0.097|0.001|0.021|0.106|0.135
202411|46|41150|44130000|2811000000|부산|강남구|서초동|서초1동|APT8467|힐스테이트|6015|2|2|0.009|0.005|0.002|0.097|0.027|0.046|0.015|0.075|0.067|0.126|0.188|0.024|0.255|0.026|0.038
202411|41|28110|41150000|2711000000|인천|성남시|인계동|서초1동|APT9460|푸르지오|3014|1|4|0.081|0.044|0.059|0.125|0.127|0.126|0.021|0.007|0.115|0.068|0.05|0.004|0.036|0.098|0.038
202411|43|26110|11110000|1117000000|부산|수원시|서초동|역삼1동|APT2587|래미안|12910|x|4|0.095|0.25|0.044|0.007|0.008|0.012|0.187|0.065|0.01|0.039|0.013|0.068|0.088|0.039|0.075
202411|27|28110|45110000|2711000000|부산|강남구|인계동|서초1동|APT5352|자이|2804|1|3|0.013|0.127|0.003|0.007|0.017|0.11|0.063|0.055|0.15|0.024|0.139|0.113|0.006|0.008|0.164
202411|44|26110|26140000|1114000000|경기|수원시|인계동|서초1동|APT8326|푸르지오|4711|1|5|0.014|0.016|0.016|0.076|0.058|0.026|0.107|0.001|0.191|0.177|0.221|0.015|0.034|0.027|0.021
202411|27|27110|26110000|1117000000|인천|성남시|인계동|서초1동|APT9392|자이|18721|1|2|0.197|0.039|0.018|0.033|0.017|0.02|0.004|0.149|0.199|0.186|0.027|0.047|0.026|0.028|0.012
202411|45|46110|26140000|4413000000|부산|강남구|역삼동|서초1동|APT7172|힐스테이트|19384|2|2|0.047|0.145|0.057|0.074|0.017|0.026|0.216|0.024|0.01|0.015|0.058|0.131|0.032|0.099|0.048
202411|27|11170|27110000|2611000000|서울|성남시|서초동|서초1동|APT2301|힐스테이트|15039|1|5|0.12|0.055|0.019|0.001|0.094|0.154|0.068|0.017|0.189|0.02|0.041|0.003|0.126|0.058|0.036
202411|45|47110|41150000|4511000000|인천|강남구|역삼동|역삼1동|APT2836|힐스테이트|7859|1|4|0.096|0.036|0.037|0.003|0.002|0.024|0.015|0.087|0.038|0.207|0.002|0.231|0.183|0.01|0.03
202411|26|26110|28110000|4311000000|부산|서초구|인계동|역삼1동|APT8211|푸르지오|15296|1|6|0.013|0.261|0.012|0.078|0.042|0.087|0.014|0.066|0.189|0.07|0.002|0.051|0.058|0.027|0.028
202411|27|26110|11110000|4413000000|서울|강남구|서초동|역삼1동|APT2737|푸르지오|10160|1|6|0.021|0.321|0.122|0.113|0.0|0.024|0.025|0.057|0.033|0.004|0.077|0.032|0.081|0.03|0.06
202411|27|45110|43110000|4711000000|부산|성남시|역삼동|역삼1동|APT3933|푸르지오|5885|1|4|0.083|0.127|0.009|0.052|0.055|0.018|0.206|0.069|0.06|0.026|0.002|0.097|0.0|0.109|0.086
202411|44|45110|11110000|2711000000|인천|강남구|역삼동|역삼1동|APT5901|푸르지오|6000|1|4|0.115|0.027|0.126|0.141|0.044|0.004|0.012|0.177|0.091|0.078|0.077|0.005|0.064|0.016|0.023
202411|44|44130|42110000|4413000000|인천|수원시|서초동|서초1동|APT9018|푸르지오|5551|1|3|0.068|0.061|0.001|0.085|0.049|0.102|0.033|0.002|0.125|0.016|0.162|0.127|0.006|0.077|0.085
202411|44|11170|46110000|4711000000|서울|서초구|역삼동|역삼1동|APT6397|자이|2219|1|6|0.022|0.016|0.092|0.036|0.085|0.006|0.004|0.081|0.068|0.021|0.234|0.015|0.205|0.117|0.001
202411|43|42110|28110000|4511000000|서울|수원시|인계동|역삼1동|APT7187|푸르지오|4634|2|5|0.04|0.05|0.053|0.066|0.02|0.025|0.025|0.107|0.091|0.116|0.017|0.118|0.023|0.231|0.018
202411|46|28110|44130000|4311000000|인천|성남시|서초동|역삼1동|APT8623|래미안|18213|1|4|0.179|0.032|0.054|0.085|0.013|0.072|0.072|0.044|0.038|0.17|0.135|0.016|0.053|0.002|0.033
202411|44|41130|28110000|4311000000|경기|성남시|서초동|역삼1동|APT2600|힐스테이트|3500|x|5|0.016|0.034|0.088|0.014|0.097|0.037|0.292|0.053|0.024|0.134|0.04|0.004|0.006|0.151|0.011
202411|11|28110|26140000|4113000000|경기|성남시|역삼동|서초1동|APT6373|자이|4295|x|4|0.028|0.07|0.012|0.039|0.032|0.02|0.061|0.013|0.06|0.085|0.45|0.026|0.021|0.005|0.076
202411|42|43110|41150000|4111000000|서울|수원시|인계동|서초1동|APT6870|푸르지오|11653|1|2|0.014|0.1|0.038|0.031|0.037|0.04|0.013|0.153|0.009|0.059|0.1|0.02|0.222|0.114|0.05
202411|46|46110|44130000|4111000000|인천|강남구|서초동|역삼1동|APT6163|자이|6699|2|5|0.081|0.05|0.089|0.021|0.114|0.047|0.116|0.025|0.063|0.133|0.103|0.063|0.09|0.006|0.001
202411|26|28110|26110000|4711000000|경기|강남구|역삼동|서초1동|APT6839|힐스테이트|15991|2|5|0.137|0.159|0.022|0.044|0.065|0.047|0.035|0.167|0.009|0.002|0.01|0.272|0.001|0.016|0.014
202411|27|11200|44130000|4413000000|서울|수원시|서초동|서초1동|APT6459|래미안|7055|1|3|0.178|0.03|0.002|0.042|0.022|0.019|0.208|0.075|0.005|0.015|0.109|0.049|0.121|0.005|0.119
202411|26|26140|41110000|2811000000|부산|성남시|역삼동|서초1동|APT9085|자이|4902|1|5|0.184|0.014|0.063|0.1|0.016|0.063|0.013|0.028|0.02|0.113|0.134|0.161|0.026|0.02|0.044
202411|46|44130|28110000|2711000000|인천|성남시|인계동|서초1동|APT3742|래미안|13265|2|2|0.048|0.005|0.051|0.017|0.167|0.35|0.044|0.005|0.001|0.106|0.007|0.006|0.062|0.048|0.083
202411|26|26110|11170000|4611000000|경기|강남구|서초동|역삼1동|APT4632|힐스테이트|13218|2|6|0.036|0.033|0.004|0.002|0.1|0.022|0.19|0.016|0.266|0.092|0.002|0.069|0.013|0.13|0.025
202411|11|44130|11140000|2611000000|인천|서초구|역삼동|서초1동|APT1743|푸르지오|6533|1|5|0.082|0.076|0.024|0.096|0.019|0.017|0.006|0.015|0.312|0.024|0.124|0.011|0.015|0.116|0.063
202411|26|27110|11200000|4611000000|서울|강남구|역삼동|서초1동|APT6450|자이|11504|2|5|0.066|0.283|0.012|0.003|0.002|0.0|0.039|0.124|0.008|0.202|0.008|0.003|0.026|0.121|0.103
202411|27|11170|44130000|1114000000|경기|수원시|인계동|서초1동|APT1231|래미안|12149|1|6|0.115|0.033|0.004|0.138|0.094|0.001|0.056|0.097|0.2|0.044|0.024|0.029|0.021|0.031|0.113
202411|46|41130|27110000|1120000000|부산|수원시|인계동|서초1동|APT8860|래미안|4868|1|5|0.212|0.102|0.075|0.112|0.023|0.058|0.002|0.049|0.01|0.091|0.006|0.099|0.009|0.132|0.021
202411|47|46110|47110000|2811000000|부산|수원시|역삼동|서초1동|APT9386|자이|19712|1|5|0.076|0.022|0.04|0.047|0.068|0.009|0.003|0.19|0.197|0.041|0.038|0.166|0.008|0.061|0.035
202411|42|47110|26110000|2611000000|경기|서초구|역삼동|역삼1동|APT6813|힐스테이트|5107|2|6|0.002|0.121|0.054|0.009|0.135|0.156|0.084|0.094|0.02|0.091|0.09|0.033|0.026|0.048|0.036
202411|47|45110|11170000|2614000000|부산|수원시|인계동|서초1동|APT1944|힐스테이트|16990|1|2|0.134|0.003|0.021|0.054|0.033|0.063|0.022|0.019|0.008|0.059|0.203|0.341|0.025|0.01|0.006
202411|11|47110|43110000|2811000000|인천|서초구|인계동|역삼1동|APT7657|래미안|17816|2|2|0.112|0.011|0.009|0.053|0.005|0.011|0.023|0.007|0.106|0.078|0.179|0.107|0.007|0.273|0.019
202411|26|42110|27110000|1114000000|경기|성남시|역삼동|서초1동|APT2311|래미안|2991|2|6|0.024|0.006|0.0|0.056|0.024|0.104|0.055|0.11|0.008|0.118|0.017|0.067|0.046|0.244|0.121
202411|43|11140|46110000|4311000000|인천|서초구|서초동|서초1동|APT7961|푸르지오|18900|1|6|0.06|0.075|0.129|0.085|0.038|0.0|0.032|0.023|0.019|0.106|0.097|0.092|0.169|0.067|0.007
202411|44|11110|44130000|4711000000|서울|서초구|역삼동|역삼1동|APT7495|자이|7433|1|4|0.001|0.112|0.003|0.009|0.027|0.034|0.021|0.325|0.155|0.033|0.058|0.032|0.027|0.1|0.065
202411|44|43110|11200000|1111000000|경기|서초구|역삼동|역삼1동|APT3817|자이|17097|1|5|0.05|0.004|0.02|0.03|0.212|0.053|0.082|0.019|0.127|0.031|0.113|0.029|0.07|0.144|0.015
202411|43|46110|42110000|2614000000|경기|강남구|역삼동|서초1동|APT9658|힐스테이트|11469|2|5|0.357|0.052|0.087|0.083|0.017|0.035|0.005|0.041|0.053|0.021|0.003|0.037|0.15|0.014|0.046
202411|41|47110|27110000|2611000000|경기|서초구|서초동|역삼1동|APT5454|자이|2535|x|5|0.012|0.01|0.12|0.031|0.063|0.026|0.088|0.098|0.192|0.042|0.004|0.049|0.159|0.087|0.019
202411|46|26110|41110000|4113000000|서울|성남시|역삼동|역삼1동|APT6402|힐스테이트|15237|1|5|0.017|0.003|0.09|0.011|0.083|0.001|0.199|0.026|0.007|0.003|0.073|0.048|0.154|0.002|0.283
202411|27|47110|11170000|4511000000|부산|서초구|인계동|역삼1동|APT9096|힐스테이트|6217|2|4|0.031|0.029|0.187|0.107|0.126|0.011|0.019|0.059|0.104|0.004|0.042|0.04|0.096|0.014|0.132
202411|46|44130|27110000|4111000000|경기|강남구|서초동|역삼1동|APT8780|힐스테이트|13458|1|6|0.017|0.075|0.036|0.025|0.08|0.049|0.073|0.011|0.033|0.347|0.036|0.135|0.027|0.037|0.017
202411|44|43110|11170000|1117000000|인천|강남구|역삼동|역삼1동|APT9311|자이|15918|2|4|0.017|0.044|0.04|0.038|0.01|0.14|0.139|0.118|0.078|0.028|0.092|0.059|0.097|0.03|0.07
202411|26|41150|28110000|4311000000|인천|강남구|서초동|서초1동|APT7903|힐스테이트|15613|1|6|0.09|0.057|0.127|0.031|0.08|0.02|0.204|0.068|0.064|0.032|0.006|0.08|0.072|0.043|0.025
202411|42|44130|46110000|1111000000|경기|성남시|인계동|서초1동|APT8844|래미안|18241|2|5|0.155|0.026|0.085|0.057|0.053|0.019|0.062|0.07|0.051|0.015|0.26|0.044|0.048|0.047|0.009
202411|11|45110|42110000|1111000000|경기|수원시|역삼동|역삼1동|APT1810|푸르지오|7750|x|2|0.113|0.004|0.067|0.134|0.082|0.048|0.093|0.076|0.113|0.117|0.061|0.005|0.023|0.06|0.004
202411|42|41110|11200000|4611000000|인천|강남구|인계동|서초1동|APT6387|자이|12307|2|3|0.036|0.073|0.144|0.032|0.048|0.042|0.033|0.067|0.077|0.084|0.03|0.046|0.172|0.03|0.088
202411|42|45110|41130000|4311000000|인천|강남구|인계동|역삼1동|APT3066|힐스테이트|12379|2|6|0.02|0.015|0.075|0.034|0.059|0.164|0.006|0.023|0.046|0.007|0.125|0.157|0.032|0.156|0.081
202411|43|26110|42110000|2811000000|부산|성남시|서초동|역삼1동|APT2442|자이|5658|1|3|0.214|0.005|0.003|0.055|0.058|0.086|0.056|0.121|0.058|0.07|0.159|0.021|0.036|0.035|0.024
202411|44|41130|44130000|1111000000|서울|성남시|서초동|서초1동|APT7942|힐스테이트|6141|2|3|0.051|0.175|0.029|0.039|0.016|0.056|0.07|0.141|0.118|0.09|0.069|0.021|0.067|0.025|0.033
202411|44|42110|42110000|2614000000|부산|수원시|역삼동|서초1동|APT5227|래미안|4277|2|4|0.029|0.014|0.037|0.001|0.209|0.026|0.063|0.158|0.05|0.026|0.091|0.002|0.038|0.185|0.07
202411|46|45110|41150000|1117000000|서울|수원시|서초동|역삼1동|APT3019|래미안|2546|x|2|0.151|0.03|0.235|0.034|0.049|0.077|0.01|0.026|0.0|0.018|0.058|0.007|0.235|0.014|0.055
202411|11|27110|45110000|2811000000|인천|수원시|서초동|역삼1동|APT5133|래미안|15068|2|6|0.076|0.076|0.071|0.069|0.013|0.009|0.045|0.015|0.113|0.145|0.081|0.079|0.067|0.114|0.026
202411|26|43110|41150000|4211000000|부산|서초구|인계동|역삼1동|APT1981|자이|16946|2|6|0.019|0.166|0.011|0.027|0.042|0.04|0.042|0.134|0.004|0.026|0.088|0.135|0.202|0.05|0.016
202411|46|44130|45110000|2811000000|인천|서초구|역삼동|서초1동|APT2413|푸르지오|10336|1|2|0.051|0.091|0.086|0.029|0.037|0.008|0.078|0.171|0.007|0.041|0.057|0.006|0.195|0.018|0.125
202411|41|27110|27110000|4711000000|부산|수원시|역삼동|역삼1동|APT1576|푸르지오|8566|1|4|0.005|0.017|0.072|0.017|0.12|0.146|0.054|0.114|0.043|0.011|0.051|0.028|0.259|0.058|0.003
202411|11|43110|26140000|1111000000|경기|수원시|서초동|역삼1동|APT7731|자이|7084|2|5|0.106|0.055|0.181|0.019|0.008|0.212|0.023|0.035|0.025|0.035|0.105|0.025|0.039|0.039|0.094
202411|47|46110|47110000|4611000000|경기|서초구|서초동|역삼1동|APT6704|힐스테이트|13610|1|2|0.044|0.025|0.031|0.006|0.338|0.105|0.09|0.164|0.033|0.045|0.002|0.013|0.018|0.074|0.014
202411|46|41150|27110000|4113000000|경기|성남시|인계동|역삼1동|APT3554|래미안|18646|1|3|0.006|0.005|0.108|0.16|0.163|0.035|0.059|0.028|0.026|0.036|0.008|0.005|0.093|0.147|0.119
202411|11|11140|43110000|4611000000|서울|서초구|역삼동|서초1동|APT3680|푸르지오|19274|2|6|0.011|0.006|0.093|0.057|0.013|0.027|0.149|0.011|0.186|0.015|0.01|0.019|0.014|0.226|0.162
202411|41|44130|45110000|4413000000|인천|서초구|인계동|서초1동|APT8596|푸르지오|8322|2|5|0.052|0.003|0.214|0.04|0.062|0.023|0.018|0.167|0.014|0.048|0.018|0.005|0.054|0.185|0.097
202411|11|41110|45110000|4111000000|부산|강남구|인계동|서초1동|APT7316|래미안|18140|2|6|0.112|0.086|0.036|0.015|0.029|0.083|0.314|0.027|0.008|0.037|0.031|0.025|0.007|0.097|0.093
202411|27|11140|11140000|4611000000|부산|성남시|서초동|서초1동|APT1017|푸르지오|12907|1|4|0.022|0.193|0.039|0.075|0.083|0.097|0.088|0.025|0.015|0.077|0.078|0.02|0.072|0.039|0.077
202411|46|41150|41130000|4111000000|인천|강남구|서초동|역삼1동|APT5861|래미안|17995|2|3|0.016|0.033|0.046|0.029|0.019|0.064|0.063|0.036|0.095|0.193|0.073|0.014|0.2|0.042|0.078
202411|45|11140|46110000|4111000000|부산|강남구|서초동|서초1동|APT8170|자이|12769|1|3|0.071|0.061|0.093|0.067|0.083|0.071|0.027|0.087|0.011|0.08|0.055|0.024|0.063|0.208|0.0
202411|43|43110|11140000|2614000000|서울|수원시|역삼동|서초1동|APT1947|힐스테이트|17312|1|4|0.045|0.059|0.025|0.152|0.041|0.035|0.001|0.014|0.056|0.024|0.116|0.1|0.311|0.019|0.003
202411|26|11140|11170000|1117000000|경기|성남시|역삼동|역삼1동|APT5656|힐스테이트|6999|2|5|0.063|0.037|0.032|0.15|0.195|0.02|0.056|0.04|0.033|0.037|0.057|0.056|0.141|0.039|0.045
202411|47|11170|47110000|1114000000|서울|서초구|인계동|서초1동|APT5223|힐스테이트|2609|2|6|0.014|0.033|0.002|0.006|0.047|0.081|0.179|0.078|0.039|0.073|0.216|0.016|0.071|0.09|0.055
202411|43|11200|11110000|4113000000|부산|강남구|인계동|서초1동|APT6321|자이|6244|1|2|0.001|0.026|0.012|0.028|0.01|0.103|0.054|0.181|0.303|0.018|0.097|0.076|0.01|0.046|0.034
202411|44|41130|11200000|4113000000|서울|강남구|인계동|역삼1동|APT7561|푸르지오|4950|2|4|0.008|0.003|0.081|0.038|0.042|0.324|0.013|0.081|0.053|0.022|0.019|0.035|0.023|0.028|0.231
202411|43|11170|11110000|4511000000|경기|서초구|서초동|역삼1동|APT5149|푸르지오|19819|2|4|0.068|0.029|0.048|0.038|0.062|0.068|0.18|0.042|0.042|0.031|0.179|0.036|0.055|0.014|0.11
202411|43|47110|28110000|4113000000|인천|강남구|역삼동|서초1동|APT5354|힐스테이트|9031|2|6|0.018|0.041|0.02|0.117|0.022|0.089|0.103|0.02|0.013|0.008|0.022|0.12|0.118|0.27|0.017
202411|41|45110|43110000|1111000000|부산|서초구|인계동|서초1동|APT8018|푸르지오|3933|1|6|0.074|0.07|0.072|0.012|0.057|0.172|0.013|0.124|0.073|0.153|0.032|0.04|0.013|0.053|0.044
202411|45|45110|47110000|1111000000|서울|성남시|인계동|역삼1동|APT2979|푸르지오|19843|2|5|0.167|0.122|0.009|0.082|0.003|0.013|0.149|0.127|0.021|0.091|0.044|0.022|0.11|0.027|0.014
202411|27|42110|46110000|4311000000|인천|성남시|서초동|서초1동|APT2125|푸르지오|11020|2|4|0.215|0.033|0.046|0.043|0.022|0.122|0.026|0.113|0.041|0.111|0.017|0.084|0.064|0.04|0.022
202411|27|27110|45110000|1120000000|인천|강남구|역삼동|서초1동|APT9920|래미안|6432|2|3|0.036|0.068|0.247|0.012|0.078|0.008|0.062|0.003|0.038|0.008|0.007|0.042|0.22|0.097|0.075
202411|44|11200|44130000|4711000000|경기|수원시|인계동|서초1동|APT5261|힐스테이트|2480|1|5|0.094|0.066|0.043|0.018|0.169|0.017|0.002|0.122|0.024|0.034|0.218|0.023|0.007|0.083|0.08
202411|43|41150|45110000|1114000000|인천|서초구|역삼동|역삼1동|APT5682|힐스테이트|16476|1|4|0.118|0.036|0.023|0.058|0.045|0.021|0.041|0.018|0.057|0.115|0.154|0.047|0.005|0.005|0.258
202411|45|42110|41150000|4113000000|경기|성남시|서초동|서초1동|APT8794|래미안|11311|2|4|0.002|0.023|0.034|0.249|0.019|0.034|0.065|0.062|0.013|0.021|0.004|0.217|0.065|0.144|0.046
202411|47|46110|45110000|2711000000|부산|서초구|역삼동|역삼1동|APT5408|푸르지오|7399|1|3|0.123|0.047|0.041|0.031|0.171|0.007|0.016|0.078|0.032|0.062|0.036|0.065|0.103|0.046|0.142
202411|27|43110|47110000|4413000000|인천|수원시|역삼동|역삼1동|APT3428|자이|3850|2|4|0.044|0.084|0.041|0.005|0.016|0.031|0.111|0.025|0.078|0.007|0.031|0.108|0.094|0.066|0.26
202411|41|28110|47110000|4115000000|경기|수원시|서초동|역삼1동|APT9665|자이|17676|2|6|0.163|0.115|0.022|0.043|0.004|0.017|0.001|0.01|0.021|0.144|0.286|0.011|0.014|0.048|0.101
202411|46|45110|42110000|2711000000|부산|수원시|인계동|역삼1동|APT6743|자이|4244|2|4|0.05|0.099|0.114|0.036|0.001|0.003|0.021|0.187|0.023|0.07|0.067|0.037|0.03|0.246|0.017
202411|27|45110|47110000|2614000000|부산|성남시|인계동|서초1동|APT2116|푸르지오|10092|x|5|0.029|0.015|0.177|0.033|0.075|0.021|0.079|0.186|0.026|0.049|0.031|0.121|0.068|0.084|0.005
202411|11|41130|45110000|2711000000|인천|성남시|인계동|역삼1동|APT5404|푸르지오|6967|2|3|0.108|0.034|0.146|0.038|0.025|0.08|0.009|0.154|0.007|0.126|0.023|0.104|0.027|0.008|0.111
202411|43|41150|42110000|4211000000|서울|강남구|인계동|역삼1동|APT1672|래미안|4643|1|6|0.051|0.092|0.078|0.055|0.221|0.107|0.015|0.092|0.05|0.044|0.045|0.046|0.01|0.005|0.089
202411|41|11110|28110000|1120000000|서울|서초구|역삼동|역삼1동|APT5113|자이|5955|2|2|0.004|0.019|0.192|0.108|0.105|0.12|0.11|0.049|0.048|0.031|0.034|0.087|0.05|0.031|0.012
202411|41|41130|28110000|4115000000|부산|서초구|서초동|역삼1동|APT7835|래미안|17012|1|5|0.029|0.008|0.104|0.017|0.008|0.01|0.073|0.01|0.019|0.07|0.0|0.106|0.279|0.041|0.226
202411|27|42110|11110000|4211000000|인천|수원시|인계동|역삼1동|APT5704|래미안|10524|1|4|0.104|0.059|0.124|0.002|0.1|0.056|0.033|0.007|0.161|0.114|0.014|0.2|0.013|0.01|0.003
202411|45|11140|26140000|4413000000|경기|수원시|서초동|역삼1동|APT1255|자이|16756|2|5|0.055|0.21|0.068|0.03|0.016|0.084|0.034|0.08|0.037|0.031|0.02|0.034|0.031|0.197|0.072
202411|46|41110|47110000|1111000000|인천|강남구|역삼동|서초1동|APT6937|힐스테이트|13513|x|4|0.026|0.003|0.038|0.228|0.004|0.324|0.031|0.035|0.025|0.045|0.103|0.025|0.044|0.016|0.051
202411|46|43110|26140000|4113000000|경기|강남구|인계동|역삼1동|APT2151|자이|2256|x|4|0.059|0.186|0.006|0.166|0.058|0.035|0.028|0.235|0.035|0.1|0.023|0.015|0.023|0.029|0.0
202411|43|26110|45110000|4111000000|서울|강남구|역삼동|역삼1동|APT7972|푸르지오|12949|1|6|0.128|0.069|0.012|0.015|0.009|0.133|0.044|0.032|0.199|0.128|0.01|0.018|0.02|0.036|0.147
202411|26|28110|47110000|4511000000|경기|강남구|서초동|서초1동|APT3777|힐스테이트|9320|1|4|0.019|0.103|0.022|0.164|0.041|0.106|0.066|0.0|0.018|0.02|0.064|0.067|0.046|0.038|0.223
202411|46|11110|44130000|4413000000|인천|서초구|서초동|서초1동|APT5031|힐스테이트|9097|1|5|0.011|0.016|0.031|0.073|0.041|0.093|0.091|0.019|0.048|0.041|0.112|0.119|0.255|0.046|0.003
202411|27|46110|41130000|4311000000|서울|수원시|서초동|역삼1동|APT2418|자이|17411|1|5|0.068|0.067|0.104|0.247|0.03|0.008|0.02|0.01|0.017|0.004|0.129|0.019|0.045|0.132|0.101
202411|46|43110|41110000|4211000000|인천|강남구|역삼동|서초1동|APT4373|래미안|2295|1|6|0.085|0.201|0.039|0.055|0.056|0.109|0.009|0.019|0.038|0.159|0.021|0.039|0.011|0.128|0.033
202411|41|41150|11170000|2711000000|인천|수원시|인계동|역삼1동|APT4119|래미안|11053|1|3|0.01|0.106|0.013|0.039|0.051|0.167|0.048|0.067|0.137|0.047|0.0|0.086|0.038|0.174|0.017
202411|43|28110|41130000|4111000000|부산|수원시|역삼동|역삼1동|APT7300|푸르지오|15166|2|4|0.067|0.051|0.004|0.011|0.018|0.226|0.027|0.02|0.096|0.129|0.033|0.168|0.08|0.044|0.026
202411|44|44130|26110000|4311000000|서울|강남구|역삼동|역삼1동|APT4818|푸르지오|6378|1|6|0.087|0.026|0.085|0.163|0.031|0.06|0.028|0.131|0.031|0.132|0.058|0.017|0.116|0.017|0.02
202411|43|44130|41130000|1117000000|인천|서초구|역삼동|서초1동|APT7908|래미안|9209|1|5|0.044|0.063|0.088|0.007|0.135|0.097|0.009|0.006|0.111|0.024|0.052|0.291|0.008|0.027|0.039
202411|11|41130|27110000|4413000000|서울|수원시|인계동|서초1동|APT9760|힐스테이트|6246|1|6|0.044|0.044|0.085|0.059|0.075|0.103|0.0|0.044|0.087|0.167|0.031|0.1|0.004|0.122|0.035
202411|44|11200|47110000|2811000000|서울|성남시|서초동|역삼1동|APT6473|래미안|17682|1|6|0.045|0.017|0.003|0.182|0.135|0.0|0.047|0.153|0.123|0.013|0.043|0.168|0.015|0.036|0.02
202411|44|47110|45110000|2611000000|서울|성남시|서초동|역삼1동|APT7774|자이|12552|x|6|0.014|0.047|0.239|0.055|0.019|0.036|0.013|0.032|0.016|0.016|0.041|0.296|0.045|0.091|0.041
202411|47|44130|47110000|4311000000|서울|성남시|역삼동|서초1동|APT8861|래미안|5888|2|5|0.172|0.095|0.015|0.005|0.013|0.027|0.061|0.007|0.096|0.012|0.087|0.013|0.074|0.063|0.259
202411|45|11170|47110000|4611000000|서울|강남구|인계동|역삼1동|APT5973|힐스테이트|18686|1|6|0.024|0.011|0.017|0.066|0.081|0.06|0.098|0.033|0.069|0.016|0.025|0.129|0.151|0.142|0.076
202411|11|28110|26140000|4211000000|부산|수원시|서초동|역삼1동|APT3064|힐스테이트|8434|x|4|0.029|0.06|0.141|0.008|0.155|0.026|0.072|0.086|0.152|0.055|0.006|0.059|0.051|0.075|0.025
202411|26|41150|44130000|4115000000|인천|수원시|역삼동|서초1동|APT9889|래미안|2427|x|4|0.182|0.045|0.083|0.063|0.026|0.015|0.03|0.005|0.038|0.197|0.059|0.089|0.019|0.025|0.124
202411|27|26140|26140000|4413000000|부산|서초구|서초동|서초1동|APT8870|래미안|10955|1|5|0.003|0.069|0.049|0.1|0.123|0.032|0.083|0.018|0.115|0.003|0.047|0.083|0.099|0.049|0.126
202411|43|11170|45110000|2611000000|인천|성남시|서초동|역삼1동|APT5249|자이|5709|2|2|0.122|0.008|0.141|0.009|0.071|0.06|0.011|0.034|0.134|0.001|0.032|0.116|0.046|0.199|0.015
202411|41|47110|41150000|1111000000|서울|성남시|역삼동|서초1동|APT6766|자이|6546|2|6|0.014|0.074|0.027|0.033|0.093|0.103|0.024|0.132|0.12|0.048|0.014|0.017|0.021|0.063|0.216
202411|27|11140|11110000|4711000000|인천|서초구|서초동|서초1동|APT7080|래미안|11780|1|6|0.023|0.005|0.043|0.078|0.015|0.079|0.216|0.092|0.138|0.029|0.041|0.067|0.028|0.09|0.055
202411|27|11110|43110000|4113000000|부산|강남구|서초동|역삼1동|APT3441|자이|18034|1|3|0.033|0.084|0.055|0.028|0.043|0.024|0.021|0.03|0.037|0.088|0.015|0.264|0.059|0.093|0.124
202411|41|44130|44130000|1111000000|경기|성남시|서초동|역삼1동|APT6445|푸르지오|2715|2|5|0.04|0.056|0.051|0.108|0.091|0.079|0.019|0.025|0.068|0.156|0.024|0.205|0.02|0.036|0.02
202411|45|27110|46110000|2711000000|경기|수원시|인계동|역삼1동|APT5206|래미안|18410|1|5|0.063|0.079|0.07|0.074|0.063|0.126|0.043|0.006|0.033|0.004|0.049|0.073|0.004|0.039|0.274
202411|43|26110|46110000|2811000000|경기|수원시|인계동|역삼1동|APT1274|래미안|19433|1|2|0.103|0.135|0.025|0.026|0.196|0.075|0.16|0.052|0.013|0.004|0.031|0.106|0.009|0.055|0.01
202411|44|41130|26110000|1120000000|부산|서초구|역삼동|역삼1동|APT5272|힐스테이트|14002|x|3|0.332|0.061|0.027|0.042|0.043|0.006|0.142|0.018|0.088|0.023|0.086|0.067|0.007|0.033|0.024
202411|11|41130|11170000|1117000000|부산|서초구|인계동|서초1동|APT2635|자이|13253|2|6|0.002|0.064|0.017|0.036|0.044|0.083|0.169|0.032|0.113|0.152|0.187|0.031|0.036|0.0|0.034
202411|41|42110|43110000|4611000000|경기|서초구|인계동|역삼1동|APT7568|푸르지오|6883|x|6|0.205|0.01|0.051|0.089|0.027|0.057|0.06|0.058|0.002|0.112|0.003|0.255|0.03|0.006|0.034
202411|26|26140|11110000|4413000000|경기|성남시|서초동|역삼1동|APT9234|푸르지오|6827|2|4|0.079|0.013|0.051|0.01|0.098|0.123|0.039|0.214|0.041|0.188|0.027|0.023|0.05|0.04|0.005
202411|26|11200|44130000|4413000000|서울|수원시|인계동|역삼1동|APT5918|래미안|17729|1|4|0.021|0.048|0.009|0.195|0.156|0.033|0.011|0.007|0.049|0.012|0.165|0.074|0.001|0.179|0.039
202411|41|41110|41110000|1117000000|경기|서초구|인계동|서초1동|APT3833|자이|12072|2|6|0.042|0.016|0.068|0.05|0.03|0.09|0.048|0.062|0.04|0.189|0.061|0.201|0.083|0.012|0.009
202411|27|43110|26110000|1120000000|경기|서초구|서초동|서초1동|APT8557|자이|17288|1|5|0.139|0.057|0.004|0.063|0.025|0.093|0.119|0.003|0.001|0.1|0.053|0.126|0.109|0.068|0.041
202411|42|26110|27110000|2611000000|부산|성남시|인계동|역삼1동|APT5658|래미안|14907|2|5|0.055|0.018|0.127|0.114|0.014|0.106|0.038|0.168|0.108|0.041|0.026|0.005|0.116|0.021|0.043
202411|43|11170|41150000|4211000000|경기|강남구|인계동|역삼1동|APT9656|힐스테이트|9938|2|4|0.16|0.106|0.117|0.046|0.071|0.018|0.113|0.015|0.049|0.116|0.007|0.015|0.101|0.019|0.047
202411|45|11140|41110000|4711000000|인천|서초구|인계동|역삼1동|APT6391|푸르지오|12542|1|5|0.108|0.019|0.136|0.079|0.032|0.075|0.032|0.049|0.044|0.035|0.093|0.054|0.093|0.039|0.113
202411|43|27110|26140000|4113000000|경기|수원시|인계동|서초1동|APT4383|래미안|10642|2|6|0.032|0.066|0.006|0.055|0.028|0.059|0.034|0.168|0.039|0.057|0.085|0.094|0.174|0.088|0.016
202411|11|41150|11110000|2811000000|인천|수원시|역삼동|서초1동|APT9740|힐스테이트|16664|2|4|0.005|0.035|0.002|0.029|0.013|0.0|0.066|0.235|0.009|0.143|0.312|0.048|0.045|0.027|0.029
202411|45|26110|41150000|4211000000|부산|성남시|인계동|역삼1동|APT6951|힐스테이트|11790|1|3|0.01|0.058|0.023|0.03|0.086|0.216|0.032|0.026|0.157|0.013|0.011|0.033|0.22|0.06|0.026
202411|45|26110|41110000|2614000000|서울|성남시|인계동|역삼1동|APT7256|푸르지오|6741|1|6|0.007|0.024|0.204|0.067|0.007|0.019|0.014|0.004|0.163|0.129|0.229|0.024|0.046|0.027|0.038
202411|26|26110|44130000|4211000000|서울|수원시|서초동|역삼1동|APT2009|힐스테이트|3795|2|4|0.002|0.049|0.069|0.015|0.148|0.029|0.099|0.177|0.017|0.202|0.031|0.111|0.013|0.027|0.011
202411|43|44130|27110000|4311000000|경기|강남구|서초동|서초1동|APT3636|자이|18062|2|6|0.005|0.023|0.002|0.072|0.007|0.065|0.06|0.188|0.003|0.049|0.159|0.123|0.013|0.136|0.095
202411|43|43110|41130000|4611000000|부산|서초구|역삼동|서초1동|APT3711|자이|17310|1|3|0.019|0.082|0.044|0.105|0.003|0.033|0.084|0.144|0.001|0.159|0.092|0.084|0.04|0.038|0.072
202411|43|41110|41110000|2711000000|인천|수원시|인계동|서초1동|APT1299|힐스테이트|7346|1|2|0.034|0.055|0.051|0.088|0.031|0.105|0.023|0.039|0.024|0.103|0.002|0.072|0.176|0.128|0.069
202411|46|45110|28110000|2614000000|경기|강남구|인계동|역삼1동|APT9274|푸르지오|11663|2|6|0.0|0.138|0.021|0.152|0.013|0.011|0.037|0.046|0.094|0.037|0.055|0.006|0.27|0.071|0.048
202411|46|42110|27110000|2711000000|부산|성남시|서초동|역삼1동|APT1888|힐스테이트|4445|2|3|0.044|0.002|0.041|0.047|0.098|0.099|0.043|0.168|0.214|0.058|0.014|0.107|0.026|0.003|0.036
202411|42|27110|41130000|4711000000|서울|서초구|서초동|서초1동|APT4552|푸르지오|4058|1|4|0.048|0.238|0.005|0.023|0.091|0.059|0.009|0.007|0.014|0.051|0.038|0.055|0.179|0.017|0.166
202411|11|26140|46110000|4111000000|서울|강남구|서초동|서초1동|APT4249|래미안|2334|1|6|0.047|0.046|0.004|0.085|0.107|0.163|0.123|0.004|0.002|0.043|0.107|0.112|0.042|0.046|0.068
202411|44|47110|41130000|2614000000|인천|강남구|역삼동|역삼1동|APT6013|자이|6306|x|3|0.006|0.133|0.021|0.001|0.037|0.005|0.028|0.318|0.054|0.026|0.025|0.063|0.011|0.105|0.165
202411|41|26140|11110000|4211000000|서울|수원시|서초동|역삼1동|APT5361|래미안|13755|1|6|0.05|0.037|0.006|0.079|0.024|0.031|0.041|0.256|0.203|0.056|0.001|0.065|0.138|0.003|0.007
202411|46|41150|11170000|1114000000|서울|강남구|인계동|역삼1동|APT9462|래미안|6650|x|4|0.039|0.072|0.247|0.128|0.009|0.036|0.045|0.025|0.043|0.084|0.007|0.006|0.103|0.014|0.142
202411|42|11170|43110000|2711000000|부산|수원시|서초동|서초1동|APT9540|힐스테이트|11731|1|3|0.021|0.012|0.197|0.132|0.1|0.023|0.069|0.005|0.068|0.057|0.009|0.086|0.024|0.037|0.161
202411|46|46110|45110000|4115000000|경기|성남시|역삼동|역삼1동|APT1658|자이|12433|1|5|0.023|0.005|0.063|0.048|0.036|0.107|0.029|0.022|0.11|0.006|0.106|0.074|0.057|0.289|0.026
202411|41|11110|11110000|4413000000|경기|수원시|서초동|역삼1동|APT7351|래미안|16178|2|2|0.02|0.017|0.074|0.059|0.128|0.122|0.085|0.019|0.018|0.066|0.106|0.1|0.001|0.07|0.114
202411|44|46110|11110000|4211000000|인천|서초구|서초동|서초1동|APT2868|래미안|14376|1|5|0.013|0.016|0.0|0.113|0.044|0.023|0.031|0.311|0.102|0.002|0.025|0.023|0.193|0.077|0.026
202411|47|11200|26140000|4111000000|부산|강남구|서초동|서초1동|APT1505|힐스테이트|14015|1|6|0.451|0.129|0.01|0.021|0.008|0.0|0.057|0.057|0.025|0.068|0.039|0.042|0.055|0.02|0.018
202411|11|45110|44130000|4111000000|부산|강남구|서초동|서초1동|APT4666|자이|7792|1|5|0.038|0.13|0.081|0.092|0.235|0.011|0.067|0.053|0.027|0.021|0.037|0.024|0.086|0.051|0.046
202411|41|26140|44130000|4511000000|서울|수원시|인계동|서초1동|APT9312|자이|15647|1|6|0.028|0.02|0.134|0.003|0.008|0.008|0.03|0.204|0.02|0.112|0.04|0.125|0.131|0.066|0.071
202411|46|46110|41110000|4711000000|부산|수원시|인계동|역삼1동|APT7352|힐스테이트|16893|1|6|0.022|0.042|0.185|0.017|0.094|0.029|0.036|0.086|0.186|0.061|0.074|0.022|0.033|0.027|0.087
202411|46|26110|47110000|2611000000|부산|서초구|역삼동|역삼1동|APT1265|자이|17250|1|4|0.135|0.069|0.014|0.071|0.029|0.109|0.025|0.0|0.21|0.059|0.025|0.01|0.025|0.063|0.158
202411|11|46110|11170000|4311000000|서울|서초구|역삼동|역삼1동|APT3600|푸르지오|14350|x|3|0.065|0.12|0.084|0.022|0.021|0.036|0.191|0.01|0.005|0.103|0.067|0.073|0.088|0.088|0.025
202411|46|11170|46110000|1120000000|서울|강남구|서초동|서초1동|APT3628|자이|16764|1|4|0.166|0.037|0.082|0.187|0.038|0.006|0.09|0.166|0.036|0.05|0.021|0.0|0.056|0.042|0.022
202411|43|42110|26110000|2711000000|서울|성남시|서초동|서초1동|APT4562|힐스테이트|5269|2|5|0.046|0.061|0.003|0.003|0.05|0.042|0.089|0.037|0.124|0.019|0.093|0.183|0.024|0.072|0.153
202411|46|47110|27110000|4511000000|인천|강남구|인계동|서초1동|APT4269|자이|9458|1|3|0.079|0.066|0.085|0.03|0.017|0.166|0.07|0.032|0.005|0.02|0.1|0.067|0.066|0.094|0.102
202411|27|26140|11140000|4211000000|인천|수원시|서초동|서초1동|APT5379|힐스테이트|17728|1|4|0.028|0.002|0.009|0.083|0.149|0.095|0.036|0.052|0.028|0.026|0.026|0.031|0.075|0.211|0.151
202411|45|11140|26140000|2614000000|서울|강남구|인계동|서초1동|APT4815|힐스테이트|4295|1|5|0.022|0.142|0.116|0.101|0.026|0.068|0.062|0.09|0.012|0.0|0.122|0.035|0.081|0.112|0.01
202411|42|11110|41150000|2611000000|인천|수원시|서초동|역삼1동|APT7894|래미안|15523|2|4|0.148|0.009|0.061|0.073|0.081|0.001|0.008|0.096|0.104|0.036|0.106|0.017|0.046|0.141|0.072
202411|45|42110|45110000|4413000000|경기|강남구|서초동|서초1동|APT3599|자이|10156|1|5|0.158|0.117|0.204|0.03|0.057|0.047|0.161|0.019|0.026|0.035|0.031|0.051|0.005|0.038|0.022
202411|44|43110|11110000|4511000000|인천|성남시|역삼동|역삼1동|APT9044|래미안|15576|2|2|0.116|0.097|0.032|0.102|0.088|0.018|0.027|0.015|0.052|0.144|0.009|0.01|0.103|0.143|0.044
202411|44|26110|26110000|1111000000|인천|강남구|인계동|서초1동|APT3501|푸르지오|12078|1|6|0.006|0.012|0.013|0.008|0.048|0.111|0.056|0.059|0.17|0.024|0.119|0.001|0.286|0.08|0.007
202411|27|45110|11170000|4711000000|인천|강남구|인계동|서초1동|APT7436|래미안|2093|2|4|0.001|0.018|0.024|0.021|0.128|0.053|0.099|0.039|0.06|0.124|0.019|0.062|0.149|0.048|0.155
202411|44|42110|26110000|1114000000|경기|수원시|인계동|서초1동|APT3648|자이|13701|1|6|0.086|0.173|0.083|0.113|0.082|0.048|0.009|0.001|0.059|0.075|0.059|0.03|0.066|0.083|0.034
202411|42|11140|41130000|2711000000|인천|수원시|서초동|서초1동|APT1471|푸르지오|17071|2|4|0.086|0.062|0.068|0.01|0.019|0.07|0.0|0.092|0.092|0.141|0.026|0.169|0.125|0.025|0.015
202411|42|45110|41130000|4511000000|부산|서초구|서초동|서초1동|APT1844|래미안|15461|1|5|0.095|0.123|0.136|0.047|0.037|0.178|0.05|0.011|0.014|0.007|0.036|0.029|0.046|0.158|0.032
202411|45|41150|11200000|2614000000|인천|서초구|서초동|역삼1동|APT9325|자이|11659|2|5|0.123|0.097|0.033|0.023|0.024|0.102|0.018|0.053|0.029|0.039|0.073|0.078|0.109|0.088|0.112
202411|45|27110|11140000|4113000000|서울|강남구|인계동|역삼1동|APT7056|힐스테이트|18430|1|3|0.02|0.001|0.091|0.084|0.069|0.039|0.014|0.047|0.032|0.271|0.122|0.118|0.007|0.022|0.063
202411|47|43110|43110000|2611000000|인천|강남구|서초동|서초1동|APT6527|힐스테이트|4730|1|5|0.013|0.124|0.029|0.026|0.159|0.006|0.064|0.092|0.019|0.013|0.169|0.159|0.012|0.075|0.042
202411|41|11170|45110000|4115000000|인천|성남시|역삼동|역삼1동|APT1313|래미안|16546|1|6|0.041|0.043|0.107|0.051|0.003|0.005|0.006|0.198|0.023|0.084|0.163|0.061|0.129|0.084|0.002
202411|43|41130|45110000|4111000000|서울|수원시|서초동|서초1동|APT6056|푸르지오|2544|1|6|0.002|0.128|0.084|0.009|0.048|0.121|0.029|0.008|0.063|0.262|0.011|0.0|0.049|0.168|0.019
202411|44|42110|11200000|1114000000|인천|수원시|서초동|역삼1동|APT7107|힐스테이트|10456|1|2|0.076|0.042|0.019|0.137|0.012|0.045|0.031|0.069|0.181|0.1|0.107|0.019|0.081|0.055|0.026
202411|27|27110|11200000|1117000000|서울|수원시|역삼동|역삼1동|APT7406|힐스테이트|7747|2|4|0.102|0.19|0.022|0.195|0.006|0.026|0.074|0.033|0.067|0.024|0.062|0.076|0.026|0.084|0.014
202411|42|11200|45110000|2811000000|경기|강남구|역삼동|역삼1동|APT4117|힐스테이트|15063|1|5|0.111|0.006|0.214|0.011|0.115|0.017|0.008|0.019|0.061|0.129|0.06|0.031|0.079|0.108|0.032
202411|47|11140|41130000|1117000000|서울|성남시|서초동|서초1동|APT9274|자이|14980|2|3|0.064|0.049|0.017|0.013|0.393|0.05|0.046|0.008|0.058|0.079|0.029|0.006|0.049|0.085|0.054
202411|44|43110|42110000|2711000000|서울|서초구|서초동|역삼1동|APT2929|힐스테이트|3797|2|2|0.023|0.021|0.013|0.029|0.134|0.044|0.017|0.068|0.151|0.167|0.185|0.0|0.119|0.024|0.005
202411|45|26140|26140000|4115000000|경기|서초구|인계동|역삼1동|APT2692|래미안|5020|2|4|0.109|0.07|0.079|0.024|0.001|0.008|0.047|0.032|0.042|0.081|0.019|0.109|0.197|0.173|0.008
202411|45|44130|26140000|4311000000|인천|성남시|인계동|서초1동|APT7018|힐스테이트|6836|2|4|0.06|0.032|0.016|0.001|0.017|0.006|0.052|0.031|0.143|0.286|0.122|0.071|0.104|0.0|0.058
202411|44|42110|43110000|4611000000|부산|성남시|인계동|역삼1동|APT7626|푸르지오|7978|2|4|0.027|0.043|0.064|0.121|0.06|0.088|0.058|0.01|0.011|0.025|0.035|0.194|0.158|0.096|0.009
202411|45|26110|46110000|4711000000|경기|성남시|역삼동|서초1동|APT4413|자이|6744|2|3|0.016|0.004|0.077|0.174|0.017|0.005|0.078|0.249|0.135|0.015|0.083|0.029|0.028|0.062|0.027
202411|11|41110|26140000|4211000000|인천|수원시|서초동|역삼1동|APT1248|힐스테이트|16677|2|2|0.058|0.053|0.029|0.061|0.134|0.093|0.219|0.067|0.069|0.065|0.03|0.056|0.05|0.0|0.014
202411|46|11110|46110000|1114000000|서울|강남구|서초동|역삼1동|APT3404|자이|17950|1|5|0.038|0.054|0.077|0.086|0.021|0.001|0.216|0.013|0.071|0.015|0.128|0.12|0.1|0.047|0.012
202411|44|46110|41110000|1114000000|인천|성남시|서초동|역삼1동|APT1159|푸르지오|15819|x|6|0.017|0.105|0.126|0.074|0.038|0.008|0.023|0.006|0.058|0.047|0.112|0.028|0.015|0.104|0.237
202411|42|11140|11140000|1114000000|서울|성남시|서초동|역삼1동|APT7807|푸르지오|5373|1|6|0.32|0.019|0.139|0.058|0.014|0.014|0.009|0.13|0.023|0.105|0.014|0.01|0.094|0.008|0.045
202411|26|11110|41130000|4611000000|경기|강남구|서초동|서초1동|APT9396|푸르지오|14112|2|3|0.035|0.1|0.062|0.093|0.182|0.094|0.076|0.004|0.154|0.001|0.051|0.065|0.02|0.001|0.062
202411|41|27110|42110000|2611000000|부산|서초구|서초동|서초1동|APT1716|자이|10879|x|6|0.144|0.075|0.065|0.017|0.059|0.01|0.293|0.021|0.095|0.12|0.003|0.038|0.006|0.03|0.024
202411|26|47110|11140000|4711000000|경기|서초구|인계동|서초1동|APT2157|푸르지오|17232|x|5|0.035|0.003|0.085|0.049|0.002|0.059|0.203|0.014|0.011|0.129|0.129|0.029|0.139|0.004|0.108
202411|27|41150|46110000|4311000000|부산|강남구|역삼동|역삼1동|APT4089|자이|13027|2|6|0.042|0.195|0.032|0.045|0.038|0.122|0.092|0.229|0.009|0.01|0.003|0.06|0.068|0.021|0.033
202411|46|42110|46110000|2614000000|부산|서초구|서초동|서초1동|APT2588|푸르지오|14368|2|4|0.083|0.136|0.011|0.068|0.092|0.118|0.024|0.041|0.08|0.014|0.024|0.081|0.002|0.152|0.073
202411|46|11170|28110000|1114000000|부산|강남구|역삼동|서초1동|APT5132|자이|11897|2|4|0.043|0.02|0.034|0.049|0.03|0.015|0.03|0.096|0.091|0.212|0.078|0.047|0.038|0.064|0.153
202411|42|26110|43110000|4211000000|서울|성남시|서초동|역삼1동|APT4456|푸르지오|10330|2|2|0.011|0.018|0.251|0.018|0.166|0.001|0.005|0.017|0.07|0.008|0.166|0.005|0.006|0.22|0.038
202411|45|11140|26110000|1114000000|부산|강남구|인계동|역삼1동|APT6017|래미안|18100|2|6|0.023|0.094|0.018|0.065|0.003|0.033|0.008|0.01|0.063|0.101|0.048|0.12|0.079|0.285|0.05
202411|46|42110|11200000|2611000000|부산|강남구|역삼동|역삼1동|APT9610|푸르지오|2484|2|4|0.007|0.073|0.037|0.191|0.068|0.081|0.158|0.003|0.075|0.014|0.015|0.005|0.035|0.021|0.217
202411|41|41110|47110000|1120000000|경기|강남구|인계동|역삼1동|APT1378|힐스테이트|10970|x|4|0.127|0.02|0.187|0.034|0.144|0.11|0.092|0.057|0.02|0.009|0.012|0.085|0.03|0.029|0.045
202411|41|11110|43110000|4111000000|인천|수원시|서초동|역삼1동|APT5983|자이|13093|1|2|0.024|0.072|0.018|0.043|0.004|0.014|0.049|0.04|0.034|0.061|0.003|0.031|0.113|0.415|0.079
202411|26|11110|11200000|4413000000|부산|수원시|서초동|역삼1동|APT8043|래미안|9278|1|4|0.024|0.009|0.016|0.111|0.052|0.202|0.092|0.038|0.02|0.114|0.076|0.198|0.018|0.01|0.02
202411|45|28110|47110000|1114000000|서울|수원시|서초동|역삼1동|APT3988|자이|8079|1|2|0.011|0.16|0.032|0.076|0.049|0.164|0.196|0.038|0.005|0.072|0.008|0.049|0.048|0.064|0.03
202411|26|44130|11140000|1111000000|경기|수원시|인계동|서초1동|APT7927|자이|11113|1|5|0.002|0.009|0.047|0.064|0.307|0.013|0.045|0.227|0.104|0.017|0.046|0.015|0.022|0.047|0.035
202411|44|44130|26110000|2811000000|부산|성남시|서초동|서초1동|APT4370|래미안|16011|x|3|0.042|0.045|0.005|0.055|0.002|0.042|0.046|0.227|0.014|0.045|0.014|0.047|0.172|0.167|0.078
202411|27|47110|28110000|4111000000|경기|성남시|서초동|서초1동|APT7995|래미안|17043|2|2|0.088|0.031|0.018|0.017|0.03|0.213|0.129|0.062|0.007|0.058|0.059|0.137|0.008|0.135|0.005
202411|27|26140|11110000|4113000000|인천|서초구|역삼동|역삼1동|APT1531|푸르지오|3540|2|4|0.122|0.09|0.081|0.013|0.05|0.004|0.047|0.213|0.224|0.019|0.06|0.002|0.072|0.001|0.001
202411|45|42110|11140000|4413000000|경기|성남시|서초동|역삼1동|APT7728|푸르지오|13337|2|4|0.12|0.092|0.048|0.049|0.031|0.121|0.108|0.014|0.023|0.017|0.059|0.032|0.042|0.165|0.079
202411|27|43110|41130000|4113000000|부산|서초구|역삼동|서초1동|APT8300|푸르지오|18496|2|2|0.006|0.119|0.041|0.08|0.093|0.076|0.036|0.016|0.019|0.173|0.0|0.004|0.042|0.247|0.05
202411|42|26110|41110000|1117000000|서울|성남시|인계동|서초1동|APT7150|자이|18512|2|3|0.022|0.062|0.027|0.165|0.113|0.058|0.279|0.031|0.009|0.042|0.043|0.017|0.076|0.007|0.049
202411|42|11200|26140000|1111000000|인천|강남구|서초동|역삼1동|APT4167|푸르지오|12274|1|6|0.084|0.016|0.056|0.03|0.061|0.009|0.376|0.185|0.035|0.009|0.041|0.035|0.044|0.013|0.006
202411|43|27110|27110000|4113000000|서울|강남구|인계동|역삼1동|APT6975|래미안|7595|2|3|0.037|0.037|0.057|0.008|0.183|0.172|0.023|0.003|0.11|0.054|0.132|0.098|0.01|0.005|0.072
202411|44|28110|26140000|4111000000|인천|강남구|역삼동|서초1동|APT6852|힐스테이트|10545|1|3|0.009|0.006|0.052|0.041|0.008|0.042|0.079|0.036|0.087|0.047|0.226|0.084|0.088|0.076|0.119
202411|43|28110|41110000|2711000000|서울|서초구|서초동|역삼1동|APT2356|힐스테이트|16750|1|5|0.012|0.01|0.029|0.111|0.167|0.004|0.029|0.058|0.158|0.049|0.063|0.046|0.052|0.002|0.208
202411|27|11110|11110000|4113000000|서울|서초구|역삼동|역삼1동|APT3100|푸르지오|12937|x|5|0.05|0.047|0.023|0.021|0.008|0.328|0.112|0.021|0.011|0.052|0.007|0.164|0.06|0.002|0.094
202411|44|45110|11110000|2811000000|인천|성남시|역삼동|역삼1동|APT6440|푸르지오|7332|1|5|0.01|0.003|0.351|0.008|0.094|0.04|0.005|0.015|0.129|0.006|0.135|0.095|0.1|0.002|0.008
202411|26|41110|27110000|4711000000|인천|강남구|인계동|역삼1동|APT6535|힐스테이트|18888|2|5|0.023|0.033|0.02|0.083|0.267|0.084|0.013|0.278|0.029|0.011|0.006|0.005|0.04|0.063|0.045
202411|41|44130|43110000|4311000000|인천|서초구|인계동|서초1동|APT9792|래미안|11698|2|4|0.073|0.076|0.008|0.107|0.001|0.033|0.171|0.03|0.068|0.003|0.003|0.058|0.157|0.2|0.012
202411|46|11110|47110000|1111000000|서울|수원시|인계동|역삼1동|APT1785|힐스테이트|19755|1|3|0.072|0.141|0.033|0.06|0.079|0.002|0.097|0.178|0.1|0.03|0.062|0.054|0.044|0.033|0.014
202411|47|41130|11110000|2711000000|부산|성남시|서초동|역삼1동|APT3764|자이|12837|1|5|0.063|0.142|0.191|0.021|0.228|0.009|0.012|0.052|0.028|0.03|0.003|0.038|0.013|0.067|0.104
202411|46|27110|27110000|4711000000|부산|서초구|역삼동|역삼1동|APT5486|푸르지오|5263|x|4|0.071|0.037|0.115|0.076|0.051|0.04|0.136|0.024|0.094|0.027|0.078|0.049|0.109|0.024|0.071
202411|46|47110|26110000|4413000000|부산|강남구|인계동|역삼1동|APT9412|자이|14749|2|4|0.001|0.009|0.097|0.021|0.023|0.067|0.144|0.082|0.012|0.079|0.036|0.054|0.047|0.203|0.124
202411|47|41130|42110000|4311000000|인천|성남시|역삼동|서초1동|APT3050|힐스테이트|4380|2|4|0.05|0.041|0.017|0.149|0.012|0.016|0.138|0.006|0.076|0.239|0.007|0.115|0.008|0.104|0.023
202411|27|41110|41130000|1117000000|부산|성남시|서초동|서초1동|APT7896|힐스테이트|18728|1|4|0.018|0.035|0.014|0.07|0.258|0.049|0.007|0.095|0.119|0.004|0.029|0.049|0.114|0.11|0.029
202411|26|44130|41130000|4113000000|경기|강남구|역삼동|역삼1동|APT2270|래미안|11264|x|4|0.014|0.02|0.016|0.053|0.09|0.002|0.003|0.117|0.04|0.039|0.024|0.02|0.372|0.017|0.174
202411|45|45110|26110000|4111000000|경기|서초구|서초동|서초1동|APT9378|자이|15064|2|3|0.012|0.129|0.054|0.055|0.141|0.208|0.004|0.075|0.036|0.152|0.014|0.007|0.061|0.034|0.018
202411|41|45110|11140000|1114000000|경기|강남구|서초동|서초1동|APT8361|자이|6405|1|4|0.08|0.069|0.21|0.02|0.069|0.004|0.109|0.0|0.057|0.056|0.022|0.245|0.017|0.008|0.035
202411|45|28110|27110000|2614000000|부산|성남시|역삼동|역삼1동|APT8147|래미안|2731|1|6|0.08|0.007|0.171|0.09|0.045|0.031|0.027|0.022|0.154|0.012|0.045|0.088|0.066|0.1|0.061
202411|47|41130|11170000|4511000000|인천|성남시|역삼동|서초1동|APT5720|힐스테이트|7630|2|4|0.057|0.011|0.065|0.037|0.426|0.015|0.022|0.025|0.025|0.049|0.044|0.163|0.01|0.047|0.005
202411|11|11170|26110000|2614000000|경기|서초구|역삼동|서초1동|APT8432|힐스테이트|3035|1|5|0.14|0.01|0.002|0.319|0.02|0.046|0.129|0.044|0.052|0.028|0.06|0.025|0.05|0.047|0.03
202411|47|42110|44130000|4115000000|부산|강남구|서초동|서초1동|APT8263|자이|17233|1|3|0.093|0.0|0.021|0.03|0.017|0.209|0.033|0.115|0.027|0.089|0.096|0.115|0.012|0.053|0.089
202411|26|47110|45110000|4115000000|인천|성남시|서초동|서초1동|APT9945|자이|9851|2|3|0.123|0.034|0.07|0.08|0.138|0.172|0.082|0.0|0.033|0.001|0.017|0.096|0.003|0.064|0.088
202411|44|45110|28110000|1117000000|서울|서초구|인계동|역삼1동|APT3059|힐스테이트|14196|2|6|0.04|0.003|0.052|0.029|0.174|0.032|0.046|0.221|0.036|0.053|0.114|0.021|0.044|0.038|0.097
202411|44|11110|47110000|1117000000|서울|서초구|역삼동|서초1동|APT1223|푸르지오|13289|1|3|0.13|0.083|0.192|0.087|0.002|0.138|0.036|0.025|0.022|0.02|0.015|0.095|0.052|0.082|0.02
202411|11|42110|46110000|4511000000|부산|성남시|서초동|서초1동|APT7528|푸르지오|17486|x|4|0.066|0.083|0.021|0.035|0.081|0.041|0.088|0.054|0.09|0.147|0.161|0.001|0.054|0.013|0.064
202411|47|47110|42110000|1117000000|부산|강남구|인계동|서초1동|APT4704|푸르지오|17225|2|6|0.021|0.193|0.065|0.042|0.006|0.018|0.159|0.056|0.076|0.069|0.03|0.067|0.035|0.129|0.033
202411|42|41150|43110000|2611000000|경기|수원시|서초동|역삼1동|APT8000|힐스테이트|10985|2|2|0.085|0.129|0.01|0.006|0.01|0.035|0.075|0.006|0.147|0.146|0.055|0.058|0.071|0.13|0.037
202411|44|41130|11110000|1120000000|인천|성남시|인계동|역삼1동|APT3029|자이|18272|2|4|0.094|0.123|0.033|0.005|0.002|0.206|0.027|0.026|0.135|0.107|0.004|0.072|0.061|0.031|0.075
202411|42|11110|42110000|4413000000|서울|성남시|인계동|역삼1동|APT7058|자이|19923|1|4|0.071|0.2|0.124|0.012|0.125|0.014|0.162|0.085|0.032|0.013|0.025|0.02|0.058|0.013|0.046
202411|43|42110|11200000|2614000000|서울|수원시|역삼동|역삼1동|APT3961|자이|7090|1|6|0.026|0.106|0.033|0.043|0.09|0.083|0.034|0.088|0.07|0.034|0.083|0.17|0.0|0.094|0.045
202411|11|26110|47110000|1117000000|부산|수원시|서초동|서초1동|APT4648|자이|5552|1|4|0.123|0.045|0.0|0.062|0.06|0.054|0.133|0.117|0.074|0.14|0.054|0.011|0.025|0.067|0.036
202411|44|11200|41130000|1114000000|경기|서초구|서초동|역삼1동|APT7009|래미안|2362|2|3|0.038|0.136|0.081|0.077|0.147|0.017|0.052|0.014|0.076|0.022|0.022|0.072|0.081|0.054|0.113
202411|43|46110|41130000|1111000000|서울|성남시|서초동|서초1동|APT9505|힐스테이트|18570|1|5|0.014|0.031|0.046|0.073|0.029|0.023|0.03|0.053|0.12|0.065|0.032|0.261|0.087|0.002|0.133
202411|41|11110|41130000|1120000000|경기|수원시|역삼동|서초1동|APT1931|래미안|3212|2|5|0.01|0.138|0.021|0.013|0.097|0.01|0.177|0.121|0.083|0.05|0.026|0.081|0.009|0.157|0.009
202411|27|11110|42110000|2811000000|경기|수원시|역삼동|역삼1동|APT3489|자이|13685|2|6|0.038|0.056|0.038|0.022|0.025|0.01|0.062|0.025|0.255|0.013|0.12|0.064|0.171|0.009|0.092
202411|27|41130|45110000|4311000000|경기|강남구|역삼동|서초1동|APT1585|힐스테이트|10760|1|6|0.171|0.06|0.116|0.011|0.089|0.157|0.095|0.058|0.082|0.034|0.018|0.012|0.01|0.046|0.041
202411|11|42110|41130000|4311000000|서울|강남구|서초동|역삼1동|APT1441|힐스테이트|9906|1|5|0.237|0.02|0.136|0.03|0.013|0.016|0.055|0.026|0.087|0.005|0.14|0.017|0.001|0.076|0.141
202411|26|11170|11200000|2614000000|서울|서초구|역삼동|서초1동|APT7789|푸르지오|15961|1|5|0.041|0.105|0.152|0.003|0.032|0.07|0.14|0.065|0.077|0.128|0.042|0.015|0.11|0.004|0.015
202411|11|43110|26140000|4115000000|부산|수원시|역삼동|서초1동|APT1199|푸르지오|12467|1|4|0.026|0.041|0.141|0.425|0.046|0.004|0.005|0.001|0.004|0.083|0.031|0.0|0.051|0.021|0.122
202411|41|26110|41130000|4115000000|경기|수원시|인계동|역삼1동|APT7610|자이|8749|2|2|0.083|0.022|0.017|0.087|0.029|0.031|0.183|0.163|0.135|0.013|0.042|0.012|0.023|0.097|0.064
202411|43|28110|11170000|4115000000|경기|성남시|서초동|서초1동|APT3577|래미안|9134|1|6|0.029|0.098|0.004|0.039|0.07|0.009|0.01|0.083|0.039|0.054|0.164|0.19|0.085|0.069|0.055
202411|46|11110|27110000|4113000000|인천|수원시|역삼동|서초1동|APT6252|힐스테이트|4417|1|5|0.024|0.026|0.063|0.015|0.097|0.121|0.205|0.145|0.025|0.052|0.007|0.068|0.03|0.112|0.009
202411|42|11140|26140000|1114000000|서울|수원시|역삼동|서초1동|APT8319|푸르지오|19371|2|5|0.021|0.171|0.018|0.06|0.003|0.159|0.04|0.13|0.066|0.078|0.042|0.024|0.07|0.114|0.007
202411|46|47110|11200000|4111000000|서울|강남구|인계동|역삼1동|APT6222|자이|3045|1|5|0.001|0.108|0.251|0.019|0.076|0.004|0.019|0.026|0.027|0.104|0.218|0.003|0.137|0.001|0.007
202411|47|47110|11200000|2711000000|인천|강남구|서초동|역삼1동|APT9513|래미안|3154|2|4|0.03|0.096|0.128|0.125|0.03|0.007|0.152|0.013|0.012|0.016|0.068|0.087|0.106|0.014|0.116
202411|11|11170|26110000|4311000000|인천|성남시|인계동|역삼1동|APT6178|푸르지오|18584|2|3|0.147|0.104|0.044|0.163|0.021|0.072|0.025|0.038|0.064|0.029|0.089|0.015|0.181|0.002|0.007
202411|26|43110|26140000|1117000000|부산|수원시|역삼동|역삼1동|APT9197|힐스테이트|2151|x|3|0.024|0.12|0.038|0.056|0.056|0.161|0.02|0.005|0.177|0.067|0.009|0.082|0.054|0.066|0.065
202411|26|43110|44130000|4113000000|서울|수원시|인계동|서초1동|APT9816|자이|7295|x|5|0.011|0.122|0.07|0.09|0.077|0.007|0.105|0.04|0.018|0.036|0.006|0.016|0.19|0.0|0.212
202411|42|41110|11140000|4711000000|경기|수원시|서초동|서초1동|APT1279|푸르지오|19519|1|4|0.065|0.086|0.112|0.005|0.08|0.138|0.039|0.019|0.154|0.063|0.091|0.008|0.045|0.014|0.082
202411|26|11110|27110000|1114000000|부산|서초구|역삼동|역삼1동|APT2239|힐스테이트|14394|2|5|0.139|0.107|0.02|0.004|0.13|0.122|0.055|0.001|0.057|0.002|0.023|0.222|0.009|0.006|0.103
202411|11|26110|11140000|2611000000|서울|서초구|인계동|서초1동|APT2945|래미안|6297|1|4|0.018|0.091|0.007|0.101|0.008|0.141|0.146|0.131|0.029|0.024|0.051|0.086|0.049|0.046|0.073
202411|43|28110|46110000|4511000000|부산|강남구|인계동|서초1동|APT3718|푸르지오|6180|2|2|0.011|0.015|0.049|0.023|0.118|0.038|0.022|0.121|0.097|0.131|0.019|0.2|0.08|0.053|0.023
202411|45|44130|41130000|4711000000|서울|강남구|역삼동|역삼1동|APT7313|자이|9935|2|6|0.042|0.099|0.129|0.007|0.006|0.054|0.119|0.111|0.033|0.132|0.006|0.123|0.001|0.109|0.028
202411|41|41130|47110000|1114000000|부산|수원시|서초동|역삼1동|APT8027|힐스테이트|18171|1|4|0.106|0.13|0.039|0.053|0.154|0.009|0.079|0.113|0.007|0.068|0.012|0.042|0.039|0.056|0.093
202411|43|42110|26140000|1120000000|인천|서초구|서초동|서초1동|APT4912|래미안|13862|x|6|0.076|0.003|0.125|0.162|0.013|0.125|0.025|0.02|0.027|0.008|0.025|0.043|0.218|0.019|0.111
202411|44|11200|11170000|4115000000|서울|성남시|서초동|역삼1동|APT2885|푸르지오|4056|1|6|0.108|0.067|0.015|0.178|0.017|0.07|0.112|0.091|0.125|0.001|0.063|0.116|0.022|0.014|0.0
202411|43|11140|26110000|4115000000|인천|수원시|인계동|역삼1동|APT5981|힐스테이트|7634|2|4|0.022|0.09|0.131|0.013|0.017|0.015|0.073|0.035|0.003|0.07|0.228|0.154|0.056|0.016|0.076
202411|45|11110|27110000|4711000000|서울|서초구|역삼동|역삼1동|APT2514|힐스테이트|10377|1|4|0.096|0.136|0.069|0.001|0.185|0.034|0.017|0.082|0.012|0.029|0.023|0.028|0.21|0.026|0.052
202411|42|11200|43110000|4113000000|경기|서초구|서초동|서초1동|APT1354|푸르지오|8959|2|4|0.018|0.011|0.01|0.026|0.044|0.022|0.061|0.237|0.038|0.005|0.208|0.163|0.019|0.09|0.049
202411|46|11170|11170000|1111000000|부산|수원시|서초동|서초1동|APT9939|래미안|4789|1|5|0.163|0.057|0.012|0.094|0.134|0.007|0.021|0.027|0.155|0.023|0.023|0.156|0.026|0.054|0.048
202411|42|45110|11170000|4511000000|부산|강남구|인계동|역삼1동|APT4648|푸르지오|15394|2|2|0.029|0.044|0.039|0.006|0.197|0.08|0.069|0.064|0.1|0.098|0.103|0.002|0.005|0.133|0.03
202411|44|26110|44130000|4111000000|경기|서초구|서초동|역삼1동|APT7940|래미안|3324|1|4|0.041|0.01|0.031|0.016|0.075|0.014|0.068|0.035|0.058|0.016|0.051|0.028|0.303|0.131|0.123
202411|44|41110|41150000|1111000000|경기|서초구|서초동|서초1동|APT8400|힐스테이트|6328|1|4|0.034|0.018|0.047|0.103|0.048|0.241|0.013|0.034|0.052|0.007|0.003|0.216|0.01|0.014|0.159
202411|27|43110|27110000|4113000000|경기|서초구|인계동|서초1동|APT9252|푸르지오|7535|1|5|0.005|0.019|0.004|0.172|0.116|0.104|0.016|0.039|0.037|0.153|0.019|0.142|0.011|0.083|0.08
202411|42|11140|27110000|4413000000|경기|수원시|서초동|역삼1동|APT7618|힐스테이트|13887|2|6|0.154|0.18|0.06|0.032|0.003|0.032|0.09|0.07|0.084|0.015|0.016|0.121|0.027|0.065|0.054
202411|41|46110|11110000|4111000000|부산|성남시|서초동|역삼1동|APT4340|푸르지오|6650|2|4|0.052|0.027|0.054|0.035|0.067|0.035|0.096|0.122|0.1|0.08|0.253|0.002|0.016|0.055|0.007
202411|46|44130|11170000|4211000000|경기|서초구|인계동|역삼1동|APT9894|힐스테이트|10312|1|5|0.141|0.032|0.059|0.085|0.054|0.013|0.151|0.092|0.025|0.004|0.048|0.178|0.066|0.052|0.001
202411|46|46110|41150000|1117000000|부산|강남구|서초동|서초1동|APT3885|힐스테이트|16546|2|2|0.053|0.104|0.008|0.023|0.035|0.144|0.03|0.133|0.008|0.008|0.043|0.195|0.189|0.017|0.008
202411|41|46110|28110000|4711000000|서울|서초구|역삼동|서초1동|APT1425|힐스테이트|11195|2|5|0.006|0.009|0.072|0.021|0.031|0.333|0.12|0.006|0.068|0.053|0.013|0.008|0.193|0.067|0.002
202411|42|45110|26110000|4611000000|인천|서초구|서초동|역삼1동|APT1729|힐스테이트|19128|2|4|0.0|0.006|0.028|0.05|0.15|0.014|0.049|0.077|0.281|0.043|0.035|0.077|0.028|0.026|0.135
202411|45|41130|43110000|4511000000|인천|서초구|서초동|서초1동|APT5634|푸르지오|12377|1|4|0.084|0.127|0.006|0.006|0.028|0.06|0.103|0.014|0.05|0.025|0.127|0.07|0.052|0.229|0.019
202411|11|43110|41130000|1111000000|경기|수원시|역삼동|역삼1동|APT4867|자이|4581|2|2|0.003|0.044|0.071|0.019|0.064|0.1|0.142|0.05|0.032|0.147|0.077|0.068|0.085|0.095|0.003
202411|27|26140|41150000|4413000000|서울|성남시|서초동|역삼1동|APT5259|자이|18340|1|6|0.246|0.126|0.073|0.042|0.08|0.026|0.01|0.053|0.013|0.053|0.147|0.021|0.024|0.011|0.075
202411|26|43110|11140000|4611000000|부산|수원시|역삼동|서초1동|APT3300|힐스테이트|17213|2|6|0.063|0.021|0.02|0.091|0.016|0.011|0.019|0.072|0.159|0.128|0.045|0.208|0.116|0.03|0.001
202411|42|11170|26140000|4115000000|인천|수원시|서초동|서초1동|APT9660|힐스테이트|15929|x|4|0.034|0.004|0.064|0.023|0.017|0.07|0.136|0.043|0.057|0.215|0.015|0.029|0.106|0.118|0.07
202411|47|11110|45110000|2614000000|인천|수원시|서초동|서초1동|APT8612|푸르지오|13257|1|6|0.077|0.159|0.152|0.029|0.016|0.008|0.019|0.005|0.066|0.042|0.165|0.038|0.126|0.071|0.028
202411|46|28110|43110000|1120000000|부산|서초구|서초동|역삼1동|APT5329|래미안|7146|1|3|0.015|0.052|0.038|0.108|0.132|0.013|0.015|0.15|0.144|0.013|0.02|0.145|0.051|0.056|0.048
202411|45|43110|27110000|4711000000|서울|서초구|서초동|역삼1동|APT9193|자이|10078|2|6|0.051|0.201|0.006|0.047|0.113|0.016|0.057|0.015|0.052|0.027|0.008|0.153|0.08|0.159|0.015
202411|42|46110|28110000|4311000000|부산|성남시|역삼동|서초1동|APT7514|래미안|15298|2|3|0.052|0.016|0.199|0.021|0.012|0.012|0.149|0.105|0.038|0.079|0.134|0.107|0.002|0.02|0.055
202411|41|11170|11140000|4711000000|인천|강남구|역삼동|역삼1동|APT2522|래미안|11712|2|2|0.065|0.092|0.102|0.234|0.037|0.001|0.096|0.009|0.078|0.028|0.04|0.005|0.037|0.068|0.107
202411|44|26140|26140000|4311000000|경기|강남구|역삼동|역삼1동|APT2046|푸르지오|19895|x|6|0.033|0.019|0.086|0.017|0.014|0.052|0.034|0.128|0.329|0.057|0.02|0.048|0.106|0.035|0.023
202411|47|11170|27110000|2811000000|경기|서초구|역삼동|역삼1동|APT3174|푸르지오|14068|2|3|0.032|0.066|0.056|0.053|0.215|0.003|0.024|0.006|0.172|0.037|0.043|0.015|0.085|0.057|0.136
202411|47|47110|28110000|4611000000|인천|수원시|서초동|역삼1동|APT8943|자이|2476|1|5|0.054|0.001|0.022|0.026|0.091|0.034|0.037|0.119|0.093|0.027|0.161|0.041|0.117|0.061|0.117
202411|41|11200|41150000|2611000000|서울|서초구|역삼동|서초1동|APT5993|힐스테이트|11187|2|6|0.01|0.157|0.036|0.079|0.024|0.307|0.031|0.048|0.014|0.004|0.092|0.05|0.027|0.1|0.022
202411|47|11140|11170000|1114000000|인천|성남시|서초동|서초1동|APT5984|힐스테이트|13905|x|6|0.091|0.121|0.065|0.057|0.078|0.253|0.015|0.02|0.083|0.094|0.002|0.012|0.021|0.056|0.033
202411|43|27110|28110000|4611000000|서울|수원시|인계동|서초1동|APT8969|자이|6605|1|6|0.062|0.023|0.121|0.056|0.129|0.044|0.211|0.013|0.001|0.125|0.032|0.023|0.018|0.052|0.089
202411|26|27110|11110000|4111000000|경기|성남시|역삼동|서초1동|APT1647|래미안|5525|1|4|0.05|0.098|0.134|0.061|0.034|0.074|0.027|0.125|0.051|0.019|0.184|0.01|0.062|0.059|0.012
202411|41|11200|46110000|1117000000|경기|성남시|서초동|서초1동|APT1144|힐스테이트|9142|2|3|0.09|0.045|0.011|0.013|0.047|0.015|0.077|0.032|0.061|0.253|0.098|0.059|0.079|0.049|0.07
202411|47|42110|11200000|2711000000|인천|성남시|역삼동|서초1동|APT8334|자이|11002|2|5|0.017|0.068|0.07|0.012|0.054|0.246|0.05|0.049|0.114|0.01|0.007|0.173|0.039|0.048|0.042
202411|27|43110|11140000|4111000000|경기|수원시|서초동|서초1동|APT1152|래미안|19784|2|6|0.065|0.083|0.008|0.025|0.004|0.001|0.016|0.002|0.153|0.052|0.169|0.062|0.024|0.081|0.254
202411|47|26110|11110000|4611000000|인천|수원시|인계동|서초1동|APT5406|푸르지오|15013|2|4|0.017|0.05|0.023|0.029|0.136|0.132|0.115|0.072|0.101|0.012|0.081|0.064|0.07|0.003|0.095
202411|26|41130|27110000|4111000000|서울|성남시|인계동|서초1동|APT6967|힐스테이트|12081|2|4|0.044|0.001|0.292|0.004|0.006|0.028|0.087|0.242|0.032|0.007|0.119|0.06|0.014|0.06|0.004
202411|41|41130|42110000|4115000000|경기|강남구|인계동|서초1동|APT7180|푸르지오|12712|x|6|0.01|0.018|0.072|0.019|0.046|0.154|0.007|0.044|0.217|0.005|0.024|0.051|0.024|0.062|0.247
202411|47|46110|26140000|4711000000|인천|강남구|역삼동|서초1동|APT6746|래미안|12992|2|4|0.022|0.044|0.001|0.04|0.014|0.025|0.045|0.15|0.065|0.002|0.131|0.038|0.12|0.098|0.205
202411|45|11110|46110000|1117000000|서울|강남구|서초동|역삼1동|APT6180|푸르지오|5214|2|6|0.054|0.25|0.005|0.087|0.045|0.049|0.053|0.018|0.006|0.035|0.037|0.021|0.165|0.073|0.102
202411|27|27110|44130000|2811000000|인천|성남시|서초동|서초1동|APT7443|자이|5288|1|6|0.042|0.091|0.076|0.025|0.012|0.051|0.008|0.052|0.143|0.086|0.074|0.002|0.164|0.171|0.003
202411|46|43110|41150000|1111000000|부산|수원시|역삼동|역삼1동|APT4415|힐스테이트|3151|2|6|0.171|0.035|0.007|0.006|0.021|0.087|0.185|0.044|0.049|0.001|0.067|0.037|0.16|0.067|0.062
202411|41|27110|45110000|4111000000|경기|수원시|인계동|서초1동|APT8860|자이|14753|2|4|0.018|0.02|0.065|0.021|0.025|0.028|0.177|0.006|0.055|0.018|0.017|0.049|0.046|0.147|0.308
202411|44|11110|27110000|4115000000|부산|강남구|역삼동|역삼1동|APT8072|푸르지오|15430|2|6|0.052|0.032|0.008|0.072|0.02|0.048|0.113|0.002|0.134|0.006|0.175|0.179|0.062|0.01|0.088
202411|11|11110|41150000|2811000000|인천|수원시|서초동|서초1동|APT5215|힐스테이트|2245|2|3|0.007|0.024|0.076|0.122|0.099|0.043|0.006|0.109|0.005|0.107|0.057|0.139|0.086|0.029|0.093
202411|45|46110|41150000|1120000000|서울|서초구|서초동|역삼1동|APT7370|푸르지오|2182|1|2|0.003|0.048|0.073|0.062|0.072|0.088|0.048|0.097|0.006|0.086|0.078|0.013|0.051|0.078|0.197
202411|42|43110|46110000|4511000000|경기|강남구|인계동|서초1동|APT6447|푸르지오|14229|1|6|0.066|0.072|0.159|0.12|0.028|0.104|0.069|0.028|0.064|0.067|0.007|0.157|0.008|0.026|0.023
202411|44|41150|42110000|1114000000|서울|수원시|서초동|역삼1동|APT8515|래미안|14105|2|2|0.057|0.043|0.011|0.015|0.188|0.121|0.065|0.038|0.006|0.082|0.187|0.045|0.036|0.048|0.058
202411|46|11200|41150000|2611000000|서울|성남시|인계동|역삼1동|APT9220|래미안|2932|2|5|0.15|0.045|0.143|0.19|0.093|0.024|0.017|0.111|0.017|0.039|0.029|0.043|0.04|0.055|0.004
202411|47|11140|41110000|4511000000|부산|수원시|서초동|역삼1동|APT1576|푸르지오|14576|2|3|0.043|0.026|0.228|0.005|0.127|0.011|0.066|0.079|0.078|0.16|0.013|0.079|0.017|0.06|0.008
202411|45|41110|11200000|1117000000|서울|성남시|서초동|역삼1동|APT2821|푸르지오|15126|x|6|0.046|0.062|0.029|0.016|0.043|0.167|0.151|0.009|0.09|0.069|0.077|0.126|0.01|0.004|0.102
202411|26|47110|41110000|4413000000|서울|강남구|인계동|역삼1동|APT6668|래미안|5422|1|4|0.0|0.106|0.023|0.037|0.19|0.077|0.107|0.028|0.125|0.054|0.028|0.107|0.038|0.039|0.041
202411|45|28110|42110000|4113000000|서울|서초구|인계동|서초1동|APT4506|자이|16366|2|5|0.05|0.094|0.043|0.009|0.195|0.042|0.068|0.029|0.25|0.1|0.0|0.015|0.053|0.045|0.005
202411|46|44130|41130000|4113000000|부산|서초구|인계동|서초1동|APT4375|힐스테이트|8075|2|2|0.1|0.004|0.005|0.157|0.014|0.242|0.018|0.075|0.143|0.02|0.113|0.0|0.009|0.071|0.03
202411|11|43110|46110000|2611000000|서울|강남구|서초동|서초1동|APT3044|자이|9350|1|3|0.075|0.077|0.028|0.137|0.043|0.253|0.084|0.015|0.017|0.027|0.006|0.006|0.097|0.129|0.006
202411|41|45110|43110000|1120000000|인천|수원시|역삼동|역삼1동|APT5238|래미안|13283|2|5|0.127|0.033|0.058|0.045|0.041|0.006|0.003|0.023|0.216|0.031|0.077|0.113|0.033|0.094|0.101
202411|41|41110|41150000|2614000000|서울|강남구|서초동|서초1동|APT9226|자이|5031|1|5|0.031|0.055|0.042|0.015|0.211|0.06|0.019|0.149|0.026|0.014|0.049|0.006|0.057|0.248|0.019
202411|47|11140|45110000|4113000000|경기|성남시|인계동|서초1동|APT9735|힐스테이트|7847|1|4|0.159|0.043|0.014|0.027|0.074|0.051|0.071|0.175|0.006|0.044|0.072|0.017|0.027|0.03|0.19
202411|41|27110|41110000|2614000000|경기|성남시|역삼동|역삼1동|APT3650|자이|11744|x|3|0.042|0.004|0.102|0.016|0.004|0.005|0.007|0.113|0.127|0.104|0.014|0.013|0.111|0.007|0.33
202411|26|45110|46110000|4611000000|부산|강남구|역삼동|역삼1동|APT3502|푸르지오|8048|2|6|0.108|0.006|0.018|0.136|0.117|0.06|0.006|0.036|0.107|0.069|0.094|0.011|0.031|0.008|0.193
202411|42|27110|45110000|4413000000|경기|성남시|인계동|서초1동|APT7349|푸르지오|14613|2|5|0.016|0.2|0.117|0.1|0.002|0.013|0.059|0.027|0.04|0.141|0.024|0.012|0.192|0.053|0.003
202411|41|26110|41130000|4511000000|부산|강남구|인계동|역삼1동|APT6516|자이|12777|2|2|0.03|0.029|0.183|0.161|0.039|0.017|0.123|0.219|0.028|0.01|0.026|0.053|0.047|0.033|0.003
202411|47|41150|43110000|4111000000|부산|성남시|인계동|역삼1동|APT3389|래미안|7683|2|3|0.105|0.014|0.08|0.043|0.01|0.033|0.076|0.087|0.016|0.023|0.067|0.203|0.025|0.196|0.023
202411|42|11200|28110000|4511000000|인천|서초구|서초동|서초1동|APT4382|푸르지오|17267|1|3|0.146|0.107|0.007|0.028|0.079|0.038|0.128|0.109|0.175|0.007|0.069|0.002|0.083|0.009|0.014
202411|42|41130|27110000|4711000000|경기|강남구|역삼동|서초1동|APT5707|래미안|19123|x|4|0.02|0.125|0.156|0.085|0.121|0.041|0.198|0.027|0.031|0.036|0.003|0.064|0.039|0.027|0.027
202411|41|11200|45110000|1117000000|경기|서초구|서초동|역삼1동|APT2626|래미안|15706|2|4|0.219|0.011|0.002|0.097|0.151|0.002|0.073|0.063|0.042|0.106|0.032|0.004|0.061|0.109|0.028
202411|43|46110|26110000|4211000000|인천|수원시|서초동|역삼1동|APT8952|힐스테이트|15438|x|4|0.098|0.036|0.151|0.161|0.021|0.105|0.052|0.094|0.02|0.015|0.004|0.003|0.141|0.012|0.086
202411|11|46110|44130000|2811000000|경기|강남구|서초동|역삼1동|APT7170|푸르지오|7746|1|4|0.035|0.046|0.036|0.061|0.091|0.026|0.006|0.092|0.026|0.03|0.024|0.005|0.26|0.018|0.243
202411|47|11110|26140000|4211000000|부산|강남구|서초동|역삼1동|APT6173|힐스테이트|14562|1|5|0.145|0.04|0.019|0.038|0.203|0.026|0.028|0.003|0.052|0.132|0.093|0.129|0.06|0.029|0.001
202411|44|42110|43110000|4413000000|인천|강남구|역삼동|서초1동|APT9486|힐스테이트|2152|2|6|0.066|0.016|0.036|0.001|0.091|0.06|0.03|0.077|0.039|0.094|0.24|0.009|0.106|0.063|0.072
202411|41|45110|47110000|4413000000|인천|강남구|인계동|역삼1동|APT2378|힐스테이트|3543|1|3|0.088|0.045|0.011|0.029|0.031|0.119|0.033|0.066|0.008|0.018|0.284|0.004|0.177|0.026|0.061
202411|47|11110|41150000|1114000000|부산|성남시|인계동|서초1동|APT4210|힐스테이트|13790|1|3|0.039|0.015|0.189|0.097|0.028|0.013|0.021|0.105|0.115|0.179|0.034|0.066|0.008|0.059|0.032
202411|41|46110|41130000|2611000000|경기|수원시|인계동|서초1동|APT6262|힐스테이트|13729|2|6|0.178|0.019|0.002|0.038|0.031|0.013|0.007|0.088|0.041|0.202|0.097|0.091|0.001|0.093|0.098
202411|46|46110|27110000|1111000000|서울|성남시|역삼동|서초1동|APT2395|힐스테이트|18756|2|2|0.02|0.098|0.058|0.055|0.091|0.169|0.07|0.15|0.094|0.043|0.045|0.049|0.001|0.008|0.048
202411|47|41150|42110000|4311000000|서울|성남시|역삼동|서초1동|APT2856|힐스테이트|16473|2|3|0.093|0.038|0.097|0.045|0.14|0.083|0.031|0.017|0.095|0.02|0.06|0.045|0.04|0.024|0.173
202411|42|11170|43110000|2611000000|부산|수원시|인계동|역삼1동|APT9161|자이|2753|2|4|0.023|0.026|0.496|0.019|0.075|0.005|0.148|0.003|0.078|0.025|0.044|0.001|0.009|0.009|0.039
202411|43|27110|46110000|4311000000|부산|강남구|인계동|역삼1동|APT8337|래미안|14999|2|4|0.065|0.01|0.122|0.011|0.063|0.103|0.074|0.062|0.171|0.006|0.015|0.107|0.02|0.162|0.007
202411|47|11140|41130000|4111000000|부산|성남시|인계동|역삼1동|APT9645|푸르지오|2323|2|6|0.18|0.058|0.015|0.0|0.01|0.029|0.047|0.113|0.017|0.02|0.016|0.138|0.033|0.089|0.233
202411|44|28110|45110000|2811000000|서울|수원시|인계동|서초1동|APT7073|힐스테이트|4351|1|2|0.043|0.064|0.087|0.024|0.358|0.074|0.032|0.092|0.048|0.005|0.036|0.012|0.007|0.069|0.048
202411|45|26110|11140000|1117000000|부산|성남시|서초동|역삼1동|APT3871|래미안|15468|2|4|0.002|0.003|0.161|0.085|0.015|0.104|0.042|0.072|0.205|0.17|0.036|0.034|0.019|0.029|0.024
202411|41|42110|11200000|4511000000|부산|성남시|인계동|서초1동|APT1007|래미안|17701|2|4|0.097|0.012|0.069|0.005|0.042|0.048|0.101|0.131|0.001|0.256|0.027|0.02|0.072|0.088|0.03
202411|47|45110|11200000|1120000000|인천|강남구|인계동|서초1동|APT3655|자이|15745|2|5|0.085|0.037|0.033|0.053|0.033|0.075|0.133|0.182|0.023|0.059|0.127|0.022|0.018|0.07|0.047
202411|46|26110|11200000|1114000000|경기|수원시|역삼동|서초1동|APT3606|힐스테이트|6617|x|3|0.059|0.072|0.29|0.167|0.038|0.068|0.002|0.012|0.021|0.135|0.002|0.004|0.095|0.008|0.028
202411|42|46110|26140000|4611000000|서울|강남구|인계동|서초1동|APT6683|자이|10694|2|3|0.022|0.165|0.05|0.026|0.078|0.032|0.011|0.018|0.132|0.203|0.015|0.062|0.002|0.153|0.03
202411|46|41150|43110000|4211000000|부산|수원시|인계동|역삼1동|APT6070|푸르지오|7087|2|5|0.011|0.171|0.112|0.021|0.205|0.001|0.107|0.083|0.003|0.103|0.005|0.003|0.095|0.009|0.07
202411|44|11140|41110000|4311000000|인천|수원시|인계동|역삼1동|APT3702|자이|6500|2|2|0.111|0.109|0.028|0.006|0.196|0.151|0.009|0.007|0.017|0.098|0.043|0.052|0.125|0.03|0.019
202411|42|47110|41150000|4311000000|인천|서초구|인계동|역삼1동|APT7540|자이|8514|2|6|0.051|0.03|0.102|0.177|0.031|0.059|0.059|0.088|0.064|0.116|0.006|0.043|0.078|0.032|0.064
202411|43|26140|28110000|1117000000|경기|수원시|역삼동|역삼1동|APT2510|힐스테이트|16148|2|4|0.136|0.039|0.047|0.006|0.021|0.057|0.249|0.05|0.131|0.053|0.04|0.089|0.057|0.001|0.025
202411|44|43110|44130000|2711000000|인천|수원시|서초동|서초1동|APT1327|래미안|4891|x|2|0.245|0.097|0.006|0.01|0.092|0.086|0.046|0.011|0.031|0.068|0.091|0.03|0.014|0.119|0.054
202411|47|46110|46110000|4113000000|인천|수원시|서초동|서초1동|APT6836|래미안|12070|1|3|0.009|0.0|0.086|0.052|0.141|0.157|0.183|0.004|0.092|0.061|0.051|0.013|0.048|0.033|0.07
202411|43|43110|47110000|4511000000|경기|강남구|역삼동|역삼1동|APT4815|힐스테이트|3895|1|4|0.04|0.132|0.024|0.046|0.001|0.0|0.063|0.109|0.055|0.1|0.0|0.253|0.019|0.139|0.019
202411|41|41150|11140000|2614000000|인천|수원시|역삼동|역삼1동|APT5452|자이|11876|2|2|0.01|0.018|0.014|0.002|0.03|0.155|0.022|0.107|0.039|0.207|0.001|0.016|0.052|0.314|0.013
202411|45|11200|28110000|4211000000|부산|서초구|서초동|역삼1동|APT3021|래미안|11558|2|2|0.022|0.09|0.043|0.173|0.034|0.034|0.057|0.235|0.055|0.092|0.07|0.012|0.046|0.015|0.021
202411|26|11200|46110000|1120000000|경기|강남구|역삼동|서초1동|APT9710|푸르지오|12985|2|4|0.135|0.099|0.069|0.168|0.014|0.016|0.016|0.026|0.033|0.048|0.147|0.028|0.003|0.067|0.131
202411|11|41150|41110000|4413000000|부산|수원시|인계동|역삼1동|APT1755|힐스테이트|13483|1|4|0.027|0.099|0.1|0.029|0.004|0.004|0.042|0.058|0.086|0.165|0.025|0.241|0.111|0.009|0.001
202411|44|26140|41130000|2811000000|부산|서초구|역삼동|역삼1동|APT3984|래미안|6706|1|6|0.113|0.041|0.014|0.067|0.031|0.188|0.075|0.054|0.015|0.172|0.002|0.095|0.013|0.083|0.039
202411|26|45110|11200000|4413000000|인천|강남구|인계동|역삼1동|APT4783|푸르지오|2995|2|6|0.092|0.019|0.037|0.092|0.018|0.092|0.004|0.02|0.184|0.0|0.04|0.065|0.017|0.048|0.27
202411|41|47110|41130000|4113000000|인천|강남구|역삼동|서초1동|APT5431|힐스테이트|19900|2|2|0.13|0.069|0.114|0.006|0.012|0.0|0.053|0.02|0.026|0.1|0.044|0.063|0.167|0.19|0.005
202411|44|26140|46110000|4311000000|부산|강남구|역삼동|서초1동|APT3320|래미안|18035|2|4|0.095|0.048|0.1|0.091|0.012|0.152|0.06|0.074|0.01|0.034|0.024|0.041|0.022|0.061|0.176
202411|42|28110|26140000|1120000000|인천|성남시|서초동|서초1동|APT7146|힐스테이트|5142|1|5|0.045|0.001|0.035|0.017|0.221|0.087|0.223|0.183|0.039|0.038|0.059|0.01|0.005|0.034|0.002
202411|41|26140|27110000|2611000000|부산|성남시|서초동|역삼1동|APT3892|래미안|12902|2|2|0.056|0.094|0.012|0.044|0.004|0.015|0.012|0.015|0.155|0.078|0.027|0.022|0.425|0.008|0.033
202411|45|11200|43110000|1120000000|인천|수원시|인계동|서초1동|APT6665|푸르지오|19185|1|4|0.013|0.012|0.015|0.202|0.012|0.034|0.235|0.005|0.009|0.047|0.235|0.038|0.003|0.026|0.112
202411|44|43110|11170000|4711000000|서울|성남시|역삼동|서초1동|APT1185|푸르지오|10116|2|4|0.01|0.006|0.016|0.006|0.039|0.138|0.121|0.106|0.052|0.031|0.03|0.023|0.159|0.166|0.097
202411|45|46110|11140000|4115000000|인천|강남구|서초동|서초1동|APT5508|자이|5308|1|4|0.009|0.009|0.039|0.068|0.022|0.067|0.016|0.146|0.064|0.028|0.091|0.043|0.243|0.118|0.038
202411|11|26110|11140000|4115000000|서울|성남시|서초동|서초1동|APT3857|푸르지오|17204|1|6|0.279|0.007|0.029|0.025|0.105|0.06|0.01|0.092|0.107|0.074|0.068|0.029|0.029|0.064|0.025
202411|47|45110|27110000|1114000000|부산|수원시|서초동|서초1동|APT1032|푸르지오|10079|2|4|0.078|0.029|0.068|0.14|0.008|0.059|0.072|0.016|0.002|0.058|0.17|0.079|0.11|0.032|0.079
202411|47|26110|42110000|1120000000|부산|서초구|역삼동|서초1동|APT3778|힐스테이트|13819|x|4|0.07|0.058|0.011|0.008|0.008|0.026|0.035|0.061|0.078|0.086|0.06|0.062|0.113|0.194|0.129
202411|45|41110|26140000|1117000000|부산|강남구|역삼동|서초1동|APT6975|자이|11698|2|5|0.047|0.107|0.182|0.024|0.062|0.022|0.002|0.124|0.041|0.145|0.125|0.018|0.055|0.015|0.031
202411|11|47110|26110000|2811000000|서울|성남시|역삼동|서초1동|APT5409|푸르지오|19903|1|3|0.039|0.05|0.004|0.077|0.018|0.044|0.095|0.006|0.208|0.247|0.029|0.044|0.074|0.06|0.006
202411|42|28110|46110000|2811000000|인천|강남구|인계동|역삼1동|APT5989|래미안|11982|1|5|0.128|0.033|0.086|0.023|0.119|0.094|0.06|0.055|0.003|0.035|0.001|0.127|0.204|0.008|0.023
202411|42|47110|41130000|2611000000|서울|서초구|서초동|역삼1동|APT5334|힐스테이트|4355|2|3|0.048|0.031|0.001|0.018|0.058|0.163|0.056|0.01|0.081|0.071|0.072|0.082|0.065|0.202|0.041
202411|11|46110|11140000|4311000000|인천|수원시|역삼동|역삼1동|APT4256|푸르지오|10373|1|3|0.038|0.013|0.105|0.027|0.011|0.053|0.277|0.014|0.095|0.063|0.019|0.062|0.035|0.145|0.043
202411|47|26110|41150000|1111000000|인천|서초구|역삼동|역삼1동|APT5951|자이|8477|1|4|0.073|0.056|0.06|0.054|0.008|0.001|0.064|0.182|0.066|0.024|0.03|0.158|0.128|0.069|0.026
202411|43|28110|46110000|1117000000|부산|수원시|서초동|서초1동|APT6849|힐스테이트|8221|2|6|0.0|0.033|0.005|0.234|0.081|0.021|0.183|0.035|0.066|0.029|0.08|0.08|0.019|0.032|0.104
202411|26|11140|11140000|1120000000|부산|강남구|인계동|역삼1동|APT7336|힐스테이트|3328|2|2|0.137|0.035|0.02|0.086|0.022|0.034|0.037|0.085|0.059|0.057|0.073|0.083|0.008|0.111|0.153
202411|45|43110|45110000|1120000000|서울|강남구|서초동|역삼1동|APT3848|자이|6681|2|3|0.001|0.016|0.021|0.011|0.058|0.314|0.049|0.004|0.111|0.101|0.03|0.106|0.051|0.084|0.046
202411|43|26140|11170000|1120000000|서울|성남시|서초동|서초1동|APT2033|래미안|13245|1|5|0.05|0.051|0.048|0.019|0.058|0.109|0.023|0.01|0.096|0.008|0.033|0.013|0.053|0.007|0.422
202411|45|41150|47110000|4115000000|부산|성남시|인계동|서초1동|APT6438|래미안|2652|2|6|0.04|0.043|0.062|0.166|0.106|0.093|0.076|0.078|0.054|0.057|0.056|0.006|0.015|0.119|0.029
202411|44|47110|46110000|4115000000|인천|강남구|인계동|서초1동|APT3733|힐스테이트|17713|2|2|0.038|0.025|0.144|0.003|0.001|0.226|0.015|0.048|0.076|0.013|0.088|0.033|0.038|0.162|0.091
202411|42|27110|11140000|4211000000|부산|성남시|인계동|서초1동|APT4664|래미안|16959|2|5|0.077|0.144|0.133|0.047|0.028|0.05|0.049|0.07|0.017|0.054|0.06|0.104|0.006|0.095|0.067
202411|47|42110|47110000|4711000000|인천|강남구|서초동|역삼1동|APT6052|푸르지오|9756|1|4|0.038|0.015|0.117|0.045|0.013|0.055|0.1|0.034|0.076|0.167|0.062|0.017|0.177|0.074|0.01
202411|42|43110|11170000|1117000000|인천|수원시|서초동|서초1동|APT4950|래미안|6805|2|5|0.02|0.176|0.01|0.052|0.006|0.002|0.251|0.019|0.067|0.105|0.041|0.118|0.007|0.057|0.069
202411|47|41110|45110000|2811000000|경기|수원시|인계동|서초1동|APT6801|래미안|17129|2|3|0.186|0.036|0.041|0.036|0.057|0.035|0.002|0.013|0.054|0.078|0.012|0.013|0.071|0.035|0.332
202411|44|41150|45110000|4711000000|경기|서초구|인계동|서초1동|APT8951|래미안|15506|1|4|0.117|0.111|0.049|0.064|0.014|0.087|0.056|0.083|0.015|0.009|0.076|0.001|0.015|0.017|0.286
202411|47|11200|41110000|4211000000|경기|강남구|서초동|서초1동|APT8637|푸르지오|12488|1|3|0.136|0.146|0.049|0.002|0.051|0.132|0.064|0.036|0.001|0.062|0.157|0.003|0.029|0.129|0.001
202411|11|43110|41110000|2614000000|경기|서초구|인계동|서초1동|APT7164|힐스테이트|9298|1|3|0.035|0.049|0.081|0.022|0.029|0.084|0.069|0.004|0.208|0.047|0.068|0.241|0.05|0.012|0.002
202411|43|11140|11140000|4413000000|경기|성남시|서초동|서초1동|APT1421|자이|12929|1|4|0.062|0.057|0.072|0.048|0.088|0.054|0.146|0.114|0.073|0.117|0.054|0.024|0.053|0.023|0.013
202411|41|27110|11110000|4413000000|서울|강남구|역삼동|서초1동|APT7599|래미안|3203|1|5|0.07|0.176|0.015|0.015|0.192|0.072|0.054|0.037|0.015|0.165|0.091|0.046|0.027|0.019|0.006
202411|43|11170|46110000|4111000000|인천|강남구|서초동|서초1동|APT4382|자이|12968|x|5|0.035|0.002|0.125|0.124|0.031|0.15|0.001|0.017|0.107|0.051|0.0|0.114|0.075|0.012|0.155
202411|47|11140|41130000|4211000000|경기|강남구|서초동|역삼1동|APT2481|푸르지오|13114|1|6|0.04|0.017|0.017|0.042|0.083|0.137|0.085|0.008|0.001|0.02|0.133|0.134|0.011|0.139|0.133
202411|42|46110|41110000|4115000000|서울|성남시|역삼동|서초1동|APT4732|래미안|7688|1|2|0.053|0.324|0.039|0.031|0.053|0.096|0.001|0.047|0.152|0.017|0.038|0.049|0.029|0.008|0.063
202411|43|41150|11170000|4413000000|경기|강남구|인계동|역삼1동|APT1631|힐스테이트|18998|2|4|0.028|0.129|0.153|0.087|0.036|0.109|0.029|0.097|0.043|0.057|0.017|0.008|0.115|0.032|0.059
202411|42|41150|11200000|4111000000|서울|서초구|서초동|서초1동|APT8055|자이|8133|2|2|0.116|0.193|0.067|0.061|0.058|0.041|0.11|0.027|0.019|0.066|0.047|0.006|0.004|0.112|0.072
202411|43|27110|11140000|4113000000|부산|강남구|역삼동|서초1동|APT6836|자이|10878|1|5|0.024|0.017|0.051|0.053|0.062|0.063|0.162|0.056|0.01|0.142|0.022|0.04|0.083|0.107|0.106
202411|45|11140|27110000|2611000000|인천|수원시|인계동|역삼1동|APT7288|푸르지오|13195|1|4|0.019|0.049|0.149|0.015|0.029|0.075|0.069|0.064|0.009|0.091|0.001|0.025|0.248|0.081|0.076
202411|45|45110|43110000|4111000000|부산|수원시|역삼동|서초1동|APT7343|자이|17938|x|4|0.014|0.083|0.066|0.129|0.014|0.112|0.042|0.136|0.1|0.001|0.167|0.017|0.035|0.005|0.08
202411|45|41130|26110000|4115000000|부산|수원시|서초동|역삼1동|APT7745|자이|8823|2|2|0.102|0.125|0.048|0.012|0.002|0.0|0.019|0.002|0.202|0.012|0.095|0.061|0.056|0.028|0.237
202411|27|26140|43110000|4711000000|경기|수원시|서초동|역삼1동|APT9898|푸르지오|18083|2|4|0.009|0.078|0.027|0.039|0.04|0.066|0.002|0.234|0.06|0.022|0.109|0.044|0.106|0.095|0.07
202411|27|11200|47110000|4611000000|서울|성남시|서초동|역삼1동|APT5628|푸르지오|17704|2|6|0.007|0.02|0.006|0.2|0.001|0.156|0.07|0.113|0.101|0.015|0.04|0.037|0.005|0.132|0.097
202411|43|41110|41130000|4511000000|경기|수원시|인계동|역삼1동|APT7875|자이|14178|2|2|0.088|0.001|0.138|0.007|0.143|0.108|0.017|0.084|0.185|0.047|0.042|0.119|0.012|0.007|0.001
202411|26|45110|43110000|1117000000|서울|강남구|서초동|서초1동|APT5235|힐스테이트|8426|2|4|0.01|0.048|0.277|0.004|0.123|0.005|0.026|0.097|0.024|0.131|0.006|0.007|0.043|0.135|0.063
202411|45|11110|26110000|1111000000|부산|수원시|인계동|역삼1동|APT4885|자이|18704|1|4|0.3|0.006|0.023|0.006|0.109|0.063|0.125|0.057|0.014|0.036|0.114|0.036|0.033|0.062|0.015
202411|43|11170|28110000|4211000000|부산|수원시|서초동|역삼1동|APT7774|힐스테이트|18152|x|5|0.207|0.006|0.037|0.064|0.11|0.09|0.168|0.006|0.057|0.03|0.034|0.015|0.024|0.126|0.025
202411|27|41150|41130000|1111000000|인천|수원시|서초동|서초1동|APT6716|푸르지오|16455|1|3|0.004|0.092|0.18|0.034|0.006|0.016|0.058|0.029|0.001|0.232|0.138|0.076|0.0|0.002|0.131
202411|45|27110|41150000|4115000000|부산|서초구|인계동|서초1동|APT3635|래미안|19825|1|5|0.009|0.011|0.002|0.062|0.293|0.039|0.038|0.036|0.121|0.159|0.043|0.021|0.064|0.102|0.0
202411|44|28110|11110000|4511000000|경기|강남구|인계동|역삼1동|APT1235|자이|12496|1|3|0.193|0.014|0.063|0.002|0.025|0.059|0.043|0.011|0.01|0.094|0.031|0.149|0.059|0.095|0.152
202411|27|41150|45110000|4413000000|인천|서초구|역삼동|서초1동|APT1619|자이|13112|1|5|0.02|0.071|0.057|0.015|0.107|0.043|0.009|0.113|0.053|0.008|0.068|0.0|0.028|0.332|0.077
202411|27|27110|27110000|4611000000|부산|강남구|역삼동|역삼1동|APT4215|래미안|17624|2|5|0.035|0.045|0.018|0.01|0.005|0.071|0.151|0.178|0.073|0.136|0.022|0.022|0.142|0.069|0.025
202411|46|45110|11140000|4113000000|인천|수원시|인계동|역삼1동|APT8603|힐스테이트|6539|1|6|0.031|0.056|0.105|0.054|0.005|0.128|0.279|0.069|0.038|0.038|0.044|0.062|0.016|0.053|0.021
202411|47|41150|44130000|1114000000|경기|서초구|역삼동|역삼1동|APT7893|힐스테이트|14052|2|3|0.102|0.155|0.173|0.049|0.0|0.142|0.067|0.014|0.029|0.022|0.007|0.021|0.145|0.034|0.04
202411|42|11140|11170000|4611000000|인천|성남시|인계동|서초1동|APT4042|푸르지오|8001|1|5|0.023|0.141|0.013|0.032|0.043|0.041|0.123|0.004|0.006|0.184|0.053|0.009|0.096|0.186|0.046
202411|11|42110|28110000|1117000000|경기|강남구|인계동|역삼1동|APT4457|래미안|4692|2|5|0.043|0.011|0.039|0.05|0.026|0.01|0.102|0.135|0.004|0.136|0.231|0.004|0.077|0.042|0.088
202411|44|11140|41150000|4211000000|경기|성남시|인계동|역삼1동|APT2046|래미안|8067|1|6|0.091|0.041|0.014|0.045|0.003|0.053|0.005|0.128|0.119|0.053|0.023|0.159|0.11|0.026|0.129
202411|44|27110|11200000|2811000000|부산|수원시|역삼동|서초1동|APT3149|힐스테이트|13968|2|3|0.034|0.044|0.16|0.105|0.028|0.063|0.016|0.108|0.02|0.03|0.108|0.005|0.153|0.028|0.099
202411|11|46110|43110000|1114000000|부산|서초구|서초동|역삼1동|APT4060|힐스테이트|13839|1|4|0.052|0.026|0.01|0.154|0.13|0.058|0.136|0.025|0.148|0.044|0.032|0.036|0.038|0.004|0.107
202411|45|28110|43110000|2614000000|서울|서초구|인계동|역삼1동|APT5761|힐스테이트|2855|1|4|0.013|0.144|0.096|0.095|0.101|0.066|0.067|0.024|0.059|0.099|0.075|0.044|0.068|0.018|0.031
202411|44|26140|41150000|2614000000|인천|서초구|인계동|역삼1동|APT5921|래미안|3498|2|4|0.032|0.027|0.122|0.005|0.081|0.158|0.045|0.008|0.109|0.042|0.033|0.113|0.074|0.077|0.075
202411|47|11200|26110000|1117000000|경기|강남구|인계동|서초1동|APT4966|자이|18422|2|2|0.015|0.004|0.026|0.219|0.02|0.052|0.145|0.013|0.114|0.004|0.119|0.05|0.028|0.167|0.023
202411|27|47110|41110000|2711000000|경기|성남시|서초동|서초1동|APT5276|래미안|12717|2|6|0.023|0.084|0.118|0.061|0.061|0.012|0.044|0.1|0.004|0.06|0.052|0.062|0.108|0.014|0.198
202411|26|43110|11200000|1114000000|인천|서초구|인계동|서초1동|APT6378|힐스테이트|4605|1|3|0.03|0.057|0.033|0.117|0.054|0.109|0.094|0.089|0.085|0.197|0.028|0.009|0.003|0.053|0.042
202411|43|43110|27110000|4413000000|서울|서초구|역삼동|역삼1동|APT5504|힐스테이트|11617|1|3|0.037|0.037|0.021|0.074|0.083|0.038|0.06|0.241|0.04|0.147|0.041|0.05|0.034|0.076|0.02
202411|43|41150|41150000|1111000000|서울|서초구|서초동|역삼1동|APT6537|힐스테이트|12490|1|2|0.047|0.22|0.076|0.049|0.022|0.005|0.003|0.021|0.29|0.061|0.015|0.002|0.036|0.0|0.154
202411|42|11200|27110000|2614000000|부산|수원시|서초동|서초1동|APT8770|힐스테이트|7001|2|3|0.002|0.02|0.046|0.016|0.079|0.092|0.137|0.036|0.006|0.2|0.051|0.1|0.024|0.171|0.02
202411|44|11200|47110000|4113000000|서울|서초구|인계동|역삼1동|APT4786|자이|5634|1|5|0.1|0.03|0.076|0.038|0.002|0.231|0.038|0.013|0.007|0.006|0.014|0.006|0.053|0.055|0.333
202411|47|11200|46110000|4211000000|서울|수원시|역삼동|역삼1동|APT8079|래미안|13316|2|2|0.028|0.004|0.094|0.005|0.116|0.035|0.013|0.001|0.189|0.059|0.108|0.089|0.03|0.123|0.104
202411|11|42110|11200000|4111000000|경기|강남구|서초동|서초1동|APT7280|자이|9312|1|4|0.073|0.198|0.068|0.178|0.086|0.116|0.0|0.05|0.085|0.024|0.017|0.024|0.046|0.023|0.013
202411|41|42110|11200000|4311000000|경기|서초구|인계동|서초1동|APT1722|래미안|4859|1|4|0.016|0.006|0.157|0.139|0.052|0.024|0.037|0.007|0.076|0.079|0.135|0.083|0.155|0.011|0.023
202411|11|47110|41110000|4311000000|경기|강남구|서초동|역삼1동|APT7388|힐스테이트|9531|1|5|0.019|0.099|0.024|0.028|0.232|0.192|0.036|0.008|0.12|0.016|0.017|0.007|0.119|0.0|0.084
202411|44|11170|26110000|1117000000|서울|성남시|인계동|서초1동|APT6682|푸르지오|14162|x|6|0.044|0.155|0.117|0.003|0.052|0.045|0.016|0.069|0.056|0.236|0.022|0.103|0.036|0.038|0.007
202411|41|41130|11170000|4115000000|경기|수원시|인계동|서초1동|APT7567|자이|18814|x|4|0.014|0.059|0.017|0.011|0.079|0.13|0.099|0.059|0.05|0.031|0.073|0.047|0.04|0.239|0.052
202411|26|42110|11140000|4413000000|경기|성남시|서초동|서초1동|APT6829|자이|18009|x|5|0.048|0.069|0.117|0.049|0.1|0.079|0.066|0.044|0.089|0.112|0.077|0.101|0.026|0.013|0.01
202411|47|47110|26110000|4113000000|서울|서초구|인계동|역삼1동|APT8593|자이|10806|1|5|0.066|0.011|0.191|0.128|0.061|0.026|0.028|0.209|0.037|0.013|0.023|0.002|0.114|0.079|0.011
202411|46|11110|11140000|4211000000|인천|강남구|인계동|역삼1동|APT2016|푸르지오|6456|2|3|0.019|0.113|0.082|0.105|0.039|0.0|0.163|0.029|0.041|0.031|0.089|0.089|0.044|0.102|0.052
202411|27|45110|11110000|1111000000|인천|성남시|서초동|역삼1동|APT1183|푸르지오|13703|1|6|0.024|0.007|0.009|0.189|0.072|0.075|0.019|0.031|0.005|0.057|0.17|0.227|0.038|0.06|0.016
202411|26|28110|42110000|4211000000|경기|강남구|역삼동|서초1동|APT1972|푸르지오|7482|1|5|0.036|0.171|0.095|0.01|0.086|0.182|0.013|0.138|0.007|0.02|0.001|0.061|0.11|0.029|0.041
202411|11|41130|46110000|2614000000|서울|서초구|역삼동|역삼1동|APT2769|푸르지오|9089|1|4|0.017|0.018|0.026|0.056|0.142|0.122|0.025|0.129|0.018|0.029|0.119|0.047|0.039|0.18|0.033
202411|44|11170|11170000|2711000000|서울|성남시|서초동|서초1동|APT8066|래미안|11380|1|3|0.044|0.008|0.161|0.071|0.026|0.032|0.001|0.05|0.096|0.023|0.029|0.077|0.09|0.267|0.025
202411|42|41150|26140000|4311000000|부산|수원시|역삼동|역삼1동|APT2289|푸르지오|7490|2|3|0.022|0.039|0.045|0.026|0.078|0.04|0.014|0.084|0.168|0.056|0.038|0.06|0.11|0.04|0.18
202411|26|41130|45110000|4113000000|경기|수원시|인계동|역삼1동|APT3502|푸르지오|2708|1|6|0.031|0.078|0.124|0.0|0.072|0.049|0.021|0.11|0.025|0.206|0.105|0.05|0.091|0.004|0.036
202411|27|41110|41110000|2811000000|서울|서초구|인계동|서초1동|APT4796|래미안|5493|x|3|0.076|0.175|0.016|0.009|0.123|0.07|0.064|0.016|0.034|0.079|0.071|0.0|0.156|0.01|0.1
202411|27|11110|43110000|4311000000|인천|강남구|역삼동|서초1동|APT7941|푸르지오|3358|1|4|0.175|0.032|0.043|0.077|0.047|0.001|0.026|0.266|0.011|0.026|0.045|0.083|0.033|0.129|0.006
202411|44|11200|11200000|4115000000|서울|서초구|서초동|서초1동|APT8954|래미안|7675|1|5|0.014|0.038|0.076|0.028|0.064|0.009|0.056|0.033|0.153|0.023|0.006|0.074|0.083|0.182|0.16
202411|44|11200|11140000|1120000000|경기|서초구|인계동|서초1동|APT7523|자이|16893|1|5|0.015|0.004|0.063|0.339|0.027|0.045|0.037|0.124|0.006|0.007|0.056|0.118|0.024|0.11|0.025
202411|46|28110|11110000|4115000000|서울|서초구|역삼동|서초1동|APT9340|자이|7460|x|4|0.012|0.238|0.035|0.01|0.007|0.121|0.015|0.084|0.099|0.094|0.006|0.045|0.049|0.064|0.121
202411|27|11110|43110000|4311000000|경기|강남구|서초동|역삼1동|APT5718|푸르지오|5388|1|5|0.005|0.073|0.104|0.309|0.062|0.007|0.006|0.192|0.023|0.079|0.022|0.017|0.079|0.0|0.022
202411|42|44130|44130000|1111000000|인천|성남시|역삼동|서초1동|APT5099|자이|13389|2|5|0.004|0.2|0.135|0.274|0.045|0.012|0.037|0.024|0.03|0.047|0.089|0.008|0.059|0.025|0.009
202411|47|11200|41130000|2611000000|부산|수원시|인계동|서초1동|APT7071|푸르지오|11331|2|5|0.003|0.053|0.017|0.028|0.016|0.024|0.003|0.2|0.006|0.257|0.219|0.059|0.043|0.041|0.031
202411|47|11200|43110000|4711000000|인천|서초구|역삼동|역삼1동|APT7655|래미안|9858|1|5|0.021|0.043|0.065|0.042|0.2|0.015|0.066|0.135|0.141|0.094|0.004|0.026|0.012|0.095|0.04
202411|46|45110|41130000|4311000000|부산|수원시|서초동|역삼1동|APT6675|푸르지오|10655|x|5|0.055|0.0|0.013|0.221|0.083|0.237|0.073|0.063|0.043|0.054|0.011|0.024|0.053|0.05|0.02
202411|26|11200|27110000|1117000000|인천|성남시|역삼동|서초1동|APT7692|힐스테이트|14419|2|3|0.148|0.042|0.029|0.124|0.075|0.013|0.052|0.13|0.102|0.103|0.037|0.011|0.006|0.049|0.079
202411|46|42110|41130000|4113000000|서울|서초구|역삼동|역삼1동|APT8594|자이|8421|2|5|0.159|0.05|0.015|0.097|0.141|0.0|0.104|0.012|0.016|0.063|0.05|0.052|0.067|0.115|0.057
202411|42|11170|26110000|4413000000|서울|성남시|서초동|역삼1동|APT3215|자이|10433|1|2|0.03|0.004|0.012|0.141|0.148|0.022|0.073|0.085|0.004|0.039|0.112|0.073|0.15|0.051|0.056
202411|44|26140|42110000|1111000000|서울|강남구|역삼동|서초1동|APT9344|자이|2109|1|5|0.183|0.052|0.04|0.131|0.053|0.055|0.03|0.014|0.009|0.076|0.009|0.155|0.144|0.048|0.002
202411|47|41110|44130000|1117000000|서울|성남시|서초동|역삼1동|APT9256|자이|15923|2|5|0.245|0.017|0.011|0.137|0.036|0.055|0.103|0.053|0.022|0.041|0.01|0.027|0.023|0.047|0.174
202411|41|11170|11110000|1120000000|부산|수원시|역삼동|역삼1동|APT3913|힐스테이트|13481|2|3|0.01|0.04|0.189|0.08|0.0|0.014|0.199|0.029|0.045|0.014|0.002|0.014|0.021|0.272|0.073
202411|42|27110|41110000|2614000000|부산|수원시|역삼동|역삼1동|APT1659|래미안|4231|1|4|0.106|0.05|0.037|0.057|0.064|0.054|0.146|0.18|0.1|0.023|0.035|0.007|0.054|0.052|0.035
202411|45|44130|42110000|1111000000|인천|서초구|역삼동|역삼1동|APT3436|래미안|3938|2|6|0.026|0.08|0.105|0.027|0.021|0.081|0.046|0.098|0.015|0.035|0.042|0.25|0.028|0.054|0.089
202411|43|11170|43110000|2711000000|경기|성남시|인계동|역삼1동|APT6264|푸르지오|4594|x|2|0.145|0.03|0.016|0.182|0.019|0.021|0.038|0.207|0.038|0.005|0.098|0.088|0.012|0.076|0.025
202411|11|11140|46110000|2811000000|경기|수원시|서초동|서초1동|APT3405|래미안|16711|1|6|0.095|0.016|0.248|0.016|0.1|0.088|0.035|0.022|0.057|0.168|0.001|0.03|0.019|0.074|0.03
202411|47|43110|11200000|4211000000|경기|서초구|역삼동|역삼1동|APT1815|힐스테이트|5656|2|6|0.004|0.021|0.177|0.006|0.009|0.167|0.067|0.012|0.107|0.089|0.156|0.093|0.015|0.034|0.043
202411|47|46110|44130000|4413000000|인천|서초구|역삼동|역삼1동|APT2091|래미안|15052|2|4|0.0|0.167|0.015|0.06|0.111|0.01|0.262|0.093|0.026|0.092|0.013|0.011|0.016|0.049|0.075
202411|26|11170|27110000|4211000000|부산|강남구|인계동|서초1동|APT5096|힐스테이트|16056|x|5|0.031|0.061|0.033|0.031|0.069|0.195|0.244|0.013|0.018|0.006|0.146|0.049|0.01|0.076|0.017
202411|46|11170|11140000|2811000000|부산|수원시|서초동|서초1동|APT4073|푸르지오|12073|x|5|0.129|0.143|0.039|0.067|0.034|0.039|0.004|0.088|0.076|0.001|0.007|0.075|0.019|0.094|0.186
202411|11|28110|27110000|2614000000|인천|강남구|서초동|서초1동|APT6528|푸르지오|16529|2|6|0.11|0.001|0.023|0.055|0.026|0.21|0.079|0.028|0.147|0.076|0.027|0.047|0.012|0.081|0.077
202411|46|45110|41110000|4211000000|경기|서초구|서초동|서초1동|APT9566|푸르지오|3644|1|5|0.132|0.056|0.081|0.083|0.166|0.048|0.038|0.002|0.08|0.008|0.013|0.017|0.099|0.054|0.124
202411|45|11110|28110000|4311000000|부산|서초구|서초동|서초1동|APT1452|푸르지오|8966|2|2|0.015|0.071|0.142|0.051|0.025|0.02|0.003|0.153|0.003|0.031|0.083|0.035|0.126|0.039|0.201
202411|44|43110|28110000|2811000000|서울|수원시|인계동|역삼1동|APT9910|래미안|7281|x|2|0.158|0.103|0.039|0.148|0.007|0.015|0.122|0.008|0.063|0.129|0.056|0.004|0.037|0.101|0.008
202411|44|44130|46110000|1120000000|인천|수원시|서초동|서초1동|APT1182|자이|14088|2|6|0.181|0.087|0.128|0.05|0.032|0.033|0.04|0.043|0.02|0.038|0.002|0.069|0.037|0.007|0.235
202411|42|44130|47110000|2711000000|경기|성남시|인계동|서초1동|APT8309|래미안|14686|1|4|0.014|0.089|0.054|0.177|0.011|0.058|0.038|0.111|0.035|0.035|0.02|0.051|0.177|0.116|0.013
202411|42|42110|44130000|4211000000|서울|수원시|서초동|서초1동|APT6299|힐스테이트|17658|2|4|0.015|0.104|0.003|0.026|0.144|0.126|0.081|0.06|0.233|0.027|0.063|0.008|0.012|0.002|0.095
202411|26|42110|42110000|4115000000|인천|강남구|서초동|역삼1동|APT8275|힐스테이트|11774|2|4|0.031|0.007|0.01|0.048|0.016|0.143|0.077|0.194|0.104|0.252|0.017|0.051|0.029|0.02|0.002
202411|44|47110|42110000|2614000000|인천|서초구|역삼동|역삼1동|APT6470|래미안|11846|1|2|0.076|0.037|0.076|0.002|0.112|0.015|0.069|0.047|0.001|0.329|0.016|0.004|0.051|0.024|0.142
202411|47|46110|41130000|4211000000|서울|서초구|역삼동|서초1동|APT4133|래미안|19764|2|4|0.118|0.008|0.091|0.022|0.025|0.017|0.0|0.007|0.084|0.042|0.207|0.096|0.038|0.011|0.233
202411|26|28110|45110000|4611000000|경기|성남시|인계동|역삼1동|APT5355|푸르지오|13069|2|6|0.057|0.01|0.038|0.069|0.149|0.026|0.136|0.114|0.053|0.153|0.035|0.001|0.004|0.055|0.1
202411|44|46110|41130000|4115000000|인천|수원시|서초동|역삼1동|APT4095|래미안|3633|2|3|0.187|0.08|0.016|0.01|0.016|0.054|0.003|0.073|0.008|0.04|0.002|0.372|0.106|0.017|0.017
202411|42|44130|26140000|2614000000|서울|수원시|역삼동|역삼1동|APT2449|래미안|5262|2|4|0.089|0.013|0.09|0.005|0.091|0.071|0.185|0.006|0.088|0.015|0.021|0.022|0.027|0.035|0.241
202411|43|47110|41110000|4711000000|경기|수원시|역삼동|역삼1동|APT8023|힐스테이트|9096|1|3|0.013|0.063|0.283|0.013|0.094|0.025|0.012|0.096|0.029|0.014|0.026|0.138|0.028|0.121|0.046
202411|47|26140|11110000|1120000000|경기|강남구|서초동|역삼1동|APT8517|자이|14249|1|5|0.012|0.059|0.021|0.062|0.048|0.009|0.071|0.248|0.146|0.048|0.027|0.169|0.017|0.005|0.056
202411|42|27110|11110000|4111000000|경기|수원시|역삼동|서초1동|APT6636|래미안|8169|1|2|0.001|0.153|0.015|0.143|0.057|0.003|0.052|0.052|0.097|0.029|0.304|0.021|0.006|0.01|0.056
202411|45|11200|11170000|1111000000|서울|성남시|인계동|역삼1동|APT4093|래미안|4129|1|4|0.006|0.197|0.008|0.012|0.05|0.263|0.001|0.096|0.065|0.058|0.076|0.0|0.129|0.033|0.006
202411|44|41150|11170000|4711000000|인천|수원시|인계동|서초1동|APT6211|자이|6144|2|2|0.038|0.046|0.052|0.165|0.025|0.059|0.049|0.007|0.032|0.068|0.039|0.129|0.047|0.184|0.061
202411|44|45110|41130000|1117000000|서울|수원시|인계동|역삼1동|APT2504|자이|16005|1|5|0.147|0.141|0.058|0.022|0.011|0.111|0.127|0.05|0.051|0.081|0.001|0.09|0.009|0.058|0.042
202411|26|11140|26110000|4113000000|인천|성남시|서초동|역삼1동|APT4572|래미안|14324|1|4|0.032|0.006|0.169|0.037|0.062|0.022|0.284|0.004|0.041|0.099|0.109|0.068|0.033|0.029|0.002
202411|43|11140|44130000|4511000000|서울|성남시|서초동|역삼1동|APT5762|힐스테이트|3929|1|6|0.049|0.108|0.037|0.116|0.085|0.014|0.036|0.05|0.001|0.07|0.009|0.03|0.238|0.157|0.001
202411|11|43110|27110000|4115000000|경기|성남시|인계동|역삼1동|APT8247|힐스테이트|14019|2|5|0.071|0.005|0.007|0.023|0.02|0.026|0.139|0.036|0.068|0.053|0.169|0.103|0.012|0.21|0.058
202411|27|43110|41150000|4111000000|부산|수원시|인계동|서초1동|APT9260|래미안|17106|1|6|0.006|0.034|0.108|0.023|0.078|0.105|0.041|0.009|0.057|0.114|0.041|0.042|0.102|0.136|0.105
202411|43|27110|42110000|4711000000|인천|수원시|역삼동|서초1동|APT7880|힐스테이트|12461|1|4|0.037|0.042|0.0|0.004|0.031|0.105|0.182|0.088|0.008|0.037|0.19|0.02|0.227|0.024|0.004
202411|43|41130|41110000|4511000000|서울|서초구|인계동|서초1동|APT3351|푸르지오|8164|2|4|0.077|0.053|0.085|0.032|0.218|0.001|0.277|0.057|0.036|0.015|0.012|0.014|0.039|0.05|0.035
202411|46|11200|41110000|2614000000|경기|서초구|역삼동|서초1동|APT3082|힐스테이트|19167|1|3|0.036|0.005|0.068|0.024|0.159|0.074|0.062|0.062|0.128|0.097|0.016|0.089|0.14|0.029|0.013
202411|46|41150|41150000|4115000000|경기|수원시|역삼동|역삼1동|APT1480|래미안|18682|2|4|0.062|0.02|0.007|0.06|0.027|0.106|0.064|0.18|0.002|0.122|0.059|0.128|0.105|0.03|0.027
202411|11|45110|26110000|4115000000|경기|성남시|인계동|서초1동|APT9016|푸르지오|7461|2|5|0.053|0.108|0.002|0.021|0.039|0.106|0.104|0.057|0.068|0.076|0.119|0.004|0.116|0.006|0.121
202411|27|11110|41110000|2711000000|경기|서초구|역삼동|서초1동|APT4874|자이|9616|1|6|0.012|0.038|0.054|0.124|0.064|0.01|0.178|0.02|0.046|0.072|0.129|0.049|0.08|0.071|0.053
202411|26|46110|11110000|4711000000|서울|서초구|역삼동|역삼1동|APT6940|푸르지오|19197|1|2|0.011|0.078|0.071|0.032|0.095|0.009|0.088|0.026|0.02|0.07|0.0|0.2|0.245|0.041|0.014
202411|47|41150|43110000|4311000000|부산|강남구|역삼동|서초1동|APT9982|푸르지오|19187|x|4|0.013|0.12|0.007|0.137|0.165|0.037|0.168|0.073|0.083|0.047|0.067|0.006|0.029|0.03|0.017
202411|26|11200|26110000|4311000000|인천|서초구|인계동|서초1동|APT9741|힐스테이트|10514|1|4|0.017|0.045|0.001|0.091|0.215|0.018|0.068|0.082|0.199|0.009|0.151|0.052|0.003|0.036|0.013
202411|45|27110|28110000|4113000000|부산|성남시|역삼동|서초1동|APT9732|자이|13589|1|6|0.067|0.015|0.024|0.006|0.028|0.096|0.002|0.108|0.145|0.02|0.041|0.007|0.19|0.131|0.119
202411|26|11110|28110000|1117000000|인천|서초구|인계동|역삼1동|APT6784|힐스테이트|19562|1|4|0.026|0.023|0.003|0.096|0.195|0.128|0.015|0.048|0.039|0.121|0.094|0.045|0.08|0.017|0.07
202411|43|11110|11170000|2611000000|부산|서초구|인계동|서초1동|APT1298|래미안|15530|2|2|0.002|0.024|0.2|0.1|0.204|0.054|0.034|0.122|0.005|0.077|0.027|0.021|0.067|0.044|0.019
202411|45|47110|43110000|4611000000|경기|서초구|역삼동|서초1동|APT3133|푸르지오|4837|1|5|0.054|0.108|0.133|0.006|0.078|0.017|0.117|0.051|0.025|0.078|0.013|0.154|0.056|0.032|0.079
202411|11|42110|44130000|4111000000|서울|강남구|역삼동|서초1동|APT4206|자이|16857|2|2|0.035|0.045|0.243|0.031|0.028|0.124|0.027|0.087|0.002|0.011|0.153|0.069|0.005|0.102|0.038
202411|27|46110|28110000|4211000000|부산|강남구|서초동|역삼1동|APT9985|자이|19347|2|5|0.094|0.046|0.011|0.054|0.124|0.22|0.003|0.099|0.047|0.009|0.021|0.007|0.202|0.046|0.017
202411|11|45110|11200000|2614000000|부산|수원시|서초동|역삼1동|APT4101|자이|8850|1|4|0.083|0.0|0.123|0.083|0.048|0.026|0.026|0.012|0.037|0.087|0.044|0.126|0.294|0.009|0.002
202411|27|41110|41110000|1120000000|서울|성남시|서초동|서초1동|APT7732|푸르지오|16374|1|3|0.019|0.008|0.061|0.115|0.025|0.011|0.016|0.106|0.131|0.022|0.102|0.192|0.094|0.046|0.052
202411|11|11110|41150000|4111000000|서울|서초구|서초동|역삼1동|APT2474|자이|15173|2|4|0.029|0.016|0.058|0.084|0.056|0.044|0.189|0.059|0.095|0.005|0.019|0.009|0.229|0.016|0.092
202411|11|11170|28110000|4115000000|인천|성남시|인계동|서초1동|APT7956|자이|14462|2|2|0.057|0.066|0.106|0.002|0.044|0.015|0.064|0.106|0.033|0.031|0.204|0.066|0.031|0.088|0.088
202411|27|47110|11140000|4511000000|서울|수원시|인계동|역삼1동|APT9982|푸르지오|3309|1|4|0.048|0.044|0.051|0.095|0.034|0.028|0.107|0.002|0.034|0.127|0.109|0.01|0.147|0.101|0.065
202411|26|11140|26110000|4311000000|경기|수원시|인계동|역삼1동|APT5163|래미안|9256|2|3|0.182|0.081|0.005|0.018|0.095|0.038|0.09|0.105|0.013|0.005|0.165|0.117|0.016|0.026|0.044
202411|11|28110|47110000|4711000000|인천|서초구|역삼동|역삼1동|APT3380|래미안|19011|1|4|0.179|0.1|0.015|0.002|0.01|0.053|0.079|0.03|0.01|0.071|0.108|0.209|0.059|0.019|0.056
202411|42|44130|28110000|4611000000|서울|성남시|인계동|역삼1동|APT4184|자이|8411|2|5|0.206|0.08|0.045|0.04|0.023|0.016|0.007|0.017|0.052|0.012|0.01|0.13|0.22|0.122|0.02
202411|27|41150|46110000|2711000000|서울|강남구|역삼동|서초1동|APT6095|래미안|4882|1|6|0.016|0.002|0.033|0.047|0.388|0.042|0.208|0.078|0.004|0.017|0.026|0.025|0.063|0.049|0.0
202411|45|27110|41130000|4611000000|경기|강남구|역삼동|서초1동|APT2128|래미안|19181|1|5|0.037|0.04|0.058|0.069|0.016|0.17|0.013|0.056|0.179|0.212|0.0|0.077|0.011|0.018|0.045
202411|42|28110|26110000|1120000000|인천|성남시|인계동|역삼1동|APT6326|자이|11542|x|5|0.015|0.011|0.005|0.183|0.033|0.121|0.108|0.112|0.023|0.009|0.156|0.046|0.063|0.004|0.112
202411|11|41150|43110000|1117000000|서울|서초구|서초동|역삼1동|APT9775|래미안|3291|x|4|0.128|0.06|0.022|0.05|0.026|0.082|0.062|0.124|0.114|0.181|0.025|0.089|0.014|0.019|0.005
202411|42|11110|11170000|4113000000|인천|서초구|인계동|역삼1동|APT1420|힐스테이트|12170|1|3|0.014|0.102|0.018|0.044|0.007|0.008|0.095|0.004|0.106|0.107|0.043|0.073|0.073|0.138|0.167
202411|41|11110|11110000|4211000000|경기|서초구|서초동|역삼1동|APT4361|푸르지오|9931|1|5|0.14|0.081|0.117|0.031|0.046|0.044|0.002|0.169|0.024|0.1|0.056|0.005|0.161|0.005|0.019
202411|11|26110|45110000|1114000000|서울|성남시|역삼동|서초1동|APT9422|자이|10824|2|3|0.04|0.013|0.0|0.092|0.218|0.031|0.092|0.002|0.024|0.027|0.339|0.025|0.006|0.003|0.087
202411|42|44130|41110000|2811000000|부산|수원시|역삼동|역삼1동|APT1579|푸르지오|14801|2|3|0.012|0.051|0.093|0.152|0.042|0.043|0.029|0.212|0.024|0.041|0.088|0.084|0.091|0.034|0.005
202411|11|11200|47110000|2811000000|인천|성남시|인계동|역삼1동|APT6807|푸르지오|2177|x|4|0.118|0.01|0.07|0.054|0.03|0.051|0.027|0.029|0.077|0.047|0.079|0.024|0.217|0.091|0.077
202411|43|11140|41130000|1114000000|경기|서초구|인계동|역삼1동|APT1166|힐스테이트|12648|2|3|0.174|0.123|0.057|0.041|0.012|0.023|0.013|0.073|0.022|0.032|0.072|0.111|0.071|0.088|0.088
202411|41|26110|41130000|4115000000|서울|수원시|역삼동|서초1동|APT5738|자이|13792|2|4|0.302|0.01|0.073|0.089|0.007|0.069|0.021|0.166|0.013|0.004|0.033|0.049|0.012|0.076|0.077
202411|45|47110|43110000|4413000000|서울|서초구|서초동|역삼1동|APT7279|래미안|18987|2|5|0.019|0.002|0.017|0.083|0.164|0.061|0.05|0.152|0.06|0.064|0.118|0.084|0.001|0.091|0.033
202411|45|45110|44130000|4113000000|인천|수원시|서초동|서초1동|APT9980|자이|13606|x|5|0.113|0.005|0.051|0.101|0.078|0.09|0.149|0.003|0.023|0.253|0.039|0.063|0.017|0.012|0.001
202411|26|27110|27110000|4711000000|서울|수원시|인계동|역삼1동|APT4822|푸르지오|9084|2|4|0.03|0.001|0.098|0.037|0.015|0.1|0.012|0.111|0.05|0.089|0.015|0.199|0.02|0.2|0.021
202411|43|43110|26140000|4311000000|부산|강남구|역삼동|역삼1동|APT5070|푸르지오|15916|1|5|0.003|0.052|0.036|0.163|0.081|0.057|0.157|0.0|0.075|0.046|0.036|0.084|0.003|0.167|0.04
202411|43|28110|41130000|2611000000|서울|강남구|인계동|서초1동|APT5890|래미안|10883|2|3|0.158|0.016|0.006|0.162|0.003|0.206|0.036|0.074|0.082|0.121|0.014|0.002|0.028|0.074|0.019
202411|11|46110|11140000|4611000000|부산|강남구|역삼동|서초1동|APT1979|푸르지오|18582|2|3|0.066|0.028|0.055|0.08|0.069|0.072|0.05|0.012|0.133|0.065|0.093|0.226|0.02|0.01|0.021
202411|46|11200|11140000|4511000000|서울|수원시|인계동|서초1동|APT2935|힐스테이트|16650|x|2|0.059|0.036|0.256|0.027|0.203|0.041|0.06|0.094|0.009|0.104|0.034|0.002|0.053|0.004|0.018
202411|45|41150|42110000|2711000000|서울|강남구|인계동|서초1동|APT4367|래미안|2572|x|5|0.076|0.184|0.001|0.022|0.054|0.157|0.16|0.096|0.113|0.055|0.0|0.048|0.0|0.005|0.028
202411|47|41150|41130000|4511000000|부산|강남구|인계동|서초1동|APT2137|자이|11802|2|3|0.047|0.044|0.001|0.04|0.183|0.012|0.037|0.032|0.032|0.145|0.047|0.016|0.09|0.023|0.251
202411|43|11110|47110000|4711000000|경기|강남구|인계동|서초1동|APT8282|푸르지오|11776|1|3|0.035|0.019|0.007|0.031|0.017|0.048|0.133|0.145|0.044|0.123|0.16|0.053|0.076|0.075|0.033
202411|44|44130|44130000|1117000000|경기|성남시|역삼동|역삼1동|APT9698|푸르지오|6233|2|4|0.057|0.008|0.089|0.02|0.074|0.016|0.003|0.024|0.008|0.029|0.171|0.103|0.031|0.294|0.073
202411|11|27110|45110000|4113000000|서울|강남구|역삼동|역삼1동|APT7832|자이|8252|1|5|0.084|0.031|0.02|0.009|0.028|0.144|0.106|0.054|0.021|0.043|0.009|0.04|0.065|0.019|0.328
202411|47|47110|11110000|1111000000|인천|강남구|서초동|역삼1동|APT1507|래미안|13516|2|4|0.005|0.085|0.003|0.087|0.017|0.132|0.132|0.011|0.015|0.01|0.135|0.204|0.006|0.086|0.073
202411|43|46110|11170000|2711000000|인천|서초구|서초동|역삼1동|APT7669|힐스테이트|9869|2|6|0.002|0.157|0.121|0.08|0.016|0.053|0.016|0.036|0.24|0.014|0.101|0.053|0.053|0.031|0.027
202411|42|44130|45110000|4113000000|인천|성남시|역삼동|역삼1동|APT4467|래미안|3245|x|4|0.01|0.028|0.017|0.146|0.054|0.165|0.068|0.008|0.151|0.181|0.02|0.03|0.062|0.043|0.016
202411|47|44130|11200000|1114000000|경기|서초구|인계동|역삼1동|APT8547|힐스테이트|15601|x|4|0.001|0.058|0.002|0.183|0.042|0.043|0.246|0.059|0.026|0.065|0.004|0.023|0.113|0.125|0.011
202411|44|11170|45110000|4115000000|인천|성남시|서초동|서초1동|APT1399|자이|16832|1|6|0.056|0.059|0.006|0.049|0.17|0.003|0.034|0.055|0.054|0.009|0.054|0.055|0.283|0.058|0.055
202411|41|26140|11170000|4111000000|부산|수원시|인계동|서초1동|APT4865|자이|19154|2|4|0.068|0.072|0.049|0.11|0.012|0.022|0.049|0.079|0.0|0.034|0.055|0.068|0.251|0.085|0.045
202411|44|41110|27110000|4111000000|인천|서초구|역삼동|역삼1동|APT3390|래미안|11952|1|2|0.076|0.065|0.043|0.007|0.013|0.017|0.068|0.31|0.026|0.17|0.082|0.007|0.092|0.007|0.018
202411|11|41110|26140000|4511000000|서울|서초구|인계동|역삼1동|APT8659|자이|9979|1|4|0.094|0.066|0.014|0.003|0.082|0.065|0.062|0.034|0.015|0.031|0.041|0.084|0.006|0.254|0.149
202411|41|26140|27110000|1111000000|서울|수원시|서초동|역삼1동|APT8817|힐스테이트|10275|2|3|0.05|0.131|0.195|0.108|0.038|0.032|0.044|0.018|0.103|0.025|0.026|0.0|0.066|0.043|0.12
202411|43|46110|26110000|2811000000|경기|수원시|역삼동|역삼1동|APT5227|힐스테이트|4152|x|2|0.045|0.096|0.044|0.202|0.014|0.025|0.004|0.195|0.047|0.016|0.003|0.012|0.036|0.055|0.206
202411|47|47110|26140000|2811000000|인천|수원시|서초동|역삼1동|APT1334|자이|3989|1|5|0.047|0.045|0.289|0.013|0.094|0.016|0.059|0.056|0.055|0.018|0.007|0.025|0.124|0.054|0.1
202411|42|45110|27110000|4211000000|부산|성남시|인계동|서초1동|APT6532|푸르지오|10056|2|5|0.106|0.012|0.029|0.111|0.054|0.07|0.023|0.134|0.145|0.081|0.01|0.075|0.065|0.014|0.072
202411|26|11110|26140000|1117000000|인천|수원시|역삼동|역삼1동|APT9767|래미안|19253|1|5|0.028|0.008|0.062|0.023|0.196|0.005|0.028|0.125|0.126|0.001|0.122|0.124|0.095|0.033|0.025
202411|27|11170|11170000|4113000000|서울|성남시|역삼동|역삼1동|APT3416|자이|6091|1|3|0.132|0.004|0.133|0.031|0.004|0.011|0.051|0.066|0.156|0.21|0.002|0.015|0.101|0.083|0.001
202411|41|11170|11200000|4413000000|부산|수원시|서초동|서초1동|APT2848|힐스테이트|10843|1|4|0.098|0.058|0.121|0.011|0.132|0.007|0.102|0.184|0.012|0.003|0.041|0.171|0.033|0.009|0.017
202411|42|41110|46110000|4211000000|경기|성남시|인계동|서초1동|APT2163|래미안|4383|2|3|0.153|0.017|0.1|0.064|0.128|0.003|0.002|0.027|0.158|0.045|0.102|0.004|0.052|0.094|0.05
202411|41|11170|46110000|4611000000|경기|성남시|서초동|역삼1동|APT8266|래미안|11279|2|5|0.031|0.07|0.052|0.047|0.141|0.03|0.059|0.09|0.045|0.074|0.128|0.099|0.087|0.011|0.036
202411|43|43110|42110000|1111000000|인천|서초구|역삼동|서초1동|APT5947|푸르지오|16116|1|5|0.001|0.189|0.074|0.065|0.027|0.107|0.002|0.078|0.002|0.004|0.228|0.112|0.067|0.019|0.025
202411|43|28110|11170000|4115000000|경기|수원시|서초동|서초1동|APT5129|래미안|10366|2|5|0.059|0.116|0.0|0.044|0.074|0.055|0.023|0.065|0.045|0.152|0.082|0.098|0.004|0.029|0.154
202411|41|11110|45110000|4111000000|부산|성남시|서초동|서초1동|APT9054|래미안|5009|1|4|0.025|0.043|0.101|0.156|0.121|0.041|0.009|0.012|0.024|0.058|0.115|0.049|0.017|0.085|0.143
202411|43|47110|26140000|2811000000|인천|수원시|서초동|서초1동|APT6020|힐스테이트|11280|2|4|0.022|0.076|0.146|0.034|0.036|0.026|0.05|0.19|0.129|0.021|0.042|0.062|0.022|0.13|0.017
202411|41|43110|42110000|4611000000|경기|서초구|서초동|역삼1동|APT9146|래미안|19676|2|6|0.186|0.074|0.118|0.043|0.017|0.012|0.278|0.033|0.001|0.052|0.015|0.024|0.078|0.067|0.001
202411|26|41150|27110000|4311000000|서울|성남시|역삼동|역삼1동|APT2167|자이|18615|1|6|0.103|0.015|0.042|0.025|0.081|0.057|0.023|0.054|0.009|0.046|0.107|0.088|0.002|0.03|0.319
202411|46|11170|11110000|4711000000|부산|수원시|서초동|역삼1동|APT8697|자이|17667|1|6|0.017|0.063|0.005|0.015|0.012|0.035|0.013|0.096|0.012|0.239|0.023|0.057|0.084|0.019|0.31
202411|43|41150|45110000|2811000000|부산|성남시|서초동|역삼1동|APT6935|힐스테이트|8884|2|6|0.009|0.02|0.052|0.258|0.03|0.011|0.036|0.055|0.222|0.041|0.043|0.002|0.179|0.01|0.031
202411|44|41110|42110000|4211000000|경기|서초구|인계동|역삼1동|APT7707|힐스테이트|12707|2|5|0.017|0.037|0.109|0.026|0.074|0.051|0.213|0.064|0.051|0.044|0.05|0.051|0.082|0.119|0.012
202411|11|41110|47110000|4111000000|서울|강남구|인계동|역삼1동|APT1158|자이|18734|2|4|0.016|0.034|0.034|0.151|0.001|0.05|0.012|0.08|0.017|0.043|0.025|0.052|0.125|0.265|0.094
202411|26|42110|45110000|4711000000|부산|성남시|인계동|역삼1동|APT3175|자이|2929|2|3|0.059|0.009|0.011|0.046|0.0|0.122|0.012|0.153|0.139|0.019|0.104|0.126|0.073|0.124|0.003
202411|46|11110|26110000|2811000000|서울|성남시|서초동|서초1동|APT4399|푸르지오|11375|2|2|0.087|0.101|0.044|0.051|0.176|0.058|0.025|0.01|0.07|0.028|0.088|0.069|0.047|0.082|0.065
202411|27|41130|11170000|1120000000|부산|서초구|역삼동|서초1동|APT4841|푸르지오|17119|1|3|0.177|0.156|0.013|0.032|0.074|0.015|0.124|0.055|0.102|0.108|0.025|0.02|0.006|0.028|0.065
202411|42|11200|43110000|1120000000|부산|성남시|인계동|역삼1동|APT6324|자이|8985|2|3|0.03|0.122|0.054|0.02|0.09|0.071|0.073|0.058|0.074|0.041|0.11|0.012|0.02|0.202|0.023
202411|44|11110|11110000|4211000000|부산|강남구|서초동|역삼1동|APT5770|푸르지오|2546|2|5|0.013|0.005|0.06|0.075|0.064|0.023|0.009|0.084|0.049|0.033|0.164|0.05|0.072|0.039|0.26
202411|44|11200|26140000|4211000000|부산|성남시|인계동|역삼1동|APT9719|푸르지오|16787|2|5|0.009|0.024|0.202|0.025|0.016|0.073|0.026|0.13|0.248|0.135|0.006|0.057|0.017|0.019|0.014
202411|41|44130|47110000|4611000000|부산|수원시|인계동|역삼1동|APT1385|힐스테이트|8000|x|3|0.009|0.183|0.024|0.152|0.148|0.012|0.202|0.004|0.014|0.028|0.018|0.045|0.114|0.044|0.002
202411|43|27110|45110000|1117000000|경기|서초구|역삼동|역삼1동|APT9487|푸르지오|9682|2|2|0.036|0.061|0.014|0.231|0.058|0.004|0.026|0.222|0.086|0.005|0.024|0.137|0.0|0.059|0.038
202411|47|26140|42110000|2811000000|인천|서초구|서초동|역삼1동|APT1654|힐스테이트|19942|2|4|0.06|0.009|0.029|0.082|0.168|0.091|0.006|0.007|0.078|0.005|0.044|0.147|0.0|0.264|0.01
202411|43|41110|44130000|2614000000|부산|강남구|서초동|역삼1동|APT5958|자이|4995|1|5|0.111|0.123|0.281|0.079|0.002|0.018|0.024|0.021|0.091|0.045|0.004|0.011|0.002|0.084|0.104
202411|47|47110|11110000|4115000000|인천|성남시|서초동|서초1동|APT2818|푸르지오|8446|2|5|0.081|0.063|0.044|0.047|0.052|0.181|0.04|0.028|0.056|0.124|0.059|0.065|0.089|0.003|0.069
202411|47|41150|44130000|1120000000|부산|성남시|역삼동|역삼1동|APT7180|래미안|9446|2|5|0.226|0.067|0.014|0.008|0.108|0.061|0.071|0.042|0.008|0.025|0.225|0.075|0.047|0.005|0.017
202411|26|46110|11200000|2611000000|부산|서초구|인계동|역삼1동|APT2959|힐스테이트|5020|2|3|0.054|0.166|0.048|0.054|0.04|0.085|0.113|0.002|0.071|0.014|0.015|0.16|0.031|0.067|0.08
202411|11|42110|11200000|4611000000|서울|성남시|인계동|역삼1동|APT4845|자이|11745|2|4|0.027|0.191|0.036|0.01|0.021|0.018|0.066|0.001|0.079|0.019|0.169|0.103|0.104|0.113|0.042
202411|26|42110|41130000|1120000000|인천|수원시|역삼동|서초1동|APT4457|힐스테이트|14409|1|6|0.069|0.055|0.086|0.053|0.059|0.038|0.039|0.045|0.075|0.016|0.091|0.074|0.178|0.001|0.12
202411|42|27110|26110000|4113000000|인천|수원시|역삼동|서초1동|APT4615|힐스테이트|7078|2|6|0.002|0.112|0.107|0.093|0.03|0.012|0.09|0.105|0.019|0.111|0.005|0.162|0.023|0.057|0.071
202411|42|11140|42110000|1120000000|서울|성남시|인계동|서초1동|APT8221|자이|8627|1|2|0.046|0.012|0.029|0.022|0.101|0.007|0.003|0.209|0.097|0.034|0.176|0.004|0.186|0.045|0.03
202411|42|47110|11140000|1111000000|인천|수원시|인계동|역삼1동|APT8588|푸르지오|16837|2|6|0.098|0.037|0.093|0.008|0.133|0.01|0.01|0.056|0.161|0.023|0.024|0.031|0.123|0.06|0.134
202411|42|46110|46110000|4711000000|부산|수원시|인계동|역삼1동|APT2009|래미안|4394|x|5|0.001|0.045|0.102|0.055|0.017|0.033|0.131|0.014|0.202|0.004|0.114|0.016|0.007|0.006|0.254
202411|41|11140|41150000|4711000000|서울|수원시|서초동|서초1동|APT4884|푸르지오|3962|2|5|0.017|0.179|0.018|0.093|0.01|0.201|0.103|0.047|0.042|0.108|0.025|0.07|0.012|0.075|0.001
202411|11|46110|11140000|4113000000|서울|성남시|인계동|서초1동|APT5363|자이|11228|2|2|0.079|0.136|0.009|0.073|0.054|0.049|0.056|0.028|0.018|0.027|0.038|0.002|0.006|0.244|0.18
202411|26|11200|26140000|2711000000|경기|강남구|인계동|역삼1동|APT2690|힐스테이트|19206|2|2|0.004|0.014|0.065|0.005|0.021|0.014|0.068|0.152|0.023|0.14|0.025|0.297|0.01|0.083|0.078
202411|45|41110|43110000|4113000000|경기|성남시|역삼동|서초1동|APT2117|래미안|3835|1|5|0.009|0.069|0.092|0.04|0.174|0.022|0.114|0.018|0.197|0.006|0.062|0.096|0.045|0.055|0.001
202411|41|46110|41150000|2614000000|서울|성남시|역삼동|역삼1동|APT5100|힐스테이트|19801|1|5|0.011|0.024|0.037|0.183|0.143|0.076|0.013|0.071|0.028|0.004|0.026|0.098|0.077|0.063|0.145
202411|43|43110|44130000|4211000000|인천|서초구|서초동|서초1동|APT3015|푸르지오|5316|1|5|0.233|0.053|0.028|0.002|0.013|0.052|0.044|0.068|0.098|0.085|0.122|0.131|0.009|0.034|0.028
202411|27|42110|11140000|2811000000|경기|서초구|역삼동|역삼1동|APT9677|래미안|11615|1|2|0.135|0.016|0.006|0.034|0.007|0.114|0.032|0.147|0.313|0.084|0.011|0.03|0.059|0.006|0.006
202411|11|26140|47110000|4611000000|경기|수원시|인계동|역삼1동|APT9312|래미안|4493|x|4|0.138|0.027|0.106|0.05|0.043|0.126|0.152|0.022|0.061|0.089|0.022|0.008|0.11|0.016|0.031
202411|42|47110|26110000|1117000000|경기|수원시|역삼동|서초1동|APT6581|푸르지오|12112|2|2|0.11|0.276|0.02|0.117|0.114|0.051|0.019|0.071|0.01|0.018|0.025|0.083|0.005|0.055|0.027
202411|45|44130|27110000|1114000000|인천|강남구|인계동|서초1동|APT4683|래미안|6772|2|4|0.001|0.048|0.093|0.029|0.013|0.318|0.054|0.073|0.048|0.018|0.047|0.013|0.116|0.007|0.123
202411|26|47110|44130000|1114000000|부산|성남시|서초동|역삼1동|APT2619|푸르지오|12837|1|6|0.13|0.042|0.199|0.085|0.11|0.029|0.041|0.011|0.075|0.012|0.023|0.05|0.174|0.012|0.007
202411|26|41150|43110000|4711000000|서울|서초구|인계동|서초1동|APT2545|힐스테이트|10319|2|6|0.017|0.036|0.023|0.036|0.014|0.059|0.354|0.002|0.082|0.103|0.051|0.032|0.024|0.117|0.049
202411|47|26140|27110000|2711000000|인천|수원시|서초동|서초1동|APT3663|푸르지오|11908|1|4|0.117|0.076|0.099|0.061|0.122|0.014|0.071|0.048|0.108|0.035|0.096|0.009|0.085|0.039|0.019
202411|44|41110|26110000|4311000000|서울|수원시|역삼동|서초1동|APT4976|힐스테이트|12909|2|5|0.083|0.093|0.043|0.042|0.005|0.017|0.105|0.073|0.104|0.026|0.089|0.025|0.0|0.287|0.009
202411|11|11200|41150000|4611000000|부산|수원시|인계동|역삼1동|APT1865|래미안|3985|1|6|0.003|0.083|0.015|0.002|0.026|0.015|0.133|0.019|0.119|0.042|0.005|0.056|0.016|0.196|0.272
202411|46|26110|27110000|4113000000|인천|성남시|인계동|서초1동|APT8643|푸르지오|17047|2|5|0.094|0.071|0.062|0.065|0.011|0.017|0.031|0.038|0.122|0.014|0.07|0.014|0.204|0.072|0.115
202411|27|41110|41150000|2811000000|부산|성남시|인계동|역삼1동|APT6506|푸르지오|3629|2|6|0.044|0.009|0.073|0.016|0.121|0.02|0.067|0.131|0.105|0.137|0.062|0.036|0.088|0.074|0.019
202411|47|45110|11140000|1117000000|서울|강남구|역삼동|서초1동|APT5106|힐스테이트|11831|1|4|0.016|0.008|0.054|0.077|0.077|0.019|0.28|0.051|0.054|0.025|0.039|0.201|0.019|0.075|0.004
202411|44|11170|45110000|2614000000|경기|성남시|서초동|역삼1동|APT9017|자이|14062|2|6|0.094|0.064|0.009|0.12|0.069|0.014|0.007|0.04|0.029|0.089|0.077|0.159|0.015|0.206|0.007
202411|43|46110|41110000|4511000000|인천|수원시|역삼동|역삼1동|APT7650|힐스테이트|19662|2|6|0.003|0.115|0.022|0.036|0.029|0.069|0.082|0.016|0.28|0.15|0.004|0.034|0.052|0.099|0.011
202411|43|43110|45110000|1111000000|서울|강남구|인계동|역삼1동|APT8694|래미안|6423|2|4|0.042|0.043|0.007|0.027|0.025|0.063|0.09|0.029|0.09|0.144|0.107|0.006|0.037|0.241|0.049
202411|42|11200|11110000|1114000000|부산|서초구|역삼동|서초1동|APT3145|힐스테이트|18606|x|4|0.06|0.03|0.004|0.029|0.108|0.152|0.129|0.042|0.054|0.282|0.001|0.07|0.013|0.007|0.019
202411|43|11140|47110000|4511000000|경기|서초구|역삼동|역삼1동|APT8054|힐스테이트|6750|1|3|0.005|0.02|0.093|0.002|0.084|0.003|0.006|0.099|0.141|0.047|0.017|0.093|0.017|0.189|0.184
202411|27|11140|26140000|2614000000|부산|성남시|인계동|역삼1동|APT3370|래미안|15186|1|4|0.012|0.056|0.028|0.06|0.114|0.241|0.009|0.08|0.035|0.201|0.018|0.072|0.005|0.003|0.067
202411|27|11200|27110000|4115000000|인천|수원시|역삼동|역삼1동|APT6990|자이|3281|2|4|0.107|0.037|0.033|0.025|0.015|0.036|0.043|0.044|0.174|0.154|0.002|0.09|0.13|0.043|0.065
202411|44|11140|46110000|1111000000|인천|성남시|역삼동|역삼1동|APT2443|힐스테이트|14236|1|5|0.185|0.043|0.105|0.048|0.029|0.025|0.183|0.003|0.011|0.077|0.149|0.024|0.043|0.029|0.048
202411|26|46110|41110000|4311000000|인천|수원시|서초동|서초1동|APT6769|힐스테이트|3327|1|5|0.011|0.086|0.113|0.14|0.033|0.051|0.087|0.043|0.064|0.071|0.056|0.012|0.146|0.044|0.044
202411|26|45110|11110000|1114000000|부산|강남구|서초동|역삼1동|APT6506|힐스테이트|4862|1|6|0.017|0.164|0.026|0.055|0.16|0.098|0.002|0.17|0.007|0.031|0.053|0.022|0.002|0.147|0.045
202411|43|11140|41150000|4611000000|인천|강남구|서초동|서초1동|APT3035|래미안|17233|1|5|0.193|0.012|0.029|0.054|0.122|0.023|0.053|0.233|0.013|0.127|0.055|0.04|0.007|0.017|0.023
202411|26|45110|41110000|1120000000|경기|강남구|서초동|역삼1동|APT3144|자이|17764|2|3|0.042|0.01|0.025|0.055|0.191|0.055|0.259|0.019|0.101|0.042|0.139|0.006|0.003|0.008|0.044
202411|42|45110|44130000|4115000000|경기|강남구|서초동|역삼1동|APT8727|래미안|14528|2|5|0.088|0.007|0.138|0.107|0.182|0.065|0.211|0.015|0.008|0.003|0.042|0.03|0.005|0.057|0.042
202411|45|11170|27110000|2711000000|서울|강남구|인계동|역삼1동|APT9738|힐스테이트|7043|2|5|0.063|0.075|0.0|0.042|0.054|0.036|0.093|0.044|0.047|0.107|0.008|0.14|0.109|0.136|0.044
202411|45|41150|11140000|1117000000|인천|수원시|역삼동|역삼1동|APT9729|힐스테이트|19065|1|6|0.195|0.028|0.017|0.031|0.014|0.01|0.014|0.033|0.036|0.007|0.073|0.262|0.049|0.064|0.166
202411|43|11140|26110000|4115000000|서울|성남시|역삼동|역삼1동|APT4914|래미안|14326|2|5|0.061|0.012|0.035|0.052|0.144|0.136|0.035|0.114|0.05|0.063|0.016|0.08|0.047|0.039|0.116
202411|45|26140|46110000|4311000000|경기|서초구|역삼동|서초1동|APT4644|힐스테이트|7108|1|5|0.046|0.073|0.007|0.064|0.017|0.039|0.044|0.04|0.014|0.024|0.011|0.108|0.115|0.039|0.36
202411|42|11140|27110000|4711000000|부산|강남구|인계동|역삼1동|APT9705|힐스테이트|16090|1|4|0.113|0.011|0.252|0.007|0.03|0.002|0.053|0.051|0.051|0.001|0.22|0.002|0.05|0.004|0.154
202411|47|43110|11110000|4111000000|부산|수원시|인계동|역삼1동|APT6132|힐스테이트|15807|1|6|0.145|0.005|0.109|0.092|0.15|0.011|0.019|0.066|0.085|0.019|0.135|0.072|0.004|0.0|0.088
202411|47|41130|26140000|4111000000|경기|성남시|역삼동|서초1동|APT6232|자이|2422|2|6|0.016|0.015|0.121|0.156|0.152|0.074|0.012|0.044|0.069|0.088|0.0|0.01|0.166|0.007|0.071
202411|41|46110|41150000|2811000000|서울|수원시|역삼동|역삼1동|APT4589|래미안|12012|2|5|0.058|0.009|0.044|0.006|0.047|0.217|0.001|0.135|0.108|0.005|0.198|0.094|0.043|0.007|0.029
202411|45|44130|27110000|4611000000|경기|서초구|인계동|역삼1동|APT5879|자이|4628|1|5|0.143|0.025|0.003|0.042|0.006|0.025|0.011|0.002|0.057|0.009|0.146|0.416|0.035|0.08|0.0
202411|47|41130|26140000|1111000000|서울|수원시|역삼동|서초1동|APT2866|자이|15963|1|2|0.014|0.015|0.094|0.038|0.055|0.045|0.06|0.115|0.012|0.127|0.027|0.051|0.306|0.005|0.035
202411|44|11170|27110000|1114000000|부산|강남구|인계동|서초1동|APT6168|자이|6560|x|5|0.006|0.217|0.187|0.04|0.02|0.012|0.1|0.041|0.032|0.107|0.004|0.069|0.048|0.063|0.054
202411|44|44130|41150000|2614000000|부산|강남구|인계동|서초1동|APT2192|자이|8543|1|3|0.049|0.025|0.027|0.054|0.081|0.016|0.139|0.041|0.04|0.228|0.035|0.008|0.05|0.043|0.164
202411|42|45110|26140000|1120000000|인천|서초구|인계동|서초1동|APT5930|푸르지오|9346|2|2|0.185|0.027|0.162|0.04|0.106|0.057|0.012|0.058|0.018|0.087|0.112|0.006|0.003|0.09|0.038
202411|46|11110|11200000|4311000000|경기|성남시|서초동|서초1동|APT1314|푸르지오|6399|1|5|0.08|0.055|0.063|0.168|0.059|0.005|0.058|0.056|0.007|0.172|0.136|0.051|0.029|0.026|0.038
202411|44|11110|28110000|4115000000|경기|강남구|역삼동|서초1동|APT2688|힐스테이트|11424|1|5|0.026|0.119|0.044|0.005|0.02|0.19|0.029|0.131|0.135|0.031|0.038|0.073|0.06|0.085|0.015
202411|11|42110|11140000|4113000000|서울|강남구|인계동|서초1동|APT2471|래미안|7307|1|6|0.144|0.003|0.049|0.025|0.014|0.151|0.082|0.115|0.012|0.017|0.174|0.021|0.001|0.077|0.114
202411|41|47110|11170000|2711000000|부산|강남구|인계동|역삼1동|APT9595|힐스테이트|7413|2|4|0.008|0.055|0.159|0.063|0.24|0.043|0.046|0.125|0.018|0.038|0.064|0.073|0.034|0.019|0.016
202411|47|41130|11140000|4511000000|서울|서초구|서초동|서초1동|APT1785|푸르지오|9321|2|5|0.07|0.225|0.019|0.02|0.067|0.035|0.144|0.099|0.049|0.065|0.073|0.008|0.003|0.012|0.111
202411|46|26110|11200000|4115000000|서울|강남구|서초동|서초1동|APT7265|래미안|17539|2|2|0.081|0.127|0.106|0.005|0.003|0.212|0.006|0.087|0.043|0.026|0.028|0.202|0.037|0.027|0.01
202411|47|28110|47110000|4111000000|경기|강남구|역삼동|역삼1동|APT7545|힐스테이트|5001|2|2|0.016|0.009|0.031|0.01|0.021|0.162|0.08|0.054|0.188|0.025|0.06|0.074|0.075|0.036|0.16
202411|43|28110|41130000|4115000000|부산|수원시|역삼동|서초1동|APT2909|자이|11640|2|2|0.157|0.037|0.053|0.044|0.054|0.052|0.03|0.062|0.009|0.185|0.112|0.113|0.028|0.041|0.023
202411|43|41130|45110000|4611000000|인천|수원시|역삼동|역삼1동|APT9211|힐스테이트|4202|x|4|0.069|0.023|0.062|0.204|0.008|0.035|0.058|0.049|0.029|0.084|0.095|0.004|0.019|0.118|0.143
202411|45|26110|44130000|4113000000|서울|강남구|역삼동|서초1동|APT9639|힐스테이트|17419|1|4|0.052|0.005|0.122|0.035|0.139|0.144|0.002|0.004|0.092|0.014|0.021|0.037|0.131|0.062|0.141
202411|46|27110|26140000|4413000000|경기|성남시|서초동|서초1동|APT7753|래미안|5040|1|3|0.023|0.038|0.093|0.06|0.155|0.009|0.322|0.06|0.017|0.02|0.017|0.029|0.066|0.019|0.071
202411|42|42110|11140000|2711000000|부산|성남시|인계동|역삼1동|APT7158|자이|10124|2|4|0.005|0.147|0.104|0.098|0.019|0.144|0.04|0.034|0.033|0.083|0.067|0.035|0.037|0.071|0.082
202411|45|11200|26140000|4211000000|인천|서초구|인계동|역삼1동|APT7481|힐스테이트|10931|2|6|0.031|0.073|0.049|0.074|0.011|0.075|0.06|0.097|0.137|0.192|0.035|0.053|0.015|0.071|0.027
202411|41|41130|11170000|2811000000|서울|강남구|서초동|역삼1동|APT1295|자이|14643|2|6|0.203|0.031|0.006|0.137|0.01|0.028|0.022|0.018|0.177|0.096|0.021|0.136|0.091|0.011|0.011
202411|44|28110|27110000|1114000000|서울|강남구|인계동|역삼1동|APT4288|래미안|11396|1|5|0.042|0.078|0.01|0.123|0.098|0.026|0.008|0.058|0.173|0.193|0.026|0.024|0.072|0.032|0.036
202411|41|11200|11110000|4111000000|인천|서초구|역삼동|역삼1동|APT6755|래미안|17287|1|6|0.019|0.04|0.076|0.208|0.034|0.009|0.084|0.009|0.09|0.007|0.137|0.136|0.084|0.033|0.033
202411|43|43110|42110000|2811000000|인천|서초구|서초동|서초1동|APT9044|자이|19149|2|6|0.025|0.189|0.053|0.008|0.073|0.096|0.009|0.085|0.036|0.052|0.0|0.044|0.044|0.145|0.142
202411|44|41130|41150000|4511000000|경기|성남시|역삼동|역삼1동|APT6759|래미안|4788|2|4|0.113|0.009|0.073|0.061|0.015|0.118|0.004|0.049|0.091|0.158|0.02|0.008|0.168|0.077|0.034
202411|26|11170|27110000|4611000000|경기|강남구|인계동|서초1동|APT5001|래미안|8509|x|6|0.045|0.108|0.165|0.048|0.148|0.015|0.044|0.006|0.002|0.107|0.048|0.008|0.185|0.004|0.067
202411|42|11110|47110000|4413000000|인천|강남구|역삼동|서초1동|APT5053|자이|7488|2|6|0.028|0.023|0.067|0.024|0.066|0.155|0.078|0.022|0.12|0.071|0.006|0.076|0.189|0.072|0.004
202411|47|11200|11200000|4511000000|경기|성남시|서초동|역삼1동|APT5687|힐스테이트|13033|2|5|0.016|0.03|0.116|0.07|0.093|0.129|0.076|0.071|0.049|0.052|0.049|0.033|0.064|0.108|0.044
202411|45|43110|45110000|2711000000|서울|수원시|역삼동|서초1동|APT9324|푸르지오|13833|1|3|0.0|0.042|0.097|0.129|0.002|0.016|0.052|0.019|0.024|0.077|0.116|0.157|0.14|0.103|0.026
202411|11|26110|41130000|1111000000|부산|강남구|역삼동|역삼1동|APT4009|래미안|3411|1|4|0.067|0.124|0.026|0.065|0.191|0.03|0.087|0.16|0.086|0.017|0.036|0.043|0.03|0.028|0.01
202411|42|11170|44130000|4111000000|인천|서초구|역삼동|서초1동|APT7606|자이|3904|2|3|0.039|0.019|0.021|0.138|0.116|0.034|0.029|0.02|0.003|0.094|0.101|0.263|0.023|0.045|0.053
202411|45|26110|41130000|4111000000|서울|성남시|서초동|역삼1동|APT9889|래미안|4090|1|5|0.075|0.133|0.002|0.05|0.297|0.014|0.003|0.02|0.123|0.008|0.013|0.101|0.084|0.059|0.016
202411|46|42110|43110000|4113000000|인천|수원시|서초동|역삼1동|APT2219|자이|14380|1|4|0.021|0.01|0.094|0.002|0.001|0.076|0.021|0.127|0.073|0.036|0.021|0.12|0.022|0.196|0.181
202411|26|47110|47110000|2611000000|부산|서초구|인계동|역삼1동|APT4264|힐스테이트|18020|2|5|0.015|0.012|0.1|0.041|0.138|0.103|0.005|0.025|0.033|0.057|0.08|0.262|0.022|0.0|0.106
202411|41|47110|41130000|2611000000|부산|서초구|역삼동|역삼1동|APT2615|힐스테이트|12970|2|4|0.022|0.075|0.071|0.071|0.04|0.057|0.016|0.1|0.008|0.103|0.074|0.055|0.093|0.178|0.036
202411|11|11200|43110000|2811000000|경기|성남시|인계동|역삼1동|APT5743|힐스테이트|8858|2|4|0.2|0.017|0.091|0.023|0.118|0.023|0.01|0.196|0.006|0.045|0.157|0.054|0.036|0.002|0.022
202411|27|41110|26140000|2811000000|인천|강남구|서초동|서초1동|APT6002|래미안|7297|x|2|0.236|0.038|0.055|0.04|0.106|0.018|0.003|0.018|0.04|0.006|0.033|0.03|0.023|0.022|0.333
202411|46|41110|11110000|1120000000|부산|성남시|서초동|역삼1동|APT7607|힐스테이트|15292|1|5|0.191|0.071|0.124|0.005|0.003|0.033|0.04|0.168|0.058|0.143|0.03|0.017|0.001|0.063|0.053
202411|45|11110|28110000|4113000000|인천|성남시|서초동|서초1동|APT8793|푸르지오|7205|1|2|0.004|0.021|0.071|0.03|0.183|0.063|0.005|0.063|0.04|0.085|0.048|0.205|0.004|0.13|0.047
202411|11|11170|46110000|4511000000|경기|수원시|역삼동|서초1동|APT4701|래미안|10114|x|2|0.354|0.014|0.002|0.049|0.03|0.031|0.091|0.063|0.056|0.092|0.002|0.001|0.095|0.11|0.009
202411|26|11200|28110000|1114000000|서울|수원시|서초동|서초1동|APT6703|힐스테이트|14896|2|2|0.002|0.051|0.01|0.077|0.045|0.079|0.042|0.06|0.009|0.192|0.059|0.046|0.223|0.064|0.042
202411|43|11140|41150000|4311000000|서울|성남시|역삼동|서초1동|APT4307|래미안|8995|2|5|0.151|0.152|0.047|0.024|0.038|0.003|0.078|0.025|0.047|0.023|0.094|0.073|0.026|0.046|0.172
202411|44|46110|26110000|4711000000|부산|서초구|인계동|서초1동|APT8582|래미안|4364|1|5|0.068|0.06|0.096|0.06|0.01|0.097|0.086|0.044|0.064|0.083|0.037|0.148|0.025|0.032|0.091
202411|44|41130|11110000|2611000000|인천|강남구|역삼동|서초1동|APT3828|푸르지오|2856|1|3|0.06|0.071|0.014|0.056|0.019|0.051|0.025|0.239|0.024|0.006|0.046|0.141|0.208|0.03|0.01
202411|43|27110|11200000|4211000000|인천|서초구|인계동|역삼1동|APT9869|푸르지오|15312|x|6|0.005|0.245|0.176|0.013|0.047|0.104|0.031|0.054|0.083|0.03|0.103|0.044|0.017|0.03|0.018
202411|26|11140|45110000|2611000000|부산|수원시|서초동|역삼1동|APT3424|푸르지오|19547|2|5|0.103|0.244|0.009|0.041|0.158|0.066|0.029|0.037|0.018|0.03|0.051|0.121|0.025|0.067|0.002
202411|11|41150|26140000|2811000000|경기|성남시|인계동|역삼1동|APT9001|푸르지오|11717|2|2|0.152|0.003|0.04|0.065|0.117|0.045|0.081|0.2|0.077|0.028|0.099|0.007|0.001|0.011|0.074
202411|44|41150|11140000|4511000000|서울|성남시|인계동|역삼1동|APT3840|푸르지오|10125|2|4|0.013|0.045|0.002|0.003|0.091|0.055|0.297|0.064|0.029|0.166|0.06|0.034|0.046|0.034|0.062
202411|27|28110|45110000|2611000000|서울|강남구|인계동|역삼1동|APT6597|푸르지오|7867|1|6|0.019|0.097|0.019|0.002|0.067|0.003|0.002|0.015|0.036|0.381|0.031|0.031|0.217|0.077|0.003
202411|43|45110|45110000|4711000000|경기|강남구|인계동|역삼1동|APT4883|힐스테이트|19992|1|4|0.027|0.074|0.019|0.028|0.039|0.128|0.096|0.02|0.035|0.035|0.005|0.14|0.001|0.081|0.271
202411|27|11110|47110000|2611000000|인천|수원시|인계동|서초1동|APT8087|래미안|5243|1|6|0.032|0.139|0.009|0.062|0.002|0.034|0.009|0.005|0.059|0.101|0.064|0.07|0.349|0.031|0.036
202411|45|41110|11140000|4211000000|서울|서초구|역삼동|서초1동|APT4404|래미안|5196|2|6|0.013|0.041|0.135|0.075|0.061|0.035|0.02|0.049|0.293|0.033|0.075|0.07|0.04|0.04|0.019
202411|41|46110|41110000|4211000000|서울|수원시|인계동|역삼1동|APT7851|푸르지오|19962|1|6|0.305|0.073|0.085|0.086|0.069|0.036|0.03|0.066|0.045|0.025|0.109|0.001|0.02|0.021|0.03
202411|43|26110|27110000|1111000000|부산|서초구|서초동|역삼1동|APT7329|자이|2572|2|5|0.113|0.124|0.105|0.04|0.106|0.014|0.028|0.038|0.036|0.023|0.119|0.067|0.121|0.002|0.065
202411|45|11170|27110000|4413000000|경기|성남시|서초동|역삼1동|APT7067|푸르지오|15792|1|2|0.026|0.02|0.018|0.114|0.029|0.224|0.061|0.011|0.012|0.041|0.026|0.019|0.079|0.001|0.318
202411|44|26110|26110000|4311000000|인천|수원시|역삼동|서초1동|APT6136|자이|15671|1|6|0.105|0.06|0.045|0.074|0.14|0.087|0.004|0.093|0.024|0.053|0.001|0.171|0.018|0.026|0.099
202411|27|26110|26110000|1114000000|경기|수원시|역삼동|서초1동|APT6901|힐스테이트|19859|2|5|0.101|0.109|0.009|0.025|0.07|0.104|0.007|0.002|0.129|0.17|0.166|0.012|0.007|0.075|0.013
202411|47|26110|11110000|4111000000|경기|서초구|역삼동|서초1동|APT9998|자이|3224|2|3|0.115|0.019|0.037|0.068|0.083|0.195|0.016|0.009|0.094|0.026|0.215|0.001|0.014|0.062|0.046
202411|42|41110|41110000|2711000000|서울|성남시|인계동|서초1동|APT1797|푸르지오|14444|x|6|0.048|0.153|0.021|0.229|0.012|0.041|0.178|0.062|0.015|0.039|0.035|0.048|0.065|0.023|0.03
202411|11|26110|47110000|4115000000|서울|성남시|서초동|서초1동|APT1605|힐스테이트|14753|1|5|0.123|0.003|0.124|0.012|0.085|0.045|0.207|0.018|0.028|0.048|0.063|0.067|0.011|0.005|0.162
202411|47|28110|41130000|2811000000|인천|수원시|인계동|서초1동|APT6929|자이|12576|1|5|0.029|0.016|0.225|0.061|0.051|0.093|0.097|0.089|0.057|0.01|0.034|0.006|0.059|0.055|0.117
202411|26|42110|41130000|4511000000|부산|강남구|역삼동|역삼1동|APT3575|힐스테이트|17676|2|4|0.145|0.205|0.017|0.002|0.028|0.176|0.107|0.051|0.023|0.059|0.025|0.048|0.017|0.007|0.092
202411|26|26110|41130000|4413000000|인천|성남시|서초동|역삼1동|APT8295|힐스테이트|15203|x|4|0.18|0.009|0.043|0.047|0.035|0.069|0.056|0.057|0.013|0.123|0.112|0.148|0.039|0.055|0.014
202411|41|26110|11140000|1117000000|서울|수원시|서초동|역삼1동|APT5939|힐스테이트|3924|1|6|0.103|0.171|0.004|0.178|0.037|0.009|0.036|0.048|0.028|0.078|0.008|0.027|0.04|0.104|0.129
202411|42|45110|11170000|4711000000|서울|성남시|인계동|서초1동|APT7150|래미안|8524|2|3|0.039|0.115|0.137|0.029|0.095|0.057|0.017|0.048|0.113|0.078|0.012|0.084|0.14|0.011|0.026
202411|27|45110|28110000|2614000000|인천|성남시|서초동|역삼1동|APT4671|힐스테이트|14979|1|5|0.107|0.075|0.092|0.267|0.014|0.0|0.096|0.019|0.021|0.036|0.009|0.031|0.003|0.03|0.2
202411|41|47110|11200000|1111000000|부산|수원시|역삼동|역삼1동|APT6404|푸르지오|14069|1|4|0.052|0.118|0.022|0.111|0.002|0.014|0.107|0.082|0.075|0.077|0.099|0.039|0.022|0.124|0.056
202411|45|11200|45110000|4115000000|인천|성남시|역삼동|역삼1동|APT9433|푸르지오|3193|2|4|0.088|0.114|0.02|0.05|0.019|0.021|0.069|0.193|0.007|0.006|0.042|0.044|0.2|0.121|0.006
202411|41|11110|44130000|4413000000|경기|서초구|인계동|역삼1동|APT2542|푸르지오|19584|1|4|0.1|0.116|0.05|0.047|0.255|0.059|0.071|0.034|0.014|0.043|0.063|0.095|0.018|0.019|0.016
202411|41|28110|11140000|4413000000|경기|성남시|역삼동|역삼1동|APT3544|자이|18607|1|3|0.018|0.047|0.016|0.137|0.005|0.127|0.066|0.116|0.0|0.031|0.024|0.13|0.206|0.035|0.042
202411|47|42110|26110000|4115000000|경기|수원시|서초동|역삼1동|APT1164|푸르지오|3570|1|3|0.032|0.245|0.004|0.027|0.065|0.135|0.035|0.056|0.03|0.063|0.041|0.089|0.074|0.021|0.084
202411|43|11140|41150000|4511000000|서울|강남구|역삼동|서초1동|APT7886|힐스테이트|2082|1|5|0.112|0.088|0.087|0.008|0.083|0.005|0.075|0.005|0.042|0.085|0.03|0.208|0.145|0.025|0.002
202411|27|11140|11200000|4115000000|부산|성남시|역삼동|역삼1동|APT3892|래미안|11506|2|6|0.102|0.098|0.052|0.112|0.011|0.073|0.012|0.07|0.028|0.055|0.02|0.064|0.09|0.133|0.08
202411|11|11170|27110000|1120000000|서울|강남구|인계동|역삼1동|APT9407|래미안|13404|2|5|0.005|0.004|0.114|0.066|0.16|0.03|0.005|0.381|0.024|0.015|0.009|0.045|0.015|0.104|0.021
202411|45|11200|26140000|1120000000|인천|서초구|서초동|역삼1동|APT6190|힐스테이트|17761|2|6|0.08|0.1|0.0|0.033|0.079|0.042|0.009|0.012|0.229|0.053|0.149|0.071|0.111|0.014|0.019
202411|11|26110|27110000|2611000000|서울|서초구|인계동|서초1동|APT6055|자이|7335|1|5|0.003|0.073|0.088|0.192|0.007|0.017|0.041|0.077|0.004|0.085|0.031|0.172|0.088|0.072|0.048
202411|47|43110|11140000|2811000000|서울|서초구|인계동|서초1동|APT7557|래미안|6069|1|5|0.084|0.072|0.127|0.199|0.028|0.095|0.006|0.201|0.01|0.011|0.06|0.025|0.01|0.022|0.051
202411|11|46110|46110000|1117000000|인천|서초구|서초동|역삼1동|APT8944|래미안|18579|2|3|0.122|0.008|0.008|0.017|0.124|0.02|0.097|0.02|0.018|0.054|0.132|0.002|0.019|0.22|0.14
202411|27|26110|41110000|4211000000|부산|수원시|인계동|역삼1동|APT7059|래미안|10474|2|5|0.071|0.042|0.023|0.017|0.069|0.049|0.033|0.035|0.215|0.15|0.024|0.064|0.094|0.095|0.017
202411|11|42110|41110000|4111000000|인천|성남시|역삼동|역삼1동|APT6053|자이|12522|1|5|0.037|0.225|0.091|0.046|0.041|0.049|0.078|0.043|0.034|0.09|0.12|0.046|0.006|0.012|0.082
202411|45|41130|41150000|4111000000|인천|성남시|서초동|서초1동|APT8289|힐스테이트|18753|1|4|0.011|0.098|0.011|0.026|0.116|0.046|0.035|0.11|0.005|0.066|0.003|0.106|0.19|0.008|0.169
202411|27|47110|41110000|2711000000|경기|서초구|서초동|역삼1동|APT7166|푸르지오|7955|2|4|0.001|0.01|0.018|0.024|0.001|0.187|0.103|0.028|0.053|0.041|0.076|0.139|0.032|0.049|0.238
202411|46|41110|27110000|2611000000|인천|성남시|인계동|역삼1동|APT9925|푸르지오|11144|2|2|0.087|0.095|0.01|0.031|0.076|0.036|0.208|0.082|0.041|0.02|0.053|0.009|0.047|0.195|0.012
202411|26|26140|11200000|4311000000|인천|강남구|역삼동|역삼1동|APT6316|푸르지오|11822|x|6|0.09|0.004|0.05|0.113|0.066|0.037|0.049|0.012|0.057|0.069|0.23|0.074|0.046|0.035|0.067
202411|44|11110|11170000|1114000000|서울|수원시|서초동|서초1동|APT7315|자이|12225|1|6|0.244|0.019|0.029|0.029|0.043|0.011|0.01|0.111|0.112|0.031|0.009|0.169|0.142|0.034|0.007
202411|45|11170|41110000|4711000000|인천|강남구|역삼동|서초1동|APT8123|래미안|7727|2|3|0.134|0.012|0.029|0.109|0.06|0.033|0.01|0.106|0.139|0.028|0.042|0.123|0.14|0.023|0.012
202411|26|45110|27110000|4115000000|경기|강남구|인계동|서초1동|APT8079|자이|16128|1|5|0.045|0.038|0.087|0.06|0.026|0.05|0.057|0.106|0.1|0.069|0.165|0.035|0.087|0.027|0.048
202411|44|45110|41130000|2711000000|경기|수원시|역삼동|서초1동|APT7800|푸르지오|12436|2|4|0.209|0.048|0.009|0.012|0.011|0.106|0.015|0.151|0.004|0.131|0.0|0.033|0.148|0.058|0.066
202411|41|26140|11170000|4611000000|부산|서초구|역삼동|서초1동|APT4205|힐스테이트|10673|1|5|0.135|0.036|0.076|0.035|0.176|0.008|0.008|0.196|0.12|0.03|0.028|0.015|0.047|0.079|0.009
202411|46|28110|11170000|4511000000|인천|성남시|역삼동|역삼1동|APT1109|푸르지오|8461|x|4|0.071|0.022|0.131|0.074|0.054|0.051|0.013|0.019|0.008|0.15|0.156|0.025|0.047|0.001|0.177
202411|27|11200|44130000|4115000000|인천|성남시|서초동|서초1동|APT8059|푸르지오|15624|x|5|0.053|0.028|0.04|0.152|0.018|0.138|0.022|0.009|0.026|0.015|0.266|0.041|0.158|0.008|0.026
202411|47|11140|45110000|2711000000|인천|수원시|인계동|역삼1동|APT3366|푸르지오|18473|1|3|0.146|0.011|0.069|0.19|0.094|0.005|0.055|0.032|0.031|0.214|0.004|0.062|0.045|0.029|0.013
202411|47|11200|46110000|4113000000|서울|서초구|서초동|서초1동|APT9679|래미안|17494|2|2|0.017|0.034|0.026|0.168|0.043|0.006|0.131|0.236|0.047|0.052|0.007|0.002|0.05|0.0|0.181
202411|43|26140|41130000|2811000000|인천|수원시|서초동|역삼1동|APT6133|힐스테이트|7865|1|6|0.065|0.126|0.063|0.053|0.067|0.035|0.022|0.064|0.033|0.01|0.199|0.121|0.013|0.063|0.068
202411|42|11110|11170000|1114000000|서울|서초구|서초동|역삼1동|APT9655|푸르지오|8026|2|6|0.1|0.122|0.019|0.174|0.093|0.009|0.025|0.001|0.049|0.024|0.131|0.087|0.015|0.121|0.031
202411|41|26140|27110000|4711000000|인천|강남구|서초동|역삼1동|APT3957|힐스테이트|17245|2|2|0.039|0.009|0.079|0.047|0.008|0.057|0.03|0.031|0.162|0.016|0.014|0.009|0.007|0.129|0.363
202411|42|11140|47110000|4711000000|서울|서초구|역삼동|역삼1동|APT7478|자이|6843|x|6|0.006|0.012|0.141|0.059|0.037|0.034|0.109|0.179|0.025|0.039|0.041|0.012|0.012|0.037|0.257
202411|26|46110|27110000|4311000000|경기|강남구|역삼동|역삼1동|APT1482|래미안|7005|2|4|0.113|0.007|0.009|0.116|0.031|0.064|0.013|0.027|0.206|0.003|0.129|0.031|0.144|0.101|0.006
202411|47|26140|11200000|1111000000|서울|수원시|인계동|역삼1동|APT2542|힐스테이트|9177|1|5|0.006|0.015|0.289|0.003|0.138|0.034|0.062|0.161|0.0|0.03|0.077|0.024|0.014|0.067|0.081
202411|27|41130|11200000|1117000000|경기|서초구|역삼동|서초1동|APT9526|래미안|2405|1|6|0.143|0.129|0.056|0.026|0.033|0.023|0.065|0.036|0.144|0.014|0.08|0.067|0.01|0.161|0.013
202411|46|11200|42110000|1120000000|서울|성남시|서초동|역삼1동|APT9243|래미안|9690|2|6|0.028|0.067|0.001|0.042|0.053|0.058|0.007|0.119|0.358|0.044|0.045|0.021|0.049|0.002|0.107
202411|43|45110|27110000|1111000000|서울|서초구|역삼동|역삼1동|APT4249|힐스테이트|6157|1|4|0.03|0.068|0.082|0.086|0.033|0.032|0.048|0.001|0.049|0.094|0.147|0.047|0.029|0.165|0.09
202411|42|11200|27110000|2611000000|부산|수원시|인계동|서초1동|APT2988|래미안|6711|1|4|0.019|0.035|0.025|0.006|0.05|0.04|0.016|0.039|0.079|0.177|0.259|0.056|0.112|0.023|0.064
202411|45|43110|26140000|4111000000|부산|성남시|역삼동|역삼1동|APT2511|자이|16765|2|2|0.03|0.032|0.306|0.009|0.043|0.148|0.014|0.011|0.119|0.003|0.024|0.192|0.003|0.025|0.041
202411|43|44130|11170000|2614000000|경기|성남시|서초동|서초1동|APT5699|푸르지오|10182|2|4|0.093|0.048|0.055|0.011|0.099|0.051|0.027|0.045|0.129|0.061|0.032|0.146|0.066|0.006|0.132
202411|44|28110|41150000|1114000000|서울|수원시|역삼동|서초1동|APT9220|힐스테이트|14206|x|3|0.061|0.038|0.089|0.018|0.038|0.02|0.08|0.369|0.122|0.029|0.011|0.014|0.028|0.018|0.065
202411|47|11170|42110000|4413000000|경기|서초구|인계동|역삼1동|APT1157|푸르지오|14310|2|4|0.038|0.008|0.161|0.019|0.175|0.181|0.085|0.023|0.007|0.039|0.054|0.068|0.021|0.118|0.004
202411|47|44130|44130000|1120000000|경기|수원시|서초동|역삼1동|APT9765|힐스테이트|9281|1|6|0.091|0.129|0.001|0.118|0.016|0.144|0.004|0.067|0.028|0.02|0.019|0.132|0.141|0.037|0.052
202411|46|11140|41150000|2614000000|경기|서초구|서초동|역삼1동|APT6718|힐스테이트|2931|2|6|0.007|0.123|0.135|0.036|0.102|0.089|0.166|0.016|0.01|0.022|0.046|0.047|0.147|0.006|0.049
202411|11|26140|28110000|4311000000|부산|강남구|인계동|역삼1동|APT5369|푸르지오|14050|2|6|0.015|0.099|0.025|0.062|0.085|0.071|0.068|0.018|0.186|0.116|0.024|0.045|0.039|0.048|0.099
202411|11|11110|11200000|4311000000|인천|수원시|서초동|역삼1동|APT8557|푸르지오|4741|1|3|0.019|0.179|0.108|0.092|0.001|0.078|0.041|0.013|0.124|0.036|0.038|0.016|0.098|0.144|0.013
202411|26|45110|27110000|1114000000|부산|강남구|역삼동|서초1동|APT2520|자이|3988|2|3|0.013|0.025|0.001|0.028|0.218|0.016|0.105|0.068|0.017|0.24|0.094|0.054|0.091|0.016|0.013
202411|43|41110|11170000|4113000000|서울|성남시|인계동|서초1동|APT1281|래미안|7336|1|5|0.015|0.058|0.037|0.047|0.008|0.116|0.005|0.034|0.01|0.155|0.091|0.089|0.28|0.03|0.025
202411|45|27110|11170000|2611000000|인천|성남시|역삼동|역삼1동|APT7193|래미안|15845|1|4|0.098|0.008|0.103|0.037|0.182|0.026|0.105|0.001|0.025|0.01|0.006|0.191|0.079|0.062|0.068
202411|27|11140|11140000|4611000000|경기|서초구|서초동|서초1동|APT7145|자이|17702|1|4|0.05|0.17|0.039|0.105|0.084|0.021|0.03|0.014|0.041|0.074|0.003|0.116|0.007|0.009|0.237
202411|47|44130|11110000|2611000000|경기|성남시|서초동|역삼1동|APT6937|힐스테이트|8137|2|6|0.05|0.014|0.009|0.109|0.066|0.05|0.08|0.076|0.052|0.018|0.016|0.055|0.223|0.055|0.125
202411|43|41150|44130000|2811000000|서울|수원시|서초동|역삼1동|APT5290|힐스테이트|14766|1|3|0.192|0.021|0.086|0.011|0.064|0.11|0.082|0.036|0.049|0.05|0.163|0.001|0.004|0.116|0.017
202411|43|47110|41150000|4611000000|경기|강남구|서초동|역삼1동|APT7409|푸르지오|14738|1|4|0.145|0.173|0.011|0.105|0.002|0.066|0.041|0.021|0.058|0.025|0.013|0.213|0.015|0.07|0.042
202411|46|47110|11140000|2611000000|부산|성남시|인계동|역삼1동|APT7906|힐스테이트|19461|2|3|0.021|0.053|0.032|0.036|0.041|0.137|0.329|0.01|0.01|0.06|0.041|0.02|0.184|0.02|0.005
202411|42|11140|44130000|2614000000|부산|성남시|역삼동|서초1동|APT3754|자이|18069|2|5|0.027|0.033|0.117|0.034|0.035|0.033|0.145|0.036|0.009|0.071|0.317|0.011|0.018|0.023|0.092
202411|11|26110|26110000|4113000000|서울|강남구|서초동|역삼1동|APT7048|자이|12762|1|4|0.009|0.072|0.023|0.069|0.136|0.075|0.121|0.018|0.022|0.176|0.057|0.007|0.086|0.019|0.109
202411|44|11110|47110000|4211000000|부산|서초구|인계동|역삼1동|APT5159|래미안|17543|2|6|0.055|0.061|0.063|0.111|0.148|0.053|0.002|0.002|0.072|0.169|0.136|0.012|0.005|0.015|0.097
202411|46|42110|11110000|4711000000|경기|성남시|서초동|역삼1동|APT3258|힐스테이트|15889|2|4|0.066|0.042|0.011|0.02|0.239|0.018|0.015|0.094|0.167|0.123|0.026|0.085|0.065|0.009|0.021
202411|47|27110|45110000|2711000000|인천|강남구|역삼동|서초1동|APT7365|푸르지오|15595|2|2|0.11|0.037|0.031|0.027|0.145|0.057|0.026|0.008|0.112|0.003|0.075|0.111|0.072|0.122|0.063
202411|47|27110|27110000|2611000000|인천|서초구|인계동|서초1동|APT1840|래미안|11412|1|3|0.03|0.053|0.01|0.06|0.058|0.217|0.016|0.033|0.165|0.088|0.049|0.158|0.049|0.002|0.012
202411|47|42110|45110000|1117000000|인천|서초구|인계동|역삼1동|APT9650|힐스테이트|7194|2|3|0.095|0.057|0.101|0.074|0.085|0.003|0.066|0.079|0.055|0.137|0.084|0.027|0.085|0.024|0.027
202411|11|26140|26140000|4311000000|부산|수원시|역삼동|서초1동|APT3329|푸르지오|18518|x|5|0.059|0.025|0.013|0.074|0.016|0.248|0.064|0.064|0.047|0.027|0.011|0.023|0.146|0.173|0.011
202411|46|27110|42110000|4311000000|인천|성남시|역삼동|서초1동|APT2966|푸르지오|16615|2|5|0.064|0.025|0.143|0.109|0.068|0.057|0.057|0.028|0.077|0.167|0.086|0.008|0.016|0.027|0.069
202411|46|43110|26110000|4211000000|서울|서초구|서초동|역삼1동|APT8666|자이|14300|2|4|0.07|0.242|0.23|0.051|0.0|0.009|0.001|0.039|0.042|0.115|0.009|0.036|0.037|0.056|0.063
202411|47|26110|43110000|4311000000|서울|서초구|역삼동|역삼1동|APT3554|자이|19827|1|2|0.061|0.001|0.016|0.035|0.025|0.006|0.01|0.216|0.111|0.101|0.003|0.029|0.17|0.056|0.159
202411|42|42110|11200000|1111000000|부산|수원시|서초동|역삼1동|APT3612|래미안|6331|1|3|0.044|0.006|0.15|0.041|0.004|0.026|0.362|0.007|0.038|0.008|0.057|0.191|0.025|0.041|0.001
202411|27|47110|26110000|2614000000|인천|성남시|역삼동|서초1동|APT7605|푸르지오|15387|1|3|0.025|0.086|0.057|0.005|0.109|0.045|0.226|0.142|0.016|0.02|0.027|0.039|0.017|0.172|0.015
202411|43|26110|27110000|2711000000|경기|서초구|서초동|서초1동|APT1629|자이|6425|2|5|0.056|0.122|0.105|0.047|0.004|0.012|0.042|0.219|0.077|0.058|0.076|0.093|0.074|0.005|0.009
202411|46|41110|11110000|2811000000|부산|수원시|역삼동|역삼1동|APT4941|자이|18918|1|3|0.026|0.052|0.157|0.08|0.056|0.019|0.055|0.04|0.052|0.094|0.09|0.033|0.187|0.031|0.026
202411|27|45110|11170000|2811000000|경기|수원시|서초동|역삼1동|APT5000|자이|18916|x|3|0.019|0.322|0.026|0.093|0.12|0.024|0.01|0.097|0.07|0.007|0.017|0.004|0.016|0.166|0.009
202411|42|47110|11140000|1111000000|부산|서초구|서초동|서초1동|APT3260|자이|14857|2|6|0.264|0.022|0.062|0.009|0.124|0.034|0.198|0.035|0.029|0.04|0.053|0.033|0.017|0.06|0.019
202411|43|26140|41130000|1120000000|인천|서초구|인계동|역삼1동|APT5452|래미안|9102|2|2|0.069|0.027|0.123|0.022|0.064|0.011|0.025|0.119|0.255|0.001|0.067|0.003|0.152|0.018|0.045
202411|46|44130|42110000|2711000000|부산|수원시|인계동|서초1동|APT6827|힐스테이트|8955|1|6|0.047|0.129|0.037|0.044|0.047|0.156|0.008|0.059|0.041|0.206|0.012|0.001|0.096|0.107|0.01
202411|41|47110|46110000|2614000000|경기|서초구|인계동|서초1동|APT6603|래미안|8983|1|4|0.005|0.022|0.026|0.027|0.034|0.037|0.102|0.382|0.008|0.011|0.01|0.095|0.063|0.144|0.035
202411|47|42110|41150000|1120000000|부산|강남구|인계동|서초1동|APT8041|래미안|8865|2|3|0.05|0.14|0.027|0.023|0.004|0.015|0.009|0.063|0.102|0.036|0.155|0.032|0.022|0.141|0.181
202411|47|11200|26140000|4511000000|인천|수원시|서초동|서초1동|APT3150|푸르지오|5639|2|6|0.018|0.116|0.067|0.11|0.114|0.007|0.086|0.002|0.176|0.001|0.097|0.01|0.048|0.007|0.141
202411|44|26110|11110000|4311000000|경기|수원시|인계동|역삼1동|APT6156|자이|6162|2|2|0.045|0.182|0.074|0.02|0.051|0.006|0.011|0.073|0.114|0.043|0.06|0.141|0.039|0.051|0.09
202411|43|26140|46110000|2614000000|경기|수원시|역삼동|역삼1동|APT2718|자이|15614|2|5|0.107|0.066|0.146|0.05|0.001|0.15|0.127|0.029|0.078|0.001|0.049|0.054|0.017|0.09|0.035
202411|45|42110|27110000|4611000000|부산|강남구|인계동|역삼1동|APT4249|푸르지오|8450|1|6|0.042|0.033|0.033|0.105|0.029|0.072|0.105|0.006|0.108|0.076|0.122|0.034|0.029|0.018|0.187
202411|42|28110|26140000|1114000000|부산|성남시|서초동|역삼1동|APT6830|힐스테이트|14339|2|5|0.036|0.024|0.141|0.048|0.085|0.004|0.004|0.07|0.14|0.041|0.181|0.09|0.041|0.071|0.024
202411|44|43110|44130000|4711000000|부산|강남구|인계동|서초1동|APT3858|자이|4642|2|5|0.033|0.003|0.038|0.096|0.027|0.009|0.175|0.002|0.111|0.06|0.023|0.288|0.041|0.045|0.05
202411|27|43110|28110000|4611000000|경기|강남구|역삼동|역삼1동|APT6029|힐스테이트|6542|1|4|0.057|0.116|0.026|0.019|0.059|0.035|0.073|0.051|0.134|0.251|0.001|0.091|0.026|0.047|0.014
202411|11|11200|26110000|1120000000|경기|성남시|인계동|서초1동|APT8837|푸르지오|6381|1|3|0.026|0.122|0.014|0.068|0.057|0.065|0.01|0.088|0.077|0.195|0.008|0.028|0.114|0.055|0.074
202411|46|46110|11140000|2711000000|인천|강남구|서초동|역삼1동|APT9598|푸르지오|4285|2|6|0.062|0.047|0.095|0.057|0.057|0.002|0.047|0.001|0.061|0.156|0.182|0.16|0.004|0.004|0.063
202411|45|11170|26140000|1114000000|경기|강남구|역삼동|서초1동|APT5160|자이|13375|2|2|0.011|0.071|0.132|0.01|0.061|0.055|0.188|0.091|0.115|0.004|0.079|0.05|0.031|0.051|0.053
202411|44|11200|42110000|4111000000|서울|성남시|역삼동|역삼1동|APT6350|자이|16226|1|6|0.221|0.018|0.12|0.014|0.028|0.134|0.125|0.008|0.065|0.172|0.016|0.029|0.008|0.036|0.006
202411|43|42110|44130000|2614000000|부산|성남시|인계동|역삼1동|APT1353|힐스테이트|7182|1|4|0.103|0.011|0.012|0.064|0.256|0.038|0.041|0.007|0.074|0.192|0.027|0.07|0.013|0.093|0.001
202411|46|41150|11140000|1120000000|경기|성남시|인계동|서초1동|APT8968|자이|3806|x|6|0.016|0.0|0.069|0.099|0.02|0.019|0.071|0.099|0.033|0.029|0.028|0.006|0.078|0.257|0.178
