기준연월|고객행정구역분류시도코드|고객행정구역분류시군구코드|고객행정구역분류코드|고객법정동코드|고객행정구역분류시도명|고객행정구역분류시군구명|고객행정구역분류명|고객법정동명|통합카드아파트단지코드|통합카드아파트단지명|연평균소득금액|통합카드성별코드|통합카드10세단위연령코드|영화관심비율|건강관심비율|게임관심비율|골프관심비율|독서관심비율|레저관심비율|뷰티관심비율|쇼핑관심비율|애완동물관심비율|여행관심비율|예술관심비율|온라인쇼핑관심비율|육아관심비율|식도락관심비율|자동차관심비율
202406|45|27110|41150000|2614000000|서울|수원시|인계동|역삼1동|APT1655|푸르지오|2242|2|5|0.044|0.023|0.153|0.044|0.021|0.059|0.016|0.178|0.093|0.092|0.152|0.026|0.031|0.007|0.062
202406|43|45110|27110000|2611000000|경기|성남시|역삼동|역삼1동|APT6921|힐스테이트|19829|x|3|0.002|0.053|0.039|0.044|0.105|0.139|0.021|0.1|0.009|0.041|0.027|0.0|0.139|0.095|0.186
202406|27|43110|11110000|4115000000|인천|성남시|역삼동|역삼1동|APT2516|힐스테이트|19525|2|5|0.025|0.153|0.126|0.001|0.021|0.039|0.039|0.15|0.031|0.197|0.017|0.016|0.087|0.067|0.031
202406|41|46110|44130000|2614000000|인천|수원시|서초동|역삼1동|APT2529|힐스테이트|3978|1|5|0.055|0.08|0.01|0.03|0.035|0.115|0.01|0.027|0.126|0.035|0.022|0.059|0.257|0.099|0.039
202406|42|41130|46110000|1117000000|서울|서초구|역삼동|서초1동|APT3738|힐스테이트|14100|2|4|0.027|0.169|0.02|0.033|0.108|0.02|0.01|0.032|0.014|0.037|0.273|0.005|0.098|0.03|0.125
202406|47|47110|11170000|2811000000|부산|서초구|인계동|역삼1동|APT8611|래미안|10422|1|3|0.01|0.081|0.04|0.07|0.138|0.024|0.057|0.029|0.055|0.116|0.157|0.172|0.02|0.023|0.008
202406|44|26140|45110000|1117000000|경기|서초구|인계동|역삼1동|APT7353|힐스테이트|9997|1|6|0.029|0.135|0.014|0.166|0.114|0.005|0.094|0.015|0.046|0.062|0.1|0.095|0.024|0.055|0.046
202406|47|11110|28110000|2611000000|경기|서초구|역삼동|서초1동|APT5412|푸르지오|3917|2|4|0.019|0.008|0.014|0.005|0.257|0.048|0.012|0.028|0.041|0.138|0.112|0.059|0.029|0.106|0.125
202406|11|46110|41150000|4311000000|부산|성남시|서초동|역삼1동|APT6819|래미안|18247|2|3|0.214|0.036|0.023|0.001|0.166|0.033|0.01|0.108|0.005|0.101|0.027|0.048|0.031|0.055|0.142
202406|41|28110|46110000|2811000000|인천|성남시|인계동|역삼1동|APT8263|힐스테이트|3874|2|3|0.048|0.036|0.067|0.065|0.072|0.038|0.103|0.128|0.003|0.052|0.001|0.122|0.193|0.028|0.043
202406|44|42110|11110000|1117000000|경기|강남구|역삼동|서초1동|APT7517|푸르지오|16599|1|2|0.119|0.025|0.284|0.042|0.08|0.026|0.022|0.021|0.063|0.036|0.017|0.036|0.084|0.063|0.082
202406|11|26140|43110000|4211000000|부산|강남구|역삼동|역삼1동|APT2026|자이|2001|1|5|0.081|0.001|0.017|0.281|0.091|0.095|0.008|0.07|0.006|0.068|0.054|0.03|0.056|0.106|0.035
202406|46|42110|42110000|2711000000|인천|서초구|인계동|서초1동|APT8578|푸르지오|11886|2|4|0.134|0.045|0.072|0.039|0.087|0.008|0.023|0.009|0.024|0.027|0.019|0.035|0.368|0.102|0.007
202406|26|28110|44130000|2711000000|인천|성남시|역삼동|역삼1동|APT2798|힐스테이트|8273|1|4|0.135|0.001|0.087|0.15|0.009|0.004|0.06|0.223|0.029|0.025|0.041|0.046|0.01|0.173|0.008
202406|26|43110|11110000|4311000000|서울|서초구|인계동|역삼1동|APT8857|래미안|4129|2|3|0.166|0.015|0.047|0.002|0.013|0.098|0.149|0.014|0.036|0.087|0.208|0.039|0.02|0.09|0.016
202406|41|41110|42110000|1117000000|경기|서초구|서초동|역삼1동|APT8220|힐스테이트|2873|1|5|0.073|0.126|0.211|0.048|0.022|0.054|0.048|0.036|0.12|0.019|0.033|0.049|0.085|0.058|0.018
202406|44|28110|11140000|1114000000|부산|성남시|역삼동|역삼1동|APT4407|자이|9356|2|3|0.039|0.035|0.127|0.034|0.119|0.048|0.183|0.036|0.063|0.11|0.03|0.065|0.034|0.065|0.01
202406|27|11170|28110000|4115000000|경기|성남시|서초동|역삼1동|APT6358|힐스테이트|17867|2|5|0.004|0.072|0.118|0.059|0.001|0.253|0.019|0.015|0.055|0.127|0.158|0.032|0.059|0.011|0.016
202406|11|46110|41150000|2611000000|경기|서초구|서초동|서초1동|APT3007|자이|15164|x|3|0.056|0.093|0.076|0.079|0.036|0.029|0.174|0.026|0.149|0.075|0.018|0.012|0.027|0.032|0.117
202406|44|47110|47110000|1114000000|부산|강남구|인계동|역삼1동|APT1946|푸르지오|8283|2|3|0.131|0.114|0.044|0.02|0.124|0.011|0.002|0.083|0.012|0.001|0.105|0.059|0.011|0.09|0.192
202406|43|41110|11110000|2711000000|부산|성남시|역삼동|역삼1동|APT7802|래미안|11278|2|2|0.01|0.187|0.149|0.049|0.017|0.044|0.012|0.03|0.001|0.023|0.076|0.296|0.023|0.043|0.039
202406|44|41110|11170000|4211000000|경기|서초구|서초동|역삼1동|APT1721|푸르지오|3799|1|3|0.033|0.079|0.02|0.016|0.02|0.015|0.06|0.153|0.014|0.13|0.104|0.111|0.05|0.086|0.109
202406|41|47110|44130000|4211000000|부산|성남시|역삼동|서초1동|APT5051|푸르지오|13188|2|6|0.051|0.027|0.004|0.043|0.045|0.055|0.089|0.056|0.178|0.002|0.04|0.05|0.246|0.108|0.005
202406|11|41150|43110000|4211000000|경기|강남구|인계동|역삼1동|APT4453|푸르지오|18295|1|3|0.059|0.076|0.01|0.061|0.226|0.024|0.058|0.008|0.054|0.011|0.062|0.037|0.024|0.082|0.21
202406|47|46110|27110000|2614000000|서울|성남시|인계동|서초1동|APT7201|푸르지오|9244|2|3|0.024|0.052|0.04|0.014|0.127|0.031|0.046|0.26|0.167|0.039|0.034|0.016|0.098|0.038|0.014
202406|27|44130|42110000|4113000000|서울|강남구|서초동|역삼1동|APT3932|푸르지오|16066|1|3|0.008|0.014|0.004|0.214|0.028|0.032|0.152|0.043|0.174|0.038|0.015|0.101|0.155|0.015|0.005
202406|45|27110|47110000|2611000000|경기|서초구|서초동|역삼1동|APT7363|푸르지오|10233|2|4|0.053|0.004|0.037|0.031|0.002|0.028|0.07|0.005|0.025|0.197|0.003|0.094|0.056|0.192|0.203
202406|41|45110|27110000|1120000000|부산|수원시|인계동|서초1동|APT9817|푸르지오|19898|1|5|0.054|0.102|0.096|0.042|0.075|0.139|0.139|0.003|0.001|0.047|0.029|0.049|0.033|0.062|0.127
202406|45|11140|42110000|1111000000|서울|성남시|서초동|서초1동|APT3146|래미안|11469|2|3|0.012|0.04|0.018|0.011|0.01|0.033|0.048|0.011|0.021|0.137|0.124|0.03|0.103|0.19|0.21
202406|47|43110|42110000|2614000000|서울|서초구|서초동|역삼1동|APT3277|힐스테이트|18276|1|5|0.082|0.063|0.055|0.153|0.283|0.027|0.007|0.038|0.014|0.054|0.021|0.006|0.144|0.009|0.043
202406|44|41150|45110000|4711000000|인천|수원시|인계동|역삼1동|APT2969|자이|2785|2|2|0.163|0.059|0.097|0.023|0.015|0.013|0.07|0.11|0.105|0.031|0.139|0.024|0.076|0.064|0.01
202406|41|44130|47110000|2811000000|인천|성남시|역삼동|역삼1동|APT5850|힐스테이트|8407|1|3|0.008|0.019|0.042|0.057|0.155|0.015|0.066|0.089|0.115|0.115|0.026|0.002|0.153|0.115|0.022
202406|47|47110|28110000|4413000000|인천|강남구|역삼동|역삼1동|APT4742|푸르지오|18147|2|4|0.126|0.056|0.089|0.09|0.144|0.023|0.02|0.135|0.075|0.013|0.018|0.1|0.042|0.022|0.045
202406|46|11200|28110000|4413000000|인천|서초구|역삼동|서초1동|APT1803|힐스테이트|16929|2|6|0.022|0.119|0.186|0.0|0.044|0.036|0.089|0.058|0.014|0.002|0.069|0.224|0.003|0.115|0.02
202406|27|11200|41150000|4115000000|인천|성남시|역삼동|서초1동|APT2881|푸르지오|13925|1|2|0.143|0.037|0.117|0.022|0.095|0.057|0.043|0.018|0.014|0.02|0.052|0.04|0.182|0.157|0.002
202406|27|28110|41150000|4311000000|경기|수원시|인계동|역삼1동|APT7539|푸르지오|19947|1|6|0.118|0.087|0.189|0.006|0.131|0.062|0.047|0.105|0.003|0.012|0.021|0.029|0.04|0.028|0.123
202406|11|26110|26110000|2711000000|인천|서초구|역삼동|역삼1동|APT6142|자이|18819|2|5|0.069|0.082|0.007|0.035|0.057|0.008|0.026|0.093|0.175|0.191|0.048|0.112|0.006|0.038|0.055
202406|47|26140|28110000|4611000000|부산|서초구|역삼동|역삼1동|APT3754|래미안|11040|x|6|0.056|0.053|0.12|0.038|0.006|0.085|0.085|0.034|0.024|0.028|0.003|0.232|0.055|0.029|0.152
202406|45|45110|44130000|4311000000|서울|성남시|서초동|서초1동|APT6161|푸르지오|12910|1|3|0.001|0.09|0.134|0.033|0.014|0.042|0.142|0.144|0.019|0.037|0.1|0.006|0.108|0.038|0.092
202406|46|41150|11170000|4511000000|서울|강남구|역삼동|역삼1동|APT6789|자이|14934|2|5|0.012|0.031|0.153|0.128|0.034|0.09|0.162|0.067|0.029|0.029|0.033|0.161|0.009|0.01|0.051
202406|45|43110|28110000|1117000000|부산|성남시|역삼동|서초1동|APT6933|래미안|15438|1|3|0.028|0.011|0.202|0.043|0.034|0.263|0.036|0.022|0.017|0.051|0.063|0.028|0.118|0.045|0.038
202406|26|11140|47110000|4511000000|인천|성남시|서초동|역삼1동|APT2167|자이|7385|2|5|0.226|0.006|0.124|0.063|0.044|0.068|0.043|0.022|0.01|0.008|0.172|0.028|0.026|0.075|0.084
202406|11|11140|41150000|4211000000|인천|성남시|서초동|서초1동|APT8465|힐스테이트|6139|1|3|0.035|0.027|0.274|0.092|0.022|0.047|0.166|0.12|0.024|0.005|0.009|0.017|0.064|0.049|0.049
202406|41|46110|11200000|2614000000|경기|성남시|서초동|서초1동|APT9101|힐스테이트|3576|2|3|0.017|0.153|0.066|0.052|0.036|0.033|0.083|0.145|0.175|0.003|0.015|0.148|0.017|0.001|0.055
202406|44|44130|27110000|1117000000|인천|수원시|역삼동|역삼1동|APT5353|푸르지오|18644|1|6|0.037|0.039|0.088|0.037|0.012|0.151|0.041|0.013|0.093|0.008|0.068|0.067|0.12|0.115|0.113
202406|45|44130|11110000|2711000000|경기|서초구|서초동|서초1동|APT5097|푸르지오|12308|2|4|0.009|0.034|0.223|0.013|0.046|0.036|0.004|0.057|0.076|0.004|0.02|0.244|0.021|0.139|0.072
202406|27|26140|45110000|2711000000|경기|서초구|서초동|역삼1동|APT1777|자이|17999|2|3|0.167|0.019|0.017|0.044|0.147|0.012|0.173|0.054|0.005|0.004|0.1|0.152|0.023|0.03|0.053
202406|46|41130|41130000|4211000000|경기|강남구|서초동|서초1동|APT8925|래미안|18375|2|3|0.019|0.187|0.013|0.021|0.012|0.002|0.011|0.085|0.056|0.012|0.253|0.113|0.095|0.01|0.11
202406|26|46110|26140000|4413000000|부산|서초구|인계동|서초1동|APT5130|푸르지오|4000|2|4|0.034|0.006|0.009|0.008|0.053|0.119|0.074|0.156|0.001|0.118|0.121|0.046|0.01|0.036|0.21
202406|41|26140|43110000|4413000000|서울|수원시|서초동|서초1동|APT9142|힐스테이트|9405|2|6|0.097|0.031|0.354|0.007|0.009|0.093|0.059|0.029|0.001|0.004|0.014|0.114|0.115|0.065|0.009
202406|46|41150|11200000|2614000000|서울|성남시|역삼동|역삼1동|APT3258|힐스테이트|10597|1|5|0.069|0.018|0.092|0.061|0.045|0.141|0.068|0.012|0.021|0.098|0.023|0.038|0.003|0.254|0.058
202406|27|28110|11200000|4711000000|경기|강남구|역삼동|서초1동|APT2148|래미안|17452|x|4|0.099|0.057|0.1|0.001|0.041|0.049|0.085|0.008|0.039|0.306|0.038|0.001|0.134|0.002|0.038
202406|44|41130|42110000|4413000000|경기|서초구|역삼동|서초1동|APT9891|힐스테이트|5948|1|4|0.049|0.008|0.167|0.095|0.019|0.091|0.051|0.085|0.082|0.007|0.014|0.005|0.214|0.063|0.05
202406|44|28110|28110000|1111000000|인천|수원시|인계동|서초1동|APT2489|힐스테이트|10222|1|3|0.159|0.162|0.067|0.093|0.024|0.086|0.004|0.003|0.051|0.094|0.054|0.045|0.005|0.138|0.014
202406|27|28110|11110000|2614000000|경기|강남구|인계동|서초1동|APT3577|자이|5350|1|2|0.047|0.015|0.042|0.058|0.03|0.015|0.107|0.042|0.102|0.008|0.05|0.095|0.068|0.099|0.223
202406|27|26110|44130000|1120000000|경기|수원시|역삼동|서초1동|APT3693|푸르지오|9864|1|6|0.187|0.017|0.048|0.013|0.041|0.169|0.158|0.031|0.077|0.015|0.0|0.036|0.055|0.144|0.007
202406|46|43110|46110000|4611000000|인천|성남시|서초동|역삼1동|APT8934|힐스테이트|19793|1|3|0.086|0.003|0.001|0.145|0.034|0.006|0.145|0.027|0.084|0.0|0.075|0.057|0.041|0.169|0.126
202406|42|45110|11170000|4113000000|인천|성남시|인계동|역삼1동|APT2804|힐스테이트|18785|2|2|0.045|0.099|0.008|0.049|0.085|0.123|0.022|0.011|0.064|0.227|0.224|0.003|0.02|0.001|0.018
202406|43|41110|11200000|1114000000|서울|수원시|서초동|서초1동|APT1825|힐스테이트|7031|2|4|0.113|0.015|0.071|0.078|0.3|0.049|0.044|0.02|0.001|0.069|0.077|0.092|0.01|0.05|0.009
202406|43|26140|26140000|1117000000|인천|서초구|인계동|역삼1동|APT7351|래미안|7258|1|4|0.086|0.12|0.046|0.001|0.125|0.037|0.122|0.066|0.091|0.032|0.001|0.025|0.063|0.075|0.109
202406|42|11170|45110000|4611000000|경기|수원시|인계동|역삼1동|APT8619|자이|7864|2|4|0.016|0.057|0.045|0.044|0.016|0.051|0.001|0.0|0.357|0.05|0.064|0.11|0.101|0.06|0.026
202406|41|41110|26140000|4111000000|경기|성남시|서초동|역삼1동|APT9921|힐스테이트|14389|1|3|0.003|0.008|0.056|0.021|0.162|0.018|0.095|0.049|0.076|0.305|0.032|0.02|0.129|0.013|0.013
202406|27|11110|41150000|4211000000|서울|강남구|역삼동|역삼1동|APT6295|푸르지오|17995|1|5|0.035|0.179|0.194|0.057|0.058|0.041|0.005|0.147|0.011|0.078|0.009|0.005|0.0|0.012|0.169
202406|45|41150|46110000|2711000000|인천|수원시|역삼동|역삼1동|APT9443|힐스테이트|19617|1|2|0.041|0.063|0.096|0.003|0.095|0.005|0.197|0.014|0.231|0.013|0.037|0.021|0.016|0.118|0.048
202406|46|45110|11110000|4211000000|인천|수원시|역삼동|서초1동|APT1437|자이|3142|1|3|0.114|0.188|0.013|0.043|0.12|0.001|0.024|0.04|0.012|0.055|0.225|0.037|0.108|0.013|0.009
202406|43|26140|11200000|2611000000|부산|서초구|서초동|역삼1동|APT7257|푸르지오|6155|2|6|0.162|0.025|0.02|0.034|0.076|0.03|0.061|0.077|0.1|0.091|0.158|0.007|0.04|0.006|0.113
202406|41|41150|43110000|2614000000|인천|서초구|역삼동|역삼1동|APT5753|힐스테이트|17303|2|3|0.139|0.114|0.096|0.017|0.09|0.055|0.051|0.18|0.042|0.107|0.035|0.021|0.014|0.002|0.038
202406|43|26110|26110000|2811000000|인천|강남구|인계동|역삼1동|APT8320|힐스테이트|4378|1|5|0.088|0.216|0.021|0.062|0.022|0.145|0.035|0.065|0.012|0.092|0.042|0.152|0.016|0.001|0.031
202406|44|11170|46110000|1111000000|서울|서초구|역삼동|서초1동|APT9422|자이|18445|2|5|0.001|0.067|0.096|0.016|0.068|0.279|0.019|0.003|0.013|0.187|0.078|0.029|0.1|0.028|0.016
202406|27|42110|11110000|1120000000|인천|성남시|인계동|서초1동|APT7329|자이|4458|1|5|0.107|0.132|0.017|0.015|0.021|0.142|0.017|0.05|0.025|0.069|0.026|0.12|0.0|0.051|0.206
202406|26|11140|27110000|2611000000|인천|성남시|인계동|역삼1동|APT2145|힐스테이트|18142|1|3|0.148|0.078|0.081|0.111|0.068|0.01|0.096|0.02|0.046|0.027|0.003|0.033|0.059|0.066|0.154
202406|42|41130|11170000|4311000000|서울|강남구|서초동|역삼1동|APT6190|푸르지오|17838|1|3|0.012|0.057|0.081|0.017|0.06|0.094|0.016|0.162|0.015|0.232|0.106|0.0|0.054|0.033|0.06
202406|45|11170|41130000|4115000000|부산|서초구|역삼동|서초1동|APT9462|푸르지오|7336|2|5|0.043|0.028|0.159|0.027|0.111|0.09|0.019|0.063|0.012|0.007|0.026|0.007|0.349|0.046|0.014
202406|43|11110|26140000|4611000000|인천|성남시|서초동|서초1동|APT3498|래미안|15664|2|3|0.013|0.108|0.141|0.12|0.003|0.014|0.096|0.053|0.088|0.101|0.053|0.002|0.053|0.048|0.109
202406|43|47110|11140000|4511000000|서울|성남시|인계동|역삼1동|APT3301|자이|19885|2|5|0.015|0.1|0.017|0.163|0.05|0.129|0.02|0.089|0.151|0.025|0.168|0.013|0.005|0.046|0.008
202406|26|11200|44130000|4113000000|인천|성남시|서초동|역삼1동|APT6134|자이|14745|1|5|0.105|0.043|0.007|0.039|0.146|0.007|0.021|0.163|0.035|0.086|0.036|0.029|0.18|0.085|0.016
202406|44|11140|26110000|4211000000|서울|강남구|인계동|역삼1동|APT8959|자이|3904|2|4|0.065|0.197|0.033|0.095|0.011|0.039|0.03|0.061|0.124|0.027|0.048|0.004|0.053|0.104|0.107
202406|45|11170|27110000|4413000000|서울|서초구|인계동|역삼1동|APT7604|래미안|10081|1|3|0.259|0.108|0.022|0.211|0.037|0.053|0.033|0.067|0.018|0.008|0.012|0.088|0.033|0.038|0.012
202406|42|43110|11140000|2614000000|인천|수원시|서초동|역삼1동|APT6571|래미안|13608|2|6|0.005|0.18|0.033|0.044|0.014|0.059|0.12|0.029|0.051|0.01|0.152|0.131|0.045|0.03|0.097
202406|27|41130|44130000|2811000000|인천|서초구|인계동|서초1동|APT8520|래미안|7784|x|3|0.024|0.036|0.167|0.066|0.166|0.011|0.019|0.032|0.004|0.057|0.145|0.014|0.084|0.169|0.005
202406|11|47110|11140000|4611000000|경기|강남구|인계동|역삼1동|APT3013|자이|4751|2|3|0.09|0.018|0.091|0.238|0.002|0.04|0.113|0.123|0.004|0.035|0.014|0.012|0.086|0.12|0.014
202406|41|27110|42110000|4413000000|인천|강남구|서초동|역삼1동|APT7518|푸르지오|19123|1|6|0.017|0.038|0.01|0.044|0.056|0.072|0.206|0.002|0.088|0.094|0.027|0.069|0.008|0.009|0.26
202406|26|11140|41130000|4115000000|부산|강남구|인계동|서초1동|APT9964|자이|11106|1|3|0.196|0.037|0.095|0.075|0.013|0.046|0.028|0.048|0.138|0.033|0.052|0.054|0.044|0.059|0.081
202406|41|26140|27110000|1114000000|인천|성남시|서초동|서초1동|APT8080|자이|5887|1|6|0.044|0.143|0.003|0.077|0.009|0.001|0.098|0.121|0.055|0.071|0.17|0.058|0.032|0.023|0.096
202406|11|45110|41150000|4111000000|서울|수원시|역삼동|역삼1동|APT4148|자이|5480|1|5|0.019|0.018|0.06|0.152|0.003|0.032|0.055|0.016|0.037|0.042|0.271|0.211|0.013|0.023|0.048
202406|44|11140|26110000|4111000000|인천|강남구|인계동|역삼1동|APT6708|힐스테이트|4121|2|2|0.011|0.047|0.01|0.007|0.123|0.03|0.065|0.015|0.009|0.212|0.023|0.092|0.108|0.04|0.208
202406|27|45110|28110000|2811000000|인천|성남시|서초동|서초1동|APT2247|푸르지오|6479|2|4|0.076|0.112|0.022|0.038|0.031|0.105|0.046|0.018|0.058|0.028|0.134|0.06|0.049|0.039|0.183
202406|47|11170|46110000|4113000000|서울|성남시|서초동|서초1동|APT8865|래미안|11422|x|3|0.07|0.148|0.072|0.078|0.037|0.204|0.015|0.006|0.047|0.103|0.016|0.011|0.009|0.107|0.079
202406|43|41110|45110000|2811000000|경기|수원시|서초동|서초1동|APT1743|푸르지오|2642|1|5|0.011|0.085|0.101|0.123|0.026|0.021|0.107|0.02|0.102|0.163|0.2|0.016|0.022|0.0|0.003
202406|46|27110|44130000|4311000000|부산|서초구|역삼동|역삼1동|APT7738|푸르지오|3296|2|6|0.03|0.06|0.058|0.028|0.02|0.032|0.11|0.19|0.016|0.015|0.274|0.091|0.01|0.029|0.036
202406|46|41110|11170000|4711000000|부산|서초구|인계동|서초1동|APT5453|푸르지오|9077|2|6|0.023|0.062|0.003|0.245|0.058|0.118|0.13|0.006|0.011|0.06|0.048|0.014|0.058|0.128|0.035
202406|44|26140|44130000|4611000000|경기|수원시|인계동|서초1동|APT9900|자이|3111|1|5|0.127|0.254|0.071|0.119|0.091|0.024|0.082|0.036|0.028|0.037|0.013|0.021|0.066|0.024|0.008
202406|27|41110|26140000|4111000000|경기|수원시|서초동|서초1동|APT5595|자이|4578|1|4|0.142|0.076|0.089|0.101|0.021|0.029|0.033|0.066|0.081|0.06|0.072|0.028|0.127|0.027|0.049
202406|42|41110|26110000|4111000000|경기|서초구|역삼동|역삼1동|APT8929|자이|19922|1|3|0.001|0.11|0.12|0.016|0.303|0.0|0.005|0.025|0.023|0.022|0.053|0.029|0.127|0.148|0.018
202406|41|11140|11110000|1117000000|부산|수원시|서초동|서초1동|APT6952|푸르지오|5162|1|6|0.052|0.197|0.006|0.011|0.021|0.076|0.211|0.018|0.092|0.007|0.102|0.119|0.028|0.056|0.004
202406|27|41130|11140000|4113000000|경기|강남구|역삼동|역삼1동|APT5481|래미안|3988|1|3|0.205|0.066|0.025|0.019|0.03|0.033|0.166|0.074|0.111|0.118|0.053|0.025|0.048|0.021|0.005
202406|42|28110|47110000|1120000000|인천|서초구|서초동|역삼1동|APT7015|푸르지오|6457|2|3|0.116|0.009|0.076|0.11|0.083|0.05|0.056|0.053|0.078|0.033|0.039|0.078|0.107|0.027|0.086
202406|45|11110|11200000|1117000000|부산|수원시|서초동|역삼1동|APT9488|래미안|13481|2|3|0.038|0.101|0.0|0.023|0.036|0.201|0.082|0.05|0.122|0.046|0.003|0.055|0.023|0.054|0.167
202406|41|27110|26110000|4111000000|부산|강남구|인계동|서초1동|APT9543|힐스테이트|13072|1|6|0.017|0.089|0.212|0.026|0.109|0.128|0.059|0.016|0.027|0.041|0.027|0.083|0.163|0.002|0.0
202406|46|44130|11110000|1111000000|서울|성남시|역삼동|역삼1동|APT6185|자이|18566|1|5|0.073|0.014|0.24|0.138|0.021|0.02|0.032|0.036|0.082|0.173|0.07|0.022|0.029|0.039|0.011
202406|11|27110|42110000|4311000000|인천|수원시|서초동|서초1동|APT9215|자이|12018|1|6|0.006|0.003|0.074|0.166|0.016|0.015|0.216|0.01|0.083|0.142|0.132|0.01|0.012|0.095|0.02
202406|26|42110|28110000|4611000000|부산|성남시|서초동|역삼1동|APT4027|푸르지오|6691|1|4|0.013|0.191|0.059|0.025|0.079|0.1|0.073|0.057|0.08|0.0|0.041|0.001|0.201|0.021|0.06
202406|26|11110|11200000|4113000000|서울|강남구|인계동|역삼1동|APT2855|푸르지오|7954|2|5|0.039|0.128|0.005|0.026|0.13|0.045|0.031|0.013|0.125|0.029|0.099|0.072|0.025|0.064|0.168
202406|45|45110|47110000|1111000000|인천|수원시|인계동|서초1동|APT5583|힐스테이트|17742|2|4|0.01|0.018|0.127|0.077|0.137|0.034|0.077|0.031|0.025|0.027|0.132|0.124|0.063|0.105|0.012
202406|46|26140|46110000|4115000000|서울|성남시|역삼동|역삼1동|APT5952|래미안|4568|2|5|0.0|0.068|0.25|0.067|0.034|0.034|0.019|0.122|0.063|0.017|0.152|0.012|0.014|0.046|0.103
202406|27|26110|47110000|2711000000|부산|서초구|인계동|서초1동|APT9412|힐스테이트|12514|1|5|0.046|0.092|0.07|0.122|0.039|0.028|0.099|0.003|0.02|0.038|0.084|0.139|0.005|0.037|0.179
202406|45|11170|11200000|4311000000|부산|서초구|역삼동|서초1동|APT3568|래미안|10231|1|6|0.001|0.015|0.004|0.047|0.001|0.098|0.067|0.03|0.026|0.019|0.186|0.347|0.017|0.066|0.075
202406|43|41110|11170000|1111000000|인천|성남시|서초동|서초1동|APT1341|래미안|19049|2|5|0.097|0.035|0.01|0.13|0.181|0.098|0.133|0.034|0.007|0.036|0.011|0.022|0.033|0.117|0.057
202406|26|41150|45110000|2611000000|경기|강남구|인계동|서초1동|APT2864|래미안|2159|2|2|0.015|0.08|0.058|0.165|0.022|0.022|0.089|0.039|0.334|0.004|0.01|0.086|0.05|0.024|0.004
202406|26|45110|43110000|2611000000|인천|서초구|서초동|역삼1동|APT2692|힐스테이트|8842|2|4|0.024|0.011|0.187|0.167|0.04|0.073|0.031|0.066|0.059|0.104|0.06|0.097|0.002|0.049|0.031
202406|43|11170|11140000|4611000000|경기|서초구|인계동|역삼1동|APT5790|자이|2495|2|4|0.055|0.035|0.056|0.085|0.059|0.048|0.085|0.179|0.034|0.149|0.03|0.004|0.076|0.096|0.007
202406|11|11170|26140000|4115000000|부산|서초구|서초동|서초1동|APT7383|래미안|6870|1|3|0.229|0.083|0.055|0.015|0.017|0.06|0.19|0.047|0.034|0.054|0.064|0.057|0.009|0.061|0.024
202406|43|27110|11170000|4311000000|인천|수원시|역삼동|서초1동|APT3070|푸르지오|2480|2|2|0.099|0.062|0.103|0.023|0.014|0.074|0.008|0.044|0.031|0.004|0.112|0.135|0.131|0.113|0.047
202406|46|11110|42110000|4611000000|인천|수원시|서초동|역삼1동|APT1704|자이|19966|2|3|0.027|0.003|0.005|0.008|0.113|0.167|0.041|0.051|0.127|0.094|0.088|0.008|0.048|0.041|0.179
202406|11|41110|27110000|4211000000|인천|수원시|인계동|역삼1동|APT4881|힐스테이트|9343|1|3|0.057|0.024|0.066|0.234|0.062|0.034|0.007|0.063|0.103|0.126|0.008|0.046|0.087|0.082|0.001
202406|41|41150|27110000|2611000000|서울|성남시|역삼동|서초1동|APT3178|자이|15544|1|3|0.026|0.036|0.212|0.159|0.088|0.003|0.04|0.016|0.014|0.032|0.087|0.081|0.124|0.08|0.004
202406|41|46110|41110000|4113000000|경기|성남시|역삼동|서초1동|APT2799|자이|6790|2|3|0.17|0.072|0.198|0.01|0.034|0.081|0.04|0.048|0.07|0.023|0.095|0.044|0.11|0.003|0.001
202406|44|46110|27110000|4113000000|서울|강남구|서초동|서초1동|APT7947|푸르지오|14291|2|3|0.008|0.061|0.018|0.047|0.056|0.045|0.085|0.129|0.012|0.074|0.027|0.175|0.122|0.07|0.07
202406|43|26140|43110000|1114000000|부산|성남시|서초동|서초1동|APT8986|푸르지오|12380|2|3|0.06|0.003|0.156|0.018|0.065|0.144|0.146|0.009|0.102|0.104|0.003|0.039|0.031|0.019|0.099
202406|45|41150|11170000|1111000000|경기|서초구|서초동|역삼1동|APT3408|래미안|5254|1|2|0.067|0.001|0.038|0.2|0.14|0.101|0.025|0.127|0.02|0.072|0.004|0.03|0.053|0.013|0.11
202406|43|45110|26140000|1117000000|경기|강남구|서초동|역삼1동|APT4999|푸르지오|17266|1|5|0.023|0.01|0.153|0.074|0.008|0.191|0.013|0.005|0.087|0.104|0.194|0.016|0.034|0.012|0.075
202406|42|41150|41130000|1117000000|인천|성남시|인계동|역삼1동|APT9135|래미안|16520|1|5|0.076|0.061|0.172|0.136|0.004|0.059|0.072|0.022|0.003|0.12|0.024|0.016|0.162|0.065|0.008
202406|11|42110|11200000|4611000000|경기|서초구|서초동|역삼1동|APT3127|래미안|5728|1|5|0.001|0.033|0.041|0.01|0.137|0.071|0.004|0.213|0.032|0.096|0.012|0.006|0.088|0.233|0.023
202406|46|41150|26140000|2811000000|부산|강남구|서초동|역삼1동|APT8251|힐스테이트|8667|x|5|0.001|0.032|0.133|0.037|0.059|0.003|0.169|0.095|0.1|0.013|0.036|0.176|0.095|0.05|0.001
202406|42|44130|47110000|4413000000|부산|성남시|역삼동|서초1동|APT5976|힐스테이트|10106|1|6|0.009|0.049|0.119|0.032|0.019|0.044|0.007|0.031|0.025|0.219|0.027|0.006|0.04|0.024|0.349
202406|26|11140|26140000|1120000000|인천|성남시|역삼동|서초1동|APT6972|자이|19104|1|6|0.072|0.095|0.083|0.042|0.03|0.034|0.02|0.046|0.092|0.057|0.001|0.08|0.036|0.157|0.154
202406|41|26110|26140000|1111000000|서울|수원시|인계동|역삼1동|APT5096|힐스테이트|7832|2|2|0.013|0.007|0.019|0.135|0.014|0.098|0.049|0.059|0.057|0.211|0.053|0.061|0.145|0.031|0.047
202406|45|11140|26140000|1114000000|인천|성남시|역삼동|역삼1동|APT8748|래미안|17905|2|3|0.019|0.086|0.034|0.021|0.042|0.101|0.109|0.048|0.133|0.02|0.067|0.117|0.027|0.138|0.039
202406|27|47110|11140000|4311000000|경기|수원시|서초동|역삼1동|APT8717|래미안|15608|1|3|0.037|0.079|0.087|0.061|0.06|0.012|0.3|0.058|0.017|0.056|0.003|0.023|0.082|0.022|0.102
202406|27|11110|46110000|4111000000|경기|성남시|인계동|서초1동|APT3744|자이|12213|1|3|0.146|0.032|0.045|0.012|0.13|0.003|0.004|0.122|0.039|0.056|0.198|0.002|0.034|0.081|0.094
202406|44|46110|28110000|1117000000|인천|서초구|인계동|역삼1동|APT4181|래미안|16167|1|5|0.061|0.073|0.081|0.138|0.061|0.044|0.038|0.04|0.115|0.124|0.066|0.021|0.055|0.031|0.053
202406|46|11200|44130000|4711000000|서울|강남구|역삼동|서초1동|APT5018|푸르지오|17132|x|3|0.013|0.009|0.037|0.013|0.057|0.155|0.223|0.099|0.07|0.078|0.039|0.02|0.043|0.125|0.019
202406|46|11170|28110000|4311000000|부산|수원시|역삼동|서초1동|APT9251|푸르지오|5977|2|5|0.0|0.156|0.076|0.029|0.126|0.153|0.013|0.003|0.075|0.006|0.016|0.046|0.021|0.016|0.262
202406|44|11110|11110000|2811000000|부산|서초구|역삼동|서초1동|APT2627|푸르지오|15674|2|5|0.007|0.179|0.013|0.066|0.03|0.177|0.009|0.066|0.012|0.087|0.137|0.031|0.063|0.078|0.045
202406|45|42110|41130000|1117000000|서울|서초구|서초동|서초1동|APT5934|자이|7745|1|3|0.003|0.103|0.102|0.021|0.103|0.146|0.013|0.007|0.033|0.032|0.168|0.1|0.089|0.078|0.003
202406|45|41130|26110000|1117000000|경기|서초구|인계동|서초1동|APT5604|래미안|2674|2|5|0.081|0.02|0.09|0.03|0.001|0.066|0.177|0.038|0.031|0.109|0.138|0.018|0.031|0.048|0.122
202406|42|26110|28110000|4711000000|경기|강남구|서초동|역삼1동|APT2876|힐스테이트|14768|1|3|0.058|0.061|0.048|0.042|0.009|0.008|0.083|0.155|0.047|0.005|0.174|0.038|0.019|0.119|0.134
202406|41|46110|28110000|4311000000|인천|수원시|역삼동|역삼1동|APT4039|래미안|13079|2|6|0.072|0.006|0.013|0.099|0.077|0.074|0.222|0.032|0.045|0.024|0.082|0.026|0.017|0.195|0.017
202406|43|41130|27110000|2811000000|경기|성남시|인계동|역삼1동|APT1572|자이|14484|1|3|0.284|0.084|0.089|0.031|0.026|0.043|0.043|0.038|0.023|0.001|0.014|0.06|0.039|0.096|0.128
202406|41|44130|44130000|1117000000|부산|수원시|역삼동|서초1동|APT1432|힐스테이트|10961|x|5|0.009|0.012|0.014|0.134|0.003|0.083|0.024|0.051|0.125|0.25|0.005|0.04|0.009|0.128|0.111
202406|27|41130|42110000|4611000000|서울|성남시|서초동|서초1동|APT8512|래미안|9086|2|5|0.017|0.068|0.013|0.092|0.202|0.013|0.04|0.035|0.19|0.103|0.096|0.005|0.036|0.051|0.04
202406|46|41150|41150000|2614000000|인천|서초구|서초동|역삼1동|APT2015|푸르지오|6852|1|6|0.128|0.013|0.046|0.006|0.112|0.038|0.02|0.095|0.133|0.099|0.007|0.073|0.042|0.051|0.137
202406|47|26110|26110000|4311000000|경기|성남시|서초동|역삼1동|APT8143|자이|7965|1|6|0.028|0.29|0.079|0.052|0.007|0.105|0.005|0.038|0.03|0.003|0.058|0.048|0.2|0.015|0.042
202406|42|45110|41130000|4711000000|서울|수원시|서초동|역삼1동|APT1567|자이|11769|1|6|0.19|0.14|0.113|0.001|0.046|0.117|0.043|0.023|0.138|0.029|0.024|0.004|0.042|0.005|0.086
202406|44|42110|42110000|4113000000|부산|강남구|역삼동|역삼1동|APT3644|래미안|14028|1|3|0.031|0.005|0.099|0.003|0.027|0.067|0.002|0.027|0.107|0.029|0.025|0.09|0.29|0.089|0.108
202406|41|43110|43110000|1114000000|경기|수원시|역삼동|서초1동|APT4294|힐스테이트|3104|x|6|0.02|0.018|0.145|0.072|0.07|0.113|0.001|0.089|0.145|0.089|0.035|0.135|0.007|0.024|0.038
202406|47|47110|11110000|4111000000|서울|서초구|역삼동|역삼1동|APT8932|힐스테이트|6067|1|4|0.034|0.025|0.038|0.067|0.213|0.035|0.018|0.054|0.057|0.077|0.068|0.163|0.041|0.047|0.063
202406|47|42110|26140000|4711000000|부산|수원시|인계동|역삼1동|APT4757|푸르지오|13912|2|6|0.233|0.016|0.089|0.032|0.013|0.088|0.066|0.022|0.061|0.015|0.042|0.045|0.065|0.15|0.063
202406|26|28110|28110000|4511000000|인천|강남구|역삼동|서초1동|APT1557|자이|19573|2|6|0.091|0.052|0.106|0.069|0.039|0.01|0.015|0.145|0.024|0.013|0.04|0.101|0.15|0.016|0.127
202406|11|11200|28110000|1120000000|부산|강남구|인계동|역삼1동|APT1368|힐스테이트|6159|2|3|0.02|0.009|0.182|0.101|0.011|0.018|0.129|0.15|0.053|0.041|0.087|0.102|0.077|0.014|0.006
202406|46|11110|47110000|4311000000|인천|수원시|역삼동|역삼1동|APT1731|힐스테이트|11142|1|4|0.128|0.099|0.037|0.045|0.052|0.077|0.189|0.044|0.079|0.068|0.031|0.09|0.05|0.005|0.005
202406|11|42110|47110000|4211000000|서울|서초구|인계동|역삼1동|APT3335|힐스테이트|8304|2|4|0.034|0.051|0.011|0.187|0.086|0.016|0.003|0.005|0.054|0.025|0.08|0.047|0.336|0.062|0.002
202406|41|44130|41110000|2614000000|서울|수원시|인계동|서초1동|APT7146|힐스테이트|7012|x|3|0.075|0.012|0.098|0.106|0.004|0.027|0.008|0.122|0.004|0.063|0.055|0.044|0.048|0.092|0.241
202406|43|41130|44130000|2614000000|경기|성남시|인계동|역삼1동|APT5105|힐스테이트|4382|2|5|0.026|0.117|0.176|0.022|0.011|0.081|0.033|0.038|0.076|0.028|0.047|0.174|0.115|0.038|0.019
202406|41|11110|26140000|4111000000|부산|강남구|서초동|서초1동|APT7172|힐스테이트|13105|2|3|0.14|0.002|0.119|0.069|0.044|0.14|0.069|0.05|0.07|0.127|0.007|0.04|0.075|0.004|0.043
202406|26|11170|11140000|1117000000|부산|강남구|역삼동|역삼1동|APT8489|푸르지오|12630|x|4|0.012|0.084|0.089|0.028|0.162|0.001|0.123|0.246|0.111|0.072|0.0|0.016|0.021|0.011|0.024
202406|43|41130|11140000|4211000000|서울|서초구|인계동|역삼1동|APT1462|힐스테이트|17487|2|4|0.246|0.033|0.077|0.026|0.039|0.082|0.105|0.006|0.089|0.022|0.084|0.019|0.031|0.021|0.121
202406|47|27110|44130000|1120000000|부산|서초구|서초동|역삼1동|APT3717|자이|17376|1|5|0.004|0.059|0.003|0.064|0.059|0.142|0.144|0.03|0.182|0.004|0.013|0.208|0.016|0.07|0.001
202406|11|41150|46110000|4113000000|부산|서초구|인계동|서초1동|APT4084|푸르지오|8516|1|5|0.008|0.026|0.019|0.206|0.153|0.025|0.046|0.02|0.024|0.05|0.118|0.024|0.011|0.248|0.022
202406|45|11170|46110000|4511000000|부산|서초구|인계동|역삼1동|APT3751|푸르지오|4887|2|5|0.148|0.093|0.022|0.098|0.013|0.179|0.008|0.038|0.029|0.057|0.127|0.075|0.062|0.003|0.046
202406|47|45110|11140000|2614000000|부산|수원시|서초동|역삼1동|APT9213|힐스테이트|11382|2|4|0.175|0.096|0.022|0.003|0.149|0.011|0.095|0.104|0.022|0.041|0.089|0.014|0.132|0.01|0.037
202406|45|11200|11140000|2711000000|경기|수원시|서초동|서초1동|APT1407|자이|10464|1|6|0.016|0.031|0.019|0.105|0.103|0.014|0.117|0.059|0.032|0.201|0.078|0.086|0.048|0.075|0.016
202406|26|43110|43110000|1120000000|경기|수원시|서초동|역삼1동|APT2624|푸르지오|14204|1|3|0.072|0.032|0.147|0.072|0.03|0.135|0.003|0.012|0.023|0.007|0.071|0.009|0.162|0.191|0.036
202406|42|43110|26110000|1111000000|인천|서초구|역삼동|역삼1동|APT3799|푸르지오|3562|2|5|0.028|0.019|0.006|0.049|0.074|0.002|0.007|0.248|0.005|0.032|0.018|0.192|0.191|0.13|0.0
202406|45|26140|44130000|1120000000|서울|성남시|역삼동|역삼1동|APT2084|힐스테이트|8503|1|3|0.105|0.005|0.076|0.086|0.157|0.005|0.111|0.046|0.048|0.031|0.013|0.121|0.175|0.008|0.016
202406|26|44130|11110000|4711000000|인천|수원시|역삼동|서초1동|APT1725|푸르지오|5011|2|6|0.049|0.014|0.237|0.007|0.109|0.004|0.004|0.021|0.048|0.064|0.05|0.017|0.151|0.093|0.133
202406|47|11140|43110000|2711000000|부산|성남시|인계동|역삼1동|APT9489|푸르지오|17922|1|5|0.007|0.09|0.057|0.022|0.064|0.172|0.02|0.115|0.05|0.017|0.1|0.042|0.169|0.032|0.043
202406|47|47110|41150000|1111000000|부산|수원시|인계동|서초1동|APT9512|자이|3746|2|3|0.02|0.082|0.038|0.166|0.002|0.02|0.124|0.022|0.039|0.212|0.07|0.026|0.083|0.074|0.024
202406|27|26140|43110000|4511000000|인천|수원시|서초동|서초1동|APT9650|자이|18383|1|6|0.189|0.041|0.01|0.083|0.091|0.094|0.047|0.042|0.017|0.02|0.024|0.12|0.047|0.119|0.055
202406|43|42110|45110000|4611000000|서울|서초구|인계동|서초1동|APT2273|래미안|5932|2|6|0.039|0.03|0.089|0.004|0.006|0.033|0.118|0.181|0.002|0.257|0.043|0.002|0.089|0.091|0.017
202406|26|27110|41150000|4311000000|서울|수원시|역삼동|서초1동|APT4715|힐스테이트|12964|1|3|0.097|0.028|0.043|0.019|0.01|0.004|0.072|0.053|0.398|0.018|0.001|0.017|0.007|0.009|0.224
202406|47|26140|45110000|4115000000|부산|강남구|역삼동|역삼1동|APT7057|래미안|13206|2|5|0.078|0.018|0.134|0.105|0.068|0.05|0.134|0.041|0.002|0.115|0.009|0.112|0.009|0.091|0.035
202406|26|41110|11200000|4111000000|서울|서초구|서초동|역삼1동|APT3840|자이|9546|1|6|0.033|0.023|0.017|0.105|0.029|0.001|0.105|0.134|0.115|0.009|0.053|0.076|0.236|0.057|0.006
202406|46|11170|47110000|2711000000|인천|성남시|역삼동|역삼1동|APT2655|힐스테이트|18512|2|4|0.015|0.016|0.017|0.151|0.046|0.108|0.269|0.063|0.004|0.038|0.011|0.054|0.024|0.144|0.039
202406|47|46110|46110000|1114000000|서울|수원시|역삼동|서초1동|APT9123|힐스테이트|13760|2|2|0.113|0.236|0.027|0.115|0.01|0.004|0.05|0.059|0.072|0.05|0.076|0.072|0.073|0.016|0.027
202406|44|41150|43110000|2811000000|부산|성남시|역삼동|서초1동|APT2117|래미안|12851|1|3|0.021|0.024|0.05|0.057|0.03|0.051|0.283|0.06|0.073|0.005|0.003|0.056|0.109|0.122|0.056
202406|26|41110|41150000|4711000000|서울|수원시|서초동|서초1동|APT7758|자이|17817|1|6|0.042|0.151|0.085|0.026|0.201|0.099|0.075|0.01|0.005|0.017|0.109|0.004|0.029|0.107|0.042
202406|27|46110|41130000|2711000000|경기|성남시|역삼동|역삼1동|APT3345|푸르지오|8883|1|6|0.165|0.024|0.02|0.001|0.012|0.005|0.145|0.076|0.031|0.08|0.204|0.048|0.132|0.05|0.007
202406|47|41130|28110000|1111000000|경기|서초구|서초동|역삼1동|APT2768|힐스테이트|17447|2|6|0.058|0.022|0.076|0.046|0.036|0.017|0.125|0.114|0.009|0.03|0.05|0.014|0.008|0.015|0.38
202406|43|43110|43110000|1111000000|경기|수원시|인계동|서초1동|APT1143|힐스테이트|6227|2|5|0.021|0.003|0.088|0.082|0.013|0.119|0.124|0.043|0.14|0.027|0.058|0.028|0.025|0.002|0.228
202406|11|26110|41110000|2811000000|경기|강남구|서초동|서초1동|APT9314|힐스테이트|10130|x|6|0.023|0.008|0.023|0.133|0.001|0.022|0.094|0.136|0.009|0.087|0.072|0.167|0.069|0.065|0.09
202406|44|26140|11140000|2611000000|서울|수원시|역삼동|역삼1동|APT5215|래미안|12746|2|5|0.025|0.082|0.044|0.106|0.02|0.135|0.037|0.011|0.084|0.006|0.193|0.147|0.072|0.001|0.037
202406|42|11170|26110000|4211000000|인천|수원시|역삼동|역삼1동|APT3059|푸르지오|7112|1|5|0.09|0.048|0.002|0.093|0.037|0.019|0.183|0.021|0.058|0.22|0.035|0.029|0.015|0.019|0.132
202406|44|27110|41110000|4311000000|경기|수원시|서초동|서초1동|APT3453|푸르지오|6434|1|3|0.002|0.017|0.014|0.044|0.002|0.147|0.093|0.05|0.104|0.016|0.053|0.054|0.231|0.168|0.005
202406|27|42110|11200000|2614000000|인천|서초구|역삼동|서초1동|APT2040|자이|6441|2|6|0.086|0.012|0.149|0.001|0.012|0.08|0.064|0.003|0.025|0.07|0.118|0.188|0.132|0.049|0.011
202406|44|26110|41110000|4711000000|인천|성남시|서초동|역삼1동|APT5211|힐스테이트|18066|x|3|0.007|0.139|0.026|0.047|0.002|0.076|0.009|0.021|0.032|0.012|0.332|0.043|0.061|0.123|0.07
202406|42|27110|42110000|2711000000|서울|강남구|서초동|서초1동|APT6955|힐스테이트|6440|1|4|0.074|0.298|0.117|0.027|0.093|0.008|0.081|0.0|0.058|0.003|0.038|0.002|0.018|0.102|0.082
202406|27|41130|46110000|4111000000|경기|성남시|인계동|역삼1동|APT7380|힐스테이트|19765|2|3|0.013|0.021|0.071|0.022|0.086|0.156|0.235|0.007|0.03|0.115|0.021|0.041|0.121|0.006|0.054
202406|47|41110|41130000|2611000000|서울|서초구|역삼동|역삼1동|APT9305|힐스테이트|10884|1|4|0.034|0.175|0.046|0.091|0.029|0.067|0.189|0.004|0.025|0.029|0.173|0.005|0.012|0.11|0.012
202406|41|44130|45110000|4111000000|인천|수원시|인계동|서초1동|APT7497|자이|7425|2|2|0.009|0.029|0.203|0.0|0.04|0.022|0.063|0.014|0.032|0.054|0.023|0.301|0.085|0.038|0.086
202406|27|26110|11200000|4511000000|인천|수원시|인계동|역삼1동|APT8175|자이|8936|1|4|0.016|0.107|0.015|0.029|0.043|0.004|0.049|0.053|0.194|0.111|0.012|0.149|0.104|0.013|0.102
202406|47|43110|26110000|4511000000|인천|수원시|역삼동|역삼1동|APT2404|래미안|13320|2|6|0.029|0.041|0.227|0.039|0.111|0.0|0.103|0.03|0.009|0.095|0.006|0.07|0.028|0.009|0.204
202406|42|45110|41150000|2711000000|부산|강남구|서초동|서초1동|APT8372|힐스테이트|11526|2|6|0.018|0.068|0.018|0.097|0.106|0.044|0.008|0.033|0.03|0.045|0.009|0.017|0.013|0.494|0.001
202406|47|11170|43110000|4311000000|경기|수원시|서초동|역삼1동|APT6579|푸르지오|19496|1|2|0.049|0.004|0.042|0.178|0.004|0.048|0.107|0.021|0.082|0.139|0.12|0.001|0.115|0.077|0.011
202406|44|27110|28110000|2611000000|부산|강남구|서초동|역삼1동|APT7409|힐스테이트|17316|1|5|0.225|0.067|0.025|0.023|0.095|0.038|0.12|0.055|0.031|0.068|0.002|0.045|0.028|0.154|0.024
202406|44|41110|47110000|4311000000|경기|성남시|역삼동|서초1동|APT7646|푸르지오|3898|1|6|0.013|0.074|0.138|0.043|0.032|0.253|0.05|0.098|0.082|0.002|0.003|0.051|0.04|0.079|0.043
202406|42|46110|43110000|2611000000|인천|서초구|인계동|서초1동|APT7076|래미안|10723|2|2|0.117|0.068|0.004|0.017|0.061|0.076|0.006|0.06|0.021|0.099|0.022|0.036|0.179|0.112|0.122
202406|42|41150|45110000|4115000000|인천|성남시|역삼동|서초1동|APT2622|힐스테이트|18702|1|6|0.008|0.011|0.12|0.108|0.009|0.015|0.091|0.107|0.231|0.033|0.004|0.019|0.061|0.007|0.176
202406|42|42110|41110000|4211000000|서울|성남시|서초동|서초1동|APT3526|래미안|14178|2|4|0.087|0.06|0.031|0.095|0.037|0.059|0.306|0.016|0.146|0.003|0.001|0.005|0.087|0.056|0.01
202406|43|44130|11140000|4413000000|서울|성남시|서초동|서초1동|APT1476|래미안|15675|2|5|0.094|0.057|0.222|0.016|0.053|0.036|0.113|0.007|0.0|0.032|0.001|0.18|0.034|0.024|0.131
202406|26|41110|46110000|4111000000|경기|성남시|서초동|서초1동|APT7445|푸르지오|19511|1|4|0.063|0.031|0.076|0.175|0.004|0.071|0.008|0.074|0.071|0.002|0.122|0.051|0.085|0.105|0.062
202406|43|45110|44130000|4711000000|경기|성남시|인계동|역삼1동|APT2629|자이|18887|2|4|0.115|0.081|0.052|0.029|0.013|0.088|0.139|0.006|0.003|0.057|0.009|0.096|0.096|0.06|0.156
202406|41|44130|45110000|4413000000|인천|수원시|인계동|서초1동|APT7674|푸르지오|6537|2|6|0.003|0.137|0.078|0.095|0.023|0.022|0.009|0.008|0.228|0.115|0.061|0.046|0.014|0.042|0.119
202406|43|41110|11200000|1117000000|경기|성남시|인계동|서초1동|APT6671|푸르지오|6363|1|3|0.051|0.007|0.104|0.104|0.081|0.128|0.045|0.153|0.032|0.003|0.005|0.009|0.051|0.173|0.053
202406|27|11170|41130000|4611000000|서울|강남구|역삼동|서초1동|APT7679|힐스테이트|7470|2|6|0.024|0.087|0.022|0.054|0.08|0.031|0.012|0.067|0.12|0.2|0.125|0.077|0.043|0.041|0.016
202406|11|11170|11110000|2811000000|경기|서초구|서초동|역삼1동|APT7794|자이|16118|1|4|0.037|0.014|0.011|0.194|0.103|0.284|0.047|0.044|0.035|0.016|0.004|0.049|0.026|0.068|0.069
202406|45|42110|47110000|4115000000|서울|수원시|인계동|역삼1동|APT6685|푸르지오|11014|2|5|0.064|0.036|0.085|0.034|0.097|0.07|0.018|0.155|0.178|0.061|0.047|0.006|0.027|0.091|0.031
202406|42|26110|26140000|4611000000|인천|서초구|인계동|서초1동|APT5748|힐스테이트|9790|x|4|0.131|0.045|0.108|0.004|0.079|0.044|0.0|0.038|0.12|0.092|0.009|0.008|0.095|0.114|0.111
202406|11|26110|41110000|1120000000|서울|성남시|인계동|서초1동|APT3811|푸르지오|11430|1|3|0.272|0.059|0.164|0.034|0.12|0.033|0.003|0.075|0.041|0.066|0.037|0.0|0.044|0.006|0.045
202406|45|26140|27110000|4711000000|부산|서초구|역삼동|서초1동|APT1662|래미안|5956|2|5|0.024|0.115|0.068|0.118|0.034|0.003|0.079|0.048|0.005|0.097|0.144|0.068|0.091|0.004|0.102
202406|44|43110|42110000|4511000000|서울|서초구|서초동|역삼1동|APT1157|자이|2534|1|5|0.096|0.136|0.05|0.019|0.091|0.006|0.21|0.007|0.011|0.114|0.003|0.108|0.075|0.034|0.04
202406|46|27110|44130000|2811000000|경기|강남구|서초동|역삼1동|APT6956|자이|10112|1|5|0.049|0.016|0.097|0.049|0.025|0.013|0.088|0.086|0.04|0.202|0.01|0.079|0.037|0.062|0.146
202406|42|41110|11200000|4111000000|서울|수원시|서초동|서초1동|APT3115|푸르지오|12941|x|4|0.034|0.177|0.148|0.019|0.037|0.113|0.01|0.012|0.088|0.072|0.105|0.035|0.034|0.052|0.065
202406|11|27110|26110000|1114000000|부산|강남구|서초동|서초1동|APT3908|래미안|12065|1|6|0.066|0.139|0.018|0.027|0.03|0.11|0.189|0.055|0.069|0.039|0.005|0.053|0.063|0.055|0.081
202406|44|26110|11110000|4611000000|인천|수원시|서초동|역삼1동|APT2497|힐스테이트|13187|1|5|0.009|0.244|0.032|0.035|0.101|0.049|0.181|0.072|0.008|0.026|0.017|0.034|0.088|0.053|0.051
202406|46|28110|26140000|1114000000|인천|수원시|역삼동|서초1동|APT3954|푸르지오|3159|2|4|0.003|0.077|0.102|0.077|0.013|0.067|0.012|0.019|0.04|0.041|0.029|0.027|0.42|0.062|0.012
202406|45|11200|11110000|4211000000|인천|성남시|서초동|역삼1동|APT9938|래미안|9895|1|5|0.127|0.032|0.018|0.081|0.041|0.004|0.004|0.014|0.072|0.221|0.087|0.139|0.04|0.059|0.06
202406|26|26140|11170000|4113000000|부산|수원시|역삼동|역삼1동|APT7427|힐스테이트|18558|1|5|0.159|0.054|0.014|0.019|0.007|0.064|0.055|0.082|0.094|0.01|0.055|0.019|0.06|0.067|0.241
202406|42|41130|11200000|4511000000|서울|성남시|서초동|역삼1동|APT1170|힐스테이트|11506|2|6|0.156|0.108|0.117|0.033|0.055|0.105|0.03|0.008|0.103|0.055|0.0|0.01|0.118|0.097|0.005
202406|42|45110|11170000|1111000000|서울|수원시|역삼동|서초1동|APT2336|자이|18779|1|6|0.006|0.046|0.036|0.064|0.082|0.04|0.096|0.047|0.22|0.078|0.075|0.002|0.102|0.036|0.07
202406|46|26110|44130000|4511000000|인천|강남구|서초동|역삼1동|APT9356|래미안|4894|1|5|0.077|0.029|0.109|0.092|0.08|0.138|0.016|0.054|0.046|0.113|0.017|0.1|0.011|0.082|0.036
202406|45|45110|11110000|1120000000|부산|수원시|서초동|서초1동|APT1791|힐스테이트|5191|x|3|0.029|0.034|0.123|0.049|0.123|0.004|0.018|0.02|0.098|0.158|0.105|0.015|0.011|0.097|0.115
202406|11|11170|46110000|2811000000|부산|성남시|서초동|역삼1동|APT8614|자이|11229|1|4|0.006|0.01|0.029|0.056|0.119|0.02|0.033|0.096|0.023|0.068|0.153|0.139|0.005|0.231|0.015
202406|41|46110|43110000|4111000000|경기|수원시|인계동|역삼1동|APT4095|힐스테이트|2742|1|5|0.045|0.017|0.007|0.043|0.207|0.131|0.093|0.136|0.033|0.104|0.05|0.065|0.025|0.02|0.024
202406|26|46110|47110000|4611000000|서울|성남시|역삼동|역삼1동|APT1363|힐스테이트|2745|2|5|0.018|0.035|0.076|0.013|0.092|0.076|0.136|0.009|0.019|0.144|0.005|0.089|0.238|0.033|0.019
202406|27|43110|45110000|4115000000|경기|수원시|서초동|역삼1동|APT7518|래미안|5262|x|4|0.059|0.091|0.014|0.037|0.054|0.199|0.206|0.019|0.027|0.011|0.021|0.15|0.068|0.006|0.037
202406|45|41110|46110000|1114000000|부산|강남구|서초동|역삼1동|APT1183|힐스테이트|16654|2|2|0.057|0.03|0.129|0.011|0.06|0.053|0.019|0.175|0.061|0.003|0.007|0.113|0.008|0.021|0.254
202406|11|27110|46110000|2611000000|인천|서초구|역삼동|서초1동|APT1662|자이|14849|2|2|0.137|0.151|0.123|0.044|0.011|0.066|0.002|0.014|0.016|0.057|0.021|0.227|0.017|0.049|0.065
202406|26|11170|43110000|2614000000|인천|성남시|인계동|역삼1동|APT4093|힐스테이트|10390|2|4|0.007|0.172|0.025|0.018|0.016|0.025|0.074|0.014|0.137|0.075|0.184|0.067|0.037|0.007|0.142
202406|45|45110|11200000|2611000000|서울|강남구|인계동|역삼1동|APT7024|힐스테이트|8605|2|3|0.11|0.078|0.084|0.071|0.083|0.023|0.098|0.248|0.056|0.053|0.037|0.019|0.016|0.011|0.012
202406|41|26110|11200000|2711000000|서울|강남구|인계동|역삼1동|APT2773|푸르지오|13704|1|5|0.002|0.118|0.156|0.214|0.041|0.048|0.079|0.035|0.036|0.024|0.051|0.037|0.118|0.004|0.035
202406|42|26110|41130000|4413000000|인천|강남구|역삼동|서초1동|APT2736|자이|16543|1|4|0.073|0.015|0.097|0.02|0.043|0.149|0.038|0.016|0.075|0.015|0.019|0.173|0.093|0.06|0.114
202406|27|11170|11200000|4111000000|인천|서초구|역삼동|역삼1동|APT3640|힐스테이트|16826|x|2|0.132|0.029|0.024|0.04|0.042|0.198|0.015|0.112|0.095|0.005|0.003|0.139|0.037|0.071|0.058
202406|43|41110|46110000|4311000000|서울|강남구|인계동|역삼1동|APT8876|래미안|7341|1|6|0.117|0.154|0.15|0.125|0.0|0.026|0.059|0.01|0.124|0.004|0.007|0.104|0.032|0.006|0.083
202406|47|26140|11110000|2811000000|부산|서초구|서초동|역삼1동|APT9962|힐스테이트|14763|1|6|0.198|0.011|0.037|0.003|0.055|0.095|0.054|0.107|0.114|0.125|0.041|0.04|0.112|0.003|0.004
202406|43|26110|46110000|2711000000|부산|성남시|서초동|서초1동|APT7487|래미안|2141|x|6|0.021|0.011|0.017|0.002|0.186|0.019|0.035|0.003|0.03|0.063|0.343|0.055|0.084|0.058|0.072
202406|47|11200|47110000|4311000000|부산|강남구|인계동|서초1동|APT5425|힐스테이트|15733|2|6|0.082|0.002|0.11|0.023|0.061|0.057|0.132|0.072|0.036|0.069|0.021|0.012|0.262|0.019|0.044
202406|11|11200|26140000|2711000000|부산|서초구|역삼동|역삼1동|APT8463|래미안|11272|x|5|0.054|0.006|0.012|0.024|0.252|0.019|0.029|0.069|0.192|0.03|0.069|0.066|0.108|0.064|0.006
202406|27|43110|26140000|4115000000|부산|성남시|역삼동|역삼1동|APT8810|자이|17066|1|5|0.055|0.037|0.016|0.14|0.113|0.034|0.009|0.054|0.112|0.024|0.089|0.012|0.2|0.01|0.096
202406|26|27110|11140000|4311000000|인천|수원시|역삼동|역삼1동|APT3825|래미안|18367|2|5|0.022|0.146|0.142|0.034|0.09|0.003|0.117|0.049|0.052|0.046|0.008|0.124|0.053|0.06|0.055
202406|42|45110|26110000|4711000000|인천|강남구|인계동|역삼1동|APT7641|래미안|7707|2|2|0.006|0.065|0.034|0.003|0.084|0.14|0.036|0.055|0.097|0.015|0.143|0.075|0.078|0.099|0.07
202406|46|41150|11200000|2711000000|인천|서초구|서초동|역삼1동|APT2431|자이|8969|2|5|0.025|0.058|0.027|0.179|0.029|0.025|0.113|0.07|0.054|0.014|0.083|0.019|0.035|0.227|0.042
202406|43|11170|26110000|2611000000|서울|서초구|서초동|역삼1동|APT4471|자이|2630|1|5|0.059|0.132|0.043|0.016|0.022|0.023|0.078|0.046|0.003|0.052|0.038|0.196|0.181|0.019|0.093
202406|27|41150|11110000|2614000000|경기|수원시|역삼동|서초1동|APT2166|힐스테이트|14039|2|6|0.013|0.031|0.05|0.038|0.01|0.006|0.168|0.054|0.242|0.01|0.022|0.026|0.025|0.275|0.03
202406|27|41150|44130000|4113000000|경기|서초구|인계동|서초1동|APT1073|래미안|7772|2|5|0.052|0.021|0.012|0.074|0.094|0.292|0.027|0.056|0.071|0.053|0.06|0.022|0.049|0.114|0.003
202406|41|11200|11170000|4111000000|인천|수원시|인계동|서초1동|APT9111|푸르지오|19317|1|6|0.003|0.058|0.098|0.119|0.047|0.01|0.129|0.033|0.021|0.193|0.01|0.064|0.066|0.048|0.101
202406|45|41130|45110000|1117000000|경기|서초구|역삼동|서초1동|APT9348|힐스테이트|8972|1|2|0.085|0.093|0.082|0.098|0.034|0.01|0.035|0.047|0.05|0.008|0.057|0.275|0.1|0.022|0.004
202406|41|28110|42110000|4611000000|서울|강남구|서초동|서초1동|APT9937|푸르지오|17896|2|6|0.006|0.024|0.021|0.06|0.048|0.068|0.098|0.104|0.161|0.004|0.283|0.037|0.036|0.024|0.026
202406|11|41150|45110000|2711000000|인천|수원시|인계동|역삼1동|APT9704|자이|10096|2|4|0.067|0.028|0.077|0.045|0.284|0.024|0.003|0.043|0.094|0.063|0.079|0.007|0.137|0.03|0.017
202406|11|28110|11200000|4413000000|경기|강남구|인계동|서초1동|APT5555|래미안|8564|1|3|0.02|0.049|0.072|0.004|0.234|0.201|0.046|0.025|0.065|0.056|0.029|0.067|0.031|0.0|0.1
202406|44|47110|46110000|2811000000|부산|서초구|서초동|역삼1동|APT1882|힐스테이트|2859|1|2|0.051|0.076|0.104|0.042|0.025|0.099|0.023|0.165|0.145|0.13|0.028|0.011|0.009|0.035|0.057
202406|42|41150|28110000|2811000000|인천|강남구|서초동|역삼1동|APT2851|래미안|12246|1|2|0.037|0.026|0.016|0.212|0.004|0.029|0.001|0.097|0.162|0.125|0.057|0.019|0.134|0.017|0.064
202406|27|27110|27110000|1120000000|경기|강남구|역삼동|서초1동|APT2480|래미안|9214|1|5|0.029|0.061|0.142|0.047|0.06|0.048|0.008|0.039|0.09|0.009|0.016|0.056|0.164|0.08|0.151
202406|27|41130|42110000|1120000000|인천|성남시|역삼동|서초1동|APT6505|푸르지오|7500|2|4|0.068|0.054|0.013|0.091|0.005|0.076|0.081|0.292|0.052|0.074|0.04|0.013|0.083|0.025|0.033
202406|11|44130|47110000|4311000000|경기|성남시|역삼동|서초1동|APT4141|푸르지오|19965|2|4|0.009|0.067|0.077|0.017|0.054|0.139|0.039|0.012|0.14|0.09|0.011|0.072|0.031|0.2|0.042
202406|11|45110|11110000|4113000000|경기|강남구|역삼동|서초1동|APT4363|자이|6921|2|6|0.19|0.099|0.056|0.014|0.007|0.047|0.021|0.164|0.003|0.127|0.003|0.016|0.03|0.223|0.0
202406|26|42110|27110000|1117000000|서울|성남시|인계동|서초1동|APT1097|래미안|13632|2|2|0.031|0.064|0.031|0.001|0.137|0.241|0.046|0.026|0.01|0.115|0.061|0.022|0.025|0.134|0.055
202406|46|11200|26140000|4113000000|인천|서초구|인계동|역삼1동|APT1651|래미안|9379|2|2|0.094|0.064|0.145|0.099|0.126|0.088|0.092|0.07|0.033|0.037|0.004|0.053|0.015|0.049|0.031
202406|41|41130|43110000|4113000000|서울|수원시|인계동|역삼1동|APT3843|자이|16788|2|5|0.094|0.104|0.149|0.062|0.046|0.059|0.017|0.095|0.004|0.019|0.122|0.016|0.082|0.027|0.105
202406|11|26140|44130000|1114000000|인천|수원시|인계동|역삼1동|APT7417|푸르지오|4658|2|2|0.013|0.025|0.012|0.015|0.014|0.069|0.016|0.093|0.145|0.091|0.117|0.025|0.211|0.044|0.11
202406|44|11170|42110000|4413000000|부산|강남구|인계동|서초1동|APT4008|자이|13416|2|3|0.03|0.038|0.037|0.157|0.299|0.031|0.142|0.04|0.003|0.038|0.006|0.0|0.02|0.131|0.029
202406|42|26110|26110000|2614000000|경기|강남구|서초동|역삼1동|APT6213|힐스테이트|2859|x|5|0.127|0.159|0.002|0.028|0.032|0.131|0.025|0.023|0.11|0.071|0.046|0.015|0.086|0.043|0.101
202406|26|41110|45110000|4113000000|서울|성남시|인계동|역삼1동|APT7521|자이|4484|2|3|0.124|0.016|0.006|0.074|0.174|0.121|0.012|0.017|0.002|0.016|0.021|0.091|0.02|0.072|0.234
202406|45|42110|27110000|2611000000|경기|성남시|역삼동|역삼1동|APT5753|푸르지오|14924|1|3|0.09|0.272|0.025|0.031|0.037|0.06|0.004|0.08|0.096|0.02|0.086|0.016|0.098|0.081|0.004
202406|42|41130|46110000|4611000000|경기|서초구|서초동|역삼1동|APT7600|힐스테이트|19026|x|3|0.038|0.001|0.078|0.08|0.045|0.046|0.03|0.325|0.01|0.025|0.118|0.165|0.002|0.015|0.022
202406|11|11170|26110000|4113000000|경기|강남구|인계동|역삼1동|APT8256|래미안|10019|x|2|0.234|0.037|0.012|0.017|0.141|0.037|0.033|0.099|0.02|0.053|0.116|0.044|0.054|0.038|0.063
202406|46|41110|41110000|2614000000|부산|강남구|역삼동|역삼1동|APT6833|힐스테이트|8045|1|3|0.002|0.034|0.133|0.091|0.01|0.027|0.008|0.012|0.007|0.014|0.035|0.236|0.203|0.074|0.113
202406|41|27110|41130000|1111000000|인천|강남구|인계동|역삼1동|APT9582|힐스테이트|13409|2|5|0.016|0.006|0.039|0.255|0.003|0.267|0.011|0.026|0.031|0.082|0.136|0.012|0.058|0.01|0.048
202406|11|26140|46110000|4413000000|인천|서초구|역삼동|서초1동|APT2080|푸르지오|19192|1|3|0.048|0.052|0.098|0.004|0.12|0.008|0.14|0.053|0.028|0.007|0.032|0.108|0.221|0.071|0.011
202406|45|28110|26140000|1120000000|부산|서초구|인계동|역삼1동|APT6041|자이|10279|1|4|0.116|0.133|0.067|0.153|0.038|0.065|0.023|0.048|0.007|0.011|0.061|0.017|0.056|0.064|0.14
202406|47|28110|26110000|4311000000|경기|성남시|인계동|역삼1동|APT9673|래미안|7526|2|2|0.003|0.115|0.119|0.09|0.014|0.012|0.062|0.035|0.014|0.042|0.125|0.059|0.143|0.158|0.009
202406|27|11200|46110000|4115000000|경기|수원시|역삼동|서초1동|APT6079|래미안|18926|1|4|0.031|0.162|0.128|0.077|0.005|0.033|0.213|0.036|0.082|0.031|0.018|0.016|0.133|0.02|0.013
202406|11|11110|11140000|4311000000|경기|서초구|역삼동|서초1동|APT1023|래미안|3639|1|3|0.021|0.003|0.025|0.083|0.148|0.011|0.022|0.098|0.151|0.029|0.111|0.072|0.047|0.171|0.008
202406|42|47110|43110000|4115000000|부산|서초구|역삼동|역삼1동|APT7832|힐스테이트|18579|2|4|0.071|0.06|0.004|0.024|0.055|0.015|0.209|0.0|0.177|0.016|0.15|0.079|0.011|0.095|0.033
202406|11|11110|43110000|1111000000|서울|서초구|역삼동|역삼1동|APT9840|래미안|7718|2|5|0.038|0.018|0.18|0.103|0.016|0.006|0.106|0.018|0.014|0.061|0.247|0.019|0.06|0.05|0.063
202406|45|11110|47110000|4413000000|부산|서초구|서초동|서초1동|APT8021|푸르지오|6107|2|6|0.017|0.015|0.004|0.061|0.009|0.013|0.056|0.008|0.154|0.132|0.057|0.117|0.099|0.004|0.255
202406|26|11110|44130000|4611000000|부산|강남구|인계동|역삼1동|APT9442|자이|5399|2|6|0.165|0.011|0.003|0.014|0.0|0.053|0.228|0.061|0.021|0.113|0.039|0.128|0.064|0.006|0.093
202406|44|41130|44130000|2711000000|서울|수원시|인계동|역삼1동|APT1235|래미안|16996|2|2|0.033|0.011|0.233|0.013|0.148|0.175|0.078|0.027|0.011|0.089|0.023|0.066|0.025|0.02|0.049
202406|47|45110|45110000|4413000000|경기|성남시|인계동|서초1동|APT6850|힐스테이트|12094|2|4|0.008|0.151|0.146|0.033|0.009|0.129|0.079|0.028|0.003|0.053|0.012|0.001|0.058|0.08|0.21
202406|42|41110|46110000|2811000000|경기|성남시|서초동|역삼1동|APT8044|자이|19334|2|4|0.222|0.043|0.048|0.14|0.075|0.074|0.042|0.013|0.04|0.117|0.026|0.125|0.01|0.0|0.028
202406|42|27110|26140000|4111000000|부산|성남시|인계동|서초1동|APT8352|자이|2660|1|3|0.061|0.071|0.016|0.056|0.152|0.026|0.115|0.062|0.123|0.085|0.048|0.034|0.04|0.067|0.045
202406|27|11200|44130000|2614000000|부산|서초구|인계동|서초1동|APT8708|자이|10419|2|3|0.01|0.07|0.212|0.061|0.21|0.044|0.075|0.015|0.086|0.023|0.003|0.065|0.012|0.059|0.054
202406|47|11200|11170000|4111000000|인천|강남구|인계동|역삼1동|APT6958|푸르지오|14259|2|4|0.11|0.003|0.183|0.028|0.023|0.079|0.018|0.032|0.153|0.039|0.126|0.058|0.001|0.088|0.058
202406|45|11140|26140000|2614000000|서울|강남구|역삼동|서초1동|APT3813|자이|12387|2|2|0.023|0.13|0.019|0.047|0.056|0.157|0.045|0.048|0.002|0.068|0.008|0.054|0.039|0.056|0.248
202406|46|41110|41110000|1117000000|서울|강남구|서초동|서초1동|APT7164|힐스테이트|15434|1|4|0.102|0.112|0.149|0.036|0.01|0.196|0.002|0.094|0.046|0.03|0.013|0.095|0.071|0.021|0.024
202406|27|41110|11170000|2811000000|부산|서초구|역삼동|역삼1동|APT8321|푸르지오|11396|2|6|0.003|0.112|0.014|0.034|0.079|0.111|0.001|0.065|0.171|0.025|0.045|0.035|0.103|0.024|0.177
202406|26|42110|26110000|4611000000|인천|강남구|인계동|역삼1동|APT4488|자이|3754|1|2|0.039|0.012|0.005|0.04|0.25|0.032|0.002|0.069|0.044|0.041|0.039|0.003|0.174|0.187|0.063
202406|47|42110|11110000|4511000000|인천|성남시|역삼동|서초1동|APT7392|힐스테이트|9152|2|6|0.133|0.029|0.169|0.014|0.037|0.059|0.071|0.065|0.074|0.156|0.018|0.044|0.106|0.007|0.02
202406|44|11140|11110000|4211000000|서울|수원시|역삼동|역삼1동|APT7656|푸르지오|5525|1|5|0.092|0.026|0.138|0.087|0.006|0.001|0.034|0.169|0.08|0.032|0.044|0.004|0.055|0.162|0.073
202406|26|42110|41130000|1111000000|서울|수원시|서초동|역삼1동|APT5085|래미안|6889|1|3|0.188|0.02|0.111|0.058|0.135|0.033|0.08|0.001|0.023|0.093|0.061|0.014|0.024|0.135|0.023
202406|27|11170|41110000|4111000000|경기|수원시|역삼동|역삼1동|APT3876|래미안|19842|1|6|0.136|0.004|0.015|0.07|0.064|0.222|0.068|0.063|0.024|0.019|0.011|0.082|0.013|0.044|0.164
202406|43|11200|28110000|4211000000|인천|성남시|서초동|서초1동|APT5317|푸르지오|10468|1|4|0.001|0.039|0.017|0.126|0.022|0.036|0.197|0.099|0.069|0.017|0.047|0.008|0.118|0.048|0.154
202406|41|11110|47110000|4111000000|부산|수원시|역삼동|서초1동|APT9499|푸르지오|2969|2|6|0.102|0.135|0.034|0.046|0.031|0.098|0.141|0.011|0.125|0.014|0.059|0.032|0.027|0.134|0.01
202406|11|41130|42110000|4311000000|서울|서초구|서초동|역삼1동|APT5985|래미안|9829|2|5|0.079|0.047|0.279|0.167|0.023|0.027|0.075|0.013|0.043|0.031|0.033|0.071|0.033|0.052|0.027
202406|26|11200|27110000|4611000000|인천|성남시|역삼동|서초1동|APT7201|힐스테이트|9938|1|4|0.078|0.09|0.008|0.054|0.126|0.033|0.088|0.074|0.002|0.022|0.061|0.253|0.019|0.037|0.055
202406|45|26110|26110000|2811000000|경기|수원시|서초동|서초1동|APT3434|자이|14609|1|5|0.041|0.008|0.036|0.132|0.042|0.063|0.044|0.09|0.132|0.065|0.087|0.013|0.122|0.032|0.092
202406|27|26140|44130000|4113000000|부산|수원시|인계동|서초1동|APT6869|자이|10031|2|2|0.009|0.093|0.048|0.002|0.019|0.007|0.021|0.039|0.308|0.249|0.026|0.059|0.025|0.089|0.008
202406|42|41110|11140000|4413000000|인천|성남시|서초동|역삼1동|APT2354|자이|9219|2|6|0.099|0.085|0.01|0.19|0.037|0.003|0.041|0.001|0.14|0.014|0.029|0.198|0.017|0.021|0.116
202406|47|27110|28110000|4113000000|인천|강남구|서초동|서초1동|APT5050|래미안|10743|2|2|0.009|0.123|0.117|0.028|0.062|0.053|0.165|0.038|0.086|0.126|0.029|0.122|0.002|0.019|0.022
202406|11|46110|41130000|4711000000|인천|성남시|서초동|역삼1동|APT6170|자이|18209|1|3|0.009|0.004|0.022|0.138|0.051|0.098|0.154|0.028|0.156|0.17|0.029|0.005|0.089|0.044|0.003
202406|26|11200|11170000|4611000000|경기|강남구|인계동|서초1동|APT3361|힐스테이트|15421|1|5|0.077|0.075|0.026|0.08|0.02|0.05|0.139|0.031|0.018|0.097|0.296|0.067|0.007|0.003|0.013
202406|47|11170|47110000|2811000000|부산|서초구|역삼동|서초1동|APT7516|자이|17268|2|3|0.15|0.138|0.062|0.041|0.006|0.097|0.01|0.155|0.046|0.005|0.095|0.009|0.092|0.065|0.029
202406|27|42110|27110000|2614000000|경기|서초구|인계동|서초1동|APT2219|래미안|18178|2|4|0.074|0.068|0.066|0.024|0.008|0.005|0.135|0.082|0.181|0.003|0.113|0.068|0.028|0.073|0.071
202406|26|11200|47110000|2711000000|경기|성남시|서초동|역삼1동|APT6096|힐스테이트|9407|1|6|0.074|0.23|0.119|0.015|0.039|0.015|0.166|0.049|0.046|0.08|0.009|0.049|0.005|0.087|0.016
202406|26|44130|26110000|2614000000|경기|수원시|서초동|역삼1동|APT5875|래미안|7759|1|6|0.014|0.029|0.011|0.047|0.032|0.006|0.165|0.076|0.075|0.187|0.001|0.206|0.039|0.107|0.005
202406|46|11200|44130000|4311000000|부산|서초구|역삼동|서초1동|APT5997|자이|8058|2|4|0.033|0.039|0.083|0.002|0.088|0.095|0.138|0.011|0.077|0.213|0.043|0.108|0.01|0.031|0.03
202406|11|41150|44130000|2711000000|서울|수원시|인계동|역삼1동|APT5393|래미안|17272|1|4|0.011|0.055|0.02|0.009|0.022|0.218|0.104|0.083|0.031|0.268|0.026|0.025|0.02|0.053|0.055
202406|46|11170|11140000|4611000000|경기|서초구|역삼동|역삼1동|APT8025|푸르지오|2667|x|6|0.143|0.096|0.067|0.038|0.03|0.038|0.002|0.117|0.01|0.012|0.028|0.019|0.023|0.192|0.185
202406|44|11200|44130000|4113000000|인천|수원시|서초동|서초1동|APT1513|자이|12206|1|6|0.072|0.009|0.032|0.018|0.077|0.12|0.016|0.011|0.183|0.066|0.008|0.087|0.141|0.148|0.013
202406|26|44130|11170000|2811000000|서울|수원시|인계동|역삼1동|APT1733|힐스테이트|7556|2|6|0.017|0.123|0.026|0.005|0.016|0.274|0.146|0.029|0.063|0.071|0.046|0.078|0.053|0.021|0.032
202406|46|45110|46110000|4413000000|인천|성남시|서초동|역삼1동|APT8171|힐스테이트|15331|1|5|0.031|0.021|0.318|0.025|0.038|0.162|0.074|0.008|0.027|0.049|0.011|0.038|0.131|0.029|0.038
202406|11|46110|26110000|4115000000|경기|강남구|역삼동|서초1동|APT5957|푸르지오|7556|1|3|0.029|0.075|0.06|0.224|0.082|0.049|0.04|0.001|0.002|0.096|0.105|0.05|0.063|0.039|0.087
202406|26|26110|26110000|4511000000|서울|강남구|인계동|역삼1동|APT6481|자이|4106|1|4|0.072|0.091|0.092|0.024|0.062|0.063|0.027|0.21|0.005|0.065|0.03|0.115|0.094|0.016|0.035
202406|44|28110|11140000|2611000000|경기|강남구|역삼동|역삼1동|APT6238|힐스테이트|12490|1|4|0.002|0.031|0.152|0.008|0.027|0.069|0.004|0.071|0.295|0.118|0.034|0.023|0.031|0.055|0.079
202406|41|41110|47110000|4711000000|서울|수원시|서초동|역삼1동|APT5478|힐스테이트|5769|2|4|0.002|0.081|0.057|0.026|0.092|0.013|0.023|0.102|0.065|0.013|0.089|0.007|0.265|0.015|0.151
202406|27|41110|11200000|1114000000|부산|성남시|인계동|역삼1동|APT4341|힐스테이트|18781|2|6|0.054|0.338|0.027|0.008|0.012|0.04|0.031|0.033|0.09|0.065|0.115|0.003|0.053|0.014|0.117
202406|41|26110|47110000|4111000000|부산|강남구|인계동|역삼1동|APT2907|자이|5687|2|2|0.389|0.027|0.012|0.045|0.042|0.037|0.004|0.028|0.007|0.021|0.107|0.029|0.067|0.063|0.123
202406|11|11110|11200000|4111000000|서울|성남시|역삼동|서초1동|APT7818|힐스테이트|16580|2|4|0.037|0.089|0.143|0.027|0.046|0.11|0.034|0.006|0.104|0.092|0.019|0.002|0.215|0.037|0.039
202406|43|47110|28110000|4311000000|경기|성남시|인계동|역삼1동|APT1271|힐스테이트|5306|1|5|0.014|0.155|0.063|0.033|0.055|0.02|0.087|0.004|0.156|0.208|0.02|0.021|0.129|0.003|0.033
202406|47|28110|41130000|4113000000|부산|서초구|인계동|서초1동|APT1276|푸르지오|10656|1|6|0.045|0.054|0.055|0.151|0.103|0.158|0.063|0.153|0.059|0.008|0.046|0.06|0.001|0.041|0.004
202406|11|41110|41150000|4413000000|인천|성남시|서초동|서초1동|APT9755|래미안|16914|2|5|0.121|0.057|0.03|0.059|0.016|0.093|0.011|0.018|0.16|0.08|0.042|0.032|0.025|0.098|0.158
202406|42|41130|26110000|4311000000|인천|강남구|인계동|서초1동|APT5575|푸르지오|6407|1|4|0.018|0.042|0.052|0.023|0.199|0.017|0.011|0.055|0.039|0.01|0.101|0.098|0.252|0.011|0.071
202406|44|11110|44130000|4711000000|경기|성남시|역삼동|서초1동|APT1214|힐스테이트|6705|1|3|0.01|0.054|0.097|0.223|0.081|0.079|0.065|0.009|0.155|0.066|0.007|0.011|0.002|0.016|0.128
202406|27|41150|43110000|2614000000|경기|성남시|인계동|서초1동|APT9983|푸르지오|4579|1|4|0.071|0.072|0.106|0.116|0.091|0.008|0.165|0.031|0.094|0.001|0.023|0.029|0.038|0.149|0.005
202406|43|41150|46110000|4211000000|인천|성남시|역삼동|역삼1동|APT8117|자이|18966|1|4|0.015|0.034|0.073|0.31|0.084|0.028|0.043|0.11|0.012|0.006|0.015|0.103|0.082|0.082|0.003
202406|45|11110|46110000|4711000000|경기|서초구|서초동|서초1동|APT3873|힐스테이트|3414|1|4|0.013|0.145|0.057|0.098|0.054|0.022|0.048|0.086|0.139|0.044|0.062|0.111|0.036|0.029|0.057
202406|47|26110|11200000|4711000000|부산|수원시|서초동|서초1동|APT5127|힐스테이트|13144|2|3|0.016|0.051|0.044|0.044|0.011|0.023|0.018|0.02|0.312|0.006|0.067|0.23|0.002|0.066|0.091
202406|47|11200|11140000|4311000000|경기|성남시|서초동|서초1동|APT7255|자이|3217|2|5|0.05|0.011|0.073|0.33|0.049|0.051|0.074|0.163|0.042|0.0|0.055|0.029|0.023|0.009|0.041
202406|11|42110|26110000|1114000000|서울|수원시|인계동|서초1동|APT8311|푸르지오|18068|2|6|0.193|0.147|0.04|0.103|0.029|0.074|0.008|0.058|0.02|0.118|0.004|0.126|0.065|0.011|0.004
202406|44|27110|45110000|4115000000|인천|수원시|서초동|역삼1동|APT1775|힐스테이트|12088|1|5|0.059|0.01|0.021|0.007|0.045|0.007|0.326|0.023|0.079|0.001|0.087|0.024|0.164|0.071|0.076
202406|27|43110|46110000|2711000000|경기|성남시|서초동|역삼1동|APT1537|힐스테이트|10732|1|6|0.007|0.098|0.029|0.069|0.039|0.018|0.054|0.11|0.024|0.218|0.058|0.006|0.033|0.153|0.085
202406|41|44130|26110000|2614000000|서울|성남시|역삼동|서초1동|APT4899|자이|4793|x|5|0.024|0.059|0.038|0.023|0.013|0.086|0.024|0.008|0.087|0.045|0.098|0.214|0.074|0.087|0.122
202406|47|11110|44130000|4211000000|서울|강남구|인계동|서초1동|APT6661|푸르지오|11309|1|3|0.009|0.241|0.009|0.086|0.001|0.01|0.236|0.051|0.039|0.133|0.089|0.007|0.051|0.033|0.004
202406|43|41110|47110000|4511000000|서울|강남구|역삼동|서초1동|APT9297|래미안|10932|x|5|0.088|0.017|0.004|0.07|0.015|0.252|0.012|0.028|0.122|0.119|0.056|0.003|0.085|0.013|0.116
202406|47|42110|41150000|4111000000|인천|강남구|역삼동|역삼1동|APT8966|푸르지오|8138|2|2|0.049|0.001|0.152|0.024|0.114|0.071|0.076|0.123|0.001|0.081|0.062|0.006|0.178|0.007|0.055
202406|44|42110|26140000|4611000000|부산|성남시|역삼동|역삼1동|APT4550|푸르지오|3696|2|5|0.011|0.05|0.019|0.022|0.053|0.066|0.265|0.026|0.008|0.077|0.012|0.076|0.236|0.066|0.013
202406|26|41150|26110000|4115000000|인천|강남구|서초동|역삼1동|APT8169|자이|2339|1|5|0.056|0.048|0.003|0.025|0.069|0.049|0.061|0.086|0.16|0.079|0.103|0.005|0.158|0.065|0.035
202406|41|46110|26140000|4113000000|인천|성남시|인계동|서초1동|APT7545|래미안|5627|2|3|0.012|0.053|0.135|0.046|0.091|0.075|0.086|0.193|0.0|0.009|0.001|0.019|0.097|0.064|0.118
202406|44|28110|42110000|4711000000|부산|성남시|서초동|역삼1동|APT6980|푸르지오|12977|2|2|0.336|0.025|0.004|0.121|0.043|0.07|0.082|0.039|0.025|0.008|0.034|0.058|0.02|0.133|0.003
202406|45|11170|11140000|4111000000|인천|수원시|인계동|역삼1동|APT9449|래미안|18687|1|5|0.027|0.016|0.033|0.04|0.037|0.149|0.002|0.006|0.072|0.025|0.072|0.329|0.013|0.027|0.151
202406|26|41130|46110000|4115000000|부산|수원시|역삼동|역삼1동|APT5358|래미안|3207|1|5|0.007|0.074|0.047|0.015|0.172|0.012|0.216|0.005|0.003|0.069|0.078|0.094|0.075|0.112|0.021
202406|46|26140|43110000|4211000000|경기|서초구|서초동|역삼1동|APT5449|자이|15171|x|4|0.016|0.077|0.068|0.191|0.058|0.12|0.006|0.017|0.02|0.086|0.065|0.022|0.168|0.058|0.028
202406|45|41130|44130000|1117000000|서울|수원시|인계동|역삼1동|APT8451|래미안|10174|1|6|0.085|0.058|0.106|0.018|0.087|0.068|0.006|0.076|0.1|0.002|0.093|0.222|0.032|0.008|0.04
202406|41|41150|44130000|2711000000|부산|서초구|역삼동|서초1동|APT4616|래미안|6378|2|5|0.001|0.037|0.059|0.034|0.052|0.197|0.042|0.008|0.043|0.211|0.157|0.054|0.017|0.025|0.064
202406|42|41150|11200000|2614000000|서울|서초구|역삼동|서초1동|APT1578|힐스테이트|16335|1|4|0.0|0.068|0.03|0.02|0.121|0.051|0.066|0.023|0.136|0.075|0.302|0.056|0.002|0.031|0.02
202406|27|46110|11110000|4111000000|경기|성남시|서초동|역삼1동|APT4482|힐스테이트|14109|2|5|0.001|0.021|0.014|0.034|0.221|0.125|0.027|0.003|0.087|0.125|0.011|0.176|0.11|0.021|0.025
202406|26|11170|42110000|2614000000|부산|서초구|서초동|서초1동|APT5212|푸르지오|18990|2|2|0.052|0.083|0.01|0.037|0.001|0.258|0.006|0.054|0.097|0.073|0.237|0.033|0.046|0.009|0.004
202406|44|11170|41110000|4611000000|인천|강남구|서초동|서초1동|APT9820|자이|19665|2|4|0.102|0.012|0.071|0.092|0.054|0.029|0.015|0.022|0.04|0.039|0.019|0.174|0.152|0.131|0.048
202406|11|26140|47110000|4511000000|서울|성남시|역삼동|서초1동|APT6231|래미안|14404|1|6|0.041|0.011|0.02|0.114|0.011|0.053|0.248|0.018|0.061|0.015|0.108|0.1|0.056|0.12|0.023
202406|11|41150|26140000|4311000000|인천|강남구|인계동|역삼1동|APT2193|힐스테이트|13795|1|6|0.277|0.059|0.123|0.0|0.054|0.001|0.096|0.001|0.102|0.045|0.009|0.07|0.077|0.063|0.025
202406|26|41150|47110000|4413000000|부산|강남구|인계동|역삼1동|APT3815|래미안|5183|2|6|0.072|0.05|0.012|0.042|0.088|0.019|0.048|0.0|0.006|0.099|0.16|0.081|0.083|0.055|0.184
202406|47|11140|27110000|4511000000|경기|서초구|인계동|서초1동|APT7652|힐스테이트|16284|1|4|0.137|0.001|0.036|0.008|0.023|0.167|0.054|0.019|0.031|0.039|0.233|0.032|0.032|0.096|0.094
202406|27|11110|11110000|2711000000|인천|수원시|역삼동|역삼1동|APT2449|힐스테이트|3254|1|4|0.018|0.133|0.042|0.133|0.095|0.027|0.061|0.03|0.072|0.026|0.13|0.092|0.074|0.043|0.024
202406|26|46110|42110000|1111000000|인천|서초구|인계동|역삼1동|APT6175|푸르지오|5818|2|3|0.192|0.117|0.058|0.005|0.003|0.049|0.041|0.087|0.009|0.131|0.021|0.032|0.048|0.066|0.141
202406|26|44130|41150000|4115000000|서울|수원시|역삼동|역삼1동|APT6310|래미안|8453|2|4|0.091|0.049|0.054|0.101|0.074|0.044|0.121|0.109|0.027|0.014|0.058|0.055|0.074|0.083|0.046
202406|11|41110|26140000|2611000000|인천|강남구|서초동|서초1동|APT7825|힐스테이트|4290|1|5|0.008|0.012|0.007|0.049|0.09|0.029|0.129|0.039|0.02|0.007|0.358|0.073|0.048|0.097|0.034
202406|11|28110|41110000|4311000000|서울|성남시|서초동|서초1동|APT9667|자이|11824|1|4|0.001|0.252|0.031|0.136|0.013|0.164|0.001|0.096|0.028|0.019|0.116|0.062|0.022|0.021|0.04
202406|26|27110|27110000|4413000000|인천|성남시|인계동|역삼1동|APT4115|래미안|19223|2|3|0.285|0.123|0.02|0.058|0.034|0.007|0.068|0.039|0.06|0.052|0.039|0.157|0.004|0.006|0.05
202406|27|46110|11140000|2811000000|경기|성남시|서초동|역삼1동|APT2374|힐스테이트|3235|1|4|0.001|0.039|0.064|0.046|0.01|0.024|0.198|0.081|0.116|0.047|0.026|0.078|0.057|0.177|0.035
202406|43|11110|41130000|4115000000|부산|수원시|서초동|역삼1동|APT5048|힐스테이트|5016|2|3|0.029|0.089|0.002|0.072|0.04|0.018|0.06|0.151|0.028|0.288|0.03|0.024|0.058|0.084|0.029
202406|11|26110|26140000|4413000000|인천|서초구|역삼동|서초1동|APT5027|래미안|13048|1|4|0.061|0.142|0.002|0.013|0.012|0.122|0.045|0.03|0.147|0.064|0.067|0.021|0.045|0.154|0.075
202406|26|11110|11170000|1117000000|인천|서초구|인계동|역삼1동|APT7671|자이|17624|1|3|0.044|0.0|0.006|0.1|0.009|0.024|0.079|0.072|0.325|0.094|0.028|0.143|0.001|0.055|0.018
202406|46|11140|27110000|4211000000|인천|서초구|역삼동|서초1동|APT7750|푸르지오|3108|2|6|0.109|0.035|0.005|0.01|0.012|0.006|0.022|0.013|0.133|0.037|0.001|0.045|0.018|0.269|0.285
202406|44|46110|44130000|2811000000|인천|서초구|역삼동|역삼1동|APT2358|푸르지오|14061|1|6|0.05|0.115|0.097|0.157|0.005|0.025|0.053|0.098|0.16|0.083|0.021|0.03|0.037|0.012|0.056
202406|47|26110|11140000|4311000000|경기|수원시|서초동|역삼1동|APT6549|푸르지오|5214|2|3|0.111|0.088|0.013|0.09|0.029|0.051|0.067|0.03|0.106|0.011|0.044|0.014|0.095|0.243|0.008
202406|45|41130|42110000|2614000000|서울|성남시|서초동|역삼1동|APT3167|자이|15769|1|6|0.013|0.007|0.195|0.108|0.01|0.011|0.023|0.083|0.101|0.115|0.068|0.039|0.019|0.017|0.192
202406|46|11110|44130000|4311000000|인천|수원시|인계동|서초1동|APT2675|푸르지오|14207|1|2|0.073|0.076|0.127|0.001|0.024|0.074|0.238|0.027|0.017|0.045|0.079|0.073|0.085|0.0|0.06
202406|46|46110|44130000|4511000000|부산|강남구|역삼동|서초1동|APT6824|래미안|10690|2|4|0.038|0.043|0.044|0.027|0.095|0.042|0.357|0.023|0.048|0.001|0.012|0.07|0.081|0.039|0.079
202406|27|42110|11140000|4113000000|인천|강남구|역삼동|역삼1동|APT6103|푸르지오|8003|x|5|0.006|0.015|0.099|0.029|0.017|0.012|0.069|0.035|0.042|0.041|0.072|0.095|0.166|0.152|0.15
202406|46|26140|46110000|1120000000|인천|강남구|인계동|서초1동|APT6631|자이|16704|2|2|0.017|0.122|0.082|0.007|0.13|0.089|0.015|0.012|0.203|0.082|0.021|0.051|0.007|0.133|0.029
202406|27|41110|41150000|4413000000|인천|서초구|역삼동|서초1동|APT4404|자이|10489|2|3|0.004|0.061|0.105|0.052|0.124|0.181|0.004|0.01|0.284|0.019|0.008|0.001|0.031|0.037|0.081
202406|46|44130|47110000|2614000000|경기|서초구|서초동|역삼1동|APT3881|힐스테이트|17460|2|3|0.029|0.082|0.032|0.073|0.123|0.035|0.012|0.03|0.098|0.043|0.176|0.19|0.011|0.052|0.013
202406|42|42110|11140000|4115000000|경기|성남시|역삼동|서초1동|APT7652|힐스테이트|3258|1|4|0.023|0.075|0.031|0.021|0.186|0.048|0.106|0.011|0.179|0.007|0.024|0.08|0.103|0.045|0.06
202406|44|42110|11170000|1114000000|경기|강남구|인계동|역삼1동|APT2847|래미안|9483|1|5|0.05|0.157|0.046|0.076|0.001|0.041|0.051|0.044|0.163|0.02|0.152|0.072|0.078|0.008|0.042
202406|27|28110|44130000|4511000000|인천|성남시|서초동|역삼1동|APT9866|래미안|3911|x|5|0.05|0.033|0.007|0.036|0.029|0.082|0.124|0.108|0.039|0.02|0.184|0.026|0.005|0.156|0.099
202406|26|47110|26140000|4511000000|경기|수원시|역삼동|역삼1동|APT9398|푸르지오|18756|1|6|0.032|0.054|0.022|0.035|0.04|0.016|0.061|0.036|0.203|0.011|0.014|0.029|0.103|0.031|0.313
202406|45|41150|43110000|4413000000|인천|성남시|인계동|역삼1동|APT8070|푸르지오|12875|1|2|0.011|0.004|0.068|0.164|0.007|0.35|0.006|0.03|0.211|0.02|0.057|0.026|0.023|0.022|0.002
202406|44|11200|11110000|4211000000|인천|강남구|인계동|서초1동|APT6249|래미안|11745|2|3|0.049|0.039|0.011|0.235|0.065|0.004|0.128|0.022|0.052|0.094|0.166|0.029|0.037|0.042|0.028
202406|11|45110|11200000|1120000000|서울|서초구|서초동|서초1동|APT1219|힐스테이트|9963|1|3|0.02|0.015|0.009|0.055|0.233|0.048|0.03|0.108|0.076|0.048|0.102|0.009|0.006|0.153|0.087
202406|47|43110|11140000|4111000000|서울|서초구|서초동|서초1동|APT7299|자이|13694|x|5|0.033|0.014|0.108|0.013|0.021|0.083|0.036|0.089|0.117|0.169|0.118|0.002|0.106|0.058|0.033
202406|46|47110|41150000|4511000000|인천|성남시|역삼동|역삼1동|APT9741|푸르지오|4247|1|3|0.024|0.078|0.077|0.042|0.041|0.123|0.102|0.008|0.019|0.061|0.162|0.052|0.093|0.035|0.083
202406|26|45110|43110000|4113000000|서울|강남구|서초동|역삼1동|APT3912|래미안|15687|2|5|0.007|0.025|0.006|0.048|0.076|0.02|0.018|0.175|0.048|0.075|0.202|0.043|0.035|0.039|0.184
202406|46|41110|42110000|4611000000|인천|강남구|인계동|역삼1동|APT5615|자이|12026|2|3|0.013|0.204|0.071|0.002|0.005|0.039|0.004|0.137|0.192|0.056|0.003|0.137|0.003|0.009|0.126
202406|27|11110|11170000|4413000000|서울|강남구|인계동|서초1동|APT2606|자이|4582|2|2|0.031|0.007|0.014|0.267|0.03|0.054|0.05|0.032|0.068|0.022|0.05|0.18|0.007|0.036|0.151
202406|27|11170|45110000|2811000000|서울|강남구|인계동|역삼1동|APT1266|푸르지오|19255|1|5|0.113|0.071|0.012|0.006|0.204|0.029|0.111|0.017|0.065|0.13|0.049|0.021|0.063|0.067|0.042
202406|43|11140|45110000|4311000000|부산|수원시|역삼동|서초1동|APT6884|래미안|13831|2|5|0.018|0.046|0.104|0.099|0.001|0.057|0.034|0.253|0.101|0.035|0.094|0.037|0.03|0.05|0.041
202406|41|11170|11110000|4511000000|서울|성남시|인계동|역삼1동|APT8436|자이|6384|2|6|0.12|0.047|0.024|0.0|0.005|0.349|0.01|0.068|0.149|0.084|0.017|0.001|0.082|0.02|0.024
202406|45|43110|11170000|4115000000|부산|강남구|서초동|역삼1동|APT8441|자이|18523|2|3|0.01|0.027|0.077|0.05|0.122|0.173|0.081|0.017|0.047|0.056|0.118|0.086|0.007|0.038|0.09
202406|27|28110|26140000|2711000000|서울|성남시|역삼동|서초1동|APT2454|자이|14822|2|2|0.027|0.011|0.003|0.095|0.124|0.1|0.027|0.019|0.038|0.141|0.031|0.206|0.14|0.005|0.033
202406|44|11170|11140000|1114000000|경기|강남구|역삼동|서초1동|APT9656|래미안|11323|2|6|0.045|0.011|0.062|0.06|0.14|0.056|0.111|0.085|0.007|0.01|0.03|0.092|0.016|0.218|0.057
202406|42|42110|47110000|4711000000|경기|강남구|인계동|역삼1동|APT1871|힐스테이트|14765|x|4|0.017|0.006|0.029|0.004|0.248|0.079|0.042|0.005|0.047|0.003|0.007|0.257|0.01|0.177|0.07
202406|26|47110|28110000|4113000000|인천|성남시|서초동|서초1동|APT6556|푸르지오|2137|2|6|0.121|0.192|0.029|0.082|0.011|0.108|0.046|0.017|0.001|0.018|0.165|0.061|0.123|0.014|0.013
202406|27|11140|43110000|1114000000|서울|수원시|인계동|역삼1동|APT4699|자이|9958|1|6|0.131|0.018|0.189|0.103|0.068|0.009|0.069|0.024|0.02|0.018|0.019|0.0|0.045|0.056|0.231
202406|11|26110|47110000|4115000000|인천|수원시|인계동|역삼1동|APT5934|푸르지오|15300|x|2|0.163|0.022|0.02|0.056|0.173|0.077|0.024|0.015|0.107|0.1|0.016|0.133|0.069|0.013|0.009
202406|11|41130|11140000|2614000000|경기|강남구|인계동|역삼1동|APT5633|힐스테이트|4913|1|3|0.002|0.009|0.037|0.019|0.092|0.178|0.113|0.115|0.012|0.05|0.029|0.086|0.022|0.052|0.184
202406|44|11110|46110000|2611000000|부산|수원시|역삼동|역삼1동|APT4050|힐스테이트|4922|x|4|0.011|0.06|0.034|0.006|0.057|0.142|0.09|0.017|0.006|0.004|0.016|0.005|0.173|0.257|0.121
202406|27|43110|42110000|4413000000|경기|강남구|역삼동|서초1동|APT8490|힐스테이트|5211|2|3|0.028|0.065|0.018|0.012|0.032|0.273|0.031|0.076|0.02|0.0|0.074|0.122|0.011|0.085|0.152
202406|41|46110|44130000|4711000000|서울|수원시|서초동|역삼1동|APT1687|자이|12879|1|3|0.146|0.039|0.042|0.049|0.077|0.006|0.031|0.086|0.014|0.01|0.078|0.019|0.124|0.232|0.047
202406|41|41110|41130000|1120000000|서울|서초구|서초동|역삼1동|APT3160|힐스테이트|11659|1|4|0.0|0.006|0.003|0.074|0.108|0.141|0.043|0.017|0.148|0.096|0.214|0.027|0.032|0.042|0.05
202406|41|28110|43110000|4611000000|인천|강남구|역삼동|역삼1동|APT7771|래미안|17364|2|4|0.049|0.004|0.051|0.029|0.209|0.105|0.046|0.094|0.1|0.037|0.025|0.103|0.058|0.053|0.038
202406|45|46110|28110000|4413000000|인천|수원시|인계동|서초1동|APT3935|래미안|13074|2|6|0.029|0.178|0.014|0.097|0.018|0.228|0.0|0.137|0.016|0.094|0.02|0.034|0.062|0.053|0.02
202406|43|28110|26140000|1117000000|서울|수원시|서초동|서초1동|APT2215|힐스테이트|2372|1|5|0.025|0.151|0.122|0.038|0.146|0.182|0.015|0.002|0.055|0.04|0.013|0.02|0.026|0.1|0.065
202406|42|42110|11170000|4115000000|인천|강남구|인계동|서초1동|APT2162|자이|5897|2|6|0.006|0.002|0.006|0.19|0.003|0.198|0.041|0.066|0.185|0.013|0.015|0.058|0.117|0.092|0.01
202406|42|11110|27110000|4211000000|인천|수원시|역삼동|역삼1동|APT9987|자이|2360|1|4|0.035|0.02|0.03|0.006|0.099|0.03|0.171|0.076|0.077|0.031|0.215|0.011|0.187|0.009|0.002
202406|26|11140|28110000|4311000000|서울|서초구|인계동|서초1동|APT3817|자이|13160|2|3|0.057|0.06|0.004|0.164|0.105|0.003|0.074|0.193|0.018|0.126|0.036|0.009|0.006|0.107|0.039
202406|11|41150|28110000|1117000000|경기|성남시|인계동|역삼1동|APT8874|자이|17231|1|4|0.024|0.212|0.064|0.055|0.127|0.073|0.065|0.007|0.168|0.024|0.013|0.027|0.038|0.095|0.011
202406|27|43110|44130000|4211000000|인천|성남시|서초동|서초1동|APT5047|푸르지오|8912|2|4|0.008|0.04|0.04|0.14|0.038|0.119|0.007|0.079|0.02|0.026|0.05|0.01|0.105|0.265|0.053
202406|27|11170|11200000|4611000000|인천|수원시|인계동|역삼1동|APT6199|푸르지오|6531|2|3|0.066|0.18|0.003|0.119|0.017|0.031|0.031|0.0|0.006|0.21|0.01|0.042|0.144|0.027|0.113
202406|27|11110|45110000|1117000000|경기|수원시|서초동|서초1동|APT6242|래미안|10793|2|6|0.025|0.04|0.034|0.051|0.075|0.033|0.098|0.074|0.061|0.214|0.075|0.018|0.049|0.098|0.055
202406|41|44130|47110000|4115000000|경기|수원시|서초동|역삼1동|APT7528|힐스테이트|15331|1|4|0.072|0.089|0.006|0.087|0.034|0.042|0.119|0.214|0.044|0.015|0.04|0.017|0.095|0.075|0.05
202406|41|11110|11200000|2614000000|서울|성남시|역삼동|서초1동|APT6093|래미안|18908|1|3|0.001|0.086|0.095|0.103|0.009|0.068|0.079|0.051|0.018|0.022|0.023|0.013|0.292|0.001|0.138
202406|11|47110|26110000|2611000000|인천|성남시|서초동|역삼1동|APT9305|래미안|19292|2|6|0.183|0.009|0.081|0.036|0.048|0.012|0.124|0.023|0.021|0.129|0.079|0.192|0.016|0.038|0.008
202406|45|11170|11170000|1117000000|서울|성남시|인계동|역삼1동|APT3082|푸르지오|14289|2|6|0.108|0.134|0.057|0.206|0.072|0.073|0.096|0.014|0.03|0.03|0.016|0.066|0.042|0.013|0.043
202406|26|11140|11200000|4111000000|부산|서초구|인계동|역삼1동|APT8848|힐스테이트|9397|2|3|0.021|0.098|0.064|0.084|0.025|0.149|0.141|0.073|0.146|0.016|0.034|0.013|0.055|0.07|0.012
202406|44|11170|43110000|4211000000|경기|성남시|역삼동|서초1동|APT5684|자이|13092|2|5|0.061|0.007|0.176|0.035|0.012|0.212|0.159|0.025|0.023|0.005|0.054|0.077|0.032|0.076|0.048
202406|42|41110|11170000|1117000000|부산|수원시|인계동|서초1동|APT4804|힐스테이트|14564|2|3|0.114|0.034|0.019|0.06|0.022|0.031|0.159|0.009|0.034|0.208|0.003|0.089|0.09|0.081|0.047
202406|47|44130|46110000|2611000000|서울|강남구|인계동|역삼1동|APT8688|힐스테이트|17825|1|5|0.074|0.131|0.011|0.029|0.053|0.109|0.004|0.019|0.001|0.061|0.217|0.031|0.054|0.039|0.168
202406|45|11170|41110000|1120000000|경기|수원시|인계동|역삼1동|APT4463|자이|9722|2|4|0.109|0.022|0.058|0.042|0.101|0.092|0.007|0.039|0.118|0.079|0.003|0.084|0.144|0.098|0.003
202406|42|11110|47110000|1120000000|인천|성남시|역삼동|역삼1동|APT7003|자이|7755|2|3|0.019|0.007|0.009|0.046|0.239|0.093|0.029|0.172|0.082|0.013|0.01|0.043|0.131|0.029|0.077
202406|44|28110|42110000|1114000000|인천|성남시|역삼동|역삼1동|APT9939|힐스테이트|15564|2|3|0.023|0.121|0.204|0.025|0.077|0.012|0.195|0.088|0.013|0.026|0.022|0.071|0.083|0.038|0.003
202406|43|28110|26140000|4113000000|서울|수원시|역삼동|역삼1동|APT3450|래미안|19315|1|5|0.115|0.036|0.018|0.109|0.017|0.075|0.021|0.002|0.122|0.069|0.136|0.045|0.199|0.026|0.01
202406|27|41110|26140000|1120000000|서울|강남구|인계동|역삼1동|APT1476|힐스테이트|2471|2|3|0.036|0.012|0.068|0.243|0.214|0.052|0.101|0.021|0.096|0.033|0.001|0.049|0.008|0.051|0.014
202406|27|11170|11110000|2614000000|경기|서초구|서초동|서초1동|APT9563|힐스테이트|12953|1|5|0.0|0.047|0.043|0.128|0.064|0.031|0.132|0.122|0.106|0.036|0.085|0.004|0.074|0.046|0.083
202406|43|47110|45110000|1111000000|인천|서초구|인계동|역삼1동|APT2000|자이|5930|2|6|0.102|0.041|0.05|0.061|0.048|0.005|0.12|0.009|0.118|0.125|0.024|0.085|0.016|0.015|0.183
202406|45|43110|41110000|4211000000|인천|수원시|인계동|서초1동|APT2412|자이|11687|2|5|0.042|0.163|0.008|0.007|0.128|0.021|0.002|0.016|0.192|0.03|0.092|0.065|0.147|0.029|0.058
202406|41|41130|11200000|4211000000|경기|서초구|인계동|서초1동|APT7810|래미안|8814|2|3|0.071|0.213|0.058|0.041|0.019|0.02|0.025|0.129|0.089|0.018|0.048|0.091|0.039|0.01|0.129
202406|26|26140|11140000|4511000000|부산|수원시|서초동|역삼1동|APT6237|푸르지오|11711|1|5|0.107|0.036|0.064|0.021|0.045|0.068|0.111|0.053|0.121|0.04|0.013|0.183|0.024|0.097|0.018
202406|46|42110|26140000|2811000000|인천|서초구|서초동|서초1동|APT6687|래미안|16291|x|4|0.027|0.033|0.205|0.035|0.062|0.034|0.067|0.035|0.016|0.021|0.069|0.031|0.072|0.283|0.009
202406|47|11200|26110000|4115000000|부산|성남시|서초동|역삼1동|APT1722|푸르지오|2361|1|4|0.032|0.006|0.02|0.013|0.007|0.046|0.017|0.363|0.05|0.119|0.057|0.06|0.048|0.033|0.129
202406|45|46110|26140000|1114000000|부산|수원시|역삼동|서초1동|APT8174|힐스테이트|7007|1|4|0.106|0.173|0.008|0.07|0.032|0.131|0.023|0.043|0.038|0.049|0.066|0.012|0.062|0.046|0.141
202406|44|41150|46110000|1120000000|부산|서초구|서초동|역삼1동|APT2611|푸르지오|3291|x|4|0.001|0.007|0.004|0.062|0.032|0.104|0.02|0.016|0.111|0.14|0.185|0.068|0.235|0.011|0.005
202406|46|46110|28110000|4711000000|부산|서초구|서초동|서초1동|APT7248|자이|4430|x|3|0.006|0.004|0.14|0.101|0.033|0.139|0.094|0.05|0.014|0.034|0.103|0.038|0.027|0.103|0.115
202406|45|41150|11140000|2811000000|경기|수원시|인계동|역삼1동|APT7171|힐스테이트|2794|1|3|0.003|0.089|0.072|0.145|0.088|0.168|0.063|0.008|0.002|0.003|0.043|0.062|0.005|0.146|0.106
202406|46|11200|11200000|4311000000|경기|성남시|인계동|역삼1동|APT3810|힐스테이트|6282|2|3|0.075|0.002|0.015|0.042|0.041|0.068|0.039|0.006|0.196|0.178|0.107|0.004|0.077|0.104|0.045
202406|45|42110|45110000|2611000000|부산|서초구|인계동|서초1동|APT2284|래미안|7117|2|5|0.063|0.092|0.182|0.057|0.024|0.129|0.001|0.075|0.075|0.041|0.004|0.012|0.067|0.003|0.176
202406|43|27110|27110000|4111000000|경기|수원시|역삼동|역삼1동|APT1072|래미안|19272|2|3|0.1|0.053|0.078|0.098|0.026|0.118|0.029|0.06|0.035|0.018|0.11|0.075|0.046|0.047|0.109
202406|46|26110|43110000|2711000000|경기|성남시|역삼동|서초1동|APT7346|래미안|12802|x|4|0.015|0.046|0.026|0.009|0.021|0.005|0.069|0.023|0.138|0.162|0.182|0.039|0.151|0.101|0.012
202406|11|47110|11170000|4111000000|인천|서초구|인계동|역삼1동|APT1070|자이|13268|2|6|0.134|0.012|0.124|0.046|0.16|0.036|0.116|0.002|0.035|0.015|0.022|0.218|0.071|0.006|0.003
202406|41|41150|26140000|1114000000|경기|성남시|서초동|서초1동|APT5633|푸르지오|4762|2|3|0.028|0.05|0.049|0.043|0.025|0.13|0.081|0.038|0.037|0.102|0.033|0.163|0.16|0.009|0.051
202406|41|11170|41150000|2611000000|경기|수원시|서초동|역삼1동|APT9577|힐스테이트|16092|2|3|0.044|0.016|0.12|0.038|0.09|0.067|0.059|0.059|0.08|0.019|0.058|0.064|0.198|0.019|0.069
202406|41|11140|46110000|1120000000|인천|서초구|인계동|서초1동|APT2665|푸르지오|10296|2|2|0.028|0.072|0.067|0.102|0.015|0.11|0.044|0.08|0.112|0.071|0.014|0.161|0.011|0.057|0.057
202406|45|28110|44130000|2711000000|부산|수원시|서초동|역삼1동|APT7530|푸르지오|9685|1|4|0.023|0.066|0.083|0.027|0.228|0.124|0.009|0.047|0.053|0.08|0.016|0.021|0.094|0.064|0.063
202406|43|46110|27110000|4511000000|부산|수원시|인계동|역삼1동|APT4769|푸르지오|18883|2|4|0.078|0.219|0.054|0.042|0.051|0.08|0.11|0.082|0.013|0.006|0.087|0.041|0.008|0.042|0.087
202406|45|41130|47110000|4111000000|인천|성남시|역삼동|역삼1동|APT4645|래미안|7164|2|6|0.046|0.025|0.116|0.061|0.047|0.049|0.008|0.047|0.039|0.065|0.083|0.222|0.052|0.034|0.105
202406|45|11110|41150000|4311000000|부산|강남구|역삼동|서초1동|APT4836|푸르지오|3922|2|6|0.035|0.023|0.129|0.131|0.045|0.048|0.033|0.046|0.065|0.094|0.089|0.025|0.152|0.055|0.028
202406|46|11200|46110000|2614000000|부산|서초구|인계동|역삼1동|APT7023|힐스테이트|6148|2|5|0.023|0.163|0.083|0.018|0.254|0.025|0.024|0.011|0.027|0.148|0.064|0.035|0.053|0.066|0.006
202406|45|27110|47110000|4311000000|경기|수원시|역삼동|역삼1동|APT7319|자이|13122|1|4|0.06|0.013|0.112|0.257|0.019|0.003|0.009|0.101|0.057|0.03|0.155|0.021|0.048|0.067|0.047
202406|26|27110|42110000|2611000000|부산|수원시|인계동|역삼1동|APT1666|래미안|16324|1|2|0.016|0.006|0.031|0.084|0.131|0.011|0.069|0.089|0.106|0.057|0.038|0.201|0.068|0.022|0.072
202406|46|46110|11200000|4113000000|인천|강남구|역삼동|역삼1동|APT7162|자이|15815|2|4|0.078|0.142|0.0|0.171|0.092|0.044|0.019|0.044|0.018|0.003|0.016|0.097|0.052|0.099|0.125
202406|42|11200|45110000|4111000000|경기|강남구|서초동|역삼1동|APT4420|자이|2584|2|6|0.181|0.019|0.048|0.071|0.122|0.056|0.035|0.015|0.008|0.151|0.173|0.034|0.026|0.058|0.002
202406|46|45110|11200000|4115000000|서울|성남시|서초동|서초1동|APT8877|힐스테이트|12087|1|6|0.035|0.014|0.007|0.004|0.051|0.003|0.015|0.07|0.168|0.328|0.198|0.001|0.012|0.009|0.085
202406|47|44130|27110000|1114000000|부산|강남구|서초동|서초1동|APT2737|힐스테이트|8989|1|3|0.029|0.098|0.02|0.065|0.109|0.092|0.004|0.04|0.053|0.122|0.04|0.023|0.197|0.086|0.022
202406|11|26140|42110000|4611000000|부산|수원시|인계동|서초1동|APT8501|푸르지오|7141|1|5|0.111|0.173|0.091|0.017|0.047|0.01|0.1|0.014|0.087|0.019|0.075|0.1|0.015|0.032|0.109
202406|11|28110|28110000|4611000000|서울|서초구|역삼동|서초1동|APT5486|푸르지오|14120|2|6|0.009|0.046|0.047|0.083|0.117|0.209|0.063|0.1|0.108|0.032|0.103|0.009|0.048|0.013|0.013
202406|47|28110|11170000|4211000000|경기|성남시|역삼동|서초1동|APT2098|푸르지오|17939|1|5|0.04|0.045|0.017|0.225|0.032|0.064|0.081|0.04|0.003|0.017|0.151|0.138|0.036|0.071|0.041
202406|27|46110|41110000|4711000000|인천|서초구|서초동|역삼1동|APT7023|래미안|18945|1|5|0.136|0.07|0.02|0.01|0.077|0.02|0.07|0.088|0.182|0.012|0.086|0.095|0.031|0.073|0.028
202406|42|11170|41110000|4611000000|서울|수원시|서초동|서초1동|APT7360|자이|6215|1|6|0.026|0.256|0.078|0.022|0.008|0.049|0.14|0.028|0.019|0.062|0.006|0.111|0.108|0.061|0.026
202406|26|28110|11170000|4511000000|인천|강남구|인계동|서초1동|APT6044|푸르지오|2066|x|6|0.106|0.037|0.077|0.077|0.099|0.199|0.035|0.054|0.014|0.002|0.025|0.049|0.051|0.14|0.036
202406|26|44130|26110000|2811000000|인천|수원시|인계동|역삼1동|APT6205|힐스테이트|5767|2|5|0.175|0.027|0.054|0.005|0.129|0.122|0.108|0.125|0.012|0.018|0.032|0.076|0.006|0.104|0.007
202406|11|45110|11140000|2614000000|인천|성남시|인계동|서초1동|APT4958|푸르지오|11828|1|5|0.086|0.068|0.021|0.008|0.006|0.095|0.261|0.102|0.08|0.004|0.041|0.127|0.033|0.02|0.048
202406|27|28110|44130000|4611000000|서울|수원시|역삼동|역삼1동|APT8536|힐스테이트|7875|1|4|0.03|0.04|0.034|0.131|0.015|0.089|0.048|0.176|0.034|0.111|0.008|0.022|0.008|0.208|0.045
202406|27|27110|41110000|4611000000|경기|수원시|서초동|역삼1동|APT8108|자이|15610|2|4|0.032|0.008|0.234|0.013|0.057|0.029|0.006|0.122|0.1|0.041|0.059|0.141|0.085|0.047|0.027
202406|43|26110|43110000|1114000000|경기|서초구|서초동|서초1동|APT7313|힐스테이트|13078|2|4|0.005|0.173|0.022|0.049|0.02|0.082|0.128|0.001|0.024|0.019|0.178|0.159|0.052|0.003|0.086
202406|47|11110|44130000|4211000000|부산|성남시|인계동|역삼1동|APT1595|힐스테이트|7757|1|2|0.001|0.266|0.159|0.031|0.021|0.074|0.006|0.005|0.027|0.048|0.099|0.054|0.1|0.098|0.009
202406|41|43110|42110000|4311000000|서울|강남구|서초동|서초1동|APT4636|자이|12480|2|5|0.017|0.007|0.062|0.052|0.004|0.064|0.027|0.269|0.047|0.007|0.175|0.011|0.033|0.03|0.195
202406|46|26140|41110000|4211000000|인천|서초구|인계동|역삼1동|APT8853|자이|8053|1|3|0.057|0.053|0.005|0.016|0.177|0.189|0.059|0.013|0.019|0.018|0.0|0.0|0.073|0.226|0.096
202406|46|11110|42110000|4711000000|경기|강남구|인계동|서초1동|APT6047|래미안|16368|x|4|0.002|0.018|0.008|0.099|0.074|0.002|0.028|0.249|0.077|0.054|0.131|0.012|0.121|0.002|0.123
202406|46|11140|46110000|2811000000|부산|강남구|역삼동|역삼1동|APT1878|자이|13051|2|5|0.023|0.029|0.035|0.124|0.145|0.152|0.067|0.053|0.031|0.03|0.085|0.046|0.044|0.053|0.083
202406|11|11200|11200000|1111000000|서울|강남구|역삼동|역삼1동|APT6272|자이|15705|2|6|0.068|0.005|0.168|0.13|0.024|0.174|0.018|0.051|0.119|0.031|0.021|0.02|0.089|0.011|0.071
202406|44|28110|11170000|1111000000|서울|수원시|서초동|서초1동|APT4436|래미안|8863|x|3|0.083|0.078|0.037|0.078|0.014|0.005|0.226|0.037|0.048|0.022|0.015|0.183|0.031|0.05|0.093
202406|43|45110|41130000|4311000000|경기|서초구|인계동|서초1동|APT2050|힐스테이트|7785|2|4|0.135|0.03|0.044|0.085|0.273|0.02|0.015|0.027|0.025|0.041|0.072|0.042|0.013|0.159|0.02
202406|27|11140|41130000|4611000000|경기|성남시|역삼동|역삼1동|APT7875|래미안|9707|1|3|0.048|0.056|0.143|0.1|0.141|0.02|0.073|0.034|0.031|0.081|0.094|0.013|0.052|0.099|0.014
202406|43|27110|44130000|4711000000|부산|서초구|서초동|서초1동|APT6343|래미안|17290|x|2|0.031|0.055|0.0|0.05|0.048|0.029|0.119|0.021|0.045|0.021|0.188|0.21|0.054|0.03|0.098
202406|47|26140|47110000|4113000000|경기|강남구|인계동|역삼1동|APT2468|푸르지오|19729|1|3|0.024|0.159|0.068|0.028|0.005|0.042|0.107|0.099|0.198|0.007|0.012|0.012|0.023|0.208|0.008
202406|11|41150|27110000|2614000000|서울|서초구|역삼동|서초1동|APT3063|힐스테이트|3313|2|4|0.028|0.278|0.076|0.069|0.026|0.108|0.031|0.095|0.009|0.009|0.006|0.12|0.005|0.056|0.085
202406|47|41110|11110000|4211000000|부산|서초구|서초동|서초1동|APT2629|푸르지오|8205|2|5|0.037|0.08|0.103|0.155|0.153|0.004|0.078|0.094|0.012|0.079|0.002|0.024|0.044|0.068|0.067
202406|46|11140|26110000|1117000000|서울|강남구|서초동|역삼1동|APT1719|래미안|16829|2|4|0.0|0.083|0.255|0.084|0.002|0.128|0.002|0.143|0.006|0.045|0.153|0.061|0.007|0.013|0.017
202406|27|47110|41110000|1120000000|서울|성남시|인계동|역삼1동|APT9609|자이|11640|2|2|0.091|0.076|0.018|0.097|0.037|0.027|0.099|0.102|0.014|0.013|0.228|0.047|0.1|0.021|0.03
202406|44|11200|11170000|1111000000|경기|수원시|서초동|서초1동|APT3265|힐스테이트|19548|2|5|0.152|0.032|0.008|0.218|0.061|0.088|0.075|0.031|0.039|0.133|0.014|0.042|0.009|0.062|0.035
202406|41|11110|28110000|4113000000|서울|서초구|서초동|서초1동|APT6886|힐스테이트|13768|2|6|0.021|0.038|0.057|0.029|0.126|0.235|0.076|0.035|0.165|0.024|0.065|0.038|0.031|0.022|0.04
202406|47|42110|11110000|4611000000|경기|서초구|역삼동|서초1동|APT7701|푸르지오|15415|2|5|0.154|0.082|0.016|0.067|0.01|0.008|0.015|0.075|0.04|0.032|0.089|0.065|0.183|0.135|0.03
202406|46|11200|41150000|2811000000|서울|성남시|역삼동|역삼1동|APT2065|래미안|16286|x|6|0.104|0.026|0.061|0.038|0.123|0.016|0.048|0.02|0.08|0.092|0.065|0.109|0.028|0.176|0.014
202406|42|46110|26140000|4113000000|경기|강남구|역삼동|역삼1동|APT4423|래미안|2895|2|3|0.091|0.02|0.064|0.202|0.031|0.039|0.121|0.051|0.091|0.008|0.001|0.141|0.072|0.018|0.05
202406|46|11200|45110000|1111000000|부산|수원시|역삼동|역삼1동|APT4215|래미안|15222|2|6|0.077|0.107|0.057|0.021|0.002|0.027|0.044|0.029|0.12|0.159|0.011|0.055|0.171|0.036|0.086
202406|26|11140|26140000|4511000000|서울|강남구|역삼동|역삼1동|APT6567|자이|7895|1|6|0.076|0.156|0.285|0.003|0.176|0.017|0.028|0.035|0.032|0.086|0.026|0.029|0.036|0.004|0.012
202406|46|26110|27110000|4511000000|부산|서초구|역삼동|역삼1동|APT3505|힐스테이트|8595|1|6|0.015|0.021|0.06|0.092|0.043|0.058|0.054|0.027|0.013|0.234|0.022|0.093|0.206|0.045|0.018
202406|41|26140|41110000|4111000000|서울|성남시|서초동|서초1동|APT8900|힐스테이트|19144|1|3|0.057|0.044|0.069|0.073|0.085|0.004|0.072|0.004|0.02|0.147|0.212|0.015|0.02|0.079|0.098
202406|44|43110|41150000|4111000000|경기|수원시|역삼동|서초1동|APT6951|래미안|19942|1|3|0.016|0.031|0.087|0.045|0.021|0.019|0.067|0.061|0.146|0.003|0.038|0.149|0.005|0.159|0.152
202406|45|11110|11170000|2611000000|인천|성남시|인계동|역삼1동|APT4802|푸르지오|18356|1|4|0.102|0.129|0.221|0.138|0.045|0.015|0.001|0.022|0.07|0.027|0.119|0.038|0.033|0.02|0.021
202406|26|26140|45110000|2611000000|경기|수원시|서초동|서초1동|APT2510|자이|15925|1|6|0.082|0.01|0.029|0.025|0.107|0.06|0.021|0.043|0.063|0.067|0.035|0.374|0.032|0.034|0.018
202406|45|45110|46110000|2811000000|경기|서초구|서초동|서초1동|APT7770|푸르지오|10996|2|4|0.064|0.106|0.084|0.08|0.011|0.058|0.186|0.125|0.148|0.014|0.035|0.015|0.049|0.016|0.01
202406|41|26110|45110000|4111000000|부산|서초구|역삼동|역삼1동|APT5614|푸르지오|3041|1|6|0.138|0.024|0.019|0.039|0.211|0.022|0.332|0.002|0.012|0.011|0.012|0.101|0.048|0.027|0.001
202406|41|28110|27110000|2711000000|경기|수원시|역삼동|서초1동|APT1647|푸르지오|16583|2|6|0.093|0.245|0.034|0.053|0.027|0.003|0.016|0.068|0.031|0.057|0.023|0.244|0.037|0.019|0.049
202406|43|26110|27110000|2711000000|인천|수원시|서초동|서초1동|APT4217|푸르지오|17270|1|4|0.041|0.136|0.059|0.091|0.017|0.038|0.001|0.041|0.158|0.035|0.151|0.006|0.03|0.084|0.111
202406|41|26140|42110000|1114000000|인천|수원시|역삼동|서초1동|APT2167|자이|12758|x|5|0.036|0.001|0.079|0.117|0.031|0.006|0.025|0.027|0.044|0.178|0.116|0.037|0.11|0.016|0.178
202406|27|27110|41110000|2614000000|경기|성남시|인계동|서초1동|APT8945|자이|4162|2|6|0.042|0.139|0.021|0.089|0.114|0.124|0.038|0.111|0.08|0.043|0.059|0.024|0.007|0.011|0.097
202406|47|41110|43110000|4111000000|경기|서초구|서초동|역삼1동|APT1268|자이|12670|2|4|0.156|0.039|0.043|0.031|0.163|0.145|0.04|0.031|0.019|0.039|0.014|0.025|0.029|0.151|0.074
202406|46|27110|45110000|4511000000|서울|성남시|인계동|역삼1동|APT6605|푸르지오|17711|2|4|0.195|0.02|0.203|0.044|0.098|0.072|0.163|0.037|0.058|0.008|0.003|0.001|0.022|0.064|0.012
202406|27|47110|41130000|4311000000|부산|성남시|역삼동|서초1동|APT1972|래미안|18537|2|5|0.119|0.029|0.233|0.08|0.076|0.044|0.036|0.032|0.02|0.054|0.005|0.012|0.163|0.078|0.016
202406|45|26110|26140000|2711000000|부산|성남시|서초동|서초1동|APT2711|래미안|12079|1|3|0.15|0.025|0.04|0.011|0.107|0.11|0.029|0.003|0.13|0.023|0.01|0.097|0.009|0.119|0.138
202406|11|28110|47110000|4413000000|인천|성남시|인계동|서초1동|APT2639|자이|9992|1|4|0.003|0.061|0.107|0.006|0.036|0.035|0.154|0.181|0.141|0.014|0.085|0.012|0.056|0.009|0.1
202406|43|11110|44130000|1114000000|인천|수원시|서초동|역삼1동|APT6578|자이|13874|2|3|0.034|0.041|0.028|0.077|0.219|0.017|0.097|0.092|0.024|0.018|0.028|0.03|0.077|0.142|0.078
202406|26|41130|11140000|1114000000|서울|수원시|인계동|서초1동|APT9943|자이|13245|1|5|0.024|0.044|0.151|0.03|0.064|0.033|0.07|0.227|0.003|0.003|0.01|0.048|0.045|0.111|0.136
202406|44|47110|26110000|4111000000|서울|강남구|서초동|서초1동|APT9268|푸르지오|2604|2|2|0.062|0.217|0.044|0.004|0.019|0.073|0.03|0.064|0.061|0.06|0.06|0.013|0.168|0.091|0.036
202406|45|44130|41150000|1117000000|부산|강남구|인계동|역삼1동|APT4131|자이|18019|1|4|0.05|0.008|0.042|0.144|0.186|0.031|0.098|0.031|0.02|0.021|0.067|0.033|0.034|0.164|0.07
202406|27|41110|11170000|4111000000|경기|서초구|인계동|역삼1동|APT1387|힐스테이트|2520|2|4|0.164|0.135|0.035|0.064|0.002|0.044|0.026|0.248|0.056|0.068|0.093|0.02|0.014|0.031|0.001
202406|41|42110|11200000|1120000000|서울|성남시|역삼동|역삼1동|APT9575|푸르지오|13326|2|5|0.063|0.029|0.082|0.028|0.057|0.018|0.05|0.018|0.04|0.179|0.193|0.191|0.028|0.018|0.007
202406|45|28110|11170000|4611000000|서울|서초구|인계동|서초1동|APT5871|힐스테이트|16262|1|6|0.045|0.017|0.006|0.136|0.035|0.03|0.008|0.329|0.002|0.004|0.1|0.043|0.014|0.221|0.01
202406|27|41150|41130000|4115000000|인천|수원시|역삼동|역삼1동|APT1126|래미안|12591|2|5|0.16|0.129|0.101|0.069|0.006|0.024|0.035|0.121|0.066|0.038|0.002|0.039|0.094|0.087|0.029
202406|46|27110|41110000|1111000000|경기|수원시|인계동|서초1동|APT9337|푸르지오|15871|2|2|0.095|0.103|0.046|0.094|0.093|0.102|0.085|0.059|0.011|0.016|0.13|0.009|0.002|0.112|0.044
202406|47|11110|43110000|4311000000|부산|서초구|인계동|서초1동|APT6771|래미안|11652|1|4|0.012|0.169|0.007|0.068|0.112|0.026|0.095|0.02|0.01|0.187|0.062|0.134|0.042|0.047|0.01
202406|45|47110|27110000|4413000000|서울|성남시|인계동|서초1동|APT6684|푸르지오|13191|2|3|0.025|0.003|0.039|0.051|0.007|0.141|0.075|0.13|0.045|0.158|0.007|0.053|0.121|0.143|0.001
202406|47|46110|44130000|4711000000|경기|서초구|서초동|역삼1동|APT1868|힐스테이트|18056|1|6|0.009|0.15|0.114|0.013|0.01|0.025|0.072|0.068|0.041|0.13|0.037|0.007|0.134|0.02|0.168
202406|46|26110|11170000|4611000000|서울|서초구|역삼동|서초1동|APT3781|힐스테이트|5531|x|6|0.053|0.023|0.033|0.084|0.069|0.023|0.01|0.22|0.09|0.028|0.045|0.0|0.166|0.132|0.025
202406|46|26140|41110000|4711000000|경기|강남구|역삼동|역삼1동|APT1533|자이|3363|x|5|0.008|0.035|0.045|0.07|0.039|0.469|0.08|0.066|0.006|0.01|0.027|0.05|0.055|0.021|0.018
202406|44|41150|26140000|2811000000|서울|수원시|역삼동|역삼1동|APT1370|자이|6994|1|5|0.073|0.066|0.041|0.051|0.041|0.191|0.001|0.065|0.009|0.037|0.0|0.062|0.092|0.218|0.053
202406|42|44130|11170000|2611000000|서울|강남구|인계동|서초1동|APT4529|자이|13557|2|5|0.053|0.063|0.054|0.127|0.069|0.049|0.044|0.094|0.076|0.054|0.027|0.181|0.014|0.081|0.013
202406|47|41130|11140000|4211000000|경기|강남구|서초동|역삼1동|APT6136|푸르지오|19725|1|3|0.141|0.091|0.044|0.006|0.024|0.008|0.067|0.027|0.002|0.465|0.016|0.0|0.046|0.018|0.044
202406|27|26110|43110000|4611000000|인천|강남구|서초동|역삼1동|APT6786|래미안|4555|1|5|0.064|0.055|0.399|0.029|0.037|0.0|0.015|0.016|0.004|0.06|0.068|0.01|0.086|0.076|0.079
202406|44|11110|41130000|4115000000|경기|수원시|인계동|서초1동|APT1251|자이|5131|1|3|0.091|0.03|0.018|0.044|0.012|0.063|0.292|0.02|0.032|0.053|0.131|0.017|0.107|0.02|0.071
202406|11|41150|26140000|1114000000|서울|서초구|서초동|서초1동|APT3338|힐스테이트|5747|1|3|0.022|0.025|0.106|0.184|0.084|0.067|0.015|0.013|0.039|0.003|0.098|0.113|0.046|0.046|0.139
202406|43|11140|41150000|2711000000|인천|수원시|역삼동|서초1동|APT9516|래미안|2326|2|6|0.058|0.05|0.103|0.004|0.146|0.013|0.046|0.137|0.165|0.167|0.048|0.017|0.019|0.004|0.022
202406|46|11200|44130000|2611000000|부산|성남시|인계동|서초1동|APT5191|힐스테이트|2207|1|4|0.059|0.065|0.016|0.061|0.007|0.116|0.018|0.11|0.145|0.042|0.016|0.074|0.181|0.082|0.008
202406|42|27110|11110000|1117000000|경기|강남구|역삼동|역삼1동|APT1539|푸르지오|18001|2|6|0.09|0.012|0.127|0.065|0.026|0.125|0.022|0.072|0.004|0.041|0.062|0.063|0.026|0.017|0.249
202406|44|41110|43110000|1114000000|인천|서초구|인계동|역삼1동|APT1916|푸르지오|9297|1|5|0.123|0.061|0.008|0.038|0.057|0.013|0.013|0.061|0.007|0.016|0.176|0.038|0.137|0.03|0.222
202406|46|11110|11140000|4113000000|서울|강남구|서초동|서초1동|APT5978|래미안|14055|2|6|0.077|0.043|0.133|0.151|0.012|0.043|0.006|0.048|0.05|0.045|0.116|0.013|0.168|0.075|0.018
202406|47|11140|44130000|2811000000|부산|수원시|서초동|서초1동|APT1693|푸르지오|4072|x|4|0.026|0.063|0.008|0.037|0.331|0.02|0.059|0.029|0.113|0.046|0.006|0.047|0.042|0.113|0.062
202406|44|27110|27110000|1117000000|서울|성남시|인계동|서초1동|APT6296|자이|15135|1|2|0.1|0.02|0.058|0.115|0.025|0.044|0.025|0.238|0.024|0.121|0.028|0.008|0.033|0.155|0.007
202406|41|45110|47110000|2711000000|인천|성남시|서초동|서초1동|APT6877|자이|19414|1|3|0.089|0.009|0.081|0.009|0.002|0.041|0.105|0.054|0.046|0.1|0.087|0.003|0.104|0.012|0.258
202406|42|45110|11200000|2614000000|경기|수원시|역삼동|역삼1동|APT2901|푸르지오|7507|2|4|0.166|0.126|0.178|0.041|0.012|0.044|0.081|0.012|0.002|0.083|0.051|0.045|0.002|0.075|0.084
202406|41|27110|11170000|4611000000|경기|강남구|서초동|역삼1동|APT7505|래미안|17853|2|2|0.111|0.003|0.053|0.064|0.027|0.075|0.069|0.191|0.023|0.051|0.004|0.007|0.022|0.173|0.126
202406|46|46110|43110000|4211000000|인천|성남시|인계동|서초1동|APT9722|자이|7647|1|6|0.046|0.043|0.055|0.058|0.021|0.081|0.003|0.029|0.129|0.205|0.006|0.101|0.011|0.024|0.187
202406|46|45110|41150000|2611000000|서울|수원시|서초동|서초1동|APT2791|래미안|7470|x|5|0.048|0.095|0.058|0.02|0.097|0.046|0.01|0.008|0.068|0.002|0.044|0.06|0.013|0.216|0.216
202406|26|44130|26110000|2811000000|인천|수원시|역삼동|서초1동|APT8555|자이|19297|1|4|0.051|0.011|0.027|0.006|0.001|0.007|0.058|0.17|0.016|0.107|0.044|0.177|0.035|0.015|0.275
202406|43|26110|11200000|1117000000|경기|성남시|인계동|서초1동|APT3423|힐스테이트|16601|2|3|0.138|0.109|0.077|0.151|0.027|0.077|0.006|0.03|0.004|0.085|0.034|0.19|0.018|0.033|0.021
202406|41|41150|11110000|4113000000|경기|성남시|서초동|역삼1동|APT4386|푸르지오|11950|2|5|0.009|0.007|0.013|0.056|0.079|0.226|0.033|0.042|0.1|0.148|0.062|0.038|0.054|0.112|0.021
202406|44|26140|46110000|4711000000|인천|강남구|인계동|역삼1동|APT2639|래미안|4963|2|2|0.019|0.044|0.033|0.161|0.005|0.001|0.174|0.173|0.043|0.036|0.001|0.063|0.141|0.019|0.085
202406|41|26140|43110000|1117000000|경기|성남시|서초동|서초1동|APT3991|자이|12950|2|5|0.073|0.28|0.124|0.036|0.012|0.004|0.032|0.032|0.013|0.028|0.07|0.046|0.001|0.175|0.073
202406|42|42110|46110000|4115000000|인천|서초구|인계동|역삼1동|APT8099|힐스테이트|17254|1|2|0.033|0.012|0.018|0.097|0.002|0.032|0.039|0.003|0.076|0.045|0.26|0.192|0.087|0.065|0.04
202406|46|26110|11140000|4211000000|인천|서초구|인계동|서초1동|APT3771|자이|12865|1|5|0.087|0.138|0.064|0.054|0.039|0.021|0.172|0.043|0.004|0.061|0.034|0.042|0.068|0.118|0.054
202406|41|11110|11140000|1111000000|인천|수원시|인계동|역삼1동|APT6600|자이|11272|x|4|0.004|0.007|0.084|0.028|0.022|0.015|0.218|0.014|0.061|0.081|0.029|0.059|0.129|0.118|0.13
202406|45|42110|11170000|2611000000|경기|수원시|역삼동|서초1동|APT1223|래미안|13659|2|2|0.018|0.019|0.086|0.004|0.052|0.068|0.129|0.009|0.036|0.146|0.093|0.099|0.091|0.08|0.071
202406|43|11200|26110000|1111000000|인천|서초구|역삼동|서초1동|APT9077|푸르지오|9280|2|3|0.029|0.006|0.268|0.181|0.015|0.104|0.032|0.036|0.116|0.089|0.036|0.013|0.015|0.018|0.042
202406|43|26110|43110000|4511000000|경기|서초구|역삼동|역삼1동|APT8581|힐스테이트|7904|1|3|0.025|0.034|0.058|0.043|0.013|0.003|0.019|0.338|0.004|0.066|0.03|0.017|0.11|0.15|0.091
202406|42|44130|44130000|2611000000|부산|서초구|역삼동|역삼1동|APT2962|자이|6565|2|2|0.053|0.059|0.06|0.098|0.016|0.017|0.13|0.025|0.279|0.034|0.027|0.004|0.089|0.038|0.072
202406|44|43110|41110000|1117000000|서울|성남시|역삼동|역삼1동|APT8110|힐스테이트|10712|2|5|0.028|0.05|0.025|0.082|0.002|0.09|0.027|0.12|0.225|0.024|0.13|0.087|0.089|0.01|0.009
202406|45|27110|26140000|4113000000|인천|강남구|인계동|서초1동|APT6638|푸르지오|4510|1|6|0.093|0.22|0.21|0.077|0.062|0.005|0.001|0.083|0.043|0.003|0.029|0.067|0.03|0.005|0.072
202406|47|46110|11140000|1117000000|부산|성남시|역삼동|서초1동|APT3939|푸르지오|14323|2|4|0.085|0.073|0.08|0.077|0.06|0.02|0.028|0.071|0.019|0.122|0.036|0.068|0.005|0.091|0.166
202406|43|44130|26140000|4111000000|인천|성남시|서초동|서초1동|APT6479|푸르지오|9402|x|5|0.049|0.023|0.141|0.135|0.159|0.035|0.022|0.043|0.078|0.012|0.193|0.055|0.003|0.041|0.011
202406|41|26110|27110000|2711000000|서울|수원시|인계동|서초1동|APT3065|힐스테이트|15795|2|4|0.033|0.023|0.011|0.152|0.032|0.137|0.155|0.012|0.009|0.112|0.133|0.03|0.053|0.054|0.053
202406|26|42110|41150000|1117000000|인천|수원시|인계동|역삼1동|APT6994|래미안|16621|2|5|0.05|0.013|0.012|0.109|0.075|0.0|0.079|0.101|0.03|0.016|0.157|0.143|0.137|0.067|0.012
202406|11|11140|44130000|1111000000|인천|수원시|인계동|서초1동|APT8189|래미안|13094|1|3|0.069|0.222|0.073|0.131|0.028|0.068|0.004|0.021|0.072|0.03|0.007|0.0|0.005|0.173|0.095
202406|27|41130|28110000|4211000000|경기|수원시|인계동|서초1동|APT9569|래미안|15800|x|3|0.06|0.123|0.008|0.085|0.043|0.078|0.144|0.027|0.042|0.014|0.004|0.136|0.038|0.109|0.089
202406|26|11200|11200000|4711000000|부산|서초구|역삼동|서초1동|APT7961|푸르지오|12912|2|3|0.014|0.179|0.014|0.146|0.072|0.034|0.09|0.032|0.024|0.063|0.013|0.032|0.092|0.108|0.088
202406|47|44130|42110000|4211000000|경기|서초구|서초동|서초1동|APT6272|자이|6440|1|3|0.018|0.027|0.036|0.152|0.005|0.084|0.002|0.062|0.007|0.041|0.036|0.065|0.081|0.249|0.132
202406|41|46110|45110000|2614000000|부산|성남시|서초동|역삼1동|APT6270|힐스테이트|19169|2|3|0.034|0.136|0.063|0.046|0.123|0.039|0.142|0.076|0.023|0.01|0.079|0.049|0.098|0.004|0.078
202406|42|41110|41130000|4413000000|부산|서초구|인계동|역삼1동|APT1360|자이|2589|2|5|0.057|0.371|0.051|0.021|0.054|0.015|0.009|0.03|0.009|0.019|0.229|0.064|0.03|0.04|0.002
202406|44|26140|47110000|1111000000|서울|수원시|인계동|역삼1동|APT4635|래미안|19568|1|3|0.01|0.038|0.011|0.031|0.072|0.08|0.296|0.002|0.045|0.176|0.028|0.018|0.008|0.134|0.053
202406|26|27110|46110000|4211000000|인천|서초구|인계동|역삼1동|APT3170|힐스테이트|16887|1|4|0.062|0.051|0.004|0.108|0.022|0.032|0.136|0.002|0.256|0.11|0.035|0.039|0.053|0.079|0.01
202406|43|11140|46110000|4115000000|부산|강남구|서초동|역삼1동|APT4050|힐스테이트|19392|2|6|0.128|0.011|0.063|0.025|0.03|0.044|0.136|0.001|0.157|0.162|0.113|0.078|0.031|0.01|0.01
202406|41|26140|41110000|4711000000|인천|강남구|서초동|역삼1동|APT1598|래미안|17872|2|5|0.017|0.267|0.017|0.006|0.057|0.042|0.062|0.011|0.241|0.058|0.094|0.049|0.023|0.015|0.041
202406|27|44130|27110000|4211000000|서울|서초구|역삼동|역삼1동|APT1600|힐스테이트|15128|x|6|0.004|0.001|0.021|0.037|0.14|0.009|0.054|0.057|0.032|0.067|0.026|0.346|0.1|0.011|0.095
202406|26|43110|41130000|4311000000|경기|서초구|역삼동|서초1동|APT4355|힐스테이트|4794|x|3|0.061|0.045|0.072|0.029|0.021|0.026|0.008|0.139|0.068|0.096|0.053|0.097|0.127|0.008|0.152
202406|45|43110|44130000|4711000000|부산|성남시|인계동|서초1동|APT4130|푸르지오|5843|2|6|0.071|0.002|0.03|0.139|0.134|0.008|0.095|0.017|0.004|0.062|0.128|0.101|0.066|0.038|0.105
202406|44|41130|26110000|4115000000|경기|성남시|역삼동|역삼1동|APT6382|힐스테이트|17747|2|5|0.162|0.082|0.148|0.031|0.087|0.012|0.039|0.042|0.014|0.013|0.181|0.049|0.07|0.053|0.017
202406|46|41110|26110000|2611000000|경기|강남구|서초동|서초1동|APT5396|래미안|6076|2|5|0.008|0.098|0.017|0.156|0.076|0.132|0.069|0.101|0.002|0.114|0.052|0.064|0.019|0.081|0.011
202406|42|42110|26140000|4111000000|서울|수원시|인계동|역삼1동|APT4867|푸르지오|13081|2|6|0.079|0.07|0.026|0.018|0.154|0.022|0.159|0.122|0.065|0.091|0.04|0.007|0.049|0.087|0.011
202406|46|47110|41130000|2614000000|경기|강남구|서초동|서초1동|APT2123|자이|2467|2|5|0.014|0.05|0.016|0.155|0.091|0.094|0.023|0.013|0.041|0.013|0.096|0.034|0.174|0.026|0.159
202406|41|28110|47110000|4413000000|서울|성남시|역삼동|역삼1동|APT3485|푸르지오|14497|2|4|0.018|0.049|0.02|0.049|0.045|0.063|0.021|0.013|0.271|0.099|0.04|0.052|0.014|0.176|0.071
202406|41|41130|41130000|2811000000|부산|수원시|역삼동|역삼1동|APT2099|자이|18548|1|5|0.009|0.165|0.215|0.078|0.105|0.007|0.004|0.033|0.015|0.037|0.049|0.132|0.041|0.064|0.046
202406|41|47110|26110000|1120000000|부산|성남시|역삼동|역삼1동|APT8577|힐스테이트|15996|2|5|0.127|0.002|0.005|0.001|0.116|0.13|0.004|0.147|0.196|0.031|0.037|0.049|0.01|0.009|0.135
202406|44|26140|28110000|4113000000|서울|서초구|서초동|서초1동|APT6923|래미안|9058|2|5|0.009|0.031|0.012|0.021|0.013|0.228|0.107|0.08|0.005|0.005|0.001|0.116|0.213|0.021|0.138
202406|44|41110|44130000|4413000000|인천|서초구|서초동|역삼1동|APT5596|푸르지오|11444|x|2|0.007|0.006|0.048|0.028|0.114|0.026|0.103|0.07|0.008|0.161|0.037|0.135|0.14|0.093|0.023
202406|45|27110|46110000|4113000000|인천|수원시|역삼동|역삼1동|APT8816|래미안|3363|1|6|0.004|0.001|0.278|0.017|0.007|0.049|0.134|0.064|0.099|0.044|0.03|0.07|0.056|0.055|0.091
202406|42|45110|46110000|2614000000|경기|수원시|역삼동|서초1동|APT8848|래미안|7316|x|5|0.087|0.005|0.124|0.071|0.022|0.135|0.044|0.022|0.056|0.023|0.207|0.028|0.11|0.005|0.062
202406|42|46110|46110000|4511000000|서울|수원시|인계동|서초1동|APT7249|힐스테이트|6268|2|5|0.012|0.023|0.132|0.172|0.095|0.034|0.06|0.049|0.006|0.021|0.049|0.083|0.009|0.128|0.127
202406|42|26110|11170000|4611000000|부산|서초구|서초동|서초1동|APT4751|푸르지오|2883|1|4|0.049|0.054|0.045|0.055|0.003|0.125|0.096|0.177|0.064|0.013|0.016|0.018|0.008|0.028|0.25
202406|46|44130|26110000|4311000000|인천|성남시|서초동|서초1동|APT8132|자이|5444|2|2|0.004|0.069|0.095|0.096|0.058|0.114|0.038|0.151|0.029|0.112|0.013|0.065|0.002|0.04|0.114
202406|26|46110|28110000|1114000000|부산|성남시|인계동|서초1동|APT3617|자이|8419|1|2|0.049|0.07|0.043|0.051|0.03|0.062|0.133|0.197|0.024|0.108|0.019|0.06|0.096|0.039|0.02
202406|27|41110|41110000|4511000000|서울|강남구|서초동|역삼1동|APT8530|푸르지오|15855|1|4|0.265|0.043|0.039|0.03|0.07|0.016|0.024|0.076|0.104|0.087|0.026|0.08|0.074|0.002|0.063
202406|43|27110|11110000|4711000000|경기|강남구|인계동|서초1동|APT9138|래미안|10127|2|4|0.141|0.081|0.162|0.039|0.032|0.021|0.008|0.021|0.058|0.215|0.089|0.05|0.005|0.025|0.055
202406|45|11110|45110000|1120000000|경기|서초구|서초동|역삼1동|APT3584|자이|7326|1|6|0.164|0.038|0.009|0.123|0.059|0.125|0.112|0.013|0.04|0.104|0.036|0.011|0.018|0.084|0.063
202406|27|42110|26140000|4211000000|경기|강남구|역삼동|역삼1동|APT1277|힐스테이트|15718|x|5|0.137|0.14|0.068|0.002|0.073|0.031|0.016|0.0|0.185|0.136|0.02|0.018|0.076|0.024|0.076
202406|47|11170|28110000|4611000000|서울|수원시|서초동|서초1동|APT8897|자이|13079|1|3|0.005|0.078|0.02|0.091|0.131|0.047|0.016|0.144|0.068|0.039|0.121|0.016|0.034|0.087|0.102
202406|43|41150|42110000|2611000000|서울|강남구|인계동|역삼1동|APT8833|자이|9316|2|6|0.005|0.078|0.02|0.029|0.01|0.008|0.043|0.044|0.078|0.029|0.058|0.038|0.276|0.017|0.268
202406|26|11140|27110000|4711000000|인천|성남시|인계동|서초1동|APT7429|래미안|6865|2|5|0.007|0.025|0.03|0.001|0.238|0.163|0.05|0.084|0.047|0.087|0.014|0.01|0.016|0.17|0.057
202406|11|11200|27110000|4711000000|경기|서초구|인계동|역삼1동|APT2418|힐스테이트|11247|2|5|0.011|0.015|0.066|0.179|0.017|0.002|0.024|0.084|0.039|0.123|0.106|0.137|0.039|0.127|0.033
202406|46|41150|44130000|2711000000|경기|수원시|역삼동|역삼1동|APT6980|힐스테이트|18103|1|4|0.028|0.192|0.042|0.018|0.028|0.019|0.008|0.344|0.007|0.055|0.01|0.131|0.071|0.03|0.017
202406|47|11140|11140000|2811000000|부산|성남시|서초동|서초1동|APT5323|래미안|3076|1|6|0.085|0.04|0.032|0.046|0.03|0.171|0.018|0.111|0.17|0.041|0.029|0.003|0.028|0.012|0.182
202406|44|28110|27110000|4115000000|부산|수원시|인계동|역삼1동|APT3061|래미안|8238|2|4|0.008|0.033|0.037|0.106|0.007|0.118|0.026|0.088|0.012|0.043|0.041|0.045|0.111|0.213|0.112
202406|44|11170|43110000|1114000000|경기|서초구|서초동|서초1동|APT9294|힐스테이트|17159|2|6|0.168|0.011|0.01|0.048|0.048|0.021|0.051|0.134|0.036|0.053|0.045|0.124|0.241|0.009|0.001
202406|45|28110|11200000|1114000000|서울|강남구|서초동|서초1동|APT9737|자이|12289|1|4|0.048|0.057|0.042|0.19|0.069|0.107|0.025|0.145|0.021|0.043|0.122|0.069|0.051|0.001|0.011
202406|42|44130|28110000|4115000000|부산|성남시|서초동|서초1동|APT2547|푸르지오|16186|1|5|0.005|0.039|0.015|0.036|0.062|0.007|0.282|0.152|0.014|0.09|0.073|0.143|0.045|0.02|0.017
202406|26|45110|44130000|2611000000|서울|성남시|서초동|서초1동|APT8795|힐스테이트|9585|x|6|0.087|0.048|0.13|0.054|0.03|0.06|0.004|0.025|0.01|0.153|0.102|0.013|0.076|0.196|0.011
202406|27|44130|47110000|1111000000|서울|성남시|서초동|서초1동|APT1023|푸르지오|4050|2|5|0.001|0.085|0.097|0.009|0.081|0.029|0.076|0.018|0.015|0.013|0.004|0.008|0.263|0.117|0.184
202406|45|41150|43110000|4311000000|서울|강남구|인계동|서초1동|APT8793|래미안|4161|x|5|0.043|0.039|0.052|0.006|0.052|0.223|0.015|0.065|0.039|0.025|0.241|0.005|0.095|0.051|0.047
202406|44|11140|11110000|1120000000|서울|서초구|역삼동|서초1동|APT2683|힐스테이트|16801|x|5|0.075|0.029|0.199|0.116|0.008|0.005|0.04|0.105|0.105|0.018|0.058|0.012|0.063|0.015|0.154
202406|11|26110|26140000|4211000000|경기|수원시|서초동|역삼1동|APT8123|자이|19420|1|3|0.081|0.0|0.285|0.037|0.03|0.091|0.098|0.087|0.029|0.057|0.004|0.015|0.072|0.096|0.019
202406|47|46110|11170000|2711000000|경기|수원시|서초동|역삼1동|APT6326|래미안|17504|1|3|0.016|0.023|0.05|0.177|0.001|0.024|0.074|0.067|0.014|0.152|0.151|0.09|0.076|0.049|0.036
202406|45|41150|41130000|1117000000|부산|서초구|인계동|서초1동|APT5764|래미안|17979|2|3|0.003|0.129|0.119|0.038|0.071|0.008|0.137|0.116|0.016|0.022|0.044|0.032|0.068|0.103|0.093
202406|44|47110|26110000|2614000000|경기|성남시|인계동|서초1동|APT2949|래미안|12869|2|6|0.103|0.019|0.001|0.073|0.095|0.057|0.079|0.038|0.063|0.045|0.016|0.066|0.134|0.095|0.116
202406|46|27110|47110000|4311000000|인천|수원시|서초동|역삼1동|APT8935|푸르지오|14911|1|3|0.085|0.053|0.099|0.03|0.091|0.012|0.0|0.151|0.211|0.017|0.025|0.013|0.025|0.075|0.114
202406|11|28110|11110000|4111000000|서울|서초구|역삼동|서초1동|APT6596|푸르지오|18404|2|5|0.049|0.242|0.039|0.04|0.114|0.03|0.004|0.006|0.036|0.082|0.101|0.021|0.087|0.073|0.076
202406|43|41130|41130000|4113000000|서울|강남구|역삼동|역삼1동|APT8310|자이|18102|2|3|0.003|0.028|0.119|0.057|0.139|0.051|0.053|0.022|0.035|0.263|0.005|0.01|0.097|0.042|0.077
202406|26|43110|41150000|4413000000|부산|수원시|인계동|서초1동|APT6109|힐스테이트|17861|x|3|0.049|0.055|0.122|0.03|0.054|0.19|0.004|0.135|0.005|0.197|0.039|0.032|0.078|0.007|0.004
202406|44|28110|11200000|1117000000|경기|강남구|역삼동|역삼1동|APT8310|푸르지오|2005|1|3|0.008|0.07|0.001|0.064|0.027|0.09|0.152|0.149|0.012|0.093|0.002|0.081|0.058|0.102|0.091
202406|11|45110|41150000|4115000000|경기|수원시|인계동|역삼1동|APT9237|자이|3300|x|4|0.036|0.158|0.003|0.227|0.218|0.038|0.073|0.034|0.001|0.009|0.017|0.023|0.03|0.002|0.133
202406|44|41150|28110000|1111000000|서울|성남시|인계동|서초1동|APT9282|자이|4597|2|3|0.032|0.112|0.12|0.074|0.053|0.019|0.042|0.124|0.005|0.027|0.005|0.064|0.017|0.089|0.215
202406|44|11140|42110000|2611000000|부산|서초구|서초동|역삼1동|APT2863|푸르지오|7864|2|6|0.199|0.03|0.009|0.023|0.048|0.004|0.019|0.001|0.257|0.054|0.134|0.014|0.109|0.079|0.02
202406|47|47110|41150000|4111000000|경기|수원시|인계동|서초1동|APT2575|힐스테이트|19860|2|2|0.121|0.096|0.002|0.055|0.058|0.007|0.045|0.006|0.101|0.127|0.008|0.046|0.25|0.049|0.028
202406|26|45110|41110000|1114000000|부산|서초구|역삼동|서초1동|APT1495|래미안|10510|2|5|0.071|0.021|0.093|0.069|0.202|0.024|0.153|0.029|0.037|0.0|0.062|0.084|0.038|0.071|0.045
202406|45|47110|42110000|2614000000|부산|수원시|역삼동|역삼1동|APT8193|자이|6645|1|4|0.058|0.218|0.068|0.028|0.024|0.1|0.13|0.082|0.05|0.009|0.045|0.004|0.066|0.094|0.026
202406|47|41150|41130000|2611000000|경기|서초구|서초동|서초1동|APT4140|자이|16197|2|5|0.002|0.028|0.01|0.013|0.07|0.08|0.195|0.105|0.281|0.077|0.021|0.085|0.011|0.001|0.022
202406|41|11170|43110000|4115000000|경기|성남시|역삼동|서초1동|APT3458|힐스테이트|7709|1|5|0.054|0.027|0.037|0.032|0.038|0.095|0.157|0.008|0.105|0.041|0.176|0.055|0.124|0.007|0.046
202406|11|42110|46110000|2614000000|인천|서초구|역삼동|서초1동|APT3664|자이|5955|1|2|0.002|0.088|0.095|0.018|0.043|0.005|0.169|0.049|0.002|0.144|0.027|0.03|0.294|0.016|0.018
202406|41|46110|11110000|2711000000|인천|성남시|역삼동|서초1동|APT9183|힐스테이트|19451|1|4|0.099|0.15|0.136|0.048|0.061|0.08|0.002|0.032|0.041|0.001|0.133|0.073|0.002|0.028|0.116
202406|26|45110|26110000|2614000000|서울|성남시|역삼동|역삼1동|APT4554|자이|15640|1|5|0.15|0.002|0.051|0.011|0.059|0.036|0.003|0.024|0.048|0.092|0.032|0.007|0.167|0.297|0.021
202406|11|46110|26110000|2611000000|인천|수원시|서초동|서초1동|APT3079|힐스테이트|2289|1|3|0.052|0.151|0.097|0.019|0.036|0.024|0.086|0.084|0.02|0.04|0.07|0.018|0.179|0.09|0.033
202406|45|11170|11110000|4311000000|서울|서초구|역삼동|역삼1동|APT9786|푸르지오|3250|2|5|0.14|0.037|0.1|0.17|0.192|0.105|0.009|0.023|0.039|0.016|0.01|0.066|0.01|0.03|0.053
202406|44|41110|44130000|4111000000|서울|강남구|역삼동|역삼1동|APT9731|래미안|5755|2|5|0.043|0.08|0.104|0.013|0.069|0.002|0.066|0.119|0.105|0.044|0.088|0.013|0.08|0.054|0.123
202406|47|44130|11200000|4111000000|경기|서초구|역삼동|역삼1동|APT9374|힐스테이트|12465|x|5|0.034|0.16|0.055|0.002|0.081|0.076|0.045|0.123|0.001|0.012|0.019|0.075|0.077|0.159|0.08
202406|45|41150|47110000|1117000000|인천|강남구|역삼동|역삼1동|APT8698|푸르지오|8241|2|4|0.115|0.107|0.06|0.042|0.124|0.02|0.13|0.024|0.034|0.043|0.018|0.045|0.058|0.077|0.101
202406|46|44130|28110000|4311000000|부산|성남시|인계동|역삼1동|APT4751|래미안|17529|1|4|0.055|0.294|0.104|0.013|0.11|0.031|0.047|0.099|0.12|0.031|0.022|0.036|0.003|0.014|0.02
202406|41|27110|43110000|1117000000|인천|서초구|역삼동|역삼1동|APT2394|래미안|11500|2|6|0.155|0.008|0.073|0.004|0.175|0.038|0.013|0.148|0.005|0.069|0.015|0.055|0.027|0.172|0.041
202406|44|41110|11170000|1111000000|서울|수원시|인계동|서초1동|APT1648|래미안|15583|x|5|0.001|0.061|0.005|0.215|0.136|0.068|0.013|0.087|0.116|0.012|0.178|0.006|0.008|0.084|0.01
202406|11|43110|41130000|2711000000|서울|수원시|인계동|서초1동|APT8646|푸르지오|18077|1|6|0.015|0.022|0.117|0.08|0.028|0.032|0.016|0.025|0.048|0.132|0.088|0.113|0.021|0.103|0.16
202406|26|11200|11140000|1120000000|서울|수원시|역삼동|역삼1동|APT8145|푸르지오|12868|2|6|0.048|0.091|0.065|0.086|0.04|0.015|0.092|0.145|0.041|0.001|0.146|0.069|0.019|0.14|0.002
202406|46|11140|41130000|4711000000|인천|수원시|역삼동|역삼1동|APT4039|래미안|10406|2|2|0.183|0.049|0.069|0.049|0.094|0.054|0.13|0.025|0.018|0.049|0.015|0.157|0.059|0.02|0.027
202406|44|41130|11200000|2811000000|경기|성남시|역삼동|서초1동|APT8395|래미안|11536|2|5|0.155|0.012|0.088|0.074|0.095|0.001|0.14|0.11|0.002|0.056|0.064|0.047|0.033|0.049|0.074
202406|46|41110|27110000|1117000000|서울|수원시|서초동|서초1동|APT4689|래미안|10604|1|4|0.223|0.074|0.028|0.147|0.058|0.032|0.006|0.076|0.09|0.024|0.015|0.019|0.037|0.107|0.064
202406|45|11110|11200000|1120000000|부산|강남구|서초동|역삼1동|APT9193|래미안|16692|2|4|0.016|0.03|0.0|0.019|0.015|0.023|0.217|0.076|0.135|0.087|0.089|0.081|0.156|0.009|0.047
202406|46|11110|28110000|4115000000|서울|강남구|서초동|서초1동|APT7215|푸르지오|13334|2|5|0.051|0.037|0.237|0.085|0.01|0.029|0.042|0.007|0.015|0.004|0.157|0.16|0.024|0.115|0.026
202406|26|28110|45110000|4113000000|인천|강남구|역삼동|역삼1동|APT9253|자이|19147|1|5|0.009|0.044|0.061|0.012|0.031|0.083|0.065|0.034|0.001|0.034|0.03|0.059|0.138|0.337|0.061
202406|45|42110|26110000|2811000000|경기|서초구|서초동|서초1동|APT7669|푸르지오|6778|2|4|0.033|0.095|0.164|0.062|0.076|0.003|0.055|0.069|0.09|0.002|0.031|0.083|0.01|0.12|0.107
202406|46|41130|46110000|2614000000|부산|강남구|인계동|서초1동|APT6707|푸르지오|18958|2|6|0.157|0.151|0.001|0.083|0.166|0.102|0.021|0.051|0.01|0.047|0.03|0.051|0.061|0.047|0.022
202406|42|41130|43110000|4611000000|부산|수원시|인계동|서초1동|APT1473|힐스테이트|2195|2|4|0.221|0.044|0.004|0.021|0.124|0.065|0.047|0.006|0.085|0.105|0.182|0.005|0.037|0.021|0.033
202406|45|11140|43110000|1111000000|서울|강남구|서초동|서초1동|APT7610|래미안|2992|1|5|0.016|0.023|0.049|0.155|0.039|0.002|0.064|0.024|0.017|0.137|0.017|0.059|0.256|0.139|0.004
202406|47|41130|11200000|4115000000|경기|서초구|역삼동|서초1동|APT1085|힐스테이트|12377|2|3|0.005|0.031|0.03|0.044|0.125|0.004|0.059|0.019|0.146|0.087|0.031|0.126|0.012|0.143|0.137
202406|47|41150|41110000|4511000000|부산|강남구|인계동|서초1동|APT3382|자이|4652|1|5|0.044|0.055|0.0|0.02|0.022|0.047|0.135|0.137|0.014|0.013|0.047|0.008|0.105|0.19|0.162
202406|47|28110|26140000|1120000000|부산|성남시|인계동|서초1동|APT7088|래미안|7426|2|3|0.253|0.024|0.015|0.013|0.012|0.064|0.229|0.04|0.086|0.005|0.03|0.071|0.006|0.031|0.121
202406|44|45110|41150000|4413000000|경기|서초구|역삼동|서초1동|APT5889|힐스테이트|3953|1|4|0.001|0.097|0.044|0.058|0.056|0.12|0.095|0.054|0.004|0.175|0.043|0.067|0.063|0.017|0.105
202406|41|46110|11170000|1114000000|인천|강남구|서초동|역삼1동|APT1110|래미안|18940|1|5|0.299|0.136|0.022|0.076|0.063|0.021|0.016|0.042|0.049|0.088|0.033|0.002|0.068|0.028|0.057
202406|43|45110|41150000|4115000000|인천|수원시|인계동|서초1동|APT2038|힐스테이트|17995|x|6|0.072|0.008|0.035|0.002|0.015|0.043|0.047|0.238|0.179|0.011|0.143|0.088|0.006|0.069|0.045
202406|26|26110|46110000|4413000000|인천|성남시|서초동|역삼1동|APT9203|힐스테이트|3755|2|5|0.021|0.015|0.003|0.082|0.067|0.015|0.116|0.073|0.051|0.018|0.048|0.061|0.003|0.372|0.055
202406|11|28110|28110000|4711000000|부산|성남시|역삼동|서초1동|APT2705|힐스테이트|16644|1|5|0.05|0.03|0.026|0.027|0.081|0.006|0.008|0.119|0.191|0.017|0.096|0.162|0.065|0.037|0.085
202406|46|41130|28110000|4111000000|경기|서초구|역삼동|서초1동|APT1305|자이|3558|1|4|0.213|0.037|0.106|0.095|0.036|0.039|0.003|0.065|0.014|0.056|0.027|0.005|0.071|0.005|0.228
202406|41|11110|43110000|4311000000|경기|수원시|역삼동|역삼1동|APT2886|힐스테이트|19947|1|5|0.172|0.048|0.099|0.145|0.048|0.016|0.095|0.074|0.005|0.05|0.005|0.081|0.03|0.036|0.096
202406|45|41150|45110000|1117000000|서울|서초구|서초동|역삼1동|APT4102|힐스테이트|14520|2|2|0.078|0.048|0.026|0.059|0.085|0.048|0.046|0.191|0.021|0.089|0.012|0.058|0.045|0.024|0.171
202406|42|43110|28110000|4115000000|서울|수원시|서초동|서초1동|APT3766|자이|18038|1|5|0.053|0.057|0.02|0.058|0.034|0.339|0.004|0.002|0.108|0.007|0.042|0.096|0.116|0.034|0.03
202406|44|11200|45110000|4711000000|경기|서초구|서초동|서초1동|APT1330|푸르지오|17554|2|5|0.087|0.019|0.048|0.127|0.016|0.108|0.115|0.035|0.053|0.031|0.213|0.025|0.072|0.005|0.045
202406|27|41130|11110000|4511000000|부산|서초구|인계동|역삼1동|APT1566|힐스테이트|17573|1|2|0.023|0.008|0.072|0.134|0.177|0.148|0.088|0.154|0.029|0.013|0.009|0.034|0.007|0.051|0.053
202406|42|11110|41110000|4115000000|서울|서초구|인계동|역삼1동|APT8387|자이|12672|1|4|0.058|0.003|0.006|0.064|0.157|0.075|0.031|0.033|0.05|0.265|0.054|0.052|0.046|0.063|0.043
202406|43|46110|28110000|1117000000|인천|성남시|역삼동|역삼1동|APT7099|래미안|4369|1|6|0.078|0.015|0.009|0.055|0.076|0.137|0.084|0.07|0.022|0.163|0.024|0.075|0.074|0.102|0.017
202406|46|47110|43110000|4413000000|경기|서초구|인계동|역삼1동|APT1801|힐스테이트|11792|1|3|0.081|0.121|0.047|0.022|0.004|0.063|0.028|0.063|0.079|0.101|0.046|0.05|0.072|0.185|0.04
202406|46|47110|28110000|4211000000|경기|강남구|서초동|역삼1동|APT5143|자이|10592|2|4|0.019|0.057|0.025|0.05|0.021|0.042|0.0|0.138|0.016|0.084|0.01|0.211|0.132|0.024|0.17
202406|47|27110|41110000|2614000000|인천|서초구|역삼동|역삼1동|APT9285|자이|2745|x|5|0.067|0.01|0.055|0.024|0.008|0.075|0.093|0.01|0.05|0.241|0.062|0.012|0.1|0.168|0.025
202406|45|26110|41130000|2611000000|인천|성남시|인계동|역삼1동|APT6114|힐스테이트|15205|1|4|0.086|0.047|0.08|0.004|0.034|0.023|0.241|0.075|0.018|0.014|0.155|0.041|0.104|0.012|0.067
202406|45|44130|11110000|4311000000|인천|성남시|인계동|서초1동|APT5919|자이|9237|2|5|0.03|0.0|0.014|0.108|0.086|0.127|0.086|0.245|0.058|0.014|0.025|0.067|0.024|0.064|0.051
202406|43|11170|47110000|2711000000|서울|서초구|서초동|서초1동|APT3538|힐스테이트|4071|2|3|0.056|0.094|0.025|0.029|0.027|0.034|0.03|0.06|0.081|0.263|0.042|0.04|0.039|0.063|0.116
202406|42|47110|41110000|2711000000|인천|성남시|인계동|서초1동|APT6150|힐스테이트|14440|1|5|0.002|0.009|0.076|0.103|0.018|0.038|0.133|0.069|0.112|0.101|0.023|0.126|0.142|0.023|0.023
202406|44|11140|28110000|4113000000|경기|강남구|인계동|역삼1동|APT1069|래미안|13383|x|4|0.024|0.028|0.005|0.009|0.122|0.06|0.009|0.124|0.296|0.02|0.03|0.016|0.125|0.074|0.057
202406|45|42110|11110000|4115000000|부산|서초구|인계동|역삼1동|APT3084|푸르지오|4450|1|4|0.048|0.114|0.123|0.14|0.024|0.022|0.001|0.061|0.023|0.122|0.068|0.138|0.024|0.01|0.083
202406|11|42110|43110000|4113000000|인천|강남구|인계동|역삼1동|APT3701|힐스테이트|7417|1|5|0.032|0.003|0.045|0.135|0.058|0.089|0.055|0.066|0.02|0.171|0.046|0.02|0.099|0.158|0.005
202406|26|47110|28110000|1114000000|인천|성남시|역삼동|서초1동|APT1537|힐스테이트|19654|2|3|0.011|0.189|0.198|0.093|0.056|0.058|0.124|0.067|0.072|0.029|0.015|0.007|0.01|0.068|0.003
202406|43|26110|11140000|2711000000|경기|성남시|서초동|서초1동|APT5754|푸르지오|8935|2|6|0.0|0.027|0.021|0.139|0.009|0.071|0.208|0.099|0.139|0.032|0.011|0.096|0.076|0.066|0.006
202406|42|44130|27110000|2611000000|인천|강남구|인계동|역삼1동|APT5899|푸르지오|18479|2|5|0.014|0.257|0.027|0.052|0.124|0.026|0.014|0.05|0.016|0.011|0.029|0.205|0.029|0.085|0.06
202406|46|28110|42110000|2711000000|인천|수원시|인계동|서초1동|APT2640|래미안|5862|1|3|0.0|0.021|0.201|0.099|0.179|0.1|0.002|0.106|0.043|0.01|0.097|0.07|0.053|0.007|0.011
202406|11|47110|43110000|4115000000|서울|성남시|인계동|역삼1동|APT2738|푸르지오|9967|2|3|0.106|0.011|0.172|0.027|0.033|0.027|0.087|0.052|0.099|0.001|0.058|0.021|0.142|0.023|0.142
202406|11|42110|41110000|1120000000|인천|서초구|역삼동|서초1동|APT9385|푸르지오|14066|2|5|0.022|0.06|0.344|0.0|0.055|0.006|0.067|0.036|0.023|0.023|0.027|0.078|0.015|0.139|0.106
202406|44|11200|28110000|2614000000|경기|강남구|인계동|서초1동|APT6515|푸르지오|2115|1|5|0.059|0.019|0.058|0.032|0.026|0.055|0.043|0.069|0.217|0.121|0.126|0.034|0.026|0.05|0.067
202406|45|11110|27110000|1120000000|경기|서초구|서초동|서초1동|APT7772|푸르지오|9828|2|2|0.031|0.066|0.041|0.003|0.206|0.095|0.035|0.022|0.032|0.164|0.02|0.096|0.003|0.044|0.141
202406|44|26140|47110000|4611000000|경기|성남시|서초동|역삼1동|APT2494|푸르지오|15986|2|3|0.12|0.017|0.113|0.163|0.013|0.019|0.019|0.014|0.003|0.156|0.058|0.027|0.234|0.025|0.019
202406|43|44130|41150000|2711000000|부산|수원시|인계동|역삼1동|APT7847|힐스테이트|5711|1|4|0.073|0.016|0.024|0.113|0.017|0.091|0.03|0.157|0.082|0.038|0.091|0.029|0.007|0.177|0.055
202406|45|28110|28110000|4115000000|인천|서초구|역삼동|역삼1동|APT2541|푸르지오|16175|2|5|0.038|0.007|0.449|0.07|0.01|0.088|0.085|0.016|0.012|0.048|0.03|0.018|0.048|0.01|0.071
202406|45|41150|43110000|2711000000|서울|서초구|역삼동|서초1동|APT2706|래미안|15158|2|6|0.02|0.001|0.075|0.047|0.021|0.187|0.004|0.088|0.037|0.112|0.106|0.053|0.006|0.047|0.198
202406|43|27110|28110000|2811000000|서울|성남시|인계동|서초1동|APT2897|힐스테이트|6845|1|5|0.09|0.022|0.026|0.021|0.03|0.173|0.284|0.014|0.025|0.185|0.047|0.007|0.01|0.065|0.002
202406|47|42110|44130000|4115000000|인천|강남구|서초동|서초1동|APT2948|래미안|18879|1|6|0.038|0.074|0.161|0.157|0.018|0.307|0.002|0.029|0.017|0.009|0.019|0.008|0.151|0.007|0.004
202406|45|43110|43110000|4111000000|부산|강남구|역삼동|서초1동|APT9461|자이|8706|2|6|0.013|0.022|0.11|0.184|0.021|0.02|0.023|0.016|0.043|0.009|0.123|0.173|0.173|0.051|0.02
202406|43|26140|11110000|4111000000|인천|성남시|역삼동|역삼1동|APT3790|래미안|19881|1|4|0.02|0.095|0.043|0.075|0.334|0.003|0.034|0.041|0.002|0.041|0.002|0.083|0.077|0.025|0.126
202406|27|11140|11140000|2811000000|인천|성남시|인계동|서초1동|APT1658|푸르지오|19488|1|3|0.119|0.011|0.095|0.004|0.111|0.011|0.03|0.022|0.031|0.061|0.087|0.092|0.166|0.027|0.133
202406|42|11110|46110000|2811000000|인천|서초구|인계동|역삼1동|APT8096|힐스테이트|14086|2|2|0.017|0.138|0.009|0.04|0.026|0.099|0.074|0.045|0.004|0.168|0.246|0.043|0.004|0.055|0.033
202406|26|26140|28110000|4115000000|인천|서초구|인계동|역삼1동|APT8565|힐스테이트|6262|2|6|0.003|0.013|0.158|0.005|0.029|0.223|0.013|0.137|0.02|0.026|0.164|0.05|0.125|0.022|0.013
202406|43|41130|27110000|4115000000|경기|강남구|인계동|역삼1동|APT2434|힐스테이트|12930|2|6|0.054|0.289|0.015|0.019|0.117|0.053|0.069|0.121|0.022|0.122|0.003|0.011|0.023|0.019|0.062
202406|47|28110|11140000|4311000000|인천|성남시|역삼동|역삼1동|APT8711|힐스테이트|13323|2|2|0.166|0.16|0.123|0.389|0.027|0.022|0.001|0.028|0.015|0.007|0.001|0.018|0.019|0.017|0.008
202406|47|45110|11170000|1114000000|부산|성남시|인계동|역삼1동|APT1424|푸르지오|19309|1|6|0.003|0.03|0.077|0.079|0.019|0.289|0.031|0.119|0.036|0.083|0.008|0.019|0.155|0.034|0.016
202406|42|11200|45110000|2811000000|인천|서초구|인계동|서초1동|APT3358|래미안|5939|1|5|0.044|0.006|0.006|0.076|0.086|0.022|0.098|0.157|0.04|0.018|0.043|0.085|0.092|0.173|0.055
202406|41|26140|11140000|1114000000|경기|수원시|역삼동|서초1동|APT2993|푸르지오|11200|2|4|0.054|0.076|0.015|0.006|0.015|0.188|0.023|0.084|0.046|0.047|0.145|0.038|0.09|0.135|0.038
202406|11|11170|41110000|4511000000|인천|수원시|역삼동|서초1동|APT6841|힐스테이트|8621|2|4|0.223|0.131|0.106|0.028|0.083|0.113|0.035|0.123|0.012|0.047|0.016|0.028|0.005|0.0|0.05
202406|46|47110|41150000|2611000000|서울|성남시|역삼동|서초1동|APT3293|푸르지오|9784|x|5|0.03|0.053|0.006|0.015|0.049|0.036|0.006|0.23|0.007|0.22|0.091|0.021|0.108|0.028|0.099
202406|27|43110|26140000|4711000000|경기|성남시|인계동|역삼1동|APT3880|래미안|6230|2|5|0.063|0.017|0.076|0.004|0.065|0.033|0.094|0.149|0.06|0.023|0.023|0.026|0.161|0.041|0.165
202406|46|27110|47110000|4113000000|인천|서초구|서초동|역삼1동|APT2184|자이|14951|2|4|0.083|0.004|0.027|0.14|0.14|0.076|0.078|0.025|0.082|0.045|0.012|0.023|0.101|0.09|0.073
202406|42|46110|27110000|4211000000|부산|수원시|인계동|서초1동|APT1614|자이|11245|2|4|0.038|0.054|0.001|0.014|0.017|0.147|0.018|0.238|0.076|0.024|0.009|0.013|0.278|0.05|0.022
202406|47|41150|47110000|4711000000|서울|서초구|인계동|서초1동|APT5340|힐스테이트|16131|1|6|0.02|0.042|0.022|0.083|0.021|0.084|0.013|0.01|0.119|0.068|0.367|0.053|0.038|0.043|0.017
202406|11|26110|45110000|2614000000|인천|수원시|역삼동|서초1동|APT3082|푸르지오|3859|2|2|0.079|0.23|0.007|0.073|0.094|0.008|0.071|0.137|0.002|0.016|0.102|0.115|0.02|0.013|0.031
202406|11|43110|42110000|4711000000|부산|강남구|인계동|서초1동|APT2016|힐스테이트|2974|2|5|0.073|0.042|0.149|0.025|0.14|0.044|0.071|0.064|0.028|0.072|0.116|0.016|0.025|0.102|0.033
202406|26|41130|11170000|2611000000|서울|수원시|서초동|역삼1동|APT1171|래미안|6748|1|5|0.004|0.004|0.037|0.002|0.159|0.004|0.044|0.009|0.141|0.05|0.035|0.222|0.068|0.124|0.097
202406|42|43110|26110000|1120000000|서울|성남시|역삼동|서초1동|APT7277|자이|9948|1|5|0.017|0.009|0.002|0.039|0.166|0.022|0.085|0.201|0.037|0.002|0.147|0.009|0.182|0.072|0.01
202406|41|11140|47110000|4413000000|서울|성남시|인계동|서초1동|APT5177|푸르지오|17937|2|3|0.006|0.244|0.058|0.062|0.036|0.105|0.035|0.038|0.015|0.018|0.063|0.011|0.261|0.011|0.037
202406|26|26110|11140000|2614000000|경기|성남시|서초동|서초1동|APT4666|자이|16627|1|5|0.038|0.273|0.001|0.107|0.07|0.047|0.006|0.035|0.064|0.052|0.077|0.05|0.048|0.017|0.114
202406|44|47110|26140000|1111000000|인천|서초구|역삼동|서초1동|APT1848|힐스테이트|17301|2|6|0.018|0.032|0.079|0.018|0.043|0.004|0.162|0.071|0.105|0.012|0.014|0.124|0.204|0.06|0.054
202406|43|45110|46110000|4511000000|경기|수원시|인계동|역삼1동|APT9552|자이|19339|1|4|0.133|0.078|0.042|0.153|0.065|0.032|0.013|0.142|0.079|0.11|0.015|0.026|0.081|0.013|0.017
202406|45|27110|45110000|4511000000|부산|성남시|인계동|역삼1동|APT5624|힐스테이트|2193|1|3|0.097|0.012|0.004|0.0|0.068|0.051|0.329|0.045|0.023|0.044|0.106|0.057|0.019|0.129|0.014
202406|11|11140|41130000|4115000000|부산|수원시|인계동|역삼1동|APT2473|자이|13711|2|3|0.12|0.024|0.028|0.05|0.165|0.018|0.039|0.137|0.052|0.008|0.009|0.009|0.209|0.026|0.105
202406|42|11170|41150000|1114000000|부산|수원시|역삼동|역삼1동|APT1470|자이|3325|1|4|0.0|0.032|0.022|0.019|0.077|0.023|0.04|0.001|0.422|0.026|0.079|0.117|0.057|0.083|0.003
202406|45|47110|11110000|4311000000|인천|서초구|역삼동|서초1동|APT2846|래미안|5317|2|5|0.137|0.011|0.133|0.02|0.129|0.056|0.014|0.135|0.101|0.013|0.0|0.089|0.013|0.032|0.117
202406|44|42110|45110000|4711000000|서울|수원시|역삼동|서초1동|APT8949|자이|4380|1|3|0.184|0.093|0.08|0.2|0.058|0.044|0.026|0.034|0.011|0.02|0.008|0.072|0.052|0.099|0.018
202406|46|11140|26140000|2614000000|부산|강남구|인계동|서초1동|APT6879|힐스테이트|9784|2|2|0.086|0.322|0.048|0.057|0.02|0.005|0.06|0.017|0.131|0.037|0.047|0.057|0.091|0.002|0.022
202406|11|43110|41110000|1120000000|서울|강남구|서초동|역삼1동|APT8218|푸르지오|4003|1|5|0.07|0.098|0.127|0.028|0.052|0.133|0.081|0.066|0.037|0.037|0.04|0.145|0.044|0.006|0.035
202406|26|42110|11200000|2611000000|서울|강남구|역삼동|서초1동|APT2756|힐스테이트|4680|1|6|0.009|0.052|0.079|0.058|0.002|0.019|0.064|0.018|0.328|0.075|0.029|0.003|0.033|0.161|0.067
202406|11|41110|41110000|4211000000|경기|서초구|역삼동|역삼1동|APT1828|푸르지오|10589|1|4|0.041|0.213|0.144|0.123|0.094|0.051|0.048|0.008|0.014|0.059|0.006|0.004|0.042|0.127|0.026
202406|11|11110|11200000|4311000000|서울|성남시|서초동|서초1동|APT7541|힐스테이트|8530|1|5|0.195|0.021|0.009|0.009|0.072|0.005|0.049|0.061|0.148|0.027|0.046|0.132|0.079|0.09|0.056
202406|45|26140|45110000|4311000000|경기|서초구|역삼동|역삼1동|APT3637|자이|4293|1|6|0.131|0.05|0.024|0.019|0.152|0.012|0.134|0.02|0.048|0.193|0.015|0.025|0.01|0.102|0.066
202406|47|45110|11200000|1111000000|경기|수원시|서초동|역삼1동|APT4503|힐스테이트|12096|1|4|0.144|0.059|0.063|0.016|0.029|0.058|0.025|0.022|0.113|0.009|0.118|0.02|0.219|0.022|0.084
202406|42|41150|44130000|1111000000|서울|강남구|역삼동|서초1동|APT9073|래미안|16105|2|6|0.039|0.009|0.036|0.073|0.002|0.026|0.096|0.008|0.171|0.173|0.201|0.031|0.054|0.034|0.046
202406|41|41130|28110000|2711000000|인천|서초구|역삼동|역삼1동|APT8848|래미안|7205|2|2|0.03|0.01|0.083|0.031|0.129|0.047|0.039|0.049|0.024|0.041|0.14|0.031|0.059|0.12|0.166
202406|26|41110|41110000|4115000000|부산|강남구|역삼동|역삼1동|APT2230|푸르지오|11897|2|3|0.044|0.027|0.043|0.168|0.093|0.031|0.033|0.051|0.018|0.113|0.12|0.007|0.029|0.04|0.184
202406|42|43110|11170000|4113000000|부산|성남시|역삼동|역삼1동|APT4278|푸르지오|16496|2|6|0.044|0.002|0.02|0.122|0.119|0.006|0.062|0.165|0.105|0.108|0.096|0.067|0.012|0.0|0.072
202406|45|11110|45110000|2811000000|부산|서초구|인계동|역삼1동|APT5932|래미안|19565|2|3|0.178|0.018|0.008|0.014|0.152|0.008|0.045|0.046|0.123|0.0|0.178|0.012|0.049|0.164|0.004
202406|45|28110|41130000|4511000000|서울|강남구|서초동|서초1동|APT6209|래미안|7254|2|6|0.046|0.026|0.125|0.049|0.026|0.045|0.081|0.024|0.08|0.142|0.008|0.004|0.007|0.141|0.195
202406|44|47110|27110000|1117000000|서울|강남구|역삼동|서초1동|APT7495|푸르지오|7222|1|6|0.033|0.07|0.055|0.02|0.045|0.014|0.098|0.051|0.055|0.178|0.288|0.043|0.011|0.022|0.017
202406|45|43110|47110000|4413000000|경기|성남시|역삼동|역삼1동|APT2819|힐스테이트|4448|1|2|0.056|0.102|0.003|0.08|0.143|0.026|0.003|0.012|0.052|0.051|0.009|0.044|0.07|0.24|0.111
202406|27|41110|42110000|4211000000|경기|서초구|역삼동|역삼1동|APT6724|힐스테이트|9043|1|5|0.055|0.062|0.044|0.157|0.006|0.03|0.036|0.007|0.002|0.128|0.037|0.012|0.064|0.137|0.224
202406|42|11110|41130000|4111000000|서울|강남구|서초동|역삼1동|APT9474|래미안|19099|1|3|0.127|0.096|0.101|0.017|0.07|0.005|0.039|0.035|0.008|0.261|0.154|0.032|0.001|0.005|0.048
202406|44|45110|43110000|2611000000|인천|강남구|인계동|서초1동|APT5153|자이|14114|1|6|0.164|0.002|0.018|0.211|0.091|0.016|0.009|0.025|0.05|0.022|0.246|0.102|0.001|0.029|0.015
202406|43|46110|27110000|1111000000|인천|서초구|역삼동|역삼1동|APT2709|힐스테이트|19988|2|5|0.001|0.199|0.019|0.002|0.09|0.014|0.114|0.043|0.052|0.125|0.01|0.04|0.082|0.129|0.08
202406|41|46110|11200000|2711000000|서울|수원시|역삼동|서초1동|APT8243|힐스테이트|7572|2|5|0.028|0.147|0.008|0.166|0.029|0.04|0.015|0.161|0.079|0.008|0.103|0.048|0.133|0.028|0.006
202406|41|46110|47110000|1111000000|인천|성남시|인계동|서초1동|APT6037|래미안|13381|2|5|0.024|0.052|0.044|0.023|0.05|0.098|0.005|0.073|0.019|0.05|0.295|0.012|0.064|0.116|0.075
202406|44|11200|42110000|4211000000|인천|강남구|인계동|서초1동|APT6950|자이|18492|1|3|0.003|0.021|0.057|0.024|0.039|0.036|0.12|0.115|0.113|0.292|0.008|0.004|0.104|0.013|0.051
202406|46|11170|41110000|4511000000|부산|성남시|서초동|역삼1동|APT6434|래미안|19710|x|4|0.003|0.077|0.025|0.006|0.027|0.034|0.13|0.061|0.025|0.133|0.087|0.07|0.226|0.069|0.028
202406|47|26110|11200000|4113000000|부산|수원시|역삼동|서초1동|APT5039|힐스테이트|17516|2|4|0.059|0.072|0.318|0.082|0.026|0.089|0.011|0.048|0.045|0.004|0.069|0.004|0.02|0.129|0.025
202406|45|27110|45110000|2611000000|부산|성남시|서초동|역삼1동|APT5661|푸르지오|11944|x|3|0.219|0.04|0.036|0.027|0.009|0.121|0.066|0.018|0.166|0.102|0.014|0.014|0.06|0.041|0.066
202406|46|11140|45110000|2614000000|부산|성남시|서초동|역삼1동|APT1216|힐스테이트|11237|2|5|0.026|0.045|0.057|0.059|0.016|0.037|0.02|0.148|0.079|0.027|0.06|0.225|0.151|0.015|0.035
202406|44|44130|26140000|2811000000|부산|서초구|역삼동|서초1동|APT6742|래미안|14109|2|6|0.018|0.0|0.002|0.017|0.057|0.072|0.03|0.044|0.104|0.035|0.027|0.102|0.014|0.253|0.226
202406|42|41110|28110000|2611000000|인천|성남시|인계동|서초1동|APT7000|래미안|16594|2|2|0.004|0.03|0.174|0.038|0.031|0.085|0.148|0.014|0.004|0.003|0.087|0.188|0.053|0.101|0.04
202406|45|41110|46110000|4711000000|서울|강남구|인계동|역삼1동|APT6164|래미안|16346|1|4|0.041|0.1|0.026|0.153|0.067|0.034|0.052|0.074|0.065|0.104|0.103|0.081|0.08|0.014|0.006
202406|11|11140|42110000|2811000000|부산|성남시|서초동|서초1동|APT4448|자이|18444|2|4|0.107|0.134|0.008|0.036|0.028|0.041|0.096|0.004|0.128|0.204|0.079|0.003|0.083|0.023|0.025
202406|46|27110|11140000|1111000000|부산|수원시|서초동|역삼1동|APT5069|푸르지오|3581|2|2|0.05|0.236|0.002|0.117|0.04|0.154|0.087|0.009|0.021|0.147|0.001|0.014|0.024|0.019|0.079
202406|45|11140|28110000|1117000000|경기|수원시|역삼동|역삼1동|APT8512|푸르지오|19389|2|5|0.062|0.026|0.004|0.004|0.029|0.027|0.09|0.099|0.206|0.064|0.057|0.098|0.086|0.141|0.007
202406|45|42110|45110000|1114000000|인천|성남시|역삼동|역삼1동|APT7441|래미안|19034|2|3|0.009|0.015|0.205|0.025|0.011|0.01|0.013|0.223|0.094|0.134|0.056|0.074|0.067|0.045|0.019
202406|44|26110|11170000|2811000000|부산|서초구|인계동|역삼1동|APT1395|자이|12562|1|5|0.356|0.027|0.045|0.032|0.034|0.136|0.071|0.013|0.035|0.01|0.082|0.013|0.097|0.033|0.015
202406|43|11140|46110000|2614000000|인천|강남구|인계동|역삼1동|APT8774|푸르지오|6696|1|5|0.071|0.015|0.019|0.023|0.136|0.069|0.223|0.079|0.038|0.095|0.039|0.005|0.008|0.07|0.11
202406|43|43110|11170000|4711000000|부산|수원시|인계동|역삼1동|APT2848|자이|19757|x|5|0.107|0.038|0.025|0.074|0.1|0.069|0.133|0.006|0.097|0.099|0.003|0.059|0.053|0.044|0.092
202406|41|41110|46110000|4113000000|부산|수원시|서초동|역삼1동|APT9172|래미안|2992|2|3|0.035|0.177|0.081|0.027|0.02|0.073|0.005|0.047|0.07|0.189|0.021|0.112|0.0|0.001|0.141
202406|44|43110|28110000|4413000000|부산|강남구|서초동|역삼1동|APT6133|래미안|15654|2|6|0.125|0.029|0.093|0.053|0.117|0.106|0.02|0.025|0.039|0.001|0.132|0.103|0.061|0.067|0.029
202406|11|27110|28110000|4413000000|인천|수원시|서초동|서초1동|APT3486|푸르지오|5622|1|5|0.025|0.043|0.041|0.279|0.007|0.165|0.002|0.204|0.019|0.08|0.011|0.009|0.028|0.045|0.041
202406|27|43110|45110000|2811000000|부산|수원시|서초동|서초1동|APT5522|푸르지오|8467|2|3|0.06|0.176|0.048|0.092|0.011|0.041|0.17|0.023|0.036|0.028|0.108|0.015|0.155|0.028|0.009
202406|46|26140|41130000|1111000000|인천|성남시|서초동|역삼1동|APT5936|푸르지오|3432|x|3|0.05|0.176|0.013|0.001|0.015|0.156|0.018|0.182|0.043|0.021|0.041|0.006|0.007|0.204|0.069
202406|41|11200|42110000|1114000000|서울|수원시|역삼동|역삼1동|APT3850|푸르지오|2357|2|6|0.056|0.0|0.002|0.019|0.068|0.084|0.019|0.02|0.126|0.072|0.135|0.131|0.193|0.063|0.012
202406|42|41130|42110000|4211000000|인천|수원시|역삼동|서초1동|APT3647|푸르지오|15054|x|2|0.076|0.082|0.009|0.038|0.105|0.051|0.141|0.028|0.114|0.106|0.018|0.123|0.006|0.031|0.073
202406|43|45110|42110000|1120000000|인천|수원시|서초동|역삼1동|APT2390|자이|2015|1|5|0.011|0.07|0.067|0.058|0.031|0.051|0.005|0.016|0.072|0.038|0.004|0.013|0.196|0.227|0.142
202406|45|47110|41130000|4115000000|인천|서초구|인계동|역삼1동|APT6820|래미안|3296|2|4|0.001|0.029|0.033|0.029|0.057|0.012|0.01|0.136|0.028|0.058|0.336|0.046|0.002|0.216|0.01
202406|27|41130|44130000|1111000000|부산|성남시|인계동|역삼1동|APT2775|힐스테이트|11109|2|5|0.036|0.003|0.065|0.026|0.121|0.008|0.02|0.021|0.153|0.342|0.003|0.106|0.029|0.009|0.056
202406|45|45110|43110000|2711000000|경기|성남시|서초동|역삼1동|APT6139|푸르지오|7205|2|4|0.068|0.019|0.076|0.067|0.029|0.075|0.196|0.137|0.018|0.011|0.095|0.166|0.01|0.014|0.019
202406|11|27110|11110000|4611000000|경기|서초구|인계동|역삼1동|APT3516|푸르지오|18518|2|2|0.021|0.181|0.025|0.122|0.002|0.059|0.017|0.208|0.01|0.053|0.018|0.052|0.055|0.095|0.082
202406|11|11140|11170000|4311000000|경기|수원시|서초동|역삼1동|APT1207|푸르지오|15047|1|6|0.024|0.038|0.033|0.008|0.075|0.112|0.015|0.012|0.01|0.392|0.077|0.019|0.033|0.005|0.146
202406|47|11140|44130000|4413000000|인천|서초구|서초동|서초1동|APT2105|자이|9418|2|3|0.034|0.059|0.095|0.106|0.227|0.02|0.043|0.024|0.022|0.135|0.022|0.034|0.03|0.122|0.025
202406|43|41130|26110000|4413000000|서울|성남시|인계동|서초1동|APT4524|자이|5392|2|5|0.006|0.248|0.15|0.029|0.03|0.05|0.004|0.268|0.058|0.004|0.002|0.065|0.064|0.009|0.012
202406|27|26110|45110000|2611000000|부산|성남시|역삼동|서초1동|APT7081|자이|19783|2|5|0.037|0.013|0.013|0.156|0.27|0.039|0.048|0.004|0.031|0.021|0.035|0.057|0.003|0.265|0.008
202406|27|44130|41110000|4711000000|경기|서초구|역삼동|서초1동|APT7041|푸르지오|15822|2|3|0.006|0.018|0.112|0.045|0.122|0.096|0.036|0.174|0.156|0.063|0.024|0.085|0.044|0.011|0.008
202406|42|26140|45110000|1120000000|서울|수원시|서초동|서초1동|APT1850|자이|13064|2|6|0.016|0.158|0.144|0.125|0.101|0.021|0.136|0.045|0.009|0.011|0.006|0.032|0.02|0.054|0.123
202406|42|43110|41130000|2811000000|인천|서초구|역삼동|역삼1동|APT2533|자이|19538|1|3|0.077|0.047|0.03|0.098|0.138|0.098|0.005|0.201|0.005|0.115|0.026|0.037|0.059|0.033|0.033
202406|27|28110|41110000|4111000000|경기|성남시|서초동|역삼1동|APT8340|푸르지오|18806|2|5|0.064|0.015|0.14|0.134|0.076|0.035|0.094|0.022|0.14|0.027|0.096|0.009|0.071|0.004|0.074
202406|46|11110|26140000|4611000000|서울|강남구|인계동|서초1동|APT3115|푸르지오|5028|1|3|0.112|0.128|0.026|0.013|0.207|0.014|0.025|0.063|0.018|0.09|0.088|0.032|0.023|0.125|0.034
202406|26|11140|45110000|4413000000|인천|성남시|서초동|서초1동|APT1864|래미안|9358|1|3|0.035|0.003|0.029|0.059|0.054|0.134|0.099|0.091|0.095|0.061|0.036|0.007|0.097|0.05|0.15
202406|44|11200|45110000|2711000000|경기|수원시|역삼동|서초1동|APT9005|래미안|8372|2|3|0.053|0.126|0.0|0.059|0.004|0.029|0.06|0.027|0.101|0.066|0.196|0.145|0.06|0.004|0.069
202406|26|46110|43110000|4113000000|서울|수원시|서초동|서초1동|APT9412|푸르지오|2349|1|6|0.006|0.003|0.013|0.053|0.044|0.125|0.009|0.016|0.007|0.162|0.003|0.005|0.02|0.001|0.534
202406|45|44130|11170000|4113000000|서울|강남구|인계동|서초1동|APT6605|푸르지오|11863|1|2|0.256|0.046|0.005|0.023|0.01|0.185|0.035|0.054|0.034|0.136|0.013|0.034|0.005|0.117|0.046
202406|41|11110|41150000|4115000000|부산|서초구|역삼동|서초1동|APT6479|힐스테이트|2231|2|6|0.087|0.09|0.151|0.005|0.038|0.052|0.005|0.115|0.197|0.045|0.015|0.013|0.062|0.066|0.059
202406|41|26110|11140000|2611000000|경기|강남구|역삼동|역삼1동|APT1002|래미안|8925|2|5|0.053|0.016|0.036|0.119|0.184|0.051|0.018|0.059|0.077|0.087|0.144|0.036|0.008|0.066|0.046
202406|45|28110|41130000|2711000000|경기|수원시|인계동|역삼1동|APT9554|자이|3853|2|6|0.017|0.061|0.12|0.107|0.034|0.012|0.076|0.216|0.158|0.012|0.009|0.054|0.064|0.053|0.005
202406|43|27110|27110000|4413000000|서울|서초구|서초동|서초1동|APT3461|래미안|14304|2|6|0.077|0.003|0.037|0.048|0.114|0.131|0.003|0.038|0.097|0.069|0.171|0.016|0.026|0.141|0.03
202406|43|11140|11170000|2611000000|부산|수원시|인계동|역삼1동|APT3493|래미안|17447|2|6|0.01|0.002|0.287|0.037|0.024|0.065|0.067|0.122|0.145|0.011|0.076|0.024|0.063|0.029|0.038
202406|47|26110|42110000|2811000000|인천|수원시|인계동|역삼1동|APT6524|힐스테이트|13503|1|3|0.019|0.008|0.05|0.007|0.011|0.081|0.062|0.027|0.167|0.245|0.164|0.057|0.027|0.057|0.017
202406|45|41150|11110000|4611000000|서울|강남구|인계동|서초1동|APT9955|푸르지오|15706|1|2|0.137|0.071|0.056|0.114|0.144|0.047|0.019|0.004|0.003|0.118|0.027|0.029|0.133|0.075|0.022
202406|11|41110|27110000|2711000000|인천|강남구|서초동|서초1동|APT9963|자이|15489|1|5|0.12|0.049|0.012|0.014|0.082|0.097|0.074|0.178|0.015|0.207|0.021|0.035|0.069|0.003|0.023
202406|42|43110|41150000|4211000000|경기|수원시|서초동|역삼1동|APT6324|푸르지오|16713|1|5|0.012|0.09|0.006|0.22|0.083|0.027|0.007|0.007|0.143|0.12|0.023|0.177|0.054|0.0|0.031
202406|27|45110|47110000|4511000000|경기|강남구|서초동|서초1동|APT3282|힐스테이트|16426|2|3|0.176|0.135|0.034|0.005|0.066|0.054|0.04|0.113|0.03|0.05|0.079|0.007|0.16|0.046|0.005
202406|45|41150|45110000|2711000000|서울|성남시|서초동|서초1동|APT3405|래미안|16390|1|3|0.239|0.111|0.032|0.026|0.01|0.017|0.282|0.023|0.031|0.034|0.092|0.017|0.01|0.041|0.033
202406|43|41150|11170000|4111000000|인천|수원시|서초동|역삼1동|APT4339|자이|14677|2|3|0.068|0.006|0.066|0.166|0.139|0.019|0.015|0.001|0.064|0.007|0.07|0.006|0.061|0.288|0.024
202406|11|46110|41110000|4111000000|부산|서초구|역삼동|서초1동|APT2636|힐스테이트|14360|2|4|0.048|0.013|0.195|0.02|0.019|0.013|0.016|0.015|0.057|0.034|0.023|0.017|0.049|0.112|0.368
202406|45|41110|41150000|4211000000|인천|수원시|서초동|서초1동|APT6658|푸르지오|8489|1|5|0.042|0.229|0.038|0.022|0.004|0.037|0.102|0.021|0.026|0.098|0.0|0.114|0.073|0.009|0.186
202406|47|11170|42110000|4611000000|서울|수원시|역삼동|서초1동|APT2797|푸르지오|16391|x|6|0.057|0.026|0.075|0.036|0.06|0.085|0.074|0.086|0.154|0.085|0.063|0.131|0.002|0.054|0.011
202406|41|41150|11140000|1117000000|서울|강남구|서초동|역삼1동|APT3479|힐스테이트|7469|2|4|0.008|0.017|0.062|0.25|0.078|0.119|0.042|0.019|0.102|0.031|0.13|0.017|0.011|0.037|0.075
202406|46|41130|28110000|4413000000|서울|수원시|인계동|서초1동|APT6930|자이|10960|1|3|0.004|0.034|0.064|0.022|0.021|0.123|0.266|0.026|0.033|0.002|0.139|0.062|0.111|0.056|0.036
202406|45|41150|46110000|1120000000|서울|수원시|서초동|서초1동|APT6023|푸르지오|18787|1|2|0.074|0.119|0.095|0.027|0.037|0.042|0.065|0.155|0.084|0.026|0.07|0.077|0.003|0.029|0.097
202406|47|44130|27110000|4311000000|서울|성남시|인계동|역삼1동|APT3344|래미안|2026|1|5|0.013|0.073|0.174|0.014|0.024|0.183|0.07|0.164|0.0|0.089|0.101|0.038|0.029|0.024|0.004
202406|46|28110|27110000|2614000000|부산|성남시|서초동|서초1동|APT6372|힐스테이트|16744|1|5|0.181|0.015|0.163|0.016|0.024|0.093|0.01|0.026|0.077|0.024|0.005|0.064|0.025|0.019|0.259
202406|47|47110|43110000|4711000000|인천|서초구|인계동|서초1동|APT7840|푸르지오|12916|2|4|0.025|0.018|0.0|0.228|0.055|0.105|0.162|0.001|0.083|0.048|0.069|0.017|0.094|0.057|0.039
202406|42|41150|41150000|4611000000|인천|서초구|역삼동|역삼1동|APT3663|힐스테이트|15777|2|4|0.015|0.126|0.059|0.073|0.159|0.112|0.009|0.062|0.017|0.056|0.023|0.037|0.021|0.101|0.131
202406|11|26140|43110000|2614000000|인천|서초구|서초동|서초1동|APT9036|푸르지오|2700|x|3|0.08|0.037|0.057|0.093|0.011|0.24|0.01|0.02|0.004|0.083|0.024|0.051|0.074|0.156|0.061
202406|42|47110|47110000|1114000000|부산|강남구|인계동|역삼1동|APT7204|자이|7397|2|3|0.024|0.055|0.045|0.08|0.119|0.041|0.024|0.068|0.067|0.072|0.133|0.055|0.157|0.043|0.016
202406|26|26110|45110000|4413000000|경기|성남시|서초동|서초1동|APT1071|자이|11162|2|3|0.003|0.014|0.205|0.05|0.035|0.128|0.033|0.02|0.013|0.104|0.005|0.187|0.004|0.163|0.036
202406|41|11110|47110000|4711000000|경기|강남구|인계동|역삼1동|APT3395|자이|13496|2|5|0.024|0.202|0.03|0.007|0.034|0.122|0.001|0.032|0.035|0.004|0.244|0.003|0.05|0.1|0.112
202406|47|11170|42110000|1117000000|경기|강남구|서초동|서초1동|APT3742|래미안|15982|2|4|0.297|0.005|0.026|0.002|0.047|0.1|0.057|0.157|0.019|0.013|0.134|0.006|0.008|0.011|0.118
202406|47|11200|11170000|4115000000|서울|성남시|서초동|서초1동|APT8169|자이|7155|1|4|0.088|0.04|0.088|0.087|0.158|0.018|0.181|0.047|0.083|0.002|0.064|0.012|0.064|0.031|0.038
202406|45|46110|41150000|4211000000|서울|성남시|서초동|서초1동|APT4971|자이|9247|2|6|0.007|0.225|0.163|0.121|0.011|0.07|0.018|0.109|0.007|0.012|0.043|0.058|0.042|0.026|0.088
202406|47|45110|42110000|4113000000|인천|서초구|역삼동|서초1동|APT2606|자이|14654|2|5|0.063|0.0|0.135|0.042|0.057|0.084|0.016|0.096|0.078|0.043|0.012|0.075|0.109|0.186|0.005
202406|26|28110|26140000|1117000000|서울|성남시|서초동|역삼1동|APT6278|푸르지오|9229|1|5|0.037|0.004|0.084|0.013|0.065|0.158|0.021|0.077|0.167|0.081|0.046|0.031|0.056|0.096|0.065
202406|27|43110|41110000|4211000000|경기|수원시|인계동|역삼1동|APT1289|자이|2093|1|2|0.062|0.03|0.097|0.0|0.08|0.108|0.057|0.114|0.029|0.057|0.133|0.009|0.017|0.021|0.186
202406|46|45110|47110000|2614000000|부산|수원시|서초동|역삼1동|APT5604|푸르지오|10051|x|4|0.0|0.18|0.057|0.139|0.109|0.065|0.112|0.071|0.026|0.019|0.004|0.01|0.108|0.019|0.078
202406|11|26110|41150000|2611000000|서울|서초구|인계동|서초1동|APT4422|푸르지오|2567|x|5|0.039|0.067|0.157|0.06|0.007|0.011|0.008|0.007|0.147|0.057|0.052|0.075|0.208|0.089|0.015
202406|47|41110|47110000|4113000000|부산|서초구|인계동|서초1동|APT8456|푸르지오|15236|1|2|0.129|0.014|0.12|0.014|0.093|0.004|0.165|0.014|0.008|0.037|0.03|0.035|0.153|0.067|0.117
202406|27|11110|45110000|1111000000|경기|서초구|역삼동|역삼1동|APT8976|푸르지오|14421|1|4|0.031|0.018|0.026|0.002|0.106|0.096|0.114|0.046|0.103|0.252|0.017|0.056|0.049|0.017|0.065
202406|44|27110|42110000|1117000000|인천|서초구|인계동|역삼1동|APT5894|힐스테이트|14021|2|5|0.001|0.0|0.076|0.053|0.027|0.078|0.001|0.19|0.09|0.117|0.008|0.092|0.116|0.112|0.039
202406|45|11200|42110000|2711000000|서울|수원시|인계동|역삼1동|APT4187|자이|18968|1|3|0.114|0.023|0.159|0.106|0.033|0.079|0.023|0.024|0.061|0.141|0.101|0.038|0.035|0.046|0.015
202406|47|28110|11200000|4211000000|서울|서초구|역삼동|역삼1동|APT2135|자이|10427|2|3|0.034|0.076|0.02|0.007|0.044|0.088|0.022|0.026|0.198|0.026|0.101|0.056|0.007|0.055|0.239
202406|11|41110|44130000|2611000000|인천|강남구|역삼동|역삼1동|APT7289|래미안|5679|2|5|0.061|0.014|0.176|0.022|0.009|0.304|0.002|0.048|0.041|0.032|0.098|0.003|0.015|0.115|0.06
202406|43|11170|11140000|4111000000|인천|서초구|인계동|서초1동|APT9641|푸르지오|19325|1|4|0.07|0.073|0.052|0.028|0.038|0.018|0.048|0.021|0.242|0.051|0.221|0.011|0.075|0.001|0.053
202406|46|47110|44130000|4211000000|경기|강남구|서초동|서초1동|APT6998|힐스테이트|7536|1|4|0.019|0.0|0.147|0.151|0.01|0.021|0.112|0.071|0.079|0.023|0.041|0.148|0.092|0.074|0.011
202406|41|26140|26140000|2611000000|경기|서초구|인계동|역삼1동|APT6718|푸르지오|15789|x|6|0.01|0.02|0.141|0.031|0.03|0.106|0.01|0.401|0.003|0.08|0.005|0.01|0.051|0.004|0.098
202406|41|11200|44130000|2611000000|부산|강남구|인계동|서초1동|APT2290|힐스테이트|13864|1|6|0.062|0.006|0.05|0.001|0.045|0.027|0.133|0.035|0.09|0.211|0.006|0.007|0.04|0.086|0.201
202406|42|11110|28110000|4111000000|인천|성남시|서초동|서초1동|APT4485|힐스테이트|14298|1|4|0.01|0.042|0.061|0.078|0.005|0.013|0.225|0.019|0.044|0.069|0.053|0.067|0.125|0.103|0.087
202406|45|46110|45110000|4113000000|서울|수원시|인계동|서초1동|APT1749|래미안|14521|2|3|0.054|0.152|0.001|0.031|0.025|0.033|0.009|0.04|0.011|0.137|0.1|0.006|0.048|0.005|0.347
202406|46|11110|11110000|2711000000|부산|수원시|서초동|역삼1동|APT2581|힐스테이트|16867|1|6|0.069|0.019|0.08|0.111|0.054|0.018|0.053|0.18|0.055|0.081|0.048|0.079|0.091|0.002|0.058
202406|27|11110|11200000|1111000000|경기|수원시|서초동|역삼1동|APT5845|자이|3493|1|6|0.048|0.013|0.016|0.129|0.313|0.083|0.063|0.111|0.024|0.06|0.022|0.002|0.016|0.024|0.077
202406|44|11170|42110000|4111000000|인천|서초구|서초동|서초1동|APT3280|자이|16486|1|2|0.086|0.02|0.045|0.03|0.003|0.084|0.005|0.124|0.081|0.019|0.255|0.118|0.025|0.01|0.096
202406|47|45110|44130000|2711000000|인천|서초구|역삼동|서초1동|APT5076|힐스테이트|8611|1|3|0.003|0.008|0.019|0.115|0.018|0.046|0.062|0.028|0.039|0.229|0.049|0.059|0.102|0.04|0.182
202406|45|26110|43110000|4511000000|인천|강남구|역삼동|서초1동|APT9194|힐스테이트|6388|1|4|0.089|0.053|0.102|0.022|0.056|0.003|0.066|0.049|0.145|0.049|0.087|0.056|0.106|0.086|0.032
202406|11|11200|11110000|2611000000|경기|서초구|서초동|역삼1동|APT7525|자이|16640|2|3|0.007|0.134|0.04|0.101|0.092|0.063|0.021|0.066|0.054|0.092|0.006|0.003|0.108|0.199|0.014
202406|45|47110|11170000|4211000000|인천|성남시|서초동|서초1동|APT7692|푸르지오|15458|2|3|0.005|0.025|0.085|0.137|0.042|0.07|0.03|0.268|0.005|0.005|0.047|0.134|0.002|0.136|0.008
202406|45|26140|44130000|2811000000|부산|서초구|역삼동|서초1동|APT8300|푸르지오|4864|1|6|0.145|0.08|0.018|0.098|0.018|0.007|0.131|0.196|0.017|0.006|0.003|0.011|0.006|0.077|0.186
202406|46|28110|28110000|4511000000|부산|수원시|서초동|서초1동|APT8857|래미안|11522|1|5|0.048|0.002|0.225|0.018|0.003|0.011|0.24|0.09|0.046|0.142|0.032|0.011|0.033|0.01|0.091
202406|11|45110|41130000|1111000000|경기|수원시|인계동|역삼1동|APT2967|힐스테이트|5263|2|5|0.026|0.106|0.001|0.023|0.028|0.032|0.045|0.22|0.058|0.2|0.117|0.111|0.005|0.002|0.026
202406|42|41110|11200000|4413000000|인천|강남구|서초동|역삼1동|APT3659|래미안|17689|1|4|0.009|0.022|0.071|0.076|0.225|0.054|0.01|0.002|0.127|0.19|0.01|0.106|0.031|0.067|0.001
202406|42|43110|47110000|1120000000|서울|강남구|인계동|역삼1동|APT6324|힐스테이트|8884|x|3|0.014|0.076|0.011|0.184|0.027|0.204|0.001|0.008|0.033|0.096|0.085|0.061|0.067|0.01|0.124
202406|47|26110|11200000|4113000000|경기|강남구|인계동|서초1동|APT7109|래미안|12540|2|3|0.019|0.222|0.005|0.037|0.033|0.021|0.027|0.033|0.151|0.039|0.035|0.061|0.141|0.141|0.035
202406|26|45110|47110000|2611000000|인천|성남시|인계동|서초1동|APT1499|래미안|15367|2|5|0.007|0.073|0.084|0.201|0.044|0.041|0.018|0.115|0.069|0.055|0.019|0.055|0.158|0.045|0.015
202406|41|43110|11140000|4413000000|경기|강남구|인계동|서초1동|APT8737|힐스테이트|9862|1|4|0.016|0.321|0.013|0.005|0.066|0.015|0.113|0.01|0.013|0.011|0.036|0.182|0.127|0.069|0.003
202406|11|41110|43110000|4211000000|경기|서초구|인계동|역삼1동|APT9331|래미안|8098|1|6|0.056|0.259|0.012|0.107|0.034|0.075|0.044|0.023|0.08|0.056|0.108|0.009|0.12|0.011|0.006
202406|41|46110|41150000|4113000000|경기|성남시|역삼동|역삼1동|APT7670|힐스테이트|18424|2|5|0.032|0.044|0.084|0.003|0.033|0.128|0.177|0.204|0.034|0.023|0.156|0.026|0.051|0.002|0.003
202406|43|27110|11170000|4113000000|부산|서초구|서초동|서초1동|APT9994|푸르지오|19335|2|6|0.003|0.015|0.058|0.075|0.021|0.021|0.032|0.027|0.038|0.004|0.163|0.228|0.173|0.079|0.063
202406|42|41110|27110000|2611000000|인천|강남구|서초동|서초1동|APT5824|푸르지오|13125|2|5|0.02|0.228|0.113|0.065|0.041|0.013|0.079|0.048|0.015|0.025|0.014|0.034|0.236|0.06|0.01
202406|47|26140|42110000|4711000000|경기|성남시|역삼동|역삼1동|APT5193|래미안|2775|1|3|0.041|0.051|0.057|0.081|0.101|0.011|0.008|0.153|0.118|0.033|0.002|0.051|0.258|0.014|0.021
202406|26|45110|45110000|1120000000|서울|수원시|인계동|역삼1동|APT9154|자이|4017|1|4|0.081|0.035|0.048|0.03|0.098|0.023|0.034|0.246|0.006|0.087|0.01|0.099|0.057|0.068|0.078
202406|42|41150|41130000|4311000000|경기|서초구|인계동|서초1동|APT3901|자이|7534|2|5|0.063|0.052|0.071|0.022|0.03|0.165|0.045|0.146|0.028|0.026|0.018|0.003|0.044|0.144|0.144
202406|42|47110|41130000|1117000000|경기|강남구|서초동|서초1동|APT5286|힐스테이트|13967|1|5|0.018|0.056|0.396|0.037|0.046|0.028|0.054|0.013|0.018|0.057|0.023|0.159|0.032|0.064|0.0
202406|47|41150|41150000|4413000000|경기|서초구|인계동|서초1동|APT8859|푸르지오|2787|1|4|0.242|0.061|0.011|0.029|0.053|0.054|0.027|0.096|0.009|0.066|0.076|0.043|0.121|0.038|0.072
202406|11|11170|47110000|4115000000|경기|서초구|서초동|역삼1동|APT6627|푸르지오|19250|2|6|0.056|0.063|0.049|0.1|0.009|0.04|0.052|0.158|0.018|0.146|0.107|0.137|0.008|0.006|0.051
202406|26|42110|11200000|1120000000|부산|수원시|인계동|역삼1동|APT9670|래미안|17327|1|3|0.13|0.019|0.009|0.029|0.06|0.051|0.164|0.025|0.227|0.048|0.125|0.071|0.014|0.019|0.01
202406|42|42110|43110000|4211000000|경기|수원시|인계동|서초1동|APT3709|자이|10774|2|6|0.095|0.04|0.029|0.006|0.087|0.067|0.094|0.02|0.03|0.148|0.026|0.054|0.051|0.12|0.132
202406|46|42110|41110000|2811000000|경기|서초구|인계동|서초1동|APT7823|자이|17712|1|5|0.011|0.232|0.01|0.046|0.027|0.154|0.139|0.14|0.041|0.059|0.019|0.008|0.032|0.021|0.061
202406|46|26110|44130000|4211000000|인천|수원시|서초동|서초1동|APT1515|푸르지오|2478|x|5|0.044|0.099|0.256|0.108|0.061|0.075|0.024|0.01|0.039|0.013|0.063|0.143|0.037|0.009|0.019
202406|42|47110|44130000|4511000000|경기|강남구|서초동|서초1동|APT2573|래미안|6164|2|5|0.117|0.135|0.084|0.117|0.016|0.153|0.042|0.03|0.012|0.07|0.011|0.06|0.118|0.035|0.002
202406|42|45110|42110000|4511000000|경기|강남구|인계동|역삼1동|APT1155|자이|9960|2|2|0.22|0.016|0.034|0.091|0.173|0.045|0.004|0.014|0.131|0.019|0.08|0.009|0.012|0.018|0.135
202406|42|43110|46110000|4113000000|경기|서초구|인계동|서초1동|APT4418|래미안|14282|1|5|0.004|0.052|0.036|0.163|0.032|0.035|0.085|0.016|0.066|0.056|0.034|0.14|0.048|0.078|0.156
202406|47|41130|27110000|1114000000|인천|강남구|역삼동|역삼1동|APT6296|푸르지오|13023|1|6|0.028|0.067|0.0|0.021|0.017|0.035|0.013|0.001|0.304|0.093|0.008|0.084|0.011|0.228|0.089
202406|44|41130|43110000|1111000000|부산|강남구|서초동|서초1동|APT1036|자이|10822|2|4|0.143|0.003|0.047|0.041|0.073|0.006|0.001|0.112|0.329|0.014|0.019|0.175|0.023|0.003|0.01
202406|47|41110|47110000|4211000000|경기|수원시|역삼동|역삼1동|APT6662|힐스테이트|17746|2|6|0.26|0.014|0.064|0.024|0.135|0.031|0.018|0.016|0.121|0.041|0.003|0.032|0.001|0.2|0.039
202406|26|41110|44130000|4611000000|경기|수원시|역삼동|서초1동|APT6486|래미안|6632|1|6|0.081|0.05|0.018|0.014|0.002|0.031|0.045|0.379|0.08|0.03|0.039|0.037|0.017|0.084|0.094
202406|44|42110|28110000|2614000000|인천|수원시|인계동|서초1동|APT9778|래미안|9178|2|3|0.195|0.03|0.073|0.224|0.001|0.097|0.019|0.014|0.011|0.029|0.008|0.222|0.027|0.0|0.049
202406|43|41110|47110000|2711000000|경기|서초구|서초동|서초1동|APT2173|힐스테이트|12659|1|5|0.084|0.003|0.122|0.021|0.1|0.067|0.114|0.03|0.274|0.004|0.055|0.0|0.046|0.048|0.032
202406|11|11170|41110000|2611000000|부산|강남구|역삼동|서초1동|APT2711|래미안|7221|2|6|0.214|0.027|0.028|0.039|0.212|0.07|0.018|0.135|0.002|0.01|0.089|0.008|0.055|0.072|0.022
202406|42|11200|11200000|4611000000|부산|서초구|인계동|서초1동|APT9504|자이|9621|2|5|0.011|0.075|0.311|0.003|0.045|0.019|0.058|0.115|0.01|0.006|0.031|0.128|0.12|0.045|0.023
202406|44|27110|27110000|2711000000|부산|강남구|역삼동|역삼1동|APT3610|자이|5340|2|5|0.069|0.033|0.047|0.006|0.063|0.045|0.027|0.001|0.225|0.11|0.004|0.148|0.165|0.033|0.023
202406|27|45110|41110000|4413000000|경기|강남구|인계동|역삼1동|APT3504|힐스테이트|12931|2|3|0.144|0.108|0.114|0.055|0.063|0.039|0.0|0.005|0.016|0.041|0.009|0.023|0.12|0.223|0.039
202406|26|42110|26140000|1114000000|서울|강남구|서초동|서초1동|APT5206|래미안|12489|2|3|0.106|0.073|0.06|0.09|0.075|0.015|0.039|0.162|0.014|0.104|0.072|0.056|0.008|0.005|0.12
202406|11|45110|11110000|4413000000|부산|성남시|서초동|역삼1동|APT3157|푸르지오|5308|x|2|0.34|0.151|0.116|0.036|0.02|0.027|0.026|0.027|0.035|0.023|0.003|0.024|0.066|0.0|0.106
202406|46|44130|11200000|4211000000|서울|강남구|서초동|서초1동|APT1708|푸르지오|2466|x|3|0.178|0.232|0.081|0.005|0.011|0.017|0.067|0.039|0.022|0.023|0.008|0.251|0.02|0.024|0.022
202406|46|45110|41110000|1111000000|경기|서초구|역삼동|역삼1동|APT4689|래미안|13476|1|5|0.0|0.13|0.009|0.044|0.038|0.037|0.103|0.033|0.281|0.013|0.05|0.025|0.072|0.09|0.075
202406|11|41110|11140000|4113000000|경기|수원시|역삼동|역삼1동|APT8697|래미안|7265|1|3|0.115|0.021|0.085|0.054|0.006|0.083|0.002|0.112|0.013|0.023|0.05|0.25|0.047|0.078|0.06
202406|41|11200|41150000|1120000000|부산|서초구|인계동|역삼1동|APT3450|푸르지오|2589|1|4|0.024|0.138|0.001|0.216|0.077|0.05|0.046|0.073|0.026|0.049|0.028|0.014|0.036|0.138|0.085
202406|43|42110|11200000|1111000000|부산|성남시|인계동|역삼1동|APT6936|힐스테이트|10263|2|6|0.091|0.007|0.074|0.077|0.11|0.113|0.008|0.089|0.061|0.082|0.051|0.042|0.028|0.071|0.095
202406|41|46110|42110000|4711000000|인천|수원시|인계동|서초1동|APT4848|힐스테이트|15441|1|5|0.072|0.205|0.004|0.034|0.05|0.087|0.018|0.035|0.287|0.004|0.067|0.017|0.045|0.073|0.003
202406|44|11140|26140000|4311000000|부산|수원시|역삼동|서초1동|APT3297|래미안|14837|1|3|0.023|0.023|0.036|0.019|0.081|0.108|0.036|0.022|0.283|0.031|0.046|0.084|0.123|0.076|0.009
202406|11|41150|11110000|1117000000|서울|수원시|인계동|서초1동|APT9581|자이|14736|1|4|0.048|0.007|0.031|0.01|0.031|0.004|0.066|0.06|0.149|0.054|0.258|0.096|0.032|0.151|0.003
202406|42|41110|11170000|4311000000|부산|서초구|서초동|역삼1동|APT5905|푸르지오|10783|x|3|0.172|0.005|0.091|0.101|0.04|0.013|0.073|0.078|0.176|0.008|0.036|0.09|0.032|0.035|0.051
202406|46|41150|28110000|1117000000|경기|수원시|서초동|서초1동|APT6535|자이|16518|2|3|0.079|0.039|0.081|0.052|0.087|0.071|0.046|0.028|0.036|0.011|0.203|0.139|0.062|0.031|0.036
202406|43|11110|26110000|4413000000|부산|서초구|역삼동|역삼1동|APT5396|힐스테이트|2385|2|2|0.066|0.027|0.047|0.054|0.037|0.058|0.028|0.01|0.038|0.019|0.22|0.035|0.04|0.182|0.142
202406|42|43110|46110000|2811000000|서울|수원시|역삼동|서초1동|APT4881|힐스테이트|14727|2|5|0.018|0.035|0.058|0.006|0.032|0.044|0.039|0.033|0.009|0.129|0.066|0.336|0.036|0.087|0.072
202406|42|26110|45110000|1120000000|인천|강남구|인계동|역삼1동|APT7293|래미안|2558|2|6|0.084|0.054|0.082|0.002|0.107|0.004|0.094|0.019|0.11|0.011|0.058|0.063|0.035|0.201|0.076
202406|26|47110|11110000|1117000000|인천|강남구|서초동|역삼1동|APT4253|래미안|19675|1|3|0.204|0.016|0.053|0.1|0.004|0.014|0.117|0.133|0.026|0.075|0.019|0.056|0.01|0.084|0.088
202406|43|26110|41150000|4311000000|경기|수원시|인계동|역삼1동|APT7615|힐스테이트|2860|2|3|0.172|0.014|0.082|0.015|0.103|0.001|0.029|0.019|0.003|0.136|0.005|0.059|0.284|0.068|0.01
202406|42|11140|11170000|4113000000|경기|수원시|인계동|역삼1동|APT8092|푸르지오|5985|2|4|0.013|0.013|0.071|0.061|0.167|0.011|0.038|0.101|0.038|0.03|0.069|0.086|0.188|0.059|0.055
202406|43|11170|45110000|4113000000|서울|서초구|인계동|역삼1동|APT8666|푸르지오|3004|1|3|0.034|0.06|0.026|0.018|0.021|0.103|0.098|0.074|0.022|0.064|0.265|0.005|0.031|0.136|0.044
202406|41|41110|47110000|2614000000|경기|강남구|서초동|서초1동|APT8161|자이|7187|1|4|0.149|0.16|0.003|0.195|0.045|0.029|0.066|0.075|0.036|0.067|0.072|0.021|0.023|0.016|0.045
202406|46|27110|11200000|1117000000|인천|서초구|역삼동|서초1동|APT6981|자이|16449|2|3|0.014|0.002|0.032|0.174|0.011|0.119|0.025|0.06|0.029|0.07|0.178|0.028|0.174|0.056|0.028
202406|41|46110|46110000|1120000000|부산|서초구|역삼동|역삼1동|APT3784|래미안|13791|1|3|0.062|0.012|0.015|0.063|0.009|0.068|0.033|0.01|0.106|0.052|0.129|0.097|0.056|0.238|0.051
202406|11|42110|11140000|4113000000|부산|성남시|역삼동|역삼1동|APT7991|푸르지오|6014|2|3|0.156|0.024|0.041|0.022|0.015|0.007|0.066|0.066|0.007|0.18|0.033|0.049|0.254|0.012|0.067
202406|26|44130|27110000|4611000000|부산|수원시|서초동|서초1동|APT4430|자이|16868|2|6|0.046|0.038|0.022|0.112|0.12|0.109|0.003|0.18|0.182|0.079|0.057|0.009|0.021|0.007|0.016
202406|44|41130|26140000|2711000000|부산|서초구|인계동|역삼1동|APT6395|푸르지오|14127|2|4|0.022|0.152|0.208|0.007|0.046|0.026|0.035|0.095|0.021|0.03|0.002|0.122|0.104|0.036|0.096
202406|11|41130|41130000|4413000000|서울|강남구|역삼동|서초1동|APT3787|힐스테이트|6010|2|5|0.027|0.111|0.064|0.112|0.044|0.021|0.068|0.083|0.13|0.055|0.092|0.136|0.027|0.004|0.026
202406|11|44130|11170000|1117000000|서울|강남구|역삼동|서초1동|APT7079|래미안|18078|1|5|0.036|0.035|0.158|0.04|0.126|0.088|0.124|0.127|0.054|0.031|0.07|0.037|0.028|0.032|0.014
202406|46|44130|44130000|1120000000|인천|강남구|인계동|서초1동|APT8512|자이|13433|2|5|0.014|0.011|0.215|0.007|0.065|0.152|0.007|0.008|0.002|0.019|0.021|0.279|0.168|0.017|0.016
202406|41|11110|26140000|4511000000|부산|수원시|인계동|역삼1동|APT9209|푸르지오|15837|2|5|0.059|0.042|0.084|0.127|0.21|0.009|0.003|0.15|0.008|0.12|0.003|0.045|0.113|0.007|0.019
202406|42|11140|42110000|1114000000|인천|성남시|역삼동|역삼1동|APT4827|푸르지오|13225|2|5|0.008|0.034|0.016|0.048|0.011|0.036|0.143|0.029|0.048|0.402|0.012|0.104|0.009|0.027|0.074
202406|45|27110|27110000|4413000000|서울|서초구|인계동|서초1동|APT4993|자이|18709|2|3|0.053|0.022|0.034|0.12|0.028|0.168|0.27|0.058|0.027|0.052|0.075|0.023|0.034|0.036|0.002
202406|43|45110|11110000|2811000000|서울|성남시|인계동|역삼1동|APT5414|푸르지오|8264|1|6|0.177|0.053|0.005|0.05|0.011|0.023|0.007|0.207|0.054|0.034|0.004|0.016|0.022|0.186|0.152
202406|44|11170|11140000|4611000000|경기|강남구|역삼동|역삼1동|APT2427|래미안|13060|1|3|0.158|0.036|0.061|0.05|0.04|0.008|0.028|0.024|0.003|0.006|0.114|0.007|0.099|0.002|0.363
202406|44|28110|42110000|4115000000|경기|수원시|서초동|역삼1동|APT3770|푸르지오|17830|2|3|0.172|0.071|0.064|0.118|0.051|0.048|0.072|0.063|0.054|0.02|0.086|0.016|0.028|0.119|0.017
202406|42|42110|26110000|4711000000|부산|서초구|서초동|서초1동|APT9418|자이|4791|2|5|0.069|0.015|0.007|0.042|0.026|0.218|0.148|0.049|0.077|0.048|0.016|0.012|0.181|0.09|0.001
202406|42|42110|41150000|4113000000|인천|수원시|역삼동|서초1동|APT3552|자이|7171|x|2|0.076|0.059|0.071|0.22|0.038|0.003|0.008|0.09|0.047|0.036|0.154|0.058|0.011|0.069|0.06
202406|42|26140|46110000|2711000000|인천|서초구|인계동|역삼1동|APT3415|자이|6557|1|5|0.003|0.005|0.016|0.038|0.18|0.242|0.022|0.084|0.003|0.185|0.046|0.07|0.035|0.021|0.048
202406|46|47110|47110000|4711000000|경기|수원시|역삼동|서초1동|APT1851|푸르지오|4982|1|4|0.06|0.076|0.006|0.055|0.056|0.205|0.008|0.144|0.058|0.009|0.117|0.054|0.042|0.096|0.013
202406|11|11170|45110000|4611000000|부산|수원시|인계동|역삼1동|APT7267|래미안|2566|x|5|0.007|0.005|0.107|0.045|0.032|0.003|0.053|0.005|0.149|0.122|0.343|0.016|0.028|0.019|0.067
202406|43|41150|27110000|4511000000|부산|강남구|역삼동|역삼1동|APT9810|힐스테이트|19340|1|2|0.016|0.049|0.068|0.193|0.048|0.093|0.092|0.045|0.069|0.072|0.002|0.034|0.04|0.048|0.131
202406|43|41110|42110000|2811000000|경기|성남시|서초동|서초1동|APT3961|푸르지오|13192|2|3|0.145|0.0|0.023|0.016|0.06|0.109|0.008|0.093|0.006|0.135|0.164|0.016|0.023|0.154|0.046
202406|26|26110|27110000|1120000000|경기|수원시|인계동|역삼1동|APT9034|푸르지오|9821|2|3|0.034|0.092|0.002|0.034|0.036|0.017|0.079|0.099|0.202|0.025|0.002|0.028|0.082|0.136|0.13
202406|42|28110|41130000|4511000000|부산|강남구|서초동|서초1동|APT9719|래미안|5019|2|3|0.064|0.141|0.067|0.014|0.095|0.128|0.253|0.015|0.007|0.071|0.012|0.069|0.003|0.054|0.009
202406|11|42110|11170000|4115000000|인천|강남구|서초동|서초1동|APT5958|푸르지오|13445|1|6|0.162|0.082|0.058|0.008|0.116|0.02|0.019|0.026|0.113|0.009|0.034|0.103|0.021|0.193|0.037
202406|26|46110|11140000|4711000000|인천|서초구|인계동|서초1동|APT5153|래미안|18759|2|3|0.118|0.009|0.006|0.024|0.094|0.113|0.021|0.078|0.151|0.002|0.048|0.083|0.06|0.097|0.096
202406|41|11170|41110000|2611000000|서울|서초구|역삼동|서초1동|APT4107|푸르지오|11960|2|6|0.046|0.091|0.034|0.034|0.114|0.212|0.078|0.001|0.008|0.097|0.131|0.062|0.085|0.006|0.0
202406|46|28110|27110000|4311000000|인천|서초구|역삼동|서초1동|APT1854|힐스테이트|8942|x|6|0.091|0.026|0.032|0.033|0.041|0.007|0.025|0.142|0.026|0.151|0.108|0.079|0.006|0.103|0.13
202406|44|11170|47110000|1114000000|서울|성남시|역삼동|서초1동|APT4228|힐스테이트|18769|2|3|0.042|0.112|0.016|0.125|0.162|0.014|0.023|0.105|0.1|0.017|0.009|0.098|0.015|0.042|0.119
202406|47|11170|41130000|1117000000|서울|강남구|인계동|역삼1동|APT1955|힐스테이트|5649|1|4|0.04|0.004|0.003|0.045|0.032|0.056|0.003|0.142|0.056|0.21|0.24|0.047|0.058|0.051|0.013
202406|42|45110|11200000|4511000000|서울|성남시|서초동|서초1동|APT8181|래미안|8898|1|4|0.031|0.041|0.147|0.003|0.004|0.007|0.048|0.076|0.245|0.071|0.04|0.085|0.073|0.06|0.068
202406|45|41150|11200000|1114000000|인천|수원시|서초동|서초1동|APT4480|자이|13799|1|3|0.282|0.019|0.078|0.159|0.002|0.011|0.025|0.008|0.088|0.026|0.009|0.007|0.234|0.009|0.042
202406|11|41130|41130000|1117000000|인천|서초구|인계동|서초1동|APT6440|힐스테이트|18646|1|3|0.035|0.078|0.107|0.022|0.001|0.021|0.08|0.011|0.03|0.142|0.106|0.127|0.062|0.069|0.107
202406|45|28110|11140000|4413000000|부산|서초구|인계동|서초1동|APT9581|자이|11157|2|5|0.175|0.015|0.043|0.253|0.066|0.023|0.039|0.006|0.043|0.069|0.039|0.082|0.005|0.062|0.08
202406|42|45110|27110000|2811000000|경기|서초구|역삼동|역삼1동|APT1918|자이|18548|x|4|0.065|0.11|0.079|0.013|0.002|0.0|0.188|0.035|0.154|0.056|0.235|0.007|0.052|0.002|0.001
202406|47|47110|47110000|4611000000|부산|서초구|인계동|역삼1동|APT2254|자이|3468|2|2|0.009|0.131|0.107|0.012|0.001|0.035|0.068|0.01|0.038|0.001|0.088|0.024|0.13|0.168|0.18
202406|46|11170|28110000|4211000000|서울|서초구|인계동|서초1동|APT9861|푸르지오|16428|1|5|0.11|0.06|0.045|0.146|0.019|0.018|0.038|0.155|0.075|0.062|0.006|0.226|0.04|0.0|0.001
202406|47|41110|27110000|2614000000|경기|강남구|서초동|서초1동|APT3712|래미안|4331|1|3|0.009|0.259|0.064|0.144|0.105|0.071|0.08|0.008|0.005|0.032|0.136|0.017|0.059|0.006|0.005
202406|44|26110|41110000|4311000000|부산|수원시|역삼동|서초1동|APT1802|힐스테이트|12925|1|4|0.036|0.038|0.01|0.013|0.009|0.073|0.022|0.015|0.049|0.049|0.168|0.108|0.073|0.274|0.064
202406|42|43110|41150000|2811000000|서울|성남시|서초동|서초1동|APT8591|래미안|6716|2|6|0.04|0.121|0.016|0.236|0.046|0.096|0.062|0.034|0.116|0.012|0.071|0.063|0.018|0.004|0.066
202406|46|43110|45110000|2711000000|서울|서초구|역삼동|역삼1동|APT8992|래미안|5627|x|5|0.094|0.003|0.014|0.035|0.075|0.0|0.059|0.063|0.261|0.004|0.044|0.116|0.003|0.213|0.014
202406|42|28110|28110000|4211000000|서울|성남시|서초동|서초1동|APT8705|힐스테이트|14353|1|4|0.003|0.007|0.035|0.075|0.037|0.047|0.053|0.085|0.091|0.069|0.111|0.025|0.117|0.11|0.135
202406|41|28110|28110000|2811000000|인천|성남시|역삼동|서초1동|APT3046|힐스테이트|17028|1|3|0.08|0.069|0.033|0.066|0.144|0.16|0.001|0.013|0.095|0.011|0.048|0.161|0.044|0.035|0.041
202406|47|26140|46110000|4113000000|인천|성남시|역삼동|서초1동|APT3304|자이|15603|2|4|0.071|0.033|0.036|0.02|0.003|0.001|0.098|0.065|0.07|0.077|0.462|0.027|0.025|0.008|0.004
202406|45|41130|11110000|4611000000|인천|서초구|역삼동|서초1동|APT4762|자이|5678|1|5|0.053|0.03|0.126|0.01|0.083|0.019|0.036|0.073|0.15|0.048|0.169|0.034|0.037|0.036|0.095
202406|27|11140|42110000|2811000000|서울|강남구|역삼동|역삼1동|APT3817|힐스테이트|18432|2|2|0.01|0.009|0.072|0.011|0.009|0.043|0.21|0.096|0.282|0.004|0.048|0.167|0.009|0.005|0.027
202406|45|42110|11200000|4111000000|인천|강남구|인계동|역삼1동|APT8987|자이|2009|2|4|0.08|0.106|0.03|0.152|0.051|0.002|0.042|0.081|0.072|0.043|0.036|0.109|0.068|0.029|0.098
202406|45|43110|43110000|4113000000|서울|성남시|역삼동|역삼1동|APT1347|힐스테이트|6476|2|4|0.076|0.011|0.019|0.037|0.076|0.073|0.077|0.158|0.1|0.022|0.02|0.15|0.044|0.117|0.021
202406|43|11110|11110000|2811000000|서울|강남구|서초동|서초1동|APT2876|푸르지오|4511|2|4|0.02|0.04|0.042|0.036|0.08|0.167|0.093|0.011|0.013|0.002|0.045|0.006|0.241|0.053|0.154
202406|47|44130|42110000|4111000000|서울|서초구|서초동|역삼1동|APT1276|래미안|5703|1|2|0.013|0.075|0.023|0.133|0.062|0.094|0.261|0.091|0.02|0.005|0.085|0.014|0.042|0.059|0.024
202406|11|26110|41110000|2614000000|인천|강남구|역삼동|역삼1동|APT8937|푸르지오|2133|1|5|0.097|0.016|0.305|0.032|0.065|0.04|0.127|0.023|0.108|0.014|0.049|0.056|0.06|0.005|0.002
202406|42|47110|41110000|1114000000|서울|강남구|서초동|서초1동|APT8744|힐스테이트|17343|2|3|0.157|0.043|0.109|0.013|0.073|0.06|0.088|0.162|0.043|0.017|0.009|0.04|0.063|0.051|0.072
202406|46|46110|11140000|2611000000|부산|수원시|인계동|서초1동|APT1287|래미안|5430|x|2|0.009|0.026|0.011|0.1|0.063|0.071|0.196|0.1|0.055|0.006|0.031|0.278|0.002|0.044|0.01
202406|47|11170|11170000|2614000000|서울|성남시|인계동|역삼1동|APT4022|힐스테이트|5067|1|4|0.169|0.024|0.0|0.005|0.091|0.078|0.009|0.049|0.147|0.014|0.041|0.04|0.04|0.244|0.049
202406|11|41110|45110000|1120000000|부산|수원시|서초동|서초1동|APT4272|푸르지오|6571|1|4|0.002|0.023|0.044|0.258|0.011|0.089|0.057|0.029|0.022|0.05|0.007|0.085|0.149|0.135|0.038
202406|11|11200|11170000|1117000000|인천|수원시|인계동|역삼1동|APT7989|힐스테이트|9900|1|4|0.015|0.024|0.024|0.062|0.013|0.03|0.012|0.064|0.114|0.149|0.054|0.094|0.003|0.136|0.206
202406|27|26140|28110000|2611000000|인천|수원시|역삼동|역삼1동|APT8851|래미안|17630|2|3|0.086|0.047|0.121|0.047|0.024|0.065|0.1|0.026|0.033|0.039|0.291|0.017|0.011|0.079|0.013
202406|46|42110|28110000|4413000000|인천|강남구|인계동|서초1동|APT6046|래미안|2853|2|4|0.243|0.003|0.072|0.067|0.009|0.122|0.034|0.004|0.131|0.039|0.077|0.046|0.043|0.088|0.023
202406|45|11200|43110000|1120000000|경기|성남시|역삼동|역삼1동|APT3373|힐스테이트|9529|1|5|0.152|0.15|0.07|0.045|0.016|0.043|0.031|0.005|0.108|0.067|0.005|0.066|0.097|0.054|0.09
202406|43|11200|46110000|4711000000|인천|수원시|인계동|역삼1동|APT2591|푸르지오|11119|2|3|0.088|0.008|0.021|0.03|0.057|0.008|0.076|0.024|0.049|0.052|0.153|0.038|0.16|0.211|0.026
202406|47|45110|47110000|1120000000|경기|수원시|서초동|서초1동|APT5782|자이|6567|2|2|0.098|0.16|0.013|0.064|0.111|0.089|0.0|0.11|0.045|0.005|0.05|0.113|0.049|0.007|0.087
202406|11|42110|26110000|2711000000|인천|서초구|서초동|서초1동|APT9806|푸르지오|16136|2|4|0.004|0.034|0.166|0.088|0.012|0.064|0.14|0.071|0.03|0.055|0.012|0.166|0.034|0.045|0.08
202406|45|41150|45110000|1114000000|인천|서초구|인계동|역삼1동|APT5026|래미안|5404|1|5|0.046|0.012|0.008|0.025|0.192|0.0|0.038|0.02|0.013|0.094|0.091|0.168|0.08|0.17|0.043
202406|41|43110|28110000|4211000000|부산|서초구|역삼동|역삼1동|APT8371|자이|11105|x|3|0.116|0.083|0.011|0.044|0.083|0.003|0.03|0.035|0.22|0.072|0.008|0.104|0.002|0.135|0.055
202406|46|41130|26140000|4211000000|부산|강남구|역삼동|역삼1동|APT6681|푸르지오|9314|2|3|0.162|0.004|0.053|0.078|0.016|0.018|0.092|0.033|0.086|0.229|0.062|0.062|0.016|0.078|0.01
202406|26|41130|41130000|4115000000|부산|서초구|역삼동|역삼1동|APT7490|푸르지오|2271|1|6|0.013|0.006|0.263|0.04|0.022|0.041|0.162|0.065|0.031|0.02|0.06|0.032|0.067|0.02|0.159
202406|44|28110|11110000|2711000000|인천|강남구|서초동|역삼1동|APT4302|푸르지오|5978|2|6|0.112|0.078|0.067|0.025|0.03|0.024|0.006|0.042|0.242|0.001|0.093|0.002|0.158|0.055|0.065
202406|46|47110|45110000|4311000000|서울|강남구|서초동|서초1동|APT1088|푸르지오|6500|1|4|0.028|0.022|0.085|0.013|0.076|0.171|0.071|0.003|0.029|0.003|0.133|0.206|0.042|0.081|0.037
202406|44|27110|42110000|2614000000|경기|성남시|인계동|서초1동|APT1574|래미안|8693|1|6|0.019|0.008|0.053|0.158|0.01|0.191|0.065|0.19|0.04|0.053|0.035|0.037|0.073|0.049|0.019
202406|26|11200|26110000|2811000000|경기|성남시|인계동|서초1동|APT6384|힐스테이트|8784|x|4|0.009|0.078|0.001|0.079|0.044|0.032|0.153|0.097|0.199|0.069|0.047|0.071|0.039|0.016|0.065
202406|46|41150|28110000|1114000000|경기|서초구|서초동|역삼1동|APT4187|자이|16519|1|4|0.003|0.126|0.01|0.008|0.041|0.04|0.015|0.019|0.013|0.096|0.148|0.233|0.014|0.094|0.139
202406|42|41130|26140000|4413000000|부산|성남시|서초동|서초1동|APT3930|래미안|10111|1|3|0.016|0.061|0.065|0.026|0.082|0.077|0.204|0.06|0.001|0.036|0.024|0.026|0.096|0.075|0.15
202406|44|41150|47110000|4211000000|서울|강남구|인계동|역삼1동|APT6010|래미안|7675|1|4|0.039|0.07|0.027|0.038|0.108|0.098|0.113|0.023|0.244|0.025|0.052|0.143|0.004|0.009|0.008
202406|46|11110|11200000|4413000000|서울|서초구|역삼동|역삼1동|APT8757|래미안|19023|2|4|0.005|0.02|0.025|0.002|0.181|0.014|0.059|0.127|0.05|0.048|0.153|0.199|0.006|0.044|0.067
202406|11|41150|41130000|4311000000|서울|강남구|역삼동|역삼1동|APT9552|힐스테이트|5944|2|3|0.141|0.053|0.007|0.027|0.09|0.113|0.097|0.057|0.043|0.084|0.119|0.01|0.029|0.107|0.021
202406|47|28110|41150000|4111000000|서울|성남시|인계동|역삼1동|APT9604|자이|16515|2|6|0.043|0.073|0.036|0.087|0.27|0.035|0.065|0.045|0.079|0.039|0.057|0.053|0.091|0.024|0.002
202406|26|41150|28110000|1111000000|경기|수원시|서초동|서초1동|APT8585|자이|7292|1|5|0.071|0.058|0.076|0.035|0.202|0.047|0.052|0.071|0.107|0.037|0.061|0.022|0.023|0.002|0.137
202406|42|44130|41150000|4511000000|부산|서초구|서초동|역삼1동|APT6241|자이|5879|2|3|0.003|0.049|0.02|0.174|0.095|0.027|0.171|0.147|0.008|0.001|0.132|0.056|0.002|0.108|0.009
202406|11|44130|26110000|4115000000|경기|성남시|역삼동|서초1동|APT7003|푸르지오|19094|1|5|0.227|0.021|0.043|0.015|0.163|0.051|0.053|0.112|0.02|0.032|0.15|0.047|0.033|0.026|0.007
202406|26|46110|26110000|4211000000|서울|성남시|역삼동|서초1동|APT5943|힐스테이트|2039|1|6|0.027|0.285|0.04|0.032|0.001|0.019|0.02|0.01|0.055|0.008|0.147|0.193|0.04|0.064|0.06
202406|41|41130|41150000|1117000000|인천|강남구|서초동|서초1동|APT5559|자이|17043|2|6|0.061|0.077|0.06|0.044|0.053|0.031|0.17|0.002|0.108|0.008|0.082|0.254|0.011|0.02|0.018
202406|47|44130|11200000|4115000000|경기|성남시|역삼동|역삼1동|APT7412|래미안|12683|1|2|0.058|0.027|0.245|0.004|0.018|0.06|0.025|0.033|0.182|0.065|0.026|0.014|0.177|0.036|0.03
202406|47|27110|11200000|2611000000|서울|서초구|인계동|서초1동|APT2888|자이|7648|2|6|0.004|0.072|0.1|0.008|0.064|0.163|0.059|0.044|0.159|0.102|0.059|0.044|0.011|0.108|0.005
202406|11|27110|46110000|2711000000|서울|강남구|인계동|서초1동|APT2762|래미안|4376|2|6|0.023|0.019|0.093|0.153|0.043|0.018|0.009|0.011|0.028|0.11|0.072|0.037|0.015|0.051|0.317
202406|43|26140|41130000|4711000000|경기|강남구|인계동|서초1동|APT1140|힐스테이트|18011|1|4|0.024|0.178|0.026|0.169|0.039|0.022|0.004|0.004|0.126|0.085|0.088|0.051|0.015|0.108|0.059
202406|26|41150|26110000|4711000000|경기|강남구|역삼동|역삼1동|APT4292|래미안|6582|1|5|0.072|0.044|0.061|0.072|0.153|0.006|0.202|0.039|0.068|0.034|0.032|0.1|0.042|0.057|0.02
202406|43|41110|42110000|1117000000|인천|강남구|인계동|서초1동|APT3819|힐스테이트|11351|1|4|0.029|0.143|0.055|0.101|0.125|0.164|0.108|0.008|0.037|0.039|0.07|0.02|0.016|0.028|0.058
202406|27|26110|47110000|2611000000|경기|서초구|역삼동|역삼1동|APT8205|자이|16294|1|4|0.105|0.011|0.001|0.005|0.014|0.016|0.105|0.011|0.202|0.059|0.008|0.101|0.062|0.3|0.001
202406|44|44130|11170000|4711000000|부산|성남시|인계동|서초1동|APT8418|푸르지오|12591|2|5|0.021|0.023|0.033|0.047|0.06|0.027|0.169|0.021|0.166|0.077|0.029|0.009|0.02|0.151|0.145
202406|43|45110|46110000|4611000000|경기|강남구|서초동|역삼1동|APT7066|자이|15628|2|5|0.021|0.01|0.054|0.062|0.001|0.099|0.05|0.121|0.051|0.092|0.033|0.02|0.009|0.033|0.346
202406|46|11170|47110000|4311000000|인천|성남시|역삼동|역삼1동|APT1145|래미안|6470|2|2|0.007|0.019|0.04|0.018|0.036|0.079|0.147|0.056|0.001|0.21|0.056|0.133|0.051|0.092|0.056
202406|47|26110|11170000|2711000000|경기|성남시|서초동|역삼1동|APT7736|푸르지오|10405|2|4|0.016|0.098|0.001|0.009|0.034|0.0|0.018|0.229|0.019|0.016|0.014|0.033|0.134|0.019|0.359
202406|41|26140|28110000|4511000000|인천|성남시|서초동|역삼1동|APT9216|힐스테이트|2056|2|5|0.052|0.03|0.029|0.093|0.08|0.014|0.022|0.076|0.153|0.072|0.064|0.093|0.077|0.123|0.024
202406|47|11110|11170000|4115000000|서울|수원시|역삼동|역삼1동|APT7776|힐스테이트|12163|x|6|0.024|0.011|0.191|0.066|0.009|0.055|0.074|0.083|0.014|0.201|0.013|0.016|0.023|0.026|0.193
202406|45|26140|26140000|2614000000|부산|서초구|역삼동|서초1동|APT1302|푸르지오|3492|1|3|0.13|0.012|0.042|0.005|0.169|0.036|0.094|0.054|0.178|0.001|0.159|0.01|0.022|0.026|0.062
202406|47|45110|11200000|2611000000|인천|수원시|서초동|역삼1동|APT4769|힐스테이트|12949|2|6|0.025|0.093|0.012|0.028|0.115|0.018|0.176|0.033|0.268|0.013|0.009|0.096|0.057|0.05|0.006
202406|45|11110|26110000|2711000000|경기|수원시|인계동|역삼1동|APT8872|푸르지오|8885|1|3|0.016|0.193|0.16|0.134|0.013|0.025|0.039|0.074|0.015|0.048|0.091|0.027|0.004|0.034|0.126
202406|46|46110|47110000|4115000000|경기|성남시|역삼동|역삼1동|APT4889|힐스테이트|4354|2|3|0.087|0.086|0.089|0.054|0.051|0.173|0.1|0.078|0.077|0.055|0.025|0.008|0.02|0.008|0.088
202406|41|42110|43110000|1111000000|부산|수원시|역삼동|역삼1동|APT2692|자이|9479|2|6|0.049|0.006|0.17|0.043|0.013|0.125|0.006|0.094|0.033|0.291|0.001|0.105|0.011|0.014|0.039
202406|41|45110|11170000|4611000000|경기|수원시|인계동|역삼1동|APT1485|힐스테이트|13770|x|5|0.065|0.036|0.07|0.067|0.051|0.02|0.029|0.011|0.033|0.042|0.057|0.222|0.096|0.1|0.101
202406|26|43110|11200000|2811000000|경기|수원시|서초동|서초1동|APT5609|푸르지오|18212|2|5|0.032|0.051|0.201|0.048|0.007|0.081|0.018|0.126|0.092|0.18|0.011|0.084|0.016|0.028|0.025
202406|26|26110|11140000|4311000000|경기|성남시|서초동|서초1동|APT1956|힐스테이트|10120|1|5|0.088|0.19|0.045|0.062|0.047|0.051|0.036|0.072|0.017|0.069|0.059|0.058|0.043|0.047|0.115
202406|43|41150|26140000|2711000000|인천|성남시|인계동|서초1동|APT6093|힐스테이트|7056|1|6|0.083|0.137|0.01|0.161|0.007|0.017|0.05|0.106|0.01|0.222|0.109|0.006|0.062|0.019|0.001
202406|45|26140|11170000|4311000000|인천|성남시|인계동|역삼1동|APT2582|힐스테이트|9843|1|4|0.045|0.167|0.032|0.007|0.097|0.005|0.063|0.058|0.021|0.13|0.12|0.033|0.068|0.087|0.067
202406|46|26140|41150000|4611000000|부산|강남구|서초동|역삼1동|APT6796|래미안|11194|2|3|0.195|0.077|0.001|0.014|0.046|0.002|0.082|0.101|0.003|0.184|0.007|0.173|0.014|0.052|0.05
202406|45|41130|11200000|1111000000|경기|수원시|서초동|역삼1동|APT1176|힐스테이트|12416|2|2|0.028|0.047|0.068|0.048|0.048|0.21|0.096|0.031|0.031|0.02|0.104|0.022|0.006|0.194|0.048
202406|46|46110|44130000|4311000000|서울|서초구|인계동|서초1동|APT4162|래미안|8717|2|2|0.017|0.034|0.013|0.169|0.032|0.063|0.011|0.136|0.18|0.043|0.051|0.108|0.077|0.04|0.026
202406|11|43110|41130000|2614000000|경기|서초구|역삼동|역삼1동|APT2948|힐스테이트|3802|1|5|0.07|0.039|0.075|0.077|0.077|0.025|0.004|0.087|0.149|0.002|0.126|0.024|0.022|0.006|0.214
202406|46|28110|11110000|1117000000|부산|강남구|인계동|역삼1동|APT9060|푸르지오|5248|2|2|0.034|0.049|0.091|0.019|0.132|0.012|0.07|0.036|0.258|0.211|0.024|0.033|0.011|0.011|0.009
202406|46|47110|11110000|2614000000|인천|강남구|인계동|서초1동|APT4974|힐스테이트|8492|x|6|0.006|0.059|0.396|0.013|0.006|0.0|0.092|0.008|0.018|0.198|0.122|0.001|0.052|0.002|0.027
202406|45|28110|46110000|4711000000|인천|서초구|인계동|서초1동|APT6916|푸르지오|12445|2|6|0.002|0.007|0.0|0.006|0.086|0.033|0.176|0.169|0.03|0.087|0.104|0.013|0.254|0.008|0.025
202406|47|26140|41130000|4115000000|부산|성남시|역삼동|역삼1동|APT9709|자이|2338|2|2|0.055|0.009|0.02|0.119|0.037|0.018|0.039|0.075|0.186|0.021|0.256|0.017|0.003|0.072|0.072
202406|27|44130|41130000|2611000000|경기|성남시|서초동|역삼1동|APT3282|래미안|19206|2|2|0.08|0.065|0.019|0.02|0.127|0.007|0.021|0.023|0.036|0.125|0.012|0.019|0.174|0.193|0.081
202406|45|44130|41130000|1111000000|서울|강남구|서초동|역삼1동|APT9282|푸르지오|19647|2|6|0.032|0.044|0.008|0.037|0.015|0.046|0.008|0.032|0.114|0.087|0.109|0.139|0.129|0.05|0.151
202406|47|47110|46110000|2711000000|인천|강남구|서초동|서초1동|APT3686|푸르지오|11083|2|5|0.007|0.006|0.044|0.024|0.025|0.196|0.063|0.096|0.134|0.011|0.007|0.016|0.303|0.035|0.033
202406|41|11170|44130000|1117000000|서울|서초구|인계동|역삼1동|APT9618|자이|16519|2|4|0.134|0.058|0.023|0.019|0.007|0.01|0.078|0.029|0.028|0.089|0.147|0.145|0.077|0.138|0.02
202406|43|11110|43110000|2611000000|서울|수원시|인계동|역삼1동|APT9256|래미안|19883|2|6|0.029|0.041|0.074|0.025|0.159|0.006|0.078|0.099|0.028|0.038|0.285|0.023|0.013|0.036|0.067
202406|42|28110|41110000|4413000000|서울|수원시|서초동|서초1동|APT4320|푸르지오|4891|2|3|0.074|0.101|0.153|0.089|0.032|0.003|0.025|0.126|0.089|0.006|0.02|0.067|0.013|0.133|0.068
202406|46|11110|11110000|4413000000|경기|성남시|인계동|역삼1동|APT5353|힐스테이트|18413|1|6|0.017|0.029|0.094|0.003|0.076|0.154|0.054|0.041|0.024|0.016|0.04|0.045|0.188|0.045|0.171
202406|45|41110|42110000|2811000000|인천|서초구|역삼동|서초1동|APT1282|래미안|6501|1|6|0.039|0.078|0.123|0.0|0.133|0.037|0.008|0.007|0.104|0.104|0.116|0.117|0.019|0.054|0.062
202406|27|28110|26110000|4711000000|인천|성남시|서초동|역삼1동|APT2072|자이|8894|x|3|0.111|0.009|0.045|0.039|0.15|0.126|0.054|0.012|0.048|0.003|0.072|0.083|0.165|0.043|0.039
202406|46|47110|11110000|4211000000|경기|강남구|역삼동|역삼1동|APT4880|푸르지오|4576|2|5|0.003|0.052|0.097|0.01|0.06|0.062|0.198|0.084|0.002|0.056|0.145|0.066|0.033|0.062|0.07
202406|42|42110|26140000|1117000000|부산|강남구|인계동|서초1동|APT8459|래미안|15248|1|3|0.133|0.118|0.077|0.088|0.056|0.022|0.008|0.022|0.003|0.193|0.059|0.065|0.013|0.014|0.129
202406|45|11110|42110000|4711000000|부산|강남구|인계동|서초1동|APT9884|푸르지오|18305|1|3|0.002|0.004|0.003|0.194|0.089|0.007|0.081|0.038|0.057|0.141|0.043|0.152|0.057|0.048|0.085
202406|26|45110|28110000|1117000000|인천|수원시|인계동|역삼1동|APT9160|힐스테이트|13172|1|5|0.017|0.25|0.163|0.015|0.059|0.002|0.02|0.169|0.047|0.047|0.031|0.09|0.083|0.007|0.001
202406|44|42110|28110000|1114000000|경기|수원시|인계동|서초1동|APT4386|푸르지오|13035|1|5|0.048|0.119|0.01|0.023|0.018|0.046|0.18|0.061|0.04|0.016|0.003|0.027|0.144|0.048|0.216
202406|47|11110|41130000|4413000000|경기|수원시|인계동|역삼1동|APT5770|자이|10816|2|4|0.002|0.153|0.003|0.114|0.041|0.046|0.048|0.041|0.002|0.036|0.045|0.192|0.096|0.131|0.049
202406|41|41150|41150000|1120000000|서울|서초구|역삼동|서초1동|APT6240|힐스테이트|2817|1|4|0.114|0.013|0.073|0.084|0.054|0.031|0.118|0.004|0.016|0.091|0.001|0.187|0.015|0.116|0.082
202406|47|45110|41110000|4211000000|인천|서초구|역삼동|서초1동|APT3151|힐스테이트|16780|2|3|0.009|0.125|0.062|0.077|0.12|0.026|0.012|0.043|0.055|0.031|0.056|0.127|0.165|0.079|0.011
202406|47|26110|46110000|4115000000|인천|수원시|인계동|역삼1동|APT5922|래미안|19881|2|5|0.027|0.051|0.037|0.041|0.006|0.063|0.045|0.17|0.099|0.03|0.023|0.112|0.105|0.183|0.006
202406|26|46110|26140000|1120000000|인천|강남구|역삼동|역삼1동|APT1377|래미안|16221|1|3|0.087|0.071|0.059|0.077|0.067|0.048|0.006|0.005|0.05|0.306|0.072|0.05|0.049|0.009|0.042
202406|45|26140|11110000|4711000000|경기|강남구|인계동|역삼1동|APT4015|래미안|3352|1|4|0.022|0.074|0.21|0.019|0.197|0.085|0.119|0.002|0.028|0.03|0.004|0.084|0.059|0.004|0.063
202406|46|26140|11200000|1114000000|인천|수원시|역삼동|서초1동|APT8851|자이|19329|1|4|0.197|0.138|0.057|0.023|0.006|0.033|0.068|0.062|0.003|0.006|0.131|0.037|0.05|0.023|0.165
202406|41|45110|41130000|4113000000|경기|성남시|역삼동|서초1동|APT3477|자이|17885|2|6|0.066|0.022|0.005|0.04|0.086|0.104|0.226|0.01|0.034|0.004|0.11|0.166|0.086|0.006|0.035
202406|26|11140|26110000|4511000000|부산|성남시|역삼동|서초1동|APT3052|힐스테이트|11621|1|5|0.075|0.124|0.045|0.031|0.054|0.038|0.171|0.078|0.031|0.101|0.077|0.087|0.012|0.076|0.0
202406|27|27110|44130000|2811000000|인천|강남구|역삼동|역삼1동|APT4523|래미안|12272|1|6|0.115|0.028|0.068|0.102|0.04|0.073|0.032|0.097|0.078|0.023|0.004|0.027|0.053|0.136|0.124
202406|26|41150|45110000|4711000000|서울|수원시|서초동|역삼1동|APT8524|힐스테이트|10710|1|4|0.086|0.055|0.011|0.266|0.007|0.035|0.11|0.072|0.013|0.0|0.035|0.285|0.003|0.016|0.007
202406|43|27110|26110000|1114000000|부산|서초구|역삼동|역삼1동|APT1757|푸르지오|7798|1|4|0.053|0.165|0.065|0.007|0.025|0.066|0.038|0.006|0.012|0.083|0.066|0.335|0.027|0.02|0.032
202406|26|11170|11200000|4111000000|인천|수원시|역삼동|역삼1동|APT4620|래미안|13403|1|4|0.032|0.041|0.005|0.091|0.1|0.0|0.057|0.049|0.026|0.136|0.005|0.214|0.206|0.008|0.031
202406|26|44130|11110000|4413000000|부산|강남구|서초동|역삼1동|APT5923|래미안|5069|2|4|0.026|0.122|0.084|0.255|0.049|0.232|0.035|0.049|0.04|0.009|0.007|0.028|0.006|0.001|0.056
202406|44|43110|46110000|1114000000|인천|수원시|역삼동|서초1동|APT8029|래미안|18823|1|5|0.067|0.046|0.008|0.024|0.051|0.03|0.202|0.165|0.037|0.003|0.004|0.131|0.161|0.036|0.037
202406|42|27110|27110000|4413000000|인천|서초구|서초동|서초1동|APT4892|래미안|8992|1|6|0.238|0.039|0.049|0.002|0.026|0.124|0.024|0.026|0.046|0.084|0.04|0.02|0.062|0.177|0.042
202406|26|11140|11110000|4711000000|서울|강남구|인계동|서초1동|APT2796|자이|8808|x|5|0.002|0.003|0.029|0.063|0.02|0.051|0.059|0.033|0.043|0.151|0.04|0.0|0.321|0.055|0.131
202406|41|41130|11110000|4511000000|부산|수원시|역삼동|서초1동|APT3870|자이|4297|x|4|0.207|0.028|0.174|0.027|0.023|0.01|0.02|0.036|0.115|0.054|0.014|0.062|0.023|0.138|0.069
202406|47|46110|11200000|1111000000|서울|서초구|인계동|서초1동|APT1819|푸르지오|7541|1|4|0.18|0.114|0.013|0.083|0.056|0.06|0.093|0.007|0.046|0.036|0.03|0.011|0.194|0.056|0.02
202406|11|28110|11170000|4413000000|인천|강남구|인계동|서초1동|APT3261|힐스테이트|13881|2|3|0.29|0.005|0.133|0.139|0.013|0.02|0.039|0.033|0.033|0.172|0.011|0.009|0.03|0.001|0.073
202406|42|11140|28110000|1117000000|서울|서초구|역삼동|서초1동|APT5089|푸르지오|4757|1|3|0.14|0.008|0.221|0.055|0.038|0.027|0.031|0.007|0.052|0.144|0.024|0.037|0.101|0.004|0.11
202406|41|27110|11140000|1117000000|부산|성남시|서초동|역삼1동|APT3934|래미안|17277|2|6|0.059|0.033|0.026|0.143|0.09|0.015|0.135|0.027|0.007|0.022|0.278|0.008|0.077|0.063|0.017
202406|11|26140|41130000|4115000000|경기|수원시|인계동|서초1동|APT2134|래미안|15893|1|4|0.097|0.032|0.135|0.236|0.02|0.021|0.051|0.016|0.164|0.035|0.041|0.009|0.05|0.058|0.035
202406|47|44130|26140000|2811000000|경기|성남시|인계동|서초1동|APT8049|푸르지오|13363|1|4|0.092|0.069|0.164|0.165|0.132|0.016|0.024|0.017|0.035|0.043|0.055|0.035|0.027|0.043|0.083
202406|42|46110|41150000|1114000000|서울|수원시|서초동|서초1동|APT9051|래미안|10896|2|5|0.038|0.248|0.001|0.029|0.002|0.034|0.035|0.053|0.006|0.222|0.004|0.05|0.179|0.024|0.075
202406|45|41130|26110000|2711000000|인천|강남구|역삼동|서초1동|APT8959|힐스테이트|14276|2|4|0.043|0.12|0.068|0.026|0.094|0.002|0.062|0.031|0.01|0.258|0.059|0.105|0.051|0.021|0.05
202406|45|43110|27110000|4113000000|인천|성남시|서초동|역삼1동|APT3869|래미안|7188|2|6|0.053|0.099|0.028|0.016|0.1|0.017|0.122|0.074|0.07|0.045|0.18|0.012|0.0|0.011|0.172
202406|44|27110|28110000|1117000000|인천|강남구|서초동|서초1동|APT1346|푸르지오|13986|1|5|0.14|0.061|0.008|0.008|0.039|0.032|0.145|0.24|0.012|0.012|0.082|0.039|0.104|0.022|0.056
202406|26|28110|27110000|4413000000|서울|서초구|인계동|역삼1동|APT1443|래미안|5558|2|4|0.066|0.02|0.035|0.238|0.094|0.022|0.085|0.08|0.023|0.032|0.077|0.041|0.001|0.162|0.024
202406|11|11140|47110000|2611000000|서울|수원시|인계동|서초1동|APT7866|래미안|15047|1|4|0.035|0.012|0.156|0.245|0.074|0.076|0.096|0.002|0.025|0.01|0.018|0.133|0.048|0.057|0.013
202406|44|41130|11170000|4311000000|부산|강남구|역삼동|역삼1동|APT5563|힐스테이트|3623|x|5|0.107|0.11|0.014|0.016|0.019|0.05|0.218|0.112|0.022|0.116|0.027|0.086|0.076|0.011|0.017
202406|45|43110|27110000|4611000000|부산|수원시|인계동|서초1동|APT2833|힐스테이트|2794|2|5|0.11|0.044|0.138|0.016|0.139|0.117|0.094|0.045|0.02|0.029|0.034|0.062|0.119|0.026|0.008
202406|44|26140|11110000|1111000000|부산|서초구|인계동|서초1동|APT8764|푸르지오|19914|2|5|0.041|0.026|0.073|0.056|0.091|0.042|0.153|0.062|0.014|0.113|0.018|0.03|0.088|0.102|0.09
202406|42|28110|11110000|1117000000|경기|강남구|인계동|역삼1동|APT8355|래미안|12068|1|6|0.005|0.03|0.071|0.111|0.109|0.125|0.015|0.124|0.05|0.024|0.116|0.028|0.006|0.184|0.003
202406|44|45110|26110000|2614000000|경기|강남구|인계동|역삼1동|APT4048|힐스테이트|12129|x|5|0.217|0.068|0.087|0.028|0.025|0.088|0.081|0.022|0.021|0.125|0.034|0.091|0.02|0.061|0.033
202406|43|41150|47110000|4511000000|경기|수원시|인계동|역삼1동|APT9540|자이|18150|2|4|0.172|0.037|0.018|0.019|0.051|0.055|0.106|0.013|0.223|0.041|0.068|0.045|0.037|0.002|0.112
202406|27|43110|28110000|4511000000|서울|성남시|서초동|서초1동|APT9758|자이|12735|1|4|0.018|0.047|0.079|0.083|0.067|0.036|0.099|0.015|0.081|0.013|0.157|0.067|0.003|0.009|0.227
202406|41|11200|28110000|4511000000|인천|강남구|서초동|서초1동|APT3486|푸르지오|16292|1|3|0.04|0.062|0.062|0.033|0.139|0.017|0.023|0.074|0.095|0.261|0.15|0.002|0.005|0.02|0.016
202406|47|11110|41130000|4111000000|인천|성남시|서초동|역삼1동|APT2316|래미안|15298|2|5|0.118|0.092|0.006|0.163|0.09|0.047|0.052|0.053|0.121|0.044|0.076|0.0|0.067|0.051|0.02
202406|11|11140|41150000|2811000000|서울|서초구|서초동|서초1동|APT5186|힐스테이트|19411|2|5|0.06|0.057|0.026|0.018|0.07|0.083|0.023|0.0|0.004|0.037|0.143|0.085|0.076|0.18|0.137
202406|47|28110|42110000|4413000000|경기|수원시|서초동|역삼1동|APT1622|푸르지오|10657|2|3|0.005|0.14|0.026|0.081|0.041|0.101|0.205|0.015|0.045|0.011|0.006|0.006|0.064|0.188|0.063
202406|44|41150|11110000|4111000000|인천|성남시|역삼동|서초1동|APT7613|래미안|3490|1|6|0.03|0.004|0.007|0.021|0.015|0.114|0.091|0.131|0.239|0.062|0.066|0.025|0.011|0.103|0.081
202406|46|28110|27110000|4115000000|서울|강남구|역삼동|서초1동|APT3994|힐스테이트|9788|2|4|0.004|0.094|0.017|0.002|0.078|0.002|0.004|0.035|0.114|0.002|0.104|0.001|0.317|0.143|0.083
202406|46|11110|43110000|1114000000|경기|성남시|서초동|역삼1동|APT1426|자이|19047|2|2|0.016|0.002|0.107|0.01|0.141|0.162|0.069|0.052|0.009|0.12|0.123|0.063|0.048|0.066|0.013
202406|26|47110|47110000|4211000000|부산|성남시|역삼동|역삼1동|APT6949|자이|12572|1|5|0.117|0.226|0.041|0.011|0.013|0.264|0.044|0.088|0.018|0.02|0.007|0.007|0.054|0.074|0.016
202406|41|47110|11110000|1117000000|인천|서초구|역삼동|서초1동|APT8517|래미안|17403|2|3|0.025|0.001|0.077|0.043|0.013|0.08|0.04|0.031|0.131|0.135|0.188|0.047|0.043|0.013|0.134
202406|45|11140|28110000|4311000000|인천|성남시|역삼동|서초1동|APT8887|힐스테이트|3744|2|2|0.001|0.023|0.188|0.021|0.025|0.042|0.17|0.015|0.033|0.072|0.006|0.023|0.009|0.141|0.23
202406|45|44130|11110000|2811000000|경기|강남구|서초동|역삼1동|APT3092|푸르지오|18220|2|5|0.093|0.0|0.207|0.01|0.048|0.066|0.063|0.078|0.018|0.014|0.028|0.244|0.052|0.079|0.001
202406|11|46110|44130000|4511000000|부산|강남구|역삼동|역삼1동|APT8041|자이|8043|2|5|0.148|0.139|0.093|0.006|0.163|0.019|0.082|0.053|0.005|0.019|0.061|0.015|0.084|0.013|0.099
202406|47|26110|28110000|4611000000|경기|수원시|역삼동|서초1동|APT9151|힐스테이트|18220|2|3|0.015|0.134|0.139|0.063|0.14|0.031|0.085|0.057|0.009|0.015|0.135|0.031|0.012|0.134|0.0
202406|43|26110|11140000|1111000000|부산|수원시|서초동|역삼1동|APT1727|힐스테이트|15983|x|5|0.052|0.009|0.071|0.083|0.174|0.024|0.036|0.196|0.027|0.022|0.019|0.068|0.152|0.022|0.045
202406|47|47110|11170000|4611000000|인천|성남시|서초동|서초1동|APT2903|래미안|3052|2|2|0.028|0.001|0.068|0.056|0.054|0.081|0.221|0.103|0.013|0.1|0.013|0.045|0.13|0.027|0.06
202406|43|11170|47110000|1120000000|부산|성남시|인계동|역삼1동|APT3404|푸르지오|10604|2|3|0.029|0.035|0.075|0.011|0.04|0.058|0.025|0.162|0.135|0.126|0.079|0.019|0.023|0.125|0.057
202406|45|46110|41110000|4111000000|경기|수원시|인계동|역삼1동|APT9942|래미안|6768|1|2|0.03|0.042|0.001|0.099|0.212|0.025|0.075|0.122|0.052|0.115|0.059|0.073|0.028|0.063|0.004
202406|11|11170|41130000|2811000000|부산|성남시|역삼동|역삼1동|APT2548|힐스테이트|13789|1|6|0.004|0.055|0.05|0.038|0.178|0.143|0.032|0.028|0.087|0.006|0.025|0.054|0.054|0.141|0.103
202406|45|47110|47110000|1111000000|인천|성남시|서초동|서초1동|APT1241|힐스테이트|11530|2|5|0.004|0.009|0.356|0.017|0.02|0.069|0.077|0.023|0.05|0.016|0.054|0.061|0.031|0.107|0.106
202406|44|42110|45110000|1111000000|인천|서초구|역삼동|역삼1동|APT3850|힐스테이트|8054|1|2|0.003|0.159|0.053|0.06|0.069|0.005|0.078|0.147|0.108|0.055|0.04|0.14|0.013|0.068|0.002
202406|27|41110|27110000|4211000000|서울|성남시|역삼동|역삼1동|APT7955|힐스테이트|2230|1|6|0.046|0.058|0.191|0.115|0.064|0.007|0.159|0.032|0.003|0.036|0.075|0.096|0.046|0.028|0.043
202406|47|42110|26110000|4113000000|경기|서초구|서초동|역삼1동|APT5328|푸르지오|3787|2|2|0.048|0.006|0.042|0.137|0.065|0.071|0.175|0.025|0.002|0.068|0.178|0.085|0.06|0.013|0.024
202406|42|41130|41110000|2811000000|인천|수원시|서초동|역삼1동|APT1017|힐스테이트|4405|1|4|0.04|0.151|0.074|0.04|0.025|0.141|0.049|0.042|0.056|0.015|0.172|0.001|0.011|0.17|0.014
202406|45|46110|26110000|4511000000|부산|수원시|서초동|서초1동|APT2784|힐스테이트|11615|1|2|0.125|0.004|0.097|0.011|0.015|0.018|0.098|0.037|0.022|0.201|0.031|0.138|0.011|0.059|0.133
202406|42|26140|46110000|2611000000|경기|성남시|서초동|역삼1동|APT3839|래미안|15462|2|6|0.137|0.063|0.04|0.012|0.019|0.128|0.147|0.002|0.011|0.079|0.026|0.198|0.052|0.079|0.006
202406|46|44130|45110000|2611000000|경기|성남시|인계동|서초1동|APT7070|힐스테이트|18066|2|4|0.157|0.054|0.006|0.007|0.014|0.022|0.09|0.051|0.111|0.052|0.051|0.071|0.011|0.036|0.268
202406|42|47110|41150000|4115000000|인천|수원시|인계동|역삼1동|APT7413|래미안|15407|2|5|0.001|0.065|0.009|0.13|0.089|0.028|0.008|0.032|0.041|0.033|0.084|0.246|0.062|0.085|0.087
202406|46|44130|46110000|4113000000|인천|성남시|역삼동|서초1동|APT6033|힐스테이트|19749|2|6|0.007|0.019|0.171|0.135|0.017|0.062|0.018|0.05|0.05|0.113|0.002|0.015|0.199|0.062|0.08
202406|11|26140|42110000|2711000000|부산|강남구|역삼동|역삼1동|APT8429|자이|5036|1|4|0.057|0.077|0.083|0.042|0.086|0.028|0.023|0.019|0.069|0.168|0.011|0.019|0.007|0.06|0.252
202406|46|11170|11110000|4711000000|인천|서초구|역삼동|서초1동|APT3420|자이|17576|2|2|0.039|0.153|0.082|0.054|0.019|0.027|0.023|0.11|0.075|0.068|0.104|0.106|0.069|0.008|0.062
202406|45|11140|46110000|4115000000|경기|서초구|서초동|서초1동|APT9659|래미안|9416|1|6|0.068|0.151|0.073|0.034|0.049|0.113|0.026|0.122|0.049|0.017|0.007|0.027|0.215|0.033|0.015
202406|42|26110|11200000|4113000000|서울|서초구|인계동|역삼1동|APT8599|푸르지오|12107|1|5|0.175|0.068|0.027|0.016|0.017|0.029|0.037|0.004|0.042|0.006|0.023|0.354|0.07|0.113|0.019
202406|47|46110|27110000|4211000000|서울|서초구|인계동|서초1동|APT4917|힐스테이트|16719|2|4|0.15|0.042|0.013|0.001|0.195|0.009|0.031|0.078|0.038|0.093|0.061|0.121|0.042|0.081|0.046
202406|27|47110|11170000|4111000000|인천|성남시|서초동|역삼1동|APT4849|래미안|13478|1|6|0.031|0.07|0.007|0.039|0.026|0.123|0.117|0.071|0.119|0.094|0.024|0.048|0.117|0.108|0.006
202406|11|47110|11170000|4413000000|경기|성남시|인계동|역삼1동|APT9253|힐스테이트|12627|1|2|0.226|0.135|0.006|0.02|0.004|0.156|0.02|0.021|0.007|0.018|0.031|0.044|0.04|0.185|0.086
202406|26|44130|42110000|2611000000|인천|수원시|인계동|역삼1동|APT8870|힐스테이트|2333|1|4|0.04|0.075|0.011|0.004|0.01|0.017|0.052|0.023|0.201|0.127|0.143|0.046|0.12|0.128|0.002
202406|11|41130|11170000|4115000000|경기|서초구|서초동|역삼1동|APT3981|래미안|3084|x|4|0.081|0.046|0.063|0.078|0.007|0.205|0.005|0.074|0.143|0.118|0.024|0.066|0.027|0.034|0.029
202406|11|26140|27110000|2711000000|서울|수원시|서초동|서초1동|APT1371|푸르지오|3935|2|3|0.062|0.056|0.028|0.063|0.025|0.072|0.007|0.01|0.171|0.129|0.049|0.011|0.067|0.181|0.067
202406|47|41150|11110000|4211000000|서울|성남시|인계동|서초1동|APT3539|힐스테이트|3956|2|2|0.044|0.033|0.076|0.051|0.008|0.149|0.071|0.005|0.058|0.122|0.047|0.099|0.01|0.088|0.141
202406|11|26140|44130000|4711000000|경기|성남시|인계동|서초1동|APT3862|래미안|14824|1|4|0.105|0.16|0.06|0.122|0.063|0.105|0.049|0.098|0.038|0.007|0.022|0.016|0.06|0.028|0.067
202406|26|28110|41110000|4611000000|경기|성남시|인계동|역삼1동|APT2451|힐스테이트|10146|x|3|0.066|0.205|0.01|0.048|0.065|0.005|0.175|0.221|0.003|0.11|0.001|0.007|0.008|0.064|0.011
202406|27|11200|11170000|2711000000|경기|서초구|역삼동|서초1동|APT8207|자이|15215|2|6|0.128|0.043|0.044|0.007|0.089|0.024|0.03|0.006|0.053|0.039|0.104|0.036|0.059|0.32|0.017
202406|45|41110|44130000|4211000000|서울|강남구|서초동|역삼1동|APT6978|래미안|11135|1|4|0.118|0.024|0.008|0.115|0.192|0.009|0.029|0.019|0.047|0.056|0.021|0.147|0.035|0.134|0.045
202406|42|47110|11110000|4511000000|서울|성남시|역삼동|역삼1동|APT7164|힐스테이트|19088|x|3|0.003|0.016|0.008|0.056|0.267|0.044|0.014|0.111|0.024|0.255|0.078|0.008|0.076|0.022|0.015
202406|11|26140|26140000|4611000000|부산|성남시|서초동|역삼1동|APT4686|자이|8336|1|3|0.059|0.131|0.082|0.091|0.062|0.031|0.076|0.095|0.081|0.071|0.0|0.172|0.001|0.024|0.024
202406|43|11140|11200000|1111000000|경기|성남시|인계동|역삼1동|APT3797|래미안|19827|x|5|0.056|0.066|0.076|0.032|0.002|0.018|0.112|0.112|0.078|0.09|0.002|0.106|0.222|0.014|0.015
202406|46|11200|11170000|4311000000|부산|강남구|인계동|서초1동|APT3406|힐스테이트|3954|2|5|0.187|0.001|0.084|0.057|0.088|0.079|0.265|0.001|0.006|0.111|0.011|0.055|0.024|0.023|0.009
202406|47|27110|46110000|4611000000|서울|강남구|서초동|역삼1동|APT2453|푸르지오|7610|2|4|0.039|0.175|0.095|0.042|0.08|0.071|0.002|0.056|0.022|0.053|0.073|0.08|0.087|0.118|0.005
202406|47|41110|11110000|4611000000|인천|서초구|역삼동|역삼1동|APT2097|푸르지오|5878|2|4|0.096|0.106|0.053|0.02|0.014|0.043|0.023|0.137|0.041|0.168|0.059|0.082|0.064|0.049|0.044
202406|41|42110|28110000|4611000000|경기|서초구|역삼동|역삼1동|APT3882|자이|4046|1|6|0.138|0.042|0.032|0.015|0.048|0.096|0.032|0.186|0.053|0.132|0.153|0.023|0.027|0.008|0.016
202406|41|11110|41150000|1114000000|서울|성남시|역삼동|역삼1동|APT5058|래미안|16282|2|3|0.007|0.105|0.008|0.123|0.002|0.052|0.13|0.043|0.145|0.07|0.012|0.031|0.031|0.06|0.18
202406|11|41110|11170000|4211000000|부산|수원시|서초동|역삼1동|APT2574|힐스테이트|6817|1|5|0.178|0.027|0.083|0.048|0.017|0.125|0.199|0.017|0.029|0.006|0.143|0.034|0.032|0.029|0.032
202406|42|43110|11170000|4111000000|부산|서초구|역삼동|역삼1동|APT1946|푸르지오|14185|2|3|0.025|0.001|0.054|0.04|0.116|0.036|0.007|0.215|0.094|0.123|0.038|0.021|0.0|0.137|0.094
202406|26|26110|43110000|1111000000|인천|강남구|인계동|역삼1동|APT6308|푸르지오|10031|2|6|0.079|0.198|0.037|0.07|0.002|0.017|0.014|0.088|0.027|0.041|0.1|0.041|0.086|0.032|0.169
202406|27|46110|28110000|4611000000|부산|강남구|서초동|역삼1동|APT1806|힐스테이트|3830|1|6|0.03|0.054|0.164|0.302|0.191|0.005|0.039|0.095|0.02|0.036|0.01|0.009|0.029|0.009|0.007
202406|42|28110|27110000|2711000000|경기|강남구|인계동|서초1동|APT9919|자이|13182|x|5|0.057|0.026|0.142|0.016|0.125|0.056|0.001|0.062|0.053|0.005|0.084|0.009|0.205|0.004|0.156
202406|44|47110|26110000|4113000000|서울|강남구|서초동|역삼1동|APT9299|힐스테이트|5981|1|6|0.028|0.077|0.046|0.036|0.016|0.161|0.066|0.114|0.091|0.125|0.037|0.022|0.096|0.068|0.018
202406|41|28110|11200000|2614000000|부산|서초구|서초동|역삼1동|APT4347|자이|8196|2|2|0.003|0.074|0.059|0.119|0.005|0.046|0.085|0.158|0.071|0.044|0.124|0.131|0.013|0.036|0.033
202406|11|46110|43110000|4113000000|부산|서초구|역삼동|역삼1동|APT1375|래미안|7975|2|6|0.054|0.029|0.061|0.013|0.076|0.023|0.021|0.016|0.016|0.195|0.001|0.174|0.083|0.211|0.029
202406|26|11170|46110000|1114000000|인천|강남구|인계동|서초1동|APT2825|래미안|6101|1|4|0.019|0.008|0.075|0.061|0.052|0.141|0.011|0.128|0.126|0.039|0.138|0.022|0.017|0.102|0.06
202406|44|27110|41150000|4711000000|부산|성남시|인계동|역삼1동|APT6411|자이|19513|x|2|0.193|0.098|0.046|0.029|0.015|0.153|0.088|0.007|0.083|0.055|0.037|0.007|0.032|0.107|0.049
202406|42|27110|11200000|4611000000|경기|수원시|역삼동|역삼1동|APT3342|푸르지오|11555|2|6|0.067|0.003|0.06|0.04|0.046|0.011|0.013|0.042|0.033|0.052|0.074|0.157|0.186|0.136|0.079
202406|27|46110|42110000|4413000000|인천|성남시|역삼동|역삼1동|APT7662|힐스테이트|14199|2|5|0.19|0.084|0.05|0.001|0.041|0.025|0.079|0.067|0.03|0.081|0.012|0.194|0.077|0.043|0.026
202406|26|28110|26110000|4211000000|경기|서초구|인계동|역삼1동|APT7213|자이|18083|2|5|0.03|0.066|0.045|0.129|0.088|0.057|0.192|0.025|0.006|0.013|0.033|0.081|0.12|0.034|0.079
202406|11|45110|41150000|4111000000|서울|강남구|인계동|역삼1동|APT6179|자이|12088|1|3|0.105|0.065|0.002|0.039|0.177|0.059|0.069|0.023|0.0|0.063|0.035|0.054|0.02|0.242|0.048
202406|27|44130|26110000|2711000000|서울|성남시|서초동|역삼1동|APT8934|자이|5493|1|6|0.003|0.106|0.006|0.04|0.165|0.097|0.268|0.071|0.013|0.02|0.006|0.025|0.055|0.016|0.111
202406|43|41130|42110000|2711000000|인천|강남구|서초동|서초1동|APT4348|힐스테이트|17585|2|5|0.031|0.057|0.112|0.04|0.102|0.004|0.034|0.021|0.07|0.075|0.138|0.079|0.045|0.149|0.042
202406|44|11170|43110000|4115000000|서울|수원시|인계동|서초1동|APT5346|힐스테이트|16936|1|6|0.002|0.085|0.059|0.076|0.062|0.079|0.235|0.025|0.119|0.068|0.052|0.034|0.017|0.073|0.013
202406|27|47110|45110000|2611000000|경기|수원시|서초동|역삼1동|APT1730|자이|3447|1|5|0.053|0.097|0.021|0.009|0.297|0.041|0.162|0.016|0.073|0.08|0.01|0.032|0.027|0.07|0.012
202406|27|11200|11170000|4211000000|경기|성남시|인계동|서초1동|APT2716|자이|9116|1|3|0.025|0.067|0.139|0.077|0.007|0.013|0.017|0.205|0.032|0.076|0.007|0.196|0.002|0.084|0.054
202406|26|41150|27110000|2611000000|부산|서초구|서초동|서초1동|APT5499|래미안|9331|2|2|0.04|0.06|0.029|0.011|0.042|0.035|0.103|0.019|0.164|0.084|0.092|0.024|0.02|0.204|0.074
202406|43|47110|42110000|4111000000|인천|강남구|서초동|서초1동|APT4894|자이|8926|1|2|0.179|0.018|0.041|0.089|0.0|0.003|0.127|0.046|0.052|0.116|0.053|0.044|0.067|0.037|0.126
202406|27|28110|26110000|2811000000|경기|서초구|서초동|서초1동|APT5272|래미안|9461|2|5|0.119|0.063|0.073|0.003|0.081|0.066|0.141|0.008|0.083|0.004|0.024|0.034|0.066|0.154|0.079
202406|41|11200|26140000|2614000000|부산|강남구|인계동|역삼1동|APT8554|힐스테이트|6715|1|5|0.043|0.047|0.019|0.034|0.201|0.268|0.004|0.033|0.029|0.066|0.015|0.043|0.111|0.047|0.04
202406|46|11200|42110000|2711000000|인천|강남구|서초동|역삼1동|APT8844|자이|18557|2|2|0.143|0.016|0.019|0.09|0.103|0.003|0.131|0.051|0.057|0.054|0.05|0.145|0.079|0.01|0.05
202406|45|11140|41150000|4611000000|경기|성남시|역삼동|서초1동|APT6729|푸르지오|18457|2|6|0.077|0.059|0.007|0.059|0.024|0.147|0.139|0.077|0.023|0.09|0.083|0.087|0.033|0.037|0.057
202406|26|45110|41110000|4711000000|경기|강남구|역삼동|역삼1동|APT6495|래미안|15712|x|3|0.031|0.027|0.026|0.094|0.123|0.004|0.075|0.003|0.247|0.015|0.03|0.026|0.014|0.162|0.123
202406|27|27110|44130000|4311000000|경기|서초구|역삼동|역삼1동|APT4642|래미안|14806|1|4|0.177|0.134|0.012|0.015|0.082|0.1|0.046|0.094|0.046|0.018|0.121|0.052|0.051|0.004|0.047
202406|27|43110|47110000|1120000000|경기|성남시|역삼동|역삼1동|APT6718|자이|17350|1|3|0.228|0.033|0.053|0.135|0.025|0.047|0.015|0.049|0.203|0.013|0.07|0.024|0.014|0.077|0.015
202406|27|43110|43110000|4511000000|부산|강남구|서초동|서초1동|APT5935|힐스테이트|17188|1|6|0.011|0.163|0.091|0.015|0.009|0.02|0.019|0.07|0.26|0.032|0.066|0.123|0.036|0.012|0.071
202406|45|41130|27110000|2614000000|서울|서초구|역삼동|역삼1동|APT2735|푸르지오|19851|2|6|0.014|0.003|0.053|0.147|0.02|0.137|0.021|0.078|0.06|0.148|0.097|0.137|0.039|0.029|0.015
202406|45|11140|41130000|4511000000|경기|수원시|인계동|역삼1동|APT7949|래미안|19087|2|3|0.093|0.146|0.03|0.029|0.019|0.072|0.013|0.015|0.112|0.053|0.024|0.092|0.091|0.204|0.007
202406|27|46110|46110000|4711000000|부산|수원시|서초동|역삼1동|APT2796|자이|5078|2|5|0.166|0.06|0.077|0.023|0.045|0.068|0.013|0.047|0.022|0.1|0.051|0.153|0.074|0.082|0.017
202406|44|11140|11200000|4711000000|부산|서초구|인계동|역삼1동|APT8389|힐스테이트|2436|2|3|0.027|0.029|0.015|0.129|0.075|0.102|0.137|0.055|0.064|0.005|0.03|0.076|0.064|0.048|0.144
202406|11|41130|42110000|2811000000|인천|강남구|서초동|역삼1동|APT4689|래미안|12955|1|6|0.047|0.074|0.011|0.009|0.126|0.149|0.024|0.012|0.023|0.042|0.097|0.172|0.054|0.025|0.135
202406|43|41150|11110000|2611000000|인천|강남구|서초동|서초1동|APT4300|힐스테이트|15487|1|6|0.02|0.047|0.096|0.014|0.015|0.15|0.112|0.043|0.012|0.044|0.238|0.04|0.109|0.03|0.03
202406|45|26110|11170000|4711000000|인천|강남구|인계동|역삼1동|APT9516|푸르지오|3403|1|4|0.117|0.046|0.132|0.057|0.022|0.025|0.096|0.056|0.135|0.035|0.007|0.182|0.03|0.035|0.026
202406|26|41130|41150000|2611000000|경기|강남구|서초동|역삼1동|APT4496|래미안|14429|2|4|0.32|0.03|0.006|0.031|0.046|0.107|0.015|0.082|0.056|0.014|0.114|0.121|0.026|0.008|0.025
202406|43|11140|11140000|2611000000|서울|수원시|서초동|역삼1동|APT6630|푸르지오|15445|2|5|0.06|0.018|0.005|0.0|0.142|0.016|0.236|0.104|0.079|0.051|0.004|0.259|0.013|0.001|0.014
202406|26|26110|11140000|4311000000|인천|서초구|서초동|서초1동|APT1267|자이|19537|1|5|0.021|0.056|0.117|0.053|0.045|0.035|0.043|0.017|0.023|0.047|0.112|0.027|0.292|0.054|0.058
202406|26|42110|43110000|1111000000|경기|강남구|인계동|서초1동|APT6375|래미안|15161|2|6|0.028|0.001|0.061|0.028|0.058|0.012|0.036|0.342|0.003|0.06|0.016|0.026|0.064|0.117|0.148
202406|26|28110|27110000|4311000000|부산|강남구|서초동|역삼1동|APT9437|푸르지오|17062|2|6|0.029|0.014|0.058|0.002|0.0|0.204|0.038|0.003|0.082|0.169|0.008|0.001|0.241|0.067|0.084
202406|27|41130|41150000|2811000000|서울|강남구|인계동|서초1동|APT9577|자이|8478|1|2|0.013|0.213|0.036|0.06|0.067|0.025|0.015|0.038|0.028|0.24|0.024|0.161|0.047|0.021|0.013
202406|47|11170|43110000|1117000000|경기|서초구|역삼동|서초1동|APT5135|자이|11605|2|5|0.036|0.117|0.026|0.087|0.054|0.062|0.002|0.046|0.167|0.08|0.03|0.14|0.016|0.131|0.005
202406|42|11200|45110000|4115000000|경기|서초구|서초동|서초1동|APT2230|힐스테이트|6101|x|2|0.084|0.019|0.054|0.079|0.057|0.01|0.012|0.05|0.072|0.119|0.058|0.116|0.13|0.045|0.096
202406|44|11200|41150000|2711000000|부산|서초구|역삼동|역삼1동|APT4654|자이|6450|1|6|0.006|0.06|0.006|0.035|0.051|0.104|0.216|0.108|0.0|0.054|0.182|0.073|0.045|0.054|0.006
202406|47|41150|28110000|4511000000|경기|강남구|역삼동|서초1동|APT6545|힐스테이트|17663|2|6|0.024|0.027|0.022|0.013|0.019|0.086|0.261|0.24|0.017|0.005|0.099|0.002|0.066|0.073|0.046
202406|45|26140|42110000|1117000000|부산|서초구|인계동|역삼1동|APT5551|래미안|17748|2|3|0.144|0.01|0.018|0.102|0.143|0.004|0.043|0.027|0.027|0.147|0.051|0.144|0.053|0.065|0.02
202406|41|41150|11110000|4113000000|서울|강남구|인계동|역삼1동|APT9874|자이|3463|1|5|0.042|0.014|0.041|0.136|0.129|0.01|0.068|0.031|0.084|0.173|0.138|0.021|0.021|0.085|0.009
202406|41|11170|43110000|1117000000|부산|서초구|서초동|서초1동|APT7493|래미안|6321|1|2|0.032|0.046|0.15|0.24|0.038|0.08|0.072|0.017|0.01|0.022|0.036|0.003|0.011|0.059|0.183
202406|44|42110|41130000|4511000000|인천|성남시|인계동|서초1동|APT2466|자이|18052|x|4|0.089|0.007|0.135|0.223|0.165|0.068|0.009|0.001|0.049|0.011|0.091|0.021|0.059|0.013|0.058
202406|26|45110|41150000|4311000000|경기|성남시|서초동|역삼1동|APT2780|래미안|19664|1|5|0.006|0.05|0.107|0.033|0.081|0.071|0.138|0.073|0.057|0.026|0.056|0.043|0.155|0.049|0.053
202406|44|45110|26140000|4413000000|인천|수원시|서초동|서초1동|APT7884|힐스테이트|11687|2|5|0.031|0.005|0.094|0.131|0.085|0.008|0.056|0.008|0.083|0.018|0.054|0.31|0.028|0.037|0.051
202406|46|28110|41110000|1114000000|경기|서초구|역삼동|서초1동|APT2883|힐스테이트|11214|x|6|0.105|0.042|0.126|0.012|0.243|0.017|0.053|0.092|0.014|0.018|0.081|0.024|0.093|0.067|0.015
202406|44|11140|45110000|1120000000|부산|서초구|서초동|역삼1동|APT7875|힐스테이트|6176|x|6|0.093|0.036|0.104|0.061|0.015|0.086|0.045|0.041|0.042|0.019|0.165|0.046|0.071|0.037|0.141
202406|47|42110|43110000|4111000000|인천|수원시|인계동|역삼1동|APT4538|힐스테이트|18156|2|6|0.129|0.17|0.13|0.096|0.134|0.044|0.047|0.09|0.058|0.002|0.019|0.006|0.044|0.01|0.021
202406|43|45110|41110000|4113000000|경기|성남시|서초동|역삼1동|APT3029|래미안|8682|1|3|0.035|0.197|0.026|0.101|0.045|0.019|0.021|0.016|0.034|0.079|0.217|0.066|0.043|0.001|0.099
202406|11|44130|45110000|4115000000|경기|성남시|역삼동|서초1동|APT1275|푸르지오|7793|1|2|0.14|0.011|0.03|0.015|0.01|0.032|0.144|0.09|0.205|0.037|0.02|0.05|0.199|0.006|0.01
202406|44|44130|45110000|1114000000|경기|서초구|인계동|서초1동|APT3983|래미안|15675|x|6|0.122|0.01|0.072|0.048|0.011|0.026|0.097|0.006|0.104|0.074|0.034|0.173|0.049|0.046|0.126
202406|27|46110|41150000|4111000000|경기|서초구|인계동|역삼1동|APT8585|자이|13052|2|2|0.032|0.011|0.004|0.01|0.068|0.036|0.063|0.081|0.129|0.018|0.033|0.012|0.002|0.387|0.114
202406|46|11110|41110000|2611000000|부산|수원시|서초동|역삼1동|APT6620|푸르지오|13195|2|4|0.066|0.055|0.127|0.077|0.079|0.027|0.092|0.058|0.037|0.118|0.013|0.021|0.066|0.059|0.105
202406|11|11170|26140000|1117000000|인천|성남시|인계동|역삼1동|APT6620|자이|11409|1|4|0.005|0.004|0.075|0.141|0.017|0.065|0.106|0.059|0.004|0.157|0.013|0.132|0.092|0.081|0.052
202406|27|45110|44130000|4115000000|인천|강남구|서초동|서초1동|APT3764|래미안|16142|1|4|0.025|0.061|0.017|0.148|0.029|0.003|0.061|0.138|0.078|0.121|0.038|0.011|0.187|0.02|0.065
202406|43|41150|28110000|4115000000|경기|서초구|인계동|서초1동|APT3288|자이|14784|1|4|0.066|0.022|0.002|0.155|0.006|0.004|0.0|0.15|0.183|0.004|0.105|0.036|0.233|0.008|0.027
202406|42|46110|28110000|4711000000|부산|강남구|서초동|서초1동|APT9425|자이|11479|1|6|0.058|0.081|0.027|0.037|0.08|0.007|0.003|0.156|0.142|0.003|0.005|0.166|0.024|0.03|0.184
202406|46|41150|41110000|4611000000|부산|서초구|역삼동|역삼1동|APT6602|래미안|5382|2|3|0.028|0.079|0.121|0.008|0.019|0.034|0.073|0.078|0.196|0.04|0.084|0.142|0.002|0.043|0.052
202406|44|11200|42110000|2811000000|서울|성남시|서초동|서초1동|APT1739|래미안|2223|1|4|0.037|0.086|0.073|0.004|0.19|0.03|0.001|0.045|0.037|0.061|0.155|0.025|0.024|0.221|0.01
202406|41|44130|28110000|4711000000|서울|수원시|서초동|역삼1동|APT3296|힐스테이트|4974|2|4|0.01|0.062|0.072|0.04|0.003|0.067|0.1|0.018|0.051|0.156|0.037|0.195|0.056|0.111|0.024
202406|26|44130|45110000|1120000000|경기|수원시|서초동|역삼1동|APT7034|힐스테이트|16029|2|6|0.047|0.042|0.103|0.079|0.007|0.032|0.075|0.219|0.027|0.006|0.047|0.039|0.0|0.084|0.192
202406|47|43110|45110000|1117000000|부산|수원시|역삼동|서초1동|APT8952|자이|15890|1|2|0.069|0.115|0.035|0.085|0.089|0.11|0.06|0.065|0.025|0.019|0.044|0.094|0.125|0.031|0.035
202406|44|26140|45110000|4115000000|부산|강남구|서초동|서초1동|APT2706|래미안|13858|1|3|0.115|0.003|0.015|0.116|0.193|0.06|0.036|0.057|0.091|0.081|0.038|0.033|0.017|0.083|0.062
202406|42|11200|26110000|2811000000|인천|성남시|인계동|역삼1동|APT2935|힐스테이트|8545|2|5|0.063|0.009|0.099|0.064|0.164|0.21|0.002|0.054|0.015|0.022|0.07|0.072|0.101|0.049|0.006
202406|47|11170|11170000|2811000000|경기|강남구|역삼동|서초1동|APT2458|래미안|18526|1|5|0.118|0.069|0.085|0.131|0.034|0.006|0.02|0.053|0.148|0.117|0.002|0.005|0.009|0.166|0.037
202406|45|41130|41110000|4115000000|경기|서초구|인계동|서초1동|APT2828|래미안|3840|2|2|0.031|0.038|0.02|0.252|0.022|0.019|0.018|0.036|0.012|0.04|0.214|0.017|0.056|0.078|0.149
202406|41|45110|26110000|4211000000|인천|수원시|서초동|서초1동|APT6463|푸르지오|18844|2|4|0.074|0.067|0.014|0.068|0.064|0.004|0.074|0.139|0.044|0.179|0.011|0.213|0.023|0.022|0.005
202406|47|11140|11170000|4211000000|서울|강남구|서초동|서초1동|APT5016|푸르지오|9853|2|5|0.016|0.006|0.019|0.017|0.01|0.215|0.039|0.133|0.051|0.01|0.199|0.018|0.102|0.009|0.157
202406|42|41150|11110000|4611000000|경기|강남구|서초동|서초1동|APT7588|자이|19929|1|4|0.021|0.127|0.068|0.006|0.021|0.036|0.036|0.116|0.192|0.091|0.048|0.01|0.049|0.176|0.004
202406|43|28110|26140000|2614000000|서울|서초구|역삼동|역삼1동|APT5287|푸르지오|3722|1|4|0.012|0.011|0.13|0.089|0.076|0.023|0.019|0.043|0.054|0.003|0.055|0.054|0.064|0.344|0.022
202406|45|11200|46110000|4115000000|서울|서초구|서초동|서초1동|APT5985|힐스테이트|7525|1|6|0.054|0.029|0.04|0.018|0.011|0.111|0.177|0.082|0.005|0.134|0.062|0.067|0.017|0.181|0.012
202406|42|42110|41110000|4115000000|부산|강남구|서초동|서초1동|APT2518|푸르지오|10574|1|5|0.001|0.059|0.043|0.034|0.055|0.136|0.103|0.016|0.009|0.016|0.042|0.325|0.016|0.134|0.011
202406|47|27110|27110000|2611000000|인천|수원시|인계동|역삼1동|APT2136|래미안|3782|1|5|0.061|0.012|0.008|0.022|0.159|0.048|0.055|0.094|0.046|0.013|0.003|0.07|0.13|0.251|0.029
202406|26|11170|11110000|4413000000|경기|수원시|서초동|서초1동|APT8481|래미안|6588|2|6|0.245|0.01|0.002|0.044|0.002|0.171|0.016|0.011|0.022|0.072|0.014|0.148|0.084|0.146|0.013
202406|26|44130|41150000|4113000000|경기|강남구|서초동|역삼1동|APT9280|래미안|9532|1|3|0.011|0.031|0.097|0.009|0.008|0.093|0.219|0.042|0.189|0.003|0.001|0.035|0.076|0.059|0.128
202406|47|47110|28110000|1111000000|부산|서초구|역삼동|서초1동|APT6974|자이|15804|1|4|0.003|0.024|0.022|0.13|0.01|0.018|0.182|0.011|0.004|0.222|0.03|0.101|0.0|0.005|0.238
202406|26|26110|44130000|4311000000|서울|수원시|역삼동|서초1동|APT8428|푸르지오|7134|2|2|0.007|0.018|0.039|0.105|0.17|0.164|0.069|0.002|0.004|0.021|0.012|0.044|0.157|0.141|0.048
202406|43|41110|11170000|1114000000|경기|서초구|역삼동|서초1동|APT8395|자이|11330|x|5|0.087|0.069|0.059|0.084|0.008|0.016|0.064|0.052|0.04|0.086|0.027|0.122|0.142|0.138|0.006
202406|41|45110|45110000|4511000000|경기|강남구|서초동|역삼1동|APT5591|힐스테이트|2386|x|4|0.024|0.036|0.125|0.076|0.017|0.142|0.033|0.027|0.152|0.051|0.021|0.032|0.05|0.133|0.081
202406|43|42110|11200000|4111000000|부산|서초구|역삼동|서초1동|APT4988|자이|2882|1|6|0.137|0.074|0.141|0.052|0.026|0.102|0.1|0.055|0.022|0.1|0.02|0.109|0.03|0.029|0.004
202406|26|41130|43110000|2611000000|인천|강남구|인계동|서초1동|APT4738|푸르지오|5365|2|3|0.045|0.105|0.067|0.03|0.05|0.006|0.029|0.062|0.208|0.082|0.028|0.145|0.014|0.085|0.043
202406|46|41110|46110000|4311000000|경기|강남구|인계동|서초1동|APT1722|자이|17445|1|5|0.074|0.29|0.042|0.012|0.067|0.068|0.069|0.029|0.044|0.057|0.001|0.039|0.148|0.031|0.029
202406|41|42110|43110000|2811000000|경기|수원시|인계동|역삼1동|APT4546|푸르지오|11768|1|5|0.234|0.007|0.015|0.085|0.238|0.044|0.008|0.144|0.053|0.081|0.001|0.002|0.012|0.002|0.076
202406|47|41110|11110000|2614000000|경기|수원시|인계동|서초1동|APT6694|자이|9351|1|5|0.032|0.002|0.013|0.037|0.047|0.015|0.032|0.04|0.116|0.084|0.03|0.09|0.164|0.037|0.261
202406|47|11140|44130000|4115000000|서울|수원시|역삼동|역삼1동|APT7081|자이|8631|2|4|0.036|0.128|0.051|0.046|0.008|0.049|0.081|0.017|0.106|0.07|0.086|0.019|0.231|0.045|0.025
202406|45|42110|41130000|4511000000|서울|서초구|역삼동|역삼1동|APT7664|래미안|16058|2|2|0.043|0.006|0.28|0.108|0.003|0.073|0.006|0.03|0.081|0.016|0.077|0.087|0.032|0.043|0.115
202406|42|43110|43110000|2811000000|부산|수원시|인계동|서초1동|APT8332|래미안|2964|2|4|0.024|0.035|0.008|0.041|0.035|0.195|0.123|0.159|0.003|0.001|0.002|0.032|0.089|0.097|0.156
202406|44|28110|26110000|1114000000|인천|강남구|역삼동|서초1동|APT4574|자이|8415|2|5|0.095|0.05|0.005|0.048|0.099|0.048|0.172|0.036|0.014|0.08|0.02|0.067|0.109|0.137|0.019
202406|26|26110|44130000|2711000000|서울|성남시|역삼동|역삼1동|APT2841|힐스테이트|10042|1|2|0.107|0.005|0.059|0.054|0.028|0.006|0.045|0.213|0.077|0.072|0.153|0.018|0.087|0.032|0.045
202406|47|41130|46110000|1120000000|부산|서초구|인계동|역삼1동|APT4796|힐스테이트|12719|1|6|0.014|0.03|0.028|0.225|0.038|0.008|0.038|0.051|0.04|0.014|0.002|0.068|0.389|0.019|0.038
202406|45|11200|43110000|1111000000|부산|성남시|인계동|역삼1동|APT2163|자이|3939|1|4|0.022|0.026|0.013|0.037|0.089|0.065|0.019|0.023|0.033|0.004|0.122|0.099|0.029|0.31|0.108
202406|47|41130|45110000|1117000000|서울|서초구|역삼동|역삼1동|APT6152|래미안|13627|2|4|0.015|0.064|0.065|0.057|0.053|0.2|0.098|0.054|0.02|0.023|0.041|0.225|0.012|0.033|0.038
202406|27|47110|45110000|4711000000|경기|수원시|인계동|서초1동|APT8639|자이|18504|1|3|0.15|0.234|0.048|0.006|0.013|0.022|0.029|0.233|0.047|0.011|0.032|0.042|0.022|0.106|0.005
202406|47|28110|26140000|4111000000|서울|성남시|인계동|서초1동|APT8312|래미안|10721|1|6|0.036|0.069|0.079|0.098|0.043|0.044|0.002|0.128|0.025|0.107|0.023|0.061|0.082|0.19|0.014
202406|45|26110|41130000|2711000000|인천|서초구|역삼동|서초1동|APT2245|힐스테이트|18741|1|5|0.217|0.055|0.016|0.046|0.061|0.066|0.015|0.21|0.051|0.004|0.009|0.022|0.0|0.058|0.171
202406|47|11200|26110000|2811000000|서울|서초구|인계동|역삼1동|APT2387|푸르지오|3824|2|6|0.064|0.061|0.013|0.042|0.193|0.034|0.041|0.015|0.017|0.202|0.009|0.071|0.076|0.026|0.135
202406|47|11110|27110000|4711000000|부산|성남시|역삼동|역삼1동|APT7311|푸르지오|4252|2|5|0.037|0.033|0.035|0.066|0.089|0.013|0.04|0.33|0.175|0.009|0.012|0.138|0.005|0.018|0.001
202406|43|41110|46110000|1117000000|부산|성남시|서초동|역삼1동|APT5510|힐스테이트|5441|1|3|0.007|0.061|0.029|0.067|0.03|0.031|0.096|0.066|0.014|0.11|0.017|0.261|0.109|0.015|0.088
202406|11|45110|41110000|4413000000|인천|강남구|역삼동|서초1동|APT5941|힐스테이트|17806|2|2|0.02|0.076|0.064|0.01|0.217|0.014|0.099|0.103|0.05|0.006|0.09|0.077|0.157|0.01|0.009
202406|11|11140|41130000|2811000000|서울|수원시|인계동|역삼1동|APT3606|힐스테이트|3319|1|4|0.018|0.013|0.047|0.113|0.125|0.021|0.089|0.132|0.038|0.12|0.023|0.136|0.029|0.049|0.046
202406|26|11200|46110000|4113000000|부산|서초구|서초동|서초1동|APT6039|힐스테이트|3707|1|5|0.189|0.074|0.074|0.084|0.037|0.081|0.053|0.019|0.017|0.045|0.089|0.022|0.026|0.17|0.02
202406|42|43110|26140000|1117000000|경기|강남구|역삼동|서초1동|APT8906|힐스테이트|2987|2|5|0.087|0.139|0.106|0.025|0.031|0.082|0.035|0.098|0.057|0.067|0.072|0.031|0.035|0.026|0.11
202406|27|43110|41150000|2614000000|인천|수원시|서초동|서초1동|APT9446|푸르지오|10750|2|3|0.116|0.039|0.044|0.042|0.175|0.053|0.055|0.077|0.071|0.04|0.073|0.061|0.064|0.053|0.037
202406|42|47110|11200000|4511000000|서울|성남시|인계동|서초1동|APT2975|래미안|9299|2|5|0.049|0.129|0.004|0.002|0.016|0.056|0.127|0.107|0.032|0.076|0.138|0.036|0.041|0.169|0.018
202406|43|28110|47110000|4711000000|부산|강남구|서초동|서초1동|APT5180|자이|8135|2|6|0.018|0.031|0.065|0.032|0.053|0.018|0.03|0.141|0.135|0.16|0.162|0.035|0.013|0.04|0.067
202406|27|28110|41110000|4311000000|부산|서초구|인계동|역삼1동|APT5971|자이|9107|2|3|0.062|0.003|0.032|0.12|0.039|0.125|0.113|0.111|0.026|0.076|0.023|0.112|0.038|0.092|0.029
202406|27|41130|41150000|2711000000|부산|수원시|인계동|역삼1동|APT6489|래미안|14809|1|5|0.013|0.015|0.165|0.097|0.102|0.046|0.136|0.014|0.082|0.1|0.035|0.048|0.033|0.059|0.054
202406|26|11140|28110000|1120000000|인천|서초구|서초동|역삼1동|APT9489|힐스테이트|11230|2|6|0.001|0.049|0.006|0.02|0.01|0.021|0.037|0.097|0.206|0.085|0.153|0.175|0.024|0.078|0.038
202406|27|26140|28110000|2611000000|인천|서초구|서초동|역삼1동|APT3970|자이|14319|2|5|0.004|0.027|0.143|0.029|0.012|0.066|0.027|0.215|0.165|0.058|0.011|0.018|0.177|0.035|0.014
202406|44|41130|41150000|4311000000|인천|수원시|서초동|역삼1동|APT7264|힐스테이트|13108|1|2|0.066|0.033|0.057|0.092|0.054|0.026|0.043|0.155|0.026|0.17|0.042|0.067|0.107|0.016|0.047
202406|43|47110|27110000|2614000000|인천|성남시|역삼동|역삼1동|APT7015|자이|15571|1|5|0.101|0.123|0.168|0.014|0.058|0.179|0.03|0.039|0.026|0.032|0.074|0.025|0.05|0.019|0.063
202406|42|46110|41150000|2811000000|서울|성남시|인계동|역삼1동|APT1387|자이|16418|2|4|0.11|0.051|0.011|0.131|0.026|0.197|0.036|0.035|0.051|0.116|0.0|0.078|0.074|0.003|0.081
202406|27|41110|11110000|1117000000|경기|성남시|인계동|역삼1동|APT7695|푸르지오|2764|2|5|0.052|0.142|0.021|0.002|0.082|0.024|0.1|0.061|0.013|0.031|0.256|0.172|0.028|0.007|0.011
202406|41|41110|28110000|2811000000|부산|성남시|인계동|역삼1동|APT7327|푸르지오|8616|2|6|0.003|0.006|0.003|0.081|0.129|0.007|0.109|0.093|0.059|0.066|0.026|0.193|0.017|0.133|0.074
202406|27|11140|44130000|4611000000|부산|강남구|인계동|서초1동|APT2378|힐스테이트|16819|2|5|0.002|0.071|0.067|0.09|0.091|0.048|0.175|0.074|0.033|0.033|0.018|0.043|0.105|0.009|0.141
202406|11|41130|41150000|4111000000|부산|수원시|서초동|역삼1동|APT1860|푸르지오|12964|2|5|0.05|0.126|0.002|0.066|0.074|0.011|0.05|0.041|0.136|0.118|0.058|0.029|0.013|0.215|0.011
202406|27|11170|43110000|2811000000|경기|성남시|인계동|서초1동|APT2824|푸르지오|10617|2|4|0.028|0.15|0.035|0.054|0.149|0.156|0.024|0.056|0.016|0.154|0.004|0.058|0.059|0.052|0.004
202406|47|43110|26110000|2611000000|인천|성남시|인계동|역삼1동|APT7747|힐스테이트|12441|2|4|0.015|0.041|0.001|0.044|0.024|0.001|0.013|0.209|0.041|0.078|0.022|0.257|0.032|0.114|0.107
202406|11|41110|47110000|2611000000|인천|강남구|인계동|서초1동|APT6044|래미안|8195|2|6|0.065|0.124|0.067|0.024|0.103|0.142|0.177|0.089|0.013|0.005|0.018|0.024|0.006|0.087|0.056
202406|42|41110|26140000|4413000000|부산|서초구|역삼동|역삼1동|APT4094|자이|5040|x|5|0.023|0.003|0.062|0.003|0.032|0.022|0.075|0.079|0.352|0.004|0.216|0.063|0.04|0.001|0.025
202406|45|45110|44130000|1114000000|인천|수원시|서초동|서초1동|APT4055|래미안|5867|1|6|0.13|0.104|0.003|0.038|0.105|0.092|0.091|0.222|0.054|0.018|0.007|0.012|0.032|0.083|0.009
202406|42|46110|46110000|4711000000|서울|강남구|서초동|서초1동|APT5459|래미안|18343|2|2|0.072|0.133|0.324|0.02|0.051|0.105|0.036|0.066|0.018|0.053|0.023|0.006|0.052|0.002|0.037
202406|41|44130|26140000|2611000000|부산|성남시|역삼동|역삼1동|APT7561|힐스테이트|6345|1|4|0.07|0.029|0.042|0.015|0.093|0.073|0.057|0.236|0.021|0.024|0.084|0.028|0.057|0.013|0.155
202406|45|41130|26110000|4611000000|부산|성남시|인계동|서초1동|APT8673|푸르지오|14079|1|3|0.075|0.021|0.046|0.062|0.026|0.045|0.034|0.133|0.059|0.123|0.113|0.151|0.01|0.103|0.001
202406|26|11170|41130000|1120000000|서울|서초구|역삼동|역삼1동|APT8324|힐스테이트|17561|1|4|0.097|0.344|0.024|0.041|0.009|0.046|0.044|0.008|0.014|0.084|0.002|0.034|0.058|0.162|0.034
202406|11|11110|41130000|4711000000|부산|강남구|서초동|역삼1동|APT7302|래미안|10800|2|2|0.033|0.057|0.074|0.149|0.008|0.1|0.067|0.026|0.063|0.032|0.11|0.075|0.055|0.12|0.031
202406|43|46110|41130000|1111000000|서울|수원시|서초동|서초1동|APT2472|힐스테이트|18891|2|5|0.226|0.138|0.019|0.046|0.105|0.024|0.047|0.029|0.016|0.124|0.062|0.044|0.095|0.002|0.024
202406|46|28110|27110000|4611000000|경기|서초구|인계동|역삼1동|APT6692|자이|5677|1|4|0.049|0.145|0.034|0.072|0.046|0.09|0.05|0.018|0.02|0.07|0.106|0.149|0.018|0.053|0.08
202406|42|11170|11110000|1117000000|인천|수원시|서초동|역삼1동|APT5920|자이|18415|2|4|0.024|0.003|0.002|0.14|0.035|0.124|0.17|0.201|0.009|0.168|0.013|0.059|0.021|0.023|0.007
202406|41|11170|42110000|4211000000|서울|성남시|역삼동|역삼1동|APT2430|자이|19804|2|5|0.022|0.025|0.034|0.038|0.018|0.027|0.124|0.033|0.081|0.144|0.117|0.17|0.032|0.081|0.053
202406|45|28110|11200000|2611000000|서울|강남구|인계동|서초1동|APT1207|힐스테이트|19521|1|5|0.378|0.004|0.023|0.044|0.02|0.115|0.018|0.104|0.024|0.013|0.026|0.049|0.107|0.015|0.059
202406|43|45110|11200000|4311000000|경기|성남시|역삼동|서초1동|APT8093|자이|3966|1|5|0.343|0.02|0.057|0.055|0.032|0.076|0.089|0.063|0.036|0.017|0.02|0.044|0.037|0.043|0.069
202406|41|43110|26110000|2611000000|인천|서초구|역삼동|역삼1동|APT2506|자이|17400|2|3|0.033|0.197|0.044|0.027|0.013|0.034|0.064|0.206|0.016|0.033|0.024|0.087|0.047|0.171|0.003
202406|45|42110|44130000|4311000000|서울|성남시|서초동|서초1동|APT7632|래미안|11043|2|2|0.003|0.004|0.014|0.024|0.034|0.043|0.218|0.078|0.011|0.109|0.126|0.01|0.251|0.024|0.052
202406|27|27110|46110000|4611000000|인천|수원시|인계동|서초1동|APT1112|힐스테이트|6398|2|5|0.041|0.003|0.0|0.034|0.059|0.124|0.143|0.084|0.037|0.092|0.032|0.178|0.084|0.008|0.083
202406|43|28110|41130000|2811000000|부산|수원시|역삼동|서초1동|APT4588|자이|13638|1|5|0.018|0.257|0.076|0.067|0.052|0.026|0.059|0.029|0.111|0.038|0.013|0.121|0.104|0.001|0.03
202406|11|45110|11110000|4111000000|서울|수원시|인계동|역삼1동|APT7283|푸르지오|16660|2|2|0.232|0.015|0.007|0.009|0.008|0.003|0.074|0.123|0.116|0.105|0.174|0.03|0.05|0.007|0.047
202406|42|27110|44130000|4611000000|부산|강남구|서초동|역삼1동|APT1587|힐스테이트|10023|1|5|0.131|0.09|0.008|0.05|0.075|0.082|0.038|0.185|0.062|0.008|0.097|0.123|0.005|0.007|0.039
202406|27|28110|11140000|1117000000|경기|서초구|인계동|역삼1동|APT7296|자이|7512|2|5|0.09|0.096|0.075|0.064|0.111|0.006|0.112|0.056|0.054|0.015|0.059|0.053|0.101|0.027|0.08
202406|44|27110|44130000|2614000000|경기|수원시|서초동|서초1동|APT2744|래미안|6110|1|5|0.012|0.043|0.047|0.007|0.047|0.118|0.08|0.079|0.007|0.027|0.08|0.181|0.139|0.028|0.103
202406|11|26110|46110000|4115000000|부산|수원시|서초동|서초1동|APT7979|힐스테이트|19825|2|4|0.113|0.216|0.003|0.043|0.022|0.058|0.024|0.013|0.108|0.0|0.048|0.046|0.113|0.072|0.12
202406|27|11200|11170000|4611000000|경기|수원시|역삼동|서초1동|APT3274|래미안|2430|x|6|0.011|0.0|0.015|0.029|0.017|0.168|0.017|0.178|0.149|0.052|0.018|0.24|0.024|0.055|0.028
202406|11|42110|28110000|4711000000|경기|서초구|인계동|서초1동|APT4089|자이|3359|1|4|0.197|0.146|0.075|0.005|0.023|0.029|0.116|0.193|0.011|0.073|0.012|0.022|0.06|0.029|0.009
202406|46|42110|26110000|1117000000|경기|서초구|인계동|서초1동|APT4104|푸르지오|15952|x|4|0.019|0.004|0.006|0.269|0.025|0.133|0.031|0.033|0.044|0.041|0.012|0.088|0.12|0.042|0.132
202406|47|41110|41150000|2611000000|서울|서초구|서초동|역삼1동|APT7998|자이|3462|2|6|0.003|0.009|0.058|0.031|0.252|0.028|0.039|0.104|0.194|0.019|0.148|0.026|0.007|0.068|0.016
202406|27|44130|47110000|4113000000|부산|서초구|인계동|서초1동|APT5971|자이|3655|2|5|0.014|0.226|0.05|0.141|0.001|0.009|0.085|0.084|0.004|0.102|0.047|0.009|0.135|0.055|0.035
202406|11|41130|42110000|4711000000|서울|서초구|인계동|서초1동|APT7700|자이|5921|x|5|0.081|0.081|0.063|0.104|0.013|0.069|0.077|0.04|0.086|0.252|0.034|0.053|0.02|0.001|0.028
202406|43|43110|46110000|4211000000|인천|강남구|역삼동|역삼1동|APT1376|래미안|15489|x|5|0.093|0.057|0.092|0.136|0.018|0.054|0.035|0.051|0.051|0.018|0.055|0.037|0.183|0.111|0.01
202406|45|11170|43110000|4111000000|인천|서초구|서초동|역삼1동|APT5464|래미안|3460|1|3|0.009|0.131|0.094|0.054|0.041|0.211|0.022|0.063|0.006|0.126|0.04|0.004|0.096|0.097|0.006
202406|45|47110|11140000|4511000000|부산|수원시|서초동|서초1동|APT7932|푸르지오|18271|2|6|0.023|0.115|0.066|0.045|0.034|0.181|0.032|0.039|0.006|0.162|0.156|0.04|0.016|0.026|0.058
202406|41|11140|41110000|4115000000|인천|성남시|역삼동|서초1동|APT3390|래미안|7224|2|3|0.019|0.258|0.052|0.048|0.232|0.01|0.024|0.043|0.01|0.021|0.016|0.121|0.03|0.014|0.102
202406|43|43110|45110000|4413000000|경기|서초구|서초동|역삼1동|APT7644|푸르지오|16696|1|6|0.015|0.017|0.128|0.01|0.051|0.221|0.003|0.054|0.023|0.009|0.018|0.118|0.014|0.193|0.126
202406|26|11170|41110000|4311000000|부산|강남구|인계동|서초1동|APT3892|푸르지오|14333|2|6|0.001|0.049|0.022|0.074|0.002|0.258|0.029|0.171|0.04|0.073|0.005|0.12|0.127|0.029|0.0
202406|11|41150|46110000|1120000000|부산|수원시|서초동|역삼1동|APT2929|푸르지오|11966|1|4|0.138|0.003|0.04|0.015|0.085|0.068|0.074|0.004|0.132|0.001|0.066|0.097|0.061|0.123|0.095
202406|44|11140|44130000|4115000000|부산|성남시|인계동|역삼1동|APT2592|래미안|15497|1|5|0.038|0.183|0.083|0.014|0.029|0.046|0.071|0.169|0.132|0.001|0.03|0.08|0.069|0.007|0.048
202406|43|11200|27110000|4611000000|인천|서초구|역삼동|역삼1동|APT4975|힐스테이트|11677|2|6|0.275|0.074|0.02|0.047|0.017|0.032|0.058|0.022|0.094|0.053|0.031|0.037|0.007|0.088|0.145
202406|47|46110|11140000|2614000000|인천|강남구|역삼동|서초1동|APT4577|래미안|8845|1|6|0.005|0.215|0.075|0.069|0.008|0.034|0.106|0.002|0.01|0.005|0.172|0.103|0.133|0.052|0.012
202406|42|42110|27110000|4511000000|서울|성남시|인계동|역삼1동|APT2779|래미안|14431|2|5|0.07|0.003|0.161|0.054|0.01|0.011|0.072|0.185|0.014|0.023|0.073|0.088|0.074|0.131|0.032
202406|46|11110|28110000|4211000000|서울|수원시|인계동|서초1동|APT1896|푸르지오|8608|2|4|0.005|0.267|0.048|0.055|0.011|0.027|0.112|0.048|0.059|0.009|0.099|0.07|0.155|0.015|0.018
202406|42|28110|46110000|4711000000|경기|강남구|역삼동|역삼1동|APT9373|자이|4301|x|2|0.093|0.041|0.012|0.079|0.017|0.009|0.081|0.08|0.178|0.092|0.098|0.012|0.025|0.117|0.067
202406|43|45110|47110000|2811000000|인천|강남구|인계동|서초1동|APT6433|푸르지오|8909|1|5|0.048|0.036|0.007|0.027|0.039|0.004|0.037|0.06|0.151|0.176|0.016|0.038|0.064|0.25|0.046
202406|45|11170|11200000|2611000000|경기|강남구|역삼동|서초1동|APT7865|래미안|18425|1|5|0.101|0.014|0.162|0.095|0.01|0.049|0.022|0.033|0.016|0.179|0.039|0.041|0.001|0.068|0.169
202406|44|11170|46110000|2811000000|서울|강남구|역삼동|서초1동|APT8202|푸르지오|12525|2|5|0.041|0.03|0.014|0.1|0.044|0.003|0.03|0.172|0.106|0.075|0.003|0.194|0.108|0.009|0.072
202406|27|26140|44130000|4611000000|인천|강남구|역삼동|역삼1동|APT9200|푸르지오|13486|2|6|0.256|0.058|0.15|0.136|0.028|0.049|0.009|0.004|0.025|0.089|0.008|0.016|0.027|0.119|0.024
202406|45|11170|47110000|4211000000|경기|수원시|인계동|역삼1동|APT6096|자이|17953|2|6|0.08|0.006|0.035|0.342|0.07|0.016|0.157|0.009|0.043|0.023|0.001|0.026|0.032|0.1|0.061
202406|47|26110|26140000|1111000000|부산|성남시|인계동|역삼1동|APT4177|자이|6114|1|2|0.011|0.074|0.167|0.012|0.002|0.008|0.199|0.092|0.042|0.055|0.032|0.072|0.162|0.011|0.06
202406|45|44130|27110000|1111000000|서울|서초구|서초동|서초1동|APT7180|래미안|16635|1|4|0.029|0.2|0.087|0.074|0.087|0.016|0.197|0.019|0.035|0.037|0.039|0.021|0.125|0.013|0.021
202406|43|26140|11110000|4711000000|서울|성남시|역삼동|역삼1동|APT1989|래미안|9895|2|6|0.012|0.011|0.005|0.061|0.141|0.041|0.012|0.074|0.017|0.002|0.217|0.109|0.091|0.09|0.118
202406|47|26140|43110000|2811000000|서울|수원시|서초동|역삼1동|APT1605|힐스테이트|15589|1|5|0.008|0.111|0.023|0.042|0.031|0.003|0.103|0.134|0.081|0.204|0.072|0.033|0.109|0.017|0.028
202406|11|42110|26110000|2614000000|경기|수원시|역삼동|역삼1동|APT7619|푸르지오|19279|2|3|0.025|0.038|0.007|0.045|0.233|0.062|0.005|0.027|0.009|0.005|0.071|0.094|0.177|0.198|0.003
202406|44|11200|27110000|1111000000|부산|서초구|역삼동|서초1동|APT8182|푸르지오|11129|x|2|0.005|0.206|0.005|0.006|0.065|0.029|0.072|0.08|0.17|0.14|0.024|0.001|0.021|0.023|0.152
202406|42|26110|44130000|4113000000|서울|서초구|인계동|서초1동|APT8118|푸르지오|14036|1|5|0.002|0.127|0.005|0.072|0.087|0.107|0.047|0.088|0.007|0.073|0.016|0.162|0.068|0.063|0.076
202406|41|47110|11170000|1114000000|인천|서초구|인계동|서초1동|APT4525|자이|8249|1|3|0.034|0.07|0.007|0.112|0.053|0.051|0.083|0.039|0.001|0.056|0.128|0.02|0.092|0.094|0.159
202406|27|26140|41110000|2611000000|경기|강남구|역삼동|서초1동|APT8492|래미안|10672|1|3|0.092|0.047|0.034|0.023|0.031|0.0|0.001|0.176|0.055|0.023|0.042|0.177|0.188|0.017|0.095
202406|43|28110|11140000|2711000000|경기|성남시|인계동|서초1동|APT7194|자이|18816|2|3|0.053|0.164|0.036|0.091|0.081|0.016|0.001|0.004|0.043|0.032|0.004|0.081|0.019|0.045|0.327
202406|26|47110|41110000|4413000000|서울|강남구|역삼동|서초1동|APT8185|힐스테이트|3020|1|5|0.003|0.037|0.089|0.053|0.277|0.107|0.13|0.0|0.013|0.168|0.028|0.041|0.023|0.015|0.015
202406|41|28110|41130000|1117000000|경기|서초구|서초동|서초1동|APT6684|래미안|6524|1|4|0.109|0.016|0.01|0.018|0.081|0.061|0.199|0.019|0.065|0.001|0.106|0.029|0.058|0.214|0.014
202406|11|44130|41130000|2811000000|인천|강남구|역삼동|역삼1동|APT4607|래미안|15698|2|3|0.027|0.007|0.143|0.026|0.008|0.156|0.084|0.018|0.076|0.003|0.029|0.318|0.046|0.055|0.005
202406|11|43110|28110000|4115000000|경기|성남시|인계동|서초1동|APT9617|자이|3026|2|6|0.113|0.017|0.167|0.075|0.09|0.049|0.014|0.074|0.01|0.005|0.074|0.027|0.023|0.041|0.222
202406|27|43110|43110000|4113000000|서울|수원시|서초동|역삼1동|APT4274|푸르지오|2862|2|2|0.015|0.038|0.01|0.003|0.051|0.02|0.074|0.126|0.143|0.071|0.255|0.006|0.085|0.014|0.09
202406|11|41130|11170000|4711000000|부산|서초구|역삼동|서초1동|APT4179|자이|10552|2|6|0.021|0.002|0.034|0.011|0.013|0.177|0.022|0.1|0.037|0.171|0.16|0.176|0.007|0.021|0.047
202406|27|47110|46110000|1120000000|인천|수원시|서초동|서초1동|APT7416|푸르지오|9446|1|6|0.005|0.045|0.035|0.108|0.156|0.104|0.063|0.135|0.022|0.122|0.023|0.004|0.113|0.05|0.015
202406|27|45110|26110000|1120000000|경기|수원시|인계동|서초1동|APT1732|푸르지오|13693|1|6|0.0|0.086|0.05|0.109|0.133|0.102|0.007|0.04|0.048|0.137|0.135|0.004|0.071|0.06|0.017
202406|41|41130|41150000|4611000000|인천|수원시|인계동|서초1동|APT2927|힐스테이트|6814|1|6|0.05|0.063|0.016|0.01|0.035|0.072|0.066|0.07|0.022|0.228|0.065|0.034|0.069|0.127|0.071
202406|26|11170|41110000|1117000000|경기|성남시|역삼동|서초1동|APT6975|래미안|19056|x|5|0.014|0.082|0.027|0.058|0.025|0.088|0.006|0.085|0.047|0.059|0.0|0.238|0.088|0.07|0.112
202406|47|11110|26110000|1111000000|인천|강남구|역삼동|서초1동|APT2916|푸르지오|14945|2|6|0.022|0.043|0.008|0.173|0.134|0.043|0.078|0.031|0.001|0.106|0.036|0.134|0.059|0.014|0.119
202406|43|26110|26110000|1111000000|부산|성남시|서초동|역삼1동|APT6502|푸르지오|4752|2|2|0.024|0.042|0.014|0.232|0.047|0.048|0.191|0.067|0.05|0.101|0.001|0.06|0.026|0.012|0.084
202406|26|43110|41150000|1117000000|서울|서초구|인계동|역삼1동|APT7532|힐스테이트|5591|1|5|0.138|0.12|0.051|0.039|0.095|0.048|0.018|0.004|0.034|0.006|0.088|0.139|0.148|0.043|0.03
202406|41|28110|11170000|2614000000|서울|강남구|역삼동|서초1동|APT2756|래미안|12879|1|4|0.03|0.029|0.223|0.118|0.031|0.038|0.041|0.224|0.052|0.011|0.009|0.046|0.031|0.015|0.103
202406|45|47110|41130000|4111000000|경기|성남시|서초동|역삼1동|APT7657|자이|9662|1|5|0.042|0.028|0.02|0.041|0.04|0.337|0.005|0.052|0.034|0.08|0.018|0.087|0.153|0.021|0.041
202406|11|11140|27110000|4115000000|서울|서초구|서초동|역삼1동|APT6381|자이|7050|2|3|0.031|0.104|0.01|0.161|0.002|0.023|0.008|0.025|0.087|0.031|0.215|0.086|0.087|0.084|0.046
202406|43|46110|41150000|4113000000|경기|서초구|역삼동|서초1동|APT3896|푸르지오|13217|1|6|0.021|0.044|0.105|0.092|0.001|0.216|0.023|0.038|0.036|0.043|0.079|0.081|0.016|0.11|0.095
202406|43|43110|41150000|4211000000|부산|서초구|역삼동|역삼1동|APT7859|푸르지오|2398|x|4|0.098|0.204|0.048|0.029|0.069|0.008|0.03|0.142|0.035|0.042|0.115|0.015|0.021|0.123|0.02
202406|42|11140|41110000|4111000000|서울|수원시|인계동|역삼1동|APT7538|힐스테이트|11427|1|5|0.046|0.008|0.019|0.125|0.159|0.144|0.044|0.031|0.04|0.112|0.004|0.075|0.054|0.121|0.02
202406|46|47110|45110000|1111000000|부산|서초구|역삼동|서초1동|APT8825|자이|9692|x|2|0.006|0.101|0.108|0.115|0.107|0.01|0.016|0.049|0.041|0.013|0.182|0.073|0.123|0.052|0.004
202406|47|41130|44130000|2711000000|서울|강남구|서초동|역삼1동|APT9782|푸르지오|8922|x|2|0.049|0.1|0.003|0.172|0.019|0.11|0.054|0.015|0.072|0.008|0.071|0.117|0.043|0.12|0.047
202406|27|43110|26110000|1114000000|인천|성남시|인계동|역삼1동|APT1952|푸르지오|17675|2|4|0.004|0.116|0.031|0.168|0.003|0.011|0.044|0.012|0.192|0.066|0.005|0.032|0.019|0.212|0.085
202406|11|11200|41130000|1114000000|서울|성남시|서초동|서초1동|APT5377|푸르지오|8701|1|6|0.033|0.08|0.015|0.085|0.002|0.282|0.005|0.013|0.007|0.115|0.149|0.002|0.041|0.126|0.046
202406|11|11140|11140000|1111000000|경기|강남구|인계동|역삼1동|APT2333|푸르지오|19796|x|5|0.072|0.066|0.332|0.067|0.008|0.037|0.011|0.135|0.005|0.064|0.025|0.066|0.042|0.068|0.002
202406|11|42110|42110000|2811000000|경기|강남구|인계동|역삼1동|APT2527|힐스테이트|3889|1|5|0.036|0.054|0.052|0.027|0.042|0.019|0.046|0.154|0.043|0.043|0.087|0.028|0.097|0.208|0.066
202406|27|46110|41130000|4111000000|부산|강남구|서초동|서초1동|APT5545|푸르지오|5654|2|3|0.102|0.006|0.029|0.028|0.031|0.01|0.058|0.046|0.052|0.033|0.196|0.007|0.156|0.107|0.139
202406|11|47110|45110000|2614000000|경기|성남시|인계동|서초1동|APT1748|래미안|12497|2|4|0.156|0.025|0.166|0.049|0.049|0.058|0.071|0.088|0.024|0.034|0.05|0.16|0.038|0.011|0.021
202406|41|42110|47110000|2611000000|부산|강남구|서초동|역삼1동|APT7139|자이|4407|2|6|0.005|0.134|0.051|0.111|0.22|0.066|0.052|0.057|0.003|0.075|0.018|0.051|0.016|0.071|0.074
202406|43|11140|11200000|4111000000|인천|성남시|역삼동|서초1동|APT2247|래미안|17604|2|3|0.022|0.013|0.031|0.118|0.193|0.048|0.006|0.002|0.298|0.005|0.021|0.089|0.05|0.079|0.023
202406|44|45110|41150000|1117000000|부산|서초구|서초동|서초1동|APT7100|래미안|16570|1|4|0.092|0.02|0.123|0.021|0.096|0.012|0.112|0.209|0.032|0.051|0.063|0.049|0.109|0.004|0.007
202406|26|47110|46110000|4413000000|인천|서초구|인계동|역삼1동|APT8197|자이|5736|1|3|0.005|0.008|0.063|0.062|0.059|0.003|0.11|0.036|0.197|0.061|0.067|0.176|0.009|0.065|0.08
202406|27|46110|26140000|2711000000|경기|서초구|역삼동|서초1동|APT4651|푸르지오|19879|2|3|0.027|0.05|0.048|0.045|0.018|0.06|0.386|0.003|0.139|0.017|0.035|0.014|0.026|0.022|0.11
202406|45|41110|46110000|4311000000|인천|수원시|서초동|서초1동|APT8043|자이|9237|2|2|0.077|0.135|0.237|0.015|0.119|0.117|0.034|0.04|0.029|0.029|0.047|0.008|0.047|0.048|0.018
202406|11|11110|42110000|4111000000|부산|성남시|역삼동|서초1동|APT7510|자이|14314|1|5|0.047|0.024|0.02|0.126|0.03|0.0|0.002|0.008|0.03|0.114|0.238|0.148|0.093|0.075|0.045
202406|45|43110|45110000|4113000000|서울|성남시|인계동|서초1동|APT6324|힐스테이트|6833|1|5|0.115|0.007|0.006|0.197|0.034|0.008|0.028|0.066|0.037|0.028|0.019|0.204|0.135|0.098|0.018
202406|41|28110|47110000|1120000000|경기|강남구|인계동|역삼1동|APT6977|푸르지오|2319|2|2|0.015|0.113|0.022|0.077|0.019|0.032|0.264|0.0|0.071|0.001|0.021|0.074|0.074|0.111|0.106
202406|47|45110|44130000|2711000000|인천|수원시|서초동|서초1동|APT4962|힐스테이트|9899|2|4|0.038|0.012|0.12|0.04|0.003|0.019|0.04|0.058|0.053|0.097|0.017|0.046|0.351|0.063|0.043
202406|26|11140|42110000|4113000000|서울|강남구|역삼동|역삼1동|APT5965|푸르지오|15699|2|6|0.017|0.079|0.027|0.007|0.006|0.1|0.051|0.037|0.272|0.044|0.085|0.084|0.145|0.038|0.008
202406|45|41130|26140000|1120000000|부산|서초구|서초동|역삼1동|APT9628|자이|9347|2|4|0.026|0.014|0.069|0.057|0.046|0.024|0.023|0.08|0.22|0.135|0.152|0.046|0.03|0.012|0.068
202406|41|11170|11170000|1111000000|경기|강남구|서초동|역삼1동|APT2252|래미안|12213|2|2|0.077|0.076|0.012|0.004|0.08|0.05|0.078|0.1|0.065|0.096|0.062|0.023|0.03|0.175|0.072
202406|11|46110|47110000|4413000000|경기|서초구|인계동|역삼1동|APT8559|자이|16759|2|5|0.033|0.03|0.026|0.06|0.064|0.025|0.104|0.041|0.077|0.101|0.015|0.047|0.25|0.094|0.031
202406|11|26140|47110000|4311000000|경기|서초구|역삼동|서초1동|APT3010|래미안|14810|x|2|0.111|0.004|0.151|0.011|0.045|0.078|0.102|0.005|0.095|0.004|0.037|0.116|0.09|0.043|0.107
202406|26|45110|41150000|2811000000|경기|강남구|역삼동|역삼1동|APT7356|자이|9412|1|5|0.096|0.006|0.102|0.05|0.099|0.001|0.085|0.058|0.058|0.151|0.036|0.079|0.081|0.034|0.064
202406|45|27110|45110000|1117000000|서울|강남구|역삼동|서초1동|APT3550|자이|18436|2|4|0.022|0.047|0.11|0.03|0.039|0.068|0.181|0.085|0.08|0.032|0.019|0.063|0.075|0.1|0.048
202406|27|11110|45110000|2711000000|서울|성남시|서초동|서초1동|APT7091|푸르지오|4101|x|5|0.189|0.011|0.015|0.107|0.016|0.214|0.019|0.022|0.082|0.014|0.064|0.006|0.127|0.072|0.044
202406|44|11110|44130000|2614000000|서울|수원시|인계동|역삼1동|APT4259|자이|2612|2|5|0.021|0.043|0.002|0.087|0.04|0.001|0.005|0.085|0.009|0.27|0.246|0.024|0.1|0.019|0.047
202406|46|43110|46110000|2711000000|서울|서초구|서초동|서초1동|APT9756|힐스테이트|2078|1|4|0.062|0.081|0.017|0.011|0.087|0.013|0.005|0.093|0.102|0.25|0.071|0.048|0.064|0.032|0.062
202406|45|26110|45110000|4511000000|부산|강남구|인계동|서초1동|APT1205|자이|15944|2|3|0.126|0.011|0.005|0.045|0.044|0.12|0.005|0.169|0.011|0.001|0.184|0.006|0.126|0.077|0.07
202406|27|41110|41130000|1117000000|인천|성남시|인계동|역삼1동|APT4183|힐스테이트|4097|1|5|0.034|0.051|0.02|0.028|0.087|0.25|0.093|0.004|0.076|0.279|0.007|0.033|0.033|0.003|0.001
202406|46|41110|45110000|1111000000|서울|강남구|역삼동|역삼1동|APT9345|힐스테이트|2465|1|4|0.273|0.14|0.063|0.011|0.006|0.051|0.021|0.037|0.006|0.14|0.002|0.048|0.06|0.128|0.015
202406|47|11110|44130000|4711000000|부산|서초구|서초동|역삼1동|APT8487|푸르지오|16241|1|5|0.126|0.084|0.064|0.014|0.03|0.079|0.053|0.106|0.005|0.111|0.117|0.073|0.032|0.046|0.06
202406|27|26140|47110000|4413000000|경기|서초구|인계동|서초1동|APT4930|푸르지오|17636|x|6|0.04|0.063|0.049|0.065|0.02|0.048|0.093|0.022|0.142|0.003|0.001|0.006|0.176|0.14|0.132
202406|27|11110|27110000|4311000000|경기|강남구|인계동|서초1동|APT6969|래미안|2979|1|5|0.114|0.102|0.003|0.037|0.011|0.028|0.013|0.19|0.054|0.014|0.083|0.084|0.121|0.081|0.066
202406|45|11200|47110000|4611000000|경기|서초구|역삼동|역삼1동|APT1129|힐스테이트|9178|2|3|0.227|0.138|0.006|0.062|0.112|0.002|0.069|0.04|0.112|0.012|0.065|0.056|0.02|0.024|0.054
202406|47|45110|11110000|1111000000|경기|성남시|역삼동|서초1동|APT6502|푸르지오|13629|2|3|0.11|0.02|0.004|0.136|0.093|0.069|0.055|0.007|0.065|0.129|0.154|0.011|0.076|0.035|0.034
202406|45|41110|43110000|1120000000|서울|수원시|서초동|역삼1동|APT9649|힐스테이트|18413|1|5|0.093|0.019|0.14|0.088|0.019|0.065|0.029|0.071|0.091|0.095|0.038|0.082|0.043|0.05|0.076
202406|45|26140|42110000|4115000000|서울|성남시|역삼동|서초1동|APT5518|푸르지오|3448|1|3|0.027|0.054|0.114|0.011|0.177|0.134|0.006|0.045|0.014|0.001|0.106|0.015|0.08|0.055|0.162
202406|47|11200|43110000|4311000000|서울|강남구|인계동|역삼1동|APT6962|푸르지오|17466|1|3|0.073|0.172|0.005|0.012|0.026|0.055|0.048|0.001|0.035|0.195|0.103|0.135|0.024|0.06|0.056
202406|27|11140|41130000|1117000000|인천|성남시|역삼동|역삼1동|APT5921|힐스테이트|2680|2|5|0.058|0.043|0.162|0.044|0.097|0.098|0.002|0.067|0.069|0.081|0.031|0.008|0.087|0.036|0.116
202406|26|41150|28110000|1117000000|부산|성남시|인계동|서초1동|APT8608|래미안|9431|1|3|0.058|0.13|0.086|0.077|0.111|0.115|0.065|0.122|0.003|0.002|0.066|0.078|0.039|0.009|0.039
202406|47|26140|11110000|4413000000|부산|강남구|서초동|역삼1동|APT9105|푸르지오|9424|1|3|0.057|0.018|0.066|0.017|0.049|0.163|0.019|0.0|0.108|0.049|0.188|0.133|0.072|0.05|0.009
202406|11|43110|41150000|2614000000|경기|성남시|인계동|서초1동|APT8242|힐스테이트|8240|x|3|0.013|0.084|0.056|0.102|0.009|0.109|0.009|0.059|0.027|0.058|0.088|0.209|0.152|0.008|0.019
202406|45|27110|11110000|2711000000|인천|강남구|인계동|역삼1동|APT5641|힐스테이트|6189|1|4|0.249|0.039|0.019|0.028|0.094|0.023|0.032|0.083|0.033|0.004|0.049|0.018|0.007|0.028|0.294
202406|41|46110|26110000|4115000000|부산|수원시|역삼동|역삼1동|APT5742|자이|13159|2|4|0.011|0.018|0.064|0.112|0.17|0.095|0.032|0.173|0.065|0.026|0.14|0.029|0.025|0.014|0.025
202406|46|44130|26110000|1117000000|서울|성남시|인계동|서초1동|APT9175|자이|18204|1|3|0.144|0.142|0.061|0.009|0.022|0.072|0.033|0.006|0.031|0.085|0.222|0.023|0.069|0.063|0.017
202406|26|41110|43110000|4211000000|부산|강남구|역삼동|서초1동|APT7948|힐스테이트|13544|2|5|0.037|0.058|0.015|0.26|0.088|0.016|0.086|0.181|0.031|0.071|0.056|0.007|0.01|0.079|0.005
202406|44|11110|44130000|4111000000|부산|서초구|서초동|역삼1동|APT4918|자이|7985|1|2|0.023|0.02|0.062|0.075|0.177|0.002|0.062|0.253|0.049|0.074|0.036|0.012|0.076|0.069|0.009
202406|45|41110|41110000|4611000000|부산|서초구|서초동|역삼1동|APT6590|래미안|6276|1|6|0.015|0.128|0.084|0.016|0.002|0.008|0.221|0.015|0.061|0.148|0.11|0.034|0.005|0.062|0.091
202406|26|26110|26110000|1117000000|인천|성남시|역삼동|역삼1동|APT3327|래미안|6585|1|6|0.079|0.095|0.199|0.003|0.045|0.0|0.068|0.065|0.155|0.009|0.004|0.034|0.031|0.139|0.073
202406|41|45110|11170000|2811000000|부산|성남시|인계동|역삼1동|APT1301|자이|11711|1|6|0.023|0.004|0.021|0.268|0.067|0.164|0.028|0.097|0.037|0.062|0.032|0.025|0.003|0.154|0.015
202406|46|41150|27110000|4311000000|서울|강남구|역삼동|역삼1동|APT6723|자이|3446|1|4|0.041|0.01|0.088|0.263|0.073|0.038|0.133|0.054|0.047|0.017|0.025|0.014|0.093|0.005|0.099
202406|45|41130|42110000|2811000000|서울|서초구|인계동|서초1동|APT3511|자이|3121|1|4|0.013|0.089|0.127|0.144|0.034|0.048|0.059|0.054|0.132|0.004|0.003|0.117|0.074|0.017|0.087
202406|26|44130|41130000|4711000000|부산|서초구|역삼동|역삼1동|APT7802|래미안|7839|2|4|0.074|0.057|0.177|0.007|0.023|0.098|0.041|0.163|0.013|0.0|0.143|0.0|0.002|0.043|0.16
202406|11|46110|11170000|4311000000|경기|수원시|서초동|역삼1동|APT4097|힐스테이트|19650|2|6|0.058|0.078|0.048|0.029|0.122|0.104|0.001|0.055|0.069|0.225|0.002|0.047|0.159|0.002|0.001
202406|47|43110|11200000|1120000000|인천|수원시|인계동|역삼1동|APT8861|푸르지오|9855|1|5|0.115|0.142|0.093|0.016|0.038|0.011|0.199|0.057|0.002|0.015|0.072|0.037|0.078|0.118|0.008
202406|47|41110|11110000|2811000000|인천|성남시|서초동|서초1동|APT2054|자이|15710|1|5|0.021|0.053|0.007|0.078|0.006|0.021|0.121|0.239|0.002|0.155|0.162|0.053|0.053|0.023|0.006
202406|42|26140|41110000|4111000000|인천|강남구|인계동|역삼1동|APT6781|래미안|11344|2|3|0.285|0.02|0.027|0.092|0.111|0.037|0.005|0.056|0.072|0.037|0.043|0.019|0.056|0.085|0.056
202406|41|41130|46110000|4711000000|부산|성남시|인계동|역삼1동|APT5190|힐스테이트|19616|1|5|0.039|0.072|0.022|0.059|0.185|0.029|0.076|0.163|0.027|0.006|0.092|0.142|0.024|0.011|0.053
202406|43|42110|45110000|4211000000|인천|수원시|서초동|서초1동|APT2715|자이|16236|2|6|0.075|0.017|0.051|0.129|0.012|0.183|0.032|0.005|0.188|0.079|0.116|0.046|0.023|0.036|0.009
202406|47|42110|41130000|4711000000|경기|수원시|역삼동|서초1동|APT9909|푸르지오|10192|1|5|0.031|0.268|0.086|0.031|0.041|0.03|0.007|0.036|0.013|0.11|0.075|0.018|0.018|0.072|0.165
202406|47|43110|42110000|4511000000|경기|수원시|서초동|역삼1동|APT6228|래미안|4760|2|4|0.057|0.268|0.106|0.005|0.009|0.046|0.046|0.164|0.009|0.104|0.012|0.082|0.028|0.063|0.002
202406|43|45110|11200000|1117000000|부산|수원시|인계동|역삼1동|APT4798|푸르지오|16487|x|5|0.027|0.125|0.042|0.088|0.199|0.019|0.089|0.025|0.055|0.044|0.035|0.014|0.061|0.044|0.134
202406|42|47110|28110000|2611000000|부산|성남시|서초동|서초1동|APT7192|힐스테이트|19221|x|4|0.048|0.082|0.102|0.135|0.025|0.077|0.005|0.02|0.059|0.157|0.024|0.012|0.01|0.195|0.048
202406|41|11170|11200000|4611000000|부산|수원시|역삼동|역삼1동|APT5637|푸르지오|11367|1|5|0.115|0.004|0.214|0.008|0.035|0.047|0.021|0.04|0.017|0.1|0.142|0.081|0.102|0.05|0.024
202406|26|41110|11170000|4311000000|서울|수원시|역삼동|서초1동|APT7876|힐스테이트|16400|1|4|0.054|0.011|0.018|0.118|0.121|0.009|0.219|0.001|0.038|0.021|0.087|0.092|0.06|0.013|0.138
202406|44|27110|44130000|2811000000|부산|성남시|역삼동|서초1동|APT2975|힐스테이트|16464|2|2|0.015|0.032|0.002|0.212|0.051|0.115|0.026|0.072|0.022|0.068|0.031|0.176|0.018|0.033|0.126
202406|11|42110|44130000|1117000000|부산|강남구|서초동|역삼1동|APT7159|자이|6731|2|6|0.006|0.005|0.214|0.175|0.008|0.01|0.115|0.091|0.047|0.027|0.03|0.016|0.161|0.07|0.024
202406|11|41130|11140000|4211000000|서울|강남구|서초동|역삼1동|APT2981|힐스테이트|15829|2|3|0.094|0.016|0.019|0.02|0.109|0.067|0.036|0.078|0.103|0.04|0.205|0.122|0.012|0.034|0.045
202406|47|11170|45110000|4413000000|경기|수원시|서초동|서초1동|APT5739|래미안|10133|1|4|0.054|0.004|0.106|0.029|0.077|0.079|0.014|0.092|0.138|0.041|0.038|0.108|0.095|0.042|0.084
202406|43|27110|11200000|1120000000|부산|수원시|인계동|서초1동|APT6536|푸르지오|16022|1|2|0.014|0.071|0.122|0.007|0.178|0.067|0.036|0.072|0.016|0.06|0.118|0.099|0.05|0.007|0.083
202406|45|11140|42110000|4111000000|인천|수원시|서초동|서초1동|APT8922|푸르지오|13300|2|6|0.01|0.194|0.026|0.065|0.063|0.048|0.082|0.053|0.05|0.04|0.212|0.006|0.015|0.005|0.132
202406|11|26110|42110000|4711000000|서울|성남시|인계동|서초1동|APT2579|푸르지오|4520|2|4|0.017|0.048|0.056|0.022|0.088|0.177|0.016|0.141|0.143|0.031|0.083|0.017|0.053|0.102|0.005
202406|44|27110|28110000|2611000000|인천|강남구|인계동|역삼1동|APT7595|자이|8793|1|2|0.011|0.067|0.024|0.316|0.033|0.001|0.026|0.06|0.047|0.067|0.208|0.031|0.003|0.063|0.044
202406|26|26140|11200000|1117000000|부산|강남구|역삼동|서초1동|APT4865|힐스테이트|6344|1|2|0.001|0.212|0.009|0.161|0.231|0.039|0.01|0.031|0.012|0.016|0.059|0.09|0.027|0.013|0.089
202406|11|27110|41150000|1111000000|부산|서초구|역삼동|역삼1동|APT7543|자이|7234|2|5|0.052|0.037|0.016|0.12|0.119|0.016|0.057|0.023|0.077|0.083|0.011|0.028|0.021|0.209|0.131
202406|42|26110|26140000|2711000000|서울|서초구|역삼동|역삼1동|APT9734|힐스테이트|16018|1|3|0.09|0.003|0.046|0.048|0.089|0.003|0.156|0.054|0.027|0.233|0.044|0.001|0.022|0.12|0.062
202406|27|11170|41150000|1114000000|부산|성남시|서초동|역삼1동|APT5080|래미안|16657|1|6|0.038|0.027|0.034|0.027|0.297|0.08|0.0|0.088|0.012|0.011|0.188|0.05|0.031|0.017|0.1
202406|11|41150|11110000|2611000000|인천|서초구|서초동|서초1동|APT2368|푸르지오|9391|2|5|0.006|0.008|0.046|0.024|0.259|0.097|0.114|0.161|0.04|0.023|0.137|0.05|0.003|0.001|0.031
202406|46|41110|42110000|4111000000|서울|강남구|서초동|서초1동|APT1167|푸르지오|4768|1|4|0.008|0.02|0.117|0.047|0.034|0.008|0.038|0.015|0.107|0.014|0.297|0.154|0.049|0.074|0.017
202406|46|45110|11200000|2711000000|인천|성남시|인계동|역삼1동|APT8677|래미안|10917|1|6|0.003|0.195|0.05|0.026|0.003|0.196|0.055|0.011|0.007|0.029|0.028|0.156|0.071|0.007|0.163
202406|41|47110|46110000|4711000000|인천|성남시|인계동|역삼1동|APT5576|힐스테이트|17147|1|4|0.12|0.097|0.027|0.071|0.011|0.023|0.034|0.022|0.029|0.028|0.227|0.025|0.105|0.062|0.118
202406|41|46110|26110000|2614000000|부산|서초구|역삼동|역삼1동|APT2571|푸르지오|14684|2|4|0.082|0.022|0.001|0.146|0.136|0.109|0.067|0.025|0.012|0.026|0.061|0.047|0.017|0.074|0.175
202406|45|45110|47110000|2611000000|경기|성남시|서초동|서초1동|APT3649|푸르지오|5801|x|6|0.06|0.078|0.068|0.137|0.022|0.122|0.064|0.071|0.02|0.067|0.086|0.033|0.079|0.03|0.063
202406|42|28110|46110000|2611000000|인천|수원시|역삼동|서초1동|APT3080|푸르지오|12304|2|6|0.038|0.008|0.017|0.296|0.01|0.002|0.197|0.028|0.024|0.094|0.028|0.103|0.007|0.103|0.045
202406|26|11200|43110000|4111000000|인천|성남시|서초동|역삼1동|APT4680|래미안|18113|1|6|0.255|0.047|0.007|0.057|0.035|0.053|0.048|0.017|0.062|0.018|0.243|0.041|0.044|0.057|0.017
202406|41|11200|27110000|2711000000|인천|수원시|인계동|역삼1동|APT7471|래미안|19498|2|3|0.099|0.237|0.163|0.083|0.015|0.038|0.037|0.083|0.058|0.029|0.02|0.008|0.064|0.064|0.002
202406|46|46110|46110000|4311000000|인천|수원시|서초동|서초1동|APT5010|푸르지오|13008|1|3|0.281|0.112|0.109|0.041|0.086|0.015|0.034|0.079|0.005|0.001|0.153|0.002|0.005|0.026|0.053
202406|27|11110|47110000|1120000000|부산|성남시|역삼동|역삼1동|APT6283|힐스테이트|10126|2|4|0.022|0.056|0.023|0.133|0.026|0.002|0.013|0.319|0.068|0.159|0.0|0.05|0.011|0.077|0.04
202406|11|11200|11110000|4711000000|경기|성남시|서초동|서초1동|APT5547|힐스테이트|8281|1|4|0.207|0.03|0.039|0.007|0.119|0.006|0.043|0.03|0.027|0.006|0.119|0.124|0.092|0.016|0.136
202406|27|11110|11170000|2614000000|서울|성남시|역삼동|서초1동|APT6391|푸르지오|15053|1|2|0.138|0.046|0.056|0.063|0.054|0.039|0.043|0.027|0.014|0.1|0.019|0.092|0.027|0.069|0.213
202406|46|41110|26140000|2614000000|부산|강남구|인계동|서초1동|APT4964|자이|15317|1|5|0.027|0.006|0.042|0.199|0.012|0.155|0.044|0.105|0.028|0.023|0.027|0.164|0.14|0.025|0.002
202406|11|26140|43110000|2711000000|인천|성남시|서초동|서초1동|APT2081|래미안|11321|2|6|0.001|0.018|0.089|0.041|0.04|0.226|0.015|0.01|0.084|0.241|0.006|0.054|0.051|0.068|0.055
202406|27|26110|11200000|2711000000|서울|강남구|역삼동|역삼1동|APT5717|힐스테이트|10279|2|4|0.017|0.158|0.052|0.036|0.018|0.193|0.065|0.112|0.008|0.016|0.028|0.019|0.124|0.103|0.049
202406|46|45110|41150000|4413000000|부산|서초구|서초동|역삼1동|APT7432|푸르지오|15627|2|5|0.007|0.115|0.028|0.026|0.071|0.011|0.091|0.025|0.027|0.102|0.055|0.006|0.137|0.133|0.167
202406|42|46110|26110000|4611000000|경기|강남구|서초동|역삼1동|APT6634|래미안|15422|1|3|0.238|0.04|0.005|0.025|0.089|0.07|0.043|0.121|0.004|0.028|0.015|0.058|0.012|0.209|0.044
202406|41|41150|46110000|1117000000|부산|강남구|인계동|역삼1동|APT7864|자이|13411|2|6|0.041|0.124|0.027|0.133|0.017|0.027|0.042|0.026|0.046|0.005|0.025|0.159|0.174|0.029|0.125
202406|44|42110|26140000|4511000000|서울|서초구|서초동|서초1동|APT1827|푸르지오|9465|2|4|0.07|0.065|0.098|0.045|0.019|0.012|0.015|0.012|0.002|0.151|0.007|0.222|0.143|0.027|0.112
202406|11|46110|41150000|4413000000|인천|서초구|인계동|서초1동|APT8313|자이|4865|2|3|0.361|0.084|0.083|0.003|0.031|0.011|0.003|0.044|0.035|0.08|0.049|0.023|0.067|0.073|0.053
202406|41|11170|47110000|1114000000|서울|서초구|역삼동|서초1동|APT5145|푸르지오|15209|2|5|0.068|0.092|0.088|0.016|0.153|0.07|0.026|0.02|0.032|0.052|0.037|0.012|0.134|0.116|0.084
202406|42|28110|41150000|4311000000|서울|성남시|인계동|역삼1동|APT3024|힐스테이트|15500|2|2|0.079|0.051|0.098|0.024|0.101|0.003|0.047|0.158|0.004|0.012|0.014|0.098|0.225|0.016|0.068
202406|11|47110|11110000|2614000000|인천|성남시|서초동|역삼1동|APT3513|래미안|5227|2|2|0.169|0.012|0.023|0.172|0.072|0.02|0.039|0.073|0.047|0.044|0.01|0.037|0.14|0.131|0.012
202406|46|41130|44130000|2611000000|경기|강남구|서초동|역삼1동|APT7039|래미안|19488|2|4|0.003|0.04|0.165|0.233|0.027|0.079|0.025|0.012|0.011|0.072|0.149|0.015|0.074|0.061|0.034
202406|26|11110|43110000|2614000000|서울|강남구|인계동|서초1동|APT3245|푸르지오|18467|1|2|0.06|0.004|0.073|0.042|0.234|0.035|0.109|0.012|0.16|0.048|0.006|0.057|0.067|0.041|0.052
202406|41|28110|46110000|1120000000|인천|강남구|서초동|역삼1동|APT6511|자이|11011|x|5|0.089|0.076|0.024|0.088|0.069|0.008|0.004|0.061|0.116|0.184|0.11|0.011|0.069|0.008|0.084
202406|42|46110|27110000|4113000000|경기|성남시|역삼동|역삼1동|APT3224|힐스테이트|13499|2|4|0.029|0.079|0.16|0.081|0.081|0.018|0.071|0.052|0.058|0.097|0.044|0.068|0.015|0.058|0.089
202406|45|11140|26110000|4111000000|경기|강남구|서초동|서초1동|APT9284|자이|4219|x|6|0.275|0.006|0.041|0.003|0.11|0.009|0.0|0.15|0.027|0.034|0.119|0.124|0.064|0.027|0.011
202406|45|41130|41150000|4311000000|경기|강남구|역삼동|역삼1동|APT1486|래미안|4092|2|4|0.014|0.02|0.161|0.147|0.044|0.281|0.1|0.11|0.025|0.005|0.027|0.007|0.003|0.005|0.051
202406|45|41130|43110000|1111000000|경기|강남구|역삼동|서초1동|APT1617|자이|19804|2|2|0.1|0.016|0.088|0.031|0.02|0.001|0.057|0.06|0.049|0.066|0.009|0.024|0.129|0.271|0.08
202406|45|11170|43110000|1120000000|인천|서초구|역삼동|서초1동|APT5404|래미안|5932|1|6|0.02|0.008|0.018|0.035|0.093|0.101|0.064|0.068|0.033|0.014|0.009|0.024|0.039|0.409|0.064
202406|45|26110|11170000|2711000000|부산|성남시|서초동|역삼1동|APT8122|자이|3712|2|4|0.02|0.021|0.119|0.057|0.058|0.217|0.004|0.018|0.001|0.045|0.019|0.131|0.217|0.024|0.048
202406|44|26140|43110000|4611000000|인천|수원시|서초동|서초1동|APT4409|푸르지오|16359|x|4|0.053|0.154|0.197|0.052|0.077|0.044|0.098|0.003|0.032|0.007|0.099|0.143|0.004|0.021|0.015
202406|44|46110|47110000|4413000000|경기|수원시|역삼동|서초1동|APT9043|푸르지오|13910|x|5|0.015|0.02|0.06|0.123|0.078|0.045|0.005|0.05|0.152|0.059|0.065|0.006|0.03|0.109|0.183
202406|42|41130|28110000|2611000000|부산|성남시|서초동|역삼1동|APT8327|자이|17940|x|4|0.066|0.046|0.05|0.051|0.017|0.167|0.043|0.042|0.019|0.055|0.07|0.012|0.011|0.264|0.088
202406|27|11200|43110000|4311000000|인천|강남구|역삼동|역삼1동|APT6970|푸르지오|15895|x|4|0.02|0.07|0.065|0.086|0.092|0.156|0.037|0.047|0.001|0.077|0.144|0.028|0.113|0.021|0.042
202406|42|28110|26110000|2711000000|인천|성남시|서초동|역삼1동|APT8181|자이|10250|1|4|0.059|0.129|0.136|0.015|0.031|0.098|0.073|0.038|0.0|0.015|0.174|0.144|0.042|0.042|0.002
202406|43|45110|11200000|4511000000|서울|강남구|역삼동|서초1동|APT5605|힐스테이트|10013|1|3|0.161|0.097|0.141|0.176|0.031|0.007|0.097|0.015|0.003|0.098|0.033|0.039|0.072|0.009|0.02
202406|43|11110|11110000|4115000000|서울|강남구|인계동|역삼1동|APT4032|푸르지오|4760|1|3|0.289|0.016|0.149|0.111|0.01|0.116|0.092|0.046|0.048|0.005|0.001|0.043|0.024|0.041|0.009
202406|44|11200|11110000|2614000000|인천|성남시|역삼동|역삼1동|APT7743|푸르지오|15055|1|4|0.031|0.113|0.013|0.037|0.229|0.02|0.002|0.005|0.078|0.114|0.012|0.015|0.024|0.262|0.044
202406|43|11140|47110000|2614000000|부산|강남구|역삼동|서초1동|APT3285|자이|4297|x|6|0.017|0.025|0.01|0.005|0.047|0.0|0.048|0.132|0.012|0.303|0.119|0.005|0.126|0.129|0.021
202406|27|27110|46110000|4115000000|인천|강남구|역삼동|서초1동|APT9748|푸르지오|11180|1|3|0.15|0.109|0.048|0.015|0.044|0.078|0.036|0.097|0.049|0.017|0.008|0.025|0.074|0.015|0.233
202406|27|28110|11200000|4113000000|서울|강남구|역삼동|서초1동|APT4607|자이|5801|1|5|0.033|0.017|0.125|0.05|0.214|0.011|0.008|0.134|0.028|0.035|0.013|0.037|0.267|0.003|0.027
202406|43|11140|47110000|4115000000|서울|강남구|서초동|역삼1동|APT4830|자이|7593|1|3|0.099|0.061|0.107|0.056|0.177|0.031|0.028|0.06|0.031|0.035|0.015|0.044|0.027|0.001|0.229
202406|27|26110|46110000|4611000000|부산|강남구|서초동|역삼1동|APT7594|래미안|16063|2|5|0.13|0.18|0.098|0.032|0.062|0.023|0.022|0.201|0.018|0.032|0.072|0.099|0.012|0.005|0.014
202406|47|26140|47110000|1120000000|인천|수원시|역삼동|역삼1동|APT9001|힐스테이트|17923|1|6|0.124|0.032|0.021|0.011|0.071|0.03|0.088|0.131|0.035|0.009|0.089|0.024|0.128|0.198|0.009
202406|41|43110|41110000|4511000000|인천|수원시|서초동|역삼1동|APT7738|푸르지오|9796|2|5|0.107|0.055|0.016|0.007|0.03|0.063|0.039|0.116|0.006|0.019|0.039|0.41|0.034|0.048|0.012
202406|45|41110|27110000|4115000000|부산|강남구|역삼동|서초1동|APT4404|푸르지오|19989|2|4|0.114|0.1|0.049|0.01|0.021|0.246|0.0|0.105|0.002|0.055|0.035|0.024|0.021|0.188|0.028
202406|46|11110|11170000|2611000000|인천|수원시|서초동|역삼1동|APT8620|힐스테이트|19072|1|5|0.061|0.035|0.004|0.059|0.084|0.064|0.066|0.085|0.13|0.011|0.091|0.134|0.009|0.158|0.009
202406|46|46110|41150000|4311000000|인천|서초구|인계동|서초1동|APT3624|푸르지오|18120|2|5|0.142|0.078|0.218|0.171|0.03|0.024|0.025|0.132|0.007|0.021|0.03|0.017|0.003|0.082|0.02
202406|27|11170|46110000|1117000000|부산|서초구|역삼동|서초1동|APT2932|푸르지오|13910|x|4|0.093|0.024|0.142|0.071|0.016|0.063|0.069|0.181|0.019|0.006|0.001|0.278|0.004|0.016|0.018
202406|43|41110|26110000|4113000000|부산|수원시|인계동|서초1동|APT1846|래미안|3456|2|3|0.238|0.021|0.103|0.051|0.008|0.003|0.157|0.03|0.015|0.102|0.014|0.102|0.067|0.049|0.039
202406|43|46110|41130000|4113000000|부산|서초구|인계동|서초1동|APT3420|푸르지오|8053|2|6|0.144|0.013|0.078|0.029|0.048|0.09|0.033|0.049|0.058|0.001|0.05|0.112|0.077|0.214|0.006
202406|27|28110|27110000|4711000000|인천|성남시|역삼동|역삼1동|APT5887|힐스테이트|10848|1|3|0.038|0.038|0.067|0.008|0.052|0.205|0.047|0.03|0.047|0.003|0.055|0.052|0.127|0.211|0.017
202406|46|42110|43110000|4115000000|인천|수원시|인계동|서초1동|APT5204|힐스테이트|3264|1|4|0.018|0.015|0.045|0.142|0.027|0.083|0.267|0.051|0.014|0.047|0.106|0.055|0.064|0.047|0.019
202406|27|41110|47110000|4111000000|부산|성남시|서초동|서초1동|APT4151|자이|15999|2|4|0.294|0.018|0.048|0.14|0.144|0.004|0.025|0.021|0.021|0.114|0.012|0.002|0.051|0.1|0.007
202406|45|26140|41150000|2811000000|서울|강남구|인계동|서초1동|APT6464|자이|6646|2|6|0.024|0.019|0.16|0.127|0.15|0.006|0.186|0.074|0.093|0.048|0.014|0.045|0.01|0.006|0.038
202406|11|11110|27110000|4211000000|서울|강남구|역삼동|역삼1동|APT8820|힐스테이트|4112|2|5|0.015|0.028|0.142|0.005|0.114|0.012|0.025|0.084|0.102|0.124|0.111|0.07|0.133|0.018|0.017
202406|42|11110|45110000|1120000000|경기|서초구|역삼동|서초1동|APT1936|힐스테이트|4657|1|2|0.094|0.041|0.012|0.033|0.104|0.001|0.004|0.114|0.031|0.055|0.018|0.172|0.038|0.238|0.046
202406|27|47110|26110000|2611000000|서울|성남시|서초동|역삼1동|APT8851|래미안|3937|1|3|0.002|0.009|0.155|0.009|0.006|0.137|0.238|0.069|0.016|0.095|0.077|0.076|0.043|0.004|0.065
202406|44|11200|43110000|4311000000|인천|수원시|인계동|역삼1동|APT1982|힐스테이트|6557|2|2|0.076|0.039|0.076|0.05|0.032|0.02|0.031|0.038|0.024|0.143|0.155|0.262|0.015|0.038|0.002
202406|47|11170|11200000|4211000000|서울|강남구|인계동|역삼1동|APT8394|힐스테이트|12782|1|4|0.076|0.046|0.026|0.072|0.085|0.018|0.116|0.007|0.008|0.037|0.011|0.064|0.057|0.161|0.215
202406|47|45110|26110000|2811000000|부산|성남시|서초동|역삼1동|APT1397|래미안|8044|1|6|0.105|0.024|0.048|0.033|0.014|0.041|0.031|0.109|0.202|0.009|0.153|0.126|0.015|0.007|0.083
202406|44|41110|45110000|4211000000|인천|성남시|서초동|역삼1동|APT4924|래미안|4273|2|4|0.114|0.043|0.023|0.013|0.08|0.013|0.041|0.052|0.003|0.009|0.208|0.006|0.103|0.126|0.167
202406|43|47110|11110000|4113000000|경기|서초구|서초동|역삼1동|APT6067|래미안|11100|2|5|0.059|0.039|0.104|0.018|0.03|0.078|0.003|0.006|0.084|0.139|0.141|0.087|0.133|0.031|0.048
202406|43|28110|11110000|4611000000|인천|강남구|인계동|서초1동|APT4715|힐스테이트|3669|1|3|0.044|0.083|0.09|0.003|0.013|0.02|0.024|0.051|0.26|0.068|0.148|0.01|0.141|0.021|0.023
202406|46|11140|11170000|2611000000|서울|강남구|역삼동|역삼1동|APT4620|힐스테이트|9205|1|5|0.0|0.13|0.094|0.082|0.234|0.01|0.033|0.023|0.029|0.142|0.003|0.088|0.053|0.016|0.063
202406|44|28110|11140000|1111000000|부산|수원시|서초동|역삼1동|APT1807|힐스테이트|4127|1|4|0.005|0.069|0.128|0.103|0.004|0.195|0.006|0.114|0.051|0.07|0.077|0.014|0.117|0.031|0.016
202406|44|42110|11170000|1111000000|경기|강남구|인계동|역삼1동|APT3614|자이|3516|1|5|0.075|0.003|0.098|0.036|0.013|0.028|0.084|0.084|0.097|0.002|0.033|0.079|0.211|0.156|0.002
202406|47|41110|27110000|1117000000|인천|성남시|역삼동|역삼1동|APT9812|푸르지오|16369|1|5|0.035|0.02|0.142|0.12|0.002|0.073|0.087|0.044|0.008|0.113|0.087|0.027|0.046|0.09|0.108
202406|27|41110|26140000|4711000000|부산|서초구|역삼동|역삼1동|APT5616|래미안|11012|2|5|0.123|0.082|0.01|0.004|0.103|0.185|0.002|0.008|0.066|0.134|0.015|0.023|0.08|0.141|0.023
202406|44|41130|44130000|4311000000|인천|수원시|인계동|서초1동|APT7575|자이|12498|2|5|0.022|0.071|0.01|0.185|0.139|0.061|0.06|0.015|0.029|0.084|0.092|0.215|0.009|0.002|0.006
202406|47|27110|11110000|4611000000|인천|서초구|인계동|서초1동|APT4781|푸르지오|16477|2|5|0.133|0.007|0.075|0.155|0.012|0.048|0.12|0.057|0.079|0.039|0.042|0.106|0.04|0.012|0.074
202406|27|41150|45110000|1114000000|서울|강남구|역삼동|역삼1동|APT5833|푸르지오|14105|1|5|0.021|0.157|0.047|0.154|0.058|0.178|0.02|0.022|0.087|0.012|0.052|0.063|0.016|0.022|0.093
202406|42|11170|11200000|4413000000|인천|서초구|인계동|역삼1동|APT6808|래미안|13563|2|5|0.04|0.021|0.061|0.006|0.06|0.153|0.155|0.087|0.045|0.054|0.225|0.009|0.066|0.004|0.013
202406|45|43110|44130000|1117000000|서울|수원시|인계동|서초1동|APT3314|자이|19288|1|6|0.033|0.032|0.03|0.015|0.004|0.015|0.003|0.085|0.051|0.049|0.039|0.211|0.188|0.142|0.101
202406|47|26140|45110000|4311000000|경기|성남시|역삼동|서초1동|APT7497|힐스테이트|9516|2|3|0.189|0.115|0.054|0.098|0.014|0.008|0.114|0.092|0.018|0.127|0.002|0.037|0.099|0.005|0.029
202406|44|46110|41110000|2611000000|경기|강남구|서초동|역삼1동|APT7459|래미안|3195|1|5|0.022|0.007|0.236|0.221|0.016|0.092|0.006|0.025|0.011|0.08|0.081|0.015|0.083|0.102|0.003
202406|27|41110|11200000|4113000000|경기|서초구|인계동|서초1동|APT6189|푸르지오|13376|x|6|0.135|0.044|0.005|0.112|0.021|0.27|0.02|0.031|0.055|0.016|0.031|0.012|0.152|0.003|0.095
202406|41|11200|11200000|4413000000|서울|서초구|역삼동|서초1동|APT6726|래미안|4827|1|4|0.003|0.034|0.002|0.172|0.031|0.043|0.028|0.06|0.021|0.244|0.013|0.103|0.052|0.044|0.151
202406|26|27110|11170000|4113000000|경기|수원시|인계동|역삼1동|APT9580|자이|15497|2|6|0.043|0.025|0.051|0.114|0.034|0.226|0.0|0.151|0.032|0.044|0.006|0.125|0.063|0.026|0.061
202406|41|11110|46110000|2614000000|부산|강남구|역삼동|서초1동|APT7548|래미안|16455|1|4|0.006|0.008|0.045|0.019|0.026|0.258|0.039|0.051|0.184|0.03|0.016|0.242|0.022|0.003|0.05
202406|27|43110|11140000|4211000000|경기|서초구|서초동|역삼1동|APT9895|래미안|4181|1|3|0.01|0.047|0.106|0.117|0.096|0.006|0.075|0.053|0.127|0.09|0.088|0.099|0.038|0.028|0.018
202406|43|11200|41130000|1114000000|인천|강남구|인계동|서초1동|APT5121|자이|10396|x|6|0.005|0.02|0.012|0.003|0.101|0.019|0.25|0.003|0.08|0.034|0.243|0.123|0.097|0.005|0.006
202406|41|41150|44130000|4413000000|서울|성남시|서초동|서초1동|APT4492|푸르지오|11846|1|3|0.056|0.012|0.003|0.087|0.007|0.096|0.134|0.002|0.069|0.067|0.023|0.272|0.07|0.074|0.028
202406|46|28110|11140000|4511000000|인천|성남시|역삼동|서초1동|APT6032|힐스테이트|9440|2|6|0.031|0.006|0.101|0.132|0.001|0.068|0.052|0.087|0.048|0.189|0.05|0.11|0.019|0.007|0.1
202406|43|11200|44130000|4113000000|인천|강남구|서초동|역삼1동|APT4592|래미안|12145|1|4|0.017|0.066|0.008|0.033|0.028|0.003|0.029|0.194|0.202|0.049|0.186|0.022|0.089|0.04|0.034
202406|44|47110|26110000|2614000000|부산|수원시|역삼동|역삼1동|APT5239|자이|9965|2|6|0.074|0.211|0.135|0.053|0.017|0.112|0.026|0.007|0.182|0.072|0.033|0.019|0.024|0.019|0.015
202406|41|28110|45110000|1117000000|부산|서초구|서초동|역삼1동|APT4898|래미안|14170|1|3|0.077|0.023|0.042|0.293|0.12|0.016|0.023|0.039|0.017|0.027|0.023|0.171|0.11|0.012|0.006
202406|27|11200|41110000|1114000000|인천|서초구|역삼동|역삼1동|APT3890|자이|19813|x|4|0.003|0.038|0.067|0.051|0.133|0.056|0.037|0.055|0.11|0.03|0.151|0.109|0.097|0.016|0.047
202406|26|28110|46110000|1114000000|부산|수원시|서초동|역삼1동|APT4218|자이|9390|1|3|0.044|0.014|0.018|0.0|0.032|0.043|0.217|0.038|0.039|0.085|0.039|0.31|0.043|0.074|0.004
202406|44|41130|45110000|4511000000|경기|서초구|역삼동|서초1동|APT1436|자이|18951|1|6|0.036|0.177|0.036|0.0|0.02|0.033|0.296|0.14|0.045|0.004|0.026|0.084|0.082|0.003|0.019
202406|27|43110|11140000|2711000000|인천|서초구|역삼동|역삼1동|APT5150|래미안|6388|2|3|0.124|0.005|0.098|0.172|0.071|0.03|0.022|0.007|0.126|0.029|0.067|0.028|0.019|0.013|0.189
202406|27|11140|46110000|4113000000|인천|수원시|서초동|서초1동|APT4633|자이|2491|2|5|0.007|0.019|0.183|0.13|0.043|0.068|0.013|0.042|0.034|0.064|0.063|0.109|0.109|0.097|0.019
202406|27|43110|27110000|4211000000|부산|서초구|서초동|서초1동|APT9334|자이|18174|2|3|0.064|0.093|0.378|0.06|0.012|0.026|0.061|0.02|0.007|0.056|0.121|0.027|0.008|0.003|0.065
202406|27|41150|11110000|1114000000|경기|서초구|서초동|역삼1동|APT5691|래미안|6317|2|5|0.154|0.079|0.038|0.025|0.034|0.305|0.034|0.04|0.076|0.028|0.048|0.007|0.075|0.007|0.05
202406|47|41130|42110000|1120000000|부산|서초구|인계동|서초1동|APT5027|푸르지오|15000|2|4|0.144|0.09|0.005|0.108|0.035|0.033|0.017|0.168|0.0|0.213|0.009|0.067|0.003|0.075|0.032
202406|43|11110|44130000|4113000000|서울|서초구|인계동|역삼1동|APT2704|래미안|3312|1|3|0.029|0.03|0.024|0.028|0.073|0.27|0.145|0.002|0.092|0.021|0.073|0.004|0.034|0.076|0.099
202406|43|41110|41130000|2614000000|인천|강남구|역삼동|서초1동|APT7220|래미안|10485|1|4|0.116|0.02|0.032|0.088|0.113|0.068|0.031|0.171|0.065|0.094|0.045|0.058|0.054|0.016|0.029
202406|41|11200|11110000|1111000000|인천|서초구|인계동|서초1동|APT9633|자이|11550|1|4|0.088|0.092|0.022|0.063|0.054|0.014|0.208|0.033|0.144|0.031|0.061|0.079|0.01|0.065|0.036
202406|41|11110|46110000|2611000000|부산|성남시|역삼동|역삼1동|APT1878|힐스테이트|18565|2|6|0.164|0.023|0.201|0.039|0.028|0.045|0.008|0.004|0.19|0.057|0.07|0.051|0.025|0.053|0.042
202406|45|11140|45110000|4115000000|인천|성남시|서초동|역삼1동|APT1527|자이|4495|x|4|0.014|0.094|0.14|0.253|0.094|0.002|0.069|0.079|0.049|0.011|0.015|0.051|0.104|0.019|0.007
202406|44|43110|11110000|4113000000|부산|수원시|역삼동|서초1동|APT4520|푸르지오|12878|2|5|0.031|0.062|0.006|0.023|0.094|0.053|0.072|0.051|0.092|0.129|0.052|0.128|0.087|0.082|0.038
202406|42|11170|11200000|2611000000|서울|성남시|서초동|역삼1동|APT9404|래미안|18948|1|3|0.062|0.002|0.014|0.02|0.064|0.395|0.003|0.029|0.032|0.013|0.05|0.026|0.13|0.136|0.022
202406|45|42110|27110000|4311000000|서울|서초구|서초동|서초1동|APT8928|래미안|3402|2|2|0.009|0.024|0.011|0.024|0.065|0.167|0.055|0.052|0.031|0.054|0.105|0.219|0.006|0.087|0.09
202406|26|11110|11200000|1114000000|부산|강남구|인계동|서초1동|APT9583|래미안|2279|2|6|0.024|0.013|0.093|0.038|0.004|0.148|0.008|0.093|0.023|0.052|0.01|0.184|0.125|0.104|0.083
202406|44|11200|41150000|2711000000|서울|강남구|서초동|역삼1동|APT9283|래미안|2834|2|3|0.201|0.091|0.113|0.035|0.016|0.066|0.05|0.065|0.011|0.002|0.034|0.035|0.096|0.027|0.158
202406|11|41150|11200000|1111000000|경기|서초구|인계동|역삼1동|APT1442|푸르지오|13927|1|4|0.186|0.038|0.114|0.027|0.024|0.041|0.041|0.129|0.063|0.038|0.126|0.055|0.001|0.02|0.097
202406|41|27110|11170000|2611000000|인천|서초구|서초동|서초1동|APT7779|푸르지오|11934|1|3|0.014|0.014|0.0|0.089|0.051|0.075|0.035|0.181|0.006|0.097|0.186|0.099|0.01|0.122|0.019
202406|44|28110|41110000|1120000000|인천|강남구|서초동|서초1동|APT9709|자이|9672|1|3|0.063|0.244|0.058|0.062|0.069|0.019|0.028|0.007|0.031|0.051|0.057|0.07|0.011|0.223|0.007
202406|27|26140|11200000|4111000000|인천|수원시|역삼동|역삼1동|APT3435|래미안|4370|2|4|0.114|0.089|0.064|0.109|0.026|0.06|0.005|0.032|0.178|0.111|0.001|0.039|0.124|0.029|0.021
202406|44|46110|28110000|1111000000|인천|수원시|인계동|역삼1동|APT3891|힐스테이트|3204|2|6|0.153|0.07|0.026|0.097|0.03|0.137|0.041|0.087|0.03|0.016|0.021|0.104|0.023|0.163|0.001
202406|41|46110|11140000|2811000000|인천|성남시|서초동|역삼1동|APT8018|자이|4932|1|5|0.001|0.161|0.033|0.002|0.017|0.025|0.063|0.052|0.086|0.166|0.036|0.121|0.001|0.123|0.111
202406|43|26140|28110000|2811000000|서울|성남시|서초동|서초1동|APT9568|래미안|12835|1|3|0.012|0.012|0.273|0.01|0.002|0.03|0.128|0.03|0.018|0.002|0.007|0.152|0.093|0.044|0.187
202406|26|41150|45110000|2611000000|경기|성남시|역삼동|역삼1동|APT5517|힐스테이트|16367|1|4|0.056|0.032|0.036|0.031|0.104|0.005|0.026|0.003|0.164|0.008|0.195|0.126|0.026|0.137|0.051
202406|46|43110|11140000|2611000000|부산|강남구|서초동|서초1동|APT8943|푸르지오|10649|1|5|0.218|0.142|0.197|0.089|0.006|0.004|0.068|0.084|0.039|0.027|0.032|0.017|0.038|0.013|0.027
202406|41|42110|41130000|2611000000|부산|수원시|서초동|역삼1동|APT5719|자이|3569|2|2|0.026|0.046|0.06|0.015|0.062|0.052|0.026|0.112|0.048|0.261|0.034|0.227|0.002|0.023|0.005
202406|27|11170|46110000|1120000000|경기|서초구|서초동|서초1동|APT8111|래미안|19936|2|3|0.098|0.079|0.034|0.033|0.102|0.064|0.035|0.036|0.075|0.038|0.195|0.111|0.04|0.007|0.051
202406|27|42110|11200000|2611000000|부산|수원시|인계동|서초1동|APT4307|래미안|13039|2|4|0.03|0.005|0.245|0.007|0.033|0.072|0.129|0.069|0.02|0.086|0.048|0.04|0.095|0.057|0.063
202406|42|46110|11110000|4211000000|경기|강남구|서초동|역삼1동|APT8230|래미안|14910|2|3|0.012|0.056|0.089|0.073|0.068|0.046|0.014|0.092|0.012|0.128|0.036|0.198|0.045|0.037|0.094
202406|47|11170|47110000|4115000000|부산|수원시|역삼동|역삼1동|APT5060|자이|18191|1|4|0.002|0.032|0.035|0.001|0.051|0.012|0.017|0.483|0.005|0.119|0.063|0.038|0.034|0.009|0.099
202406|26|11170|11110000|4611000000|인천|서초구|역삼동|서초1동|APT8574|래미안|5159|x|6|0.15|0.05|0.027|0.192|0.123|0.052|0.014|0.08|0.007|0.11|0.008|0.087|0.067|0.012|0.023
202406|46|46110|41130000|4211000000|부산|서초구|서초동|역삼1동|APT2205|자이|5481|1|3|0.028|0.016|0.032|0.189|0.057|0.014|0.063|0.074|0.058|0.095|0.045|0.011|0.069|0.079|0.169
202406|45|28110|46110000|4711000000|인천|수원시|역삼동|서초1동|APT6859|힐스테이트|8370|1|5|0.005|0.15|0.228|0.016|0.06|0.04|0.131|0.016|0.048|0.125|0.039|0.025|0.02|0.07|0.027
202406|11|26110|47110000|1117000000|인천|강남구|역삼동|역삼1동|APT1097|자이|6662|1|3|0.011|0.022|0.036|0.076|0.046|0.002|0.072|0.001|0.042|0.152|0.037|0.079|0.026|0.304|0.095
202406|47|28110|44130000|4115000000|인천|강남구|인계동|역삼1동|APT4339|힐스테이트|17142|1|5|0.024|0.069|0.197|0.114|0.097|0.158|0.027|0.008|0.006|0.029|0.154|0.027|0.016|0.058|0.016
202406|41|41150|11170000|4711000000|서울|수원시|서초동|서초1동|APT7431|푸르지오|9676|1|6|0.09|0.032|0.143|0.02|0.022|0.187|0.024|0.063|0.062|0.014|0.075|0.098|0.103|0.066|0.002
202406|47|41130|27110000|2711000000|경기|수원시|인계동|역삼1동|APT3568|힐스테이트|9082|2|6|0.202|0.014|0.053|0.103|0.091|0.004|0.055|0.113|0.053|0.082|0.043|0.043|0.044|0.013|0.087
202406|27|46110|44130000|4211000000|경기|수원시|서초동|서초1동|APT1370|힐스테이트|3098|2|6|0.036|0.021|0.004|0.097|0.077|0.06|0.098|0.297|0.03|0.046|0.011|0.043|0.014|0.048|0.118
202406|45|11140|43110000|4113000000|인천|서초구|인계동|서초1동|APT6194|래미안|13828|2|3|0.017|0.041|0.006|0.0|0.07|0.039|0.13|0.291|0.004|0.056|0.025|0.076|0.145|0.083|0.016
202406|43|42110|11200000|1120000000|서울|서초구|서초동|서초1동|APT2734|힐스테이트|4562|x|5|0.001|0.004|0.002|0.017|0.023|0.049|0.162|0.057|0.135|0.035|0.237|0.171|0.049|0.029|0.028
202406|44|28110|11170000|1114000000|경기|수원시|인계동|역삼1동|APT5216|자이|13256|1|6|0.021|0.006|0.1|0.09|0.067|0.061|0.122|0.091|0.024|0.016|0.057|0.049|0.035|0.239|0.022
